Time, Low SF-CA, Low HA-CP, High SF-CA, High HA-CP 
100.000000, 1.643401, 1.790546, 18.047306, 20.591730, 
