Time, Low SF-CA, Low HA-CP, High SF-CA, High HA-CP 
100.000000, 1.637567, 1.789411, 18.063569, 20.592890, 
