s,C,C,C,C,C,C,C,C,C,C,C,C,C,C,C,C,C,C,C,C,C,C,C,C,C,C,C,C,C,C,C,C,C,C,C,C,C,C,C,C,C,C,C,C,C,C,C,C,C,C,C,C,C,C,C,C,C,C,C,C,C,C,C,C,C,C,C,C,C,C,C,C,C,C,C,C,C,C,C,C,C,C,C,C,C,C,C,C,C,C,C,C,C,C,C,C,C,C,C,C,C,C,C,C,mol/mol,mol/mol,mol/mol,mol/mol,mol/mol,mol/mol,
Time,TC_001,TC_002,TC_003,TC_004,TC_005,TC_006,TC_007,TC_008,TC_009,TC_010,TC_011,TC_012,TC_013,TC_014,TC_015,TC_016,TC_017,TC_018,TC_019,TC_020,TC_021,TC_022,TC_023,TC_024,TC_025,TC_026,TC_027,TC_028,TC_029,TC_030,TC_031,TC_032,TC_033,TC_034,TC_035,TC_036,TC_037,TC_038,TC_039,TC_040,TC_041,TC_042,TC_043,TC_044,TC_045,TC_046,TC_047,TC_048,TC_049,TC_050,TC_051,TC_052,TC_053,TC_054,TC_055,TC_056,TC_057,TC_058,TC_059,TC_060,TC_061,TC_062,TC_063,TC_064,TC_065,TC_066,TC_067,TC_068,TC_069,TC_070,TC_071,TC_072,TC_073,TC_074,TC_075,TC_076,TC_077,TC_078,TC_079,TC_080,TC_081,TC_082,TC_083,TC_084,TC_085,TC_086,TC_087,TC_088,TC_089,TC_090,TC_091,TC_092,TC_093,TC_094,TC_095,TC_096,TC_097,TC_098,TC_099,TC_100,TC_101,TC_102,TC_103,TC_104,O2_FLOOR,CO2_FLOOR,CO_FLOOR,O2_VENT,CO2_VENT,CO_VENT,Acts
 0.000E+000, 1.800E+001, 1.800E+001, 1.800E+001, 1.800E+001, 1.800E+001, 1.800E+001, 1.800E+001, 1.800E+001, 1.800E+001, 1.800E+001, 1.800E+001, 1.800E+001, 1.800E+001, 1.800E+001, 1.800E+001, 1.800E+001, 1.800E+001, 1.800E+001, 1.800E+001, 1.800E+001, 1.800E+001, 1.800E+001, 1.800E+001, 1.800E+001, 1.800E+001, 1.800E+001, 1.800E+001, 1.800E+001, 1.800E+001, 1.800E+001, 1.800E+001, 1.800E+001, 1.800E+001, 1.800E+001, 1.800E+001, 1.800E+001, 1.800E+001, 1.800E+001, 1.800E+001, 1.800E+001, 1.800E+001, 1.800E+001, 1.800E+001, 1.800E+001, 1.800E+001, 1.800E+001, 1.800E+001, 1.800E+001, 1.800E+001, 1.800E+001, 1.800E+001, 1.800E+001, 1.800E+001, 1.800E+001, 1.800E+001, 1.800E+001, 1.800E+001, 1.800E+001, 1.800E+001, 1.800E+001, 1.800E+001, 1.800E+001, 1.800E+001, 1.800E+001, 1.800E+001, 1.800E+001, 1.800E+001, 1.800E+001, 1.800E+001, 1.800E+001, 1.800E+001, 1.800E+001, 1.800E+001, 1.800E+001, 1.800E+001, 1.800E+001, 1.800E+001, 1.800E+001, 1.800E+001, 1.800E+001, 1.800E+001, 1.800E+001, 1.800E+001, 1.800E+001, 1.800E+001, 1.800E+001, 1.800E+001, 1.800E+001, 1.800E+001, 1.800E+001, 1.800E+001, 1.800E+001, 1.800E+001, 1.800E+001, 1.800E+001, 1.800E+001, 1.800E+001, 1.800E+001, 1.800E+001, 1.800E+001, 1.800E+001, 1.800E+001, 1.800E+001, 1.800E+001, 2.078E-001, 3.868E-004, 0.000E+000, 2.078E-001, 3.868E-004, 0.000E+000, 0.000E+000
 1.003E+001, 1.801E+001, 1.801E+001, 1.801E+001, 1.801E+001, 1.801E+001, 1.802E+001, 1.802E+001, 1.802E+001, 1.803E+001, 1.800E+001, 1.815E+001, 1.801E+001, 1.801E+001, 1.801E+001, 1.801E+001, 1.801E+001, 1.801E+001, 1.801E+001, 1.802E+001, 1.802E+001, 1.800E+001, 1.805E+001, 1.801E+001, 1.801E+001, 1.801E+001, 1.801E+001, 1.804E+001, 1.815E+001, 1.825E+001, 1.850E+001, 1.885E+001, 1.800E+001, 1.804E+001, 1.800E+001, 1.800E+001, 1.800E+001, 1.800E+001, 1.800E+001, 1.800E+001, 1.800E+001, 1.800E+001, 1.800E+001, 1.801E+001, 1.801E+001, 1.800E+001, 1.800E+001, 1.801E+001, 1.801E+001, 1.801E+001, 1.801E+001, 1.802E+001, 1.802E+001, 1.801E+001, 1.801E+001, 1.802E+001, 1.802E+001, 1.801E+001, 1.801E+001, 1.801E+001, 1.801E+001, 1.800E+001, 1.801E+001, 1.801E+001, 1.801E+001, 1.801E+001, 1.801E+001, 1.801E+001, 1.800E+001, 1.800E+001, 1.800E+001, 1.801E+001, 1.800E+001, 1.801E+001, 1.801E+001, 1.800E+001, 1.801E+001, 1.801E+001, 1.800E+001, 1.800E+001, 1.801E+001, 1.800E+001, 1.800E+001, 1.800E+001, 1.800E+001, 1.800E+001, 1.800E+001, 1.800E+001, 1.801E+001, 1.801E+001, 1.800E+001, 1.800E+001, 1.800E+001, 1.800E+001, 1.800E+001, 1.800E+001, 1.800E+001, 1.800E+001, 1.800E+001, 1.800E+001, 1.800E+001, 1.800E+001, 1.800E+001, 1.800E+001, 1.800E+001, 2.078E-001, 3.868E-004, 4.159E-089, 2.078E-001, 3.868E-004, 2.594E-035, 0.000E+000
 2.001E+001, 2.122E+001, 1.905E+001, 1.818E+001, 1.822E+001, 1.828E+001, 1.833E+001, 1.836E+001, 1.843E+001, 1.851E+001, 1.800E+001, 2.092E+001, 1.950E+001, 1.865E+001, 1.825E+001, 1.826E+001, 1.827E+001, 1.828E+001, 1.829E+001, 1.833E+001, 1.838E+001, 1.800E+001, 2.287E+001, 4.255E+001, 4.377E+001, 4.795E+001, 5.212E+001, 5.669E+001, 6.160E+001, 6.420E+001, 6.950E+001, 7.483E+001, 1.800E+001, 1.852E+001, 1.808E+001, 1.807E+001, 1.806E+001, 1.805E+001, 1.804E+001, 1.803E+001, 1.803E+001, 1.803E+001, 1.804E+001, 2.328E+001, 2.361E+001, 2.350E+001, 2.292E+001, 2.364E+001, 2.383E+001, 2.351E+001, 2.170E+001, 2.728E+001, 2.761E+001, 2.110E+001, 2.184E+001, 2.903E+001, 2.806E+001, 2.162E+001, 1.979E+001, 2.010E+001, 2.102E+001, 1.942E+001, 1.813E+001, 1.820E+001, 1.815E+001, 1.811E+001, 2.446E+001, 2.031E+001, 1.805E+001, 1.802E+001, 1.828E+001, 2.421E+001, 1.802E+001, 1.811E+001, 1.855E+001, 1.802E+001, 1.812E+001, 1.859E+001, 1.800E+001, 1.802E+001, 1.841E+001, 1.801E+001, 1.803E+001, 1.805E+001, 1.800E+001, 1.800E+001, 1.803E+001, 1.802E+001, 1.812E+001, 1.811E+001, 1.802E+001, 1.800E+001, 1.800E+001, 1.801E+001, 1.800E+001, 1.802E+001, 1.802E+001, 1.800E+001, 1.800E+001, 1.800E+001, 1.800E+001, 1.800E+001, 1.800E+001, 1.800E+001, 1.800E+001, 2.078E-001, 3.868E-004, 3.413E-076, 2.061E-001, 1.393E-003, 3.152E-006, 0.000E+000
 3.001E+001, 3.795E+001, 2.554E+001, 1.920E+001, 1.906E+001, 1.926E+001, 1.950E+001, 1.963E+001, 1.993E+001, 2.028E+001, 1.800E+001, 3.047E+001, 2.840E+001, 2.250E+001, 1.921E+001, 1.911E+001, 1.916E+001, 1.924E+001, 1.929E+001, 1.943E+001, 1.963E+001, 1.800E+001, 4.025E+001, 9.090E+001, 8.901E+001, 9.185E+001, 9.730E+001, 1.031E+002, 1.098E+002, 1.130E+002, 1.223E+002, 1.343E+002, 1.800E+001, 2.025E+001, 2.033E+001, 1.915E+001, 1.824E+001, 1.820E+001, 1.817E+001, 1.815E+001, 1.815E+001, 1.815E+001, 1.819E+001, 4.572E+001, 4.662E+001, 4.803E+001, 4.805E+001, 4.612E+001, 4.497E+001, 4.327E+001, 4.423E+001, 5.870E+001, 5.767E+001, 4.288E+001, 4.095E+001, 6.070E+001, 6.026E+001, 3.914E+001, 3.468E+001, 3.436E+001, 3.534E+001, 3.478E+001, 2.541E+001, 2.958E+001, 2.954E+001, 2.653E+001, 4.895E+001, 3.648E+001, 2.559E+001, 3.157E+001, 2.683E+001, 4.726E+001, 2.113E+001, 2.532E+001, 3.462E+001, 2.000E+001, 2.332E+001, 2.967E+001, 1.843E+001, 2.101E+001, 2.790E+001, 1.823E+001, 1.998E+001, 2.357E+001, 1.801E+001, 1.879E+001, 1.923E+001, 1.954E+001, 2.274E+001, 2.239E+001, 2.015E+001, 1.803E+001, 1.801E+001, 1.803E+001, 1.802E+001, 1.845E+001, 1.852E+001, 1.804E+001, 1.802E+001, 1.802E+001, 1.802E+001, 1.801E+001, 1.802E+001, 1.802E+001, 1.801E+001, 2.078E-001, 3.868E-004, 1.042E-055, 2.028E-001, 3.275E-003, 9.046E-006, 0.000E+000
 4.001E+001, 4.573E+001, 3.329E+001, 2.221E+001, 2.150E+001, 2.203E+001, 2.267E+001, 2.293E+001, 2.367E+001, 2.450E+001, 1.800E+001, 4.685E+001, 5.238E+001, 3.940E+001, 2.567E+001, 2.131E+001, 2.103E+001, 2.131E+001, 2.147E+001, 2.185E+001, 2.228E+001, 1.800E+001, 6.546E+001, 1.193E+002, 1.139E+002, 1.135E+002, 1.197E+002, 1.286E+002, 1.389E+002, 1.446E+002, 1.587E+002, 1.744E+002, 1.800E+001, 2.487E+001, 3.052E+001, 2.406E+001, 1.867E+001, 1.854E+001, 1.848E+001, 1.845E+001, 1.845E+001, 1.848E+001, 1.857E+001, 7.180E+001, 7.078E+001, 7.027E+001, 6.986E+001, 7.085E+001, 7.113E+001, 7.298E+001, 6.314E+001, 8.258E+001, 8.011E+001, 6.652E+001, 5.998E+001, 9.642E+001, 9.830E+001, 6.975E+001, 5.465E+001, 5.966E+001, 5.615E+001, 5.865E+001, 4.213E+001, 5.069E+001, 4.765E+001, 4.424E+001, 7.223E+001, 5.976E+001, 4.435E+001, 4.815E+001, 4.131E+001, 8.288E+001, 3.631E+001, 4.390E+001, 5.365E+001, 3.664E+001, 4.065E+001, 4.666E+001, 3.104E+001, 3.637E+001, 4.536E+001, 2.744E+001, 3.250E+001, 3.705E+001, 2.419E+001, 2.798E+001, 3.083E+001, 3.492E+001, 3.893E+001, 3.843E+001, 3.425E+001, 2.161E+001, 2.354E+001, 2.449E+001, 2.742E+001, 3.051E+001, 2.998E+001, 2.712E+001, 1.967E+001, 1.950E+001, 2.032E+001, 2.286E+001, 2.326E+001, 2.337E+001, 2.152E+001, 2.078E-001, 3.868E-004, 7.228E-041, 2.011E-001, 4.313E-003, 1.230E-005, 0.000E+000
 5.001E+001, 6.696E+001, 4.988E+001, 2.696E+001, 2.654E+001, 2.718E+001, 2.801E+001, 2.843E+001, 2.949E+001, 3.070E+001, 1.801E+001, 6.756E+001, 7.430E+001, 5.740E+001, 3.656E+001, 2.537E+001, 2.459E+001, 2.496E+001, 2.517E+001, 2.558E+001, 2.601E+001, 1.802E+001, 1.036E+002, 1.548E+002, 1.434E+002, 1.353E+002, 1.379E+002, 1.449E+002, 1.563E+002, 1.639E+002, 1.844E+002, 2.092E+002, 1.800E+001, 3.045E+001, 4.228E+001, 3.256E+001, 2.085E+001, 1.961E+001, 1.913E+001, 1.894E+001, 1.895E+001, 1.903E+001, 1.919E+001, 7.113E+001, 7.306E+001, 7.221E+001, 7.528E+001, 7.583E+001, 7.332E+001, 7.025E+001, 8.776E+001, 1.103E+002, 1.163E+002, 9.106E+001, 7.838E+001, 1.342E+002, 1.400E+002, 9.077E+001, 7.131E+001, 7.054E+001, 7.373E+001, 8.063E+001, 5.493E+001, 5.721E+001, 6.121E+001, 6.393E+001, 9.603E+001, 7.410E+001, 5.325E+001, 5.636E+001, 5.913E+001, 1.098E+002, 5.534E+001, 6.554E+001, 7.537E+001, 5.058E+001, 5.517E+001, 6.273E+001, 4.495E+001, 4.852E+001, 5.640E+001, 3.967E+001, 4.569E+001, 4.950E+001, 3.740E+001, 3.658E+001, 4.191E+001, 4.448E+001, 5.243E+001, 5.571E+001, 5.294E+001, 3.185E+001, 3.405E+001, 3.978E+001, 3.887E+001, 4.826E+001, 4.815E+001, 4.607E+001, 2.782E+001, 2.947E+001, 3.283E+001, 3.837E+001, 4.361E+001, 4.146E+001, 4.003E+001, 2.078E-001, 3.868E-004, 1.689E-033, 1.994E-001, 5.278E-003, 1.532E-005, 0.000E+000
 6.000E+001, 8.968E+001, 6.142E+001, 3.242E+001, 3.232E+001, 3.303E+001, 3.403E+001, 3.454E+001, 3.589E+001, 3.751E+001, 1.804E+001, 8.928E+001, 9.907E+001, 7.603E+001, 4.903E+001, 3.102E+001, 2.902E+001, 2.924E+001, 2.937E+001, 2.964E+001, 2.997E+001, 1.807E+001, 1.590E+002, 2.052E+002, 1.867E+002, 1.771E+002, 1.813E+002, 1.930E+002, 2.119E+002, 2.253E+002, 2.574E+002, 2.983E+002, 1.801E+001, 3.564E+001, 5.106E+001, 4.122E+001, 2.808E+001, 2.520E+001, 2.332E+001, 2.198E+001, 2.129E+001, 2.041E+001, 2.031E+001, 7.355E+001, 7.544E+001, 8.181E+001, 8.296E+001, 8.082E+001, 8.117E+001, 7.525E+001, 1.124E+002, 1.418E+002, 1.558E+002, 1.211E+002, 1.064E+002, 1.727E+002, 1.839E+002, 1.199E+002, 8.976E+001, 8.485E+001, 8.741E+001, 1.075E+002, 6.406E+001, 5.769E+001, 6.642E+001, 8.883E+001, 1.300E+002, 8.847E+001, 6.166E+001, 5.433E+001, 7.726E+001, 1.354E+002, 7.492E+001, 8.666E+001, 9.783E+001, 6.815E+001, 7.445E+001, 8.391E+001, 6.002E+001, 6.425E+001, 7.855E+001, 5.329E+001, 6.134E+001, 6.468E+001, 5.133E+001, 5.254E+001, 5.321E+001, 5.194E+001, 5.053E+001, 6.179E+001, 7.376E+001, 4.535E+001, 4.584E+001, 4.695E+001, 4.618E+001, 4.680E+001, 5.697E+001, 6.616E+001, 3.929E+001, 4.022E+001, 4.044E+001, 4.456E+001, 4.697E+001, 5.376E+001, 6.018E+001, 2.078E-001, 3.868E-004, 9.595E-026, 1.964E-001, 7.058E-003, 2.090E-005, 1.000E+000
 7.000E+001, 9.469E+001, 7.574E+001, 4.053E+001, 3.393E+001, 3.430E+001, 3.512E+001, 3.562E+001, 3.688E+001, 3.886E+001, 1.812E+001, 8.587E+001, 1.028E+002, 9.036E+001, 7.037E+001, 4.759E+001, 3.791E+001, 3.428E+001, 3.297E+001, 3.079E+001, 3.066E+001, 1.821E+001, 1.916E+002, 2.390E+002, 2.271E+002, 2.216E+002, 2.243E+002, 2.376E+002, 2.579E+002, 2.703E+002, 3.026E+002, 3.439E+002, 1.803E+001, 3.924E+001, 6.108E+001, 5.535E+001, 4.328E+001, 3.757E+001, 3.365E+001, 2.949E+001, 2.744E+001, 2.565E+001, 2.550E+001, 7.106E+001, 7.120E+001, 7.730E+001, 7.722E+001, 7.633E+001, 7.492E+001, 6.836E+001, 1.155E+002, 1.516E+002, 1.652E+002, 1.313E+002, 1.062E+002, 1.448E+002, 1.280E+002, 1.221E+002, 9.157E+001, 8.678E+001, 8.645E+001, 1.068E+002, 6.828E+001, 6.246E+001, 7.252E+001, 9.680E+001, 1.286E+002, 9.517E+001, 6.402E+001, 5.635E+001, 8.559E+001, 1.256E+002, 8.338E+001, 9.185E+001, 1.031E+002, 7.599E+001, 8.110E+001, 8.866E+001, 7.142E+001, 7.090E+001, 7.850E+001, 6.651E+001, 6.999E+001, 7.207E+001, 6.442E+001, 6.526E+001, 6.306E+001, 5.549E+001, 5.429E+001, 7.075E+001, 8.690E+001, 5.976E+001, 5.749E+001, 5.428E+001, 5.028E+001, 5.477E+001, 6.880E+001, 8.071E+001, 5.290E+001, 5.148E+001, 4.797E+001, 4.853E+001, 5.498E+001, 6.605E+001, 7.858E+001, 2.078E-001, 3.868E-004, 1.367E-023, 1.947E-001, 6.976E-003, 2.065E-005, 2.000E+000
 8.001E+001, 9.201E+001, 7.725E+001, 4.903E+001, 4.142E+001, 3.991E+001, 3.877E+001, 3.838E+001, 3.816E+001, 3.868E+001, 1.828E+001, 7.798E+001, 9.969E+001, 9.141E+001, 7.524E+001, 6.164E+001, 5.405E+001, 4.338E+001, 3.868E+001, 3.243E+001, 3.137E+001, 1.849E+001, 1.891E+002, 2.065E+002, 1.933E+002, 1.866E+002, 1.956E+002, 2.156E+002, 2.433E+002, 2.599E+002, 2.972E+002, 3.470E+002, 1.806E+001, 4.042E+001, 6.798E+001, 6.401E+001, 5.253E+001, 4.718E+001, 4.243E+001, 3.048E+001, 2.617E+001, 2.482E+001, 2.446E+001, 7.452E+001, 7.080E+001, 7.098E+001, 7.182E+001, 7.240E+001, 7.054E+001, 6.132E+001, 1.296E+002, 1.531E+002, 1.233E+002, 1.190E+002, 1.146E+002, 1.151E+002, 1.044E+002, 1.122E+002, 9.155E+001, 8.672E+001, 8.599E+001, 9.916E+001, 7.596E+001, 7.122E+001, 7.565E+001, 9.106E+001, 1.265E+002, 9.633E+001, 7.199E+001, 7.149E+001, 8.350E+001, 1.165E+002, 9.070E+001, 9.975E+001, 1.130E+002, 8.384E+001, 8.932E+001, 9.500E+001, 7.485E+001, 7.849E+001, 8.070E+001, 7.016E+001, 7.097E+001, 7.385E+001, 6.700E+001, 6.741E+001, 6.591E+001, 6.357E+001, 6.272E+001, 7.443E+001, 8.587E+001, 6.402E+001, 6.284E+001, 5.913E+001, 5.784E+001, 6.338E+001, 7.356E+001, 8.177E+001, 5.985E+001, 5.939E+001, 5.537E+001, 5.549E+001, 6.325E+001, 7.093E+001, 7.997E+001, 2.074E-001, 3.861E-004, 6.833E-015, 1.915E-001, 7.216E-003, 2.142E-005, 4.000E+000
 9.001E+001, 9.322E+001, 8.472E+001, 5.677E+001, 4.792E+001, 4.243E+001, 3.628E+001, 3.451E+001, 3.342E+001, 3.439E+001, 1.854E+001, 7.373E+001, 9.429E+001, 8.861E+001, 7.540E+001, 6.390E+001, 5.476E+001, 4.058E+001, 3.588E+001, 3.236E+001, 3.150E+001, 1.898E+001, 1.713E+002, 1.844E+002, 1.700E+002, 1.572E+002, 1.605E+002, 1.718E+002, 1.905E+002, 1.999E+002, 2.204E+002, 2.423E+002, 1.813E+001, 4.371E+001, 7.520E+001, 7.095E+001, 6.063E+001, 5.489E+001, 4.560E+001, 2.837E+001, 2.529E+001, 2.324E+001, 2.236E+001, 7.526E+001, 7.104E+001, 7.279E+001, 7.200E+001, 7.449E+001, 7.239E+001, 6.729E+001, 1.210E+002, 1.178E+002, 1.040E+002, 1.028E+002, 1.119E+002, 1.134E+002, 9.116E+001, 1.083E+002, 9.619E+001, 8.847E+001, 8.625E+001, 9.575E+001, 8.567E+001, 7.838E+001, 8.112E+001, 8.922E+001, 1.236E+002, 1.001E+002, 8.095E+001, 7.828E+001, 8.209E+001, 1.137E+002, 9.144E+001, 9.474E+001, 1.034E+002, 8.949E+001, 9.460E+001, 9.891E+001, 8.444E+001, 8.630E+001, 9.083E+001, 7.921E+001, 7.901E+001, 8.147E+001, 7.249E+001, 7.406E+001, 7.352E+001, 7.228E+001, 7.065E+001, 7.696E+001, 8.576E+001, 6.781E+001, 6.777E+001, 6.578E+001, 6.391E+001, 6.774E+001, 7.543E+001, 8.260E+001, 6.379E+001, 6.096E+001, 5.927E+001, 6.442E+001, 6.792E+001, 7.414E+001, 8.011E+001, 2.072E-001, 3.866E-004, 2.475E-009, 1.854E-001, 9.131E-003, 2.744E-005, 4.000E+000
 1.000E+002, 9.660E+001, 8.924E+001, 5.912E+001, 5.057E+001, 4.661E+001, 4.327E+001, 4.132E+001, 3.734E+001, 3.567E+001, 1.891E+001, 7.655E+001, 9.323E+001, 8.297E+001, 7.448E+001, 6.616E+001, 5.636E+001, 4.440E+001, 4.024E+001, 3.392E+001, 3.179E+001, 1.972E+001, 1.639E+002, 1.745E+002, 1.600E+002, 1.497E+002, 1.543E+002, 1.682E+002, 1.871E+002, 1.981E+002, 2.263E+002, 2.607E+002, 1.823E+001, 4.583E+001, 8.086E+001, 7.770E+001, 6.892E+001, 6.187E+001, 4.394E+001, 2.587E+001, 2.360E+001, 2.240E+001, 2.195E+001, 7.049E+001, 6.964E+001, 7.136E+001, 7.066E+001, 7.698E+001, 7.912E+001, 8.247E+001, 1.005E+002, 1.023E+002, 1.114E+002, 1.009E+002, 1.015E+002, 9.663E+001, 1.081E+002, 1.072E+002, 9.411E+001, 9.125E+001, 9.262E+001, 9.682E+001, 8.768E+001, 8.520E+001, 8.409E+001, 9.023E+001, 1.094E+002, 9.927E+001, 8.726E+001, 8.442E+001, 8.535E+001, 1.213E+002, 8.145E+001, 8.201E+001, 8.627E+001, 8.502E+001, 8.790E+001, 9.014E+001, 8.402E+001, 8.547E+001, 8.991E+001, 8.104E+001, 8.454E+001, 8.563E+001, 7.786E+001, 8.006E+001, 7.981E+001, 8.146E+001, 7.859E+001, 7.924E+001, 8.421E+001, 7.474E+001, 7.521E+001, 7.453E+001, 7.309E+001, 7.383E+001, 7.651E+001, 8.207E+001, 6.824E+001, 6.801E+001, 6.721E+001, 6.685E+001, 6.984E+001, 7.359E+001, 7.981E+001, 2.071E-001, 3.870E-004, 4.426E-009, 1.876E-001, 8.178E-003, 2.445E-005, 4.000E+000
 1.100E+002, 7.646E+001, 7.272E+001, 5.389E+001, 4.599E+001, 4.390E+001, 4.195E+001, 4.112E+001, 3.919E+001, 3.608E+001, 1.937E+001, 7.431E+001, 8.990E+001, 7.820E+001, 6.262E+001, 5.449E+001, 4.872E+001, 4.435E+001, 4.131E+001, 3.440E+001, 3.088E+001, 2.072E+001, 1.674E+002, 1.755E+002, 1.634E+002, 1.527E+002, 1.568E+002, 1.685E+002, 1.852E+002, 1.942E+002, 2.192E+002, 2.558E+002, 1.837E+001, 4.650E+001, 8.079E+001, 7.863E+001, 7.311E+001, 6.854E+001, 4.942E+001, 2.587E+001, 2.251E+001, 2.200E+001, 2.153E+001, 6.471E+001, 6.484E+001, 7.329E+001, 7.315E+001, 7.426E+001, 7.719E+001, 8.455E+001, 9.618E+001, 9.795E+001, 1.342E+002, 1.062E+002, 9.824E+001, 9.558E+001, 9.117E+001, 1.060E+002, 9.272E+001, 8.684E+001, 8.375E+001, 9.467E+001, 8.590E+001, 8.047E+001, 7.930E+001, 8.695E+001, 1.090E+002, 9.193E+001, 8.373E+001, 7.712E+001, 8.125E+001, 1.189E+002, 7.908E+001, 8.321E+001, 8.671E+001, 8.073E+001, 8.465E+001, 8.678E+001, 7.940E+001, 8.202E+001, 8.602E+001, 7.841E+001, 8.184E+001, 8.395E+001, 7.761E+001, 7.922E+001, 7.828E+001, 7.923E+001, 7.609E+001, 7.642E+001, 8.187E+001, 7.586E+001, 7.570E+001, 7.310E+001, 7.600E+001, 7.529E+001, 7.584E+001, 7.955E+001, 7.203E+001, 7.091E+001, 7.124E+001, 7.208E+001, 7.326E+001, 7.490E+001, 7.841E+001, 2.074E-001, 3.862E-004, 6.377E-010, 1.877E-001, 8.128E-003, 2.429E-005, 4.000E+000
 1.200E+002, 8.540E+001, 7.838E+001, 6.122E+001, 5.061E+001, 4.832E+001, 4.727E+001, 4.703E+001, 4.714E+001, 4.498E+001, 1.990E+001, 7.829E+001, 9.192E+001, 7.451E+001, 6.060E+001, 5.463E+001, 4.563E+001, 4.224E+001, 3.907E+001, 3.189E+001, 2.855E+001, 2.191E+001, 1.645E+002, 1.656E+002, 1.542E+002, 1.549E+002, 1.667E+002, 1.844E+002, 2.062E+002, 2.174E+002, 2.463E+002, 2.861E+002, 1.854E+001, 4.650E+001, 7.848E+001, 7.707E+001, 7.259E+001, 7.039E+001, 5.670E+001, 2.572E+001, 2.190E+001, 2.143E+001, 2.117E+001, 7.256E+001, 7.122E+001, 7.942E+001, 8.085E+001, 8.328E+001, 8.606E+001, 9.232E+001, 9.333E+001, 9.559E+001, 1.252E+002, 1.119E+002, 9.447E+001, 9.405E+001, 1.056E+002, 1.128E+002, 9.101E+001, 8.224E+001, 8.953E+001, 9.908E+001, 7.984E+001, 7.680E+001, 8.234E+001, 8.868E+001, 1.038E+002, 8.839E+001, 7.846E+001, 7.747E+001, 8.464E+001, 1.254E+002, 7.937E+001, 8.195E+001, 8.537E+001, 7.791E+001, 8.083E+001, 8.414E+001, 7.702E+001, 7.968E+001, 8.363E+001, 7.614E+001, 7.975E+001, 8.101E+001, 7.606E+001, 7.752E+001, 7.683E+001, 7.673E+001, 7.472E+001, 7.674E+001, 8.259E+001, 7.467E+001, 7.451E+001, 7.351E+001, 7.318E+001, 7.164E+001, 7.566E+001, 7.932E+001, 7.117E+001, 7.113E+001, 6.976E+001, 6.979E+001, 7.029E+001, 7.297E+001, 7.755E+001, 2.075E-001, 3.865E-004, 7.838E-010, 1.834E-001, 1.013E-002, 3.055E-005, 4.000E+000
 1.300E+002, 9.541E+001, 8.938E+001, 6.782E+001, 5.558E+001, 5.044E+001, 4.882E+001, 4.819E+001, 4.733E+001, 4.529E+001, 2.048E+001, 7.759E+001, 9.128E+001, 7.812E+001, 6.564E+001, 5.792E+001, 5.208E+001, 4.493E+001, 3.964E+001, 3.172E+001, 2.945E+001, 2.326E+001, 1.789E+002, 1.990E+002, 1.965E+002, 2.089E+002, 2.316E+002, 2.592E+002, 2.913E+002, 3.094E+002, 3.493E+002, 3.913E+002, 1.874E+001, 4.816E+001, 7.926E+001, 7.613E+001, 7.152E+001, 7.007E+001, 5.965E+001, 2.841E+001, 2.239E+001, 2.125E+001, 2.109E+001, 8.036E+001, 7.905E+001, 8.241E+001, 8.269E+001, 8.454E+001, 8.653E+001, 9.360E+001, 9.772E+001, 1.012E+002, 1.310E+002, 1.042E+002, 1.008E+002, 1.062E+002, 1.018E+002, 1.025E+002, 9.496E+001, 9.446E+001, 9.164E+001, 9.537E+001, 8.434E+001, 8.346E+001, 8.242E+001, 8.828E+001, 1.102E+002, 9.727E+001, 8.148E+001, 8.308E+001, 8.478E+001, 1.145E+002, 7.921E+001, 7.972E+001, 8.670E+001, 7.654E+001, 8.226E+001, 8.888E+001, 7.495E+001, 7.962E+001, 8.455E+001, 7.497E+001, 7.771E+001, 8.208E+001, 7.381E+001, 7.608E+001, 7.801E+001, 7.378E+001, 7.621E+001, 7.891E+001, 8.397E+001, 7.215E+001, 7.367E+001, 7.211E+001, 6.988E+001, 7.157E+001, 7.431E+001, 8.015E+001, 7.027E+001, 6.982E+001, 6.669E+001, 6.818E+001, 6.980E+001, 7.371E+001, 7.825E+001, 2.078E-001, 3.868E-004, 3.087E-011, 1.855E-001, 9.284E-003, 2.791E-005, 4.000E+000
 1.400E+002, 9.097E+001, 8.848E+001, 7.060E+001, 6.221E+001, 5.527E+001, 5.335E+001, 5.231E+001, 4.971E+001, 4.024E+001, 2.108E+001, 7.869E+001, 9.287E+001, 8.430E+001, 7.087E+001, 6.259E+001, 5.592E+001, 4.803E+001, 4.246E+001, 3.309E+001, 3.004E+001, 2.471E+001, 1.655E+002, 1.696E+002, 1.576E+002, 1.495E+002, 1.562E+002, 1.698E+002, 1.879E+002, 1.977E+002, 2.212E+002, 2.497E+002, 1.898E+001, 4.904E+001, 7.927E+001, 7.693E+001, 7.178E+001, 6.943E+001, 5.465E+001, 3.073E+001, 2.370E+001, 2.172E+001, 2.125E+001, 8.329E+001, 7.970E+001, 8.499E+001, 8.529E+001, 8.579E+001, 8.522E+001, 9.109E+001, 9.881E+001, 9.635E+001, 1.036E+002, 1.017E+002, 1.065E+002, 1.073E+002, 1.113E+002, 1.044E+002, 9.640E+001, 9.473E+001, 9.450E+001, 9.588E+001, 8.363E+001, 8.706E+001, 8.345E+001, 8.787E+001, 1.116E+002, 9.805E+001, 8.538E+001, 8.361E+001, 8.630E+001, 1.132E+002, 7.948E+001, 8.186E+001, 8.591E+001, 7.928E+001, 8.617E+001, 9.218E+001, 7.884E+001, 8.317E+001, 8.810E+001, 7.747E+001, 7.975E+001, 8.359E+001, 7.305E+001, 7.733E+001, 7.814E+001, 7.828E+001, 8.038E+001, 7.959E+001, 8.257E+001, 7.282E+001, 7.486E+001, 7.406E+001, 7.116E+001, 7.391E+001, 7.537E+001, 7.969E+001, 6.991E+001, 6.996E+001, 6.883E+001, 6.859E+001, 7.106E+001, 7.425E+001, 7.825E+001, 2.078E-001, 3.868E-004, 3.629E-012, 1.860E-001, 8.940E-003, 2.684E-005, 4.000E+000
 1.500E+002, 8.463E+001, 8.223E+001, 6.315E+001, 5.475E+001, 5.226E+001, 5.375E+001, 5.375E+001, 5.249E+001, 4.691E+001, 2.171E+001, 7.899E+001, 9.327E+001, 8.294E+001, 7.084E+001, 6.319E+001, 5.712E+001, 5.040E+001, 4.451E+001, 3.005E+001, 2.784E+001, 2.621E+001, 1.704E+002, 1.792E+002, 1.699E+002, 1.640E+002, 1.694E+002, 1.858E+002, 2.036E+002, 2.151E+002, 2.420E+002, 2.756E+002, 1.924E+001, 5.005E+001, 8.068E+001, 7.893E+001, 7.205E+001, 6.813E+001, 5.407E+001, 3.103E+001, 2.418E+001, 2.184E+001, 2.160E+001, 8.584E+001, 8.478E+001, 8.364E+001, 8.224E+001, 8.426E+001, 8.778E+001, 9.923E+001, 1.072E+002, 1.007E+002, 1.130E+002, 9.014E+001, 1.116E+002, 1.141E+002, 1.089E+002, 1.068E+002, 9.953E+001, 9.325E+001, 9.088E+001, 9.631E+001, 8.642E+001, 8.068E+001, 8.316E+001, 8.944E+001, 1.244E+002, 1.017E+002, 8.318E+001, 8.096E+001, 8.539E+001, 1.108E+002, 8.012E+001, 8.499E+001, 9.056E+001, 8.267E+001, 8.764E+001, 9.476E+001, 8.174E+001, 8.646E+001, 9.370E+001, 7.929E+001, 8.333E+001, 8.503E+001, 7.545E+001, 7.747E+001, 7.708E+001, 7.702E+001, 7.918E+001, 7.935E+001, 8.324E+001, 7.248E+001, 7.259E+001, 7.148E+001, 7.288E+001, 7.533E+001, 7.708E+001, 7.957E+001, 7.016E+001, 6.972E+001, 6.790E+001, 6.989E+001, 7.224E+001, 7.423E+001, 7.771E+001, 2.078E-001, 3.868E-004, 6.660E-013, 1.876E-001, 8.202E-003, 2.452E-005, 6.000E+000
 1.600E+002, 9.948E+001, 9.386E+001, 6.369E+001, 5.300E+001, 5.133E+001, 5.074E+001, 4.982E+001, 4.560E+001, 3.829E+001, 2.234E+001, 7.998E+001, 9.572E+001, 8.261E+001, 6.496E+001, 5.716E+001, 5.210E+001, 4.820E+001, 4.434E+001, 3.437E+001, 3.040E+001, 2.774E+001, 1.717E+002, 1.842E+002, 1.765E+002, 1.775E+002, 1.919E+002, 2.136E+002, 2.405E+002, 2.567E+002, 2.934E+002, 3.414E+002, 1.953E+001, 5.129E+001, 8.241E+001, 7.993E+001, 7.450E+001, 6.844E+001, 5.199E+001, 2.769E+001, 2.305E+001, 2.194E+001, 2.189E+001, 8.991E+001, 8.555E+001, 8.258E+001, 8.166E+001, 8.016E+001, 7.633E+001, 7.603E+001, 1.053E+002, 1.088E+002, 1.074E+002, 7.677E+001, 1.018E+002, 9.995E+001, 1.062E+002, 7.803E+001, 9.419E+001, 9.040E+001, 9.257E+001, 9.574E+001, 8.761E+001, 8.271E+001, 8.259E+001, 8.602E+001, 1.089E+002, 9.671E+001, 8.546E+001, 8.090E+001, 8.461E+001, 1.109E+002, 8.665E+001, 9.107E+001, 9.466E+001, 8.531E+001, 8.841E+001, 9.157E+001, 8.345E+001, 8.566E+001, 8.822E+001, 8.109E+001, 8.383E+001, 8.593E+001, 7.926E+001, 8.116E+001, 8.149E+001, 7.999E+001, 7.585E+001, 7.728E+001, 8.232E+001, 7.665E+001, 7.674E+001, 7.624E+001, 7.247E+001, 7.217E+001, 7.502E+001, 8.009E+001, 7.199E+001, 7.097E+001, 6.876E+001, 7.010E+001, 7.231E+001, 7.401E+001, 7.963E+001, 2.074E-001, 3.897E-004, 1.123E-008, 1.849E-001, 9.423E-003, 2.835E-005, 7.000E+000
 1.700E+002, 9.222E+001, 8.824E+001, 6.816E+001, 5.689E+001, 5.293E+001, 5.047E+001, 4.930E+001, 4.142E+001, 3.371E+001, 2.297E+001, 7.915E+001, 9.230E+001, 7.862E+001, 6.593E+001, 5.863E+001, 5.176E+001, 4.890E+001, 4.751E+001, 4.172E+001, 3.796E+001, 2.926E+001, 1.631E+002, 1.683E+002, 1.589E+002, 1.552E+002, 1.641E+002, 1.794E+002, 2.008E+002, 2.143E+002, 2.451E+002, 2.804E+002, 1.983E+001, 5.124E+001, 7.987E+001, 7.762E+001, 7.348E+001, 6.910E+001, 4.841E+001, 2.542E+001, 2.242E+001, 2.175E+001, 2.172E+001, 9.435E+001, 9.012E+001, 8.130E+001, 8.174E+001, 7.947E+001, 7.978E+001, 7.702E+001, 8.476E+001, 1.036E+002, 1.084E+002, 7.403E+001, 1.017E+002, 9.924E+001, 1.003E+002, 6.720E+001, 9.263E+001, 8.917E+001, 9.287E+001, 9.355E+001, 8.206E+001, 8.205E+001, 8.369E+001, 8.134E+001, 1.081E+002, 9.076E+001, 8.218E+001, 8.235E+001, 8.288E+001, 1.081E+002, 8.268E+001, 8.497E+001, 8.731E+001, 8.222E+001, 8.486E+001, 9.115E+001, 8.095E+001, 8.344E+001, 8.712E+001, 7.955E+001, 8.191E+001, 8.341E+001, 7.766E+001, 7.909E+001, 7.861E+001, 7.995E+001, 7.917E+001, 7.940E+001, 7.815E+001, 7.595E+001, 7.637E+001, 7.574E+001, 7.584E+001, 7.365E+001, 7.509E+001, 7.645E+001, 7.359E+001, 7.297E+001, 7.121E+001, 7.018E+001, 7.238E+001, 7.343E+001, 7.599E+001, 2.067E-001, 3.946E-004, 3.021E-008, 1.865E-001, 8.806E-003, 2.642E-005, 7.000E+000
 1.800E+002, 8.856E+001, 8.616E+001, 6.553E+001, 5.231E+001, 4.625E+001, 4.826E+001, 4.793E+001, 4.064E+001, 3.425E+001, 2.359E+001, 7.626E+001, 8.554E+001, 7.320E+001, 5.708E+001, 5.097E+001, 4.682E+001, 4.393E+001, 4.254E+001, 3.925E+001, 3.659E+001, 3.077E+001, 1.856E+002, 2.040E+002, 1.999E+002, 2.058E+002, 2.238E+002, 2.500E+002, 2.859E+002, 3.069E+002, 3.548E+002, 4.101E+002, 2.014E+001, 5.164E+001, 7.918E+001, 7.684E+001, 7.270E+001, 6.884E+001, 4.648E+001, 2.530E+001, 2.284E+001, 2.188E+001, 2.159E+001, 8.142E+001, 7.906E+001, 8.159E+001, 8.379E+001, 8.698E+001, 8.768E+001, 9.137E+001, 8.123E+001, 1.086E+002, 1.198E+002, 8.189E+001, 9.464E+001, 1.102E+002, 9.436E+001, 6.307E+001, 9.766E+001, 9.308E+001, 8.990E+001, 8.754E+001, 8.307E+001, 8.076E+001, 8.112E+001, 7.960E+001, 1.194E+002, 9.663E+001, 8.240E+001, 7.916E+001, 8.040E+001, 1.023E+002, 8.140E+001, 8.255E+001, 8.833E+001, 7.986E+001, 8.407E+001, 8.971E+001, 7.815E+001, 8.330E+001, 8.937E+001, 7.955E+001, 8.262E+001, 8.477E+001, 7.743E+001, 7.808E+001, 7.741E+001, 7.625E+001, 7.630E+001, 7.636E+001, 7.451E+001, 7.575E+001, 7.567E+001, 7.387E+001, 7.261E+001, 7.335E+001, 7.372E+001, 7.250E+001, 7.213E+001, 7.269E+001, 7.082E+001, 6.972E+001, 7.077E+001, 7.160E+001, 7.237E+001, 2.071E-001, 4.041E-004, 5.752E-008, 1.855E-001, 9.008E-003, 2.705E-005, 8.000E+000
 1.900E+002, 8.245E+001, 7.621E+001, 5.926E+001, 4.770E+001, 4.492E+001, 4.495E+001, 4.398E+001, 4.031E+001, 3.476E+001, 2.420E+001, 7.626E+001, 8.672E+001, 7.699E+001, 5.833E+001, 5.069E+001, 4.684E+001, 4.291E+001, 4.246E+001, 3.999E+001, 3.715E+001, 3.223E+001, 1.832E+002, 1.870E+002, 1.810E+002, 1.821E+002, 1.964E+002, 2.163E+002, 2.427E+002, 2.589E+002, 2.970E+002, 3.451E+002, 2.047E+001, 5.160E+001, 7.707E+001, 7.345E+001, 7.050E+001, 6.538E+001, 4.497E+001, 2.411E+001, 2.237E+001, 2.169E+001, 2.116E+001, 8.669E+001, 8.606E+001, 8.588E+001, 8.687E+001, 8.768E+001, 8.850E+001, 9.131E+001, 7.641E+001, 1.054E+002, 1.245E+002, 8.140E+001, 6.972E+001, 9.939E+001, 9.825E+001, 6.897E+001, 9.392E+001, 9.136E+001, 9.186E+001, 8.482E+001, 8.489E+001, 8.011E+001, 7.966E+001, 7.706E+001, 1.074E+002, 9.574E+001, 8.125E+001, 7.803E+001, 7.702E+001, 1.128E+002, 8.002E+001, 8.218E+001, 8.460E+001, 7.686E+001, 8.267E+001, 8.695E+001, 7.848E+001, 8.439E+001, 8.656E+001, 7.931E+001, 8.345E+001, 8.400E+001, 7.766E+001, 7.819E+001, 7.774E+001, 7.578E+001, 7.462E+001, 7.261E+001, 7.288E+001, 7.555E+001, 7.462E+001, 7.373E+001, 7.126E+001, 7.043E+001, 7.024E+001, 7.118E+001, 7.167E+001, 7.167E+001, 7.037E+001, 6.853E+001, 6.733E+001, 6.915E+001, 7.069E+001, 2.071E-001, 3.980E-004, 3.866E-008, 1.850E-001, 9.130E-003, 2.743E-005, 8.000E+000
 2.000E+002, 8.600E+001, 8.213E+001, 6.077E+001, 4.717E+001, 4.136E+001, 4.007E+001, 3.976E+001, 3.701E+001, 3.295E+001, 2.480E+001, 7.786E+001, 8.702E+001, 7.526E+001, 5.798E+001, 5.195E+001, 4.725E+001, 4.318E+001, 4.234E+001, 3.935E+001, 3.597E+001, 3.366E+001, 1.701E+002, 1.740E+002, 1.610E+002, 1.552E+002, 1.604E+002, 1.709E+002, 1.863E+002, 1.956E+002, 2.187E+002, 2.455E+002, 2.080E+001, 5.050E+001, 7.437E+001, 7.174E+001, 6.893E+001, 6.398E+001, 4.858E+001, 2.416E+001, 2.179E+001, 2.122E+001, 2.088E+001, 8.289E+001, 7.934E+001, 7.754E+001, 7.931E+001, 8.377E+001, 8.493E+001, 9.083E+001, 7.116E+001, 9.758E+001, 1.211E+002, 8.858E+001, 6.924E+001, 9.519E+001, 1.046E+002, 7.100E+001, 8.882E+001, 8.755E+001, 8.566E+001, 9.015E+001, 7.928E+001, 7.804E+001, 7.748E+001, 7.942E+001, 1.033E+002, 9.008E+001, 7.899E+001, 7.588E+001, 7.686E+001, 1.202E+002, 7.495E+001, 7.685E+001, 7.679E+001, 7.301E+001, 7.857E+001, 8.137E+001, 7.474E+001, 7.905E+001, 8.184E+001, 7.654E+001, 7.815E+001, 7.626E+001, 7.515E+001, 7.635E+001, 7.436E+001, 7.229E+001, 7.040E+001, 6.910E+001, 7.393E+001, 7.393E+001, 7.360E+001, 7.185E+001, 6.982E+001, 6.801E+001, 6.732E+001, 7.112E+001, 7.101E+001, 6.994E+001, 7.083E+001, 6.776E+001, 6.566E+001, 6.700E+001, 6.963E+001, 2.065E-001, 4.026E-004, 5.670E-008, 1.859E-001, 8.513E-003, 2.550E-005, 8.000E+000
 2.100E+002, 9.219E+001, 8.405E+001, 5.665E+001, 4.381E+001, 4.130E+001, 3.931E+001, 3.894E+001, 3.579E+001, 3.278E+001, 2.537E+001, 7.732E+001, 9.084E+001, 8.180E+001, 6.606E+001, 5.393E+001, 4.365E+001, 4.204E+001, 4.122E+001, 3.770E+001, 3.293E+001, 3.504E+001, 2.084E+002, 2.246E+002, 2.232E+002, 2.300E+002, 2.518E+002, 2.790E+002, 3.134E+002, 3.331E+002, 3.794E+002, 4.372E+002, 2.113E+001, 4.997E+001, 7.280E+001, 7.070E+001, 6.674E+001, 6.246E+001, 4.921E+001, 2.622E+001, 2.228E+001, 2.122E+001, 2.079E+001, 7.785E+001, 7.524E+001, 7.787E+001, 7.890E+001, 8.650E+001, 8.629E+001, 9.281E+001, 8.028E+001, 1.206E+002, 1.229E+002, 7.789E+001, 6.343E+001, 1.015E+002, 1.010E+002, 7.405E+001, 9.152E+001, 9.080E+001, 8.681E+001, 8.951E+001, 7.976E+001, 7.810E+001, 7.722E+001, 7.978E+001, 1.068E+002, 9.294E+001, 8.066E+001, 7.501E+001, 7.686E+001, 1.204E+002, 7.310E+001, 7.490E+001, 7.675E+001, 6.848E+001, 7.338E+001, 7.892E+001, 7.030E+001, 7.438E+001, 8.042E+001, 7.355E+001, 7.546E+001, 7.625E+001, 7.152E+001, 7.295E+001, 7.057E+001, 6.839E+001, 6.717E+001, 6.914E+001, 7.359E+001, 7.062E+001, 7.122E+001, 6.996E+001, 6.804E+001, 6.442E+001, 6.733E+001, 7.275E+001, 6.902E+001, 6.962E+001, 6.911E+001, 6.705E+001, 6.480E+001, 6.884E+001, 7.218E+001, 2.060E-001, 5.051E-004, 3.797E-007, 1.829E-001, 9.763E-003, 2.942E-005, 8.000E+000
 2.200E+002, 8.872E+001, 8.261E+001, 6.247E+001, 4.197E+001, 3.265E+001, 3.120E+001, 3.143E+001, 3.197E+001, 3.325E+001, 2.593E+001, 8.013E+001, 9.441E+001, 8.245E+001, 6.551E+001, 5.279E+001, 4.463E+001, 4.031E+001, 3.853E+001, 3.614E+001, 3.307E+001, 3.637E+001, 2.061E+002, 2.218E+002, 2.151E+002, 2.152E+002, 2.288E+002, 2.519E+002, 2.840E+002, 3.047E+002, 3.477E+002, 3.962E+002, 2.146E+001, 4.966E+001, 7.183E+001, 6.954E+001, 6.462E+001, 5.839E+001, 4.657E+001, 3.005E+001, 2.332E+001, 2.110E+001, 2.065E+001, 8.021E+001, 8.049E+001, 8.578E+001, 8.670E+001, 8.579E+001, 8.661E+001, 9.301E+001, 7.698E+001, 1.106E+002, 1.237E+002, 7.499E+001, 6.321E+001, 1.048E+002, 1.103E+002, 7.552E+001, 9.245E+001, 9.098E+001, 8.840E+001, 9.341E+001, 7.753E+001, 8.040E+001, 7.760E+001, 8.147E+001, 1.051E+002, 9.486E+001, 7.889E+001, 7.743E+001, 7.695E+001, 1.151E+002, 7.643E+001, 7.601E+001, 7.662E+001, 7.197E+001, 7.446E+001, 7.914E+001, 7.054E+001, 7.636E+001, 8.249E+001, 7.115E+001, 7.309E+001, 7.736E+001, 6.978E+001, 7.089E+001, 7.028E+001, 6.897E+001, 6.611E+001, 6.736E+001, 7.492E+001, 6.859E+001, 6.828E+001, 6.768E+001, 6.636E+001, 6.349E+001, 6.672E+001, 7.298E+001, 6.662E+001, 6.781E+001, 6.697E+001, 6.587E+001, 6.733E+001, 6.968E+001, 7.255E+001, 2.061E-001, 4.766E-004, 2.899E-007, 1.830E-001, 9.730E-003, 2.932E-005, 8.000E+000
 2.300E+002, 8.993E+001, 8.415E+001, 6.085E+001, 4.061E+001, 3.350E+001, 3.288E+001, 3.350E+001, 3.539E+001, 3.650E+001, 2.645E+001, 7.943E+001, 9.402E+001, 8.157E+001, 6.377E+001, 5.213E+001, 4.632E+001, 4.184E+001, 4.080E+001, 3.860E+001, 3.571E+001, 3.767E+001, 2.058E+002, 2.136E+002, 2.112E+002, 2.162E+002, 2.314E+002, 2.575E+002, 2.932E+002, 3.147E+002, 3.677E+002, 4.263E+002, 2.179E+001, 5.081E+001, 7.451E+001, 6.955E+001, 6.457E+001, 5.994E+001, 4.886E+001, 3.053E+001, 2.460E+001, 2.134E+001, 2.094E+001, 8.311E+001, 8.110E+001, 8.382E+001, 8.355E+001, 7.991E+001, 7.762E+001, 7.865E+001, 7.536E+001, 1.135E+002, 1.156E+002, 7.414E+001, 6.224E+001, 1.000E+002, 1.038E+002, 6.997E+001, 8.895E+001, 9.425E+001, 8.974E+001, 9.217E+001, 8.419E+001, 8.099E+001, 7.970E+001, 7.806E+001, 1.012E+002, 9.775E+001, 8.374E+001, 8.008E+001, 7.851E+001, 1.130E+002, 7.291E+001, 7.439E+001, 7.537E+001, 7.073E+001, 7.254E+001, 7.496E+001, 7.131E+001, 7.554E+001, 8.055E+001, 7.248E+001, 7.412E+001, 7.726E+001, 6.833E+001, 7.078E+001, 7.253E+001, 7.307E+001, 6.833E+001, 7.136E+001, 7.343E+001, 6.681E+001, 6.664E+001, 6.569E+001, 6.566E+001, 6.526E+001, 6.612E+001, 7.211E+001, 6.489E+001, 6.450E+001, 6.425E+001, 6.699E+001, 6.901E+001, 7.114E+001, 7.360E+001, 2.059E-001, 5.133E-004, 4.060E-007, 1.809E-001, 1.059E-002, 3.203E-005, 8.000E+000
 2.400E+002, 7.926E+001, 7.555E+001, 5.663E+001, 4.254E+001, 3.999E+001, 3.777E+001, 3.750E+001, 3.645E+001, 3.445E+001, 2.696E+001, 7.561E+001, 8.678E+001, 7.944E+001, 6.473E+001, 5.551E+001, 4.602E+001, 3.954E+001, 3.890E+001, 3.760E+001, 3.493E+001, 3.895E+001, 2.025E+002, 2.040E+002, 1.971E+002, 1.942E+002, 2.061E+002, 2.249E+002, 2.489E+002, 2.629E+002, 2.961E+002, 3.343E+002, 2.210E+001, 5.057E+001, 7.433E+001, 7.094E+001, 6.492E+001, 6.054E+001, 4.589E+001, 2.822E+001, 2.426E+001, 2.131E+001, 2.087E+001, 8.185E+001, 8.389E+001, 8.709E+001, 8.789E+001, 8.582E+001, 8.584E+001, 8.822E+001, 6.858E+001, 1.120E+002, 1.282E+002, 7.846E+001, 6.799E+001, 1.013E+002, 9.023E+001, 7.082E+001, 8.942E+001, 9.192E+001, 8.252E+001, 8.468E+001, 8.120E+001, 8.157E+001, 7.726E+001, 7.683E+001, 1.127E+002, 9.221E+001, 8.062E+001, 7.782E+001, 7.323E+001, 1.110E+002, 7.261E+001, 7.288E+001, 7.584E+001, 6.944E+001, 7.000E+001, 7.623E+001, 6.978E+001, 7.466E+001, 8.025E+001, 7.104E+001, 7.476E+001, 7.819E+001, 6.885E+001, 7.252E+001, 7.263E+001, 7.542E+001, 7.475E+001, 7.420E+001, 7.143E+001, 6.633E+001, 6.679E+001, 6.544E+001, 6.870E+001, 6.749E+001, 6.829E+001, 6.981E+001, 6.390E+001, 6.361E+001, 6.586E+001, 6.771E+001, 6.774E+001, 6.813E+001, 7.014E+001, 2.068E-001, 4.464E-004, 1.919E-007, 1.827E-001, 9.788E-003, 2.950E-005, 8.000E+000
 2.500E+002, 7.312E+001, 6.906E+001, 5.757E+001, 4.585E+001, 4.215E+001, 3.924E+001, 3.833E+001, 3.543E+001, 3.211E+001, 2.744E+001, 7.444E+001, 8.378E+001, 7.690E+001, 6.485E+001, 5.431E+001, 4.836E+001, 4.317E+001, 4.200E+001, 4.036E+001, 3.741E+001, 4.020E+001, 1.881E+002, 1.698E+002, 1.572E+002, 1.507E+002, 1.555E+002, 1.650E+002, 1.838E+002, 1.943E+002, 2.191E+002, 2.496E+002, 2.241E+001, 5.040E+001, 7.304E+001, 7.048E+001, 6.406E+001, 5.698E+001, 4.203E+001, 2.921E+001, 2.420E+001, 2.134E+001, 2.115E+001, 8.104E+001, 7.995E+001, 7.922E+001, 8.145E+001, 8.361E+001, 8.508E+001, 9.096E+001, 7.480E+001, 1.192E+002, 1.356E+002, 7.997E+001, 6.853E+001, 9.769E+001, 9.414E+001, 6.804E+001, 8.567E+001, 8.432E+001, 7.659E+001, 8.269E+001, 7.834E+001, 7.465E+001, 7.271E+001, 7.628E+001, 1.082E+002, 8.581E+001, 7.655E+001, 7.137E+001, 7.071E+001, 1.162E+002, 7.798E+001, 8.205E+001, 8.612E+001, 7.114E+001, 7.283E+001, 7.972E+001, 6.948E+001, 7.312E+001, 7.952E+001, 7.107E+001, 7.471E+001, 7.699E+001, 6.987E+001, 7.259E+001, 7.288E+001, 7.127E+001, 7.148E+001, 7.095E+001, 7.200E+001, 6.787E+001, 6.766E+001, 6.705E+001, 6.705E+001, 6.818E+001, 6.826E+001, 6.985E+001, 6.432E+001, 6.256E+001, 6.419E+001, 6.428E+001, 6.416E+001, 6.555E+001, 6.902E+001, 2.063E-001, 4.719E-004, 2.745E-007, 1.828E-001, 9.790E-003, 2.951E-005, 8.000E+000
 2.600E+002, 7.361E+001, 7.046E+001, 6.110E+001, 4.777E+001, 4.059E+001, 3.935E+001, 3.935E+001, 3.824E+001, 3.563E+001, 2.790E+001, 7.433E+001, 8.138E+001, 6.974E+001, 6.108E+001, 5.343E+001, 4.822E+001, 4.501E+001, 4.347E+001, 3.966E+001, 3.758E+001, 4.145E+001, 1.793E+002, 1.666E+002, 1.532E+002, 1.464E+002, 1.512E+002, 1.604E+002, 1.771E+002, 1.870E+002, 2.084E+002, 2.416E+002, 2.271E+001, 4.976E+001, 7.099E+001, 6.926E+001, 6.346E+001, 5.447E+001, 4.342E+001, 2.773E+001, 2.367E+001, 2.137E+001, 2.120E+001, 8.174E+001, 7.806E+001, 7.791E+001, 8.012E+001, 8.417E+001, 8.604E+001, 9.053E+001, 6.088E+001, 1.029E+002, 1.399E+002, 8.447E+001, 6.145E+001, 9.587E+001, 9.597E+001, 7.395E+001, 8.744E+001, 7.777E+001, 7.989E+001, 8.473E+001, 7.339E+001, 6.759E+001, 7.165E+001, 7.767E+001, 1.018E+002, 8.564E+001, 7.115E+001, 6.828E+001, 7.423E+001, 1.154E+002, 7.431E+001, 7.654E+001, 7.779E+001, 7.344E+001, 7.232E+001, 7.534E+001, 7.101E+001, 7.291E+001, 7.851E+001, 7.014E+001, 7.253E+001, 7.556E+001, 6.960E+001, 7.040E+001, 7.062E+001, 6.788E+001, 6.661E+001, 6.687E+001, 7.163E+001, 6.842E+001, 6.896E+001, 6.707E+001, 6.534E+001, 6.455E+001, 6.647E+001, 7.066E+001, 6.545E+001, 6.529E+001, 6.313E+001, 6.185E+001, 6.345E+001, 6.536E+001, 7.059E+001, 2.069E-001, 4.359E-004, 1.584E-007, 1.832E-001, 9.561E-003, 2.879E-005, 8.000E+000
 2.700E+002, 7.806E+001, 7.509E+001, 6.547E+001, 5.059E+001, 3.621E+001, 3.122E+001, 3.128E+001, 3.328E+001, 3.454E+001, 2.833E+001, 7.616E+001, 8.427E+001, 7.240E+001, 6.071E+001, 5.355E+001, 4.769E+001, 4.286E+001, 4.157E+001, 3.949E+001, 3.726E+001, 4.266E+001, 1.891E+002, 1.817E+002, 1.645E+002, 1.543E+002, 1.602E+002, 1.741E+002, 1.967E+002, 2.106E+002, 2.439E+002, 2.809E+002, 2.299E+001, 4.910E+001, 6.835E+001, 6.773E+001, 6.256E+001, 5.361E+001, 4.411E+001, 2.767E+001, 2.335E+001, 2.152E+001, 2.124E+001, 8.044E+001, 7.921E+001, 7.894E+001, 8.127E+001, 8.548E+001, 8.680E+001, 9.264E+001, 6.936E+001, 1.088E+002, 1.321E+002, 7.761E+001, 5.903E+001, 9.648E+001, 1.040E+002, 7.540E+001, 8.669E+001, 8.173E+001, 7.994E+001, 8.620E+001, 7.281E+001, 6.484E+001, 7.047E+001, 8.006E+001, 1.040E+002, 8.647E+001, 6.639E+001, 7.160E+001, 7.404E+001, 1.203E+002, 7.113E+001, 7.397E+001, 7.563E+001, 6.887E+001, 6.892E+001, 7.318E+001, 6.797E+001, 7.174E+001, 7.810E+001, 6.843E+001, 7.190E+001, 7.389E+001, 6.784E+001, 6.891E+001, 6.728E+001, 6.502E+001, 6.267E+001, 6.817E+001, 7.224E+001, 6.630E+001, 6.600E+001, 6.497E+001, 6.278E+001, 6.153E+001, 6.525E+001, 7.258E+001, 6.484E+001, 6.460E+001, 6.251E+001, 6.292E+001, 6.464E+001, 6.710E+001, 7.175E+001, 2.063E-001, 4.666E-004, 2.577E-007, 1.815E-001, 1.033E-002, 3.119E-005, 8.000E+000
 2.800E+002, 8.299E+001, 7.659E+001, 5.720E+001, 4.403E+001, 3.526E+001, 2.904E+001, 2.739E+001, 2.729E+001, 2.856E+001, 2.874E+001, 7.838E+001, 9.214E+001, 7.989E+001, 6.215E+001, 5.170E+001, 4.522E+001, 4.126E+001, 4.005E+001, 3.748E+001, 3.563E+001, 4.383E+001, 2.002E+002, 1.968E+002, 1.815E+002, 1.787E+002, 1.944E+002, 2.194E+002, 2.491E+002, 2.666E+002, 3.082E+002, 3.568E+002, 2.327E+001, 4.951E+001, 6.838E+001, 6.563E+001, 6.137E+001, 5.396E+001, 4.275E+001, 2.972E+001, 2.483E+001, 2.183E+001, 2.177E+001, 7.999E+001, 7.950E+001, 8.199E+001, 8.510E+001, 8.444E+001, 8.461E+001, 8.974E+001, 7.440E+001, 1.172E+002, 1.361E+002, 8.011E+001, 6.455E+001, 1.010E+002, 1.053E+002, 7.580E+001, 8.836E+001, 8.767E+001, 8.604E+001, 9.329E+001, 7.545E+001, 7.231E+001, 7.216E+001, 8.500E+001, 1.057E+002, 9.174E+001, 7.239E+001, 7.188E+001, 7.657E+001, 1.191E+002, 7.177E+001, 7.457E+001, 7.695E+001, 6.838E+001, 6.864E+001, 7.320E+001, 6.708E+001, 7.179E+001, 7.874E+001, 6.837E+001, 7.161E+001, 7.464E+001, 6.697E+001, 6.739E+001, 6.719E+001, 6.466E+001, 6.208E+001, 6.749E+001, 7.441E+001, 6.542E+001, 6.389E+001, 6.174E+001, 6.153E+001, 6.054E+001, 6.537E+001, 7.374E+001, 6.321E+001, 6.184E+001, 6.333E+001, 6.490E+001, 6.660E+001, 6.891E+001, 7.323E+001, 2.066E-001, 4.364E-004, 1.616E-007, 1.822E-001, 1.011E-002, 3.050E-005, 8.000E+000
 2.900E+002, 7.670E+001, 7.012E+001, 5.084E+001, 3.723E+001, 3.270E+001, 3.034E+001, 2.967E+001, 2.955E+001, 3.008E+001, 2.912E+001, 7.713E+001, 8.898E+001, 8.190E+001, 6.851E+001, 5.796E+001, 4.890E+001, 4.340E+001, 4.177E+001, 3.967E+001, 3.740E+001, 4.494E+001, 1.886E+002, 1.793E+002, 1.687E+002, 1.691E+002, 1.823E+002, 2.056E+002, 2.384E+002, 2.578E+002, 3.005E+002, 3.467E+002, 2.353E+001, 4.994E+001, 7.109E+001, 6.752E+001, 6.116E+001, 5.568E+001, 4.127E+001, 3.038E+001, 2.498E+001, 2.177E+001, 2.169E+001, 8.318E+001, 7.937E+001, 8.175E+001, 8.363E+001, 8.195E+001, 8.269E+001, 8.442E+001, 8.115E+001, 1.308E+002, 1.335E+002, 7.379E+001, 6.438E+001, 9.316E+001, 1.008E+002, 7.203E+001, 8.528E+001, 8.426E+001, 7.774E+001, 8.735E+001, 7.599E+001, 7.351E+001, 7.052E+001, 7.788E+001, 1.037E+002, 8.461E+001, 7.133E+001, 7.030E+001, 7.521E+001, 1.145E+002, 8.046E+001, 8.107E+001, 8.421E+001, 7.001E+001, 7.176E+001, 7.813E+001, 7.007E+001, 7.503E+001, 8.008E+001, 7.024E+001, 7.461E+001, 7.577E+001, 6.840E+001, 6.903E+001, 6.959E+001, 6.571E+001, 6.392E+001, 6.858E+001, 7.429E+001, 6.441E+001, 6.399E+001, 6.145E+001, 6.287E+001, 6.207E+001, 6.515E+001, 7.421E+001, 6.208E+001, 6.206E+001, 6.519E+001, 6.715E+001, 6.872E+001, 7.096E+001, 7.501E+001, 2.068E-001, 4.396E-004, 1.706E-007, 1.822E-001, 9.846E-003, 2.969E-005, 8.000E+000
 3.000E+002, 8.294E+001, 7.625E+001, 6.181E+001, 4.761E+001, 3.687E+001, 3.255E+001, 3.205E+001, 3.190E+001, 3.196E+001, 2.948E+001, 7.689E+001, 8.524E+001, 7.663E+001, 6.096E+001, 5.304E+001, 4.747E+001, 4.264E+001, 4.141E+001, 3.933E+001, 3.754E+001, 4.600E+001, 1.977E+002, 1.981E+002, 1.937E+002, 1.963E+002, 2.135E+002, 2.389E+002, 2.716E+002, 2.897E+002, 3.302E+002, 3.789E+002, 2.377E+001, 4.930E+001, 6.778E+001, 6.630E+001, 6.200E+001, 5.654E+001, 4.230E+001, 2.834E+001, 2.446E+001, 2.197E+001, 2.150E+001, 7.852E+001, 7.779E+001, 7.882E+001, 8.065E+001, 8.152E+001, 8.303E+001, 9.135E+001, 7.164E+001, 1.160E+002, 1.333E+002, 7.945E+001, 6.040E+001, 9.729E+001, 9.694E+001, 7.276E+001, 8.451E+001, 7.911E+001, 7.659E+001, 8.738E+001, 7.088E+001, 6.914E+001, 6.913E+001, 7.745E+001, 1.024E+002, 8.481E+001, 6.912E+001, 6.825E+001, 7.274E+001, 1.226E+002, 7.950E+001, 8.217E+001, 7.937E+001, 7.355E+001, 6.981E+001, 7.372E+001, 7.277E+001, 7.064E+001, 7.424E+001, 7.129E+001, 7.156E+001, 7.214E+001, 6.996E+001, 6.867E+001, 6.649E+001, 6.471E+001, 6.401E+001, 6.785E+001, 7.219E+001, 6.824E+001, 6.561E+001, 6.453E+001, 6.484E+001, 6.255E+001, 6.577E+001, 7.194E+001, 6.156E+001, 6.382E+001, 6.694E+001, 6.885E+001, 7.000E+001, 7.043E+001, 7.227E+001, 2.067E-001, 4.409E-004, 1.752E-007, 1.810E-001, 1.055E-002, 3.188E-005, 8.000E+000
 3.100E+002, 8.315E+001, 7.451E+001, 5.647E+001, 4.466E+001, 3.451E+001, 3.026E+001, 2.965E+001, 2.908E+001, 2.933E+001, 2.982E+001, 7.732E+001, 8.733E+001, 7.651E+001, 5.948E+001, 5.007E+001, 4.343E+001, 4.052E+001, 3.984E+001, 3.924E+001, 3.819E+001, 4.699E+001, 2.194E+002, 2.306E+002, 2.277E+002, 2.388E+002, 2.591E+002, 2.885E+002, 3.245E+002, 3.444E+002, 3.910E+002, 4.489E+002, 2.400E+001, 5.000E+001, 6.967E+001, 6.728E+001, 6.377E+001, 5.811E+001, 4.227E+001, 2.693E+001, 2.332E+001, 2.166E+001, 2.123E+001, 8.082E+001, 7.977E+001, 8.286E+001, 8.246E+001, 8.560E+001, 8.786E+001, 9.228E+001, 7.531E+001, 1.184E+002, 1.312E+002, 8.220E+001, 6.570E+001, 9.974E+001, 1.011E+002, 7.110E+001, 9.230E+001, 8.677E+001, 8.172E+001, 8.684E+001, 7.585E+001, 7.551E+001, 7.081E+001, 7.768E+001, 1.069E+002, 9.491E+001, 7.005E+001, 7.313E+001, 7.309E+001, 1.164E+002, 7.281E+001, 7.547E+001, 7.803E+001, 7.015E+001, 7.027E+001, 7.533E+001, 7.045E+001, 7.360E+001, 8.006E+001, 6.989E+001, 7.301E+001, 7.763E+001, 6.795E+001, 6.813E+001, 6.406E+001, 6.161E+001, 6.452E+001, 6.659E+001, 6.961E+001, 6.644E+001, 6.439E+001, 6.374E+001, 6.403E+001, 6.220E+001, 6.454E+001, 6.973E+001, 6.326E+001, 6.397E+001, 6.597E+001, 6.698E+001, 6.677E+001, 6.739E+001, 7.077E+001, 2.065E-001, 4.647E-004, 2.505E-007, 1.808E-001, 1.054E-002, 3.188E-005, 8.000E+000
 3.200E+002, 7.228E+001, 6.613E+001, 5.336E+001, 4.411E+001, 3.809E+001, 3.299E+001, 3.121E+001, 2.869E+001, 2.755E+001, 3.014E+001, 7.700E+001, 9.015E+001, 8.006E+001, 5.988E+001, 4.900E+001, 4.241E+001, 3.871E+001, 3.786E+001, 3.688E+001, 3.675E+001, 4.794E+001, 2.072E+002, 1.992E+002, 1.908E+002, 1.870E+002, 1.987E+002, 2.175E+002, 2.423E+002, 2.565E+002, 2.914E+002, 3.312E+002, 2.422E+001, 5.028E+001, 7.032E+001, 6.646E+001, 6.240E+001, 5.784E+001, 4.258E+001, 2.874E+001, 2.395E+001, 2.162E+001, 2.129E+001, 8.549E+001, 8.533E+001, 8.381E+001, 8.166E+001, 8.353E+001, 8.291E+001, 8.142E+001, 6.925E+001, 1.167E+002, 1.327E+002, 7.985E+001, 7.280E+001, 1.048E+002, 9.988E+001, 7.238E+001, 8.988E+001, 8.398E+001, 8.117E+001, 8.696E+001, 7.850E+001, 7.766E+001, 7.083E+001, 7.654E+001, 1.176E+002, 9.150E+001, 7.730E+001, 7.249E+001, 7.234E+001, 1.116E+002, 7.662E+001, 7.656E+001, 7.690E+001, 7.253E+001, 7.281E+001, 7.861E+001, 7.013E+001, 7.588E+001, 8.279E+001, 7.214E+001, 7.541E+001, 7.767E+001, 6.809E+001, 7.000E+001, 6.931E+001, 6.750E+001, 6.987E+001, 6.718E+001, 7.209E+001, 6.524E+001, 6.215E+001, 6.243E+001, 6.319E+001, 6.325E+001, 6.489E+001, 7.245E+001, 6.300E+001, 6.185E+001, 6.343E+001, 6.554E+001, 6.581E+001, 6.608E+001, 7.195E+001, 2.063E-001, 4.976E-004, 3.546E-007, 1.820E-001, 9.779E-003, 2.948E-005, 8.000E+000
 3.300E+002, 7.212E+001, 6.679E+001, 5.541E+001, 4.433E+001, 3.689E+001, 3.268E+001, 3.163E+001, 3.086E+001, 3.028E+001, 3.044E+001, 7.722E+001, 8.813E+001, 7.662E+001, 6.055E+001, 5.032E+001, 4.504E+001, 4.174E+001, 4.069E+001, 3.736E+001, 3.462E+001, 4.884E+001, 1.962E+002, 1.794E+002, 1.641E+002, 1.545E+002, 1.603E+002, 1.724E+002, 1.915E+002, 2.031E+002, 2.285E+002, 2.562E+002, 2.443E+001, 5.102E+001, 7.346E+001, 7.032E+001, 6.349E+001, 5.880E+001, 3.852E+001, 2.730E+001, 2.413E+001, 2.164E+001, 2.136E+001, 8.116E+001, 8.171E+001, 8.386E+001, 8.280E+001, 8.139E+001, 8.018E+001, 8.045E+001, 7.459E+001, 1.244E+002, 1.461E+002, 7.829E+001, 6.760E+001, 9.310E+001, 9.818E+001, 7.320E+001, 8.233E+001, 7.920E+001, 7.746E+001, 8.826E+001, 7.584E+001, 7.368E+001, 6.996E+001, 7.552E+001, 1.083E+002, 8.299E+001, 7.541E+001, 7.104E+001, 7.174E+001, 1.161E+002, 7.669E+001, 8.164E+001, 8.437E+001, 7.166E+001, 7.314E+001, 7.714E+001, 7.030E+001, 7.480E+001, 7.974E+001, 7.350E+001, 7.671E+001, 7.729E+001, 7.217E+001, 7.232E+001, 7.043E+001, 6.932E+001, 6.934E+001, 6.524E+001, 7.046E+001, 6.762E+001, 6.538E+001, 6.180E+001, 6.137E+001, 6.370E+001, 6.415E+001, 6.999E+001, 6.291E+001, 6.089E+001, 6.256E+001, 6.480E+001, 6.419E+001, 6.606E+001, 7.108E+001, 2.064E-001, 5.156E-004, 4.106E-007, 1.809E-001, 1.019E-002, 3.078E-005, 8.000E+000
 3.400E+002, 7.929E+001, 7.708E+001, 6.386E+001, 4.937E+001, 3.395E+001, 2.734E+001, 2.697E+001, 2.699E+001, 2.755E+001, 3.072E+001, 7.781E+001, 8.761E+001, 7.701E+001, 6.848E+001, 5.759E+001, 4.818E+001, 4.234E+001, 4.079E+001, 3.880E+001, 3.645E+001, 4.971E+001, 1.904E+002, 1.856E+002, 1.699E+002, 1.560E+002, 1.568E+002, 1.688E+002, 1.861E+002, 1.992E+002, 2.275E+002, 2.618E+002, 2.463E+001, 5.079E+001, 7.196E+001, 7.021E+001, 6.457E+001, 5.759E+001, 3.941E+001, 2.695E+001, 2.349E+001, 2.139E+001, 2.105E+001, 8.280E+001, 8.337E+001, 8.545E+001, 8.524E+001, 8.481E+001, 8.664E+001, 9.207E+001, 7.096E+001, 1.149E+002, 1.306E+002, 7.723E+001, 6.353E+001, 9.050E+001, 9.787E+001, 6.768E+001, 8.729E+001, 7.928E+001, 8.146E+001, 9.080E+001, 7.237E+001, 6.914E+001, 7.092E+001, 8.193E+001, 1.058E+002, 8.760E+001, 6.905E+001, 6.950E+001, 7.456E+001, 1.159E+002, 7.971E+001, 8.259E+001, 8.164E+001, 7.138E+001, 7.168E+001, 7.503E+001, 6.996E+001, 7.287E+001, 7.717E+001, 7.008E+001, 7.260E+001, 7.332E+001, 7.013E+001, 7.134E+001, 7.106E+001, 6.685E+001, 6.685E+001, 6.636E+001, 7.386E+001, 6.883E+001, 6.763E+001, 6.336E+001, 5.997E+001, 6.247E+001, 6.351E+001, 7.182E+001, 6.614E+001, 6.247E+001, 6.136E+001, 6.416E+001, 6.449E+001, 6.472E+001, 7.138E+001, 2.067E-001, 4.868E-004, 3.183E-007, 1.807E-001, 1.051E-002, 3.176E-005, 8.000E+000
 3.500E+002, 7.766E+001, 7.352E+001, 6.127E+001, 4.656E+001, 3.411E+001, 2.767E+001, 2.656E+001, 2.599E+001, 2.598E+001, 3.099E+001, 7.632E+001, 8.452E+001, 7.365E+001, 6.327E+001, 5.486E+001, 4.764E+001, 4.110E+001, 4.031E+001, 3.742E+001, 3.452E+001, 5.056E+001, 1.710E+002, 1.486E+002, 1.358E+002, 1.240E+002, 1.224E+002, 1.264E+002, 1.377E+002, 1.448E+002, 1.643E+002, 1.860E+002, 2.481E+001, 5.093E+001, 7.190E+001, 6.934E+001, 6.283E+001, 5.553E+001, 4.155E+001, 2.758E+001, 2.378E+001, 2.172E+001, 2.094E+001, 8.084E+001, 7.927E+001, 7.937E+001, 8.023E+001, 7.936E+001, 8.017E+001, 8.580E+001, 7.013E+001, 1.020E+002, 1.177E+002, 7.278E+001, 5.556E+001, 8.625E+001, 8.858E+001, 7.202E+001, 8.572E+001, 7.953E+001, 7.983E+001, 8.560E+001, 7.405E+001, 6.670E+001, 7.369E+001, 7.772E+001, 9.892E+001, 8.475E+001, 6.970E+001, 6.854E+001, 7.489E+001, 1.127E+002, 7.736E+001, 7.788E+001, 7.819E+001, 7.014E+001, 7.099E+001, 7.471E+001, 6.915E+001, 7.259E+001, 7.931E+001, 6.983E+001, 7.449E+001, 7.575E+001, 6.800E+001, 7.135E+001, 7.169E+001, 6.833E+001, 6.490E+001, 6.836E+001, 7.412E+001, 6.735E+001, 6.635E+001, 6.587E+001, 5.958E+001, 6.178E+001, 6.594E+001, 7.302E+001, 6.469E+001, 6.361E+001, 6.205E+001, 6.359E+001, 6.315E+001, 6.609E+001, 7.295E+001, 2.058E-001, 6.154E-004, 7.254E-007, 1.816E-001, 9.995E-003, 3.016E-005, 8.000E+000
 3.600E+002, 7.287E+001, 7.018E+001, 6.287E+001, 4.655E+001, 3.016E+001, 2.634E+001, 2.633E+001, 2.559E+001, 2.567E+001, 3.125E+001, 7.443E+001, 8.074E+001, 7.258E+001, 6.262E+001, 5.422E+001, 4.589E+001, 4.174E+001, 4.051E+001, 3.822E+001, 3.563E+001, 5.136E+001, 1.638E+002, 1.399E+002, 1.279E+002, 1.210E+002, 1.244E+002, 1.333E+002, 1.495E+002, 1.590E+002, 1.819E+002, 2.097E+002, 2.499E+001, 5.050E+001, 7.007E+001, 6.753E+001, 6.079E+001, 5.540E+001, 4.347E+001, 2.983E+001, 2.485E+001, 2.149E+001, 2.085E+001, 7.499E+001, 7.518E+001, 7.691E+001, 7.803E+001, 7.874E+001, 7.771E+001, 8.069E+001, 7.080E+001, 1.096E+002, 1.120E+002, 6.382E+001, 5.842E+001, 8.310E+001, 8.922E+001, 6.340E+001, 8.018E+001, 7.779E+001, 7.376E+001, 8.235E+001, 7.171E+001, 6.621E+001, 6.890E+001, 7.710E+001, 9.548E+001, 7.946E+001, 6.980E+001, 6.669E+001, 7.239E+001, 1.008E+002, 7.503E+001, 7.861E+001, 7.990E+001, 6.938E+001, 7.032E+001, 7.282E+001, 6.799E+001, 6.953E+001, 7.582E+001, 6.937E+001, 7.226E+001, 7.354E+001, 6.963E+001, 7.089E+001, 6.915E+001, 6.766E+001, 6.416E+001, 6.628E+001, 7.292E+001, 6.671E+001, 6.597E+001, 6.556E+001, 6.073E+001, 6.152E+001, 6.467E+001, 7.192E+001, 6.240E+001, 6.230E+001, 6.191E+001, 6.377E+001, 6.433E+001, 6.695E+001, 7.143E+001, 2.057E-001, 5.852E-004, 6.314E-007, 1.815E-001, 9.989E-003, 3.014E-005, 8.000E+000
 3.700E+002, 8.422E+001, 7.554E+001, 5.735E+001, 3.762E+001, 2.762E+001, 2.695E+001, 2.715E+001, 2.771E+001, 2.872E+001, 3.149E+001, 7.842E+001, 9.098E+001, 7.790E+001, 5.603E+001, 5.064E+001, 4.458E+001, 3.960E+001, 3.835E+001, 3.652E+001, 3.500E+001, 5.212E+001, 2.049E+002, 2.144E+002, 2.067E+002, 2.112E+002, 2.350E+002, 2.705E+002, 3.135E+002, 3.360E+002, 3.866E+002, 4.453E+002, 2.516E+001, 4.987E+001, 6.693E+001, 6.534E+001, 5.975E+001, 5.485E+001, 4.190E+001, 2.972E+001, 2.548E+001, 2.171E+001, 2.106E+001, 7.922E+001, 7.448E+001, 8.091E+001, 8.276E+001, 8.161E+001, 8.077E+001, 8.456E+001, 7.357E+001, 1.172E+002, 1.221E+002, 7.238E+001, 6.145E+001, 1.015E+002, 1.054E+002, 6.895E+001, 8.419E+001, 8.307E+001, 8.327E+001, 8.700E+001, 6.765E+001, 6.606E+001, 6.879E+001, 7.641E+001, 9.901E+001, 8.729E+001, 6.668E+001, 6.629E+001, 6.949E+001, 1.176E+002, 7.848E+001, 8.087E+001, 8.082E+001, 7.239E+001, 6.968E+001, 7.412E+001, 6.873E+001, 6.895E+001, 7.374E+001, 6.704E+001, 6.957E+001, 7.078E+001, 6.759E+001, 6.835E+001, 6.677E+001, 6.437E+001, 6.187E+001, 6.489E+001, 6.852E+001, 6.693E+001, 6.592E+001, 6.251E+001, 6.130E+001, 6.096E+001, 6.388E+001, 6.892E+001, 6.422E+001, 6.343E+001, 6.298E+001, 6.474E+001, 6.479E+001, 6.745E+001, 7.013E+001, 2.067E-001, 4.581E-004, 2.288E-007, 1.810E-001, 1.063E-002, 3.214E-005, 8.000E+000
 3.800E+002, 1.020E+002, 8.600E+001, 5.262E+001, 3.454E+001, 2.982E+001, 3.010E+001, 3.065E+001, 3.218E+001, 3.424E+001, 3.172E+001, 8.038E+001, 8.825E+001, 7.278E+001, 5.358E+001, 4.731E+001, 4.416E+001, 4.126E+001, 4.055E+001, 3.844E+001, 3.626E+001, 5.280E+001, 2.084E+002, 2.104E+002, 2.050E+002, 2.085E+002, 2.239E+002, 2.463E+002, 2.727E+002, 2.872E+002, 3.210E+002, 3.607E+002, 2.533E+001, 5.126E+001, 7.134E+001, 6.751E+001, 6.155E+001, 5.459E+001, 4.391E+001, 2.799E+001, 2.466E+001, 2.250E+001, 2.190E+001, 7.032E+001, 6.591E+001, 7.780E+001, 7.548E+001, 7.501E+001, 7.733E+001, 7.960E+001, 7.191E+001, 1.026E+002, 1.182E+002, 7.627E+001, 6.874E+001, 1.127E+002, 1.089E+002, 6.713E+001, 9.756E+001, 9.477E+001, 9.023E+001, 9.112E+001, 7.834E+001, 7.927E+001, 7.841E+001, 7.705E+001, 1.154E+002, 9.976E+001, 7.943E+001, 7.728E+001, 7.851E+001, 1.120E+002, 7.290E+001, 7.391E+001, 7.809E+001, 7.019E+001, 6.982E+001, 7.748E+001, 7.198E+001, 7.537E+001, 8.406E+001, 7.031E+001, 7.466E+001, 7.884E+001, 6.801E+001, 6.952E+001, 6.767E+001, 6.382E+001, 5.995E+001, 6.882E+001, 6.857E+001, 6.497E+001, 6.510E+001, 6.090E+001, 6.171E+001, 6.160E+001, 6.292E+001, 6.761E+001, 6.292E+001, 6.241E+001, 6.279E+001, 6.467E+001, 6.581E+001, 6.637E+001, 6.907E+001, 2.069E-001, 4.218E-004, 1.145E-007, 1.830E-001, 1.006E-002, 3.034E-005, 8.000E+000
 3.900E+002, 8.647E+001, 7.863E+001, 5.623E+001, 4.284E+001, 3.748E+001, 3.508E+001, 3.470E+001, 3.354E+001, 3.237E+001, 3.193E+001, 8.074E+001, 9.344E+001, 7.777E+001, 5.817E+001, 4.653E+001, 4.205E+001, 3.835E+001, 3.709E+001, 3.503E+001, 3.321E+001, 5.342E+001, 2.322E+002, 2.374E+002, 2.361E+002, 2.471E+002, 2.706E+002, 3.039E+002, 3.424E+002, 3.630E+002, 4.140E+002, 4.762E+002, 2.548E+001, 5.219E+001, 7.419E+001, 6.883E+001, 6.242E+001, 5.715E+001, 4.284E+001, 2.715E+001, 2.330E+001, 2.193E+001, 2.147E+001, 8.322E+001, 7.943E+001, 8.160E+001, 8.236E+001, 7.855E+001, 7.885E+001, 8.507E+001, 7.784E+001, 1.270E+002, 1.160E+002, 7.860E+001, 6.565E+001, 1.087E+002, 1.050E+002, 6.848E+001, 9.429E+001, 9.308E+001, 8.748E+001, 9.370E+001, 8.342E+001, 8.531E+001, 7.915E+001, 8.025E+001, 1.123E+002, 9.595E+001, 8.297E+001, 7.995E+001, 7.992E+001, 1.170E+002, 7.269E+001, 7.377E+001, 7.817E+001, 6.969E+001, 7.170E+001, 7.713E+001, 7.293E+001, 7.599E+001, 8.322E+001, 7.318E+001, 7.754E+001, 7.997E+001, 7.120E+001, 7.176E+001, 7.282E+001, 7.165E+001, 7.020E+001, 7.326E+001, 7.458E+001, 6.628E+001, 6.556E+001, 6.199E+001, 6.169E+001, 6.436E+001, 6.927E+001, 7.088E+001, 6.359E+001, 6.085E+001, 6.248E+001, 6.413E+001, 6.453E+001, 6.638E+001, 6.998E+001, 2.063E-001, 5.230E-004, 4.342E-007, 1.823E-001, 9.686E-003, 2.919E-005, 8.000E+000
 4.000E+002, 8.472E+001, 7.939E+001, 5.769E+001, 4.574E+001, 4.205E+001, 3.742E+001, 3.442E+001, 2.959E+001, 2.910E+001, 3.214E+001, 7.956E+001, 9.044E+001, 7.979E+001, 6.342E+001, 5.279E+001, 4.658E+001, 4.228E+001, 4.011E+001, 3.631E+001, 3.415E+001, 5.398E+001, 2.525E+002, 2.438E+002, 2.377E+002, 2.476E+002, 2.726E+002, 3.073E+002, 3.478E+002, 3.710E+002, 4.233E+002, 4.869E+002, 2.563E+001, 5.208E+001, 7.315E+001, 7.081E+001, 6.369E+001, 5.734E+001, 4.343E+001, 2.748E+001, 2.341E+001, 2.153E+001, 2.126E+001, 8.910E+001, 8.443E+001, 8.824E+001, 8.646E+001, 8.320E+001, 8.213E+001, 9.150E+001, 7.951E+001, 1.242E+002, 1.299E+002, 7.742E+001, 6.765E+001, 1.077E+002, 1.057E+002, 6.612E+001, 9.201E+001, 9.424E+001, 8.711E+001, 8.776E+001, 8.127E+001, 8.169E+001, 7.600E+001, 7.794E+001, 1.137E+002, 9.796E+001, 7.990E+001, 7.649E+001, 7.547E+001, 1.056E+002, 7.765E+001, 7.876E+001, 7.991E+001, 7.143E+001, 7.164E+001, 7.746E+001, 7.118E+001, 7.460E+001, 8.322E+001, 7.137E+001, 7.713E+001, 7.997E+001, 7.252E+001, 7.314E+001, 7.221E+001, 6.969E+001, 7.249E+001, 7.016E+001, 7.302E+001, 6.853E+001, 6.638E+001, 6.513E+001, 6.269E+001, 6.769E+001, 6.763E+001, 7.175E+001, 6.432E+001, 6.170E+001, 6.081E+001, 6.273E+001, 6.556E+001, 6.832E+001, 7.245E+001, 2.058E-001, 5.948E-004, 6.610E-007, 1.799E-001, 1.099E-002, 3.327E-005, 8.000E+000
 4.100E+002, 8.140E+001, 7.810E+001, 6.068E+001, 4.411E+001, 3.289E+001, 2.951E+001, 2.918E+001, 2.874E+001, 2.953E+001, 3.233E+001, 8.082E+001, 9.308E+001, 8.016E+001, 6.346E+001, 5.466E+001, 4.770E+001, 4.375E+001, 4.209E+001, 3.827E+001, 3.467E+001, 5.453E+001, 2.153E+002, 2.046E+002, 2.010E+002, 2.063E+002, 2.203E+002, 2.455E+002, 2.795E+002, 3.008E+002, 3.451E+002, 3.933E+002, 2.577E+001, 5.248E+001, 7.557E+001, 7.390E+001, 6.500E+001, 5.556E+001, 4.194E+001, 2.770E+001, 2.448E+001, 2.232E+001, 2.197E+001, 8.693E+001, 8.510E+001, 8.761E+001, 8.935E+001, 8.587E+001, 8.608E+001, 9.213E+001, 7.461E+001, 1.116E+002, 1.186E+002, 8.001E+001, 6.471E+001, 9.659E+001, 1.047E+002, 7.432E+001, 8.850E+001, 9.092E+001, 8.341E+001, 9.131E+001, 8.269E+001, 7.833E+001, 7.319E+001, 8.017E+001, 1.069E+002, 9.269E+001, 8.151E+001, 7.370E+001, 7.496E+001, 1.160E+002, 7.773E+001, 7.677E+001, 7.773E+001, 7.219E+001, 7.277E+001, 7.871E+001, 7.069E+001, 7.582E+001, 8.118E+001, 7.297E+001, 7.719E+001, 7.788E+001, 7.261E+001, 7.306E+001, 7.546E+001, 7.201E+001, 7.266E+001, 7.031E+001, 7.279E+001, 7.050E+001, 6.845E+001, 6.844E+001, 6.442E+001, 6.652E+001, 6.583E+001, 7.147E+001, 6.658E+001, 6.431E+001, 6.265E+001, 6.545E+001, 6.689E+001, 6.654E+001, 7.008E+001, 2.055E-001, 6.463E-004, 8.235E-007, 1.805E-001, 1.055E-002, 3.191E-005, 8.000E+000
 4.200E+002, 8.995E+001, 8.511E+001, 5.823E+001, 3.754E+001, 2.907E+001, 2.771E+001, 2.777E+001, 2.859E+001, 3.000E+001, 3.253E+001, 8.195E+001, 9.179E+001, 8.014E+001, 6.366E+001, 5.222E+001, 4.487E+001, 4.181E+001, 4.043E+001, 3.778E+001, 3.534E+001, 5.510E+001, 2.141E+002, 2.027E+002, 1.970E+002, 1.986E+002, 2.105E+002, 2.297E+002, 2.633E+002, 2.835E+002, 3.339E+002, 3.979E+002, 2.591E+001, 5.164E+001, 7.123E+001, 6.859E+001, 6.190E+001, 5.734E+001, 4.426E+001, 2.800E+001, 2.465E+001, 2.315E+001, 2.261E+001, 8.256E+001, 7.960E+001, 8.458E+001, 8.498E+001, 8.499E+001, 8.757E+001, 9.566E+001, 6.681E+001, 1.087E+002, 1.346E+002, 7.735E+001, 6.351E+001, 1.006E+002, 1.045E+002, 7.019E+001, 9.019E+001, 9.056E+001, 8.324E+001, 9.267E+001, 7.547E+001, 7.337E+001, 7.522E+001, 8.282E+001, 1.085E+002, 9.147E+001, 7.526E+001, 7.375E+001, 7.830E+001, 1.211E+002, 7.373E+001, 7.428E+001, 7.773E+001, 7.010E+001, 7.173E+001, 7.635E+001, 7.066E+001, 7.563E+001, 8.171E+001, 7.223E+001, 7.489E+001, 7.501E+001, 7.169E+001, 7.198E+001, 7.243E+001, 6.978E+001, 7.025E+001, 7.017E+001, 7.332E+001, 6.980E+001, 6.801E+001, 6.844E+001, 6.602E+001, 6.430E+001, 6.634E+001, 7.186E+001, 6.734E+001, 6.541E+001, 6.345E+001, 6.364E+001, 6.395E+001, 6.655E+001, 7.197E+001, 2.063E-001, 5.003E-004, 3.628E-007, 1.809E-001, 1.060E-002, 3.205E-005, 8.000E+000
 4.300E+002, 9.397E+001, 8.807E+001, 5.484E+001, 3.344E+001, 3.051E+001, 3.141E+001, 3.149E+001, 3.246E+001, 3.516E+001, 3.271E+001, 8.402E+001, 9.090E+001, 7.585E+001, 5.541E+001, 4.809E+001, 4.149E+001, 3.675E+001, 3.499E+001, 3.201E+001, 3.079E+001, 5.570E+001, 2.262E+002, 2.262E+002, 2.219E+002, 2.296E+002, 2.540E+002, 2.891E+002, 3.306E+002, 3.528E+002, 3.998E+002, 4.548E+002, 2.604E+001, 5.181E+001, 6.874E+001, 6.505E+001, 6.177E+001, 5.848E+001, 4.517E+001, 2.703E+001, 2.399E+001, 2.251E+001, 2.175E+001, 7.929E+001, 7.629E+001, 7.860E+001, 7.688E+001, 8.106E+001, 8.463E+001, 8.726E+001, 7.885E+001, 1.081E+002, 1.268E+002, 8.038E+001, 7.136E+001, 1.058E+002, 1.088E+002, 7.069E+001, 9.082E+001, 9.374E+001, 8.377E+001, 9.295E+001, 7.846E+001, 7.581E+001, 7.590E+001, 8.026E+001, 1.138E+002, 9.640E+001, 7.666E+001, 7.466E+001, 7.575E+001, 1.221E+002, 7.807E+001, 7.970E+001, 8.534E+001, 7.126E+001, 7.707E+001, 8.484E+001, 7.187E+001, 7.925E+001, 8.585E+001, 7.507E+001, 7.654E+001, 7.731E+001, 7.073E+001, 7.169E+001, 7.030E+001, 6.734E+001, 6.891E+001, 6.990E+001, 7.406E+001, 6.780E+001, 6.785E+001, 6.705E+001, 6.398E+001, 6.408E+001, 6.745E+001, 7.289E+001, 6.607E+001, 6.450E+001, 6.250E+001, 6.435E+001, 6.445E+001, 6.711E+001, 7.311E+001, 2.056E-001, 5.811E-004, 6.190E-007, 1.842E-001, 9.481E-003, 2.854E-005, 8.000E+000
 4.400E+002, 8.724E+001, 8.081E+001, 5.731E+001, 3.767E+001, 3.438E+001, 3.561E+001, 3.577E+001, 3.580E+001, 3.766E+001, 3.290E+001, 8.397E+001, 9.557E+001, 8.361E+001, 6.215E+001, 5.061E+001, 4.320E+001, 3.815E+001, 3.645E+001, 3.417E+001, 3.292E+001, 5.631E+001, 2.193E+002, 2.069E+002, 2.047E+002, 2.135E+002, 2.311E+002, 2.538E+002, 2.821E+002, 2.985E+002, 3.358E+002, 3.868E+002, 2.617E+001, 5.197E+001, 7.064E+001, 6.706E+001, 6.227E+001, 5.923E+001, 4.694E+001, 2.709E+001, 2.340E+001, 2.177E+001, 2.111E+001, 7.870E+001, 7.713E+001, 8.024E+001, 8.056E+001, 8.388E+001, 8.289E+001, 8.643E+001, 7.447E+001, 1.095E+002, 1.249E+002, 8.013E+001, 5.819E+001, 9.350E+001, 1.091E+002, 7.512E+001, 9.180E+001, 9.229E+001, 9.040E+001, 9.578E+001, 7.899E+001, 8.110E+001, 7.801E+001, 8.356E+001, 1.019E+002, 9.380E+001, 8.249E+001, 7.859E+001, 7.618E+001, 1.223E+002, 7.858E+001, 7.772E+001, 8.031E+001, 7.555E+001, 8.003E+001, 7.952E+001, 7.568E+001, 7.683E+001, 8.217E+001, 7.468E+001, 7.515E+001, 7.699E+001, 7.209E+001, 7.159E+001, 7.010E+001, 7.189E+001, 7.098E+001, 6.845E+001, 7.420E+001, 6.871E+001, 6.865E+001, 6.663E+001, 6.376E+001, 6.323E+001, 6.607E+001, 7.252E+001, 6.498E+001, 6.468E+001, 6.454E+001, 6.572E+001, 6.665E+001, 6.915E+001, 7.244E+001, 2.065E-001, 4.887E-004, 3.252E-007, 1.819E-001, 1.002E-002, 3.024E-005, 8.000E+000
 4.500E+002, 7.726E+001, 7.131E+001, 5.845E+001, 4.922E+001, 3.912E+001, 2.980E+001, 2.871E+001, 2.944E+001, 3.090E+001, 3.308E+001, 8.044E+001, 8.749E+001, 7.651E+001, 5.964E+001, 5.225E+001, 4.679E+001, 4.216E+001, 3.978E+001, 3.702E+001, 3.568E+001, 5.694E+001, 2.260E+002, 2.194E+002, 2.130E+002, 2.175E+002, 2.358E+002, 2.612E+002, 2.926E+002, 3.117E+002, 3.533E+002, 4.065E+002, 2.630E+001, 5.315E+001, 7.449E+001, 7.046E+001, 6.323E+001, 5.642E+001, 4.346E+001, 2.790E+001, 2.414E+001, 2.135E+001, 2.099E+001, 8.852E+001, 8.480E+001, 8.669E+001, 8.699E+001, 8.582E+001, 8.396E+001, 8.623E+001, 7.984E+001, 1.236E+002, 1.262E+002, 8.090E+001, 7.243E+001, 1.130E+002, 9.714E+001, 7.174E+001, 9.827E+001, 9.507E+001, 8.512E+001, 8.758E+001, 8.303E+001, 8.085E+001, 7.245E+001, 7.924E+001, 1.184E+002, 1.024E+002, 8.509E+001, 7.411E+001, 7.632E+001, 1.102E+002, 7.688E+001, 7.833E+001, 8.142E+001, 7.233E+001, 7.562E+001, 8.173E+001, 7.310E+001, 7.783E+001, 8.361E+001, 7.211E+001, 7.692E+001, 8.218E+001, 7.103E+001, 7.464E+001, 7.310E+001, 7.446E+001, 7.219E+001, 7.056E+001, 7.454E+001, 6.952E+001, 6.934E+001, 6.523E+001, 6.300E+001, 6.415E+001, 6.535E+001, 7.391E+001, 6.644E+001, 6.416E+001, 6.505E+001, 6.705E+001, 6.859E+001, 6.990E+001, 7.487E+001, 2.066E-001, 4.260E-004, 1.291E-007, 1.814E-001, 1.015E-002, 3.065E-005, 8.000E+000
 4.600E+002, 7.623E+001, 7.013E+001, 5.645E+001, 4.659E+001, 3.995E+001, 3.182E+001, 2.984E+001, 2.832E+001, 2.820E+001, 3.326E+001, 7.867E+001, 8.577E+001, 7.587E+001, 5.951E+001, 5.255E+001, 4.793E+001, 4.442E+001, 4.232E+001, 3.885E+001, 3.513E+001, 5.755E+001, 2.039E+002, 1.744E+002, 1.657E+002, 1.649E+002, 1.783E+002, 2.001E+002, 2.289E+002, 2.461E+002, 2.868E+002, 3.410E+002, 2.642E+001, 5.349E+001, 7.574E+001, 7.302E+001, 6.519E+001, 5.619E+001, 4.211E+001, 2.733E+001, 2.375E+001, 2.159E+001, 2.112E+001, 8.088E+001, 7.932E+001, 7.893E+001, 7.974E+001, 8.334E+001, 8.656E+001, 8.923E+001, 7.991E+001, 1.256E+002, 1.218E+002, 7.788E+001, 6.758E+001, 9.106E+001, 9.858E+001, 6.817E+001, 8.793E+001, 8.555E+001, 7.744E+001, 8.388E+001, 7.999E+001, 7.707E+001, 6.856E+001, 7.506E+001, 1.071E+002, 9.061E+001, 8.225E+001, 6.856E+001, 7.162E+001, 1.126E+002, 8.134E+001, 8.217E+001, 8.484E+001, 7.520E+001, 7.835E+001, 8.448E+001, 7.534E+001, 7.733E+001, 8.180E+001, 7.367E+001, 7.750E+001, 8.035E+001, 7.366E+001, 7.600E+001, 7.447E+001, 7.620E+001, 7.097E+001, 6.812E+001, 7.049E+001, 7.089E+001, 7.098E+001, 6.727E+001, 6.431E+001, 6.360E+001, 6.673E+001, 7.056E+001, 6.868E+001, 6.247E+001, 6.537E+001, 6.843E+001, 7.015E+001, 6.972E+001, 7.235E+001, 2.069E-001, 4.067E-004, 6.743E-008, 1.820E-001, 9.876E-003, 2.978E-005, 8.000E+000
 4.700E+002, 8.171E+001, 7.712E+001, 6.253E+001, 4.487E+001, 3.216E+001, 2.863E+001, 2.858E+001, 2.906E+001, 3.025E+001, 3.343E+001, 7.962E+001, 9.021E+001, 8.105E+001, 6.380E+001, 5.700E+001, 5.145E+001, 4.632E+001, 4.348E+001, 3.886E+001, 3.581E+001, 5.816E+001, 2.288E+002, 2.166E+002, 2.092E+002, 2.092E+002, 2.257E+002, 2.523E+002, 2.867E+002, 3.060E+002, 3.524E+002, 4.080E+002, 2.654E+001, 5.309E+001, 7.314E+001, 7.066E+001, 6.369E+001, 5.571E+001, 4.261E+001, 2.717E+001, 2.312E+001, 2.186E+001, 2.141E+001, 8.739E+001, 8.143E+001, 8.240E+001, 8.246E+001, 8.648E+001, 8.920E+001, 9.356E+001, 8.354E+001, 1.321E+002, 1.286E+002, 7.784E+001, 7.097E+001, 1.053E+002, 1.054E+002, 7.322E+001, 8.867E+001, 7.780E+001, 7.722E+001, 8.841E+001, 7.471E+001, 7.239E+001, 6.991E+001, 7.562E+001, 1.151E+002, 9.051E+001, 7.466E+001, 6.821E+001, 7.184E+001, 1.176E+002, 8.196E+001, 8.323E+001, 8.247E+001, 7.505E+001, 7.514E+001, 8.218E+001, 7.458E+001, 7.641E+001, 8.304E+001, 7.376E+001, 7.715E+001, 7.635E+001, 7.237E+001, 7.350E+001, 7.248E+001, 7.189E+001, 6.972E+001, 6.640E+001, 6.881E+001, 7.053E+001, 7.108E+001, 6.816E+001, 6.519E+001, 6.312E+001, 6.526E+001, 6.903E+001, 6.846E+001, 6.605E+001, 6.510E+001, 6.718E+001, 6.741E+001, 6.669E+001, 7.076E+001, 2.066E-001, 4.651E-004, 2.511E-007, 1.799E-001, 1.085E-002, 3.285E-005, 8.000E+000
 4.800E+002, 7.913E+001, 7.640E+001, 6.114E+001, 4.548E+001, 3.294E+001, 2.838E+001, 2.761E+001, 2.779E+001, 2.850E+001, 3.361E+001, 7.908E+001, 8.958E+001, 8.026E+001, 6.647E+001, 5.829E+001, 5.244E+001, 4.772E+001, 4.473E+001, 3.675E+001, 3.530E+001, 5.876E+001, 2.094E+002, 1.899E+002, 1.764E+002, 1.698E+002, 1.784E+002, 1.956E+002, 2.203E+002, 2.339E+002, 2.664E+002, 3.082E+002, 2.665E+001, 5.392E+001, 7.487E+001, 7.131E+001, 6.378E+001, 5.462E+001, 4.340E+001, 2.675E+001, 2.326E+001, 2.200E+001, 2.170E+001, 8.652E+001, 8.408E+001, 8.570E+001, 8.634E+001, 8.578E+001, 8.939E+001, 9.330E+001, 7.616E+001, 1.259E+002, 1.358E+002, 8.015E+001, 7.096E+001, 1.039E+002, 9.736E+001, 6.771E+001, 9.284E+001, 8.730E+001, 7.827E+001, 8.615E+001, 7.797E+001, 7.197E+001, 7.071E+001, 7.882E+001, 1.156E+002, 9.629E+001, 7.491E+001, 6.802E+001, 7.492E+001, 1.095E+002, 8.035E+001, 8.224E+001, 8.186E+001, 7.476E+001, 7.816E+001, 8.581E+001, 7.346E+001, 7.807E+001, 8.589E+001, 7.536E+001, 7.869E+001, 8.122E+001, 7.305E+001, 7.421E+001, 7.425E+001, 6.982E+001, 6.707E+001, 6.725E+001, 7.184E+001, 7.030E+001, 6.961E+001, 6.854E+001, 6.318E+001, 6.279E+001, 6.391E+001, 7.059E+001, 6.773E+001, 6.650E+001, 6.386E+001, 6.511E+001, 6.549E+001, 6.528E+001, 7.085E+001, 2.064E-001, 4.619E-004, 2.422E-007, 1.812E-001, 1.031E-002, 3.113E-005, 8.000E+000
 4.900E+002, 7.742E+001, 7.315E+001, 6.112E+001, 4.548E+001, 3.253E+001, 2.835E+001, 2.790E+001, 2.777E+001, 2.811E+001, 3.377E+001, 7.902E+001, 8.900E+001, 7.939E+001, 6.512E+001, 5.548E+001, 4.750E+001, 4.395E+001, 4.145E+001, 3.574E+001, 3.408E+001, 5.932E+001, 1.959E+002, 1.772E+002, 1.653E+002, 1.597E+002, 1.668E+002, 1.812E+002, 2.021E+002, 2.150E+002, 2.435E+002, 2.714E+002, 2.676E+001, 5.384E+001, 7.542E+001, 7.255E+001, 6.416E+001, 5.722E+001, 4.292E+001, 2.618E+001, 2.358E+001, 2.228E+001, 2.206E+001, 8.448E+001, 8.167E+001, 8.131E+001, 8.362E+001, 8.435E+001, 8.412E+001, 8.873E+001, 7.539E+001, 1.210E+002, 1.230E+002, 7.416E+001, 6.906E+001, 9.361E+001, 9.963E+001, 6.651E+001, 8.808E+001, 8.536E+001, 8.154E+001, 8.636E+001, 7.862E+001, 7.474E+001, 7.325E+001, 7.963E+001, 1.110E+002, 8.905E+001, 7.602E+001, 7.073E+001, 7.719E+001, 1.096E+002, 7.825E+001, 8.178E+001, 8.147E+001, 7.550E+001, 7.753E+001, 8.048E+001, 7.283E+001, 7.564E+001, 8.483E+001, 7.337E+001, 7.811E+001, 7.919E+001, 7.327E+001, 7.536E+001, 7.533E+001, 7.068E+001, 6.752E+001, 6.975E+001, 7.613E+001, 7.177E+001, 7.106E+001, 7.014E+001, 6.433E+001, 6.172E+001, 6.642E+001, 7.346E+001, 6.834E+001, 6.824E+001, 6.350E+001, 6.406E+001, 6.440E+001, 6.533E+001, 7.206E+001, 2.065E-001, 4.951E-004, 3.458E-007, 1.810E-001, 1.025E-002, 3.096E-005, 8.000E+000
 5.000E+002, 7.877E+001, 7.437E+001, 6.383E+001, 4.791E+001, 2.987E+001, 2.600E+001, 2.586E+001, 2.596E+001, 2.689E+001, 3.393E+001, 7.769E+001, 8.517E+001, 7.638E+001, 6.209E+001, 5.629E+001, 4.714E+001, 4.302E+001, 4.061E+001, 3.559E+001, 3.145E+001, 5.985E+001, 2.039E+002, 1.850E+002, 1.698E+002, 1.625E+002, 1.677E+002, 1.809E+002, 2.031E+002, 2.153E+002, 2.449E+002, 2.764E+002, 2.687E+001, 5.374E+001, 7.401E+001, 7.065E+001, 6.274E+001, 5.712E+001, 4.254E+001, 2.653E+001, 2.313E+001, 2.240E+001, 2.226E+001, 8.495E+001, 7.870E+001, 8.023E+001, 8.375E+001, 8.662E+001, 8.687E+001, 9.305E+001, 7.092E+001, 1.197E+002, 1.346E+002, 8.196E+001, 6.429E+001, 9.939E+001, 9.452E+001, 7.228E+001, 8.586E+001, 8.116E+001, 8.206E+001, 8.526E+001, 7.617E+001, 7.015E+001, 6.906E+001, 7.920E+001, 1.072E+002, 8.863E+001, 7.424E+001, 6.744E+001, 7.496E+001, 1.133E+002, 8.097E+001, 8.424E+001, 8.292E+001, 7.737E+001, 7.352E+001, 7.979E+001, 7.418E+001, 7.409E+001, 7.983E+001, 7.358E+001, 7.671E+001, 7.587E+001, 7.283E+001, 7.378E+001, 7.429E+001, 7.053E+001, 6.546E+001, 6.860E+001, 7.398E+001, 7.053E+001, 7.174E+001, 7.067E+001, 6.632E+001, 6.221E+001, 6.823E+001, 7.274E+001, 6.844E+001, 6.841E+001, 6.626E+001, 6.212E+001, 6.352E+001, 6.702E+001, 7.253E+001, 2.062E-001, 5.087E-004, 3.899E-007, 1.806E-001, 1.044E-002, 3.155E-005, 8.000E+000
 5.100E+002, 7.449E+001, 7.085E+001, 6.310E+001, 4.448E+001, 3.265E+001, 2.916E+001, 2.874E+001, 2.802E+001, 2.749E+001, 3.407E+001, 7.532E+001, 8.195E+001, 7.517E+001, 6.205E+001, 5.617E+001, 5.034E+001, 4.526E+001, 4.350E+001, 3.962E+001, 3.689E+001, 6.035E+001, 1.858E+002, 1.642E+002, 1.489E+002, 1.387E+002, 1.404E+002, 1.484E+002, 1.647E+002, 1.750E+002, 1.982E+002, 2.279E+002, 2.698E+001, 5.345E+001, 7.222E+001, 6.807E+001, 6.155E+001, 5.834E+001, 4.435E+001, 2.648E+001, 2.319E+001, 2.189E+001, 2.138E+001, 8.112E+001, 8.026E+001, 8.096E+001, 8.223E+001, 8.185E+001, 8.331E+001, 8.454E+001, 7.617E+001, 1.273E+002, 1.238E+002, 7.264E+001, 6.451E+001, 9.398E+001, 9.122E+001, 6.609E+001, 8.543E+001, 8.115E+001, 7.431E+001, 8.366E+001, 7.326E+001, 7.080E+001, 6.681E+001, 7.636E+001, 1.077E+002, 8.540E+001, 7.222E+001, 6.607E+001, 7.110E+001, 1.057E+002, 7.873E+001, 8.071E+001, 8.239E+001, 7.356E+001, 7.405E+001, 7.890E+001, 7.262E+001, 7.452E+001, 7.901E+001, 7.307E+001, 7.441E+001, 7.647E+001, 7.157E+001, 7.217E+001, 7.291E+001, 6.956E+001, 6.454E+001, 6.573E+001, 7.263E+001, 6.986E+001, 7.006E+001, 6.910E+001, 6.664E+001, 6.365E+001, 6.663E+001, 7.241E+001, 6.749E+001, 6.793E+001, 6.709E+001, 6.142E+001, 6.548E+001, 6.703E+001, 7.208E+001, 2.063E-001, 5.088E-004, 3.894E-007, 1.806E-001, 1.032E-002, 3.118E-005, 8.000E+000
 5.200E+002, 7.329E+001, 6.776E+001, 6.117E+001, 4.264E+001, 3.654E+001, 3.524E+001, 3.478E+001, 3.376E+001, 3.284E+001, 3.421E+001, 7.612E+001, 8.580E+001, 7.625E+001, 5.971E+001, 4.976E+001, 4.383E+001, 3.969E+001, 3.937E+001, 3.916E+001, 3.655E+001, 6.080E+001, 2.072E+002, 2.004E+002, 1.896E+002, 1.864E+002, 1.957E+002, 2.137E+002, 2.385E+002, 2.557E+002, 2.985E+002, 3.491E+002, 2.708E+001, 5.319E+001, 7.016E+001, 6.666E+001, 6.083E+001, 5.642E+001, 4.393E+001, 3.063E+001, 2.541E+001, 2.183E+001, 2.124E+001, 8.812E+001, 8.683E+001, 8.382E+001, 8.438E+001, 8.260E+001, 8.275E+001, 8.485E+001, 7.937E+001, 1.270E+002, 1.408E+002, 7.978E+001, 6.610E+001, 1.018E+002, 9.633E+001, 6.724E+001, 8.762E+001, 8.181E+001, 7.054E+001, 8.342E+001, 7.486E+001, 7.159E+001, 6.546E+001, 7.334E+001, 1.108E+002, 8.568E+001, 7.164E+001, 6.752E+001, 6.841E+001, 1.040E+002, 8.134E+001, 8.142E+001, 8.502E+001, 7.380E+001, 7.463E+001, 7.798E+001, 7.200E+001, 7.504E+001, 8.114E+001, 7.136E+001, 7.381E+001, 7.644E+001, 7.072E+001, 7.144E+001, 7.128E+001, 6.871E+001, 6.485E+001, 6.366E+001, 6.907E+001, 6.937E+001, 6.937E+001, 6.725E+001, 6.458E+001, 6.326E+001, 6.565E+001, 6.920E+001, 6.707E+001, 6.697E+001, 6.546E+001, 6.297E+001, 6.630E+001, 6.860E+001, 7.221E+001, 2.064E-001, 4.809E-004, 3.014E-007, 1.811E-001, 1.024E-002, 3.093E-005, 8.000E+000
 5.300E+002, 7.116E+001, 6.715E+001, 5.856E+001, 4.430E+001, 3.787E+001, 3.565E+001, 3.475E+001, 3.315E+001, 3.184E+001, 3.433E+001, 7.597E+001, 8.103E+001, 7.291E+001, 6.052E+001, 5.354E+001, 4.677E+001, 4.228E+001, 4.099E+001, 3.835E+001, 3.573E+001, 6.119E+001, 2.136E+002, 2.032E+002, 1.926E+002, 1.867E+002, 1.981E+002, 2.197E+002, 2.469E+002, 2.632E+002, 3.008E+002, 3.476E+002, 2.718E+001, 5.307E+001, 6.993E+001, 6.739E+001, 6.186E+001, 5.815E+001, 4.210E+001, 2.639E+001, 2.333E+001, 2.206E+001, 2.138E+001, 8.527E+001, 8.347E+001, 8.385E+001, 8.408E+001, 8.508E+001, 8.425E+001, 8.972E+001, 7.638E+001, 1.208E+002, 1.366E+002, 8.003E+001, 6.466E+001, 1.046E+002, 9.533E+001, 7.005E+001, 9.135E+001, 7.710E+001, 7.409E+001, 8.106E+001, 7.525E+001, 6.771E+001, 6.578E+001, 7.538E+001, 1.115E+002, 8.872E+001, 7.273E+001, 6.699E+001, 6.975E+001, 1.071E+002, 8.109E+001, 8.286E+001, 8.323E+001, 7.265E+001, 7.374E+001, 7.891E+001, 7.104E+001, 7.650E+001, 8.376E+001, 7.236E+001, 7.512E+001, 7.592E+001, 7.060E+001, 7.287E+001, 7.004E+001, 6.687E+001, 6.450E+001, 6.313E+001, 7.064E+001, 6.823E+001, 6.892E+001, 6.629E+001, 6.387E+001, 6.358E+001, 6.401E+001, 6.895E+001, 6.594E+001, 6.563E+001, 6.456E+001, 6.620E+001, 6.669E+001, 6.682E+001, 6.885E+001, 2.066E-001, 4.447E-004, 1.875E-007, 1.811E-001, 1.025E-002, 3.096E-005, 8.000E+000
 5.400E+002, 7.336E+001, 7.024E+001, 5.830E+001, 3.939E+001, 3.181E+001, 3.116E+001, 3.118E+001, 3.116E+001, 3.040E+001, 3.444E+001, 7.775E+001, 8.477E+001, 7.413E+001, 6.030E+001, 5.373E+001, 4.746E+001, 4.379E+001, 4.258E+001, 4.103E+001, 3.787E+001, 6.153E+001, 1.993E+002, 1.852E+002, 1.756E+002, 1.675E+002, 1.751E+002, 1.917E+002, 2.143E+002, 2.272E+002, 2.604E+002, 3.000E+002, 2.728E+001, 5.301E+001, 7.082E+001, 6.773E+001, 6.242E+001, 5.849E+001, 4.124E+001, 2.788E+001, 2.394E+001, 2.230E+001, 2.172E+001, 8.170E+001, 8.167E+001, 8.270E+001, 8.363E+001, 8.431E+001, 8.494E+001, 8.918E+001, 7.134E+001, 1.128E+002, 1.333E+002, 7.751E+001, 6.300E+001, 9.975E+001, 1.008E+002, 6.780E+001, 8.657E+001, 7.779E+001, 8.031E+001, 8.721E+001, 7.525E+001, 6.775E+001, 6.815E+001, 7.792E+001, 1.086E+002, 8.937E+001, 7.402E+001, 6.636E+001, 7.228E+001, 1.151E+002, 7.817E+001, 8.113E+001, 7.980E+001, 7.281E+001, 7.350E+001, 7.789E+001, 7.163E+001, 7.528E+001, 8.031E+001, 7.247E+001, 7.407E+001, 7.421E+001, 7.050E+001, 7.265E+001, 6.979E+001, 6.714E+001, 6.296E+001, 6.508E+001, 7.160E+001, 6.921E+001, 6.905E+001, 6.572E+001, 6.331E+001, 6.219E+001, 6.330E+001, 7.037E+001, 6.579E+001, 6.559E+001, 6.363E+001, 6.382E+001, 6.417E+001, 6.560E+001, 6.962E+001, 2.061E-001, 5.316E-004, 4.617E-007, 1.815E-001, 1.014E-002, 3.061E-005, 8.000E+000
 5.500E+002, 7.442E+001, 7.166E+001, 5.699E+001, 4.091E+001, 3.471E+001, 3.207E+001, 3.104E+001, 2.980E+001, 2.913E+001, 3.453E+001, 7.647E+001, 8.393E+001, 7.484E+001, 6.200E+001, 5.266E+001, 4.736E+001, 4.351E+001, 4.224E+001, 4.058E+001, 3.788E+001, 6.182E+001, 1.915E+002, 1.669E+002, 1.473E+002, 1.389E+002, 1.448E+002, 1.611E+002, 1.817E+002, 1.954E+002, 2.309E+002, 2.762E+002, 2.738E+001, 5.308E+001, 7.123E+001, 6.833E+001, 6.452E+001, 5.646E+001, 4.077E+001, 2.949E+001, 2.427E+001, 2.231E+001, 2.169E+001, 8.379E+001, 8.324E+001, 8.480E+001, 8.452E+001, 8.307E+001, 8.414E+001, 8.801E+001, 7.359E+001, 1.327E+002, 1.290E+002, 7.541E+001, 7.027E+001, 9.325E+001, 9.279E+001, 6.705E+001, 8.675E+001, 8.303E+001, 7.741E+001, 8.394E+001, 7.515E+001, 6.786E+001, 6.893E+001, 7.650E+001, 1.145E+002, 8.754E+001, 7.301E+001, 6.687E+001, 7.259E+001, 1.006E+002, 7.784E+001, 8.084E+001, 8.104E+001, 7.326E+001, 7.311E+001, 7.739E+001, 7.134E+001, 7.305E+001, 7.797E+001, 7.098E+001, 7.248E+001, 7.533E+001, 7.024E+001, 7.150E+001, 6.872E+001, 6.640E+001, 6.206E+001, 6.395E+001, 7.262E+001, 6.872E+001, 6.835E+001, 6.513E+001, 6.179E+001, 6.064E+001, 6.283E+001, 7.133E+001, 6.627E+001, 6.543E+001, 6.264E+001, 6.323E+001, 6.333E+001, 6.542E+001, 7.180E+001, 2.066E-001, 4.398E-004, 1.726E-007, 1.805E-001, 1.045E-002, 3.157E-005, 8.000E+000
 5.600E+002, 7.301E+001, 6.830E+001, 5.444E+001, 4.058E+001, 3.439E+001, 3.273E+001, 3.152E+001, 2.833E+001, 2.713E+001, 3.461E+001, 7.620E+001, 8.481E+001, 7.839E+001, 6.401E+001, 5.355E+001, 4.719E+001, 4.262E+001, 4.076E+001, 3.722E+001, 3.447E+001, 6.209E+001, 1.940E+002, 1.769E+002, 1.651E+002, 1.613E+002, 1.701E+002, 1.858E+002, 2.063E+002, 2.201E+002, 2.526E+002, 2.934E+002, 2.747E+001, 5.382E+001, 7.313E+001, 7.002E+001, 6.411E+001, 5.530E+001, 4.100E+001, 2.816E+001, 2.339E+001, 2.165E+001, 2.117E+001, 8.590E+001, 8.480E+001, 8.587E+001, 8.587E+001, 8.771E+001, 8.824E+001, 8.659E+001, 7.863E+001, 1.316E+002, 1.242E+002, 7.454E+001, 7.491E+001, 9.701E+001, 9.458E+001, 6.146E+001, 9.013E+001, 8.412E+001, 7.426E+001, 8.261E+001, 7.889E+001, 7.169E+001, 6.734E+001, 7.360E+001, 1.166E+002, 8.945E+001, 7.663E+001, 6.593E+001, 6.932E+001, 9.957E+001, 8.100E+001, 8.265E+001, 8.243E+001, 7.489E+001, 7.556E+001, 8.249E+001, 7.247E+001, 7.516E+001, 8.272E+001, 7.138E+001, 7.646E+001, 7.869E+001, 6.947E+001, 7.364E+001, 7.130E+001, 6.712E+001, 6.437E+001, 6.315E+001, 6.966E+001, 6.874E+001, 6.937E+001, 6.558E+001, 6.067E+001, 5.990E+001, 6.207E+001, 7.014E+001, 6.597E+001, 6.478E+001, 6.250E+001, 6.546E+001, 6.493E+001, 6.634E+001, 7.094E+001, 2.071E-001, 4.169E-004, 9.814E-008, 1.806E-001, 1.042E-002, 3.150E-005, 8.000E+000
 5.700E+002, 8.079E+001, 7.907E+001, 6.551E+001, 4.840E+001, 3.653E+001, 3.239E+001, 3.122E+001, 2.890E+001, 2.757E+001, 3.469E+001, 7.604E+001, 8.427E+001, 7.771E+001, 6.521E+001, 5.626E+001, 4.901E+001, 4.460E+001, 4.325E+001, 3.947E+001, 3.607E+001, 6.232E+001, 1.825E+002, 1.592E+002, 1.430E+002, 1.325E+002, 1.355E+002, 1.446E+002, 1.601E+002, 1.687E+002, 1.919E+002, 2.234E+002, 2.756E+001, 5.400E+001, 7.441E+001, 7.224E+001, 6.596E+001, 5.552E+001, 4.134E+001, 2.747E+001, 2.295E+001, 2.136E+001, 2.107E+001, 8.355E+001, 8.049E+001, 8.055E+001, 8.274E+001, 8.653E+001, 8.661E+001, 9.039E+001, 7.345E+001, 1.229E+002, 1.216E+002, 7.224E+001, 6.569E+001, 9.404E+001, 8.940E+001, 6.162E+001, 8.623E+001, 8.239E+001, 8.256E+001, 8.298E+001, 7.654E+001, 7.287E+001, 6.817E+001, 7.613E+001, 1.080E+002, 8.720E+001, 7.608E+001, 6.746E+001, 7.109E+001, 1.048E+002, 8.014E+001, 8.150E+001, 7.981E+001, 7.503E+001, 7.559E+001, 8.035E+001, 7.227E+001, 7.676E+001, 8.231E+001, 7.271E+001, 7.792E+001, 7.832E+001, 7.243E+001, 7.434E+001, 7.338E+001, 6.893E+001, 6.671E+001, 6.451E+001, 6.776E+001, 7.091E+001, 6.937E+001, 6.925E+001, 6.072E+001, 5.979E+001, 6.095E+001, 6.604E+001, 6.731E+001, 6.500E+001, 6.357E+001, 6.542E+001, 6.478E+001, 6.504E+001, 6.790E+001, 2.066E-001, 4.527E-004, 2.124E-007, 1.813E-001, 1.023E-002, 3.089E-005, 8.000E+000
 5.800E+002, 7.491E+001, 6.880E+001, 5.534E+001, 4.300E+001, 3.777E+001, 3.569E+001, 3.445E+001, 3.157E+001, 2.915E+001, 3.475E+001, 7.822E+001, 8.835E+001, 7.833E+001, 6.482E+001, 5.365E+001, 4.746E+001, 4.405E+001, 4.218E+001, 3.742E+001, 3.390E+001, 6.252E+001, 1.866E+002, 1.675E+002, 1.549E+002, 1.446E+002, 1.479E+002, 1.586E+002, 1.756E+002, 1.839E+002, 2.104E+002, 2.477E+002, 2.764E+001, 5.350E+001, 7.181E+001, 7.008E+001, 6.456E+001, 5.600E+001, 4.229E+001, 2.836E+001, 2.403E+001, 2.174E+001, 2.127E+001, 8.271E+001, 8.126E+001, 8.059E+001, 8.349E+001, 8.484E+001, 8.469E+001, 8.699E+001, 7.289E+001, 1.148E+002, 1.319E+002, 7.078E+001, 6.004E+001, 9.506E+001, 9.913E+001, 6.997E+001, 8.751E+001, 8.141E+001, 8.233E+001, 9.021E+001, 7.266E+001, 7.089E+001, 7.110E+001, 8.100E+001, 1.040E+002, 8.534E+001, 7.046E+001, 6.992E+001, 7.467E+001, 1.153E+002, 7.943E+001, 8.254E+001, 8.251E+001, 7.324E+001, 7.256E+001, 7.841E+001, 7.158E+001, 7.460E+001, 8.058E+001, 7.366E+001, 7.678E+001, 7.741E+001, 7.299E+001, 7.434E+001, 7.125E+001, 6.659E+001, 6.544E+001, 6.754E+001, 7.289E+001, 7.038E+001, 6.952E+001, 6.804E+001, 6.122E+001, 6.017E+001, 6.334E+001, 6.966E+001, 6.755E+001, 6.572E+001, 6.289E+001, 6.331E+001, 6.278E+001, 6.265E+001, 6.841E+001, 2.065E-001, 4.398E-004, 1.726E-007, 1.806E-001, 1.039E-002, 3.140E-005, 8.000E+000
 5.900E+002, 7.789E+001, 7.471E+001, 6.081E+001, 4.760E+001, 3.952E+001, 3.566E+001, 3.328E+001, 2.965E+001, 2.839E+001, 3.481E+001, 7.740E+001, 8.440E+001, 7.490E+001, 6.322E+001, 5.217E+001, 4.407E+001, 4.149E+001, 4.061E+001, 3.836E+001, 3.550E+001, 6.267E+001, 1.841E+002, 1.647E+002, 1.515E+002, 1.433E+002, 1.457E+002, 1.553E+002, 1.681E+002, 1.764E+002, 1.978E+002, 2.278E+002, 2.772E+001, 5.324E+001, 7.036E+001, 6.833E+001, 6.326E+001, 5.647E+001, 4.339E+001, 3.061E+001, 2.577E+001, 2.173E+001, 2.145E+001, 8.289E+001, 8.299E+001, 8.081E+001, 8.400E+001, 8.572E+001, 8.510E+001, 8.685E+001, 6.785E+001, 1.109E+002, 1.292E+002, 7.688E+001, 5.855E+001, 8.876E+001, 9.379E+001, 7.100E+001, 8.370E+001, 7.800E+001, 7.845E+001, 8.450E+001, 7.240E+001, 6.806E+001, 6.864E+001, 7.694E+001, 1.042E+002, 8.387E+001, 6.844E+001, 6.723E+001, 7.348E+001, 1.127E+002, 8.005E+001, 7.908E+001, 7.806E+001, 7.362E+001, 7.105E+001, 7.344E+001, 7.166E+001, 7.340E+001, 7.748E+001, 7.156E+001, 7.406E+001, 7.467E+001, 7.142E+001, 7.231E+001, 6.997E+001, 6.600E+001, 6.275E+001, 6.672E+001, 7.303E+001, 6.988E+001, 6.945E+001, 6.691E+001, 6.276E+001, 6.015E+001, 6.574E+001, 7.342E+001, 6.692E+001, 6.578E+001, 6.079E+001, 6.098E+001, 6.191E+001, 6.681E+001, 7.312E+001, 2.067E-001, 4.213E-004, 1.140E-007, 1.799E-001, 1.081E-002, 3.270E-005, 8.000E+000
 6.000E+002, 7.535E+001, 7.201E+001, 5.890E+001, 4.647E+001, 3.835E+001, 3.192E+001, 2.922E+001, 2.639E+001, 2.655E+001, 3.486E+001, 7.763E+001, 8.570E+001, 7.693E+001, 6.394E+001, 5.654E+001, 5.106E+001, 4.577E+001, 4.270E+001, 3.805E+001, 3.584E+001, 6.279E+001, 1.761E+002, 1.487E+002, 1.309E+002, 1.207E+002, 1.223E+002, 1.260E+002, 1.366E+002, 1.457E+002, 1.651E+002, 1.913E+002, 2.779E+001, 5.317E+001, 7.124E+001, 7.006E+001, 6.349E+001, 5.482E+001, 4.302E+001, 2.930E+001, 2.482E+001, 2.195E+001, 2.127E+001, 8.317E+001, 8.017E+001, 7.813E+001, 7.902E+001, 8.117E+001, 8.275E+001, 8.565E+001, 6.944E+001, 1.116E+002, 1.263E+002, 7.002E+001, 5.667E+001, 8.952E+001, 8.641E+001, 7.244E+001, 8.311E+001, 7.787E+001, 7.735E+001, 8.694E+001, 7.280E+001, 6.584E+001, 6.773E+001, 7.879E+001, 1.036E+002, 7.997E+001, 6.733E+001, 6.404E+001, 7.299E+001, 1.088E+002, 7.587E+001, 7.748E+001, 7.974E+001, 7.015E+001, 6.925E+001, 7.267E+001, 6.988E+001, 7.260E+001, 7.651E+001, 7.042E+001, 7.375E+001, 7.455E+001, 6.937E+001, 7.037E+001, 7.084E+001, 6.676E+001, 6.318E+001, 6.398E+001, 7.258E+001, 6.782E+001, 6.796E+001, 6.697E+001, 6.361E+001, 6.125E+001, 6.626E+001, 7.174E+001, 6.659E+001, 6.516E+001, 6.227E+001, 6.358E+001, 6.570E+001, 6.834E+001, 7.198E+001, 2.063E-001, 4.827E-004, 3.079E-007, 1.821E-001, 9.793E-003, 2.952E-005, 8.000E+000
 6.100E+002, 7.388E+001, 6.880E+001, 5.873E+001, 4.245E+001, 3.277E+001, 2.946E+001, 2.873E+001, 2.833E+001, 2.849E+001, 3.491E+001, 7.718E+001, 8.392E+001, 7.576E+001, 6.333E+001, 5.385E+001, 4.893E+001, 4.531E+001, 4.368E+001, 3.981E+001, 3.743E+001, 6.288E+001, 1.928E+002, 1.789E+002, 1.689E+002, 1.687E+002, 1.821E+002, 2.045E+002, 2.322E+002, 2.495E+002, 2.875E+002, 3.320E+002, 2.787E+001, 5.286E+001, 7.029E+001, 6.823E+001, 6.071E+001, 5.434E+001, 4.304E+001, 2.856E+001, 2.354E+001, 2.218E+001, 2.162E+001, 8.330E+001, 8.344E+001, 8.104E+001, 8.348E+001, 8.392E+001, 8.265E+001, 8.512E+001, 7.426E+001, 1.192E+002, 1.351E+002, 8.051E+001, 6.505E+001, 9.449E+001, 9.180E+001, 6.767E+001, 8.331E+001, 7.544E+001, 7.852E+001, 8.300E+001, 7.137E+001, 6.676E+001, 6.913E+001, 7.486E+001, 1.032E+002, 8.015E+001, 6.825E+001, 6.403E+001, 6.933E+001, 1.118E+002, 7.510E+001, 8.034E+001, 8.005E+001, 7.020E+001, 6.779E+001, 6.947E+001, 6.811E+001, 7.176E+001, 7.646E+001, 6.908E+001, 7.170E+001, 7.186E+001, 6.925E+001, 6.988E+001, 6.946E+001, 6.655E+001, 6.369E+001, 6.528E+001, 6.916E+001, 6.770E+001, 6.676E+001, 6.631E+001, 6.308E+001, 6.338E+001, 6.541E+001, 7.139E+001, 6.517E+001, 6.429E+001, 6.383E+001, 6.521E+001, 6.632E+001, 6.874E+001, 7.230E+001, 2.065E-001, 4.923E-004, 3.367E-007, 1.800E-001, 1.073E-002, 3.246E-005, 8.000E+000
 6.200E+002, 7.819E+001, 7.271E+001, 5.993E+001, 4.744E+001, 3.677E+001, 3.186E+001, 3.102E+001, 2.934E+001, 2.881E+001, 3.496E+001, 7.966E+001, 8.879E+001, 7.753E+001, 5.851E+001, 4.724E+001, 4.359E+001, 4.181E+001, 4.118E+001, 4.103E+001, 3.927E+001, 6.292E+001, 1.904E+002, 1.856E+002, 1.782E+002, 1.771E+002, 1.900E+002, 2.131E+002, 2.374E+002, 2.526E+002, 2.828E+002, 3.233E+002, 2.794E+001, 5.259E+001, 6.900E+001, 6.723E+001, 6.206E+001, 5.353E+001, 4.229E+001, 2.757E+001, 2.352E+001, 2.205E+001, 2.166E+001, 8.404E+001, 8.448E+001, 8.306E+001, 8.405E+001, 8.678E+001, 8.539E+001, 8.805E+001, 6.737E+001, 1.022E+002, 1.276E+002, 7.866E+001, 6.282E+001, 1.032E+002, 1.039E+002, 7.260E+001, 8.890E+001, 8.024E+001, 8.272E+001, 8.825E+001, 6.978E+001, 6.792E+001, 7.003E+001, 7.649E+001, 1.046E+002, 8.851E+001, 6.920E+001, 6.475E+001, 7.301E+001, 1.167E+002, 7.433E+001, 7.675E+001, 7.720E+001, 6.956E+001, 6.769E+001, 7.289E+001, 6.894E+001, 7.163E+001, 7.829E+001, 6.856E+001, 7.073E+001, 7.164E+001, 6.801E+001, 6.758E+001, 6.767E+001, 6.602E+001, 6.198E+001, 6.258E+001, 7.058E+001, 6.640E+001, 6.570E+001, 6.322E+001, 6.263E+001, 6.288E+001, 6.318E+001, 6.962E+001, 6.515E+001, 6.320E+001, 6.451E+001, 6.638E+001, 6.728E+001, 6.747E+001, 7.063E+001, 2.065E-001, 5.012E-004, 3.643E-007, 1.826E-001, 9.810E-003, 2.957E-005, 8.000E+000
 6.300E+002, 8.813E+001, 8.235E+001, 6.055E+001, 4.327E+001, 3.388E+001, 3.320E+001, 3.320E+001, 3.162E+001, 3.099E+001, 3.500E+001, 8.025E+001, 8.812E+001, 7.573E+001, 5.856E+001, 4.965E+001, 4.317E+001, 4.066E+001, 3.925E+001, 3.870E+001, 3.774E+001, 6.293E+001, 1.944E+002, 1.903E+002, 1.856E+002, 1.837E+002, 1.956E+002, 2.153E+002, 2.408E+002, 2.547E+002, 2.900E+002, 3.378E+002, 2.800E+001, 5.361E+001, 7.067E+001, 6.696E+001, 6.255E+001, 5.428E+001, 4.372E+001, 3.007E+001, 2.446E+001, 2.197E+001, 2.121E+001, 8.342E+001, 7.954E+001, 7.917E+001, 7.845E+001, 8.078E+001, 7.925E+001, 7.908E+001, 8.090E+001, 1.136E+002, 1.102E+002, 7.475E+001, 7.468E+001, 1.118E+002, 9.995E+001, 6.036E+001, 9.609E+001, 9.013E+001, 8.300E+001, 8.735E+001, 7.778E+001, 7.629E+001, 7.122E+001, 7.650E+001, 1.214E+002, 9.946E+001, 7.990E+001, 7.554E+001, 7.224E+001, 9.937E+001, 7.320E+001, 7.520E+001, 8.045E+001, 6.832E+001, 7.366E+001, 8.135E+001, 7.315E+001, 8.004E+001, 8.629E+001, 7.252E+001, 7.672E+001, 8.007E+001, 7.010E+001, 6.987E+001, 6.923E+001, 6.773E+001, 6.222E+001, 6.399E+001, 7.004E+001, 6.579E+001, 6.395E+001, 6.306E+001, 6.260E+001, 6.151E+001, 6.296E+001, 7.011E+001, 6.378E+001, 6.260E+001, 6.442E+001, 6.554E+001, 6.512E+001, 6.727E+001, 7.175E+001, 2.068E-001, 4.531E-004, 2.127E-007, 1.827E-001, 9.765E-003, 2.943E-005, 8.000E+000
 6.400E+002, 8.214E+001, 7.912E+001, 6.639E+001, 4.898E+001, 3.492E+001, 2.948E+001, 2.945E+001, 2.952E+001, 3.048E+001, 3.504E+001, 8.188E+001, 9.190E+001, 8.015E+001, 5.734E+001, 4.750E+001, 4.566E+001, 4.346E+001, 4.217E+001, 3.946E+001, 3.713E+001, 6.292E+001, 2.070E+002, 2.097E+002, 2.079E+002, 2.109E+002, 2.267E+002, 2.506E+002, 2.798E+002, 2.973E+002, 3.379E+002, 3.872E+002, 2.806E+001, 5.419E+001, 7.310E+001, 6.884E+001, 6.285E+001, 5.699E+001, 4.487E+001, 2.688E+001, 2.286E+001, 2.152E+001, 2.088E+001, 8.096E+001, 7.641E+001, 7.807E+001, 7.915E+001, 7.679E+001, 7.454E+001, 7.946E+001, 7.921E+001, 1.274E+002, 1.136E+002, 7.585E+001, 6.322E+001, 1.002E+002, 1.055E+002, 7.168E+001, 8.854E+001, 8.590E+001, 8.664E+001, 9.094E+001, 7.915E+001, 8.249E+001, 7.841E+001, 7.503E+001, 1.037E+002, 9.033E+001, 8.030E+001, 8.109E+001, 7.663E+001, 1.170E+002, 7.908E+001, 7.826E+001, 8.047E+001, 7.271E+001, 7.497E+001, 7.950E+001, 7.513E+001, 7.747E+001, 8.321E+001, 7.383E+001, 7.811E+001, 8.006E+001, 7.259E+001, 7.382E+001, 7.272E+001, 7.427E+001, 7.190E+001, 7.170E+001, 6.935E+001, 6.912E+001, 6.667E+001, 6.365E+001, 6.354E+001, 6.094E+001, 6.456E+001, 6.867E+001, 6.570E+001, 6.191E+001, 6.433E+001, 6.608E+001, 6.621E+001, 6.482E+001, 6.919E+001, 2.058E-001, 5.327E-004, 4.667E-007, 1.841E-001, 9.083E-003, 2.729E-005, 8.000E+000
 6.500E+002, 7.657E+001, 7.233E+001, 6.122E+001, 4.620E+001, 3.476E+001, 2.848E+001, 2.801E+001, 2.849E+001, 2.925E+001, 3.508E+001, 8.294E+001, 9.553E+001, 8.483E+001, 6.381E+001, 5.248E+001, 4.877E+001, 4.436E+001, 4.187E+001, 3.850E+001, 3.614E+001, 6.290E+001, 2.025E+002, 1.991E+002, 1.956E+002, 2.013E+002, 2.171E+002, 2.416E+002, 2.681E+002, 2.829E+002, 3.175E+002, 3.593E+002, 2.812E+001, 5.346E+001, 7.067E+001, 6.844E+001, 6.456E+001, 5.914E+001, 4.279E+001, 2.699E+001, 2.282E+001, 2.129E+001, 2.105E+001, 7.890E+001, 7.670E+001, 7.913E+001, 7.909E+001, 8.182E+001, 8.212E+001, 9.142E+001, 7.566E+001, 1.118E+002, 1.233E+002, 7.728E+001, 5.969E+001, 9.371E+001, 1.123E+002, 7.487E+001, 8.891E+001, 8.571E+001, 8.635E+001, 9.418E+001, 7.346E+001, 7.451E+001, 7.430E+001, 8.019E+001, 9.962E+001, 8.952E+001, 7.236E+001, 7.459E+001, 7.678E+001, 1.207E+002, 7.926E+001, 7.922E+001, 8.015E+001, 7.363E+001, 7.357E+001, 7.556E+001, 7.286E+001, 7.636E+001, 8.201E+001, 7.161E+001, 7.765E+001, 7.606E+001, 7.177E+001, 7.274E+001, 7.046E+001, 6.911E+001, 7.074E+001, 7.259E+001, 7.420E+001, 7.086E+001, 6.964E+001, 6.603E+001, 6.437E+001, 6.572E+001, 6.846E+001, 7.205E+001, 6.779E+001, 6.295E+001, 6.270E+001, 6.336E+001, 6.415E+001, 6.625E+001, 7.116E+001, 2.066E-001, 4.404E-004, 1.743E-007, 1.819E-001, 9.980E-003, 3.011E-005, 8.000E+000
 6.600E+002, 7.944E+001, 7.404E+001, 5.993E+001, 4.680E+001, 4.069E+001, 3.625E+001, 3.498E+001, 3.306E+001, 3.110E+001, 3.513E+001, 8.047E+001, 9.061E+001, 7.944E+001, 6.125E+001, 5.218E+001, 4.812E+001, 4.445E+001, 4.269E+001, 3.870E+001, 3.586E+001, 6.289E+001, 1.990E+002, 1.850E+002, 1.738E+002, 1.710E+002, 1.773E+002, 1.948E+002, 2.190E+002, 2.335E+002, 2.673E+002, 3.099E+002, 2.817E+001, 5.347E+001, 7.003E+001, 6.612E+001, 6.316E+001, 5.860E+001, 4.435E+001, 2.824E+001, 2.533E+001, 2.257E+001, 2.217E+001, 8.275E+001, 7.971E+001, 8.366E+001, 8.210E+001, 8.436E+001, 8.444E+001, 8.973E+001, 7.344E+001, 1.137E+002, 1.310E+002, 7.875E+001, 5.730E+001, 9.451E+001, 9.812E+001, 6.855E+001, 9.032E+001, 8.492E+001, 8.489E+001, 8.777E+001, 7.678E+001, 7.060E+001, 7.437E+001, 7.894E+001, 1.008E+002, 9.104E+001, 7.481E+001, 7.138E+001, 7.638E+001, 1.109E+002, 7.660E+001, 7.556E+001, 7.783E+001, 7.213E+001, 7.136E+001, 7.323E+001, 7.140E+001, 7.544E+001, 8.047E+001, 7.111E+001, 7.750E+001, 7.632E+001, 7.122E+001, 7.250E+001, 6.949E+001, 6.662E+001, 6.693E+001, 7.083E+001, 7.472E+001, 6.870E+001, 6.830E+001, 6.610E+001, 6.283E+001, 6.537E+001, 6.809E+001, 7.409E+001, 6.743E+001, 6.557E+001, 6.153E+001, 6.346E+001, 6.523E+001, 6.801E+001, 7.381E+001, 2.065E-001, 4.656E-004, 2.535E-007, 1.809E-001, 1.039E-002, 3.138E-005, 8.000E+000
 6.700E+002, 7.858E+001, 7.014E+001, 5.393E+001, 4.434E+001, 3.902E+001, 3.530E+001, 3.368E+001, 3.095E+001, 2.940E+001, 3.518E+001, 7.959E+001, 8.684E+001, 7.558E+001, 6.242E+001, 5.639E+001, 4.960E+001, 4.401E+001, 4.281E+001, 3.951E+001, 3.464E+001, 6.289E+001, 1.919E+002, 1.719E+002, 1.605E+002, 1.519E+002, 1.575E+002, 1.723E+002, 1.948E+002, 2.090E+002, 2.440E+002, 2.857E+002, 2.823E+001, 5.376E+001, 7.256E+001, 6.969E+001, 6.259E+001, 5.775E+001, 4.328E+001, 2.864E+001, 2.551E+001, 2.279E+001, 2.234E+001, 8.129E+001, 7.962E+001, 8.127E+001, 8.104E+001, 8.282E+001, 8.419E+001, 8.696E+001, 7.475E+001, 1.229E+002, 1.289E+002, 7.348E+001, 6.943E+001, 9.076E+001, 9.724E+001, 6.845E+001, 8.455E+001, 8.444E+001, 7.885E+001, 8.673E+001, 7.573E+001, 7.384E+001, 7.439E+001, 7.608E+001, 1.066E+002, 8.699E+001, 7.531E+001, 7.118E+001, 7.354E+001, 1.109E+002, 7.831E+001, 8.052E+001, 8.054E+001, 7.043E+001, 7.242E+001, 7.793E+001, 7.029E+001, 7.463E+001, 7.918E+001, 7.172E+001, 7.695E+001, 7.666E+001, 7.175E+001, 7.359E+001, 7.049E+001, 6.768E+001, 6.438E+001, 7.063E+001, 7.432E+001, 6.875E+001, 6.799E+001, 6.572E+001, 6.465E+001, 6.354E+001, 6.811E+001, 7.329E+001, 6.596E+001, 6.471E+001, 6.299E+001, 6.598E+001, 6.549E+001, 6.882E+001, 7.254E+001, 2.068E-001, 4.351E-004, 1.566E-007, 1.825E-001, 9.656E-003, 2.909E-005, 8.000E+000
 6.800E+002, 7.864E+001, 7.386E+001, 5.950E+001, 4.693E+001, 4.205E+001, 3.893E+001, 3.724E+001, 3.383E+001, 3.210E+001, 3.523E+001, 8.019E+001, 9.041E+001, 7.830E+001, 6.055E+001, 5.400E+001, 4.755E+001, 4.065E+001, 3.804E+001, 3.411E+001, 3.031E+001, 6.291E+001, 2.111E+002, 2.083E+002, 1.974E+002, 2.026E+002, 2.190E+002, 2.473E+002, 2.823E+002, 2.996E+002, 3.377E+002, 3.811E+002, 2.828E+001, 5.374E+001, 7.126E+001, 6.835E+001, 6.249E+001, 5.857E+001, 4.397E+001, 2.823E+001, 2.391E+001, 2.162E+001, 2.121E+001, 9.094E+001, 8.760E+001, 8.692E+001, 8.536E+001, 8.408E+001, 8.375E+001, 8.916E+001, 7.614E+001, 1.220E+002, 1.308E+002, 7.510E+001, 7.210E+001, 1.068E+002, 1.059E+002, 6.758E+001, 9.197E+001, 8.366E+001, 7.869E+001, 8.758E+001, 7.390E+001, 7.528E+001, 6.950E+001, 7.626E+001, 1.215E+002, 9.131E+001, 7.499E+001, 7.014E+001, 7.103E+001, 1.091E+002, 7.747E+001, 7.785E+001, 7.974E+001, 7.245E+001, 7.345E+001, 8.041E+001, 7.115E+001, 7.558E+001, 8.396E+001, 7.440E+001, 7.717E+001, 7.643E+001, 7.189E+001, 7.179E+001, 6.989E+001, 6.913E+001, 6.530E+001, 6.774E+001, 7.181E+001, 6.938E+001, 6.814E+001, 6.692E+001, 6.563E+001, 6.267E+001, 6.769E+001, 7.214E+001, 6.673E+001, 6.514E+001, 6.393E+001, 6.571E+001, 6.603E+001, 6.820E+001, 7.209E+001, 2.065E-001, 4.712E-004, 2.707E-007, 1.805E-001, 1.064E-002, 3.219E-005, 8.000E+000
 6.900E+002, 8.102E+001, 7.563E+001, 6.398E+001, 4.938E+001, 3.743E+001, 3.129E+001, 2.946E+001, 2.816E+001, 2.781E+001, 3.529E+001, 7.922E+001, 8.896E+001, 8.055E+001, 6.813E+001, 5.873E+001, 4.957E+001, 4.407E+001, 4.115E+001, 3.546E+001, 3.087E+001, 6.294E+001, 1.935E+002, 1.668E+002, 1.468E+002, 1.358E+002, 1.373E+002, 1.462E+002, 1.631E+002, 1.698E+002, 1.864E+002, 2.089E+002, 2.832E+001, 5.405E+001, 7.289E+001, 6.849E+001, 6.092E+001, 5.695E+001, 4.351E+001, 2.673E+001, 2.292E+001, 2.128E+001, 2.104E+001, 8.757E+001, 8.676E+001, 8.674E+001, 8.844E+001, 8.686E+001, 8.570E+001, 8.560E+001, 6.673E+001, 1.140E+002, 1.358E+002, 7.102E+001, 6.529E+001, 9.450E+001, 9.693E+001, 7.195E+001, 8.678E+001, 8.275E+001, 8.290E+001, 9.050E+001, 7.638E+001, 7.428E+001, 7.090E+001, 7.759E+001, 1.086E+002, 8.648E+001, 7.592E+001, 7.152E+001, 7.329E+001, 1.179E+002, 7.837E+001, 7.985E+001, 8.083E+001, 7.281E+001, 7.360E+001, 7.916E+001, 7.171E+001, 7.545E+001, 8.056E+001, 7.252E+001, 7.711E+001, 7.848E+001, 7.267E+001, 7.323E+001, 7.155E+001, 7.039E+001, 6.721E+001, 6.540E+001, 7.061E+001, 7.064E+001, 6.846E+001, 6.737E+001, 6.436E+001, 6.229E+001, 6.502E+001, 6.944E+001, 6.744E+001, 6.582E+001, 6.325E+001, 6.522E+001, 6.590E+001, 6.692E+001, 7.090E+001, 2.059E-001, 5.423E-004, 4.965E-007, 1.792E-001, 1.092E-002, 3.306E-005, 8.000E+000
 7.000E+002, 7.393E+001, 6.853E+001, 5.417E+001, 3.889E+001, 3.009E+001, 2.701E+001, 2.662E+001, 2.708E+001, 2.781E+001, 3.534E+001, 7.866E+001, 8.201E+001, 7.339E+001, 6.665E+001, 5.927E+001, 5.019E+001, 4.381E+001, 4.085E+001, 3.863E+001, 3.601E+001, 6.298E+001, 1.875E+002, 1.618E+002, 1.491E+002, 1.393E+002, 1.408E+002, 1.487E+002, 1.639E+002, 1.738E+002, 1.985E+002, 2.338E+002, 2.837E+001, 5.364E+001, 7.136E+001, 6.812E+001, 6.127E+001, 5.694E+001, 4.417E+001, 2.641E+001, 2.302E+001, 2.154E+001, 2.108E+001, 8.453E+001, 8.268E+001, 8.364E+001, 8.556E+001, 8.499E+001, 8.532E+001, 8.860E+001, 6.790E+001, 1.116E+002, 1.321E+002, 7.722E+001, 6.439E+001, 9.640E+001, 9.337E+001, 6.870E+001, 8.674E+001, 8.014E+001, 8.014E+001, 8.647E+001, 7.276E+001, 6.925E+001, 7.069E+001, 7.690E+001, 1.068E+002, 8.332E+001, 7.213E+001, 6.975E+001, 7.299E+001, 1.127E+002, 7.752E+001, 8.101E+001, 7.949E+001, 7.303E+001, 7.302E+001, 7.752E+001, 7.179E+001, 7.576E+001, 7.920E+001, 7.136E+001, 7.544E+001, 7.715E+001, 7.123E+001, 7.266E+001, 7.084E+001, 6.843E+001, 6.654E+001, 6.645E+001, 7.177E+001, 6.944E+001, 7.003E+001, 6.709E+001, 6.299E+001, 6.301E+001, 6.322E+001, 6.910E+001, 6.750E+001, 6.618E+001, 6.353E+001, 6.566E+001, 6.635E+001, 6.750E+001, 7.178E+001, 2.060E-001, 5.704E-004, 5.835E-007, 1.809E-001, 1.027E-002, 3.103E-005, 8.000E+000
 7.100E+002, 8.672E+001, 7.792E+001, 5.802E+001, 4.493E+001, 3.580E+001, 2.897E+001, 2.779E+001, 2.728E+001, 2.812E+001, 3.540E+001, 7.956E+001, 8.894E+001, 7.837E+001, 6.309E+001, 5.652E+001, 4.967E+001, 4.406E+001, 4.157E+001, 3.816E+001, 3.438E+001, 6.303E+001, 2.000E+002, 1.924E+002, 1.883E+002, 1.876E+002, 1.978E+002, 2.213E+002, 2.516E+002, 2.696E+002, 3.101E+002, 3.599E+002, 2.841E+001, 5.431E+001, 7.220E+001, 6.922E+001, 6.287E+001, 5.663E+001, 4.446E+001, 2.812E+001, 2.359E+001, 2.168E+001, 2.145E+001, 9.103E+001, 8.626E+001, 8.266E+001, 8.257E+001, 8.079E+001, 7.868E+001, 8.084E+001, 7.505E+001, 1.167E+002, 1.180E+002, 6.500E+001, 6.595E+001, 9.435E+001, 9.882E+001, 6.886E+001, 8.936E+001, 8.228E+001, 8.201E+001, 8.825E+001, 7.588E+001, 7.074E+001, 7.132E+001, 7.735E+001, 1.061E+002, 8.692E+001, 7.338E+001, 6.886E+001, 7.426E+001, 1.146E+002, 7.542E+001, 7.866E+001, 7.698E+001, 7.211E+001, 7.254E+001, 7.564E+001, 7.094E+001, 7.336E+001, 7.862E+001, 7.137E+001, 7.548E+001, 7.803E+001, 7.065E+001, 7.263E+001, 7.169E+001, 6.846E+001, 6.501E+001, 6.713E+001, 7.343E+001, 6.877E+001, 6.961E+001, 6.759E+001, 6.291E+001, 6.233E+001, 6.498E+001, 7.175E+001, 6.633E+001, 6.594E+001, 6.485E+001, 6.641E+001, 6.615E+001, 6.636E+001, 7.093E+001, 2.061E-001, 5.245E-004, 4.395E-007, 1.811E-001, 1.042E-002, 3.148E-005, 8.000E+000
 7.200E+002, 8.900E+001, 8.438E+001, 6.285E+001, 4.007E+001, 3.162E+001, 2.835E+001, 2.784E+001, 2.825E+001, 2.937E+001, 3.546E+001, 8.341E+001, 9.676E+001, 8.514E+001, 6.332E+001, 5.354E+001, 4.986E+001, 4.576E+001, 4.327E+001, 3.963E+001, 3.527E+001, 6.308E+001, 2.441E+002, 2.466E+002, 2.483E+002, 2.654E+002, 2.988E+002, 3.411E+002, 3.885E+002, 4.147E+002, 4.742E+002, 5.390E+002, 2.846E+001, 5.393E+001, 7.206E+001, 6.912E+001, 6.235E+001, 5.561E+001, 4.208E+001, 3.010E+001, 2.423E+001, 2.153E+001, 2.161E+001, 8.504E+001, 8.300E+001, 8.517E+001, 8.439E+001, 8.597E+001, 8.423E+001, 8.765E+001, 7.977E+001, 1.242E+002, 1.334E+002, 8.044E+001, 6.810E+001, 1.080E+002, 1.133E+002, 7.218E+001, 8.813E+001, 8.635E+001, 8.476E+001, 9.405E+001, 7.551E+001, 7.461E+001, 7.390E+001, 7.846E+001, 1.089E+002, 9.170E+001, 7.508E+001, 7.081E+001, 7.442E+001, 1.228E+002, 7.731E+001, 7.905E+001, 7.977E+001, 7.191E+001, 7.295E+001, 8.002E+001, 7.099E+001, 7.397E+001, 7.975E+001, 7.093E+001, 7.415E+001, 7.532E+001, 7.169E+001, 7.288E+001, 7.226E+001, 7.062E+001, 6.765E+001, 6.622E+001, 7.144E+001, 6.976E+001, 6.950E+001, 6.759E+001, 6.207E+001, 6.109E+001, 6.514E+001, 7.130E+001, 6.721E+001, 6.542E+001, 6.361E+001, 6.522E+001, 6.612E+001, 6.856E+001, 7.289E+001, 2.068E-001, 4.532E-004, 2.129E-007, 1.804E-001, 1.093E-002, 3.309E-005, 8.000E+000
 7.300E+002, 7.960E+001, 7.443E+001, 5.404E+001, 4.094E+001, 3.732E+001, 3.409E+001, 3.220E+001, 2.989E+001, 2.966E+001, 3.551E+001, 8.291E+001, 9.653E+001, 8.500E+001, 6.569E+001, 5.154E+001, 4.610E+001, 4.312E+001, 4.046E+001, 3.664E+001, 3.323E+001, 6.313E+001, 2.326E+002, 2.212E+002, 2.138E+002, 2.169E+002, 2.342E+002, 2.601E+002, 2.955E+002, 3.159E+002, 3.653E+002, 4.188E+002, 2.850E+001, 5.456E+001, 7.397E+001, 7.066E+001, 6.327E+001, 5.811E+001, 4.377E+001, 2.723E+001, 2.329E+001, 2.170E+001, 2.164E+001, 8.690E+001, 8.340E+001, 8.420E+001, 8.493E+001, 8.691E+001, 8.698E+001, 9.478E+001, 7.671E+001, 1.181E+002, 1.342E+002, 8.418E+001, 6.005E+001, 1.003E+002, 1.123E+002, 7.726E+001, 9.005E+001, 9.065E+001, 8.966E+001, 9.450E+001, 7.725E+001, 7.679E+001, 7.842E+001, 8.281E+001, 1.023E+002, 9.201E+001, 7.674E+001, 7.618E+001, 7.944E+001, 1.205E+002, 7.366E+001, 7.492E+001, 7.699E+001, 7.209E+001, 7.299E+001, 7.704E+001, 7.192E+001, 7.486E+001, 7.988E+001, 7.174E+001, 7.453E+001, 7.852E+001, 7.120E+001, 7.128E+001, 7.231E+001, 6.744E+001, 6.593E+001, 6.920E+001, 7.535E+001, 6.907E+001, 6.801E+001, 6.580E+001, 6.293E+001, 6.144E+001, 6.572E+001, 7.386E+001, 6.702E+001, 6.595E+001, 6.422E+001, 6.677E+001, 6.726E+001, 6.842E+001, 7.423E+001, 2.062E-001, 4.969E-004, 3.530E-007, 1.812E-001, 1.017E-002, 3.072E-005, 8.000E+000
 7.400E+002, 8.204E+001, 7.439E+001, 5.483E+001, 4.324E+001, 3.843E+001, 3.447E+001, 3.320E+001, 3.154E+001, 3.119E+001, 3.556E+001, 8.005E+001, 8.875E+001, 8.262E+001, 6.525E+001, 5.315E+001, 4.768E+001, 4.438E+001, 4.188E+001, 3.733E+001, 3.250E+001, 6.320E+001, 2.072E+002, 1.837E+002, 1.690E+002, 1.579E+002, 1.628E+002, 1.780E+002, 1.994E+002, 2.110E+002, 2.432E+002, 2.830E+002, 2.854E+001, 5.424E+001, 7.309E+001, 6.966E+001, 6.207E+001, 5.841E+001, 4.336E+001, 2.731E+001, 2.329E+001, 2.146E+001, 2.101E+001, 8.995E+001, 8.679E+001, 8.212E+001, 8.253E+001, 8.553E+001, 8.531E+001, 9.077E+001, 7.434E+001, 1.178E+002, 1.326E+002, 7.769E+001, 5.985E+001, 8.883E+001, 9.658E+001, 6.711E+001, 8.197E+001, 8.510E+001, 8.512E+001, 8.776E+001, 7.510E+001, 7.649E+001, 7.421E+001, 8.087E+001, 9.659E+001, 8.578E+001, 7.609E+001, 7.264E+001, 7.679E+001, 1.064E+002, 7.662E+001, 7.937E+001, 7.875E+001, 7.214E+001, 7.234E+001, 7.602E+001, 7.034E+001, 7.412E+001, 7.580E+001, 7.069E+001, 7.348E+001, 7.633E+001, 6.937E+001, 7.264E+001, 7.133E+001, 6.758E+001, 6.390E+001, 6.941E+001, 7.545E+001, 6.734E+001, 6.663E+001, 6.475E+001, 6.273E+001, 6.207E+001, 6.832E+001, 7.564E+001, 6.566E+001, 6.422E+001, 6.565E+001, 6.902E+001, 7.003E+001, 7.106E+001, 7.647E+001, 2.066E-001, 4.983E-004, 3.547E-007, 1.805E-001, 1.048E-002, 3.169E-005, 8.000E+000
 7.500E+002, 7.942E+001, 7.821E+001, 5.843E+001, 4.612E+001, 3.927E+001, 3.553E+001, 3.383E+001, 3.123E+001, 2.921E+001, 3.561E+001, 8.083E+001, 8.901E+001, 7.954E+001, 6.428E+001, 5.267E+001, 4.823E+001, 4.456E+001, 4.329E+001, 3.937E+001, 3.587E+001, 6.330E+001, 2.069E+002, 1.975E+002, 1.895E+002, 1.862E+002, 1.973E+002, 2.170E+002, 2.445E+002, 2.602E+002, 2.981E+002, 3.449E+002, 2.858E+001, 5.389E+001, 7.092E+001, 6.791E+001, 6.423E+001, 5.750E+001, 4.268E+001, 2.545E+001, 2.220E+001, 2.123E+001, 2.089E+001, 8.431E+001, 8.033E+001, 8.229E+001, 8.314E+001, 8.552E+001, 8.465E+001, 9.105E+001, 7.936E+001, 1.158E+002, 1.400E+002, 8.213E+001, 6.435E+001, 9.101E+001, 1.011E+002, 7.227E+001, 8.388E+001, 7.837E+001, 8.138E+001, 8.861E+001, 7.364E+001, 7.209E+001, 7.024E+001, 8.006E+001, 1.008E+002, 8.126E+001, 7.340E+001, 6.912E+001, 7.441E+001, 1.142E+002, 8.110E+001, 8.110E+001, 7.883E+001, 7.238E+001, 7.060E+001, 7.584E+001, 7.101E+001, 7.191E+001, 7.613E+001, 7.048E+001, 7.202E+001, 7.332E+001, 6.886E+001, 7.045E+001, 6.905E+001, 6.821E+001, 6.638E+001, 6.771E+001, 7.392E+001, 6.727E+001, 6.474E+001, 6.537E+001, 6.469E+001, 6.259E+001, 6.696E+001, 7.266E+001, 6.454E+001, 6.466E+001, 6.814E+001, 7.027E+001, 7.097E+001, 7.091E+001, 7.377E+001, 2.069E-001, 4.477E-004, 1.953E-007, 1.813E-001, 1.012E-002, 3.054E-005, 8.000E+000
 7.600E+002, 7.600E+001, 7.124E+001, 5.520E+001, 3.654E+001, 3.077E+001, 2.912E+001, 2.832E+001, 2.747E+001, 2.745E+001, 3.566E+001, 8.085E+001, 9.212E+001, 8.335E+001, 6.353E+001, 5.153E+001, 4.633E+001, 4.248E+001, 4.059E+001, 3.779E+001, 3.448E+001, 6.343E+001, 2.089E+002, 1.930E+002, 1.808E+002, 1.770E+002, 1.883E+002, 2.027E+002, 2.250E+002, 2.410E+002, 2.764E+002, 3.176E+002, 2.862E+001, 5.308E+001, 6.733E+001, 6.610E+001, 6.427E+001, 6.127E+001, 4.196E+001, 2.550E+001, 2.245E+001, 2.126E+001, 2.097E+001, 8.664E+001, 8.454E+001, 8.272E+001, 8.351E+001, 8.383E+001, 8.542E+001, 8.834E+001, 7.786E+001, 1.265E+002, 1.302E+002, 7.711E+001, 6.259E+001, 9.550E+001, 1.019E+002, 6.799E+001, 8.760E+001, 7.679E+001, 8.148E+001, 8.867E+001, 7.149E+001, 6.724E+001, 6.927E+001, 7.918E+001, 1.066E+002, 8.265E+001, 6.853E+001, 6.797E+001, 7.273E+001, 1.115E+002, 7.949E+001, 8.255E+001, 8.158E+001, 7.311E+001, 7.254E+001, 7.641E+001, 7.115E+001, 7.421E+001, 7.906E+001, 7.084E+001, 7.362E+001, 7.494E+001, 6.903E+001, 6.896E+001, 6.451E+001, 6.513E+001, 6.481E+001, 6.820E+001, 7.414E+001, 6.664E+001, 6.409E+001, 6.550E+001, 6.547E+001, 6.274E+001, 6.670E+001, 7.427E+001, 6.349E+001, 6.402E+001, 6.725E+001, 6.825E+001, 6.803E+001, 6.958E+001, 7.252E+001, 2.061E-001, 5.853E-004, 6.297E-007, 1.806E-001, 1.031E-002, 3.113E-005, 8.000E+000
 7.700E+002, 7.813E+001, 7.402E+001, 5.721E+001, 3.050E+001, 2.596E+001, 2.577E+001, 2.581E+001, 2.618E+001, 2.698E+001, 3.571E+001, 7.972E+001, 8.779E+001, 7.971E+001, 6.513E+001, 5.241E+001, 4.535E+001, 4.228E+001, 4.019E+001, 3.651E+001, 3.117E+001, 6.360E+001, 1.945E+002, 1.689E+002, 1.506E+002, 1.396E+002, 1.432E+002, 1.531E+002, 1.691E+002, 1.794E+002, 2.020E+002, 2.325E+002, 2.866E+001, 5.364E+001, 6.887E+001, 6.773E+001, 6.576E+001, 6.196E+001, 4.098E+001, 2.755E+001, 2.377E+001, 2.164E+001, 2.117E+001, 8.646E+001, 8.576E+001, 8.495E+001, 8.578E+001, 8.295E+001, 8.339E+001, 8.632E+001, 7.602E+001, 1.287E+002, 1.289E+002, 7.613E+001, 7.098E+001, 9.420E+001, 9.608E+001, 7.021E+001, 8.676E+001, 8.018E+001, 7.758E+001, 8.650E+001, 7.556E+001, 6.490E+001, 7.016E+001, 7.652E+001, 1.124E+002, 8.528E+001, 7.039E+001, 6.798E+001, 7.305E+001, 1.135E+002, 8.383E+001, 8.532E+001, 8.478E+001, 7.535E+001, 7.316E+001, 8.047E+001, 7.304E+001, 7.475E+001, 8.178E+001, 7.190E+001, 7.362E+001, 7.639E+001, 6.972E+001, 6.894E+001, 6.518E+001, 6.264E+001, 6.266E+001, 6.777E+001, 7.235E+001, 6.710E+001, 6.345E+001, 6.417E+001, 6.423E+001, 6.250E+001, 6.569E+001, 7.326E+001, 6.390E+001, 6.332E+001, 6.585E+001, 6.762E+001, 6.901E+001, 7.058E+001, 7.390E+001, 2.060E-001, 5.479E-004, 5.135E-007, 1.805E-001, 1.030E-002, 3.110E-005, 8.000E+000
 7.800E+002, 7.929E+001, 7.551E+001, 6.553E+001, 3.736E+001, 2.620E+001, 2.550E+001, 2.561E+001, 2.571E+001, 2.633E+001, 3.576E+001, 7.936E+001, 8.707E+001, 7.722E+001, 6.428E+001, 5.542E+001, 4.986E+001, 4.549E+001, 4.298E+001, 3.942E+001, 3.450E+001, 6.376E+001, 1.829E+002, 1.560E+002, 1.379E+002, 1.283E+002, 1.292E+002, 1.358E+002, 1.442E+002, 1.483E+002, 1.616E+002, 1.782E+002, 2.869E+001, 5.383E+001, 7.016E+001, 6.876E+001, 6.552E+001, 6.186E+001, 4.146E+001, 2.831E+001, 2.376E+001, 2.254E+001, 2.109E+001, 8.529E+001, 8.202E+001, 8.325E+001, 8.313E+001, 8.255E+001, 8.204E+001, 8.633E+001, 7.005E+001, 1.133E+002, 1.290E+002, 7.409E+001, 6.430E+001, 8.759E+001, 9.086E+001, 6.581E+001, 8.343E+001, 7.882E+001, 7.650E+001, 8.644E+001, 7.502E+001, 6.948E+001, 6.942E+001, 7.665E+001, 1.091E+002, 8.464E+001, 7.141E+001, 6.749E+001, 7.289E+001, 1.065E+002, 7.867E+001, 8.011E+001, 8.176E+001, 7.476E+001, 7.422E+001, 7.811E+001, 7.425E+001, 7.651E+001, 8.233E+001, 7.471E+001, 7.626E+001, 7.642E+001, 7.207E+001, 7.099E+001, 6.923E+001, 6.728E+001, 6.204E+001, 6.639E+001, 7.102E+001, 6.897E+001, 6.314E+001, 6.557E+001, 6.592E+001, 6.346E+001, 6.398E+001, 7.058E+001, 6.596E+001, 6.339E+001, 6.617E+001, 6.868E+001, 6.910E+001, 6.962E+001, 7.214E+001, 2.058E-001, 6.303E-004, 7.721E-007, 1.819E-001, 9.844E-003, 2.968E-005, 8.000E+000
 7.900E+002, 7.364E+001, 7.236E+001, 6.328E+001, 4.523E+001, 3.542E+001, 3.194E+001, 3.017E+001, 2.727E+001, 2.655E+001, 3.581E+001, 8.007E+001, 8.420E+001, 6.936E+001, 5.588E+001, 4.970E+001, 4.734E+001, 4.384E+001, 4.217E+001, 3.811E+001, 3.533E+001, 6.393E+001, 1.765E+002, 1.517E+002, 1.370E+002, 1.220E+002, 1.252E+002, 1.321E+002, 1.445E+002, 1.527E+002, 1.730E+002, 1.999E+002, 2.872E+001, 5.363E+001, 7.008E+001, 6.833E+001, 6.373E+001, 5.922E+001, 4.418E+001, 2.677E+001, 2.310E+001, 2.176E+001, 2.090E+001, 7.275E+001, 7.137E+001, 7.601E+001, 7.638E+001, 8.236E+001, 8.398E+001, 8.675E+001, 6.486E+001, 1.045E+002, 1.220E+002, 7.141E+001, 6.136E+001, 8.652E+001, 9.380E+001, 6.889E+001, 8.248E+001, 7.925E+001, 7.910E+001, 8.809E+001, 7.217E+001, 6.813E+001, 7.092E+001, 7.780E+001, 9.837E+001, 8.441E+001, 6.895E+001, 6.870E+001, 7.513E+001, 1.122E+002, 7.749E+001, 7.920E+001, 7.692E+001, 7.200E+001, 7.162E+001, 7.410E+001, 7.155E+001, 7.383E+001, 7.717E+001, 7.206E+001, 7.398E+001, 7.356E+001, 7.178E+001, 7.175E+001, 6.922E+001, 6.397E+001, 6.286E+001, 6.604E+001, 7.180E+001, 7.065E+001, 6.548E+001, 6.475E+001, 6.504E+001, 6.384E+001, 6.420E+001, 6.944E+001, 6.837E+001, 6.536E+001, 6.518E+001, 6.693E+001, 6.606E+001, 6.589E+001, 7.062E+001, 2.060E-001, 5.669E-004, 5.726E-007, 1.829E-001, 9.508E-003, 2.863E-005, 8.000E+000
 8.000E+002, 7.868E+001, 7.409E+001, 5.671E+001, 4.523E+001, 4.031E+001, 3.676E+001, 3.484E+001, 3.149E+001, 3.000E+001, 3.585E+001, 7.831E+001, 8.200E+001, 7.308E+001, 6.226E+001, 5.330E+001, 4.768E+001, 4.369E+001, 4.214E+001, 3.987E+001, 3.738E+001, 6.407E+001, 1.850E+002, 1.674E+002, 1.574E+002, 1.566E+002, 1.707E+002, 1.890E+002, 2.100E+002, 2.230E+002, 2.595E+002, 3.046E+002, 2.876E+001, 5.463E+001, 7.340E+001, 7.216E+001, 6.733E+001, 6.104E+001, 4.460E+001, 2.586E+001, 2.312E+001, 2.169E+001, 2.107E+001, 8.072E+001, 7.930E+001, 7.933E+001, 8.216E+001, 8.182E+001, 8.392E+001, 8.470E+001, 7.507E+001, 1.254E+002, 1.267E+002, 6.791E+001, 6.805E+001, 9.238E+001, 9.660E+001, 6.666E+001, 8.627E+001, 8.257E+001, 7.421E+001, 8.249E+001, 7.689E+001, 7.129E+001, 7.016E+001, 7.594E+001, 1.071E+002, 8.855E+001, 7.507E+001, 6.828E+001, 7.303E+001, 1.073E+002, 7.660E+001, 7.853E+001, 7.948E+001, 6.959E+001, 7.069E+001, 7.512E+001, 6.944E+001, 7.382E+001, 7.775E+001, 7.050E+001, 7.409E+001, 7.637E+001, 6.927E+001, 6.995E+001, 6.701E+001, 6.429E+001, 6.188E+001, 6.862E+001, 7.194E+001, 6.880E+001, 6.543E+001, 6.191E+001, 6.167E+001, 6.111E+001, 6.526E+001, 7.152E+001, 6.785E+001, 6.518E+001, 6.308E+001, 6.428E+001, 6.431E+001, 6.657E+001, 7.141E+001, 2.060E-001, 5.543E-004, 5.337E-007, 1.823E-001, 9.733E-003, 2.933E-005, 8.000E+000
 8.100E+002, 7.081E+001, 6.446E+001, 4.996E+001, 4.288E+001, 3.846E+001, 3.588E+001, 3.441E+001, 3.047E+001, 2.824E+001, 3.589E+001, 8.246E+001, 9.447E+001, 7.949E+001, 6.349E+001, 5.352E+001, 4.818E+001, 4.358E+001, 4.218E+001, 3.941E+001, 3.573E+001, 6.416E+001, 2.181E+002, 2.261E+002, 2.222E+002, 2.265E+002, 2.443E+002, 2.726E+002, 3.062E+002, 3.260E+002, 3.747E+002, 4.315E+002, 2.879E+001, 5.430E+001, 7.280E+001, 7.140E+001, 6.555E+001, 5.756E+001, 4.058E+001, 2.837E+001, 2.391E+001, 2.207E+001, 2.186E+001, 8.677E+001, 8.355E+001, 8.115E+001, 8.120E+001, 8.442E+001, 8.540E+001, 9.134E+001, 8.440E+001, 1.270E+002, 1.306E+002, 7.425E+001, 6.553E+001, 1.017E+002, 1.042E+002, 7.301E+001, 8.662E+001, 7.839E+001, 7.798E+001, 9.250E+001, 7.469E+001, 7.104E+001, 6.766E+001, 7.711E+001, 1.103E+002, 8.560E+001, 7.333E+001, 6.633E+001, 7.186E+001, 1.225E+002, 8.246E+001, 8.469E+001, 8.278E+001, 7.416E+001, 7.089E+001, 7.659E+001, 7.232E+001, 7.430E+001, 8.210E+001, 7.148E+001, 7.612E+001, 7.657E+001, 7.014E+001, 7.055E+001, 7.071E+001, 6.793E+001, 6.590E+001, 6.526E+001, 7.118E+001, 6.709E+001, 6.510E+001, 6.145E+001, 6.135E+001, 6.076E+001, 6.428E+001, 7.042E+001, 6.536E+001, 6.424E+001, 6.303E+001, 6.477E+001, 6.450E+001, 6.700E+001, 7.099E+001, 2.064E-001, 4.768E-004, 2.892E-007, 1.810E-001, 1.021E-002, 3.083E-005, 8.000E+000
 8.200E+002, 8.310E+001, 7.695E+001, 5.680E+001, 4.093E+001, 3.328E+001, 3.064E+001, 3.000E+001, 2.929E+001, 2.923E+001, 3.593E+001, 7.947E+001, 8.551E+001, 7.581E+001, 6.361E+001, 5.476E+001, 4.879E+001, 4.317E+001, 4.164E+001, 3.930E+001, 3.693E+001, 6.422E+001, 2.181E+002, 2.040E+002, 1.940E+002, 1.895E+002, 2.027E+002, 2.236E+002, 2.535E+002, 2.682E+002, 3.061E+002, 3.525E+002, 2.881E+001, 5.433E+001, 7.162E+001, 6.886E+001, 6.295E+001, 5.634E+001, 4.349E+001, 2.839E+001, 2.344E+001, 2.198E+001, 2.180E+001, 8.389E+001, 8.035E+001, 7.892E+001, 7.997E+001, 8.350E+001, 8.417E+001, 8.812E+001, 7.643E+001, 1.274E+002, 1.292E+002, 8.014E+001, 6.101E+001, 1.017E+002, 9.375E+001, 7.120E+001, 9.005E+001, 8.257E+001, 8.465E+001, 8.760E+001, 7.592E+001, 6.916E+001, 7.353E+001, 7.771E+001, 1.074E+002, 9.003E+001, 7.302E+001, 7.096E+001, 7.438E+001, 1.088E+002, 7.972E+001, 8.200E+001, 8.249E+001, 7.343E+001, 7.142E+001, 7.852E+001, 7.276E+001, 7.629E+001, 8.264E+001, 7.266E+001, 7.784E+001, 7.797E+001, 7.192E+001, 7.135E+001, 7.071E+001, 6.600E+001, 6.477E+001, 6.614E+001, 7.426E+001, 6.793E+001, 6.571E+001, 6.306E+001, 6.236E+001, 6.073E+001, 6.433E+001, 7.373E+001, 6.501E+001, 6.342E+001, 6.347E+001, 6.502E+001, 6.575E+001, 6.805E+001, 7.269E+001, 2.065E-001, 5.091E-004, 3.892E-007, 1.813E-001, 1.015E-002, 3.064E-005, 8.000E+000
 8.300E+002, 7.986E+001, 7.677E+001, 6.383E+001, 4.516E+001, 3.332E+001, 3.018E+001, 3.019E+001, 3.003E+001, 2.987E+001, 3.596E+001, 8.032E+001, 8.965E+001, 7.717E+001, 5.680E+001, 4.702E+001, 4.512E+001, 4.290E+001, 4.205E+001, 4.094E+001, 3.841E+001, 6.424E+001, 2.210E+002, 2.105E+002, 2.036E+002, 2.077E+002, 2.276E+002, 2.552E+002, 2.906E+002, 3.114E+002, 3.605E+002, 4.151E+002, 2.884E+001, 5.531E+001, 7.542E+001, 7.191E+001, 6.349E+001, 5.720E+001, 4.624E+001, 2.626E+001, 2.269E+001, 2.191E+001, 2.102E+001, 8.621E+001, 8.545E+001, 8.768E+001, 8.716E+001, 8.187E+001, 8.167E+001, 7.778E+001, 8.553E+001, 1.297E+002, 1.266E+002, 7.964E+001, 6.679E+001, 1.076E+002, 9.644E+001, 6.663E+001, 9.262E+001, 9.135E+001, 8.148E+001, 8.576E+001, 7.924E+001, 7.815E+001, 7.238E+001, 7.593E+001, 1.154E+002, 9.295E+001, 7.817E+001, 7.467E+001, 7.239E+001, 1.079E+002, 8.142E+001, 8.153E+001, 8.511E+001, 7.419E+001, 7.379E+001, 8.018E+001, 7.256E+001, 7.787E+001, 8.036E+001, 7.242E+001, 7.634E+001, 8.085E+001, 7.343E+001, 7.363E+001, 7.408E+001, 6.953E+001, 6.834E+001, 6.927E+001, 6.953E+001, 7.015E+001, 6.763E+001, 6.733E+001, 6.316E+001, 6.116E+001, 6.667E+001, 6.894E+001, 6.734E+001, 6.337E+001, 6.419E+001, 6.589E+001, 6.537E+001, 6.859E+001, 7.250E+001, 2.056E-001, 6.113E-004, 7.135E-007, 1.806E-001, 1.051E-002, 3.177E-005, 8.000E+000
 8.400E+002, 7.660E+001, 7.288E+001, 6.232E+001, 5.113E+001, 4.097E+001, 3.334E+001, 3.195E+001, 3.146E+001, 3.094E+001, 3.600E+001, 8.087E+001, 9.004E+001, 7.994E+001, 6.248E+001, 5.279E+001, 4.880E+001, 4.407E+001, 4.211E+001, 3.958E+001, 3.566E+001, 6.425E+001, 1.969E+002, 1.762E+002, 1.661E+002, 1.643E+002, 1.750E+002, 1.954E+002, 2.198E+002, 2.356E+002, 2.737E+002, 3.220E+002, 2.887E+001, 5.460E+001, 7.278E+001, 7.068E+001, 6.344E+001, 5.845E+001, 4.469E+001, 2.584E+001, 2.296E+001, 2.164E+001, 2.083E+001, 8.076E+001, 8.063E+001, 8.153E+001, 8.474E+001, 8.614E+001, 8.640E+001, 8.809E+001, 6.952E+001, 1.038E+002, 1.268E+002, 7.676E+001, 6.108E+001, 8.980E+001, 1.008E+002, 7.279E+001, 8.479E+001, 8.143E+001, 8.298E+001, 8.863E+001, 7.538E+001, 7.794E+001, 7.220E+001, 7.937E+001, 1.010E+002, 8.538E+001, 7.557E+001, 7.339E+001, 7.487E+001, 1.197E+002, 7.830E+001, 7.854E+001, 8.073E+001, 7.508E+001, 7.502E+001, 7.842E+001, 7.384E+001, 7.632E+001, 7.925E+001, 7.250E+001, 7.622E+001, 7.794E+001, 7.222E+001, 7.403E+001, 7.149E+001, 6.987E+001, 7.157E+001, 6.805E+001, 7.034E+001, 7.043E+001, 6.975E+001, 6.878E+001, 6.650E+001, 6.341E+001, 6.468E+001, 6.951E+001, 6.831E+001, 6.614E+001, 6.435E+001, 6.573E+001, 6.504E+001, 6.546E+001, 7.029E+001, 2.052E-001, 6.395E-004, 8.037E-007, 1.817E-001, 1.003E-002, 3.027E-005, 8.000E+000
 8.500E+002, 8.408E+001, 7.860E+001, 6.343E+001, 5.017E+001, 3.694E+001, 3.108E+001, 2.987E+001, 2.987E+001, 3.113E+001, 3.602E+001, 8.113E+001, 8.463E+001, 7.662E+001, 6.380E+001, 5.150E+001, 4.665E+001, 4.216E+001, 3.970E+001, 3.724E+001, 3.567E+001, 6.428E+001, 2.062E+002, 1.935E+002, 1.872E+002, 1.907E+002, 2.068E+002, 2.328E+002, 2.715E+002, 2.972E+002, 3.516E+002, 4.123E+002, 2.889E+001, 5.397E+001, 6.929E+001, 6.708E+001, 6.291E+001, 5.903E+001, 4.488E+001, 2.788E+001, 2.407E+001, 2.211E+001, 2.140E+001, 7.007E+001, 6.983E+001, 7.866E+001, 8.090E+001, 8.079E+001, 8.042E+001, 8.895E+001, 7.111E+001, 1.115E+002, 1.219E+002, 7.816E+001, 6.030E+001, 1.015E+002, 9.756E+001, 6.753E+001, 8.892E+001, 8.397E+001, 8.649E+001, 8.534E+001, 7.128E+001, 7.447E+001, 7.818E+001, 7.912E+001, 1.081E+002, 8.889E+001, 7.031E+001, 7.614E+001, 7.690E+001, 1.116E+002, 7.415E+001, 7.588E+001, 7.718E+001, 7.131E+001, 7.246E+001, 7.489E+001, 7.106E+001, 7.593E+001, 8.207E+001, 7.133E+001, 7.420E+001, 7.599E+001, 7.096E+001, 7.223E+001, 6.975E+001, 6.612E+001, 6.997E+001, 7.203E+001, 7.350E+001, 6.957E+001, 6.974E+001, 6.764E+001, 6.533E+001, 6.339E+001, 6.642E+001, 7.209E+001, 6.739E+001, 6.714E+001, 6.375E+001, 6.413E+001, 6.359E+001, 6.548E+001, 7.193E+001, 2.065E-001, 4.773E-004, 2.897E-007, 1.818E-001, 1.018E-002, 3.073E-005, 8.000E+000
 8.600E+002, 8.742E+001, 8.392E+001, 6.794E+001, 5.367E+001, 3.708E+001, 3.100E+001, 3.171E+001, 3.346E+001, 3.557E+001, 3.605E+001, 8.455E+001, 9.044E+001, 7.938E+001, 6.270E+001, 5.241E+001, 4.615E+001, 4.040E+001, 3.843E+001, 3.528E+001, 3.258E+001, 6.433E+001, 1.962E+002, 1.791E+002, 1.696E+002, 1.631E+002, 1.670E+002, 1.788E+002, 1.940E+002, 2.041E+002, 2.301E+002, 2.617E+002, 2.892E+001, 5.431E+001, 6.997E+001, 6.643E+001, 6.268E+001, 5.845E+001, 4.450E+001, 2.871E+001, 2.441E+001, 2.226E+001, 2.204E+001, 8.736E+001, 8.450E+001, 8.824E+001, 9.061E+001, 9.239E+001, 9.304E+001, 9.719E+001, 7.536E+001, 1.009E+002, 1.099E+002, 7.428E+001, 6.530E+001, 1.069E+002, 1.115E+002, 6.576E+001, 9.210E+001, 9.081E+001, 9.255E+001, 8.970E+001, 7.618E+001, 7.676E+001, 7.977E+001, 8.067E+001, 1.061E+002, 9.237E+001, 7.323E+001, 7.725E+001, 7.953E+001, 1.063E+002, 7.553E+001, 7.584E+001, 8.036E+001, 7.042E+001, 7.338E+001, 8.069E+001, 7.185E+001, 7.751E+001, 8.446E+001, 7.390E+001, 7.651E+001, 7.709E+001, 7.189E+001, 7.120E+001, 7.037E+001, 6.594E+001, 7.004E+001, 7.131E+001, 7.363E+001, 6.906E+001, 6.861E+001, 6.698E+001, 6.488E+001, 6.435E+001, 6.855E+001, 7.307E+001, 6.714E+001, 6.655E+001, 6.355E+001, 6.492E+001, 6.521E+001, 6.754E+001, 7.215E+001, 2.068E-001, 4.590E-004, 2.313E-007, 1.822E-001, 1.013E-002, 3.058E-005, 8.000E+000
 8.700E+002, 9.454E+001, 8.370E+001, 6.296E+001, 5.488E+001, 4.036E+001, 3.097E+001, 3.007E+001, 3.074E+001, 3.203E+001, 3.608E+001, 8.525E+001, 9.517E+001, 8.291E+001, 6.034E+001, 5.235E+001, 4.529E+001, 4.135E+001, 3.969E+001, 3.681E+001, 3.412E+001, 6.439E+001, 2.224E+002, 2.187E+002, 2.122E+002, 2.189E+002, 2.374E+002, 2.635E+002, 2.951E+002, 3.129E+002, 3.567E+002, 4.060E+002, 2.894E+001, 5.541E+001, 7.373E+001, 6.829E+001, 6.223E+001, 5.783E+001, 4.441E+001, 2.856E+001, 2.389E+001, 2.261E+001, 2.184E+001, 7.917E+001, 7.849E+001, 8.368E+001, 8.706E+001, 8.537E+001, 8.672E+001, 9.470E+001, 7.803E+001, 9.858E+001, 1.216E+002, 9.096E+001, 7.039E+001, 1.187E+002, 1.106E+002, 6.501E+001, 1.004E+002, 9.800E+001, 9.037E+001, 9.565E+001, 8.293E+001, 8.254E+001, 8.126E+001, 8.216E+001, 1.142E+002, 1.056E+002, 8.286E+001, 8.004E+001, 7.994E+001, 1.065E+002, 7.584E+001, 7.518E+001, 8.127E+001, 7.232E+001, 7.421E+001, 8.214E+001, 7.288E+001, 7.877E+001, 8.598E+001, 7.374E+001, 7.467E+001, 7.804E+001, 7.196E+001, 7.146E+001, 7.313E+001, 7.041E+001, 6.850E+001, 7.174E+001, 7.477E+001, 6.990E+001, 6.823E+001, 6.690E+001, 6.556E+001, 6.359E+001, 6.848E+001, 7.207E+001, 6.686E+001, 6.575E+001, 6.480E+001, 6.624E+001, 6.571E+001, 6.869E+001, 7.249E+001, 2.069E-001, 4.562E-004, 2.220E-007, 1.813E-001, 1.059E-002, 3.200E-005, 8.000E+000
 8.800E+002, 8.553E+001, 7.899E+001, 5.613E+001, 4.560E+001, 3.941E+001, 3.481E+001, 3.335E+001, 3.129E+001, 2.968E+001, 3.611E+001, 8.402E+001, 9.292E+001, 8.083E+001, 5.816E+001, 4.948E+001, 4.531E+001, 4.369E+001, 4.254E+001, 4.032E+001, 3.747E+001, 6.445E+001, 2.243E+002, 2.179E+002, 2.186E+002, 2.311E+002, 2.475E+002, 2.668E+002, 2.920E+002, 3.075E+002, 3.439E+002, 3.828E+002, 2.897E+001, 5.619E+001, 7.613E+001, 7.142E+001, 6.320E+001, 5.757E+001, 4.184E+001, 2.701E+001, 2.308E+001, 2.215E+001, 2.138E+001, 8.373E+001, 8.162E+001, 8.391E+001, 8.560E+001, 8.709E+001, 8.726E+001, 9.456E+001, 7.862E+001, 1.201E+002, 1.302E+002, 8.050E+001, 7.013E+001, 1.091E+002, 1.064E+002, 6.970E+001, 9.770E+001, 9.792E+001, 8.930E+001, 9.178E+001, 8.726E+001, 8.494E+001, 7.900E+001, 8.632E+001, 1.156E+002, 1.031E+002, 8.767E+001, 7.863E+001, 7.853E+001, 1.080E+002, 7.490E+001, 7.719E+001, 8.306E+001, 7.223E+001, 7.774E+001, 8.351E+001, 7.580E+001, 8.114E+001, 8.793E+001, 7.755E+001, 8.048E+001, 8.401E+001, 7.422E+001, 7.548E+001, 7.717E+001, 7.509E+001, 7.543E+001, 7.458E+001, 7.463E+001, 7.015E+001, 6.929E+001, 6.906E+001, 6.628E+001, 6.302E+001, 6.958E+001, 7.407E+001, 6.684E+001, 6.544E+001, 6.388E+001, 6.626E+001, 6.720E+001, 6.908E+001, 7.314E+001, 2.070E-001, 4.443E-004, 1.842E-007, 1.811E-001, 1.049E-002, 3.172E-005, 8.000E+000
 8.900E+002, 8.545E+001, 8.372E+001, 6.327E+001, 4.700E+001, 3.427E+001, 2.942E+001, 2.924E+001, 2.935E+001, 2.933E+001, 3.614E+001, 8.292E+001, 9.178E+001, 8.332E+001, 6.918E+001, 5.583E+001, 4.494E+001, 4.113E+001, 3.837E+001, 3.477E+001, 3.241E+001, 6.451E+001, 2.050E+002, 1.859E+002, 1.776E+002, 1.765E+002, 1.840E+002, 2.005E+002, 2.232E+002, 2.358E+002, 2.709E+002, 3.161E+002, 2.900E+001, 5.608E+001, 7.598E+001, 7.316E+001, 6.429E+001, 5.757E+001, 4.448E+001, 2.715E+001, 2.411E+001, 2.226E+001, 2.127E+001, 8.541E+001, 8.336E+001, 8.368E+001, 8.312E+001, 8.476E+001, 8.434E+001, 8.856E+001, 6.709E+001, 1.094E+002, 1.290E+002, 7.723E+001, 6.359E+001, 1.005E+002, 1.000E+002, 7.433E+001, 9.025E+001, 8.996E+001, 8.166E+001, 8.935E+001, 8.179E+001, 8.071E+001, 7.322E+001, 8.144E+001, 1.099E+002, 9.289E+001, 8.268E+001, 7.236E+001, 7.607E+001, 1.148E+002, 7.729E+001, 7.684E+001, 7.685E+001, 7.378E+001, 7.626E+001, 7.892E+001, 7.336E+001, 7.694E+001, 8.457E+001, 7.453E+001, 7.977E+001, 8.118E+001, 7.578E+001, 7.665E+001, 7.632E+001, 7.219E+001, 7.469E+001, 7.154E+001, 7.536E+001, 7.391E+001, 7.348E+001, 6.996E+001, 6.848E+001, 6.593E+001, 6.948E+001, 7.411E+001, 6.864E+001, 6.908E+001, 6.402E+001, 6.721E+001, 6.908E+001, 6.971E+001, 7.460E+001, 2.069E-001, 4.563E-004, 2.221E-007, 1.821E-001, 9.831E-003, 2.964E-005, 8.000E+000
 9.000E+002, 7.797E+001, 7.576E+001, 5.993E+001, 4.583E+001, 3.415E+001, 2.912E+001, 2.968E+001, 3.092E+001, 3.194E+001, 3.618E+001, 8.405E+001, 9.319E+001, 8.107E+001, 6.202E+001, 5.420E+001, 4.851E+001, 4.352E+001, 4.077E+001, 3.612E+001, 3.262E+001, 6.459E+001, 2.091E+002, 1.940E+002, 1.884E+002, 1.912E+002, 2.061E+002, 2.303E+002, 2.604E+002, 2.774E+002, 3.183E+002, 3.636E+002, 2.902E+001, 5.588E+001, 7.501E+001, 7.279E+001, 6.244E+001, 5.800E+001, 4.557E+001, 2.715E+001, 2.373E+001, 2.198E+001, 2.133E+001, 8.580E+001, 8.325E+001, 8.487E+001, 8.394E+001, 8.642E+001, 8.545E+001, 9.103E+001, 7.329E+001, 1.138E+002, 1.146E+002, 7.440E+001, 6.484E+001, 9.598E+001, 1.071E+002, 6.982E+001, 8.733E+001, 8.677E+001, 8.427E+001, 9.240E+001, 7.800E+001, 7.360E+001, 7.290E+001, 8.329E+001, 1.087E+002, 9.097E+001, 7.627E+001, 7.066E+001, 7.662E+001, 1.152E+002, 7.616E+001, 7.727E+001, 7.601E+001, 7.144E+001, 7.353E+001, 7.732E+001, 7.283E+001, 7.619E+001, 8.253E+001, 7.501E+001, 7.832E+001, 7.941E+001, 7.357E+001, 7.486E+001, 7.459E+001, 6.916E+001, 6.915E+001, 6.999E+001, 7.514E+001, 7.357E+001, 7.176E+001, 6.943E+001, 6.739E+001, 6.527E+001, 6.849E+001, 7.398E+001, 7.029E+001, 7.040E+001, 6.551E+001, 6.816E+001, 6.866E+001, 6.929E+001, 7.383E+001, 2.070E-001, 4.169E-004, 9.827E-008, 1.800E-001, 1.089E-002, 3.297E-005, 8.000E+000
