s,kW,kW,kW,kW,kW,kW,kW,kW,kW,kW,kg/s,kg/s,kg/s,Pa,Pa,Pa,Pa,Pa,Pa,Pa,Pa,Pa,Pa,Pa,Pa,Pa,Pa,Pa,Pa,Pa,Pa
Time,HRR,HRR_OX,Q_RADI,Q_CONV,Q_COND,Q_DIFF,Q_PRES,Q_PART,Q_ENTH,Q_TOTAL,MLR_AIR,MLR_PROPANE,MLR_PRODUCTS,ZONE_1,ZONE_2,ZONE_3,ZONE_4,ZONE_5,ZONE_6,ZONE_7,ZONE_8,ZONE_9,ZONE_10,ZONE_11,ZONE_12,ZONE_13,ZONE_14,ZONE_15,ZONE_16,ZONE_17,ZONE_18
 0.0000000E+000, 0.0000000E+000, 0.0000000E+000,-2.2597557E-001,-5.1229661E-006, 0.0000000E+000, 0.0000000E+000, 0.0000000E+000, 0.0000000E+000, 0.0000000E+000,-2.2598069E-001, 0.0000000E+000, 0.0000000E+000, 0.0000000E+000,-6.7603597E-001,-6.7603597E-001,-6.7603597E-001,-6.7603597E-001,-6.7603597E-001,-6.7603597E-001,-6.7603597E-001,-6.7603597E-001,-6.7603597E-001,-6.7603597E-001,-6.7603597E-001,-6.7603597E-001,-6.7603597E-001,-6.7603597E-001,-6.7603597E-001,-6.7603597E-001,-6.7603597E-001,-6.7603597E-001
 1.0024742E+001, 8.3441422E+001, 0.0000000E+000,-2.2482255E+001, 3.9239190E+000,-3.9394127E-002,-2.5080481E-002,-2.9351680E-004, 0.0000000E+000, 6.5514929E+001, 6.4818318E+001, 1.9035899E-004, 1.8779482E-003, 0.0000000E+000,-6.6817914E-001,-6.7682785E-001,-6.7335627E-001,-6.6571915E-001,-6.6965442E-001,-6.6641697E-001,-6.8756362E-001,-6.8191714E-001,-6.8114647E-001,-6.7614063E-001,-6.7667324E-001,-6.7832357E-001,-6.7615379E-001,-6.7648278E-001,-6.7747058E-001,-6.7612962E-001,-6.7638232E-001,-6.7812040E-001
 2.0014830E+001, 1.7018413E+002, 0.0000000E+000,-4.3853820E+001, 1.0602850E+001,-1.5078507E+000,-5.0483266E-002,-7.8683630E-005, 0.0000000E+000, 1.3516582E+002, 1.3537475E+002, 2.5195944E-005, 3.7425251E-003, 0.0000000E+000,-6.7573663E-001,-6.8550938E-001,-6.7472891E-001,-6.6925983E-001,-6.7162998E-001,-6.7395291E-001,-6.8778065E-001,-6.8276208E-001,-6.7843200E-001,-6.7612524E-001,-6.7656353E-001,-6.7493723E-001,-6.7618038E-001,-6.7651217E-001,-6.7648829E-001,-6.7610454E-001,-6.7654773E-001,-6.7924496E-001
 3.0009451E+001, 1.7090850E+002, 0.0000000E+000,-4.3460891E+001, 1.0276951E+001,-3.2744779E+000,-5.1046104E-002, 9.3370407E-005, 0.0000000E+000, 1.3437578E+002, 1.3439913E+002,-1.0613158E-005, 3.7559296E-003, 0.0000000E+000,-6.7437888E-001,-6.8428045E-001,-6.7608000E-001,-6.7037852E-001,-6.6724748E-001,-6.6124794E-001,-6.8848411E-001,-6.8523264E-001,-6.7615790E-001,-6.7616476E-001,-6.7663629E-001,-6.7464972E-001,-6.7624861E-001,-6.7648204E-001,-6.7644704E-001,-6.7606326E-001,-6.7644452E-001,-6.7845460E-001
 4.0001686E+001, 1.7145368E+002, 0.0000000E+000,-4.3837073E+001, 9.8617288E+000,-6.4643850E+000,-5.1117357E-002,-2.2080004E-004, 0.0000000E+000, 1.3100116E+002, 1.3096262E+002, 1.9607380E-005, 3.7691078E-003, 0.0000000E+000,-6.8107600E-001,-6.7280955E-001,-6.7677892E-001,-6.7757513E-001,-6.6166255E-001,-6.7046515E-001,-6.8967983E-001,-6.8807964E-001,-6.7863407E-001,-6.7621634E-001,-6.7689418E-001,-6.7784197E-001,-6.7633738E-001,-6.7675691E-001,-6.7785054E-001,-6.7604027E-001,-6.7660375E-001,-6.7894245E-001
 5.0011059E+001, 1.7202593E+002, 0.0000000E+000,-4.4982104E+001, 9.1769894E+000,-1.0469813E+001,-5.1296946E-002,-2.6784710E-004, 0.0000000E+000, 1.2602709E+002, 1.2569943E+002,-2.4674467E-005, 3.7822920E-003, 0.0000000E+000,-6.6657832E-001,-6.3510259E-001,-6.8250855E-001,-6.7463014E-001,-6.6083956E-001,-6.4175169E-001,-6.9326394E-001,-6.9056414E-001,-6.8154369E-001,-6.7630982E-001,-6.7723129E-001,-6.9212526E-001,-6.7644976E-001,-6.7716388E-001,-6.8685179E-001,-6.7602222E-001,-6.7691706E-001,-6.8065325E-001
 6.0016350E+001, 1.7265644E+002, 0.0000000E+000,-4.7005687E+001, 8.5001021E+000,-1.4524035E+001,-5.1415405E-002,-7.1481801E-004, 0.0000000E+000, 1.2001675E+002, 1.1957469E+002,-2.7234351E-005, 3.7954902E-003,-7.2996561E-266,-6.7652492E-001,-7.2014524E-001,-6.8958103E-001,-6.6821671E-001,-6.6634203E-001,-6.8175777E-001,-6.9207766E-001,-6.9247707E-001,-6.9241881E-001,-6.7639302E-001,-6.7815920E-001,-6.8465748E-001,-6.7662657E-001,-6.7814803E-001,-6.8624809E-001,-6.7612632E-001,-6.7790665E-001,-6.8752676E-001
 7.0019791E+001, 1.7330057E+002, 0.0000000E+000,-4.9737489E+001, 6.7777662E+000,-1.9124019E+001,-5.1539194E-002,-1.4006607E-003, 0.0000000E+000, 1.1266932E+002, 1.1116389E+002,-1.1923035E-004, 3.8086888E-003,-5.1667215E-206,-6.9366345E-001,-7.0077218E-001,-6.8950734E-001,-6.6871863E-001,-6.8168641E-001,-6.5534208E-001,-6.9317392E-001,-6.9505770E-001,-7.0748694E-001,-6.7658219E-001,-6.8057081E-001,-7.0764347E-001,-6.7687938E-001,-6.7998784E-001,-7.0521419E-001,-6.7628525E-001,-6.7960414E-001,-7.0007236E-001
 8.0002113E+001, 1.7386303E+002, 0.0000000E+000,-5.2371945E+001, 6.2050111E+000,-2.3182964E+001,-5.1719022E-002,-1.6118847E-003, 0.0000000E+000, 1.0602444E+002, 1.0445980E+002,-2.7975661E-004, 3.8218634E-003,-1.4803985E-150,-7.0245415E-001,-7.1507041E-001,-7.0160245E-001,-6.8993447E-001,-7.0678889E-001,-6.8473501E-001,-6.9856159E-001,-6.9712293E-001,-7.2874116E-001,-6.7683045E-001,-6.8303225E-001,-7.1333450E-001,-6.7717436E-001,-6.8234803E-001,-7.1487060E-001,-6.7647822E-001,-6.8190534E-001,-7.1411277E-001
 9.0014626E+001, 1.7456041E+002, 0.0000000E+000,-5.5510346E+001, 6.0082847E+000,-2.7058144E+001,-5.1856329E-002,-2.2391626E-003, 0.0000000E+000, 9.9356305E+001, 9.7946112E+001,-3.5463473E-004, 3.8350380E-003,-1.1003555E-110,-7.2790864E-001,-7.6910462E-001,-7.0820934E-001,-7.2895081E-001,-7.3481537E-001,-7.0147144E-001,-7.0303323E-001,-6.9760322E-001,-7.3509455E-001,-6.7711019E-001,-6.8543944E-001,-7.4311351E-001,-6.7740696E-001,-6.8472346E-001,-7.3820545E-001,-6.7659373E-001,-6.8412856E-001,-7.2689790E-001
 1.0001695E+002, 1.7514117E+002, 0.0000000E+000,-5.8771588E+001, 4.9009121E+000,-3.0490450E+001,-5.2031982E-002,-1.7949643E-003, 0.0000000E+000, 9.2374919E+001, 9.0726216E+001,-4.2082831E-004, 3.8482377E-003,-8.0406349E-083,-7.4306024E-001,-8.0203709E-001,-7.1935287E-001,-7.3143904E-001,-7.5283432E-001,-7.1086909E-001,-7.0608384E-001,-6.9832062E-001,-7.6213771E-001,-6.7733841E-001,-6.8835797E-001,-7.5627016E-001,-6.7776172E-001,-6.8726713E-001,-7.4897783E-001,-6.7689761E-001,-6.8670255E-001,-7.4289642E-001
 1.1001124E+002, 1.7574793E+002, 0.0000000E+000,-6.2056305E+001, 5.0516247E+000,-3.3950459E+001,-5.2196166E-002,-2.0049209E-003, 0.0000000E+000, 8.5903104E+001, 8.4738586E+001,-4.1779284E-004, 3.8617979E-003,-4.3266936E-060,-7.6139941E-001,-8.3988469E-001,-7.2869216E-001,-7.6231744E-001,-7.8364840E-001,-7.7130316E-001,-7.1040115E-001,-6.9983579E-001,-7.6185221E-001,-6.7756562E-001,-6.9020143E-001,-7.7956788E-001,-6.7801069E-001,-6.8977120E-001,-7.6834384E-001,-6.7707073E-001,-6.8916643E-001,-7.5904617E-001
 1.2000567E+002, 2.4671460E+002, 0.0000000E+000,-8.1048225E+001, 7.1666349E+000,-3.8092266E+001,-7.3277177E-002,-1.6149792E-003, 0.0000000E+000, 1.3601718E+002, 1.3466585E+002,-4.1666444E-004, 5.4660726E-003,-1.5545129E-040,-7.6480016E-001,-8.8701293E-001,-7.3275673E-001,-7.6761448E-001,-7.9346532E-001,-7.8916508E-001,-7.0931765E-001,-7.0396220E-001,-7.8795079E-001,-6.7785510E-001,-6.9256174E-001,-7.9071164E-001,-6.7838281E-001,-6.9219132E-001,-7.8337396E-001,-6.7738848E-001,-6.9154729E-001,-7.7994691E-001
 1.3001613E+002, 3.9157018E+002, 0.0000000E+000,-1.2037601E+002, 1.5161079E+001,-4.7316700E+001,-1.1442879E-001,-2.9230495E-003, 0.0000000E+000, 2.4007545E+002, 2.3892119E+002,-4.4735274E-004, 8.6488241E-003, 5.0655863E-009,-7.8116725E-001,-9.7517407E-001,-7.3665267E-001,-7.7668910E-001,-8.1685601E-001,-7.9784797E-001,-7.1077249E-001,-7.0810673E-001,-8.1882725E-001,-6.7816002E-001,-6.9492269E-001,-8.2921900E-001,-6.7870143E-001,-6.9484213E-001,-8.1437284E-001,-6.7766210E-001,-6.9418916E-001,-8.0601099E-001
 1.4000423E+002, 5.3644177E+002, 0.0000000E+000,-1.7139478E+002, 2.2008219E+001,-6.1936211E+001,-1.5446471E-001,-2.8708208E-003, 0.0000000E+000, 3.2548547E+002, 3.2496167E+002,-3.3554248E-004, 1.1832041E-002,-2.0432210E-009,-8.0207189E-001,-9.9130062E-001,-7.4543959E-001,-7.9091165E-001,-8.3891473E-001,-8.0361159E-001,-7.1464200E-001,-7.1274701E-001,-8.3539249E-001,-6.7841870E-001,-6.9687365E-001,-8.6833730E-001,-6.7897600E-001,-6.9727834E-001,-8.5112621E-001,-6.7789781E-001,-6.9654782E-001,-8.3902817E-001
 1.5001204E+002, 6.8095481E+002, 0.0000000E+000,-2.4214717E+002, 2.6393589E+001,-8.1913689E+001,-1.9283491E-001,-4.3819732E-003, 0.0000000E+000, 3.8350097E+002, 3.8309032E+002,-3.5155157E-004, 1.5014225E-002, 1.6108899E-008,-8.1077894E-001,-1.0372455E+000,-7.5729422E-001,-8.1292574E-001,-8.5630181E-001,-8.3043169E-001,-7.1846926E-001,-7.1668714E-001,-9.0060670E-001,-6.7867947E-001,-6.9908596E-001,-9.3197450E-001,-6.7924271E-001,-6.9963226E-001,-8.9882854E-001,-6.7813314E-001,-6.9890743E-001,-8.7632152E-001
 1.6000188E+002, 8.2599853E+002, 0.0000000E+000,-3.4398082E+002, 2.7097158E+001,-1.0146377E+002,-2.2999006E-001,-3.8056585E-003, 0.0000000E+000, 4.0746736E+002, 4.0741730E+002,-2.5731956E-004, 1.8196382E-002, 3.7428200E-008,-8.3138463E-001,-1.0490537E+000,-7.6126235E-001,-8.2004628E-001,-8.6534372E-001,-8.1394236E-001,-7.2149749E-001,-7.2130286E-001,-9.4585021E-001,-6.7894915E-001,-7.0109341E-001,-9.8023440E-001,-6.7952619E-001,-7.0196272E-001,-9.4524437E-001,-6.7841633E-001,-7.0116986E-001,-9.3059790E-001
 1.7001364E+002, 9.6940513E+002, 0.0000000E+000,-4.7729860E+002, 2.6297137E+001,-1.1979869E+002,-2.6527014E-001,-5.9474681E-003, 0.0000000E+000, 3.9830391E+002, 3.9833375E+002,-4.6546723E-004, 2.1378923E-002, 2.7845862E-009,-8.4377163E-001,-1.0841812E+000,-7.7426258E-001,-8.3235806E-001,-8.8912348E-001,-8.5716207E-001,-7.2425119E-001,-7.2375413E-001,-1.0452126E+000,-6.7918660E-001,-7.0356162E-001,-1.0515331E+000,-6.7982211E-001,-7.0445232E-001,-1.0164761E+000,-6.7869090E-001,-7.0366512E-001,-9.9178838E-001
 1.8000629E+002, 1.1125545E+003, 0.0000000E+000,-6.3208521E+002, 2.4871696E+001,-1.2964148E+002,-2.9903743E-001,-3.9978803E-003, 0.0000000E+000, 3.7488362E+002, 3.7539651E+002,-3.5538508E-004, 2.4562771E-002,-3.9874425E-009,-8.4806218E-001,-1.1500065E+000,-7.8548091E-001,-8.3929196E-001,-9.0500815E-001,-8.6443858E-001,-7.2486527E-001,-7.2764512E-001,-1.0902718E+000,-6.7940912E-001,-7.0510951E-001,-1.1131688E+000,-6.8003869E-001,-7.0636688E-001,-1.0643967E+000,-6.7891622E-001,-7.0561232E-001,-1.0363613E+000
 1.9000632E+002, 1.2574339E+003, 0.0000000E+000,-7.8342461E+002, 2.3024314E+001,-1.3901510E+002,-3.3191381E-001,-6.3326777E-003, 0.0000000E+000, 3.5694687E+002, 3.5768022E+002,-3.3079874E-004, 2.7744946E-002,-2.7450905E-008,-8.6151946E-001,-1.1951265E+000,-7.9550793E-001,-8.5791266E-001,-9.2168155E-001,-8.9594303E-001,-7.2771956E-001,-7.3033983E-001,-1.1713438E+000,-6.7959804E-001,-7.0629014E-001,-1.1887064E+000,-6.8024412E-001,-7.0837478E-001,-1.1554535E+000,-6.7913446E-001,-7.0763908E-001,-1.1142400E+000
 2.0000806E+002, 1.3994727E+003, 0.0000000E+000,-9.3171769E+002, 2.2840065E+001,-1.4838869E+002,-3.6177949E-001,-5.8490103E-003, 0.0000000E+000, 3.4109535E+002, 3.4183875E+002,-3.7489940E-004, 3.0927766E-002,-9.1531805E-008,-8.7413995E-001,-1.2296739E+000,-8.0009114E-001,-8.7207381E-001,-9.3902338E-001,-9.1276112E-001,-7.3160066E-001,-7.3167953E-001,-1.2308730E+000,-6.7978749E-001,-7.0772148E-001,-1.2935378E+000,-6.8038378E-001,-7.0993369E-001,-1.2186938E+000,-6.7926244E-001,-7.0910317E-001,-1.1952474E+000
 2.1001152E+002, 1.5458052E+003, 0.0000000E+000,-1.0767445E+003, 2.2080161E+001,-1.5795287E+002,-3.9001396E-001,-5.3604048E-003, 0.0000000E+000, 3.3187399E+002, 3.3279264E+002,-1.3401110E-004, 3.4111478E-002, 1.5364237E-007,-8.9506518E-001,-1.2413804E+000,-8.0490797E-001,-9.1020215E-001,-9.5820927E-001,-8.9214588E-001,-7.3548361E-001,-7.3366519E-001,-1.3204939E+000,-6.7994888E-001,-7.0853165E-001,-1.3761154E+000,-6.8049995E-001,-7.1123585E-001,-1.3068653E+000,-6.7934972E-001,-7.1040552E-001,-1.2145184E+000
 2.2000220E+002, 1.6825720E+003, 0.0000000E+000,-1.2078259E+003, 2.2066999E+001,-1.7436735E+002,-4.1880770E-001,-2.9668119E-003, 0.0000000E+000, 3.2094348E+002, 3.2202397E+002,-2.1158785E-004, 3.7294106E-002,-1.5507832E-007,-8.9807642E-001,-1.2764075E+000,-8.1125329E-001,-8.9437248E-001,-9.5262258E-001,-9.2365956E-001,-7.3633453E-001,-7.3500594E-001,-1.3487992E+000,-6.8002500E-001,-7.0907457E-001,-1.3594007E+000,-6.8063148E-001,-7.1233943E-001,-1.3483375E+000,-6.7955861E-001,-7.1164028E-001,-1.3130957E+000
 2.3000990E+002, 1.8306083E+003, 0.0000000E+000,-1.3472733E+003, 1.9788868E+001,-1.8807804E+002,-4.4263740E-001,-2.4674836E-003, 0.0000000E+000, 3.1351588E+002, 3.1460079E+002,-2.7097172E-005, 4.0476772E-002, 1.8113604E-006,-8.9012819E-001,-1.3357686E+000,-8.1835902E-001,-8.8416525E-001,-9.5154244E-001,-9.5512108E-001,-7.3399531E-001,-7.3665115E-001,-1.3237959E+000,-6.8006047E-001,-7.0977384E-001,-1.4273480E+000,-6.8072128E-001,-7.1316794E-001,-1.3891614E+000,-6.7970771E-001,-7.1263550E-001,-1.3632820E+000
 2.4001067E+002, 1.9548423E+003, 0.0000000E+000,-1.4630313E+003, 1.9127737E+001,-2.0823605E+002,-4.6279978E-001,-4.8090090E-003, 0.0000000E+000, 3.0155544E+002, 3.0223512E+002,-9.2211815E-006, 4.3403505E-002, 3.3577114E-006,-9.0058614E-001,-1.2867753E+000,-8.2101932E-001,-9.2032776E-001,-9.8829454E-001,-9.6746234E-001,-7.3975619E-001,-7.3824442E-001,-1.4191831E+000,-6.8014649E-001,-7.1003277E-001,-1.4871279E+000,-6.8069219E-001,-7.1392790E-001,-1.4766208E+000,-6.7967686E-001,-7.1322246E-001,-1.3714841E+000
 2.5000195E+002, 2.0891669E+003, 0.0000000E+000,-1.5856227E+003, 1.7870936E+001,-2.2708317E+002,-4.7730199E-001,-3.5062716E-004, 0.0000000E+000, 2.9285502E+002, 2.9385435E+002, 6.4139753E-005, 4.6072431E-002, 6.0771655E-006,-8.9164136E-001,-1.3254253E+000,-8.2636988E-001,-9.1543336E-001,-9.6629593E-001,-9.6366260E-001,-7.3370069E-001,-7.3928521E-001,-1.4547912E+000,-6.8016607E-001,-7.1041900E-001,-1.4314137E+000,-6.8079116E-001,-7.1449193E-001,-1.4577869E+000,-6.7986600E-001,-7.1403185E-001,-1.4384432E+000
 2.6000015E+002, 2.1870022E+003, 0.0000000E+000,-1.6831234E+003, 1.9099749E+001,-2.4749647E+002,-4.9652385E-001,-5.7214790E-003, 0.0000000E+000, 2.7416433E+002, 2.7497982E+002, 5.9256068E-005, 4.8741953E-002, 1.0143274E-005,-9.0311183E-001,-1.3488657E+000,-8.2712787E-001,-8.8023205E-001,-9.5161544E-001,-9.6374957E-001,-7.3356052E-001,-7.4015725E-001,-1.4763170E+000,-6.8013725E-001,-7.1079679E-001,-1.5717598E+000,-6.8084300E-001,-7.1487732E-001,-1.5746592E+000,-6.8001641E-001,-7.1472554E-001,-1.4972621E+000
 2.7000357E+002, 2.2990157E+003, 0.0000000E+000,-1.7896705E+003, 1.1163994E+001,-2.7250889E+002,-5.0678280E-001, 5.0713600E-003, 0.0000000E+000, 2.4552707E+002, 2.4749857E+002, 3.6821800E-004, 5.1412374E-002, 2.5774978E-005,-8.5220318E-001,-1.3399568E+000,-8.4547901E-001,-8.5109832E-001,-9.0642617E-001,-9.5914779E-001,-7.1285043E-001,-7.4303847E-001,-1.4367719E+000,-6.8005740E-001,-7.1068992E-001,-1.4089127E+000,-6.8091533E-001,-7.1493986E-001,-1.4972584E+000,-6.8026479E-001,-7.1500869E-001,-1.5463755E+000
 2.8000793E+002, 2.4190472E+003, 0.0000000E+000,-1.9013270E+003, 1.0945608E+001,-2.9038354E+002,-5.1137122E-001,-8.2489880E-003, 0.0000000E+000, 2.3624467E+002, 2.3776260E+002, 1.8997505E-004, 5.3956542E-002, 1.5251182E-005,-8.6939072E-001,-1.4218810E+000,-8.3834257E-001,-7.9430389E-001,-8.9616896E-001,-9.7536757E-001,-7.1371432E-001,-7.4559346E-001,-1.4303736E+000,-6.8009782E-001,-7.1032068E-001,-1.6956960E+000,-6.8096231E-001,-7.1521956E-001,-1.6809677E+000,-6.8039459E-001,-7.1557814E-001,-1.5720980E+000
 2.9000620E+002, 2.5197853E+003, 0.0000000E+000,-2.0114459E+003, 1.0073159E+001,-3.1229891E+002,-5.1732754E-001,-6.3786266E-004, 0.0000000E+000, 2.0500672E+002, 2.0559574E+002,-1.3334832E-004, 5.6373767E-002,-2.8928234E-006,-9.0195252E-001,-1.4054342E+000,-8.4229121E-001,-8.5766933E-001,-9.2397360E-001,-1.0002367E+000,-7.2189053E-001,-7.4763101E-001,-1.3384315E+000,-6.8018594E-001,-7.1025415E-001,-1.7682783E+000,-6.8091812E-001,-7.1511479E-001,-1.6915817E+000,-6.8024575E-001,-7.1548421E-001,-1.5568002E+000
 3.0000531E+002, 2.5365242E+003, 0.0000000E+000,-2.0377679E+003, 1.2870268E+001,-3.2319570E+002,-5.0026798E-001, 1.5534483E-004, 0.0000000E+000, 1.8715977E+002, 1.8793079E+002, 2.0764732E-004, 5.8791525E-002, 3.3205042E-006,-9.0830680E-001,-1.4270763E+000,-8.4564973E-001,-8.4528923E-001,-9.0836509E-001,-1.0326693E+000,-7.2183047E-001,-7.4728326E-001,-1.3908746E+000,-6.8009656E-001,-7.0989315E-001,-1.7057000E+000,-6.8090304E-001,-7.1522891E-001,-1.6406667E+000,-6.8032700E-001,-7.1588024E-001,-1.5855741E+000
 3.1000369E+002, 2.6773642E+003, 0.0000000E+000,-2.1553180E+003, 1.1683529E+001,-3.3360040E+002,-4.9538310E-001,-6.9664523E-003, 0.0000000E+000, 1.9862520E+002, 1.9962700E+002, 3.9727161E-005, 6.1208857E-002, 1.4585247E-005,-9.1435388E-001,-1.3983045E+000,-8.5608407E-001,-8.5030515E-001,-9.3204202E-001,-1.0360788E+000,-7.2407695E-001,-7.4676759E-001,-1.3852291E+000,-6.8013319E-001,-7.1007951E-001,-1.8298169E+000,-6.8083791E-001,-7.1526001E-001,-1.8574677E+000,-6.8027701E-001,-7.1616839E-001,-1.6403325E+000
 3.2000336E+002, 2.6976287E+003, 0.0000000E+000,-2.1860736E+003, 3.7790135E-001,-3.4320468E+002,-4.6955264E-001,-5.0006071E-003, 0.0000000E+000, 1.6652860E+002, 1.6825377E+002,-6.3062597E-006, 6.3625809E-002, 1.7004924E-006,-9.0906461E-001,-1.3711976E+000,-8.4809839E-001,-8.3855228E-001,-9.1880184E-001,-1.0242710E+000,-7.2448464E-001,-7.4837889E-001,-1.4770981E+000,-6.8021955E-001,-7.1024837E-001,-1.9940646E+000,-6.8084657E-001,-7.1542220E-001,-1.9170487E+000,-6.8031155E-001,-7.1633310E-001,-1.6517941E+000
 3.3000851E+002, 2.7819575E+003, 0.0000000E+000,-2.2864912E+003, 8.4741543E+000,-3.5620373E+002,-4.6006794E-001, 1.0854551E-002, 0.0000000E+000, 1.4643050E+002, 1.4728749E+002, 3.4174358E-005, 6.5603176E-002, 1.0826638E-005,-9.1489673E-001,-1.3931284E+000,-8.5140330E-001,-8.5225410E-001,-9.2026174E-001,-1.0592203E+000,-7.2338312E-001,-7.4667940E-001,-1.4081535E+000,-6.8015917E-001,-7.1005470E-001,-1.5717087E+000,-6.8085558E-001,-7.1527965E-001,-1.7153796E+000,-6.8032259E-001,-7.1636985E-001,-1.6689196E+000
 3.4001013E+002, 2.8326068E+003, 0.0000000E+000,-2.2887965E+003, 2.2376202E+000,-3.7889077E+002,-4.3986048E-001,-8.9765569E-003, 0.0000000E+000, 1.6466120E+002, 1.6670829E+002,-5.3514602E-005, 6.7142493E-002, 2.5107684E-006,-9.1181060E-001,-1.3301502E+000,-8.4716995E-001,-8.5270734E-001,-9.1184086E-001,-1.0580965E+000,-7.2479975E-001,-7.4831125E-001,-1.4651337E+000,-6.8024503E-001,-7.0984034E-001,-1.9254459E+000,-6.8080845E-001,-7.1499065E-001,-1.8302256E+000,-6.8027095E-001,-7.1601244E-001,-1.6870903E+000
 3.5001004E+002, 2.8377685E+003, 0.0000000E+000,-2.3451371E+003, 1.4727102E+000,-3.8163215E+002,-4.2268327E-001, 9.9133829E-003, 0.0000000E+000, 1.1082960E+002, 1.1205927E+002, 8.5387438E-005, 6.8680918E-002, 7.2124856E-006,-9.2049266E-001,-1.3565057E+000,-8.4281287E-001,-8.4028658E-001,-8.9878459E-001,-1.0457961E+000,-7.2469878E-001,-7.4828626E-001,-1.3670843E+000,-6.8017941E-001,-7.0948354E-001,-1.5492816E+000,-6.8083061E-001,-7.1474559E-001,-1.7086749E+000,-6.8032870E-001,-7.1604171E-001,-1.7033229E+000
 3.6000079E+002, 2.9394881E+003, 0.0000000E+000,-2.3743460E+003,-5.6106291E+000,-3.7991555E+002,-4.3887875E-001,-1.7120756E-002, 0.0000000E+000, 1.7538606E+002, 1.7915984E+002,-1.4192001E-004, 7.0218407E-002,-6.4807362E-007,-8.9050182E-001,-1.3403802E+000,-8.4912641E-001,-8.0464616E-001,-8.7279956E-001,-1.0194584E+000,-7.1173762E-001,-7.5189957E-001,-1.6766577E+000,-6.8028188E-001,-7.1043371E-001,-1.8953744E+000,-6.8098510E-001,-7.1551397E-001,-1.9897785E+000,-6.8056765E-001,-7.1658429E-001,-1.8240275E+000
 3.7000549E+002, 3.1934600E+003, 0.0000000E+000,-2.5379843E+003, 1.5445156E+001,-4.3502458E+002,-4.3521665E-001, 1.1159279E-002, 0.0000000E+000, 2.3482452E+002, 2.3547224E+002,-8.4153708E-005, 7.1756164E-002,-5.5632437E-006,-9.1207725E-001,-1.2635953E+000,-8.5058484E-001,-8.4874810E-001,-9.0227004E-001,-1.0590590E+000,-7.2103617E-001,-7.5089439E-001,-1.3281831E+000,-6.8028237E-001,-7.1002641E-001,-1.7780955E+000,-6.8086394E-001,-7.1551421E-001,-1.7676549E+000,-6.8039220E-001,-7.1658579E-001,-1.7946958E+000
 3.8000668E+002, 3.3117599E+003, 0.0000000E+000,-2.6252873E+003, 5.6411921E+000,-4.7490842E+002,-4.4888518E-001,-5.9455785E-003, 0.0000000E+000, 2.1416775E+002, 2.1675055E+002, 3.0080479E-005, 7.3295314E-002, 9.9597578E-006,-9.0156369E-001,-1.2904882E+000,-8.4872278E-001,-8.3496556E-001,-8.8379600E-001,-1.0681625E+000,-7.1821900E-001,-7.5091240E-001,-1.4864237E+000,-6.8030530E-001,-7.1007045E-001,-1.8900742E+000,-6.8093816E-001,-7.1536696E-001,-1.8341725E+000,-6.8047149E-001,-7.1652044E-001,-1.8222211E+000
 3.9000687E+002, 3.3241327E+003, 0.0000000E+000,-2.6893770E+003,-4.6205815E+000,-4.8286231E+002,-4.2901948E-001,-1.5581027E-002, 0.0000000E+000, 1.4312844E+002, 1.4682815E+002, 3.4240161E-005, 7.3622445E-002, 2.0690025E-005,-9.0095252E-001,-1.2675535E+000,-8.3728981E-001,-8.3769961E-001,-8.9172525E-001,-1.0072151E+000,-7.1965690E-001,-7.5323844E-001,-1.7581760E+000,-6.8047940E-001,-7.1076022E-001,-2.1470824E+000,-6.8101170E-001,-7.1575582E-001,-2.1224029E+000,-6.8049164E-001,-7.1668571E-001,-1.9475800E+000
 4.0000491E+002, 3.3906940E+003, 0.0000000E+000,-2.7762272E+003, 1.5558826E+000,-5.0264476E+002,-4.6825366E-001, 3.8646815E-003, 0.0000000E+000, 1.1084291E+002, 1.1291353E+002,-9.9175186E-005, 7.2743581E-002,-1.7149612E-006,-9.0203029E-001,-1.2533706E+000,-8.4050346E-001,-8.5689118E-001,-9.0737874E-001,-9.9764498E-001,-7.1601399E-001,-7.5273334E-001,-1.9748598E+000,-6.8049643E-001,-7.1075416E-001,-1.8116243E+000,-6.8104595E-001,-7.1600814E-001,-2.0157676E+000,-6.8051585E-001,-7.1697452E-001,-1.9328794E+000
 4.1000311E+002, 3.3501874E+003, 0.0000000E+000,-2.7597705E+003, 3.8496342E+000,-5.0697125E+002,-4.4390025E-001, 2.0791516E-003, 0.0000000E+000, 8.6219971E+001, 8.6853444E+001,-3.0203360E-006, 7.1864759E-002,-4.7485207E-006,-9.1601314E-001,-1.2764647E+000,-8.4220471E-001,-8.7389114E-001,-9.3134277E-001,-1.0037211E+000,-7.2286065E-001,-7.5129075E-001,-1.6011575E+000,-6.8041118E-001,-7.1004896E-001,-1.9391765E+000,-6.8093331E-001,-7.1553798E-001,-2.1028452E+000,-6.8036042E-001,-7.1668432E-001,-1.9334241E+000
 4.2000436E+002, 3.1751366E+003, 0.0000000E+000,-2.6496277E+003,-7.6114469E+000,-4.9247406E+002,-4.4588051E-001, 1.8695286E-003, 0.0000000E+000, 2.2332476E+001, 2.4979360E+001, 1.3094592E-005, 6.8162393E-002, 4.6524957E-006,-9.0612317E-001,-1.2376783E+000,-8.4021356E-001,-8.8701907E-001,-8.8711677E-001,-9.9420848E-001,-7.1985761E-001,-7.5095899E-001,-1.6869946E+000,-6.8041257E-001,-7.1009117E-001,-1.7897643E+000,-6.8099018E-001,-7.1523509E-001,-2.0221838E+000,-6.8043004E-001,-7.1630491E-001,-1.9958592E+000
 4.3000519E+002, 2.8060806E+003, 0.0000000E+000,-2.3849838E+003,-2.1256441E+001,-4.7071439E+002,-4.0197124E-001, 4.7985032E-003, 0.0000000E+000,-7.4289843E+001,-7.1271182E+001,-1.9961978E-004, 6.1648150E-002,-1.7987368E-005,-9.0403099E-001,-1.2569824E+000,-8.3432542E-001,-8.8522435E-001,-8.8506204E-001,-1.0014759E+000,-7.1736833E-001,-7.5273183E-001,-1.6526269E+000,-6.8045246E-001,-7.1001380E-001,-1.6312479E+000,-6.8102267E-001,-7.1525839E-001,-1.8557460E+000,-6.8043581E-001,-7.1609211E-001,-2.0594861E+000
 4.4000031E+002, 2.5565799E+003, 0.0000000E+000,-2.2052855E+003,-1.9855818E+001,-4.1949341E+002,-3.9770360E-001,-1.4401610E-003, 0.0000000E+000,-9.0533584E+001,-8.8453956E+001, 2.3300441E-005, 5.5134680E-002,-1.1767989E-005,-9.0311859E-001,-1.2337110E+000,-8.3182982E-001,-8.9949878E-001,-8.7055209E-001,-9.9616303E-001,-7.1698296E-001,-7.5420972E-001,-1.5474935E+000,-6.8045706E-001,-7.0983517E-001,-1.8163221E+000,-6.8096965E-001,-7.1482496E-001,-2.0448449E+000,-6.8037455E-001,-7.1561123E-001,-1.9022514E+000
 4.5000134E+002, 2.4707744E+003, 0.0000000E+000,-2.1149472E+003,-7.9321695E+000,-4.0769554E+002,-3.4759857E-001, 1.1253029E-002, 0.0000000E+000,-6.1422817E+001,-6.0136822E+001, 1.6568367E-004, 4.8622425E-002, 3.7496910E-005,-9.0161771E-001,-1.2144247E+000,-8.3394434E-001,-8.9746428E-001,-8.6580650E-001,-9.7873263E-001,-7.1644155E-001,-7.5187142E-001,-1.2297772E+000,-6.8034273E-001,-7.0912371E-001,-1.6211231E+000,-6.8089252E-001,-7.1389994E-001,-1.9463310E+000,-6.8026891E-001,-7.1468166E-001,-1.8678256E+000
 4.6000470E+002, 2.2871944E+003, 0.0000000E+000,-1.9574394E+003,-2.5242762E+001,-3.8193643E+002,-3.0271449E-001,-2.9056406E-003, 0.0000000E+000,-8.1299646E+001,-7.7729799E+001,-1.2261368E-004, 4.2104182E-002,-2.9916126E-005,-8.8103322E-001,-1.1712866E+000,-8.3214953E-001,-8.6900764E-001,-8.1517106E-001,-1.0012452E+000,-7.0753993E-001,-7.5467777E-001,-1.3545953E+000,-6.8034234E-001,-7.0934169E-001,-1.7579828E+000,-6.8102315E-001,-7.1411509E-001,-1.8704791E+000,-6.8051598E-001,-7.1522713E-001,-1.8997252E+000
 4.7000031E+002, 1.9496959E+003, 0.0000000E+000,-1.7335978E+003,-2.0872092E+001,-3.5332588E+002,-2.6756188E-001, 1.6062503E-003, 0.0000000E+000,-1.6032371E+002,-1.5836585E+002, 4.5432379E-005, 3.5591112E-002, 4.4633014E-006,-8.7713228E-001,-1.1412750E+000,-8.2799316E-001,-8.4158618E-001,-7.9673609E-001,-9.9961524E-001,-7.0734157E-001,-7.5472029E-001,-1.2677191E+000,-6.8026832E-001,-7.0900251E-001,-1.7889240E+000,-6.8096425E-001,-7.1360862E-001,-1.9004506E+000,-6.8052300E-001,-7.1487186E-001,-1.8589442E+000
 4.8000153E+002, 1.5722400E+003, 0.0000000E+000,-1.4411142E+003,-2.2288535E+001,-3.2155019E+002,-2.5680882E-001, 4.7744390E-003, 0.0000000E+000,-2.1464317E+002,-2.1296498E+002,-4.8889250E-005, 2.9077125E-002,-8.7953186E-006,-8.8135619E-001,-1.1032197E+000,-8.3004456E-001,-8.5406211E-001,-8.0307986E-001,-9.8680325E-001,-7.0916030E-001,-7.5308259E-001,-1.1458543E+000,-6.8023332E-001,-7.0857717E-001,-1.7252100E+000,-6.8087664E-001,-7.1295808E-001,-1.8805157E+000,-6.8039891E-001,-7.1414979E-001,-1.7858076E+000
 4.9000754E+002, 1.2764813E+003, 0.0000000E+000,-1.1439717E+003,-2.2076698E+001,-2.9458743E+002,-2.5616393E-001, 2.4349881E-003, 0.0000000E+000,-1.8637597E+002,-1.8440820E+002,-1.5794927E-004, 2.5266409E-002,-1.7609401E-005,-8.9161919E-001,-1.1549589E+000,-8.3654654E-001,-8.6012815E-001,-7.9345077E-001,-1.0132143E+000,-7.1146274E-001,-7.5248770E-001,-1.2270920E+000,-6.8021397E-001,-7.0833722E-001,-1.5364514E+000,-6.8092667E-001,-7.1318168E-001,-1.7780255E+000,-6.8043686E-001,-7.1438939E-001,-1.8265368E+000
 5.0000510E+002, 1.1339696E+003, 0.0000000E+000,-9.7256750E+002,-2.0681137E+001,-2.7962443E+002,-2.5688894E-001,-2.8850661E-003, 0.0000000E+000,-1.4195504E+002,-1.3916321E+002,-1.8040738E-005, 2.4152894E-002,-7.1297892E-006,-8.8381349E-001,-1.1444688E+000,-8.2682662E-001,-8.6845522E-001,-7.9181790E-001,-1.0002246E+000,-7.1122190E-001,-7.5287155E-001,-1.2145029E+000,-6.8024247E-001,-7.0833382E-001,-1.7092036E+000,-6.8087924E-001,-7.1284015E-001,-1.8831960E+000,-6.8039960E-001,-7.1416110E-001,-1.7489474E+000
 5.1000046E+002, 1.0597959E+003, 0.0000000E+000,-8.8778286E+002,-2.0692711E+001,-2.7614601E+002,-2.4980594E-001,-2.1870781E-003, 0.0000000E+000,-1.2765263E+002,-1.2507767E+002,-1.5954578E-004, 2.3040829E-002,-2.1914421E-005,-8.7876688E-001,-1.1952147E+000,-8.2824394E-001,-8.4765099E-001,-7.7593573E-001,-1.0168998E+000,-7.0526566E-001,-7.5261441E-001,-1.1719286E+000,-6.8019607E-001,-7.0808370E-001,-1.8156787E+000,-6.8088601E-001,-7.1266091E-001,-1.9120479E+000,-6.8045773E-001,-7.1404670E-001,-1.7934137E+000
 5.2000067E+002, 1.0144033E+003, 0.0000000E+000,-8.3511615E+002,-1.8315142E+001,-2.6668016E+002,-2.3796830E-001, 1.0602424E-002, 0.0000000E+000,-1.0847509E+002,-1.0593555E+002,-2.2943700E-004, 2.1928636E-002,-3.0271197E-005,-8.7763744E-001,-1.1543825E+000,-8.2692255E-001,-8.5228348E-001,-7.8199044E-001,-1.0220550E+000,-7.0478546E-001,-7.5251153E-001,-1.1919944E+000,-6.8020560E-001,-7.0801170E-001,-1.4306803E+000,-6.8092639E-001,-7.1251342E-001,-1.7091285E+000,-6.8045221E-001,-7.1383942E-001,-1.7292858E+000
 5.3000464E+002, 9.5569465E+002, 0.0000000E+000,-7.7665762E+002,-1.9692562E+001,-2.5965122E+002,-2.2910785E-001, 4.8107021E-005, 0.0000000E+000,-1.0302666E+002,-1.0053581E+002,-2.8247988E-004, 2.0815694E-002,-2.1594728E-005,-8.8036616E-001,-1.2028130E+000,-8.2693024E-001,-8.5958274E-001,-7.7755576E-001,-1.0366222E+000,-7.0384044E-001,-7.5276589E-001,-1.2065880E+000,-6.8020336E-001,-7.0785768E-001,-1.3821324E+000,-6.8090639E-001,-7.1258321E-001,-1.6588781E+000,-6.8043851E-001,-7.1383144E-001,-1.8038388E+000
 5.4000885E+002, 9.0556010E+002, 0.0000000E+000,-7.2848600E+002,-1.7177207E+001,-2.5183974E+002,-2.1871560E-001,-7.3621638E-003, 0.0000000E+000,-9.4572795E+001,-9.2168926E+001,-1.6188269E-004, 1.9702490E-002,-1.7201099E-005,-8.7675105E-001,-1.1676786E+000,-8.2734782E-001,-8.3981890E-001,-7.7762127E-001,-1.0226496E+000,-7.0609230E-001,-7.5192991E-001,-1.1888404E+000,-6.8018365E-001,-7.0801484E-001,-1.6622845E+000,-6.8079888E-001,-7.1224207E-001,-1.8723799E+000,-6.8039276E-001,-7.1371830E-001,-1.7831109E+000
 5.5000116E+002, 8.5488396E+002, 0.0000000E+000,-6.8513514E+002,-1.7810622E+001,-2.4313871E+002,-2.0781843E-001, 5.1647395E-003, 0.0000000E+000,-9.3750418E+001,-9.1403166E+001,-1.5359860E-004, 1.8590212E-002,-1.8613955E-005,-8.7668445E-001,-1.1172098E+000,-8.2770106E-001,-8.4425775E-001,-7.8681702E-001,-1.0064842E+000,-7.0661778E-001,-7.5125839E-001,-1.1929681E+000,-6.8016306E-001,-7.0829993E-001,-1.4465636E+000,-6.8076979E-001,-7.1208862E-001,-1.6991428E+000,-6.8037425E-001,-7.1366466E-001,-1.8503127E+000
 5.6000305E+002, 8.0330819E+002, 0.0000000E+000,-6.4602804E+002,-1.7114762E+001,-2.3475216E+002,-2.0119123E-001,-1.9306860E-003, 0.0000000E+000,-9.7174889E+001,-9.4789895E+001,-1.4032450E-004, 1.7478111E-002,-1.3608919E-005,-8.8042650E-001,-1.1572738E+000,-8.2086181E-001,-8.4414357E-001,-7.8523601E-001,-1.0226038E+000,-7.0419236E-001,-7.5079551E-001,-1.1939041E+000,-6.8015429E-001,-7.0788289E-001,-1.6153565E+000,-6.8072117E-001,-7.1232643E-001,-1.7791464E+000,-6.8035520E-001,-7.1361421E-001,-1.7309818E+000
 5.7000037E+002, 7.6708130E+002, 0.0000000E+000,-6.1103266E+002,-1.8450364E+001,-2.2807218E+002,-1.9279088E-001, 1.4055821E-003, 0.0000000E+000,-9.2912365E+001,-9.0665285E+001,-8.1484228E-005, 1.6734800E-002,-1.7216715E-005,-8.7744480E-001,-1.1950773E+000,-8.1865943E-001,-8.4710968E-001,-7.7706081E-001,-1.0353191E+000,-7.0233353E-001,-7.5068138E-001,-1.1597241E+000,-6.8013267E-001,-7.0787733E-001,-1.4686396E+000,-6.8069738E-001,-7.1219314E-001,-1.7506341E+000,-6.8035410E-001,-7.1352118E-001,-1.8419206E+000
 5.8000232E+002, 7.4974663E+002, 0.0000000E+000,-5.8722751E+002,-1.7630914E+001,-2.2250660E+002,-1.8951701E-001, 4.1333817E-003, 0.0000000E+000,-8.0129803E+001,-7.7803783E+001,-1.1310096E-004, 1.6359748E-002,-9.6396761E-006,-8.8077095E-001,-1.1914381E+000,-8.1624967E-001,-8.5379411E-001,-7.7414483E-001,-1.0442617E+000,-7.0221430E-001,-7.5083877E-001,-1.1896349E+000,-6.8014802E-001,-7.0781214E-001,-1.4984009E+000,-6.8065616E-001,-7.1205286E-001,-1.6768179E+000,-6.8032933E-001,-7.1336307E-001,-1.6264024E+000
 5.9000067E+002, 7.3094569E+002, 0.0000000E+000,-5.7274394E+002,-1.6621857E+001,-2.1510934E+002,-1.8593139E-001,-2.1487692E-003, 0.0000000E+000,-7.6256345E+001,-7.3717532E+001,-3.5767993E-005, 1.5984912E-002, 1.1459239E-006,-8.7080945E-001,-1.2048436E+000,-8.1408182E-001,-8.3611800E-001,-7.6807933E-001,-1.0349814E+000,-7.0057214E-001,-7.4984693E-001,-1.1757522E+000,-6.8009854E-001,-7.0769826E-001,-1.4861288E+000,-6.8064225E-001,-7.1190566E-001,-1.6753868E+000,-6.8037409E-001,-7.1341306E-001,-1.7824906E+000
 6.0000500E+002, 7.1506879E+002, 0.0000000E+000,-5.5862534E+002,-1.6114286E+001,-2.1072457E+002,-1.8223311E-001, 1.4639906E-003, 0.0000000E+000,-7.3135641E+001,-7.0576179E+001,-4.9945119E-005, 1.5609964E-002,-6.8408619E-006,-8.7152519E-001,-1.1869737E+000,-8.1222916E-001,-8.1664060E-001,-7.5762804E-001,-1.0417946E+000,-7.0223720E-001,-7.4921450E-001,-1.1564067E+000,-6.8005660E-001,-7.0755568E-001,-1.5125996E+000,-6.8059877E-001,-7.1202473E-001,-1.6823243E+000,-6.8038603E-001,-7.1332035E-001,-1.7011855E+000
 6.1000647E+002, 6.9694484E+002, 0.0000000E+000,-5.3919634E+002,-1.4723892E+001,-2.0528270E+002,-1.8028480E-001,-3.3850655E-004, 0.0000000E+000,-6.4782716E+001,-6.2438717E+001,-5.4517747E-005, 1.5234916E-002,-6.0891433E-007,-8.6820765E-001,-1.1917223E+000,-8.1342500E-001,-8.2597332E-001,-7.6426805E-001,-1.0267411E+000,-7.0221500E-001,-7.4838289E-001,-1.1895980E+000,-6.8004957E-001,-7.0749348E-001,-1.5282224E+000,-6.8056312E-001,-7.1176146E-001,-1.7041178E+000,-6.8034678E-001,-7.1312782E-001,-1.6513939E+000
 6.2000494E+002, 6.7941140E+002, 0.0000000E+000,-5.2706865E+002,-1.7478688E+001,-2.0202193E+002,-1.7701583E-001,-3.1658636E-003, 0.0000000E+000,-6.9769223E+001,-6.7338046E+001,-7.0341269E-005, 1.4860027E-002,-6.0683036E-006,-8.6976333E-001,-1.1781968E+000,-8.1427424E-001,-8.0384948E-001,-7.6760636E-001,-1.0296938E+000,-7.0241126E-001,-7.4840916E-001,-1.2017418E+000,-6.8001522E-001,-7.0756455E-001,-1.5486192E+000,-6.8051739E-001,-7.1155909E-001,-1.7317163E+000,-6.8034765E-001,-7.1300425E-001,-1.7684697E+000
 6.3000781E+002, 6.6249435E+002, 0.0000000E+000,-5.1337259E+002,-1.5969506E+001,-1.9625243E+002,-1.7385768E-001, 2.9211412E-004, 0.0000000E+000,-6.5612821E+001,-6.3273748E+001,-9.8719020E-005, 1.4485120E-002,-1.3738377E-005,-8.7306611E-001,-1.1836570E+000,-8.1213085E-001,-8.2160226E-001,-7.6337466E-001,-1.0309374E+000,-7.0405257E-001,-7.4791446E-001,-1.1020651E+000,-6.8002706E-001,-7.0749452E-001,-1.6145695E+000,-6.8048802E-001,-7.1179264E-001,-1.8062843E+000,-6.8033595E-001,-7.1322390E-001,-1.7102658E+000
 6.4000995E+002, 6.4470517E+002, 0.0000000E+000,-5.0017270E+002,-1.5308886E+001,-1.9189126E+002,-1.7097987E-001,-5.4508796E-005, 0.0000000E+000,-6.5291792E+001,-6.2838707E+001,-1.2207415E-004, 1.4110099E-002, 5.1068223E-006,-8.7184810E-001,-1.1633670E+000,-8.1228191E-001,-8.0877957E-001,-7.6239728E-001,-1.0050934E+000,-7.0514055E-001,-7.4776908E-001,-1.0973114E+000,-6.8002263E-001,-7.0752549E-001,-1.6064917E+000,-6.8050609E-001,-7.1171455E-001,-1.7356747E+000,-6.8034434E-001,-7.1291414E-001,-1.7992127E+000
 6.5000983E+002, 6.2708720E+002, 0.0000000E+000,-4.8435595E+002,-1.5759617E+001,-1.8849495E+002,-1.6696669E-001, 5.7099935E-003, 0.0000000E+000,-6.3873892E+001,-6.1684568E+001,-7.8785599E-005, 1.3735184E-002,-9.5940163E-006,-8.7462236E-001,-1.1523595E+000,-8.1484861E-001,-8.3442048E-001,-7.7173815E-001,-1.0126536E+000,-7.0549806E-001,-7.4713863E-001,-1.1133306E+000,-6.8002685E-001,-7.0769486E-001,-1.5135278E+000,-6.8048492E-001,-7.1165781E-001,-1.6424396E+000,-6.8029702E-001,-7.1288691E-001,-1.6344884E+000
 6.6000073E+002, 6.0959711E+002, 0.0000000E+000,-4.7126772E+002,-1.7072136E+001,-1.8382476E+002,-1.6479452E-001,-3.1915486E-003, 0.0000000E+000,-6.4933401E+001,-6.2735485E+001,-4.0706503E-005, 1.3360434E-002,-9.3025343E-008,-8.7228657E-001,-1.1463446E+000,-8.1405803E-001,-8.2717889E-001,-7.6370493E-001,-1.0052416E+000,-7.0487297E-001,-7.4710075E-001,-1.1311605E+000,-6.8000327E-001,-7.0766666E-001,-1.5261721E+000,-6.8046438E-001,-7.1100851E-001,-1.7067188E+000,-6.8031240E-001,-7.1281377E-001,-1.7273094E+000
 6.7000500E+002, 5.9228867E+002, 0.0000000E+000,-4.5624322E+002,-1.5323620E+001,-1.7928493E+002,-1.5924067E-001, 2.3322090E-003, 0.0000000E+000,-6.1113544E+001,-5.8720001E+001,-4.7095201E-005, 1.2985582E-002, 8.6411408E-007,-8.6794542E-001,-1.1447993E+000,-8.1327867E-001,-8.2399837E-001,-7.5924364E-001,-1.0041002E+000,-7.0444887E-001,-7.4626901E-001,-1.1013340E+000,-6.7999956E-001,-7.0748029E-001,-1.4833118E+000,-6.8043728E-001,-7.1106153E-001,-1.6598467E+000,-6.8030473E-001,-7.1255497E-001,-1.7162600E+000
 6.8000897E+002, 5.7504950E+002, 0.0000000E+000,-4.4161814E+002,-1.5522679E+001,-1.7594306E+002,-1.5463668E-001, 6.0435311E-004, 0.0000000E+000,-6.0488983E+001,-5.8188417E+001,-6.6417907E-005, 1.2610644E-002, 2.5841083E-006,-8.7756905E-001,-1.1282857E+000,-8.1256037E-001,-8.1416876E-001,-7.5687317E-001,-9.9395116E-001,-7.0617434E-001,-7.4633781E-001,-1.1247011E+000,-6.7995596E-001,-7.0732992E-001,-1.4882690E+000,-6.8041086E-001,-7.1102614E-001,-1.6311462E+000,-6.8028666E-001,-7.1248932E-001,-1.6836888E+000
 6.9001111E+002, 5.5777485E+002, 0.0000000E+000,-4.2695352E+002,-1.3657332E+001,-1.7209712E+002,-1.5095000E-001,-3.3302430E-003, 0.0000000E+000,-5.7363003E+001,-5.5087398E+001,-8.5071005E-005, 1.2235510E-002,-6.7553148E-007,-8.7953304E-001,-1.1448579E+000,-8.1057482E-001,-8.1591149E-001,-7.5611940E-001,-1.0005721E+000,-7.0542097E-001,-7.4566899E-001,-1.1138107E+000,-6.7996272E-001,-7.0768162E-001,-1.4966127E+000,-6.8041787E-001,-7.1102856E-001,-1.7284041E+000,-6.8031046E-001,-7.1249732E-001,-1.7762847E+000
 7.0000775E+002, 5.4022936E+002, 0.0000000E+000,-4.1484387E+002,-1.5208763E+001,-1.6855373E+002,-1.4728860E-001, 1.8690450E-003, 0.0000000E+000,-6.0652051E+001,-5.8522419E+001,-8.4948691E-005, 1.1860611E-002,-1.3885078E-005,-8.8097512E-001,-1.1286209E+000,-8.1095942E-001,-8.1812287E-001,-7.5229069E-001,-9.9554085E-001,-7.0493712E-001,-7.4493061E-001,-1.1083576E+000,-6.7993712E-001,-7.0759901E-001,-1.5214125E+000,-6.8033523E-001,-7.1095442E-001,-1.6831516E+000,-6.8026519E-001,-7.1242833E-001,-1.6970822E+000
 7.1000397E+002, 5.2326119E+002, 0.0000000E+000,-4.0101813E+002,-1.6001605E+001,-1.6516497E+002,-1.4419970E-001, 4.6234990E-003, 0.0000000E+000,-6.1277532E+001,-5.9063090E+001,-8.4711114E-005, 1.1485845E-002,-2.2926603E-006,-8.8092878E-001,-1.1464386E+000,-8.1231894E-001,-8.1933059E-001,-7.5565779E-001,-9.9796940E-001,-7.0461336E-001,-7.4442811E-001,-1.0881393E+000,-6.7994238E-001,-7.0737038E-001,-1.3917635E+000,-6.8034147E-001,-7.1077757E-001,-1.5990420E+000,-6.8024421E-001,-7.1226932E-001,-1.6575595E+000
 7.2000470E+002, 5.0598723E+002, 0.0000000E+000,-3.8715445E+002,-1.5052994E+001,-1.6127995E+002,-1.3915542E-001,-4.4422274E-003, 0.0000000E+000,-5.9894472E+001,-5.7643762E+001,-8.0152955E-005, 1.1111115E-002, 5.9888731E-006,-8.8203733E-001,-1.1438831E+000,-8.0905085E-001,-8.2700397E-001,-7.5534932E-001,-9.9267101E-001,-7.0449444E-001,-7.4387519E-001,-1.1127727E+000,-6.7995082E-001,-7.0731127E-001,-1.4742279E+000,-6.8028428E-001,-7.1073040E-001,-1.6626541E+000,-6.8020080E-001,-7.1204390E-001,-1.7451440E+000
 7.3000800E+002, 4.8873935E+002, 0.0000000E+000,-3.7410901E+002,-1.4499988E+001,-1.5820304E+002,-1.3518872E-001, 1.9484309E-003, 0.0000000E+000,-6.0380128E+001,-5.8205926E+001,-7.5367758E-005, 1.0736047E-002,-4.1375069E-006,-8.8004102E-001,-1.1369470E+000,-8.0785207E-001,-8.1010023E-001,-7.4609741E-001,-9.9822842E-001,-7.0382563E-001,-7.4289435E-001,-1.0680143E+000,-6.7992104E-001,-7.0722984E-001,-1.4650170E+000,-6.8030125E-001,-7.1064764E-001,-1.6530832E+000,-6.8024793E-001,-7.1207656E-001,-1.7043211E+000
 7.4001129E+002, 4.7826396E+002, 0.0000000E+000,-3.6253835E+002,-1.3590268E+001,-1.5420428E+002,-1.3392000E-001, 2.5156235E-003, 0.0000000E+000,-5.4433356E+001,-5.2200344E+001,-1.0013566E-004, 1.0510834E-002,-6.6704381E-006,-8.7929903E-001,-1.1332218E+000,-8.1129264E-001,-8.2050347E-001,-7.4980186E-001,-1.0191680E+000,-7.0472450E-001,-7.4200198E-001,-1.0844924E+000,-6.7992433E-001,-7.0717644E-001,-1.4236769E+000,-6.8029506E-001,-7.1046198E-001,-1.5765564E+000,-6.8023626E-001,-7.1208808E-001,-1.6519200E+000
 7.5000580E+002, 4.7477608E+002, 0.0000000E+000,-3.5507733E+002,-1.5096725E+001,-1.5290592E+002,-1.3267607E-001,-1.7808858E-003, 0.0000000E+000,-5.0794218E+001,-4.8438362E+001,-8.5403061E-005, 1.0434681E-002,-1.2808541E-006,-8.7081183E-001,-1.1426422E+000,-8.1396553E-001,-8.2310219E-001,-7.5037580E-001,-1.0044450E+000,-7.0274526E-001,-7.4185030E-001,-1.0878234E+000,-6.7991849E-001,-7.0721075E-001,-1.4691463E+000,-6.8025443E-001,-7.1014102E-001,-1.6464980E+000,-6.8021485E-001,-7.1180735E-001,-1.6455990E+000
 7.6000446E+002, 4.7141641E+002, 0.0000000E+000,-3.4989805E+002,-1.3960096E+001,-1.5081564E+002,-1.3160384E-001,-9.5177868E-004, 0.0000000E+000,-4.5513640E+001,-4.3389933E+001,-3.8790189E-005, 1.0358543E-002, 2.8629006E-006,-8.7515733E-001,-1.1257075E+000,-8.1272704E-001,-8.2187372E-001,-7.4707143E-001,-9.8729559E-001,-7.0587098E-001,-7.4097778E-001,-1.1103308E+000,-6.7991373E-001,-7.0688519E-001,-1.4695591E+000,-6.8026304E-001,-7.1043180E-001,-1.6616463E+000,-6.8022074E-001,-7.1184864E-001,-1.6645267E+000
 7.7001025E+002, 4.6781015E+002, 0.0000000E+000,-3.4520893E+002,-1.2561157E+001,-1.4955302E+002,-1.3125255E-001, 3.3061518E-003, 0.0000000E+000,-4.1822268E+001,-3.9640906E+001,-7.3561533E-005, 1.0282324E-002,-5.0774914E-007,-8.7681443E-001,-1.1499662E+000,-8.1062980E-001,-8.1945722E-001,-7.4253186E-001,-1.0037651E+000,-7.0464282E-001,-7.3977711E-001,-1.0849021E+000,-6.7991056E-001,-7.0720996E-001,-1.4123043E+000,-6.8026720E-001,-7.1025019E-001,-1.5860441E+000,-6.8025250E-001,-7.1166372E-001,-1.6252881E+000
 7.8000061E+002, 4.6442561E+002, 0.0000000E+000,-3.4085877E+002,-1.4310735E+001,-1.4686248E+002,-1.3069367E-001,-3.5113060E-003, 0.0000000E+000,-3.9791452E+001,-3.7740575E+001,-1.3652494E-004, 1.0206166E-002,-1.8927194E-006,-8.7319294E-001,-1.1568728E+000,-8.1474086E-001,-8.3366738E-001,-7.4807720E-001,-1.0087797E+000,-7.0550281E-001,-7.3942615E-001,-1.0923121E+000,-6.7991690E-001,-7.0733159E-001,-1.4679525E+000,-6.8023521E-001,-7.1021357E-001,-1.6277994E+000,-6.8020108E-001,-7.1169565E-001,-1.7090359E+000
 7.9000415E+002, 4.6093659E+002, 0.0000000E+000,-3.3850502E+002,-1.3092873E+001,-1.4558524E+002,-1.3014241E-001, 1.1307160E-003, 0.0000000E+000,-3.8705905E+001,-3.6375555E+001,-7.1528011E-005, 1.0130035E-002,-8.0748184E-006,-8.6772775E-001,-1.1298743E+000,-8.1503072E-001,-8.2798785E-001,-7.4487435E-001,-9.9967535E-001,-7.0502890E-001,-7.3874100E-001,-1.0853896E+000,-6.7990811E-001,-7.0705132E-001,-1.4610834E+000,-6.8022198E-001,-7.0997458E-001,-1.6498496E+000,-6.8020116E-001,-7.1158336E-001,-1.6529169E+000
 8.0001080E+002, 4.5755391E+002, 0.0000000E+000,-3.3319736E+002,-1.2585304E+001,-1.4389721E+002,-1.2980840E-001,-1.1180957E-003, 0.0000000E+000,-3.4277081E+001,-3.2256885E+001,-8.3344330E-005, 1.0053829E-002, 6.5298298E-006,-8.6623912E-001,-1.1440135E+000,-8.1583548E-001,-8.2303859E-001,-7.4866671E-001,-1.0135294E+000,-7.0474081E-001,-7.3742218E-001,-1.0811237E+000,-6.7989413E-001,-7.0696993E-001,-1.4906212E+000,-6.8019987E-001,-7.1003050E-001,-1.6539291E+000,-6.8018296E-001,-7.1163425E-001,-1.6821932E+000
 8.1000214E+002, 4.5393119E+002, 0.0000000E+000,-3.3071584E+002,-1.3716914E+001,-1.4360333E+002,-1.2867717E-001, 3.7134483E-003, 0.0000000E+000,-3.6215750E+001,-3.4229850E+001,-8.4547437E-005, 9.9776415E-003, 9.5150854E-007,-8.6955131E-001,-1.1539193E+000,-8.1189165E-001,-8.2199547E-001,-7.4533319E-001,-1.0036633E+000,-7.0458468E-001,-7.3667505E-001,-1.0686632E+000,-6.7986455E-001,-7.0702506E-001,-1.4208342E+000,-6.8021203E-001,-7.0990896E-001,-1.5927340E+000,-6.8019102E-001,-7.1134544E-001,-1.6147499E+000
 8.2000616E+002, 4.5058686E+002, 0.0000000E+000,-3.2677148E+002,-1.2345765E+001,-1.4153806E+002,-1.2762872E-001,-8.1533897E-004, 0.0000000E+000,-3.2334088E+001,-3.0196889E+001,-7.0902942E-005, 9.9015045E-003,-6.4832951E-006,-8.6638257E-001,-1.1645203E+000,-8.1351552E-001,-8.4065339E-001,-7.3827374E-001,-1.0108606E+000,-7.0307863E-001,-7.3572325E-001,-1.0818404E+000,-6.7988021E-001,-7.0693501E-001,-1.4359081E+000,-6.8021289E-001,-7.0995426E-001,-1.6329129E+000,-6.8020218E-001,-7.1135616E-001,-1.5936634E+000
 8.3000684E+002, 4.4703540E+002, 0.0000000E+000,-3.2496436E+002,-1.2829480E+001,-1.4009457E+002,-1.2699284E-001,-2.1319569E-003, 0.0000000E+000,-3.2992817E+001,-3.0982131E+001,-6.4275439E-005, 9.8253248E-003, 5.0300529E-006,-8.6229052E-001,-1.1577687E+000,-8.1341377E-001,-8.3885446E-001,-7.3659874E-001,-1.0072758E+000,-7.0263589E-001,-7.3433693E-001,-1.0951409E+000,-6.7986192E-001,-7.0689624E-001,-1.4524268E+000,-6.8018126E-001,-7.0976454E-001,-1.6129802E+000,-6.8019035E-001,-7.1131322E-001,-1.7052582E+000
 8.4001129E+002, 4.4359615E+002, 0.0000000E+000,-3.2032520E+002,-1.2496700E+001,-1.3938164E+002,-1.2665450E-001, 2.5999992E-003, 0.0000000E+000,-3.0731314E+001,-2.8731447E+001,-8.7675162E-005, 9.7491485E-003,-1.2136979E-006,-8.5981749E-001,-1.1394021E+000,-8.1448158E-001,-8.3569075E-001,-7.3557247E-001,-1.0035552E+000,-7.0256703E-001,-7.3328957E-001,-1.0774060E+000,-6.7982673E-001,-7.0671863E-001,-1.3935656E+000,-6.8016449E-001,-7.0960045E-001,-1.6263243E+000,-6.8019015E-001,-7.1125253E-001,-1.6296522E+000
 8.5000708E+002, 4.4010417E+002, 0.0000000E+000,-3.1731663E+002,-1.3581454E+001,-1.3883454E+002,-1.2568654E-001, 2.1843207E-003, 0.0000000E+000,-3.1854287E+001,-2.9751956E+001,-1.1413536E-004, 9.6729458E-003, 1.1729483E-006,-8.6164508E-001,-1.1315877E+000,-8.1392631E-001,-8.3994729E-001,-7.2691391E-001,-9.9082333E-001,-7.0201103E-001,-7.3243091E-001,-1.0957192E+000,-6.7983542E-001,-7.0691178E-001,-1.3802222E+000,-6.8017366E-001,-7.0945315E-001,-1.4994089E+000,-6.8021147E-001,-7.1118696E-001,-1.6264112E+000
 8.6000592E+002, 4.3673195E+002, 0.0000000E+000,-3.1453028E+002,-1.2067671E+001,-1.3662382E+002,-1.2457913E-001,-1.5776092E-003, 0.0000000E+000,-2.8623345E+001,-2.6615980E+001,-7.7586112E-005, 9.5967956E-003, 2.0450636E-006,-8.6451076E-001,-1.1487106E+000,-8.0971579E-001,-8.3695665E-001,-7.3149533E-001,-1.0277892E+000,-7.0122684E-001,-7.3069051E-001,-1.0607609E+000,-6.7982628E-001,-7.0678052E-001,-1.4215199E+000,-6.8014662E-001,-7.0944058E-001,-1.5548999E+000,-6.8019229E-001,-7.1103251E-001,-1.6458818E+000
 8.7000562E+002, 4.3313209E+002, 0.0000000E+000,-3.1077572E+002,-1.2259616E+001,-1.3558688E+002,-1.2430080E-001,-1.3844312E-003, 0.0000000E+000,-2.7554547E+001,-2.5615821E+001,-6.7237764E-005, 9.5206453E-003,-5.1274507E-007,-8.6523569E-001,-1.1608010E+000,-8.1049027E-001,-8.2394195E-001,-7.2789999E-001,-9.8509130E-001,-7.0055079E-001,-7.2947070E-001,-1.0828816E+000,-6.7979670E-001,-7.0684182E-001,-1.4320605E+000,-6.8014291E-001,-7.0930751E-001,-1.5915998E+000,-6.8021877E-001,-7.1099178E-001,-1.6667354E+000
 8.8000391E+002, 4.2976050E+002, 0.0000000E+000,-3.0712253E+002,-1.2232801E+001,-1.3452071E+002,-1.2339437E-001, 2.6587899E-004, 0.0000000E+000,-2.6218537E+001,-2.4238668E+001,-9.5560979E-005, 9.4444869E-003,-6.4486427E-006,-8.6123545E-001,-1.1701681E+000,-8.0988308E-001,-8.1684943E-001,-7.2190074E-001,-9.7489093E-001,-7.0105003E-001,-7.2752185E-001,-1.0603068E+000,-6.7975879E-001,-7.0666414E-001,-1.4167241E+000,-6.8013311E-001,-7.0960770E-001,-1.6188983E+000,-6.8024463E-001,-7.1103919E-001,-1.6646026E+000
 8.9000067E+002, 4.2632587E+002, 0.0000000E+000,-3.0551996E+002,-1.1783139E+001,-1.3309349E+002,-1.2241004E-001, 1.3104898E-003, 0.0000000E+000,-2.6055453E+001,-2.4191814E+001, 6.4017355E-006, 9.3683059E-003, 8.8971606E-006,-8.6320723E-001,-1.1417906E+000,-8.1164389E-001,-8.1582898E-001,-7.2713356E-001,-9.9083169E-001,-7.0081756E-001,-7.2518159E-001,-1.0576150E+000,-6.7974181E-001,-7.0632628E-001,-1.4339439E+000,-6.8007521E-001,-7.0925385E-001,-1.5855450E+000,-6.8020174E-001,-7.1090484E-001,-1.6112290E+000
 9.0000867E+002, 4.2279692E+002, 0.0000000E+000,-3.0175776E+002,-1.0982525E+001,-1.3171313E+002,-1.2159865E-001,-1.1249555E-003, 0.0000000E+000,-2.3850144E+001,-2.1779218E+001,-9.3702046E-005, 9.2921312E-003,-3.8239512E-006,-8.6176822E-001,-1.1590082E+000,-8.1157424E-001,-8.1308424E-001,-7.2665611E-001,-9.7421490E-001,-7.0044913E-001,-7.2308003E-001,-1.0836257E+000,-6.7971936E-001,-7.0631682E-001,-1.4100393E+000,-6.8006739E-001,-7.0925385E-001,-1.6186768E+000,-6.8021242E-001,-7.1086568E-001,-1.6404850E+000
 9.1000684E+002, 4.1933785E+002, 0.0000000E+000,-2.9813052E+002,-1.2011187E+001,-1.3114214E+002,-1.2068797E-001, 2.5322141E-003, 0.0000000E+000,-2.3955424E+001,-2.2064153E+001,-5.4878311E-005, 9.2159348E-003, 2.6185833E-007,-8.6470301E-001,-1.1434421E+000,-8.1165862E-001,-8.0662288E-001,-7.1791849E-001,-9.8804119E-001,-7.0086278E-001,-7.2084662E-001,-1.0582691E+000,-6.7969870E-001,-7.0647414E-001,-1.3772707E+000,-6.8006785E-001,-7.0908789E-001,-1.5996436E+000,-6.8024227E-001,-7.1085037E-001,-1.5773319E+000
 9.2000586E+002, 4.1581880E+002, 0.0000000E+000,-2.9758638E+002,-1.2167135E+001,-1.3045050E+002,-1.2042469E-001, 5.3608879E-004, 0.0000000E+000,-2.6487025E+001,-2.4505111E+001,-9.8745820E-005, 9.1397834E-003, 1.5978558E-006,-8.6180670E-001,-1.1095870E+000,-8.1186864E-001,-8.0881790E-001,-7.1247990E-001,-9.8176172E-001,-7.0112998E-001,-7.1850930E-001,-1.0711906E+000,-6.7969570E-001,-7.0657062E-001,-1.3923014E+000,-6.8007317E-001,-7.0920293E-001,-1.5378792E+000,-6.8025889E-001,-7.1073583E-001,-1.5886650E+000
 9.3000653E+002, 4.1250231E+002, 0.0000000E+000,-2.9306703E+002,-1.1540761E+001,-1.2983991E+002,-1.1989192E-001, 1.3710282E-003, 0.0000000E+000,-2.3864132E+001,-2.2063918E+001,-4.2484315E-005, 9.0636042E-003, 5.8699352E-006,-8.5765662E-001,-1.0996599E+000,-8.0985923E-001,-7.9355710E-001,-7.0196575E-001,-9.8211600E-001,-7.0090650E-001,-7.1555405E-001,-1.0466845E+000,-6.7966079E-001,-7.0648543E-001,-1.3366123E+000,-6.8005814E-001,-7.0879934E-001,-1.5451036E+000,-6.8027961E-001,-7.1060421E-001,-1.5938636E+000
 9.4000006E+002, 4.0889766E+002, 0.0000000E+000,-2.9052919E+002,-1.1428200E+001,-1.2871873E+002,-1.1854070E-001,-2.1271758E-003, 0.0000000E+000,-2.3711643E+001,-2.1899120E+001,-1.1993850E-004, 8.9874627E-003,-3.4498085E-006,-8.6309240E-001,-1.0983975E+000,-8.0370806E-001,-8.0068102E-001,-7.1198963E-001,-9.8910930E-001,-7.0089786E-001,-7.1269282E-001,-1.0437846E+000,-6.7970167E-001,-7.0649176E-001,-1.3145513E+000,-6.8007175E-001,-7.0876463E-001,-1.5626662E+000,-6.8024739E-001,-7.1059483E-001,-1.7110162E+000
 9.5000024E+002, 4.0554808E+002, 0.0000000E+000,-2.8688062E+002,-1.1121099E+001,-1.2799290E+002,-1.1765674E-001,-2.5775776E-004, 0.0000000E+000,-2.2348269E+001,-2.0564457E+001,-1.0119958E-004, 8.9113172E-003,-2.8155492E-006,-8.6428796E-001,-1.0832831E+000,-8.0743001E-001,-8.2145965E-001,-7.1677193E-001,-9.6364895E-001,-7.0608554E-001,-7.0927344E-001,-1.0872974E+000,-6.7971684E-001,-7.0629317E-001,-1.3342254E+000,-6.8009437E-001,-7.0899612E-001,-1.6075813E+000,-6.8021632E-001,-7.1052003E-001,-1.6168985E+000
 9.6000781E+002, 4.0199690E+002, 0.0000000E+000,-2.8337674E+002,-1.1475777E+001,-1.2766869E+002,-1.1640596E-001,-1.4284687E-003, 0.0000000E+000,-2.2421405E+001,-2.0642150E+001,-5.3425559E-005, 8.8351113E-003, 3.7171628E-006,-8.6651917E-001,-1.0810717E+000,-8.0467823E-001,-8.1939039E-001,-7.1514386E-001,-9.5860483E-001,-7.0401437E-001,-7.0567451E-001,-1.0442248E+000,-6.7969480E-001,-7.0636464E-001,-1.3845208E+000,-6.8005019E-001,-7.0874468E-001,-1.5616269E+000,-6.8019470E-001,-7.1034637E-001,-1.7350360E+000
 9.7000220E+002, 3.9847356E+002, 0.0000000E+000,-2.8188710E+002,-1.2235653E+001,-1.2739334E+002,-1.1579450E-001, 1.5113410E-003, 0.0000000E+000,-2.5024103E+001,-2.3156811E+001,-7.1994510E-005, 8.7589136E-003,-1.9559525E-006,-8.6372120E-001,-1.0761004E+000,-8.0712263E-001,-8.0798345E-001,-7.1059172E-001,-9.5889752E-001,-7.0461490E-001,-7.0191022E-001,-1.0708931E+000,-6.7968766E-001,-7.0629543E-001,-1.3487833E+000,-6.8004169E-001,-7.0880901E-001,-1.5674550E+000,-6.8020343E-001,-7.1032738E-001,-1.6606925E+000
 9.8000793E+002, 3.9515485E+002, 0.0000000E+000,-2.7884768E+002,-1.0950153E+001,-1.2493456E+002,-1.1495862E-001, 4.9594808E-004, 0.0000000E+000,-2.1349891E+001,-1.9692000E+001,-1.2421045E-004, 8.6827642E-003,-2.6294481E-006,-8.6675897E-001,-1.0569481E+000,-8.0678096E-001,-8.0572825E-001,-7.1293621E-001,-9.7128860E-001,-7.0553954E-001,-6.9760873E-001,-1.0615503E+000,-6.7967656E-001,-7.0617601E-001,-1.3578183E+000,-6.8003137E-001,-7.0870791E-001,-1.5934432E+000,-6.8019164E-001,-7.1035423E-001,-1.6073443E+000
 9.9000873E+002, 3.9163851E+002, 0.0000000E+000,-2.7600115E+002,-1.1445519E+001,-1.2494203E+002,-1.1426111E-001, 1.0054239E-003, 0.0000000E+000,-2.2776761E+001,-2.0863445E+001,-7.4061081E-005, 8.6065726E-003, 4.4747501E-006,-8.6363006E-001,-1.0708286E+000,-8.0943097E-001,-8.0698911E-001,-7.1152044E-001,-9.7320573E-001,-7.0566684E-001,-6.9284943E-001,-1.0548521E+000,-6.7968417E-001,-7.0630585E-001,-1.3520215E+000,-6.8002266E-001,-7.0840238E-001,-1.5454979E+000,-6.8018959E-001,-7.1021901E-001,-1.6060278E+000
 1.0000134E+003, 3.8813820E+002, 0.0000000E+000,-2.7103384E+002,-1.1156222E+001,-1.2461633E+002,-1.1316322E-001,-1.2407042E-003, 0.0000000E+000,-2.0414486E+001,-1.8782594E+001,-8.0017164E-005, 8.5303682E-003,-1.6593251E-006,-8.6339634E-001,-1.0806627E+000,-8.0970551E-001,-8.1396950E-001,-6.9523950E-001,-9.8169263E-001,-7.0451241E-001,-6.8814544E-001,-1.0871740E+000,-6.7965381E-001,-7.0620799E-001,-1.3629853E+000,-6.7999354E-001,-7.0824013E-001,-1.5617989E+000,-6.8017988E-001,-7.0992028E-001,-1.6241067E+000
 1.0100108E+003, 3.8472201E+002, 0.0000000E+000,-2.6879688E+002,-1.1447359E+001,-1.2451268E+002,-1.1288070E-001, 1.2020741E-003, 0.0000000E+000,-2.1925235E+001,-2.0146583E+001,-6.8483358E-005, 8.4541796E-003, 2.2753621E-006,-8.6050821E-001,-1.0849640E+000,-8.0823509E-001,-8.1086549E-001,-6.9321787E-001,-9.8660297E-001,-7.0359885E-001,-6.8299504E-001,-1.0182585E+000,-6.7963831E-001,-7.0609595E-001,-1.3930713E+000,-6.7997646E-001,-7.0822612E-001,-1.5782485E+000,-6.8017334E-001,-7.0995309E-001,-1.5838630E+000
 1.0200024E+003, 3.8119204E+002, 0.0000000E+000,-2.6582932E+002,-1.0912643E+001,-1.2399045E+002,-1.1116597E-001,-2.8528048E-004, 0.0000000E+000,-2.1451658E+001,-1.9651831E+001,-1.1224799E-004, 8.3780597E-003,-1.3794319E-006,-8.5940991E-001,-1.1031591E+000,-8.1216344E-001,-8.0806663E-001,-6.9579212E-001,-9.8193416E-001,-7.0377353E-001,-6.7736025E-001,-1.0575189E+000,-6.7964559E-001,-7.0599992E-001,-1.4001150E+000,-6.7999087E-001,-7.0828313E-001,-1.5669923E+000,-6.8018441E-001,-7.1007970E-001,-1.5641406E+000
 1.0300046E+003, 3.7774502E+002, 0.0000000E+000,-2.6244401E+002,-1.1821293E+001,-1.2295781E+002,-1.1063226E-001,-1.3184866E-003, 0.0000000E+000,-2.1181117E+001,-1.9590043E+001,-1.0794311E-004, 8.3019324E-003,-3.3465365E-006,-8.6186669E-001,-1.0684096E+000,-8.1044439E-001,-8.1524437E-001,-6.9436681E-001,-9.7732819E-001,-7.0489806E-001,-6.7157024E-001,-1.0743606E+000,-6.7965391E-001,-7.0619841E-001,-1.4135106E+000,-6.7996762E-001,-7.0828205E-001,-1.5650724E+000,-6.8015146E-001,-7.0985933E-001,-1.6136937E+000
 1.0400051E+003, 3.7432614E+002, 0.0000000E+000,-2.5952515E+002,-1.0846385E+001,-1.2236007E+002,-1.0963145E-001, 3.8814261E-003, 0.0000000E+000,-2.0238685E+001,-1.8511208E+001,-8.2418220E-005, 8.2257337E-003, 2.1730972E-006,-8.5826172E-001,-1.0772172E+000,-8.0994070E-001,-8.1431337E-001,-6.9080780E-001,-9.8049700E-001,-7.0423252E-001,-6.6498652E-001,-1.0445199E+000,-6.7965946E-001,-7.0586954E-001,-1.3448884E+000,-6.8001023E-001,-7.0809900E-001,-1.5024179E+000,-6.8017712E-001,-7.0983426E-001,-1.5522634E+000
 1.0500060E+003, 3.7089518E+002, 0.0000000E+000,-2.5685278E+002,-1.1328245E+001,-1.2199858E+002,-1.0844191E-001,-1.6218775E-003, 0.0000000E+000,-2.0973051E+001,-1.9394487E+001,-1.0474264E-004, 8.1495593E-003,-1.0060748E-007,-8.5542722E-001,-1.0913193E+000,-8.1242527E-001,-8.0952115E-001,-6.9075908E-001,-9.7146241E-001,-7.0500567E-001,-6.5783947E-001,-1.0534461E+000,-6.7962827E-001,-7.0587172E-001,-1.3559790E+000,-6.7998293E-001,-7.0829355E-001,-1.5247302E+000,-6.8016368E-001,-7.0982037E-001,-1.6016513E+000
 1.0600067E+003, 3.6733386E+002, 0.0000000E+000,-2.5460111E+002,-1.1724574E+001,-1.2189453E+002,-1.0792507E-001, 1.3339285E-004, 0.0000000E+000,-2.2638524E+001,-2.0994145E+001,-1.1218695E-004, 8.0733906E-003,-1.1857506E-006,-8.5419254E-001,-1.1055247E+000,-8.1196293E-001,-8.1284022E-001,-6.8922960E-001,-9.7340017E-001,-7.0357730E-001,-6.5048489E-001,-1.0552782E+000,-6.7964027E-001,-7.0600668E-001,-1.3672153E+000,-6.7999382E-001,-7.0822547E-001,-1.5397084E+000,-6.8015469E-001,-7.0974502E-001,-1.5697671E+000
 1.0700071E+003, 3.6389865E+002, 0.0000000E+000,-2.5197868E+002,-1.0304622E+001,-1.2017264E+002,-1.0698302E-001, 5.5652006E-004, 0.0000000E+000,-2.0177213E+001,-1.8663720E+001,-3.5827552E-005, 7.9972198E-003, 5.7277582E-006,-8.5854646E-001,-1.0457552E+000,-8.0986103E-001,-8.1500816E-001,-6.8787590E-001,-9.7493262E-001,-7.0469567E-001,-6.4224046E-001,-1.0384246E+000,-6.7961816E-001,-7.0569648E-001,-1.3938517E+000,-6.7993189E-001,-7.0769995E-001,-1.5636370E+000,-6.8009029E-001,-7.0953796E-001,-1.5160231E+000
 1.0800067E+003, 3.6048949E+002, 0.0000000E+000,-2.5011698E+002,-1.0510182E+001,-1.2000546E+002,-1.0594005E-001, 1.1411294E-004, 0.0000000E+000,-2.1867858E+001,-2.0248960E+001,-4.4818576E-005, 7.9210315E-003, 4.9500455E-006,-8.5205305E-001,-1.0322839E+000,-8.1204215E-001,-8.1285613E-001,-6.8414114E-001,-9.7232843E-001,-7.0463466E-001,-6.3361657E-001,-1.0498346E+000,-6.7958886E-001,-7.0591559E-001,-1.3861773E+000,-6.7990535E-001,-7.0761301E-001,-1.5524068E+000,-6.8007793E-001,-7.0940125E-001,-1.5255393E+000
 1.0900044E+003, 3.5700970E+002, 0.0000000E+000,-2.4667277E+002,-1.1847043E+001,-1.1829536E+002,-1.0525906E-001, 1.6403203E-003, 0.0000000E+000,-2.1528396E+001,-1.9909096E+001,-1.0569525E-004, 7.8448626E-003,-1.1416207E-006,-8.5278169E-001,-1.0660481E+000,-8.1070919E-001,-8.0427050E-001,-6.7739952E-001,-9.8134051E-001,-7.0300109E-001,-6.2445298E-001,-1.0232407E+000,-6.7959779E-001,-7.0578818E-001,-1.3769665E+000,-6.7991853E-001,-7.0746465E-001,-1.5371970E+000,-6.8008921E-001,-7.0929948E-001,-1.4863409E+000
 1.1000062E+003, 3.5351482E+002, 0.0000000E+000,-2.4313152E+002,-1.1433262E+001,-1.1720038E+002,-1.0402809E-001,-2.9450294E-003, 0.0000000E+000,-1.9975949E+001,-1.8357314E+001,-7.0926416E-005, 7.7687118E-003, 3.4320876E-006,-8.4836722E-001,-1.0362050E+000,-8.1169367E-001,-8.2435626E-001,-6.8428258E-001,-9.6441472E-001,-7.0170928E-001,-6.1494166E-001,-1.0813484E+000,-6.7961883E-001,-7.0544100E-001,-1.3820620E+000,-6.7990156E-001,-7.0752104E-001,-1.5752780E+000,-6.8003933E-001,-7.0940650E-001,-1.5563773E+000
 1.1100039E+003, 3.4998406E+002, 0.0000000E+000,-2.4098183E+002,-1.0463338E+001,-1.1608094E+002,-1.0293769E-001, 4.4003828E-003, 0.0000000E+000,-1.9137520E+001,-1.7640590E+001,-1.0702031E-004, 7.6925574E-003,-2.2587625E-006,-8.5482442E-001,-1.0424608E+000,-8.1077726E-001,-8.1461837E-001,-6.7984212E-001,-9.9177428E-001,-7.0252248E-001,-6.0422648E-001,-1.0387987E+000,-6.7961135E-001,-7.0539832E-001,-1.3588676E+000,-6.7990626E-001,-7.0743546E-001,-1.4569813E+000,-6.8006720E-001,-7.0939533E-001,-1.4809101E+000
 1.1200112E+003, 3.4660215E+002, 0.0000000E+000,-2.3806156E+002,-1.1343419E+001,-1.1660426E+002,-1.0267272E-001,-2.3700006E-003, 0.0000000E+000,-2.1141790E+001,-1.9512130E+001,-8.2823934E-005, 7.6163551E-003, 3.8683332E-007,-8.5468288E-001,-1.0260655E+000,-8.0980556E-001,-8.0889070E-001,-6.7172584E-001,-9.7493856E-001,-7.0381114E-001,-5.9286587E-001,-1.0379623E+000,-6.7960494E-001,-7.0562814E-001,-1.3486458E+000,-6.7992328E-001,-7.0768031E-001,-1.5424201E+000,-6.8008471E-001,-7.0939722E-001,-1.5510380E+000
 1.1300007E+003, 3.4304724E+002, 0.0000000E+000,-2.3466237E+002,-1.1918742E+001,-1.1583467E+002,-1.0194493E-001, 1.2070781E-003, 0.0000000E+000,-2.0810446E+001,-1.9469274E+001,-8.6767161E-005, 7.5401875E-003, 2.2942242E-006,-8.5309742E-001,-1.0662697E+000,-8.0847137E-001,-8.0328691E-001,-6.6159029E-001,-9.8429497E-001,-6.9933575E-001,-5.8133397E-001,-1.0465424E+000,-6.7959390E-001,-7.0538933E-001,-1.3330213E+000,-6.7993638E-001,-7.0734046E-001,-1.5291022E+000,-6.8009209E-001,-7.0914796E-001,-1.5109480E+000
 1.1400090E+003, 3.3967578E+002, 0.0000000E+000,-2.3237484E+002,-1.1281491E+001,-1.1468859E+002,-1.0059224E-001,-1.8534869E-003, 0.0000000E+000,-2.0287726E+001,-1.8771589E+001,-9.1294172E-005, 7.4640411E-003,-1.4072257E-006,-8.5418497E-001,-1.0732439E+000,-8.0782663E-001,-8.0432637E-001,-6.6401909E-001,-9.8259814E-001,-6.9979879E-001,-5.6871601E-001,-1.0478061E+000,-6.7959078E-001,-7.0552380E-001,-1.3770351E+000,-6.7992168E-001,-7.0712362E-001,-1.5764476E+000,-6.8007366E-001,-7.0927096E-001,-1.5252263E+000
 1.1500009E+003, 3.3614829E+002, 0.0000000E+000,-2.2969173E+002,-1.0686585E+001,-1.1360453E+002,-9.9533312E-002, 2.1088719E-003, 0.0000000E+000,-1.9527587E+001,-1.7931982E+001,-6.1607808E-005, 7.3878588E-003, 5.5611755E-006,-8.5013924E-001,-1.0612008E+000,-8.0865936E-001,-8.0125639E-001,-6.5114128E-001,-9.7075810E-001,-6.9940715E-001,-5.5530965E-001,-1.0592983E+000,-6.7957394E-001,-7.0559611E-001,-1.3520129E+000,-6.7992270E-001,-7.0679780E-001,-1.5299191E+000,-6.8007219E-001,-7.0888788E-001,-1.4792459E+000
 1.1600042E+003, 3.3267330E+002, 0.0000000E+000,-2.2688129E+002,-1.0640639E+001,-1.1342659E+002,-9.8317079E-002, 2.1356967E-004, 0.0000000E+000,-1.9738037E+001,-1.8373325E+001,-9.9370429E-005, 7.3117088E-003,-4.9029915E-006,-8.5282780E-001,-1.0454706E+000,-8.0809650E-001,-8.0174044E-001,-6.5215117E-001,-9.7204215E-001,-7.0057562E-001,-5.4087469E-001,-1.0433452E+000,-6.7959426E-001,-7.0576441E-001,-1.3111115E+000,-6.7993444E-001,-7.0696475E-001,-1.5004196E+000,-6.8008542E-001,-7.0902458E-001,-1.5468661E+000
 1.1700123E+003, 3.2925728E+002, 0.0000000E+000,-2.2428010E+002,-1.0805541E+001,-1.1272044E+002,-9.7432970E-002,-1.6303152E-003, 0.0000000E+000,-2.0013273E+001,-1.8647865E+001,-5.3364253E-005, 7.2354815E-003, 7.4636025E-006,-8.4900790E-001,-1.0315594E+000,-8.0749314E-001,-7.9623971E-001,-6.4065351E-001,-9.6131339E-001,-7.0094941E-001,-5.2584532E-001,-1.0582418E+000,-6.7956614E-001,-7.0518541E-001,-1.3266735E+000,-6.7992576E-001,-7.0692000E-001,-1.5224533E+000,-6.8007768E-001,-7.0896617E-001,-1.5998569E+000
 1.1800015E+003, 3.2579620E+002, 0.0000000E+000,-2.2171353E+002,-1.1594724E+001,-1.1195445E+002,-9.6858806E-002,-5.0114981E-004, 0.0000000E+000,-2.1020602E+001,-1.9563872E+001,-1.0392792E-004, 7.1593348E-003,-8.5089399E-007,-8.4975606E-001,-1.0591222E+000,-8.0984493E-001,-8.0104113E-001,-6.4329767E-001,-9.6135723E-001,-7.0081072E-001,-5.0996711E-001,-1.0401647E+000,-6.7957360E-001,-7.0512450E-001,-1.3974269E+000,-6.7991245E-001,-7.0670603E-001,-1.5503755E+000,-6.8004483E-001,-7.0888381E-001,-1.5471253E+000
 1.1900112E+003, 3.2236153E+002, 0.0000000E+000,-2.1913549E+002,-1.0557971E+001,-1.1112163E+002,-9.5385536E-002, 1.2238790E-003, 0.0000000E+000,-1.9972152E+001,-1.8547726E+001,-9.3021871E-005, 7.0831756E-003,-7.3874702E-008,-8.5859054E-001,-1.0636581E+000,-8.0150174E-001,-7.8967904E-001,-6.3343409E-001,-9.5736142E-001,-7.0342771E-001,-4.9262517E-001,-1.0310152E+000,-6.7956678E-001,-7.0548915E-001,-1.3711111E+000,-6.7989368E-001,-7.0686760E-001,-1.5061381E+000,-6.8004955E-001,-7.0881875E-001,-1.5573362E+000
 1.2000010E+003, 3.1880855E+002, 0.0000000E+000,-2.1603259E+002,-1.1082178E+001,-1.1045372E+002,-9.4795714E-002, 3.1720109E-003, 0.0000000E+000,-2.0205195E+001,-1.8851555E+001,-5.5126608E-005, 7.0069895E-003, 3.8587759E-006,-8.5599167E-001,-1.0602649E+000,-8.0075409E-001,-7.8488060E-001,-6.2276380E-001,-9.5195690E-001,-7.0236331E-001,-4.7403321E-001,-1.0542359E+000,-6.7952943E-001,-7.0526525E-001,-1.2968441E+000,-6.7989470E-001,-7.0673252E-001,-1.4508794E+000,-6.8006050E-001,-7.0864496E-001,-1.4933385E+000
 1.2100004E+003, 3.1543778E+002, 0.0000000E+000,-2.1340308E+002,-1.0472025E+001,-1.0980915E+002,-9.4356808E-002,-3.0702347E-003, 0.0000000E+000,-1.9634359E+001,-1.8343903E+001,-5.0064041E-005, 6.9308588E-003, 2.4645941E-006,-8.5656410E-001,-1.0351536E+000,-8.0057702E-001,-7.8500741E-001,-6.2375067E-001,-9.6455038E-001,-7.0277320E-001,-4.5462526E-001,-1.0283067E+000,-6.7953693E-001,-7.0506257E-001,-1.3599856E+000,-6.7983649E-001,-7.0618483E-001,-1.4993088E+000,-6.8000808E-001,-7.0850973E-001,-1.5857016E+000
 1.2200095E+003, 3.1189901E+002, 0.0000000E+000,-2.1000994E+002,-1.1409938E+001,-1.0920036E+002,-9.3304082E-002, 1.7135023E-003, 0.0000000E+000,-2.0252479E+001,-1.8812809E+001,-9.4635774E-005, 6.8546657E-003,-1.9374521E-006,-8.5480635E-001,-1.0143297E+000,-7.9771573E-001,-7.7875006E-001,-6.1324087E-001,-9.6530475E-001,-7.0269802E-001,-4.3451397E-001,-1.0134702E+000,-6.7954278E-001,-7.0486086E-001,-1.3007851E+000,-6.7987094E-001,-7.0652716E-001,-1.4914391E+000,-6.8004148E-001,-7.0835554E-001,-1.5791491E+000
 1.2300048E+003, 3.0848943E+002, 0.0000000E+000,-2.0779767E+002,-1.0430703E+001,-1.0941322E+002,-9.1939316E-002,-1.9562697E-004, 0.0000000E+000,-2.0527616E+001,-1.9244302E+001,-3.4806057E-005, 6.7784910E-003, 1.0107562E-005,-8.4986538E-001,-9.8063822E-001,-8.0155323E-001,-7.7178299E-001,-6.0606690E-001,-9.5209481E-001,-7.0161265E-001,-4.1199246E-001,-1.0203876E+000,-6.7948320E-001,-7.0481473E-001,-1.3345268E+000,-6.7980704E-001,-7.0600481E-001,-1.5253828E+000,-6.8000958E-001,-7.0810544E-001,-1.5399985E+000
 1.2400098E+003, 3.0499049E+002, 0.0000000E+000,-2.0494941E+002,-1.0994425E+001,-1.0799262E+002,-9.0672720E-002, 1.8887872E-003, 0.0000000E+000,-2.0265020E+001,-1.9034746E+001,-9.0420705E-005, 6.7022869E-003,-9.1981233E-007,-8.5317301E-001,-1.0044247E+000,-8.0048100E-001,-7.6297208E-001,-5.9868681E-001,-9.6245598E-001,-7.0329795E-001,-3.8863204E-001,-1.0218945E+000,-6.7946956E-001,-7.0451676E-001,-1.2856504E+000,-6.7982097E-001,-7.0601836E-001,-1.4873867E+000,-6.8002759E-001,-7.0828574E-001,-1.5127027E+000
 1.2500104E+003, 3.0150753E+002, 0.0000000E+000,-2.0270615E+002,-1.1104328E+001,-1.0784051E+002,-8.9988056E-002, 6.9360328E-004, 0.0000000E+000,-2.1618125E+001,-2.0232753E+001,-5.8143222E-005, 6.6261066E-003, 2.4306926E-007,-8.5179041E-001,-1.0196218E+000,-7.9926323E-001,-7.7458098E-001,-5.9631880E-001,-9.6685540E-001,-6.9944121E-001,-3.6453964E-001,-1.0090551E+000,-6.7945766E-001,-7.0448152E-001,-1.3241088E+000,-6.7977865E-001,-7.0582737E-001,-1.4877510E+000,-6.8000073E-001,-7.0805536E-001,-1.4556244E+000
 1.2600082E+003, 2.9810053E+002, 0.0000000E+000,-1.9987820E+002,-1.0722856E+001,-1.0643446E+002,-8.9069637E-002,-1.6632213E-003, 0.0000000E+000,-2.0310099E+001,-1.9025717E+001,-2.4913207E-005, 6.5499387E-003, 8.7886631E-006,-8.4734048E-001,-1.0007846E+000,-7.9808353E-001,-7.7943894E-001,-5.8952764E-001,-9.5379713E-001,-6.9996147E-001,-3.3838247E-001,-1.0299775E+000,-6.7945510E-001,-7.0452982E-001,-1.3248805E+000,-6.7974242E-001,-7.0551299E-001,-1.5019124E+000,-6.7995684E-001,-7.0773334E-001,-1.5249956E+000
 1.2700101E+003, 2.9454178E+002, 0.0000000E+000,-1.9718878E+002,-1.0747442E+001,-1.0601760E+002,-8.8446870E-002, 3.0561341E-003, 0.0000000E+000,-2.0804818E+001,-1.9497433E+001, 8.5776282E-006, 6.4737846E-003, 6.2228771E-006,-8.4750062E-001,-9.9995531E-001,-7.9763799E-001,-7.7551319E-001,-5.7440271E-001,-9.4675330E-001,-6.9915464E-001,-3.1044386E-001,-1.0174521E+000,-6.7942200E-001,-7.0446666E-001,-1.2883770E+000,-6.7974193E-001,-7.0502245E-001,-1.4573143E+000,-6.7995607E-001,-7.0752979E-001,-1.4556111E+000
 1.2800103E+003, 2.9113151E+002, 0.0000000E+000,-1.9496144E+002,-1.0342366E+001,-1.0508011E+002,-8.7310302E-002,-2.3252285E-003, 0.0000000E+000,-2.0500150E+001,-1.9342045E+001,-1.3612357E-004, 6.3975834E-003,-4.9948810E-006,-8.4643231E-001,-1.0240441E+000,-8.0093170E-001,-7.7152829E-001,-5.7189894E-001,-9.6189096E-001,-6.9901083E-001,-2.8141273E-001,-1.0116398E+000,-6.7941714E-001,-7.0424490E-001,-1.3211332E+000,-6.7972872E-001,-7.0514962E-001,-1.5154533E+000,-6.7996376E-001,-7.0764843E-001,-1.5018548E+000
 1.2900085E+003, 2.8766031E+002, 0.0000000E+000,-1.9219869E+002,-1.1217789E+001,-1.0422870E+002,-8.6316452E-002, 1.7281091E-003, 0.0000000E+000,-2.1399491E+001,-2.0069460E+001,-7.5943549E-005, 6.3214362E-003,-8.4400699E-007,-8.4862002E-001,-1.0124060E+000,-8.0038906E-001,-7.7421400E-001,-5.6868552E-001,-9.5377828E-001,-6.9949834E-001,-2.5018249E-001,-9.9903728E-001,-6.7943224E-001,-7.0418408E-001,-1.3056551E+000,-6.7973683E-001,-7.0539348E-001,-1.4295978E+000,-6.7996669E-001,-7.0767048E-001,-1.5170562E+000
 1.3000112E+003, 2.8423075E+002, 0.0000000E+000,-1.8952492E+002,-1.0182550E+001,-1.0376692E+002,-8.4896126E-002,-9.0490864E-004, 0.0000000E+000,-2.0505799E+001,-1.9329446E+001,-4.1553105E-005, 6.2452498E-003, 5.2021329E-006,-8.4505062E-001,-9.9740127E-001,-7.9986150E-001,-7.5969840E-001,-5.4782675E-001,-9.5672635E-001,-6.9861491E-001,-2.1770245E-001,-1.0105586E+000,-6.7938941E-001,-7.0417626E-001,-1.3289635E+000,-6.7970061E-001,-7.0498765E-001,-1.5194753E+000,-6.7994344E-001,-7.0743378E-001,-1.4725586E+000
 1.3100094E+003, 2.8069095E+002, 0.0000000E+000,-1.8653694E+002,-9.9817846E+000,-1.0273924E+002,-8.4182927E-002, 3.6967988E-003, 0.0000000E+000,-1.9845007E+001,-1.8647487E+001,-8.6891821E-005, 6.1690935E-003, 2.7980339E-006,-8.3845030E-001,-9.9825223E-001,-8.0546954E-001,-7.5997770E-001,-5.4247120E-001,-9.5386704E-001,-6.9729549E-001,-1.8297158E-001,-9.9072876E-001,-6.7936567E-001,-7.0332669E-001,-1.2426351E+000,-6.7971435E-001,-7.0485217E-001,-1.4223217E+000,-6.7995921E-001,-7.0731507E-001,-1.4651311E+000
 1.3200090E+003, 2.7725479E+002, 0.0000000E+000,-1.8408014E+002,-1.1369071E+001,-1.0170957E+002,-8.3072071E-002,-2.4389861E-003, 0.0000000E+000,-2.1267979E+001,-1.9989505E+001,-1.3596698E-004, 6.0929021E-003,-7.6535207E-007,-8.4007880E-001,-9.8619898E-001,-8.0433668E-001,-7.5972222E-001,-5.3239761E-001,-9.3024981E-001,-6.9901502E-001,-1.4677634E-001,-1.0127481E+000,-6.7934491E-001,-7.0365276E-001,-1.3470558E+000,-6.7966371E-001,-7.0498161E-001,-1.4785892E+000,-6.7992751E-001,-7.0703177E-001,-1.4428129E+000
 1.3300125E+003, 2.7379701E+002, 0.0000000E+000,-1.8133063E+002,-1.1171502E+001,-1.0108563E+002,-8.2087583E-002, 2.6351164E-003, 0.0000000E+000,-2.0975393E+001,-1.9870206E+001,-8.3887087E-005, 6.0167255E-003, 4.9713462E-006,-8.4035862E-001,-9.7496912E-001,-7.9883293E-001,-7.5909618E-001,-5.2593882E-001,-9.3605252E-001,-6.9835750E-001,-1.0830360E-001,-9.9282526E-001,-6.7936925E-001,-7.0348501E-001,-1.2354779E+000,-6.7969087E-001,-7.0473196E-001,-1.4039625E+000,-6.7993597E-001,-7.0693838E-001,-1.4988250E+000
 1.3400143E+003, 2.7034048E+002, 0.0000000E+000,-1.7923996E+002,-1.0050688E+001,-1.0080872E+002,-8.1298957E-002,-3.7782529E-003, 0.0000000E+000,-2.1023215E+001,-1.9843969E+001,-7.5280359E-005, 5.9405550E-003, 1.0569249E-006,-8.4284242E-001,-9.7219461E-001,-7.9643552E-001,-7.6982920E-001,-5.1831689E-001,-9.1843353E-001,-6.9754937E-001,-6.7709734E-002,-1.0036600E+000,-6.7934968E-001,-7.0342967E-001,-1.3217004E+000,-6.7961444E-001,-7.0442765E-001,-1.4917824E+000,-6.7986354E-001,-7.0683172E-001,-1.5434186E+000
 1.3500017E+003, 2.6686066E+002, 0.0000000E+000,-1.7683492E+002,-1.0829724E+001,-9.9502140E+001,-8.0431538E-002, 2.8616523E-003, 0.0000000E+000,-2.1531552E+001,-2.0383687E+001,-6.8291557E-005, 5.8644229E-003,-8.7261010E-007,-8.3852429E-001,-9.6544767E-001,-7.9741540E-001,-7.6941822E-001,-5.0487838E-001,-9.1565714E-001,-6.9758381E-001,-2.5244405E-002,-1.0104187E+000,-6.7932926E-001,-7.0321161E-001,-1.2456677E+000,-6.7963021E-001,-7.0407000E-001,-1.4229721E+000,-6.7986157E-001,-7.0666371E-001,-1.5294182E+000
 1.3600007E+003, 2.6339842E+002, 0.0000000E+000,-1.7418111E+002,-1.0547736E+001,-9.8711145E+001,-7.9376341E-002, 4.0708420E-004, 0.0000000E+000,-2.1326297E+001,-2.0120540E+001,-1.4389212E-004, 5.7882854E-003, 2.1297255E-006,-8.3503238E-001,-9.5318715E-001,-8.0178412E-001,-7.5715445E-001,-4.8905866E-001,-9.1071838E-001,-6.9753023E-001, 1.9639860E-002,-1.0033890E+000,-6.7930598E-001,-7.0281395E-001,-1.3002655E+000,-6.7961305E-001,-7.0420983E-001,-1.4170472E+000,-6.7988418E-001,-7.0662877E-001,-1.4815044E+000
 1.3700115E+003, 2.5988276E+002, 0.0000000E+000,-1.7169831E+002,-1.1168007E+001,-9.7485186E+001,-7.8614740E-002,-1.5718873E-003, 0.0000000E+000,-2.1791725E+001,-2.0548929E+001,-8.1529281E-005, 5.7120817E-003,-1.6017410E-006,-8.3124165E-001,-9.3673102E-001,-7.9441364E-001,-7.5222254E-001,-4.7530912E-001,-9.0079859E-001,-6.9790655E-001, 6.6747340E-002,-1.0278892E+000,-6.7930980E-001,-7.0268679E-001,-1.3000958E+000,-6.7960423E-001,-7.0387729E-001,-1.4785263E+000,-6.7983713E-001,-7.0653144E-001,-1.5124800E+000
 1.3800020E+003, 2.5650137E+002, 0.0000000E+000,-1.6946164E+002,-1.0363679E+001,-9.6617735E+001,-7.7620221E-002, 1.9315869E-003, 0.0000000E+000,-2.1004418E+001,-2.0017381E+001,-7.4632715E-005, 5.6359242E-003, 1.8976717E-006,-8.3077794E-001,-9.4680566E-001,-7.9790625E-001,-7.4533336E-001,-4.5466481E-001,-9.0026779E-001,-6.9658475E-001, 1.1662740E-001,-1.0081175E+000,-6.7928598E-001,-7.0222029E-001,-1.2525302E+000,-6.7963023E-001,-7.0383962E-001,-1.4549685E+000,-6.7989066E-001,-7.0636252E-001,-1.5016685E+000
 1.3900026E+003, 2.5301271E+002, 0.0000000E+000,-1.6687085E+002,-1.0821121E+001,-9.6102722E+001,-7.6559380E-002, 4.7220828E-004, 0.0000000E+000,-2.1975243E+001,-2.0858074E+001,-8.4608043E-005, 5.5597754E-003, 5.4184454E-006,-8.2998177E-001,-9.3517952E-001,-7.9397501E-001,-7.4072560E-001,-4.4013614E-001,-9.0124705E-001,-6.9649028E-001, 1.6901663E-001,-9.8881873E-001,-6.7924597E-001,-7.0183237E-001,-1.2949298E+000,-6.7955501E-001,-7.0361642E-001,-1.4567993E+000,-6.7984546E-001,-7.0616818E-001,-1.4699733E+000
 1.4000023E+003, 2.4955419E+002, 0.0000000E+000,-1.6440481E+002,-9.7201050E+000,-9.5605433E+001,-7.5445474E-002, 2.7666478E-004, 0.0000000E+000,-2.1453382E+001,-2.0251328E+001,-5.1527815E-005, 5.4835823E-003, 3.3975614E-006,-8.2889337E-001,-9.1735831E-001,-7.9467379E-001,-7.3273555E-001,-4.2671208E-001,-8.8695434E-001,-6.9695485E-001, 2.2399678E-001,-9.8960402E-001,-6.7924555E-001,-7.0163428E-001,-1.2780870E+000,-6.7956917E-001,-7.0322014E-001,-1.4552889E+000,-6.7982900E-001,-7.0616301E-001,-1.4921593E+000
 1.4100066E+003, 2.4603442E+002, 0.0000000E+000,-1.6146826E+002,-1.1387787E+001,-9.4570421E+001,-7.4613949E-002, 3.0429169E-003, 0.0000000E+000,-2.2421937E+001,-2.1463618E+001,-7.8704858E-005, 5.4074094E-003, 1.9218306E-006,-8.2363775E-001,-9.0973916E-001,-7.9223350E-001,-7.2487660E-001,-4.0574389E-001,-8.9529638E-001,-6.9707377E-001, 2.8158323E-001,-9.9914700E-001,-6.7923859E-001,-7.0117413E-001,-1.2481699E+000,-6.7959001E-001,-7.0317148E-001,-1.3644281E+000,-6.7984370E-001,-7.0590111E-001,-1.4466513E+000
 1.4200110E+003, 2.4263483E+002, 0.0000000E+000,-1.5901656E+002,-9.6101348E+000,-9.4056161E+001,-7.3492695E-002,-1.4258476E-003, 0.0000000E+000,-2.1266965E+001,-2.0122941E+001,-1.0529039E-004, 5.3312229E-003, 1.2878436E-006,-8.2445799E-001,-9.1865379E-001,-7.9217643E-001,-7.2409797E-001,-3.8963276E-001,-8.7405632E-001,-6.9782064E-001, 3.4226877E-001,-9.8319856E-001,-6.7923283E-001,-7.0102877E-001,-1.2732227E+000,-6.7957047E-001,-7.0281667E-001,-1.4072921E+000,-6.7981405E-001,-7.0582534E-001,-1.4900576E+000
 1.4300074E+003, 2.3916250E+002, 0.0000000E+000,-1.5664335E+002,-1.0996620E+001,-9.2639800E+001,-7.2972195E-002, 1.1994385E-003, 0.0000000E+000,-2.2352125E+001,-2.1189038E+001,-4.9203454E-005, 5.2550485E-003, 5.0892427E-006,-8.2599272E-001,-8.8190428E-001,-7.8903428E-001,-7.1929249E-001,-3.6914907E-001,-8.5264586E-001,-6.9838096E-001, 4.0543581E-001,-9.9198314E-001,-6.7922839E-001,-7.0100114E-001,-1.2672254E+000,-6.7956281E-001,-7.0243841E-001,-1.3793608E+000,-6.7980323E-001,-7.0559409E-001,-1.4735983E+000
 1.4400057E+003, 2.3565635E+002, 0.0000000E+000,-1.5411364E+002,-1.1069294E+001,-9.1954949E+001,-7.1572494E-002,-7.2370375E-004, 0.0000000E+000,-2.2578424E+001,-2.1553829E+001,-6.6439272E-005, 5.1788734E-003, 7.8764911E-007,-8.1999100E-001,-8.8949380E-001,-7.8940711E-001,-7.1617710E-001,-3.5206117E-001,-8.6776816E-001,-6.9701632E-001, 4.7170019E-001,-1.0016584E+000,-6.7921143E-001,-7.0059615E-001,-1.2390902E+000,-6.7956712E-001,-7.0257980E-001,-1.4682510E+000,-6.7976865E-001,-7.0522410E-001,-1.4657951E+000
 1.4500085E+003, 2.3224767E+002, 0.0000000E+000,-1.5160328E+002,-9.5117857E+000,-9.1352475E+001,-7.0320732E-002, 1.2675429E-003, 0.0000000E+000,-2.1338878E+001,-2.0288926E+001,-3.3625518E-005, 5.1027057E-003, 8.1301998E-006,-8.1376683E-001,-8.9652990E-001,-7.8843533E-001,-7.1636321E-001,-3.3321651E-001,-8.5313588E-001,-6.9684495E-001, 5.4142398E-001,-1.0262405E+000,-6.7920167E-001,-6.9981346E-001,-1.2534842E+000,-6.7954732E-001,-7.0190043E-001,-1.4282925E+000,-6.7973839E-001,-7.0507317E-001,-1.4178966E+000
 1.4600122E+003, 2.2869454E+002, 0.0000000E+000,-1.4922552E+002,-1.0822733E+001,-9.1024602E+001,-6.9473878E-002, 1.4276388E-003, 0.0000000E+000,-2.3567702E+001,-2.2446365E+001,-8.4731871E-005, 5.0265252E-003,-2.1304439E-006,-8.1454984E-001,-8.7836355E-001,-7.8854854E-001,-7.0209741E-001,-3.0937208E-001,-8.6063286E-001,-6.9684934E-001, 6.1392350E-001,-9.9546946E-001,-6.7919978E-001,-6.9978892E-001,-1.2384239E+000,-6.7956027E-001,-7.0168032E-001,-1.3497022E+000,-6.7975315E-001,-7.0502843E-001,-1.4758130E+000
 1.4700010E+003, 2.2529607E+002, 0.0000000E+000,-1.4684489E+002,-9.8558054E+000,-8.9803174E+001,-6.8378166E-002,-1.6874596E-003, 0.0000000E+000,-2.2196784E+001,-2.1277861E+001,-5.6094447E-005, 4.9503791E-003, 5.4375054E-006,-8.1106821E-001,-8.7916750E-001,-7.8738124E-001,-6.9996904E-001,-2.8717617E-001,-8.6007466E-001,-6.9613422E-001, 6.9014787E-001,-9.9886273E-001,-6.7918586E-001,-6.9920515E-001,-1.2575409E+000,-6.7952757E-001,-7.0130228E-001,-1.4462708E+000,-6.7972102E-001,-7.0494131E-001,-1.4801437E+000
 1.4800107E+003, 2.2182615E+002, 0.0000000E+000,-1.4421428E+002,-1.1065082E+001,-8.8907185E+001,-6.7556065E-002, 4.1027340E-003, 0.0000000E+000,-2.3552806E+001,-2.2423859E+001,-7.7138063E-005, 4.8741964E-003,-1.2535974E-006,-8.0835410E-001,-8.5477273E-001,-7.8369386E-001,-6.9544842E-001,-2.6102719E-001,-8.4277008E-001,-6.9581169E-001, 7.6908370E-001,-9.7802627E-001,-6.7921528E-001,-6.9913227E-001,-1.2050605E+000,-6.7955222E-001,-7.0121245E-001,-1.3890442E+000,-6.7972484E-001,-7.0481694E-001,-1.4060873E+000
 1.4900018E+003, 2.1833884E+002, 0.0000000E+000,-1.4194875E+002,-9.5824231E+000,-8.8040927E+001,-6.6828791E-002,-1.9788485E-003, 0.0000000E+000,-2.2152385E+001,-2.1302072E+001,-7.1901640E-005, 4.7980325E-003, 2.6386037E-006,-8.0897630E-001,-8.6128464E-001,-7.8449369E-001,-6.9305650E-001,-2.4073437E-001,-8.4081399E-001,-6.9530447E-001, 8.5196436E-001,-9.8065437E-001,-6.7919130E-001,-6.9832326E-001,-1.2487931E+000,-6.7950954E-001,-7.0114482E-001,-1.4088703E+000,-6.7969108E-001,-7.0470429E-001,-1.4674698E+000
 1.5000128E+003, 2.1490457E+002, 0.0000000E+000,-1.3954087E+002,-1.0267215E+001,-8.7618880E+001,-6.5691745E-002, 1.6401470E-003, 0.0000000E+000,-2.3606960E+001,-2.2586446E+001,-3.2075296E-005, 4.7218538E-003, 7.6765275E-006,-8.0082142E-001,-8.5002727E-001,-7.8326029E-001,-6.6498436E-001,-2.0557383E-001,-8.3340324E-001,-6.9495461E-001, 9.3818336E-001,-9.8714712E-001,-6.7915036E-001,-6.9771286E-001,-1.2331599E+000,-6.7948827E-001,-7.0093632E-001,-1.3887376E+000,-6.7967387E-001,-7.0447226E-001,-1.4428128E+000
 1.5100007E+003, 2.1142226E+002, 0.0000000E+000,-1.3741107E+002,-1.0596733E+001,-8.6760427E+001,-6.4678061E-002, 1.0212958E-003, 0.0000000E+000,-2.4408562E+001,-2.3409621E+001,-1.6901594E-005, 4.6456707E-003, 4.7710903E-006,-7.9854182E-001,-8.4445905E-001,-7.8118872E-001,-6.7917324E-001,-1.8837148E-001,-8.3199946E-001,-6.9364814E-001, 1.0279787E+000,-9.7385402E-001,-6.7917161E-001,-6.9737080E-001,-1.2287368E+000,-6.7945649E-001,-7.0032455E-001,-1.4058186E+000,-6.7961161E-001,-7.0403482E-001,-1.4075124E+000
 1.5200024E+003, 2.0798398E+002, 0.0000000E+000,-1.3488785E+002,-1.0488023E+001,-8.5848761E+001,-6.3390745E-002, 9.5390996E-004, 0.0000000E+000,-2.4163666E+001,-2.3303092E+001,-5.4560019E-005, 4.5695411E-003, 1.4899902E-006,-7.8869986E-001,-8.2970019E-001,-7.7901964E-001,-6.6234945E-001,-1.5708022E-001,-8.1448271E-001,-6.9184755E-001, 1.1214378E+000,-9.7277611E-001,-6.7917339E-001,-6.9685428E-001,-1.2257436E+000,-6.7946918E-001,-7.0027958E-001,-1.3875442E+000,-6.7963174E-001,-7.0403942E-001,-1.4158518E+000
 1.5300105E+003, 2.0449429E+002, 0.0000000E+000,-1.3226200E+002,-9.7184975E+000,-8.4673235E+001,-6.2298986E-002, 1.3143841E-003, 0.0000000E+000,-2.3231126E+001,-2.2220434E+001,-1.0043137E-004, 4.4933615E-003,-2.2086992E-006,-7.9065461E-001,-8.2790928E-001,-7.8188744E-001,-6.6240671E-001,-1.3397714E-001,-8.1667475E-001,-6.9503676E-001, 1.2194819E+000,-9.6430742E-001,-6.7914300E-001,-6.9663146E-001,-1.2377684E+000,-6.7944392E-001,-7.0020313E-001,-1.3590216E+000,-6.7960334E-001,-7.0395001E-001,-1.3796627E+000
 1.5400089E+003, 2.0104551E+002, 0.0000000E+000,-1.2993203E+002,-9.9398029E+000,-8.3958148E+001,-6.1282151E-002,-8.9240562E-004, 0.0000000E+000,-2.3690799E+001,-2.2846646E+001, 1.4923191E-005, 4.4171543E-003, 5.6155346E-006,-7.8722176E-001,-8.2230743E-001,-7.7982783E-001,-6.5892671E-001,-1.0306289E-001,-8.0814148E-001,-6.9304691E-001, 1.3208823E+000,-9.6526795E-001,-6.7915512E-001,-6.9593084E-001,-1.2258537E+000,-6.7942575E-001,-6.9996688E-001,-1.3445816E+000,-6.7957713E-001,-7.0358601E-001,-1.4833952E+000
 1.5500043E+003, 1.9753837E+002, 0.0000000E+000,-1.2758057E+002,-9.6034606E+000,-8.3053628E+001,-6.0571361E-002, 5.3477102E-004, 0.0000000E+000,-2.3623844E+001,-2.2759333E+001,-7.0395684E-005, 4.3409982E-003, 1.0859729E-006,-7.8573129E-001,-8.2617801E-001,-7.7991416E-001,-6.4240899E-001,-6.8110088E-002,-8.3456943E-001,-6.9288045E-001, 1.4266237E+000,-9.6094020E-001,-6.7911067E-001,-6.9517583E-001,-1.2118162E+000,-6.7944607E-001,-6.9933628E-001,-1.4177146E+000,-6.7961338E-001,-7.0343258E-001,-1.4291205E+000
 1.5600012E+003, 1.9410468E+002, 0.0000000E+000,-1.2528090E+002,-1.1084453E+001,-8.1923409E+001,-5.9643222E-002, 2.6756648E-003, 0.0000000E+000,-2.5166681E+001,-2.4241047E+001,-7.2337897E-005, 4.2648576E-003, 1.6188673E-006,-7.8262369E-001,-7.9692619E-001,-7.7973261E-001,-6.3454027E-001,-4.2692221E-002,-8.2693422E-001,-6.9289166E-001, 1.5361679E+000,-9.7507389E-001,-6.7913382E-001,-6.9459142E-001,-1.1823834E+000,-6.7945723E-001,-6.9889960E-001,-1.3711295E+000,-6.7959959E-001,-7.0337053E-001,-1.3720537E+000
 1.5700034E+003, 1.9063358E+002, 0.0000000E+000,-1.2284690E+002,-9.6690818E+000,-8.0982934E+001,-5.8699352E-002,-5.5688768E-004, 0.0000000E+000,-2.3896308E+001,-2.2924594E+001,-7.2379005E-006, 4.1886920E-003, 9.0345287E-006,-7.7758622E-001,-7.6460587E-001,-7.7363319E-001,-6.2063330E-001,-9.6230475E-003,-8.0994507E-001,-6.9336249E-001, 1.6500073E+000,-9.8592369E-001,-6.7909724E-001,-6.9399737E-001,-1.1896630E+000,-6.7941484E-001,-6.9871592E-001,-1.3771883E+000,-6.7955510E-001,-7.0298455E-001,-1.4215637E+000
 1.5800118E+003, 1.8712914E+002, 0.0000000E+000,-1.2068251E+002,-1.0070606E+001,-8.0595393E+001,-5.7535495E-002, 1.7255531E-003, 0.0000000E+000,-2.5107054E+001,-2.4275181E+001,-7.0159429E-005, 4.1125028E-003, 1.9377898E-006,-7.7227621E-001,-7.8345133E-001,-7.7338672E-001,-5.9991459E-001, 3.0474347E-002,-8.0773557E-001,-6.9108473E-001, 1.7682741E+000,-9.7097129E-001,-6.7907852E-001,-6.9351405E-001,-1.2137774E+000,-6.7940429E-001,-6.9826788E-001,-1.3316211E+000,-6.7958347E-001,-7.0295195E-001,-1.3970610E+000
 1.5900140E+003, 1.8371524E+002, 0.0000000E+000,-1.1812876E+002,-1.0329992E+001,-7.9362123E+001,-5.6443244E-002, 1.2275408E-003, 0.0000000E+000,-2.5127578E+001,-2.4160848E+001,-9.2198078E-005, 4.0362567E-003,-3.9730987E-006,-7.6990563E-001,-7.5547672E-001,-7.7185235E-001,-5.9767409E-001, 6.5079943E-002,-7.8983475E-001,-6.9028395E-001, 1.8906485E+000,-9.6578780E-001,-6.7907795E-001,-6.9268045E-001,-1.2016218E+000,-6.7938313E-001,-6.9842628E-001,-1.3285232E+000,-6.7955670E-001,-7.0264896E-001,-1.3860774E+000
 1.6000021E+003, 1.8019938E+002, 0.0000000E+000,-1.1581249E+002,-9.3887266E+000,-7.8629229E+001,-5.5611056E-002, 1.2420994E-003, 0.0000000E+000,-2.4495630E+001,-2.3685440E+001,-2.0278784E-005, 3.9601263E-003, 7.9777601E-006,-7.6283161E-001,-7.6140064E-001,-7.6879288E-001,-5.8266821E-001, 1.0978848E-001,-7.9041851E-001,-6.8815828E-001, 2.0173996E+000,-9.6681273E-001,-6.7904285E-001,-6.9178998E-001,-1.1730055E+000,-6.7936825E-001,-6.9767240E-001,-1.3046769E+000,-6.7956613E-001,-7.0247410E-001,-1.4086490E+000
 1.6100155E+003, 1.7679588E+002, 0.0000000E+000,-1.1347803E+002,-1.0173578E+001,-7.7473211E+001,-5.4627288E-002,-3.5118247E-004, 0.0000000E+000,-2.5215897E+001,-2.4383920E+001,-1.0405671E-004, 3.8839619E-003,-3.5233489E-007,-7.5790726E-001,-7.3912872E-001,-7.7211360E-001,-5.8193250E-001, 1.4058905E-001,-8.0182771E-001,-6.8922986E-001, 2.1495970E+000,-9.5966304E-001,-6.7903480E-001,-6.9142460E-001,-1.1938861E+000,-6.7933100E-001,-6.9722895E-001,-1.3349373E+000,-6.7952056E-001,-7.0237976E-001,-1.4156485E+000
 1.6200083E+003, 1.7409021E+002, 0.0000000E+000,-1.1148655E+002,-9.7431033E+000,-7.7055115E+001,-5.4011747E-002, 1.2454939E-003, 0.0000000E+000,-2.5156312E+001,-2.4247324E+001,-3.3225981E-005, 3.8251971E-003, 5.2583921E-006,-7.5462504E-001,-7.3528329E-001,-7.6932088E-001,-5.4194057E-001, 1.9234869E-001,-7.9666430E-001,-6.8731389E-001, 2.2856223E+000,-9.6292605E-001,-6.7897907E-001,-6.9059383E-001,-1.1677757E+000,-6.7933197E-001,-6.9702180E-001,-1.3276087E+000,-6.7956979E-001,-7.0214866E-001,-1.4267653E+000
 1.6300089E+003, 1.7216696E+002, 0.0000000E+000,-1.0966088E+002,-9.5070501E+000,-7.6101996E+001,-5.3180061E-002, 1.1207168E-003, 0.0000000E+000,-2.4020875E+001,-2.3155024E+001,-4.9172806E-005, 3.7837192E-003, 4.5758908E-006,-7.5063725E-001,-7.0897720E-001,-7.6672689E-001,-5.4972541E-001, 2.2698754E-001,-7.8624282E-001,-6.8672646E-001, 2.4268062E+000,-9.5051332E-001,-6.7898288E-001,-6.8987068E-001,-1.1654770E+000,-6.7928715E-001,-6.9647338E-001,-1.3438604E+000,-6.7949962E-001,-7.0177236E-001,-1.4012507E+000
 1.6400048E+003, 1.7029869E+002, 0.0000000E+000,-1.0781192E+002,-9.3088573E+000,-7.5212137E+001,-5.2527067E-002,-4.1963130E-004, 0.0000000E+000,-2.2790884E+001,-2.2087167E+001,-6.7748693E-005, 3.7422718E-003, 3.7485752E-006,-7.4274408E-001,-7.0921923E-001,-7.6725543E-001,-5.4157781E-001, 2.6793511E-001,-7.8144989E-001,-6.8340337E-001, 2.5730413E+000,-9.5800711E-001,-6.7895862E-001,-6.8905755E-001,-1.1754793E+000,-6.7927503E-001,-6.9589383E-001,-1.3566707E+000,-6.7949316E-001,-7.0176485E-001,-1.4381321E+000
 1.6500161E+003, 1.6840851E+002, 0.0000000E+000,-1.0630212E+002,-9.5053784E+000,-7.4251326E+001,-5.2281437E-002, 1.0652099E-003, 0.0000000E+000,-2.2629746E+001,-2.1701535E+001,-1.2030040E-004, 3.7007966E-003, 2.2639879E-006,-7.3867093E-001,-7.2898872E-001,-7.6498121E-001,-5.2492438E-001, 3.1411868E-001,-7.8072907E-001,-6.8411859E-001, 2.7245121E+000,-9.6147367E-001,-6.7896222E-001,-6.8849184E-001,-1.2145290E+000,-6.7920801E-001,-6.9575337E-001,-1.3774728E+000,-6.7944215E-001,-7.0143244E-001,-1.3604781E+000
 1.6600035E+003, 1.6652095E+002, 0.0000000E+000,-1.0470686E+002,-9.3563837E+000,-7.3522130E+001,-5.1666336E-002,-4.2206776E-004, 0.0000000E+000,-2.1905791E+001,-2.1116511E+001,-1.1811230E-004, 3.6593298E-003,-1.8659204E-006,-7.2738161E-001,-6.8805585E-001,-7.6930395E-001,-5.1723425E-001, 3.6184360E-001,-7.6678539E-001,-6.8403533E-001, 2.8809756E+000,-9.5473122E-001,-6.7895019E-001,-6.8745882E-001,-1.2652164E+000,-6.7920744E-001,-6.9549614E-001,-1.3670464E+000,-6.7943401E-001,-7.0130829E-001,-1.4014394E+000
 1.6700002E+003, 1.6465352E+002, 0.0000000E+000,-1.0317572E+002,-9.1543340E+000,-7.3142126E+001,-5.0891272E-002, 1.0459772E-003, 0.0000000E+000,-2.1611210E+001,-2.0868507E+001,-1.0923272E-004, 3.6178871E-003, 2.4912871E-007,-7.2311744E-001,-6.8845708E-001,-7.6663995E-001,-5.0530322E-001, 4.0974171E-001,-7.6025452E-001,-6.8291833E-001, 3.0427586E+000,-9.5901030E-001,-6.7893965E-001,-6.8687272E-001,-1.2245914E+000,-6.7923267E-001,-6.9513507E-001,-1.3529336E+000,-6.7946567E-001,-7.0102299E-001,-1.4354395E+000
 1.6800060E+003, 1.6275097E+002, 0.0000000E+000,-1.0161911E+002,-9.7770768E+000,-7.2037604E+001,-5.0289197E-002, 2.1063269E-003, 0.0000000E+000,-2.1487042E+001,-2.0730998E+001,-1.4099683E-004, 3.5764181E-003, 9.0248671E-007,-7.1323097E-001,-6.7579043E-001,-7.6537967E-001,-4.9160664E-001, 4.5862341E-001,-7.4463988E-001,-6.8186497E-001, 3.2102678E+000,-9.6373567E-001,-6.7892203E-001,-6.8605038E-001,-1.2191374E+000,-6.7921148E-001,-6.9471521E-001,-1.3472727E+000,-6.7944375E-001,-7.0073658E-001,-1.3791210E+000
 1.6900039E+003, 1.6087688E+002, 0.0000000E+000,-1.0015458E+002,-9.5737141E+000,-7.1324742E+001,-4.9747568E-002, 2.7235352E-003, 0.0000000E+000,-2.1027944E+001,-2.0223185E+001,-1.9371521E-005, 3.5349539E-003, 5.2898580E-006,-7.0744886E-001,-6.6852603E-001,-7.6460697E-001,-4.7735169E-001, 5.1231178E-001,-7.3843348E-001,-6.8046661E-001, 3.3831997E+000,-9.4631901E-001,-6.7890130E-001,-6.8507503E-001,-1.1810614E+000,-6.7919877E-001,-6.9407290E-001,-1.3086927E+000,-6.7944392E-001,-7.0036886E-001,-1.3677206E+000
 1.7000034E+003, 1.5895952E+002, 0.0000000E+000,-9.8899281E+001,-9.0103115E+000,-7.1059387E+001,-4.9447170E-002,-6.3856353E-004, 0.0000000E+000,-2.0775190E+001,-2.0059541E+001,-6.3621708E-005, 3.4934988E-003, 2.6757373E-006,-7.0204805E-001,-6.4315787E-001,-7.6262011E-001,-4.5560138E-001, 5.6919101E-001,-7.2953225E-001,-6.7989882E-001, 3.5620671E+000,-9.4738130E-001,-6.7885250E-001,-6.8391622E-001,-1.1778214E+000,-6.7916604E-001,-6.9359996E-001,-1.3531553E+000,-6.7942623E-001,-7.0010033E-001,-1.4216035E+000
 1.7100164E+003, 1.5711799E+002, 0.0000000E+000,-9.7515971E+001,-9.2538844E+000,-7.0378543E+001,-4.8840114E-002, 3.9297026E-003, 0.0000000E+000,-2.0786963E+001,-2.0075315E+001,-6.3671661E-005, 3.4519909E-003, 4.3001301E-006,-6.9873363E-001,-6.2062691E-001,-7.6409579E-001,-4.5122946E-001, 6.1634747E-001,-7.2042128E-001,-6.8116352E-001, 3.7475753E+000,-9.3891833E-001,-6.7886140E-001,-6.8331011E-001,-1.1573904E+000,-6.7915710E-001,-6.9329048E-001,-1.3196253E+000,-6.7938449E-001,-6.9985122E-001,-1.3087183E+000
 1.7200020E+003, 1.5518897E+002, 0.0000000E+000,-9.6235502E+001,-9.5685246E+000,-6.9592226E+001,-4.8238737E-002, 1.6402987E-004, 0.0000000E+000,-2.1043727E+001,-2.0255360E+001,-5.6675248E-005, 3.4105287E-003, 1.3175511E-006,-6.9824681E-001,-6.1872119E-001,-7.5927182E-001,-4.4164911E-001, 6.6831164E-001,-7.1248962E-001,-6.8242713E-001, 3.9382012E+000,-9.3741394E-001,-6.7886133E-001,-6.8237643E-001,-1.1537243E+000,-6.7915275E-001,-6.9272564E-001,-1.3597702E+000,-6.7936385E-001,-6.9978020E-001,-1.3137089E+000
 1.7300103E+003, 1.5330312E+002, 0.0000000E+000,-9.4900359E+001,-9.0042220E+000,-6.8797280E+001,-4.7613902E-002, 3.6359201E-005, 0.0000000E+000,-2.0137518E+001,-1.9446316E+001,-5.2470812E-005, 3.3690884E-003, 5.2961225E-006,-6.8717800E-001,-6.1816436E-001,-7.5773732E-001,-4.2846043E-001, 7.2809990E-001,-7.0880380E-001,-6.7828958E-001, 4.1354194E+000,-9.4887864E-001,-6.7882279E-001,-6.8136982E-001,-1.1880179E+000,-6.7910271E-001,-6.9200067E-001,-1.3347795E+000,-6.7932785E-001,-6.9927066E-001,-1.3533265E+000
 1.7400006E+003, 1.5143144E+002, 0.0000000E+000,-9.3691760E+001,-9.5486088E+000,-6.8063421E+001,-4.6915878E-002,-1.5517466E-004, 0.0000000E+000,-2.0616237E+001,-1.9919421E+001,-5.1696322E-005, 3.3276233E-003, 3.1519416E-006,-6.8582522E-001,-5.8593809E-001,-7.5423122E-001,-4.1901272E-001, 7.8631142E-001,-6.8887184E-001,-6.7850879E-001, 4.3384314E+000,-9.5075380E-001,-6.7887523E-001,-6.8055109E-001,-1.1985912E+000,-6.7911096E-001,-6.9167534E-001,-1.3343732E+000,-6.7931885E-001,-6.9917877E-001,-1.4092841E+000
 1.7500048E+003, 1.4955813E+002, 0.0000000E+000,-9.2166299E+001,-8.9748808E+000,-6.7244985E+001,-4.6453337E-002, 3.8458044E-003, 0.0000000E+000,-1.9542095E+001,-1.8870639E+001,-6.9290484E-005, 3.2861495E-003,-1.2294478E-006,-6.8443864E-001,-5.7220085E-001,-7.5088388E-001,-4.0784229E-001, 8.4642351E-001,-6.9261199E-001,-6.7887476E-001, 4.5490485E+000,-9.3413261E-001,-6.7888229E-001,-6.7962520E-001,-1.1721653E+000,-6.7913003E-001,-6.9135988E-001,-1.3086857E+000,-6.7930353E-001,-6.9895330E-001,-1.3156791E+000
 1.7600012E+003, 1.4767855E+002, 0.0000000E+000,-9.1073464E+001,-9.2604018E+000,-6.6760545E+001,-4.5893552E-002, 1.1589879E-003, 0.0000000E+000,-2.0196255E+001,-1.9460593E+001,-4.5819913E-005, 3.2446877E-003, 3.9017772E-006,-6.6891209E-001,-5.4170552E-001,-7.5269231E-001,-3.9053162E-001, 9.0702597E-001,-6.7511234E-001,-6.7889253E-001, 4.7654604E+000,-9.4754055E-001,-6.7886393E-001,-6.7830883E-001,-1.1377414E+000,-6.7913736E-001,-6.9080712E-001,-1.3077405E+000,-6.7928311E-001,-6.9855217E-001,-1.3392906E+000
 1.7700122E+003, 1.4577041E+002, 0.0000000E+000,-8.9866811E+001,-8.9089923E+000,-6.6018782E+001,-4.5399416E-002, 1.9393249E-003, 0.0000000E+000,-1.9726849E+001,-1.9067631E+001,-8.0209171E-005, 3.2032212E-003,-1.1335065E-006,-6.6391764E-001,-5.3482524E-001,-7.4543787E-001,-3.7278966E-001, 9.7864664E-001,-6.5832394E-001,-6.7742107E-001, 4.9889895E+000,-9.4668296E-001,-6.7884823E-001,-6.7732355E-001,-1.1485128E+000,-6.7911063E-001,-6.9026336E-001,-1.3088677E+000,-6.7927752E-001,-6.9836057E-001,-1.2923223E+000
 1.7800084E+003, 1.4391572E+002, 0.0000000E+000,-8.8609489E+001,-8.8802847E+000,-6.5758874E+001,-4.4740417E-002,-5.3668377E-004, 0.0000000E+000,-2.0087234E+001,-1.9378206E+001, 4.9572942E-006, 3.1617338E-003, 8.3306780E-006,-6.4918046E-001,-5.1840261E-001,-7.4550441E-001,-3.4957687E-001, 1.0465841E+000,-6.3939423E-001,-6.7614015E-001, 5.2192997E+000,-9.3092017E-001,-6.7881553E-001,-6.7624492E-001,-1.1811400E+000,-6.7902605E-001,-6.8944473E-001,-1.3119471E+000,-6.7923684E-001,-6.9794312E-001,-1.3751601E+000
 1.7900074E+003, 1.4198410E+002, 0.0000000E+000,-8.7265526E+001,-8.9118808E+000,-6.5056482E+001,-4.4127967E-002, 2.6696752E-003, 0.0000000E+000,-1.9795132E+001,-1.9291249E+001,-1.1625082E-005, 3.1202631E-003, 3.1412470E-006,-6.4237348E-001,-4.9112371E-001,-7.4583901E-001,-3.3523423E-001, 1.1209426E+000,-6.2310636E-001,-6.7646917E-001, 5.4567197E+000,-9.3269663E-001,-6.7882740E-001,-6.7470961E-001,-1.1366272E+000,-6.7907274E-001,-6.8880498E-001,-1.2877243E+000,-6.7924173E-001,-6.9759378E-001,-1.3585458E+000
 1.8000081E+003, 1.4012694E+002, 0.0000000E+000,-8.6006926E+001,-8.5766687E+000,-6.4726272E+001,-4.3554015E-002, 3.1441651E-003, 0.0000000E+000,-1.9982031E+001,-1.9223336E+001,-2.9033927E-005, 3.0788027E-003, 3.4135943E-006,-6.3536257E-001,-4.8335300E-001,-7.4256794E-001,-3.0883213E-001, 1.1947101E+000,-6.1231397E-001,-6.7506032E-001, 5.7009478E+000,-9.3344664E-001,-6.7881522E-001,-6.7346290E-001,-1.1228105E+000,-6.7906998E-001,-6.8824817E-001,-1.2666163E+000,-6.7923753E-001,-6.9740216E-001,-1.2900350E+000
 1.8100016E+003, 1.3820823E+002, 0.0000000E+000,-8.4796390E+001,-8.0236968E+000,-6.3898129E+001,-4.3172249E-002,-1.8969789E-003, 0.0000000E+000,-1.9161587E+001,-1.8555051E+001,-4.6992563E-005, 3.0373534E-003, 1.8559556E-006,-6.3075993E-001,-4.8986592E-001,-7.4219167E-001,-3.0353792E-001, 1.2594710E+000,-6.3004492E-001,-6.7447224E-001, 5.9527445E+000,-9.2371501E-001,-6.7880363E-001,-6.7209378E-001,-1.1819207E+000,-6.7897148E-001,-6.8791275E-001,-1.3267371E+000,-6.7916475E-001,-6.9700801E-001,-1.3474644E+000
 1.8200162E+003, 1.3633544E+002, 0.0000000E+000,-8.3471765E+001,-9.1126126E+000,-6.2929429E+001,-4.2459482E-002, 1.9490699E-003, 0.0000000E+000,-1.9888500E+001,-1.9218880E+001,-5.9163056E-005, 2.9958697E-003, 5.3836532E-006,-6.2341767E-001,-4.4832935E-001,-7.3902256E-001,-2.9277169E-001, 1.3353477E+000,-5.9854043E-001,-6.7557239E-001, 6.2120162E+000,-9.4185131E-001,-6.7878028E-001,-6.7102160E-001,-1.1359365E+000,-6.7897857E-001,-6.8722984E-001,-1.3130348E+000,-6.7913147E-001,-6.9657743E-001,-1.3558002E+000
 1.8300159E+003, 1.3446012E+002, 0.0000000E+000,-8.2300094E+001,-9.1860134E+000,-6.2386958E+001,-4.1795552E-002, 1.9340103E-003, 0.0000000E+000,-2.0047445E+001,-1.9452809E+001,-5.4307100E-005, 2.9543654E-003, 2.1215620E-006,-6.1431643E-001,-4.4176051E-001,-7.3687843E-001,-2.7169998E-001, 1.4134848E+000,-5.8964081E-001,-6.7252974E-001, 6.4784004E+000,-9.3890501E-001,-6.7877346E-001,-6.6973924E-001,-1.1411832E+000,-6.7896167E-001,-6.8650845E-001,-1.2808603E+000,-6.7912656E-001,-6.9637268E-001,-1.3547840E+000
 1.8400170E+003, 1.3255003E+002, 0.0000000E+000,-8.0978896E+001,-7.5827263E+000,-6.1784386E+001,-4.1224393E-002, 1.3889503E-003, 0.0000000E+000,-1.8438373E+001,-1.7835817E+001, 4.5178346E-006, 2.9129078E-003, 4.1082528E-006,-6.0519550E-001,-4.0210656E-001,-7.3260196E-001,-2.4395304E-001, 1.4995280E+000,-5.7470919E-001,-6.7182516E-001, 6.7528482E+000,-9.2513409E-001,-6.7875430E-001,-6.6867285E-001,-1.1543876E+000,-6.7892247E-001,-6.8578094E-001,-1.2966456E+000,-6.7910352E-001,-6.9578324E-001,-1.3508829E+000
 1.8500028E+003, 1.3067693E+002, 0.0000000E+000,-7.9815429E+001,-8.7794479E+000,-6.0772781E+001,-4.0714702E-002, 3.0717089E-003, 0.0000000E+000,-1.9418651E+001,-1.8728375E+001, 1.0614117E-005, 2.8714646E-003, 8.5318178E-006,-5.9697408E-001,-3.5954434E-001,-7.3262365E-001,-2.1086229E-001, 1.5817570E+000,-5.5993042E-001,-6.7176304E-001, 7.0341869E+000,-9.3073199E-001,-6.7872522E-001,-6.6701783E-001,-1.1084394E+000,-6.7894286E-001,-6.8518179E-001,-1.2652375E+000,-6.7912566E-001,-6.9562290E-001,-1.3341641E+000
 1.8600049E+003, 1.2878462E+002, 0.0000000E+000,-7.8725956E+001,-8.5161526E+000,-6.0241758E+001,-4.0330648E-002, 7.2464172E-004, 0.0000000E+000,-1.9481152E+001,-1.8738858E+001,-4.0147072E-005, 2.8300201E-003,-3.8268083E-007,-5.8531514E-001,-3.4149947E-001,-7.3058200E-001,-1.9766996E-001, 1.6676379E+000,-5.3374814E-001,-6.7009513E-001, 7.3240549E+000,-9.2135858E-001,-6.7871870E-001,-6.6532386E-001,-1.1547457E+000,-6.7886428E-001,-6.8452883E-001,-1.2673300E+000,-6.7905019E-001,-6.9507680E-001,-1.3427528E+000
 1.8700013E+003, 1.2690856E+002, 0.0000000E+000,-7.7562052E+001,-8.4426044E+000,-5.9605749E+001,-3.9613147E-002, 2.6287427E-003, 0.0000000E+000,-1.9295475E+001,-1.8738829E+001,-5.8954234E-005, 2.7885502E-003, 3.1703932E-006,-5.7868694E-001,-3.3085076E-001,-7.3051795E-001,-1.7681362E-001, 1.7562777E+000,-5.4811605E-001,-6.6728537E-001, 7.6215140E+000,-9.2561451E-001,-6.7869790E-001,-6.6357317E-001,-1.1162975E+000,-6.7889694E-001,-6.8384938E-001,-1.2840858E+000,-6.7908946E-001,-6.9499034E-001,-1.2949558E+000
 1.8800089E+003, 1.2501488E+002, 0.0000000E+000,-7.6334793E+001,-8.4472796E+000,-5.9095870E+001,-3.9022443E-002, 1.1969499E-003, 0.0000000E+000,-1.9483614E+001,-1.8900893E+001,-8.6663386E-005, 2.7470779E-003, 2.7536113E-006,-5.6952882E-001,-3.0422512E-001,-7.2659743E-001,-1.5621317E-001, 1.8424477E+000,-5.0863415E-001,-6.6703601E-001, 7.9275085E+000,-9.2648065E-001,-6.7868852E-001,-6.6218521E-001,-1.1169400E+000,-6.7885885E-001,-6.8276946E-001,-1.2712540E+000,-6.7902186E-001,-6.9462782E-001,-1.3315664E+000
 1.8900151E+003, 1.2313276E+002, 0.0000000E+000,-7.5041905E+001,-8.4159287E+000,-5.8585999E+001,-3.8443770E-002, 1.2461690E-003, 0.0000000E+000,-1.9544778E+001,-1.8948271E+001,-1.1356437E-004, 2.7055938E-003, 6.0887309E-007,-5.5747455E-001,-2.8684067E-001,-7.2625643E-001,-1.3113364E-001, 1.9342711E+000,-5.0527507E-001,-6.6608473E-001, 8.2422697E+000,-9.3107766E-001,-6.7867395E-001,-6.6070180E-001,-1.1168852E+000,-6.7888364E-001,-6.8248013E-001,-1.2689346E+000,-6.7904869E-001,-6.9432523E-001,-1.3480857E+000
 1.9000115E+003, 1.2122632E+002, 0.0000000E+000,-7.3843867E+001,-8.6977471E+000,-5.7858719E+001,-3.7883811E-002, 2.5474519E-003, 0.0000000E+000,-1.9697307E+001,-1.9209354E+001,-1.3416279E-005, 2.6641188E-003, 3.9497228E-006,-5.4611973E-001,-2.7277201E-001,-7.2438762E-001,-9.2218127E-002, 2.0301944E+000,-4.8411560E-001,-6.6333481E-001, 8.5643415E+000,-9.2633225E-001,-6.7863999E-001,-6.5869063E-001,-1.1113921E+000,-6.7885601E-001,-6.8147043E-001,-1.2592378E+000,-6.7905408E-001,-6.9395349E-001,-1.3260782E+000
 1.9100016E+003, 1.1938621E+002, 0.0000000E+000,-7.2728931E+001,-7.9615192E+000,-5.7367623E+001,-3.7210551E-002, 1.0629570E-003, 0.0000000E+000,-1.9340181E+001,-1.8708008E+001,-3.8421191E-005, 2.6226797E-003, 4.6898658E-006,-5.3656479E-001,-2.3587013E-001,-7.2341414E-001,-6.7406254E-002, 2.1301410E+000,-4.5314636E-001,-6.6238471E-001, 8.8950801E+000,-9.1408864E-001,-6.7863016E-001,-6.5746461E-001,-1.1283414E+000,-6.7881021E-001,-6.8067300E-001,-1.2959531E+000,-6.7901723E-001,-6.9333741E-001,-1.3274183E+000
 1.9200170E+003, 1.1748118E+002, 0.0000000E+000,-7.1562516E+001,-8.5109864E+000,-5.6673955E+001,-3.6799994E-002, 2.7593950E-003, 0.0000000E+000,-1.9900470E+001,-1.9300319E+001,-4.9021179E-005, 2.5811995E-003, 5.4840565E-006,-5.2146047E-001,-2.0515220E-001,-7.2427840E-001,-4.7683595E-002, 2.2295128E+000,-4.4794963E-001,-6.5952949E-001, 9.2353393E+000,-9.2437794E-001,-6.7860356E-001,-6.5534747E-001,-1.0843496E+000,-6.7881483E-001,-6.8020349E-001,-1.2390087E+000,-6.7900868E-001,-6.9293281E-001,-1.3573512E+000
 1.9300055E+003, 1.1558231E+002, 0.0000000E+000,-7.0380842E+001,-8.3540656E+000,-5.6193502E+001,-3.6035071E-002, 1.1262932E-003, 0.0000000E+000,-1.9989381E+001,-1.9381011E+001,-3.0682692E-005, 2.5397396E-003, 8.8021786E-007,-5.1283898E-001,-1.7491103E-001,-7.1759277E-001,-2.5073144E-002, 2.3260084E+000,-4.2338948E-001,-6.5847994E-001, 9.5832007E+000,-9.1095202E-001,-6.7860444E-001,-6.5379476E-001,-1.1452460E+000,-6.7874939E-001,-6.7910940E-001,-1.2578489E+000,-6.7895026E-001,-6.9248592E-001,-1.3350539E+000
 1.9400105E+003, 1.1370880E+002, 0.0000000E+000,-6.9160436E+001,-8.1381501E+000,-5.5645429E+001,-3.5783935E-002, 3.1432001E-003, 0.0000000E+000,-1.9856767E+001,-1.9267857E+001,-5.8865862E-005, 2.4982705E-003, 5.1848249E-006,-5.0404864E-001,-1.4704335E-001,-7.1577807E-001, 1.8469433E-002, 2.4302933E+000,-3.9751038E-001,-6.6068762E-001, 9.9404185E+000,-9.1633133E-001,-6.7858369E-001,-6.5200788E-001,-1.0688417E+000,-6.7881788E-001,-6.7807773E-001,-1.2614532E+000,-6.7897871E-001,-6.9209561E-001,-1.3263623E+000
 1.9500114E+003, 1.1179600E+002, 0.0000000E+000,-6.8025872E+001,-7.9060113E+000,-5.4699786E+001,-3.4770539E-002, 1.3040011E-003, 0.0000000E+000,-1.9420217E+001,-1.8869138E+001,-5.4983618E-005, 2.4567858E-003, 1.2135794E-006,-4.9449563E-001,-1.4243083E-001,-7.1489620E-001, 4.1749458E-002, 2.5296323E+000,-3.8635714E-001,-6.5946216E-001, 1.0306254E+001,-9.2165091E-001,-6.7854334E-001,-6.5018403E-001,-1.1182440E+000,-6.7874620E-001,-6.7734630E-001,-1.2397171E+000,-6.7893369E-001,-6.9158402E-001,-1.3191334E+000
 1.9600117E+003, 1.0992504E+002, 0.0000000E+000,-6.6964436E+001,-8.3819054E+000,-5.4028414E+001,-3.4475868E-002, 2.9211369E-003, 0.0000000E+000,-2.0072330E+001,-1.9481275E+001,-8.7285580E-005, 2.4153222E-003, 6.5525886E-007,-4.8203821E-001,-1.1818273E-001,-7.1253609E-001, 7.4516677E-002, 2.6409482E+000,-3.8188552E-001,-6.5677806E-001, 1.0681291E+001,-9.0510523E-001,-6.7854607E-001,-6.4816579E-001,-1.0872005E+000,-6.7878212E-001,-6.7658467E-001,-1.2435585E+000,-6.7893945E-001,-6.9158016E-001,-1.3091588E+000
 1.9700138E+003, 1.0804981E+002, 0.0000000E+000,-6.5797488E+001,-8.5695647E+000,-5.3655255E+001,-3.3773536E-002, 2.8018983E-003, 0.0000000E+000,-2.0611956E+001,-2.0003471E+001, 1.4256221E-005, 2.3738565E-003, 6.8555216E-006,-4.6931031E-001,-7.3078759E-002,-7.1134968E-001, 9.5432768E-002, 2.7566569E+000,-3.2977181E-001,-6.5662377E-001, 1.1065256E+001,-9.0306519E-001,-6.7852312E-001,-6.4565712E-001,-1.1040993E+000,-6.7870165E-001,-6.7566999E-001,-1.2578191E+000,-6.7890185E-001,-6.9089396E-001,-1.2429950E+000
 1.9800156E+003, 1.0615439E+002, 0.0000000E+000,-6.4678607E+001,-8.1136139E+000,-5.2839432E+001,-3.3323491E-002, 1.2132392E-003, 0.0000000E+000,-2.0072399E+001,-1.9509371E+001,-1.6268047E-005, 2.3323807E-003, 4.8684651E-007,-4.5812722E-001,-2.6519188E-003,-7.0803557E-001, 1.3197217E-001, 2.8691933E+000,-3.1556543E-001,-6.5621216E-001, 1.1458776E+001,-9.2494002E-001,-6.7848851E-001,-6.4388711E-001,-1.0762152E+000,-6.7873271E-001,-6.7452641E-001,-1.2457774E+000,-6.7891658E-001,-6.9053738E-001,-1.3129937E+000
 1.9900060E+003, 1.0425924E+002, 0.0000000E+000,-6.3473703E+001,-7.8754117E+000,-5.2217168E+001,-3.2705634E-002, 2.8778707E-003, 0.0000000E+000,-1.9894403E+001,-1.9336873E+001,-2.8203310E-005, 2.2909244E-003, 2.1248635E-006,-4.4560062E-001,-2.4715777E-002,-7.0236596E-001, 1.6298850E-001, 2.9873389E+000,-2.9587660E-001,-6.5377340E-001, 1.1861985E+001,-9.0804783E-001,-6.7847304E-001,-6.4206720E-001,-1.0822374E+000,-6.7871309E-001,-6.7388902E-001,-1.2396443E+000,-6.7891039E-001,-6.8988838E-001,-1.2808411E+000
 2.0000033E+003, 1.0237692E+002, 0.0000000E+000,-6.2441529E+001,-7.8854756E+000,-5.1565016E+001,-3.2097049E-002, 1.5583592E-003, 0.0000000E+000,-2.0020841E+001,-1.9545643E+001,-3.6821494E-006, 2.2494996E-003, 5.8955701E-006,-4.3428142E-001, 7.8351554E-003,-6.9972266E-001, 1.9521486E-001, 3.1106655E+000,-2.7924036E-001,-6.5167993E-001, 1.2274600E+001,-9.0435104E-001,-6.7846169E-001,-6.3960101E-001,-1.0959565E+000,-6.7867662E-001,-6.7278566E-001,-1.2436611E+000,-6.7888389E-001,-6.8947140E-001,-1.3011236E+000
 2.0100059E+003, 1.0051159E+002, 0.0000000E+000,-6.1393871E+001,-7.8056169E+000,-5.1113912E+001,-3.1540181E-002, 3.0780377E-003, 0.0000000E+000,-2.0391604E+001,-1.9830267E+001, 1.8780011E-005, 2.2080231E-003, 5.8618482E-006,-4.2063084E-001, 4.2668122E-002,-6.9570800E-001, 2.3555603E-001, 3.2363024E+000,-2.5275076E-001,-6.5007657E-001, 1.2698219E+001,-9.0148045E-001,-6.7845233E-001,-6.3758911E-001,-1.0652081E+000,-6.7870636E-001,-6.7148228E-001,-1.2387982E+000,-6.7890549E-001,-6.8887908E-001,-1.2949143E+000
 2.0200046E+003, 9.8582829E+001, 0.0000000E+000,-6.0286109E+001,-8.1171912E+000,-5.0356839E+001,-3.1180696E-002, 2.3745910E-003, 0.0000000E+000,-2.0804911E+001,-2.0206117E+001,-8.6072293E-005, 2.1665446E-003, 4.0479134E-007,-4.1205739E-001, 6.4828218E-002,-6.9497245E-001, 2.5239264E-001, 3.3573929E+000,-2.2868081E-001,-6.5103376E-001, 1.3132053E+001,-9.0499426E-001,-6.7841922E-001,-6.3472165E-001,-1.0781624E+000,-6.7865910E-001,-6.7067725E-001,-1.2250468E+000,-6.7888821E-001,-6.8857016E-001,-1.2714102E+000
 2.0300084E+003, 9.6728628E+001, 0.0000000E+000,-5.9184293E+001,-7.4772025E+000,-4.9686260E+001,-3.0513409E-002, 2.2673694E-003, 0.0000000E+000,-2.0160845E+001,-1.9647373E+001,-7.3704798E-005, 2.1250796E-003, 3.1158077E-007,-3.9847719E-001, 1.1399661E-001,-6.9093113E-001, 2.8822342E-001, 3.4886217E+000,-2.0130093E-001,-6.4867282E-001, 1.3576168E+001,-8.9662327E-001,-6.7839651E-001,-6.3300572E-001,-1.0993650E+000,-6.7862867E-001,-6.6942337E-001,-1.2439913E+000,-6.7885506E-001,-6.8823661E-001,-1.2518428E+000
 2.0400017E+003, 9.4826301E+001, 0.0000000E+000,-5.8072806E+001,-8.1522018E+000,-4.8843975E+001,-2.9910416E-002, 1.8030204E-003, 0.0000000E+000,-2.0832490E+001,-2.0270789E+001, 1.7410406E-006, 2.0836267E-003, 7.4434205E-006,-3.7883246E-001, 1.1979619E-001,-6.9375870E-001, 3.2531543E-001, 3.6209125E+000,-1.6279402E-001,-6.4717356E-001, 1.4030390E+001,-8.9774413E-001,-6.7839483E-001,-6.3013042E-001,-1.0731072E+000,-6.7861890E-001,-6.6850380E-001,-1.2651058E+000,-6.7883335E-001,-6.8765508E-001,-1.2831913E+000
 2.0500132E+003, 9.2941221E+001, 0.0000000E+000,-5.6922954E+001,-7.8621899E+000,-4.8261220E+001,-2.9248269E-002, 2.8832696E-003, 0.0000000E+000,-2.0595043E+001,-2.0131508E+001,-2.8591765E-005, 2.0421464E-003, 4.4022768E-006,-3.6693056E-001, 1.5418891E-001,-6.8942214E-001, 3.5809026E-001, 3.7452472E+000,-1.5371402E-001,-6.4547492E-001, 1.4496216E+001,-8.9964015E-001,-6.7837762E-001,-6.2777301E-001,-1.0677983E+000,-6.7862841E-001,-6.6725664E-001,-1.2536623E+000,-6.7879513E-001,-6.8692076E-001,-1.2666649E+000
 2.0600002E+003, 9.1065163E+001, 0.0000000E+000,-5.5840211E+001,-7.5570813E+000,-4.7492161E+001,-2.8758394E-002, 4.5686469E-003, 0.0000000E+000,-2.0407534E+001,-1.9848480E+001,-6.9600746E-005, 2.0006740E-003,-5.4491878E-008,-3.5352254E-001, 2.0341495E-001,-6.8230819E-001, 3.9506007E-001, 3.8769153E+000,-1.2517474E-001,-6.4372793E-001, 1.4972259E+001,-8.9648599E-001,-6.7836892E-001,-6.2537515E-001,-1.0616592E+000,-6.7860466E-001,-6.6624239E-001,-1.2088647E+000,-6.7878371E-001,-6.8643653E-001,-1.2062332E+000
 2.0700027E+003, 8.9162767E+001, 0.0000000E+000,-5.4836563E+001,-7.4980972E+000,-4.6717364E+001,-2.8241257E-002, 4.9246535E-004, 0.0000000E+000,-2.0447607E+001,-1.9917007E+001, 3.0313726E-005, 1.9592411E-003, 7.3076295E-006,-3.3490911E-001, 2.0651236E-001,-6.8067273E-001, 4.2784242E-001, 4.0161986E+000,-9.6817957E-002,-6.4150917E-001, 1.5459946E+001,-8.9299667E-001,-6.7833457E-001,-6.2285493E-001,-1.0727289E+000,-6.7852631E-001,-6.6503603E-001,-1.2043560E+000,-6.7872022E-001,-6.8561917E-001,-1.3100497E+000
 2.0800134E+003, 8.7279037E+001, 0.0000000E+000,-5.3726498E+001,-8.0411883E+000,-4.6371033E+001,-2.7839653E-002, 3.3467295E-003, 0.0000000E+000,-2.1341544E+001,-2.0884175E+001,-5.3794226E-005, 1.9177399E-003, 2.2846746E-006,-3.2595698E-001, 2.4307846E-001,-6.7701429E-001, 4.7171895E-001, 4.1630136E+000,-8.2263133E-002,-6.3967533E-001, 1.5959671E+001,-9.0327866E-001,-6.7830662E-001,-6.1981087E-001,-1.0696121E+000,-6.7854430E-001,-6.6374483E-001,-1.2253341E+000,-6.7874662E-001,-6.8543398E-001,-1.2403666E+000
 2.0900017E+003, 8.5413827E+001, 0.0000000E+000,-5.2732635E+001,-7.4753039E+000,-4.5551381E+001,-2.7071283E-002, 2.7413342E-003, 0.0000000E+000,-2.0857179E+001,-2.0369822E+001,-6.7746010E-005, 1.8762899E-003,-1.4086835E-006,-3.0848321E-001, 2.5691795E-001,-6.7746233E-001, 5.0679136E-001, 4.3073830E+000,-3.6223404E-002,-6.3860198E-001, 1.6470274E+001,-9.0900659E-001,-6.7826626E-001,-6.1721460E-001,-1.0870619E+000,-6.7851302E-001,-6.6296563E-001,-1.2028670E+000,-6.7871960E-001,-6.8502297E-001,-1.2301717E+000
 2.1000171E+003, 8.3512267E+001, 0.0000000E+000,-5.1697852E+001,-7.3453568E+000,-4.5294576E+001,-2.6498205E-002, 1.4237208E-003, 0.0000000E+000,-2.1402299E+001,-2.0850593E+001, 1.1560354E-005, 1.8347861E-003, 9.0106016E-006,-2.9517658E-001, 2.9533529E-001,-6.6817529E-001, 5.4342305E-001, 4.4560549E+000, 1.2626589E-004,-6.3730323E-001, 1.6994352E+001,-8.9404571E-001,-6.7826394E-001,-6.1444410E-001,-1.0699071E+000,-6.7848768E-001,-6.6125004E-001,-1.2272526E+000,-6.7865338E-001,-6.8418163E-001,-1.3099865E+000
 2.1100171E+003, 8.1637109E+001, 0.0000000E+000,-5.0596412E+001,-7.5506259E+000,-4.4568306E+001,-2.6119811E-002, 5.2094115E-003, 0.0000000E+000,-2.1672731E+001,-2.1099145E+001,-4.8077898E-005, 1.7933052E-003, 2.2797095E-006,-2.6827934E-001, 3.4011667E-001,-6.7235797E-001, 5.8157727E-001, 4.6036217E+000,-7.3060971E-003,-6.3332156E-001, 1.7530753E+001,-8.9168995E-001,-6.7823690E-001,-6.1172044E-001,-1.0565735E+000,-6.7845899E-001,-6.5979932E-001,-1.1994446E+000,-6.7861510E-001,-6.8345702E-001,-1.2160469E+000
 2.1200171E+003, 7.9726917E+001, 0.0000000E+000,-4.9510996E+001,-7.3925061E+000,-4.3608345E+001,-2.5360928E-002, 1.9626335E-003, 0.0000000E+000,-2.1264015E+001,-2.0808328E+001,-8.7757661E-006, 1.7518359E-003, 4.3222211E-006,-2.6110527E-001, 3.7541825E-001,-6.6424572E-001, 6.1992494E-001, 4.7587014E+000, 2.3251718E-002,-6.3211225E-001, 1.8078782E+001,-8.9110986E-001,-6.7823171E-001,-6.0862931E-001,-1.0538093E+000,-6.7845174E-001,-6.5842456E-001,-1.2348277E+000,-6.7862172E-001,-6.8313803E-001,-1.2293370E+000
 2.1300081E+003, 7.7858000E+001, 0.0000000E+000,-4.8512473E+001,-8.3163183E+000,-4.3237031E+001,-2.4741807E-002, 4.2770149E-003, 0.0000000E+000,-2.2660668E+001,-2.2228287E+001,-6.0257566E-006, 1.7103980E-003, 3.8559148E-006,-2.3918972E-001, 4.0061939E-001,-6.6253825E-001, 6.6926154E-001, 4.9226980E+000, 7.5313072E-002,-6.3018025E-001, 1.8638529E+001,-8.9440464E-001,-6.7822277E-001,-6.0563200E-001,-1.0571874E+000,-6.7845025E-001,-6.5711335E-001,-1.1871323E+000,-6.7862254E-001,-6.8244681E-001,-1.1963907E+000
 2.1400095E+003, 7.5962542E+001, 0.0000000E+000,-4.7457661E+001,-7.5869075E+000,-4.2420451E+001,-2.4268634E-002, 2.4174326E-003, 0.0000000E+000,-2.2068390E+001,-2.1524328E+001,-1.0471433E-005, 1.6687217E-003, 2.5154211E-006,-2.2916423E-001, 4.5487045E-001,-6.5645567E-001, 7.1121710E-001, 5.0810953E+000, 1.2234575E-001,-6.2996351E-001, 1.9211161E+001,-8.7821525E-001,-6.7821474E-001,-6.0271537E-001,-1.0453009E+000,-6.7843206E-001,-6.5563286E-001,-1.2042416E+000,-6.7858857E-001,-6.8185785E-001,-1.2337098E+000
 2.1500005E+003, 3.8392625E+001, 0.0000000E+000,-3.9095751E+001,-8.0689397E+000,-4.1775751E+001,-1.2640775E-002, 3.1007560E-003, 0.0000000E+000,-5.1102208E+001,-5.0557356E+001, 5.2995363E-005, 8.2125328E-004, 8.9228168E-006,-2.1317289E-001, 4.7051521E-001,-6.5386737E-001, 7.5080257E-001, 5.2410843E+000, 1.2766899E-001,-6.2920764E-001, 1.9798399E+001,-8.8048187E-001,-6.7809358E-001,-5.9874807E-001,-1.0451605E+000,-6.7832463E-001,-6.5417579E-001,-1.1781267E+000,-6.7847091E-001,-6.8087657E-001,-1.2372122E+000
 2.1600178E+003, 9.9134733E-003, 0.0000000E+000,-2.9666059E+001,-1.1232010E+001,-3.9760268E+001,-1.6905802E-003, 4.5013029E-003, 0.0000000E+000,-8.1233397E+001,-8.0645612E+001, 1.1969591E-004, 6.3912592E-015, 1.1013966E-005,-1.9610618E-001, 5.5867928E-001,-6.4575734E-001, 7.9439019E-001, 5.4128438E+000, 1.8236900E-001,-6.2645824E-001, 2.0400242E+001,-8.6693742E-001,-6.7801904E-001,-5.9530991E-001,-1.0447564E+000,-6.7824418E-001,-6.5188132E-001,-1.1799331E+000,-6.7837799E-001,-6.7957134E-001,-1.1859783E+000
 2.1700098E+003, 0.0000000E+000, 0.0000000E+000,-2.7569488E+001,-1.1290147E+001,-3.6917606E+001,-1.5192699E-003, 4.6901771E-003, 0.0000000E+000,-7.6022679E+001,-7.5774070E+001, 1.6919944E-004, 8.1348475E-015, 1.6595794E-005,-1.7936563E-001, 6.0339774E-001,-6.2788634E-001, 8.3617878E-001, 5.5960636E+000, 2.3120668E-001,-6.2257172E-001, 2.1011130E+001,-8.5934247E-001,-6.7794976E-001,-5.9159155E-001,-1.0257578E+000,-6.7818220E-001,-6.4966382E-001,-1.1507439E+000,-6.7831698E-001,-6.7807699E-001,-1.1698440E+000
 2.1800186E+003, 0.0000000E+000, 0.0000000E+000,-2.5622918E+001,-1.0827423E+001,-3.4408126E+001,-1.3761628E-003, 3.9175040E-003, 0.0000000E+000,-7.1232420E+001,-7.0855925E+001, 2.0039407E-004, 1.0587490E-014, 2.1078318E-005,-1.3745555E-001, 7.2403303E-001,-6.2273440E-001, 9.0471643E-001, 5.7924518E+000, 3.1474369E-001,-6.1577532E-001, 2.1632877E+001,-8.5574867E-001,-6.7785584E-001,-5.8714145E-001,-1.0175820E+000,-6.7808393E-001,-6.4660990E-001,-1.1418459E+000,-6.7820028E-001,-6.7631224E-001,-1.2013318E+000
 2.1900105E+003, 0.0000000E+000, 0.0000000E+000,-2.3840653E+001,-9.8356103E+000,-3.1614381E+001,-1.1668618E-003, 4.9419146E-003, 0.0000000E+000,-6.5785557E+001,-6.5286869E+001, 1.8874200E-004, 9.1190457E-015, 1.4803126E-005,-1.0231858E-001, 7.5032537E-001,-6.1385425E-001, 9.7366346E-001, 5.9705041E+000, 3.3266641E-001,-6.1073308E-001, 2.2264746E+001,-8.4894819E-001,-6.7776125E-001,-5.8220490E-001,-9.9960474E-001,-6.7797339E-001,-6.4406229E-001,-1.1256895E+000,-6.7809039E-001,-6.7471212E-001,-1.1630335E+000
 2.2000068E+003, 0.0000000E+000, 0.0000000E+000,-2.2237547E+001,-8.8873827E+000,-2.8834187E+001,-1.2422197E-003, 3.4072167E-003, 0.0000000E+000,-6.0551847E+001,-5.9956952E+001, 2.0301719E-004, 1.1969995E-014, 2.1013846E-005,-8.1438643E-002, 7.4759323E-001,-5.9305934E-001, 1.0355463E+000, 6.1600660E+000, 3.5544741E-001,-6.0155052E-001, 2.2907599E+001,-8.4500900E-001,-6.7759370E-001,-5.7762344E-001,-9.8996291E-001,-6.7780368E-001,-6.4113247E-001,-1.1318582E+000,-6.7789406E-001,-6.7228627E-001,-1.1822805E+000
 2.2100212E+003, 0.0000000E+000, 0.0000000E+000,-2.0778453E+001,-9.2409760E+000,-2.6246442E+001,-1.2413230E-003, 5.5395290E-003, 0.0000000E+000,-5.6787184E+001,-5.6261573E+001, 2.4303562E-004, 1.2954664E-014, 2.1596752E-005,-4.0139901E-002, 8.6927166E-001,-5.8362899E-001, 1.0868370E+000, 6.3644404E+000, 4.9148417E-001,-5.9905942E-001, 2.3563110E+001,-8.4267512E-001,-6.7751815E-001,-5.7313928E-001,-9.8539564E-001,-6.7767823E-001,-6.3819529E-001,-1.1054127E+000,-6.7776973E-001,-6.7007007E-001,-1.1420935E+000
 2.2200154E+003, 0.0000000E+000, 0.0000000E+000,-1.9468855E+001,-8.5391085E+000,-2.3788058E+001,-1.2730621E-003, 3.5036325E-003, 0.0000000E+000,-5.2356581E+001,-5.1793791E+001, 8.2746219E-005, 9.1382839E-015, 1.6408873E-005,-5.6474494E-003, 1.0297602E+000,-5.7825511E-001, 1.1803676E+000, 6.5681465E+000, 4.8359191E-001,-5.9251447E-001, 2.4228302E+001,-8.4230810E-001,-6.7740514E-001,-5.6872776E-001,-9.6851569E-001,-6.7756853E-001,-6.3571962E-001,-1.1224935E+000,-6.7768450E-001,-6.6818448E-001,-1.1836297E+000
 2.2300208E+003, 0.0000000E+000, 0.0000000E+000,-1.8288741E+001,-7.3921528E+000,-2.1882272E+001,-1.1717184E-003, 4.6126360E-003, 0.0000000E+000,-4.8114601E+001,-4.7559725E+001, 2.1749551E-004, 1.4004859E-014, 2.6109368E-005, 2.5004570E-002, 1.0601681E+000,-5.5649534E-001, 1.2549986E+000, 6.7721668E+000, 5.5479069E-001,-5.8754536E-001, 2.4905703E+001,-8.3915354E-001,-6.7728396E-001,-5.6369655E-001,-9.6267683E-001,-6.7743822E-001,-6.3207626E-001,-1.0972187E+000,-6.7750170E-001,-6.6563058E-001,-1.1860357E+000
 2.2400088E+003, 0.0000000E+000, 0.0000000E+000,-1.7226333E+001,-7.1311928E+000,-2.0086758E+001,-1.2924731E-003, 5.6962202E-003, 0.0000000E+000,-4.5240725E+001,-4.4439880E+001, 1.8263873E-004, 1.0897486E-014, 2.0128972E-005, 5.7922900E-002, 1.0702876E+000,-5.5953296E-001, 1.3280903E+000, 6.9830619E+000, 6.2724497E-001,-5.8318684E-001, 2.5595442E+001,-8.3577085E-001,-6.7714589E-001,-5.5935598E-001,-9.5253970E-001,-6.7728498E-001,-6.2930514E-001,-1.0839528E+000,-6.7741251E-001,-6.6378523E-001,-1.1078398E+000
 2.2500176E+003, 0.0000000E+000, 0.0000000E+000,-1.6261821E+001,-7.0546466E+000,-1.8292343E+001,-1.3476820E-003, 4.2229040E-003, 0.0000000E+000,-4.2338934E+001,-4.1605935E+001, 1.0202777E-004, 8.9877782E-015, 1.5188729E-005, 7.9767268E-002, 1.2004781E+000,-5.3614805E-001, 1.3778903E+000, 7.1845590E+000, 6.4114945E-001,-5.8086660E-001, 2.6298626E+001,-8.3478165E-001,-6.7709981E-001,-5.5563677E-001,-9.4201622E-001,-6.7714820E-001,-6.2670329E-001,-1.0822719E+000,-6.7718385E-001,-6.6164390E-001,-1.1117820E+000
 2.2600120E+003, 0.0000000E+000, 0.0000000E+000,-1.5368681E+001,-8.1777188E+000,-1.6823624E+001,-1.3103685E-003, 4.7469091E-003, 0.0000000E+000,-4.0798920E+001,-4.0366587E+001, 1.5505614E-004, 1.0460413E-014, 1.7426047E-005, 1.3112712E-001, 1.2492034E+000,-5.3179593E-001, 1.4332327E+000, 7.3945664E+000, 7.5695924E-001,-5.7229766E-001, 2.7012847E+001,-8.3124245E-001,-6.7703026E-001,-5.5064832E-001,-9.3279068E-001,-6.7707979E-001,-6.2278143E-001,-1.0395339E+000,-6.7716321E-001,-6.5956534E-001,-1.1428729E+000
 2.2700276E+003, 0.0000000E+000, 0.0000000E+000,-1.4584148E+001,-6.6031047E+000,-1.5323628E+001,-1.2489982E-003, 3.2096634E-003, 0.0000000E+000,-3.7262137E+001,-3.6508920E+001, 1.0282097E-004, 8.0352699E-015, 1.3843113E-005, 1.4791113E-001, 1.3016687E+000,-5.2237307E-001, 1.5059888E+000, 7.6044046E+000, 7.2448876E-001,-5.6792383E-001, 2.7743384E+001,-8.3075472E-001,-6.7689754E-001,-5.4587342E-001,-9.3617364E-001,-6.7692923E-001,-6.2027941E-001,-1.0746628E+000,-6.7696366E-001,-6.5788507E-001,-1.1368081E+000
 2.2800261E+003, 0.0000000E+000, 0.0000000E+000,-1.3879415E+001,-6.3963988E+000,-1.3984399E+001,-1.2043394E-003, 5.9969363E-003, 0.0000000E+000,-3.4803980E+001,-3.4255421E+001, 5.3399375E-005, 5.5802364E-015, 9.5681207E-006, 1.7771003E-001, 1.4217346E+000,-5.0756551E-001, 1.5758213E+000, 7.8034444E+000, 8.5110029E-001,-5.6646171E-001, 2.8488423E+001,-8.2113349E-001,-6.7682969E-001,-5.4180623E-001,-9.2432115E-001,-6.7684862E-001,-6.1744778E-001,-1.0343978E+000,-6.7695008E-001,-6.5653685E-001,-1.1073876E+000
 2.2900129E+003, 0.0000000E+000, 0.0000000E+000,-1.3221917E+001,-6.6173749E+000,-1.2854383E+001,-1.2211024E-003, 3.4191045E-003, 0.0000000E+000,-3.3255856E+001,-3.2691477E+001, 5.6578050E-005, 6.4350387E-015, 1.2432206E-005, 2.0814365E-001, 1.4331205E+000,-5.0021470E-001, 1.6593831E+000, 8.0253048E+000, 8.1764171E-001,-5.5737315E-001, 2.9247180E+001,-8.2030459E-001,-6.7674171E-001,-5.3698440E-001,-9.2719438E-001,-6.7674426E-001,-6.1513647E-001,-1.0787619E+000,-6.7677437E-001,-6.5462424E-001,-1.0970845E+000
 2.3000115E+003, 0.0000000E+000, 0.0000000E+000,-1.2604018E+001,-6.6175370E+000,-1.1785409E+001,-1.1870720E-003, 4.5722734E-003, 0.0000000E+000,-3.1423410E+001,-3.1003579E+001, 1.5446732E-004, 9.4829555E-015, 1.4149738E-005, 2.4313560E-001, 1.5291143E+000,-4.8669493E-001, 1.7201110E+000, 8.2525845E+000, 9.3972304E-001,-5.5356405E-001, 3.0020748E+001,-8.2983615E-001,-6.7666901E-001,-5.3199855E-001,-9.2350547E-001,-6.7662963E-001,-6.1261487E-001,-1.0629832E+000,-6.7670190E-001,-6.5274533E-001,-1.1098670E+000
 2.3100127E+003, 0.0000000E+000, 0.0000000E+000,-1.2059803E+001,-5.7739344E+000,-1.0734460E+001,-1.2848187E-003, 5.4920269E-003, 0.0000000E+000,-2.9186829E+001,-2.8563990E+001, 3.3541786E-005, 4.9905331E-015, 8.0999720E-006, 2.6895652E-001, 1.6278378E+000,-4.7833240E-001, 1.7818499E+000, 8.4951423E+000, 9.0596566E-001,-5.4894438E-001, 3.0810471E+001,-8.2038460E-001,-6.7659485E-001,-5.2762868E-001,-9.0194465E-001,-6.7667766E-001,-6.0972465E-001,-1.0215979E+000,-6.7669297E-001,-6.5130179E-001,-1.1109967E+000
 2.3200283E+003, 0.0000000E+000, 0.0000000E+000,-1.1540807E+001,-5.8261937E+000,-9.8613907E+000,-1.1516136E-003, 2.8282484E-003, 0.0000000E+000,-2.7666928E+001,-2.7226715E+001,-1.0076364E-004, 3.5812621E-015, 1.0033159E-005, 3.0507440E-001, 1.6465476E+000,-4.7490894E-001, 1.8440914E+000, 8.7012456E+000, 1.0323845E+000,-5.4604799E-001, 3.1615406E+001,-8.1838936E-001,-6.7656937E-001,-5.2266933E-001,-9.3572704E-001,-6.7646229E-001,-6.0765522E-001,-1.0707430E+000,-6.7647947E-001,-6.4972767E-001,-1.1110305E+000
 2.3300151E+003, 0.0000000E+000, 0.0000000E+000,-1.1068022E+001,-6.1455609E+000,-9.1713678E+000,-1.1376858E-003, 6.7330474E-003, 0.0000000E+000,-2.6858086E+001,-2.6379356E+001, 3.6090024E-005, 3.5325946E-015, 6.1760518E-006, 3.3586679E-001, 1.7446877E+000,-4.6892213E-001, 1.9146560E+000, 8.9147334E+000, 1.0318064E+000,-5.4000683E-001, 3.2430457E+001,-8.1878909E-001,-6.7654133E-001,-5.1811178E-001,-8.9709087E-001,-6.7650398E-001,-6.0492069E-001,-1.0160923E+000,-6.7648578E-001,-6.4838639E-001,-1.0655534E+000
 2.3400020E+003, 0.0000000E+000, 0.0000000E+000,-1.0622336E+001,-6.1466608E+000,-8.4678982E+000,-1.1371509E-003, 3.5905184E-003, 0.0000000E+000,-2.5675708E+001,-2.5234442E+001,-4.0033864E-005, 3.3725251E-015, 8.0470848E-006, 3.6679848E-001, 1.7685471E+000,-4.5211522E-001, 1.9659822E+000, 9.1600530E+000, 1.1871355E+000,-5.3844080E-001, 3.3257744E+001,-8.2162786E-001,-6.7649555E-001,-5.1372567E-001,-9.2866109E-001,-6.7630960E-001,-6.0234458E-001,-1.0504823E+000,-6.7627387E-001,-6.4629236E-001,-1.0573865E+000
 2.3500176E+003, 0.0000000E+000, 0.0000000E+000,-1.0197686E+001,-5.2341704E+000,-7.7687202E+000,-1.0785863E-003, 4.7643125E-003, 0.0000000E+000,-2.3641466E+001,-2.3196891E+001, 6.0511986E-005, 6.8886677E-015, 1.0069187E-005, 3.9743087E-001, 1.8298677E+000,-4.4820346E-001, 2.0290989E+000, 9.4053904E+000, 1.1668652E+000,-5.3091254E-001, 3.4099660E+001,-8.1792676E-001,-6.7642172E-001,-5.0804166E-001,-9.2689861E-001,-6.7625786E-001,-5.9978491E-001,-1.0216702E+000,-6.7626258E-001,-6.4516027E-001,-1.0694055E+000
 2.3600044E+003, 0.0000000E+000, 0.0000000E+000,-9.8097696E+000,-5.5995083E+000,-7.2405065E+000,-1.1267707E-003, 5.9055534E-003, 0.0000000E+000,-2.3312724E+001,-2.2645006E+001, 1.0491061E-004, 5.7743266E-015, 8.9905457E-006, 4.4031115E-001, 1.9126874E+000,-4.3937605E-001, 2.1095975E+000, 9.6319583E+000, 1.3106906E+000,-5.2820705E-001, 3.4951767E+001,-8.1630080E-001,-6.7636266E-001,-5.0372964E-001,-9.0410316E-001,-6.7625922E-001,-5.9770302E-001,-1.0007312E+000,-6.7621708E-001,-6.4336091E-001,-1.0551394E+000
 2.3700200E+003, 0.0000000E+000, 0.0000000E+000,-9.4548499E+000,-4.8885031E+000,-6.6887775E+000,-1.0580915E-003, 2.8561752E-003, 0.0000000E+000,-2.1352047E+001,-2.1030332E+001, 1.3484998E-004, 7.9898086E-015, 1.2182827E-005, 4.6523282E-001, 1.9714855E+000,-4.3077136E-001, 2.1894943E+000, 9.8766377E+000, 1.3159420E+000,-5.2131722E-001, 3.5821061E+001,-8.1678729E-001,-6.7629102E-001,-4.9759731E-001,-9.1826553E-001,-6.7613652E-001,-5.9487801E-001,-1.0433881E+000,-6.7612183E-001,-6.4151745E-001,-1.0959165E+000
 2.3800068E+003, 0.0000000E+000, 0.0000000E+000,-9.1324282E+000,-5.3785198E+000,-6.2829295E+000,-1.0566102E-003, 5.2167241E-003, 0.0000000E+000,-2.1259370E+001,-2.0789717E+001,-6.5176513E-005, 1.8552010E-015, 4.3942708E-006, 4.9707582E-001, 2.0165084E+000,-4.2041974E-001, 2.2499985E+000, 1.0133347E+001, 1.3726967E+000,-5.1947682E-001, 3.6703117E+001,-8.1458804E-001,-6.7624075E-001,-4.9330128E-001,-9.1349654E-001,-6.7610068E-001,-5.9193200E-001,-1.0366663E+000,-6.7610646E-001,-6.4032661E-001,-1.0763602E+000
 2.3900225E+003, 0.0000000E+000, 0.0000000E+000,-8.8254083E+000,-5.2002843E+000,-5.7533905E+000,-1.0648260E-003, 5.3677660E-003, 0.0000000E+000,-2.0222971E+001,-1.9774780E+001, 2.0275544E-006, 2.7472773E-015, 5.6975192E-006, 5.2257973E-001, 2.0792867E+000,-4.1710257E-001, 2.3227084E+000, 1.0379167E+001, 1.4420365E+000,-5.1726302E-001, 3.7602400E+001,-8.1253779E-001,-6.7619846E-001,-4.8744603E-001,-8.9548214E-001,-6.7610889E-001,-5.8981983E-001,-1.0195231E+000,-6.7609324E-001,-6.3921487E-001,-1.0678011E+000
 2.4000000E+003, 0.0000000E+000, 0.0000000E+000,-8.5279104E+000,-4.9418152E+000,-5.4711279E+000,-1.0574619E-003, 4.5863469E-003, 0.0000000E+000,-1.9319791E+001,-1.8937325E+001, 9.9674032E-005, 4.5739592E-015, 6.0902004E-006, 5.5975785E-001, 2.1408507E+000,-4.0664193E-001, 2.4088668E+000, 1.0606347E+001, 1.4528553E+000,-5.1253628E-001, 3.8511838E+001,-8.1549316E-001,-6.7616640E-001,-4.8266281E-001,-9.1674674E-001,-6.7596308E-001,-5.8686380E-001,-1.0052308E+000,-6.7594783E-001,-6.3744923E-001,-1.0646965E+000
