s,C,C,C,C,C,C,C,C,C,C,C,C,C,C,C,C,C,C,C,mol/mol,mol/mol,mol/mol,C,C,C,C,C,C,C,C,C,C,C,C,C,C,C,C,C,C,C,C,C
Time,Slot 5,Slot 6,Slot 8,Slot 9,Slot 10,Slot 11,Slot 12,Slot 13,Slot 14,Slot 15,Slot 16,Slot 17,Slot 18,Slot 19,Slot 21,Slot 22,Slot 23,Slot 24,Slot 25,Slot 33,Slot 34,Slot 35,Slot 20,Slot 4,Slot 52,Slot 44,Slot 72,Slot 64,Slot 92,Slot 84,Slot 112,Slot 104,Slot 55,Slot 47,Slot 75,Slot 67,Slot 95,Slot 87,Slot 115,Slot 107,Slot 48,Slot 88,Slot 108
 0.0000000E+000, 6.0000000E+000, 6.0000000E+000, 6.0000000E+000, 6.0000000E+000, 6.0000000E+000, 6.0000000E+000, 6.0000000E+000, 6.0000000E+000, 6.0000000E+000, 6.0000000E+000, 6.0000000E+000, 6.0000000E+000, 6.0000000E+000, 6.0000000E+000, 6.0000000E+000, 6.0000000E+000, 6.0000000E+000, 6.0000000E+000, 6.0000000E+000, 2.0954574E-001, 3.9011087E-004, 0.0000000E+000, 6.0000000E+000, 6.0000000E+000, 6.0000000E+000, 6.0000000E+000, 6.0000000E+000, 6.0000000E+000, 6.0000000E+000, 6.0000000E+000, 6.0000000E+000, 6.0000000E+000, 6.0000000E+000, 6.0000000E+000, 6.0000000E+000, 6.0000000E+000, 6.0000000E+000, 6.0000000E+000, 6.0000000E+000, 6.0000000E+000, 6.0000000E+000, 6.0000000E+000, 6.0000000E+000
 1.0026576E+001, 6.0781557E+000, 6.0878446E+000, 6.0899857E+000, 6.0947564E+000, 6.0986243E+000, 6.1122260E+000, 6.1233339E+000, 6.1455236E+000, 6.1536449E+000, 6.1440607E+000, 6.1234833E+000, 6.0515676E+000, 6.0927220E+000, 6.0823530E+000, 6.0150213E+000, 6.0202449E+000, 6.0040247E+000, 6.0037110E+000, 6.0142901E+000, 2.0954574E-001, 3.9011087E-004, 1.2222219E-076, 5.9966187E+000, 6.0005886E+000, 5.9999165E+000, 5.9999559E+000, 5.9999525E+000, 5.9997448E+000, 6.0000273E+000, 5.9995934E+000, 5.9999479E+000, 5.9999465E+000, 6.0000303E+000, 5.9999903E+000, 5.9999733E+000, 5.9999739E+000, 5.9999903E+000, 5.9999572E+000, 6.0000346E+000, 6.0000414E+000, 5.9999800E+000, 6.0000074E+000, 5.9999969E+000
 2.0009709E+001, 1.2493469E+001, 1.2260716E+001, 1.1835201E+001, 1.1225358E+001, 1.0905681E+001, 9.6842016E+000, 9.4834500E+000, 8.9956002E+000, 8.5545194E+000, 7.6261474E+000, 7.1838297E+000, 6.4209620E+000, 6.5404626E+000, 9.0228492E+000, 6.0803729E+000, 6.0954841E+000, 6.0269488E+000, 6.0312488E+000, 6.0811539E+000, 2.0954574E-001, 3.9011087E-004, 1.9713489E-043, 5.9759549E+000, 5.9991330E+000, 5.9989657E+000, 5.9990683E+000, 5.9995070E+000, 5.9990892E+000, 5.9998032E+000, 5.9976401E+000, 5.9996743E+000, 5.9997752E+000, 6.0001061E+000, 6.0000363E+000, 5.9998946E+000, 5.9998877E+000, 5.9999735E+000, 5.9998939E+000, 6.0001548E+000, 6.0001585E+000, 5.9999472E+000, 6.0000074E+000, 5.9999732E+000
 3.0013258E+001, 2.4172689E+001, 2.3602209E+001, 2.3626537E+001, 2.3930200E+001, 2.3867529E+001, 2.3044109E+001, 2.2641316E+001, 2.1592515E+001, 2.0623857E+001, 1.8339690E+001, 1.7066644E+001, 1.2515412E+001, 8.5248680E+000, 1.9830254E+001, 6.2382443E+000, 6.4798152E+000, 6.2564262E+000, 6.0948632E+000, 6.1658356E+000, 2.0954574E-001, 3.9011087E-004, 8.6084639E-033, 5.9730316E+000, 5.9923609E+000, 5.9979345E+000, 5.9977758E+000, 5.9975712E+000, 5.9986005E+000, 5.9994621E+000, 5.9976594E+000, 5.9989681E+000, 5.9995866E+000, 6.0001431E+000, 6.0001414E+000, 5.9998555E+000, 5.9997915E+000, 5.9999791E+000, 5.9999266E+000, 6.0002573E+000, 6.0001697E+000, 5.9999404E+000, 5.9999738E+000, 5.9998957E+000
 4.0020719E+001, 3.3970962E+001, 3.4094540E+001, 3.4250535E+001, 3.4379826E+001, 3.4679502E+001, 3.4377163E+001, 3.4216373E+001, 3.3339002E+001, 3.2120960E+001, 2.9663159E+001, 2.8501141E+001, 1.9968147E+001, 1.0784998E+001, 2.9342260E+001, 1.0992540E+001, 1.3061941E+001, 1.2322797E+001, 9.3367735E+000, 7.3445532E+000, 2.0954173E-001, 3.9269481E-004, 7.0020167E-009, 5.9882384E+000, 5.9897084E+000, 5.9970481E+000, 5.9956179E+000, 5.9906313E+000, 5.9977048E+000, 5.9992196E+000, 5.9986404E+000, 5.9981476E+000, 5.9994425E+000, 6.0001412E+000, 6.0002142E+000, 5.9998657E+000, 5.9997166E+000, 5.9999955E+000, 5.9999925E+000, 6.0003099E+000, 6.0000762E+000, 5.9999359E+000, 5.9999362E+000, 5.9997815E+000
 5.0003594E+001, 4.5094715E+001, 4.5219857E+001, 4.5424569E+001, 4.5636154E+001, 4.5550071E+001, 4.5063910E+001, 4.4409722E+001, 4.3449270E+001, 4.2442515E+001, 4.0157512E+001, 3.9001407E+001, 2.8086859E+001, 1.4866272E+001, 3.8698343E+001, 2.6020871E+001, 2.1355350E+001, 1.5584042E+001, 1.0107664E+001, 7.7843711E+000, 2.0869701E-001, 9.3698126E-004, 1.4819205E-006, 6.0133038E+000, 6.0601538E+000, 5.9962042E+000, 5.9913079E+000, 5.9857456E+000, 5.9934174E+000, 5.9986853E+000, 5.9990083E+000, 5.9977953E+000, 5.9993199E+000, 6.0001117E+000, 6.0001605E+000, 5.9998966E+000, 5.9996509E+000, 6.0000106E+000, 6.0000604E+000, 6.0003183E+000, 5.9998911E+000, 5.9999285E+000, 5.9999235E+000, 5.9996775E+000
 6.0005235E+001, 5.6027706E+001, 5.5512106E+001, 5.5540396E+001, 5.5303948E+001, 5.4969973E+001, 5.4699666E+001, 5.4461976E+001, 5.3682313E+001, 5.3253911E+001, 5.1250485E+001, 4.9682628E+001, 4.0342079E+001, 1.6142507E+001, 4.9601225E+001, 3.7102650E+001, 3.1227811E+001, 2.0339540E+001, 8.8849967E+000, 6.8489276E+000, 2.0808693E-001, 1.3300781E-003, 2.5471424E-006, 6.0195941E+000, 7.6198278E+000, 5.9941205E+000, 5.9872793E+000, 5.9886429E+000, 5.9883216E+000, 5.9974497E+000, 5.9983762E+000, 5.9978244E+000, 5.9991702E+000, 6.0000657E+000, 5.9999577E+000, 5.9999316E+000, 5.9995825E+000, 6.0000142E+000, 6.0000620E+000, 6.0002952E+000, 5.9996852E+000, 5.9999085E+000, 5.9999361E+000, 5.9996092E+000
 7.0002520E+001, 6.6261471E+001, 6.6094423E+001, 6.5758533E+001, 6.5009606E+001, 6.4371270E+001, 6.3397525E+001, 6.3062422E+001, 6.2256759E+001, 6.1400254E+001, 6.0000401E+001, 5.9043229E+001, 4.9731975E+001, 1.4409689E+001, 6.0010544E+001, 4.6713620E+001, 4.1733440E+001, 2.2572933E+001, 7.8106413E+000, 6.5320012E+000, 2.0695315E-001, 2.0606075E-003, 4.5267458E-006, 6.0187321E+000, 1.1985953E+001, 7.0291390E+000, 5.9781289E+000, 5.9809812E+000, 5.9891095E+000, 5.9948823E+000, 5.9970439E+000, 5.9974445E+000, 5.9989946E+000, 6.0000104E+000, 5.9997717E+000, 5.9999605E+000, 5.9992706E+000, 6.0000040E+000, 5.9999079E+000, 6.0002528E+000, 5.9995517E+000, 5.9998676E+000, 5.9999572E+000, 5.9995810E+000
 8.0019483E+001, 7.5114756E+001, 7.4889588E+001, 7.4560986E+001, 7.3796376E+001, 7.3632597E+001, 7.3573657E+001, 7.3293444E+001, 7.2308533E+001, 7.1655841E+001, 6.8877674E+001, 6.7117118E+001, 5.5575455E+001, 1.6150419E+001, 6.7163510E+001, 5.1422910E+001, 5.0658612E+001, 2.6720530E+001, 7.8577249E+000, 6.4875142E+000, 2.0625364E-001, 2.5113269E-003, 5.7481143E-006, 6.0124011E+000, 1.4243304E+001, 8.7077308E+000, 6.2743575E+000, 5.9527082E+000, 5.9685605E+000, 5.9889640E+000, 5.9914834E+000, 5.9967274E+000, 5.9988636E+000, 5.9999502E+000, 5.9992629E+000, 5.9999792E+000, 5.9984216E+000, 5.9999852E+000, 5.9993844E+000, 6.0002039E+000, 5.9990645E+000, 5.9998360E+000, 5.9999732E+000, 5.9995919E+000
 9.0026308E+001, 8.1079027E+001, 8.1020553E+001, 8.1054267E+001, 8.0826897E+001, 8.0675173E+001, 8.0447321E+001, 8.0452482E+001, 8.0124711E+001, 7.9429917E+001, 7.7246298E+001, 7.5545182E+001, 5.9878750E+001, 1.3890267E+001, 7.4408250E+001, 6.0372253E+001, 5.3257847E+001, 2.8555568E+001, 8.2099311E+000, 6.6062619E+000, 2.0536280E-001, 3.0853292E-003, 7.3035577E-006, 6.0246404E+000, 1.9489299E+001, 1.2416888E+001, 6.5566530E+000, 5.9962806E+000, 5.9403142E+000, 5.9722018E+000, 5.9767285E+000, 5.9951141E+000, 5.9988705E+000, 5.9998931E+000, 5.9985999E+000, 5.9999874E+000, 5.9973880E+000, 5.9999648E+000, 5.9984936E+000, 6.0001574E+000, 5.9981735E+000, 5.9998364E+000, 5.9999828E+000, 5.9996346E+000
 1.0002454E+002, 8.9944651E+001, 8.9922058E+001, 8.9755385E+001, 8.9007137E+001, 8.8650739E+001, 8.7934645E+001, 8.7648689E+001, 8.7027381E+001, 8.6308538E+001, 8.4415980E+001, 8.3094738E+001, 6.4995220E+001, 1.3758593E+001, 8.1399217E+001, 6.6648064E+001, 5.7651063E+001, 3.0634037E+001, 9.1246383E+000, 7.1596164E+000, 2.0476673E-001, 3.4694000E-003, 8.3443205E-006, 6.0083147E+000, 2.4766388E+001, 1.4794998E+001, 6.7789832E+000, 6.0724516E+000, 5.9613852E+000, 5.9610198E+000, 5.9670589E+000, 5.9929536E+000, 5.9986019E+000, 5.9998444E+000, 6.0001900E+000, 5.9999862E+000, 5.9969172E+000, 5.9999465E+000, 5.9984777E+000, 6.0001174E+000, 5.9983193E+000, 5.9998492E+000, 5.9999896E+000, 5.9997013E+000
 1.1000063E+002, 9.6905480E+001, 9.7017493E+001, 9.6839766E+001, 9.6035971E+001, 9.5628745E+001, 9.4549087E+001, 9.3355605E+001, 9.2165938E+001, 9.1637181E+001, 8.9815789E+001, 8.7544776E+001, 6.3444227E+001, 1.4753137E+001, 8.7631056E+001, 7.2222526E+001, 6.2577209E+001, 3.3223785E+001, 1.0082850E+001, 6.5964593E+000, 2.0399547E-001, 3.9663464E-003, 9.6909560E-006, 6.0113676E+000, 2.6918683E+001, 1.9070925E+001, 8.0725030E+000, 6.2128129E+000, 5.9833895E+000, 5.9586906E+000, 5.9731826E+000, 5.9890355E+000, 5.9978951E+000, 5.9998062E+000, 6.2095309E+000, 5.9999780E+000, 5.9964168E+000, 5.9999306E+000, 5.9984212E+000, 6.0000822E+000, 5.9983721E+000, 5.9999019E+000, 5.9999936E+000, 5.9997922E+000
 1.2001492E+002, 1.0193849E+002, 1.0125638E+002, 1.0121549E+002, 1.0079432E+002, 1.0053659E+002, 9.9712860E+001, 9.9014235E+001, 9.7614606E+001, 9.6935946E+001, 9.4968781E+001, 9.2744170E+001, 5.6047122E+001, 1.4570344E+001, 9.3909500E+001, 8.0597883E+001, 6.6690735E+001, 3.5123822E+001, 9.4530095E+000, 6.3186670E+000, 2.0331200E-001, 4.4067316E-003, 1.0884321E-005, 6.0254726E+000, 3.1347261E+001, 2.2632365E+001, 1.0453213E+001, 6.2662669E+000, 6.0109526E+000, 5.9623969E+000, 5.9726437E+000, 5.9809766E+000, 5.9970096E+000, 5.9997792E+000, 7.4976843E+000, 5.9999643E+000, 5.9967134E+000, 5.9999168E+000, 5.9981335E+000, 6.0000500E+000, 5.9979895E+000, 6.0000766E+000, 5.9999964E+000, 5.9998937E+000
 1.3002173E+002, 1.0745855E+002, 1.0725783E+002, 1.0685195E+002, 1.0631746E+002, 1.0600436E+002, 1.0523949E+002, 1.0484127E+002, 1.0343691E+002, 1.0293044E+002, 1.0125120E+002, 9.9483900E+001, 7.1122799E+001, 1.4755240E+001, 9.8450787E+001, 8.6586710E+001, 6.7927614E+001, 3.4064626E+001, 8.1697913E+000, 6.3376971E+000, 2.0262922E-001, 4.8466713E-003, 1.2076478E-005, 6.0179926E+000, 3.5736793E+001, 2.6253741E+001, 1.3617129E+001, 6.9082503E+000, 6.0227037E+000, 5.9673961E+000, 5.9748578E+000, 5.9737939E+000, 5.9919695E+000, 5.9997608E+000, 8.3286167E+000, 5.9999450E+000, 5.9937176E+000, 5.9999031E+000, 5.9978550E+000, 6.0000192E+000, 5.9974657E+000, 6.0003154E+000, 6.0000014E+000, 5.9999852E+000
 1.4000173E+002, 1.1280569E+002, 1.1258988E+002, 1.1239576E+002, 1.1170201E+002, 1.1137942E+002, 1.1095534E+002, 1.1078945E+002, 1.0928831E+002, 1.0881102E+002, 1.0680615E+002, 1.0571095E+002, 6.5896556E+001, 1.4868260E+001, 1.0382249E+002, 8.8758279E+001, 7.3090038E+001, 3.4998742E+001, 7.2564452E+000, 6.3593250E+000, 2.0204669E-001, 5.2220161E-003, 1.3093595E-005, 6.0228807E+000, 3.8336064E+001, 2.9063160E+001, 1.4619334E+001, 7.0076385E+000, 6.1671677E+000, 5.9772363E+000, 5.9773248E+000, 5.9749241E+000, 5.9784750E+000, 5.9997481E+000, 9.3773977E+000, 5.9999239E+000, 5.9865948E+000, 5.9998908E+000, 5.9973320E+000, 5.9999897E+000, 5.9965294E+000, 6.0004398E+000, 6.0000108E+000, 6.0000520E+000
 1.5001250E+002, 1.1699515E+002, 1.1683951E+002, 1.1668604E+002, 1.1599902E+002, 1.1546750E+002, 1.1436102E+002, 1.1390755E+002, 1.1261364E+002, 1.1184866E+002, 1.0974266E+002, 1.0811790E+002, 6.0225830E+001, 1.5333204E+001, 1.0705652E+002, 9.1098428E+001, 7.7461431E+001, 3.6540414E+001, 6.7018485E+000, 6.3798620E+000, 2.0114584E-001, 5.8024685E-003, 1.4666517E-005, 6.0539638E+000, 4.1257688E+001, 3.2327991E+001, 1.7712304E+001, 8.2499666E+000, 6.2726130E+000, 5.9896158E+000, 5.9763412E+000, 5.9717670E+000, 5.9730235E+000, 5.9997434E+000, 1.2058923E+001, 5.9999035E+000, 5.9886204E+000, 5.9998808E+000, 5.9924783E+000, 5.9999613E+000, 5.9970054E+000, 6.0003559E+000, 6.0000232E+000, 6.0000919E+000
 1.6000207E+002, 1.1959348E+002, 1.1937405E+002, 1.1941927E+002, 1.1878990E+002, 1.1839027E+002, 1.1746403E+002, 1.1675671E+002, 1.1546423E+002, 1.1477415E+002, 1.1306822E+002, 1.1135600E+002, 6.7104230E+001, 1.6393905E+001, 1.0948616E+002, 9.2783966E+001, 7.9705116E+001, 3.8087142E+001, 6.5743474E+000, 6.4191651E+000, 2.0074226E-001, 6.0625069E-003, 1.5371174E-005, 6.0651388E+000, 4.4783569E+001, 3.5525264E+001, 1.9926209E+001, 8.9792815E+000, 6.4675728E+000, 6.0114011E+000, 5.9699839E+000, 5.9651126E+000, 5.9702799E+000, 5.9997478E+000, 1.4486123E+001, 5.9998812E+000, 6.0006365E+000, 5.9998703E+000, 5.9897292E+000, 5.9999347E+000, 5.9972545E+000, 6.0001031E+000, 6.0000339E+000, 6.0001082E+000
 1.7000884E+002, 1.2209720E+002, 1.2161514E+002, 1.2157069E+002, 1.2091043E+002, 1.2057665E+002, 1.1988329E+002, 1.1921416E+002, 1.1795071E+002, 1.1709717E+002, 1.1543253E+002, 1.1449674E+002, 6.6107222E+001, 1.6906405E+001, 1.1064335E+002, 9.8286641E+001, 8.5224012E+001, 4.0774015E+001, 6.7166399E+000, 6.4332201E+000, 2.0049558E-001, 6.2214513E-003, 1.5801885E-005, 6.0512899E+000, 4.5865443E+001, 3.7833496E+001, 2.0908297E+001, 1.0865084E+001, 6.7505793E+000, 6.0435312E+000, 5.9700721E+000, 5.9657298E+000, 5.9674509E+000, 5.9997588E+000, 1.6141455E+001, 5.9998591E+000, 6.0833266E+000, 5.9998599E+000, 5.9888184E+000, 5.9999099E+000, 5.9972346E+000, 6.0000284E+000, 6.0000389E+000, 6.0001077E+000
 1.8002013E+002, 1.2468162E+002, 1.2449180E+002, 1.2435475E+002, 1.2394291E+002, 1.2376776E+002, 1.2335182E+002, 1.2293357E+002, 1.2185393E+002, 1.2113198E+002, 1.1924032E+002, 1.1802212E+002, 7.2507371E+001, 1.6692445E+001, 1.1441980E+002, 1.0093887E+002, 8.5283396E+001, 3.6857980E+001, 6.7813102E+000, 6.4561447E+000, 2.0007971E-001, 6.4894149E-003, 1.6528018E-005, 6.0656080E+000, 4.7776438E+001, 3.9351132E+001, 2.3586518E+001, 1.2026674E+001, 7.3696637E+000, 6.0927914E+000, 5.9633081E+000, 5.9656673E+000, 5.9665711E+000, 5.9997718E+000, 1.8133127E+001, 5.9998392E+000, 6.2774808E+000, 5.9998482E+000, 5.9824475E+000, 5.9998862E+000, 5.9972662E+000, 6.1950470E+000, 6.0000413E+000, 6.0000982E+000
 1.9001744E+002, 1.2742983E+002, 1.2720088E+002, 1.2690164E+002, 1.2612132E+002, 1.2565670E+002, 1.2476945E+002, 1.2433378E+002, 1.2321179E+002, 1.2262880E+002, 1.2093136E+002, 1.1963229E+002, 7.2842945E+001, 1.7335143E+001, 1.1484114E+002, 1.0143960E+002, 8.9836155E+001, 3.8255340E+001, 6.7519256E+000, 6.5429201E+000, 1.9953037E-001, 6.8433709E-003, 1.7487175E-005, 6.0494749E+000, 4.8458241E+001, 4.0481729E+001, 2.4293535E+001, 1.3883474E+001, 8.3602279E+000, 6.1785087E+000, 5.9783108E+000, 5.9620576E+000, 5.9694234E+000, 5.9997873E+000, 1.9793765E+001, 5.9998229E+000, 6.5022048E+000, 5.9998372E+000, 5.9720538E+000, 5.9998640E+000, 5.9975050E+000, 7.0045599E+000, 6.0000524E+000, 6.0000851E+000
 2.0000121E+002, 1.2732123E+002, 1.2740640E+002, 1.2734255E+002, 1.2708567E+002, 1.2685152E+002, 1.2607122E+002, 1.2570272E+002, 1.2495014E+002, 1.2425443E+002, 1.2257300E+002, 1.2093400E+002, 7.0556909E+001, 1.7668590E+001, 1.1829348E+002, 1.0519122E+002, 8.8727754E+001, 4.0710697E+001, 6.6986238E+000, 6.5625786E+000, 1.9917269E-001, 7.0738390E-003, 1.8111703E-005, 6.0396992E+000, 4.9510418E+001, 4.1467629E+001, 2.6345051E+001, 1.4765270E+001, 8.6371326E+000, 6.3266046E+000, 5.9837272E+000, 5.9604415E+000, 5.9683451E+000, 5.9998048E+000, 2.2632523E+001, 5.9998090E+000, 6.9006172E+000, 5.9998259E+000, 5.9671779E+000, 5.9998438E+000, 5.9977609E+000, 8.1940684E+000, 6.0000788E+000, 6.0000638E+000
 2.1001987E+002, 1.2877318E+002, 1.2842025E+002, 1.2825897E+002, 1.2783582E+002, 1.2760761E+002, 1.2681975E+002, 1.2631373E+002, 1.2568991E+002, 1.2486094E+002, 1.2303949E+002, 1.2167391E+002, 6.8922289E+001, 1.8076466E+001, 1.2082234E+002, 1.0617548E+002, 8.8770411E+001, 4.0426858E+001, 6.7806832E+000, 6.5218992E+000, 1.9897942E-001, 7.1983670E-003, 1.8449151E-005, 6.0673769E+000, 5.0307245E+001, 4.3721813E+001, 2.7994023E+001, 1.6100792E+001, 1.0072643E+001, 6.3817767E+000, 6.0092937E+000, 5.9668403E+000, 5.9634529E+000, 5.9998238E+000, 2.3546204E+001, 5.9997979E+000, 7.5356036E+000, 5.9998156E+000, 5.9675991E+000, 5.9998260E+000, 5.9977540E+000, 8.7996248E+000, 6.0001100E+000, 6.0000307E+000
 2.2000519E+002, 1.3066999E+002, 1.3058448E+002, 1.3043683E+002, 1.3023328E+002, 1.3004447E+002, 1.2949005E+002, 1.2908489E+002, 1.2797919E+002, 1.2725599E+002, 1.2578935E+002, 1.2432732E+002, 7.1060492E+001, 1.8157917E+001, 1.2182838E+002, 1.0733184E+002, 9.2182220E+001, 3.2363252E+001, 6.9469017E+000, 6.5194911E+000, 1.9887809E-001, 7.2636582E-003, 1.8626079E-005, 6.0461384E+000, 5.0843004E+001, 4.3852324E+001, 2.8941376E+001, 1.6705951E+001, 1.0484640E+001, 6.4104245E+000, 6.0539394E+000, 5.9646460E+000, 5.9621553E+000, 5.9998418E+000, 2.5084084E+001, 5.9997907E+000, 7.8732850E+000, 5.9998062E+000, 5.9686522E+000, 5.9998096E+000, 5.9974629E+000, 9.7820512E+000, 6.0001309E+000, 6.0000102E+000
 2.3001436E+002, 1.3117040E+002, 1.3109999E+002, 1.3084893E+002, 1.3046226E+002, 1.3023009E+002, 1.2975166E+002, 1.2940135E+002, 1.2856119E+002, 1.2793062E+002, 1.2634641E+002, 1.2501144E+002, 7.6362378E+001, 1.8328428E+001, 1.2287399E+002, 1.0881752E+002, 9.0152146E+001, 3.3243246E+001, 6.8947561E+000, 6.5669151E+000, 1.9875045E-001, 7.3458995E-003, 1.8848938E-005, 6.0700904E+000, 5.1559094E+001, 4.3918433E+001, 2.8828886E+001, 1.9018185E+001, 1.1338159E+001, 6.6481724E+000, 6.0648770E+000, 5.9656837E+000, 5.9623693E+000, 5.9998579E+000, 2.5561817E+001, 5.9997870E+000, 8.6971986E+000, 5.9997976E+000, 5.9697578E+000, 5.9997968E+000, 5.9970923E+000, 1.0694255E+001, 6.0001226E+000, 6.0000312E+000
 2.4000582E+002, 1.3255159E+002, 1.3288122E+002, 1.3264459E+002, 1.3204565E+002, 1.3170934E+002, 1.3086309E+002, 1.3040236E+002, 1.2923125E+002, 1.2848494E+002, 1.2685373E+002, 1.2564846E+002, 7.0981772E+001, 1.8741995E+001, 1.2300421E+002, 1.1070017E+002, 9.2231268E+001, 3.2789268E+001, 6.7865696E+000, 6.5808007E+000, 1.9850641E-001, 7.5031445E-003, 1.9275043E-005, 6.0627732E+000, 5.4229073E+001, 4.4596359E+001, 2.9652515E+001, 2.0041441E+001, 1.2726900E+001, 7.0276119E+000, 6.1101478E+000, 5.9641704E+000, 5.9636141E+000, 5.9998719E+000, 2.6157730E+001, 5.9997862E+000, 9.3071950E+000, 5.9997888E+000, 5.9734673E+000, 5.9997853E+000, 5.9965858E+000, 1.1196598E+001, 6.0000918E+000, 6.0001023E+000
 2.5001921E+002, 1.3352500E+002, 1.3376842E+002, 1.3361268E+002, 1.3308474E+002, 1.3278110E+002, 1.3212333E+002, 1.3178907E+002, 1.3115385E+002, 1.3056928E+002, 1.2890559E+002, 1.2746705E+002, 7.7309274E+001, 1.9156632E+001, 1.2614044E+002, 1.1278189E+002, 9.5595176E+001, 3.7344203E+001, 6.7330220E+000, 6.5784046E+000, 1.9846630E-001, 7.5289920E-003, 1.9345086E-005, 6.0739683E+000, 5.3584478E+001, 4.5170878E+001, 3.0942014E+001, 2.1038354E+001, 1.3691810E+001, 7.4497246E+000, 6.2152014E+000, 5.9611260E+000, 5.9640319E+000, 5.9998853E+000, 2.6365814E+001, 5.9997872E+000, 1.0217900E+001, 5.9997819E+000, 5.9871867E+000, 5.9997755E+000, 5.9963113E+000, 1.1408663E+001, 6.0001034E+000, 6.0002071E+000
 2.6000342E+002, 1.3427784E+002, 1.3413410E+002, 1.3408230E+002, 1.3396126E+002, 1.3382309E+002, 1.3326666E+002, 1.3287108E+002, 1.3197994E+002, 1.3149342E+002, 1.2991314E+002, 1.2909504E+002, 8.0135112E+001, 1.9400111E+001, 1.2718295E+002, 1.1493334E+002, 9.8460226E+001, 3.7425979E+001, 6.8164901E+000, 6.6103879E+000, 1.9839267E-001, 7.5764294E-003, 1.9473632E-005, 6.0862080E+000, 5.2974347E+001, 4.5600515E+001, 3.1640215E+001, 2.0546639E+001, 1.4765972E+001, 8.1781974E+000, 6.3841334E+000, 5.9725804E+000, 5.9636672E+000, 5.9998972E+000, 2.7075817E+001, 5.9997900E+000, 1.0619639E+001, 5.9997769E+000, 6.0078710E+000, 5.9997680E+000, 5.9958354E+000, 1.1769811E+001, 6.0000064E+000, 6.0001287E+000
 2.7001509E+002, 1.3953308E+002, 1.3898171E+002, 1.3884369E+002, 1.3851577E+002, 1.3831146E+002, 1.3783954E+002, 1.3754458E+002, 1.3655900E+002, 1.3576538E+002, 1.3357170E+002, 1.3239027E+002, 9.3657173E+001, 2.1473181E+001, 1.3003417E+002, 1.1618394E+002, 1.0130508E+002, 3.8017036E+001, 7.1113619E+000, 6.6623782E+000, 1.9815819E-001, 7.7275138E-003, 1.9883044E-005, 6.0800003E+000, 5.3036716E+001, 4.5851314E+001, 3.1918709E+001, 2.3075967E+001, 1.5139471E+001, 9.2036485E+000, 6.6699464E+000, 5.9995192E+000, 5.9641695E+000, 5.9999061E+000, 2.7967034E+001, 5.9997927E+000, 1.1139485E+001, 5.9997716E+000, 6.0883305E+000, 5.9997620E+000, 5.9927707E+000, 1.2540842E+001, 5.9966682E+000, 5.9987869E+000
 2.8001826E+002, 1.4953015E+002, 1.4816861E+002, 1.4795912E+002, 1.4748891E+002, 1.4708208E+002, 1.4680635E+002, 1.4647411E+002, 1.4529586E+002, 1.4457367E+002, 1.4208408E+002, 1.3982173E+002, 1.1028523E+002, 2.4627522E+001, 1.3918555E+002, 1.2183978E+002, 1.0652567E+002, 4.3492207E+001, 7.0570648E+000, 6.7514168E+000, 1.9765102E-001, 8.0543061E-003, 2.0768592E-005, 6.0855479E+000, 5.5064834E+001, 4.6040165E+001, 3.2307022E+001, 2.3568707E+001, 1.5687325E+001, 9.8017390E+000, 6.8267330E+000, 6.0532443E+000, 5.9643639E+000, 5.9999106E+000, 2.8673154E+001, 5.9997929E+000, 1.1475335E+001, 5.9997651E+000, 6.2254357E+000, 5.9997560E+000, 5.9898801E+000, 1.3264353E+001, 5.9952655E+000, 5.9975130E+000
 2.9002073E+002, 1.6413028E+002, 1.6383376E+002, 1.6351274E+002, 1.6277970E+002, 1.6237526E+002, 1.6134994E+002, 1.6053873E+002, 1.5866463E+002, 1.5791296E+002, 1.5517503E+002, 1.5292981E+002, 1.2762404E+002, 2.7616923E+001, 1.4865445E+002, 1.3152474E+002, 1.2041947E+002, 4.7536914E+001, 7.0890102E+000, 6.7987437E+000, 1.9722012E-001, 8.3319459E-003, 2.1520946E-005, 6.1150210E+000, 5.7203958E+001, 4.8351171E+001, 3.2581910E+001, 2.2603907E+001, 1.6497268E+001, 1.0190108E+001, 7.2269552E+000, 6.0344601E+000, 5.9632585E+000, 5.9999112E+000, 2.9146195E+001, 5.9997945E+000, 1.2431780E+001, 5.9997590E+000, 6.4190545E+000, 5.9997504E+000, 5.9872599E+000, 1.3394720E+001, 5.9957447E+000, 5.9949320E+000
 3.0000605E+002, 1.8016093E+002, 1.8076670E+002, 1.8047843E+002, 1.8035582E+002, 1.7987464E+002, 1.7800045E+002, 1.7705359E+002, 1.7516553E+002, 1.7419549E+002, 1.7137423E+002, 1.6949467E+002, 1.5046024E+002, 3.2686529E+001, 1.6615256E+002, 1.4320235E+002, 1.3412276E+002, 5.6281235E+001, 7.2022442E+000, 6.8855673E+000, 1.9581544E-001, 9.2370359E-003, 2.3973578E-005, 6.1087217E+000, 6.0360583E+001, 5.0178704E+001, 3.4656843E+001, 2.3125293E+001, 1.7309281E+001, 1.0348093E+001, 7.7556736E+000, 6.0377250E+000, 5.9621698E+000, 5.9999063E+000, 2.9773547E+001, 5.9997968E+000, 1.2863548E+001, 5.9997536E+000, 6.7687562E+000, 5.9997449E+000, 5.9872229E+000, 1.3463364E+001, 5.9925842E+000, 5.9928290E+000
 3.1001098E+002, 1.9496513E+002, 1.9577603E+002, 1.9562168E+002, 1.9495154E+002, 1.9448729E+002, 1.9263783E+002, 1.9165222E+002, 1.8950409E+002, 1.8859625E+002, 1.8599653E+002, 1.8434706E+002, 1.5883533E+002, 3.2055846E+001, 1.8310068E+002, 1.5652116E+002, 1.4489407E+002, 6.3037820E+001, 7.7059299E+000, 6.9779342E+000, 1.9494502E-001, 9.7978746E-003, 2.5493350E-005, 6.1310462E+000, 6.6702001E+001, 5.4335510E+001, 3.4597434E+001, 2.4425755E+001, 1.7827995E+001, 1.0830079E+001, 8.0502147E+000, 6.0598500E+000, 5.9703182E+000, 5.9998975E+000, 3.0459243E+001, 5.9997966E+000, 1.3534980E+001, 5.9997482E+000, 6.8919396E+000, 5.9997389E+000, 5.9880860E+000, 1.4011772E+001, 5.9891538E+000, 5.9911741E+000
 3.2001187E+002, 2.1121694E+002, 2.1124431E+002, 2.1109060E+002, 2.1052529E+002, 2.1014493E+002, 2.0849363E+002, 2.0745581E+002, 2.0582790E+002, 2.0481815E+002, 2.0131681E+002, 1.9938649E+002, 1.6713255E+002, 3.2125743E+001, 1.9502577E+002, 1.7405988E+002, 1.5345525E+002, 6.4958618E+001, 8.9175441E+000, 7.0443570E+000, 1.9318726E-001, 1.0930461E-002, 2.8562456E-005, 6.1447736E+000, 7.1604005E+001, 5.8318188E+001, 3.6927715E+001, 2.6304066E+001, 1.8516025E+001, 1.1281854E+001, 8.6351630E+000, 6.1285375E+000, 5.9829268E+000, 5.9998912E+000, 3.1712013E+001, 5.9997944E+000, 1.4154398E+001, 5.9997429E+000, 7.0833661E+000, 5.9997333E+000, 5.9861887E+000, 1.4608785E+001, 5.9884093E+000, 5.9900020E+000
 3.3000338E+002, 2.1792609E+002, 2.1841777E+002, 2.1798161E+002, 2.1714679E+002, 2.1683574E+002, 2.1620887E+002, 2.1594910E+002, 2.1406398E+002, 2.1257104E+002, 2.0800915E+002, 2.0586167E+002, 1.5784317E+002, 3.3127815E+001, 2.0532653E+002, 1.8392710E+002, 1.6172434E+002, 6.9491312E+001, 7.8325184E+000, 7.1178438E+000, 1.9182006E-001, 1.1811401E-002, 3.0949646E-005, 6.1708757E+000, 7.7763586E+001, 6.3191062E+001, 3.9838115E+001, 2.7388166E+001, 1.8631314E+001, 1.1953583E+001, 8.7494052E+000, 6.1899923E+000, 6.0024502E+000, 5.9998834E+000, 3.3362210E+001, 5.9997903E+000, 1.4313937E+001, 5.9997368E+000, 7.3252991E+000, 5.9997278E+000, 5.9832918E+000, 1.4484643E+001, 5.9904851E+000, 5.9904301E+000
 3.4000572E+002, 2.2411238E+002, 2.2320142E+002, 2.2283736E+002, 2.2176711E+002, 2.2115189E+002, 2.1992217E+002, 2.1912541E+002, 2.1731739E+002, 2.1630281E+002, 2.1354317E+002, 2.1145263E+002, 1.6898326E+002, 3.6374726E+001, 2.1354593E+002, 1.8835724E+002, 1.6809635E+002, 7.3543693E+001, 7.7367667E+000, 7.2253157E+000, 1.9072964E-001, 1.2513997E-002, 3.2853554E-005, 6.1820605E+000, 7.9889761E+001, 6.7347864E+001, 4.1673508E+001, 2.7793272E+001, 1.9744463E+001, 1.3130870E+001, 8.9484864E+000, 6.4230947E+000, 5.9954643E+000, 5.9998749E+000, 3.5352535E+001, 5.9997858E+000, 1.5024699E+001, 5.9997316E+000, 7.3504063E+000, 5.9997234E+000, 5.9792318E+000, 1.4775701E+001, 6.0373770E+000, 5.9899644E+000
 3.5001757E+002, 2.2767081E+002, 2.2709198E+002, 2.2698271E+002, 2.2637080E+002, 2.2571485E+002, 2.2433128E+002, 2.2347035E+002, 2.2113843E+002, 2.1972248E+002, 2.1564080E+002, 2.1265283E+002, 1.5727540E+002, 3.7090721E+001, 2.1540161E+002, 1.9175544E+002, 1.6607880E+002, 6.3257000E+001, 7.7179879E+000, 7.2685753E+000, 1.8992878E-001, 1.3030015E-002, 3.4251869E-005, 6.1806308E+000, 8.2785988E+001, 6.9369478E+001, 4.5013603E+001, 3.0710826E+001, 2.0184335E+001, 1.3809472E+001, 9.7338618E+000, 6.6650865E+000, 6.0002707E+000, 5.9998708E+000, 3.7244700E+001, 5.9997839E+000, 1.5830276E+001, 5.9997294E+000, 7.8572223E+000, 5.9997208E+000, 5.9801358E+000, 1.5854877E+001, 6.0795103E+000, 5.9880774E+000
 3.6001408E+002, 2.2451963E+002, 2.2404319E+002, 2.2395441E+002, 2.2347529E+002, 2.2314341E+002, 2.2239668E+002, 2.2169778E+002, 2.1971252E+002, 2.1855623E+002, 2.1462297E+002, 2.1213162E+002, 1.3043459E+002, 3.6362113E+001, 2.1942380E+002, 1.9022313E+002, 1.5684080E+002, 5.6758906E+001, 7.6403941E+000, 7.2877141E+000, 1.8939423E-001, 1.3374446E-002, 3.5185215E-005, 6.1618278E+000, 8.4349692E+001, 7.2161517E+001, 4.6778481E+001, 2.9620730E+001, 2.1862367E+001, 1.3820429E+001, 1.0026617E+001, 6.7818860E+000, 6.0321349E+000, 5.9998712E+000, 3.8551829E+001, 5.9997840E+000, 1.6556759E+001, 5.9997295E+000, 8.1860721E+000, 5.9997210E+000, 5.9793833E+000, 1.6244177E+001, 6.1785375E+000, 5.9873424E+000
 3.7001104E+002, 2.2402778E+002, 2.2343223E+002, 2.2325145E+002, 2.2270854E+002, 2.2240728E+002, 2.2127879E+002, 2.2059281E+002, 2.1861299E+002, 2.1739756E+002, 2.1461082E+002, 2.1254537E+002, 1.2972652E+002, 3.6443434E+001, 2.1650710E+002, 1.8834847E+002, 1.5500866E+002, 6.1322492E+001, 7.8210413E+000, 7.3739768E+000, 1.8979092E-001, 1.3118846E-002, 3.4492585E-005, 6.1394655E+000, 8.2932616E+001, 7.2531123E+001, 4.7822253E+001, 3.1729922E+001, 2.2123511E+001, 1.5203824E+001, 1.0087887E+001, 6.6887746E+000, 6.0637762E+000, 5.9998716E+000, 4.1766018E+001, 5.9997865E+000, 1.6808916E+001, 5.9997319E+000, 8.4942625E+000, 5.9997241E+000, 5.9794398E+000, 1.6812803E+001, 6.2380505E+000, 5.9876319E+000
 3.8001032E+002, 2.2381362E+002, 2.2292106E+002, 2.2265023E+002, 2.2195319E+002, 2.2151907E+002, 2.2052832E+002, 2.1984982E+002, 2.1832957E+002, 2.1737658E+002, 2.1526010E+002, 2.1357789E+002, 1.2635816E+002, 3.6243455E+001, 2.1714098E+002, 1.8732293E+002, 1.5509000E+002, 5.5627788E+001, 8.7004275E+000, 7.3902758E+000, 1.9010582E-001, 1.2915946E-002, 3.3942762E-005, 6.1666787E+000, 8.3518610E+001, 7.2930294E+001, 4.7871931E+001, 3.4774233E+001, 2.2641134E+001, 1.4632034E+001, 1.0450677E+001, 6.9783743E+000, 6.0817474E+000, 5.9998739E+000, 4.2688552E+001, 5.9997872E+000, 1.7491527E+001, 5.9997347E+000, 8.9463290E+000, 5.9997282E+000, 5.9804212E+000, 1.8029466E+001, 6.2892988E+000, 5.9860225E+000
 3.9000451E+002, 2.2508075E+002, 2.2420276E+002, 2.2366433E+002, 2.2263364E+002, 2.2201725E+002, 2.2092162E+002, 2.2018050E+002, 2.1832922E+002, 2.1719086E+002, 2.1497108E+002, 2.1321896E+002, 1.4101639E+002, 3.7773988E+001, 2.1536107E+002, 1.8859237E+002, 1.5873749E+002, 5.7304199E+001, 8.5736757E+000, 7.3462350E+000, 1.9008758E-001, 1.2927697E-002, 3.3974605E-005, 6.1575436E+000, 8.2668310E+001, 7.3110018E+001, 5.0282073E+001, 3.4470863E+001, 2.3321900E+001, 1.4778038E+001, 1.0928108E+001, 7.2308408E+000, 6.0792375E+000, 5.9998763E+000, 4.4270208E+001, 5.9997912E+000, 1.8411866E+001, 5.9997404E+000, 9.4688539E+000, 5.9997338E+000, 5.9863165E+000, 1.8730541E+001, 6.4076121E+000, 5.9850574E+000
 4.0001071E+002, 2.2529022E+002, 2.2488153E+002, 2.2447019E+002, 2.2330408E+002, 2.2272604E+002, 2.2166887E+002, 2.2091248E+002, 2.1882297E+002, 2.1773831E+002, 2.1522581E+002, 2.1301807E+002, 1.3532684E+002, 3.7932671E+001, 2.1468667E+002, 1.9280753E+002, 1.6074562E+002, 6.4539985E+001, 8.9580070E+000, 7.3356384E+000, 1.8995008E-001, 1.3016290E-002, 3.4214677E-005, 6.1866917E+000, 8.2994927E+001, 7.1524705E+001, 5.2002866E+001, 3.4660159E+001, 2.4191242E+001, 1.5370573E+001, 1.1279847E+001, 7.3244557E+000, 6.1281654E+000, 5.9998779E+000, 4.5151329E+001, 5.9997991E+000, 1.8931557E+001, 5.9997473E+000, 9.9326096E+000, 5.9997406E+000, 6.0067214E+000, 1.9475691E+001, 6.4906552E+000, 5.9836441E+000
 4.1000156E+002, 2.2501650E+002, 2.2432031E+002, 2.2382285E+002, 2.2308885E+002, 2.2282612E+002, 2.2211933E+002, 2.2166604E+002, 2.1997821E+002, 2.1885663E+002, 2.1645711E+002, 2.1489902E+002, 1.3894540E+002, 3.7325780E+001, 2.1652305E+002, 1.9443897E+002, 1.6179027E+002, 6.1273288E+001, 8.8335919E+000, 7.4080797E+000, 1.8987078E-001, 1.3067386E-002, 3.4353139E-005, 6.1585798E+000, 8.4944606E+001, 7.1621684E+001, 5.3029577E+001, 3.5807312E+001, 2.6109103E+001, 1.5941482E+001, 1.1723889E+001, 7.5795275E+000, 6.2111220E+000, 5.9998802E+000, 4.5095762E+001, 5.9998075E+000, 1.9902697E+001, 5.9997561E+000, 1.0328751E+001, 5.9997477E+000, 6.0437714E+000, 2.0316522E+001, 6.4820939E+000, 5.9833643E+000
 4.2000817E+002, 2.3433081E+002, 2.3364988E+002, 2.3329302E+002, 2.3289295E+002, 2.3257160E+002, 2.3115635E+002, 2.3014040E+002, 2.2826097E+002, 2.2713079E+002, 2.2364954E+002, 2.2240885E+002, 1.7858515E+002, 4.4550537E+001, 2.2128549E+002, 1.9439560E+002, 1.7184284E+002, 6.4338785E+001, 8.6685722E+000, 7.5371580E+000, 1.8975841E-001, 1.3139796E-002, 3.4549356E-005, 6.1725327E+000, 8.4824735E+001, 7.2302355E+001, 5.0314189E+001, 3.5855376E+001, 2.6778118E+001, 1.6909213E+001, 1.2020730E+001, 7.8566727E+000, 6.1953943E+000, 5.9998801E+000, 4.5963039E+001, 5.9998126E+000, 2.0116625E+001, 5.9997597E+000, 1.0509707E+001, 5.9997511E+000, 6.1121031E+000, 2.0568621E+001, 6.7919214E+000, 5.9844509E+000
 4.3001571E+002, 2.5980096E+002, 2.5935434E+002, 2.5911689E+002, 2.5868888E+002, 2.5794303E+002, 2.5601311E+002, 2.5484792E+002, 2.5327414E+002, 2.5168065E+002, 2.4668700E+002, 2.4402298E+002, 2.1246735E+002, 5.4117353E+001, 2.3434088E+002, 2.0297075E+002, 1.9207789E+002, 7.2312322E+001, 1.0396304E+001, 7.7075751E+000, 1.8866617E-001, 1.3843562E-002, 3.6456437E-005, 6.1918643E+000, 8.6047959E+001, 7.2936784E+001, 5.1124163E+001, 3.7024524E+001, 2.7510449E+001, 1.8045150E+001, 1.2621819E+001, 8.4554836E+000, 6.1395305E+000, 5.9998772E+000, 4.6066478E+001, 5.9998137E+000, 2.1311356E+001, 5.9997583E+000, 1.0736175E+001, 5.9997516E+000, 6.1576958E+000, 2.0403240E+001, 6.8675240E+000, 5.9839629E+000
 4.4000006E+002, 2.9022840E+002, 2.8979862E+002, 2.8905794E+002, 2.8753791E+002, 2.8658204E+002, 2.8334109E+002, 2.8203037E+002, 2.7872116E+002, 2.7657332E+002, 2.7092679E+002, 2.6702128E+002, 2.4176727E+002, 6.5280977E+001, 2.6768757E+002, 2.2469388E+002, 2.1909307E+002, 7.7085130E+001, 1.3303867E+001, 8.0562373E+000, 1.8672775E-001, 1.5092555E-002, 3.9840982E-005, 6.2444560E+000, 9.0275319E+001, 7.7634227E+001, 5.1734485E+001, 3.8805963E+001, 2.7488762E+001, 1.7355560E+001, 1.3171065E+001, 8.6219157E+000, 6.2895808E+000, 5.9998665E+000, 4.7517249E+001, 5.9998073E+000, 2.1200161E+001, 5.9997505E+000, 1.0946954E+001, 5.9997497E+000, 6.1885642E+000, 2.1020169E+001, 6.9541843E+000, 5.9847987E+000
 4.5001160E+002, 3.2590942E+002, 3.2433311E+002, 3.2377389E+002, 3.2154710E+002, 3.2065955E+002, 3.1877338E+002, 3.1700886E+002, 3.1385488E+002, 3.1200171E+002, 3.0673178E+002, 3.0215002E+002, 2.7874625E+002, 7.9841698E+001, 3.0201910E+002, 2.5277881E+002, 2.4641029E+002, 8.5241894E+001, 1.6222773E+001, 8.4742279E+000, 1.8421350E-001, 1.6712576E-002, 4.4230947E-005, 6.3032153E+000, 9.9229510E+001, 8.2943342E+001, 5.3954973E+001, 3.9792679E+001, 2.8861101E+001, 1.8026784E+001, 1.2911142E+001, 8.3837587E+000, 6.3497443E+000, 5.9998513E+000, 4.9037299E+001, 5.9997974E+000, 2.1329558E+001, 5.9997408E+000, 1.0892121E+001, 5.9997441E+000, 6.2337084E+000, 2.1928671E+001, 7.1764829E+000, 5.9867743E+000
 4.6000879E+002, 3.6477320E+002, 3.6293590E+002, 3.6237648E+002, 3.6198402E+002, 3.6155473E+002, 3.5928750E+002, 3.5734071E+002, 3.5413625E+002, 3.5217818E+002, 3.4592467E+002, 3.4107959E+002, 3.2108783E+002, 9.7001968E+001, 3.3495129E+002, 2.8034596E+002, 2.7090979E+002, 9.6558252E+001, 2.5720670E+001, 8.9165759E+000, 1.8047080E-001, 1.9124130E-002, 5.0765827E-005, 6.3600061E+000, 1.1006317E+002, 9.1346309E+001, 5.7845871E+001, 4.0618987E+001, 2.9669050E+001, 1.9732387E+001, 1.3708898E+001, 8.5214797E+000, 6.4253355E+000, 5.9998370E+000, 4.9831494E+001, 5.9997801E+000, 2.1964384E+001, 5.9997261E+000, 1.1431611E+001, 5.9997385E+000, 6.3436623E+000, 2.2444880E+001, 7.2918900E+000, 5.9925639E+000
 4.7000718E+002, 3.9897157E+002, 3.9912793E+002, 3.9862424E+002, 3.9692378E+002, 3.9583578E+002, 3.9345308E+002, 3.9197613E+002, 3.8813739E+002, 3.8596144E+002, 3.7964460E+002, 3.7436815E+002, 3.4605417E+002, 1.1536482E+002, 3.7629911E+002, 3.0586020E+002, 2.9140341E+002, 1.1132024E+002, 3.2993932E+001, 9.4474751E+000, 1.7584916E-001, 2.2102018E-002, 5.8835369E-005, 6.4419944E+000, 1.2361018E+002, 1.0177936E+002, 6.2439067E+001, 4.1314520E+001, 2.9716933E+001, 2.0458508E+001, 1.4235245E+001, 9.2031845E+000, 6.5774353E+000, 5.9998224E+000, 5.2414656E+001, 5.9997609E+000, 2.2952871E+001, 5.9997086E+000, 1.1816098E+001, 5.9997270E+000, 6.4836721E+000, 2.2821385E+001, 7.4656237E+000, 6.0032771E+000
 4.8000539E+002, 4.2632765E+002, 4.2966576E+002, 4.2953125E+002, 4.2771746E+002, 4.2725352E+002, 4.2503430E+002, 4.2386392E+002, 4.2069066E+002, 4.1791566E+002, 4.1178276E+002, 4.0680691E+002, 3.7567428E+002, 1.3302432E+002, 4.0264420E+002, 3.3036897E+002, 3.2193239E+002, 1.2027790E+002, 3.8110147E+001, 1.0091484E+001, 1.6968037E-001, 2.6076784E-002, 6.9606270E-005, 6.5357523E+000, 1.3529493E+002, 1.0886790E+002, 6.8840190E+001, 4.4314321E+001, 3.0419336E+001, 2.0461922E+001, 1.4574464E+001, 9.5037624E+000, 6.8043484E+000, 5.9998086E+000, 5.5040583E+001, 5.9997446E+000, 2.3649541E+001, 5.9996923E+000, 1.2397445E+001, 5.9997126E+000, 6.5866631E+000, 2.3957326E+001, 7.4907325E+000, 6.0081406E+000
 4.9000055E+002, 4.6252336E+002, 4.6290315E+002, 4.6271016E+002, 4.6148007E+002, 4.6055164E+002, 4.5683012E+002, 4.5381592E+002, 4.4742564E+002, 4.4433483E+002, 4.3708264E+002, 4.3275687E+002, 4.1051090E+002, 1.6985335E+002, 4.4554921E+002, 3.5360647E+002, 3.4452597E+002, 1.3256266E+002, 4.4267773E+001, 1.0895397E+001, 1.6407421E-001, 2.9689034E-002, 7.9394819E-005, 6.6761725E+000, 1.4280461E+002, 1.1724243E+002, 7.1712787E+001, 4.7574618E+001, 3.2688118E+001, 2.0851094E+001, 1.5214563E+001, 9.9556132E+000, 6.8970016E+000, 5.9997942E+000, 6.0577770E+001, 5.9997277E+000, 2.4260108E+001, 5.9996696E+000, 1.3567363E+001, 5.9996896E+000, 6.6767227E+000, 2.4390205E+001, 7.6840938E+000, 6.0248303E+000
 5.0000656E+002, 4.9119534E+002, 4.8944489E+002, 4.8875941E+002, 4.8755931E+002, 4.8651611E+002, 4.8316866E+002, 4.8062978E+002, 4.7488381E+002, 4.7165745E+002, 4.6381551E+002, 4.5907368E+002, 4.4088539E+002, 2.2957604E+002, 4.9125162E+002, 3.6731523E+002, 3.7579319E+002, 1.4259402E+002, 4.4886358E+001, 1.1600363E+001, 1.5909256E-001, 3.2898890E-002, 8.8092953E-005, 6.7060796E+000, 1.5269664E+002, 1.2655068E+002, 7.8225417E+001, 5.0469670E+001, 3.3673003E+001, 2.2497785E+001, 1.5584086E+001, 1.0245326E+001, 7.0331105E+000, 5.9997860E+000, 6.5200598E+001, 5.9997071E+000, 2.4911942E+001, 5.9996425E+000, 1.4012826E+001, 5.9996693E+000, 6.8055627E+000, 2.5668845E+001, 7.7123953E+000, 6.0463450E+000
 5.1000055E+002, 5.1821987E+002, 5.1547848E+002, 5.1445939E+002, 5.1198783E+002, 5.1081405E+002, 5.0789671E+002, 5.0587712E+002, 5.0023884E+002, 4.9680294E+002, 4.8893180E+002, 4.8367378E+002, 4.6154310E+002, 3.0162950E+002, 5.3148592E+002, 3.9521550E+002, 3.9512090E+002, 1.5948092E+002, 5.7501313E+001, 1.2500933E+001, 1.5316346E-001, 3.6719220E-002, 9.8445361E-005, 6.8056704E+000, 1.6368285E+002, 1.3395514E+002, 8.5340222E+001, 5.4340693E+001, 3.5045017E+001, 2.4253352E+001, 1.6248015E+001, 1.0626797E+001, 7.3143461E+000, 5.9997853E+000, 7.0177868E+001, 5.9996726E+000, 2.7186826E+001, 5.9996101E+000, 1.3586273E+001, 5.9996482E+000, 6.8949924E+000, 2.7754102E+001, 7.8507793E+000, 6.0683549E+000
 5.2000842E+002, 5.5277918E+002, 5.5107642E+002, 5.5042763E+002, 5.4727833E+002, 5.4492916E+002, 5.3973195E+002, 5.3720508E+002, 5.3120328E+002, 5.2657204E+002, 5.1684417E+002, 5.1143643E+002, 4.8937452E+002, 3.2901300E+002, 5.6024233E+002, 4.0822292E+002, 4.0343014E+002, 1.7652784E+002, 5.9506074E+001, 1.3315152E+001, 1.4770030E-001, 4.0239326E-002, 1.0798421E-004, 6.9543587E+000, 1.7232277E+002, 1.4387712E+002, 8.9289685E+001, 5.5312012E+001, 3.8498381E+001, 2.5092998E+001, 1.7423952E+001, 1.0277174E+001, 7.3201841E+000, 5.9997959E+000, 7.6706681E+001, 5.9996451E+000, 2.8961400E+001, 5.9995847E+000, 1.4241819E+001, 5.9996254E+000, 7.0097121E+000, 3.0128858E+001, 7.8572957E+000, 6.1350027E+000
 5.3000653E+002, 6.1054809E+002, 6.0357022E+002, 6.0081261E+002, 5.9685049E+002, 5.9454335E+002, 5.8899916E+002, 5.8480397E+002, 5.7561123E+002, 5.6923629E+002, 5.5831954E+002, 5.5114395E+002, 5.2095793E+002, 2.7795521E+002, 5.8620078E+002, 4.1603164E+002, 4.2284093E+002, 1.9180009E+002, 5.6581298E+001, 1.4083576E+001, 1.4195394E-001, 4.3941908E-002, 1.1801755E-004, 7.1004513E+000, 1.8596779E+002, 1.4836499E+002, 9.3763807E+001, 6.0810307E+001, 4.1132735E+001, 2.6690302E+001, 1.7604643E+001, 1.1025061E+001, 7.5867658E+000, 5.9998088E+000, 8.1472132E+001, 5.9996225E+000, 3.0288073E+001, 5.9995617E+000, 1.4782869E+001, 5.9996039E+000, 7.0779322E+000, 3.1306989E+001, 8.0204926E+000, 6.1826301E+000
 5.4000950E+002, 6.5758574E+002, 6.5029519E+002, 6.4820025E+002, 6.4244380E+002, 6.3869414E+002, 6.3001957E+002, 6.2543563E+002, 6.1736204E+002, 6.1279065E+002, 5.9943006E+002, 5.9027052E+002, 5.4543760E+002, 2.8983945E+002, 6.2112782E+002, 4.3361146E+002, 4.3841926E+002, 2.0808504E+002, 6.7437508E+001, 1.5154998E+001, 1.3480865E-001, 4.8545875E-002, 1.3049347E-004, 7.1072879E+000, 1.8647814E+002, 1.5465935E+002, 1.0083752E+002, 6.6749413E+001, 4.4217729E+001, 2.7056266E+001, 1.8019121E+001, 1.0907806E+001, 7.9973553E+000, 5.9998280E+000, 8.4290786E+001, 5.9996099E+000, 3.1977254E+001, 5.9995405E+000, 1.5172627E+001, 5.9995876E+000, 7.2668828E+000, 3.3226255E+001, 8.3059506E+000, 6.2493444E+000
 5.5000099E+002, 6.8430820E+002, 6.7842839E+002, 6.7663575E+002, 6.7147631E+002, 6.6852253E+002, 6.6165405E+002, 6.5750791E+002, 6.4792691E+002, 6.4186674E+002, 6.2755419E+002, 6.1827951E+002, 5.6433890E+002, 3.3561705E+002, 6.7245509E+002, 4.5466975E+002, 4.5074903E+002, 2.2025787E+002, 7.2544214E+001, 1.6281024E+001, 1.2991458E-001, 5.1699296E-002, 1.3903868E-004, 7.2575530E+000, 1.9109494E+002, 1.5871100E+002, 1.0108733E+002, 6.9045936E+001, 4.5274397E+001, 2.8863812E+001, 1.8525722E+001, 1.0859431E+001, 8.2427639E+000, 5.9998412E+000, 8.7579419E+001, 5.9996015E+000, 3.4237214E+001, 5.9995166E+000, 1.5650500E+001, 5.9995693E+000, 7.3966604E+000, 3.4811506E+001, 8.3618020E+000, 6.3178789E+000
 5.6000989E+002, 6.9487929E+002, 6.9622559E+002, 6.9500408E+002, 6.9166520E+002, 6.8934218E+002, 6.8240797E+002, 6.7798971E+002, 6.6788847E+002, 6.6174671E+002, 6.4658476E+002, 6.3708178E+002, 5.9608267E+002, 3.4245501E+002, 6.6581889E+002, 4.5417057E+002, 4.4662397E+002, 2.3173779E+002, 6.1052180E+001, 1.7109186E+001, 1.2637698E-001, 5.3978701E-002, 1.4521545E-004, 7.2202208E+000, 1.9788239E+002, 1.6248607E+002, 1.0586237E+002, 7.3331829E+001, 4.6899750E+001, 2.9273246E+001, 2.0134621E+001, 1.1601981E+001, 8.3606900E+000, 5.9998766E+000, 9.0083894E+001, 5.9995964E+000, 3.6492681E+001, 5.9994977E+000, 1.5867790E+001, 5.9995530E+000, 7.5583194E+000, 3.6697525E+001, 8.6316649E+000, 6.3441251E+000
 5.7000158E+002, 6.9322035E+002, 6.9417264E+002, 6.9350937E+002, 6.9086995E+002, 6.8912085E+002, 6.8503457E+002, 6.8167323E+002, 6.7357509E+002, 6.6906061E+002, 6.5677119E+002, 6.4916059E+002, 6.1479876E+002, 3.4731324E+002, 6.5893630E+002, 4.6280476E+002, 4.3310101E+002, 2.3343199E+002, 5.9040463E+001, 1.7645216E+001, 1.2548832E-001, 5.4551295E-002, 1.4676708E-004, 7.2354434E+000, 1.9434753E+002, 1.6246698E+002, 1.1046726E+002, 7.6332354E+001, 5.1472495E+001, 3.1604796E+001, 2.1102015E+001, 1.2693523E+001, 8.3668375E+000, 5.9999181E+000, 9.1597660E+001, 5.9995987E+000, 3.7922772E+001, 5.9994871E+000, 1.6433821E+001, 5.9995515E+000, 7.6599187E+000, 3.7472171E+001, 8.7906519E+000, 6.3809557E+000
 5.8000971E+002, 7.1727820E+002, 7.1755942E+002, 7.1671479E+002, 7.1334618E+002, 7.1116236E+002, 7.0640751E+002, 7.0324031E+002, 6.9476198E+002, 6.8947314E+002, 6.7607970E+002, 6.6862364E+002, 6.3907093E+002, 4.1920851E+002, 6.6829825E+002, 4.7359048E+002, 4.5305354E+002, 2.4486152E+002, 6.6186113E+001, 1.8679088E+001, 1.2389867E-001, 5.5575565E-002, 1.4954267E-004, 7.3234271E+000, 1.9696511E+002, 1.6502477E+002, 1.1176877E+002, 7.5633420E+001, 5.1645837E+001, 3.4035395E+001, 2.2015676E+001, 1.3361450E+001, 8.5463575E+000, 5.9999620E+000, 9.4646066E+001, 5.9995797E+000, 3.9457048E+001, 5.9994619E+000, 1.7247175E+001, 5.9995399E+000, 7.7972797E+000, 3.8012126E+001, 8.9618532E+000, 6.3951844E+000
 5.9000684E+002, 7.6355654E+002, 7.5880938E+002, 7.5690289E+002, 7.5287620E+002, 7.5072714E+002, 7.4412133E+002, 7.3991050E+002, 7.2992156E+002, 7.2360420E+002, 7.0809917E+002, 6.9896195E+002, 6.6439725E+002, 4.7669415E+002, 7.0675615E+002, 5.0012050E+002, 4.4328194E+002, 2.6248401E+002, 7.3088279E+001, 1.9706373E+001, 1.2392360E-001, 5.5559502E-002, 1.4949914E-004, 7.3869569E+000, 2.0386216E+002, 1.6743897E+002, 1.1259162E+002, 7.6502552E+001, 5.3154300E+001, 3.4805543E+001, 2.2952567E+001, 1.3455745E+001, 8.7831868E+000, 6.0000104E+000, 9.6421261E+001, 5.9996060E+000, 4.2403182E+001, 5.9994627E+000, 1.8446455E+001, 5.9995290E+000, 8.0523524E+000, 3.8703575E+001, 9.2361660E+000, 6.4907173E+000
 6.0000019E+002, 8.0080513E+002, 7.9835086E+002, 7.9625361E+002, 7.9206421E+002, 7.8887939E+002, 7.8129912E+002, 7.7695461E+002, 7.6686104E+002, 7.6094909E+002, 7.4681561E+002, 7.3800608E+002, 7.0052390E+002, 4.9988442E+002, 7.1687082E+002, 5.2368831E+002, 4.7623950E+002, 2.6853793E+002, 8.1356642E+001, 2.1248366E+001, 1.1740414E-001, 5.9760218E-002, 1.6088233E-004, 7.5316332E+000, 2.0573509E+002, 1.7122416E+002, 1.1206510E+002, 7.7400276E+001, 5.5525060E+001, 3.6734624E+001, 2.3449211E+001, 1.3849741E+001, 9.2163367E+000, 6.0000573E+000, 9.9621003E+001, 5.9996579E+000, 4.4853984E+001, 5.9994856E+000, 1.9193106E+001, 5.9995238E+000, 8.1867263E+000, 4.1261488E+001, 9.4552182E+000, 6.5843020E+000
 6.1000731E+002, 8.3631207E+002, 8.2669419E+002, 8.2401251E+002, 8.1688084E+002, 8.1204133E+002, 8.0117072E+002, 7.9537818E+002, 7.8255642E+002, 7.7517631E+002, 7.5827657E+002, 7.4856497E+002, 7.0267259E+002, 4.8060305E+002, 7.4206756E+002, 5.2835266E+002, 4.8561328E+002, 3.0633181E+002, 9.9403022E+001, 2.3285738E+001, 1.1370880E-001, 6.2141256E-002, 1.6733451E-004, 7.5521571E+000, 2.1720549E+002, 1.7769952E+002, 1.1525500E+002, 8.4377622E+001, 5.7678931E+001, 3.7007225E+001, 2.5657885E+001, 1.3896047E+001, 9.5289714E+000, 6.0001029E+000, 1.0274556E+002, 5.9996412E+000, 4.5493227E+001, 5.9994574E+000, 2.0183818E+001, 5.9995071E+000, 8.7018677E+000, 4.1812603E+001, 9.9209769E+000, 6.5789128E+000
 6.2000330E+002, 8.9122654E+002, 8.8043345E+002, 8.7735828E+002, 8.7040389E+002, 8.6579930E+002, 8.5278183E+002, 8.4537559E+002, 8.2783212E+002, 8.1765880E+002, 7.9885194E+002, 7.8874827E+002, 7.3018889E+002, 5.0201026E+002, 7.7699217E+002, 5.7536705E+002, 5.2322305E+002, 3.1226325E+002, 8.1460096E+001, 2.5468938E+001, 1.1349370E-001, 6.2279858E-002, 1.6771010E-004, 7.6687363E+000, 2.2691857E+002, 1.8179886E+002, 1.2159056E+002, 8.4379746E+001, 5.8812857E+001, 3.9653847E+001, 2.6205497E+001, 1.4563370E+001, 9.5661129E+000, 6.0001740E+000, 1.0106839E+002, 5.9995620E+000, 4.6836208E+001, 5.9994035E+000, 2.0508596E+001, 5.9994903E+000, 8.7439898E+000, 4.3845553E+001, 1.0226526E+001, 6.5576274E+000
 6.3000476E+002, 8.7603505E+002, 8.7128579E+002, 8.6896924E+002, 8.6407902E+002, 8.6010694E+002, 8.5124239E+002, 8.4500053E+002, 8.3226313E+002, 8.2374695E+002, 8.0489981E+002, 7.9563536E+002, 7.5259458E+002, 5.6651619E+002, 7.7695408E+002, 6.6861004E+002, 5.4169912E+002, 3.2493350E+002, 7.6628272E+001, 3.0288638E+001, 1.1964441E-001, 5.8316731E-002, 1.5697074E-004, 7.8646393E+000, 2.3023998E+002, 1.8464484E+002, 1.2453386E+002, 8.4865175E+001, 5.8860397E+001, 4.0002100E+001, 2.7303007E+001, 1.5843827E+001, 9.9145360E+000, 6.0002538E+000, 1.0649304E+002, 5.9995420E+000, 4.7949293E+001, 5.9993833E+000, 2.2180387E+001, 5.9994859E+000, 8.9553744E+000, 4.4144173E+001, 1.0769411E+001, 6.6734688E+000
 6.4000085E+002, 8.7656138E+002, 8.7587937E+002, 8.7533668E+002, 8.7365125E+002, 8.7115709E+002, 8.6469806E+002, 8.6074075E+002, 8.5202797E+002, 8.4604779E+002, 8.2839226E+002, 8.1705499E+002, 7.8644692E+002, 5.8528689E+002, 7.5211286E+002, 7.5455897E+002, 6.2315143E+002, 3.3860343E+002, 9.5563964E+001, 3.8238662E+001, 1.1965309E-001, 5.8311135E-002, 1.5695557E-004, 8.3975045E+000, 2.4728229E+002, 1.9533656E+002, 1.2773236E+002, 8.7786133E+001, 6.1024362E+001, 4.0629767E+001, 2.9196304E+001, 1.5906414E+001, 1.0208278E+001, 6.0003149E+000, 1.0857977E+002, 5.9995368E+000, 4.9575494E+001, 5.9993629E+000, 2.2482729E+001, 5.9994780E+000, 9.2838866E+000, 4.4818785E+001, 1.0786407E+001, 6.7760162E+000
 6.5000722E+002, 9.3187012E+002, 9.3570789E+002, 9.3427883E+002, 9.3186456E+002, 9.3013709E+002, 9.1793009E+002, 9.1264508E+002, 8.9921148E+002, 8.8946574E+002, 8.7039035E+002, 8.6136738E+002, 8.2091351E+002, 5.6436336E+002, 7.6059150E+002, 7.0391494E+002, 6.2951190E+002, 3.3138835E+002, 1.0580980E+002, 3.9244742E+001, 1.1679564E-001, 6.0152292E-002, 1.6194478E-004, 8.4248679E+000, 2.5217499E+002, 2.0417740E+002, 1.3467968E+002, 9.1474657E+001, 6.2802911E+001, 4.2554645E+001, 2.9204963E+001, 1.7258621E+001, 1.0363065E+001, 6.0003997E+000, 1.1274637E+002, 5.9995545E+000, 4.9830851E+001, 5.9993640E+000, 2.2992755E+001, 5.9994717E+000, 9.3705127E+000, 4.6844905E+001, 1.1015338E+001, 6.9712472E+000
 6.6000177E+002, 9.7851940E+002, 9.7107527E+002, 9.6730527E+002, 9.6199123E+002, 9.6153851E+002, 9.5536667E+002, 9.5186552E+002, 9.4357160E+002, 9.3763147E+002, 9.3233812E+002, 9.2965834E+002, 8.5121270E+002, 6.1945538E+002, 7.7222079E+002, 6.6246319E+002, 5.8640764E+002, 3.7360307E+002, 1.1879749E+002, 3.8266094E+001, 1.1345881E-001, 6.2302331E-002, 1.6777100E-004, 8.5178868E+000, 2.4929791E+002, 2.0286081E+002, 1.3956996E+002, 9.4485735E+001, 6.5139952E+001, 4.1974648E+001, 2.9448727E+001, 1.7794925E+001, 1.1084581E+001, 6.0004888E+000, 1.1999496E+002, 5.9995791E+000, 5.0537566E+001, 5.9993716E+000, 2.3901994E+001, 5.9994537E+000, 9.8024362E+000, 4.8350309E+001, 1.0972955E+001, 7.2295330E+000
 6.7000724E+002, 9.9758599E+002, 1.0044295E+003, 1.0006681E+003, 9.8296454E+002, 9.7813083E+002, 9.6645129E+002, 9.5786891E+002, 9.4013357E+002, 9.2940398E+002, 9.0025451E+002, 8.7599241E+002, 7.6282504E+002, 5.8883661E+002, 7.8607891E+002, 7.7500017E+002, 7.1180199E+002, 4.5389183E+002, 1.3724590E+002, 4.3781853E+001, 1.0096380E-001, 7.0352952E-002, 1.8958673E-004, 8.8087922E+000, 2.6323419E+002, 2.0609437E+002, 1.4167336E+002, 9.8377185E+001, 6.8638111E+001, 4.4281821E+001, 3.0758342E+001, 1.7830532E+001, 1.1450550E+001, 6.0006055E+000, 1.2012736E+002, 5.9996124E+000, 5.1741258E+001, 5.9993768E+000, 2.5378277E+001, 5.9994354E+000, 1.0040795E+001, 4.8795010E+001, 1.1299149E+001, 7.1741001E+000
 6.8000269E+002, 1.0041752E+003, 1.0107430E+003, 1.0097631E+003, 1.0081207E+003, 1.0010533E+003, 9.7792633E+002, 9.6658072E+002, 9.4796501E+002, 9.4122857E+002, 9.2351684E+002, 9.0857572E+002, 8.2035534E+002, 5.8071567E+002, 7.6273735E+002, 7.9352641E+002, 6.8363062E+002, 3.9307850E+002, 1.1290281E+002, 4.6761891E+001, 9.7689604E-002, 7.2462522E-002, 1.9530329E-004, 9.0780029E+000, 2.8038119E+002, 2.2202117E+002, 1.4373483E+002, 1.0067834E+002, 6.8902669E+001, 4.4992659E+001, 3.0917858E+001, 1.8735856E+001, 1.1354766E+001, 6.0009834E+000, 1.2273979E+002, 5.9996346E+000, 5.4178358E+001, 5.9993777E+000, 2.5126950E+001, 5.9994213E+000, 1.0349479E+001, 5.1016572E+001, 1.1780300E+001, 7.1851879E+000
 6.9000556E+002, 1.0107822E+003, 1.0244092E+003, 1.0288776E+003, 1.0266748E+003, 1.0198611E+003, 9.9284622E+002, 9.7660152E+002, 9.4616287E+002, 9.3197324E+002, 8.9735396E+002, 8.8113674E+002, 7.7772763E+002, 6.3304916E+002, 7.8047330E+002, 7.7141461E+002, 7.1097117E+002, 4.3745684E+002, 1.2812115E+002, 4.9037889E+001, 8.3925596E-002, 8.1327398E-002, 2.1932554E-004, 9.1978406E+000, 2.8873738E+002, 2.2103093E+002, 1.5076095E+002, 1.0351630E+002, 7.1012504E+001, 4.8845790E+001, 3.1876099E+001, 1.8145040E+001, 1.1823529E+001, 6.0026009E+000, 1.2616767E+002, 5.9996562E+000, 5.6407971E+001, 5.9993774E+000, 2.5797531E+001, 5.9994094E+000, 1.0509664E+001, 5.2351337E+001, 1.1999351E+001, 7.3031395E+000
 7.0000629E+002, 9.2633385E+002, 9.2840291E+002, 9.2758725E+002, 9.2551384E+002, 9.2498011E+002, 9.1960799E+002, 9.1266967E+002, 8.9796069E+002, 8.9157194E+002, 8.7773524E+002, 8.6320466E+002, 8.0088308E+002, 6.0381725E+002, 7.7507588E+002, 7.8360759E+002, 7.9825970E+002, 4.7049010E+002, 1.5322728E+002, 5.5652287E+001, 6.9100258E-002, 9.0874075E-002, 2.4519537E-004, 9.9666803E+000, 3.0294639E+002, 2.3253792E+002, 1.4992029E+002, 1.0627158E+002, 7.3685574E+001, 4.9376294E+001, 3.2829522E+001, 1.8810737E+001, 1.2042504E+001, 6.0051636E+000, 1.3174378E+002, 5.9996742E+000, 5.7947613E+001, 5.9993732E+000, 2.6846980E+001, 5.9993922E+000, 1.1090571E+001, 5.3071662E+001, 1.2346720E+001, 7.3791399E+000
 7.1000324E+002, 8.9901388E+002, 8.9481252E+002, 8.9293849E+002, 8.8892285E+002, 8.8620863E+002, 8.7935422E+002, 8.7562664E+002, 8.6765062E+002, 8.6264679E+002, 8.4940201E+002, 8.4081152E+002, 8.1140965E+002, 6.7130811E+002, 7.9514504E+002, 7.8668220E+002, 8.4211998E+002, 5.7004962E+002, 1.9145557E+002, 6.4921304E+001, 4.5048070E-002, 1.0634207E-001, 2.8711109E-004, 1.1252750E+001, 3.7468248E+002, 2.6421322E+002, 1.5820412E+002, 1.0861250E+002, 7.5565458E+001, 5.0132051E+001, 3.4071260E+001, 1.8840813E+001, 1.2228822E+001, 6.0074292E+000, 1.3354872E+002, 5.9996768E+000, 5.9722895E+001, 5.9993486E+000, 2.8349867E+001, 5.9993673E+000, 1.1409944E+001, 5.4840110E+001, 1.2480893E+001, 7.5156990E+000
 7.2000035E+002, 8.8107060E+002, 8.7970255E+002, 8.7836293E+002, 8.7471197E+002, 8.7265121E+002, 8.6851177E+002, 8.6552470E+002, 8.5824018E+002, 8.5348274E+002, 8.4111939E+002, 8.3268794E+002, 8.0648554E+002, 6.8852050E+002, 7.9246265E+002, 7.5918100E+002, 8.1848264E+002, 4.9332510E+002, 1.4772035E+002, 6.4887037E+001, 4.7132786E-002, 1.0501321E-001, 2.8351000E-004, 1.1217382E+001, 3.6199896E+002, 2.7693733E+002, 1.7695164E+002, 1.1667624E+002, 7.8038228E+001, 5.1331763E+001, 3.5255488E+001, 1.9399734E+001, 1.2712019E+001, 6.0091284E+000, 1.4326952E+002, 5.9996791E+000, 6.1372917E+001, 5.9993409E+000, 2.9257063E+001, 5.9993542E+000, 1.1341471E+001, 5.6495449E+001, 1.2483223E+001, 7.6708136E+000
 7.3000315E+002, 8.7476197E+002, 8.7130466E+002, 8.6994539E+002, 8.6644707E+002, 8.6429916E+002, 8.5912950E+002, 8.5596093E+002, 8.4801790E+002, 8.4305143E+002, 8.3234872E+002, 8.2810152E+002, 7.9570021E+002, 6.8102833E+002, 8.1206638E+002, 7.9057039E+002, 8.0850591E+002, 5.0261382E+002, 1.4430267E+002, 6.3775458E+001, 6.6156532E-002, 9.2768151E-002, 2.5032799E-004, 1.0891433E+001, 3.3931589E+002, 2.6316775E+002, 1.8309411E+002, 1.2520192E+002, 8.0833938E+001, 5.0477780E+001, 3.6385276E+001, 2.0178075E+001, 1.2800576E+001, 6.0107665E+000, 1.5069948E+002, 5.9997052E+000, 6.2434506E+001, 5.9993504E+000, 2.8873095E+001, 5.9993664E+000, 1.1425987E+001, 5.7869897E+001, 1.2987488E+001, 7.8773405E+000
 7.4000213E+002, 8.6549609E+002, 8.6128944E+002, 8.5970527E+002, 8.5610729E+002, 8.5398430E+002, 8.4886768E+002, 8.4582711E+002, 8.3838602E+002, 8.3370806E+002, 8.2183810E+002, 8.1682516E+002, 8.0456500E+002, 6.7489730E+002, 8.0650238E+002, 7.4367260E+002, 7.9196017E+002, 5.0285093E+002, 1.3707975E+002, 6.2087654E+001, 6.7977775E-002, 9.1594684E-002, 2.4714811E-004, 1.0454013E+001, 3.3049016E+002, 2.5102113E+002, 1.7879059E+002, 1.2508354E+002, 8.7519301E+001, 5.2903481E+001, 3.7504812E+001, 2.1511996E+001, 1.3176727E+001, 6.0126737E+000, 1.5141861E+002, 5.9997425E+000, 6.4411573E+001, 5.9993662E+000, 2.9371697E+001, 5.9993655E+000, 1.1839484E+001, 5.9595338E+001, 1.3129696E+001, 7.7320319E+000
 7.5000255E+002, 8.9715930E+002, 8.9129838E+002, 8.8979250E+002, 8.8558048E+002, 8.8180312E+002, 8.7359245E+002, 8.6980303E+002, 8.6129147E+002, 8.5616432E+002, 8.4237739E+002, 8.3375524E+002, 7.9730430E+002, 6.3700113E+002, 8.0758472E+002, 7.1336127E+002, 7.3453221E+002, 4.5952814E+002, 1.3219821E+002, 5.7362176E+001, 6.9326166E-002, 9.0733061E-002, 2.4481321E-004, 1.0460242E+001, 3.2658593E+002, 2.5538963E+002, 1.7681872E+002, 1.2424327E+002, 8.8710000E+001, 5.5092844E+001, 3.8408038E+001, 2.1707388E+001, 1.4200191E+001, 6.0144765E+000, 1.4908250E+002, 5.9997912E+000, 6.8268522E+001, 5.9993673E+000, 3.0512064E+001, 5.9993497E+000, 1.2112130E+001, 6.2193732E+001, 1.3698504E+001, 7.8979647E+000
 7.6000635E+002, 9.0014598E+002, 8.9797176E+002, 8.9701927E+002, 8.9317999E+002, 8.9023478E+002, 8.8303908E+002, 8.7913708E+002, 8.6866339E+002, 8.6226260E+002, 8.4589502E+002, 8.3748630E+002, 8.0565058E+002, 5.8459920E+002, 8.0621745E+002, 7.3185321E+002, 7.1993753E+002, 4.0560831E+002, 9.8384075E+001, 5.1312893E+001, 7.9806000E-002, 8.3982317E-002, 2.2651989E-004, 9.6201414E+000, 2.9208759E+002, 2.4013602E+002, 1.8086291E+002, 1.2561860E+002, 8.8004591E+001, 5.7186690E+001, 3.9909586E+001, 2.1394823E+001, 1.4078820E+001, 6.0163031E+000, 1.4758745E+002, 5.9998964E+000, 6.9132605E+001, 5.9994102E+000, 3.0739489E+001, 5.9993879E+000, 1.2240413E+001, 6.1837537E+001, 1.3664693E+001, 8.0786351E+000
 7.7000834E+002, 9.1834466E+002, 9.0896750E+002, 9.0633309E+002, 9.0016827E+002, 8.9714319E+002, 8.8750529E+002, 8.8208249E+002, 8.6875519E+002, 8.6140336E+002, 8.4284150E+002, 8.3718069E+002, 7.1500139E+002, 5.0037850E+002, 7.8730863E+002, 6.9035208E+002, 6.0239450E+002, 3.6827267E+002, 8.4586100E+001, 4.4041940E+001, 1.0292968E-001, 6.9084769E-002, 1.8615020E-004, 9.1768483E+000, 2.6439613E+002, 2.2270709E+002, 1.7512825E+002, 1.2172536E+002, 8.6858979E+001, 6.0006478E+001, 4.0976897E+001, 2.2219429E+001, 1.4242114E+001, 6.0183273E+000, 1.4321571E+002, 6.0000294E+000, 7.2178981E+001, 5.9994649E+000, 3.2431150E+001, 5.9994181E+000, 1.2314245E+001, 6.2516821E+001, 1.4230040E+001, 8.2675956E+000
 7.8000330E+002, 8.2636174E+002, 8.2076415E+002, 8.1868377E+002, 8.1337659E+002, 8.1011377E+002, 8.0205708E+002, 7.9729386E+002, 7.8512932E+002, 7.7694976E+002, 7.5546502E+002, 7.3998462E+002, 5.4268925E+002, 3.9570109E+002, 7.2954277E+002, 5.7538706E+002, 4.7726007E+002, 2.5317587E+002, 4.9283088E+001, 3.3781838E+001, 1.3763608E-001, 4.6724060E-002, 1.2555668E-004, 8.1919028E+000, 2.1904659E+002, 1.9723118E+002, 1.6325224E+002, 1.2209094E+002, 8.8314029E+001, 6.0361979E+001, 4.2122222E+001, 2.2176954E+001, 1.4180738E+001, 6.0205894E+000, 1.3655281E+002, 6.0001689E+000, 7.1641780E+001, 5.9995436E+000, 3.2806423E+001, 5.9994722E+000, 1.3122511E+001, 6.2666330E+001, 1.4601433E+001, 8.4480633E+000
 7.9000886E+002, 7.3690314E+002, 7.3176528E+002, 7.2972412E+002, 7.2481148E+002, 7.2174307E+002, 7.1423410E+002, 7.0962566E+002, 6.9798997E+002, 6.9039097E+002, 6.7177726E+002, 6.5819346E+002, 4.8541876E+002, 3.3361736E+002, 6.7309126E+002, 5.3757217E+002, 4.4417578E+002, 2.0538774E+002, 4.5035506E+001, 2.8316532E+001, 1.4971391E-001, 3.8941886E-002, 1.0446839E-004, 7.8346440E+000, 1.8415499E+002, 1.6811266E+002, 1.4838430E+002, 1.1306971E+002, 8.7427672E+001, 5.7812634E+001, 4.1862446E+001, 2.3339541E+001, 1.4452346E+001, 6.0234774E+000, 1.2682244E+002, 6.0003257E+000, 7.1250949E+001, 5.9996319E+000, 3.3556667E+001, 5.9995143E+000, 1.3098839E+001, 6.0226563E+001, 1.4845408E+001, 8.6244082E+000
 8.0000689E+002, 6.9005230E+002, 6.8551248E+002, 6.8394384E+002, 6.8001479E+002, 6.7763791E+002, 6.7187574E+002, 6.6845611E+002, 6.6040138E+002, 6.5530432E+002, 6.4203843E+002, 6.3129733E+002, 4.5588569E+002, 3.0749552E+002, 6.3280799E+002, 5.0033339E+002, 4.0991569E+002, 1.9683324E+002, 4.2702972E+001, 2.5090965E+001, 1.4908997E-001, 3.9343910E-002, 1.0555780E-004, 7.7683643E+000, 1.7402129E+002, 1.5721293E+002, 1.3577050E+002, 1.0678243E+002, 8.5317305E+001, 6.0729474E+001, 4.3174416E+001, 2.3954831E+001, 1.5754359E+001, 6.0262123E+000, 1.1601476E+002, 6.0004388E+000, 7.0881475E+001, 5.9996913E+000, 3.3178070E+001, 5.9995690E+000, 1.3355998E+001, 5.7867407E+001, 1.5040149E+001, 8.4319148E+000
 8.1000527E+002, 6.6046456E+002, 6.5583286E+002, 6.5422506E+002, 6.5029652E+002, 6.4811616E+002, 6.4238217E+002, 6.3893844E+002, 6.3168112E+002, 6.2733292E+002, 6.1656941E+002, 6.0828280E+002, 4.5042067E+002, 2.7996268E+002, 6.0232622E+002, 4.8250151E+002, 3.8167104E+002, 1.8207474E+002, 3.8998062E+001, 2.3020498E+001, 1.5560492E-001, 3.5146099E-002, 9.4182484E-005, 7.7940082E+000, 1.8015585E+002, 1.5062331E+002, 1.2705030E+002, 9.9772803E+001, 8.3229953E+001, 6.1022072E+001, 4.0804460E+001, 2.5685703E+001, 1.5671844E+001, 6.0288484E+000, 1.0917783E+002, 6.0005410E+000, 6.8940023E+001, 5.9997405E+000, 3.3061346E+001, 5.9996032E+000, 1.3608347E+001, 5.5341583E+001, 1.5498031E+001, 8.5761001E+000
 8.2000832E+002, 6.3436461E+002, 6.3050980E+002, 6.2924750E+002, 6.2607814E+002, 6.2423294E+002, 6.1965495E+002, 6.1666163E+002, 6.0919647E+002, 6.0448030E+002, 5.9380164E+002, 5.8704721E+002, 4.3123330E+002, 2.6172257E+002, 5.7872377E+002, 4.7100524E+002, 3.7292915E+002, 1.8440888E+002, 3.4059912E+001, 2.1651744E+001, 1.5897749E-001, 3.2973035E-002, 8.8293871E-005, 7.8377519E+000, 1.7904330E+002, 1.5174334E+002, 1.2511631E+002, 9.3648296E+001, 8.1506839E+001, 5.7888462E+001, 4.0354509E+001, 2.4420691E+001, 1.6525821E+001, 6.0317948E+000, 1.0563452E+002, 6.0006162E+000, 6.5018617E+001, 5.9997765E+000, 3.4103417E+001, 5.9996353E+000, 1.3902324E+001, 5.2808212E+001, 1.5808389E+001, 8.5948784E+000
 8.3000339E+002, 6.1557980E+002, 6.1212053E+002, 6.1085236E+002, 6.0760175E+002, 6.0533782E+002, 6.0023588E+002, 5.9709801E+002, 5.8996011E+002, 5.8584297E+002, 5.7532703E+002, 5.6812360E+002, 4.2754252E+002, 2.4770386E+002, 5.5984435E+002, 4.5875161E+002, 3.6254989E+002, 1.8047495E+002, 3.1739872E+001, 2.0516591E+001, 1.6242977E-001, 3.0748609E-002, 8.2266076E-005, 7.6048704E+000, 1.7756963E+002, 1.5220155E+002, 1.2373474E+002, 9.0556755E+001, 7.7974967E+001, 5.7694778E+001, 4.1536195E+001, 2.5529810E+001, 1.6969231E+001, 6.0356933E+000, 1.0365480E+002, 6.0006869E+000, 6.2123578E+001, 5.9998140E+000, 3.4426993E+001, 5.9996554E+000, 1.3608077E+001, 5.2324768E+001, 1.5783628E+001, 8.6454926E+000
 8.4000993E+002, 5.9776216E+002, 5.9418602E+002, 5.9277574E+002, 5.8975410E+002, 5.8804560E+002, 5.8359398E+002, 5.8061220E+002, 5.7460590E+002, 5.7098425E+002, 5.6035262E+002, 5.5246570E+002, 4.2274865E+002, 2.3476160E+002, 5.4354519E+002, 4.4539823E+002, 3.5963297E+002, 1.7126970E+002, 3.1394176E+001, 1.9674036E+001, 1.6552906E-001, 2.8751623E-002, 7.6854603E-005, 7.5250527E+000, 1.7249031E+002, 1.4753419E+002, 1.2449561E+002, 8.9815238E+001, 7.3943331E+001, 5.5198847E+001, 4.1144208E+001, 2.5457130E+001, 1.6561156E+001, 6.0397024E+000, 1.0361721E+002, 6.0007969E+000, 6.0640330E+001, 5.9998574E+000, 3.3577556E+001, 5.9996741E+000, 1.4275916E+001, 5.0541129E+001, 1.5603504E+001, 8.9106298E+000
 8.5000584E+002, 5.8357165E+002, 5.8027126E+002, 5.7882321E+002, 5.7593993E+002, 5.7414442E+002, 5.6991280E+002, 5.6723601E+002, 5.6077047E+002, 5.5742124E+002, 5.4827336E+002, 5.4144665E+002, 4.0383617E+002, 2.2779371E+002, 5.3142042E+002, 4.4164785E+002, 3.4411173E+002, 1.6101631E+002, 2.7626631E+001, 1.8806225E+001, 1.6645663E-001, 2.8153960E-002, 7.5235043E-005, 7.6057671E+000, 1.6996779E+002, 1.4825870E+002, 1.1951549E+002, 8.7969767E+001, 7.2653493E+001, 5.5510287E+001, 4.0584918E+001, 2.4355267E+001, 1.7040846E+001, 6.0436583E+000, 1.0287713E+002, 6.0010293E+000, 5.9849636E+001, 5.9999047E+000, 3.3565988E+001, 5.9996939E+000, 1.4876364E+001, 4.9437433E+001, 1.5498380E+001, 8.9928307E+000
 8.6000441E+002, 5.6965372E+002, 5.6640666E+002, 5.6513030E+002, 5.6234701E+002, 5.6055545E+002, 5.5672260E+002, 5.5445016E+002, 5.4821661E+002, 5.4386534E+002, 5.3386432E+002, 5.2709606E+002, 3.9877243E+002, 2.1867506E+002, 5.1976552E+002, 4.3374800E+002, 3.3186507E+002, 1.6253044E+002, 2.5172681E+001, 1.8583165E+001, 1.6691999E-001, 2.7855400E-002, 7.4425999E-005, 7.6255191E+000, 1.6816223E+002, 1.4796955E+002, 1.2055531E+002, 8.8972648E+001, 7.1339924E+001, 5.4014894E+001, 4.0981032E+001, 2.4584314E+001, 1.7185374E+001, 6.0482833E+000, 1.0315633E+002, 6.0019462E+000, 5.9587589E+001, 5.9999407E+000, 3.3821510E+001, 5.9997064E+000, 1.5252345E+001, 4.9063310E+001, 1.6316032E+001, 8.8888615E+000
 8.7000954E+002, 5.5637384E+002, 5.5371025E+002, 5.5233876E+002, 5.4908812E+002, 5.4738207E+002, 5.4353413E+002, 5.4113083E+002, 5.3496345E+002, 5.3105780E+002, 5.2162720E+002, 5.1602451E+002, 3.7500655E+002, 2.0939950E+002, 5.0978832E+002, 4.2705965E+002, 3.3458205E+002, 1.5989168E+002, 2.8514342E+001, 1.7775584E+001, 1.6680349E-001, 2.7930464E-002, 7.4629409E-005, 7.6185111E+000, 1.6506229E+002, 1.4619755E+002, 1.1833291E+002, 8.8562494E+001, 7.2155491E+001, 5.3438297E+001, 4.0433269E+001, 2.4559810E+001, 1.7037061E+001, 6.0531965E+000, 1.0321559E+002, 6.0038346E+000, 5.9554101E+001, 5.9999832E+000, 3.3726922E+001, 5.9997258E+000, 1.4967052E+001, 4.8475619E+001, 1.6256712E+001, 8.9780967E+000
 8.8000839E+002, 5.4598344E+002, 5.4318144E+002, 5.4206600E+002, 5.3958184E+002, 5.3807298E+002, 5.3400092E+002, 5.3145463E+002, 5.2505904E+002, 5.2105804E+002, 5.1083276E+002, 5.0415226E+002, 3.7489842E+002, 2.0422556E+002, 5.0107268E+002, 4.2568978E+002, 3.3710686E+002, 1.5983098E+002, 2.7154913E+001, 1.7603410E+001, 1.6624488E-001, 2.8290393E-002, 7.5604753E-005, 7.5532458E+000, 1.6817350E+002, 1.4503249E+002, 1.1687154E+002, 8.7824242E+001, 7.0059274E+001, 5.2440374E+001, 4.0000112E+001, 2.5174167E+001, 1.7179697E+001, 6.0582611E+000, 1.0259863E+002, 6.0060826E+000, 5.8845974E+001, 6.0000260E+000, 3.2854604E+001, 5.9997458E+000, 1.4787327E+001, 4.7580379E+001, 1.6042331E+001, 9.2934266E+000
 8.9000837E+002, 5.3668791E+002, 5.3383591E+002, 5.3282716E+002, 5.3004880E+002, 5.2846921E+002, 5.2482465E+002, 5.2261300E+002, 5.1694386E+002, 5.1305978E+002, 5.0402365E+002, 4.9729619E+002, 3.7061477E+002, 1.9775324E+002, 4.9175613E+002, 4.1770409E+002, 3.2409622E+002, 1.6060854E+002, 2.4831141E+001, 1.7300212E+001, 1.6567347E-001, 2.8658577E-002, 7.6602464E-005, 7.5703374E+000, 1.6174625E+002, 1.4345434E+002, 1.1493339E+002, 8.6889643E+001, 7.0117023E+001, 5.2335398E+001, 3.9574661E+001, 2.4048633E+001, 1.6751608E+001, 6.0621921E+000, 1.0010173E+002, 6.0081175E+000, 5.9573091E+001, 6.0000783E+000, 3.2489178E+001, 5.9997527E+000, 1.4786838E+001, 4.7998956E+001, 1.5943216E+001, 9.1983577E+000
 9.0000617E+002, 5.2761346E+002, 5.2504229E+002, 5.2436072E+002, 5.2220677E+002, 5.2086610E+002, 5.1774584E+002, 5.1570115E+002, 5.1024515E+002, 5.0641007E+002, 4.9706921E+002, 4.9045318E+002, 3.5071324E+002, 1.8697954E+002, 4.8308622E+002, 4.1538037E+002, 3.1143674E+002, 1.5591506E+002, 2.5357762E+001, 1.6760174E+001, 1.6436777E-001, 2.9499882E-002, 7.8882250E-005, 7.5853672E+000, 1.5660772E+002, 1.4243806E+002, 1.1655460E+002, 8.6849607E+001, 7.0890462E+001, 5.3871533E+001, 3.8593831E+001, 2.4196020E+001, 1.6656680E+001, 6.0658215E+000, 9.8795613E+001, 6.0096780E+000, 5.9016086E+001, 6.0001272E+000, 3.2271788E+001, 5.9997602E+000, 1.5145637E+001, 4.7095974E+001, 1.6135294E+001, 9.3252094E+000
 9.1000375E+002, 5.1911684E+002, 5.1687163E+002, 5.1582263E+002, 5.1323244E+002, 5.1180206E+002, 5.0834474E+002, 5.0618653E+002, 5.0125005E+002, 4.9800060E+002, 4.8875340E+002, 4.8315267E+002, 3.6015483E+002, 1.8134551E+002, 4.7478892E+002, 4.0834764E+002, 3.0927859E+002, 1.4497518E+002, 2.6256553E+001, 1.6383003E+001, 1.6530798E-001, 2.8894073E-002, 7.7240618E-005, 7.5301403E+000, 1.6236028E+002, 1.3903666E+002, 1.1403912E+002, 8.5494074E+001, 6.9869002E+001, 5.1475205E+001, 3.8641505E+001, 2.3778904E+001, 1.6914744E+001, 6.0709907E+000, 9.8701010E+001, 6.0111009E+000, 5.6493784E+001, 6.0001736E+000, 3.2190624E+001, 5.9997642E+000, 1.5144240E+001, 4.6835441E+001, 1.5970979E+001, 9.3212727E+000
 9.2000551E+002, 5.1015727E+002, 5.0720185E+002, 5.0630201E+002, 5.0416503E+002, 5.0276203E+002, 4.9924607E+002, 4.9714971E+002, 4.9119312E+002, 4.8759952E+002, 4.7863519E+002, 4.7277517E+002, 3.4202710E+002, 1.7664390E+002, 4.6549632E+002, 4.0677866E+002, 3.1281911E+002, 1.4442298E+002, 2.1251106E+001, 1.5955927E+001, 1.6662932E-001, 2.8042685E-002, 7.4933508E-005, 7.5063066E+000, 1.5470039E+002, 1.4037176E+002, 1.1074424E+002, 8.6866892E+001, 7.0274076E+001, 5.1531425E+001, 3.8524326E+001, 2.3874643E+001, 1.6800725E+001, 6.0770285E+000, 9.7234817E+001, 6.0125113E+000, 5.5817359E+001, 6.0002186E+000, 3.1440500E+001, 5.9997851E+000, 1.5007311E+001, 4.7130463E+001, 1.5985070E+001, 9.2221051E+000
 9.3000568E+002, 5.0119115E+002, 4.9866925E+002, 4.9791700E+002, 4.9595813E+002, 4.9460131E+002, 4.9099644E+002, 4.8892248E+002, 4.8321646E+002, 4.7935956E+002, 4.7031401E+002, 4.6537507E+002, 3.4297470E+002, 1.7208058E+002, 4.5774136E+002, 4.0239551E+002, 3.1395141E+002, 1.5365420E+002, 2.3406146E+001, 1.5641977E+001, 1.6649700E-001, 2.8127948E-002, 7.5164557E-005, 7.5616744E+000, 1.5735697E+002, 1.3848832E+002, 1.1221026E+002, 8.7241849E+001, 7.0116381E+001, 5.1026522E+001, 3.8278385E+001, 2.3289135E+001, 1.6907838E+001, 6.0823718E+000, 9.5339124E+001, 6.0137899E+000, 5.5882707E+001, 6.0002690E+000, 3.1688962E+001, 5.9997995E+000, 1.5199009E+001, 4.6931779E+001, 1.5607276E+001, 9.3106035E+000
 9.4000276E+002, 4.9453980E+002, 4.9179250E+002, 4.9078291E+002, 4.8869460E+002, 4.8757360E+002, 4.8463730E+002, 4.8263090E+002, 4.7678019E+002, 4.7288145E+002, 4.6226339E+002, 4.5568012E+002, 3.2905749E+002, 1.6831730E+002, 4.4956223E+002, 3.9543142E+002, 2.9751169E+002, 1.4775884E+002, 2.1537537E+001, 1.5181536E+001, 1.6833186E-001, 2.6945682E-002, 7.1960827E-005, 7.5716224E+000, 1.5528615E+002, 1.3809362E+002, 1.1084863E+002, 8.5883443E+001, 7.0006180E+001, 5.1114433E+001, 3.9229312E+001, 2.3506866E+001, 1.6673975E+001, 6.0885985E+000, 9.5793788E+001, 6.0152268E+000, 5.7166017E+001, 6.0003356E+000, 3.2050004E+001, 5.9998019E+000, 1.4873637E+001, 4.5504835E+001, 1.5756494E+001, 9.3866230E+000
 9.5000572E+002, 4.8681847E+002, 4.8419288E+002, 4.8328352E+002, 4.8104575E+002, 4.7966881E+002, 4.7628243E+002, 4.7444865E+002, 4.6955450E+002, 4.6641677E+002, 4.5898127E+002, 4.5362316E+002, 3.0664541E+002, 1.5971066E+002, 4.4306514E+002, 3.8499950E+002, 2.9144222E+002, 1.3888254E+002, 2.0718262E+001, 1.5026988E+001, 1.6768362E-001, 2.7363365E-002, 7.3092674E-005, 7.6340030E+000, 1.5450774E+002, 1.3732077E+002, 1.0869876E+002, 8.3958680E+001, 6.8129293E+001, 5.0830449E+001, 3.8664060E+001, 2.3358727E+001, 1.6777618E+001, 6.0962234E+000, 9.5274785E+001, 6.0168242E+000, 5.7152798E+001, 6.0004031E+000, 3.1842696E+001, 5.9998169E+000, 1.4857574E+001, 4.5438264E+001, 1.5354642E+001, 9.5574073E+000
 9.6001036E+002, 4.7697910E+002, 4.7455312E+002, 4.7389486E+002, 4.7176836E+002, 4.7028647E+002, 4.6728491E+002, 4.6515664E+002, 4.5992508E+002, 4.5678598E+002, 4.4971140E+002, 4.4467974E+002, 3.0821745E+002, 1.5920190E+002, 4.3622324E+002, 3.8444909E+002, 2.9152288E+002, 1.3405648E+002, 1.8162198E+001, 1.4853659E+001, 1.6862619E-001, 2.6756034E-002, 7.1446916E-005, 7.5893802E+000, 1.4914212E+002, 1.3468959E+002, 1.0886706E+002, 8.2829307E+001, 6.8152482E+001, 5.1328372E+001, 3.8491498E+001, 2.4059067E+001, 1.6821792E+001, 6.1019611E+000, 9.6309077E+001, 6.0184594E+000, 5.6067495E+001, 6.0004807E+000, 3.1614025E+001, 5.9998349E+000, 1.5036368E+001, 4.4812720E+001, 1.5480219E+001, 9.5539895E+000
 9.7000381E+002, 4.6972862E+002, 4.6655961E+002, 4.6564623E+002, 4.6315957E+002, 4.6182453E+002, 4.5937531E+002, 4.5771952E+002, 4.5349928E+002, 4.5082512E+002, 4.4359914E+002, 4.3869565E+002, 3.0648509E+002, 1.5243472E+002, 4.2974616E+002, 3.8034327E+002, 2.8007259E+002, 1.2953923E+002, 1.8332405E+001, 1.4569157E+001, 1.7004206E-001, 2.5843738E-002, 6.8974757E-005, 7.5760578E+000, 1.4893042E+002, 1.3285585E+002, 1.1035950E+002, 8.2360319E+001, 6.8460209E+001, 4.9771898E+001, 3.8440695E+001, 2.5331139E+001, 1.6569514E+001, 6.1074089E+000, 9.3301846E+001, 6.0204727E+000, 5.5940498E+001, 6.0005522E+000, 3.1475114E+001, 5.9998467E+000, 1.4957842E+001, 4.5735438E+001, 1.5625173E+001, 9.5941322E+000
 9.8000454E+002, 4.6098516E+002, 4.5888905E+002, 4.5817882E+002, 4.5651853E+002, 4.5537764E+002, 4.5249112E+002, 4.5071069E+002, 4.4632237E+002, 4.4350364E+002, 4.3577733E+002, 4.3039077E+002, 2.9558339E+002, 1.4884812E+002, 4.2529471E+002, 3.8077602E+002, 2.7205111E+002, 1.2741652E+002, 2.1505377E+001, 1.4259137E+001, 1.7043651E-001, 2.5589578E-002, 6.8286030E-005, 7.5277221E+000, 1.4803857E+002, 1.3282695E+002, 1.0880146E+002, 8.0588237E+001, 6.7913147E+001, 4.9831348E+001, 3.7091786E+001, 2.4446617E+001, 1.6396885E+001, 6.1147206E+000, 9.4527709E+001, 6.0226809E+000, 5.6473579E+001, 6.0006209E+000, 3.1952073E+001, 5.9998589E+000, 1.4852260E+001, 4.5397213E+001, 1.5891148E+001, 9.5810957E+000
 9.9001092E+002, 4.5464498E+002, 4.5303255E+002, 4.5224152E+002, 4.5061355E+002, 4.4957263E+002, 4.4671364E+002, 4.4463005E+002, 4.4007989E+002, 4.3701952E+002, 4.2980711E+002, 4.2442018E+002, 2.9385884E+002, 1.4518100E+002, 4.1789530E+002, 3.7290234E+002, 2.6922465E+002, 1.2858229E+002, 2.0444246E+001, 1.4058303E+001, 1.7082595E-001, 2.5338648E-002, 6.7606054E-005, 7.6439672E+000, 1.3759576E+002, 1.3003521E+002, 1.0858046E+002, 8.1316079E+001, 6.7636559E+001, 4.9621640E+001, 3.7386800E+001, 2.3823726E+001, 1.6316792E+001, 6.1215165E+000, 9.2199189E+001, 6.0249113E+000, 5.5121807E+001, 6.0006837E+000, 3.1527120E+001, 5.9998617E+000, 1.5220992E+001, 4.4855448E+001, 1.5682834E+001, 9.4158075E+000
 1.0000079E+003, 4.4852789E+002, 4.4696661E+002, 4.4615842E+002, 4.4427115E+002, 4.4297304E+002, 4.4051490E+002, 4.3903831E+002, 4.3558304E+002, 4.3308489E+002, 4.2615133E+002, 4.2045339E+002, 2.8009599E+002, 1.3966332E+002, 4.1208795E+002, 3.6976683E+002, 2.6871144E+002, 1.2973550E+002, 1.8277777E+001, 1.4037147E+001, 1.7061963E-001, 2.5471586E-002, 6.7966292E-005, 7.6104968E+000, 1.4102969E+002, 1.2812684E+002, 1.0793642E+002, 8.1313420E+001, 6.6360435E+001, 4.8942350E+001, 3.7780149E+001, 2.3658116E+001, 1.7269072E+001, 6.1290670E+000, 9.0903291E+001, 6.0273053E+000, 5.3769193E+001, 6.0007359E+000, 3.1990378E+001, 5.9998650E+000, 1.5259345E+001, 4.5016658E+001, 1.5570732E+001, 9.4733174E+000
 1.0100091E+003, 4.4151306E+002, 4.3945009E+002, 4.3876461E+002, 4.3730108E+002, 4.3639429E+002, 4.3355886E+002, 4.3199686E+002, 4.2732361E+002, 4.2459366E+002, 4.1764471E+002, 4.1275580E+002, 2.6669851E+002, 1.3794414E+002, 4.0541501E+002, 3.6587312E+002, 2.5664862E+002, 1.2491803E+002, 1.7383577E+001, 1.3746835E+001, 1.7171136E-001, 2.4768150E-002, 6.6060106E-005, 7.5157184E+000, 1.4493946E+002, 1.2715651E+002, 1.0698512E+002, 8.0533700E+001, 6.6172691E+001, 4.9069250E+001, 3.7540094E+001, 2.4053148E+001, 1.7468465E+001, 6.1368265E+000, 9.1049528E+001, 6.0294735E+000, 5.4649850E+001, 6.0008031E+000, 3.1558595E+001, 5.9998835E+000, 1.5199991E+001, 4.4512445E+001, 1.5825127E+001, 9.4178298E+000
 1.0200075E+003, 4.3473830E+002, 4.3341825E+002, 4.3277893E+002, 4.3087928E+002, 4.2967872E+002, 4.2695137E+002, 4.2503535E+002, 4.2003222E+002, 4.1686749E+002, 4.0914275E+002, 4.0474791E+002, 2.5487488E+002, 1.3537557E+002, 4.0014147E+002, 3.5963891E+002, 2.6426609E+002, 1.2276431E+002, 1.6783762E+001, 1.3527767E+001, 1.7123609E-001, 2.5074380E-002, 6.6889937E-005, 7.3855952E+000, 1.3677120E+002, 1.2637440E+002, 1.0309715E+002, 7.9997919E+001, 6.6112081E+001, 4.9241415E+001, 3.7054157E+001, 2.4411084E+001, 1.7404734E+001, 6.1446292E+000, 9.1191743E+001, 6.0314886E+000, 5.4602412E+001, 6.0009225E+000, 3.1952947E+001, 5.9999053E+000, 1.4523712E+001, 4.3366597E+001, 1.5542629E+001, 9.4781824E+000
 1.0300110E+003, 4.2867827E+002, 4.2752852E+002, 4.2705070E+002, 4.2559789E+002, 4.2457478E+002, 4.2198223E+002, 4.2035869E+002, 4.1582448E+002, 4.1303335E+002, 4.0662294E+002, 4.0239256E+002, 2.6038718E+002, 1.3158235E+002, 3.9282840E+002, 3.5642851E+002, 2.4567871E+002, 1.2205187E+002, 1.9238220E+001, 1.3365386E+001, 1.7251775E-001, 2.4248560E-002, 6.4652111E-005, 7.4839405E+000, 1.3774666E+002, 1.2712889E+002, 1.0250538E+002, 8.0276936E+001, 6.5562915E+001, 4.9949575E+001, 3.7922197E+001, 2.3663747E+001, 1.6698924E+001, 6.1579237E+000, 9.0570696E+001, 6.0345853E+000, 5.4268249E+001, 6.0011628E+000, 3.1845379E+001, 5.9999281E+000, 1.4458982E+001, 4.2980296E+001, 1.5624604E+001, 9.5640028E+000
 1.0400052E+003, 4.2442187E+002, 4.2268013E+002, 4.2212921E+002, 4.2061137E+002, 4.1967260E+002, 4.1705954E+002, 4.1527366E+002, 4.1066395E+002, 4.0789135E+002, 4.0182124E+002, 3.9712532E+002, 2.4403578E+002, 1.3039320E+002, 3.8753548E+002, 3.5294613E+002, 2.4545601E+002, 1.1978601E+002, 1.6963576E+001, 1.3233438E+001, 1.7439712E-001, 2.3037616E-002, 6.1370670E-005, 7.4771227E+000, 1.3072363E+002, 1.2883648E+002, 1.0346002E+002, 8.1409519E+001, 6.4133899E+001, 5.0397666E+001, 3.8100047E+001, 2.3481775E+001, 1.6549788E+001, 6.1702478E+000, 9.0198028E+001, 6.0411229E+000, 5.3860782E+001, 6.0019894E+000, 3.1656043E+001, 5.9999531E+000, 1.5136765E+001, 4.2942352E+001, 1.5453627E+001, 9.4303745E+000
 1.0500088E+003, 4.1807038E+002, 4.1585072E+002, 4.1506350E+002, 4.1333519E+002, 4.1247687E+002, 4.1016796E+002, 4.0860146E+002, 4.0449148E+002, 4.0169617E+002, 3.9623789E+002, 3.9103268E+002, 2.4070638E+002, 1.2686931E+002, 3.8381074E+002, 3.4989207E+002, 2.4179472E+002, 1.2023573E+002, 1.9169531E+001, 1.3018828E+001, 1.7488059E-001, 2.2726101E-002, 6.0526520E-005, 7.4715292E+000, 1.3538912E+002, 1.2550345E+002, 1.0290161E+002, 8.1230487E+001, 6.2568179E+001, 5.0903703E+001, 3.7452443E+001, 2.3558898E+001, 1.6630727E+001, 6.1782147E+000, 9.0443344E+001, 6.0502356E+000, 5.2837160E+001, 6.0036566E+000, 3.1078998E+001, 5.9999726E+000, 1.5166372E+001, 4.3073529E+001, 1.5248085E+001, 9.5270819E+000
 1.0600058E+003, 4.0975519E+002, 4.0871466E+002, 4.0807236E+002, 4.0615679E+002, 4.0493096E+002, 4.0169403E+002, 4.0009758E+002, 3.9635692E+002, 3.9409609E+002, 3.8739126E+002, 3.8208916E+002, 2.3333107E+002, 1.2254970E+002, 3.7826518E+002, 3.4441681E+002, 2.4003179E+002, 1.1897204E+002, 1.7255695E+001, 1.2861212E+001, 1.7480662E-001, 2.2773763E-002, 6.0655676E-005, 7.5194554E+000, 1.3416636E+002, 1.2641297E+002, 1.0070624E+002, 8.0018424E+001, 6.2783702E+001, 4.9388810E+001, 3.6642491E+001, 2.3137346E+001, 1.6847183E+001, 6.1872990E+000, 8.8555565E+001, 6.0554266E+000, 5.3009932E+001, 6.0057610E+000, 3.2150380E+001, 5.9999855E+000, 1.4681288E+001, 4.3096898E+001, 1.5318002E+001, 9.4399722E+000
 1.0700067E+003, 4.0349000E+002, 4.0182226E+002, 4.0119433E+002, 3.9965303E+002, 3.9871085E+002, 3.9634988E+002, 3.9478947E+002, 3.9097222E+002, 3.8883133E+002, 3.8296000E+002, 3.7685212E+002, 2.1332169E+002, 1.1685465E+002, 3.7115509E+002, 3.4208628E+002, 2.2684182E+002, 1.1588327E+002, 1.8118160E+001, 1.2725315E+001, 1.7556525E-001, 2.2284953E-002, 5.9331089E-005, 7.3744510E+000, 1.3588136E+002, 1.2464674E+002, 1.0042250E+002, 7.7289947E+001, 6.2800868E+001, 4.8260311E+001, 3.6581273E+001, 2.3177539E+001, 1.7010558E+001, 6.2015691E+000, 8.6774035E+001, 6.0556660E+000, 5.3576886E+001, 6.0077434E+000, 3.2051371E+001, 6.0000063E+000, 1.4976311E+001, 4.2232554E+001, 1.5598992E+001, 9.2857081E+000
 1.0800086E+003, 3.9666258E+002, 3.9482831E+002, 3.9423851E+002, 3.9241463E+002, 3.9141540E+002, 3.8944113E+002, 3.8804755E+002, 3.8462667E+002, 3.8218550E+002, 3.7618648E+002, 3.7034765E+002, 2.2614349E+002, 1.1592130E+002, 3.6569611E+002, 3.3206620E+002, 2.2929559E+002, 1.1772058E+002, 1.9147347E+001, 1.2484643E+001, 1.7753568E-001, 2.1015331E-002, 5.5890641E-005, 7.3533473E+000, 1.2667573E+002, 1.2443059E+002, 1.0092788E+002, 7.6786373E+001, 6.2776669E+001, 4.8261598E+001, 3.6587253E+001, 2.3392719E+001, 1.6587519E+001, 6.2198434E+000, 8.6208937E+001, 6.0524973E+000, 5.2761272E+001, 6.0093573E+000, 3.1529659E+001, 6.0000185E+000, 1.4469509E+001, 4.1955255E+001, 1.5732657E+001, 9.2678464E+000
 1.0900105E+003, 3.9007525E+002, 3.8894778E+002, 3.8847134E+002, 3.8705881E+002, 3.8611560E+002, 3.8399725E+002, 3.8282257E+002, 3.7937783E+002, 3.7708311E+002, 3.7099254E+002, 3.6559020E+002, 2.1224060E+002, 1.1269376E+002, 3.6128482E+002, 3.3178715E+002, 2.2163430E+002, 1.0690511E+002, 1.7253648E+001, 1.2303368E+001, 1.7813439E-001, 2.0629562E-002, 5.4845278E-005, 7.4349037E+000, 1.2701630E+002, 1.2266616E+002, 1.0020108E+002, 7.7078730E+001, 6.3563696E+001, 4.8830899E+001, 3.6435275E+001, 2.2908810E+001, 1.6234718E+001, 6.2349693E+000, 8.6452524E+001, 6.0546064E+000, 5.2505915E+001, 6.0109473E+000, 3.1465518E+001, 6.0000446E+000, 1.4670538E+001, 4.2542006E+001, 1.5759579E+001, 9.3486013E+000
 1.1000001E+003, 3.8359117E+002, 3.8245626E+002, 3.8199798E+002, 3.8081670E+002, 3.7991567E+002, 3.7767923E+002, 3.7636201E+002, 3.7280292E+002, 3.7077211E+002, 3.6475867E+002, 3.5957204E+002, 2.1551717E+002, 1.1306345E+002, 3.5542450E+002, 3.2773570E+002, 2.1849621E+002, 1.1146253E+002, 1.6358979E+001, 1.2169976E+001, 1.7843896E-001, 2.0433318E-002, 5.4313490E-005, 7.4555563E+000, 1.2431162E+002, 1.2084205E+002, 9.8792345E+001, 7.6636324E+001, 6.2920422E+001, 4.7872788E+001, 3.5957273E+001, 2.3529503E+001, 1.6634109E+001, 6.2419993E+000, 8.6595296E+001, 6.0604366E+000, 5.2765200E+001, 6.0127044E+000, 3.0395009E+001, 6.0000685E+000, 1.4924706E+001, 4.2004972E+001, 1.5532903E+001, 9.1805011E+000
 1.1100109E+003, 3.7792064E+002, 3.7622050E+002, 3.7565055E+002, 3.7427811E+002, 3.7339345E+002, 3.7130264E+002, 3.7009152E+002, 3.6703483E+002, 3.6536362E+002, 3.5998935E+002, 3.5541681E+002, 2.1617247E+002, 1.0749124E+002, 3.5110351E+002, 3.2205685E+002, 2.1050508E+002, 1.0377700E+002, 1.8723457E+001, 1.2124227E+001, 1.7814929E-001, 2.0619962E-002, 5.4819264E-005, 7.3547795E+000, 1.2318189E+002, 1.1848261E+002, 9.7992728E+001, 7.5106817E+001, 6.2785873E+001, 4.7417630E+001, 3.5160896E+001, 2.2676690E+001, 1.6685019E+001, 6.2529173E+000, 8.5948977E+001, 6.0634995E+000, 5.2679694E+001, 6.0141098E+000, 3.0973095E+001, 6.0000979E+000, 1.4726677E+001, 4.1791333E+001, 1.5133761E+001, 9.5101702E+000
 1.1200022E+003, 3.7218070E+002, 3.7081640E+002, 3.7017932E+002, 3.6885509E+002, 3.6809231E+002, 3.6635510E+002, 3.6519952E+002, 3.6242859E+002, 3.6071354E+002, 3.5522806E+002, 3.5063267E+002, 2.0105673E+002, 1.0489292E+002, 3.4505251E+002, 3.2059060E+002, 2.2242100E+002, 1.0657691E+002, 2.1377037E+001, 1.1890121E+001, 1.8014547E-001, 1.9333752E-002, 5.1333866E-005, 7.3639713E+000, 1.1657089E+002, 1.1809753E+002, 1.0126102E+002, 7.5097188E+001, 6.3147926E+001, 4.6885633E+001, 3.5948033E+001, 2.3518742E+001, 1.6619677E+001, 6.2608484E+000, 8.4530045E+001, 6.0655250E+000, 5.0760934E+001, 6.0145271E+000, 3.1009125E+001, 6.0001304E+000, 1.4686553E+001, 4.1481938E+001, 1.5174719E+001, 9.4911324E+000
 1.1300065E+003, 3.6579326E+002, 3.6492440E+002, 3.6445549E+002, 3.6316708E+002, 3.6237182E+002, 3.6065258E+002, 3.5945393E+002, 3.5591452E+002, 3.5333519E+002, 3.4847256E+002, 3.4338278E+002, 1.9099173E+002, 1.0336211E+002, 3.4073086E+002, 3.1811919E+002, 2.2348710E+002, 1.1806038E+002, 2.2908780E+001, 1.1829068E+001, 1.8031092E-001, 1.9227147E-002, 5.1044985E-005, 7.3758315E+000, 1.1436703E+002, 1.1859848E+002, 9.6142145E+001, 7.5138829E+001, 6.2753700E+001, 4.7048825E+001, 3.5895133E+001, 2.3041608E+001, 1.6363470E+001, 6.2704404E+000, 8.2764593E+001, 6.0674628E+000, 5.0119282E+001, 6.0142916E+000, 3.0502930E+001, 6.0001614E+000, 1.4728145E+001, 4.0831916E+001, 1.5355614E+001, 9.2449440E+000
 1.1400066E+003, 3.6066403E+002, 3.5895139E+002, 3.5855768E+002, 3.5750446E+002, 3.5672761E+002, 3.5469847E+002, 3.5346510E+002, 3.4990850E+002, 3.4758109E+002, 3.4214084E+002, 3.3707656E+002, 1.8245217E+002, 1.0020915E+002, 3.3436540E+002, 3.1138887E+002, 2.0611776E+002, 1.0071102E+002, 1.6450648E+001, 1.1718805E+001, 1.7938660E-001, 1.9822721E-002, 5.2658883E-005, 7.3964103E+000, 1.1650940E+002, 1.1728383E+002, 9.3023661E+001, 7.3852465E+001, 6.1229851E+001, 4.7117779E+001, 3.5006833E+001, 2.2749052E+001, 1.6501300E+001, 6.2882213E+000, 8.3285080E+001, 6.0744340E+000, 4.9991136E+001, 6.0141503E+000, 3.0876470E+001, 6.0001839E+000, 1.4618969E+001, 4.0205792E+001, 1.5540026E+001, 9.2659877E+000
 1.1500107E+003, 3.5495211E+002, 3.5343939E+002, 3.5294982E+002, 3.5201583E+002, 3.5149051E+002, 3.4954073E+002, 3.4796679E+002, 3.4478986E+002, 3.4329229E+002, 3.3913747E+002, 3.3449755E+002, 1.8881123E+002, 9.7937773E+001, 3.2788480E+002, 3.0777931E+002, 1.9801706E+002, 9.3957360E+001, 1.5120491E+001, 1.1753001E+001, 1.8139191E-001, 1.8530626E-002, 4.9157537E-005, 7.3680571E+000, 1.1656630E+002, 1.1680513E+002, 9.3760746E+001, 7.4641570E+001, 6.2214376E+001, 4.6143902E+001, 3.5356392E+001, 2.3372073E+001, 1.6842324E+001, 6.3008550E+000, 8.2706876E+001, 6.0824397E+000, 4.9708858E+001, 6.0162998E+000, 3.0211777E+001, 6.0002142E+000, 1.4758808E+001, 4.0597729E+001, 1.5142876E+001, 9.2888059E+000
 1.1600098E+003, 3.4791266E+002, 3.4707648E+002, 3.4674188E+002, 3.4590043E+002, 3.4522194E+002, 3.4327135E+002, 3.4203638E+002, 3.3955446E+002, 3.3772227E+002, 3.3306932E+002, 3.2855921E+002, 1.7725306E+002, 9.4789286E+001, 3.2267935E+002, 3.0364764E+002, 2.0121069E+002, 8.9016714E+001, 1.4281882E+001, 1.1529412E+001, 1.8198584E-001, 1.8147938E-002, 4.8120522E-005, 7.5251527E+000, 1.1265208E+002, 1.1598902E+002, 9.2740624E+001, 7.5080182E+001, 6.1146550E+001, 4.5569144E+001, 3.5388781E+001, 2.2720582E+001, 1.6995261E+001, 6.3146493E+000, 8.1357671E+001, 6.0889770E+000, 4.9888004E+001, 6.0200121E+000, 3.0094718E+001, 6.0002397E+000, 1.4413556E+001, 4.0534555E+001, 1.5300802E+001, 9.4568288E+000
 1.1700096E+003, 3.4197775E+002, 3.4075830E+002, 3.4036100E+002, 3.3924097E+002, 3.3852758E+002, 3.3685204E+002, 3.3562877E+002, 3.3316394E+002, 3.3165637E+002, 3.2691070E+002, 3.2239657E+002, 1.5437568E+002, 9.1170582E+001, 3.1738229E+002, 2.9696509E+002, 1.9286659E+002, 8.9003338E+001, 2.0588438E+001, 1.1457743E+001, 1.8232179E-001, 1.7931471E-002, 4.7533935E-005, 7.5338370E+000, 1.0977956E+002, 1.1213223E+002, 9.1983575E+001, 7.3509704E+001, 6.1201437E+001, 4.4931792E+001, 3.5874509E+001, 2.2869336E+001, 1.6882759E+001, 6.3296956E+000, 8.1081847E+001, 6.0950798E+000, 5.0257179E+001, 6.0232162E+000, 2.9804027E+001, 6.0002619E+000, 1.4183073E+001, 3.9698268E+001, 1.5238599E+001, 9.5444036E+000
 1.1800109E+003, 3.3527867E+002, 3.3427070E+002, 3.3384981E+002, 3.3275163E+002, 3.3197639E+002, 3.2970313E+002, 3.2853420E+002, 3.2586736E+002, 3.2460499E+002, 3.2067221E+002, 3.1694883E+002, 1.5235775E+002, 8.8682921E+001, 3.1262710E+002, 2.9192440E+002, 1.8292321E+002, 8.1168875E+001, 1.6891942E+001, 1.1302578E+001, 1.8275939E-001, 1.7649508E-002, 4.6769867E-005, 7.4392322E+000, 1.1529139E+002, 1.1024245E+002, 9.1356358E+001, 7.2771276E+001, 5.8951770E+001, 4.4632993E+001, 3.5116371E+001, 2.2957581E+001, 1.6945681E+001, 6.3493402E+000, 8.0381144E+001, 6.0994907E+000, 5.0176082E+001, 6.0249042E+000, 3.0144109E+001, 6.0002832E+000, 1.4679434E+001, 3.9711233E+001, 1.5213927E+001, 9.5047184E+000
 1.1900045E+003, 3.2872244E+002, 3.2846295E+002, 3.2810880E+002, 3.2675950E+002, 3.2585608E+002, 3.2365028E+002, 3.2244240E+002, 3.1962572E+002, 3.1817995E+002, 3.1430362E+002, 3.0976616E+002, 1.5149563E+002, 8.6330822E+001, 3.0790436E+002, 2.8918832E+002, 1.8151388E+002, 8.6578378E+001, 1.4446754E+001, 1.1162713E+001, 1.8381389E-001, 1.6970056E-002, 4.4928673E-005, 7.3426430E+000, 1.1345805E+002, 1.1082544E+002, 9.2126111E+001, 7.2727202E+001, 5.9050188E+001, 4.5124608E+001, 3.4619916E+001, 2.2744236E+001, 1.7045871E+001, 6.3569079E+000, 7.9199190E+001, 6.1016831E+000, 5.0165240E+001, 6.0267838E+000, 2.9874111E+001, 6.0003058E+000, 1.4369716E+001, 3.9944826E+001, 1.4824555E+001, 9.3644522E+000
 1.2000055E+003, 3.2135266E+002, 3.2098390E+002, 3.2065624E+002, 3.1983954E+002, 3.1919616E+002, 3.1755757E+002, 3.1630536E+002, 3.1362736E+002, 3.1224846E+002, 3.0767888E+002, 3.0270542E+002, 1.4940432E+002, 8.4208902E+001, 3.0115746E+002, 2.8219016E+002, 1.8655890E+002, 8.0906910E+001, 1.3450175E+001, 1.0985496E+001, 1.8453593E-001, 1.6504822E-002, 4.3667973E-005, 7.3886659E+000, 1.0294980E+002, 1.1014760E+002, 8.9578005E+001, 7.0711581E+001, 5.9063582E+001, 4.3902982E+001, 3.4629316E+001, 2.3934169E+001, 1.6533611E+001, 6.3717564E+000, 7.8110788E+001, 6.1058603E+000, 5.0500841E+001, 6.0299478E+000, 3.0026150E+001, 6.0003326E+000, 1.3794490E+001, 3.9191018E+001, 1.4897415E+001, 9.2852848E+000
 1.2100027E+003, 3.1585081E+002, 3.1493960E+002, 3.1461193E+002, 3.1399225E+002, 3.1327184E+002, 3.1190275E+002, 3.1109050E+002, 3.0871765E+002, 3.0717762E+002, 3.0232614E+002, 2.9693700E+002, 1.4331390E+002, 8.1375248E+001, 2.9465337E+002, 2.7844079E+002, 1.8636531E+002, 8.6647367E+001, 1.3727594E+001, 1.0956649E+001, 1.8547158E-001, 1.5901950E-002, 4.2034299E-005, 7.3702626E+000, 1.0550988E+002, 1.1000479E+002, 8.9315029E+001, 6.9936523E+001, 5.7528071E+001, 4.4754738E+001, 3.5151115E+001, 2.2971161E+001, 1.6420293E+001, 6.3887869E+000, 7.9583103E+001, 6.1115416E+000, 4.9732973E+001, 6.0326121E+000, 2.9766626E+001, 6.0003620E+000, 1.4218180E+001, 3.9195493E+001, 1.5244418E+001, 9.3159760E+000
 1.2200106E+003, 3.0913197E+002, 3.0821457E+002, 3.0778673E+002, 3.0684339E+002, 3.0620089E+002, 3.0485974E+002, 3.0410017E+002, 3.0146458E+002, 3.0008367E+002, 2.9595262E+002, 2.9076541E+002, 1.3473255E+002, 7.9420615E+001, 2.8900219E+002, 2.7407310E+002, 1.7716468E+002, 8.1112020E+001, 1.3043054E+001, 1.1047574E+001, 1.8504503E-001, 1.6176789E-002, 4.2779061E-005, 7.4372010E+000, 9.5530353E+001, 1.0648216E+002, 8.9431983E+001, 7.1686134E+001, 5.7486059E+001, 4.5822535E+001, 3.4809960E+001, 2.3026483E+001, 1.6487931E+001, 6.4043775E+000, 7.8239708E+001, 6.1195997E+000, 4.9093238E+001, 6.0337774E+000, 2.9033025E+001, 6.0003995E+000, 1.4614774E+001, 3.8442034E+001, 1.5367877E+001, 9.3050297E+000
 1.2300096E+003, 3.0171207E+002, 3.0112846E+002, 3.0082016E+002, 2.9974897E+002, 2.9918381E+002, 2.9802957E+002, 2.9737175E+002, 2.9476436E+002, 2.9311049E+002, 2.8791736E+002, 2.8307324E+002, 1.3738729E+002, 7.7376120E+001, 2.8423544E+002, 2.6852095E+002, 1.7195465E+002, 7.6630225E+001, 1.2196755E+001, 1.0826598E+001, 1.8613495E-001, 1.5474519E-002, 4.0876036E-005, 7.2460241E+000, 9.6586155E+001, 1.0380434E+002, 8.7848151E+001, 7.1261167E+001, 5.7618322E+001, 4.4876218E+001, 3.3924721E+001, 2.3121479E+001, 1.6351349E+001, 6.4284648E+000, 7.6669630E+001, 6.1273057E+000, 4.8917325E+001, 6.0345752E+000, 2.9368488E+001, 6.0004527E+000, 1.4525341E+001, 3.8709514E+001, 1.5171346E+001, 9.2901808E+000
 1.2400051E+003, 2.9498475E+002, 2.9433769E+002, 2.9397486E+002, 2.9305501E+002, 2.9245981E+002, 2.9048621E+002, 2.8951027E+002, 2.8764774E+002, 2.8616688E+002, 2.8172106E+002, 2.7677784E+002, 1.2759955E+002, 7.4869771E+001, 2.7842675E+002, 2.6537807E+002, 1.7050682E+002, 7.5025777E+001, 1.4252739E+001, 1.0738484E+001, 1.8682410E-001, 1.5030474E-002, 3.9672754E-005, 7.3338093E+000, 9.6402364E+001, 1.0391621E+002, 8.5104024E+001, 6.8663485E+001, 5.7830827E+001, 4.3488270E+001, 3.4526708E+001, 2.2892814E+001, 1.5990938E+001, 6.4443772E+000, 7.5208353E+001, 6.1335212E+000, 4.7516776E+001, 6.0362353E+000, 2.8894529E+001, 6.0005617E+000, 1.4343054E+001, 3.8481555E+001, 1.4766513E+001, 9.4039661E+000
 1.2500042E+003, 2.8864554E+002, 2.8794028E+002, 2.8763262E+002, 2.8689224E+002, 2.8639626E+002, 2.8500054E+002, 2.8432486E+002, 2.8261992E+002, 2.8125197E+002, 2.7770216E+002, 2.7277728E+002, 1.1588227E+002, 7.3701236E+001, 2.7261010E+002, 2.5809569E+002, 1.6645214E+002, 7.4189133E+001, 1.3314245E+001, 1.0497886E+001, 1.8764392E-001, 1.4502234E-002, 3.8241317E-005, 7.3708204E+000, 9.4526703E+001, 1.0323866E+002, 8.3392787E+001, 6.8157647E+001, 5.7145285E+001, 4.3599551E+001, 3.3810998E+001, 2.2662230E+001, 1.6004545E+001, 6.4608428E+000, 7.4333120E+001, 6.1392882E+000, 4.8185354E+001, 6.0387165E+000, 2.8893047E+001, 6.0008674E+000, 1.4669577E+001, 3.7092986E+001, 1.4906152E+001, 9.2025496E+000
 1.2600042E+003, 2.8279117E+002, 2.8223726E+002, 2.8200559E+002, 2.8127590E+002, 2.8078355E+002, 2.7944761E+002, 2.7868408E+002, 2.7692636E+002, 2.7574066E+002, 2.7216102E+002, 2.6594336E+002, 1.1278823E+002, 7.1629943E+001, 2.6708862E+002, 2.5530580E+002, 1.6129785E+002, 6.7778496E+001, 1.3851220E+001, 1.0497965E+001, 1.8807716E-001, 1.4223081E-002, 3.7484865E-005, 7.2889654E+000, 9.5104067E+001, 1.0066331E+002, 8.5866986E+001, 6.6949543E+001, 5.6255563E+001, 4.3164517E+001, 3.3208148E+001, 2.2843221E+001, 1.6430859E+001, 6.4733770E+000, 7.4391648E+001, 6.1415145E+000, 4.7685085E+001, 6.0422467E+000, 2.9063978E+001, 6.0014975E+000, 1.4543280E+001, 3.6868310E+001, 1.5099583E+001, 9.4133184E+000
 1.2700133E+003, 2.7600949E+002, 2.7543400E+002, 2.7522323E+002, 2.7463310E+002, 2.7433021E+002, 2.7318669E+002, 2.7248156E+002, 2.7048226E+002, 2.6888440E+002, 2.6422143E+002, 2.5795141E+002, 1.1300571E+002, 6.7999110E+001, 2.6188983E+002, 2.5026754E+002, 1.5959524E+002, 7.1125747E+001, 1.4523542E+001, 1.0329328E+001, 1.8873437E-001, 1.3799615E-002, 3.6337347E-005, 7.2443083E+000, 9.5625357E+001, 1.0042460E+002, 8.4927157E+001, 6.5511929E+001, 5.5168498E+001, 4.3460638E+001, 3.4220650E+001, 2.2252440E+001, 1.6834913E+001, 6.4798274E+000, 7.3652238E+001, 6.1469929E+000, 4.6868941E+001, 6.0453568E+000, 2.9142480E+001, 6.0023233E+000, 1.4497776E+001, 3.6654958E+001, 1.5147961E+001, 9.4527722E+000
 1.2800141E+003, 2.6936513E+002, 2.6878210E+002, 2.6856980E+002, 2.6796760E+002, 2.6760144E+002, 2.6670824E+002, 2.6624704E+002, 2.6473978E+002, 2.6329107E+002, 2.5838822E+002, 2.5300745E+002, 9.8984344E+001, 6.5960178E+001, 2.5605047E+002, 2.4372839E+002, 1.5906113E+002, 5.4446685E+001, 1.3006563E+001, 1.0085854E+001, 1.8956529E-001, 1.3264225E-002, 3.4886536E-005, 7.2887259E+000, 9.3623905E+001, 9.9085264E+001, 8.3847659E+001, 6.4800714E+001, 5.6327016E+001, 4.2772376E+001, 3.3799624E+001, 2.2411813E+001, 1.6337595E+001, 6.5006833E+000, 7.2272727E+001, 6.1493859E+000, 4.6844238E+001, 6.0481134E+000, 2.8568661E+001, 6.0032195E+000, 1.4279337E+001, 3.6888062E+001, 1.4998640E+001, 9.2923382E+000
 1.2900077E+003, 2.6276960E+002, 2.6226151E+002, 2.6205395E+002, 2.6157865E+002, 2.6123018E+002, 2.6018360E+002, 2.5941187E+002, 2.5776064E+002, 2.5631264E+002, 2.5168016E+002, 2.4437590E+002, 1.0256666E+002, 6.4518721E+001, 2.5044868E+002, 2.3871282E+002, 1.5275542E+002, 5.1280272E+001, 1.3041616E+001, 9.9885374E+000, 1.8959116E-001, 1.3247556E-002, 3.4841366E-005, 7.3012737E+000, 8.7067246E+001, 9.7458581E+001, 8.1388885E+001, 6.4647752E+001, 5.3989296E+001, 4.2426079E+001, 3.4086917E+001, 2.2386727E+001, 1.5853025E+001, 6.5126865E+000, 7.2227691E+001, 6.1548534E+000, 4.5713556E+001, 6.0499574E+000, 2.8359049E+001, 6.0040458E+000, 1.4137237E+001, 3.6628010E+001, 1.4713728E+001, 9.3000315E+000
 1.3000117E+003, 2.5569842E+002, 2.5531188E+002, 2.5517720E+002, 2.5477181E+002, 2.5446188E+002, 2.5352387E+002, 2.5282275E+002, 2.5107360E+002, 2.4973068E+002, 2.4371592E+002, 2.3389555E+002, 9.4902165E+001, 6.2215706E+001, 2.4508836E+002, 2.3411220E+002, 1.4935165E+002, 5.8652319E+001, 1.1699921E+001, 1.0027272E+001, 1.8963085E-001, 1.3221981E-002, 3.4772062E-005, 7.3231182E+000, 8.1740333E+001, 9.4656873E+001, 7.9962127E+001, 6.4172211E+001, 5.5071078E+001, 4.2099930E+001, 3.3373717E+001, 2.2366072E+001, 1.6002547E+001, 6.5207643E+000, 7.1952886E+001, 6.1645947E+000, 4.4843962E+001, 6.0514177E+000, 2.8146100E+001, 6.0046411E+000, 1.4371762E+001, 3.6303013E+001, 1.4894630E+001, 9.4178153E+000
 1.3100159E+003, 2.4966248E+002, 2.4924334E+002, 2.4910102E+002, 2.4862230E+002, 2.4823571E+002, 2.4725648E+002, 2.4660957E+002, 2.4498097E+002, 2.4382734E+002, 2.3732437E+002, 2.2511709E+002, 9.8997259E+001, 6.0073605E+001, 2.3964126E+002, 2.2938278E+002, 1.5058696E+002, 5.3438548E+001, 1.2482206E+001, 9.9084790E+000, 1.9048704E-001, 1.2670313E-002, 3.3277141E-005, 7.3020941E+000, 8.4847272E+001, 9.1290276E+001, 7.9523456E+001, 6.4214018E+001, 5.2944320E+001, 4.2499493E+001, 3.3182186E+001, 2.2640973E+001, 1.6259270E+001, 6.5384193E+000, 6.9431368E+001, 6.1792193E+000, 4.4990840E+001, 6.0538105E+000, 2.8399416E+001, 6.0050834E+000, 1.4460046E+001, 3.5779338E+001, 1.4799352E+001, 9.3545208E+000
 1.3200100E+003, 2.4332277E+002, 2.4292961E+002, 2.4269727E+002, 2.4224594E+002, 2.4188957E+002, 2.4082202E+002, 2.4004109E+002, 2.3791713E+002, 2.3632123E+002, 2.2714430E+002, 2.1403824E+002, 9.2665046E+001, 5.8005515E+001, 2.3485832E+002, 2.2257255E+002, 1.4889311E+002, 4.9828711E+001, 1.1485325E+001, 9.7279384E+000, 1.9051656E-001, 1.2651291E-002, 3.3225594E-005, 7.1706710E+000, 9.0133298E+001, 9.0586187E+001, 7.7876859E+001, 6.2600677E+001, 5.3209482E+001, 4.2013696E+001, 3.3096116E+001, 2.2653076E+001, 1.6385742E+001, 6.5607200E+000, 6.8881507E+001, 6.1910078E+000, 4.5357806E+001, 6.0569487E+000, 2.8131363E+001, 6.0055515E+000, 1.4424438E+001, 3.5839092E+001, 1.4552976E+001, 9.2389294E+000
 1.3300000E+003, 2.3740918E+002, 2.3635863E+002, 2.3587283E+002, 2.3507904E+002, 2.3462128E+002, 2.3338781E+002, 2.3275350E+002, 2.3054098E+002, 2.2788062E+002, 2.1660010E+002, 2.0744721E+002, 9.2165287E+001, 5.6809601E+001, 2.3018798E+002, 2.1783591E+002, 1.4180369E+002, 5.0229666E+001, 1.1264762E+001, 9.6371575E+000, 1.9102358E-001, 1.2324596E-002, 3.2340311E-005, 7.2463631E+000, 8.5626062E+001, 8.9016577E+001, 7.5821657E+001, 6.3281562E+001, 5.2778814E+001, 4.0694421E+001, 3.2761372E+001, 2.2861015E+001, 1.5863638E+001, 6.5833510E+000, 6.8404359E+001, 6.1901000E+000, 4.5270966E+001, 6.0590021E+000, 2.7450219E+001, 6.0060916E+000, 1.4230544E+001, 3.5754041E+001, 1.4599523E+001, 9.2950189E+000
 1.3400135E+003, 2.3204039E+002, 2.3111065E+002, 2.3059512E+002, 2.2919559E+002, 2.2807677E+002, 2.2520043E+002, 2.2390444E+002, 2.2146296E+002, 2.1920848E+002, 2.1203373E+002, 2.0528075E+002, 8.9812110E+001, 5.4933523E+001, 2.2575292E+002, 2.1219750E+002, 1.3589186E+002, 3.9123036E+001, 1.1355350E+001, 9.5886240E+000, 1.9109696E-001, 1.2277319E-002, 3.2212200E-005, 7.2298595E+000, 8.3827087E+001, 8.9455775E+001, 7.6290943E+001, 6.3444419E+001, 5.1028675E+001, 4.1406530E+001, 3.2642438E+001, 2.2422261E+001, 1.5886632E+001, 6.5896987E+000, 6.6395311E+001, 6.1793300E+000, 4.4750277E+001, 6.0602942E+000, 2.7242733E+001, 6.0066619E+000, 1.3925275E+001, 3.4755675E+001, 1.4381008E+001, 9.3477112E+000
 1.3500070E+003, 2.2740238E+002, 2.2634070E+002, 2.2593579E+002, 2.2479715E+002, 2.2363978E+002, 2.2071403E+002, 2.1939696E+002, 2.1601199E+002, 2.1426901E+002, 2.0887371E+002, 2.0292327E+002, 8.6433374E+001, 5.3185603E+001, 2.2110053E+002, 2.0759857E+002, 1.4479693E+002, 4.1628900E+001, 1.1853287E+001, 9.6197540E+000, 1.9202209E-001, 1.1681222E-002, 3.0596884E-005, 7.1882010E+000, 7.7570286E+001, 8.7378776E+001, 7.4172761E+001, 6.2337728E+001, 5.0678480E+001, 4.1948492E+001, 3.2776915E+001, 2.2270140E+001, 1.6194850E+001, 6.6104450E+000, 6.5188160E+001, 6.1829781E+000, 4.4364160E+001, 6.0633722E+000, 2.7603955E+001, 6.0072959E+000, 1.3960443E+001, 3.4634305E+001, 1.4074382E+001, 9.2987686E+000
 1.3600013E+003, 2.2241373E+002, 2.2157932E+002, 2.2133086E+002, 2.2071863E+002, 2.2017614E+002, 2.1848783E+002, 2.1722318E+002, 2.1320647E+002, 2.1089829E+002, 2.0590603E+002, 2.0000387E+002, 8.5477553E+001, 5.1543532E+001, 2.1698303E+002, 2.0385731E+002, 1.4267699E+002, 5.0428533E+001, 1.0882731E+001, 9.5730400E+000, 1.9125048E-001, 1.2178399E-002, 3.1944143E-005, 7.2584286E+000, 8.3080277E+001, 8.3497560E+001, 7.3845662E+001, 6.0164465E+001, 5.1317094E+001, 4.0639666E+001, 3.2807267E+001, 2.1965521E+001, 1.6362964E+001, 6.6256756E+000, 6.4625117E+001, 6.1987286E+000, 4.3789278E+001, 6.0669443E+000, 2.6720610E+001, 6.0080407E+000, 1.4287599E+001, 3.4098888E+001, 1.4223285E+001, 9.2769622E+000
 1.3700085E+003, 2.1834701E+002, 2.1765619E+002, 2.1739837E+002, 2.1685640E+002, 2.1655426E+002, 2.1555678E+002, 2.1459165E+002, 2.1229537E+002, 2.1037715E+002, 2.0292741E+002, 1.9709635E+002, 8.7071666E+001, 5.2217868E+001, 2.1271230E+002, 2.0252269E+002, 1.4090856E+002, 4.9817145E+001, 1.1184016E+001, 9.4936315E+000, 1.9244645E-001, 1.1407791E-002, 2.9855933E-005, 7.3772419E+000, 7.5365753E+001, 8.2243251E+001, 7.2584910E+001, 6.0170983E+001, 5.0286525E+001, 3.9489271E+001, 3.1953843E+001, 2.2020915E+001, 1.6431869E+001, 6.6495227E+000, 6.3604196E+001, 6.2178017E+000, 4.3172292E+001, 6.0704117E+000, 2.6643316E+001, 6.0089084E+000, 1.4402875E+001, 3.3827112E+001, 1.4225048E+001, 9.2429012E+000
 1.3800126E+003, 2.1480396E+002, 2.1450487E+002, 2.1433346E+002, 2.1378350E+002, 2.1340002E+002, 2.1254179E+002, 2.1199320E+002, 2.1020470E+002, 2.0861582E+002, 2.0305760E+002, 1.9775590E+002, 8.7637495E+001, 5.0662497E+001, 2.0888941E+002, 2.0015384E+002, 1.3900678E+002, 4.3926652E+001, 1.1498033E+001, 9.5543611E+000, 1.9298372E-001, 1.1061608E-002, 2.8917841E-005, 7.3355387E+000, 8.0746385E+001, 8.1692126E+001, 7.0339659E+001, 5.9062880E+001, 4.9079881E+001, 3.9812766E+001, 3.0955755E+001, 2.1741369E+001, 1.6158999E+001, 6.6638645E+000, 6.3107194E+001, 6.2275670E+000, 4.2420595E+001, 6.0734742E+000, 2.7392412E+001, 6.0097813E+000, 1.4395337E+001, 3.4008624E+001, 1.4388024E+001, 9.1955076E+000
 1.3900045E+003, 2.1245501E+002, 2.1220727E+002, 2.1207939E+002, 2.1168526E+002, 2.1143832E+002, 2.1059114E+002, 2.1005611E+002, 2.0844026E+002, 2.0721748E+002, 2.0359908E+002, 1.9830582E+002, 7.8568924E+001, 4.9747286E+001, 2.0514471E+002, 1.9848011E+002, 1.3554564E+002, 4.5029526E+001, 1.2091225E+001, 9.4521240E+000, 1.9342343E-001, 1.0778288E-002, 2.8150094E-005, 7.1257778E+000, 8.2786139E+001, 8.1667990E+001, 7.0012814E+001, 5.8501398E+001, 4.9305613E+001, 3.9969806E+001, 3.1766567E+001, 2.1273703E+001, 1.5552422E+001, 6.6754122E+000, 6.1823087E+001, 6.2351263E+000, 4.2203603E+001, 6.0758250E+000, 2.7577023E+001, 6.0106658E+000, 1.4197061E+001, 3.3433379E+001, 1.4348054E+001, 9.1974713E+000
 1.4000043E+003, 2.1046620E+002, 2.1007384E+002, 2.0996863E+002, 2.0952035E+002, 2.0924933E+002, 2.0856125E+002, 2.0812496E+002, 2.0709111E+002, 2.0624527E+002, 2.0323370E+002, 1.9913677E+002, 7.7394339E+001, 4.9421326E+001, 2.0215856E+002, 1.9701354E+002, 1.3025511E+002, 3.8912896E+001, 1.0464868E+001, 9.3130197E+000, 1.9311632E-001, 1.0976169E-002, 2.8686317E-005, 7.1663926E+000, 7.8451691E+001, 8.4013253E+001, 6.7232117E+001, 5.8137126E+001, 4.7914121E+001, 3.9491441E+001, 3.1026377E+001, 2.0760063E+001, 1.5371702E+001, 6.6858491E+000, 6.0594369E+001, 6.2353631E+000, 4.1857409E+001, 6.0782731E+000, 2.6717779E+001, 6.0115562E+000, 1.4054219E+001, 3.2701276E+001, 1.4219549E+001, 9.1594934E+000
 1.4100100E+003, 2.0830565E+002, 2.0791061E+002, 2.0781263E+002, 2.0749377E+002, 2.0724445E+002, 2.0674652E+002, 2.0636107E+002, 2.0537104E+002, 2.0467660E+002, 2.0276997E+002, 1.9961720E+002, 8.5312817E+001, 4.8059218E+001, 1.9908621E+002, 1.9535996E+002, 1.3108989E+002, 3.9174824E+001, 1.0894200E+001, 9.2368790E+000, 1.9369242E-001, 1.0604967E-002, 2.7680426E-005, 7.1502018E+000, 7.8023065E+001, 8.4253649E+001, 6.8932506E+001, 5.6290108E+001, 4.8342312E+001, 3.9667457E+001, 3.0529878E+001, 2.1069047E+001, 1.5565198E+001, 6.7029385E+000, 6.0349510E+001, 6.2470671E+000, 4.1860363E+001, 6.0815303E+000, 2.6362120E+001, 6.0124277E+000, 1.4163776E+001, 3.2373475E+001, 1.4390176E+001, 9.2091226E+000
 1.4200141E+003, 2.0604550E+002, 2.0575680E+002, 2.0565301E+002, 2.0528787E+002, 2.0497063E+002, 2.0438829E+002, 2.0405658E+002, 2.0317518E+002, 2.0249201E+002, 2.0046213E+002, 1.9791855E+002, 8.4507303E+001, 4.6944086E+001, 1.9589537E+002, 1.9178043E+002, 1.2625516E+002, 4.1560454E+001, 1.2134012E+001, 9.1831445E+000, 1.9409063E-001, 1.0348389E-002, 2.6985146E-005, 7.1985185E+000, 7.5679626E+001, 8.0470976E+001, 6.8556047E+001, 5.6060404E+001, 4.8243496E+001, 3.8906494E+001, 3.1545172E+001, 2.1806313E+001, 1.5588921E+001, 6.7137912E+000, 6.1353966E+001, 6.2587681E+000, 4.0905309E+001, 6.0841470E+000, 2.6758763E+001, 6.0132882E+000, 1.4297451E+001, 3.2005514E+001, 1.4017246E+001, 9.2641949E+000
 1.4300161E+003, 2.0404209E+002, 2.0388621E+002, 2.0371534E+002, 2.0328435E+002, 2.0301958E+002, 2.0229635E+002, 2.0176312E+002, 2.0050296E+002, 1.9988919E+002, 1.9799714E+002, 1.9519063E+002, 8.4636413E+001, 4.7147161E+001, 1.9319334E+002, 1.8880747E+002, 1.2145842E+002, 4.7107014E+001, 1.2311519E+001, 9.1364045E+000, 1.9478758E-001, 9.8993198E-003, 2.5768248E-005, 7.1809611E+000, 7.5715681E+001, 7.9872282E+001, 6.8658820E+001, 5.5371716E+001, 4.7827192E+001, 3.8656961E+001, 3.0870323E+001, 2.1794105E+001, 1.5296006E+001, 6.7256603E+000, 6.1414082E+001, 6.2636063E+000, 4.1222906E+001, 6.0860612E+000, 2.5566213E+001, 6.0141186E+000, 1.3953997E+001, 3.1854230E+001, 1.4059023E+001, 9.2225802E+000
 1.4400053E+003, 2.0248512E+002, 2.0227576E+002, 2.0206903E+002, 2.0160584E+002, 2.0133619E+002, 2.0075053E+002, 2.0032336E+002, 1.9889452E+002, 1.9814128E+002, 1.9601579E+002, 1.9294208E+002, 8.1724574E+001, 4.7125770E+001, 1.9090644E+002, 1.8843239E+002, 1.2495020E+002, 5.4425902E+001, 1.2516025E+001, 9.1847937E+000, 1.9563636E-001, 9.3524191E-003, 2.4286245E-005, 7.1303234E+000, 7.2961136E+001, 8.0124390E+001, 6.8121723E+001, 5.6282914E+001, 4.6678953E+001, 3.8355125E+001, 3.0809533E+001, 2.1245944E+001, 1.5473358E+001, 6.7337327E+000, 6.0464482E+001, 6.2665482E+000, 4.0558744E+001, 6.0889961E+000, 2.5543173E+001, 6.0149278E+000, 1.3805894E+001, 3.1753780E+001, 1.3956878E+001, 9.2411928E+000
 1.4500030E+003, 2.0069802E+002, 2.0069969E+002, 2.0060983E+002, 2.0032922E+002, 2.0008442E+002, 1.9935859E+002, 1.9896225E+002, 1.9786739E+002, 1.9727683E+002, 1.9530805E+002, 1.9270798E+002, 7.2387958E+001, 4.5934057E+001, 1.8891237E+002, 1.8715522E+002, 1.2204052E+002, 4.7239953E+001, 1.0529051E+001, 9.1781249E+000, 1.9529574E-001, 9.5718965E-003, 2.4880990E-005, 7.2543191E+000, 6.9670506E+001, 7.8875426E+001, 6.7395595E+001, 5.6578108E+001, 4.7511891E+001, 3.8263642E+001, 2.9874083E+001, 2.0566972E+001, 1.5895690E+001, 6.7576986E+000, 5.9528896E+001, 6.2733569E+000, 4.0404938E+001, 6.0935464E+000, 2.5330614E+001, 6.0157712E+000, 1.4239289E+001, 3.1087683E+001, 1.4142460E+001, 9.3150152E+000
 1.4600140E+003, 1.9870575E+002, 1.9874779E+002, 1.9859386E+002, 1.9828794E+002, 1.9805559E+002, 1.9730661E+002, 1.9682315E+002, 1.9565546E+002, 1.9481552E+002, 1.9257403E+002, 1.8952342E+002, 7.7259878E+001, 4.5339159E+001, 1.8801335E+002, 1.8560015E+002, 1.2629926E+002, 4.9181108E+001, 1.0242873E+001, 9.1376511E+000, 1.9592165E-001, 9.1685978E-003, 2.3788123E-005, 7.2726056E+000, 7.2284489E+001, 7.6645429E+001, 6.5176576E+001, 5.7248698E+001, 4.7319717E+001, 3.7100024E+001, 3.0628975E+001, 1.9949595E+001, 1.5801977E+001, 6.7592249E+000, 5.9041049E+001, 6.2801639E+000, 3.9792897E+001, 6.0985725E+000, 2.6003784E+001, 6.0166247E+000, 1.4130796E+001, 3.1098263E+001, 1.3890403E+001, 9.1756118E+000
 1.4700097E+003, 1.9691438E+002, 1.9672152E+002, 1.9668574E+002, 1.9669036E+002, 1.9651200E+002, 1.9596965E+002, 1.9558016E+002, 1.9464922E+002, 1.9394968E+002, 1.9178132E+002, 1.8894646E+002, 7.8564944E+001, 4.4863570E+001, 1.8620561E+002, 1.8279797E+002, 1.2373276E+002, 5.1189169E+001, 1.0837924E+001, 9.0899171E+000, 1.9543167E-001, 9.4843082E-003, 2.4643641E-005, 7.2997820E+000, 7.1875157E+001, 7.8794213E+001, 6.6408118E+001, 5.5745036E+001, 4.5991146E+001, 3.6460357E+001, 2.9780301E+001, 2.0329505E+001, 1.5861330E+001, 6.7760081E+000, 5.8996787E+001, 6.2871836E+000, 4.0352634E+001, 6.1037052E+000, 2.5790199E+001, 6.0174373E+000, 1.3963355E+001, 3.1161117E+001, 1.3928276E+001, 9.2542612E+000
 1.4800147E+003, 1.9582099E+002, 1.9588340E+002, 1.9565112E+002, 1.9515970E+002, 1.9488557E+002, 1.9425564E+002, 1.9382736E+002, 1.9286584E+002, 1.9219706E+002, 1.9024839E+002, 1.8694475E+002, 7.4799688E+001, 4.4234314E+001, 1.8470093E+002, 1.8115714E+002, 1.2051607E+002, 5.4550730E+001, 1.0753444E+001, 9.0877364E+000, 1.9550773E-001, 9.4352997E-003, 2.4510837E-005, 7.2044103E+000, 7.2927839E+001, 7.6335880E+001, 6.7091926E+001, 5.5050331E+001, 4.5291890E+001, 3.7923262E+001, 2.9762862E+001, 2.1114403E+001, 1.5678401E+001, 6.7808047E+000, 5.7757569E+001, 6.3012316E+000, 4.0162985E+001, 6.1071808E+000, 2.5624969E+001, 6.0182399E+000, 1.3963532E+001, 3.1263222E+001, 1.3966936E+001, 9.0992362E+000
 1.4900038E+003, 1.9442520E+002, 1.9435033E+002, 1.9399887E+002, 1.9307916E+002, 1.9259238E+002, 1.9179741E+002, 1.9144745E+002, 1.9054075E+002, 1.8988760E+002, 1.8768245E+002, 1.8417332E+002, 7.2096063E+001, 4.3301047E+001, 1.8323771E+002, 1.8021014E+002, 1.2265742E+002, 5.3861270E+001, 1.1498442E+001, 8.9103306E+000, 1.9528271E-001, 9.5802883E-003, 2.4903730E-005, 7.2260541E+000, 7.2235291E+001, 7.7023460E+001, 6.5666252E+001, 5.4091058E+001, 4.6306789E+001, 3.7368883E+001, 2.9489050E+001, 2.0369699E+001, 1.5030014E+001, 6.7971653E+000, 5.8459148E+001, 6.2943479E+000, 3.9829751E+001, 6.1087649E+000, 2.5584253E+001, 6.0190342E+000, 1.3837817E+001, 3.0333706E+001, 1.3977893E+001, 9.0633544E+000
 1.5000099E+003, 1.9319004E+002, 1.9313765E+002, 1.9298602E+002, 1.9249969E+002, 1.9220726E+002, 1.9155983E+002, 1.9123150E+002, 1.9027906E+002, 1.8959473E+002, 1.8747912E+002, 1.8476838E+002, 7.3788706E+001, 4.2434349E+001, 1.8172076E+002, 1.7927278E+002, 1.1658745E+002, 5.1518466E+001, 1.1930182E+001, 8.9678048E+000, 1.9580198E-001, 9.2457078E-003, 2.3997077E-005, 7.1555730E+000, 6.9977343E+001, 7.6747199E+001, 6.4331898E+001, 5.4785623E+001, 4.5817983E+001, 3.6506777E+001, 2.9325318E+001, 1.9374451E+001, 1.4983364E+001, 6.8108330E+000, 5.8409185E+001, 6.2964969E+000, 3.9516243E+001, 6.1108326E+000, 2.5930974E+001, 6.0198014E+000, 1.3942072E+001, 3.0455196E+001, 1.3842494E+001, 9.0457722E+000
 1.5100118E+003, 1.9226017E+002, 1.9199683E+002, 1.9184028E+002, 1.9150537E+002, 1.9133252E+002, 1.9072069E+002, 1.9029264E+002, 1.8932653E+002, 1.8852305E+002, 1.8632391E+002, 1.8374722E+002, 7.2275350E+001, 4.1732862E+001, 1.8032724E+002, 1.7938574E+002, 1.1607937E+002, 4.7109278E+001, 1.0322762E+001, 9.0832834E+000, 1.9604196E-001, 9.0910762E-003, 2.3578053E-005, 7.1863498E+000, 7.3213001E+001, 7.6904036E+001, 6.3429455E+001, 5.4691885E+001, 4.6081076E+001, 3.6323379E+001, 2.9855745E+001, 1.9895636E+001, 1.4860453E+001, 6.8175425E+000, 5.7705143E+001, 6.3213274E+000, 3.9309184E+001, 6.1129408E+000, 2.5512671E+001, 6.0206532E+000, 1.4082746E+001, 3.0192118E+001, 1.3879872E+001, 9.0905220E+000
 1.5200037E+003, 1.9043152E+002, 1.9024718E+002, 1.9017237E+002, 1.9003893E+002, 1.8992750E+002, 1.8914758E+002, 1.8853955E+002, 1.8734454E+002, 1.8669316E+002, 1.8454629E+002, 1.8175492E+002, 6.7504741E+001, 4.0998538E+001, 1.7971221E+002, 1.7767259E+002, 1.2338579E+002, 5.3163766E+001, 1.1839412E+001, 9.0314205E+000, 1.9574549E-001, 9.2821035E-003, 2.4095703E-005, 7.2431480E+000, 7.3108312E+001, 7.5035354E+001, 6.4573698E+001, 5.4206301E+001, 4.4867294E+001, 3.7708534E+001, 2.8683875E+001, 2.0028442E+001, 1.4913882E+001, 6.8286633E+000, 5.7427132E+001, 6.3289685E+000, 3.8284779E+001, 6.1137789E+000, 2.5256370E+001, 6.0216111E+000, 1.4034274E+001, 3.0208319E+001, 1.3757477E+001, 9.1921356E+000
 1.5300035E+003, 1.8945337E+002, 1.8897091E+002, 1.8877464E+002, 1.8858451E+002, 1.8850037E+002, 1.8801589E+002, 1.8760417E+002, 1.8654284E+002, 1.8606305E+002, 1.8441173E+002, 1.8212908E+002, 6.9925409E+001, 4.1321312E+001, 1.7887756E+002, 1.7695823E+002, 1.2020666E+002, 5.0628480E+001, 1.1068371E+001, 8.8538405E+000, 1.9609751E-001, 9.0552869E-003, 2.3481070E-005, 7.1667411E+000, 6.9468650E+001, 7.6120974E+001, 6.4118349E+001, 5.2884616E+001, 4.5122214E+001, 3.6692203E+001, 2.9487684E+001, 1.9684577E+001, 1.4777304E+001, 6.8389006E+000, 5.7262619E+001, 6.3291712E+000, 3.8636770E+001, 6.1212955E+000, 2.5618399E+001, 6.0224960E+000, 1.3492995E+001, 2.9784648E+001, 1.3611485E+001, 9.2381800E+000
 1.5400148E+003, 1.8847169E+002, 1.8843592E+002, 1.8836208E+002, 1.8807283E+002, 1.8785253E+002, 1.8712009E+002, 1.8669096E+002, 1.8572710E+002, 1.8517811E+002, 1.8341080E+002, 1.8083466E+002, 7.2659159E+001, 4.0766687E+001, 1.7777066E+002, 1.7636786E+002, 1.1953780E+002, 3.9189111E+001, 9.8514426E+000, 8.8487908E+000, 1.9540088E-001, 9.5041502E-003, 2.4697409E-005, 7.2075659E+000, 7.1728434E+001, 7.5528342E+001, 6.3202480E+001, 5.2574050E+001, 4.4647146E+001, 3.6260366E+001, 2.9745660E+001, 2.0505169E+001, 1.4900699E+001, 6.8604055E+000, 5.6177878E+001, 6.3449569E+000, 3.8957312E+001, 6.1280783E+000, 2.5132043E+001, 6.0232634E+000, 1.3410867E+001, 2.9677234E+001, 1.3829944E+001, 9.2095587E+000
 1.5500055E+003, 1.8735310E+002, 1.8737123E+002, 1.8728619E+002, 1.8708818E+002, 1.8694370E+002, 1.8640557E+002, 1.8599422E+002, 1.8501468E+002, 1.8441068E+002, 1.8251284E+002, 1.8003941E+002, 7.2823771E+001, 3.9387966E+001, 1.7546743E+002, 1.7527608E+002, 1.2517205E+002, 4.2747079E+001, 1.0915409E+001, 8.8276726E+000, 1.9513151E-001, 9.6777134E-003, 2.5167735E-005, 7.2258283E+000, 7.3084948E+001, 7.4914545E+001, 6.3772742E+001, 5.2597056E+001, 4.3449416E+001, 3.5857016E+001, 2.8835427E+001, 2.0964394E+001, 1.5165740E+001, 6.8587246E+000, 5.6827252E+001, 6.3545089E+000, 3.8407377E+001, 6.1264665E+000, 2.4796531E+001, 6.0240066E+000, 1.4034508E+001, 2.9537664E+001, 1.3468993E+001, 9.1561976E+000
 1.5600004E+003, 1.8680826E+002, 1.8670329E+002, 1.8667261E+002, 1.8635099E+002, 1.8617834E+002, 1.8581244E+002, 1.8546215E+002, 1.8461334E+002, 1.8390169E+002, 1.8099843E+002, 1.7785665E+002, 7.1087725E+001, 3.9441423E+001, 1.7475921E+002, 1.7401205E+002, 1.2460466E+002, 4.9623423E+001, 1.0012308E+001, 8.7856003E+000, 1.9519766E-001, 9.6350873E-003, 2.5052226E-005, 7.1287677E+000, 7.0727467E+001, 7.5644572E+001, 6.2067992E+001, 5.3704105E+001, 4.4107560E+001, 3.5517004E+001, 2.9432686E+001, 2.0087071E+001, 1.5209744E+001, 6.8518425E+000, 5.7065935E+001, 6.3653950E+000, 3.8290910E+001, 6.1257531E+000, 2.4897993E+001, 6.0248716E+000, 1.4104404E+001, 2.9182879E+001, 1.3548921E+001, 8.9929625E+000
 1.5700066E+003, 1.8499635E+002, 1.8481711E+002, 1.8467647E+002, 1.8431062E+002, 1.8411979E+002, 1.8361719E+002, 1.8328865E+002, 1.8236935E+002, 1.8183310E+002, 1.7971035E+002, 1.7688696E+002, 7.3281953E+001, 3.9956598E+001, 1.7371527E+002, 1.7260377E+002, 1.1663758E+002, 4.0934766E+001, 1.0923911E+001, 8.8557552E+000, 1.9518224E-001, 9.6450242E-003, 2.5079153E-005, 7.2214807E+000, 6.7729782E+001, 7.3813846E+001, 6.2372256E+001, 5.3772257E+001, 4.5298602E+001, 3.5516494E+001, 2.8568977E+001, 2.0234367E+001, 1.5035754E+001, 6.8825338E+000, 5.6302854E+001, 6.3672367E+000, 3.8325957E+001, 6.1256664E+000, 2.4961166E+001, 6.0257423E+000, 1.3845552E+001, 2.8993715E+001, 1.3479231E+001, 8.9648320E+000
 1.5800010E+003, 1.8473426E+002, 1.8446810E+002, 1.8433748E+002, 1.8398059E+002, 1.8376739E+002, 1.8310299E+002, 1.8271095E+002, 1.8171913E+002, 1.8109493E+002, 1.7920986E+002, 1.7693356E+002, 7.3526246E+001, 3.9672788E+001, 1.7271076E+002, 1.7190271E+002, 1.1321421E+002, 4.1052604E+001, 9.8124498E+000, 8.7761915E+000, 1.9531524E-001, 9.5593317E-003, 2.4846942E-005, 7.0619887E+000, 6.8199412E+001, 7.5041167E+001, 6.4155371E+001, 5.3380367E+001, 4.4066281E+001, 3.6263130E+001, 2.8396065E+001, 1.9621594E+001, 1.5086200E+001, 6.8998690E+000, 5.5905134E+001, 6.3690313E+000, 3.8099153E+001, 6.1231203E+000, 2.4620241E+001, 6.0265428E+000, 1.3487947E+001, 3.0160711E+001, 1.2997407E+001, 8.9195682E+000
 1.5900137E+003, 1.8354293E+002, 1.8360909E+002, 1.8354685E+002, 1.8292431E+002, 1.8268042E+002, 1.8197054E+002, 1.8165502E+002, 1.8087873E+002, 1.8032399E+002, 1.7860920E+002, 1.7635082E+002, 7.5692785E+001, 3.9390689E+001, 1.7183904E+002, 1.7003771E+002, 1.1897913E+002, 4.7060433E+001, 1.0529217E+001, 8.7607351E+000, 1.9587419E-001, 9.1991765E-003, 2.3870985E-005, 7.1634304E+000, 7.3204261E+001, 7.4152891E+001, 6.1629957E+001, 5.2905680E+001, 4.3318485E+001, 3.5690967E+001, 2.9200103E+001, 1.9978205E+001, 1.5059386E+001, 6.9299489E+000, 5.5438434E+001, 6.3795766E+000, 3.8850305E+001, 6.1375018E+000, 2.4210841E+001, 6.0273154E+000, 1.3595669E+001, 2.9727213E+001, 1.3157695E+001, 9.0800989E+000
 1.6000071E+003, 1.8214376E+002, 1.8204593E+002, 1.8195662E+002, 1.8149174E+002, 1.8128257E+002, 1.8066273E+002, 1.8025783E+002, 1.7921967E+002, 1.7855342E+002, 1.7659666E+002, 1.7428184E+002, 7.3501941E+001, 3.8042402E+001, 1.7151231E+002, 1.6948896E+002, 1.1346382E+002, 4.8448254E+001, 1.1152005E+001, 8.7289589E+000, 1.9586802E-001, 9.2031558E-003, 2.3881769E-005, 7.1799179E+000, 7.3386172E+001, 7.3136741E+001, 6.3386299E+001, 5.1875526E+001, 4.4402910E+001, 3.4827411E+001, 2.8670491E+001, 1.9842883E+001, 1.4746995E+001, 6.9286810E+000, 5.5508688E+001, 6.3787469E+000, 3.8589784E+001, 6.1485680E+000, 2.3964158E+001, 6.0281620E+000, 1.3737734E+001, 2.9804733E+001, 1.3178308E+001, 9.0600329E+000
 1.6100056E+003, 1.8183540E+002, 1.8189893E+002, 1.8175550E+002, 1.8132397E+002, 1.8111832E+002, 1.8062634E+002, 1.8021811E+002, 1.7930718E+002, 1.7865166E+002, 1.7672951E+002, 1.7382910E+002, 6.8189302E+001, 3.7465047E+001, 1.7012200E+002, 1.6704310E+002, 1.1057545E+002, 4.6335876E+001, 9.6453412E+000, 8.7802753E+000, 1.9561941E-001, 9.3633392E-003, 2.4315837E-005, 7.1032562E+000, 7.2654481E+001, 7.2175952E+001, 6.2097496E+001, 5.1950182E+001, 4.4080312E+001, 3.4252258E+001, 2.8784691E+001, 2.0053450E+001, 1.4590463E+001, 6.9267548E+000, 5.5355686E+001, 6.3761132E+000, 3.8043832E+001, 6.1472291E+000, 2.4553638E+001, 6.0290252E+000, 1.3659042E+001, 2.9453051E+001, 1.3319590E+001, 8.9734159E+000
 1.6200160E+003, 1.8087375E+002, 1.8095339E+002, 1.8085535E+002, 1.8062292E+002, 1.8055686E+002, 1.7971906E+002, 1.7919120E+002, 1.7834068E+002, 1.7771620E+002, 1.7615280E+002, 1.7303027E+002, 7.1773594E+001, 3.7660364E+001, 1.6905726E+002, 1.6761651E+002, 1.0922743E+002, 4.4214044E+001, 9.6680623E+000, 8.6963398E+000, 1.9607397E-001, 9.0704513E-003, 2.3522163E-005, 7.0595784E+000, 7.3165519E+001, 7.3814796E+001, 6.3140889E+001, 5.3187580E+001, 4.3616147E+001, 3.4771462E+001, 2.8630289E+001, 2.0695810E+001, 1.4681576E+001, 6.9316020E+000, 5.4810041E+001, 6.3854183E+000, 3.7462093E+001, 6.1487635E+000, 2.4532127E+001, 6.0297435E+000, 1.3372696E+001, 2.8952087E+001, 1.2945462E+001, 8.9513662E+000
 1.6300022E+003, 1.7975515E+002, 1.7956956E+002, 1.7933217E+002, 1.7896690E+002, 1.7885250E+002, 1.7819642E+002, 1.7785694E+002, 1.7710763E+002, 1.7649987E+002, 1.7485278E+002, 1.7221454E+002, 7.0372623E+001, 3.7454193E+001, 1.6890855E+002, 1.6755672E+002, 1.1282972E+002, 3.9545322E+001, 9.4264998E+000, 8.6369020E+000, 1.9629384E-001, 8.9287833E-003, 2.3138268E-005, 7.0841806E+000, 7.1372683E+001, 7.3801173E+001, 6.2754117E+001, 5.3508198E+001, 4.4419031E+001, 3.4477775E+001, 2.7617225E+001, 2.1162189E+001, 1.4623169E+001, 6.9629100E+000, 5.4676116E+001, 6.3946365E+000, 3.7336628E+001, 6.1525140E+000, 2.4356745E+001, 6.0303773E+000, 1.3576359E+001, 2.9069223E+001, 1.3201211E+001, 8.8694341E+000
 1.6400063E+003, 1.8122664E+002, 1.8094742E+002, 1.8084759E+002, 1.8040285E+002, 1.8003926E+002, 1.7913455E+002, 1.7866234E+002, 1.7756799E+002, 1.7703206E+002, 1.7565784E+002, 1.7341384E+002, 7.7258666E+001, 3.7527695E+001, 1.6830026E+002, 1.6670103E+002, 1.1423461E+002, 4.1499687E+001, 1.1442892E+001, 8.7275634E+000, 1.9597082E-001, 9.1369145E-003, 2.3702267E-005, 6.9925227E+000, 7.0286078E+001, 7.3649927E+001, 6.1503960E+001, 5.2612433E+001, 4.3367028E+001, 3.5237941E+001, 2.8104435E+001, 1.9902791E+001, 1.4589639E+001, 6.9723323E+000, 5.4026854E+001, 6.4016025E+000, 3.7469537E+001, 6.1537303E+000, 2.4200167E+001, 6.0309964E+000, 1.3680025E+001, 2.8826902E+001, 1.3092911E+001, 8.9222490E+000
 1.6500046E+003, 1.8471204E+002, 1.8446802E+002, 1.8427047E+002, 1.8381243E+002, 1.8346614E+002, 1.8259092E+002, 1.8210920E+002, 1.8100143E+002, 1.8033968E+002, 1.7827670E+002, 1.7576741E+002, 8.1932270E+001, 3.8751987E+001, 1.7091940E+002, 1.6817233E+002, 1.1870709E+002, 4.4920147E+001, 1.0776389E+001, 8.7494036E+000, 1.9564410E-001, 9.3474308E-003, 2.4272728E-005, 7.0597396E+000, 6.7741097E+001, 7.1724962E+001, 6.1886257E+001, 5.2208745E+001, 4.3253827E+001, 3.5207410E+001, 2.8003670E+001, 1.9696300E+001, 1.4705422E+001, 6.9831172E+000, 5.4536765E+001, 6.4159919E+000, 3.7763728E+001, 6.1566659E+000, 2.4392637E+001, 6.0315907E+000, 1.3682149E+001, 2.8958662E+001, 1.3063169E+001, 8.9332190E+000
 1.6600061E+003, 1.8975670E+002, 1.8943691E+002, 1.8929231E+002, 1.8887562E+002, 1.8849448E+002, 1.8749299E+002, 1.8677629E+002, 1.8534238E+002, 1.8465767E+002, 1.8305127E+002, 1.8144683E+002, 9.8599123E+001, 3.9460662E+001, 1.7467626E+002, 1.7024013E+002, 1.2878818E+002, 5.2499982E+001, 1.0694147E+001, 8.7789071E+000, 1.9536066E-001, 9.5300635E-003, 2.4767630E-005, 6.9937555E+000, 7.1140007E+001, 7.2750473E+001, 6.2052031E+001, 5.1832243E+001, 4.4041551E+001, 3.5000433E+001, 2.8609210E+001, 1.9884207E+001, 1.4916144E+001, 6.9926362E+000, 5.4611707E+001, 6.4148249E+000, 3.7598753E+001, 6.1702836E+000, 2.4590294E+001, 6.0320867E+000, 1.3699029E+001, 2.8736279E+001, 1.3040068E+001, 8.7827540E+000
 1.6700012E+003, 1.9590861E+002, 1.9575913E+002, 1.9551624E+002, 1.9508174E+002, 1.9493197E+002, 1.9424941E+002, 1.9400946E+002, 1.9250632E+002, 1.9127893E+002, 1.8849272E+002, 1.8593039E+002, 1.0464510E+002, 4.0503568E+001, 1.7575052E+002, 1.7126089E+002, 1.3340642E+002, 6.1890440E+001, 1.4525411E+001, 8.7303420E+000, 1.9496739E-001, 9.7834627E-003, 2.5454296E-005, 7.0352990E+000, 7.1099297E+001, 7.2831123E+001, 6.0915440E+001, 5.0558705E+001, 4.3115017E+001, 3.5098655E+001, 2.8480925E+001, 2.0723978E+001, 1.4885471E+001, 6.9890169E+000, 5.4587715E+001, 6.4139788E+000, 3.7770003E+001, 6.1771346E+000, 2.4370503E+001, 6.0326758E+000, 1.3378974E+001, 2.8614698E+001, 1.3329889E+001, 8.7975719E+000
 1.6800027E+003, 2.0061984E+002, 1.9981430E+002, 1.9953428E+002, 1.9900320E+002, 1.9888235E+002, 1.9824639E+002, 1.9783262E+002, 1.9646811E+002, 1.9534273E+002, 1.9279538E+002, 1.9093071E+002, 1.1565234E+002, 4.3481828E+001, 1.8433715E+002, 1.7781178E+002, 1.4185748E+002, 5.6845905E+001, 1.0851982E+001, 8.7783320E+000, 1.9411411E-001, 1.0333259E-002, 2.6944145E-005, 7.1191480E+000, 7.4761741E+001, 7.4662768E+001, 6.0922437E+001, 5.0374938E+001, 4.2733362E+001, 3.4338215E+001, 2.8218137E+001, 2.0353178E+001, 1.4450564E+001, 6.9899160E+000, 5.4653597E+001, 6.4159779E+000, 3.7196813E+001, 6.1793869E+000, 2.3882978E+001, 6.0336921E+000, 1.3294582E+001, 2.9195185E+001, 1.3124721E+001, 8.7287419E+000
 1.6900116E+003, 2.0989251E+002, 2.0885929E+002, 2.0858533E+002, 2.0817183E+002, 2.0800068E+002, 2.0657731E+002, 2.0553582E+002, 2.0392388E+002, 2.0286062E+002, 2.0008507E+002, 1.9777648E+002, 1.3115680E+002, 4.4832643E+001, 1.9027716E+002, 1.8426751E+002, 1.4204509E+002, 5.9190002E+001, 1.0419631E+001, 8.8564391E+000, 1.9342021E-001, 1.0780367E-002, 2.8155728E-005, 7.0936802E+000, 7.5207338E+001, 7.4734560E+001, 6.2406866E+001, 4.9920246E+001, 4.3093440E+001, 3.4719381E+001, 2.8427298E+001, 1.9949780E+001, 1.4755821E+001, 6.9884869E+000, 5.4177415E+001, 6.4307748E+000, 3.7262188E+001, 6.1829153E+000, 2.3956681E+001, 6.0351067E+000, 1.3596745E+001, 2.9151505E+001, 1.3073301E+001, 8.7521967E+000
 1.7000100E+003, 2.1948628E+002, 2.1897191E+002, 2.1841828E+002, 2.1772616E+002, 2.1721933E+002, 2.1556385E+002, 2.1477042E+002, 2.1352015E+002, 2.1226196E+002, 2.0956008E+002, 2.0676746E+002, 1.3110391E+002, 4.4400124E+001, 1.9599290E+002, 1.8609501E+002, 1.5243454E+002, 6.6948188E+001, 1.1779071E+001, 8.8472950E+000, 1.9238390E-001, 1.1448095E-002, 2.9965150E-005, 7.1930177E+000, 8.5045685E+001, 7.6989665E+001, 6.2568440E+001, 5.0244869E+001, 4.3099401E+001, 3.5125845E+001, 2.8803151E+001, 1.9914271E+001, 1.5246991E+001, 7.0242637E+000, 5.5005146E+001, 6.4541167E+000, 3.7199788E+001, 6.1874021E+000, 2.4235167E+001, 6.0367991E+000, 1.3598226E+001, 2.8694546E+001, 1.2924935E+001, 8.8844470E+000
 1.7100128E+003, 2.2752453E+002, 2.2691502E+002, 2.2663637E+002, 2.2603615E+002, 2.2562066E+002, 2.2433958E+002, 2.2359802E+002, 2.2136431E+002, 2.1988455E+002, 2.1653206E+002, 2.1429572E+002, 1.4890270E+002, 4.7125336E+001, 2.0762436E+002, 1.9632657E+002, 1.6017375E+002, 6.4575606E+001, 1.1501566E+001, 8.8183741E+000, 1.9197849E-001, 1.1709313E-002, 3.0673006E-005, 7.2779332E+000, 8.3921805E+001, 7.9099538E+001, 6.5484528E+001, 5.0279382E+001, 4.3156161E+001, 3.5028751E+001, 2.7596990E+001, 2.0048035E+001, 1.4989038E+001, 7.0323681E+000, 5.5478733E+001, 6.4450989E+000, 3.6947667E+001, 6.1878639E+000, 2.3969430E+001, 6.0384956E+000, 1.3657619E+001, 2.8768836E+001, 1.2753649E+001, 8.9025514E+000
 1.7200013E+003, 2.3801469E+002, 2.3694582E+002, 2.3653315E+002, 2.3558292E+002, 2.3502232E+002, 2.3362649E+002, 2.3270777E+002, 2.3104216E+002, 2.2985991E+002, 2.2631997E+002, 2.2375585E+002, 1.5663375E+002, 4.8826094E+001, 2.1543024E+002, 2.0355246E+002, 1.6208931E+002, 6.8707754E+001, 1.0856787E+001, 8.9062974E+000, 1.9062348E-001, 1.2582395E-002, 3.3038900E-005, 7.3302798E+000, 8.8119010E+001, 8.1744566E+001, 6.7413297E+001, 5.0613637E+001, 4.3146820E+001, 3.5461012E+001, 2.7891916E+001, 2.0624848E+001, 1.5258847E+001, 7.0105585E+000, 5.7274338E+001, 6.4193058E+000, 3.7066427E+001, 6.1853836E+000, 2.3968993E+001, 6.0398671E+000, 1.3313182E+001, 2.8610530E+001, 1.3113779E+001, 8.8336420E+000
 1.7300002E+003, 2.4582317E+002, 2.4519748E+002, 2.4487028E+002, 2.4381016E+002, 2.4319684E+002, 2.4138303E+002, 2.4068641E+002, 2.3930821E+002, 2.3831460E+002, 2.3543455E+002, 2.3305326E+002, 1.6809471E+002, 4.8542187E+001, 2.2517507E+002, 2.0813398E+002, 1.6922512E+002, 6.8883799E+001, 1.1441707E+001, 8.9656220E+000, 1.9009293E-001, 1.2924249E-002, 3.3965262E-005, 7.1892993E+000, 8.8219139E+001, 8.6382604E+001, 6.6056535E+001, 5.1507797E+001, 4.4231570E+001, 3.5779200E+001, 2.7916658E+001, 2.0117618E+001, 1.5181730E+001, 7.0051210E+000, 5.8355045E+001, 6.4405717E+000, 3.7055620E+001, 6.1879029E+000, 2.4084306E+001, 6.0411543E+000, 1.3833310E+001, 2.9147014E+001, 1.3435753E+001, 8.9531527E+000
 1.7400157E+003, 2.4878171E+002, 2.4979102E+002, 2.4962701E+002, 2.4909479E+002, 2.4873062E+002, 2.4681279E+002, 2.4569628E+002, 2.4415727E+002, 2.4323623E+002, 2.4061778E+002, 2.3828719E+002, 1.6867792E+002, 5.1696277E+001, 2.3394833E+002, 2.1337151E+002, 1.7752671E+002, 7.1136010E+001, 1.0188810E+001, 8.9203333E+000, 1.8970231E-001, 1.3175939E-002, 3.4647297E-005, 7.2317302E+000, 9.2845108E+001, 8.7935491E+001, 7.0571685E+001, 5.2795690E+001, 4.4002077E+001, 3.4714234E+001, 2.7227046E+001, 2.0709465E+001, 1.4776754E+001, 7.0465119E+000, 6.0130549E+001, 6.4896549E+000, 3.6920436E+001, 6.2013309E+000, 2.3818005E+001, 6.0424325E+000, 1.3996612E+001, 2.9700305E+001, 1.3191268E+001, 8.8889642E+000
 1.7500080E+003, 2.5466247E+002, 2.5466954E+002, 2.5445707E+002, 2.5364894E+002, 2.5333641E+002, 2.5237311E+002, 2.5166790E+002, 2.4931045E+002, 2.4801298E+002, 2.4458000E+002, 2.4163137E+002, 1.6729448E+002, 5.2590963E+001, 2.3850599E+002, 2.2101347E+002, 1.7230706E+002, 6.9624404E+001, 1.0232684E+001, 9.0948407E+000, 1.8903662E-001, 1.3604865E-002, 3.5809610E-005, 7.2835088E+000, 9.2123024E+001, 9.0638909E+001, 7.3271885E+001, 5.3635597E+001, 4.4378439E+001, 3.4717444E+001, 2.7897044E+001, 1.9395061E+001, 1.4847161E+001, 7.0367714E+000, 5.9950802E+001, 6.5071396E+000, 3.7419320E+001, 6.2109494E+000, 2.4038553E+001, 6.0438405E+000, 1.3638696E+001, 2.9494838E+001, 1.3334105E+001, 8.9426482E+000
 1.7600092E+003, 2.5727162E+002, 2.5705230E+002, 2.5667034E+002, 2.5600540E+002, 2.5548550E+002, 2.5434216E+002, 2.5356963E+002, 2.5153033E+002, 2.5041035E+002, 2.4779793E+002, 2.4517659E+002, 1.5598427E+002, 5.3180404E+001, 2.3908468E+002, 2.2473490E+002, 1.8018037E+002, 6.9631318E+001, 9.8033659E+000, 9.1786051E+000, 1.8876236E-001, 1.3781581E-002, 3.6288479E-005, 7.2227966E+000, 8.9137822E+001, 9.0554801E+001, 7.1657638E+001, 5.5782475E+001, 4.4937306E+001, 3.5376923E+001, 2.8291771E+001, 1.8797493E+001, 1.4987839E+001, 7.0378460E+000, 6.1718191E+001, 6.5165099E+000, 3.7635285E+001, 6.2026820E+000, 2.3708882E+001, 6.0455695E+000, 1.3522489E+001, 2.9754065E+001, 1.2961010E+001, 9.0036873E+000
 1.7700050E+003, 2.5621100E+002, 2.5614334E+002, 2.5588987E+002, 2.5512729E+002, 2.5463332E+002, 2.5369316E+002, 2.5301283E+002, 2.5105840E+002, 2.4991587E+002, 2.4666636E+002, 2.4411805E+002, 1.4385331E+002, 5.2302003E+001, 2.3931063E+002, 2.2407712E+002, 1.7095515E+002, 6.5082613E+001, 1.1771431E+001, 9.1247117E+000, 1.8898269E-001, 1.3639614E-002, 3.5903773E-005, 7.1785638E+000, 9.2677600E+001, 9.2663242E+001, 7.1328437E+001, 5.6887279E+001, 4.7158191E+001, 3.6724729E+001, 2.8423315E+001, 1.9684614E+001, 1.5076966E+001, 7.0660757E+000, 6.3578495E+001, 6.5087719E+000, 3.8045484E+001, 6.2040257E+000, 2.3890892E+001, 6.0473682E+000, 1.3620866E+001, 3.0544405E+001, 1.2972830E+001, 8.9366431E+000
 1.7800075E+003, 2.5759716E+002, 2.5687208E+002, 2.5654215E+002, 2.5575885E+002, 2.5522748E+002, 2.5373568E+002, 2.5296726E+002, 2.5114127E+002, 2.4988083E+002, 2.4640426E+002, 2.4361639E+002, 1.2672132E+002, 5.0863518E+001, 2.3905210E+002, 2.2337877E+002, 1.7250352E+002, 6.8140736E+001, 1.3898691E+001, 9.1687606E+000, 1.8926996E-001, 1.3454516E-002, 3.5402192E-005, 7.1353624E+000, 9.3260647E+001, 9.2241895E+001, 7.3974122E+001, 5.9061754E+001, 4.7530744E+001, 3.5142834E+001, 2.8845391E+001, 1.9907926E+001, 1.4840391E+001, 7.1075335E+000, 6.3655660E+001, 6.5028358E+000, 3.8723856E+001, 6.2204419E+000, 2.3966734E+001, 6.0488314E+000, 1.3433975E+001, 3.0933434E+001, 1.3253532E+001, 8.9931723E+000
 1.7900019E+003, 2.5489706E+002, 2.5457518E+002, 2.5438130E+002, 2.5375485E+002, 2.5351210E+002, 2.5249554E+002, 2.5169018E+002, 2.5008662E+002, 2.4896173E+002, 2.4570190E+002, 2.4300613E+002, 1.1407693E+002, 5.0713459E+001, 2.3765350E+002, 2.2213238E+002, 1.6183046E+002, 6.1324177E+001, 1.0278234E+001, 9.1005158E+000, 1.8925706E-001, 1.3462828E-002, 3.5424716E-005, 7.2069429E+000, 9.0845736E+001, 9.2186144E+001, 7.4157642E+001, 5.8385017E+001, 4.7554432E+001, 3.5040372E+001, 2.9179148E+001, 1.9527289E+001, 1.4907652E+001, 7.1170381E+000, 6.3979498E+001, 6.5047887E+000, 4.0552434E+001, 6.2171407E+000, 2.3957511E+001, 6.0499542E+000, 1.3328286E+001, 3.1416926E+001, 1.3350626E+001, 9.0444638E+000
 1.8000133E+003, 2.5208010E+002, 2.5152256E+002, 2.5136368E+002, 2.5091900E+002, 2.5054912E+002, 2.4931558E+002, 2.4852358E+002, 2.4721361E+002, 2.4613900E+002, 2.4342145E+002, 2.4112047E+002, 1.1522319E+002, 5.0126061E+001, 2.3615626E+002, 2.1799305E+002, 1.6610463E+002, 6.4763764E+001, 1.1456998E+001, 9.1229740E+000, 1.9002931E-001, 1.2965244E-002, 3.4076353E-005, 7.2192009E+000, 8.7947336E+001, 9.2291461E+001, 7.1497895E+001, 5.9155436E+001, 4.8268766E+001, 3.6259844E+001, 2.8691168E+001, 2.0283912E+001, 1.4632439E+001, 7.1278588E+000, 6.5013579E+001, 6.5030540E+000, 4.0234963E+001, 6.2061767E+000, 2.4186857E+001, 6.0509958E+000, 1.3299960E+001, 3.2070399E+001, 1.3187232E+001, 8.9281679E+000
 1.8100011E+003, 2.5047207E+002, 2.4970392E+002, 2.4936175E+002, 2.4907382E+002, 2.4865860E+002, 2.4720012E+002, 2.4637611E+002, 2.4469764E+002, 2.4351851E+002, 2.4038176E+002, 2.3808138E+002, 1.1861530E+002, 5.0193138E+001, 2.3509678E+002, 2.1606429E+002, 1.6825021E+002, 6.3310418E+001, 1.2005383E+001, 8.9775365E+000, 1.9089608E-001, 1.2406751E-002, 3.2562936E-005, 7.1815433E+000, 8.5638174E+001, 9.0265564E+001, 7.1092030E+001, 5.9660580E+001, 4.8302123E+001, 3.6739691E+001, 2.9410112E+001, 2.0146602E+001, 1.4759247E+001, 7.1442761E+000, 6.5812892E+001, 6.5186328E+000, 4.0582298E+001, 6.2190435E+000, 2.4678232E+001, 6.0519772E+000, 1.3114908E+001, 3.1524456E+001, 1.3221738E+001, 8.9251187E+000
 1.8200093E+003, 2.4901025E+002, 2.4835668E+002, 2.4807276E+002, 2.4753666E+002, 2.4715626E+002, 2.4588014E+002, 2.4506261E+002, 2.4314713E+002, 2.4204875E+002, 2.3895718E+002, 2.3585961E+002, 1.0955929E+002, 4.8919541E+001, 2.3226267E+002, 2.1650823E+002, 1.6165414E+002, 6.3357901E+001, 1.1008250E+001, 9.0142668E+000, 1.9153719E-001, 1.1993664E-002, 3.1443545E-005, 7.1325114E+000, 8.7109472E+001, 8.7711327E+001, 7.3929761E+001, 5.9863632E+001, 4.7723178E+001, 3.7096575E+001, 2.9154725E+001, 1.9800428E+001, 1.4986551E+001, 7.1372051E+000, 6.5056900E+001, 6.5188616E+000, 4.0655738E+001, 6.2357095E+000, 2.4763292E+001, 6.0529856E+000, 1.3128196E+001, 3.2322503E+001, 1.3426130E+001, 8.9599055E+000
 1.8300136E+003, 2.4694586E+002, 2.4643932E+002, 2.4605484E+002, 2.4488543E+002, 2.4426670E+002, 2.4306605E+002, 2.4248084E+002, 2.4141030E+002, 2.4050971E+002, 2.3723437E+002, 2.3439319E+002, 1.0417071E+002, 4.7974480E+001, 2.2732339E+002, 2.1561463E+002, 1.6072189E+002, 6.0795308E+001, 1.0634543E+001, 9.0684318E+000, 1.9096320E-001, 1.2363504E-002, 3.2445745E-005, 7.1500507E+000, 8.7136156E+001, 8.5525355E+001, 7.2881826E+001, 5.9409919E+001, 4.8166082E+001, 3.8349744E+001, 2.9701331E+001, 2.0366239E+001, 1.5396152E+001, 7.1395997E+000, 6.3905055E+001, 6.5234668E+000, 4.1004887E+001, 6.2410764E+000, 2.4499534E+001, 6.0541335E+000, 1.3296763E+001, 3.1987592E+001, 1.3367738E+001, 8.8781905E+000
 1.8400054E+003, 2.3471346E+002, 2.3460788E+002, 2.3440079E+002, 2.3380570E+002, 2.3337427E+002, 2.3235012E+002, 2.3174706E+002, 2.3003799E+002, 2.2890165E+002, 2.2374296E+002, 2.1446495E+002, 7.6599396E+001, 4.3748988E+001, 2.2304055E+002, 2.0813753E+002, 1.4893041E+002, 5.3666368E+001, 9.7232119E+000, 8.8653360E+000, 1.9189233E-001, 1.1764831E-002, 3.0823447E-005, 7.1798673E+000, 8.3244419E+001, 8.6951489E+001, 7.0956240E+001, 5.8907976E+001, 4.8360488E+001, 3.6566989E+001, 3.0549839E+001, 2.0367350E+001, 1.4951287E+001, 7.1309977E+000, 6.3474553E+001, 6.5339031E+000, 4.0989859E+001, 6.2398031E+000, 2.4960687E+001, 6.0552518E+000, 1.3261633E+001, 3.2145300E+001, 1.3783684E+001, 8.9186921E+000
 1.8500068E+003, 2.2100199E+002, 2.1837112E+002, 2.1616626E+002, 2.1235262E+002, 2.1089300E+002, 2.0742121E+002, 2.0576873E+002, 2.0205255E+002, 1.9910551E+002, 1.8219287E+002, 1.4819870E+002, 5.0113765E+001, 3.8701657E+001, 2.1510929E+002, 1.9374791E+002, 1.3215468E+002, 3.9995146E+001, 9.6040094E+000, 8.5138238E+000, 1.9502679E-001, 9.7451896E-003, 2.5350583E-005, 7.0675683E+000, 7.6915939E+001, 8.4913650E+001, 6.9229672E+001, 5.7639694E+001, 4.7347246E+001, 3.6928395E+001, 3.0388451E+001, 2.0965336E+001, 1.5336677E+001, 7.1331998E+000, 6.2263117E+001, 6.5424897E+000, 4.0992953E+001, 6.2281643E+000, 2.5084234E+001, 6.0561862E+000, 1.3175847E+001, 3.1920753E+001, 1.3609240E+001, 9.0223075E+000
 1.8600186E+003, 2.0855807E+002, 2.0425668E+002, 2.0196522E+002, 1.9875468E+002, 1.9765757E+002, 1.9510508E+002, 1.9269558E+002, 1.8155468E+002, 1.7081956E+002, 1.3422243E+002, 9.7885661E+001, 4.5015136E+001, 3.7003975E+001, 2.0603212E+002, 1.7824094E+002, 1.0674790E+002, 3.4058834E+001, 9.6915774E+000, 8.5498324E+000, 1.9844506E-001, 7.5426759E-003, 1.9382167E-005, 6.8666649E+000, 6.6029473E+001, 7.9588769E+001, 6.7399726E+001, 5.7740547E+001, 4.7511885E+001, 3.6910655E+001, 3.0032867E+001, 2.0680788E+001, 1.5366248E+001, 7.1447192E+000, 6.2103276E+001, 6.5589691E+000, 4.0748623E+001, 6.2412270E+000, 2.5206608E+001, 6.0572200E+000, 1.3532124E+001, 3.2115330E+001, 1.3480120E+001, 9.0650413E+000
 1.8700062E+003, 1.9711108E+002, 1.9269274E+002, 1.9165671E+002, 1.8923297E+002, 1.8778860E+002, 1.8520722E+002, 1.7992198E+002, 1.4838167E+002, 1.3256289E+002, 9.9722437E+001, 8.0271596E+001, 4.4869763E+001, 3.6918064E+001, 1.9637532E+002, 1.6381833E+002, 1.0123929E+002, 3.3655717E+001, 1.0333618E+001, 8.6303165E+000, 1.9919920E-001, 7.0567589E-003, 1.8065419E-005, 6.9774911E+000, 5.3883438E+001, 7.0728795E+001, 6.5413068E+001, 5.7415911E+001, 4.6537088E+001, 3.7854879E+001, 2.8866930E+001, 2.1077567E+001, 1.5176922E+001, 7.1388065E+000, 6.1052617E+001, 6.5700777E+000, 4.0149324E+001, 6.2534617E+000, 2.5261732E+001, 6.0583711E+000, 1.3493415E+001, 3.1566297E+001, 1.3567899E+001, 8.9808048E+000
 1.8800122E+003, 1.8880580E+002, 1.8515161E+002, 1.8423625E+002, 1.8155713E+002, 1.8003079E+002, 1.7367652E+002, 1.5970679E+002, 1.2047803E+002, 1.0724099E+002, 8.5282259E+001, 7.1418239E+001, 4.2068971E+001, 3.4624775E+001, 1.8782524E+002, 1.4967292E+002, 9.1984113E+001, 3.0513743E+001, 1.0679112E+001, 8.4768878E+000, 2.0001912E-001, 6.5284503E-003, 1.6633797E-005, 7.0226936E+000, 4.5569858E+001, 6.0780188E+001, 6.3068375E+001, 5.6222737E+001, 4.6374612E+001, 3.6584952E+001, 2.8495165E+001, 2.0412899E+001, 1.5138770E+001, 7.1601558E+000, 5.8981915E+001, 6.5774157E+000, 4.0082601E+001, 6.2540459E+000, 2.5109813E+001, 6.0594798E+000, 1.4061871E+001, 3.1715202E+001, 1.3609683E+001, 8.8700576E+000
 1.8900013E+003, 1.8094292E+002, 1.7727311E+002, 1.7616154E+002, 1.7352179E+002, 1.7162275E+002, 1.5694462E+002, 1.3630244E+002, 1.0402663E+002, 9.4513084E+001, 7.8068303E+001, 6.7847982E+001, 3.9289299E+001, 3.3975008E+001, 1.8033939E+002, 1.3459596E+002, 8.2616971E+001, 2.6556612E+001, 9.4265935E+000, 8.3557021E+000, 2.0036878E-001, 6.3031534E-003, 1.6023283E-005, 7.1050995E+000, 4.3727504E+001, 5.4986573E+001, 5.7182404E+001, 5.4789940E+001, 4.5292118E+001, 3.6725952E+001, 2.8541099E+001, 2.0519927E+001, 1.4989161E+001, 7.1887541E+000, 5.5331676E+001, 6.5844201E+000, 3.9398072E+001, 6.2572132E+000, 2.4829075E+001, 6.0598854E+000, 1.3965452E+001, 3.1300072E+001, 1.3531985E+001, 8.8859009E+000
 1.9000107E+003, 1.7407162E+002, 1.6987221E+002, 1.6851528E+002, 1.6513392E+002, 1.6210894E+002, 1.4218094E+002, 1.1962770E+002, 9.4332722E+001, 8.7344577E+001, 7.3941976E+001, 6.4696764E+001, 3.9719206E+001, 3.3262908E+001, 1.7290737E+002, 1.2229170E+002, 7.2843378E+001, 2.5182981E+001, 9.7462770E+000, 8.4609326E+000, 2.0155743E-001, 5.5372637E-003, 1.3947860E-005, 7.1473904E+000, 4.2582690E+001, 5.0693508E+001, 5.0402654E+001, 5.2103945E+001, 4.3812109E+001, 3.7200388E+001, 2.8378343E+001, 2.0129880E+001, 1.4893041E+001, 7.1772637E+000, 5.1002787E+001, 6.5782816E+000, 3.9206139E+001, 6.2584970E+000, 2.4866885E+001, 6.0597702E+000, 1.3773645E+001, 3.0896673E+001, 1.3503407E+001, 9.0080430E+000
 1.9100068E+003, 1.6740206E+002, 1.6331633E+002, 1.6178206E+002, 1.5629236E+002, 1.5119512E+002, 1.2982229E+002, 1.1007126E+002, 8.6965376E+001, 8.0619087E+001, 7.0454330E+001, 6.1482160E+001, 3.8782538E+001, 3.2281661E+001, 1.6607676E+002, 1.1579060E+002, 6.4701047E+001, 2.2753851E+001, 9.5341061E+000, 8.3593650E+000, 2.0206771E-001, 5.2084705E-003, 1.3056889E-005, 7.0092921E+000, 4.0807698E+001, 4.7432776E+001, 4.8016748E+001, 4.8563913E+001, 4.2491695E+001, 3.5212917E+001, 2.7526622E+001, 1.9555270E+001, 1.4651413E+001, 7.2299089E+000, 4.7251944E+001, 6.5783309E+000, 3.8316617E+001, 6.2590144E+000, 2.3856073E+001, 6.0597070E+000, 1.3722306E+001, 2.9773110E+001, 1.3281722E+001, 8.9023158E+000
 1.9200178E+003, 1.6116401E+002, 1.5719491E+002, 1.5558973E+002, 1.5009724E+002, 1.4397151E+002, 1.1867103E+002, 9.9441522E+001, 8.1331816E+001, 7.6165337E+001, 6.6289604E+001, 5.8085057E+001, 3.7764245E+001, 3.1750060E+001, 1.5947764E+002, 1.1036093E+002, 6.3473350E+001, 2.4971882E+001, 9.9992505E+000, 8.2663672E+000, 2.0263745E-001, 4.8413675E-003, 1.2062106E-005, 6.9594941E+000, 4.0642647E+001, 4.6515283E+001, 4.5100927E+001, 4.5586778E+001, 4.0982573E+001, 3.3956440E+001, 2.6970011E+001, 1.9892479E+001, 1.4874410E+001, 7.2160846E+000, 4.4567151E+001, 6.5847754E+000, 3.7759230E+001, 6.2616018E+000, 2.3759975E+001, 6.0598279E+000, 1.3723252E+001, 2.8718917E+001, 1.3272788E+001, 8.9109860E+000
 1.9300234E+003, 1.5496965E+002, 1.5081136E+002, 1.4948294E+002, 1.4379787E+002, 1.3712717E+002, 1.1170953E+002, 9.2721664E+001, 7.6690964E+001, 7.2145912E+001, 6.3596631E+001, 5.5839599E+001, 3.7920604E+001, 3.1158102E+001, 1.5326711E+002, 1.0494842E+002, 6.0310130E+001, 2.3252799E+001, 9.5373529E+000, 8.0800547E+000, 2.0331120E-001, 4.4072454E-003, 1.0885713E-005, 7.0225362E+000, 4.0880481E+001, 4.4061895E+001, 4.3254590E+001, 4.2999217E+001, 4.0684973E+001, 3.3326761E+001, 2.6890828E+001, 1.9282710E+001, 1.5108259E+001, 7.2271886E+000, 4.1937468E+001, 6.5871857E+000, 3.6780749E+001, 6.2647056E+000, 2.3899628E+001, 6.0606627E+000, 1.3527262E+001, 2.7777895E+001, 1.3320012E+001, 8.9954000E+000
 1.9400208E+003, 1.4975790E+002, 1.4554757E+002, 1.4409230E+002, 1.3794570E+002, 1.3011960E+002, 1.0445734E+002, 8.7624178E+001, 7.4327208E+001, 6.9847559E+001, 6.1804192E+001, 5.2900779E+001, 3.5288092E+001, 2.9629273E+001, 1.4806801E+002, 9.9761920E+001, 5.7944673E+001, 2.2196732E+001, 9.2479623E+000, 8.2269554E+000, 2.0348420E-001, 4.2957755E-003, 1.0583650E-005, 7.1568931E+000, 3.8724743E+001, 4.1967070E+001, 4.2160029E+001, 4.1552778E+001, 3.8960350E+001, 3.3408587E+001, 2.6175199E+001, 1.9531241E+001, 1.4696249E+001, 7.2608872E+000, 4.0008078E+001, 6.5762001E+000, 3.5370898E+001, 6.2707799E+000, 2.3521889E+001, 6.0623326E+000, 1.3441745E+001, 2.6948517E+001, 1.3023237E+001, 8.9166503E+000
 1.9500226E+003, 1.4534103E+002, 1.4108653E+002, 1.3942340E+002, 1.3192832E+002, 1.2359186E+002, 9.7638805E+001, 8.3596149E+001, 7.1476985E+001, 6.7567468E+001, 5.9534932E+001, 5.3007267E+001, 3.4536251E+001, 2.9168524E+001, 1.4354750E+002, 9.4785898E+001, 5.4599754E+001, 2.0829151E+001, 9.6383656E+000, 8.0776372E+000, 2.0403313E-001, 3.9420801E-003, 9.6251986E-006, 7.2213413E+000, 3.8937177E+001, 4.0970805E+001, 4.1578066E+001, 4.0447644E+001, 3.7828556E+001, 3.2539307E+001, 2.6164151E+001, 1.9463039E+001, 1.4690400E+001, 7.2567835E+000, 3.8957670E+001, 6.5946915E+000, 3.4029169E+001, 6.2727655E+000, 2.3115770E+001, 6.0637721E+000, 1.3241625E+001, 2.6240779E+001, 1.3212614E+001, 8.8884034E+000
 1.9600239E+003, 1.4090645E+002, 1.3672301E+002, 1.3477006E+002, 1.2546429E+002, 1.1779166E+002, 9.4077598E+001, 8.0642172E+001, 6.8702352E+001, 6.4564231E+001, 5.7452647E+001, 5.1622304E+001, 3.3801296E+001, 2.8139928E+001, 1.3908803E+002, 9.1975096E+001, 5.3985777E+001, 2.1646165E+001, 1.0037286E+001, 8.1120838E+000, 2.0421298E-001, 3.8261972E-003, 9.3111767E-006, 7.1641900E+000, 3.6108813E+001, 3.9529071E+001, 3.9246425E+001, 3.8748738E+001, 3.6204869E+001, 3.1573888E+001, 2.6122387E+001, 1.9568175E+001, 1.4543489E+001, 7.2295488E+000, 3.7983113E+001, 6.6025958E+000, 3.2559331E+001, 6.2726642E+000, 2.2937161E+001, 6.0649766E+000, 1.3187250E+001, 2.4631729E+001, 1.2875166E+001, 8.7958181E+000
 1.9700052E+003, 1.3689836E+002, 1.3261883E+002, 1.3052163E+002, 1.2051868E+002, 1.1371877E+002, 9.0986582E+001, 7.7736543E+001, 6.6658111E+001, 6.2754061E+001, 5.6020318E+001, 5.0016545E+001, 3.3310922E+001, 2.7809123E+001, 1.3511375E+002, 8.9315831E+001, 5.2742114E+001, 2.2621943E+001, 9.3498117E+000, 8.2718212E+000, 2.0426631E-001, 3.7918398E-003, 9.2180743E-006, 7.0555288E+000, 3.4975462E+001, 3.8166821E+001, 3.8218360E+001, 3.7580064E+001, 3.5336940E+001, 3.1216859E+001, 2.5725590E+001, 1.9328624E+001, 1.4597622E+001, 7.2225633E+000, 3.6751994E+001, 6.6081760E+000, 3.2160310E+001, 6.2646539E+000, 2.2522871E+001, 6.0664766E+000, 1.3531430E+001, 2.3905352E+001, 1.2716207E+001, 8.8791488E+000
 1.9800113E+003, 1.3317612E+002, 1.2849187E+002, 1.2678348E+002, 1.1731141E+002, 1.1005451E+002, 8.6970373E+001, 7.4810376E+001, 6.4476166E+001, 6.0935243E+001, 5.4739152E+001, 4.7159553E+001, 3.2595373E+001, 2.7233994E+001, 1.3115602E+002, 8.6188186E+001, 5.0703607E+001, 2.2757846E+001, 9.8112136E+000, 8.1991192E+000, 2.0486505E-001, 3.4060450E-003, 8.1726396E-006, 7.1156809E+000, 3.4969525E+001, 3.7470990E+001, 3.7628480E+001, 3.6497048E+001, 3.4973554E+001, 3.0991269E+001, 2.5116773E+001, 1.8699043E+001, 1.4445839E+001, 7.2471772E+000, 3.5512148E+001, 6.6151364E+000, 3.1003149E+001, 6.2614084E+000, 2.2025820E+001, 6.0687889E+000, 1.3610938E+001, 2.3718716E+001, 1.2863797E+001, 8.9523837E+000
 1.9900244E+003, 1.2950435E+002, 1.2482619E+002, 1.2302436E+002, 1.1300735E+002, 1.0584410E+002, 8.4823663E+001, 7.2752380E+001, 6.2724572E+001, 5.9384601E+001, 5.3469875E+001, 4.6080999E+001, 3.1595459E+001, 2.6671425E+001, 1.2762113E+002, 8.3105453E+001, 4.9654913E+001, 2.1691386E+001, 9.6972787E+000, 8.1650217E+000, 2.0499195E-001, 3.3242785E-003, 7.9510671E-006, 7.0349536E+000, 3.7097945E+001, 3.6795101E+001, 3.6989216E+001, 3.6408162E+001, 3.4042009E+001, 2.9804792E+001, 2.4811473E+001, 1.8820897E+001, 1.4272937E+001, 7.2469534E+000, 3.4873797E+001, 6.6118066E+000, 3.0139566E+001, 6.2774556E+000, 2.1875330E+001, 6.0713392E+000, 1.3555759E+001, 2.3312103E+001, 1.2749081E+001, 8.8852176E+000
 2.0000044E+003, 1.2603809E+002, 1.2183149E+002, 1.1985231E+002, 1.0938370E+002, 1.0221099E+002, 8.2302722E+001, 7.0786027E+001, 6.1173540E+001, 5.7616402E+001, 5.1994400E+001, 4.6114575E+001, 3.2249941E+001, 2.6810659E+001, 1.2438384E+002, 8.2272050E+001, 4.8744036E+001, 2.2052373E+001, 9.3533771E+000, 8.1036458E+000, 2.0529957E-001, 3.1260710E-003, 7.4139604E-006, 7.0643388E+000, 3.5817977E+001, 3.6477486E+001, 3.6464507E+001, 3.5130355E+001, 3.2930793E+001, 2.8614724E+001, 2.5293073E+001, 1.8310657E+001, 1.4535683E+001, 7.2755908E+000, 3.4445491E+001, 6.6202684E+000, 2.9324477E+001, 6.2912535E+000, 2.1682104E+001, 6.0732105E+000, 1.3541320E+001, 2.2702158E+001, 1.2733014E+001, 8.7078776E+000
 2.0100175E+003, 1.2294296E+002, 1.1859676E+002, 1.1634022E+002, 1.0640697E+002, 9.9154949E+001, 7.9632625E+001, 6.8665381E+001, 5.9998660E+001, 5.6287514E+001, 5.0242038E+001, 4.5304754E+001, 3.0685482E+001, 2.5814783E+001, 1.2119625E+002, 7.9418101E+001, 4.8239937E+001, 2.2410595E+001, 9.1613832E+000, 7.9601062E+000, 2.0530204E-001, 3.1244810E-003, 7.4096518E-006, 7.0505253E+000, 3.3439468E+001, 3.5826401E+001, 3.5819582E+001, 3.4260041E+001, 3.1286699E+001, 2.8522759E+001, 2.4412260E+001, 1.8006901E+001, 1.4122293E+001, 7.2464500E+000, 3.3603045E+001, 6.6257454E+000, 2.8900456E+001, 6.2983640E+000, 2.1434074E+001, 6.0743580E+000, 1.3190889E+001, 2.2150879E+001, 1.2450569E+001, 8.6990515E+000
 2.0200220E+003, 1.1986534E+002, 1.1534374E+002, 1.1317097E+002, 1.0382477E+002, 9.6927860E+001, 7.7540954E+001, 6.7062799E+001, 5.8337570E+001, 5.4876483E+001, 4.9298457E+001, 4.5788124E+001, 3.1481727E+001, 2.5413505E+001, 1.1801825E+002, 7.6817040E+001, 4.6589156E+001, 2.0508145E+001, 9.2160687E+000, 8.0016749E+000, 2.0558891E-001, 2.9396382E-003, 6.9087611E-006, 7.1091510E+000, 3.2180910E+001, 3.4902085E+001, 3.5542478E+001, 3.3724430E+001, 3.1398749E+001, 2.8122790E+001, 2.3324892E+001, 1.8273091E+001, 1.3886490E+001, 7.2350681E+000, 3.3175824E+001, 6.6153992E+000, 2.8268803E+001, 6.2972807E+000, 2.1335234E+001, 6.0749400E+000, 1.2976688E+001, 2.1800014E+001, 1.2378323E+001, 8.8391085E+000
 2.0300088E+003, 1.1706763E+002, 1.1274987E+002, 1.1076010E+002, 1.0126130E+002, 9.3880402E+001, 7.4983987E+001, 6.5191303E+001, 5.7188658E+001, 5.3924561E+001, 4.8458275E+001, 4.5018034E+001, 3.0368885E+001, 2.4854004E+001, 1.1497153E+002, 7.4888417E+001, 4.5684852E+001, 1.9436841E+001, 9.9243102E+000, 8.1292961E+000, 2.0580483E-001, 2.8005153E-003, 6.5317631E-006, 7.0952736E+000, 3.2954954E+001, 3.4147013E+001, 3.4408226E+001, 3.3589984E+001, 3.0940977E+001, 2.7557650E+001, 2.3130331E+001, 1.7823505E+001, 1.3765896E+001, 7.2636006E+000, 3.2658556E+001, 6.6181507E+000, 2.7929876E+001, 6.3013544E+000, 2.0885665E+001, 6.0756546E+000, 1.3120014E+001, 2.1576879E+001, 1.2400857E+001, 8.8941158E+000
 2.0400244E+003, 1.1428326E+002, 1.1009163E+002, 1.0798435E+002, 9.8283666E+001, 9.1210842E+001, 7.3412811E+001, 6.3801705E+001, 5.5856984E+001, 5.2562035E+001, 4.7285501E+001, 4.2953133E+001, 2.8590870E+001, 2.4330378E+001, 1.1234411E+002, 7.3904467E+001, 4.5323478E+001, 1.8768121E+001, 1.0014508E+001, 8.0486173E+000, 2.0558312E-001, 2.9433706E-003, 6.9188753E-006, 6.9915062E+000, 3.3203398E+001, 3.3848573E+001, 3.4599595E+001, 3.3008222E+001, 3.0706449E+001, 2.7468772E+001, 2.3309948E+001, 1.6941788E+001, 1.3560339E+001, 7.2709736E+000, 3.2029382E+001, 6.6307918E+000, 2.7272199E+001, 6.2962071E+000, 2.0709519E+001, 6.0783345E+000, 1.2893326E+001, 2.1029227E+001, 1.2286408E+001, 8.7180790E+000
 2.0500006E+003, 1.1174594E+002, 1.0766074E+002, 1.0557028E+002, 9.5412498E+001, 8.8716472E+001, 7.2087919E+001, 6.2640303E+001, 5.4647915E+001, 5.1186686E+001, 4.5940061E+001, 4.1527062E+001, 2.7950504E+001, 2.3899723E+001, 1.0984618E+002, 7.1908395E+001, 4.3610723E+001, 2.0250288E+001, 9.6829803E+000, 7.9549547E+000, 2.0564542E-001, 2.9032294E-003, 6.8100999E-006, 6.9902164E+000, 3.1985950E+001, 3.3223058E+001, 3.3923209E+001, 3.2678547E+001, 3.0312728E+001, 2.7050434E+001, 2.3086153E+001, 1.6777229E+001, 1.3455975E+001, 7.2707818E+000, 3.1659292E+001, 6.6321852E+000, 2.7070330E+001, 6.3011580E+000, 2.0421053E+001, 6.0811278E+000, 1.2665624E+001, 2.0408307E+001, 1.2362001E+001, 8.7651193E+000
 2.0600162E+003, 1.0918641E+002, 1.0529470E+002, 1.0319063E+002, 9.3402897E+001, 8.6461238E+001, 6.9798553E+001, 6.1045138E+001, 5.3540444E+001, 5.0298148E+001, 4.5528769E+001, 4.1781073E+001, 2.7907957E+001, 2.3304429E+001, 1.0734739E+002, 6.9627373E+001, 4.2037241E+001, 2.0217215E+001, 1.0168317E+001, 7.8462923E+000, 2.0608871E-001, 2.6175974E-003, 6.0360885E-006, 7.0310839E+000, 3.2086546E+001, 3.3250452E+001, 3.3641727E+001, 3.2315883E+001, 2.9707712E+001, 2.6568231E+001, 2.2768511E+001, 1.7123673E+001, 1.3462170E+001, 7.2930187E+000, 3.1074504E+001, 6.6415171E+000, 2.6773980E+001, 6.2982188E+000, 2.0455858E+001, 6.0830992E+000, 1.2545160E+001, 2.0242482E+001, 1.1987188E+001, 8.7463547E+000
 2.0700159E+003, 1.0693688E+002, 1.0306361E+002, 1.0104861E+002, 9.1500333E+001, 8.4630644E+001, 6.7946527E+001, 5.9321297E+001, 5.2077931E+001, 4.9009483E+001, 4.4789103E+001, 4.1369961E+001, 2.7293293E+001, 2.3219154E+001, 1.0487113E+002, 6.8997824E+001, 4.1757764E+001, 1.9957968E+001, 1.0035282E+001, 7.9243653E+000, 2.0600557E-001, 2.6711694E-003, 6.1812589E-006, 7.1622610E+000, 3.1570596E+001, 3.2737687E+001, 3.2699515E+001, 3.2268069E+001, 2.9349086E+001, 2.6629858E+001, 2.2859938E+001, 1.6644314E+001, 1.3368762E+001, 7.2718785E+000, 3.1040003E+001, 6.6401770E+000, 2.6691901E+001, 6.3026383E+000, 2.0211187E+001, 6.0844076E+000, 1.2457026E+001, 2.0058943E+001, 1.1738398E+001, 8.5397963E+000
 2.0800137E+003, 1.0463856E+002, 1.0102160E+002, 9.9147760E+001, 8.9834860E+001, 8.3222317E+001, 6.6116799E+001, 5.7440159E+001, 5.0581155E+001, 4.8208968E+001, 4.3717680E+001, 4.0262867E+001, 2.7450044E+001, 2.3060039E+001, 1.0265056E+002, 6.7604162E+001, 4.1058495E+001, 1.9002242E+001, 9.6365762E+000, 7.8933858E+000, 2.0598616E-001, 2.6836756E-003, 6.2151485E-006, 7.0422280E+000, 3.0181386E+001, 3.2004713E+001, 3.2788036E+001, 3.2030900E+001, 2.8933584E+001, 2.6406957E+001, 2.2414340E+001, 1.7034514E+001, 1.3170845E+001, 7.2997419E+000, 3.0641586E+001, 6.6505035E+000, 2.6439053E+001, 6.3154275E+000, 1.9953866E+001, 6.0856592E+000, 1.2211847E+001, 1.9643174E+001, 1.2029309E+001, 8.3705509E+000
 2.0900005E+003, 1.0247356E+002, 9.8809935E+001, 9.7038817E+001, 8.7440988E+001, 8.1213374E+001, 6.5488000E+001, 5.7271877E+001, 4.9847544E+001, 4.7432652E+001, 4.1997206E+001, 3.7998025E+001, 2.6664705E+001, 2.2605046E+001, 1.0050868E+002, 6.6596032E+001, 3.9993426E+001, 1.8517916E+001, 9.3066948E+000, 7.8869795E+000, 2.0619184E-001, 2.5511501E-003, 5.8560281E-006, 7.1084299E+000, 3.1103399E+001, 3.2160343E+001, 3.2393266E+001, 3.1486825E+001, 2.8245114E+001, 2.5770312E+001, 2.1906982E+001, 1.6837077E+001, 1.3028996E+001, 7.3043177E+000, 3.0125854E+001, 6.6570741E+000, 2.5901783E+001, 6.3109392E+000, 1.9431015E+001, 6.0870674E+000, 1.2148796E+001, 1.9412126E+001, 1.1982708E+001, 8.4157190E+000
 2.1000261E+003, 1.0081478E+002, 9.6415037E+001, 9.4663555E+001, 8.5925889E+001, 7.9584990E+001, 6.4172044E+001, 5.5880987E+001, 4.9025947E+001, 4.6487730E+001, 4.1219872E+001, 3.7219657E+001, 2.6530275E+001, 2.2211826E+001, 9.8399004E+001, 6.5397953E+001, 4.0593922E+001, 1.7435413E+001, 9.6524452E+000, 7.9634064E+000, 2.0598060E-001, 2.6872616E-003, 6.2248659E-006, 7.1043342E+000, 3.0409412E+001, 3.1583155E+001, 3.2448042E+001, 3.1012926E+001, 2.9088382E+001, 2.5481684E+001, 2.2057701E+001, 1.7032728E+001, 1.2944753E+001, 7.3160184E+000, 2.9711283E+001, 6.6509328E+000, 2.6051008E+001, 6.3093512E+000, 1.9365443E+001, 6.0883688E+000, 1.2128868E+001, 1.8951251E+001, 1.1799133E+001, 8.5572137E+000
 2.1100129E+003, 9.8882301E+001, 9.4272785E+001, 9.2493657E+001, 8.3503297E+001, 7.7715414E+001, 6.3289403E+001, 5.5182474E+001, 4.8300946E+001, 4.5816812E+001, 4.1038319E+001, 3.5393885E+001, 2.5450864E+001, 2.1620376E+001, 9.6445821E+001, 6.4794869E+001, 3.9824145E+001, 1.7982097E+001, 9.5336974E+000, 7.8420164E+000, 2.0608875E-001, 2.6175748E-003, 6.0360270E-006, 7.0273406E+000, 3.0142601E+001, 3.0954051E+001, 3.1651753E+001, 3.1022958E+001, 2.8583273E+001, 2.5453525E+001, 2.1236737E+001, 1.6784131E+001, 1.2953144E+001, 7.3099045E+000, 2.9400974E+001, 6.6704616E+000, 2.5476293E+001, 6.3294580E+000, 1.9534236E+001, 6.0892654E+000, 1.2221761E+001, 1.9224415E+001, 1.1807485E+001, 8.5877837E+000
 2.1200285E+003, 9.6994722E+001, 9.2661080E+001, 9.1082782E+001, 8.2081191E+001, 7.5977219E+001, 6.1564008E+001, 5.3825530E+001, 4.7311879E+001, 4.4782187E+001, 4.0341810E+001, 3.6083647E+001, 2.5291866E+001, 2.1413265E+001, 9.4380427E+001, 6.3345686E+001, 3.9295160E+001, 1.8523678E+001, 9.7845933E+000, 7.8274564E+000, 2.0627904E-001, 2.4949618E-003, 5.7037680E-006, 7.1214709E+000, 2.7635651E+001, 3.0354083E+001, 3.1423909E+001, 3.0666931E+001, 2.8619314E+001, 2.4939665E+001, 2.1268065E+001, 1.6648485E+001, 1.3029838E+001, 7.3489180E+000, 2.9022114E+001, 6.6845752E+000, 2.4904347E+001, 6.3352971E+000, 1.9222390E+001, 6.0907889E+000, 1.2140873E+001, 1.9057683E+001, 1.1604952E+001, 8.5553737E+000
 2.1300153E+003, 9.5093749E+001, 9.0978799E+001, 8.9276630E+001, 8.0604484E+001, 7.4852067E+001, 6.0513956E+001, 5.3045104E+001, 4.5902970E+001, 4.3917931E+001, 3.9144673E+001, 3.5379777E+001, 2.4476107E+001, 2.1203249E+001, 9.2627204E+001, 6.1410630E+001, 3.7385272E+001, 1.8363768E+001, 9.1500193E+000, 7.8180298E+000, 2.0606988E-001, 2.6297331E-003, 6.0689740E-006, 7.1445195E+000, 2.8376964E+001, 3.0382689E+001, 3.1234777E+001, 3.0571765E+001, 2.8028958E+001, 2.4931429E+001, 2.1266160E+001, 1.5653367E+001, 1.2990101E+001, 7.3707129E+000, 2.8821726E+001, 6.6992766E+000, 2.4658506E+001, 6.3393051E+000, 1.9171644E+001, 6.0923173E+000, 1.1859185E+001, 1.8613348E+001, 1.1369063E+001, 8.4774573E+000
 2.1400094E+003, 9.3119821E+001, 8.9304990E+001, 8.7703823E+001, 7.8804881E+001, 7.2791235E+001, 5.8794088E+001, 5.2262078E+001, 4.5358807E+001, 4.3300903E+001, 3.9079082E+001, 3.5819033E+001, 2.4985128E+001, 2.0987688E+001, 9.0873804E+001, 6.1108254E+001, 3.6872508E+001, 1.5908205E+001, 8.7602378E+000, 7.7432719E+000, 2.0625982E-001, 2.5073475E-003, 5.7373309E-006, 7.0665867E+000, 2.9165258E+001, 3.0089609E+001, 3.0593345E+001, 3.0399507E+001, 2.7375777E+001, 2.5129741E+001, 2.1001632E+001, 1.5674961E+001, 1.2770114E+001, 7.3828315E+000, 2.8304307E+001, 6.6854512E+000, 2.4593897E+001, 6.3385537E+000, 1.9119750E+001, 6.0923621E+000, 1.1856937E+001, 1.8722124E+001, 1.1412688E+001, 8.4015114E+000
 2.1500250E+003, 9.1656002E+001, 8.7613395E+001, 8.6411259E+001, 7.8586340E+001, 7.2123574E+001, 5.7057584E+001, 5.0374460E+001, 4.4573401E+001, 4.2665565E+001, 3.9104719E+001, 3.5963397E+001, 2.5819172E+001, 2.0782977E+001, 8.9246785E+001, 6.0163421E+001, 3.6833578E+001, 1.7769731E+001, 1.0125768E+001, 7.8657586E+000, 2.0642427E-001, 2.4013891E-003, 5.4502026E-006, 6.9507677E+000, 2.7723325E+001, 2.9807156E+001, 2.9916690E+001, 3.0238684E+001, 2.7815458E+001, 2.4598281E+001, 2.1300640E+001, 1.5880017E+001, 1.2530044E+001, 7.3804663E+000, 2.7844505E+001, 6.6835945E+000, 2.4545605E+001, 6.3382428E+000, 1.8670271E+001, 6.0925458E+000, 1.1980697E+001, 1.8451541E+001, 1.1564493E+001, 8.3777324E+000
 2.1600099E+003, 9.0015913E+001, 8.6053334E+001, 8.4587156E+001, 7.6335487E+001, 7.0505006E+001, 5.6751066E+001, 4.9832050E+001, 4.3749412E+001, 4.1930415E+001, 3.8087027E+001, 3.4322200E+001, 2.4049402E+001, 2.0200501E+001, 8.7650678E+001, 5.8419819E+001, 3.6158906E+001, 1.6295271E+001, 8.6229455E+000, 7.7535456E+000, 2.0632244E-001, 2.4670004E-003, 5.6279976E-006, 7.0642476E+000, 2.7875812E+001, 2.9020137E+001, 2.9473087E+001, 2.9916063E+001, 2.7404745E+001, 2.4539641E+001, 2.1137304E+001, 1.6503657E+001, 1.2523601E+001, 7.3020568E+000, 2.7851292E+001, 6.6964120E+000, 2.3956893E+001, 6.3381441E+000, 1.8320020E+001, 6.0939456E+000, 1.1887300E+001, 1.8164066E+001, 1.1393894E+001, 8.2831799E+000
 2.1700256E+003, 8.8334981E+001, 8.4687639E+001, 8.3266242E+001, 7.4937595E+001, 6.9013293E+001, 5.5975488E+001, 4.9749806E+001, 4.3031739E+001, 4.1391868E+001, 3.7547347E+001, 3.4800400E+001, 2.4251279E+001, 2.0598644E+001, 8.6007713E+001, 5.7130003E+001, 3.5623123E+001, 1.6183810E+001, 8.3191555E+000, 7.7640076E+000, 2.0642169E-001, 2.4030503E-003, 5.4547043E-006, 7.1358161E+000, 2.7862738E+001, 2.9001468E+001, 2.9784693E+001, 2.9576353E+001, 2.6702400E+001, 2.4131755E+001, 2.0904643E+001, 1.6006745E+001, 1.2644924E+001, 7.3141639E+000, 2.7619706E+001, 6.6923403E+000, 2.4041917E+001, 6.3476869E+000, 1.8380769E+001, 6.0960133E+000, 1.1698106E+001, 1.8196201E+001, 1.1215417E+001, 8.2114892E+000
 2.1800123E+003, 8.6604844E+001, 8.3138412E+001, 8.1830958E+001, 7.3737965E+001, 6.7954748E+001, 5.4698618E+001, 4.8829574E+001, 4.2162371E+001, 4.0230082E+001, 3.6569780E+001, 3.4606158E+001, 2.4178535E+001, 2.0210580E+001, 8.4457606E+001, 5.6789893E+001, 3.5054719E+001, 1.4849769E+001, 8.2881781E+000, 7.7372497E+000, 2.0638136E-001, 2.4290344E-003, 5.5251165E-006, 7.1158074E+000, 2.6905033E+001, 2.8574970E+001, 2.9337507E+001, 2.8976058E+001, 2.6914754E+001, 2.4122338E+001, 2.0653179E+001, 1.5747893E+001, 1.2419089E+001, 7.3777594E+000, 2.7281231E+001, 6.7064939E+000, 2.4184455E+001, 6.3537314E+000, 1.8501894E+001, 6.0977662E+000, 1.1764105E+001, 1.7836022E+001, 1.1197540E+001, 8.2318960E+000
 2.1900280E+003, 8.4949731E+001, 8.1780741E+001, 8.0240122E+001, 7.1865265E+001, 6.6503550E+001, 5.4098328E+001, 4.7928617E+001, 4.1638143E+001, 3.9743154E+001, 3.6529598E+001, 3.4288375E+001, 2.3637470E+001, 1.9819957E+001, 8.2936928E+001, 5.6049556E+001, 3.4376981E+001, 1.6006739E+001, 8.5665459E+000, 7.7011583E+000, 2.0650206E-001, 2.3512649E-003, 5.3143751E-006, 7.0526931E+000, 2.6684975E+001, 2.7487549E+001, 2.8955782E+001, 2.8448989E+001, 2.6209769E+001, 2.3943786E+001, 2.0499632E+001, 1.5445863E+001, 1.2261587E+001, 7.3827720E+000, 2.7098045E+001, 6.7132884E+000, 2.3941412E+001, 6.3543177E+000, 1.8354143E+001, 6.0991858E+000, 1.1811778E+001, 1.7817616E+001, 1.1184558E+001, 8.2600166E+000
 2.2000054E+003, 8.3766173E+001, 8.0437552E+001, 7.8805317E+001, 7.0941821E+001, 6.5602584E+001, 5.3051752E+001, 4.6838108E+001, 4.0930913E+001, 3.9328110E+001, 3.5752172E+001, 3.2431752E+001, 2.2694750E+001, 1.9734954E+001, 8.1175900E+001, 5.5259058E+001, 3.4515733E+001, 1.6212864E+001, 9.2327850E+000, 7.7998580E+000, 2.0652693E-001, 2.3352412E-003, 5.2709538E-006, 7.0230584E+000, 2.6748251E+001, 2.7690841E+001, 2.9961644E+001, 2.8574738E+001, 2.5688941E+001, 2.3845632E+001, 2.0625617E+001, 1.5600247E+001, 1.2317698E+001, 7.3713503E+000, 2.6732491E+001, 6.7168857E+000, 2.3822551E+001, 6.3402678E+000, 1.8073374E+001, 6.0995166E+000, 1.1617386E+001, 1.7662983E+001, 1.0942681E+001, 8.2920795E+000
 2.2100210E+003, 8.2319301E+001, 7.9218473E+001, 7.7564019E+001, 6.9386771E+001, 6.3979605E+001, 5.2376331E+001, 4.6134601E+001, 4.0417314E+001, 3.8818384E+001, 3.5473296E+001, 3.2660626E+001, 2.2803636E+001, 1.9540839E+001, 7.9867610E+001, 5.4831176E+001, 3.3791414E+001, 1.6772660E+001, 8.7005471E+000, 7.7369387E+000, 2.0682553E-001, 2.1428417E-003, 4.7495858E-006, 7.1766495E+000, 2.5891851E+001, 2.8109105E+001, 2.9283506E+001, 2.8626520E+001, 2.6222431E+001, 2.3299983E+001, 1.9863237E+001, 1.5603262E+001, 1.2147905E+001, 7.3851825E+000, 2.6306686E+001, 6.7212880E+000, 2.3830536E+001, 6.3422758E+000, 1.8044435E+001, 6.0988138E+000, 1.1552440E+001, 1.7507871E+001, 1.0839370E+001, 8.3301736E+000
 2.2200078E+003, 8.1132768E+001, 7.7980128E+001, 7.6560570E+001, 6.9006569E+001, 6.3574846E+001, 5.1342051E+001, 4.5242540E+001, 3.9842326E+001, 3.8156817E+001, 3.4816987E+001, 3.2452824E+001, 2.2182790E+001, 1.9317857E+001, 7.8508962E+001, 5.3437400E+001, 3.3438436E+001, 1.5774854E+001, 8.7246135E+000, 7.5781090E+000, 2.0648728E-001, 2.3607852E-003, 5.3401735E-006, 7.2255734E+000, 2.5305892E+001, 2.7148536E+001, 2.8365370E+001, 2.8262711E+001, 2.6258567E+001, 2.3616430E+001, 2.0072550E+001, 1.5771294E+001, 1.2244683E+001, 7.4255293E+000, 2.6033904E+001, 6.7368957E+000, 2.3468679E+001, 6.3422825E+000, 1.8153955E+001, 6.1019392E+000, 1.1408075E+001, 1.7482548E+001, 1.0970050E+001, 8.2806783E+000
 2.2300234E+003, 7.9748763E+001, 7.6764235E+001, 7.5263291E+001, 6.7616609E+001, 6.2066116E+001, 5.0411853E+001, 4.4785835E+001, 3.9287867E+001, 3.7521314E+001, 3.4325408E+001, 3.2606624E+001, 2.2708411E+001, 1.9240755E+001, 7.7271004E+001, 5.2633334E+001, 3.2947802E+001, 1.4913480E+001, 8.7615739E+000, 7.7066944E+000, 2.0655628E-001, 2.3163298E-003, 5.2197074E-006, 7.1260148E+000, 2.6082758E+001, 2.6872422E+001, 2.7471172E+001, 2.7799361E+001, 2.5788733E+001, 2.3633493E+001, 1.9937840E+001, 1.5469136E+001, 1.2281851E+001, 7.4175014E+000, 2.6089401E+001, 6.7310079E+000, 2.3134014E+001, 6.3518194E+000, 1.7857475E+001, 6.1040839E+000, 1.1180945E+001, 1.7209052E+001, 1.1109331E+001, 8.2884138E+000
 2.2400102E+003, 7.8312064E+001, 7.5469212E+001, 7.3890929E+001, 6.6057742E+001, 6.0970568E+001, 4.9796814E+001, 4.4393547E+001, 3.8634837E+001, 3.7023233E+001, 3.3813088E+001, 3.2133131E+001, 2.3027384E+001, 1.9016322E+001, 7.6031050E+001, 5.1792083E+001, 3.2565527E+001, 1.4157627E+001, 8.5708154E+000, 7.6707076E+000, 2.0651317E-001, 2.3441084E-003, 5.2949822E-006, 7.0259626E+000, 2.4189077E+001, 2.6813107E+001, 2.8269809E+001, 2.7806069E+001, 2.5751634E+001, 2.3075662E+001, 2.0078672E+001, 1.5104071E+001, 1.2220912E+001, 7.4340649E+000, 2.6237955E+001, 6.7285672E+000, 2.2890490E+001, 6.3587416E+000, 1.7954935E+001, 6.1044523E+000, 1.1415151E+001, 1.7108832E+001, 1.1104421E+001, 8.2372714E+000
 2.2500258E+003, 7.7203520E+001, 7.4167591E+001, 7.2839759E+001, 6.5405717E+001, 6.0235540E+001, 4.9202787E+001, 4.3547990E+001, 3.8062104E+001, 3.6261330E+001, 3.3132885E+001, 3.0389702E+001, 2.1541678E+001, 1.8544986E+001, 7.4459953E+001, 5.1780854E+001, 3.2769237E+001, 1.5624458E+001, 8.1465804E+000, 7.5939172E+000, 2.0662167E-001, 2.2741923E-003, 5.1055223E-006, 7.0980054E+000, 2.4073790E+001, 2.6848942E+001, 2.8781355E+001, 2.7565758E+001, 2.5123476E+001, 2.3106871E+001, 2.0085370E+001, 1.5161680E+001, 1.2215028E+001, 7.4077882E+000, 2.5900397E+001, 6.7447439E+000, 2.2725808E+001, 6.3578041E+000, 1.7770617E+001, 6.1050215E+000, 1.1443731E+001, 1.7057192E+001, 1.1063645E+001, 8.1729161E+000
 2.2600126E+003, 7.6065478E+001, 7.2925873E+001, 7.1423068E+001, 6.4034001E+001, 5.8993779E+001, 4.8728564E+001, 4.2996016E+001, 3.7848178E+001, 3.6080656E+001, 3.2963244E+001, 3.0434951E+001, 2.0940202E+001, 1.8213902E+001, 7.3248097E+001, 5.0957877E+001, 3.1583985E+001, 1.6227365E+001, 9.5644430E+000, 7.6841485E+000, 2.0659034E-001, 2.2943803E-003, 5.1602280E-006, 7.1111380E+000, 2.5039769E+001, 2.5768020E+001, 2.7327763E+001, 2.7263945E+001, 2.5605353E+001, 2.3215285E+001, 1.9947211E+001, 1.5041198E+001, 1.2007986E+001, 7.4061930E+000, 2.5282146E+001, 6.7375651E+000, 2.2905696E+001, 6.3691696E+000, 1.7508042E+001, 6.1066800E+000, 1.1358053E+001, 1.6895326E+001, 1.0828765E+001, 8.1996282E+000
 2.2700282E+003, 7.4899246E+001, 7.1855268E+001, 7.0335670E+001, 6.3555427E+001, 5.8419612E+001, 4.7730666E+001, 4.1852224E+001, 3.6888451E+001, 3.5077690E+001, 3.2352832E+001, 3.0539663E+001, 2.0535962E+001, 1.8119394E+001, 7.2155972E+001, 5.0620791E+001, 3.1808655E+001, 1.6809981E+001, 9.8656828E+000, 7.8019436E+000, 2.0677442E-001, 2.1757705E-003, 4.8388169E-006, 7.0598416E+000, 2.4390119E+001, 2.5511373E+001, 2.6788317E+001, 2.7141653E+001, 2.5420532E+001, 2.2687975E+001, 1.9829015E+001, 1.4793699E+001, 1.1987807E+001, 7.3986355E+000, 2.5260532E+001, 6.7440515E+000, 2.2502614E+001, 6.3710142E+000, 1.7632631E+001, 6.1097551E+000, 1.1258722E+001, 1.6783251E+001, 1.0754323E+001, 8.0776404E+000
 2.2800150E+003, 7.3537648E+001, 7.0676324E+001, 6.9344188E+001, 6.2159276E+001, 5.7166098E+001, 4.6931488E+001, 4.1746404E+001, 3.6502381E+001, 3.4914854E+001, 3.2148806E+001, 3.0283646E+001, 2.0725518E+001, 1.7942630E+001, 7.0696703E+001, 4.8951220E+001, 3.0846022E+001, 1.5277671E+001, 9.2322380E+000, 7.6998343E+000, 2.0674750E-001, 2.1931206E-003, 4.8858324E-006, 7.1040548E+000, 2.3254668E+001, 2.5729041E+001, 2.6421921E+001, 2.6951772E+001, 2.5183943E+001, 2.2965494E+001, 1.9875750E+001, 1.5214899E+001, 1.2180111E+001, 7.4026546E+000, 2.5399875E+001, 6.7454512E+000, 2.2599398E+001, 6.3706607E+000, 1.7303298E+001, 6.1105883E+000, 1.1051359E+001, 1.6778647E+001, 1.0621668E+001, 8.0207366E+000
 2.2900018E+003, 7.2419113E+001, 6.9621670E+001, 6.8690703E+001, 6.1744534E+001, 5.6323975E+001, 4.6034830E+001, 4.1000506E+001, 3.6033121E+001, 3.4539393E+001, 3.1720039E+001, 2.8837378E+001, 2.0688793E+001, 1.8005609E+001, 6.9724069E+001, 4.8762173E+001, 3.0113969E+001, 1.4092681E+001, 8.7880551E+000, 7.5970154E+000, 2.0684315E-001, 2.1314862E-003, 4.7188143E-006, 6.9699290E+000, 2.5071194E+001, 2.4819580E+001, 2.5867087E+001, 2.6945654E+001, 2.5222280E+001, 2.2952347E+001, 2.0125520E+001, 1.5220128E+001, 1.2209291E+001, 7.3759800E+000, 2.5452738E+001, 6.7426996E+000, 2.2216434E+001, 6.3750535E+000, 1.7171610E+001, 6.1116192E+000, 1.1275253E+001, 1.6602560E+001, 1.0460122E+001, 8.0545064E+000
 2.3000174E+003, 7.1259430E+001, 6.8508109E+001, 6.7611324E+001, 6.1278779E+001, 5.5916582E+001, 4.5288515E+001, 4.0398460E+001, 3.5609699E+001, 3.4015172E+001, 3.1323898E+001, 2.9241960E+001, 2.0253247E+001, 1.7810737E+001, 6.8842534E+001, 4.8214581E+001, 3.0197593E+001, 1.4746836E+001, 8.2534523E+000, 7.5952869E+000, 2.0671815E-001, 2.2120309E-003, 4.9370760E-006, 6.9324382E+000, 2.3017031E+001, 2.5111458E+001, 2.6958789E+001, 2.6706149E+001, 2.4919506E+001, 2.2930219E+001, 1.9940463E+001, 1.5064233E+001, 1.1970658E+001, 7.4356391E+000, 2.5210803E+001, 6.7486039E+000, 2.2106820E+001, 6.3820291E+000, 1.7011277E+001, 6.1115018E+000, 1.1067115E+001, 1.6482072E+001, 1.0580336E+001, 8.0191054E+000
 2.3100042E+003, 7.0138066E+001, 6.7380176E+001, 6.6316854E+001, 5.9795781E+001, 5.4803454E+001, 4.4549012E+001, 3.9906301E+001, 3.5306463E+001, 3.3767190E+001, 3.0934866E+001, 2.9182065E+001, 2.0295046E+001, 1.7580484E+001, 6.7734667E+001, 4.7778573E+001, 3.0556046E+001, 1.4159372E+001, 8.1792468E+000, 7.6638982E+000, 2.0676347E-001, 2.1828287E-003, 4.8579433E-006, 6.8735670E+000, 2.3323469E+001, 2.4754039E+001, 2.5792755E+001, 2.6414631E+001, 2.4798308E+001, 2.2197160E+001, 1.9342421E+001, 1.5341340E+001, 1.1746634E+001, 7.4795725E+000, 2.4780511E+001, 6.7754122E+000, 2.1940957E+001, 6.3867869E+000, 1.7118584E+001, 6.1125485E+000, 1.0968262E+001, 1.6311625E+001, 1.0704872E+001, 7.9608586E+000
 2.3200198E+003, 6.9236813E+001, 6.6511233E+001, 6.5533665E+001, 5.9669764E+001, 5.4652019E+001, 4.3634827E+001, 3.8852300E+001, 3.4650963E+001, 3.3233790E+001, 3.0709518E+001, 2.8874750E+001, 1.9943510E+001, 1.7079182E+001, 6.6547298E+001, 4.7005070E+001, 2.9672836E+001, 1.2517205E+001, 8.2423965E+000, 7.5925870E+000, 2.0692445E-001, 2.0791048E-003, 4.5768701E-006, 7.0210152E+000, 2.4017415E+001, 2.5008646E+001, 2.5020892E+001, 2.6352118E+001, 2.4243139E+001, 2.2047573E+001, 1.9037309E+001, 1.5439810E+001, 1.1577894E+001, 7.4521596E+000, 2.4857565E+001, 6.7850719E+000, 2.1920531E+001, 6.3861451E+000, 1.7489597E+001, 6.1130251E+000, 1.0811499E+001, 1.6276939E+001, 1.0609220E+001, 8.0520596E+000
 2.3300066E+003, 6.8271083E+001, 6.5332696E+001, 6.4062740E+001, 5.8065643E+001, 5.3389297E+001, 4.3552990E+001, 3.8933987E+001, 3.3949488E+001, 3.2653065E+001, 3.0221709E+001, 2.8590738E+001, 2.0468571E+001, 1.7201029E+001, 6.5806769E+001, 4.6652483E+001, 2.9181179E+001, 1.3371642E+001, 8.6048851E+000, 7.4915962E+000, 2.0677403E-001, 2.1760259E-003, 4.8395089E-006, 7.0205777E+000, 2.2964240E+001, 2.4164523E+001, 2.5309769E+001, 2.6397683E+001, 2.4027938E+001, 2.2043838E+001, 1.8840092E+001, 1.5220049E+001, 1.1855836E+001, 7.4128997E+000, 2.4461359E+001, 6.7786128E+000, 2.1907229E+001, 6.3824995E+000, 1.7348554E+001, 6.1148855E+000, 1.0935844E+001, 1.6162550E+001, 1.0676798E+001, 8.0135377E+000
 2.3400222E+003, 6.7269359E+001, 6.4274112E+001, 6.3342577E+001, 5.7631101E+001, 5.3056465E+001, 4.3310311E+001, 3.8477305E+001, 3.3457130E+001, 3.2095064E+001, 2.9253679E+001, 2.7400834E+001, 1.9479721E+001, 1.6822345E+001, 6.4842104E+001, 4.6055658E+001, 2.8757647E+001, 1.3633880E+001, 8.2328902E+000, 7.4837471E+000, 2.0685641E-001, 2.1229452E-003, 4.6956697E-006, 7.0179080E+000, 2.2373531E+001, 2.4045725E+001, 2.5079471E+001, 2.6211887E+001, 2.4280225E+001, 2.1959690E+001, 1.9170255E+001, 1.5076467E+001, 1.1878347E+001, 7.4344903E+000, 2.4278887E+001, 6.7552482E+000, 2.2031245E+001, 6.3790718E+000, 1.7650972E+001, 6.1154421E+000, 1.1040000E+001, 1.6170411E+001, 1.0354452E+001, 7.9338786E+000
 2.3500090E+003, 6.6169550E+001, 6.3247857E+001, 6.2458600E+001, 5.6772522E+001, 5.2028987E+001, 4.2505474E+001, 3.8034411E+001, 3.3119905E+001, 3.1780931E+001, 2.9034866E+001, 2.7184200E+001, 1.9013816E+001, 1.6657810E+001, 6.3784466E+001, 4.5590597E+001, 2.7989073E+001, 1.2795221E+001, 8.2276185E+000, 7.4929516E+000, 2.0687048E-001, 2.1138794E-003, 4.6711030E-006, 6.9239916E+000, 2.3396333E+001, 2.4544832E+001, 2.4563377E+001, 2.5627586E+001, 2.3505795E+001, 2.2068958E+001, 1.8958691E+001, 1.5015418E+001, 1.1772562E+001, 7.4299461E+000, 2.4271280E+001, 6.7728360E+000, 2.1674289E+001, 6.3914053E+000, 1.7442476E+001, 6.1151767E+000, 1.1114640E+001, 1.6003387E+001, 1.0476641E+001, 7.9299615E+000
 2.3600246E+003, 6.5319076E+001, 6.2274018E+001, 6.1519155E+001, 5.6141192E+001, 5.1443513E+001, 4.1636738E+001, 3.7268198E+001, 3.2710405E+001, 3.1469516E+001, 2.9278885E+001, 2.7521515E+001, 1.9010884E+001, 1.6556638E+001, 6.2878761E+001, 4.4387966E+001, 2.7609236E+001, 1.2191600E+001, 8.4460087E+000, 7.5686916E+000, 2.0684090E-001, 2.1329352E-003, 4.7227408E-006, 6.7995235E+000, 2.2288696E+001, 2.3779949E+001, 2.5186285E+001, 2.5350701E+001, 2.4014733E+001, 2.1975539E+001, 1.8613194E+001, 1.4714593E+001, 1.1668667E+001, 7.4397974E+000, 2.3796860E+001, 6.7850844E+000, 2.1711817E+001, 6.4006118E+000, 1.7378852E+001, 6.1134976E+000, 1.1293269E+001, 1.6029613E+001, 1.0345274E+001, 7.9673449E+000
 2.3700114E+003, 6.4330851E+001, 6.1453558E+001, 6.0688193E+001, 5.4768536E+001, 5.0223968E+001, 4.1384321E+001, 3.7121297E+001, 3.2228384E+001, 3.0992259E+001, 2.8956197E+001, 2.7241224E+001, 1.9321795E+001, 1.6371719E+001, 6.1973935E+001, 4.4082980E+001, 2.7700045E+001, 1.2147946E+001, 8.6830655E+000, 7.6060870E+000, 2.0709803E-001, 1.9672611E-003, 4.2737939E-006, 6.8970754E+000, 2.1880316E+001, 2.3197268E+001, 2.4736413E+001, 2.5494015E+001, 2.3798347E+001, 2.1595748E+001, 1.8876661E+001, 1.4339424E+001, 1.1841630E+001, 7.4689466E+000, 2.3643863E+001, 6.7926442E+000, 2.1519468E+001, 6.4038027E+000, 1.7401129E+001, 6.1142589E+000, 1.1285456E+001, 1.5817644E+001, 1.0571854E+001, 7.8898073E+000
 2.3800270E+003, 6.3388903E+001, 6.0731484E+001, 5.9839331E+001, 5.4239467E+001, 4.9789728E+001, 4.0501831E+001, 3.6671667E+001, 3.2023260E+001, 3.0796516E+001, 2.8563297E+001, 2.6729705E+001, 1.9144591E+001, 1.6298987E+001, 6.1162189E+001, 4.4058974E+001, 2.7780903E+001, 1.3451906E+001, 8.5824272E+000, 7.6199801E+000, 2.0711434E-001, 1.9567486E-003, 4.2453068E-006, 7.0536884E+000, 2.2031742E+001, 2.3336992E+001, 2.4478812E+001, 2.5283961E+001, 2.3307371E+001, 2.1480480E+001, 1.8684229E+001, 1.4343896E+001, 1.1840186E+001, 7.4624641E+000, 2.3667571E+001, 6.7829212E+000, 2.1158179E+001, 6.4093558E+000, 1.6896331E+001, 6.1150582E+000, 1.1301024E+001, 1.5785885E+001, 1.0684894E+001, 7.8346424E+000
 2.3900138E+003, 6.2453200E+001, 5.9821634E+001, 5.8885461E+001, 5.3715672E+001, 4.9281127E+001, 3.9641416E+001, 3.5710225E+001, 3.1643325E+001, 3.0360496E+001, 2.8030614E+001, 2.6236488E+001, 1.8583965E+001, 1.6376424E+001, 6.0168635E+001, 4.3406041E+001, 2.8041542E+001, 1.4514503E+001, 9.2936213E+000, 7.6608525E+000, 2.0714306E-001, 1.9382466E-003, 4.1951698E-006, 7.0599039E+000, 2.3420465E+001, 2.3040348E+001, 2.4395045E+001, 2.4811101E+001, 2.3955181E+001, 2.1068200E+001, 1.9055489E+001, 1.4270207E+001, 1.1684074E+001, 7.4497176E+000, 2.3710499E+001, 6.7580221E+000, 2.1252040E+001, 6.4050938E+000, 1.6869209E+001, 6.1146198E+000, 1.1048325E+001, 1.5723374E+001, 1.0546121E+001, 7.8759410E+000
 2.4000000E+003, 6.1547725E+001, 5.9124635E+001, 5.8199451E+001, 5.3391523E+001, 4.9015058E+001, 3.9413638E+001, 3.5139037E+001, 3.1064117E+001, 2.9810992E+001, 2.7404690E+001, 2.5728658E+001, 1.8428484E+001, 1.6101405E+001, 5.9630713E+001, 4.2308920E+001, 2.7432905E+001, 1.4171500E+001, 9.2786478E+000, 7.6154712E+000, 2.0721517E-001, 1.8917815E-003, 4.0692576E-006, 7.0605174E+000, 2.0455893E+001, 2.3029367E+001, 2.4691876E+001, 2.5025859E+001, 2.3057812E+001, 2.1312213E+001, 1.8690727E+001, 1.4514649E+001, 1.1678755E+001, 7.4467994E+000, 2.3442421E+001, 6.7478154E+000, 2.1092619E+001, 6.3934462E+000, 1.6693214E+001, 6.1194172E+000, 1.0944757E+001, 1.5581944E+001, 1.0546232E+001, 7.9558043E+000
