s,C,C,C,C,C,C,C,C,C,C,C,C,C,C,C,C,C,C,C,C,C,C,C,C,C,C,C,C,C,C,C,C,C,C,C,C,C,C,C,C,C,C,C,C,C,C,C,C,C,C,C,C,C,C,C,C,C,C,C,C,C,C,C,C,C,C,C,C,C,C,C,C,C,C,C,MB,MB,MB
Time,L-H1,L-H2,M-H1,U-H1,U-H2,L-C1,L-C2,M-C1,U-C1,U-C2,L-F1,L-F2,L-F3,L-F4,L-F5,L-F6,L-F7,L-F8,L-F9,L-F10,M-F1,M-F2,M-F3,M-F4,M-F5,U-F1,U-F2,U-F3,U-F4,U-F5,U-F6,U-F7,U-F8,U-F9,U-F10,L-M1,L-M2,L-M3,L-M4,L-M5,L-M6,M-M1,M-M2,M-M3,U-M1,U-M2,U-M3,U-M4,U-M5,U-M6,L-R1,L-R2,L-R3,L-R4,L-R5,L-R6,L-R7,L-R8,L-R9,L-R10,M-R1,M-R2,M-R3,M-R4,M-R5,U-R1,U-R2,U-R3,U-R4,U-R5,U-R6,U-R7,U-R8,U-R9,U-R10,RAM_01,RAM_31,RAM_32
 0.0000000E+000, 1.9800000E+001, 1.9800000E+001, 1.9800000E+001, 1.9800000E+001, 1.9800000E+001, 1.9800000E+001, 1.9800000E+001, 1.9800000E+001, 1.9800000E+001, 1.9800000E+001, 1.9800000E+001, 1.9800000E+001, 1.9800000E+001, 1.9800000E+001, 1.9800000E+001, 1.9800000E+001, 1.9800000E+001, 1.9800000E+001, 1.9800000E+001, 1.9800000E+001, 1.9800000E+001, 1.9800000E+001, 1.9800000E+001, 1.9800000E+001, 1.9800000E+001, 1.9800000E+001, 1.9800000E+001, 1.9800000E+001, 1.9800000E+001, 1.9800000E+001, 1.9800000E+001, 1.9800000E+001, 1.9800000E+001, 1.9800000E+001, 1.9800000E+001, 1.9800000E+001, 1.9800000E+001, 1.9800000E+001, 1.9800000E+001, 1.9800000E+001, 1.9800000E+001, 1.9800000E+001, 1.9800000E+001, 1.9800000E+001, 1.9800000E+001, 1.9800000E+001, 1.9800000E+001, 1.9800000E+001, 1.9800000E+001, 1.9800000E+001, 1.9800000E+001, 1.9800000E+001, 1.9800000E+001, 1.9800000E+001, 1.9800000E+001, 1.9800000E+001, 1.9800000E+001, 1.9800000E+001, 1.9800000E+001, 1.9800000E+001, 1.9800000E+001, 1.9800000E+001, 1.9800000E+001, 1.9800000E+001, 1.9800000E+001, 1.9800000E+001, 1.9800000E+001, 1.9800000E+001, 1.9800000E+001, 1.9800000E+001, 1.9800000E+001, 1.9800000E+001, 1.9800000E+001, 1.9800000E+001, 1.9800000E+001, 9.4113600E+003, 9.4118720E+003, 9.4118720E+003
 5.0000000E+001, 1.9884318E+001, 1.9861726E+001, 1.9833418E+001, 1.9892309E+001, 1.9894839E+001, 1.9800000E+001, 1.9800000E+001, 1.9800000E+001, 1.9800000E+001, 1.9800000E+001, 1.9800001E+001, 1.9800001E+001, 1.9800002E+001, 1.9800002E+001, 1.9800001E+001, 1.9799999E+001, 1.9799999E+001, 1.9799999E+001, 1.9799998E+001, 1.9799999E+001, 1.9800001E+001, 1.9800000E+001, 1.9799996E+001, 1.9800000E+001, 1.9800001E+001, 1.9800001E+001, 1.9800001E+001, 1.9800002E+001, 1.9800002E+001, 1.9800002E+001, 1.9800002E+001, 1.9800002E+001, 1.9800002E+001, 1.9800001E+001, 1.9800002E+001, 1.9800000E+001, 1.9800000E+001, 1.9800000E+001, 1.9800000E+001, 1.9800000E+001, 1.9800000E+001, 1.9800000E+001, 1.9800000E+001, 1.9800000E+001, 1.9800000E+001, 1.9800000E+001, 1.9800000E+001, 1.9800000E+001, 1.9800000E+001, 1.9800000E+001, 1.9800000E+001, 1.9800000E+001, 1.9800000E+001, 1.9800000E+001, 1.9800000E+001, 1.9800000E+001, 1.9800000E+001, 1.9800000E+001, 1.9800000E+001, 1.9800000E+001, 1.9800000E+001, 1.9800000E+001, 1.9800000E+001, 1.9800000E+001, 1.9800000E+001, 1.9800000E+001, 1.9800000E+001, 1.9800000E+001, 1.9800000E+001, 1.9800000E+001, 1.9800000E+001, 1.9800000E+001, 1.9800000E+001, 1.9800000E+001, 1.9800000E+001, 9.8332885E+003, 9.8332885E+003, 9.8332885E+003
 1.0074087E+002, 2.0297075E+001, 2.0269061E+001, 2.0181007E+001, 2.0336086E+001, 2.0352272E+001, 1.9800000E+001, 1.9800000E+001, 1.9800000E+001, 1.9800000E+001, 1.9800000E+001, 1.9800138E+001, 1.9800132E+001, 1.9800160E+001, 1.9800161E+001, 1.9800143E+001, 1.9800107E+001, 1.9800108E+001, 1.9800104E+001, 1.9800074E+001, 1.9800087E+001, 1.9800134E+001, 1.9800124E+001, 1.9800045E+001, 1.9800128E+001, 1.9800136E+001, 1.9800153E+001, 1.9800146E+001, 1.9800176E+001, 1.9800180E+001, 1.9800178E+001, 1.9800182E+001, 1.9800185E+001, 1.9800181E+001, 1.9800146E+001, 1.9800161E+001, 1.9800000E+001, 1.9800000E+001, 1.9800000E+001, 1.9800000E+001, 1.9800000E+001, 1.9800000E+001, 1.9800000E+001, 1.9800000E+001, 1.9800000E+001, 1.9800000E+001, 1.9800000E+001, 1.9800000E+001, 1.9800000E+001, 1.9800000E+001, 1.9800000E+001, 1.9800000E+001, 1.9800000E+001, 1.9800000E+001, 1.9800000E+001, 1.9800000E+001, 1.9800000E+001, 1.9800000E+001, 1.9800000E+001, 1.9800000E+001, 1.9800000E+001, 1.9800000E+001, 1.9800000E+001, 1.9800000E+001, 1.9800000E+001, 1.9800000E+001, 1.9800000E+001, 1.9800000E+001, 1.9800000E+001, 1.9800000E+001, 1.9800000E+001, 1.9800000E+001, 1.9800000E+001, 1.9800000E+001, 1.9800000E+001, 1.9800000E+001, 9.8346224E+003, 9.8346224E+003, 9.8346224E+003
 1.5031881E+002, 2.1006629E+001, 2.0976823E+001, 2.0960781E+001, 2.1095480E+001, 2.1136720E+001, 1.9800000E+001, 1.9800000E+001, 1.9800000E+001, 1.9800000E+001, 1.9800000E+001, 1.9801514E+001, 1.9801457E+001, 1.9801659E+001, 1.9801671E+001, 1.9801581E+001, 1.9801418E+001, 1.9801432E+001, 1.9801406E+001, 1.9801199E+001, 1.9801274E+001, 1.9801517E+001, 1.9801475E+001, 1.9801034E+001, 1.9801487E+001, 1.9801545E+001, 1.9801643E+001, 1.9801584E+001, 1.9801802E+001, 1.9801827E+001, 1.9801815E+001, 1.9801853E+001, 1.9801879E+001, 1.9801854E+001, 1.9801620E+001, 1.9801702E+001, 1.9800000E+001, 1.9800000E+001, 1.9800000E+001, 1.9800000E+001, 1.9800000E+001, 1.9800000E+001, 1.9800000E+001, 1.9800000E+001, 1.9800000E+001, 1.9800000E+001, 1.9800000E+001, 1.9800000E+001, 1.9800000E+001, 1.9800000E+001, 1.9800000E+001, 1.9800000E+001, 1.9800000E+001, 1.9800000E+001, 1.9800000E+001, 1.9800000E+001, 1.9800000E+001, 1.9800000E+001, 1.9800000E+001, 1.9800000E+001, 1.9800000E+001, 1.9800000E+001, 1.9800000E+001, 1.9800000E+001, 1.9800000E+001, 1.9800000E+001, 1.9800000E+001, 1.9800000E+001, 1.9800000E+001, 1.9800000E+001, 1.9800000E+001, 1.9800000E+001, 1.9800000E+001, 1.9800000E+001, 1.9800000E+001, 1.9800000E+001, 9.8352389E+003, 9.8352389E+003, 9.8352389E+003
 2.0033096E+002, 2.1871967E+001, 2.1845279E+001, 2.1943786E+001, 2.2248525E+001, 2.2334820E+001, 1.9800000E+001, 1.9800000E+001, 1.9800000E+001, 1.9800000E+001, 1.9800000E+001, 1.9807178E+001, 1.9807003E+001, 1.9807650E+001, 1.9807696E+001, 1.9807443E+001, 1.9807032E+001, 1.9807097E+001, 1.9807021E+001, 1.9806362E+001, 1.9806569E+001, 1.9807392E+001, 1.9807289E+001, 1.9805984E+001, 1.9807323E+001, 1.9807529E+001, 1.9807756E+001, 1.9807571E+001, 1.9808274E+001, 1.9808355E+001, 1.9808306E+001, 1.9808481E+001, 1.9808600E+001, 1.9808524E+001, 1.9807785E+001, 1.9808013E+001, 1.9800000E+001, 1.9800000E+001, 1.9800000E+001, 1.9800000E+001, 1.9800000E+001, 1.9800000E+001, 1.9800000E+001, 1.9800000E+001, 1.9800000E+001, 1.9800000E+001, 1.9800000E+001, 1.9800000E+001, 1.9800000E+001, 1.9800000E+001, 1.9800000E+001, 1.9800000E+001, 1.9800000E+001, 1.9800000E+001, 1.9800000E+001, 1.9800000E+001, 1.9800000E+001, 1.9800000E+001, 1.9800000E+001, 1.9800000E+001, 1.9800000E+001, 1.9800000E+001, 1.9800000E+001, 1.9800000E+001, 1.9800000E+001, 1.9800000E+001, 1.9800000E+001, 1.9800000E+001, 1.9800000E+001, 1.9800000E+001, 1.9800000E+001, 1.9800000E+001, 1.9800000E+001, 1.9800000E+001, 1.9800000E+001, 1.9800000E+001, 9.8356460E+003, 9.8356460E+003, 9.8356460E+003
 2.5013810E+002, 2.2888169E+001, 2.2866334E+001, 2.3227062E+001, 2.3693483E+001, 2.3820387E+001, 1.9800000E+001, 1.9800000E+001, 1.9800000E+001, 1.9800000E+001, 1.9800000E+001, 1.9821807E+001, 1.9821491E+001, 1.9822835E+001, 1.9822940E+001, 1.9822398E+001, 1.9821640E+001, 1.9821838E+001, 1.9821681E+001, 1.9820316E+001, 1.9820677E+001, 1.9822917E+001, 1.9822756E+001, 1.9820170E+001, 1.9822843E+001, 1.9823350E+001, 1.9823915E+001, 1.9823587E+001, 1.9825046E+001, 1.9825221E+001, 1.9825085E+001, 1.9825621E+001, 1.9825994E+001, 1.9825840E+001, 1.9824322E+001, 1.9824717E+001, 1.9800000E+001, 1.9800000E+001, 1.9800000E+001, 1.9800000E+001, 1.9800000E+001, 1.9800000E+001, 1.9800000E+001, 1.9800000E+001, 1.9800000E+001, 1.9800000E+001, 1.9800000E+001, 1.9800000E+001, 1.9800000E+001, 1.9800000E+001, 1.9800000E+001, 1.9800000E+001, 1.9800000E+001, 1.9800000E+001, 1.9800000E+001, 1.9800000E+001, 1.9800000E+001, 1.9800000E+001, 1.9800000E+001, 1.9800000E+001, 1.9800000E+001, 1.9800000E+001, 1.9800000E+001, 1.9800000E+001, 1.9800000E+001, 1.9800000E+001, 1.9800000E+001, 1.9800000E+001, 1.9800000E+001, 1.9800000E+001, 1.9800000E+001, 1.9800000E+001, 1.9800000E+001, 1.9800000E+001, 1.9800000E+001, 1.9800000E+001, 9.8359530E+003, 9.8359530E+003, 9.8359530E+003
 3.0015020E+002, 2.4136762E+001, 2.4115234E+001, 2.4727247E+001, 2.5284684E+001, 2.5486786E+001, 1.9800000E+001, 1.9800000E+001, 1.9800000E+001, 1.9800000E+001, 1.9800000E+001, 1.9850421E+001, 1.9850016E+001, 1.9852214E+001, 1.9852395E+001, 1.9851420E+001, 1.9850266E+001, 1.9850720E+001, 1.9850463E+001, 1.9848236E+001, 1.9848695E+001, 1.9854023E+001, 1.9853859E+001, 1.9849831E+001, 1.9854062E+001, 1.9855052E+001, 1.9857217E+001, 1.9856782E+001, 1.9859146E+001, 1.9859443E+001, 1.9859133E+001, 1.9860361E+001, 1.9861333E+001, 1.9861062E+001, 1.9858641E+001, 1.9859166E+001, 1.9800000E+001, 1.9800000E+001, 1.9800000E+001, 1.9800000E+001, 1.9800000E+001, 1.9800000E+001, 1.9800000E+001, 1.9800000E+001, 1.9800000E+001, 1.9800000E+001, 1.9800000E+001, 1.9800000E+001, 1.9800000E+001, 1.9800000E+001, 1.9800000E+001, 1.9800000E+001, 1.9800000E+001, 1.9800000E+001, 1.9800000E+001, 1.9800000E+001, 1.9800000E+001, 1.9800000E+001, 1.9800000E+001, 1.9800000E+001, 1.9800000E+001, 1.9800000E+001, 1.9800000E+001, 1.9800000E+001, 1.9800000E+001, 1.9800000E+001, 1.9800000E+001, 1.9800000E+001, 1.9800000E+001, 1.9800000E+001, 1.9800000E+001, 1.9800000E+001, 1.9800000E+001, 1.9800000E+001, 1.9800000E+001, 1.9800000E+001, 9.8363400E+003, 9.8363400E+003, 9.8363400E+003
 3.5010535E+002, 2.6137307E+001, 2.6104817E+001, 2.6885761E+001, 2.7657915E+001, 2.7937277E+001, 1.9800000E+001, 1.9800000E+001, 1.9800000E+001, 1.9800000E+001, 1.9800000E+001, 1.9898395E+001, 1.9898011E+001, 1.9901163E+001, 1.9901436E+001, 1.9899865E+001, 1.9898309E+001, 1.9899178E+001, 1.9898807E+001, 1.9895619E+001, 1.9896066E+001, 1.9907660E+001, 1.9907548E+001, 1.9902108E+001, 1.9908003E+001, 1.9909677E+001, 1.9915597E+001, 1.9915181E+001, 1.9918468E+001, 1.9918992E+001, 1.9918271E+001, 1.9920636E+001, 1.9922833E+001, 1.9922374E+001, 1.9919068E+001, 1.9919595E+001, 1.9800000E+001, 1.9800000E+001, 1.9800000E+001, 1.9800000E+001, 1.9800000E+001, 1.9800000E+001, 1.9800000E+001, 1.9800000E+001, 1.9800000E+001, 1.9800000E+001, 1.9800000E+001, 1.9800000E+001, 1.9800000E+001, 1.9800000E+001, 1.9800000E+001, 1.9800000E+001, 1.9800000E+001, 1.9800000E+001, 1.9800000E+001, 1.9800000E+001, 1.9800000E+001, 1.9800000E+001, 1.9800000E+001, 1.9800000E+001, 1.9800000E+001, 1.9800000E+001, 1.9800000E+001, 1.9800000E+001, 1.9800000E+001, 1.9800000E+001, 1.9800000E+001, 1.9800000E+001, 1.9800000E+001, 1.9800000E+001, 1.9800000E+001, 1.9800000E+001, 1.9800000E+001, 1.9800000E+001, 1.9800000E+001, 1.9800000E+001, 9.8366548E+003, 9.8366548E+003, 9.8366548E+003
 4.0017127E+002, 2.9469377E+001, 2.9507104E+001, 3.0681614E+001, 3.1538642E+001, 3.1905181E+001, 1.9800000E+001, 1.9800000E+001, 1.9800000E+001, 1.9800000E+001, 1.9800000E+001, 1.9971248E+001, 1.9971014E+001, 1.9975250E+001, 1.9975619E+001, 1.9973296E+001, 1.9971359E+001, 1.9972841E+001, 1.9972310E+001, 1.9968073E+001, 1.9968346E+001, 1.9990712E+001, 1.9990684E+001, 1.9983887E+001, 1.9991580E+001, 1.9994208E+001, 2.0006227E+001, 2.0006135E+001, 2.0010262E+001, 2.0011261E+001, 2.0009796E+001, 2.0013804E+001, 2.0017942E+001, 2.0017312E+001, 2.0013057E+001, 2.0013374E+001, 1.9800000E+001, 1.9800000E+001, 1.9800000E+001, 1.9800000E+001, 1.9800000E+001, 1.9800000E+001, 1.9800000E+001, 1.9800000E+001, 1.9800000E+001, 1.9800000E+001, 1.9800000E+001, 1.9800000E+001, 1.9800000E+001, 1.9800000E+001, 1.9800000E+001, 1.9800000E+001, 1.9800000E+001, 1.9800000E+001, 1.9800000E+001, 1.9800000E+001, 1.9800000E+001, 1.9800000E+001, 1.9800000E+001, 1.9800000E+001, 1.9800000E+001, 1.9800000E+001, 1.9800000E+001, 1.9800000E+001, 1.9800000E+001, 1.9800000E+001, 1.9800000E+001, 1.9800000E+001, 1.9800000E+001, 1.9800000E+001, 1.9800000E+001, 1.9800000E+001, 1.9800000E+001, 1.9800000E+001, 1.9800000E+001, 1.9800000E+001, 9.8368520E+003, 9.8368520E+003, 9.8368520E+003
 4.5007849E+002, 3.4135983E+001, 3.4128824E+001, 3.6130519E+001, 3.6860917E+001, 3.7085313E+001, 1.9800000E+001, 1.9800000E+001, 1.9800000E+001, 1.9800000E+001, 1.9800000E+001, 2.0079442E+001, 2.0079466E+001, 2.0085004E+001, 2.0085435E+001, 2.0082255E+001, 2.0079970E+001, 2.0082388E+001, 2.0081578E+001, 2.0076118E+001, 2.0075986E+001, 2.0114908E+001, 2.0115084E+001, 2.0106676E+001, 2.0116514E+001, 2.0120574E+001, 2.0141237E+001, 2.0141626E+001, 2.0146471E+001, 2.0148335E+001, 2.0145968E+001, 2.0151966E+001, 2.0158593E+001, 2.0157980E+001, 2.0152656E+001, 2.0152424E+001, 1.9800000E+001, 1.9800000E+001, 1.9800000E+001, 1.9800000E+001, 1.9800000E+001, 1.9800000E+001, 1.9800000E+001, 1.9800000E+001, 1.9800000E+001, 1.9800000E+001, 1.9800000E+001, 1.9800000E+001, 1.9800000E+001, 1.9800000E+001, 1.9800000E+001, 1.9800000E+001, 1.9800000E+001, 1.9800000E+001, 1.9800000E+001, 1.9800000E+001, 1.9800000E+001, 1.9800000E+001, 1.9800000E+001, 1.9800000E+001, 1.9800000E+001, 1.9800000E+001, 1.9800000E+001, 1.9800000E+001, 1.9800000E+001, 1.9800000E+001, 1.9800000E+001, 1.9800000E+001, 1.9800000E+001, 1.9800000E+001, 1.9800000E+001, 1.9800000E+001, 1.9800000E+001, 1.9800000E+001, 1.9800000E+001, 1.9800000E+001, 9.8370536E+003, 9.8370536E+003, 9.8370536E+003
 5.0025639E+002, 4.0088854E+001, 4.0057368E+001, 4.2491924E+001, 4.3602044E+001, 4.3909145E+001, 1.9800000E+001, 1.9800000E+001, 1.9800000E+001, 1.9800000E+001, 1.9800000E+001, 2.0239869E+001, 2.0240714E+001, 2.0247728E+001, 2.0248121E+001, 2.0244051E+001, 2.0241520E+001, 2.0245277E+001, 2.0244202E+001, 2.0236996E+001, 2.0236151E+001, 2.0299548E+001, 2.0300339E+001, 2.0290027E+001, 2.0302548E+001, 2.0308351E+001, 2.0339353E+001, 2.0340241E+001, 2.0345912E+001, 2.0348987E+001, 2.0345726E+001, 2.0354060E+001, 2.0363313E+001, 2.0362986E+001, 2.0356502E+001, 2.0355287E+001, 1.9800000E+001, 1.9800000E+001, 1.9800000E+001, 1.9800000E+001, 1.9800000E+001, 1.9800000E+001, 1.9800000E+001, 1.9800000E+001, 1.9800000E+001, 1.9800000E+001, 1.9800000E+001, 1.9800000E+001, 1.9800000E+001, 1.9800000E+001, 1.9800000E+001, 1.9800000E+001, 1.9800000E+001, 1.9800000E+001, 1.9800000E+001, 1.9800000E+001, 1.9800000E+001, 1.9800000E+001, 1.9800000E+001, 1.9800000E+001, 1.9800000E+001, 1.9800000E+001, 1.9800000E+001, 1.9800000E+001, 1.9800000E+001, 1.9800000E+001, 1.9800000E+001, 1.9800000E+001, 1.9800000E+001, 1.9800000E+001, 1.9800000E+001, 1.9800000E+001, 1.9800000E+001, 1.9800000E+001, 1.9800000E+001, 1.9800000E+001, 9.8373640E+003, 9.8373640E+003, 9.8373640E+003
 5.5014736E+002, 4.7316985E+001, 4.7497564E+001, 5.0569102E+001, 5.2154169E+001, 5.2193371E+001, 1.9800000E+001, 1.9800000E+001, 1.9800000E+001, 1.9800000E+001, 1.9800000E+001, 2.0474672E+001, 2.0477635E+001, 2.0486313E+001, 2.0486488E+001, 2.0481313E+001, 2.0478704E+001, 2.0484419E+001, 2.0482835E+001, 2.0473328E+001, 2.0471597E+001, 2.0569418E+001, 2.0571394E+001, 2.0559332E+001, 2.0575144E+001, 2.0582372E+001, 2.0624589E+001, 2.0626096E+001, 2.0633109E+001, 2.0637822E+001, 2.0633314E+001, 2.0644190E+001, 2.0656253E+001, 2.0656161E+001, 2.0648335E+001, 2.0645719E+001, 1.9800000E+001, 1.9800000E+001, 1.9800000E+001, 1.9800000E+001, 1.9800000E+001, 1.9800000E+001, 1.9800000E+001, 1.9800000E+001, 1.9800000E+001, 1.9800000E+001, 1.9800000E+001, 1.9800000E+001, 1.9800000E+001, 1.9800000E+001, 1.9800000E+001, 1.9800000E+001, 1.9800000E+001, 1.9800000E+001, 1.9800000E+001, 1.9800000E+001, 1.9800000E+001, 1.9800000E+001, 1.9800000E+001, 1.9800000E+001, 1.9800000E+001, 1.9800000E+001, 1.9800000E+001, 1.9800000E+001, 1.9800000E+001, 1.9800000E+001, 1.9800000E+001, 1.9800000E+001, 1.9800000E+001, 1.9800000E+001, 1.9800000E+001, 1.9800000E+001, 1.9800000E+001, 1.9800000E+001, 1.9800000E+001, 1.9800000E+001, 9.8373640E+003, 9.8373640E+003, 9.8373640E+003
 6.0000894E+002, 5.6122398E+001, 5.6395618E+001, 5.9879220E+001, 6.1888557E+001, 6.1945779E+001, 1.9800000E+001, 1.9800000E+001, 1.9800000E+001, 1.9800000E+001, 1.9800000E+001, 2.0809207E+001, 2.0815342E+001, 2.0825517E+001, 2.0825708E+001, 2.0818976E+001, 2.0816416E+001, 2.0824691E+001, 2.0822345E+001, 2.0810206E+001, 2.0807413E+001, 2.0950583E+001, 2.0953911E+001, 2.0940558E+001, 2.0960753E+001, 2.0968337E+001, 2.1023364E+001, 2.1025984E+001, 2.1034750E+001, 2.1041928E+001, 2.1034892E+001, 2.1048119E+001, 2.1063935E+001, 2.1063604E+001, 2.1053599E+001, 2.1049456E+001, 1.9800000E+001, 1.9800000E+001, 1.9800000E+001, 1.9800000E+001, 1.9800000E+001, 1.9800000E+001, 1.9800000E+001, 1.9800000E+001, 1.9800000E+001, 1.9800000E+001, 1.9800000E+001, 1.9800000E+001, 1.9800000E+001, 1.9800000E+001, 1.9800000E+001, 1.9800000E+001, 1.9800000E+001, 1.9800000E+001, 1.9800000E+001, 1.9800000E+001, 1.9800000E+001, 1.9800000E+001, 1.9800000E+001, 1.9800000E+001, 1.9800000E+001, 1.9800000E+001, 1.9800000E+001, 1.9800000E+001, 1.9800000E+001, 1.9800000E+001, 1.9800000E+001, 1.9800000E+001, 1.9800000E+001, 1.9800000E+001, 1.9800000E+001, 1.9800000E+001, 1.9800000E+001, 1.9800000E+001, 1.9800000E+001, 1.9800000E+001, 9.8373640E+003, 9.8373640E+003, 9.8373640E+003
 6.5019891E+002, 6.5995347E+001, 6.6283718E+001, 7.0189850E+001, 7.2848158E+001, 7.3021192E+001, 1.9800000E+001, 1.9800000E+001, 1.9800000E+001, 1.9800000E+001, 1.9800000E+001, 2.1272921E+001, 2.1282244E+001, 2.1293827E+001, 2.1294715E+001, 2.1285637E+001, 2.1283619E+001, 2.1294776E+001, 2.1292100E+001, 2.1276338E+001, 2.1272645E+001, 2.1472682E+001, 2.1477573E+001, 2.1463706E+001, 2.1488976E+001, 2.1496120E+001, 2.1568109E+001, 2.1572463E+001, 2.1583128E+001, 2.1593754E+001, 2.1581906E+001, 2.1597061E+001, 2.1618969E+001, 2.1616677E+001, 2.1603464E+001, 2.1597936E+001, 1.9800000E+001, 1.9800000E+001, 1.9800000E+001, 1.9800000E+001, 1.9800000E+001, 1.9800000E+001, 1.9800000E+001, 1.9800000E+001, 1.9800000E+001, 1.9800000E+001, 1.9800000E+001, 1.9800000E+001, 1.9800000E+001, 1.9800000E+001, 1.9800000E+001, 1.9800000E+001, 1.9800000E+001, 1.9800000E+001, 1.9800000E+001, 1.9800000E+001, 1.9800000E+001, 1.9800000E+001, 1.9800000E+001, 1.9800000E+001, 1.9800000E+001, 1.9800000E+001, 1.9800000E+001, 1.9800000E+001, 1.9800000E+001, 1.9800000E+001, 1.9800000E+001, 1.9800000E+001, 1.9800000E+001, 1.9800000E+001, 1.9800000E+001, 1.9800000E+001, 1.9800000E+001, 1.9800000E+001, 1.9800000E+001, 1.9800000E+001, 9.8373640E+003, 9.8373640E+003, 9.8373640E+003
 7.0021251E+002, 7.6788904E+001, 7.7178193E+001, 8.1717775E+001, 8.5337269E+001, 8.5265911E+001, 1.9800000E+001, 1.9800000E+001, 1.9800000E+001, 1.9800000E+001, 1.9800000E+001, 2.1894632E+001, 2.1906530E+001, 2.1920432E+001, 2.1922302E+001, 2.1910167E+001, 2.1909509E+001, 2.1923438E+001, 2.1921969E+001, 2.1900904E+001, 2.1896325E+001, 2.2165678E+001, 2.2173575E+001, 2.2158984E+001, 2.2189468E+001, 2.2196857E+001, 2.2292403E+001, 2.2299558E+001, 2.2311651E+001, 2.2326901E+001, 2.2307372E+001, 2.2324013E+001, 2.2354758E+001, 2.2348592E+001, 2.2331732E+001, 2.2324240E+001, 1.9800000E+001, 1.9800000E+001, 1.9800000E+001, 1.9800000E+001, 1.9800000E+001, 1.9800000E+001, 1.9800000E+001, 1.9800000E+001, 1.9800000E+001, 1.9800000E+001, 1.9800000E+001, 1.9800000E+001, 1.9800000E+001, 1.9800000E+001, 1.9800000E+001, 1.9800000E+001, 1.9800000E+001, 1.9800000E+001, 1.9800000E+001, 1.9800000E+001, 1.9800000E+001, 1.9800000E+001, 1.9800000E+001, 1.9800000E+001, 1.9800000E+001, 1.9800000E+001, 1.9800000E+001, 1.9800000E+001, 1.9800000E+001, 1.9800000E+001, 1.9800000E+001, 1.9800000E+001, 1.9800000E+001, 1.9800000E+001, 1.9800000E+001, 1.9800000E+001, 1.9800000E+001, 1.9800000E+001, 1.9800000E+001, 1.9800000E+001, 9.8373640E+003, 9.8373640E+003, 9.8373640E+003
 7.5016572E+002, 8.8906491E+001, 8.9596367E+001, 9.4600186E+001, 9.8498610E+001, 9.8939064E+001, 1.9800000E+001, 1.9800000E+001, 1.9800000E+001, 1.9800000E+001, 1.9800000E+001, 2.2697369E+001, 2.2712239E+001, 2.2728948E+001, 2.2732336E+001, 2.2716148E+001, 2.2718375E+001, 2.2735010E+001, 2.2735843E+001, 2.2707879E+001, 2.2702311E+001, 2.3052098E+001, 2.3065602E+001, 2.3048855E+001, 2.3084903E+001, 2.3094598E+001, 2.3221265E+001, 2.3233088E+001, 2.3245353E+001, 2.3265144E+001, 2.3236547E+001, 2.3253361E+001, 2.3294982E+001, 2.3284476E+001, 2.3264463E+001, 2.3252749E+001, 1.9800000E+001, 1.9800000E+001, 1.9800000E+001, 1.9800000E+001, 1.9800000E+001, 1.9800000E+001, 1.9800000E+001, 1.9800000E+001, 1.9800000E+001, 1.9800000E+001, 1.9800000E+001, 1.9800000E+001, 1.9800000E+001, 1.9800000E+001, 1.9800000E+001, 1.9800000E+001, 1.9800000E+001, 1.9800000E+001, 1.9800000E+001, 1.9800000E+001, 1.9800000E+001, 1.9800000E+001, 1.9800000E+001, 1.9800000E+001, 1.9800000E+001, 1.9800000E+001, 1.9800000E+001, 1.9800000E+001, 1.9800000E+001, 1.9800000E+001, 1.9800000E+001, 1.9800000E+001, 1.9800000E+001, 1.9800000E+001, 1.9800000E+001, 1.9800000E+001, 1.9800000E+001, 1.9800000E+001, 1.9800000E+001, 1.9800000E+001, 9.8373640E+003, 9.8373640E+003, 9.8373640E+003
 8.0009196E+002, 1.0175541E+002, 1.0243246E+002, 1.0785768E+002, 1.1261199E+002, 1.1271897E+002, 1.9800000E+001, 1.9800000E+001, 1.9800000E+001, 1.9800000E+001, 1.9800000E+001, 2.3704047E+001, 2.3722997E+001, 2.3742555E+001, 2.3748361E+001, 2.3726929E+001, 2.3734772E+001, 2.3754531E+001, 2.3757325E+001, 2.3720760E+001, 2.3714227E+001, 2.4157428E+001, 2.4179166E+001, 2.4158377E+001, 2.4201006E+001, 2.4217077E+001, 2.4383198E+001, 2.4402411E+001, 2.4414458E+001, 2.4437245E+001, 2.4399959E+001, 2.4414680E+001, 2.4468837E+001, 2.4455347E+001, 2.4431079E+001, 2.4412124E+001, 1.9800000E+001, 1.9800000E+001, 1.9800000E+001, 1.9800000E+001, 1.9800000E+001, 1.9800000E+001, 1.9800000E+001, 1.9800000E+001, 1.9800000E+001, 1.9800000E+001, 1.9800000E+001, 1.9800000E+001, 1.9800000E+001, 1.9800000E+001, 1.9800000E+001, 1.9800000E+001, 1.9800000E+001, 1.9800000E+001, 1.9800000E+001, 1.9800000E+001, 1.9800000E+001, 1.9800000E+001, 1.9800000E+001, 1.9800000E+001, 1.9800000E+001, 1.9800000E+001, 1.9800000E+001, 1.9800000E+001, 1.9800000E+001, 1.9800000E+001, 1.9800000E+001, 1.9800000E+001, 1.9800000E+001, 1.9800000E+001, 1.9800000E+001, 1.9800000E+001, 1.9800000E+001, 1.9800000E+001, 1.9800000E+001, 1.9800000E+001, 9.8373640E+003, 9.8373640E+003, 9.8373640E+003
 8.5016847E+002, 1.1503129E+002, 1.1579664E+002, 1.2238012E+002, 1.2791276E+002, 1.2781472E+002, 1.9800000E+001, 1.9800000E+001, 1.9800000E+001, 1.9800000E+001, 1.9800000E+001, 2.4952011E+001, 2.4975566E+001, 2.5000069E+001, 2.5009524E+001, 2.4980990E+001, 2.4997697E+001, 2.5022726E+001, 2.5026525E+001, 2.4978747E+001, 2.4970603E+001, 2.5527331E+001, 2.5560474E+001, 2.5534485E+001, 2.5584608E+001, 2.5612857E+001, 2.5828866E+001, 2.5859423E+001, 2.5871027E+001, 2.5896395E+001, 2.5848943E+001, 2.5859968E+001, 2.5927997E+001, 2.5914383E+001, 2.5883705E+001, 2.5853801E+001, 1.9800000E+001, 1.9800000E+001, 1.9800000E+001, 1.9800000E+001, 1.9800000E+001, 1.9800000E+001, 1.9800000E+001, 1.9800000E+001, 1.9800000E+001, 1.9800000E+001, 1.9800000E+001, 1.9800000E+001, 1.9800000E+001, 1.9800000E+001, 1.9800000E+001, 1.9800000E+001, 1.9800000E+001, 1.9800000E+001, 1.9800000E+001, 1.9800000E+001, 1.9800000E+001, 1.9800000E+001, 1.9800000E+001, 1.9800000E+001, 1.9800000E+001, 1.9800000E+001, 1.9800000E+001, 1.9800000E+001, 1.9800000E+001, 1.9800000E+001, 1.9800000E+001, 1.9800000E+001, 1.9800000E+001, 1.9800000E+001, 1.9800000E+001, 1.9800000E+001, 1.9800000E+001, 1.9800000E+001, 1.9800000E+001, 1.9800000E+001, 9.8373640E+003, 9.8373640E+003, 9.8373640E+003
 9.0007083E+002, 1.2968499E+002, 1.3069143E+002, 1.3752034E+002, 1.4379321E+002, 1.4364607E+002, 1.9800000E+001, 1.9800000E+001, 1.9800000E+001, 1.9800000E+001, 1.9800000E+001, 2.6478615E+001, 2.6507488E+001, 2.6539701E+001, 2.6554184E+001, 2.6517429E+001, 2.6545908E+001, 2.6578623E+001, 2.6581901E+001, 2.6521493E+001, 2.6510636E+001, 2.7201167E+001, 2.7248895E+001, 2.7217860E+001, 2.7276233E+001, 2.7321141E+001, 2.7599119E+001, 2.7644409E+001, 2.7656871E+001, 2.7685157E+001, 2.7623874E+001, 2.7629892E+001, 2.7713483E+001, 2.7702293E+001, 2.7663369E+001, 2.7618977E+001, 1.9800000E+001, 1.9800000E+001, 1.9800000E+001, 1.9800000E+001, 1.9800000E+001, 1.9800000E+001, 1.9800000E+001, 1.9800000E+001, 1.9800000E+001, 1.9800000E+001, 1.9800000E+001, 1.9800000E+001, 1.9800000E+001, 1.9800000E+001, 1.9800000E+001, 1.9800000E+001, 1.9800000E+001, 1.9800000E+001, 1.9800000E+001, 1.9800000E+001, 1.9800000E+001, 1.9800000E+001, 1.9800000E+001, 1.9800000E+001, 1.9800000E+001, 1.9800000E+001, 1.9800000E+001, 1.9800000E+001, 1.9800000E+001, 1.9800000E+001, 1.9800000E+001, 1.9800000E+001, 1.9800000E+001, 1.9800000E+001, 1.9800000E+001, 1.9800000E+001, 1.9800000E+001, 1.9800000E+001, 1.9800000E+001, 1.9800000E+001, 9.8373640E+003, 9.8373640E+003, 9.8373640E+003
 9.5007765E+002, 1.4397728E+002, 1.4546677E+002, 1.5254665E+002, 1.5952072E+002, 1.5895476E+002, 1.9800000E+001, 1.9800000E+001, 1.9800000E+001, 1.9800000E+001, 1.9800000E+001, 2.8319383E+001, 2.8355067E+001, 2.8396243E+001, 2.8416435E+001, 2.8372204E+001, 2.8415956E+001, 2.8457901E+001, 2.8458446E+001, 2.8385892E+001, 2.8370994E+001, 2.9217810E+001, 2.9281904E+001, 2.9246029E+001, 2.9316874E+001, 2.9378681E+001, 2.9737575E+001, 2.9799527E+001, 2.9816562E+001, 2.9847540E+001, 2.9767211E+001, 2.9767334E+001, 2.9869395E+001, 2.9862521E+001, 2.9812054E+001, 2.9749140E+001, 1.9800000E+001, 1.9800000E+001, 1.9800000E+001, 1.9800000E+001, 1.9800000E+001, 1.9800000E+001, 1.9800000E+001, 1.9800000E+001, 1.9800000E+001, 1.9800000E+001, 1.9800000E+001, 1.9800000E+001, 1.9800000E+001, 1.9800000E+001, 1.9800000E+001, 1.9800000E+001, 1.9800000E+001, 1.9800000E+001, 1.9800000E+001, 1.9800000E+001, 1.9800000E+001, 1.9800000E+001, 1.9800000E+001, 1.9800000E+001, 1.9800000E+001, 1.9800000E+001, 1.9800000E+001, 1.9800000E+001, 1.9800000E+001, 1.9800000E+001, 1.9800000E+001, 1.9800000E+001, 1.9800000E+001, 1.9800000E+001, 1.9800000E+001, 1.9800000E+001, 1.9800000E+001, 1.9800000E+001, 1.9800000E+001, 1.9800000E+001, 9.8373640E+003, 9.8373640E+003, 9.8373640E+003
 1.0000780E+003, 1.5760863E+002, 1.5874233E+002, 1.6615359E+002, 1.7329097E+002, 1.7292606E+002, 1.9800000E+001, 1.9800000E+001, 1.9800000E+001, 1.9800000E+001, 1.9800000E+001, 3.0519105E+001, 3.0563782E+001, 3.0615573E+001, 3.0642190E+001, 3.0590136E+001, 3.0654950E+001, 3.0709736E+001, 3.0705570E+001, 3.0619067E+001, 3.0597131E+001, 3.1650928E+001, 3.1732582E+001, 3.1690687E+001, 3.1784164E+001, 3.1861491E+001, 3.2335725E+001, 3.2416853E+001, 3.2443580E+001, 3.2475479E+001, 3.2371435E+001, 3.2363544E+001, 3.2489106E+001, 3.2486178E+001, 3.2421777E+001, 3.2334181E+001, 1.9800000E+001, 1.9800000E+001, 1.9800001E+001, 1.9800001E+001, 1.9800000E+001, 1.9800000E+001, 1.9800001E+001, 1.9800000E+001, 1.9800001E+001, 1.9800000E+001, 1.9800000E+001, 1.9800001E+001, 1.9800001E+001, 1.9800000E+001, 1.9800000E+001, 1.9800000E+001, 1.9800000E+001, 1.9800000E+001, 1.9800000E+001, 1.9800000E+001, 1.9800000E+001, 1.9800000E+001, 1.9800000E+001, 1.9800000E+001, 1.9800000E+001, 1.9800000E+001, 1.9800000E+001, 1.9800000E+001, 1.9800000E+001, 1.9800000E+001, 1.9800000E+001, 1.9800000E+001, 1.9800000E+001, 1.9800000E+001, 1.9800000E+001, 1.9800000E+001, 1.9800000E+001, 1.9800000E+001, 1.9800000E+001, 1.9800000E+001, 9.8373640E+003, 9.8373640E+003, 9.8373640E+003
 1.0502527E+003, 1.7023959E+002, 1.7168352E+002, 1.7973824E+002, 1.8714412E+002, 1.8699834E+002, 1.9800000E+001, 1.9800000E+001, 1.9800000E+001, 1.9800000E+001, 1.9800000E+001, 3.3164667E+001, 3.3220431E+001, 3.3286205E+001, 3.3320413E+001, 3.3259146E+001, 3.3353555E+001, 3.3424361E+001, 3.3414395E+001, 3.3311318E+001, 3.3278592E+001, 3.4590559E+001, 3.4691355E+001, 3.4641165E+001, 3.4767373E+001, 3.4858628E+001, 3.5481942E+001, 3.5582807E+001, 3.5625358E+001, 3.5653831E+001, 3.5524224E+001, 3.5506057E+001, 3.5658000E+001, 3.5657360E+001, 3.5580113E+001, 3.5463533E+001, 1.9800000E+001, 1.9800000E+001, 1.9800001E+001, 1.9800001E+001, 1.9800000E+001, 1.9800000E+001, 1.9800001E+001, 1.9800000E+001, 1.9800001E+001, 1.9800000E+001, 1.9800000E+001, 1.9800001E+001, 1.9800002E+001, 1.9800000E+001, 1.9800000E+001, 1.9800000E+001, 1.9800000E+001, 1.9800000E+001, 1.9800000E+001, 1.9800000E+001, 1.9800000E+001, 1.9800000E+001, 1.9800000E+001, 1.9800000E+001, 1.9800000E+001, 1.9800000E+001, 1.9800000E+001, 1.9800000E+001, 1.9800000E+001, 1.9800000E+001, 1.9800000E+001, 1.9800000E+001, 1.9800000E+001, 1.9800000E+001, 1.9800000E+001, 1.9800000E+001, 1.9800000E+001, 1.9800000E+001, 1.9800000E+001, 1.9800000E+001, 9.8377419E+003, 9.8377419E+003, 9.8377419E+003
 1.1000658E+003, 1.8339094E+002, 1.8501521E+002, 1.9387342E+002, 2.0163726E+002, 2.0149939E+002, 1.9800000E+001, 1.9800000E+001, 1.9800000E+001, 1.9800000E+001, 1.9800000E+001, 3.6294434E+001, 3.6362612E+001, 3.6446724E+001, 3.6488395E+001, 3.6417811E+001, 3.6550567E+001, 3.6637565E+001, 3.6621776E+001, 3.6500851E+001, 3.6454130E+001, 3.8065475E+001, 3.8188878E+001, 3.8127556E+001, 3.8293796E+001, 3.8398896E+001, 3.9198779E+001, 3.9318426E+001, 3.9382522E+001, 3.9402082E+001, 3.9245833E+001, 3.9215930E+001, 3.9395867E+001, 3.9399572E+001, 3.9309579E+001, 3.9160367E+001, 1.9800001E+001, 1.9800001E+001, 1.9800002E+001, 1.9800002E+001, 1.9800001E+001, 1.9800001E+001, 1.9800002E+001, 1.9800001E+001, 1.9800002E+001, 1.9800001E+001, 1.9800001E+001, 1.9800003E+001, 1.9800003E+001, 1.9800001E+001, 1.9800001E+001, 1.9800000E+001, 1.9800000E+001, 1.9800000E+001, 1.9800000E+001, 1.9800000E+001, 1.9800000E+001, 1.9800000E+001, 1.9800000E+001, 1.9800000E+001, 1.9800000E+001, 1.9800000E+001, 1.9800000E+001, 1.9800000E+001, 1.9800000E+001, 1.9800000E+001, 1.9800000E+001, 1.9800000E+001, 1.9800000E+001, 1.9800000E+001, 1.9800000E+001, 1.9800000E+001, 1.9800000E+001, 1.9800000E+001, 1.9800000E+001, 1.9800000E+001, 9.8378760E+003, 9.8378760E+003, 9.8378760E+003
 1.1501300E+003, 1.9738877E+002, 1.9938768E+002, 2.0822402E+002, 2.1617733E+002, 2.1599328E+002, 1.9800000E+001, 1.9800000E+001, 1.9800000E+001, 1.9800000E+001, 1.9800000E+001, 3.9930184E+001, 4.0013159E+001, 4.0117260E+001, 4.0165781E+001, 4.0086903E+001, 4.0264883E+001, 4.0368289E+001, 4.0347331E+001, 4.0208234E+001, 4.0144511E+001, 4.2091786E+001, 4.2244041E+001, 4.2169105E+001, 4.2378311E+001, 4.2503202E+001, 4.3508396E+001, 4.3646947E+001, 4.3737278E+001, 4.3744989E+001, 4.3556038E+001, 4.3516527E+001, 4.3728639E+001, 4.3739750E+001, 4.3635117E+001, 4.3447359E+001, 1.9800001E+001, 1.9800001E+001, 1.9800004E+001, 1.9800004E+001, 1.9800001E+001, 1.9800001E+001, 1.9800004E+001, 1.9800001E+001, 1.9800004E+001, 1.9800001E+001, 1.9800001E+001, 1.9800005E+001, 1.9800005E+001, 1.9800001E+001, 1.9800001E+001, 1.9800000E+001, 1.9800000E+001, 1.9800000E+001, 1.9800000E+001, 1.9800000E+001, 1.9800000E+001, 1.9800000E+001, 1.9800000E+001, 1.9800000E+001, 1.9800000E+001, 1.9800000E+001, 1.9800000E+001, 1.9800000E+001, 1.9800000E+001, 1.9800000E+001, 1.9800000E+001, 1.9800000E+001, 1.9800000E+001, 1.9800000E+001, 1.9800000E+001, 1.9800000E+001, 1.9800000E+001, 1.9800000E+001, 1.9800000E+001, 1.9800000E+001, 9.8378760E+003, 9.8378760E+003, 9.8378760E+003
 1.2000527E+003, 2.1143054E+002, 2.1377545E+002, 2.2308350E+002, 2.3084845E+002, 2.3074190E+002, 1.9800000E+001, 1.9800000E+001, 1.9800000E+001, 1.9800000E+001, 1.9800000E+001, 4.4117368E+001, 4.4216552E+001, 4.4343736E+001, 4.4400600E+001, 4.4313330E+001, 4.4546505E+001, 4.4670036E+001, 4.4644701E+001, 4.4483632E+001, 4.4398164E+001, 4.6756642E+001, 4.6950995E+001, 4.6856421E+001, 4.7111392E+001, 4.7268850E+001, 4.8514499E+001, 4.8674234E+001, 4.8794440E+001, 4.8791993E+001, 4.8560890E+001, 4.8515900E+001, 4.8765939E+001, 4.8783982E+001, 4.8664414E+001, 4.8435490E+001, 1.9800002E+001, 1.9800002E+001, 1.9800007E+001, 1.9800006E+001, 1.9800002E+001, 1.9800002E+001, 1.9800007E+001, 1.9800002E+001, 1.9800007E+001, 1.9800002E+001, 1.9800002E+001, 1.9800008E+001, 1.9800008E+001, 1.9800002E+001, 1.9800002E+001, 1.9800000E+001, 1.9800000E+001, 1.9800000E+001, 1.9800000E+001, 1.9800000E+001, 1.9800000E+001, 1.9800000E+001, 1.9800000E+001, 1.9800000E+001, 1.9800000E+001, 1.9800000E+001, 1.9800000E+001, 1.9800000E+001, 1.9800000E+001, 1.9800000E+001, 1.9800000E+001, 1.9800000E+001, 1.9800000E+001, 1.9800000E+001, 1.9800000E+001, 1.9800000E+001, 1.9800000E+001, 1.9800000E+001, 1.9800000E+001, 1.9800000E+001, 9.8378760E+003, 9.8378760E+003, 9.8378760E+003
 1.2502609E+003, 2.2509436E+002, 2.2710491E+002, 2.3674856E+002, 2.4435238E+002, 2.4430712E+002, 1.9800000E+001, 1.9800000E+001, 1.9800000E+001, 1.9800000E+001, 1.9800000E+001, 4.8939408E+001, 4.9057879E+001, 4.9210159E+001, 4.9277254E+001, 4.9185004E+001, 4.9479856E+001, 4.9627521E+001, 4.9599106E+001, 4.9410846E+001, 4.9301531E+001, 5.2114797E+001, 5.2364656E+001, 5.2242926E+001, 5.2544530E+001, 5.2742212E+001, 5.4244363E+001, 5.4426681E+001, 5.4578412E+001, 5.4569502E+001, 5.4287677E+001, 5.4244069E+001, 5.4536136E+001, 5.4556797E+001, 5.4423996E+001, 5.4155329E+001, 1.9800003E+001, 1.9800003E+001, 1.9800011E+001, 1.9800011E+001, 1.9800003E+001, 1.9800003E+001, 1.9800012E+001, 1.9800004E+001, 1.9800012E+001, 1.9800004E+001, 1.9800004E+001, 1.9800013E+001, 1.9800013E+001, 1.9800004E+001, 1.9800004E+001, 1.9800000E+001, 1.9800000E+001, 1.9800000E+001, 1.9800000E+001, 1.9800000E+001, 1.9800000E+001, 1.9800000E+001, 1.9800000E+001, 1.9800000E+001, 1.9800000E+001, 1.9800000E+001, 1.9800000E+001, 1.9800000E+001, 1.9800000E+001, 1.9800000E+001, 1.9800000E+001, 1.9800000E+001, 1.9800000E+001, 1.9800000E+001, 1.9800000E+001, 1.9800000E+001, 1.9800000E+001, 1.9800000E+001, 1.9800000E+001, 1.9800000E+001, 9.8378760E+003, 9.8378760E+003, 9.8378760E+003
 1.3000194E+003, 2.3635028E+002, 2.3816247E+002, 2.4798529E+002, 2.5541572E+002, 2.5644952E+002, 1.9800000E+001, 1.9800000E+001, 1.9800000E+001, 1.9800000E+001, 1.9800000E+001, 5.4386845E+001, 5.4530808E+001, 5.4707819E+001, 5.4789707E+001, 5.4699520E+001, 5.5056437E+001, 5.5231526E+001, 5.5199718E+001, 5.4979985E+001, 5.4846603E+001, 5.8148293E+001, 5.8460329E+001, 5.8307709E+001, 5.8655027E+001, 5.8895610E+001, 6.0649821E+001, 6.0856852E+001, 6.1043297E+001, 6.1030105E+001, 6.0693991E+001, 6.0659716E+001, 6.0997724E+001, 6.1015096E+001, 6.0871988E+001, 6.0562920E+001, 1.9800006E+001, 1.9800006E+001, 1.9800017E+001, 1.9800017E+001, 1.9800006E+001, 1.9800006E+001, 1.9800019E+001, 1.9800006E+001, 1.9800019E+001, 1.9800007E+001, 1.9800007E+001, 1.9800021E+001, 1.9800021E+001, 1.9800007E+001, 1.9800007E+001, 1.9800000E+001, 1.9800000E+001, 1.9800000E+001, 1.9800000E+001, 1.9800000E+001, 1.9800000E+001, 1.9800000E+001, 1.9800000E+001, 1.9800000E+001, 1.9800000E+001, 1.9800000E+001, 1.9800000E+001, 1.9800000E+001, 1.9800000E+001, 1.9800000E+001, 1.9800000E+001, 1.9800000E+001, 1.9800000E+001, 1.9800000E+001, 1.9800000E+001, 1.9800000E+001, 1.9800000E+001, 1.9800000E+001, 1.9800000E+001, 1.9800000E+001, 9.8378760E+003, 9.8378760E+003, 9.8378760E+003
 1.3500024E+003, 2.4690296E+002, 2.4878284E+002, 2.5885457E+002, 2.6581942E+002, 2.6698869E+002, 1.9800000E+001, 1.9800000E+001, 1.9800000E+001, 1.9800000E+001, 1.9800000E+001, 6.0447200E+001, 6.0622567E+001, 6.0825233E+001, 6.0927235E+001, 6.0838549E+001, 6.1256939E+001, 6.1461129E+001, 6.1425203E+001, 6.1172816E+001, 6.1014650E+001, 6.4802700E+001, 6.5182043E+001, 6.4998422E+001, 6.5383507E+001, 6.5674463E+001, 6.7646465E+001, 6.7879649E+001, 6.8100330E+001, 6.8085082E+001, 6.7699416E+001, 6.7680847E+001, 6.8066044E+001, 6.8078489E+001, 6.7928785E+001, 6.7576487E+001, 1.9800009E+001, 1.9800010E+001, 1.9800027E+001, 1.9800027E+001, 1.9800009E+001, 1.9800009E+001, 1.9800030E+001, 1.9800010E+001, 1.9800030E+001, 1.9800011E+001, 1.9800011E+001, 1.9800032E+001, 1.9800033E+001, 1.9800012E+001, 1.9800011E+001, 1.9800000E+001, 1.9800000E+001, 1.9800000E+001, 1.9800000E+001, 1.9800000E+001, 1.9800000E+001, 1.9800000E+001, 1.9800000E+001, 1.9800000E+001, 1.9800000E+001, 1.9800000E+001, 1.9800000E+001, 1.9800000E+001, 1.9800000E+001, 1.9800000E+001, 1.9800000E+001, 1.9800000E+001, 1.9800000E+001, 1.9800000E+001, 1.9800000E+001, 1.9800000E+001, 1.9800000E+001, 1.9800000E+001, 1.9800000E+001, 1.9800000E+001, 9.8378760E+003, 9.8378760E+003, 9.8378760E+003
 1.4001968E+003, 2.5708247E+002, 2.5904126E+002, 2.6907663E+002, 2.7505617E+002, 2.7696380E+002, 1.9800000E+001, 1.9800000E+001, 1.9800000E+001, 1.9800000E+001, 1.9800000E+001, 6.7067067E+001, 6.7276398E+001, 6.7502477E+001, 6.7625060E+001, 6.7533028E+001, 6.8015524E+001, 6.8247659E+001, 6.8202647E+001, 6.7924136E+001, 6.7738346E+001, 7.1981481E+001, 7.2436879E+001, 7.2220300E+001, 7.2636483E+001, 7.2979955E+001, 7.5148166E+001, 7.5409417E+001, 7.5656446E+001, 7.5647474E+001, 7.5217839E+001, 7.5224783E+001, 7.5656067E+001, 7.5670468E+001, 7.5512893E+001, 7.5112565E+001, 1.9800015E+001, 1.9800015E+001, 1.9800042E+001, 1.9800041E+001, 1.9800015E+001, 1.9800015E+001, 1.9800046E+001, 1.9800017E+001, 1.9800047E+001, 1.9800018E+001, 1.9800018E+001, 1.9800050E+001, 1.9800050E+001, 1.9800019E+001, 1.9800018E+001, 1.9800000E+001, 1.9800000E+001, 1.9800000E+001, 1.9800000E+001, 1.9800000E+001, 1.9800000E+001, 1.9800000E+001, 1.9800000E+001, 1.9800000E+001, 1.9800000E+001, 1.9800000E+001, 1.9800000E+001, 1.9800000E+001, 1.9800000E+001, 1.9800000E+001, 1.9800000E+001, 1.9800000E+001, 1.9800000E+001, 1.9800000E+001, 1.9800000E+001, 1.9800000E+001, 1.9800000E+001, 1.9800000E+001, 1.9800000E+001, 1.9800000E+001, 9.8378760E+003, 9.8378760E+003, 9.8378760E+003
 1.4502241E+003, 2.6613393E+002, 2.6842160E+002, 2.7825057E+002, 2.8411407E+002, 2.8605846E+002, 1.9800000E+001, 1.9800000E+001, 1.9800000E+001, 1.9800000E+001, 1.9800000E+001, 7.4085197E+001, 7.4325549E+001, 7.4576336E+001, 7.4714712E+001, 7.4616149E+001, 7.5168879E+001, 7.5433019E+001, 7.5369619E+001, 7.5070454E+001, 7.4853804E+001, 7.9552087E+001, 8.0094700E+001, 7.9844505E+001, 8.0288552E+001, 8.0677338E+001, 8.3056740E+001, 8.3349812E+001, 8.3615559E+001, 8.3625208E+001, 8.3150921E+001, 8.3197866E+001, 8.3673823E+001, 8.3703318E+001, 8.3528012E+001, 8.3076269E+001, 1.9800024E+001, 1.9800024E+001, 1.9800063E+001, 1.9800063E+001, 1.9800024E+001, 1.9800023E+001, 1.9800070E+001, 1.9800026E+001, 1.9800071E+001, 1.9800028E+001, 1.9800029E+001, 1.9800075E+001, 1.9800076E+001, 1.9800029E+001, 1.9800029E+001, 1.9800000E+001, 1.9800000E+001, 1.9800000E+001, 1.9800000E+001, 1.9800000E+001, 1.9800000E+001, 1.9800000E+001, 1.9800000E+001, 1.9800000E+001, 1.9800000E+001, 1.9800000E+001, 1.9800000E+001, 1.9800000E+001, 1.9800000E+001, 1.9800000E+001, 1.9800000E+001, 1.9800000E+001, 1.9800000E+001, 1.9800000E+001, 1.9800000E+001, 1.9800000E+001, 1.9800000E+001, 1.9800000E+001, 1.9800000E+001, 1.9800000E+001, 9.8378760E+003, 9.8378760E+003, 9.8378760E+003
 1.5000358E+003, 2.7489173E+002, 2.7711642E+002, 2.8682302E+002, 2.9237408E+002, 2.9412468E+002, 1.9800000E+001, 1.9800000E+001, 1.9800000E+001, 1.9800000E+001, 1.9800000E+001, 8.1422462E+001, 8.1690138E+001, 8.1962438E+001, 8.2117869E+001, 8.2015578E+001, 8.2645689E+001, 8.2948860E+001, 8.2859379E+001, 8.2538359E+001, 8.2286209E+001, 8.7479267E+001, 8.8119274E+001, 8.7843953E+001, 8.8304950E+001, 8.8731952E+001, 9.1319870E+001, 9.1649124E+001, 9.1918048E+001, 9.1957128E+001, 9.1436951E+001, 9.1553086E+001, 9.2063422E+001, 9.2121242E+001, 9.1920454E+001, 9.1416264E+001, 1.9800036E+001, 1.9800037E+001, 1.9800093E+001, 1.9800093E+001, 1.9800037E+001, 1.9800036E+001, 1.9800104E+001, 1.9800040E+001, 1.9800105E+001, 1.9800043E+001, 1.9800044E+001, 1.9800111E+001, 1.9800113E+001, 1.9800045E+001, 1.9800044E+001, 1.9800000E+001, 1.9800000E+001, 1.9800000E+001, 1.9800000E+001, 1.9800000E+001, 1.9800000E+001, 1.9800000E+001, 1.9800000E+001, 1.9800000E+001, 1.9800000E+001, 1.9800000E+001, 1.9800000E+001, 1.9800000E+001, 1.9800000E+001, 1.9800000E+001, 1.9800000E+001, 1.9800000E+001, 1.9800000E+001, 1.9800000E+001, 1.9800000E+001, 1.9800000E+001, 1.9800000E+001, 1.9800000E+001, 1.9800000E+001, 1.9800000E+001, 9.8378760E+003, 9.8378760E+003, 9.8378760E+003
 1.5502414E+003, 2.8277731E+002, 2.8460731E+002, 2.9382811E+002, 2.9900892E+002, 3.0137930E+002, 1.9800000E+001, 1.9800000E+001, 1.9800000E+001, 1.9800000E+001, 1.9800000E+001, 8.9066648E+001, 8.9359721E+001, 8.9639660E+001, 8.9823129E+001, 8.9723574E+001, 9.0428989E+001, 9.0769360E+001, 9.0650059E+001, 9.0313093E+001, 9.0021948E+001, 9.5689693E+001, 9.6418041E+001, 9.6129496E+001, 9.6592787E+001, 9.7052222E+001, 9.9800794E+001, 1.0016777E+002, 1.0043062E+002, 1.0049407E+002, 9.9932683E+001, 1.0014886E+002, 1.0069008E+002, 1.0076916E+002, 1.0054956E+002, 9.9999598E+001, 1.9800055E+001, 1.9800056E+001, 1.9800137E+001, 1.9800136E+001, 1.9800055E+001, 1.9800054E+001, 1.9800152E+001, 1.9800061E+001, 1.9800154E+001, 1.9800065E+001, 1.9800066E+001, 1.9800163E+001, 1.9800165E+001, 1.9800068E+001, 1.9800067E+001, 1.9800000E+001, 1.9800000E+001, 1.9800000E+001, 1.9800000E+001, 1.9800000E+001, 1.9800000E+001, 1.9800000E+001, 1.9800000E+001, 1.9800000E+001, 1.9800000E+001, 1.9800000E+001, 1.9800000E+001, 1.9800000E+001, 1.9800000E+001, 1.9800000E+001, 1.9800000E+001, 1.9800000E+001, 1.9800000E+001, 1.9800000E+001, 1.9800000E+001, 1.9800000E+001, 1.9800000E+001, 1.9800000E+001, 1.9800000E+001, 1.9800000E+001, 9.8378760E+003, 9.8378760E+003, 9.8378760E+003
 1.6002561E+003, 2.8807207E+002, 2.8967429E+002, 2.9925902E+002, 3.0494377E+002, 3.0748705E+002, 1.9800000E+001, 1.9800000E+001, 1.9800000E+001, 1.9800000E+001, 1.9800000E+001, 9.6960888E+001, 9.7277923E+001, 9.7554487E+001, 9.7773373E+001, 9.7681187E+001, 9.8450767E+001, 9.8821930E+001, 9.8669467E+001, 9.8330645E+001, 9.8004730E+001, 1.0404831E+002, 1.0484067E+002, 1.0454909E+002, 1.0500956E+002, 1.0548746E+002, 1.0830105E+002, 1.0869901E+002, 1.0895508E+002, 1.0903353E+002, 1.0844509E+002, 1.0876408E+002, 1.0934618E+002, 1.0942818E+002, 1.0920062E+002, 1.0862269E+002, 1.9800082E+001, 1.9800083E+001, 1.9800197E+001, 1.9800197E+001, 1.9800083E+001, 1.9800081E+001, 1.9800219E+001, 1.9800091E+001, 1.9800221E+001, 1.9800097E+001, 1.9800099E+001, 1.9800234E+001, 1.9800237E+001, 1.9800101E+001, 1.9800099E+001, 1.9800000E+001, 1.9800000E+001, 1.9800000E+001, 1.9800000E+001, 1.9800000E+001, 1.9800000E+001, 1.9800000E+001, 1.9800000E+001, 1.9800000E+001, 1.9800000E+001, 1.9800000E+001, 1.9800000E+001, 1.9800000E+001, 1.9800000E+001, 1.9800000E+001, 1.9800000E+001, 1.9800000E+001, 1.9800000E+001, 1.9800000E+001, 1.9800000E+001, 1.9800000E+001, 1.9800000E+001, 1.9800000E+001, 1.9800000E+001, 1.9800000E+001, 9.8378760E+003, 9.8378760E+003, 9.8378760E+003
 1.6502629E+003, 2.9218222E+002, 2.9407464E+002, 3.0444158E+002, 3.0996623E+002, 3.1320391E+002, 1.9800000E+001, 1.9800000E+001, 1.9800000E+001, 1.9800000E+001, 1.9800000E+001, 1.0490877E+002, 1.0524558E+002, 1.0551349E+002, 1.0575876E+002, 1.0568128E+002, 1.0648695E+002, 1.0687757E+002, 1.0669592E+002, 1.0637041E+002, 1.0602257E+002, 1.1230008E+002, 1.1314231E+002, 1.1285443E+002, 1.1332119E+002, 1.1380322E+002, 1.1661512E+002, 1.1704225E+002, 1.1728595E+002, 1.1738119E+002, 1.1676937E+002, 1.1717991E+002, 1.1782709E+002, 1.1789781E+002, 1.1767746E+002, 1.1707167E+002, 1.9800119E+001, 1.9800121E+001, 1.9800280E+001, 1.9800280E+001, 1.9800121E+001, 1.9800119E+001, 1.9800311E+001, 1.9800134E+001, 1.9800315E+001, 1.9800142E+001, 1.9800144E+001, 1.9800332E+001, 1.9800336E+001, 1.9800147E+001, 1.9800145E+001, 1.9800000E+001, 1.9800000E+001, 1.9800000E+001, 1.9800000E+001, 1.9800000E+001, 1.9800000E+001, 1.9800000E+001, 1.9800000E+001, 1.9800000E+001, 1.9800000E+001, 1.9800000E+001, 1.9800000E+001, 1.9800000E+001, 1.9800000E+001, 1.9800000E+001, 1.9800000E+001, 1.9800000E+001, 1.9800000E+001, 1.9800000E+001, 1.9800000E+001, 1.9800000E+001, 1.9800000E+001, 1.9800000E+001, 1.9800000E+001, 1.9800000E+001, 9.8383431E+003, 9.8383431E+003, 9.8383431E+003
 1.7000390E+003, 2.9627772E+002, 2.9849059E+002, 3.0902895E+002, 3.1444173E+002, 3.1761997E+002, 1.9800000E+001, 1.9800000E+001, 1.9800000E+001, 1.9800000E+001, 1.9800000E+001, 1.1263875E+002, 1.1300750E+002, 1.1325914E+002, 1.1352460E+002, 1.1346253E+002, 1.1429160E+002, 1.1469559E+002, 1.1449103E+002, 1.1418579E+002, 1.1381362E+002, 1.2027457E+002, 1.2116745E+002, 1.2087933E+002, 1.2136288E+002, 1.2184677E+002, 1.2465575E+002, 1.2512577E+002, 1.2534895E+002, 1.2546878E+002, 1.2482223E+002, 1.2532872E+002, 1.2607211E+002, 1.2612086E+002, 1.2592357E+002, 1.2526886E+002, 1.9800172E+001, 1.9800175E+001, 1.9800392E+001, 1.9800392E+001, 1.9800175E+001, 1.9800172E+001, 1.9800436E+001, 1.9800193E+001, 1.9800441E+001, 1.9800205E+001, 1.9800208E+001, 1.9800465E+001, 1.9800469E+001, 1.9800211E+001, 1.9800208E+001, 1.9800000E+001, 1.9800000E+001, 1.9800000E+001, 1.9800000E+001, 1.9800000E+001, 1.9800000E+001, 1.9800000E+001, 1.9800000E+001, 1.9800000E+001, 1.9800000E+001, 1.9800000E+001, 1.9800000E+001, 1.9800000E+001, 1.9800000E+001, 1.9800000E+001, 1.9800000E+001, 1.9800000E+001, 1.9800000E+001, 1.9800000E+001, 1.9800000E+001, 1.9800000E+001, 1.9800000E+001, 1.9800000E+001, 1.9800000E+001, 1.9800000E+001, 9.8383880E+003, 9.8383880E+003, 9.8383880E+003
 1.7501060E+003, 3.0009121E+002, 3.0233931E+002, 3.1294090E+002, 3.1806117E+002, 3.2174744E+002, 1.9800000E+001, 1.9800000E+001, 1.9800000E+001, 1.9800000E+001, 1.9800000E+001, 1.2007433E+002, 1.2049531E+002, 1.2071871E+002, 1.2100292E+002, 1.2095281E+002, 1.2180323E+002, 1.2221928E+002, 1.2199403E+002, 1.2171620E+002, 1.2130832E+002, 1.2798230E+002, 1.2893635E+002, 1.2863616E+002, 1.2914318E+002, 1.2962841E+002, 1.3244364E+002, 1.3296652E+002, 1.3315874E+002, 1.3330859E+002, 1.3262142E+002, 1.3323131E+002, 1.3408397E+002, 1.3410315E+002, 1.3393634E+002, 1.3323019E+002, 1.9800245E+001, 1.9800249E+001, 1.9800543E+001, 1.9800544E+001, 1.9800249E+001, 1.9800245E+001, 1.9800603E+001, 1.9800275E+001, 1.9800610E+001, 1.9800292E+001, 1.9800295E+001, 1.9800643E+001, 1.9800648E+001, 1.9800299E+001, 1.9800295E+001, 1.9800000E+001, 1.9800000E+001, 1.9800000E+001, 1.9800000E+001, 1.9800000E+001, 1.9800000E+001, 1.9800000E+001, 1.9800000E+001, 1.9800000E+001, 1.9800000E+001, 1.9800000E+001, 1.9800000E+001, 1.9800000E+001, 1.9800000E+001, 1.9800000E+001, 1.9800000E+001, 1.9800000E+001, 1.9800000E+001, 1.9800000E+001, 1.9800000E+001, 1.9800000E+001, 1.9800000E+001, 1.9800000E+001, 1.9800000E+001, 1.9800000E+001, 9.8383880E+003, 9.8383880E+003, 9.8383880E+003
 1.8001135E+003, 3.0356043E+002, 3.0600999E+002, 3.1623504E+002, 3.2146823E+002, 3.2533032E+002, 1.9800000E+001, 1.9800000E+001, 1.9800000E+001, 1.9800000E+001, 1.9800000E+001, 1.2720373E+002, 1.2768818E+002, 1.2787700E+002, 1.2818273E+002, 1.2814632E+002, 1.2902686E+002, 1.2945999E+002, 1.2920619E+002, 1.2896603E+002, 1.2851092E+002, 1.3541427E+002, 1.3643125E+002, 1.3611261E+002, 1.3664291E+002, 1.3711462E+002, 1.3992724E+002, 1.4051399E+002, 1.4066413E+002, 1.4084763E+002, 1.4011857E+002, 1.4083545E+002, 1.4180285E+002, 1.4179382E+002, 1.4165413E+002, 1.4090486E+002, 1.9800345E+001, 1.9800350E+001, 1.9800744E+001, 1.9800745E+001, 1.9800349E+001, 1.9800344E+001, 1.9800825E+001, 1.9800386E+001, 1.9800835E+001, 1.9800409E+001, 1.9800414E+001, 1.9800879E+001, 1.9800885E+001, 1.9800419E+001, 1.9800414E+001, 1.9800000E+001, 1.9800000E+001, 1.9800000E+001, 1.9800000E+001, 1.9800000E+001, 1.9800000E+001, 1.9800000E+001, 1.9800000E+001, 1.9800000E+001, 1.9800000E+001, 1.9800000E+001, 1.9800000E+001, 1.9800000E+001, 1.9800000E+001, 1.9800000E+001, 1.9800000E+001, 1.9800000E+001, 1.9800000E+001, 1.9800000E+001, 1.9800000E+001, 1.9800000E+001, 1.9800000E+001, 1.9800000E+001, 1.9800000E+001, 1.9800000E+001, 9.8383880E+003, 9.8383880E+003, 9.8383880E+003
 1.8502309E+003, 3.0703284E+002, 3.0938899E+002, 3.1943903E+002, 3.2471427E+002, 3.2809992E+002, 1.9800000E+001, 1.9800000E+001, 1.9800000E+001, 1.9800000E+001, 1.9800000E+001, 1.3405144E+002, 1.3460068E+002, 1.3474447E+002, 1.3508119E+002, 1.3505747E+002, 1.3597397E+002, 1.3642677E+002, 1.3613151E+002, 1.3593946E+002, 1.3543072E+002, 1.4254038E+002, 1.4362019E+002, 1.4327621E+002, 1.4383677E+002, 1.4427526E+002, 1.4706826E+002, 1.4772991E+002, 1.4782524E+002, 1.4804311E+002, 1.4727502E+002, 1.4809443E+002, 1.4916654E+002, 1.4913668E+002, 1.4902043E+002, 1.4823821E+002, 1.9800478E+001, 1.9800485E+001, 1.9801008E+001, 1.9801009E+001, 1.9800485E+001, 1.9800479E+001, 1.9801117E+001, 1.9800535E+001, 1.9801130E+001, 1.9800567E+001, 1.9800573E+001, 1.9801189E+001, 1.9801197E+001, 1.9800581E+001, 1.9800573E+001, 1.9800000E+001, 1.9800000E+001, 1.9800000E+001, 1.9800000E+001, 1.9800000E+001, 1.9800000E+001, 1.9800000E+001, 1.9800000E+001, 1.9800000E+001, 1.9800000E+001, 1.9800000E+001, 1.9800000E+001, 1.9800000E+001, 1.9800000E+001, 1.9800000E+001, 1.9800000E+001, 1.9800000E+001, 1.9800000E+001, 1.9800000E+001, 1.9800000E+001, 1.9800000E+001, 1.9800000E+001, 1.9800000E+001, 1.9800000E+001, 1.9800000E+001, 9.8383880E+003, 9.8383880E+003, 9.8383880E+003
 1.9000636E+003, 3.1079226E+002, 3.1299681E+002, 3.2276362E+002, 3.2764491E+002, 3.3098546E+002, 1.9800000E+001, 1.9800000E+001, 1.9800000E+001, 1.9800000E+001, 1.9800000E+001, 1.4059016E+002, 1.4120461E+002, 1.4129060E+002, 1.4167162E+002, 1.4164808E+002, 1.4260175E+002, 1.4308192E+002, 1.4273725E+002, 1.4259566E+002, 1.4202806E+002, 1.4929420E+002, 1.5043427E+002, 1.5005503E+002, 1.5064812E+002, 1.5104000E+002, 1.5380014E+002, 1.5453939E+002, 1.5458406E+002, 1.5483432E+002, 1.5402491E+002, 1.5494774E+002, 1.5612447E+002, 1.5607190E+002, 1.5598610E+002, 1.5515688E+002, 1.9800656E+001, 1.9800665E+001, 1.9801350E+001, 1.9801353E+001, 1.9800666E+001, 1.9800657E+001, 1.9801495E+001, 1.9800734E+001, 1.9801513E+001, 1.9800777E+001, 1.9800785E+001, 1.9801592E+001, 1.9801600E+001, 1.9800795E+001, 1.9800785E+001, 1.9800000E+001, 1.9800000E+001, 1.9800000E+001, 1.9800000E+001, 1.9800000E+001, 1.9800000E+001, 1.9800000E+001, 1.9800000E+001, 1.9800000E+001, 1.9800000E+001, 1.9800000E+001, 1.9800000E+001, 1.9800000E+001, 1.9800000E+001, 1.9800000E+001, 1.9800000E+001, 1.9800000E+001, 1.9800000E+001, 1.9800000E+001, 1.9800000E+001, 1.9800000E+001, 1.9800000E+001, 1.9800000E+001, 1.9800000E+001, 1.9800000E+001, 9.8383880E+003, 9.8383880E+003, 9.8383880E+003
 1.9501217E+003, 3.1464712E+002, 3.1672114E+002, 3.2598831E+002, 3.3023043E+002, 3.3395446E+002, 1.9800000E+001, 1.9800000E+001, 1.9800000E+001, 1.9800000E+001, 1.9800000E+001, 1.4682629E+002, 1.4750164E+002, 1.4752483E+002, 1.4796267E+002, 1.4792519E+002, 1.4890791E+002, 1.4942053E+002, 1.4902064E+002, 1.4893832E+002, 1.4830641E+002, 1.5568247E+002, 1.5689228E+002, 1.5646558E+002, 1.5710591E+002, 1.5743769E+002, 1.6017015E+002, 1.6098448E+002, 1.6098300E+002, 1.6126988E+002, 1.6041278E+002, 1.6144951E+002, 1.6272332E+002, 1.6262686E+002, 1.6259129E+002, 1.6171001E+002, 1.9800890E+001, 1.9800902E+001, 1.9801791E+001, 1.9801796E+001, 1.9800903E+001, 1.9800892E+001, 1.9801983E+001, 1.9800996E+001, 1.9802006E+001, 1.9801053E+001, 1.9801064E+001, 1.9802110E+001, 1.9802120E+001, 1.9801076E+001, 1.9801062E+001, 1.9800000E+001, 1.9800001E+001, 1.9800000E+001, 1.9800001E+001, 1.9800000E+001, 1.9800000E+001, 1.9800001E+001, 1.9800000E+001, 1.9800001E+001, 1.9800000E+001, 1.9800000E+001, 1.9800001E+001, 1.9800000E+001, 1.9800001E+001, 1.9800000E+001, 1.9800000E+001, 1.9800001E+001, 1.9800000E+001, 1.9800001E+001, 1.9800000E+001, 1.9800000E+001, 1.9800001E+001, 1.9800000E+001, 1.9800001E+001, 1.9800000E+001, 9.8383880E+003, 9.8383880E+003, 9.8383880E+003
 2.0001401E+003, 3.1827645E+002, 3.2040332E+002, 3.2900696E+002, 3.3294563E+002, 3.3666405E+002, 1.9800000E+001, 1.9800000E+001, 1.9800000E+001, 1.9800000E+001, 1.9800000E+001, 1.5279507E+002, 1.5353189E+002, 1.5348794E+002, 1.5399693E+002, 1.5392555E+002, 1.5493562E+002, 1.5548723E+002, 1.5502476E+002, 1.5501442E+002, 1.5430643E+002, 1.6176791E+002, 1.6304328E+002, 1.6256708E+002, 1.6327321E+002, 1.6352513E+002, 1.6621641E+002, 1.6709952E+002, 1.6704777E+002, 1.6738110E+002, 1.6647420E+002, 1.6763003E+002, 1.6898724E+002, 1.6882716E+002, 1.6885065E+002, 1.6793718E+002, 1.9801195E+001, 1.9801210E+001, 1.9802354E+001, 1.9802363E+001, 1.9801214E+001, 1.9801199E+001, 1.9802605E+001, 1.9801337E+001, 1.9802637E+001, 1.9801414E+001, 1.9801428E+001, 1.9802772E+001, 1.9802783E+001, 1.9801442E+001, 1.9801424E+001, 1.9800000E+001, 1.9800001E+001, 1.9800000E+001, 1.9800001E+001, 1.9800000E+001, 1.9800000E+001, 1.9800001E+001, 1.9800000E+001, 1.9800001E+001, 1.9800000E+001, 1.9800000E+001, 1.9800001E+001, 1.9800000E+001, 1.9800001E+001, 1.9800000E+001, 1.9800000E+001, 1.9800001E+001, 1.9800000E+001, 1.9800001E+001, 1.9800000E+001, 1.9800000E+001, 1.9800001E+001, 1.9800000E+001, 1.9800001E+001, 1.9800000E+001, 9.8383880E+003, 9.8383880E+003, 9.8383880E+003
 2.0501586E+003, 3.2162095E+002, 3.2403853E+002, 3.3205002E+002, 3.3549290E+002, 3.3977140E+002, 1.9800000E+001, 1.9800000E+001, 1.9800000E+001, 1.9800000E+001, 1.9800000E+001, 1.5853182E+002, 1.5933253E+002, 1.5922110E+002, 1.5980394E+002, 1.5968529E+002, 1.6072518E+002, 1.6132314E+002, 1.6078942E+002, 1.6085782E+002, 1.6006677E+002, 1.6754970E+002, 1.6888758E+002, 1.6836141E+002, 1.6914946E+002, 1.6930523E+002, 1.7192044E+002, 1.7288382E+002, 1.7275831E+002, 1.7315829E+002, 1.7219232E+002, 1.7345425E+002, 1.7489535E+002, 1.7465703E+002, 1.7475229E+002, 1.7380419E+002, 1.9801590E+001, 1.9801609E+001, 1.9803068E+001, 1.9803080E+001, 1.9801615E+001, 1.9801595E+001, 1.9803393E+001, 1.9801777E+001, 1.9803435E+001, 1.9801878E+001, 1.9801897E+001, 1.9803610E+001, 1.9803623E+001, 1.9801914E+001, 1.9801891E+001, 1.9800000E+001, 1.9800001E+001, 1.9800000E+001, 1.9800001E+001, 1.9800000E+001, 1.9800000E+001, 1.9800001E+001, 1.9800000E+001, 1.9800001E+001, 1.9800000E+001, 1.9800000E+001, 1.9800001E+001, 1.9800000E+001, 1.9800001E+001, 1.9800000E+001, 1.9800000E+001, 1.9800001E+001, 1.9800000E+001, 1.9800001E+001, 1.9800000E+001, 1.9800000E+001, 1.9800001E+001, 1.9800000E+001, 1.9800001E+001, 1.9800000E+001, 9.8383880E+003, 9.8383880E+003, 9.8383880E+003
 2.1000099E+003, 3.2494252E+002, 3.2744990E+002, 3.3513278E+002, 3.3810604E+002, 3.4248123E+002, 1.9800000E+001, 1.9800000E+001, 1.9800000E+001, 1.9800000E+001, 1.9800000E+001, 1.6402751E+002, 1.6489265E+002, 1.6471291E+002, 1.6535944E+002, 1.6519709E+002, 1.6625666E+002, 1.6691194E+002, 1.6630546E+002, 1.6645707E+002, 1.6557808E+002, 1.7303411E+002, 1.7445313E+002, 1.7386025E+002, 1.7474911E+002, 1.7479969E+002, 1.7732515E+002, 1.7839066E+002, 1.7816779E+002, 1.7865824E+002, 1.7761810E+002, 1.7897937E+002, 1.8053149E+002, 1.8020753E+002, 1.8038625E+002, 1.7936765E+002, 1.9802093E+001, 1.9802118E+001, 1.9803962E+001, 1.9803980E+001, 1.9802127E+001, 1.9802102E+001, 1.9804380E+001, 1.9802340E+001, 1.9804435E+001, 1.9802472E+001, 1.9802495E+001, 1.9804660E+001, 1.9804674E+001, 1.9802516E+001, 1.9802486E+001, 1.9800000E+001, 1.9800002E+001, 1.9800000E+001, 1.9800002E+001, 1.9800000E+001, 1.9800000E+001, 1.9800002E+001, 1.9800000E+001, 1.9800002E+001, 1.9800000E+001, 1.9800000E+001, 1.9800002E+001, 1.9800000E+001, 1.9800002E+001, 1.9800000E+001, 1.9800000E+001, 1.9800002E+001, 1.9800000E+001, 1.9800002E+001, 1.9800000E+001, 1.9800000E+001, 1.9800002E+001, 1.9800000E+001, 1.9800002E+001, 1.9800000E+001, 9.8383880E+003, 9.8383880E+003, 9.8383880E+003
 2.1502204E+003, 3.2829831E+002, 3.3079934E+002, 3.3773806E+002, 3.4078649E+002, 3.4505351E+002, 1.9800000E+001, 1.9800000E+001, 1.9800000E+001, 1.9800000E+001, 1.9800000E+001, 1.6929545E+002, 1.7023776E+002, 1.6997696E+002, 1.7069785E+002, 1.7048584E+002, 1.7157095E+002, 1.7230743E+002, 1.7161434E+002, 1.7186195E+002, 1.7087670E+002, 1.7829854E+002, 1.7982773E+002, 1.7915124E+002, 1.8014514E+002, 1.8008541E+002, 1.8252016E+002, 1.8369800E+002, 1.8336215E+002, 1.8395792E+002, 1.8284343E+002, 1.8428608E+002, 1.8595410E+002, 1.8553699E+002, 1.8581480E+002, 1.8470127E+002, 1.9802733E+001, 1.9802765E+001, 1.9805079E+001, 1.9805105E+001, 1.9802779E+001, 1.9802747E+001, 1.9805613E+001, 1.9803054E+001, 1.9805684E+001, 1.9803226E+001, 1.9803256E+001, 1.9805971E+001, 1.9805987E+001, 1.9803281E+001, 1.9803243E+001, 1.9800000E+001, 1.9800002E+001, 1.9800000E+001, 1.9800003E+001, 1.9800000E+001, 1.9800000E+001, 1.9800003E+001, 1.9800000E+001, 1.9800002E+001, 1.9800000E+001, 1.9800000E+001, 1.9800003E+001, 1.9800000E+001, 1.9800003E+001, 1.9800000E+001, 1.9800000E+001, 1.9800003E+001, 1.9800000E+001, 1.9800003E+001, 1.9800000E+001, 1.9800000E+001, 1.9800003E+001, 1.9800000E+001, 1.9800003E+001, 1.9800000E+001, 9.8383880E+003, 9.8383880E+003, 9.8383880E+003
 2.2001755E+003, 3.3170115E+002, 3.3425594E+002, 3.4096930E+002, 3.4369221E+002, 3.4793666E+002, 1.9800000E+001, 1.9800000E+001, 1.9800000E+001, 1.9800000E+001, 1.9800000E+001, 1.7439380E+002, 1.7543136E+002, 1.7507494E+002, 1.7588723E+002, 1.7561091E+002, 1.7672483E+002, 1.7756336E+002, 1.7676880E+002, 1.7712647E+002, 1.7602504E+002, 1.8339137E+002, 1.8505176E+002, 1.8426876E+002, 1.8537843E+002, 1.8520011E+002, 1.8751963E+002, 1.8883938E+002, 1.8836091E+002, 1.8910128E+002, 1.8788306E+002, 1.8939691E+002, 1.9123166E+002, 1.9067933E+002, 1.9108541E+002, 1.8983167E+002, 1.9803540E+001, 1.9803580E+001, 1.9806462E+001, 1.9806498E+001, 1.9803600E+001, 1.9803560E+001, 1.9807139E+001, 1.9803955E+001, 1.9807231E+001, 1.9804176E+001, 1.9804215E+001, 1.9807594E+001, 1.9807613E+001, 1.9804244E+001, 1.9804196E+001, 1.9800000E+001, 1.9800004E+001, 1.9800000E+001, 1.9800004E+001, 1.9800000E+001, 1.9800000E+001, 1.9800004E+001, 1.9800000E+001, 1.9800004E+001, 1.9800000E+001, 1.9800000E+001, 1.9800004E+001, 1.9800000E+001, 1.9800004E+001, 1.9800000E+001, 1.9800000E+001, 1.9800004E+001, 1.9800000E+001, 1.9800004E+001, 1.9800000E+001, 1.9800000E+001, 1.9800004E+001, 1.9800000E+001, 1.9800004E+001, 1.9800000E+001, 9.8383880E+003, 9.8383880E+003, 9.8383880E+003
 2.2500033E+003, 3.3527532E+002, 3.3777528E+002, 3.4416053E+002, 3.4676915E+002, 3.5091901E+002, 1.9800000E+001, 1.9800000E+001, 1.9800000E+001, 1.9800000E+001, 1.9800000E+001, 1.7933865E+002, 1.8049222E+002, 1.8002633E+002, 1.8094374E+002, 1.8058991E+002, 1.8173951E+002, 1.8269654E+002, 1.8178381E+002, 1.8226475E+002, 1.8103869E+002, 1.8830897E+002, 1.9013359E+002, 1.8920929E+002, 1.9047194E+002, 1.9015480E+002, 1.9236334E+002, 1.9384711E+002, 1.9320448E+002, 1.9410965E+002, 1.9277015E+002, 1.9434941E+002, 1.9636678E+002, 1.9565681E+002, 1.9621160E+002, 1.9480436E+002, 1.9804542E+001, 1.9804592E+001, 1.9808154E+001, 1.9808203E+001, 1.9804622E+001, 1.9804571E+001, 1.9809005E+001, 1.9805074E+001, 1.9809123E+001, 1.9805357E+001, 1.9805406E+001, 1.9809579E+001, 1.9809601E+001, 1.9805441E+001, 1.9805379E+001, 1.9800000E+001, 1.9800005E+001, 1.9800000E+001, 1.9800005E+001, 1.9800000E+001, 1.9800000E+001, 1.9800005E+001, 1.9800000E+001, 1.9800005E+001, 1.9800000E+001, 1.9800000E+001, 1.9800006E+001, 1.9800000E+001, 1.9800006E+001, 1.9800000E+001, 1.9800000E+001, 1.9800006E+001, 1.9800000E+001, 1.9800006E+001, 1.9800000E+001, 1.9800000E+001, 1.9800006E+001, 1.9800000E+001, 1.9800006E+001, 1.9800000E+001, 9.8383880E+003, 9.8383880E+003, 9.8383880E+003
 2.3001234E+003, 3.3891528E+002, 3.4147560E+002, 3.4717453E+002, 3.4961078E+002, 3.5386475E+002, 1.9800000E+001, 1.9800000E+001, 1.9800000E+001, 1.9800000E+001, 1.9800000E+001, 1.8419635E+002, 1.8549724E+002, 1.8489615E+002, 1.8594530E+002, 1.8547904E+002, 1.8666704E+002, 1.8777361E+002, 1.8670807E+002, 1.8734090E+002, 1.8596496E+002, 1.9314120E+002, 1.9512575E+002, 1.9405643E+002, 1.9548663E+002, 1.9502383E+002, 1.9709225E+002, 1.9874816E+002, 1.9793522E+002, 1.9901400E+002, 1.9753721E+002, 1.9918565E+002, 2.0137724E+002, 2.0049954E+002, 2.0122187E+002, 1.9965201E+002, 1.9805787E+001, 1.9805850E+001, 1.9810223E+001, 1.9810288E+001, 1.9805891E+001, 1.9805827E+001, 1.9811287E+001, 1.9806464E+001, 1.9811437E+001, 1.9806824E+001, 1.9806886E+001, 1.9812007E+001, 1.9812033E+001, 1.9806927E+001, 1.9806849E+001, 1.9800000E+001, 1.9800007E+001, 1.9800000E+001, 1.9800007E+001, 1.9800000E+001, 1.9800000E+001, 1.9800007E+001, 1.9800000E+001, 1.9800007E+001, 1.9800000E+001, 1.9800000E+001, 1.9800008E+001, 1.9800000E+001, 1.9800008E+001, 1.9800000E+001, 1.9800000E+001, 1.9800008E+001, 1.9800000E+001, 1.9800008E+001, 1.9800000E+001, 1.9800000E+001, 1.9800008E+001, 1.9800000E+001, 1.9800008E+001, 1.9800000E+001, 9.8383880E+003, 9.8383880E+003, 9.8383880E+003
 2.3501877E+003, 3.4242203E+002, 3.4499450E+002, 3.5029430E+002, 3.5246162E+002, 3.5656325E+002, 1.9800000E+001, 1.9800000E+001, 1.9800000E+001, 1.9800000E+001, 1.9800000E+001, 1.8898348E+002, 1.9047652E+002, 1.8971722E+002, 1.9092766E+002, 1.9031559E+002, 1.9154297E+002, 1.9281794E+002, 1.9158353E+002, 1.9238418E+002, 1.9083798E+002, 1.9788218E+002, 2.0003946E+002, 1.9880579E+002, 2.0041451E+002, 1.9980478E+002, 2.0171242E+002, 2.0354401E+002, 2.0255801E+002, 2.0381828E+002, 2.0218642E+002, 2.0390312E+002, 2.0626285E+002, 2.0521180E+002, 2.0610916E+002, 2.0436987E+002, 1.9807323E+001, 1.9807402E+001, 1.9812739E+001, 1.9812825E+001, 1.9807458E+001, 1.9807378E+001, 1.9814061E+001, 1.9808179E+001, 1.9814251E+001, 1.9808633E+001, 1.9808712E+001, 1.9814959E+001, 1.9814990E+001, 1.9808760E+001, 1.9808663E+001, 1.9800000E+001, 1.9800009E+001, 1.9800000E+001, 1.9800010E+001, 1.9800001E+001, 1.9800001E+001, 1.9800010E+001, 1.9800000E+001, 1.9800009E+001, 1.9800000E+001, 1.9800001E+001, 1.9800011E+001, 1.9800000E+001, 1.9800011E+001, 1.9800001E+001, 1.9800000E+001, 1.9800011E+001, 1.9800000E+001, 1.9800011E+001, 1.9800001E+001, 1.9800001E+001, 1.9800011E+001, 1.9800000E+001, 1.9800011E+001, 1.9800000E+001, 9.8383880E+003, 9.8383880E+003, 9.8383880E+003
 2.4001010E+003, 3.4593084E+002, 3.4855372E+002, 3.5344653E+002, 3.5533710E+002, 3.5965760E+002, 1.9800000E+001, 1.9800000E+001, 1.9800000E+001, 1.9800000E+001, 1.9800000E+001, 1.9368400E+002, 1.9538618E+002, 1.9446392E+002, 1.9583995E+002, 1.9506878E+002, 1.9632385E+002, 1.9778376E+002, 1.9637311E+002, 1.9735110E+002, 1.9562480E+002, 2.0249987E+002, 2.0484283E+002, 2.0342993E+002, 2.0522919E+002, 2.0446185E+002, 2.0619780E+002, 2.0821120E+002, 2.0703778E+002, 2.0849565E+002, 2.0669430E+002, 2.0847048E+002, 2.1101739E+002, 2.0977062E+002, 2.1086521E+002, 2.0892954E+002, 1.9809197E+001, 1.9809295E+001, 1.9815765E+001, 1.9815878E+001, 1.9809370E+001, 1.9809271E+001, 1.9817398E+001, 1.9810271E+001, 1.9817637E+001, 1.9810841E+001, 1.9810939E+001, 1.9818510E+001, 1.9818547E+001, 1.9810996E+001, 1.9810875E+001, 1.9800000E+001, 1.9800013E+001, 1.9800000E+001, 1.9800013E+001, 1.9800001E+001, 1.9800001E+001, 1.9800013E+001, 1.9800000E+001, 1.9800013E+001, 1.9800000E+001, 1.9800001E+001, 1.9800014E+001, 1.9800000E+001, 1.9800014E+001, 1.9800001E+001, 1.9800000E+001, 1.9800015E+001, 1.9800000E+001, 1.9800015E+001, 1.9800001E+001, 1.9800001E+001, 1.9800016E+001, 1.9800000E+001, 1.9800015E+001, 1.9800000E+001, 9.8383880E+003, 9.8383880E+003, 9.8383880E+003
 2.4501613E+003, 3.4887609E+002, 3.5173536E+002, 3.5636051E+002, 3.5792692E+002, 3.6217129E+002, 1.9800000E+001, 1.9800000E+001, 1.9800000E+001, 1.9800000E+001, 1.9800000E+001, 1.9830616E+002, 2.0021894E+002, 1.9913133E+002, 2.0068796E+002, 1.9974536E+002, 2.0101651E+002, 2.0267183E+002, 2.0108095E+002, 2.0224145E+002, 2.0032623E+002, 2.0698974E+002, 2.0953271E+002, 2.0792775E+002, 2.0994254E+002, 2.0899077E+002, 2.1055791E+002, 2.1279401E+002, 2.1139914E+002, 2.1309551E+002, 2.1108302E+002, 2.1294641E+002, 2.1574025E+002, 2.1426047E+002, 2.1558933E+002, 2.1341048E+002, 1.9811473E+001, 1.9811592E+001, 1.9819390E+001, 1.9819536E+001, 1.9811693E+001, 1.9811571E+001, 1.9821397E+001, 1.9812812E+001, 1.9821694E+001, 1.9813522E+001, 1.9813643E+001, 1.9822764E+001, 1.9822811E+001, 1.9813710E+001, 1.9813561E+001, 1.9800000E+001, 1.9800017E+001, 1.9800000E+001, 1.9800018E+001, 1.9800001E+001, 1.9800001E+001, 1.9800018E+001, 1.9800000E+001, 1.9800017E+001, 1.9800000E+001, 1.9800001E+001, 1.9800019E+001, 1.9800000E+001, 1.9800019E+001, 1.9800001E+001, 1.9800001E+001, 1.9800021E+001, 1.9800001E+001, 1.9800021E+001, 1.9800001E+001, 1.9800001E+001, 1.9800021E+001, 1.9800001E+001, 1.9800021E+001, 1.9800001E+001, 9.8383880E+003, 9.8383880E+003, 9.8383880E+003
 2.5001837E+003, 3.5175831E+002, 3.5456346E+002, 3.5877110E+002, 3.6033774E+002, 3.6448664E+002, 1.9800000E+001, 1.9800000E+001, 1.9800000E+001, 1.9800000E+001, 1.9800000E+001, 2.0285916E+002, 2.0496887E+002, 2.0370824E+002, 2.0546187E+002, 2.0433514E+002, 2.0561577E+002, 2.0747288E+002, 2.0569624E+002, 2.0704854E+002, 2.0493650E+002, 2.1137827E+002, 2.1417159E+002, 2.1234270E+002, 2.1460614E+002, 2.1345523E+002, 2.1486753E+002, 2.1736615E+002, 2.1571845E+002, 2.1768816E+002, 2.1543201E+002, 2.1736193E+002, 2.2042267E+002, 2.1868768E+002, 2.2026921E+002, 2.1783426E+002, 1.9814222E+001, 1.9814369E+001, 1.9823715E+001, 1.9823902E+001, 1.9814500E+001, 1.9814351E+001, 1.9826166E+001, 1.9815883E+001, 1.9826535E+001, 1.9816761E+001, 1.9816910E+001, 1.9827839E+001, 1.9827898E+001, 1.9816991E+001, 1.9816807E+001, 1.9800001E+001, 1.9800023E+001, 1.9800001E+001, 1.9800023E+001, 1.9800001E+001, 1.9800001E+001, 1.9800023E+001, 1.9800001E+001, 1.9800023E+001, 1.9800001E+001, 1.9800001E+001, 1.9800026E+001, 1.9800001E+001, 1.9800026E+001, 1.9800001E+001, 1.9800001E+001, 1.9800027E+001, 1.9800001E+001, 1.9800028E+001, 1.9800002E+001, 1.9800002E+001, 1.9800028E+001, 1.9800001E+001, 1.9800028E+001, 1.9800001E+001, 9.8390814E+003, 9.8390814E+003, 9.8390814E+003
 2.5502043E+003, 3.5422185E+002, 3.5723410E+002, 3.6093586E+002, 3.6230625E+002, 3.6658257E+002, 1.9800000E+001, 1.9800000E+001, 1.9800000E+001, 1.9800000E+001, 1.9800000E+001, 2.0730755E+002, 2.0962008E+002, 2.0816040E+002, 2.1013615E+002, 2.0880474E+002, 2.1010473E+002, 2.1218370E+002, 2.1019186E+002, 2.1176242E+002, 2.0943213E+002, 2.1572099E+002, 2.1877796E+002, 2.1670906E+002, 2.1922910E+002, 2.1787131E+002, 2.1910455E+002, 2.2188874E+002, 2.1995679E+002, 2.2222719E+002, 2.1970843E+002, 2.2167445E+002, 2.2503233E+002, 2.2300271E+002, 2.2487601E+002, 2.2215469E+002, 1.9817520E+001, 1.9817699E+001, 1.9828840E+001, 1.9829077E+001, 1.9817870E+001, 1.9817688E+001, 1.9831818E+001, 1.9819567E+001, 1.9832272E+001, 1.9820647E+001, 1.9820831E+001, 1.9833852E+001, 1.9833928E+001, 1.9820927E+001, 1.9820703E+001, 1.9800001E+001, 1.9800031E+001, 1.9800001E+001, 1.9800031E+001, 1.9800002E+001, 1.9800002E+001, 1.9800031E+001, 1.9800001E+001, 1.9800031E+001, 1.9800001E+001, 1.9800002E+001, 1.9800034E+001, 1.9800001E+001, 1.9800034E+001, 1.9800002E+001, 1.9800001E+001, 1.9800036E+001, 1.9800001E+001, 1.9800037E+001, 1.9800002E+001, 1.9800002E+001, 1.9800037E+001, 1.9800001E+001, 1.9800037E+001, 1.9800001E+001, 9.8435080E+003, 9.8435080E+003, 9.8435080E+003
 2.6000659E+003, 3.5666624E+002, 3.5963193E+002, 3.6323797E+002, 3.6432167E+002, 3.6894290E+002, 1.9800000E+001, 1.9800000E+001, 1.9800000E+001, 1.9800000E+001, 1.9800000E+001, 2.1162551E+002, 2.1418556E+002, 2.1248477E+002, 2.1472347E+002, 2.1316446E+002, 2.1451433E+002, 2.1684993E+002, 2.1460408E+002, 2.1642483E+002, 2.1383375E+002, 2.1997181E+002, 2.2330427E+002, 2.2095823E+002, 2.2376439E+002, 2.2218073E+002, 2.2321539E+002, 2.2632195E+002, 2.2406779E+002, 2.2666732E+002, 2.2386416E+002, 2.2584724E+002, 2.2946922E+002, 2.2712784E+002, 2.2931932E+002, 2.2630791E+002, 1.9821445E+001, 1.9821663E+001, 1.9834868E+001, 1.9835166E+001, 1.9821882E+001, 1.9821661E+001, 1.9838467E+001, 1.9823954E+001, 1.9839022E+001, 1.9825272E+001, 1.9825495E+001, 1.9840924E+001, 1.9841023E+001, 1.9825613E+001, 1.9825340E+001, 1.9800001E+001, 1.9800040E+001, 1.9800001E+001, 1.9800041E+001, 1.9800002E+001, 1.9800002E+001, 1.9800041E+001, 1.9800001E+001, 1.9800040E+001, 1.9800001E+001, 1.9800003E+001, 1.9800045E+001, 1.9800001E+001, 1.9800045E+001, 1.9800003E+001, 1.9800001E+001, 1.9800048E+001, 1.9800001E+001, 1.9800048E+001, 1.9800003E+001, 1.9800003E+001, 1.9800048E+001, 1.9800001E+001, 1.9800048E+001, 1.9800001E+001, 9.8435080E+003, 9.8435080E+003, 9.8435080E+003
 2.6501889E+003, 3.5894117E+002, 3.6186036E+002, 3.6520871E+002, 3.6627116E+002, 3.7101616E+002, 1.9800000E+001, 1.9800000E+001, 1.9800000E+001, 1.9800000E+001, 1.9800000E+001, 2.1586987E+002, 2.1872065E+002, 2.1674393E+002, 2.1926979E+002, 2.1746586E+002, 2.1886271E+002, 2.2147031E+002, 2.1894358E+002, 2.2103944E+002, 2.1816611E+002, 2.2411388E+002, 2.2772982E+002, 2.2508652E+002, 2.2818031E+002, 2.2635520E+002, 2.2718899E+002, 2.3057450E+002, 2.2801007E+002, 2.3091957E+002, 2.2786353E+002, 2.2982086E+002, 2.3373467E+002, 2.3105301E+002, 2.3359521E+002, 2.3024266E+002, 1.9826108E+001, 1.9826371E+001, 1.9841949E+001, 1.9842320E+001, 1.9826649E+001, 1.9826382E+001, 1.9846277E+001, 1.9829165E+001, 1.9846952E+001, 1.9830765E+001, 1.9831036E+001, 1.9849228E+001, 1.9849358E+001, 1.9831180E+001, 1.9830850E+001, 1.9800001E+001, 1.9800053E+001, 1.9800001E+001, 1.9800053E+001, 1.9800003E+001, 1.9800003E+001, 1.9800053E+001, 1.9800001E+001, 1.9800053E+001, 1.9800001E+001, 1.9800003E+001, 1.9800059E+001, 1.9800002E+001, 1.9800059E+001, 1.9800004E+001, 1.9800002E+001, 1.9800062E+001, 1.9800002E+001, 1.9800063E+001, 1.9800004E+001, 1.9800004E+001, 1.9800063E+001, 1.9800002E+001, 1.9800063E+001, 1.9800002E+001, 9.8435080E+003, 9.8435080E+003, 9.8435080E+003
 2.7000715E+003, 3.6092473E+002, 3.6399004E+002, 3.6745082E+002, 3.6839158E+002, 3.7302529E+002, 1.9800000E+001, 1.9800000E+001, 1.9800001E+001, 1.9800001E+001, 1.9800001E+001, 2.2001086E+002, 2.2318745E+002, 2.2090017E+002, 2.2373992E+002, 2.2165361E+002, 2.2309671E+002, 2.2600940E+002, 2.2315961E+002, 2.2557629E+002, 2.2237918E+002, 2.2809080E+002, 2.3195512E+002, 2.2901826E+002, 2.3239565E+002, 2.3030968E+002, 2.3095197E+002, 2.3464921E+002, 2.3174660E+002, 2.3500330E+002, 2.3165971E+002, 2.3361769E+002, 2.3786887E+002, 2.3482667E+002, 2.3773551E+002, 2.3400683E+002, 1.9831605E+001, 1.9831921E+001, 1.9850208E+001, 1.9850665E+001, 1.9832271E+001, 1.9831950E+001, 1.9855385E+001, 1.9835310E+001, 1.9856201E+001, 1.9837241E+001, 1.9837568E+001, 1.9858911E+001, 1.9859082E+001, 1.9837745E+001, 1.9837348E+001, 1.9800002E+001, 1.9800068E+001, 1.9800002E+001, 1.9800069E+001, 1.9800004E+001, 1.9800004E+001, 1.9800069E+001, 1.9800002E+001, 1.9800068E+001, 1.9800002E+001, 1.9800005E+001, 1.9800076E+001, 1.9800002E+001, 1.9800076E+001, 1.9800005E+001, 1.9800002E+001, 1.9800080E+001, 1.9800002E+001, 1.9800081E+001, 1.9800005E+001, 1.9800005E+001, 1.9800081E+001, 1.9800002E+001, 1.9800081E+001, 1.9800002E+001, 9.8435080E+003, 9.8435080E+003, 9.8435080E+003
 2.7502061E+003, 3.6301397E+002, 3.6591667E+002, 3.6941026E+002, 3.6999971E+002, 3.7448601E+002, 1.9800001E+001, 1.9800001E+001, 1.9800001E+001, 1.9800001E+001, 1.9800001E+001, 2.2403771E+002, 2.2755847E+002, 2.2493692E+002, 2.2810412E+002, 2.2571944E+002, 2.2718430E+002, 2.3037256E+002, 2.2721974E+002, 2.2995160E+002, 2.2645553E+002, 2.3186908E+002, 2.3603230E+002, 2.3276228E+002, 2.3647591E+002, 2.3409204E+002, 2.3455190E+002, 2.3860102E+002, 2.3533674E+002, 2.3896552E+002, 2.3530915E+002, 2.3727507E+002, 2.4190152E+002, 2.3847604E+002, 2.4176077E+002, 2.3764332E+002, 1.9838057E+001, 1.9838435E+001, 1.9859798E+001, 1.9860359E+001, 1.9838871E+001, 1.9838487E+001, 1.9865961E+001, 1.9842523E+001, 1.9866943E+001, 1.9844839E+001, 1.9845232E+001, 1.9870151E+001, 1.9870373E+001, 1.9845451E+001, 1.9844976E+001, 1.9800003E+001, 1.9800088E+001, 1.9800003E+001, 1.9800088E+001, 1.9800005E+001, 1.9800005E+001, 1.9800089E+001, 1.9800003E+001, 1.9800088E+001, 1.9800003E+001, 1.9800006E+001, 1.9800098E+001, 1.9800003E+001, 1.9800098E+001, 1.9800006E+001, 1.9800003E+001, 1.9800103E+001, 1.9800003E+001, 1.9800104E+001, 1.9800006E+001, 1.9800006E+001, 1.9800105E+001, 1.9800003E+001, 1.9800104E+001, 1.9800003E+001, 9.8437653E+003, 9.8437653E+003, 9.8437653E+003
 2.8000887E+003, 3.6460625E+002, 3.6773747E+002, 3.7117548E+002, 3.7164582E+002, 3.7613325E+002, 1.9800001E+001, 1.9800001E+001, 1.9800001E+001, 1.9800001E+001, 1.9800001E+001, 2.2792753E+002, 2.3173956E+002, 2.2879893E+002, 2.3227532E+002, 2.2959227E+002, 2.3105421E+002, 2.3455416E+002, 2.3105943E+002, 2.3413690E+002, 2.3031741E+002, 2.3549336E+002, 2.3999730E+002, 2.3637125E+002, 2.4044871E+002, 2.3773884E+002, 2.3802040E+002, 2.4246388E+002, 2.3880467E+002, 2.4283450E+002, 2.3882817E+002, 2.4081712E+002, 2.4585473E+002, 2.4199830E+002, 2.4570047E+002, 2.4115870E+002, 1.9845586E+001, 1.9846036E+001, 1.9870878E+001, 1.9871560E+001, 1.9846576E+001, 1.9846119E+001, 1.9878178E+001, 1.9850943E+001, 1.9879354E+001, 1.9853705E+001, 1.9854174E+001, 1.9883130E+001, 1.9883419E+001, 1.9854447E+001, 1.9853880E+001, 1.9800003E+001, 1.9800112E+001, 1.9800003E+001, 1.9800113E+001, 1.9800007E+001, 1.9800007E+001, 1.9800113E+001, 1.9800003E+001, 1.9800112E+001, 1.9800003E+001, 1.9800008E+001, 1.9800125E+001, 1.9800004E+001, 1.9800125E+001, 1.9800008E+001, 1.9800004E+001, 1.9800132E+001, 1.9800004E+001, 1.9800133E+001, 1.9800008E+001, 1.9800008E+001, 1.9800133E+001, 1.9800004E+001, 1.9800133E+001, 1.9800004E+001, 9.8440200E+003, 9.8440200E+003, 9.8440200E+003
 2.8501917E+003, 3.6650070E+002, 3.6941054E+002, 3.7285035E+002, 3.7316849E+002, 3.7778827E+002, 1.9800001E+001, 1.9800001E+001, 1.9800001E+001, 1.9800001E+001, 1.9800001E+001, 2.3160775E+002, 2.3574813E+002, 2.3245203E+002, 2.3628246E+002, 2.3327026E+002, 2.3474676E+002, 2.3859287E+002, 2.3472272E+002, 2.3817639E+002, 2.3399294E+002, 2.3897957E+002, 2.4387239E+002, 2.3985664E+002, 2.4432959E+002, 2.4125129E+002, 2.4136090E+002, 2.4625698E+002, 2.4214791E+002, 2.4662993E+002, 2.4222230E+002, 2.4425318E+002, 2.4972503E+002, 2.4539227E+002, 2.4956282E+002, 2.4454752E+002, 1.9854329E+001, 1.9854862E+001, 1.9883618E+001, 1.9884442E+001, 1.9855525E+001, 1.9854984E+001, 1.9892222E+001, 1.9860722E+001, 1.9893622E+001, 1.9863996E+001, 1.9864553E+001, 1.9898044E+001, 1.9898417E+001, 1.9864894E+001, 1.9864223E+001, 1.9800004E+001, 1.9800142E+001, 1.9800004E+001, 1.9800143E+001, 1.9800009E+001, 1.9800009E+001, 1.9800144E+001, 1.9800004E+001, 1.9800143E+001, 1.9800004E+001, 1.9800010E+001, 1.9800158E+001, 1.9800005E+001, 1.9800159E+001, 1.9800010E+001, 1.9800005E+001, 1.9800167E+001, 1.9800005E+001, 1.9800168E+001, 1.9800011E+001, 1.9800011E+001, 1.9800169E+001, 1.9800005E+001, 1.9800168E+001, 1.9800005E+001, 9.8440200E+003, 9.8440200E+003, 9.8440200E+003
 2.9001581E+003, 3.6792936E+002, 3.7116801E+002, 3.7413746E+002, 3.7465396E+002, 3.7918508E+002, 1.9800001E+001, 1.9800001E+001, 1.9800002E+001, 1.9800002E+001, 1.9800002E+001, 2.3512524E+002, 2.3963103E+002, 2.3594978E+002, 2.4016632E+002, 2.3679648E+002, 2.3829756E+002, 2.4251740E+002, 2.3824327E+002, 2.4210166E+002, 2.3752140E+002, 2.4234411E+002, 2.4767936E+002, 2.4322564E+002, 2.4813979E+002, 2.4463304E+002, 2.4458614E+002, 2.4997726E+002, 2.4538400E+002, 2.5035075E+002, 2.4550662E+002, 2.4759263E+002, 2.5351065E+002, 2.4868985E+002, 2.5335866E+002, 2.4783617E+002, 1.9864442E+001, 1.9865071E+001, 1.9898215E+001, 1.9899204E+001, 1.9865880E+001, 1.9865242E+001, 1.9908309E+001, 1.9872034E+001, 1.9909968E+001, 1.9875896E+001, 1.9876555E+001, 1.9915119E+001, 1.9915597E+001, 1.9876981E+001, 1.9876188E+001, 1.9800006E+001, 1.9800179E+001, 1.9800006E+001, 1.9800180E+001, 1.9800012E+001, 1.9800012E+001, 1.9800181E+001, 1.9800006E+001, 1.9800180E+001, 1.9800006E+001, 1.9800013E+001, 1.9800199E+001, 1.9800006E+001, 1.9800200E+001, 1.9800013E+001, 1.9800007E+001, 1.9800211E+001, 1.9800007E+001, 1.9800212E+001, 1.9800014E+001, 1.9800014E+001, 1.9800213E+001, 1.9800007E+001, 1.9800212E+001, 1.9800007E+001, 9.8440200E+003, 9.8440200E+003, 9.8440200E+003
 2.9500154E+003, 3.6942414E+002, 3.7256414E+002, 3.7550985E+002, 3.7593168E+002, 3.8040109E+002, 1.9800002E+001, 1.9800002E+001, 1.9800002E+001, 1.9800002E+001, 1.9800002E+001, 2.3848153E+002, 2.4340900E+002, 2.3930327E+002, 2.4395211E+002, 2.4018121E+002, 2.4170707E+002, 2.4634725E+002, 2.4162392E+002, 2.4592982E+002, 2.4090902E+002, 2.4558907E+002, 2.5139149E+002, 2.4647540E+002, 2.5186285E+002, 2.4790359E+002, 2.4770706E+002, 2.5360775E+002, 2.4851950E+002, 2.5398263E+002, 2.4868307E+002, 2.5081099E+002, 2.5720608E+002, 2.5187685E+002, 2.5707044E+002, 2.5101160E+002, 1.9876048E+001, 1.9876786E+001, 1.9914813E+001, 1.9915993E+001, 1.9877765E+001, 1.9877016E+001, 1.9926596E+001, 1.9885016E+001, 1.9928551E+001, 1.9889544E+001, 1.9890320E+001, 1.9934519E+001, 1.9935126E+001, 1.9890851E+001, 1.9889920E+001, 1.9800007E+001, 1.9800224E+001, 1.9800007E+001, 1.9800225E+001, 1.9800015E+001, 1.9800015E+001, 1.9800227E+001, 1.9800007E+001, 1.9800225E+001, 1.9800007E+001, 1.9800016E+001, 1.9800250E+001, 1.9800008E+001, 1.9800251E+001, 1.9800016E+001, 1.9800009E+001, 1.9800264E+001, 1.9800009E+001, 1.9800266E+001, 1.9800017E+001, 1.9800017E+001, 1.9800267E+001, 1.9800009E+001, 1.9800265E+001, 1.9800009E+001, 9.8440200E+003, 9.8440200E+003, 9.8440200E+003
 3.0001101E+003, 3.7085073E+002, 3.7388225E+002, 3.7680181E+002, 3.7708924E+002, 3.8170804E+002, 1.9800003E+001, 1.9800003E+001, 1.9800003E+001, 1.9800003E+001, 1.9800003E+001, 2.4169814E+002, 2.4710674E+002, 2.4253136E+002, 2.4766407E+002, 2.4345644E+002, 2.4500169E+002, 2.5009677E+002, 2.4488957E+002, 2.4968277E+002, 2.4417503E+002, 2.4873554E+002, 2.5502348E+002, 2.4962385E+002, 2.5551030E+002, 2.5108482E+002, 2.5072974E+002, 2.5715589E+002, 2.5155995E+002, 2.5752946E+002, 2.5176305E+002, 2.5392549E+002, 2.6077788E+002, 2.5496166E+002, 2.6065370E+002, 2.5408938E+002, 1.9889355E+001, 1.9890218E+001, 1.9933675E+001, 1.9935075E+001, 1.9891395E+001, 1.9890520E+001, 1.9947370E+001, 1.9899902E+001, 1.9949663E+001, 1.9905185E+001, 1.9906094E+001, 1.9956544E+001, 1.9957310E+001, 1.9906756E+001, 1.9905667E+001, 1.9800009E+001, 1.9800278E+001, 1.9800009E+001, 1.9800281E+001, 1.9800019E+001, 1.9800019E+001, 1.9800283E+001, 1.9800009E+001, 1.9800281E+001, 1.9800009E+001, 1.9800021E+001, 1.9800311E+001, 1.9800010E+001, 1.9800312E+001, 1.9800021E+001, 1.9800011E+001, 1.9800329E+001, 1.9800011E+001, 1.9800331E+001, 1.9800022E+001, 1.9800022E+001, 1.9800332E+001, 1.9800011E+001, 1.9800331E+001, 1.9800011E+001, 9.8440200E+003, 9.8440200E+003, 9.8440200E+003
 3.0501809E+003, 3.7232034E+002, 3.7532003E+002, 3.7809565E+002, 3.7837774E+002, 3.8302178E+002, 1.9800003E+001, 1.9800003E+001, 1.9800004E+001, 1.9800004E+001, 1.9800004E+001, 2.4480839E+002, 2.5072243E+002, 2.4566180E+002, 2.5129970E+002, 2.4664009E+002, 2.4820125E+002, 2.5376649E+002, 2.4805795E+002, 2.5336178E+002, 2.4734507E+002, 2.5178800E+002, 2.5855227E+002, 2.5266642E+002, 2.5905083E+002, 2.5417771E+002, 2.5366097E+002, 2.6058640E+002, 2.5450682E+002, 2.6095655E+002, 2.5476126E+002, 2.5695592E+002, 2.6423893E+002, 2.5795494E+002, 2.6412564E+002, 2.5707784E+002, 1.9904565E+001, 1.9905571E+001, 1.9955050E+001, 1.9956701E+001, 1.9906978E+001, 1.9905959E+001, 1.9970899E+001, 1.9916917E+001, 1.9973578E+001, 1.9923051E+001, 1.9924112E+001, 1.9981475E+001, 1.9982432E+001, 1.9924934E+001, 1.9923666E+001, 1.9800012E+001, 1.9800345E+001, 1.9800012E+001, 1.9800348E+001, 1.9800023E+001, 1.9800024E+001, 1.9800351E+001, 1.9800012E+001, 1.9800348E+001, 1.9800012E+001, 1.9800026E+001, 1.9800385E+001, 1.9800013E+001, 1.9800387E+001, 1.9800026E+001, 1.9800014E+001, 1.9800408E+001, 1.9800014E+001, 1.9800410E+001, 1.9800028E+001, 1.9800028E+001, 1.9800412E+001, 1.9800014E+001, 1.9800410E+001, 1.9800014E+001, 9.8440200E+003, 9.8440200E+003, 9.8440200E+003
 3.1001425E+003, 3.7375829E+002, 3.7692541E+002, 3.7938996E+002, 3.7967083E+002, 3.8428583E+002, 1.9800004E+001, 1.9800004E+001, 1.9800005E+001, 1.9800005E+001, 1.9800005E+001, 2.4782434E+002, 2.5425443E+002, 2.4869426E+002, 2.5485139E+002, 2.4971969E+002, 2.5129108E+002, 2.5733767E+002, 2.5111652E+002, 2.5694983E+002, 2.5041047E+002, 2.5475197E+002, 2.6195515E+002, 2.5560861E+002, 2.6247017E+002, 2.5718266E+002, 2.5650373E+002, 2.6391100E+002, 2.5735987E+002, 2.6428347E+002, 2.5767206E+002, 2.5987902E+002, 2.6759350E+002, 2.6082962E+002, 2.6750646E+002, 2.5995879E+002, 1.9921817E+001, 1.9922984E+001, 1.9979089E+001, 1.9981025E+001, 1.9924656E+001, 1.9923475E+001, 1.9997347E+001, 1.9936213E+001, 2.0000462E+001, 1.9943300E+001, 1.9944532E+001, 2.0009481E+001, 2.0010666E+001, 1.9945549E+001, 1.9944079E+001, 1.9800015E+001, 1.9800425E+001, 1.9800015E+001, 1.9800428E+001, 1.9800029E+001, 1.9800029E+001, 1.9800432E+001, 1.9800015E+001, 1.9800429E+001, 1.9800015E+001, 1.9800032E+001, 1.9800475E+001, 1.9800017E+001, 1.9800477E+001, 1.9800033E+001, 1.9800018E+001, 1.9800503E+001, 1.9800018E+001, 1.9800505E+001, 1.9800034E+001, 1.9800035E+001, 1.9800507E+001, 1.9800018E+001, 1.9800505E+001, 1.9800018E+001, 9.8440200E+003, 9.8440200E+003, 9.8440200E+003
 3.1501331E+003, 3.7537342E+002, 3.7849925E+002, 3.8074266E+002, 3.8105151E+002, 3.8549274E+002, 1.9800005E+001, 1.9800005E+001, 1.9800006E+001, 1.9800006E+001, 1.9800006E+001, 2.5074933E+002, 2.5769704E+002, 2.5163218E+002, 2.5830409E+002, 2.5270883E+002, 2.5428902E+002, 2.6078649E+002, 2.5408339E+002, 2.6041152E+002, 2.5338020E+002, 2.5763853E+002, 2.6527793E+002, 2.5846059E+002, 2.6580419E+002, 2.6008409E+002, 2.5925643E+002, 2.6715447E+002, 2.6010881E+002, 2.6753380E+002, 2.6046841E+002, 2.6266678E+002, 2.7086826E+002, 2.6357167E+002, 2.7079926E+002, 2.6272437E+002, 1.9941308E+001, 1.9942655E+001, 2.0006023E+001, 2.0008282E+001, 1.9944632E+001, 1.9943268E+001, 2.0026962E+001, 1.9958010E+001, 2.0030568E+001, 1.9966157E+001, 1.9967582E+001, 2.0040820E+001, 2.0042277E+001, 1.9968833E+001, 1.9967136E+001, 1.9800019E+001, 1.9800521E+001, 1.9800019E+001, 1.9800525E+001, 1.9800036E+001, 1.9800037E+001, 1.9800530E+001, 1.9800019E+001, 1.9800526E+001, 1.9800019E+001, 1.9800040E+001, 1.9800582E+001, 1.9800021E+001, 1.9800585E+001, 1.9800041E+001, 1.9800022E+001, 1.9800616E+001, 1.9800023E+001, 1.9800620E+001, 1.9800043E+001, 1.9800043E+001, 1.9800622E+001, 1.9800023E+001, 1.9800619E+001, 1.9800022E+001, 9.8440200E+003, 9.8440200E+003, 9.8440200E+003
 3.2000366E+003, 3.7693150E+002, 3.8010571E+002, 3.8229247E+002, 3.8228390E+002, 3.8667999E+002, 1.9800007E+001, 1.9800007E+001, 1.9800008E+001, 1.9800008E+001, 1.9800008E+001, 2.5360250E+002, 2.6104238E+002, 2.5449709E+002, 2.6166154E+002, 2.5563145E+002, 2.5721844E+002, 2.6415151E+002, 2.5698247E+002, 2.6378010E+002, 2.5627344E+002, 2.6042057E+002, 2.6853566E+002, 2.6119612E+002, 2.6906666E+002, 2.6286677E+002, 2.6189305E+002, 2.7033009E+002, 2.6274336E+002, 2.7071506E+002, 2.6315067E+002, 2.6535538E+002, 2.7409137E+002, 2.6621329E+002, 2.7402532E+002, 2.6540177E+002, 1.9963248E+001, 1.9964797E+001, 2.0036104E+001, 2.0038728E+001, 1.9967121E+001, 1.9965553E+001, 2.0060018E+001, 1.9982541E+001, 2.0064176E+001, 1.9991862E+001, 1.9993504E+001, 2.0075777E+001, 2.0077554E+001, 1.9995035E+001, 1.9993084E+001, 1.9800024E+001, 1.9800635E+001, 1.9800024E+001, 1.9800640E+001, 1.9800045E+001, 1.9800045E+001, 1.9800646E+001, 1.9800024E+001, 1.9800642E+001, 1.9800024E+001, 1.9800050E+001, 1.9800710E+001, 1.9800027E+001, 1.9800713E+001, 1.9800050E+001, 1.9800028E+001, 1.9800752E+001, 1.9800028E+001, 1.9800756E+001, 1.9800053E+001, 1.9800053E+001, 1.9800759E+001, 1.9800028E+001, 1.9800755E+001, 1.9800028E+001, 9.8440200E+003, 9.8440200E+003, 9.8440200E+003
 3.2501648E+003, 3.7835790E+002, 3.8144376E+002, 3.8368428E+002, 3.8352080E+002, 3.8789937E+002, 1.9800009E+001, 1.9800009E+001, 1.9800010E+001, 1.9800010E+001, 1.9800010E+001, 2.5640399E+002, 2.6432958E+002, 2.5730923E+002, 2.6495851E+002, 2.5848644E+002, 2.6006046E+002, 2.6745635E+002, 2.5980639E+002, 2.6708396E+002, 2.5909609E+002, 2.6310188E+002, 2.7174579E+002, 2.6383678E+002, 2.7227659E+002, 2.6555724E+002, 2.6444209E+002, 2.7345770E+002, 2.6529520E+002, 2.7384583E+002, 2.6575103E+002, 2.6797637E+002, 2.7726970E+002, 2.6876855E+002, 2.7720153E+002, 2.6799649E+002, 1.9987893E+001, 1.9989667E+001, 2.0069637E+001, 2.0072670E+001, 1.9992386E+001, 1.9990590E+001, 2.0096843E+001, 2.0010088E+001, 2.0101618E+001, 2.0020707E+001, 2.0022591E+001, 2.0114692E+001, 2.0116843E+001, 2.0024455E+001, 2.0022221E+001, 1.9800029E+001, 1.9800771E+001, 1.9800030E+001, 1.9800777E+001, 1.9800055E+001, 1.9800056E+001, 1.9800785E+001, 1.9800030E+001, 1.9800779E+001, 1.9800030E+001, 1.9800061E+001, 1.9800862E+001, 1.9800033E+001, 1.9800866E+001, 1.9800062E+001, 1.9800035E+001, 1.9800912E+001, 1.9800035E+001, 1.9800917E+001, 1.9800065E+001, 1.9800066E+001, 1.9800921E+001, 1.9800035E+001, 1.9800917E+001, 1.9800035E+001, 9.8440200E+003, 9.8440200E+003, 9.8440200E+003
 3.3000597E+003, 3.7983277E+002, 3.8291184E+002, 3.8517173E+002, 3.8472519E+002, 3.8924075E+002, 1.9800011E+001, 1.9800011E+001, 1.9800012E+001, 1.9800013E+001, 1.9800013E+001, 2.5912911E+002, 2.6756431E+002, 2.6003697E+002, 2.6819443E+002, 2.6123144E+002, 2.6280256E+002, 2.7070294E+002, 2.6252384E+002, 2.7033080E+002, 2.6181450E+002, 2.6571080E+002, 2.7491750E+002, 2.6640964E+002, 2.7544886E+002, 2.6817130E+002, 2.6692216E+002, 2.7654636E+002, 2.6777401E+002, 2.7693867E+002, 2.6828326E+002, 2.7053666E+002, 2.8040502E+002, 2.7125398E+002, 2.8033286E+002, 2.7051858E+002, 2.0015455E+001, 2.0017480E+001, 2.0106858E+001, 2.0110350E+001, 2.0020646E+001, 2.0018596E+001, 2.0137685E+001, 2.0040886E+001, 2.0143148E+001, 2.0052930E+001, 2.0055085E+001, 2.0157819E+001, 2.0160404E+001, 2.0057341E+001, 2.0054792E+001, 1.9800036E+001, 1.9800932E+001, 1.9800037E+001, 1.9800939E+001, 1.9800068E+001, 1.9800069E+001, 1.9800949E+001, 1.9800037E+001, 1.9800942E+001, 1.9800037E+001, 1.9800075E+001, 1.9801041E+001, 1.9800041E+001, 1.9801046E+001, 1.9800076E+001, 1.9800043E+001, 1.9801103E+001, 1.9800043E+001, 1.9801108E+001, 1.9800080E+001, 1.9800080E+001, 1.9801113E+001, 1.9800044E+001, 1.9801108E+001, 1.9800043E+001, 9.8440200E+003, 9.8440200E+003, 9.8440200E+003
 3.3501896E+003, 3.8102302E+002, 3.8432208E+002, 3.8637619E+002, 3.8600313E+002, 3.9043783E+002, 1.9800014E+001, 1.9800014E+001, 1.9800015E+001, 1.9800016E+001, 1.9800016E+001, 2.6175298E+002, 2.7073754E+002, 2.6266672E+002, 2.7136806E+002, 2.6388282E+002, 2.6546716E+002, 2.7390081E+002, 2.6515588E+002, 2.7352913E+002, 2.6444373E+002, 2.6825529E+002, 2.7805127E+002, 2.6891920E+002, 2.7858708E+002, 2.7072317E+002, 2.6933896E+002, 2.7959333E+002, 2.7018703E+002, 2.7998747E+002, 2.7075706E+002, 2.7303252E+002, 2.8346969E+002, 2.7367893E+002, 2.8339426E+002, 2.7297971E+002, 2.0046161E+001, 2.0048465E+001, 2.0148030E+001, 2.0152032E+001, 2.0052135E+001, 2.0049804E+001, 2.0182824E+001, 2.0075185E+001, 2.0189051E+001, 2.0088788E+001, 2.0091241E+001, 2.0205446E+001, 2.0208531E+001, 2.0093958E+001, 2.0091062E+001, 1.9800045E+001, 1.9801121E+001, 1.9800045E+001, 1.9801129E+001, 1.9800083E+001, 1.9800084E+001, 1.9801141E+001, 1.9800046E+001, 1.9801134E+001, 1.9800045E+001, 1.9800092E+001, 1.9801253E+001, 1.9800050E+001, 1.9801258E+001, 1.9800093E+001, 1.9800053E+001, 1.9801327E+001, 1.9800054E+001, 1.9801333E+001, 1.9800098E+001, 1.9800098E+001, 1.9801339E+001, 1.9800054E+001, 1.9801334E+001, 1.9800053E+001, 9.8440200E+003, 9.8440200E+003, 9.8440200E+003
 3.4000884E+003, 3.8222413E+002, 3.8566692E+002, 3.8745183E+002, 3.8737050E+002, 3.9176699E+002, 1.9800017E+001, 1.9800017E+001, 1.9800019E+001, 1.9800020E+001, 1.9800020E+001, 2.6430807E+002, 2.7386278E+002, 2.6521629E+002, 2.7449261E+002, 2.6646331E+002, 2.6805994E+002, 2.7705798E+002, 2.6771517E+002, 2.7668607E+002, 2.6699830E+002, 2.7074920E+002, 2.8114259E+002, 2.7137111E+002, 2.8166774E+002, 2.7322087E+002, 2.7170414E+002, 2.8257011E+002, 2.7254323E+002, 2.8295918E+002, 2.7317580E+002, 2.7546942E+002, 2.8643752E+002, 2.7604797E+002, 2.8635927E+002, 2.7537994E+002, 2.0080242E+001, 2.0082854E+001, 2.0193413E+001, 2.0197981E+001, 2.0087088E+001, 2.0084447E+001, 2.0232533E+001, 2.0113234E+001, 2.0239606E+001, 2.0128534E+001, 2.0131319E+001, 2.0257854E+001, 2.0261511E+001, 2.0134571E+001, 2.0131292E+001, 1.9800055E+001, 1.9801342E+001, 1.9800056E+001, 1.9801352E+001, 1.9800101E+001, 1.9800102E+001, 1.9801367E+001, 1.9800056E+001, 1.9801358E+001, 1.9800056E+001, 1.9800112E+001, 1.9801500E+001, 1.9800062E+001, 1.9801507E+001, 1.9800113E+001, 1.9800065E+001, 1.9801589E+001, 1.9800066E+001, 1.9801596E+001, 1.9800119E+001, 1.9800119E+001, 1.9801604E+001, 1.9800066E+001, 1.9801597E+001, 1.9800065E+001, 9.8453474E+003, 9.8453474E+003, 9.8453474E+003
 3.4502183E+003, 3.8372856E+002, 3.8692551E+002, 3.8886093E+002, 3.8860440E+002, 3.9319353E+002, 1.9800021E+001, 1.9800021E+001, 1.9800024E+001, 1.9800025E+001, 1.9800025E+001, 2.6679324E+002, 2.7695044E+002, 2.6768689E+002, 2.7757439E+002, 2.6898551E+002, 2.7059109E+002, 2.8017287E+002, 2.7021026E+002, 2.7979957E+002, 2.6948488E+002, 2.7319847E+002, 2.8414831E+002, 2.7376012E+002, 2.8464871E+002, 2.7566845E+002, 2.7401881E+002, 2.8546169E+002, 2.7485049E+002, 2.8584527E+002, 2.7555283E+002, 2.7787050E+002, 2.8935199E+002, 2.7837764E+002, 2.8926948E+002, 2.7773140E+002, 2.0117960E+001, 2.0120912E+001, 2.0243300E+001, 2.0248494E+001, 2.0125778E+001, 2.0122795E+001, 2.0287123E+001, 2.0155324E+001, 2.0295128E+001, 2.0172464E+001, 2.0175615E+001, 2.0315362E+001, 2.0319668E+001, 2.0179485E+001, 2.0175785E+001, 1.9800067E+001, 1.9801600E+001, 1.9800068E+001, 1.9801611E+001, 1.9800122E+001, 1.9800123E+001, 1.9801630E+001, 1.9800069E+001, 1.9801619E+001, 1.9800068E+001, 1.9800135E+001, 1.9801789E+001, 1.9800076E+001, 1.9801797E+001, 1.9800136E+001, 1.9800080E+001, 1.9801895E+001, 1.9800080E+001, 1.9801904E+001, 1.9800144E+001, 1.9800144E+001, 1.9801914E+001, 1.9800081E+001, 1.9801906E+001, 1.9800080E+001, 9.8509591E+003, 9.8509591E+003, 9.8509591E+003
 3.5001171E+003, 3.8476338E+002, 3.8820895E+002, 3.9013860E+002, 3.8989295E+002, 3.9449779E+002, 1.9800026E+001, 1.9800027E+001, 1.9800029E+001, 1.9800031E+001, 1.9800031E+001, 2.6920546E+002, 2.7998844E+002, 2.7009813E+002, 2.8060298E+002, 2.7145483E+002, 2.7306543E+002, 2.8320647E+002, 2.7264552E+002, 2.8283315E+002, 2.7191237E+002, 2.7560067E+002, 2.8706693E+002, 2.7609500E+002, 2.8755761E+002, 2.7807752E+002, 2.7629354E+002, 2.8830154E+002, 2.7712328E+002, 2.8868197E+002, 2.7790076E+002, 2.8023757E+002, 2.9223104E+002, 2.8067720E+002, 2.9214153E+002, 2.8004462E+002, 2.0159566E+001, 2.0162890E+001, 2.0297964E+001, 2.0303848E+001, 2.0168460E+001, 2.0165103E+001, 2.0346879E+001, 2.0201725E+001, 2.0355910E+001, 2.0220852E+001, 2.0224404E+001, 2.0378260E+001, 2.0383300E+001, 2.0228985E+001, 2.0224825E+001, 1.9800082E+001, 1.9801900E+001, 1.9800083E+001, 1.9801913E+001, 1.9800147E+001, 1.9800148E+001, 1.9801936E+001, 1.9800084E+001, 1.9801924E+001, 1.9800083E+001, 1.9800163E+001, 1.9802125E+001, 1.9800092E+001, 1.9802135E+001, 1.9800164E+001, 1.9800097E+001, 1.9802250E+001, 1.9800098E+001, 1.9802261E+001, 1.9800173E+001, 1.9800174E+001, 1.9802273E+001, 1.9800098E+001, 1.9802264E+001, 1.9800097E+001, 9.8572751E+003, 9.8572751E+003, 9.8572751E+003
 3.5500160E+003, 3.8626590E+002, 3.8944899E+002, 3.9150397E+002, 3.9124807E+002, 3.9582178E+002, 1.9800032E+001, 1.9800033E+001, 1.9800036E+001, 1.9800038E+001, 1.9800038E+001, 2.7156157E+002, 2.8293071E+002, 2.7244756E+002, 2.8353789E+002, 2.7385981E+002, 2.7548277E+002, 2.8614157E+002, 2.7501582E+002, 2.8576401E+002, 2.7427785E+002, 2.7795119E+002, 2.8991514E+002, 2.7838777E+002, 2.9042056E+002, 2.8044413E+002, 2.7853247E+002, 2.9109827E+002, 2.7936004E+002, 2.9148042E+002, 2.8021051E+002, 2.8256713E+002, 2.9511176E+002, 2.8294471E+002, 2.9502225E+002, 2.8231739E+002, 2.0205215E+001, 2.0208947E+001, 2.0357555E+001, 2.0364195E+001, 2.0215297E+001, 2.0211531E+001, 2.0411951E+001, 2.0252603E+001, 2.0422104E+001, 2.0273863E+001, 2.0277853E+001, 2.0446698E+001, 2.0452563E+001, 2.0283245E+001, 2.0278584E+001, 1.9800099E+001, 1.9802246E+001, 1.9800100E+001, 1.9802262E+001, 1.9800176E+001, 1.9800178E+001, 1.9802290E+001, 1.9800101E+001, 1.9802275E+001, 1.9800100E+001, 1.9800195E+001, 1.9802512E+001, 1.9800112E+001, 1.9802524E+001, 1.9800197E+001, 1.9800117E+001, 1.9802660E+001, 1.9800118E+001, 1.9802673E+001, 1.9800208E+001, 1.9800209E+001, 1.9802688E+001, 1.9800119E+001, 1.9802677E+001, 1.9800118E+001, 9.8641539E+003, 9.8641539E+003, 9.8641539E+003
 3.6001458E+003, 3.8731823E+002, 3.9077780E+002, 3.9280617E+002, 3.9252863E+002, 3.9694326E+002, 1.9800040E+001, 1.9800040E+001, 1.9800044E+001, 1.9800047E+001, 1.9800047E+001, 2.7387076E+002, 2.8578869E+002, 2.7475177E+002, 2.8639603E+002, 2.7622402E+002, 2.7785943E+002, 2.8902609E+002, 2.7734501E+002, 2.8864693E+002, 2.7660653E+002, 2.8026452E+002, 2.9273676E+002, 2.8065516E+002, 2.9328204E+002, 2.8277631E+002, 2.8074865E+002, 2.9391240E+002, 2.8157562E+002, 2.9430148E+002, 2.8249395E+002, 2.8486156E+002, 2.9800014E+002, 2.8518786E+002, 2.9792151E+002, 2.8456504E+002, 2.0255384E+001, 2.0259563E+001, 2.0422635E+001, 2.0430104E+001, 2.0266778E+001, 2.0262565E+001, 2.0482940E+001, 2.0308481E+001, 2.0494324E+001, 2.0332031E+001, 2.0336502E+001, 2.0521297E+001, 2.0528086E+001, 2.0342816E+001, 2.0337610E+001, 1.9800120E+001, 1.9802646E+001, 1.9800121E+001, 1.9802665E+001, 1.9800211E+001, 1.9800213E+001, 1.9802699E+001, 1.9800122E+001, 1.9802681E+001, 1.9800121E+001, 1.9800234E+001, 1.9802961E+001, 1.9800135E+001, 1.9802974E+001, 1.9800236E+001, 1.9800142E+001, 1.9803134E+001, 1.9800143E+001, 1.9803149E+001, 1.9800249E+001, 1.9800250E+001, 1.9803168E+001, 1.9800144E+001, 1.9803156E+001, 1.9800142E+001, 9.8716515E+003, 9.8716515E+003, 9.8716515E+003
 3.6500447E+003, 3.8871095E+002, 3.9215279E+002, 3.9390487E+002, 3.9374315E+002, 3.9811077E+002, 1.9800048E+001, 1.9800049E+001, 1.9800054E+001, 1.9800057E+001, 1.9800058E+001, 2.7612740E+002, 2.8858834E+002, 2.7701418E+002, 2.8920517E+002, 2.7854156E+002, 2.8019681E+002, 2.9187175E+002, 2.7963659E+002, 2.9149354E+002, 2.7890272E+002, 2.8254162E+002, 2.9558241E+002, 2.8289614E+002, 2.9616440E+002, 2.8506460E+002, 2.8293883E+002, 2.9674151E+002, 2.8376821E+002, 2.9713387E+002, 2.8473481E+002, 2.8708327E+002, 3.0087099E+002, 2.8736213E+002, 3.0079571E+002, 2.8675898E+002, 2.0310243E+001, 2.0314907E+001, 2.0493365E+001, 2.0501740E+001, 2.0323077E+001, 2.0318379E+001, 2.0559999E+001, 2.0369536E+001, 2.0572724E+001, 2.0395531E+001, 2.0400524E+001, 2.0602204E+001, 2.0610021E+001, 2.0407883E+001, 2.0402085E+001, 1.9800144E+001, 1.9803105E+001, 1.9800145E+001, 1.9803127E+001, 1.9800251E+001, 1.9800254E+001, 1.9803168E+001, 1.9800147E+001, 1.9803147E+001, 1.9800145E+001, 1.9800278E+001, 1.9803475E+001, 1.9800162E+001, 1.9803492E+001, 1.9800281E+001, 1.9800170E+001, 1.9803678E+001, 1.9800172E+001, 1.9803695E+001, 1.9800296E+001, 1.9800297E+001, 1.9803720E+001, 1.9800173E+001, 1.9803705E+001, 1.9800171E+001, 9.8782150E+003, 9.8782150E+003, 9.8782150E+003
 3.7001745E+003, 3.8984754E+002, 3.9330554E+002, 3.9551977E+002, 3.9494839E+002, 3.9930139E+002, 1.9800059E+001, 1.9800059E+001, 1.9800066E+001, 1.9800070E+001, 1.9800070E+001, 2.7834047E+002, 2.9135378E+002, 2.7924114E+002, 2.9198820E+002, 2.8082058E+002, 2.8249693E+002, 2.9472841E+002, 2.8189650E+002, 2.9435175E+002, 2.8116487E+002, 2.8477385E+002, 2.9842327E+002, 2.8509657E+002, 2.9902550E+002, 2.8728649E+002, 2.8509092E+002, 2.9955404E+002, 2.8590952E+002, 2.9994608E+002, 2.8690204E+002, 2.8924104E+002, 3.0370609E+002, 2.8946375E+002, 3.0362588E+002, 2.8887863E+002, 2.0370072E+001, 2.0375265E+001, 2.0570042E+001, 2.0579401E+001, 2.0384485E+001, 2.0379260E+001, 2.0643434E+001, 2.0436069E+001, 2.0657619E+001, 2.0464667E+001, 2.0470227E+001, 2.0689731E+001, 2.0698687E+001, 2.0478760E+001, 2.0472322E+001, 1.9800172E+001, 1.9803631E+001, 1.9800174E+001, 1.9803657E+001, 1.9800298E+001, 1.9800301E+001, 1.9803706E+001, 1.9800176E+001, 1.9803682E+001, 1.9800174E+001, 1.9800330E+001, 1.9804065E+001, 1.9800194E+001, 1.9804084E+001, 1.9800333E+001, 1.9800204E+001, 1.9804301E+001, 1.9800206E+001, 1.9804321E+001, 1.9800351E+001, 1.9800353E+001, 1.9804351E+001, 1.9800207E+001, 1.9804335E+001, 1.9800205E+001, 9.8803720E+003, 9.8803720E+003, 9.8803720E+003
 3.7500734E+003, 3.9103854E+002, 3.9442876E+002, 3.9655739E+002, 3.9616280E+002, 4.0070269E+002, 1.9800071E+001, 1.9800072E+001, 1.9800079E+001, 1.9800084E+001, 1.9800085E+001, 2.8053004E+002, 2.9412982E+002, 2.8143732E+002, 2.9478233E+002, 2.8306374E+002, 2.8474688E+002, 2.9757880E+002, 2.8412254E+002, 2.9721123E+002, 2.8338800E+002, 2.8693413E+002, 3.0124077E+002, 2.8723260E+002, 3.0183591E+002, 2.8944721E+002, 2.8717222E+002, 3.0232823E+002, 2.8798095E+002, 3.0271511E+002, 2.8900400E+002, 2.9134903E+002, 3.0648949E+002, 2.9150870E+002, 3.0640154E+002, 2.9093213E+002, 2.0435141E+001, 2.0440907E+001, 2.0652947E+001, 2.0663373E+001, 2.0451279E+001, 2.0445485E+001, 2.0733532E+001, 2.0508369E+001, 2.0749300E+001, 2.0539725E+001, 2.0545900E+001, 2.0784167E+001, 2.0794380E+001, 2.0555748E+001, 2.0548619E+001, 1.9800205E+001, 1.9804231E+001, 1.9800207E+001, 1.9804261E+001, 1.9800353E+001, 1.9800356E+001, 1.9804319E+001, 1.9800210E+001, 1.9804291E+001, 1.9800208E+001, 1.9800391E+001, 1.9804737E+001, 1.9800231E+001, 1.9804759E+001, 1.9800394E+001, 1.9800243E+001, 1.9805012E+001, 1.9800245E+001, 1.9805034E+001, 1.9800415E+001, 1.9800418E+001, 1.9805071E+001, 1.9800247E+001, 1.9805052E+001, 1.9800245E+001, 9.8803720E+003, 9.8803720E+003, 9.8803720E+003
 3.8002032E+003, 3.9199033E+002, 3.9560659E+002, 3.9779416E+002, 3.9741547E+002, 4.0213608E+002, 1.9800086E+001, 1.9800087E+001, 1.9800096E+001, 1.9800102E+001, 1.9800102E+001, 2.8269503E+002, 2.9690005E+002, 2.8359591E+002, 2.9756255E+002, 2.8524618E+002, 2.8691857E+002, 3.0039923E+002, 2.8628288E+002, 3.0003733E+002, 2.8555896E+002, 2.8903346E+002, 3.0401293E+002, 2.8930847E+002, 3.0459165E+002, 2.9154935E+002, 2.8919527E+002, 3.0505065E+002, 2.8999433E+002, 3.0543389E+002, 2.9106052E+002, 2.9342449E+002, 3.0922190E+002, 2.9351795E+002, 3.0912728E+002, 2.9293253E+002, 2.0505743E+001, 2.0512129E+001, 2.0742384E+001, 2.0753965E+001, 2.0523760E+001, 2.0517353E+001, 2.0830606E+001, 2.0586746E+001, 2.0848088E+001, 2.0621016E+001, 2.0627855E+001, 2.0885829E+001, 2.0897424E+001, 2.0639169E+001, 2.0631298E+001, 1.9800244E+001, 1.9804913E+001, 1.9800247E+001, 1.9804947E+001, 1.9800415E+001, 1.9800420E+001, 1.9805016E+001, 1.9800250E+001, 1.9804984E+001, 1.9800247E+001, 1.9800460E+001, 1.9805501E+001, 1.9800275E+001, 1.9805527E+001, 1.9800465E+001, 1.9800289E+001, 1.9805819E+001, 1.9800292E+001, 1.9805844E+001, 1.9800490E+001, 1.9800492E+001, 1.9805890E+001, 1.9800294E+001, 1.9805869E+001, 1.9800291E+001, 9.8803720E+003, 9.8803720E+003, 9.8803720E+003
 3.8501020E+003, 3.9312656E+002, 3.9675111E+002, 3.9889896E+002, 3.9849507E+002, 4.0333332E+002, 1.9800103E+001, 1.9800104E+001, 1.9800115E+001, 1.9800122E+001, 1.9800123E+001, 2.8481261E+002, 2.9964607E+002, 2.8568864E+002, 3.0030449E+002, 2.8735280E+002, 2.8902291E+002, 3.0317278E+002, 2.8836440E+002, 3.0281588E+002, 2.8765133E+002, 2.9109113E+002, 3.0673486E+002, 2.9133140E+002, 3.0731087E+002, 2.9360728E+002, 2.9117330E+002, 3.0772696E+002, 2.9196779E+002, 3.0810972E+002, 2.9308290E+002, 2.9547283E+002, 3.1191852E+002, 2.9550748E+002, 3.1181715E+002, 2.9489467E+002, 2.0582150E+001, 2.0589204E+001, 2.0838630E+001, 2.0851457E+001, 2.0602209E+001, 2.0595143E+001, 2.0934937E+001, 2.0671489E+001, 2.0954271E+001, 2.0708828E+001, 2.0716381E+001, 2.0994998E+001, 2.1008106E+001, 2.0729324E+001, 2.0720656E+001, 1.9800289E+001, 1.9805686E+001, 1.9800292E+001, 1.9805725E+001, 1.9800488E+001, 1.9800494E+001, 1.9805806E+001, 1.9800296E+001, 1.9805770E+001, 1.9800293E+001, 1.9800541E+001, 1.9806366E+001, 1.9800326E+001, 1.9806396E+001, 1.9800546E+001, 1.9800342E+001, 1.9806732E+001, 1.9800345E+001, 1.9806762E+001, 1.9800575E+001, 1.9800578E+001, 1.9806818E+001, 1.9800348E+001, 1.9806794E+001, 1.9800345E+001, 9.8803720E+003, 9.8803720E+003, 9.8803720E+003
 3.9000009E+003, 3.9439566E+002, 3.9783678E+002, 4.0004135E+002, 3.9964587E+002, 4.0428719E+002, 1.9800123E+001, 1.9800125E+001, 1.9800138E+001, 1.9800146E+001, 1.9800147E+001, 2.8684509E+002, 3.0233993E+002, 2.8769856E+002, 3.0298974E+002, 2.8939124E+002, 2.9107590E+002, 3.0588753E+002, 2.9038006E+002, 3.0553571E+002, 2.8967482E+002, 2.9310292E+002, 3.0940710E+002, 2.9330708E+002, 3.0999633E+002, 2.9563635E+002, 2.9310618E+002, 3.1036146E+002, 2.9390261E+002, 3.1074995E+002, 2.9507595E+002, 2.9751714E+002, 3.1459501E+002, 2.9750403E+002, 3.1448619E+002, 2.9684311E+002, 2.0664456E+001, 2.0672228E+001, 2.0941739E+001, 2.0955905E+001, 2.0686725E+001, 2.0678952E+001, 2.1046560E+001, 2.0762687E+001, 2.1067884E+001, 2.0803241E+001, 2.0811560E+001, 2.1111698E+001, 2.1126452E+001, 2.0826300E+001, 2.0816781E+001, 1.9800341E+001, 1.9806557E+001, 1.9800345E+001, 1.9806602E+001, 1.9800571E+001, 1.9800578E+001, 1.9806697E+001, 1.9800349E+001, 1.9806655E+001, 1.9800346E+001, 1.9800633E+001, 1.9807341E+001, 1.9800385E+001, 1.9807376E+001, 1.9800639E+001, 1.9800404E+001, 1.9807761E+001, 1.9800408E+001, 1.9807795E+001, 1.9800673E+001, 1.9800677E+001, 1.9807863E+001, 1.9800411E+001, 1.9807835E+001, 1.9800407E+001, 9.8803720E+003, 9.8803720E+003, 9.8803720E+003
 3.9501307E+003, 3.9536957E+002, 3.9887731E+002, 4.0103708E+002, 4.0079797E+002, 4.0532632E+002, 1.9800147E+001, 1.9800149E+001, 1.9800164E+001, 1.9800174E+001, 1.9800175E+001, 2.8881653E+002, 3.0498800E+002, 2.8965590E+002, 3.0564259E+002, 2.9138723E+002, 2.9309195E+002, 3.0856042E+002, 2.9235394E+002, 3.0821640E+002, 2.9165580E+002, 2.9509248E+002, 3.1205763E+002, 2.9524787E+002, 3.1265547E+002, 2.9768440E+002, 2.9501361E+002, 3.1298204E+002, 2.9581796E+002, 3.1337823E+002, 2.9707987E+002, 2.9956531E+002, 3.1725970E+002, 2.9951720E+002, 3.1714152E+002, 2.9881792E+002, 2.0753325E+001, 2.0761870E+001, 2.1052471E+001, 2.1068077E+001, 2.0777989E+001, 2.0769458E+001, 2.1166277E+001, 2.0861059E+001, 2.1189748E+001, 2.0904986E+001, 2.0914130E+001, 2.1236759E+001, 2.1253309E+001, 2.0930854E+001, 2.0920422E+001, 1.9800401E+001, 1.9807539E+001, 1.9800406E+001, 1.9807591E+001, 1.9800666E+001, 1.9800674E+001, 1.9807702E+001, 1.9800411E+001, 1.9807655E+001, 1.9800407E+001, 1.9800739E+001, 1.9808442E+001, 1.9800453E+001, 1.9808482E+001, 1.9800746E+001, 1.9800475E+001, 1.9808922E+001, 1.9800480E+001, 1.9808959E+001, 1.9800785E+001, 1.9800790E+001, 1.9809042E+001, 1.9800483E+001, 1.9809011E+001, 1.9800479E+001, 9.8803720E+003, 9.8803720E+003, 9.8803720E+003
 4.0001535E+003, 3.9637481E+002, 3.9996446E+002, 4.0188907E+002, 4.0166944E+002, 4.0618778E+002, 1.9800175E+001, 1.9800177E+001, 1.9800195E+001, 1.9800207E+001, 1.9800208E+001, 2.9073566E+002, 3.0759490E+002, 2.9157255E+002, 3.0825666E+002, 2.9335544E+002, 2.9507947E+002, 3.1119670E+002, 2.9428724E+002, 3.1085984E+002, 2.9359931E+002, 2.9710131E+002, 3.1468033E+002, 2.9718978E+002, 3.1528691E+002, 2.9973021E+002, 2.9692925E+002, 3.1557926E+002, 2.9775373E+002, 3.1597904E+002, 2.9908450E+002, 3.0159830E+002, 3.1989508E+002, 3.0151421E+002, 3.1976574E+002, 3.0078558E+002, 2.0848935E+001, 2.0858310E+001, 2.1170976E+001, 2.1188126E+001, 2.0876187E+001, 2.0866846E+001, 2.1294232E+001, 2.0966788E+001, 2.1320009E+001, 2.1014237E+001, 2.1024264E+001, 2.1370315E+001, 2.1388813E+001, 2.1043169E+001, 2.1031765E+001, 1.9800471E+001, 1.9808643E+001, 1.9800476E+001, 1.9808702E+001, 1.9800776E+001, 1.9800785E+001, 1.9808832E+001, 1.9800482E+001, 1.9808778E+001, 1.9800478E+001, 1.9800860E+001, 1.9809677E+001, 1.9800531E+001, 1.9809723E+001, 1.9800868E+001, 1.9800557E+001, 1.9810224E+001, 1.9800563E+001, 1.9810267E+001, 1.9800913E+001, 1.9800919E+001, 1.9810366E+001, 1.9800567E+001, 1.9810331E+001, 1.9800562E+001, 9.8803720E+003, 9.8803720E+003, 9.8803720E+003
 4.0501217E+003, 3.9754212E+002, 4.0091946E+002, 4.0288549E+002, 4.0250159E+002, 4.0686415E+002, 1.9800207E+001, 1.9800210E+001, 1.9800231E+001, 1.9800245E+001, 1.9800247E+001, 2.9260819E+002, 3.1016333E+002, 2.9344929E+002, 3.1083471E+002, 2.9530600E+002, 2.9706505E+002, 3.1380170E+002, 2.9619561E+002, 3.1347292E+002, 2.9550630E+002, 2.9910252E+002, 3.1725574E+002, 2.9913098E+002, 3.1788076E+002, 3.0174801E+002, 2.9884720E+002, 3.1813490E+002, 2.9968179E+002, 3.1853226E+002, 3.0106182E+002, 3.0359951E+002, 3.2248262E+002, 3.0347347E+002, 3.2234809E+002, 3.0272914E+002, 2.0951367E+001, 2.0961629E+001, 2.1297283E+001, 2.1316084E+001, 2.0981404E+001, 2.0971200E+001, 2.1430431E+001, 2.1079944E+001, 2.1458674E+001, 2.1131054E+001, 2.1142023E+001, 2.1512355E+001, 2.1532953E+001, 2.1163312E+001, 2.1150873E+001, 1.9800551E+001, 1.9809877E+001, 1.9800556E+001, 1.9809944E+001, 1.9800900E+001, 1.9800911E+001, 1.9810095E+001, 1.9800564E+001, 1.9810034E+001, 1.9800559E+001, 1.9800997E+001, 1.9811058E+001, 1.9800621E+001, 1.9811111E+001, 1.9801007E+001, 1.9800652E+001, 1.9811678E+001, 1.9800658E+001, 1.9811727E+001, 1.9801059E+001, 1.9801066E+001, 1.9811846E+001, 1.9800663E+001, 1.9811807E+001, 1.9800657E+001, 9.8803720E+003, 9.8803720E+003, 9.8803720E+003
 4.1000898E+003, 3.9834077E+002, 4.0188034E+002, 4.0376948E+002, 4.0326953E+002, 4.0771016E+002, 1.9800245E+001, 1.9800248E+001, 1.9800273E+001, 1.9800289E+001, 1.9800291E+001, 2.9444209E+002, 3.1270709E+002, 2.9530117E+002, 3.1338599E+002, 2.9727034E+002, 2.9904230E+002, 3.1637129E+002, 2.9811871E+002, 3.1605283E+002, 2.9741541E+002, 3.0107105E+002, 3.1978068E+002, 3.0104788E+002, 3.2042736E+002, 3.0372811E+002, 3.0073837E+002, 3.2064242E+002, 3.0158019E+002, 3.2103693E+002, 3.0300242E+002, 3.0555829E+002, 3.2502038E+002, 3.0539066E+002, 3.2488781E+002, 3.0463862E+002, 2.1060974E+001, 2.1072184E+001, 2.1431758E+001, 2.1452317E+001, 2.1094003E+001, 2.1082882E+001, 2.1575236E+001, 2.1200899E+001, 2.1606115E+001, 2.1255804E+001, 2.1267777E+001, 2.1663247E+001, 2.1686109E+001, 2.1291664E+001, 2.1278128E+001, 1.9800642E+001, 1.9811254E+001, 1.9800649E+001, 1.9811330E+001, 1.9801040E+001, 1.9801053E+001, 1.9811504E+001, 1.9800658E+001, 1.9811435E+001, 1.9800651E+001, 1.9801153E+001, 1.9812598E+001, 1.9800724E+001, 1.9812658E+001, 1.9801165E+001, 1.9800760E+001, 1.9813299E+001, 1.9800766E+001, 1.9813354E+001, 1.9801224E+001, 1.9801233E+001, 1.9813496E+001, 1.9800773E+001, 1.9813452E+001, 1.9800766E+001, 9.8803720E+003, 9.8803720E+003, 9.8803720E+003
 4.1500580E+003, 3.9910336E+002, 4.0277648E+002, 4.0458249E+002, 4.0407592E+002, 4.0849164E+002, 1.9800288E+001, 1.9800292E+001, 1.9800321E+001, 1.9800340E+001, 1.9800343E+001, 2.9627792E+002, 3.1521576E+002, 2.9716330E+002, 3.1589725E+002, 2.9921658E+002, 3.0099726E+002, 3.1890140E+002, 3.0003088E+002, 3.1859301E+002, 2.9931936E+002, 3.0300053E+002, 3.2225825E+002, 3.0293642E+002, 3.2291928E+002, 3.0566808E+002, 3.0259342E+002, 3.2310013E+002, 3.0344196E+002, 3.2349356E+002, 3.0490141E+002, 3.0746662E+002, 3.2750622E+002, 3.0726308E+002, 3.2738959E+002, 3.0651064E+002, 2.1178073E+001, 2.1190292E+001, 2.1574712E+001, 2.1597142E+001, 2.1214310E+001, 2.1202215E+001, 2.1728967E+001, 2.1329982E+001, 2.1762658E+001, 2.1388813E+001, 2.1401854E+001, 2.1823315E+001, 2.1848611E+001, 2.1428566E+001, 2.1413867E+001, 1.9800746E+001, 1.9812786E+001, 1.9800754E+001, 1.9812871E+001, 1.9801200E+001, 1.9801215E+001, 1.9813073E+001, 1.9800765E+001, 1.9812995E+001, 1.9800757E+001, 1.9801329E+001, 1.9814311E+001, 1.9800841E+001, 1.9814379E+001, 1.9801343E+001, 1.9800882E+001, 1.9815101E+001, 1.9800890E+001, 1.9815162E+001, 1.9801411E+001, 1.9801422E+001, 1.9815331E+001, 1.9800899E+001, 1.9815282E+001, 1.9800890E+001, 9.8803720E+003, 9.8803720E+003, 9.8803720E+003
 4.2000261E+003, 4.0005979E+002, 4.0361484E+002, 4.0514556E+002, 4.0473292E+002, 4.0930224E+002, 1.9800338E+001, 1.9800342E+001, 1.9800377E+001, 1.9800399E+001, 1.9800402E+001, 2.9813502E+002, 3.1768961E+002, 2.9901346E+002, 3.1836214E+002, 3.0112904E+002, 3.0292414E+002, 3.2139004E+002, 3.0191886E+002, 3.2108809E+002, 3.0120006E+002, 3.0489148E+002, 3.2469689E+002, 3.0479153E+002, 3.2535757E+002, 3.0756891E+002, 3.0440910E+002, 3.2551077E+002, 3.0526672E+002, 3.2590280E+002, 3.0675882E+002, 3.0932889E+002, 3.2994022E+002, 3.0909546E+002, 3.2984697E+002, 3.0834460E+002, 2.1302939E+001, 2.1316233E+001, 2.1726409E+001, 2.1750828E+001, 2.1342611E+001, 2.1329483E+001, 2.1891891E+001, 2.1467480E+001, 2.1928582E+001, 2.1530362E+001, 2.1544538E+001, 2.1992829E+001, 2.2020735E+001, 2.1574313E+001, 2.1558384E+001, 1.9800865E+001, 1.9814487E+001, 1.9800874E+001, 1.9814583E+001, 1.9801379E+001, 1.9801397E+001, 1.9814814E+001, 1.9800886E+001, 1.9814726E+001, 1.9800878E+001, 1.9801528E+001, 1.9816210E+001, 1.9800975E+001, 1.9816288E+001, 1.9801544E+001, 1.9801022E+001, 1.9817098E+001, 1.9801032E+001, 1.9817167E+001, 1.9801621E+001, 1.9801635E+001, 1.9817365E+001, 1.9801041E+001, 1.9817311E+001, 1.9801032E+001, 9.8803720E+003, 9.8803720E+003, 9.8803720E+003
 4.2502214E+003, 4.0096312E+002, 4.0448457E+002, 4.0586469E+002, 4.0543917E+002, 4.0995300E+002, 1.9800395E+001, 1.9800400E+001, 1.9800441E+001, 1.9800467E+001, 1.9800471E+001, 2.9997198E+002, 3.2013408E+002, 3.0084355E+002, 3.2078709E+002, 3.0300927E+002, 3.0482159E+002, 3.2384284E+002, 3.0378109E+002, 3.2354385E+002, 3.0305689E+002, 3.0674393E+002, 3.2709972E+002, 3.0660889E+002, 3.2775692E+002, 3.0943282E+002, 3.0618806E+002, 3.2787935E+002, 3.0705293E+002, 3.2827075E+002, 3.0856874E+002, 3.1114615E+002, 3.3232501E+002, 3.1088869E+002, 3.3224726E+002, 3.1014244E+002, 2.1436170E+001, 2.1450607E+001, 2.1887502E+001, 2.1914037E+001, 2.1479521E+001, 2.1465298E+001, 2.2064689E+001, 2.1614030E+001, 2.2104578E+001, 2.1681092E+001, 2.1696474E+001, 2.2172476E+001, 2.2203181E+001, 2.1729569E+001, 2.1712338E+001, 1.9800999E+001, 1.9816374E+001, 1.9801010E+001, 1.9816482E+001, 1.9801582E+001, 1.9801603E+001, 1.9816746E+001, 1.9801025E+001, 1.9816648E+001, 1.9801015E+001, 1.9801753E+001, 1.9818317E+001, 1.9801127E+001, 1.9818405E+001, 1.9801771E+001, 1.9801181E+001, 1.9819312E+001, 1.9801192E+001, 1.9819388E+001, 1.9801859E+001, 1.9801875E+001, 1.9819621E+001, 1.9801204E+001, 1.9819562E+001, 1.9801193E+001, 9.8803720E+003, 9.8803720E+003, 9.8803720E+003
 4.3000839E+003, 4.0196243E+002, 4.0537054E+002, 4.0671286E+002, 4.0614736E+002, 4.1044551E+002, 1.9800461E+001, 1.9800467E+001, 1.9800514E+001, 1.9800544E+001, 1.9800549E+001, 3.0177705E+002, 3.2252906E+002, 3.0264762E+002, 3.2317260E+002, 3.0485392E+002, 3.0667821E+002, 3.2625293E+002, 3.0560932E+002, 3.2595705E+002, 3.0488221E+002, 3.0854664E+002, 3.2945481E+002, 3.0837906E+002, 3.3011251E+002, 3.1124568E+002, 3.0792703E+002, 3.3019781E+002, 3.0879399E+002, 3.3058685E+002, 3.1032069E+002, 3.1290426E+002, 3.3465399E+002, 3.1262729E+002, 3.3458333E+002, 3.1188804E+002, 2.1577607E+001, 2.1593258E+001, 2.2057739E+001, 2.2086513E+001, 2.1624880E+001, 2.1609501E+001, 2.2247059E+001, 2.1769441E+001, 2.2290342E+001, 2.1840792E+001, 2.1857450E+001, 2.2361932E+001, 2.2395619E+001, 2.1894122E+001, 2.1875520E+001, 1.9801152E+001, 1.9818457E+001, 1.9801164E+001, 1.9818577E+001, 1.9801810E+001, 1.9801834E+001, 1.9818879E+001, 1.9801181E+001, 1.9818769E+001, 1.9801170E+001, 1.9802005E+001, 1.9820640E+001, 1.9801299E+001, 1.9820739E+001, 1.9802026E+001, 1.9801361E+001, 1.9821750E+001, 1.9801374E+001, 1.9821835E+001, 1.9802126E+001, 1.9802145E+001, 1.9822108E+001, 1.9801388E+001, 1.9822042E+001, 1.9801375E+001, 9.8803720E+003, 9.8803720E+003, 9.8803720E+003
 4.3501591E+003, 4.0282589E+002, 4.0617878E+002, 4.0743482E+002, 4.0685401E+002, 4.1112223E+002, 1.9800536E+001, 1.9800543E+001, 1.9800598E+001, 1.9800633E+001, 1.9800638E+001, 3.0355540E+002, 3.2488318E+002, 3.0442913E+002, 3.2552571E+002, 3.0666528E+002, 3.0849238E+002, 3.2862190E+002, 3.0740516E+002, 3.2833479E+002, 3.0667658E+002, 3.1030160E+002, 3.3176500E+002, 3.1010563E+002, 3.3242692E+002, 3.1300236E+002, 3.0962340E+002, 3.3246797E+002, 3.1048537E+002, 3.3285399E+002, 3.1202022E+002, 3.1460714E+002, 3.3693232E+002, 3.1429829E+002, 3.3686540E+002, 3.1357592E+002, 2.1727476E+001, 2.1744412E+001, 2.2237316E+001, 2.2268455E+001, 2.1778922E+001, 2.1762324E+001, 2.2439190E+001, 2.1933943E+001, 2.2486066E+001, 2.2009675E+001, 2.2027678E+001, 2.2561373E+001, 2.2598233E+001, 2.2068190E+001, 2.2048148E+001, 1.9801324E+001, 1.9820748E+001, 1.9801338E+001, 1.9820882E+001, 1.9802066E+001, 1.9802093E+001, 1.9821225E+001, 1.9801358E+001, 1.9821103E+001, 1.9801345E+001, 1.9802287E+001, 1.9823194E+001, 1.9801493E+001, 1.9823305E+001, 1.9802311E+001, 1.9801564E+001, 1.9824429E+001, 1.9801578E+001, 1.9824524E+001, 1.9802424E+001, 1.9802446E+001, 1.9824841E+001, 1.9801595E+001, 1.9824768E+001, 1.9801580E+001, 9.8803720E+003, 9.8803720E+003, 9.8803720E+003
 4.4000157E+003, 4.0372167E+002, 4.0704884E+002, 4.0844446E+002, 4.0763152E+002, 4.1207828E+002, 1.9800621E+001, 1.9800630E+001, 1.9800693E+001, 1.9800733E+001, 1.9800740E+001, 3.0531134E+002, 3.2720498E+002, 3.0618858E+002, 3.2784993E+002, 3.0844958E+002, 3.1026648E+002, 3.3095401E+002, 3.0916614E+002, 3.3067663E+002, 3.0844070E+002, 3.1201235E+002, 3.3404019E+002, 3.1178320E+002, 3.3469759E+002, 3.1471545E+002, 3.1127138E+002, 3.3469432E+002, 3.1212279E+002, 3.3507972E+002, 3.1367883E+002, 3.1626750E+002, 3.3916102E+002, 3.1591584E+002, 3.3910523E+002, 3.1520705E+002, 2.1886142E+001, 2.1904436E+001, 2.2426601E+001, 2.2460235E+001, 2.1942023E+001, 2.1924143E+001, 2.2641444E+001, 2.2107899E+001, 2.2692124E+001, 2.2188107E+001, 2.2207532E+001, 2.2771178E+001, 2.2811411E+001, 2.2252166E+001, 2.2230611E+001, 1.9801518E+001, 1.9823264E+001, 1.9801534E+001, 1.9823414E+001, 1.9802351E+001, 1.9802382E+001, 1.9823803E+001, 1.9801557E+001, 1.9823667E+001, 1.9801542E+001, 1.9802602E+001, 1.9825997E+001, 1.9801712E+001, 1.9826122E+001, 1.9802630E+001, 1.9801792E+001, 1.9827367E+001, 1.9801808E+001, 1.9827472E+001, 1.9802757E+001, 1.9802783E+001, 1.9827839E+001, 1.9801828E+001, 1.9827760E+001, 1.9801811E+001, 9.8803720E+003, 9.8803720E+003, 9.8803720E+003
 4.4500570E+003, 4.0468787E+002, 4.0786101E+002, 4.0922459E+002, 4.0828012E+002, 4.1253990E+002, 1.9800718E+001, 1.9800728E+001, 1.9800801E+001, 1.9800847E+001, 1.9800856E+001, 3.0704676E+002, 3.2950097E+002, 3.0792099E+002, 3.3014305E+002, 3.1019798E+002, 3.1200164E+002, 3.3325069E+002, 3.1088655E+002, 3.3297748E+002, 3.1016649E+002, 3.1368741E+002, 3.3627849E+002, 3.1341807E+002, 3.3692090E+002, 3.1639369E+002, 3.1286997E+002, 3.3687620E+002, 3.1371494E+002, 3.3726291E+002, 3.1529822E+002, 3.1789072E+002, 3.4134247E+002, 3.1749785E+002, 3.4129657E+002, 3.1678646E+002, 2.2053823E+001, 2.2073549E+001, 2.2625796E+001, 2.2662060E+001, 2.2114404E+001, 2.2095176E+001, 2.2854038E+001, 2.2291547E+001, 2.2908743E+001, 2.2376316E+001, 2.2397238E+001, 2.2991559E+001, 2.3035369E+001, 2.2446286E+001, 2.2423144E+001, 1.9801735E+001, 1.9826020E+001, 1.9801754E+001, 1.9826187E+001, 1.9802669E+001, 1.9802705E+001, 1.9826626E+001, 1.9801781E+001, 1.9826476E+001, 1.9801764E+001, 1.9802953E+001, 1.9829064E+001, 1.9801957E+001, 1.9829204E+001, 1.9802985E+001, 1.9802048E+001, 1.9830580E+001, 1.9802067E+001, 1.9830696E+001, 1.9803127E+001, 1.9803158E+001, 1.9831119E+001, 1.9802090E+001, 1.9831033E+001, 1.9802070E+001, 9.8803720E+003, 9.8803720E+003, 9.8803720E+003
 4.5002229E+003, 4.0554214E+002, 4.0865104E+002, 4.0992859E+002, 4.0892101E+002, 4.1322719E+002, 1.9800828E+001, 1.9800840E+001, 1.9800924E+001, 1.9800977E+001, 1.9800987E+001, 3.0876155E+002, 3.3177855E+002, 3.0962864E+002, 3.3241715E+002, 3.1192012E+002, 3.1370816E+002, 3.3552060E+002, 3.1256546E+002, 3.3524585E+002, 3.1185011E+002, 3.1533601E+002, 3.3847843E+002, 3.1502962E+002, 3.3911450E+002, 3.1804910E+002, 3.1443407E+002, 3.3902483E+002, 3.1527435E+002, 3.3941053E+002, 3.1688927E+002, 3.1948094E+002, 3.4349085E+002, 3.1905086E+002, 3.4344089E+002, 3.1833767E+002, 2.2231492E+001, 2.2252735E+001, 2.2835975E+001, 2.2875020E+001, 2.2297079E+001, 2.2276428E+001, 2.3078093E+001, 2.2485940E+001, 2.3137059E+001, 2.2575370E+001, 2.2597876E+001, 2.3223635E+001, 2.3271225E+001, 2.2651663E+001, 2.2626850E+001, 1.9801980E+001, 1.9829046E+001, 1.9802001E+001, 1.9829231E+001, 1.9803024E+001, 1.9803065E+001, 1.9829727E+001, 1.9802033E+001, 1.9829561E+001, 1.9802013E+001, 1.9803345E+001, 1.9832429E+001, 1.9802233E+001, 1.9832586E+001, 1.9803381E+001, 1.9802335E+001, 1.9834102E+001, 1.9802357E+001, 1.9834231E+001, 1.9803541E+001, 1.9803577E+001, 1.9834717E+001, 1.9802385E+001, 1.9834622E+001, 1.9802362E+001, 9.8803720E+003, 9.8803720E+003, 9.8803720E+003
 4.5500006E+003, 4.0645252E+002, 4.0944658E+002, 4.1049210E+002, 4.0959124E+002, 4.1366327E+002, 1.9800952E+001, 1.9800966E+001, 1.9801063E+001, 1.9801123E+001, 1.9801135E+001, 3.1043418E+002, 3.3402009E+002, 3.1129232E+002, 3.3465524E+002, 3.1360587E+002, 3.1537660E+002, 3.3774777E+002, 3.1419839E+002, 3.3747069E+002, 3.1348623E+002, 3.1695111E+002, 3.4063259E+002, 3.1660475E+002, 3.4126429E+002, 3.1967438E+002, 3.1596103E+002, 3.4112753E+002, 3.1679487E+002, 3.4151035E+002, 3.1844635E+002, 3.2104037E+002, 3.4558814E+002, 3.2057090E+002, 3.4553089E+002, 3.1985691E+002, 2.2418333E+001, 2.2441170E+001, 2.3056096E+001, 2.3098054E+001, 2.2489205E+001, 2.2467066E+001, 2.3312410E+001, 2.2690173E+001, 2.3375837E+001, 2.2784323E+001, 2.2808491E+001, 2.3466150E+001, 2.3517732E+001, 2.2867323E+001, 2.2840764E+001, 1.9802253E+001, 1.9832343E+001, 1.9802278E+001, 1.9832548E+001, 1.9803417E+001, 1.9803464E+001, 1.9833105E+001, 1.9802314E+001, 1.9832921E+001, 1.9802291E+001, 1.9803778E+001, 1.9836092E+001, 1.9802540E+001, 1.9836266E+001, 1.9803820E+001, 1.9802656E+001, 1.9837932E+001, 1.9802681E+001, 1.9838074E+001, 1.9803998E+001, 1.9804040E+001, 1.9838631E+001, 1.9802713E+001, 1.9838528E+001, 1.9802687E+001, 9.8803720E+003, 9.8803720E+003, 9.8803720E+003
 4.6001722E+003, 4.0727743E+002, 4.1022842E+002, 4.1099928E+002, 4.1020928E+002, 4.1411412E+002, 1.9801092E+001, 1.9801109E+001, 1.9801219E+001, 1.9801288E+001, 1.9801302E+001, 3.1206615E+002, 3.3622792E+002, 3.1291905E+002, 3.3685282E+002, 3.1525822E+002, 3.1701555E+002, 3.3992960E+002, 3.1579511E+002, 3.3965464E+002, 3.1508346E+002, 3.1853750E+002, 3.4274066E+002, 3.1814187E+002, 3.4337221E+002, 3.2128014E+002, 3.1745778E+002, 3.4318601E+002, 3.1828470E+002, 3.4356654E+002, 3.1998220E+002, 3.2258296E+002, 3.4763684E+002, 3.2206703E+002, 3.4757405E+002, 3.2135505E+002, 2.2614945E+001, 2.2639462E+001, 2.3286796E+001, 2.3331794E+001, 2.2691410E+001, 2.2667708E+001, 2.3557682E+001, 2.2904884E+001, 2.3625833E+001, 2.3003818E+001, 2.3029731E+001, 2.3719874E+001, 2.3775660E+001, 2.3093918E+001, 2.3065543E+001, 1.9802558E+001, 1.9835929E+001, 1.9802586E+001, 1.9836155E+001, 1.9803853E+001, 1.9803907E+001, 1.9836780E+001, 1.9802627E+001, 1.9836578E+001, 1.9802601E+001, 1.9804259E+001, 1.9840072E+001, 1.9802883E+001, 1.9840267E+001, 1.9804306E+001, 1.9803013E+001, 1.9842092E+001, 1.9803041E+001, 1.9842248E+001, 1.9804504E+001, 1.9804553E+001, 1.9842883E+001, 1.9803079E+001, 1.9842772E+001, 1.9803050E+001, 9.8803720E+003, 9.8803720E+003, 9.8803720E+003
 4.6501228E+003, 4.0822241E+002, 4.1088636E+002, 4.1182353E+002, 4.1076653E+002, 4.1464056E+002, 1.9801250E+001, 1.9801269E+001, 1.9801395E+001, 1.9801473E+001, 1.9801490E+001, 3.1366332E+002, 3.3839945E+002, 3.1451556E+002, 3.3901267E+002, 3.1688426E+002, 3.1862917E+002, 3.4207037E+002, 3.1736332E+002, 3.4180130E+002, 3.1665093E+002, 3.2011132E+002, 3.4480355E+002, 3.1964438E+002, 3.4544402E+002, 3.2286221E+002, 3.1893020E+002, 3.4520444E+002, 3.1975444E+002, 3.4558217E+002, 3.2150082E+002, 3.2410896E+002, 3.4963890E+002, 3.2354136E+002, 3.4956992E+002, 3.2283712E+002, 2.2821994E+001, 2.2848280E+001, 2.3528732E+001, 2.3576938E+001, 2.2904377E+001, 2.2879036E+001, 2.3814644E+001, 2.3130763E+001, 2.3887746E+001, 2.3234488E+001, 2.3262220E+001, 2.3985486E+001, 2.4045711E+001, 2.3332084E+001, 2.3301817E+001, 1.9802898E+001, 1.9839832E+001, 1.9802929E+001, 1.9840082E+001, 1.9804335E+001, 1.9804396E+001, 1.9840780E+001, 1.9802977E+001, 1.9840558E+001, 1.9802947E+001, 1.9804790E+001, 1.9844400E+001, 1.9803265E+001, 1.9844616E+001, 1.9804844E+001, 1.9803411E+001, 1.9846611E+001, 1.9803443E+001, 1.9846782E+001, 1.9805064E+001, 1.9805120E+001, 1.9847504E+001, 1.9803487E+001, 1.9847383E+001, 1.9803454E+001, 9.8803720E+003, 9.8803720E+003, 9.8803720E+003
 4.7000987E+003, 4.0855145E+002, 4.1152445E+002, 4.1220452E+002, 4.1126037E+002, 4.1500138E+002, 1.9801427E+001, 1.9801449E+001, 1.9801592E+001, 1.9801680E+001, 1.9801700E+001, 3.1522070E+002, 3.4051833E+002, 3.1608524E+002, 3.4112595E+002, 3.1848099E+002, 3.2021815E+002, 3.4416509E+002, 3.1889937E+002, 3.4389947E+002, 3.1818736E+002, 3.2165497E+002, 3.4681585E+002, 3.2112625E+002, 3.4746489E+002, 3.2441757E+002, 3.2037867E+002, 3.4717348E+002, 3.2120831E+002, 3.4754621E+002, 3.2299509E+002, 3.2560317E+002, 3.5158900E+002, 3.2498680E+002, 3.5151172E+002, 3.2429592E+002, 2.3039015E+001, 2.3067155E+001, 2.3781304E+001, 2.3832847E+001, 2.3127614E+001, 2.3100568E+001, 2.4082572E+001, 2.3367185E+001, 2.4160907E+001, 2.3475764E+001, 2.3505412E+001, 2.4262333E+001, 2.4327224E+001, 2.3581312E+001, 2.3549067E+001, 1.9803275E+001, 1.9844058E+001, 1.9803310E+001, 1.9844332E+001, 1.9804866E+001, 1.9804936E+001, 1.9845111E+001, 1.9803364E+001, 1.9844868E+001, 1.9803331E+001, 1.9805375E+001, 1.9849081E+001, 1.9803689E+001, 1.9849320E+001, 1.9805436E+001, 1.9803852E+001, 1.9851494E+001, 1.9803888E+001, 1.9851682E+001, 1.9805679E+001, 1.9805744E+001, 1.9852499E+001, 1.9803939E+001, 1.9852369E+001, 1.9803902E+001, 9.8803720E+003, 9.8803720E+003, 9.8803720E+003
 4.7500690E+003, 4.0932612E+002, 4.1209589E+002, 4.1272947E+002, 4.1175478E+002, 4.1558000E+002, 1.9801625E+001, 1.9801650E+001, 1.9801812E+001, 1.9801912E+001, 1.9801935E+001, 3.1674436E+002, 3.4259259E+002, 3.1761682E+002, 3.4319520E+002, 3.2005868E+002, 3.2178352E+002, 3.4621757E+002, 3.2041109E+002, 3.4595096E+002, 3.1969950E+002, 3.2316251E+002, 3.4877502E+002, 3.2259456E+002, 3.4943357E+002, 3.2594448E+002, 3.2180994E+002, 3.4909562E+002, 3.2264404E+002, 3.4947092E+002, 3.2446541E+002, 3.2706541E+002, 3.5349537E+002, 3.2640248E+002, 3.5341397E+002, 3.2572945E+002, 2.3266541E+001, 2.3296610E+001, 2.4045121E+001, 2.4100171E+001, 2.3361656E+001, 2.3332832E+001, 2.4362222E+001, 2.3614868E+001, 2.4446039E+001, 2.3728304E+001, 2.3759944E+001, 2.4551103E+001, 2.4620901E+001, 2.3842203E+001, 2.3807907E+001, 1.9803693E+001, 1.9848631E+001, 1.9803733E+001, 1.9848932E+001, 1.9805452E+001, 1.9805530E+001, 1.9849798E+001, 1.9803794E+001, 1.9849533E+001, 1.9803757E+001, 1.9806018E+001, 1.9854141E+001, 1.9804159E+001, 1.9854406E+001, 1.9806087E+001, 1.9804340E+001, 1.9856769E+001, 1.9804381E+001, 1.9856975E+001, 1.9806356E+001, 1.9806431E+001, 1.9857897E+001, 1.9804440E+001, 1.9857757E+001, 1.9804398E+001, 9.8803720E+003, 9.8803720E+003, 9.8803720E+003
 4.8000497E+003, 4.0993129E+002, 4.1276312E+002, 4.1342733E+002, 4.1225981E+002, 4.1590306E+002, 1.9801846E+001, 1.9801875E+001, 1.9802059E+001, 1.9802171E+001, 1.9802198E+001, 3.1823627E+002, 3.4461897E+002, 3.1911468E+002, 3.4522098E+002, 3.2161717E+002, 3.2332190E+002, 3.4822317E+002, 3.2190782E+002, 3.4795620E+002, 3.2119602E+002, 3.2463746E+002, 3.5067834E+002, 3.2403743E+002, 3.5135758E+002, 3.2743396E+002, 3.2321985E+002, 3.5097128E+002, 3.2405692E+002, 3.5135301E+002, 3.2590557E+002, 3.2849606E+002, 3.5535513E+002, 3.2779120E+002, 3.5527121E+002, 3.2712869E+002, 2.3504821E+001, 2.3536926E+001, 2.4320504E+001, 2.4379219E+001, 2.3606831E+001, 2.3576142E+001, 2.4653811E+001, 2.3873989E+001, 2.4743327E+001, 2.3992328E+001, 2.4026070E+001, 2.4851827E+001, 2.4926615E+001, 2.4115092E+001, 2.4078650E+001, 1.9804156E+001, 1.9853570E+001, 1.9804200E+001, 1.9853899E+001, 1.9806095E+001, 1.9806183E+001, 1.9854860E+001, 1.9804270E+001, 1.9854572E+001, 1.9804228E+001, 1.9806725E+001, 1.9859600E+001, 1.9804678E+001, 1.9859892E+001, 1.9806803E+001, 1.9804880E+001, 1.9862455E+001, 1.9804926E+001, 1.9862679E+001, 1.9807099E+001, 1.9807185E+001, 1.9863716E+001, 1.9804994E+001, 1.9863566E+001, 1.9804946E+001, 9.8803720E+003, 9.8803720E+003, 9.8803720E+003
 4.8500409E+003, 4.1058518E+002, 4.1337010E+002, 4.1381119E+002, 4.1277521E+002, 4.1642047E+002, 1.9802092E+001, 1.9802126E+001, 1.9802333E+001, 1.9802460E+001, 1.9802491E+001, 3.1970231E+002, 3.4660277E+002, 3.2059635E+002, 3.4720251E+002, 3.2315024E+002, 3.2483578E+002, 3.5018314E+002, 3.2338759E+002, 3.4991479E+002, 3.2267576E+002, 3.2608494E+002, 3.5253349E+002, 3.2546056E+002, 3.5323569E+002, 3.2889160E+002, 3.2460509E+002, 3.5280125E+002, 3.2544449E+002, 3.5318720E+002, 3.2731944E+002, 3.2989672E+002, 3.5716538E+002, 3.2914882E+002, 3.5708024E+002, 3.2849685E+002, 2.3754094E+001, 2.3788314E+001, 2.4607636E+001, 2.4670173E+001, 2.3863305E+001, 2.3830680E+001, 2.4957149E+001, 2.4144867E+001, 2.5052635E+001, 2.4268122E+001, 2.4304049E+001, 2.5164693E+001, 2.5244949E+001, 2.4400192E+001, 2.4361523E+001, 1.9804666E+001, 1.9858894E+001, 1.9804717E+001, 1.9859254E+001, 1.9806801E+001, 1.9806899E+001, 1.9860318E+001, 1.9804796E+001, 1.9860004E+001, 1.9804748E+001, 1.9807500E+001, 1.9865478E+001, 1.9805251E+001, 1.9865800E+001, 1.9807587E+001, 1.9805476E+001, 1.9868572E+001, 1.9805527E+001, 1.9868816E+001, 1.9807914E+001, 1.9808011E+001, 1.9869980E+001, 1.9805606E+001, 1.9869819E+001, 1.9805552E+001, 9.8803720E+003, 9.8803720E+003, 9.8803720E+003
 4.9000295E+003, 4.1129311E+002, 4.1405612E+002, 4.1430712E+002, 4.1339646E+002, 4.1698731E+002, 1.9802367E+001, 1.9802405E+001, 1.9802638E+001, 1.9802781E+001, 1.9802817E+001, 3.2115615E+002, 3.4854023E+002, 3.2206222E+002, 3.4913553E+002, 3.2465540E+002, 3.2632763E+002, 3.5209775E+002, 3.2484763E+002, 3.5182882E+002, 3.2413219E+002, 3.2750473E+002, 3.5434478E+002, 3.2685819E+002, 3.5506350E+002, 3.3032496E+002, 3.2596550E+002, 3.5458531E+002, 3.2680775E+002, 3.5497607E+002, 3.2870462E+002, 3.3126583E+002, 3.5893208E+002, 3.3047705E+002, 3.5884452E+002, 3.2983515E+002, 2.4014530E+001, 2.4050980E+001, 2.4906397E+001, 2.4972826E+001, 2.4131361E+001, 2.4096703E+001, 2.5272880E+001, 2.4427675E+001, 2.5374773E+001, 2.4555877E+001, 2.4594079E+001, 2.5490203E+001, 2.5575937E+001, 2.4697627E+001, 2.4656697E+001, 1.9805229E+001, 1.9864620E+001, 1.9805286E+001, 1.9865014E+001, 1.9807573E+001, 1.9807684E+001, 1.9866189E+001, 1.9805376E+001, 1.9865848E+001, 1.9805322E+001, 1.9808347E+001, 1.9871793E+001, 1.9805883E+001, 1.9872147E+001, 1.9808446E+001, 1.9806131E+001, 1.9875139E+001, 1.9806189E+001, 1.9875405E+001, 1.9808804E+001, 1.9808915E+001, 1.9876706E+001, 1.9806279E+001, 1.9876534E+001, 1.9806218E+001, 9.8803720E+003, 9.8803720E+003, 9.8803720E+003
 4.9501979E+003, 4.1194380E+002, 4.1465848E+002, 4.1471600E+002, 4.1388989E+002, 4.1741908E+002, 1.9802672E+001, 1.9802716E+001, 1.9802977E+001, 1.9803137E+001, 1.9803179E+001, 3.2259966E+002, 3.5043740E+002, 3.2351519E+002, 3.5102778E+002, 3.2614122E+002, 3.2779904E+002, 3.5397383E+002, 3.2628889E+002, 3.5370653E+002, 3.2556725E+002, 3.2890634E+002, 3.5612250E+002, 3.2822709E+002, 3.5684819E+002, 3.3173600E+002, 3.2730557E+002, 3.5633314E+002, 3.2815097E+002, 3.5672313E+002, 3.3006443E+002, 3.3260527E+002, 3.6065422E+002, 3.3178353E+002, 3.6056974E+002, 3.3114407E+002, 2.4286928E+001, 2.4325705E+001, 2.5217771E+001, 2.5288443E+001, 2.4411739E+001, 2.4374965E+001, 2.5601540E+001, 2.4723091E+001, 2.5709829E+001, 2.4855947E+001, 2.4896463E+001, 2.5828570E+001, 2.5920241E+001, 2.5007860E+001, 2.4964532E+001, 1.9805850E+001, 1.9870785E+001, 1.9805913E+001, 1.9871213E+001, 1.9808420E+001, 1.9808543E+001, 1.9872509E+001, 1.9806014E+001, 1.9872139E+001, 1.9805954E+001, 1.9809275E+001, 1.9878584E+001, 1.9806578E+001, 1.9878973E+001, 1.9809385E+001, 1.9806852E+001, 1.9882195E+001, 1.9806918E+001, 1.9882484E+001, 1.9809778E+001, 1.9809903E+001, 1.9883935E+001, 1.9807020E+001, 1.9883752E+001, 1.9806952E+001, 9.8803720E+003, 9.8803720E+003, 9.8803720E+003
 5.0001599E+003, 4.1268923E+002, 4.1531634E+002, 4.1542784E+002, 4.1439120E+002, 4.1785551E+002, 1.9803010E+001, 1.9803060E+001, 1.9803353E+001, 1.9803531E+001, 1.9803579E+001, 3.2403012E+002, 3.5229529E+002, 3.2495069E+002, 3.5287977E+002, 3.2760447E+002, 3.2924492E+002, 3.5581057E+002, 3.2770796E+002, 3.5554801E+002, 3.2698478E+002, 3.3028533E+002, 3.5786634E+002, 3.2956432E+002, 3.5859079E+002, 3.3310703E+002, 3.2862263E+002, 3.5804386E+002, 3.2946962E+002, 3.5842752E+002, 3.3139963E+002, 3.3390942E+002, 3.6232914E+002, 3.3306148E+002, 3.6225191E+002, 3.3241882E+002, 2.4571041E+001, 2.4612243E+001, 2.5541526E+001, 2.5616380E+001, 2.4704126E+001, 2.4665199E+001, 2.5942699E+001, 2.5030544E+001, 2.6058092E+001, 2.5168440E+001, 2.5211496E+001, 2.6180157E+001, 2.6277896E+001, 2.5331260E+001, 2.5285450E+001, 1.9806531E+001, 1.9877397E+001, 1.9806602E+001, 1.9877864E+001, 1.9809344E+001, 1.9809481E+001, 1.9879289E+001, 1.9806716E+001, 1.9878889E+001, 1.9806649E+001, 1.9810287E+001, 1.9885861E+001, 1.9807342E+001, 1.9886286E+001, 1.9810410E+001, 1.9807643E+001, 1.9889750E+001, 1.9807717E+001, 1.9890063E+001, 1.9810839E+001, 1.9810981E+001, 1.9891677E+001, 1.9807833E+001, 1.9891482E+001, 1.9807758E+001, 9.8803720E+003, 9.8803720E+003, 9.8803720E+003
 5.0501220E+003, 4.1340939E+002, 4.1590103E+002, 4.1594711E+002, 4.1488844E+002, 4.1837835E+002, 1.9803383E+001, 1.9803439E+001, 1.9803767E+001, 1.9803965E+001, 1.9804021E+001, 3.2544059E+002, 3.5411188E+002, 3.2636705E+002, 3.5468825E+002, 3.2904015E+002, 3.3065831E+002, 3.5760411E+002, 3.2909955E+002, 3.5735047E+002, 3.2838347E+002, 3.3163267E+002, 3.5957238E+002, 3.3087210E+002, 3.6029175E+002, 3.3443501E+002, 3.2991365E+002, 3.5971380E+002, 3.3075766E+002, 3.6008977E+002, 3.3270686E+002, 3.3518485E+002, 3.6396116E+002, 3.3430758E+002, 3.6389378E+002, 3.3365484E+002, 2.4865888E+001, 2.4909542E+001, 2.5876560E+001, 2.5955980E+001, 2.5007560E+001, 2.4966363E+001, 2.6296001E+001, 2.5350045E+001, 2.6418429E+001, 2.5492630E+001, 2.5538171E+001, 2.6543518E+001, 2.6647623E+001, 2.5666425E+001, 2.5618087E+001, 1.9807276E+001, 1.9884455E+001, 1.9807355E+001, 1.9884962E+001, 1.9810347E+001, 1.9810501E+001, 1.9886526E+001, 1.9807483E+001, 1.9886094E+001, 1.9807408E+001, 1.9811385E+001, 1.9893620E+001, 1.9808176E+001, 1.9894084E+001, 1.9811522E+001, 1.9808507E+001, 1.9897798E+001, 1.9808589E+001, 1.9898137E+001, 1.9811991E+001, 1.9812150E+001, 1.9899927E+001, 1.9808722E+001, 1.9899720E+001, 1.9808637E+001, 9.8803720E+003, 9.8803720E+003, 9.8803720E+003
 5.1000294E+003, 4.1391666E+002, 4.1652287E+002, 4.1630488E+002, 4.1543126E+002, 4.1879049E+002, 1.9803794E+001, 1.9803858E+001, 1.9804224E+001, 1.9804444E+001, 1.9804508E+001, 3.2683351E+002, 3.5589329E+002, 3.2776615E+002, 3.5647008E+002, 3.3044732E+002, 3.3204363E+002, 3.5936177E+002, 3.3046641E+002, 3.5911729E+002, 3.2976002E+002, 3.3295464E+002, 3.6124439E+002, 3.3215737E+002, 3.6196488E+002, 3.3573183E+002, 3.3117709E+002, 3.6134813E+002, 3.3201719E+002, 3.6171687E+002, 3.3398888E+002, 3.3644162E+002, 3.6555570E+002, 3.3553136E+002, 3.6549906E+002, 3.3486068E+002, 2.5172683E+001, 2.5219022E+001, 2.6224439E+001, 2.6308449E+001, 2.5323621E+001, 2.5280040E+001, 2.6661885E+001, 2.5681754E+001, 2.6792010E+001, 2.5829228E+001, 2.5877521E+001, 2.6920217E+001, 2.7030899E+001, 2.6015110E+001, 2.5964045E+001, 1.9808091E+001, 1.9891997E+001, 1.9808179E+001, 1.9892546E+001, 1.9811439E+001, 1.9811609E+001, 1.9894259E+001, 1.9808322E+001, 1.9893794E+001, 1.9808239E+001, 1.9812578E+001, 1.9901901E+001, 1.9809087E+001, 1.9902408E+001, 1.9812731E+001, 1.9809451E+001, 1.9906382E+001, 1.9809542E+001, 1.9906748E+001, 1.9813241E+001, 1.9813420E+001, 1.9908728E+001, 1.9809693E+001, 1.9908509E+001, 1.9809598E+001, 9.8803720E+003, 9.8803720E+003, 9.8803720E+003
 5.1500113E+003, 4.1459218E+002, 4.1719347E+002, 4.1679764E+002, 4.1594953E+002, 4.1940282E+002, 1.9804247E+001, 1.9804320E+001, 1.9804726E+001, 1.9804971E+001, 1.9805044E+001, 3.2820727E+002, 3.5763821E+002, 3.2914197E+002, 3.5822414E+002, 3.3183228E+002, 3.3340678E+002, 3.6108755E+002, 3.3180746E+002, 3.6084775E+002, 3.3111052E+002, 3.3425189E+002, 3.6288244E+002, 3.3341267E+002, 3.6360445E+002, 3.3700878E+002, 3.3241717E+002, 3.6294651E+002, 3.3325291E+002, 3.6330902E+002, 3.3524541E+002, 3.3767617E+002, 3.6711403E+002, 3.3673441E+002, 3.6706692E+002, 3.3604336E+002, 2.5491809E+001, 2.5540777E+001, 2.6584862E+001, 2.6673721E+001, 2.5651956E+001, 2.5605978E+001, 2.7041240E+001, 2.6026905E+001, 2.7179056E+001, 2.6179198E+001, 2.6230248E+001, 2.7310139E+001, 2.7427819E+001, 2.6377208E+001, 2.6323440E+001, 1.9808981E+001, 1.9900048E+001, 1.9809079E+001, 1.9900642E+001, 1.9812624E+001, 1.9812813E+001, 1.9902515E+001, 1.9809239E+001, 1.9902015E+001, 1.9809147E+001, 1.9813873E+001, 1.9910730E+001, 1.9810082E+001, 1.9911283E+001, 1.9814043E+001, 1.9810481E+001, 1.9915527E+001, 1.9810582E+001, 1.9915922E+001, 1.9814597E+001, 1.9814798E+001, 1.9918107E+001, 1.9810752E+001, 1.9917875E+001, 1.9810648E+001, 9.8803720E+003, 9.8803720E+003, 9.8803720E+003
 5.2002249E+003, 4.1562414E+002, 4.1786162E+002, 4.1746684E+002, 4.1652046E+002, 4.1974351E+002, 1.9804747E+001, 1.9804828E+001, 1.9805280E+001, 1.9805551E+001, 1.9805634E+001, 3.2955547E+002, 3.5935560E+002, 3.3049122E+002, 3.5994510E+002, 3.3319913E+002, 3.3475068E+002, 3.6278605E+002, 3.3312771E+002, 3.6254483E+002, 3.3243674E+002, 3.3552547E+002, 3.6449446E+002, 3.3464364E+002, 3.6520593E+002, 3.3827449E+002, 3.3363913E+002, 3.6451483E+002, 3.3446934E+002, 3.6487232E+002, 3.3648300E+002, 3.3889017E+002, 3.6864089E+002, 3.3792579E+002, 3.6860177E+002, 3.3721038E+002, 2.5823818E+001, 2.5875705E+001, 2.6959404E+001, 2.7053240E+001, 2.5994215E+001, 2.5945601E+001, 2.7434766E+001, 2.6385896E+001, 2.7581041E+001, 2.6542953E+001, 2.6596970E+001, 2.7714941E+001, 2.7839642E+001, 2.6754217E+001, 2.6697511E+001, 1.9809955E+001, 1.9908640E+001, 1.9810063E+001, 1.9909282E+001, 1.9813913E+001, 1.9814122E+001, 1.9911326E+001, 1.9810242E+001, 1.9910789E+001, 1.9810139E+001, 1.9815279E+001, 1.9920144E+001, 1.9811170E+001, 1.9920745E+001, 1.9815468E+001, 1.9811605E+001, 1.9925268E+001, 1.9811717E+001, 1.9925694E+001, 1.9816069E+001, 1.9816293E+001, 1.9928100E+001, 1.9811909E+001, 1.9927855E+001, 1.9811793E+001, 9.8803720E+003, 9.8803720E+003, 9.8803720E+003
 5.2500168E+003, 4.1605763E+002, 4.1859949E+002, 4.1810205E+002, 4.1712465E+002, 4.2037585E+002, 1.9805294E+001, 1.9805386E+001, 1.9805887E+001, 1.9806185E+001, 1.9806280E+001, 3.3087596E+002, 3.6104097E+002, 3.3182212E+002, 3.6162671E+002, 3.3453941E+002, 3.3607213E+002, 3.6445014E+002, 3.3442609E+002, 3.6420785E+002, 3.3373691E+002, 3.3677773E+002, 3.6607060E+002, 3.3585604E+002, 3.6677743E+002, 3.3951935E+002, 3.3484081E+002, 3.6605115E+002, 3.3566664E+002, 3.6640344E+002, 3.3770040E+002, 3.4008735E+002, 3.7012985E+002, 3.3909562E+002, 3.7009719E+002, 3.3835923E+002, 2.6168162E+001, 2.6222982E+001, 2.7346146E+001, 2.7445286E+001, 2.6348772E+001, 2.6297574E+001, 2.7841173E+001, 2.6757923E+001, 2.7995697E+001, 2.6919661E+001, 2.6976609E+001, 2.8132207E+001, 2.8264534E+001, 2.7143974E+001, 2.7084406E+001, 1.9811012E+001, 1.9917762E+001, 1.9811133E+001, 1.9918454E+001, 1.9815305E+001, 1.9815535E+001, 1.9920681E+001, 1.9811332E+001, 1.9920105E+001, 1.9811218E+001, 1.9816797E+001, 1.9930125E+001, 1.9812350E+001, 1.9930778E+001, 1.9817006E+001, 1.9812825E+001, 1.9935590E+001, 1.9812949E+001, 1.9936047E+001, 1.9817656E+001, 1.9817907E+001, 1.9938690E+001, 1.9813165E+001, 1.9938431E+001, 1.9813037E+001, 9.8803720E+003, 9.8803720E+003, 9.8803720E+003
 5.3000221E+003, 4.1671159E+002, 4.1928500E+002, 4.1871665E+002, 4.1771137E+002, 4.2091853E+002, 1.9805892E+001, 1.9805995E+001, 1.9806549E+001, 1.9806878E+001, 1.9806986E+001, 3.3217289E+002, 3.6268939E+002, 3.3313193E+002, 3.6327543E+002, 3.3585901E+002, 3.3737954E+002, 3.6607965E+002, 3.3570702E+002, 3.6583926E+002, 3.3501574E+002, 3.3801399E+002, 3.6761242E+002, 3.3705743E+002, 3.6832579E+002, 3.4074481E+002, 3.3602623E+002, 3.6755797E+002, 3.3684957E+002, 3.6790517E+002, 3.3890241E+002, 3.4126812E+002, 3.7158170E+002, 3.4025054E+002, 3.7155787E+002, 3.3949812E+002, 2.6524304E+001, 2.6582239E+001, 2.7745699E+001, 2.7850054E+001, 2.6716000E+001, 2.6661957E+001, 2.8260175E+001, 2.7142296E+001, 2.8423861E+001, 2.7308653E+001, 2.7368814E+001, 2.8562909E+001, 2.8702785E+001, 2.7547407E+001, 2.7484702E+001, 1.9812159E+001, 1.9927428E+001, 1.9812292E+001, 1.9928174E+001, 1.9816806E+001, 1.9817060E+001, 1.9930594E+001, 1.9812513E+001, 1.9929978E+001, 1.9812387E+001, 1.9818432E+001, 1.9940691E+001, 1.9813630E+001, 1.9941398E+001, 1.9818664E+001, 1.9814146E+001, 1.9946506E+001, 1.9814283E+001, 1.9946998E+001, 1.9819366E+001, 1.9819645E+001, 1.9949893E+001, 1.9814526E+001, 1.9949621E+001, 1.9814384E+001, 9.8803720E+003, 9.8803720E+003, 9.8803720E+003
 5.3502090E+003, 4.1737262E+002, 4.2000260E+002, 4.1937775E+002, 4.1834701E+002, 4.2143152E+002, 1.9806549E+001, 1.9806664E+001, 1.9807276E+001, 1.9807637E+001, 1.9807759E+001, 3.3345835E+002, 3.6431398E+002, 3.3442247E+002, 3.6490373E+002, 3.3716541E+002, 3.3868481E+002, 3.6768781E+002, 3.3698055E+002, 3.6745038E+002, 3.3628805E+002, 3.3924141E+002, 3.6913077E+002, 3.3825584E+002, 3.6984969E+002, 3.4196648E+002, 3.3720558E+002, 3.6904725E+002, 3.3802768E+002, 3.6938922E+002, 3.4009780E+002, 3.4243716E+002, 3.7300994E+002, 3.4140552E+002, 3.7299459E+002, 3.4064313E+002, 2.6895246E+001, 2.6956328E+001, 2.8159894E+001, 2.8269998E+001, 2.7097901E+001, 2.7041133E+001, 2.8694903E+001, 2.7542432E+001, 2.8867773E+001, 2.7713365E+001, 2.7776697E+001, 2.9009221E+001, 2.9157248E+001, 2.7966399E+001, 2.7900588E+001, 1.9813409E+001, 1.9937719E+001, 1.9813556E+001, 1.9938521E+001, 1.9818432E+001, 1.9818712E+001, 1.9941149E+001, 1.9813801E+001, 1.9940490E+001, 1.9813662E+001, 1.9820202E+001, 1.9951926E+001, 1.9815023E+001, 1.9952692E+001, 1.9820458E+001, 1.9815584E+001, 1.9958106E+001, 1.9815735E+001, 1.9958634E+001, 1.9821216E+001, 1.9821525E+001, 1.9961799E+001, 1.9816007E+001, 1.9961514E+001, 1.9815850E+001, 9.8803720E+003, 9.8803720E+003, 9.8803720E+003
 5.4000009E+003, 4.1804855E+002, 4.2068977E+002, 4.2006004E+002, 4.1895775E+002, 4.2189618E+002, 1.9807265E+001, 1.9807393E+001, 1.9808067E+001, 1.9808464E+001, 1.9808602E+001, 3.3472505E+002, 3.6591032E+002, 3.3569080E+002, 3.6649814E+002, 3.3845501E+002, 3.3997327E+002, 3.6926388E+002, 3.3824209E+002, 3.6902958E+002, 3.3755203E+002, 3.4045103E+002, 3.7061932E+002, 3.3944562E+002, 3.7133932E+002, 3.4317905E+002, 3.3837568E+002, 3.7050923E+002, 3.3919685E+002, 3.7084477E+002, 3.4127985E+002, 3.4358854E+002, 3.7440928E+002, 3.4255017E+002, 3.7439763E+002, 3.4178134E+002, 2.7278090E+001, 2.7342546E+001, 2.8587338E+001, 2.8703065E+001, 2.7492865E+001, 2.7433018E+001, 2.9142747E+001, 2.7955306E+001, 2.9325363E+001, 2.8130679E+001, 2.8197464E+001, 2.9469008E+001, 2.9625508E+001, 2.8399306E+001, 2.8330160E+001, 1.9814760E+001, 1.9948591E+001, 1.9814922E+001, 1.9949453E+001, 1.9820181E+001, 1.9820488E+001, 1.9952300E+001, 1.9815193E+001, 1.9951597E+001, 1.9815040E+001, 1.9822104E+001, 1.9963784E+001, 1.9816528E+001, 1.9964611E+001, 1.9822387E+001, 1.9817136E+001, 1.9970339E+001, 1.9817303E+001, 1.9970904E+001, 1.9823202E+001, 1.9823545E+001, 1.9974357E+001, 1.9817606E+001, 1.9974059E+001, 1.9817434E+001, 9.8803720E+003, 9.8803720E+003, 9.8803720E+003
 5.4500101E+003, 4.1864912E+002, 4.2137989E+002, 4.2062273E+002, 4.1957907E+002, 4.2239060E+002, 1.9808043E+001, 1.9808187E+001, 1.9808928E+001, 1.9809362E+001, 1.9809517E+001, 3.3598051E+002, 3.6747633E+002, 3.3694164E+002, 3.6805566E+002, 3.3972694E+002, 3.4124904E+002, 3.7080981E+002, 3.3949058E+002, 3.7057688E+002, 3.3880926E+002, 3.4165285E+002, 3.7208134E+002, 3.4063071E+002, 3.7279998E+002, 3.4438460E+002, 3.3953717E+002, 3.7194174E+002, 3.4035939E+002, 3.7227355E+002, 3.4245216E+002, 3.4472531E+002, 3.7578467E+002, 3.4367897E+002, 3.7577389E+002, 3.4290957E+002, 2.7674111E+001, 2.7741927E+001, 2.9027615E+001, 2.9149394E+001, 2.7900725E+001, 2.7837953E+001, 2.9604217E+001, 2.8381887E+001, 2.9797330E+001, 2.8561698E+001, 2.8631955E+001, 2.9943193E+001, 3.0108225E+001, 2.8846289E+001, 2.8773687E+001, 1.9816219E+001, 1.9960068E+001, 1.9816397E+001, 1.9960992E+001, 1.9822060E+001, 1.9822396E+001, 1.9964071E+001, 1.9816697E+001, 1.9963323E+001, 1.9816529E+001, 1.9824145E+001, 1.9976286E+001, 1.9818152E+001, 1.9977179E+001, 1.9824457E+001, 1.9818810E+001, 1.9983227E+001, 1.9818993E+001, 1.9983832E+001, 1.9825333E+001, 1.9825711E+001, 1.9987591E+001, 1.9819331E+001, 1.9987278E+001, 1.9819142E+001, 9.8803720E+003, 9.8803720E+003, 9.8803720E+003
 5.5000194E+003, 4.1934438E+002, 4.2196578E+002, 4.2110947E+002, 4.2006355E+002, 4.2284838E+002, 1.9808893E+001, 1.9809052E+001, 1.9809865E+001, 1.9810341E+001, 1.9810515E+001, 3.3722416E+002, 3.6901814E+002, 3.3818028E+002, 3.6958664E+002, 3.4099053E+002, 3.4251572E+002, 3.7233378E+002, 3.4073572E+002, 3.7209908E+002, 3.4005960E+002, 3.4285260E+002, 3.7351583E+002, 3.4181250E+002, 3.7423621E+002, 3.4558687E+002, 3.4069470E+002, 3.7334795E+002, 3.4151827E+002, 3.7367974E+002, 3.4361531E+002, 3.4585691E+002, 3.7714030E+002, 3.4479559E+002, 3.7712971E+002, 3.4403331E+002, 2.8084026E+001, 2.8155449E+001, 2.9483114E+001, 2.9611166E+001, 2.8323664E+001, 2.8257633E+001, 3.0081720E+001, 2.8823896E+001, 3.0285011E+001, 2.9008193E+001, 2.9082113E+001, 3.0432682E+001, 3.0606848E+001, 2.9309231E+001, 2.9233209E+001, 1.9817798E+001, 1.9972212E+001, 1.9817994E+001, 1.9973202E+001, 1.9824084E+001, 1.9824452E+001, 1.9976527E+001, 1.9818325E+001, 1.9975732E+001, 1.9818140E+001, 1.9826342E+001, 1.9989501E+001, 1.9819908E+001, 1.9990463E+001, 1.9826684E+001, 1.9820619E+001, 1.9996841E+001, 1.9820821E+001, 1.9997487E+001, 1.9827624E+001, 1.9828042E+001, 2.0001571E+001, 1.9821197E+001, 2.0001244E+001, 1.9820990E+001, 9.8803720E+003, 9.8803720E+003, 9.8803720E+003
 5.5500287E+003, 4.2005582E+002, 4.2254153E+002, 4.2166689E+002, 4.2059898E+002, 4.2344515E+002, 1.9809815E+001, 1.9809993E+001, 1.9810884E+001, 1.9811402E+001, 1.9811597E+001, 3.3845546E+002, 3.7052827E+002, 3.3940806E+002, 3.7108614E+002, 3.4224030E+002, 3.4376776E+002, 3.7382724E+002, 3.4196972E+002, 3.7359436E+002, 3.4129525E+002, 3.4403686E+002, 3.7492122E+002, 3.4298060E+002, 3.7564263E+002, 3.4677113E+002, 3.4184176E+002, 3.7472632E+002, 3.4266609E+002, 3.7505461E+002, 3.4476853E+002, 3.4697838E+002, 3.7847131E+002, 3.4589891E+002, 3.7845646E+002, 3.4514914E+002, 2.8508176E+001, 2.8583274E+001, 2.9953625E+001, 3.0087990E+001, 2.8761014E+001, 2.8691679E+001, 3.0573678E+001, 2.9280684E+001, 3.0788141E+001, 2.9469105E+001, 2.9546887E+001, 3.0937469E+001, 3.1120910E+001, 2.9788007E+001, 2.9708187E+001, 1.9819503E+001, 1.9985021E+001, 1.9819717E+001, 1.9986080E+001, 1.9826256E+001, 1.9826658E+001, 1.9989665E+001, 1.9820082E+001, 1.9988820E+001, 1.9819879E+001, 1.9828698E+001, 2.0003424E+001, 1.9821802E+001, 2.0004459E+001, 1.9829073E+001, 1.9822569E+001, 2.0011173E+001, 1.9822790E+001, 2.0011862E+001, 1.9830080E+001, 1.9830540E+001, 2.0016290E+001, 1.9823207E+001, 2.0015950E+001, 1.9822981E+001, 9.8803720E+003, 9.8803720E+003, 9.8803720E+003
 5.6000379E+003, 4.2047418E+002, 4.2310350E+002, 4.2223022E+002, 4.2111991E+002, 4.2377612E+002, 1.9810817E+001, 1.9811013E+001, 1.9811988E+001, 1.9812553E+001, 1.9812771E+001, 3.3967230E+002, 3.7200583E+002, 3.4062854E+002, 3.7255688E+002, 3.4347432E+002, 3.4500151E+002, 3.7528813E+002, 3.4318874E+002, 3.7505989E+002, 3.4251641E+002, 3.4520426E+002, 3.7630149E+002, 3.4413228E+002, 3.7701711E+002, 3.4793593E+002, 3.4297457E+002, 3.7607519E+002, 3.4379845E+002, 3.7639917E+002, 3.4590695E+002, 3.4809043E+002, 3.7977785E+002, 3.4698961E+002, 3.7975981E+002, 3.4625295E+002, 2.8946396E+001, 2.9025399E+001, 3.0438175E+001, 3.0579289E+001, 2.9213093E+001, 2.9140389E+001, 3.1080742E+001, 2.9752827E+001, 3.1306750E+001, 2.9945707E+001, 3.0027364E+001, 3.1457586E+001, 3.1650573E+001, 3.0282168E+001, 3.0198657E+001, 1.9821339E+001, 1.9998512E+001, 1.9821573E+001, 1.9999644E+001, 1.9828585E+001, 1.9829023E+001, 2.0003503E+001, 1.9821975E+001, 2.0002607E+001, 1.9821753E+001, 1.9831221E+001, 2.0018072E+001, 1.9823841E+001, 2.0019184E+001, 1.9831632E+001, 1.9824667E+001, 2.0026240E+001, 1.9824909E+001, 2.0026974E+001, 1.9832709E+001, 1.9833214E+001, 2.0031766E+001, 1.9825371E+001, 2.0031412E+001, 1.9825123E+001, 9.8803720E+003, 9.8803720E+003, 9.8803720E+003
 5.6500472E+003, 4.2116654E+002, 4.2369369E+002, 4.2276225E+002, 4.2157054E+002, 4.2465176E+002, 1.9811901E+001, 1.9812119E+001, 1.9813183E+001, 1.9813797E+001, 1.9814041E+001, 3.4087269E+002, 3.7344963E+002, 3.4183529E+002, 3.7400159E+002, 3.4469318E+002, 3.4621699E+002, 3.7671800E+002, 3.4439067E+002, 3.7649325E+002, 3.4372180E+002, 3.4635161E+002, 3.7765450E+002, 3.4526882E+002, 3.7836087E+002, 3.4907877E+002, 3.4409083E+002, 3.7739244E+002, 3.4491413E+002, 3.7771316E+002, 3.4702522E+002, 3.4919782E+002, 3.8105387E+002, 3.4806511E+002, 3.8103902E+002, 3.4734027E+002, 2.9398778E+001, 2.9481759E+001, 3.0937867E+001, 3.1085759E+001, 2.9680181E+001, 2.9603764E+001, 3.1603109E+001, 3.0240095E+001, 3.1840649E+001, 3.0436947E+001, 3.0522666E+001, 3.1992689E+001, 3.2195899E+001, 3.0791916E+001, 3.0704642E+001, 1.9823314E+001, 2.0012705E+001, 1.9823571E+001, 2.0013912E+001, 1.9831078E+001, 1.9831555E+001, 2.0018061E+001, 1.9824011E+001, 2.0017111E+001, 1.9823768E+001, 1.9833919E+001, 2.0033464E+001, 1.9826033E+001, 2.0034657E+001, 1.9834370E+001, 1.9826920E+001, 2.0042061E+001, 1.9827185E+001, 2.0042843E+001, 1.9835519E+001, 1.9836074E+001, 2.0048020E+001, 1.9827696E+001, 2.0047652E+001, 1.9827425E+001, 9.8803720E+003, 9.8803720E+003, 9.8803720E+003
 5.7000565E+003, 4.2164973E+002, 4.2426120E+002, 4.2342257E+002, 4.2212164E+002, 4.2504396E+002, 1.9813075E+001, 1.9813316E+001, 1.9814475E+001, 1.9815142E+001, 1.9815414E+001, 3.4205397E+002, 3.7485779E+002, 3.4302355E+002, 3.7541405E+002, 3.4588923E+002, 3.4741151E+002, 3.7811703E+002, 3.4557477E+002, 3.7789514E+002, 3.4490923E+002, 3.4748406E+002, 3.7898231E+002, 3.4638936E+002, 3.7967602E+002, 3.5020049E+002, 3.4519120E+002, 3.7868153E+002, 3.4601213E+002, 3.7899696E+002, 3.4812491E+002, 3.5029763E+002, 3.8230648E+002, 3.4913170E+002, 3.8229225E+002, 3.4840354E+002, 2.9866494E+001, 2.9953665E+001, 3.1452675E+001, 3.1607558E+001, 3.0162538E+001, 3.0082630E+001, 3.2140638E+001, 3.0742675E+001, 3.2391049E+001, 3.0943236E+001, 3.1033135E+001, 3.2544313E+001, 3.2758070E+001, 3.1317922E+001, 3.1226478E+001, 1.9825436E+001, 2.0027618E+001, 1.9825717E+001, 2.0028905E+001, 1.9833743E+001, 1.9834262E+001, 2.0033357E+001, 1.9826200E+001, 2.0032353E+001, 1.9825935E+001, 1.9836802E+001, 2.0049621E+001, 1.9828387E+001, 2.0050899E+001, 1.9837295E+001, 1.9829339E+001, 2.0058657E+001, 1.9829628E+001, 2.0059487E+001, 1.9838520E+001, 1.9839127E+001, 2.0065070E+001, 1.9830192E+001, 2.0064688E+001, 1.9829896E+001, 9.8803720E+003, 9.8803720E+003, 9.8803720E+003
 5.7500657E+003, 4.2207455E+002, 4.2478730E+002, 4.2398126E+002, 4.2251891E+002, 4.2536775E+002, 1.9814343E+001, 1.9814608E+001, 1.9815870E+001, 1.9816593E+001, 1.9816895E+001, 3.4321447E+002, 3.7623164E+002, 3.4419583E+002, 3.7678895E+002, 3.4706137E+002, 3.4858308E+002, 3.7948511E+002, 3.4674157E+002, 3.7926802E+002, 3.4607917E+002, 3.4860363E+002, 3.8028169E+002, 3.4749761E+002, 3.8096502E+002, 3.5130727E+002, 3.4627253E+002, 3.7994057E+002, 3.4709212E+002, 3.8024937E+002, 3.4920654E+002, 3.5137307E+002, 3.8353722E+002, 3.5019050E+002, 3.8351484E+002, 3.4944233E+002, 3.0348454E+001, 3.0439903E+001, 3.1982194E+001, 3.2144533E+001, 3.0660012E+001, 3.0576317E+001, 3.2694615E+001, 3.1260958E+001, 3.2957962E+001, 3.1465556E+001, 3.1559787E+001, 3.3111894E+001, 3.3336208E+001, 3.1860140E+001, 3.1764568E+001, 1.9827714E+001, 2.0043268E+001, 1.9828020E+001, 2.0044638E+001, 1.9836590E+001, 1.9837153E+001, 2.0049409E+001, 1.9828548E+001, 2.0048349E+001, 1.9828260E+001, 1.9839879E+001, 2.0066558E+001, 1.9830910E+001, 2.0067925E+001, 1.9840416E+001, 1.9831930E+001, 2.0076042E+001, 1.9832245E+001, 2.0076923E+001, 1.9841721E+001, 1.9842384E+001, 2.0082933E+001, 1.9832866E+001, 2.0082537E+001, 1.9832545E+001, 9.8803720E+003, 9.8803720E+003, 9.8803720E+003
 5.8000770E+003, 4.2268694E+002, 4.2534133E+002, 4.2438920E+002, 4.2298885E+002, 4.2582430E+002, 1.9815711E+001, 1.9816003E+001, 1.9817374E+001, 1.9818157E+001, 1.9818491E+001, 3.4436012E+002, 3.7757357E+002, 3.4534488E+002, 3.7813445E+002, 3.4821007E+002, 3.4973646E+002, 3.8082318E+002, 3.4789018E+002, 3.8061173E+002, 3.4723204E+002, 3.4970374E+002, 3.8154952E+002, 3.4859347E+002, 3.8223255E+002, 3.5239322E+002, 3.4733311E+002, 3.8117289E+002, 3.4815157E+002, 3.8147267E+002, 3.5026933E+002, 3.5242656E+002, 3.8474110E+002, 3.5122835E+002, 3.8470764E+002, 3.5046444E+002, 3.0845411E+001, 3.0941162E+001, 3.2528191E+001, 3.2698161E+001, 3.1172987E+001, 3.1085275E+001, 3.3264428E+001, 3.1795221E+001, 3.3541377E+001, 3.2003459E+001, 3.2102225E+001, 3.3696157E+001, 3.3931797E+001, 3.2419303E+001, 3.2319347E+001, 1.9830156E+001, 2.0059675E+001, 1.9830489E+001, 2.0061131E+001, 1.9839628E+001, 1.9840239E+001, 2.0066237E+001, 1.9831066E+001, 2.0065119E+001, 1.9830752E+001, 1.9843158E+001, 2.0084294E+001, 1.9833614E+001, 2.0085755E+001, 1.9843744E+001, 1.9834705E+001, 2.0094234E+001, 1.9835048E+001, 2.0095169E+001, 1.9845131E+001, 1.9845855E+001, 2.0101626E+001, 1.9835731E+001, 2.0101217E+001, 1.9835381E+001, 9.8807749E+003, 9.8807749E+003, 9.8807749E+003
 5.8501074E+003, 4.2314712E+002, 4.2586827E+002, 4.2514138E+002, 4.2339091E+002, 4.2615891E+002, 1.9817185E+001, 1.9817506E+001, 1.9818993E+001, 1.9819839E+001, 1.9820209E+001, 3.4549324E+002, 3.7889051E+002, 3.4647317E+002, 3.7945315E+002, 3.4933843E+002, 3.5086847E+002, 3.8213240E+002, 3.4901822E+002, 3.8192610E+002, 3.4836282E+002, 3.5079043E+002, 3.8279006E+002, 3.4967169E+002, 3.8347779E+002, 3.5345896E+002, 3.4837285E+002, 3.8237616E+002, 3.4919059E+002, 3.8266939E+002, 3.5131389E+002, 3.5345934E+002, 3.8592010E+002, 3.5224399E+002, 3.8587412E+002, 3.5147556E+002, 3.1357906E+001, 3.1458291E+001, 3.3089987E+001, 3.3267619E+001, 3.1701982E+001, 3.1610363E+001, 3.3851238E+001, 3.2345962E+001, 3.4141821E+001, 3.2558163E+001, 3.2661865E+001, 3.4296655E+001, 3.4543459E+001, 3.2996149E+001, 3.2891805E+001, 1.9832769E+001, 2.0076863E+001, 1.9833132E+001, 2.0078409E+001, 1.9842865E+001, 1.9843527E+001, 2.0083866E+001, 1.9833762E+001, 2.0082688E+001, 1.9833420E+001, 1.9846650E+001, 2.0102854E+001, 1.9836505E+001, 2.0104414E+001, 1.9847288E+001, 1.9837671E+001, 2.0113260E+001, 1.9838044E+001, 2.0114250E+001, 1.9848761E+001, 1.9849549E+001, 2.0121178E+001, 1.9838794E+001, 2.0120755E+001, 1.9838414E+001, 9.8808840E+003, 9.8808840E+003, 9.8808840E+003
 5.9001427E+003, 4.2374301E+002, 4.2630741E+002, 4.2577834E+002, 4.2384764E+002, 4.2657901E+002, 1.9818771E+001, 1.9819123E+001, 1.9820734E+001, 1.9821646E+001, 1.9822056E+001, 3.4660773E+002, 3.8018374E+002, 3.4758190E+002, 3.8074108E+002, 3.5045017E+002, 3.5197675E+002, 3.8341242E+002, 3.5012727E+002, 3.8320811E+002, 3.4946856E+002, 3.5186557E+002, 3.8400417E+002, 3.5073845E+002, 3.8469810E+002, 3.5450680E+002, 3.4939446E+002, 3.8355091E+002, 3.5021086E+002, 3.8383875E+002, 3.5234003E+002, 3.5447238E+002, 3.8706973E+002, 3.5324048E+002, 3.8701438E+002, 3.5247134E+002, 3.1885353E+001, 3.1990478E+001, 3.3667983E+001, 3.3853910E+001, 3.2246921E+001, 3.2151016E+001, 3.4453567E+001, 3.2913848E+001, 3.4758447E+001, 3.3129217E+001, 3.3237507E+001, 3.4913226E+001, 3.5171923E+001, 3.3589493E+001, 3.3480490E+001, 1.9835564E+001, 2.0094831E+001, 1.9835957E+001, 2.0096470E+001, 1.9846311E+001, 1.9847025E+001, 2.0102294E+001, 1.9836644E+001, 2.0101055E+001, 1.9836273E+001, 1.9850363E+001, 2.0122236E+001, 1.9839594E+001, 2.0123898E+001, 1.9851057E+001, 1.9840838E+001, 2.0133114E+001, 1.9841242E+001, 2.0134162E+001, 1.9852618E+001, 1.9853475E+001, 2.0141581E+001, 1.9842064E+001, 2.0141145E+001, 1.9841652E+001, 9.8808840E+003, 9.8808840E+003, 9.8808840E+003
 5.9502114E+003, 4.2408761E+002, 4.2676927E+002, 4.2597522E+002, 4.2428464E+002, 4.2699721E+002, 1.9820476E+001, 1.9820862E+001, 1.9822604E+001, 1.9823587E+001, 1.9824039E+001, 3.4770766E+002, 3.8145127E+002, 3.4867408E+002, 3.8199777E+002, 3.5154337E+002, 3.5306265E+002, 3.8466386E+002, 3.5121625E+002, 3.8446075E+002, 3.5055349E+002, 3.5292345E+002, 3.8519069E+002, 3.5179975E+002, 3.8589143E+002, 3.5554044E+002, 3.5040189E+002, 3.8470040E+002, 3.5121384E+002, 3.8498468E+002, 3.5335083E+002, 3.5547031E+002, 3.8819232E+002, 3.5422031E+002, 3.8813734E+002, 3.5345351E+002, 3.2429392E+001, 3.2539625E+001, 3.4262453E+001, 3.4456406E+001, 3.2809558E+001, 3.2709215E+001, 3.5072922E+001, 3.3498383E+001, 3.5392549E+001, 3.3717310E+001, 3.3830702E+001, 3.5546753E+001, 3.5816880E+001, 3.4200776E+001, 3.4087133E+001, 1.9838550E+001, 2.0113621E+001, 1.9838977E+001, 2.0115358E+001, 1.9849976E+001, 1.9850748E+001, 2.0121565E+001, 1.9839724E+001, 2.0120263E+001, 1.9839322E+001, 1.9854311E+001, 2.0142484E+001, 1.9842893E+001, 2.0144253E+001, 1.9855063E+001, 1.9844218E+001, 2.0153842E+001, 1.9844656E+001, 2.0154949E+001, 1.9856716E+001, 1.9857647E+001, 2.0162884E+001, 1.9845555E+001, 2.0162434E+001, 1.9845109E+001, 9.8808840E+003, 9.8808840E+003, 9.8808840E+003
 6.0000798E+003, 4.2469908E+002, 4.2723778E+002, 4.2644339E+002, 4.2476262E+002, 4.2733757E+002, 1.9822303E+001, 1.9822725E+001, 1.9824607E+001, 1.9825664E+001, 1.9826161E+001, 3.4878911E+002, 3.8268248E+002, 3.4974280E+002, 3.8322206E+002, 3.5261343E+002, 3.5412772E+002, 3.8588313E+002, 3.5228101E+002, 3.8568208E+002, 3.5161876E+002, 3.5396315E+002, 3.8635423E+002, 3.5283897E+002, 3.8705379E+002, 3.5655702E+002, 3.5139629E+002, 3.8582348E+002, 3.5220043E+002, 3.8610679E+002, 3.5434687E+002, 3.5645589E+002, 3.8928613E+002, 3.5518435E+002, 3.8923379E+002, 3.5442199E+002, 3.2989056E+001, 3.3104199E+001, 3.4871991E+001, 3.5074514E+001, 3.3387238E+001, 3.3282440E+001, 3.5707053E+001, 3.4099150E+001, 3.6041956E+001, 3.4320960E+001, 3.4439372E+001, 3.6195852E+001, 3.6479502E+001, 3.4827841E+001, 3.4709423E+001, 1.9841730E+001, 2.0133197E+001, 1.9842193E+001, 2.0135035E+001, 1.9853863E+001, 1.9854695E+001, 2.0141642E+001, 1.9843005E+001, 2.0140275E+001, 1.9842569E+001, 1.9858492E+001, 2.0163555E+001, 1.9846403E+001, 2.0165437E+001, 1.9859309E+001, 1.9847812E+001, 2.0175400E+001, 1.9848287E+001, 2.0176568E+001, 1.9861056E+001, 1.9862064E+001, 2.0185040E+001, 1.9849268E+001, 2.0184578E+001, 1.9848786E+001, 9.8808840E+003, 9.8808840E+003, 9.8808840E+003
 6.0500053E+003, 4.2516703E+002, 4.2770657E+002, 4.2704019E+002, 4.2527211E+002, 4.2760909E+002, 1.9824258E+001, 1.9824719E+001, 1.9826748E+001, 1.9827884E+001, 1.9828430E+001, 3.4984749E+002, 3.8388429E+002, 3.5079108E+002, 3.8441683E+002, 3.5366347E+002, 3.5517636E+002, 3.8707263E+002, 3.5332493E+002, 3.8687347E+002, 3.5266730E+002, 3.5498314E+002, 3.8750030E+002, 3.5385101E+002, 3.8819265E+002, 3.5755716E+002, 3.5237567E+002, 3.8692129E+002, 3.5317294E+002, 3.8720465E+002, 3.5532822E+002, 3.5742715E+002, 3.9035567E+002, 3.5613303E+002, 3.9030415E+002, 3.5537808E+002, 3.3563735E+001, 3.3684283E+001, 3.5497009E+001, 3.5707573E+001, 3.3981332E+001, 3.3871979E+001, 3.6357889E+001, 3.4715386E+001, 3.6709776E+001, 3.4940047E+001, 3.5063759E+001, 3.6862825E+001, 3.7159409E+001, 3.5471583E+001, 3.5348269E+001, 1.9845114E+001, 2.0153578E+001, 1.9845614E+001, 2.0155520E+001, 1.9857981E+001, 1.9858877E+001, 2.0162542E+001, 1.9846495E+001, 2.0161110E+001, 1.9846024E+001, 1.9862918E+001, 2.0185471E+001, 1.9850135E+001, 2.0187469E+001, 1.9863802E+001, 1.9851631E+001, 2.0197807E+001, 1.9852145E+001, 2.0199039E+001, 1.9865648E+001, 1.9866739E+001, 2.0208069E+001, 1.9853214E+001, 2.0207595E+001, 1.9852693E+001, 9.8808840E+003, 9.8808840E+003, 9.8808840E+003
 6.1001479E+003, 4.2560652E+002, 4.2812059E+002, 4.2733639E+002, 4.2561118E+002, 4.2801962E+002, 1.9826357E+001, 1.9826860E+001, 1.9829045E+001, 1.9830263E+001, 1.9830863E+001, 3.5088707E+002, 3.8506566E+002, 3.5182828E+002, 3.8559067E+002, 3.5469889E+002, 3.5621358E+002, 3.8823618E+002, 3.5435477E+002, 3.8803833E+002, 3.5370019E+002, 3.5599008E+002, 3.8862481E+002, 3.5485297E+002, 3.8931147E+002, 3.5855045E+002, 3.5334285E+002, 3.8799959E+002, 3.5413740E+002, 3.8828248E+002, 3.5630020E+002, 3.5838911E+002, 3.9140382E+002, 3.5706751E+002, 3.9135076E+002, 3.5632475E+002, 3.4156615E+001, 3.4282437E+001, 3.6139917E+001, 3.6360207E+001, 3.4593500E+001, 3.4479539E+001, 3.7028845E+001, 3.5350712E+001, 3.7397547E+001, 3.5577936E+001, 3.5707068E+001, 3.7549473E+001, 3.7859645E+001, 3.6135629E+001, 3.6006849E+001, 1.9848724E+001, 2.0174873E+001, 1.9849265E+001, 2.0176923E+001, 1.9862357E+001, 1.9863321E+001, 2.0184379E+001, 1.9850220E+001, 2.0182878E+001, 1.9849711E+001, 1.9867619E+001, 2.0208344E+001, 1.9854114E+001, 2.0210464E+001, 1.9868575E+001, 1.9855702E+001, 2.0221180E+001, 1.9856256E+001, 2.0222477E+001, 1.9870521E+001, 1.9871700E+001, 2.0232091E+001, 1.9857421E+001, 2.0231604E+001, 1.9856859E+001, 9.8808840E+003, 9.8808840E+003, 9.8808840E+003
 6.1501367E+003, 4.2605437E+002, 4.2851991E+002, 4.2784295E+002, 4.2598366E+002, 4.2853317E+002, 1.9828602E+001, 1.9829151E+001, 1.9831500E+001, 1.9832806E+001, 1.9833462E+001, 3.5190692E+002, 3.8622394E+002, 3.5285035E+002, 3.8674102E+002, 3.5571998E+002, 3.5723131E+002, 3.8936917E+002, 3.5536754E+002, 3.8917173E+002, 3.5471683E+002, 3.5698084E+002, 3.8972010E+002, 3.5584130E+002, 3.9040743E+002, 3.5953491E+002, 3.5429543E+002, 3.8905269E+002, 3.5509120E+002, 3.8933353E+002, 3.5725833E+002, 3.5934195E+002, 3.9242671E+002, 3.5798683E+002, 3.9236852E+002, 3.5725848E+002, 3.4765648E+001, 3.4897037E+001, 3.6801943E+001, 3.7031494E+001, 3.5222990E+001, 3.5104102E+001, 3.7718103E+001, 3.6003804E+001, 3.8104124E+001, 3.6234112E+001, 3.6369370E+001, 3.8254160E+001, 3.8577523E+001, 3.6820361E+001, 3.6685872E+001, 1.9852565E+001, 2.0197040E+001, 1.9853148E+001, 2.0199203E+001, 1.9866993E+001, 1.9868029E+001, 2.0207109E+001, 1.9854182E+001, 2.0205539E+001, 1.9853634E+001, 1.9872594E+001, 2.0232131E+001, 1.9858344E+001, 2.0234377E+001, 1.9873627E+001, 1.9860026E+001, 2.0245471E+001, 1.9860624E+001, 2.0246836E+001, 1.9875677E+001, 1.9876949E+001, 2.0257056E+001, 1.9861890E+001, 2.0256558E+001, 1.9861285E+001, 9.8808840E+003, 9.8808840E+003, 9.8808840E+003
 6.2000597E+003, 4.2635357E+002, 4.2884769E+002, 4.2809539E+002, 4.2632191E+002, 4.2891408E+002, 1.9830995E+001, 1.9831592E+001, 1.9834116E+001, 1.9835513E+001, 1.9836231E+001, 3.5290725E+002, 3.8735349E+002, 3.5385299E+002, 3.8786476E+002, 3.5672160E+002, 3.5822400E+002, 3.9047209E+002, 3.5636142E+002, 3.9027513E+002, 3.5570997E+002, 3.5795549E+002, 3.9078213E+002, 3.5681180E+002, 3.9147324E+002, 3.6049898E+002, 3.5522982E+002, 3.9007818E+002, 3.5602740E+002, 3.9035710E+002, 3.5819775E+002, 3.6027727E+002, 3.9341717E+002, 3.5889473E+002, 3.9335495E+002, 3.5817288E+002, 3.5390419E+001, 3.5527398E+001, 3.7480308E+001, 3.7719606E+001, 3.5868521E+001, 3.5744556E+001, 3.8423239E+001, 3.6675601E+001, 3.8826710E+001, 3.6908781E+001, 3.7050056E+001, 3.8974663E+001, 3.9311740E+001, 3.7522525E+001, 3.7382459E+001, 1.9856637E+001, 2.0220044E+001, 1.9857265E+001, 2.0222323E+001, 1.9871888E+001, 1.9872999E+001, 2.0230695E+001, 1.9858383E+001, 2.0229056E+001, 1.9857792E+001, 1.9877842E+001, 2.0256790E+001, 1.9862824E+001, 2.0259168E+001, 1.9878957E+001, 1.9864604E+001, 2.0270638E+001, 1.9865248E+001, 2.0272073E+001, 1.9881114E+001, 1.9882484E+001, 2.0282923E+001, 1.9866622E+001, 2.0282413E+001, 1.9865971E+001, 9.8808840E+003, 9.8808840E+003, 9.8808840E+003
 6.2501915E+003, 4.2676350E+002, 4.2919953E+002, 4.2832769E+002, 4.2667696E+002, 4.2915733E+002, 1.9833553E+001, 1.9834201E+001, 1.9836908E+001, 1.9838401E+001, 1.9839185E+001, 3.5390086E+002, 3.8845721E+002, 3.5483737E+002, 3.8896390E+002, 3.5770798E+002, 3.5919850E+002, 3.9154910E+002, 3.5733801E+002, 3.9135289E+002, 3.5668301E+002, 3.5892154E+002, 3.9181281E+002, 3.5776405E+002, 3.9250762E+002, 3.6144147E+002, 3.5614981E+002, 3.9107932E+002, 3.5694821E+002, 3.9135821E+002, 3.5912188E+002, 3.6119013E+002, 3.9437802E+002, 3.5979586E+002, 3.9431922E+002, 3.5907003E+002, 3.6032873E+001, 3.6176200E+001, 3.8177441E+001, 3.8426052E+001, 3.6534475E+001, 3.6404798E+001, 3.9146772E+001, 3.7367014E+001, 3.9568064E+001, 3.7602463E+001, 3.7750008E+001, 3.9713251E+001, 4.0063944E+001, 3.8244912E+001, 3.8099308E+001, 1.9860963E+001, 2.0243972E+001, 1.9861640E+001, 2.0246371E+001, 1.9877069E+001, 1.9878260E+001, 2.0255228E+001, 1.9862846E+001, 2.0253517E+001, 1.9862210E+001, 1.9883393E+001, 2.0282415E+001, 1.9867581E+001, 2.0284928E+001, 1.9884594E+001, 1.9869462E+001, 2.0296775E+001, 1.9870156E+001, 2.0298282E+001, 1.9886861E+001, 1.9888335E+001, 2.0309785E+001, 1.9871644E+001, 2.0309265E+001, 1.9870944E+001, 9.8808840E+003, 9.8808840E+003, 9.8808840E+003
 6.3000000E+003, 4.2720993E+002, 4.2954055E+002, 4.2861404E+002, 4.2698187E+002, 4.2960669E+002, 1.9836275E+001, 1.9836979E+001, 1.9839879E+001, 1.9841472E+001, 1.9842326E+001, 3.5488068E+002, 3.8953122E+002, 3.5580130E+002, 3.9003717E+002, 3.5867978E+002, 3.6015554E+002, 3.9259718E+002, 3.5829335E+002, 3.9240218E+002, 3.5763764E+002, 3.5986827E+002, 3.9281075E+002, 3.5868951E+002, 3.9351173E+002, 3.6235724E+002, 3.5705356E+002, 3.9205550E+002, 3.5785121E+002, 3.9233426E+002, 3.6002853E+002, 3.6207991E+002, 3.9531423E+002, 3.6067923E+002, 3.9526081E+002, 3.5994898E+002, 3.6694138E+001, 3.6843984E+001, 3.8890847E+001, 3.9149235E+001, 3.7218830E+001, 3.7083834E+001, 3.9886215E+001, 3.8076723E+001, 4.0325883E+001, 3.8313792E+001, 3.8467283E+001, 4.0468291E+001, 4.0833046E+001, 3.8984183E+001, 3.8832935E+001, 1.9865543E+001, 2.0268779E+001, 1.9866271E+001, 2.0271301E+001, 1.9882533E+001, 1.9883807E+001, 2.0280660E+001, 1.9867572E+001, 2.0278876E+001, 1.9866888E+001, 1.9889241E+001, 2.0308953E+001, 1.9872614E+001, 2.0311608E+001, 1.9890535E+001, 1.9874599E+001, 2.0323830E+001, 1.9875345E+001, 2.0325410E+001, 1.9892914E+001, 1.9894498E+001, 2.0337590E+001, 1.9876956E+001, 2.0337060E+001, 1.9876204E+001, 9.8808840E+003, 9.8808840E+003, 9.8808840E+003
