ID, IOR, face center x(m), face center y(m), face center z(m)
PROFILE 2,  -1, -0.138777878E-16,  0.105000000E+00, -0.500000000E-02
Time(s), Npoints, Npoints x Depth (m), Npoints x PROFILE 2
 0.0000000E+000,89, 0.0000000E+000, 5.0000000E-003, 1.0000000E-002, 1.5000000E-002, 2.0000000E-002, 2.5000000E-002, 3.0000000E-002, 3.5000000E-002, 4.0000000E-002, 4.5000000E-002, 5.0000000E-002, 5.5000000E-002, 6.0000000E-002, 6.5000000E-002, 7.0000000E-002, 7.5000000E-002, 8.0000000E-002, 8.5000000E-002, 9.0000000E-002, 9.5000000E-002, 1.0000000E-001, 1.0500000E-001, 1.1000000E-001, 1.1500000E-001, 1.2000000E-001, 1.2500000E-001, 1.3000000E-001, 1.3500000E-001, 1.4000000E-001, 1.4500000E-001, 1.5000000E-001, 1.5500000E-001, 1.6000000E-001, 1.6500000E-001, 1.7000000E-001, 1.7500000E-001, 1.8000000E-001, 1.8500000E-001, 1.9000000E-001, 1.9500000E-001, 2.0000000E-001, 2.0500000E-001, 2.1000000E-001, 2.1500000E-001, 2.2000000E-001, 2.2500000E-001, 2.3000000E-001, 2.3500000E-001, 2.4000000E-001, 2.4500000E-001, 2.5000000E-001, 2.5500000E-001, 2.6000000E-001, 2.6500000E-001, 2.7000000E-001, 2.7500000E-001, 2.8000000E-001, 2.8500000E-001, 2.9000000E-001, 2.9500000E-001, 3.0000000E-001, 3.0500000E-001, 3.1000000E-001, 3.1500000E-001, 3.2000000E-001, 3.2500000E-001, 3.3000000E-001, 3.3500000E-001, 3.4000000E-001, 3.4500000E-001, 3.5000000E-001, 3.5500000E-001, 3.6000000E-001, 3.6500000E-001, 3.7000000E-001, 3.7500000E-001, 3.8000000E-001, 3.8500000E-001, 3.9000000E-001, 3.9500000E-001, 4.0000000E-001, 4.0500000E-001, 4.1000000E-001, 4.1500000E-001, 4.2000000E-001, 4.2500000E-001, 4.3000000E-001, 4.3500000E-001, 4.4000000E-001, 1.9800000E+001, 1.9800000E+001, 1.9800000E+001, 1.9800000E+001, 1.9800000E+001, 1.9800000E+001, 1.9800000E+001, 1.9800000E+001, 1.9800000E+001, 1.9800000E+001, 1.9800000E+001, 1.9800000E+001, 1.9800000E+001, 1.9800000E+001, 1.9800000E+001, 1.9800000E+001, 1.9800000E+001, 1.9800000E+001, 1.9800000E+001, 1.9800000E+001, 1.9800000E+001, 1.9800000E+001, 1.9800000E+001, 1.9800000E+001, 1.9800000E+001, 1.9800000E+001, 1.9800000E+001, 1.9800000E+001, 1.9800000E+001, 1.9800000E+001, 1.9800000E+001, 1.9800000E+001, 1.9800000E+001, 1.9800000E+001, 1.9800000E+001, 1.9800000E+001, 1.9800000E+001, 1.9800000E+001, 1.9800000E+001, 1.9800000E+001, 1.9800000E+001, 1.9800000E+001, 1.9800000E+001, 1.9800000E+001, 1.9800000E+001, 1.9800000E+001, 1.9800000E+001, 1.9800000E+001, 1.9800000E+001, 1.9800000E+001, 1.9800000E+001, 1.9800000E+001, 1.9800000E+001, 1.9800000E+001, 1.9800000E+001, 1.9800000E+001, 1.9800000E+001, 1.9800000E+001, 1.9800000E+001, 1.9800000E+001, 1.9800000E+001, 1.9800000E+001, 1.9800000E+001, 1.9800000E+001, 1.9800000E+001, 1.9800000E+001, 1.9800000E+001, 1.9800000E+001, 1.9800000E+001, 1.9800000E+001, 1.9800000E+001, 1.9800000E+001, 1.9800000E+001, 1.9800000E+001, 1.9800000E+001, 1.9800000E+001, 1.9800000E+001, 1.9800000E+001, 1.9800000E+001, 1.9800000E+001, 1.9800000E+001, 1.9800000E+001, 1.9800000E+001, 1.9800000E+001, 1.9800000E+001, 1.9800000E+001, 1.9800000E+001, 1.9800000E+001, 1.9800000E+001
 1.0074087E+002,89, 0.0000000E+000, 5.0000000E-003, 1.0000000E-002, 1.5000000E-002, 2.0000000E-002, 2.5000000E-002, 3.0000000E-002, 3.5000000E-002, 4.0000000E-002, 4.5000000E-002, 5.0000000E-002, 5.5000000E-002, 6.0000000E-002, 6.5000000E-002, 7.0000000E-002, 7.5000000E-002, 8.0000000E-002, 8.5000000E-002, 9.0000000E-002, 9.5000000E-002, 1.0000000E-001, 1.0500000E-001, 1.1000000E-001, 1.1500000E-001, 1.2000000E-001, 1.2500000E-001, 1.3000000E-001, 1.3500000E-001, 1.4000000E-001, 1.4500000E-001, 1.5000000E-001, 1.5500000E-001, 1.6000000E-001, 1.6500000E-001, 1.7000000E-001, 1.7500000E-001, 1.8000000E-001, 1.8500000E-001, 1.9000000E-001, 1.9500000E-001, 2.0000000E-001, 2.0500000E-001, 2.1000000E-001, 2.1500000E-001, 2.2000000E-001, 2.2500000E-001, 2.3000000E-001, 2.3500000E-001, 2.4000000E-001, 2.4500000E-001, 2.5000000E-001, 2.5500000E-001, 2.6000000E-001, 2.6500000E-001, 2.7000000E-001, 2.7500000E-001, 2.8000000E-001, 2.8500000E-001, 2.9000000E-001, 2.9500000E-001, 3.0000000E-001, 3.0500000E-001, 3.1000000E-001, 3.1500000E-001, 3.2000000E-001, 3.2500000E-001, 3.3000000E-001, 3.3500000E-001, 3.4000000E-001, 3.4500000E-001, 3.5000000E-001, 3.5500000E-001, 3.6000000E-001, 3.6500000E-001, 3.7000000E-001, 3.7500000E-001, 3.8000000E-001, 3.8500000E-001, 3.9000000E-001, 3.9500000E-001, 4.0000000E-001, 4.0500000E-001, 4.1000000E-001, 4.1500000E-001, 4.2000000E-001, 4.2500000E-001, 4.3000000E-001, 4.3500000E-001, 4.4000000E-001, 2.0580442E+001, 1.9926876E+001, 1.9817445E+001, 1.9802021E+001, 1.9800203E+001, 1.9800017E+001, 1.9800001E+001, 1.9800000E+001, 1.9800000E+001, 1.9800000E+001, 1.9800000E+001, 1.9800000E+001, 1.9800000E+001, 1.9800000E+001, 1.9800000E+001, 1.9800000E+001, 1.9800000E+001, 1.9800000E+001, 1.9800000E+001, 1.9800000E+001, 1.9800000E+001, 1.9800000E+001, 1.9800000E+001, 1.9800000E+001, 1.9800000E+001, 1.9800000E+001, 1.9800000E+001, 1.9800000E+001, 1.9800000E+001, 1.9800000E+001, 1.9800000E+001, 1.9800000E+001, 1.9800000E+001, 1.9800000E+001, 1.9800000E+001, 1.9800000E+001, 1.9800000E+001, 1.9800000E+001, 1.9800000E+001, 1.9800000E+001, 1.9800000E+001, 1.9800000E+001, 1.9800000E+001, 1.9800000E+001, 1.9800000E+001, 1.9800000E+001, 1.9800000E+001, 1.9800000E+001, 1.9800000E+001, 1.9800000E+001, 1.9800000E+001, 1.9800000E+001, 1.9800000E+001, 1.9800000E+001, 1.9800000E+001, 1.9800000E+001, 1.9800000E+001, 1.9800000E+001, 1.9800000E+001, 1.9800000E+001, 1.9800000E+001, 1.9800000E+001, 1.9800000E+001, 1.9800000E+001, 1.9800000E+001, 1.9800000E+001, 1.9800000E+001, 1.9800000E+001, 1.9800000E+001, 1.9800000E+001, 1.9800000E+001, 1.9800000E+001, 1.9800000E+001, 1.9800000E+001, 1.9800000E+001, 1.9800000E+001, 1.9800000E+001, 1.9800000E+001, 1.9800000E+001, 1.9800000E+001, 1.9800000E+001, 1.9800000E+001, 1.9800000E+001, 1.9800000E+001, 1.9800000E+001, 1.9800000E+001, 1.9800000E+001, 1.9799999E+001, 1.9799998E+001
 2.0033096E+002,89, 0.0000000E+000, 5.0000000E-003, 1.0000000E-002, 1.5000000E-002, 2.0000000E-002, 2.5000000E-002, 3.0000000E-002, 3.5000000E-002, 4.0000000E-002, 4.5000000E-002, 5.0000000E-002, 5.5000000E-002, 6.0000000E-002, 6.5000000E-002, 7.0000000E-002, 7.5000000E-002, 8.0000000E-002, 8.5000000E-002, 9.0000000E-002, 9.5000000E-002, 1.0000000E-001, 1.0500000E-001, 1.1000000E-001, 1.1500000E-001, 1.2000000E-001, 1.2500000E-001, 1.3000000E-001, 1.3500000E-001, 1.4000000E-001, 1.4500000E-001, 1.5000000E-001, 1.5500000E-001, 1.6000000E-001, 1.6500000E-001, 1.7000000E-001, 1.7500000E-001, 1.8000000E-001, 1.8500000E-001, 1.9000000E-001, 1.9500000E-001, 2.0000000E-001, 2.0500000E-001, 2.1000000E-001, 2.1500000E-001, 2.2000000E-001, 2.2500000E-001, 2.3000000E-001, 2.3500000E-001, 2.4000000E-001, 2.4500000E-001, 2.5000000E-001, 2.5500000E-001, 2.6000000E-001, 2.6500000E-001, 2.7000000E-001, 2.7500000E-001, 2.8000000E-001, 2.8500000E-001, 2.9000000E-001, 2.9500000E-001, 3.0000000E-001, 3.0500000E-001, 3.1000000E-001, 3.1500000E-001, 3.2000000E-001, 3.2500000E-001, 3.3000000E-001, 3.3500000E-001, 3.4000000E-001, 3.4500000E-001, 3.5000000E-001, 3.5500000E-001, 3.6000000E-001, 3.6500000E-001, 3.7000000E-001, 3.7500000E-001, 3.8000000E-001, 3.8500000E-001, 3.9000000E-001, 3.9500000E-001, 4.0000000E-001, 4.0500000E-001, 4.1000000E-001, 4.1500000E-001, 4.2000000E-001, 4.2500000E-001, 4.3000000E-001, 4.3500000E-001, 4.4000000E-001, 2.2592548E+001, 2.0581042E+001, 1.9988615E+001, 1.9839378E+001, 1.9807235E+001, 1.9801180E+001, 1.9800174E+001, 1.9800023E+001, 1.9800004E+001, 1.9800001E+001, 1.9800000E+001, 1.9800000E+001, 1.9800000E+001, 1.9800000E+001, 1.9800000E+001, 1.9800000E+001, 1.9800000E+001, 1.9800000E+001, 1.9800000E+001, 1.9800000E+001, 1.9800000E+001, 1.9800000E+001, 1.9800000E+001, 1.9800000E+001, 1.9800000E+001, 1.9800000E+001, 1.9800000E+001, 1.9800000E+001, 1.9800000E+001, 1.9800000E+001, 1.9800000E+001, 1.9800000E+001, 1.9800000E+001, 1.9800000E+001, 1.9800000E+001, 1.9800000E+001, 1.9800000E+001, 1.9800000E+001, 1.9800000E+001, 1.9800000E+001, 1.9800000E+001, 1.9800000E+001, 1.9800000E+001, 1.9800000E+001, 1.9800000E+001, 1.9800000E+001, 1.9800000E+001, 1.9800000E+001, 1.9800000E+001, 1.9800000E+001, 1.9800000E+001, 1.9800000E+001, 1.9800000E+001, 1.9800000E+001, 1.9800000E+001, 1.9800000E+001, 1.9800000E+001, 1.9800000E+001, 1.9800000E+001, 1.9800000E+001, 1.9800000E+001, 1.9800000E+001, 1.9800000E+001, 1.9800000E+001, 1.9800000E+001, 1.9800000E+001, 1.9800000E+001, 1.9800000E+001, 1.9800000E+001, 1.9800000E+001, 1.9800000E+001, 1.9800000E+001, 1.9800000E+001, 1.9800000E+001, 1.9800000E+001, 1.9800000E+001, 1.9800000E+001, 1.9800000E+001, 1.9800000E+001, 1.9800000E+001, 1.9800000E+001, 1.9800000E+001, 1.9800000E+001, 1.9800000E+001, 1.9800000E+001, 1.9800000E+001, 1.9799999E+001, 1.9799999E+001, 1.9799999E+001
 3.0015021E+002,89, 0.0000000E+000, 5.0000000E-003, 1.0000000E-002, 1.5000000E-002, 2.0000000E-002, 2.5000000E-002, 3.0000000E-002, 3.5000000E-002, 4.0000000E-002, 4.5000000E-002, 5.0000000E-002, 5.5000000E-002, 6.0000000E-002, 6.5000000E-002, 7.0000000E-002, 7.5000000E-002, 8.0000000E-002, 8.5000000E-002, 9.0000000E-002, 9.5000000E-002, 1.0000000E-001, 1.0500000E-001, 1.1000000E-001, 1.1500000E-001, 1.2000000E-001, 1.2500000E-001, 1.3000000E-001, 1.3500000E-001, 1.4000000E-001, 1.4500000E-001, 1.5000000E-001, 1.5500000E-001, 1.6000000E-001, 1.6500000E-001, 1.7000000E-001, 1.7500000E-001, 1.8000000E-001, 1.8500000E-001, 1.9000000E-001, 1.9500000E-001, 2.0000000E-001, 2.0500000E-001, 2.1000000E-001, 2.1500000E-001, 2.2000000E-001, 2.2500000E-001, 2.3000000E-001, 2.3500000E-001, 2.4000000E-001, 2.4500000E-001, 2.5000000E-001, 2.5500000E-001, 2.6000000E-001, 2.6500000E-001, 2.7000000E-001, 2.7500000E-001, 2.8000000E-001, 2.8500000E-001, 2.9000000E-001, 2.9500000E-001, 3.0000000E-001, 3.0500000E-001, 3.1000000E-001, 3.1500000E-001, 3.2000000E-001, 3.2500000E-001, 3.3000000E-001, 3.3500000E-001, 3.4000000E-001, 3.4500000E-001, 3.5000000E-001, 3.5500000E-001, 3.6000000E-001, 3.6500000E-001, 3.7000000E-001, 3.7500000E-001, 3.8000000E-001, 3.8500000E-001, 3.9000000E-001, 3.9500000E-001, 4.0000000E-001, 4.0500000E-001, 4.1000000E-001, 4.1500000E-001, 4.2000000E-001, 4.2500000E-001, 4.3000000E-001, 4.3500000E-001, 4.4000000E-001, 2.5626644E+001, 2.1856428E+001, 2.0446717E+001, 1.9982299E+001, 1.9846308E+001, 1.9810639E+001, 1.9802228E+001, 1.9800435E+001, 1.9800108E+001, 1.9800048E+001, 1.9800017E+001, 1.9800006E+001, 1.9800002E+001, 1.9800001E+001, 1.9800000E+001, 1.9800000E+001, 1.9800000E+001, 1.9800000E+001, 1.9800000E+001, 1.9800000E+001, 1.9800000E+001, 1.9800000E+001, 1.9800000E+001, 1.9800000E+001, 1.9800000E+001, 1.9800000E+001, 1.9800000E+001, 1.9800000E+001, 1.9800000E+001, 1.9800000E+001, 1.9800000E+001, 1.9800000E+001, 1.9800000E+001, 1.9800000E+001, 1.9800000E+001, 1.9800000E+001, 1.9800000E+001, 1.9800000E+001, 1.9800000E+001, 1.9800000E+001, 1.9800000E+001, 1.9800000E+001, 1.9800000E+001, 1.9800000E+001, 1.9800000E+001, 1.9800000E+001, 1.9800000E+001, 1.9800000E+001, 1.9800000E+001, 1.9800000E+001, 1.9800000E+001, 1.9800000E+001, 1.9800000E+001, 1.9800000E+001, 1.9800000E+001, 1.9800000E+001, 1.9800000E+001, 1.9800000E+001, 1.9800000E+001, 1.9800000E+001, 1.9800000E+001, 1.9800000E+001, 1.9800000E+001, 1.9800000E+001, 1.9800000E+001, 1.9800000E+001, 1.9800000E+001, 1.9800000E+001, 1.9800000E+001, 1.9800000E+001, 1.9800000E+001, 1.9800000E+001, 1.9800000E+001, 1.9800000E+001, 1.9800000E+001, 1.9800000E+001, 1.9800000E+001, 1.9800000E+001, 1.9800000E+001, 1.9800000E+001, 1.9800000E+001, 1.9800000E+001, 1.9800000E+001, 1.9800000E+001, 1.9800000E+001, 1.9800000E+001, 1.9800000E+001, 1.9800000E+001, 1.9800000E+001
 4.0017126E+002,89, 0.0000000E+000, 5.0000000E-003, 1.0000000E-002, 1.5000000E-002, 2.0000000E-002, 2.5000000E-002, 3.0000000E-002, 3.5000000E-002, 4.0000000E-002, 4.5000000E-002, 5.0000000E-002, 5.5000000E-002, 6.0000000E-002, 6.5000000E-002, 7.0000000E-002, 7.5000000E-002, 8.0000000E-002, 8.5000000E-002, 9.0000000E-002, 9.5000000E-002, 1.0000000E-001, 1.0500000E-001, 1.1000000E-001, 1.1500000E-001, 1.2000000E-001, 1.2500000E-001, 1.3000000E-001, 1.3500000E-001, 1.4000000E-001, 1.4500000E-001, 1.5000000E-001, 1.5500000E-001, 1.6000000E-001, 1.6500000E-001, 1.7000000E-001, 1.7500000E-001, 1.8000000E-001, 1.8500000E-001, 1.9000000E-001, 1.9500000E-001, 2.0000000E-001, 2.0500000E-001, 2.1000000E-001, 2.1500000E-001, 2.2000000E-001, 2.2500000E-001, 2.3000000E-001, 2.3500000E-001, 2.4000000E-001, 2.4500000E-001, 2.5000000E-001, 2.5500000E-001, 2.6000000E-001, 2.6500000E-001, 2.7000000E-001, 2.7500000E-001, 2.8000000E-001, 2.8500000E-001, 2.9000000E-001, 2.9500000E-001, 3.0000000E-001, 3.0500000E-001, 3.1000000E-001, 3.1500000E-001, 3.2000000E-001, 3.2500000E-001, 3.3000000E-001, 3.3500000E-001, 3.4000000E-001, 3.4500000E-001, 3.5000000E-001, 3.5500000E-001, 3.6000000E-001, 3.6500000E-001, 3.7000000E-001, 3.7500000E-001, 3.8000000E-001, 3.8500000E-001, 3.9000000E-001, 3.9500000E-001, 4.0000000E-001, 4.0500000E-001, 4.1000000E-001, 4.1500000E-001, 4.2000000E-001, 4.2500000E-001, 4.3000000E-001, 4.3500000E-001, 4.4000000E-001, 3.3251112E+001, 2.4446727E+001, 2.1376705E+001, 2.0313510E+001, 1.9957051E+001, 1.9844564E+001, 1.9811718E+001, 1.9802944E+001, 1.9800955E+001, 1.9800484E+001, 1.9800201E+001, 1.9800081E+001, 1.9800032E+001, 1.9800012E+001, 1.9800005E+001, 1.9800002E+001, 1.9800001E+001, 1.9800000E+001, 1.9800000E+001, 1.9800000E+001, 1.9800000E+001, 1.9800000E+001, 1.9800000E+001, 1.9800000E+001, 1.9800000E+001, 1.9800000E+001, 1.9800000E+001, 1.9800000E+001, 1.9800000E+001, 1.9800000E+001, 1.9800000E+001, 1.9800000E+001, 1.9800000E+001, 1.9800000E+001, 1.9800000E+001, 1.9800000E+001, 1.9800000E+001, 1.9800000E+001, 1.9800000E+001, 1.9800000E+001, 1.9800000E+001, 1.9800000E+001, 1.9800000E+001, 1.9800000E+001, 1.9800000E+001, 1.9800000E+001, 1.9800000E+001, 1.9800000E+001, 1.9800000E+001, 1.9800000E+001, 1.9800000E+001, 1.9800000E+001, 1.9800000E+001, 1.9800000E+001, 1.9800000E+001, 1.9800000E+001, 1.9800000E+001, 1.9800000E+001, 1.9800000E+001, 1.9800000E+001, 1.9800000E+001, 1.9800000E+001, 1.9800000E+001, 1.9800000E+001, 1.9800000E+001, 1.9800000E+001, 1.9800000E+001, 1.9800000E+001, 1.9800000E+001, 1.9800000E+001, 1.9800000E+001, 1.9800000E+001, 1.9800000E+001, 1.9800000E+001, 1.9800000E+001, 1.9800000E+001, 1.9800000E+001, 1.9800000E+001, 1.9800000E+001, 1.9800000E+001, 1.9800000E+001, 1.9800000E+001, 1.9800000E+001, 1.9800000E+001, 1.9800000E+001, 1.9800000E+001, 1.9800000E+001, 1.9800000E+001, 1.9800000E+001
 5.0025638E+002,89, 0.0000000E+000, 5.0000000E-003, 1.0000000E-002, 1.5000000E-002, 2.0000000E-002, 2.5000000E-002, 3.0000000E-002, 3.5000000E-002, 4.0000000E-002, 4.5000000E-002, 5.0000000E-002, 5.5000000E-002, 6.0000000E-002, 6.5000000E-002, 7.0000000E-002, 7.5000000E-002, 8.0000000E-002, 8.5000000E-002, 9.0000000E-002, 9.5000000E-002, 1.0000000E-001, 1.0500000E-001, 1.1000000E-001, 1.1500000E-001, 1.2000000E-001, 1.2500000E-001, 1.3000000E-001, 1.3500000E-001, 1.4000000E-001, 1.4500000E-001, 1.5000000E-001, 1.5500000E-001, 1.6000000E-001, 1.6500000E-001, 1.7000000E-001, 1.7500000E-001, 1.8000000E-001, 1.8500000E-001, 1.9000000E-001, 1.9500000E-001, 2.0000000E-001, 2.0500000E-001, 2.1000000E-001, 2.1500000E-001, 2.2000000E-001, 2.2500000E-001, 2.3000000E-001, 2.3500000E-001, 2.4000000E-001, 2.4500000E-001, 2.5000000E-001, 2.5500000E-001, 2.6000000E-001, 2.6500000E-001, 2.7000000E-001, 2.7500000E-001, 2.8000000E-001, 2.8500000E-001, 2.9000000E-001, 2.9500000E-001, 3.0000000E-001, 3.0500000E-001, 3.1000000E-001, 3.1500000E-001, 3.2000000E-001, 3.2500000E-001, 3.3000000E-001, 3.3500000E-001, 3.4000000E-001, 3.4500000E-001, 3.5000000E-001, 3.5500000E-001, 3.6000000E-001, 3.6500000E-001, 3.7000000E-001, 3.7500000E-001, 3.8000000E-001, 3.8500000E-001, 3.9000000E-001, 3.9500000E-001, 4.0000000E-001, 4.0500000E-001, 4.1000000E-001, 4.1500000E-001, 4.2000000E-001, 4.2500000E-001, 4.3000000E-001, 4.3500000E-001, 4.4000000E-001, 4.6560358E+001, 2.9785304E+001, 2.3367844E+001, 2.1033635E+001, 2.0210143E+001, 1.9930341E+001, 1.9839419E+001, 1.9811747E+001, 1.9804566E+001, 1.9802522E+001, 1.9801174E+001, 1.9800534E+001, 1.9800237E+001, 1.9800103E+001, 1.9800044E+001, 1.9800018E+001, 1.9800007E+001, 1.9800003E+001, 1.9800001E+001, 1.9800000E+001, 1.9800000E+001, 1.9800000E+001, 1.9800000E+001, 1.9800000E+001, 1.9800000E+001, 1.9800000E+001, 1.9800000E+001, 1.9800000E+001, 1.9800000E+001, 1.9800000E+001, 1.9800000E+001, 1.9800000E+001, 1.9800000E+001, 1.9800000E+001, 1.9800000E+001, 1.9800000E+001, 1.9800000E+001, 1.9800000E+001, 1.9800000E+001, 1.9800000E+001, 1.9800000E+001, 1.9800000E+001, 1.9800000E+001, 1.9800000E+001, 1.9800000E+001, 1.9800000E+001, 1.9800000E+001, 1.9800000E+001, 1.9800000E+001, 1.9800000E+001, 1.9800000E+001, 1.9800000E+001, 1.9800000E+001, 1.9800000E+001, 1.9800000E+001, 1.9800000E+001, 1.9800000E+001, 1.9800000E+001, 1.9800000E+001, 1.9800000E+001, 1.9800000E+001, 1.9800000E+001, 1.9800000E+001, 1.9800000E+001, 1.9800000E+001, 1.9800000E+001, 1.9800000E+001, 1.9800000E+001, 1.9800000E+001, 1.9800000E+001, 1.9800000E+001, 1.9800000E+001, 1.9800000E+001, 1.9800000E+001, 1.9800000E+001, 1.9800000E+001, 1.9800000E+001, 1.9800000E+001, 1.9800000E+001, 1.9800000E+001, 1.9800000E+001, 1.9800000E+001, 1.9800000E+001, 1.9800000E+001, 1.9800000E+001, 1.9800000E+001, 1.9800000E+001, 1.9800000E+001, 1.9800000E+001
 6.0000891E+002,89, 0.0000000E+000, 5.0000000E-003, 1.0000000E-002, 1.5000000E-002, 2.0000000E-002, 2.5000000E-002, 3.0000000E-002, 3.5000000E-002, 4.0000000E-002, 4.5000000E-002, 5.0000000E-002, 5.5000000E-002, 6.0000000E-002, 6.5000000E-002, 7.0000000E-002, 7.5000000E-002, 8.0000000E-002, 8.5000000E-002, 9.0000000E-002, 9.5000000E-002, 1.0000000E-001, 1.0500000E-001, 1.1000000E-001, 1.1500000E-001, 1.2000000E-001, 1.2500000E-001, 1.3000000E-001, 1.3500000E-001, 1.4000000E-001, 1.4500000E-001, 1.5000000E-001, 1.5500000E-001, 1.6000000E-001, 1.6500000E-001, 1.7000000E-001, 1.7500000E-001, 1.8000000E-001, 1.8500000E-001, 1.9000000E-001, 1.9500000E-001, 2.0000000E-001, 2.0500000E-001, 2.1000000E-001, 2.1500000E-001, 2.2000000E-001, 2.2500000E-001, 2.3000000E-001, 2.3500000E-001, 2.4000000E-001, 2.4500000E-001, 2.5000000E-001, 2.5500000E-001, 2.6000000E-001, 2.6500000E-001, 2.7000000E-001, 2.7500000E-001, 2.8000000E-001, 2.8500000E-001, 2.9000000E-001, 2.9500000E-001, 3.0000000E-001, 3.0500000E-001, 3.1000000E-001, 3.1500000E-001, 3.2000000E-001, 3.2500000E-001, 3.3000000E-001, 3.3500000E-001, 3.4000000E-001, 3.4500000E-001, 3.5000000E-001, 3.5500000E-001, 3.6000000E-001, 3.6500000E-001, 3.7000000E-001, 3.7500000E-001, 3.8000000E-001, 3.8500000E-001, 3.9000000E-001, 3.9500000E-001, 4.0000000E-001, 4.0500000E-001, 4.1000000E-001, 4.1500000E-001, 4.2000000E-001, 4.2500000E-001, 4.3000000E-001, 4.3500000E-001, 4.4000000E-001, 6.4861792E+001, 3.8089789E+001, 2.6879222E+001, 2.2433911E+001, 2.0739258E+001, 2.0121416E+001, 1.9906015E+001, 1.9835301E+001, 1.9815421E+001, 1.9809029E+001, 1.9804541E+001, 1.9802242E+001, 1.9801087E+001, 1.9800517E+001, 1.9800241E+001, 1.9800110E+001, 1.9800050E+001, 1.9800022E+001, 1.9800009E+001, 1.9800004E+001, 1.9800002E+001, 1.9800001E+001, 1.9800000E+001, 1.9800000E+001, 1.9800000E+001, 1.9800000E+001, 1.9800000E+001, 1.9800000E+001, 1.9800000E+001, 1.9800000E+001, 1.9800000E+001, 1.9800000E+001, 1.9800000E+001, 1.9800000E+001, 1.9800000E+001, 1.9800000E+001, 1.9800000E+001, 1.9800000E+001, 1.9800000E+001, 1.9800000E+001, 1.9800000E+001, 1.9800000E+001, 1.9800000E+001, 1.9800000E+001, 1.9800000E+001, 1.9800000E+001, 1.9800000E+001, 1.9800000E+001, 1.9800000E+001, 1.9800000E+001, 1.9800000E+001, 1.9800000E+001, 1.9800000E+001, 1.9800000E+001, 1.9800000E+001, 1.9800000E+001, 1.9800000E+001, 1.9800000E+001, 1.9800000E+001, 1.9800000E+001, 1.9800000E+001, 1.9800000E+001, 1.9800000E+001, 1.9800000E+001, 1.9800000E+001, 1.9800000E+001, 1.9800000E+001, 1.9800000E+001, 1.9800000E+001, 1.9800000E+001, 1.9800000E+001, 1.9800000E+001, 1.9800000E+001, 1.9800000E+001, 1.9800000E+001, 1.9800000E+001, 1.9800000E+001, 1.9800000E+001, 1.9800000E+001, 1.9800000E+001, 1.9800000E+001, 1.9800000E+001, 1.9800000E+001, 1.9800000E+001, 1.9800000E+001, 1.9800000E+001, 1.9800000E+001, 1.9800000E+001, 1.9800000E+001
 7.0021252E+002,89, 0.0000000E+000, 5.0000000E-003, 1.0000000E-002, 1.5000000E-002, 2.0000000E-002, 2.5000000E-002, 3.0000000E-002, 3.5000000E-002, 4.0000000E-002, 4.5000000E-002, 5.0000000E-002, 5.5000000E-002, 6.0000000E-002, 6.5000000E-002, 7.0000000E-002, 7.5000000E-002, 8.0000000E-002, 8.5000000E-002, 9.0000000E-002, 9.5000000E-002, 1.0000000E-001, 1.0500000E-001, 1.1000000E-001, 1.1500000E-001, 1.2000000E-001, 1.2500000E-001, 1.3000000E-001, 1.3500000E-001, 1.4000000E-001, 1.4500000E-001, 1.5000000E-001, 1.5500000E-001, 1.6000000E-001, 1.6500000E-001, 1.7000000E-001, 1.7500000E-001, 1.8000000E-001, 1.8500000E-001, 1.9000000E-001, 1.9500000E-001, 2.0000000E-001, 2.0500000E-001, 2.1000000E-001, 2.1500000E-001, 2.2000000E-001, 2.2500000E-001, 2.3000000E-001, 2.3500000E-001, 2.4000000E-001, 2.4500000E-001, 2.5000000E-001, 2.5500000E-001, 2.6000000E-001, 2.6500000E-001, 2.7000000E-001, 2.7500000E-001, 2.8000000E-001, 2.8500000E-001, 2.9000000E-001, 2.9500000E-001, 3.0000000E-001, 3.0500000E-001, 3.1000000E-001, 3.1500000E-001, 3.2000000E-001, 3.2500000E-001, 3.3000000E-001, 3.3500000E-001, 3.4000000E-001, 3.4500000E-001, 3.5000000E-001, 3.5500000E-001, 3.6000000E-001, 3.6500000E-001, 3.7000000E-001, 3.7500000E-001, 3.8000000E-001, 3.8500000E-001, 3.9000000E-001, 3.9500000E-001, 4.0000000E-001, 4.0500000E-001, 4.1000000E-001, 4.1500000E-001, 4.2000000E-001, 4.2500000E-001, 4.3000000E-001, 4.3500000E-001, 4.4000000E-001, 8.7998675E+001, 4.9987848E+001, 3.2365881E+001, 2.4800539E+001, 2.1714706E+001, 2.0502616E+001, 2.0049092E+001, 1.9890200E+001, 1.9842731E+001, 1.9826058E+001, 1.9813834E+001, 1.9807240E+001, 1.9803733E+001, 1.9801895E+001, 1.9800947E+001, 1.9800466E+001, 1.9800225E+001, 1.9800107E+001, 1.9800050E+001, 1.9800023E+001, 1.9800010E+001, 1.9800005E+001, 1.9800002E+001, 1.9800001E+001, 1.9800000E+001, 1.9800000E+001, 1.9800000E+001, 1.9800000E+001, 1.9800000E+001, 1.9800000E+001, 1.9800000E+001, 1.9800000E+001, 1.9800000E+001, 1.9800000E+001, 1.9800000E+001, 1.9800000E+001, 1.9800000E+001, 1.9800000E+001, 1.9800000E+001, 1.9800000E+001, 1.9800000E+001, 1.9800000E+001, 1.9800000E+001, 1.9800000E+001, 1.9800000E+001, 1.9800000E+001, 1.9800000E+001, 1.9800000E+001, 1.9800000E+001, 1.9800000E+001, 1.9800000E+001, 1.9800000E+001, 1.9800000E+001, 1.9800000E+001, 1.9800000E+001, 1.9800000E+001, 1.9800000E+001, 1.9800000E+001, 1.9800000E+001, 1.9800000E+001, 1.9800000E+001, 1.9800000E+001, 1.9800000E+001, 1.9800000E+001, 1.9800000E+001, 1.9800000E+001, 1.9800000E+001, 1.9800000E+001, 1.9800000E+001, 1.9800000E+001, 1.9800000E+001, 1.9800000E+001, 1.9800000E+001, 1.9800000E+001, 1.9800000E+001, 1.9800000E+001, 1.9800000E+001, 1.9800000E+001, 1.9800000E+001, 1.9800000E+001, 1.9800000E+001, 1.9800000E+001, 1.9800000E+001, 1.9800000E+001, 1.9800000E+001, 1.9800000E+001, 1.9800000E+001, 1.9800000E+001, 1.9800000E+001
 8.0009198E+002,89, 0.0000000E+000, 5.0000000E-003, 1.0000000E-002, 1.5000000E-002, 2.0000000E-002, 2.5000000E-002, 3.0000000E-002, 3.5000000E-002, 4.0000000E-002, 4.5000000E-002, 5.0000000E-002, 5.5000000E-002, 6.0000000E-002, 6.5000000E-002, 7.0000000E-002, 7.5000000E-002, 8.0000000E-002, 8.5000000E-002, 9.0000000E-002, 9.5000000E-002, 1.0000000E-001, 1.0500000E-001, 1.1000000E-001, 1.1500000E-001, 1.2000000E-001, 1.2500000E-001, 1.3000000E-001, 1.3500000E-001, 1.4000000E-001, 1.4500000E-001, 1.5000000E-001, 1.5500000E-001, 1.6000000E-001, 1.6500000E-001, 1.7000000E-001, 1.7500000E-001, 1.8000000E-001, 1.8500000E-001, 1.9000000E-001, 1.9500000E-001, 2.0000000E-001, 2.0500000E-001, 2.1000000E-001, 2.1500000E-001, 2.2000000E-001, 2.2500000E-001, 2.3000000E-001, 2.3500000E-001, 2.4000000E-001, 2.4500000E-001, 2.5000000E-001, 2.5500000E-001, 2.6000000E-001, 2.6500000E-001, 2.7000000E-001, 2.7500000E-001, 2.8000000E-001, 2.8500000E-001, 2.9000000E-001, 2.9500000E-001, 3.0000000E-001, 3.0500000E-001, 3.1000000E-001, 3.1500000E-001, 3.2000000E-001, 3.2500000E-001, 3.3000000E-001, 3.3500000E-001, 3.4000000E-001, 3.4500000E-001, 3.5000000E-001, 3.5500000E-001, 3.6000000E-001, 3.6500000E-001, 3.7000000E-001, 3.7500000E-001, 3.8000000E-001, 3.8500000E-001, 3.9000000E-001, 3.9500000E-001, 4.0000000E-001, 4.0500000E-001, 4.1000000E-001, 4.1500000E-001, 4.2000000E-001, 4.2500000E-001, 4.3000000E-001, 4.3500000E-001, 4.4000000E-001, 1.1508590E+002, 6.5829544E+001, 4.0321211E+001, 2.8426983E+001, 2.3312558E+001, 2.1176814E+001, 2.0322145E+001, 2.0003611E+001, 1.9903014E+001, 1.9864886E+001, 1.9835923E+001, 1.9819633E+001, 1.9810596E+001, 1.9805646E+001, 1.9802969E+001, 1.9801541E+001, 1.9800789E+001, 1.9800398E+001, 1.9800198E+001, 1.9800097E+001, 1.9800047E+001, 1.9800022E+001, 1.9800010E+001, 1.9800005E+001, 1.9800002E+001, 1.9800001E+001, 1.9800000E+001, 1.9800000E+001, 1.9800000E+001, 1.9800000E+001, 1.9800000E+001, 1.9800000E+001, 1.9800000E+001, 1.9800000E+001, 1.9800000E+001, 1.9800000E+001, 1.9800000E+001, 1.9800000E+001, 1.9800000E+001, 1.9800000E+001, 1.9800000E+001, 1.9800000E+001, 1.9800000E+001, 1.9800000E+001, 1.9800000E+001, 1.9800000E+001, 1.9800000E+001, 1.9800000E+001, 1.9800000E+001, 1.9800000E+001, 1.9800000E+001, 1.9800000E+001, 1.9800000E+001, 1.9800000E+001, 1.9800000E+001, 1.9800000E+001, 1.9800000E+001, 1.9800000E+001, 1.9800000E+001, 1.9800000E+001, 1.9800000E+001, 1.9800000E+001, 1.9800000E+001, 1.9800000E+001, 1.9800000E+001, 1.9800000E+001, 1.9800000E+001, 1.9800000E+001, 1.9800000E+001, 1.9800000E+001, 1.9800000E+001, 1.9800000E+001, 1.9800000E+001, 1.9800000E+001, 1.9800000E+001, 1.9800000E+001, 1.9800000E+001, 1.9800000E+001, 1.9800000E+001, 1.9800000E+001, 1.9800000E+001, 1.9800000E+001, 1.9800000E+001, 1.9800000E+001, 1.9800000E+001, 1.9800000E+001, 1.9800000E+001, 1.9800000E+001, 1.9800000E+001
 9.0007086E+002,89, 0.0000000E+000, 5.0000000E-003, 1.0000000E-002, 1.5000000E-002, 2.0000000E-002, 2.5000000E-002, 3.0000000E-002, 3.5000000E-002, 4.0000000E-002, 4.5000000E-002, 5.0000000E-002, 5.5000000E-002, 6.0000000E-002, 6.5000000E-002, 7.0000000E-002, 7.5000000E-002, 8.0000000E-002, 8.5000000E-002, 9.0000000E-002, 9.5000000E-002, 1.0000000E-001, 1.0500000E-001, 1.1000000E-001, 1.1500000E-001, 1.2000000E-001, 1.2500000E-001, 1.3000000E-001, 1.3500000E-001, 1.4000000E-001, 1.4500000E-001, 1.5000000E-001, 1.5500000E-001, 1.6000000E-001, 1.6500000E-001, 1.7000000E-001, 1.7500000E-001, 1.8000000E-001, 1.8500000E-001, 1.9000000E-001, 1.9500000E-001, 2.0000000E-001, 2.0500000E-001, 2.1000000E-001, 2.1500000E-001, 2.2000000E-001, 2.2500000E-001, 2.3000000E-001, 2.3500000E-001, 2.4000000E-001, 2.4500000E-001, 2.5000000E-001, 2.5500000E-001, 2.6000000E-001, 2.6500000E-001, 2.7000000E-001, 2.7500000E-001, 2.8000000E-001, 2.8500000E-001, 2.9000000E-001, 2.9500000E-001, 3.0000000E-001, 3.0500000E-001, 3.1000000E-001, 3.1500000E-001, 3.2000000E-001, 3.2500000E-001, 3.3000000E-001, 3.3500000E-001, 3.4000000E-001, 3.4500000E-001, 3.5000000E-001, 3.5500000E-001, 3.6000000E-001, 3.6500000E-001, 3.7000000E-001, 3.7500000E-001, 3.8000000E-001, 3.8500000E-001, 3.9000000E-001, 3.9500000E-001, 4.0000000E-001, 4.0500000E-001, 4.1000000E-001, 4.1500000E-001, 4.2000000E-001, 4.2500000E-001, 4.3000000E-001, 4.3500000E-001, 4.4000000E-001, 1.4596404E+002, 8.6513633E+001, 5.1636351E+001, 3.3809754E+001, 2.5769171E+001, 2.2272872E+001, 2.0796507E+001, 2.0215836E+001, 2.0022864E+001, 1.9944314E+001, 1.9882833E+001, 1.9847001E+001, 1.9826349E+001, 1.9814594E+001, 1.9807991E+001, 1.9804324E+001, 1.9802312E+001, 1.9801221E+001, 1.9800637E+001, 1.9800328E+001, 1.9800167E+001, 1.9800084E+001, 1.9800041E+001, 1.9800020E+001, 1.9800010E+001, 1.9800005E+001, 1.9800002E+001, 1.9800001E+001, 1.9800000E+001, 1.9800000E+001, 1.9800000E+001, 1.9800000E+001, 1.9800000E+001, 1.9800000E+001, 1.9800000E+001, 1.9800000E+001, 1.9800000E+001, 1.9800000E+001, 1.9800000E+001, 1.9800000E+001, 1.9800000E+001, 1.9800000E+001, 1.9800000E+001, 1.9800000E+001, 1.9800000E+001, 1.9800000E+001, 1.9800000E+001, 1.9800000E+001, 1.9800000E+001, 1.9800000E+001, 1.9800000E+001, 1.9800000E+001, 1.9800000E+001, 1.9800000E+001, 1.9800000E+001, 1.9800000E+001, 1.9800000E+001, 1.9800000E+001, 1.9800000E+001, 1.9800000E+001, 1.9800000E+001, 1.9800000E+001, 1.9800000E+001, 1.9800000E+001, 1.9800000E+001, 1.9800000E+001, 1.9800000E+001, 1.9800000E+001, 1.9800000E+001, 1.9800000E+001, 1.9800000E+001, 1.9800000E+001, 1.9800000E+001, 1.9800000E+001, 1.9800000E+001, 1.9800000E+001, 1.9800000E+001, 1.9800000E+001, 1.9800000E+001, 1.9800000E+001, 1.9800000E+001, 1.9800000E+001, 1.9800000E+001, 1.9800000E+001, 1.9800000E+001, 1.9800000E+001, 1.9800000E+001, 1.9800000E+001, 1.9800000E+001
 1.0000781E+003,89, 0.0000000E+000, 5.0000000E-003, 1.0000000E-002, 1.5000000E-002, 2.0000000E-002, 2.5000000E-002, 3.0000000E-002, 3.5000000E-002, 4.0000000E-002, 4.5000000E-002, 5.0000000E-002, 5.5000000E-002, 6.0000000E-002, 6.5000000E-002, 7.0000000E-002, 7.5000000E-002, 8.0000000E-002, 8.5000000E-002, 9.0000000E-002, 9.5000000E-002, 1.0000000E-001, 1.0500000E-001, 1.1000000E-001, 1.1500000E-001, 1.2000000E-001, 1.2500000E-001, 1.3000000E-001, 1.3500000E-001, 1.4000000E-001, 1.4500000E-001, 1.5000000E-001, 1.5500000E-001, 1.6000000E-001, 1.6500000E-001, 1.7000000E-001, 1.7500000E-001, 1.8000000E-001, 1.8500000E-001, 1.9000000E-001, 1.9500000E-001, 2.0000000E-001, 2.0500000E-001, 2.1000000E-001, 2.1500000E-001, 2.2000000E-001, 2.2500000E-001, 2.3000000E-001, 2.3500000E-001, 2.4000000E-001, 2.4500000E-001, 2.5000000E-001, 2.5500000E-001, 2.6000000E-001, 2.6500000E-001, 2.7000000E-001, 2.7500000E-001, 2.8000000E-001, 2.8500000E-001, 2.9000000E-001, 2.9500000E-001, 3.0000000E-001, 3.0500000E-001, 3.1000000E-001, 3.1500000E-001, 3.2000000E-001, 3.2500000E-001, 3.3000000E-001, 3.3500000E-001, 3.4000000E-001, 3.4500000E-001, 3.5000000E-001, 3.5500000E-001, 3.6000000E-001, 3.6500000E-001, 3.7000000E-001, 3.7500000E-001, 3.8000000E-001, 3.8500000E-001, 3.9000000E-001, 3.9500000E-001, 4.0000000E-001, 4.0500000E-001, 4.1000000E-001, 4.1500000E-001, 4.2000000E-001, 4.2500000E-001, 4.3000000E-001, 4.3500000E-001, 4.4000000E-001, 1.7372158E+002, 1.1010568E+002, 6.6744919E+001, 4.1566941E+001, 2.9409546E+001, 2.3954335E+001, 2.1564354E+001, 2.0582108E+001, 2.0240917E+001, 2.0092648E+001, 1.9973351E+001, 1.9901600E+001, 1.9858912E+001, 1.9833774E+001, 1.9819142E+001, 1.9810731E+001, 1.9805951E+001, 1.9803263E+001, 1.9801770E+001, 1.9800949E+001, 1.9800503E+001, 1.9800264E+001, 1.9800137E+001, 1.9800070E+001, 1.9800035E+001, 1.9800018E+001, 1.9800009E+001, 1.9800004E+001, 1.9800002E+001, 1.9800001E+001, 1.9800000E+001, 1.9800000E+001, 1.9800000E+001, 1.9800000E+001, 1.9800000E+001, 1.9800000E+001, 1.9800000E+001, 1.9800000E+001, 1.9800000E+001, 1.9800000E+001, 1.9800000E+001, 1.9800000E+001, 1.9800000E+001, 1.9800000E+001, 1.9800000E+001, 1.9800000E+001, 1.9800000E+001, 1.9800000E+001, 1.9800000E+001, 1.9800000E+001, 1.9800000E+001, 1.9800000E+001, 1.9800000E+001, 1.9800000E+001, 1.9800000E+001, 1.9800000E+001, 1.9800000E+001, 1.9800000E+001, 1.9800000E+001, 1.9800000E+001, 1.9800000E+001, 1.9800000E+001, 1.9800000E+001, 1.9800000E+001, 1.9800000E+001, 1.9800000E+001, 1.9800000E+001, 1.9800000E+001, 1.9800000E+001, 1.9800000E+001, 1.9800000E+001, 1.9800000E+001, 1.9800000E+001, 1.9800000E+001, 1.9800000E+001, 1.9800000E+001, 1.9800000E+001, 1.9800000E+001, 1.9800000E+001, 1.9800000E+001, 1.9800000E+001, 1.9800000E+001, 1.9800000E+001, 1.9800000E+001, 1.9800000E+001, 1.9800000E+001, 1.9800000E+001, 1.9800000E+001, 1.9800000E+001
 1.1000658E+003,89, 0.0000000E+000, 5.0000000E-003, 1.0000000E-002, 1.5000000E-002, 2.0000000E-002, 2.5000000E-002, 3.0000000E-002, 3.5000000E-002, 4.0000000E-002, 4.5000000E-002, 5.0000000E-002, 5.5000000E-002, 6.0000000E-002, 6.5000000E-002, 7.0000000E-002, 7.5000000E-002, 8.0000000E-002, 8.5000000E-002, 9.0000000E-002, 9.5000000E-002, 1.0000000E-001, 1.0500000E-001, 1.1000000E-001, 1.1500000E-001, 1.2000000E-001, 1.2500000E-001, 1.3000000E-001, 1.3500000E-001, 1.4000000E-001, 1.4500000E-001, 1.5000000E-001, 1.5500000E-001, 1.6000000E-001, 1.6500000E-001, 1.7000000E-001, 1.7500000E-001, 1.8000000E-001, 1.8500000E-001, 1.9000000E-001, 1.9500000E-001, 2.0000000E-001, 2.0500000E-001, 2.1000000E-001, 2.1500000E-001, 2.2000000E-001, 2.2500000E-001, 2.3000000E-001, 2.3500000E-001, 2.4000000E-001, 2.4500000E-001, 2.5000000E-001, 2.5500000E-001, 2.6000000E-001, 2.6500000E-001, 2.7000000E-001, 2.7500000E-001, 2.8000000E-001, 2.8500000E-001, 2.9000000E-001, 2.9500000E-001, 3.0000000E-001, 3.0500000E-001, 3.1000000E-001, 3.1500000E-001, 3.2000000E-001, 3.2500000E-001, 3.3000000E-001, 3.3500000E-001, 3.4000000E-001, 3.4500000E-001, 3.5000000E-001, 3.5500000E-001, 3.6000000E-001, 3.6500000E-001, 3.7000000E-001, 3.7500000E-001, 3.8000000E-001, 3.8500000E-001, 3.9000000E-001, 3.9500000E-001, 4.0000000E-001, 4.0500000E-001, 4.1000000E-001, 4.1500000E-001, 4.2000000E-001, 4.2500000E-001, 4.3000000E-001, 4.3500000E-001, 4.4000000E-001, 2.0170030E+002, 1.3475050E+002, 8.4820435E+001, 5.2050665E+001, 3.4603464E+001, 2.6417707E+001, 2.2733957E+001, 2.1169356E+001, 2.0605693E+001, 2.0346424E+001, 2.0132779E+001, 2.0000633E+001, 1.9919757E+001, 1.9870763E+001, 1.9841373E+001, 1.9823926E+001, 1.9813692E+001, 1.9807755E+001, 1.9804346E+001, 1.9802411E+001, 1.9801323E+001, 1.9800719E+001, 1.9800386E+001, 1.9800205E+001, 1.9800108E+001, 1.9800056E+001, 1.9800029E+001, 1.9800015E+001, 1.9800007E+001, 1.9800004E+001, 1.9800002E+001, 1.9800001E+001, 1.9800000E+001, 1.9800000E+001, 1.9800000E+001, 1.9800000E+001, 1.9800000E+001, 1.9800000E+001, 1.9800000E+001, 1.9800000E+001, 1.9800000E+001, 1.9800000E+001, 1.9800000E+001, 1.9800000E+001, 1.9800000E+001, 1.9800000E+001, 1.9800000E+001, 1.9800000E+001, 1.9800000E+001, 1.9800000E+001, 1.9800000E+001, 1.9800000E+001, 1.9800000E+001, 1.9800000E+001, 1.9800000E+001, 1.9800000E+001, 1.9800000E+001, 1.9800000E+001, 1.9800000E+001, 1.9800000E+001, 1.9800000E+001, 1.9800000E+001, 1.9800000E+001, 1.9800000E+001, 1.9800000E+001, 1.9800000E+001, 1.9800000E+001, 1.9800000E+001, 1.9800000E+001, 1.9800000E+001, 1.9800000E+001, 1.9800000E+001, 1.9800000E+001, 1.9800000E+001, 1.9800000E+001, 1.9800000E+001, 1.9800000E+001, 1.9800000E+001, 1.9800000E+001, 1.9800000E+001, 1.9800000E+001, 1.9800000E+001, 1.9800000E+001, 1.9800000E+001, 1.9800000E+001, 1.9800000E+001, 1.9800000E+001, 1.9800000E+001, 1.9800000E+001
 1.2000527E+003,89, 0.0000000E+000, 5.0000000E-003, 1.0000000E-002, 1.5000000E-002, 2.0000000E-002, 2.5000000E-002, 3.0000000E-002, 3.5000000E-002, 4.0000000E-002, 4.5000000E-002, 5.0000000E-002, 5.5000000E-002, 6.0000000E-002, 6.5000000E-002, 7.0000000E-002, 7.5000000E-002, 8.0000000E-002, 8.5000000E-002, 9.0000000E-002, 9.5000000E-002, 1.0000000E-001, 1.0500000E-001, 1.1000000E-001, 1.1500000E-001, 1.2000000E-001, 1.2500000E-001, 1.3000000E-001, 1.3500000E-001, 1.4000000E-001, 1.4500000E-001, 1.5000000E-001, 1.5500000E-001, 1.6000000E-001, 1.6500000E-001, 1.7000000E-001, 1.7500000E-001, 1.8000000E-001, 1.8500000E-001, 1.9000000E-001, 1.9500000E-001, 2.0000000E-001, 2.0500000E-001, 2.1000000E-001, 2.1500000E-001, 2.2000000E-001, 2.2500000E-001, 2.3000000E-001, 2.3500000E-001, 2.4000000E-001, 2.4500000E-001, 2.5000000E-001, 2.5500000E-001, 2.6000000E-001, 2.6500000E-001, 2.7000000E-001, 2.7500000E-001, 2.8000000E-001, 2.8500000E-001, 2.9000000E-001, 2.9500000E-001, 3.0000000E-001, 3.0500000E-001, 3.1000000E-001, 3.1500000E-001, 3.2000000E-001, 3.2500000E-001, 3.3000000E-001, 3.3500000E-001, 3.4000000E-001, 3.4500000E-001, 3.5000000E-001, 3.5500000E-001, 3.6000000E-001, 3.6500000E-001, 3.7000000E-001, 3.7500000E-001, 3.8000000E-001, 3.8500000E-001, 3.9000000E-001, 3.9500000E-001, 4.0000000E-001, 4.0500000E-001, 4.1000000E-001, 4.1500000E-001, 4.2000000E-001, 4.2500000E-001, 4.3000000E-001, 4.3500000E-001, 4.4000000E-001, 2.3120209E+002, 1.6044011E+002, 1.0503371E+002, 6.5213897E+001, 4.1685491E+001, 2.9909032E+001, 2.4450004E+001, 2.2071655E+001, 2.1186661E+001, 2.0758595E+001, 2.0398207E+001, 2.0169701E+001, 2.0026362E+001, 1.9937294E+001, 1.9882487E+001, 1.9849076E+001, 1.9828897E+001, 1.9816840E+001, 1.9809718E+001, 1.9805553E+001, 1.9803142E+001, 1.9801760E+001, 1.9800976E+001, 1.9800536E+001, 1.9800291E+001, 1.9800157E+001, 1.9800084E+001, 1.9800044E+001, 1.9800023E+001, 1.9800012E+001, 1.9800006E+001, 1.9800002E+001, 1.9800001E+001, 1.9800000E+001, 1.9800000E+001, 1.9800000E+001, 1.9800000E+001, 1.9800000E+001, 1.9800000E+001, 1.9800000E+001, 1.9800000E+001, 1.9800000E+001, 1.9800000E+001, 1.9800000E+001, 1.9800000E+001, 1.9800000E+001, 1.9800000E+001, 1.9800000E+001, 1.9800000E+001, 1.9800000E+001, 1.9800000E+001, 1.9800000E+001, 1.9800000E+001, 1.9800000E+001, 1.9800000E+001, 1.9800000E+001, 1.9800000E+001, 1.9800000E+001, 1.9800000E+001, 1.9800000E+001, 1.9800000E+001, 1.9800000E+001, 1.9800000E+001, 1.9800000E+001, 1.9800000E+001, 1.9800000E+001, 1.9800000E+001, 1.9800000E+001, 1.9800000E+001, 1.9800000E+001, 1.9800000E+001, 1.9800000E+001, 1.9800000E+001, 1.9800000E+001, 1.9800000E+001, 1.9800000E+001, 1.9800000E+001, 1.9800000E+001, 1.9800000E+001, 1.9800000E+001, 1.9800000E+001, 1.9800000E+001, 1.9800000E+001, 1.9800000E+001, 1.9800000E+001, 1.9800000E+001, 1.9800000E+001, 1.9800000E+001, 1.9800000E+001
 1.3000194E+003,89, 0.0000000E+000, 5.0000000E-003, 1.0000000E-002, 1.5000000E-002, 2.0000000E-002, 2.5000000E-002, 3.0000000E-002, 3.5000000E-002, 4.0000000E-002, 4.5000000E-002, 5.0000000E-002, 5.5000000E-002, 6.0000000E-002, 6.5000000E-002, 7.0000000E-002, 7.5000000E-002, 8.0000000E-002, 8.5000000E-002, 9.0000000E-002, 9.5000000E-002, 1.0000000E-001, 1.0500000E-001, 1.1000000E-001, 1.1500000E-001, 1.2000000E-001, 1.2500000E-001, 1.3000000E-001, 1.3500000E-001, 1.4000000E-001, 1.4500000E-001, 1.5000000E-001, 1.5500000E-001, 1.6000000E-001, 1.6500000E-001, 1.7000000E-001, 1.7500000E-001, 1.8000000E-001, 1.8500000E-001, 1.9000000E-001, 1.9500000E-001, 2.0000000E-001, 2.0500000E-001, 2.1000000E-001, 2.1500000E-001, 2.2000000E-001, 2.2500000E-001, 2.3000000E-001, 2.3500000E-001, 2.4000000E-001, 2.4500000E-001, 2.5000000E-001, 2.5500000E-001, 2.6000000E-001, 2.6500000E-001, 2.7000000E-001, 2.7500000E-001, 2.8000000E-001, 2.8500000E-001, 2.9000000E-001, 2.9500000E-001, 3.0000000E-001, 3.0500000E-001, 3.1000000E-001, 3.1500000E-001, 3.2000000E-001, 3.2500000E-001, 3.3000000E-001, 3.3500000E-001, 3.4000000E-001, 3.4500000E-001, 3.5000000E-001, 3.5500000E-001, 3.6000000E-001, 3.6500000E-001, 3.7000000E-001, 3.7500000E-001, 3.8000000E-001, 3.8500000E-001, 3.9000000E-001, 3.9500000E-001, 4.0000000E-001, 4.0500000E-001, 4.1000000E-001, 4.1500000E-001, 4.2000000E-001, 4.2500000E-001, 4.3000000E-001, 4.3500000E-001, 4.4000000E-001, 2.5433544E+002, 1.8455300E+002, 1.2666198E+002, 8.1044569E+001, 5.0987147E+001, 3.4699802E+001, 2.6870383E+001, 2.3394348E+001, 2.2065249E+001, 2.1392590E+001, 2.0816031E+001, 2.0442107E+001, 2.0202023E+001, 2.0049480E+001, 1.9953446E+001, 1.9893540E+001, 1.9856502E+001, 1.9833797E+001, 1.9820016E+001, 1.9811744E+001, 1.9806826E+001, 1.9803931E+001, 1.9802242E+001, 1.9801267E+001, 1.9800709E+001, 1.9800393E+001, 1.9800216E+001, 1.9800117E+001, 1.9800063E+001, 1.9800033E+001, 1.9800017E+001, 1.9800007E+001, 1.9800002E+001, 1.9800000E+001, 1.9800000E+001, 1.9800000E+001, 1.9800000E+001, 1.9800000E+001, 1.9800000E+001, 1.9800000E+001, 1.9800000E+001, 1.9800000E+001, 1.9800000E+001, 1.9800000E+001, 1.9800000E+001, 1.9800000E+001, 1.9800000E+001, 1.9800000E+001, 1.9800000E+001, 1.9800000E+001, 1.9800000E+001, 1.9800000E+001, 1.9800000E+001, 1.9800000E+001, 1.9800000E+001, 1.9800000E+001, 1.9800000E+001, 1.9800000E+001, 1.9800000E+001, 1.9800000E+001, 1.9800000E+001, 1.9800000E+001, 1.9800000E+001, 1.9800000E+001, 1.9800000E+001, 1.9800000E+001, 1.9800000E+001, 1.9800000E+001, 1.9800000E+001, 1.9800000E+001, 1.9800000E+001, 1.9800000E+001, 1.9800000E+001, 1.9800000E+001, 1.9800000E+001, 1.9800000E+001, 1.9800000E+001, 1.9800000E+001, 1.9800000E+001, 1.9800000E+001, 1.9800000E+001, 1.9800000E+001, 1.9800000E+001, 1.9800000E+001, 1.9800000E+001, 1.9800000E+001, 1.9800000E+001, 1.9800000E+001, 1.9800000E+001
 1.4001968E+003,89, 0.0000000E+000, 5.0000000E-003, 1.0000000E-002, 1.5000000E-002, 2.0000000E-002, 2.5000000E-002, 3.0000000E-002, 3.5000000E-002, 4.0000000E-002, 4.5000000E-002, 5.0000000E-002, 5.5000000E-002, 6.0000000E-002, 6.5000000E-002, 7.0000000E-002, 7.5000000E-002, 8.0000000E-002, 8.5000000E-002, 9.0000000E-002, 9.5000000E-002, 1.0000000E-001, 1.0500000E-001, 1.1000000E-001, 1.1500000E-001, 1.2000000E-001, 1.2500000E-001, 1.3000000E-001, 1.3500000E-001, 1.4000000E-001, 1.4500000E-001, 1.5000000E-001, 1.5500000E-001, 1.6000000E-001, 1.6500000E-001, 1.7000000E-001, 1.7500000E-001, 1.8000000E-001, 1.8500000E-001, 1.9000000E-001, 1.9500000E-001, 2.0000000E-001, 2.0500000E-001, 2.1000000E-001, 2.1500000E-001, 2.2000000E-001, 2.2500000E-001, 2.3000000E-001, 2.3500000E-001, 2.4000000E-001, 2.4500000E-001, 2.5000000E-001, 2.5500000E-001, 2.6000000E-001, 2.6500000E-001, 2.7000000E-001, 2.7500000E-001, 2.8000000E-001, 2.8500000E-001, 2.9000000E-001, 2.9500000E-001, 3.0000000E-001, 3.0500000E-001, 3.1000000E-001, 3.1500000E-001, 3.2000000E-001, 3.2500000E-001, 3.3000000E-001, 3.3500000E-001, 3.4000000E-001, 3.4500000E-001, 3.5000000E-001, 3.5500000E-001, 3.6000000E-001, 3.6500000E-001, 3.7000000E-001, 3.7500000E-001, 3.8000000E-001, 3.8500000E-001, 3.9000000E-001, 3.9500000E-001, 4.0000000E-001, 4.0500000E-001, 4.1000000E-001, 4.1500000E-001, 4.2000000E-001, 4.2500000E-001, 4.3000000E-001, 4.3500000E-001, 4.4000000E-001, 2.7389181E+002, 2.0635091E+002, 1.4762977E+002, 9.8277377E+001, 6.2448415E+001, 4.1065220E+001, 3.0204183E+001, 2.5277243E+001, 2.3352459E+001, 2.2336398E+001, 2.1450419E+001, 2.0864437E+001, 2.0480349E+001, 2.0230974E+001, 2.0070706E+001, 1.9968600E+001, 1.9904124E+001, 1.9863749E+001, 1.9838669E+001, 1.9823237E+001, 1.9813838E+001, 1.9808168E+001, 1.9804778E+001, 1.9802770E+001, 1.9801592E+001, 1.9800907E+001, 1.9800512E+001, 1.9800286E+001, 1.9800158E+001, 1.9800086E+001, 1.9800045E+001, 1.9800020E+001, 1.9800006E+001, 1.9800001E+001, 1.9800000E+001, 1.9800000E+001, 1.9800000E+001, 1.9800000E+001, 1.9800000E+001, 1.9800000E+001, 1.9800000E+001, 1.9800000E+001, 1.9800000E+001, 1.9800000E+001, 1.9800000E+001, 1.9800000E+001, 1.9800000E+001, 1.9800000E+001, 1.9800000E+001, 1.9800000E+001, 1.9800000E+001, 1.9800000E+001, 1.9800000E+001, 1.9800000E+001, 1.9800000E+001, 1.9800000E+001, 1.9800000E+001, 1.9800000E+001, 1.9800000E+001, 1.9800000E+001, 1.9800000E+001, 1.9800000E+001, 1.9800000E+001, 1.9800000E+001, 1.9800000E+001, 1.9800000E+001, 1.9800000E+001, 1.9800000E+001, 1.9800000E+001, 1.9800000E+001, 1.9800000E+001, 1.9800000E+001, 1.9800000E+001, 1.9800000E+001, 1.9800000E+001, 1.9800000E+001, 1.9800000E+001, 1.9800000E+001, 1.9800000E+001, 1.9800000E+001, 1.9800000E+001, 1.9800000E+001, 1.9800000E+001, 1.9800000E+001, 1.9800000E+001, 1.9800000E+001, 1.9800000E+001, 1.9800000E+001, 1.9800000E+001
 1.5000358E+003,89, 0.0000000E+000, 5.0000000E-003, 1.0000000E-002, 1.5000000E-002, 2.0000000E-002, 2.5000000E-002, 3.0000000E-002, 3.5000000E-002, 4.0000000E-002, 4.5000000E-002, 5.0000000E-002, 5.5000000E-002, 6.0000000E-002, 6.5000000E-002, 7.0000000E-002, 7.5000000E-002, 8.0000000E-002, 8.5000000E-002, 9.0000000E-002, 9.5000000E-002, 1.0000000E-001, 1.0500000E-001, 1.1000000E-001, 1.1500000E-001, 1.2000000E-001, 1.2500000E-001, 1.3000000E-001, 1.3500000E-001, 1.4000000E-001, 1.4500000E-001, 1.5000000E-001, 1.5500000E-001, 1.6000000E-001, 1.6500000E-001, 1.7000000E-001, 1.7500000E-001, 1.8000000E-001, 1.8500000E-001, 1.9000000E-001, 1.9500000E-001, 2.0000000E-001, 2.0500000E-001, 2.1000000E-001, 2.1500000E-001, 2.2000000E-001, 2.2500000E-001, 2.3000000E-001, 2.3500000E-001, 2.4000000E-001, 2.4500000E-001, 2.5000000E-001, 2.5500000E-001, 2.6000000E-001, 2.6500000E-001, 2.7000000E-001, 2.7500000E-001, 2.8000000E-001, 2.8500000E-001, 2.9000000E-001, 2.9500000E-001, 3.0000000E-001, 3.0500000E-001, 3.1000000E-001, 3.1500000E-001, 3.2000000E-001, 3.2500000E-001, 3.3000000E-001, 3.3500000E-001, 3.4000000E-001, 3.4500000E-001, 3.5000000E-001, 3.5500000E-001, 3.6000000E-001, 3.6500000E-001, 3.7000000E-001, 3.7500000E-001, 3.8000000E-001, 3.8500000E-001, 3.9000000E-001, 3.9500000E-001, 4.0000000E-001, 4.0500000E-001, 4.1000000E-001, 4.1500000E-001, 4.2000000E-001, 4.2500000E-001, 4.3000000E-001, 4.3500000E-001, 4.4000000E-001, 2.9113473E+002, 2.2618190E+002, 1.6741476E+002, 1.1593769E+002, 7.5608183E+001, 4.9087115E+001, 3.4613825E+001, 2.7838344E+001, 2.5145257E+001, 2.3671542E+001, 2.2365359E+001, 2.1484590E+001, 2.0896910E+001, 2.0508127E+001, 2.0253236E+001, 2.0087741E+001, 1.9981199E+001, 1.9913183E+001, 1.9870118E+001, 1.9843066E+001, 1.9826212E+001, 1.9815815E+001, 1.9809461E+001, 1.9805613E+001, 1.9803301E+001, 1.9801926E+001, 1.9801113E+001, 1.9800638E+001, 1.9800361E+001, 1.9800201E+001, 1.9800106E+001, 1.9800049E+001, 1.9800015E+001, 1.9800002E+001, 1.9800001E+001, 1.9800000E+001, 1.9800000E+001, 1.9800000E+001, 1.9800000E+001, 1.9800000E+001, 1.9800000E+001, 1.9800000E+001, 1.9800000E+001, 1.9800000E+001, 1.9800000E+001, 1.9800000E+001, 1.9800000E+001, 1.9800000E+001, 1.9800000E+001, 1.9800000E+001, 1.9800000E+001, 1.9800000E+001, 1.9800000E+001, 1.9800000E+001, 1.9800000E+001, 1.9800000E+001, 1.9800000E+001, 1.9800000E+001, 1.9800000E+001, 1.9800000E+001, 1.9800000E+001, 1.9800000E+001, 1.9800000E+001, 1.9800000E+001, 1.9800000E+001, 1.9800000E+001, 1.9800000E+001, 1.9800000E+001, 1.9800000E+001, 1.9800000E+001, 1.9800000E+001, 1.9800000E+001, 1.9800000E+001, 1.9800000E+001, 1.9800000E+001, 1.9800000E+001, 1.9800000E+001, 1.9800000E+001, 1.9800000E+001, 1.9800000E+001, 1.9800000E+001, 1.9800000E+001, 1.9800000E+001, 1.9800000E+001, 1.9800000E+001, 1.9800000E+001, 1.9800000E+001, 1.9800000E+001, 1.9800000E+001
 1.6002561E+003,89, 0.0000000E+000, 5.0000000E-003, 1.0000000E-002, 1.5000000E-002, 2.0000000E-002, 2.5000000E-002, 3.0000000E-002, 3.5000000E-002, 4.0000000E-002, 4.5000000E-002, 5.0000000E-002, 5.5000000E-002, 6.0000000E-002, 6.5000000E-002, 7.0000000E-002, 7.5000000E-002, 8.0000000E-002, 8.5000000E-002, 9.0000000E-002, 9.5000000E-002, 1.0000000E-001, 1.0500000E-001, 1.1000000E-001, 1.1500000E-001, 1.2000000E-001, 1.2500000E-001, 1.3000000E-001, 1.3500000E-001, 1.4000000E-001, 1.4500000E-001, 1.5000000E-001, 1.5500000E-001, 1.6000000E-001, 1.6500000E-001, 1.7000000E-001, 1.7500000E-001, 1.8000000E-001, 1.8500000E-001, 1.9000000E-001, 1.9500000E-001, 2.0000000E-001, 2.0500000E-001, 2.1000000E-001, 2.1500000E-001, 2.2000000E-001, 2.2500000E-001, 2.3000000E-001, 2.3500000E-001, 2.4000000E-001, 2.4500000E-001, 2.5000000E-001, 2.5500000E-001, 2.6000000E-001, 2.6500000E-001, 2.7000000E-001, 2.7500000E-001, 2.8000000E-001, 2.8500000E-001, 2.9000000E-001, 2.9500000E-001, 3.0000000E-001, 3.0500000E-001, 3.1000000E-001, 3.1500000E-001, 3.2000000E-001, 3.2500000E-001, 3.3000000E-001, 3.3500000E-001, 3.4000000E-001, 3.4500000E-001, 3.5000000E-001, 3.5500000E-001, 3.6000000E-001, 3.6500000E-001, 3.7000000E-001, 3.7500000E-001, 3.8000000E-001, 3.8500000E-001, 3.9000000E-001, 3.9500000E-001, 4.0000000E-001, 4.0500000E-001, 4.1000000E-001, 4.1500000E-001, 4.2000000E-001, 4.2500000E-001, 4.3000000E-001, 4.3500000E-001, 4.4000000E-001, 3.0266851E+002, 2.4351737E+002, 1.8628196E+002, 1.3374543E+002, 9.0059523E+001, 5.8725886E+001, 4.0257327E+001, 3.1241186E+001, 2.7578746E+001, 2.5510787E+001, 2.3650823E+001, 2.2372765E+001, 2.1503875E+001, 2.0919215E+001, 2.0529097E+001, 2.0271029E+001, 2.0101934E+001, 1.9992036E+001, 1.9921187E+001, 1.9875882E+001, 1.9847128E+001, 1.9829020E+001, 1.9817717E+001, 1.9810731E+001, 1.9806446E+001, 1.9803842E+001, 1.9802270E+001, 1.9801329E+001, 1.9800769E+001, 1.9800436E+001, 1.9800236E+001, 1.9800110E+001, 1.9800034E+001, 1.9800006E+001, 1.9800002E+001, 1.9800001E+001, 1.9800000E+001, 1.9800000E+001, 1.9800000E+001, 1.9800000E+001, 1.9800000E+001, 1.9800000E+001, 1.9800000E+001, 1.9800000E+001, 1.9800000E+001, 1.9800000E+001, 1.9800000E+001, 1.9800000E+001, 1.9800000E+001, 1.9800000E+001, 1.9800000E+001, 1.9800000E+001, 1.9800000E+001, 1.9800000E+001, 1.9800000E+001, 1.9800000E+001, 1.9800000E+001, 1.9800000E+001, 1.9800000E+001, 1.9800000E+001, 1.9800000E+001, 1.9800000E+001, 1.9800000E+001, 1.9800000E+001, 1.9800000E+001, 1.9800000E+001, 1.9800000E+001, 1.9800000E+001, 1.9800000E+001, 1.9800000E+001, 1.9800000E+001, 1.9800000E+001, 1.9800000E+001, 1.9800000E+001, 1.9800000E+001, 1.9800000E+001, 1.9800000E+001, 1.9800000E+001, 1.9800000E+001, 1.9800000E+001, 1.9800000E+001, 1.9800000E+001, 1.9800000E+001, 1.9800000E+001, 1.9800000E+001, 1.9800000E+001, 1.9800000E+001, 1.9800000E+001, 1.9800000E+001
 1.7000389E+003,89, 0.0000000E+000, 5.0000000E-003, 1.0000000E-002, 1.5000000E-002, 2.0000000E-002, 2.5000000E-002, 3.0000000E-002, 3.5000000E-002, 4.0000000E-002, 4.5000000E-002, 5.0000000E-002, 5.5000000E-002, 6.0000000E-002, 6.5000000E-002, 7.0000000E-002, 7.5000000E-002, 8.0000000E-002, 8.5000000E-002, 9.0000000E-002, 9.5000000E-002, 1.0000000E-001, 1.0500000E-001, 1.1000000E-001, 1.1500000E-001, 1.2000000E-001, 1.2500000E-001, 1.3000000E-001, 1.3500000E-001, 1.4000000E-001, 1.4500000E-001, 1.5000000E-001, 1.5500000E-001, 1.6000000E-001, 1.6500000E-001, 1.7000000E-001, 1.7500000E-001, 1.8000000E-001, 1.8500000E-001, 1.9000000E-001, 1.9500000E-001, 2.0000000E-001, 2.0500000E-001, 2.1000000E-001, 2.1500000E-001, 2.2000000E-001, 2.2500000E-001, 2.3000000E-001, 2.3500000E-001, 2.4000000E-001, 2.4500000E-001, 2.5000000E-001, 2.5500000E-001, 2.6000000E-001, 2.6500000E-001, 2.7000000E-001, 2.7500000E-001, 2.8000000E-001, 2.8500000E-001, 2.9000000E-001, 2.9500000E-001, 3.0000000E-001, 3.0500000E-001, 3.1000000E-001, 3.1500000E-001, 3.2000000E-001, 3.2500000E-001, 3.3000000E-001, 3.3500000E-001, 3.4000000E-001, 3.4500000E-001, 3.5000000E-001, 3.5500000E-001, 3.6000000E-001, 3.6500000E-001, 3.7000000E-001, 3.7500000E-001, 3.8000000E-001, 3.8500000E-001, 3.9000000E-001, 3.9500000E-001, 4.0000000E-001, 4.0500000E-001, 4.1000000E-001, 4.1500000E-001, 4.2000000E-001, 4.2500000E-001, 4.3000000E-001, 4.3500000E-001, 4.4000000E-001, 3.1148231E+002, 2.5667397E+002, 2.0197620E+002, 1.5000208E+002, 1.0465889E+002, 6.9669910E+001, 4.7248161E+001, 3.5625347E+001, 3.0763121E+001, 2.7950440E+001, 2.5386083E+001, 2.3593388E+001, 2.2353113E+001, 2.1503866E+001, 2.0928170E+001, 2.0540943E+001, 2.0282726E+001, 2.0112119E+001, 2.0000292E+001, 1.9927570E+001, 1.9880643E+001, 1.9850590E+001, 1.9831473E+001, 1.9819423E+001, 1.9811892E+001, 1.9807226E+001, 1.9804354E+001, 1.9802601E+001, 1.9801535E+001, 1.9800888E+001, 1.9800489E+001, 1.9800230E+001, 1.9800073E+001, 1.9800014E+001, 1.9800005E+001, 1.9800002E+001, 1.9800001E+001, 1.9800000E+001, 1.9800000E+001, 1.9800000E+001, 1.9800000E+001, 1.9800000E+001, 1.9800000E+001, 1.9800000E+001, 1.9800000E+001, 1.9800000E+001, 1.9800000E+001, 1.9800000E+001, 1.9800000E+001, 1.9800000E+001, 1.9800000E+001, 1.9800000E+001, 1.9800000E+001, 1.9800000E+001, 1.9800000E+001, 1.9800000E+001, 1.9800000E+001, 1.9800000E+001, 1.9800000E+001, 1.9800000E+001, 1.9800000E+001, 1.9800000E+001, 1.9800000E+001, 1.9800000E+001, 1.9800000E+001, 1.9800000E+001, 1.9800000E+001, 1.9800000E+001, 1.9800000E+001, 1.9800000E+001, 1.9800000E+001, 1.9800000E+001, 1.9800000E+001, 1.9800000E+001, 1.9800000E+001, 1.9800000E+001, 1.9800000E+001, 1.9800000E+001, 1.9800000E+001, 1.9800000E+001, 1.9800000E+001, 1.9800000E+001, 1.9800000E+001, 1.9800000E+001, 1.9800000E+001, 1.9800000E+001, 1.9800000E+001, 1.9800000E+001, 1.9800000E+001
 1.8001135E+003,89, 0.0000000E+000, 5.0000000E-003, 1.0000000E-002, 1.5000000E-002, 2.0000000E-002, 2.5000000E-002, 3.0000000E-002, 3.5000000E-002, 4.0000000E-002, 4.5000000E-002, 5.0000000E-002, 5.5000000E-002, 6.0000000E-002, 6.5000000E-002, 7.0000000E-002, 7.5000000E-002, 8.0000000E-002, 8.5000000E-002, 9.0000000E-002, 9.5000000E-002, 1.0000000E-001, 1.0500000E-001, 1.1000000E-001, 1.1500000E-001, 1.2000000E-001, 1.2500000E-001, 1.3000000E-001, 1.3500000E-001, 1.4000000E-001, 1.4500000E-001, 1.5000000E-001, 1.5500000E-001, 1.6000000E-001, 1.6500000E-001, 1.7000000E-001, 1.7500000E-001, 1.8000000E-001, 1.8500000E-001, 1.9000000E-001, 1.9500000E-001, 2.0000000E-001, 2.0500000E-001, 2.1000000E-001, 2.1500000E-001, 2.2000000E-001, 2.2500000E-001, 2.3000000E-001, 2.3500000E-001, 2.4000000E-001, 2.4500000E-001, 2.5000000E-001, 2.5500000E-001, 2.6000000E-001, 2.6500000E-001, 2.7000000E-001, 2.7500000E-001, 2.8000000E-001, 2.8500000E-001, 2.9000000E-001, 2.9500000E-001, 3.0000000E-001, 3.0500000E-001, 3.1000000E-001, 3.1500000E-001, 3.2000000E-001, 3.2500000E-001, 3.3000000E-001, 3.3500000E-001, 3.4000000E-001, 3.4500000E-001, 3.5000000E-001, 3.5500000E-001, 3.6000000E-001, 3.6500000E-001, 3.7000000E-001, 3.7500000E-001, 3.8000000E-001, 3.8500000E-001, 3.9000000E-001, 3.9500000E-001, 4.0000000E-001, 4.0500000E-001, 4.1000000E-001, 4.1500000E-001, 4.2000000E-001, 4.2500000E-001, 4.3000000E-001, 4.3500000E-001, 4.4000000E-001, 3.1837373E+002, 2.6709730E+002, 2.1522024E+002, 1.6467045E+002, 1.1908549E+002, 8.1611246E+001, 5.5543428E+001, 4.1133699E+001, 3.4864104E+001, 3.1136225E+001, 2.7692665E+001, 2.5242746E+001, 2.3520125E+001, 2.2320777E+001, 2.1494185E+001, 2.0929929E+001, 2.0547692E+001, 2.0290904E+001, 2.0119949E+001, 2.0007019E+001, 1.9932978E+001, 1.9884812E+001, 1.9853691E+001, 1.9833726E+001, 1.9821015E+001, 1.9812999E+001, 1.9807975E+001, 1.9804851E+001, 1.9802915E+001, 1.9801715E+001, 1.9800959E+001, 1.9800457E+001, 1.9800147E+001, 1.9800029E+001, 1.9800010E+001, 1.9800004E+001, 1.9800001E+001, 1.9800000E+001, 1.9800000E+001, 1.9800000E+001, 1.9800000E+001, 1.9800000E+001, 1.9800000E+001, 1.9800000E+001, 1.9800000E+001, 1.9800000E+001, 1.9800000E+001, 1.9800000E+001, 1.9800000E+001, 1.9800000E+001, 1.9800000E+001, 1.9800000E+001, 1.9800000E+001, 1.9800000E+001, 1.9800000E+001, 1.9800000E+001, 1.9800000E+001, 1.9800000E+001, 1.9800000E+001, 1.9800000E+001, 1.9800000E+001, 1.9800000E+001, 1.9800000E+001, 1.9800000E+001, 1.9800000E+001, 1.9800000E+001, 1.9800000E+001, 1.9800000E+001, 1.9800000E+001, 1.9800000E+001, 1.9800000E+001, 1.9800000E+001, 1.9800000E+001, 1.9800000E+001, 1.9800000E+001, 1.9800000E+001, 1.9800000E+001, 1.9800000E+001, 1.9800000E+001, 1.9800000E+001, 1.9800000E+001, 1.9800000E+001, 1.9800000E+001, 1.9800000E+001, 1.9800000E+001, 1.9800000E+001, 1.9800000E+001, 1.9800000E+001, 1.9800000E+001
 1.9000636E+003,89, 0.0000000E+000, 5.0000000E-003, 1.0000000E-002, 1.5000000E-002, 2.0000000E-002, 2.5000000E-002, 3.0000000E-002, 3.5000000E-002, 4.0000000E-002, 4.5000000E-002, 5.0000000E-002, 5.5000000E-002, 6.0000000E-002, 6.5000000E-002, 7.0000000E-002, 7.5000000E-002, 8.0000000E-002, 8.5000000E-002, 9.0000000E-002, 9.5000000E-002, 1.0000000E-001, 1.0500000E-001, 1.1000000E-001, 1.1500000E-001, 1.2000000E-001, 1.2500000E-001, 1.3000000E-001, 1.3500000E-001, 1.4000000E-001, 1.4500000E-001, 1.5000000E-001, 1.5500000E-001, 1.6000000E-001, 1.6500000E-001, 1.7000000E-001, 1.7500000E-001, 1.8000000E-001, 1.8500000E-001, 1.9000000E-001, 1.9500000E-001, 2.0000000E-001, 2.0500000E-001, 2.1000000E-001, 2.1500000E-001, 2.2000000E-001, 2.2500000E-001, 2.3000000E-001, 2.3500000E-001, 2.4000000E-001, 2.4500000E-001, 2.5000000E-001, 2.5500000E-001, 2.6000000E-001, 2.6500000E-001, 2.7000000E-001, 2.7500000E-001, 2.8000000E-001, 2.8500000E-001, 2.9000000E-001, 2.9500000E-001, 3.0000000E-001, 3.0500000E-001, 3.1000000E-001, 3.1500000E-001, 3.2000000E-001, 3.2500000E-001, 3.3000000E-001, 3.3500000E-001, 3.4000000E-001, 3.4500000E-001, 3.5000000E-001, 3.5500000E-001, 3.6000000E-001, 3.6500000E-001, 3.7000000E-001, 3.7500000E-001, 3.8000000E-001, 3.8500000E-001, 3.9000000E-001, 3.9500000E-001, 4.0000000E-001, 4.0500000E-001, 4.1000000E-001, 4.1500000E-001, 4.2000000E-001, 4.2500000E-001, 4.3000000E-001, 4.3500000E-001, 4.4000000E-001, 3.2522551E+002, 2.7604129E+002, 2.2654942E+002, 1.7772145E+002, 1.3260239E+002, 9.3781143E+001, 6.4879291E+001, 4.7797803E+001, 3.9969976E+001, 3.5157072E+001, 3.0655543E+001, 2.7395953E+001, 2.5066419E+001, 2.3420255E+001, 2.2268017E+001, 2.1469228E+001, 2.0920599E+001, 2.0546539E+001, 2.0293584E+001, 2.0124039E+001, 2.0011235E+001, 1.9936752E+001, 1.9887915E+001, 1.9856128E+001, 1.9835556E+001, 1.9822354E+001, 1.9813943E+001, 1.9808622E+001, 1.9805265E+001, 1.9803146E+001, 1.9801783E+001, 1.9800860E+001, 1.9800280E+001, 1.9800058E+001, 1.9800022E+001, 1.9800008E+001, 1.9800003E+001, 1.9800001E+001, 1.9800000E+001, 1.9800000E+001, 1.9800000E+001, 1.9800000E+001, 1.9800000E+001, 1.9800000E+001, 1.9800000E+001, 1.9800000E+001, 1.9800000E+001, 1.9800000E+001, 1.9800000E+001, 1.9800000E+001, 1.9800000E+001, 1.9800000E+001, 1.9800000E+001, 1.9800000E+001, 1.9800000E+001, 1.9800000E+001, 1.9800000E+001, 1.9800000E+001, 1.9800000E+001, 1.9800000E+001, 1.9800000E+001, 1.9800000E+001, 1.9800000E+001, 1.9800000E+001, 1.9800000E+001, 1.9800000E+001, 1.9800000E+001, 1.9800000E+001, 1.9800000E+001, 1.9800000E+001, 1.9800000E+001, 1.9800000E+001, 1.9800000E+001, 1.9800000E+001, 1.9800000E+001, 1.9800000E+001, 1.9800000E+001, 1.9800000E+001, 1.9800000E+001, 1.9800000E+001, 1.9800000E+001, 1.9800000E+001, 1.9800000E+001, 1.9800000E+001, 1.9800000E+001, 1.9800000E+001, 1.9800000E+001, 1.9800000E+001, 1.9800000E+001
 2.0001401E+003,89, 0.0000000E+000, 5.0000000E-003, 1.0000000E-002, 1.5000000E-002, 2.0000000E-002, 2.5000000E-002, 3.0000000E-002, 3.5000000E-002, 4.0000000E-002, 4.5000000E-002, 5.0000000E-002, 5.5000000E-002, 6.0000000E-002, 6.5000000E-002, 7.0000000E-002, 7.5000000E-002, 8.0000000E-002, 8.5000000E-002, 9.0000000E-002, 9.5000000E-002, 1.0000000E-001, 1.0500000E-001, 1.1000000E-001, 1.1500000E-001, 1.2000000E-001, 1.2500000E-001, 1.3000000E-001, 1.3500000E-001, 1.4000000E-001, 1.4500000E-001, 1.5000000E-001, 1.5500000E-001, 1.6000000E-001, 1.6500000E-001, 1.7000000E-001, 1.7500000E-001, 1.8000000E-001, 1.8500000E-001, 1.9000000E-001, 1.9500000E-001, 2.0000000E-001, 2.0500000E-001, 2.1000000E-001, 2.1500000E-001, 2.2000000E-001, 2.2500000E-001, 2.3000000E-001, 2.3500000E-001, 2.4000000E-001, 2.4500000E-001, 2.5000000E-001, 2.5500000E-001, 2.6000000E-001, 2.6500000E-001, 2.7000000E-001, 2.7500000E-001, 2.8000000E-001, 2.8500000E-001, 2.9000000E-001, 2.9500000E-001, 3.0000000E-001, 3.0500000E-001, 3.1000000E-001, 3.1500000E-001, 3.2000000E-001, 3.2500000E-001, 3.3000000E-001, 3.3500000E-001, 3.4000000E-001, 3.4500000E-001, 3.5000000E-001, 3.5500000E-001, 3.6000000E-001, 3.6500000E-001, 3.7000000E-001, 3.7500000E-001, 3.8000000E-001, 3.8500000E-001, 3.9000000E-001, 3.9500000E-001, 4.0000000E-001, 4.0500000E-001, 4.1000000E-001, 4.1500000E-001, 4.2000000E-001, 4.2500000E-001, 4.3000000E-001, 4.3500000E-001, 4.4000000E-001, 3.3098696E+002, 2.8427971E+002, 2.3706442E+002, 1.8967672E+002, 1.4504439E+002, 1.0572400E+002, 7.4957097E+001, 5.5587957E+001, 4.6195457E+001, 4.0140531E+001, 3.4390130E+001, 3.0154677E+001, 2.7078520E+001, 2.4870644E+001, 2.3303419E+001, 2.2201431E+001, 2.1433577E+001, 2.0903183E+001, 2.0539465E+001, 2.0292053E+001, 2.0125177E+001, 2.0013458E+001, 1.9939171E+001, 1.9890146E+001, 1.9857984E+001, 1.9837023E+001, 1.9823446E+001, 1.9814719E+001, 1.9809123E+001, 1.9805528E+001, 1.9803172E+001, 1.9801547E+001, 1.9800512E+001, 1.9800111E+001, 1.9800042E+001, 1.9800016E+001, 1.9800006E+001, 1.9800002E+001, 1.9800001E+001, 1.9800000E+001, 1.9800000E+001, 1.9800000E+001, 1.9800000E+001, 1.9800000E+001, 1.9800000E+001, 1.9800000E+001, 1.9800000E+001, 1.9800000E+001, 1.9800000E+001, 1.9800000E+001, 1.9800000E+001, 1.9800000E+001, 1.9800000E+001, 1.9800000E+001, 1.9800000E+001, 1.9800000E+001, 1.9800000E+001, 1.9800000E+001, 1.9800000E+001, 1.9800000E+001, 1.9800000E+001, 1.9800000E+001, 1.9800000E+001, 1.9800000E+001, 1.9800000E+001, 1.9800000E+001, 1.9800000E+001, 1.9800000E+001, 1.9800000E+001, 1.9800000E+001, 1.9800000E+001, 1.9800000E+001, 1.9800000E+001, 1.9800000E+001, 1.9800000E+001, 1.9800000E+001, 1.9800000E+001, 1.9800000E+001, 1.9800000E+001, 1.9800000E+001, 1.9800000E+001, 1.9800000E+001, 1.9800000E+001, 1.9800000E+001, 1.9800000E+001, 1.9800000E+001, 1.9800000E+001, 1.9800000E+001, 1.9800000E+001
 2.1000100E+003,89, 0.0000000E+000, 5.0000000E-003, 1.0000000E-002, 1.5000000E-002, 2.0000000E-002, 2.5000000E-002, 3.0000000E-002, 3.5000000E-002, 4.0000000E-002, 4.5000000E-002, 5.0000000E-002, 5.5000000E-002, 6.0000000E-002, 6.5000000E-002, 7.0000000E-002, 7.5000000E-002, 8.0000000E-002, 8.5000000E-002, 9.0000000E-002, 9.5000000E-002, 1.0000000E-001, 1.0500000E-001, 1.1000000E-001, 1.1500000E-001, 1.2000000E-001, 1.2500000E-001, 1.3000000E-001, 1.3500000E-001, 1.4000000E-001, 1.4500000E-001, 1.5000000E-001, 1.5500000E-001, 1.6000000E-001, 1.6500000E-001, 1.7000000E-001, 1.7500000E-001, 1.8000000E-001, 1.8500000E-001, 1.9000000E-001, 1.9500000E-001, 2.0000000E-001, 2.0500000E-001, 2.1000000E-001, 2.1500000E-001, 2.2000000E-001, 2.2500000E-001, 2.3000000E-001, 2.3500000E-001, 2.4000000E-001, 2.4500000E-001, 2.5000000E-001, 2.5500000E-001, 2.6000000E-001, 2.6500000E-001, 2.7000000E-001, 2.7500000E-001, 2.8000000E-001, 2.8500000E-001, 2.9000000E-001, 2.9500000E-001, 3.0000000E-001, 3.0500000E-001, 3.1000000E-001, 3.1500000E-001, 3.2000000E-001, 3.2500000E-001, 3.3000000E-001, 3.3500000E-001, 3.4000000E-001, 3.4500000E-001, 3.5000000E-001, 3.5500000E-001, 3.6000000E-001, 3.6500000E-001, 3.7000000E-001, 3.7500000E-001, 3.8000000E-001, 3.8500000E-001, 3.9000000E-001, 3.9500000E-001, 4.0000000E-001, 4.0500000E-001, 4.1000000E-001, 4.1500000E-001, 4.2000000E-001, 4.2500000E-001, 4.3000000E-001, 4.3500000E-001, 4.4000000E-001, 3.3696185E+002, 2.9181648E+002, 2.4665175E+002, 2.0055752E+002, 1.5658239E+002, 1.1740298E+002, 8.5509321E+001, 6.4325809E+001, 5.3484479E+001, 4.6094560E+001, 3.8955634E+001, 3.3593037E+001, 2.9628623E+001, 2.6737701E+001, 2.4654827E+001, 2.3169833E+001, 2.2121181E+001, 2.1387191E+001, 2.0877603E+001, 2.0526373E+001, 2.0286155E+001, 2.0123263E+001, 2.0013533E+001, 1.9940153E+001, 1.9891382E+001, 1.9859188E+001, 1.9838027E+001, 1.9824209E+001, 1.9815211E+001, 1.9809335E+001, 1.9805419E+001, 1.9802669E+001, 1.9800895E+001, 1.9800203E+001, 1.9800080E+001, 1.9800031E+001, 1.9800012E+001, 1.9800004E+001, 1.9800002E+001, 1.9800001E+001, 1.9800000E+001, 1.9800000E+001, 1.9800000E+001, 1.9800000E+001, 1.9800000E+001, 1.9800000E+001, 1.9800000E+001, 1.9800000E+001, 1.9800000E+001, 1.9800000E+001, 1.9800000E+001, 1.9800000E+001, 1.9800000E+001, 1.9800000E+001, 1.9800000E+001, 1.9800000E+001, 1.9800000E+001, 1.9800000E+001, 1.9800000E+001, 1.9800000E+001, 1.9800000E+001, 1.9800000E+001, 1.9800000E+001, 1.9800000E+001, 1.9800000E+001, 1.9800000E+001, 1.9800000E+001, 1.9800000E+001, 1.9800000E+001, 1.9800000E+001, 1.9800000E+001, 1.9800000E+001, 1.9800000E+001, 1.9800000E+001, 1.9800000E+001, 1.9800000E+001, 1.9800000E+001, 1.9800000E+001, 1.9800000E+001, 1.9800000E+001, 1.9800000E+001, 1.9800000E+001, 1.9800000E+001, 1.9800000E+001, 1.9800000E+001, 1.9800000E+001, 1.9800000E+001, 1.9800000E+001, 1.9800000E+001
 2.2001755E+003,89, 0.0000000E+000, 5.0000000E-003, 1.0000000E-002, 1.5000000E-002, 2.0000000E-002, 2.5000000E-002, 3.0000000E-002, 3.5000000E-002, 4.0000000E-002, 4.5000000E-002, 5.0000000E-002, 5.5000000E-002, 6.0000000E-002, 6.5000000E-002, 7.0000000E-002, 7.5000000E-002, 8.0000000E-002, 8.5000000E-002, 9.0000000E-002, 9.5000000E-002, 1.0000000E-001, 1.0500000E-001, 1.1000000E-001, 1.1500000E-001, 1.2000000E-001, 1.2500000E-001, 1.3000000E-001, 1.3500000E-001, 1.4000000E-001, 1.4500000E-001, 1.5000000E-001, 1.5500000E-001, 1.6000000E-001, 1.6500000E-001, 1.7000000E-001, 1.7500000E-001, 1.8000000E-001, 1.8500000E-001, 1.9000000E-001, 1.9500000E-001, 2.0000000E-001, 2.0500000E-001, 2.1000000E-001, 2.1500000E-001, 2.2000000E-001, 2.2500000E-001, 2.3000000E-001, 2.3500000E-001, 2.4000000E-001, 2.4500000E-001, 2.5000000E-001, 2.5500000E-001, 2.6000000E-001, 2.6500000E-001, 2.7000000E-001, 2.7500000E-001, 2.8000000E-001, 2.8500000E-001, 2.9000000E-001, 2.9500000E-001, 3.0000000E-001, 3.0500000E-001, 3.1000000E-001, 3.1500000E-001, 3.2000000E-001, 3.2500000E-001, 3.3000000E-001, 3.3500000E-001, 3.4000000E-001, 3.4500000E-001, 3.5000000E-001, 3.5500000E-001, 3.6000000E-001, 3.6500000E-001, 3.7000000E-001, 3.7500000E-001, 3.8000000E-001, 3.8500000E-001, 3.9000000E-001, 3.9500000E-001, 4.0000000E-001, 4.0500000E-001, 4.1000000E-001, 4.1500000E-001, 4.2000000E-001, 4.2500000E-001, 4.3000000E-001, 4.3500000E-001, 4.4000000E-001, 3.4337812E+002, 2.9907741E+002, 2.5524502E+002, 2.1047486E+002, 1.6742019E+002, 1.2868924E+002, 9.6343646E+001, 7.3939845E+001, 6.1807617E+001, 5.3016320E+001, 4.4379754E+001, 3.7764047E+001, 3.2781441E+001, 2.9085328E+001, 2.6380787E+001, 2.4424648E+001, 2.3024220E+001, 2.2031001E+001, 2.1332763E+001, 2.0845797E+001, 2.0508541E+001, 2.0276809E+001, 2.0118813E+001, 2.0011850E+001, 1.9939861E+001, 1.9891751E+001, 1.9859743E+001, 1.9838545E+001, 1.9824524E+001, 1.9815229E+001, 1.9808933E+001, 1.9804440E+001, 1.9801510E+001, 1.9800355E+001, 1.9800144E+001, 1.9800057E+001, 1.9800022E+001, 1.9800009E+001, 1.9800003E+001, 1.9800001E+001, 1.9800001E+001, 1.9800000E+001, 1.9800000E+001, 1.9800000E+001, 1.9800000E+001, 1.9800000E+001, 1.9800000E+001, 1.9800000E+001, 1.9800000E+001, 1.9800000E+001, 1.9800000E+001, 1.9800000E+001, 1.9800000E+001, 1.9800000E+001, 1.9800000E+001, 1.9800000E+001, 1.9800000E+001, 1.9800000E+001, 1.9800000E+001, 1.9800000E+001, 1.9800000E+001, 1.9800000E+001, 1.9800000E+001, 1.9800000E+001, 1.9800000E+001, 1.9800000E+001, 1.9800000E+001, 1.9800000E+001, 1.9800000E+001, 1.9800000E+001, 1.9800000E+001, 1.9800000E+001, 1.9800000E+001, 1.9800000E+001, 1.9800000E+001, 1.9800000E+001, 1.9800000E+001, 1.9800000E+001, 1.9800000E+001, 1.9800000E+001, 1.9800000E+001, 1.9800000E+001, 1.9800000E+001, 1.9800000E+001, 1.9800000E+001, 1.9800000E+001, 1.9800000E+001, 1.9800000E+001, 1.9800000E+001
 2.3001233E+003,89, 0.0000000E+000, 5.0000000E-003, 1.0000000E-002, 1.5000000E-002, 2.0000000E-002, 2.5000000E-002, 3.0000000E-002, 3.5000000E-002, 4.0000000E-002, 4.5000000E-002, 5.0000000E-002, 5.5000000E-002, 6.0000000E-002, 6.5000000E-002, 7.0000000E-002, 7.5000000E-002, 8.0000000E-002, 8.5000000E-002, 9.0000000E-002, 9.5000000E-002, 1.0000000E-001, 1.0500000E-001, 1.1000000E-001, 1.1500000E-001, 1.2000000E-001, 1.2500000E-001, 1.3000000E-001, 1.3500000E-001, 1.4000000E-001, 1.4500000E-001, 1.5000000E-001, 1.5500000E-001, 1.6000000E-001, 1.6500000E-001, 1.7000000E-001, 1.7500000E-001, 1.8000000E-001, 1.8500000E-001, 1.9000000E-001, 1.9500000E-001, 2.0000000E-001, 2.0500000E-001, 2.1000000E-001, 2.1500000E-001, 2.2000000E-001, 2.2500000E-001, 2.3000000E-001, 2.3500000E-001, 2.4000000E-001, 2.4500000E-001, 2.5000000E-001, 2.5500000E-001, 2.6000000E-001, 2.6500000E-001, 2.7000000E-001, 2.7500000E-001, 2.8000000E-001, 2.8500000E-001, 2.9000000E-001, 2.9500000E-001, 3.0000000E-001, 3.0500000E-001, 3.1000000E-001, 3.1500000E-001, 3.2000000E-001, 3.2500000E-001, 3.3000000E-001, 3.3500000E-001, 3.4000000E-001, 3.4500000E-001, 3.5000000E-001, 3.5500000E-001, 3.6000000E-001, 3.6500000E-001, 3.7000000E-001, 3.7500000E-001, 3.8000000E-001, 3.8500000E-001, 3.9000000E-001, 3.9500000E-001, 4.0000000E-001, 4.0500000E-001, 4.1000000E-001, 4.1500000E-001, 4.2000000E-001, 4.2500000E-001, 4.3000000E-001, 4.3500000E-001, 4.4000000E-001, 3.4929591E+002, 3.0610990E+002, 2.6338354E+002, 2.1987833E+002, 1.7776268E+002, 1.3952450E+002, 1.0718588E+002, 8.4187741E+001, 7.1059124E+001, 6.0865472E+001, 5.0661794E+001, 4.2693348E+001, 3.6580787E+001, 3.1966097E+001, 2.8533387E+001, 2.6012927E+001, 2.4183249E+001, 2.2868558E+001, 2.1932587E+001, 2.1271726E+001, 2.0808746E+001, 2.0486759E+001, 2.0264442E+001, 2.0112200E+001, 2.0008533E+001, 1.9938415E+001, 1.9891210E+001, 1.9859579E+001, 1.9838367E+001, 1.9824086E+001, 1.9814264E+001, 1.9807151E+001, 1.9802462E+001, 1.9800601E+001, 1.9800250E+001, 1.9800102E+001, 1.9800041E+001, 1.9800016E+001, 1.9800006E+001, 1.9800003E+001, 1.9800001E+001, 1.9800001E+001, 1.9800000E+001, 1.9800000E+001, 1.9800000E+001, 1.9800000E+001, 1.9800000E+001, 1.9800000E+001, 1.9800000E+001, 1.9800000E+001, 1.9800000E+001, 1.9800000E+001, 1.9800000E+001, 1.9800000E+001, 1.9800000E+001, 1.9800000E+001, 1.9800000E+001, 1.9800000E+001, 1.9800000E+001, 1.9800000E+001, 1.9800000E+001, 1.9800000E+001, 1.9800000E+001, 1.9800000E+001, 1.9800000E+001, 1.9800000E+001, 1.9800000E+001, 1.9800000E+001, 1.9800000E+001, 1.9800000E+001, 1.9800000E+001, 1.9800000E+001, 1.9800000E+001, 1.9800000E+001, 1.9800000E+001, 1.9800000E+001, 1.9800000E+001, 1.9800000E+001, 1.9800000E+001, 1.9800000E+001, 1.9800000E+001, 1.9800000E+001, 1.9800000E+001, 1.9800000E+001, 1.9800000E+001, 1.9800000E+001, 1.9800000E+001, 1.9800000E+001, 1.9800000E+001
 2.4001011E+003,89, 0.0000000E+000, 5.0000000E-003, 1.0000000E-002, 1.5000000E-002, 2.0000000E-002, 2.5000000E-002, 3.0000000E-002, 3.5000000E-002, 4.0000000E-002, 4.5000000E-002, 5.0000000E-002, 5.5000000E-002, 6.0000000E-002, 6.5000000E-002, 7.0000000E-002, 7.5000000E-002, 8.0000000E-002, 8.5000000E-002, 9.0000000E-002, 9.5000000E-002, 1.0000000E-001, 1.0500000E-001, 1.1000000E-001, 1.1500000E-001, 1.2000000E-001, 1.2500000E-001, 1.3000000E-001, 1.3500000E-001, 1.4000000E-001, 1.4500000E-001, 1.5000000E-001, 1.5500000E-001, 1.6000000E-001, 1.6500000E-001, 1.7000000E-001, 1.7500000E-001, 1.8000000E-001, 1.8500000E-001, 1.9000000E-001, 1.9500000E-001, 2.0000000E-001, 2.0500000E-001, 2.1000000E-001, 2.1500000E-001, 2.2000000E-001, 2.2500000E-001, 2.3000000E-001, 2.3500000E-001, 2.4000000E-001, 2.4500000E-001, 2.5000000E-001, 2.5500000E-001, 2.6000000E-001, 2.6500000E-001, 2.7000000E-001, 2.7500000E-001, 2.8000000E-001, 2.8500000E-001, 2.9000000E-001, 2.9500000E-001, 3.0000000E-001, 3.0500000E-001, 3.1000000E-001, 3.1500000E-001, 3.2000000E-001, 3.2500000E-001, 3.3000000E-001, 3.3500000E-001, 3.4000000E-001, 3.4500000E-001, 3.5000000E-001, 3.5500000E-001, 3.6000000E-001, 3.6500000E-001, 3.7000000E-001, 3.7500000E-001, 3.8000000E-001, 3.8500000E-001, 3.9000000E-001, 3.9500000E-001, 4.0000000E-001, 4.0500000E-001, 4.1000000E-001, 4.1500000E-001, 4.2000000E-001, 4.2500000E-001, 4.3000000E-001, 4.3500000E-001, 4.4000000E-001, 3.5556972E+002, 3.1315661E+002, 2.7135040E+002, 2.2897289E+002, 1.8767844E+002, 1.5001478E+002, 1.1807287E+002, 9.4950285E+001, 8.1090122E+001, 6.9550547E+001, 5.7774615E+001, 4.8394609E+001, 4.1061731E+001, 3.5425807E+001, 3.1163518E+001, 2.7985010E+001, 2.5643589E+001, 2.3938078E+001, 2.2708500E+001, 2.1829740E+001, 2.1206643E+001, 2.0768414E+001, 2.0462258E+001, 2.0250043E+001, 2.0103934E+001, 2.0003986E+001, 1.9935909E+001, 1.9889765E+001, 1.9858459E+001, 1.9837086E+001, 1.9822160E+001, 1.9811198E+001, 1.9803904E+001, 1.9800987E+001, 1.9800421E+001, 1.9800176E+001, 1.9800073E+001, 1.9800029E+001, 1.9800012E+001, 1.9800005E+001, 1.9800003E+001, 1.9800002E+001, 1.9800001E+001, 1.9800000E+001, 1.9800000E+001, 1.9800000E+001, 1.9800000E+001, 1.9800000E+001, 1.9800000E+001, 1.9800000E+001, 1.9800000E+001, 1.9800000E+001, 1.9800000E+001, 1.9800000E+001, 1.9800000E+001, 1.9800000E+001, 1.9800000E+001, 1.9800000E+001, 1.9800000E+001, 1.9800000E+001, 1.9800000E+001, 1.9800000E+001, 1.9800000E+001, 1.9800000E+001, 1.9800000E+001, 1.9800000E+001, 1.9800000E+001, 1.9800000E+001, 1.9800000E+001, 1.9800000E+001, 1.9800000E+001, 1.9800000E+001, 1.9800000E+001, 1.9800000E+001, 1.9800000E+001, 1.9800000E+001, 1.9800000E+001, 1.9800000E+001, 1.9800000E+001, 1.9800000E+001, 1.9800000E+001, 1.9800000E+001, 1.9800000E+001, 1.9800000E+001, 1.9800000E+001, 1.9800000E+001, 1.9800000E+001, 1.9800000E+001, 1.9800000E+001
 2.5001836E+003,89, 0.0000000E+000, 5.0000000E-003, 1.0000000E-002, 1.5000000E-002, 2.0000000E-002, 2.5000000E-002, 3.0000000E-002, 3.5000000E-002, 4.0000000E-002, 4.5000000E-002, 5.0000000E-002, 5.5000000E-002, 6.0000000E-002, 6.5000000E-002, 7.0000000E-002, 7.5000000E-002, 8.0000000E-002, 8.5000000E-002, 9.0000000E-002, 9.5000000E-002, 1.0000000E-001, 1.0500000E-001, 1.1000000E-001, 1.1500000E-001, 1.2000000E-001, 1.2500000E-001, 1.3000000E-001, 1.3500000E-001, 1.4000000E-001, 1.4500000E-001, 1.5000000E-001, 1.5500000E-001, 1.6000000E-001, 1.6500000E-001, 1.7000000E-001, 1.7500000E-001, 1.8000000E-001, 1.8500000E-001, 1.9000000E-001, 1.9500000E-001, 2.0000000E-001, 2.0500000E-001, 2.1000000E-001, 2.1500000E-001, 2.2000000E-001, 2.2500000E-001, 2.3000000E-001, 2.3500000E-001, 2.4000000E-001, 2.4500000E-001, 2.5000000E-001, 2.5500000E-001, 2.6000000E-001, 2.6500000E-001, 2.7000000E-001, 2.7500000E-001, 2.8000000E-001, 2.8500000E-001, 2.9000000E-001, 2.9500000E-001, 3.0000000E-001, 3.0500000E-001, 3.1000000E-001, 3.1500000E-001, 3.2000000E-001, 3.2500000E-001, 3.3000000E-001, 3.3500000E-001, 3.4000000E-001, 3.4500000E-001, 3.5000000E-001, 3.5500000E-001, 3.6000000E-001, 3.6500000E-001, 3.7000000E-001, 3.7500000E-001, 3.8000000E-001, 3.8500000E-001, 3.9000000E-001, 3.9500000E-001, 4.0000000E-001, 4.0500000E-001, 4.1000000E-001, 4.1500000E-001, 4.2000000E-001, 4.2500000E-001, 4.3000000E-001, 4.3500000E-001, 4.4000000E-001, 3.6055546E+002, 3.1937909E+002, 2.7881535E+002, 2.3776027E+002, 1.9723778E+002, 1.6018866E+002, 1.2894480E+002, 1.0606737E+002, 9.1692608E+001, 7.8898448E+001, 6.5601783E+001, 5.4804015E+001, 4.6203052E+001, 3.9474042E+001, 3.4296891E+001, 3.0372764E+001, 2.7438909E+001, 2.5272283E+001, 2.3689363E+001, 2.2543897E+001, 2.1722258E+001, 2.1137662E+001, 2.0724686E+001, 2.0435119E+001, 2.0233438E+001, 2.0093976E+001, 1.9997927E+001, 1.9932068E+001, 1.9886872E+001, 1.9855652E+001, 1.9833545E+001, 1.9817078E+001, 1.9806026E+001, 1.9801574E+001, 1.9800687E+001, 1.9800295E+001, 1.9800124E+001, 1.9800052E+001, 1.9800021E+001, 1.9800009E+001, 1.9800005E+001, 1.9800003E+001, 1.9800002E+001, 1.9800001E+001, 1.9800000E+001, 1.9800000E+001, 1.9800000E+001, 1.9800000E+001, 1.9800000E+001, 1.9800000E+001, 1.9800000E+001, 1.9800000E+001, 1.9800000E+001, 1.9800000E+001, 1.9800000E+001, 1.9800000E+001, 1.9800000E+001, 1.9800000E+001, 1.9800000E+001, 1.9800000E+001, 1.9800000E+001, 1.9800000E+001, 1.9800000E+001, 1.9800000E+001, 1.9800000E+001, 1.9800000E+001, 1.9800000E+001, 1.9800000E+001, 1.9800000E+001, 1.9800000E+001, 1.9800000E+001, 1.9800000E+001, 1.9800000E+001, 1.9800000E+001, 1.9800000E+001, 1.9800000E+001, 1.9800000E+001, 1.9800000E+001, 1.9800000E+001, 1.9800000E+001, 1.9800000E+001, 1.9800000E+001, 1.9800000E+001, 1.9800000E+001, 1.9800000E+001, 1.9800000E+001, 1.9800000E+001, 1.9800000E+001, 1.9800000E+001
 2.6000659E+003,89, 0.0000000E+000, 5.0000000E-003, 1.0000000E-002, 1.5000000E-002, 2.0000000E-002, 2.5000000E-002, 3.0000000E-002, 3.5000000E-002, 4.0000000E-002, 4.5000000E-002, 5.0000000E-002, 5.5000000E-002, 6.0000000E-002, 6.5000000E-002, 7.0000000E-002, 7.5000000E-002, 8.0000000E-002, 8.5000000E-002, 9.0000000E-002, 9.5000000E-002, 1.0000000E-001, 1.0500000E-001, 1.1000000E-001, 1.1500000E-001, 1.2000000E-001, 1.2500000E-001, 1.3000000E-001, 1.3500000E-001, 1.4000000E-001, 1.4500000E-001, 1.5000000E-001, 1.5500000E-001, 1.6000000E-001, 1.6500000E-001, 1.7000000E-001, 1.7500000E-001, 1.8000000E-001, 1.8500000E-001, 1.9000000E-001, 1.9500000E-001, 2.0000000E-001, 2.0500000E-001, 2.1000000E-001, 2.1500000E-001, 2.2000000E-001, 2.2500000E-001, 2.3000000E-001, 2.3500000E-001, 2.4000000E-001, 2.4500000E-001, 2.5000000E-001, 2.5500000E-001, 2.6000000E-001, 2.6500000E-001, 2.7000000E-001, 2.7500000E-001, 2.8000000E-001, 2.8500000E-001, 2.9000000E-001, 2.9500000E-001, 3.0000000E-001, 3.0500000E-001, 3.1000000E-001, 3.1500000E-001, 3.2000000E-001, 3.2500000E-001, 3.3000000E-001, 3.3500000E-001, 3.4000000E-001, 3.4500000E-001, 3.5000000E-001, 3.5500000E-001, 3.6000000E-001, 3.6500000E-001, 3.7000000E-001, 3.7500000E-001, 3.8000000E-001, 3.8500000E-001, 3.9000000E-001, 3.9500000E-001, 4.0000000E-001, 4.0500000E-001, 4.1000000E-001, 4.1500000E-001, 4.2000000E-001, 4.2500000E-001, 4.3000000E-001, 4.3500000E-001, 4.4000000E-001, 3.6473070E+002, 3.2480016E+002, 2.8560734E+002, 2.4611169E+002, 2.0660543E+002, 1.7018419E+002, 1.3964234E+002, 1.1727019E+002, 1.0262877E+002, 8.8714920E+001, 7.3987086E+001, 6.1806409E+001, 5.1932953E+001, 4.4071226E+001, 3.7919288E+001, 3.3181342E+001, 2.9585207E+001, 2.6890562E+001, 2.4895349E+001, 2.3433704E+001, 2.2372324E+001, 2.1608697E+001, 2.1063487E+001, 2.0676816E+001, 2.0404480E+001, 2.0214104E+001, 2.0081580E+001, 1.9989709E+001, 1.9925939E+001, 1.9881375E+001, 1.9849451E+001, 1.9825366E+001, 1.9809053E+001, 1.9802440E+001, 1.9801089E+001, 1.9800478E+001, 1.9800206E+001, 1.9800087E+001, 1.9800037E+001, 1.9800017E+001, 1.9800009E+001, 1.9800006E+001, 1.9800003E+001, 1.9800002E+001, 1.9800001E+001, 1.9800000E+001, 1.9800000E+001, 1.9800000E+001, 1.9800000E+001, 1.9800000E+001, 1.9800000E+001, 1.9800000E+001, 1.9800000E+001, 1.9800000E+001, 1.9800000E+001, 1.9800000E+001, 1.9800000E+001, 1.9800000E+001, 1.9800000E+001, 1.9800000E+001, 1.9800000E+001, 1.9800000E+001, 1.9800000E+001, 1.9800000E+001, 1.9800000E+001, 1.9800000E+001, 1.9800000E+001, 1.9800000E+001, 1.9800000E+001, 1.9800000E+001, 1.9800000E+001, 1.9800000E+001, 1.9800000E+001, 1.9800000E+001, 1.9800000E+001, 1.9800000E+001, 1.9800000E+001, 1.9800000E+001, 1.9800000E+001, 1.9800000E+001, 1.9800000E+001, 1.9800000E+001, 1.9800000E+001, 1.9800000E+001, 1.9800000E+001, 1.9800000E+001, 1.9800000E+001, 1.9800000E+001, 1.9800000E+001
 2.7000715E+003,89, 0.0000000E+000, 5.0000000E-003, 1.0000000E-002, 1.5000000E-002, 2.0000000E-002, 2.5000000E-002, 3.0000000E-002, 3.5000000E-002, 4.0000000E-002, 4.5000000E-002, 5.0000000E-002, 5.5000000E-002, 6.0000000E-002, 6.5000000E-002, 7.0000000E-002, 7.5000000E-002, 8.0000000E-002, 8.5000000E-002, 9.0000000E-002, 9.5000000E-002, 1.0000000E-001, 1.0500000E-001, 1.1000000E-001, 1.1500000E-001, 1.2000000E-001, 1.2500000E-001, 1.3000000E-001, 1.3500000E-001, 1.4000000E-001, 1.4500000E-001, 1.5000000E-001, 1.5500000E-001, 1.6000000E-001, 1.6500000E-001, 1.7000000E-001, 1.7500000E-001, 1.8000000E-001, 1.8500000E-001, 1.9000000E-001, 1.9500000E-001, 2.0000000E-001, 2.0500000E-001, 2.1000000E-001, 2.1500000E-001, 2.2000000E-001, 2.2500000E-001, 2.3000000E-001, 2.3500000E-001, 2.4000000E-001, 2.4500000E-001, 2.5000000E-001, 2.5500000E-001, 2.6000000E-001, 2.6500000E-001, 2.7000000E-001, 2.7500000E-001, 2.8000000E-001, 2.8500000E-001, 2.9000000E-001, 2.9500000E-001, 3.0000000E-001, 3.0500000E-001, 3.1000000E-001, 3.1500000E-001, 3.2000000E-001, 3.2500000E-001, 3.3000000E-001, 3.3500000E-001, 3.4000000E-001, 3.4500000E-001, 3.5000000E-001, 3.5500000E-001, 3.6000000E-001, 3.6500000E-001, 3.7000000E-001, 3.7500000E-001, 3.8000000E-001, 3.8500000E-001, 3.9000000E-001, 3.9500000E-001, 4.0000000E-001, 4.0500000E-001, 4.1000000E-001, 4.1500000E-001, 4.2000000E-001, 4.2500000E-001, 4.3000000E-001, 4.3500000E-001, 4.4000000E-001, 3.6903369E+002, 3.3010205E+002, 2.9198864E+002, 2.5380130E+002, 2.1559677E+002, 1.8004837E+002, 1.5022370E+002, 1.2850789E+002, 1.1382422E+002, 9.9008601E+001, 8.2954252E+001, 6.9392907E+001, 5.8231515E+001, 4.9207046E+001, 4.2034524E+001, 3.6423354E+001, 3.2100505E+001, 2.8815968E+001, 2.6351275E+001, 2.4522258E+001, 2.3178055E+001, 2.2199456E+001, 2.1492921E+001, 2.0986874E+001, 2.0626479E+001, 2.0371641E+001, 2.0192389E+001, 2.0066809E+001, 1.9978681E+001, 1.9916386E+001, 1.9871234E+001, 1.9836794E+001, 1.9813284E+001, 1.9803689E+001, 1.9801680E+001, 1.9800753E+001, 1.9800331E+001, 1.9800144E+001, 1.9800062E+001, 1.9800029E+001, 1.9800017E+001, 1.9800010E+001, 1.9800006E+001, 1.9800003E+001, 1.9800002E+001, 1.9800001E+001, 1.9800000E+001, 1.9800000E+001, 1.9800000E+001, 1.9800000E+001, 1.9800000E+001, 1.9800000E+001, 1.9800000E+001, 1.9800000E+001, 1.9800000E+001, 1.9800000E+001, 1.9800000E+001, 1.9800000E+001, 1.9800000E+001, 1.9800000E+001, 1.9800000E+001, 1.9800000E+001, 1.9800000E+001, 1.9800000E+001, 1.9800000E+001, 1.9800000E+001, 1.9800000E+001, 1.9800000E+001, 1.9800000E+001, 1.9800000E+001, 1.9800000E+001, 1.9800000E+001, 1.9800000E+001, 1.9800000E+001, 1.9800000E+001, 1.9800000E+001, 1.9800000E+001, 1.9800000E+001, 1.9800000E+001, 1.9800000E+001, 1.9800000E+001, 1.9800000E+001, 1.9800000E+001, 1.9800000E+001, 1.9800000E+001, 1.9800000E+001, 1.9800000E+001, 1.9800000E+001, 1.9800000E+001
 2.8000886E+003,89, 0.0000000E+000, 5.0000000E-003, 1.0000000E-002, 1.5000000E-002, 2.0000000E-002, 2.5000000E-002, 3.0000000E-002, 3.5000000E-002, 4.0000000E-002, 4.5000000E-002, 5.0000000E-002, 5.5000000E-002, 6.0000000E-002, 6.5000000E-002, 7.0000000E-002, 7.5000000E-002, 8.0000000E-002, 8.5000000E-002, 9.0000000E-002, 9.5000000E-002, 1.0000000E-001, 1.0500000E-001, 1.1000000E-001, 1.1500000E-001, 1.2000000E-001, 1.2500000E-001, 1.3000000E-001, 1.3500000E-001, 1.4000000E-001, 1.4500000E-001, 1.5000000E-001, 1.5500000E-001, 1.6000000E-001, 1.6500000E-001, 1.7000000E-001, 1.7500000E-001, 1.8000000E-001, 1.8500000E-001, 1.9000000E-001, 1.9500000E-001, 2.0000000E-001, 2.0500000E-001, 2.1000000E-001, 2.1500000E-001, 2.2000000E-001, 2.2500000E-001, 2.3000000E-001, 2.3500000E-001, 2.4000000E-001, 2.4500000E-001, 2.5000000E-001, 2.5500000E-001, 2.6000000E-001, 2.6500000E-001, 2.7000000E-001, 2.7500000E-001, 2.8000000E-001, 2.8500000E-001, 2.9000000E-001, 2.9500000E-001, 3.0000000E-001, 3.0500000E-001, 3.1000000E-001, 3.1500000E-001, 3.2000000E-001, 3.2500000E-001, 3.3000000E-001, 3.3500000E-001, 3.4000000E-001, 3.4500000E-001, 3.5000000E-001, 3.5500000E-001, 3.6000000E-001, 3.6500000E-001, 3.7000000E-001, 3.7500000E-001, 3.8000000E-001, 3.8500000E-001, 3.9000000E-001, 3.9500000E-001, 4.0000000E-001, 4.0500000E-001, 4.1000000E-001, 4.1500000E-001, 4.2000000E-001, 4.2500000E-001, 4.3000000E-001, 4.3500000E-001, 4.4000000E-001, 3.7249028E+002, 3.3491633E+002, 2.9798070E+002, 2.6103809E+002, 2.2416293E+002, 1.8965825E+002, 1.6066658E+002, 1.3971094E+002, 1.2513743E+002, 1.0959527E+002, 9.2396680E+001, 7.7532632E+001, 6.5083606E+001, 5.4874202E+001, 4.6641740E+001, 4.0108488E+001, 3.5003217E+001, 3.1069701E+001, 2.8078601E+001, 2.5830248E+001, 2.4158152E+001, 2.2927400E+001, 2.2028681E+001, 2.1377738E+001, 2.0909470E+001, 2.0574799E+001, 2.0336712E+001, 2.0168179E+001, 2.0048633E+001, 1.9963178E+001, 1.9900546E+001, 1.9852277E+001, 1.9819088E+001, 1.9805455E+001, 1.9802533E+001, 1.9801158E+001, 1.9800520E+001, 1.9800231E+001, 1.9800102E+001, 1.9800049E+001, 1.9800028E+001, 1.9800018E+001, 1.9800010E+001, 1.9800005E+001, 1.9800003E+001, 1.9800002E+001, 1.9800001E+001, 1.9800000E+001, 1.9800000E+001, 1.9800000E+001, 1.9800000E+001, 1.9800000E+001, 1.9800000E+001, 1.9800000E+001, 1.9800000E+001, 1.9800000E+001, 1.9800000E+001, 1.9800000E+001, 1.9800000E+001, 1.9800000E+001, 1.9800000E+001, 1.9800000E+001, 1.9800000E+001, 1.9800000E+001, 1.9800000E+001, 1.9800000E+001, 1.9800000E+001, 1.9800000E+001, 1.9800000E+001, 1.9800000E+001, 1.9800000E+001, 1.9800000E+001, 1.9800000E+001, 1.9800000E+001, 1.9800000E+001, 1.9800000E+001, 1.9800000E+001, 1.9800000E+001, 1.9800000E+001, 1.9800000E+001, 1.9800000E+001, 1.9800000E+001, 1.9800000E+001, 1.9800000E+001, 1.9800000E+001, 1.9800000E+001, 1.9800000E+001, 1.9800000E+001, 1.9800000E+001
 2.9001582E+003,89, 0.0000000E+000, 5.0000000E-003, 1.0000000E-002, 1.5000000E-002, 2.0000000E-002, 2.5000000E-002, 3.0000000E-002, 3.5000000E-002, 4.0000000E-002, 4.5000000E-002, 5.0000000E-002, 5.5000000E-002, 6.0000000E-002, 6.5000000E-002, 7.0000000E-002, 7.5000000E-002, 8.0000000E-002, 8.5000000E-002, 9.0000000E-002, 9.5000000E-002, 1.0000000E-001, 1.0500000E-001, 1.1000000E-001, 1.1500000E-001, 1.2000000E-001, 1.2500000E-001, 1.3000000E-001, 1.3500000E-001, 1.4000000E-001, 1.4500000E-001, 1.5000000E-001, 1.5500000E-001, 1.6000000E-001, 1.6500000E-001, 1.7000000E-001, 1.7500000E-001, 1.8000000E-001, 1.8500000E-001, 1.9000000E-001, 1.9500000E-001, 2.0000000E-001, 2.0500000E-001, 2.1000000E-001, 2.1500000E-001, 2.2000000E-001, 2.2500000E-001, 2.3000000E-001, 2.3500000E-001, 2.4000000E-001, 2.4500000E-001, 2.5000000E-001, 2.5500000E-001, 2.6000000E-001, 2.6500000E-001, 2.7000000E-001, 2.7500000E-001, 2.8000000E-001, 2.8500000E-001, 2.9000000E-001, 2.9500000E-001, 3.0000000E-001, 3.0500000E-001, 3.1000000E-001, 3.1500000E-001, 3.2000000E-001, 3.2500000E-001, 3.3000000E-001, 3.3500000E-001, 3.4000000E-001, 3.4500000E-001, 3.5000000E-001, 3.5500000E-001, 3.6000000E-001, 3.6500000E-001, 3.7000000E-001, 3.7500000E-001, 3.8000000E-001, 3.8500000E-001, 3.9000000E-001, 3.9500000E-001, 4.0000000E-001, 4.0500000E-001, 4.1000000E-001, 4.1500000E-001, 4.2000000E-001, 4.2500000E-001, 4.3000000E-001, 4.3500000E-001, 4.4000000E-001, 3.7558376E+002, 3.3936947E+002, 3.0359761E+002, 2.6794704E+002, 2.3246125E+002, 1.9908057E+002, 1.7096571E+002, 1.5077034E+002, 1.3639947E+002, 1.2034019E+002, 1.0223597E+002, 8.6197995E+001, 7.2492795E+001, 6.1089214E+001, 5.1763568E+001, 4.4260221E+001, 3.8317133E+001, 3.3677384E+001, 3.0103467E+001, 2.7384087E+001, 2.5337764E+001, 2.3813538E+001, 2.2688223E+001, 2.1864480E+001, 2.1265502E+001, 2.0833176E+001, 2.0522327E+001, 2.0299771E+001, 2.0140244E+001, 2.0024958E+001, 1.9939518E+001, 1.9872988E+001, 1.9826938E+001, 1.9807915E+001, 1.9803746E+001, 1.9801745E+001, 1.9800799E+001, 1.9800362E+001, 1.9800164E+001, 1.9800080E+001, 1.9800047E+001, 1.9800030E+001, 1.9800017E+001, 1.9800009E+001, 1.9800005E+001, 1.9800003E+001, 1.9800002E+001, 1.9800001E+001, 1.9800000E+001, 1.9800000E+001, 1.9800000E+001, 1.9800000E+001, 1.9800000E+001, 1.9800000E+001, 1.9800000E+001, 1.9800000E+001, 1.9800000E+001, 1.9800000E+001, 1.9800000E+001, 1.9800000E+001, 1.9800000E+001, 1.9800000E+001, 1.9800000E+001, 1.9800000E+001, 1.9800000E+001, 1.9800000E+001, 1.9800000E+001, 1.9800000E+001, 1.9800000E+001, 1.9800000E+001, 1.9800000E+001, 1.9800000E+001, 1.9800000E+001, 1.9800000E+001, 1.9800000E+001, 1.9800000E+001, 1.9800000E+001, 1.9800000E+001, 1.9800000E+001, 1.9800000E+001, 1.9800000E+001, 1.9800000E+001, 1.9800000E+001, 1.9800000E+001, 1.9800000E+001, 1.9800000E+001, 1.9800000E+001, 1.9800000E+001, 1.9800000E+001
 3.0001101E+003,89, 0.0000000E+000, 5.0000000E-003, 1.0000000E-002, 1.5000000E-002, 2.0000000E-002, 2.5000000E-002, 3.0000000E-002, 3.5000000E-002, 4.0000000E-002, 4.5000000E-002, 5.0000000E-002, 5.5000000E-002, 6.0000000E-002, 6.5000000E-002, 7.0000000E-002, 7.5000000E-002, 8.0000000E-002, 8.5000000E-002, 9.0000000E-002, 9.5000000E-002, 1.0000000E-001, 1.0500000E-001, 1.1000000E-001, 1.1500000E-001, 1.2000000E-001, 1.2500000E-001, 1.3000000E-001, 1.3500000E-001, 1.4000000E-001, 1.4500000E-001, 1.5000000E-001, 1.5500000E-001, 1.6000000E-001, 1.6500000E-001, 1.7000000E-001, 1.7500000E-001, 1.8000000E-001, 1.8500000E-001, 1.9000000E-001, 1.9500000E-001, 2.0000000E-001, 2.0500000E-001, 2.1000000E-001, 2.1500000E-001, 2.2000000E-001, 2.2500000E-001, 2.3000000E-001, 2.3500000E-001, 2.4000000E-001, 2.4500000E-001, 2.5000000E-001, 2.5500000E-001, 2.6000000E-001, 2.6500000E-001, 2.7000000E-001, 2.7500000E-001, 2.8000000E-001, 2.8500000E-001, 2.9000000E-001, 2.9500000E-001, 3.0000000E-001, 3.0500000E-001, 3.1000000E-001, 3.1500000E-001, 3.2000000E-001, 3.2500000E-001, 3.3000000E-001, 3.3500000E-001, 3.4000000E-001, 3.4500000E-001, 3.5000000E-001, 3.5500000E-001, 3.6000000E-001, 3.6500000E-001, 3.7000000E-001, 3.7500000E-001, 3.8000000E-001, 3.8500000E-001, 3.9000000E-001, 3.9500000E-001, 4.0000000E-001, 4.0500000E-001, 4.1000000E-001, 4.1500000E-001, 4.2000000E-001, 4.2500000E-001, 4.3000000E-001, 4.3500000E-001, 4.4000000E-001, 3.7875783E+002, 3.4342056E+002, 3.0875243E+002, 2.7443856E+002, 2.4042688E+002, 2.0821551E+002, 1.8100217E+002, 1.6151100E+002, 1.4730539E+002, 1.3085324E+002, 1.1208440E+002, 9.5132935E+001, 8.0299500E+001, 6.7728217E+001, 5.7311427E+001, 4.8819461E+001, 4.2005380E+001, 3.6617326E+001, 3.2415731E+001, 2.9180040E+001, 2.6716471E+001, 2.4861398E+001, 2.3477083E+001, 2.2452795E+001, 2.1700485E+001, 2.1152033E+001, 2.0753756E+001, 2.0465551E+001, 2.0256633E+001, 2.0104040E+001, 1.9989696E+001, 1.9899792E+001, 1.9837224E+001, 1.9811244E+001, 1.9805416E+001, 1.9802570E+001, 1.9801199E+001, 1.9800553E+001, 1.9800255E+001, 1.9800127E+001, 1.9800077E+001, 1.9800050E+001, 1.9800028E+001, 1.9800016E+001, 1.9800009E+001, 1.9800005E+001, 1.9800003E+001, 1.9800001E+001, 1.9800001E+001, 1.9800000E+001, 1.9800000E+001, 1.9800000E+001, 1.9800000E+001, 1.9800000E+001, 1.9800000E+001, 1.9800000E+001, 1.9800000E+001, 1.9800000E+001, 1.9800000E+001, 1.9800000E+001, 1.9800000E+001, 1.9800000E+001, 1.9800000E+001, 1.9800000E+001, 1.9800000E+001, 1.9800000E+001, 1.9800000E+001, 1.9800000E+001, 1.9800000E+001, 1.9800000E+001, 1.9800000E+001, 1.9800000E+001, 1.9800000E+001, 1.9800000E+001, 1.9800000E+001, 1.9800000E+001, 1.9800000E+001, 1.9800000E+001, 1.9800000E+001, 1.9800000E+001, 1.9800000E+001, 1.9800000E+001, 1.9800000E+001, 1.9800000E+001, 1.9800000E+001, 1.9800000E+001, 1.9800000E+001, 1.9800000E+001, 1.9800000E+001
 3.1001426E+003,89, 0.0000000E+000, 5.0000000E-003, 1.0000000E-002, 1.5000000E-002, 2.0000000E-002, 2.5000000E-002, 3.0000000E-002, 3.5000000E-002, 4.0000000E-002, 4.5000000E-002, 5.0000000E-002, 5.5000000E-002, 6.0000000E-002, 6.5000000E-002, 7.0000000E-002, 7.5000000E-002, 8.0000000E-002, 8.5000000E-002, 9.0000000E-002, 9.5000000E-002, 1.0000000E-001, 1.0500000E-001, 1.1000000E-001, 1.1500000E-001, 1.2000000E-001, 1.2500000E-001, 1.3000000E-001, 1.3500000E-001, 1.4000000E-001, 1.4500000E-001, 1.5000000E-001, 1.5500000E-001, 1.6000000E-001, 1.6500000E-001, 1.7000000E-001, 1.7500000E-001, 1.8000000E-001, 1.8500000E-001, 1.9000000E-001, 1.9500000E-001, 2.0000000E-001, 2.0500000E-001, 2.1000000E-001, 2.1500000E-001, 2.2000000E-001, 2.2500000E-001, 2.3000000E-001, 2.3500000E-001, 2.4000000E-001, 2.4500000E-001, 2.5000000E-001, 2.5500000E-001, 2.6000000E-001, 2.6500000E-001, 2.7000000E-001, 2.7500000E-001, 2.8000000E-001, 2.8500000E-001, 2.9000000E-001, 2.9500000E-001, 3.0000000E-001, 3.0500000E-001, 3.1000000E-001, 3.1500000E-001, 3.2000000E-001, 3.2500000E-001, 3.3000000E-001, 3.3500000E-001, 3.4000000E-001, 3.4500000E-001, 3.5000000E-001, 3.5500000E-001, 3.6000000E-001, 3.6500000E-001, 3.7000000E-001, 3.7500000E-001, 3.8000000E-001, 3.8500000E-001, 3.9000000E-001, 3.9500000E-001, 4.0000000E-001, 4.0500000E-001, 4.1000000E-001, 4.1500000E-001, 4.2000000E-001, 4.2500000E-001, 4.3000000E-001, 4.3500000E-001, 4.4000000E-001, 3.8160806E+002, 3.4732002E+002, 3.1360930E+002, 2.8052270E+002, 2.4810906E+002, 2.1727619E+002, 1.9097042E+002, 1.7205024E+002, 1.5795262E+002, 1.4118742E+002, 1.2190936E+002, 1.0423218E+002, 8.8424541E+001, 7.4765724E+001, 6.3284531E+001, 5.3799569E+001, 4.6089006E+001, 3.9914924E+001, 3.5041121E+001, 3.1243207E+001, 2.8319145E+001, 2.6093379E+001, 2.4414658E+001, 2.3159722E+001, 2.2228508E+001, 2.1542808E+001, 2.1040061E+001, 2.0672547E+001, 2.0403257E+001, 2.0204415E+001, 2.0053826E+001, 1.9934298E+001, 1.9850626E+001, 1.9815699E+001, 1.9807695E+001, 1.9803716E+001, 1.9801765E+001, 1.9800829E+001, 1.9800390E+001, 1.9800198E+001, 1.9800122E+001, 1.9800079E+001, 1.9800046E+001, 1.9800026E+001, 1.9800015E+001, 1.9800008E+001, 1.9800005E+001, 1.9800003E+001, 1.9800001E+001, 1.9800001E+001, 1.9800000E+001, 1.9800000E+001, 1.9800000E+001, 1.9800000E+001, 1.9800000E+001, 1.9800000E+001, 1.9800000E+001, 1.9800000E+001, 1.9800000E+001, 1.9800000E+001, 1.9800000E+001, 1.9800000E+001, 1.9800000E+001, 1.9800000E+001, 1.9800000E+001, 1.9800000E+001, 1.9800000E+001, 1.9800000E+001, 1.9800000E+001, 1.9800000E+001, 1.9800000E+001, 1.9800000E+001, 1.9800000E+001, 1.9800000E+001, 1.9800000E+001, 1.9800000E+001, 1.9800000E+001, 1.9800000E+001, 1.9800000E+001, 1.9800000E+001, 1.9800000E+001, 1.9800000E+001, 1.9800000E+001, 1.9800000E+001, 1.9800000E+001, 1.9800000E+001, 1.9800000E+001, 1.9800000E+001, 1.9800000E+001
 3.2000366E+003,89, 0.0000000E+000, 5.0000000E-003, 1.0000000E-002, 1.5000000E-002, 2.0000000E-002, 2.5000000E-002, 3.0000000E-002, 3.5000000E-002, 4.0000000E-002, 4.5000000E-002, 5.0000000E-002, 5.5000000E-002, 6.0000000E-002, 6.5000000E-002, 7.0000000E-002, 7.5000000E-002, 8.0000000E-002, 8.5000000E-002, 9.0000000E-002, 9.5000000E-002, 1.0000000E-001, 1.0500000E-001, 1.1000000E-001, 1.1500000E-001, 1.2000000E-001, 1.2500000E-001, 1.3000000E-001, 1.3500000E-001, 1.4000000E-001, 1.4500000E-001, 1.5000000E-001, 1.5500000E-001, 1.6000000E-001, 1.6500000E-001, 1.7000000E-001, 1.7500000E-001, 1.8000000E-001, 1.8500000E-001, 1.9000000E-001, 1.9500000E-001, 2.0000000E-001, 2.0500000E-001, 2.1000000E-001, 2.1500000E-001, 2.2000000E-001, 2.2500000E-001, 2.3000000E-001, 2.3500000E-001, 2.4000000E-001, 2.4500000E-001, 2.5000000E-001, 2.5500000E-001, 2.6000000E-001, 2.6500000E-001, 2.7000000E-001, 2.7500000E-001, 2.8000000E-001, 2.8500000E-001, 2.9000000E-001, 2.9500000E-001, 3.0000000E-001, 3.0500000E-001, 3.1000000E-001, 3.1500000E-001, 3.2000000E-001, 3.2500000E-001, 3.3000000E-001, 3.3500000E-001, 3.4000000E-001, 3.4500000E-001, 3.5000000E-001, 3.5500000E-001, 3.6000000E-001, 3.6500000E-001, 3.7000000E-001, 3.7500000E-001, 3.8000000E-001, 3.8500000E-001, 3.9000000E-001, 3.9500000E-001, 4.0000000E-001, 4.0500000E-001, 4.1000000E-001, 4.1500000E-001, 4.2000000E-001, 4.2500000E-001, 4.3000000E-001, 4.3500000E-001, 4.4000000E-001, 3.8472251E+002, 3.5120071E+002, 3.1837008E+002, 2.8640761E+002, 2.5544325E+002, 2.2602381E+002, 2.0069838E+002, 1.8234417E+002, 1.6833751E+002, 1.5127098E+002, 1.3155211E+002, 1.1331699E+002, 9.6748120E+001, 8.2118804E+001, 6.9606707E+001, 5.9140775E+001, 5.0527757E+001, 4.3546294E+001, 3.7968997E+001, 3.3573140E+001, 3.0150201E+001, 2.7515622E+001, 2.5508073E+001, 2.3992619E+001, 2.2857253E+001, 2.2012854E+001, 2.1387480E+001, 2.0926050E+001, 2.0584428E+001, 2.0329320E+001, 2.0134148E+001, 1.9977801E+001, 1.9867724E+001, 1.9821539E+001, 1.9810737E+001, 1.9805273E+001, 1.9802548E+001, 1.9801219E+001, 1.9800585E+001, 1.9800303E+001, 1.9800190E+001, 1.9800125E+001, 1.9800073E+001, 1.9800042E+001, 1.9800024E+001, 1.9800014E+001, 1.9800008E+001, 1.9800004E+001, 1.9800002E+001, 1.9800001E+001, 1.9800001E+001, 1.9800000E+001, 1.9800000E+001, 1.9800000E+001, 1.9800000E+001, 1.9800000E+001, 1.9800000E+001, 1.9800000E+001, 1.9800000E+001, 1.9800000E+001, 1.9800000E+001, 1.9800000E+001, 1.9800000E+001, 1.9800000E+001, 1.9800000E+001, 1.9800000E+001, 1.9800000E+001, 1.9800000E+001, 1.9800000E+001, 1.9800000E+001, 1.9800000E+001, 1.9800000E+001, 1.9800000E+001, 1.9800000E+001, 1.9800000E+001, 1.9800000E+001, 1.9800000E+001, 1.9800000E+001, 1.9800000E+001, 1.9800000E+001, 1.9800000E+001, 1.9800000E+001, 1.9800000E+001, 1.9800000E+001, 1.9800000E+001, 1.9800000E+001, 1.9800000E+001, 1.9800000E+001, 1.9800000E+001
 3.3000598E+003,89, 0.0000000E+000, 5.0000000E-003, 1.0000000E-002, 1.5000000E-002, 2.0000000E-002, 2.5000000E-002, 3.0000000E-002, 3.5000000E-002, 4.0000000E-002, 4.5000000E-002, 5.0000000E-002, 5.5000000E-002, 6.0000000E-002, 6.5000000E-002, 7.0000000E-002, 7.5000000E-002, 8.0000000E-002, 8.5000000E-002, 9.0000000E-002, 9.5000000E-002, 1.0000000E-001, 1.0500000E-001, 1.1000000E-001, 1.1500000E-001, 1.2000000E-001, 1.2500000E-001, 1.3000000E-001, 1.3500000E-001, 1.4000000E-001, 1.4500000E-001, 1.5000000E-001, 1.5500000E-001, 1.6000000E-001, 1.6500000E-001, 1.7000000E-001, 1.7500000E-001, 1.8000000E-001, 1.8500000E-001, 1.9000000E-001, 1.9500000E-001, 2.0000000E-001, 2.0500000E-001, 2.1000000E-001, 2.1500000E-001, 2.2000000E-001, 2.2500000E-001, 2.3000000E-001, 2.3500000E-001, 2.4000000E-001, 2.4500000E-001, 2.5000000E-001, 2.5500000E-001, 2.6000000E-001, 2.6500000E-001, 2.7000000E-001, 2.7500000E-001, 2.8000000E-001, 2.8500000E-001, 2.9000000E-001, 2.9500000E-001, 3.0000000E-001, 3.0500000E-001, 3.1000000E-001, 3.1500000E-001, 3.2000000E-001, 3.2500000E-001, 3.3000000E-001, 3.3500000E-001, 3.4000000E-001, 3.4500000E-001, 3.5000000E-001, 3.5500000E-001, 3.6000000E-001, 3.6500000E-001, 3.7000000E-001, 3.7500000E-001, 3.8000000E-001, 3.8500000E-001, 3.9000000E-001, 3.9500000E-001, 4.0000000E-001, 4.0500000E-001, 4.1000000E-001, 4.1500000E-001, 4.2000000E-001, 4.2500000E-001, 4.3000000E-001, 4.3500000E-001, 4.4000000E-001, 3.8780328E+002, 3.5514621E+002, 3.2319423E+002, 2.9222285E+002, 2.6249395E+002, 2.3439813E+002, 2.1008413E+002, 1.9234575E+002, 1.7847001E+002, 1.6114787E+002, 1.4105934E+002, 1.2236289E+002, 1.0516155E+002, 8.9689782E+001, 7.6221709E+001, 6.4806583E+001, 5.5300174E+001, 4.7501627E+001, 4.1198178E+001, 3.6173144E+001, 3.2217198E+001, 2.9139814E+001, 2.6770029E+001, 2.4963286E+001, 2.3596882E+001, 2.2570953E+001, 2.1803805E+001, 2.1232204E+001, 2.0805040E+001, 2.0482683E+001, 2.0233362E+001, 2.0031874E+001, 1.9889234E+001, 1.9829087E+001, 1.9814739E+001, 1.9807358E+001, 1.9803615E+001, 1.9801759E+001, 1.9800860E+001, 1.9800455E+001, 1.9800289E+001, 1.9800191E+001, 1.9800113E+001, 1.9800066E+001, 1.9800038E+001, 1.9800022E+001, 1.9800013E+001, 1.9800007E+001, 1.9800004E+001, 1.9800002E+001, 1.9800001E+001, 1.9800001E+001, 1.9800000E+001, 1.9800000E+001, 1.9800000E+001, 1.9800000E+001, 1.9800000E+001, 1.9800000E+001, 1.9800000E+001, 1.9800000E+001, 1.9800000E+001, 1.9800000E+001, 1.9800000E+001, 1.9800000E+001, 1.9800000E+001, 1.9800000E+001, 1.9800000E+001, 1.9800000E+001, 1.9800000E+001, 1.9800000E+001, 1.9800000E+001, 1.9800000E+001, 1.9800000E+001, 1.9800000E+001, 1.9800000E+001, 1.9800000E+001, 1.9800000E+001, 1.9800000E+001, 1.9800000E+001, 1.9800000E+001, 1.9800000E+001, 1.9800000E+001, 1.9800000E+001, 1.9800000E+001, 1.9800000E+001, 1.9800000E+001, 1.9800000E+001, 1.9800000E+001, 1.9800000E+001
 3.4000884E+003,89, 0.0000000E+000, 5.0000000E-003, 1.0000000E-002, 1.5000000E-002, 2.0000000E-002, 2.5000000E-002, 3.0000000E-002, 3.5000000E-002, 4.0000000E-002, 4.5000000E-002, 5.0000000E-002, 5.5000000E-002, 6.0000000E-002, 6.5000000E-002, 7.0000000E-002, 7.5000000E-002, 8.0000000E-002, 8.5000000E-002, 9.0000000E-002, 9.5000000E-002, 1.0000000E-001, 1.0500000E-001, 1.1000000E-001, 1.1500000E-001, 1.2000000E-001, 1.2500000E-001, 1.3000000E-001, 1.3500000E-001, 1.4000000E-001, 1.4500000E-001, 1.5000000E-001, 1.5500000E-001, 1.6000000E-001, 1.6500000E-001, 1.7000000E-001, 1.7500000E-001, 1.8000000E-001, 1.8500000E-001, 1.9000000E-001, 1.9500000E-001, 2.0000000E-001, 2.0500000E-001, 2.1000000E-001, 2.1500000E-001, 2.2000000E-001, 2.2500000E-001, 2.3000000E-001, 2.3500000E-001, 2.4000000E-001, 2.4500000E-001, 2.5000000E-001, 2.5500000E-001, 2.6000000E-001, 2.6500000E-001, 2.7000000E-001, 2.7500000E-001, 2.8000000E-001, 2.8500000E-001, 2.9000000E-001, 2.9500000E-001, 3.0000000E-001, 3.0500000E-001, 3.1000000E-001, 3.1500000E-001, 3.2000000E-001, 3.2500000E-001, 3.3000000E-001, 3.3500000E-001, 3.4000000E-001, 3.4500000E-001, 3.5000000E-001, 3.5500000E-001, 3.6000000E-001, 3.6500000E-001, 3.7000000E-001, 3.7500000E-001, 3.8000000E-001, 3.8500000E-001, 3.9000000E-001, 3.9500000E-001, 4.0000000E-001, 4.0500000E-001, 4.1000000E-001, 4.1500000E-001, 4.2000000E-001, 4.2500000E-001, 4.3000000E-001, 4.3500000E-001, 4.4000000E-001, 3.9075283E+002, 3.5892945E+002, 3.2792234E+002, 2.9791387E+002, 2.6930139E+002, 2.4248682E+002, 2.1922342E+002, 2.0209411E+002, 1.8836284E+002, 1.7082436E+002, 1.5039488E+002, 1.3129323E+002, 1.1359157E+002, 9.7446367E+001, 8.3116393E+001, 7.0778992E+001, 6.0389349E+001, 5.1770101E+001, 4.4724637E+001, 3.9046224E+001, 3.4527872E+001, 3.0975351E+001, 2.8211969E+001, 2.6084486E+001, 2.4459539E+001, 2.3227340E+001, 2.2297460E+001, 2.1598416E+001, 2.1070846E+001, 2.0668605E+001, 2.0354464E+001, 2.0098316E+001, 1.9915997E+001, 1.9838727E+001, 1.9819938E+001, 1.9810114E+001, 1.9805050E+001, 1.9802498E+001, 1.9801243E+001, 1.9800670E+001, 1.9800431E+001, 1.9800289E+001, 1.9800172E+001, 1.9800102E+001, 1.9800060E+001, 1.9800035E+001, 1.9800020E+001, 1.9800012E+001, 1.9800007E+001, 1.9800004E+001, 1.9800002E+001, 1.9800001E+001, 1.9800001E+001, 1.9800000E+001, 1.9800000E+001, 1.9800000E+001, 1.9800000E+001, 1.9800000E+001, 1.9800000E+001, 1.9800000E+001, 1.9800000E+001, 1.9800000E+001, 1.9800000E+001, 1.9800000E+001, 1.9800000E+001, 1.9800000E+001, 1.9800000E+001, 1.9800000E+001, 1.9800000E+001, 1.9800000E+001, 1.9800000E+001, 1.9800000E+001, 1.9800000E+001, 1.9800000E+001, 1.9800000E+001, 1.9800000E+001, 1.9800000E+001, 1.9800000E+001, 1.9800000E+001, 1.9800000E+001, 1.9800000E+001, 1.9800000E+001, 1.9800000E+001, 1.9800000E+001, 1.9800000E+001, 1.9800000E+001, 1.9800000E+001, 1.9800000E+001, 1.9800000E+001
 3.5001172E+003,89, 0.0000000E+000, 5.0000000E-003, 1.0000000E-002, 1.5000000E-002, 2.0000000E-002, 2.5000000E-002, 3.0000000E-002, 3.5000000E-002, 4.0000000E-002, 4.5000000E-002, 5.0000000E-002, 5.5000000E-002, 6.0000000E-002, 6.5000000E-002, 7.0000000E-002, 7.5000000E-002, 8.0000000E-002, 8.5000000E-002, 9.0000000E-002, 9.5000000E-002, 1.0000000E-001, 1.0500000E-001, 1.1000000E-001, 1.1500000E-001, 1.2000000E-001, 1.2500000E-001, 1.3000000E-001, 1.3500000E-001, 1.4000000E-001, 1.4500000E-001, 1.5000000E-001, 1.5500000E-001, 1.6000000E-001, 1.6500000E-001, 1.7000000E-001, 1.7500000E-001, 1.8000000E-001, 1.8500000E-001, 1.9000000E-001, 1.9500000E-001, 2.0000000E-001, 2.0500000E-001, 2.1000000E-001, 2.1500000E-001, 2.2000000E-001, 2.2500000E-001, 2.3000000E-001, 2.3500000E-001, 2.4000000E-001, 2.4500000E-001, 2.5000000E-001, 2.5500000E-001, 2.6000000E-001, 2.6500000E-001, 2.7000000E-001, 2.7500000E-001, 2.8000000E-001, 2.8500000E-001, 2.9000000E-001, 2.9500000E-001, 3.0000000E-001, 3.0500000E-001, 3.1000000E-001, 3.1500000E-001, 3.2000000E-001, 3.2500000E-001, 3.3000000E-001, 3.3500000E-001, 3.4000000E-001, 3.4500000E-001, 3.5000000E-001, 3.5500000E-001, 3.6000000E-001, 3.6500000E-001, 3.7000000E-001, 3.7500000E-001, 3.8000000E-001, 3.8500000E-001, 3.9000000E-001, 3.9500000E-001, 4.0000000E-001, 4.0500000E-001, 4.1000000E-001, 4.1500000E-001, 4.2000000E-001, 4.2500000E-001, 4.3000000E-001, 4.3500000E-001, 4.4000000E-001, 3.9377298E+002, 3.6279033E+002, 3.3251360E+002, 3.0331000E+002, 2.7576851E+002, 2.5031762E+002, 2.2811708E+002, 2.1151587E+002, 1.9790206E+002, 1.8017737E+002, 1.5945417E+002, 1.4001261E+002, 1.2189219E+002, 1.0518371E+002, 9.0112642E+001, 7.6926258E+001, 6.5687376E+001, 5.6267384E+001, 4.8485390E+001, 4.2145473E+001, 3.7047453E+001, 3.2998055E+001, 2.9817150E+001, 2.7344439E+001, 2.5437757E+001, 2.3979069E+001, 2.2868327E+001, 2.2025058E+001, 2.1382540E+001, 2.0888376E+001, 2.0498581E+001, 2.0177832E+001, 1.9948390E+001, 1.9850716E+001, 1.9826513E+001, 1.9813658E+001, 1.9806928E+001, 1.9803483E+001, 1.9801763E+001, 1.9800968E+001, 1.9800632E+001, 1.9800426E+001, 1.9800257E+001, 1.9800154E+001, 1.9800091E+001, 1.9800054E+001, 1.9800032E+001, 1.9800019E+001, 1.9800011E+001, 1.9800006E+001, 1.9800004E+001, 1.9800002E+001, 1.9800001E+001, 1.9800001E+001, 1.9800000E+001, 1.9800000E+001, 1.9800000E+001, 1.9800000E+001, 1.9800000E+001, 1.9800000E+001, 1.9800000E+001, 1.9800000E+001, 1.9800000E+001, 1.9800000E+001, 1.9800000E+001, 1.9800000E+001, 1.9800000E+001, 1.9800000E+001, 1.9800000E+001, 1.9800000E+001, 1.9800000E+001, 1.9800000E+001, 1.9800000E+001, 1.9800000E+001, 1.9800000E+001, 1.9800000E+001, 1.9800000E+001, 1.9800000E+001, 1.9800000E+001, 1.9800000E+001, 1.9800000E+001, 1.9800000E+001, 1.9800000E+001, 1.9800000E+001, 1.9800000E+001, 1.9800000E+001, 1.9800000E+001, 1.9800000E+001, 1.9800000E+001
 3.6001458E+003,89, 0.0000000E+000, 5.0000000E-003, 1.0000000E-002, 1.5000000E-002, 2.0000000E-002, 2.5000000E-002, 3.0000000E-002, 3.5000000E-002, 4.0000000E-002, 4.5000000E-002, 5.0000000E-002, 5.5000000E-002, 6.0000000E-002, 6.5000000E-002, 7.0000000E-002, 7.5000000E-002, 8.0000000E-002, 8.5000000E-002, 9.0000000E-002, 9.5000000E-002, 1.0000000E-001, 1.0500000E-001, 1.1000000E-001, 1.1500000E-001, 1.2000000E-001, 1.2500000E-001, 1.3000000E-001, 1.3500000E-001, 1.4000000E-001, 1.4500000E-001, 1.5000000E-001, 1.5500000E-001, 1.6000000E-001, 1.6500000E-001, 1.7000000E-001, 1.7500000E-001, 1.8000000E-001, 1.8500000E-001, 1.9000000E-001, 1.9500000E-001, 2.0000000E-001, 2.0500000E-001, 2.1000000E-001, 2.1500000E-001, 2.2000000E-001, 2.2500000E-001, 2.3000000E-001, 2.3500000E-001, 2.4000000E-001, 2.4500000E-001, 2.5000000E-001, 2.5500000E-001, 2.6000000E-001, 2.6500000E-001, 2.7000000E-001, 2.7500000E-001, 2.8000000E-001, 2.8500000E-001, 2.9000000E-001, 2.9500000E-001, 3.0000000E-001, 3.0500000E-001, 3.1000000E-001, 3.1500000E-001, 3.2000000E-001, 3.2500000E-001, 3.3000000E-001, 3.3500000E-001, 3.4000000E-001, 3.4500000E-001, 3.5000000E-001, 3.5500000E-001, 3.6000000E-001, 3.6500000E-001, 3.7000000E-001, 3.7500000E-001, 3.8000000E-001, 3.8500000E-001, 3.9000000E-001, 3.9500000E-001, 4.0000000E-001, 4.0500000E-001, 4.1000000E-001, 4.1500000E-001, 4.2000000E-001, 4.2500000E-001, 4.3000000E-001, 4.3500000E-001, 4.4000000E-001, 3.9688114E+002, 3.6650309E+002, 3.3700575E+002, 3.0861647E+002, 2.8207286E+002, 2.5785757E+002, 2.3672806E+002, 2.2069238E+002, 2.0717734E+002, 1.8929315E+002, 1.6830969E+002, 1.4854580E+002, 1.3005343E+002, 1.1289424E+002, 9.7222385E+001, 8.3270827E+001, 7.1212768E+001, 6.1004719E+001, 5.2487648E+001, 4.5478918E+001, 3.9786973E+001, 3.5221541E+001, 3.1599801E+001, 2.8757284E+001, 2.6545095E+001, 2.4837351E+001, 2.3525156E+001, 2.2519807E+001, 2.1746801E+001, 2.1146542E+001, 2.0668772E+001, 2.0272399E+001, 1.9987382E+001, 1.9865522E+001, 1.9834767E+001, 1.9818179E+001, 1.9809362E+001, 1.9804781E+001, 1.9802462E+001, 1.9801375E+001, 1.9800909E+001, 1.9800618E+001, 1.9800376E+001, 1.9800228E+001, 1.9800137E+001, 1.9800082E+001, 1.9800049E+001, 1.9800029E+001, 1.9800017E+001, 1.9800010E+001, 1.9800006E+001, 1.9800003E+001, 1.9800002E+001, 1.9800001E+001, 1.9800001E+001, 1.9800000E+001, 1.9800000E+001, 1.9800000E+001, 1.9800000E+001, 1.9800000E+001, 1.9800000E+001, 1.9800000E+001, 1.9800000E+001, 1.9800000E+001, 1.9800000E+001, 1.9800000E+001, 1.9800000E+001, 1.9800000E+001, 1.9800000E+001, 1.9800000E+001, 1.9800000E+001, 1.9800000E+001, 1.9800000E+001, 1.9800000E+001, 1.9800000E+001, 1.9800000E+001, 1.9800000E+001, 1.9800000E+001, 1.9800000E+001, 1.9800000E+001, 1.9800000E+001, 1.9800000E+001, 1.9800000E+001, 1.9800000E+001, 1.9800000E+001, 1.9800000E+001, 1.9800000E+001, 1.9800000E+001, 1.9800000E+001
 3.7001746E+003,89, 0.0000000E+000, 5.0000000E-003, 1.0000000E-002, 1.5000000E-002, 2.0000000E-002, 2.5000000E-002, 3.0000000E-002, 3.5000000E-002, 4.0000000E-002, 4.5000000E-002, 5.0000000E-002, 5.5000000E-002, 6.0000000E-002, 6.5000000E-002, 7.0000000E-002, 7.5000000E-002, 8.0000000E-002, 8.5000000E-002, 9.0000000E-002, 9.5000000E-002, 1.0000000E-001, 1.0500000E-001, 1.1000000E-001, 1.1500000E-001, 1.2000000E-001, 1.2500000E-001, 1.3000000E-001, 1.3500000E-001, 1.4000000E-001, 1.4500000E-001, 1.5000000E-001, 1.5500000E-001, 1.6000000E-001, 1.6500000E-001, 1.7000000E-001, 1.7500000E-001, 1.8000000E-001, 1.8500000E-001, 1.9000000E-001, 1.9500000E-001, 2.0000000E-001, 2.0500000E-001, 2.1000000E-001, 2.1500000E-001, 2.2000000E-001, 2.2500000E-001, 2.3000000E-001, 2.3500000E-001, 2.4000000E-001, 2.4500000E-001, 2.5000000E-001, 2.5500000E-001, 2.6000000E-001, 2.6500000E-001, 2.7000000E-001, 2.7500000E-001, 2.8000000E-001, 2.8500000E-001, 2.9000000E-001, 2.9500000E-001, 3.0000000E-001, 3.0500000E-001, 3.1000000E-001, 3.1500000E-001, 3.2000000E-001, 3.2500000E-001, 3.3000000E-001, 3.3500000E-001, 3.4000000E-001, 3.4500000E-001, 3.5000000E-001, 3.5500000E-001, 3.6000000E-001, 3.6500000E-001, 3.7000000E-001, 3.7500000E-001, 3.8000000E-001, 3.8500000E-001, 3.9000000E-001, 3.9500000E-001, 4.0000000E-001, 4.0500000E-001, 4.1000000E-001, 4.1500000E-001, 4.2000000E-001, 4.2500000E-001, 4.3000000E-001, 4.3500000E-001, 4.4000000E-001, 3.9925777E+002, 3.6983646E+002, 3.4134064E+002, 3.1389690E+002, 2.8828451E+002, 2.6507701E+002, 2.4498578E+002, 2.2964421E+002, 2.1628977E+002, 1.9826489E+002, 1.7703594E+002, 1.5697191E+002, 1.3814966E+002, 1.2059805E+002, 1.0441026E+002, 8.9784570E+001, 7.6958838E+001, 6.5983272E+001, 5.6738661E+001, 4.9057862E+001, 4.2758722E+001, 3.7657069E+001, 3.3572122E+001, 3.0335593E+001, 2.7793404E+001, 2.5813225E+001, 2.4278180E+001, 2.3091318E+001, 2.2170220E+001, 2.1448470E+001, 2.0869106E+001, 2.0384510E+001, 2.0034214E+001, 1.9883718E+001, 1.9845070E+001, 1.9823913E+001, 1.9812500E+001, 1.9806482E+001, 1.9803393E+001, 1.9801928E+001, 1.9801291E+001, 1.9800885E+001, 1.9800544E+001, 1.9800332E+001, 1.9800202E+001, 1.9800122E+001, 1.9800073E+001, 1.9800044E+001, 1.9800026E+001, 1.9800015E+001, 1.9800009E+001, 1.9800005E+001, 1.9800003E+001, 1.9800002E+001, 1.9800001E+001, 1.9800001E+001, 1.9800000E+001, 1.9800000E+001, 1.9800000E+001, 1.9800000E+001, 1.9800000E+001, 1.9800000E+001, 1.9800000E+001, 1.9800000E+001, 1.9800000E+001, 1.9800000E+001, 1.9800000E+001, 1.9800000E+001, 1.9800000E+001, 1.9800000E+001, 1.9800000E+001, 1.9800000E+001, 1.9800000E+001, 1.9800000E+001, 1.9800000E+001, 1.9800000E+001, 1.9800000E+001, 1.9800000E+001, 1.9800000E+001, 1.9800000E+001, 1.9800000E+001, 1.9800000E+001, 1.9800000E+001, 1.9800000E+001, 1.9800000E+001, 1.9800000E+001, 1.9800000E+001, 1.9800000E+001, 1.9800000E+001
 3.8002031E+003,89, 0.0000000E+000, 5.0000000E-003, 1.0000000E-002, 1.5000000E-002, 2.0000000E-002, 2.5000000E-002, 3.0000000E-002, 3.5000000E-002, 4.0000000E-002, 4.5000000E-002, 5.0000000E-002, 5.5000000E-002, 6.0000000E-002, 6.5000000E-002, 7.0000000E-002, 7.5000000E-002, 8.0000000E-002, 8.5000000E-002, 9.0000000E-002, 9.5000000E-002, 1.0000000E-001, 1.0500000E-001, 1.1000000E-001, 1.1500000E-001, 1.2000000E-001, 1.2500000E-001, 1.3000000E-001, 1.3500000E-001, 1.4000000E-001, 1.4500000E-001, 1.5000000E-001, 1.5500000E-001, 1.6000000E-001, 1.6500000E-001, 1.7000000E-001, 1.7500000E-001, 1.8000000E-001, 1.8500000E-001, 1.9000000E-001, 1.9500000E-001, 2.0000000E-001, 2.0500000E-001, 2.1000000E-001, 2.1500000E-001, 2.2000000E-001, 2.2500000E-001, 2.3000000E-001, 2.3500000E-001, 2.4000000E-001, 2.4500000E-001, 2.5000000E-001, 2.5500000E-001, 2.6000000E-001, 2.6500000E-001, 2.7000000E-001, 2.7500000E-001, 2.8000000E-001, 2.8500000E-001, 2.9000000E-001, 2.9500000E-001, 3.0000000E-001, 3.0500000E-001, 3.1000000E-001, 3.1500000E-001, 3.2000000E-001, 3.2500000E-001, 3.3000000E-001, 3.3500000E-001, 3.4000000E-001, 3.4500000E-001, 3.5000000E-001, 3.5500000E-001, 3.6000000E-001, 3.6500000E-001, 3.7000000E-001, 3.7500000E-001, 3.8000000E-001, 3.8500000E-001, 3.9000000E-001, 3.9500000E-001, 4.0000000E-001, 4.0500000E-001, 4.1000000E-001, 4.1500000E-001, 4.2000000E-001, 4.2500000E-001, 4.3000000E-001, 4.3500000E-001, 4.4000000E-001, 4.0274474E+002, 3.7348753E+002, 3.4561854E+002, 3.1897514E+002, 2.9417883E+002, 2.7192111E+002, 2.5288072E+002, 2.3826614E+002, 2.2512463E+002, 2.0698813E+002, 1.8553164E+002, 1.6518189E+002, 1.4604002E+002, 1.2812833E+002, 1.1151361E+002, 9.6335011E+001, 8.2816198E+001, 7.1102448E+001, 6.1148801E+001, 5.2804474E+001, 4.5899725E+001, 4.0256391E+001, 3.5695999E+001, 3.2051189E+001, 2.9163331E+001, 2.6893182E+001, 2.5117353E+001, 2.3732978E+001, 2.2649549E+001, 2.1792799E+001, 2.1098563E+001, 2.0513422E+001, 2.0088686E+001, 1.9905474E+001, 1.9857585E+001, 1.9830987E+001, 1.9816431E+001, 1.9808648E+001, 1.9804599E+001, 1.9802657E+001, 1.9801800E+001, 1.9801243E+001, 1.9800772E+001, 1.9800476E+001, 1.9800292E+001, 1.9800178E+001, 1.9800108E+001, 1.9800065E+001, 1.9800039E+001, 1.9800023E+001, 1.9800014E+001, 1.9800008E+001, 1.9800005E+001, 1.9800003E+001, 1.9800002E+001, 1.9800001E+001, 1.9800001E+001, 1.9800000E+001, 1.9800000E+001, 1.9800000E+001, 1.9800000E+001, 1.9800000E+001, 1.9800000E+001, 1.9800000E+001, 1.9800000E+001, 1.9800000E+001, 1.9800000E+001, 1.9800000E+001, 1.9800000E+001, 1.9800000E+001, 1.9800000E+001, 1.9800000E+001, 1.9800000E+001, 1.9800000E+001, 1.9800000E+001, 1.9800000E+001, 1.9800000E+001, 1.9800000E+001, 1.9800000E+001, 1.9800000E+001, 1.9800000E+001, 1.9800000E+001, 1.9800000E+001, 1.9800000E+001, 1.9800000E+001, 1.9800000E+001, 1.9800000E+001, 1.9800000E+001, 1.9800000E+001
 3.9000010E+003,89, 0.0000000E+000, 5.0000000E-003, 1.0000000E-002, 1.5000000E-002, 2.0000000E-002, 2.5000000E-002, 3.0000000E-002, 3.5000000E-002, 4.0000000E-002, 4.5000000E-002, 5.0000000E-002, 5.5000000E-002, 6.0000000E-002, 6.5000000E-002, 7.0000000E-002, 7.5000000E-002, 8.0000000E-002, 8.5000000E-002, 9.0000000E-002, 9.5000000E-002, 1.0000000E-001, 1.0500000E-001, 1.1000000E-001, 1.1500000E-001, 1.2000000E-001, 1.2500000E-001, 1.3000000E-001, 1.3500000E-001, 1.4000000E-001, 1.4500000E-001, 1.5000000E-001, 1.5500000E-001, 1.6000000E-001, 1.6500000E-001, 1.7000000E-001, 1.7500000E-001, 1.8000000E-001, 1.8500000E-001, 1.9000000E-001, 1.9500000E-001, 2.0000000E-001, 2.0500000E-001, 2.1000000E-001, 2.1500000E-001, 2.2000000E-001, 2.2500000E-001, 2.3000000E-001, 2.3500000E-001, 2.4000000E-001, 2.4500000E-001, 2.5000000E-001, 2.5500000E-001, 2.6000000E-001, 2.6500000E-001, 2.7000000E-001, 2.7500000E-001, 2.8000000E-001, 2.8500000E-001, 2.9000000E-001, 2.9500000E-001, 3.0000000E-001, 3.0500000E-001, 3.1000000E-001, 3.1500000E-001, 3.2000000E-001, 3.2500000E-001, 3.3000000E-001, 3.3500000E-001, 3.4000000E-001, 3.4500000E-001, 3.5000000E-001, 3.5500000E-001, 3.6000000E-001, 3.6500000E-001, 3.7000000E-001, 3.7500000E-001, 3.8000000E-001, 3.8500000E-001, 3.9000000E-001, 3.9500000E-001, 4.0000000E-001, 4.0500000E-001, 4.1000000E-001, 4.1500000E-001, 4.2000000E-001, 4.2500000E-001, 4.3000000E-001, 4.3500000E-001, 4.4000000E-001, 4.0465820E+002, 3.7682031E+002, 3.4983115E+002, 3.2396028E+002, 2.9991892E+002, 2.7853363E+002, 2.6046733E+002, 2.4658982E+002, 2.3370943E+002, 2.1550463E+002, 1.9386418E+002, 1.7325142E+002, 1.5380362E+002, 1.3556637E+002, 1.1857789E+002, 1.0291616E+002, 8.8775037E+001, 7.6367630E+001, 6.5728283E+001, 5.6732329E+001, 4.9223033E+001, 4.3032228E+001, 3.7985947E+001, 3.3916814E+001, 3.0664904E+001, 2.8087219E+001, 2.6053575E+001, 2.4454060E+001, 2.3190678E+001, 2.2182677E+001, 2.1359686E+001, 2.0661584E+001, 2.0152278E+001, 1.9931392E+001, 1.9872711E+001, 1.9839665E+001, 1.9821329E+001, 1.9811389E+001, 1.9806152E+001, 1.9803611E+001, 1.9802475E+001, 1.9801722E+001, 1.9801079E+001, 1.9800672E+001, 1.9800416E+001, 1.9800256E+001, 1.9800157E+001, 1.9800095E+001, 1.9800058E+001, 1.9800035E+001, 1.9800021E+001, 1.9800012E+001, 1.9800007E+001, 1.9800004E+001, 1.9800003E+001, 1.9800001E+001, 1.9800001E+001, 1.9800000E+001, 1.9800000E+001, 1.9800000E+001, 1.9800000E+001, 1.9800000E+001, 1.9800000E+001, 1.9800000E+001, 1.9800000E+001, 1.9800000E+001, 1.9800000E+001, 1.9800000E+001, 1.9800000E+001, 1.9800000E+001, 1.9800000E+001, 1.9800000E+001, 1.9800000E+001, 1.9800000E+001, 1.9800000E+001, 1.9800000E+001, 1.9800000E+001, 1.9800000E+001, 1.9800000E+001, 1.9800000E+001, 1.9800000E+001, 1.9800000E+001, 1.9800000E+001, 1.9800000E+001, 1.9800000E+001, 1.9800000E+001, 1.9800000E+001, 1.9800000E+001, 1.9800000E+001
 4.0001536E+003,89, 0.0000000E+000, 5.0000000E-003, 1.0000000E-002, 1.5000000E-002, 2.0000000E-002, 2.5000000E-002, 3.0000000E-002, 3.5000000E-002, 4.0000000E-002, 4.5000000E-002, 5.0000000E-002, 5.5000000E-002, 6.0000000E-002, 6.5000000E-002, 7.0000000E-002, 7.5000000E-002, 8.0000000E-002, 8.5000000E-002, 9.0000000E-002, 9.5000000E-002, 1.0000000E-001, 1.0500000E-001, 1.1000000E-001, 1.1500000E-001, 1.2000000E-001, 1.2500000E-001, 1.3000000E-001, 1.3500000E-001, 1.4000000E-001, 1.4500000E-001, 1.5000000E-001, 1.5500000E-001, 1.6000000E-001, 1.6500000E-001, 1.7000000E-001, 1.7500000E-001, 1.8000000E-001, 1.8500000E-001, 1.9000000E-001, 1.9500000E-001, 2.0000000E-001, 2.0500000E-001, 2.1000000E-001, 2.1500000E-001, 2.2000000E-001, 2.2500000E-001, 2.3000000E-001, 2.3500000E-001, 2.4000000E-001, 2.4500000E-001, 2.5000000E-001, 2.5500000E-001, 2.6000000E-001, 2.6500000E-001, 2.7000000E-001, 2.7500000E-001, 2.8000000E-001, 2.8500000E-001, 2.9000000E-001, 2.9500000E-001, 3.0000000E-001, 3.0500000E-001, 3.1000000E-001, 3.1500000E-001, 3.2000000E-001, 3.2500000E-001, 3.3000000E-001, 3.3500000E-001, 3.4000000E-001, 3.4500000E-001, 3.5000000E-001, 3.5500000E-001, 3.6000000E-001, 3.6500000E-001, 3.7000000E-001, 3.7500000E-001, 3.8000000E-001, 3.8500000E-001, 3.9000000E-001, 3.9500000E-001, 4.0000000E-001, 4.0500000E-001, 4.1000000E-001, 4.1500000E-001, 4.2000000E-001, 4.2500000E-001, 4.3000000E-001, 4.3500000E-001, 4.4000000E-001, 4.0715078E+002, 3.8006256E+002, 3.5387029E+002, 3.2880884E+002, 3.0557738E+002, 2.8496468E+002, 2.6770762E+002, 2.5457623E+002, 2.4201787E+002, 2.2377912E+002, 2.0200144E+002, 1.8117242E+002, 1.6145140E+002, 1.4291007E+002, 1.2557498E+002, 1.0950047E+002, 9.4836411E+001, 8.1787535E+001, 7.0474654E+001, 6.0835291E+001, 5.2724249E+001, 4.5981940E+001, 4.0439703E+001, 3.5933177E+001, 3.2300830E+001, 2.9397354E+001, 2.7088146E+001, 2.5256077E+001, 2.3796712E+001, 2.2622980E+001, 2.1656796E+001, 2.0830827E+001, 2.0225538E+001, 1.9962020E+001, 1.9890855E+001, 1.9850227E+001, 1.9827379E+001, 1.9814828E+001, 1.9808132E+001, 1.9804848E+001, 1.9803359E+001, 1.9802354E+001, 1.9801488E+001, 1.9800936E+001, 1.9800585E+001, 1.9800364E+001, 1.9800225E+001, 1.9800138E+001, 1.9800084E+001, 1.9800051E+001, 1.9800031E+001, 1.9800019E+001, 1.9800011E+001, 1.9800007E+001, 1.9800004E+001, 1.9800002E+001, 1.9800001E+001, 1.9800001E+001, 1.9800000E+001, 1.9800000E+001, 1.9800000E+001, 1.9800000E+001, 1.9800000E+001, 1.9800000E+001, 1.9800000E+001, 1.9800000E+001, 1.9800000E+001, 1.9800000E+001, 1.9800000E+001, 1.9800000E+001, 1.9800000E+001, 1.9800000E+001, 1.9800000E+001, 1.9800000E+001, 1.9800000E+001, 1.9800000E+001, 1.9800000E+001, 1.9800000E+001, 1.9800000E+001, 1.9800000E+001, 1.9800000E+001, 1.9800000E+001, 1.9800000E+001, 1.9800000E+001, 1.9800000E+001, 1.9800000E+001, 1.9800000E+001, 1.9800000E+001, 1.9800000E+001
 4.1000898E+003,89, 0.0000000E+000, 5.0000000E-003, 1.0000000E-002, 1.5000000E-002, 2.0000000E-002, 2.5000000E-002, 3.0000000E-002, 3.5000000E-002, 4.0000000E-002, 4.5000000E-002, 5.0000000E-002, 5.5000000E-002, 6.0000000E-002, 6.5000000E-002, 7.0000000E-002, 7.5000000E-002, 8.0000000E-002, 8.5000000E-002, 9.0000000E-002, 9.5000000E-002, 1.0000000E-001, 1.0500000E-001, 1.1000000E-001, 1.1500000E-001, 1.2000000E-001, 1.2500000E-001, 1.3000000E-001, 1.3500000E-001, 1.4000000E-001, 1.4500000E-001, 1.5000000E-001, 1.5500000E-001, 1.6000000E-001, 1.6500000E-001, 1.7000000E-001, 1.7500000E-001, 1.8000000E-001, 1.8500000E-001, 1.9000000E-001, 1.9500000E-001, 2.0000000E-001, 2.0500000E-001, 2.1000000E-001, 2.1500000E-001, 2.2000000E-001, 2.2500000E-001, 2.3000000E-001, 2.3500000E-001, 2.4000000E-001, 2.4500000E-001, 2.5000000E-001, 2.5500000E-001, 2.6000000E-001, 2.6500000E-001, 2.7000000E-001, 2.7500000E-001, 2.8000000E-001, 2.8500000E-001, 2.9000000E-001, 2.9500000E-001, 3.0000000E-001, 3.0500000E-001, 3.1000000E-001, 3.1500000E-001, 3.2000000E-001, 3.2500000E-001, 3.3000000E-001, 3.3500000E-001, 3.4000000E-001, 3.4500000E-001, 3.5000000E-001, 3.5500000E-001, 3.6000000E-001, 3.6500000E-001, 3.7000000E-001, 3.7500000E-001, 3.8000000E-001, 3.8500000E-001, 3.9000000E-001, 3.9500000E-001, 4.0000000E-001, 4.0500000E-001, 4.1000000E-001, 4.1500000E-001, 4.2000000E-001, 4.2500000E-001, 4.3000000E-001, 4.3500000E-001, 4.4000000E-001, 4.0885671E+002, 3.8294646E+002, 3.5769954E+002, 3.3349484E+002, 3.1105842E+002, 2.9116838E+002, 2.7464708E+002, 2.6222527E+002, 2.5002043E+002, 2.3178973E+002, 2.0991229E+002, 1.8890912E+002, 1.6894500E+002, 1.5012207E+002, 1.3248095E+002, 1.1605570E+002, 1.0093831E+002, 8.7305018E+001, 7.5352203E+001, 6.5086912E+001, 5.6382256E+001, 4.9088728E+001, 4.3045238E+001, 3.8091423E+001, 3.4066252E+001, 3.0822841E+001, 2.8221634E+001, 2.6140847E+001, 2.4469879E+001, 2.3113932E+001, 2.1988925E+001, 2.1021093E+001, 2.0309070E+001, 1.9997755E+001, 1.9912333E+001, 1.9862911E+001, 1.9834750E+001, 1.9819080E+001, 1.9810620E+001, 1.9806427E+001, 1.9804501E+001, 1.9803176E+001, 1.9802027E+001, 1.9801286E+001, 1.9800811E+001, 1.9800509E+001, 1.9800317E+001, 1.9800197E+001, 1.9800121E+001, 1.9800074E+001, 1.9800045E+001, 1.9800027E+001, 1.9800017E+001, 1.9800010E+001, 1.9800006E+001, 1.9800004E+001, 1.9800002E+001, 1.9800001E+001, 1.9800001E+001, 1.9800000E+001, 1.9800000E+001, 1.9800000E+001, 1.9800000E+001, 1.9800000E+001, 1.9800000E+001, 1.9800000E+001, 1.9800000E+001, 1.9800000E+001, 1.9800000E+001, 1.9800000E+001, 1.9800000E+001, 1.9800000E+001, 1.9800000E+001, 1.9800000E+001, 1.9800000E+001, 1.9800000E+001, 1.9800000E+001, 1.9800000E+001, 1.9800000E+001, 1.9800000E+001, 1.9800000E+001, 1.9800000E+001, 1.9800000E+001, 1.9800000E+001, 1.9800000E+001, 1.9800000E+001, 1.9800000E+001, 1.9800000E+001, 1.9800000E+001
 4.2000259E+003,89, 0.0000000E+000, 5.0000000E-003, 1.0000000E-002, 1.5000000E-002, 2.0000000E-002, 2.5000000E-002, 3.0000000E-002, 3.5000000E-002, 4.0000000E-002, 4.5000000E-002, 5.0000000E-002, 5.5000000E-002, 6.0000000E-002, 6.5000000E-002, 7.0000000E-002, 7.5000000E-002, 8.0000000E-002, 8.5000000E-002, 9.0000000E-002, 9.5000000E-002, 1.0000000E-001, 1.0500000E-001, 1.1000000E-001, 1.1500000E-001, 1.2000000E-001, 1.2500000E-001, 1.3000000E-001, 1.3500000E-001, 1.4000000E-001, 1.4500000E-001, 1.5000000E-001, 1.5500000E-001, 1.6000000E-001, 1.6500000E-001, 1.7000000E-001, 1.7500000E-001, 1.8000000E-001, 1.8500000E-001, 1.9000000E-001, 1.9500000E-001, 2.0000000E-001, 2.0500000E-001, 2.1000000E-001, 2.1500000E-001, 2.2000000E-001, 2.2500000E-001, 2.3000000E-001, 2.3500000E-001, 2.4000000E-001, 2.4500000E-001, 2.5000000E-001, 2.5500000E-001, 2.6000000E-001, 2.6500000E-001, 2.7000000E-001, 2.7500000E-001, 2.8000000E-001, 2.8500000E-001, 2.9000000E-001, 2.9500000E-001, 3.0000000E-001, 3.0500000E-001, 3.1000000E-001, 3.1500000E-001, 3.2000000E-001, 3.2500000E-001, 3.3000000E-001, 3.3500000E-001, 3.4000000E-001, 3.4500000E-001, 3.5000000E-001, 3.5500000E-001, 3.6000000E-001, 3.6500000E-001, 3.7000000E-001, 3.7500000E-001, 3.8000000E-001, 3.8500000E-001, 3.9000000E-001, 3.9500000E-001, 4.0000000E-001, 4.0500000E-001, 4.1000000E-001, 4.1500000E-001, 4.2000000E-001, 4.2500000E-001, 4.3000000E-001, 4.3500000E-001, 4.4000000E-001, 4.1084667E+002, 3.8570331E+002, 3.6129748E+002, 3.3793497E+002, 3.1630215E+002, 2.9715155E+002, 2.8127642E+002, 2.6942780E+002, 2.5757013E+002, 2.3941026E+002, 2.1749171E+002, 1.9636077E+002, 1.7619374E+002, 1.5712128E+002, 1.3920662E+002, 1.2246335E+002, 1.0695937E+002, 9.2838665E+001, 8.0300272E+001, 6.9426490E+001, 6.0141249E+001, 5.2304877E+001, 4.5763496E+001, 4.0360323E+001, 3.5936490E+001, 3.2343340E+001, 2.9438247E+001, 2.7096547E+001, 2.5201153E+001, 2.3651167E+001, 2.2355046E+001, 2.1231936E+001, 2.0402493E+001, 2.0038672E+001, 1.9937277E+001, 1.9877853E+001, 1.9843559E+001, 1.9824239E+001, 1.9813685E+001, 1.9808404E+001, 1.9805946E+001, 1.9804223E+001, 1.9802718E+001, 1.9801740E+001, 1.9801107E+001, 1.9800700E+001, 1.9800440E+001, 1.9800276E+001, 1.9800171E+001, 1.9800106E+001, 1.9800065E+001, 1.9800040E+001, 1.9800024E+001, 1.9800015E+001, 1.9800009E+001, 1.9800005E+001, 1.9800003E+001, 1.9800002E+001, 1.9800001E+001, 1.9800001E+001, 1.9800000E+001, 1.9800000E+001, 1.9800000E+001, 1.9800000E+001, 1.9800000E+001, 1.9800000E+001, 1.9800000E+001, 1.9800000E+001, 1.9800000E+001, 1.9800000E+001, 1.9800000E+001, 1.9800000E+001, 1.9800000E+001, 1.9800000E+001, 1.9800000E+001, 1.9800000E+001, 1.9800000E+001, 1.9800000E+001, 1.9800000E+001, 1.9800000E+001, 1.9800000E+001, 1.9800000E+001, 1.9800000E+001, 1.9800000E+001, 1.9800000E+001, 1.9800000E+001, 1.9800000E+001, 1.9800000E+001, 1.9800000E+001
 4.3000840E+003,89, 0.0000000E+000, 5.0000000E-003, 1.0000000E-002, 1.5000000E-002, 2.0000000E-002, 2.5000000E-002, 3.0000000E-002, 3.5000000E-002, 4.0000000E-002, 4.5000000E-002, 5.0000000E-002, 5.5000000E-002, 6.0000000E-002, 6.5000000E-002, 7.0000000E-002, 7.5000000E-002, 8.0000000E-002, 8.5000000E-002, 9.0000000E-002, 9.5000000E-002, 1.0000000E-001, 1.0500000E-001, 1.1000000E-001, 1.1500000E-001, 1.2000000E-001, 1.2500000E-001, 1.3000000E-001, 1.3500000E-001, 1.4000000E-001, 1.4500000E-001, 1.5000000E-001, 1.5500000E-001, 1.6000000E-001, 1.6500000E-001, 1.7000000E-001, 1.7500000E-001, 1.8000000E-001, 1.8500000E-001, 1.9000000E-001, 1.9500000E-001, 2.0000000E-001, 2.0500000E-001, 2.1000000E-001, 2.1500000E-001, 2.2000000E-001, 2.2500000E-001, 2.3000000E-001, 2.3500000E-001, 2.4000000E-001, 2.4500000E-001, 2.5000000E-001, 2.5500000E-001, 2.6000000E-001, 2.6500000E-001, 2.7000000E-001, 2.7500000E-001, 2.8000000E-001, 2.8500000E-001, 2.9000000E-001, 2.9500000E-001, 3.0000000E-001, 3.0500000E-001, 3.1000000E-001, 3.1500000E-001, 3.2000000E-001, 3.2500000E-001, 3.3000000E-001, 3.3500000E-001, 3.4000000E-001, 3.4500000E-001, 3.5000000E-001, 3.5500000E-001, 3.6000000E-001, 3.6500000E-001, 3.7000000E-001, 3.7500000E-001, 3.8000000E-001, 3.8500000E-001, 3.9000000E-001, 3.9500000E-001, 4.0000000E-001, 4.0500000E-001, 4.1000000E-001, 4.1500000E-001, 4.2000000E-001, 4.2500000E-001, 4.3000000E-001, 4.3500000E-001, 4.4000000E-001, 4.1282451E+002, 3.8844779E+002, 3.6481404E+002, 3.4224744E+002, 3.2139286E+002, 3.0296122E+002, 2.8769894E+002, 2.7631841E+002, 2.6471235E+002, 2.4664815E+002, 2.2476458E+002, 2.0358164E+002, 1.8327524E+002, 1.6399609E+002, 1.4583802E+002, 1.2881719E+002, 1.1298510E+002, 9.8438689E+001, 8.5359653E+001, 7.3902140E+001, 6.4048630E+001, 5.5672454E+001, 4.8629181E+001, 4.2769839E+001, 3.7936543E+001, 3.3980353E+001, 3.0758160E+001, 2.8139549E+001, 2.6002758E+001, 2.4242049E+001, 2.2759152E+001, 2.1466783E+001, 2.0508299E+001, 2.0085834E+001, 1.9966381E+001, 1.9895521E+001, 1.9854121E+001, 1.9830513E+001, 1.9817472E+001, 1.9810881E+001, 1.9807775E+001, 1.9805558E+001, 1.9803607E+001, 1.9802329E+001, 1.9801494E+001, 1.9800954E+001, 1.9800605E+001, 1.9800382E+001, 1.9800240E+001, 1.9800150E+001, 1.9800093E+001, 1.9800057E+001, 1.9800035E+001, 1.9800021E+001, 1.9800013E+001, 1.9800008E+001, 1.9800005E+001, 1.9800003E+001, 1.9800002E+001, 1.9800001E+001, 1.9800001E+001, 1.9800000E+001, 1.9800000E+001, 1.9800000E+001, 1.9800000E+001, 1.9800000E+001, 1.9800000E+001, 1.9800000E+001, 1.9800000E+001, 1.9800000E+001, 1.9800000E+001, 1.9800000E+001, 1.9800000E+001, 1.9800000E+001, 1.9800000E+001, 1.9800000E+001, 1.9800000E+001, 1.9800000E+001, 1.9800000E+001, 1.9800000E+001, 1.9800000E+001, 1.9800000E+001, 1.9800000E+001, 1.9800000E+001, 1.9800000E+001, 1.9800000E+001, 1.9800000E+001, 1.9800000E+001, 1.9800000E+001
 4.4000156E+003,89, 0.0000000E+000, 5.0000000E-003, 1.0000000E-002, 1.5000000E-002, 2.0000000E-002, 2.5000000E-002, 3.0000000E-002, 3.5000000E-002, 4.0000000E-002, 4.5000000E-002, 5.0000000E-002, 5.5000000E-002, 6.0000000E-002, 6.5000000E-002, 7.0000000E-002, 7.5000000E-002, 8.0000000E-002, 8.5000000E-002, 9.0000000E-002, 9.5000000E-002, 1.0000000E-001, 1.0500000E-001, 1.1000000E-001, 1.1500000E-001, 1.2000000E-001, 1.2500000E-001, 1.3000000E-001, 1.3500000E-001, 1.4000000E-001, 1.4500000E-001, 1.5000000E-001, 1.5500000E-001, 1.6000000E-001, 1.6500000E-001, 1.7000000E-001, 1.7500000E-001, 1.8000000E-001, 1.8500000E-001, 1.9000000E-001, 1.9500000E-001, 2.0000000E-001, 2.0500000E-001, 2.1000000E-001, 2.1500000E-001, 2.2000000E-001, 2.2500000E-001, 2.3000000E-001, 2.3500000E-001, 2.4000000E-001, 2.4500000E-001, 2.5000000E-001, 2.5500000E-001, 2.6000000E-001, 2.6500000E-001, 2.7000000E-001, 2.7500000E-001, 2.8000000E-001, 2.8500000E-001, 2.9000000E-001, 2.9500000E-001, 3.0000000E-001, 3.0500000E-001, 3.1000000E-001, 3.1500000E-001, 3.2000000E-001, 3.2500000E-001, 3.3000000E-001, 3.3500000E-001, 3.4000000E-001, 3.4500000E-001, 3.5000000E-001, 3.5500000E-001, 3.6000000E-001, 3.6500000E-001, 3.7000000E-001, 3.7500000E-001, 3.8000000E-001, 3.8500000E-001, 3.9000000E-001, 3.9500000E-001, 4.0000000E-001, 4.0500000E-001, 4.1000000E-001, 4.1500000E-001, 4.2000000E-001, 4.2500000E-001, 4.3000000E-001, 4.3500000E-001, 4.4000000E-001, 4.1502474E+002, 3.9103801E+002, 3.6817817E+002, 3.4641339E+002, 3.2631684E+002, 3.0857193E+002, 2.9388021E+002, 2.8289206E+002, 2.7148932E+002, 2.5353834E+002, 2.3171756E+002, 2.1051954E+002, 1.9012541E+002, 1.7068650E+002, 1.5232164E+002, 1.3506452E+002, 1.1894892E+002, 1.0403692E+002, 9.0484199E+001, 7.8479427E+001, 6.8071667E+001, 5.9165839E+001, 5.1625346E+001, 4.5306416E+001, 4.0056448E+001, 3.5727244E+001, 3.2173904E+001, 2.9264833E+001, 2.6872992E+001, 2.4886183E+001, 2.3201068E+001, 2.1723941E+001, 2.0625471E+001, 2.0139665E+001, 2.0000007E+001, 1.9916182E+001, 1.9866635E+001, 1.9838052E+001, 1.9822091E+001, 1.9813948E+001, 1.9810062E+001, 1.9807239E+001, 1.9804737E+001, 1.9803083E+001, 1.9801994E+001, 1.9801284E+001, 1.9800821E+001, 1.9800523E+001, 1.9800331E+001, 1.9800208E+001, 1.9800130E+001, 1.9800081E+001, 1.9800050E+001, 1.9800031E+001, 1.9800019E+001, 1.9800012E+001, 1.9800007E+001, 1.9800004E+001, 1.9800003E+001, 1.9800002E+001, 1.9800001E+001, 1.9800001E+001, 1.9800000E+001, 1.9800000E+001, 1.9800000E+001, 1.9800000E+001, 1.9800000E+001, 1.9800000E+001, 1.9800000E+001, 1.9800000E+001, 1.9800000E+001, 1.9800000E+001, 1.9800000E+001, 1.9800000E+001, 1.9800000E+001, 1.9800000E+001, 1.9800000E+001, 1.9800000E+001, 1.9800000E+001, 1.9800000E+001, 1.9800000E+001, 1.9800000E+001, 1.9800000E+001, 1.9800000E+001, 1.9800000E+001, 1.9800000E+001, 1.9800000E+001, 1.9800000E+001, 1.9800000E+001
 4.5002227E+003,89, 0.0000000E+000, 5.0000000E-003, 1.0000000E-002, 1.5000000E-002, 2.0000000E-002, 2.5000000E-002, 3.0000000E-002, 3.5000000E-002, 4.0000000E-002, 4.5000000E-002, 5.0000000E-002, 5.5000000E-002, 6.0000000E-002, 6.5000000E-002, 7.0000000E-002, 7.5000000E-002, 8.0000000E-002, 8.5000000E-002, 9.0000000E-002, 9.5000000E-002, 1.0000000E-001, 1.0500000E-001, 1.1000000E-001, 1.1500000E-001, 1.2000000E-001, 1.2500000E-001, 1.3000000E-001, 1.3500000E-001, 1.4000000E-001, 1.4500000E-001, 1.5000000E-001, 1.5500000E-001, 1.6000000E-001, 1.6500000E-001, 1.7000000E-001, 1.7500000E-001, 1.8000000E-001, 1.8500000E-001, 1.9000000E-001, 1.9500000E-001, 2.0000000E-001, 2.0500000E-001, 2.1000000E-001, 2.1500000E-001, 2.2000000E-001, 2.2500000E-001, 2.3000000E-001, 2.3500000E-001, 2.4000000E-001, 2.4500000E-001, 2.5000000E-001, 2.5500000E-001, 2.6000000E-001, 2.6500000E-001, 2.7000000E-001, 2.7500000E-001, 2.8000000E-001, 2.8500000E-001, 2.9000000E-001, 2.9500000E-001, 3.0000000E-001, 3.0500000E-001, 3.1000000E-001, 3.1500000E-001, 3.2000000E-001, 3.2500000E-001, 3.3000000E-001, 3.3500000E-001, 3.4000000E-001, 3.4500000E-001, 3.5000000E-001, 3.5500000E-001, 3.6000000E-001, 3.6500000E-001, 3.7000000E-001, 3.7500000E-001, 3.8000000E-001, 3.8500000E-001, 3.9000000E-001, 3.9500000E-001, 4.0000000E-001, 4.0500000E-001, 4.1000000E-001, 4.1500000E-001, 4.2000000E-001, 4.2500000E-001, 4.3000000E-001, 4.3500000E-001, 4.4000000E-001, 4.1672387E+002, 3.9361677E+002, 3.7145310E+002, 3.5041286E+002, 3.3102442E+002, 3.1392078E+002, 2.9975141E+002, 2.8911334E+002, 2.7790365E+002, 2.6008644E+002, 2.3834136E+002, 2.1713536E+002, 1.9667168E+002, 1.7709887E+002, 1.5855760E+002, 1.4109890E+002, 1.2473699E+002, 1.0952200E+002, 9.5581829E+001, 8.3085671E+001, 7.2148918E+001, 6.2729415E+001, 5.4701359E+001, 4.7927573E+001, 4.2259663E+001, 3.7554460E+001, 3.3665428E+001, 3.0456887E+001, 2.7799408E+001, 2.5576616E+001, 2.3677783E+001, 2.2003390E+001, 2.0754141E+001, 2.0199795E+001, 2.0038110E+001, 1.9939909E+001, 1.9881192E+001, 1.9846942E+001, 1.9827617E+001, 1.9817670E+001, 1.9812863E+001, 1.9809311E+001, 1.9806140E+001, 1.9804028E+001, 1.9802627E+001, 1.9801704E+001, 1.9801099E+001, 1.9800705E+001, 1.9800450E+001, 1.9800286E+001, 1.9800180E+001, 1.9800113E+001, 1.9800071E+001, 1.9800044E+001, 1.9800027E+001, 1.9800017E+001, 1.9800010E+001, 1.9800006E+001, 1.9800004E+001, 1.9800002E+001, 1.9800001E+001, 1.9800001E+001, 1.9800000E+001, 1.9800000E+001, 1.9800000E+001, 1.9800000E+001, 1.9800000E+001, 1.9800000E+001, 1.9800000E+001, 1.9800000E+001, 1.9800000E+001, 1.9800000E+001, 1.9800000E+001, 1.9800000E+001, 1.9800000E+001, 1.9800000E+001, 1.9800000E+001, 1.9800000E+001, 1.9800000E+001, 1.9800000E+001, 1.9800000E+001, 1.9800000E+001, 1.9800000E+001, 1.9800000E+001, 1.9800000E+001, 1.9800000E+001, 1.9800000E+001, 1.9800000E+001, 1.9800000E+001
 4.6001724E+003,89, 0.0000000E+000, 5.0000000E-003, 1.0000000E-002, 1.5000000E-002, 2.0000000E-002, 2.5000000E-002, 3.0000000E-002, 3.5000000E-002, 4.0000000E-002, 4.5000000E-002, 5.0000000E-002, 5.5000000E-002, 6.0000000E-002, 6.5000000E-002, 7.0000000E-002, 7.5000000E-002, 8.0000000E-002, 8.5000000E-002, 9.0000000E-002, 9.5000000E-002, 1.0000000E-001, 1.0500000E-001, 1.1000000E-001, 1.1500000E-001, 1.2000000E-001, 1.2500000E-001, 1.3000000E-001, 1.3500000E-001, 1.4000000E-001, 1.4500000E-001, 1.5000000E-001, 1.5500000E-001, 1.6000000E-001, 1.6500000E-001, 1.7000000E-001, 1.7500000E-001, 1.8000000E-001, 1.8500000E-001, 1.9000000E-001, 1.9500000E-001, 2.0000000E-001, 2.0500000E-001, 2.1000000E-001, 2.1500000E-001, 2.2000000E-001, 2.2500000E-001, 2.3000000E-001, 2.3500000E-001, 2.4000000E-001, 2.4500000E-001, 2.5000000E-001, 2.5500000E-001, 2.6000000E-001, 2.6500000E-001, 2.7000000E-001, 2.7500000E-001, 2.8000000E-001, 2.8500000E-001, 2.9000000E-001, 2.9500000E-001, 3.0000000E-001, 3.0500000E-001, 3.1000000E-001, 3.1500000E-001, 3.2000000E-001, 3.2500000E-001, 3.3000000E-001, 3.3500000E-001, 3.4000000E-001, 3.4500000E-001, 3.5000000E-001, 3.5500000E-001, 3.6000000E-001, 3.6500000E-001, 3.7000000E-001, 3.7500000E-001, 3.8000000E-001, 3.8500000E-001, 3.9000000E-001, 3.9500000E-001, 4.0000000E-001, 4.0500000E-001, 4.1000000E-001, 4.1500000E-001, 4.2000000E-001, 4.2500000E-001, 4.3000000E-001, 4.3500000E-001, 4.4000000E-001, 4.1843706E+002, 3.9610736E+002, 3.7464508E+002, 3.5429862E+002, 3.3557460E+002, 3.1906978E+002, 3.0538592E+002, 2.9507155E+002, 2.8404708E+002, 2.6637014E+002, 2.4471325E+002, 2.2351984E+002, 2.0301705E+002, 1.8334322E+002, 1.6464550E+002, 1.4699973E+002, 1.3042988E+002, 1.1496579E+002, 1.0068596E+002, 8.7740177E+001, 7.6305297E+001, 6.6390836E+001, 5.7883726E+001, 5.0658229E+001, 4.4572211E+001, 3.9483379E+001, 3.5247520E+001, 3.1728556E+001, 2.8792649E+001, 2.6319435E+001, 2.4193543E+001, 2.2308547E+001, 2.0896458E+001, 2.0267291E+001, 2.0081385E+001, 1.9967199E+001, 1.9898156E+001, 1.9857440E+001, 1.9834236E+001, 1.9822188E+001, 1.9816295E+001, 1.9811866E+001, 1.9807886E+001, 1.9805214E+001, 1.9803427E+001, 1.9802241E+001, 1.9801457E+001, 1.9800942E+001, 1.9800606E+001, 1.9800388E+001, 1.9800247E+001, 1.9800156E+001, 1.9800098E+001, 1.9800062E+001, 1.9800038E+001, 1.9800024E+001, 1.9800015E+001, 1.9800009E+001, 1.9800006E+001, 1.9800003E+001, 1.9800002E+001, 1.9800001E+001, 1.9800001E+001, 1.9800000E+001, 1.9800000E+001, 1.9800000E+001, 1.9800000E+001, 1.9800000E+001, 1.9800000E+001, 1.9800000E+001, 1.9800000E+001, 1.9800000E+001, 1.9800000E+001, 1.9800000E+001, 1.9800000E+001, 1.9800000E+001, 1.9800000E+001, 1.9800000E+001, 1.9800000E+001, 1.9800000E+001, 1.9800000E+001, 1.9800000E+001, 1.9800000E+001, 1.9800000E+001, 1.9800000E+001, 1.9800000E+001, 1.9800000E+001, 1.9800000E+001, 1.9800000E+001
 4.7000986E+003,89, 0.0000000E+000, 5.0000000E-003, 1.0000000E-002, 1.5000000E-002, 2.0000000E-002, 2.5000000E-002, 3.0000000E-002, 3.5000000E-002, 4.0000000E-002, 4.5000000E-002, 5.0000000E-002, 5.5000000E-002, 6.0000000E-002, 6.5000000E-002, 7.0000000E-002, 7.5000000E-002, 8.0000000E-002, 8.5000000E-002, 9.0000000E-002, 9.5000000E-002, 1.0000000E-001, 1.0500000E-001, 1.1000000E-001, 1.1500000E-001, 1.2000000E-001, 1.2500000E-001, 1.3000000E-001, 1.3500000E-001, 1.4000000E-001, 1.4500000E-001, 1.5000000E-001, 1.5500000E-001, 1.6000000E-001, 1.6500000E-001, 1.7000000E-001, 1.7500000E-001, 1.8000000E-001, 1.8500000E-001, 1.9000000E-001, 1.9500000E-001, 2.0000000E-001, 2.0500000E-001, 2.1000000E-001, 2.1500000E-001, 2.2000000E-001, 2.2500000E-001, 2.3000000E-001, 2.3500000E-001, 2.4000000E-001, 2.4500000E-001, 2.5000000E-001, 2.5500000E-001, 2.6000000E-001, 2.6500000E-001, 2.7000000E-001, 2.7500000E-001, 2.8000000E-001, 2.8500000E-001, 2.9000000E-001, 2.9500000E-001, 3.0000000E-001, 3.0500000E-001, 3.1000000E-001, 3.1500000E-001, 3.2000000E-001, 3.2500000E-001, 3.3000000E-001, 3.3500000E-001, 3.4000000E-001, 3.4500000E-001, 3.5000000E-001, 3.5500000E-001, 3.6000000E-001, 3.6500000E-001, 3.7000000E-001, 3.7500000E-001, 3.8000000E-001, 3.8500000E-001, 3.9000000E-001, 3.9500000E-001, 4.0000000E-001, 4.0500000E-001, 4.1000000E-001, 4.1500000E-001, 4.2000000E-001, 4.2500000E-001, 4.3000000E-001, 4.3500000E-001, 4.4000000E-001, 4.1990558E+002, 3.9829324E+002, 3.7760660E+002, 3.5799304E+002, 3.3992619E+002, 3.2399025E+002, 3.1075843E+002, 3.0074390E+002, 2.8989249E+002, 2.7235257E+002, 2.5079495E+002, 2.2963316E+002, 2.0911100E+002, 1.8936166E+002, 1.7053367E+002, 1.5272359E+002, 1.3596785E+002, 1.2027486E+002, 1.0570846E+002, 9.2394427E+001, 8.0504609E+001, 7.0107759E+001, 6.1135467E+001, 5.3466326E+001, 4.6963678E+001, 4.1491434E+001, 3.6904631E+001, 3.3066800E+001, 2.9844084E+001, 2.7110575E+001, 2.4744270E+001, 2.2634873E+001, 2.1050341E+001, 2.0342000E+001, 2.0129871E+001, 1.9998144E+001, 1.9917632E+001, 1.9869653E+001, 1.9842043E+001, 1.9827587E+001, 1.9820432E+001, 1.9814965E+001, 1.9810020E+001, 1.9806675E+001, 1.9804420E+001, 1.9802913E+001, 1.9801908E+001, 1.9801244E+001, 1.9800806E+001, 1.9800520E+001, 1.9800334E+001, 1.9800213E+001, 1.9800135E+001, 1.9800085E+001, 1.9800054E+001, 1.9800034E+001, 1.9800021E+001, 1.9800013E+001, 1.9800008E+001, 1.9800005E+001, 1.9800003E+001, 1.9800002E+001, 1.9800001E+001, 1.9800001E+001, 1.9800000E+001, 1.9800000E+001, 1.9800000E+001, 1.9800000E+001, 1.9800000E+001, 1.9800000E+001, 1.9800000E+001, 1.9800000E+001, 1.9800000E+001, 1.9800000E+001, 1.9800000E+001, 1.9800000E+001, 1.9800000E+001, 1.9800000E+001, 1.9800000E+001, 1.9800000E+001, 1.9800000E+001, 1.9800000E+001, 1.9800000E+001, 1.9800000E+001, 1.9800000E+001, 1.9800000E+001, 1.9800000E+001, 1.9800000E+001, 1.9800000E+001
 4.8000498E+003,89, 0.0000000E+000, 5.0000000E-003, 1.0000000E-002, 1.5000000E-002, 2.0000000E-002, 2.5000000E-002, 3.0000000E-002, 3.5000000E-002, 4.0000000E-002, 4.5000000E-002, 5.0000000E-002, 5.5000000E-002, 6.0000000E-002, 6.5000000E-002, 7.0000000E-002, 7.5000000E-002, 8.0000000E-002, 8.5000000E-002, 9.0000000E-002, 9.5000000E-002, 1.0000000E-001, 1.0500000E-001, 1.1000000E-001, 1.1500000E-001, 1.2000000E-001, 1.2500000E-001, 1.3000000E-001, 1.3500000E-001, 1.4000000E-001, 1.4500000E-001, 1.5000000E-001, 1.5500000E-001, 1.6000000E-001, 1.6500000E-001, 1.7000000E-001, 1.7500000E-001, 1.8000000E-001, 1.8500000E-001, 1.9000000E-001, 1.9500000E-001, 2.0000000E-001, 2.0500000E-001, 2.1000000E-001, 2.1500000E-001, 2.2000000E-001, 2.2500000E-001, 2.3000000E-001, 2.3500000E-001, 2.4000000E-001, 2.4500000E-001, 2.5000000E-001, 2.5500000E-001, 2.6000000E-001, 2.6500000E-001, 2.7000000E-001, 2.7500000E-001, 2.8000000E-001, 2.8500000E-001, 2.9000000E-001, 2.9500000E-001, 3.0000000E-001, 3.0500000E-001, 3.1000000E-001, 3.1500000E-001, 3.2000000E-001, 3.2500000E-001, 3.3000000E-001, 3.3500000E-001, 3.4000000E-001, 3.4500000E-001, 3.5000000E-001, 3.5500000E-001, 3.6000000E-001, 3.6500000E-001, 3.7000000E-001, 3.7500000E-001, 3.8000000E-001, 3.8500000E-001, 3.9000000E-001, 3.9500000E-001, 4.0000000E-001, 4.0500000E-001, 4.1000000E-001, 4.1500000E-001, 4.2000000E-001, 4.2500000E-001, 4.3000000E-001, 4.3500000E-001, 4.4000000E-001, 4.2116944E+002, 4.0044333E+002, 3.8045159E+002, 3.6151053E+002, 3.4407297E+002, 3.2868596E+002, 3.1588714E+002, 3.0615652E+002, 2.9545936E+002, 2.7806211E+002, 2.5664143E+002, 2.3552853E+002, 2.1498597E+002, 1.9517166E+002, 1.7623268E+002, 1.5827636E+002, 1.4135667E+002, 1.2546884E+002, 1.1066075E+002, 9.7028279E+001, 8.4725012E+001, 7.3872580E+001, 6.4449043E+001, 5.6345214E+001, 4.9432058E+001, 4.3575456E+001, 3.8633453E+001, 3.4471370E+001, 3.0951854E+001, 2.7946442E+001, 2.5330079E+001, 2.2985643E+001, 2.1217818E+001, 2.0424410E+001, 2.0183931E+001, 2.0033055E+001, 1.9939875E+001, 1.9883779E+001, 1.9851196E+001, 1.9833999E+001, 1.9825387E+001, 1.9818699E+001, 1.9812611E+001, 1.9808462E+001, 1.9805645E+001, 1.9803748E+001, 1.9802474E+001, 1.9801625E+001, 1.9801061E+001, 1.9800690E+001, 1.9800446E+001, 1.9800287E+001, 1.9800183E+001, 1.9800117E+001, 1.9800074E+001, 1.9800047E+001, 1.9800029E+001, 1.9800018E+001, 1.9800011E+001, 1.9800007E+001, 1.9800004E+001, 1.9800003E+001, 1.9800002E+001, 1.9800001E+001, 1.9800001E+001, 1.9800000E+001, 1.9800000E+001, 1.9800000E+001, 1.9800000E+001, 1.9800000E+001, 1.9800000E+001, 1.9800000E+001, 1.9800000E+001, 1.9800000E+001, 1.9800000E+001, 1.9800000E+001, 1.9800000E+001, 1.9800000E+001, 1.9800000E+001, 1.9800000E+001, 1.9800000E+001, 1.9800000E+001, 1.9800000E+001, 1.9800000E+001, 1.9800000E+001, 1.9800000E+001, 1.9800000E+001, 1.9800000E+001, 1.9800000E+001
 4.9000293E+003,89, 0.0000000E+000, 5.0000000E-003, 1.0000000E-002, 1.5000000E-002, 2.0000000E-002, 2.5000000E-002, 3.0000000E-002, 3.5000000E-002, 4.0000000E-002, 4.5000000E-002, 5.0000000E-002, 5.5000000E-002, 6.0000000E-002, 6.5000000E-002, 7.0000000E-002, 7.5000000E-002, 8.0000000E-002, 8.5000000E-002, 9.0000000E-002, 9.5000000E-002, 1.0000000E-001, 1.0500000E-001, 1.1000000E-001, 1.1500000E-001, 1.2000000E-001, 1.2500000E-001, 1.3000000E-001, 1.3500000E-001, 1.4000000E-001, 1.4500000E-001, 1.5000000E-001, 1.5500000E-001, 1.6000000E-001, 1.6500000E-001, 1.7000000E-001, 1.7500000E-001, 1.8000000E-001, 1.8500000E-001, 1.9000000E-001, 1.9500000E-001, 2.0000000E-001, 2.0500000E-001, 2.1000000E-001, 2.1500000E-001, 2.2000000E-001, 2.2500000E-001, 2.3000000E-001, 2.3500000E-001, 2.4000000E-001, 2.4500000E-001, 2.5000000E-001, 2.5500000E-001, 2.6000000E-001, 2.6500000E-001, 2.7000000E-001, 2.7500000E-001, 2.8000000E-001, 2.8500000E-001, 2.9000000E-001, 2.9500000E-001, 3.0000000E-001, 3.0500000E-001, 3.1000000E-001, 3.1500000E-001, 3.2000000E-001, 3.2500000E-001, 3.3000000E-001, 3.3500000E-001, 3.4000000E-001, 3.4500000E-001, 3.5000000E-001, 3.5500000E-001, 3.6000000E-001, 3.6500000E-001, 3.7000000E-001, 3.7500000E-001, 3.8000000E-001, 3.8500000E-001, 3.9000000E-001, 3.9500000E-001, 4.0000000E-001, 4.0500000E-001, 4.1000000E-001, 4.1500000E-001, 4.2000000E-001, 4.2500000E-001, 4.3000000E-001, 4.3500000E-001, 4.4000000E-001, 4.2253067E+002, 4.0238261E+002, 3.8310092E+002, 3.6484830E+002, 3.4803122E+002, 3.3317443E+002, 3.2079008E+002, 3.1132995E+002, 3.0079189E+002, 2.8354750E+002, 2.6226792E+002, 2.4121528E+002, 2.2067251E+002, 2.0081607E+002, 1.8178690E+002, 1.6369927E+002, 1.4662452E+002, 1.3056450E+002, 1.1554819E+002, 1.0163335E+002, 8.8954695E+001, 7.7675959E+001, 6.7821573E+001, 5.9295522E+001, 5.1976580E+001, 4.5735948E+001, 4.0436077E+001, 3.5942599E+001, 3.2116558E+001, 2.8829219E+001, 2.5950620E+001, 2.3357396E+001, 2.1397462E+001, 2.0515217E+001, 2.0244085E+001, 2.0072300E+001, 1.9965167E+001, 1.9900042E+001, 1.9861874E+001, 1.9841571E+001, 1.9831286E+001, 1.9823171E+001, 1.9815738E+001, 1.9810636E+001, 1.9807147E+001, 1.9804779E+001, 1.9803177E+001, 1.9802102E+001, 1.9801383E+001, 1.9800906E+001, 1.9800590E+001, 1.9800382E+001, 1.9800246E+001, 1.9800158E+001, 1.9800101E+001, 1.9800064E+001, 1.9800041E+001, 1.9800025E+001, 1.9800016E+001, 1.9800010E+001, 1.9800006E+001, 1.9800004E+001, 1.9800002E+001, 1.9800001E+001, 1.9800001E+001, 1.9800001E+001, 1.9800000E+001, 1.9800000E+001, 1.9800000E+001, 1.9800000E+001, 1.9800000E+001, 1.9800000E+001, 1.9800000E+001, 1.9800000E+001, 1.9800000E+001, 1.9800000E+001, 1.9800000E+001, 1.9800000E+001, 1.9800000E+001, 1.9800000E+001, 1.9800000E+001, 1.9800000E+001, 1.9800000E+001, 1.9800000E+001, 1.9800000E+001, 1.9800000E+001, 1.9800000E+001, 1.9800000E+001, 1.9800000E+001
 5.0001602E+003,89, 0.0000000E+000, 5.0000000E-003, 1.0000000E-002, 1.5000000E-002, 2.0000000E-002, 2.5000000E-002, 3.0000000E-002, 3.5000000E-002, 4.0000000E-002, 4.5000000E-002, 5.0000000E-002, 5.5000000E-002, 6.0000000E-002, 6.5000000E-002, 7.0000000E-002, 7.5000000E-002, 8.0000000E-002, 8.5000000E-002, 9.0000000E-002, 9.5000000E-002, 1.0000000E-001, 1.0500000E-001, 1.1000000E-001, 1.1500000E-001, 1.2000000E-001, 1.2500000E-001, 1.3000000E-001, 1.3500000E-001, 1.4000000E-001, 1.4500000E-001, 1.5000000E-001, 1.5500000E-001, 1.6000000E-001, 1.6500000E-001, 1.7000000E-001, 1.7500000E-001, 1.8000000E-001, 1.8500000E-001, 1.9000000E-001, 1.9500000E-001, 2.0000000E-001, 2.0500000E-001, 2.1000000E-001, 2.1500000E-001, 2.2000000E-001, 2.2500000E-001, 2.3000000E-001, 2.3500000E-001, 2.4000000E-001, 2.4500000E-001, 2.5000000E-001, 2.5500000E-001, 2.6000000E-001, 2.6500000E-001, 2.7000000E-001, 2.7500000E-001, 2.8000000E-001, 2.8500000E-001, 2.9000000E-001, 2.9500000E-001, 3.0000000E-001, 3.0500000E-001, 3.1000000E-001, 3.1500000E-001, 3.2000000E-001, 3.2500000E-001, 3.3000000E-001, 3.3500000E-001, 3.4000000E-001, 3.4500000E-001, 3.5000000E-001, 3.5500000E-001, 3.6000000E-001, 3.6500000E-001, 3.7000000E-001, 3.7500000E-001, 3.8000000E-001, 3.8500000E-001, 3.9000000E-001, 3.9500000E-001, 4.0000000E-001, 4.0500000E-001, 4.1000000E-001, 4.1500000E-001, 4.2000000E-001, 4.2500000E-001, 4.3000000E-001, 4.3500000E-001, 4.4000000E-001, 4.2405222E+002, 4.0434976E+002, 3.8564293E+002, 3.6800914E+002, 3.5177569E+002, 3.3742447E+002, 3.2543539E+002, 3.1623366E+002, 3.0583982E+002, 2.8874071E+002, 2.6761097E+002, 2.4663117E+002, 2.2610287E+002, 2.0622111E+002, 1.8712089E+002, 1.6891757E+002, 1.5170054E+002, 1.3548378E+002, 1.2027747E+002, 1.0612509E+002, 9.3141578E+001, 8.1477095E+001, 7.1204847E+001, 6.2269380E+001, 5.4554836E+001, 4.7937595E+001, 4.2282392E+001, 3.7457256E+001, 3.3323876E+001, 2.9748920E+001, 2.6600027E+001, 2.3750548E+001, 2.1589640E+001, 2.0613551E+001, 2.0310021E+001, 2.0115810E+001, 1.9993523E+001, 1.9918494E+001, 1.9874143E+001, 1.9850376E+001, 1.9838198E+001, 1.9828439E+001, 1.9819448E+001, 1.9813234E+001, 1.9808955E+001, 1.9806030E+001, 1.9804037E+001, 1.9802690E+001, 1.9801783E+001, 1.9801176E+001, 1.9800771E+001, 1.9800504E+001, 1.9800327E+001, 1.9800211E+001, 1.9800136E+001, 1.9800087E+001, 1.9800055E+001, 1.9800035E+001, 1.9800022E+001, 1.9800014E+001, 1.9800009E+001, 1.9800005E+001, 1.9800003E+001, 1.9800002E+001, 1.9800001E+001, 1.9800001E+001, 1.9800000E+001, 1.9800000E+001, 1.9800000E+001, 1.9800000E+001, 1.9800000E+001, 1.9800000E+001, 1.9800000E+001, 1.9800000E+001, 1.9800000E+001, 1.9800000E+001, 1.9800000E+001, 1.9800000E+001, 1.9800000E+001, 1.9800000E+001, 1.9800000E+001, 1.9800000E+001, 1.9800000E+001, 1.9800000E+001, 1.9800000E+001, 1.9800000E+001, 1.9800000E+001, 1.9800000E+001, 1.9800000E+001
 5.1000293E+003,89, 0.0000000E+000, 5.0000000E-003, 1.0000000E-002, 1.5000000E-002, 2.0000000E-002, 2.5000000E-002, 3.0000000E-002, 3.5000000E-002, 4.0000000E-002, 4.5000000E-002, 5.0000000E-002, 5.5000000E-002, 6.0000000E-002, 6.5000000E-002, 7.0000000E-002, 7.5000000E-002, 8.0000000E-002, 8.5000000E-002, 9.0000000E-002, 9.5000000E-002, 1.0000000E-001, 1.0500000E-001, 1.1000000E-001, 1.1500000E-001, 1.2000000E-001, 1.2500000E-001, 1.3000000E-001, 1.3500000E-001, 1.4000000E-001, 1.4500000E-001, 1.5000000E-001, 1.5500000E-001, 1.6000000E-001, 1.6500000E-001, 1.7000000E-001, 1.7500000E-001, 1.8000000E-001, 1.8500000E-001, 1.9000000E-001, 1.9500000E-001, 2.0000000E-001, 2.0500000E-001, 2.1000000E-001, 2.1500000E-001, 2.2000000E-001, 2.2500000E-001, 2.3000000E-001, 2.3500000E-001, 2.4000000E-001, 2.4500000E-001, 2.5000000E-001, 2.5500000E-001, 2.6000000E-001, 2.6500000E-001, 2.7000000E-001, 2.7500000E-001, 2.8000000E-001, 2.8500000E-001, 2.9000000E-001, 2.9500000E-001, 3.0000000E-001, 3.0500000E-001, 3.1000000E-001, 3.1500000E-001, 3.2000000E-001, 3.2500000E-001, 3.3000000E-001, 3.3500000E-001, 3.4000000E-001, 3.4500000E-001, 3.5000000E-001, 3.5500000E-001, 3.6000000E-001, 3.6500000E-001, 3.7000000E-001, 3.7500000E-001, 3.8000000E-001, 3.8500000E-001, 3.9000000E-001, 3.9500000E-001, 4.0000000E-001, 4.0500000E-001, 4.1000000E-001, 4.1500000E-001, 4.2000000E-001, 4.2500000E-001, 4.3000000E-001, 4.3500000E-001, 4.4000000E-001, 4.2518148E+002, 4.0626951E+002, 3.8815522E+002, 3.7107658E+002, 3.5536787E+002, 3.4148444E+002, 3.2986933E+002, 3.2091455E+002, 3.1066537E+002, 2.9371228E+002, 2.7273643E+002, 2.5184563E+002, 2.3134611E+002, 2.1145312E+002, 1.9229757E+002, 1.7399477E+002, 1.5665179E+002, 1.4029383E+002, 1.2492107E+002, 1.1056502E+002, 9.7309383E+001, 8.5289074E+001, 7.4622751E+001, 6.5291128E+001, 5.7188284E+001, 5.0197850E+001, 4.4188702E+001, 3.9029574E+001, 3.4581453E+001, 3.0711188E+001, 2.7282927E+001, 2.4165177E+001, 2.1794396E+001, 2.0720346E+001, 2.0382386E+001, 2.0164078E+001, 2.0025332E+001, 1.9939435E+001, 1.9888239E+001, 1.9860607E+001, 1.9846290E+001, 1.9834642E+001, 1.9823849E+001, 1.9816338E+001, 1.9811130E+001, 1.9807545E+001, 1.9805087E+001, 1.9803414E+001, 1.9802278E+001, 1.9801513E+001, 1.9801000E+001, 1.9800658E+001, 1.9800430E+001, 1.9800280E+001, 1.9800181E+001, 1.9800117E+001, 1.9800075E+001, 1.9800048E+001, 1.9800030E+001, 1.9800019E+001, 1.9800012E+001, 1.9800008E+001, 1.9800005E+001, 1.9800003E+001, 1.9800002E+001, 1.9800001E+001, 1.9800001E+001, 1.9800000E+001, 1.9800000E+001, 1.9800000E+001, 1.9800000E+001, 1.9800000E+001, 1.9800000E+001, 1.9800000E+001, 1.9800000E+001, 1.9800000E+001, 1.9800000E+001, 1.9800000E+001, 1.9800000E+001, 1.9800000E+001, 1.9800000E+001, 1.9800000E+001, 1.9800000E+001, 1.9800000E+001, 1.9800000E+001, 1.9800000E+001, 1.9800000E+001, 1.9800000E+001, 1.9800000E+001
 5.2002251E+003,89, 0.0000000E+000, 5.0000000E-003, 1.0000000E-002, 1.5000000E-002, 2.0000000E-002, 2.5000000E-002, 3.0000000E-002, 3.5000000E-002, 4.0000000E-002, 4.5000000E-002, 5.0000000E-002, 5.5000000E-002, 6.0000000E-002, 6.5000000E-002, 7.0000000E-002, 7.5000000E-002, 8.0000000E-002, 8.5000000E-002, 9.0000000E-002, 9.5000000E-002, 1.0000000E-001, 1.0500000E-001, 1.1000000E-001, 1.1500000E-001, 1.2000000E-001, 1.2500000E-001, 1.3000000E-001, 1.3500000E-001, 1.4000000E-001, 1.4500000E-001, 1.5000000E-001, 1.5500000E-001, 1.6000000E-001, 1.6500000E-001, 1.7000000E-001, 1.7500000E-001, 1.8000000E-001, 1.8500000E-001, 1.9000000E-001, 1.9500000E-001, 2.0000000E-001, 2.0500000E-001, 2.1000000E-001, 2.1500000E-001, 2.2000000E-001, 2.2500000E-001, 2.3000000E-001, 2.3500000E-001, 2.4000000E-001, 2.4500000E-001, 2.5000000E-001, 2.5500000E-001, 2.6000000E-001, 2.6500000E-001, 2.7000000E-001, 2.7500000E-001, 2.8000000E-001, 2.8500000E-001, 2.9000000E-001, 2.9500000E-001, 3.0000000E-001, 3.0500000E-001, 3.1000000E-001, 3.1500000E-001, 3.2000000E-001, 3.2500000E-001, 3.3000000E-001, 3.3500000E-001, 3.4000000E-001, 3.4500000E-001, 3.5000000E-001, 3.5500000E-001, 3.6000000E-001, 3.6500000E-001, 3.7000000E-001, 3.7500000E-001, 3.8000000E-001, 3.8500000E-001, 3.9000000E-001, 3.9500000E-001, 4.0000000E-001, 4.0500000E-001, 4.1000000E-001, 4.1500000E-001, 4.2000000E-001, 4.2500000E-001, 4.3000000E-001, 4.3500000E-001, 4.4000000E-001, 4.2701790E+002, 4.0822561E+002, 3.9056864E+002, 3.7402693E+002, 3.5883029E+002, 3.4539318E+002, 3.3412989E+002, 3.2540754E+002, 3.1529621E+002, 2.9847989E+002, 2.7766821E+002, 2.5690374E+002, 2.3645400E+002, 2.1655306E+002, 1.9735255E+002, 1.7896885E+002, 1.6151266E+002, 1.4502383E+002, 1.2950322E+002, 1.1496517E+002, 1.0146485E+002, 8.9120047E+001, 7.8080510E+001, 6.8365018E+001, 5.9882071E+001, 5.2522044E+001, 4.6158184E+001, 4.0661187E+001, 3.5893152E+001, 3.1717920E+001, 2.7998831E+001, 2.4603112E+001, 2.2014070E+001, 2.0836619E+001, 2.0461858E+001, 2.0217639E+001, 2.0061020E+001, 1.9963200E+001, 1.9904429E+001, 1.9872488E+001, 1.9855756E+001, 1.9841939E+001, 1.9829061E+001, 1.9820039E+001, 1.9813742E+001, 1.9809379E+001, 1.9806366E+001, 1.9804301E+001, 1.9802890E+001, 1.9801933E+001, 1.9801286E+001, 1.9800852E+001, 1.9800561E+001, 1.9800368E+001, 1.9800240E+001, 1.9800156E+001, 1.9800101E+001, 1.9800065E+001, 1.9800041E+001, 1.9800026E+001, 1.9800017E+001, 1.9800011E+001, 1.9800007E+001, 1.9800004E+001, 1.9800003E+001, 1.9800002E+001, 1.9800001E+001, 1.9800001E+001, 1.9800000E+001, 1.9800000E+001, 1.9800000E+001, 1.9800000E+001, 1.9800000E+001, 1.9800000E+001, 1.9800000E+001, 1.9800000E+001, 1.9800000E+001, 1.9800000E+001, 1.9800000E+001, 1.9800000E+001, 1.9800000E+001, 1.9800000E+001, 1.9800000E+001, 1.9800000E+001, 1.9800000E+001, 1.9800000E+001, 1.9800000E+001, 1.9800000E+001, 1.9800000E+001
 5.3000220E+003,89, 0.0000000E+000, 5.0000000E-003, 1.0000000E-002, 1.5000000E-002, 2.0000000E-002, 2.5000000E-002, 3.0000000E-002, 3.5000000E-002, 4.0000000E-002, 4.5000000E-002, 5.0000000E-002, 5.5000000E-002, 6.0000000E-002, 6.5000000E-002, 7.0000000E-002, 7.5000000E-002, 8.0000000E-002, 8.5000000E-002, 9.0000000E-002, 9.5000000E-002, 1.0000000E-001, 1.0500000E-001, 1.1000000E-001, 1.1500000E-001, 1.2000000E-001, 1.2500000E-001, 1.3000000E-001, 1.3500000E-001, 1.4000000E-001, 1.4500000E-001, 1.5000000E-001, 1.5500000E-001, 1.6000000E-001, 1.6500000E-001, 1.7000000E-001, 1.7500000E-001, 1.8000000E-001, 1.8500000E-001, 1.9000000E-001, 1.9500000E-001, 2.0000000E-001, 2.0500000E-001, 2.1000000E-001, 2.1500000E-001, 2.2000000E-001, 2.2500000E-001, 2.3000000E-001, 2.3500000E-001, 2.4000000E-001, 2.4500000E-001, 2.5000000E-001, 2.5500000E-001, 2.6000000E-001, 2.6500000E-001, 2.7000000E-001, 2.7500000E-001, 2.8000000E-001, 2.8500000E-001, 2.9000000E-001, 2.9500000E-001, 3.0000000E-001, 3.0500000E-001, 3.1000000E-001, 3.1500000E-001, 3.2000000E-001, 3.2500000E-001, 3.3000000E-001, 3.3500000E-001, 3.4000000E-001, 3.4500000E-001, 3.5000000E-001, 3.5500000E-001, 3.6000000E-001, 3.6500000E-001, 3.7000000E-001, 3.7500000E-001, 3.8000000E-001, 3.8500000E-001, 3.9000000E-001, 3.9500000E-001, 4.0000000E-001, 4.0500000E-001, 4.1000000E-001, 4.1500000E-001, 4.2000000E-001, 4.2500000E-001, 4.3000000E-001, 4.3500000E-001, 4.4000000E-001, 4.2827005E+002, 4.1011388E+002, 3.9295293E+002, 3.7687363E+002, 3.6211975E+002, 3.4907964E+002, 3.3813613E+002, 3.2962710E+002, 3.1964216E+002, 3.0295727E+002, 2.8230168E+002, 2.6165897E+002, 2.4126758E+002, 2.2137442E+002, 2.0214927E+002, 1.8370148E+002, 1.6614456E+002, 1.4953272E+002, 1.3387720E+002, 1.1917846E+002, 1.0547657E+002, 9.2863644E+001, 8.1484458E+001, 7.1402876E+001, 6.2556689E+001, 5.4840544E+001, 4.8131954E+001, 4.2303251E+001, 3.7217515E+001, 3.2740113E+001, 2.8730852E+001, 2.5052477E+001, 2.2241233E+001, 2.0959731E+001, 2.0546908E+001, 2.0275505E+001, 2.0099971E+001, 1.9989430E+001, 1.9922509E+001, 1.9885898E+001, 1.9866510E+001, 1.9850268E+001, 1.9835050E+001, 1.9824322E+001, 1.9816786E+001, 1.9811530E+001, 1.9807877E+001, 1.9805357E+001, 1.9803623E+001, 1.9802440E+001, 1.9801634E+001, 1.9801089E+001, 1.9800723E+001, 1.9800477E+001, 1.9800313E+001, 1.9800205E+001, 1.9800133E+001, 1.9800086E+001, 1.9800056E+001, 1.9800036E+001, 1.9800023E+001, 1.9800014E+001, 1.9800009E+001, 1.9800006E+001, 1.9800004E+001, 1.9800002E+001, 1.9800001E+001, 1.9800001E+001, 1.9800001E+001, 1.9800000E+001, 1.9800000E+001, 1.9800000E+001, 1.9800000E+001, 1.9800000E+001, 1.9800000E+001, 1.9800000E+001, 1.9800000E+001, 1.9800000E+001, 1.9800000E+001, 1.9800000E+001, 1.9800000E+001, 1.9800000E+001, 1.9800000E+001, 1.9800000E+001, 1.9800000E+001, 1.9800000E+001, 1.9800000E+001, 1.9800000E+001, 1.9800000E+001
 5.4000010E+003,89, 0.0000000E+000, 5.0000000E-003, 1.0000000E-002, 1.5000000E-002, 2.0000000E-002, 2.5000000E-002, 3.0000000E-002, 3.5000000E-002, 4.0000000E-002, 4.5000000E-002, 5.0000000E-002, 5.5000000E-002, 6.0000000E-002, 6.5000000E-002, 7.0000000E-002, 7.5000000E-002, 8.0000000E-002, 8.5000000E-002, 9.0000000E-002, 9.5000000E-002, 1.0000000E-001, 1.0500000E-001, 1.1000000E-001, 1.1500000E-001, 1.2000000E-001, 1.2500000E-001, 1.3000000E-001, 1.3500000E-001, 1.4000000E-001, 1.4500000E-001, 1.5000000E-001, 1.5500000E-001, 1.6000000E-001, 1.6500000E-001, 1.7000000E-001, 1.7500000E-001, 1.8000000E-001, 1.8500000E-001, 1.9000000E-001, 1.9500000E-001, 2.0000000E-001, 2.0500000E-001, 2.1000000E-001, 2.1500000E-001, 2.2000000E-001, 2.2500000E-001, 2.3000000E-001, 2.3500000E-001, 2.4000000E-001, 2.4500000E-001, 2.5000000E-001, 2.5500000E-001, 2.6000000E-001, 2.6500000E-001, 2.7000000E-001, 2.7500000E-001, 2.8000000E-001, 2.8500000E-001, 2.9000000E-001, 2.9500000E-001, 3.0000000E-001, 3.0500000E-001, 3.1000000E-001, 3.1500000E-001, 3.2000000E-001, 3.2500000E-001, 3.3000000E-001, 3.3500000E-001, 3.4000000E-001, 3.4500000E-001, 3.5000000E-001, 3.5500000E-001, 3.6000000E-001, 3.6500000E-001, 3.7000000E-001, 3.7500000E-001, 3.8000000E-001, 3.8500000E-001, 3.9000000E-001, 3.9500000E-001, 4.0000000E-001, 4.0500000E-001, 4.1000000E-001, 4.1500000E-001, 4.2000000E-001, 4.2500000E-001, 4.3000000E-001, 4.3500000E-001, 4.4000000E-001, 4.2982035E+002, 4.1203638E+002, 3.9528046E+002, 3.7963926E+002, 3.6531292E+002, 3.5264756E+002, 3.4200181E+002, 3.3369156E+002, 3.2382605E+002, 3.0726916E+002, 2.8677751E+002, 2.6626988E+002, 2.4594555E+002, 2.2606969E+002, 2.0683182E+002, 1.8833405E+002, 1.7069066E+002, 1.5396797E+002, 1.3818608E+002, 1.2333970E+002, 1.0945923E+002, 9.6608147E+001, 8.4914978E+001, 7.4481625E+001, 6.5280161E+001, 5.7211800E+001, 5.0157710E+001, 4.3993828E+001, 3.8587351E+001, 3.3802221E+001, 2.9495630E+001, 2.5527270E+001, 2.2484406E+001, 2.1092405E+001, 2.0639459E+001, 2.0339115E+001, 2.0143229E+001, 2.0018873E+001, 1.9943032E+001, 1.9901276E+001, 1.9878926E+001, 1.9859935E+001, 1.9842047E+001, 1.9829358E+001, 1.9820388E+001, 1.9814093E+001, 1.9809689E+001, 1.9806632E+001, 1.9804515E+001, 1.9803060E+001, 1.9802063E+001, 1.9801384E+001, 1.9800924E+001, 1.9800614E+001, 1.9800406E+001, 1.9800268E+001, 1.9800175E+001, 1.9800114E+001, 1.9800074E+001, 1.9800048E+001, 1.9800031E+001, 1.9800020E+001, 1.9800013E+001, 1.9800008E+001, 1.9800005E+001, 1.9800003E+001, 1.9800002E+001, 1.9800001E+001, 1.9800001E+001, 1.9800000E+001, 1.9800000E+001, 1.9800000E+001, 1.9800000E+001, 1.9800000E+001, 1.9800000E+001, 1.9800000E+001, 1.9800000E+001, 1.9800000E+001, 1.9800000E+001, 1.9800000E+001, 1.9800000E+001, 1.9800000E+001, 1.9800000E+001, 1.9800000E+001, 1.9800000E+001, 1.9800000E+001, 1.9800000E+001, 1.9800000E+001, 1.9800000E+001
 5.5000195E+003,89, 0.0000000E+000, 5.0000000E-003, 1.0000000E-002, 1.5000000E-002, 2.0000000E-002, 2.5000000E-002, 3.0000000E-002, 3.5000000E-002, 4.0000000E-002, 4.5000000E-002, 5.0000000E-002, 5.5000000E-002, 6.0000000E-002, 6.5000000E-002, 7.0000000E-002, 7.5000000E-002, 8.0000000E-002, 8.5000000E-002, 9.0000000E-002, 9.5000000E-002, 1.0000000E-001, 1.0500000E-001, 1.1000000E-001, 1.1500000E-001, 1.2000000E-001, 1.2500000E-001, 1.3000000E-001, 1.3500000E-001, 1.4000000E-001, 1.4500000E-001, 1.5000000E-001, 1.5500000E-001, 1.6000000E-001, 1.6500000E-001, 1.7000000E-001, 1.7500000E-001, 1.8000000E-001, 1.8500000E-001, 1.9000000E-001, 1.9500000E-001, 2.0000000E-001, 2.0500000E-001, 2.1000000E-001, 2.1500000E-001, 2.2000000E-001, 2.2500000E-001, 2.3000000E-001, 2.3500000E-001, 2.4000000E-001, 2.4500000E-001, 2.5000000E-001, 2.5500000E-001, 2.6000000E-001, 2.6500000E-001, 2.7000000E-001, 2.7500000E-001, 2.8000000E-001, 2.8500000E-001, 2.9000000E-001, 2.9500000E-001, 3.0000000E-001, 3.0500000E-001, 3.1000000E-001, 3.1500000E-001, 3.2000000E-001, 3.2500000E-001, 3.3000000E-001, 3.3500000E-001, 3.4000000E-001, 3.4500000E-001, 3.5000000E-001, 3.5500000E-001, 3.6000000E-001, 3.6500000E-001, 3.7000000E-001, 3.7500000E-001, 3.8000000E-001, 3.8500000E-001, 3.9000000E-001, 3.9500000E-001, 4.0000000E-001, 4.0500000E-001, 4.1000000E-001, 4.1500000E-001, 4.2000000E-001, 4.2500000E-001, 4.3000000E-001, 4.3500000E-001, 4.4000000E-001, 4.3098884E+002, 4.1377180E+002, 3.9749126E+002, 3.8229026E+002, 3.6836985E+002, 3.5605481E+002, 3.4568698E+002, 3.3756247E+002, 3.2780187E+002, 3.1135540E+002, 2.9101968E+002, 2.7064855E+002, 2.5040625E+002, 2.3056882E+002, 2.1132958E+002, 1.9279151E+002, 1.7507263E+002, 1.5825500E+002, 1.4236873E+002, 1.2739272E+002, 1.1335198E+002, 1.0028634E+002, 8.8302741E+001, 7.7538181E+001, 6.7998603E+001, 5.9590401E+001, 5.2200216E+001, 4.5707896E+001, 3.9981447E+001, 3.4886166E+001, 3.0277999E+001, 2.6014302E+001, 2.2737035E+001, 2.1233093E+001, 2.0738442E+001, 2.0407811E+001, 2.0190421E+001, 2.0051334E+001, 1.9965909E+001, 1.9918586E+001, 1.9892990E+001, 1.9870940E+001, 1.9850062E+001, 1.9835163E+001, 1.9824568E+001, 1.9817086E+001, 1.9811820E+001, 1.9808140E+001, 1.9805577E+001, 1.9803803E+001, 1.9802581E+001, 1.9801743E+001, 1.9801171E+001, 1.9800784E+001, 1.9800522E+001, 1.9800346E+001, 1.9800228E+001, 1.9800150E+001, 1.9800098E+001, 1.9800064E+001, 1.9800041E+001, 1.9800027E+001, 1.9800017E+001, 1.9800011E+001, 1.9800007E+001, 1.9800004E+001, 1.9800003E+001, 1.9800002E+001, 1.9800001E+001, 1.9800001E+001, 1.9800000E+001, 1.9800000E+001, 1.9800000E+001, 1.9800000E+001, 1.9800000E+001, 1.9800000E+001, 1.9800000E+001, 1.9800000E+001, 1.9800000E+001, 1.9800000E+001, 1.9800000E+001, 1.9800000E+001, 1.9800000E+001, 1.9800000E+001, 1.9800000E+001, 1.9800000E+001, 1.9800000E+001, 1.9800000E+001, 1.9800000E+001
 5.6000381E+003,89, 0.0000000E+000, 5.0000000E-003, 1.0000000E-002, 1.5000000E-002, 2.0000000E-002, 2.5000000E-002, 3.0000000E-002, 3.5000000E-002, 4.0000000E-002, 4.5000000E-002, 5.0000000E-002, 5.5000000E-002, 6.0000000E-002, 6.5000000E-002, 7.0000000E-002, 7.5000000E-002, 8.0000000E-002, 8.5000000E-002, 9.0000000E-002, 9.5000000E-002, 1.0000000E-001, 1.0500000E-001, 1.1000000E-001, 1.1500000E-001, 1.2000000E-001, 1.2500000E-001, 1.3000000E-001, 1.3500000E-001, 1.4000000E-001, 1.4500000E-001, 1.5000000E-001, 1.5500000E-001, 1.6000000E-001, 1.6500000E-001, 1.7000000E-001, 1.7500000E-001, 1.8000000E-001, 1.8500000E-001, 1.9000000E-001, 1.9500000E-001, 2.0000000E-001, 2.0500000E-001, 2.1000000E-001, 2.1500000E-001, 2.2000000E-001, 2.2500000E-001, 2.3000000E-001, 2.3500000E-001, 2.4000000E-001, 2.4500000E-001, 2.5000000E-001, 2.5500000E-001, 2.6000000E-001, 2.6500000E-001, 2.7000000E-001, 2.7500000E-001, 2.8000000E-001, 2.8500000E-001, 2.9000000E-001, 2.9500000E-001, 3.0000000E-001, 3.0500000E-001, 3.1000000E-001, 3.1500000E-001, 3.2000000E-001, 3.2500000E-001, 3.3000000E-001, 3.3500000E-001, 3.4000000E-001, 3.4500000E-001, 3.5000000E-001, 3.5500000E-001, 3.6000000E-001, 3.6500000E-001, 3.7000000E-001, 3.7500000E-001, 3.8000000E-001, 3.8500000E-001, 3.9000000E-001, 3.9500000E-001, 4.0000000E-001, 4.0500000E-001, 4.1000000E-001, 4.1500000E-001, 4.2000000E-001, 4.2500000E-001, 4.3000000E-001, 4.3500000E-001, 4.4000000E-001, 4.3224053E+002, 4.1545640E+002, 3.9961155E+002, 3.8483898E+002, 3.7131717E+002, 3.5934231E+002, 3.4924016E+002, 3.4129225E+002, 3.3163379E+002, 3.1528837E+002, 2.9509394E+002, 2.7487036E+002, 2.5473215E+002, 2.3493858E+002, 2.1570601E+002, 1.9714606E+002, 1.7937019E+002, 1.6246488E+002, 1.4647259E+002, 1.3137477E+002, 1.1718287E+002, 1.0392946E+002, 9.1699142E+001, 8.0622343E+001, 7.0747041E+001, 6.2003357E+001, 5.4278433E+001, 4.7458108E+001, 4.1411857E+001, 3.6002756E+001, 3.1086813E+001, 2.6519648E+001, 2.3001961E+001, 2.1383403E+001, 2.0845165E+001, 2.0482512E+001, 2.0242231E+001, 2.0087340E+001, 1.9991557E+001, 1.9938176E+001, 1.9909007E+001, 1.9883535E+001, 1.9859293E+001, 1.9841891E+001, 1.9829442E+001, 1.9820598E+001, 1.9814336E+001, 1.9809933E+001, 1.9806847E+001, 1.9804699E+001, 1.9803208E+001, 1.9802181E+001, 1.9801475E+001, 1.9800993E+001, 1.9800665E+001, 1.9800444E+001, 1.9800295E+001, 1.9800195E+001, 1.9800128E+001, 1.9800084E+001, 1.9800055E+001, 1.9800035E+001, 1.9800023E+001, 1.9800015E+001, 1.9800009E+001, 1.9800006E+001, 1.9800004E+001, 1.9800002E+001, 1.9800001E+001, 1.9800001E+001, 1.9800001E+001, 1.9800000E+001, 1.9800000E+001, 1.9800000E+001, 1.9800000E+001, 1.9800000E+001, 1.9800000E+001, 1.9800000E+001, 1.9800000E+001, 1.9800000E+001, 1.9800000E+001, 1.9800000E+001, 1.9800000E+001, 1.9800000E+001, 1.9800000E+001, 1.9800000E+001, 1.9800000E+001, 1.9800000E+001, 1.9800000E+001
 5.7000566E+003,89, 0.0000000E+000, 5.0000000E-003, 1.0000000E-002, 1.5000000E-002, 2.0000000E-002, 2.5000000E-002, 3.0000000E-002, 3.5000000E-002, 4.0000000E-002, 4.5000000E-002, 5.0000000E-002, 5.5000000E-002, 6.0000000E-002, 6.5000000E-002, 7.0000000E-002, 7.5000000E-002, 8.0000000E-002, 8.5000000E-002, 9.0000000E-002, 9.5000000E-002, 1.0000000E-001, 1.0500000E-001, 1.1000000E-001, 1.1500000E-001, 1.2000000E-001, 1.2500000E-001, 1.3000000E-001, 1.3500000E-001, 1.4000000E-001, 1.4500000E-001, 1.5000000E-001, 1.5500000E-001, 1.6000000E-001, 1.6500000E-001, 1.7000000E-001, 1.7500000E-001, 1.8000000E-001, 1.8500000E-001, 1.9000000E-001, 1.9500000E-001, 2.0000000E-001, 2.0500000E-001, 2.1000000E-001, 2.1500000E-001, 2.2000000E-001, 2.2500000E-001, 2.3000000E-001, 2.3500000E-001, 2.4000000E-001, 2.4500000E-001, 2.5000000E-001, 2.5500000E-001, 2.6000000E-001, 2.6500000E-001, 2.7000000E-001, 2.7500000E-001, 2.8000000E-001, 2.8500000E-001, 2.9000000E-001, 2.9500000E-001, 3.0000000E-001, 3.0500000E-001, 3.1000000E-001, 3.1500000E-001, 3.2000000E-001, 3.2500000E-001, 3.3000000E-001, 3.3500000E-001, 3.4000000E-001, 3.4500000E-001, 3.5000000E-001, 3.5500000E-001, 3.6000000E-001, 3.6500000E-001, 3.7000000E-001, 3.7500000E-001, 3.8000000E-001, 3.8500000E-001, 3.9000000E-001, 3.9500000E-001, 4.0000000E-001, 4.0500000E-001, 4.1000000E-001, 4.1500000E-001, 4.2000000E-001, 4.2500000E-001, 4.3000000E-001, 4.3500000E-001, 4.4000000E-001, 4.3361606E+002, 4.1711137E+002, 4.0163575E+002, 3.8726183E+002, 3.7411589E+002, 3.6246229E+002, 3.5261155E+002, 3.4483042E+002, 3.3526004E+002, 3.1900095E+002, 2.9893405E+002, 2.7884964E+002, 2.5882488E+002, 2.3908809E+002, 2.1987073E+002, 2.0129750E+002, 1.8347571E+002, 1.6649124E+002, 1.5040191E+002, 1.3519724E+002, 1.2087315E+002, 1.0745422E+002, 9.5008307E+001, 8.3651355E+001, 7.3459588E+001, 6.4393009E+001, 5.6348176E+001, 4.9209178E+001, 4.2844845E+001, 3.7124240E+001, 3.1905129E+001, 2.7037459E+001, 2.3276490E+001, 2.1540716E+001, 2.0957968E+001, 2.0562242E+001, 2.0298057E+001, 2.0126530E+001, 2.0019761E+001, 1.9959920E+001, 1.9926884E+001, 1.9897651E+001, 1.9869700E+001, 1.9849523E+001, 1.9835005E+001, 1.9824632E+001, 1.9817244E+001, 1.9812018E+001, 1.9808334E+001, 1.9805753E+001, 1.9803952E+001, 1.9802703E+001, 1.9801839E+001, 1.9801246E+001, 1.9800840E+001, 1.9800564E+001, 1.9800377E+001, 1.9800251E+001, 1.9800166E+001, 1.9800109E+001, 1.9800072E+001, 1.9800047E+001, 1.9800030E+001, 1.9800020E+001, 1.9800013E+001, 1.9800008E+001, 1.9800005E+001, 1.9800003E+001, 1.9800002E+001, 1.9800001E+001, 1.9800001E+001, 1.9800000E+001, 1.9800000E+001, 1.9800000E+001, 1.9800000E+001, 1.9800000E+001, 1.9800000E+001, 1.9800000E+001, 1.9800000E+001, 1.9800000E+001, 1.9800000E+001, 1.9800000E+001, 1.9800000E+001, 1.9800000E+001, 1.9800000E+001, 1.9800000E+001, 1.9800000E+001, 1.9800000E+001, 1.9800000E+001
 5.8000771E+003,89, 0.0000000E+000, 5.0000000E-003, 1.0000000E-002, 1.5000000E-002, 2.0000000E-002, 2.5000000E-002, 3.0000000E-002, 3.5000000E-002, 4.0000000E-002, 4.5000000E-002, 5.0000000E-002, 5.5000000E-002, 6.0000000E-002, 6.5000000E-002, 7.0000000E-002, 7.5000000E-002, 8.0000000E-002, 8.5000000E-002, 9.0000000E-002, 9.5000000E-002, 1.0000000E-001, 1.0500000E-001, 1.1000000E-001, 1.1500000E-001, 1.2000000E-001, 1.2500000E-001, 1.3000000E-001, 1.3500000E-001, 1.4000000E-001, 1.4500000E-001, 1.5000000E-001, 1.5500000E-001, 1.6000000E-001, 1.6500000E-001, 1.7000000E-001, 1.7500000E-001, 1.8000000E-001, 1.8500000E-001, 1.9000000E-001, 1.9500000E-001, 2.0000000E-001, 2.0500000E-001, 2.1000000E-001, 2.1500000E-001, 2.2000000E-001, 2.2500000E-001, 2.3000000E-001, 2.3500000E-001, 2.4000000E-001, 2.4500000E-001, 2.5000000E-001, 2.5500000E-001, 2.6000000E-001, 2.6500000E-001, 2.7000000E-001, 2.7500000E-001, 2.8000000E-001, 2.8500000E-001, 2.9000000E-001, 2.9500000E-001, 3.0000000E-001, 3.0500000E-001, 3.1000000E-001, 3.1500000E-001, 3.2000000E-001, 3.2500000E-001, 3.3000000E-001, 3.3500000E-001, 3.4000000E-001, 3.4500000E-001, 3.5000000E-001, 3.5500000E-001, 3.6000000E-001, 3.6500000E-001, 3.7000000E-001, 3.7500000E-001, 3.8000000E-001, 3.8500000E-001, 3.9000000E-001, 3.9500000E-001, 4.0000000E-001, 4.0500000E-001, 4.1000000E-001, 4.1500000E-001, 4.2000000E-001, 4.2500000E-001, 4.3000000E-001, 4.3500000E-001, 4.4000000E-001, 4.3478049E+002, 4.1871581E+002, 4.0362549E+002, 3.8961387E+002, 3.7681191E+002, 3.6545953E+002, 3.5584729E+002, 3.4822433E+002, 3.3874200E+002, 3.2257185E+002, 3.0263336E+002, 2.8268900E+002, 2.6277961E+002, 2.4310523E+002, 2.2390915E+002, 2.0532983E+002, 1.8747074E+002, 1.7041724E+002, 1.5423836E+002, 1.3893540E+002, 1.2449447E+002, 1.1092976E+002, 9.8287765E+001, 8.6665700E+001, 7.6171137E+001, 6.6793635E+001, 5.8432938E+001, 5.0976800E+001, 4.4300061E+001, 3.8270398E+001, 3.2741848E+001, 2.7566939E+001, 2.3561078E+001, 2.1706824E+001, 2.1077944E+001, 2.0647802E+001, 2.0358535E+001, 2.0169403E+001, 2.0050928E+001, 1.9984158E+001, 1.9946926E+001, 1.9913552E+001, 1.9881492E+001, 1.9858219E+001, 1.9841382E+001, 1.9829283E+001, 1.9820617E+001, 1.9814452E+001, 1.9810080E+001, 1.9807000E+001, 1.9804836E+001, 1.9803327E+001, 1.9802278E+001, 1.9801553E+001, 1.9801053E+001, 1.9800711E+001, 1.9800478E+001, 1.9800320E+001, 1.9800213E+001, 1.9800141E+001, 1.9800093E+001, 1.9800061E+001, 1.9800040E+001, 1.9800026E+001, 1.9800017E+001, 1.9800011E+001, 1.9800007E+001, 1.9800004E+001, 1.9800003E+001, 1.9800002E+001, 1.9800001E+001, 1.9800001E+001, 1.9800000E+001, 1.9800000E+001, 1.9800000E+001, 1.9800000E+001, 1.9800000E+001, 1.9800000E+001, 1.9800000E+001, 1.9800000E+001, 1.9800000E+001, 1.9800000E+001, 1.9800000E+001, 1.9800000E+001, 1.9800000E+001, 1.9800000E+001, 1.9800000E+001, 1.9800000E+001, 1.9800000E+001
 5.9001426E+003,89, 0.0000000E+000, 5.0000000E-003, 1.0000000E-002, 1.5000000E-002, 2.0000000E-002, 2.5000000E-002, 3.0000000E-002, 3.5000000E-002, 4.0000000E-002, 4.5000000E-002, 5.0000000E-002, 5.5000000E-002, 6.0000000E-002, 6.5000000E-002, 7.0000000E-002, 7.5000000E-002, 8.0000000E-002, 8.5000000E-002, 9.0000000E-002, 9.5000000E-002, 1.0000000E-001, 1.0500000E-001, 1.1000000E-001, 1.1500000E-001, 1.2000000E-001, 1.2500000E-001, 1.3000000E-001, 1.3500000E-001, 1.4000000E-001, 1.4500000E-001, 1.5000000E-001, 1.5500000E-001, 1.6000000E-001, 1.6500000E-001, 1.7000000E-001, 1.7500000E-001, 1.8000000E-001, 1.8500000E-001, 1.9000000E-001, 1.9500000E-001, 2.0000000E-001, 2.0500000E-001, 2.1000000E-001, 2.1500000E-001, 2.2000000E-001, 2.2500000E-001, 2.3000000E-001, 2.3500000E-001, 2.4000000E-001, 2.4500000E-001, 2.5000000E-001, 2.5500000E-001, 2.6000000E-001, 2.6500000E-001, 2.7000000E-001, 2.7500000E-001, 2.8000000E-001, 2.8500000E-001, 2.9000000E-001, 2.9500000E-001, 3.0000000E-001, 3.0500000E-001, 3.1000000E-001, 3.1500000E-001, 3.2000000E-001, 3.2500000E-001, 3.3000000E-001, 3.3500000E-001, 3.4000000E-001, 3.4500000E-001, 3.5000000E-001, 3.5500000E-001, 3.6000000E-001, 3.6500000E-001, 3.7000000E-001, 3.7500000E-001, 3.8000000E-001, 3.8500000E-001, 3.9000000E-001, 3.9500000E-001, 4.0000000E-001, 4.0500000E-001, 4.1000000E-001, 4.1500000E-001, 4.2000000E-001, 4.2500000E-001, 4.3000000E-001, 4.3500000E-001, 4.4000000E-001, 4.3565685E+002, 4.2020369E+002, 4.0552296E+002, 3.9187506E+002, 3.7940507E+002, 3.6833710E+002, 3.5894763E+002, 3.5147363E+002, 3.4207572E+002, 3.2599128E+002, 3.0617860E+002, 2.8637471E+002, 2.6658228E+002, 2.4697245E+002, 2.2780317E+002, 2.0922588E+002, 1.9133922E+002, 1.7422752E+002, 1.5796813E+002, 1.4257672E+002, 1.2803114E+002, 1.1432964E+002, 1.0150762E+002, 8.9648725E+001, 7.8869417E+001, 6.9187036E+001, 6.0517998E+001, 5.2753455E+001, 4.5767703E+001, 3.9429313E+001, 3.3593156E+001, 2.8108929E+001, 2.3854689E+001, 2.1880973E+001, 2.1204913E+001, 2.0739092E+001, 2.0423644E+001, 2.0216002E+001, 2.0085138E+001, 2.0010988E+001, 1.9969232E+001, 1.9931327E+001, 1.9894748E+001, 1.9868053E+001, 1.9848634E+001, 1.9834604E+001, 1.9824498E+001, 1.9817269E+001, 1.9812112E+001, 1.9808459E+001, 1.9805879E+001, 1.9804068E+001, 1.9802801E+001, 1.9801921E+001, 1.9801311E+001, 1.9800891E+001, 1.9800602E+001, 1.9800406E+001, 1.9800272E+001, 1.9800181E+001, 1.9800120E+001, 1.9800080E+001, 1.9800052E+001, 1.9800034E+001, 1.9800022E+001, 1.9800015E+001, 1.9800009E+001, 1.9800006E+001, 1.9800004E+001, 1.9800002E+001, 1.9800002E+001, 1.9800001E+001, 1.9800001E+001, 1.9800000E+001, 1.9800000E+001, 1.9800000E+001, 1.9800000E+001, 1.9800000E+001, 1.9800000E+001, 1.9800000E+001, 1.9800000E+001, 1.9800000E+001, 1.9800000E+001, 1.9800000E+001, 1.9800000E+001, 1.9800000E+001, 1.9800000E+001, 1.9800000E+001, 1.9800000E+001
 6.0000801E+003,89, 0.0000000E+000, 5.0000000E-003, 1.0000000E-002, 1.5000000E-002, 2.0000000E-002, 2.5000000E-002, 3.0000000E-002, 3.5000000E-002, 4.0000000E-002, 4.5000000E-002, 5.0000000E-002, 5.5000000E-002, 6.0000000E-002, 6.5000000E-002, 7.0000000E-002, 7.5000000E-002, 8.0000000E-002, 8.5000000E-002, 9.0000000E-002, 9.5000000E-002, 1.0000000E-001, 1.0500000E-001, 1.1000000E-001, 1.1500000E-001, 1.2000000E-001, 1.2500000E-001, 1.3000000E-001, 1.3500000E-001, 1.4000000E-001, 1.4500000E-001, 1.5000000E-001, 1.5500000E-001, 1.6000000E-001, 1.6500000E-001, 1.7000000E-001, 1.7500000E-001, 1.8000000E-001, 1.8500000E-001, 1.9000000E-001, 1.9500000E-001, 2.0000000E-001, 2.0500000E-001, 2.1000000E-001, 2.1500000E-001, 2.2000000E-001, 2.2500000E-001, 2.3000000E-001, 2.3500000E-001, 2.4000000E-001, 2.4500000E-001, 2.5000000E-001, 2.5500000E-001, 2.6000000E-001, 2.6500000E-001, 2.7000000E-001, 2.7500000E-001, 2.8000000E-001, 2.8500000E-001, 2.9000000E-001, 2.9500000E-001, 3.0000000E-001, 3.0500000E-001, 3.1000000E-001, 3.1500000E-001, 3.2000000E-001, 3.2500000E-001, 3.3000000E-001, 3.3500000E-001, 3.4000000E-001, 3.4500000E-001, 3.5000000E-001, 3.5500000E-001, 3.6000000E-001, 3.6500000E-001, 3.7000000E-001, 3.7500000E-001, 3.8000000E-001, 3.8500000E-001, 3.9000000E-001, 3.9500000E-001, 4.0000000E-001, 4.0500000E-001, 4.1000000E-001, 4.1500000E-001, 4.2000000E-001, 4.2500000E-001, 4.3000000E-001, 4.3500000E-001, 4.4000000E-001, 4.3693380E+002, 4.2171931E+002, 4.0734507E+002, 3.9403567E+002, 3.8188881E+002, 3.7109707E+002, 3.6192234E+002, 3.5459089E+002, 3.4528498E+002, 3.2929432E+002, 3.0959499E+002, 2.8991872E+002, 2.7024608E+002, 2.5071049E+002, 2.3157555E+002, 2.1300638E+002, 1.9509671E+002, 1.7793954E+002, 1.6161174E+002, 1.4613020E+002, 1.3148199E+002, 1.1765648E+002, 1.0467654E+002, 9.2607742E+001, 8.1561727E+001, 7.1584318E+001, 6.2612840E+001, 5.4542559E+001, 4.7248412E+001, 4.0600368E+001, 3.4457856E+001, 2.8666318E+001, 2.4160512E+001, 2.2063088E+001, 2.1338829E+001, 2.0836236E+001, 2.0493550E+001, 2.0266500E+001, 2.0122563E+001, 2.0040581E+001, 1.9993968E+001, 1.9951128E+001, 1.9909596E+001, 1.9879127E+001, 1.9856848E+001, 1.9840664E+001, 1.9828944E+001, 1.9820514E+001, 1.9814468E+001, 1.9810161E+001, 1.9807101E+001, 1.9804942E+001, 1.9803422E+001, 1.9802360E+001, 1.9801620E+001, 1.9801107E+001, 1.9800753E+001, 1.9800510E+001, 1.9800344E+001, 1.9800231E+001, 1.9800154E+001, 1.9800103E+001, 1.9800068E+001, 1.9800045E+001, 1.9800029E+001, 1.9800019E+001, 1.9800013E+001, 1.9800008E+001, 1.9800005E+001, 1.9800003E+001, 1.9800002E+001, 1.9800001E+001, 1.9800001E+001, 1.9800001E+001, 1.9800000E+001, 1.9800000E+001, 1.9800000E+001, 1.9800000E+001, 1.9800000E+001, 1.9800000E+001, 1.9800000E+001, 1.9800000E+001, 1.9800000E+001, 1.9800000E+001, 1.9800000E+001, 1.9800000E+001, 1.9800000E+001, 1.9800000E+001, 1.9800000E+001
 6.1001479E+003,89, 0.0000000E+000, 5.0000000E-003, 1.0000000E-002, 1.5000000E-002, 2.0000000E-002, 2.5000000E-002, 3.0000000E-002, 3.5000000E-002, 4.0000000E-002, 4.5000000E-002, 5.0000000E-002, 5.5000000E-002, 6.0000000E-002, 6.5000000E-002, 7.0000000E-002, 7.5000000E-002, 8.0000000E-002, 8.5000000E-002, 9.0000000E-002, 9.5000000E-002, 1.0000000E-001, 1.0500000E-001, 1.1000000E-001, 1.1500000E-001, 1.2000000E-001, 1.2500000E-001, 1.3000000E-001, 1.3500000E-001, 1.4000000E-001, 1.4500000E-001, 1.5000000E-001, 1.5500000E-001, 1.6000000E-001, 1.6500000E-001, 1.7000000E-001, 1.7500000E-001, 1.8000000E-001, 1.8500000E-001, 1.9000000E-001, 1.9500000E-001, 2.0000000E-001, 2.0500000E-001, 2.1000000E-001, 2.1500000E-001, 2.2000000E-001, 2.2500000E-001, 2.3000000E-001, 2.3500000E-001, 2.4000000E-001, 2.4500000E-001, 2.5000000E-001, 2.5500000E-001, 2.6000000E-001, 2.6500000E-001, 2.7000000E-001, 2.7500000E-001, 2.8000000E-001, 2.8500000E-001, 2.9000000E-001, 2.9500000E-001, 3.0000000E-001, 3.0500000E-001, 3.1000000E-001, 3.1500000E-001, 3.2000000E-001, 3.2500000E-001, 3.3000000E-001, 3.3500000E-001, 3.4000000E-001, 3.4500000E-001, 3.5000000E-001, 3.5500000E-001, 3.6000000E-001, 3.6500000E-001, 3.7000000E-001, 3.7500000E-001, 3.8000000E-001, 3.8500000E-001, 3.9000000E-001, 3.9500000E-001, 4.0000000E-001, 4.0500000E-001, 4.1000000E-001, 4.1500000E-001, 4.2000000E-001, 4.2500000E-001, 4.3000000E-001, 4.3500000E-001, 4.4000000E-001, 4.3800733E+002, 4.2312661E+002, 4.0909557E+002, 3.9610405E+002, 3.8425482E+002, 3.7372322E+002, 3.6475165E+002, 3.5755631E+002, 3.4832918E+002, 3.3241167E+002, 3.1281233E+002, 2.9325677E+002, 2.7370406E+002, 2.5425734E+002, 2.3516511E+002, 2.1660680E+002, 1.9868801E+002, 1.8149075E+002, 1.6509770E+002, 1.4953620E+002, 1.3479450E+002, 1.2085703E+002, 1.0774129E+002, 9.5488904E+001, 8.4196099E+001, 7.3937600E+001, 6.4676850E+001, 5.6310325E+001, 4.8717528E+001, 4.1769049E+001, 3.5320676E+001, 2.9222119E+001, 2.4469993E+001, 2.2252149E+001, 2.1478666E+001, 2.0938489E+001, 2.0567774E+001, 2.0320616E+001, 2.0163041E+001, 2.0072845E+001, 2.0021062E+001, 1.9972896E+001, 1.9926008E+001, 1.9891436E+001, 1.9866026E+001, 1.9847473E+001, 1.9833969E+001, 1.9824202E+001, 1.9817161E+001, 1.9812117E+001, 1.9808514E+001, 1.9805958E+001, 1.9804149E+001, 1.9802877E+001, 1.9801986E+001, 1.9801365E+001, 1.9800934E+001, 1.9800636E+001, 1.9800431E+001, 1.9800291E+001, 1.9800196E+001, 1.9800131E+001, 1.9800087E+001, 1.9800058E+001, 1.9800038E+001, 1.9800025E+001, 1.9800017E+001, 1.9800011E+001, 1.9800007E+001, 1.9800005E+001, 1.9800003E+001, 1.9800002E+001, 1.9800001E+001, 1.9800001E+001, 1.9800000E+001, 1.9800000E+001, 1.9800000E+001, 1.9800000E+001, 1.9800000E+001, 1.9800000E+001, 1.9800000E+001, 1.9800000E+001, 1.9800000E+001, 1.9800000E+001, 1.9800000E+001, 1.9800000E+001, 1.9800000E+001, 1.9800000E+001, 1.9800000E+001
 6.2000596E+003,89, 0.0000000E+000, 5.0000000E-003, 1.0000000E-002, 1.5000000E-002, 2.0000000E-002, 2.5000000E-002, 3.0000000E-002, 3.5000000E-002, 4.0000000E-002, 4.5000000E-002, 5.0000000E-002, 5.5000000E-002, 6.0000000E-002, 6.5000000E-002, 7.0000000E-002, 7.5000000E-002, 8.0000000E-002, 8.5000000E-002, 9.0000000E-002, 9.5000000E-002, 1.0000000E-001, 1.0500000E-001, 1.1000000E-001, 1.1500000E-001, 1.2000000E-001, 1.2500000E-001, 1.3000000E-001, 1.3500000E-001, 1.4000000E-001, 1.4500000E-001, 1.5000000E-001, 1.5500000E-001, 1.6000000E-001, 1.6500000E-001, 1.7000000E-001, 1.7500000E-001, 1.8000000E-001, 1.8500000E-001, 1.9000000E-001, 1.9500000E-001, 2.0000000E-001, 2.0500000E-001, 2.1000000E-001, 2.1500000E-001, 2.2000000E-001, 2.2500000E-001, 2.3000000E-001, 2.3500000E-001, 2.4000000E-001, 2.4500000E-001, 2.5000000E-001, 2.5500000E-001, 2.6000000E-001, 2.6500000E-001, 2.7000000E-001, 2.7500000E-001, 2.8000000E-001, 2.8500000E-001, 2.9000000E-001, 2.9500000E-001, 3.0000000E-001, 3.0500000E-001, 3.1000000E-001, 3.1500000E-001, 3.2000000E-001, 3.2500000E-001, 3.3000000E-001, 3.3500000E-001, 3.4000000E-001, 3.4500000E-001, 3.5000000E-001, 3.5500000E-001, 3.6000000E-001, 3.6500000E-001, 3.7000000E-001, 3.7500000E-001, 3.8000000E-001, 3.8500000E-001, 3.9000000E-001, 3.9500000E-001, 4.0000000E-001, 4.0500000E-001, 4.1000000E-001, 4.1500000E-001, 4.2000000E-001, 4.2500000E-001, 4.3000000E-001, 4.3500000E-001, 4.4000000E-001, 4.3868892E+002, 4.2433872E+002, 4.1072659E+002, 3.9808056E+002, 3.8653431E+002, 3.7625992E+002, 3.6748671E+002, 3.6042329E+002, 3.5128082E+002, 3.3544437E+002, 3.1594474E+002, 2.9650489E+002, 2.7707383E+002, 2.5772873E+002, 2.3869078E+002, 2.2014866E+002, 2.0222163E+002, 1.8499070E+002, 1.6853603E+002, 1.5289877E+002, 1.3807351E+002, 1.2403046E+002, 1.1078415E+002, 9.8356831E+001, 8.6829358E+001, 7.6301556E+001, 6.6757990E+001, 5.8099367E+001, 5.0208128E+001, 4.2957618E+001, 3.6205484E+001, 2.9797502E+001, 2.4792158E+001, 2.2449790E+001, 2.1626315E+001, 2.1047309E+001, 2.0647424E+001, 2.0379195E+001, 2.0207252E+001, 2.0108350E+001, 2.0051034E+001, 1.9997086E+001, 1.9944340E+001, 1.9905255E+001, 1.9876387E+001, 1.9855201E+001, 1.9839700E+001, 1.9828432E+001, 1.9820266E+001, 1.9814385E+001, 1.9810162E+001, 1.9807149E+001, 1.9805006E+001, 1.9803491E+001, 1.9802423E+001, 1.9801675E+001, 1.9801152E+001, 1.9800789E+001, 1.9800538E+001, 1.9800366E+001, 1.9800247E+001, 1.9800166E+001, 1.9800112E+001, 1.9800075E+001, 1.9800050E+001, 1.9800033E+001, 1.9800022E+001, 1.9800014E+001, 1.9800009E+001, 1.9800006E+001, 1.9800004E+001, 1.9800002E+001, 1.9800002E+001, 1.9800001E+001, 1.9800001E+001, 1.9800000E+001, 1.9800000E+001, 1.9800000E+001, 1.9800000E+001, 1.9800000E+001, 1.9800000E+001, 1.9800000E+001, 1.9800000E+001, 1.9800000E+001, 1.9800000E+001, 1.9800000E+001, 1.9800000E+001, 1.9800000E+001, 1.9800000E+001
 6.3000000E+003,89, 0.0000000E+000, 5.0000000E-003, 1.0000000E-002, 1.5000000E-002, 2.0000000E-002, 2.5000000E-002, 3.0000000E-002, 3.5000000E-002, 4.0000000E-002, 4.5000000E-002, 5.0000000E-002, 5.5000000E-002, 6.0000000E-002, 6.5000000E-002, 7.0000000E-002, 7.5000000E-002, 8.0000000E-002, 8.5000000E-002, 9.0000000E-002, 9.5000000E-002, 1.0000000E-001, 1.0500000E-001, 1.1000000E-001, 1.1500000E-001, 1.2000000E-001, 1.2500000E-001, 1.3000000E-001, 1.3500000E-001, 1.4000000E-001, 1.4500000E-001, 1.5000000E-001, 1.5500000E-001, 1.6000000E-001, 1.6500000E-001, 1.7000000E-001, 1.7500000E-001, 1.8000000E-001, 1.8500000E-001, 1.9000000E-001, 1.9500000E-001, 2.0000000E-001, 2.0500000E-001, 2.1000000E-001, 2.1500000E-001, 2.2000000E-001, 2.2500000E-001, 2.3000000E-001, 2.3500000E-001, 2.4000000E-001, 2.4500000E-001, 2.5000000E-001, 2.5500000E-001, 2.6000000E-001, 2.6500000E-001, 2.7000000E-001, 2.7500000E-001, 2.8000000E-001, 2.8500000E-001, 2.9000000E-001, 2.9500000E-001, 3.0000000E-001, 3.0500000E-001, 3.1000000E-001, 3.1500000E-001, 3.2000000E-001, 3.2500000E-001, 3.3000000E-001, 3.3500000E-001, 3.4000000E-001, 3.4500000E-001, 3.5000000E-001, 3.5500000E-001, 3.6000000E-001, 3.6500000E-001, 3.7000000E-001, 3.7500000E-001, 3.8000000E-001, 3.8500000E-001, 3.9000000E-001, 3.9500000E-001, 4.0000000E-001, 4.0500000E-001, 4.1000000E-001, 4.1500000E-001, 4.2000000E-001, 4.2500000E-001, 4.3000000E-001, 4.3500000E-001, 4.4000000E-001, 4.3945866E+002, 4.2546390E+002, 4.1222236E+002, 3.9991286E+002, 3.8867012E+002, 3.7865205E+002, 3.7007348E+002, 3.6313789E+002, 3.5406736E+002, 3.3830037E+002, 3.1889519E+002, 2.9956686E+002, 2.8025529E+002, 2.6100754E+002, 2.4202458E+002, 2.2350542E+002, 2.0558054E+002, 1.8832316E+002, 1.7181470E+002, 1.5610781E+002, 1.4120802E+002, 1.2707560E+002, 1.1371101E+002, 1.0112603E+002, 8.9387281E+001, 7.8605310E+001, 6.8791213E+001, 5.9854555E+001, 5.1676474E+001, 4.4131618E+001, 3.7079034E+001, 3.0366293E+001, 2.5115607E+001, 2.2653120E+001, 2.1779021E+001, 2.1160767E+001, 2.0731166E+001, 2.0441328E+001, 2.0254552E+001, 2.0146620E+001, 2.0083479E+001, 2.0023362E+001, 1.9964354E+001, 1.9920423E+001, 1.9887817E+001, 1.9863771E+001, 1.9846092E+001, 1.9833175E+001, 1.9823766E+001, 1.9816956E+001, 1.9812040E+001, 1.9808515E+001, 1.9805993E+001, 1.9804201E+001, 1.9802932E+001, 1.9802037E+001, 1.9801409E+001, 1.9800971E+001, 1.9800666E+001, 1.9800455E+001, 1.9800309E+001, 1.9800209E+001, 1.9800141E+001, 1.9800095E+001, 1.9800063E+001, 1.9800042E+001, 1.9800028E+001, 1.9800018E+001, 1.9800012E+001, 1.9800008E+001, 1.9800005E+001, 1.9800003E+001, 1.9800002E+001, 1.9800001E+001, 1.9800001E+001, 1.9800001E+001, 1.9800000E+001, 1.9800000E+001, 1.9800000E+001, 1.9800000E+001, 1.9800000E+001, 1.9800000E+001, 1.9800000E+001, 1.9800000E+001, 1.9800000E+001, 1.9800000E+001, 1.9800000E+001, 1.9800000E+001, 1.9800000E+001
