s,m/s,kg/m3,kg/m/s,Pa,Pa,Pa,Pa,Pa,Pa,Pa,Pa,Pa,Pa,Pa,Pa,Pa,Pa,Pa,Pa,Pa,Pa,Pa,Pa,Pa,Pa,Pa,Pa,Pa
Time,"UBAR","RHO","MU","P10","P20","P30","P40","P50","P60","P70","P80","P90","P100","P200","P300","P400","P500","P600","P700","P800","P900","P1000","P1100","P1200","P1300","P1400","P1500","P1600"
 0.0000000E+000, 0.0000000E+000, 1.1951288E+000, 1.7964058E-005, 0.0000000E+000, 0.0000000E+000, 0.0000000E+000, 0.0000000E+000, 0.0000000E+000, 0.0000000E+000, 0.0000000E+000, 0.0000000E+000, 0.0000000E+000, 0.0000000E+000, 0.0000000E+000, 0.0000000E+000, 0.0000000E+000, 0.0000000E+000, 0.0000000E+000, 0.0000000E+000, 0.0000000E+000, 0.0000000E+000, 0.0000000E+000, 0.0000000E+000, 0.0000000E+000, 0.0000000E+000, 0.0000000E+000, 0.0000000E+000, 0.0000000E+000
 8.0007748E+002, 1.9986416E+000, 1.1951291E+000, 1.7964058E-005, 1.9082602E+001, 1.8898237E+001, 1.8731049E+001, 1.8582217E+001, 1.8451656E+001, 1.8335126E+001, 1.8229566E+001, 1.8134413E+001, 1.8046656E+001, 1.7957424E+001, 1.6850486E+001, 1.5677685E+001, 1.4470692E+001, 1.3260624E+001, 1.2051582E+001, 1.0847003E+001, 9.6387733E+000, 8.4340046E+000, 7.2309668E+000, 6.0233997E+000, 4.8167931E+000, 3.6093889E+000, 2.4008053E+000, 1.1925743E+000, 4.1398285E-003
 1.6000000E+003, 2.0000001E+000, 1.1951288E+000, 1.7964058E-005, 1.4925699E+001, 1.4771106E+001, 1.4632833E+001, 1.4513248E+001, 1.4412102E+001, 1.4325654E+001, 1.4251451E+001, 1.4188358E+001, 1.4134279E+001, 1.4076207E+001, 1.3240926E+001, 1.2332165E+001, 1.1378454E+001, 1.0430453E+001, 9.4829320E+000, 8.5315650E+000, 7.5803909E+000, 6.6281317E+000, 5.6795126E+000, 4.7286427E+000, 3.7783812E+000, 2.8271403E+000, 1.8762519E+000, 9.3185802E-001, 3.7413987E-003
