s,m/s,kg/m3,kg/m/s,Pa,Pa,Pa,Pa,Pa,Pa,Pa,Pa,Pa,Pa,Pa,Pa,Pa,Pa,Pa,Pa,Pa,Pa,Pa,Pa,Pa,Pa,Pa,Pa,Pa
Time,"UBAR","RHO","MU","P10","P20","P30","P40","P50","P60","P70","P80","P90","P100","P200","P300","P400","P500","P600","P700","P800","P900","P1000","P1100","P1200","P1300","P1400","P1500","P1600"
 0.0000000E+000, 0.0000000E+000, 1.1951288E+000, 1.7964058E-005, 0.0000000E+000, 0.0000000E+000, 0.0000000E+000, 0.0000000E+000, 0.0000000E+000, 0.0000000E+000, 0.0000000E+000, 0.0000000E+000, 0.0000000E+000, 0.0000000E+000, 0.0000000E+000, 0.0000000E+000, 0.0000000E+000, 0.0000000E+000, 0.0000000E+000, 0.0000000E+000, 0.0000000E+000, 0.0000000E+000, 0.0000000E+000, 0.0000000E+000, 0.0000000E+000, 0.0000000E+000, 0.0000000E+000, 0.0000000E+000, 0.0000000E+000
 8.0008725E+002, 1.9986394E+000, 1.1951286E+000, 1.7964058E-005, 1.8048133E+001, 1.7863743E+001, 1.7696511E+001, 1.7547722E+001, 1.7415508E+001, 1.7297815E+001, 1.7191578E+001, 1.7095969E+001, 1.7008943E+001, 1.6926470E+001, 1.5916280E+001, 1.4817551E+001, 1.3676715E+001, 1.2533115E+001, 1.1392688E+001, 1.0251305E+001, 9.1097967E+000, 7.9725486E+000, 6.8320229E+000, 5.6942751E+000, 4.5518132E+000, 3.4091196E+000, 2.2675180E+000, 1.1262604E+000, 3.7660265E-003
 1.6000000E+003, 2.0000006E+000, 1.1951291E+000, 1.7964058E-005, 1.3776147E+001, 1.3621504E+001, 1.3483369E+001, 1.3363754E+001, 1.3261649E+001, 1.3173757E+001, 1.3097977E+001, 1.3031169E+001, 1.2973374E+001, 1.2921739E+001, 1.2202322E+001, 1.1378643E+001, 1.0503658E+001, 9.6279938E+000, 8.7480334E+000, 7.8713221E+000, 6.9936246E+000, 6.1185438E+000, 5.2426651E+000, 4.3678348E+000, 3.4908019E+000, 2.6163964E+000, 1.7407149E+000, 8.6134507E-001, 3.3093581E-003
