s,m/s,kg/m3,kg/m/s,Pa,Pa,Pa,Pa,Pa,Pa,Pa,Pa,Pa,Pa,Pa,Pa,Pa,Pa,Pa,Pa,Pa,Pa,Pa,Pa,Pa,Pa,Pa,Pa,Pa
Time,"UBAR","RHO","MU","P10","P20","P30","P40","P50","P60","P70","P80","P90","P100","P200","P300","P400","P500","P600","P700","P800","P900","P1000","P1100","P1200","P1300","P1400","P1500","P1600"
 0.0000000E+000, 0.0000000E+000, 1.1954747E+000, 1.7964058E-005, 0.0000000E+000, 0.0000000E+000, 0.0000000E+000, 0.0000000E+000, 0.0000000E+000, 0.0000000E+000, 0.0000000E+000, 0.0000000E+000, 0.0000000E+000, 0.0000000E+000, 0.0000000E+000, 0.0000000E+000, 0.0000000E+000, 0.0000000E+000, 0.0000000E+000, 0.0000000E+000, 0.0000000E+000, 0.0000000E+000, 0.0000000E+000, 0.0000000E+000, 0.0000000E+000, 0.0000000E+000, 0.0000000E+000, 0.0000000E+000, 0.0000000E+000
 4.0004013E+002, 3.9955511E+000, 1.1954747E+000, 1.7964058E-005, 6.1892144E+001, 6.1384172E+001, 6.0892044E+001, 6.0420441E+001, 5.9967111E+001, 5.9532355E+001, 5.9114179E+001, 5.8711085E+001, 5.8318043E+001, 5.7934612E+001, 5.4188911E+001, 5.0401388E+001, 4.6540588E+001, 4.2649849E+001, 3.8771805E+001, 3.4882176E+001, 3.0991193E+001, 2.7113661E+001, 2.3238614E+001, 1.9353850E+001, 1.5468304E+001, 1.1586127E+001, 7.7209695E+000, 3.8260343E+000, 2.1701318E-002
 8.0000000E+002, 4.0000005E+000, 1.1954748E+000, 1.7964058E-005, 4.4478619E+001, 4.4088986E+001, 4.3714759E+001, 4.3360780E+001, 4.3025159E+001, 4.2707160E+001, 4.2408353E+001, 4.2123250E+001, 4.1849428E+001, 4.1586060E+001, 3.8987286E+001, 3.6292885E+001, 3.3508427E+001, 3.0698492E+001, 2.7895101E+001, 2.5096076E+001, 2.2282395E+001, 1.9492450E+001, 1.6698718E+001, 1.3905003E+001, 1.1105424E+001, 8.3073734E+000, 5.5344930E+000, 2.7346926E+000, 2.5999699E-002
