s,m/s,kg/m3,kg/m/s,Pa,Pa,Pa,Pa,Pa,Pa,Pa,Pa,Pa,Pa,Pa,Pa,Pa,Pa,Pa,Pa,Pa,Pa,Pa,Pa,Pa,Pa,Pa,Pa,Pa
Time,"UBAR","RHO","MU","P10","P20","P30","P40","P50","P60","P70","P80","P90","P100","P200","P300","P400","P500","P600","P700","P800","P900","P1000","P1100","P1200","P1300","P1400","P1500","P1600"
 0.0000000E+000, 0.0000000E+000, 1.1951288E+000, 1.7964058E-005, 0.0000000E+000, 0.0000000E+000, 0.0000000E+000, 0.0000000E+000, 0.0000000E+000, 0.0000000E+000, 0.0000000E+000, 0.0000000E+000, 0.0000000E+000, 0.0000000E+000, 0.0000000E+000, 0.0000000E+000, 0.0000000E+000, 0.0000000E+000, 0.0000000E+000, 0.0000000E+000, 0.0000000E+000, 0.0000000E+000, 0.0000000E+000, 0.0000000E+000, 0.0000000E+000, 0.0000000E+000, 0.0000000E+000, 0.0000000E+000, 0.0000000E+000
 1.6005601E+002, 9.9648377E+000, 1.1951288E+000, 1.7964058E-005, 4.4614767E+002, 4.4236595E+002, 4.3866445E+002, 4.3507214E+002, 4.3158657E+002, 4.2822486E+002, 4.2496721E+002, 4.2181982E+002, 4.1877265E+002, 4.1582658E+002, 3.8987755E+002, 3.6398536E+002, 3.3667261E+002, 3.0875793E+002, 2.8073690E+002, 2.5269767E+002, 2.2452605E+002, 1.9645299E+002, 1.6832928E+002, 1.4030629E+002, 1.1209775E+002, 8.4027806E+001, 5.6005298E+001, 2.7749012E+001, 1.5362786E-001
 3.2000000E+002, 1.0000001E+001, 1.1951288E+000, 1.7964058E-005, 3.4409942E+002, 3.4104742E+002, 3.3807520E+002, 3.3520581E+002, 3.3244613E+002, 3.2979774E+002, 3.2726872E+002, 3.2484571E+002, 3.2253909E+002, 3.2034600E+002, 3.0174625E+002, 2.8229031E+002, 2.6136638E+002, 2.3973847E+002, 2.1797568E+002, 1.9617866E+002, 1.7438160E+002, 1.5246857E+002, 1.3059791E+002, 1.0875087E+002, 8.6887066E+001, 6.5101114E+001, 4.3292278E+001, 2.1452619E+001, 1.8334294E-001
