s,m/s,kg/m3,kg/m/s,Pa,Pa,Pa,Pa,Pa,Pa,Pa,Pa,Pa,Pa,Pa,Pa,Pa,Pa,Pa,Pa,Pa,Pa,Pa,Pa,Pa,Pa,Pa,Pa,Pa
Time,"UBAR","RHO","MU","P10","P20","P30","P40","P50","P60","P70","P80","P90","P100","P200","P300","P400","P500","P600","P700","P800","P900","P1000","P1100","P1200","P1300","P1400","P1500","P1600"
 0.0000000E+000, 0.0000000E+000, 1.1951288E+000, 1.7964058E-005, 0.0000000E+000, 0.0000000E+000, 0.0000000E+000, 0.0000000E+000, 0.0000000E+000, 0.0000000E+000, 0.0000000E+000, 0.0000000E+000, 0.0000000E+000, 0.0000000E+000, 0.0000000E+000, 0.0000000E+000, 0.0000000E+000, 0.0000000E+000, 0.0000000E+000, 0.0000000E+000, 0.0000000E+000, 0.0000000E+000, 0.0000000E+000, 0.0000000E+000, 0.0000000E+000, 0.0000000E+000, 0.0000000E+000, 0.0000000E+000, 0.0000000E+000
 8.0004059E+002, 1.9986402E+000, 1.1951286E+000, 1.7964058E-005, 1.8068091E+001, 1.7883706E+001, 1.7716513E+001, 1.7567612E+001, 1.7435448E+001, 1.7317926E+001, 1.7211520E+001, 1.7115675E+001, 1.7028466E+001, 1.6946620E+001, 1.5930993E+001, 1.4833728E+001, 1.3693211E+001, 1.2548644E+001, 1.1405964E+001, 1.0264520E+001, 9.1212097E+000, 7.9749210E+000, 6.8361539E+000, 5.6925366E+000, 4.5510571E+000, 3.4084322E+000, 2.2656960E+000, 1.1261167E+000, 3.7140318E-003
 1.6000000E+003, 1.9999994E+000, 1.1951288E+000, 1.7964058E-005, 1.3775002E+001, 1.3620240E+001, 1.3482298E+001, 1.3362426E+001, 1.3260104E+001, 1.3172544E+001, 1.3095979E+001, 1.3029088E+001, 1.2971466E+001, 1.2922287E+001, 1.2203334E+001, 1.1376409E+001, 1.0500347E+001, 9.6202236E+000, 8.7449454E+000, 7.8678629E+000, 6.9929747E+000, 6.1138232E+000, 5.2385619E+000, 4.3618607E+000, 3.4875008E+000, 2.6082688E+000, 1.7353823E+000, 8.6177028E-001, 3.3555350E-003
