s,m/s,kg/m3,kg/m/s,Pa,Pa,Pa,Pa,Pa,Pa,Pa,Pa,Pa,Pa,Pa,Pa,Pa,Pa,Pa,Pa,Pa,Pa,Pa,Pa,Pa,Pa,Pa,Pa,Pa
Time,"UBAR","RHO","MU","P10","P20","P30","P40","P50","P60","P70","P80","P90","P100","P200","P300","P400","P500","P600","P700","P800","P900","P1000","P1100","P1200","P1300","P1400","P1500","P1600"
 0.0000000E+000, 0.0000000E+000, 1.1951288E+000, 1.7964058E-005, 0.0000000E+000, 0.0000000E+000, 0.0000000E+000, 0.0000000E+000, 0.0000000E+000, 0.0000000E+000, 0.0000000E+000, 0.0000000E+000, 0.0000000E+000, 0.0000000E+000, 0.0000000E+000, 0.0000000E+000, 0.0000000E+000, 0.0000000E+000, 0.0000000E+000, 0.0000000E+000, 0.0000000E+000, 0.0000000E+000, 0.0000000E+000, 0.0000000E+000, 0.0000000E+000, 0.0000000E+000, 0.0000000E+000, 0.0000000E+000, 0.0000000E+000
 8.0037492E+002, 1.9989705E+000, 1.1951286E+000, 1.7964058E-005, 1.7973736E+001, 1.7821833E+001, 1.7673288E+001, 1.7528916E+001, 1.7388477E+001, 1.7253649E+001, 1.7122980E+001, 1.6996285E+001, 1.6874014E+001, 1.6755601E+001, 1.5716122E+001, 1.4680823E+001, 1.3573668E+001, 1.2442389E+001, 1.1310078E+001, 1.0176487E+001, 9.0505940E+000, 7.9186464E+000, 6.7832612E+000, 5.6476517E+000, 4.5183152E+000, 3.3893381E+000, 2.2585732E+000, 1.1245652E+000, 8.0484732E-003
 1.6000000E+003, 1.9999993E+000, 1.1951288E+000, 1.7964058E-005, 1.3751068E+001, 1.3628942E+001, 1.3509863E+001, 1.3394925E+001, 1.3284434E+001, 1.3179109E+001, 1.3078028E+001, 1.2981668E+001, 1.2889565E+001, 1.2801525E+001, 1.2061160E+001, 1.1284647E+001, 1.0445024E+001, 9.5746489E+000, 8.7010821E+000, 7.8273265E+000, 6.9537657E+000, 6.0866746E+000, 5.2180495E+000, 4.3436501E+000, 3.4683113E+000, 2.5959259E+000, 1.7264074E+000, 8.5489355E-001, 7.2633923E-003
