s,m/s,kg/m3,kg/m/s,Pa,Pa,Pa,Pa,Pa,Pa,Pa,Pa,Pa,Pa,Pa,Pa,Pa,Pa,Pa,Pa,Pa,Pa,Pa,Pa,Pa,Pa,Pa,Pa,Pa
Time,"UBAR","RHO","MU","P10","P20","P30","P40","P50","P60","P70","P80","P90","P100","P200","P300","P400","P500","P600","P700","P800","P900","P1000","P1100","P1200","P1300","P1400","P1500","P1600"
 0.0000000E+000, 0.0000000E+000, 1.1954747E+000, 1.7964058E-005, 0.0000000E+000, 0.0000000E+000, 0.0000000E+000, 0.0000000E+000, 0.0000000E+000, 0.0000000E+000, 0.0000000E+000, 0.0000000E+000, 0.0000000E+000, 0.0000000E+000, 0.0000000E+000, 0.0000000E+000, 0.0000000E+000, 0.0000000E+000, 0.0000000E+000, 0.0000000E+000, 0.0000000E+000, 0.0000000E+000, 0.0000000E+000, 0.0000000E+000, 0.0000000E+000, 0.0000000E+000, 0.0000000E+000, 0.0000000E+000, 0.0000000E+000
 4.0003443E+002, 3.9943749E+000, 1.1954746E+000, 1.7964058E-005, 6.3581346E+001, 6.3018828E+001, 6.2522072E+001, 6.2084505E+001, 6.1687319E+001, 6.1303515E+001, 6.0919503E+001, 6.0532238E+001, 6.0145937E+001, 5.9763536E+001, 5.5954678E+001, 5.1958943E+001, 4.7961861E+001, 4.3962019E+001, 3.9962765E+001, 3.5962837E+001, 3.1953894E+001, 2.7951705E+001, 2.3949063E+001, 1.9952028E+001, 1.5952099E+001, 1.1956460E+001, 7.9536269E+000, 3.9559643E+000, 1.2199955E-002
 8.0000000E+002, 4.0000001E+000, 1.1954747E+000, 1.7964058E-005, 4.6213841E+001, 4.5769592E+001, 4.5391122E+001, 4.5072193E+001, 4.4794411E+001, 4.4528032E+001, 4.4257729E+001, 4.3983192E+001, 4.3708457E+001, 4.3438156E+001, 4.0735496E+001, 3.7816697E+001, 3.4899890E+001, 3.1984187E+001, 2.9077812E+001, 2.6162971E+001, 2.3251022E+001, 2.0339929E+001, 1.7422375E+001, 1.4508318E+001, 1.1584452E+001, 8.6741399E+000, 5.7609219E+000, 2.8514288E+000, 1.3943348E-002
