s,m/s,kg/m3,kg/m/s,Pa,Pa,Pa,Pa,Pa,Pa,Pa,Pa,Pa,Pa,Pa,Pa,Pa,Pa,Pa,Pa,Pa,Pa,Pa,Pa,Pa,Pa,Pa,Pa,Pa
Time,"UBAR","RHO","MU","P10","P20","P30","P40","P50","P60","P70","P80","P90","P100","P200","P300","P400","P500","P600","P700","P800","P900","P1000","P1100","P1200","P1300","P1400","P1500","P1600"
 0.0000000E+000, 0.0000000E+000, 1.1951288E+000, 1.7964058E-005, 0.0000000E+000, 0.0000000E+000, 0.0000000E+000, 0.0000000E+000, 0.0000000E+000, 0.0000000E+000, 0.0000000E+000, 0.0000000E+000, 0.0000000E+000, 0.0000000E+000, 0.0000000E+000, 0.0000000E+000, 0.0000000E+000, 0.0000000E+000, 0.0000000E+000, 0.0000000E+000, 0.0000000E+000, 0.0000000E+000, 0.0000000E+000, 0.0000000E+000, 0.0000000E+000, 0.0000000E+000, 0.0000000E+000, 0.0000000E+000, 0.0000000E+000
 8.0020201E+002, 1.9989710E+000, 1.1951291E+000, 1.7964058E-005, 9.1497662E+000, 9.0875612E+000, 9.0257136E+000, 8.9640794E+000, 8.9024456E+000, 8.8411439E+000, 8.7804318E+000, 8.7197796E+000, 8.6592172E+000, 8.5990794E+000, 8.0122583E+000, 7.4409454E+000, 6.8700851E+000, 6.2991213E+000, 5.7280193E+000, 5.1577521E+000, 4.5860230E+000, 4.0133012E+000, 3.4404300E+000, 2.8675764E+000, 2.2939194E+000, 1.7207861E+000, 1.1456380E+000, 5.7183653E-001, 3.2879949E-003
 1.6000000E+003, 1.9999995E+000, 1.1951284E+000, 1.7964058E-005, 4.5022039E+000, 4.4694321E+000, 4.4376084E+000, 4.4059712E+000, 4.3744194E+000, 4.3428207E+000, 4.3118742E+000, 4.2812306E+000, 4.2508578E+000, 4.2206614E+000, 3.9296645E+000, 3.6493275E+000, 3.3714098E+000, 3.0923443E+000, 2.8127481E+000, 2.5320798E+000, 2.2515589E+000, 1.9694542E+000, 1.6873213E+000, 1.4037576E+000, 1.1215035E+000, 8.4043351E-001, 5.5853420E-001, 2.7679951E-001, 2.3232695E-003
