s,m/s,kg/m3,kg/m/s,Pa,Pa,Pa,Pa,Pa,Pa,Pa,Pa,Pa,Pa,Pa,Pa,Pa,Pa,Pa,Pa,Pa,Pa,Pa,Pa,Pa,Pa,Pa,Pa,Pa
Time,"UBAR","RHO","MU","P10","P20","P30","P40","P50","P60","P70","P80","P90","P100","P200","P300","P400","P500","P600","P700","P800","P900","P1000","P1100","P1200","P1300","P1400","P1500","P1600"
 0.0000000E+000, 0.0000000E+000, 1.1951288E+000, 1.7964058E-005, 0.0000000E+000, 0.0000000E+000, 0.0000000E+000, 0.0000000E+000, 0.0000000E+000, 0.0000000E+000, 0.0000000E+000, 0.0000000E+000, 0.0000000E+000, 0.0000000E+000, 0.0000000E+000, 0.0000000E+000, 0.0000000E+000, 0.0000000E+000, 0.0000000E+000, 0.0000000E+000, 0.0000000E+000, 0.0000000E+000, 0.0000000E+000, 0.0000000E+000, 0.0000000E+000, 0.0000000E+000, 0.0000000E+000, 0.0000000E+000, 0.0000000E+000
 1.6001618E+002, 9.9623967E+000, 1.1951287E+000, 1.7964058E-005, 2.0612580E+002, 2.0468636E+002, 2.0325848E+002, 2.0184550E+002, 2.0044455E+002, 1.9905217E+002, 1.9767491E+002, 1.9630405E+002, 1.9494439E+002, 1.9359992E+002, 1.8051381E+002, 1.6768357E+002, 1.5494295E+002, 1.4214202E+002, 1.2927531E+002, 1.1636511E+002, 1.0343048E+002, 9.0493813E+001, 7.7523709E+001, 6.4571862E+001, 5.1618277E+001, 3.8674822E+001, 2.5754730E+001, 1.2803969E+001, 3.5698092E-005
 3.2000000E+002, 1.0000002E+001, 1.1951287E+000, 1.7964058E-005, 8.9425671E+001, 8.8731660E+001, 8.8036991E+001, 8.7364009E+001, 8.6707380E+001, 8.6059992E+001, 8.5426345E+001, 8.4800503E+001, 8.4182274E+001, 8.3585584E+001, 7.7892184E+001, 7.2434698E+001, 6.7072737E+001, 6.1664100E+001, 5.6156906E+001, 5.0558625E+001, 4.4915361E+001, 3.9269162E+001, 3.3624536E+001, 2.7986758E+001, 2.2358777E+001, 1.6722506E+001, 1.1099801E+001, 5.4850380E+000, 1.5072159E-002
