s,m/s,kg/m3,kg/m/s,Pa,Pa,Pa,Pa,Pa,Pa,Pa,Pa,Pa,Pa,Pa,Pa,Pa,Pa,Pa,Pa,Pa,Pa,Pa,Pa,Pa,Pa,Pa,Pa,Pa
Time,"UBAR","RHO","MU","P10","P20","P30","P40","P50","P60","P70","P80","P90","P100","P200","P300","P400","P500","P600","P700","P800","P900","P1000","P1100","P1200","P1300","P1400","P1500","P1600"
 0.0000000E+000, 0.0000000E+000, 1.1951288E+000, 1.7964058E-005, 0.0000000E+000, 0.0000000E+000, 0.0000000E+000, 0.0000000E+000, 0.0000000E+000, 0.0000000E+000, 0.0000000E+000, 0.0000000E+000, 0.0000000E+000, 0.0000000E+000, 0.0000000E+000, 0.0000000E+000, 0.0000000E+000, 0.0000000E+000, 0.0000000E+000, 0.0000000E+000, 0.0000000E+000, 0.0000000E+000, 0.0000000E+000, 0.0000000E+000, 0.0000000E+000, 0.0000000E+000, 0.0000000E+000, 0.0000000E+000, 0.0000000E+000
 1.6003712E+002, 9.9624016E+000, 1.1951287E+000, 1.7964058E-005, 2.0611998E+002, 2.0468055E+002, 2.0325276E+002, 2.0183989E+002, 2.0043902E+002, 1.9904674E+002, 1.9766963E+002, 1.9629890E+002, 1.9493933E+002, 1.9359494E+002, 1.8050973E+002, 1.6767997E+002, 1.5494090E+002, 1.4214051E+002, 1.2927366E+002, 1.1636243E+002, 1.0342784E+002, 9.0490517E+001, 7.7521897E+001, 6.4570143E+001, 5.1616604E+001, 3.8673924E+001, 2.5753434E+001, 1.2803018E+001, 3.7567016E-005
 3.2000000E+002, 9.9999998E+000, 1.1951286E+000, 1.7964058E-005, 8.9442095E+001, 8.8748128E+001, 8.8059340E+001, 8.7387048E+001, 8.6730040E+001, 8.6079997E+001, 8.5446004E+001, 8.4817931E+001, 8.4202611E+001, 8.3605191E+001, 7.7919778E+001, 7.2471911E+001, 6.7113187E+001, 6.1696521E+001, 5.6175300E+001, 5.0570488E+001, 4.4925824E+001, 3.9270762E+001, 3.3638939E+001, 2.8021388E+001, 2.2398029E+001, 1.6779320E+001, 1.1133618E+001, 5.4894246E+000, 1.4935422E-002
