s,m/s,kg/m3,kg/m/s,Pa,Pa,Pa,Pa,Pa,Pa,Pa,Pa,Pa,Pa,Pa,Pa,Pa,Pa,Pa,Pa,Pa,Pa,Pa,Pa,Pa,Pa,Pa,Pa,Pa
Time,"UBAR","RHO","MU","P10","P20","P30","P40","P50","P60","P70","P80","P90","P100","P200","P300","P400","P500","P600","P700","P800","P900","P1000","P1100","P1200","P1300","P1400","P1500","P1600"
 0.0000000E+000, 0.0000000E+000, 1.1954747E+000, 1.7964058E-005, 0.0000000E+000, 0.0000000E+000, 0.0000000E+000, 0.0000000E+000, 0.0000000E+000, 0.0000000E+000, 0.0000000E+000, 0.0000000E+000, 0.0000000E+000, 0.0000000E+000, 0.0000000E+000, 0.0000000E+000, 0.0000000E+000, 0.0000000E+000, 0.0000000E+000, 0.0000000E+000, 0.0000000E+000, 0.0000000E+000, 0.0000000E+000, 0.0000000E+000, 0.0000000E+000, 0.0000000E+000, 0.0000000E+000, 0.0000000E+000, 0.0000000E+000
 4.0013484E+002, 3.9955525E+000, 1.1954747E+000, 1.7964058E-005, 6.1889432E+001, 6.1381361E+001, 6.0889513E+001, 6.0417546E+001, 5.9964649E+001, 5.9530685E+001, 5.9113144E+001, 5.8711099E+001, 5.8316769E+001, 5.7931854E+001, 5.4185089E+001, 5.0396946E+001, 4.6529574E+001, 4.2642742E+001, 3.8763259E+001, 3.4882164E+001, 3.1003022E+001, 2.7126738E+001, 2.3253463E+001, 1.9366113E+001, 1.5469763E+001, 1.1588761E+001, 7.7132283E+000, 3.8197817E+000, 2.1533901E-002
 8.0000000E+002, 3.9999998E+000, 1.1954749E+000, 1.7964058E-005, 4.4526312E+001, 4.4136666E+001, 4.3762647E+001, 4.3409167E+001, 4.3072272E+001, 4.2756972E+001, 4.2458213E+001, 4.2173364E+001, 4.1899169E+001, 4.1633976E+001, 3.9018433E+001, 3.6311985E+001, 3.3509004E+001, 3.0708528E+001, 2.7903772E+001, 2.5104180E+001, 2.2323268E+001, 1.9537355E+001, 1.6739322E+001, 1.3931862E+001, 1.1138452E+001, 8.3398187E+000, 5.5343542E+000, 2.7312551E+000, 2.5740337E-002
