s,m/s,kg/m3,kg/m/s,Pa,Pa,Pa,Pa,Pa,Pa,Pa,Pa,Pa,Pa,Pa,Pa,Pa,Pa,Pa,Pa,Pa,Pa,Pa,Pa,Pa,Pa,Pa,Pa,Pa
Time,"UBAR","RHO","MU","P10","P20","P30","P40","P50","P60","P70","P80","P90","P100","P200","P300","P400","P500","P600","P700","P800","P900","P1000","P1100","P1200","P1300","P1400","P1500","P1600"
 0.0000000E+000, 0.0000000E+000, 1.1951288E+000, 1.7964058E-005, 0.0000000E+000, 0.0000000E+000, 0.0000000E+000, 0.0000000E+000, 0.0000000E+000, 0.0000000E+000, 0.0000000E+000, 0.0000000E+000, 0.0000000E+000, 0.0000000E+000, 0.0000000E+000, 0.0000000E+000, 0.0000000E+000, 0.0000000E+000, 0.0000000E+000, 0.0000000E+000, 0.0000000E+000, 0.0000000E+000, 0.0000000E+000, 0.0000000E+000, 0.0000000E+000, 0.0000000E+000, 0.0000000E+000, 0.0000000E+000, 0.0000000E+000
 8.0005957E+002, 1.9986403E+000, 1.1951289E+000, 1.7964058E-005, 8.9195413E+000, 8.8531245E+000, 8.7871379E+000, 8.7216391E+000, 8.6567196E+000, 8.5922862E+000, 8.5284842E+000, 8.4649410E+000, 8.4018127E+000, 8.3393891E+000, 7.7428576E+000, 7.1793198E+000, 6.6281845E+000, 6.0791739E+000, 5.5304774E+000, 4.9801624E+000, 4.4271238E+000, 3.8745511E+000, 3.3209693E+000, 2.7670109E+000, 2.2119600E+000, 1.6579434E+000, 1.1051321E+000, 5.5103106E-001, 1.6432552E-003
 1.6000000E+003, 2.0000012E+000, 1.1951285E+000, 1.7964058E-005, 4.1276758E+000, 4.0909543E+000, 4.0547728E+000, 4.0190257E+000, 3.9836023E+000, 3.9488896E+000, 3.9144999E+000, 3.8805302E+000, 3.8472288E+000, 3.8146049E+000, 3.5181142E+000, 3.2547540E+000, 3.0040221E+000, 2.7580009E+000, 2.5118747E+000, 2.2654050E+000, 2.0166130E+000, 1.7644282E+000, 1.5119750E+000, 1.2591189E+000, 1.0058432E+000, 7.5249871E-001, 4.9972680E-001, 2.4851228E-001, 1.0266312E-003
