s,m/s,kg/m3,kg/m/s,Pa,Pa,Pa,Pa,Pa,Pa,Pa,Pa,Pa,Pa,Pa,Pa,Pa,Pa,Pa,Pa,Pa,Pa,Pa,Pa,Pa,Pa,Pa,Pa,Pa
Time,"UBAR","RHO","MU","P10","P20","P30","P40","P50","P60","P70","P80","P90","P100","P200","P300","P400","P500","P600","P700","P800","P900","P1000","P1100","P1200","P1300","P1400","P1500","P1600"
 0.0000000E+000, 0.0000000E+000, 1.1951288E+000, 1.7964058E-005, 0.0000000E+000, 0.0000000E+000, 0.0000000E+000, 0.0000000E+000, 0.0000000E+000, 0.0000000E+000, 0.0000000E+000, 0.0000000E+000, 0.0000000E+000, 0.0000000E+000, 0.0000000E+000, 0.0000000E+000, 0.0000000E+000, 0.0000000E+000, 0.0000000E+000, 0.0000000E+000, 0.0000000E+000, 0.0000000E+000, 0.0000000E+000, 0.0000000E+000, 0.0000000E+000, 0.0000000E+000, 0.0000000E+000, 0.0000000E+000, 0.0000000E+000
 8.0019836E+002, 1.9986402E+000, 1.1951289E+000, 1.7964058E-005, 9.2236805E+000, 9.1568806E+000, 9.0905601E+000, 9.0247294E+000, 8.9597669E+000, 8.8958349E+000, 8.8326956E+000, 8.7708101E+000, 8.7098362E+000, 8.6501205E+000, 8.0722079E+000, 7.5035020E+000, 6.9348712E+000, 6.3617032E+000, 5.7841799E+000, 5.2047459E+000, 4.6258785E+000, 4.0460114E+000, 3.4674217E+000, 2.8887863E+000, 2.3099447E+000, 1.7312007E+000, 1.1525971E+000, 5.7316809E-001, 1.3344485E-003
 1.6000000E+003, 2.0000000E+000, 1.1951287E+000, 1.7964058E-005, 4.5695183E+000, 4.5327275E+000, 4.4961646E+000, 4.4599509E+000, 4.4246118E+000, 4.3903188E+000, 4.3567641E+000, 4.3245212E+000, 4.2936870E+000, 4.2636899E+000, 3.9816683E+000, 3.7086892E+000, 3.4366438E+000, 3.1575177E+000, 2.8716737E+000, 2.5832193E+000, 2.2947218E+000, 2.0063557E+000, 1.7188284E+000, 1.4314197E+000, 1.1440000E+000, 8.5585789E-001, 5.6803257E-001, 2.8053200E-001, 8.1554503E-004
