s,m/s,kg/m3,kg/m/s,Pa,Pa,Pa,Pa,Pa,Pa,Pa,Pa,Pa,Pa,Pa,Pa,Pa,Pa,Pa,Pa,Pa,Pa,Pa,Pa,Pa,Pa,Pa,Pa,Pa
Time,"UBAR","RHO","MU","P10","P20","P30","P40","P50","P60","P70","P80","P90","P100","P200","P300","P400","P500","P600","P700","P800","P900","P1000","P1100","P1200","P1300","P1400","P1500","P1600"
 0.0000000E+000, 0.0000000E+000, 1.1951288E+000, 1.7964058E-005, 0.0000000E+000, 0.0000000E+000, 0.0000000E+000, 0.0000000E+000, 0.0000000E+000, 0.0000000E+000, 0.0000000E+000, 0.0000000E+000, 0.0000000E+000, 0.0000000E+000, 0.0000000E+000, 0.0000000E+000, 0.0000000E+000, 0.0000000E+000, 0.0000000E+000, 0.0000000E+000, 0.0000000E+000, 0.0000000E+000, 0.0000000E+000, 0.0000000E+000, 0.0000000E+000, 0.0000000E+000, 0.0000000E+000, 0.0000000E+000, 0.0000000E+000
 1.6000685E+002, 9.9623587E+000, 1.1951288E+000, 1.7964058E-005, 4.4980809E+002, 4.4521609E+002, 4.4105569E+002, 4.3735016E+002, 4.3406019E+002, 4.3114240E+002, 4.2850153E+002, 4.2610952E+002, 4.2395530E+002, 4.2192767E+002, 3.9658775E+002, 3.6918221E+002, 3.4083951E+002, 3.1238990E+002, 2.8399538E+002, 2.5559096E+002, 2.2713129E+002, 1.9865119E+002, 1.7032728E+002, 1.4192645E+002, 1.1344286E+002, 8.4988679E+001, 5.6451125E+001, 2.7962170E+001, 6.3748192E-002
 3.2000000E+002, 1.0000001E+001, 1.1951289E+000, 1.7964058E-005, 3.4549984E+002, 3.4163060E+002, 3.3817898E+002, 3.3518319E+002, 3.3262556E+002, 3.3042801E+002, 3.2853813E+002, 3.2687599E+002, 3.2544829E+002, 3.2420591E+002, 3.0617007E+002, 2.8554296E+002, 2.6352098E+002, 2.4140510E+002, 2.1939320E+002, 1.9751221E+002, 1.7554699E+002, 1.5368237E+002, 1.3162703E+002, 1.0966216E+002, 8.7574344E+001, 6.5573580E+001, 4.3624406E+001, 2.1687603E+001, 8.2747751E-002
