s,m/s,kg/m3,kg/m/s,Pa,Pa,Pa,Pa,Pa,Pa,Pa,Pa,Pa,Pa,Pa,Pa,Pa,Pa,Pa,Pa,Pa,Pa,Pa,Pa,Pa,Pa,Pa,Pa,Pa
Time,"UBAR","RHO","MU","P10","P20","P30","P40","P50","P60","P70","P80","P90","P100","P200","P300","P400","P500","P600","P700","P800","P900","P1000","P1100","P1200","P1300","P1400","P1500","P1600"
 0.0000000E+000, 0.0000000E+000, 1.1951288E+000, 1.7964058E-005, 0.0000000E+000, 0.0000000E+000, 0.0000000E+000, 0.0000000E+000, 0.0000000E+000, 0.0000000E+000, 0.0000000E+000, 0.0000000E+000, 0.0000000E+000, 0.0000000E+000, 0.0000000E+000, 0.0000000E+000, 0.0000000E+000, 0.0000000E+000, 0.0000000E+000, 0.0000000E+000, 0.0000000E+000, 0.0000000E+000, 0.0000000E+000, 0.0000000E+000, 0.0000000E+000, 0.0000000E+000, 0.0000000E+000, 0.0000000E+000, 0.0000000E+000
 8.0007872E+002, 1.9986408E+000, 1.1951287E+000, 1.7964058E-005, 9.2290543E+000, 9.1622799E+000, 9.0958620E+000, 9.0301741E+000, 8.9651614E+000, 8.9011373E+000, 8.8380401E+000, 8.7762364E+000, 8.7153039E+000, 8.6554363E+000, 8.0770336E+000, 7.5077506E+000, 6.9392865E+000, 6.3659456E+000, 5.7884536E+000, 5.2087585E+000, 4.6290180E+000, 4.0494767E+000, 3.4695305E+000, 2.8903129E+000, 2.3111393E+000, 1.7318337E+000, 1.1531381E+000, 5.7367206E-001, 1.3302882E-003
 1.6000000E+003, 2.0000004E+000, 1.1951287E+000, 1.7964058E-005, 4.5770088E+000, 4.5403489E+000, 4.5038274E+000, 4.4675365E+000, 4.4322287E+000, 4.3977571E+000, 4.3646237E+000, 4.3323888E+000, 4.3014565E+000, 4.2716413E+000, 3.9888821E+000, 3.7145747E+000, 3.4417898E+000, 3.1620485E+000, 2.8764723E+000, 2.5878102E+000, 2.2990718E+000, 2.0102208E+000, 1.7224897E+000, 1.4349429E+000, 1.1462943E+000, 8.5809573E-001, 5.6982722E-001, 2.8102139E-001, 7.8107797E-004
