s,m/s,kg/m3,kg/m/s,Pa,Pa,Pa,Pa,Pa,Pa,Pa,Pa,Pa,Pa,Pa,Pa,Pa,Pa,Pa,Pa,Pa,Pa,Pa,Pa,Pa,Pa,Pa,Pa,Pa
Time,"UBAR","RHO","MU","P10","P20","P30","P40","P50","P60","P70","P80","P90","P100","P200","P300","P400","P500","P600","P700","P800","P900","P1000","P1100","P1200","P1300","P1400","P1500","P1600"
 0.0000000E+000, 0.0000000E+000, 1.1954747E+000, 1.7964058E-005, 0.0000000E+000, 0.0000000E+000, 0.0000000E+000, 0.0000000E+000, 0.0000000E+000, 0.0000000E+000, 0.0000000E+000, 0.0000000E+000, 0.0000000E+000, 0.0000000E+000, 0.0000000E+000, 0.0000000E+000, 0.0000000E+000, 0.0000000E+000, 0.0000000E+000, 0.0000000E+000, 0.0000000E+000, 0.0000000E+000, 0.0000000E+000, 0.0000000E+000, 0.0000000E+000, 0.0000000E+000, 0.0000000E+000, 0.0000000E+000, 0.0000000E+000
 4.0001896E+002, 3.9943742E+000, 1.1954747E+000, 1.7964058E-005, 6.3579802E+001, 6.3017343E+001, 6.2520893E+001, 6.2082647E+001, 6.1686609E+001, 6.1302635E+001, 6.0916880E+001, 6.0529205E+001, 6.0144062E+001, 5.9763175E+001, 5.5953231E+001, 5.1956849E+001, 4.7949679E+001, 4.3952837E+001, 3.9950238E+001, 3.5954287E+001, 3.1944328E+001, 2.7943691E+001, 2.3938835E+001, 1.9940581E+001, 1.5937107E+001, 1.1940573E+001, 7.9371209E+000, 3.9387329E+000, 1.2480996E-002
 8.0000000E+002, 3.9999996E+000, 1.1954748E+000, 1.7964058E-005, 4.6214691E+001, 4.5770420E+001, 4.5391685E+001, 4.5071643E+001, 4.4796276E+001, 4.4532315E+001, 4.4261812E+001, 4.3986267E+001, 4.3711493E+001, 4.3441266E+001, 4.0744615E+001, 3.7826719E+001, 3.4909187E+001, 3.1997555E+001, 2.9081479E+001, 2.6167653E+001, 2.3251737E+001, 2.0342787E+001, 1.7424094E+001, 1.4505570E+001, 1.1581721E+001, 8.6687850E+000, 5.7589297E+000, 2.8505738E+000, 1.3925827E-002
