s,m/s,kg/m3,kg/m/s,Pa,Pa,Pa,Pa,Pa,Pa,Pa,Pa,Pa,Pa,Pa,Pa,Pa,Pa,Pa,Pa,Pa,Pa,Pa,Pa,Pa,Pa,Pa,Pa,Pa
Time,"UBAR","RHO","MU","P10","P20","P30","P40","P50","P60","P70","P80","P90","P100","P200","P300","P400","P500","P600","P700","P800","P900","P1000","P1100","P1200","P1300","P1400","P1500","P1600"
 0.0000000E+000, 0.0000000E+000, 1.1951288E+000, 1.7964058E-005, 0.0000000E+000, 0.0000000E+000, 0.0000000E+000, 0.0000000E+000, 0.0000000E+000, 0.0000000E+000, 0.0000000E+000, 0.0000000E+000, 0.0000000E+000, 0.0000000E+000, 0.0000000E+000, 0.0000000E+000, 0.0000000E+000, 0.0000000E+000, 0.0000000E+000, 0.0000000E+000, 0.0000000E+000, 0.0000000E+000, 0.0000000E+000, 0.0000000E+000, 0.0000000E+000, 0.0000000E+000, 0.0000000E+000, 0.0000000E+000, 0.0000000E+000
 1.6000536E+002, 9.9648242E+000, 1.1951287E+000, 1.7964058E-005, 4.4664545E+002, 4.4286391E+002, 4.3916291E+002, 4.3556936E+002, 4.3208242E+002, 4.2871883E+002, 4.2546358E+002, 4.2232051E+002, 4.1927510E+002, 4.1633725E+002, 3.9037997E+002, 3.6441425E+002, 3.3702526E+002, 3.0907388E+002, 2.8102520E+002, 2.5291498E+002, 2.2474768E+002, 1.9657595E+002, 1.6844853E+002, 1.4046102E+002, 1.1219016E+002, 8.4178531E+001, 5.6213475E+001, 2.7916319E+001, 1.5637413E-001
 3.2000000E+002, 1.0000002E+001, 1.1951289E+000, 1.7964058E-005, 3.4379132E+002, 3.4073789E+002, 3.3776340E+002, 3.3488966E+002, 3.3212743E+002, 3.2948148E+002, 3.2695765E+002, 3.2453920E+002, 3.2221461E+002, 3.1999913E+002, 3.0161387E+002, 2.8247931E+002, 2.6151403E+002, 2.3982916E+002, 2.1799100E+002, 1.9603314E+002, 1.7422113E+002, 1.5234530E+002, 1.3042771E+002, 1.0856189E+002, 8.6795177E+001, 6.4980190E+001, 4.3267791E+001, 2.1439736E+001, 1.8331046E-001
