s,m/s,kg/m3,kg/m/s,Pa,Pa,Pa,Pa,Pa,Pa,Pa,Pa,Pa,Pa,Pa,Pa,Pa,Pa,Pa,Pa,Pa,Pa,Pa,Pa,Pa,Pa,Pa,Pa,Pa
Time,"UBAR","RHO","MU","P10","P20","P30","P40","P50","P60","P70","P80","P90","P100","P200","P300","P400","P500","P600","P700","P800","P900","P1000","P1100","P1200","P1300","P1400","P1500","P1600"
 0.0000000E+000, 0.0000000E+000, 1.1951288E+000, 1.7964058E-005, 0.0000000E+000, 0.0000000E+000, 0.0000000E+000, 0.0000000E+000, 0.0000000E+000, 0.0000000E+000, 0.0000000E+000, 0.0000000E+000, 0.0000000E+000, 0.0000000E+000, 0.0000000E+000, 0.0000000E+000, 0.0000000E+000, 0.0000000E+000, 0.0000000E+000, 0.0000000E+000, 0.0000000E+000, 0.0000000E+000, 0.0000000E+000, 0.0000000E+000, 0.0000000E+000, 0.0000000E+000, 0.0000000E+000, 0.0000000E+000, 0.0000000E+000
 1.6003343E+002, 9.9623610E+000, 1.1951286E+000, 1.7964058E-005, 4.7574718E+002, 4.7116023E+002, 4.6699140E+002, 4.6328927E+002, 4.6002920E+002, 4.5712493E+002, 4.5451512E+002, 4.5216904E+002, 4.4998582E+002, 4.4774883E+002, 4.2002514E+002, 3.9086827E+002, 3.6069138E+002, 3.3043895E+002, 3.0036651E+002, 2.7031147E+002, 2.4017841E+002, 2.1021021E+002, 1.8009459E+002, 1.5001161E+002, 1.1992915E+002, 8.9850100E+001, 5.9713646E+001, 2.9629847E+001, 7.3173768E-002
 3.2000000E+002, 9.9999943E+000, 1.1951286E+000, 1.7964058E-005, 3.7425897E+002, 3.7038977E+002, 3.6692938E+002, 3.6393923E+002, 3.6141639E+002, 3.5926207E+002, 3.5742476E+002, 3.5586138E+002, 3.5451190E+002, 3.5307244E+002, 3.3211226E+002, 3.0939246E+002, 2.8536262E+002, 2.6135888E+002, 2.3749723E+002, 2.1378169E+002, 1.9006144E+002, 1.6626431E+002, 1.4246592E+002, 1.1870066E+002, 9.4886069E+001, 7.1143800E+001, 4.7206114E+001, 2.3359790E+001, 9.2931367E-002
