s,m/s,kg/m3,kg/m/s,Pa,Pa,Pa,Pa,Pa,Pa,Pa,Pa,Pa,Pa,Pa,Pa,Pa,Pa,Pa,Pa,Pa,Pa,Pa,Pa,Pa,Pa,Pa,Pa,Pa
Time,"UBAR","RHO","MU","P10","P20","P30","P40","P50","P60","P70","P80","P90","P100","P200","P300","P400","P500","P600","P700","P800","P900","P1000","P1100","P1200","P1300","P1400","P1500","P1600"
 0.0000000E+000, 0.0000000E+000, 1.1951288E+000, 1.7964058E-005, 0.0000000E+000, 0.0000000E+000, 0.0000000E+000, 0.0000000E+000, 0.0000000E+000, 0.0000000E+000, 0.0000000E+000, 0.0000000E+000, 0.0000000E+000, 0.0000000E+000, 0.0000000E+000, 0.0000000E+000, 0.0000000E+000, 0.0000000E+000, 0.0000000E+000, 0.0000000E+000, 0.0000000E+000, 0.0000000E+000, 0.0000000E+000, 0.0000000E+000, 0.0000000E+000, 0.0000000E+000, 0.0000000E+000, 0.0000000E+000, 0.0000000E+000
 1.6000122E+002, 9.9623938E+000, 1.1951287E+000, 1.7964058E-005, 2.0620177E+002, 2.0476372E+002, 2.0333550E+002, 2.0192277E+002, 2.0052106E+002, 1.9912870E+002, 1.9774892E+002, 1.9637684E+002, 1.9502083E+002, 1.9367874E+002, 1.8060485E+002, 1.6775554E+002, 1.5498555E+002, 1.4218851E+002, 1.2931427E+002, 1.1639621E+002, 1.0344899E+002, 9.0498054E+001, 7.7532072E+001, 6.4584228E+001, 5.1641807E+001, 3.8700225E+001, 2.5762029E+001, 1.2801278E+001, 7.4694098E-005
 3.2000000E+002, 9.9999982E+000, 1.1951290E+000, 1.7964058E-005, 8.9323311E+001, 8.8624269E+001, 8.7931964E+001, 8.7258264E+001, 8.6589967E+001, 8.5936376E+001, 8.5304143E+001, 8.4683261E+001, 8.4067507E+001, 8.3468193E+001, 7.7812394E+001, 7.2364735E+001, 6.6999437E+001, 6.1611827E+001, 5.6112119E+001, 5.0515644E+001, 4.4869284E+001, 3.9222434E+001, 3.3598476E+001, 2.7966155E+001, 2.2329658E+001, 1.6691881E+001, 1.1087101E+001, 5.4784015E+000, 1.5027749E-002
