s,m/s,kg/m3,kg/m/s,Pa,Pa,Pa,Pa,Pa,Pa,Pa,Pa,Pa,Pa,Pa,Pa,Pa,Pa,Pa,Pa,Pa,Pa,Pa,Pa,Pa,Pa,Pa,Pa,Pa
Time,"UBAR","RHO","MU","P10","P20","P30","P40","P50","P60","P70","P80","P90","P100","P200","P300","P400","P500","P600","P700","P800","P900","P1000","P1100","P1200","P1300","P1400","P1500","P1600"
 0.0000000E+000, 0.0000000E+000, 1.1951288E+000, 1.7964058E-005, 0.0000000E+000, 0.0000000E+000, 0.0000000E+000, 0.0000000E+000, 0.0000000E+000, 0.0000000E+000, 0.0000000E+000, 0.0000000E+000, 0.0000000E+000, 0.0000000E+000, 0.0000000E+000, 0.0000000E+000, 0.0000000E+000, 0.0000000E+000, 0.0000000E+000, 0.0000000E+000, 0.0000000E+000, 0.0000000E+000, 0.0000000E+000, 0.0000000E+000, 0.0000000E+000, 0.0000000E+000, 0.0000000E+000, 0.0000000E+000, 0.0000000E+000
 1.6003229E+002, 9.9623624E+000, 1.1951288E+000, 1.7964058E-005, 4.4951519E+002, 4.4492527E+002, 4.4076196E+002, 4.3705474E+002, 4.3376822E+002, 4.3084455E+002, 4.2821051E+002, 4.2582049E+002, 4.2365295E+002, 4.2162489E+002, 3.9636363E+002, 3.6888930E+002, 3.4046094E+002, 3.1201126E+002, 2.8364102E+002, 2.5528069E+002, 2.2690111E+002, 1.9846883E+002, 1.7007221E+002, 1.4171432E+002, 1.1329521E+002, 8.4796225E+001, 5.6426529E+001, 2.8017817E+001, 6.3830553E-002
 3.2000000E+002, 1.0000003E+001, 1.1951288E+000, 1.7964058E-005, 3.4601524E+002, 3.4214820E+002, 3.3868859E+002, 3.3569774E+002, 3.3312864E+002, 3.3092420E+002, 3.2903815E+002, 3.2741512E+002, 3.2604639E+002, 3.2482487E+002, 3.0656463E+002, 2.8588389E+002, 2.6380394E+002, 2.4174483E+002, 2.1972381E+002, 1.9770475E+002, 1.7570077E+002, 1.5370566E+002, 1.3173058E+002, 1.0968259E+002, 8.7537377E+001, 6.5621103E+001, 4.3624046E+001, 2.1592011E+001, 8.2054144E-002
