s,m/s,kg/m3,kg/m/s,Pa,Pa,Pa,Pa,Pa,Pa,Pa,Pa,Pa,Pa,Pa,Pa,Pa,Pa,Pa,Pa,Pa,Pa,Pa,Pa,Pa,Pa,Pa,Pa,Pa
Time,"UBAR","RHO","MU","P10","P20","P30","P40","P50","P60","P70","P80","P90","P100","P200","P300","P400","P500","P600","P700","P800","P900","P1000","P1100","P1200","P1300","P1400","P1500","P1600"
 0.0000000E+000, 0.0000000E+000, 1.1951288E+000, 1.7964058E-005, 0.0000000E+000, 0.0000000E+000, 0.0000000E+000, 0.0000000E+000, 0.0000000E+000, 0.0000000E+000, 0.0000000E+000, 0.0000000E+000, 0.0000000E+000, 0.0000000E+000, 0.0000000E+000, 0.0000000E+000, 0.0000000E+000, 0.0000000E+000, 0.0000000E+000, 0.0000000E+000, 0.0000000E+000, 0.0000000E+000, 0.0000000E+000, 0.0000000E+000, 0.0000000E+000, 0.0000000E+000, 0.0000000E+000, 0.0000000E+000, 0.0000000E+000
 8.0015944E+002, 1.9989723E+000, 1.1951290E+000, 1.7964058E-005, 1.7981889E+001, 1.7829991E+001, 1.7681432E+001, 1.7537087E+001, 1.7396594E+001, 1.7261765E+001, 1.7131155E+001, 1.7004467E+001, 1.6882088E+001, 1.6763660E+001, 1.5724627E+001, 1.4683224E+001, 1.3578806E+001, 1.2452181E+001, 1.1319084E+001, 1.0181447E+001, 9.0481124E+000, 7.9159663E+000, 6.7797760E+000, 5.6493687E+000, 4.5179340E+000, 3.3880518E+000, 2.2569622E+000, 1.1254252E+000, 8.1062464E-003
 1.6000000E+003, 1.9999998E+000, 1.1951285E+000, 1.7964058E-005, 1.3740906E+001, 1.3618778E+001, 1.3499743E+001, 1.3385153E+001, 1.3274728E+001, 1.3168745E+001, 1.3067223E+001, 1.2970540E+001, 1.2877666E+001, 1.2789992E+001, 1.2054041E+001, 1.1276203E+001, 1.0437598E+001, 9.5679973E+000, 8.6975905E+000, 7.8276314E+000, 6.9599875E+000, 6.0902831E+000, 5.2237801E+000, 4.3536056E+000, 3.4774045E+000, 2.6060778E+000, 1.7336734E+000, 8.6064462E-001, 7.4382850E-003
