s,m/s,kg/m3,kg/m/s,Pa,Pa,Pa,Pa,Pa,Pa,Pa,Pa,Pa,Pa,Pa,Pa,Pa,Pa,Pa,Pa,Pa,Pa,Pa,Pa,Pa,Pa,Pa,Pa,Pa
Time,"UBAR","RHO","MU","P10","P20","P30","P40","P50","P60","P70","P80","P90","P100","P200","P300","P400","P500","P600","P700","P800","P900","P1000","P1100","P1200","P1300","P1400","P1500","P1600"
 0.0000000E+000, 0.0000000E+000, 1.1951288E+000, 1.7964058E-005, 0.0000000E+000, 0.0000000E+000, 0.0000000E+000, 0.0000000E+000, 0.0000000E+000, 0.0000000E+000, 0.0000000E+000, 0.0000000E+000, 0.0000000E+000, 0.0000000E+000, 0.0000000E+000, 0.0000000E+000, 0.0000000E+000, 0.0000000E+000, 0.0000000E+000, 0.0000000E+000, 0.0000000E+000, 0.0000000E+000, 0.0000000E+000, 0.0000000E+000, 0.0000000E+000, 0.0000000E+000, 0.0000000E+000, 0.0000000E+000, 0.0000000E+000
 8.0035774E+002, 1.9989717E+000, 1.1951287E+000, 1.7964058E-005, 9.0793458E+000, 9.0171411E+000, 8.9551688E+000, 8.8932627E+000, 8.8317720E+000, 8.7711458E+000, 8.7105488E+000, 8.6497834E+000, 8.5895189E+000, 8.5294602E+000, 7.9369794E+000, 7.3585854E+000, 6.7874878E+000, 6.2200863E+000, 5.6545595E+000, 5.0898176E+000, 4.5243015E+000, 3.9589191E+000, 3.3946160E+000, 2.8303803E+000, 2.2642183E+000, 1.6988938E+000, 1.1344832E+000, 5.6939323E-001, 3.8585404E-003
 1.6000000E+003, 2.0000002E+000, 1.1951289E+000, 1.7964058E-005, 4.3032053E+000, 4.2706388E+000, 4.2385821E+000, 4.2067423E+000, 4.1744275E+000, 4.1428833E+000, 4.1116581E+000, 4.0804934E+000, 4.0494647E+000, 4.0191821E+000, 3.7282039E+000, 3.4490152E+000, 3.1770427E+000, 2.9103280E+000, 2.6439724E+000, 2.3782901E+000, 2.1144623E+000, 1.8501313E+000, 1.5856238E+000, 1.3213450E+000, 1.0569704E+000, 7.9150475E-001, 5.2646661E-001, 2.6333517E-001, 2.7450445E-003
