s,m/s,kg/m3,kg/m/s,Pa,Pa,Pa,Pa,Pa,Pa,Pa,Pa,Pa,Pa,Pa,Pa,Pa,Pa,Pa,Pa,Pa,Pa,Pa,Pa,Pa,Pa,Pa,Pa,Pa
Time,"UBAR","RHO","MU","P10","P20","P30","P40","P50","P60","P70","P80","P90","P100","P200","P300","P400","P500","P600","P700","P800","P900","P1000","P1100","P1200","P1300","P1400","P1500","P1600"
 0.0000000E+000, 0.0000000E+000, 1.1951288E+000, 1.7964058E-005, 0.0000000E+000, 0.0000000E+000, 0.0000000E+000, 0.0000000E+000, 0.0000000E+000, 0.0000000E+000, 0.0000000E+000, 0.0000000E+000, 0.0000000E+000, 0.0000000E+000, 0.0000000E+000, 0.0000000E+000, 0.0000000E+000, 0.0000000E+000, 0.0000000E+000, 0.0000000E+000, 0.0000000E+000, 0.0000000E+000, 0.0000000E+000, 0.0000000E+000, 0.0000000E+000, 0.0000000E+000, 0.0000000E+000, 0.0000000E+000, 0.0000000E+000
 1.6000633E+002, 9.9650822E+000, 1.1951024E+000, 1.7964295E-005, 2.0336153E+002, 2.0199632E+002, 2.0063360E+002, 1.9928261E+002, 1.9793960E+002, 1.9659366E+002, 1.9526245E+002, 1.9394132E+002, 1.9260957E+002, 1.9128197E+002, 1.7815402E+002, 1.6523878E+002, 1.5243839E+002, 1.3969352E+002, 1.2699723E+002, 1.1429320E+002, 1.0160149E+002, 8.8906073E+001, 7.6211065E+001, 6.3517564E+001, 5.0813068E+001, 3.8116365E+001, 2.5419329E+001, 1.2712395E+001, 3.5942242E-002
 3.2000000E+002, 9.9999979E+000, 1.1951284E+000, 1.7964058E-005, 8.4456609E+001, 8.3820630E+001, 8.3195562E+001, 8.2583101E+001, 8.1979389E+001, 8.1357658E+001, 8.0758070E+001, 8.0189192E+001, 7.9599773E+001, 7.9024812E+001, 7.3380308E+001, 6.7892341E+001, 6.2555668E+001, 5.7277488E+001, 5.2067519E+001, 4.6884204E+001, 4.1652128E+001, 3.6463850E+001, 3.1273959E+001, 2.6092214E+001, 2.0890997E+001, 1.5659005E+001, 1.0439189E+001, 5.2468686E+000, 5.3308203E-002
