s,m/s,kg/m3,kg/m/s,Pa,Pa,Pa,Pa,Pa,Pa,Pa,Pa,Pa,Pa,Pa,Pa,Pa,Pa,Pa,Pa,Pa,Pa,Pa,Pa,Pa,Pa,Pa,Pa,Pa
Time,"UBAR","RHO","MU","P10","P20","P30","P40","P50","P60","P70","P80","P90","P100","P200","P300","P400","P500","P600","P700","P800","P900","P1000","P1100","P1200","P1300","P1400","P1500","P1600"
 0.0000000E+000, 0.0000000E+000, 1.1951288E+000, 1.7964058E-005, 0.0000000E+000, 0.0000000E+000, 0.0000000E+000, 0.0000000E+000, 0.0000000E+000, 0.0000000E+000, 0.0000000E+000, 0.0000000E+000, 0.0000000E+000, 0.0000000E+000, 0.0000000E+000, 0.0000000E+000, 0.0000000E+000, 0.0000000E+000, 0.0000000E+000, 0.0000000E+000, 0.0000000E+000, 0.0000000E+000, 0.0000000E+000, 0.0000000E+000, 0.0000000E+000, 0.0000000E+000, 0.0000000E+000, 0.0000000E+000, 0.0000000E+000
 1.6001022E+002, 9.9648261E+000, 1.1951288E+000, 1.7964058E-005, 4.5200569E+002, 4.4822447E+002, 4.4452486E+002, 4.4094091E+002, 4.3745958E+002, 4.3410170E+002, 4.3086426E+002, 4.2772503E+002, 4.2468435E+002, 4.2173972E+002, 3.9576981E+002, 3.6927552E+002, 3.4123628E+002, 3.1282621E+002, 2.8438710E+002, 2.5593950E+002, 2.2746561E+002, 1.9906890E+002, 1.7056013E+002, 1.4202973E+002, 1.1347737E+002, 8.5034737E+001, 5.6575319E+001, 2.8222534E+001, 1.6312382E-001
 3.2000000E+002, 1.0000001E+001, 1.1951288E+000, 1.7964058E-005, 3.5337378E+002, 3.5031848E+002, 3.4735033E+002, 3.4449631E+002, 3.4174510E+002, 3.3909660E+002, 3.3656581E+002, 3.3414208E+002, 3.3182903E+002, 3.2964538E+002, 3.1106975E+002, 2.9118103E+002, 2.6931137E+002, 2.4677726E+002, 2.2427725E+002, 2.0185131E+002, 1.7949984E+002, 1.5698215E+002, 1.3453807E+002, 1.1199130E+002, 8.9461204E+001, 6.7015675E+001, 4.4555840E+001, 2.2043428E+001, 1.9440325E-001
