s,kW/m2,kW/m2
Time,"NetHF0B","NetHF0T"
 0.0000000E+000, 0.0000000E+000, 0.0000000E+000
 5.0001533E+003, 5.1982085E-004, 5.2471003E-004
 1.0000184E+004, 4.9052490E-004, 4.8744786E-004
 1.5000000E+004, 4.9887549E-004, 4.9125303E-004
