s,kW/m2,kW/m2
Time,"NetHF0B","NetHF0T"
 0.0000000E+000, 0.0000000E+000, 0.0000000E+000
 5.0006633E+003, 5.2925314E-004, 5.3187877E-004
 1.0000682E+004, 4.8991926E-004, 5.0498435E-004
 1.5000000E+004, 5.0314510E-004, 5.0127916E-004
