s,kW/m2,kW/m2
Time,"NetHF0B","NetHF0T"
 0.0000000E+000, 0.0000000E+000, 0.0000000E+000
 5.0005448E+003, 5.0190271E-004, 5.0046234E-004
 1.0000317E+004, 4.7687872E-004, 4.7115463E-004
 1.5000000E+004, 5.0573411E-004, 4.9896241E-004
