s,kW/m2,kW/m2
Time,"NetHF0B","NetHF0T"
 0.0000000E+000, 0.0000000E+000, 0.0000000E+000
 5.0005308E+003, 3.7501732E-004, 3.7365809E-004
 1.0000513E+004, 4.6750181E-004, 4.6314627E-004
 1.5000000E+004, 4.8645829E-004, 5.0067711E-004
