s,kW/m2,kW/m2
Time,"NetHF0B","NetHF0T"
 0.0000000E+000, 0.0000000E+000, 0.0000000E+000
 5.0006302E+003, 3.7609759E-004, 3.7632572E-004
 1.0000341E+004, 4.4657283E-004, 4.4626962E-004
 1.5000000E+004, 4.9995952E-004, 5.0118104E-004
