s,kW/m2,kW/m2
Time,"NetHF0B","NetHF0T"
 0.0000000E+000, 0.0000000E+000, 0.0000000E+000
 5.0003814E+003, 9.6524898E-004, 9.6111314E-004
 1.0000396E+004, 4.9949981E-004, 5.1807732E-004
 1.5000000E+004, 4.9723552E-004, 5.0900426E-004
