s,kW/m2,kW/m2
Time,"NetHF0B","NetHF0T"
 0.0000000E+000, 0.0000000E+000, 0.0000000E+000
 5.0004882E+003, 4.6325798E-004, 4.6166755E-004
 1.0000569E+004, 4.4275053E-004, 4.6518551E-004
 1.5000000E+004, 5.0323183E-004, 4.9644769E-004
