s,kW/m2,kW/m2
Time,"NetHF0B","NetHF0T"
 0.0000000E+000, 0.0000000E+000, 0.0000000E+000
 5.0000651E+003, 3.9513690E-004, 3.6504490E-004
 1.0000565E+004, 4.5732379E-004, 4.6729450E-004
 1.5000000E+004, 4.6687739E-004, 4.8211140E-004
