s,kW/m2,kW/m2
Time,"NetHF0B","NetHF0T"
 0.0000000E+000, 0.0000000E+000, 0.0000000E+000
 5.0003650E+003, 3.5857641E-004, 3.5129969E-004
 1.0000299E+004, 4.2351206E-004, 4.2476714E-004
 1.5000000E+004, 4.6843127E-004, 4.7295124E-004
