s,kW/m2,kW/m2
Time,"NetHF0B","NetHF0T"
 0.0000000E+000, 0.0000000E+000, 0.0000000E+000
 5.0001540E+003, 2.9928267E-004, 2.7241458E-004
 1.0000637E+004, 4.0956135E-004, 4.0212625E-004
 1.5000000E+004, 4.4772351E-004, 4.3174764E-004
