s,kW/m2,kW/m2
Time,"NetHF0B","NetHF0T"
 0.0000000E+000, 0.0000000E+000, 0.0000000E+000
 5.0001653E+003, 3.4726202E-004, 3.4401505E-004
 1.0000290E+004, 4.6199293E-004, 4.7438675E-004
 1.5000000E+004, 4.8803374E-004, 4.8636926E-004
