s,kW/m2,kW/m2
Time,"NetHF0B","NetHF0T"
 0.0000000E+000, 0.0000000E+000, 0.0000000E+000
 5.0004594E+003, 3.3760975E-004, 3.3245079E-004
 1.0000207E+004, 4.5716608E-004, 4.5568248E-004
 1.5000000E+004, 5.0700058E-004, 4.9905202E-004
