s,kW/m2,kW/m2
Time,"NetHF0B","NetHF0T"
 0.0000000E+000, 0.0000000E+000, 0.0000000E+000
 5.0002436E+003, 3.1633598E-004, 3.1440205E-004
 1.0000288E+004, 4.2512304E-004, 4.1345348E-004
 1.5000000E+004, 4.7778365E-004, 4.6656664E-004
