s,kW/m2,kW/m2
Time,"NetHF0B","NetHF0T"
 0.0000000E+000, 0.0000000E+000, 0.0000000E+000
 5.0004838E+003, 5.3242622E-004, 5.3621161E-004
 1.0000541E+004, 4.9878181E-004, 5.0041885E-004
 1.5000000E+004, 4.9034184E-004, 5.0179441E-004
