s,kW/m2,kW/m2
Time,"NetHF0B","NetHF0T"
 0.0000000E+000, 0.0000000E+000, 0.0000000E+000
 5.0008683E+003, 4.3976503E-004, 4.3877006E-004
 1.0000868E+004, 4.6695125E-004, 4.5910129E-004
 1.5000000E+004, 4.8266459E-004, 4.8473946E-004
