s,kW/m2,kW/m2
Time,"NetHF0B","NetHF0T"
 0.0000000E+000, 0.0000000E+000, 0.0000000E+000
 5.0005270E+003, 2.6525216E-004, 2.6788236E-004
 1.0000461E+004, 4.2166335E-004, 4.2610318E-004
 1.5000000E+004, 4.7763644E-004, 4.6582877E-004
