s,kW/m2,kW/m2
Time,"NetHF0B","NetHF0T"
 0.0000000E+000, 0.0000000E+000, 0.0000000E+000
 5.0002288E+003, 3.7006647E-004, 3.6955034E-004
 1.0000457E+004, 4.6340841E-004, 4.7336533E-004
 1.5000000E+004, 4.9487296E-004, 5.1657301E-004
