s,kW/m2,kW/m2
Time,"NetHF0B","NetHF0T"
 0.0000000E+000, 0.0000000E+000, 0.0000000E+000
 5.0003431E+003, 6.9208109E-004, 6.9170218E-004
 1.0000792E+004, 5.0443560E-004, 5.0502322E-004
 1.5000000E+004, 4.9949278E-004, 4.9808806E-004
