s,kW/m2,kW/m2
Time,"NetHF0B","NetHF0T"
 0.0000000E+000, 0.0000000E+000, 0.0000000E+000
 5.0005645E+003, 2.7629550E-004, 2.7475528E-004
 1.0000469E+004, 4.2624432E-004, 4.1645415E-004
 1.5000000E+004, 4.7288715E-004, 4.7037336E-004
