s,kW/m2,kW/m2
Time,"NetHF0B","NetHF0T"
 0.0000000E+000, 0.0000000E+000, 0.0000000E+000
 5.0018961E+003, 2.9547867E-004, 2.9365961E-004
 1.0001896E+004, 3.7994613E-004, 3.7617486E-004
 1.5000000E+004, 4.2637041E-004, 4.2720890E-004
