s,kW/m2,kW/m2
Time,"NetHF0B","NetHF0T"
 0.0000000E+000, 0.0000000E+000, 0.0000000E+000
 5.0019267E+003, 3.9340879E-004, 3.8929884E-004
 1.0001927E+004, 4.4173279E-004, 4.4278975E-004
 1.5000000E+004, 4.7254671E-004, 4.7132540E-004
