s,kW/m2,kW/m2
Time,"NetHF0B","NetHF0T"
 0.0000000E+000, 0.0000000E+000, 0.0000000E+000
 5.0003376E+003, 4.1173037E-004, 4.0632386E-004
 1.0000061E+004, 4.6313946E-004, 4.6160652E-004
 1.5000000E+004, 5.2077858E-004, 5.0802382E-004
