s,kW/m2,kW/m2
Time,"NetHF0B","NetHF0T"
 0.0000000E+000, 0.0000000E+000, 0.0000000E+000
 5.0003116E+003, 7.0229350E-004, 6.6925592E-004
 1.0000187E+004, 5.0091737E-004, 5.1254151E-004
 1.5000000E+004, 5.0333080E-004, 4.9522608E-004
