s,kW/m2,kW/m2,kW/m2,kW/m2,kW/m2,kW/m2,kW/m2,kW/m2,kW/m2,kW/m2,kW/m2,kW/m2,kW/m2,kW/m2,kW/m2,kW/m2,kW/m2,kW/m2,kW/m2,kW/m2,kW/m2,kW/m2,kW/m2,kW/m2,kW/m2,kW/m2,kW/m2,kW/m2,kW/m2,kW/m2,kW/m2,kW/m2,kW/m2,kW/m2,kW/m2,kW/m2,kW/m2,kW/m2,kW/m2,kW/m2,kW/m2,kW/m2,kW/m2,kW/m2,kW/m2,kW/m2,kW/m2,kW/m2,kW/m2,kW/m2,kW/m2,kW/m2,kW/m2,kW/m2,kW/m2,kW/m2,kW/m2,kW/m2,kW/m2,kW/m2,m/s,m/s,m/s,m/s,m/s,m/s,m/s,m/s,m/s,m/s,m/s,m/s,m/s,m/s,m/s,m/s,m/s,m/s,m/s,m/s,kg/kg,kg/kg,kg/kg,kg/kg,kg/kg,kg/kg,kg/kg,kg/kg,kg/kg,kg/kg,kg/kg,kg/kg,kg/kg,kg/kg,kg/kg,kg/kg,kg/kg,kg/kg,kg/kg,kg/kg,kg/kg,kg/kg,kg/kg,kg/kg,kg/kg,kg/kg,kg/kg,kg/kg,kg/kg,kg/kg,kg/kg,kg/kg,kg/kg,kg/kg,kg/kg,kg/kg,kg/kg,kg/kg,kg/kg,kg/kg,kg/m2,kg/m2,kg/m2,kg/m2,kg/m2,kg/m2,kg/m2,kg/m2,kg/m2,kg/m2,kg/m2,kg/m2,kg/m2,kg/m2,kg/m2,kg/m2,kg/m2,kg/m2,kg/m2,kg/m2,kW,kg,kg
Time,CHF-0.05,CHF-0.15,CHF-0.35,CHF-0.55,CHF-0.65,CHF-0.75,CHF-0.85,CHF-0.95,CHF-1.25,CHF-1.45,CHF-1.65,CHF-1.75,CHF-2.05,CHF-2.35,CHF-2.65,CHF-2.75,CHF-2.95,CHF-3.25,CHF-3.35,CHF-3.75,THF-0.05,THF-0.15,THF-0.35,THF-0.55,THF-0.65,THF-0.75,THF-0.85,THF-0.95,THF-1.25,THF-1.45,THF-1.65,THF-1.75,THF-2.05,THF-2.35,THF-2.65,THF-2.75,THF-2.95,THF-3.25,THF-3.35,THF-3.75,HF-0.05,HF-0.15,HF-0.35,HF-0.55,HF-0.65,HF-0.75,HF-0.85,HF-0.95,HF-1.25,HF-1.45,HF-1.65,HF-1.75,HF-2.05,HF-2.35,HF-2.65,HF-2.75,HF-2.95,HF-3.25,HF-3.35,HF-3.75,U_TAU-0.05,U_TAU-0.15,U_TAU-0.35,U_TAU-0.55,U_TAU-0.65,U_TAU-0.75,U_TAU-0.85,U_TAU-0.95,U_TAU-1.25,U_TAU-1.45,U_TAU-1.65,U_TAU-1.75,U_TAU-2.05,U_TAU-2.35,U_TAU-2.65,U_TAU-2.75,U_TAU-2.95,U_TAU-3.25,U_TAU-3.35,U_TAU-3.75,WV-0.05,WV-0.15,WV-0.35,WV-0.55,WV-0.65,WV-0.75,WV-0.85,WV-0.95,WV-1.25,WV-1.45,WV-1.65,WV-1.75,WV-2.05,WV-2.35,WV-2.65,WV-2.75,WV-2.95,WV-3.25,WV-3.35,WV-3.75,WVC-0.05,WVC-0.15,WVC-0.35,WVC-0.55,WVC-0.65,WVC-0.75,WVC-0.85,WVC-0.95,WVC-1.25,WVC-1.45,WVC-1.65,WVC-1.75,WVC-2.05,WVC-2.35,WVC-2.65,WVC-2.75,WVC-2.95,WVC-3.25,WVC-3.35,WVC-3.75,WVD-0.05,WVD-0.15,WVD-0.35,WVD-0.55,WVD-0.65,WVD-0.75,WVD-0.85,WVD-0.95,WVD-1.25,WVD-1.45,WVD-1.65,WVD-1.75,WVD-2.05,WVD-2.35,WVD-2.65,WVD-2.75,WVD-2.95,WVD-3.25,WVD-3.35,WVD-3.75,Int HF,ACCUM H2O,MDOT H2O
 0.0000000E+000, 0.0000000E+000, 0.0000000E+000, 0.0000000E+000, 0.0000000E+000, 0.0000000E+000, 0.0000000E+000, 0.0000000E+000, 0.0000000E+000, 0.0000000E+000, 0.0000000E+000, 0.0000000E+000, 0.0000000E+000, 0.0000000E+000, 0.0000000E+000, 0.0000000E+000, 0.0000000E+000, 0.0000000E+000, 0.0000000E+000, 0.0000000E+000, 0.0000000E+000,-4.4939961E-002,-3.9827199E-002,-3.3670727E-002,-3.1818659E-002,-3.2312943E-002,-3.3940166E-002,-3.6799570E-002,-4.0651651E-002,-3.3784003E-002,-3.1063910E-002,-3.1703637E-002,-3.3514185E-002,-4.0592007E-002,-3.1968071E-002,-3.1717102E-002,-3.3537218E-002,-4.0508582E-002,-3.4018089E-002,-3.2330011E-002,-3.5223261E-002,-4.4939961E-002,-3.9827199E-002,-3.3670727E-002,-3.1818659E-002,-3.2312943E-002,-3.3940166E-002,-3.6799570E-002,-4.0651651E-002,-3.3784003E-002,-3.1063910E-002,-3.1703637E-002,-3.3514185E-002,-4.0592007E-002,-3.1968071E-002,-3.1717102E-002,-3.3537218E-002,-4.0508582E-002,-3.4018089E-002,-3.2330011E-002,-3.5223261E-002, 1.5352222E-003, 2.2640172E-003, 2.8386713E-003, 3.5954926E-003, 2.9914703E-003, 4.2938895E-003, 1.3735074E-003, 3.6782071E-003, 1.3566618E-003, 3.4399967E-003, 3.7070819E-003, 3.5239422E-003, 4.2677621E-003, 3.2308927E-003, 2.0755236E-003, 4.4922510E-003, 1.3858002E-003, 3.4610430E-003, 2.4519456E-003, 1.4888906E-003, 3.1400000E-001, 3.1400000E-001, 3.1400000E-001, 3.1400000E-001, 3.1400000E-001, 3.1400000E-001, 3.1400000E-001, 3.1400000E-001, 3.1400000E-001, 3.1400000E-001, 3.1400000E-001, 3.1400000E-001, 3.1400000E-001, 3.1400000E-001, 3.1400000E-001, 3.1400000E-001, 3.1400000E-001, 3.1400000E-001, 3.1400000E-001, 3.1400000E-001, 0.0000000E+000, 0.0000000E+000, 0.0000000E+000, 0.0000000E+000, 0.0000000E+000, 0.0000000E+000, 0.0000000E+000, 0.0000000E+000, 0.0000000E+000, 0.0000000E+000, 0.0000000E+000, 0.0000000E+000, 0.0000000E+000, 0.0000000E+000, 0.0000000E+000, 0.0000000E+000, 0.0000000E+000, 0.0000000E+000, 0.0000000E+000, 0.0000000E+000, 0.0000000E+000, 0.0000000E+000, 0.0000000E+000, 0.0000000E+000, 0.0000000E+000, 0.0000000E+000, 0.0000000E+000, 0.0000000E+000, 0.0000000E+000, 0.0000000E+000, 0.0000000E+000, 0.0000000E+000, 0.0000000E+000, 0.0000000E+000, 0.0000000E+000, 0.0000000E+000, 0.0000000E+000, 0.0000000E+000, 0.0000000E+000, 0.0000000E+000, 0.0000000E+000, 0.0000000E+000, 0.0000000E+000
 1.0224407E+000, 1.3515223E+000, 1.4047395E+000, 1.4356519E+000, 1.4568153E+000, 1.4607370E+000, 1.4625584E+000, 1.4679249E+000, 1.4689817E+000, 1.4865064E+000, 1.4834710E+000, 1.4865142E+000, 1.4920160E+000, 1.4919723E+000, 1.4959484E+000, 1.4926745E+000, 1.4946018E+000, 1.4935899E+000, 1.4977575E+000, 1.4933225E+000, 1.4939046E+000, 1.2420547E-001, 1.3432573E-001, 1.4179431E-001, 1.4569935E-001, 1.4620533E-001, 1.4580378E-001, 1.4563605E-001, 1.4412522E-001, 1.4899697E-001, 1.5013681E-001, 1.5049080E-001, 1.5035358E-001, 1.4765805E-001, 1.5156004E-001, 1.5147992E-001, 1.5125194E-001, 1.4804503E-001, 1.5158178E-001, 1.5209430E-001, 1.5098279E-001, 2.7714368E+000, 2.8293575E+000, 2.7952453E+000, 2.8260601E+000, 2.8260047E+000, 2.8355163E+000, 2.8264975E+000, 2.8415030E+000, 2.8427305E+000, 2.8428525E+000, 2.8495177E+000, 2.8570832E+000, 2.8510074E+000, 2.8377130E+000, 2.8530226E+000, 2.8363052E+000, 2.8598653E+000, 2.8591241E+000, 2.8382167E+000, 2.8443375E+000, 2.6607071E-002, 2.6725587E-002, 2.6791007E-002, 2.6608457E-002, 2.6816707E-002, 2.6573468E-002, 2.6417620E-002, 2.6576475E-002, 2.6113021E-002, 2.5999549E-002, 2.6196022E-002, 2.6291830E-002, 2.5777522E-002, 2.5795840E-002, 2.5448100E-002, 2.5639611E-002, 2.5245862E-002, 2.5400658E-002, 2.4947597E-002, 2.4771237E-002, 3.1184665E-001, 3.0913097E-001, 3.0725308E-001, 3.0697187E-001, 3.0695668E-001, 3.0694181E-001, 3.0691197E-001, 3.0685939E-001, 3.0688364E-001, 3.0674295E-001, 3.0674617E-001, 3.0672334E-001, 3.0676473E-001, 3.0672794E-001, 3.0668953E-001, 3.0666782E-001, 3.0682308E-001, 3.0670617E-001, 3.0669998E-001, 3.0678061E-001, 0.0000000E+000, 0.0000000E+000, 0.0000000E+000, 0.0000000E+000, 0.0000000E+000, 0.0000000E+000, 0.0000000E+000, 0.0000000E+000, 0.0000000E+000, 0.0000000E+000, 0.0000000E+000, 0.0000000E+000, 0.0000000E+000, 0.0000000E+000, 0.0000000E+000, 0.0000000E+000, 0.0000000E+000, 0.0000000E+000, 0.0000000E+000, 0.0000000E+000, 1.8168883E-004, 1.9267158E-004, 1.9961837E-004, 2.0343195E-004, 2.0433258E-004, 2.0444018E-004, 2.0562640E-004, 2.0581539E-004, 2.0794406E-004, 2.0735030E-004, 2.0830315E-004, 2.0927593E-004, 2.0826775E-004, 2.0897837E-004, 2.0848247E-004, 2.0868339E-004, 2.0856997E-004, 2.0892420E-004, 2.0803636E-004, 2.0826785E-004, 2.5975524E+000, 3.6251940E-004, 1.8076826E-003
 2.0123080E+000, 2.9042139E+000, 2.9177375E+000, 2.8518506E+000, 2.8068331E+000, 2.7929115E+000, 2.7772883E+000, 2.7751452E+000, 2.7715560E+000, 2.7799588E+000, 2.7773549E+000, 2.7813172E+000, 2.7830710E+000, 2.7809961E+000, 2.7752635E+000, 2.7721748E+000, 2.7753589E+000, 2.7734744E+000, 2.7785241E+000, 2.7776649E+000, 2.7666671E+000, 2.6203202E-001, 2.7492483E-001, 2.8011771E-001, 2.8334175E-001, 2.8414902E-001, 2.8430659E-001, 2.8583139E-001, 2.8639568E-001, 2.8922954E-001, 2.8880976E-001, 2.8998590E-001, 2.9116449E-001, 2.9192011E-001, 2.9127108E-001, 2.9105390E-001, 2.9202343E-001, 2.9208980E-001, 2.9334663E-001, 2.9289654E-001, 2.9390410E-001, 3.3647494E+000, 3.3556476E+000, 3.3166130E+000, 3.2251737E+000, 3.1975345E+000, 3.1704055E+000, 3.1406177E+000, 3.1326116E+000, 3.1348626E+000, 3.1221960E+000, 3.1294922E+000, 3.1374071E+000, 3.1461294E+000, 3.1321498E+000, 3.1307532E+000, 3.1452738E+000, 3.1266729E+000, 3.1609471E+000, 3.1486569E+000, 3.1414843E+000, 4.8804278E-002, 4.8728974E-002, 4.8898897E-002, 4.9363798E-002, 4.9585924E-002, 4.9741883E-002, 4.9885893E-002, 4.9965419E-002, 4.9837502E-002, 4.9793106E-002, 4.9771481E-002, 4.9712814E-002, 4.9600027E-002, 4.9462409E-002, 4.9468652E-002, 4.9460920E-002, 4.9426894E-002, 4.9270102E-002, 4.9258213E-002, 4.9084653E-002, 3.1017719E-001, 3.0292833E-001, 2.9009334E-001, 2.8096091E-001, 2.7810595E-001, 2.7581686E-001, 2.7435759E-001, 2.7351375E-001, 2.7346723E-001, 2.7331406E-001, 2.7320223E-001, 2.7311692E-001, 2.7312067E-001, 2.7298949E-001, 2.7262784E-001, 2.7259810E-001, 2.7264787E-001, 2.7312038E-001, 2.7326370E-001, 2.7257351E-001, 0.0000000E+000, 0.0000000E+000, 0.0000000E+000, 0.0000000E+000, 0.0000000E+000, 0.0000000E+000, 0.0000000E+000, 0.0000000E+000, 0.0000000E+000, 0.0000000E+000, 0.0000000E+000, 0.0000000E+000, 0.0000000E+000, 0.0000000E+000, 0.0000000E+000, 0.0000000E+000, 0.0000000E+000, 0.0000000E+000, 0.0000000E+000, 0.0000000E+000, 1.1323550E-003, 1.1537257E-003, 1.1520161E-003, 1.1536115E-003, 1.1538158E-003, 1.1528908E-003, 1.1552321E-003, 1.1555054E-003, 1.1628869E-003, 1.1613903E-003, 1.1629496E-003, 1.1649527E-003, 1.1639611E-003, 1.1649971E-003, 1.1630011E-003, 1.1641903E-003, 1.1635309E-003, 1.1649452E-003, 1.1629545E-003, 1.1614427E-003, 4.8815089E+000, 2.0356192E-003, 1.9464392E-003
 3.0108818E+000, 2.9917425E+000, 3.0006457E+000, 2.9380287E+000, 2.8751636E+000, 2.8424692E+000, 2.8115202E+000, 2.7865137E+000, 2.7588485E+000, 2.7253246E+000, 2.7014751E+000, 2.6904386E+000, 2.6957992E+000, 2.6944393E+000, 2.6892110E+000, 2.6802352E+000, 2.6787234E+000, 2.6699393E+000, 2.6882780E+000, 2.6865284E+000, 2.6833416E+000, 2.8102125E-001, 2.9422345E-001, 2.9986784E-001, 3.0287766E-001, 3.0303905E-001, 3.0269784E-001, 3.0401307E-001, 3.0420221E-001, 3.0807599E-001, 3.0784076E-001, 3.0884830E-001, 3.1024497E-001, 3.1060482E-001, 3.1037614E-001, 3.0995777E-001, 3.1073515E-001, 3.1032054E-001, 3.1273810E-001, 3.1246212E-001, 3.1533614E-001, 3.2146360E+000, 3.2326939E+000, 3.1715771E+000, 3.1086830E+000, 3.1053195E+000, 3.0722888E+000, 3.0634225E+000, 3.0333745E+000, 2.9815920E+000, 2.9688653E+000, 2.9415640E+000, 2.9256342E+000, 2.9108754E+000, 2.8987561E+000, 2.9024115E+000, 2.9093886E+000, 2.8979496E+000, 2.9192982E+000, 2.9022048E+000, 2.9126673E+000, 4.7922257E-002, 4.8016047E-002, 4.8544615E-002, 4.9258100E-002, 4.9603053E-002, 5.0001506E-002, 5.0437774E-002, 5.0860221E-002, 5.2161584E-002, 5.2662947E-002, 5.2889308E-002, 5.2910775E-002, 5.2834130E-002, 5.2836354E-002, 5.2775589E-002, 5.2738738E-002, 5.2679594E-002, 5.2678805E-002, 5.2662301E-002, 5.2584708E-002, 3.1001013E-001, 3.0251614E-001, 2.8918383E-001, 2.7766673E-001, 2.7243644E-001, 2.6740228E-001, 2.6264447E-001, 2.5830124E-001, 2.4902034E-001, 2.4503166E-001, 2.4277288E-001, 2.4276009E-001, 2.4278308E-001, 2.4211620E-001, 2.4144052E-001, 2.4114113E-001, 2.4062220E-001, 2.4184393E-001, 2.4185148E-001, 2.4171464E-001, 0.0000000E+000, 0.0000000E+000, 0.0000000E+000, 0.0000000E+000, 0.0000000E+000, 0.0000000E+000, 0.0000000E+000, 0.0000000E+000, 0.0000000E+000, 0.0000000E+000, 0.0000000E+000, 0.0000000E+000, 0.0000000E+000, 0.0000000E+000, 0.0000000E+000, 0.0000000E+000, 0.0000000E+000, 0.0000000E+000, 0.0000000E+000, 0.0000000E+000, 2.3072756E-003, 2.3258646E-003, 2.2953037E-003, 2.2705916E-003, 2.2602604E-003, 2.2491285E-003, 2.2441840E-003, 2.2380023E-003, 2.2413576E-003, 2.2355257E-003, 2.2366233E-003, 2.2402578E-003, 2.2388432E-003, 2.2371192E-003, 2.2325220E-003, 2.2337011E-003, 2.2316383E-003, 2.2376116E-003, 2.2353525E-003, 2.2299518E-003, 4.7797870E+000, 3.9321927E-003, 1.8152719E-003
 4.0037946E+000, 2.8589185E+000, 2.8569390E+000, 2.7817794E+000, 2.7271436E+000, 2.7032313E+000, 2.6762103E+000, 2.6584542E+000, 2.6428012E+000, 2.6124845E+000, 2.5996473E+000, 2.5731459E+000, 2.5661351E+000, 2.5468466E+000, 2.5248612E+000, 2.4879413E+000, 2.4857240E+000, 2.4835501E+000, 2.5076391E+000, 2.5086925E+000, 2.4940795E+000, 2.8038551E-001, 2.9182134E-001, 2.9373424E-001, 2.9419055E-001, 2.9390807E-001, 2.9333936E-001, 2.9473944E-001, 2.9546113E-001, 3.0026319E-001, 3.0157499E-001, 3.0338399E-001, 3.0514468E-001, 3.0654510E-001, 3.0682667E-001, 3.0578777E-001, 3.0665063E-001, 3.0651681E-001, 3.0954979E-001, 3.0945941E-001, 3.1221499E-001, 3.0814109E+000, 3.0855932E+000, 2.9907351E+000, 2.9289127E+000, 2.9024859E+000, 2.8827936E+000, 2.8664813E+000, 2.8418360E+000, 2.8349328E+000, 2.8613530E+000, 2.8299963E+000, 2.8450439E+000, 2.8342477E+000, 2.8254951E+000, 2.7408022E+000, 2.7269847E+000, 2.7085883E+000, 2.7436792E+000, 2.7556758E+000, 2.7214345E+000, 4.3808179E-002, 4.3756373E-002, 4.4199385E-002, 4.5255602E-002, 4.5858525E-002, 4.6452874E-002, 4.7061266E-002, 4.7734010E-002, 4.9588288E-002, 5.0846452E-002, 5.1839069E-002, 5.2332527E-002, 5.3454457E-002, 5.4042877E-002, 5.4006677E-002, 5.4000385E-002, 5.4031330E-002, 5.4135925E-002, 5.4149692E-002, 5.4037772E-002, 3.0975545E-001, 3.0178710E-001, 2.8741800E-001, 2.7534900E-001, 2.7009875E-001, 2.6495194E-001, 2.6041339E-001, 2.5614437E-001, 2.4518943E-001, 2.3955297E-001, 2.3334555E-001, 2.3085328E-001, 2.2532947E-001, 2.2126667E-001, 2.1807693E-001, 2.1761621E-001, 2.1743957E-001, 2.1886624E-001, 2.1903896E-001, 2.1793367E-001, 0.0000000E+000, 0.0000000E+000, 0.0000000E+000, 0.0000000E+000, 0.0000000E+000, 0.0000000E+000, 0.0000000E+000, 0.0000000E+000, 6.6650510E-127, 4.8319489E-100, 1.7062990E-074, 2.0371394E-062, 5.8864353E-027, 1.3620105E-005, 1.0023205E-004, 1.1893727E-004, 1.3523491E-004, 1.1187193E-004, 1.0607923E-004, 1.3801925E-004, 3.4510610E-003, 3.4646341E-003, 3.4061922E-003, 3.3593750E-003, 3.3380993E-003, 3.3157508E-003, 3.3030043E-003, 3.2886341E-003, 3.2764325E-003, 3.2618794E-003, 3.2541309E-003, 3.2565015E-003, 3.2507165E-003, 3.2447041E-003, 3.2338486E-003, 3.2346487E-003, 3.2306136E-003, 3.2431639E-003, 3.2406421E-003, 3.2333686E-003, 4.5256559E+000, 5.7346015E-003, 1.7312878E-003
 5.0055509E+000, 2.7563152E+000, 2.7417258E+000, 2.6556268E+000, 2.5735024E+000, 2.5319045E+000, 2.5004891E+000, 2.4869516E+000, 2.4753711E+000, 2.4780993E+000, 2.5376295E+000, 2.5526444E+000, 2.5485483E+000, 2.5169192E+000, 2.4988175E+000, 2.4330366E+000, 2.4096090E+000, 2.3706331E+000, 2.3707608E+000, 2.3750898E+000, 2.3659898E+000, 2.8059814E-001, 2.9138569E-001, 2.9275011E-001, 2.9116169E-001, 2.8950512E-001, 2.8695489E-001, 2.8633873E-001, 2.8507837E-001, 2.9004458E-001, 2.9568129E-001, 2.9959642E-001, 3.0137792E-001, 3.0250225E-001, 3.0483927E-001, 3.0533158E-001, 3.0612047E-001, 3.0589396E-001, 3.0929429E-001, 3.0953189E-001, 3.1241536E-001, 2.9994810E+000, 2.9830152E+000, 2.8855110E+000, 2.8304630E+000, 2.7740173E+000, 2.7181992E+000, 2.6993097E+000, 2.6849095E+000, 2.7067801E+000, 2.8181352E+000, 2.8475652E+000, 2.8838138E+000, 2.8043592E+000, 2.7914526E+000, 2.7423916E+000, 2.7004394E+000, 2.6784507E+000, 2.6659159E+000, 2.6760719E+000, 2.6651723E+000, 4.0637855E-002, 4.0310589E-002, 4.0807916E-002, 4.1231999E-002, 4.1496490E-002, 4.2075129E-002, 4.2936919E-002, 4.3895669E-002, 4.6636602E-002, 4.8944276E-002, 5.0462960E-002, 5.1046520E-002, 5.2490971E-002, 5.3946410E-002, 5.4874984E-002, 5.5076358E-002, 5.5481619E-002, 5.6042549E-002, 5.6175338E-002, 5.6079958E-002, 3.0953342E-001, 3.0104100E-001, 2.8599936E-001, 2.7305971E-001, 2.6705347E-001, 2.6139207E-001, 2.5631399E-001, 2.5156625E-001, 2.4134435E-001, 2.3961613E-001, 2.3580569E-001, 2.3309167E-001, 2.2520148E-001, 2.1910773E-001, 2.1076016E-001, 2.0772572E-001, 2.0343473E-001, 2.0158323E-001, 2.0172806E-001, 2.0107213E-001, 1.8371005E-224, 7.7206493E-213, 2.0865783E-186, 4.4030187E-162, 1.4556101E-150, 8.0232406E-139, 2.0013447E-127, 7.8236692E-117, 1.2332576E-085, 8.6507112E-064, 1.9946594E-042, 1.1577239E-033, 4.1921353E-014, 1.0553938E-004, 4.3475311E-004, 5.5445427E-004, 7.4087583E-004, 8.3764588E-004, 8.3896469E-004, 8.6922868E-004, 4.5487533E-003, 4.5533443E-003, 4.4594208E-003, 4.3837945E-003, 4.3515130E-003, 4.3197859E-003, 4.3012555E-003, 4.2820151E-003, 4.2647591E-003, 4.2585734E-003, 4.2462557E-003, 4.2458763E-003, 4.2337651E-003, 4.2204290E-003, 4.1862597E-003, 4.1815793E-003, 4.1698603E-003, 4.1892502E-003, 4.1885965E-003, 4.1742172E-003, 4.3854949E+000, 7.4630132E-003, 1.6923271E-003
 6.0090141E+000, 2.6586219E+000, 2.6564404E+000, 2.5917600E+000, 2.5586371E+000, 2.5168339E+000, 2.4702358E+000, 2.4351709E+000, 2.3946215E+000, 2.4126558E+000, 2.5115471E+000, 2.5947026E+000, 2.6300181E+000, 2.5796579E+000, 2.4847588E+000, 2.4710154E+000, 2.4422954E+000, 2.3742556E+000, 2.3595074E+000, 2.3683086E+000, 2.3485177E+000, 2.8060668E-001, 2.9123675E-001, 2.9241378E-001, 2.9123060E-001, 2.8941889E-001, 2.8656428E-001, 2.8556102E-001, 2.8309643E-001, 2.8330072E-001, 2.9180713E-001, 2.9959932E-001, 3.0352883E-001, 3.0356236E-001, 3.0153254E-001, 3.0424887E-001, 3.0496799E-001, 3.0433665E-001, 3.0868527E-001, 3.0967072E-001, 3.1417699E-001, 2.8646911E+000, 2.8819033E+000, 2.8615918E+000, 2.8737981E+000, 2.8420599E+000, 2.8010904E+000, 2.7716536E+000, 2.7596365E+000, 2.6954265E+000, 2.8131907E+000, 2.8949265E+000, 2.9280025E+000, 2.9414418E+000, 2.8101761E+000, 2.7777170E+000, 2.7866721E+000, 2.7249691E+000, 2.6666105E+000, 2.7212337E+000, 2.7037804E+000, 3.7284192E-002, 3.7617208E-002, 3.8766687E-002, 4.0403179E-002, 4.0668195E-002, 4.0887220E-002, 4.1204191E-002, 4.1587112E-002, 4.4544247E-002, 4.7392145E-002, 4.9684671E-002, 5.0656143E-002, 5.2012898E-002, 5.2757974E-002, 5.4304549E-002, 5.4510208E-002, 5.5071180E-002, 5.6263868E-002, 5.6739447E-002, 5.7723083E-002, 3.0921956E-001, 3.0037429E-001, 2.8553370E-001, 2.7427753E-001, 2.6816535E-001, 2.6212583E-001, 2.5641575E-001, 2.5069380E-001, 2.4140316E-001, 2.4231884E-001, 2.4264251E-001, 2.4251609E-001, 2.3283017E-001, 2.2147105E-001, 2.1555982E-001, 2.1225354E-001, 2.0488892E-001, 2.0029410E-001, 1.9991429E-001, 1.9559804E-001, 1.2480819E-192, 1.2195409E-181, 1.3237905E-160, 2.1280871E-139, 1.5338589E-129, 6.5839043E-119, 4.5485706E-109, 3.5152421E-099, 6.0640334E-068, 8.7498184E-050, 5.5833943E-032, 5.6215141E-027, 7.2795921E-013, 9.3756603E-005, 3.7480269E-004, 5.1729684E-004, 8.3033770E-004, 1.0643078E-003, 1.1005034E-003, 1.3029118E-003, 5.6152837E-003, 5.6098400E-003, 5.4807975E-003, 5.3808281E-003, 5.3301836E-003, 5.2819557E-003, 5.2525079E-003, 5.2253280E-003, 5.2143069E-003, 5.2433682E-003, 5.2525055E-003, 5.2579295E-003, 5.2251825E-003, 5.1937272E-003, 5.1446191E-003, 5.1276719E-003, 5.0963586E-003, 5.1112111E-003, 5.1113445E-003, 5.0935273E-003, 4.3291056E+000, 9.1637086E-003, 1.6868258E-003
 7.0114078E+000, 2.5519277E+000, 2.5330737E+000, 2.4815673E+000, 2.4767604E+000, 2.4637045E+000, 2.4478669E+000, 2.4374835E+000, 2.4268742E+000, 2.3679299E+000, 2.4497447E+000, 2.5584923E+000, 2.5878939E+000, 2.6346331E+000, 2.5127058E+000, 2.4421155E+000, 2.4437039E+000, 2.4563297E+000, 2.4170179E+000, 2.4123590E+000, 2.4094547E+000, 2.8069317E-001, 2.9088718E-001, 2.9141151E-001, 2.9035370E-001, 2.8872244E-001, 2.8644617E-001, 2.8591905E-001, 2.8418491E-001, 2.8139620E-001, 2.8649201E-001, 2.9580100E-001, 2.9942609E-001, 3.0492363E-001, 3.0030414E-001, 3.0073150E-001, 3.0264409E-001, 3.0507077E-001, 3.0847585E-001, 3.0904962E-001, 3.1475579E-001, 2.8188100E+000, 2.8213784E+000, 2.7356427E+000, 2.6997952E+000, 2.6688151E+000, 2.5952659E+000, 2.6290806E+000, 2.6403734E+000, 2.6533155E+000, 2.5897847E+000, 2.7295645E+000, 2.7699545E+000, 2.8999458E+000, 2.8105056E+000, 2.7207526E+000, 2.7132441E+000, 2.7636940E+000, 2.8556254E+000, 2.7940340E+000, 2.7296133E+000, 3.3145084E-002, 3.3416593E-002, 3.5424969E-002, 3.8179357E-002, 3.9228837E-002, 4.0167959E-002, 4.0967088E-002, 4.1803841E-002, 4.3464271E-002, 4.5940118E-002, 4.8510235E-002, 4.9406409E-002, 5.1672900E-002, 5.1854184E-002, 5.3105026E-002, 5.3594328E-002, 5.4795407E-002, 5.5790475E-002, 5.6214741E-002, 5.7569845E-002, 3.0874399E-001, 2.9897215E-001, 2.8308210E-001, 2.7217771E-001, 2.6691734E-001, 2.6200318E-001, 2.5760047E-001, 2.5345434E-001, 2.4031776E-001, 2.4065051E-001, 2.4295859E-001, 2.4247619E-001, 2.3955022E-001, 2.2669969E-001, 2.1634056E-001, 2.1481527E-001, 2.1287571E-001, 2.0651983E-001, 2.0504519E-001, 2.0152521E-001, 1.4113074E-178, 4.6883194E-169, 2.2369360E-149, 1.6785239E-130, 9.5693036E-122, 5.3258666E-113, 4.5519742E-104, 6.1754578E-095, 1.4295795E-065, 3.8307035E-047, 2.9765030E-032, 2.1809739E-027, 1.1875743E-010, 1.5755982E-006, 3.5559219E-004, 4.3969393E-004, 5.6862066E-004, 9.0513175E-004, 9.9618426E-004, 1.2312603E-003, 6.6374954E-003, 6.6234424E-003, 6.4753026E-003, 6.3723071E-003, 6.3128341E-003, 6.2517423E-003, 6.2129537E-003, 6.1735741E-003, 6.1497841E-003, 6.2207243E-003, 6.2639227E-003, 6.2818918E-003, 6.2484841E-003, 6.1706273E-003, 6.1092281E-003, 6.0892984E-003, 6.0426657E-003, 6.0421734E-003, 6.0484954E-003, 6.0263598E-003, 4.3041612E+000, 1.0852811E-002, 1.6750659E-003
 8.0015771E+000, 2.6161323E+000, 2.5965486E+000, 2.4960644E+000, 2.3880204E+000, 2.3505632E+000, 2.3187803E+000, 2.3038708E+000, 2.2962199E+000, 2.2925489E+000, 2.2942599E+000, 2.3394519E+000, 2.3757374E+000, 2.4577986E+000, 2.4342757E+000, 2.3876808E+000, 2.3608126E+000, 2.3631606E+000, 2.5195378E+000, 2.5323921E+000, 2.3857153E+000, 2.8161476E-001, 2.9195743E-001, 2.9249396E-001, 2.8916972E-001, 2.8681623E-001, 2.8417524E-001, 2.8303396E-001, 2.8129955E-001, 2.7945886E-001, 2.7791891E-001, 2.8328497E-001, 2.8744315E-001, 2.9484771E-001, 2.9596955E-001, 2.9671056E-001, 2.9756440E-001, 2.9969865E-001, 3.1046884E-001, 3.1152606E-001, 3.1200111E-001, 2.8721087E+000, 2.7761312E+000, 2.8753966E+000, 2.6864098E+000, 2.7078717E+000, 2.5787788E+000, 2.5465302E+000, 2.5211417E+000, 2.5694501E+000, 2.5412256E+000, 2.5369551E+000, 2.6033965E+000, 2.6437521E+000, 2.6384268E+000, 2.6174346E+000, 2.6060438E+000, 2.5949662E+000, 2.7460565E+000, 2.8087284E+000, 2.6969415E+000, 3.5582567E-002, 3.5313154E-002, 3.5307544E-002, 3.5647202E-002, 3.6181877E-002, 3.6956524E-002, 3.7988062E-002, 3.9130787E-002, 4.2370410E-002, 4.4082958E-002, 4.5904517E-002, 4.6963297E-002, 4.9684383E-002, 5.0797186E-002, 5.1854031E-002, 5.2099239E-002, 5.3295626E-002, 5.5839649E-002, 5.6316550E-002, 5.6649224E-002, 3.0904960E-001, 2.9999123E-001, 2.8478982E-001, 2.6951226E-001, 2.6320390E-001, 2.5730836E-001, 2.5206803E-001, 2.4766395E-001, 2.3584662E-001, 2.3047054E-001, 2.2887889E-001, 2.2887356E-001, 2.2830852E-001, 2.2244049E-001, 2.1495590E-001, 2.1184578E-001, 2.0876918E-001, 2.1514096E-001, 2.1508838E-001, 2.0188573E-001, 1.0668259E-172, 1.4783663E-162, 1.3845649E-146, 1.0355257E-127, 3.0261202E-119, 4.3143977E-110, 1.3330454E-101, 9.8802011E-093, 1.5371727E-065, 3.4577418E-048, 4.0510456E-028, 3.0602077E-017, 8.7455043E-007, 1.0285669E-004, 3.9663700E-004, 5.3474809E-004, 7.0406063E-004, 5.5629273E-004, 5.9070266E-004, 1.2345263E-003, 7.6507574E-003, 7.6190429E-003, 7.4319695E-003, 7.3074010E-003, 7.2416138E-003, 7.1739125E-003, 7.1309805E-003, 7.0883004E-003, 7.0571508E-003, 7.1363816E-003, 7.2148820E-003, 7.2465938E-003, 7.2434138E-003, 7.1394129E-003, 7.0500126E-003, 7.0237397E-003, 6.9865047E-003, 7.0104480E-003, 7.0107975E-003, 6.9621196E-003, 4.2861946E+000, 1.2521766E-002, 1.6712332E-003
 9.0039708E+000, 2.8511431E+000, 2.7780609E+000, 2.5742731E+000, 2.4243252E+000, 2.4252629E+000, 2.3809601E+000, 2.3416416E+000, 2.2994441E+000, 2.2677829E+000, 2.2582790E+000, 2.2574480E+000, 2.2602969E+000, 2.2459100E+000, 2.2603497E+000, 2.2536815E+000, 2.2528068E+000, 2.2522859E+000, 2.3420737E+000, 2.4152004E+000, 2.4249809E+000, 2.8564287E-001, 2.9723623E-001, 2.9461273E-001, 2.9121635E-001, 2.9011988E-001, 2.8702355E-001, 2.8502410E-001, 2.8180048E-001, 2.7911528E-001, 2.7617406E-001, 2.7871596E-001, 2.8188887E-001, 2.8569346E-001, 2.8994707E-001, 2.9263003E-001, 2.9416408E-001, 2.9562103E-001, 3.0412803E-001, 3.0762291E-001, 3.1234163E-001, 3.3232142E+000, 3.4268818E+000, 3.6694815E+000, 2.6362529E+000, 2.6850606E+000, 2.7815401E+000, 2.6581511E+000, 2.6462161E+000, 2.5951241E+000, 2.5263819E+000, 2.4966955E+000, 2.4934697E+000, 2.4432168E+000, 2.4627561E+000, 2.4599738E+000, 2.4794573E+000, 2.5017544E+000, 2.5152373E+000, 2.5625169E+000, 2.7697710E+000, 4.2868851E-002, 4.0527730E-002, 3.7529826E-002, 3.5867056E-002, 3.6971685E-002, 3.7326317E-002, 3.7954427E-002, 3.8728723E-002, 4.1438259E-002, 4.3161162E-002, 4.4981515E-002, 4.5916274E-002, 4.7831325E-002, 4.9660478E-002, 5.1152879E-002, 5.1524732E-002, 5.2496198E-002, 5.4667660E-002, 5.5667001E-002, 5.6518259E-002, 3.0971585E-001, 3.0141776E-001, 2.8576332E-001, 2.7295856E-001, 2.6950496E-001, 2.6331723E-001, 2.5642556E-001, 2.4923444E-001, 2.3608740E-001, 2.2955306E-001, 2.2335117E-001, 2.2057565E-001, 2.1320738E-001, 2.0929593E-001, 2.0469505E-001, 2.0344318E-001, 2.0097976E-001, 2.0284798E-001, 2.0675939E-001, 2.0527810E-001, 2.4207509E-169, 3.3271691E-160, 2.4788330E-143, 3.7604980E-126, 1.5342468E-112, 7.9897869E-096, 1.2137309E-081, 2.2322224E-068, 5.3910386E-032, 1.5660563E-009, 1.7104510E-005, 9.0837458E-005, 3.5049554E-004, 5.3847172E-004, 7.7762230E-004, 8.5114648E-004, 9.9688151E-004, 1.0071666E-003, 8.8939555E-004, 1.0707996E-003, 8.7002351E-003, 8.6435134E-003, 8.4097814E-003, 8.2451659E-003, 8.1635851E-003, 8.0807033E-003, 8.0285205E-003, 7.9787758E-003, 7.9403290E-003, 8.0206001E-003, 8.1057030E-003, 8.1435026E-003, 8.1548465E-003, 8.0509891E-003, 7.9542451E-003, 7.9229996E-003, 7.8834828E-003, 7.9597491E-003, 7.9818729E-003, 7.8934724E-003, 4.3021667E+000, 1.4189447E-002, 1.6831902E-003
 1.0006364E+001, 2.8143827E+000, 2.8694497E+000, 2.9118252E+000, 2.9334608E+000, 2.8100822E+000, 2.7116650E+000, 2.6228330E+000, 2.5145263E+000, 2.3028823E+000, 2.2911474E+000, 2.2613654E+000, 2.2295270E+000, 2.1914562E+000, 2.1709866E+000, 2.1638744E+000, 2.1701494E+000, 2.1532462E+000, 2.1753670E+000, 2.1988479E+000, 2.3683530E+000, 2.8279973E-001, 2.9675863E-001, 3.0563229E-001, 3.1049431E-001, 3.0707945E-001, 3.0140326E-001, 2.9705278E-001, 2.9097640E-001, 2.8116556E-001, 2.7715940E-001, 2.7902796E-001, 2.7987215E-001, 2.8347459E-001, 2.8746447E-001, 2.9055563E-001, 2.9258993E-001, 2.9343776E-001, 2.9884931E-001, 3.0043957E-001, 3.1261881E-001, 3.0251448E+000, 3.1474068E+000, 2.8628172E+000, 3.0701519E+000, 3.3395640E+000, 3.3905874E+000, 3.6280730E+000, 3.3345357E+000, 2.6811839E+000, 2.6396179E+000, 2.6801359E+000, 2.6597954E+000, 2.4896807E+000, 2.5143679E+000, 2.4308246E+000, 2.4708835E+000, 2.4351084E+000, 2.4152137E+000, 2.4433137E+000, 2.5444425E+000, 4.2310743E-002, 4.3719651E-002, 4.6370697E-002, 4.8185553E-002, 4.6195484E-002, 4.4639215E-002, 4.3285224E-002, 4.1913662E-002, 4.1105119E-002, 4.3509861E-002, 4.5015761E-002, 4.5356493E-002, 4.7316924E-002, 4.9296272E-002, 5.0998249E-002, 5.1546722E-002, 5.2404851E-002, 5.3892416E-002, 5.4514060E-002, 5.7186922E-002, 3.0968715E-001, 3.0222110E-001, 2.9177064E-001, 2.8465628E-001, 2.7760803E-001, 2.7315057E-001, 2.6827887E-001, 2.6179112E-001, 2.4093718E-001, 2.3197922E-001, 2.2386599E-001, 2.1912812E-001, 2.0959310E-001, 2.0207605E-001, 1.9682792E-001, 1.9571435E-001, 1.9242394E-001, 1.9030008E-001, 1.9091216E-001, 1.9883734E-001, 1.7925832E-152, 6.8920997E-141, 1.5242698E-119, 1.0038606E-097, 1.2133301E-087, 4.2715485E-077, 2.0402061E-067, 4.2553712E-058, 1.4211268E-029, 5.5499728E-008, 1.0635668E-004, 2.0025487E-004, 5.3363618E-004, 8.3399083E-004, 1.0803210E-003, 1.1410850E-003, 1.3122251E-003, 1.4713756E-003, 1.4835410E-003, 1.3095442E-003, 9.8354528E-003, 9.7786352E-003, 9.5177670E-003, 9.2770065E-003, 9.1592585E-003, 9.0529720E-003, 8.9794041E-003, 8.9077090E-003, 8.8322129E-003, 8.9050707E-003, 8.9817774E-003, 9.0176226E-003, 9.0189768E-003, 8.9117498E-003, 8.8151386E-003, 8.7842265E-003, 8.7452191E-003, 8.8390813E-003, 8.8803968E-003, 8.8420367E-003, 4.3315830E+000, 1.5877173E-002, 1.6943250E-003
 1.1008758E+001, 2.8869673E+000, 2.8591464E+000, 2.8159113E+000, 2.7003924E+000, 2.7578841E+000, 2.8212589E+000, 2.8457202E+000, 2.8175495E+000, 2.6247253E+000, 2.3928774E+000, 2.3414405E+000, 2.3625669E+000, 2.3039616E+000, 2.2319763E+000, 2.1903256E+000, 2.2015987E+000, 2.1896403E+000, 2.1367673E+000, 2.1314894E+000, 2.1835117E+000, 2.8582129E-001, 2.9700888E-001, 2.9954598E-001, 2.9548479E-001, 2.9739430E-001, 3.0144304E-001, 3.0454151E-001, 3.0348744E-001, 2.9709393E-001, 2.8464894E-001, 2.8250724E-001, 2.8508801E-001, 2.8789101E-001, 2.9031748E-001, 2.9220322E-001, 2.9427904E-001, 2.9523321E-001, 2.9786989E-001, 2.9860239E-001, 3.0725385E-001, 3.2142190E+000, 3.2232852E+000, 3.3085270E+000, 2.8800842E+000, 3.0059352E+000, 2.9881488E+000, 3.2206924E+000, 2.9368900E+000, 2.9321300E+000, 2.9799480E+000, 2.5469062E+000, 2.7369632E+000, 2.5242012E+000, 2.7117538E+000, 2.4566599E+000, 2.4925339E+000, 2.5703707E+000, 2.4183556E+000, 2.4609905E+000, 2.4395048E+000, 4.4207182E-002, 4.3367387E-002, 4.4268576E-002, 4.3232470E-002, 4.5120701E-002, 4.7113464E-002, 4.8166320E-002, 4.8347166E-002, 4.6850100E-002, 4.3943338E-002, 4.5042328E-002, 4.5941574E-002, 4.8223507E-002, 5.0100803E-002, 5.1539773E-002, 5.2028497E-002, 5.2844480E-002, 5.3804774E-002, 5.4339826E-002, 5.6635865E-002, 3.0985925E-001, 3.0257626E-001, 2.9018456E-001, 2.7971165E-001, 2.7850616E-001, 2.7750643E-001, 2.7545699E-001, 2.7180570E-001, 2.5537960E-001, 2.4111300E-001, 2.3190021E-001, 2.3066729E-001, 2.1789696E-001, 2.0563897E-001, 1.9791820E-001, 1.9744454E-001, 1.9449503E-001, 1.8712417E-001, 1.8558108E-001, 1.8459766E-001, 2.8212794E-145, 8.2675985E-136, 1.9417094E-116, 6.5457422E-097, 2.6092637E-087, 1.7968257E-077, 7.9134853E-068, 2.5111818E-059, 5.3399226E-034, 1.1981668E-019, 4.0497445E-009, 3.6433880E-008, 2.8675989E-004, 7.3147838E-004, 1.0766123E-003, 1.1122515E-003, 1.2684711E-003, 1.6073447E-003, 1.6911978E-003, 1.8353260E-003, 1.0950939E-002, 1.0888166E-002, 1.0602229E-002, 1.0386904E-002, 1.0277846E-002, 1.0166295E-002, 1.0076802E-002, 9.9751983E-003, 9.7838839E-003, 9.8150168E-003, 9.8914401E-003, 9.9240842E-003, 9.8928816E-003, 9.7710029E-003, 9.6671689E-003, 9.6388022E-003, 9.5926707E-003, 9.6802224E-003, 9.7243689E-003, 9.7304194E-003, 4.3446510E+000, 1.7574251E-002, 1.6932772E-003
 1.2011152E+001, 2.7642194E+000, 2.8487724E+000, 2.8502295E+000, 2.9294757E+000, 2.8718905E+000, 2.7888648E+000, 2.7747337E+000, 2.7586766E+000, 2.6377963E+000, 2.5783305E+000, 2.4796870E+000, 2.4487245E+000, 2.3550398E+000, 2.2730966E+000, 2.2502192E+000, 2.2577829E+000, 2.2966213E+000, 2.2499278E+000, 2.2042926E+000, 2.1316578E+000, 2.8219728E-001, 2.9518158E-001, 2.9998209E-001, 3.0690646E-001, 3.0494432E-001, 2.9985371E-001, 3.0075771E-001, 3.0064291E-001, 2.9705200E-001, 2.9479822E-001, 2.9099939E-001, 2.9084815E-001, 2.8883430E-001, 2.8999956E-001, 2.9374563E-001, 2.9665522E-001, 3.0041391E-001, 3.0327810E-001, 3.0198758E-001, 3.0483401E-001, 3.0278172E+000, 3.0327666E+000, 2.8529251E+000, 3.1727772E+000, 3.2200283E+000, 3.3807537E+000, 3.1099259E+000, 3.2406823E+000, 2.8079194E+000, 2.9698047E+000, 2.7303555E+000, 2.6969706E+000, 2.7964052E+000, 2.6268576E+000, 2.5352355E+000, 2.4794201E+000, 2.5455481E+000, 2.7481981E+000, 2.6966378E+000, 2.5389282E+000, 4.0779211E-002, 4.2966929E-002, 4.4820898E-002, 4.8226438E-002, 4.7657812E-002, 4.6783798E-002, 4.7303138E-002, 4.7867307E-002, 4.7254215E-002, 4.7525866E-002, 4.7028316E-002, 4.7210148E-002, 4.8044267E-002, 4.9522694E-002, 5.1645432E-002, 5.2568774E-002, 5.4203251E-002, 5.5234297E-002, 5.5228464E-002, 5.6137948E-002, 3.0962315E-001, 3.0272073E-001, 2.9192738E-001, 2.8533257E-001, 2.8086947E-001, 2.7527689E-001, 2.7125607E-001, 2.6737480E-001, 2.5574647E-001, 2.4866607E-001, 2.3975464E-001, 2.3556028E-001, 2.2327163E-001, 2.1106122E-001, 2.0313119E-001, 2.0107411E-001, 2.0056395E-001, 1.9347404E-001, 1.8975786E-001, 1.8133427E-001, 5.6241729E-146, 7.7181524E-137, 3.7168929E-119, 9.2883642E-102, 6.5516285E-093, 1.7723152E-084, 4.1556504E-076, 1.2600524E-067, 1.2277764E-043, 1.3747706E-030, 1.6550321E-021, 6.9629330E-015, 8.5220234E-005, 4.8125080E-004, 8.6714497E-004, 9.8227076E-004, 1.0598907E-003, 1.4056407E-003, 1.5721871E-003, 1.9842007E-003, 1.2070570E-002, 1.2017675E-002, 1.1726476E-002, 1.1481162E-002, 1.1358877E-002, 1.1243809E-002, 1.1155370E-002, 1.1048844E-002, 1.0822884E-002, 1.0797150E-002, 1.0829963E-002, 1.0854501E-002, 1.0801279E-002, 1.0658678E-002, 1.0543837E-002, 1.0518360E-002, 1.0471274E-002, 1.0533989E-002, 1.0571039E-002, 1.0569594E-002, 4.3416175E+000, 1.9272240E-002, 1.6914152E-003
 1.3001321E+001, 2.8276211E+000, 2.8683847E+000, 2.8258582E+000, 2.7179709E+000, 2.6484646E+000, 2.6619148E+000, 2.6588950E+000, 2.7003333E+000, 2.7480389E+000, 2.6359549E+000, 2.5389891E+000, 2.4651793E+000, 2.4245312E+000, 2.3848275E+000, 2.3083139E+000, 2.2709829E+000, 2.2305061E+000, 2.2518492E+000, 2.2697086E+000, 2.2566800E+000, 2.8300309E-001, 2.9517930E-001, 3.0041963E-001, 2.9939323E-001, 2.9520478E-001, 2.9614511E-001, 2.9580160E-001, 2.9722611E-001, 3.0385802E-001, 2.9909009E-001, 2.9579651E-001, 2.9346270E-001, 2.9324814E-001, 2.9398321E-001, 2.9520487E-001, 2.9554036E-001, 2.9642645E-001, 3.0284549E-001, 3.0459106E-001, 3.1066683E-001, 3.0140998E+000, 3.0347201E+000, 3.5228539E+000, 3.3508235E+000, 3.0305431E+000, 3.1468645E+000, 2.8019235E+000, 2.7107149E+000, 2.9218532E+000, 2.9205651E+000, 2.9877135E+000, 2.8371752E+000, 2.7744852E+000, 2.6536760E+000, 2.6813770E+000, 2.6924591E+000, 2.5604130E+000, 2.5237614E+000, 2.5327533E+000, 2.5931965E+000, 4.2625049E-002, 4.3645860E-002, 4.3960182E-002, 4.3507689E-002, 4.2926472E-002, 4.3996668E-002, 4.4581948E-002, 4.5975455E-002, 4.8844255E-002, 4.8706785E-002, 4.8480900E-002, 4.8140305E-002, 4.9072064E-002, 5.0246334E-002, 5.1747424E-002, 5.1896196E-002, 5.2977986E-002, 5.4925851E-002, 5.5701367E-002, 5.7517723E-002, 3.0979502E-001, 3.0265249E-001, 2.9214883E-001, 2.7963284E-001, 2.7410636E-001, 2.7118810E-001, 2.6840893E-001, 2.6780629E-001, 2.6143822E-001, 2.5038859E-001, 2.4086584E-001, 2.3416998E-001, 2.2695753E-001, 2.1942061E-001, 2.0803005E-001, 2.0413030E-001, 1.9772386E-001, 1.9434027E-001, 1.9405489E-001, 1.8876126E-001, 2.4037071E-150, 1.3840506E-141, 8.6797322E-126, 3.9607021E-110, 4.9287261E-102, 4.4774391E-094, 4.0470894E-086, 3.9528175E-078, 7.2540839E-055, 1.9545183E-042, 2.3257989E-032, 1.4645724E-026, 6.3295218E-007, 1.2134237E-004, 6.1000059E-004, 7.8115267E-004, 1.0852092E-003, 1.3260995E-003, 1.3811155E-003, 1.7223622E-003, 1.3166613E-002, 1.3114295E-002, 1.2811469E-002, 1.2564910E-002, 1.2442106E-002, 1.2325201E-002, 1.2234809E-002, 1.2125655E-002, 1.1861271E-002, 1.1800739E-002, 1.1800213E-002, 1.1813124E-002, 1.1740084E-002, 1.1562967E-002, 1.1421589E-002, 1.1393674E-002, 1.1352793E-002, 1.1423739E-002, 1.1456002E-002, 1.1424545E-002, 4.3265324E+000, 2.0956686E-002, 1.6838486E-003
 1.4003715E+001, 2.8336030E+000, 2.8064711E+000, 2.9307729E+000, 2.9507531E+000, 2.9553891E+000, 2.8508302E+000, 2.7053947E+000, 2.6123057E+000, 2.5245986E+000, 2.5439367E+000, 2.5050215E+000, 2.5326261E+000, 2.4153456E+000, 2.3580871E+000, 2.3077017E+000, 2.2959734E+000, 2.2505710E+000, 2.2477915E+000, 2.2383287E+000, 2.2374004E+000, 2.8390145E-001, 2.9402243E-001, 3.0171925E-001, 3.0858734E-001, 3.1043181E-001, 3.0445070E-001, 2.9704814E-001, 2.9235950E-001, 2.8930320E-001, 2.9144063E-001, 2.9250443E-001, 2.9605817E-001, 2.9294174E-001, 2.9403030E-001, 2.9435305E-001, 2.9574814E-001, 2.9557539E-001, 3.0170444E-001, 3.0227463E-001, 3.0939425E-001, 3.6809135E+000, 2.9692166E+000, 3.1799483E+000, 3.1818174E+000, 3.1530721E+000, 3.8556790E+000, 3.2960425E+000, 2.7930075E+000, 2.8154385E+000, 2.9023542E+000, 2.6997898E+000, 2.5948758E+000, 2.6122467E+000, 2.7339131E+000, 2.5966787E+000, 2.6024555E+000, 2.5189797E+000, 2.4883714E+000, 2.5202279E+000, 2.6232450E+000, 4.2716175E-002, 4.1859232E-002, 4.6601757E-002, 4.8340779E-002, 4.9336190E-002, 4.8057499E-002, 4.5569343E-002, 4.4151957E-002, 4.4789513E-002, 4.6393884E-002, 4.7352272E-002, 4.8288404E-002, 4.9043258E-002, 5.0492573E-002, 5.1293278E-002, 5.1724910E-002, 5.2352419E-002, 5.4430659E-002, 5.4915682E-002, 5.7081311E-002, 3.0975623E-001, 3.0251496E-001, 2.9407551E-001, 2.8685345E-001, 2.8286564E-001, 2.7675417E-001, 2.7029465E-001, 2.6538832E-001, 2.5252099E-001, 2.4889184E-001, 2.4122952E-001, 2.4050612E-001, 2.2611265E-001, 2.1606537E-001, 2.0927046E-001, 2.0665681E-001, 2.0106549E-001, 1.9508730E-001, 1.9332975E-001, 1.8797387E-001, 1.4823232E-156, 5.8202424E-149, 9.6646683E-134, 1.6511639E-118, 7.3994550E-111, 2.5124339E-103, 1.7983432E-095, 7.3764778E-088, 1.9464094E-066, 9.4113207E-049, 8.9162667E-028, 1.6277433E-017, 8.8337666E-006, 2.0606764E-004, 5.1928971E-004, 6.3863219E-004, 9.1264515E-004, 1.2320306E-003, 1.3352751E-003, 1.6756207E-003, 1.4269564E-002, 1.4228474E-002, 1.3944305E-002, 1.3670927E-002, 1.3516121E-002, 1.3363562E-002, 1.3250532E-002, 1.3134466E-002, 1.2884882E-002, 1.2815863E-002, 1.2794165E-002, 1.2793219E-002, 1.2680004E-002, 1.2490051E-002, 1.2324678E-002, 1.2288577E-002, 1.2232985E-002, 1.2296184E-002, 1.2326465E-002, 1.2303055E-002, 4.3124236E+000, 2.2634378E-002, 1.6842809E-003
 1.5006109E+001, 2.9095316E+000, 2.8874222E+000, 2.8420447E+000, 2.8049083E+000, 2.7442265E+000, 2.7844968E+000, 2.8691627E+000, 2.8562331E+000, 2.7112555E+000, 2.5336186E+000, 2.4363431E+000, 2.4025540E+000, 2.4019357E+000, 2.3440682E+000, 2.2940923E+000, 2.3095263E+000, 2.2868841E+000, 2.2021792E+000, 2.1784187E+000, 2.2145309E+000, 2.8721604E-001, 2.9880701E-001, 3.0153908E-001, 3.0063801E-001, 2.9705412E-001, 2.9946695E-001, 3.0587157E-001, 3.0631529E-001, 3.0277292E-001, 2.9163899E-001, 2.8744507E-001, 2.8801350E-001, 2.9164654E-001, 2.9183137E-001, 2.9496789E-001, 2.9771589E-001, 2.9861208E-001, 2.9942634E-001, 2.9913158E-001, 3.0788211E-001, 3.3563721E+000, 3.4616783E+000, 2.8686172E+000, 3.0307837E+000, 3.2243300E+000, 2.7873903E+000, 2.8724231E+000, 3.0490800E+000, 2.9656958E+000, 3.2974633E+000, 2.7031692E+000, 2.7538576E+000, 2.6394622E+000, 2.6450231E+000, 2.4785733E+000, 2.5069743E+000, 2.6440458E+000, 2.6461106E+000, 2.5896588E+000, 2.4921279E+000, 4.4726841E-002, 4.3936621E-002, 4.4370252E-002, 4.4985192E-002, 4.4457985E-002, 4.6177706E-002, 4.8691432E-002, 4.9203637E-002, 4.8155561E-002, 4.6382838E-002, 4.5821571E-002, 4.6346717E-002, 4.8637273E-002, 4.9644680E-002, 5.1679740E-002, 5.2445159E-002, 5.3345254E-002, 5.3802732E-002, 5.4039751E-002, 5.6562432E-002, 3.0986174E-001, 3.0256009E-001, 2.9197209E-001, 2.8420978E-001, 2.7949220E-001, 2.7685826E-001, 2.7550252E-001, 2.7214158E-001, 2.5947006E-001, 2.4749738E-001, 2.3921341E-001, 2.3362774E-001, 2.2606376E-001, 2.1708712E-001, 2.0689897E-001, 2.0594628E-001, 2.0176912E-001, 1.9264043E-001, 1.9020242E-001, 1.8717457E-001, 1.2136575E-164, 3.6772229E-157, 9.1159443E-143, 2.2381288E-128, 5.9187424E-121, 6.6932078E-113, 3.6812620E-102, 2.1234872E-092, 1.2141352E-063, 1.7664188E-045, 9.9176989E-027, 3.9153586E-023, 3.4308604E-006, 2.0127420E-004, 6.0974408E-004, 6.7525055E-004, 8.8541671E-004, 1.2923964E-003, 1.4099971E-003, 1.6457689E-003, 1.5397163E-002, 1.5350011E-002, 1.5064165E-002, 1.4795924E-002, 1.4643552E-002, 1.4491791E-002, 1.4365075E-002, 1.4219574E-002, 1.3893210E-002, 1.3789245E-002, 1.3753407E-002, 1.3749490E-002, 1.3620336E-002, 1.3408985E-002, 1.3228783E-002, 1.3187926E-002, 1.3114227E-002, 1.3160440E-002, 1.3189099E-002, 1.3177641E-002, 4.3268530E+000, 2.4322667E-002, 1.6882386E-003
 1.6008502E+001, 2.7918113E+000, 2.8998300E+000, 2.8260254E+000, 2.7545938E+000, 2.7483762E+000, 2.6636137E+000, 2.6055879E+000, 2.5938007E+000, 2.4928057E+000, 2.5271811E+000, 2.5318682E+000, 2.5107862E+000, 2.3730736E+000, 2.3478693E+000, 2.3056657E+000, 2.2712670E+000, 2.2559220E+000, 2.2736986E+000, 2.2757394E+000, 2.2047453E+000, 2.8236923E-001, 2.9837724E-001, 3.0227261E-001, 3.0040350E-001, 3.0013360E-001, 2.9504447E-001, 2.9271806E-001, 2.9225641E-001, 2.8851530E-001, 2.9179020E-001, 2.9484006E-001, 2.9489812E-001, 2.8967488E-001, 2.9336833E-001, 2.9499876E-001, 2.9523177E-001, 2.9666603E-001, 3.0324353E-001, 3.0432961E-001, 3.0771108E-001, 3.1235659E+000, 3.1438086E+000, 3.1267944E+000, 2.9186517E+000, 3.0953715E+000, 3.5105887E+000, 2.8855808E+000, 2.7076180E+000, 2.7794963E+000, 2.8823144E+000, 2.6561496E+000, 2.6908894E+000, 2.7553597E+000, 2.6251132E+000, 2.6641212E+000, 2.5763279E+000, 2.5510020E+000, 2.5425494E+000, 2.5817120E+000, 2.5308880E+000, 4.1563502E-002, 4.4301287E-002, 4.4107698E-002, 4.4386018E-002, 4.5069518E-002, 4.3840555E-002, 4.2966767E-002, 4.3341366E-002, 4.4268466E-002, 4.6861013E-002, 4.8205056E-002, 4.8177357E-002, 4.8097205E-002, 5.0284152E-002, 5.1617107E-002, 5.1708266E-002, 5.2767671E-002, 5.4800223E-002, 5.5417337E-002, 5.6563606E-002, 3.0968068E-001, 3.0308799E-001, 2.9105712E-001, 2.8063481E-001, 2.7709195E-001, 2.7266670E-001, 2.6897827E-001, 2.6609770E-001, 2.5097205E-001, 2.4548047E-001, 2.4092102E-001, 2.3857402E-001, 2.2476192E-001, 2.1576232E-001, 2.0816226E-001, 2.0451429E-001, 2.0050362E-001, 1.9640265E-001, 1.9521966E-001, 1.8637473E-001, 4.1439973E-173, 3.3394618E-165, 9.9525540E-147, 5.2699393E-128, 4.8614205E-119, 4.6406458E-110, 1.0681911E-100, 5.0482223E-091, 6.9385265E-064, 6.0577445E-048, 9.0842476E-032, 1.2010225E-026, 8.1374906E-006, 2.0604957E-004, 5.7456947E-004, 7.3350675E-004, 9.3414421E-004, 1.1689955E-003, 1.2414947E-003, 1.6920418E-003, 1.6522732E-002, 1.6483429E-002, 1.6167617E-002, 1.5874068E-002, 1.5704496E-002, 1.5536757E-002, 1.5409810E-002, 1.5267421E-002, 1.4930206E-002, 1.4804171E-002, 1.4726079E-002, 1.4703686E-002, 1.4548522E-002, 1.4327199E-002, 1.4124320E-002, 1.4080632E-002, 1.4007829E-002, 1.4045631E-002, 1.4065250E-002, 1.4043954E-002, 4.3239396E+000, 2.6014411E-002, 1.6826345E-003
 1.7010896E+001, 2.7714452E+000, 2.7294781E+000, 2.7615786E+000, 2.7337722E+000, 2.7405977E+000, 2.7678785E+000, 2.7502755E+000, 2.7153390E+000, 2.6028112E+000, 2.4646904E+000, 2.4632732E+000, 2.4554962E+000, 2.4386541E+000, 2.3320674E+000, 2.2631390E+000, 2.2597132E+000, 2.2690083E+000, 2.2520568E+000, 2.2466933E+000, 2.2404513E+000, 2.8344927E-001, 2.9332658E-001, 2.9667820E-001, 2.9711991E-001, 2.9674161E-001, 2.9802551E-001, 2.9890151E-001, 2.9671142E-001, 2.9505429E-001, 2.8804538E-001, 2.8980613E-001, 2.9100855E-001, 2.9380119E-001, 2.9165812E-001, 2.9281688E-001, 2.9491869E-001, 2.9802975E-001, 3.0231946E-001, 3.0262025E-001, 3.0860978E-001, 3.1488472E+000, 3.3025867E+000, 2.8969703E+000, 2.9549508E+000, 2.8855118E+000, 3.0647543E+000, 3.1118937E+000, 2.9645129E+000, 2.8020585E+000, 2.8617966E+000, 2.6609078E+000, 2.8710243E+000, 2.6938615E+000, 2.7392384E+000, 2.5584638E+000, 2.5195310E+000, 2.5099651E+000, 2.6081224E+000, 2.5737100E+000, 2.4885412E+000, 4.0504340E-002, 3.9329212E-002, 4.2228040E-002, 4.3382341E-002, 4.4523118E-002, 4.5885769E-002, 4.6643804E-002, 4.6628224E-002, 4.6249230E-002, 4.5242409E-002, 4.6669563E-002, 4.7018687E-002, 4.9104110E-002, 4.9725302E-002, 5.1022578E-002, 5.1653853E-002, 5.3256273E-002, 5.4615539E-002, 5.4950150E-002, 5.6583379E-002, 3.0956898E-001, 3.0178417E-001, 2.9200287E-001, 2.8256318E-001, 2.7885612E-001, 2.7646546E-001, 2.7127164E-001, 2.6746223E-001, 2.5544987E-001, 2.4444717E-001, 2.3936030E-001, 2.3697284E-001, 2.2831328E-001, 2.1581443E-001, 2.0587129E-001, 2.0358646E-001, 2.0038513E-001, 1.9502373E-001, 1.9386610E-001, 1.8940461E-001, 1.4920060E-172, 6.3877433E-164, 2.7718193E-146, 1.0820320E-128, 5.1900568E-120, 1.2081166E-111, 4.4790860E-103, 1.3541644E-094, 2.8965541E-070, 1.2129529E-054, 8.4313198E-041, 1.5295652E-029, 1.0592179E-009, 2.3279300E-004, 6.3675757E-004, 7.3738644E-004, 9.1614892E-004, 1.2192129E-003, 1.2952235E-003, 1.5804203E-003, 1.7602740E-002, 1.7571364E-002, 1.7267370E-002, 1.6950774E-002, 1.6774911E-002, 1.6598350E-002, 1.6456416E-002, 1.6300037E-002, 1.5918730E-002, 1.5770099E-002, 1.5692276E-002, 1.5671299E-002, 1.5494827E-002, 1.5235815E-002, 1.5024155E-002, 1.4977850E-002, 1.4893196E-002, 1.4929613E-002, 1.4950993E-002, 1.4916731E-002, 4.3103251E+000, 2.7701607E-002, 1.6801315E-003
 1.8001065E+001, 2.8709878E+000, 2.9315822E+000, 2.8767118E+000, 2.8215885E+000, 2.7504292E+000, 2.7246438E+000, 2.6990982E+000, 2.6853175E+000, 2.6351696E+000, 2.5874410E+000, 2.4422992E+000, 2.4056245E+000, 2.3810915E+000, 2.3966189E+000, 2.2991538E+000, 2.2899808E+000, 2.2222016E+000, 2.2258880E+000, 2.2392683E+000, 2.2579097E+000, 2.8363748E-001, 2.9746804E-001, 3.0218066E-001, 3.0251393E-001, 2.9888330E-001, 2.9758575E-001, 2.9724278E-001, 2.9665420E-001, 2.9676367E-001, 2.9530032E-001, 2.8958431E-001, 2.8960637E-001, 2.9065930E-001, 2.9456878E-001, 2.9451839E-001, 2.9647493E-001, 2.9526629E-001, 3.0074393E-001, 3.0222499E-001, 3.1027490E-001, 2.8826432E+000, 3.1694718E+000, 3.0162555E+000, 3.2266872E+000, 3.2464287E+000, 3.1405657E+000, 3.1590542E+000, 2.8515137E+000, 2.7847286E+000, 2.8003365E+000, 2.9073068E+000, 2.6516634E+000, 2.6812588E+000, 2.6197425E+000, 2.5296661E+000, 2.5472207E+000, 2.5681184E+000, 2.5303223E+000, 2.5054017E+000, 2.5213445E+000, 4.3876144E-002, 4.5423972E-002, 4.5383222E-002, 4.5385902E-002, 4.4647981E-002, 4.5042411E-002, 4.5175497E-002, 4.5840270E-002, 4.7208466E-002, 4.7676195E-002, 4.7012401E-002, 4.7247666E-002, 4.8403106E-002, 5.0289929E-002, 5.1453197E-002, 5.2094984E-002, 5.2473387E-002, 5.4117544E-002, 5.4783566E-002, 5.7160956E-002, 3.0981844E-001, 3.0306848E-001, 2.9223724E-001, 2.8430378E-001, 2.7910838E-001, 2.7454702E-001, 2.7088216E-001, 2.6665787E-001, 2.5577999E-001, 2.4910538E-001, 2.3597046E-001, 2.3091161E-001, 2.2472836E-001, 2.2034003E-001, 2.0789360E-001, 2.0508556E-001, 1.9825151E-001, 1.9400829E-001, 1.9358264E-001, 1.8943595E-001, 1.4800729E-173, 5.8275254E-165, 2.2356608E-148, 1.8957035E-132, 5.4189462E-124, 4.2029700E-117, 5.1835241E-110, 3.0513444E-102, 3.8437263E-078, 3.1811206E-056, 9.8664677E-036, 2.4474698E-023, 4.5565986E-005, 1.1875396E-004, 5.7789444E-004, 7.1264793E-004, 1.0092215E-003, 1.2456321E-003, 1.2888309E-003, 1.5730734E-003, 1.8732049E-002, 1.8685957E-002, 1.8343680E-002, 1.8015040E-002, 1.7832488E-002, 1.7652069E-002, 1.7507757E-002, 1.7346931E-002, 1.6935297E-002, 1.6745599E-002, 1.6641733E-002, 1.6619531E-002, 1.6439668E-002, 1.6160807E-002, 1.5910497E-002, 1.5856783E-002, 1.5763814E-002, 1.5807977E-002, 1.5832053E-002, 1.5788624E-002, 4.3130594E+000, 2.9376329E-002, 1.6826409E-003
 1.9003459E+001, 2.7633859E+000, 2.7864559E+000, 2.7125742E+000, 2.6987167E+000, 2.7408285E+000, 2.7439686E+000, 2.7306595E+000, 2.6816335E+000, 2.6173288E+000, 2.5226259E+000, 2.4993917E+000, 2.4672929E+000, 2.3618359E+000, 2.2836246E+000, 2.2961719E+000, 2.2851634E+000, 2.2585261E+000, 2.2301101E+000, 2.2200216E+000, 2.1772265E+000, 2.8232200E-001, 2.9407355E-001, 2.9563802E-001, 2.9698966E-001, 2.9931282E-001, 2.9838771E-001, 2.9883171E-001, 2.9632129E-001, 2.9559629E-001, 2.9066371E-001, 2.9234837E-001, 2.9248482E-001, 2.8945558E-001, 2.9095351E-001, 2.9473078E-001, 2.9614583E-001, 2.9678995E-001, 3.0118197E-001, 3.0170090E-001, 3.0647498E-001, 3.0475264E+000, 3.1210312E+000, 2.9169080E+000, 3.1383375E+000, 2.6981802E+000, 2.9536210E+000, 2.8804959E+000, 3.0874823E+000, 2.9422295E+000, 2.9162368E+000, 2.7696787E+000, 2.8099140E+000, 2.5921106E+000, 2.5095200E+000, 2.5910522E+000, 2.5591976E+000, 2.6028756E+000, 2.5166803E+000, 2.6074859E+000, 2.4679487E+000, 4.0733620E-002, 4.1299706E-002, 4.1255937E-002, 4.2903275E-002, 4.4546188E-002, 4.5588594E-002, 4.6185552E-002, 4.6096335E-002, 4.6616638E-002, 4.6459985E-002, 4.7496526E-002, 4.7683713E-002, 4.8201961E-002, 4.9797102E-002, 5.1573160E-002, 5.1948853E-002, 5.2778183E-002, 5.4282038E-002, 5.4775228E-002, 5.6247908E-002, 3.0962350E-001, 3.0209484E-001, 2.9008575E-001, 2.8032486E-001, 2.7833456E-001, 2.7499608E-001, 2.7072071E-001, 2.6557642E-001, 2.5584081E-001, 2.4662530E-001, 2.4022854E-001, 2.3604476E-001, 2.2352110E-001, 2.1110157E-001, 2.0735981E-001, 2.0520644E-001, 2.0075254E-001, 1.9399984E-001, 1.9202262E-001, 1.8488809E-001, 3.5269888E-177, 1.0029460E-168, 4.4543568E-152, 8.5887623E-137, 1.5561655E-129, 1.3842587E-119, 1.5069309E-109, 5.0190447E-100, 1.6326262E-037, 5.9764865E-030, 2.3744766E-035, 5.1751264E-026, 7.0893277E-006, 3.7794847E-004, 6.0362852E-004, 7.1048604E-004, 9.2937669E-004, 1.2598260E-003, 1.3663515E-003, 1.7422597E-003, 1.9815761E-002, 1.9775542E-002, 1.9438524E-002, 1.9106895E-002, 1.8919756E-002, 1.8728141E-002, 1.8572199E-002, 1.8397309E-002, 1.7945730E-002, 1.7737870E-002, 1.7610257E-002, 1.7570486E-002, 1.7355581E-002, 1.7068931E-002, 1.6806054E-002, 1.6747328E-002, 1.6639046E-002, 1.6669369E-002, 1.6692897E-002, 1.6655246E-002, 4.3110845E+000, 3.1052162E-002, 1.6828433E-003
 2.0005853E+001, 2.7395684E+000, 2.7450829E+000, 2.8020546E+000, 2.7741777E+000, 2.7429460E+000, 2.6916849E+000, 2.6588637E+000, 2.5954135E+000, 2.4763234E+000, 2.4753187E+000, 2.4821495E+000, 2.4823009E+000, 2.3627605E+000, 2.2726710E+000, 2.2376329E+000, 2.2515872E+000, 2.2957001E+000, 2.2877231E+000, 2.2575822E+000, 2.1888865E+000, 2.8215889E-001, 2.9352391E-001, 2.9864171E-001, 3.0013770E-001, 2.9911068E-001, 2.9713424E-001, 2.9590394E-001, 2.9215046E-001, 2.8798552E-001, 2.8903078E-001, 2.9150298E-001, 2.9314972E-001, 2.8926032E-001, 2.8958945E-001, 2.9198332E-001, 2.9471670E-001, 2.9907053E-001, 3.0342655E-001, 3.0299547E-001, 3.0712116E-001, 2.9567553E+000, 3.0940885E+000, 3.1537242E+000, 2.8665790E+000, 2.9513411E+000, 2.8344828E+000, 3.4412489E+000, 2.8493100E+000, 2.7277395E+000, 2.7759616E+000, 2.6267429E+000, 2.7322166E+000, 2.7765801E+000, 2.6150288E+000, 2.5709122E+000, 2.5196913E+000, 2.4149875E+000, 2.7276404E+000, 2.6614342E+000, 2.5095456E+000, 4.0045679E-002, 4.0199284E-002, 4.3355083E-002, 4.4463944E-002, 4.4683616E-002, 4.4486049E-002, 4.4226019E-002, 4.3591681E-002, 4.3906059E-002, 4.6105376E-002, 4.7295214E-002, 4.7763799E-002, 4.8150425E-002, 4.9331833E-002, 5.0900939E-002, 5.1647163E-002, 5.3456688E-002, 5.4727242E-002, 5.4943895E-002, 5.6429632E-002, 3.0954847E-001, 3.0199608E-001, 2.9226287E-001, 2.8286878E-001, 2.7792892E-001, 2.7287682E-001, 2.6983976E-001, 2.6546694E-001, 2.5043768E-001, 2.4259374E-001, 2.3909221E-001, 2.3717676E-001, 2.2373542E-001, 2.1142805E-001, 2.0377697E-001, 2.0285540E-001, 2.0221278E-001, 1.9781325E-001, 1.9492852E-001, 1.8543955E-001, 9.2635670E-147, 5.9248990E-136, 3.4633565E-115, 7.6092911E-097, 1.1035756E-086, 3.6963135E-077, 2.4703036E-069, 4.4084214E-060, 2.9727716E-031, 1.9310775E-021, 8.8645860E-019, 3.7220840E-018, 1.5768757E-005, 4.0562619E-004, 7.2164619E-004, 7.7855654E-004, 8.4975175E-004, 1.1185997E-003, 1.2647778E-003, 1.7401448E-003, 2.0903263E-002, 2.0865277E-002, 2.0519010E-002, 2.0170847E-002, 1.9969253E-002, 1.9766796E-002, 1.9601215E-002, 1.9417738E-002, 1.8946763E-002, 1.8725486E-002, 1.8583240E-002, 1.8533558E-002, 1.8278537E-002, 1.7960244E-002, 1.7696046E-002, 1.7643436E-002, 1.7537666E-002, 1.7548701E-002, 1.7566959E-002, 1.7509822E-002, 4.3158322E+000, 3.2738768E-002, 1.6825673E-003
 2.1008246E+001, 2.8126342E+000, 2.7899843E+000, 2.7575223E+000, 2.7212829E+000, 2.6726785E+000, 2.6193361E+000, 2.5928878E+000, 2.6073649E+000, 2.5764194E+000, 2.4972242E+000, 2.3879191E+000, 2.3682943E+000, 2.3924309E+000, 2.3490280E+000, 2.2689825E+000, 2.2574429E+000, 2.2339897E+000, 2.2183293E+000, 2.2325020E+000, 2.2259768E+000, 2.8257793E-001, 2.9374531E-001, 2.9673056E-001, 2.9658665E-001, 2.9471384E-001, 2.9221111E-001, 2.9233121E-001, 2.9348874E-001, 2.9312536E-001, 2.8836016E-001, 2.8421887E-001, 2.8530104E-001, 2.9147814E-001, 2.9212485E-001, 2.9328858E-001, 2.9514309E-001, 2.9597329E-001, 3.0076968E-001, 3.0203599E-001, 3.0840496E-001, 3.2006098E+000, 3.0144200E+000, 3.3234150E+000, 2.9396042E+000, 3.2024481E+000, 2.9775061E+000, 2.9011240E+000, 2.8831010E+000, 2.7693492E+000, 2.9702124E+000, 2.6834095E+000, 2.8628667E+000, 2.5454642E+000, 2.7061079E+000, 2.7013844E+000, 2.5362690E+000, 2.6128105E+000, 2.5840417E+000, 2.5029239E+000, 2.5171616E+000, 4.2345796E-002, 4.1543501E-002, 4.2363602E-002, 4.3081089E-002, 4.2953805E-002, 4.2735563E-002, 4.2996705E-002, 4.4081589E-002, 4.5392046E-002, 4.5309101E-002, 4.5051099E-002, 4.5608585E-002, 4.8650322E-002, 4.9774990E-002, 5.1206261E-002, 5.1797814E-002, 5.2699787E-002, 5.4242479E-002, 5.4797382E-002, 5.6629952E-002, 3.0977501E-001, 3.0225980E-001, 2.9138964E-001, 2.8255896E-001, 2.7728245E-001, 2.7199866E-001, 2.6743212E-001, 2.6468072E-001, 2.5578550E-001, 2.4770261E-001, 2.3680682E-001, 2.3246175E-001, 2.2511647E-001, 2.1721880E-001, 2.0590190E-001, 2.0305985E-001, 1.9863869E-001, 1.9300823E-001, 1.9300485E-001, 1.8811520E-001, 1.5390825E-140, 1.8603727E-131, 4.4280735E-113, 4.1736217E-095, 1.1356936E-086, 3.5101493E-077, 1.7295206E-068, 4.1609775E-061, 2.1598630E-036, 1.7677137E-025, 2.9628887E-020, 7.7791201E-019, 9.6375864E-006, 1.7696445E-004, 6.6562832E-004, 7.9758830E-004, 1.0185404E-003, 1.2868997E-003, 1.3160522E-003, 1.6154842E-003, 2.2001689E-002, 2.1951013E-002, 2.1591311E-002, 2.1234603E-002, 2.1025051E-002, 2.0810916E-002, 2.0638052E-002, 2.0444950E-002, 1.9928642E-002, 1.9676536E-002, 1.9525356E-002, 1.9478228E-002, 1.9213699E-002, 1.8860733E-002, 1.8572184E-002, 1.8517687E-002, 1.8416392E-002, 1.8439753E-002, 1.8457454E-002, 1.8376542E-002, 4.3141626E+000, 3.4425531E-002, 1.6812371E-003
 2.2010640E+001, 2.8310021E+000, 2.8473629E+000, 2.7397244E+000, 2.7078891E+000, 2.7252229E+000, 2.7386542E+000, 2.7513870E+000, 2.7169120E+000, 2.5593521E+000, 2.4329446E+000, 2.4317582E+000, 2.4268712E+000, 2.3429252E+000, 2.2711945E+000, 2.2699827E+000, 2.2786728E+000, 2.2710423E+000, 2.2600516E+000, 2.2496460E+000, 2.1840046E+000, 2.8503088E-001, 2.9625134E-001, 2.9596172E-001, 2.9839223E-001, 2.9849501E-001, 2.9776223E-001, 2.9865236E-001, 2.9765603E-001, 2.9292140E-001, 2.8495385E-001, 2.8644561E-001, 2.8792825E-001, 2.8708445E-001, 2.8846239E-001, 2.9287047E-001, 2.9498071E-001, 2.9681598E-001, 3.0189639E-001, 3.0256504E-001, 3.0666948E-001, 2.8661962E+000, 3.1101185E+000, 3.1975238E+000, 3.0668808E+000, 2.9023415E+000, 2.7844726E+000, 2.8656215E+000, 3.0426733E+000, 2.9138362E+000, 2.7689439E+000, 2.6735931E+000, 2.6735219E+000, 2.7918564E+000, 2.7761346E+000, 2.4807284E+000, 2.4731431E+000, 2.4994862E+000, 2.5082410E+000, 2.5746792E+000, 2.5205029E+000, 4.2536361E-002, 4.3124712E-002, 4.2183092E-002, 4.3033123E-002, 4.3907256E-002, 4.4797560E-002, 4.6025057E-002, 4.6130524E-002, 4.5027742E-002, 4.4038486E-002, 4.5497870E-002, 4.5995615E-002, 4.7207975E-002, 4.8790251E-002, 5.0977406E-002, 5.1549257E-002, 5.2703508E-002, 5.4321788E-002, 5.4881664E-002, 5.6315562E-002, 3.0964589E-001, 3.0215706E-001, 2.8996481E-001, 2.8062318E-001, 2.7890318E-001, 2.7706812E-001, 2.7353063E-001, 2.6922365E-001, 2.5504386E-001, 2.4533450E-001, 2.3995586E-001, 2.3730940E-001, 2.2458512E-001, 2.1274396E-001, 2.0667482E-001, 2.0555104E-001, 2.0205669E-001, 1.9655313E-001, 1.9437908E-001, 1.8529135E-001, 7.8408269E-141, 5.6130213E-132, 6.9933376E-115, 1.4067433E-098, 3.9580875E-090, 2.1010498E-082, 7.4188267E-075, 3.3061164E-067, 8.0235902E-044, 6.5604333E-034, 1.3765904E-027, 2.8301576E-025, 4.2405275E-005, 3.1666600E-004, 5.9221935E-004, 6.6138213E-004, 8.5732853E-004, 1.1636007E-003, 1.2829705E-003, 1.7428424E-003, 2.3107163E-002, 2.3044768E-002, 2.2667703E-002, 2.2304531E-002, 2.2091599E-002, 2.1868371E-002, 2.1679939E-002, 2.1468699E-002, 2.0917148E-002, 2.0650679E-002, 2.0477159E-002, 2.0419780E-002, 2.0127544E-002, 1.9767910E-002, 1.9471891E-002, 1.9414414E-002, 1.9305412E-002, 1.9314224E-002, 1.9328187E-002, 1.9239394E-002, 4.3190799E+000, 3.6112346E-002, 1.6871214E-003
 2.3000809E+001, 2.7083523E+000, 2.7227071E+000, 2.7915977E+000, 2.8100317E+000, 2.7716012E+000, 2.7610483E+000, 2.7019876E+000, 2.7002239E+000, 2.5331214E+000, 2.5548261E+000, 2.4627268E+000, 2.4382680E+000, 2.3640017E+000, 2.3127838E+000, 2.2949609E+000, 2.2750016E+000, 2.2179378E+000, 2.1799260E+000, 2.1790722E+000, 2.1821108E+000, 2.8211443E-001, 2.9316341E-001, 2.9816282E-001, 3.0141925E-001, 3.0067294E-001, 2.9957730E-001, 2.9832377E-001, 2.9781652E-001, 2.9014633E-001, 2.9234227E-001, 2.8904826E-001, 2.8953759E-001, 2.8812371E-001, 2.8979623E-001, 2.9332709E-001, 2.9473184E-001, 2.9452801E-001, 2.9852404E-001, 2.9908872E-001, 3.0587542E-001, 3.1843547E+000, 3.0318808E+000, 3.1744977E+000, 3.0925716E+000, 2.8376097E+000, 2.9151785E+000, 3.0123068E+000, 2.8775598E+000, 2.7697267E+000, 2.6871248E+000, 2.7483075E+000, 2.6126086E+000, 2.6307139E+000, 2.5177419E+000, 2.5442633E+000, 2.5832493E+000, 2.6068161E+000, 2.4410533E+000, 2.4141127E+000, 2.4558517E+000, 3.9066302E-002, 3.9499250E-002, 4.3572125E-002, 4.5777714E-002, 4.5616095E-002, 4.6141797E-002, 4.5154154E-002, 4.5702935E-002, 4.4853915E-002, 4.6487512E-002, 4.6298354E-002, 4.6586666E-002, 4.7409476E-002, 4.9047185E-002, 5.0988662E-002, 5.1454755E-002, 5.2207909E-002, 5.3609220E-002, 5.4016196E-002, 5.5975634E-002, 3.0949595E-001, 3.0153810E-001, 2.9031325E-001, 2.8176461E-001, 2.7758977E-001, 2.7430271E-001, 2.7087456E-001, 2.6866525E-001, 2.5312595E-001, 2.4963855E-001, 2.4035213E-001, 2.3640392E-001, 2.2612101E-001, 2.1600837E-001, 2.0884591E-001, 2.0561947E-001, 1.9846186E-001, 1.9128674E-001, 1.9031809E-001, 1.8587600E-001, 3.1697634E-144, 9.3755103E-136, 1.8088653E-120, 5.3726938E-105, 3.7943163E-097, 1.4569018E-089, 7.0493473E-082, 1.6855662E-074, 9.2522155E-053, 1.3887758E-041, 1.6758062E-028, 6.9435316E-024, 3.6250096E-007, 2.0377573E-004, 5.3776140E-004, 6.6835967E-004, 9.7290405E-004, 1.3196712E-003, 1.3892802E-003, 1.6822110E-003, 2.4187352E-002, 2.4134445E-002, 2.3749161E-002, 2.3376186E-002, 2.3154749E-002, 2.2924009E-002, 2.2729326E-002, 2.2509703E-002, 2.1922729E-002, 2.1624940E-002, 2.1422979E-002, 2.1357705E-002, 2.1050209E-002, 2.0667104E-002, 2.0348596E-002, 2.0287629E-002, 2.0172755E-002, 2.0181276E-002, 2.0193221E-002, 2.0097640E-002, 4.3237922E+000, 3.7792258E-002, 1.6849013E-003
 2.4003203E+001, 2.8523719E+000, 2.8667369E+000, 2.8885593E+000, 2.8934001E+000, 2.8337335E+000, 2.7214810E+000, 2.7379899E+000, 2.7094150E+000, 2.6204484E+000, 2.5369768E+000, 2.4528169E+000, 2.3932191E+000, 2.3483885E+000, 2.3341157E+000, 2.2579455E+000, 2.2572231E+000, 2.2406812E+000, 2.2446247E+000, 2.2283062E+000, 2.1261721E+000, 2.8561950E-001, 2.9766162E-001, 3.0307414E-001, 3.0651040E-001, 3.0330886E-001, 2.9723662E-001, 2.9872008E-001, 2.9752882E-001, 2.9514661E-001, 2.9116339E-001, 2.8896529E-001, 2.8734727E-001, 2.8812696E-001, 2.9120417E-001, 2.9201879E-001, 2.9418469E-001, 2.9545394E-001, 3.0109350E-001, 3.0117803E-001, 3.0413477E-001, 3.0813228E+000, 2.9332084E+000, 3.0544867E+000, 3.3527025E+000, 3.2306842E+000, 3.5296005E+000, 2.8453742E+000, 3.0362254E+000, 2.8276427E+000, 2.7431118E+000, 2.8247180E+000, 2.6964906E+000, 2.5965134E+000, 2.4776689E+000, 2.5112599E+000, 2.5450952E+000, 2.5715880E+000, 2.5292663E+000, 2.4974341E+000, 2.5735899E+000, 4.3209281E-002, 4.3524698E-002, 4.5741243E-002, 4.7292431E-002, 4.6941990E-002, 4.5279761E-002, 4.6041788E-002, 4.5999974E-002, 4.6467275E-002, 4.6379921E-002, 4.6540731E-002, 4.6314856E-002, 4.7730982E-002, 4.9470271E-002, 5.0676080E-002, 5.1328492E-002, 5.2348763E-002, 5.4110255E-002, 5.4474650E-002, 5.5794296E-002, 3.0976936E-001, 3.0269340E-001, 2.9231669E-001, 2.8452121E-001, 2.7908587E-001, 2.7361143E-001, 2.7190860E-001, 2.6898739E-001, 2.5651396E-001, 2.4823560E-001, 2.3869830E-001, 2.3275264E-001, 2.2342899E-001, 2.1676412E-001, 2.0634281E-001, 2.0425085E-001, 2.0019337E-001, 1.9572218E-001, 1.9345799E-001, 1.8157736E-001, 2.1563894E-149, 6.8502000E-142, 1.3387334E-126, 1.1948485E-111, 2.8832216E-104, 2.0105144E-096, 3.5531450E-089, 1.4436817E-081, 9.6341489E-062, 1.3095715E-044, 5.5754664E-028, 3.5570310E-023, 8.9381418E-006, 1.6445356E-004, 6.1285298E-004, 7.2694496E-004, 9.3148172E-004, 1.1894933E-003, 1.2959651E-003, 1.8378067E-003, 2.5292828E-002, 2.5237105E-002, 2.4839383E-002, 2.4452851E-002, 2.4223542E-002, 2.3986519E-002, 2.3787407E-002, 2.3557197E-002, 2.2927569E-002, 2.2599760E-002, 2.2372457E-002, 2.2297617E-002, 2.1969075E-002, 2.1569457E-002, 2.1234329E-002, 2.1171246E-002, 2.1049071E-002, 2.1040880E-002, 2.1045069E-002, 2.0931250E-002, 4.3230401E+000, 3.9471633E-002, 1.6880906E-003
 2.5005597E+001, 2.8617462E+000, 2.8547259E+000, 2.7655605E+000, 2.7040117E+000, 2.7525233E+000, 2.8095177E+000, 2.7668298E+000, 2.7402429E+000, 2.7385242E+000, 2.5424034E+000, 2.5040280E+000, 2.4855704E+000, 2.3877816E+000, 2.3060758E+000, 2.2680618E+000, 2.2573005E+000, 2.2472341E+000, 2.2432272E+000, 2.2438812E+000, 2.2448543E+000, 2.8535741E-001, 2.9702257E-001, 2.9706897E-001, 2.9614197E-001, 2.9895592E-001, 3.0266300E-001, 3.0213524E-001, 3.0062444E-001, 3.0313337E-001, 2.9182121E-001, 2.9166862E-001, 2.9222650E-001, 2.9045030E-001, 2.9103066E-001, 2.9352555E-001, 2.9502552E-001, 2.9654035E-001, 3.0095273E-001, 3.0185714E-001, 3.0834497E-001, 2.9627975E+000, 3.4339911E+000, 3.1120895E+000, 2.9470392E+000, 2.7930157E+000, 3.1009215E+000, 2.8032786E+000, 2.8122037E+000, 3.0898446E+000, 2.7442400E+000, 2.8142198E+000, 2.7721593E+000, 2.8094709E+000, 2.5682735E+000, 2.5596812E+000, 2.5761148E+000, 2.5509332E+000, 2.4493920E+000, 2.4647818E+000, 2.5089632E+000, 4.3543541E-002, 4.3261278E-002, 4.2733029E-002, 4.2969119E-002, 4.4745176E-002, 4.6749160E-002, 4.6995454E-002, 4.7502780E-002, 4.8658461E-002, 4.6607795E-002, 4.6950520E-002, 4.7124025E-002, 4.8243716E-002, 4.9692437E-002, 5.1332642E-002, 5.1760551E-002, 5.2796360E-002, 5.4004877E-002, 5.4528811E-002, 5.6336086E-002, 3.0976459E-001, 3.0229993E-001, 2.9044397E-001, 2.8102600E-001, 2.7884758E-001, 2.7692937E-001, 2.7092103E-001, 2.6616285E-001, 2.6108410E-001, 2.4809628E-001, 2.4257031E-001, 2.3968906E-001, 2.2584981E-001, 2.1339985E-001, 2.0541954E-001, 2.0311106E-001, 1.9960058E-001, 1.9580414E-001, 1.9470815E-001, 1.9036693E-001, 1.9868111E-154, 4.8713285E-147, 4.1648850E-133, 1.8865149E-119, 5.6548089E-112, 1.0060100E-104, 3.2703363E-097, 6.8233256E-089, 1.2258213E-062, 6.7666437E-045, 3.9877164E-030, 1.3675014E-025, 2.0116397E-005, 2.9103385E-004, 6.4898392E-004, 7.5743267E-004, 9.3254305E-004, 1.1641742E-003, 1.2422599E-003, 1.5382371E-003, 2.6399772E-002, 2.6334475E-002, 2.5940718E-002, 2.5567478E-002, 2.5337333E-002, 2.5090069E-002, 2.4878946E-002, 2.4640172E-002, 2.3956990E-002, 2.3592326E-002, 2.3344300E-002, 2.3254560E-002, 2.2886043E-002, 2.2471908E-002, 2.2124289E-002, 2.2057843E-002, 2.1930266E-002, 2.1920722E-002, 2.1924010E-002, 2.1791227E-002, 4.3351394E+000, 4.1163930E-002, 1.6923796E-003
 2.6007990E+001, 2.7361519E+000, 2.7893777E+000, 2.7996161E+000, 2.8240257E+000, 2.7954175E+000, 2.7412216E+000, 2.6717872E+000, 2.5815487E+000, 2.5034016E+000, 2.5478094E+000, 2.5386540E+000, 2.5285883E+000, 2.4019214E+000, 2.3938057E+000, 2.2952797E+000, 2.2706956E+000, 2.2588865E+000, 2.2197149E+000, 2.1940176E+000, 2.1656547E+000, 2.8277129E-001, 2.9558049E-001, 3.0007158E-001, 3.0228198E-001, 3.0131057E-001, 2.9877600E-001, 2.9605702E-001, 2.9166428E-001, 2.9095421E-001, 2.9376499E-001, 2.9503365E-001, 2.9626916E-001, 2.9154189E-001, 2.9387428E-001, 2.9350824E-001, 2.9491858E-001, 2.9742047E-001, 3.0143018E-001, 3.0103822E-001, 3.0617001E-001, 2.8839301E+000, 2.8031418E+000, 3.5524178E+000, 2.8705331E+000, 2.9084966E+000, 3.0288824E+000, 3.2091995E+000, 2.9871393E+000, 2.7091697E+000, 2.6103458E+000, 2.7179319E+000, 2.7895326E+000, 2.5651275E+000, 2.6811643E+000, 2.6629305E+000, 2.5659326E+000, 2.4644100E+000, 2.5650933E+000, 2.5124301E+000, 2.4618382E+000, 3.9579654E-002, 4.1151701E-002, 4.3490616E-002, 4.5956123E-002, 4.6095634E-002, 4.5743505E-002, 4.4912980E-002, 4.3846569E-002, 4.5035994E-002, 4.7243743E-002, 4.8211644E-002, 4.8610291E-002, 4.8572287E-002, 5.0067494E-002, 5.1028669E-002, 5.1551483E-002, 5.3061623E-002, 5.4551707E-002, 5.4802228E-002, 5.6276067E-002, 3.0950080E-001, 3.0229471E-001, 2.9096960E-001, 2.8260414E-001, 2.7860896E-001, 2.7375959E-001, 2.6887517E-001, 2.6300079E-001, 2.4903775E-001, 2.4603865E-001, 2.4170608E-001, 2.3894576E-001, 2.2619611E-001, 2.2060411E-001, 2.0882368E-001, 2.0487653E-001, 2.0008889E-001, 1.9238231E-001, 1.8964952E-001, 1.8377448E-001, 1.3176647E-161, 3.8887116E-155, 1.5539248E-140, 7.0093246E-119, 1.2279691E-107, 9.4240228E-097, 4.5330255E-086, 6.3031628E-076, 1.7026515E-045, 3.3535043E-026, 3.9897077E-019, 7.0758679E-019, 4.3261408E-006, 7.7682573E-005, 5.3759698E-004, 7.0688725E-004, 9.4752212E-004, 1.3139822E-003, 1.4376720E-003, 1.7608607E-003, 2.7509163E-002, 2.7450393E-002, 2.7039254E-002, 2.6647629E-002, 2.6398815E-002, 2.6135539E-002, 2.5913007E-002, 2.5665691E-002, 2.4991247E-002, 2.4607117E-002, 2.4326040E-002, 2.4224220E-002, 2.3833120E-002, 2.3392984E-002, 2.3018059E-002, 2.2947609E-002, 2.2811419E-002, 2.2791808E-002, 2.2792680E-002, 2.2658698E-002, 4.3449578E+000, 4.2860348E-002, 1.6980611E-003
 2.7010384E+001, 2.6706057E+000, 2.6489829E+000, 2.5934937E+000, 2.6648834E+000, 2.6850736E+000, 2.6783591E+000, 2.6758481E+000, 2.6293205E+000, 2.4985455E+000, 2.4189043E+000, 2.3674054E+000, 2.4100938E+000, 2.4886834E+000, 2.4016976E+000, 2.3332350E+000, 2.3289191E+000, 2.2735477E+000, 2.2148706E+000, 2.2078598E+000, 2.1731850E+000, 2.8203659E-001, 2.9286115E-001, 2.9582456E-001, 2.9733588E-001, 2.9639816E-001, 2.9484829E-001, 2.9558917E-001, 2.9290417E-001, 2.8930790E-001, 2.8564007E-001, 2.8450607E-001, 2.8930576E-001, 2.9650430E-001, 2.9588985E-001, 2.9641231E-001, 2.9797501E-001, 2.9686156E-001, 2.9995079E-001, 3.0076965E-001, 3.0681150E-001, 3.1653463E+000, 2.9569085E+000, 2.7492925E+000, 2.7434618E+000, 2.7840779E+000, 3.0935105E+000, 3.0110170E+000, 3.1030919E+000, 2.7384847E+000, 2.7803460E+000, 2.6066406E+000, 2.6081098E+000, 2.5677247E+000, 2.7925828E+000, 2.6111616E+000, 2.6343049E+000, 2.6136410E+000, 2.5919405E+000, 2.5336175E+000, 2.5714990E+000, 3.7625050E-002, 3.6750721E-002, 3.7402070E-002, 4.1353682E-002, 4.2950199E-002, 4.3769434E-002, 4.4710794E-002, 4.4737482E-002, 4.4830932E-002, 4.5162051E-002, 4.5612297E-002, 4.6978124E-002, 4.9695570E-002, 5.0907099E-002, 5.2026029E-002, 5.2391494E-002, 5.2675961E-002, 5.3848912E-002, 5.4437442E-002, 5.6467960E-002, 3.0940517E-001, 3.0130540E-001, 2.8865628E-001, 2.8182315E-001, 2.7834265E-001, 2.7457745E-001, 2.7020580E-001, 2.6514886E-001, 2.4949877E-001, 2.3993022E-001, 2.3283599E-001, 2.3234653E-001, 2.3133389E-001, 2.1907068E-001, 2.0948859E-001, 2.0803520E-001, 2.0230983E-001, 1.9378465E-001, 1.9185011E-001, 1.8413378E-001, 7.4752783E-158, 1.1307761E-147, 1.0561244E-128, 1.0670146E-109, 2.0513123E-100, 1.1634259E-091, 6.7351409E-083, 7.7053941E-074, 7.1238789E-046, 4.7668426E-030, 1.3262606E-020, 2.9678953E-018, 7.0047730E-006, 1.7389885E-004, 5.2103378E-004, 6.0027158E-004, 8.6594954E-004, 1.2585959E-003, 1.3609716E-003, 1.7880600E-003, 2.8562980E-002, 2.8502445E-002, 2.8098788E-002, 2.7715583E-002, 2.7467956E-002, 2.7197374E-002, 2.6962719E-002, 2.6695702E-002, 2.5954146E-002, 2.5556373E-002, 2.5291467E-002, 2.5199104E-002, 2.4788598E-002, 2.4325751E-002, 2.3928106E-002, 2.3847959E-002, 2.3692312E-002, 2.3663850E-002, 2.3660744E-002, 2.3503577E-002, 4.3492471E+000, 4.4561004E-002, 1.6916979E-003
 2.8000553E+001, 2.9289215E+000, 2.9130366E+000, 2.8179568E+000, 2.6531838E+000, 2.5821661E+000, 2.5415328E+000, 2.5324343E+000, 2.5968757E+000, 2.5551946E+000, 2.4764195E+000, 2.4080555E+000, 2.3634107E+000, 2.3522286E+000, 2.3505664E+000, 2.3050579E+000, 2.2988442E+000, 2.2947071E+000, 2.3050386E+000, 2.2978119E+000, 2.2144951E+000, 2.8663642E-001, 2.9825365E-001, 2.9942713E-001, 2.9562845E-001, 2.9351776E-001, 2.9113318E-001, 2.9025298E-001, 2.9212306E-001, 2.9170009E-001, 2.8807251E-001, 2.8723954E-001, 2.8642247E-001, 2.8982545E-001, 2.9327691E-001, 2.9459022E-001, 2.9655039E-001, 2.9849713E-001, 3.0460949E-001, 3.0491794E-001, 3.0713270E-001, 2.9446597E+000, 3.0983889E+000, 3.4297000E+000, 3.1767279E+000, 2.8474189E+000, 3.1705768E+000, 2.7483579E+000, 2.6442026E+000, 2.7550213E+000, 2.9142932E+000, 2.6808025E+000, 2.6627889E+000, 2.7166490E+000, 2.5836454E+000, 2.4930901E+000, 2.4895063E+000, 2.5386605E+000, 2.5814025E+000, 2.6023180E+000, 2.5897524E+000, 4.5516924E-002, 4.4858470E-002, 4.3635370E-002, 4.1186305E-002, 4.0540314E-002, 4.0719177E-002, 4.1436856E-002, 4.3672500E-002, 4.5303135E-002, 4.5524452E-002, 4.6355052E-002, 4.6279168E-002, 4.8494995E-002, 5.0218710E-002, 5.1503173E-002, 5.2077560E-002, 5.3287594E-002, 5.5124983E-002, 5.5471777E-002, 5.6150862E-002, 3.0995486E-001, 3.0272228E-001, 2.9262015E-001, 2.8134569E-001, 2.7525176E-001, 2.7030410E-001, 2.6622753E-001, 2.6513131E-001, 2.5393028E-001, 2.4488900E-001, 2.3455475E-001, 2.2983583E-001, 2.2151334E-001, 2.1612733E-001, 2.0832628E-001, 2.0612795E-001, 2.0261543E-001, 1.9842968E-001, 1.9698835E-001, 1.8821539E-001, 2.0364823E-154, 8.4370515E-146, 5.5752909E-128, 1.4643786E-110, 5.4137194E-102, 2.3869522E-093, 1.8316743E-084, 1.7249261E-076, 6.3654767E-053, 1.2544954E-035, 6.7185895E-023, 3.7914414E-019, 4.4789635E-005, 2.2455319E-004, 5.7161068E-004, 6.8605476E-004, 8.7320798E-004, 1.1026585E-003, 1.1823973E-003, 1.6232107E-003, 2.9665236E-002, 2.9583627E-002, 2.9128503E-002, 2.8729441E-002, 2.8482902E-002, 2.8216214E-002, 2.7986131E-002, 2.7716592E-002, 2.6936525E-002, 2.6506510E-002, 2.6216497E-002, 2.6122081E-002, 2.5725003E-002, 2.5259234E-002, 2.4834462E-002, 2.4749999E-002, 2.4588281E-002, 2.4545658E-002, 2.4536751E-002, 2.4357874E-002, 4.3389428E+000, 4.6248064E-002, 1.6927670E-003
 2.9002947E+001, 2.7952298E+000, 2.7720696E+000, 2.7575891E+000, 2.8212136E+000, 2.7920839E+000, 2.7484415E+000, 2.7051968E+000, 2.5948284E+000, 2.4157439E+000, 2.4298310E+000, 2.4264798E+000, 2.4155769E+000, 2.3455723E+000, 2.3066458E+000, 2.2790486E+000, 2.2488600E+000, 2.2247388E+000, 2.2161011E+000, 2.2290650E+000, 2.2368863E+000, 2.8229776E-001, 2.9365697E-001, 2.9804514E-001, 3.0093993E-001, 2.9960692E-001, 2.9748744E-001, 2.9718812E-001, 2.9296668E-001, 2.8517994E-001, 2.8494299E-001, 2.8679327E-001, 2.8865156E-001, 2.8874158E-001, 2.9137582E-001, 2.9435641E-001, 2.9536327E-001, 2.9603109E-001, 3.0029284E-001, 3.0159438E-001, 3.0832006E-001, 3.1125963E+000, 3.2675547E+000, 3.0883952E+000, 2.9480490E+000, 3.1520404E+000, 2.9129872E+000, 3.0085268E+000, 3.0542002E+000, 2.8727230E+000, 2.5383489E+000, 2.6121637E+000, 2.6401748E+000, 2.6725905E+000, 2.5204861E+000, 2.5875440E+000, 2.5156826E+000, 2.5400602E+000, 2.4861975E+000, 2.4716846E+000, 2.4420998E+000, 4.1737085E-002, 4.0934124E-002, 4.2371730E-002, 4.5773336E-002, 4.5908399E-002, 4.6070765E-002, 4.5683019E-002, 4.3991402E-002, 4.2926426E-002, 4.4762490E-002, 4.5819331E-002, 4.6542460E-002, 4.7975278E-002, 4.9775884E-002, 5.1578421E-002, 5.1963763E-002, 5.2820096E-002, 5.4062260E-002, 5.4665375E-002, 5.6514828E-002, 3.0971543E-001, 3.0221586E-001, 2.9084403E-001, 2.8322861E-001, 2.7914302E-001, 2.7365127E-001, 2.6977543E-001, 2.6352909E-001, 2.4714258E-001, 2.4246815E-001, 2.3835256E-001, 2.3434881E-001, 2.2246413E-001, 2.1331240E-001, 2.0575386E-001, 2.0183990E-001, 1.9749247E-001, 1.9332819E-001, 1.9304760E-001, 1.8933787E-001, 6.3316683E-156, 1.0616869E-146, 5.9591641E-130, 3.3453046E-114, 2.6019980E-106, 1.2239800E-098, 3.8582218E-090, 4.3428269E-081, 2.6754327E-054, 2.1720534E-038, 3.4268396E-025, 1.4157407E-013, 5.0911932E-005, 2.8592861E-004, 6.4584503E-004, 8.1437935E-004, 1.0245738E-003, 1.2800142E-003, 1.3265528E-003, 1.5941304E-003, 3.0778007E-002, 3.0696710E-002, 3.0230103E-002, 2.9807763E-002, 2.9536853E-002, 2.9242278E-002, 2.8983515E-002, 2.8693288E-002, 2.7904878E-002, 2.7469484E-002, 2.7158157E-002, 2.7051877E-002, 2.6635118E-002, 2.6162177E-002, 2.5721750E-002, 2.5632498E-002, 2.5465679E-002, 2.5426277E-002, 2.5420505E-002, 2.5231812E-002, 4.3419230E+000, 4.7934485E-002, 1.6940769E-003
 3.0005341E+001, 2.9060470E+000, 2.9340345E+000, 2.8894734E+000, 2.8171293E+000, 2.7821473E+000, 2.7176381E+000, 2.6910553E+000, 2.6393960E+000, 2.5820716E+000, 2.5059938E+000, 2.4178185E+000, 2.3704359E+000, 2.2962170E+000, 2.2999951E+000, 2.2900764E+000, 2.2713143E+000, 2.2361358E+000, 2.1842714E+000, 2.1635804E+000, 2.1881118E+000, 2.8492048E-001, 2.9784005E-001, 3.0162820E-001, 3.0294522E-001, 3.0177415E-001, 2.9770487E-001, 2.9706766E-001, 2.9392827E-001, 2.9336628E-001, 2.9054554E-001, 2.8750572E-001, 2.8609768E-001, 2.8560414E-001, 2.8978465E-001, 2.9381564E-001, 2.9466154E-001, 2.9589171E-001, 2.9986697E-001, 2.9999947E-001, 3.0724213E-001, 3.2186354E+000, 3.0935409E+000, 3.6471276E+000, 3.0562232E+000, 3.2639281E+000, 3.4129442E+000, 2.9511813E+000, 3.3018118E+000, 2.8818532E+000, 2.8094419E+000, 2.8426993E+000, 2.8180862E+000, 2.5439592E+000, 2.5148250E+000, 2.5896265E+000, 2.5779739E+000, 2.5080379E+000, 2.5535880E+000, 2.4567016E+000, 2.4244402E+000, 4.4911164E-002, 4.5491705E-002, 4.5906638E-002, 4.5648911E-002, 4.5857481E-002, 4.5118322E-002, 4.5312523E-002, 4.5097175E-002, 4.6082491E-002, 4.6141745E-002, 4.6335549E-002, 4.6100673E-002, 4.7217373E-002, 4.9160455E-002, 5.1207120E-002, 5.1414127E-002, 5.2588014E-002, 5.4154440E-002, 5.4586254E-002, 5.6532690E-002, 3.0991871E-001, 3.0300119E-001, 2.9211659E-001, 2.8270282E-001, 2.7779673E-001, 2.7363269E-001, 2.6947818E-001, 2.6477135E-001, 2.5408363E-001, 2.4572378E-001, 2.3541870E-001, 2.3106360E-001, 2.1989525E-001, 2.1438093E-001, 2.0773308E-001, 2.0523980E-001, 1.9910858E-001, 1.9028968E-001, 1.8749699E-001, 1.8511792E-001, 1.7928967E-159, 2.8154729E-151, 5.1934767E-135, 1.7444740E-118, 1.0847093E-109, 7.8715495E-101, 2.0268205E-092, 3.9257579E-084, 9.7698491E-060, 1.5191332E-043, 5.4278805E-026, 4.1973789E-013, 8.8335540E-005, 2.7165646E-004, 5.7326763E-004, 6.8871394E-004, 9.6145218E-004, 1.3909788E-003, 1.5303504E-003, 1.7271325E-003, 3.1905230E-002, 3.1819612E-002, 3.1312720E-002, 3.0881794E-002, 3.0608579E-002, 3.0306907E-002, 3.0039985E-002, 2.9733389E-002, 2.8883294E-002, 2.8415872E-002, 2.8088325E-002, 2.7976942E-002, 2.7549335E-002, 2.7068828E-002, 2.6616479E-002, 2.6519828E-002, 2.6338945E-002, 2.6286800E-002, 2.6280886E-002, 2.6094548E-002, 4.3392933E+000, 4.9631832E-002, 1.6902912E-003
 3.1007734E+001, 2.8109694E+000, 2.8270957E+000, 2.8078749E+000, 2.8520220E+000, 2.8283874E+000, 2.8383309E+000, 2.8211297E+000, 2.8117490E+000, 2.6280686E+000, 2.4902349E+000, 2.4584204E+000, 2.4851675E+000, 2.4389361E+000, 2.2865738E+000, 2.2609137E+000, 2.2745848E+000, 2.2850876E+000, 2.2583740E+000, 2.2346429E+000, 2.1669535E+000, 2.8450113E-001, 2.9605131E-001, 2.9979252E-001, 3.0379543E-001, 3.0334745E-001, 3.0461965E-001, 3.0469952E-001, 3.0476522E-001, 2.9773008E-001, 2.8921147E-001, 2.9021248E-001, 2.9385659E-001, 2.9311035E-001, 2.8980832E-001, 2.9241217E-001, 2.9549704E-001, 2.9758261E-001, 3.0189911E-001, 3.0177884E-001, 3.0614470E-001, 3.0241463E+000, 3.0851506E+000, 2.8823727E+000, 3.1060567E+000, 3.1237471E+000, 2.8826767E+000, 2.9951799E+000, 2.9940839E+000, 2.9590449E+000, 2.9425718E+000, 2.6491614E+000, 2.7016561E+000, 2.9632612E+000, 2.6657499E+000, 2.5543578E+000, 2.6334124E+000, 2.5812668E+000, 2.5778534E+000, 2.6324344E+000, 2.4935621E+000, 4.1871561E-002, 4.2259247E-002, 4.3609037E-002, 4.6523611E-002, 4.6843508E-002, 4.8041575E-002, 4.8511961E-002, 4.9047659E-002, 4.7249703E-002, 4.6094050E-002, 4.6976685E-002, 4.8004910E-002, 4.8855728E-002, 4.9345857E-002, 5.0868346E-002, 5.1774294E-002, 5.2891533E-002, 5.4312408E-002, 5.4624634E-002, 5.6185351E-002, 3.0959186E-001, 3.0205748E-001, 2.9131487E-001, 2.8343501E-001, 2.7924464E-001, 2.7552340E-001, 2.7161887E-001, 2.6848921E-001, 2.5454740E-001, 2.4428545E-001, 2.3776992E-001, 2.3673861E-001, 2.2910344E-001, 2.1259186E-001, 2.0608440E-001, 2.0466179E-001, 2.0274831E-001, 1.9634500E-001, 1.9369192E-001, 1.8416755E-001, 7.7588086E-164, 8.8345356E-156, 1.8114987E-139, 1.1661592E-122, 1.2030348E-114, 4.8027011E-106, 1.9489399E-097, 8.3507634E-090, 2.4543423E-066, 6.4410579E-047, 4.7437813E-027, 6.5360479E-019, 7.6358859E-007, 3.5082440E-004, 6.3684681E-004, 7.2171608E-004, 8.4568688E-004, 1.1592273E-003, 1.2925054E-003, 1.7699318E-003, 3.3026667E-002, 3.2947285E-002, 3.2448619E-002, 3.2005194E-002, 3.1722634E-002, 3.1406235E-002, 3.1119800E-002, 3.0793727E-002, 2.9884404E-002, 2.9393748E-002, 2.9058950E-002, 2.8939256E-002, 2.8462346E-002, 2.7957434E-002, 2.7504173E-002, 2.7409441E-002, 2.7224738E-002, 2.7151828E-002, 2.7136900E-002, 2.6948006E-002, 4.3254261E+000, 5.1325818E-002, 1.6832087E-003
 3.2010128E+001, 2.7609870E+000, 2.8253699E+000, 2.7749388E+000, 2.6917027E+000, 2.7094500E+000, 2.7088676E+000, 2.6705847E+000, 2.6419309E+000, 2.6015577E+000, 2.6382825E+000, 2.5673188E+000, 2.5113009E+000, 2.3844473E+000, 2.4266213E+000, 2.3338914E+000, 2.2898603E+000, 2.2216872E+000, 2.2493958E+000, 2.2660159E+000, 2.2273638E+000, 2.8219718E-001, 2.9382405E-001, 2.9910917E-001, 2.9738507E-001, 2.9686583E-001, 2.9490700E-001, 2.9374388E-001, 2.9268966E-001, 2.9555832E-001, 2.9941128E-001, 2.9733201E-001, 2.9608119E-001, 2.9176279E-001, 2.9717115E-001, 2.9514772E-001, 2.9561685E-001, 2.9551367E-001, 3.0143040E-001, 3.0295111E-001, 3.0780916E-001, 2.9520052E+000, 3.0198778E+000, 3.2067423E+000, 2.8285072E+000, 2.8585094E+000, 2.8869175E+000, 3.0154668E+000, 2.9616825E+000, 2.9878927E+000, 2.7056226E+000, 2.7842416E+000, 2.9876554E+000, 2.7518391E+000, 2.5598829E+000, 2.7937813E+000, 2.6959892E+000, 2.6293700E+000, 2.4054755E+000, 2.4579196E+000, 2.5703194E+000, 4.0697228E-002, 4.2560491E-002, 4.2582616E-002, 4.2148551E-002, 4.3519000E-002, 4.4595984E-002, 4.4762979E-002, 4.5209425E-002, 4.6652652E-002, 4.8890838E-002, 4.8837130E-002, 4.8745679E-002, 4.8939083E-002, 5.1055623E-002, 5.1480366E-002, 5.1779517E-002, 5.2630815E-002, 5.4215239E-002, 5.4867385E-002, 5.6335111E-002, 3.0959577E-001, 3.0226891E-001, 2.9128193E-001, 2.8242019E-001, 2.7899901E-001, 2.7505056E-001, 2.6966120E-001, 2.6479515E-001, 2.5400286E-001, 2.5003439E-001, 2.4261856E-001, 2.3679512E-001, 2.2330497E-001, 2.2098050E-001, 2.1114416E-001, 2.0605479E-001, 1.9777076E-001, 1.9579972E-001, 1.9572649E-001, 1.8883840E-001, 2.0539590E-167, 5.3850982E-159, 3.4594520E-143, 1.0280327E-127, 2.7915678E-120, 6.3057377E-113, 7.2719646E-106, 4.5723406E-097, 9.5031665E-070, 5.1628025E-053, 2.1365534E-036, 4.9120792E-028, 1.4564939E-005, 1.5570969E-004, 4.8076129E-004, 6.8208281E-004, 1.0316247E-003, 1.1758610E-003, 1.2155693E-003, 1.6005356E-003, 3.4128178E-002, 3.4047971E-002, 3.3523200E-002, 3.3086049E-002, 3.2801066E-002, 3.2477969E-002, 3.2186924E-002, 3.1855814E-002, 3.0929560E-002, 3.0408040E-002, 3.0030850E-002, 2.9899654E-002, 2.9418294E-002, 2.8888557E-002, 2.8394036E-002, 2.8294845E-002, 2.8111815E-002, 2.8044597E-002, 2.8025572E-002, 2.7809980E-002, 4.3110412E+000, 5.3013409E-002, 1.6814377E-003
 3.3000297E+001, 2.8045377E+000, 2.7681367E+000, 2.6925685E+000, 2.7016626E+000, 2.6254967E+000, 2.5622853E+000, 2.5388429E+000, 2.5259952E+000, 2.5368997E+000, 2.4370337E+000, 2.4322198E+000, 2.4467755E+000, 2.4663238E+000, 2.3644316E+000, 2.3178978E+000, 2.3400411E+000, 2.3414021E+000, 2.2386513E+000, 2.2014434E+000, 2.2119003E+000, 2.8462776E-001, 2.9541537E-001, 2.9588836E-001, 2.9623195E-001, 2.9402875E-001, 2.9143070E-001, 2.9075018E-001, 2.8937117E-001, 2.9025278E-001, 2.8593839E-001, 2.8885347E-001, 2.9170987E-001, 2.9650908E-001, 2.9510779E-001, 2.9701895E-001, 2.9904500E-001, 2.9993619E-001, 3.0064469E-001, 3.0005285E-001, 3.0818156E-001, 3.1553393E+000, 3.2766169E+000, 3.0032878E+000, 2.9222641E+000, 3.0207113E+000, 2.8988190E+000, 2.8910144E+000, 2.8009771E+000, 2.6679219E+000, 2.7585456E+000, 2.5522881E+000, 2.7888722E+000, 2.7232015E+000, 2.6212578E+000, 2.6217698E+000, 2.5292619E+000, 2.6120500E+000, 2.6188382E+000, 2.6125070E+000, 2.5525245E+000, 4.1682639E-002, 4.0504800E-002, 4.0638320E-002, 4.2980705E-002, 4.2167199E-002, 4.1534018E-002, 4.1548162E-002, 4.2158672E-002, 4.4688704E-002, 4.4891136E-002, 4.6823546E-002, 4.7594136E-002, 5.0197819E-002, 5.0914112E-002, 5.2341495E-002, 5.2719884E-002, 5.3402042E-002, 5.3991135E-002, 5.4260484E-002, 5.6751329E-002, 3.0972743E-001, 3.0200370E-001, 2.8973216E-001, 2.8043383E-001, 2.7464594E-001, 2.6978841E-001, 2.6665832E-001, 2.6302112E-001, 2.5402652E-001, 2.4285247E-001, 2.3541188E-001, 2.3411803E-001, 2.2747948E-001, 2.1550321E-001, 2.0722818E-001, 2.0799097E-001, 2.0651926E-001, 1.9543848E-001, 1.9165088E-001, 1.8659730E-001, 9.9021756E-174, 3.6623519E-166, 5.9606672E-150, 2.3323465E-134, 4.9836563E-127, 1.6945637E-119, 2.0201858E-110, 5.8425916E-099, 2.0205637E-066, 2.6141615E-047, 3.8777510E-026, 4.1057855E-019, 7.2167003E-007, 2.5491180E-004, 5.8631463E-004, 5.8431943E-004, 7.0814238E-004, 1.2202249E-003, 1.3828442E-003, 1.6658658E-003, 3.5201525E-002, 3.5122619E-002, 3.4592478E-002, 3.4122237E-002, 3.3823997E-002, 3.3493849E-002, 3.3198686E-002, 3.2862397E-002, 3.1918513E-002, 3.1384718E-002, 3.1010788E-002, 3.0876446E-002, 3.0358937E-002, 2.9809846E-002, 2.9315432E-002, 2.9209008E-002, 2.8999134E-002, 2.8905633E-002, 2.8886800E-002, 2.8680748E-002, 4.3155363E+000, 5.4688846E-002, 1.6857110E-003
 3.4002691E+001, 2.8377600E+000, 2.8726198E+000, 2.8848464E+000, 2.7397341E+000, 2.7371523E+000, 2.6779562E+000, 2.6065103E+000, 2.5710085E+000, 2.4534744E+000, 2.4584926E+000, 2.4613720E+000, 2.4269600E+000, 2.4087898E+000, 2.4077768E+000, 2.3253022E+000, 2.3007332E+000, 2.2876533E+000, 2.3001123E+000, 2.2973584E+000, 2.2994867E+000, 2.8430670E-001, 2.9638443E-001, 3.0118030E-001, 2.9982403E-001, 2.9874768E-001, 2.9577873E-001, 2.9324711E-001, 2.9122029E-001, 2.8676348E-001, 2.8650991E-001, 2.8884684E-001, 2.8902073E-001, 2.9140305E-001, 2.9566433E-001, 2.9679083E-001, 2.9784555E-001, 2.9920024E-001, 3.0473025E-001, 3.0505089E-001, 3.1041164E-001, 3.2913220E+000, 2.9291062E+000, 3.2465484E+000, 3.0087125E+000, 3.0728239E+000, 3.1215067E+000, 3.3194085E+000, 2.6806953E+000, 2.9839175E+000, 2.6031217E+000, 2.7303203E+000, 2.7899906E+000, 2.7011497E+000, 2.7355830E+000, 2.6327478E+000, 2.6116995E+000, 2.4888545E+000, 2.6544269E+000, 2.6197168E+000, 2.5695821E+000, 4.2877604E-002, 4.3655279E-002, 4.5690612E-002, 4.3555633E-002, 4.4212323E-002, 4.3783117E-002, 4.3391354E-002, 4.3460156E-002, 4.3504545E-002, 4.4774683E-002, 4.6243149E-002, 4.6500142E-002, 4.8288580E-002, 5.0733489E-002, 5.2284481E-002, 5.2638214E-002, 5.3610776E-002, 5.5150814E-002, 5.5438646E-002, 5.6714386E-002, 3.0982476E-001, 3.0302452E-001, 2.9247983E-001, 2.8187196E-001, 2.7882407E-001, 2.7404682E-001, 2.6724942E-001, 2.6320368E-001, 2.4940834E-001, 2.4541553E-001, 2.4047204E-001, 2.3571091E-001, 2.2794128E-001, 2.2006411E-001, 2.0804262E-001, 2.0465545E-001, 2.0114645E-001, 1.9788978E-001, 1.9708381E-001, 1.9406612E-001, 1.9033312E-179, 1.1813590E-171, 7.9247162E-153, 3.5874006E-133, 4.9548513E-124, 9.4061311E-115, 2.5296217E-105, 4.2812877E-096, 2.1293297E-066, 7.8369636E-048, 4.3001414E-030, 5.4565239E-023, 1.2723465E-005, 1.1696528E-004, 6.0685835E-004, 7.6402633E-004, 9.3227825E-004, 1.1141887E-003, 1.1669913E-003, 1.4123835E-003, 3.6315170E-002, 3.6236916E-002, 3.5673520E-002, 3.5173140E-002, 3.4860306E-002, 3.4509587E-002, 3.4196480E-002, 3.3845318E-002, 3.2881241E-002, 3.2344159E-002, 3.1952977E-002, 3.1815265E-002, 3.1303965E-002, 3.0738639E-002, 3.0216681E-002, 3.0108844E-002, 2.9899510E-002, 2.9797067E-002, 2.9771642E-002, 2.9553927E-002, 4.3284134E+000, 5.6368289E-002, 1.6908675E-003
 3.5005085E+001, 2.8341944E+000, 2.8519354E+000, 2.7909125E+000, 2.7327391E+000, 2.7048567E+000, 2.7343953E+000, 2.7553452E+000, 2.6869740E+000, 2.6354311E+000, 2.5513106E+000, 2.4633131E+000, 2.4460051E+000, 2.3749763E+000, 2.3254880E+000, 2.3079486E+000, 2.3017833E+000, 2.2547022E+000, 2.2379192E+000, 2.2478005E+000, 2.2806379E+000, 2.8232839E-001, 2.9443897E-001, 2.9898996E-001, 2.9884865E-001, 2.9714596E-001, 2.9661007E-001, 2.9806396E-001, 2.9484381E-001, 2.9629735E-001, 2.9300034E-001, 2.9005200E-001, 2.9099713E-001, 2.9014079E-001, 2.9095396E-001, 2.9345680E-001, 2.9546072E-001, 2.9653037E-001, 3.0187429E-001, 3.0347006E-001, 3.1122513E-001, 3.1774887E+000, 3.0674535E+000, 3.1591619E+000, 3.0026367E+000, 2.7844409E+000, 2.8098847E+000, 3.0164761E+000, 2.9345872E+000, 2.7795472E+000, 2.9810346E+000, 2.7936151E+000, 2.8772576E+000, 2.7083609E+000, 2.6606721E+000, 2.5793057E+000, 2.4783142E+000, 2.4987775E+000, 2.5828727E+000, 2.5340153E+000, 2.5700285E+000, 4.3012601E-002, 4.3354553E-002, 4.3280301E-002, 4.3660912E-002, 4.3952564E-002, 4.5429570E-002, 4.6347259E-002, 4.5618194E-002, 4.6805304E-002, 4.7006543E-002, 4.6826075E-002, 4.7208686E-002, 4.8275700E-002, 4.9385983E-002, 5.0869973E-002, 5.1515037E-002, 5.2729181E-002, 5.4603591E-002, 5.5341052E-002, 5.7377560E-002, 3.0978293E-001, 3.0250692E-001, 2.9089465E-001, 2.8106043E-001, 2.7674105E-001, 2.7442402E-001, 2.7289610E-001, 2.6806841E-001, 2.5693691E-001, 2.4750058E-001, 2.3853416E-001, 2.3521125E-001, 2.2456885E-001, 2.1629289E-001, 2.1048957E-001, 2.0773923E-001, 2.0056595E-001, 1.9378934E-001, 1.9304894E-001, 1.9093075E-001, 3.0438000E-179, 5.3670105E-170, 4.9333786E-152, 4.5301107E-133, 8.2756678E-124, 4.5281103E-115, 1.9011731E-106, 6.0253770E-098, 5.9894950E-073, 5.2658247E-056, 7.2329674E-035, 1.3526842E-026, 7.3743773E-006, 2.0698457E-004, 4.6254570E-004, 5.9304966E-004, 9.3150035E-004, 1.2801227E-003, 1.3453282E-003, 1.5351568E-003, 3.7438932E-002, 3.7356465E-002, 3.6779110E-002, 3.6260718E-002, 3.5935280E-002, 3.5572079E-002, 3.5244159E-002, 3.4874356E-002, 3.3877906E-002, 3.3306581E-002, 3.2904604E-002, 3.2763986E-002, 3.2240280E-002, 3.1672716E-002, 3.1128080E-002, 3.1012248E-002, 3.0787279E-002, 3.0688274E-002, 3.0666133E-002, 3.0450319E-002, 4.3369048E+000, 5.8062507E-002, 1.6906112E-003
 3.6007479E+001, 2.8618184E+000, 2.8645823E+000, 2.8108221E+000, 2.8029996E+000, 2.7463591E+000, 2.6972768E+000, 2.6692079E+000, 2.6272640E+000, 2.5505312E+000, 2.5091040E+000, 2.4689783E+000, 2.4578613E+000, 2.4439089E+000, 2.3924995E+000, 2.2883564E+000, 2.2584821E+000, 2.2073403E+000, 2.2197837E+000, 2.2218216E+000, 2.1931605E+000, 2.8412546E-001, 2.9579377E-001, 2.9744149E-001, 3.0086784E-001, 2.9926120E-001, 2.9729081E-001, 2.9683657E-001, 2.9468964E-001, 2.9164397E-001, 2.9084569E-001, 2.9049223E-001, 2.9219990E-001, 2.9496240E-001, 2.9504584E-001, 2.9388355E-001, 2.9484127E-001, 2.9455437E-001, 3.0016168E-001, 3.0069711E-001, 3.0723685E-001, 3.1467276E+000, 3.1830928E+000, 3.2293740E+000, 3.2064247E+000, 2.9903892E+000, 2.8767189E+000, 3.0785119E+000, 3.5267334E+000, 2.9650917E+000, 2.8356132E+000, 2.7230534E+000, 2.7954889E+000, 2.6209883E+000, 2.6961249E+000, 2.6129348E+000, 2.6356781E+000, 2.4949381E+000, 2.5515262E+000, 2.5893235E+000, 2.4548078E+000, 4.3602355E-002, 4.3599925E-002, 4.3730069E-002, 4.4899007E-002, 4.4504745E-002, 4.4187920E-002, 4.4294450E-002, 4.4604153E-002, 4.5475348E-002, 4.6712960E-002, 4.7027409E-002, 4.7695621E-002, 4.9702607E-002, 5.0610674E-002, 5.1274606E-002, 5.1645366E-002, 5.2281878E-002, 5.3938286E-002, 5.4306225E-002, 5.6442365E-002, 3.0984529E-001, 3.0265403E-001, 2.9219861E-001, 2.8431893E-001, 2.7911001E-001, 2.7444900E-001, 2.7041292E-001, 2.6484139E-001, 2.5295407E-001, 2.4427779E-001, 2.3860740E-001, 2.3486006E-001, 2.2686408E-001, 2.1905300E-001, 2.0749089E-001, 2.0354157E-001, 1.9738663E-001, 1.9388590E-001, 1.9321658E-001, 1.8576484E-001, 1.7351649E-178, 5.5501024E-170, 4.6398036E-153, 9.2518152E-135, 9.5537240E-125, 1.0441520E-114, 1.6693889E-104, 8.3598500E-096, 8.0616061E-068, 2.1605225E-050, 1.8251688E-030, 1.7997546E-024, 5.7607920E-006, 1.3286772E-004, 5.8104739E-004, 7.5220373E-004, 1.0225605E-003, 1.2320171E-003, 1.2915060E-003, 1.7180538E-003, 3.8547998E-002, 3.8465170E-002, 3.7870781E-002, 3.7329249E-002, 3.6987033E-002, 3.6613907E-002, 3.6281040E-002, 3.5904725E-002, 3.4883572E-002, 3.4304068E-002, 3.3883776E-002, 3.3734268E-002, 3.3186058E-002, 3.2592008E-002, 3.2018334E-002, 3.1897484E-002, 3.1664241E-002, 3.1558700E-002, 3.1536300E-002, 3.1331838E-002, 4.3402100E+000, 5.9758336E-002, 1.6919493E-003
 3.7009872E+001, 2.7760198E+000, 2.8514184E+000, 2.9285113E+000, 2.8091241E+000, 2.7480814E+000, 2.6934257E+000, 2.6715249E+000, 2.6935478E+000, 2.6008448E+000, 2.5406987E+000, 2.4156191E+000, 2.4356386E+000, 2.3723598E+000, 2.3216081E+000, 2.3019732E+000, 2.2879564E+000, 2.2591611E+000, 2.2139502E+000, 2.2229396E+000, 2.2082738E+000, 2.8286921E-001, 2.9495907E-001, 3.0153767E-001, 2.9913643E-001, 2.9630047E-001, 2.9423961E-001, 2.9387496E-001, 2.9561989E-001, 2.9524865E-001, 2.9176260E-001, 2.8748156E-001, 2.9051502E-001, 2.9073493E-001, 2.9248028E-001, 2.9564992E-001, 2.9672429E-001, 2.9719289E-001, 3.0072336E-001, 3.0214594E-001, 3.0798655E-001, 2.9900988E+000, 3.0782363E+000, 3.0907924E+000, 3.4358896E+000, 3.0791306E+000, 2.8691830E+000, 2.8726005E+000, 2.9890413E+000, 2.9743252E+000, 2.9268513E+000, 2.6682780E+000, 2.5505635E+000, 2.6577276E+000, 2.6125019E+000, 2.5361158E+000, 2.6182383E+000, 2.5274309E+000, 2.5402075E+000, 2.4812277E+000, 2.5425157E+000, 4.1080434E-002, 4.3191207E-002, 4.6781949E-002, 4.5292445E-002, 4.4768894E-002, 4.4475352E-002, 4.4867912E-002, 4.5901964E-002, 4.6274590E-002, 4.6275986E-002, 4.6419223E-002, 4.7178899E-002, 4.8639294E-002, 5.0159094E-002, 5.1921558E-002, 5.2190617E-002, 5.2962807E-002, 5.4252542E-002, 5.4931777E-002, 5.6658006E-002, 3.0961376E-001, 3.0258945E-001, 2.9327515E-001, 2.8384956E-001, 2.7896528E-001, 2.7376267E-001, 2.6948353E-001, 2.6771314E-001, 2.5481966E-001, 2.4862691E-001, 2.3516275E-001, 2.3437189E-001, 2.2309834E-001, 2.1357655E-001, 2.0694641E-001, 2.0477184E-001, 2.0035529E-001, 1.9267215E-001, 1.9198266E-001, 1.8650241E-001, 3.7150795E-177, 1.8109770E-167, 7.9785419E-149, 3.6639889E-131, 4.5901704E-122, 9.7967154E-113, 1.3046749E-103, 1.6476313E-094, 4.7627082E-068, 9.0634499E-052, 4.2694312E-036, 1.1565953E-027, 1.5657194E-005, 2.9645154E-004, 6.3702262E-004, 7.4115612E-004, 9.5733742E-004, 1.2985754E-003, 1.3548235E-003, 1.6641924E-003, 3.9672113E-002, 3.9599498E-002, 3.8981577E-002, 3.8419158E-002, 3.8067032E-002, 3.7681535E-002, 3.7337624E-002, 3.6950195E-002, 3.5882795E-002, 3.5277450E-002, 3.4841009E-002, 3.4685767E-002, 3.4120430E-002, 3.3515220E-002, 3.2922047E-002, 3.2792151E-002, 3.2539607E-002, 3.2427312E-002, 3.2407725E-002, 3.2192067E-002, 4.3394016E+000, 6.1454800E-002, 1.6929133E-003
 3.8000042E+001, 2.8777995E+000, 2.8241283E+000, 2.7513818E+000, 2.7701098E+000, 2.8124048E+000, 2.7587817E+000, 2.7393840E+000, 2.6952554E+000, 2.5821117E+000, 2.5445615E+000, 2.5732800E+000, 2.5108235E+000, 2.4178163E+000, 2.3206575E+000, 2.2484555E+000, 2.2498001E+000, 2.2295449E+000, 2.1956383E+000, 2.2021905E+000, 2.2072863E+000, 2.8548649E-001, 2.9616114E-001, 2.9844540E-001, 2.9987683E-001, 3.0206362E-001, 2.9951343E-001, 2.9884164E-001, 2.9653332E-001, 2.9349343E-001, 2.9242904E-001, 2.9691848E-001, 2.9549222E-001, 2.9262462E-001, 2.9150621E-001, 2.9314564E-001, 2.9552339E-001, 2.9650901E-001, 3.0062451E-001, 3.0164894E-001, 3.0800803E-001, 3.1898496E+000, 3.3989007E+000, 3.3557794E+000, 2.7567666E+000, 3.0808545E+000, 2.8519305E+000, 2.8201166E+000, 3.0310954E+000, 3.1502489E+000, 2.7310073E+000, 2.8696259E+000, 2.7662795E+000, 2.6586062E+000, 2.7161322E+000, 2.5046588E+000, 2.4352673E+000, 2.5219187E+000, 2.4783389E+000, 2.5323165E+000, 2.4721685E+000, 4.3911738E-002, 4.2261160E-002, 4.2321168E-002, 4.4442298E-002, 4.6227371E-002, 4.5766578E-002, 4.6060072E-002, 4.6017260E-002, 4.5898673E-002, 4.6850717E-002, 4.8541066E-002, 4.8506351E-002, 4.8904624E-002, 4.9750184E-002, 5.1329817E-002, 5.2065967E-002, 5.2958566E-002, 5.4392522E-002, 5.4940217E-002, 5.6638838E-002, 3.0982677E-001, 3.0217705E-001, 2.8997064E-001, 2.8209712E-001, 2.7971740E-001, 2.7553042E-001, 2.7202932E-001, 2.6744769E-001, 2.5468194E-001, 2.4753396E-001, 2.4421388E-001, 2.3741687E-001, 2.2680467E-001, 2.1462831E-001, 2.0368817E-001, 2.0153030E-001, 1.9769872E-001, 1.9076940E-001, 1.9012927E-001, 1.8650810E-001, 2.2823417E-176, 6.3469244E-167, 2.0129060E-148, 5.4941813E-131, 8.8284751E-123, 1.2450238E-114, 1.9389672E-105, 5.2883721E-097, 1.9379250E-070, 5.0206138E-054, 9.0777742E-036, 2.9902419E-026, 1.6565724E-005, 2.3797712E-004, 7.0983274E-004, 8.1837769E-004, 1.0266065E-003, 1.3924702E-003, 1.4471643E-003, 1.7032729E-003, 4.0759955E-002, 4.0686528E-002, 4.0078362E-002, 3.9519756E-002, 3.9153621E-002, 3.8748557E-002, 3.8384480E-002, 3.7979802E-002, 3.6896831E-002, 3.6275598E-002, 3.5811902E-002, 3.5643299E-002, 3.5048486E-002, 3.4417641E-002, 3.3808952E-002, 3.3675630E-002, 3.3411224E-002, 3.3287403E-002, 3.3268835E-002, 3.3054145E-002, 4.3406132E+000, 6.3141290E-002, 1.6909950E-003
 3.9002435E+001, 2.9421607E+000, 2.9679039E+000, 2.8920415E+000, 2.8551300E+000, 2.7821682E+000, 2.7381361E+000, 2.6354769E+000, 2.6002278E+000, 2.5953370E+000, 2.5219552E+000, 2.4915538E+000, 2.4898376E+000, 2.3951461E+000, 2.3644715E+000, 2.2709684E+000, 2.2320338E+000, 2.1850234E+000, 2.2029099E+000, 2.2054382E+000, 2.2280941E+000, 2.8429953E-001, 2.9813337E-001, 3.0127534E-001, 3.0406370E-001, 3.0204808E-001, 2.9901328E-001, 2.9486279E-001, 2.9217117E-001, 2.9307189E-001, 2.9043015E-001, 2.9127595E-001, 2.9305910E-001, 2.9091460E-001, 2.9441227E-001, 2.9364231E-001, 2.9388630E-001, 2.9415006E-001, 3.0029175E-001, 3.0160037E-001, 3.0905798E-001, 3.1927926E+000, 3.3794807E+000, 2.9877798E+000, 3.2644896E+000, 2.9025255E+000, 3.4562621E+000, 3.1350754E+000, 3.1495552E+000, 2.8633840E+000, 2.7495311E+000, 2.6400663E+000, 2.6620000E+000, 2.6790824E+000, 2.5572987E+000, 2.6478441E+000, 2.5544650E+000, 2.4746436E+000, 2.5386657E+000, 2.4853088E+000, 2.4326438E+000, 4.6011012E-002, 4.6438623E-002, 4.6114894E-002, 4.6325563E-002, 4.5427447E-002, 4.5476093E-002, 4.4121627E-002, 4.4250166E-002, 4.5707000E-002, 4.6073932E-002, 4.6977079E-002, 4.7483003E-002, 4.8383302E-002, 5.0654680E-002, 5.1358264E-002, 5.1492440E-002, 5.2348092E-002, 5.4176825E-002, 5.4889338E-002, 5.6925069E-002, 3.0999928E-001, 3.0313325E-001, 2.9164577E-001, 2.8411163E-001, 2.7892461E-001, 2.7438410E-001, 2.6793339E-001, 2.6373538E-001, 2.5680337E-001, 2.4775017E-001, 2.4109645E-001, 2.3897517E-001, 2.2625462E-001, 2.1628131E-001, 2.0565071E-001, 2.0156865E-001, 1.9520169E-001, 1.9188231E-001, 1.9050192E-001, 1.8758795E-001, 3.4399093E-178, 1.0563139E-169, 2.6161952E-152, 1.5698351E-134, 4.7449045E-125, 1.8562911E-115, 8.3203188E-106, 1.3206228E-096, 1.0593584E-066, 1.1394912E-041, 1.8571978E-030, 1.4869364E-024, 5.4405017E-006, 2.2237381E-004, 6.6181911E-004, 8.2617032E-004, 1.0918974E-003, 1.3179062E-003, 1.4086034E-003, 1.6391613E-003, 4.1912169E-002, 4.1832906E-002, 4.1189144E-002, 4.0584925E-002, 4.0206881E-002, 3.9791750E-002, 3.9421160E-002, 3.9009876E-002, 3.7904221E-002, 3.7261464E-002, 3.6788694E-002, 3.6615055E-002, 3.5990669E-002, 3.5332217E-002, 3.4683342E-002, 3.4542510E-002, 3.4271008E-002, 3.4145453E-002, 3.4128535E-002, 3.3919188E-002, 4.3342652E+000, 6.4826399E-002, 1.6905429E-003
 4.0004829E+001, 2.8736912E+000, 2.9122274E+000, 2.8592998E+000, 2.7688555E+000, 2.7268411E+000, 2.7210482E+000, 2.7331603E+000, 2.7105343E+000, 2.6163155E+000, 2.5300918E+000, 2.4600033E+000, 2.4326218E+000, 2.3448863E+000, 2.3088475E+000, 2.2729838E+000, 2.2674992E+000, 2.2558718E+000, 2.1916644E+000, 2.1730346E+000, 2.1761951E+000, 2.8450635E-001, 2.9728473E-001, 3.0065327E-001, 3.0047844E-001, 2.9881097E-001, 2.9790304E-001, 2.9869257E-001, 2.9739340E-001, 2.9587470E-001, 2.9123284E-001, 2.8938012E-001, 2.8927726E-001, 2.8824880E-001, 2.8993383E-001, 2.9245613E-001, 2.9472041E-001, 2.9729018E-001, 2.9992957E-001, 2.9988000E-001, 3.0657819E-001, 2.9192686E+000, 3.0414821E+000, 2.9732582E+000, 3.0620045E+000, 3.1856394E+000, 3.3854281E+000, 3.1054749E+000, 3.0095508E+000, 2.8187172E+000, 2.7887387E+000, 2.7803950E+000, 2.7537900E+000, 2.7412510E+000, 2.6016559E+000, 2.5989289E+000, 2.5381817E+000, 2.4569037E+000, 2.5698948E+000, 2.5554091E+000, 2.4372125E+000, 4.3948359E-002, 4.4961108E-002, 4.5286223E-002, 4.5016518E-002, 4.4742083E-002, 4.5069089E-002, 4.5959816E-002, 4.6258028E-002, 4.7072971E-002, 4.6597939E-002, 4.6533651E-002, 4.6582287E-002, 4.7820801E-002, 4.9127492E-002, 5.0763043E-002, 5.1492097E-002, 5.3091798E-002, 5.4184138E-002, 5.4477000E-002, 5.6340114E-002, 3.0978860E-001, 3.0255185E-001, 2.9133944E-001, 2.8002812E-001, 2.7611743E-001, 2.7406822E-001, 2.7167604E-001, 2.6813637E-001, 2.5413606E-001, 2.4691412E-001, 2.3934316E-001, 2.3591450E-001, 2.2285022E-001, 2.1533997E-001, 2.0741656E-001, 2.0476704E-001, 1.9953771E-001, 1.9079960E-001, 1.8869329E-001, 1.8454049E-001, 8.3993658E-170, 5.7486166E-159, 3.9288763E-137, 4.6664926E-116, 4.7968189E-107, 7.7398223E-097, 2.4584090E-087, 9.5274145E-078, 8.6098330E-051, 5.6426837E-032, 2.3257099E-022, 1.9959282E-020, 1.4702500E-005, 2.3295419E-004, 5.8418245E-004, 7.1451417E-004, 9.7979090E-004, 1.3808867E-003, 1.4801868E-003, 1.7394378E-003, 4.3068420E-002, 4.2983567E-002, 4.2305003E-002, 4.1678051E-002, 4.1290600E-002, 4.0869907E-002, 4.0488964E-002, 4.0059511E-002, 3.8909444E-002, 3.8244991E-002, 3.7750180E-002, 3.7568376E-002, 3.6918474E-002, 3.6241366E-002, 3.5581420E-002, 3.5433031E-002, 3.5141714E-002, 3.5002492E-002, 3.4986585E-002, 3.4783221E-002, 4.3455334E+000, 6.6522570E-002, 1.6967274E-003
 4.1007223E+001, 2.6615401E+000, 2.6690893E+000, 2.6873107E+000, 2.7513010E+000, 2.7826413E+000, 2.7769700E+000, 2.7547907E+000, 2.7467460E+000, 2.7275483E+000, 2.6703383E+000, 2.5067390E+000, 2.4321752E+000, 2.4298639E+000, 2.3271834E+000, 2.2836372E+000, 2.2712778E+000, 2.2237554E+000, 2.2189701E+000, 2.2117674E+000, 2.1709925E+000, 2.8200478E-001, 2.9295559E-001, 2.9583220E-001, 2.9744263E-001, 2.9816945E-001, 2.9819085E-001, 2.9883177E-001, 2.9946007E-001, 3.0353655E-001, 3.0102899E-001, 2.9315016E-001, 2.9121119E-001, 2.9385211E-001, 2.9136854E-001, 2.9364636E-001, 2.9513226E-001, 2.9465910E-001, 2.9995967E-001, 3.0075632E-001, 3.0693481E-001, 2.9265390E+000, 2.9145574E+000, 2.9145330E+000, 2.8916479E+000, 2.9093685E+000, 3.2247409E+000, 2.9811326E+000, 3.0018493E+000, 3.0069496E+000, 2.9848517E+000, 3.2566873E+000, 2.8008192E+000, 2.6607567E+000, 2.7058345E+000, 2.5542850E+000, 2.5561366E+000, 2.5274153E+000, 2.5480133E+000, 2.4684253E+000, 2.5326594E+000, 3.7452097E-002, 3.7813912E-002, 4.0780569E-002, 4.4157897E-002, 4.5824080E-002, 4.6664507E-002, 4.6917908E-002, 4.7360078E-002, 4.8813055E-002, 4.9222474E-002, 4.7755523E-002, 4.7637496E-002, 4.9320775E-002, 4.9616279E-002, 5.1197823E-002, 5.1636229E-002, 5.2136184E-002, 5.3807345E-002, 5.4370667E-002, 5.6591140E-002, 3.0932164E-001, 3.0122582E-001, 2.8863211E-001, 2.8180338E-001, 2.7865304E-001, 2.7460338E-001, 2.7078927E-001, 2.6806223E-001, 2.5922533E-001, 2.5183498E-001, 2.4001677E-001, 2.3244987E-001, 2.2670048E-001, 2.1574342E-001, 2.0723422E-001, 2.0470887E-001, 1.9931038E-001, 1.9415081E-001, 1.9236481E-001, 1.8358847E-001, 4.2537345E-161, 1.0023869E-151, 2.2346127E-132, 5.4511277E-114, 1.0732550E-104, 9.1515948E-096, 8.2528292E-087, 7.2154998E-078, 1.1669079E-052, 5.8801803E-035, 1.7737734E-023, 1.0136204E-022, 3.5487660E-006, 2.1065338E-004, 5.8462137E-004, 6.9788392E-004, 9.5771394E-004, 1.2336357E-003, 1.3355795E-003, 1.8081181E-003, 4.4143464E-002, 4.4066000E-002, 4.3397931E-002, 4.2771706E-002, 4.2372175E-002, 4.1939697E-002, 4.1555403E-002, 4.1125288E-002, 3.9945897E-002, 3.9243848E-002, 3.8717490E-002, 3.8528019E-002, 3.7851274E-002, 3.7147323E-002, 3.6472164E-002, 3.6318595E-002, 3.6019649E-002, 3.5872819E-002, 3.5850282E-002, 3.5629709E-002, 4.3435938E+000, 6.8222173E-002, 1.6892770E-003
 4.2009616E+001, 2.7792479E+000, 2.7510980E+000, 2.6147083E+000, 2.5269264E+000, 2.5108963E+000, 2.5352158E+000, 2.5845448E+000, 2.6026106E+000, 2.5472424E+000, 2.5252567E+000, 2.5963484E+000, 2.6104297E+000, 2.5037602E+000, 2.3678447E+000, 2.2861904E+000, 2.2702187E+000, 2.2294255E+000, 2.1778712E+000, 2.1729926E+000, 2.1329587E+000, 2.8318120E-001, 2.9383055E-001, 2.9470911E-001, 2.9278097E-001, 2.9133701E-001, 2.9049656E-001, 2.9273349E-001, 2.9232675E-001, 2.9129722E-001, 2.9180461E-001, 2.9996625E-001, 3.0261263E-001, 2.9905174E-001, 2.9474725E-001, 2.9492989E-001, 2.9604469E-001, 2.9625773E-001, 2.9909774E-001, 2.9951708E-001, 3.0399674E-001, 3.0276665E+000, 3.1734331E+000, 2.9834534E+000, 2.8837926E+000, 2.7921016E+000, 2.6896469E+000, 2.8103739E+000, 2.5926714E+000, 2.7690168E+000, 2.8178191E+000, 2.7890641E+000, 2.7182917E+000, 2.7846935E+000, 2.9063345E+000, 2.6022749E+000, 2.5357776E+000, 2.5729921E+000, 2.5179114E+000, 2.4636920E+000, 2.4753422E+000, 4.1103270E-002, 4.0073227E-002, 3.8561022E-002, 3.8784728E-002, 3.9601568E-002, 4.0892428E-002, 4.2521590E-002, 4.3933576E-002, 4.5413622E-002, 4.6863070E-002, 4.9758841E-002, 5.0504551E-002, 5.0851576E-002, 5.0798444E-002, 5.1810934E-002, 5.2095243E-002, 5.2861842E-002, 5.3874120E-002, 5.4264432E-002, 5.5575571E-002, 3.0968886E-001, 3.0231620E-001, 2.8864159E-001, 2.7599311E-001, 2.7097702E-001, 2.6892559E-001, 2.6776211E-001, 2.6478878E-001, 2.5276559E-001, 2.4533477E-001, 2.4230341E-001, 2.4073499E-001, 2.2898241E-001, 2.1608084E-001, 2.0573911E-001, 2.0340759E-001, 1.9782908E-001, 1.9048282E-001, 1.8916250E-001, 1.8272805E-001, 1.7419074E-158, 5.8156582E-150, 2.6526072E-133, 8.2896826E-115, 2.7612142E-106, 6.8662502E-098, 1.1344769E-088, 1.0977434E-079, 1.4403472E-053, 9.2383969E-036, 2.9538038E-024, 3.5957691E-022, 1.3558126E-005, 2.0995934E-004, 6.5084008E-004, 7.6579983E-004, 1.0141772E-003, 1.3715268E-003, 1.4516307E-003, 1.8077055E-003, 4.5210986E-002, 4.5117622E-002, 4.4419176E-002, 4.3796146E-002, 4.3407589E-002, 4.2984747E-002, 4.2604044E-002, 4.2171380E-002, 4.0982650E-002, 4.0281553E-002, 3.9733524E-002, 3.9524163E-002, 3.8805641E-002, 3.8069150E-002, 3.7364391E-002, 3.7204131E-002, 3.6891293E-002, 3.6730984E-002, 3.6707164E-002, 3.6477208E-002, 4.3190307E+000, 6.9915216E-002, 1.6846884E-003
 4.3012010E+001, 2.9509756E+000, 2.9093381E+000, 2.8225623E+000, 2.6915606E+000, 2.6724845E+000, 2.6309177E+000, 2.5791060E+000, 2.5273036E+000, 2.4172969E+000, 2.4241730E+000, 2.4406673E+000, 2.4319584E+000, 2.4281654E+000, 2.4404553E+000, 2.3637729E+000, 2.3345060E+000, 2.2970652E+000, 2.2791029E+000, 2.2482366E+000, 2.1628346E+000, 2.8572883E-001, 2.9716008E-001, 2.9896391E-001, 2.9700852E-001, 2.9588245E-001, 2.9325157E-001, 2.9067409E-001, 2.8828645E-001, 2.8540512E-001, 2.8568439E-001, 2.8811486E-001, 2.8947685E-001, 2.9345611E-001, 2.9830539E-001, 2.9805837E-001, 2.9904471E-001, 2.9938437E-001, 3.0421088E-001, 3.0383056E-001, 3.0624949E-001, 3.3927548E+000, 3.1760643E+000, 3.2354088E+000, 2.9984708E+000, 2.9121653E+000, 3.2197186E+000, 2.9648595E+000, 2.9521562E+000, 2.6850924E+000, 2.5453367E+000, 2.6711089E+000, 2.7657858E+000, 2.7174771E+000, 2.7221914E+000, 2.5881457E+000, 2.6588583E+000, 2.6258522E+000, 2.6955965E+000, 2.7397313E+000, 2.5810802E+000, 4.6167125E-002, 4.4745786E-002, 4.3645865E-002, 4.2281285E-002, 4.2824633E-002, 4.2957539E-002, 4.2657442E-002, 4.2609122E-002, 4.2702249E-002, 4.4413926E-002, 4.6219706E-002, 4.6609296E-002, 4.9169169E-002, 5.1666203E-002, 5.2525463E-002, 5.2877682E-002, 5.3668555E-002, 5.5219813E-002, 5.5490482E-002, 5.6373333E-002, 3.1000691E-001, 3.0281979E-001, 2.9329132E-001, 2.8194835E-001, 2.7734148E-001, 2.7219116E-001, 2.6719504E-001, 2.6144974E-001, 2.4808064E-001, 2.4298746E-001, 2.3837046E-001, 2.3590665E-001, 2.2711624E-001, 2.2037708E-001, 2.1089864E-001, 2.0718809E-001, 2.0176339E-001, 1.9597400E-001, 1.9282023E-001, 1.8332859E-001, 1.2572837E-160, 7.0209291E-152, 1.9197703E-134, 1.9478523E-116, 4.7155553E-108, 7.3422084E-100, 5.5447576E-091, 1.7901914E-082, 1.4778219E-058, 1.4910417E-043, 6.7892758E-032, 4.5374713E-028, 9.5396729E-009, 1.3816370E-004, 4.9932375E-004, 6.4798146E-004, 8.7459349E-004, 1.1736382E-003, 1.3312146E-003, 1.7893331E-003, 4.6334528E-002, 4.6222448E-002, 4.5476692E-002, 4.4811055E-002, 4.4407046E-002, 4.3971609E-002, 4.3584605E-002, 4.3146304E-002, 4.1957256E-002, 4.1248707E-002, 4.0701664E-002, 4.0497229E-002, 3.9779415E-002, 3.9018813E-002, 3.8271533E-002, 3.8102384E-002, 3.7777082E-002, 3.7597678E-002, 3.7567856E-002, 3.7314720E-002, 4.3311213E+000, 7.1604805E-002, 1.6944071E-003
 4.4002179E+001, 2.8196127E+000, 2.8540000E+000, 2.8806456E+000, 2.8004723E+000, 2.7040470E+000, 2.6789241E+000, 2.6723630E+000, 2.6508974E+000, 2.5843180E+000, 2.4811465E+000, 2.3388429E+000, 2.3381131E+000, 2.3832311E+000, 2.3622903E+000, 2.2922774E+000, 2.2941094E+000, 2.2843229E+000, 2.2835166E+000, 2.2962899E+000, 2.2810365E+000, 2.8303008E-001, 2.9548499E-001, 3.0032504E-001, 2.9973227E-001, 2.9723616E-001, 2.9510736E-001, 2.9581217E-001, 2.9357737E-001, 2.9302383E-001, 2.8835108E-001, 2.8238245E-001, 2.8441333E-001, 2.9062853E-001, 2.9267781E-001, 2.9452467E-001, 2.9684940E-001, 2.9834504E-001, 3.0409632E-001, 3.0533286E-001, 3.1090426E-001, 3.3745896E+000, 3.1272123E+000, 2.9571164E+000, 3.0801471E+000, 2.9229914E+000, 2.9410816E+000, 3.0371979E+000, 2.7893562E+000, 2.8601863E+000, 2.7894589E+000, 2.8836954E+000, 2.6225468E+000, 2.6760750E+000, 2.6826381E+000, 2.5347705E+000, 2.5740304E+000, 2.5708967E+000, 2.5723560E+000, 2.5884757E+000, 2.5635173E+000, 4.2402598E-002, 4.3242008E-002, 4.6109344E-002, 4.5887813E-002, 4.4216820E-002, 4.4448062E-002, 4.4733202E-002, 4.4765844E-002, 4.6070547E-002, 4.5584214E-002, 4.4965760E-002, 4.5880696E-002, 4.8387770E-002, 4.9847870E-002, 5.1548854E-002, 5.2247549E-002, 5.3294193E-002, 5.5150708E-002, 5.5716671E-002, 5.7237120E-002, 3.0969779E-001, 3.0228792E-001, 2.9073133E-001, 2.8072129E-001, 2.7590983E-001, 2.7219496E-001, 2.6973332E-001, 2.6743646E-001, 2.5439232E-001, 2.4512233E-001, 2.3192574E-001, 2.2855286E-001, 2.2506777E-001, 2.1833545E-001, 2.0711414E-001, 2.0513890E-001, 2.0179477E-001, 1.9642029E-001, 1.9625153E-001, 1.9123903E-001, 1.2797395E-162, 2.4720669E-154, 6.0202402E-137, 4.4473469E-120, 3.3671314E-112, 1.4340863E-104, 5.3456024E-097, 2.2908748E-089, 1.1786729E-066, 2.6589778E-046, 2.4688564E-020, 2.6889288E-011, 1.8682471E-005, 1.2984426E-004, 6.1474950E-004, 7.2553948E-004, 9.2071250E-004, 1.1917580E-003, 1.2135654E-003, 1.4983052E-003, 4.7479440E-002, 4.7371555E-002, 4.6595051E-002, 4.5881291E-002, 4.5457482E-002, 4.5011892E-002, 4.4617096E-002, 4.4167642E-002, 4.2918497E-002, 4.2179979E-002, 4.1623859E-002, 4.1423500E-002, 4.0713375E-002, 3.9945324E-002, 3.9181697E-002, 3.9008179E-002, 3.8673784E-002, 3.8493085E-002, 3.8461849E-002, 3.8185873E-002, 4.3409319E+000, 7.3290544E-002, 1.6912683E-003
 4.5004573E+001, 2.9309681E+000, 2.9902032E+000, 2.9297081E+000, 2.8551061E+000, 2.8220463E+000, 2.7378142E+000, 2.7437126E+000, 2.7484053E+000, 2.5289257E+000, 2.4890733E+000, 2.4746380E+000, 2.4331872E+000, 2.3532680E+000, 2.3665072E+000, 2.3414626E+000, 2.3199768E+000, 2.3015761E+000, 2.3117223E+000, 2.2987042E+000, 2.2248108E+000, 2.8697883E-001, 3.0211967E-001, 3.0799125E-001, 3.0596070E-001, 3.0326560E-001, 2.9817115E-001, 2.9962309E-001, 3.0066784E-001, 2.8946771E-001, 2.8890558E-001, 2.9065750E-001, 2.9024532E-001, 2.8905151E-001, 2.9420990E-001, 2.9595309E-001, 2.9687731E-001, 2.9828029E-001, 3.0324179E-001, 3.0391694E-001, 3.0847045E-001, 3.0599930E+000, 2.8882084E+000, 2.9892127E+000, 3.5006996E+000, 3.4615284E+000, 3.1234028E+000, 2.9135130E+000, 2.9403409E+000, 3.0169894E+000, 2.7080722E+000, 2.7178900E+000, 2.7881131E+000, 2.6696396E+000, 2.5320228E+000, 2.5639872E+000, 2.6089744E+000, 2.6632055E+000, 2.6398895E+000, 2.6643699E+000, 2.4758280E+000, 4.5391549E-002, 4.6723328E-002, 4.6581620E-002, 4.6293943E-002, 4.6399727E-002, 4.5304924E-002, 4.6291779E-002, 4.7045312E-002, 4.4815799E-002, 4.6015438E-002, 4.6978592E-002, 4.7075754E-002, 4.8148277E-002, 5.0520144E-002, 5.1716403E-002, 5.1980013E-002, 5.3031421E-002, 5.4400960E-002, 5.4981366E-002, 5.6705431E-002, 3.1001572E-001, 3.0358471E-001, 2.9245965E-001, 2.8393898E-001, 2.7987863E-001, 2.7521977E-001, 2.7146707E-001, 2.6866471E-001, 2.5294873E-001, 2.4459005E-001, 2.3934590E-001, 2.3438403E-001, 2.2281603E-001, 2.1682488E-001, 2.1113029E-001, 2.0817160E-001, 2.0393468E-001, 2.0072010E-001, 1.9826483E-001, 1.8774261E-001, 8.3025372E-166, 4.1692629E-157, 1.0258788E-141, 1.7893463E-125, 5.0375496E-117, 6.0916024E-109, 1.2132560E-099, 3.8055114E-089, 1.2072531E-060, 1.0241457E-040, 9.3078996E-020, 9.2436713E-012, 2.8788045E-005, 2.0845475E-004, 4.6134954E-004, 5.9107126E-004, 7.9782777E-004, 1.0063549E-003, 1.1367414E-003, 1.6662817E-003, 4.8613976E-002, 4.8504249E-002, 4.7698525E-002, 4.6958212E-002, 4.6520629E-002, 4.6061733E-002, 4.5656607E-002, 4.5193136E-002, 4.3912971E-002, 4.3156033E-002, 4.2567295E-002, 4.2350815E-002, 4.1631581E-002, 4.0871393E-002, 4.0080422E-002, 3.9900738E-002, 3.9562632E-002, 3.9382966E-002, 3.9347618E-002, 3.9067887E-002, 4.3441056E+000, 7.4976880E-002, 1.6942729E-003
 4.6006967E+001, 2.8170555E+000, 2.7526150E+000, 2.6857650E+000, 2.6989234E+000, 2.7376045E+000, 2.8265428E+000, 2.8233441E+000, 2.8140127E+000, 2.8589056E+000, 2.7129552E+000, 2.6010842E+000, 2.5347690E+000, 2.3863116E+000, 2.3442796E+000, 2.3083952E+000, 2.2932232E+000, 2.2752453E+000, 2.2868237E+000, 2.2915699E+000, 2.2328367E+000, 2.8332997E-001, 2.9346789E-001, 2.9519764E-001, 2.9936295E-001, 3.0126024E-001, 3.0548393E-001, 3.0561428E-001, 3.0463486E-001, 3.1175255E-001, 3.0328738E-001, 2.9932574E-001, 2.9723493E-001, 2.9111657E-001, 2.9235161E-001, 2.9530397E-001, 2.9666297E-001, 2.9821034E-001, 3.0324846E-001, 3.0382571E-001, 3.0646683E-001, 3.1434743E+000, 3.2951017E+000, 2.8797870E+000, 2.9749731E+000, 2.7500529E+000, 2.8808259E+000, 2.8320010E+000, 2.7688975E+000, 2.9218931E+000, 2.7655555E+000, 3.0272273E+000, 3.0519888E+000, 2.6672265E+000, 2.6251850E+000, 2.5829742E+000, 2.6424277E+000, 2.4882902E+000, 2.4967257E+000, 2.5205162E+000, 2.5816570E+000, 4.2275759E-002, 4.0303350E-002, 4.0688697E-002, 4.2760507E-002, 4.4604566E-002, 4.7492288E-002, 4.8499447E-002, 4.9062100E-002, 5.1044111E-002, 4.9538874E-002, 4.9266218E-002, 4.8899325E-002, 4.8595590E-002, 4.9901142E-002, 5.1752351E-002, 5.2164628E-002, 5.3285248E-002, 5.4685233E-002, 5.4993502E-002, 5.5645945E-002, 3.0970148E-001, 3.0192317E-001, 2.8905492E-001, 2.8041701E-001, 2.7734973E-001, 2.7584324E-001, 2.7147090E-001, 2.6845015E-001, 2.6444087E-001, 2.5516866E-001, 2.4442740E-001, 2.3872953E-001, 2.2457531E-001, 2.1653085E-001, 2.0797464E-001, 2.0525342E-001, 2.0097588E-001, 1.9786929E-001, 1.9776667E-001, 1.9106658E-001, 5.0199167E-171, 2.3945384E-163, 8.2974481E-148, 1.5236408E-128, 1.3729581E-118, 7.2257524E-109, 1.3941425E-099, 2.3813588E-090, 7.0186459E-063, 5.6008125E-046, 5.9211945E-028, 1.2425219E-016, 1.1495090E-005, 1.8417139E-004, 5.7114218E-004, 7.0330871E-004, 9.2660765E-004, 1.1264778E-003, 1.1560297E-003, 1.5053363E-003, 4.9718229E-002, 4.9610139E-002, 4.8810385E-002, 4.8072087E-002, 4.7634918E-002, 4.7173516E-002, 4.6764552E-002, 4.6297850E-002, 4.4978747E-002, 4.4173211E-002, 4.3542671E-002, 4.3309608E-002, 4.2556705E-002, 4.1784733E-002, 4.0990862E-002, 4.0808145E-002, 4.0463663E-002, 4.0292480E-002, 4.0255239E-002, 3.9934699E-002, 4.3428355E+000, 7.6675495E-002, 1.6897221E-003
 4.7009360E+001, 2.7967302E+000, 2.8464984E+000, 2.7000002E+000, 2.7147862E+000, 2.6957729E+000, 2.6548932E+000, 2.6207728E+000, 2.5232519E+000, 2.5360764E+000, 2.6053078E+000, 2.5498646E+000, 2.5383347E+000, 2.4437544E+000, 2.3511284E+000, 2.2749315E+000, 2.2726869E+000, 2.2490823E+000, 2.2163631E+000, 2.2093292E+000, 2.1736274E+000, 2.8411670E-001, 2.9666600E-001, 2.9598547E-001, 2.9644958E-001, 2.9536393E-001, 2.9418941E-001, 2.9436315E-001, 2.8935513E-001, 2.9203661E-001, 2.9729376E-001, 2.9652185E-001, 2.9733971E-001, 2.9459303E-001, 2.9296255E-001, 2.9328761E-001, 2.9549413E-001, 2.9650181E-001, 3.0108666E-001, 3.0152990E-001, 3.0640476E-001, 2.8722738E+000, 3.0250910E+000, 3.0111921E+000, 2.8490143E+000, 3.1829716E+000, 2.9105599E+000, 3.0843865E+000, 3.3873715E+000, 2.6446776E+000, 2.6451224E+000, 2.8709454E+000, 2.9055797E+000, 2.6852715E+000, 2.7190226E+000, 2.5566366E+000, 2.5161882E+000, 2.5396225E+000, 2.5175953E+000, 2.4876443E+000, 2.4678722E+000, 4.1556165E-002, 4.2981110E-002, 4.0865412E-002, 4.3226603E-002, 4.3624823E-002, 4.3588517E-002, 4.3747136E-002, 4.2836983E-002, 4.5590859E-002, 4.8372773E-002, 4.8704298E-002, 4.8919875E-002, 4.9450408E-002, 5.0137942E-002, 5.1149447E-002, 5.1803129E-002, 5.2752643E-002, 5.4416480E-002, 5.4860361E-002, 5.6336420E-002, 3.0957960E-001, 3.0212438E-001, 2.8989651E-001, 2.8131537E-001, 2.7734758E-001, 2.7241367E-001, 2.6736829E-001, 2.6019009E-001, 2.5082795E-001, 2.4848974E-001, 2.4128183E-001, 2.3889806E-001, 2.2774013E-001, 2.1642962E-001, 2.0647962E-001, 2.0441469E-001, 2.0001356E-001, 1.9245356E-001, 1.9087865E-001, 1.8437744E-001, 1.9396592E-177, 1.1737617E-167, 5.9764281E-149, 2.8475775E-131, 1.3494778E-122, 1.0768925E-113, 3.4845330E-105, 1.1270572E-096, 1.7430737E-068, 1.0136405E-048, 1.3728054E-029, 2.0632985E-020, 2.4414507E-007, 1.8962986E-004, 6.0920953E-004, 7.1021579E-004, 9.3198274E-004, 1.3037146E-003, 1.3972492E-003, 1.7806900E-003, 5.0832853E-002, 5.0712729E-002, 4.9865819E-002, 4.9110777E-002, 4.8667736E-002, 4.8204371E-002, 4.7795814E-002, 4.7330101E-002, 4.6030528E-002, 4.5217362E-002, 4.4559410E-002, 4.4310226E-002, 4.3505193E-002, 4.2703276E-002, 4.1891749E-002, 4.1705407E-002, 4.1348108E-002, 4.1171688E-002, 4.1133621E-002, 4.0803827E-002, 4.3202604E+000, 7.8368990E-002, 1.6828717E-003
 4.8011754E+001, 2.8392631E+000, 2.8331143E+000, 2.8689987E+000, 2.6857190E+000, 2.6936837E+000, 2.6960313E+000, 2.6924856E+000, 2.6707902E+000, 2.6251537E+000, 2.5129865E+000, 2.4480709E+000, 2.4563163E+000, 2.4546987E+000, 2.4263253E+000, 2.3772333E+000, 2.3351738E+000, 2.2404258E+000, 2.2398590E+000, 2.2518981E+000, 2.2101992E+000, 2.8652049E-001, 2.9832711E-001, 3.0479483E-001, 2.9848945E-001, 2.9855947E-001, 2.9778116E-001, 2.9693630E-001, 2.9522015E-001, 2.9700487E-001, 2.9108252E-001, 2.8920045E-001, 2.9174879E-001, 2.9534297E-001, 2.9729976E-001, 2.9828184E-001, 2.9842477E-001, 2.9653895E-001, 3.0194945E-001, 3.0332479E-001, 3.0782088E-001, 2.9435973E+000, 2.9789028E+000, 3.1487418E+000, 3.0012250E+000, 2.9182357E+000, 2.8815142E+000, 3.5124285E+000, 2.8064658E+000, 2.8431033E+000, 2.9015768E+000, 2.8200384E+000, 2.7679769E+000, 2.6921724E+000, 2.6614198E+000, 2.6610632E+000, 2.7385627E+000, 2.6435649E+000, 2.5086215E+000, 2.5140023E+000, 2.6315143E+000, 4.2674862E-002, 4.2489893E-002, 4.5272958E-002, 4.2498373E-002, 4.3364373E-002, 4.4213622E-002, 4.4975093E-002, 4.5473237E-002, 4.6826971E-002, 4.6556276E-002, 4.6698360E-002, 4.7394448E-002, 4.9697414E-002, 5.1290754E-002, 5.2426414E-002, 5.2546398E-002, 5.2901247E-002, 5.4558362E-002, 5.5192315E-002, 5.6560305E-002, 3.0968147E-001, 3.0198378E-001, 2.9101581E-001, 2.7991842E-001, 2.7704876E-001, 2.7416096E-001, 2.7067222E-001, 2.6650957E-001, 2.5563554E-001, 2.4490228E-001, 2.3754465E-001, 2.3583841E-001, 2.2798258E-001, 2.2020172E-001, 2.1240919E-001, 2.0809183E-001, 1.9867678E-001, 1.9414473E-001, 1.9373218E-001, 1.8698357E-001, 2.0735349E-180, 2.1005490E-171, 3.9126002E-154, 5.4094445E-137, 1.0447668E-127, 3.5345403E-118, 1.2922794E-108, 2.0592153E-099, 7.1308259E-073, 1.0887107E-055, 6.3036517E-039, 1.0292707E-027, 2.5466144E-008, 9.6536837E-005, 4.2193225E-004, 5.9861968E-004, 9.9446914E-004, 1.2295307E-003, 1.2742204E-003, 1.6473556E-003, 5.1949230E-002, 5.1821011E-002, 5.0943961E-002, 5.0160742E-002, 4.9719773E-002, 4.9255228E-002, 4.8842265E-002, 4.8366066E-002, 4.7013329E-002, 4.6191835E-002, 4.5542229E-002, 4.5292453E-002, 4.4462478E-002, 4.3640843E-002, 4.2794665E-002, 4.2596199E-002, 4.2224395E-002, 4.2044155E-002, 4.2005433E-002, 4.1655329E-002, 4.3229098E+000, 8.0057286E-002, 1.6892525E-003
 4.9001923E+001, 2.9541123E+000, 2.9041012E+000, 2.8045826E+000, 2.8513010E+000, 2.8157713E+000, 2.7700282E+000, 2.7101243E+000, 2.6843626E+000, 2.5470623E+000, 2.4938025E+000, 2.5363318E+000, 2.5373377E+000, 2.4015062E+000, 2.3100842E+000, 2.3035092E+000, 2.3028483E+000, 2.3079648E+000, 2.2734640E+000, 2.2568755E+000, 2.2667497E+000, 2.8579072E-001, 2.9870664E-001, 3.0054711E-001, 3.0440418E-001, 3.0268428E-001, 2.9997686E-001, 2.9812573E-001, 2.9680983E-001, 2.9192310E-001, 2.8966335E-001, 2.9558550E-001, 2.9761737E-001, 2.9241405E-001, 2.9157349E-001, 2.9526020E-001, 2.9706405E-001, 2.9916519E-001, 3.0281329E-001, 3.0319921E-001, 3.1027471E-001, 3.2707820E+000, 3.1859179E+000, 3.4365845E+000, 3.5046984E+000, 3.0184466E+000, 2.9128392E+000, 3.3155855E+000, 2.7620529E+000, 2.7586575E+000, 3.0327757E+000, 2.6276454E+000, 2.6811139E+000, 2.9132784E+000, 2.6543957E+000, 2.5463091E+000, 2.6622656E+000, 2.5026526E+000, 2.5491519E+000, 2.6468014E+000, 2.5653022E+000, 4.6252041E-002, 4.4470587E-002, 4.3618132E-002, 4.6582136E-002, 4.6729798E-002, 4.6818981E-002, 4.5978104E-002, 4.6046071E-002, 4.5291928E-002, 4.5971806E-002, 4.8463578E-002, 4.9065075E-002, 4.9072746E-002, 4.9883276E-002, 5.1744853E-002, 5.2206068E-002, 5.3384378E-002, 5.4576246E-002, 5.5063881E-002, 5.7095614E-002, 3.1002804E-001, 3.0277408E-001, 2.9097712E-001, 2.8285806E-001, 2.7829616E-001, 2.7304794E-001, 2.6912202E-001, 2.6592453E-001, 2.5293099E-001, 2.4506642E-001, 2.4062953E-001, 2.3843199E-001, 2.2463264E-001, 2.1331202E-001, 2.0766445E-001, 2.0614606E-001, 2.0349282E-001, 1.9703909E-001, 1.9452109E-001, 1.9039476E-001, 2.5702072E-183, 1.7988547E-174, 2.5621845E-157, 1.4062002E-139, 1.9065536E-130, 1.8481583E-121, 2.1092791E-112, 1.5241231E-102, 1.2710034E-071, 5.7326499E-052, 8.0973288E-032, 1.7100775E-021, 1.6687895E-005, 3.0305988E-004, 6.0467789E-004, 6.9298124E-004, 8.4050067E-004, 1.1646596E-003, 1.2888463E-003, 1.5340780E-003, 5.3075003E-002, 5.2931212E-002, 5.2039491E-002, 5.1247568E-002, 5.0793532E-002, 5.0312440E-002, 4.9884694E-002, 4.9393617E-002, 4.8021387E-002, 4.7186307E-002, 4.6519094E-002, 4.6257918E-002, 4.5397856E-002, 4.4562324E-002, 4.3714369E-002, 4.3512802E-002, 4.3121232E-002, 4.2918282E-002, 4.2882082E-002, 4.2537124E-002, 4.3306708E+000, 8.1739163E-002, 1.6883203E-003
 5.0000000E+001, 2.8436450E+000, 2.9068789E+000, 2.8777766E+000, 2.8311136E+000, 2.8229095E+000, 2.8118341E+000, 2.8188411E+000, 2.7842909E+000, 2.5666503E+000, 2.4889381E+000, 2.4185918E+000, 2.4097089E+000, 2.3839080E+000, 2.3895164E+000, 2.2842175E+000, 2.2798383E+000, 2.2704773E+000, 2.2343517E+000, 2.2276508E+000, 2.2557262E+000, 2.8315965E-001, 2.9563677E-001, 2.9996401E-001, 3.0233419E-001, 3.0207095E-001, 3.0104565E-001, 3.0301853E-001, 3.0178077E-001, 2.9284982E-001, 2.8919094E-001, 2.8778575E-001, 2.8933812E-001, 2.9134121E-001, 2.9591858E-001, 2.9492779E-001, 2.9697860E-001, 2.9843074E-001, 3.0173611E-001, 3.0198356E-001, 3.0959380E-001, 3.0204966E+000, 3.0224940E+000, 3.3605751E+000, 3.1670483E+000, 2.9724848E+000, 2.9442859E+000, 3.0584979E+000, 3.0801338E+000, 2.8946911E+000, 2.7972588E+000, 2.7907915E+000, 2.5819611E+000, 2.8321573E+000, 2.6257721E+000, 2.6301988E+000, 2.6048712E+000, 2.5723476E+000, 2.5990052E+000, 2.5719853E+000, 2.4699757E+000, 4.3167339E-002, 4.4848119E-002, 4.5602830E-002, 4.6085897E-002, 4.6730088E-002, 4.7169271E-002, 4.7993561E-002, 4.7958896E-002, 4.6179299E-002, 4.6288120E-002, 4.6389315E-002, 4.7004341E-002, 4.8730030E-002, 5.1028260E-002, 5.1774480E-002, 5.2388572E-002, 5.3435163E-002, 5.4509991E-002, 5.4824073E-002, 5.6829572E-002, 3.0978529E-001, 3.0278649E-001, 2.9227279E-001, 2.8280671E-001, 2.7914078E-001, 2.7634063E-001, 2.7334637E-001, 2.6979789E-001, 2.5199379E-001, 2.4343180E-001, 2.3549734E-001, 2.3227301E-001, 2.2383433E-001, 2.1746899E-001, 2.0577091E-001, 2.0354317E-001, 2.0009241E-001, 1.9377210E-001, 1.9258229E-001, 1.9017279E-001, 1.5669683E-184, 7.7873514E-175, 5.0600983E-156, 5.3809570E-138, 3.5117522E-128, 7.4595634E-119, 3.3475468E-109, 2.4748395E-099, 5.7799652E-070, 5.0966103E-051, 1.0695548E-031, 6.4908517E-026, 2.2597773E-005, 1.9425544E-004, 6.7328609E-004, 7.7395467E-004, 9.5097916E-004, 1.2788822E-003, 1.3493753E-003, 1.5688301E-003, 5.4217657E-002, 5.4074635E-002, 5.3150630E-002, 5.2346865E-002, 5.1889725E-002, 5.1401503E-002, 5.0959265E-002, 5.0443488E-002, 4.9006092E-002, 4.8148371E-002, 4.7468846E-002, 4.7208683E-002, 4.6342811E-002, 4.5473137E-002, 4.4600173E-002, 4.4397944E-002, 4.4003387E-002, 4.3792646E-002, 4.3755261E-002, 4.3417221E-002, 4.3349203E+000, 8.3418742E-002, 1.6894014E-003
