s,kW,kW,kW,kW,kW,kW,kW,kW,kW,kW,kg/s,kg/s,kg/s,kg/s
Time,HRR,HRR_OX,Q_RADI,Q_CONV,Q_COND,Q_DIFF,Q_PRES,Q_PART,Q_ENTH,Q_TOTAL,MLR_AIR,MLR_CELLULOSE,MLR_PRODUCTS,MLR_WATER VAPOR
 0.0000000E+000, 0.0000000E+000, 0.0000000E+000,-3.7711963E-004, 0.0000000E+000, 0.0000000E+000, 0.0000000E+000, 0.0000000E+000, 0.0000000E+000, 0.0000000E+000,-3.7711963E-004, 0.0000000E+000, 0.0000000E+000, 0.0000000E+000, 0.0000000E+000
