s,C,C,C,C,C,C,C,C,C,C,C,C,C,C,C,C,C,C,C,C,C,C,kW/m2,kW/m2,kW/m2,kW/m2,kW/m2,kW/m2,kW/m2,kW/m2,kW/m2,C,C
Time,T_bottom,T_top,WT1,WT2,WT3,WT4,WT5,WT6,WT7,WT8,WT9,WT10,WT11,WT12,WT13,WT14,WT15,WT16,WT17,WT18,WT19,WT20,rhfHeatedSide,rhfCooledSide,chfHeatedSide,chfCooledSide,thfHeatedSide,thfCooledSide,rhfRadPanelSide,chfRadPanelSide,thfRadPanelSide,WTRADPANELSBOTTOM,WTRADPANELTOP
 0.0000000E+000, 1.9000000E+002, 1.9000000E+002, 1.9000000E+002, 1.9000000E+002, 1.9000000E+002, 1.9000000E+002, 1.9000000E+002, 1.9000000E+002, 1.9000000E+002, 1.9000000E+002, 1.9000000E+002, 1.9000000E+002, 1.9000000E+002, 1.9000000E+002, 1.9000000E+002, 1.9000000E+002, 1.9000000E+002, 1.9000000E+002, 1.9000000E+002, 1.9000000E+002, 1.9000000E+002, 1.9000000E+002,-2.1614590E-004,-3.4106051E-016, 0.0000000E+000, 0.0000000E+000,-2.1614590E-004,-3.4106051E-016,-5.6969472E-005, 5.6969453E-005,-1.8993857E-011, 1.5000000E+001, 1.4943582E+001
 1.0378224E+000, 1.9095031E+002, 1.9058052E+002, 1.9042437E+002, 1.9015886E+002, 1.9015880E+002, 1.9003449E+002, 1.9095031E+002, 1.8988138E+002, 1.8995525E+002, 1.9012381E+002, 1.9046992E+002, 1.9056466E+002, 1.9056416E+002, 1.9052992E+002, 1.9036956E+002, 1.9002054E+002, 1.8988022E+002, 1.8988015E+002, 1.9002166E+002, 1.9037008E+002, 1.9052920E+002, 1.9056412E+002, 2.8793709E+001,-1.2351558E+000,-1.9932554E-001,-8.5911209E-001, 2.8594383E+001,-2.0942679E+000,-5.1826175E+001,-7.6077559E+000,-5.9433931E+001, 1.5000000E+001, 7.4035937E+002
 2.0135837E+000, 1.9407184E+002, 1.9343908E+002, 1.9174514E+002, 1.9059503E+002, 1.9060126E+002, 1.9005622E+002, 1.9407184E+002, 1.8951962E+002, 1.8994375E+002, 1.9088313E+002, 1.9281998E+002, 1.9335472E+002, 1.9336314E+002, 1.9316367E+002, 1.9224896E+002, 1.9030800E+002, 1.8951336E+002, 1.8951606E+002, 1.9031552E+002, 1.9224800E+002, 1.9316096E+002, 1.9336375E+002, 2.8577540E+001,-2.0524845E+000,-3.1252960E-001,-8.7840104E-001, 2.8265011E+001,-2.9308855E+000,-5.2757356E+001,-7.1951942E+000,-5.9952550E+001, 1.5000000E+001, 7.5194553E+002
 3.0133951E+000, 1.9736496E+002, 1.9671349E+002, 1.9308781E+002, 1.9105231E+002, 1.9105547E+002, 1.9009233E+002, 1.9736496E+002, 1.8914687E+002, 1.8997462E+002, 1.9177174E+002, 1.9547474E+002, 1.9657028E+002, 1.9661209E+002, 1.9618691E+002, 1.9437156E+002, 1.9068778E+002, 1.8914155E+002, 1.8914457E+002, 1.9069981E+002, 1.9436375E+002, 1.9617765E+002, 1.9660371E+002, 2.8946325E+001,-2.1223645E+000,-1.1367939E-001,-1.1159542E+000, 2.8832645E+001,-3.2383187E+000,-5.3433795E+001,-6.5632772E+000,-5.9997072E+001, 1.5000000E+001, 7.5590170E+002
 4.0264835E+000, 2.0078145E+002, 2.0012396E+002, 1.9444561E+002, 1.9151445E+002, 1.9151228E+002, 1.9012267E+002, 2.0078145E+002, 1.8877256E+002, 1.8999176E+002, 1.9267028E+002, 1.9817759E+002, 1.9987309E+002, 1.9991097E+002, 1.9925471E+002, 1.9652115E+002, 1.9105531E+002, 1.8877289E+002, 1.8877165E+002, 1.9106043E+002, 1.9650706E+002, 1.9924613E+002, 1.9990616E+002, 2.8965638E+001,-2.1978000E+000,-6.7290389E-002,-1.1310530E+000, 2.8898347E+001,-3.3288530E+000,-5.3388050E+001,-6.6109972E+000,-5.9999048E+001, 1.5000000E+001, 7.5593057E+002
 5.0001592E+000, 2.0403892E+002, 2.0337853E+002, 1.9574149E+002, 1.9195175E+002, 1.9195163E+002, 1.9016018E+002, 2.0403892E+002, 1.8844078E+002, 1.9001252E+002, 1.9352319E+002, 2.0075553E+002, 2.0301613E+002, 2.0305844E+002, 2.0218240E+002, 1.9857330E+002, 1.9140838E+002, 1.8844166E+002, 1.8843444E+002, 1.9139856E+002, 1.9854520E+002, 2.0216398E+002, 2.0304428E+002, 2.8788280E+001,-2.2681416E+000,-7.6494854E-002,-1.3081301E+000, 2.8711785E+001,-3.5762717E+000,-5.3073018E+001,-6.9260834E+000,-5.9999101E+001, 1.5000000E+001, 7.5463430E+002
 6.0082000E+000, 2.0731319E+002, 2.0665120E+002, 1.9703657E+002, 1.9238125E+002, 1.9240766E+002, 1.9020223E+002, 2.0731319E+002, 1.8809131E+002, 1.9002719E+002, 1.9437364E+002, 2.0333249E+002, 2.0617974E+002, 2.0621868E+002, 2.0512221E+002, 2.0062141E+002, 1.9174561E+002, 1.8808995E+002, 1.8808481E+002, 1.9174492E+002, 2.0058912E+002, 2.0509861E+002, 2.0620526E+002, 2.8797817E+001,-2.3406339E+000,-8.9907745E-002,-1.2586097E+000, 2.8707909E+001,-3.5992435E+000,-5.3296013E+001,-6.7024538E+000,-5.9998467E+001, 1.5000000E+001, 7.5580972E+002
 7.0092404E+000, 2.1052601E+002, 2.0985446E+002, 1.9829014E+002, 1.9279824E+002, 1.9284024E+002, 1.9021882E+002, 2.1052601E+002, 1.8775872E+002, 1.9005434E+002, 1.9522071E+002, 2.0586859E+002, 2.0926594E+002, 2.0933180E+002, 2.0801420E+002, 2.0262572E+002, 1.9208359E+002, 1.8774856E+002, 1.8774975E+002, 1.9209538E+002, 2.0260382E+002, 2.0799926E+002, 2.0932225E+002, 2.8730511E+001,-2.4138281E+000,-8.9980175E-002,-1.6196148E+000, 2.8640531E+001,-4.0334429E+000,-5.3300826E+001,-6.6977028E+000,-5.9998529E+001, 1.5000000E+001, 7.5600029E+002
 8.0063916E+000, 2.1371211E+002, 2.1304018E+002, 1.9952907E+002, 1.9320369E+002, 1.9325246E+002, 1.9022392E+002, 2.1371211E+002, 1.8743356E+002, 1.9008749E+002, 1.9608319E+002, 2.0841287E+002, 2.1235065E+002, 2.1242861E+002, 2.1090271E+002, 2.0463741E+002, 1.9245777E+002, 1.8742196E+002, 1.8742633E+002, 1.9245277E+002, 2.0462981E+002, 2.1088455E+002, 2.1241474E+002, 2.8640220E+001,-2.4876244E+000,-9.4480187E-002,-1.5526920E+000, 2.8545740E+001,-4.0403164E+000,-5.3157315E+001,-6.8412626E+000,-5.9998577E+001, 1.5000000E+001, 7.5551853E+002
 9.0101465E+000, 2.1686550E+002, 2.1619123E+002, 2.0074350E+002, 1.9361314E+002, 1.9365402E+002, 1.9022657E+002, 2.1686550E+002, 1.8712866E+002, 1.9013718E+002, 1.9695148E+002, 2.1091916E+002, 2.1539233E+002, 2.1547207E+002, 2.1374022E+002, 2.0662876E+002, 1.9282482E+002, 1.8711157E+002, 1.8710460E+002, 1.9279849E+002, 2.0661144E+002, 2.1372469E+002, 2.1545889E+002, 2.8566260E+001,-2.5628086E+000,-1.0118188E-001,-1.6089881E+000, 2.8465078E+001,-4.1717966E+000,-5.3180374E+001,-6.8184043E+000,-5.9998778E+001, 1.5000000E+001, 7.5578625E+002
 1.0000057E+001, 2.2001426E+002, 2.1933499E+002, 2.0196804E+002, 1.9403578E+002, 1.9406322E+002, 1.9023526E+002, 2.2001426E+002, 1.8682329E+002, 1.9018708E+002, 1.9783540E+002, 2.1343600E+002, 2.1844730E+002, 2.1850639E+002, 2.1657122E+002, 2.0862396E+002, 1.9319594E+002, 1.8679520E+002, 1.8678023E+002, 1.9315532E+002, 2.0860239E+002, 2.1659986E+002, 2.1852036E+002, 2.8516208E+001,-2.6384596E+000,-1.0926765E-001,-1.7382414E+000, 2.8406940E+001,-4.3767010E+000,-5.3175989E+001,-6.8226508E+000,-5.9998640E+001, 1.5000000E+001, 7.5593830E+002
 1.1026182E+001, 2.2310177E+002, 2.2242065E+002, 2.0316190E+002, 1.9444489E+002, 1.9446828E+002, 1.9024731E+002, 2.2310177E+002, 1.8650188E+002, 1.9022223E+002, 1.9869812E+002, 2.1590567E+002, 2.2145438E+002, 2.2147748E+002, 2.1935073E+002, 2.1057940E+002, 1.9355529E+002, 1.8648020E+002, 1.8645947E+002, 1.9350764E+002, 2.1057153E+002, 2.1942018E+002, 2.2152231E+002, 2.8423046E+001,-2.7146147E+000,-1.1927819E-001,-1.7575363E+000, 2.8303768E+001,-4.4721510E+000,-5.2767934E+001,-7.2306467E+000,-5.9998580E+001, 1.5000000E+001, 7.5426552E+002
 1.2008678E+001, 2.2618336E+002, 2.2550321E+002, 2.0435155E+002, 1.9485463E+002, 1.9487476E+002, 1.9025837E+002, 2.2618336E+002, 1.8617634E+002, 1.9026258E+002, 1.9956416E+002, 2.1837336E+002, 2.2445622E+002, 2.2446148E+002, 2.2214084E+002, 2.1253542E+002, 1.9390911E+002, 1.8615421E+002, 1.8615857E+002, 1.9384664E+002, 2.1253976E+002, 2.2224577E+002, 2.2453129E+002, 2.8391851E+001,-2.7914210E+000,-1.3126559E-001,-1.6352705E+000, 2.8260586E+001,-4.4266915E+000,-5.3199494E+001,-6.7990146E+000,-5.9998509E+001, 1.5000000E+001, 7.5638089E+002
 1.3016669E+001, 2.2922654E+002, 2.2854228E+002, 2.0551679E+002, 1.9524813E+002, 1.9528113E+002, 1.9028068E+002, 2.2922654E+002, 1.8587205E+002, 1.9030128E+002, 2.0040849E+002, 2.2079318E+002, 2.2740325E+002, 2.2738877E+002, 2.2486628E+002, 2.1445208E+002, 1.9426541E+002, 1.8584672E+002, 1.8585288E+002, 1.9418592E+002, 2.1444755E+002, 2.2499868E+002, 2.2747896E+002, 2.8357349E+001,-2.8681569E+000,-1.1143029E-001,-1.6654522E+000, 2.8245919E+001,-4.5336091E+000,-5.3205895E+001,-6.7924995E+000,-5.9998394E+001, 1.5000000E+001, 7.5659796E+002
 1.4010314E+001, 2.3224006E+002, 2.3154682E+002, 2.0667240E+002, 1.9565053E+002, 1.9569957E+002, 1.9031792E+002, 2.3224006E+002, 1.8557645E+002, 1.9035556E+002, 2.0127341E+002, 2.2320313E+002, 2.3031256E+002, 2.3030663E+002, 2.2758833E+002, 2.1634900E+002, 1.9461125E+002, 1.8554131E+002, 1.8554641E+002, 1.9452979E+002, 2.1633718E+002, 2.2775159E+002, 2.3042436E+002, 2.8323209E+001,-2.9481363E+000,-1.2205438E-001,-1.9703916E+000, 2.8201154E+001,-4.9185279E+000,-5.3326607E+001,-6.6719257E+000,-5.9998533E+001, 1.5000000E+001, 7.5732852E+002
 1.5025373E+001, 2.3518174E+002, 2.3448578E+002, 2.0782301E+002, 1.9604580E+002, 1.9611046E+002, 1.9034918E+002, 2.3518174E+002, 1.8528283E+002, 1.9040894E+002, 2.0213903E+002, 2.2556978E+002, 2.3316015E+002, 2.3317535E+002, 2.3028600E+002, 2.1823402E+002, 1.9497174E+002, 1.8524543E+002, 1.8523379E+002, 1.9487377E+002, 2.1819800E+002, 2.3045736E+002, 2.3330977E+002, 2.8200612E+001,-3.0248325E+000,-1.3094103E-001,-2.0709361E+000, 2.8069671E+001,-5.0957686E+000,-5.2928931E+001,-7.0697998E+000,-5.9998731E+001, 1.5000000E+001, 7.5569402E+002
 1.6013186E+001, 2.3814580E+002, 2.3745012E+002, 2.0900384E+002, 1.9644911E+002, 1.9652665E+002, 1.9037958E+002, 2.3814580E+002, 1.8499101E+002, 1.9046061E+002, 2.0300035E+002, 2.2794232E+002, 2.3602680E+002, 2.3605714E+002, 2.3298909E+002, 2.2014217E+002, 1.9534049E+002, 1.8495011E+002, 1.8492498E+002, 1.9522173E+002, 2.2007315E+002, 2.3314954E+002, 2.3619725E+002, 2.8175990E+001,-3.1051037E+000,-1.3197356E-001,-1.9316299E+000, 2.8044017E+001,-5.0367336E+000,-5.3188138E+001,-6.8102603E+000,-5.9998398E+001, 1.5000000E+001, 7.5705284E+002
 1.7018096E+001, 2.4102675E+002, 2.4032849E+002, 2.1015224E+002, 1.9684997E+002, 1.9692830E+002, 1.9041285E+002, 2.4102675E+002, 1.8469744E+002, 1.9050088E+002, 2.0382385E+002, 2.3024755E+002, 2.3882364E+002, 2.3885577E+002, 2.3560483E+002, 2.2196304E+002, 1.9569228E+002, 1.8465630E+002, 1.8462347E+002, 1.9555077E+002, 2.2188763E+002, 2.3576758E+002, 2.3900343E+002, 2.8114299E+001,-3.1841996E+000,-1.4699499E-001,-1.9674190E+000, 2.7967304E+001,-5.1516186E+000,-5.2944130E+001,-7.0544822E+000,-5.9998612E+001, 1.5000000E+001, 7.5613450E+002
 1.8014385E+001, 2.4390289E+002, 2.4320315E+002, 2.1128499E+002, 1.9725168E+002, 1.9732787E+002, 1.9044064E+002, 2.4390289E+002, 1.8440812E+002, 1.9054540E+002, 2.0465095E+002, 2.3256263E+002, 2.4162358E+002, 2.4164622E+002, 2.3820708E+002, 2.2377803E+002, 1.9604670E+002, 1.8436878E+002, 1.8431676E+002, 1.9587455E+002, 2.2369740E+002, 2.3839502E+002, 2.4183256E+002, 2.7996248E+001,-3.2646602E+000,-1.6113028E-001,-1.9855620E+000, 2.7835118E+001,-5.2502222E+000,-5.2531380E+001,-7.4673932E+000,-5.9998773E+001, 1.5000000E+001, 7.5445248E+002
 1.9001370E+001, 2.4674833E+002, 2.4604438E+002, 2.1238983E+002, 1.9764230E+002, 1.9771602E+002, 1.9046532E+002, 2.4674833E+002, 1.8412093E+002, 1.9059370E+002, 2.0548269E+002, 2.3487107E+002, 2.4438825E+002, 2.4441646E+002, 2.4079718E+002, 2.2558599E+002, 1.9639787E+002, 1.8407725E+002, 1.8401522E+002, 1.9620684E+002, 2.2549895E+002, 2.4099990E+002, 2.4462900E+002, 2.7979537E+001,-3.3453854E+000,-1.5851739E-001,-2.0759596E+000, 2.7821020E+001,-5.4213450E+000,-5.2993338E+001,-7.0051753E+000,-5.9998513E+001, 1.5000000E+001, 7.5671731E+002
 2.0013942E+001, 2.4956922E+002, 2.4886405E+002, 2.1346578E+002, 1.9803710E+002, 1.9810872E+002, 1.9049814E+002, 2.4956922E+002, 1.8383218E+002, 1.9063355E+002, 2.0630905E+002, 2.3714834E+002, 2.4712816E+002, 2.4715122E+002, 2.4336444E+002, 2.2738121E+002, 1.9673902E+002, 1.8377888E+002, 1.8371889E+002, 1.9653432E+002, 2.2727298E+002, 2.4357458E+002, 2.4738680E+002, 2.7935416E+001,-3.4261870E+000,-1.5807064E-001,-1.9927041E+000, 2.7777345E+001,-5.4188911E+000,-5.2730703E+001,-7.2679458E+000,-5.9998649E+001, 1.5000000E+001, 7.5572747E+002
 2.1021432E+001, 2.5241082E+002, 2.5170780E+002, 2.1455555E+002, 1.9843723E+002, 1.9850511E+002, 1.9053327E+002, 2.5241082E+002, 1.8355445E+002, 1.9068458E+002, 2.0714937E+002, 2.3943121E+002, 2.4988367E+002, 2.4990087E+002, 2.4593834E+002, 2.2916487E+002, 1.9708199E+002, 1.8348431E+002, 1.8342603E+002, 1.9686822E+002, 2.2904961E+002, 2.4615051E+002, 2.5015737E+002, 2.7872392E+001,-3.5079560E+000,-1.6521747E-001,-1.8035461E+000, 2.7707174E+001,-5.3115022E+000,-5.3182916E+001,-6.8155855E+000,-5.9998502E+001, 1.5000000E+001, 7.5793626E+002
 2.2001210E+001, 2.5516977E+002, 2.5445827E+002, 2.1562351E+002, 1.9882192E+002, 1.9888989E+002, 1.9056045E+002, 2.5516977E+002, 1.8328368E+002, 1.9073416E+002, 2.0796490E+002, 2.4163234E+002, 2.5255912E+002, 2.5255250E+002, 2.4841988E+002, 2.3088780E+002, 1.9742021E+002, 1.8320699E+002, 1.8315403E+002, 1.9720831E+002, 2.3077876E+002, 2.4866016E+002, 2.5284624E+002, 2.7760385E+001,-3.5901444E+000,-1.7504994E-001,-2.1749616E+000, 2.7585335E+001,-5.7651060E+000,-5.2973417E+001,-7.0251387E+000,-5.9998555E+001, 1.5000000E+001, 7.5716598E+002
 2.3011651E+001, 2.5787277E+002, 2.5716389E+002, 2.1666520E+002, 1.9920520E+002, 1.9927560E+002, 1.9059279E+002, 2.5787277E+002, 1.8301061E+002, 1.9077550E+002, 2.0876833E+002, 2.4382091E+002, 2.5519117E+002, 2.5518272E+002, 2.5088119E+002, 2.3259246E+002, 1.9776718E+002, 1.8293922E+002, 1.8288447E+002, 1.9754292E+002, 2.3247814E+002, 2.5112750E+002, 2.5548355E+002, 2.7736356E+001,-3.6713914E+000,-1.7684318E-001,-1.9003674E+000, 2.7559513E+001,-5.5717589E+000,-5.3150287E+001,-6.8481614E+000,-5.9998449E+001, 1.5000000E+001, 7.5814705E+002
 2.4002578E+001, 2.6063477E+002, 2.5992172E+002, 2.1770547E+002, 1.9959648E+002, 1.9966359E+002, 1.9063834E+002, 2.6063477E+002, 1.8272923E+002, 1.9081921E+002, 2.0959087E+002, 2.4603161E+002, 2.5786609E+002, 2.5784959E+002, 2.5336995E+002, 2.3431021E+002, 1.9809927E+002, 1.8266095E+002, 1.8260992E+002, 1.9788765E+002, 2.3421841E+002, 2.5362056E+002, 2.5816039E+002, 2.7641643E+001,-3.7559619E+000,-1.7347677E-001,-2.0479723E+000, 2.7468166E+001,-5.8039342E+000,-5.2806300E+001,-7.1922077E+000,-5.9998508E+001, 1.5000000E+001, 7.5678441E+002
 2.5002037E+001, 2.6332024E+002, 2.6260291E+002, 2.1873554E+002, 1.9997654E+002, 2.0005505E+002, 1.9069558E+002, 2.6332024E+002, 1.8246053E+002, 1.9087104E+002, 2.1040872E+002, 2.4819818E+002, 2.6047120E+002, 2.6045832E+002, 2.5580615E+002, 2.3600534E+002, 1.9843742E+002, 1.8237536E+002, 1.8233108E+002, 1.9821562E+002, 2.3590694E+002, 2.5606035E+002, 2.6075933E+002, 2.7600594E+001,-3.8403326E+000,-1.9334184E-001,-2.1246894E+000, 2.7407252E+001,-5.9650220E+000,-5.2803323E+001,-7.1952410E+000,-5.9998564E+001, 1.5000000E+001, 7.5697547E+002
 2.6008028E+001, 2.6598629E+002, 2.6526741E+002, 2.1977673E+002, 2.0036667E+002, 2.0045532E+002, 1.9074495E+002, 2.6598629E+002, 1.8219603E+002, 1.9092986E+002, 2.1121989E+002, 2.5034420E+002, 2.6305572E+002, 2.6305954E+002, 2.5824119E+002, 2.3771093E+002, 1.9875847E+002, 1.8208620E+002, 1.8205241E+002, 1.9854739E+002, 2.3760359E+002, 2.5849407E+002, 2.6336602E+002, 2.7527087E+001,-3.9239893E+000,-1.9919584E-001,-2.1305277E+000, 2.7327891E+001,-6.0545170E+000,-5.2857412E+001,-7.1411616E+000,-5.9998574E+001, 1.5000000E+001, 7.5739288E+002
 2.7017612E+001, 2.6867509E+002, 2.6795228E+002, 2.2082850E+002, 2.0075912E+002, 2.0085452E+002, 1.9078025E+002, 2.6867509E+002, 1.8193077E+002, 1.9098897E+002, 2.1204889E+002, 2.5251108E+002, 2.6566114E+002, 2.6569632E+002, 2.6074620E+002, 2.3946283E+002, 1.9908194E+002, 1.8179637E+002, 1.8176306E+002, 1.9887740E+002, 2.3929766E+002, 2.6093397E+002, 2.6598110E+002, 2.7439505E+001,-4.0098647E+000,-1.9928784E-001,-2.2233901E+000, 2.7240217E+001,-6.2332548E+000,-5.2918662E+001,-7.0798916E+000,-5.9998554E+001, 1.5000000E+001, 7.5785655E+002
 2.8015121E+001, 2.7124505E+002, 2.7052268E+002, 2.2183052E+002, 2.0113394E+002, 2.0122664E+002, 1.9082272E+002, 2.7124505E+002, 1.8167065E+002, 1.9104227E+002, 2.1284029E+002, 2.5457596E+002, 2.6815106E+002, 2.6820592E+002, 2.6311950E+002, 2.4111556E+002, 1.9940447E+002, 1.8151984E+002, 1.8149368E+002, 1.9920181E+002, 2.4091290E+002, 2.6325105E+002, 2.6845665E+002, 2.7394085E+001,-4.0932304E+000,-2.0439895E-001,-2.1101590E+000, 2.7189686E+001,-6.2033894E+000,-5.2828437E+001,-7.1699363E+000,-5.9998374E+001, 1.5000000E+001, 7.5763894E+002
 2.9006974E+001, 2.7384115E+002, 2.7311604E+002, 2.2284976E+002, 2.0151507E+002, 2.0159409E+002, 1.9088006E+002, 2.7384115E+002, 1.8140778E+002, 1.9109276E+002, 2.1365606E+002, 2.5667720E+002, 2.7066227E+002, 2.7076089E+002, 2.6551629E+002, 2.4276857E+002, 1.9974262E+002, 1.8124669E+002, 1.8121591E+002, 1.9952014E+002, 2.4255271E+002, 2.6560084E+002, 2.7097420E+002, 2.7355313E+001,-4.1803559E+000,-2.2683836E-001,-2.1388982E+000, 2.7128475E+001,-6.3192541E+000,-5.2907336E+001,-7.0910158E+000,-5.9998352E+001, 1.5000000E+001, 7.5819171E+002
 3.0022447E+001, 2.7640153E+002, 2.7567339E+002, 2.2383905E+002, 2.0189721E+002, 2.0195934E+002, 1.9092650E+002, 2.7640153E+002, 1.8114744E+002, 1.9113965E+002, 2.1444477E+002, 2.5873023E+002, 2.7313436E+002, 2.7324038E+002, 2.6784195E+002, 2.4438236E+002, 2.0008225E+002, 1.8098063E+002, 1.8094516E+002, 1.9984522E+002, 2.4416463E+002, 2.6790618E+002, 2.7342157E+002, 2.7268949E+001,-4.2658092E+000,-2.0786273E-001,-2.1660020E+000, 2.7061086E+001,-6.4318112E+000,-5.2823250E+001,-7.1755180E+000,-5.9998768E+001, 1.5000000E+001, 7.5800640E+002
 3.1020134E+001, 2.7893780E+002, 2.7820613E+002, 2.2481856E+002, 2.0226869E+002, 2.0233867E+002, 1.9097380E+002, 2.7893780E+002, 1.8089658E+002, 1.9119414E+002, 2.1522741E+002, 2.6075127E+002, 2.7558300E+002, 2.7571541E+002, 2.7016101E+002, 2.4598753E+002, 2.0041997E+002, 1.8071891E+002, 1.8068982E+002, 2.0018859E+002, 2.4577299E+002, 2.7019440E+002, 2.7584917E+002, 2.7207441E+001,-4.3518110E+000,-2.1648965E-001,-2.2450701E+000, 2.6990951E+001,-6.5968811E+000,-5.2900947E+001,-7.0977385E+000,-5.9998686E+001, 1.5000000E+001, 7.5854229E+002
 3.2027965E+001, 2.8141309E+002, 2.8067525E+002, 2.2578548E+002, 2.0263824E+002, 2.0271628E+002, 1.9101733E+002, 2.8141309E+002, 1.8064873E+002, 1.9124272E+002, 2.1600113E+002, 2.6274391E+002, 2.7797771E+002, 2.7813971E+002, 2.7242984E+002, 2.4758226E+002, 2.0076123E+002, 1.8046416E+002, 1.8044141E+002, 2.0052932E+002, 2.4735140E+002, 2.7244650E+002, 2.7823723E+002, 2.7125300E+001,-4.4365584E+000,-2.2624164E-001,-2.4876810E+000, 2.6899058E+001,-6.9242395E+000,-5.2865116E+001,-7.1332854E+000,-5.9998401E+001, 1.5000000E+001, 7.5855255E+002
 3.3000079E+001, 2.8385843E+002, 2.8312165E+002, 2.2674688E+002, 2.0300386E+002, 2.0307986E+002, 1.9106688E+002, 2.8385843E+002, 1.8039925E+002, 1.9129534E+002, 2.1678389E+002, 2.6472774E+002, 2.8035395E+002, 2.8052338E+002, 2.7467752E+002, 2.4916150E+002, 2.0110366E+002, 1.8022479E+002, 1.8019063E+002, 2.0085932E+002, 2.4890411E+002, 2.7467360E+002, 2.8060285E+002, 2.7083987E+001,-4.5210525E+000,-2.2449753E-001,-2.2935597E+000, 2.6859489E+001,-6.8146122E+000,-5.2920798E+001,-7.0776329E+000,-5.9998431E+001, 1.5000000E+001, 7.5900453E+002
 3.4037281E+001, 2.8631052E+002, 2.8556516E+002, 2.2769761E+002, 2.0336899E+002, 2.0345203E+002, 1.9112990E+002, 2.8631052E+002, 1.8015491E+002, 1.9134884E+002, 2.1757764E+002, 2.6671227E+002, 2.8272003E+002, 2.8292956E+002, 2.7693555E+002, 2.5073897E+002, 2.0145037E+002, 1.7998352E+002, 1.7992957E+002, 2.0118705E+002, 2.5047342E+002, 2.7691521E+002, 2.8297905E+002, 2.7059094E+001,-4.6087344E+000,-2.2771814E-001,-2.5611412E+000, 2.6831376E+001,-7.1698756E+000,-5.3020609E+001,-6.9778393E+000,-5.9998448E+001, 1.5000000E+001, 7.5964521E+002
 3.5007523E+001, 2.8872905E+002, 2.8798513E+002, 2.2863226E+002, 2.0373221E+002, 2.0382777E+002, 1.9119183E+002, 2.8872905E+002, 1.7990152E+002, 1.9140102E+002, 2.1836173E+002, 2.6868511E+002, 2.8505541E+002, 2.8528492E+002, 2.7916238E+002, 2.5231461E+002, 2.0177972E+002, 1.7974403E+002, 1.7966958E+002, 2.0151082E+002, 2.5203225E+002, 2.7915838E+002, 2.8535531E+002, 2.6956647E+001,-4.6950562E+000,-2.3988135E-001,-2.4568685E+000, 2.6716766E+001,-7.1519248E+000,-5.2922062E+001,-7.0765808E+000,-5.9998643E+001, 1.5000000E+001, 7.5938376E+002
 3.6031242E+001, 2.9108041E+002, 2.9033712E+002, 2.2951894E+002, 2.0408646E+002, 2.0418761E+002, 1.9126638E+002, 2.9108041E+002, 1.7965585E+002, 1.9144949E+002, 2.1910675E+002, 2.7059956E+002, 2.8732977E+002, 2.8756011E+002, 2.8129866E+002, 2.5382522E+002, 2.0210114E+002, 1.7951193E+002, 1.7942566E+002, 2.0183135E+002, 2.5351881E+002, 2.8130007E+002, 2.8763811E+002, 2.6919205E+001,-4.7798579E+000,-2.2073850E-001,-2.2663188E+000, 2.6698467E+001,-7.0461767E+000,-5.3045713E+001,-6.9526536E+000,-5.9998366E+001, 1.5000000E+001, 7.6013684E+002
 3.7003715E+001, 2.9340240E+002, 2.9265263E+002, 2.3038622E+002, 2.0443340E+002, 2.0454284E+002, 1.9134434E+002, 2.9340240E+002, 1.7940347E+002, 1.9148117E+002, 2.1983700E+002, 2.7244697E+002, 2.8956818E+002, 2.8982012E+002, 2.8339514E+002, 2.5528693E+002, 2.0243280E+002, 1.7928089E+002, 1.7918584E+002, 2.0215288E+002, 2.5498598E+002, 2.8338706E+002, 2.8986221E+002, 2.6887808E+001,-4.8654054E+000,-2.2159044E-001,-2.4638260E+000, 2.6666218E+001,-7.3292314E+000,-5.3223874E+001,-6.7746460E+000,-5.9998520E+001, 1.5000000E+001, 7.6111987E+002
 3.8037356E+001, 2.9577048E+002, 2.9502312E+002, 2.3130060E+002, 2.0479622E+002, 2.0491536E+002, 1.9141946E+002, 2.9577048E+002, 1.7914338E+002, 1.9150663E+002, 2.2058664E+002, 2.7434993E+002, 2.9185909E+002, 2.9212885E+002, 2.8553353E+002, 2.5678558E+002, 2.0277072E+002, 1.7903830E+002, 1.7894234E+002, 2.0249350E+002, 2.5651202E+002, 2.8553386E+002, 2.9215758E+002, 2.6748687E+001,-4.9523810E+000,-2.3248204E-001,-2.3245410E+000, 2.6516205E+001,-7.2769220E+000,-5.2738038E+001,-7.2605534E+000,-5.9998591E+001, 1.5000000E+001, 7.5913766E+002
 3.9031241E+001, 2.9812326E+002, 2.9737586E+002, 2.3221321E+002, 2.0517167E+002, 2.0528492E+002, 1.9148357E+002, 2.9812326E+002, 1.7889782E+002, 1.9153855E+002, 2.2133872E+002, 2.7625373E+002, 2.9415473E+002, 2.9438978E+002, 2.8764402E+002, 2.5828210E+002, 2.0309972E+002, 1.7879499E+002, 1.7869828E+002, 2.0282082E+002, 2.5800192E+002, 2.8766531E+002, 2.9444038E+002, 2.6691901E+001,-5.0398368E+000,-2.4897844E-001,-2.2700154E+000, 2.6442922E+001,-7.3098522E+000,-5.2871200E+001,-7.1270365E+000,-5.9998236E+001, 1.5000000E+001, 7.5991458E+002
 4.0015102E+001, 3.0039550E+002, 2.9964205E+002, 2.3307394E+002, 2.0552721E+002, 2.0563763E+002, 1.9155827E+002, 3.0039550E+002, 1.7866311E+002, 1.9158763E+002, 2.2207913E+002, 2.7809519E+002, 2.9637610E+002, 2.9659364E+002, 2.8970655E+002, 2.5971408E+002, 2.0340430E+002, 1.7855377E+002, 1.7845913E+002, 2.0313756E+002, 2.5944433E+002, 2.8971885E+002, 2.9663300E+002, 2.6609082E+001,-5.1273472E+000,-2.4344526E-001,-2.4409848E+000, 2.6365637E+001,-7.5683320E+000,-5.2853368E+001,-7.1450890E+000,-5.9998457E+001, 1.5000000E+001, 7.6002320E+002
 4.1018220E+001, 3.0263965E+002, 3.0188557E+002, 2.3392395E+002, 2.0588365E+002, 2.0598748E+002, 1.9164395E+002, 3.0263965E+002, 1.7843831E+002, 1.9163947E+002, 2.2280828E+002, 2.7990830E+002, 2.9854841E+002, 2.9876030E+002, 2.9172750E+002, 2.6113122E+002, 2.0371479E+002, 1.7832152E+002, 1.7821897E+002, 2.0346103E+002, 2.6087995E+002, 2.9175212E+002, 2.9879814E+002, 2.6556558E+001,-5.2155455E+000,-2.6199559E-001,-2.4008935E+000, 2.6294563E+001,-7.6164391E+000,-5.2960948E+001,-7.0376563E+000,-5.9998604E+001, 1.5000000E+001, 7.6069547E+002
 4.2010849E+001, 3.0487056E+002, 3.0411644E+002, 2.3477889E+002, 2.0624421E+002, 2.0633157E+002, 1.9172637E+002, 3.0487056E+002, 1.7820945E+002, 1.9168628E+002, 2.2354968E+002, 2.8170021E+002, 3.0070907E+002, 3.0089839E+002, 2.9372721E+002, 2.6253077E+002, 2.0402908E+002, 1.7810096E+002, 1.7797712E+002, 2.0378152E+002, 2.6231159E+002, 2.9375082E+002, 3.0094736E+002, 2.6454815E+001,-5.3019367E+000,-2.6433131E-001,-2.3779030E+000, 2.6190484E+001,-7.6798397E+000,-5.2620328E+001,-7.3782014E+000,-5.9998529E+001, 1.5000000E+001, 7.5935776E+002
 4.3006202E+001, 3.0708198E+002, 3.0632219E+002, 2.3561478E+002, 2.0659316E+002, 2.0667191E+002, 1.9180016E+002, 3.0708198E+002, 1.7797681E+002, 1.9174261E+002, 2.2427550E+002, 2.8346866E+002, 3.0285229E+002, 3.0303772E+002, 2.9573504E+002, 2.6392754E+002, 2.0434144E+002, 1.7787234E+002, 1.7773767E+002, 2.0409669E+002, 2.6372161E+002, 2.9575635E+002, 3.0308421E+002, 2.6448708E+001,-5.3880600E+000,-2.5481786E-001,-2.4846057E+000, 2.6193891E+001,-7.8726657E+000,-5.3063710E+001,-6.9347334E+000,-5.9998443E+001, 1.5000000E+001, 7.6153095E+002
 4.4010502E+001, 3.0925161E+002, 3.0848639E+002, 2.3644130E+002, 2.0693513E+002, 2.0701644E+002, 1.9186308E+002, 3.0925161E+002, 1.7774331E+002, 1.9180807E+002, 2.2498333E+002, 2.8521460E+002, 3.0494823E+002, 3.0512790E+002, 2.9769975E+002, 2.6530942E+002, 2.0465937E+002, 1.7764956E+002, 1.7750712E+002, 2.0440741E+002, 2.6512174E+002, 2.9773957E+002, 3.0518032E+002, 2.6398474E+001,-5.4756826E+000,-2.6107223E-001,-2.6566760E+000, 2.6137402E+001,-8.1323587E+000,-5.3208277E+001,-6.7901007E+000,-5.9998378E+001, 1.5000000E+001, 7.6235856E+002
 4.5018265E+001, 3.1140516E+002, 3.1063603E+002, 2.3727271E+002, 2.0727940E+002, 2.0735324E+002, 1.9194284E+002, 3.1140516E+002, 1.7751796E+002, 1.9186690E+002, 2.2569764E+002, 2.8694755E+002, 3.0701858E+002, 3.0720703E+002, 2.9964766E+002, 2.6668515E+002, 2.0498612E+002, 1.7743172E+002, 1.7726943E+002, 2.0471194E+002, 2.6650734E+002, 2.9970430E+002, 3.0724535E+002, 2.6301703E+001,-5.5624387E+000,-2.5982766E-001,-2.7910309E+000, 2.6041875E+001,-8.3534696E+000,-5.2987963E+001,-7.0106047E+000,-5.9998568E+001, 1.5000000E+001, 7.6157121E+002
 4.6000836E+001, 3.1350026E+002, 3.1273213E+002, 2.3807979E+002, 2.0761537E+002, 2.0770221E+002, 1.9204051E+002, 3.1350026E+002, 1.7729643E+002, 1.9192027E+002, 2.2640948E+002, 2.8867627E+002, 3.0906161E+002, 3.0925657E+002, 3.0156768E+002, 2.6805344E+002, 2.0530191E+002, 1.7720279E+002, 1.7704254E+002, 2.0501529E+002, 2.6787071E+002, 3.0165866E+002, 3.0930525E+002, 2.6244167E+001,-5.6479217E+000,-2.8362188E-001,-2.6646519E+000, 2.5960545E+001,-8.3125735E+000,-5.2990421E+001,-7.0080243E+000,-5.9998445E+001, 1.5000000E+001, 7.6176415E+002
 4.7002748E+001, 3.1558923E+002, 3.1482204E+002, 2.3887206E+002, 2.0794859E+002, 2.0804680E+002, 1.9211334E+002, 3.1558923E+002, 1.7706867E+002, 1.9195755E+002, 2.2710366E+002, 2.9034848E+002, 3.1107215E+002, 3.1127828E+002, 3.0346136E+002, 2.6938168E+002, 2.0561312E+002, 1.7698758E+002, 1.7682194E+002, 2.0531153E+002, 2.6920110E+002, 3.0357865E+002, 3.1133400E+002, 2.6167781E+001,-5.7333447E+000,-2.6827477E-001,-2.5656414E+000, 2.5899506E+001,-8.2989861E+000,-5.3078498E+001,-6.9199429E+000,-5.9998441E+001, 1.5000000E+001, 7.6234019E+002
 4.8004660E+001, 3.1767671E+002, 3.1690639E+002, 2.3966242E+002, 2.0829450E+002, 2.0840473E+002, 1.9217880E+002, 3.1767671E+002, 1.7684863E+002, 1.9200982E+002, 2.2781017E+002, 2.9204969E+002, 3.1309905E+002, 3.1327603E+002, 3.0534585E+002, 2.7071875E+002, 2.0592100E+002, 1.7677204E+002, 1.7659722E+002, 2.0561625E+002, 2.7053718E+002, 3.0546878E+002, 3.1334663E+002, 2.6072338E+001,-5.8203440E+000,-2.7903527E-001,-2.6954548E+000, 2.5793302E+001,-8.5157988E+000,-5.2886821E+001,-7.1116394E+000,-5.9998461E+001, 1.5000000E+001, 7.6166636E+002
 4.9006572E+001, 3.1973175E+002, 3.1896297E+002, 2.4043674E+002, 2.0865867E+002, 2.0874408E+002, 1.9225327E+002, 3.1973175E+002, 1.7663087E+002, 1.9205735E+002, 2.2852081E+002, 2.9374620E+002, 3.1510624E+002, 3.1526516E+002, 3.0721810E+002, 2.7202832E+002, 2.0622772E+002, 1.7655727E+002, 1.7637048E+002, 2.0591047E+002, 2.7184105E+002, 3.0732277E+002, 3.1531072E+002, 2.6030283E+001,-5.9065308E+000,-2.7712285E-001,-2.5073707E+000, 2.5753161E+001,-8.4139015E+000,-5.2892514E+001,-7.1059710E+000,-5.9998485E+001, 1.5000000E+001, 7.6188624E+002
 5.0014891E+001, 3.2178313E+002, 3.2100809E+002, 2.4122794E+002, 2.0902428E+002, 2.0907983E+002, 1.9232180E+002, 3.2178313E+002, 1.7641124E+002, 1.9212107E+002, 2.2926564E+002, 2.9546450E+002, 3.1711218E+002, 3.1722900E+002, 3.0905952E+002, 2.7332619E+002, 2.0653053E+002, 1.7634083E+002, 1.7614966E+002, 2.0620818E+002, 2.7316747E+002, 3.0918635E+002, 3.1728810E+002, 2.5966780E+001,-5.9943681E+000,-2.9913736E-001,-2.7657004E+000, 2.5667643E+001,-8.7600685E+000,-5.2839081E+001,-7.1593219E+000,-5.9998403E+001, 1.5000000E+001, 7.6183818E+002
 5.1032720E+001, 3.2380360E+002, 3.2302238E+002, 2.4200524E+002, 2.0937392E+002, 2.0943359E+002, 1.9239301E+002, 3.2380360E+002, 1.7619735E+002, 1.9219446E+002, 2.3000981E+002, 2.9715484E+002, 3.1908365E+002, 3.1917173E+002, 3.1088940E+002, 2.7463155E+002, 2.0684859E+002, 1.7613066E+002, 1.7592873E+002, 2.0651357E+002, 2.7450028E+002, 3.1108984E+002, 3.1929558E+002, 2.5946875E+001,-6.0818113E+000,-2.8447863E-001,-2.8932684E+000, 2.5662396E+001,-8.9750797E+000,-5.3209626E+001,-6.7887561E+000,-5.9998382E+001, 1.5000000E+001, 7.6367208E+002
 5.2004756E+001, 3.2575266E+002, 3.2497484E+002, 2.4274619E+002, 2.0970417E+002, 2.0976316E+002, 1.9246433E+002, 3.2575266E+002, 1.7599348E+002, 1.9225711E+002, 2.3071591E+002, 2.9878603E+002, 3.2098758E+002, 3.2106004E+002, 3.1267464E+002, 2.7588771E+002, 2.0715956E+002, 1.7593446E+002, 1.7572582E+002, 2.0681083E+002, 2.7576068E+002, 3.1289600E+002, 3.2119801E+002, 2.5845189E+001,-6.1666000E+000,-2.8505562E-001,-2.7003693E+000, 2.5560134E+001,-8.8669693E+000,-5.2989012E+001,-7.0094768E+000,-5.9998489E+001, 1.5000000E+001, 7.6287983E+002
 5.3035605E+001, 3.2770462E+002, 3.2692273E+002, 2.4348758E+002, 2.1002766E+002, 2.1009716E+002, 1.9253295E+002, 3.2770462E+002, 1.7577680E+002, 1.9230988E+002, 2.3140262E+002, 3.0040213E+002, 3.2290032E+002, 3.2293533E+002, 3.1444075E+002, 2.7713512E+002, 2.0745681E+002, 1.7572702E+002, 1.7551983E+002, 2.0711873E+002, 2.7702039E+002, 3.1466468E+002, 3.2307874E+002, 2.5819021E+001,-6.2520316E+000,-2.9262791E-001,-2.7999443E+000, 2.5526393E+001,-9.0519758E+000,-5.2921335E+001,-7.0772983E+000,-5.9998633E+001, 1.5000000E+001, 7.6277125E+002
 5.4035004E+001, 3.2966767E+002, 3.2887941E+002, 2.4424108E+002, 2.1037009E+002, 2.1043908E+002, 1.9261550E+002, 3.2966767E+002, 1.7555408E+002, 1.9238029E+002, 2.3210555E+002, 3.0202706E+002, 3.2482623E+002, 3.2480974E+002, 3.1620776E+002, 2.7841673E+002, 2.0777674E+002, 1.7552196E+002, 1.7530412E+002, 2.0742986E+002, 2.7829585E+002, 3.1645902E+002, 3.2498056E+002, 2.5762620E+001,-6.3381115E+000,-3.0138069E-001,-3.0082883E+000, 2.5461239E+001,-9.3463998E+000,-5.3037122E+001,-6.9612594E+000,-5.9998381E+001, 1.5000000E+001, 7.6346371E+002
 5.5034403E+001, 3.3153234E+002, 3.3074668E+002, 2.4497115E+002, 2.1070068E+002, 2.1076552E+002, 1.9269315E+002, 3.3153234E+002, 1.7535065E+002, 1.9243503E+002, 2.3278750E+002, 3.0359481E+002, 3.2667260E+002, 3.2663848E+002, 3.1793837E+002, 2.7967073E+002, 2.0809637E+002, 1.7532555E+002, 1.7509929E+002, 2.0771866E+002, 2.7951585E+002, 3.1816913E+002, 3.2680335E+002, 2.5648254E+001,-6.4216283E+000,-3.1522738E-001,-2.8945703E+000, 2.5333026E+001,-9.3161986E+000,-5.3032636E+001,-6.9658615E+000,-5.9998498E+001, 1.5000000E+001, 7.6361669E+002
 5.6029780E+001, 3.3340795E+002, 3.3261968E+002, 2.4570810E+002, 2.1103772E+002, 2.1109598E+002, 1.9276201E+002, 3.3340795E+002, 1.7515050E+002, 1.9249508E+002, 2.3345900E+002, 3.0512816E+002, 3.2850488E+002, 3.2847398E+002, 3.1967022E+002, 2.8090342E+002, 2.0840636E+002, 1.7512620E+002, 1.7490031E+002, 2.0802181E+002, 2.8074178E+002, 3.1986618E+002, 3.2860728E+002, 2.5561150E+001,-6.5064575E+000,-3.0271753E-001,-2.9391259E+000, 2.5258433E+001,-9.4455834E+000,-5.2863994E+001,-7.1345742E+000,-5.9998568E+001, 1.5000000E+001, 7.6305509E+002
 5.7017138E+001, 3.3523190E+002, 3.3444270E+002, 2.4643797E+002, 2.1137160E+002, 2.1141775E+002, 1.9283073E+002, 3.3523190E+002, 1.7495197E+002, 1.9255377E+002, 2.3413984E+002, 3.0662961E+002, 3.3027583E+002, 3.3029758E+002, 3.2139874E+002, 2.8213019E+002, 2.0870218E+002, 1.7491761E+002, 1.7469950E+002, 2.0830960E+002, 2.8193863E+002, 3.2154077E+002, 3.3039971E+002, 2.5477811E+001,-6.5910185E+000,-3.1901182E-001,-2.9716382E+000, 2.5158799E+001,-9.5626567E+000,-5.2686583E+001,-7.3120486E+000,-5.9998632E+001, 1.5000000E+001, 7.6244761E+002
 5.8020932E+001, 3.3705913E+002, 3.3626730E+002, 2.4716902E+002, 2.1170224E+002, 2.1174027E+002, 1.9291116E+002, 3.3705913E+002, 1.7475881E+002, 1.9262282E+002, 2.3481825E+002, 3.0813465E+002, 3.3207874E+002, 3.3211171E+002, 3.2312656E+002, 2.8335099E+002, 2.0900547E+002, 1.7471247E+002, 1.7449146E+002, 2.0859050E+002, 2.8311879E+002, 3.2322487E+002, 3.3219805E+002, 2.5465981E+001,-6.6740633E+000,-3.2046760E-001,-2.9875367E+000, 2.5145513E+001,-9.6615999E+000,-5.3275681E+001,-6.7227761E+000,-5.9998457E+001, 1.5000000E+001, 7.6522612E+002
 5.9017276E+001, 3.3887509E+002, 3.3808024E+002, 2.4789085E+002, 2.1202875E+002, 2.1206836E+002, 1.9301126E+002, 3.3887509E+002, 1.7456640E+002, 1.9270588E+002, 2.3549233E+002, 3.0962200E+002, 3.3386371E+002, 3.3388809E+002, 3.2480491E+002, 2.8453399E+002, 2.0929489E+002, 1.7451511E+002, 1.7429222E+002, 2.0887388E+002, 2.8428247E+002, 3.2485294E+002, 3.3394019E+002, 2.5451008E+001,-6.7584119E+000,-3.0253526E-001,-2.9536673E+000, 2.5148473E+001,-9.7120792E+000,-5.3105527E+001,-6.8931228E+000,-5.9998649E+001, 1.5000000E+001, 7.6467651E+002
 6.0006879E+001, 3.4065081E+002, 3.3986303E+002, 2.4862133E+002, 2.1235062E+002, 2.1238502E+002, 1.9308066E+002, 3.4065081E+002, 1.7437990E+002, 1.9278240E+002, 2.3615426E+002, 3.1108463E+002, 3.3561117E+002, 3.3563744E+002, 3.2644669E+002, 2.8568189E+002, 2.0958856E+002, 1.7431657E+002, 1.7409375E+002, 2.0915590E+002, 2.8543437E+002, 3.2646520E+002, 3.3566615E+002, 2.5284910E+001,-6.8408553E+000,-3.3343418E-001,-2.7210938E+000, 2.4951475E+001,-9.5619491E+000,-5.2822893E+001,-7.1758433E+000,-5.9998736E+001, 1.5000000E+001, 7.6358969E+002
 6.1022092E+001, 3.4245177E+002, 3.4166047E+002, 2.4936375E+002, 2.1267370E+002, 2.1271777E+002, 1.9315020E+002, 3.4245177E+002, 1.7419348E+002, 1.9285278E+002, 2.3680281E+002, 3.1253445E+002, 3.3736059E+002, 3.3739369E+002, 3.2808639E+002, 2.8685343E+002, 2.0988909E+002, 1.7411538E+002, 1.7389595E+002, 2.0944684E+002, 2.8658453E+002, 3.2806998E+002, 3.3739363E+002, 2.5236633E+001,-6.9258381E+000,-3.2766036E-001,-2.8142021E+000, 2.4908973E+001,-9.7400402E+000,-5.2790185E+001,-7.2083790E+000,-5.9998564E+001, 1.5000000E+001, 7.6362761E+002
 6.2016873E+001, 3.4417228E+002, 3.4336891E+002, 2.5007955E+002, 2.1299765E+002, 2.1304839E+002, 1.9321796E+002, 3.4417228E+002, 1.7400716E+002, 1.9291100E+002, 2.3743748E+002, 3.1392659E+002, 3.3901294E+002, 3.3910452E+002, 3.2970318E+002, 2.8800066E+002, 2.1016939E+002, 1.7392667E+002, 1.7369955E+002, 2.0974384E+002, 2.8770489E+002, 3.2964602E+002, 3.3906122E+002, 2.5232937E+001,-7.0102358E+000,-3.1978709E-001,-3.2145590E+000, 2.4913149E+001,-1.0224795E+001,-5.3190770E+001,-6.8082219E+000,-5.9998992E+001, 1.5000000E+001, 7.6559273E+002
 6.3002101E+001, 3.4583292E+002, 3.4502287E+002, 2.5078334E+002, 2.1334220E+002, 2.1337695E+002, 1.9328326E+002, 3.4583292E+002, 1.7382116E+002, 1.9296820E+002, 2.3806918E+002, 3.1530927E+002, 3.4062085E+002, 3.4077145E+002, 3.3130166E+002, 2.8918656E+002, 2.1047854E+002, 1.7374196E+002, 1.7350392E+002, 2.1003223E+002, 2.8883452E+002, 3.3123307E+002, 3.4071146E+002, 2.5134173E+001,-7.0910117E+000,-3.4005560E-001,-3.4878829E+000, 2.4794117E+001,-1.0578895E+001,-5.2875035E+001,-7.1239437E+000,-5.9998978E+001, 1.5000000E+001, 7.6437269E+002
 6.4016816E+001, 3.4746915E+002, 3.4666603E+002, 2.5148585E+002, 2.1367324E+002, 2.1369612E+002, 1.9334983E+002, 3.4746915E+002, 1.7363131E+002, 1.9301601E+002, 2.3868991E+002, 3.1666688E+002, 3.4223037E+002, 3.4239128E+002, 3.3284892E+002, 2.9033493E+002, 2.1078694E+002, 1.7356331E+002, 1.7331045E+002, 2.1030364E+002, 2.8993778E+002, 3.3279934E+002, 3.4233827E+002, 2.5091936E+001,-7.1695829E+000,-3.4115239E-001,-3.1012323E+000, 2.4750784E+001,-1.0270815E+001,-5.2953729E+001,-7.0452330E+000,-5.9998962E+001, 1.5000000E+001, 7.6489187E+002
 6.5000729E+001, 3.4912242E+002, 3.4831250E+002, 2.5217966E+002, 2.1400907E+002, 2.1403084E+002, 1.9342746E+002, 3.4912242E+002, 1.7344303E+002, 1.9306135E+002, 2.3930198E+002, 3.1800934E+002, 3.4382751E+002, 3.4400459E+002, 3.3439306E+002, 2.9148373E+002, 2.1109049E+002, 1.7337957E+002, 1.7312355E+002, 2.1059277E+002, 2.9105223E+002, 3.3434811E+002, 3.4395608E+002, 2.5000763E+001,-7.2499371E+000,-3.3709796E-001,-3.3700949E+000, 2.4663665E+001,-1.0620032E+001,-5.2576829E+001,-7.4222456E+000,-5.9999074E+001, 1.5000000E+001, 7.6340940E+002
 6.6013919E+001, 3.5074054E+002, 3.4993407E+002, 2.5286185E+002, 2.1432912E+002, 2.1434405E+002, 1.9350454E+002, 3.5074054E+002, 1.7325417E+002, 1.9310512E+002, 2.3991949E+002, 3.1936373E+002, 3.4541553E+002, 3.4560915E+002, 3.3592267E+002, 2.9261170E+002, 2.1137173E+002, 1.7319207E+002, 1.7294088E+002, 2.1089080E+002, 2.9217771E+002, 3.3587336E+002, 3.4555997E+002, 2.4984561E+001,-7.3310326E+000,-3.4891815E-001,-3.1305546E+000, 2.4635642E+001,-1.0461587E+001,-5.3021711E+001,-6.9772919E+000,-5.9999003E+001, 1.5000000E+001, 7.6554452E+002
 6.7010262E+001, 3.5238639E+002, 3.5158023E+002, 2.5353331E+002, 2.1464854E+002, 2.1464213E+002, 1.9357618E+002, 3.5238639E+002, 1.7307248E+002, 1.9315952E+002, 2.4053934E+002, 3.2070861E+002, 3.4700933E+002, 3.4719975E+002, 3.3741419E+002, 2.9371629E+002, 2.1165835E+002, 1.7300540E+002, 1.7275906E+002, 2.1117256E+002, 2.9327516E+002, 3.3740503E+002, 3.4718186E+002, 2.4870900E+001,-7.4113092E+000,-3.3755736E-001,-3.0974211E+000, 2.4533343E+001,-1.0508730E+001,-5.2797390E+001,-7.2017852E+000,-5.9999176E+001, 1.5000000E+001, 7.6471993E+002
 6.8017659E+001, 3.5397685E+002, 3.5316637E+002, 2.5418818E+002, 2.1496874E+002, 2.1495171E+002, 1.9365708E+002, 3.5397685E+002, 1.7290944E+002, 1.9322490E+002, 2.4114844E+002, 3.2200232E+002, 3.4856896E+002, 3.4873637E+002, 3.3886087E+002, 2.9478409E+002, 2.1195167E+002, 1.7283026E+002, 1.7258098E+002, 2.1146088E+002, 2.9435992E+002, 3.3889760E+002, 3.4876498E+002, 2.4827861E+001,-7.4898575E+000,-3.4739358E-001,-3.2268630E+000, 2.4480467E+001,-1.0716720E+001,-5.2890605E+001,-7.1081451E+000,-5.9998750E+001, 1.5000000E+001, 7.6529509E+002
 6.9026357E+001, 3.5554985E+002, 3.5473944E+002, 2.5487136E+002, 2.1527951E+002, 2.1525388E+002, 1.9373463E+002, 3.5554985E+002, 1.7273640E+002, 1.9328365E+002, 2.4175724E+002, 3.2329721E+002, 3.5012513E+002, 3.5026610E+002, 3.4032040E+002, 2.9586106E+002, 2.1225380E+002, 1.7265475E+002, 1.7240940E+002, 2.1175953E+002, 2.9544249E+002, 3.4038432E+002, 3.5033796E+002, 2.4751519E+001,-7.5687270E+000,-3.6205355E-001,-3.1940546E+000, 2.4389465E+001,-1.0762782E+001,-5.2857197E+001,-7.1415651E+000,-5.9998762E+001, 1.5000000E+001, 7.6530958E+002
 7.0034186E+001, 3.5710966E+002, 3.5629934E+002, 2.5550666E+002, 2.1556942E+002, 2.1555130E+002, 1.9380945E+002, 3.5710966E+002, 1.7256645E+002, 1.9334500E+002, 2.4236657E+002, 3.2457696E+002, 3.5164857E+002, 3.5179052E+002, 3.4178251E+002, 2.9690205E+002, 2.1254076E+002, 1.7247706E+002, 1.7223895E+002, 2.1204625E+002, 2.9649346E+002, 3.4183726E+002, 3.5187956E+002, 2.4709729E+001,-7.6464949E+000,-3.5928131E-001,-3.1156825E+000, 2.4350447E+001,-1.0762177E+001,-5.3180396E+001,-6.8181551E+000,-5.9998551E+001, 1.5000000E+001, 7.6688867E+002
 7.1013561E+001, 3.5868160E+002, 3.5787689E+002, 2.5613497E+002, 2.1585816E+002, 2.1585054E+002, 1.9388041E+002, 3.5868160E+002, 1.7239974E+002, 1.9340468E+002, 2.4297390E+002, 3.2584878E+002, 3.5317795E+002, 3.5329877E+002, 3.4319848E+002, 2.9791805E+002, 2.1281468E+002, 1.7230498E+002, 1.7206838E+002, 2.1231873E+002, 2.9749634E+002, 3.4322399E+002, 3.5337450E+002, 2.4650233E+001,-7.7262152E+000,-3.6137087E-001,-2.8201095E+000, 2.4288862E+001,-1.0546325E+001,-5.2924570E+001,-7.0741872E+000,-5.9998757E+001, 1.5000000E+001, 7.6593931E+002
 7.2005296E+001, 3.6021031E+002, 3.5939686E+002, 2.5675251E+002, 2.1614624E+002, 2.1613515E+002, 1.9395198E+002, 3.6021031E+002, 1.7223189E+002, 1.9346249E+002, 2.4354630E+002, 3.2708107E+002, 3.5465106E+002, 3.5478545E+002, 3.4458596E+002, 2.9890744E+002, 2.1308781E+002, 1.7214098E+002, 1.7188990E+002, 2.1257980E+002, 2.9846573E+002, 3.4455396E+002, 3.5480229E+002, 2.4654068E+001,-7.8049460E+000,-3.4956583E-001,-3.0857427E+000, 2.4304502E+001,-1.0890689E+001,-5.3116446E+001,-6.8821252E+000,-5.9998572E+001, 1.5000000E+001, 7.6696167E+002
 7.3010853E+001, 3.6169459E+002, 3.6087013E+002, 2.5735829E+002, 2.1643796E+002, 2.1643018E+002, 1.9402331E+002, 3.6169459E+002, 1.7205276E+002, 1.9351444E+002, 2.4411483E+002, 3.2830745E+002, 3.5608618E+002, 3.5626399E+002, 3.4597773E+002, 2.9988516E+002, 2.1336163E+002, 1.7196988E+002, 1.7170934E+002, 2.1284195E+002, 2.9944673E+002, 3.4590127E+002, 3.5624890E+002, 2.4544898E+001,-7.8824990E+000,-3.5212547E-001,-3.5269285E+000, 2.4192773E+001,-1.1409428E+001,-5.3071338E+001,-6.9274790E+000,-5.9998817E+001, 1.5000000E+001, 7.6692578E+002
 7.4020290E+001, 3.6314281E+002, 3.6231906E+002, 2.5797534E+002, 2.1673152E+002, 2.1672597E+002, 1.9410937E+002, 3.6314281E+002, 1.7187651E+002, 1.9356215E+002, 2.4468603E+002, 3.2950491E+002, 3.5748845E+002, 3.5772082E+002, 3.4733213E+002, 3.0086104E+002, 2.1364087E+002, 1.7180284E+002, 1.7153217E+002, 2.1310537E+002, 3.0042623E+002, 3.4725754E+002, 3.5768473E+002, 2.4517556E+001,-7.9589944E+000,-3.5705554E-001,-3.4357455E+000, 2.4160501E+001,-1.1394740E+001,-5.3056996E+001,-6.9417019E+000,-5.9998698E+001, 1.5000000E+001, 7.6702393E+002
 7.5028955E+001, 3.6461234E+002, 3.6378639E+002, 2.5861194E+002, 2.1702338E+002, 2.1701538E+002, 1.9418930E+002, 3.6461234E+002, 1.7171087E+002, 1.9363953E+002, 2.4528648E+002, 3.3074461E+002, 3.5893244E+002, 3.5916731E+002, 3.4871728E+002, 3.0185299E+002, 2.1394134E+002, 1.7164351E+002, 1.7136659E+002, 2.1338617E+002, 3.0143200E+002, 3.4864497E+002, 3.5914885E+002, 2.4434004E+001,-8.0351836E+000,-3.5115282E-001,-3.4703832E+000, 2.4082852E+001,-1.1505567E+001,-5.2927978E+001,-7.0708204E+000,-5.9998799E+001, 1.5000000E+001, 7.6662724E+002
 7.6029713E+001, 3.6601214E+002, 3.6518814E+002, 2.5921412E+002, 2.1730899E+002, 2.1729809E+002, 1.9426245E+002, 3.6601214E+002, 1.7155023E+002, 1.9370978E+002, 2.4585042E+002, 3.3190390E+002, 3.6030342E+002, 3.6057450E+002, 3.5008453E+002, 3.0281972E+002, 2.1423373E+002, 1.7148918E+002, 1.7120181E+002, 2.1364881E+002, 3.0237077E+002, 3.4992512E+002, 3.6051117E+002, 2.4356021E+001,-8.1099229E+000,-3.7672196E-001,-3.3885441E+000, 2.3979299E+001,-1.1498467E+001,-5.2868789E+001,-7.1298889E+000,-5.9998678E+001, 1.5000000E+001, 7.6651630E+002
 7.7009702E+001, 3.6742140E+002, 3.6659631E+002, 2.5979404E+002, 2.1759374E+002, 2.1757666E+002, 1.9433276E+002, 3.6742140E+002, 1.7139045E+002, 1.9378375E+002, 2.4641047E+002, 3.3305563E+002, 3.6165816E+002, 3.6198483E+002, 3.5143289E+002, 3.0380847E+002, 2.1452205E+002, 1.7132867E+002, 1.7103033E+002, 2.1390435E+002, 3.0331094E+002, 3.5122482E+002, 3.6188965E+002, 2.4276995E+001,-8.1844361E+000,-3.6964638E-001,-3.4027744E+000, 2.3907348E+001,-1.1587211E+001,-5.2799525E+001,-7.1992603E+000,-5.9998786E+001, 1.5000000E+001, 7.6637403E+002
 7.8014060E+001, 3.6878884E+002, 3.6796274E+002, 2.6037500E+002, 2.1788163E+002, 2.1785587E+002, 1.9440272E+002, 3.6878884E+002, 1.7122361E+002, 1.9383372E+002, 2.4696470E+002, 3.3419005E+002, 3.6298288E+002, 3.6334275E+002, 3.5274313E+002, 3.0476276E+002, 2.1480194E+002, 1.7116486E+002, 1.7085902E+002, 2.1415924E+002, 3.0426253E+002, 3.5250300E+002, 3.6323056E+002, 2.4236206E+001,-8.2582214E+000,-3.9173401E-001,-3.3988105E+000, 2.3844472E+001,-1.1657032E+001,-5.2989844E+001,-7.0087824E+000,-5.9998626E+001, 1.5000000E+001, 7.6735653E+002
 7.9032418E+001, 3.7017910E+002, 3.6935061E+002, 2.6099445E+002, 2.1818524E+002, 2.1814313E+002, 1.9447926E+002, 3.7017910E+002, 1.7105409E+002, 1.9387767E+002, 2.4752227E+002, 3.3533438E+002, 3.6432416E+002, 3.6469724E+002, 3.5403734E+002, 3.0570281E+002, 2.1508596E+002, 1.7100470E+002, 1.7069611E+002, 2.1443482E+002, 3.0520759E+002, 3.5380739E+002, 3.6460490E+002, 2.4175838E+001,-8.3327200E+000,-3.8301871E-001,-3.4450699E+000, 2.3792819E+001,-1.1777790E+001,-5.2960148E+001,-7.0385479E+000,-5.9998696E+001, 1.5000000E+001, 7.6738568E+002
 8.0013199E+001, 3.7152511E+002, 3.7069297E+002, 2.6157670E+002, 2.1848886E+002, 2.1842238E+002, 1.9455749E+002, 3.7152511E+002, 1.7089456E+002, 1.9392591E+002, 2.4806111E+002, 3.3645074E+002, 3.6561464E+002, 3.6601207E+002, 3.5526369E+002, 3.0661755E+002, 2.1536967E+002, 1.7085480E+002, 1.7053967E+002, 2.1470630E+002, 3.0613612E+002, 3.5508242E+002, 3.6592772E+002, 2.4169752E+001,-8.4058602E+000,-3.7346541E-001,-3.5111587E+000, 2.3796287E+001,-1.1917019E+001,-5.3307706E+001,-6.6909415E+000,-5.9998647E+001, 1.5000000E+001, 7.6906473E+002
 8.1012694E+001, 3.7283763E+002, 3.7199880E+002, 2.6214983E+002, 2.1877677E+002, 2.1869275E+002, 1.9463642E+002, 3.7283763E+002, 1.7073176E+002, 1.9397438E+002, 2.4859240E+002, 3.3755867E+002, 3.6689702E+002, 3.6730882E+002, 3.5650009E+002, 3.0752814E+002, 2.1564395E+002, 1.7069437E+002, 1.7038184E+002, 2.1496279E+002, 3.0705030E+002, 3.5633260E+002, 3.6722416E+002, 2.4118183E+001,-8.4776651E+000,-3.6663494E-001,-3.7275067E+000, 2.3751548E+001,-1.2205172E+001,-5.3142285E+001,-6.8565088E+000,-5.9998794E+001, 1.5000000E+001, 7.6850060E+002
 8.2016461E+001, 3.7417092E+002, 3.7333585E+002, 2.6272320E+002, 2.1907120E+002, 2.1896856E+002, 1.9471030E+002, 3.7417092E+002, 1.7057099E+002, 1.9403383E+002, 2.4914248E+002, 3.3868567E+002, 3.6821200E+002, 3.6859449E+002, 3.5774196E+002, 3.0846847E+002, 2.1591988E+002, 1.7053931E+002, 1.7022139E+002, 2.1524259E+002, 3.0796307E+002, 3.5759023E+002, 3.6854954E+002, 2.4095147E+001,-8.5511274E+000,-3.7280067E-001,-3.4924169E+000, 2.3722347E+001,-1.2043544E+001,-5.3104004E+001,-6.8947839E+000,-5.9998788E+001, 1.5000000E+001, 7.6850179E+002
 8.3025960E+001, 3.7546846E+002, 3.7463221E+002, 2.6326827E+002, 2.1935550E+002, 2.1925104E+002, 1.9477971E+002, 3.7546846E+002, 1.7041286E+002, 1.9409250E+002, 2.4967699E+002, 3.3977171E+002, 3.6946968E+002, 3.6988109E+002, 3.5896567E+002, 3.0937958E+002, 2.1618232E+002, 1.7037968E+002, 1.7007610E+002, 2.1553867E+002, 3.0888864E+002, 3.5882547E+002, 3.6984850E+002, 2.4044474E+001,-8.6223158E+000,-3.8494007E-001,-3.4734427E+000, 2.3659534E+001,-1.2095759E+001,-5.3304991E+001,-6.6936856E+000,-5.9998677E+001, 1.5000000E+001, 7.6952485E+002
 8.4035458E+001, 3.7678269E+002, 3.7595325E+002, 2.6380938E+002, 2.1962425E+002, 2.1952176E+002, 1.9484551E+002, 3.7678269E+002, 1.7025206E+002, 1.9414640E+002, 2.5021353E+002, 3.4085279E+002, 3.7073237E+002, 3.7115628E+002, 3.6017381E+002, 3.1027456E+002, 2.1644726E+002, 1.7022598E+002, 1.6992726E+002, 2.1581775E+002, 3.0981145E+002, 3.6005063E+002, 3.7113332E+002, 2.3917765E+001,-8.6947829E+000,-3.9482451E-001,-3.2302111E+000, 2.3522941E+001,-1.1924994E+001,-5.2767681E+001,-7.2311858E+000,-5.9998867E+001, 1.5000000E+001, 7.6733000E+002
 8.5004061E+001, 3.7805824E+002, 3.7722433E+002, 2.6432937E+002, 2.1989268E+002, 2.1978121E+002, 1.9491128E+002, 3.7805824E+002, 1.7009030E+002, 1.9419340E+002, 2.5073488E+002, 3.4190599E+002, 3.7195022E+002, 3.7239829E+002, 3.6133219E+002, 3.1113468E+002, 2.1670464E+002, 1.7007572E+002, 1.6977518E+002, 2.1607365E+002, 3.1068363E+002, 3.6123349E+002, 3.7239094E+002, 2.3922047E+001,-8.7659411E+000,-3.8396599E-001,-3.3102148E+000, 2.3538081E+001,-1.2076156E+001,-5.3100444E+001,-6.8982147E+000,-5.9998659E+001, 1.5000000E+001, 7.6894154E+002
 8.6027805E+001, 3.7929936E+002, 3.7845816E+002, 2.6484270E+002, 2.2016817E+002, 2.2003945E+002, 1.9498315E+002, 3.7929936E+002, 1.6993209E+002, 1.9424969E+002, 2.5126315E+002, 3.4294821E+002, 3.7314082E+002, 3.7363060E+002, 3.6247829E+002, 3.1197360E+002, 2.1696103E+002, 1.6992723E+002, 1.6962426E+002, 2.1632351E+002, 3.1154852E+002, 3.6239230E+002, 3.7361161E+002, 2.3799704E+001,-8.8367639E+000,-3.8224471E-001,-3.6242919E+000, 2.3417459E+001,-1.2461056E+001,-5.2686969E+001,-7.3121179E+000,-5.9999087E+001, 1.5000000E+001, 7.6729021E+002
 8.7001231E+001, 3.8051892E+002, 3.7968312E+002, 2.6535992E+002, 2.2043651E+002, 2.2030639E+002, 1.9506344E+002, 3.8051892E+002, 1.6977688E+002, 1.9431740E+002, 2.5179112E+002, 3.4398733E+002, 3.7432607E+002, 3.7484349E+002, 3.6362134E+002, 3.1282393E+002, 2.1721574E+002, 1.6977280E+002, 1.6947095E+002, 2.1656985E+002, 3.1240313E+002, 3.6357932E+002, 3.7483771E+002, 2.3748548E+001,-8.9062789E+000,-4.1571501E-001,-3.3859132E+000, 2.3332833E+001,-1.2292192E+001,-5.2898257E+001,-7.1005058E+000,-5.9998763E+001, 1.5000000E+001, 7.6833921E+002
 8.8022818E+001, 3.8175933E+002, 3.8092863E+002, 2.6589847E+002, 2.2070069E+002, 2.2056517E+002, 1.9514183E+002, 3.8175933E+002, 1.6963398E+002, 1.9438995E+002, 2.5231770E+002, 3.4500113E+002, 3.7554668E+002, 3.7601529E+002, 3.6470815E+002, 3.1363991E+002, 2.1746379E+002, 1.6962801E+002, 1.6932470E+002, 2.1682332E+002, 3.1323258E+002, 3.6472182E+002, 3.7603309E+002, 2.3739377E+001,-8.9755975E+000,-3.9741433E-001,-3.0462350E+000, 2.3341962E+001,-1.2021832E+001,-5.3018102E+001,-6.9807571E+000,-5.9998859E+001, 1.5000000E+001, 7.6902898E+002
 8.9004067E+001, 3.8299234E+002, 3.8215978E+002, 2.6641009E+002, 2.2095857E+002, 2.2082945E+002, 1.9521987E+002, 3.8299234E+002, 1.6949474E+002, 1.9445333E+002, 2.5282625E+002, 3.4599479E+002, 3.7674846E+002, 3.7717353E+002, 3.6579792E+002, 3.1446995E+002, 2.1771339E+002, 1.6948680E+002, 1.6917964E+002, 2.1707553E+002, 3.1405188E+002, 3.6584615E+002, 3.7723190E+002, 2.3641652E+001,-9.0457429E+000,-4.0374257E-001,-3.1608567E+000, 2.3237909E+001,-1.2206600E+001,-5.3013980E+001,-6.9849053E+000,-5.9998886E+001, 1.5000000E+001, 7.6914067E+002
 9.0014474E+001, 3.8419284E+002, 3.8335812E+002, 2.6689771E+002, 2.2121299E+002, 2.2108101E+002, 1.9529300E+002, 3.8419284E+002, 1.6935008E+002, 1.9451957E+002, 2.5333066E+002, 3.4699770E+002, 3.7793071E+002, 3.7830932E+002, 3.6687133E+002, 3.1528417E+002, 2.1796334E+002, 1.6934420E+002, 1.6903501E+002, 2.1732497E+002, 3.1487290E+002, 3.6692580E+002, 3.7836787E+002, 2.3622573E+001,-9.1160854E+000,-4.0294760E-001,-3.1485450E+000, 2.3219626E+001,-1.2264630E+001,-5.3130766E+001,-6.8681000E+000,-5.9998866E+001, 1.5000000E+001, 7.6980242E+002
 9.1019764E+001, 3.8541291E+002, 3.8456946E+002, 2.6739121E+002, 2.2147185E+002, 2.2133270E+002, 1.9536232E+002, 3.8541291E+002, 1.6921440E+002, 1.9459045E+002, 2.5384441E+002, 3.4801159E+002, 3.7911315E+002, 3.7943100E+002, 3.6793329E+002, 3.1609230E+002, 2.1822522E+002, 1.6920122E+002, 1.6888531E+002, 2.1758331E+002, 3.1569454E+002, 3.6801304E+002, 3.7951026E+002, 2.3585378E+001,-9.1863011E+000,-3.9254772E-001,-3.4799075E+000, 2.3192831E+001,-1.2666209E+001,-5.3124537E+001,-6.8743432E+000,-5.9998880E+001, 1.5000000E+001, 7.6992598E+002
 9.2031396E+001, 3.8656436E+002, 3.8572843E+002, 2.6789136E+002, 2.2173451E+002, 2.2159076E+002, 1.9545216E+002, 3.8656436E+002, 1.6907429E+002, 1.9464978E+002, 2.5436548E+002, 3.4902736E+002, 3.8026932E+002, 3.8055705E+002, 3.6901430E+002, 3.1689756E+002, 2.1848142E+002, 1.6906671E+002, 1.6874404E+002, 2.1784144E+002, 3.1650472E+002, 3.6907017E+002, 3.8063710E+002, 2.3418538E+001,-9.2535470E+000,-4.3014632E-001,-3.1855544E+000, 2.2988392E+001,-1.2439101E+001,-5.2641827E+001,-7.3572367E+000,-5.9999064E+001, 1.5000000E+001, 7.6795363E+002
 9.3008144E+001, 3.8773007E+002, 3.8689314E+002, 2.6840127E+002, 2.2199000E+002, 2.2184961E+002, 1.9553965E+002, 3.8773007E+002, 1.6893119E+002, 1.9470268E+002, 2.5487403E+002, 3.5002661E+002, 3.8142068E+002, 3.8161605E+002, 3.7003071E+002, 3.1767745E+002, 2.1874377E+002, 1.6893215E+002, 1.6861069E+002, 2.1810300E+002, 3.1730471E+002, 3.7014216E+002, 3.8176143E+002, 2.3403901E+001,-9.3212003E+000,-4.2696566E-001,-3.2310780E+000, 2.2976935E+001,-1.2552278E+001,-5.2727067E+001,-7.2716575E+000,-5.9998725E+001, 1.5000000E+001, 7.6845653E+002
 9.4019776E+001, 3.8887895E+002, 3.8803957E+002, 2.6888928E+002, 2.2223070E+002, 2.2210410E+002, 1.9562161E+002, 3.8887895E+002, 1.6879187E+002, 1.9476113E+002, 2.5536317E+002, 3.5099369E+002, 3.8254938E+002, 3.8269392E+002, 3.7106121E+002, 3.1845958E+002, 2.1900166E+002, 1.6879364E+002, 1.6847444E+002, 2.1835389E+002, 3.1809256E+002, 3.7119486E+002, 3.8285797E+002, 2.3400393E+001,-9.3886606E+000,-4.1425743E-001,-3.1908431E+000, 2.2986135E+001,-1.2579504E+001,-5.3108314E+001,-6.8905282E+000,-5.9998842E+001, 1.5000000E+001, 7.7026965E+002
 9.5007615E+001, 3.9000026E+002, 3.8915551E+002, 2.6936051E+002, 2.2247227E+002, 2.2235432E+002, 1.9569952E+002, 3.9000026E+002, 1.6865470E+002, 1.9482169E+002, 2.5583981E+002, 3.5192934E+002, 3.8365685E+002, 3.8374148E+002, 3.7205497E+002, 3.1921182E+002, 2.1924536E+002, 1.6865646E+002, 1.6835191E+002, 2.1862440E+002, 3.1887718E+002, 3.7224811E+002, 3.8395950E+002, 2.3328691E+001,-9.4555242E+000,-4.2611244E-001,-3.4154967E+000, 2.2902579E+001,-1.2871021E+001,-5.2961047E+001,-7.0378439E+000,-5.9998891E+001, 1.5000000E+001, 7.6976853E+002
 9.6022154E+001, 3.9109227E+002, 3.9024395E+002, 2.6984942E+002, 2.2273887E+002, 2.2261206E+002, 1.9577488E+002, 3.9109227E+002, 1.6852129E+002, 1.9488336E+002, 2.5631674E+002, 3.5282078E+002, 3.8473269E+002, 3.8478109E+002, 3.7304620E+002, 3.1996923E+002, 2.1949080E+002, 1.6852696E+002, 1.6823292E+002, 2.1887865E+002, 3.1965705E+002, 3.7330242E+002, 3.8506552E+002, 2.3245965E+001,-9.5211188E+000,-4.2531038E-001,-3.5358415E+000, 2.2820655E+001,-1.3056960E+001,-5.2510523E+001,-7.4885095E+000,-5.9999033E+001, 1.5000000E+001, 7.6795133E+002
 9.7017963E+001, 3.9217091E+002, 3.9132221E+002, 2.7032937E+002, 2.2300115E+002, 2.2286664E+002, 1.9587111E+002, 3.9217091E+002, 1.6838059E+002, 1.9493334E+002, 2.5679123E+002, 3.5371140E+002, 3.8577672E+002, 3.8581642E+002, 3.7402733E+002, 3.2071904E+002, 2.1973539E+002, 1.6839618E+002, 1.6810956E+002, 2.1915088E+002, 3.2045816E+002, 3.7433275E+002, 3.8613241E+002, 2.3188274E+001,-9.5850876E+000,-4.2978135E-001,-3.5496951E+000, 2.2758493E+001,-1.3134783E+001,-5.2387636E+001,-7.6113364E+000,-5.9998972E+001, 1.5000000E+001, 7.6755004E+002
 9.8017042E+001, 3.9318739E+002, 3.9232995E+002, 2.7079191E+002, 2.2325979E+002, 2.2311139E+002, 1.9596709E+002, 3.9318739E+002, 1.6824107E+002, 1.9498018E+002, 2.5727116E+002, 3.5462192E+002, 3.8679806E+002, 3.8681088E+002, 3.7497801E+002, 3.2144730E+002, 2.1996788E+002, 1.6826203E+002, 1.6798208E+002, 2.1940269E+002, 3.2122656E+002, 3.7535709E+002, 3.8719014E+002, 2.3140634E+001,-9.6468349E+000,-4.4013138E-001,-3.8819476E+000, 2.2700502E+001,-1.3528783E+001,-5.2738200E+001,-7.2606284E+000,-5.9998829E+001, 1.5000000E+001, 7.6919984E+002
 9.9014879E+001, 3.9421125E+002, 3.9335747E+002, 2.7124149E+002, 2.2351840E+002, 2.2334750E+002, 1.9604908E+002, 3.9421125E+002, 1.6812075E+002, 1.9504750E+002, 2.5776701E+002, 3.5554861E+002, 3.8783243E+002, 3.8782753E+002, 3.7594567E+002, 3.2217623E+002, 2.2018523E+002, 1.6812252E+002, 1.6785304E+002, 2.1964467E+002, 3.2196422E+002, 3.7633120E+002, 3.8821182E+002, 2.3218261E+001,-9.7080723E+000,-4.2103341E-001,-3.5344571E+000, 2.2797227E+001,-1.3242529E+001,-5.3336522E+001,-6.6624143E+000,-5.9998936E+001, 1.5000000E+001, 7.7194131E+002
 1.0001199E+002, 3.9524246E+002, 3.9438952E+002, 2.7167694E+002, 2.2375749E+002, 2.2357899E+002, 1.9613193E+002, 3.9524246E+002, 1.6800200E+002, 1.9511974E+002, 2.5824492E+002, 3.5649004E+002, 3.8887011E+002, 3.8882197E+002, 3.7689920E+002, 3.2286902E+002, 2.2039895E+002, 1.6798310E+002, 1.6773844E+002, 2.1989496E+002, 3.2267311E+002, 3.7727447E+002, 3.8919866E+002, 2.3162252E+001,-9.7698714E+000,-4.1855443E-001,-3.4581115E+000, 2.2743698E+001,-1.3227983E+001,-5.3268963E+001,-6.7299415E+000,-5.9998904E+001, 1.5000000E+001, 7.7178012E+002
 1.0101266E+002, 3.9626839E+002, 3.9541267E+002, 2.7211864E+002, 2.2398923E+002, 2.2381291E+002, 1.9620625E+002, 3.9626839E+002, 1.6786945E+002, 1.9517815E+002, 2.5871354E+002, 3.5738129E+002, 3.8990018E+002, 3.8977766E+002, 3.7780570E+002, 3.2355848E+002, 2.2062573E+002, 1.6785438E+002, 1.6761703E+002, 2.2014434E+002, 3.2340107E+002, 3.7820442E+002, 3.9018213E+002, 2.3083408E+001,-9.8319139E+000,-4.1514860E-001,-3.5733816E+000, 2.2668259E+001,-1.3405295E+001,-5.3218045E+001,-6.7809640E+000,-5.9999009E+001, 1.5000000E+001, 7.7168743E+002
 1.0201818E+002, 3.9728124E+002, 3.9642341E+002, 2.7257208E+002, 2.2422112E+002, 2.2405969E+002, 1.9629681E+002, 3.9728124E+002, 1.6774154E+002, 1.9525113E+002, 2.5919013E+002, 3.5823551E+002, 3.9090163E+002, 3.9074150E+002, 3.7874071E+002, 3.2428804E+002, 2.2087513E+002, 1.6773522E+002, 1.6748872E+002, 2.2038353E+002, 3.2414611E+002, 3.7917802E+002, 3.9119718E+002, 2.3023468E+001,-9.8947225E+000,-4.2654789E-001,-3.6329654E+000, 2.2596920E+001,-1.3527688E+001,-5.2828541E+001,-7.1704394E+000,-5.9998980E+001, 1.5000000E+001, 7.7014085E+002
 1.0302631E+002, 3.9830538E+002, 3.9745347E+002, 2.7303013E+002, 2.2445744E+002, 2.2429507E+002, 1.9638573E+002, 3.9830538E+002, 1.6760615E+002, 1.9532576E+002, 2.5967119E+002, 3.5912174E+002, 3.9192922E+002, 3.9172620E+002, 3.7967621E+002, 3.2501592E+002, 2.2112730E+002, 1.6761023E+002, 1.6736479E+002, 2.2062348E+002, 3.2487739E+002, 3.8012893E+002, 3.9217982E+002, 2.2973873E+001,-9.9571651E+000,-4.3484717E-001,-3.3595280E+000, 2.2539026E+001,-1.3316693E+001,-5.2940711E+001,-7.0582662E+000,-5.9998977E+001, 1.5000000E+001, 7.7075335E+002
 1.0400014E+002, 3.9928185E+002, 3.9842334E+002, 2.7345393E+002, 2.2468746E+002, 2.2452087E+002, 1.9646892E+002, 3.9928185E+002, 1.6747558E+002, 1.9539848E+002, 2.6012517E+002, 3.5996583E+002, 3.9290446E+002, 3.9266678E+002, 3.8058797E+002, 3.2572417E+002, 2.2136887E+002, 1.6749306E+002, 1.6724273E+002, 2.2085949E+002, 3.2555930E+002, 3.8098086E+002, 3.9308321E+002, 2.2914359E+001,-1.0017556E+001,-4.3586015E-001,-3.6431436E+000, 2.2478499E+001,-1.3660700E+001,-5.3121565E+001,-6.8773925E+000,-5.9998958E+001, 1.5000000E+001, 7.7165252E+002
 1.0500927E+002, 4.0021833E+002, 3.9935238E+002, 2.7388546E+002, 2.2492818E+002, 2.2474758E+002, 1.9654531E+002, 4.0021833E+002, 1.6735346E+002, 1.9547204E+002, 2.6058785E+002, 3.6080321E+002, 3.9383208E+002, 3.9359173E+002, 3.8145885E+002, 3.2638101E+002, 2.2161157E+002, 1.6736923E+002, 1.6711906E+002, 2.2108543E+002, 3.2623005E+002, 3.8181548E+002, 3.9396421E+002, 2.2937697E+001,-1.0075376E+001,-4.2412211E-001,-3.7927576E+000, 2.2513575E+001,-1.3868133E+001,-5.3063898E+001,-6.9350737E+000,-5.9998972E+001, 1.5000000E+001, 7.7154457E+002
 1.0601998E+002, 4.0116874E+002, 4.0031136E+002, 2.7433141E+002, 2.2517057E+002, 2.2497784E+002, 1.9662106E+002, 4.0116874E+002, 1.6723207E+002, 1.9554245E+002, 2.6104461E+002, 3.6164933E+002, 3.9478704E+002, 3.9456145E+002, 3.8236462E+002, 3.2704433E+002, 2.2184183E+002, 1.6724695E+002, 1.6699072E+002, 2.2132065E+002, 3.2692224E+002, 3.8267969E+002, 3.9486846E+002, 2.2836842E+001,-1.0134446E+001,-4.4070580E-001,-3.4759024E+000, 2.2396136E+001,-1.3610348E+001,-5.3137936E+001,-6.8610427E+000,-5.9998979E+001, 1.5000000E+001, 7.7197362E+002
 1.0703532E+002, 4.0213746E+002, 4.0128116E+002, 2.7476494E+002, 2.2541118E+002, 2.2522581E+002, 1.9669975E+002, 4.0213746E+002, 1.6710279E+002, 1.9559974E+002, 2.6148205E+002, 3.6248288E+002, 3.9575430E+002, 3.9549503E+002, 3.8324908E+002, 3.2770698E+002, 2.2206289E+002, 1.6712196E+002, 1.6686204E+002, 2.2154614E+002, 3.2758838E+002, 3.8354180E+002, 3.9579029E+002, 2.2793320E+001,-1.0194848E+001,-4.3215004E-001,-3.3837753E+000, 2.2361170E+001,-1.3578623E+001,-5.3148051E+001,-6.8510039E+000,-5.9999054E+001, 1.5000000E+001, 7.7214812E+002
 1.0802263E+002, 4.0307420E+002, 4.0220999E+002, 2.7517757E+002, 2.2563283E+002, 2.2546128E+002, 1.9677470E+002, 4.0307420E+002, 1.6697794E+002, 1.9565214E+002, 2.6191875E+002, 3.6332107E+002, 3.9669133E+002, 3.9639628E+002, 3.8408824E+002, 3.2836138E+002, 2.2228053E+002, 1.6700014E+002, 1.6673875E+002, 2.2177684E+002, 3.2824061E+002, 3.8436869E+002, 3.9666127E+002, 2.2761854E+001,-1.0253848E+001,-4.5923961E-001,-3.6881334E+000, 2.2302614E+001,-1.3941981E+001,-5.3040526E+001,-6.9583515E+000,-5.9998878E+001, 1.5000000E+001, 7.7180323E+002
 1.0901822E+002, 4.0397344E+002, 4.0310885E+002, 2.7557297E+002, 2.2584267E+002, 2.2568010E+002, 1.9684868E+002, 4.0397344E+002, 1.6685366E+002, 1.9570602E+002, 2.6234971E+002, 3.6410329E+002, 3.9758104E+002, 3.9725638E+002, 3.8489474E+002, 3.2898526E+002, 2.2249360E+002, 1.6687961E+002, 1.6662621E+002, 2.2200847E+002, 3.2890399E+002, 3.8519082E+002, 3.9750681E+002, 2.2697835E+001,-1.0310792E+001,-4.4641601E-001,-3.6472116E+000, 2.2251419E+001,-1.3958004E+001,-5.2786233E+001,-7.2129947E+000,-5.9999227E+001, 1.5000000E+001, 7.7084125E+002
 1.1002067E+002, 4.0486194E+002, 4.0399685E+002, 2.7597251E+002, 2.2605339E+002, 2.2590079E+002, 1.9694911E+002, 4.0486194E+002, 1.6672484E+002, 1.9575976E+002, 2.6277638E+002, 3.6485439E+002, 3.9844864E+002, 3.9814101E+002, 3.8570705E+002, 3.2961116E+002, 2.2271415E+002, 1.6675555E+002, 1.6651684E+002, 2.2225032E+002, 3.2957560E+002, 3.8601719E+002, 3.9834833E+002, 2.2678327E+001,-1.0366343E+001,-4.4401307E-001,-3.6045971E+000, 2.2234313E+001,-1.3970940E+001,-5.3226258E+001,-6.7727387E+000,-5.9998997E+001, 1.5000000E+001, 7.7284512E+002
 1.1100313E+002, 4.0573932E+002, 4.0487419E+002, 2.7637405E+002, 2.2626589E+002, 2.2611149E+002, 1.9705673E+002, 4.0573932E+002, 1.6660850E+002, 1.9583197E+002, 2.6323275E+002, 3.6560901E+002, 3.9931250E+002, 3.9899337E+002, 3.8650635E+002, 3.3023906E+002, 2.2294014E+002, 1.6664191E+002, 1.6641334E+002, 2.2247430E+002, 3.3020838E+002, 3.8680755E+002, 3.9917480E+002, 2.2611213E+001,-1.0421948E+001,-4.4248295E-001,-3.5798577E+000, 2.2168731E+001,-1.4001806E+001,-5.2958711E+001,-7.0402507E+000,-5.9998962E+001, 1.5000000E+001, 7.7180981E+002
 1.1201960E+002, 4.0661816E+002, 4.0575584E+002, 2.7677673E+002, 2.2647370E+002, 2.2631992E+002, 1.9716574E+002, 4.0661816E+002, 1.6649113E+002, 1.9588602E+002, 2.6369338E+002, 3.6636318E+002, 4.0018912E+002, 3.9981662E+002, 3.8733606E+002, 3.3087430E+002, 2.2315378E+002, 1.6653131E+002, 1.6631111E+002, 2.2271549E+002, 3.3084596E+002, 3.8759752E+002, 4.0000845E+002, 2.2569383E+001,-1.0478235E+001,-4.5045896E-001,-3.4303228E+000, 2.2118924E+001,-1.3908558E+001,-5.2859435E+001,-7.1396994E+000,-5.9999134E+001, 1.5000000E+001, 7.7150648E+002
 1.1302851E+002, 4.0748324E+002, 4.0661299E+002, 2.7715890E+002, 2.2668573E+002, 2.2653390E+002, 1.9727096E+002, 4.0748324E+002, 1.6636929E+002, 1.9592798E+002, 2.6413107E+002, 3.6711865E+002, 4.0102191E+002, 4.0061826E+002, 3.8812431E+002, 3.3147744E+002, 2.2336508E+002, 1.6641173E+002, 1.6620453E+002, 2.2295296E+002, 3.3146924E+002, 3.8839306E+002, 4.0082835E+002, 2.2499233E+001,-1.0534036E+001,-4.6475454E-001,-3.8066061E+000, 2.2034479E+001,-1.4340643E+001,-5.2610096E+001,-7.3890017E+000,-5.9999098E+001, 1.5000000E+001, 7.7054107E+002
 1.1400556E+002, 4.0828918E+002, 4.0741911E+002, 2.7753385E+002, 2.2689849E+002, 2.2676022E+002, 1.9736337E+002, 4.0828918E+002, 1.6624973E+002, 1.9597970E+002, 2.6453382E+002, 3.6788366E+002, 4.0183885E+002, 4.0137938E+002, 3.8886944E+002, 3.3205886E+002, 2.2356369E+002, 1.6628799E+002, 1.6609519E+002, 2.2318097E+002, 3.3205604E+002, 3.8916462E+002, 4.0161993E+002, 2.2465667E+001,-1.0587142E+001,-4.6061642E-001,-3.6768081E+000, 2.2005050E+001,-1.4263950E+001,-5.3051024E+001,-6.9482607E+000,-5.9999285E+001, 1.5000000E+001, 7.7255933E+002
 1.1501699E+002, 4.0913235E+002, 4.0826406E+002, 2.7792957E+002, 2.2711354E+002, 2.2700645E+002, 1.9743328E+002, 4.0913235E+002, 1.6613631E+002, 1.9603766E+002, 2.6495607E+002, 3.6865984E+002, 4.0269774E+002, 4.0216590E+002, 3.8963195E+002, 3.3265122E+002, 2.2376692E+002, 1.6615961E+002, 1.6598532E+002, 2.2340122E+002, 3.3264953E+002, 3.8991427E+002, 4.0241082E+002, 2.2450828E+001,-1.0639874E+001,-4.6295723E-001,-3.5757641E+000, 2.1987871E+001,-1.4215638E+001,-5.2854794E+001,-7.1442453E+000,-5.9999039E+001, 1.5000000E+001, 7.7182764E+002
 1.1603367E+002, 4.0998798E+002, 4.0912095E+002, 2.7831507E+002, 2.2733269E+002, 2.2724675E+002, 1.9751013E+002, 4.0998798E+002, 1.6601786E+002, 1.9609311E+002, 2.6537773E+002, 3.6938956E+002, 4.0354409E+002, 4.0299008E+002, 3.9040707E+002, 3.3323239E+002, 2.2397093E+002, 1.6603032E+002, 1.6588531E+002, 2.2363753E+002, 3.3325908E+002, 3.9068870E+002, 4.0322760E+002, 2.2395482E+001,-1.0695670E+001,-4.6224846E-001,-3.4773179E+000, 2.1933234E+001,-1.4172988E+001,-5.2731014E+001,-7.2682367E+000,-5.9999251E+001, 1.5000000E+001, 7.7141771E+002
 1.1702622E+002, 4.1081530E+002, 4.0994400E+002, 2.7869494E+002, 2.2754272E+002, 2.2748513E+002, 1.9758515E+002, 4.1081530E+002, 1.6589891E+002, 1.9614753E+002, 2.6578396E+002, 3.7008840E+002, 4.0435052E+002, 4.0380676E+002, 3.9119365E+002, 3.3381841E+002, 2.2417040E+002, 1.6590623E+002, 1.6577953E+002, 2.2387153E+002, 3.3387376E+002, 3.9148714E+002, 4.0404381E+002, 2.2312023E+001,-1.0748343E+001,-4.6107456E-001,-3.6731455E+000, 2.1850948E+001,-1.4421489E+001,-5.2361967E+001,-7.6371620E+000,-5.9999129E+001, 1.5000000E+001, 7.6992822E+002
 1.1802129E+002, 4.1160589E+002, 4.1073541E+002, 2.7905663E+002, 2.2774466E+002, 2.2771916E+002, 1.9766290E+002, 4.1160589E+002, 1.6578546E+002, 1.9622120E+002, 2.6616323E+002, 3.7074989E+002, 4.0512579E+002, 4.0457287E+002, 3.9193301E+002, 3.3437252E+002, 2.2437634E+002, 1.6579933E+002, 1.6567037E+002, 2.2409711E+002, 3.3446762E+002, 3.9223890E+002, 4.0481974E+002, 2.2336156E+001,-1.0799953E+001,-4.7691473E-001,-3.5445748E+000, 2.1859241E+001,-1.4344527E+001,-5.2827744E+001,-7.1712522E+000,-5.9998997E+001, 1.5000000E+001, 7.7205314E+002
 1.1903310E+002, 4.1239815E+002, 4.1152436E+002, 2.7941414E+002, 2.2794872E+002, 2.2795026E+002, 1.9775082E+002, 4.1239815E+002, 1.6568293E+002, 1.9629792E+002, 2.6655259E+002, 3.7142755E+002, 4.0588916E+002, 4.0535231E+002, 3.9265977E+002, 3.3492554E+002, 2.2458805E+002, 1.6569288E+002, 1.6556979E+002, 2.2434070E+002, 3.3505173E+002, 3.9299511E+002, 4.0560421E+002, 2.2270283E+001,-1.0852615E+001,-4.7876177E-001,-3.6584588E+000, 2.1791521E+001,-1.4511074E+001,-5.2795294E+001,-7.2039949E+000,-5.9999289E+001, 1.5000000E+001, 7.7202542E+002
 1.2000726E+002, 4.1316387E+002, 4.1228429E+002, 2.7976449E+002, 2.2814358E+002, 2.2815306E+002, 1.9784454E+002, 4.1316387E+002, 1.6558008E+002, 1.9637170E+002, 2.6694837E+002, 3.7208835E+002, 4.0663644E+002, 4.0607566E+002, 3.9336482E+002, 3.3549892E+002, 2.2480083E+002, 1.6559514E+002, 1.6546345E+002, 2.2455140E+002, 3.3561993E+002, 3.9372004E+002, 4.0635949E+002, 2.2217167E+001,-1.0902496E+001,-4.6254835E-001,-3.8808150E+000, 2.1754619E+001,-1.4783311E+001,-5.2586734E+001,-7.4125278E+000,-5.9999262E+001, 1.5000000E+001, 7.7122887E+002
 1.2101000E+002, 4.1387593E+002, 4.1298986E+002, 2.8011044E+002, 2.2833921E+002, 2.2834599E+002, 1.9794078E+002, 4.1387593E+002, 1.6547467E+002, 1.9644463E+002, 2.6735942E+002, 3.7275936E+002, 4.0735025E+002, 4.0678273E+002, 3.9406146E+002, 3.3605345E+002, 2.2501025E+002, 1.6549585E+002, 1.6537146E+002, 2.2478275E+002, 3.3618849E+002, 3.9440416E+002, 4.0708430E+002, 2.2226457E+001,-1.0949960E+001,-4.7627591E-001,-4.0550217E+000, 2.1750181E+001,-1.5004981E+001,-5.3125821E+001,-6.8733549E+000,-5.9999176E+001, 1.5000000E+001, 7.7365804E+002
 1.2202466E+002, 4.1458819E+002, 4.1370666E+002, 2.8046341E+002, 2.2854020E+002, 2.2854755E+002, 1.9801906E+002, 4.1458819E+002, 1.6536803E+002, 1.9651559E+002, 2.6775996E+002, 3.7342960E+002, 4.0805520E+002, 4.0749814E+002, 3.9474981E+002, 3.3660219E+002, 2.2522526E+002, 1.6539502E+002, 1.6527728E+002, 2.2501889E+002, 3.3676438E+002, 3.9512087E+002, 4.0782917E+002, 2.2136520E+001,-1.0996515E+001,-4.7210893E-001,-3.8829387E+000, 2.1664411E+001,-1.4879453E+001,-5.2730201E+001,-7.2689414E+000,-5.9999142E+001, 1.5000000E+001, 7.7204855E+002
 1.2300182E+002, 4.1531292E+002, 4.1442870E+002, 2.8081090E+002, 2.2874872E+002, 2.2875538E+002, 1.9811758E+002, 4.1531292E+002, 1.6527041E+002, 1.9658285E+002, 2.6815020E+002, 3.7409684E+002, 4.0877084E+002, 4.0819523E+002, 3.9541690E+002, 3.3713345E+002, 2.2542774E+002, 1.6529867E+002, 1.6517246E+002, 2.2523544E+002, 3.3729507E+002, 3.9577625E+002, 4.0852001E+002, 2.2149953E+001,-1.1044287E+001,-4.5053891E-001,-3.9183015E+000, 2.1699414E+001,-1.4962588E+001,-5.3123297E+001,-6.8758592E+000,-5.9999156E+001, 1.5000000E+001, 7.7384697E+002
 1.2402573E+002, 4.1601431E+002, 4.1513412E+002, 2.8114941E+002, 2.2893930E+002, 2.2894997E+002, 1.9821309E+002, 4.1601431E+002, 1.6518152E+002, 1.9667906E+002, 2.6857704E+002, 3.7477231E+002, 4.0947356E+002, 4.0886724E+002, 3.9605370E+002, 3.3764861E+002, 2.2563198E+002, 1.6519915E+002, 1.6506423E+002, 2.2543163E+002, 3.3780628E+002, 3.9640687E+002, 4.0918645E+002, 2.2171162E+001,-1.1091646E+001,-4.6117599E-001,-3.6263629E+000, 2.1709986E+001,-1.4718008E+001,-5.3176327E+001,-6.8228996E+000,-5.9999226E+001, 1.5000000E+001, 7.7419240E+002
 1.2503190E+002, 4.1674609E+002, 4.1586065E+002, 2.8150665E+002, 2.2913194E+002, 2.2914321E+002, 1.9829382E+002, 4.1674609E+002, 1.6508607E+002, 1.9677586E+002, 2.6899452E+002, 3.7542529E+002, 4.1019077E+002, 4.0958547E+002, 3.9673301E+002, 3.3819876E+002, 2.2584858E+002, 1.6509893E+002, 1.6496397E+002, 2.2565884E+002, 3.3835732E+002, 3.9704515E+002, 4.0985544E+002, 2.2093791E+001,-1.1139906E+001,-4.6354525E-001,-3.8799445E+000, 2.1630246E+001,-1.5019850E+001,-5.3102987E+001,-6.8963087E+000,-5.9999295E+001, 1.5000000E+001, 7.7396816E+002
 1.2602200E+002, 4.1745154E+002, 4.1657254E+002, 2.8187436E+002, 2.2933901E+002, 2.2933185E+002, 1.9837028E+002, 4.1745154E+002, 1.6498429E+002, 1.9686066E+002, 2.6940542E+002, 3.7606429E+002, 4.1090144E+002, 4.1028534E+002, 3.9738407E+002, 3.3872374E+002, 2.2605213E+002, 1.6499713E+002, 1.6486829E+002, 2.2588028E+002, 3.3889561E+002, 3.9771116E+002, 4.1054064E+002, 2.2018395E+001,-1.1186397E+001,-4.8146034E-001,-3.6139704E+000, 2.1536935E+001,-1.4800368E+001,-5.2665148E+001,-7.3341067E+000,-5.9999255E+001, 1.5000000E+001, 7.7218654E+002
 1.2700146E+002, 4.1813821E+002, 4.1725601E+002, 2.8220465E+002, 2.2954009E+002, 2.2952704E+002, 1.9844214E+002, 4.1813821E+002, 1.6488484E+002, 1.9692783E+002, 2.6980303E+002, 3.7668515E+002, 4.1157490E+002, 4.1095390E+002, 3.9801260E+002, 3.3922033E+002, 2.2624547E+002, 1.6490812E+002, 1.6476973E+002, 2.2608341E+002, 3.3940332E+002, 3.9833619E+002, 4.1118449E+002, 2.2023574E+001,-1.1232241E+001,-4.6975711E-001,-3.6612719E+000, 2.1553817E+001,-1.4893513E+001,-5.2924930E+001,-7.0742281E+000,-5.9999158E+001, 1.5000000E+001, 7.7340012E+002
 1.2800444E+002, 4.1882990E+002, 4.1795126E+002, 2.8251854E+002, 2.2973277E+002, 2.2971371E+002, 1.9851043E+002, 4.1882990E+002, 1.6479163E+002, 1.9698856E+002, 2.7016360E+002, 3.7729253E+002, 4.1226372E+002, 4.1164128E+002, 3.9866924E+002, 3.3972513E+002, 2.2644807E+002, 1.6481591E+002, 1.6466695E+002, 2.2626794E+002, 3.3989956E+002, 3.9894443E+002, 4.1181565E+002, 2.1943200E+001,-1.1278949E+001,-4.7368850E-001,-3.5313631E+000, 2.1469511E+001,-1.4810312E+001,-5.2758817E+001,-7.2404666E+000,-5.9999284E+001, 1.5000000E+001, 7.7278477E+002
 1.2901389E+002, 4.1953104E+002, 4.1865135E+002, 2.8284058E+002, 2.2992422E+002, 2.2991075E+002, 1.9857969E+002, 4.1953104E+002, 1.6470006E+002, 1.9706572E+002, 2.7053223E+002, 3.7787283E+002, 4.1293496E+002, 4.1232420E+002, 3.9933396E+002, 3.4024220E+002, 2.2665455E+002, 1.6472196E+002, 1.6455921E+002, 2.2645131E+002, 3.4038787E+002, 3.9953924E+002, 4.1244999E+002, 2.1909646E+001,-1.1326435E+001,-4.7278490E-001,-3.5486094E+000, 2.1436861E+001,-1.4875044E+001,-5.2834555E+001,-7.1647212E+000,-5.9999276E+001, 1.5000000E+001, 7.7320016E+002
 1.3002720E+002, 4.2020840E+002, 4.1932684E+002, 2.8316974E+002, 2.3010939E+002, 2.3011126E+002, 1.9865952E+002, 4.2020840E+002, 1.6461360E+002, 1.9714456E+002, 2.7089188E+002, 3.7846809E+002, 4.1358660E+002, 4.1300226E+002, 3.9998098E+002, 3.4075608E+002, 2.2684412E+002, 1.6463750E+002, 1.6446018E+002, 2.2664021E+002, 3.4086088E+002, 4.0014222E+002, 4.1309957E+002, 2.1874926E+001,-1.1372389E+001,-4.9467888E-001,-3.5926299E+000, 2.1380247E+001,-1.4965019E+001,-5.2617664E+001,-7.3815875E+000,-5.9999251E+001, 1.5000000E+001, 7.7236979E+002
 1.3100918E+002, 4.2085945E+002, 4.1997189E+002, 2.8349592E+002, 2.3029574E+002, 2.3029976E+002, 1.9873338E+002, 4.2085945E+002, 1.6453587E+002, 1.9723711E+002, 2.7128110E+002, 3.7904331E+002, 4.1421606E+002, 4.1367301E+002, 4.0063422E+002, 3.4128155E+002, 2.2705790E+002, 1.6455998E+002, 1.6437248E+002, 2.2683905E+002, 3.4133308E+002, 4.0074269E+002, 4.1371479E+002, 2.1864178E+001,-1.1417493E+001,-4.9557156E-001,-3.8205821E+000, 2.1368606E+001,-1.5238076E+001,-5.2999169E+001,-6.9999262E+000,-5.9999096E+001, 1.5000000E+001, 7.7409387E+002
 1.3201094E+002, 4.2149036E+002, 4.2059574E+002, 2.8382253E+002, 2.3049051E+002, 2.3048291E+002, 1.9879530E+002, 4.2149036E+002, 1.6444925E+002, 1.9731076E+002, 2.7165265E+002, 3.7962052E+002, 4.1481839E+002, 4.1431611E+002, 4.0124728E+002, 3.4179807E+002, 2.2726592E+002, 1.6446609E+002, 1.6428687E+002, 2.2703471E+002, 3.4179073E+002, 4.0132106E+002, 4.1431459E+002, 2.1786507E+001,-1.1459848E+001,-4.8364944E-001,-4.0795938E+000, 2.1302857E+001,-1.5539441E+001,-5.2645890E+001,-7.3536162E+000,-5.9999506E+001, 1.5000000E+001, 7.7267703E+002
 1.3301780E+002, 4.2206985E+002, 4.2117522E+002, 2.8413688E+002, 2.3068279E+002, 2.3066990E+002, 1.9886797E+002, 4.2206985E+002, 1.6435649E+002, 1.9736922E+002, 2.7198833E+002, 3.8015885E+002, 4.1539820E+002, 4.1493308E+002, 4.0184543E+002, 3.4230266E+002, 2.2747397E+002, 1.6437580E+002, 1.6420668E+002, 2.2723228E+002, 3.4225310E+002, 4.0187896E+002, 4.1489747E+002, 2.1808025E+001,-1.1499887E+001,-4.9633935E-001,-4.0024759E+000, 2.1311685E+001,-1.5502362E+001,-5.2835131E+001,-7.1640445E+000,-5.9999175E+001, 1.5000000E+001, 7.7358257E+002
 1.3402780E+002, 4.2269433E+002, 4.2180467E+002, 2.8444571E+002, 2.3087187E+002, 2.3086886E+002, 1.9894813E+002, 4.2269433E+002, 1.6425502E+002, 1.9741552E+002, 2.7231031E+002, 3.8067403E+002, 4.1602087E+002, 4.1559021E+002, 4.0246374E+002, 3.4283674E+002, 2.2769086E+002, 1.6429345E+002, 1.6411325E+002, 2.2742614E+002, 3.4274733E+002, 4.0247575E+002, 4.1553409E+002, 2.1735694E+001,-1.1541840E+001,-4.9951091E-001,-3.8209242E+000, 2.1236183E+001,-1.5362764E+001,-5.2554322E+001,-7.4450650E+000,-5.9999387E+001, 1.5000000E+001, 7.7246235E+002
 1.3503165E+002, 4.2330172E+002, 4.2240545E+002, 2.8475410E+002, 2.3105476E+002, 2.3105376E+002, 1.9905460E+002, 4.2330172E+002, 1.6417056E+002, 1.9749192E+002, 2.7266811E+002, 3.8123253E+002, 4.1664192E+002, 4.1621122E+002, 4.0307888E+002, 3.4334382E+002, 2.2790624E+002, 1.6421665E+002, 1.6402639E+002, 2.2760962E+002, 3.4322182E+002, 4.0304884E+002, 4.1613449E+002, 2.1749802E+001,-1.1583251E+001,-4.8902202E-001,-4.0199101E+000, 2.1260780E+001,-1.5603161E+001,-5.2761012E+001,-7.2380734E+000,-5.9999086E+001, 1.5000000E+001, 7.7345059E+002
 1.3600658E+002, 4.2387394E+002, 4.2297632E+002, 2.8505330E+002, 2.3123070E+002, 2.3123790E+002, 1.9914994E+002, 4.2387394E+002, 1.6410041E+002, 1.9757569E+002, 2.7302816E+002, 3.8178377E+002, 4.1723240E+002, 4.1678142E+002, 4.0364246E+002, 3.4381790E+002, 2.2809655E+002, 1.6412728E+002, 1.6394848E+002, 2.2780175E+002, 3.4369324E+002, 4.0362009E+002, 4.1670995E+002, 2.1714325E+001,-1.1622906E+001,-4.8372503E-001,-4.0297428E+000, 2.1230600E+001,-1.5652649E+001,-5.2816239E+001,-7.1831185E+000,-5.9999357E+001, 1.5000000E+001, 7.7377554E+002
 1.3701283E+002, 4.2444970E+002, 4.2355873E+002, 2.8534868E+002, 2.3140369E+002, 2.3142517E+002, 1.9921422E+002, 4.2444970E+002, 1.6402568E+002, 1.9765195E+002, 2.7338670E+002, 3.8232550E+002, 4.1780142E+002, 4.1736751E+002, 4.0421392E+002, 3.4428159E+002, 2.2828316E+002, 1.6404237E+002, 1.6386187E+002, 2.2800675E+002, 3.4418828E+002, 4.0420448E+002, 4.1730085E+002, 2.1637011E+001,-1.1663084E+001,-5.0654431E-001,-3.7823044E+000, 2.1130466E+001,-1.5445388E+001,-5.2335123E+001,-7.6642089E+000,-5.9999332E+001, 1.5000000E+001, 7.7179420E+002
 1.3803110E+002, 4.2504811E+002, 4.2415761E+002, 2.8563292E+002, 2.3158069E+002, 2.3160816E+002, 1.9928017E+002, 4.2504811E+002, 1.6393746E+002, 1.9772207E+002, 2.7371667E+002, 3.8284733E+002, 4.1839488E+002, 4.1792369E+002, 4.0476579E+002, 3.4473497E+002, 2.2848625E+002, 1.6395711E+002, 1.6377822E+002, 2.2821005E+002, 3.4467004E+002, 4.0478988E+002, 4.1788699E+002, 2.1645982E+001,-1.1703911E+001,-5.0477126E-001,-3.7108144E+000, 2.1141211E+001,-1.5414725E+001,-5.2818299E+001,-7.1809850E+000,-5.9999284E+001, 1.5000000E+001, 7.7395809E+002
 1.3902823E+002, 4.2563371E+002, 4.2473971E+002, 2.8593400E+002, 2.3176570E+002, 2.3177700E+002, 1.9934647E+002, 4.2563371E+002, 1.6385572E+002, 1.9779503E+002, 2.7402879E+002, 3.8334153E+002, 4.1895353E+002, 4.1845835E+002, 4.0528790E+002, 3.4518342E+002, 2.2868854E+002, 1.6387991E+002, 1.6368761E+002, 2.2841678E+002, 3.4513789E+002, 4.0534737E+002, 4.1846020E+002, 2.1579891E+001,-1.1744627E+001,-4.9449964E-001,-3.8445433E+000, 2.1085392E+001,-1.5589170E+001,-5.2675742E+001,-7.3236810E+000,-5.9999423E+001, 1.5000000E+001, 7.7342986E+002
 1.4002572E+002, 4.2618839E+002, 4.2529740E+002, 2.8622862E+002, 2.3195853E+002, 2.3195786E+002, 1.9940948E+002, 4.2618839E+002, 1.6377844E+002, 1.9786217E+002, 2.7435268E+002, 3.8382160E+002, 4.1949263E+002, 4.1896409E+002, 4.0578575E+002, 3.4561404E+002, 2.2888191E+002, 1.6380093E+002, 1.6360655E+002, 2.2862874E+002, 3.4560238E+002, 4.0589364E+002, 4.1904029E+002, 2.1538444E+001,-1.1783191E+001,-5.0541689E-001,-3.7170313E+000, 2.1033027E+001,-1.5500222E+001,-5.2805209E+001,-7.1941582E+000,-5.9999367E+001, 1.5000000E+001, 7.7405799E+002
 1.4101409E+002, 4.2673972E+002, 4.2584028E+002, 2.8650839E+002, 2.3214495E+002, 2.3213066E+002, 1.9947323E+002, 4.2673972E+002, 1.6370485E+002, 1.9794023E+002, 2.7468339E+002, 3.8430374E+002, 4.2000861E+002, 4.1945683E+002, 4.0626764E+002, 3.4605662E+002, 2.2907409E+002, 1.6371478E+002, 1.6352453E+002, 2.2881640E+002, 3.4605172E+002, 4.0643889E+002, 4.1960924E+002, 2.1545434E+001,-1.1821430E+001,-4.8914972E-001,-3.9888154E+000, 2.1056284E+001,-1.5810245E+001,-5.2736139E+001,-7.2631836E+000,-5.9999322E+001, 1.5000000E+001, 7.7385143E+002
 1.4201995E+002, 4.2729430E+002, 4.2640082E+002, 2.8678395E+002, 2.3232290E+002, 2.3230252E+002, 1.9953881E+002, 4.2729430E+002, 1.6362210E+002, 1.9801132E+002, 2.7501861E+002, 3.8481102E+002, 4.2055961E+002, 4.1998926E+002, 4.0678086E+002, 3.4650596E+002, 2.2925494E+002, 1.6362712E+002, 1.6343904E+002, 2.2899532E+002, 3.4650304E+002, 4.0696085E+002, 4.2014265E+002, 2.1533663E+001,-1.1859575E+001,-4.9087044E-001,-3.6828892E+000, 2.1042793E+001,-1.5542464E+001,-5.2823496E+001,-7.1757655E+000,-5.9999261E+001, 1.5000000E+001, 7.7431086E+002
 1.4302692E+002, 4.2786315E+002, 4.2697368E+002, 2.8706886E+002, 2.3249934E+002, 2.3246973E+002, 1.9960830E+002, 4.2786315E+002, 1.6354579E+002, 1.9807979E+002, 2.7535336E+002, 3.8530131E+002, 4.2111698E+002, 4.2053565E+002, 4.0729907E+002, 3.4692280E+002, 2.2944364E+002, 1.6354123E+002, 1.6336089E+002, 2.2917300E+002, 3.4692158E+002, 4.0746707E+002, 4.2067463E+002, 2.1465650E+001,-1.1899358E+001,-4.9176769E-001,-3.5174080E+000, 2.0973882E+001,-1.5416766E+001,-5.2750871E+001,-7.2485419E+000,-5.9999413E+001, 1.5000000E+001, 7.7407778E+002
 1.4402407E+002, 4.2843465E+002, 4.2754555E+002, 2.8733973E+002, 2.3267090E+002, 2.3262864E+002, 1.9967862E+002, 4.2843465E+002, 1.6346214E+002, 1.9813391E+002, 2.7568207E+002, 3.8575959E+002, 4.2164456E+002, 4.2109655E+002, 4.0782582E+002, 3.4737060E+002, 2.2963938E+002, 1.6347049E+002, 1.6328635E+002, 2.2935601E+002, 3.4733662E+002, 4.0795325E+002, 4.2118187E+002, 2.1443953E+001,-1.1939711E+001,-5.0023129E-001,-3.5017746E+000, 2.0943722E+001,-1.5441486E+001,-5.2860421E+001,-7.1389231E+000,-5.9999344E+001, 1.5000000E+001, 7.7462396E+002
 1.4502046E+002, 4.2897188E+002, 4.2806655E+002, 2.8761537E+002, 2.3283704E+002, 2.3279770E+002, 1.9974228E+002, 4.2897188E+002, 1.6338245E+002, 1.9819041E+002, 2.7600686E+002, 3.8623402E+002, 4.2212171E+002, 4.2164730E+002, 4.0834448E+002, 3.4781002E+002, 2.2982804E+002, 1.6340068E+002, 1.6321017E+002, 2.2953117E+002, 3.4774915E+002, 4.0844367E+002, 4.2169833E+002, 2.1454806E+001,-1.1978341E+001,-4.9698391E-001,-4.1019133E+000, 2.0957823E+001,-1.6080255E+001,-5.2787478E+001,-7.2118679E+000,-5.9999346E+001, 1.5000000E+001, 7.7440693E+002
 1.4602128E+002, 4.2947604E+002, 4.2857547E+002, 2.8790683E+002, 2.3299779E+002, 2.3296462E+002, 1.9980542E+002, 4.2947604E+002, 1.6330474E+002, 1.9825461E+002, 2.7632618E+002, 3.8671225E+002, 4.2262861E+002, 4.2218198E+002, 4.0884354E+002, 3.4824850E+002, 2.3001780E+002, 1.6332613E+002, 1.6313426E+002, 2.2971931E+002, 3.4817033E+002, 4.0893492E+002, 4.2223449E+002, 2.1431572E+001,-1.2013094E+001,-4.8908717E-001,-3.8341235E+000, 2.0942485E+001,-1.5847217E+001,-5.3132314E+001,-6.8671505E+000,-5.9999464E+001, 1.5000000E+001, 7.7595534E+002
 1.4701728E+002, 4.2999937E+002, 4.2910120E+002, 2.8818789E+002, 2.3316416E+002, 2.3312924E+002, 1.9987253E+002, 4.2999937E+002, 1.6322065E+002, 1.9830186E+002, 2.7663761E+002, 3.8716732E+002, 4.2312235E+002, 4.2269865E+002, 4.0932120E+002, 3.4864176E+002, 2.3020780E+002, 1.6324802E+002, 1.6304955E+002, 2.2990341E+002, 3.4858033E+002, 4.0942513E+002, 4.2274322E+002, 2.1385930E+001,-1.2050123E+001,-4.8653436E-001,-3.7342470E+000, 2.0899396E+001,-1.5784370E+001,-5.2962242E+001,-7.0370948E+000,-5.9999336E+001, 1.5000000E+001, 7.7530524E+002
 1.4802689E+002, 4.3052936E+002, 4.2963139E+002, 2.8846690E+002, 2.3333270E+002, 2.3329242E+002, 1.9993381E+002, 4.3052936E+002, 1.6313406E+002, 1.9834350E+002, 2.7693089E+002, 3.8761111E+002, 4.2364611E+002, 4.2319011E+002, 4.0980193E+002, 3.4904203E+002, 2.3040263E+002, 1.6317168E+002, 1.6296337E+002, 2.3008709E+002, 3.4896673E+002, 4.0988734E+002, 4.2323446E+002, 2.1359831E+001,-1.2087195E+001,-4.8721049E-001,-3.6996279E+000, 2.0872621E+001,-1.5786823E+001,-5.3116800E+001,-6.8826997E+000,-5.9999499E+001, 1.5000000E+001, 7.7604108E+002
 1.4901848E+002, 4.3104366E+002, 4.3013926E+002, 2.8874426E+002, 2.3349834E+002, 2.3345439E+002, 1.9999306E+002, 4.3104366E+002, 1.6304989E+002, 1.9839651E+002, 2.7722717E+002, 3.8803816E+002, 4.2414025E+002, 4.2369269E+002, 4.1027400E+002, 3.4945128E+002, 2.3058700E+002, 1.6309742E+002, 1.6288678E+002, 2.3028116E+002, 3.4937640E+002, 4.1036369E+002, 4.2372945E+002, 2.1300892E+001,-1.2124204E+001,-4.9766107E-001,-4.0046251E+000, 2.0803231E+001,-1.6128830E+001,-5.2781310E+001,-7.2181781E+000,-5.9999488E+001, 1.5000000E+001, 7.7468609E+002
 1.5002943E+002, 4.3147816E+002, 4.3056473E+002, 2.8900032E+002, 2.3367010E+002, 2.3360970E+002, 2.0006229E+002, 4.3147816E+002, 1.6298229E+002, 1.9846970E+002, 2.7754953E+002, 3.8848824E+002, 4.2457056E+002, 4.2417019E+002, 4.1077280E+002, 3.4986779E+002, 2.3077395E+002, 1.6303485E+002, 1.6282270E+002, 2.3046265E+002, 3.4978490E+002, 4.1086383E+002, 4.2421568E+002, 2.1282957E+001,-1.2155877E+001,-5.1570804E-001,-4.3057041E+000, 2.0767249E+001,-1.6461581E+001,-5.2831468E+001,-7.1679661E+000,-5.9999434E+001, 1.5000000E+001, 7.7496670E+002
 1.5101984E+002, 4.3195036E+002, 4.3105393E+002, 2.8927406E+002, 2.3383003E+002, 2.3376606E+002, 2.0013044E+002, 4.3195036E+002, 1.6290852E+002, 1.9853596E+002, 2.7786325E+002, 3.8895520E+002, 4.2507468E+002, 4.2464794E+002, 4.1125183E+002, 3.5026686E+002, 2.3096648E+002, 1.6296727E+002, 1.6274066E+002, 2.3062283E+002, 3.5017943E+002, 4.1133777E+002, 4.2469975E+002, 2.1214456E+001,-1.2188740E+001,-5.2141710E-001,-3.6694260E+000, 2.0693039E+001,-1.5858166E+001,-5.2743714E+001,-7.2557354E+000,-5.9999449E+001, 1.5000000E+001, 7.7465640E+002
 1.5201784E+002, 4.3243053E+002, 4.3152458E+002, 2.8953875E+002, 2.3399192E+002, 2.3393386E+002, 2.0019743E+002, 4.3243053E+002, 1.6282442E+002, 1.9858752E+002, 2.7815241E+002, 3.8940860E+002, 4.2553849E+002, 4.2512936E+002, 4.1171942E+002, 3.5067055E+002, 2.3115840E+002, 1.6289515E+002, 1.6265684E+002, 2.3076493E+002, 3.5054530E+002, 4.1177673E+002, 4.2513983E+002, 2.1237505E+001,-1.2222990E+001,-5.0373562E-001,-3.9459059E+000, 2.0733769E+001,-1.6168896E+001,-5.2806936E+001,-7.1925463E+000,-5.9999483E+001, 1.5000000E+001, 7.7501461E+002
 1.5300383E+002, 4.3288755E+002, 4.3198735E+002, 2.8978557E+002, 2.3415061E+002, 2.3408831E+002, 2.0025533E+002, 4.3288755E+002, 1.6274543E+002, 1.9863899E+002, 2.7843221E+002, 3.8983949E+002, 4.2599490E+002, 4.2561050E+002, 4.1218399E+002, 3.5105180E+002, 2.3133114E+002, 1.6282557E+002, 1.6257407E+002, 2.3090997E+002, 3.5089708E+002, 4.1220874E+002, 4.2556678E+002, 2.1176790E+001,-1.2255376E+001,-5.1132054E-001,-3.7545029E+000, 2.0665470E+001,-1.6009879E+001,-5.2651343E+001,-7.3479809E+000,-5.9999324E+001, 1.5000000E+001, 7.7441021E+002
 1.5401735E+002, 4.3336379E+002, 4.3246302E+002, 2.9003973E+002, 2.3430811E+002, 2.3423815E+002, 2.0031866E+002, 4.3336379E+002, 1.6267023E+002, 1.9868704E+002, 2.7870245E+002, 3.9023822E+002, 4.2645609E+002, 4.2606607E+002, 4.1262515E+002, 3.5141886E+002, 2.3150435E+002, 1.6275437E+002, 1.6249150E+002, 2.3105033E+002, 3.5124050E+002, 4.1263944E+002, 4.2601490E+002, 2.1161938E+001,-1.2289339E+001,-5.1113500E-001,-3.7391734E+000, 2.0650803E+001,-1.6028513E+001,-5.2859167E+001,-7.1404154E+000,-5.9999582E+001, 1.5000000E+001, 7.7537531E+002
 1.5503264E+002, 4.3383063E+002, 4.3292755E+002, 2.9030706E+002, 2.3445793E+002, 2.3439740E+002, 2.0038829E+002, 4.3383063E+002, 1.6259333E+002, 1.9874301E+002, 2.7896999E+002, 3.9064319E+002, 4.2690690E+002, 4.2653918E+002, 4.1305613E+002, 3.5180128E+002, 2.3166594E+002, 1.6268896E+002, 1.6241068E+002, 2.3120469E+002, 3.5160542E+002, 4.1309909E+002, 4.2649605E+002, 2.1199933E+001,-1.2323479E+001,-5.2623947E-001,-3.7472341E+000, 2.0673693E+001,-1.6070713E+001,-5.3108429E+001,-6.8909821E+000,-5.9999411E+001, 1.5000000E+001, 7.7651467E+002
 1.5603566E+002, 4.3429981E+002, 4.3339311E+002, 2.9055874E+002, 2.3460868E+002, 2.3454392E+002, 2.0044256E+002, 4.3429981E+002, 1.6251942E+002, 1.9879282E+002, 2.7923133E+002, 3.9104847E+002, 4.2734556E+002, 4.2699302E+002, 4.1349097E+002, 3.5217648E+002, 2.3182570E+002, 1.6261750E+002, 1.6232820E+002, 2.3136601E+002, 3.5195566E+002, 4.1350308E+002, 4.2692818E+002, 2.1139570E+001,-1.2356266E+001,-5.0551363E-001,-3.9068052E+000, 2.0634056E+001,-1.6263071E+001,-5.2563995E+001,-7.4355433E+000,-5.9999538E+001, 1.5000000E+001, 7.7425903E+002
 1.5700822E+002, 4.3472157E+002, 4.3381475E+002, 2.9078441E+002, 2.3474960E+002, 2.3470018E+002, 2.0050628E+002, 4.3472157E+002, 1.6244709E+002, 1.9885357E+002, 2.7950275E+002, 3.9141579E+002, 4.2772650E+002, 4.2740794E+002, 4.1392005E+002, 3.5255905E+002, 2.3200558E+002, 1.6255237E+002, 1.6225847E+002, 2.3153941E+002, 3.5229614E+002, 4.1389515E+002, 4.2734483E+002, 2.1147473E+001,-1.2387522E+001,-5.2503178E-001,-3.8513441E+000, 2.0622441E+001,-1.6238866E+001,-5.2893670E+001,-7.1056654E+000,-5.9999335E+001, 1.5000000E+001, 7.7573971E+002
 1.5802505E+002, 4.3515388E+002, 4.3424543E+002, 2.9101873E+002, 2.3488838E+002, 2.3485819E+002, 2.0057793E+002, 4.3515388E+002, 1.6237962E+002, 1.9892373E+002, 2.7978730E+002, 3.9181812E+002, 4.2814114E+002, 4.2780391E+002, 4.1433979E+002, 3.5292056E+002, 2.3215963E+002, 1.6248360E+002, 1.6220223E+002, 2.3171946E+002, 3.5265037E+002, 4.1428808E+002, 4.2777052E+002, 2.1073355E+001,-1.2418436E+001,-5.0744021E-001,-3.9162337E+000, 2.0565915E+001,-1.6334670E+001,-5.2457064E+001,-7.5426178E+000,-5.9999682E+001, 1.5000000E+001, 7.7394098E+002
 1.5902831E+002, 4.3557279E+002, 4.3466141E+002, 2.9126629E+002, 2.3503582E+002, 2.3501883E+002, 2.0065020E+002, 4.3557279E+002, 1.6230753E+002, 1.9897361E+002, 2.8006291E+002, 3.9221269E+002, 4.2855228E+002, 4.2821572E+002, 4.1477157E+002, 3.5328745E+002, 2.3231885E+002, 1.6242587E+002, 1.6214140E+002, 2.3189078E+002, 3.5300711E+002, 4.1469369E+002, 4.2819237E+002, 2.1088227E+001,-1.2448813E+001,-5.1831319E-001,-4.0220004E+000, 2.0569914E+001,-1.6470813E+001,-5.2786539E+001,-7.2128273E+000,-5.9999367E+001, 1.5000000E+001, 7.7540984E+002
 1.6003411E+002, 4.3599474E+002, 4.3508587E+002, 2.9150582E+002, 2.3517520E+002, 2.3516866E+002, 2.0071757E+002, 4.3599474E+002, 1.6222921E+002, 1.9901641E+002, 2.8031920E+002, 3.9260630E+002, 4.2898375E+002, 4.2863773E+002, 4.1517927E+002, 3.5364544E+002, 2.3247739E+002, 1.6235544E+002, 1.6207409E+002, 2.3204589E+002, 3.5333821E+002, 4.1509834E+002, 4.2860543E+002, 2.1045165E+001,-1.2478747E+001,-5.1195059E-001,-3.8934397E+000, 2.0533215E+001,-1.6372187E+001,-5.2783807E+001,-7.2156883E+000,-5.9999496E+001, 1.5000000E+001, 7.7546620E+002
 1.6100102E+002, 4.3638894E+002, 4.3547728E+002, 2.9174142E+002, 2.3531772E+002, 2.3531179E+002, 2.0078026E+002, 4.3638894E+002, 1.6215951E+002, 1.9906708E+002, 2.8057138E+002, 3.9298871E+002, 4.2937068E+002, 4.2903878E+002, 4.1557860E+002, 3.5399354E+002, 2.3262967E+002, 1.6228666E+002, 1.6200567E+002, 2.3219666E+002, 3.5365837E+002, 4.1545670E+002, 4.2896206E+002, 2.1021185E+001,-1.2507948E+001,-5.1925480E-001,-3.9707968E+000, 2.0501930E+001,-1.6478745E+001,-5.2814311E+001,-7.1852131E+000,-5.9999524E+001, 1.5000000E+001, 7.7566024E+002
 1.6200349E+002, 4.3679717E+002, 4.3588937E+002, 2.9196349E+002, 2.3544695E+002, 2.3544937E+002, 2.0083444E+002, 4.3679717E+002, 1.6209229E+002, 1.9911246E+002, 2.8081831E+002, 3.9332381E+002, 4.2977102E+002, 4.2946576E+002, 4.1601473E+002, 3.5434209E+002, 2.3278054E+002, 1.6222032E+002, 1.6193532E+002, 2.3234304E+002, 3.5396560E+002, 4.1582978E+002, 4.2933899E+002, 2.1042180E+001,-1.2537378E+001,-5.1435790E-001,-3.7946580E+000, 2.0527822E+001,-1.6332036E+001,-5.2968441E+001,-7.0309476E+000,-5.9999388E+001, 1.5000000E+001, 7.7638243E+002
 1.6302411E+002, 4.3721388E+002, 4.3630065E+002, 2.9221052E+002, 2.3559086E+002, 2.3558598E+002, 2.0089238E+002, 4.3721388E+002, 1.6201946E+002, 1.9915712E+002, 2.8108000E+002, 3.9368973E+002, 4.3016275E+002, 4.2989433E+002, 4.1642646E+002, 3.5466708E+002, 2.3292595E+002, 1.6215387E+002, 1.6186755E+002, 2.3248908E+002, 3.5428490E+002, 4.1620978E+002, 4.2973753E+002, 2.0989942E+001,-1.2567868E+001,-5.2184053E-001,-4.0002370E+000, 2.0468101E+001,-1.6568105E+001,-5.2773143E+001,-7.2264340E+000,-5.9999578E+001, 1.5000000E+001, 7.7561767E+002
 1.6401901E+002, 4.3758489E+002, 4.3666294E+002, 2.9245751E+002, 2.3572809E+002, 2.3572935E+002, 2.0095842E+002, 4.3758489E+002, 1.6195092E+002, 1.9921295E+002, 2.8132810E+002, 3.9403625E+002, 4.3053548E+002, 4.3031483E+002, 4.1683960E+002, 3.5501081E+002, 2.3309440E+002, 1.6209245E+002, 1.6180735E+002, 2.3263290E+002, 3.5458774E+002, 4.1659608E+002, 4.3014842E+002, 2.1017449E+001,-1.2595249E+001,-5.2544578E-001,-4.3136588E+000, 2.0492003E+001,-1.6908907E+001,-5.2935781E+001,-7.0636415E+000,-5.9999423E+001, 1.5000000E+001, 7.7637536E+002
 1.6501625E+002, 4.3792339E+002, 4.3700132E+002, 2.9268157E+002, 2.3585862E+002, 2.3586979E+002, 2.0101849E+002, 4.3792339E+002, 1.6188136E+002, 1.9926460E+002, 2.8158036E+002, 3.9439618E+002, 4.3090641E+002, 4.3067626E+002, 4.1721884E+002, 3.5534711E+002, 2.3326080E+002, 1.6202233E+002, 1.6174287E+002, 2.3277632E+002, 3.5488226E+002, 4.1695416E+002, 4.3052757E+002, 2.1000387E+001,-1.2619960E+001,-5.1677128E-001,-4.2375920E+000, 2.0483616E+001,-1.6857552E+001,-5.2938879E+001,-7.0606638E+000,-5.9999542E+001, 1.5000000E+001, 7.7645377E+002
 1.6602444E+002, 4.3829467E+002, 4.3737757E+002, 2.9290126E+002, 2.3599504E+002, 2.3600527E+002, 2.0107257E+002, 4.3829467E+002, 1.6181743E+002, 1.9933130E+002, 2.8184308E+002, 3.9476736E+002, 4.3131644E+002, 4.3103017E+002, 4.1756215E+002, 3.5568132E+002, 2.3341373E+002, 1.6195443E+002, 1.6168316E+002, 2.3292993E+002, 3.5518956E+002, 4.1729628E+002, 4.3086988E+002, 2.0959993E+001,-1.2646722E+001,-5.0888908E-001,-4.0632495E+000, 2.0451104E+001,-1.6709971E+001,-5.2813526E+001,-7.1859865E+000,-5.9999513E+001, 1.5000000E+001, 7.7597791E+002
 1.6701838E+002, 4.3865904E+002, 4.3773982E+002, 2.9311491E+002, 2.3612802E+002, 2.3614533E+002, 2.0112279E+002, 4.3865904E+002, 1.6174868E+002, 1.9939008E+002, 2.8210563E+002, 3.9514290E+002, 4.3168323E+002, 4.3138894E+002, 4.1792352E+002, 3.5602765E+002, 2.3356053E+002, 1.6188100E+002, 1.6161920E+002, 2.3307510E+002, 3.5549615E+002, 4.1760953E+002, 4.3119546E+002, 2.0920396E+001,-1.2673696E+001,-5.1457289E-001,-4.1309220E+000, 2.0405824E+001,-1.6804618E+001,-5.2407902E+001,-7.5917773E+000,-5.9999680E+001, 1.5000000E+001, 7.7431072E+002
 1.6801379E+002, 4.3900569E+002, 4.3809044E+002, 2.9331801E+002, 2.3625525E+002, 2.3629252E+002, 2.0117640E+002, 4.3900569E+002, 1.6167878E+002, 1.9943016E+002, 2.8233639E+002, 3.9546481E+002, 4.3202084E+002, 4.3175848E+002, 4.1832436E+002, 3.5634660E+002, 2.3369671E+002, 1.6182002E+002, 1.6155962E+002, 2.3322843E+002, 3.5578808E+002, 4.1790964E+002, 4.3151618E+002, 2.0916583E+001,-1.2699219E+001,-5.2203211E-001,-3.9773715E+000, 2.0394550E+001,-1.6676590E+001,-5.2895703E+001,-7.1038174E+000,-5.9999521E+001, 1.5000000E+001, 7.7644300E+002
 1.6900028E+002, 4.3936185E+002, 4.3844223E+002, 2.9353261E+002, 2.3639644E+002, 2.3644706E+002, 2.0122358E+002, 4.3936185E+002, 1.6161073E+002, 1.9947285E+002, 2.8255209E+002, 3.9577001E+002, 4.3235886E+002, 4.3211013E+002, 4.1866132E+002, 3.5664909E+002, 2.3382816E+002, 1.6175073E+002, 1.6149158E+002, 2.3338099E+002, 3.5607937E+002, 4.1820854E+002, 4.3183063E+002, 2.0870673E+001,-1.2725074E+001,-5.1512553E-001,-4.1381860E+000, 2.0355547E+001,-1.6863260E+001,-5.2668911E+001,-7.3307825E+000,-5.9999693E+001, 1.5000000E+001, 7.7552794E+002
 1.7001431E+002, 4.3968933E+002, 4.3876677E+002, 2.9374048E+002, 2.3656368E+002, 2.3659013E+002, 2.0127597E+002, 4.3968933E+002, 1.6154631E+002, 1.9952016E+002, 2.8276452E+002, 3.9606468E+002, 4.3266489E+002, 4.3245833E+002, 4.1898427E+002, 3.5695688E+002, 2.3395202E+002, 1.6168298E+002, 1.6143277E+002, 2.3353456E+002, 3.5636856E+002, 4.1856878E+002, 4.3218377E+002, 2.0882695E+001,-1.2749679E+001,-5.2035433E-001,-4.2065392E+000, 2.0362341E+001,-1.6956218E+001,-5.2934066E+001,-7.0654723E+000,-5.9999539E+001, 1.5000000E+001, 7.7671676E+002
 1.7101154E+002, 4.4003044E+002, 4.3911028E+002, 2.9394357E+002, 2.3671572E+002, 2.3674320E+002, 2.0134144E+002, 4.4003044E+002, 1.6148481E+002, 1.9957633E+002, 2.8299048E+002, 3.9635483E+002, 4.3297522E+002, 4.3276641E+002, 4.1927679E+002, 3.5723263E+002, 2.3410119E+002, 1.6162230E+002, 1.6137942E+002, 2.3368176E+002, 3.5668146E+002, 4.1894192E+002, 4.3255578E+002, 2.0872456E+001,-1.2775237E+001,-5.2791191E-001,-4.0960852E+000, 2.0344545E+001,-1.6871322E+001,-5.2997785E+001,-7.0018921E+000,-5.9999677E+001, 1.5000000E+001, 7.7704462E+002
 1.7200740E+002, 4.4036111E+002, 4.3944437E+002, 2.9414681E+002, 2.3684927E+002, 2.3687384E+002, 2.0140597E+002, 4.4036111E+002, 1.6141998E+002, 1.9962612E+002, 2.8321642E+002, 3.9668364E+002, 4.3330854E+002, 4.3310115E+002, 4.1958934E+002, 3.5751236E+002, 2.3423909E+002, 1.6156706E+002, 1.6133008E+002, 2.3382816E+002, 3.5696976E+002, 4.1927518E+002, 4.3288201E+002, 2.0788012E+001,-1.2799331E+001,-5.4030918E-001,-3.9992246E+000, 2.0247703E+001,-1.6798556E+001,-5.2842385E+001,-7.1574149E+000,-5.9999799E+001, 1.5000000E+001, 7.7642725E+002
 1.7302169E+002, 4.4070528E+002, 4.3978909E+002, 2.9436333E+002, 2.3697781E+002, 2.3699564E+002, 2.0147473E+002, 4.4070528E+002, 1.6135469E+002, 1.9967747E+002, 2.8343970E+002, 3.9701140E+002, 4.3365368E+002, 4.3344027E+002, 4.1989359E+002, 3.5779898E+002, 2.3437077E+002, 1.6150739E+002, 1.6127221E+002, 2.3398320E+002, 3.5724526E+002, 4.1956821E+002, 4.3318230E+002, 2.0810556E+001,-1.2824068E+001,-5.2873776E-001,-3.9094855E+000, 2.0281818E+001,-1.6733554E+001,-5.2804470E+001,-7.1951202E+000,-5.9999591E+001, 1.5000000E+001, 7.7632832E+002
 1.7402575E+002, 4.4104063E+002, 4.4011901E+002, 2.9456936E+002, 2.3710986E+002, 2.3711925E+002, 2.0154046E+002, 4.4104063E+002, 1.6129599E+002, 1.9974273E+002, 2.8369246E+002, 3.9738126E+002, 4.3398114E+002, 4.3376627E+002, 4.2022980E+002, 3.5810658E+002, 2.3450258E+002, 1.6144998E+002, 1.6121423E+002, 2.3413382E+002, 3.5752218E+002, 4.1984530E+002, 4.3345013E+002, 2.0717303E+001,-1.2849479E+001,-5.2960872E-001,-4.2077087E+000, 2.0187694E+001,-1.7057188E+001,-5.2211465E+001,-7.7881089E+000,-5.9999574E+001, 1.5000000E+001, 7.7383819E+002
 1.7502106E+002, 4.4133357E+002, 4.4040956E+002, 2.9476352E+002, 2.3723331E+002, 2.3723971E+002, 2.0161085E+002, 4.4133357E+002, 1.6123211E+002, 1.9980130E+002, 2.8393247E+002, 3.9772643E+002, 4.3430016E+002, 4.3402952E+002, 4.2049765E+002, 3.5837389E+002, 2.3463897E+002, 1.6140175E+002, 1.6116011E+002, 2.3428630E+002, 3.5781428E+002, 4.2016699E+002, 4.3376165E+002, 2.0708593E+001,-1.2871064E+001,-5.3607551E-001,-4.2951824E+000, 2.0172518E+001,-1.7166247E+001,-5.2543141E+001,-7.4564077E+000,-5.9999549E+001, 1.5000000E+001, 7.7530684E+002
 1.7600631E+002, 4.4161306E+002, 4.4068530E+002, 2.9495769E+002, 2.3735021E+002, 2.3736841E+002, 2.0167926E+002, 4.4161306E+002, 1.6116896E+002, 1.9984545E+002, 2.8414970E+002, 3.9808128E+002, 4.3461330E+002, 4.3430002E+002, 4.2075675E+002, 3.5863197E+002, 2.3477391E+002, 1.6134996E+002, 1.6110073E+002, 2.3442815E+002, 3.5809031E+002, 4.2045078E+002, 4.3404072E+002, 2.0733777E+001,-1.2892164E+001,-5.4909125E-001,-4.3995005E+000, 2.0184686E+001,-1.7291664E+001,-5.2709912E+001,-7.2895728E+000,-5.9999485E+001, 1.5000000E+001, 7.7606747E+002
 1.7703012E+002, 4.4190335E+002, 4.4097353E+002, 2.9518346E+002, 2.3747282E+002, 2.3750491E+002, 2.0174576E+002, 4.4190335E+002, 1.6111032E+002, 1.9989574E+002, 2.8438181E+002, 3.9842350E+002, 4.3492236E+002, 4.3455598E+002, 4.2102126E+002, 3.5889876E+002, 2.3489442E+002, 1.6128498E+002, 1.6104823E+002, 2.3458847E+002, 3.5837792E+002, 4.2074117E+002, 4.3431676E+002, 2.0783008E+001,-1.2913414E+001,-5.2085154E-001,-4.3489575E+000, 2.0262157E+001,-1.7262371E+001,-5.3121820E+001,-6.8778604E+000,-5.9999681E+001, 1.5000000E+001, 7.7788459E+002
 1.7801121E+002, 4.4220629E+002, 4.4128786E+002, 2.9538426E+002, 2.3758327E+002, 2.3763509E+002, 2.0179830E+002, 4.4220629E+002, 1.6105075E+002, 1.9995795E+002, 2.8460429E+002, 3.9873635E+002, 4.3523273E+002, 4.3480155E+002, 4.2130120E+002, 3.5916156E+002, 2.3501922E+002, 1.6121963E+002, 1.6098948E+002, 2.3474324E+002, 3.5866131E+002, 4.2104790E+002, 4.3462919E+002, 2.0730727E+001,-1.2935803E+001,-5.3316830E-001,-3.9226368E+000, 2.0197559E+001,-1.6858440E+001,-5.2815195E+001,-7.1843853E+000,-5.9999580E+001, 1.5000000E+001, 7.7662745E+002
 1.7901350E+002, 4.4251092E+002, 4.4158820E+002, 2.9556343E+002, 2.3769809E+002, 2.3776740E+002, 2.0184976E+002, 4.4251092E+002, 1.6099854E+002, 2.0002214E+002, 2.8481786E+002, 3.9901928E+002, 4.3553574E+002, 4.3506572E+002, 4.2156905E+002, 3.5940300E+002, 2.3515257E+002, 1.6116369E+002, 1.6093665E+002, 2.3488343E+002, 3.5893279E+002, 4.2133259E+002, 4.3492882E+002, 2.0687094E+001,-1.2958460E+001,-5.2578250E-001,-4.0990048E+000, 2.0161311E+001,-1.7057465E+001,-5.2753520E+001,-7.2462396E+000,-5.9999759E+001, 1.5000000E+001, 7.7641313E+002
 1.8001185E+002, 4.4280698E+002, 4.4188425E+002, 2.9575433E+002, 2.3781695E+002, 2.3789139E+002, 2.0189969E+002, 4.4280698E+002, 1.6095480E+002, 2.0009395E+002, 2.8504281E+002, 3.9930442E+002, 4.3586113E+002, 4.3533148E+002, 4.2184058E+002, 3.5966356E+002, 2.3530667E+002, 1.6111641E+002, 1.6088716E+002, 2.3503190E+002, 3.5922061E+002, 4.2162587E+002, 4.3523099E+002, 2.0720875E+001,-1.2980578E+001,-5.3267077E-001,-4.0405371E+000, 2.0188204E+001,-1.7021115E+001,-5.2864059E+001,-7.1354863E+000,-5.9999545E+001, 1.5000000E+001, 7.7694100E+002
 1.8102877E+002, 4.4311512E+002, 4.4219892E+002, 2.9594106E+002, 2.3794941E+002, 2.3801034E+002, 2.0194827E+002, 4.4311512E+002, 1.6091153E+002, 2.0016962E+002, 2.8526599E+002, 3.9959774E+002, 4.3619144E+002, 4.3561258E+002, 4.2211925E+002, 3.5992112E+002, 2.3545728E+002, 1.6106896E+002, 1.6084080E+002, 2.3520019E+002, 3.5951467E+002, 4.2193383E+002, 4.3552617E+002, 2.0617394E+001,-1.3003061E+001,-5.3445145E-001,-3.8644526E+000, 2.0082942E+001,-1.6867514E+001,-5.2552222E+001,-7.4475130E+000,-5.9999735E+001, 1.5000000E+001, 7.7564748E+002
 1.8200097E+002, 4.4342011E+002, 4.4250250E+002, 2.9613392E+002, 2.3807364E+002, 2.3812190E+002, 2.0200608E+002, 4.4342011E+002, 1.6086174E+002, 2.0023899E+002, 2.8548229E+002, 3.9989478E+002, 4.3650555E+002, 4.3586912E+002, 4.2238747E+002, 3.6019939E+002, 2.3560186E+002, 1.6102432E+002, 1.6079146E+002, 2.3534456E+002, 3.5980533E+002, 4.2223667E+002, 4.3583752E+002, 2.0679597E+001,-1.3026148E+001,-5.4899845E-001,-3.8320632E+000, 2.0130599E+001,-1.6858211E+001,-5.3081647E+001,-6.9178396E+000,-5.9999487E+001, 1.5000000E+001, 7.7795561E+002
 1.8300068E+002, 4.4373303E+002, 4.4281251E+002, 2.9633094E+002, 2.3818794E+002, 2.3824376E+002, 2.0205572E+002, 4.4373303E+002, 1.6080375E+002, 2.0029954E+002, 2.8569263E+002, 4.0016968E+002, 4.3680289E+002, 4.3612148E+002, 4.2262516E+002, 3.6049631E+002, 2.3576220E+002, 1.6097921E+002, 1.6074088E+002, 2.3548753E+002, 3.6008491E+002, 4.2255699E+002, 4.3615864E+002, 2.0632782E+001,-1.3049557E+001,-5.2932189E-001,-3.9393400E+000, 2.0103460E+001,-1.6988897E+001,-5.2887051E+001,-7.1126389E+000,-5.9999690E+001, 1.5000000E+001, 7.7717827E+002
 1.8403331E+002, 4.4401737E+002, 4.4308890E+002, 2.9653944E+002, 2.3830800E+002, 2.3836521E+002, 2.0210990E+002, 4.4401737E+002, 1.6074462E+002, 2.0036041E+002, 2.8589654E+002, 4.0042745E+002, 4.3707566E+002, 4.3634880E+002, 4.2289582E+002, 3.6078810E+002, 2.3589632E+002, 1.6092368E+002, 1.6069369E+002, 2.3561852E+002, 3.6033556E+002, 4.2289574E+002, 4.3648419E+002, 2.0610770E+001,-1.3071468E+001,-5.4475481E-001,-4.2903510E+000, 2.0066016E+001,-1.7361819E+001,-5.2674541E+001,-7.3250644E+000,-5.9999606E+001, 1.5000000E+001, 7.7632209E+002
 1.8501907E+002, 4.4425905E+002, 4.4332402E+002, 2.9673157E+002, 2.3842250E+002, 2.3847894E+002, 2.0216117E+002, 4.4425905E+002, 1.6069254E+002, 2.0043119E+002, 2.8612414E+002, 4.0071160E+002, 4.3729397E+002, 4.3663275E+002, 4.2317823E+002, 3.6102212E+002, 2.3601609E+002, 1.6086055E+002, 1.6063564E+002, 2.3573096E+002, 3.6055941E+002, 4.2319736E+002, 4.3679761E+002, 2.0631123E+001,-1.3089456E+001,-5.3373505E-001,-4.4622490E+000, 2.0097388E+001,-1.7551705E+001,-5.2988805E+001,-7.0108362E+000,-5.9999641E+001, 1.5000000E+001, 7.7771040E+002
 1.8603292E+002, 4.4451479E+002, 4.4358618E+002, 2.9689591E+002, 2.3852939E+002, 2.3860074E+002, 2.0220334E+002, 4.4451479E+002, 1.6064230E+002, 2.0049694E+002, 2.8633362E+002, 4.0097386E+002, 4.3754059E+002, 4.3692110E+002, 4.2344419E+002, 3.6127154E+002, 2.3613626E+002, 1.6080225E+002, 1.6058487E+002, 2.3585222E+002, 3.6079165E+002, 4.2348263E+002, 4.3710363E+002, 2.0619350E+001,-1.3108144E+001,-5.2411336E-001,-4.1876443E+000, 2.0095237E+001,-1.7295788E+001,-5.2820770E+001,-7.1788642E+000,-5.9999634E+001, 1.5000000E+001, 7.7704171E+002
 1.8700914E+002, 4.4477228E+002, 4.4385083E+002, 2.9705720E+002, 2.3864411E+002, 2.3871290E+002, 2.0224384E+002, 4.4477228E+002, 1.6059311E+002, 2.0056519E+002, 2.8653736E+002, 4.0122096E+002, 4.3780190E+002, 4.3721670E+002, 4.2372195E+002, 3.6150301E+002, 2.3624957E+002, 1.6074868E+002, 1.6053164E+002, 2.3597200E+002, 3.6103531E+002, 4.2372739E+002, 4.3735797E+002, 2.0574140E+001,-1.3127514E+001,-5.4497675E-001,-3.9156595E+000, 2.0029163E+001,-1.7043173E+001,-5.2872508E+001,-7.1271741E+000,-5.9999682E+001, 1.5000000E+001, 7.7729516E+002
 1.8802529E+002, 4.4507786E+002, 4.4416416E+002, 2.9723581E+002, 2.3876584E+002, 2.3882908E+002, 2.0229058E+002, 4.4507786E+002, 1.6054403E+002, 2.0062798E+002, 2.8673861E+002, 4.0147266E+002, 4.3810664E+002, 4.3750054E+002, 4.2398054E+002, 3.6171260E+002, 2.3635559E+002, 1.6068404E+002, 1.6048674E+002, 2.3609373E+002, 3.6126840E+002, 4.2398201E+002, 4.3763545E+002, 2.0570641E+001,-1.3149624E+001,-5.5951870E-001,-3.6052042E+000, 2.0011122E+001,-1.6754828E+001,-5.2615317E+001,-7.3842921E+000,-5.9999609E+001, 1.5000000E+001, 7.7625840E+002
 1.8900573E+002, 4.4534629E+002, 4.4441208E+002, 2.9740128E+002, 2.3887250E+002, 2.3893075E+002, 2.0233652E+002, 4.4534629E+002, 1.6049305E+002, 2.0068133E+002, 2.8694145E+002, 4.0175539E+002, 4.3838742E+002, 4.3771832E+002, 4.2420695E+002, 3.6192763E+002, 2.3648224E+002, 1.6062981E+002, 1.6044061E+002, 2.3623951E+002, 3.6152262E+002, 4.2426425E+002, 4.3789920E+002, 2.0568285E+001,-1.3170850E+001,-5.3604141E-001,-4.4008580E+000, 2.0032244E+001,-1.7571708E+001,-5.3070791E+001,-6.9287760E+000,-5.9999567E+001, 1.5000000E+001, 7.7823317E+002
 1.9000312E+002, 4.4558189E+002, 4.4465411E+002, 2.9756017E+002, 2.3897597E+002, 2.3903760E+002, 2.0237576E+002, 4.4558189E+002, 1.6045055E+002, 2.0073866E+002, 2.8711375E+002, 4.0201378E+002, 4.3864266E+002, 4.3792817E+002, 4.2442181E+002, 3.6215835E+002, 2.3662243E+002, 1.6058289E+002, 1.6039059E+002, 2.3635879E+002, 3.6174846E+002, 4.2452456E+002, 4.3815688E+002, 2.0536272E+001,-1.3189041E+001,-5.2903727E-001,-4.1143901E+000, 2.0007235E+001,-1.7303431E+001,-5.2993685E+001,-7.0061354E+000,-5.9999821E+001, 1.5000000E+001, 7.7794765E+002
 1.9100303E+002, 4.4582482E+002, 4.4489720E+002, 2.9771788E+002, 2.3908425E+002, 2.3915180E+002, 2.0241860E+002, 4.4582482E+002, 1.6041118E+002, 2.0079467E+002, 2.8729967E+002, 4.0223710E+002, 4.3887911E+002, 4.3819917E+002, 4.2467971E+002, 3.6237550E+002, 2.3674376E+002, 1.6052803E+002, 1.6035239E+002, 2.3647571E+002, 3.6196725E+002, 4.2476997E+002, 4.3841592E+002, 2.0512154E+001,-1.3207138E+001,-5.4693342E-001,-4.1079750E+000, 1.9965220E+001,-1.7315113E+001,-5.2891427E+001,-7.1082605E+000,-5.9999687E+001, 1.5000000E+001, 7.7755311E+002
 1.9200441E+002, 4.4607279E+002, 4.4514455E+002, 2.9787328E+002, 2.3919134E+002, 2.3926038E+002, 2.0246186E+002, 4.4607279E+002, 1.6037019E+002, 2.0084509E+002, 2.8749087E+002, 4.0244692E+002, 4.3912379E+002, 4.3847623E+002, 4.2493101E+002, 3.6257548E+002, 2.3685746E+002, 1.6047303E+002, 1.6031101E+002, 2.3659795E+002, 3.6217396E+002, 4.2498978E+002, 4.3863680E+002, 2.0507983E+001,-1.3225658E+001,-5.3608027E-001,-4.1395077E+000, 1.9971903E+001,-1.7365165E+001,-5.2970186E+001,-7.0294848E+000,-5.9999671E+001, 1.5000000E+001, 7.7792880E+002
 1.9302539E+002, 4.4631134E+002, 4.4538733E+002, 2.9803193E+002, 2.3930211E+002, 2.3937924E+002, 2.0250433E+002, 4.4631134E+002, 1.6032389E+002, 2.0088544E+002, 2.8767253E+002, 4.0268632E+002, 4.3937822E+002, 4.3873370E+002, 4.2517358E+002, 3.6276661E+002, 2.3696061E+002, 1.6041573E+002, 1.6026807E+002, 2.3673389E+002, 3.6238723E+002, 4.2520499E+002, 4.3885934E+002, 2.0446532E+001,-1.3243849E+001,-5.4624748E-001,-3.9832670E+000, 1.9900284E+001,-1.7227116E+001,-5.2757249E+001,-7.2425413E+000,-5.9999791E+001, 1.5000000E+001, 7.7706193E+002
 1.9400513E+002, 4.4656583E+002, 4.4564161E+002, 2.9818703E+002, 2.3941541E+002, 2.3947702E+002, 2.0255109E+002, 4.4656583E+002, 1.6026823E+002, 2.0092367E+002, 2.8784319E+002, 4.0290253E+002, 4.3962858E+002, 4.3896489E+002, 4.2539328E+002, 3.6295545E+002, 2.3705580E+002, 1.6036487E+002, 1.6022134E+002, 2.3685587E+002, 3.6259618E+002, 4.2543452E+002, 4.3907754E+002, 2.0489493E+001,-1.3262886E+001,-5.4259458E-001,-3.9338794E+000, 1.9946898E+001,-1.7196766E+001,-5.3190796E+001,-6.8088045E+000,-5.9999600E+001, 1.5000000E+001, 7.7894579E+002
 1.9501442E+002, 4.4681388E+002, 4.4588670E+002, 2.9835644E+002, 2.3951862E+002, 2.3958106E+002, 2.0259274E+002, 4.4681388E+002, 1.6021757E+002, 2.0096403E+002, 2.8801287E+002, 4.0313349E+002, 4.3989120E+002, 4.3918172E+002, 4.2560379E+002, 3.6319754E+002, 2.3718206E+002, 1.6032983E+002, 1.6017347E+002, 2.3698571E+002, 3.6281817E+002, 4.2564420E+002, 4.3927489E+002, 2.0457053E+001,-1.3281821E+001,-5.3610080E-001,-4.0381358E+000, 1.9920952E+001,-1.7319957E+001,-5.2748726E+001,-7.2509863E+000,-5.9999712E+001, 1.5000000E+001, 7.7711444E+002
 1.9601720E+002, 4.4705508E+002, 4.4613006E+002, 2.9852208E+002, 2.3961437E+002, 2.3968496E+002, 2.0263525E+002, 4.4705508E+002, 1.6017325E+002, 2.0101056E+002, 2.8819104E+002, 4.0339835E+002, 4.4017033E+002, 4.3938731E+002, 4.2579844E+002, 3.6340318E+002, 2.3729950E+002, 1.6028794E+002, 1.6012918E+002, 2.3710625E+002, 3.6305143E+002, 4.2587753E+002, 4.3951284E+002, 2.0427421E+001,-1.3299706E+001,-5.4213478E-001,-3.9604204E+000, 1.9885286E+001,-1.7260126E+001,-5.2783246E+001,-7.2163915E+000,-5.9999638E+001, 1.5000000E+001, 7.7729860E+002
 1.9702651E+002, 4.4730762E+002, 4.4638386E+002, 2.9867523E+002, 2.3971181E+002, 2.3978484E+002, 2.0268305E+002, 4.4730762E+002, 1.6013847E+002, 2.0106106E+002, 2.8837073E+002, 4.0362923E+002, 4.4043130E+002, 4.3959626E+002, 4.2600711E+002, 3.6361542E+002, 2.3740967E+002, 1.6024142E+002, 1.6009441E+002, 2.3723406E+002, 3.6324884E+002, 4.2609645E+002, 4.3974282E+002, 2.0443426E+001,-1.3318683E+001,-5.4204114E-001,-3.8810064E+000, 1.9901385E+001,-1.7199689E+001,-5.2809518E+001,-7.1901729E+000,-5.9999691E+001, 1.5000000E+001, 7.7745543E+002
 1.9801223E+002, 4.4755320E+002, 4.4662855E+002, 2.9882779E+002, 2.3980616E+002, 2.3989666E+002, 2.0273908E+002, 4.4755320E+002, 1.6008874E+002, 2.0109442E+002, 2.8852349E+002, 4.0385127E+002, 4.4069844E+002, 4.3982809E+002, 4.2622572E+002, 3.6381181E+002, 2.3751610E+002, 1.6019091E+002, 1.6005976E+002, 2.3734053E+002, 3.6342900E+002, 4.2630530E+002, 4.3996985E+002, 2.0476893E+001,-1.3337642E+001,-5.4692468E-001,-3.8418070E+000, 1.9929968E+001,-1.7179449E+001,-5.2980613E+001,-7.0190356E+000,-5.9999649E+001, 1.5000000E+001, 7.7822861E+002
 1.9901831E+002, 4.4782845E+002, 4.4691046E+002, 2.9898330E+002, 2.3992867E+002, 2.3999258E+002, 2.0280393E+002, 4.4782845E+002, 1.6004094E+002, 2.0113604E+002, 2.8867878E+002, 4.0406699E+002, 4.4097481E+002, 4.4009472E+002, 4.2646007E+002, 3.6403813E+002, 2.3764579E+002, 1.6014784E+002, 1.6001759E+002, 2.3745802E+002, 3.6363286E+002, 4.2652220E+002, 4.4021376E+002, 2.0408587E+001,-1.3358416E+001,-5.4187146E-001,-3.6148808E+000, 1.9866716E+001,-1.6973297E+001,-5.2913036E+001,-7.0868022E+000,-5.9999838E+001, 1.5000000E+001, 7.7797644E+002
 2.0001531E+002, 4.4805753E+002, 4.4712561E+002, 2.9912081E+002, 2.4003911E+002, 2.4009425E+002, 2.0288926E+002, 4.4805753E+002, 1.5999308E+002, 2.0117254E+002, 2.8884311E+002, 4.0430543E+002, 4.4119083E+002, 4.4029912E+002, 4.2667234E+002, 3.6422741E+002, 2.3775624E+002, 1.6010435E+002, 1.5996917E+002, 2.3756847E+002, 3.6383099E+002, 4.2671899E+002, 4.4041384E+002, 2.0407149E+001,-1.3376342E+001,-5.7532127E-001,-4.1954302E+000, 1.9831828E+001,-1.7571772E+001,-5.2862626E+001,-7.1368911E+000,-5.9999517E+001, 1.5000000E+001, 7.7779814E+002
 2.0100468E+002, 4.4825940E+002, 4.4732166E+002, 2.9927204E+002, 2.4013232E+002, 2.4018671E+002, 2.0295764E+002, 4.4825940E+002, 1.5994184E+002, 2.0120128E+002, 2.8899268E+002, 4.0452948E+002, 4.4139011E+002, 4.4050913E+002, 4.2690435E+002, 3.6443302E+002, 2.3787322E+002, 1.6005602E+002, 1.5992786E+002, 2.3767987E+002, 3.6403239E+002, 4.2688380E+002, 4.4056676E+002, 2.0382591E+001,-1.3391960E+001,-5.4449008E-001,-4.4053149E+000, 1.9838101E+001,-1.7797275E+001,-5.2804204E+001,-7.1955935E+000,-5.9999797E+001, 1.5000000E+001, 7.7759241E+002
 2.0201286E+002, 4.4844826E+002, 4.4751549E+002, 2.9941610E+002, 2.4022249E+002, 2.4028757E+002, 2.0300253E+002, 4.4844826E+002, 1.5990243E+002, 2.0124861E+002, 2.8915240E+002, 4.0472718E+002, 4.4158658E+002, 4.4071902E+002, 4.2712419E+002, 3.6463408E+002, 2.3798496E+002, 1.6001399E+002, 1.5989033E+002, 2.3780125E+002, 3.6424381E+002, 4.2706044E+002, 4.4073186E+002, 2.0425958E+001,-1.3406675E+001,-5.2850334E-001,-4.0916083E+000, 1.9897454E+001,-1.7498284E+001,-5.2965147E+001,-7.0344964E+000,-5.9999643E+001, 1.5000000E+001, 7.7832073E+002
 2.0301394E+002, 4.4864876E+002, 4.4771152E+002, 2.9957556E+002, 2.4032695E+002, 2.4040267E+002, 2.0304986E+002, 4.4864876E+002, 1.5986539E+002, 2.0129154E+002, 2.8929264E+002, 4.0489378E+002, 4.4177736E+002, 4.4093347E+002, 4.2735593E+002, 3.6483319E+002, 2.3808895E+002, 1.5997225E+002, 1.5984541E+002, 2.3790519E+002, 3.6444060E+002, 4.2725505E+002, 4.4090975E+002, 2.0348518E+001,-1.3422155E+001,-5.4096573E-001,-4.3441666E+000, 1.9807552E+001,-1.7766322E+001,-5.2648751E+001,-7.3511137E+000,-5.9999865E+001, 1.5000000E+001, 7.7700316E+002
 2.0402658E+002, 4.4885393E+002, 4.4792342E+002, 2.9972434E+002, 2.4041822E+002, 2.4051801E+002, 2.0309637E+002, 4.4885393E+002, 1.5982075E+002, 2.0133245E+002, 2.8944496E+002, 4.0506393E+002, 4.4198257E+002, 4.4118003E+002, 4.2759621E+002, 3.6504263E+002, 2.3819752E+002, 1.5992673E+002, 1.5979287E+002, 2.3800847E+002, 3.6465300E+002, 4.2745835E+002, 4.4111653E+002, 2.0350499E+001,-1.3437185E+001,-5.2984935E-001,-4.0369796E+000, 1.9820650E+001,-1.7474165E+001,-5.2804166E+001,-7.1956526E+000,-5.9999818E+001, 1.5000000E+001, 7.7769918E+002
 2.0502048E+002, 4.4905337E+002, 4.4811826E+002, 2.9988158E+002, 2.4051739E+002, 2.4061883E+002, 2.0314411E+002, 4.4905337E+002, 1.5977171E+002, 2.0136274E+002, 2.8958079E+002, 4.0522045E+002, 4.4217798E+002, 4.4139174E+002, 4.2780992E+002, 3.6524520E+002, 2.3830690E+002, 1.5988049E+002, 1.5974347E+002, 2.3810124E+002, 3.6483197E+002, 4.2763089E+002, 4.4129492E+002, 2.0342716E+001,-1.3452271E+001,-5.4865390E-001,-4.2491799E+000, 1.9794062E+001,-1.7701451E+001,-5.2727965E+001,-7.2717488E+000,-5.9999714E+001, 1.5000000E+001, 7.7740794E+002
 2.0600799E+002, 4.4923507E+002, 4.4830047E+002, 3.0001441E+002, 2.4061092E+002, 2.4072564E+002, 2.0318425E+002, 4.4923507E+002, 1.5973080E+002, 2.0140111E+002, 2.8972979E+002, 4.0540007E+002, 4.4236831E+002, 4.4155816E+002, 4.2797537E+002, 3.6540186E+002, 2.3840189E+002, 1.5983397E+002, 1.5970001E+002, 2.3820163E+002, 3.6500266E+002, 4.2783652E+002, 4.4149036E+002, 2.0314910E+001,-1.3466402E+001,-5.5350470E-001,-4.2160730E+000, 1.9761405E+001,-1.7682475E+001,-5.2709395E+001,-7.2904133E+000,-5.9999808E+001, 1.5000000E+001, 7.7736173E+002
 2.0700204E+002, 4.4942237E+002, 4.4848883E+002, 3.0014542E+002, 2.4069482E+002, 2.4082768E+002, 2.0323508E+002, 4.4942237E+002, 1.5969107E+002, 2.0143415E+002, 2.8986833E+002, 4.0559704E+002, 4.4257456E+002, 4.4173849E+002, 4.2814458E+002, 3.6555288E+002, 2.3850214E+002, 1.5979445E+002, 1.5965174E+002, 2.3830166E+002, 3.6515543E+002, 4.2802780E+002, 4.4168787E+002, 2.0325528E+001,-1.3480687E+001,-5.4137518E-001,-4.1379444E+000, 1.9784153E+001,-1.7618632E+001,-5.3014885E+001,-6.9847762E+000,-5.9999661E+001, 1.5000000E+001, 7.7868453E+002
 2.0800397E+002, 4.4962569E+002, 4.4869444E+002, 3.0027574E+002, 2.4078655E+002, 2.4092445E+002, 2.0330827E+002, 4.4962569E+002, 1.5964798E+002, 2.0147004E+002, 2.9002190E+002, 4.0579428E+002, 4.4278975E+002, 4.4191110E+002, 4.2833287E+002, 3.6575000E+002, 2.3861731E+002, 1.5975728E+002, 1.5959762E+002, 2.3840243E+002, 3.6531044E+002, 4.2818904E+002, 4.4186791E+002, 2.0326505E+001,-1.3496433E+001,-5.3754170E-001,-4.0310738E+000, 1.9788963E+001,-1.7527507E+001,-5.2785698E+001,-7.2141517E+000,-5.9999850E+001, 1.5000000E+001, 7.7776018E+002
 2.0902847E+002, 4.4981592E+002, 4.4887834E+002, 3.0042426E+002, 2.4087381E+002, 2.4101229E+002, 2.0336377E+002, 4.4981592E+002, 1.5960317E+002, 2.0151503E+002, 2.9016599E+002, 4.0599077E+002, 4.4296917E+002, 4.4208606E+002, 4.2849976E+002, 3.6590925E+002, 2.3871419E+002, 1.5971146E+002, 1.5954478E+002, 2.3849355E+002, 3.6547161E+002, 4.2835869E+002, 4.4203416E+002, 2.0298812E+001,-1.3510870E+001,-5.4268856E-001,-4.2763946E+000, 1.9756124E+001,-1.7787264E+001,-5.2868616E+001,-7.1312423E+000,-5.9999858E+001, 1.5000000E+001, 7.7814199E+002
 2.1000819E+002, 4.4998774E+002, 4.4905061E+002, 3.0056380E+002, 2.4095309E+002, 2.4111591E+002, 2.0340572E+002, 4.4998774E+002, 1.5955477E+002, 2.0156649E+002, 2.9030846E+002, 4.0617538E+002, 4.4315849E+002, 4.4223881E+002, 4.2865403E+002, 3.6606609E+002, 2.3881238E+002, 1.5966412E+002, 1.5950244E+002, 2.3860254E+002, 3.6567168E+002, 4.2856383E+002, 4.4221536E+002, 2.0280202E+001,-1.3524670E+001,-5.4252767E-001,-4.2588482E+000, 1.9737674E+001,-1.7783518E+001,-5.2885282E+001,-7.1144842E+000,-5.9999767E+001, 1.5000000E+001, 7.7823660E+002
 2.1101345E+002, 4.5016599E+002, 4.4923067E+002, 3.0071489E+002, 2.4104274E+002, 2.4122661E+002, 2.0344919E+002, 4.5016599E+002, 1.5952238E+002, 2.0161835E+002, 2.9045164E+002, 4.0636185E+002, 4.4331851E+002, 4.4244019E+002, 4.2883868E+002, 3.6623158E+002, 2.3890925E+002, 1.5962325E+002, 1.5946994E+002, 2.3871720E+002, 3.6585672E+002, 4.2870553E+002, 4.4234283E+002, 2.0269404E+001,-1.3538054E+001,-5.4529309E-001,-4.1898167E+000, 1.9724111E+001,-1.7727871E+001,-5.2826743E+001,-7.1731126E+000,-5.9999856E+001, 1.5000000E+001, 7.7802376E+002
 2.1200572E+002, 4.5033477E+002, 4.4940110E+002, 3.0083042E+002, 2.4113320E+002, 2.4134052E+002, 2.0349170E+002, 4.5033477E+002, 1.5949541E+002, 2.0167513E+002, 2.9060059E+002, 4.0655454E+002, 4.4348327E+002, 4.4261814E+002, 4.2901135E+002, 3.6638904E+002, 2.3899870E+002, 1.5958718E+002, 1.5943688E+002, 2.3884142E+002, 3.6604863E+002, 4.2886562E+002, 4.4249480E+002, 2.0283416E+001,-1.3550729E+001,-5.4751153E-001,-4.0818468E+000, 1.9735905E+001,-1.7632575E+001,-5.2826779E+001,-7.1729774E+000,-5.9999757E+001, 1.5000000E+001, 7.7805658E+002
 2.1301281E+002, 4.5053456E+002, 4.4960037E+002, 3.0094277E+002, 2.4122354E+002, 2.4142883E+002, 2.0353561E+002, 4.5053456E+002, 1.5945516E+002, 2.0171930E+002, 2.9073939E+002, 4.0671468E+002, 4.4365382E+002, 4.4283053E+002, 4.2920528E+002, 3.6656828E+002, 2.3909704E+002, 1.5954783E+002, 1.5939506E+002, 2.3895063E+002, 3.6623886E+002, 4.2907568E+002, 4.4269902E+002, 2.0324003E+001,-1.3565879E+001,-5.3227870E-001,-4.0363328E+000, 1.9791725E+001,-1.7602212E+001,-5.2931699E+001,-7.0680762E+000,-5.9999775E+001, 1.5000000E+001, 7.7854815E+002
 2.1402828E+002, 4.5070087E+002, 4.4975819E+002, 3.0106584E+002, 2.4131547E+002, 2.4151433E+002, 2.0358666E+002, 4.5070087E+002, 1.5940972E+002, 2.0175068E+002, 2.9086946E+002, 4.0686124E+002, 4.4377941E+002, 4.4306178E+002, 4.2941711E+002, 3.6670476E+002, 2.3918764E+002, 1.5950266E+002, 1.5935938E+002, 2.3907966E+002, 3.6643261E+002, 4.2928563E+002, 4.4290525E+002, 2.0209542E+001,-1.3579429E+001,-5.4779328E-001,-4.4620169E+000, 1.9661748E+001,-1.8041446E+001,-5.2409351E+001,-7.5906436E+000,-5.9999994E+001, 1.5000000E+001, 7.7634827E+002
 2.1501743E+002, 4.5084474E+002, 4.4990644E+002, 3.0118450E+002, 2.4139561E+002, 2.4159578E+002, 2.0364962E+002, 4.5084474E+002, 1.5937273E+002, 2.0179499E+002, 2.9101709E+002, 4.0699923E+002, 4.4390641E+002, 4.4323989E+002, 4.2957644E+002, 3.6683160E+002, 2.3927046E+002, 1.5945322E+002, 1.5933408E+002, 2.3920344E+002, 3.6660313E+002, 4.2946597E+002, 4.4309773E+002, 2.0270940E+001,-1.3590485E+001,-5.4772401E-001,-4.2487543E+000, 1.9723216E+001,-1.7839239E+001,-5.2751012E+001,-7.2485160E+000,-5.9999528E+001, 1.5000000E+001, 7.7783005E+002
 2.1600800E+002, 4.5098716E+002, 4.5004377E+002, 3.0132191E+002, 2.4146509E+002, 2.4168914E+002, 2.0369723E+002, 4.5098716E+002, 1.5933659E+002, 2.0183165E+002, 2.9117058E+002, 4.0713416E+002, 4.4403961E+002, 4.4341833E+002, 4.2973649E+002, 3.6696461E+002, 2.3935186E+002, 1.5941148E+002, 1.5930520E+002, 2.3931266E+002, 3.6680480E+002, 4.2964483E+002, 4.4325409E+002, 2.0210106E+001,-1.3601763E+001,-5.5021298E-001,-4.4724306E+000, 1.9659893E+001,-1.8074194E+001,-5.2807802E+001,-7.1920950E+000,-5.9999897E+001, 1.5000000E+001, 7.7809129E+002
 2.1702371E+002, 4.5113547E+002, 4.5019938E+002, 3.0144431E+002, 2.4154069E+002, 2.4178009E+002, 2.0374372E+002, 4.5113547E+002, 1.5928997E+002, 2.0186016E+002, 2.9130409E+002, 4.0726285E+002, 4.4417592E+002, 4.4354790E+002, 4.2986038E+002, 3.6711677E+002, 2.3944677E+002, 1.5936862E+002, 1.5926052E+002, 2.3939275E+002, 3.6697072E+002, 4.2982756E+002, 4.4342252E+002, 2.0231218E+001,-1.3612570E+001,-5.5508808E-001,-4.1602467E+000, 1.9676130E+001,-1.7772816E+001,-5.2809296E+001,-7.1903988E+000,-5.9999695E+001, 1.5000000E+001, 7.7812566E+002
 2.1801469E+002, 4.5130391E+002, 4.5036404E+002, 3.0155911E+002, 2.4161298E+002, 2.4186569E+002, 2.0378204E+002, 4.5130391E+002, 1.5925292E+002, 2.0189813E+002, 2.9143578E+002, 4.0741016E+002, 4.4431767E+002, 4.4367427E+002, 4.2999677E+002, 3.6727806E+002, 2.3954109E+002, 1.5932577E+002, 1.5921554E+002, 2.3947658E+002, 3.6712584E+002, 4.2998922E+002, 4.4360635E+002, 2.0234538E+001,-1.3625624E+001,-5.3890399E-001,-4.2598667E+000, 1.9695634E+001,-1.7885491E+001,-5.2982729E+001,-7.0171778E+000,-5.9999907E+001, 1.5000000E+001, 7.7889451E+002
 2.1902732E+002, 4.5144828E+002, 4.5051101E+002, 3.0167794E+002, 2.4169247E+002, 2.4194575E+002, 2.0381676E+002, 4.5144828E+002, 1.5920997E+002, 2.0192167E+002, 2.9156633E+002, 4.0753954E+002, 4.4446707E+002, 4.4385154E+002, 4.3018918E+002, 3.6744382E+002, 2.3965632E+002, 1.5929290E+002, 1.5917612E+002, 2.3957355E+002, 3.6728008E+002, 4.3014814E+002, 4.4376610E+002, 2.0205375E+001,-1.3636843E+001,-5.4855209E-001,-4.1603571E+000, 1.9656823E+001,-1.7797200E+001,-5.2547955E+001,-7.4517783E+000,-5.9999734E+001, 1.5000000E+001, 7.7707812E+002
 2.2001081E+002, 4.5161008E+002, 4.5067352E+002, 3.0181850E+002, 2.4177310E+002, 2.4202245E+002, 2.0386779E+002, 4.5161008E+002, 1.5917193E+002, 2.0195923E+002, 2.9169663E+002, 4.0766893E+002, 4.4459932E+002, 4.4401553E+002, 4.3036314E+002, 3.6758161E+002, 2.3976430E+002, 1.5926379E+002, 1.5914868E+002, 2.3968461E+002, 3.6740802E+002, 4.3027307E+002, 4.4389402E+002, 2.0165423E+001,-1.3649499E+001,-5.5426672E-001,-4.2084035E+000, 1.9611156E+001,-1.7857903E+001,-5.2587383E+001,-7.4125008E+000,-5.9999884E+001, 1.5000000E+001, 7.7726410E+002
 2.2101258E+002, 4.5174491E+002, 4.5080491E+002, 3.0197891E+002, 2.4184823E+002, 2.4210715E+002, 2.0392896E+002, 4.5174491E+002, 1.5914035E+002, 2.0200075E+002, 2.9181933E+002, 4.0780193E+002, 4.4470471E+002, 4.4413123E+002, 4.3049940E+002, 3.6770840E+002, 2.3986329E+002, 1.5923536E+002, 1.5912179E+002, 2.3981507E+002, 3.6757456E+002, 4.3042821E+002, 4.4406777E+002, 2.0153926E+001,-1.3660484E+001,-5.5932971E-001,-4.3212014E+000, 1.9594596E+001,-1.7981686E+001,-5.2568570E+001,-7.4312499E+000,-5.9999820E+001, 1.5000000E+001, 7.7721062E+002
 2.2200960E+002, 4.5186159E+002, 4.5091975E+002, 3.0210153E+002, 2.4192102E+002, 2.4218559E+002, 2.0399579E+002, 4.5186159E+002, 1.5909219E+002, 2.0202534E+002, 2.9194338E+002, 4.0793849E+002, 4.4486553E+002, 4.4424475E+002, 4.3060874E+002, 3.6782161E+002, 2.3996058E+002, 1.5920978E+002, 1.5909503E+002, 2.3991558E+002, 3.6777796E+002, 4.3061378E+002, 4.4421733E+002, 2.0184495E+001,-1.3669447E+001,-5.7948523E-001,-4.3595944E+000, 1.9605010E+001,-1.8029042E+001,-5.2680351E+001,-7.3192974E+000,-5.9999648E+001, 1.5000000E+001, 7.7770906E+002
 2.2301475E+002, 4.5201172E+002, 4.5107686E+002, 3.0221006E+002, 2.4199415E+002, 2.4225968E+002, 2.0403939E+002, 4.5201172E+002, 1.5904246E+002, 2.0205519E+002, 2.9206230E+002, 4.0808957E+002, 4.4502268E+002, 4.4438574E+002, 4.3075734E+002, 3.6797467E+002, 2.4006152E+002, 1.5917800E+002, 1.5906305E+002, 2.4000599E+002, 3.6794687E+002, 4.3079992E+002, 4.4439101E+002, 2.0151218E+001,-1.3680643E+001,-5.6375467E-001,-4.0983367E+000, 1.9587463E+001,-1.7778980E+001,-5.2855238E+001,-7.1446265E+000,-5.9999864E+001, 1.5000000E+001, 7.7847336E+002
 2.2401116E+002, 4.5217256E+002, 4.5123742E+002, 3.0232426E+002, 2.4208088E+002, 2.4233988E+002, 2.0407769E+002, 4.5217256E+002, 1.5900496E+002, 2.0209622E+002, 2.9219372E+002, 4.0821523E+002, 4.4515576E+002, 4.4453365E+002, 4.3090190E+002, 3.6812931E+002, 2.4013564E+002, 1.5913312E+002, 1.5902848E+002, 2.4010340E+002, 3.6812783E+002, 4.3097002E+002, 4.4456127E+002, 2.0158108E+001,-1.3692441E+001,-5.5939742E-001,-4.0615971E+000, 1.9598711E+001,-1.7754039E+001,-5.2465379E+001,-7.5344037E+000,-5.9999782E+001, 1.5000000E+001, 7.7686053E+002
 2.2500244E+002, 4.5231981E+002, 4.5138464E+002, 3.0245019E+002, 2.4216015E+002, 2.4241676E+002, 2.0411388E+002, 4.5231981E+002, 1.5897078E+002, 2.0213570E+002, 2.9232744E+002, 4.0836714E+002, 4.4528439E+002, 4.4467016E+002, 4.3105663E+002, 3.6826585E+002, 2.4021359E+002, 1.5909000E+002, 1.5900669E+002, 2.4019807E+002, 3.6824587E+002, 4.3111407E+002, 4.4473349E+002, 2.0155237E+001,-1.3704129E+001,-5.7964096E-001,-4.1015813E+000, 1.9575596E+001,-1.7805710E+001,-5.2774143E+001,-7.2255087E+000,-5.9999652E+001, 1.5000000E+001, 7.7818458E+002
 2.2600533E+002, 4.5246322E+002, 4.5152174E+002, 3.0258057E+002, 2.4222740E+002, 2.4249231E+002, 2.0414438E+002, 4.5246322E+002, 1.5893852E+002, 2.0218520E+002, 2.9245936E+002, 4.0853691E+002, 4.4542725E+002, 4.4479584E+002, 4.3117372E+002, 3.6837832E+002, 2.4029260E+002, 1.5905084E+002, 1.5897501E+002, 2.4028349E+002, 3.6838214E+002, 4.3127779E+002, 4.4491539E+002, 2.0187905E+001,-1.3715036E+001,-5.3910019E-001,-4.2203413E+000, 1.9648805E+001,-1.7935377E+001,-5.2842114E+001,-7.1577547E+000,-5.9999868E+001, 1.5000000E+001, 7.7851115E+002
 2.2701593E+002, 4.5260595E+002, 4.5166655E+002, 3.0270153E+002, 2.4230450E+002, 2.4255635E+002, 2.0418164E+002, 4.5260595E+002, 1.5890719E+002, 2.0223521E+002, 2.9261232E+002, 4.0866313E+002, 4.4554683E+002, 4.4494944E+002, 4.3130572E+002, 3.6851213E+002, 2.4037525E+002, 1.5901025E+002, 1.5894917E+002, 2.4037659E+002, 3.6852837E+002, 4.3143571E+002, 4.4506941E+002, 2.0166377E+001,-1.3726416E+001,-5.5217542E-001,-4.1948437E+000, 1.9614202E+001,-1.7921260E+001,-5.2661999E+001,-7.3376671E+000,-5.9999666E+001, 1.5000000E+001, 7.7777485E+002
 2.2802799E+002, 4.5275837E+002, 4.5181932E+002, 3.0281750E+002, 2.4238551E+002, 2.4262501E+002, 2.0421918E+002, 4.5275837E+002, 1.5888915E+002, 2.0231450E+002, 2.9277946E+002, 4.0883754E+002, 4.4571427E+002, 4.4507294E+002, 4.3141486E+002, 3.6863047E+002, 2.4044176E+002, 1.5896763E+002, 1.5892102E+002, 2.4049546E+002, 3.6869369E+002, 4.3162188E+002, 4.4524891E+002, 2.0152449E+001,-1.3737806E+001,-5.5131364E-001,-4.1689136E+000, 1.9601135E+001,-1.7906720E+001,-5.2726646E+001,-7.2732426E+000,-5.9999889E+001, 1.5000000E+001, 7.7807996E+002
 2.2901354E+002, 4.5288516E+002, 4.5194111E+002, 3.0292941E+002, 2.4246483E+002, 2.4269980E+002, 2.0424917E+002, 4.5288516E+002, 1.5886619E+002, 2.0237956E+002, 2.9293277E+002, 4.0898523E+002, 4.4588033E+002, 4.4517315E+002, 4.3152283E+002, 3.6874040E+002, 2.4051891E+002, 1.5893005E+002, 1.5889831E+002, 2.4059994E+002, 3.6885195E+002, 4.3179190E+002, 4.4542101E+002, 2.0175217E+001,-1.3748035E+001,-5.5209801E-001,-4.3144877E+000, 1.9623118E+001,-1.8062522E+001,-5.2772189E+001,-7.2275761E+000,-5.9999765E+001, 1.5000000E+001, 7.7830071E+002
 2.3000882E+002, 4.5300084E+002, 4.5205698E+002, 3.0307879E+002, 2.4253152E+002, 2.4275443E+002, 2.0428165E+002, 4.5300084E+002, 1.5883971E+002, 2.0242790E+002, 2.9307401E+002, 4.0912692E+002, 4.4601536E+002, 4.4526024E+002, 4.3161997E+002, 3.6885586E+002, 2.4059704E+002, 1.5889084E+002, 1.5887802E+002, 2.4070410E+002, 3.6901966E+002, 4.3198417E+002, 4.4559487E+002, 2.0124816E+001,-1.3757899E+001,-5.7088041E-001,-4.3573634E+000, 1.9553936E+001,-1.8115263E+001,-5.2927690E+001,-7.0721524E+000,-5.9999842E+001, 1.5000000E+001, 7.7897075E+002
 2.3100268E+002, 4.5313107E+002, 4.5218912E+002, 3.0321453E+002, 2.4260415E+002, 2.4281555E+002, 2.0431061E+002, 4.5313107E+002, 1.5881455E+002, 2.0248626E+002, 2.9320996E+002, 4.0927385E+002, 4.4614523E+002, 4.4537667E+002, 4.3172563E+002, 3.6897786E+002, 2.4066594E+002, 1.5884885E+002, 1.5884589E+002, 2.4079509E+002, 3.6918947E+002, 4.3216391E+002, 4.4573936E+002, 2.0098334E+001,-1.3767503E+001,-5.5509444E-001,-4.3106420E+000, 1.9543240E+001,-1.8078145E+001,-5.2727519E+001,-7.2723801E+000,-5.9999899E+001, 1.5000000E+001, 7.7814163E+002
 2.3201293E+002, 4.5324648E+002, 4.5230855E+002, 3.0333409E+002, 2.4267748E+002, 2.4288716E+002, 2.0433566E+002, 4.5324648E+002, 1.5878337E+002, 2.0253064E+002, 2.9334277E+002, 4.0941039E+002, 4.4628087E+002, 4.4548002E+002, 4.3181905E+002, 3.6906350E+002, 2.4073813E+002, 1.5881981E+002, 1.5880981E+002, 2.4087026E+002, 3.6931268E+002, 4.3231240E+002, 4.4588800E+002, 2.0077468E+001,-1.3776642E+001,-5.6060948E-001,-4.1241360E+000, 1.9516858E+001,-1.7900778E+001,-5.2468390E+001,-7.5314931E+000,-5.9999883E+001, 1.5000000E+001, 7.7707062E+002
 2.3301164E+002, 4.5336807E+002, 4.5242533E+002, 3.0344266E+002, 2.4274806E+002, 2.4295711E+002, 2.0436259E+002, 4.5336807E+002, 1.5875825E+002, 2.0256700E+002, 2.9345488E+002, 4.0951199E+002, 4.4638380E+002, 4.4559636E+002, 4.3192925E+002, 3.6918076E+002, 2.4083171E+002, 1.5879743E+002, 1.5878041E+002, 2.4096116E+002, 3.6946561E+002, 4.3250357E+002, 4.4607031E+002, 2.0096796E+001,-1.3786386E+001,-5.9092958E-001,-4.3486242E+000, 1.9505867E+001,-1.8135010E+001,-5.2788214E+001,-7.2114410E+000,-5.9999655E+001, 1.5000000E+001, 7.7843633E+002
 2.3400416E+002, 4.5346969E+002, 4.5251839E+002, 3.0354711E+002, 2.4282205E+002, 2.4302597E+002, 2.0440062E+002, 4.5346969E+002, 1.5872649E+002, 2.0260461E+002, 2.9355311E+002, 4.0959386E+002, 4.4646302E+002, 4.4573560E+002, 4.3206092E+002, 3.6931811E+002, 2.4090934E+002, 1.5876323E+002, 1.5876146E+002, 2.4106658E+002, 3.6963500E+002, 4.3267705E+002, 4.4621550E+002, 2.0116005E+001,-1.3794383E+001,-5.4849864E-001,-4.6047883E+000, 1.9567506E+001,-1.8399172E+001,-5.3008825E+001,-6.9910263E+000,-5.9999851E+001, 1.5000000E+001, 7.7940083E+002
 2.3502890E+002, 4.5354555E+002, 4.5259504E+002, 3.0364244E+002, 2.4290687E+002, 2.4309380E+002, 2.0443337E+002, 4.5354555E+002, 1.5870396E+002, 2.0265528E+002, 2.9368003E+002, 4.0968711E+002, 4.4652981E+002, 4.4583614E+002, 4.3217786E+002, 3.6942569E+002, 2.4099183E+002, 1.5872857E+002, 1.5873918E+002, 2.4114943E+002, 3.6981014E+002, 4.3284047E+002, 4.4633999E+002, 2.0070271E+001,-1.3800714E+001,-5.5550067E-001,-4.5993957E+000, 1.9514770E+001,-1.8400110E+001,-5.2461419E+001,-7.5385524E+000,-5.9999971E+001, 1.5000000E+001, 7.7709852E+002
 2.3603477E+002, 4.5363587E+002, 4.5268925E+002, 3.0375383E+002, 2.4298868E+002, 2.4316066E+002, 2.0446380E+002, 4.5363587E+002, 1.5868537E+002, 2.0271648E+002, 2.9381851E+002, 4.0982156E+002, 4.4664074E+002, 4.4592029E+002, 4.3225047E+002, 3.6952861E+002, 2.4107510E+002, 1.5869181E+002, 1.5870427E+002, 2.4122209E+002, 3.6996491E+002, 4.3302149E+002, 4.4648933E+002, 2.0117130E+001,-1.3807034E+001,-5.6926395E-001,-4.4160928E+000, 1.9547866E+001,-1.8223126E+001,-5.2756544E+001,-7.2432163E+000,-5.9999760E+001, 1.5000000E+001, 7.7837671E+002
 2.3701752E+002, 4.5375265E+002, 4.5281537E+002, 3.0385689E+002, 2.4305748E+002, 2.4323185E+002, 2.0450280E+002, 4.5375265E+002, 1.5865754E+002, 2.0276168E+002, 2.9394122E+002, 4.0996200E+002, 4.4676898E+002, 4.4602898E+002, 4.3234454E+002, 3.6965488E+002, 2.4114758E+002, 1.5865703E+002, 1.5867694E+002, 2.4131439E+002, 3.7011304E+002, 4.3319329E+002, 4.4664983E+002, 2.0080876E+001,-1.3815961E+001,-5.6959271E-001,-4.0505195E+000, 1.9511283E+001,-1.7866480E+001,-5.2568210E+001,-7.4316608E+000,-5.9999871E+001, 1.5000000E+001, 7.7759629E+002
 2.3801619E+002, 4.5388097E+002, 4.5294175E+002, 3.0393460E+002, 2.4312698E+002, 2.4330487E+002, 2.0454594E+002, 4.5388097E+002, 1.5862816E+002, 2.0279207E+002, 2.9404544E+002, 4.1007601E+002, 4.4687608E+002, 4.4618291E+002, 4.3248477E+002, 3.6975996E+002, 2.4121314E+002, 1.5861637E+002, 1.5864644E+002, 2.4139137E+002, 3.7021611E+002, 4.3333291E+002, 4.4681820E+002, 2.0097865E+001,-1.3825667E+001,-5.7140077E-001,-4.1120633E+000, 1.9526464E+001,-1.7937730E+001,-5.2803280E+001,-7.1965058E+000,-5.9999786E+001, 1.5000000E+001, 7.7861994E+002
 2.3901126E+002, 4.5399715E+002, 4.5305191E+002, 3.0401519E+002, 2.4320238E+002, 2.4337779E+002, 2.0458239E+002, 4.5399715E+002, 1.5859439E+002, 2.0281896E+002, 2.9413646E+002, 4.1020230E+002, 4.4698891E+002, 4.4634317E+002, 4.3265676E+002, 3.6988875E+002, 2.4127292E+002, 1.5857869E+002, 1.5862034E+002, 2.4147608E+002, 3.7031243E+002, 4.3347206E+002, 4.4697307E+002, 2.0018345E+001,-1.3835398E+001,-5.7576344E-001,-4.4302037E+000, 1.9442581E+001,-1.8265602E+001,-5.2522960E+001,-7.4769994E+000,-5.9999960E+001, 1.5000000E+001, 7.7744866E+002
 2.4000308E+002, 4.5408461E+002, 4.5314098E+002, 3.0410713E+002, 2.4328107E+002, 2.4343504E+002, 2.0460634E+002, 4.5408461E+002, 1.5856241E+002, 2.0284655E+002, 2.9423095E+002, 4.1030670E+002, 4.4707473E+002, 4.4647294E+002, 4.3281685E+002, 3.6999569E+002, 2.4133065E+002, 1.5854067E+002, 1.5859336E+002, 2.4154617E+002, 3.7041362E+002, 4.3358017E+002, 4.4710267E+002, 2.0067013E+001,-1.3841689E+001,-5.5731805E-001,-4.2680225E+000, 1.9509695E+001,-1.8109712E+001,-5.2631687E+001,-7.3680810E+000,-5.9999768E+001, 1.5000000E+001, 7.7793938E+002
 2.4100950E+002, 4.5420927E+002, 4.5327175E+002, 3.0422145E+002, 2.4334617E+002, 2.4348893E+002, 2.0463067E+002, 4.5420927E+002, 1.5853216E+002, 2.0288792E+002, 2.9434062E+002, 4.1040120E+002, 4.4717295E+002, 4.4661094E+002, 4.3295936E+002, 3.7011749E+002, 2.4140698E+002, 1.5850530E+002, 1.5855779E+002, 2.4161738E+002, 3.7052260E+002, 4.3371514E+002, 4.4725507E+002, 2.0040998E+001,-1.3851368E+001,-5.5118000E-001,-4.0590184E+000, 1.9489818E+001,-1.7910387E+001,-5.2651312E+001,-7.3485526E+000,-5.9999864E+001, 1.5000000E+001, 7.7803587E+002
 2.4201343E+002, 4.5432959E+002, 4.5338694E+002, 3.0433493E+002, 2.4340684E+002, 2.4354497E+002, 2.0465586E+002, 4.5432959E+002, 1.5850806E+002, 2.0294358E+002, 2.9446129E+002, 4.1049873E+002, 4.4727071E+002, 4.4671111E+002, 4.3306353E+002, 3.7023200E+002, 2.4146747E+002, 1.5847306E+002, 1.5851707E+002, 2.4168681E+002, 3.7067333E+002, 4.3386248E+002, 4.4737982E+002, 2.0063054E+001,-1.3860871E+001,-5.5809602E-001,-4.1945457E+000, 1.9504958E+001,-1.8055417E+001,-5.2820914E+001,-7.1789607E+000,-5.9999874E+001, 1.5000000E+001, 7.7878168E+002
 2.4302828E+002, 4.5445392E+002, 4.5351315E+002, 3.0441123E+002, 2.4346769E+002, 2.4361398E+002, 2.0468149E+002, 4.5445392E+002, 1.5848229E+002, 2.0300046E+002, 2.9458229E+002, 4.1059563E+002, 4.4734150E+002, 4.4684255E+002, 4.3318036E+002, 3.7033026E+002, 2.4152974E+002, 1.5844689E+002, 1.5848781E+002, 2.4175747E+002, 3.7077383E+002, 4.3396684E+002, 4.4750348E+002, 2.0084093E+001,-1.3870434E+001,-5.4591589E-001,-4.1193470E+000, 1.9538177E+001,-1.7989781E+001,-5.2829420E+001,-7.1701970E+000,-5.9999617E+001, 1.5000000E+001, 7.7883322E+002
 2.4400998E+002, 4.5456806E+002, 4.5361769E+002, 3.0451359E+002, 2.4353011E+002, 2.4367216E+002, 2.0470951E+002, 4.5456806E+002, 1.5845075E+002, 2.0304313E+002, 2.9467474E+002, 4.1067833E+002, 4.4741954E+002, 4.4695749E+002, 4.3330667E+002, 3.7043465E+002, 2.4160258E+002, 1.5841641E+002, 1.5845474E+002, 2.4181185E+002, 3.7086137E+002, 4.3407682E+002, 4.4762978E+002, 2.0074399E+001,-1.3879580E+001,-5.4372786E-001,-4.4693352E+000, 1.9530671E+001,-1.8348915E+001,-5.2904335E+001,-7.0956699E+000,-6.0000005E+001, 1.5000000E+001, 7.7918278E+002
 2.4501345E+002, 4.5466007E+002, 4.5371595E+002, 3.0459956E+002, 2.4358962E+002, 2.4373295E+002, 2.0474438E+002, 4.5466007E+002, 1.5842376E+002, 2.0308946E+002, 2.9478743E+002, 4.1078579E+002, 4.4748818E+002, 4.4701799E+002, 4.3335771E+002, 3.7051415E+002, 2.4167583E+002, 1.5838820E+002, 1.5842405E+002, 2.4187888E+002, 3.7098975E+002, 4.3420847E+002, 4.4774455E+002, 2.0073486E+001,-1.3887059E+001,-5.4749959E-001,-4.2101979E+000, 1.9525986E+001,-1.8097257E+001,-5.3067131E+001,-6.9327228E+000,-5.9999854E+001, 1.5000000E+001, 7.7988028E+002
 2.4601319E+002, 4.5478261E+002, 4.5384265E+002, 3.0468334E+002, 2.4366146E+002, 2.4378956E+002, 2.0477193E+002, 4.5478261E+002, 1.5839625E+002, 2.0314019E+002, 2.9491335E+002, 4.1092311E+002, 4.4759619E+002, 4.4709825E+002, 4.3342468E+002, 3.7060173E+002, 2.4174695E+002, 1.5835384E+002, 1.5839867E+002, 2.4195436E+002, 3.7110838E+002, 4.3434646E+002, 4.4786670E+002, 2.0033701E+001,-1.3895881E+001,-5.4226805E-001,-4.0604462E+000, 1.9491433E+001,-1.7956327E+001,-5.2738905E+001,-7.2610960E+000,-6.0000001E+001, 1.5000000E+001, 7.7851414E+002
 2.4702206E+002, 4.5489245E+002, 4.5395416E+002, 3.0477096E+002, 2.4372743E+002, 2.4384117E+002, 2.0479771E+002, 4.5489245E+002, 1.5836986E+002, 2.0318172E+002, 2.9503123E+002, 4.1103583E+002, 4.4768931E+002, 4.4721752E+002, 4.3350597E+002, 3.7069831E+002, 2.4180843E+002, 1.5832382E+002, 1.5837344E+002, 2.4203986E+002, 3.7121133E+002, 4.3444646E+002, 4.4797658E+002, 1.9994347E+001,-1.3905045E+001,-5.7259253E-001,-4.0577052E+000, 1.9421755E+001,-1.7962750E+001,-5.2684054E+001,-7.3157646E+000,-5.9999819E+001, 1.5000000E+001, 7.7828580E+002
 2.4800604E+002, 4.5500694E+002, 4.5406711E+002, 3.0484952E+002, 2.4379490E+002, 2.4390826E+002, 2.0481938E+002, 4.5500694E+002, 1.5834816E+002, 2.0321449E+002, 2.9512025E+002, 4.1113051E+002, 4.4777958E+002, 4.4733172E+002, 4.3360517E+002, 3.7079848E+002, 2.4187422E+002, 1.5829946E+002, 1.5835529E+002, 2.4211882E+002, 3.7131670E+002, 4.3455847E+002, 4.4807137E+002, 2.0010063E+001,-1.3913842E+001,-5.6234119E-001,-4.0859028E+000, 1.9447721E+001,-1.7999745E+001,-5.2820258E+001,-7.1795966E+000,-5.9999855E+001, 1.5000000E+001, 7.7888648E+002
 2.4901770E+002, 4.5511671E+002, 4.5417735E+002, 3.0493873E+002, 2.4385609E+002, 2.4396862E+002, 2.0484207E+002, 4.5511671E+002, 1.5832203E+002, 2.0324020E+002, 2.9521051E+002, 4.1122257E+002, 4.4787898E+002, 4.4745728E+002, 4.3370835E+002, 3.7091551E+002, 2.4193873E+002, 1.5827526E+002, 1.5833469E+002, 2.4220724E+002, 3.7145321E+002, 4.3463063E+002, 4.4813561E+002, 1.9961873E+001,-1.3922992E+001,-5.7273860E-001,-4.1087099E+000, 1.9389134E+001,-1.8031702E+001,-5.2438031E+001,-7.5618511E+000,-5.9999882E+001, 1.5000000E+001, 7.7728164E+002
 2.5002031E+002, 4.5522427E+002, 4.5428134E+002, 3.0504496E+002, 2.4391539E+002, 2.4402836E+002, 2.0486683E+002, 4.5522427E+002, 1.5829665E+002, 2.0327251E+002, 2.9531233E+002, 4.1132325E+002, 4.4799836E+002, 4.4757369E+002, 4.3382793E+002, 3.7103230E+002, 2.4200883E+002, 1.5825762E+002, 1.5831128E+002, 2.4229851E+002, 3.7157665E+002, 4.3472059E+002, 4.4822380E+002, 1.9962033E+001,-1.3930928E+001,-5.5135894E-001,-4.2259040E+000, 1.9410674E+001,-1.8156832E+001,-5.2405241E+001,-7.5946862E+000,-5.9999927E+001, 1.5000000E+001, 7.7717227E+002
 2.5102608E+002, 4.5530897E+002, 4.5436334E+002, 3.0513818E+002, 2.4397374E+002, 2.4408369E+002, 2.0489040E+002, 4.5530897E+002, 1.5827634E+002, 2.0331717E+002, 2.9541516E+002, 4.1142682E+002, 4.4809546E+002, 4.4771118E+002, 4.3393032E+002, 3.7112780E+002, 2.4208140E+002, 1.5823840E+002, 1.5828200E+002, 2.4238577E+002, 3.7170692E+002, 4.3486045E+002, 4.4837022E+002, 2.0011397E+001,-1.3938047E+001,-5.5608623E-001,-4.2814696E+000, 1.9455310E+001,-1.8219517E+001,-5.2712077E+001,-7.2876127E+000,-5.9999690E+001, 1.5000000E+001, 7.7848991E+002
 2.5200561E+002, 4.5540559E+002, 4.5446088E+002, 3.0520983E+002, 2.4402882E+002, 2.4413338E+002, 2.0490768E+002, 4.5540559E+002, 1.5825173E+002, 2.0336040E+002, 2.9551100E+002, 4.1152471E+002, 4.4822369E+002, 4.4781080E+002, 4.3401337E+002, 3.7124553E+002, 2.4216983E+002, 1.5821767E+002, 1.5825451E+002, 2.4245145E+002, 3.7181480E+002, 4.3495126E+002, 4.4846547E+002, 2.0015676E+001,-1.3945259E+001,-5.4918882E-001,-4.2180231E+000, 1.9466487E+001,-1.8163282E+001,-5.2976095E+001,-7.0237472E+000,-5.9999842E+001, 1.5000000E+001, 7.7962652E+002
 2.5301674E+002, 4.5551031E+002, 4.5456717E+002, 3.0528571E+002, 2.4408544E+002, 2.4419780E+002, 2.0492743E+002, 4.5551031E+002, 1.5822756E+002, 2.0340182E+002, 2.9562144E+002, 4.1163428E+002, 4.4834085E+002, 4.4791307E+002, 4.3412597E+002, 3.7134017E+002, 2.4225961E+002, 1.5818758E+002, 1.5823058E+002, 2.4251876E+002, 3.7192884E+002, 4.3503650E+002, 4.4857683E+002, 2.0006354E+001,-1.3953374E+001,-5.5243831E-001,-4.1410065E+000, 1.9453915E+001,-1.8094381E+001,-5.2874481E+001,-7.1254289E+000,-5.9999910E+001, 1.5000000E+001, 7.7921943E+002
 2.5401945E+002, 4.5559853E+002, 4.5465017E+002, 3.0535883E+002, 2.4414964E+002, 2.4425878E+002, 2.0495314E+002, 4.5559853E+002, 1.5820417E+002, 2.0344883E+002, 2.9573362E+002, 4.1175061E+002, 4.4842412E+002, 4.4804021E+002, 4.3423777E+002, 3.7146624E+002, 2.4234435E+002, 1.5816395E+002, 1.5821608E+002, 2.4260580E+002, 3.7207242E+002, 4.3514769E+002, 4.4870506E+002, 1.9968498E+001,-1.3960659E+001,-5.6458006E-001,-4.4017407E+000, 1.9403918E+001,-1.8362400E+001,-5.2745301E+001,-7.2545966E+000,-5.9999897E+001, 1.5000000E+001, 7.7868144E+002
 2.5501965E+002, 4.5567452E+002, 4.5472832E+002, 3.0543794E+002, 2.4421620E+002, 2.4432289E+002, 2.0497628E+002, 4.5567452E+002, 1.5817311E+002, 2.0346695E+002, 2.9582870E+002, 4.1186644E+002, 4.4849690E+002, 4.4814982E+002, 4.3432854E+002, 3.7154451E+002, 2.4239575E+002, 1.5814175E+002, 1.5819092E+002, 2.4268029E+002, 3.7216939E+002, 4.3525711E+002, 4.4879965E+002, 1.9971726E+001,-1.3966605E+001,-5.7701970E-001,-4.3032183E+000, 1.9394706E+001,-1.8269824E+001,-5.2617962E+001,-7.3819163E+000,-5.9999878E+001, 1.5000000E+001, 7.7816079E+002
 2.5600296E+002, 4.5577726E+002, 4.5483983E+002, 3.0551624E+002, 2.4428630E+002, 2.4439490E+002, 2.0500112E+002, 4.5577726E+002, 1.5814834E+002, 2.0348690E+002, 2.9591554E+002, 4.1195767E+002, 4.4861843E+002, 4.4823484E+002, 4.3441015E+002, 3.7162757E+002, 2.4244044E+002, 1.5810889E+002, 1.5816642E+002, 2.4275865E+002, 3.7224620E+002, 4.3533122E+002, 4.4889447E+002, 1.9964845E+001,-1.3974067E+001,-5.8115585E-001,-3.9701597E+000, 1.9383689E+001,-1.7944227E+001,-5.2823788E+001,-7.1760168E+000,-5.9999805E+001, 1.5000000E+001, 7.7904299E+002
 2.5700173E+002, 4.5587117E+002, 4.5492555E+002, 3.0560311E+002, 2.4437806E+002, 2.4446389E+002, 2.0502411E+002, 4.5587117E+002, 1.5812485E+002, 2.0351153E+002, 2.9599919E+002, 4.1202982E+002, 4.4873472E+002, 4.4827970E+002, 4.3447832E+002, 3.7171034E+002, 2.4250740E+002, 1.5807997E+002, 1.5814346E+002, 2.4282179E+002, 3.7233463E+002, 4.3542684E+002, 4.4897465E+002, 1.9934023E+001,-1.3981633E+001,-5.6154808E-001,-4.2752309E+000, 1.9372475E+001,-1.8256864E+001,-5.2792708E+001,-7.2073471E+000,-6.0000055E+001, 1.5000000E+001, 7.7892998E+002
 2.5801356E+002, 4.5596229E+002, 4.5502376E+002, 3.0567904E+002, 2.4446222E+002, 2.4452912E+002, 2.0504808E+002, 4.5596229E+002, 1.5810126E+002, 2.0353084E+002, 2.9606168E+002, 4.1207347E+002, 4.4880739E+002, 4.4834094E+002, 4.3457561E+002, 3.7182524E+002, 2.4257947E+002, 1.5804909E+002, 1.5811834E+002, 2.4289123E+002, 3.7243709E+002, 4.3553947E+002, 4.4905932E+002, 1.9980926E+001,-1.3989295E+001,-5.7134346E-001,-3.9501277E+000, 1.9409583E+001,-1.7939422E+001,-5.2993536E+001,-7.0061860E+000,-5.9999722E+001, 1.5000000E+001, 7.7979813E+002
 2.5902204E+002, 4.5605337E+002, 4.5510476E+002, 3.0575676E+002, 2.4455197E+002, 2.4458253E+002, 2.0507640E+002, 4.5605337E+002, 1.5807365E+002, 2.0354746E+002, 2.9612308E+002, 4.1212198E+002, 4.4887061E+002, 4.4844541E+002, 4.3469891E+002, 3.7193938E+002, 2.4264046E+002, 1.5801969E+002, 1.5809712E+002, 2.4297411E+002, 3.7257420E+002, 4.3563509E+002, 4.4913006E+002, 1.9871056E+001,-1.3996340E+001,-5.6708310E-001,-4.4717342E+000, 1.9303973E+001,-1.8468074E+001,-5.2437201E+001,-7.5627933E+000,-5.9999994E+001, 1.5000000E+001, 7.7744970E+002
 2.6001128E+002, 4.5611845E+002, 4.5518011E+002, 3.0582716E+002, 2.4464068E+002, 2.4464581E+002, 2.0510556E+002, 4.5611845E+002, 1.5804540E+002, 2.0357621E+002, 2.9619336E+002, 4.1217227E+002, 4.4893814E+002, 4.4851959E+002, 4.3477448E+002, 3.7203263E+002, 2.4270093E+002, 1.5799774E+002, 1.5807526E+002, 2.4306725E+002, 3.7271228E+002, 4.3572002E+002, 4.4920949E+002, 1.9918606E+001,-1.4001679E+001,-5.9072437E-001,-3.9893813E+000, 1.9327882E+001,-1.7991061E+001,-5.2352095E+001,-7.6477612E+000,-5.9999856E+001, 1.5000000E+001, 7.7711320E+002
 2.6100716E+002, 4.5621956E+002, 4.5527725E+002, 3.0589496E+002, 2.4471189E+002, 2.4471212E+002, 2.0512953E+002, 4.5621956E+002, 1.5803160E+002, 2.0362961E+002, 2.9627991E+002, 4.1224924E+002, 4.4901617E+002, 4.4858561E+002, 4.3483105E+002, 3.7211325E+002, 2.4276032E+002, 1.5797796E+002, 1.5805748E+002, 2.4318407E+002, 3.7285118E+002, 4.3581377E+002, 4.4931653E+002, 1.9927790E+001,-1.4009678E+001,-5.8110791E-001,-4.1728103E+000, 1.9346682E+001,-1.8182488E+001,-5.2555529E+001,-7.4442579E+000,-5.9999787E+001, 1.5000000E+001, 7.7799281E+002
 2.6202853E+002, 4.5630875E+002, 4.5537007E+002, 3.0596108E+002, 2.4477402E+002, 2.4476294E+002, 2.0516181E+002, 4.5630875E+002, 1.5801889E+002, 2.0365825E+002, 2.9635657E+002, 4.1230033E+002, 4.4910936E+002, 4.4865427E+002, 4.3490710E+002, 3.7222544E+002, 2.4284074E+002, 1.5796238E+002, 1.5804451E+002, 2.4326781E+002, 3.7296523E+002, 4.3588715E+002, 4.4939044E+002, 1.9891149E+001,-1.4016519E+001,-5.6546994E-001,-3.9904607E+000, 1.9325679E+001,-1.8006979E+001,-5.2672465E+001,-7.3275968E+000,-6.0000062E+001, 1.5000000E+001, 7.7849436E+002
 2.6302048E+002, 4.5641756E+002, 4.5548191E+002, 3.0602122E+002, 2.4482261E+002, 2.4481011E+002, 2.0519010E+002, 4.5641756E+002, 1.5800276E+002, 2.0368175E+002, 2.9643478E+002, 4.1238108E+002, 4.4921717E+002, 4.4875058E+002, 4.3501699E+002, 3.7233030E+002, 2.4290158E+002, 1.5794587E+002, 1.5802724E+002, 2.4335071E+002, 3.7303612E+002, 4.3597299E+002, 4.4946176E+002, 1.9923592E+001,-1.4024582E+001,-5.7637198E-001,-3.8539870E+000, 1.9347220E+001,-1.7878569E+001,-5.2850376E+001,-7.1494776E+000,-5.9999853E+001, 1.5000000E+001, 7.7927192E+002
 2.6402686E+002, 4.5651538E+002, 4.5557172E+002, 3.0609520E+002, 2.4486216E+002, 2.4486211E+002, 2.0521355E+002, 4.5651538E+002, 1.5797811E+002, 2.0371054E+002, 2.9651119E+002, 4.1248953E+002, 4.4932885E+002, 4.4881417E+002, 4.3507103E+002, 3.7238877E+002, 2.4293906E+002, 1.5791836E+002, 1.5800403E+002, 2.4345037E+002, 3.7313927E+002, 4.3606081E+002, 4.4952431E+002, 1.9931383E+001,-1.4032556E+001,-5.6276339E-001,-4.1803472E+000, 1.9368620E+001,-1.8212903E+001,-5.2562210E+001,-7.4375058E+000,-5.9999716E+001, 1.5000000E+001, 7.7806895E+002
 2.6500857E+002, 4.5658641E+002, 4.5563843E+002, 3.0616502E+002, 2.4490246E+002, 2.4491124E+002, 2.0524037E+002, 4.5658641E+002, 1.5794853E+002, 2.0373509E+002, 2.9658199E+002, 4.1263012E+002, 4.4944729E+002, 4.4884745E+002, 4.3512739E+002, 3.7245019E+002, 2.4298582E+002, 1.5788792E+002, 1.5798056E+002, 2.4352967E+002, 3.7324312E+002, 4.3615628E+002, 4.4960345E+002, 1.9933566E+001,-1.4038613E+001,-5.6940886E-001,-4.3021603E+000, 1.9364157E+001,-1.8340774E+001,-5.2730388E+001,-7.2694990E+000,-5.9999887E+001, 1.5000000E+001, 7.7879997E+002
 2.6602457E+002, 4.5667037E+002, 4.5572437E+002, 3.0624388E+002, 2.4494770E+002, 2.4500248E+002, 2.0525826E+002, 4.5667037E+002, 1.5792032E+002, 2.0378015E+002, 2.9667342E+002, 4.1272620E+002, 4.4956748E+002, 4.4889819E+002, 4.3520781E+002, 3.7252172E+002, 2.4303686E+002, 1.5785467E+002, 1.5795932E+002, 2.4360361E+002, 3.7334208E+002, 4.3624821E+002, 4.4969837E+002, 1.9971578E+001,-1.4044764E+001,-5.4495196E-001,-4.1458905E+000, 1.9426626E+001,-1.8190655E+001,-5.2974865E+001,-7.0250066E+000,-5.9999871E+001, 1.5000000E+001, 7.7985745E+002
 2.6702397E+002, 4.5674873E+002, 4.5579727E+002, 3.0631627E+002, 2.4500435E+002, 2.4506606E+002, 2.0528038E+002, 4.5674873E+002, 1.5789879E+002, 2.0383595E+002, 2.9678889E+002, 4.1280196E+002, 4.4963995E+002, 4.4898033E+002, 4.3528746E+002, 3.7260691E+002, 2.4309486E+002, 1.5782403E+002, 1.5793606E+002, 2.4366642E+002, 3.7342565E+002, 4.3630256E+002, 4.4974205E+002, 1.9927899E+001,-1.4051391E+001,-5.4812311E-001,-4.4016759E+000, 1.9379776E+001,-1.8453067E+001,-5.2700027E+001,-7.2999437E+000,-5.9999971E+001, 1.5000000E+001, 7.7870470E+002
 2.6801362E+002, 4.5680068E+002, 4.5585099E+002, 3.0637345E+002, 2.4505016E+002, 2.4510937E+002, 2.0530449E+002, 4.5680068E+002, 1.5788319E+002, 2.0388949E+002, 2.9688497E+002, 4.1287845E+002, 4.4967282E+002, 4.4909697E+002, 4.3539664E+002, 3.7269591E+002, 2.4316353E+002, 1.5780455E+002, 1.5791881E+002, 2.4374368E+002, 3.7350191E+002, 4.3635018E+002, 4.4977695E+002, 1.9923983E+001,-1.4055835E+001,-5.5699651E-001,-4.3610084E+000, 1.9366986E+001,-1.8416843E+001,-5.2903571E+001,-7.0962338E+000,-5.9999805E+001, 1.5000000E+001, 7.7957073E+002
 2.6902768E+002, 4.5686760E+002, 4.5591758E+002, 3.0643227E+002, 2.4509566E+002, 2.4515196E+002, 2.0532803E+002, 4.5686760E+002, 1.5786082E+002, 2.0391252E+002, 2.9696335E+002, 4.1297538E+002, 4.4972637E+002, 4.4921330E+002, 4.3548740E+002, 3.7279066E+002, 2.4324538E+002, 1.5778834E+002, 1.5790519E+002, 2.4381701E+002, 3.7360104E+002, 4.3642524E+002, 4.4986241E+002, 1.9910105E+001,-1.4060869E+001,-5.5302202E-001,-4.3559756E+000, 1.9357083E+001,-1.8416844E+001,-5.2579862E+001,-7.4202068E+000,-6.0000069E+001, 1.5000000E+001, 7.7822394E+002
 2.7000561E+002, 4.5691341E+002, 4.5596029E+002, 3.0648379E+002, 2.4513906E+002, 2.4520245E+002, 2.0535060E+002, 4.5691341E+002, 1.5784814E+002, 2.0394778E+002, 2.9704613E+002, 4.1303998E+002, 4.4977785E+002, 4.4929269E+002, 4.3556404E+002, 3.7286959E+002, 2.4331840E+002, 1.5777234E+002, 1.5789200E+002, 2.4389866E+002, 3.7368455E+002, 4.3650134E+002, 4.4995974E+002, 1.9909778E+001,-1.4064547E+001,-5.7541962E-001,-4.5139374E+000, 1.9334358E+001,-1.8578485E+001,-5.2752628E+001,-7.2471886E+000,-5.9999816E+001, 1.5000000E+001, 7.7896034E+002
 2.7100968E+002, 4.5696161E+002, 4.5601421E+002, 3.0654115E+002, 2.4518290E+002, 2.4525590E+002, 2.0537005E+002, 4.5696161E+002, 1.5782772E+002, 2.0397413E+002, 2.9712566E+002, 4.1310224E+002, 4.4982760E+002, 4.4940138E+002, 4.3566827E+002, 3.7295685E+002, 2.4337822E+002, 1.5775927E+002, 1.5787305E+002, 2.4397418E+002, 3.7376884E+002, 4.3657835E+002, 4.5004562E+002, 1.9889969E+001,-1.4067669E+001,-5.5432528E-001,-4.2493236E+000, 1.9335644E+001,-1.8316993E+001,-5.2568298E+001,-7.4316854E+000,-5.9999983E+001, 1.5000000E+001, 7.7819274E+002
 2.7201375E+002, 4.5703072E+002, 4.5608347E+002, 3.0659220E+002, 2.4522580E+002, 2.4529445E+002, 2.0539201E+002, 4.5703072E+002, 1.5779984E+002, 2.0398657E+002, 2.9718587E+002, 4.1316293E+002, 4.4992812E+002, 4.4947644E+002, 4.3576183E+002, 3.7305503E+002, 2.4344225E+002, 1.5774557E+002, 1.5785802E+002, 2.4403516E+002, 3.7384937E+002, 4.3664209E+002, 4.5009733E+002, 1.9901545E+001,-1.4073191E+001,-5.6957946E-001,-4.2785085E+000, 1.9331965E+001,-1.8351699E+001,-5.2837686E+001,-7.1621508E+000,-5.9999836E+001, 1.5000000E+001, 7.7933758E+002
 2.7300163E+002, 4.5710561E+002, 4.5616424E+002, 3.0665863E+002, 2.4527000E+002, 2.4533101E+002, 2.0541570E+002, 4.5710561E+002, 1.5777411E+002, 2.0401086E+002, 2.9725863E+002, 4.1322259E+002, 4.5003277E+002, 4.4955163E+002, 4.3585665E+002, 3.7312494E+002, 2.4350796E+002, 1.5772075E+002, 1.5783805E+002, 2.4409619E+002, 3.7390873E+002, 4.3668397E+002, 4.5016538E+002, 1.9905518E+001,-1.4079227E+001,-5.7085310E-001,-3.9956985E+000, 1.9334665E+001,-1.8074925E+001,-5.2723163E+001,-7.2767436E+000,-5.9999907E+001, 1.5000000E+001, 7.7887670E+002
 2.7403065E+002, 4.5718483E+002, 4.5623334E+002, 3.0672656E+002, 2.4530520E+002, 2.4536651E+002, 2.0544407E+002, 4.5718483E+002, 1.5774680E+002, 2.0403276E+002, 2.9734649E+002, 4.1330294E+002, 4.5013845E+002, 4.4961433E+002, 4.3593028E+002, 3.7319331E+002, 2.4357015E+002, 1.5771046E+002, 1.5783009E+002, 2.4417069E+002, 3.7399234E+002, 4.3672262E+002, 4.5025012E+002, 1.9911652E+001,-1.4085896E+001,-5.6015823E-001,-4.4106053E+000, 1.9351494E+001,-1.8496502E+001,-5.2849947E+001,-7.1498377E+000,-5.9999784E+001, 1.5000000E+001, 7.7942485E+002
 2.7502608E+002, 4.5722861E+002, 4.5627472E+002, 3.0680420E+002, 2.4534745E+002, 2.4540714E+002, 2.0548506E+002, 4.5722861E+002, 1.5772122E+002, 2.0405446E+002, 2.9744183E+002, 4.1341749E+002, 4.5022133E+002, 4.4966852E+002, 4.3599942E+002, 3.7325992E+002, 2.4362208E+002, 1.5769466E+002, 1.5781635E+002, 2.4424429E+002, 3.7408362E+002, 4.3679793E+002, 4.5030741E+002, 1.9875762E+001,-1.4089687E+001,-5.5875607E-001,-4.5179126E+000, 1.9317006E+001,-1.8607599E+001,-5.2665341E+001,-7.3347152E+000,-6.0000057E+001, 1.5000000E+001, 7.7865535E+002
 2.7601866E+002, 4.5726664E+002, 4.5631637E+002, 3.0688254E+002, 2.4538206E+002, 2.4545081E+002, 2.0551494E+002, 4.5726664E+002, 1.5769473E+002, 2.0407768E+002, 2.9753718E+002, 4.1355141E+002, 4.5030367E+002, 4.4972728E+002, 4.3607091E+002, 3.7333084E+002, 2.4366340E+002, 1.5767686E+002, 1.5779562E+002, 2.4430284E+002, 3.7415767E+002, 4.3686999E+002, 4.5040165E+002, 1.9895531E+001,-1.4092347E+001,-5.6363291E-001,-4.3327084E+000, 1.9331898E+001,-1.8425055E+001,-5.2768407E+001,-7.2314959E+000,-5.9999903E+001, 1.5000000E+001, 7.7910408E+002
 2.7701646E+002, 4.5733009E+002, 4.5638218E+002, 3.0695406E+002, 2.4541608E+002, 2.4549286E+002, 2.0554883E+002, 4.5733009E+002, 1.5766371E+002, 2.0409075E+002, 2.9762597E+002, 4.1367464E+002, 4.5038981E+002, 4.4977542E+002, 4.3612428E+002, 3.7341626E+002, 2.4371778E+002, 1.5766291E+002, 1.5777360E+002, 2.4435228E+002, 3.7421220E+002, 4.3691235E+002, 4.5044209E+002, 1.9926703E+001,-1.4097248E+001,-5.5933710E-001,-4.2337965E+000, 1.9367366E+001,-1.8331044E+001,-5.3022194E+001,-6.9775346E+000,-5.9999728E+001, 1.5000000E+001, 7.8019013E+002
 2.7802511E+002, 4.5739457E+002, 4.5644452E+002, 3.0700929E+002, 2.4546110E+002, 2.4553384E+002, 2.0557259E+002, 4.5739457E+002, 1.5764784E+002, 2.0411205E+002, 2.9773126E+002, 4.1378719E+002, 4.5047259E+002, 4.4980483E+002, 4.3615503E+002, 3.7348133E+002, 2.4377159E+002, 1.5764457E+002, 1.5775029E+002, 2.4439477E+002, 3.7425390E+002, 4.3695924E+002, 4.5047985E+002, 1.9897629E+001,-1.4102612E+001,-5.5507224E-001,-4.2939349E+000, 1.9342556E+001,-1.8396546E+001,-5.2795576E+001,-7.2044240E+000,-6.0000000E+001, 1.5000000E+001, 7.7924871E+002
 2.7901267E+002, 4.5744768E+002, 4.5649178E+002, 3.0707413E+002, 2.4550868E+002, 2.4558107E+002, 2.0559478E+002, 4.5744768E+002, 1.5762848E+002, 2.0413162E+002, 2.9781441E+002, 4.1390635E+002, 4.5055519E+002, 4.4982190E+002, 4.3619928E+002, 3.7356521E+002, 2.4383822E+002, 1.5763610E+002, 1.5773814E+002, 2.4444654E+002, 3.7433773E+002, 4.3702931E+002, 4.5054760E+002, 1.9885236E+001,-1.4106870E+001,-5.5963036E-001,-4.5850783E+000, 1.9325606E+001,-1.8691948E+001,-5.2686462E+001,-7.3134231E+000,-5.9999885E+001, 1.5000000E+001, 7.7879345E+002
 2.8001518E+002, 4.5748077E+002, 4.5652443E+002, 3.0713344E+002, 2.4554938E+002, 2.4562586E+002, 2.0561522E+002, 4.5748077E+002, 1.5760676E+002, 2.0415163E+002, 2.9789527E+002, 4.1404763E+002, 4.5062791E+002, 4.4984991E+002, 4.3624310E+002, 3.7363357E+002, 2.4390107E+002, 1.5762636E+002, 1.5772365E+002, 2.4449868E+002, 3.7441799E+002, 4.3713606E+002, 4.5065998E+002, 1.9942860E+001,-1.4109307E+001,-5.6239243E-001,-4.5075127E+000, 1.9380467E+001,-1.8616820E+001,-5.2764256E+001,-7.2355820E+000,-5.9999838E+001, 1.5000000E+001, 7.7914733E+002
 2.8101616E+002, 4.5752240E+002, 4.5657325E+002, 3.0718331E+002, 2.4558285E+002, 2.4566455E+002, 2.0563279E+002, 4.5752240E+002, 1.5758248E+002, 2.0417748E+002, 2.9799463E+002, 4.1412887E+002, 4.5069817E+002, 4.4990375E+002, 4.3629601E+002, 3.7371430E+002, 2.4396830E+002, 1.5761126E+002, 1.5770267E+002, 2.4454654E+002, 3.7447738E+002, 4.3720233E+002, 4.5074270E+002, 1.9896507E+001,-1.4112967E+001,-5.6933427E-001,-4.2813129E+000, 1.9327173E+001,-1.8394280E+001,-5.2905116E+001,-7.0948426E+000,-5.9999959E+001, 1.5000000E+001, 7.7974292E+002
 2.8201338E+002, 4.5758026E+002, 4.5662961E+002, 3.0721874E+002, 2.4560814E+002, 2.4570643E+002, 2.0565148E+002, 4.5758026E+002, 1.5755888E+002, 2.0421232E+002, 2.9807505E+002, 4.1418526E+002, 4.5077332E+002, 4.4993933E+002, 4.3634758E+002, 3.7378606E+002, 2.4404111E+002, 1.5759080E+002, 1.5769216E+002, 2.4460634E+002, 3.7455567E+002, 4.3727926E+002, 4.5081588E+002, 1.9936125E+001,-1.4117544E+001,-5.5434000E-001,-4.2592008E+000, 1.9381785E+001,-1.8376745E+001,-5.3034471E+001,-6.9654772E+000,-5.9999949E+001, 1.5000000E+001, 7.8030621E+002
 2.8300201E+002, 4.5765205E+002, 4.5670877E+002, 3.0726261E+002, 2.4563640E+002, 2.4576136E+002, 2.0568271E+002, 4.5765205E+002, 1.5754274E+002, 2.0425822E+002, 2.9815005E+002, 4.1424437E+002, 4.5087138E+002, 4.5004093E+002, 4.3645730E+002, 3.7387800E+002, 2.4410839E+002, 1.5756129E+002, 1.5768669E+002, 2.4468047E+002, 3.7463641E+002, 4.3731174E+002, 4.5085813E+002, 1.9857621E+001,-1.4122927E+001,-5.6840503E-001,-4.0687285E+000, 1.9289216E+001,-1.8191656E+001,-5.2740327E+001,-7.2596156E+000,-5.9999943E+001, 1.5000000E+001, 7.7906309E+002
 2.8401035E+002, 4.5773119E+002, 4.5678506E+002, 3.0732905E+002, 2.4567410E+002, 2.4580121E+002, 2.0571391E+002, 4.5773119E+002, 1.5753318E+002, 2.0429811E+002, 2.9825408E+002, 4.1430760E+002, 4.5095157E+002, 4.5012889E+002, 4.3655163E+002, 3.7396367E+002, 2.4416507E+002, 1.5753333E+002, 1.5767638E+002, 2.4475552E+002, 3.7469555E+002, 4.3736162E+002, 4.5089699E+002, 1.9882511E+001,-1.4129092E+001,-5.6732134E-001,-4.1416557E+000, 1.9315190E+001,-1.8270748E+001,-5.2951134E+001,-7.0487943E+000,-5.9999928E+001, 1.5000000E+001, 7.7996766E+002
 2.8500799E+002, 4.5780389E+002, 4.5685712E+002, 3.0739683E+002, 2.4571344E+002, 2.4583153E+002, 2.0574808E+002, 4.5780389E+002, 1.5752394E+002, 2.0433211E+002, 2.9834156E+002, 4.1436823E+002, 4.5103660E+002, 4.5018415E+002, 4.3661319E+002, 3.7403711E+002, 2.4423443E+002, 1.5751752E+002, 1.5766421E+002, 2.4482480E+002, 3.7476318E+002, 4.3742592E+002, 4.5096127E+002, 1.9830683E+001,-1.4134443E+001,-5.5057110E-001,-4.2097312E+000, 1.9280112E+001,-1.8344174E+001,-5.2500005E+001,-7.4999449E+000,-5.9999950E+001, 1.5000000E+001, 7.7807199E+002
 2.8600219E+002, 4.5784927E+002, 4.5689493E+002, 3.0744279E+002, 2.4574743E+002, 2.4586203E+002, 2.0577737E+002, 4.5784927E+002, 1.5750888E+002, 2.0436080E+002, 2.9842367E+002, 4.1444729E+002, 4.5108962E+002, 4.5023053E+002, 4.3667606E+002, 3.7409620E+002, 2.4429804E+002, 1.5751533E+002, 1.5764006E+002, 2.4486832E+002, 3.7482037E+002, 4.3751536E+002, 4.5104341E+002, 1.9900830E+001,-1.4138702E+001,-5.6279939E-001,-4.4577165E+000, 1.9338031E+001,-1.8596418E+001,-5.2922213E+001,-7.0775513E+000,-5.9999765E+001, 1.5000000E+001, 7.7987293E+002
 2.8702924E+002, 4.5788467E+002, 4.5692905E+002, 3.0748479E+002, 2.4578811E+002, 2.4589313E+002, 2.0581831E+002, 4.5788467E+002, 1.5749509E+002, 2.0438820E+002, 2.9849447E+002, 4.1455754E+002, 4.5114829E+002, 4.5027611E+002, 4.3673357E+002, 3.7416443E+002, 2.4436503E+002, 1.5750559E+002, 1.5761619E+002, 2.4492485E+002, 3.7487677E+002, 4.3758697E+002, 4.5112291E+002, 1.9897258E+001,-1.4141086E+001,-5.4699613E-001,-4.4640767E+000, 1.9350262E+001,-1.8605163E+001,-5.3003979E+001,-6.9959764E+000,-5.9999955E+001, 1.5000000E+001, 7.8023012E+002
 2.8800475E+002, 4.5792455E+002, 4.5696349E+002, 3.0752892E+002, 2.4582728E+002, 2.4592093E+002, 2.0586504E+002, 4.5792455E+002, 1.5747825E+002, 2.0442446E+002, 2.9859812E+002, 4.1472039E+002, 4.5122804E+002, 4.5027556E+002, 4.3674381E+002, 3.7422298E+002, 2.4443919E+002, 1.5750127E+002, 1.5758860E+002, 2.4497036E+002, 3.7493573E+002, 4.3763088E+002, 4.5116452E+002, 1.9931371E+001,-1.4144116E+001,-5.4076344E-001,-4.6630035E+000, 1.9390608E+001,-1.8807120E+001,-5.3094306E+001,-6.9055973E+000,-5.9999903E+001, 1.5000000E+001, 7.8062676E+002
 2.8901473E+002, 4.5794310E+002, 4.5698716E+002, 3.0756707E+002, 2.4585421E+002, 2.4595751E+002, 2.0587944E+002, 4.5794310E+002, 1.5746010E+002, 2.0445695E+002, 2.9868242E+002, 4.1483636E+002, 4.5129987E+002, 4.5026652E+002, 4.3676257E+002, 3.7427898E+002, 2.4450435E+002, 1.5749127E+002, 1.5756748E+002, 2.4503629E+002, 3.7499392E+002, 4.3768317E+002, 4.5122628E+002, 1.9912082E+001,-1.4145949E+001,-5.5406358E-001,-4.4550471E+000, 1.9358018E+001,-1.8600997E+001,-5.2950740E+001,-7.0491744E+000,-5.9999914E+001, 1.5000000E+001, 7.8002684E+002
 2.9002790E+002, 4.5799153E+002, 4.5703542E+002, 3.0761286E+002, 2.4588981E+002, 2.4600129E+002, 2.0589232E+002, 4.5799153E+002, 1.5744120E+002, 2.0449028E+002, 2.9876479E+002, 4.1491370E+002, 4.5135212E+002, 4.5031027E+002, 4.3681051E+002, 3.7434260E+002, 2.4456827E+002, 1.5747986E+002, 1.5754921E+002, 2.4508072E+002, 3.7503278E+002, 4.3770795E+002, 4.5125533E+002, 1.9912639E+001,-1.4149571E+001,-5.5060421E-001,-4.4778353E+000, 1.9362035E+001,-1.8627406E+001,-5.2990751E+001,-7.0092479E+000,-5.9999999E+001, 1.5000000E+001, 7.8020662E+002
 2.9100612E+002, 4.5802983E+002, 4.5707910E+002, 3.0768283E+002, 2.4592777E+002, 2.4603127E+002, 2.0591102E+002, 4.5802983E+002, 1.5743743E+002, 2.0453097E+002, 2.9885761E+002, 4.1496930E+002, 4.5139630E+002, 4.5039201E+002, 4.3690499E+002, 3.7443045E+002, 2.4463811E+002, 1.5747318E+002, 1.5753081E+002, 2.4514492E+002, 3.7508804E+002, 4.3770966E+002, 4.5124755E+002, 1.9863978E+001,-1.4152836E+001,-5.7393075E-001,-4.3074112E+000, 1.9290047E+001,-1.8460247E+001,-5.2819763E+001,-7.1802414E+000,-6.0000005E+001, 1.5000000E+001, 7.7948986E+002
 2.9200365E+002, 4.5807334E+002, 4.5712473E+002, 3.0774791E+002, 2.4596161E+002, 2.4606657E+002, 2.0593024E+002, 4.5807334E+002, 1.5743146E+002, 2.0457501E+002, 2.9893739E+002, 4.1503318E+002, 4.5141240E+002, 4.5046856E+002, 4.3698303E+002, 3.7449018E+002, 2.4469507E+002, 1.5745773E+002, 1.5751848E+002, 2.4520269E+002, 3.7514711E+002, 4.3775793E+002, 4.5127567E+002, 1.9834283E+001,-1.4156316E+001,-5.7019125E-001,-4.2334442E+000, 1.9264091E+001,-1.8389760E+001,-5.2567051E+001,-7.4328291E+000,-5.9999880E+001, 1.5000000E+001, 7.7842627E+002
 2.9300811E+002, 4.5814700E+002, 4.5720459E+002, 3.0781561E+002, 2.4599865E+002, 2.4610510E+002, 2.0594611E+002, 4.5814700E+002, 1.5742521E+002, 2.0462791E+002, 2.9901767E+002, 4.1509791E+002, 4.5146752E+002, 4.5052341E+002, 4.3704554E+002, 3.7455652E+002, 2.4475078E+002, 1.5743662E+002, 1.5751187E+002, 2.4525013E+002, 3.7521404E+002, 4.3782960E+002, 4.5134445E+002, 1.9848897E+001,-1.4161660E+001,-5.6400008E-001,-4.0108850E+000, 1.9284897E+001,-1.8172545E+001,-5.2970522E+001,-7.0293484E+000,-5.9999871E+001, 1.5000000E+001, 7.8013788E+002
 2.9400320E+002, 4.5821302E+002, 4.5726469E+002, 3.0787403E+002, 2.4603935E+002, 2.4614989E+002, 2.0595337E+002, 4.5821302E+002, 1.5741401E+002, 2.0466721E+002, 2.9909649E+002, 4.1515550E+002, 4.5150553E+002, 4.5055322E+002, 4.3711000E+002, 3.7463543E+002, 2.4480646E+002, 1.5741661E+002, 1.5750184E+002, 2.4528243E+002, 3.7526058E+002, 4.3788937E+002, 4.5139020E+002, 1.9858277E+001,-1.4167167E+001,-5.6656567E-001,-4.1813801E+000, 1.9291712E+001,-1.8348547E+001,-5.2940503E+001,-7.0594939E+000,-5.9999997E+001, 1.5000000E+001, 7.8002613E+002
 2.9503227E+002, 4.5826656E+002, 4.5731638E+002, 3.0792171E+002, 2.4608239E+002, 2.4619869E+002, 2.0596876E+002, 4.5826656E+002, 1.5740694E+002, 2.0470460E+002, 2.9915970E+002, 4.1520389E+002, 4.5151805E+002, 4.5065837E+002, 4.3723738E+002, 3.7472322E+002, 2.4486632E+002, 1.5740319E+002, 1.5748413E+002, 2.4532098E+002, 3.7531534E+002, 4.3790256E+002, 4.5141844E+002, 1.9855145E+001,-1.4171549E+001,-5.6199646E-001,-4.2793695E+000, 1.9293148E+001,-1.8450919E+001,-5.2886431E+001,-7.1134007E+000,-5.9999832E+001, 1.5000000E+001, 7.7980774E+002
 2.9600233E+002, 4.5832375E+002, 4.5737632E+002, 3.0794626E+002, 2.4611396E+002, 2.4624045E+002, 2.0598618E+002, 4.5832375E+002, 1.5739225E+002, 2.0472771E+002, 2.9920015E+002, 4.1523987E+002, 4.5156274E+002, 4.5077540E+002, 4.3734248E+002, 3.7478385E+002, 2.4491687E+002, 1.5738659E+002, 1.5747540E+002, 2.4537265E+002, 3.7535124E+002, 4.3790715E+002, 4.5142104E+002, 1.9859586E+001,-1.4176617E+001,-5.6199368E-001,-4.1667753E+000, 1.9297592E+001,-1.8343392E+001,-5.2819083E+001,-7.1808466E+000,-5.9999930E+001, 1.5000000E+001, 7.7953724E+002
 2.9702902E+002, 4.5836765E+002, 4.5740972E+002, 3.0798898E+002, 2.4614586E+002, 2.4627874E+002, 2.0600254E+002, 4.5836765E+002, 1.5737919E+002, 2.0475248E+002, 2.9924524E+002, 4.1527244E+002, 4.5158491E+002, 4.5083116E+002, 4.3742682E+002, 3.7486186E+002, 2.4496057E+002, 1.5736847E+002, 1.5747037E+002, 2.4542468E+002, 3.7538806E+002, 4.3793820E+002, 4.5143442E+002, 1.9848834E+001,-1.4179912E+001,-5.6115735E-001,-4.5755229E+000, 1.9287677E+001,-1.8755434E+001,-5.2842513E+001,-7.1574441E+000,-5.9999957E+001, 1.5000000E+001, 7.7964664E+002
 2.9800884E+002, 4.5839043E+002, 4.5743837E+002, 3.0803348E+002, 2.4617552E+002, 2.4633010E+002, 2.0603485E+002, 4.5839043E+002, 1.5737358E+002, 2.0477952E+002, 2.9929278E+002, 4.1530672E+002, 4.5159967E+002, 4.5092267E+002, 4.3750287E+002, 3.7490585E+002, 2.4499344E+002, 1.5734733E+002, 1.5745773E+002, 2.4546596E+002, 3.7544355E+002, 4.3797599E+002, 4.5146512E+002, 1.9828698E+001,-1.4181523E+001,-5.5958233E-001,-4.3279808E+000, 1.9269116E+001,-1.8509503E+001,-5.2870322E+001,-7.1296387E+000,-5.9999961E+001, 1.5000000E+001, 7.7976787E+002
 2.9900624E+002, 4.5843689E+002, 4.5748878E+002, 3.0806978E+002, 2.4620494E+002, 2.4640785E+002, 2.0608447E+002, 4.5843689E+002, 1.5735991E+002, 2.0479045E+002, 2.9933153E+002, 4.1532724E+002, 4.5163349E+002, 4.5099032E+002, 4.3753437E+002, 3.7493159E+002, 2.4504350E+002, 1.5733886E+002, 1.5744247E+002, 2.4550610E+002, 3.7548965E+002, 4.3800094E+002, 4.5148207E+002, 1.9829857E+001,-1.4185312E+001,-5.5668056E-001,-4.1879123E+000, 1.9273176E+001,-1.8373224E+001,-5.2787873E+001,-7.2120449E+000,-5.9999918E+001, 1.5000000E+001, 7.7942882E+002
 3.0001697E+002, 4.5847534E+002, 4.5752129E+002, 3.0813671E+002, 2.4623861E+002, 2.4647390E+002, 2.0611002E+002, 4.5847534E+002, 1.5734049E+002, 2.0481289E+002, 2.9937233E+002, 4.1534887E+002, 4.5165781E+002, 4.5102812E+002, 4.3755441E+002, 3.7497174E+002, 2.4509160E+002, 1.5732927E+002, 1.5742673E+002, 2.4554134E+002, 3.7553806E+002, 4.3801808E+002, 4.5150221E+002, 1.9843032E+001,-1.4188873E+001,-5.6429044E-001,-4.4065887E+000, 1.9278742E+001,-1.8595462E+001,-5.2802880E+001,-7.1970326E+000,-5.9999913E+001, 1.5000000E+001, 7.7949706E+002
 3.0100221E+002, 4.5851392E+002, 4.5756309E+002, 3.0819287E+002, 2.4626877E+002, 2.4652522E+002, 2.0614069E+002, 4.5851392E+002, 1.5732330E+002, 2.0483809E+002, 2.9941583E+002, 4.1537618E+002, 4.5173109E+002, 4.5105235E+002, 4.3759172E+002, 3.7502305E+002, 2.4513290E+002, 1.5731399E+002, 1.5741797E+002, 2.4558148E+002, 3.7560384E+002, 4.3803411E+002, 4.5150842E+002, 1.9814805E+001,-1.4191779E+001,-5.5888207E-001,-4.2728554E+000, 1.9255923E+001,-1.8464634E+001,-5.2850209E+001,-7.1498329E+000,-6.0000042E+001, 1.5000000E+001, 7.7970637E+002
 3.0202141E+002, 4.5857711E+002, 4.5763031E+002, 3.0823192E+002, 2.4630342E+002, 2.4659916E+002, 2.0617823E+002, 4.5857711E+002, 1.5730476E+002, 2.0486085E+002, 2.9945751E+002, 4.1539134E+002, 4.5176081E+002, 4.5106665E+002, 4.3760435E+002, 3.7505224E+002, 2.4516261E+002, 1.5729572E+002, 1.5741231E+002, 2.4561829E+002, 3.7565611E+002, 4.3806798E+002, 4.5154395E+002, 1.9806328E+001,-1.4197006E+001,-5.6477664E-001,-4.1899320E+000, 1.9241551E+001,-1.8386938E+001,-5.2761044E+001,-7.2387929E+000,-5.9999837E+001, 1.5000000E+001, 7.7932919E+002
 3.0302229E+002, 4.5860322E+002, 4.5764676E+002, 3.0826617E+002, 2.4632720E+002, 2.4665845E+002, 2.0620088E+002, 4.5860322E+002, 1.5728720E+002, 2.0487921E+002, 2.9950271E+002, 4.1541572E+002, 4.5177064E+002, 4.5107734E+002, 4.3761765E+002, 3.7511133E+002, 2.4522057E+002, 1.5728847E+002, 1.5739768E+002, 2.4567495E+002, 3.7572550E+002, 4.3810949E+002, 4.5157370E+002, 1.9805656E+001,-1.4198908E+001,-5.6455639E-001,-4.5180819E+000, 1.9241100E+001,-1.8716990E+001,-5.2751646E+001,-7.2484921E+000,-6.0000138E+001, 1.5000000E+001, 7.7930423E+002
 3.0400211E+002, 4.5861064E+002, 4.5765916E+002, 3.0830249E+002, 2.4635577E+002, 2.4669517E+002, 2.0621489E+002, 4.5861064E+002, 1.5727133E+002, 2.0490764E+002, 2.9955034E+002, 4.1544775E+002, 4.5175766E+002, 4.5110634E+002, 4.3764459E+002, 3.7517857E+002, 2.4528565E+002, 1.5728376E+002, 1.5739190E+002, 2.4571651E+002, 3.7580542E+002, 4.3817286E+002, 4.5161454E+002, 1.9766286E+001,-1.4199741E+001,-6.4113024E-001,-4.4369359E+000, 1.9125156E+001,-1.8636677E+001,-5.2433624E+001,-7.5662335E+000,-5.9999858E+001, 1.5000000E+001, 7.7795787E+002
 3.0502305E+002, 4.5863108E+002, 4.5767619E+002, 3.0833255E+002, 2.4638785E+002, 2.4672485E+002, 2.0623023E+002, 4.5863108E+002, 1.5726146E+002, 2.0493376E+002, 2.9960794E+002, 4.1548783E+002, 4.5173495E+002, 4.5111352E+002, 4.3766618E+002, 3.7524624E+002, 2.4533360E+002, 1.5728048E+002, 1.5737583E+002, 2.4574103E+002, 3.7583560E+002, 4.3821987E+002, 4.5164285E+002, 1.9763552E+001,-1.4201178E+001,-5.6828118E-001,-4.5333934E+000, 1.9195271E+001,-1.8734571E+001,-5.2574875E+001,-7.4251198E+000,-5.9999995E+001, 1.5000000E+001, 7.7856297E+002
 3.0601916E+002, 4.5862986E+002, 4.5767495E+002, 3.0836542E+002, 2.4641738E+002, 2.4675753E+002, 2.0624551E+002, 4.5862986E+002, 1.5723610E+002, 2.0494948E+002, 2.9965286E+002, 4.1550167E+002, 4.5173227E+002, 4.5118371E+002, 4.3774687E+002, 3.7530784E+002, 2.4538424E+002, 1.5728280E+002, 1.5736033E+002, 2.4577401E+002, 3.7586242E+002, 4.3824581E+002, 4.5163845E+002, 1.9811279E+001,-1.4201438E+001,-5.6592425E-001,-4.4484843E+000, 1.9245354E+001,-1.8649922E+001,-5.2783219E+001,-7.2165785E+000,-5.9999797E+001, 1.5000000E+001, 7.7945133E+002
 3.0700274E+002, 4.5867747E+002, 4.5773025E+002, 3.0841960E+002, 2.4645217E+002, 2.4678533E+002, 2.0626023E+002, 4.5867747E+002, 1.5721387E+002, 2.0496400E+002, 2.9969370E+002, 4.1552920E+002, 4.5177445E+002, 4.5127235E+002, 4.3784595E+002, 3.7538723E+002, 2.4545381E+002, 1.5728199E+002, 1.5735174E+002, 2.4582045E+002, 3.7591221E+002, 4.3828470E+002, 4.5166275E+002, 1.9765809E+001,-1.4204193E+001,-5.6764128E-001,-4.1846033E+000, 1.9198167E+001,-1.8388796E+001,-5.2345605E+001,-7.6545438E+000,-6.0000149E+001, 1.5000000E+001, 7.7760586E+002
 3.0800168E+002, 4.5871422E+002, 4.5776948E+002, 3.0848582E+002, 2.4649327E+002, 2.4681024E+002, 2.0627879E+002, 4.5871422E+002, 1.5720331E+002, 2.0497994E+002, 2.9973853E+002, 4.1558829E+002, 4.5180769E+002, 4.5136393E+002, 4.3793297E+002, 3.7545299E+002, 2.4550094E+002, 1.5727541E+002, 1.5734200E+002, 2.4585960E+002, 3.7593822E+002, 4.3828864E+002, 4.5167521E+002, 1.9765347E+001,-1.4207608E+001,-6.3106249E-001,-4.1528807E+000, 1.9134285E+001,-1.8360489E+001,-5.2234298E+001,-7.7655551E+000,-5.9999853E+001, 1.5000000E+001, 7.7714852E+002
 3.0902949E+002, 4.5875684E+002, 4.5781120E+002, 3.0853328E+002, 2.4652208E+002, 2.4683129E+002, 2.0628936E+002, 4.5875684E+002, 1.5719409E+002, 2.0500097E+002, 2.9978451E+002, 4.1562545E+002, 4.5183190E+002, 4.5143083E+002, 4.3798105E+002, 3.7550234E+002, 2.4554336E+002, 1.5726459E+002, 1.5733249E+002, 2.4590825E+002, 3.7597202E+002, 4.3826923E+002, 4.5166838E+002, 1.9755570E+001,-1.4210871E+001,-5.7260778E-001,-4.1434482E+000, 1.9182962E+001,-1.8354319E+001,-5.2622371E+001,-7.3775400E+000,-5.9999911E+001, 1.5000000E+001, 7.7878913E+002
 3.1001626E+002, 4.5881884E+002, 4.5787553E+002, 3.0857494E+002, 2.4655308E+002, 2.4685943E+002, 2.0629957E+002, 4.5881884E+002, 1.5718943E+002, 2.0503271E+002, 2.9985809E+002, 4.1568125E+002, 4.5189576E+002, 4.5148226E+002, 4.3802937E+002, 3.7556580E+002, 2.4560751E+002, 1.5726491E+002, 1.5732194E+002, 2.4592970E+002, 3.7601486E+002, 4.3827939E+002, 4.5167374E+002, 1.9816614E+001,-1.4215236E+001,-5.7186640E-001,-3.9709407E+000, 1.9244748E+001,-1.8186177E+001,-5.2488072E+001,-7.5117936E+000,-5.9999865E+001, 1.5000000E+001, 7.7824739E+002
 3.1100857E+002, 4.5888489E+002, 4.5794553E+002, 3.0860951E+002, 2.4658227E+002, 2.4688141E+002, 2.0631016E+002, 4.5888489E+002, 1.5717466E+002, 2.0504276E+002, 2.9990588E+002, 4.1572017E+002, 4.5196159E+002, 4.5156348E+002, 4.3810909E+002, 3.7564133E+002, 2.4567269E+002, 1.5725655E+002, 1.5731360E+002, 2.4595225E+002, 3.7606299E+002, 4.3833322E+002, 4.5169792E+002, 1.9731722E+001,-1.4220356E+001,-5.8334077E-001,-3.9020445E+000, 1.9148381E+001,-1.8122400E+001,-5.2294231E+001,-7.7057848E+000,-6.0000015E+001, 1.5000000E+001, 7.7742304E+002
 3.1201607E+002, 4.5896114E+002, 4.5802139E+002, 3.0864923E+002, 2.4661113E+002, 2.4691035E+002, 2.0631512E+002, 4.5896114E+002, 1.5715543E+002, 2.0504341E+002, 2.9994842E+002, 4.1577826E+002, 4.5201570E+002, 4.5164783E+002, 4.3819219E+002, 3.7572082E+002, 2.4572624E+002, 1.5724834E+002, 1.5729798E+002, 2.4598078E+002, 3.7611014E+002, 4.3837242E+002, 4.5171351E+002, 1.9806751E+001,-1.4226483E+001,-6.0181220E-001,-3.8739556E+000, 1.9204939E+001,-1.8100439E+001,-5.2852237E+001,-7.1475509E+000,-5.9999788E+001, 1.5000000E+001, 7.7980151E+002
 3.1301875E+002, 4.5903133E+002, 4.5808533E+002, 3.0870459E+002, 2.4663315E+002, 2.4693471E+002, 2.0632115E+002, 4.5903133E+002, 1.5713941E+002, 2.0505769E+002, 2.9998337E+002, 4.1583167E+002, 4.5207507E+002, 4.5172693E+002, 4.3828163E+002, 3.7575783E+002, 2.4576434E+002, 1.5724223E+002, 1.5728386E+002, 2.4600351E+002, 3.7613880E+002, 4.3838855E+002, 4.5171656E+002, 1.9792357E+001,-1.4232135E+001,-5.6542131E-001,-4.0907922E+000, 1.9226936E+001,-1.8322927E+001,-5.2907493E+001,-7.0924261E+000,-5.9999919E+001, 1.5000000E+001, 7.8004036E+002
 3.1402756E+002, 4.5907840E+002, 4.5812479E+002, 3.0877341E+002, 2.4666276E+002, 2.4696180E+002, 2.0632983E+002, 4.5907840E+002, 1.5712568E+002, 2.0508447E+002, 3.0003438E+002, 4.1586424E+002, 4.5208357E+002, 4.5180555E+002, 4.3837621E+002, 3.7583758E+002, 2.4582592E+002, 1.5723856E+002, 1.5726688E+002, 2.4604356E+002, 3.7615872E+002, 4.3841258E+002, 4.5175032E+002, 1.9777663E+001,-1.4236374E+001,-5.6768472E-001,-4.4060887E+000, 1.9209978E+001,-1.8642462E+001,-5.2722192E+001,-7.2778252E+000,-6.0000017E+001, 1.5000000E+001, 7.7927242E+002
 3.1500943E+002, 4.5906409E+002, 4.5809730E+002, 3.0884841E+002, 2.4669883E+002, 2.4699334E+002, 2.0633566E+002, 4.5906409E+002, 1.5710457E+002, 2.0510057E+002, 3.0006085E+002, 4.1585332E+002, 4.5205021E+002, 4.5184236E+002, 4.3843321E+002, 3.7589416E+002, 2.4586789E+002, 1.5722618E+002, 1.5725179E+002, 2.4608553E+002, 3.7621605E+002, 4.3848199E+002, 4.5178907E+002, 1.9755092E+001,-1.4235999E+001,-5.7970989E-001,-4.9491304E+000, 1.9175383E+001,-1.9185129E+001,-5.2474910E+001,-7.5251124E+000,-6.0000022E+001, 1.5000000E+001, 7.7821898E+002
 3.1600473E+002, 4.5905210E+002, 4.5810061E+002, 3.0889842E+002, 2.4672682E+002, 2.4701851E+002, 2.0634114E+002, 4.5905210E+002, 1.5708846E+002, 2.0511525E+002, 3.0009869E+002, 4.1586567E+002, 4.5203994E+002, 4.5188310E+002, 4.3847294E+002, 3.7594519E+002, 2.4591740E+002, 1.5721743E+002, 1.5723669E+002, 2.4611831E+002, 3.7626644E+002, 4.3856906E+002, 4.5183389E+002, 1.9785201E+001,-1.4234354E+001,-5.9688024E-001,-4.3078530E+000, 1.9188321E+001,-1.8542207E+001,-5.2629992E+001,-7.3699078E+000,-5.9999900E+001, 1.5000000E+001, 7.7889128E+002
 3.1701970E+002, 4.5908874E+002, 4.5814302E+002, 3.0892315E+002, 2.4674465E+002, 2.4703993E+002, 2.0634908E+002, 4.5908874E+002, 1.5707633E+002, 2.0513642E+002, 3.0012277E+002, 4.1588615E+002, 4.5208834E+002, 4.5191147E+002, 4.3850077E+002, 3.7599453E+002, 2.4596902E+002, 1.5720640E+002, 1.5722026E+002, 2.4615013E+002, 3.7630209E+002, 4.3863492E+002, 4.5189805E+002, 1.9771863E+001,-1.4237031E+001,-5.7572471E-001,-4.0886992E+000, 1.9196138E+001,-1.8325731E+001,-5.2807485E+001,-7.1924191E+000,-5.9999904E+001, 1.5000000E+001, 7.7964082E+002
 3.1803267E+002, 4.5913915E+002, 4.5818759E+002, 3.0896532E+002, 2.4676860E+002, 2.4706621E+002, 2.0635605E+002, 4.5913915E+002, 1.5706702E+002, 2.0516388E+002, 3.0015964E+002, 4.1592163E+002, 4.5215166E+002, 4.5190117E+002, 4.3849603E+002, 3.7606505E+002, 2.4602790E+002, 1.5719593E+002, 1.5720039E+002, 2.4617940E+002, 3.7632113E+002, 4.3866065E+002, 4.5192711E+002, 1.9799618E+001,-1.4240998E+001,-5.5409819E-001,-4.2754494E+000, 1.9245519E+001,-1.8516448E+001,-5.2856605E+001,-7.1433071E+000,-5.9999912E+001, 1.5000000E+001, 7.7986211E+002
 3.1900836E+002, 4.5918414E+002, 4.5823660E+002, 3.0901553E+002, 2.4680116E+002, 2.4710077E+002, 2.0636860E+002, 4.5918414E+002, 1.5706197E+002, 2.0518530E+002, 3.0021116E+002, 4.1594356E+002, 4.5221924E+002, 4.5191683E+002, 4.3851761E+002, 3.7612732E+002, 2.4608216E+002, 1.5718808E+002, 1.5718160E+002, 2.4621261E+002, 3.7634222E+002, 4.3867176E+002, 4.5195565E+002, 1.9826600E+001,-1.4244612E+001,-5.5652885E-001,-4.0711194E+000, 1.9270071E+001,-1.8315732E+001,-5.2871909E+001,-7.1279176E+000,-5.9999827E+001, 1.5000000E+001, 7.7993653E+002
 3.2002108E+002, 4.5923500E+002, 4.5828113E+002, 3.0904543E+002, 2.4682805E+002, 2.4712304E+002, 2.0637514E+002, 4.5923500E+002, 1.5705194E+002, 2.0519484E+002, 3.0024890E+002, 4.1593662E+002, 4.5226193E+002, 4.5194251E+002, 4.3855601E+002, 3.7617349E+002, 2.4613089E+002, 1.5718600E+002, 1.5715824E+002, 2.4623625E+002, 3.7638276E+002, 4.3871642E+002, 4.5199975E+002, 1.9772356E+001,-1.4248545E+001,-5.5742559E-001,-4.3778016E+000, 1.9214930E+001,-1.8626347E+001,-5.2620916E+001,-7.3792580E+000,-6.0000174E+001, 1.5000000E+001, 7.7888700E+002
 3.2100705E+002, 4.5925664E+002, 4.5831086E+002, 3.0906510E+002, 2.4685343E+002, 2.4714025E+002, 2.0638325E+002, 4.5925664E+002, 1.5704333E+002, 2.0522236E+002, 3.0028909E+002, 4.1594726E+002, 4.5228236E+002, 4.5195839E+002, 4.3857736E+002, 3.7619522E+002, 2.4616106E+002, 1.5717742E+002, 1.5713945E+002, 2.4626008E+002, 3.7641665E+002, 4.3876043E+002, 4.5204878E+002, 1.9743221E+001,-1.4250625E+001,-5.8418771E-001,-4.1136464E+000, 1.9159033E+001,-1.8364271E+001,-5.2559266E+001,-7.4406540E+000,-5.9999920E+001, 1.5000000E+001, 7.7861607E+002
 3.2200338E+002, 4.5930021E+002, 4.5835062E+002, 3.0910122E+002, 2.4687768E+002, 2.4716064E+002, 2.0638784E+002, 4.5930021E+002, 1.5703131E+002, 2.0525253E+002, 3.0031114E+002, 4.1596900E+002, 4.5232773E+002, 4.5194853E+002, 4.3859111E+002, 3.7623535E+002, 2.4620835E+002, 1.5716973E+002, 1.5712144E+002, 2.4629247E+002, 3.7643348E+002, 4.3876317E+002, 4.5207311E+002, 1.9762338E+001,-1.4253974E+001,-5.6588288E-001,-4.2325810E+000, 1.9196455E+001,-1.8486555E+001,-5.2698744E+001,-7.3012358E+000,-5.9999980E+001, 1.5000000E+001, 7.7921878E+002
 3.2303387E+002, 4.5932743E+002, 4.5837861E+002, 3.0912884E+002, 2.4690991E+002, 2.4718129E+002, 2.0640481E+002, 4.5932743E+002, 1.5702315E+002, 2.0527712E+002, 3.0036467E+002, 4.1601414E+002, 4.5236251E+002, 4.5201602E+002, 4.3864409E+002, 3.7628878E+002, 2.4627059E+002, 1.5717179E+002, 1.5711398E+002, 2.4631828E+002, 3.7646319E+002, 4.3876030E+002, 4.5206990E+002, 1.9751547E+001,-1.4256279E+001,-5.7752119E-001,-4.2012340E+000, 1.9174026E+001,-1.8457513E+001,-5.2813231E+001,-7.1866921E+000,-5.9999923E+001, 1.5000000E+001, 7.7969645E+002
 3.2402180E+002, 4.5938153E+002, 4.5843821E+002, 3.0915263E+002, 2.4693494E+002, 2.4720391E+002, 2.0641840E+002, 4.5938153E+002, 1.5700885E+002, 2.0530702E+002, 3.0041809E+002, 4.1609559E+002, 4.5243290E+002, 4.5203878E+002, 4.3865134E+002, 3.7635766E+002, 2.4631763E+002, 1.5716714E+002, 1.5710898E+002, 2.4635520E+002, 3.7651842E+002, 4.3880586E+002, 4.5210326E+002, 1.9737109E+001,-1.4259811E+001,-5.7102754E-001,-3.9809943E+000, 1.9166082E+001,-1.8240805E+001,-5.2563551E+001,-7.4364692E+000,-6.0000020E+001, 1.5000000E+001, 7.7865731E+002
 3.2501639E+002, 4.5941100E+002, 4.5845173E+002, 3.0918916E+002, 2.4695175E+002, 2.4723056E+002, 2.0644888E+002, 4.5941100E+002, 1.5699291E+002, 2.0533354E+002, 3.0043863E+002, 4.1611763E+002, 4.5248109E+002, 4.5201201E+002, 4.3864443E+002, 3.7640409E+002, 2.4635149E+002, 1.5715734E+002, 1.5710289E+002, 2.4636653E+002, 3.7652141E+002, 4.3883937E+002, 4.5213995E+002, 1.9760990E+001,-1.4262677E+001,-5.7214523E-001,-4.6331539E+000, 1.9188845E+001,-1.8895831E+001,-5.2805681E+001,-7.1941600E+000,-5.9999841E+001, 1.5000000E+001, 7.7968180E+002
 3.2601688E+002, 4.5939996E+002, 4.5844025E+002, 3.0923336E+002, 2.4696231E+002, 2.4726890E+002, 2.0647862E+002, 4.5939996E+002, 1.5698049E+002, 2.0535510E+002, 3.0049824E+002, 4.1617577E+002, 4.5250088E+002, 4.5202554E+002, 4.3868178E+002, 3.7644756E+002, 2.4638229E+002, 1.5715631E+002, 1.5708477E+002, 2.4637300E+002, 3.7653907E+002, 4.3885015E+002, 4.5214664E+002, 1.9744946E+001,-1.4262551E+001,-5.5717646E-001,-4.6028006E+000, 1.9187769E+001,-1.8865352E+001,-5.2614234E+001,-7.3858250E+000,-6.0000059E+001, 1.5000000E+001, 7.7888157E+002
 3.2702775E+002, 4.5941559E+002, 4.5846720E+002, 3.0928917E+002, 2.4698317E+002, 2.4730091E+002, 2.0650834E+002, 4.5941559E+002, 1.5696807E+002, 2.0536980E+002, 3.0055909E+002, 4.1621393E+002, 4.5252339E+002, 4.5208340E+002, 4.3873899E+002, 3.7648811E+002, 2.4643280E+002, 1.5715589E+002, 1.5706973E+002, 2.4638851E+002, 3.7656096E+002, 4.3886466E+002, 4.5215912E+002, 1.9778918E+001,-1.4263521E+001,-5.6506828E-001,-4.1248475E+000, 1.9213850E+001,-1.8388369E+001,-5.2797190E+001,-7.2026658E+000,-5.9999856E+001, 1.5000000E+001, 7.7966101E+002
 3.2800322E+002, 4.5945050E+002, 4.5849330E+002, 3.0935407E+002, 2.4700880E+002, 2.4732265E+002, 2.0653688E+002, 4.5945050E+002, 1.5694827E+002, 2.0538157E+002, 3.0061146E+002, 4.1628638E+002, 4.5257323E+002, 4.5212577E+002, 4.3879168E+002, 3.7653041E+002, 2.4648402E+002, 1.5715314E+002, 1.5705947E+002, 2.4642856E+002, 3.7659326E+002, 4.3887674E+002, 4.5214474E+002, 1.9763861E+001,-1.4265868E+001,-5.6492479E-001,-4.5182815E+000, 1.9198936E+001,-1.8784150E+001,-5.2648220E+001,-7.3517634E+000,-5.9999983E+001, 1.5000000E+001, 7.7903662E+002
 3.2902168E+002, 4.5946460E+002, 4.5851852E+002, 3.0939007E+002, 2.4703086E+002, 2.4733627E+002, 2.0656009E+002, 4.5946460E+002, 1.5693820E+002, 2.0540002E+002, 3.0066532E+002, 4.1633265E+002, 4.5258858E+002, 4.5217233E+002, 4.3886590E+002, 3.7660939E+002, 2.4652786E+002, 1.5715062E+002, 1.5705531E+002, 2.4646023E+002, 3.7662641E+002, 4.3891948E+002, 4.5216818E+002, 1.9755395E+001,-1.4267250E+001,-5.8409101E-001,-4.0659567E+000, 1.9171304E+001,-1.8333207E+001,-5.2914028E+001,-7.0858459E+000,-5.9999874E+001, 1.5000000E+001, 7.8015687E+002
 3.3001257E+002, 4.5950347E+002, 4.5854602E+002, 3.0942427E+002, 2.4704867E+002, 2.4735452E+002, 2.0656901E+002, 4.5950347E+002, 1.5692453E+002, 2.0540891E+002, 3.0070333E+002, 4.1636156E+002, 4.5260438E+002, 4.5217963E+002, 4.3889444E+002, 3.7665338E+002, 2.4654273E+002, 1.5713365E+002, 1.5704565E+002, 2.4648360E+002, 3.7662735E+002, 4.3891348E+002, 4.5216202E+002, 1.9759533E+001,-1.4270364E+001,-5.6087907E-001,-4.5125273E+000, 1.9198654E+001,-1.8782891E+001,-5.2735727E+001,-7.2643733E+000,-6.0000101E+001, 1.5000000E+001, 7.7941615E+002
 3.3101293E+002, 4.5949866E+002, 4.5854188E+002, 3.0946491E+002, 2.4706374E+002, 2.4738780E+002, 2.0657959E+002, 4.5949866E+002, 1.5691333E+002, 2.0543022E+002, 3.0074013E+002, 4.1637400E+002, 4.5259226E+002, 4.5219131E+002, 4.3895039E+002, 3.7671399E+002, 2.4657237E+002, 1.5712214E+002, 1.5703436E+002, 2.4651474E+002, 3.7663944E+002, 4.3889197E+002, 4.5214180E+002, 1.9704778E+001,-1.4270728E+001,-5.8558213E-001,-4.5568681E+000, 1.9119196E+001,-1.8827596E+001,-5.2189909E+001,-7.8100942E+000,-6.0000003E+001, 1.5000000E+001, 7.7710545E+002
 3.3201013E+002, 4.5948445E+002, 4.5852845E+002, 3.0948634E+002, 2.4709256E+002, 2.4741501E+002, 2.0659132E+002, 4.5948445E+002, 1.5690810E+002, 2.0545477E+002, 3.0077830E+002, 4.1639567E+002, 4.5257790E+002, 4.5224511E+002, 4.3903240E+002, 3.7676425E+002, 2.4660960E+002, 1.5711962E+002, 1.5701547E+002, 2.4655022E+002, 3.7667501E+002, 4.3887238E+002, 4.5210839E+002, 1.9729611E+001,-1.4269089E+001,-5.8013514E-001,-4.4942868E+000, 1.9149476E+001,-1.8763376E+001,-5.2742991E+001,-7.2569191E+000,-5.9999910E+001, 1.5000000E+001, 7.7944404E+002
 3.3300660E+002, 4.5950444E+002, 4.5855589E+002, 3.0951213E+002, 2.4712234E+002, 2.4744458E+002, 2.0659427E+002, 4.5950444E+002, 1.5690734E+002, 2.0546588E+002, 3.0079593E+002, 4.1638871E+002, 4.5257992E+002, 4.5227807E+002, 4.3904341E+002, 3.7677255E+002, 2.4664040E+002, 1.5710446E+002, 1.5699706E+002, 2.4658162E+002, 3.7671508E+002, 4.3891935E+002, 4.5214931E+002, 1.9744335E+001,-1.4270273E+001,-5.7886560E-001,-4.1975900E+000, 1.9165470E+001,-1.8467863E+001,-5.2783849E+001,-7.2160375E+000,-5.9999887E+001, 1.5000000E+001, 7.7962549E+002
 3.3400216E+002, 4.5952338E+002, 4.5856506E+002, 3.0954019E+002, 2.4714545E+002, 2.4746492E+002, 2.0659728E+002, 4.5952338E+002, 1.5689832E+002, 2.0547512E+002, 3.0081515E+002, 4.1638097E+002, 4.5256512E+002, 4.5230447E+002, 4.3905488E+002, 3.7678488E+002, 2.4667048E+002, 1.5710828E+002, 1.5697947E+002, 2.4658788E+002, 3.7673641E+002, 4.3898372E+002, 4.5219860E+002, 1.9736740E+001,-1.4272285E+001,-5.6497628E-001,-4.5592556E+000, 1.9171764E+001,-1.8831540E+001,-5.2383794E+001,-7.6162914E+000,-6.0000085E+001, 1.5000000E+001, 7.7794785E+002
 3.3500701E+002, 4.5950964E+002, 4.5855113E+002, 3.0958329E+002, 2.4715560E+002, 2.4747904E+002, 2.0660405E+002, 4.5950964E+002, 1.5689037E+002, 2.0549699E+002, 3.0084667E+002, 4.1640769E+002, 4.5255270E+002, 4.5237189E+002, 4.3911065E+002, 3.7682335E+002, 2.4670778E+002, 1.5709826E+002, 1.5696964E+002, 2.4661079E+002, 3.7676836E+002, 4.3901082E+002, 4.5224224E+002, 1.9767722E+001,-1.4271106E+001,-5.9680048E-001,-4.5892045E+000, 1.9170921E+001,-1.8860310E+001,-5.2856821E+001,-7.1429560E+000,-5.9999777E+001, 1.5000000E+001, 7.7993801E+002
 3.3600305E+002, 4.5951454E+002, 4.5855733E+002, 3.0964793E+002, 2.4717383E+002, 2.4749578E+002, 2.0661228E+002, 4.5951454E+002, 1.5688007E+002, 2.0552024E+002, 3.0088637E+002, 4.1643870E+002, 4.5256361E+002, 4.5243315E+002, 4.3916676E+002, 3.7685001E+002, 2.4674406E+002, 1.5708356E+002, 1.5696021E+002, 2.4662077E+002, 3.7676860E+002, 4.3901886E+002, 4.5220950E+002, 1.9760189E+001,-1.4271623E+001,-5.7299043E-001,-4.4844787E+000, 1.9187198E+001,-1.8756102E+001,-5.2492022E+001,-7.5081357E+000,-6.0000158E+001, 1.5000000E+001, 7.7841275E+002
 3.3701540E+002, 4.5953361E+002, 4.5858758E+002, 3.0969632E+002, 2.4721517E+002, 2.4751459E+002, 2.0661876E+002, 4.5953361E+002, 1.5687647E+002, 2.0554153E+002, 3.0094588E+002, 4.1650462E+002, 4.5259831E+002, 4.5249704E+002, 4.3922922E+002, 3.7685840E+002, 2.4676434E+002, 1.5707576E+002, 1.5695301E+002, 2.4663061E+002, 3.7678179E+002, 4.3903844E+002, 4.5220786E+002, 1.9791459E+001,-1.4272972E+001,-5.7094561E-001,-4.0196255E+000, 1.9220514E+001,-1.8292598E+001,-5.2978033E+001,-7.0217173E+000,-5.9999750E+001, 1.5000000E+001, 7.8046098E+002
 3.3802334E+002, 4.5958319E+002, 4.5863526E+002, 3.0975538E+002, 2.4723554E+002, 2.4754682E+002, 2.0662180E+002, 4.5958319E+002, 1.5687067E+002, 2.0556643E+002, 3.0100466E+002, 4.1652896E+002, 4.5265181E+002, 4.5250664E+002, 4.3922148E+002, 3.7687135E+002, 2.4680355E+002, 1.5707732E+002, 1.5694608E+002, 2.4664127E+002, 3.7678175E+002, 4.3903705E+002, 4.5219987E+002, 1.9726518E+001,-1.4276307E+001,-5.9126072E-001,-4.1791387E+000, 1.9135257E+001,-1.8455446E+001,-5.2417012E+001,-7.5830448E+000,-6.0000057E+001, 1.5000000E+001, 7.7810235E+002
 3.3903128E+002, 4.5962382E+002, 4.5867409E+002, 3.0979426E+002, 2.4725426E+002, 2.4755830E+002, 2.0662702E+002, 4.5962382E+002, 1.5686154E+002, 2.0558714E+002, 3.0103777E+002, 4.1654633E+002, 4.5264456E+002, 4.5250583E+002, 4.3921141E+002, 3.7691782E+002, 2.4686486E+002, 1.5707976E+002, 1.5694129E+002, 2.4667113E+002, 3.7682313E+002, 4.3904260E+002, 4.5221214E+002, 1.9761295E+001,-1.4279450E+001,-5.7063585E-001,-4.2038074E+000, 1.9190659E+001,-1.8483257E+001,-5.2630158E+001,-7.3697864E+000,-5.9999945E+001, 1.5000000E+001, 7.7901905E+002
 3.4000562E+002, 4.5964857E+002, 4.5869779E+002, 3.0983406E+002, 2.4728265E+002, 2.4757300E+002, 2.0663359E+002, 4.5964857E+002, 1.5685508E+002, 2.0560340E+002, 3.0107970E+002, 4.1657555E+002, 4.5264539E+002, 4.5249570E+002, 4.3918979E+002, 3.7694589E+002, 2.4693015E+002, 1.5707949E+002, 1.5693042E+002, 2.4668209E+002, 3.7683695E+002, 4.3904416E+002, 4.5222270E+002, 1.9709916E+001,-1.4282374E+001,-5.7148541E-001,-4.2914799E+000, 1.9138431E+001,-1.8573854E+001,-5.2472374E+001,-7.5277183E+000,-6.0000092E+001, 1.5000000E+001, 7.7834058E+002
 3.4102220E+002, 4.5966303E+002, 4.5870881E+002, 3.0988787E+002, 2.4731179E+002, 2.4758232E+002, 2.0663931E+002, 4.5966303E+002, 1.5684596E+002, 2.0561977E+002, 3.0113411E+002, 4.1661640E+002, 4.5266360E+002, 4.5249618E+002, 4.3916114E+002, 3.7695744E+002, 2.4698072E+002, 1.5707757E+002, 1.5691531E+002, 2.4669588E+002, 3.7684942E+002, 4.3908968E+002, 4.5222663E+002, 1.9748533E+001,-1.4283434E+001,-5.9268239E-001,-4.4041151E+000, 1.9155851E+001,-1.8687549E+001,-5.2737490E+001,-7.2624080E+000,-5.9999898E+001, 1.5000000E+001, 7.7946915E+002
 3.4200935E+002, 4.5967140E+002, 4.5871965E+002, 3.0996908E+002, 2.4734348E+002, 2.4759070E+002, 2.0664570E+002, 4.5967140E+002, 1.5683339E+002, 2.0564811E+002, 3.0116814E+002, 4.1664228E+002, 4.5269339E+002, 4.5245915E+002, 4.3912286E+002, 3.7696653E+002, 2.4702476E+002, 1.5707018E+002, 1.5691244E+002, 2.4674771E+002, 3.7692184E+002, 4.3914895E+002, 4.5226904E+002, 1.9744749E+001,-1.4284191E+001,-5.7866845E-001,-4.2743877E+000, 1.9166080E+001,-1.8558579E+001,-5.2745294E+001,-7.2546640E+000,-5.9999958E+001, 1.5000000E+001, 7.7950461E+002
 3.4300595E+002, 4.5970761E+002, 4.5875682E+002, 3.1009130E+002, 2.4735498E+002, 2.4760382E+002, 2.0665346E+002, 4.5970761E+002, 1.5682001E+002, 2.0567012E+002, 3.0119000E+002, 4.1665519E+002, 4.5271578E+002, 4.5246994E+002, 4.3913162E+002, 3.7698859E+002, 2.4705550E+002, 1.5706020E+002, 1.5690929E+002, 2.4677902E+002, 3.7695330E+002, 4.3918172E+002, 4.5230674E+002, 1.9791724E+001,-1.4286993E+001,-5.7374743E-001,-4.1980308E+000, 1.9217977E+001,-1.8485024E+001,-5.2932755E+001,-7.0670935E+000,-5.9999849E+001, 1.5000000E+001, 7.8030245E+002
 3.4401903E+002, 4.5973495E+002, 4.5877816E+002, 3.1019200E+002, 2.4737774E+002, 2.4762501E+002, 2.0666863E+002, 4.5973495E+002, 1.5681239E+002, 2.0568375E+002, 3.0123063E+002, 4.1663833E+002, 4.5272159E+002, 4.5252131E+002, 4.3919868E+002, 3.7704387E+002, 2.4709930E+002, 1.5704852E+002, 1.5689589E+002, 2.4680936E+002, 3.7696402E+002, 4.3921732E+002, 4.5232826E+002, 1.9743699E+001,-1.4289727E+001,-5.7182037E-001,-4.4603738E+000, 1.9171879E+001,-1.8750100E+001,-5.2265888E+001,-7.7343767E+000,-6.0000265E+001, 1.5000000E+001, 7.7749909E+002
 3.4502692E+002, 4.5971001E+002, 4.5874872E+002, 3.1024510E+002, 2.4740307E+002, 2.4764760E+002, 2.0667960E+002, 4.5971001E+002, 1.5679531E+002, 2.0568291E+002, 3.0126758E+002, 4.1662268E+002, 4.5270685E+002, 4.5254503E+002, 4.3927770E+002, 3.7710414E+002, 2.4716964E+002, 1.5703778E+002, 1.5687890E+002, 2.4683201E+002, 3.7700903E+002, 4.3922043E+002, 4.5233278E+002, 1.9684483E+001,-1.4288183E+001,-6.4104513E-001,-4.7885949E+000, 1.9043437E+001,-1.9076777E+001,-5.2401281E+001,-7.5986496E+000,-5.9999931E+001, 1.5000000E+001, 7.7804993E+002
 3.4602940E+002, 4.5968266E+002, 4.5872528E+002, 3.1026000E+002, 2.4741690E+002, 2.4766134E+002, 2.0668429E+002, 4.5968266E+002, 1.5678691E+002, 2.0569127E+002, 3.0127852E+002, 4.1661468E+002, 4.5267950E+002, 4.5259434E+002, 4.3938256E+002, 3.7720888E+002, 2.4722537E+002, 1.5703960E+002, 1.5686604E+002, 2.4685518E+002, 3.7705159E+002, 4.3930132E+002, 4.5238161E+002, 1.9702257E+001,-1.4285228E+001,-5.9727579E-001,-4.5759864E+000, 1.9104981E+001,-1.8861214E+001,-5.2465597E+001,-7.5343406E+000,-5.9999937E+001, 1.5000000E+001, 7.7832360E+002
 3.4701586E+002, 4.5967453E+002, 4.5871823E+002, 3.1027771E+002, 2.4742814E+002, 2.4767435E+002, 2.0669339E+002, 4.5967453E+002, 1.5678545E+002, 2.0572226E+002, 3.0130785E+002, 4.1662878E+002, 4.5267737E+002, 4.5260326E+002, 4.3942906E+002, 3.7725873E+002, 2.4725808E+002, 1.5702888E+002, 1.5686951E+002, 2.4688210E+002, 3.7708189E+002, 4.3935605E+002, 4.5243019E+002, 1.9755311E+001,-1.4284587E+001,-6.0288199E-001,-4.4783017E+000, 1.9152429E+001,-1.8762888E+001,-5.2732866E+001,-7.2670902E+000,-5.9999956E+001, 1.5000000E+001, 7.7946746E+002
 3.4803161E+002, 4.5968655E+002, 4.5873734E+002, 3.1029848E+002, 2.4745567E+002, 2.4768717E+002, 2.0670495E+002, 4.5968655E+002, 1.5678185E+002, 2.0573636E+002, 3.0135964E+002, 4.1664676E+002, 4.5270575E+002, 4.5263648E+002, 4.3950126E+002, 3.7731939E+002, 2.4729140E+002, 1.5703257E+002, 1.5686433E+002, 2.4690751E+002, 3.7709635E+002, 4.3936403E+002, 4.5244165E+002, 1.9780579E+001,-1.4284945E+001,-5.8931906E-001,-4.1448625E+000, 1.9191260E+001,-1.8429808E+001,-5.2788213E+001,-7.2116750E+000,-5.9999888E+001, 1.5000000E+001, 7.7970899E+002
 3.4900894E+002, 4.5973390E+002, 4.5878413E+002, 3.1030705E+002, 2.4748446E+002, 2.4769674E+002, 2.0670899E+002, 4.5973390E+002, 1.5678052E+002, 2.0575747E+002, 3.0140729E+002, 4.1667311E+002, 4.5274451E+002, 4.5270260E+002, 4.3958018E+002, 3.7737170E+002, 2.4732968E+002, 1.5702768E+002, 1.5685912E+002, 2.4692545E+002, 3.7709564E+002, 4.3935027E+002, 4.5245495E+002, 1.9732694E+001,-1.4288352E+001,-5.6229279E-001,-4.2036924E+000, 1.9170401E+001,-1.8492045E+001,-5.2333360E+001,-7.6667360E+000,-6.0000096E+001, 1.5000000E+001, 7.7779041E+002
 3.5001979E+002, 4.5975709E+002, 4.5881177E+002, 3.1033105E+002, 2.4751003E+002, 2.4772436E+002, 2.0670732E+002, 4.5975709E+002, 1.5676710E+002, 2.0575931E+002, 3.0142891E+002, 4.1670166E+002, 4.5278018E+002, 4.5275138E+002, 4.3964920E+002, 3.7742704E+002, 2.4736614E+002, 1.5701537E+002, 1.5685772E+002, 2.4694427E+002, 3.7712525E+002, 4.3935474E+002, 4.5248193E+002, 1.9751648E+001,-1.4290838E+001,-5.7588125E-001,-3.9949353E+000, 1.9175767E+001,-1.8285773E+001,-5.2819621E+001,-7.1802018E+000,-5.9999823E+001, 1.5000000E+001, 7.7984546E+002
 3.5101485E+002, 4.5982543E+002, 4.5887888E+002, 3.1034669E+002, 2.4754176E+002, 2.4774776E+002, 2.0670968E+002, 4.5982543E+002, 1.5675271E+002, 2.0575286E+002, 3.0143295E+002, 4.1672286E+002, 4.5283656E+002, 4.5277335E+002, 4.3970071E+002, 3.7748349E+002, 2.4740105E+002, 1.5700262E+002, 1.5686048E+002, 2.4698510E+002, 3.7715426E+002, 4.3932098E+002, 4.5246902E+002, 1.9740798E+001,-1.4295594E+001,-5.5815776E-001,-4.0861045E+000, 1.9182640E+001,-1.8381699E+001,-5.2677520E+001,-7.3225376E+000,-6.0000057E+001, 1.5000000E+001, 7.7925658E+002
 3.5201534E+002, 4.5985129E+002, 4.5889940E+002, 3.1035178E+002, 2.4756519E+002, 2.4775441E+002, 2.0671852E+002, 4.5985129E+002, 1.5673746E+002, 2.0574816E+002, 3.0143591E+002, 4.1671470E+002, 4.5284630E+002, 4.5279274E+002, 4.3971828E+002, 3.7753126E+002, 2.4744150E+002, 1.5699704E+002, 1.5686179E+002, 2.4701987E+002, 3.7718237E+002, 4.3934246E+002, 4.5249391E+002, 1.9764633E+001,-1.4297675E+001,-5.6112802E-001,-4.2149876E+000, 1.9203505E+001,-1.8512662E+001,-5.2853413E+001,-7.1464985E+000,-5.9999911E+001, 1.5000000E+001, 7.8000723E+002
 3.5300148E+002, 4.5989504E+002, 4.5894846E+002, 3.1035401E+002, 2.4761796E+002, 2.4776450E+002, 2.0672610E+002, 4.5989504E+002, 1.5672510E+002, 2.0574956E+002, 3.0143817E+002, 4.1672204E+002, 4.5286827E+002, 4.5279521E+002, 4.3971064E+002, 3.7755143E+002, 2.4747623E+002, 1.5699477E+002, 1.5685701E+002, 2.4706593E+002, 3.7721836E+002, 4.3935872E+002, 4.5251279E+002, 1.9767672E+001,-1.4301644E+001,-5.5964537E-001,-4.0301795E+000, 1.9208027E+001,-1.8331824E+001,-5.2799117E+001,-7.2007802E+000,-5.9999897E+001, 1.5000000E+001, 7.7978099E+002
 3.5403122E+002, 4.5993938E+002, 4.5898615E+002, 3.1036251E+002, 2.4765591E+002, 2.4778063E+002, 2.0672907E+002, 4.5993938E+002, 1.5671812E+002, 2.0576724E+002, 3.0147380E+002, 4.1673492E+002, 4.5293578E+002, 4.5280782E+002, 4.3971990E+002, 3.7756706E+002, 2.4750660E+002, 1.5699540E+002, 1.5684929E+002, 2.4710511E+002, 3.7724677E+002, 4.3937875E+002, 4.5254890E+002, 1.9750187E+001,-1.4305204E+001,-5.5661750E-001,-4.3051571E+000, 1.9193570E+001,-1.8610361E+001,-5.2827658E+001,-7.1723664E+000,-6.0000024E+001, 1.5000000E+001, 7.7990577E+002
 3.5501280E+002, 4.5994662E+002, 4.5898537E+002, 3.1037280E+002, 2.4767893E+002, 2.4779241E+002, 2.0673328E+002, 4.5994662E+002, 1.5671234E+002, 2.0578659E+002, 3.0149078E+002, 4.1673467E+002, 4.5293244E+002, 4.5282552E+002, 4.3974173E+002, 3.7761143E+002, 2.4753907E+002, 1.5699428E+002, 1.5684271E+002, 2.4712111E+002, 3.7727684E+002, 4.3939560E+002, 4.5258100E+002, 1.9763600E+001,-1.4305664E+001,-5.5392841E-001,-4.6109747E+000, 1.9209671E+001,-1.8916638E+001,-5.2825712E+001,-7.1742346E+000,-5.9999947E+001, 1.5000000E+001, 7.7990104E+002
 3.5601983E+002, 4.5992526E+002, 4.5896508E+002, 3.1039197E+002, 2.4769441E+002, 2.4780644E+002, 2.0674630E+002, 4.5992526E+002, 1.5670181E+002, 2.0580454E+002, 3.0152714E+002, 4.1675020E+002, 4.5289595E+002, 4.5285981E+002, 4.3976369E+002, 3.7765123E+002, 2.4756623E+002, 1.5698994E+002, 1.5684413E+002, 2.4713991E+002, 3.7728722E+002, 4.3940961E+002, 4.5263828E+002, 1.9725942E+001,-1.4304216E+001,-5.6248707E-001,-4.5734327E+000, 1.9163455E+001,-1.8877649E+001,-5.2603832E+001,-7.3962294E+000,-6.0000062E+001, 1.5000000E+001, 7.7896725E+002
 3.5700153E+002, 4.5993105E+002, 4.5897625E+002, 3.1040186E+002, 2.4771296E+002, 2.4781922E+002, 2.0676063E+002, 4.5993105E+002, 1.5669152E+002, 2.0580898E+002, 3.0155868E+002, 4.1680126E+002, 4.5286521E+002, 4.5287981E+002, 4.3977178E+002, 3.7768601E+002, 2.4759897E+002, 1.5698071E+002, 1.5684061E+002, 2.4717890E+002, 3.7732507E+002, 4.3946750E+002, 4.5269419E+002, 1.9756109E+001,-1.4304768E+001,-5.7353035E-001,-4.3830645E+000, 1.9182579E+001,-1.8687832E+001,-5.3056507E+001,-6.9433550E+000,-5.9999862E+001, 1.5000000E+001, 7.8086953E+002
 3.5801918E+002, 4.5993181E+002, 4.5897237E+002, 3.1040939E+002, 2.4774027E+002, 2.4783709E+002, 2.0676824E+002, 4.5993181E+002, 1.5668327E+002, 2.0581854E+002, 3.0156488E+002, 4.1687032E+002, 4.5287763E+002, 4.5289473E+002, 4.3977348E+002, 3.7772920E+002, 2.4763822E+002, 1.5697394E+002, 1.5683074E+002, 2.4721277E+002, 3.7735587E+002, 4.3949371E+002, 4.5273677E+002, 1.9760545E+001,-1.4304616E+001,-5.7316737E-001,-4.5306704E+000, 1.9187378E+001,-1.8835287E+001,-5.2973585E+001,-7.0264610E+000,-6.0000046E+001, 1.5000000E+001, 7.8052815E+002
 3.5902828E+002, 4.5995936E+002, 4.5901356E+002, 3.1042161E+002, 2.4775919E+002, 2.4787296E+002, 2.0677708E+002, 4.5995936E+002, 1.5667540E+002, 2.0583361E+002, 3.0157916E+002, 4.1688742E+002, 4.5293426E+002, 4.5291057E+002, 4.3976654E+002, 3.7776191E+002, 2.4766952E+002, 1.5696645E+002, 1.5682027E+002, 2.4723592E+002, 3.7735794E+002, 4.3948351E+002, 4.5274453E+002, 1.9769515E+001,-1.4306281E+001,-5.6072890E-001,-3.9999013E+000, 1.9208786E+001,-1.8306182E+001,-5.2959076E+001,-7.0407866E+000,-5.9999863E+001, 1.5000000E+001, 7.8047062E+002
 3.6003014E+002, 4.6001249E+002, 4.5906447E+002, 3.1044036E+002, 2.4778342E+002, 2.4789805E+002, 2.0678725E+002, 4.6001249E+002, 1.5666227E+002, 2.0583103E+002, 3.0160004E+002, 4.1693933E+002, 4.5297594E+002, 4.5295567E+002, 4.3979784E+002, 3.7779490E+002, 2.4769900E+002, 1.5696012E+002, 1.5681080E+002, 2.4724751E+002, 3.7735611E+002, 4.3948160E+002, 4.5276961E+002, 1.9787430E+001,-1.4310166E+001,-5.5495189E-001,-4.0325134E+000, 1.9232479E+001,-1.8342680E+001,-5.2857827E+001,-7.1421910E+000,-6.0000018E+001, 1.5000000E+001, 7.8006505E+002
 3.6100902E+002, 4.6006446E+002, 4.5911677E+002, 3.1045249E+002, 2.4779372E+002, 2.4791614E+002, 2.0679100E+002, 4.6006446E+002, 1.5665399E+002, 2.0584353E+002, 3.0161379E+002, 4.1695225E+002, 4.5300829E+002, 4.5299554E+002, 4.3982466E+002, 3.7782965E+002, 2.4773061E+002, 1.5695494E+002, 1.5680962E+002, 2.4726608E+002, 3.7734498E+002, 4.3948335E+002, 4.5277131E+002, 1.9761758E+001,-1.4314610E+001,-5.5687178E-001,-4.0527851E+000, 1.9204886E+001,-1.8367395E+001,-5.2814282E+001,-7.1856225E+000,-5.9999905E+001, 1.5000000E+001, 7.7987776E+002
 3.6201536E+002, 4.6010463E+002, 4.5914877E+002, 3.1047185E+002, 2.4781414E+002, 2.4792639E+002, 2.0680495E+002, 4.6010463E+002, 1.5664261E+002, 2.0585725E+002, 3.0166078E+002, 4.1697510E+002, 4.5306948E+002, 4.5299191E+002, 4.3983348E+002, 3.7787589E+002, 2.4776061E+002, 1.5695668E+002, 1.5680320E+002, 2.4730228E+002, 3.7737838E+002, 4.3950531E+002, 4.5280444E+002, 1.9777969E+001,-1.4318240E+001,-5.6508502E-001,-4.3519656E+000, 1.9212884E+001,-1.8670206E+001,-5.2810421E+001,-7.1896254E+000,-6.0000047E+001, 1.5000000E+001, 7.7987398E+002
 3.6300824E+002, 4.6012714E+002, 4.5918092E+002, 3.1049130E+002, 2.4782963E+002, 2.4794686E+002, 2.0681151E+002, 4.6012714E+002, 1.5663739E+002, 2.0587646E+002, 3.0169868E+002, 4.1702298E+002, 4.5312118E+002, 4.5302783E+002, 4.3988039E+002, 3.7789939E+002, 2.4776759E+002, 1.5695094E+002, 1.5679098E+002, 2.4733147E+002, 3.7739517E+002, 4.3950599E+002, 4.5281218E+002, 1.9745676E+001,-1.4319812E+001,-5.7297350E-001,-4.0063480E+000, 1.9172703E+001,-1.8326160E+001,-5.3029152E+001,-6.9707822E+000,-5.9999934E+001, 1.5000000E+001, 7.8078489E+002
 3.6400852E+002, 4.6017189E+002, 4.5922024E+002, 3.1050902E+002, 2.4786347E+002, 2.4796754E+002, 2.0681101E+002, 4.6017189E+002, 1.5663362E+002, 2.0589785E+002, 3.0171348E+002, 4.1705624E+002, 4.5317346E+002, 4.5304778E+002, 4.3989296E+002, 3.7791670E+002, 2.4777733E+002, 1.5693463E+002, 1.5678306E+002, 2.4736477E+002, 3.7740432E+002, 4.3950170E+002, 4.5281244E+002, 1.9746490E+001,-1.4323137E+001,-5.5949182E-001,-4.1993474E+000, 1.9186998E+001,-1.8522484E+001,-5.2957019E+001,-7.0430599E+000,-6.0000078E+001, 1.5000000E+001, 7.8049172E+002
 3.6501957E+002, 4.6019737E+002, 4.5924740E+002, 3.1052482E+002, 2.4788306E+002, 2.4798020E+002, 2.0681756E+002, 4.6019737E+002, 1.5662227E+002, 2.0591092E+002, 3.0171928E+002, 4.1706095E+002, 4.5323774E+002, 4.5302650E+002, 4.3987044E+002, 3.7794309E+002, 2.4781076E+002, 1.5691796E+002, 1.5677847E+002, 2.4737758E+002, 3.7742370E+002, 4.3952329E+002, 4.5284331E+002, 1.9737399E+001,-1.4325685E+001,-5.6321196E-001,-4.1526430E+000, 1.9174187E+001,-1.8478328E+001,-5.2936099E+001,-7.0637484E+000,-5.9999847E+001, 1.5000000E+001, 7.8039971E+002
 3.6602453E+002, 4.6023892E+002, 4.5929006E+002, 3.1056170E+002, 2.4789540E+002, 2.4798819E+002, 2.0682061E+002, 4.6023892E+002, 1.5661441E+002, 2.0592355E+002, 3.0174920E+002, 4.1712538E+002, 4.5330917E+002, 4.5302511E+002, 4.3988455E+002, 3.7799191E+002, 2.4785692E+002, 1.5689986E+002, 1.5676724E+002, 2.4738210E+002, 3.7742216E+002, 4.3950825E+002, 4.5285636E+002, 1.9724044E+001,-1.4328808E+001,-5.7148692E-001,-4.1269883E+000, 1.9152557E+001,-1.8455797E+001,-5.2726586E+001,-7.2735094E+000,-6.0000096E+001, 1.5000000E+001, 7.7952719E+002
 3.6702245E+002, 4.6026017E+002, 4.5930660E+002, 3.1059186E+002, 2.4791030E+002, 2.4800066E+002, 2.0682067E+002, 4.6026017E+002, 1.5660277E+002, 2.0593723E+002, 3.0177851E+002, 4.1714044E+002, 4.5335181E+002, 4.5306544E+002, 4.3992912E+002, 3.7803656E+002, 2.4788227E+002, 1.5688222E+002, 1.5676116E+002, 2.4739981E+002, 3.7744137E+002, 4.3948708E+002, 4.5282540E+002, 1.9718819E+001,-1.4330969E+001,-5.6635585E-001,-4.3178508E+000, 1.9152463E+001,-1.8648820E+001,-5.2604444E+001,-7.3955353E+000,-5.9999979E+001, 1.5000000E+001, 7.7901151E+002
 3.6802454E+002, 4.6027403E+002, 4.5932255E+002, 3.1061250E+002, 2.4792674E+002, 2.4800919E+002, 2.0682234E+002, 4.6027403E+002, 1.5658880E+002, 2.0593330E+002, 3.0177950E+002, 4.1713076E+002, 4.5337480E+002, 4.5309778E+002, 4.3996363E+002, 3.7805435E+002, 2.4789675E+002, 1.5687059E+002, 1.5674508E+002, 2.4741199E+002, 3.7746561E+002, 4.3951021E+002, 4.5283949E+002, 1.9741486E+001,-1.4331693E+001,-5.8441497E-001,-4.2205249E+000, 1.9157071E+001,-1.8552218E+001,-5.2479765E+001,-7.5200858E+000,-5.9999851E+001, 1.5000000E+001, 7.7849636E+002
 3.6900177E+002, 4.6030453E+002, 4.5935802E+002, 3.1061609E+002, 2.4794839E+002, 2.4800951E+002, 2.0683196E+002, 4.6030453E+002, 1.5658043E+002, 2.0592852E+002, 3.0177681E+002, 4.1711235E+002, 4.5340449E+002, 4.5310626E+002, 4.3997007E+002, 3.7806316E+002, 2.4791570E+002, 1.5686073E+002, 1.5673093E+002, 2.4741502E+002, 3.7748161E+002, 4.3953505E+002, 4.5285557E+002, 1.9719378E+001,-1.4334004E+001,-5.6785073E-001,-4.0153695E+000, 1.9151527E+001,-1.8349373E+001,-5.2775683E+001,-7.2243037E+000,-5.9999986E+001, 1.5000000E+001, 7.7974384E+002
 3.7002572E+002, 4.6036027E+002, 4.5940969E+002, 3.1064117E+002, 2.4797816E+002, 2.4800702E+002, 2.0684497E+002, 4.6036027E+002, 1.5657052E+002, 2.0592995E+002, 3.0181291E+002, 4.1712193E+002, 4.5347390E+002, 4.5311390E+002, 4.4000667E+002, 3.7811581E+002, 2.4795439E+002, 1.5685151E+002, 1.5671737E+002, 2.4742089E+002, 3.7751568E+002, 4.3956974E+002, 4.5289707E+002, 1.9726148E+001,-1.4338416E+001,-5.5863897E-001,-4.1935117E+000, 1.9167509E+001,-1.8531928E+001,-5.2717374E+001,-7.2826557E+000,-6.0000029E+001, 1.5000000E+001, 7.7950417E+002
 3.7100729E+002, 4.6033985E+002, 4.5937251E+002, 3.1067714E+002, 2.4798956E+002, 2.4801751E+002, 2.0686040E+002, 4.6033985E+002, 1.5655858E+002, 2.0592232E+002, 3.0182852E+002, 4.1718095E+002, 4.5346488E+002, 4.5310658E+002, 4.4002606E+002, 3.7814959E+002, 2.4798449E+002, 1.5684093E+002, 1.5670834E+002, 2.4743421E+002, 3.7755347E+002, 4.3959261E+002, 4.5291097E+002, 1.9711891E+001,-1.4337241E+001,-5.8071054E-001,-4.8667026E+000, 1.9131181E+001,-1.9203943E+001,-5.2807637E+001,-7.1923197E+000,-5.9999957E+001, 1.5000000E+001, 7.7988469E+002
 3.7203070E+002, 4.6030000E+002, 4.5934222E+002, 3.1071005E+002, 2.4799646E+002, 2.4803089E+002, 2.0687304E+002, 4.6030000E+002, 1.5655006E+002, 2.0593341E+002, 3.0186925E+002, 4.1722994E+002, 4.5345074E+002, 4.5313964E+002, 4.4006578E+002, 3.7817162E+002, 2.4801506E+002, 1.5683915E+002, 1.5669427E+002, 2.4742967E+002, 3.7754575E+002, 4.3956555E+002, 4.5292115E+002, 1.9727478E+001,-1.4334057E+001,-5.5630088E-001,-4.4338909E+000, 1.9171177E+001,-1.8767947E+001,-5.2886282E+001,-7.1136739E+000,-5.9999956E+001, 1.5000000E+001, 7.8021553E+002
 3.7301403E+002, 4.6033199E+002, 4.5938158E+002, 3.1074992E+002, 2.4801422E+002, 2.4804074E+002, 2.0688822E+002, 4.6033199E+002, 1.5654293E+002, 2.0594774E+002, 3.0191662E+002, 4.1726755E+002, 4.5347458E+002, 4.5318072E+002, 4.4010861E+002, 3.7820172E+002, 2.4804740E+002, 1.5683370E+002, 1.5667798E+002, 2.4741776E+002, 3.7752639E+002, 4.3952130E+002, 4.5288227E+002, 1.9733872E+001,-1.4336056E+001,-5.5581544E-001,-4.1576145E+000, 1.9178057E+001,-1.8493670E+001,-5.2894377E+001,-7.1056341E+000,-6.0000011E+001, 1.5000000E+001, 7.8025576E+002
 3.7402626E+002, 4.6036462E+002, 4.5941721E+002, 3.1077981E+002, 2.4803317E+002, 2.4805105E+002, 2.0690510E+002, 4.6036462E+002, 1.5653821E+002, 2.0596316E+002, 3.0197119E+002, 4.1730165E+002, 4.5351057E+002, 4.5322513E+002, 4.4015514E+002, 3.7824123E+002, 2.4806655E+002, 1.5683837E+002, 1.5666868E+002, 2.4741572E+002, 3.7753745E+002, 4.3952133E+002, 4.5288484E+002, 1.9721345E+001,-1.4338797E+001,-5.6574453E-001,-4.0282784E+000, 1.9155601E+001,-1.8367075E+001,-5.2511969E+001,-7.4880265E+000,-5.9999995E+001, 1.5000000E+001, 7.7865291E+002
 3.7500306E+002, 4.6039853E+002, 4.5944780E+002, 3.1078514E+002, 2.4804010E+002, 2.4807467E+002, 2.0691077E+002, 4.6039853E+002, 1.5652732E+002, 2.0597191E+002, 3.0200866E+002, 4.1734731E+002, 4.5354962E+002, 4.5329394E+002, 4.4022879E+002, 3.7830652E+002, 2.4808395E+002, 1.5683781E+002, 1.5665862E+002, 2.4741904E+002, 3.7755768E+002, 4.3953456E+002, 4.5286293E+002, 1.9725159E+001,-1.4341562E+001,-5.8226252E-001,-4.2173496E+000, 1.9142896E+001,-1.8558911E+001,-5.2845854E+001,-7.1540121E+000,-5.9999866E+001, 1.5000000E+001, 7.8005167E+002
 3.7601763E+002, 4.6041733E+002, 4.5946871E+002, 3.1077951E+002, 2.4805915E+002, 2.4808242E+002, 2.0690868E+002, 4.6041733E+002, 1.5651937E+002, 2.0598540E+002, 3.0202734E+002, 4.1736029E+002, 4.5356263E+002, 4.5330447E+002, 4.4023598E+002, 3.7832954E+002, 2.4810117E+002, 1.5683399E+002, 1.5666237E+002, 2.4743587E+002, 3.7756661E+002, 4.3953538E+002, 4.5286411E+002, 1.9705651E+001,-1.4343010E+001,-5.8596434E-001,-4.1038732E+000, 1.9119687E+001,-1.8446883E+001,-5.2578678E+001,-7.4214456E+000,-6.0000123E+001, 1.5000000E+001, 7.7893387E+002
 3.7702796E+002, 4.6045088E+002, 4.5950317E+002, 3.1081020E+002, 2.4806946E+002, 2.4808824E+002, 2.0690538E+002, 4.6045088E+002, 1.5651549E+002, 2.0599339E+002, 3.0203610E+002, 4.1737906E+002, 4.5358858E+002, 4.5334296E+002, 4.4027170E+002, 3.7834878E+002, 2.4812576E+002, 1.5683433E+002, 1.5665833E+002, 2.4745276E+002, 3.7757648E+002, 4.3951329E+002, 4.5283584E+002, 1.9737653E+001,-1.4345875E+001,-5.8608344E-001,-4.0226904E+000, 1.9151569E+001,-1.8368566E+001,-5.2688811E+001,-7.3110957E+000,-5.9999907E+001, 1.5000000E+001, 7.7941222E+002
 3.7802087E+002, 4.6050465E+002, 4.5955834E+002, 3.1085159E+002, 2.4807778E+002, 2.4809391E+002, 2.0691035E+002, 4.6050465E+002, 1.5650427E+002, 2.0600269E+002, 3.0206000E+002, 4.1739797E+002, 4.5363002E+002, 4.5341062E+002, 4.4032589E+002, 3.7841521E+002, 2.4815429E+002, 1.5682961E+002, 1.5665009E+002, 2.4749211E+002, 3.7759201E+002, 4.3950205E+002, 4.5285078E+002, 1.9692753E+001,-1.4349673E+001,-5.7661346E-001,-4.0621890E+000, 1.9116139E+001,-1.8411862E+001,-5.2594436E+001,-7.4054896E+000,-5.9999926E+001, 1.5000000E+001, 7.7900727E+002
 3.7900349E+002, 4.6052109E+002, 4.5957258E+002, 3.1084926E+002, 2.4809783E+002, 2.4811098E+002, 2.0692666E+002, 4.6052109E+002, 1.5650355E+002, 2.0602752E+002, 3.0210204E+002, 4.1742915E+002, 4.5363971E+002, 4.5346415E+002, 4.4037237E+002, 3.7843796E+002, 2.4816335E+002, 1.5681745E+002, 1.5664760E+002, 2.4752689E+002, 3.7759799E+002, 4.3950626E+002, 4.5285923E+002, 1.9695971E+001,-1.4351502E+001,-5.7843282E-001,-4.0992651E+000, 1.9117538E+001,-1.8450767E+001,-5.2775539E+001,-7.2244595E+000,-5.9999998E+001, 1.5000000E+001, 7.7977487E+002
 3.8002708E+002, 4.6055270E+002, 4.5960451E+002, 3.1087398E+002, 2.4810888E+002, 2.4813544E+002, 2.0693230E+002, 4.6055270E+002, 1.5650391E+002, 2.0603503E+002, 3.0211303E+002, 4.1745970E+002, 4.5363967E+002, 4.5352897E+002, 4.4043717E+002, 3.7847747E+002, 2.4816758E+002, 1.5679826E+002, 1.5664131E+002, 2.4755731E+002, 3.7763801E+002, 4.3954206E+002, 4.5289452E+002, 1.9716934E+001,-1.4353911E+001,-5.8613994E-001,-4.0888845E+000, 1.9130795E+001,-1.8442795E+001,-5.2616871E+001,-7.3829548E+000,-5.9999826E+001, 1.5000000E+001, 7.7910991E+002
 3.8100886E+002, 4.6058208E+002, 4.5962623E+002, 3.1088988E+002, 2.4812941E+002, 2.4814900E+002, 2.0694080E+002, 4.6058208E+002, 1.5649523E+002, 2.0602950E+002, 3.0211855E+002, 4.1748451E+002, 4.5363877E+002, 4.5356940E+002, 4.4045030E+002, 3.7845716E+002, 2.4816436E+002, 1.5678614E+002, 1.5664367E+002, 2.4758393E+002, 3.7767371E+002, 4.3958195E+002, 4.5291054E+002, 1.9669837E+001,-1.4356574E+001,-5.7289862E-001,-4.4210765E+000, 1.9096939E+001,-1.8777651E+001,-5.2438200E+001,-7.5620309E+000,-6.0000231E+001, 1.5000000E+001, 7.7836327E+002
 3.8201304E+002, 4.6056398E+002, 4.5961379E+002, 3.1089869E+002, 2.4815917E+002, 2.4816714E+002, 2.0693592E+002, 4.6056398E+002, 1.5649202E+002, 2.0603147E+002, 3.0213223E+002, 4.1751403E+002, 4.5361802E+002, 4.5358704E+002, 4.4044195E+002, 3.7843774E+002, 2.4816237E+002, 1.5677314E+002, 1.5664447E+002, 2.4760863E+002, 3.7769666E+002, 4.3961544E+002, 4.5295099E+002, 1.9663957E+001,-1.4355640E+001,-5.8853233E-001,-4.2089121E+000, 1.9075424E+001,-1.8564552E+001,-5.2566426E+001,-7.4333753E+000,-5.9999801E+001, 1.5000000E+001, 7.7889781E+002
 3.8303359E+002, 4.6058479E+002, 4.5962911E+002, 3.1092362E+002, 2.4818160E+002, 2.4820165E+002, 2.0693052E+002, 4.6058479E+002, 1.5648408E+002, 2.0603237E+002, 3.0214392E+002, 4.1753399E+002, 4.5363766E+002, 4.5361347E+002, 4.4045157E+002, 3.7842745E+002, 2.4815590E+002, 1.5676140E+002, 1.5663556E+002, 2.4762661E+002, 3.7769825E+002, 4.3961336E+002, 4.5297695E+002, 1.9687494E+001,-1.4356866E+001,-5.7760203E-001,-4.4236846E+000, 1.9109892E+001,-1.8780550E+001,-5.2570961E+001,-7.4290388E+000,-6.0000000E+001, 1.5000000E+001, 7.7893142E+002
 3.8402160E+002, 4.6055589E+002, 4.5959257E+002, 3.1094524E+002, 2.4819448E+002, 2.4825231E+002, 2.0693590E+002, 4.6055589E+002, 1.5647291E+002, 2.0603282E+002, 3.0213972E+002, 4.1754646E+002, 4.5360996E+002, 4.5367104E+002, 4.4050989E+002, 3.7843766E+002, 2.4815546E+002, 1.5675219E+002, 1.5663361E+002, 2.4765200E+002, 3.7773825E+002, 4.3964295E+002, 4.5299968E+002, 1.9726583E+001,-1.4354910E+001,-5.7856948E-001,-4.6491540E+000, 1.9148013E+001,-1.9004064E+001,-5.2706714E+001,-7.2932047E+000,-5.9999919E+001, 1.5000000E+001, 7.7951282E+002
 3.8500027E+002, 4.6054615E+002, 4.5959181E+002, 3.1094499E+002, 2.4820586E+002, 2.4829124E+002, 2.0694163E+002, 4.6054615E+002, 1.5646635E+002, 2.0603404E+002, 3.0213898E+002, 4.1752560E+002, 4.5359549E+002, 4.5371030E+002, 4.4057466E+002, 3.7846477E+002, 2.4817935E+002, 1.5674424E+002, 1.5663270E+002, 2.4768398E+002, 3.7777908E+002, 4.3966943E+002, 4.5301067E+002, 1.9686651E+001,-1.4354009E+001,-5.8574621E-001,-4.3676207E+000, 1.9100905E+001,-1.8721630E+001,-5.2954708E+001,-7.0452851E+000,-5.9999993E+001, 1.5000000E+001, 7.8054388E+002
 3.8601500E+002, 4.6053882E+002, 4.5958243E+002, 3.1095842E+002, 2.4822705E+002, 2.4830959E+002, 2.0695537E+002, 4.6053882E+002, 1.5646083E+002, 2.0603644E+002, 3.0213015E+002, 4.1750109E+002, 4.5356428E+002, 4.5374455E+002, 4.4059603E+002, 3.7846328E+002, 2.4817603E+002, 1.5673405E+002, 1.5662666E+002, 2.4772228E+002, 3.7779923E+002, 4.3965646E+002, 4.5298677E+002, 1.9750552E+001,-1.4353319E+001,-5.8775277E-001,-4.3696077E+000, 1.9162799E+001,-1.8722926E+001,-5.2939379E+001,-7.0604828E+000,-5.9999861E+001, 1.5000000E+001, 7.8049193E+002
 3.8701625E+002, 4.6052719E+002, 4.5955853E+002, 3.1100763E+002, 2.4823137E+002, 2.4833538E+002, 2.0697262E+002, 4.6052719E+002, 1.5645594E+002, 2.0604387E+002, 3.0213847E+002, 4.1751047E+002, 4.5353531E+002, 4.5377331E+002, 4.4063810E+002, 3.7844867E+002, 2.4817215E+002, 1.5672051E+002, 1.5662000E+002, 2.4777230E+002, 3.7783476E+002, 4.3962743E+002, 4.5294027E+002, 1.9681023E+001,-1.4352613E+001,-5.5983915E-001,-4.9194525E+000, 1.9121184E+001,-1.9272065E+001,-5.2546471E+001,-7.4537219E+000,-6.0000193E+001, 1.5000000E+001, 7.7883181E+002
 3.8800872E+002, 4.6047798E+002, 4.5951408E+002, 3.1106211E+002, 2.4823723E+002, 2.4838729E+002, 2.0698182E+002, 4.6047798E+002, 1.5644557E+002, 2.0605150E+002, 3.0213973E+002, 4.1750130E+002, 4.5348374E+002, 4.5378184E+002, 4.4067448E+002, 3.7846258E+002, 2.4816766E+002, 1.5670484E+002, 1.5661715E+002, 2.4781104E+002, 3.7789750E+002, 4.3961700E+002, 4.5290606E+002, 1.9773485E+001,-1.4348806E+001,-5.6797661E-001,-4.6296054E+000, 1.9205508E+001,-1.8978411E+001,-5.2681612E+001,-7.3182245E+000,-5.9999836E+001, 1.5000000E+001, 7.7941915E+002
 3.8901982E+002, 4.6044341E+002, 4.5947862E+002, 3.1109344E+002, 2.4825433E+002, 2.4844651E+002, 2.0698029E+002, 4.6044341E+002, 1.5643230E+002, 2.0604882E+002, 3.0214440E+002, 4.1749630E+002, 4.5343911E+002, 4.5378939E+002, 4.4071821E+002, 3.7850248E+002, 2.4817765E+002, 1.5669636E+002, 1.5661362E+002, 2.4781966E+002, 3.7791565E+002, 4.3963785E+002, 4.5289308E+002, 1.9658524E+001,-1.4345796E+001,-5.8789592E-001,-4.7992763E+000, 1.9070628E+001,-1.9145072E+001,-5.2295862E+001,-7.7044054E+000,-6.0000267E+001, 1.5000000E+001, 7.7777073E+002
 3.9000715E+002, 4.6042413E+002, 4.5946666E+002, 3.1113464E+002, 2.4826011E+002, 2.4847164E+002, 2.0697363E+002, 4.6042413E+002, 1.5641974E+002, 2.0604964E+002, 3.0216358E+002, 4.1749247E+002, 4.5342839E+002, 4.5382275E+002, 4.4078054E+002, 3.7856812E+002, 2.4819932E+002, 1.5668819E+002, 1.5660565E+002, 2.4782598E+002, 3.7791583E+002, 4.3965991E+002, 4.5290532E+002, 1.9721334E+001,-1.4343587E+001,-5.7571655E-001,-4.4412345E+000, 1.9145617E+001,-1.8784822E+001,-5.2678029E+001,-7.3219382E+000,-5.9999967E+001, 1.5000000E+001, 7.7938933E+002
 3.9100214E+002, 4.6041798E+002, 4.5946443E+002, 3.1114987E+002, 2.4826721E+002, 2.4849295E+002, 2.0696567E+002, 4.6041798E+002, 1.5641286E+002, 2.0606538E+002, 3.0218007E+002, 4.1748143E+002, 4.5341678E+002, 4.5383814E+002, 4.4080874E+002, 3.7859141E+002, 2.4820782E+002, 1.5667931E+002, 1.5658802E+002, 2.4781918E+002, 3.7791354E+002, 4.3968002E+002, 4.5291627E+002, 1.9680672E+001,-1.4343663E+001,-6.0715188E-001,-4.3739798E+000, 1.9073520E+001,-1.8717643E+001,-5.2732548E+001,-7.2673500E+000,-5.9999898E+001, 1.5000000E+001, 7.7960072E+002
 3.9200123E+002, 4.6041599E+002, 4.5945362E+002, 3.1118501E+002, 2.4827264E+002, 2.4851041E+002, 2.0695924E+002, 4.6041599E+002, 1.5640434E+002, 2.0607363E+002, 3.0217967E+002, 4.1746240E+002, 4.5339141E+002, 4.5384460E+002, 4.4081543E+002, 3.7861519E+002, 2.4820958E+002, 1.5667229E+002, 1.5657316E+002, 2.4781398E+002, 3.7791232E+002, 4.3970846E+002, 4.5293155E+002, 1.9727210E+001,-1.4343227E+001,-5.6719356E-001,-4.6467781E+000, 1.9160016E+001,-1.8990005E+001,-5.2868925E+001,-7.1310887E+000,-6.0000013E+001, 1.5000000E+001, 7.8019357E+002
 3.9300261E+002, 4.6038511E+002, 4.5941973E+002, 3.1122159E+002, 2.4829113E+002, 2.4854534E+002, 2.0695584E+002, 4.6038511E+002, 1.5639977E+002, 2.0609123E+002, 3.0217961E+002, 4.1742581E+002, 4.5335454E+002, 4.5383893E+002, 4.4082513E+002, 3.7865742E+002, 2.4822619E+002, 1.5666435E+002, 1.5656423E+002, 2.4781480E+002, 3.7795390E+002, 4.3977132E+002, 4.5295055E+002, 1.9743486E+001,-1.4341110E+001,-5.7308628E-001,-4.7219646E+000, 1.9170399E+001,-1.9063075E+001,-5.2881059E+001,-7.1189750E+000,-6.0000034E+001, 1.5000000E+001, 7.8024678E+002
 3.9400614E+002, 4.6035828E+002, 4.5939891E+002, 3.1127199E+002, 2.4832610E+002, 2.4858334E+002, 2.0695344E+002, 4.6035828E+002, 1.5639062E+002, 2.0610437E+002, 3.0221086E+002, 4.1744310E+002, 4.5335633E+002, 4.5378474E+002, 4.4079025E+002, 3.7868854E+002, 2.4824719E+002, 1.5665123E+002, 1.5655765E+002, 2.4783628E+002, 3.7801727E+002, 4.3985043E+002, 4.5300299E+002, 1.9698708E+001,-1.4338460E+001,-5.9061055E-001,-4.5751743E+000, 1.9108098E+001,-1.8913634E+001,-5.2631362E+001,-7.3686319E+000,-5.9999994E+001, 1.5000000E+001, 7.7918418E+002
 3.9500491E+002, 4.6032784E+002, 4.5936207E+002, 3.1128939E+002, 2.4833598E+002, 2.4859541E+002, 2.0695060E+002, 4.6032784E+002, 1.5638530E+002, 2.0612824E+002, 3.0222930E+002, 4.1744092E+002, 4.5333351E+002, 4.5372783E+002, 4.4074535E+002, 3.7872615E+002, 2.4827782E+002, 1.5664202E+002, 1.5654899E+002, 2.4785046E+002, 3.7806929E+002, 4.3989792E+002, 4.5301602E+002, 1.9713611E+001,-1.4336474E+001,-5.7328618E-001,-4.7835752E+000, 1.9140325E+001,-1.9120049E+001,-5.2888799E+001,-7.1112214E+000,-6.0000020E+001, 1.5000000E+001, 7.8026930E+002
 3.9600937E+002, 4.6031014E+002, 4.5935443E+002, 3.1128169E+002, 2.4834570E+002, 2.4863845E+002, 2.0695809E+002, 4.6031014E+002, 1.5638388E+002, 2.0612941E+002, 3.0223082E+002, 4.1741007E+002, 4.5331651E+002, 4.5372880E+002, 4.4072760E+002, 3.7872175E+002, 2.4829928E+002, 1.5663619E+002, 1.5654038E+002, 2.4786029E+002, 3.7809812E+002, 4.3994221E+002, 4.5304425E+002, 1.9683904E+001,-1.4335029E+001,-5.6596090E-001,-4.4201027E+000, 1.9117943E+001,-1.8755132E+001,-5.2577426E+001,-7.4226718E+000,-6.0000098E+001, 1.5000000E+001, 7.7895021E+002
 3.9701719E+002, 4.6031055E+002, 4.5935757E+002, 3.1127207E+002, 2.4836443E+002, 2.4865943E+002, 2.0698426E+002, 4.6031055E+002, 1.5637951E+002, 2.0612284E+002, 3.0222494E+002, 4.1737880E+002, 4.5330363E+002, 4.5375745E+002, 4.4074941E+002, 3.7874451E+002, 2.4831195E+002, 1.5662895E+002, 1.5652889E+002, 2.4787040E+002, 3.7809457E+002, 4.3995206E+002, 4.5308335E+002, 1.9767889E+001,-1.4334917E+001,-5.9291963E-001,-4.2623027E+000, 1.9174970E+001,-1.8597220E+001,-5.3064575E+001,-6.9352950E+000,-5.9999870E+001, 1.5000000E+001, 7.8100878E+002
 3.9800647E+002, 4.6031667E+002, 4.5935941E+002, 3.1129006E+002, 2.4840651E+002, 2.4866443E+002, 2.0700459E+002, 4.6031667E+002, 1.5637270E+002, 2.0612356E+002, 3.0224440E+002, 4.1736868E+002, 4.5329481E+002, 4.5379152E+002, 4.4076892E+002, 3.7876800E+002, 2.4833225E+002, 1.5662647E+002, 1.5651708E+002, 2.4787002E+002, 3.7808011E+002, 4.3992069E+002, 4.5307066E+002, 1.9694725E+001,-1.4335177E+001,-5.9736586E-001,-4.5047063E+000, 1.9097359E+001,-1.8839884E+001,-5.2684011E+001,-7.3159274E+000,-5.9999938E+001, 1.5000000E+001, 7.7940352E+002
 3.9900451E+002, 4.6033207E+002, 4.5938660E+002, 3.1130507E+002, 2.4841953E+002, 2.4866872E+002, 2.0700603E+002, 4.6033207E+002, 1.5636763E+002, 2.0613467E+002, 3.0229108E+002, 4.1740683E+002, 4.5332505E+002, 4.5379493E+002, 4.4074710E+002, 3.7877812E+002, 2.4833998E+002, 1.5662036E+002, 1.5651240E+002, 2.4786346E+002, 3.7805245E+002, 4.3989968E+002, 4.5307281E+002, 1.9735270E+001,-1.4336150E+001,-5.7268619E-001,-3.9763383E+000, 1.9162584E+001,-1.8312488E+001,-5.3055180E+001,-6.9447595E+000,-5.9999940E+001, 1.5000000E+001, 7.8097293E+002
 4.0000581E+002, 4.6037578E+002, 4.5942144E+002, 3.1129627E+002, 2.4843216E+002, 2.4867763E+002, 2.0701166E+002, 4.6037578E+002, 1.5637208E+002, 2.0615230E+002, 3.0231039E+002, 4.1745231E+002, 4.5339282E+002, 4.5375051E+002, 4.4069404E+002, 3.7875463E+002, 2.4834178E+002, 1.5661392E+002, 1.5650718E+002, 2.4786812E+002, 3.7803179E+002, 4.3993072E+002, 4.5310124E+002, 1.9756113E+001,-1.4339360E+001,-5.4770148E-001,-4.2772218E+000, 1.9208412E+001,-1.8616582E+001,-5.3161195E+001,-6.8388078E+000,-6.0000003E+001, 1.5000000E+001, 7.8142811E+002
 4.0102490E+002, 4.6039302E+002, 4.5944106E+002, 3.1130196E+002, 2.4843082E+002, 2.4869840E+002, 2.0701195E+002, 4.6039302E+002, 1.5636628E+002, 2.0615241E+002, 3.0230482E+002, 4.1746613E+002, 4.5343423E+002, 4.5372502E+002, 4.4067158E+002, 3.7872146E+002, 2.4835324E+002, 1.5661603E+002, 1.5649360E+002, 2.4788341E+002, 3.7803444E+002, 4.3995616E+002, 4.5312513E+002, 1.9724989E+001,-1.4341108E+001,-5.6756029E-001,-4.1880372E+000, 1.9157428E+001,-1.8529146E+001,-5.2610649E+001,-7.3894366E+000,-6.0000086E+001, 1.5000000E+001, 7.7911898E+002
 4.0202848E+002, 4.6042583E+002, 4.5947845E+002, 3.1131479E+002, 2.4843325E+002, 2.4869869E+002, 2.0700588E+002, 4.6042583E+002, 1.5636160E+002, 2.0616307E+002, 3.0230755E+002, 4.1746669E+002, 4.5346751E+002, 4.5372910E+002, 4.4064581E+002, 3.7869347E+002, 2.4836360E+002, 1.5661098E+002, 1.5648318E+002, 2.4790264E+002, 3.7806084E+002, 4.3997499E+002, 4.5315269E+002, 1.9688980E+001,-1.4343806E+001,-5.7935205E-001,-4.1120756E+000, 1.9109628E+001,-1.8455882E+001,-5.2562968E+001,-7.4369002E+000,-5.9999868E+001, 1.5000000E+001, 7.7890308E+002
 4.0303052E+002, 4.6045623E+002, 4.5950557E+002, 3.1131568E+002, 2.4843968E+002, 2.4869722E+002, 2.0700204E+002, 4.6045623E+002, 1.5635938E+002, 2.0617689E+002, 3.0233182E+002, 4.1749866E+002, 4.5351210E+002, 4.5372792E+002, 4.4062864E+002, 3.7869707E+002, 2.4837951E+002, 1.5660576E+002, 1.5647367E+002, 2.4793960E+002, 3.7810087E+002, 4.4000821E+002, 4.5318734E+002, 1.9704383E+001,-1.4346611E+001,-5.7270219E-001,-4.1862411E+000, 1.9131681E+001,-1.8532852E+001,-5.2858433E+001,-7.1415782E+000,-6.0000011E+001, 1.5000000E+001, 7.8016015E+002
 4.0402310E+002, 4.6046142E+002, 4.5950233E+002, 3.1131349E+002, 2.4845390E+002, 2.4870267E+002, 2.0700055E+002, 4.6046142E+002, 1.5634891E+002, 2.0618646E+002, 3.0235539E+002, 4.1752141E+002, 4.5353555E+002, 4.5371296E+002, 4.4062918E+002, 3.7873809E+002, 2.4841666E+002, 1.5661128E+002, 1.5646262E+002, 2.4796061E+002, 3.7813501E+002, 4.4001156E+002, 4.5321097E+002, 1.9763679E+001,-1.4346915E+001,-5.6964261E-001,-4.4677594E+000, 1.9194036E+001,-1.8814674E+001,-5.3098566E+001,-6.9013096E+000,-5.9999876E+001, 1.5000000E+001, 7.8117538E+002
 4.0502997E+002, 4.6048026E+002, 4.5953097E+002, 3.1131446E+002, 2.4846239E+002, 2.4871283E+002, 2.0699600E+002, 4.6048026E+002, 1.5634365E+002, 2.0619997E+002, 3.0238340E+002, 4.1754127E+002, 4.5357542E+002, 4.5373230E+002, 4.4065307E+002, 3.7876470E+002, 2.4844716E+002, 1.5661009E+002, 1.5646093E+002, 2.4799460E+002, 3.7815619E+002, 4.4002802E+002, 4.5325363E+002, 1.9692250E+001,-1.4347972E+001,-5.6457299E-001,-4.1383973E+000, 1.9127677E+001,-1.8486370E+001,-5.2616064E+001,-7.3839938E+000,-6.0000058E+001, 1.5000000E+001, 7.7913927E+002
 4.0600327E+002, 4.6050591E+002, 4.5955604E+002, 3.1130061E+002, 2.4847054E+002, 2.4871690E+002, 2.0699357E+002, 4.6050591E+002, 1.5634327E+002, 2.0622051E+002, 3.0242095E+002, 4.1755648E+002, 4.5357968E+002, 4.5373413E+002, 4.4063530E+002, 3.7878148E+002, 2.4847538E+002, 1.5660449E+002, 1.5645762E+002, 2.4800384E+002, 3.7813854E+002, 4.4001041E+002, 4.5324842E+002, 1.9717162E+001,-1.4350072E+001,-5.6775004E-001,-4.1313569E+000, 1.9149412E+001,-1.8481429E+001,-5.2817640E+001,-7.1824202E+000,-6.0000061E+001, 1.5000000E+001, 7.7999503E+002
 4.0702199E+002, 4.6053598E+002, 4.5958136E+002, 3.1129347E+002, 2.4847685E+002, 2.4871990E+002, 2.0699306E+002, 4.6053598E+002, 1.5634508E+002, 2.0624112E+002, 3.0245680E+002, 4.1760747E+002, 4.5362933E+002, 4.5369849E+002, 4.4060886E+002, 3.7879633E+002, 2.4849618E+002, 1.5659729E+002, 1.5644897E+002, 2.4801588E+002, 3.7812288E+002, 4.3996341E+002, 4.5322427E+002, 1.9784518E+001,-1.4352663E+001,-5.7110372E-001,-4.2599177E+000, 1.9213414E+001,-1.8612580E+001,-5.3128455E+001,-6.8714219E+000,-5.9999877E+001, 1.5000000E+001, 7.8131784E+002
 4.0800550E+002, 4.6054948E+002, 4.5959627E+002, 3.1129883E+002, 2.4848635E+002, 2.4872105E+002, 2.0699162E+002, 4.6054948E+002, 1.5634755E+002, 2.0626251E+002, 3.0250033E+002, 4.1766934E+002, 4.5367728E+002, 4.5367902E+002, 4.4060175E+002, 3.7881528E+002, 2.4852601E+002, 1.5659714E+002, 1.5644605E+002, 2.4802909E+002, 3.7813938E+002, 4.3993786E+002, 4.5320687E+002, 1.9724338E+001,-1.4353816E+001,-5.6830934E-001,-4.2536038E+000, 1.9156029E+001,-1.8607420E+001,-5.2908495E+001,-7.0914951E+000,-5.9999990E+001, 1.5000000E+001, 7.8038322E+002
 4.0900850E+002, 4.6057825E+002, 4.5962589E+002, 3.1129366E+002, 2.4852071E+002, 2.4872620E+002, 2.0698686E+002, 4.6057825E+002, 1.5634866E+002, 2.0628069E+002, 3.0253238E+002, 4.1769434E+002, 4.5370406E+002, 4.5367120E+002, 4.4059084E+002, 3.7883798E+002, 2.4856296E+002, 1.5659780E+002, 1.5644273E+002, 2.4803211E+002, 3.7812681E+002, 4.3992899E+002, 4.5323777E+002, 1.9749885E+001,-1.4356128E+001,-5.6585602E-001,-4.1866173E+000, 1.9184029E+001,-1.8542745E+001,-5.2797104E+001,-7.2029573E+000,-6.0000062E+001, 1.5000000E+001, 7.7993066E+002
 4.1002100E+002, 4.6057997E+002, 4.5961586E+002, 3.1129007E+002, 2.4855627E+002, 2.4873294E+002, 2.0698066E+002, 4.6057997E+002, 1.5634631E+002, 2.0629816E+002, 3.0256271E+002, 4.1773830E+002, 4.5369396E+002, 4.5368763E+002, 4.4060214E+002, 3.7886612E+002, 2.4859012E+002, 1.5659589E+002, 1.5643645E+002, 2.4802665E+002, 3.7811208E+002, 4.3990881E+002, 4.5324653E+002, 1.9780228E+001,-1.4356489E+001,-5.7223568E-001,-4.6656860E+000, 1.9207993E+001,-1.9022175E+001,-5.3079259E+001,-6.9205296E+000,-5.9999789E+001, 1.5000000E+001, 7.8111221E+002
 4.1101850E+002, 4.6056149E+002, 4.5959706E+002, 3.1129080E+002, 2.4860574E+002, 2.4873763E+002, 2.0697313E+002, 4.6056149E+002, 1.5634268E+002, 2.0632827E+002, 3.0259108E+002, 4.1777200E+002, 4.5367631E+002, 4.5370642E+002, 4.4060204E+002, 3.7886564E+002, 2.4861429E+002, 1.5659029E+002, 1.5642759E+002, 2.4802800E+002, 3.7809482E+002, 4.3991245E+002, 4.5329411E+002, 1.9740982E+001,-1.4354905E+001,-5.6494499E-001,-4.6751346E+000, 1.9176037E+001,-1.9030039E+001,-5.2729509E+001,-7.2706111E+000,-6.0000120E+001, 1.5000000E+001, 7.7964617E+002
 4.1202882E+002, 4.6054990E+002, 4.5959517E+002, 3.1128204E+002, 2.4865155E+002, 2.4873787E+002, 2.0697132E+002, 4.6054990E+002, 1.5634532E+002, 2.0633873E+002, 3.0261374E+002, 4.1777416E+002, 4.5366982E+002, 4.5374036E+002, 4.4061703E+002, 3.7888025E+002, 2.4862691E+002, 1.5658928E+002, 1.5641982E+002, 2.4804218E+002, 3.7807495E+002, 4.3988933E+002, 4.5329298E+002, 1.9728838E+001,-1.4354173E+001,-5.7168084E-001,-4.2966643E+000, 1.9157157E+001,-1.8650837E+001,-5.2775119E+001,-7.2249536E+000,-6.0000073E+001, 1.5000000E+001, 7.7983576E+002
 4.1302094E+002, 4.6056191E+002, 4.5960524E+002, 3.1127507E+002, 2.4868748E+002, 2.4873105E+002, 2.0698252E+002, 4.6056191E+002, 1.5634280E+002, 2.0633909E+002, 3.0264418E+002, 4.1780465E+002, 4.5369043E+002, 4.5374780E+002, 4.4060218E+002, 3.7885636E+002, 2.4861743E+002, 1.5658630E+002, 1.5641761E+002, 2.4806788E+002, 3.7807921E+002, 4.3984985E+002, 4.5324514E+002, 1.9767168E+001,-1.4354920E+001,-5.6439688E-001,-4.3576985E+000, 1.9202771E+001,-1.8712618E+001,-5.2853861E+001,-7.1460189E+000,-5.9999880E+001, 1.5000000E+001, 7.8016714E+002
 4.1400397E+002, 4.6054665E+002, 4.5957585E+002, 3.1128861E+002, 2.4874815E+002, 2.4873488E+002, 2.0698967E+002, 4.6054665E+002, 1.5633559E+002, 2.0634631E+002, 3.0268457E+002, 4.1785187E+002, 4.5368444E+002, 4.5371473E+002, 4.4057722E+002, 3.7884184E+002, 2.4861388E+002, 1.5658220E+002, 1.5641096E+002, 2.4807530E+002, 3.7806577E+002, 4.3984484E+002, 4.5322847E+002, 1.9740053E+001,-1.4354045E+001,-5.7097544E-001,-4.9221725E+000, 1.9169077E+001,-1.9276217E+001,-5.2664180E+001,-7.3360774E+000,-6.0000257E+001, 1.5000000E+001, 7.7937112E+002
 4.1500285E+002, 4.6053591E+002, 4.5958717E+002, 3.1128738E+002, 2.4877252E+002, 2.4875879E+002, 2.0700258E+002, 4.6053591E+002, 1.5633491E+002, 2.0636896E+002, 3.0274058E+002, 4.1790542E+002, 4.5369399E+002, 4.5371744E+002, 4.4056277E+002, 3.7883135E+002, 2.4861530E+002, 1.5657851E+002, 1.5640986E+002, 2.4810056E+002, 3.7806962E+002, 4.3981077E+002, 4.5319584E+002, 1.9733343E+001,-1.4353017E+001,-5.7136991E-001,-4.0835848E+000, 1.9161973E+001,-1.8436601E+001,-5.2951698E+001,-7.0481553E+000,-5.9999853E+001, 1.5000000E+001, 7.8057383E+002
 4.1602251E+002, 4.6056052E+002, 4.5960206E+002, 3.1129616E+002, 2.4879127E+002, 2.4880259E+002, 2.0700991E+002, 4.6056052E+002, 1.5634028E+002, 2.0640278E+002, 3.0277155E+002, 4.1796643E+002, 4.5370902E+002, 4.5366473E+002, 4.4052236E+002, 3.7883238E+002, 2.4862218E+002, 1.5657127E+002, 1.5640883E+002, 2.4811904E+002, 3.7807143E+002, 4.3978278E+002, 4.5315187E+002, 1.9738662E+001,-1.4354887E+001,-5.5884149E-001,-4.4478613E+000, 1.9179820E+001,-1.8802748E+001,-5.2974686E+001,-7.0253680E+000,-6.0000054E+001, 1.5000000E+001, 7.8067677E+002
 4.1702228E+002, 4.6055271E+002, 4.5959615E+002, 3.1131978E+002, 2.4880455E+002, 2.4882284E+002, 2.0701301E+002, 4.6055271E+002, 1.5634043E+002, 2.0641636E+002, 3.0278495E+002, 4.1802050E+002, 4.5371920E+002, 4.5365691E+002, 4.4053979E+002, 3.7883539E+002, 2.4862063E+002, 1.5656765E+002, 1.5641392E+002, 2.4813984E+002, 3.7809111E+002, 4.3976013E+002, 4.5310649E+002, 1.9770336E+001,-1.4354254E+001,-5.5457794E-001,-4.3281833E+000, 1.9215758E+001,-1.8682437E+001,-5.3192880E+001,-6.8069807E+000,-5.9999861E+001, 1.5000000E+001, 7.8159090E+002
 4.1800226E+002, 4.6057867E+002, 4.5962486E+002, 3.1133615E+002, 2.4882169E+002, 2.4883989E+002, 2.0701750E+002, 4.6057867E+002, 1.5634143E+002, 2.0643264E+002, 3.0281274E+002, 4.1805480E+002, 4.5373988E+002, 4.5368031E+002, 4.4054710E+002, 3.7882499E+002, 2.4862108E+002, 1.5657387E+002, 1.5641187E+002, 2.4817529E+002, 3.7812112E+002, 4.3977734E+002, 4.5309702E+002, 1.9706109E+001,-1.4355640E+001,-5.6054236E-001,-4.2887146E+000, 1.9145567E+001,-1.8644354E+001,-5.2799243E+001,-7.2009556E+000,-6.0000198E+001, 1.5000000E+001, 7.7994110E+002
 4.1903083E+002, 4.6057561E+002, 4.5961103E+002, 3.1134809E+002, 2.4882362E+002, 2.4886146E+002, 2.0702304E+002, 4.6057561E+002, 1.5634293E+002, 2.0644603E+002, 3.0283257E+002, 4.1805676E+002, 4.5371658E+002, 4.5364361E+002, 4.4052302E+002, 3.7883764E+002, 2.4864923E+002, 1.5657390E+002, 1.5640814E+002, 2.4821316E+002, 3.7813356E+002, 4.3974217E+002, 4.5304825E+002, 1.9744891E+001,-1.4356311E+001,-5.8051262E-001,-4.6864900E+000, 1.9164379E+001,-1.9042801E+001,-5.2894410E+001,-7.1055824E+000,-5.9999992E+001, 1.5000000E+001, 7.8034146E+002
 4.2002307E+002, 4.6055025E+002, 4.5959049E+002, 3.1137182E+002, 2.4882596E+002, 2.4886837E+002, 2.0702247E+002, 4.6055025E+002, 1.5633505E+002, 2.0645254E+002, 3.0282789E+002, 4.1802443E+002, 4.5368437E+002, 4.5363225E+002, 4.4055330E+002, 3.7885611E+002, 2.4864724E+002, 1.5657208E+002, 1.5640383E+002, 2.4823776E+002, 3.7818982E+002, 4.3973739E+002, 4.5302997E+002, 1.9719739E+001,-1.4354335E+001,-5.7160395E-001,-4.5378933E+000, 1.9148135E+001,-1.8892228E+001,-5.2877940E+001,-7.1219442E+000,-5.9999884E+001, 1.5000000E+001, 7.8026786E+002
 4.2102211E+002, 4.6052598E+002, 4.5956249E+002, 3.1136871E+002, 2.4884101E+002, 2.4886716E+002, 2.0702039E+002, 4.6052598E+002, 1.5632601E+002, 2.0645522E+002, 3.0283674E+002, 4.1802202E+002, 4.5363884E+002, 4.5364109E+002, 4.4052483E+002, 3.7883532E+002, 2.4863465E+002, 1.5656986E+002, 1.5640037E+002, 2.4825292E+002, 3.7822295E+002, 4.3975879E+002, 4.5302230E+002, 1.9709349E+001,-1.4352297E+001,-5.7467963E-001,-4.6813375E+000, 1.9134670E+001,-1.9033635E+001,-5.2754305E+001,-7.2457477E+000,-6.0000052E+001, 1.5000000E+001, 7.7974858E+002
 4.2202178E+002, 4.6051260E+002, 4.5955944E+002, 3.1135528E+002, 2.4885174E+002, 2.4886378E+002, 2.0701434E+002, 4.6051260E+002, 1.5631573E+002, 2.0645449E+002, 3.0284820E+002, 4.1802794E+002, 4.5362712E+002, 4.5363959E+002, 4.4050389E+002, 3.7884636E+002, 2.4863736E+002, 1.5655801E+002, 1.5639011E+002, 2.4825886E+002, 3.7822007E+002, 4.3976794E+002, 4.5303379E+002, 1.9730901E+001,-1.4350774E+001,-5.9260805E-001,-4.2580816E+000, 1.9138293E+001,-1.8608856E+001,-5.2869615E+001,-7.1303502E+000,-5.9999966E+001, 1.5000000E+001, 7.8023642E+002
 4.2301955E+002, 4.6052721E+002, 4.5957115E+002, 3.1134472E+002, 2.4885640E+002, 2.4886622E+002, 2.0701659E+002, 4.6052721E+002, 1.5630414E+002, 2.0644259E+002, 3.0284602E+002, 4.1803737E+002, 4.5367105E+002, 4.5359207E+002, 4.4046979E+002, 3.7884045E+002, 2.4863987E+002, 1.5655267E+002, 1.5637910E+002, 2.4826010E+002, 3.7821207E+002, 4.3976002E+002, 4.5303529E+002, 1.9698142E+001,-1.4352148E+001,-5.8740274E-001,-4.4166267E+000, 1.9110739E+001,-1.8768775E+001,-5.2570404E+001,-7.4296518E+000,-6.0000056E+001, 1.5000000E+001, 7.7897484E+002
 4.2402017E+002, 4.6052343E+002, 4.5956556E+002, 3.1135594E+002, 2.4886866E+002, 2.4888771E+002, 2.0702370E+002, 4.6052343E+002, 1.5629812E+002, 2.0644879E+002, 3.0285886E+002, 4.1807262E+002, 4.5368145E+002, 4.5356882E+002, 4.4046539E+002, 3.7882566E+002, 2.4864411E+002, 1.5655214E+002, 1.5637600E+002, 2.4827118E+002, 3.7822050E+002, 4.3974576E+002, 4.5300213E+002, 1.9699018E+001,-1.4352114E+001,-5.7367955E-001,-4.4919474E+000, 1.9125338E+001,-1.8844061E+001,-5.2717245E+001,-7.2827116E+000,-5.9999957E+001, 1.5000000E+001, 7.7959183E+002
 4.2502079E+002, 4.6050187E+002, 4.5953828E+002, 3.1135238E+002, 2.4887732E+002, 2.4890853E+002, 2.0703600E+002, 4.6050187E+002, 1.5629982E+002, 2.0646948E+002, 3.0289135E+002, 4.1809637E+002, 4.5363960E+002, 4.5353614E+002, 4.4044220E+002, 3.7882748E+002, 2.4865804E+002, 1.5654808E+002, 1.5638217E+002, 2.4829337E+002, 3.7823571E+002, 4.3972754E+002, 4.5297135E+002, 1.9676448E+001,-1.4350713E+001,-5.8874215E-001,-4.7408846E+000, 1.9087705E+001,-1.9091598E+001,-5.2516886E+001,-7.4832397E+000,-6.0000125E+001, 1.5000000E+001, 7.7875427E+002
 4.2602141E+002, 4.6045814E+002, 4.5949685E+002, 3.1134540E+002, 2.4887539E+002, 2.4892945E+002, 2.0705424E+002, 4.6045814E+002, 1.5630163E+002, 2.0650108E+002, 3.0294935E+002, 4.1810577E+002, 4.5361051E+002, 4.5348077E+002, 4.4040502E+002, 3.7884154E+002, 2.4866517E+002, 1.5654584E+002, 1.5638141E+002, 2.4831874E+002, 3.7824992E+002, 4.3969954E+002, 4.5294871E+002, 1.9696381E+001,-1.4347676E+001,-5.7193225E-001,-4.6201514E+000, 1.9124449E+001,-1.8967828E+001,-5.2608426E+001,-7.3914662E+000,-5.9999892E+001, 1.5000000E+001, 7.7912408E+002
 4.2702203E+002, 4.6044910E+002, 4.5949167E+002, 3.1133853E+002, 2.4887037E+002, 2.4893824E+002, 2.0705925E+002, 4.6044910E+002, 1.5630079E+002, 2.0653381E+002, 3.0296685E+002, 4.1813555E+002, 4.5364569E+002, 4.5347541E+002, 4.4040003E+002, 3.7885136E+002, 2.4867049E+002, 1.5653390E+002, 1.5636948E+002, 2.4835046E+002, 3.7826942E+002, 4.3970926E+002, 4.5296055E+002, 1.9715505E+001,-1.4346146E+001,-5.7152076E-001,-4.4343435E+000, 1.9143984E+001,-1.8780490E+001,-5.2803721E+001,-7.1962786E+000,-6.0000000E+001, 1.5000000E+001, 7.7995892E+002
 4.2802265E+002, 4.6045059E+002, 4.5949186E+002, 3.1134261E+002, 2.4886294E+002, 2.4893317E+002, 2.0707320E+002, 4.6045059E+002, 1.5629622E+002, 2.0655575E+002, 3.0299470E+002, 4.1814934E+002, 4.5367767E+002, 4.5349703E+002, 4.4041929E+002, 3.7884763E+002, 2.4866410E+002, 1.5652405E+002, 1.5636526E+002, 2.4836531E+002, 3.7828435E+002, 4.3974040E+002, 4.5297046E+002, 1.9768466E+001,-1.4346106E+001,-5.7219421E-001,-4.4521652E+000, 1.9196272E+001,-1.8798272E+001,-5.2849226E+001,-7.1506301E+000,-5.9999856E+001, 1.5000000E+001, 7.8015715E+002
 4.2901400E+002, 4.6045436E+002, 4.5949365E+002, 3.1135575E+002, 2.4886825E+002, 2.4893886E+002, 2.0707444E+002, 4.6045436E+002, 1.5629931E+002, 2.0659154E+002, 3.0305057E+002, 4.1815761E+002, 4.5368050E+002, 4.5353710E+002, 4.4046688E+002, 3.7885966E+002, 2.4867958E+002, 1.5651637E+002, 1.5635754E+002, 2.4836528E+002, 3.7827758E+002, 4.3974637E+002, 4.5296151E+002, 1.9746605E+001,-1.4345997E+001,-5.7345604E-001,-4.5507081E+000, 1.9173149E+001,-1.8896705E+001,-5.2739896E+001,-7.2601907E+000,-6.0000087E+001, 1.5000000E+001, 7.7970579E+002
 4.3001849E+002, 4.6043077E+002, 4.5947384E+002, 3.1136463E+002, 2.4886818E+002, 2.4897229E+002, 2.0707227E+002, 4.6043077E+002, 1.5630049E+002, 2.0661433E+002, 3.0306571E+002, 4.1817297E+002, 4.5366271E+002, 4.5357132E+002, 4.4051111E+002, 3.7887889E+002, 2.4870601E+002, 1.5651432E+002, 1.5634248E+002, 2.4835278E+002, 3.7825867E+002, 4.3974000E+002, 4.5294656E+002, 1.9665325E+001,-1.4344761E+001,-5.7169441E-001,-4.4478314E+000, 1.9093631E+001,-1.8792593E+001,-5.2369749E+001,-7.6303518E+000,-6.0000101E+001, 1.5000000E+001, 7.7812716E+002
 4.3100883E+002, 4.6043818E+002, 4.5948943E+002, 3.1138547E+002, 2.4887260E+002, 2.4898922E+002, 2.0707381E+002, 4.6043818E+002, 1.5629494E+002, 2.0662835E+002, 3.0306481E+002, 4.1815211E+002, 4.5367647E+002, 4.5361602E+002, 4.4057464E+002, 3.7888731E+002, 2.4872293E+002, 1.5651104E+002, 1.5633275E+002, 2.4835509E+002, 3.7824606E+002, 4.3974110E+002, 4.5293952E+002, 1.9687100E+001,-1.4345129E+001,-6.0957049E-001,-4.1625506E+000, 1.9077530E+001,-1.8507679E+001,-5.2382443E+001,-7.6175236E+000,-5.9999967E+001, 1.5000000E+001, 7.7818517E+002
 4.3202703E+002, 4.6045913E+002, 4.5950768E+002, 3.1142496E+002, 2.4888257E+002, 2.4899422E+002, 2.0707536E+002, 4.6045913E+002, 1.5629598E+002, 2.0665186E+002, 3.0306883E+002, 4.1812720E+002, 4.5368153E+002, 4.5368840E+002, 4.4066377E+002, 3.7893601E+002, 2.4873667E+002, 1.5650313E+002, 1.5632770E+002, 2.4837582E+002, 3.7826011E+002, 4.3978297E+002, 4.5296865E+002, 1.9690572E+001,-1.4346810E+001,-5.9526640E-001,-4.2799876E+000, 1.9095305E+001,-1.8626797E+001,-5.2354600E+001,-7.6452136E+000,-5.9999814E+001, 1.5000000E+001, 7.7807009E+002
 4.3301462E+002, 4.6047724E+002, 4.5953051E+002, 3.1146378E+002, 2.4888413E+002, 2.4900031E+002, 2.0707186E+002, 4.6047724E+002, 1.5630730E+002, 2.0667135E+002, 3.0308467E+002, 4.1810011E+002, 4.5366796E+002, 4.5373505E+002, 4.4071409E+002, 3.7901624E+002, 2.4880099E+002, 1.5650629E+002, 1.5631950E+002, 2.4838042E+002, 3.7828145E+002, 4.3980019E+002, 4.5298986E+002, 1.9641054E+001,-1.4348903E+001,-5.8772642E-001,-4.0997781E+000, 1.9053327E+001,-1.8448681E+001,-5.2186213E+001,-7.8139551E+000,-6.0000168E+001, 1.5000000E+001, 7.7735465E+002
 4.3403133E+002, 4.6048007E+002, 4.5952103E+002, 3.1146610E+002, 2.4888244E+002, 2.4901606E+002, 2.0706689E+002, 4.6048007E+002, 1.5630806E+002, 2.0667397E+002, 3.0309616E+002, 4.1807785E+002, 4.5363309E+002, 4.5377804E+002, 4.4078315E+002, 3.7911069E+002, 2.4882759E+002, 1.5651214E+002, 1.5631526E+002, 2.4838806E+002, 3.7827232E+002, 4.3982613E+002, 4.5301383E+002, 1.9734830E+001,-1.4348879E+001,-5.9898350E-001,-4.5329984E+000, 1.9135847E+001,-1.8881878E+001,-5.2839330E+001,-7.1604888E+000,-5.9999819E+001, 1.5000000E+001, 7.8012431E+002
 4.3502242E+002, 4.6046508E+002, 4.5950294E+002, 3.1146716E+002, 2.4889830E+002, 2.4904145E+002, 2.0705632E+002, 4.6046508E+002, 1.5630714E+002, 2.0668005E+002, 3.0308820E+002, 4.1804597E+002, 4.5360436E+002, 4.5382325E+002, 4.4084099E+002, 3.7915067E+002, 2.4881912E+002, 1.5649888E+002, 1.5631446E+002, 2.4840261E+002, 3.7828185E+002, 4.3982893E+002, 4.5301442E+002, 1.9725139E+001,-1.4347495E+001,-5.8106947E-001,-4.6208109E+000, 1.9144070E+001,-1.8968306E+001,-5.2489168E+001,-7.5108219E+000,-5.9999990E+001, 1.5000000E+001, 7.7865147E+002
 4.3603476E+002, 4.6046778E+002, 4.5951309E+002, 3.1147067E+002, 2.4889680E+002, 2.4904077E+002, 2.0705141E+002, 4.6046778E+002, 1.5630649E+002, 2.0669873E+002, 3.0310821E+002, 4.1801882E+002, 4.5357768E+002, 4.5383141E+002, 4.4084132E+002, 3.7914624E+002, 2.4882393E+002, 1.5648336E+002, 1.5630788E+002, 2.4840646E+002, 3.7829155E+002, 4.3985410E+002, 4.5302764E+002, 1.9733934E+001,-1.4347618E+001,-5.6825198E-001,-4.3222243E+000, 1.9165682E+001,-1.8669843E+001,-5.2522616E+001,-7.4773116E+000,-5.9999927E+001, 1.5000000E+001, 7.7879792E+002
 4.3701109E+002, 4.6047497E+002, 4.5952495E+002, 3.1150616E+002, 2.4889914E+002, 2.4904339E+002, 2.0705221E+002, 4.6047497E+002, 1.5630624E+002, 2.0672373E+002, 3.0313058E+002, 4.1801931E+002, 4.5355800E+002, 4.5385079E+002, 4.4084249E+002, 3.7914135E+002, 2.4882076E+002, 1.5646901E+002, 1.5630429E+002, 2.4841475E+002, 3.7830345E+002, 4.3989920E+002, 4.5306325E+002, 1.9657930E+001,-1.4348095E+001,-5.7130540E-001,-4.1624848E+000, 1.9086625E+001,-1.8510580E+001,-5.2128412E+001,-7.8718926E+000,-6.0000304E+001, 1.5000000E+001, 7.7712335E+002
 4.3802253E+002, 4.6049939E+002, 4.5955213E+002, 3.1151943E+002, 2.4890901E+002, 2.4904735E+002, 2.0704888E+002, 4.6049939E+002, 1.5630186E+002, 2.0675218E+002, 3.0314874E+002, 4.1807129E+002, 4.5357264E+002, 4.5384385E+002, 4.4083219E+002, 3.7911888E+002, 2.4882351E+002, 1.5645518E+002, 1.5631022E+002, 2.4843226E+002, 3.7830851E+002, 4.3993446E+002, 4.5310178E+002, 1.9647848E+001,-1.4349867E+001,-5.9606513E-001,-4.1339403E+000, 1.9051783E+001,-1.8483807E+001,-5.2206341E+001,-7.7936215E+000,-5.9999963E+001, 1.5000000E+001, 7.7744810E+002
 4.3901791E+002, 4.6052937E+002, 4.5958144E+002, 3.1150662E+002, 2.4890268E+002, 2.4906263E+002, 2.0705556E+002, 4.6052937E+002, 1.5630190E+002, 2.0676773E+002, 3.0316829E+002, 4.1811975E+002, 4.5358645E+002, 4.5382366E+002, 4.4082240E+002, 3.7913111E+002, 2.4884815E+002, 1.5645754E+002, 1.5631798E+002, 2.4844664E+002, 3.7831908E+002, 4.3995165E+002, 4.5312634E+002, 1.9726713E+001,-1.4352319E+001,-5.8703843E-001,-4.0957993E+000, 1.9139675E+001,-1.8448118E+001,-5.2719409E+001,-7.2804014E+000,-5.9999811E+001, 1.5000000E+001, 7.7962460E+002
 4.4000676E+002, 4.6054927E+002, 4.5959817E+002, 3.1149989E+002, 2.4890140E+002, 2.4906852E+002, 2.0706198E+002, 4.6054927E+002, 1.5629856E+002, 2.0677811E+002, 3.0320222E+002, 4.1817007E+002, 4.5361117E+002, 4.5379906E+002, 4.4079690E+002, 3.7914672E+002, 2.4885944E+002, 1.5645370E+002, 1.5632687E+002, 2.4848103E+002, 3.7835053E+002, 4.3998348E+002, 4.5313553E+002, 1.9677820E+001,-1.4353925E+001,-5.7937563E-001,-4.2209499E+000, 1.9098444E+001,-1.8574874E+001,-5.2792178E+001,-7.2078602E+000,-6.0000038E+001, 1.5000000E+001, 7.7992799E+002
 4.4101958E+002, 4.6056434E+002, 4.5961283E+002, 3.1148645E+002, 2.4890231E+002, 2.4906633E+002, 2.0706043E+002, 4.6056434E+002, 1.5629827E+002, 2.0678330E+002, 3.0324261E+002, 4.1821250E+002, 4.5366968E+002, 4.5376890E+002, 4.4077455E+002, 3.7915044E+002, 2.4886824E+002, 1.5644579E+002, 1.5633336E+002, 2.4851738E+002, 3.7837583E+002, 4.3997456E+002, 4.5311181E+002, 1.9668953E+001,-1.4355217E+001,-5.8429767E-001,-4.2512253E+000, 1.9084655E+001,-1.8606443E+001,-5.2527678E+001,-7.4723479E+000,-6.0000026E+001, 1.5000000E+001, 7.7881533E+002
 4.4201517E+002, 4.6058035E+002, 4.5962997E+002, 3.1146759E+002, 2.4889393E+002, 2.4906123E+002, 2.0705654E+002, 4.6058035E+002, 1.5629134E+002, 2.0678722E+002, 3.0324612E+002, 4.1821617E+002, 4.5371047E+002, 4.5376605E+002, 4.4075243E+002, 3.7914031E+002, 2.4886473E+002, 1.5643978E+002, 1.5633449E+002, 2.4853425E+002, 3.7841758E+002, 4.3996060E+002, 4.5310797E+002, 1.9710160E+001,-1.4356282E+001,-5.8949365E-001,-4.1890298E+000, 1.9120666E+001,-1.8545311E+001,-5.2822288E+001,-7.1775402E+000,-5.9999828E+001, 1.5000000E+001, 7.8005897E+002
 4.4302163E+002, 4.6061440E+002, 4.5966247E+002, 3.1145585E+002, 2.4889029E+002, 2.4906407E+002, 2.0706112E+002, 4.6061440E+002, 1.5628092E+002, 2.0678236E+002, 3.0325902E+002, 4.1820798E+002, 4.5373613E+002, 4.5375187E+002, 4.4070708E+002, 3.7911960E+002, 2.4887187E+002, 1.5644629E+002, 1.5633573E+002, 2.4854798E+002, 3.7843193E+002, 4.3994661E+002, 4.5310815E+002, 1.9762650E+001,-1.4358694E+001,-5.8198849E-001,-4.1881835E+000, 1.9180661E+001,-1.8546878E+001,-5.2927005E+001,-7.0730046E+000,-6.0000010E+001, 1.5000000E+001, 7.8051591E+002
 4.4403231E+002, 4.6063771E+002, 4.5968429E+002, 3.1145513E+002, 2.4889315E+002, 2.4906219E+002, 2.0706016E+002, 4.6063771E+002, 1.5628154E+002, 2.0679920E+002, 3.0328959E+002, 4.1821631E+002, 4.5377147E+002, 4.5375341E+002, 4.4072860E+002, 3.7911800E+002, 2.4888384E+002, 1.5643370E+002, 1.5633787E+002, 2.4858030E+002, 3.7847150E+002, 4.3998127E+002, 4.5316644E+002, 1.9749729E+001,-1.4360639E+001,-5.7499387E-001,-4.2369633E+000, 1.9174735E+001,-1.8597602E+001,-5.2899827E+001,-7.1000958E+000,-5.9999923E+001, 1.5000000E+001, 7.8040394E+002
 4.4500256E+002, 4.6065747E+002, 4.5970727E+002, 3.1145796E+002, 2.4889180E+002, 2.4907110E+002, 2.0705898E+002, 4.6065747E+002, 1.5628721E+002, 2.0680828E+002, 3.0329085E+002, 4.1820797E+002, 4.5377738E+002, 4.5377738E+002, 4.4075566E+002, 3.7912392E+002, 2.4888110E+002, 1.5642284E+002, 1.5633395E+002, 2.4861527E+002, 3.7850612E+002, 4.4002240E+002, 4.5320601E+002, 1.9693585E+001,-1.4362221E+001,-5.7527878E-001,-4.1440209E+000, 1.9118307E+001,-1.8506242E+001,-5.2542243E+001,-7.4579159E+000,-6.0000159E+001, 1.5000000E+001, 7.7889397E+002
 4.4600330E+002, 4.6065862E+002, 4.5969374E+002, 3.1145862E+002, 2.4888905E+002, 2.4907613E+002, 2.0706774E+002, 4.6065862E+002, 1.5629167E+002, 2.0681042E+002, 3.0328321E+002, 4.1817492E+002, 4.5373311E+002, 4.5380451E+002, 4.4076239E+002, 3.7910968E+002, 2.4887583E+002, 1.5641400E+002, 1.5633210E+002, 2.4863832E+002, 3.7852607E+002, 4.4002169E+002, 4.5318450E+002, 1.9701697E+001,-1.4362658E+001,-5.7488954E-001,-4.7508715E+000, 1.9126808E+001,-1.9113529E+001,-5.2697332E+001,-7.3026934E+000,-6.0000026E+001, 1.5000000E+001, 7.7954475E+002
 4.4703099E+002, 4.6062307E+002, 4.5966355E+002, 3.1146610E+002, 2.4888510E+002, 2.4908376E+002, 2.0707433E+002, 4.6062307E+002, 1.5629220E+002, 2.0680617E+002, 3.0326061E+002, 4.1813938E+002, 4.5370083E+002, 4.5382210E+002, 4.4077149E+002, 3.7909929E+002, 2.4886766E+002, 1.5641019E+002, 1.5633014E+002, 2.4865907E+002, 3.7854338E+002, 4.4005377E+002, 4.5320549E+002, 1.9753172E+001,-1.4360034E+001,-5.9044597E-001,-4.4833951E+000, 1.9162726E+001,-1.8843429E+001,-5.3042851E+001,-6.9569734E+000,-5.9999824E+001, 1.5000000E+001, 7.8099835E+002
 4.4801164E+002, 4.6064899E+002, 4.5970291E+002, 3.1146971E+002, 2.4888444E+002, 2.4908883E+002, 2.0707621E+002, 4.6064899E+002, 1.5628847E+002, 2.0680493E+002, 3.0325321E+002, 4.1813684E+002, 4.5371513E+002, 4.5381536E+002, 4.4074411E+002, 3.7908341E+002, 2.4885410E+002, 1.5640149E+002, 1.5632954E+002, 2.4868554E+002, 3.7855787E+002, 4.4007718E+002, 4.5324627E+002, 1.9695393E+001,-1.4361613E+001,-5.6367716E-001,-3.9913017E+000, 1.9131716E+001,-1.8352915E+001,-5.2828726E+001,-7.1714788E+000,-6.0000205E+001, 1.5000000E+001, 7.8009831E+002
 4.4901773E+002, 4.6067973E+002, 4.5972600E+002, 3.1148581E+002, 2.4888351E+002, 2.4909846E+002, 2.0708744E+002, 4.6067973E+002, 1.5628899E+002, 2.0681516E+002, 3.0327106E+002, 4.1819616E+002, 4.5375551E+002, 4.5378356E+002, 4.4069018E+002, 3.7904785E+002, 2.4884018E+002, 1.5639403E+002, 1.5633029E+002, 2.4870019E+002, 3.7856374E+002, 4.4009544E+002, 4.5328879E+002, 1.9742229E+001,-1.4364028E+001,-5.8611761E-001,-4.2490559E+000, 1.9156111E+001,-1.8613084E+001,-5.2773640E+001,-7.2262995E+000,-5.9999939E+001, 1.5000000E+001, 7.7988049E+002
 4.5002919E+002, 4.6070589E+002, 4.5975583E+002, 3.1151573E+002, 2.4889299E+002, 2.4911152E+002, 2.0708222E+002, 4.6070589E+002, 1.5628832E+002, 2.0682236E+002, 3.0327968E+002, 4.1824859E+002, 4.5378403E+002, 4.5377365E+002, 4.4066992E+002, 3.7901771E+002, 2.4884123E+002, 1.5638765E+002, 1.5632909E+002, 2.4869530E+002, 3.7855772E+002, 4.4015397E+002, 4.5334297E+002, 1.9746719E+001,-1.4366414E+001,-5.8040925E-001,-4.1337219E+000, 1.9166309E+001,-1.8500136E+001,-5.2881247E+001,-7.1186033E+000,-5.9999850E+001, 1.5000000E+001, 7.8033073E+002
 4.5102561E+002, 4.6070687E+002, 4.5974080E+002, 3.1155348E+002, 2.4889837E+002, 2.4911298E+002, 2.0707889E+002, 4.6070687E+002, 1.5629567E+002, 2.0683448E+002, 3.0329276E+002, 4.1829484E+002, 4.5380878E+002, 4.5376310E+002, 4.4066851E+002, 3.7899456E+002, 2.4884271E+002, 1.5637796E+002, 1.5631988E+002, 2.4868720E+002, 3.7856660E+002, 4.4021467E+002, 4.5341057E+002, 1.9742782E+001,-1.4366504E+001,-5.6675786E-001,-4.7040462E+000, 1.9176024E+001,-1.9070550E+001,-5.2727105E+001,-7.2729471E+000,-6.0000052E+001, 1.5000000E+001, 7.7969573E+002
 4.5202736E+002, 4.6068263E+002, 4.5972199E+002, 3.1156005E+002, 2.4891075E+002, 2.4911950E+002, 2.0708735E+002, 4.6068263E+002, 1.5628948E+002, 2.0683478E+002, 3.0329100E+002, 4.1830175E+002, 4.5382482E+002, 4.5377391E+002, 4.4068668E+002, 3.7898726E+002, 2.4884508E+002, 1.5636631E+002, 1.5631118E+002, 2.4868058E+002, 3.7859086E+002, 4.4025349E+002, 4.5346367E+002, 1.9706491E+001,-1.4365191E+001,-5.7735153E-001,-4.5479458E+000, 1.9129139E+001,-1.8913137E+001,-5.2794603E+001,-7.2053685E+000,-5.9999971E+001, 1.5000000E+001, 7.7996759E+002
 4.5301942E+002, 4.6069411E+002, 4.5974356E+002, 3.1159582E+002, 2.4891893E+002, 2.4911718E+002, 2.0709382E+002, 4.6069411E+002, 1.5628995E+002, 2.0685676E+002, 3.0332511E+002, 4.1835882E+002, 4.5384845E+002, 4.5376769E+002, 4.4066050E+002, 3.7898066E+002, 2.4884947E+002, 1.5635681E+002, 1.5630852E+002, 2.4869433E+002, 3.7860738E+002, 4.4022712E+002, 4.5346196E+002, 1.9762559E+001,-1.4365381E+001,-5.8073462E-001,-4.0932696E+000, 1.9181824E+001,-1.8458650E+001,-5.2944712E+001,-7.0552192E+000,-5.9999932E+001, 1.5000000E+001, 7.8060721E+002
 4.5402415E+002, 4.6071865E+002, 4.5976375E+002, 3.1162878E+002, 2.4891992E+002, 2.4911923E+002, 2.0709157E+002, 4.6071865E+002, 1.5629549E+002, 2.0687964E+002, 3.0333889E+002, 4.1840496E+002, 4.5388623E+002, 4.5373004E+002, 4.4062897E+002, 3.7896968E+002, 2.4883555E+002, 1.5635126E+002, 1.5630612E+002, 2.4873950E+002, 3.7863252E+002, 4.4022521E+002, 4.5346217E+002, 1.9740049E+001,-1.4367410E+001,-5.8027312E-001,-4.2859193E+000, 1.9159776E+001,-1.8653329E+001,-5.2890666E+001,-7.1094010E+000,-6.0000067E+001, 1.5000000E+001, 7.8037944E+002
 4.5500331E+002, 4.6073644E+002, 4.5978467E+002, 3.1164200E+002, 2.4892868E+002, 2.4912421E+002, 2.0708454E+002, 4.6073644E+002, 1.5628995E+002, 2.0689324E+002, 3.0334373E+002, 4.1840135E+002, 4.5390804E+002, 4.5369758E+002, 4.4059616E+002, 3.7895951E+002, 2.4882843E+002, 1.5634968E+002, 1.5631351E+002, 2.4878572E+002, 3.7866667E+002, 4.4019799E+002, 4.5343051E+002, 1.9726288E+001,-1.4369200E+001,-5.8455666E-001,-4.1977845E+000, 1.9141731E+001,-1.8566984E+001,-5.2866114E+001,-7.1338306E+000,-5.9999945E+001, 1.5000000E+001, 7.8027186E+002
 4.5602195E+002, 4.6073799E+002, 4.5977655E+002, 3.1163349E+002, 2.4892624E+002, 2.4913146E+002, 2.0708254E+002, 4.6073799E+002, 1.5628108E+002, 2.0688864E+002, 3.0333163E+002, 4.1837872E+002, 4.5390562E+002, 4.5366847E+002, 4.4059491E+002, 3.7895906E+002, 2.4882759E+002, 1.5634325E+002, 1.5631366E+002, 2.4881969E+002, 3.7870408E+002, 4.4023141E+002, 4.5347020E+002, 1.9694432E+001,-1.4369564E+001,-5.8670222E-001,-4.6237775E+000, 1.9107730E+001,-1.8993341E+001,-5.2701571E+001,-7.2984318E+000,-6.0000003E+001, 1.5000000E+001, 7.7957154E+002
 4.5700261E+002, 4.6070391E+002, 4.5974304E+002, 3.1162286E+002, 2.4892493E+002, 2.4913047E+002, 2.0707845E+002, 4.6070391E+002, 1.5627407E+002, 2.0690250E+002, 3.0335651E+002, 4.1841644E+002, 4.5389384E+002, 4.5366017E+002, 4.4058986E+002, 3.7893057E+002, 2.4881872E+002, 1.5633251E+002, 1.5630932E+002, 2.4883214E+002, 3.7871852E+002, 4.4028671E+002, 4.5352855E+002, 1.9658027E+001,-1.4366937E+001,-5.8721816E-001,-4.5929540E+000, 1.9070809E+001,-1.8959891E+001,-5.2367632E+001,-7.6325791E+000,-6.0000211E+001, 1.5000000E+001, 7.7816539E+002
 4.5801889E+002, 4.6068504E+002, 4.5972787E+002, 3.1161721E+002, 2.4894132E+002, 2.4913466E+002, 2.0708070E+002, 4.6068504E+002, 1.5627211E+002, 2.0690620E+002, 3.0340606E+002, 4.1845520E+002, 4.5389954E+002, 4.5362889E+002, 4.4058692E+002, 3.7892906E+002, 2.4883249E+002, 1.5632941E+002, 1.5630758E+002, 2.4885801E+002, 3.7874922E+002, 4.4034808E+002, 4.5357048E+002, 1.9701434E+001,-1.4365459E+001,-6.0346522E-001,-4.4464650E+000, 1.9097969E+001,-1.8811924E+001,-5.2337958E+001,-7.6619257E+000,-5.9999884E+001, 1.5000000E+001, 7.7804525E+002
 4.5902490E+002, 4.6066543E+002, 4.5969996E+002, 3.1163791E+002, 2.4895761E+002, 2.4913635E+002, 2.0707805E+002, 4.6066543E+002, 1.5626492E+002, 2.0689706E+002, 3.0343805E+002, 4.1846671E+002, 4.5392549E+002, 4.5359182E+002, 4.4059053E+002, 3.7893170E+002, 2.4883003E+002, 1.5632398E+002, 1.5630422E+002, 2.4887208E+002, 3.7879365E+002, 4.4041288E+002, 4.5361059E+002, 1.9711095E+001,-1.4363597E+001,-5.8786851E-001,-4.7794584E+000, 1.9123226E+001,-1.9143056E+001,-5.2510092E+001,-7.4898707E+000,-5.9999962E+001, 1.5000000E+001, 7.7876976E+002
 4.6001416E+002, 4.6063869E+002, 4.5968357E+002, 3.1164394E+002, 2.4895552E+002, 2.4913203E+002, 2.0707701E+002, 4.6063869E+002, 1.5626018E+002, 2.0688909E+002, 3.0341523E+002, 4.1842341E+002, 4.5390734E+002, 4.5356473E+002, 4.4057605E+002, 3.7891728E+002, 2.4883213E+002, 1.5631955E+002, 1.5630055E+002, 2.4888204E+002, 3.7882951E+002, 4.4048575E+002, 4.5363425E+002, 1.9778448E+001,-1.4361519E+001,-5.7650682E-001,-4.2565438E+000, 1.9201942E+001,-1.8618062E+001,-5.2885665E+001,-7.1142121E+000,-5.9999877E+001, 1.5000000E+001, 7.8036885E+002
 4.6101278E+002, 4.6039108E+002, 4.5958484E+002, 3.1149585E+002, 2.4886611E+002, 2.4903611E+002, 2.0701796E+002, 4.6039108E+002, 1.5623472E+002, 2.0686079E+002, 3.0334446E+002, 4.1825645E+002, 4.5375622E+002, 4.5344377E+002, 4.4043516E+002, 3.7882577E+002, 2.4879934E+002, 1.5629679E+002, 1.5627310E+002, 2.4884360E+002, 3.7878693E+002, 4.4040388E+002, 4.5352675E+002, 9.7983676E+000,-1.4357199E+001,-5.6791322E-001,-4.3480615E+000, 9.2304543E+000,-1.8705260E+001,-2.3125849E+001,-4.9816098E+000,-2.8107459E+001, 1.5000000E+001, 5.9655197E+002
 4.6200032E+002, 4.1625067E+002, 3.9268698E+002, 2.9035490E+002, 2.3382214E+002, 2.3431703E+002, 1.9575187E+002, 4.1625067E+002, 1.4962010E+002, 1.9178252E+002, 2.7067502E+002, 3.6027905E+002, 3.8758482E+002, 3.8742907E+002, 3.7773448E+002, 3.3127027E+002, 2.2939546E+002, 1.5120494E+002, 1.5020548E+002, 2.2863437E+002, 3.3382797E+002, 3.7724338E+002, 3.8854268E+002,-8.7760382E+000,-1.0056372E+001,-1.2633537E+000,-1.0925813E+001,-1.0039392E+001,-2.0982185E+001, 1.0035011E+000,-1.0213408E+000,-1.7839693E-002, 1.5000000E+001, 1.9433734E+002
 4.6300039E+002, 2.9081288E+002, 2.7118009E+002, 2.2866787E+002, 1.8749225E+002, 1.8990844E+002, 1.6459946E+002, 2.9081288E+002, 1.3451579E+002, 1.6039001E+002, 2.0867253E+002, 2.5407385E+002, 2.6811702E+002, 2.6805344E+002, 2.6385382E+002, 2.4206074E+002, 1.8685880E+002, 1.3696807E+002, 1.3487188E+002, 1.8358029E+002, 2.4608772E+002, 2.6355610E+002, 2.6954672E+002,-4.4297748E+000,-4.3967863E+000,-6.5485369E-001,-9.0856874E+000,-5.0846285E+000,-1.3482474E+001, 3.7519604E-002,-3.7529344E-002,-9.7407872E-006, 1.5000000E+001, 6.6403059E+001
 4.6400057E+002, 1.9556911E+002, 1.8394651E+002, 1.8088154E+002, 1.5386171E+002, 1.5674052E+002, 1.4144525E+002, 1.9556911E+002, 1.2401291E+002, 1.3721501E+002, 1.6180572E+002, 1.8097824E+002, 1.8631544E+002, 1.8798062E+002, 1.8390356E+002, 1.7575250E+002, 1.5163313E+002, 1.2382859E+002, 1.2259346E+002, 1.5026692E+002, 1.8181466E+002, 1.8222866E+002, 1.8562793E+002,-1.7872785E+000,-2.0945646E+000,-4.3487699E-001,-5.6115592E+000,-2.2221555E+000,-7.7061237E+000, 1.1627154E-002,-1.1644553E-002,-1.7399075E-005, 1.5000000E+001, 6.3019686E+001
 4.6500058E+002, 1.3256973E+002, 1.2497265E+002, 1.4394495E+002, 1.2698954E+002, 1.2795863E+002, 1.2243190E+002, 1.3256973E+002, 1.1114197E+002, 1.1529461E+002, 1.2354063E+002, 1.2624977E+002, 1.2663021E+002, 1.2711328E+002, 1.2569953E+002, 1.2817633E+002, 1.2365104E+002, 1.1302115E+002, 1.1092691E+002, 1.2307119E+002, 1.3377813E+002, 1.2664399E+002, 1.2676359E+002,-7.4819468E-001,-1.1532001E+000,-2.1827116E-001,-3.7614711E+000,-9.6646584E-001,-4.9146712E+000, 2.8274510E-003,-2.8582772E-003,-3.0826218E-005, 1.5000000E+001, 5.9250958E+001
 4.6600052E+002, 8.8579889E+001, 8.3711330E+001, 1.1279900E+002, 1.0265685E+002, 1.0612413E+002, 1.0316433E+002, 8.8579889E+001, 9.9148501E+001, 9.6447984E+001, 9.3894819E+001, 8.8160758E+001, 8.5542690E+001, 8.5205949E+001, 8.6283207E+001, 9.4202134E+001, 9.9422007E+001, 1.0021374E+002, 9.8602572E+001, 9.9007308E+001, 9.7515824E+001, 8.6314415E+001, 8.4962686E+001,-2.8930581E-001,-6.9687350E-001,-1.1725302E-001,-2.1734251E+000,-4.0655883E-001,-2.8702986E+000, 1.8046866E-003,-1.8478507E-003,-4.3164138E-005, 1.5000000E+001, 5.4058552E+001
 4.6700044E+002, 5.9929281E+001, 5.6986472E+001, 8.8483038E+001, 8.2490188E+001, 8.5998409E+001, 8.5730761E+001, 5.9929281E+001, 8.8224456E+001, 8.1478690E+001, 7.2198386E+001, 6.1749787E+001, 5.8360031E+001, 5.8227570E+001, 6.0352492E+001, 6.8339004E+001, 7.8123275E+001, 8.6352208E+001, 8.6599720E+001, 7.9061699E+001, 7.1424002E+001, 5.8893164E+001, 5.7936847E+001,-8.8459082E-002,-4.7452129E-001,-5.1013627E-002,-1.3313019E+000,-1.3947271E-001,-1.8058232E+000, 9.9654633E-004,-1.0287061E-003,-3.2159784E-005, 1.5000000E+001, 4.8277694E+001
 4.6800072E+002, 4.2660378E+001, 4.0901732E+001, 6.9015185E+001, 6.6782797E+001, 7.0882918E+001, 7.0154309E+001, 4.2660378E+001, 7.6968931E+001, 6.7854283E+001, 5.6432031E+001, 4.4545631E+001, 4.1077199E+001, 4.1272443E+001, 4.2996097E+001, 5.0773580E+001, 6.1658447E+001, 7.5137331E+001, 7.6173892E+001, 6.3165391E+001, 5.2828796E+001, 4.1908233E+001, 4.1009567E+001,-1.1741758E-002,-3.6227145E-001,-5.5468615E-003,-8.5800796E-001,-1.7288620E-002,-1.2202794E+000, 2.9584077E-004,-3.3334203E-004,-3.7501251E-005, 1.5000000E+001, 4.1783770E+001
 4.6900020E+002, 3.1727104E+001, 3.0626113E+001, 5.3788468E+001, 5.3334975E+001, 5.8671133E+001, 5.8388218E+001, 3.1727104E+001, 6.4668527E+001, 5.4491642E+001, 4.3355025E+001, 3.3389076E+001, 3.0495419E+001, 3.0572656E+001, 3.1597539E+001, 3.8666682E+001, 4.8047831E+001, 6.4376919E+001, 6.5737794E+001, 5.0484184E+001, 3.9557698E+001, 3.1081984E+001, 3.0583308E+001, 2.2125409E-002,-3.0022276E-001, 1.6246608E-002,-5.0715664E-001, 3.8372017E-002,-8.0737940E-001, 1.4857720E-004,-1.7928738E-004,-3.0710186E-005, 1.5000000E+001, 3.6554414E+001
 4.7000024E+002, 2.4820677E+001, 2.4115021E+001, 4.2942477E+001, 4.2601203E+001, 4.7168911E+001, 4.7641527E+001, 2.4820677E+001, 5.5427108E+001, 4.4856457E+001, 3.4484205E+001, 2.6163608E+001, 2.3936360E+001, 2.4039349E+001, 2.4643124E+001, 3.0227507E+001, 3.8672010E+001, 5.4791997E+001, 5.5097830E+001, 4.0980485E+001, 3.0846440E+001, 2.4420365E+001, 2.3981062E+001, 3.2215099E-002,-2.6956925E-001, 2.7554835E-002,-2.8639656E-001, 5.9769934E-002,-5.5596581E-001,-7.0631684E-005, 4.9576974E-005,-2.1054710E-005, 1.5000000E+001, 3.1725781E+001
 4.7100057E+002, 2.0490350E+001, 2.0049593E+001, 3.4435109E+001, 3.5530687E+001, 3.8271760E+001, 4.0036220E+001, 2.0490350E+001, 4.7189297E+001, 3.6884356E+001, 2.7895491E+001, 2.1692705E+001, 1.9959551E+001, 1.9959176E+001, 2.0480483E+001, 2.4431801E+001, 3.1601030E+001, 4.7196674E+001, 4.7114893E+001, 3.4154676E+001, 2.5093609E+001, 2.0216793E+001, 1.9909989E+001, 3.4278692E-002,-2.5005043E-001, 2.7543466E-002,-1.6449830E-001, 6.1822157E-002,-4.1454873E-001,-1.7801370E-004, 1.5996471E-004,-1.8048990E-005, 1.5000000E+001, 2.7866931E+001
 4.7200034E+002, 1.7805727E+001, 1.7535928E+001, 2.8549613E+001, 2.9732938E+001, 3.1998757E+001, 3.3309464E+001, 1.7805727E+001, 3.9924153E+001, 3.0923076E+001, 2.3331909E+001, 1.8683453E+001, 1.7477669E+001, 1.7440798E+001, 1.7944746E+001, 2.0552033E+001, 2.6292418E+001, 4.0150222E+001, 4.0642647E+001, 2.8388103E+001, 2.0925889E+001, 1.7652585E+001, 1.7492098E+001, 2.8994445E-002,-2.4018287E-001, 2.2911741E-002,-9.4242298E-002, 5.1906186E-002,-3.3442517E-001,-1.6318438E-005,-1.3746055E-006,-1.7693043E-005, 1.5000000E+001, 2.4189728E+001
 4.7300081E+002, 1.6146878E+001, 1.5978628E+001, 2.4205166E+001, 2.4913593E+001, 2.6797714E+001, 2.8332165E+001, 1.6146878E+001, 3.4312242E+001, 2.6345194E+001, 2.0191460E+001, 1.6807150E+001, 1.5927137E+001, 1.5931206E+001, 1.6284977E+001, 1.8103116E+001, 2.2627238E+001, 3.4632955E+001, 3.5169718E+001, 2.4065137E+001, 1.8296406E+001, 1.6068903E+001, 1.5939603E+001, 2.5739672E-002,-2.3322743E-001, 2.1701323E-002,-4.1983892E-002, 4.7440995E-002,-2.7521132E-001,-2.3016111E-004, 2.1970719E-004,-1.0453917E-005, 1.5000000E+001, 2.1861100E+001
 4.7400028E+002, 1.5139980E+001, 1.5039758E+001, 2.0993043E+001, 2.1776715E+001, 2.3087741E+001, 2.4762690E+001, 1.5139980E+001, 2.9908346E+001, 2.2969301E+001, 1.8121536E+001, 1.5552130E+001, 1.5011384E+001, 1.5009863E+001, 1.5210252E+001, 1.6501464E+001, 1.9930262E+001, 3.0165600E+001, 3.0270931E+001, 2.0799506E+001, 1.6574117E+001, 1.5097651E+001, 1.5001913E+001, 2.0300683E-002,-2.2157522E-001, 1.4730308E-002,-1.3163190E-002, 3.5030991E-002,-2.3473841E-001,-1.0217151E-004, 9.1152958E-005,-1.1018554E-005, 1.5000000E+001, 1.9581073E+001
 4.7500008E+002, 1.4518014E+001, 1.4452599E+001, 1.8648400E+001, 1.9463000E+001, 2.0142830E+001, 2.1671583E+001, 1.4518014E+001, 2.6247685E+001, 2.0392570E+001, 1.6608132E+001, 1.4759764E+001, 1.4398629E+001, 1.4422810E+001, 1.4524285E+001, 1.5473205E+001, 1.8032332E+001, 2.6334862E+001, 2.6823197E+001, 1.8761375E+001, 1.5505984E+001, 1.4482107E+001, 1.4416682E+001, 1.5955991E-002,-2.2567150E-001, 1.2417410E-002, 6.5195869E-003, 2.8373401E-002,-2.1915191E-001,-1.2504575E-004, 1.2043934E-004,-4.6064186E-006, 1.5000000E+001, 1.8102689E+001
 4.7600013E+002, 1.4115142E+001, 1.4075659E+001, 1.6978883E+001, 1.7710419E+001, 1.8203997E+001, 1.9195732E+001, 1.4115142E+001, 2.3019065E+001, 1.8348856E+001, 1.5567773E+001, 1.4253616E+001, 1.4034082E+001, 1.4082228E+001, 1.4115979E+001, 1.4743058E+001, 1.6607368E+001, 2.3504367E+001, 2.3889993E+001, 1.7153570E+001, 1.4783007E+001, 1.4101307E+001, 1.4045099E+001, 1.2611863E-002,-2.2531086E-001, 7.4983271E-003, 1.8321577E-002, 2.0110190E-002,-2.0698928E-001,-7.3589549E-005, 6.8492699E-005,-5.0968495E-006, 1.5000000E+001, 1.6998704E+001
 4.7700065E+002, 1.3876779E+001, 1.3850730E+001, 1.5861426E+001, 1.6513656E+001, 1.6805089E+001, 1.7542655E+001, 1.3876779E+001, 2.0702585E+001, 1.6970878E+001, 1.4888185E+001, 1.3968234E+001, 1.3818506E+001, 1.3847592E+001, 1.3872400E+001, 1.4287543E+001, 1.5661021E+001, 2.1136469E+001, 2.1318207E+001, 1.5965370E+001, 1.4290661E+001, 1.3876932E+001, 1.3844376E+001, 9.4829554E-003,-2.1409638E-001, 5.9038278E-003, 2.6406745E-002, 1.5386783E-002,-1.8768964E-001, 8.4963936E-007,-5.5735937E-006,-4.7239543E-006, 1.5000000E+001, 1.5972137E+001
 4.7800039E+002, 1.3718454E+001, 1.3704069E+001, 1.5098663E+001, 1.5617796E+001, 1.5731006E+001, 1.6377967E+001, 1.3718454E+001, 1.9067459E+001, 1.5968618E+001, 1.4411670E+001, 1.3771007E+001, 1.3675864E+001, 1.3702850E+001, 1.3703563E+001, 1.4010403E+001, 1.4968029E+001, 1.9194651E+001, 1.9443521E+001, 1.5113491E+001, 1.3943100E+001, 1.3713251E+001, 1.3696361E+001, 6.1986675E-003,-2.2071612E-001, 3.7126672E-003, 2.9258131E-002, 9.9113347E-003,-1.9145799E-001, 2.7231629E-005,-3.0232211E-005,-3.0005815E-006, 1.5000000E+001, 1.5059383E+001
 4.7900063E+002, 1.3631355E+001, 1.3621522E+001, 1.4582560E+001, 1.4986634E+001, 1.4944767E+001, 1.5590646E+001, 1.3631355E+001, 1.7674740E+001, 1.5237123E+001, 1.4057356E+001, 1.3638550E+001, 1.3591853E+001, 1.3620010E+001, 1.3612665E+001, 1.3773694E+001, 1.4486886E+001, 1.7857834E+001, 1.8098914E+001, 1.4582604E+001, 1.3717597E+001, 1.3610725E+001, 1.3623187E+001, 4.2127483E-003,-2.1537138E-001, 1.9475159E-003, 3.3509526E-002, 6.1602642E-003,-1.8186186E-001, 5.2250200E-005,-5.3777996E-005,-1.5277958E-006, 1.5000000E+001, 1.4528880E+001
 4.8000008E+002, 1.3569206E+001, 1.3563265E+001, 1.4231834E+001, 1.4504934E+001, 1.4436210E+001, 1.4958237E+001, 1.3569206E+001, 1.6758625E+001, 1.4737129E+001, 1.3821852E+001, 1.3548481E+001, 1.3524142E+001, 1.3566814E+001, 1.3564772E+001, 1.3631473E+001, 1.4140878E+001, 1.6866099E+001, 1.7032778E+001, 1.4191989E+001, 1.3589459E+001, 1.3567243E+001, 1.3582269E+001, 2.7983499E-003,-2.1952689E-001, 2.6641671E-004, 3.5561543E-002, 3.0647666E-003,-1.8396535E-001, 6.5311124E-005,-6.7365190E-005,-2.0540660E-006, 1.5000000E+001, 1.4159854E+001
 4.8100020E+002, 1.3544067E+001, 1.3542217E+001, 1.3965983E+001, 1.4163803E+001, 1.4137171E+001, 1.4500068E+001, 1.3544067E+001, 1.6002800E+001, 1.4359765E+001, 1.3661253E+001, 1.3478348E+001, 1.3498921E+001, 1.3543102E+001, 1.3531400E+001, 1.3558211E+001, 1.3927213E+001, 1.5997137E+001, 1.6116401E+001, 1.3945212E+001, 1.3526479E+001, 1.3521122E+001, 1.3553106E+001, 1.2067079E-003,-2.0598836E-001,-4.3041831E-004, 3.5778868E-002, 7.7628962E-004,-1.7020950E-001, 1.0985589E-004,-1.1096964E-004,-1.1137493E-006, 1.5000000E+001, 1.3783465E+001
 4.8200068E+002, 1.3528206E+001, 1.3523905E+001, 1.3778289E+001, 1.3932017E+001, 1.3884503E+001, 1.4169350E+001, 1.3528206E+001, 1.5358031E+001, 1.4046926E+001, 1.3544946E+001, 1.3427654E+001, 1.3473518E+001, 1.3525918E+001, 1.3514216E+001, 1.3504605E+001, 1.3754731E+001, 1.5336037E+001, 1.5431007E+001, 1.3742336E+001, 1.3447565E+001, 1.3497581E+001, 1.3526502E+001, 2.1026736E-004,-2.2380493E-001,-1.4474235E-003, 3.6684086E-002,-1.2371562E-003,-1.8712085E-001, 1.3358002E-004,-1.3420245E-004,-6.2243271E-007, 1.5000000E+001, 1.3524077E+001
 4.8300037E+002, 1.3492205E+001, 1.3491514E+001, 1.3643792E+001, 1.3765434E+001, 1.3713879E+001, 1.3909764E+001, 1.3492205E+001, 1.4784345E+001, 1.3833313E+001, 1.3488319E+001, 1.3414808E+001, 1.3475366E+001, 1.3510185E+001, 1.3501078E+001, 1.3443874E+001, 1.3614325E+001, 1.4868286E+001, 1.4920505E+001, 1.3634958E+001, 1.3434493E+001, 1.3468475E+001, 1.3504469E+001,-4.3133618E-004,-2.1188707E-001,-2.6730485E-003, 3.6537583E-002,-3.1043846E-003,-1.7534948E-001, 1.3009273E-004,-1.3109031E-004,-9.9757973E-007, 1.5000000E+001, 1.3358676E+001
 4.8400090E+002, 1.3488838E+001, 1.3486778E+001, 1.3560327E+001, 1.3630000E+001, 1.3583501E+001, 1.3708137E+001, 1.3488838E+001, 1.4329884E+001, 1.3646763E+001, 1.3407001E+001, 1.3383369E+001, 1.3464831E+001, 1.3509575E+001, 1.3465773E+001, 1.3371823E+001, 1.3519944E+001, 1.4478375E+001, 1.4544034E+001, 1.3571238E+001, 1.3440867E+001, 1.3453632E+001, 1.3480922E+001,-1.0662531E-003,-2.1875820E-001,-3.2320997E-003, 3.6065555E-002,-4.2983528E-003,-1.8269265E-001, 1.5425348E-004,-1.5493739E-004,-6.8391158E-007, 1.5000000E+001, 1.3195582E+001
 4.8500030E+002, 1.3488187E+001, 1.3489360E+001, 1.3502198E+001, 1.3548085E+001, 1.3509002E+001, 1.3596161E+001, 1.3488187E+001, 1.4044632E+001, 1.3526547E+001, 1.3403158E+001, 1.3417274E+001, 1.3472804E+001, 1.3505048E+001, 1.3440045E+001, 1.3394083E+001, 1.3478278E+001, 1.4197366E+001, 1.4226590E+001, 1.3506379E+001, 1.3396796E+001, 1.3442602E+001, 1.3493978E+001,-1.5070741E-003,-2.2347493E-001,-3.9518966E-003, 3.7281018E-002,-5.4589707E-003,-1.8619391E-001, 1.3609362E-004,-1.3680643E-004,-7.1280163E-007, 1.5000000E+001, 1.3056208E+001
 4.8600093E+002, 1.3484837E+001, 1.3486024E+001, 1.3445925E+001, 1.3462320E+001, 1.3450376E+001, 1.3513609E+001, 1.3484837E+001, 1.3848169E+001, 1.3460672E+001, 1.3395784E+001, 1.3420671E+001, 1.3471379E+001, 1.3489388E+001, 1.3401857E+001, 1.3386183E+001, 1.3444561E+001, 1.3964882E+001, 1.3981099E+001, 1.3460145E+001, 1.3353771E+001, 1.3427166E+001, 1.3484247E+001,-1.9004085E-003,-2.1487779E-001,-3.4858554E-003, 3.8999240E-002,-5.3862639E-003,-1.7587855E-001, 1.8069647E-004,-1.8094930E-004,-2.5283031E-007, 1.5000000E+001, 1.2982088E+001
 4.8700044E+002, 1.3490341E+001, 1.3491155E+001, 1.3449689E+001, 1.3419961E+001, 1.3421273E+001, 1.3450251E+001, 1.3490341E+001, 1.3705984E+001, 1.3414991E+001, 1.3389656E+001, 1.3429423E+001, 1.3474810E+001, 1.3487664E+001, 1.3391066E+001, 1.3375885E+001, 1.3401021E+001, 1.3807272E+001, 1.3793657E+001, 1.3393669E+001, 1.3364138E+001, 1.3406451E+001, 1.3465492E+001,-2.1969436E-003,-2.1409915E-001,-2.5884488E-003, 3.8205308E-002,-4.7853924E-003,-1.7589384E-001, 1.3988313E-004,-1.3942710E-004, 4.5603571E-007, 1.5000000E+001, 1.2925846E+001
 4.8800044E+002, 1.3489353E+001, 1.3489317E+001, 1.3422902E+001, 1.3373764E+001, 1.3385648E+001, 1.3389184E+001, 1.3489353E+001, 1.3592269E+001, 1.3395974E+001, 1.3394838E+001, 1.3451166E+001, 1.3478719E+001, 1.3478592E+001, 1.3396087E+001, 1.3392003E+001, 1.3364934E+001, 1.3672698E+001, 1.3660656E+001, 1.3365562E+001, 1.3357739E+001, 1.3415735E+001, 1.3443360E+001,-2.2359279E-003,-2.1876300E-001,-2.4059358E-003, 3.8626025E-002,-4.6418637E-003,-1.8013697E-001, 1.6865918E-004,-1.6927570E-004,-6.1651373E-007, 1.5000000E+001, 1.2903783E+001
 4.8900031E+002, 1.3499723E+001, 1.3501143E+001, 1.3409878E+001, 1.3355080E+001, 1.3346145E+001, 1.3369830E+001, 1.3499723E+001, 1.3502592E+001, 1.3375298E+001, 1.3383820E+001, 1.3452076E+001, 1.3464796E+001, 1.3457964E+001, 1.3396716E+001, 1.3383865E+001, 1.3338331E+001, 1.3573372E+001, 1.3565615E+001, 1.3358748E+001, 1.3335295E+001, 1.3435195E+001, 1.3464107E+001,-2.4692972E-003,-2.1530443E-001,-4.5994292E-003, 3.8742825E-002,-7.0687264E-003,-1.7656160E-001, 1.5748583E-004,-1.5773389E-004,-2.4806124E-007, 1.5000000E+001, 1.2878761E+001
 4.9000074E+002, 1.3493975E+001, 1.3491314E+001, 1.3383671E+001, 1.3338932E+001, 1.3344199E+001, 1.3350679E+001, 1.3493975E+001, 1.3442138E+001, 1.3357332E+001, 1.3350813E+001, 1.3422719E+001, 1.3457347E+001, 1.3465815E+001, 1.3399236E+001, 1.3367387E+001, 1.3284019E+001, 1.3474622E+001, 1.3503648E+001, 1.3344637E+001, 1.3335729E+001, 1.3438380E+001, 1.3469515E+001,-2.5882632E-003,-2.1418408E-001,-3.4062644E-003, 3.6934182E-002,-5.9945276E-003,-1.7724990E-001, 1.6675725E-004,-1.6692621E-004,-1.6896024E-007, 1.5000000E+001, 1.2840748E+001
 4.9100031E+002, 1.3478582E+001, 1.3478167E+001, 1.3349391E+001, 1.3317806E+001, 1.3343087E+001, 1.3333005E+001, 1.3478582E+001, 1.3392303E+001, 1.3345496E+001, 1.3352314E+001, 1.3401004E+001, 1.3478215E+001, 1.3463916E+001, 1.3419109E+001, 1.3346062E+001, 1.3279068E+001, 1.3404584E+001, 1.3431744E+001, 1.3325361E+001, 1.3345216E+001, 1.3427233E+001, 1.3477312E+001,-2.7534953E-003,-2.2085728E-001,-3.1025653E-003, 3.6522390E-002,-5.8560605E-003,-1.8433489E-001, 1.6551743E-004,-1.6591410E-004,-3.9666495E-007, 1.5000000E+001, 1.2784607E+001
 4.9200006E+002, 1.3478829E+001, 1.3481046E+001, 1.3322831E+001, 1.3311789E+001, 1.3340907E+001, 1.3300168E+001, 1.3478829E+001, 1.3349030E+001, 1.3338236E+001, 1.3333301E+001, 1.3378237E+001, 1.3465439E+001, 1.3459187E+001, 1.3439072E+001, 1.3304348E+001, 1.3285652E+001, 1.3362931E+001, 1.3398015E+001, 1.3329763E+001, 1.3357425E+001, 1.3416627E+001, 1.3474461E+001,-2.8470325E-003,-2.2237103E-001,-3.7179604E-003, 3.7416632E-002,-6.5649929E-003,-1.8495440E-001, 2.1420105E-004,-2.1366187E-004, 5.3918117E-007, 1.5000000E+001, 1.2776433E+001
 4.9300046E+002, 1.3491796E+001, 1.3492853E+001, 1.3299553E+001, 1.3321211E+001, 1.3351780E+001, 1.3283821E+001, 1.3491796E+001, 1.3341097E+001, 1.3338533E+001, 1.3346148E+001, 1.3401814E+001, 1.3479100E+001, 1.3473844E+001, 1.3455366E+001, 1.3305309E+001, 1.3255046E+001, 1.3336158E+001, 1.3372230E+001, 1.3337971E+001, 1.3347996E+001, 1.3418335E+001, 1.3460062E+001,-2.7785687E-003,-2.2261236E-001,-2.5759129E-003, 3.6649942E-002,-5.3544816E-003,-1.8596242E-001, 1.5926862E-004,-1.5928858E-004,-1.9955645E-008, 1.5000000E+001, 1.2804644E+001
 4.9400001E+002, 1.3498174E+001, 1.3498256E+001, 1.3287898E+001, 1.3320817E+001, 1.3361015E+001, 1.3294410E+001, 1.3498174E+001, 1.3342658E+001, 1.3331228E+001, 1.3353892E+001, 1.3420451E+001, 1.3491061E+001, 1.3466520E+001, 1.3430131E+001, 1.3307984E+001, 1.3249754E+001, 1.3299632E+001, 1.3344133E+001, 1.3339852E+001, 1.3354601E+001, 1.3413079E+001, 1.3454813E+001,-2.9500162E-003,-2.1431858E-001,-3.8703113E-003, 3.6073971E-002,-6.8203275E-003,-1.7824461E-001, 2.0619803E-004,-2.0657848E-004,-3.8045215E-007, 1.5000000E+001, 1.2758764E+001
 4.9500084E+002, 1.3486825E+001, 1.3485575E+001, 1.3281042E+001, 1.3271649E+001, 1.3347666E+001, 1.3289847E+001, 1.3486825E+001, 1.3324388E+001, 1.3323901E+001, 1.3357050E+001, 1.3420188E+001, 1.3469454E+001, 1.3467871E+001, 1.3448681E+001, 1.3334311E+001, 1.3281215E+001, 1.3284825E+001, 1.3339607E+001, 1.3349688E+001, 1.3367183E+001, 1.3409935E+001, 1.3451569E+001,-2.9433054E-003,-2.2146418E-001,-4.2766412E-003, 3.8383683E-002,-7.2199466E-003,-1.8308050E-001, 1.9027150E-004,-1.9019356E-004, 7.7937406E-008, 1.5000000E+001, 1.2756012E+001
 4.9600070E+002, 1.3489049E+001, 1.3490247E+001, 1.3286500E+001, 1.3265027E+001, 1.3297904E+001, 1.3282149E+001, 1.3489049E+001, 1.3325992E+001, 1.3330831E+001, 1.3357056E+001, 1.3423086E+001, 1.3498351E+001, 1.3490591E+001, 1.3440911E+001, 1.3349881E+001, 1.3285055E+001, 1.3268186E+001, 1.3328751E+001, 1.3346283E+001, 1.3347808E+001, 1.3393739E+001, 1.3453000E+001,-3.0446230E-003,-2.2063608E-001,-3.4782650E-003, 3.7202468E-002,-6.5228880E-003,-1.8343361E-001, 1.7837222E-004,-1.7848288E-004,-1.1065557E-007, 1.5000000E+001, 1.2725463E+001
 4.9700039E+002, 1.3491187E+001, 1.3491201E+001, 1.3306921E+001, 1.3272991E+001, 1.3313341E+001, 1.3288800E+001, 1.3491187E+001, 1.3328093E+001, 1.3345740E+001, 1.3373303E+001, 1.3439012E+001, 1.3499289E+001, 1.3480471E+001, 1.3413483E+001, 1.3364885E+001, 1.3283291E+001, 1.3257450E+001, 1.3318977E+001, 1.3324112E+001, 1.3340833E+001, 1.3396665E+001, 1.3460675E+001,-2.9358490E-003,-2.1099225E-001,-5.1558358E-003, 3.6308296E-002,-8.0916849E-003,-1.7468395E-001, 2.0406901E-004,-2.0397930E-004, 8.9710603E-008, 1.5000000E+001, 1.2768353E+001
 4.9800073E+002, 1.3493242E+001, 1.3493443E+001, 1.3297344E+001, 1.3272216E+001, 1.3309418E+001, 1.3296572E+001, 1.3493242E+001, 1.3325985E+001, 1.3357981E+001, 1.3391279E+001, 1.3443694E+001, 1.3502717E+001, 1.3476071E+001, 1.3420155E+001, 1.3366289E+001, 1.3283882E+001, 1.3251556E+001, 1.3318553E+001, 1.3311617E+001, 1.3350777E+001, 1.3401874E+001, 1.3466444E+001,-3.0278180E-003,-2.1221539E-001,-3.5406183E-003, 3.7519462E-002,-6.5684363E-003,-1.7469593E-001, 2.1114647E-004,-2.1105777E-004, 8.8702492E-008, 1.5000000E+001, 1.2745138E+001
 4.9900027E+002, 1.3488206E+001, 1.3488161E+001, 1.3285880E+001, 1.3275030E+001, 1.3306904E+001, 1.3288684E+001, 1.3488206E+001, 1.3324424E+001, 1.3361902E+001, 1.3385317E+001, 1.3425933E+001, 1.3486657E+001, 1.3490696E+001, 1.3439359E+001, 1.3384446E+001, 1.3321334E+001, 1.3262417E+001, 1.3307366E+001, 1.3311903E+001, 1.3361049E+001, 1.3400793E+001, 1.3464062E+001,-3.0785352E-003,-2.1092733E-001,-3.8794425E-003, 3.7680374E-002,-6.9579778E-003,-1.7324695E-001, 1.8267246E-004,-1.8311530E-004,-4.4284045E-007, 1.5000000E+001, 1.2743237E+001
 5.0000000E+002, 1.3486321E+001, 1.3485656E+001, 1.3287874E+001, 1.3284435E+001, 1.3271094E+001, 1.3266620E+001, 1.3486321E+001, 1.3306273E+001, 1.3334739E+001, 1.3371769E+001, 1.3429590E+001, 1.3468308E+001, 1.3486409E+001, 1.3437356E+001, 1.3384424E+001, 1.3325275E+001, 1.3262404E+001, 1.3291513E+001, 1.3305823E+001, 1.3352116E+001, 1.3384421E+001, 1.3463881E+001,-3.1002939E-003,-2.1785012E-001,-4.0289853E-003, 3.6967426E-002,-7.1292792E-003,-1.8088270E-001, 1.7538507E-004,-1.7527163E-004, 1.1344528E-007, 1.5000000E+001, 1.2697122E+001
