m,kW/m2,m,kW/m2,m,kW/m2
r-up,Upwind,r-lat,Lateral,r-down,Downwind
 8.5427220E+000, 5.3964132E+000, 1.5980554E+001, 2.3176960E+000, 1.4487860E+001, 2.7025401E+000
 1.2500324E+001, 2.8921833E+000, 1.8969399E+001, 1.2542427E+000, 1.8471007E+001, 1.3578528E+000
 1.6478413E+001, 1.4881158E+000, 2.2959053E+001, 5.4642006E-001, 2.2460145E+001, 6.6532249E-001
 2.0465046E+001, 7.2222920E-001, 2.6951774E+001, 2.5621257E-001, 2.6452563E+001, 3.3306476E-001
