m,kW/m2,m,kW/m2,m,kW/m2
r-down,Downwind,r-lat,Lateral,r-up,Upwind
 1.1508175E+001, 2.4746294E+000, 1.0656102E+001, 3.9768693E+000, 6.5831679E+000, 4.5955375E+000
 1.4487860E+001, 1.5926767E+000, 1.3632773E+001, 2.1744641E+000, 9.5288037E+000, 2.8035879E+000
 1.8471007E+001, 8.1808766E-001, 1.7613986E+001, 9.9272663E-001, 1.3493632E+001, 1.6187657E+000
 2.4456044E+001, 2.5511847E-001, 2.1602141E+001, 3.9997556E-001, 1.8471007E+001, 6.9802504E-001
