m,kW/m2,m,kW/m2,m,kW/m2
r-up,Upwind,r-lat,Lateral,r-down,Downwind
 3.0986328E+001, 1.5238747E+000, 4.1057410E+001, 6.3250401E+000, 3.7979633E+001, 2.3833622E+000
 3.5981280E+001, 9.2252469E-001, 4.5054976E+001, 3.4431861E+000, 4.3975590E+001, 1.3313794E+000
 3.9978150E+001, 6.6548723E-001, 5.1052041E+001, 1.4244087E+000, 5.1971651E+001, 7.0427180E-001
 5.1971651E+001, 3.1510455E-001, 5.8049383E+001, 6.2866223E-001, 6.1968157E+001, 3.6938369E-001
NaN,NaN,NaN,NaN, 7.1965634E+001, 2.1806649E-001
