m,kW/m2,m,kW/m2,m,kW/m2
r-up,Upwind,r-lat,Lateral,r-down,Downwind
 1.0022879E+001, 1.3356144E+001, 1.6329042E+001, 9.7717750E+000, 1.2996850E+001, 1.1369514E+001
 1.4985263E+001, 6.7047777E+000, 1.9816851E+001, 5.8540657E+000, 1.5980554E+001, 7.4979110E+000
 2.4955122E+001, 2.0256343E+000, 2.3807301E+001, 3.3286097E+000, 2.1961286E+001, 3.4789858E+000
NaN,NaN,NaN,NaN, 2.1971263E+001, 3.4789858E+000
