m,kW/m2,m,kW/m2,m,kW/m2
r-up,Upwind,r-lat,Lateral,r-down,Downwind
 2.8948888E+001, 4.9298072E-001, 3.6111167E+001, 5.5615947E+000, 3.5941315E+001, 3.5631175E-001
 3.2944166E+001, 2.7124290E-001, 3.8109532E+001, 3.9538550E+000, 4.0937490E+001, 1.9783019E-001
 3.6940467E+001, 1.7768465E-001, 4.1107376E+001, 2.2410502E+000, 4.5934498E+001, 1.2902141E-001
 4.2936210E+001, 1.1422026E-001, 4.8103393E+001, 4.7782234E-001, 5.0932093E+001, 9.6834303E-002
NaN,NaN,NaN,NaN, 5.8929094E+001, 6.8805832E-002
