m,kW/m2,m,kW/m2,m,kW/m2
r-up,Upwind,r-lat,Lateral,r-down,Downwind
 1.0022879E+001, 6.1324320E+000, 1.3612895E+001, 6.4999712E+000, 1.4995213E+001, 6.1418903E+000
 1.5980554E+001, 2.4137676E+000, 1.6597919E+001, 4.0781332E+000, 1.8969399E+001, 3.1288523E+000
 2.0963733E+001, 9.4185354E-001, 2.0584725E+001, 1.9702403E+000, 2.4955122E+001, 1.0920096E+000
 2.7950279E+001, 2.1581321E-001, 2.6572371E+001, 5.7203970E-001, 3.0946375E+001, 3.5673506E-001
NaN,NaN,NaN,NaN, 3.7939664E+001, 1.1148639E-001
