m,kW/m2,m,kW/m2,m,kW/m2
r-up,Upwind,r-lat,Lateral,r-down,Downwind
 1.4487860E+001, 2.6439181E+000, 2.4775450E+001, 9.1978650E-001, 1.8471007E+001, 1.5676730E+000
 1.9467874E+001, 1.1110992E+000, 2.7770540E+001, 4.5592298E-001, 2.2460145E+001, 7.4507105E-001
 2.3458007E+001, 5.0433865E-001, 3.1765436E+001, 1.7908777E-001, 2.6452563E+001, 3.3972181E-001
 2.8449571E+001, 1.8450993E-001, 3.7759805E+001, 5.6178459E-002, 3.2444693E+001, 1.1146436E-001
