m,kW/m2,m,kW/m2,m,kW/m2
r-up,Upwind,r-lat,Lateral,r-down,Downwind
 1.2996850E+001, 8.3440082E+000, 2.0325425E+001, 8.6995307E+000, 1.4985263E+001, 1.2392304E+001
 1.8969399E+001, 3.0737471E+000, 2.3817282E+001, 4.9468660E+000, 1.8969399E+001, 6.8975151E+000
 2.6951774E+001, 6.8869972E-001, 2.7810482E+001, 2.3812444E+000, 2.6951774E+001, 1.9099373E+000
NaN,NaN,NaN,NaN, 2.6961758E+001, 1.9099373E+000
