m,kW/m2,m,kW/m2,m,kW/m2
r-up,Upwind,r-lat,Lateral,r-down,Downwind
 1.3473756E+001, 2.5007424E+000, 1.8610548E+001, 2.6881371E+000, 1.5462927E+001, 2.0681879E+000
 1.5462927E+001, 1.8563861E+000, 2.0604672E+001, 1.7288054E+000, 1.7454572E+001, 1.4968822E+000
 1.7952774E+001, 1.1948851E+000, 2.1602141E+001, 1.3931696E+000, 1.9447933E+001, 1.0525181E+000
 2.0445100E+001, 7.6250576E-001, 2.3597722E+001, 8.9150899E-001, 2.1442530E+001, 7.2335143E-001
NaN,NaN,NaN,NaN, 2.4436082E+001, 4.0057912E-001
