m,kW/m2,m,kW/m2,m,kW/m2
r-down,Downwind,r-lat,Lateral,r-up,Upwind
 2.2021147E+001, 2.3476483E+001, 2.7770540E+001, 7.3853918E+000, 1.6040290E+001, 1.2238964E+001
 2.5015013E+001, 1.5811056E+001, 3.0766587E+001, 4.9074012E+000, 2.0026255E+001, 6.8955716E+000
 3.0007514E+001, 8.4149808E+000, 3.4762378E+001, 2.9017737E+000, 2.4016888E+001, 3.9480243E+000
 3.6001262E+001, 4.2236292E+000, 3.9758306E+001, 1.6309674E+000, 3.2005170E+001, 1.5343192E+000
