m,kW/m2,m,kW/m2,m,kW/m2
r-up,Upwind,r-lat,Lateral,r-down,Downwind
 1.0022879E+001, 1.3406208E+001, 1.6329042E+001, 9.7781116E+000, 1.2996850E+001, 1.1394741E+001
 1.4985263E+001, 6.7255781E+000, 1.9816851E+001, 5.8536949E+000, 1.5980554E+001, 7.5058666E+000
 2.4955122E+001, 2.0443928E+000, 2.3807301E+001, 3.3254824E+000, 2.1961286E+001, 3.4866623E+000
NaN,NaN,NaN,NaN, 2.1971263E+001, 3.4866623E+000
