m,kW/m2,m,kW/m2,m,kW/m2
r-up,Upwind,r-lat,Lateral,r-down,Downwind
 1.4995213E+001, 5.4277531E+000, 2.0804146E+001, 7.1532583E+000, 1.4995213E+001, 9.5534434E+000
 1.8979368E+001, 2.6956971E+000, 2.3797321E+001, 4.3484184E+000, 1.8979368E+001, 5.1732837E+000
 2.4965104E+001, 8.2123730E-001, 2.7790511E+001, 2.0363920E+000, 2.6961758E+001, 1.3317815E+000
 3.0956363E+001, 2.5505128E-001, 3.3783317E+001, 5.8962116E-001, 3.3853248E+001, 3.9216067E-001
