m,kW/m2,m,kW/m2,m,kW/m2
r-up,Upwind,r-lat,Lateral,r-down,Downwind
 3.0986328E+001, 1.5189683E+000, 4.1057410E+001, 6.3160863E+000, 3.7979633E+001, 2.3723023E+000
 3.5981280E+001, 9.1654589E-001, 4.5054976E+001, 3.4364576E+000, 4.3975590E+001, 1.3248375E+000
 3.9978150E+001, 6.5928570E-001, 5.1052041E+001, 1.4191905E+000, 5.1971651E+001, 6.9916887E-001
 5.1971651E+001, 3.1132679E-001, 5.8049383E+001, 6.2420583E-001, 6.1968157E+001, 3.6530583E-001
NaN,NaN,NaN,NaN, 7.1965634E+001, 2.1564184E-001
