m,kW/m2,m,kW/m2,m,kW/m2
r-up,Upwind,r-lat,Lateral,r-down,Downwind
 8.0607940E+000, 1.7669552E+001, 1.3205469E+001, 9.7513353E+000, 1.1022541E+001, 1.3928365E+001
 1.2698902E+001, 8.4063627E+000, 1.6687552E+001, 5.8250046E+000, 1.4000586E+001, 8.8768637E+000
 2.5963366E+001, 1.8968593E+000, 2.0674487E+001, 3.3876794E+000, 1.7972704E+001, 5.2221796E+000
NaN,NaN,NaN,NaN, 1.7982669E+001, 5.2221796E+000
