m,kW/m2,m,kW/m2,m,kW/m2
r-up,Upwind,r-lat,Lateral,r-down,Downwind
 2.8948888E+001, 5.0233068E-001, 3.6111167E+001, 5.5690269E+000, 3.5941315E+001, 3.6821808E-001
 3.2944166E+001, 2.7544659E-001, 3.8109532E+001, 3.9727519E+000, 4.0937490E+001, 2.0380868E-001
 3.6940467E+001, 1.7572802E-001, 4.1107376E+001, 2.2699263E+000, 4.5934498E+001, 1.3344656E-001
 4.2936210E+001, 1.1311823E-001, 4.8103393E+001, 5.5295435E-001, 5.0932093E+001, 9.8676631E-002
NaN,NaN,NaN,NaN, 5.8929094E+001, 6.9478503E-002
