m,kW/m2,m,kW/m2,m,kW/m2
r-up,Upwind,r-lat,Lateral,r-down,Downwind
 4.6581219E+000, 4.8388683E+000, 9.3116110E+000, 2.1561128E+000, 8.5427220E+000, 2.3789626E+000
 6.0973847E+000, 3.1322775E+000, 1.0794726E+001, 1.5964929E+000, 9.5288037E+000, 1.9539766E+000
 8.0509689E+000, 1.9934351E+000, 1.2281942E+001, 1.2507270E+000, 1.0517514E+001, 1.6434676E+000
 1.0517514E+001, 1.3234571E+000, 1.4269061E+001, 8.6639356E-001, 1.2004087E+001, 1.3124556E+000
NaN,NaN,NaN,NaN, 1.3493632E+001, 1.0170199E+000
