m,kW/m2,m,kW/m2,m,kW/m2
r-down,Downwind,r-lat,Lateral,r-up,Upwind
 2.2021147E+001, 2.3735207E+001, 2.7770540E+001, 7.2665883E+000, 1.6040290E+001, 1.2179794E+001
 2.5015013E+001, 1.5918199E+001, 3.0766587E+001, 4.8281484E+000, 2.0026255E+001, 6.8537654E+000
 3.0007514E+001, 8.4508563E+000, 3.4762378E+001, 2.8570734E+000, 2.4016888E+001, 3.9208274E+000
 3.6001262E+001, 4.2354697E+000, 3.9758306E+001, 1.6110475E+000, 3.2005170E+001, 1.5361919E+000
