s,kg/m3,m/s,kW/m2,kW/m2
Time,"RHO","U-VEL","HF0B","HF0T"
 0.0000000E+000, 1.1934192E+000, 4.5000000E-002, 0.0000000E+000, 0.0000000E+000
 5.0000055E+003, 1.1934239E+000, 4.1608250E-002, 8.6331536E-004, 6.4517883E-004
 1.0000053E+004, 1.1934198E+000, 4.1694281E-002, 5.0085750E-004, 4.9401282E-004
 1.5000026E+004, 1.1934191E+000, 4.3618064E-002, 4.9669119E-004, 4.9583546E-004
 2.0000000E+004, 1.1934185E+000, 4.4251250E-002, 4.9204989E-004, 5.0034715E-004
 2.5000000E+004, 1.1934191E+000, 4.4470206E-002, 4.9485900E-004, 5.0051993E-004
