s,kW/m2,kW/m2
Time,"NetHF0B","NetHF0T"
 0.0000000E+000, 0.0000000E+000, 0.0000000E+000
 5.0000877E+003, 9.6995327E-004, 9.6771485E-004
 1.0000707E+004, 5.1119054E-004, 5.0090578E-004
 1.5000000E+004, 5.0555913E-004, 5.0627397E-004
