s,kg/m3,m/s,kW/m2,kW/m2
Time,"RHO","U-VEL","NetHF0B","NetHF0T"
 0.0000000E+000, 1.1934192E+000, 4.5000000E-002, 0.0000000E+000, 0.0000000E+000
 5.0000107E+003, 1.1934527E+000, 4.0580029E-002, 4.7866613E-004, 4.4948888E-004
 1.0000039E+004, 1.1934194E+000, 4.0931060E-002, 4.8266264E-004, 4.6785784E-004
 1.5000004E+004, 1.1934201E+000, 4.3405176E-002, 5.0385454E-004, 5.0195579E-004
 2.0000032E+004, 1.1934188E+000, 4.4145043E-002, 5.0012376E-004, 5.0633622E-004
 2.5000000E+004, 1.1934184E+000, 4.4332543E-002, 4.9650633E-004, 4.9967644E-004
