s,kW/m2,kW/m2
Time,"NetHF0B","NetHF0T"
 0.0000000E+000, 0.0000000E+000, 0.0000000E+000
 5.0002139E+003, 4.6218863E-004, 4.5664303E-004
 1.0000497E+004, 4.5933625E-004, 4.5491755E-004
 1.5000000E+004, 5.0508617E-004, 4.8814765E-004
