s,kW/m2,kW/m2
Time,"NetHF0B","NetHF0T"
 0.0000000E+000, 0.0000000E+000, 0.0000000E+000
 5.0001561E+003, 4.6659151E-004, 4.7108666E-004
 1.0000121E+004, 4.5176485E-004, 4.5358276E-004
 1.5000000E+004, 4.9456190E-004, 5.0828731E-004
