s,kg/m3,m/s,kW/m2,kW/m2
Time,RHO,U-VEL,HF0B,HF0T
 0.0000000E+000, 1.1934192E+000, 4.5000000E-002, 0.0000000E+000, 0.0000000E+000
 5.0000291E+003, 1.1934413E+000, 4.1067750E-002, 4.2290252E-004, 3.9196623E-004
 1.0000016E+004, 1.1934197E+000, 4.1298916E-002, 4.6209578E-004, 4.6147442E-004
 1.5000011E+004, 1.1934187E+000, 4.3269817E-002, 4.9030856E-004, 4.9682164E-004
 2.0000002E+004, 1.1934189E+000, 4.3889817E-002, 4.9423027E-004, 4.9669677E-004
 2.5000000E+004, 1.1934194E+000, 4.4075759E-002, 5.0064013E-004, 5.0252458E-004
