s,kg/m3,m/s,kW/m2,kW/m2
Time,RHO,U-VEL,HF0B,HF0T
 0.0000000E+000, 1.1934192E+000, 4.5000000E-002, 0.0000000E+000, 0.0000000E+000
 5.0000504E+003, 1.1934444E+000, 4.0938511E-002, 4.9161039E-004, 4.3726137E-004
 1.0000026E+004, 1.1934200E+000, 4.1129715E-002, 4.8307982E-004, 4.7154664E-004
 1.5000026E+004, 1.1934187E+000, 4.3283691E-002, 4.9773896E-004, 4.9595341E-004
 2.0000026E+004, 1.1934186E+000, 4.3953657E-002, 4.9257498E-004, 4.9716411E-004
 2.5000000E+004, 1.1934201E+000, 4.4085977E-002, 4.9933020E-004, 5.0055844E-004
