s,kW/m2,kW/m2
Time,"NetHF0B","NetHF0T"
 0.0000000E+000, 0.0000000E+000, 0.0000000E+000
 5.0000893E+003, 5.0563985E-004, 5.0331248E-004
 1.0000230E+004, 4.6760997E-004, 4.7680326E-004
 1.5000000E+004, 5.0949976E-004, 4.9032705E-004
