s,kg/m3,m/s,kW/m2,kW/m2
Time,"RHO","U-VEL","NetHF0B","NetHF0T"
 0.0000000E+000, 1.1934192E+000, 4.5000000E-002, 0.0000000E+000, 0.0000000E+000
 5.0000617E+003, 1.1934515E+000, 4.0595991E-002, 4.9297480E-004, 4.4202250E-004
 1.0000034E+004, 1.1934200E+000, 4.0783609E-002, 4.7975046E-004, 4.7416581E-004
 1.5000007E+004, 1.1934198E+000, 4.3367491E-002, 4.9195512E-004, 4.9572092E-004
 2.0000041E+004, 1.1934181E+000, 4.4089912E-002, 5.0760655E-004, 4.9773462E-004
 2.5000000E+004, 1.1934197E+000, 4.4353039E-002, 4.9562954E-004, 4.8918630E-004
