s,kg/m3,m/s,kW/m2,kW/m2
Time,"RHO","U-VEL","HF0B","HF0T"
 0.0000000E+000, 1.1934192E+000, 4.5000000E-002, 0.0000000E+000, 0.0000000E+000
 5.0000636E+003, 1.1934255E+000, 4.1575007E-002, 2.9677780E-004, 2.8340450E-004
 1.0000002E+004, 1.1934204E+000, 4.1789105E-002, 3.9333297E-004, 3.9238753E-004
 1.5000040E+004, 1.1934176E+000, 4.3700546E-002, 4.4934958E-004, 4.5988125E-004
 2.0000016E+004, 1.1934193E+000, 4.4288423E-002, 4.8639843E-004, 4.8254283E-004
 2.5000000E+004, 1.1934186E+000, 4.4418203E-002, 4.9406531E-004, 4.8666358E-004
