s,kW/m2,kW/m2
Time,"NetHF0B","NetHF0T"
 0.0000000E+000, 0.0000000E+000, 0.0000000E+000
 5.0007137E+003, 9.6693255E-004, 9.6594641E-004
 1.0000594E+004, 5.0488385E-004, 4.9668922E-004
 1.5000000E+004, 5.0075773E-004, 5.0244696E-004
