s,kg/m3,m/s,kW/m2,kW/m2
Time,RHO,U-VEL,HF0B,HF0T
 0.0000000E+000, 1.1934192E+000, 4.5000000E-002, 0.0000000E+000, 0.0000000E+000
 5.0000331E+003, 1.1934403E+000, 4.0982936E-002, 8.2046313E-004, 6.2924657E-004
 1.0000046E+004, 1.1934197E+000, 4.1130988E-002, 4.9205799E-004, 4.9298065E-004
 1.5000024E+004, 1.1934185E+000, 4.3235660E-002, 5.0241983E-004, 4.9186922E-004
 2.0000016E+004, 1.1934190E+000, 4.3912439E-002, 4.9656441E-004, 4.9713237E-004
 2.5000000E+004, 1.1934195E+000, 4.4076232E-002, 4.9104173E-004, 5.0169824E-004
