s,kW/m2,kW/m2
Time,"NetHF0B","NetHF0T"
 0.0000000E+000, 0.0000000E+000, 0.0000000E+000
 5.0005754E+003, 2.4312587E-004, 2.5110937E-004
 1.0000616E+004, 4.5210928E-005, 4.2694164E-005
 1.5000000E+004, 7.8319726E-006, 8.3310216E-006
