s,kg/m3,m/s,kW/m2,kW/m2
Time,"RHO","U-VEL","NetHF0B","NetHF0T"
 0.0000000E+000, 1.1934192E+000, 4.5000000E-002, 0.0000000E+000, 0.0000000E+000
 5.0000617E+003, 1.1934531E+000, 4.0576466E-002, 8.2616626E-003, 8.2134324E-003
 1.0000034E+004, 1.1934192E+000, 4.0835286E-002, 8.2565353E-003, 8.2451033E-003
 1.5000007E+004, 1.1934188E+000, 4.3379286E-002, 8.2767632E-003, 8.2772231E-003
 2.0000041E+004, 1.1934188E+000, 4.4277781E-002, 8.2698630E-003, 8.2776182E-003
 2.5000000E+004, 1.1934198E+000, 4.4469177E-002, 8.2776735E-003, 8.2750900E-003
