s,kg/m3,m/s,kW/m2,kW/m2
Time,"RHO","U-VEL","HF0B","HF0T"
 0.0000000E+000, 1.1934192E+000, 4.5000000E-002, 0.0000000E+000, 0.0000000E+000
 5.0000285E+003, 1.1934257E+000, 4.1678540E-002, 2.9617977E-004, 2.8375332E-004
 1.0000007E+004, 1.1934198E+000, 4.1726205E-002, 3.9615732E-004, 3.8905634E-004
 1.5000016E+004, 1.1934191E+000, 4.3651490E-002, 4.5912358E-004, 4.5236164E-004
 2.0000034E+004, 1.1934190E+000, 4.4275025E-002, 4.8569024E-004, 4.8080357E-004
 2.5000000E+004, 1.1934195E+000, 4.4459798E-002, 4.8499959E-004, 4.9519313E-004
