s,kg/m3,m/s,kW/m2,kW/m2
Time,"RHO","U-VEL","NetHF0B","NetHF0T"
 0.0000000E+000, 1.1934192E+000, 4.5000000E-002, 0.0000000E+000, 0.0000000E+000
 5.0000071E+003, 1.1934467E+000, 4.0490876E-002, 8.5953540E-003, 8.4078357E-003
 1.0000019E+004, 1.1934188E+000, 4.0788253E-002, 8.2705269E-003, 8.2616176E-003
 1.5000039E+004, 1.1934191E+000, 4.3310673E-002, 8.2731710E-003, 8.2780248E-003
 2.0000002E+004, 1.1934198E+000, 4.4144357E-002, 8.2735444E-003, 8.2669767E-003
 2.5000000E+004, 1.1934187E+000, 4.4327498E-002, 8.2690032E-003, 8.2791753E-003
