s,kW/m2,kW/m2
Time,"NetHF0B","NetHF0T"
 0.0000000E+000, 0.0000000E+000, 0.0000000E+000
 5.0001595E+003, 9.6585059E-004, 9.6797390E-004
 1.0000193E+004, 5.0459450E-004, 4.9153388E-004
 1.5000000E+004, 5.0358087E-004, 5.1343445E-004
