s,kW/m2,kW/m2
Time,"NetHF0B","NetHF0T"
 0.0000000E+000, 0.0000000E+000, 0.0000000E+000
 5.0006016E+003, 4.6394949E-004, 4.5562183E-004
 1.0000512E+004, 4.5492959E-004, 4.5924503E-004
 1.5000000E+004, 4.9481663E-004, 4.9457690E-004
