s,kW/m2,kW/m2
Time,"NetHF0B","NetHF0T"
 0.0000000E+000, 0.0000000E+000, 0.0000000E+000
 5.0006986E+003, 4.6344564E-004, 4.5848765E-004
 1.0000037E+004, 4.5196514E-004, 4.6077142E-004
 1.5000000E+004, 4.9238438E-004, 4.8233328E-004
