s,kW/m2,kW/m2
Time,"NetHF0B","NetHF0T"
 0.0000000E+000, 0.0000000E+000, 0.0000000E+000
 5.0005204E+003, 5.0997660E-004, 4.9644615E-004
 1.0000725E+004, 4.6181445E-004, 4.7580475E-004
 1.5000000E+004, 4.9169841E-004, 4.9397180E-004
