s,kg/m3,m/s,kW/m2,kW/m2
Time,"RHO","U-VEL","NetHF0B","NetHF0T"
 0.0000000E+000, 1.1934192E+000, 4.5000000E-002, 0.0000000E+000, 0.0000000E+000
 5.0000041E+003, 1.1934552E+000, 4.0603305E-002, 6.9091683E-004, 6.3694882E-004
 1.0000037E+004, 1.1934187E+000, 4.0835665E-002, 4.8635786E-004, 4.9647405E-004
 1.5000015E+004, 1.1934200E+000, 4.3408181E-002, 5.0173795E-004, 5.0005442E-004
 2.0000048E+004, 1.1934191E+000, 4.4154746E-002, 4.9532331E-004, 4.9876765E-004
 2.5000000E+004, 1.1934193E+000, 4.4364228E-002, 5.0171590E-004, 4.9997437E-004
