s,kg/m3,m/s,kW/m2,kW/m2
Time,"RHO","U-VEL","HF0B","HF0T"
 0.0000000E+000, 1.1934192E+000, 4.5000000E-002, 0.0000000E+000, 0.0000000E+000
 5.0000235E+003, 1.1934287E+000, 4.1645623E-002, 4.3485273E-004, 3.9878004E-004
 1.0000021E+004, 1.1934200E+000, 4.1743283E-002, 4.6261197E-004, 4.5987430E-004
 1.5000045E+004, 1.1934191E+000, 4.3750915E-002, 4.9339516E-004, 4.8694931E-004
 2.0000019E+004, 1.1934185E+000, 4.4374522E-002, 4.9757274E-004, 4.9797454E-004
 2.5000000E+004, 1.1934200E+000, 4.4544425E-002, 4.9816594E-004, 4.9801162E-004
