s,kW/m2,kW/m2
Time,"NetHF0B","NetHF0T"
 0.0000000E+000, 0.0000000E+000, 0.0000000E+000
 5.0003441E+003, 6.3640814E-004, 6.4154037E-004
 1.0000273E+004, 9.6189482E-006, 9.7161115E-006
 1.5000000E+004, 1.2993043E-007, 1.2687073E-007
