s,kg/m3,m/s,kW/m2,kW/m2
Time,"RHO","U-VEL","HF0B","HF0T"
 0.0000000E+000, 1.1934192E+000, 4.5000000E-002, 0.0000000E+000, 0.0000000E+000
 5.0000615E+003, 1.1934255E+000, 4.1647162E-002, 2.9655190E-004, 2.8337952E-004
 1.0000027E+004, 1.1934188E+000, 4.1724317E-002, 3.9542764E-004, 3.9056811E-004
 1.5000019E+004, 1.1934202E+000, 4.3613511E-002, 4.5857313E-004, 4.5837530E-004
 2.0000045E+004, 1.1934196E+000, 4.4148104E-002, 4.8805379E-004, 4.8536264E-004
 2.5000000E+004, 1.1934181E+000, 4.4330475E-002, 4.9496272E-004, 4.8609842E-004
