s,kg/m3,m/s,kW/m2,kW/m2
Time,RHO,U-VEL,HF0B,HF0T
 0.0000000E+000, 1.1934192E+000, 4.5000000E-002, 0.0000000E+000, 0.0000000E+000
 5.0000504E+003, 1.1934449E+000, 4.0935184E-002, 4.9243148E-004, 4.3859318E-004
 1.0000012E+004, 1.1934201E+000, 4.1161293E-002, 4.7963693E-004, 4.6692406E-004
 1.5000020E+004, 1.1934181E+000, 4.3247597E-002, 4.9566843E-004, 5.0353865E-004
 2.0000029E+004, 1.1934197E+000, 4.3933188E-002, 4.8924942E-004, 5.0003843E-004
 2.5000000E+004, 1.1934193E+000, 4.4118878E-002, 5.0500609E-004, 5.0062006E-004
