s,kW/m2,kW/m2
Time,"NetHF0B","NetHF0T"
 0.0000000E+000, 0.0000000E+000, 0.0000000E+000
 5.0000632E+003, 3.5585733E-004, 3.5402563E-004
 1.0000057E+004, 4.1572530E-004, 4.1427162E-004
 1.5000000E+004, 4.8595128E-004, 4.7664350E-004
