s,kW/m2,kW/m2
Time,"NetHF0B","NetHF0T"
 0.0000000E+000, 0.0000000E+000, 0.0000000E+000
 5.0006162E+003, 2.2410445E-004, 2.2512806E-004
 1.0000539E+004, 5.0648192E-005, 5.0713055E-005
 1.5000000E+004, 1.1705303E-005, 1.2315107E-005
