s,kg/m3,m/s,kW/m2,kW/m2
Time,"RHO","U-VEL","HF0B","HF0T"
 0.0000000E+000, 1.1934192E+000, 4.5000000E-002, 0.0000000E+000, 0.0000000E+000
 5.0000076E+003, 1.1934300E+000, 4.1623781E-002, 4.9922775E-004, 4.4819472E-004
 1.0000051E+004, 1.1934182E+000, 4.1687756E-002, 4.8479416E-004, 4.8039266E-004
 1.5000044E+004, 1.1934207E+000, 4.3625915E-002, 5.0115765E-004, 4.9512204E-004
 2.0000038E+004, 1.1934194E+000, 4.4204770E-002, 5.0334525E-004, 4.9517916E-004
 2.5000000E+004, 1.1934184E+000, 4.4364123E-002, 4.8916249E-004, 4.9594448E-004
