s,kg/m3,m/s,kW/m2,kW/m2
Time,RHO,U-VEL,HF0B,HF0T
 0.0000000E+000, 1.1934192E+000, 4.5000000E-002, 0.0000000E+000, 0.0000000E+000
 5.0000084E+003, 1.1934344E+000, 4.0995757E-002, 2.8809244E-004, 2.8357541E-004
 1.0000063E+004, 1.1934192E+000, 4.1188252E-002, 3.9611138E-004, 3.8683783E-004
 1.5000010E+004, 1.1934193E+000, 4.3296424E-002, 4.5246661E-004, 4.5681594E-004
 2.0000006E+004, 1.1934191E+000, 4.3929916E-002, 4.7926281E-004, 4.7564017E-004
 2.5000000E+004, 1.1934185E+000, 4.4087058E-002, 4.9045197E-004, 4.8988794E-004
