s,kg/m3,m/s,kW/m2,kW/m2
Time,"RHO","U-VEL","HF0B","HF0T"
 0.0000000E+000, 1.1934192E+000, 4.5000000E-002, 0.0000000E+000, 0.0000000E+000
 5.0000073E+003, 1.1934300E+000, 4.1594824E-002, 4.9962548E-004, 4.4066631E-004
 1.0000032E+004, 1.1934201E+000, 4.1705373E-002, 4.8149964E-004, 4.8506425E-004
 1.5000057E+004, 1.1934188E+000, 4.3686553E-002, 4.9795448E-004, 5.0332027E-004
 2.0000016E+004, 1.1934192E+000, 4.4268536E-002, 5.0199332E-004, 5.0159244E-004
 2.5000000E+004, 1.1934187E+000, 4.4503596E-002, 4.9611755E-004, 5.0333165E-004
