s,kW/m2,kW/m2
Time,"NetHF0B","NetHF0T"
 0.0000000E+000, 0.0000000E+000, 0.0000000E+000
 5.0002949E+003, 3.5630150E-004, 3.5371646E-004
 1.0000099E+004, 4.2671906E-004, 4.1279794E-004
 1.5000000E+004, 4.6500653E-004, 4.7360457E-004
