s,kg/m3,m/s,kW/m2,kW/m2
Time,"RHO","U-VEL","HF0B","HF0T"
 0.0000000E+000, 1.1934192E+000, 4.5000000E-002, 0.0000000E+000, 0.0000000E+000
 5.0000028E+003, 1.1934298E+000, 4.1665546E-002, 4.2969463E-004, 3.9465591E-004
 1.0000021E+004, 1.1934193E+000, 4.1792394E-002, 4.6404077E-004, 4.6513370E-004
 1.5000039E+004, 1.1934183E+000, 4.3760512E-002, 4.9621777E-004, 4.8833849E-004
 2.0000056E+004, 1.1934195E+000, 4.4310704E-002, 4.9771310E-004, 5.0445361E-004
 2.5000000E+004, 1.1934190E+000, 4.4478650E-002, 4.9320131E-004, 5.0307276E-004
