s,kg/m3,m/s,kW/m2,kW/m2
Time,"RHO","U-VEL","NetHF0B","NetHF0T"
 0.0000000E+000, 1.1934192E+000, 4.5000000E-002, 0.0000000E+000, 0.0000000E+000
 5.0000617E+003, 1.1934523E+000, 4.0578507E-002, 4.9267194E-004, 4.4068392E-004
 1.0000034E+004, 1.1934192E+000, 4.0853104E-002, 4.8967659E-004, 4.8060007E-004
 1.5000007E+004, 1.1934184E+000, 4.3342246E-002, 5.0060759E-004, 5.0253230E-004
 2.0000041E+004, 1.1934219E+000, 4.4047556E-002, 5.0107134E-004, 5.0080683E-004
 2.5000000E+004, 1.1934166E+000, 4.4368289E-002, 5.0207149E-004, 5.0593000E-004
