s,kg/m3,m/s,kW/m2,kW/m2
Time,"RHO","U-VEL","HF0B","HF0T"
 0.0000000E+000, 1.1934192E+000, 4.5000000E-002, 0.0000000E+000, 0.0000000E+000
 5.0000073E+003, 1.1934311E+000, 4.1598507E-002, 4.9975088E-004, 4.4051120E-004
 1.0000032E+004, 1.1934178E+000, 4.1687055E-002, 4.8878571E-004, 4.7867403E-004
 1.5000057E+004, 1.1934203E+000, 4.3646065E-002, 4.9669118E-004, 4.9415718E-004
 2.0000016E+004, 1.1934187E+000, 4.4207065E-002, 4.9623667E-004, 4.9924892E-004
 2.5000000E+004, 1.1934178E+000, 4.4384965E-002, 4.9887901E-004, 4.9586603E-004
