s,kW/m2,kW/m2
Time,"NetHF0B","NetHF0T"
 0.0000000E+000, 0.0000000E+000, 0.0000000E+000
 5.0006155E+003, 3.6214755E-004, 3.6211662E-004
 1.0000604E+004, 4.3631125E-004, 4.2353858E-004
 1.5000000E+004, 4.7321738E-004, 4.7613179E-004
