s,kg/m3,m/s,kW/m2,kW/m2
Time,"RHO","U-VEL","HF0B","HF0T"
 0.0000000E+000, 1.1934192E+000, 4.5000000E-002, 0.0000000E+000, 0.0000000E+000
 5.0000512E+003, 1.1934255E+000, 4.1658504E-002, 2.9573074E-004, 2.8380379E-004
 1.0000003E+004, 1.1934193E+000, 4.1803637E-002, 3.9181931E-004, 3.9331569E-004
 1.5000029E+004, 1.1934191E+000, 4.3756696E-002, 4.5735722E-004, 4.5297085E-004
 2.0000062E+004, 1.1934195E+000, 4.4310428E-002, 4.8638258E-004, 4.8192842E-004
 2.5000000E+004, 1.1934192E+000, 4.4373652E-002, 4.9784863E-004, 4.9038241E-004
