s,kg/m3,m/s,kW/m2,kW/m2
Time,"RHO","U-VEL","HF0B","HF0T"
 0.0000000E+000, 1.1934192E+000, 4.5000000E-002, 0.0000000E+000, 0.0000000E+000
 5.0000516E+003, 1.1934292E+000, 4.1670560E-002, 5.0186679E-004, 4.4354940E-004
 1.0000061E+004, 1.1934219E+000, 4.1805622E-002, 4.8211621E-004, 4.6892838E-004
 1.5000008E+004, 1.1934169E+000, 4.3665178E-002, 4.9745495E-004, 4.9554812E-004
 2.0000016E+004, 1.1934198E+000, 4.4190908E-002, 4.9716046E-004, 4.9718539E-004
 2.5000000E+004, 1.1934199E+000, 4.4383688E-002, 5.0064539E-004, 5.0163608E-004
