s,kg/m3,m/s,kW/m2,kW/m2
Time,"RHO","U-VEL","HF0B","HF0T"
 0.0000000E+000, 1.1934192E+000, 4.5000000E-002, 0.0000000E+000, 0.0000000E+000
 5.0000055E+003, 1.1934249E+000, 4.1624519E-002, 8.5881920E-004, 6.4554606E-004
 1.0000043E+004, 1.1934186E+000, 4.1814293E-002, 5.0146844E-004, 4.9161516E-004
 1.5000017E+004, 1.1934196E+000, 4.3648136E-002, 5.0245379E-004, 4.9884628E-004
 2.0000051E+004, 1.1934191E+000, 4.4139963E-002, 5.0491163E-004, 5.0055946E-004
 2.5000000E+004, 1.1934177E+000, 4.4362505E-002, 5.0086066E-004, 5.1014727E-004
