s,kg/m3,m/s,kW/m2,kW/m2
Time,"RHO","U-VEL","HF0B","HF0T"
 0.0000000E+000, 1.1934192E+000, 4.5000000E-002, 0.0000000E+000, 0.0000000E+000
 5.0000092E+003, 1.1934241E+000, 4.1563222E-002, 8.5843019E-004, 6.3661114E-004
 1.0000038E+004, 1.1934196E+000, 4.1587491E-002, 5.0136700E-004, 4.9257225E-004
 1.5000055E+004, 1.1934192E+000, 4.3618558E-002, 5.0444444E-004, 4.9008466E-004
 2.0000015E+004, 1.1934192E+000, 4.4195136E-002, 4.9203587E-004, 5.0914894E-004
 2.5000000E+004, 1.1934189E+000, 4.4354450E-002, 4.9342315E-004, 4.9512124E-004
