s,kg/m3,m/s,kW/m2,kW/m2
Time,"RHO","U-VEL","NetHF0B","NetHF0T"
 0.0000000E+000, 1.1934192E+000, 4.5000000E-002, 0.0000000E+000, 0.0000000E+000
 5.0000107E+003, 1.1934502E+000, 4.0534165E-002, 4.9243464E-004, 4.4593746E-004
 1.0000039E+004, 1.1934192E+000, 4.0838410E-002, 4.9166497E-004, 4.7781345E-004
 1.5000004E+004, 1.1934196E+000, 4.3289707E-002, 5.0289509E-004, 4.9888857E-004
 2.0000032E+004, 1.1934198E+000, 4.4078128E-002, 4.9263987E-004, 5.0183987E-004
 2.5000000E+004, 1.1934181E+000, 4.4362072E-002, 5.0115103E-004, 5.0317112E-004
