s,kW/m2,kW/m2
Time,"NetHF0B","NetHF0T"
 0.0000000E+000, 0.0000000E+000, 0.0000000E+000
 5.0000489E+003, 5.0670248E-004, 4.9744701E-004
 1.0000321E+004, 4.7467481E-004, 4.6168518E-004
 1.5000000E+004, 4.9382786E-004, 5.0590802E-004
