s,kW/m2,kW/m2
Time,"NetHF0B","NetHF0T"
 0.0000000E+000, 0.0000000E+000, 0.0000000E+000
 5.0002644E+003, 9.4908019E-004, 9.5098810E-004
 1.0000294E+004, 5.0679477E-004, 5.1222000E-004
 1.5000000E+004, 5.0036967E-004, 4.9752383E-004
