s,kg/m3,m/s,kW/m2,kW/m2
Time,"RHO","U-VEL","NetHF0B","NetHF0T"
 0.0000000E+000, 1.1934192E+000, 4.5000000E-002, 0.0000000E+000, 0.0000000E+000
 5.0000071E+003, 1.1934468E+000, 4.0517356E-002, 8.2894007E-004, 6.3426568E-004
 1.0000050E+004, 1.1934187E+000, 4.0746820E-002, 5.1003781E-004, 4.8338710E-004
 1.5000013E+004, 1.1934194E+000, 4.3318380E-002, 4.9698197E-004, 4.9431967E-004
 2.0000033E+004, 1.1934190E+000, 4.4143756E-002, 4.9777698E-004, 5.0564688E-004
 2.5000000E+004, 1.1934191E+000, 4.4267760E-002, 4.9565317E-004, 4.9388464E-004
