s,kg/m3,m/s,kW/m2,kW/m2
Time,"RHO","U-VEL","NetHF0B","NetHF0T"
 0.0000000E+000, 1.1934192E+000, 4.5000000E-002, 0.0000000E+000, 0.0000000E+000
 5.0000071E+003, 1.1934461E+000, 4.0510105E-002, 8.3016480E-004, 6.3625630E-004
 1.0000050E+004, 1.1934198E+000, 4.0750050E-002, 5.0265236E-004, 4.8657591E-004
 1.5000013E+004, 1.1934197E+000, 4.3293032E-002, 4.9975375E-004, 5.0098679E-004
 2.0000033E+004, 1.1934182E+000, 4.4067029E-002, 5.0293381E-004, 4.9762959E-004
 2.5000000E+004, 1.1934195E+000, 4.4289558E-002, 5.0090323E-004, 4.9726518E-004
