s,kg/m3,m/s,kW/m2,kW/m2
Time,"RHO","U-VEL","HF0B","HF0T"
 0.0000000E+000, 1.1934192E+000, 4.5000000E-002, 0.0000000E+000, 0.0000000E+000
 5.0000098E+003, 1.1934244E+000, 4.1611028E-002, 8.6554397E-004, 6.3582769E-004
 1.0000038E+004, 1.1934201E+000, 4.1645107E-002, 4.9492201E-004, 4.9425393E-004
 1.5000019E+004, 1.1934179E+000, 4.3683354E-002, 5.0091538E-004, 4.9539752E-004
 2.0000001E+004, 1.1934192E+000, 4.4257555E-002, 4.9782525E-004, 4.9699830E-004
 2.5000000E+004, 1.1934189E+000, 4.4453106E-002, 5.0236167E-004, 4.9693251E-004
