s,kW/m2,kW/m2
Time,"NetHF0B","NetHF0T"
 0.0000000E+000, 0.0000000E+000, 0.0000000E+000
 5.0006116E+003, 5.1144596E-004, 4.9772572E-004
 1.0000282E+004, 4.7094716E-004, 4.5575290E-004
 1.5000000E+004, 5.0547700E-004, 4.8611601E-004
