s,kg/m3,m/s,kW/m2,kW/m2
Time,"RHO","U-VEL","HF0B","HF0T"
 0.0000000E+000, 1.1934192E+000, 4.5000000E-002, 0.0000000E+000, 0.0000000E+000
 5.0000619E+003, 1.1934288E+000, 4.1623363E-002, 4.2925552E-004, 3.9796985E-004
 1.0000035E+004, 1.1934204E+000, 4.1641677E-002, 4.6925218E-004, 4.6123961E-004
 1.5000027E+004, 1.1934191E+000, 4.3625484E-002, 4.9338318E-004, 4.9201477E-004
 2.0000018E+004, 1.1934191E+000, 4.4212339E-002, 4.9686581E-004, 5.0006308E-004
 2.5000000E+004, 1.1934187E+000, 4.4392670E-002, 5.0291171E-004, 4.9789038E-004
