s,kg/m3,m/s,kW/m2,kW/m2
Time,RHO,U-VEL,HF0B,HF0T
 0.0000000E+000, 1.1934192E+000, 4.5000000E-002, 0.0000000E+000, 0.0000000E+000
 5.0000269E+003, 1.1934338E+000, 4.0976884E-002, 2.8784943E-004, 2.8248590E-004
 1.0000015E+004, 1.1934202E+000, 4.1108745E-002, 3.9207555E-004, 3.8687992E-004
 1.5000042E+004, 1.1934187E+000, 4.3269995E-002, 4.5277414E-004, 4.5214435E-004
 2.0000013E+004, 1.1934191E+000, 4.3874899E-002, 4.7998536E-004, 4.7847941E-004
 2.5000000E+004, 1.1934199E+000, 4.4079127E-002, 4.9241402E-004, 4.8694535E-004
