s,kW/m2,kW/m2
Time,"NetHF0B","NetHF0T"
 0.0000000E+000, 0.0000000E+000, 0.0000000E+000
 5.0007352E+003, 3.5597258E-004, 3.5290408E-004
 1.0000474E+004, 4.1756728E-004, 4.1286350E-004
 1.5000000E+004, 4.7706247E-004, 4.7492897E-004
