s,kg/m3,m/s,kW/m2,kW/m2
Time,RHO,U-VEL,HF0B,HF0T
 0.0000000E+000, 1.1934192E+000, 4.5000000E-002, 0.0000000E+000, 0.0000000E+000
 5.0000291E+003, 1.1934411E+000, 4.1068161E-002, 4.2377584E-004, 3.9108478E-004
 1.0000016E+004, 1.1934194E+000, 4.1257651E-002, 4.6415998E-004, 4.5602258E-004
 1.5000003E+004, 1.1934196E+000, 4.3311548E-002, 4.9888925E-004, 4.8873794E-004
 2.0000057E+004, 1.1934199E+000, 4.3903026E-002, 5.0297579E-004, 5.0020658E-004
 2.5000000E+004, 1.1934183E+000, 4.4087810E-002, 5.0141161E-004, 4.9743146E-004
