s,kg/m3,m/s,kW/m2,kW/m2
Time,RHO,U-VEL,HF0B,HF0T
 0.0000000E+000, 1.1934192E+000, 4.5000000E-002, 0.0000000E+000, 0.0000000E+000
 5.0000331E+003, 1.1934404E+000, 4.1000442E-002, 8.2041351E-004, 6.3022786E-004
 1.0000008E+004, 1.1934197E+000, 4.1118076E-002, 4.9846727E-004, 4.9576601E-004
 1.5000013E+004, 1.1934189E+000, 4.3191575E-002, 4.9858813E-004, 4.9571666E-004
 2.0000037E+004, 1.1934196E+000, 4.3866291E-002, 4.9318743E-004, 4.9725062E-004
 2.5000000E+004, 1.1934184E+000, 4.4093263E-002, 4.9592931E-004, 4.9996801E-004
