s,kg/m3,m/s,kW/m2,kW/m2
Time,"RHO","U-VEL","HF0B","HF0T"
 0.0000000E+000, 1.1934192E+000, 4.5000000E-002, 0.0000000E+000, 0.0000000E+000
 5.0000235E+003, 1.1934295E+000, 4.1631501E-002, 4.3858210E-004, 4.0060306E-004
 1.0000021E+004, 1.1934184E+000, 4.1625447E-002, 4.7382942E-004, 4.5597290E-004
 1.5000019E+004, 1.1934193E+000, 4.3647828E-002, 4.9355128E-004, 4.8765391E-004
 2.0000015E+004, 1.1934184E+000, 4.4170126E-002, 5.0611401E-004, 4.9358079E-004
 2.5000000E+004, 1.1934201E+000, 4.4376460E-002, 5.0133625E-004, 4.9488510E-004
