s,kW,kW
Time,qdot1,qdot2
 0.0000000E+000, 0.0000000E+000, 0.0000000E+000
 1.0264375E+000, 1.8486605E-004, 1.5113002E-004
 2.0082473E+000, 3.2786613E-004, 3.2271175E-004
 3.0346848E+000, 3.4756854E-004, 3.5102930E-004
 4.0164946E+000, 3.1535794E-004, 3.7137560E-004
 5.0000000E+000, 3.1801065E-004, 3.6057783E-004
