s,kW,kW
Time,qdot1,qdot2
 0.0000000E+000, 0.0000000E+000, 0.0000000E+000
 1.0080319E+000, 2.9277470E-004, 2.9484498E-004
 2.0048581E+000, 4.4842998E-004, 4.9835353E-004
 3.0048454E+000, 4.7990504E-004, 5.4439667E-004
 4.0048326E+000, 4.8075654E-004, 5.5272118E-004
 5.0000000E+000, 4.8060810E-004, 5.5321579E-004
