s,kW,kW
Time,qdot1,qdot2
 0.0000000E+000, 0.0000000E+000, 0.0000000E+000
 1.0264375E+000, 1.8480032E-004, 1.5113015E-004
 2.0082473E+000, 3.2757129E-004, 3.2407988E-004
 3.0346848E+000, 3.4665383E-004, 3.5091038E-004
 4.0164946E+000, 3.1450050E-004, 3.7298552E-004
 5.0000000E+000, 3.1888638E-004, 3.6212404E-004
