s,kW,kW
Time,"qdot1","qdot2"
 0.0000000E+000, 0.0000000E+000, 0.0000000E+000
 1.0025242E+000, 2.9210431E-004, 2.9439039E-004
 2.0001074E+000, 4.4711121E-004, 5.0476484E-004
 3.0039916E+000, 4.7756952E-004, 5.4968886E-004
 4.0004397E+000, 4.7804068E-004, 5.5795916E-004
 5.0000000E+000, 4.7777860E-004, 5.5850227E-004
