s,kW,kW
Time,"qdot1","qdot2"
 0.0000000E+000, 0.0000000E+000, 0.0000000E+000
 1.0025242E+000, 2.9210431E-004, 2.9439039E-004
 2.0004141E+000, 4.4712158E-004, 5.0477134E-004
 3.0007316E+000, 4.7756990E-004, 5.4967576E-004
 4.0016972E+000, 4.7803765E-004, 5.5795452E-004
 5.0000000E+000, 4.7777952E-004, 5.5850205E-004
