s,kW,kW
Time,"qdot1","qdot2"
 0.0000000E+000, 0.0000000E+000, 0.0000000E+000
 1.0025242E+000, 2.9210431E-004, 2.9439039E-004
 2.0001961E+000, 4.4711387E-004, 5.0476965E-004
 3.0022436E+000, 4.7757365E-004, 5.4969134E-004
 4.0060403E+000, 4.7804345E-004, 5.5796247E-004
 5.0000000E+000, 4.7777829E-004, 5.5850507E-004
