s,kW,kW
Time,"qdot1","qdot2"
 0.0000000E+000, 0.0000000E+000, 0.0000000E+000
 1.0041237E+000, 2.3756771E-004, 2.3835938E-004
 2.0071258E+000, 3.8541083E-004, 4.4369626E-004
 3.0034435E+000, 4.1484153E-004, 4.8779142E-004
 4.0175526E+000, 4.1439576E-004, 4.9478909E-004
 5.0000000E+000, 4.1391711E-004, 4.9571705E-004
