s,kW,kW
Time,"qdot1","qdot2"
 0.0000000E+000, 0.0000000E+000, 0.0000000E+000
 1.0025242E+000, 2.9210431E-004, 2.9439039E-004
 2.0007899E+000, 4.4713260E-004, 5.0478600E-004
 3.0073288E+000, 4.7756985E-004, 5.4972749E-004
 4.0066493E+000, 4.7804401E-004, 5.5796809E-004
 5.0000000E+000, 4.7777701E-004, 5.5850310E-004
