s,Pa,kg/m3,kW,kW
Time,"p0","rho","Q1-0","Q2-0"
 0.0000000E+000, 1.0132500E+005, 1.1794096E+000,-8.8285481E-002, 0.0000000E+000
 1.0011161E+001, 1.0146998E+005, 1.1814714E+000,-4.7355591E-002, 2.1414590E-002
 2.0011161E+001, 1.0156644E+005, 1.1839642E+000,-3.6319582E-002, 2.8064514E-002
 3.0000000E+001, 1.0161832E+005, 1.1844356E+000,-3.5400590E-002, 3.0037272E-002
 4.0000000E+001, 1.0165477E+005, 1.1843187E+000,-3.4587656E-002, 3.0577130E-002
 5.0000000E+001, 1.0168150E+005, 1.1844245E+000,-3.4216908E-002, 3.1580319E-002
 6.0000000E+001, 1.0169905E+005, 1.1846320E+000,-3.3945158E-002, 3.2015283E-002
 7.0000000E+001, 1.0171234E+005, 1.1838383E+000,-3.3869813E-002, 3.2468296E-002
 8.0011161E+001, 1.0172146E+005, 1.1845572E+000,-3.3501995E-002, 3.2555687E-002
 9.0011161E+001, 1.0172829E+005, 1.1847689E+000,-3.3477455E-002, 3.2816406E-002
 1.0001116E+002, 1.0173188E+005, 1.1842578E+000,-3.3422768E-002, 3.2981430E-002
 1.1001116E+002, 1.0173490E+005, 1.1839734E+000,-3.3241174E-002, 3.2951463E-002
 1.2001116E+002, 1.0173684E+005, 1.1844192E+000,-3.3090089E-002, 3.2938465E-002
 1.3001116E+002, 1.0173803E+005, 1.1839982E+000,-3.3175807E-002, 3.2931293E-002
 1.4001116E+002, 1.0174058E+005, 1.1845719E+000,-3.3273728E-002, 3.2937771E-002
 1.5001116E+002, 1.0174229E+005, 1.1841163E+000,-3.3237285E-002, 3.3104806E-002
 1.6001116E+002, 1.0174334E+005, 1.1842063E+000,-3.3208157E-002, 3.3108538E-002
 1.7001116E+002, 1.0174346E+005, 1.1842661E+000,-3.3095154E-002, 3.3193803E-002
 1.8000000E+002, 1.0174296E+005, 1.1841220E+000,-3.3249299E-002, 3.3309734E-002
 1.9000000E+002, 1.0174244E+005, 1.1843863E+000,-3.3055964E-002, 3.3136834E-002
 2.0000000E+002, 1.0174165E+005, 1.1843922E+000,-3.3117119E-002, 3.3108168E-002
 2.1000000E+002, 1.0174185E+005, 1.1844994E+000,-3.3141656E-002, 3.3106696E-002
 2.1800000E+002, 1.0174301E+005, 1.1842473E+000,-3.3227231E-002, 3.3041668E-002
