s,Pa,kg/m3,kW,kW
Time,"p0","rho","Q1-0","Q2-0"
 0.0000000E+000, 1.0132500E+005, 1.1794096E+000,-8.7993316E-004, 0.0000000E+000
 1.0004034E-001, 1.0174183E+005, 1.1827293E+000,-3.1819269E-005, 2.6290600E-005
 2.0003864E-001, 1.0174826E+005, 1.1827651E+000,-2.3836127E-005, 2.3835833E-005
 2.7000000E-001, 1.0174826E+005, 1.1827671E+000,-2.3835982E-005, 2.3835985E-005
