s,kW,kW,Pa,kg/m3
Time,"Q1-0","Q2-0","p0","rho"
 0.0000000E+000,-8.8756302E-003, 0.0000000E+000, 1.0132500E+005, 1.1794096E+000
 1.0023291E+000,-9.9536737E-004, 4.3495830E-004, 1.0169405E+005, 1.1855083E+000
 2.0046582E+000,-3.3966797E-004, 3.1560114E-004, 1.0175360E+005, 1.1888296E+000
 3.0069872E+000,-4.2217615E-004, 3.9854293E-004, 1.0177570E+005, 1.1935624E+000
 4.0022577E+000,-6.2656764E-004, 6.3112539E-004, 1.0178548E+005, 1.1967621E+000
 5.0045867E+000,-6.4732999E-004, 6.6642152E-004, 1.0177864E+005, 1.1974655E+000
 6.0069158E+000,-6.4707805E-004, 6.6112847E-004, 1.0176846E+005, 1.1962863E+000
 7.0021862E+000,-6.5297311E-004, 6.6559289E-004, 1.0176112E+005, 1.1945933E+000
 8.0045153E+000,-6.5942113E-004, 6.6652696E-004, 1.0175834E+005, 1.1939277E+000
 9.0068444E+000,-6.5880488E-004, 6.6579028E-004, 1.0175721E+005, 1.1950278E+000
 1.0002115E+001,-6.6029442E-004, 6.6724926E-004, 1.0175635E+005, 1.1958303E+000
 1.1004444E+001,-6.6036080E-004, 6.6752472E-004, 1.0175548E+005, 1.1954553E+000
 1.2006773E+001,-6.5985999E-004, 6.6623827E-004, 1.0175502E+005, 1.1946859E+000
 1.3002043E+001,-6.5913933E-004, 6.6561986E-004, 1.0175500E+005, 1.1952274E+000
 1.4004372E+001,-6.5863576E-004, 6.6531441E-004, 1.0175496E+005, 1.1946997E+000
 1.5006702E+001,-6.5751839E-004, 6.6432810E-004, 1.0175482E+005, 1.1950573E+000
 1.6001972E+001,-6.5602488E-004, 6.6285048E-004, 1.0175477E+005, 1.1946988E+000
 1.7004301E+001,-6.5385762E-004, 6.6090395E-004, 1.0175466E+005, 1.1933204E+000
 1.8006630E+001,-6.5081078E-004, 6.5827645E-004, 1.0175435E+005, 1.1916906E+000
 1.9001901E+001,-6.4686805E-004, 6.5448875E-004, 1.0175378E+005, 1.1897584E+000
 2.0004230E+001,-6.4224096E-004, 6.4943725E-004, 1.0175326E+005, 1.1874181E+000
 2.1004423E+001,-6.3668328E-004, 6.4302201E-004, 1.0175306E+005, 1.1856278E+000
 2.2001758E+001,-6.2979906E-004, 6.3438206E-004, 1.0175352E+005, 1.1846255E+000
 2.3005445E+001,-6.2098719E-004, 6.2297539E-004, 1.0175496E+005, 1.1837887E+000
 2.4000000E+001,-6.1038267E-004, 6.0971801E-004, 1.0175746E+005, 1.1830037E+000
