s,Pa,kg/m3,kW,kW
Time,p0,rho,Q1-0,Q2-0
 0.0000000E+000, 1.0132500E+005, 1.1794096E+000,-8.7993316E-004, 0.0000000E+000
 1.0004034E-001, 1.0174185E+005, 1.1827343E+000,-3.1814359E-005, 2.6285188E-005
 2.0003864E-001, 1.0174830E+005, 1.1827658E+000,-2.3836232E-005, 2.3835922E-005
 2.7000000E-001, 1.0174831E+005, 1.1827676E+000,-2.3836073E-005, 2.3836071E-005
