s,Pa,kg/m3,kW,kW
Time,"p0","rho","Q1-0","Q2-0"
 0.0000000E+000, 1.0132500E+005, 8.8318715E-001,-2.7676600E+000, 0.0000000E+000
 1.0003788E+001, 1.0608074E+005, 1.0280802E+000,-1.5037109E+000, 4.8453643E-001
 2.0012395E+001, 1.1147344E+005, 1.0407449E+000,-1.2028492E+000, 7.1890668E-001
 3.0017469E+001, 1.1429649E+005, 1.0425032E+000,-1.0889129E+000, 8.3383805E-001
 4.0013145E+001, 1.1578811E+005, 1.0408737E+000,-1.0314857E+000, 8.9711198E-001
 5.0003248E+001, 1.1656377E+005, 1.0390086E+000,-9.9764175E-001, 9.2774416E-001
 6.0008400E+001, 1.1697656E+005, 1.0418820E+000,-9.8238283E-001, 9.4480409E-001
 7.0006783E+001, 1.1719679E+005, 1.0399912E+000,-9.7358628E-001, 9.5329817E-001
 8.0014488E+001, 1.1731120E+005, 1.0371102E+000,-9.6714832E-001, 9.5844009E-001
 8.7000000E+001, 1.1735344E+005, 1.0397409E+000,-9.6461493E-001, 9.6008299E-001
