s,Pa,kg/m3,kW,kW
Time,"p0","rho","Q1-0","Q2-0"
 0.0000000E+000, 1.0132500E+005, 8.8318715E-001,-1.8474186E-001, 0.0000000E+000
 1.0004375E+000, 1.0753980E+005, 9.5483456E-001,-2.3790103E-002, 1.5805951E-002
 2.0003644E+000, 1.0740619E+005, 9.6281462E-001,-2.1696666E-002, 2.2067984E-002
 3.0010083E+000, 1.0732666E+005, 8.9629138E-001,-2.1119173E-002, 2.1153026E-002
 4.0006896E+000, 1.0724114E+005, 9.8157809E-001,-2.1213541E-002, 2.1302096E-002
 5.0009016E+000, 1.0728238E+005, 9.8867671E-001,-2.1218975E-002, 2.1318126E-002
 6.0010634E+000, 1.0725311E+005, 9.1801456E-001,-2.1548591E-002, 2.1451290E-002
 7.0006551E+000, 1.0724944E+005, 9.3823819E-001,-2.1245520E-002, 2.1357937E-002
 8.0013463E+000, 1.0731460E+005, 9.6523371E-001,-2.1829964E-002, 2.1705661E-002
 9.0000000E+000, 1.0736422E+005, 1.0062935E+000,-2.1705827E-002, 2.1762297E-002
