s,Pa,kg/m3,kW,kW
Time,"p0","rho","Q1-0","Q2-0"
 0.0000000E+000, 1.0132500E+005, 1.1954478E+000,-8.6343634E-004, 0.0000000E+000
 1.0023291E+000, 1.0142672E+005, 1.1969458E+000,-2.2487454E-004, 4.9406300E-005
 2.0046582E+000, 1.0147060E+005, 1.1978362E+000,-7.2213432E-005, 5.2439383E-005
 3.0069872E+000, 1.0148144E+005, 1.1978872E+000,-5.9332378E-005, 4.9675186E-005
 4.0022577E+000, 1.0148717E+005, 1.1978595E+000,-5.6744994E-005, 5.1440981E-005
 5.0045867E+000, 1.0149035E+005, 1.1978303E+000,-5.5959052E-005, 5.2977429E-005
 6.0069158E+000, 1.0149216E+005, 1.1978121E+000,-5.5575240E-005, 5.3861761E-005
 7.0021862E+000, 1.0149320E+005, 1.1978036E+000,-5.5362046E-005, 5.4366978E-005
 8.0045153E+000, 1.0149381E+005, 1.1978004E+000,-5.5246694E-005, 5.4668075E-005
 9.0068444E+000, 1.0149416E+005, 1.1977994E+000,-5.5186436E-005, 5.4850972E-005
 1.0002115E+001, 1.0149437E+005, 1.1977992E+000,-5.5155836E-005, 5.4961163E-005
 1.1004444E+001, 1.0149449E+005, 1.1977992E+000,-5.5140426E-005, 5.5027467E-005
 1.2006773E+001, 1.0149455E+005, 1.1977991E+000,-5.5132755E-005, 5.5067363E-005
 1.3002043E+001, 1.0149459E+005, 1.1977991E+000,-5.5129068E-005, 5.5091156E-005
 1.4004372E+001, 1.0149462E+005, 1.1977991E+000,-5.5127373E-005, 5.5105399E-005
 1.5006702E+001, 1.0149463E+005, 1.1977990E+000,-5.5126659E-005, 5.5113963E-005
 1.6001972E+001, 1.0149464E+005, 1.1977990E+000,-5.5126417E-005, 5.5119084E-005
 1.7004301E+001, 1.0149464E+005, 1.1977990E+000,-5.5126388E-005, 5.5122167E-005
 1.8006630E+001, 1.0149465E+005, 1.1977990E+000,-5.5126445E-005, 5.5124036E-005
 1.9001901E+001, 1.0149465E+005, 1.1977990E+000,-5.5126527E-005, 5.5125166E-005
 2.0004230E+001, 1.0149465E+005, 1.1977990E+000,-5.5126606E-005, 5.5125854E-005
 2.1006559E+001, 1.0149465E+005, 1.1977990E+000,-5.5126674E-005, 5.5126277E-005
 2.2001829E+001, 1.0149465E+005, 1.1977990E+000,-5.5126727E-005, 5.5126535E-005
 2.3004158E+001, 1.0149465E+005, 1.1977990E+000,-5.5126767E-005, 5.5126693E-005
 2.4006487E+001, 1.0149465E+005, 1.1977990E+000,-5.5126796E-005, 5.5126792E-005
 2.5001758E+001, 1.0149465E+005, 1.1977990E+000,-5.5126816E-005, 5.5126852E-005
 2.6004087E+001, 1.0149465E+005, 1.1977990E+000,-5.5126830E-005, 5.5126890E-005
 2.7000000E+001, 1.0149465E+005, 1.1977990E+000,-5.5126840E-005, 5.5126913E-005
