s,Pa,kg/m3,kW,kW
Time,"p0","rho","Q1-0","Q2-0"
 0.0000000E+000, 1.0132500E+005, 8.8318715E-001,-1.8479020E-001, 0.0000000E+000
 1.0002373E+000, 1.0767968E+005, 9.4414371E-001,-2.3604330E-002, 1.5044796E-002
 2.0000909E+000, 1.0767290E+005, 9.5488878E-001,-2.2186050E-002, 2.2764929E-002
 3.0007956E+000, 1.0728809E+005, 9.1109635E-001,-2.0881742E-002, 2.0883524E-002
 4.0003852E+000, 1.0738292E+005, 9.2724335E-001,-2.0851000E-002, 2.0984418E-002
 5.0008297E+000, 1.0728265E+005, 9.5733087E-001,-2.0429558E-002, 2.0534598E-002
 6.0012741E+000, 1.0728945E+005, 9.6191145E-001,-2.0729701E-002, 2.0512562E-002
 7.0010008E+000, 1.0741109E+005, 9.6199747E-001,-2.0827045E-002, 2.1064963E-002
 8.0014194E+000, 1.0732182E+005, 9.8224063E-001,-2.1183465E-002, 2.1063069E-002
 9.0000000E+000, 1.0725627E+005, 9.0412828E-001,-2.0725036E-002, 2.0861906E-002
