s,Pa,kg/m3,kW,kW
Time,"p0","rho","Q1-0","Q2-0"
 0.0000000E+000, 1.0132500E+005, 1.1229154E+000,-3.4398999E-001, 0.0000000E+000
 1.0002053E+001, 1.0203254E+005, 1.1529994E+000,-2.0683544E-001, 5.6914299E-002
 2.0002053E+001, 1.0286147E+005, 1.1590495E+000,-1.6704218E-001, 8.2541009E-002
 3.0002053E+001, 1.0341807E+005, 1.1618829E+000,-1.5351159E-001, 9.5521391E-002
 4.0002053E+001, 1.0380061E+005, 1.1604106E+000,-1.4500458E-001, 1.0520248E-001
 5.0002053E+001, 1.0406170E+005, 1.1620012E+000,-1.3835341E-001, 1.1118838E-001
 6.0002053E+001, 1.0423895E+005, 1.1607354E+000,-1.3383137E-001, 1.1570363E-001
 7.0002053E+001, 1.0435800E+005, 1.1601512E+000,-1.3186029E-001, 1.1940286E-001
 8.0002053E+001, 1.0443895E+005, 1.1602158E+000,-1.2986035E-001, 1.2155207E-001
 9.0002053E+001, 1.0449487E+005, 1.1605536E+000,-1.2810224E-001, 1.2213152E-001
 1.0000205E+002, 1.0453464E+005, 1.1608167E+000,-1.2701889E-001, 1.2288759E-001
 1.1000205E+002, 1.0456110E+005, 1.1621365E+000,-1.2659541E-001, 1.2394028E-001
 1.2000205E+002, 1.0457843E+005, 1.1606398E+000,-1.2624260E-001, 1.2447384E-001
 1.3000205E+002, 1.0458993E+005, 1.1614481E+000,-1.2622119E-001, 1.2490229E-001
 1.4000000E+002, 1.0459848E+005, 1.1595503E+000,-1.2575545E-001, 1.2490729E-001
