s,Pa,kg/m3,kW,kW
Time,"p0","rho","Q1-0","Q2-0"
 0.0000000E+000, 1.0132500E+005, 1.1954478E+000,-8.6325807E-004, 0.0000000E+000
 1.0023291E+000, 1.0142614E+005, 1.1969401E+000,-2.2429560E-004, 5.0198894E-005
 2.0046582E+000, 1.0146932E+005, 1.1978260E+000,-7.2271780E-005, 5.2969494E-005
 3.0069872E+000, 1.0147990E+005, 1.1978773E+000,-5.9550551E-005, 5.0130951E-005
 4.0022577E+000, 1.0148548E+005, 1.1978449E+000,-5.7116126E-005, 5.1976476E-005
 5.0045867E+000, 1.0148854E+005, 1.1978122E+000,-5.6484703E-005, 5.3625675E-005
 6.0069158E+000, 1.0149027E+005, 1.1977944E+000,-5.6221931E-005, 5.4590523E-005
 7.0021862E+000, 1.0149126E+005, 1.1977866E+000,-5.6085822E-005, 5.5141356E-005
 8.0045153E+000, 1.0149184E+005, 1.1977832E+000,-5.6014512E-005, 5.5466482E-005
 9.0068444E+000, 1.0149217E+005, 1.1977816E+000,-5.5978160E-005, 5.5661399E-005
 1.0002115E+001, 1.0149237E+005, 1.1977809E+000,-5.5960124E-005, 5.5777052E-005
 1.1004444E+001, 1.0149248E+005, 1.1977805E+000,-5.5951337E-005, 5.5845561E-005
 1.2006773E+001, 1.0149254E+005, 1.1977802E+000,-5.5947267E-005, 5.5886264E-005
 1.3002043E+001, 1.0149258E+005, 1.1977801E+000,-5.5945620E-005, 5.5910355E-005
 1.4004372E+001, 1.0149260E+005, 1.1977800E+000,-5.5945147E-005, 5.5924744E-005
 1.5006702E+001, 1.0149261E+005, 1.1977799E+000,-5.5945194E-005, 5.5933415E-005
 1.6001972E+001, 1.0149262E+005, 1.1977799E+000,-5.5945432E-005, 5.5938624E-005
 1.7004301E+001, 1.0149262E+005, 1.1977799E+000,-5.5945706E-005, 5.5941773E-005
 1.8006630E+001, 1.0149263E+005, 1.1977799E+000,-5.5945953E-005, 5.5943690E-005
 1.9001901E+001, 1.0149263E+005, 1.1977799E+000,-5.5946152E-005, 5.5944852E-005
 2.0004230E+001, 1.0149263E+005, 1.1977799E+000,-5.5946304E-005, 5.5945561E-005
 2.1006559E+001, 1.0149263E+005, 1.1977799E+000,-5.5946416E-005, 5.5945996E-005
 2.2001829E+001, 1.0149263E+005, 1.1977799E+000,-5.5946496E-005, 5.5946263E-005
 2.3004158E+001, 1.0149263E+005, 1.1977799E+000,-5.5946553E-005, 5.5946428E-005
 2.4006487E+001, 1.0149263E+005, 1.1977799E+000,-5.5946592E-005, 5.5946530E-005
 2.5001758E+001, 1.0149263E+005, 1.1977799E+000,-5.5946619E-005, 5.5946593E-005
 2.6004087E+001, 1.0149263E+005, 1.1977799E+000,-5.5946638E-005, 5.5946632E-005
 2.7000000E+001, 1.0149263E+005, 1.1977799E+000,-5.5946650E-005, 5.5946656E-005
