s,Pa,kg/m3,kW,kW
Time,"p0","rho","Q1-0","Q2-0"
 0.0000000E+000, 1.0132500E+005, 1.1794096E+000,-4.3171817E-004, 0.0000000E+000
 1.0002464E-001, 1.0210302E+005, 1.1905504E+000,-3.4719518E-005, 2.3720557E-005
 2.0004927E-001, 1.0216570E+005, 1.1908744E+000,-2.3976106E-005, 2.3958032E-005
 2.7000000E-001, 1.0216598E+005, 1.1908736E+000,-2.3967179E-005, 2.3967036E-005
