s,Pa,kg/m3,kW,kW
Time,"p0","rho","Q1-0","Q2-0"
 0.0000000E+000, 1.0132500E+005, 1.1954478E+000,-1.7598663E-003, 0.0000000E+000
 1.0023291E+000, 1.0139889E+005, 1.1976701E+000,-1.9203039E-004, 8.3510141E-005
 2.0011288E+000, 1.0140963E+005, 1.1969538E+000,-5.9037500E-005, 5.7615512E-005
 3.0034579E+000, 1.0141023E+005, 1.1967520E+000,-5.1428500E-005, 5.1070530E-005
 4.0022577E+000, 1.0141042E+005, 1.1959873E+000,-5.0666995E-005, 5.0465421E-005
 5.0010574E+000, 1.0141046E+005, 1.1960977E+000,-5.0888817E-005, 5.0901619E-005
 6.0033865E+000, 1.0141045E+005, 1.1959826E+000,-5.1295701E-005, 5.1321616E-005
 7.0021862E+000, 1.0141042E+005, 1.1959365E+000,-5.1522764E-005, 5.1541002E-005
 8.0009860E+000, 1.0141040E+005, 1.1959924E+000,-5.1678508E-005, 5.1710709E-005
 9.0033151E+000, 1.0141039E+005, 1.1959874E+000,-5.1788864E-005, 5.1808276E-005
 1.0002115E+001, 1.0141037E+005, 1.1960204E+000,-5.1848798E-005, 5.1866599E-005
 1.1000915E+001, 1.0141036E+005, 1.1960516E+000,-5.1892098E-005, 5.1908279E-005
 1.2003244E+001, 1.0141036E+005, 1.1960725E+000,-5.1918740E-005, 5.1931028E-005
 1.3002043E+001, 1.0141035E+005, 1.1960968E+000,-5.1934665E-005, 5.1945721E-005
 1.4000843E+001, 1.0141034E+005, 1.1961139E+000,-5.1945685E-005, 5.1954722E-005
 1.5003172E+001, 1.0141034E+005, 1.1961273E+000,-5.1952104E-005, 5.1959443E-005
 1.6001972E+001, 1.0141033E+005, 1.1961382E+000,-5.1956208E-005, 5.1962337E-005
 1.7000772E+001, 1.0141033E+005, 1.1961456E+000,-5.1958846E-005, 5.1963761E-005
 1.8003101E+001, 1.0141033E+005, 1.1961512E+000,-5.1960379E-005, 5.1964381E-005
 1.9001901E+001, 1.0141033E+005, 1.1961552E+000,-5.1961356E-005, 5.1964611E-005
 2.0000700E+001, 1.0141032E+005, 1.1961579E+000,-5.1961921E-005, 5.1964558E-005
 2.1003029E+001, 1.0141032E+005, 1.1961598E+000,-5.1962230E-005, 5.1964397E-005
 2.2001829E+001, 1.0141032E+005, 1.1961610E+000,-5.1962395E-005, 5.1964188E-005
 2.3000629E+001, 1.0141032E+005, 1.1961617E+000,-5.1962457E-005, 5.1963964E-005
 2.4002958E+001, 1.0141032E+005, 1.1961622E+000,-5.1962463E-005, 5.1963755E-005
 2.5001758E+001, 1.0141032E+005, 1.1961625E+000,-5.1962436E-005, 5.1963565E-005
 2.6000558E+001, 1.0141032E+005, 1.1961627E+000,-5.1962390E-005, 5.1963400E-005
 2.7000000E+001, 1.0141032E+005, 1.1961628E+000,-5.1962336E-005, 5.1963259E-005
