s,Pa,kg/m3,kW,kW
Time,"p0","rho","Q1-0","Q2-0"
 0.0000000E+000, 1.0132500E+005, 1.1954478E+000,-1.7598663E-003, 0.0000000E+000
 1.0023291E+000, 1.0139900E+005, 1.1961176E+000,-1.9308671E-004, 8.4282666E-005
 2.0011288E+000, 1.0141001E+005, 1.1961705E+000,-6.0033384E-005, 5.8411749E-005
 3.0034579E+000, 1.0141073E+005, 1.1961522E+000,-5.2097352E-005, 5.1559717E-005
 4.0022577E+000, 1.0141101E+005, 1.1961629E+000,-5.1327827E-005, 5.1123497E-005
 5.0010574E+000, 1.0141110E+005, 1.1961724E+000,-5.1590544E-005, 5.1530251E-005
 6.0033865E+000, 1.0141113E+005, 1.1961771E+000,-5.1862430E-005, 5.1841572E-005
 7.0021862E+000, 1.0141114E+005, 1.1961794E+000,-5.2043343E-005, 5.2037081E-005
 8.0009860E+000, 1.0141115E+005, 1.1961810E+000,-5.2157988E-005, 5.2157029E-005
 9.0033151E+000, 1.0141115E+005, 1.1961821E+000,-5.2229664E-005, 5.2230747E-005
 1.0002115E+001, 1.0141114E+005, 1.1961828E+000,-5.2274159E-005, 5.2275867E-005
 1.1000915E+001, 1.0141114E+005, 1.1961833E+000,-5.2301920E-005, 5.2303531E-005
 1.2003244E+001, 1.0141114E+005, 1.1961836E+000,-5.2319405E-005, 5.2320805E-005
 1.3002043E+001, 1.0141114E+005, 1.1961839E+000,-5.2330531E-005, 5.2331647E-005
 1.4000843E+001, 1.0141114E+005, 1.1961840E+000,-5.2337624E-005, 5.2338506E-005
 1.5003172E+001, 1.0141114E+005, 1.1961841E+000,-5.2342188E-005, 5.2342877E-005
 1.6001972E+001, 1.0141114E+005, 1.1961842E+000,-5.2345126E-005, 5.2345675E-005
 1.7000772E+001, 1.0141114E+005, 1.1961842E+000,-5.2347020E-005, 5.2347469E-005
 1.8003101E+001, 1.0141114E+005, 1.1961843E+000,-5.2348249E-005, 5.2348629E-005
 1.9001901E+001, 1.0141114E+005, 1.1961843E+000,-5.2349047E-005, 5.2349379E-005
 2.0000700E+001, 1.0141114E+005, 1.1961843E+000,-5.2349565E-005, 5.2349865E-005
 2.1003029E+001, 1.0141114E+005, 1.1961843E+000,-5.2349902E-005, 5.2350181E-005
 2.2001829E+001, 1.0141114E+005, 1.1961843E+000,-5.2350122E-005, 5.2350387E-005
 2.3000629E+001, 1.0141114E+005, 1.1961843E+000,-5.2350266E-005, 5.2350522E-005
 2.4002958E+001, 1.0141114E+005, 1.1961843E+000,-5.2350360E-005, 5.2350610E-005
 2.5001758E+001, 1.0141114E+005, 1.1961843E+000,-5.2350422E-005, 5.2350668E-005
 2.6000558E+001, 1.0141114E+005, 1.1961843E+000,-5.2350462E-005, 5.2350706E-005
 2.7000000E+001, 1.0141114E+005, 1.1961843E+000,-5.2350489E-005, 5.2350730E-005
