s,Pa,kg/m3,kW,kW
Time,"p0","rho","Q1-0","Q2-0"
 0.0000000E+000, 1.0132500E+005, 1.1794096E+000,-8.7993313E-003, 0.0000000E+000
 1.0023291E+000, 1.0169151E+005, 1.1814211E+000,-9.6946799E-004, 4.3048375E-004
 2.0011288E+000, 1.0174834E+005, 1.1809039E+000,-3.3659773E-004, 3.2359164E-004
 3.0034579E+000, 1.0175262E+005, 1.1819071E+000,-3.2897041E-004, 3.2796981E-004
 4.0022577E+000, 1.0175357E+005, 1.1770386E+000,-3.4466342E-004, 3.4261324E-004
 5.0010574E+000, 1.0175436E+005, 1.1786740E+000,-3.5968773E-004, 3.6034615E-004
 6.0033865E+000, 1.0175238E+005, 1.1838233E+000,-3.6846348E-004, 3.7155242E-004
 7.0021862E+000, 1.0175016E+005, 1.1846133E+000,-3.6987062E-004, 3.7173826E-004
 8.0009860E+000, 1.0174906E+005, 1.1843256E+000,-3.6939172E-004, 3.7005188E-004
 9.0033151E+000, 1.0174861E+005, 1.1839593E+000,-3.6947142E-004, 3.6976545E-004
 1.0002115E+001, 1.0174829E+005, 1.1843998E+000,-3.7002292E-004, 3.7027632E-004
 1.1000915E+001, 1.0174805E+005, 1.1843456E+000,-3.7046113E-004, 3.7059166E-004
 1.2003244E+001, 1.0174792E+005, 1.1842279E+000,-3.7059773E-004, 3.7060157E-004
 1.3002043E+001, 1.0174787E+005, 1.1840677E+000,-3.7068846E-004, 3.7066304E-004
 1.4000843E+001, 1.0174783E+005, 1.1838662E+000,-3.7083957E-004, 3.7080009E-004
 1.5003172E+001, 1.0174779E+005, 1.1836553E+000,-3.7102108E-004, 3.7105626E-004
 1.6001972E+001, 1.0174767E+005, 1.1833961E+000,-3.7119372E-004, 3.7132748E-004
 1.7000772E+001, 1.0174750E+005, 1.1831992E+000,-3.7137148E-004, 3.7161625E-004
 1.8000000E+001, 1.0174725E+005, 1.1830232E+000,-3.7155674E-004, 3.7190751E-004
