s,Pa,kg/m3,kW,kW
Time,"p0","rho","Q1-0","Q2-0"
 0.0000000E+000, 1.0132500E+005, 1.1794096E+000,-5.8852181E-002, 0.0000000E+000
 1.0000000E+001, 1.0146939E+005, 1.1868210E+000,-3.9356683E-002, 9.1082573E-003
 2.0022321E+001, 1.0163235E+005, 1.1891461E+000,-3.0275861E-002, 1.3656617E-002
 3.0022321E+001, 1.0174850E+005, 1.1894091E+000,-2.8647142E-002, 1.5673691E-002
 4.0022321E+001, 1.0184030E+005, 1.1903563E+000,-2.7279652E-002, 1.6998797E-002
 5.0000000E+001, 1.0191186E+005, 1.1900263E+000,-2.6227905E-002, 1.8214355E-002
 6.0000000E+001, 1.0196773E+005, 1.1902356E+000,-2.5417534E-002, 1.9244520E-002
 7.0000000E+001, 1.0201095E+005, 1.1897014E+000,-2.4820749E-002, 1.9987120E-002
 8.0000000E+001, 1.0204478E+005, 1.1894522E+000,-2.4200499E-002, 2.0430439E-002
 9.0000000E+001, 1.0207145E+005, 1.1900998E+000,-2.3804757E-002, 2.0849888E-002
 1.0000000E+002, 1.0209183E+005, 1.1896432E+000,-2.3494282E-002, 2.1192749E-002
 1.1000000E+002, 1.0210820E+005, 1.1901102E+000,-2.3228135E-002, 2.1410677E-002
 1.2000000E+002, 1.0212083E+005, 1.1892888E+000,-2.3103357E-002, 2.1679955E-002
 1.3000000E+002, 1.0213065E+005, 1.1891492E+000,-2.2818128E-002, 2.1757609E-002
 1.4000000E+002, 1.0213827E+005, 1.1894678E+000,-2.2875797E-002, 2.1994045E-002
 1.5002232E+002, 1.0214442E+005, 1.1895622E+000,-2.2708656E-002, 2.2053457E-002
 1.6002232E+002, 1.0214880E+005, 1.1895069E+000,-2.2756316E-002, 2.2263291E-002
 1.7002232E+002, 1.0215228E+005, 1.1892604E+000,-2.2564453E-002, 2.2185631E-002
 1.8002232E+002, 1.0215487E+005, 1.1891522E+000,-2.2550368E-002, 2.2249066E-002
 1.9002232E+002, 1.0215723E+005, 1.1900063E+000,-2.2638777E-002, 2.2352962E-002
 2.0002232E+002, 1.0215929E+005, 1.1894405E+000,-2.2567930E-002, 2.2361024E-002
 2.1002232E+002, 1.0216077E+005, 1.1898679E+000,-2.2575971E-002, 2.2370759E-002
 2.1800000E+002, 1.0216209E+005, 1.1896103E+000,-2.2565154E-002, 2.2438198E-002
