s,Pa,kg/m3,kW,kW
Time,"p0","rho","Q1-0","Q2-0"
 0.0000000E+000, 1.0132500E+005, 8.8318715E-001,-2.8001853E+000, 0.0000000E+000
 1.0006095E+001, 1.0412867E+005, 9.5203451E-001,-1.2530809E+000, 7.1301668E-001
 2.0003572E+001, 1.0649923E+005, 9.6169703E-001,-1.0734369E+000, 8.6569187E-001
 3.0002524E+001, 1.0770983E+005, 9.6113769E-001,-1.0307579E+000, 9.2142701E-001
 4.0003757E+001, 1.0834680E+005, 9.6387596E-001,-1.0034525E+000, 9.4684784E-001
 5.0000428E+001, 1.0868617E+005, 9.6361265E-001,-9.9134297E-001, 9.5969017E-001
 6.0001440E+001, 1.0887026E+005, 9.6192517E-001,-9.8603714E-001, 9.6995668E-001
 7.0000798E+001, 1.0896536E+005, 9.6381396E-001,-9.8135380E-001, 9.7273005E-001
 8.0004288E+001, 1.0901556E+005, 9.6243698E-001,-9.7701925E-001, 9.7334501E-001
 8.7000000E+001, 1.0903478E+005, 9.6293226E-001,-9.7582640E-001, 9.7346088E-001
