s,Pa,kg/m3,kW,kW
Time,"p0","rho","Q1-0","Q2-0"
 0.0000000E+000, 1.0132500E+005, 1.1794096E+000,-8.7970131E-004, 0.0000000E+000
 1.0000913E-001, 1.0173827E+005, 1.1826876E+000,-3.1563750E-005, 2.6325971E-005
 2.0000372E-001, 1.0174431E+005, 1.1827205E+000,-2.3840362E-005, 2.3839072E-005
 2.7000000E-001, 1.0174426E+005, 1.1827221E+000,-2.3840270E-005, 2.3838963E-005
