s,Pa,kg/m3,kW,kW
Time,"p0","rho","Q1-0","Q2-0"
 0.0000000E+000, 1.0132500E+005, 1.1229154E+000,-3.9661906E-001, 0.0000000E+000
 1.0002168E+001, 1.0183879E+005, 1.1360302E+000,-2.0248190E-001, 1.0770750E-001
 2.0010458E+001, 1.0224030E+005, 1.1410530E+000,-1.7215008E-001, 1.3315812E-001
 3.0007885E+001, 1.0249099E+005, 1.1414952E+000,-1.6620461E-001, 1.4086862E-001
 4.0006538E+001, 1.0265669E+005, 1.1423515E+000,-1.6347645E-001, 1.4647731E-001
 5.0009617E+001, 1.0276620E+005, 1.1418643E+000,-1.6080957E-001, 1.4958305E-001
 6.0000333E+001, 1.0284008E+005, 1.1426511E+000,-1.5870732E-001, 1.5130058E-001
 7.0003812E+001, 1.0288701E+005, 1.1425201E+000,-1.5753832E-001, 1.5263351E-001
 8.0006112E+001, 1.0291846E+005, 1.1423219E+000,-1.5626922E-001, 1.5307080E-001
 9.0006525E+001, 1.0293914E+005, 1.1423722E+000,-1.5642889E-001, 1.5440112E-001
 1.0000583E+002, 1.0295272E+005, 1.1427879E+000,-1.5593690E-001, 1.5458398E-001
 1.1000583E+002, 1.0296311E+005, 1.1431036E+000,-1.5596489E-001, 1.5482441E-001
 1.2000731E+002, 1.0296988E+005, 1.1423858E+000,-1.5549989E-001, 1.5490445E-001
 1.3000783E+002, 1.0297291E+005, 1.1419640E+000,-1.5562243E-001, 1.5527615E-001
 1.4000000E+002, 1.0297744E+005, 1.1424251E+000,-1.5554559E-001, 1.5477088E-001
