s,kW,kW,Pa,kg/m3
Time,"Q1-0","Q2-0","p0","rho"
 0.0000000E+000,-8.8756302E-003, 0.0000000E+000, 1.0132500E+005, 1.1794096E+000
 1.0047006E+000,-9.8999872E-004, 4.2156849E-004, 1.0169721E+005, 1.1827025E+000
 2.0037639E+000,-3.2582225E-004, 3.0742215E-004, 1.0175984E+005, 1.1825935E+000
 3.0028272E+000,-3.4539491E-004, 3.5888834E-004, 1.0176610E+005, 1.1805406E+000
 4.0018905E+000,-5.2397362E-004, 5.6373831E-004, 1.0173760E+005, 1.1756593E+000
 5.0009538E+000,-6.5059472E-004, 6.7327896E-004, 1.0171429E+005, 1.1789482E+000
 6.0000171E+000,-6.7274230E-004, 6.5510808E-004, 1.0170860E+005, 1.1801299E+000
 7.0047569E+000,-7.0411821E-004, 6.9006139E-004, 1.0172233E+005, 1.1804618E+000
 8.0038202E+000,-6.9240506E-004, 6.8425664E-004, 1.0172923E+005, 1.1810509E+000
 9.0028835E+000,-6.9607649E-004, 6.9081130E-004, 1.0173223E+005, 1.1816692E+000
 1.0001947E+001,-6.9513822E-004, 6.9103967E-004, 1.0173400E+005, 1.1821723E+000
 1.1001010E+001,-6.9557321E-004, 6.9241541E-004, 1.0173482E+005, 1.1825867E+000
 1.2000073E+001,-6.9584883E-004, 6.9296984E-004, 1.0173520E+005, 1.1829306E+000
 1.3004813E+001,-6.9604327E-004, 6.9338731E-004, 1.0173541E+005, 1.1832230E+000
 1.4003877E+001,-6.9624588E-004, 6.9370251E-004, 1.0173550E+005, 1.1834825E+000
 1.5002940E+001,-6.9640331E-004, 6.9391537E-004, 1.0173555E+005, 1.1837211E+000
 1.6002003E+001,-6.9652220E-004, 6.9407538E-004, 1.0173559E+005, 1.1839498E+000
 1.7001066E+001,-6.9657423E-004, 6.9416128E-004, 1.0173564E+005, 1.1841812E+000
 1.8000130E+001,-6.9652788E-004, 6.9416104E-004, 1.0173568E+005, 1.1844316E+000
 1.9004870E+001,-6.9631512E-004, 6.9401855E-004, 1.0173571E+005, 1.1847208E+000
 2.0003933E+001,-6.9581287E-004, 6.9361977E-004, 1.0173572E+005, 1.1850784E+000
 2.1002996E+001,-6.9477894E-004, 6.9274436E-004, 1.0173567E+005, 1.1855543E+000
 2.2002060E+001,-6.9270967E-004, 6.9097810E-004, 1.0173553E+005, 1.1862561E+000
 2.3001123E+001,-6.8860410E-004, 6.8756657E-004, 1.0173511E+005, 1.1874238E+000
 2.4000000E+001,-6.8145648E-004, 6.8189378E-004, 1.0173402E+005, 1.1895259E+000
