s,Pa,kg/m3,kW,kW
Time,"p0","rho","Q1-0","Q2-0"
 0.0000000E+000, 1.0132500E+005, 8.8318715E-001,-1.8479020E-001, 0.0000000E+000
 1.0005094E+000, 1.0771197E+005, 9.4224870E-001,-2.3155057E-002, 1.4474328E-002
 2.0008217E+000, 1.0768199E+005, 8.8542724E-001,-2.1843040E-002, 2.2352895E-002
 3.0002496E+000, 1.0735304E+005, 9.5433088E-001,-1.9083895E-002, 1.9387441E-002
 4.0012039E+000, 1.0737098E+005, 9.5277681E-001,-2.0147241E-002, 2.0003281E-002
 5.0004331E+000, 1.0735493E+005, 9.3862650E-001,-1.9876967E-002, 2.0074291E-002
 6.0013032E+000, 1.0729942E+005, 9.4066765E-001,-2.0784459E-002, 2.0651522E-002
 7.0012147E+000, 1.0736500E+005, 9.9617883E-001,-2.0181636E-002, 2.0240208E-002
 8.0008328E+000, 1.0739277E+005, 9.7699696E-001,-2.0133814E-002, 2.0099415E-002
 9.0000000E+000, 1.0730440E+005, 9.3810143E-001,-2.0045783E-002, 2.0299859E-002
