s,kW,kW,Pa,kg/m3
Time,"Q1-0","Q2-0","p0","rho"
 0.0000000E+000,-1.3612661E-002, 0.0000000E+000, 1.0132500E+005, 7.8816758E-001
 1.0035204E-002,-3.0101522E-003, 6.8939751E-004, 1.1508130E+005, 9.4117347E-001
 2.0042184E-002,-9.5672799E-004, 7.2785847E-004, 1.2028860E+005, 9.9069673E-001
 3.0049165E-002,-8.0502908E-004, 6.9672099E-004, 1.2153207E+005, 9.8561040E-001
 4.0056146E-002,-7.6579936E-004, 7.0845474E-004, 1.2216509E+005, 9.8384086E-001
 5.0063126E-002,-7.5098821E-004, 7.2031669E-004, 1.2250229E+005, 9.8327605E-001
 6.0070107E-002,-7.4407302E-004, 7.2764410E-004, 1.2268282E+005, 9.8309885E-001
 7.0077088E-002,-7.4053723E-004, 7.3174027E-004, 1.2277950E+005, 9.8306189E-001
 8.0003367E-002,-7.3867665E-004, 7.3395979E-004, 1.2283112E+005, 9.8307459E-001
 9.0010347E-002,-7.3768418E-004, 7.3515590E-004, 1.2285877E+005, 9.8310109E-001
 1.0001733E-001,-7.3715111E-004, 7.3580076E-004, 1.2287363E+005, 9.8312766E-001
 1.1002431E-001,-7.3686636E-004, 7.3614574E-004, 1.2288157E+005, 9.8314964E-001
 1.2003129E-001,-7.3671429E-004, 7.3633011E-004, 1.2288580E+005, 9.8316629E-001
 1.3003827E-001,-7.3663311E-004, 7.3642856E-004, 1.2288806E+005, 9.8317829E-001
 1.4004525E-001,-7.3658980E-004, 7.3648109E-004, 1.2288926E+005, 9.8318666E-001
 1.5005223E-001,-7.3656671E-004, 7.3650910E-004, 1.2288991E+005, 9.8319238E-001
 1.6005921E-001,-7.3655441E-004, 7.3652402E-004, 1.2289025E+005, 9.8319622E-001
 1.7006619E-001,-7.3654786E-004, 7.3653196E-004, 1.2289043E+005, 9.8319878E-001
 1.8007317E-001,-7.3654438E-004, 7.3653618E-004, 1.2289052E+005, 9.8320046E-001
 1.9008015E-001,-7.3654253E-004, 7.3653842E-004, 1.2289057E+005, 9.8320155E-001
 2.0000000E-001,-7.3654156E-004, 7.3653960E-004, 1.2289060E+005, 9.8320226E-001
