s,Pa,kg/m3,kW,kW
Time,"p0","rho","Q1-0","Q2-0"
 0.0000000E+000, 1.0132500E+005, 1.1794096E+000,-8.7993313E-003, 0.0000000E+000
 1.0023291E+000, 1.0169104E+005, 1.1826977E+000,-9.6733124E-004, 4.2951303E-004
 2.0011288E+000, 1.0174647E+005, 1.1828815E+000,-3.3569574E-004, 3.2513530E-004
 3.0034579E+000, 1.0174927E+005, 1.1828044E+000,-3.3063327E-004, 3.3118053E-004
 4.0022577E+000, 1.0174844E+005, 1.1831782E+000,-3.4666301E-004, 3.4774713E-004
 5.0010574E+000, 1.0174767E+005, 1.1838710E+000,-3.6182895E-004, 3.6264859E-004
 6.0033865E+000, 1.0174711E+005, 1.1841759E+000,-3.7032731E-004, 3.7084150E-004
 7.0021862E+000, 1.0174675E+005, 1.1840556E+000,-3.7163857E-004, 3.7193228E-004
 8.0009860E+000, 1.0174655E+005, 1.1839933E+000,-3.7070139E-004, 3.7084816E-004
 9.0033151E+000, 1.0174644E+005, 1.1840176E+000,-3.7034095E-004, 3.7040384E-004
 1.0002115E+001, 1.0174638E+005, 1.1840524E+000,-3.7064269E-004, 3.7066225E-004
 1.1000915E+001, 1.0174634E+005, 1.1840718E+000,-3.7096726E-004, 3.7096575E-004
 1.2003244E+001, 1.0174632E+005, 1.1840837E+000,-3.7108779E-004, 3.7107534E-004
 1.3002043E+001, 1.0174630E+005, 1.1840958E+000,-3.7110904E-004, 3.7109058E-004
 1.4000843E+001, 1.0174629E+005, 1.1841084E+000,-3.7113457E-004, 3.7111313E-004
 1.5003172E+001, 1.0174628E+005, 1.1841197E+000,-3.7117514E-004, 3.7115242E-004
 1.6001972E+001, 1.0174628E+005, 1.1841288E+000,-3.7120976E-004, 3.7118661E-004
 1.7000772E+001, 1.0174627E+005, 1.1841361E+000,-3.7123085E-004, 3.7120746E-004
 1.8000000E+001, 1.0174627E+005, 1.1841419E+000,-3.7124311E-004, 3.7121940E-004
