s,Pa,kg/m3,kW,kW
Time,"p0","rho","Q1-0","Q2-0"
 0.0000000E+000, 1.0132500E+005, 1.1229154E+000,-3.4621771E-001, 0.0000000E+000
 1.0000000E+001, 1.0203125E+005, 1.1544080E+000,-2.0830574E-001, 5.8118098E-002
 2.0022321E+001, 1.0285779E+005, 1.1607596E+000,-1.6451367E-001, 8.1583366E-002
 3.0022321E+001, 1.0340702E+005, 1.1589989E+000,-1.5165310E-001, 9.4407855E-002
 4.0022321E+001, 1.0378319E+005, 1.1609345E+000,-1.4289270E-001, 1.0363937E-001
 5.0000000E+001, 1.0404168E+005, 1.1584144E+000,-1.3660034E-001, 1.0986443E-001
 6.0000000E+001, 1.0421814E+005, 1.1604848E+000,-1.3311995E-001, 1.1460036E-001
 7.0000000E+001, 1.0433942E+005, 1.1605833E+000,-1.3030940E-001, 1.1763874E-001
 8.0000000E+001, 1.0442342E+005, 1.1590740E+000,-1.2819917E-001, 1.1945729E-001
 9.0000000E+001, 1.0447987E+005, 1.1609075E+000,-1.2651150E-001, 1.2070289E-001
 1.0000000E+002, 1.0451936E+005, 1.1606983E+000,-1.2595841E-001, 1.2190869E-001
 1.1000000E+002, 1.0454555E+005, 1.1615689E+000,-1.2525160E-001, 1.2244815E-001
 1.2000000E+002, 1.0456323E+005, 1.1617068E+000,-1.2484165E-001, 1.2311318E-001
 1.3000000E+002, 1.0457463E+005, 1.1606802E+000,-1.2462169E-001, 1.2345617E-001
 1.4000000E+002, 1.0458274E+005, 1.1611803E+000,-1.2464852E-001, 1.2385000E-001
