s,Pa,kg/m3,kW,kW
Time,"p0","rho","Q1-0","Q2-0"
 0.0000000E+000, 1.0132500E+005, 8.8318715E-001,-9.0660816E-002, 0.0000000E+000
 1.0007669E+000, 1.1139293E+005, 9.9581233E-001,-3.1772144E-002, 1.4026949E-002
 2.0012292E+000, 1.1620947E+005, 1.0352138E+000,-2.5076823E-002, 2.2927849E-002
 3.0019003E+000, 1.1700790E+005, 1.0544050E+000,-2.3596568E-002, 2.3115029E-002
 4.0007102E+000, 1.1721162E+005, 1.0538574E+000,-2.3401313E-002, 2.3348618E-002
 5.0011629E+000, 1.1719346E+005, 1.0035011E+000,-2.3520826E-002, 2.3561616E-002
 6.0026155E+000, 1.1720485E+005, 1.0148426E+000,-2.3546982E-002, 2.3503340E-002
 7.0031088E+000, 1.1721515E+005, 1.0212880E+000,-2.3128194E-002, 2.3213533E-002
 8.0009965E+000, 1.1719642E+005, 1.0011358E+000,-2.3740575E-002, 2.3621841E-002
 9.0000000E+000, 1.1715924E+005, 1.0181733E+000,-2.3235924E-002, 2.3379663E-002
