s,Pa,kg/m3,kW,kW
Time,"p0","rho","Q1-0","Q2-0"
 0.0000000E+000, 1.0132500E+005, 8.8318715E-001,-1.8479020E-001, 0.0000000E+000
 1.0003119E+000, 1.0771167E+005, 9.3385434E-001,-2.3170485E-002, 1.4528835E-002
 2.0009065E+000, 1.0765501E+005, 9.7680863E-001,-2.0579490E-002, 2.1064897E-002
 3.0015484E+000, 1.0745862E+005, 9.2362561E-001,-2.0595471E-002, 2.0695959E-002
 4.0011883E+000, 1.0732869E+005, 8.9920955E-001,-2.0164143E-002, 2.0505064E-002
 5.0007481E+000, 1.0726234E+005, 9.4388146E-001,-2.0523256E-002, 2.0387524E-002
 6.0010800E+000, 1.0725584E+005, 9.6307184E-001,-1.9865855E-002, 2.0045397E-002
 7.0002394E+000, 1.0722285E+005, 9.0368843E-001,-2.0338156E-002, 2.0108606E-002
 8.0000652E+000, 1.0727513E+005, 9.6243720E-001,-1.9854331E-002, 2.0121429E-002
 9.0000000E+000, 1.0705700E+005, 9.0565536E-001,-1.9874268E-002, 2.0022242E-002
