s,Pa,kg/m3,kW,kW
Time,"p0","rho","Q1-0","Q2-0"
 0.0000000E+000, 1.0132500E+005, 1.1229154E+000,-3.9661906E-001, 0.0000000E+000
 1.0002168E+001, 1.0183879E+005, 1.1360302E+000,-2.0248190E-001, 1.0770750E-001
 2.0010451E+001, 1.0224030E+005, 1.1410530E+000,-1.7215008E-001, 1.3315812E-001
 3.0007897E+001, 1.0249098E+005, 1.1416533E+000,-1.6623574E-001, 1.4087772E-001
 4.0007122E+001, 1.0265737E+005, 1.1414417E+000,-1.6314573E-001, 1.4609235E-001
 5.0007984E+001, 1.0276715E+005, 1.1420396E+000,-1.6094161E-001, 1.4974582E-001
 6.0010069E+001, 1.0284066E+005, 1.1425293E+000,-1.5887045E-001, 1.5117554E-001
 7.0009260E+001, 1.0288969E+005, 1.1426766E+000,-1.5766124E-001, 1.5279933E-001
 8.0008098E+001, 1.0292197E+005, 1.1422880E+000,-1.5704695E-001, 1.5371851E-001
 9.0008768E+001, 1.0294397E+005, 1.1422960E+000,-1.5675819E-001, 1.5437929E-001
 1.0000010E+002, 1.0295938E+005, 1.1422989E+000,-1.5583351E-001, 1.5437378E-001
 1.1000010E+002, 1.0296986E+005, 1.1419311E+000,-1.5560921E-001, 1.5445952E-001
 1.2000644E+002, 1.0297678E+005, 1.1420395E+000,-1.5530237E-001, 1.5452792E-001
 1.3000048E+002, 1.0298179E+005, 1.1423389E+000,-1.5515672E-001, 1.5468192E-001
 1.4000000E+002, 1.0298508E+005, 1.1425088E+000,-1.5499380E-001, 1.5484837E-001
