s,kW,kW,Pa,kg/m3
Time,"Q1-0","Q2-0","p0","rho"
 0.0000000E+000,-2.7213320E-002, 0.0000000E+000, 1.0132500E+005, 7.8816758E-001
 1.0003030E-002,-2.5236102E-003, 1.2163586E-003, 1.1048030E+005, 8.4139704E-001
 2.0003716E-002,-8.2446295E-004, 8.5807633E-004, 1.1117519E+005, 8.1736319E-001
 3.0004402E-002,-7.4906236E-004, 7.7744233E-004, 1.1092695E+005, 8.1242132E-001
 4.0005088E-002,-7.3811128E-004, 7.5783759E-004, 1.1073660E+005, 8.1701512E-001
 5.0005774E-002,-7.3592533E-004, 7.4846513E-004, 1.1060836E+005, 8.2241312E-001
 6.0006460E-002,-7.3559163E-004, 7.4309663E-004, 1.1052856E+005, 8.2676275E-001
 7.0007146E-002,-7.3579224E-004, 7.4011138E-004, 1.1048146E+005, 8.2981280E-001
 8.0007832E-002,-7.3608730E-004, 7.3852029E-004, 1.1045453E+005, 8.3178688E-001
 9.0008518E-002,-7.3633278E-004, 7.3768957E-004, 1.1043937E+005, 8.3299935E-001
 1.0000920E-001,-7.3650661E-004, 7.3725575E-004, 1.1043087E+005, 8.3371809E-001
 1.1000989E-001,-7.3661633E-004, 7.3702624E-004, 1.1042612E+005, 8.3413388E-001
 1.2001058E-001,-7.3668242E-004, 7.3690252E-004, 1.1042346E+005, 8.3437061E-001
 1.3001126E-001,-7.3672097E-004, 7.3683454E-004, 1.1042195E+005, 8.3450416E-001
 1.4001195E-001,-7.3674341E-004, 7.3679651E-004, 1.1042109E+005, 8.3457919E-001
 1.5001263E-001,-7.3675663E-004, 7.3677495E-004, 1.1042060E+005, 8.3462133E-001
 1.6001332E-001,-7.3676409E-004, 7.3676259E-004, 1.1042033E+005, 8.3464507E-001
 1.7001401E-001,-7.3676834E-004, 7.3675545E-004, 1.1042016E+005, 8.3465852E-001
 1.8001469E-001,-7.3677077E-004, 7.3675130E-004, 1.1042007E+005, 8.3466619E-001
 1.9001538E-001,-7.3677218E-004, 7.3674887E-004, 1.1042002E+005, 8.3467060E-001
 2.0000000E-001,-7.3677299E-004, 7.3674744E-004, 1.1041999E+005, 8.3467317E-001
