s,Pa,kg/m3,kW,kW
Time,"p0","rho","Q1-0","Q2-0"
 0.0000000E+000, 1.0132500E+005, 1.1229154E+000,-3.5188052E-002, 0.0000000E+000
 1.0030701E+000, 1.0273758E+005, 1.1347457E+000,-3.9729688E-003, 1.9317360E-003
 2.0023204E+000, 1.0292907E+005, 1.1390500E+000,-2.1285101E-003, 2.1456696E-003
 3.0023096E+000, 1.0287540E+005, 1.1287205E+000,-2.6183355E-003, 2.7169885E-003
 4.0004751E+000, 1.0283855E+005, 1.1352971E+000,-2.3647531E-003, 2.3593339E-003
 5.0006067E+000, 1.0285719E+005, 1.1396040E+000,-2.6447765E-003, 2.6154985E-003
 6.0013568E+000, 1.0286375E+005, 1.1558019E+000,-2.7003941E-003, 2.7052332E-003
 7.0000238E+000, 1.0285356E+005, 1.1476424E+000,-2.5171380E-003, 2.5578521E-003
 8.0015745E+000, 1.0283430E+005, 1.1418945E+000,-2.5168613E-003, 2.5061360E-003
 9.0012602E+000, 1.0283153E+005, 1.1355372E+000,-2.5562326E-003, 2.5566178E-003
 1.0000846E+001, 1.0283556E+005, 1.1448347E+000,-2.5538020E-003, 2.5571639E-003
 1.1003041E+001, 1.0283751E+005, 1.1516892E+000,-2.5293071E-003, 2.5164713E-003
 1.2001384E+001, 1.0284911E+005, 1.1505238E+000,-2.5588450E-003, 2.5426231E-003
 1.3000000E+001, 1.0285575E+005, 1.1479857E+000,-2.5360939E-003, 2.5450151E-003
