s,Pa,kg/m3,kW,kW
Time,"p0","rho","Q1-0","Q2-0"
 0.0000000E+000, 1.0132500E+005, 8.8318715E-001,-9.0660816E-002, 0.0000000E+000
 1.0009631E+000, 1.1140483E+005, 1.0106702E+000,-3.2691975E-002, 1.4884658E-002
 2.0005177E+000, 1.1639610E+005, 1.0432742E+000,-2.6473949E-002, 2.4197039E-002
 3.0024210E+000, 1.1720318E+005, 1.0283292E+000,-2.4348937E-002, 2.3947837E-002
 4.0020848E+000, 1.1726129E+005, 1.0413341E+000,-2.4234576E-002, 2.4142795E-002
 5.0024323E+000, 1.1746541E+005, 1.0451764E+000,-2.4436230E-002, 2.4255904E-002
 6.0000137E+000, 1.1739474E+005, 1.0222955E+000,-2.3865369E-002, 2.3986203E-002
 7.0019961E+000, 1.1727793E+005, 1.0284421E+000,-2.3776988E-002, 2.3955518E-002
 8.0004981E+000, 1.1727541E+005, 1.0688020E+000,-2.4166664E-002, 2.4080148E-002
 9.0000000E+000, 1.1728904E+005, 1.0706105E+000,-2.4078069E-002, 2.4147795E-002
