s,Pa,kg/m3,kW,kW
Time,"p0","rho","Q1-0","Q2-0"
 0.0000000E+000, 1.0132500E+005, 1.1794096E+000,-5.8852181E-002, 0.0000000E+000
 1.0000000E+001, 1.0146949E+005, 1.1866632E+000,-3.9365182E-002, 9.1207046E-003
 2.0022321E+001, 1.0163191E+005, 1.1888296E+000,-3.0226768E-002, 1.3719556E-002
 3.0022321E+001, 1.0174764E+005, 1.1901816E+000,-2.8692904E-002, 1.5725877E-002
 4.0022321E+001, 1.0183911E+005, 1.1893986E+000,-2.7408345E-002, 1.7147632E-002
 5.0000000E+001, 1.0191056E+005, 1.1894192E+000,-2.6249497E-002, 1.8284468E-002
 6.0000000E+001, 1.0196654E+005, 1.1895371E+000,-2.5503617E-002, 1.9248157E-002
 7.0000000E+001, 1.0201032E+005, 1.1895074E+000,-2.4814486E-002, 1.9913118E-002
 8.0000000E+001, 1.0204461E+005, 1.1894706E+000,-2.4322601E-002, 2.0533685E-002
 9.0000000E+001, 1.0207107E+005, 1.1900828E+000,-2.3804615E-002, 2.0856435E-002
 1.0000000E+002, 1.0209172E+005, 1.1892319E+000,-2.3573411E-002, 2.1276012E-002
 1.1000000E+002, 1.0210800E+005, 1.1890649E+000,-2.3316194E-002, 2.1448401E-002
 1.2000000E+002, 1.0212081E+005, 1.1898270E+000,-2.3068477E-002, 2.1689368E-002
 1.3000000E+002, 1.0213060E+005, 1.1895491E+000,-2.3084381E-002, 2.1980128E-002
 1.4000000E+002, 1.0213835E+005, 1.1893477E+000,-2.2842884E-002, 2.1964028E-002
 1.5002232E+002, 1.0214466E+005, 1.1897198E+000,-2.2849959E-002, 2.2159367E-002
 1.6002232E+002, 1.0214933E+005, 1.1899438E+000,-2.2720539E-002, 2.2167389E-002
 1.7002232E+002, 1.0215327E+005, 1.1898139E+000,-2.2672811E-002, 2.2248578E-002
 1.8002232E+002, 1.0215625E+005, 1.1887970E+000,-2.2597498E-002, 2.2281485E-002
 1.9002232E+002, 1.0215849E+005, 1.1897420E+000,-2.2453385E-002, 2.2202705E-002
 2.0002232E+002, 1.0216004E+005, 1.1895723E+000,-2.2499010E-002, 2.2335416E-002
 2.1002232E+002, 1.0216112E+005, 1.1892995E+000,-2.2545336E-002, 2.2430239E-002
 2.1800000E+002, 1.0216179E+005, 1.1898189E+000,-2.2400216E-002, 2.2337179E-002
