s,Pa,kg/m3,kW,kW
Time,"p0","rho","Q1-0","Q2-0"
 0.0000000E+000, 1.0132500E+005, 8.8318715E-001,-2.8001853E+000, 0.0000000E+000
 1.0001275E+001, 1.0412553E+005, 9.4324761E-001,-1.2518554E+000, 7.1564315E-001
 2.0005601E+001, 1.0646999E+005, 9.6458723E-001,-1.0801255E+000, 8.7278812E-001
 3.0004255E+001, 1.0767646E+005, 9.6565239E-001,-1.0357083E+000, 9.2719142E-001
 4.0003140E+001, 1.0831373E+005, 9.6548921E-001,-1.0121248E+000, 9.5389957E-001
 5.0004291E+001, 1.0865229E+005, 9.6479865E-001,-1.0003682E+000, 9.6981315E-001
 6.0002466E+001, 1.0883257E+005, 9.6464495E-001,-9.9036668E-001, 9.7428225E-001
 7.0002208E+001, 1.0893031E+005, 9.6148936E-001,-9.8839595E-001, 9.7862184E-001
 8.0000261E+001, 1.0899191E+005, 9.6402676E-001,-9.8758389E-001, 9.8159140E-001
 8.7000000E+001, 1.0902009E+005, 9.6429329E-001,-9.8540779E-001, 9.8329853E-001
