s,Pa,kg/m3,kW,kW
Time,"p0","rho","Q1-0","Q2-0"
 0.0000000E+000, 1.0132500E+005, 1.1794096E+000,-4.3171817E-003, 0.0000000E+000
 1.0023291E+000, 1.0183051E+005, 1.1870708E+000,-1.1474652E-003, 2.7381006E-004
 2.0046582E+000, 1.0205631E+005, 1.1916886E+000,-4.4336393E-004, 3.3271862E-004
 3.0069872E+000, 1.0211199E+005, 1.1917661E+000,-4.2539128E-004, 3.8134694E-004
 4.0022577E+000, 1.0213722E+005, 1.1909270E+000,-4.5013719E-004, 4.2797646E-004
 5.0045867E+000, 1.0214955E+005, 1.1899644E+000,-4.6512419E-004, 4.5451844E-004
 6.0069158E+000, 1.0215563E+005, 1.1900994E+000,-4.5810410E-004, 4.5266361E-004
 7.0021862E+000, 1.0215887E+005, 1.1899330E+000,-4.5217243E-004, 4.4915780E-004
 8.0045153E+000, 1.0216068E+005, 1.1897300E+000,-4.5302827E-004, 4.5131554E-004
 9.0068444E+000, 1.0216173E+005, 1.1896541E+000,-4.5335570E-004, 4.5234467E-004
 1.0002115E+001, 1.0216235E+005, 1.1896426E+000,-4.5261315E-004, 4.5198569E-004
 1.1004444E+001, 1.0216276E+005, 1.1897059E+000,-4.5242768E-004, 4.5200163E-004
 1.2006773E+001, 1.0216305E+005, 1.1898025E+000,-4.5295669E-004, 4.5261263E-004
 1.3002043E+001, 1.0216332E+005, 1.1897536E+000,-4.5318867E-004, 4.5286068E-004
 1.4004372E+001, 1.0216347E+005, 1.1903075E+000,-4.5078843E-004, 4.5080075E-004
 1.5006702E+001, 1.0216335E+005, 1.1911645E+000,-4.4610977E-004, 4.4627847E-004
 1.6001972E+001, 1.0216325E+005, 1.1883077E+000,-4.4612764E-004, 4.4621033E-004
 1.7004301E+001, 1.0216348E+005, 1.1884960E+000,-4.5379806E-004, 4.5296701E-004
 1.8000000E+001, 1.0216458E+005, 1.1944568E+000,-4.5673053E-004, 4.5495788E-004
