s,kW,kW,Pa,kg/m3
Time,"Q1-0","Q2-0","p0","rho"
 0.0000000E+000,-4.4340914E-003, 0.0000000E+000, 1.0132500E+005, 1.1794096E+000
 1.0023291E+000,-1.1549603E-003, 2.5279751E-004, 1.0183321E+005, 1.1868928E+000
 2.0046582E+000,-4.1680078E-004, 2.9209308E-004, 1.0206821E+005, 1.1913507E+000
 3.0069872E+000,-4.3272001E-004, 3.9961852E-004, 1.0213240E+005, 1.1923550E+000
 4.0093163E+000,-6.2493136E-004, 6.1155884E-004, 1.0213843E+005, 1.1957925E+000
 5.0116454E+000,-8.2037373E-004, 8.0325909E-004, 1.0215977E+005, 1.1974439E+000
 6.0139745E+000,-7.8845292E-004, 7.9010716E-004, 1.0216196E+005, 1.1951822E+000
 7.0021862E+000,-7.9945308E-004, 8.0043899E-004, 1.0216104E+005, 1.1962707E+000
 8.0045153E+000,-7.9735693E-004, 7.9824506E-004, 1.0216051E+005, 1.1968279E+000
 9.0068444E+000,-7.9854609E-004, 7.9885114E-004, 1.0216017E+005, 1.1971448E+000
 1.0009173E+001,-7.9865781E-004, 7.9863084E-004, 1.0216025E+005, 1.1974425E+000
 1.1011503E+001,-7.9887642E-004, 7.9866928E-004, 1.0216050E+005, 1.1976659E+000
 1.2013832E+001,-7.9888907E-004, 7.9863273E-004, 1.0216086E+005, 1.1978252E+000
 1.3002043E+001,-7.9882393E-004, 7.9877675E-004, 1.0216113E+005, 1.1979509E+000
 1.4004372E+001,-7.9887238E-004, 7.9888844E-004, 1.0216129E+005, 1.1980350E+000
 1.5006702E+001,-7.9892716E-004, 7.9897653E-004, 1.0216142E+005, 1.1980918E+000
 1.6009031E+001,-7.9896241E-004, 7.9909908E-004, 1.0216150E+005, 1.1981234E+000
 1.7011360E+001,-7.9899737E-004, 7.9925849E-004, 1.0216149E+005, 1.1981310E+000
 1.8013689E+001,-7.9905111E-004, 7.9938025E-004, 1.0216141E+005, 1.1981170E+000
 1.9001901E+001,-7.9912844E-004, 7.9948132E-004, 1.0216129E+005, 1.1980871E+000
 2.0004230E+001,-7.9920616E-004, 7.9955942E-004, 1.0216116E+005, 1.1980456E+000
 2.1006559E+001,-7.9928380E-004, 7.9962546E-004, 1.0216103E+005, 1.1979942E+000
 2.2008888E+001,-7.9935583E-004, 7.9967958E-004, 1.0216091E+005, 1.1979343E+000
 2.3011217E+001,-7.9940195E-004, 7.9971713E-004, 1.0216080E+005, 1.1978675E+000
 2.4000000E+001,-7.9941400E-004, 7.9973889E-004, 1.0216069E+005, 1.1977956E+000
