s,kW,kW,Pa,kg/m3
Time,Q1-0,Q2-0,p0,rho
 0.0000000E+000,-4.4340914E-003, 0.0000000E+000, 1.0132500E+005, 1.1794096E+000
 1.0023291E+000,-1.1623746E-003, 2.5786941E-004, 1.0183396E+005, 1.1864769E+000
 2.0046582E+000,-4.2783655E-004, 2.9756564E-004, 1.0207193E+005, 1.1924717E+000
 3.0069872E+000,-4.7911862E-004, 4.3805285E-004, 1.0214319E+005, 1.1916733E+000
 4.0093163E+000,-7.1480630E-004, 7.6347259E-004, 1.0213298E+005, 1.1898818E+000
 5.0116454E+000,-8.0781342E-004, 7.9531233E-004, 1.0211883E+005, 1.1909119E+000
 6.0139745E+000,-7.9468586E-004, 7.8232221E-004, 1.0213213E+005, 1.1925390E+000
 7.0021862E+000,-8.0151633E-004, 7.9408610E-004, 1.0214094E+005, 1.1934898E+000
 8.0045153E+000,-7.9891745E-004, 7.9497262E-004, 1.0214631E+005, 1.1944561E+000
 9.0068444E+000,-7.9992779E-004, 7.9765196E-004, 1.0214958E+005, 1.1953588E+000
 1.0009173E+001,-7.9979085E-004, 7.9821110E-004, 1.0215190E+005, 1.1960555E+000
 1.1011503E+001,-7.9953624E-004, 7.9849145E-004, 1.0215367E+005, 1.1966237E+000
 1.2013832E+001,-7.9924715E-004, 7.9851312E-004, 1.0215502E+005, 1.1970981E+000
 1.3002043E+001,-7.9893817E-004, 7.9853350E-004, 1.0215608E+005, 1.1974868E+000
 1.4004372E+001,-7.9872442E-004, 7.9871714E-004, 1.0215677E+005, 1.1978094E+000
 1.5006702E+001,-7.9861189E-004, 7.9881506E-004, 1.0215714E+005, 1.1981459E+000
 1.6009031E+001,-7.9875208E-004, 7.9877222E-004, 1.0215746E+005, 1.1984306E+000
 1.7011360E+001,-7.9901187E-004, 7.9878921E-004, 1.0215790E+005, 1.1986594E+000
 1.8013689E+001,-7.9922494E-004, 7.9887034E-004, 1.0215845E+005, 1.1988315E+000
 1.9001901E+001,-7.9937706E-004, 7.9897763E-004, 1.0215901E+005, 1.1989586E+000
 2.0004230E+001,-7.9946549E-004, 7.9907528E-004, 1.0215953E+005, 1.1990615E+000
 2.1006559E+001,-7.9957556E-004, 7.9909117E-004, 1.0216005E+005, 1.1991824E+000
 2.2008888E+001,-7.9971230E-004, 7.9911611E-004, 1.0216063E+005, 1.1992919E+000
 2.3011217E+001,-7.9985712E-004, 7.9921772E-004, 1.0216124E+005, 1.1993892E+000
 2.4000000E+001,-7.9997528E-004, 7.9935468E-004, 1.0216184E+005, 1.1994769E+000
