s,kW,kW,Pa,kg/m3
Time,"Q1-0","Q2-0","p0","rho"
 0.0000000E+000,-2.7248186E-002, 0.0000000E+000, 1.0132500E+005, 7.8816758E-001
 1.0018544E-002,-2.5022399E-003, 1.1966577E-003, 1.1058226E+005, 8.4485755E-001
 2.0022497E-002,-8.0231642E-004, 8.4967152E-004, 1.1116037E+005, 8.3353267E-001
 3.0000668E-002,-7.3479247E-004, 7.6430943E-004, 1.1086167E+005, 8.3148014E-001
 4.0004622E-002,-7.3121920E-004, 7.4698529E-004, 1.1069330E+005, 8.3295430E-001
 5.0008575E-002,-7.3339343E-004, 7.4159304E-004, 1.1060490E+005, 8.3415544E-001
 6.0012529E-002,-7.3503533E-004, 7.3928377E-004, 1.1055920E+005, 8.3488995E-001
 7.0016483E-002,-7.3595064E-004, 7.3815478E-004, 1.1053561E+005, 8.3531846E-001
 8.0020437E-002,-7.3643314E-004, 7.3757960E-004, 1.1052342E+005, 8.3556688E-001
 9.0024390E-002,-7.3668451E-004, 7.3728278E-004, 1.1051712E+005, 8.3571121E-001
 1.0000256E-001,-7.3681518E-004, 7.3712896E-004, 1.1051385E+005, 8.3579530E-001
 1.1000651E-001,-7.3688329E-004, 7.3704892E-004, 1.1051216E+005, 8.3584454E-001
 1.2001047E-001,-7.3691890E-004, 7.3700712E-004, 1.1051127E+005, 8.3587351E-001
 1.3001442E-001,-7.3693752E-004, 7.3698530E-004, 1.1051081E+005, 8.3589058E-001
 1.4001838E-001,-7.3694728E-004, 7.3697387E-004, 1.1051057E+005, 8.3590066E-001
 1.5002233E-001,-7.3695240E-004, 7.3696788E-004, 1.1051045E+005, 8.3590663E-001
 1.6000050E-001,-7.3695510E-004, 7.3696473E-004, 1.1051038E+005, 8.3591017E-001
 1.7000445E-001,-7.3695652E-004, 7.3696307E-004, 1.1051035E+005, 8.3591228E-001
 1.8000841E-001,-7.3695728E-004, 7.3696219E-004, 1.1051033E+005, 8.3591353E-001
 1.9001236E-001,-7.3695768E-004, 7.3696172E-004, 1.1051032E+005, 8.3591428E-001
 2.0000000E-001,-7.3695789E-004, 7.3696147E-004, 1.1051032E+005, 8.3591472E-001
