s,Pa,kg/m3,kW,kW
Time,p0,rho,Q1-0,Q2-0
 0.0000000E+000, 1.0132500E+005, 8.8318715E-001,-1.8479020E-001, 0.0000000E+000
 1.0010787E+000, 1.0732472E+005, 9.3456980E-001,-2.3310640E-002, 1.5385157E-002
 2.0002888E+000, 1.0722709E+005, 9.6952792E-001,-2.0259452E-002, 2.0247487E-002
 3.0002487E+000, 1.0717168E+005, 9.5046629E-001,-2.0502138E-002, 2.0406204E-002
 4.0014917E+000, 1.0722717E+005, 9.6113022E-001,-2.0580618E-002, 2.0465339E-002
 5.0006584E+000, 1.0713349E+005, 9.2843189E-001,-2.0171423E-002, 2.0083612E-002
 6.0001093E+000, 1.0723249E+005, 9.6603927E-001,-2.0245318E-002, 2.0167810E-002
 7.0010191E+000, 1.0709719E+005, 9.5842613E-001,-2.0415270E-002, 2.0393621E-002
 8.0008413E+000, 1.0711491E+005, 9.7939307E-001,-2.0826671E-002, 2.0880011E-002
 9.0000000E+000, 1.0703103E+005, 9.4693544E-001,-2.0639097E-002, 2.0532728E-002
