s,Pa,kg/m3,kW,kW
Time,"p0","rho","Q1-0","Q2-0"
 0.0000000E+000, 1.0132500E+005, 8.8318715E-001,-9.0642098E-002, 0.0000000E+000
 1.0004553E+000, 1.1130836E+005, 1.0027960E+000,-3.2675714E-002, 1.5155231E-002
 2.0007952E+000, 1.1620069E+005, 1.0051747E+000,-2.5770548E-002, 2.3278485E-002
 3.0016685E+000, 1.1703730E+005, 9.8271651E-001,-2.4312722E-002, 2.4030867E-002
 4.0016922E+000, 1.1707620E+005, 1.0729185E+000,-2.4405010E-002, 2.4386683E-002
 5.0008064E+000, 1.1717763E+005, 9.7460532E-001,-2.4514188E-002, 2.4411398E-002
 6.0032963E+000, 1.1716329E+005, 1.0083696E+000,-2.4117078E-002, 2.4139492E-002
 7.0005062E+000, 1.1711896E+005, 1.0245340E+000,-2.4397878E-002, 2.4427921E-002
 8.0031278E+000, 1.1719294E+005, 9.9303194E-001,-2.4697954E-002, 2.4589061E-002
 9.0000000E+000, 1.1719075E+005, 1.0623704E+000,-2.4017853E-002, 2.4170709E-002
