s,kW,kW,Pa,kg/m3
Time,"Q1-0","Q2-0","p0","rho"
 0.0000000E+000,-4.4340914E-003, 0.0000000E+000, 1.0132500E+005, 1.1794096E+000
 1.0023291E+000,-1.1563693E-003, 2.5342469E-004, 1.0183341E+005, 1.1868958E+000
 2.0046582E+000,-4.2318336E-004, 2.9574376E-004, 1.0206983E+005, 1.1913757E+000
 3.0069872E+000,-4.5104054E-004, 4.1931820E-004, 1.0213505E+005, 1.1924705E+000
 4.0093163E+000,-6.8294978E-004, 6.6081312E-004, 1.0214263E+005, 1.1958417E+000
 5.0116454E+000,-8.5679708E-004, 8.4688231E-004, 1.0216542E+005, 1.1948906E+000
 6.0139745E+000,-8.2320947E-004, 8.2601935E-004, 1.0216448E+005, 1.1940667E+000
 7.0021862E+000,-8.3644716E-004, 8.3794013E-004, 1.0216293E+005, 1.1951289E+000
 8.0045153E+000,-8.3336720E-004, 8.3438866E-004, 1.0216215E+005, 1.1957043E+000
 9.0068444E+000,-8.3537569E-004, 8.3561361E-004, 1.0216187E+005, 1.1960695E+000
 1.0009173E+001,-8.3497984E-004, 8.3518073E-004, 1.0216193E+005, 1.1963657E+000
 1.1011503E+001,-8.3520042E-004, 8.3529156E-004, 1.0216200E+005, 1.1965747E+000
 1.2013832E+001,-8.3524380E-004, 8.3514820E-004, 1.0216220E+005, 1.1967149E+000
 1.3002043E+001,-8.3531776E-004, 8.3516006E-004, 1.0216251E+005, 1.1968014E+000
 1.4004372E+001,-8.3528820E-004, 8.3516657E-004, 1.0216282E+005, 1.1968400E+000
 1.5006702E+001,-8.3518567E-004, 8.3517568E-004, 1.0216308E+005, 1.1968443E+000
 1.6009031E+001,-8.3505076E-004, 8.3517399E-004, 1.0216323E+005, 1.1968117E+000
 1.7011360E+001,-8.3491966E-004, 8.3512645E-004, 1.0216330E+005, 1.1967346E+000
 1.8013689E+001,-8.3479193E-004, 8.3504323E-004, 1.0216331E+005, 1.1966149E+000
 1.9001901E+001,-8.3467470E-004, 8.3495523E-004, 1.0216330E+005, 1.1964585E+000
 2.0004230E+001,-8.3455966E-004, 8.3487138E-004, 1.0216326E+005, 1.1962645E+000
 2.1006559E+001,-8.3443474E-004, 8.3478311E-004, 1.0216319E+005, 1.1960327E+000
 2.2008888E+001,-8.3427652E-004, 8.3466846E-004, 1.0216308E+005, 1.1957654E+000
 2.3011217E+001,-8.3405709E-004, 8.3449819E-004, 1.0216293E+005, 1.1954636E+000
 2.4000000E+001,-8.3375519E-004, 8.3425936E-004, 1.0216273E+005, 1.1951259E+000
