s,Pa,kg/m3,kW,kW
Time,"p0","rho","Q1-0","Q2-0"
 0.0000000E+000, 1.0132500E+005, 1.1794096E+000,-5.8852181E-002, 0.0000000E+000
 1.0000000E+001, 1.0146939E+005, 1.1864557E+000,-3.9353534E-002, 9.1177969E-003
 2.0022321E+001, 1.0163211E+005, 1.1883671E+000,-3.0268066E-002, 1.3720039E-002
 3.0022321E+001, 1.0174802E+005, 1.1890240E+000,-2.8776571E-002, 1.5718132E-002
 4.0022321E+001, 1.0184010E+005, 1.1894733E+000,-2.7307477E-002, 1.7027741E-002
 5.0000000E+001, 1.0191179E+005, 1.1888907E+000,-2.6145602E-002, 1.8202900E-002
 6.0000000E+001, 1.0196721E+005, 1.1896510E+000,-2.5432965E-002, 1.9241709E-002
 7.0000000E+001, 1.0201054E+005, 1.1898206E+000,-2.4802363E-002, 1.9935204E-002
 8.0000000E+001, 1.0204429E+005, 1.1900519E+000,-2.4300097E-002, 2.0586269E-002
 9.0000000E+001, 1.0207047E+005, 1.1903197E+000,-2.3822588E-002, 2.0923537E-002
 1.0000000E+002, 1.0209044E+005, 1.1895029E+000,-2.3543991E-002, 2.1296210E-002
 1.1000000E+002, 1.0210640E+005, 1.1893936E+000,-2.3169916E-002, 2.1399811E-002
 1.2000000E+002, 1.0211916E+005, 1.1896050E+000,-2.3102867E-002, 2.1629202E-002
 1.3000000E+002, 1.0212928E+005, 1.1894824E+000,-2.3067360E-002, 2.1960316E-002
 1.4000000E+002, 1.0213710E+005, 1.1888015E+000,-2.2910297E-002, 2.2016369E-002
 1.5002232E+002, 1.0214304E+005, 1.1889484E+000,-2.2677441E-002, 2.2057104E-002
 1.6002232E+002, 1.0214757E+005, 1.1890244E+000,-2.2715405E-002, 2.2174294E-002
 1.7002232E+002, 1.0215106E+005, 1.1891977E+000,-2.2678832E-002, 2.2355781E-002
 1.8002232E+002, 1.0215355E+005, 1.1896910E+000,-2.2589848E-002, 2.2259095E-002
 1.9002232E+002, 1.0215589E+005, 1.1900349E+000,-2.2645496E-002, 2.2398160E-002
 2.0002232E+002, 1.0215769E+005, 1.1900597E+000,-2.2498227E-002, 2.2309110E-002
 2.1002232E+002, 1.0215886E+005, 1.1888967E+000,-2.2486648E-002, 2.2306666E-002
 2.1800000E+002, 1.0216015E+005, 1.1883860E+000,-2.2521308E-002, 2.2402619E-002
