s,Pa,kg/m3,kW,kW
Time,"p0","rho","Q1-0","Q2-0"
 0.0000000E+000, 1.0132500E+005, 8.8318715E-001,-2.7676600E+000, 0.0000000E+000
 1.0000815E+001, 1.0607648E+005, 1.0296188E+000,-1.5057534E+000, 4.8648444E-001
 2.0005456E+001, 1.1147476E+005, 1.0403787E+000,-1.2078641E+000, 7.2289610E-001
 3.0010759E+001, 1.1430491E+005, 1.0429637E+000,-1.0941538E+000, 8.3785486E-001
 4.0013922E+001, 1.1579843E+005, 1.0394948E+000,-1.0350197E+000, 9.0125959E-001
 5.0004502E+001, 1.1657399E+005, 1.0412258E+000,-1.0008592E+000, 9.3115930E-001
 6.0011090E+001, 1.1698693E+005, 1.0395185E+000,-9.8410041E-001, 9.4700996E-001
 7.0011238E+001, 1.1720586E+005, 1.0396766E+000,-9.7572385E-001, 9.5550964E-001
 8.0008962E+001, 1.1731523E+005, 1.0402589E+000,-9.7379517E-001, 9.6464748E-001
 8.7000000E+001, 1.1736885E+005, 1.0408290E+000,-9.7113435E-001, 9.6436139E-001
