s,Pa,kg/m3,kW,kW
Time,"p0","rho","Q1-0","Q2-0"
 0.0000000E+000, 1.0132500E+005, 1.1229154E+000,-3.5188052E-002, 0.0000000E+000
 1.0025577E+000, 1.0273752E+005, 1.1347434E+000,-3.9740326E-003, 1.9317715E-003
 2.0009193E+000, 1.0292910E+005, 1.1390317E+000,-2.1279989E-003, 2.1450445E-003
 3.0020089E+000, 1.0287558E+005, 1.1286242E+000,-2.6191104E-003, 2.7173605E-003
 4.0000988E+000, 1.0283864E+005, 1.1351902E+000,-2.3644871E-003, 2.3595381E-003
 5.0003321E+000, 1.0285784E+005, 1.1382209E+000,-2.6435953E-003, 2.6142679E-003
 6.0028503E+000, 1.0286692E+005, 1.1260994E+000,-2.7309400E-003, 2.7273744E-003
 7.0004594E+000, 1.0285987E+005, 1.1474516E+000,-2.5294331E-003, 2.5572063E-003
 8.0017765E+000, 1.0285241E+005, 1.1456007E+000,-2.5314803E-003, 2.5227662E-003
 9.0011297E+000, 1.0286120E+005, 1.1439878E+000,-2.6174191E-003, 2.6174064E-003
 1.0002568E+001, 1.0284981E+005, 1.1407441E+000,-2.5594398E-003, 2.5760026E-003
 1.1002665E+001, 1.0284777E+005, 1.1299419E+000,-2.5970335E-003, 2.5889732E-003
 1.2002302E+001, 1.0284385E+005, 1.1269431E+000,-2.5060187E-003, 2.5204792E-003
 1.3000000E+001, 1.0285007E+005, 1.1287394E+000,-2.5315218E-003, 2.5116058E-003
