s,Pa,kg/m3,kW,kW
Time,"p0","rho","Q1-0","Q2-0"
 0.0000000E+000, 1.0132500E+005, 8.8318715E-001,-2.8421972E+000, 0.0000000E+000
 1.0013081E+001, 1.0612113E+005, 1.0259119E+000,-1.5112487E+000, 4.8486254E-001
 2.0011719E+001, 1.1152907E+005, 1.0370493E+000,-1.1944709E+000, 7.1094557E-001
 3.0016386E+001, 1.1435594E+005, 1.0438683E+000,-1.0793353E+000, 8.2439514E-001
 4.0008309E+001, 1.1585006E+005, 1.0395541E+000,-1.0222879E+000, 8.8780447E-001
 5.0014882E+001, 1.1663046E+005, 1.0396445E+000,-9.9076875E-001, 9.1984264E-001
 6.0004287E+001, 1.1704904E+005, 1.0342936E+000,-9.7289779E-001, 9.3492322E-001
 7.0005432E+001, 1.1727085E+005, 1.0352382E+000,-9.6515092E-001, 9.4467535E-001
 8.0004076E+001, 1.1738970E+005, 1.0367346E+000,-9.5942886E-001, 9.4892804E-001
 8.7000000E+001, 1.1744494E+005, 1.0385807E+000,-9.6234366E-001, 9.5608336E-001
