s,kW,kW,Pa,kg/m3
Time,"Q1-0","Q2-0","p0","rho"
 0.0000000E+000,-4.3660881E+003, 0.0000000E+000, 1.0132500E+005, 1.1229154E+000
 1.0002426E+002,-3.1448245E+003, 1.1025944E+003, 1.0142630E+005, 1.1349542E+000
 2.0016393E+002,-2.4490054E+003, 1.2747790E+003, 1.0153790E+005, 1.1415805E+000
 3.0000817E+002,-2.1651747E+003, 1.2089755E+003, 1.0162092E+005, 1.1425781E+000
