s,Pa,kg/m3,kW,kW
Time,"p0","rho","Q1-0","Q2-0"
 0.0000000E+000, 1.0132500E+005, 1.1794096E+000,-4.3171817E-003, 0.0000000E+000
 1.0023291E+000, 1.0183046E+005, 1.1870801E+000,-1.1452585E-003, 2.7212071E-004
 2.0046582E+000, 1.0205552E+005, 1.1917840E+000,-4.3444768E-004, 3.2442042E-004
 3.0069872E+000, 1.0211106E+005, 1.1917796E+000,-4.0615205E-004, 3.6224211E-004
 4.0022577E+000, 1.0213616E+005, 1.1916137E+000,-4.1771581E-004, 3.9555157E-004
 5.0045867E+000, 1.0214869E+005, 1.1909662E+000,-4.2958576E-004, 4.1850222E-004
 6.0069158E+000, 1.0215527E+005, 1.1907336E+000,-4.3280505E-004, 4.2676449E-004
 7.0021862E+000, 1.0215888E+005, 1.1905649E+000,-4.3001688E-004, 4.2664703E-004
 8.0045153E+000, 1.0216085E+005, 1.1901130E+000,-4.2812280E-004, 4.2639260E-004
 9.0068444E+000, 1.0216181E+005, 1.1899037E+000,-4.2821529E-004, 4.2738935E-004
 1.0002115E+001, 1.0216229E+005, 1.1899844E+000,-4.2803589E-004, 4.2757005E-004
 1.1004444E+001, 1.0216261E+005, 1.1901564E+000,-4.2746836E-004, 4.2711552E-004
 1.2006773E+001, 1.0216284E+005, 1.1903568E+000,-4.2706507E-004, 4.2686399E-004
 1.3002043E+001, 1.0216291E+005, 1.1906151E+000,-4.2731266E-004, 4.2731746E-004
 1.4004372E+001, 1.0216291E+005, 1.1905514E+000,-4.2919050E-004, 4.2914520E-004
 1.5006702E+001, 1.0216305E+005, 1.1902409E+000,-4.3213064E-004, 4.3182174E-004
 1.6001972E+001, 1.0216342E+005, 1.1923961E+000,-4.3449338E-004, 4.3408105E-004
 1.7004301E+001, 1.0216353E+005, 1.1931402E+000,-4.3523426E-004, 4.3528952E-004
 1.8000000E+001, 1.0216365E+005, 1.1900356E+000,-4.3301717E-004, 4.3260637E-004
