s,Pa,kg/m3,kW,kW
Time,"p0","rho","Q1-0","Q2-0"
 0.0000000E+000, 1.0132500E+005, 1.1229154E+000,-3.5197325E-002, 0.0000000E+000
 1.0023291E+000, 1.0274812E+005, 1.1320760E+000,-3.9598791E-003, 1.8641147E-003
 2.0011288E+000, 1.0295486E+005, 1.1171803E+000,-1.9674620E-003, 1.9549163E-003
 3.0034579E+000, 1.0293847E+005, 1.1300059E+000,-2.8113139E-003, 2.8146353E-003
 4.0022577E+000, 1.0292944E+005, 1.1198451E+000,-2.3298278E-003, 2.3713774E-003
 5.0010574E+000, 1.0288699E+005, 1.1309536E+000,-2.3791341E-003, 2.4414198E-003
 6.0033865E+000, 1.0285087E+005, 1.1287217E+000,-2.4084173E-003, 2.4120842E-003
 7.0021862E+000, 1.0286817E+005, 1.1302690E+000,-2.4093221E-003, 2.3848641E-003
 8.0025892E+000, 1.0287868E+005, 1.1292213E+000,-2.4234976E-003, 2.4175072E-003
 9.0001841E+000, 1.0288512E+005, 1.1267310E+000,-2.4235533E-003, 2.4061847E-003
 1.0002513E+001, 1.0289712E+005, 1.1357447E+000,-2.3880170E-003, 2.3845879E-003
 1.1001313E+001, 1.0289033E+005, 1.1343778E+000,-2.3709225E-003, 2.3880920E-003
 1.2000113E+001, 1.0288078E+005, 1.1427838E+000,-2.3303366E-003, 2.3378649E-003
 1.3000000E+001, 1.0288354E+005, 1.1448975E+000,-2.3838933E-003, 2.3690254E-003
