s,Pa,kg/m3,kW,kW
Time,"p0","rho","Q1-0","Q2-0"
 0.0000000E+000, 1.0132500E+005, 1.1954478E+000,-8.6343634E-004, 0.0000000E+000
 1.0023291E+000, 1.0142672E+005, 1.1969233E+000,-2.2482018E-004, 4.9359044E-005
 2.0046582E+000, 1.0147058E+005, 1.1977941E+000,-7.2016696E-005, 5.2269467E-005
 3.0069872E+000, 1.0148141E+005, 1.1978558E+000,-5.8949508E-005, 4.9289594E-005
 4.0022577E+000, 1.0148716E+005, 1.1978395E+000,-5.6202398E-005, 5.0859198E-005
 5.0045867E+000, 1.0149037E+005, 1.1978183E+000,-5.5338009E-005, 5.2323433E-005
 6.0069158E+000, 1.0149220E+005, 1.1978048E+000,-5.4918305E-005, 5.3184068E-005
 7.0021862E+000, 1.0149326E+005, 1.1977986E+000,-5.4686126E-005, 5.3677996E-005
 8.0045153E+000, 1.0149387E+005, 1.1977965E+000,-5.4558965E-005, 5.3971855E-005
 9.0068444E+000, 1.0149423E+005, 1.1977960E+000,-5.4490861E-005, 5.4149821E-005
 1.0002115E+001, 1.0149444E+005, 1.1977959E+000,-5.4455079E-005, 5.4256745E-005
 1.1004444E+001, 1.0149456E+005, 1.1977960E+000,-5.4436309E-005, 5.4320959E-005
 1.2006773E+001, 1.0149463E+005, 1.1977960E+000,-5.4426508E-005, 5.4359560E-005
 1.3002043E+001, 1.0149467E+005, 1.1977960E+000,-5.4421510E-005, 5.4382580E-005
 1.4004372E+001, 1.0149469E+005, 1.1977960E+000,-5.4419018E-005, 5.4396366E-005
 1.5006702E+001, 1.0149471E+005, 1.1977960E+000,-5.4417820E-005, 5.4404663E-005
 1.6001972E+001, 1.0149472E+005, 1.1977959E+000,-5.4417286E-005, 5.4409628E-005
 1.7004301E+001, 1.0149472E+005, 1.1977959E+000,-5.4417077E-005, 5.4412618E-005
 1.8006630E+001, 1.0149472E+005, 1.1977959E+000,-5.4417021E-005, 5.4414429E-005
 1.9001901E+001, 1.0149472E+005, 1.1977959E+000,-5.4417032E-005, 5.4415522E-005
 2.0004230E+001, 1.0149473E+005, 1.1977959E+000,-5.4417067E-005, 5.4416187E-005
 2.1006559E+001, 1.0149473E+005, 1.1977959E+000,-5.4417106E-005, 5.4416594E-005
 2.2001829E+001, 1.0149473E+005, 1.1977959E+000,-5.4417141E-005, 5.4416842E-005
 2.3004158E+001, 1.0149473E+005, 1.1977959E+000,-5.4417169E-005, 5.4416994E-005
 2.4006487E+001, 1.0149473E+005, 1.1977959E+000,-5.4417191E-005, 5.4417088E-005
 2.5001758E+001, 1.0149473E+005, 1.1977959E+000,-5.4417207E-005, 5.4417146E-005
 2.6004087E+001, 1.0149473E+005, 1.1977959E+000,-5.4417219E-005, 5.4417182E-005
 2.7000000E+001, 1.0149473E+005, 1.1977959E+000,-5.4417227E-005, 5.4417205E-005
