s,Pa,kg/m3,kW,kW
Time,p0,rho,Q1-0,Q2-0
 0.0000000E+000, 1.0132500E+005, 1.1794096E+000,-4.3171817E-004, 0.0000000E+000
 1.0002464E-001, 1.0210300E+005, 1.1905453E+000,-3.4719324E-005, 2.3720295E-005
 2.0004927E-001, 1.0216568E+005, 1.1908731E+000,-2.3975630E-005, 2.3957239E-005
 2.7000000E-001, 1.0216596E+005, 1.1908724E+000,-2.3966703E-005, 2.3966242E-005
