s,Pa,kg/m3,kW,kW
Time,"p0","rho","Q1-0","Q2-0"
 0.0000000E+000, 1.0132500E+005, 1.1794096E+000,-4.3171817E-003, 0.0000000E+000
 1.0023291E+000, 1.0183046E+005, 1.1866994E+000,-1.1452104E-003, 2.7198853E-004
 2.0046582E+000, 1.0205579E+005, 1.1907548E+000,-4.3473808E-004, 3.2422198E-004
 3.0069872E+000, 1.0211169E+005, 1.1905421E+000,-4.0639828E-004, 3.6210806E-004
 4.0022577E+000, 1.0213710E+005, 1.1895450E+000,-4.1799035E-004, 3.9555317E-004
 5.0045867E+000, 1.0214957E+005, 1.1893378E+000,-4.2959929E-004, 4.1886925E-004
 6.0069158E+000, 1.0215577E+005, 1.1909329E+000,-4.3259203E-004, 4.2709433E-004
 7.0021862E+000, 1.0215913E+005, 1.1912685E+000,-4.2986726E-004, 4.2643739E-004
 8.0045153E+000, 1.0216135E+005, 1.1903396E+000,-4.2829152E-004, 4.2622057E-004
 9.0068444E+000, 1.0216237E+005, 1.1894832E+000,-4.2832420E-004, 4.2770470E-004
 1.0002115E+001, 1.0216256E+005, 1.1892886E+000,-4.2792442E-004, 4.2788479E-004
 1.1004444E+001, 1.0216259E+005, 1.1896637E+000,-4.2730575E-004, 4.2722725E-004
 1.2006773E+001, 1.0216264E+005, 1.1902508E+000,-4.2673888E-004, 4.2672767E-004
 1.3002043E+001, 1.0216257E+005, 1.1908678E+000,-4.2658693E-004, 4.2672281E-004
 1.4004372E+001, 1.0216258E+005, 1.1912938E+000,-4.2844140E-004, 4.2828630E-004
 1.5006702E+001, 1.0216274E+005, 1.1922051E+000,-4.3144203E-004, 4.3130115E-004
 1.6001972E+001, 1.0216284E+005, 1.1958842E+000,-4.3400164E-004, 4.3390408E-004
 1.7004301E+001, 1.0216285E+005, 1.1964363E+000,-4.3662686E-004, 4.3666195E-004
 1.8000000E+001, 1.0216302E+005, 1.1947229E+000,-4.3491731E-004, 4.3455752E-004
