s,Pa,kg/m3,kW,kW
Time,"p0","rho","Q1-0","Q2-0"
 0.0000000E+000, 1.0132500E+005, 1.1954478E+000,-1.7594026E-003, 0.0000000E+000
 1.0007351E+000, 1.0139845E+005, 1.1961133E+000,-1.9287076E-004, 8.4815272E-005
 2.0032564E+000, 1.0140925E+005, 1.1961644E+000,-6.0057169E-005, 5.8534741E-005
 3.0011668E+000, 1.0140992E+005, 1.1961341E+000,-5.2263978E-005, 5.1758136E-005
 4.0013643E+000, 1.0141018E+005, 1.1961321E+000,-5.1608052E-005, 5.1440996E-005
 5.0004821E+000, 1.0141025E+005, 1.1961355E+000,-5.1928534E-005, 5.1893297E-005
 6.0018680E+000, 1.0141027E+005, 1.1961388E+000,-5.2218425E-005, 5.2214265E-005
 7.0022317E+000, 1.0141026E+005, 1.1961411E+000,-5.2407660E-005, 5.2411247E-005
 8.0028562E+000, 1.0141027E+005, 1.1961428E+000,-5.2526312E-005, 5.2527521E-005
 9.0032474E+000, 1.0141026E+005, 1.1961436E+000,-5.2601021E-005, 5.2604211E-005
 1.0000744E+001, 1.0141026E+005, 1.1961436E+000,-5.2648929E-005, 5.2655427E-005
 1.1002400E+001, 1.0141026E+005, 1.1961440E+000,-5.2677708E-005, 5.2677569E-005
 1.2000217E+001, 1.0141026E+005, 1.1961446E+000,-5.2694751E-005, 5.2698255E-005
 1.3000092E+001, 1.0141026E+005, 1.1961448E+000,-5.2707340E-005, 5.2708035E-005
 1.4000795E+001, 1.0141026E+005, 1.1961449E+000,-5.2714828E-005, 5.2715891E-005
 1.5002502E+001, 1.0141026E+005, 1.1961454E+000,-5.2718994E-005, 5.2720998E-005
 1.6000123E+001, 1.0141026E+005, 1.1961456E+000,-5.2722815E-005, 5.2724402E-005
 1.7002990E+001, 1.0141026E+005, 1.1961456E+000,-5.2725379E-005, 5.2731760E-005
 1.8001623E+001, 1.0141026E+005, 1.1961456E+000,-5.2727047E-005, 5.2727039E-005
 1.9002237E+001, 1.0141026E+005, 1.1961457E+000,-5.2727851E-005, 5.2730563E-005
 2.0000060E+001, 1.0141026E+005, 1.1961458E+000,-5.2728608E-005, 5.2729689E-005
 2.1001116E+001, 1.0141026E+005, 1.1961459E+000,-5.2729659E-005, 5.2732610E-005
 2.2002233E+001, 1.0141026E+005, 1.1961458E+000,-5.2729376E-005, 5.2726029E-005
 2.3001601E+001, 1.0141026E+005, 1.1961458E+000,-5.2728869E-005, 5.2733982E-005
 2.4001907E+001, 1.0141026E+005, 1.1961458E+000,-5.2729666E-005, 5.2737223E-005
 2.5000574E+001, 1.0141026E+005, 1.1961460E+000,-5.2729676E-005, 5.2729105E-005
 2.6000794E+001, 1.0141026E+005, 1.1961456E+000,-5.2729920E-005, 5.2731654E-005
 2.7000000E+001, 1.0141026E+005, 1.1961451E+000,-5.2730565E-005, 5.2732201E-005
