s,Pa,kg/m3,kW,kW
Time,"p0","rho","Q1-0","Q2-0"
 0.0000000E+000, 1.0132500E+005, 1.1229154E+000,-1.7268727E-002, 0.0000000E+000
 1.0023291E+000, 1.0333973E+005, 1.1507114E+000,-4.9201302E-003, 1.4199774E-003
 2.0046582E+000, 1.0426075E+005, 1.1477444E+000,-3.0660539E-003, 2.5906749E-003
 3.0069872E+000, 1.0449499E+005, 1.1530573E+000,-3.2046800E-003, 3.0477318E-003
 4.0022577E+000, 1.0456877E+005, 1.1655694E+000,-3.1664260E-003, 3.1383492E-003
 5.0045867E+000, 1.0455988E+005, 1.1571584E+000,-2.8777636E-003, 2.8975391E-003
 6.0069158E+000, 1.0456034E+005, 1.1670342E+000,-2.8483173E-003, 2.8492278E-003
 7.0021862E+000, 1.0454456E+005, 1.1825290E+000,-2.9457327E-003, 2.9613537E-003
 8.0045153E+000, 1.0455051E+005, 1.1669514E+000,-3.0240204E-003, 2.9894754E-003
 9.0068444E+000, 1.0459104E+005, 1.1446016E+000,-3.1007483E-003, 3.0586676E-003
 1.0002115E+001, 1.0459491E+005, 1.1658036E+000,-3.0003239E-003, 3.0251678E-003
 1.1004444E+001, 1.0458390E+005, 1.1736218E+000,-2.9801632E-003, 2.9844428E-003
 1.2000334E+001, 1.0457910E+005, 1.1879353E+000,-3.0227456E-003, 3.0223160E-003
 1.3000000E+001, 1.0458543E+005, 1.1887447E+000,-3.0212690E-003, 3.0279767E-003
