s,kW,kW,Pa,kg/m3
Time,"Q1-0","Q2-0","p0","rho"
 0.0000000E+000,-1.3612661E-002, 0.0000000E+000, 1.0132500E+005, 7.8816758E-001
 1.0035203E-002,-3.0101530E-003, 6.8939739E-004, 1.1508131E+005, 9.4115235E-001
 2.0042183E-002,-9.5672970E-004, 7.2786614E-004, 1.2028858E+005, 9.9068330E-001
 3.0049163E-002,-8.0502836E-004, 6.9672431E-004, 1.2153202E+005, 9.8560349E-001
 4.0056143E-002,-7.6579855E-004, 7.0845625E-004, 1.2216501E+005, 9.8383656E-001
 5.0063123E-002,-7.5098767E-004, 7.2031746E-004, 1.2250220E+005, 9.8327320E-001
 6.0070103E-002,-7.4407270E-004, 7.2764451E-004, 1.2268271E+005, 9.8309682E-001
 7.0077083E-002,-7.4053705E-004, 7.3174050E-004, 1.2277939E+005, 9.8306032E-001
 8.0003361E-002,-7.3867655E-004, 7.3395992E-004, 1.2283101E+005, 9.8307329E-001
 9.0010341E-002,-7.3768413E-004, 7.3515597E-004, 1.2285865E+005, 9.8309994E-001
 1.0001732E-001,-7.3715108E-004, 7.3580081E-004, 1.2287352E+005, 9.8312661E-001
 1.1002430E-001,-7.3686634E-004, 7.3614576E-004, 1.2288145E+005, 9.8314864E-001
 1.2003128E-001,-7.3671428E-004, 7.3633012E-004, 1.2288569E+005, 9.8316532E-001
 1.3003826E-001,-7.3663310E-004, 7.3642857E-004, 1.2288795E+005, 9.8317734E-001
 1.4004524E-001,-7.3658980E-004, 7.3648110E-004, 1.2288915E+005, 9.8318572E-001
 1.5005222E-001,-7.3656671E-004, 7.3650910E-004, 1.2288979E+005, 9.8319145E-001
 1.6005920E-001,-7.3655441E-004, 7.3652402E-004, 1.2289013E+005, 9.8319530E-001
 1.7006618E-001,-7.3654786E-004, 7.3653196E-004, 1.2289031E+005, 9.8319785E-001
 1.8007316E-001,-7.3654438E-004, 7.3653618E-004, 1.2289041E+005, 9.8319953E-001
 1.9008014E-001,-7.3654253E-004, 7.3653842E-004, 1.2289046E+005, 9.8320063E-001
 2.0000000E-001,-7.3654156E-004, 7.3653960E-004, 1.2289048E+005, 9.8320134E-001
