s,kW,kW,Pa,kg/m3
Time,Q1-0,Q2-0,p0,rho
 0.0000000E+000,-8.8756302E-003, 0.0000000E+000, 1.0132500E+005, 1.1794096E+000
 1.0023291E+000,-9.9545517E-004, 4.3494091E-004, 1.0169401E+005, 1.1855064E+000
 2.0046582E+000,-3.3952653E-004, 3.1537833E-004, 1.0175356E+005, 1.1888174E+000
 3.0069872E+000,-4.2117629E-004, 3.9729139E-004, 1.0177567E+005, 1.1935303E+000
 4.0022577E+000,-6.2477014E-004, 6.2801282E-004, 1.0178606E+005, 1.1968573E+000
 5.0045867E+000,-6.4667518E-004, 6.6521447E-004, 1.0177923E+005, 1.1977564E+000
 6.0069158E+000,-6.4596275E-004, 6.5931689E-004, 1.0176866E+005, 1.1962793E+000
 7.0021862E+000,-6.5238852E-004, 6.6274250E-004, 1.0176099E+005, 1.1948191E+000
 8.0045153E+000,-6.5786778E-004, 6.6193036E-004, 1.0175889E+005, 1.1939577E+000
 9.0068444E+000,-6.5772600E-004, 6.6180287E-004, 1.0175854E+005, 1.1947922E+000
 1.0002115E+001,-6.5871400E-004, 6.6289187E-004, 1.0175834E+005, 1.1956052E+000
 1.1004444E+001,-6.5858350E-004, 6.6329613E-004, 1.0175787E+005, 1.1956087E+000
 1.2006773E+001,-6.5790539E-004, 6.6202699E-004, 1.0175760E+005, 1.1950127E+000
 1.3002043E+001,-6.5700603E-004, 6.6122200E-004, 1.0175767E+005, 1.1948751E+000
 1.4004372E+001,-6.5636327E-004, 6.6080819E-004, 1.0175770E+005, 1.1941814E+000
 1.5006702E+001,-6.5503169E-004, 6.5961262E-004, 1.0175759E+005, 1.1946370E+000
 1.6001972E+001,-6.5326358E-004, 6.5787859E-004, 1.0175755E+005, 1.1939668E+000
 1.7004301E+001,-6.5073522E-004, 6.5558038E-004, 1.0175740E+005, 1.1921572E+000
 1.8006630E+001,-6.4728848E-004, 6.5249315E-004, 1.0175706E+005, 1.1904410E+000
 1.9001901E+001,-6.4293988E-004, 6.4807940E-004, 1.0175652E+005, 1.1884679E+000
 2.0004230E+001,-6.3793301E-004, 6.4236719E-004, 1.0175620E+005, 1.1861308E+000
 2.1004421E+001,-6.3181509E-004, 6.3509132E-004, 1.0175635E+005, 1.1846688E+000
 2.2001776E+001,-6.2404137E-004, 6.2540813E-004, 1.0175729E+005, 1.1841696E+000
 2.3005483E+001,-6.1400685E-004, 6.1275231E-004, 1.0175921E+005, 1.1835320E+000
 2.4000000E+001,-6.0297421E-004, 6.0041349E-004, 1.0176189E+005, 1.1826407E+000
