s,Pa,kg/m3,kW,kW
Time,"p0","rho","Q1-0","Q2-0"
 0.0000000E+000, 1.0132500E+005, 8.8318715E-001,-2.8001853E+000, 0.0000000E+000
 1.0005162E+001, 1.0413157E+005, 9.5531201E-001,-1.2576266E+000, 7.1841273E-001
 2.0004066E+001, 1.0649539E+005, 9.6164446E-001,-1.0788274E+000, 8.7020154E-001
 3.0005277E+001, 1.0771999E+005, 9.6529609E-001,-1.0360829E+000, 9.2494758E-001
 4.0002949E+001, 1.0837210E+005, 9.6514692E-001,-1.0141906E+000, 9.5596249E-001
 5.0000947E+001, 1.0871180E+005, 9.6373381E-001,-9.9798351E-001, 9.6727676E-001
 6.0001845E+001, 1.0889021E+005, 9.6531849E-001,-9.9153741E-001, 9.7550210E-001
 7.0002748E+001, 1.0899005E+005, 9.6464875E-001,-9.8852547E-001, 9.7927857E-001
 8.0004188E+001, 1.0903890E+005, 9.6584579E-001,-9.8557456E-001, 9.8140990E-001
 8.7000000E+001, 1.0906349E+005, 9.6567888E-001,-9.8555154E-001, 9.8297772E-001
