s,Pa,kg/m3,kW,kW
Time,"p0","rho","Q1-0","Q2-0"
 0.0000000E+000, 1.0132500E+005, 8.8318715E-001,-2.8421972E+000, 0.0000000E+000
 1.0013082E+001, 1.0612113E+005, 1.0259119E+000,-1.5112487E+000, 4.8486256E-001
 2.0003840E+001, 1.1152772E+005, 1.0370632E+000,-1.1945252E+000, 7.1089219E-001
 3.0012405E+001, 1.1435346E+005, 1.0415312E+000,-1.0800493E+000, 8.2490024E-001
 4.0005088E+001, 1.1584890E+005, 1.0394232E+000,-1.0214675E+000, 8.8597800E-001
 5.0013980E+001, 1.1663796E+005, 1.0388681E+000,-9.9058046E-001, 9.1983960E-001
 6.0011436E+001, 1.1704519E+005, 1.0379943E+000,-9.7387396E-001, 9.3762188E-001
 7.0000371E+001, 1.1726333E+005, 1.0412040E+000,-9.6787620E-001, 9.4754646E-001
 8.0010793E+001, 1.1738169E+005, 1.0397967E+000,-9.6076758E-001, 9.5026609E-001
 8.7000000E+001, 1.1743781E+005, 1.0374633E+000,-9.6032911E-001, 9.5405747E-001
