s,Pa,kg/m3,kW,kW
Time,"p0","rho","Q1-0","Q2-0"
 0.0000000E+000, 1.0132500E+005, 1.1229154E+000,-3.5197325E-002, 0.0000000E+000
 1.0023291E+000, 1.0274688E+005, 1.1348643E+000,-3.9640827E-003, 1.8737508E-003
 2.0011288E+000, 1.0294482E+005, 1.1373106E+000,-1.9694295E-003, 1.9753965E-003
 3.0034579E+000, 1.0291551E+005, 1.1424004E+000,-2.6380479E-003, 2.6875319E-003
 4.0022577E+000, 1.0288924E+005, 1.1423735E+000,-2.4512530E-003, 2.4726755E-003
 5.0006148E+000, 1.0288179E+005, 1.1406554E+000,-2.2565070E-003, 2.2445373E-003
 6.0004527E+000, 1.0289433E+005, 1.1398622E+000,-2.4091641E-003, 2.4001853E-003
 7.0027818E+000, 1.0289673E+005, 1.1246052E+000,-2.3733392E-003, 2.3804229E-003
 8.0015815E+000, 1.0287673E+005, 1.1295506E+000,-2.4173113E-003, 2.4646786E-003
 9.0003813E+000, 1.0285808E+005, 1.1462589E+000,-2.3960884E-003, 2.3917235E-003
 1.0002710E+001, 1.0285713E+005, 1.1162336E+000,-2.3455013E-003, 2.3462170E-003
 1.1001510E+001, 1.0287800E+005, 1.1261949E+000,-2.4502720E-003, 2.3976207E-003
 1.2000310E+001, 1.0289041E+005, 1.1478462E+000,-2.4831750E-003, 2.5077776E-003
 1.3000000E+001, 1.0287993E+005, 1.1529724E+000,-2.4846106E-003, 2.4718000E-003
