s,Pa,kg/m3,kW,kW
Time,"p0","rho","Q1-0","Q2-0"
 0.0000000E+000, 1.0132500E+005, 1.1229154E+000,-1.7265161E-002, 0.0000000E+000
 1.0023291E+000, 1.0332815E+005, 1.1528629E+000,-4.9652442E-003, 1.4925946E-003
 2.0020038E+000, 1.0422204E+005, 1.1441624E+000,-3.3260828E-003, 2.9643970E-003
 3.0002272E+000, 1.0441600E+005, 1.1583206E+000,-3.5019597E-003, 3.2593956E-003
 4.0025563E+000, 1.0453711E+005, 1.1399056E+000,-3.4108911E-003, 3.3522544E-003
 5.0009862E+000, 1.0454302E+005, 1.1699804E+000,-3.2225905E-003, 3.2257403E-003
 6.0047785E+000, 1.0454108E+005, 1.1358046E+000,-3.1548237E-003, 3.1685045E-003
 7.0057995E+000, 1.0454139E+005, 1.1915730E+000,-3.2336565E-003, 3.2453911E-003
 8.0040989E+000, 1.0451800E+005, 1.1534039E+000,-3.3192814E-003, 3.3409045E-003
 9.0043429E+000, 1.0450340E+005, 1.1601476E+000,-3.1855075E-003, 3.1913181E-003
 1.0000181E+001, 1.0451948E+005, 1.1520761E+000,-3.1583961E-003, 3.1297231E-003
 1.1005503E+001, 1.0454027E+005, 1.1491790E+000,-3.2738624E-003, 3.2498155E-003
 1.2001158E+001, 1.0453816E+005, 1.1625560E+000,-3.1940967E-003, 3.2219565E-003
 1.3000000E+001, 1.0450516E+005, 1.1437558E+000,-3.1469755E-003, 3.1874711E-003
