s,Pa,kg/m3,kW,kW
Time,"p0","rho","Q1-0","Q2-0"
 0.0000000E+000, 1.0132500E+005, 1.1794096E+000,-8.7970129E-003, 0.0000000E+000
 1.0016659E+000, 1.0168859E+005, 1.1826926E+000,-9.6158292E-004, 4.3437761E-004
 2.0014003E+000, 1.0174310E+005, 1.1828772E+000,-3.4471773E-004, 3.3427432E-004
 3.0030640E+000, 1.0174546E+005, 1.1827495E+000,-3.4545832E-004, 3.4666940E-004
 4.0003166E+000, 1.0174431E+005, 1.1828189E+000,-3.6297966E-004, 3.6430678E-004
 5.0003253E+000, 1.0174343E+005, 1.1832824E+000,-3.7929802E-004, 3.8015700E-004
 6.0016090E+000, 1.0174280E+005, 1.1841179E+000,-3.8844249E-004, 3.8898862E-004
 7.0031552E+000, 1.0174236E+005, 1.1841145E+000,-3.8837867E-004, 3.8874279E-004
 8.0018488E+000, 1.0174207E+005, 1.1840593E+000,-3.8700922E-004, 3.8720091E-004
 9.0015411E+000, 1.0174190E+005, 1.1841635E+000,-3.8698243E-004, 3.8703597E-004
 1.0000860E+001, 1.0174181E+005, 1.1842680E+000,-3.8778834E-004, 3.8774498E-004
 1.1001013E+001, 1.0174178E+005, 1.1843912E+000,-3.8851888E-004, 3.8839505E-004
 1.2003031E+001, 1.0174179E+005, 1.1845407E+000,-3.8898461E-004, 3.8877186E-004
 1.3002329E+001, 1.0174185E+005, 1.1847216E+000,-3.8934381E-004, 3.8906527E-004
 1.4002371E+001, 1.0174193E+005, 1.1848440E+000,-3.8960846E-004, 3.8935095E-004
 1.5002277E+001, 1.0174197E+005, 1.1843988E+000,-3.8953397E-004, 3.8940905E-004
 1.6000039E+001, 1.0174192E+005, 1.1830684E+000,-3.8920893E-004, 3.8923769E-004
 1.7001849E+001, 1.0174179E+005, 1.1822623E+000,-3.8896225E-004, 3.8917379E-004
 1.8000000E+001, 1.0174155E+005, 1.1826818E+000,-3.8900657E-004, 3.8939956E-004
