s,Pa,kg/m3,kW,kW
Time,"p0","rho","Q1-0","Q2-0"
 0.0000000E+000, 1.0132500E+005, 8.8318715E-001,-1.8474186E-001, 0.0000000E+000
 1.0013264E+000, 1.0753952E+005, 9.5486539E-001,-2.3785403E-002, 1.5809813E-002
 2.0006485E+000, 1.0740115E+005, 9.7942512E-001,-2.1682611E-002, 2.2155944E-002
 3.0008174E+000, 1.0726673E+005, 9.1728825E-001,-2.1591493E-002, 2.1481003E-002
 4.0002958E+000, 1.0731656E+005, 9.0768849E-001,-2.1612329E-002, 2.1717677E-002
 5.0007733E+000, 1.0721688E+005, 9.7350595E-001,-2.1278132E-002, 2.1269623E-002
 6.0009728E+000, 1.0730529E+005, 9.1841571E-001,-2.1515281E-002, 2.1533209E-002
 7.0014638E+000, 1.0736867E+005, 9.5408204E-001,-2.1305265E-002, 2.1283753E-002
 8.0012919E+000, 1.0733915E+005, 9.3143864E-001,-2.1691605E-002, 2.1698925E-002
 9.0000000E+000, 1.0730274E+005, 9.4322167E-001,-2.1681743E-002, 2.1700905E-002
