s,kW,kW,Pa,kg/m3
Time,"Q1-0","Q2-0","p0","rho"
 0.0000000E+000,-3.6773937E+004, 0.0000000E+000, 1.0132500E+005, 8.8318715E-001
 1.0011345E+002,-2.2954706E+004, 8.9539475E+003, 1.0199867E+005, 9.5073440E-001
 2.0000074E+002,-1.6838986E+004, 8.9205098E+003, 1.0276518E+005, 9.6564874E-001
