s,Pa,kg/m3,kW,kW
Time,"p0","rho","Q1-0","Q2-0"
 0.0000000E+000, 1.0132500E+005, 1.1229154E+000,-1.7265161E-002, 0.0000000E+000
 1.0023291E+000, 1.0332815E+005, 1.1528629E+000,-4.9652442E-003, 1.4925946E-003
 2.0020038E+000, 1.0422204E+005, 1.1441624E+000,-3.3260828E-003, 2.9643970E-003
 3.0002272E+000, 1.0441600E+005, 1.1583206E+000,-3.5019597E-003, 3.2593956E-003
 4.0025563E+000, 1.0453711E+005, 1.1399056E+000,-3.4108911E-003, 3.3522544E-003
 5.0009862E+000, 1.0454302E+005, 1.1699804E+000,-3.2225905E-003, 3.2257403E-003
 6.0047785E+000, 1.0454108E+005, 1.1358046E+000,-3.1548237E-003, 3.1685045E-003
 7.0057995E+000, 1.0454139E+005, 1.1915730E+000,-3.2336566E-003, 3.2453911E-003
 8.0040990E+000, 1.0451800E+005, 1.1534039E+000,-3.3192815E-003, 3.3409046E-003
 9.0043428E+000, 1.0450340E+005, 1.1601476E+000,-3.1855075E-003, 3.1913182E-003
 1.0000180E+001, 1.0451948E+005, 1.1520761E+000,-3.1583959E-003, 3.1297232E-003
 1.1005496E+001, 1.0454027E+005, 1.1491793E+000,-3.2738638E-003, 3.2498144E-003
 1.2001147E+001, 1.0453816E+005, 1.1625545E+000,-3.1941036E-003, 3.2219555E-003
 1.3000000E+001, 1.0450516E+005, 1.1438449E+000,-3.1470154E-003, 3.1875356E-003
