s,Pa,kg/m3,kW,kW
Time,"p0","rho","Q1-0","Q2-0"
 0.0000000E+000, 1.0132500E+005, 1.1794096E+000,-4.3153783E-004, 0.0000000E+000
 1.0006945E-001, 1.0209391E+005, 1.1904538E+000,-3.4702878E-005, 2.3792538E-005
 2.0007481E-001, 1.0215584E+005, 1.1907596E+000,-2.3985968E-005, 2.3961522E-005
 2.7000000E-001, 1.0215649E+005, 1.1907632E+000,-2.3972887E-005, 2.3967853E-005
