s,Pa,kg/m3,kW,kW
Time,"p0","rho","Q1-0","Q2-0"
 0.0000000E+000, 1.0132500E+005, 8.8318715E-001,-9.0660816E-002, 0.0000000E+000
 1.0009007E+000, 1.1139434E+005, 9.9582656E-001,-3.1773844E-002, 1.4028186E-002
 2.0026453E+000, 1.1621712E+005, 1.0105834E+000,-2.5168159E-002, 2.3015935E-002
 3.0013516E+000, 1.1699827E+005, 1.0577642E+000,-2.3163147E-002, 2.2713750E-002
 4.0026160E+000, 1.1713385E+005, 1.0524490E+000,-2.3310316E-002, 2.3258790E-002
 5.0004091E+000, 1.1715857E+005, 1.0438528E+000,-2.3266840E-002, 2.3263499E-002
 6.0014953E+000, 1.1723107E+005, 1.0196520E+000,-2.3443691E-002, 2.3424563E-002
 7.0021311E+000, 1.1722946E+005, 1.0125881E+000,-2.3262882E-002, 2.3277257E-002
 8.0002530E+000, 1.1715987E+005, 9.9167426E-001,-2.3684347E-002, 2.3686850E-002
 9.0000000E+000, 1.1725201E+005, 1.0443612E+000,-2.3490658E-002, 2.3262571E-002
