s,Pa,kg/m3,kW,kW
Time,"p0","rho","Q1-0","Q2-0"
 0.0000000E+000, 1.0132500E+005, 1.1794096E+000,-4.3171817E-004, 0.0000000E+000
 1.0002464E-001, 1.0210300E+005, 1.1905462E+000,-3.4719464E-005, 2.3720715E-005
 2.0004927E-001, 1.0216568E+005, 1.1908738E+000,-2.3975825E-005, 2.3957752E-005
 2.7000000E-001, 1.0216596E+005, 1.1908730E+000,-2.3966899E-005, 2.3966756E-005
