s,Pa,kg/m3,kW,kW
Time,"p0","rho","Q1-0","Q2-0"
 0.0000000E+000, 1.0132500E+005, 1.1794096E+000,-8.7993313E-003, 0.0000000E+000
 1.0023291E+000, 1.0169105E+005, 1.1826976E+000,-9.6838389E-004, 4.3045418E-004
 2.0011288E+000, 1.0174668E+005, 1.1828952E+000,-3.3954831E-004, 3.2887019E-004
 3.0034579E+000, 1.0174938E+005, 1.1828919E+000,-3.3763851E-004, 3.3839246E-004
 4.0022577E+000, 1.0174838E+005, 1.1833894E+000,-3.5669266E-004, 3.5798056E-004
 5.0010574E+000, 1.0174744E+005, 1.1840837E+000,-3.7412205E-004, 3.7505219E-004
 6.0033865E+000, 1.0174681E+005, 1.1841924E+000,-3.8111108E-004, 3.8162984E-004
 7.0021862E+000, 1.0174645E+005, 1.1840524E+000,-3.8053166E-004, 3.8080120E-004
 8.0009860E+000, 1.0174625E+005, 1.1840315E+000,-3.7934949E-004, 3.7947207E-004
 9.0033151E+000, 1.0174614E+005, 1.1840762E+000,-3.7947922E-004, 3.7952472E-004
 1.0002115E+001, 1.0174608E+005, 1.1841090E+000,-3.8005127E-004, 3.8006120E-004
 1.1000915E+001, 1.0174603E+005, 1.1841227E+000,-3.8033148E-004, 3.8032284E-004
 1.2003244E+001, 1.0174601E+005, 1.1841343E+000,-3.8036273E-004, 3.8034290E-004
 1.3002043E+001, 1.0174599E+005, 1.1841481E+000,-3.8037365E-004, 3.8034705E-004
 1.4000843E+001, 1.0174597E+005, 1.1841610E+000,-3.8042700E-004, 3.8039721E-004
 1.5003172E+001, 1.0174596E+005, 1.1841713E+000,-3.8048376E-004, 3.8045262E-004
 1.6001972E+001, 1.0174595E+005, 1.1841789E+000,-3.8051900E-004, 3.8048710E-004
 1.7000772E+001, 1.0174594E+005, 1.1841848E+000,-3.8053862E-004, 3.8050603E-004
 1.8000000E+001, 1.0174593E+005, 1.1841891E+000,-3.8055291E-004, 3.8051955E-004
