s,kW,kW,Pa,kg/m3
Time,"Q1-0","Q2-0","p0","rho"
 0.0000000E+000,-8.8756302E-003, 0.0000000E+000, 1.0132500E+005, 1.1794096E+000
 1.0023291E+000,-9.9050437E-004, 4.2118568E-004, 1.0169699E+005, 1.1827022E+000
 2.0046582E+000,-3.2262293E-004, 3.0541100E-004, 1.0175913E+005, 1.1826194E+000
 3.0069872E+000,-3.3691221E-004, 3.4730209E-004, 1.0176546E+005, 1.1807649E+000
 4.0022577E+000,-5.0671853E-004, 5.4273894E-004, 1.0174080E+005, 1.1765542E+000
 5.0045867E+000,-6.3476351E-004, 6.5252614E-004, 1.0172115E+005, 1.1797485E+000
 6.0069158E+000,-6.3887479E-004, 6.2795440E-004, 1.0171376E+005, 1.1805456E+000
 7.0021862E+000,-6.8240101E-004, 6.6758984E-004, 1.0172652E+005, 1.1808948E+000
 8.0045153E+000,-6.6815664E-004, 6.5996643E-004, 1.0173338E+005, 1.1813850E+000
 9.0068444E+000,-6.7127434E-004, 6.6650190E-004, 1.0173644E+005, 1.1819709E+000
 1.0002115E+001,-6.7101481E-004, 6.6710086E-004, 1.0173817E+005, 1.1824921E+000
 1.1004444E+001,-6.7097397E-004, 6.6802876E-004, 1.0173912E+005, 1.1829096E+000
 1.2006773E+001,-6.7141674E-004, 6.6879029E-004, 1.0173957E+005, 1.1832425E+000
 1.3002043E+001,-6.7156905E-004, 6.6915833E-004, 1.0173987E+005, 1.1835298E+000
 1.4004372E+001,-6.7181045E-004, 6.6954208E-004, 1.0174003E+005, 1.1837925E+000
 1.5006702E+001,-6.7198946E-004, 6.6980276E-004, 1.0174015E+005, 1.1840201E+000
 1.6001972E+001,-6.7213353E-004, 6.7001749E-004, 1.0174025E+005, 1.1842072E+000
 1.7004301E+001,-6.7225674E-004, 6.7018507E-004, 1.0174033E+005, 1.1843602E+000
 1.8006630E+001,-6.7234982E-004, 6.7031761E-004, 1.0174043E+005, 1.1844823E+000
 1.9001901E+001,-6.7240394E-004, 6.7041952E-004, 1.0174052E+005, 1.1845657E+000
 2.0004230E+001,-6.7241250E-004, 6.7048187E-004, 1.0174062E+005, 1.1845969E+000
 2.1006559E+001,-6.7234644E-004, 6.7048155E-004, 1.0174071E+005, 1.1845560E+000
 2.2001829E+001,-6.7212521E-004, 6.7035926E-004, 1.0174079E+005, 1.1844112E+000
 2.3004158E+001,-6.7157591E-004, 6.6997989E-004, 1.0174084E+005, 1.1841112E+000
 2.4000000E+001,-6.7033901E-004, 6.6904702E-004, 1.0174081E+005, 1.1835784E+000
