s,Pa,kg/m3,kW,kW
Time,"p0","rho","Q1-0","Q2-0"
 0.0000000E+000, 1.0132500E+005, 8.8318715E-001,-2.7676600E+000, 0.0000000E+000
 1.0003753E+001, 1.0607598E+005, 1.0310622E+000,-1.5069816E+000, 4.8734177E-001
 2.0011946E+001, 1.1147912E+005, 1.0399115E+000,-1.2073418E+000, 7.2291820E-001
 3.0000294E+001, 1.1430482E+005, 1.0440673E+000,-1.0921351E+000, 8.3699779E-001
 4.0012073E+001, 1.1579438E+005, 1.0416556E+000,-1.0345070E+000, 8.9994501E-001
 5.0003762E+001, 1.1657809E+005, 1.0398226E+000,-1.0033792E+000, 9.3289042E-001
 6.0013760E+001, 1.1698809E+005, 1.0429443E+000,-9.8611963E-001, 9.4877808E-001
 7.0014612E+001, 1.1721018E+005, 1.0380153E+000,-9.7745016E-001, 9.5745864E-001
 8.0004056E+001, 1.1731933E+005, 1.0409708E+000,-9.7129453E-001, 9.6218356E-001
 8.7000000E+001, 1.1736733E+005, 1.0419340E+000,-9.7240055E-001, 9.6657831E-001
