s,Pa,kg/m3,kW,kW
Time,"p0","rho","Q1-0","Q2-0"
 0.0000000E+000, 1.0132500E+005, 1.1794096E+000,-4.3162904E-004, 0.0000000E+000
 1.0003610E-001, 1.0209453E+005, 1.1904611E+000,-3.4652841E-005, 2.3780524E-005
 2.0007219E-001, 1.0215558E+005, 1.1907574E+000,-2.3972499E-005, 2.3955041E-005
 2.7000000E-001, 1.0215585E+005, 1.1907563E+000,-2.3963877E-005, 2.3963739E-005
