s,Pa,kg/m3,kW,kW
Time,"p0","rho","Q1-0","Q2-0"
 0.0000000E+000, 1.0132500E+005, 1.1954478E+000,-1.7594026E-003, 0.0000000E+000
 1.0025508E+000, 1.0139847E+005, 1.1961135E+000,-1.9265071E-004, 8.4784124E-005
 2.0025044E+000, 1.0140925E+005, 1.1961643E+000,-6.0041227E-005, 5.8518685E-005
 3.0022747E+000, 1.0140993E+005, 1.1961341E+000,-5.2263247E-005, 5.1754618E-005
 4.0024670E+000, 1.0141018E+005, 1.1961322E+000,-5.1606104E-005, 5.1438958E-005
 5.0026841E+000, 1.0141026E+005, 1.1961359E+000,-5.1927031E-005, 5.1888786E-005
 6.0023390E+000, 1.0141027E+005, 1.1961392E+000,-5.2215915E-005, 5.2211438E-005
 7.0006793E+000, 1.0141027E+005, 1.1961416E+000,-5.2404702E-005, 5.2407219E-005
 8.0017520E+000, 1.0141027E+005, 1.1961431E+000,-5.2525366E-005, 5.2538991E-005
 9.0017362E+000, 1.0141026E+005, 1.1961439E+000,-5.2601450E-005, 5.2607451E-005
 1.0003166E+001, 1.0141026E+005, 1.1961443E+000,-5.2649425E-005, 5.2648993E-005
 1.1003056E+001, 1.0141026E+005, 1.1961446E+000,-5.2677692E-005, 5.2673330E-005
 1.2001314E+001, 1.0141027E+005, 1.1961454E+000,-5.2695364E-005, 5.2698781E-005
 1.3002646E+001, 1.0141027E+005, 1.1961462E+000,-5.2706734E-005, 5.2704966E-005
 1.4002820E+001, 1.0141027E+005, 1.1961470E+000,-5.2713452E-005, 5.2710578E-005
 1.5000844E+001, 1.0141027E+005, 1.1961474E+000,-5.2717320E-005, 5.2715215E-005
 1.6000066E+001, 1.0141027E+005, 1.1961476E+000,-5.2719594E-005, 5.2720057E-005
 1.7000974E+001, 1.0141027E+005, 1.1961477E+000,-5.2721868E-005, 5.2727889E-005
 1.8002081E+001, 1.0141027E+005, 1.1961478E+000,-5.2724070E-005, 5.2733027E-005
 1.9000752E+001, 1.0141026E+005, 1.1961478E+000,-5.2725762E-005, 5.2729964E-005
 2.0001255E+001, 1.0141026E+005, 1.1961480E+000,-5.2726698E-005, 5.2727142E-005
 2.1002517E+001, 1.0141026E+005, 1.1961480E+000,-5.2727312E-005, 5.2729010E-005
 2.2001854E+001, 1.0141026E+005, 1.1961469E+000,-5.2728096E-005, 5.2733119E-005
 2.3001708E+001, 1.0141026E+005, 1.1961459E+000,-5.2728370E-005, 5.2729116E-005
 2.4001526E+001, 1.0141026E+005, 1.1961457E+000,-5.2727469E-005, 5.2726290E-005
 2.5001101E+001, 1.0141026E+005, 1.1961460E+000,-5.2727145E-005, 5.2729054E-005
 2.6000304E+001, 1.0141026E+005, 1.1961465E+000,-5.2727611E-005, 5.2727510E-005
 2.7000000E+001, 1.0141026E+005, 1.1961470E+000,-5.2728013E-005, 5.2729666E-005
