s,kW,kW,Pa,kg/m3
Time,"Q1-0","Q2-0","p0","rho"
 0.0000000E+000,-4.4340914E-003, 0.0000000E+000, 1.0132500E+005, 1.1794096E+000
 1.0023291E+000,-1.1624372E-003, 2.5782425E-004, 1.0183402E+005, 1.1864851E+000
 2.0046582E+000,-4.2793307E-004, 2.9698191E-004, 1.0207221E+005, 1.1925057E+000
 3.0069872E+000,-4.7917143E-004, 4.3623193E-004, 1.0214385E+005, 1.1915501E+000
 4.0093163E+000,-7.1596882E-004, 7.6115585E-004, 1.0213474E+005, 1.1889051E+000
 5.0116454E+000,-8.0789658E-004, 7.9283399E-004, 1.0212173E+005, 1.1896014E+000
 6.0139745E+000,-7.9346456E-004, 7.7940134E-004, 1.0213548E+005, 1.1908665E+000
 7.0021862E+000,-7.9971703E-004, 7.9092619E-004, 1.0214437E+005, 1.1915198E+000
 8.0045153E+000,-7.9650673E-004, 7.9157232E-004, 1.0214964E+005, 1.1922290E+000
 9.0068444E+000,-7.9717064E-004, 7.9443797E-004, 1.0215250E+005, 1.1929608E+000
 1.0009173E+001,-7.9715277E-004, 7.9548243E-004, 1.0215412E+005, 1.1936190E+000
 1.1011503E+001,-7.9725019E-004, 7.9605176E-004, 1.0215512E+005, 1.1942182E+000
 1.2013832E+001,-7.9723355E-004, 7.9624664E-004, 1.0215585E+005, 1.1947585E+000
 1.3002043E+001,-7.9710031E-004, 7.9630061E-004, 1.0215640E+005, 1.1952374E+000
 1.4004372E+001,-7.9698694E-004, 7.9628862E-004, 1.0215683E+005, 1.1956415E+000
 1.5006702E+001,-7.9686772E-004, 7.9619595E-004, 1.0215720E+005, 1.1959879E+000
 1.6009031E+001,-7.9675832E-004, 7.9613208E-004, 1.0215754E+005, 1.1963036E+000
 1.7011360E+001,-7.9667552E-004, 7.9612904E-004, 1.0215782E+005, 1.1965950E+000
 1.8013689E+001,-7.9663971E-004, 7.9619554E-004, 1.0215803E+005, 1.1968691E+000
 1.9001901E+001,-7.9668148E-004, 7.9631335E-004, 1.0215816E+005, 1.1971408E+000
 2.0004230E+001,-7.9673926E-004, 7.9639327E-004, 1.0215824E+005, 1.1974050E+000
 2.1006559E+001,-7.9676635E-004, 7.9640951E-004, 1.0215832E+005, 1.1976607E+000
 2.2008888E+001,-7.9678717E-004, 7.9637585E-004, 1.0215842E+005, 1.1978845E+000
 2.3011217E+001,-7.9680413E-004, 7.9631547E-004, 1.0215857E+005, 1.1980985E+000
 2.4000000E+001,-7.9681988E-004, 7.9626119E-004, 1.0215878E+005, 1.1983109E+000
