s,Pa,kg/m3,kW,kW
Time,"p0","rho","Q1-0","Q2-0"
 0.0000000E+000, 1.0132500E+005, 1.1794096E+000,-8.7916483E-004, 0.0000000E+000
 1.0001302E-001, 1.0173952E+005, 1.1826636E+000,-3.1602053E-005, 2.6330847E-005
 2.0001241E-001, 1.0174619E+005, 1.1827396E+000,-2.3844442E-005, 2.3841288E-005
 2.7000000E-001, 1.0174617E+005, 1.1827444E+000,-2.3842582E-005, 2.3840726E-005
