s,Pa,kg/m3,kW,kW
Time,"p0","rho","Q1-0","Q2-0"
 0.0000000E+000, 1.0132500E+005, 1.1954478E+000,-8.6343634E-004, 0.0000000E+000
 1.0023291E+000, 1.0142672E+005, 1.1969456E+000,-2.2477811E-004, 4.9322970E-005
 2.0046582E+000, 1.0147057E+005, 1.1978342E+000,-7.1991883E-005, 5.2267823E-005
 3.0069872E+000, 1.0148138E+005, 1.1978821E+000,-5.8937626E-005, 4.9293067E-005
 4.0022577E+000, 1.0148712E+005, 1.1978534E+000,-5.6198254E-005, 5.0860591E-005
 5.0045867E+000, 1.0149033E+005, 1.1978248E+000,-5.5336763E-005, 5.2323514E-005
 6.0069158E+000, 1.0149216E+005, 1.1978074E+000,-5.4918012E-005, 5.3183883E-005
 7.0021862E+000, 1.0149322E+005, 1.1977994E+000,-5.4686100E-005, 5.3677886E-005
 8.0045153E+000, 1.0149383E+005, 1.1977965E+000,-5.4558992E-005, 5.3971834E-005
 9.0068444E+000, 1.0149419E+005, 1.1977957E+000,-5.4490891E-005, 5.4149838E-005
 1.0002115E+001, 1.0149440E+005, 1.1977956E+000,-5.4455104E-005, 5.4256765E-005
 1.1004444E+001, 1.0149452E+005, 1.1977955E+000,-5.4436327E-005, 5.4320970E-005
 1.2006773E+001, 1.0149459E+005, 1.1977955E+000,-5.4426519E-005, 5.4359564E-005
 1.3002043E+001, 1.0149463E+005, 1.1977955E+000,-5.4421516E-005, 5.4382578E-005
 1.4004372E+001, 1.0149465E+005, 1.1977955E+000,-5.4419020E-005, 5.4396362E-005
 1.5006702E+001, 1.0149467E+005, 1.1977955E+000,-5.4417819E-005, 5.4404658E-005
 1.6001972E+001, 1.0149467E+005, 1.1977955E+000,-5.4417283E-005, 5.4409623E-005
 1.7004301E+001, 1.0149468E+005, 1.1977955E+000,-5.4417073E-005, 5.4412612E-005
 1.8006630E+001, 1.0149468E+005, 1.1977955E+000,-5.4417017E-005, 5.4414423E-005
 1.9001901E+001, 1.0149468E+005, 1.1977955E+000,-5.4417027E-005, 5.4415516E-005
 2.0004230E+001, 1.0149468E+005, 1.1977955E+000,-5.4417062E-005, 5.4416180E-005
 2.1006559E+001, 1.0149469E+005, 1.1977955E+000,-5.4417101E-005, 5.4416587E-005
 2.2001829E+001, 1.0149469E+005, 1.1977955E+000,-5.4417135E-005, 5.4416836E-005
 2.3004158E+001, 1.0149469E+005, 1.1977955E+000,-5.4417164E-005, 5.4416988E-005
 2.4006487E+001, 1.0149469E+005, 1.1977955E+000,-5.4417185E-005, 5.4417082E-005
 2.5001758E+001, 1.0149469E+005, 1.1977955E+000,-5.4417201E-005, 5.4417140E-005
 2.6004087E+001, 1.0149469E+005, 1.1977955E+000,-5.4417213E-005, 5.4417176E-005
 2.7000000E+001, 1.0149469E+005, 1.1977955E+000,-5.4417221E-005, 5.4417198E-005
