s,C,C,C,C,C,C,C,C,C,C,C,C,C,C,C,C,C,C,C,C,C,C,C,C,C,C,C,C,C,C,C,C,C,C,C,C,C,C,C,C,C,C,C,C,C,C,C,C,C,C,C,C,C,C,C,C,C,C,C,C,C,C,C,C,C,C,C,C,C,C,C,C,C,C,C,C,C,C,C,C,C,C,C,C,C,C,C,C,C,C,C,C,C,C,C,C,C,C,C,C,C,C,C,C,C,C,C,C,C,C,C,C,C,C,C,C,C,C,C,C,C,C,C,C,C,C,C,C,C,C,C,C,C,C,C,C,C,C,C,C,C,C,C,C,C,C,C,C,C,C
Time,TC-AG-01,TC-AG-02,TC-AG-03,TC-AG-04,TC-AG-05,TC-AG-06,TC-AG-07,TC-AG-08,TC-AG-09,TC-AG-10,TC-AG-11,TC-AG-12,TC-AG-13,TC-AG-14,TC-AG-15,TC-AG-16,TC-AG-17,TC-AG-18,TC-AG-19,TC-AG-20,TC-AG-21,TC-AG-22,TC-AG-23,TC-AG-24,TC-AG-25,TC-AG-26,TC-AG-27,TC-AG-28,TC-AG-29,TC-BG-01,TC-BG-02,TC-BG-03,TC-BG-04,TC-BG-05,TC-BG-06,TC-BG-07,TC-BG-08,TC-BG-09,TC-BG-10,TC-BG-11,TC-BG-12,TC-BG-13,TC-BG-14,TC-BG-15,TC-BG-16,TC-BG-17,TC-BG-18,TC-BG-19,TC-BG-20,TC-BG-21,TC-BG-22,TC-BG-23,TC-BG-24,TC-BG-25,TC-BG-26,TC-BG-27,TC-BG-28,TC-BG-29,TC-CG-01,TC-CG-02,TC-CG-03,TC-CG-04,TC-CG-05,TC-CG-06,TC-CG-07,TC-CG-08,TC-CG-09,TC-CG-10,TC-CG-11,TC-CG-12,TC-CG-13,TC-CG-14,TC-CG-15,TC-CG-16,TC-CG-17,TC-CG-18,TC-CG-19,TC-CG-20,TC-CG-21,TC-CG-22,TC-CG-23,TC-CG-24,TC-CG-25,TC-CG-26,TC-CG-27,TC-CG-28,TC-CG-29,TC-WT-01,TC-WT-02,TC-WT-03,TC-WT-04,TC-WT-05,TC-WT-06,TC-WT-07,TC-WT-08,TC-WT-09,TC-WT-10,TC-WT-11,TC-WT-12,TC-WT-13,TC-ET-01,TC-ET-02,TC-ET-03,TC-ET-04,TC-ET-05,TC-ET-06,TC-ET-07,TC-ET-08,TC-ET-09,TC-ET-10,TC-ET-11,TC-ET-12,TC-ET-13,TC-C-01,TC-C-02,TC-C-03,TC-C-04,TC-C-05,TC-C-06,TC-C-07,TC-C-08,TC-C-09,TC-C-10,TC-C-11,TC-W-01,TC-W-02,TC-W-03,TC-W-04,TC-W-05,TC-W-06,TC-W-07,TC-W-08,TC-W-09,TC-W-10,TC-W-11,PT-1,PT-2,PT-3,PT-4,PT-5,PT-6,PT-7,PT-8,STC-1,STC-2,STC-3,STC-4,STC-5,STC-6,TC-Cab
 0.0000000E+000, 2.3000000E+001, 2.3000000E+001, 2.3000000E+001, 2.3000000E+001, 2.3000000E+001, 2.3000000E+001, 2.3000000E+001, 2.3000000E+001, 2.3000000E+001, 2.3000000E+001, 2.3000000E+001, 2.3000000E+001, 2.3000000E+001, 2.3000000E+001, 2.3000000E+001, 2.3000000E+001, 2.3000000E+001, 2.3000000E+001, 2.3000000E+001, 2.3000000E+001, 2.3000000E+001, 2.3000000E+001, 2.3000000E+001, 2.3000000E+001, 2.3000000E+001, 2.3000000E+001, 2.3000000E+001, 2.3000000E+001, 2.3000000E+001, 2.3000000E+001, 2.3000000E+001, 2.3000000E+001, 2.3000000E+001, 2.3000000E+001, 2.3000000E+001, 2.3000000E+001, 2.3000000E+001, 2.3000000E+001, 2.3000000E+001, 2.3000000E+001, 2.3000000E+001, 2.3000000E+001, 2.3000000E+001, 2.3000000E+001, 2.3000000E+001, 2.3000000E+001, 2.3000000E+001, 2.3000000E+001, 2.3000000E+001, 2.3000000E+001, 2.3000000E+001, 2.3000000E+001, 2.3000000E+001, 2.3000000E+001, 2.3000000E+001, 2.3000000E+001, 2.3000000E+001, 2.3000000E+001, 2.3000000E+001, 2.3000000E+001, 2.3000000E+001, 2.3000000E+001, 2.3000000E+001, 2.3000000E+001, 2.3000000E+001, 2.3000000E+001, 2.3000000E+001, 2.3000000E+001, 2.3000000E+001, 2.3000000E+001, 2.3000000E+001, 2.3000000E+001, 2.3000000E+001, 2.3000000E+001, 2.3000000E+001, 2.3000000E+001, 2.3000000E+001, 2.3000000E+001, 2.3000000E+001, 2.3000000E+001, 2.3000000E+001, 2.3000000E+001, 2.3000000E+001, 2.3000000E+001, 2.3000000E+001, 2.3000000E+001, 2.3000000E+001, 2.3000000E+001, 2.3000000E+001, 2.3000000E+001, 2.3000000E+001, 2.3000000E+001, 2.3000000E+001, 2.3000000E+001, 2.3000000E+001, 2.3000000E+001, 2.3000000E+001, 2.3000000E+001, 2.3000000E+001, 2.3000000E+001, 2.3000000E+001, 2.3000000E+001, 2.3000000E+001, 2.3000000E+001, 2.3000000E+001, 2.3000000E+001, 2.3000000E+001, 2.3000000E+001, 2.3000000E+001, 2.3000000E+001, 2.3000000E+001, 2.3000000E+001, 2.3000000E+001, 2.3000000E+001, 2.3000000E+001, 2.3000000E+001, 2.3000000E+001, 2.3000000E+001, 2.3000000E+001, 2.3000000E+001, 2.3000000E+001, 2.3000000E+001, 2.3000000E+001, 2.3000000E+001, 2.3000000E+001, 2.3000000E+001, 2.3000000E+001, 2.3000000E+001, 2.3000000E+001, 2.3000000E+001, 2.3000000E+001, 2.3000000E+001, 2.3000000E+001, 2.3000000E+001, 2.3000000E+001, 2.3000000E+001, 2.3000000E+001, 2.3000000E+001, 2.3000000E+001, 2.3000000E+001, 2.3000000E+001, 2.3000000E+001, 2.3000000E+001, 2.3000000E+001, 2.3000000E+001, 2.3000000E+001, 2.3000000E+001, 2.3000000E+001, 2.3000000E+001, 2.3000000E+001
 2.0030260E+001, 2.3000049E+001, 2.3003962E+001, 2.3004524E+001, 2.3004148E+001, 2.3004494E+001, 2.3001832E+001, 2.3000105E+001, 2.3002861E+001, 2.3003207E+001, 2.3002958E+001, 2.3003159E+001, 2.3002721E+001, 2.3000060E+001, 2.3002405E+001, 2.3002599E+001, 2.3002444E+001, 2.3002648E+001, 2.3003123E+001, 2.2999987E+001, 2.3003786E+001, 2.3004390E+001, 2.3003811E+001, 2.3004270E+001, 2.3004664E+001, 2.2999991E+001, 2.3004325E+001, 2.3005109E+001, 2.3004533E+001, 2.3004695E+001, 2.3000364E+001, 2.3008390E+001, 2.3008627E+001, 2.3007469E+001, 2.3005687E+001, 2.3007073E+001, 2.3000427E+001, 2.3008882E+001, 2.3008753E+001, 2.3007606E+001, 2.3005371E+001, 2.3008231E+001, 2.3000424E+001, 2.3008245E+001, 2.3008004E+001, 2.3006862E+001, 2.3004935E+001, 2.3008553E+001, 2.3000358E+001, 2.3010374E+001, 2.3010012E+001, 2.3008687E+001, 2.3006345E+001, 2.3007796E+001, 2.3000234E+001, 2.3009075E+001, 2.3009313E+001, 2.3007538E+001, 2.3005533E+001, 2.6186827E+001, 2.3332589E+001, 2.3009435E+001, 2.3004503E+001, 2.3002323E+001, 2.4035269E+001, 2.5766472E+001, 2.3098829E+001, 2.3015207E+001, 2.3006347E+001, 2.3002852E+001, 2.3023246E+001, 2.5326384E+001, 2.3077459E+001, 2.3015459E+001, 2.3006237E+001, 2.3002844E+001, 2.3010097E+001, 2.5799352E+001, 2.3070824E+001, 2.3015321E+001, 2.3006408E+001, 2.3002887E+001, 2.3003904E+001, 2.5344633E+001, 2.3181810E+001, 2.3009556E+001, 2.3004272E+001, 2.3001986E+001, 2.2998765E+001, 2.2998701E+001, 2.2998666E+001, 2.2998542E+001, 2.2998435E+001, 2.2998478E+001, 2.2998507E+001, 2.2998615E+001, 2.2998633E+001, 2.2998702E+001, 2.2998670E+001, 2.2998781E+001, 2.2998872E+001, 2.2998932E+001, 2.2998892E+001, 2.2998770E+001, 2.2998684E+001, 2.2998727E+001, 2.2998685E+001, 2.2998778E+001, 2.2998729E+001, 2.2998768E+001, 2.2998782E+001, 2.2998693E+001, 2.2998740E+001, 2.2998797E+001, 2.2999804E+001, 2.2999761E+001, 2.2999828E+001, 2.2999839E+001, 2.2999803E+001, 2.2999799E+001, 2.2999780E+001, 2.2999755E+001, 2.2999770E+001, 2.2999793E+001, 2.2999819E+001, 2.2999973E+001, 2.3000000E+001, 2.3000027E+001, 2.3000002E+001, 2.3000050E+001, 2.3000043E+001, 2.3000059E+001, 2.3000104E+001, 2.3000148E+001, 2.3000157E+001, 2.3000207E+001, 2.3001071E+001, 2.3001859E+001, 2.3000798E+001, 2.3000492E+001, 2.3001463E+001, 2.3001528E+001, 2.3001239E+001, 2.3000272E+001, 3.5050144E+001, 3.0477255E+001, 3.1045900E+001, 3.5136535E+001, 4.8448936E+001, 8.3873354E+001, 2.3511853E+001
 4.0068413E+001, 2.4071303E+001, 2.3608971E+001, 2.3024499E+001, 2.3023991E+001, 2.3030813E+001, 2.3506385E+001, 2.3059338E+001, 2.3030139E+001, 2.3035587E+001, 2.3384800E+001, 2.3494847E+001, 2.3023971E+001, 2.3021064E+001, 2.3019820E+001, 2.3601486E+001, 2.5050248E+001, 2.5008872E+001, 2.5310568E+001, 2.3009290E+001, 2.3025615E+001, 2.3811361E+001, 2.5604983E+001, 2.5603418E+001, 2.5184445E+001, 2.3089131E+001, 2.3028852E+001, 2.3089405E+001, 2.4223616E+001, 2.5105996E+001, 2.6900278E+001, 2.7191017E+001, 2.4126640E+001, 2.3315545E+001, 2.3091299E+001, 2.5032074E+001, 2.7170758E+001, 2.4073969E+001, 2.5566497E+001, 2.6427167E+001, 2.5167662E+001, 2.5872223E+001, 2.6304981E+001, 2.5979399E+001, 2.7677475E+001, 2.8546944E+001, 2.6965416E+001, 3.0332370E+001, 2.3423639E+001, 2.5146726E+001, 2.9134120E+001, 3.2565146E+001, 3.1248583E+001, 3.0268076E+001, 2.5459710E+001, 2.4307915E+001, 2.5258252E+001, 2.8932710E+001, 2.7214631E+001, 3.6552226E+001, 3.2308090E+001, 2.8288110E+001, 2.3767455E+001, 2.3033519E+001, 4.5805774E+001, 3.6602612E+001, 4.7267335E+001, 3.0421407E+001, 2.6269780E+001, 2.4640336E+001, 4.9335765E+001, 3.2760126E+001, 4.8383280E+001, 4.9439660E+001, 3.0447710E+001, 2.7573128E+001, 4.1043291E+001, 3.3893453E+001, 4.6205605E+001, 4.6689172E+001, 3.4280477E+001, 2.7190422E+001, 2.9368476E+001, 3.2501117E+001, 3.3431295E+001, 3.2487145E+001, 2.8155182E+001, 2.4080255E+001, 2.3001223E+001, 2.3001427E+001, 2.3001651E+001, 2.3001948E+001, 2.3002245E+001, 2.3002593E+001, 2.3002670E+001, 2.3003129E+001, 2.3003277E+001, 2.3003673E+001, 2.3003668E+001, 2.3003307E+001, 2.3002804E+001, 2.3002532E+001, 2.3002703E+001, 2.3002287E+001, 2.3002146E+001, 2.3002490E+001, 2.3002418E+001, 2.3001608E+001, 2.3001872E+001, 2.3002385E+001, 2.3002051E+001, 2.3001367E+001, 2.3001536E+001, 2.3001566E+001, 2.3000395E+001, 2.3000272E+001, 2.3000590E+001, 2.3000558E+001, 2.3000353E+001, 2.3000512E+001, 2.3000682E+001, 2.3000814E+001, 2.3000847E+001, 2.3000614E+001, 2.3000424E+001, 2.3002639E+001, 2.3003049E+001, 2.3003508E+001, 2.3003749E+001, 2.3004484E+001, 2.3004848E+001, 2.3004639E+001, 2.3005419E+001, 2.3005588E+001, 2.3005556E+001, 2.3005382E+001, 2.3023112E+001, 2.3038928E+001, 2.3016118E+001, 2.3022831E+001, 2.3025484E+001, 2.3030546E+001, 2.3018435E+001, 2.3025561E+001, 1.1944878E+002, 1.2252978E+002, 1.3160652E+002, 1.4261000E+002, 1.7174209E+002, 2.5832608E+002, 2.7219862E+001
 6.0083241E+001, 2.7256129E+001, 2.7842873E+001, 2.6850015E+001, 3.0390612E+001, 2.9574385E+001, 2.7930731E+001, 2.7135039E+001, 2.8877712E+001, 2.9272904E+001, 3.5948735E+001, 3.4424871E+001, 3.0666931E+001, 2.7904880E+001, 3.0316363E+001, 3.2893836E+001, 3.9286930E+001, 4.0229965E+001, 3.8347378E+001, 2.6385929E+001, 2.8440958E+001, 3.5737351E+001, 4.2554514E+001, 4.0956232E+001, 4.4693197E+001, 2.6054727E+001, 2.9250812E+001, 3.4053217E+001, 4.3721910E+001, 4.6540823E+001, 2.6388305E+001, 2.8288594E+001, 2.5061311E+001, 2.6697038E+001, 2.5796730E+001, 2.8036324E+001, 2.7949383E+001, 3.1528399E+001, 3.4957018E+001, 4.7009957E+001, 4.1022781E+001, 3.7652306E+001, 3.4044664E+001, 4.0463087E+001, 4.7388397E+001, 5.4146483E+001, 5.1049492E+001, 4.8952569E+001, 3.3830946E+001, 3.7140494E+001, 4.1423459E+001, 4.4061873E+001, 4.1288409E+001, 4.3821067E+001, 2.7308280E+001, 2.9535139E+001, 3.7027183E+001, 4.4157474E+001, 4.1011100E+001, 3.1666994E+001, 4.6355076E+001, 2.7138442E+001, 2.6441901E+001, 2.5008405E+001, 6.8627455E+001, 3.4083271E+001, 8.1525533E+001, 7.1430984E+001, 4.8612057E+001, 3.4210720E+001, 1.1881674E+002, 3.0899831E+001, 9.1098854E+001, 1.1924122E+002, 7.7971660E+001, 4.4124492E+001, 8.5876617E+001, 3.4801544E+001, 8.9429619E+001, 7.6261473E+001, 4.9628160E+001, 3.4615277E+001, 3.3190528E+001, 3.5015873E+001, 4.6674816E+001, 3.2445672E+001, 3.0524514E+001, 2.7175341E+001, 2.4106846E+001, 2.3195637E+001, 2.3011980E+001, 2.3012609E+001, 2.3013194E+001, 2.3013668E+001, 2.3013887E+001, 2.3015457E+001, 2.3016122E+001, 2.3017107E+001, 2.3017182E+001, 2.3014999E+001, 2.3013183E+001, 2.9411824E+001, 2.4161706E+001, 2.3017463E+001, 2.3015532E+001, 2.3016374E+001, 2.3016095E+001, 2.3011938E+001, 2.3012783E+001, 2.3014236E+001, 2.3011888E+001, 2.3009764E+001, 2.3009488E+001, 2.3009453E+001, 2.3002098E+001, 2.3001921E+001, 2.3002558E+001, 2.3002670E+001, 2.3002582E+001, 2.3003164E+001, 2.3003593E+001, 2.3003950E+001, 2.3003752E+001, 2.3002813E+001, 2.3002240E+001, 2.3626106E+001, 2.3580533E+001, 2.3203991E+001, 2.3018881E+001, 2.3020182E+001, 2.3022252E+001, 2.3020410E+001, 2.3023472E+001, 2.3024006E+001, 2.3022767E+001, 2.3021375E+001, 2.3105693E+001, 2.3168041E+001, 2.3079008E+001, 2.3110938E+001, 2.3115300E+001, 2.3125192E+001, 2.3082151E+001, 2.3115615E+001, 1.6844213E+002, 1.6200859E+002, 1.4358019E+002, 1.4427752E+002, 1.5596114E+002, 2.3784725E+002, 3.4905674E+001
 8.0042132E+001, 2.6284525E+001, 3.3238524E+001, 3.5936731E+001, 3.7626017E+001, 3.2917788E+001, 2.9357776E+001, 2.9799971E+001, 3.6932238E+001, 4.2897252E+001, 5.1024377E+001, 4.6364327E+001, 4.1888229E+001, 3.0141766E+001, 3.7558331E+001, 4.5335340E+001, 5.0033186E+001, 5.1630212E+001, 3.9870683E+001, 3.1918753E+001, 3.8581849E+001, 3.4762716E+001, 3.6217098E+001, 3.8100735E+001, 3.6459790E+001, 2.7079740E+001, 3.0181488E+001, 3.3433446E+001, 3.4657359E+001, 3.6604959E+001, 2.3905092E+001, 2.9588415E+001, 3.4146545E+001, 3.3481427E+001, 3.0229699E+001, 3.5825592E+001, 2.9672283E+001, 4.7802461E+001, 5.4543155E+001, 5.3908448E+001, 4.9203500E+001, 5.0357978E+001, 2.8910501E+001, 4.0458678E+001, 5.5050063E+001, 6.6457078E+001, 6.9560006E+001, 5.8701451E+001, 2.9844736E+001, 4.4624688E+001, 4.1983363E+001, 4.6150520E+001, 4.1359026E+001, 3.4792110E+001, 2.5418919E+001, 3.1403468E+001, 3.3459581E+001, 3.1347177E+001, 3.0083029E+001, 3.3190950E+001, 5.4180969E+001, 3.6950054E+001, 3.0959519E+001, 2.5591228E+001, 8.6077194E+001, 3.2363387E+001, 1.0714157E+002, 8.7863332E+001, 5.5189376E+001, 3.7271966E+001, 1.2616682E+002, 2.8538259E+001, 1.0223518E+002, 1.4122701E+002, 9.5508910E+001, 5.0312673E+001, 1.1735908E+002, 3.0454620E+001, 9.8454291E+001, 9.9827513E+001, 5.7711106E+001, 3.8317839E+001, 3.2986691E+001, 3.1597594E+001, 5.1459701E+001, 3.4133916E+001, 2.7885473E+001, 2.3679051E+001, 2.8762354E+001, 2.4612192E+001, 2.3034572E+001, 2.3033482E+001, 2.3032686E+001, 2.3032733E+001, 2.3033089E+001, 2.3036048E+001, 2.3037831E+001, 2.3039096E+001, 2.3038330E+001, 2.3033334E+001, 2.3029858E+001, 3.5544724E+001, 2.6488825E+001, 2.3070329E+001, 2.3045522E+001, 2.3043900E+001, 2.3041899E+001, 2.3032689E+001, 2.3033011E+001, 2.3035633E+001, 2.3030013E+001, 2.3025193E+001, 2.3024150E+001, 2.3024023E+001, 2.3004275E+001, 2.3004208E+001, 2.3005618E+001, 2.3006723E+001, 2.3007403E+001, 2.3008432E+001, 2.3008718E+001, 2.3008913E+001, 2.3008124E+001, 2.3006398E+001, 2.3005645E+001, 3.6092017E+001, 3.5620749E+001, 3.3752228E+001, 3.1736436E+001, 2.9759680E+001, 2.6747315E+001, 2.3073610E+001, 2.3055698E+001, 2.3056079E+001, 2.3052612E+001, 2.3048950E+001, 2.3262467E+001, 2.3402114E+001, 2.3218791E+001, 2.3285895E+001, 2.3288729E+001, 2.3302026E+001, 2.3211719E+001, 2.3283026E+001, 2.1785870E+002, 2.1586091E+002, 2.1698148E+002, 2.2099601E+002, 2.1270306E+002, 2.1982931E+002, 4.2420234E+001
 1.0009842E+002, 2.5321766E+001, 2.7555528E+001, 2.8418880E+001, 3.6253271E+001, 4.0132943E+001, 2.9516945E+001, 2.9928434E+001, 3.6842637E+001, 4.1870242E+001, 4.5790567E+001, 4.7626879E+001, 4.2128625E+001, 2.8070139E+001, 3.8059453E+001, 4.7190447E+001, 5.5788345E+001, 5.4899664E+001, 5.1737152E+001, 2.6956754E+001, 3.3575660E+001, 4.1659996E+001, 5.2071609E+001, 5.3338663E+001, 4.6281288E+001, 2.5139559E+001, 2.8031131E+001, 3.2963812E+001, 3.7180600E+001, 4.2305436E+001, 2.4964734E+001, 2.7360234E+001, 2.8165687E+001, 4.0185696E+001, 3.8087699E+001, 3.5653482E+001, 2.8618712E+001, 4.3750077E+001, 5.6182677E+001, 6.3437790E+001, 5.1262743E+001, 4.7492901E+001, 2.6025750E+001, 4.1664264E+001, 5.8643737E+001, 7.4402713E+001, 6.3114187E+001, 7.6906384E+001, 2.6018370E+001, 4.2396384E+001, 5.5204925E+001, 6.5252909E+001, 5.4506958E+001, 4.4498877E+001, 2.3523595E+001, 2.4756325E+001, 3.0079832E+001, 3.3601564E+001, 3.6514672E+001, 2.9417964E+001, 6.1526249E+001, 5.1373001E+001, 3.5473837E+001, 2.4468512E+001, 8.6186293E+001, 2.7982427E+001, 1.0304403E+002, 1.0249913E+002, 5.8183846E+001, 3.6244020E+001, 1.1612695E+002, 2.6526660E+001, 9.2805445E+001, 1.1647230E+002, 7.2762091E+001, 4.1963307E+001, 1.0643412E+002, 2.7203643E+001, 1.0163372E+002, 1.1502517E+002, 6.4383996E+001, 3.6408911E+001, 3.6272171E+001, 3.0484019E+001, 6.3863573E+001, 4.4021617E+001, 2.9401275E+001, 2.4526747E+001, 2.9903011E+001, 2.4933445E+001, 2.3056870E+001, 2.3054644E+001, 2.3053381E+001, 2.3054575E+001, 2.3055427E+001, 2.3059942E+001, 2.3062672E+001, 2.3063747E+001, 2.3061471E+001, 2.3053374E+001, 2.3040434E+001, 3.5318106E+001, 2.8597572E+001, 2.3195442E+001, 2.3071248E+001, 2.3069573E+001, 2.3065982E+001, 2.3053108E+001, 2.3053942E+001, 2.3056707E+001, 2.3049163E+001, 2.3042150E+001, 2.3041018E+001, 2.3040200E+001, 2.3007443E+001, 2.3007413E+001, 2.3009658E+001, 2.3011706E+001, 2.3013229E+001, 2.3014609E+001, 2.3014923E+001, 2.3014954E+001, 2.3013466E+001, 2.3010975E+001, 2.3010074E+001, 3.8867389E+001, 3.9033969E+001, 3.8941889E+001, 3.5866189E+001, 3.2306989E+001, 2.7413086E+001, 2.3140465E+001, 2.3085215E+001, 2.3086204E+001, 2.3081275E+001, 2.3077592E+001, 2.3500010E+001, 2.3735112E+001, 2.3429012E+001, 2.3529146E+001, 2.3546807E+001, 2.3572205E+001, 2.3411817E+001, 2.3525455E+001, 2.1827155E+002, 2.0905448E+002, 2.0026274E+002, 2.0452824E+002, 1.9856127E+002, 2.4275745E+002, 4.8578685E+001
 1.2001495E+002, 2.5208543E+001, 2.7205387E+001, 3.3567528E+001, 4.9856503E+001, 4.7858069E+001, 2.6332733E+001, 2.5828205E+001, 3.2832130E+001, 4.5487187E+001, 5.9422124E+001, 5.5441644E+001, 3.9966551E+001, 2.5055116E+001, 3.4386195E+001, 4.5439045E+001, 5.5360451E+001, 5.1458363E+001, 4.9965965E+001, 2.3987327E+001, 2.7123862E+001, 4.1496407E+001, 4.0662017E+001, 4.1743672E+001, 3.9272866E+001, 2.4077637E+001, 2.6236900E+001, 3.6236453E+001, 3.9100149E+001, 3.9118774E+001, 2.3807344E+001, 2.9531814E+001, 3.5571025E+001, 4.8258673E+001, 4.6115835E+001, 3.0879770E+001, 2.4857649E+001, 4.0457513E+001, 6.5686536E+001, 7.8493037E+001, 6.5560368E+001, 5.0177356E+001, 2.5506384E+001, 3.7396155E+001, 5.6785796E+001, 6.8528677E+001, 5.9645860E+001, 6.2853258E+001, 2.4684311E+001, 3.9948736E+001, 4.9979873E+001, 5.3444625E+001, 4.5781911E+001, 4.6898054E+001, 2.3494156E+001, 2.8195915E+001, 3.6735725E+001, 4.2637015E+001, 3.6336411E+001, 2.9005246E+001, 7.0481834E+001, 6.3969430E+001, 4.2706790E+001, 2.8779866E+001, 8.7743074E+001, 2.5909553E+001, 1.0987606E+002, 1.2290403E+002, 6.6752145E+001, 3.7669578E+001, 1.0761567E+002, 2.4447218E+001, 9.8859229E+001, 1.1599813E+002, 5.9203877E+001, 3.1959201E+001, 9.8167172E+001, 2.7640126E+001, 1.0670392E+002, 1.0557590E+002, 5.5202383E+001, 3.4965735E+001, 3.5613798E+001, 3.4066273E+001, 5.6588918E+001, 3.9587314E+001, 3.1539055E+001, 2.4887092E+001, 3.5184242E+001, 2.5563482E+001, 2.3092360E+001, 2.3080394E+001, 2.3078591E+001, 2.3080469E+001, 2.3080891E+001, 2.3087588E+001, 2.3090395E+001, 2.3091258E+001, 2.3087228E+001, 2.3075343E+001, 2.2953714E+001, 3.8316636E+001, 2.9207134E+001, 2.3141093E+001, 2.3093111E+001, 2.3092908E+001, 2.3087444E+001, 2.3072079E+001, 2.3073673E+001, 2.3076560E+001, 2.3067474E+001, 2.3059251E+001, 2.3057337E+001, 2.3056048E+001, 2.5021778E+001, 2.4652395E+001, 2.4495881E+001, 2.4319012E+001, 2.3632785E+001, 2.3043586E+001, 2.3023590E+001, 2.3023070E+001, 2.3021213E+001, 2.3017944E+001, 2.3016498E+001, 4.1924156E+001, 4.1425725E+001, 3.9699032E+001, 3.4244828E+001, 2.4154483E+001, 2.3385326E+001, 2.3113899E+001, 2.3116683E+001, 2.3118939E+001, 2.3113406E+001, 2.3109002E+001, 2.3808909E+001, 2.4150535E+001, 2.3702038E+001, 2.3831486E+001, 2.3883043E+001, 2.3931546E+001, 2.3684581E+001, 2.3844165E+001, 2.1579375E+002, 2.0198616E+002, 1.9717299E+002, 1.9595679E+002, 1.8432228E+002, 1.6783602E+002, 5.4904547E+001
 1.4002418E+002, 2.8337361E+001, 3.3740279E+001, 4.1759811E+001, 5.0283804E+001, 5.1496950E+001, 3.1273835E+001, 2.9331316E+001, 3.8274885E+001, 5.0576775E+001, 5.5597381E+001, 5.6099388E+001, 4.3579128E+001, 2.9159446E+001, 3.9521974E+001, 4.6845641E+001, 5.1755918E+001, 4.8043030E+001, 4.2082233E+001, 2.7558605E+001, 3.5296912E+001, 3.5201438E+001, 3.4735175E+001, 3.5101602E+001, 3.3284928E+001, 2.5833519E+001, 2.7876028E+001, 2.9617555E+001, 3.1755646E+001, 2.8374677E+001, 2.5722346E+001, 3.8790174E+001, 4.6271491E+001, 5.7510208E+001, 5.4694526E+001, 3.3803710E+001, 2.6051765E+001, 4.3026068E+001, 6.2292363E+001, 6.9463064E+001, 6.6229296E+001, 5.0590867E+001, 2.7474247E+001, 4.2380032E+001, 6.1580295E+001, 6.7851920E+001, 5.8666980E+001, 5.9415457E+001, 3.1298917E+001, 4.8992742E+001, 4.5722040E+001, 4.5598939E+001, 3.6789498E+001, 3.5124055E+001, 2.5263897E+001, 2.9325076E+001, 2.9282398E+001, 2.8394834E+001, 2.7540230E+001, 2.9459230E+001, 8.1757528E+001, 6.4642705E+001, 4.3483998E+001, 3.2629702E+001, 8.9597769E+001, 2.6095595E+001, 1.0816663E+002, 1.2347476E+002, 8.0231510E+001, 4.3703331E+001, 1.1736423E+002, 2.4849045E+001, 8.3592830E+001, 1.0196276E+002, 6.0591650E+001, 3.6055037E+001, 9.0916810E+001, 2.8100611E+001, 1.1771956E+002, 1.0373790E+002, 5.7900312E+001, 3.2545193E+001, 3.1177101E+001, 3.3730716E+001, 6.1196995E+001, 3.1918811E+001, 2.6824046E+001, 2.3750322E+001, 3.4959206E+001, 2.7796302E+001, 2.3180331E+001, 2.3103508E+001, 2.3102970E+001, 2.3105856E+001, 2.3106224E+001, 2.3115569E+001, 2.3119353E+001, 2.3120075E+001, 2.3115187E+001, 2.3099848E+001, 2.2963124E+001, 3.7446379E+001, 2.6527340E+001, 2.3136737E+001, 2.3113959E+001, 2.3113596E+001, 2.3106546E+001, 2.3090165E+001, 2.3091822E+001, 2.3096796E+001, 2.3085896E+001, 2.3076001E+001, 2.3073204E+001, 2.3071671E+001, 2.8128862E+001, 2.8727423E+001, 2.8222320E+001, 2.8107538E+001, 2.7830423E+001, 2.6486758E+001, 2.3059740E+001, 2.3037461E+001, 2.3033641E+001, 2.3028860E+001, 2.3025743E+001, 4.2764987E+001, 4.1970195E+001, 4.0628288E+001, 3.1806898E+001, 2.6002840E+001, 2.3189224E+001, 2.3148887E+001, 2.3154763E+001, 2.3158846E+001, 2.3151582E+001, 2.3145474E+001, 2.4182671E+001, 2.4641617E+001, 2.4037210E+001, 2.4192292E+001, 2.4287403E+001, 2.4368011E+001, 2.4032624E+001, 2.4236221E+001, 2.2547928E+002, 2.1696833E+002, 2.1077737E+002, 2.0402115E+002, 1.9083599E+002, 1.5286761E+002, 6.1394829E+001
 1.6008454E+002, 2.6343920E+001, 3.0810358E+001, 3.5065984E+001, 4.5123034E+001, 4.6859413E+001, 3.0514383E+001, 2.7641093E+001, 4.0408958E+001, 4.6035247E+001, 5.5266761E+001, 5.8534215E+001, 4.5421066E+001, 3.2667052E+001, 4.2021235E+001, 4.5273867E+001, 4.9547153E+001, 5.2715220E+001, 4.5604466E+001, 3.1162936E+001, 3.6597034E+001, 4.0365366E+001, 4.2665387E+001, 4.0393423E+001, 3.7062623E+001, 2.7239710E+001, 3.0046625E+001, 3.0975560E+001, 3.2455503E+001, 3.2007453E+001, 2.5151733E+001, 3.2447431E+001, 3.8062638E+001, 4.7968472E+001, 4.6365981E+001, 3.1946037E+001, 2.4993136E+001, 3.6984920E+001, 5.4338263E+001, 7.5934630E+001, 6.1509596E+001, 4.9327832E+001, 2.6451167E+001, 4.4917454E+001, 5.8037790E+001, 6.6345137E+001, 6.1123967E+001, 6.0694106E+001, 3.0081568E+001, 4.9604170E+001, 5.0822241E+001, 5.3354522E+001, 4.5133764E+001, 4.1903531E+001, 2.5048895E+001, 3.1212598E+001, 4.3131517E+001, 3.9898794E+001, 3.5806350E+001, 2.9332301E+001, 6.0664390E+001, 5.0272322E+001, 3.7794641E+001, 2.8670215E+001, 8.1876888E+001, 2.5529488E+001, 9.4448584E+001, 1.2656604E+002, 7.3190514E+001, 3.6530519E+001, 1.2038357E+002, 2.5059186E+001, 8.4692720E+001, 1.0712553E+002, 6.5395286E+001, 3.9447805E+001, 8.6732677E+001, 2.6279071E+001, 1.0761924E+002, 1.0845695E+002, 6.5280429E+001, 3.6351391E+001, 3.3943364E+001, 3.2595091E+001, 6.7845080E+001, 4.7734845E+001, 3.5221763E+001, 2.5076970E+001, 3.3562696E+001, 2.7930191E+001, 2.3191020E+001, 2.3125454E+001, 2.3127213E+001, 2.3130987E+001, 2.3132511E+001, 2.3145520E+001, 2.3151766E+001, 2.3150845E+001, 2.3144321E+001, 2.3126454E+001, 2.3033409E+001, 3.8662804E+001, 2.7361739E+001, 2.3363584E+001, 2.3142443E+001, 2.3131522E+001, 2.3127142E+001, 2.3110487E+001, 2.3111034E+001, 2.3117745E+001, 2.3107200E+001, 2.3094854E+001, 2.3092005E+001, 2.3090142E+001, 3.1271085E+001, 3.2063484E+001, 3.1394322E+001, 2.9481069E+001, 2.7606595E+001, 2.6330813E+001, 2.3082430E+001, 2.3048275E+001, 2.3043819E+001, 2.3038160E+001, 2.3034441E+001, 4.4512185E+001, 4.3667241E+001, 4.2238397E+001, 3.7970200E+001, 2.8025319E+001, 2.3222238E+001, 2.3186109E+001, 2.3198269E+001, 2.3205542E+001, 2.3195466E+001, 2.3188968E+001, 2.4620879E+001, 2.5207159E+001, 2.4433044E+001, 2.4609749E+001, 2.4763527E+001, 2.4881856E+001, 2.4453087E+001, 2.4700979E+001, 2.2652708E+002, 2.1804839E+002, 2.1656834E+002, 2.1407982E+002, 1.8462500E+002, 1.5836983E+002, 6.7335539E+001
 1.8007154E+002, 2.6949816E+001, 3.4090231E+001, 3.9206539E+001, 4.0496541E+001, 4.4053758E+001, 3.4601447E+001, 2.7689070E+001, 4.3783513E+001, 4.7317424E+001, 5.1510826E+001, 5.2263558E+001, 4.4833994E+001, 3.0531073E+001, 3.7817654E+001, 4.5450085E+001, 5.1347337E+001, 5.0498933E+001, 4.0670437E+001, 2.7785615E+001, 3.7534036E+001, 3.7727143E+001, 4.1348130E+001, 4.7575155E+001, 4.2816698E+001, 2.5669501E+001, 3.1278939E+001, 3.7024506E+001, 4.2914529E+001, 3.9839671E+001, 2.5790148E+001, 3.6075978E+001, 4.1613568E+001, 4.2720408E+001, 3.9536437E+001, 3.3263130E+001, 2.5925130E+001, 4.1415182E+001, 5.6291939E+001, 6.6068294E+001, 6.8366338E+001, 5.1879285E+001, 2.7819617E+001, 4.6185187E+001, 6.3248108E+001, 7.0339936E+001, 5.6647234E+001, 6.4895224E+001, 2.8463447E+001, 4.0609903E+001, 4.5390584E+001, 5.7640056E+001, 6.0310222E+001, 5.1376930E+001, 2.4175431E+001, 2.6162576E+001, 3.6983765E+001, 4.4083408E+001, 3.9078770E+001, 3.0718565E+001, 7.6423434E+001, 5.6209038E+001, 3.6418956E+001, 2.6234464E+001, 6.7654218E+001, 2.6792699E+001, 8.5557738E+001, 1.0391772E+002, 6.7732207E+001, 3.6720020E+001, 1.1358171E+002, 2.5806429E+001, 9.3104009E+001, 1.1092840E+002, 7.0246810E+001, 4.1270274E+001, 1.0576749E+002, 2.5855925E+001, 1.0147430E+002, 1.1773293E+002, 6.7463817E+001, 3.8324096E+001, 3.9018643E+001, 3.0363015E+001, 6.8363652E+001, 5.7887751E+001, 3.7231732E+001, 2.6533760E+001, 3.4582786E+001, 2.9232639E+001, 2.4793331E+001, 2.3192619E+001, 2.3150955E+001, 2.3157103E+001, 2.3159435E+001, 2.3174280E+001, 2.3184414E+001, 2.3183508E+001, 2.3175060E+001, 2.3154339E+001, 2.3081868E+001, 3.8711920E+001, 3.2457778E+001, 2.8256489E+001, 2.6997343E+001, 2.5707983E+001, 2.5063865E+001, 2.3239598E+001, 2.3135892E+001, 2.3140393E+001, 2.3130984E+001, 2.3116931E+001, 2.3111419E+001, 2.3109296E+001, 3.3209796E+001, 3.2940082E+001, 3.2630283E+001, 3.0580514E+001, 2.4442529E+001, 2.3360153E+001, 2.3063133E+001, 2.3058973E+001, 2.3052692E+001, 2.3045787E+001, 2.3043103E+001, 4.3911433E+001, 4.3685891E+001, 4.2573863E+001, 3.4013212E+001, 2.3729388E+001, 2.3228096E+001, 2.3220535E+001, 2.3243275E+001, 2.3253126E+001, 2.3243631E+001, 2.3233958E+001, 2.5120552E+001, 2.5844099E+001, 2.4883566E+001, 2.5078741E+001, 2.5300686E+001, 2.5461884E+001, 2.4936616E+001, 2.5229533E+001, 2.2448035E+002, 2.1511138E+002, 2.1110520E+002, 2.1281354E+002, 1.9803826E+002, 2.1903697E+002, 7.2771681E+001
 2.0007464E+002, 2.9349250E+001, 3.5520486E+001, 3.7441778E+001, 4.2421103E+001, 4.4804842E+001, 3.2890492E+001, 2.9194263E+001, 3.9160132E+001, 4.5127143E+001, 5.0277301E+001, 5.4387751E+001, 4.4108397E+001, 2.9459082E+001, 3.7452307E+001, 5.0422010E+001, 5.9428680E+001, 6.0489008E+001, 5.0124079E+001, 2.8281324E+001, 3.2017645E+001, 3.9234858E+001, 4.6298734E+001, 5.2419397E+001, 4.5112085E+001, 2.6614685E+001, 2.8972038E+001, 3.3008657E+001, 3.8761853E+001, 4.3210302E+001, 2.7027138E+001, 4.3805535E+001, 4.0081460E+001, 3.9982141E+001, 3.9126194E+001, 3.0105513E+001, 2.5602482E+001, 3.2214439E+001, 5.5126216E+001, 6.3129134E+001, 6.1931847E+001, 3.7613664E+001, 2.5909925E+001, 3.6986452E+001, 6.3500088E+001, 7.6554323E+001, 6.5470632E+001, 7.3457191E+001, 2.6066245E+001, 4.4572184E+001, 5.7582297E+001, 6.5527879E+001, 6.1605223E+001, 4.7917351E+001, 2.4911751E+001, 2.6322874E+001, 3.2206538E+001, 3.8910816E+001, 3.6471841E+001, 2.9196754E+001, 7.7556220E+001, 5.2298093E+001, 3.3462293E+001, 2.5329483E+001, 5.5972518E+001, 2.6335767E+001, 8.8666064E+001, 1.0371812E+002, 6.5336769E+001, 3.9798614E+001, 1.3471215E+002, 2.6602142E+001, 1.0796849E+002, 1.3341991E+002, 9.0680825E+001, 5.0960807E+001, 9.2037100E+001, 2.6462751E+001, 8.8226932E+001, 1.0305618E+002, 6.1349539E+001, 3.7056617E+001, 3.8733004E+001, 3.0341889E+001, 7.6127872E+001, 5.4359032E+001, 3.2138111E+001, 2.5706631E+001, 3.6084648E+001, 2.9541173E+001, 2.7413152E+001, 2.5516241E+001, 2.3224025E+001, 2.3187732E+001, 2.3189734E+001, 2.3203227E+001, 2.3215523E+001, 2.3217386E+001, 2.3208123E+001, 2.3183909E+001, 2.3124955E+001, 3.8948421E+001, 3.2691503E+001, 2.9512427E+001, 2.7342836E+001, 2.7674631E+001, 2.6340403E+001, 2.3489962E+001, 2.3169151E+001, 2.3169232E+001, 2.3158288E+001, 2.3139986E+001, 2.3132201E+001, 2.3128172E+001, 3.2954807E+001, 3.3176329E+001, 3.3109641E+001, 3.2265689E+001, 2.3311964E+001, 2.3107645E+001, 2.3074818E+001, 2.3072730E+001, 2.3064660E+001, 2.3056512E+001, 2.3053854E+001, 4.2851361E+001, 4.2904572E+001, 4.1884881E+001, 3.8667361E+001, 2.5722231E+001, 2.3296859E+001, 2.3274945E+001, 2.3288003E+001, 2.3299998E+001, 2.3294846E+001, 2.3277269E+001, 2.5678781E+001, 2.6548429E+001, 2.5380597E+001, 2.5589851E+001, 2.5904970E+001, 2.6112184E+001, 2.5474444E+001, 2.5814577E+001, 2.2212271E+002, 2.1334071E+002, 2.0847244E+002, 2.0727891E+002, 2.0456837E+002, 2.2365280E+002, 7.7723853E+001
 2.2003340E+002, 2.9326619E+001, 3.0668826E+001, 3.9028475E+001, 4.6152767E+001, 5.0326530E+001, 3.1102520E+001, 2.9995127E+001, 3.3697085E+001, 3.9458913E+001, 4.8609343E+001, 5.4698419E+001, 3.8531155E+001, 3.0025098E+001, 3.6028581E+001, 4.3737433E+001, 5.2756011E+001, 5.6563391E+001, 4.8534807E+001, 3.1149624E+001, 3.5684796E+001, 4.6205625E+001, 4.8817898E+001, 5.4991152E+001, 4.9468553E+001, 3.0365319E+001, 3.3112535E+001, 3.9160578E+001, 4.6831739E+001, 4.6576809E+001, 2.6135010E+001, 3.3870170E+001, 5.0496424E+001, 5.0650571E+001, 4.4759258E+001, 2.6571224E+001, 2.4770816E+001, 2.7962660E+001, 4.4322664E+001, 6.5900960E+001, 6.1629658E+001, 3.5021119E+001, 2.5762937E+001, 3.0624035E+001, 5.0855155E+001, 6.7607690E+001, 6.6910681E+001, 6.4180584E+001, 2.5700018E+001, 3.5379137E+001, 5.6952546E+001, 6.8049057E+001, 6.2740533E+001, 5.6819906E+001, 2.5699359E+001, 3.3561774E+001, 4.6217592E+001, 4.5987006E+001, 4.3560279E+001, 2.9412388E+001, 9.4870363E+001, 6.3980380E+001, 3.6404215E+001, 2.7165359E+001, 6.2183934E+001, 2.7218640E+001, 8.2400495E+001, 1.0753670E+002, 6.4130623E+001, 3.6472571E+001, 1.0885383E+002, 2.6375902E+001, 8.4853410E+001, 1.0036531E+002, 6.7155386E+001, 3.9730844E+001, 8.8639300E+001, 2.7988660E+001, 9.9767158E+001, 1.3079773E+002, 7.5336359E+001, 3.5763442E+001, 3.9865548E+001, 3.1304155E+001, 7.7305419E+001, 5.5369019E+001, 3.5805732E+001, 2.5512717E+001, 3.8160258E+001, 3.0431276E+001, 2.7408915E+001, 2.6367919E+001, 2.5620400E+001, 2.3915900E+001, 2.3221881E+001, 2.3235277E+001, 2.3247504E+001, 2.3253475E+001, 2.3246501E+001, 2.3219704E+001, 2.3173257E+001, 4.2075333E+001, 3.3663697E+001, 3.0328855E+001, 2.7032445E+001, 2.5369584E+001, 2.3503619E+001, 2.3231582E+001, 2.3199989E+001, 2.3199130E+001, 2.3185194E+001, 2.3163985E+001, 2.3156113E+001, 2.3145653E+001, 3.3014330E+001, 3.3133882E+001, 3.2615566E+001, 3.2215493E+001, 2.4611956E+001, 2.3105701E+001, 2.3097550E+001, 2.3089509E+001, 2.3081280E+001, 2.3071638E+001, 2.3067383E+001, 4.4904777E+001, 4.4773833E+001, 4.3908725E+001, 3.9293845E+001, 2.7888041E+001, 2.3334762E+001, 2.3312459E+001, 2.3339269E+001, 2.3353406E+001, 2.3348816E+001, 2.3326155E+001, 2.6286875E+001, 2.7313401E+001, 2.5920221E+001, 2.6144815E+001, 2.6561200E+001, 2.6826046E+001, 2.6063412E+001, 2.6454472E+001, 2.3086000E+002, 2.2320104E+002, 2.1756795E+002, 2.1295981E+002, 1.9163121E+002, 1.6955214E+002, 8.3307523E+001
 2.4008404E+002, 3.1305894E+001, 3.4157808E+001, 3.3472101E+001, 4.1851244E+001, 4.4100384E+001, 3.1482994E+001, 3.0761969E+001, 3.3727119E+001, 3.7952294E+001, 4.3354110E+001, 5.2469002E+001, 3.7143864E+001, 2.9948470E+001, 3.5695932E+001, 4.4901422E+001, 5.1436859E+001, 5.5970975E+001, 4.6689587E+001, 3.1113126E+001, 3.5132986E+001, 4.4292867E+001, 5.1102617E+001, 5.2326346E+001, 5.1196717E+001, 3.0785238E+001, 3.5274805E+001, 3.8769540E+001, 4.7474373E+001, 4.8622948E+001, 2.6830057E+001, 3.7941010E+001, 4.4670343E+001, 4.6003469E+001, 3.8355375E+001, 2.7353672E+001, 2.6686852E+001, 2.9075080E+001, 5.1677976E+001, 6.7808664E+001, 6.7285864E+001, 4.3619618E+001, 2.6893496E+001, 3.2608350E+001, 5.4021882E+001, 6.9703104E+001, 6.5484697E+001, 6.1243671E+001, 2.6376366E+001, 3.0946473E+001, 5.0231421E+001, 6.6154413E+001, 5.7570805E+001, 5.9592507E+001, 2.6393051E+001, 3.9042083E+001, 4.7080818E+001, 5.2886175E+001, 5.2893884E+001, 3.0235056E+001, 8.8553980E+001, 6.6005380E+001, 3.2776868E+001, 2.5997426E+001, 6.6245475E+001, 2.8193069E+001, 9.5464575E+001, 1.1104515E+002, 6.6282213E+001, 3.7172671E+001, 1.1060847E+002, 2.8535206E+001, 9.3218204E+001, 9.7454683E+001, 6.5136704E+001, 3.6163887E+001, 9.3658250E+001, 2.8913094E+001, 9.7243728E+001, 1.2306265E+002, 7.0926513E+001, 3.6838566E+001, 3.6377256E+001, 3.1170325E+001, 9.2925907E+001, 6.5530948E+001, 3.8284411E+001, 2.6048659E+001, 3.7838173E+001, 3.2477498E+001, 2.9261473E+001, 2.7424752E+001, 2.6703097E+001, 2.6217456E+001, 2.4973557E+001, 2.3807348E+001, 2.3292489E+001, 2.3304380E+001, 2.3297504E+001, 2.3266863E+001, 2.3218917E+001, 4.2012294E+001, 3.5099200E+001, 3.0307108E+001, 2.7928494E+001, 2.4535714E+001, 2.3304806E+001, 2.3240676E+001, 2.3234296E+001, 2.3234809E+001, 2.3217295E+001, 2.3194459E+001, 2.3187450E+001, 2.3147617E+001, 3.2415672E+001, 3.2873093E+001, 3.2830179E+001, 3.2533728E+001, 2.6798609E+001, 2.3126140E+001, 2.3117275E+001, 2.3107598E+001, 2.3098304E+001, 2.3086139E+001, 2.3081691E+001, 4.2019978E+001, 4.2196099E+001, 4.1644425E+001, 3.4680638E+001, 2.7911403E+001, 2.3449202E+001, 2.3361274E+001, 2.3386632E+001, 2.3414639E+001, 2.3414523E+001, 2.3384594E+001, 2.6943326E+001, 2.8131741E+001, 2.6505837E+001, 2.6742816E+001, 2.7272312E+001, 2.7598401E+001, 2.6701950E+001, 2.7143582E+001, 2.2811967E+002, 2.1539692E+002, 2.0850832E+002, 2.1514164E+002, 1.9982275E+002, 2.1608550E+002, 8.8124415E+001
 2.6005606E+002, 3.0451029E+001, 3.1609722E+001, 3.7316867E+001, 4.7206183E+001, 4.8938862E+001, 3.1022112E+001, 2.9254158E+001, 3.3093423E+001, 4.0683905E+001, 5.0721048E+001, 5.4211222E+001, 3.6988285E+001, 2.9817947E+001, 3.5532998E+001, 4.7388205E+001, 5.3078157E+001, 5.9469842E+001, 5.1343344E+001, 3.1497660E+001, 3.5888387E+001, 4.2436332E+001, 4.8647886E+001, 5.3201148E+001, 5.0055653E+001, 3.2030323E+001, 3.5513237E+001, 3.9702388E+001, 4.1728758E+001, 4.4083266E+001, 2.7492574E+001, 3.8370664E+001, 5.0364967E+001, 4.6344749E+001, 4.1236121E+001, 2.8894345E+001, 2.7367321E+001, 3.1224317E+001, 5.6523090E+001, 6.6512933E+001, 5.8540740E+001, 4.2413933E+001, 2.7224175E+001, 3.7912517E+001, 5.5289344E+001, 6.5022175E+001, 6.0181725E+001, 7.1733833E+001, 2.6981210E+001, 3.6244711E+001, 6.0984226E+001, 7.3341182E+001, 6.6724103E+001, 6.1471304E+001, 2.6340543E+001, 3.3324374E+001, 4.6047042E+001, 4.6240229E+001, 3.8922679E+001, 3.2641084E+001, 7.6175427E+001, 4.9196124E+001, 3.1941036E+001, 2.5802978E+001, 7.5487286E+001, 3.2051733E+001, 1.0685297E+002, 1.2247158E+002, 6.9804432E+001, 3.8203213E+001, 1.1930408E+002, 3.1419010E+001, 9.0567223E+001, 1.1384793E+002, 6.6549135E+001, 3.3527786E+001, 8.7169471E+001, 3.0474212E+001, 9.3319190E+001, 1.2888659E+002, 7.2070449E+001, 3.5210145E+001, 3.8029626E+001, 3.3848645E+001, 7.8666642E+001, 5.4336324E+001, 3.2834630E+001, 2.4745188E+001, 3.9219472E+001, 3.2723284E+001, 2.9906883E+001, 2.8293825E+001, 2.7931329E+001, 2.6995460E+001, 2.6501438E+001, 2.5895585E+001, 2.3453891E+001, 2.3369374E+001, 2.3353061E+001, 2.3313255E+001, 2.3256247E+001, 4.3151853E+001, 3.4216726E+001, 3.0726646E+001, 2.9117359E+001, 2.4395731E+001, 2.3337718E+001, 2.3281135E+001, 2.3277719E+001, 2.3273353E+001, 2.3255974E+001, 2.3230594E+001, 2.3222947E+001, 2.3177990E+001, 3.3105989E+001, 3.3515764E+001, 3.3513716E+001, 3.3176014E+001, 3.2000095E+001, 2.5880319E+001, 2.3142116E+001, 2.3128753E+001, 2.3117678E+001, 2.3102753E+001, 2.3096623E+001, 4.0802111E+001, 4.0885500E+001, 4.0764866E+001, 3.6803365E+001, 2.9022721E+001, 2.3836500E+001, 2.3425925E+001, 2.3459592E+001, 2.3495210E+001, 2.3497828E+001, 2.3447669E+001, 2.7644074E+001, 2.8999576E+001, 2.7133214E+001, 2.7378223E+001, 2.8028897E+001, 2.8420296E+001, 2.7388317E+001, 2.7879849E+001, 2.2917434E+002, 2.1628879E+002, 2.1761180E+002, 2.1987379E+002, 2.0732814E+002, 2.0241985E+002, 9.2675168E+001
 2.8006761E+002, 3.1615520E+001, 3.6962823E+001, 4.0043298E+001, 4.4860805E+001, 4.3098956E+001, 3.3635470E+001, 3.2311404E+001, 3.6784117E+001, 4.4705526E+001, 4.4646695E+001, 4.7993057E+001, 4.2124885E+001, 3.2242426E+001, 4.1017891E+001, 5.0735011E+001, 5.2629972E+001, 5.9092121E+001, 5.7659199E+001, 3.2102618E+001, 3.6820506E+001, 5.2705264E+001, 5.9991227E+001, 5.8964903E+001, 5.8868821E+001, 3.1706104E+001, 3.3369310E+001, 4.2020772E+001, 5.1405090E+001, 5.5350898E+001, 2.8479440E+001, 3.7274700E+001, 4.1733545E+001, 4.0180669E+001, 3.6863990E+001, 3.2870015E+001, 2.8531785E+001, 4.0967920E+001, 5.7687265E+001, 6.4556892E+001, 5.6192418E+001, 4.8468654E+001, 2.8485168E+001, 4.3776618E+001, 5.7357461E+001, 7.1712219E+001, 6.0304638E+001, 7.4546572E+001, 2.8106157E+001, 4.5856806E+001, 7.5539764E+001, 8.3600337E+001, 6.9058302E+001, 7.1572756E+001, 2.6692103E+001, 3.0192495E+001, 4.3712425E+001, 5.7587995E+001, 4.9859161E+001, 3.3805440E+001, 6.4416671E+001, 4.3379391E+001, 2.7207526E+001, 2.4342241E+001, 8.5914398E+001, 3.1845768E+001, 1.0622886E+002, 1.2693693E+002, 6.7078298E+001, 3.2310276E+001, 1.1295425E+002, 2.9407647E+001, 8.5161675E+001, 9.8979994E+001, 4.7598114E+001, 3.0790244E+001, 7.6608127E+001, 3.1547315E+001, 1.2339768E+002, 1.3398630E+002, 7.4673837E+001, 4.0021206E+001, 4.4606194E+001, 3.4625153E+001, 7.6724196E+001, 6.2766756E+001, 3.7676073E+001, 2.7630910E+001, 4.0344159E+001, 3.3822682E+001, 2.9514187E+001, 2.8711906E+001, 2.8292255E+001, 2.6863700E+001, 2.6492587E+001, 2.4380576E+001, 2.3416442E+001, 2.3394107E+001, 2.3379134E+001, 2.3338236E+001, 2.3282127E+001, 4.4218774E+001, 3.4647160E+001, 3.1541534E+001, 3.0293007E+001, 2.4711165E+001, 2.3434129E+001, 2.3323546E+001, 2.3324262E+001, 2.3319187E+001, 2.3297227E+001, 2.3263642E+001, 2.3250490E+001, 2.3214190E+001, 3.3607510E+001, 3.4687050E+001, 3.4949225E+001, 3.4600675E+001, 3.4108121E+001, 3.3112087E+001, 2.5209197E+001, 2.3169802E+001, 2.3148643E+001, 2.3129623E+001, 2.3118812E+001, 4.1899697E+001, 4.2003484E+001, 4.1600412E+001, 3.3836614E+001, 2.7696513E+001, 2.6435971E+001, 2.4899670E+001, 2.3543277E+001, 2.3584834E+001, 2.3566211E+001, 2.3503390E+001, 2.8390950E+001, 2.9917682E+001, 2.7797079E+001, 2.8047694E+001, 2.8828338E+001, 2.9284055E+001, 2.8113206E+001, 2.8653040E+001, 2.3774191E+002, 2.2669316E+002, 2.2920453E+002, 2.3012210E+002, 1.9779127E+002, 2.0197764E+002, 9.7451183E+001
 3.0003141E+002, 3.2832816E+001, 3.3988543E+001, 3.9618418E+001, 4.1424694E+001, 4.2133284E+001, 3.2648518E+001, 3.1964489E+001, 3.6311552E+001, 4.3933167E+001, 5.0603939E+001, 5.1549708E+001, 4.4441779E+001, 3.1230302E+001, 4.0704097E+001, 5.6077506E+001, 5.6706952E+001, 6.0498416E+001, 5.9370107E+001, 3.0682784E+001, 3.7888590E+001, 5.2078175E+001, 5.9187150E+001, 6.2446099E+001, 5.8093404E+001, 3.1203230E+001, 3.3524882E+001, 3.8940220E+001, 4.9221841E+001, 5.0508727E+001, 2.8940761E+001, 3.9497003E+001, 4.0846240E+001, 3.7935444E+001, 3.6705846E+001, 3.1177281E+001, 2.8837790E+001, 3.7008987E+001, 5.5136566E+001, 5.9620325E+001, 5.2399921E+001, 4.9026029E+001, 2.8986287E+001, 4.3301933E+001, 6.6303448E+001, 7.4694969E+001, 6.3893481E+001, 7.6638680E+001, 2.8702413E+001, 4.8666362E+001, 7.4554498E+001, 7.8706561E+001, 6.8952257E+001, 6.5691111E+001, 2.7446144E+001, 3.1905001E+001, 4.1979754E+001, 4.6520997E+001, 4.8415961E+001, 3.3863397E+001, 6.2625746E+001, 4.1778600E+001, 2.9381668E+001, 2.4369763E+001, 8.8631692E+001, 3.2421701E+001, 1.0330804E+002, 1.1600760E+002, 6.2897756E+001, 3.1255048E+001, 1.2198489E+002, 3.1263220E+001, 1.0097920E+002, 1.1911900E+002, 6.2634947E+001, 3.5053924E+001, 1.0058592E+002, 3.4332183E+001, 1.3014723E+002, 1.3437023E+002, 7.4910945E+001, 4.0483299E+001, 4.2227440E+001, 3.6546122E+001, 5.6570990E+001, 4.7450559E+001, 3.1609828E+001, 2.6030452E+001, 4.2252010E+001, 3.4939916E+001, 3.0380519E+001, 2.9508512E+001, 2.9171318E+001, 2.8218601E+001, 2.5735109E+001, 2.3793886E+001, 2.3438763E+001, 2.3438815E+001, 2.3420140E+001, 2.3372478E+001, 2.3315846E+001, 4.5117468E+001, 3.6344394E+001, 3.2309816E+001, 3.0660146E+001, 2.6610275E+001, 2.3602069E+001, 2.3365076E+001, 2.3357705E+001, 2.3355552E+001, 2.3325100E+001, 2.3285843E+001, 2.3268997E+001, 2.3243178E+001, 3.3717759E+001, 3.4058771E+001, 3.4724853E+001, 3.4793786E+001, 3.4047446E+001, 3.2043885E+001, 2.3750525E+001, 2.3202319E+001, 2.3175748E+001, 2.3154375E+001, 2.3141621E+001, 4.3347221E+001, 4.3287526E+001, 4.2609496E+001, 3.8601346E+001, 3.0607863E+001, 2.7073459E+001, 2.6000799E+001, 2.3644744E+001, 2.3628111E+001, 2.3593319E+001, 2.3541254E+001, 2.9184588E+001, 3.0888367E+001, 2.8496063E+001, 2.8750672E+001, 2.9657922E+001, 3.0180557E+001, 2.8863752E+001, 2.9456341E+001, 2.3842448E+002, 2.3296166E+002, 2.3381885E+002, 2.2506402E+002, 1.7643135E+002, 1.5391912E+002, 1.0197214E+002
 3.2006887E+002, 2.9379941E+001, 3.1383745E+001, 3.9184431E+001, 4.5548515E+001, 4.8717246E+001, 2.9774257E+001, 2.9214271E+001, 3.3441144E+001, 4.5627043E+001, 5.3778419E+001, 5.5367837E+001, 4.2583789E+001, 2.9382146E+001, 3.7963273E+001, 5.3562294E+001, 6.7471746E+001, 6.5238609E+001, 5.9241988E+001, 2.9824493E+001, 3.5219877E+001, 4.4601007E+001, 5.8191290E+001, 6.3519051E+001, 5.6235447E+001, 3.0431236E+001, 3.2185129E+001, 3.6053145E+001, 4.3585489E+001, 4.7135965E+001, 3.0270451E+001, 4.0706052E+001, 3.9593997E+001, 3.6740087E+001, 3.8245899E+001, 3.2959470E+001, 2.8832355E+001, 4.0417072E+001, 5.4884783E+001, 6.6552400E+001, 6.8185497E+001, 5.0393281E+001, 2.8949535E+001, 4.6607499E+001, 7.2334090E+001, 8.4102149E+001, 6.5691867E+001, 7.9021026E+001, 2.8329005E+001, 3.9633015E+001, 6.3455960E+001, 7.2447434E+001, 6.7421127E+001, 5.9887148E+001, 2.7529558E+001, 2.8639444E+001, 3.4522638E+001, 4.0450104E+001, 3.8376878E+001, 3.5759219E+001, 5.2464609E+001, 4.0459303E+001, 3.2295517E+001, 2.6859897E+001, 9.5716983E+001, 3.3663586E+001, 1.1261094E+002, 1.3948610E+002, 8.7352184E+001, 4.7258868E+001, 1.3433400E+002, 3.1355203E+001, 9.3171341E+001, 1.1797389E+002, 6.9763134E+001, 3.7491168E+001, 9.1627592E+001, 3.3594244E+001, 1.2242871E+002, 1.2009015E+002, 6.3615215E+001, 3.5313435E+001, 4.0845015E+001, 3.4553000E+001, 5.0138837E+001, 4.1303730E+001, 3.1742566E+001, 2.6785770E+001, 4.3833118E+001, 3.5629520E+001, 3.0827256E+001, 2.9831358E+001, 2.9574021E+001, 2.8365349E+001, 2.4868852E+001, 2.3621408E+001, 2.3516086E+001, 2.3509169E+001, 2.3482027E+001, 2.3422891E+001, 2.3359643E+001, 4.6830403E+001, 3.7893940E+001, 3.2450086E+001, 3.2387239E+001, 2.9981072E+001, 2.5330274E+001, 2.3411029E+001, 2.3394543E+001, 2.3386763E+001, 2.3354121E+001, 2.3309992E+001, 2.3288403E+001, 2.3268783E+001, 3.5329241E+001, 3.5475594E+001, 3.5241062E+001, 3.4992512E+001, 3.3846352E+001, 3.0431586E+001, 2.3482631E+001, 2.3224253E+001, 2.3197026E+001, 2.3172523E+001, 2.3157479E+001, 4.4915025E+001, 4.4688838E+001, 4.3617079E+001, 3.7099156E+001, 3.0125850E+001, 2.6689809E+001, 2.4146024E+001, 2.3698867E+001, 2.3656920E+001, 2.3629377E+001, 2.3594399E+001, 3.0021226E+001, 3.1898642E+001, 2.9229883E+001, 2.9484140E+001, 3.0515504E+001, 3.1107712E+001, 2.9646035E+001, 3.0291765E+001, 2.3151372E+002, 2.3125344E+002, 2.2929877E+002, 2.2546370E+002, 1.9588501E+002, 2.1147007E+002, 1.0610999E+002
 3.4000355E+002, 3.1562031E+001, 3.4505908E+001, 4.5806857E+001, 5.3362039E+001, 5.5747446E+001, 3.2549996E+001, 3.1890529E+001, 3.6111943E+001, 4.4840918E+001, 5.5228468E+001, 5.9106314E+001, 4.3961154E+001, 3.1855872E+001, 3.7168953E+001, 4.9264143E+001, 6.1651014E+001, 5.8041695E+001, 5.8290982E+001, 3.2229434E+001, 3.7170873E+001, 4.4651395E+001, 5.4388359E+001, 5.2546295E+001, 4.6915290E+001, 3.2792521E+001, 3.5220413E+001, 3.8397161E+001, 4.3069271E+001, 4.5160764E+001, 2.9887201E+001, 4.1418242E+001, 5.3230530E+001, 5.4735479E+001, 4.5831303E+001, 3.6000293E+001, 3.0843045E+001, 4.0906397E+001, 6.2341304E+001, 7.0397750E+001, 6.5507674E+001, 5.5111540E+001, 3.1108296E+001, 4.4420584E+001, 6.7896438E+001, 7.0732822E+001, 6.3033776E+001, 7.2356858E+001, 3.0503102E+001, 4.4628779E+001, 6.3776436E+001, 6.7999848E+001, 5.9228618E+001, 5.4942367E+001, 2.9190910E+001, 3.7437816E+001, 3.8294781E+001, 4.4906697E+001, 4.0444854E+001, 3.5723381E+001, 8.7550748E+001, 6.7575595E+001, 4.3074781E+001, 3.0121346E+001, 9.1022214E+001, 3.3539367E+001, 1.0179848E+002, 1.2340936E+002, 8.0697678E+001, 4.1771882E+001, 1.0983657E+002, 3.1695331E+001, 8.7136977E+001, 9.3986593E+001, 6.0367687E+001, 4.0387079E+001, 7.1175849E+001, 3.5223072E+001, 9.5213824E+001, 1.1628635E+002, 7.2365621E+001, 3.6627446E+001, 4.0626203E+001, 3.6097856E+001, 7.5923617E+001, 5.0188670E+001, 3.5348501E+001, 2.7807892E+001, 4.3429008E+001, 3.8061409E+001, 3.1999773E+001, 3.0796455E+001, 3.0059747E+001, 2.7913447E+001, 2.4343619E+001, 2.3585471E+001, 2.3571171E+001, 2.3558415E+001, 2.3526478E+001, 2.3458922E+001, 2.3390367E+001, 4.6523976E+001, 3.6149549E+001, 3.3370278E+001, 3.2920081E+001, 3.0787803E+001, 2.7034092E+001, 2.3498611E+001, 2.3455453E+001, 2.3423280E+001, 2.3386680E+001, 2.3335332E+001, 2.3309869E+001, 2.3293315E+001, 3.4606993E+001, 3.5251926E+001, 3.5380225E+001, 3.4977371E+001, 3.4372550E+001, 3.1905883E+001, 2.6243666E+001, 2.5119157E+001, 2.4125800E+001, 2.3307410E+001, 2.3181474E+001, 4.3698639E+001, 4.4321657E+001, 4.3829495E+001, 4.2596755E+001, 3.8054187E+001, 2.7781805E+001, 2.5280783E+001, 2.3715333E+001, 2.3682920E+001, 2.3683684E+001, 2.3656733E+001, 3.0886610E+001, 3.2940378E+001, 2.9993663E+001, 3.0241052E+001, 3.1394773E+001, 3.2059474E+001, 3.0461491E+001, 3.1160105E+001, 2.3191879E+002, 2.1996196E+002, 2.1673983E+002, 2.1439179E+002, 2.0640681E+002, 2.7572355E+002, 1.1009549E+002
 3.6008091E+002, 3.3934870E+001, 3.7437111E+001, 4.5432054E+001, 5.1273846E+001, 5.4483729E+001, 3.5015491E+001, 3.3949031E+001, 3.7225833E+001, 4.9096955E+001, 5.9881259E+001, 6.7542683E+001, 4.3071205E+001, 3.2727075E+001, 3.8866758E+001, 4.8814403E+001, 6.2545008E+001, 6.3801529E+001, 5.5098859E+001, 3.2302284E+001, 4.2246217E+001, 4.7152475E+001, 5.4671187E+001, 5.9409448E+001, 5.2212911E+001, 3.3293579E+001, 3.4753621E+001, 3.9479920E+001, 4.6554520E+001, 4.3099311E+001, 3.1714610E+001, 4.0534944E+001, 4.7857033E+001, 5.3230217E+001, 4.7599344E+001, 3.7061190E+001, 3.0960219E+001, 4.2183939E+001, 6.5847372E+001, 7.5675485E+001, 6.4285489E+001, 4.7068153E+001, 3.0750305E+001, 4.2250486E+001, 5.5632492E+001, 8.1753807E+001, 6.9303574E+001, 7.2778171E+001, 3.1951090E+001, 5.0776892E+001, 6.4343178E+001, 7.2446877E+001, 6.0578796E+001, 5.7428135E+001, 3.0813312E+001, 3.9262845E+001, 4.6726516E+001, 4.6381862E+001, 4.0910188E+001, 3.6896946E+001, 7.2307444E+001, 5.6234814E+001, 4.0056200E+001, 3.2726219E+001, 8.8093373E+001, 3.4670219E+001, 1.2779941E+002, 1.3835916E+002, 8.0926993E+001, 4.2198689E+001, 1.3811857E+002, 3.2930233E+001, 8.9359709E+001, 9.0667933E+001, 5.3643171E+001, 3.6123056E+001, 7.9270384E+001, 3.3873893E+001, 9.5092336E+001, 1.2037030E+002, 7.0320033E+001, 3.7229698E+001, 4.3543904E+001, 3.5328300E+001, 8.3377353E+001, 5.1654100E+001, 3.5150235E+001, 2.9442077E+001, 4.2869604E+001, 3.6596890E+001, 3.3003955E+001, 3.1794258E+001, 3.0673115E+001, 2.7678342E+001, 2.4629694E+001, 2.3692611E+001, 2.3650286E+001, 2.3625206E+001, 2.3577123E+001, 2.3501740E+001, 2.3426170E+001, 4.4919744E+001, 3.4547646E+001, 3.3921637E+001, 3.2240823E+001, 2.8499664E+001, 2.5864454E+001, 2.4141347E+001, 2.3483641E+001, 2.3450984E+001, 2.3414287E+001, 2.3359212E+001, 2.3330221E+001, 2.3321436E+001, 3.6595518E+001, 3.6788570E+001, 3.6507984E+001, 3.6105901E+001, 3.4893561E+001, 2.7808082E+001, 2.6684973E+001, 2.6442474E+001, 2.6152843E+001, 2.5279416E+001, 2.3252966E+001, 4.8493394E+001, 4.8107084E+001, 4.6755535E+001, 4.5405386E+001, 3.6568470E+001, 2.8565094E+001, 2.5064823E+001, 2.3716066E+001, 2.3724512E+001, 2.3703740E+001, 2.3641625E+001, 3.1775550E+001, 3.4012320E+001, 3.0779596E+001, 3.1018484E+001, 3.2295113E+001, 3.3033519E+001, 3.1305567E+001, 3.2058733E+001, 2.4090202E+002, 2.2578061E+002, 2.1847798E+002, 2.1118376E+002, 1.9758435E+002, 2.5667677E+002, 1.1353106E+002
 3.8000208E+002, 3.3294965E+001, 3.5338860E+001, 4.4546008E+001, 4.8977522E+001, 5.7644733E+001, 3.4554867E+001, 3.4820689E+001, 3.9153646E+001, 4.4573785E+001, 5.7418236E+001, 6.6910869E+001, 4.5870545E+001, 3.5628729E+001, 4.2545717E+001, 4.7197035E+001, 6.0859283E+001, 6.4324438E+001, 5.6427537E+001, 3.4787033E+001, 3.9738878E+001, 5.2266540E+001, 5.8686610E+001, 5.9154548E+001, 5.7372750E+001, 3.3570123E+001, 3.5598902E+001, 4.5773550E+001, 4.7680320E+001, 4.7453211E+001, 3.2753117E+001, 3.7613732E+001, 5.0734546E+001, 5.6712205E+001, 4.6810837E+001, 3.6852542E+001, 3.1155028E+001, 4.3277117E+001, 5.7432322E+001, 7.9637443E+001, 7.1442291E+001, 4.8276954E+001, 3.1923632E+001, 4.4994920E+001, 5.6787793E+001, 7.8516903E+001, 6.7840967E+001, 7.2813361E+001, 3.5448628E+001, 4.6596212E+001, 6.6737791E+001, 7.2730231E+001, 6.0760087E+001, 6.2283643E+001, 3.2411955E+001, 3.8949389E+001, 4.8598581E+001, 5.5063879E+001, 4.6701268E+001, 3.8393524E+001, 7.2131709E+001, 7.0016442E+001, 3.9889750E+001, 2.6845179E+001, 9.0496258E+001, 3.6998813E+001, 1.2854382E+002, 1.3363568E+002, 7.6510752E+001, 4.0258463E+001, 1.1958529E+002, 3.2740930E+001, 8.7173377E+001, 1.0536667E+002, 5.7207801E+001, 3.6935756E+001, 7.5389168E+001, 3.5450131E+001, 9.3778092E+001, 1.2028771E+002, 6.5045218E+001, 3.7764730E+001, 4.4089962E+001, 3.9642736E+001, 9.2360795E+001, 6.1218436E+001, 3.8867702E+001, 3.0414257E+001, 4.2980214E+001, 3.6296556E+001, 3.3176063E+001, 3.2551671E+001, 3.1380579E+001, 2.8816186E+001, 2.5192943E+001, 2.3833795E+001, 2.3763185E+001, 2.3708090E+001, 2.3635130E+001, 2.3550931E+001, 2.3474204E+001, 4.7679700E+001, 3.7974131E+001, 3.4525352E+001, 3.0925697E+001, 2.8206117E+001, 2.7935254E+001, 2.6306200E+001, 2.4245530E+001, 2.3480715E+001, 2.3440629E+001, 2.3385241E+001, 2.3348960E+001, 2.3356607E+001, 3.6799398E+001, 3.7041197E+001, 3.6718315E+001, 3.6115957E+001, 3.1525525E+001, 2.6598100E+001, 2.6131775E+001, 2.6096937E+001, 2.5982211E+001, 2.5214606E+001, 2.3269091E+001, 5.0156687E+001, 4.9761264E+001, 4.8353301E+001, 4.0574612E+001, 3.0187524E+001, 2.5892523E+001, 2.3894272E+001, 2.3785416E+001, 2.3784353E+001, 2.3735459E+001, 2.3671264E+001, 3.2686798E+001, 3.5099231E+001, 3.1586080E+001, 3.1809277E+001, 3.3220130E+001, 3.4030105E+001, 3.2172183E+001, 3.2973278E+001, 2.3579748E+002, 2.1814348E+002, 2.0946997E+002, 1.9374893E+002, 1.6039709E+002, 1.8365392E+002, 1.1698218E+002
 4.0000523E+002, 3.3452438E+001, 3.5218257E+001, 4.2998629E+001, 4.7237200E+001, 5.0080660E+001, 3.4629925E+001, 3.4399237E+001, 3.7524323E+001, 4.5528373E+001, 5.3647940E+001, 5.8194108E+001, 4.5696155E+001, 3.4896653E+001, 4.1144767E+001, 5.5110009E+001, 6.0873680E+001, 6.7301342E+001, 6.0948790E+001, 3.5847999E+001, 4.0209336E+001, 5.6038901E+001, 5.6789032E+001, 6.2171148E+001, 5.4136436E+001, 3.4312937E+001, 3.6950452E+001, 4.2089106E+001, 4.4253611E+001, 5.0212061E+001, 3.4165258E+001, 3.8569380E+001, 4.7699593E+001, 4.4533626E+001, 3.7032981E+001, 3.5670840E+001, 3.1464325E+001, 3.9661780E+001, 5.9142669E+001, 6.4018165E+001, 6.3223443E+001, 5.7324329E+001, 3.1900284E+001, 5.0468714E+001, 7.5079648E+001, 8.7186785E+001, 7.7962933E+001, 8.2358669E+001, 3.3847510E+001, 5.2894912E+001, 5.8876160E+001, 7.2980057E+001, 6.5229214E+001, 5.7933933E+001, 3.1231372E+001, 3.4210113E+001, 3.7996074E+001, 4.9584185E+001, 4.5504618E+001, 3.8471654E+001, 5.6152439E+001, 3.8854066E+001, 2.9945245E+001, 2.6050606E+001, 9.3481294E+001, 3.5599420E+001, 1.1073542E+002, 1.2376474E+002, 7.0221537E+001, 3.8973855E+001, 1.3747602E+002, 3.4338936E+001, 1.0990417E+002, 1.3964883E+002, 8.3543311E+001, 4.6025988E+001, 1.1330316E+002, 3.4777201E+001, 1.0875498E+002, 1.2729336E+002, 6.4682081E+001, 3.5709174E+001, 3.4703611E+001, 3.8091591E+001, 5.4880442E+001, 4.2334730E+001, 3.3479157E+001, 2.8086960E+001, 4.3389676E+001, 3.7052720E+001, 3.4582000E+001, 3.3460130E+001, 3.2320124E+001, 3.0327106E+001, 2.5887457E+001, 2.3911688E+001, 2.3814843E+001, 2.3754032E+001, 2.3678879E+001, 2.3588717E+001, 2.3507383E+001, 4.8597339E+001, 4.0721074E+001, 3.4822634E+001, 3.3236881E+001, 3.1036216E+001, 2.9427487E+001, 2.7381413E+001, 2.4989584E+001, 2.3550711E+001, 2.3473402E+001, 2.3412676E+001, 2.3371646E+001, 2.3370516E+001, 3.7299847E+001, 3.7620195E+001, 3.7204078E+001, 3.7213877E+001, 3.4865238E+001, 2.6870488E+001, 2.5886535E+001, 2.5334011E+001, 2.4353184E+001, 2.3487211E+001, 2.3231848E+001, 4.8782415E+001, 4.8243641E+001, 4.7700612E+001, 4.6433943E+001, 3.3373439E+001, 2.5667828E+001, 2.3867697E+001, 2.3900746E+001, 2.3862331E+001, 2.3811950E+001, 2.3745501E+001, 3.3610135E+001, 3.6190938E+001, 3.2411386E+001, 3.2612348E+001, 3.4161836E+001, 3.5034713E+001, 3.3055670E+001, 3.3898974E+001, 2.3477282E+002, 2.1653354E+002, 2.1182850E+002, 2.0827515E+002, 1.8401273E+002, 1.8996044E+002, 1.2085984E+002
 4.2001919E+002, 3.2931988E+001, 3.6014676E+001, 4.4369025E+001, 5.0068922E+001, 4.8415119E+001, 3.3988819E+001, 3.3490709E+001, 3.9525380E+001, 5.2000312E+001, 6.2735413E+001, 6.1284538E+001, 4.8205590E+001, 3.5018264E+001, 4.3504600E+001, 5.5755518E+001, 6.7859362E+001, 7.1373154E+001, 5.3912568E+001, 3.5688136E+001, 4.0412761E+001, 4.4770651E+001, 5.1657626E+001, 6.0840132E+001, 5.0340184E+001, 3.5310439E+001, 3.6214755E+001, 3.8954102E+001, 3.9254608E+001, 4.3720324E+001, 3.4243285E+001, 4.0777748E+001, 4.2227037E+001, 3.9414626E+001, 4.1475194E+001, 3.6114630E+001, 3.2277450E+001, 4.2799417E+001, 5.7782928E+001, 7.0495255E+001, 6.6184182E+001, 5.1354301E+001, 3.3140632E+001, 5.1618326E+001, 6.7828926E+001, 9.3006492E+001, 8.1384914E+001, 7.8808552E+001, 3.5112237E+001, 5.3590616E+001, 6.0141212E+001, 6.5130280E+001, 6.4800529E+001, 5.4169330E+001, 3.1866317E+001, 3.4858668E+001, 3.7828439E+001, 4.7486348E+001, 4.3648864E+001, 3.8039272E+001, 5.9445418E+001, 4.6602768E+001, 3.3985583E+001, 2.6991417E+001, 8.7215393E+001, 3.5416628E+001, 9.8053473E+001, 1.3764357E+002, 8.0486693E+001, 4.1761232E+001, 1.3912688E+002, 3.4159111E+001, 1.0821942E+002, 1.3730188E+002, 7.8823221E+001, 4.2470770E+001, 1.0254053E+002, 3.5009084E+001, 1.1107018E+002, 1.2761479E+002, 6.4094234E+001, 3.4154218E+001, 3.8467076E+001, 3.9907012E+001, 5.6038183E+001, 4.3018696E+001, 3.4678465E+001, 2.8704248E+001, 4.4278952E+001, 3.7117300E+001, 3.5078026E+001, 3.3808544E+001, 3.2619128E+001, 3.0688001E+001, 2.5368848E+001, 2.3907357E+001, 2.3853610E+001, 2.3792645E+001, 2.3717202E+001, 2.3619672E+001, 2.3560753E+001, 4.7522901E+001, 4.2797177E+001, 3.5598045E+001, 3.4021931E+001, 3.1653710E+001, 2.9568381E+001, 2.7046435E+001, 2.4783020E+001, 2.3620432E+001, 2.3518860E+001, 2.3447349E+001, 2.3402896E+001, 2.3383893E+001, 3.8497795E+001, 3.8965531E+001, 3.8645473E+001, 3.8299128E+001, 3.7466225E+001, 2.9612079E+001, 2.4489186E+001, 2.3632624E+001, 2.3371565E+001, 2.3273848E+001, 2.3257846E+001, 4.8614146E+001, 4.8245921E+001, 4.8301199E+001, 4.7387531E+001, 3.7332137E+001, 2.9183786E+001, 2.4690157E+001, 2.4011446E+001, 2.3975923E+001, 2.3907169E+001, 2.3816218E+001, 3.4546965E+001, 3.7285460E+001, 3.3259357E+001, 3.3431819E+001, 3.5117315E+001, 3.6045278E+001, 3.3957856E+001, 3.4837152E+001, 2.3169598E+002, 2.1933950E+002, 2.2049865E+002, 2.1639472E+002, 1.8661047E+002, 1.7484833E+002, 1.2432166E+002
 4.4003716E+002, 3.6371541E+001, 4.0733885E+001, 4.5897086E+001, 5.1444654E+001, 4.9596081E+001, 3.7215941E+001, 3.6165996E+001, 3.9344433E+001, 4.3160716E+001, 5.9036085E+001, 5.9237792E+001, 4.1435986E+001, 3.7478999E+001, 4.0486342E+001, 4.6282273E+001, 5.6727915E+001, 5.8010939E+001, 5.2754532E+001, 3.6683574E+001, 4.1921519E+001, 4.7256406E+001, 5.7967945E+001, 6.2950364E+001, 5.7826833E+001, 3.5375768E+001, 3.6441141E+001, 4.0571942E+001, 4.6793944E+001, 5.1870733E+001, 3.4707828E+001, 4.6946827E+001, 5.4461526E+001, 5.0453932E+001, 4.9091981E+001, 3.7186683E+001, 3.2568951E+001, 3.9123742E+001, 6.0512998E+001, 7.0112514E+001, 6.4491579E+001, 4.8542851E+001, 3.2812167E+001, 4.4973348E+001, 5.9283088E+001, 7.1137283E+001, 6.6436708E+001, 7.1967430E+001, 3.3055141E+001, 4.9997634E+001, 6.3071859E+001, 7.7450454E+001, 6.6034224E+001, 6.9939232E+001, 3.1513964E+001, 3.7134655E+001, 4.4078163E+001, 5.7987613E+001, 5.2709664E+001, 3.9104358E+001, 9.4016628E+001, 8.1798757E+001, 4.8160378E+001, 3.4173857E+001, 8.2992406E+001, 3.5184213E+001, 9.6985027E+001, 1.1140107E+002, 6.9670039E+001, 4.0822917E+001, 1.0827747E+002, 3.4059160E+001, 8.9457070E+001, 9.6028892E+001, 5.4498317E+001, 3.2382986E+001, 8.0336277E+001, 3.3724860E+001, 9.2191056E+001, 1.3050440E+002, 8.0946964E+001, 4.2836375E+001, 4.9714938E+001, 3.8024418E+001, 9.3326411E+001, 6.6957183E+001, 4.7476473E+001, 3.6218248E+001, 4.4283223E+001, 3.9459149E+001, 3.6113062E+001, 3.4862739E+001, 3.3515317E+001, 3.0491982E+001, 2.4781080E+001, 2.3950711E+001, 2.3919129E+001, 2.3840957E+001, 2.3751588E+001, 2.3648844E+001, 2.3631578E+001, 4.8278964E+001, 3.9594327E+001, 3.5899432E+001, 3.5512324E+001, 3.2983089E+001, 3.0739535E+001, 2.7040572E+001, 2.4458190E+001, 2.3714634E+001, 2.3572560E+001, 2.3489664E+001, 2.3441937E+001, 2.3422451E+001, 3.9851215E+001, 4.0457995E+001, 4.0350443E+001, 3.9837035E+001, 3.8895953E+001, 3.4508868E+001, 2.3748446E+001, 2.3431610E+001, 2.3321934E+001, 2.3293000E+001, 2.3289475E+001, 4.9880301E+001, 4.9186569E+001, 4.8344718E+001, 4.7609690E+001, 3.6865399E+001, 3.1645880E+001, 2.6719994E+001, 2.4125015E+001, 2.4077240E+001, 2.3988686E+001, 2.3889722E+001, 3.5490197E+001, 3.8379788E+001, 3.4123456E+001, 3.4265054E+001, 3.6080245E+001, 3.7064544E+001, 3.4873101E+001, 3.5787335E+001, 2.3878559E+002, 2.2705863E+002, 2.2333020E+002, 2.2217325E+002, 1.8646761E+002, 1.8065016E+002, 1.2773947E+002
 4.6004502E+002, 3.8492586E+001, 3.8127401E+001, 4.3146451E+001, 4.8589589E+001, 5.1175937E+001, 3.6517099E+001, 3.5630154E+001, 3.8136719E+001, 4.5099730E+001, 5.4849933E+001, 5.8121336E+001, 4.0879786E+001, 3.5660894E+001, 3.7633902E+001, 4.7169800E+001, 5.8047364E+001, 6.5014177E+001, 5.0919926E+001, 3.6035432E+001, 4.0609632E+001, 4.8824871E+001, 5.6892033E+001, 6.4925048E+001, 5.6609069E+001, 3.6236006E+001, 4.0096932E+001, 4.3710182E+001, 5.1354070E+001, 5.4968579E+001, 3.3301536E+001, 4.8600246E+001, 5.3336586E+001, 5.4561713E+001, 5.3279719E+001, 3.7130209E+001, 3.2909175E+001, 3.7567225E+001, 5.5992802E+001, 6.6799602E+001, 6.5141138E+001, 4.6943078E+001, 3.2509120E+001, 3.9618634E+001, 6.2995596E+001, 7.5939282E+001, 7.0146230E+001, 7.1076356E+001, 3.3085619E+001, 4.2789951E+001, 6.4357348E+001, 7.5560650E+001, 6.5879132E+001, 6.7360077E+001, 3.2609499E+001, 4.3943674E+001, 5.2706473E+001, 5.6581310E+001, 5.4548566E+001, 3.8919460E+001, 9.6718012E+001, 7.1834001E+001, 4.6100753E+001, 3.3601172E+001, 8.1749381E+001, 3.5004951E+001, 9.1235121E+001, 1.2126415E+002, 7.6615342E+001, 4.1383689E+001, 1.1605922E+002, 3.4837493E+001, 1.0015891E+002, 1.1784161E+002, 7.1886604E+001, 3.8376757E+001, 9.7945647E+001, 3.4209156E+001, 9.8949859E+001, 1.2704028E+002, 7.7221220E+001, 4.2649726E+001, 4.5143640E+001, 3.7591366E+001, 8.3762298E+001, 6.1634489E+001, 3.7472939E+001, 3.0441923E+001, 4.5712836E+001, 4.1323473E+001, 3.7002070E+001, 3.5887405E+001, 3.4972640E+001, 3.1474854E+001, 2.5658939E+001, 2.4061190E+001, 2.4008350E+001, 2.3895575E+001, 2.3787866E+001, 2.3683431E+001, 2.3663327E+001, 5.0365418E+001, 4.2833410E+001, 3.6551379E+001, 3.5634200E+001, 3.3544501E+001, 3.1296549E+001, 2.6367805E+001, 2.4004648E+001, 2.3711387E+001, 2.3618515E+001, 2.3525954E+001, 2.3476146E+001, 2.3461090E+001, 3.8866539E+001, 3.9591457E+001, 4.0036768E+001, 3.9601970E+001, 3.9078720E+001, 3.6001807E+001, 2.3643044E+001, 2.3439061E+001, 2.3365181E+001, 2.3326154E+001, 2.3317576E+001, 4.8358434E+001, 4.7908986E+001, 4.4090089E+001, 3.8897869E+001, 3.3671817E+001, 3.1028817E+001, 2.6469062E+001, 2.4251641E+001, 2.4161856E+001, 2.4070111E+001, 2.3944370E+001, 3.6442385E+001, 3.9476012E+001, 3.4994863E+001, 3.5102128E+001, 3.7052827E+001, 3.8092965E+001, 3.5788411E+001, 3.6735286E+001, 2.3411437E+002, 2.2569657E+002, 2.2296071E+002, 2.1829457E+002, 1.9580434E+002, 2.4591160E+002, 1.3027431E+002
 4.8005514E+002, 3.8378995E+001, 3.8532972E+001, 4.5982868E+001, 4.8861329E+001, 5.4515900E+001, 3.7856137E+001, 3.7816173E+001, 3.9914333E+001, 4.6244836E+001, 5.9332996E+001, 6.8362446E+001, 4.3636342E+001, 3.7414997E+001, 4.1124546E+001, 4.9619848E+001, 6.0741202E+001, 6.5161277E+001, 5.7387567E+001, 3.7745814E+001, 4.1115659E+001, 4.9245836E+001, 6.0319545E+001, 6.3955425E+001, 5.8362909E+001, 3.6978494E+001, 3.9469664E+001, 4.4083396E+001, 5.0291903E+001, 5.1976389E+001, 3.3676012E+001, 4.7494025E+001, 6.1017110E+001, 5.7295882E+001, 5.5868763E+001, 3.5920065E+001, 3.3548245E+001, 4.0951201E+001, 6.0195423E+001, 8.0086823E+001, 7.9623166E+001, 4.5085180E+001, 3.3856262E+001, 4.1643403E+001, 6.1164412E+001, 7.6027712E+001, 6.8288878E+001, 7.2395162E+001, 3.3829942E+001, 4.7040496E+001, 6.6613783E+001, 7.3881620E+001, 6.0022024E+001, 6.5831616E+001, 3.3936101E+001, 4.3630295E+001, 4.5694529E+001, 5.2391437E+001, 4.8294514E+001, 3.9527543E+001, 9.2369776E+001, 6.4210999E+001, 4.6913356E+001, 3.2550515E+001, 9.4170431E+001, 3.8235936E+001, 1.1684397E+002, 1.4027915E+002, 8.0651775E+001, 4.3566761E+001, 1.2618462E+002, 3.7270664E+001, 9.7125160E+001, 1.0912324E+002, 6.6117839E+001, 4.1384261E+001, 9.2520217E+001, 3.6455733E+001, 1.0013017E+002, 1.0816419E+002, 6.3477371E+001, 3.8553745E+001, 4.0321853E+001, 4.0647958E+001, 7.7474767E+001, 5.6165867E+001, 3.7960730E+001, 2.9144008E+001, 4.6919021E+001, 4.3452883E+001, 3.7310560E+001, 3.6546589E+001, 3.6045064E+001, 3.2025806E+001, 2.6301149E+001, 2.4157281E+001, 2.4076865E+001, 2.3950612E+001, 2.3830831E+001, 2.3720315E+001, 2.3681053E+001, 4.8691631E+001, 4.3560321E+001, 3.6906495E+001, 3.5480143E+001, 3.3750590E+001, 3.0452959E+001, 2.5826070E+001, 2.3851721E+001, 2.3734696E+001, 2.3667255E+001, 2.3556763E+001, 2.3505329E+001, 2.3497090E+001, 3.8594406E+001, 3.9640487E+001, 4.0252929E+001, 3.9702424E+001, 3.8680478E+001, 3.5178220E+001, 2.4884415E+001, 2.3925992E+001, 2.3510275E+001, 2.3379969E+001, 2.3345877E+001, 4.9925630E+001, 4.9749249E+001, 4.8645052E+001, 4.4206594E+001, 3.4819416E+001, 3.1201438E+001, 2.9889209E+001, 2.4429684E+001, 2.4252166E+001, 2.4124239E+001, 2.3993251E+001, 3.7396348E+001, 4.0559303E+001, 3.5866314E+001, 3.5935967E+001, 3.8036827E+001, 3.9129822E+001, 3.6709858E+001, 3.7687791E+001, 2.3239388E+002, 2.1930934E+002, 2.1246810E+002, 2.0174981E+002, 1.7539081E+002, 1.5548064E+002, 1.3311827E+002
 5.0001254E+002, 3.8572303E+001, 4.2131904E+001, 5.5023849E+001, 5.6923531E+001, 5.6783649E+001, 4.0522757E+001, 3.7174209E+001, 4.3070397E+001, 5.5296585E+001, 6.0627112E+001, 6.7971760E+001, 4.4963781E+001, 3.6132220E+001, 4.1450344E+001, 4.9710113E+001, 5.7371063E+001, 6.4356338E+001, 5.1456147E+001, 3.6424992E+001, 4.3724586E+001, 4.8077733E+001, 5.2767552E+001, 5.4845541E+001, 5.0341322E+001, 3.6470136E+001, 4.0593263E+001, 4.4540190E+001, 4.4575370E+001, 4.2295245E+001, 3.6695617E+001, 4.6575987E+001, 5.1128903E+001, 5.8567099E+001, 5.5156012E+001, 4.1675924E+001, 3.7589677E+001, 5.0087265E+001, 7.1190968E+001, 8.1204039E+001, 7.8492757E+001, 5.6759924E+001, 3.4303256E+001, 3.9501850E+001, 6.5095009E+001, 7.9489448E+001, 7.0483000E+001, 7.1605363E+001, 3.4699025E+001, 4.7377578E+001, 6.0018367E+001, 6.3230855E+001, 5.9756713E+001, 5.4908322E+001, 3.4540563E+001, 4.2504489E+001, 5.1868917E+001, 5.0242506E+001, 4.2400827E+001, 4.1210392E+001, 7.8947316E+001, 5.8200242E+001, 4.5005247E+001, 3.3405409E+001, 8.0619119E+001, 3.9386592E+001, 1.1228775E+002, 1.4189328E+002, 8.4115610E+001, 4.5976495E+001, 1.3774134E+002, 3.7913637E+001, 1.0113864E+002, 1.2497921E+002, 7.1849285E+001, 5.0213328E+001, 9.6927685E+001, 3.6581824E+001, 9.4491293E+001, 1.1371218E+002, 6.9981269E+001, 3.9385720E+001, 4.0000414E+001, 3.9721769E+001, 7.2559273E+001, 4.3713039E+001, 3.2387762E+001, 2.9941818E+001, 4.5064065E+001, 4.3212493E+001, 3.8055976E+001, 3.6923991E+001, 3.6784065E+001, 3.3261805E+001, 2.7150594E+001, 2.4329466E+001, 2.4154910E+001, 2.4024283E+001, 2.3881367E+001, 2.3755704E+001, 2.3748401E+001, 5.1081161E+001, 4.4466609E+001, 3.7215073E+001, 3.5740259E+001, 3.4148074E+001, 3.2620671E+001, 2.7374506E+001, 2.3902571E+001, 2.3804001E+001, 2.3704338E+001, 2.3580101E+001, 2.3528682E+001, 2.3508644E+001, 3.8416785E+001, 3.8794715E+001, 3.9115489E+001, 3.9143538E+001, 3.8730485E+001, 3.3514833E+001, 2.7719568E+001, 2.7127342E+001, 2.5784451E+001, 2.4251922E+001, 2.3449575E+001, 5.1774071E+001, 5.1515323E+001, 5.0776293E+001, 4.4948227E+001, 3.4378472E+001, 3.2608220E+001, 3.1227748E+001, 2.4471814E+001, 2.4284770E+001, 2.4168297E+001, 2.4045137E+001, 3.8341078E+001, 4.1623997E+001, 3.6744690E+001, 3.6775459E+001, 3.9007201E+001, 4.0150525E+001, 3.7646097E+001, 3.8651647E+001, 2.3921770E+002, 2.3296590E+002, 2.2940522E+002, 2.1941225E+002, 1.9507624E+002, 2.1128322E+002, 1.3620700E+002
 5.2008658E+002, 3.6808447E+001, 3.9600867E+001, 4.4330136E+001, 4.9542085E+001, 5.2409797E+001, 3.7476401E+001, 3.6566105E+001, 3.9289339E+001, 4.7000169E+001, 5.5553545E+001, 6.5576731E+001, 4.1683560E+001, 3.6601725E+001, 4.1793618E+001, 5.3520517E+001, 6.4468469E+001, 7.2947204E+001, 6.3076014E+001, 3.7132969E+001, 4.7785606E+001, 5.5064427E+001, 5.3617800E+001, 5.6580932E+001, 4.5602339E+001, 3.7129310E+001, 4.4838007E+001, 4.5321725E+001, 4.3932959E+001, 4.6975067E+001, 3.5063794E+001, 4.3626492E+001, 4.5997468E+001, 5.3283896E+001, 5.2999298E+001, 4.0783001E+001, 3.7241909E+001, 4.8927804E+001, 6.1345341E+001, 7.5490811E+001, 6.7916185E+001, 5.0155137E+001, 3.4719205E+001, 3.9898122E+001, 6.5790267E+001, 8.4176364E+001, 7.2260173E+001, 7.6983942E+001, 3.5225717E+001, 4.8723811E+001, 6.4657219E+001, 7.8499160E+001, 7.1108850E+001, 6.8026183E+001, 3.5093262E+001, 4.4237556E+001, 5.0108657E+001, 5.6461886E+001, 5.3593677E+001, 4.0761557E+001, 9.5534302E+001, 6.8513465E+001, 4.7254373E+001, 3.3476574E+001, 7.8824119E+001, 3.8001700E+001, 8.6584773E+001, 1.1639030E+002, 7.1270899E+001, 4.0073957E+001, 1.0784348E+002, 3.8916584E+001, 1.0266534E+002, 1.1899280E+002, 6.8112651E+001, 3.8954501E+001, 1.0858994E+002, 3.8559873E+001, 1.1564762E+002, 1.2402423E+002, 8.0168428E+001, 4.7955488E+001, 5.2920545E+001, 4.0539208E+001, 8.4655218E+001, 7.3370255E+001, 4.8693692E+001, 3.4534731E+001, 4.4759591E+001, 4.2455666E+001, 3.7705335E+001, 3.7112324E+001, 3.7304506E+001, 3.4692385E+001, 2.7796713E+001, 2.4710046E+001, 2.4225857E+001, 2.4070859E+001, 2.3921452E+001, 2.3792908E+001, 2.3823019E+001, 5.0653741E+001, 4.4226612E+001, 3.7855621E+001, 3.6786436E+001, 3.4745483E+001, 3.3364466E+001, 2.8592176E+001, 2.4383588E+001, 2.3856967E+001, 2.3727196E+001, 2.3601846E+001, 2.3546212E+001, 2.3558675E+001, 3.9186026E+001, 3.9621666E+001, 3.9930057E+001, 3.9944438E+001, 3.9358858E+001, 3.7618453E+001, 2.8384181E+001, 2.7856456E+001, 2.7150770E+001, 2.5418142E+001, 2.3846017E+001, 5.3851305E+001, 5.4379459E+001, 5.4324309E+001, 4.9127140E+001, 3.5017426E+001, 3.2780631E+001, 3.0672014E+001, 2.4451941E+001, 2.4325816E+001, 2.4217169E+001, 2.4114344E+001, 3.9287180E+001, 4.2689493E+001, 3.7626367E+001, 3.7618727E+001, 3.9973768E+001, 4.1163845E+001, 3.8582381E+001, 3.9611725E+001, 2.3837085E+002, 2.3041594E+002, 2.2713447E+002, 2.2103072E+002, 1.8209284E+002, 2.8383218E+002, 1.3850136E+002
 5.4010132E+002, 3.7767941E+001, 3.9026328E+001, 4.5812747E+001, 5.0753458E+001, 5.1809217E+001, 3.7811857E+001, 3.7028645E+001, 3.9375349E+001, 5.1736558E+001, 6.0559221E+001, 6.1406114E+001, 4.3287522E+001, 3.7217229E+001, 4.0836857E+001, 4.7337741E+001, 5.6993779E+001, 6.5814538E+001, 5.4066149E+001, 3.8226602E+001, 4.5730419E+001, 5.0406191E+001, 5.6318694E+001, 6.5388897E+001, 5.6077295E+001, 3.8069899E+001, 4.4640822E+001, 4.4693789E+001, 4.9259602E+001, 5.1475205E+001, 3.4216759E+001, 4.7657689E+001, 5.0065442E+001, 5.1584405E+001, 4.9792035E+001, 4.1819123E+001, 3.6465147E+001, 5.0080958E+001, 6.9531836E+001, 7.5653946E+001, 7.0343531E+001, 4.7196555E+001, 3.5405487E+001, 3.8767024E+001, 5.7962176E+001, 7.6234403E+001, 7.3448096E+001, 7.1490497E+001, 3.5560738E+001, 5.1445364E+001, 6.5516825E+001, 7.8571647E+001, 6.2938197E+001, 6.6577771E+001, 3.6072483E+001, 4.4131499E+001, 4.3647626E+001, 4.9506291E+001, 5.0151986E+001, 4.0129406E+001, 8.0865460E+001, 5.8582376E+001, 4.3788464E+001, 3.5209270E+001, 8.4405698E+001, 3.8147719E+001, 1.0739336E+002, 1.2392904E+002, 7.9994748E+001, 4.7012439E+001, 1.2199398E+002, 3.8147958E+001, 1.0168141E+002, 1.2582515E+002, 7.5921268E+001, 4.5587662E+001, 1.0306243E+002, 3.7562287E+001, 9.5636775E+001, 1.2185146E+002, 7.0635608E+001, 4.2512465E+001, 4.5342994E+001, 4.1042972E+001, 8.0822042E+001, 5.9013314E+001, 4.0093236E+001, 3.4934827E+001, 4.4780801E+001, 4.2143613E+001, 3.8859508E+001, 3.7321584E+001, 3.7595229E+001, 3.5750754E+001, 2.7646315E+001, 2.4790437E+001, 2.4279200E+001, 2.4099673E+001, 2.3952680E+001, 2.3836339E+001, 2.3859265E+001, 5.2009716E+001, 4.4701366E+001, 3.7953565E+001, 3.7423214E+001, 3.5113612E+001, 3.3503131E+001, 2.8732387E+001, 2.5099621E+001, 2.3930737E+001, 2.3762529E+001, 2.3631832E+001, 2.3571241E+001, 2.3604108E+001, 3.9746434E+001, 4.0193570E+001, 4.0203284E+001, 3.9786516E+001, 3.9308377E+001, 3.5894319E+001, 2.7769109E+001, 2.6317388E+001, 2.5264927E+001, 2.4372479E+001, 2.3508688E+001, 5.1832038E+001, 5.1541424E+001, 5.0995536E+001, 4.7014310E+001, 3.8132315E+001, 3.2926142E+001, 2.9868776E+001, 2.4572689E+001, 2.4390112E+001, 2.4269175E+001, 2.4167858E+001, 4.0224994E+001, 4.3742776E+001, 3.8498219E+001, 3.8454928E+001, 4.0936530E+001, 4.2181059E+001, 3.9507304E+001, 4.0562324E+001, 2.2946913E+002, 2.2101958E+002, 2.1412937E+002, 2.1783101E+002, 1.9284045E+002, 2.0214397E+002, 1.4024341E+002
 5.6003336E+002, 3.9186901E+001, 4.0885420E+001, 4.7481977E+001, 5.2748181E+001, 5.9341196E+001, 3.8824709E+001, 3.8534632E+001, 4.2663825E+001, 4.8767315E+001, 6.0398765E+001, 6.8773288E+001, 4.7995770E+001, 3.8822709E+001, 4.5637010E+001, 5.4653589E+001, 6.3755437E+001, 7.0811928E+001, 5.4990176E+001, 3.8758934E+001, 4.7688260E+001, 5.0706810E+001, 5.1032217E+001, 5.6340662E+001, 4.9192508E+001, 3.9073481E+001, 4.3321399E+001, 4.4625703E+001, 4.4523979E+001, 4.9674257E+001, 3.6022777E+001, 4.9361767E+001, 5.6979740E+001, 5.7186365E+001, 5.7682182E+001, 3.9633153E+001, 3.5345804E+001, 4.2670696E+001, 6.0264765E+001, 7.5061588E+001, 7.7601243E+001, 4.7199007E+001, 3.5810671E+001, 4.7662846E+001, 6.1204728E+001, 8.3489869E+001, 8.8748785E+001, 7.5495077E+001, 3.8032115E+001, 6.0097126E+001, 6.5072470E+001, 7.2774233E+001, 6.5382954E+001, 5.4002148E+001, 3.6665728E+001, 4.1967497E+001, 4.6525401E+001, 4.5754124E+001, 4.2988252E+001, 4.1195892E+001, 8.5060904E+001, 6.4899251E+001, 4.7357348E+001, 3.7080847E+001, 8.9733189E+001, 4.0026475E+001, 1.0448722E+002, 1.3558367E+002, 8.1865723E+001, 4.2843733E+001, 1.0777460E+002, 3.8039184E+001, 9.2904357E+001, 1.2005117E+002, 8.3101950E+001, 4.4196470E+001, 1.3624860E+002, 3.9544197E+001, 1.2634063E+002, 1.3597235E+002, 7.1239762E+001, 4.3503815E+001, 3.9859992E+001, 4.2699580E+001, 6.3852994E+001, 4.8659037E+001, 3.6774988E+001, 3.2817684E+001, 4.5263268E+001, 4.2232864E+001, 3.8277179E+001, 3.8066667E+001, 3.7564353E+001, 3.6923670E+001, 2.8401015E+001, 2.4932877E+001, 2.4325710E+001, 2.4161979E+001, 2.4000236E+001, 2.3904997E+001, 2.3926119E+001, 5.1725678E+001, 4.5100828E+001, 3.8591955E+001, 3.7823272E+001, 3.5163043E+001, 3.4018316E+001, 2.8848310E+001, 2.5635546E+001, 2.3984577E+001, 2.3816276E+001, 2.3669387E+001, 2.3615674E+001, 2.3560777E+001, 4.0161909E+001, 4.0487492E+001, 4.0357609E+001, 4.0262884E+001, 3.9268376E+001, 3.3756628E+001, 2.7974884E+001, 2.4513831E+001, 2.4331495E+001, 2.3660551E+001, 2.3453811E+001, 5.4340671E+001, 5.4061990E+001, 5.2010667E+001, 5.0123314E+001, 4.1967803E+001, 3.4584586E+001, 3.1809320E+001, 2.4750522E+001, 2.4499629E+001, 2.4332279E+001, 2.4192563E+001, 4.1146524E+001, 4.4775381E+001, 3.9357032E+001, 3.9278880E+001, 4.1893544E+001, 4.3195106E+001, 4.0428051E+001, 4.1505114E+001, 2.4271993E+002, 2.3685096E+002, 2.3048814E+002, 2.2365905E+002, 2.1136767E+002, 1.9770161E+002, 1.4259168E+002
 5.8004034E+002, 4.1070360E+001, 4.3796669E+001, 4.9846133E+001, 5.4021200E+001, 5.9470031E+001, 4.1134552E+001, 4.0107626E+001, 4.4509610E+001, 5.2235486E+001, 6.2428483E+001, 6.6873212E+001, 4.7747282E+001, 4.0525865E+001, 4.3580732E+001, 5.1519176E+001, 6.5065617E+001, 6.8681406E+001, 5.8234463E+001, 4.0748366E+001, 4.2457406E+001, 4.9390453E+001, 5.6157369E+001, 5.8144562E+001, 5.0990854E+001, 3.9563206E+001, 3.9668065E+001, 4.2328646E+001, 4.7957020E+001, 5.3933444E+001, 3.5929926E+001, 4.7254918E+001, 5.4668129E+001, 5.6118850E+001, 5.3332435E+001, 3.9996066E+001, 3.6589523E+001, 4.5688981E+001, 5.8152091E+001, 7.3484153E+001, 7.7866939E+001, 5.6272230E+001, 4.1095885E+001, 5.4927681E+001, 7.0217408E+001, 8.4397561E+001, 7.9987024E+001, 7.6545768E+001, 4.0852896E+001, 5.1957272E+001, 6.3765949E+001, 7.2633475E+001, 6.9574390E+001, 5.7521839E+001, 3.7796566E+001, 3.9434068E+001, 4.2307824E+001, 4.8486280E+001, 4.8451049E+001, 4.1309505E+001, 8.4033569E+001, 6.4875482E+001, 4.4688429E+001, 3.5182229E+001, 7.5592445E+001, 3.9678104E+001, 1.0323844E+002, 1.3145574E+002, 8.0435458E+001, 4.2446791E+001, 1.2204451E+002, 3.9562459E+001, 8.9694776E+001, 1.2044432E+002, 8.4731967E+001, 5.1496017E+001, 1.1097937E+002, 3.9694538E+001, 1.1457145E+002, 1.3651448E+002, 7.7576709E+001, 4.4918053E+001, 4.9749980E+001, 4.1531760E+001, 6.6990080E+001, 5.0862327E+001, 3.8886280E+001, 3.2725555E+001, 4.5276373E+001, 4.1844083E+001, 3.9226572E+001, 3.9034908E+001, 3.8435516E+001, 3.7266860E+001, 2.8707647E+001, 2.4967180E+001, 2.4403869E+001, 2.4231156E+001, 2.4057232E+001, 2.3991601E+001, 2.3902059E+001, 5.2059919E+001, 4.2497798E+001, 3.8569769E+001, 3.7522638E+001, 3.4863306E+001, 3.3943796E+001, 2.9695802E+001, 2.6420094E+001, 2.4054245E+001, 2.3876298E+001, 2.3714013E+001, 2.3641777E+001, 2.3549009E+001, 4.1175789E+001, 4.1601612E+001, 4.1515092E+001, 4.1146469E+001, 4.0312424E+001, 3.7101345E+001, 2.9830605E+001, 2.4298355E+001, 2.4101253E+001, 2.3623172E+001, 2.3495071E+001, 5.3181620E+001, 5.2876894E+001, 5.2134449E+001, 4.8074538E+001, 3.9745521E+001, 3.4517591E+001, 3.1265892E+001, 2.4766400E+001, 2.4599946E+001, 2.4354545E+001, 2.4188132E+001, 4.2059803E+001, 4.5793285E+001, 4.0215946E+001, 4.0091534E+001, 4.2840486E+001, 4.4188456E+001, 4.1355325E+001, 4.2443341E+001, 2.3184155E+002, 2.2582912E+002, 2.2586336E+002, 2.2971871E+002, 2.1932158E+002, 2.2335750E+002, 1.4388595E+002
 6.0008787E+002, 4.2496636E+001, 4.6846672E+001, 5.2272288E+001, 5.5978183E+001, 5.7367093E+001, 4.4646772E+001, 4.1329446E+001, 4.9250269E+001, 5.5897069E+001, 6.4248823E+001, 6.9741422E+001, 5.3885589E+001, 4.0165372E+001, 4.5106397E+001, 5.6695401E+001, 6.5771501E+001, 6.7923941E+001, 5.9580589E+001, 3.9586928E+001, 4.3759254E+001, 5.0305464E+001, 5.8198769E+001, 5.8041903E+001, 5.1585732E+001, 3.8960676E+001, 3.9838655E+001, 4.3320827E+001, 4.3457949E+001, 4.6036491E+001, 3.5852667E+001, 4.0309796E+001, 5.3379641E+001, 5.8070443E+001, 5.4447853E+001, 3.7434563E+001, 3.6325180E+001, 4.2245423E+001, 5.8202580E+001, 7.9312478E+001, 7.4631596E+001, 5.6629502E+001, 4.0402371E+001, 5.3953242E+001, 6.6441410E+001, 8.3796559E+001, 8.2018188E+001, 7.9069246E+001, 4.1524364E+001, 5.5495965E+001, 6.7909701E+001, 7.6904137E+001, 6.7499239E+001, 5.7971644E+001, 3.7957865E+001, 3.9613587E+001, 4.1538135E+001, 4.4326239E+001, 4.7797023E+001, 4.2706450E+001, 9.2746610E+001, 7.2975578E+001, 4.7376767E+001, 3.5194121E+001, 7.8453590E+001, 4.2758919E+001, 1.1315788E+002, 1.3199230E+002, 7.9521873E+001, 4.2607382E+001, 1.1874770E+002, 4.0106727E+001, 9.6263729E+001, 1.1923148E+002, 7.4427834E+001, 4.8487851E+001, 1.1983023E+002, 3.8945447E+001, 1.1812219E+002, 1.4322475E+002, 8.5621531E+001, 4.5341385E+001, 4.8347456E+001, 4.1850010E+001, 6.9485767E+001, 5.0021173E+001, 4.1818419E+001, 3.5685939E+001, 4.8452307E+001, 4.2587758E+001, 4.0114023E+001, 3.8991297E+001, 3.8142026E+001, 3.6925521E+001, 2.8481830E+001, 2.4939642E+001, 2.4485638E+001, 2.4284954E+001, 2.4113990E+001, 2.4006265E+001, 2.3884030E+001, 5.1022403E+001, 4.3180821E+001, 3.9983092E+001, 3.9037125E+001, 3.5794933E+001, 3.4743206E+001, 3.0972783E+001, 2.7347653E+001, 2.4250338E+001, 2.3953203E+001, 2.3764285E+001, 2.3675618E+001, 2.3555044E+001, 4.1127550E+001, 4.1027035E+001, 4.0952469E+001, 4.0821602E+001, 4.0346771E+001, 3.8640396E+001, 3.1008319E+001, 2.5861515E+001, 2.4062869E+001, 2.3754012E+001, 2.3542928E+001, 5.3091053E+001, 5.2920272E+001, 5.2424903E+001, 5.1092757E+001, 4.1831441E+001, 3.5084789E+001, 3.3080445E+001, 2.4911551E+001, 2.4692201E+001, 2.4422544E+001, 2.4263657E+001, 4.2966599E+001, 4.6802289E+001, 4.1062147E+001, 4.0891126E+001, 4.3783579E+001, 4.5171687E+001, 4.2277520E+001, 4.3373895E+001, 2.4380977E+002, 2.3777535E+002, 2.3449260E+002, 2.3609311E+002, 2.1280816E+002, 1.9262687E+002, 1.4581070E+002
 6.2004988E+002, 4.2241823E+001, 4.6010905E+001, 4.7403316E+001, 5.3100155E+001, 5.2340230E+001, 4.4606383E+001, 4.1337634E+001, 4.6643897E+001, 5.0998318E+001, 6.2834821E+001, 6.6532520E+001, 4.7677876E+001, 4.0482355E+001, 4.5117829E+001, 5.3377277E+001, 6.6519208E+001, 7.6023378E+001, 5.3477628E+001, 3.9561691E+001, 4.3905726E+001, 4.7077033E+001, 5.6121070E+001, 6.1092951E+001, 5.3645486E+001, 3.9479764E+001, 4.1776238E+001, 4.2019993E+001, 4.6002308E+001, 5.1395195E+001, 3.6798219E+001, 4.8063334E+001, 5.2195208E+001, 5.3026890E+001, 4.9414650E+001, 4.1241619E+001, 3.7501461E+001, 4.5933223E+001, 6.2001679E+001, 7.5232672E+001, 6.6695457E+001, 5.4880345E+001, 4.0676860E+001, 5.5197196E+001, 6.4873113E+001, 8.6235024E+001, 8.4929897E+001, 7.8641353E+001, 4.2773381E+001, 5.5377607E+001, 6.5337953E+001, 8.1853971E+001, 7.7989698E+001, 6.5686783E+001, 3.8561375E+001, 4.3027920E+001, 4.5750774E+001, 5.3146198E+001, 5.3032993E+001, 4.2481413E+001, 7.5543687E+001, 5.3885801E+001, 4.1738661E+001, 3.4583178E+001, 8.3105637E+001, 4.1245134E+001, 1.0104178E+002, 1.4204576E+002, 8.5526881E+001, 4.2845963E+001, 1.1387515E+002, 4.0408899E+001, 8.7203575E+001, 1.1709104E+002, 7.2879603E+001, 4.8061049E+001, 1.1016327E+002, 4.0552179E+001, 1.1322044E+002, 1.4625187E+002, 9.7604890E+001, 5.6191882E+001, 5.4326807E+001, 4.3520973E+001, 7.4389821E+001, 6.5202735E+001, 4.9106617E+001, 3.6260014E+001, 4.9143986E+001, 4.5153419E+001, 4.0599438E+001, 3.9553001E+001, 3.8394609E+001, 3.7372556E+001, 2.9342770E+001, 2.5131063E+001, 2.4507431E+001, 2.4332514E+001, 2.4169271E+001, 2.4021429E+001, 2.3892709E+001, 5.2912158E+001, 4.3764097E+001, 4.0527284E+001, 4.0220859E+001, 3.8126021E+001, 3.5310172E+001, 3.1468378E+001, 2.7225259E+001, 2.4344406E+001, 2.4007613E+001, 2.3809686E+001, 2.3711895E+001, 2.3621156E+001, 4.1517476E+001, 4.1996270E+001, 4.2185047E+001, 4.1955472E+001, 4.1358836E+001, 3.9851349E+001, 3.2193800E+001, 2.8383911E+001, 2.4118852E+001, 2.3914681E+001, 2.3601330E+001, 5.1607242E+001, 5.1721312E+001, 5.2162483E+001, 4.5274567E+001, 3.8996192E+001, 3.5285740E+001, 3.4504586E+001, 2.5131338E+001, 2.4723178E+001, 2.4468288E+001, 2.4332952E+001, 4.3872983E+001, 4.7804941E+001, 4.1903785E+001, 4.1691134E+001, 4.4700441E+001, 4.6125944E+001, 4.3182707E+001, 4.4282509E+001, 2.4231533E+002, 2.3348205E+002, 2.2757715E+002, 2.2689600E+002, 2.1262409E+002, 2.8963838E+002, 1.4761980E+002
 6.4006400E+002, 4.1591187E+001, 4.3707905E+001, 5.2330034E+001, 5.3963686E+001, 5.7858107E+001, 4.2673333E+001, 4.1856379E+001, 4.6772997E+001, 5.2939444E+001, 6.0399513E+001, 6.8686100E+001, 5.3055794E+001, 4.2733457E+001, 4.9876319E+001, 5.4155699E+001, 6.3418059E+001, 6.9137210E+001, 5.7447360E+001, 4.3229753E+001, 4.6359697E+001, 5.1200711E+001, 5.8311411E+001, 6.4643314E+001, 5.7307503E+001, 4.0454851E+001, 4.1360716E+001, 4.3920342E+001, 5.0644176E+001, 5.2443938E+001, 3.7066948E+001, 4.7654513E+001, 5.5087045E+001, 5.8255520E+001, 6.1316123E+001, 4.0020534E+001, 3.6650776E+001, 4.2526480E+001, 5.7858027E+001, 7.8161170E+001, 8.6460656E+001, 4.7275430E+001, 3.7590724E+001, 4.7337706E+001, 6.4929238E+001, 7.9610037E+001, 7.7416366E+001, 7.7269215E+001, 3.9333074E+001, 5.7937371E+001, 6.8386967E+001, 7.4550951E+001, 7.3583874E+001, 6.5186117E+001, 3.7911678E+001, 4.4497869E+001, 4.6686866E+001, 5.1765440E+001, 4.7365001E+001, 4.1304122E+001, 8.9348505E+001, 6.6107441E+001, 4.8053430E+001, 3.9611943E+001, 8.4615635E+001, 4.0349349E+001, 9.8295175E+001, 1.4289895E+002, 9.5049506E+001, 4.7376355E+001, 1.2340878E+002, 3.9614717E+001, 9.9998264E+001, 1.2197163E+002, 7.4274745E+001, 4.9265240E+001, 1.1149063E+002, 3.9650379E+001, 1.0016319E+002, 1.2390425E+002, 7.7873044E+001, 4.6812028E+001, 5.7425773E+001, 4.3565263E+001, 8.9031212E+001, 6.6404680E+001, 5.0187611E+001, 3.7129252E+001, 4.9843532E+001, 4.4882690E+001, 4.0792421E+001, 4.0047641E+001, 3.8846085E+001, 3.7286225E+001, 3.0417681E+001, 2.6003458E+001, 2.4600359E+001, 2.4383190E+001, 2.4226079E+001, 2.4061256E+001, 2.3919622E+001, 5.3889474E+001, 4.5080201E+001, 4.0533893E+001, 4.0930628E+001, 3.8735351E+001, 3.5061098E+001, 3.0844176E+001, 2.6320395E+001, 2.4365107E+001, 2.4054352E+001, 2.3848065E+001, 2.3743831E+001, 2.3631948E+001, 4.0949564E+001, 4.2333097E+001, 4.2326156E+001, 4.1839455E+001, 4.1125073E+001, 3.8963622E+001, 3.0862388E+001, 2.5255802E+001, 2.4114684E+001, 2.3965682E+001, 2.3705588E+001, 5.2290556E+001, 5.2331354E+001, 5.2048465E+001, 4.9404432E+001, 3.9999034E+001, 3.5793226E+001, 3.4416422E+001, 2.5096011E+001, 2.4694994E+001, 2.4520069E+001, 2.4372709E+001, 4.4766047E+001, 4.8788123E+001, 4.2735459E+001, 4.2477448E+001, 4.5604472E+001, 4.7067771E+001, 4.4072210E+001, 4.5170825E+001, 2.3458456E+002, 2.2646462E+002, 2.1966772E+002, 2.2262426E+002, 1.9144126E+002, 1.9325044E+002, 1.4867390E+002
 6.6005572E+002, 4.2597021E+001, 4.4163521E+001, 5.0929019E+001, 5.9756627E+001, 6.1872084E+001, 4.1242097E+001, 4.0279861E+001, 4.3569946E+001, 5.0169228E+001, 6.2006821E+001, 6.9981116E+001, 4.9273647E+001, 4.1465407E+001, 4.5891291E+001, 5.4434786E+001, 6.3824438E+001, 6.9398600E+001, 5.7444951E+001, 4.3756980E+001, 4.5984892E+001, 4.9558413E+001, 5.2756638E+001, 5.9624452E+001, 5.2622159E+001, 4.1314547E+001, 4.4775403E+001, 4.5659388E+001, 4.5779674E+001, 5.0406165E+001, 3.7552863E+001, 4.7230594E+001, 6.2347376E+001, 7.3275997E+001, 7.2801010E+001, 3.9251071E+001, 3.7801001E+001, 4.0090290E+001, 5.3077595E+001, 7.7670728E+001, 8.5161293E+001, 4.6158595E+001, 3.8233756E+001, 4.8653330E+001, 5.9812709E+001, 7.6483574E+001, 7.1539961E+001, 7.4770290E+001, 3.8523083E+001, 5.9356451E+001, 6.3047580E+001, 7.2522079E+001, 6.7124102E+001, 5.6769903E+001, 3.8766915E+001, 4.5572710E+001, 4.3589845E+001, 4.8609552E+001, 4.4977357E+001, 4.3467578E+001, 1.0466026E+002, 9.3240374E+001, 5.8303295E+001, 3.7459117E+001, 8.2920091E+001, 4.2082363E+001, 1.0569836E+002, 1.3325731E+002, 8.8324608E+001, 5.0164917E+001, 1.1367432E+002, 4.1713313E+001, 9.7159919E+001, 1.1632993E+002, 7.7831189E+001, 4.6223058E+001, 1.0630246E+002, 4.1050565E+001, 1.0230558E+002, 1.2928736E+002, 7.6093748E+001, 4.3776732E+001, 4.4236933E+001, 4.5378203E+001, 7.2814377E+001, 4.8864759E+001, 4.1298640E+001, 3.6908615E+001, 5.0191305E+001, 4.4729139E+001, 4.1010644E+001, 4.0439456E+001, 3.9549285E+001, 3.7736996E+001, 3.2230229E+001, 2.6991587E+001, 2.4730608E+001, 2.4463193E+001, 2.4289960E+001, 2.4111962E+001, 2.3973614E+001, 5.4132227E+001, 4.7770982E+001, 4.1394617E+001, 4.0837130E+001, 3.8963986E+001, 3.5529548E+001, 3.0723979E+001, 2.6645518E+001, 2.4582909E+001, 2.4123928E+001, 2.3893474E+001, 2.3777264E+001, 2.3585937E+001, 4.1199137E+001, 4.2452369E+001, 4.3126580E+001, 4.2738520E+001, 4.1887868E+001, 4.0275539E+001, 3.1736970E+001, 2.5907838E+001, 2.4142474E+001, 2.4031850E+001, 2.3864272E+001, 5.5206829E+001, 5.5148472E+001, 5.5253548E+001, 5.3742394E+001, 4.7131657E+001, 3.7049010E+001, 3.4256505E+001, 2.4977548E+001, 2.4671785E+001, 2.4565538E+001, 2.4422853E+001, 4.5641949E+001, 4.9742012E+001, 4.3554150E+001, 4.3249429E+001, 4.6489368E+001, 4.7991979E+001, 4.4951437E+001, 4.6044689E+001, 2.3887538E+002, 2.2833370E+002, 2.2823038E+002, 2.3119488E+002, 2.1479520E+002, 1.4432789E+002, 1.5037285E+002
 6.8009205E+002, 4.2279787E+001, 4.5200799E+001, 4.8285069E+001, 5.9834551E+001, 6.7336677E+001, 4.1957448E+001, 4.1509235E+001, 4.8905840E+001, 5.5982831E+001, 6.2942549E+001, 7.0884755E+001, 5.7795947E+001, 4.4237815E+001, 5.4087928E+001, 6.3497220E+001, 6.4477716E+001, 6.6834575E+001, 5.5457442E+001, 4.3365987E+001, 4.8463566E+001, 4.8675117E+001, 4.9554051E+001, 5.1719036E+001, 4.7131866E+001, 4.1270541E+001, 4.4085159E+001, 4.4414451E+001, 4.3626644E+001, 4.4869302E+001, 3.9319843E+001, 4.7925867E+001, 5.8765483E+001, 6.7833960E+001, 6.7383874E+001, 4.2028300E+001, 3.8768438E+001, 4.4652293E+001, 5.8838499E+001, 8.3287213E+001, 8.3122879E+001, 5.7133967E+001, 3.9240299E+001, 5.8734226E+001, 7.3060194E+001, 8.3659888E+001, 8.0609050E+001, 7.3374092E+001, 4.0164150E+001, 5.9761675E+001, 5.9676342E+001, 6.3107959E+001, 5.8333105E+001, 5.2137642E+001, 3.8261879E+001, 4.5034998E+001, 4.6251048E+001, 4.7929706E+001, 4.4109035E+001, 4.5149461E+001, 8.6796282E+001, 6.8968659E+001, 5.0310900E+001, 4.0242927E+001, 8.7556825E+001, 4.5145472E+001, 1.1422881E+002, 1.5084384E+002, 8.8172875E+001, 5.0842200E+001, 1.4238343E+002, 4.0522057E+001, 1.0012022E+002, 1.4141096E+002, 8.3305239E+001, 4.7849108E+001, 1.0775102E+002, 4.0922838E+001, 1.1397739E+002, 1.0040703E+002, 6.4810926E+001, 4.3244178E+001, 4.7655885E+001, 4.6053035E+001, 8.8019008E+001, 6.2429055E+001, 4.3313135E+001, 3.6060705E+001, 4.8326904E+001, 4.4294523E+001, 4.1178336E+001, 4.0584593E+001, 3.9939406E+001, 3.7896910E+001, 3.2230702E+001, 2.7574651E+001, 2.4765757E+001, 2.4549716E+001, 2.4370578E+001, 2.4172548E+001, 2.4052563E+001, 5.2609346E+001, 4.9393648E+001, 4.2252771E+001, 4.1189380E+001, 4.0062956E+001, 3.6933617E+001, 3.1873136E+001, 2.7675452E+001, 2.4885991E+001, 2.4207323E+001, 2.3955192E+001, 2.3800178E+001, 2.3553263E+001, 4.0761174E+001, 4.1732853E+001, 4.2229015E+001, 4.2160033E+001, 4.1543871E+001, 4.0663303E+001, 3.4963891E+001, 2.6470941E+001, 2.4215567E+001, 2.4098148E+001, 2.4021625E+001, 5.6059175E+001, 5.5968896E+001, 5.5011142E+001, 5.3353305E+001, 4.3608510E+001, 3.7885231E+001, 3.2731868E+001, 2.4955148E+001, 2.4794063E+001, 2.4616743E+001, 2.4445205E+001, 4.6504237E+001, 5.0658073E+001, 4.4365614E+001, 4.4006454E+001, 4.7368610E+001, 4.8899901E+001, 4.5823692E+001, 4.6907225E+001, 2.3849010E+002, 2.3151434E+002, 2.3138654E+002, 2.2863655E+002, 2.1000783E+002, 2.1020832E+002, 1.5167244E+002
 7.0007750E+002, 4.2520888E+001, 4.5353192E+001, 5.0904564E+001, 5.7282393E+001, 6.0298812E+001, 4.3698478E+001, 4.2464858E+001, 4.9727925E+001, 5.2584622E+001, 6.2748444E+001, 6.7989536E+001, 5.1980349E+001, 4.2975549E+001, 5.1776577E+001, 5.4782143E+001, 6.1651311E+001, 6.8931105E+001, 5.5707463E+001, 4.1598119E+001, 4.5362329E+001, 5.3613185E+001, 5.9197377E+001, 6.2318375E+001, 5.1149217E+001, 4.1589554E+001, 4.6090173E+001, 4.7958321E+001, 4.6450560E+001, 4.9665597E+001, 3.8482727E+001, 4.8631381E+001, 6.3767566E+001, 6.5293802E+001, 5.9152570E+001, 3.9342657E+001, 3.8514219E+001, 4.4658095E+001, 5.8233741E+001, 7.8410559E+001, 8.1284450E+001, 5.7414637E+001, 4.0479142E+001, 6.1784207E+001, 6.9888816E+001, 8.9323040E+001, 7.7622520E+001, 8.2012652E+001, 4.0087865E+001, 5.8574613E+001, 6.3382717E+001, 6.7080974E+001, 7.0186884E+001, 5.5512956E+001, 3.8291906E+001, 4.1413042E+001, 4.2977747E+001, 4.4651005E+001, 4.4410990E+001, 4.3301040E+001, 1.0672159E+002, 8.6009761E+001, 5.3085701E+001, 4.1206206E+001, 7.4556575E+001, 4.1984110E+001, 8.8348066E+001, 1.1809210E+002, 7.6874115E+001, 4.8064019E+001, 1.2227194E+002, 4.1707601E+001, 1.0441133E+002, 1.3591648E+002, 8.5273524E+001, 4.9902908E+001, 1.1181484E+002, 4.0680752E+001, 1.1022406E+002, 1.3246979E+002, 8.5122042E+001, 4.7570841E+001, 4.8250432E+001, 4.5882395E+001, 7.3035761E+001, 5.4332962E+001, 4.0043039E+001, 3.5828144E+001, 4.7321846E+001, 4.4014485E+001, 4.1174098E+001, 4.0928895E+001, 4.0965908E+001, 3.8879087E+001, 3.3343411E+001, 2.7214393E+001, 2.4791695E+001, 2.4595585E+001, 2.4436905E+001, 2.4237521E+001, 2.4098075E+001, 5.6471112E+001, 4.6955976E+001, 4.1958581E+001, 4.1297738E+001, 3.9573940E+001, 3.7276024E+001, 3.1953631E+001, 2.7668480E+001, 2.5191217E+001, 2.4285328E+001, 2.4021196E+001, 2.3739642E+001, 2.3535080E+001, 4.1674254E+001, 4.2507565E+001, 4.2920130E+001, 4.2613009E+001, 4.2030235E+001, 4.1535128E+001, 3.9233534E+001, 2.6015216E+001, 2.4318609E+001, 2.4170248E+001, 2.4128168E+001, 5.7507986E+001, 5.7440114E+001, 5.5646246E+001, 4.9886880E+001, 4.2054892E+001, 3.8487233E+001, 3.4280501E+001, 2.5244220E+001, 2.5006008E+001, 2.4673766E+001, 2.4492791E+001, 4.7342193E+001, 5.1532269E+001, 4.5162055E+001, 4.4742930E+001, 4.8240334E+001, 4.9798771E+001, 4.6682757E+001, 4.7751806E+001, 2.3348770E+002, 2.2501786E+002, 2.2610340E+002, 2.2647914E+002, 1.9073963E+002, 1.7359554E+002, 1.5277427E+002
 7.2006010E+002, 4.2502618E+001, 4.5134313E+001, 5.1447022E+001, 5.6624939E+001, 6.3196232E+001, 4.4850853E+001, 4.3567943E+001, 4.6364785E+001, 5.3724046E+001, 6.1036671E+001, 6.4927108E+001, 5.3654769E+001, 4.3581748E+001, 4.8808180E+001, 5.4692673E+001, 6.4942674E+001, 6.4542141E+001, 5.8394847E+001, 4.2134140E+001, 4.4880868E+001, 5.2258706E+001, 5.6822512E+001, 5.8921640E+001, 5.4441778E+001, 4.1330776E+001, 4.2552850E+001, 4.3856206E+001, 4.8137288E+001, 5.2802986E+001, 3.8590614E+001, 4.6721011E+001, 5.9523482E+001, 6.2484010E+001, 6.0471934E+001, 3.9324039E+001, 3.8567270E+001, 4.2005411E+001, 5.2028194E+001, 7.2183128E+001, 8.4414732E+001, 4.9686859E+001, 3.9550575E+001, 5.3338969E+001, 6.8563462E+001, 8.2386016E+001, 8.4077016E+001, 8.0108586E+001, 4.0172495E+001, 5.9359281E+001, 6.9575422E+001, 7.2900886E+001, 6.6333236E+001, 6.1311518E+001, 3.8946524E+001, 4.4126512E+001, 4.9433903E+001, 5.7059256E+001, 5.5350657E+001, 4.4749757E+001, 1.0096154E+002, 7.8101867E+001, 5.1438651E+001, 4.0136217E+001, 7.8603238E+001, 4.1735434E+001, 9.1976985E+001, 1.3656011E+002, 8.9297557E+001, 4.6818141E+001, 1.2359459E+002, 4.1704762E+001, 9.3485359E+001, 1.2192577E+002, 9.0946858E+001, 5.7776948E+001, 1.0641374E+002, 4.1956898E+001, 1.0770381E+002, 1.2957481E+002, 7.6670945E+001, 4.9886217E+001, 5.0533515E+001, 4.5295579E+001, 8.3887229E+001, 6.2556043E+001, 4.6145418E+001, 3.7169104E+001, 4.8952871E+001, 4.5362945E+001, 4.2457387E+001, 4.1522466E+001, 4.1018980E+001, 3.9527810E+001, 3.3159066E+001, 2.6667435E+001, 2.4868243E+001, 2.4638773E+001, 2.4463865E+001, 2.4293680E+001, 2.4115570E+001, 5.5216690E+001, 5.0362575E+001, 4.2575720E+001, 4.1044506E+001, 3.8769963E+001, 3.7175568E+001, 3.2155203E+001, 2.8231148E+001, 2.5795805E+001, 2.4410782E+001, 2.4098425E+001, 2.3818643E+001, 2.3633460E+001, 4.2911317E+001, 4.5067625E+001, 4.4771781E+001, 4.4236554E+001, 4.3563802E+001, 4.1888869E+001, 3.5703923E+001, 2.6552977E+001, 2.4357219E+001, 2.4239504E+001, 2.4199817E+001, 5.7918676E+001, 5.7793410E+001, 5.5993145E+001, 5.4489104E+001, 4.2501080E+001, 3.8401324E+001, 3.5049635E+001, 2.7039391E+001, 2.5213027E+001, 2.4645398E+001, 2.4457416E+001, 4.8155144E+001, 5.2380306E+001, 4.5939046E+001, 4.5463688E+001, 4.9091317E+001, 5.0675547E+001, 4.7522128E+001, 4.8576868E+001, 2.3470112E+002, 2.2564850E+002, 2.2686785E+002, 2.3150986E+002, 2.0730557E+002, 2.2612146E+002, 1.5393825E+002
 7.4000305E+002, 4.4302060E+001, 4.5253283E+001, 5.1773787E+001, 5.5176609E+001, 5.4012593E+001, 4.4682651E+001, 4.4659695E+001, 4.5224447E+001, 5.0991453E+001, 5.9997292E+001, 6.9103357E+001, 4.7395080E+001, 4.3209642E+001, 4.5447432E+001, 5.0852257E+001, 6.3690942E+001, 7.3180194E+001, 5.6004079E+001, 4.1356722E+001, 4.5942511E+001, 5.3154490E+001, 6.3559990E+001, 6.4791603E+001, 5.3892253E+001, 4.1490752E+001, 4.4688515E+001, 4.7048280E+001, 4.8495896E+001, 5.1258977E+001, 3.9294265E+001, 4.9982336E+001, 6.0645007E+001, 5.5263062E+001, 5.7670839E+001, 4.2568193E+001, 3.9468983E+001, 4.3666386E+001, 6.3106368E+001, 7.4921137E+001, 8.1033344E+001, 4.7767644E+001, 3.9715743E+001, 4.3831726E+001, 5.7759265E+001, 8.3658367E+001, 8.7206036E+001, 7.5247400E+001, 3.9748273E+001, 5.1387108E+001, 7.1367383E+001, 8.2016710E+001, 7.3025417E+001, 6.3834900E+001, 4.0174470E+001, 4.8659720E+001, 4.7569711E+001, 5.3023527E+001, 5.5176781E+001, 4.4529406E+001, 9.6195706E+001, 7.1643207E+001, 5.2592835E+001, 4.0645858E+001, 7.7108313E+001, 4.3524270E+001, 9.3594341E+001, 1.2123447E+002, 7.3599521E+001, 5.0782480E+001, 1.4020646E+002, 4.3116985E+001, 1.1445874E+002, 1.4394331E+002, 1.0348858E+002, 5.7593480E+001, 1.1142087E+002, 4.1731792E+001, 1.0183161E+002, 1.2687444E+002, 7.5695504E+001, 5.0605938E+001, 5.3980781E+001, 4.4606845E+001, 8.2683204E+001, 6.4750998E+001, 4.8101692E+001, 4.0166203E+001, 5.0634493E+001, 4.6757044E+001, 4.2778761E+001, 4.2254537E+001, 4.1374054E+001, 4.0058580E+001, 3.3480961E+001, 2.7708276E+001, 2.4985301E+001, 2.4717377E+001, 2.4497910E+001, 2.4344089E+001, 2.4178734E+001, 5.4557233E+001, 4.8379295E+001, 4.2506258E+001, 4.1747231E+001, 3.8834082E+001, 3.7290939E+001, 3.3533210E+001, 2.8830704E+001, 2.6122306E+001, 2.4612089E+001, 2.4181888E+001, 2.3972209E+001, 2.3815337E+001, 4.3479372E+001, 4.4584676E+001, 4.4977381E+001, 4.3900684E+001, 4.2986427E+001, 4.1645601E+001, 3.6146930E+001, 2.7431140E+001, 2.4399632E+001, 2.4303130E+001, 2.4256770E+001, 5.6536373E+001, 5.6539253E+001, 5.5583333E+001, 5.2057719E+001, 4.1980192E+001, 3.8710836E+001, 3.5659011E+001, 2.7526595E+001, 2.5077914E+001, 2.4553693E+001, 2.4410817E+001, 4.8950997E+001, 5.3208806E+001, 4.6694311E+001, 4.6166464E+001, 4.9932348E+001, 5.1536547E+001, 4.8336261E+001, 4.9376793E+001, 2.3361835E+002, 2.2882698E+002, 2.3083345E+002, 2.3521905E+002, 2.2738449E+002, 2.2027850E+002, 1.5438875E+002
 7.6007701E+002, 4.5915724E+001, 4.8773165E+001, 5.4678821E+001, 5.1423560E+001, 5.4453849E+001, 4.6248811E+001, 4.5295970E+001, 4.9757537E+001, 5.3653542E+001, 5.6126506E+001, 6.1731792E+001, 5.1691264E+001, 4.4626493E+001, 4.7760962E+001, 6.0751540E+001, 7.0461682E+001, 7.3357030E+001, 6.4989486E+001, 4.1926097E+001, 4.9317072E+001, 6.0723583E+001, 6.3457015E+001, 6.9388383E+001, 6.1087723E+001, 4.1274856E+001, 4.8827897E+001, 5.0968020E+001, 5.1586515E+001, 5.4639779E+001, 3.9450392E+001, 4.9844065E+001, 6.0097767E+001, 5.7618167E+001, 5.6242503E+001, 4.0904403E+001, 4.0116776E+001, 4.4266704E+001, 5.8307321E+001, 6.9639254E+001, 7.0642692E+001, 5.3913306E+001, 4.0687994E+001, 4.3565148E+001, 6.6842931E+001, 8.3127001E+001, 8.6513798E+001, 7.8930668E+001, 4.0503880E+001, 5.8570435E+001, 7.3553417E+001, 8.1974082E+001, 7.8835034E+001, 7.1015600E+001, 4.0705578E+001, 5.4566855E+001, 5.9599122E+001, 5.4649425E+001, 5.5103906E+001, 4.4799901E+001, 9.5798701E+001, 8.0651006E+001, 5.6313323E+001, 4.1139232E+001, 7.8795159E+001, 4.3538679E+001, 8.5190458E+001, 1.0935487E+002, 6.1814620E+001, 4.4622620E+001, 1.2623444E+002, 4.4193334E+001, 1.1479301E+002, 1.4500572E+002, 9.7629732E+001, 5.6847442E+001, 1.4341019E+002, 4.3764905E+001, 1.2135993E+002, 1.5083187E+002, 8.2663196E+001, 5.0451711E+001, 5.8979158E+001, 4.8019350E+001, 7.5443521E+001, 6.3632392E+001, 5.2295644E+001, 3.9937626E+001, 4.8551574E+001, 4.5261524E+001, 4.3006546E+001, 4.2390003E+001, 4.2041896E+001, 4.0068331E+001, 3.3464407E+001, 2.8514065E+001, 2.5154646E+001, 2.4812421E+001, 2.4566016E+001, 2.4401195E+001, 2.4228139E+001, 5.8299887E+001, 5.2085506E+001, 4.3291422E+001, 4.2590838E+001, 3.9324936E+001, 3.8241509E+001, 3.5017063E+001, 2.8095556E+001, 2.5790458E+001, 2.4650788E+001, 2.4225181E+001, 2.4012495E+001, 2.3844303E+001, 4.3450597E+001, 4.4528610E+001, 4.4749252E+001, 4.4506127E+001, 4.3389411E+001, 4.0722717E+001, 3.3832292E+001, 2.7806638E+001, 2.4439042E+001, 2.4347232E+001, 2.4286790E+001, 5.7662492E+001, 5.7703812E+001, 5.6320884E+001, 5.2459242E+001, 4.1229900E+001, 3.7879012E+001, 3.4628060E+001, 2.7245554E+001, 2.4907294E+001, 2.4548369E+001, 2.4407633E+001, 4.9736072E+001, 5.4018788E+001, 4.7428163E+001, 4.6847785E+001, 5.0780885E+001, 5.2391341E+001, 4.9132967E+001, 5.0153169E+001, 2.4918465E+002, 2.3651836E+002, 2.4077244E+002, 2.4020966E+002, 2.0595505E+002, 2.6370602E+002, 1.5537406E+002
 7.8006716E+002, 4.5355894E+001, 4.6452300E+001, 5.2678231E+001, 5.3667053E+001, 5.1771876E+001, 4.5242675E+001, 4.4772624E+001, 4.8457557E+001, 5.5649529E+001, 6.3534993E+001, 6.8674735E+001, 5.1625324E+001, 4.6357144E+001, 4.9478889E+001, 5.9657523E+001, 6.6521084E+001, 6.9850221E+001, 6.6491160E+001, 4.7006940E+001, 5.5810053E+001, 6.3185169E+001, 6.3349330E+001, 6.3333505E+001, 5.8882847E+001, 4.3799581E+001, 4.9210301E+001, 5.0884764E+001, 5.4292112E+001, 5.5809730E+001, 3.9601184E+001, 4.7498055E+001, 5.9184904E+001, 5.8607327E+001, 5.6106838E+001, 4.0583689E+001, 4.0524041E+001, 4.2657452E+001, 6.0944904E+001, 7.7512491E+001, 7.6500284E+001, 5.3069907E+001, 4.1232504E+001, 4.6338295E+001, 6.7965632E+001, 7.6688996E+001, 7.5996662E+001, 8.0904110E+001, 4.2121722E+001, 6.3642246E+001, 8.1132134E+001, 8.6696850E+001, 8.2084173E+001, 6.9969258E+001, 4.0611515E+001, 4.7970496E+001, 5.0157016E+001, 5.7278595E+001, 5.7595965E+001, 4.5995659E+001, 9.4873943E+001, 7.0265670E+001, 5.0028560E+001, 4.2052348E+001, 8.2815717E+001, 4.3866044E+001, 1.0007177E+002, 1.3448539E+002, 7.9383482E+001, 4.4356790E+001, 1.2568553E+002, 4.3703345E+001, 1.0288840E+002, 1.2268690E+002, 7.7715831E+001, 4.7490249E+001, 1.0828599E+002, 4.3387808E+001, 1.2195106E+002, 1.4469666E+002, 9.4913035E+001, 5.1734135E+001, 6.2237791E+001, 4.6223592E+001, 8.0790498E+001, 6.3907831E+001, 5.2293457E+001, 4.1445132E+001, 5.0665039E+001, 4.7201024E+001, 4.3204163E+001, 4.2819249E+001, 4.2263021E+001, 4.0110392E+001, 3.3978446E+001, 2.8442370E+001, 2.5190730E+001, 2.4884974E+001, 2.4638932E+001, 2.4460499E+001, 2.4330925E+001, 5.6664372E+001, 5.0257129E+001, 4.3748515E+001, 4.3426801E+001, 4.0455016E+001, 3.8895365E+001, 3.5274250E+001, 2.7987049E+001, 2.5573937E+001, 2.4616568E+001, 2.4172908E+001, 2.3848946E+001, 2.3820272E+001, 4.3012705E+001, 4.3478219E+001, 4.3964267E+001, 4.3702763E+001, 4.3388509E+001, 4.2040861E+001, 3.4113683E+001, 2.6315960E+001, 2.4481204E+001, 2.4379455E+001, 2.4304892E+001, 5.6477087E+001, 5.6963962E+001, 5.6173005E+001, 5.3978710E+001, 4.0530220E+001, 3.7765884E+001, 3.4104855E+001, 2.8215768E+001, 2.4976787E+001, 2.4661607E+001, 2.4460530E+001, 5.0517042E+001, 5.4804764E+001, 4.8151882E+001, 4.7514037E+001, 5.1618016E+001, 5.3219470E+001, 4.9917587E+001, 5.0898751E+001, 2.5321546E+002, 2.4350551E+002, 2.4120062E+002, 2.3687783E+002, 2.0239908E+002, 2.1046311E+002, 1.5653640E+002
 8.0000729E+002, 4.4837512E+001, 4.6796508E+001, 5.0580807E+001, 5.6452310E+001, 5.9341424E+001, 4.5403009E+001, 4.5528747E+001, 4.8289140E+001, 5.3148762E+001, 6.4356463E+001, 6.6580828E+001, 5.1450876E+001, 4.5525370E+001, 4.7344302E+001, 5.7388689E+001, 7.0082805E+001, 7.5839961E+001, 6.3604361E+001, 4.5585559E+001, 4.9965038E+001, 5.5193388E+001, 6.2458791E+001, 6.8976320E+001, 5.5524368E+001, 4.3263852E+001, 4.4937519E+001, 4.5146513E+001, 4.9623094E+001, 5.3094888E+001, 4.0250590E+001, 4.9814520E+001, 5.5140656E+001, 5.5680845E+001, 5.2869569E+001, 4.0945845E+001, 4.0879355E+001, 4.3330868E+001, 5.9160162E+001, 7.2688453E+001, 7.4967261E+001, 5.2612015E+001, 4.1076188E+001, 4.5803554E+001, 6.7446723E+001, 9.5363367E+001, 9.5473522E+001, 8.1300620E+001, 4.1504787E+001, 5.6913596E+001, 7.4604509E+001, 7.5509938E+001, 7.9283360E+001, 6.2039657E+001, 4.1359858E+001, 4.9612881E+001, 5.2541487E+001, 5.2304221E+001, 5.0597004E+001, 4.5892227E+001, 8.8051022E+001, 6.7106972E+001, 4.7863934E+001, 4.0199647E+001, 7.6902643E+001, 4.3339486E+001, 9.5896902E+001, 1.4499469E+002, 8.9754186E+001, 4.9111947E+001, 1.4880550E+002, 4.3018604E+001, 1.0577181E+002, 1.5060331E+002, 1.0962860E+002, 5.4055880E+001, 1.3397052E+002, 4.2846836E+001, 1.0293484E+002, 1.3580047E+002, 7.6940500E+001, 5.1896781E+001, 5.2712127E+001, 4.5980377E+001, 7.3689326E+001, 5.4903594E+001, 4.9220520E+001, 4.4229413E+001, 5.1388210E+001, 4.7869378E+001, 4.4496429E+001, 4.2852081E+001, 4.2458004E+001, 4.0463104E+001, 3.4803559E+001, 2.8141532E+001, 2.5236322E+001, 2.4940311E+001, 2.4716196E+001, 2.4511134E+001, 2.4324048E+001, 5.6781045E+001, 4.9347020E+001, 4.4207361E+001, 4.3402796E+001, 4.1290376E+001, 3.9681151E+001, 3.4932217E+001, 2.8544237E+001, 2.5668027E+001, 2.4615344E+001, 2.4156675E+001, 2.3924339E+001, 2.3780048E+001, 4.2982324E+001, 4.3622685E+001, 4.3909109E+001, 4.3839883E+001, 4.3428465E+001, 4.2760329E+001, 3.9694093E+001, 2.5170860E+001, 2.4542522E+001, 2.4419393E+001, 2.4329836E+001, 5.7516878E+001, 5.7728160E+001, 5.7361103E+001, 5.4085694E+001, 4.7908520E+001, 3.8923516E+001, 3.5125398E+001, 2.9648020E+001, 2.5026631E+001, 2.4659776E+001, 2.4443144E+001, 5.1287196E+001, 5.5560305E+001, 4.8869265E+001, 4.8164016E+001, 5.2426088E+001, 5.4007978E+001, 5.0673034E+001, 5.1605427E+001, 2.5366997E+002, 2.3962221E+002, 2.3039511E+002, 2.1649970E+002, 1.9277959E+002, 2.0350324E+002, 1.5813670E+002
 8.2003501E+002, 4.6777121E+001, 4.8597788E+001, 5.4601391E+001, 5.4738538E+001, 5.5204423E+001, 4.6718647E+001, 4.7334189E+001, 4.7781206E+001, 5.2750994E+001, 6.0362023E+001, 6.7772338E+001, 4.9950872E+001, 4.6313467E+001, 4.7103454E+001, 5.8313421E+001, 7.1084802E+001, 7.5196944E+001, 6.4696286E+001, 4.4989269E+001, 4.8226536E+001, 5.8594152E+001, 5.9013301E+001, 6.1932234E+001, 5.5145244E+001, 4.4213907E+001, 4.6875359E+001, 5.0767884E+001, 4.9563221E+001, 5.2560213E+001, 4.2797449E+001, 5.4502541E+001, 6.0919242E+001, 5.3192955E+001, 5.0263494E+001, 4.3157982E+001, 4.1333553E+001, 4.2919643E+001, 6.0441702E+001, 7.6676362E+001, 7.5662925E+001, 4.8903436E+001, 4.1977740E+001, 4.5142597E+001, 6.4874356E+001, 8.7335076E+001, 9.4950631E+001, 7.6505373E+001, 4.1543390E+001, 5.4166860E+001, 7.0593219E+001, 7.8246550E+001, 8.0525370E+001, 6.5369938E+001, 4.0996402E+001, 4.8957952E+001, 5.7679510E+001, 5.6762140E+001, 5.3954110E+001, 4.7865327E+001, 8.8950347E+001, 5.6845067E+001, 4.4500216E+001, 3.7660503E+001, 8.8838433E+001, 4.3957358E+001, 9.8904634E+001, 1.2272426E+002, 6.9317397E+001, 4.9253345E+001, 1.4337782E+002, 4.4226921E+001, 1.1073893E+002, 1.6162488E+002, 1.1928562E+002, 6.5140171E+001, 1.3443380E+002, 4.4141483E+001, 1.0844633E+002, 1.4282535E+002, 8.9328900E+001, 5.5763255E+001, 5.1193703E+001, 4.5450395E+001, 7.5314751E+001, 5.5630901E+001, 4.5168632E+001, 4.2445465E+001, 5.0308754E+001, 4.7629527E+001, 4.4002414E+001, 4.3035267E+001, 4.2660393E+001, 4.0607099E+001, 3.5818250E+001, 2.8214365E+001, 2.5334545E+001, 2.4985754E+001, 2.4787102E+001, 2.4519988E+001, 2.4396419E+001, 5.7714800E+001, 5.1544377E+001, 4.4380522E+001, 4.3184784E+001, 4.1202886E+001, 4.0053267E+001, 3.4729164E+001, 2.8883971E+001, 2.6083055E+001, 2.4751385E+001, 2.4330662E+001, 2.3952730E+001, 2.3690899E+001, 4.3649883E+001, 4.3925475E+001, 4.4027612E+001, 4.3938885E+001, 4.3482783E+001, 4.2766919E+001, 4.1363773E+001, 2.8624502E+001, 2.4728191E+001, 2.4491705E+001, 2.4363298E+001, 5.7846966E+001, 5.7577467E+001, 5.7380618E+001, 5.3637252E+001, 4.3178689E+001, 3.8991170E+001, 3.6813014E+001, 3.0968893E+001, 2.4985700E+001, 2.4732274E+001, 2.4553931E+001, 5.2049886E+001, 5.6305976E+001, 4.9584230E+001, 4.8806376E+001, 5.3198760E+001, 5.4747293E+001, 5.1412794E+001, 5.2290841E+001, 2.5022694E+002, 2.4262357E+002, 2.3598280E+002, 2.2646006E+002, 2.2214509E+002, 2.8982152E+002, 1.5962299E+002
 8.4006937E+002, 4.7040860E+001, 4.7745973E+001, 5.4306936E+001, 6.0172124E+001, 5.8317970E+001, 4.7614435E+001, 4.9684571E+001, 4.8849340E+001, 5.6007408E+001, 6.5491421E+001, 7.1957483E+001, 5.0904201E+001, 4.7880214E+001, 4.8237059E+001, 5.5739130E+001, 6.6890516E+001, 7.4365579E+001, 6.3829126E+001, 4.5331687E+001, 4.9345796E+001, 5.9307848E+001, 6.1626879E+001, 6.6346925E+001, 5.8855756E+001, 4.4658255E+001, 4.6899584E+001, 5.3087413E+001, 5.3852769E+001, 5.6789555E+001, 4.0844582E+001, 5.3135479E+001, 6.1373979E+001, 6.0355366E+001, 5.8305912E+001, 4.1593636E+001, 4.2232465E+001, 4.3420845E+001, 6.5914721E+001, 8.0350555E+001, 7.4988501E+001, 5.1212241E+001, 4.3109403E+001, 4.4865693E+001, 5.6656350E+001, 8.0461106E+001, 8.5425544E+001, 7.0903207E+001, 4.2841039E+001, 5.5736610E+001, 7.1140199E+001, 7.6316768E+001, 7.8546409E+001, 7.1972192E+001, 4.2049965E+001, 5.0961942E+001, 5.6688085E+001, 5.6964188E+001, 6.0380233E+001, 4.6099518E+001, 8.5303207E+001, 5.9493532E+001, 4.8014330E+001, 4.1071194E+001, 8.0815497E+001, 4.6210085E+001, 1.0559329E+002, 1.3264575E+002, 8.4343755E+001, 5.5002904E+001, 1.3355066E+002, 4.6425875E+001, 1.0432658E+002, 1.3709386E+002, 9.5262665E+001, 6.0848595E+001, 1.1070870E+002, 4.5544246E+001, 1.1432917E+002, 1.3085001E+002, 9.1287893E+001, 5.9216225E+001, 5.8019010E+001, 4.6269168E+001, 7.9464715E+001, 6.6824904E+001, 4.8790516E+001, 4.0741296E+001, 5.1137772E+001, 4.8470921E+001, 4.3839317E+001, 4.3471913E+001, 4.2530843E+001, 4.1448351E+001, 3.6232176E+001, 2.8211129E+001, 2.5429804E+001, 2.5035497E+001, 2.4792897E+001, 2.4551172E+001, 2.4649203E+001, 5.8076499E+001, 5.0957986E+001, 4.4430031E+001, 4.3292728E+001, 4.1342215E+001, 4.0597254E+001, 3.5023422E+001, 2.9226818E+001, 2.6439440E+001, 2.5028886E+001, 2.4444362E+001, 2.3882300E+001, 2.3795419E+001, 4.4289654E+001, 4.5020977E+001, 4.5244922E+001, 4.5267694E+001, 4.4765844E+001, 4.3944989E+001, 4.2402689E+001, 2.8901237E+001, 2.4978874E+001, 2.4555170E+001, 2.4397913E+001, 5.7475879E+001, 5.7730492E+001, 5.7205614E+001, 5.3904952E+001, 4.3659878E+001, 3.9229142E+001, 3.7872651E+001, 3.0996729E+001, 2.4992699E+001, 2.4732489E+001, 2.4624177E+001, 5.2804040E+001, 5.7052992E+001, 5.0282769E+001, 4.9443904E+001, 5.3932313E+001, 5.5452692E+001, 5.2128644E+001, 5.2953294E+001, 2.3881356E+002, 2.2699316E+002, 2.2098534E+002, 2.1915916E+002, 1.9590136E+002, 1.8883623E+002, 1.6029797E+002
 8.6004447E+002, 4.7066606E+001, 4.7221385E+001, 5.5440845E+001, 6.3205755E+001, 6.6712940E+001, 4.6139831E+001, 4.6979680E+001, 4.8315114E+001, 5.2701378E+001, 6.4787306E+001, 7.0075720E+001, 5.1920679E+001, 4.8067036E+001, 4.8876670E+001, 5.5133103E+001, 6.1732339E+001, 6.7966860E+001, 6.1285593E+001, 4.5450174E+001, 4.9414083E+001, 5.9303046E+001, 6.0333055E+001, 6.4570154E+001, 5.8444465E+001, 4.4778280E+001, 4.8161675E+001, 5.3855517E+001, 5.4972356E+001, 5.5325271E+001, 4.0851434E+001, 5.2374803E+001, 7.0551257E+001, 7.3058278E+001, 6.6558448E+001, 4.2232486E+001, 4.1819468E+001, 4.7970997E+001, 6.6153730E+001, 7.7980602E+001, 7.6645186E+001, 6.0230809E+001, 4.3376313E+001, 5.0330899E+001, 5.9931213E+001, 7.8555013E+001, 7.5569928E+001, 7.3134111E+001, 4.0584296E+001, 4.5379578E+001, 6.4967277E+001, 7.8431086E+001, 7.8742821E+001, 6.8580740E+001, 4.1880654E+001, 5.0333238E+001, 6.0744847E+001, 6.0690545E+001, 5.9168171E+001, 4.5650404E+001, 1.0985378E+002, 8.7754365E+001, 5.9326630E+001, 4.5566735E+001, 8.6376723E+001, 4.5299928E+001, 1.0356610E+002, 1.3486846E+002, 8.8667486E+001, 5.2855177E+001, 1.1566425E+002, 4.6582163E+001, 9.6670316E+001, 1.2598613E+002, 8.8093099E+001, 5.7702547E+001, 1.1409270E+002, 4.3873919E+001, 1.0133165E+002, 1.2911122E+002, 8.9198987E+001, 5.9258831E+001, 6.1317240E+001, 4.4943170E+001, 9.1890342E+001, 7.1437754E+001, 5.1431103E+001, 4.0929964E+001, 5.1852269E+001, 4.9966665E+001, 4.4785057E+001, 4.3926343E+001, 4.3144747E+001, 4.1591336E+001, 3.6015369E+001, 2.8340847E+001, 2.5532054E+001, 2.5055624E+001, 2.4837815E+001, 2.4678641E+001, 2.4854715E+001, 5.7741744E+001, 5.1079336E+001, 4.5653094E+001, 4.4155236E+001, 4.2357600E+001, 4.0753021E+001, 3.5075740E+001, 3.0108888E+001, 2.6486261E+001, 2.5136960E+001, 2.4507393E+001, 2.4172666E+001, 2.3774800E+001, 4.3005596E+001, 4.3847153E+001, 4.4818204E+001, 4.4964177E+001, 4.4450282E+001, 4.3339806E+001, 3.8811457E+001, 2.8244795E+001, 2.5380664E+001, 2.4609598E+001, 2.4442278E+001, 5.8556589E+001, 5.8274757E+001, 5.7476630E+001, 5.4917656E+001, 4.6955064E+001, 3.9785288E+001, 3.7890300E+001, 2.7992901E+001, 2.5010028E+001, 2.4752287E+001, 2.4584215E+001, 5.3524381E+001, 5.7776715E+001, 5.0951219E+001, 5.0059624E+001, 5.4644915E+001, 5.6155251E+001, 5.2821265E+001, 5.3599150E+001, 2.5059136E+002, 2.4095239E+002, 2.3701013E+002, 2.3368618E+002, 2.0720952E+002, 1.6583154E+002, 1.6162869E+002
 8.8009280E+002, 4.7396965E+001, 4.8543694E+001, 5.4063347E+001, 5.6645537E+001, 6.0994432E+001, 4.7998036E+001, 4.7313091E+001, 4.9560951E+001, 5.9027596E+001, 6.4708048E+001, 7.1502131E+001, 5.5497223E+001, 4.8268710E+001, 4.8996327E+001, 6.3173098E+001, 7.0277004E+001, 7.2859133E+001, 6.4928797E+001, 4.5266809E+001, 4.7036343E+001, 5.6630060E+001, 6.3976578E+001, 6.6833775E+001, 5.9914159E+001, 4.4660710E+001, 4.6481736E+001, 5.0996382E+001, 5.2964569E+001, 5.3993101E+001, 4.1645432E+001, 5.0816781E+001, 6.0075910E+001, 6.2736838E+001, 5.7234311E+001, 4.3168209E+001, 4.2795101E+001, 4.9521747E+001, 6.3642696E+001, 7.4836265E+001, 7.8840219E+001, 5.9436076E+001, 4.2188396E+001, 4.8718163E+001, 7.1402681E+001, 8.7478038E+001, 8.7231841E+001, 7.9630126E+001, 4.1832181E+001, 5.0500335E+001, 6.7095501E+001, 8.6114548E+001, 8.7327807E+001, 7.3063101E+001, 4.1653995E+001, 4.9983595E+001, 5.2379840E+001, 5.5185938E+001, 5.6350403E+001, 4.6879234E+001, 9.0704746E+001, 6.5741912E+001, 4.6052619E+001, 3.9642873E+001, 7.7778829E+001, 4.7190948E+001, 1.0602899E+002, 1.2781390E+002, 8.1919781E+001, 5.3135794E+001, 1.3538482E+002, 4.6483226E+001, 1.1778691E+002, 1.5236947E+002, 1.1190412E+002, 6.3033424E+001, 1.2578886E+002, 4.5279697E+001, 1.0851311E+002, 1.3752815E+002, 8.8251036E+001, 5.3092856E+001, 5.9068453E+001, 4.5682011E+001, 7.6848881E+001, 5.5529141E+001, 4.9026806E+001, 4.2155777E+001, 5.1887104E+001, 4.9533835E+001, 4.4940294E+001, 4.4004194E+001, 4.3560483E+001, 4.1514026E+001, 3.6086983E+001, 2.9621327E+001, 2.5795270E+001, 2.5047724E+001, 2.4950737E+001, 2.4738345E+001, 2.4783357E+001, 5.9386193E+001, 4.9980444E+001, 4.5641262E+001, 4.4228180E+001, 4.1850406E+001, 4.0785303E+001, 3.5285207E+001, 3.0764997E+001, 2.6134827E+001, 2.5078730E+001, 2.4543215E+001, 2.4185964E+001, 2.3675763E+001, 4.3924389E+001, 4.4904533E+001, 4.5315024E+001, 4.5159340E+001, 4.4695767E+001, 4.3056153E+001, 3.7092240E+001, 3.0967005E+001, 2.6981750E+001, 2.4685281E+001, 2.4517310E+001, 5.8176114E+001, 5.8335278E+001, 5.7959935E+001, 5.7008090E+001, 5.0972718E+001, 4.1519241E+001, 3.8071165E+001, 2.8566436E+001, 2.4934087E+001, 2.4736429E+001, 2.4526617E+001, 5.4223646E+001, 5.8476035E+001, 5.1604262E+001, 5.0656203E+001, 5.5332376E+001, 5.6841298E+001, 5.3503961E+001, 5.4225359E+001, 2.3620474E+002, 2.2568670E+002, 2.2834488E+002, 2.2751439E+002, 1.9170539E+002, 1.8108666E+002, 1.6179843E+002
 9.0004940E+002, 4.8490577E+001, 5.0353149E+001, 5.2464188E+001, 5.7189273E+001, 6.4996233E+001, 4.9922793E+001, 5.0351470E+001, 5.2119643E+001, 5.6892859E+001, 6.2359751E+001, 7.0431315E+001, 5.3482307E+001, 4.9045242E+001, 5.0203322E+001, 5.8246658E+001, 6.6981973E+001, 7.3526041E+001, 6.1885796E+001, 4.6826966E+001, 4.9138082E+001, 5.7041977E+001, 6.2235046E+001, 6.7997196E+001, 5.7984705E+001, 4.6201950E+001, 4.7065376E+001, 5.2343464E+001, 5.1894030E+001, 5.5478126E+001, 4.2324911E+001, 4.9082823E+001, 6.1229227E+001, 7.4272393E+001, 6.9953709E+001, 4.3684703E+001, 4.3639187E+001, 4.5771142E+001, 5.6160738E+001, 7.6479994E+001, 8.2319033E+001, 5.2233984E+001, 4.3964992E+001, 4.5126348E+001, 6.4327433E+001, 8.3642953E+001, 8.6410003E+001, 7.6351080E+001, 4.3406426E+001, 4.7063335E+001, 6.7714246E+001, 7.9712951E+001, 7.8507474E+001, 7.0220429E+001, 4.1529544E+001, 5.4698228E+001, 5.4609912E+001, 5.3054104E+001, 5.4961151E+001, 4.7368039E+001, 1.0592167E+002, 8.2293102E+001, 5.6366790E+001, 4.2558958E+001, 8.5985736E+001, 4.5548556E+001, 1.0436362E+002, 1.3966217E+002, 9.3021001E+001, 5.1367607E+001, 1.2643426E+002, 4.8035014E+001, 1.1105315E+002, 1.3841689E+002, 9.4225208E+001, 5.9407424E+001, 1.1597995E+002, 4.5398233E+001, 1.1002054E+002, 1.1839438E+002, 7.5533155E+001, 4.9690653E+001, 5.7506296E+001, 4.6466211E+001, 8.1015991E+001, 6.2245573E+001, 5.0944066E+001, 4.5426043E+001, 5.2681150E+001, 4.9963985E+001, 4.4735669E+001, 4.4348710E+001, 4.3617266E+001, 4.1804664E+001, 3.6056081E+001, 3.0276000E+001, 2.5841291E+001, 2.5101792E+001, 2.4913044E+001, 2.4839445E+001, 2.4925381E+001, 5.9018823E+001, 5.2797555E+001, 4.5261153E+001, 4.4975010E+001, 4.2401566E+001, 4.1014192E+001, 3.5938698E+001, 3.0789906E+001, 2.5884214E+001, 2.5096752E+001, 2.4577766E+001, 2.4135147E+001, 2.3951919E+001, 4.3826945E+001, 4.5142492E+001, 4.5242617E+001, 4.5315326E+001, 4.5105881E+001, 4.3476811E+001, 3.7236418E+001, 2.9710419E+001, 2.5373095E+001, 2.4709362E+001, 2.4577155E+001, 5.8408149E+001, 5.8269672E+001, 5.8053444E+001, 5.4295637E+001, 4.5566102E+001, 4.1372970E+001, 3.6739414E+001, 3.0612846E+001, 2.5360026E+001, 2.4795973E+001, 2.4610517E+001, 5.4897404E+001, 5.9118997E+001, 5.2230262E+001, 5.1224867E+001, 5.6026176E+001, 5.7527651E+001, 5.4192940E+001, 5.4838308E+001, 2.3668940E+002, 2.2833971E+002, 2.2564573E+002, 2.2083569E+002, 1.9696332E+002, 1.9150531E+002, 1.6212252E+002
 9.2009648E+002, 4.7924775E+001, 4.8847118E+001, 5.5249313E+001, 6.2302137E+001, 6.6821768E+001, 4.8419112E+001, 4.8707515E+001, 5.0447450E+001, 5.9394261E+001, 7.0139227E+001, 7.6457215E+001, 5.3944780E+001, 4.7106945E+001, 5.0462670E+001, 5.9965934E+001, 7.0887202E+001, 7.5364860E+001, 6.3044316E+001, 4.6015943E+001, 5.1301523E+001, 5.7160293E+001, 5.6922137E+001, 6.1383323E+001, 5.6328977E+001, 4.5468831E+001, 4.5567360E+001, 4.9466814E+001, 5.0084156E+001, 5.0942400E+001, 4.1110027E+001, 4.7298284E+001, 6.3241104E+001, 6.7569524E+001, 6.2363830E+001, 4.3087814E+001, 4.3579611E+001, 5.2866966E+001, 6.8507077E+001, 9.0820574E+001, 9.1275160E+001, 6.1071193E+001, 4.4546739E+001, 4.9409577E+001, 7.3183180E+001, 8.5809014E+001, 8.7833668E+001, 8.0550915E+001, 4.3580589E+001, 5.2695392E+001, 6.8760086E+001, 7.4882883E+001, 7.2324401E+001, 6.2367643E+001, 4.2206705E+001, 5.2759499E+001, 5.2066432E+001, 5.2320327E+001, 4.9326924E+001, 4.8803368E+001, 8.9136709E+001, 6.1312667E+001, 4.8355102E+001, 3.9807499E+001, 8.8612090E+001, 4.8318979E+001, 1.0766387E+002, 1.5535310E+002, 9.9626000E+001, 5.4129850E+001, 1.3316942E+002, 4.7604889E+001, 1.1176404E+002, 1.3766026E+002, 9.5977902E+001, 6.3021955E+001, 1.1941867E+002, 4.5751566E+001, 1.0699350E+002, 1.3846945E+002, 8.0763214E+001, 5.2354697E+001, 5.2107709E+001, 4.6901281E+001, 7.1670918E+001, 4.8628999E+001, 4.6104003E+001, 4.3394884E+001, 5.2914854E+001, 4.9994586E+001, 4.5495816E+001, 4.4581949E+001, 4.4055607E+001, 4.2589757E+001, 3.5480805E+001, 3.0611148E+001, 2.5928548E+001, 2.5091106E+001, 2.4984854E+001, 2.4826045E+001, 2.4825347E+001, 5.8314500E+001, 5.3047518E+001, 4.6031529E+001, 4.4319417E+001, 4.2926157E+001, 4.1422568E+001, 3.6061712E+001, 3.2340140E+001, 2.6535019E+001, 2.5309544E+001, 2.4714392E+001, 2.4308720E+001, 2.4176472E+001, 4.5003911E+001, 4.5449759E+001, 4.6172612E+001, 4.6371219E+001, 4.6122640E+001, 4.4993958E+001, 3.8686663E+001, 2.8874674E+001, 2.5048879E+001, 2.4743445E+001, 2.4627847E+001, 5.9135003E+001, 5.9360918E+001, 5.7617314E+001, 5.4358454E+001, 4.6708847E+001, 4.1741179E+001, 3.6903849E+001, 3.1895650E+001, 2.5739777E+001, 2.4893250E+001, 2.4605913E+001, 5.5550632E+001, 5.9730279E+001, 5.2837710E+001, 5.1786277E+001, 5.6701431E+001, 5.8186563E+001, 5.4896791E+001, 5.5440477E+001, 2.5624411E+002, 2.4288208E+002, 2.3864465E+002, 2.2851292E+002, 2.0154615E+002, 1.8934748E+002, 1.6328142E+002
 9.4008705E+002, 4.7071477E+001, 4.8016383E+001, 5.3302428E+001, 6.2246967E+001, 6.4952125E+001, 4.7603143E+001, 4.8255445E+001, 5.0245543E+001, 5.7429332E+001, 6.5052103E+001, 7.6320678E+001, 5.4418055E+001, 4.7037082E+001, 5.0996477E+001, 5.9817749E+001, 7.1122823E+001, 7.5459960E+001, 6.6760692E+001, 4.5691329E+001, 4.9880122E+001, 5.5537608E+001, 6.5059345E+001, 6.6494355E+001, 5.7789941E+001, 4.5022940E+001, 4.5834847E+001, 4.8675632E+001, 5.2043975E+001, 5.3842606E+001, 4.2816932E+001, 4.8541076E+001, 6.3797637E+001, 6.7610022E+001, 5.7369950E+001, 4.4371765E+001, 4.4734581E+001, 4.7233101E+001, 6.1543817E+001, 8.0557711E+001, 7.4786296E+001, 5.7140425E+001, 4.4795169E+001, 4.6795337E+001, 6.7826193E+001, 8.6335697E+001, 9.0295628E+001, 8.1760362E+001, 4.3997154E+001, 5.5674138E+001, 7.4330424E+001, 8.4666679E+001, 8.3337879E+001, 6.8532429E+001, 4.3522494E+001, 5.0965991E+001, 4.9310330E+001, 5.5970730E+001, 5.6794310E+001, 4.7676687E+001, 9.3035683E+001, 7.3039490E+001, 5.0806719E+001, 4.3676175E+001, 8.8377831E+001, 4.7777742E+001, 9.8262913E+001, 1.3286695E+002, 7.9843760E+001, 5.0297726E+001, 1.2812325E+002, 4.7009778E+001, 1.1057988E+002, 1.3551873E+002, 1.0457193E+002, 6.7365342E+001, 1.3444298E+002, 4.6564673E+001, 1.1539262E+002, 1.5531036E+002, 9.7305950E+001, 5.9093010E+001, 5.6938194E+001, 4.8761111E+001, 7.8771131E+001, 5.6140844E+001, 4.8719920E+001, 4.1358186E+001, 5.2512591E+001, 5.0671813E+001, 4.5611729E+001, 4.4744520E+001, 4.4655369E+001, 4.2470306E+001, 3.5349287E+001, 3.1081982E+001, 2.6000545E+001, 2.5169782E+001, 2.4958596E+001, 2.4689209E+001, 2.4832654E+001, 6.0155308E+001, 5.0712993E+001, 4.6840194E+001, 4.4537475E+001, 4.2392524E+001, 4.1071750E+001, 3.5687687E+001, 3.1950158E+001, 2.6720694E+001, 2.5450527E+001, 2.4841261E+001, 2.4491916E+001, 2.4064700E+001, 4.5170241E+001, 4.6607947E+001, 4.6939906E+001, 4.6645545E+001, 4.6276803E+001, 4.5277518E+001, 4.2061870E+001, 2.8985015E+001, 2.5309866E+001, 2.4799461E+001, 2.4687000E+001, 5.9322248E+001, 5.9627126E+001, 5.9345220E+001, 5.6818679E+001, 4.3697042E+001, 4.1456700E+001, 3.6964269E+001, 3.2580182E+001, 2.6228155E+001, 2.4950874E+001, 2.4709394E+001, 5.6190497E+001, 6.0330112E+001, 5.3452762E+001, 5.2349856E+001, 5.7370076E+001, 5.8813758E+001, 5.5575798E+001, 5.6019329E+001, 2.5165743E+002, 2.4140096E+002, 2.4047077E+002, 2.3387781E+002, 1.9989464E+002, 2.0310838E+002, 1.6414804E+002
 9.6005379E+002, 4.8493437E+001, 4.9670293E+001, 5.6514873E+001, 5.9407111E+001, 6.6080925E+001, 4.9304946E+001, 4.8730338E+001, 4.9416782E+001, 5.4038343E+001, 6.5816777E+001, 7.2842102E+001, 4.9969458E+001, 4.7467454E+001, 4.8732514E+001, 5.4121253E+001, 6.4553047E+001, 7.3411803E+001, 5.7675960E+001, 4.7535020E+001, 5.1533799E+001, 5.3811824E+001, 6.0920021E+001, 6.8133870E+001, 6.3484555E+001, 4.6958453E+001, 4.9322902E+001, 5.0165698E+001, 5.7452480E+001, 6.0870801E+001, 4.3107717E+001, 5.0777527E+001, 6.3558909E+001, 6.1833419E+001, 5.7687434E+001, 4.4944522E+001, 4.5211095E+001, 4.8459511E+001, 6.8727832E+001, 8.5544046E+001, 8.2818758E+001, 5.6174222E+001, 4.5235883E+001, 4.6083018E+001, 6.4562589E+001, 8.4790917E+001, 8.4816558E+001, 7.3177205E+001, 4.4700173E+001, 5.1166918E+001, 6.3041234E+001, 8.3664733E+001, 7.7781324E+001, 7.2415069E+001, 4.3063363E+001, 5.5263069E+001, 5.8502600E+001, 6.3161386E+001, 6.0683794E+001, 4.8443157E+001, 8.6898505E+001, 6.5002548E+001, 4.7171814E+001, 4.0342245E+001, 9.3019434E+001, 4.8578313E+001, 1.1275316E+002, 1.4429544E+002, 8.4327646E+001, 5.7061713E+001, 1.3526131E+002, 4.7395797E+001, 1.0873614E+002, 1.3850361E+002, 9.9408530E+001, 6.1399540E+001, 1.1447048E+002, 4.5299409E+001, 1.0281555E+002, 1.3016525E+002, 8.3409294E+001, 5.3968114E+001, 5.8247426E+001, 4.7561371E+001, 9.6951958E+001, 7.4586062E+001, 5.7736742E+001, 4.3959242E+001, 5.4301798E+001, 5.1410410E+001, 4.5916443E+001, 4.4989359E+001, 4.4768366E+001, 4.3175081E+001, 3.6568063E+001, 3.1284404E+001, 2.6168305E+001, 2.5268703E+001, 2.4886772E+001, 2.4748086E+001, 2.4730842E+001, 6.0592652E+001, 4.9501347E+001, 4.6641711E+001, 4.5199955E+001, 4.2538692E+001, 4.1006404E+001, 3.5754105E+001, 3.0627115E+001, 2.6155347E+001, 2.5432657E+001, 2.4859315E+001, 2.4259321E+001, 2.4133127E+001, 4.6129765E+001, 4.7266483E+001, 4.7459246E+001, 4.7689011E+001, 4.7416721E+001, 4.6664239E+001, 4.3170799E+001, 2.8648223E+001, 2.5455543E+001, 2.4865739E+001, 2.4754938E+001, 5.7902859E+001, 5.7772072E+001, 5.7541239E+001, 5.4433182E+001, 4.3823652E+001, 4.1483090E+001, 3.7358508E+001, 3.0912576E+001, 2.6470602E+001, 2.5157029E+001, 2.4881042E+001, 5.6811950E+001, 6.0908200E+001, 5.4054991E+001, 5.2907703E+001, 5.8002038E+001, 5.9408626E+001, 5.6232491E+001, 5.6580903E+001, 2.5508038E+002, 2.4061237E+002, 2.3547984E+002, 2.2865047E+002, 1.9293193E+002, 2.4278132E+002, 1.6495146E+002
 9.8002127E+002, 4.6997722E+001, 4.8709619E+001, 5.3417388E+001, 5.7799192E+001, 6.0478361E+001, 4.9014507E+001, 4.9397543E+001, 5.0714407E+001, 5.6263348E+001, 6.4436879E+001, 7.1030798E+001, 5.2702230E+001, 4.8255667E+001, 5.0872187E+001, 5.7314869E+001, 6.8116089E+001, 7.1205859E+001, 6.2122007E+001, 4.8736076E+001, 5.0227404E+001, 5.6009354E+001, 6.2698471E+001, 7.3253226E+001, 6.3217247E+001, 4.9087961E+001, 5.0055959E+001, 5.2230296E+001, 5.7159084E+001, 6.2789783E+001, 4.4908235E+001, 5.1406466E+001, 5.8892645E+001, 6.0332107E+001, 6.1212203E+001, 4.6874951E+001, 4.5862140E+001, 5.0687933E+001, 6.7646417E+001, 8.1794821E+001, 8.0317993E+001, 5.5565614E+001, 4.4892582E+001, 4.6240888E+001, 6.2715210E+001, 8.0482312E+001, 8.1933567E+001, 7.0018085E+001, 4.2868341E+001, 4.7224554E+001, 7.1122048E+001, 8.0279773E+001, 7.3280547E+001, 7.4942391E+001, 4.2606031E+001, 5.3502244E+001, 6.0329887E+001, 7.2522510E+001, 7.2410333E+001, 4.7789059E+001, 9.1215962E+001, 6.7189133E+001, 5.1190375E+001, 4.0748496E+001, 8.8697048E+001, 4.6201621E+001, 1.0740158E+002, 1.4399693E+002, 9.4976166E+001, 5.8374952E+001, 1.2925190E+002, 4.7443294E+001, 1.0248727E+002, 1.1497582E+002, 8.5764566E+001, 5.5577466E+001, 9.4609509E+001, 4.8007935E+001, 1.1247326E+002, 1.2642462E+002, 8.5393689E+001, 5.7072226E+001, 6.9532351E+001, 4.7407438E+001, 1.0254301E+002, 8.9177942E+001, 6.2494622E+001, 4.6982445E+001, 5.5396372E+001, 5.0780549E+001, 4.6188631E+001, 4.5131592E+001, 4.4924880E+001, 4.3600696E+001, 3.6695859E+001, 3.1294489E+001, 2.6050226E+001, 2.5204033E+001, 2.4932730E+001, 2.4831757E+001, 2.4696276E+001, 5.9700411E+001, 5.2346045E+001, 4.7554733E+001, 4.5568223E+001, 4.3334461E+001, 4.2358096E+001, 3.8418622E+001, 3.2902933E+001, 2.6383096E+001, 2.5529121E+001, 2.5000720E+001, 2.4404864E+001, 2.4240780E+001, 4.6297469E+001, 4.8041895E+001, 4.8102018E+001, 4.7572516E+001, 4.7278852E+001, 4.6361704E+001, 3.9124236E+001, 2.7528442E+001, 2.5273937E+001, 2.4902181E+001, 2.4806002E+001, 6.0255053E+001, 6.0006821E+001, 5.9722712E+001, 5.8232713E+001, 4.5729607E+001, 4.1777468E+001, 3.7648156E+001, 3.0805817E+001, 2.6842173E+001, 2.5249043E+001, 2.4951879E+001, 5.7422612E+001, 6.1480122E+001, 5.4641187E+001, 5.3438503E+001, 5.8603943E+001, 5.9975341E+001, 5.6867818E+001, 5.7131741E+001, 2.4450227E+002, 2.3969750E+002, 2.3784366E+002, 2.3436918E+002, 2.0641346E+002, 2.1419538E+002, 1.6528140E+002
 1.0000108E+003, 4.9380140E+001, 5.0672149E+001, 5.5143202E+001, 5.9888395E+001, 6.4259360E+001, 5.1215295E+001, 5.0080784E+001, 5.3391475E+001, 5.9935485E+001, 6.6883832E+001, 7.0900027E+001, 5.6837176E+001, 5.0045772E+001, 5.2679328E+001, 6.0958389E+001, 6.9924103E+001, 7.6704685E+001, 6.6298515E+001, 4.7366411E+001, 5.1072396E+001, 6.1192176E+001, 6.6778869E+001, 7.2246218E+001, 6.5478157E+001, 4.6269401E+001, 5.0003097E+001, 5.4720953E+001, 5.8534327E+001, 6.5197603E+001, 4.3569060E+001, 5.2304880E+001, 6.0046081E+001, 6.0773796E+001, 5.9203609E+001, 4.7343828E+001, 4.6054848E+001, 5.6646988E+001, 6.9153706E+001, 8.0173742E+001, 6.9957464E+001, 6.4056141E+001, 4.5740529E+001, 5.0977251E+001, 7.2806728E+001, 9.3849503E+001, 8.7963568E+001, 7.9804650E+001, 4.3940178E+001, 4.7645183E+001, 7.2844905E+001, 8.8926590E+001, 8.6341458E+001, 7.4543585E+001, 4.2173818E+001, 4.8092870E+001, 6.3178721E+001, 6.5149157E+001, 6.3643740E+001, 4.8966599E+001, 8.6191600E+001, 6.3864067E+001, 5.0036176E+001, 4.2473666E+001, 8.8294844E+001, 4.8038540E+001, 1.0591145E+002, 1.1826977E+002, 7.5636721E+001, 5.2266414E+001, 1.3819705E+002, 5.2075631E+001, 1.2917625E+002, 1.5334705E+002, 1.0690492E+002, 6.5491445E+001, 1.4457279E+002, 5.1296574E+001, 1.1994543E+002, 1.5514407E+002, 9.3325764E+001, 5.4733257E+001, 5.3846256E+001, 4.8301327E+001, 7.5041048E+001, 5.8582212E+001, 5.0905613E+001, 4.3824573E+001, 5.4295941E+001, 5.2469046E+001, 4.7426219E+001, 4.5711698E+001, 4.5242660E+001, 4.4525989E+001, 3.7660160E+001, 3.1549585E+001, 2.5652006E+001, 2.5221576E+001, 2.5006051E+001, 2.4851851E+001, 2.4740510E+001, 5.9744773E+001, 5.3155607E+001, 4.8074918E+001, 4.4906398E+001, 4.4002061E+001, 4.1834411E+001, 3.7270667E+001, 3.0923588E+001, 2.6264223E+001, 2.5538318E+001, 2.4991115E+001, 2.4568607E+001, 2.3998365E+001, 4.4927642E+001, 4.6941170E+001, 4.8285683E+001, 4.7891057E+001, 4.7134276E+001, 4.6311681E+001, 4.3275775E+001, 2.9145811E+001, 2.5393910E+001, 2.4962111E+001, 2.4875942E+001, 6.1824318E+001, 6.0633021E+001, 5.8978778E+001, 5.7000373E+001, 4.3785692E+001, 4.1963510E+001, 3.7824428E+001, 3.0668102E+001, 2.7482449E+001, 2.5519588E+001, 2.4971009E+001, 5.8037366E+001, 6.2040315E+001, 5.5206300E+001, 5.3950585E+001, 5.9195236E+001, 6.0520355E+001, 5.7435686E+001, 5.7658490E+001, 2.4976603E+002, 2.4204348E+002, 2.3552126E+002, 2.2610370E+002, 1.9440028E+002, 2.3189426E+002, 1.6574253E+002
 1.0200094E+003, 4.9127400E+001, 5.1326304E+001, 5.4151284E+001, 6.0903083E+001, 6.4228581E+001, 5.1404184E+001, 5.2016332E+001, 5.2879903E+001, 5.5923266E+001, 6.7761205E+001, 7.6229598E+001, 5.5606771E+001, 5.0116925E+001, 5.1052191E+001, 6.0189319E+001, 7.4140547E+001, 7.8860077E+001, 6.8229151E+001, 4.7125565E+001, 4.9389049E+001, 5.8898966E+001, 6.6354915E+001, 7.1465621E+001, 6.2235266E+001, 4.5668885E+001, 4.7728749E+001, 5.3011271E+001, 5.5204996E+001, 5.6960972E+001, 4.4533822E+001, 5.2220429E+001, 6.0863282E+001, 5.9919376E+001, 6.0042605E+001, 4.6783680E+001, 4.5843033E+001, 5.0749609E+001, 6.5686213E+001, 8.6483821E+001, 8.0007204E+001, 6.1295853E+001, 4.5305592E+001, 5.0337321E+001, 7.3948993E+001, 9.6559676E+001, 8.9764757E+001, 8.2065423E+001, 4.3915529E+001, 5.0395434E+001, 7.0879434E+001, 8.1939759E+001, 8.0941842E+001, 7.4571625E+001, 4.2159748E+001, 5.1223734E+001, 6.0197150E+001, 5.6840837E+001, 6.3897434E+001, 4.9269619E+001, 9.1943139E+001, 6.8917555E+001, 5.3290882E+001, 4.3851524E+001, 8.8046219E+001, 5.1653381E+001, 1.2154063E+002, 1.3779363E+002, 8.4518905E+001, 5.3946411E+001, 1.4208555E+002, 5.3562235E+001, 1.1315671E+002, 1.4449007E+002, 9.5865488E+001, 6.3054510E+001, 1.1183703E+002, 5.0925950E+001, 1.1369362E+002, 1.4246005E+002, 8.6170289E+001, 5.1414665E+001, 5.5264412E+001, 4.9315010E+001, 8.1929847E+001, 7.2440290E+001, 5.2263183E+001, 4.1955865E+001, 5.5589366E+001, 5.3351396E+001, 4.7623786E+001, 4.6437655E+001, 4.5791965E+001, 4.4687678E+001, 3.7346021E+001, 3.1347979E+001, 2.5815290E+001, 2.5231355E+001, 2.5067835E+001, 2.4910888E+001, 2.4700710E+001, 6.0222363E+001, 5.1158984E+001, 4.7642778E+001, 4.4822581E+001, 4.4065495E+001, 4.2485986E+001, 3.6817523E+001, 3.1362354E+001, 2.7055264E+001, 2.5579090E+001, 2.4918694E+001, 2.4278333E+001, 2.4163295E+001, 4.5546623E+001, 4.6232040E+001, 4.6690688E+001, 4.6966607E+001, 4.6510207E+001, 4.5541819E+001, 4.1322441E+001, 3.0637171E+001, 2.5485989E+001, 2.5023207E+001, 2.4953297E+001, 6.0342079E+001, 6.0026781E+001, 5.7822268E+001, 5.3572241E+001, 4.4527224E+001, 4.2250649E+001, 3.7772718E+001, 3.1106327E+001, 2.7875881E+001, 2.5685905E+001, 2.5021296E+001, 5.8627083E+001, 6.2589333E+001, 5.5764283E+001, 5.4454509E+001, 5.9778470E+001, 6.1058132E+001, 5.7985796E+001, 5.8174019E+001, 2.4794897E+002, 2.3290950E+002, 2.2349154E+002, 2.1069737E+002, 1.9138021E+002, 2.3374328E+002, 1.6605527E+002
 1.0400245E+003, 5.0662673E+001, 5.0787102E+001, 5.6327736E+001, 6.5668230E+001, 7.0513881E+001, 5.1503163E+001, 5.2149844E+001, 5.2191366E+001, 6.0278222E+001, 7.1618912E+001, 8.1652864E+001, 5.7706395E+001, 5.2171768E+001, 5.3438412E+001, 6.0112015E+001, 6.9902010E+001, 8.1540627E+001, 6.8015992E+001, 4.9229796E+001, 5.1034085E+001, 5.7175495E+001, 6.1866522E+001, 7.0162465E+001, 5.9475728E+001, 4.6861012E+001, 5.0188865E+001, 5.2331010E+001, 5.2190336E+001, 5.5011833E+001, 4.5828570E+001, 5.1644898E+001, 5.9981177E+001, 6.3291827E+001, 5.8087425E+001, 4.6914823E+001, 4.6014088E+001, 4.9665483E+001, 7.0729166E+001, 9.4268502E+001, 9.4994795E+001, 5.9588865E+001, 4.5964067E+001, 4.7701597E+001, 7.0514702E+001, 9.2282304E+001, 9.5436435E+001, 7.8124315E+001, 4.4814110E+001, 4.6654932E+001, 6.6770954E+001, 7.9899605E+001, 8.1185276E+001, 7.0231623E+001, 4.3488192E+001, 5.7250980E+001, 5.7890658E+001, 5.5525812E+001, 5.4750277E+001, 5.0563505E+001, 7.8617172E+001, 6.2095123E+001, 5.2284267E+001, 4.2544594E+001, 9.4716512E+001, 5.2707113E+001, 1.2586611E+002, 1.5427205E+002, 1.0395011E+002, 5.9194791E+001, 1.4394702E+002, 5.2515253E+001, 1.2415275E+002, 1.5078169E+002, 9.5281950E+001, 6.0703279E+001, 1.1611891E+002, 4.9624792E+001, 1.1185013E+002, 1.3289830E+002, 8.9386517E+001, 5.7349382E+001, 5.4979314E+001, 4.9411589E+001, 8.5863251E+001, 6.0811566E+001, 5.2689691E+001, 4.4843229E+001, 5.4852244E+001, 5.2402450E+001, 4.7827920E+001, 4.6720576E+001, 4.6102607E+001, 4.3783855E+001, 3.8764755E+001, 3.2255158E+001, 2.7091098E+001, 2.5337885E+001, 2.5134388E+001, 2.4980037E+001, 2.4864658E+001, 6.1042501E+001, 5.2409524E+001, 4.7201333E+001, 4.5780693E+001, 4.4422476E+001, 4.3123233E+001, 3.8404230E+001, 3.3631055E+001, 2.8419961E+001, 2.5775367E+001, 2.4924151E+001, 2.4451150E+001, 2.4261196E+001, 4.6777859E+001, 4.6873663E+001, 4.7299903E+001, 4.7753344E+001, 4.7537787E+001, 4.6689219E+001, 4.4967272E+001, 3.2743105E+001, 2.5610915E+001, 2.5110648E+001, 2.5015402E+001, 6.2093012E+001, 6.2021152E+001, 6.0507093E+001, 5.8163051E+001, 4.7200458E+001, 4.3615358E+001, 3.8946944E+001, 3.0318525E+001, 2.7422020E+001, 2.5734465E+001, 2.5071510E+001, 5.9183112E+001, 6.3114919E+001, 5.6309114E+001, 5.4940187E+001, 6.0352379E+001, 6.1572790E+001, 5.8535953E+001, 5.8671007E+001, 2.4574535E+002, 2.3667278E+002, 2.2961994E+002, 2.2858842E+002, 2.0683886E+002, 1.9301683E+002, 1.6701636E+002
 1.0600081E+003, 5.0226587E+001, 5.0801072E+001, 5.7344685E+001, 6.7187645E+001, 7.2728028E+001, 5.1353756E+001, 5.1239462E+001, 5.2334933E+001, 6.0304353E+001, 7.2467202E+001, 7.5020478E+001, 5.4622418E+001, 5.1706910E+001, 5.3767142E+001, 5.9398010E+001, 7.0272065E+001, 7.4620348E+001, 6.6216823E+001, 5.0597299E+001, 5.4444791E+001, 5.7396245E+001, 6.5069756E+001, 6.5775281E+001, 6.0169797E+001, 4.7626393E+001, 4.8832952E+001, 5.1813100E+001, 5.4408935E+001, 5.7258396E+001, 4.4009871E+001, 4.8745567E+001, 6.6582220E+001, 6.8142043E+001, 7.4305078E+001, 4.5369373E+001, 4.5525672E+001, 4.7478305E+001, 6.8545585E+001, 9.7567207E+001, 8.7291075E+001, 5.7600613E+001, 4.6217258E+001, 4.8757842E+001, 7.2413593E+001, 8.6833517E+001, 8.2050431E+001, 7.9454626E+001, 4.6135469E+001, 5.8392429E+001, 7.4382407E+001, 7.1171731E+001, 6.6519666E+001, 6.4649769E+001, 4.6202359E+001, 5.6371751E+001, 5.8045822E+001, 5.5367242E+001, 5.6308651E+001, 5.2422618E+001, 1.0913267E+002, 9.1038315E+001, 6.5867521E+001, 5.1352854E+001, 9.7171936E+001, 5.2696219E+001, 1.1540112E+002, 1.3481378E+002, 9.0560983E+001, 5.6556533E+001, 1.2214536E+002, 4.9575415E+001, 9.9805389E+001, 1.2035514E+002, 8.8238441E+001, 6.5494651E+001, 1.1440746E+002, 4.8037127E+001, 1.1498223E+002, 1.3312859E+002, 7.9816633E+001, 5.3439452E+001, 5.4954506E+001, 4.9664866E+001, 8.7705290E+001, 6.7243210E+001, 5.5162700E+001, 4.5924015E+001, 5.5910384E+001, 5.2976419E+001, 4.8005774E+001, 4.7003876E+001, 4.6113040E+001, 4.3835635E+001, 3.8009085E+001, 3.2183952E+001, 2.7859330E+001, 2.5437123E+001, 2.5188571E+001, 2.5035530E+001, 2.4909171E+001, 6.1912217E+001, 5.1413961E+001, 4.7372715E+001, 4.5197475E+001, 4.4640369E+001, 4.3677070E+001, 3.8319225E+001, 3.1486886E+001, 2.7319134E+001, 2.5882892E+001, 2.5062287E+001, 2.4460508E+001, 2.4219094E+001, 4.7517267E+001, 4.8231011E+001, 4.8553878E+001, 4.8131499E+001, 4.7264182E+001, 4.6215166E+001, 4.4763602E+001, 2.8435057E+001, 2.5633670E+001, 2.5135729E+001, 2.5059571E+001, 6.4512603E+001, 6.3991948E+001, 6.3150085E+001, 5.4361036E+001, 4.6521601E+001, 4.3254509E+001, 3.8210349E+001, 3.0631428E+001, 2.7276725E+001, 2.5819399E+001, 2.5195832E+001, 5.9726278E+001, 6.3611489E+001, 5.6851419E+001, 5.5405193E+001, 6.0896471E+001, 6.2058629E+001, 5.9076984E+001, 5.9153927E+001, 2.4454339E+002, 2.3730399E+002, 2.3434235E+002, 2.3326315E+002, 1.9697568E+002, 2.0677141E+002, 1.6740131E+002
 1.0800712E+003, 5.0555605E+001, 5.0567557E+001, 5.3781637E+001, 6.3407397E+001, 7.3152420E+001, 5.0465979E+001, 5.1175752E+001, 5.1743926E+001, 5.7289631E+001, 6.7602580E+001, 8.0844190E+001, 5.7194208E+001, 5.3146724E+001, 5.6430846E+001, 6.2846311E+001, 7.0598951E+001, 7.5116413E+001, 6.4450908E+001, 5.2232777E+001, 5.5934193E+001, 6.2091390E+001, 6.3716693E+001, 6.6618999E+001, 6.3018537E+001, 5.0168290E+001, 5.0835324E+001, 5.5881610E+001, 5.7137343E+001, 6.2164677E+001, 4.4775002E+001, 4.9585210E+001, 6.4101274E+001, 7.6144398E+001, 6.8214440E+001, 4.6566685E+001, 4.6300436E+001, 4.9117269E+001, 6.3569216E+001, 9.2616284E+001, 8.6199284E+001, 6.1339392E+001, 4.6589495E+001, 5.5628549E+001, 6.6642234E+001, 8.2920958E+001, 8.2335452E+001, 7.8347949E+001, 4.5466810E+001, 5.1273993E+001, 7.2591491E+001, 8.3997346E+001, 8.1389654E+001, 8.1383237E+001, 4.5542051E+001, 5.2545207E+001, 6.1170273E+001, 5.9828718E+001, 6.5226751E+001, 5.1866148E+001, 1.0446695E+002, 8.7773885E+001, 5.9082137E+001, 4.6428105E+001, 9.0544047E+001, 4.9812120E+001, 1.1398600E+002, 1.3327815E+002, 9.1947524E+001, 5.6146159E+001, 1.1299180E+002, 5.0957868E+001, 1.0485920E+002, 1.1683745E+002, 7.5737699E+001, 5.3037889E+001, 1.0858785E+002, 4.8846115E+001, 1.1896886E+002, 1.4468261E+002, 9.8403584E+001, 5.3484111E+001, 5.8714935E+001, 4.8451076E+001, 9.8438756E+001, 7.4028044E+001, 5.5089521E+001, 4.4906896E+001, 5.6121274E+001, 5.3624848E+001, 4.9008817E+001, 4.7218929E+001, 4.6490496E+001, 4.3879013E+001, 3.8032434E+001, 3.2102786E+001, 2.8745568E+001, 2.5547655E+001, 2.5299633E+001, 2.5161142E+001, 2.4975210E+001, 5.9244888E+001, 5.5102431E+001, 4.8575994E+001, 4.6137117E+001, 4.4875427E+001, 4.3652729E+001, 3.8708036E+001, 3.1945891E+001, 2.7069772E+001, 2.6054440E+001, 2.5303159E+001, 2.4825124E+001, 2.4315273E+001, 4.7929793E+001, 4.8614410E+001, 4.9160877E+001, 4.9484528E+001, 4.8377897E+001, 4.6734751E+001, 4.3272708E+001, 2.8070898E+001, 2.6134810E+001, 2.5164660E+001, 2.5101004E+001, 6.3707905E+001, 6.3301142E+001, 6.2294511E+001, 5.6159021E+001, 4.5229295E+001, 4.2339840E+001, 3.8596009E+001, 3.0919347E+001, 2.7914509E+001, 2.6621848E+001, 2.5308177E+001, 6.0251977E+001, 6.4096630E+001, 5.7370270E+001, 5.5874077E+001, 6.1442173E+001, 6.2549664E+001, 5.9604082E+001, 5.9617170E+001, 2.4659276E+002, 2.3293563E+002, 2.3349549E+002, 2.3609092E+002, 2.1500618E+002, 2.3556047E+002, 1.6742096E+002
 1.1000888E+003, 5.1351375E+001, 5.4645015E+001, 5.5935296E+001, 6.2301575E+001, 6.8600758E+001, 5.4138309E+001, 5.1554554E+001, 5.5791323E+001, 5.8953463E+001, 6.2929772E+001, 7.4368771E+001, 5.6677143E+001, 5.1974476E+001, 5.4307510E+001, 5.8756789E+001, 6.8937194E+001, 7.9491809E+001, 6.4558917E+001, 5.1891853E+001, 5.3473588E+001, 6.3403999E+001, 6.9491183E+001, 7.6465164E+001, 6.7859448E+001, 5.0058180E+001, 4.9614365E+001, 5.6981083E+001, 5.8538597E+001, 6.1012358E+001, 4.5545152E+001, 5.0809631E+001, 6.1973340E+001, 7.0525615E+001, 6.9774836E+001, 4.6888721E+001, 4.6654531E+001, 4.9009744E+001, 5.8316364E+001, 7.8889844E+001, 7.6760639E+001, 5.2850280E+001, 4.6474678E+001, 4.7759980E+001, 5.8749817E+001, 8.5784852E+001, 8.7873233E+001, 7.8512267E+001, 4.5948696E+001, 4.9937955E+001, 7.3524067E+001, 8.9849494E+001, 9.0784735E+001, 8.2306769E+001, 4.5538563E+001, 5.1729780E+001, 6.7585313E+001, 6.3692161E+001, 6.2024334E+001, 5.0948837E+001, 1.1503953E+002, 9.5059163E+001, 6.6413056E+001, 4.5898792E+001, 9.3065310E+001, 4.9823192E+001, 9.6708758E+001, 1.2117522E+002, 8.1445286E+001, 5.6614189E+001, 1.1452018E+002, 4.8214174E+001, 1.0201993E+002, 1.2846129E+002, 8.6688822E+001, 5.3330399E+001, 1.1847363E+002, 4.7333338E+001, 1.1846506E+002, 1.4093224E+002, 8.8328326E+001, 5.3048599E+001, 6.0104946E+001, 5.0102114E+001, 9.4680470E+001, 7.3589481E+001, 5.4263420E+001, 4.5480920E+001, 5.6290640E+001, 5.4219514E+001, 4.8279107E+001, 4.7952312E+001, 4.6953491E+001, 4.5007579E+001, 3.8999340E+001, 3.2370561E+001, 2.8640712E+001, 2.5673209E+001, 2.5373863E+001, 2.5206036E+001, 2.5027789E+001, 6.0611861E+001, 5.2388341E+001, 4.8726855E+001, 4.6166001E+001, 4.5045873E+001, 4.3717809E+001, 3.9608521E+001, 3.2800541E+001, 2.7286941E+001, 2.6142580E+001, 2.5411405E+001, 2.4880825E+001, 2.4066190E+001, 4.8631422E+001, 4.9256438E+001, 4.9644471E+001, 4.9614958E+001, 4.8739444E+001, 4.6859458E+001, 4.0506854E+001, 2.9255899E+001, 2.6269773E+001, 2.5211112E+001, 2.5144423E+001, 6.1855649E+001, 6.1846350E+001, 6.1344790E+001, 5.9542190E+001, 4.7796932E+001, 4.3418793E+001, 4.0417625E+001, 2.9570042E+001, 2.7276227E+001, 2.6689852E+001, 2.5317430E+001, 6.0764685E+001, 6.4575535E+001, 5.7856513E+001, 5.6317345E+001, 6.1995689E+001, 6.3044959E+001, 6.0101660E+001, 6.0053960E+001, 2.4547884E+002, 2.3338082E+002, 2.2770683E+002, 2.1097022E+002, 1.7359144E+002, 1.6851746E+002, 1.6812196E+002
 1.1200101E+003, 5.0478508E+001, 5.1823884E+001, 5.5963781E+001, 6.1233629E+001, 6.3706308E+001, 5.1081146E+001, 5.0380642E+001, 5.2468109E+001, 5.6503014E+001, 6.6757411E+001, 7.4894868E+001, 5.4940660E+001, 5.1090550E+001, 5.3605829E+001, 5.8453125E+001, 7.1737907E+001, 7.7105567E+001, 6.6193290E+001, 5.0488998E+001, 5.2366184E+001, 5.8876937E+001, 5.8770618E+001, 6.5052217E+001, 5.6838479E+001, 4.9200705E+001, 4.9023884E+001, 5.2291358E+001, 5.4633760E+001, 5.4177880E+001, 4.6627738E+001, 5.1037003E+001, 6.1700400E+001, 5.9197288E+001, 6.0548783E+001, 5.0570098E+001, 4.7152307E+001, 5.1368239E+001, 6.2895076E+001, 8.4921772E+001, 8.7900497E+001, 5.2507363E+001, 4.6314816E+001, 4.7717891E+001, 6.6878481E+001, 9.4987312E+001, 9.4163815E+001, 8.4751243E+001, 4.6134092E+001, 5.6517996E+001, 7.0271327E+001, 7.6572359E+001, 7.8024900E+001, 6.2634966E+001, 4.5156816E+001, 5.3910788E+001, 6.2244281E+001, 5.7850773E+001, 5.2599398E+001, 5.2116796E+001, 8.7547870E+001, 6.5714527E+001, 5.2801140E+001, 4.4572289E+001, 8.8778184E+001, 5.0212061E+001, 1.0433452E+002, 1.3591125E+002, 8.7936521E+001, 5.4217621E+001, 1.3978810E+002, 5.0478990E+001, 1.2654371E+002, 1.5766609E+002, 1.1253124E+002, 7.2678479E+001, 1.4505410E+002, 4.8906251E+001, 1.0423618E+002, 1.2548904E+002, 8.1764754E+001, 5.4701852E+001, 5.5200080E+001, 5.0568827E+001, 9.2178335E+001, 6.0681157E+001, 4.7981784E+001, 4.3300777E+001, 5.6394975E+001, 5.2812648E+001, 4.8570044E+001, 4.8213564E+001, 4.7372610E+001, 4.6373646E+001, 3.8177366E+001, 3.1840917E+001, 2.7258610E+001, 2.5621115E+001, 2.5467067E+001, 2.5196437E+001, 2.5160488E+001, 6.2095193E+001, 5.1746880E+001, 4.8739391E+001, 4.5954410E+001, 4.4891299E+001, 4.3742043E+001, 3.9603999E+001, 3.1874782E+001, 2.7211453E+001, 2.6154317E+001, 2.5417850E+001, 2.4504910E+001, 2.4258129E+001, 4.8576134E+001, 5.0012527E+001, 5.0025292E+001, 4.9761227E+001, 4.9422254E+001, 4.8348303E+001, 4.1446229E+001, 3.3708820E+001, 2.6065425E+001, 2.5291317E+001, 2.5183013E+001, 6.0457490E+001, 6.0736773E+001, 6.0039150E+001, 5.6372193E+001, 4.8132599E+001, 4.3786920E+001, 4.0458105E+001, 2.9545100E+001, 2.7360883E+001, 2.6845791E+001, 2.5458229E+001, 6.1246156E+001, 6.5018933E+001, 5.8327473E+001, 5.6745253E+001, 6.2512054E+001, 6.3522614E+001, 6.0575084E+001, 6.0474123E+001, 2.4572566E+002, 2.3782346E+002, 2.3502711E+002, 2.2781864E+002, 1.8653875E+002, 1.9808078E+002, 1.6872150E+002
 1.1400128E+003, 5.2582455E+001, 5.3319417E+001, 5.4369825E+001, 6.0337883E+001, 6.4920296E+001, 5.1913568E+001, 5.1021889E+001, 5.2892319E+001, 5.7457161E+001, 6.7557560E+001, 7.5797663E+001, 5.5326150E+001, 5.0673788E+001, 5.2163283E+001, 6.0462248E+001, 7.1897053E+001, 7.6535362E+001, 6.8340973E+001, 5.0884849E+001, 5.6034192E+001, 6.4986676E+001, 6.9635770E+001, 7.3798925E+001, 6.9060566E+001, 4.9668245E+001, 5.3104912E+001, 5.3992781E+001, 5.9813686E+001, 6.5218819E+001, 4.6448492E+001, 5.1698913E+001, 5.7226206E+001, 6.1654027E+001, 6.1212767E+001, 4.8922689E+001, 4.7273699E+001, 5.2190689E+001, 7.2496950E+001, 8.4372430E+001, 8.1951606E+001, 6.0692485E+001, 4.6908507E+001, 4.9440097E+001, 7.2226586E+001, 8.8973907E+001, 9.0440456E+001, 8.3870668E+001, 4.5944518E+001, 5.2609469E+001, 7.4218590E+001, 8.8638077E+001, 8.6780313E+001, 8.1752739E+001, 4.5477814E+001, 5.2410646E+001, 6.8396426E+001, 6.5341773E+001, 6.4943788E+001, 5.2085715E+001, 8.6166779E+001, 6.6884345E+001, 5.4062097E+001, 4.4999203E+001, 9.5605594E+001, 5.1837160E+001, 1.1574576E+002, 1.4282668E+002, 9.5330147E+001, 5.7650378E+001, 1.3188245E+002, 4.9542541E+001, 1.0587390E+002, 1.2519150E+002, 8.2982317E+001, 6.0388409E+001, 1.0598825E+002, 4.8861841E+001, 1.0391988E+002, 1.5303068E+002, 1.0149831E+002, 5.9171478E+001, 6.1438103E+001, 5.0947163E+001, 9.5328433E+001, 7.6961228E+001, 5.5934457E+001, 4.5740474E+001, 5.6277532E+001, 5.3779464E+001, 4.9084503E+001, 4.7979247E+001, 4.7751525E+001, 4.6323455E+001, 3.8521893E+001, 3.2747502E+001, 2.8027612E+001, 2.5733405E+001, 2.5478572E+001, 2.5277808E+001, 2.5113652E+001, 6.5202815E+001, 5.4185462E+001, 4.9025124E+001, 4.6158338E+001, 4.4981881E+001, 4.3308944E+001, 3.9595467E+001, 3.3464423E+001, 2.7802693E+001, 2.6289150E+001, 2.5530100E+001, 2.4839917E+001, 2.4492885E+001, 4.8364446E+001, 5.0346424E+001, 5.1199457E+001, 5.0986508E+001, 4.9999087E+001, 4.8944185E+001, 4.5077446E+001, 3.1596936E+001, 2.5749260E+001, 2.5332727E+001, 2.5217293E+001, 6.0514585E+001, 6.0629462E+001, 6.0463082E+001, 5.6483528E+001, 4.9355910E+001, 4.4118698E+001, 4.0668916E+001, 3.3355574E+001, 2.7691018E+001, 2.6735801E+001, 2.5250085E+001, 6.1717335E+001, 6.5427460E+001, 5.8783477E+001, 5.7163847E+001, 6.3002124E+001, 6.3976131E+001, 6.1054105E+001, 6.0884543E+001, 2.4666553E+002, 2.3467078E+002, 2.3668665E+002, 2.3453841E+002, 1.8766652E+002, 2.2745468E+002, 1.6952285E+002
 1.1600569E+003, 5.2071336E+001, 5.3561741E+001, 5.6141235E+001, 6.7639477E+001, 7.1190113E+001, 5.1912545E+001, 5.2633190E+001, 5.1901740E+001, 5.6356641E+001, 6.9160605E+001, 7.2899662E+001, 5.1578321E+001, 5.1744642E+001, 5.0631667E+001, 5.6508921E+001, 6.9750454E+001, 7.6921316E+001, 6.3431154E+001, 4.9608156E+001, 5.1470623E+001, 6.1027563E+001, 6.4997965E+001, 7.3390678E+001, 6.3077722E+001, 4.8854118E+001, 5.0617360E+001, 5.5288063E+001, 5.5239128E+001, 6.1421154E+001, 4.7342614E+001, 5.9724305E+001, 6.8629137E+001, 7.2785370E+001, 6.4989451E+001, 4.9889284E+001, 4.7470868E+001, 5.0424847E+001, 6.3439727E+001, 7.6886856E+001, 7.9591057E+001, 5.1940161E+001, 4.6838744E+001, 4.8298277E+001, 6.3629500E+001, 8.0989560E+001, 8.7136114E+001, 7.4317920E+001, 4.7099938E+001, 5.0974200E+001, 6.7809590E+001, 8.0904113E+001, 8.5835552E+001, 8.1438824E+001, 4.6626226E+001, 5.4968641E+001, 6.7536803E+001, 7.0364586E+001, 7.2869918E+001, 5.3660538E+001, 1.1886084E+002, 9.4840912E+001, 6.3902584E+001, 4.5115388E+001, 9.3711154E+001, 4.9538647E+001, 9.5794995E+001, 1.3553913E+002, 9.7281142E+001, 5.9054860E+001, 1.2703216E+002, 4.8105315E+001, 1.0244817E+002, 1.2782743E+002, 8.4635276E+001, 5.6967093E+001, 1.0560082E+002, 4.8032959E+001, 1.0120431E+002, 1.3728390E+002, 9.9589137E+001, 5.3498123E+001, 6.7006784E+001, 5.1042391E+001, 1.1817172E+002, 9.3208419E+001, 6.6478490E+001, 4.6269335E+001, 5.6393606E+001, 5.2751178E+001, 4.9846965E+001, 4.8501527E+001, 4.7940526E+001, 4.6435010E+001, 3.9775737E+001, 3.3182598E+001, 2.8239751E+001, 2.5884580E+001, 2.5528398E+001, 2.5393824E+001, 2.5131613E+001, 6.1284548E+001, 5.3320419E+001, 4.9339040E+001, 4.6997105E+001, 4.5445736E+001, 4.4522119E+001, 3.9819927E+001, 3.2474029E+001, 2.8111941E+001, 2.6463308E+001, 2.5759889E+001, 2.5051355E+001, 2.4367492E+001, 4.9903635E+001, 5.1224502E+001, 5.1736069E+001, 5.1112475E+001, 4.9867940E+001, 4.7603847E+001, 4.2835236E+001, 3.0825710E+001, 2.6227303E+001, 2.5413531E+001, 2.5248345E+001, 6.3257722E+001, 6.2730791E+001, 6.1975034E+001, 6.0383595E+001, 5.3449982E+001, 4.4765705E+001, 4.0950230E+001, 3.2891450E+001, 2.8012058E+001, 2.6727933E+001, 2.5359610E+001, 6.2197319E+001, 6.5832135E+001, 5.9234323E+001, 5.7577498E+001, 6.3486144E+001, 6.4418704E+001, 6.1526572E+001, 6.1280406E+001, 2.5240329E+002, 2.4002955E+002, 2.2683449E+002, 2.1594054E+002, 1.9770684E+002, 2.3781770E+002, 1.7012966E+002
 1.1800673E+003, 5.2703207E+001, 5.2724268E+001, 5.3425027E+001, 6.7258755E+001, 7.1870521E+001, 5.2187384E+001, 5.2450500E+001, 5.2305164E+001, 5.6029870E+001, 6.8015999E+001, 7.8487315E+001, 5.2841537E+001, 5.1524847E+001, 5.2715276E+001, 5.9280015E+001, 6.8549963E+001, 7.7237604E+001, 6.4139774E+001, 4.9431748E+001, 5.3261058E+001, 5.9268066E+001, 6.4734279E+001, 7.1184436E+001, 6.3297223E+001, 4.9353286E+001, 4.9590541E+001, 5.1081292E+001, 5.3689031E+001, 6.0902026E+001, 4.7658520E+001, 5.3166382E+001, 6.3932262E+001, 7.4104989E+001, 7.3774538E+001, 4.8412592E+001, 4.7731460E+001, 5.0622101E+001, 6.0617168E+001, 8.3684291E+001, 8.7157245E+001, 5.5308153E+001, 4.7603173E+001, 5.1112765E+001, 6.6493197E+001, 7.3680507E+001, 9.2437549E+001, 7.4679750E+001, 4.7229414E+001, 5.1400927E+001, 7.0732958E+001, 8.4007924E+001, 8.5224548E+001, 7.5901777E+001, 4.5980747E+001, 5.5132103E+001, 6.3481221E+001, 6.7535543E+001, 6.1382968E+001, 5.2105084E+001, 1.0131913E+002, 7.3129572E+001, 5.8911740E+001, 4.7877378E+001, 8.8853218E+001, 5.1569568E+001, 1.1977711E+002, 1.5104461E+002, 1.0513601E+002, 6.0610730E+001, 1.4008135E+002, 5.0532816E+001, 1.0415990E+002, 1.3828131E+002, 9.7865051E+001, 6.2021494E+001, 1.1685628E+002, 4.7984086E+001, 1.0211432E+002, 1.3193231E+002, 9.2239296E+001, 5.2501158E+001, 5.6172373E+001, 5.1402193E+001, 9.7553422E+001, 7.3362051E+001, 4.9142172E+001, 4.2240822E+001, 5.7489848E+001, 5.3448032E+001, 4.9803674E+001, 4.8778998E+001, 4.8020551E+001, 4.6389644E+001, 4.0125576E+001, 3.3228057E+001, 2.7451520E+001, 2.5855666E+001, 2.5551494E+001, 2.5435027E+001, 2.5019127E+001, 6.3264912E+001, 5.4115504E+001, 4.9544014E+001, 4.8066102E+001, 4.5891165E+001, 4.5042753E+001, 4.0635607E+001, 3.2344975E+001, 2.7893681E+001, 2.6545796E+001, 2.5654456E+001, 2.4862887E+001, 2.4449808E+001, 4.8600486E+001, 4.8951467E+001, 5.0032429E+001, 5.0104910E+001, 4.9532245E+001, 4.8302214E+001, 4.0875464E+001, 3.3538339E+001, 2.7618284E+001, 2.5531316E+001, 2.5302455E+001, 6.2038325E+001, 6.1927295E+001, 6.1241001E+001, 6.0053979E+001, 5.1211971E+001, 4.2969333E+001, 3.9561130E+001, 3.2882917E+001, 2.7841107E+001, 2.6226018E+001, 2.5525862E+001, 6.2666728E+001, 6.6233864E+001, 5.9684361E+001, 5.7987682E+001, 6.3940590E+001, 6.4807901E+001, 6.1959517E+001, 6.1650293E+001, 2.4215754E+002, 2.2985398E+002, 2.2242455E+002, 2.1024299E+002, 1.8510647E+002, 1.9320543E+002, 1.7064792E+002
 1.2000067E+003, 5.5039332E+001, 5.3871968E+001, 5.6050141E+001, 6.3638066E+001, 6.7746862E+001, 5.4572717E+001, 5.3661068E+001, 5.4615682E+001, 5.7670895E+001, 7.1780024E+001, 7.8959992E+001, 5.5267949E+001, 5.1977171E+001, 5.4502335E+001, 5.9589422E+001, 7.0367466E+001, 7.5232422E+001, 6.4002082E+001, 5.0614267E+001, 5.3466423E+001, 5.9097825E+001, 6.6179141E+001, 6.3889319E+001, 5.9141113E+001, 4.9360559E+001, 5.0480184E+001, 5.1390373E+001, 5.3395723E+001, 5.8290964E+001, 4.8546773E+001, 5.1819594E+001, 6.5680960E+001, 6.7921918E+001, 6.4248438E+001, 4.8626303E+001, 4.8211087E+001, 4.9849005E+001, 6.8506468E+001, 9.0721877E+001, 8.8412554E+001, 6.0854833E+001, 4.7835679E+001, 5.2291388E+001, 6.8435520E+001, 8.4239355E+001, 8.7646683E+001, 7.6394532E+001, 4.7785633E+001, 5.9684322E+001, 6.9350738E+001, 8.1159362E+001, 7.9461512E+001, 7.6102759E+001, 4.7461286E+001, 5.5635597E+001, 5.3708959E+001, 5.7034417E+001, 6.2228332E+001, 5.3585183E+001, 9.5344559E+001, 7.5844809E+001, 5.8014136E+001, 4.8114536E+001, 1.0664249E+002, 5.3797975E+001, 1.1748707E+002, 1.5473809E+002, 9.9486742E+001, 6.1237914E+001, 1.4171441E+002, 5.0063142E+001, 1.0604786E+002, 1.2542039E+002, 9.1907215E+001, 6.1138995E+001, 1.0982068E+002, 4.8945511E+001, 1.0765974E+002, 1.3385980E+002, 9.1227822E+001, 5.5790846E+001, 6.1910811E+001, 5.2181382E+001, 9.5388562E+001, 6.4624508E+001, 5.0839750E+001, 4.3585792E+001, 5.7408052E+001, 5.3865281E+001, 4.9878265E+001, 4.9107408E+001, 4.8445901E+001, 4.6666224E+001, 4.0142050E+001, 3.2765115E+001, 2.8145987E+001, 2.5875803E+001, 2.5606647E+001, 2.5433300E+001, 2.5030169E+001, 6.2846166E+001, 5.5763505E+001, 4.9838533E+001, 4.8645820E+001, 4.6172117E+001, 4.5537520E+001, 4.1822463E+001, 3.2576407E+001, 2.7908053E+001, 2.6607004E+001, 2.5576724E+001, 2.5002730E+001, 2.4559265E+001, 4.8206155E+001, 4.9047610E+001, 4.9237506E+001, 4.9539158E+001, 4.9138585E+001, 4.8319221E+001, 4.5961219E+001, 3.1442734E+001, 2.6223896E+001, 2.5574696E+001, 2.5359506E+001, 6.4842158E+001, 6.3979069E+001, 6.2187935E+001, 5.8303554E+001, 5.0319802E+001, 4.4068753E+001, 3.9606532E+001, 3.2424445E+001, 2.7644445E+001, 2.6733933E+001, 2.5662365E+001, 6.3072983E+001, 6.6635701E+001, 6.0128088E+001, 5.8404202E+001, 6.4367952E+001, 6.5172150E+001, 6.2378260E+001, 6.2008037E+001, 2.4966600E+002, 2.3838322E+002, 2.3560039E+002, 2.2302973E+002, 1.7458716E+002, 1.8838157E+002, 1.7096409E+002
 1.2200033E+003, 5.5387794E+001, 5.6266423E+001, 6.0386821E+001, 6.7566177E+001, 7.3505179E+001, 5.5265141E+001, 5.4016536E+001, 5.5485440E+001, 5.8937316E+001, 7.1096801E+001, 7.4125291E+001, 5.6973283E+001, 5.3777791E+001, 5.4394844E+001, 6.0663993E+001, 6.8268624E+001, 7.2422255E+001, 6.3992005E+001, 5.0818922E+001, 5.1708565E+001, 5.8186055E+001, 6.8198696E+001, 6.7149717E+001, 6.8277847E+001, 4.9543007E+001, 4.9437938E+001, 5.2887700E+001, 6.3353821E+001, 6.3905470E+001, 4.8382780E+001, 5.3254961E+001, 7.2050549E+001, 7.1862682E+001, 6.8807657E+001, 4.8188961E+001, 4.7870017E+001, 5.0868422E+001, 6.4947177E+001, 8.4595977E+001, 8.0309727E+001, 5.6357301E+001, 4.7712461E+001, 5.5347538E+001, 6.4022528E+001, 7.6871672E+001, 7.7840279E+001, 7.1244106E+001, 4.6597594E+001, 5.2822429E+001, 6.7170704E+001, 7.5828565E+001, 7.8116623E+001, 7.7552464E+001, 4.6393832E+001, 5.4995531E+001, 6.7758943E+001, 7.6514265E+001, 7.2995579E+001, 5.4195086E+001, 1.0160029E+002, 8.4682136E+001, 5.9614990E+001, 4.4700289E+001, 9.6633663E+001, 5.2470145E+001, 1.0983539E+002, 1.4014984E+002, 9.5760419E+001, 5.8716134E+001, 1.1419934E+002, 4.9921264E+001, 1.0653831E+002, 1.1255153E+002, 8.3271409E+001, 5.6979406E+001, 1.0865744E+002, 4.8339684E+001, 9.8508827E+001, 1.2304400E+002, 8.2423639E+001, 5.5041686E+001, 7.4694330E+001, 4.9367438E+001, 1.2837771E+002, 1.0588237E+002, 7.1109022E+001, 4.7254815E+001, 5.6883449E+001, 5.4530031E+001, 5.0513536E+001, 4.9556755E+001, 4.8927560E+001, 4.7060193E+001, 4.0569348E+001, 3.2752996E+001, 2.7455524E+001, 2.5896677E+001, 2.5587428E+001, 2.5360142E+001, 2.5186412E+001, 6.1767298E+001, 5.7135990E+001, 5.0051547E+001, 4.9178487E+001, 4.6515385E+001, 4.5644272E+001, 4.0304428E+001, 3.1476299E+001, 2.7901789E+001, 2.6600798E+001, 2.5916099E+001, 2.5082552E+001, 2.4349664E+001, 4.8597901E+001, 4.9011172E+001, 4.9177178E+001, 4.9050972E+001, 4.8862791E+001, 4.7959145E+001, 4.5031946E+001, 3.0918442E+001, 2.7013204E+001, 2.5623519E+001, 2.5396728E+001, 6.3806349E+001, 6.3834435E+001, 6.2651996E+001, 6.0979322E+001, 5.1206588E+001, 4.5514907E+001, 4.1365021E+001, 3.4275524E+001, 2.7972692E+001, 2.7023364E+001, 2.5963195E+001, 6.3461199E+001, 6.7002788E+001, 6.0566308E+001, 5.8800389E+001, 6.4786688E+001, 6.5539748E+001, 6.2744293E+001, 6.2339602E+001, 2.4699791E+002, 2.3794521E+002, 2.3819053E+002, 2.3247077E+002, 2.0013801E+002, 2.2279138E+002, 1.7109033E+002
 1.2400743E+003, 5.4828697E+001, 5.5027719E+001, 5.9917459E+001, 6.7893536E+001, 6.5500345E+001, 5.5012116E+001, 5.5010728E+001, 5.5621816E+001, 6.1308544E+001, 6.7864023E+001, 7.0584230E+001, 5.8066278E+001, 5.4184896E+001, 5.3768119E+001, 6.3273142E+001, 6.9356972E+001, 7.4367129E+001, 7.0920316E+001, 5.1435357E+001, 5.4240840E+001, 6.5432234E+001, 7.1432254E+001, 7.5626611E+001, 7.1963329E+001, 4.9926746E+001, 5.1626525E+001, 5.7535423E+001, 6.5474508E+001, 6.8501448E+001, 4.9359706E+001, 5.1106517E+001, 7.0179073E+001, 6.0364227E+001, 5.6605111E+001, 4.9085381E+001, 4.8721061E+001, 5.0296864E+001, 6.4671417E+001, 7.9847247E+001, 8.2359357E+001, 5.7675520E+001, 4.7904772E+001, 5.3563326E+001, 6.9417786E+001, 8.2236782E+001, 9.1646713E+001, 7.9930402E+001, 4.7460213E+001, 5.3383579E+001, 7.6507194E+001, 8.3818707E+001, 8.6856613E+001, 7.7142612E+001, 4.7184286E+001, 5.6001514E+001, 6.6347681E+001, 7.2733022E+001, 6.7119881E+001, 5.2979267E+001, 1.0810830E+002, 8.0090937E+001, 5.5105351E+001, 4.5643976E+001, 9.1288026E+001, 5.1341540E+001, 1.0200024E+002, 1.2483423E+002, 8.0550564E+001, 5.3516123E+001, 1.3007638E+002, 5.4008470E+001, 1.2511747E+002, 1.4853983E+002, 9.7248340E+001, 5.9830770E+001, 1.4624202E+002, 5.1666650E+001, 1.1401386E+002, 1.4360892E+002, 9.3847775E+001, 6.3164816E+001, 6.3874859E+001, 5.1067764E+001, 9.8998058E+001, 7.5383920E+001, 5.5152812E+001, 4.8485148E+001, 5.9264538E+001, 5.4478170E+001, 5.0449501E+001, 4.9647811E+001, 4.8776792E+001, 4.7245130E+001, 4.0488689E+001, 3.3980683E+001, 2.7049259E+001, 2.5887069E+001, 2.5662459E+001, 2.5346401E+001, 2.5270940E+001, 6.2600841E+001, 5.4199129E+001, 5.0172961E+001, 4.8850696E+001, 4.6881388E+001, 4.5785101E+001, 4.0670571E+001, 3.2861767E+001, 2.8447264E+001, 2.6657697E+001, 2.6119499E+001, 2.5075665E+001, 2.4500367E+001, 4.8705840E+001, 4.9709083E+001, 5.0098298E+001, 5.0133485E+001, 4.9495074E+001, 4.8265403E+001, 4.6341912E+001, 3.1726387E+001, 2.7832664E+001, 2.5689726E+001, 2.5448107E+001, 6.3240961E+001, 6.3536625E+001, 6.3490813E+001, 5.9838830E+001, 4.9008653E+001, 4.5552000E+001, 4.1106664E+001, 3.3519559E+001, 2.7727246E+001, 2.7196597E+001, 2.6484369E+001, 6.3850655E+001, 6.7357881E+001, 6.0977853E+001, 5.9147157E+001, 6.5208197E+001, 6.5910432E+001, 6.3133572E+001, 6.2662223E+001, 2.4976131E+002, 2.3781192E+002, 2.3619303E+002, 2.2360734E+002, 1.8128645E+002, 2.2482734E+002, 1.7144058E+002
 1.2600551E+003, 5.5344399E+001, 5.9487535E+001, 6.0612751E+001, 6.3987534E+001, 6.5759914E+001, 6.0114676E+001, 5.9550850E+001, 6.0172536E+001, 6.3775482E+001, 6.6923575E+001, 7.4374723E+001, 5.9488367E+001, 5.5854612E+001, 5.6401640E+001, 6.0256124E+001, 6.6748704E+001, 7.3045045E+001, 6.1659925E+001, 5.2526052E+001, 5.4243561E+001, 5.9636592E+001, 6.5254263E+001, 7.4460976E+001, 7.0278834E+001, 5.1111913E+001, 5.2684030E+001, 5.8112357E+001, 6.6309851E+001, 6.8431900E+001, 4.8296504E+001, 4.9634611E+001, 6.7292213E+001, 6.5274397E+001, 6.2910063E+001, 4.8410784E+001, 4.8281209E+001, 5.0070018E+001, 6.1858199E+001, 8.4431355E+001, 8.3303145E+001, 5.5507187E+001, 4.8478665E+001, 4.9294845E+001, 6.0765894E+001, 8.5863059E+001, 8.4633863E+001, 7.6242807E+001, 4.7972247E+001, 5.4202564E+001, 7.0045879E+001, 8.6164908E+001, 8.6605835E+001, 8.0545256E+001, 4.6807712E+001, 5.4856741E+001, 7.2260280E+001, 7.3087982E+001, 6.7480736E+001, 5.1138585E+001, 1.0841122E+002, 8.5943539E+001, 5.9157068E+001, 4.9116213E+001, 8.5917154E+001, 5.1339756E+001, 1.0142673E+002, 1.2857268E+002, 8.2686590E+001, 5.5438492E+001, 1.2246762E+002, 5.4620444E+001, 1.1317181E+002, 1.3357447E+002, 9.3728590E+001, 5.8324319E+001, 1.2235063E+002, 5.2968850E+001, 1.1506227E+002, 1.2378711E+002, 8.3167382E+001, 5.6713123E+001, 6.7571336E+001, 5.3032802E+001, 1.1794349E+002, 9.2637591E+001, 6.1471459E+001, 4.7278412E+001, 6.0277308E+001, 5.6817321E+001, 5.0659909E+001, 4.9600195E+001, 4.9314801E+001, 4.6250553E+001, 3.9547090E+001, 3.3746466E+001, 2.7587640E+001, 2.5877545E+001, 2.5721935E+001, 2.5314043E+001, 2.5381051E+001, 6.2629253E+001, 5.3596884E+001, 5.0043176E+001, 4.7376764E+001, 4.6871554E+001, 4.5632554E+001, 4.0784701E+001, 3.3366637E+001, 2.8420638E+001, 2.6741673E+001, 2.6068329E+001, 2.5123257E+001, 2.4909751E+001, 4.9021858E+001, 4.9540715E+001, 5.0200024E+001, 5.0369228E+001, 4.9975120E+001, 4.8900839E+001, 4.6216975E+001, 3.3036814E+001, 2.6275694E+001, 2.5718801E+001, 2.5485956E+001, 6.1285930E+001, 6.1470539E+001, 6.1450588E+001, 5.3030567E+001, 4.7140003E+001, 4.4998557E+001, 4.1359844E+001, 3.3497148E+001, 2.7600816E+001, 2.7201084E+001, 2.6110025E+001, 6.4241798E+001, 6.7693162E+001, 6.1356304E+001, 5.9489316E+001, 6.5612244E+001, 6.6272657E+001, 6.3529457E+001, 6.2973632E+001, 2.4493984E+002, 2.3492277E+002, 2.3817573E+002, 2.3513269E+002, 2.1043950E+002, 2.4863537E+002, 1.7153480E+002
 1.2800580E+003, 5.5184789E+001, 5.5976505E+001, 5.7450495E+001, 6.5406388E+001, 6.8134123E+001, 5.5731458E+001, 5.4874328E+001, 5.6340151E+001, 5.9340928E+001, 6.5688951E+001, 7.4647720E+001, 5.7341455E+001, 5.3192100E+001, 5.4787682E+001, 6.0088632E+001, 6.9240373E+001, 8.0659889E+001, 6.2363460E+001, 5.1742518E+001, 5.2796078E+001, 5.8180364E+001, 6.7295321E+001, 7.7432938E+001, 6.7564242E+001, 5.0788631E+001, 5.1829615E+001, 5.5350668E+001, 5.9172842E+001, 6.3087504E+001, 4.8522893E+001, 4.9955285E+001, 6.4755954E+001, 6.9894959E+001, 6.7866089E+001, 4.9482302E+001, 4.9556302E+001, 5.3422929E+001, 6.6584449E+001, 8.2493534E+001, 7.7877367E+001, 5.7615991E+001, 4.9304951E+001, 4.9664083E+001, 6.6878820E+001, 9.5125256E+001, 9.2680411E+001, 7.8046862E+001, 4.8478291E+001, 5.0745623E+001, 7.2747237E+001, 8.7790561E+001, 8.8407099E+001, 7.2587355E+001, 4.5755199E+001, 5.5139113E+001, 6.4323057E+001, 6.0983315E+001, 6.0067943E+001, 5.0581567E+001, 1.0255089E+002, 7.9152649E+001, 5.6438655E+001, 4.6459496E+001, 8.4091968E+001, 5.0194414E+001, 1.0562111E+002, 1.3321185E+002, 8.4459310E+001, 5.7176794E+001, 1.2949123E+002, 5.2931100E+001, 1.2288400E+002, 1.4836177E+002, 1.0097248E+002, 5.7844643E+001, 1.4068596E+002, 5.0623746E+001, 1.1985022E+002, 1.4915078E+002, 9.9255804E+001, 5.9123720E+001, 6.0032961E+001, 4.9690754E+001, 8.8989630E+001, 6.6979993E+001, 5.2922228E+001, 4.5808558E+001, 6.0062305E+001, 5.8956442E+001, 5.1025655E+001, 4.9720475E+001, 4.9626368E+001, 4.6431606E+001, 4.0145236E+001, 3.4394547E+001, 2.8839964E+001, 2.6294309E+001, 2.5861354E+001, 2.5467536E+001, 2.5330686E+001, 6.4441663E+001, 5.5463510E+001, 5.0341122E+001, 4.7594188E+001, 4.7090777E+001, 4.5946304E+001, 4.0450944E+001, 3.3006240E+001, 2.7993157E+001, 2.6752689E+001, 2.6299523E+001, 2.5400095E+001, 2.4798809E+001, 5.0744788E+001, 5.1090604E+001, 5.0911849E+001, 5.0653925E+001, 5.0182292E+001, 4.9415128E+001, 4.7670790E+001, 3.4389424E+001, 2.6019888E+001, 2.5726532E+001, 2.5513470E+001, 6.1911914E+001, 6.2000839E+001, 6.1518088E+001, 5.6524447E+001, 4.9122945E+001, 4.5750076E+001, 4.1237355E+001, 3.4182514E+001, 2.7738519E+001, 2.7166711E+001, 2.6188517E+001, 6.4656288E+001, 6.8046194E+001, 6.1719750E+001, 5.9825218E+001, 6.6010028E+001, 6.6630343E+001, 6.3908890E+001, 6.3273198E+001, 2.4778922E+002, 2.3683643E+002, 2.3930892E+002, 2.3609096E+002, 2.0926813E+002, 2.9055819E+002, 1.7158365E+002
 1.3000754E+003, 5.3888429E+001, 5.4269186E+001, 5.8394517E+001, 6.3152125E+001, 6.9107362E+001, 5.2351096E+001, 5.1703834E+001, 5.2896720E+001, 6.2331651E+001, 7.1866339E+001, 7.6570272E+001, 5.9178286E+001, 5.0639330E+001, 5.4045448E+001, 6.1265543E+001, 6.9694575E+001, 7.8190965E+001, 6.2737419E+001, 5.1157278E+001, 5.7015463E+001, 5.9653505E+001, 6.4086778E+001, 7.1595357E+001, 6.3950128E+001, 4.9776109E+001, 5.1840723E+001, 5.4113958E+001, 5.8039305E+001, 6.4056866E+001, 4.8665086E+001, 5.2096065E+001, 6.0914847E+001, 6.6221635E+001, 6.1271000E+001, 4.9697075E+001, 4.9689205E+001, 5.2727736E+001, 7.4094339E+001, 8.6685787E+001, 8.5199274E+001, 6.6190516E+001, 4.7450067E+001, 4.8908338E+001, 6.9932679E+001, 8.2343723E+001, 9.0669073E+001, 7.2416553E+001, 4.7158941E+001, 5.2654162E+001, 6.8104257E+001, 8.6021328E+001, 8.4033526E+001, 8.0129114E+001, 4.6510385E+001, 5.3157179E+001, 6.2586016E+001, 7.1734754E+001, 6.8541334E+001, 5.1872404E+001, 1.0093547E+002, 7.7192395E+001, 5.8786584E+001, 4.6648460E+001, 9.1912733E+001, 4.9049656E+001, 1.0777754E+002, 1.4546492E+002, 1.0483854E+002, 6.0358661E+001, 1.2382182E+002, 5.0711352E+001, 1.0625106E+002, 1.3037789E+002, 9.1210340E+001, 5.4156793E+001, 1.0127102E+002, 5.0290586E+001, 9.7462007E+001, 1.1815105E+002, 7.9163454E+001, 5.7441099E+001, 6.7134759E+001, 5.2002271E+001, 1.2745858E+002, 1.0224654E+002, 6.5931559E+001, 5.1961839E+001, 5.7950655E+001, 5.5814833E+001, 5.1455975E+001, 5.0174650E+001, 4.9644654E+001, 4.6192774E+001, 4.0453562E+001, 3.4410664E+001, 2.9482475E+001, 2.6594438E+001, 2.5904753E+001, 2.5632187E+001, 2.5311917E+001, 6.4444526E+001, 5.5577957E+001, 5.0818775E+001, 5.0343372E+001, 4.7421343E+001, 4.6197696E+001, 4.1006796E+001, 3.3739448E+001, 2.7916226E+001, 2.6830855E+001, 2.6210446E+001, 2.5314156E+001, 2.4281431E+001, 5.0542836E+001, 5.2050758E+001, 5.2036926E+001, 5.1685159E+001, 5.0794128E+001, 4.9838461E+001, 4.8095221E+001, 2.9335871E+001, 2.5932121E+001, 2.5731371E+001, 2.5541708E+001, 6.2805169E+001, 6.3102512E+001, 6.2387322E+001, 5.9193352E+001, 5.0648068E+001, 4.6486646E+001, 4.0980870E+001, 3.4102486E+001, 2.7735911E+001, 2.7196905E+001, 2.5583100E+001, 6.5070483E+001, 6.8410185E+001, 6.2076973E+001, 6.0144145E+001, 6.6392347E+001, 6.6979399E+001, 6.4308017E+001, 6.3565604E+001, 2.5110066E+002, 2.4110274E+002, 2.3950255E+002, 2.2199340E+002, 1.7321418E+002, 2.2254298E+002, 1.7148834E+002
 1.3200474E+003, 5.4759318E+001, 5.4639157E+001, 5.8621571E+001, 5.9758963E+001, 6.6568452E+001, 5.3408251E+001, 5.3995257E+001, 5.2752332E+001, 5.9388416E+001, 6.6607795E+001, 7.6135949E+001, 5.6623900E+001, 5.3740525E+001, 5.3980412E+001, 6.1782753E+001, 6.5843220E+001, 7.5239666E+001, 6.7299481E+001, 5.0640381E+001, 5.5283912E+001, 6.4248318E+001, 6.6529619E+001, 6.6952780E+001, 6.5784839E+001, 4.9726480E+001, 5.1871994E+001, 5.5629761E+001, 6.3265931E+001, 6.5568111E+001, 4.9819781E+001, 5.4108245E+001, 6.1970103E+001, 6.0431926E+001, 6.5849321E+001, 5.0158720E+001, 4.9319691E+001, 5.1767029E+001, 6.6209937E+001, 8.5905057E+001, 8.9272575E+001, 5.7541162E+001, 4.7355435E+001, 5.1028668E+001, 7.0818984E+001, 8.8383737E+001, 9.0786010E+001, 8.3203652E+001, 4.7467746E+001, 5.8277569E+001, 7.3517809E+001, 7.9385823E+001, 8.1670855E+001, 7.5211425E+001, 4.6532496E+001, 5.7835451E+001, 6.2617900E+001, 6.7322620E+001, 6.4522420E+001, 5.2028352E+001, 8.3195892E+001, 6.6842189E+001, 5.8455650E+001, 5.0852859E+001, 9.4954257E+001, 5.1271120E+001, 1.1006208E+002, 1.5185217E+002, 9.9598200E+001, 6.3137160E+001, 1.3198074E+002, 5.1710299E+001, 1.0897821E+002, 1.4027595E+002, 1.0554666E+002, 6.3114868E+001, 1.2471889E+002, 5.4591076E+001, 1.1326723E+002, 1.3919875E+002, 8.9806860E+001, 5.7199529E+001, 5.8420020E+001, 5.3390395E+001, 9.5757326E+001, 7.3935800E+001, 5.6072328E+001, 4.5770794E+001, 5.9491963E+001, 5.6148121E+001, 5.1907530E+001, 5.0533698E+001, 4.9895976E+001, 4.7067223E+001, 4.0769530E+001, 3.4251289E+001, 2.9875206E+001, 2.6676268E+001, 2.5845355E+001, 2.5472213E+001, 2.5318664E+001, 6.2768720E+001, 5.8182819E+001, 5.0755382E+001, 4.9692847E+001, 4.8090157E+001, 4.6389412E+001, 4.2227474E+001, 3.5294785E+001, 2.8558763E+001, 2.6819622E+001, 2.6281585E+001, 2.5186683E+001, 2.4866270E+001, 5.0111637E+001, 5.0861448E+001, 5.1903715E+001, 5.1741572E+001, 5.0867632E+001, 4.8845291E+001, 4.5807452E+001, 3.0934806E+001, 2.6171522E+001, 2.5777376E+001, 2.5581435E+001, 6.3044963E+001, 6.2920997E+001, 6.2334614E+001, 6.0148426E+001, 5.1571759E+001, 4.6808828E+001, 4.0710545E+001, 3.4948855E+001, 2.7859570E+001, 2.7500758E+001, 2.6423343E+001, 6.5432618E+001, 6.8714315E+001, 6.2416939E+001, 6.0443867E+001, 6.6760328E+001, 6.7302397E+001, 6.4700585E+001, 6.3836713E+001, 2.5388957E+002, 2.4016624E+002, 2.2586279E+002, 2.0435633E+002, 1.6092175E+002, 2.0936489E+002, 1.7221930E+002
 1.3400331E+003, 5.4791995E+001, 5.5737632E+001, 5.9610877E+001, 6.4088455E+001, 6.7211130E+001, 5.4676855E+001, 5.5218698E+001, 5.6380030E+001, 6.4077528E+001, 7.2451218E+001, 7.5616975E+001, 6.2017926E+001, 5.4619380E+001, 5.7745028E+001, 6.8419357E+001, 7.3648091E+001, 7.6920250E+001, 7.0857390E+001, 5.1616084E+001, 5.8764052E+001, 6.5717585E+001, 6.7532525E+001, 6.8164748E+001, 6.4529916E+001, 5.0062367E+001, 5.3784796E+001, 5.9036171E+001, 6.4623307E+001, 6.2752138E+001, 4.9696301E+001, 5.3017910E+001, 6.4919049E+001, 6.7684956E+001, 6.8245038E+001, 4.9255706E+001, 4.8744421E+001, 5.4037139E+001, 7.1522532E+001, 9.3526330E+001, 8.8730504E+001, 6.5932023E+001, 4.7793244E+001, 4.9244498E+001, 7.3336192E+001, 8.5142596E+001, 8.8871958E+001, 7.8500929E+001, 4.6775198E+001, 5.1894823E+001, 6.7554736E+001, 7.8558280E+001, 8.0802821E+001, 7.6746559E+001, 4.6842529E+001, 6.0688185E+001, 6.8352146E+001, 7.1785761E+001, 6.6865800E+001, 5.2026974E+001, 9.5355737E+001, 8.7088408E+001, 6.7580753E+001, 5.5962661E+001, 8.9268805E+001, 5.2525054E+001, 1.2094587E+002, 1.5603140E+002, 1.0154182E+002, 6.1549119E+001, 1.4904604E+002, 5.0901575E+001, 1.0800371E+002, 1.2184387E+002, 8.1621676E+001, 5.8406957E+001, 1.1463041E+002, 5.2621036E+001, 1.0394378E+002, 1.3759353E+002, 9.0950194E+001, 5.6238891E+001, 5.9979369E+001, 5.4681287E+001, 1.0283140E+002, 7.7438347E+001, 5.9532954E+001, 4.9954987E+001, 5.7966826E+001, 5.6698214E+001, 5.2177306E+001, 5.0604540E+001, 4.9909760E+001, 4.8001577E+001, 4.0978685E+001, 3.3630502E+001, 2.8496675E+001, 2.6532762E+001, 2.5746458E+001, 2.5607360E+001, 2.5418203E+001, 6.2152702E+001, 5.5626570E+001, 5.0928726E+001, 4.8546805E+001, 4.7769247E+001, 4.5645492E+001, 4.0377325E+001, 3.2382770E+001, 2.8193577E+001, 2.6849929E+001, 2.6107257E+001, 2.5326754E+001, 2.4665070E+001, 5.0096130E+001, 5.0994412E+001, 5.1730968E+001, 5.1911576E+001, 5.1121644E+001, 4.9822014E+001, 4.5258839E+001, 3.2896138E+001, 2.6228297E+001, 2.5834719E+001, 2.5630446E+001, 6.3518205E+001, 6.3514643E+001, 6.2844193E+001, 6.1071421E+001, 5.0894425E+001, 4.6973173E+001, 4.1608362E+001, 3.4872644E+001, 2.7794725E+001, 2.7490186E+001, 2.7006645E+001, 6.5784495E+001, 6.8990852E+001, 6.2739509E+001, 6.0744839E+001, 6.7109334E+001, 6.7626012E+001, 6.5054309E+001, 6.4109879E+001, 2.4890849E+002, 2.3783804E+002, 2.3477244E+002, 2.2447397E+002, 1.9026004E+002, 2.2757151E+002, 1.7222328E+002
 1.3600887E+003, 5.4930633E+001, 5.5919480E+001, 6.1406358E+001, 6.6297993E+001, 6.8581636E+001, 5.5502501E+001, 5.5716847E+001, 5.7429490E+001, 6.3326588E+001, 6.8985266E+001, 7.3287923E+001, 6.1240441E+001, 5.4517171E+001, 5.7947473E+001, 6.2686842E+001, 7.1957796E+001, 7.3262813E+001, 6.7248713E+001, 5.1639716E+001, 5.2019652E+001, 5.8604478E+001, 6.7214901E+001, 7.2048823E+001, 6.7628512E+001, 5.0721328E+001, 5.1324763E+001, 5.4051465E+001, 6.0829118E+001, 6.5994673E+001, 4.9741010E+001, 5.3577529E+001, 6.6535609E+001, 7.2197642E+001, 7.3225339E+001, 4.9993091E+001, 5.0187370E+001, 5.2039910E+001, 6.3338257E+001, 7.8107385E+001, 8.5612195E+001, 5.9933453E+001, 5.0105635E+001, 5.7209714E+001, 7.0770279E+001, 8.2106499E+001, 8.9894980E+001, 8.0097566E+001, 4.7901538E+001, 5.3652026E+001, 6.9797126E+001, 8.3862713E+001, 8.4355046E+001, 7.5318539E+001, 4.7380202E+001, 5.5923960E+001, 6.6245828E+001, 6.8475097E+001, 6.8392547E+001, 5.0336987E+001, 9.5769004E+001, 8.2100353E+001, 5.9221488E+001, 5.0778297E+001, 8.2362269E+001, 5.0964964E+001, 1.1106716E+002, 1.3442460E+002, 9.7975452E+001, 6.0638220E+001, 1.2998460E+002, 5.2204885E+001, 1.1254223E+002, 1.3638822E+002, 9.3195997E+001, 6.3460391E+001, 1.3102311E+002, 5.2057725E+001, 1.0656385E+002, 1.4728241E+002, 1.0026202E+002, 6.3032356E+001, 6.4246536E+001, 5.3530415E+001, 1.0590017E+002, 7.5804544E+001, 6.0347259E+001, 5.0863023E+001, 5.8805194E+001, 5.6273532E+001, 5.3305124E+001, 5.0659092E+001, 5.0080777E+001, 4.8128304E+001, 4.1433358E+001, 3.3075033E+001, 2.8884249E+001, 2.6214920E+001, 2.5758383E+001, 2.5613781E+001, 2.5516748E+001, 6.2049156E+001, 5.8168960E+001, 5.1641827E+001, 5.0241419E+001, 4.7848670E+001, 4.7086910E+001, 4.1314297E+001, 3.3938507E+001, 2.8966016E+001, 2.7038091E+001, 2.6591920E+001, 2.5423479E+001, 2.5071075E+001, 5.0178282E+001, 5.0317324E+001, 5.0851756E+001, 5.0748492E+001, 5.0420352E+001, 4.9712010E+001, 4.6407201E+001, 3.2380916E+001, 2.6247095E+001, 2.5873566E+001, 2.5675325E+001, 6.5030483E+001, 6.4803777E+001, 6.3870862E+001, 6.1996082E+001, 5.4717282E+001, 4.7380565E+001, 4.1701593E+001, 3.3835834E+001, 2.7671038E+001, 2.7093145E+001, 2.6694516E+001, 6.6098821E+001, 6.9262345E+001, 6.3061159E+001, 6.1020627E+001, 6.7437778E+001, 6.7956681E+001, 6.5351100E+001, 6.4394588E+001, 2.4685057E+002, 2.4028593E+002, 2.4183595E+002, 2.3526652E+002, 1.9637330E+002, 2.1981810E+002, 1.7241467E+002
 1.3800235E+003, 5.6229969E+001, 5.7249149E+001, 6.4133874E+001, 7.0275428E+001, 7.0774095E+001, 5.7328520E+001, 5.6871231E+001, 5.8018749E+001, 6.0399333E+001, 6.7613638E+001, 7.5052753E+001, 5.7705471E+001, 5.4491289E+001, 5.5676557E+001, 6.0560915E+001, 6.9604344E+001, 7.8457017E+001, 6.4626717E+001, 5.1862500E+001, 5.4906291E+001, 6.1015839E+001, 6.5588462E+001, 7.5239868E+001, 6.8013953E+001, 5.0687788E+001, 5.1505787E+001, 5.4969247E+001, 6.1235580E+001, 6.4191015E+001, 4.9969606E+001, 5.4446951E+001, 7.1327939E+001, 6.9382980E+001, 6.8011776E+001, 5.0429833E+001, 5.0625240E+001, 5.1481253E+001, 6.7098386E+001, 8.5323871E+001, 7.9356309E+001, 5.5376505E+001, 4.9705407E+001, 5.0516055E+001, 6.5322634E+001, 8.6310560E+001, 9.2164503E+001, 7.6589131E+001, 4.8394799E+001, 5.2681641E+001, 6.7387999E+001, 8.3996412E+001, 8.8395223E+001, 8.3570196E+001, 4.9165588E+001, 5.6646459E+001, 6.7533111E+001, 7.1299284E+001, 6.7441687E+001, 5.0322467E+001, 9.8731657E+001, 8.4740399E+001, 6.5945085E+001, 5.1818472E+001, 8.4840959E+001, 5.1384508E+001, 1.1762910E+002, 1.4283723E+002, 9.0553205E+001, 5.7893126E+001, 1.3930054E+002, 5.3474018E+001, 1.0433651E+002, 1.3627838E+002, 8.6403580E+001, 6.0287614E+001, 1.1762330E+002, 5.2327379E+001, 1.0718151E+002, 1.4239326E+002, 9.2680220E+001, 5.8768149E+001, 7.1532535E+001, 5.2428119E+001, 1.0502709E+002, 8.7335507E+001, 6.2303061E+001, 5.1577430E+001, 5.8726775E+001, 5.6289553E+001, 5.3222432E+001, 5.1083860E+001, 5.0572290E+001, 4.9013253E+001, 4.1014644E+001, 3.3582673E+001, 2.8764963E+001, 2.6175686E+001, 2.5858633E+001, 2.5691026E+001, 2.5431850E+001, 6.4001690E+001, 5.7567792E+001, 5.1256851E+001, 4.9930263E+001, 4.8131961E+001, 4.7504492E+001, 4.2158590E+001, 3.4260614E+001, 2.9104118E+001, 2.7177612E+001, 2.6609085E+001, 2.5694978E+001, 2.4936421E+001, 5.1043070E+001, 5.1275425E+001, 5.1909424E+001, 5.1729686E+001, 5.1278232E+001, 5.0310087E+001, 4.8077409E+001, 3.5349647E+001, 2.7248607E+001, 2.5905364E+001, 2.5718629E+001, 6.5430537E+001, 6.5281323E+001, 6.4372456E+001, 6.2373226E+001, 5.2667948E+001, 4.6670062E+001, 4.2056603E+001, 3.4852995E+001, 2.7810219E+001, 2.6998757E+001, 2.5949114E+001, 6.6406418E+001, 6.9521389E+001, 6.3378785E+001, 6.1282796E+001, 6.7745622E+001, 6.8281042E+001, 6.5626934E+001, 6.4684718E+001, 2.4374631E+002, 2.3564713E+002, 2.3426601E+002, 2.3473049E+002, 1.9388257E+002, 1.9368042E+002, 1.7244063E+002
 1.4000519E+003, 5.8600595E+001, 6.2528438E+001, 6.3189998E+001, 6.3537032E+001, 6.6795204E+001, 6.0001845E+001, 5.9172325E+001, 6.0232528E+001, 5.9864457E+001, 6.4332493E+001, 7.2847523E+001, 6.0691801E+001, 5.7084334E+001, 6.0035229E+001, 6.0205295E+001, 6.8550962E+001, 8.0270182E+001, 6.3194748E+001, 5.1777804E+001, 5.5246248E+001, 6.0062768E+001, 7.0581086E+001, 7.3623118E+001, 6.6862519E+001, 5.0599463E+001, 5.2616376E+001, 5.8829066E+001, 6.2520646E+001, 6.1785006E+001, 5.0661084E+001, 5.8184369E+001, 6.6892950E+001, 7.2054628E+001, 7.0486093E+001, 5.1688167E+001, 5.0749740E+001, 5.3283412E+001, 5.9316683E+001, 8.0835740E+001, 8.7052313E+001, 5.4148014E+001, 5.0155594E+001, 5.4132956E+001, 6.2750852E+001, 8.6728532E+001, 9.2203973E+001, 8.1895301E+001, 4.9784484E+001, 5.8957943E+001, 7.2720401E+001, 8.0916573E+001, 7.8759400E+001, 7.5122440E+001, 5.0126465E+001, 5.6201825E+001, 6.5929991E+001, 7.1124914E+001, 6.6443542E+001, 5.4373121E+001, 1.1414959E+002, 9.2294346E+001, 6.6245874E+001, 4.9705276E+001, 8.9195744E+001, 5.2523673E+001, 1.0762788E+002, 1.3059897E+002, 8.9059842E+001, 5.4434087E+001, 1.2827676E+002, 5.2878618E+001, 1.0107813E+002, 1.3253705E+002, 9.6565375E+001, 6.1933021E+001, 1.0571183E+002, 5.2666316E+001, 1.0297491E+002, 1.2595488E+002, 9.1329042E+001, 5.8162237E+001, 7.2780069E+001, 5.3340657E+001, 1.1696736E+002, 9.5022281E+001, 7.0388072E+001, 4.7749395E+001, 5.7908940E+001, 5.6754292E+001, 5.3472735E+001, 5.1418950E+001, 5.1039068E+001, 4.9542151E+001, 3.9921802E+001, 3.2943815E+001, 2.7912787E+001, 2.6307864E+001, 2.5972296E+001, 2.5721639E+001, 2.5617783E+001, 6.4923211E+001, 5.7371256E+001, 5.1206512E+001, 4.8770021E+001, 4.8419747E+001, 4.7833131E+001, 4.1934163E+001, 3.2603307E+001, 2.8368604E+001, 2.7012821E+001, 2.6461210E+001, 2.5708447E+001, 2.4525475E+001, 5.3120390E+001, 5.2842876E+001, 5.3126870E+001, 5.3125920E+001, 5.2425001E+001, 5.0582133E+001, 4.7175461E+001, 2.9118783E+001, 2.6208982E+001, 2.5892088E+001, 2.5739721E+001, 6.8517403E+001, 6.7708912E+001, 6.6135290E+001, 6.4148396E+001, 5.6495960E+001, 4.6740025E+001, 4.2259192E+001, 3.5437066E+001, 2.8022334E+001, 2.6882662E+001, 2.5587132E+001, 6.6716806E+001, 6.9765881E+001, 6.3681008E+001, 6.1530762E+001, 6.8067052E+001, 6.8600669E+001, 6.5901773E+001, 6.4965219E+001, 2.5028560E+002, 2.4262685E+002, 2.3951263E+002, 2.4162856E+002, 2.1379970E+002, 2.1976403E+002, 1.7246037E+002
 1.4200700E+003, 5.6545920E+001, 5.8617228E+001, 5.9679241E+001, 6.1655616E+001, 6.5737959E+001, 5.7189373E+001, 5.6399633E+001, 5.8085967E+001, 6.0791590E+001, 6.5846959E+001, 7.5437915E+001, 5.9794455E+001, 5.7001046E+001, 5.8885484E+001, 6.3042653E+001, 7.3365436E+001, 7.9788622E+001, 6.6163289E+001, 5.3757733E+001, 5.4999688E+001, 5.8794244E+001, 7.0058401E+001, 7.5609992E+001, 6.8555679E+001, 5.3250772E+001, 5.1835928E+001, 5.5699542E+001, 6.9066478E+001, 7.1047507E+001, 4.9008653E+001, 5.5136345E+001, 6.3732575E+001, 6.5637636E+001, 6.2767567E+001, 4.9889749E+001, 5.0026351E+001, 5.2229224E+001, 6.3368478E+001, 8.2556796E+001, 8.3996019E+001, 5.8371316E+001, 5.0896782E+001, 5.2521283E+001, 6.6157340E+001, 9.2716911E+001, 9.4236020E+001, 7.8736886E+001, 5.0902501E+001, 5.2682899E+001, 7.5121234E+001, 8.7592276E+001, 7.8170760E+001, 7.5697407E+001, 5.0433096E+001, 5.3264793E+001, 7.1666915E+001, 7.0761213E+001, 6.6180116E+001, 5.3018507E+001, 9.7415839E+001, 7.6400659E+001, 5.6364784E+001, 4.6332139E+001, 8.5724065E+001, 5.2849406E+001, 1.1188189E+002, 1.3690388E+002, 9.0358005E+001, 5.7192149E+001, 1.3481016E+002, 5.3265447E+001, 1.2134697E+002, 1.5004617E+002, 1.0875757E+002, 6.8499557E+001, 1.3225954E+002, 5.0563103E+001, 1.1144218E+002, 1.3533526E+002, 8.7417049E+001, 5.6531600E+001, 6.2430882E+001, 5.0287671E+001, 1.0437236E+002, 8.4299837E+001, 6.0228843E+001, 4.7812220E+001, 5.8631163E+001, 5.6203451E+001, 5.2757701E+001, 5.1607039E+001, 5.1130346E+001, 4.9031143E+001, 4.1058143E+001, 3.2824136E+001, 2.8017895E+001, 2.6542564E+001, 2.6077967E+001, 2.5742532E+001, 2.5689744E+001, 6.4120139E+001, 5.7630777E+001, 5.1329907E+001, 4.8857609E+001, 4.8597300E+001, 4.8241319E+001, 4.3698630E+001, 3.4796069E+001, 2.8344794E+001, 2.7114571E+001, 2.6369259E+001, 2.5584394E+001, 2.5166792E+001, 5.1439850E+001, 5.2107876E+001, 5.2556727E+001, 5.2777012E+001, 5.2272036E+001, 5.0696227E+001, 4.3480089E+001, 3.3576617E+001, 2.7128540E+001, 2.5950520E+001, 2.5784486E+001, 6.3097881E+001, 6.3091191E+001, 6.2684475E+001, 5.4188224E+001, 4.9771036E+001, 4.6569989E+001, 4.1826061E+001, 3.4792787E+001, 2.8648140E+001, 2.7203345E+001, 2.6004051E+001, 6.7034874E+001, 7.0006773E+001, 6.3969355E+001, 6.1781202E+001, 6.8378966E+001, 6.8910932E+001, 6.6183229E+001, 6.5205696E+001, 2.4821536E+002, 2.4030920E+002, 2.3835982E+002, 2.3474246E+002, 1.7943175E+002, 1.8945985E+002, 1.7242010E+002
 1.4400295E+003, 5.5992689E+001, 5.6537402E+001, 5.8320384E+001, 6.4781986E+001, 6.8452067E+001, 5.6532608E+001, 5.7028820E+001, 5.6903949E+001, 6.0040201E+001, 6.7113824E+001, 7.6683206E+001, 5.9766468E+001, 5.5612639E+001, 5.9021071E+001, 6.5490808E+001, 7.6527045E+001, 8.1398720E+001, 7.2318131E+001, 5.5304363E+001, 5.6299649E+001, 6.4986859E+001, 7.0870005E+001, 7.6461147E+001, 6.6121073E+001, 5.5219372E+001, 5.3257358E+001, 5.3881481E+001, 5.7845396E+001, 6.2933266E+001, 5.1406077E+001, 5.6050736E+001, 6.9551267E+001, 7.3304347E+001, 6.3712690E+001, 5.2374967E+001, 5.2005364E+001, 5.4684484E+001, 6.5437616E+001, 8.0376493E+001, 8.7530680E+001, 5.7230856E+001, 5.1251855E+001, 5.2489951E+001, 6.6028640E+001, 8.6372978E+001, 9.1972346E+001, 7.8071997E+001, 4.9629036E+001, 5.3959121E+001, 7.5469232E+001, 9.3377765E+001, 8.6339659E+001, 8.8629274E+001, 4.8907436E+001, 5.6560276E+001, 6.5847671E+001, 7.2353126E+001, 6.8764881E+001, 5.3960121E+001, 1.0545403E+002, 9.9070893E+001, 6.1521694E+001, 4.9415623E+001, 9.8172285E+001, 5.2774334E+001, 1.0433311E+002, 1.2831523E+002, 8.8624129E+001, 5.5723707E+001, 1.3903680E+002, 5.4920038E+001, 1.1065607E+002, 1.3974253E+002, 9.5158859E+001, 6.4362657E+001, 1.3597846E+002, 5.2842183E+001, 1.0308300E+002, 1.4518168E+002, 8.7651093E+001, 5.7266120E+001, 6.3566256E+001, 5.3062314E+001, 1.1096139E+002, 8.9387494E+001, 5.7710593E+001, 5.0163146E+001, 6.1206648E+001, 5.6717224E+001, 5.2138157E+001, 5.1828516E+001, 5.1214222E+001, 4.8327476E+001, 4.1216735E+001, 3.4565080E+001, 2.9604480E+001, 2.6842443E+001, 2.6207362E+001, 2.6055050E+001, 2.5617463E+001, 6.5330019E+001, 5.5042415E+001, 5.1450229E+001, 4.9548718E+001, 4.8867954E+001, 4.7485209E+001, 4.2601107E+001, 3.3880721E+001, 2.8206547E+001, 2.7141631E+001, 2.6557088E+001, 2.5847061E+001, 2.5401742E+001, 5.2898602E+001, 5.3595023E+001, 5.3806247E+001, 5.3213042E+001, 5.2398412E+001, 5.1094749E+001, 4.8433868E+001, 3.5614077E+001, 2.7478004E+001, 2.6012752E+001, 2.5819915E+001, 6.4171283E+001, 6.3841600E+001, 6.2624097E+001, 5.8518819E+001, 5.3663747E+001, 4.7847713E+001, 4.3092934E+001, 3.4184696E+001, 2.8884156E+001, 2.7648986E+001, 2.6908592E+001, 6.7316244E+001, 7.0236525E+001, 6.4253100E+001, 6.2032886E+001, 6.8691715E+001, 6.9211140E+001, 6.6479893E+001, 6.5431345E+001, 2.4993081E+002, 2.3606670E+002, 2.2825785E+002, 2.1908952E+002, 1.8220509E+002, 1.6973743E+002, 1.7236859E+002
 1.4600043E+003, 5.7164592E+001, 5.8209779E+001, 6.0771091E+001, 6.7918963E+001, 7.2448899E+001, 5.7223381E+001, 5.7661765E+001, 5.8040537E+001, 5.9921278E+001, 6.7141077E+001, 8.1006599E+001, 5.8245616E+001, 5.5002794E+001, 5.8176153E+001, 6.0211419E+001, 6.9301403E+001, 8.0825730E+001, 6.6819197E+001, 5.2782643E+001, 5.6612183E+001, 6.3197330E+001, 6.9814386E+001, 7.3653953E+001, 6.5251731E+001, 5.1665382E+001, 5.3438398E+001, 5.8303047E+001, 5.9266701E+001, 6.1759958E+001, 5.0070471E+001, 5.3615271E+001, 6.3525511E+001, 7.6674741E+001, 7.2726689E+001, 5.1209172E+001, 5.1330118E+001, 5.2489236E+001, 6.3393439E+001, 8.5923042E+001, 9.3410269E+001, 5.5047478E+001, 5.0707853E+001, 5.0820892E+001, 6.3267854E+001, 8.6854693E+001, 9.5407777E+001, 7.2007221E+001, 4.8447783E+001, 5.3889224E+001, 6.9351218E+001, 8.6449915E+001, 7.8821777E+001, 8.1908550E+001, 4.7524414E+001, 6.0130728E+001, 7.1705930E+001, 7.3766522E+001, 6.7404454E+001, 5.2761807E+001, 9.7217375E+001, 8.7987264E+001, 6.2539694E+001, 4.9117247E+001, 9.2142559E+001, 5.2414722E+001, 1.1091588E+002, 1.4426724E+002, 1.0236340E+002, 6.3476501E+001, 1.3288033E+002, 5.2736296E+001, 1.1392040E+002, 1.3856508E+002, 1.0303593E+002, 5.9569118E+001, 1.2654846E+002, 5.0699484E+001, 1.0696679E+002, 1.3377332E+002, 8.5149288E+001, 5.8302016E+001, 5.9930228E+001, 5.2711241E+001, 1.0946533E+002, 7.8088338E+001, 5.7871100E+001, 4.8291997E+001, 6.1427441E+001, 5.7260760E+001, 5.2378844E+001, 5.1957986E+001, 5.1090052E+001, 4.8879086E+001, 4.0792857E+001, 3.5459360E+001, 3.1126890E+001, 2.7555850E+001, 2.6338884E+001, 2.6085392E+001, 2.5618684E+001, 6.6397561E+001, 5.7822132E+001, 5.1990128E+001, 4.9743532E+001, 4.8892736E+001, 4.7594076E+001, 4.1867322E+001, 3.4487534E+001, 2.9060929E+001, 2.7191714E+001, 2.6537015E+001, 2.5883611E+001, 2.5066050E+001, 5.1931291E+001, 5.3637300E+001, 5.4016341E+001, 5.3744125E+001, 5.3125253E+001, 5.1988761E+001, 4.5411309E+001, 2.9892688E+001, 2.6506360E+001, 2.6032287E+001, 2.5836531E+001, 6.4475967E+001, 6.3983495E+001, 6.2920191E+001, 5.8573179E+001, 5.3203840E+001, 4.8052968E+001, 4.1569414E+001, 3.3451910E+001, 2.8421102E+001, 2.7146347E+001, 2.5920909E+001, 6.7540508E+001, 7.0462174E+001, 6.4526210E+001, 6.2273094E+001, 6.9011615E+001, 6.9496910E+001, 6.6762176E+001, 6.5652206E+001, 2.4364972E+002, 2.3235889E+002, 2.2955391E+002, 2.2546195E+002, 1.8431459E+002, 2.4929071E+002, 1.7269189E+002
 1.4800897E+003, 6.0059233E+001, 5.7898371E+001, 5.8541562E+001, 6.0924680E+001, 6.7138280E+001, 5.7076553E+001, 5.6871970E+001, 5.5439432E+001, 5.6789376E+001, 6.5975591E+001, 7.3064370E+001, 5.3522300E+001, 5.3764958E+001, 5.3002390E+001, 5.6575015E+001, 7.1490869E+001, 7.6185865E+001, 6.3638864E+001, 5.2245993E+001, 5.3106601E+001, 5.9793516E+001, 6.9716984E+001, 7.8595870E+001, 6.9247953E+001, 5.2027026E+001, 5.3560078E+001, 6.0184992E+001, 6.1237254E+001, 6.5096005E+001, 5.0742673E+001, 5.6756019E+001, 6.0607960E+001, 6.3122586E+001, 6.6377135E+001, 5.3978429E+001, 5.1342920E+001, 5.4189765E+001, 6.3157289E+001, 7.6516211E+001, 7.6882915E+001, 5.8434619E+001, 4.9762675E+001, 5.1557251E+001, 6.7586348E+001, 8.5420036E+001, 9.2044364E+001, 7.0562835E+001, 4.8649417E+001, 5.2309737E+001, 6.9984384E+001, 8.2248983E+001, 9.3036780E+001, 8.6203335E+001, 4.7758926E+001, 5.7112275E+001, 7.6058561E+001, 7.4599172E+001, 7.4176696E+001, 5.4970051E+001, 9.4258710E+001, 7.6317698E+001, 6.0125069E+001, 5.0868755E+001, 9.7220583E+001, 5.5884055E+001, 1.1986875E+002, 1.3581015E+002, 8.6270607E+001, 5.4869344E+001, 1.3183188E+002, 5.2556234E+001, 1.1114386E+002, 1.3976683E+002, 1.0200258E+002, 6.7287214E+001, 1.2664341E+002, 5.3410720E+001, 1.2138131E+002, 1.4946143E+002, 1.0105112E+002, 6.2573926E+001, 6.3717074E+001, 5.3180514E+001, 1.0269312E+002, 8.5191507E+001, 6.1998813E+001, 4.8007994E+001, 6.0318129E+001, 5.7301195E+001, 5.2237734E+001, 5.1884467E+001, 5.1201389E+001, 4.9209028E+001, 4.2847274E+001, 3.4521184E+001, 3.0057596E+001, 2.7258031E+001, 2.6439362E+001, 2.5889972E+001, 2.5973917E+001, 6.5541287E+001, 6.0985321E+001, 5.2517726E+001, 5.1172018E+001, 4.9719120E+001, 4.8387862E+001, 4.3013318E+001, 3.4939490E+001, 2.9707618E+001, 2.7370535E+001, 2.6636181E+001, 2.5959421E+001, 2.4989090E+001, 5.1526305E+001, 5.2528573E+001, 5.2399720E+001, 5.2578428E+001, 5.2323662E+001, 5.1545976E+001, 4.6337477E+001, 3.4493191E+001, 2.7371554E+001, 2.6092770E+001, 2.5888682E+001, 6.4201240E+001, 6.3912222E+001, 6.2931589E+001, 6.1702685E+001, 5.3697491E+001, 4.8369887E+001, 4.3160369E+001, 3.5906242E+001, 2.8412861E+001, 2.6583124E+001, 2.5601846E+001, 6.7762774E+001, 7.0687909E+001, 6.4786080E+001, 6.2523890E+001, 6.9302676E+001, 6.9753837E+001, 6.6982338E+001, 6.5870353E+001, 2.4586406E+002, 2.3378671E+002, 2.3926343E+002, 2.3211273E+002, 2.0308938E+002, 2.2703772E+002, 1.7279753E+002
 1.5000814E+003, 5.6341726E+001, 5.5318874E+001, 5.7335210E+001, 6.1042003E+001, 6.9036704E+001, 5.4018702E+001, 5.3007432E+001, 5.4686732E+001, 5.7110367E+001, 6.4723171E+001, 7.4037694E+001, 5.6555060E+001, 5.2124892E+001, 5.2737442E+001, 5.8707074E+001, 6.9247741E+001, 8.0597179E+001, 6.2244126E+001, 5.1756752E+001, 5.2698755E+001, 5.9568618E+001, 7.0663499E+001, 7.7181705E+001, 7.4573631E+001, 5.1582806E+001, 5.2835705E+001, 5.9888683E+001, 6.7487147E+001, 6.8700524E+001, 5.0963649E+001, 5.2618876E+001, 6.2236622E+001, 6.8130099E+001, 7.2098534E+001, 5.2231525E+001, 5.1709412E+001, 5.5562685E+001, 6.2553708E+001, 7.5539155E+001, 8.2402930E+001, 6.4301181E+001, 5.1209654E+001, 5.4154416E+001, 6.6920980E+001, 9.2606380E+001, 9.3954873E+001, 7.9628665E+001, 5.0082868E+001, 5.2858855E+001, 6.9038759E+001, 8.8495839E+001, 8.7477148E+001, 8.6505386E+001, 4.9532785E+001, 5.5853045E+001, 7.4819790E+001, 7.1702946E+001, 6.9276763E+001, 5.4290656E+001, 9.4701972E+001, 8.5345201E+001, 6.1520753E+001, 5.3932476E+001, 8.7704688E+001, 5.2833204E+001, 1.1152623E+002, 1.4744857E+002, 9.5781149E+001, 6.2036283E+001, 1.3861301E+002, 5.4431688E+001, 1.1435134E+002, 1.4038292E+002, 1.0211616E+002, 5.9113860E+001, 1.2338359E+002, 5.3714682E+001, 1.0456205E+002, 1.3324768E+002, 9.3242362E+001, 6.3734757E+001, 6.9986962E+001, 5.3327643E+001, 1.1157945E+002, 8.0940487E+001, 5.7350334E+001, 4.7930307E+001, 5.9002267E+001, 5.7598571E+001, 5.2356719E+001, 5.1710351E+001, 5.0915972E+001, 4.8683179E+001, 4.1339232E+001, 3.4187343E+001, 2.8247079E+001, 2.6821059E+001, 2.6297340E+001, 2.5936316E+001, 2.5747631E+001, 6.5986820E+001, 5.9217696E+001, 5.2925259E+001, 5.1440733E+001, 4.9999612E+001, 4.8435379E+001, 4.3242457E+001, 3.4202391E+001, 2.8723899E+001, 2.7382647E+001, 2.6728185E+001, 2.5696590E+001, 2.4837052E+001, 5.3012156E+001, 5.4211443E+001, 5.4276600E+001, 5.3425440E+001, 5.2288282E+001, 5.1478405E+001, 4.8337684E+001, 3.1673992E+001, 2.6700713E+001, 2.6107265E+001, 2.5928963E+001, 6.2944771E+001, 6.3131710E+001, 6.3420077E+001, 5.9935934E+001, 5.4844260E+001, 4.9390627E+001, 4.2811462E+001, 3.4793502E+001, 2.8617465E+001, 2.7178329E+001, 2.5927829E+001, 6.7983991E+001, 7.0902095E+001, 6.5017926E+001, 6.2755832E+001, 6.9556067E+001, 7.0007259E+001, 6.7190281E+001, 6.6096397E+001, 2.4028298E+002, 2.3173850E+002, 2.3317459E+002, 2.3506559E+002, 2.1725814E+002, 2.4483347E+002, 1.7268428E+002
 1.5200402E+003, 5.6684336E+001, 5.6738167E+001, 5.7601572E+001, 6.3213888E+001, 7.2158815E+001, 5.8439238E+001, 5.5099998E+001, 5.6642716E+001, 5.8582547E+001, 6.4435023E+001, 7.4861132E+001, 5.5638037E+001, 5.3303188E+001, 5.3541960E+001, 5.9706424E+001, 7.0338461E+001, 8.1650619E+001, 6.5851079E+001, 5.1963578E+001, 5.2835095E+001, 5.7864200E+001, 6.7035946E+001, 7.6520116E+001, 6.6379646E+001, 5.1802271E+001, 5.2276841E+001, 5.5533252E+001, 5.8551231E+001, 6.2660967E+001, 4.9982007E+001, 5.4104644E+001, 6.6937889E+001, 7.2699733E+001, 6.9839107E+001, 5.1466741E+001, 5.1381846E+001, 5.3141118E+001, 6.4484852E+001, 8.3490914E+001, 7.6724900E+001, 5.6216932E+001, 5.1798546E+001, 5.2187820E+001, 6.7063346E+001, 8.9899907E+001, 9.7613936E+001, 8.1704899E+001, 5.1318556E+001, 5.2542929E+001, 6.9726631E+001, 9.1453192E+001, 9.3879961E+001, 8.3899144E+001, 4.9021885E+001, 5.3429865E+001, 6.4171821E+001, 6.3518435E+001, 6.7476263E+001, 5.3880400E+001, 9.4514516E+001, 7.2306929E+001, 5.5302643E+001, 4.8173456E+001, 8.7430259E+001, 5.5910348E+001, 1.1222864E+002, 1.3245932E+002, 8.0515303E+001, 5.4978330E+001, 1.5603772E+002, 5.5892978E+001, 1.1174634E+002, 1.4274074E+002, 1.0258511E+002, 6.9314710E+001, 1.3709154E+002, 5.2422956E+001, 1.0712887E+002, 1.5388935E+002, 1.0676944E+002, 6.6237262E+001, 7.0869740E+001, 5.2071395E+001, 9.7998087E+001, 6.9475610E+001, 5.8230971E+001, 4.9937967E+001, 6.0547587E+001, 5.7428202E+001, 5.2134470E+001, 5.1791655E+001, 5.0812975E+001, 4.9149343E+001, 4.2212907E+001, 3.4003673E+001, 2.8441889E+001, 2.6772453E+001, 2.6253408E+001, 2.5963419E+001, 2.5709900E+001, 6.6883558E+001, 5.7758441E+001, 5.2782787E+001, 5.2365474E+001, 5.0874700E+001, 4.8692803E+001, 4.4396263E+001, 3.4141830E+001, 2.8457795E+001, 2.7416311E+001, 2.6803981E+001, 2.5902576E+001, 2.4966680E+001, 5.2262932E+001, 5.3493882E+001, 5.3996614E+001, 5.3426624E+001, 5.2244085E+001, 5.0134268E+001, 4.4540921E+001, 3.2817954E+001, 2.6644500E+001, 2.6140762E+001, 2.5976374E+001, 6.5713268E+001, 6.5560544E+001, 6.4579982E+001, 6.2522804E+001, 5.3109904E+001, 4.6798260E+001, 4.3104203E+001, 3.3563489E+001, 2.8621748E+001, 2.7465106E+001, 2.6952259E+001, 6.8208665E+001, 7.1125221E+001, 6.5245599E+001, 6.3000774E+001, 6.9822313E+001, 7.0251366E+001, 6.7399992E+001, 6.6317860E+001, 2.4966909E+002, 2.4420203E+002, 2.4699116E+002, 2.5790881E+002, 2.5101404E+002, 3.1676771E+002, 1.7264069E+002
 1.5400758E+003, 5.7317588E+001, 5.7304569E+001, 6.2862623E+001, 6.9309919E+001, 7.2996917E+001, 5.8749587E+001, 5.6212934E+001, 5.8559300E+001, 6.0759781E+001, 6.8445345E+001, 8.5318323E+001, 5.7217568E+001, 5.2693566E+001, 5.4318559E+001, 5.9551530E+001, 6.8304656E+001, 8.3492759E+001, 6.2713772E+001, 5.2124681E+001, 5.2840665E+001, 5.8158355E+001, 6.3628043E+001, 7.4149868E+001, 6.3364331E+001, 5.2325680E+001, 5.2640861E+001, 5.3534000E+001, 5.6766088E+001, 6.5052605E+001, 5.0704272E+001, 5.4044040E+001, 6.8636547E+001, 6.9236905E+001, 6.8429284E+001, 5.1559442E+001, 5.1706815E+001, 5.4326359E+001, 6.6747914E+001, 9.4116598E+001, 9.8349026E+001, 5.6408032E+001, 5.2129252E+001, 5.2288207E+001, 6.1847814E+001, 8.5615759E+001, 9.1685967E+001, 7.2913975E+001, 4.9958454E+001, 5.3013045E+001, 7.4645786E+001, 8.4787579E+001, 9.4409157E+001, 8.8145807E+001, 4.8937864E+001, 5.3814438E+001, 6.4111024E+001, 7.1923395E+001, 7.2696795E+001, 5.7687468E+001, 8.9977198E+001, 7.4693422E+001, 6.0072890E+001, 4.9132777E+001, 1.0473029E+002, 6.0300395E+001, 1.2914451E+002, 1.5745689E+002, 1.0038695E+002, 6.0920012E+001, 1.5024008E+002, 5.4929198E+001, 1.1383766E+002, 1.3425423E+002, 8.8090852E+001, 6.1879631E+001, 9.8567379E+001, 5.1365652E+001, 9.9738207E+001, 1.2455974E+002, 8.7871845E+001, 5.7713251E+001, 7.2390081E+001, 5.3838649E+001, 1.2224342E+002, 1.0019020E+002, 6.7508610E+001, 5.1685708E+001, 5.9132128E+001, 5.7016212E+001, 5.1864387E+001, 5.1945975E+001, 5.1168923E+001, 4.9324683E+001, 4.3777401E+001, 3.5695247E+001, 2.8728812E+001, 2.6793167E+001, 2.6251760E+001, 2.6066519E+001, 2.5943242E+001, 6.5964190E+001, 5.7307090E+001, 5.2375590E+001, 5.2476195E+001, 5.0614717E+001, 4.8856893E+001, 4.3578305E+001, 3.3235597E+001, 2.8617722E+001, 2.7494994E+001, 2.6991641E+001, 2.6056591E+001, 2.4724141E+001, 5.2304712E+001, 5.2395213E+001, 5.3409618E+001, 5.3513730E+001, 5.2842317E+001, 5.1284734E+001, 4.4400300E+001, 3.6987184E+001, 2.6939376E+001, 2.6230812E+001, 2.6038104E+001, 6.4840717E+001, 6.5150676E+001, 6.4122468E+001, 6.0555300E+001, 5.5126210E+001, 4.6799423E+001, 4.4608305E+001, 3.5547882E+001, 2.9140807E+001, 2.7699533E+001, 2.6599729E+001, 6.8479130E+001, 7.1336018E+001, 6.5470018E+001, 6.3210565E+001, 7.0101557E+001, 7.0506774E+001, 6.7581945E+001, 6.6520728E+001, 2.5261926E+002, 2.3825472E+002, 2.2913490E+002, 2.0867227E+002, 1.8165763E+002, 2.5500450E+002, 1.7251927E+002
 1.5600614E+003, 5.8799007E+001, 5.8857107E+001, 6.1238504E+001, 6.4460882E+001, 6.8268928E+001, 5.8780255E+001, 5.7775470E+001, 5.9320230E+001, 6.1516159E+001, 6.4681526E+001, 7.6432974E+001, 5.8121721E+001, 5.3624803E+001, 5.4656605E+001, 5.8579814E+001, 6.5983835E+001, 7.5994196E+001, 6.2459031E+001, 5.3139825E+001, 5.3377177E+001, 5.8373810E+001, 6.5663987E+001, 7.6416264E+001, 6.9593639E+001, 5.3059263E+001, 5.3189229E+001, 5.5849981E+001, 6.2604148E+001, 6.6719922E+001, 5.0363819E+001, 5.3916768E+001, 6.0164477E+001, 6.7361672E+001, 7.2255683E+001, 5.1224015E+001, 5.1592020E+001, 5.3133307E+001, 6.6342477E+001, 8.5342044E+001, 9.4269247E+001, 5.7951580E+001, 5.1872270E+001, 5.2550118E+001, 6.4462532E+001, 8.9216410E+001, 9.3107892E+001, 7.5909010E+001, 5.0444605E+001, 5.4688152E+001, 6.9824840E+001, 8.8032385E+001, 9.0083420E+001, 8.8381771E+001, 5.0863720E+001, 5.3115527E+001, 6.3087364E+001, 7.3416207E+001, 7.1869884E+001, 5.2794404E+001, 9.3420881E+001, 9.1774884E+001, 7.1596744E+001, 5.0421946E+001, 9.5630449E+001, 5.6199978E+001, 1.2309139E+002, 1.5080929E+002, 9.7008306E+001, 6.4031302E+001, 1.4176760E+002, 5.3620398E+001, 1.0458955E+002, 1.3822542E+002, 1.0055534E+002, 5.9808495E+001, 1.2247250E+002, 5.1967241E+001, 1.0056398E+002, 1.1612510E+002, 7.9988370E+001, 5.7859261E+001, 6.6293739E+001, 5.2575316E+001, 1.1632243E+002, 9.4395478E+001, 6.1200066E+001, 4.9285409E+001, 6.1171327E+001, 5.6391814E+001, 5.2315463E+001, 5.1839445E+001, 5.1703018E+001, 4.9835478E+001, 4.2941945E+001, 3.6229111E+001, 2.8991185E+001, 2.6894742E+001, 2.6261253E+001, 2.6200506E+001, 2.5909017E+001, 6.6373618E+001, 5.7822867E+001, 5.2802398E+001, 5.2179800E+001, 5.0572352E+001, 4.9097116E+001, 4.3068075E+001, 3.4554629E+001, 2.9197919E+001, 2.7766537E+001, 2.7258198E+001, 2.6175065E+001, 2.5191511E+001, 5.2367145E+001, 5.3891742E+001, 5.3701971E+001, 5.3310920E+001, 5.2675738E+001, 5.1788248E+001, 4.6796962E+001, 3.2833345E+001, 2.6829990E+001, 2.6167496E+001, 2.6073745E+001, 6.5212135E+001, 6.4603546E+001, 6.3721394E+001, 5.9055451E+001, 4.9322761E+001, 4.6594748E+001, 4.4633658E+001, 3.5092891E+001, 2.9206262E+001, 2.7480750E+001, 2.6034178E+001, 6.8736899E+001, 7.1541772E+001, 6.5695834E+001, 6.3403270E+001, 7.0355455E+001, 7.0762497E+001, 6.7776643E+001, 6.6707688E+001, 2.5123706E+002, 2.3807906E+002, 2.3504854E+002, 2.1740073E+002, 1.7471404E+002, 1.8034827E+002, 1.7311127E+002
 1.5800579E+003, 5.8204601E+001, 5.7899225E+001, 6.0282833E+001, 6.5789449E+001, 7.4166651E+001, 5.8529268E+001, 5.7446061E+001, 5.8613074E+001, 6.1958835E+001, 7.1208294E+001, 7.8414730E+001, 5.7350280E+001, 5.3971506E+001, 5.5612704E+001, 6.0571857E+001, 7.0422309E+001, 7.6153467E+001, 6.4581781E+001, 5.3337613E+001, 5.5400510E+001, 5.9950862E+001, 6.4953503E+001, 7.1647333E+001, 6.4681530E+001, 5.3076590E+001, 5.3840405E+001, 5.4630838E+001, 5.8279493E+001, 6.6801204E+001, 5.1917147E+001, 5.2858679E+001, 6.7431411E+001, 7.2574095E+001, 6.9128486E+001, 5.2131566E+001, 5.2219569E+001, 5.3981835E+001, 6.5544487E+001, 9.2294483E+001, 9.8817258E+001, 6.0383078E+001, 5.2011736E+001, 5.5338077E+001, 6.8179848E+001, 8.6035062E+001, 8.4762482E+001, 7.6527258E+001, 5.0602633E+001, 5.2762865E+001, 6.6236729E+001, 8.8849420E+001, 8.6422255E+001, 8.6814246E+001, 4.9492765E+001, 5.4494758E+001, 6.4347738E+001, 6.9034924E+001, 6.9339944E+001, 5.5054410E+001, 9.9380545E+001, 8.3159366E+001, 6.3485157E+001, 5.1571259E+001, 8.6627244E+001, 5.4586637E+001, 1.1827584E+002, 1.5505364E+002, 9.9717153E+001, 6.7498181E+001, 1.5672631E+002, 5.6717202E+001, 1.1408042E+002, 1.2819412E+002, 8.5784111E+001, 5.5488033E+001, 1.0732830E+002, 5.5556614E+001, 1.1229560E+002, 1.3561391E+002, 8.7043424E+001, 5.4806652E+001, 5.8995617E+001, 5.4666456E+001, 1.0509050E+002, 8.4857844E+001, 5.8575831E+001, 4.9015068E+001, 6.0935596E+001, 5.8375807E+001, 5.3174773E+001, 5.2009200E+001, 5.1822237E+001, 5.0099244E+001, 4.2616711E+001, 3.5907702E+001, 3.0123263E+001, 2.7113188E+001, 2.6276474E+001, 2.6122524E+001, 2.5895443E+001, 6.7393194E+001, 6.1238051E+001, 5.4002546E+001, 5.2470690E+001, 5.0289512E+001, 4.9179816E+001, 4.2931417E+001, 3.4910149E+001, 2.9234736E+001, 2.7799501E+001, 2.7101859E+001, 2.5811313E+001, 2.4612724E+001, 5.1956680E+001, 5.3031680E+001, 5.2627932E+001, 5.2436300E+001, 5.2038431E+001, 5.0904410E+001, 4.5143802E+001, 3.3982266E+001, 2.6968587E+001, 2.6180851E+001, 2.6089244E+001, 6.6877120E+001, 6.6771723E+001, 6.5293033E+001, 6.2061309E+001, 5.1668604E+001, 4.7704870E+001, 4.4701699E+001, 3.5735289E+001, 2.9530522E+001, 2.7676079E+001, 2.6910655E+001, 6.8954196E+001, 7.1765644E+001, 6.5918850E+001, 6.3605447E+001, 7.0602823E+001, 7.0994824E+001, 6.8005300E+001, 6.6905378E+001, 2.5021815E+002, 2.4035115E+002, 2.4090437E+002, 2.3476294E+002, 2.0019150E+002, 2.6417573E+002, 1.7277876E+002
 1.6000519E+003, 5.7549390E+001, 5.7994718E+001, 6.0984010E+001, 6.2890937E+001, 6.9846956E+001, 5.7555977E+001, 5.7884901E+001, 5.7749753E+001, 5.9484869E+001, 6.7343574E+001, 7.2508921E+001, 5.7834676E+001, 5.6013700E+001, 5.6571461E+001, 6.0431991E+001, 6.7938217E+001, 7.7153932E+001, 6.4471474E+001, 5.4966415E+001, 5.5938716E+001, 6.0870679E+001, 6.5521946E+001, 7.1962199E+001, 6.6039312E+001, 5.3645817E+001, 5.4114662E+001, 5.8084466E+001, 6.2966203E+001, 6.6871859E+001, 5.2276295E+001, 5.5581559E+001, 6.4201494E+001, 6.4668000E+001, 6.4929785E+001, 5.2538938E+001, 5.2575718E+001, 5.3861878E+001, 6.5712856E+001, 8.3330575E+001, 1.0211438E+002, 5.4317079E+001, 5.1468879E+001, 5.0995414E+001, 6.3298119E+001, 8.8302099E+001, 9.0020276E+001, 7.2588052E+001, 4.9618148E+001, 5.1303312E+001, 6.8221921E+001, 8.3110700E+001, 8.5075369E+001, 8.2882490E+001, 4.9553263E+001, 5.6176495E+001, 6.5621699E+001, 7.6000564E+001, 7.4440701E+001, 5.2576658E+001, 9.8115239E+001, 8.6554800E+001, 7.3305462E+001, 5.1560870E+001, 8.7191445E+001, 5.2056185E+001, 1.1360946E+002, 1.5159257E+002, 1.0970406E+002, 6.3352394E+001, 1.2293806E+002, 5.4298540E+001, 1.0048047E+002, 1.3306177E+002, 9.1308932E+001, 5.8556175E+001, 1.1115789E+002, 5.6969188E+001, 1.1753758E+002, 1.3099762E+002, 8.8025000E+001, 5.8085178E+001, 6.0655763E+001, 5.5632970E+001, 1.0219594E+002, 7.9937967E+001, 5.7513975E+001, 4.7483019E+001, 6.0162991E+001, 5.7225375E+001, 5.3798489E+001, 5.2504192E+001, 5.2131141E+001, 5.0808969E+001, 4.2390728E+001, 3.5646560E+001, 2.9025221E+001, 2.7214335E+001, 2.6302933E+001, 2.5981978E+001, 2.5914296E+001, 6.4591882E+001, 6.0109993E+001, 5.3775098E+001, 5.2398854E+001, 5.0753585E+001, 4.9566975E+001, 4.3993147E+001, 3.4962708E+001, 2.8887447E+001, 2.7727245E+001, 2.6960938E+001, 2.5835979E+001, 2.5231816E+001, 5.3088024E+001, 5.4636992E+001, 5.4174905E+001, 5.3675886E+001, 5.2808030E+001, 5.1551548E+001, 4.7945927E+001, 3.6671671E+001, 2.7194117E+001, 2.6254302E+001, 2.6143934E+001, 6.6899848E+001, 6.6737076E+001, 6.5901027E+001, 5.7043388E+001, 5.0682775E+001, 4.8539590E+001, 4.4045005E+001, 3.4483500E+001, 2.9477769E+001, 2.8395585E+001, 2.6679011E+001, 6.9164552E+001, 7.2018781E+001, 6.6116471E+001, 6.3800758E+001, 7.0853227E+001, 7.1208466E+001, 6.8283403E+001, 6.7122714E+001, 2.5826251E+002, 2.4662890E+002, 2.3778145E+002, 2.1867819E+002, 1.8010246E+002, 2.0154732E+002, 1.7333099E+002
 1.6200486E+003, 5.7575156E+001, 5.8888037E+001, 5.9833246E+001, 6.5034346E+001, 6.8870862E+001, 5.7003482E+001, 5.6646462E+001, 5.6385340E+001, 5.8982113E+001, 6.6572983E+001, 7.8907844E+001, 5.6519205E+001, 5.5291617E+001, 5.5432694E+001, 5.8796056E+001, 6.5915939E+001, 7.6776106E+001, 6.4120015E+001, 5.3789995E+001, 5.4807997E+001, 6.1677790E+001, 7.2068283E+001, 7.7771255E+001, 6.8976053E+001, 5.3077477E+001, 5.3330327E+001, 5.6888352E+001, 6.1799790E+001, 6.3483818E+001, 5.2187062E+001, 5.6137804E+001, 6.5980278E+001, 6.9904469E+001, 7.1118591E+001, 5.2478402E+001, 5.2526253E+001, 5.3632618E+001, 6.5088886E+001, 8.3260134E+001, 9.4885620E+001, 5.4889912E+001, 5.1869344E+001, 5.2032641E+001, 6.3152182E+001, 8.5062888E+001, 8.9731758E+001, 8.1696461E+001, 5.0247427E+001, 5.2525156E+001, 6.9341179E+001, 8.8773021E+001, 8.7564005E+001, 8.8579375E+001, 5.0498434E+001, 5.8861317E+001, 7.0289048E+001, 6.9857685E+001, 7.6367682E+001, 5.5233488E+001, 1.0274874E+002, 8.3029077E+001, 6.6110902E+001, 5.1790033E+001, 9.0105140E+001, 5.3975458E+001, 1.1737472E+002, 1.5967743E+002, 1.1811223E+002, 6.5849526E+001, 1.3583885E+002, 5.4618592E+001, 1.0512182E+002, 1.2839415E+002, 8.4019842E+001, 5.6370773E+001, 1.0262344E+002, 5.5969251E+001, 1.1157337E+002, 1.4032199E+002, 9.7043984E+001, 5.9902135E+001, 6.6216952E+001, 5.6505668E+001, 1.0287342E+002, 8.0290445E+001, 6.3366502E+001, 4.9290986E+001, 5.9179393E+001, 5.8004407E+001, 5.3954532E+001, 5.3038703E+001, 5.2160627E+001, 5.0610632E+001, 4.2900619E+001, 3.5183272E+001, 2.8987126E+001, 2.7188786E+001, 2.6476363E+001, 2.6227269E+001, 2.6152180E+001, 6.5378715E+001, 5.9306904E+001, 5.3941104E+001, 5.2283506E+001, 5.0764865E+001, 4.9780183E+001, 4.4820948E+001, 3.5419915E+001, 2.9286868E+001, 2.7841508E+001, 2.7346871E+001, 2.6596088E+001, 2.5128118E+001, 5.2737738E+001, 5.4237802E+001, 5.4327838E+001, 5.3775410E+001, 5.3067147E+001, 5.1374942E+001, 4.8717833E+001, 3.4301919E+001, 2.6881960E+001, 2.6328426E+001, 2.6203478E+001, 6.6700014E+001, 6.6667225E+001, 6.5757047E+001, 5.9468082E+001, 5.2969625E+001, 4.9168063E+001, 4.4519441E+001, 3.5581953E+001, 2.9273184E+001, 2.7668124E+001, 2.6313383E+001, 6.9388700E+001, 7.2248006E+001, 6.6322331E+001, 6.3982629E+001, 7.1083555E+001, 7.1361224E+001, 6.8506693E+001, 6.7326897E+001, 2.5096028E+002, 2.4109849E+002, 2.3283358E+002, 2.2349252E+002, 2.1265722E+002, 2.7507768E+002, 1.7323927E+002
 1.6400678E+003, 5.8628366E+001, 5.9471392E+001, 6.2292007E+001, 6.5268224E+001, 7.1287316E+001, 5.9024395E+001, 5.8916036E+001, 5.8542064E+001, 6.0934927E+001, 6.6011719E+001, 7.7228547E+001, 5.6993305E+001, 5.4907876E+001, 5.5697283E+001, 6.0993559E+001, 6.9868276E+001, 7.4607485E+001, 7.0301933E+001, 5.3318634E+001, 5.5337232E+001, 6.0814523E+001, 7.5896577E+001, 8.0334832E+001, 7.2567318E+001, 5.2850922E+001, 5.3590812E+001, 5.6999844E+001, 6.5968073E+001, 6.7298011E+001, 5.2819592E+001, 5.7025954E+001, 6.8639053E+001, 7.1345051E+001, 7.0690593E+001, 5.3919093E+001, 5.3316286E+001, 5.5606267E+001, 6.5154443E+001, 8.8328172E+001, 9.5518717E+001, 5.9396834E+001, 5.2420900E+001, 5.2719268E+001, 6.2062347E+001, 8.2604101E+001, 9.1765677E+001, 7.6128017E+001, 5.1292167E+001, 5.4668368E+001, 7.4262975E+001, 8.7199506E+001, 8.6723361E+001, 8.2993683E+001, 5.1884983E+001, 5.9146308E+001, 6.8531290E+001, 7.3767584E+001, 7.1960038E+001, 5.4602656E+001, 1.0880138E+002, 8.5955130E+001, 6.1359053E+001, 4.8437421E+001, 8.9361189E+001, 5.6024433E+001, 1.1992341E+002, 1.4661506E+002, 1.1157961E+002, 6.9003941E+001, 1.3004351E+002, 5.4750144E+001, 1.1262882E+002, 1.1880378E+002, 8.7942957E+001, 6.3209433E+001, 1.0991798E+002, 5.4486082E+001, 1.0815857E+002, 1.3660539E+002, 9.7463529E+001, 5.9659473E+001, 6.9623274E+001, 5.3256862E+001, 1.0189019E+002, 8.5395509E+001, 6.2134104E+001, 5.0270050E+001, 5.9191725E+001, 5.8376367E+001, 5.4200379E+001, 5.3351286E+001, 5.1948558E+001, 4.9859691E+001, 4.3509028E+001, 3.5198380E+001, 2.9651190E+001, 2.7276693E+001, 2.6757304E+001, 2.6288105E+001, 2.6086888E+001, 6.6411063E+001, 5.9495004E+001, 5.4621988E+001, 5.3110417E+001, 5.2025911E+001, 4.9679759E+001, 4.4043890E+001, 3.5734236E+001, 2.9368447E+001, 2.7860122E+001, 2.7183289E+001, 2.6134394E+001, 2.5088004E+001, 5.2946179E+001, 5.3714037E+001, 5.3730794E+001, 5.3253731E+001, 5.2584281E+001, 5.1155113E+001, 4.8357292E+001, 3.4192439E+001, 2.6763287E+001, 2.6368026E+001, 2.6256768E+001, 6.6093638E+001, 6.6326800E+001, 6.5701090E+001, 6.3434662E+001, 5.5422429E+001, 4.9578176E+001, 4.5019081E+001, 3.5086591E+001, 2.9265354E+001, 2.7735124E+001, 2.6094451E+001, 6.9638239E+001, 7.2440210E+001, 6.6524996E+001, 6.4151482E+001, 7.1312439E+001, 7.1519861E+001, 6.8704245E+001, 6.7521526E+001, 2.4525214E+002, 2.3453387E+002, 2.3223265E+002, 2.2709238E+002, 2.1964959E+002, 2.2491087E+002, 1.7313014E+002
 1.6600349E+003, 5.9618991E+001, 5.9386434E+001, 5.7275696E+001, 6.3699394E+001, 7.1904679E+001, 5.8627415E+001, 5.7535259E+001, 5.7855353E+001, 5.8385080E+001, 6.8788468E+001, 7.8923070E+001, 5.8629852E+001, 5.5069587E+001, 5.7254386E+001, 6.3051829E+001, 7.5080214E+001, 8.0853927E+001, 7.0521928E+001, 5.4136275E+001, 5.5326465E+001, 6.2677801E+001, 7.3222464E+001, 7.4892629E+001, 7.1850766E+001, 5.3602356E+001, 5.5835360E+001, 6.2176712E+001, 6.8170682E+001, 6.3161740E+001, 5.2743008E+001, 5.4229168E+001, 6.2186642E+001, 6.3994080E+001, 6.3126814E+001, 5.3119316E+001, 5.2877342E+001, 5.3812436E+001, 6.9227329E+001, 9.1801847E+001, 8.9968063E+001, 5.5621217E+001, 5.2377920E+001, 5.2837401E+001, 7.3570033E+001, 9.3547818E+001, 9.9286711E+001, 8.2377086E+001, 5.1897114E+001, 5.2884763E+001, 6.3572428E+001, 8.5495490E+001, 7.8240777E+001, 8.0416628E+001, 5.0385329E+001, 5.5297180E+001, 7.2632023E+001, 7.3191112E+001, 7.1278088E+001, 5.5640424E+001, 8.8111883E+001, 7.4690748E+001, 5.5472063E+001, 4.8621755E+001, 9.9155717E+001, 5.5074786E+001, 1.1182997E+002, 1.3272933E+002, 8.1970971E+001, 5.9338385E+001, 1.4539956E+002, 5.9072994E+001, 1.4373593E+002, 1.6325940E+002, 1.0708426E+002, 6.9843495E+001, 1.4491980E+002, 5.7008501E+001, 1.1580368E+002, 1.3842389E+002, 8.9121636E+001, 6.4246197E+001, 6.3950417E+001, 5.3972338E+001, 9.5058686E+001, 8.0723226E+001, 6.2979260E+001, 5.2111531E+001, 6.1636618E+001, 5.8485107E+001, 5.3977276E+001, 5.3368037E+001, 5.2117053E+001, 5.0179412E+001, 4.3693686E+001, 3.5806752E+001, 2.9978657E+001, 2.6996785E+001, 2.6793993E+001, 2.6263069E+001, 2.6227994E+001, 6.6095777E+001, 5.8261987E+001, 5.4052836E+001, 5.3383891E+001, 5.2135961E+001, 4.9775549E+001, 4.3071694E+001, 3.4721006E+001, 2.9075862E+001, 2.7811872E+001, 2.7378223E+001, 2.6336623E+001, 2.5331281E+001, 5.3414528E+001, 5.4102591E+001, 5.4003619E+001, 5.4082658E+001, 5.3317763E+001, 5.2238247E+001, 5.0302745E+001, 3.5220579E+001, 2.6722864E+001, 2.6416142E+001, 2.6339622E+001, 6.5326750E+001, 6.5372624E+001, 6.4887324E+001, 5.9945078E+001, 5.3343210E+001, 4.9479645E+001, 4.4833483E+001, 3.5505920E+001, 2.9820820E+001, 2.7915720E+001, 2.6398259E+001, 6.9897867E+001, 7.2635054E+001, 6.6732206E+001, 6.4336024E+001, 7.1520915E+001, 7.1704661E+001, 6.8972872E+001, 6.7723866E+001, 2.6156618E+002, 2.5010821E+002, 2.4365651E+002, 2.2565023E+002, 1.7361219E+002, 2.1810051E+002, 1.7349106E+002
 1.6800630E+003, 5.8221950E+001, 5.7688815E+001, 5.8620654E+001, 6.5488332E+001, 6.8798422E+001, 5.7731176E+001, 5.6999644E+001, 5.6991316E+001, 6.2972104E+001, 7.1176612E+001, 7.7711046E+001, 5.7332296E+001, 5.6083133E+001, 5.5384109E+001, 5.9454425E+001, 6.7883820E+001, 8.0678689E+001, 6.1270461E+001, 5.4908313E+001, 5.4653246E+001, 5.8520616E+001, 6.5243607E+001, 7.6803453E+001, 7.1250380E+001, 5.4280540E+001, 5.6325855E+001, 6.0480417E+001, 6.9216329E+001, 7.1432552E+001, 5.2727575E+001, 5.5993274E+001, 6.2743183E+001, 6.9422160E+001, 6.9144704E+001, 5.4051252E+001, 5.3129482E+001, 5.5317443E+001, 6.8856229E+001, 9.3121077E+001, 1.0309616E+002, 5.8342829E+001, 5.2670489E+001, 5.2466607E+001, 6.6255993E+001, 8.0831544E+001, 9.0338482E+001, 6.7023432E+001, 4.9552940E+001, 5.1067508E+001, 6.2738754E+001, 7.8510162E+001, 7.8558795E+001, 8.2770250E+001, 4.8671585E+001, 5.6620157E+001, 7.6736013E+001, 7.9802719E+001, 6.7142147E+001, 5.1996695E+001, 9.2227405E+001, 9.1300207E+001, 7.1944326E+001, 5.8381454E+001, 8.4366026E+001, 5.3069499E+001, 1.2836813E+002, 1.6231455E+002, 1.1394694E+002, 7.0046127E+001, 1.4266870E+002, 5.4934727E+001, 1.0853089E+002, 1.2899956E+002, 9.1926521E+001, 5.9161939E+001, 1.2618374E+002, 5.6069530E+001, 1.0292037E+002, 1.4513127E+002, 9.7371026E+001, 6.2826623E+001, 6.3051511E+001, 5.7625602E+001, 1.0068954E+002, 7.4713656E+001, 5.7855737E+001, 5.1409488E+001, 6.2525121E+001, 5.9166490E+001, 5.3908679E+001, 5.3160003E+001, 5.2804601E+001, 5.0743730E+001, 4.3454807E+001, 3.5561072E+001, 3.0600467E+001, 2.7204596E+001, 2.6587571E+001, 2.6310882E+001, 2.6284122E+001, 6.7440830E+001, 6.0119815E+001, 5.4231557E+001, 5.3216731E+001, 5.1575546E+001, 5.0093752E+001, 4.3476892E+001, 3.5979171E+001, 2.9486623E+001, 2.7896462E+001, 2.7538782E+001, 2.6345472E+001, 2.5078614E+001, 5.3374684E+001, 5.4146558E+001, 5.4733563E+001, 5.4632758E+001, 5.3816872E+001, 5.1934829E+001, 4.8902613E+001, 3.3701472E+001, 2.6736453E+001, 2.6471356E+001, 2.6400381E+001, 6.6694523E+001, 6.6408216E+001, 6.5328194E+001, 6.3354110E+001, 5.6903392E+001, 4.9640476E+001, 4.4079274E+001, 3.4421441E+001, 2.9835984E+001, 2.8267923E+001, 2.6647120E+001, 7.0112132E+001, 7.2820352E+001, 6.6938226E+001, 6.4522915E+001, 7.1704419E+001, 7.1874780E+001, 6.9165436E+001, 6.7914963E+001, 2.4485574E+002, 2.3540630E+002, 2.3006226E+002, 2.2242686E+002, 1.7404673E+002, 1.6650962E+002, 1.7355169E+002
 1.7000467E+003, 5.9384549E+001, 5.8749596E+001, 6.0023339E+001, 7.1783304E+001, 7.3319435E+001, 5.8938117E+001, 6.0246123E+001, 5.8506731E+001, 6.0098026E+001, 7.0775357E+001, 7.9365538E+001, 5.7323838E+001, 5.8760274E+001, 5.6190743E+001, 5.9169991E+001, 6.6867390E+001, 7.2644507E+001, 6.0657398E+001, 5.4795707E+001, 5.3686819E+001, 5.6840804E+001, 6.2572253E+001, 7.2912568E+001, 6.4379573E+001, 5.3208611E+001, 5.4028393E+001, 5.6221651E+001, 6.2776572E+001, 6.7283528E+001, 5.2974131E+001, 5.8206985E+001, 6.6007101E+001, 7.4359842E+001, 6.8151466E+001, 5.4716355E+001, 5.3072587E+001, 5.5573042E+001, 7.3809734E+001, 9.0474940E+001, 9.4404106E+001, 6.3467628E+001, 5.3007506E+001, 5.3487123E+001, 6.9667481E+001, 8.2060094E+001, 9.5762228E+001, 7.0673251E+001, 5.0680671E+001, 5.0904063E+001, 6.1101113E+001, 7.9010499E+001, 8.7282469E+001, 7.7565991E+001, 4.9071729E+001, 5.5066618E+001, 6.8544582E+001, 6.7975869E+001, 6.7879413E+001, 5.5337354E+001, 8.6876365E+001, 7.2406824E+001, 6.0477102E+001, 5.2218965E+001, 9.1743534E+001, 5.3795417E+001, 1.1474114E+002, 1.5135583E+002, 1.1066907E+002, 6.7992874E+001, 1.4379202E+002, 5.9068370E+001, 1.4073131E+002, 1.5148780E+002, 1.1301166E+002, 7.0603420E+001, 1.2215485E+002, 5.3149457E+001, 9.9742450E+001, 1.2975237E+002, 9.1397420E+001, 6.7483205E+001, 6.3832786E+001, 5.3192584E+001, 9.1999859E+001, 6.7317744E+001, 5.6122004E+001, 5.1798012E+001, 6.2817803E+001, 6.0803211E+001, 5.4378873E+001, 5.2973704E+001, 5.3094907E+001, 5.1608851E+001, 4.3885983E+001, 3.5058642E+001, 2.9784380E+001, 2.7294680E+001, 2.6836265E+001, 2.6489283E+001, 2.6244188E+001, 6.4914924E+001, 5.9276076E+001, 5.4507598E+001, 5.3411922E+001, 5.2138770E+001, 5.0264492E+001, 4.2321397E+001, 3.5554940E+001, 2.9230103E+001, 2.7965528E+001, 2.7594914E+001, 2.6192258E+001, 2.5205174E+001, 5.3769465E+001, 5.4594334E+001, 5.4625346E+001, 5.4537621E+001, 5.3768772E+001, 5.2434956E+001, 4.6862547E+001, 3.3412564E+001, 2.6794192E+001, 2.6520782E+001, 2.6434425E+001, 6.6891095E+001, 6.7320748E+001, 6.7064905E+001, 6.4273357E+001, 5.7082729E+001, 4.9851382E+001, 4.4427482E+001, 3.4074235E+001, 3.0038151E+001, 2.8470874E+001, 2.6501978E+001, 7.0314995E+001, 7.2977318E+001, 6.7145441E+001, 6.4710880E+001, 7.1884739E+001, 7.2038704E+001, 6.9316960E+001, 6.8091931E+001, 2.4668976E+002, 2.3956145E+002, 2.3823416E+002, 2.3882605E+002, 2.1116755E+002, 2.1736408E+002, 1.7372926E+002
 1.7200169E+003, 5.7567128E+001, 5.7937816E+001, 6.0848930E+001, 6.9819582E+001, 7.0747190E+001, 5.6333056E+001, 5.6706616E+001, 5.8093646E+001, 6.3654797E+001, 6.7779655E+001, 7.6529500E+001, 6.0638440E+001, 5.7277533E+001, 5.7535883E+001, 6.1572812E+001, 7.0397216E+001, 7.9749470E+001, 6.6844599E+001, 5.4625353E+001, 5.4024231E+001, 6.0056553E+001, 6.7663050E+001, 7.5910337E+001, 6.8704891E+001, 5.3207702E+001, 5.3778775E+001, 5.9204598E+001, 6.3852415E+001, 6.6789326E+001, 5.0383877E+001, 5.6799752E+001, 6.3315893E+001, 6.9522729E+001, 7.4297395E+001, 5.2227958E+001, 5.1558927E+001, 5.5632810E+001, 7.0013802E+001, 8.6952479E+001, 8.8718331E+001, 6.4246833E+001, 5.2366676E+001, 5.5950720E+001, 6.6683618E+001, 8.7201453E+001, 9.2871647E+001, 7.5042556E+001, 5.2300689E+001, 5.2923947E+001, 6.3774311E+001, 8.2790639E+001, 8.1743146E+001, 8.1341490E+001, 5.2142743E+001, 5.4486954E+001, 7.1837748E+001, 7.7852325E+001, 7.3149646E+001, 5.4374003E+001, 1.2072344E+002, 1.0705007E+002, 7.7633911E+001, 5.5091678E+001, 8.9326421E+001, 5.3391830E+001, 1.0628433E+002, 1.3584439E+002, 9.6000098E+001, 6.3241288E+001, 1.2971346E+002, 5.4627755E+001, 1.1556560E+002, 1.3282744E+002, 8.9663874E+001, 5.8771509E+001, 1.1563573E+002, 5.7529814E+001, 1.2367413E+002, 1.2562512E+002, 9.2514496E+001, 6.1085807E+001, 6.7891229E+001, 5.3115393E+001, 1.1123382E+002, 9.4689486E+001, 7.0959550E+001, 5.3786953E+001, 6.3418721E+001, 5.9613873E+001, 5.5196383E+001, 5.3473509E+001, 5.2952114E+001, 5.2379426E+001, 4.4045659E+001, 3.4416267E+001, 2.9156956E+001, 2.7382651E+001, 2.6929016E+001, 2.6584759E+001, 2.6339360E+001, 6.7656572E+001, 6.1431700E+001, 5.4296154E+001, 5.3734752E+001, 5.1755328E+001, 5.0680713E+001, 4.2443083E+001, 3.5613438E+001, 2.9077334E+001, 2.8055370E+001, 2.7571366E+001, 2.6177582E+001, 2.5393407E+001, 5.2670862E+001, 5.4687530E+001, 5.4812921E+001, 5.4534563E+001, 5.3496412E+001, 5.2298996E+001, 4.9216554E+001, 3.3103042E+001, 2.6803178E+001, 2.6549717E+001, 2.6471217E+001, 6.5518645E+001, 6.5637946E+001, 6.5769495E+001, 6.2776374E+001, 5.1922999E+001, 4.9145958E+001, 4.5634039E+001, 3.7855903E+001, 3.0139949E+001, 2.7988064E+001, 2.6459184E+001, 7.0516270E+001, 7.3131621E+001, 6.7341601E+001, 6.4888000E+001, 7.2064840E+001, 7.2205410E+001, 6.9475713E+001, 6.8254763E+001, 2.4473499E+002, 2.3730384E+002, 2.3798935E+002, 2.3245198E+002, 1.9050108E+002, 2.1612133E+002, 1.7342176E+002
 1.7400760E+003, 5.7280811E+001, 5.9127006E+001, 6.4638906E+001, 6.7829826E+001, 6.9206601E+001, 5.8983878E+001, 6.0425593E+001, 6.0370233E+001, 6.3163798E+001, 6.8694279E+001, 7.2818823E+001, 6.0887523E+001, 6.1014163E+001, 5.9585638E+001, 6.0736704E+001, 6.6905387E+001, 7.6491000E+001, 6.2818229E+001, 5.8777636E+001, 5.7587536E+001, 6.0615922E+001, 7.0819688E+001, 7.7470515E+001, 7.7067866E+001, 5.3834844E+001, 5.4319570E+001, 6.1728316E+001, 7.1136922E+001, 7.0897228E+001, 5.1425758E+001, 5.4843282E+001, 6.7374514E+001, 6.9274750E+001, 7.2031042E+001, 5.2379819E+001, 5.2759584E+001, 5.3602025E+001, 7.3608146E+001, 8.5603320E+001, 8.4191962E+001, 5.5699619E+001, 5.2924955E+001, 5.2918376E+001, 6.2601724E+001, 8.4457222E+001, 9.4131532E+001, 7.0776179E+001, 5.2588668E+001, 5.6558500E+001, 6.8414267E+001, 8.6448940E+001, 8.8254496E+001, 8.6538054E+001, 5.2388131E+001, 5.7096415E+001, 7.4879453E+001, 8.2137659E+001, 7.3364101E+001, 5.1595040E+001, 8.9670063E+001, 7.7589608E+001, 6.2962129E+001, 5.1174604E+001, 7.9077381E+001, 5.3179269E+001, 1.2720164E+002, 1.4279863E+002, 9.6052504E+001, 6.2438266E+001, 1.3627387E+002, 5.4187068E+001, 1.1492614E+002, 1.4273420E+002, 1.1094337E+002, 7.3326402E+001, 1.3623524E+002, 5.5649699E+001, 1.1006350E+002, 1.4458890E+002, 9.8000618E+001, 6.3058542E+001, 6.3854462E+001, 5.6983911E+001, 9.3249179E+001, 7.3395329E+001, 5.7746630E+001, 4.7983423E+001, 6.1797899E+001, 6.0033937E+001, 5.4165761E+001, 5.3852827E+001, 5.2929195E+001, 5.1533912E+001, 4.3415224E+001, 3.4637892E+001, 2.8954682E+001, 2.7415359E+001, 2.7055745E+001, 2.6494195E+001, 2.6272044E+001, 6.4836169E+001, 6.0182932E+001, 5.3516498E+001, 5.3483771E+001, 5.1515492E+001, 5.0637178E+001, 4.1218157E+001, 3.5576636E+001, 2.9635578E+001, 2.8166335E+001, 2.7478167E+001, 2.6482817E+001, 2.5062818E+001, 5.2449459E+001, 5.3478875E+001, 5.3614651E+001, 5.3193514E+001, 5.3186687E+001, 5.2355750E+001, 4.9458592E+001, 3.3909638E+001, 2.6891826E+001, 2.6598513E+001, 2.6537850E+001, 6.5934648E+001, 6.5686623E+001, 6.5232588E+001, 6.3260082E+001, 5.4591608E+001, 4.9557948E+001, 4.5677364E+001, 3.5216906E+001, 2.9454272E+001, 2.7756070E+001, 2.6838456E+001, 7.0697058E+001, 7.3296757E+001, 6.7543145E+001, 6.5045862E+001, 7.2244514E+001, 7.2396014E+001, 6.9653313E+001, 6.8408735E+001, 2.4471008E+002, 2.4139511E+002, 2.4306243E+002, 2.3950787E+002, 2.2975986E+002, 2.6564683E+002, 1.7348339E+002
 1.7600444E+003, 5.8853261E+001, 5.8990623E+001, 6.8760357E+001, 7.0337097E+001, 7.0013721E+001, 5.8460474E+001, 6.0053655E+001, 6.2913429E+001, 6.8811331E+001, 6.9755927E+001, 7.6092748E+001, 6.5030796E+001, 6.1000120E+001, 5.9866523E+001, 6.3603098E+001, 6.9704767E+001, 7.6964345E+001, 6.4785505E+001, 5.7785190E+001, 5.6939405E+001, 6.0302395E+001, 7.0749896E+001, 7.6879011E+001, 7.2421799E+001, 5.5504943E+001, 5.5802384E+001, 5.7471611E+001, 6.5557757E+001, 7.2054986E+001, 5.1794180E+001, 5.6941344E+001, 6.8217683E+001, 6.2764573E+001, 6.6489947E+001, 5.2695503E+001, 5.2960705E+001, 5.6708308E+001, 7.6788401E+001, 8.3902872E+001, 8.6405693E+001, 7.2906575E+001, 5.3437739E+001, 5.8066106E+001, 8.1537879E+001, 9.5460895E+001, 9.2531244E+001, 8.5852547E+001, 5.3401027E+001, 5.4521408E+001, 6.5194174E+001, 8.8734244E+001, 8.9204499E+001, 8.5476935E+001, 5.2716551E+001, 5.7074004E+001, 6.5915476E+001, 7.5978500E+001, 7.3885543E+001, 5.3698502E+001, 9.1300320E+001, 7.1279538E+001, 5.8623210E+001, 5.3333570E+001, 8.2336975E+001, 5.1903055E+001, 1.0438048E+002, 1.3371313E+002, 9.4688211E+001, 6.4181280E+001, 1.5041480E+002, 5.6671320E+001, 1.3144949E+002, 1.4774632E+002, 9.9877655E+001, 6.6684888E+001, 1.3493642E+002, 5.5779030E+001, 1.1863113E+002, 1.5294706E+002, 9.9081026E+001, 6.1002656E+001, 6.5484692E+001, 5.4293569E+001, 9.6136348E+001, 7.6544721E+001, 6.0526013E+001, 5.3053003E+001, 5.9410448E+001, 5.8479038E+001, 5.4350296E+001, 5.3922927E+001, 5.3388959E+001, 5.1367759E+001, 4.3752809E+001, 3.6579700E+001, 2.9239726E+001, 2.7541188E+001, 2.7092064E+001, 2.6492409E+001, 2.6111608E+001, 6.9251122E+001, 6.2505286E+001, 5.4862180E+001, 5.3674616E+001, 5.1215000E+001, 4.8879644E+001, 4.1754953E+001, 3.5845494E+001, 3.0420054E+001, 2.8338341E+001, 2.7649958E+001, 2.6643674E+001, 2.5596552E+001, 5.2357924E+001, 5.2849781E+001, 5.3389942E+001, 5.3508833E+001, 5.3045513E+001, 5.2281023E+001, 5.0107059E+001, 3.3742344E+001, 2.7054302E+001, 2.6672122E+001, 2.6571381E+001, 6.7409252E+001, 6.7162587E+001, 6.6228353E+001, 6.4178334E+001, 5.5704620E+001, 5.0611377E+001, 4.6064155E+001, 3.4684301E+001, 2.9354094E+001, 2.7977035E+001, 2.6839385E+001, 7.0875708E+001, 7.3477742E+001, 6.7721514E+001, 6.5192759E+001, 7.2428305E+001, 7.2594619E+001, 6.9840597E+001, 6.8571639E+001, 2.4766722E+002, 2.4067015E+002, 2.4215183E+002, 2.4122101E+002, 2.2207939E+002, 2.7649978E+002, 1.7339786E+002
 1.7800596E+003, 6.1251268E+001, 6.1110080E+001, 6.3438659E+001, 6.5108751E+001, 6.4980291E+001, 6.1023100E+001, 6.2120579E+001, 6.1158638E+001, 6.5478472E+001, 7.0006985E+001, 7.2288642E+001, 6.0240067E+001, 6.0255582E+001, 5.7063097E+001, 6.3577454E+001, 7.1063707E+001, 8.0912626E+001, 6.8668191E+001, 5.5492441E+001, 5.6004523E+001, 6.3254486E+001, 7.2833304E+001, 8.1743262E+001, 7.3699393E+001, 5.4823360E+001, 5.4066571E+001, 5.8580575E+001, 6.2874373E+001, 7.0991031E+001, 5.3256956E+001, 5.8180564E+001, 6.7150059E+001, 5.9216607E+001, 5.8781063E+001, 5.3899338E+001, 5.3779262E+001, 5.9618054E+001, 7.4366169E+001, 8.4539747E+001, 7.9566099E+001, 6.5752468E+001, 5.3915566E+001, 5.5577238E+001, 7.0219669E+001, 9.0088013E+001, 9.4127117E+001, 7.8538165E+001, 5.3859177E+001, 5.5601994E+001, 6.9255258E+001, 1.0282697E+002, 1.0234257E+002, 9.4803355E+001, 5.2507374E+001, 5.8016314E+001, 7.1353026E+001, 7.6120629E+001, 7.6417252E+001, 5.4489929E+001, 8.9799364E+001, 7.1003570E+001, 5.8483962E+001, 5.2559883E+001, 8.2350152E+001, 5.5532371E+001, 1.1778758E+002, 1.3861700E+002, 9.3899095E+001, 6.4527686E+001, 1.4914179E+002, 5.8628024E+001, 1.2603122E+002, 1.4518303E+002, 1.0562734E+002, 6.8765950E+001, 1.2711628E+002, 5.7879600E+001, 1.2651655E+002, 1.5848987E+002, 9.8780400E+001, 6.3736969E+001, 6.8034264E+001, 5.4469715E+001, 9.7818538E+001, 7.7266557E+001, 5.8102813E+001, 5.0008291E+001, 6.3530826E+001, 5.8652835E+001, 5.4420264E+001, 5.4161540E+001, 5.3427299E+001, 5.0545656E+001, 4.2279351E+001, 3.5550696E+001, 2.9893364E+001, 2.7428621E+001, 2.7019421E+001, 2.6623032E+001, 2.6188275E+001, 6.9772322E+001, 6.0484815E+001, 5.4979454E+001, 5.3571000E+001, 5.1202933E+001, 5.0095291E+001, 4.3207787E+001, 3.6893602E+001, 3.0398256E+001, 2.8323401E+001, 2.7744085E+001, 2.6407971E+001, 2.5411088E+001, 5.1917622E+001, 5.3022376E+001, 5.2899132E+001, 5.3365368E+001, 5.3155368E+001, 5.2345179E+001, 5.0645803E+001, 3.5767905E+001, 2.7073019E+001, 2.6716908E+001, 2.6593572E+001, 6.8887573E+001, 6.8285698E+001, 6.7694132E+001, 6.6343645E+001, 5.2930521E+001, 4.9852546E+001, 4.5739795E+001, 3.6714838E+001, 2.8815285E+001, 2.7623138E+001, 2.6652055E+001, 7.1045200E+001, 7.3643419E+001, 6.7877940E+001, 6.5331764E+001, 7.2623579E+001, 7.2783539E+001, 7.0042396E+001, 6.8725618E+001, 2.5477744E+002, 2.4281546E+002, 2.3759924E+002, 2.2407419E+002, 1.8918035E+002, 2.1563657E+002, 1.7334027E+002
 1.8000096E+003, 5.8653927E+001, 5.9310311E+001, 5.9054638E+001, 6.0839917E+001, 6.4525585E+001, 5.8779056E+001, 5.8627909E+001, 5.8521661E+001, 6.0111773E+001, 6.6355160E+001, 7.8053534E+001, 5.9183371E+001, 5.6147321E+001, 5.6301681E+001, 6.2805627E+001, 6.6755931E+001, 8.1773233E+001, 6.3742870E+001, 5.4354891E+001, 5.5611737E+001, 6.3362794E+001, 7.0399919E+001, 7.8700516E+001, 7.5843440E+001, 5.3944320E+001, 5.5235838E+001, 6.1932442E+001, 7.0915032E+001, 7.6257175E+001, 5.3877577E+001, 5.7721815E+001, 5.8254032E+001, 5.7976464E+001, 6.1447876E+001, 5.5076946E+001, 5.4069691E+001, 5.8473210E+001, 7.1035615E+001, 8.9652590E+001, 9.3127811E+001, 6.0257226E+001, 5.4078613E+001, 5.5285365E+001, 6.7881429E+001, 8.8534004E+001, 9.3404334E+001, 7.6926433E+001, 5.3270304E+001, 5.4390748E+001, 7.2012155E+001, 9.0624355E+001, 9.3849338E+001, 9.0763547E+001, 5.0331406E+001, 5.8628361E+001, 7.0073517E+001, 7.7396157E+001, 7.6194249E+001, 5.5055654E+001, 8.6784772E+001, 6.9958242E+001, 5.4970448E+001, 4.9371916E+001, 9.0801388E+001, 5.4833656E+001, 1.0832485E+002, 1.5740087E+002, 1.0771681E+002, 6.2349502E+001, 1.4780531E+002, 5.7431614E+001, 1.3193201E+002, 1.4379251E+002, 9.6143683E+001, 6.7174053E+001, 1.2674010E+002, 5.6656139E+001, 1.0866265E+002, 1.3587956E+002, 1.0131355E+002, 6.0044006E+001, 6.9637336E+001, 5.3091696E+001, 1.0340591E+002, 8.5174476E+001, 6.0031593E+001, 5.0238380E+001, 6.3198534E+001, 6.0171488E+001, 5.4230660E+001, 5.4056225E+001, 5.3383576E+001, 5.0769977E+001, 4.3986388E+001, 3.5895399E+001, 3.0097405E+001, 2.7488323E+001, 2.7081871E+001, 2.6640777E+001, 2.6383922E+001, 7.0546324E+001, 5.9954154E+001, 5.4382554E+001, 5.3615450E+001, 5.2282629E+001, 5.0823527E+001, 4.3307863E+001, 3.5803752E+001, 2.9357895E+001, 2.8262754E+001, 2.7641757E+001, 2.5832847E+001, 2.5580057E+001, 5.4029667E+001, 5.4593102E+001, 5.4925217E+001, 5.4637456E+001, 5.3706940E+001, 5.2454732E+001, 5.0012711E+001, 3.3117273E+001, 2.7099536E+001, 2.6721666E+001, 2.6602067E+001, 6.7099177E+001, 6.6985360E+001, 6.6375519E+001, 6.4359781E+001, 5.1903296E+001, 4.9843400E+001, 4.5904942E+001, 3.5167503E+001, 2.9343319E+001, 2.7699099E+001, 2.6453257E+001, 7.1214982E+001, 7.3811455E+001, 6.8051946E+001, 6.5471868E+001, 7.2808981E+001, 7.2973820E+001, 7.0253222E+001, 6.8872919E+001, 2.5635984E+002, 2.4920935E+002, 2.4045647E+002, 2.2482970E+002, 1.8235605E+002, 1.9091063E+002, 1.7346725E+002
 1.8200604E+003, 5.7751472E+001, 5.8570002E+001, 6.2969280E+001, 6.9173005E+001, 7.2812110E+001, 5.9328175E+001, 5.8919867E+001, 6.1084275E+001, 6.3811838E+001, 6.9617935E+001, 7.6420551E+001, 6.2210877E+001, 5.4743478E+001, 5.8933569E+001, 6.1593306E+001, 7.1661608E+001, 8.0499126E+001, 6.9015358E+001, 5.4088630E+001, 5.5477987E+001, 6.5964346E+001, 7.5189089E+001, 7.8253896E+001, 7.3582875E+001, 5.3974755E+001, 5.5649404E+001, 6.1589856E+001, 6.4083186E+001, 7.0469670E+001, 5.3382152E+001, 5.7993346E+001, 7.2615772E+001, 7.4365049E+001, 7.5718499E+001, 5.4768655E+001, 5.4425067E+001, 5.7582222E+001, 7.1871678E+001, 8.6561859E+001, 8.5694510E+001, 6.1505388E+001, 5.4489850E+001, 5.6129927E+001, 6.8601789E+001, 9.3977864E+001, 8.9414690E+001, 8.5735679E+001, 5.3564340E+001, 5.5772694E+001, 7.2276052E+001, 9.2596884E+001, 9.0981461E+001, 8.4534297E+001, 4.9803211E+001, 5.9392067E+001, 6.7855115E+001, 7.0543007E+001, 7.1348897E+001, 5.5491721E+001, 9.9183498E+001, 9.5040069E+001, 7.3773488E+001, 5.7218066E+001, 9.4309240E+001, 5.6029220E+001, 1.3208125E+002, 1.6307241E+002, 1.0567518E+002, 6.7919731E+001, 1.4713642E+002, 5.8818452E+001, 1.1924799E+002, 1.2948488E+002, 9.9395105E+001, 6.6215758E+001, 1.1898834E+002, 6.1681387E+001, 1.2188672E+002, 1.5608468E+002, 9.6166149E+001, 6.1059360E+001, 6.4701025E+001, 5.8068659E+001, 9.3993067E+001, 8.2422698E+001, 6.5188087E+001, 5.5364372E+001, 6.2557364E+001, 6.0008983E+001, 5.4596626E+001, 5.4136199E+001, 5.3524604E+001, 5.1885434E+001, 4.4242137E+001, 3.5610930E+001, 3.0160338E+001, 2.7608070E+001, 2.7223816E+001, 2.6669490E+001, 2.6433684E+001, 6.7000583E+001, 6.1242130E+001, 5.5591426E+001, 5.4011753E+001, 5.2609338E+001, 5.0793044E+001, 4.4038720E+001, 3.5701115E+001, 2.9280753E+001, 2.8311583E+001, 2.7855077E+001, 2.6591262E+001, 2.5430690E+001, 5.5509201E+001, 5.6348990E+001, 5.6430758E+001, 5.5805345E+001, 5.4833694E+001, 5.3573227E+001, 5.0585012E+001, 3.3807049E+001, 2.7090932E+001, 2.6733700E+001, 2.6727660E+001, 6.6315511E+001, 6.5674405E+001, 6.5463055E+001, 6.4910772E+001, 5.5943280E+001, 4.9863375E+001, 4.5873196E+001, 3.6128555E+001, 3.0188378E+001, 2.7515604E+001, 2.6179134E+001, 7.1412304E+001, 7.3969660E+001, 6.8208168E+001, 6.5624328E+001, 7.2979720E+001, 7.3128613E+001, 7.0487099E+001, 6.9016631E+001, 2.5529828E+002, 2.4454137E+002, 2.3981333E+002, 2.3874536E+002, 2.0027556E+002, 2.4099522E+002, 1.7386923E+002
 1.8400077E+003, 5.7501890E+001, 5.9147517E+001, 6.7396139E+001, 7.3899919E+001, 7.5634500E+001, 5.8712235E+001, 5.8337675E+001, 5.8728645E+001, 6.6029391E+001, 7.3862310E+001, 7.8448851E+001, 5.9612086E+001, 5.6914443E+001, 5.6034587E+001, 6.0612276E+001, 7.8413616E+001, 8.6363455E+001, 6.5976963E+001, 5.4708936E+001, 5.5088209E+001, 6.0552719E+001, 6.8360105E+001, 8.1953222E+001, 6.7957290E+001, 5.3850137E+001, 5.4976988E+001, 5.8844503E+001, 6.1627184E+001, 6.8113624E+001, 5.2467562E+001, 5.4345904E+001, 7.3451703E+001, 8.0304861E+001, 7.7212724E+001, 5.3495420E+001, 5.3929108E+001, 5.4391637E+001, 7.7512513E+001, 8.7783009E+001, 9.0225530E+001, 6.1557816E+001, 5.3925481E+001, 5.4804269E+001, 7.7802593E+001, 1.0332723E+002, 1.1092810E+002, 8.7777471E+001, 5.2716326E+001, 5.6778394E+001, 7.6673686E+001, 9.4839851E+001, 1.0248006E+002, 8.5980828E+001, 5.0522690E+001, 6.0730734E+001, 6.7724398E+001, 7.1773417E+001, 7.2557006E+001, 5.7956782E+001, 1.1808059E+002, 1.2231653E+002, 9.5508288E+001, 6.7617922E+001, 1.0535469E+002, 5.6392998E+001, 1.2875972E+002, 1.6055027E+002, 1.0745473E+002, 6.6385874E+001, 1.6369152E+002, 6.0629002E+001, 1.4047089E+002, 1.8823925E+002, 1.2454097E+002, 8.3773406E+001, 1.6263995E+002, 6.1527661E+001, 1.5021702E+002, 1.6372641E+002, 1.1066423E+002, 7.0305060E+001, 7.6167827E+001, 6.0127315E+001, 1.1967306E+002, 9.0209001E+001, 7.4565371E+001, 5.6190234E+001, 6.3375922E+001, 5.9709647E+001, 5.5071240E+001, 5.4301795E+001, 5.3521337E+001, 5.2523697E+001, 4.4416250E+001, 3.5003872E+001, 2.9139927E+001, 2.7365145E+001, 2.7072316E+001, 2.6720705E+001, 2.6546919E+001, 7.0826364E+001, 6.2150368E+001, 5.4906287E+001, 5.4517004E+001, 5.1842839E+001, 5.0839641E+001, 4.2740438E+001, 3.4599678E+001, 2.9558713E+001, 2.8399636E+001, 2.7545707E+001, 2.5913064E+001, 2.5415270E+001, 5.4002911E+001, 5.4989321E+001, 5.4856126E+001, 5.4856952E+001, 5.4538524E+001, 5.3786273E+001, 5.1704822E+001, 3.3723069E+001, 2.6899315E+001, 2.6809168E+001, 2.6772747E+001, 6.8001571E+001, 6.7566574E+001, 6.6860407E+001, 6.4932300E+001, 5.8109154E+001, 5.0181394E+001, 4.4224791E+001, 3.5895198E+001, 3.0882539E+001, 2.8653378E+001, 2.6665795E+001, 7.1651241E+001, 7.4200639E+001, 6.8391528E+001, 6.5833320E+001, 7.3273792E+001, 7.3381582E+001, 7.0730797E+001, 6.9248325E+001, 3.0712202E+002, 2.8149060E+002, 2.7855874E+002, 2.8652116E+002, 2.8688433E+002, 2.9393705E+002, 1.7738695E+002
 1.8600450E+003, 5.7316684E+001, 5.8944787E+001, 6.2063715E+001, 7.0780185E+001, 7.8571985E+001, 5.8744302E+001, 5.9113396E+001, 5.9936723E+001, 6.2948140E+001, 7.9978716E+001, 9.2344294E+001, 6.1123535E+001, 6.0288656E+001, 6.1884694E+001, 6.5492907E+001, 8.0963119E+001, 9.8822892E+001, 7.1278496E+001, 5.9767325E+001, 6.2354424E+001, 6.4950944E+001, 7.9972015E+001, 9.4654047E+001, 8.9098442E+001, 5.7250084E+001, 5.8247219E+001, 6.3519841E+001, 7.7363708E+001, 8.3774105E+001, 5.3529841E+001, 5.9533447E+001, 6.8193050E+001, 7.9928368E+001, 8.4451118E+001, 5.4138388E+001, 5.4217342E+001, 5.8006983E+001, 8.0210224E+001, 1.0093267E+002, 1.0485545E+002, 6.3805499E+001, 5.3794875E+001, 5.6856315E+001, 8.1453115E+001, 1.2584788E+002, 1.2261811E+002, 1.0614764E+002, 5.4562521E+001, 6.6821624E+001, 8.1994969E+001, 1.1762560E+002, 1.1559153E+002, 1.0321042E+002, 5.2877062E+001, 6.2323032E+001, 8.5087577E+001, 8.3046305E+001, 7.9765658E+001, 5.9608727E+001, 1.1458276E+002, 1.1300878E+002, 8.2406374E+001, 5.9419933E+001, 1.0513426E+002, 5.7249779E+001, 1.5396993E+002, 2.0402344E+002, 1.3193309E+002, 6.9122023E+001, 2.0669097E+002, 6.1139281E+001, 1.7237204E+002, 2.0586029E+002, 1.3092759E+002, 8.3895067E+001, 1.6170676E+002, 6.1026829E+001, 1.6625698E+002, 2.0471558E+002, 1.3157040E+002, 7.5881398E+001, 8.5481932E+001, 5.9891764E+001, 1.4015967E+002, 9.5526624E+001, 6.8351973E+001, 5.7073591E+001, 6.2734076E+001, 5.9032962E+001, 5.5429073E+001, 5.4494705E+001, 5.3932301E+001, 5.2064996E+001, 4.5874983E+001, 3.6177169E+001, 2.8265171E+001, 2.7308147E+001, 2.7133770E+001, 2.6713805E+001, 2.6602804E+001, 7.9339635E+001, 6.2431051E+001, 5.4158208E+001, 5.3702163E+001, 5.2167518E+001, 5.1210989E+001, 4.4236115E+001, 3.6224069E+001, 3.0123234E+001, 2.8483945E+001, 2.7691192E+001, 2.6505603E+001, 2.5914162E+001, 5.3368274E+001, 5.4553296E+001, 5.4940353E+001, 5.4556944E+001, 5.3990407E+001, 5.2752110E+001, 5.1365212E+001, 3.4874979E+001, 2.6972022E+001, 2.6851163E+001, 2.6799502E+001, 7.0610176E+001, 7.0806229E+001, 7.0345184E+001, 6.7791069E+001, 6.2647858E+001, 5.1052848E+001, 4.3361501E+001, 3.5898487E+001, 3.0842867E+001, 2.8697704E+001, 2.7049637E+001, 7.2100450E+001, 7.4654595E+001, 6.8732163E+001, 6.6168237E+001, 7.3859106E+001, 7.3859904E+001, 7.1091183E+001, 6.9687135E+001, 3.7401887E+002, 3.4807638E+002, 3.4912393E+002, 3.5869047E+002, 3.5398509E+002, 3.6267319E+002, 1.8327100E+002
 1.8800495E+003, 6.0763513E+001, 6.3123238E+001, 6.8425543E+001, 7.1918538E+001, 7.7589883E+001, 6.1060063E+001, 6.0611017E+001, 6.4218803E+001, 7.1412896E+001, 8.0089766E+001, 8.8145926E+001, 6.6909340E+001, 5.9176080E+001, 6.1258745E+001, 6.7804964E+001, 7.9884599E+001, 1.0198248E+002, 7.4530971E+001, 5.7991405E+001, 6.0115112E+001, 7.1071425E+001, 8.6246917E+001, 9.8481657E+001, 9.0285026E+001, 5.6783764E+001, 5.7939636E+001, 6.5284926E+001, 7.2802694E+001, 8.3311288E+001, 5.4434301E+001, 5.9808162E+001, 6.9975892E+001, 8.0915045E+001, 7.8541597E+001, 5.5254360E+001, 5.4924488E+001, 5.8174337E+001, 7.9375312E+001, 1.0787439E+002, 1.1040700E+002, 6.3227342E+001, 5.4529418E+001, 5.8272919E+001, 7.3589621E+001, 1.1065725E+002, 1.2642177E+002, 9.0512645E+001, 5.3465057E+001, 5.6909683E+001, 8.5004404E+001, 1.1189555E+002, 1.0765394E+002, 1.0923147E+002, 5.2569109E+001, 5.9262276E+001, 8.4793607E+001, 9.2874807E+001, 9.7051399E+001, 5.8685034E+001, 1.2439741E+002, 1.1809124E+002, 8.6085364E+001, 5.9480978E+001, 1.1621358E+002, 5.6696489E+001, 1.4466107E+002, 1.9605918E+002, 1.2545861E+002, 7.3914320E+001, 2.0589669E+002, 5.9208937E+001, 1.6051498E+002, 2.0293074E+002, 1.3021051E+002, 7.5155087E+001, 1.3856261E+002, 6.0919688E+001, 1.5730616E+002, 1.9521440E+002, 1.2246651E+002, 7.6488885E+001, 9.5370514E+001, 6.2574411E+001, 1.5324991E+002, 1.2503682E+002, 8.0209930E+001, 5.6013069E+001, 6.8944142E+001, 6.0865267E+001, 5.5176979E+001, 5.4668742E+001, 5.4042113E+001, 5.1962716E+001, 4.6771133E+001, 3.5880655E+001, 2.8590705E+001, 2.7658575E+001, 2.7135487E+001, 2.6760899E+001, 2.6404385E+001, 7.5976653E+001, 6.5530043E+001, 5.4102424E+001, 5.3025149E+001, 5.2242403E+001, 4.9771430E+001, 4.3746361E+001, 3.6143091E+001, 2.9699012E+001, 2.8449132E+001, 2.8140692E+001, 2.7070937E+001, 2.5838788E+001, 5.3850696E+001, 5.4526492E+001, 5.4961919E+001, 5.5920038E+001, 5.5528405E+001, 5.3740235E+001, 5.0263945E+001, 3.4176025E+001, 2.7045713E+001, 2.6893829E+001, 2.6760978E+001, 7.4986497E+001, 7.4586141E+001, 7.3156235E+001, 7.0128286E+001, 6.4864560E+001, 5.1646317E+001, 4.4171471E+001, 3.6509651E+001, 3.0162762E+001, 2.7836160E+001, 2.6884685E+001, 7.2762218E+001, 7.5337507E+001, 6.9256881E+001, 6.6674517E+001, 7.4709974E+001, 7.4564324E+001, 7.1759132E+001, 7.0287352E+001, 3.8873597E+002, 3.7720508E+002, 3.7973281E+002, 3.8109588E+002, 3.6361105E+002, 2.7267892E+002, 1.8919362E+002
 1.9000503E+003, 6.2448144E+001, 6.4066961E+001, 6.8078284E+001, 7.5173170E+001, 8.1951337E+001, 6.3373637E+001, 6.2927719E+001, 6.4741615E+001, 7.0924635E+001, 8.1996176E+001, 9.2136432E+001, 6.8779582E+001, 6.0101208E+001, 6.1933309E+001, 7.6399000E+001, 8.5743352E+001, 9.9356947E+001, 7.9483585E+001, 5.8734492E+001, 6.0401996E+001, 6.9508730E+001, 8.5883385E+001, 1.0296541E+002, 8.8000078E+001, 5.6408980E+001, 5.8444400E+001, 6.3602810E+001, 7.1441289E+001, 8.1560543E+001, 5.4829812E+001, 5.8083636E+001, 7.5770327E+001, 7.8190544E+001, 8.0472764E+001, 5.5661129E+001, 5.5220030E+001, 5.7595326E+001, 7.6793680E+001, 1.1746189E+002, 1.2439005E+002, 6.7543286E+001, 5.4570205E+001, 5.9922022E+001, 7.9661503E+001, 1.0978456E+002, 1.3426656E+002, 9.1150801E+001, 5.2635095E+001, 6.0371017E+001, 8.7491241E+001, 1.1596629E+002, 1.1634419E+002, 1.0987844E+002, 5.2175344E+001, 6.2950175E+001, 8.8440702E+001, 8.7687570E+001, 8.3861740E+001, 5.9277674E+001, 1.2422990E+002, 1.0495900E+002, 8.1406261E+001, 5.6176413E+001, 1.1888050E+002, 5.8921437E+001, 1.4207379E+002, 2.1199818E+002, 1.4021989E+002, 7.4086950E+001, 1.9549448E+002, 6.0407442E+001, 1.6080895E+002, 2.0863488E+002, 1.5252451E+002, 8.2867571E+001, 1.9060666E+002, 6.0567919E+001, 1.5476591E+002, 1.9743899E+002, 1.2567198E+002, 7.3261782E+001, 7.6959248E+001, 6.2035729E+001, 1.4643382E+002, 9.8417704E+001, 6.6883480E+001, 5.4476703E+001, 7.2288532E+001, 6.3028268E+001, 5.5766043E+001, 5.4644094E+001, 5.4344179E+001, 5.1569236E+001, 4.6301283E+001, 3.5976982E+001, 2.9657285E+001, 2.7898893E+001, 2.7253322E+001, 2.6753344E+001, 2.6641734E+001, 7.9810666E+001, 6.8165034E+001, 5.4762239E+001, 5.4543678E+001, 5.2417734E+001, 5.1120759E+001, 4.4739752E+001, 3.8599748E+001, 3.0501217E+001, 2.8545539E+001, 2.8086070E+001, 2.6899137E+001, 2.5693405E+001, 5.5086040E+001, 5.6583820E+001, 5.6731820E+001, 5.6800666E+001, 5.6354986E+001, 5.4721037E+001, 4.9865693E+001, 3.3444685E+001, 2.7036718E+001, 2.6915645E+001, 2.6820566E+001, 7.7351975E+001, 7.6650084E+001, 7.5608830E+001, 6.4313909E+001, 5.5429154E+001, 5.0939247E+001, 4.4748260E+001, 3.7183236E+001, 3.0237389E+001, 2.8737079E+001, 2.7947801E+001, 7.3616354E+001, 7.6201314E+001, 6.9971397E+001, 6.7298994E+001, 7.5767742E+001, 7.5452844E+001, 7.2663889E+001, 7.1045996E+001, 3.8393115E+002, 3.6460645E+002, 3.5789640E+002, 3.7121245E+002, 3.2458392E+002, 3.1679662E+002, 1.9561218E+002
 1.9200285E+003, 6.3924969E+001, 6.3784205E+001, 6.9187344E+001, 7.9522475E+001, 8.2719076E+001, 6.2465435E+001, 6.3045787E+001, 6.3465123E+001, 6.7408478E+001, 7.9117037E+001, 8.7324662E+001, 6.5304358E+001, 6.0378300E+001, 6.5099355E+001, 7.3287629E+001, 8.8811385E+001, 1.0478924E+002, 8.0521684E+001, 5.9796499E+001, 6.8761991E+001, 7.5088510E+001, 8.0211984E+001, 9.0939364E+001, 7.9186253E+001, 5.6166038E+001, 5.8269266E+001, 5.9618684E+001, 6.7284154E+001, 7.3307326E+001, 5.4337551E+001, 5.9318165E+001, 8.0220589E+001, 8.5643115E+001, 8.2397939E+001, 5.4616407E+001, 5.4508851E+001, 5.5596979E+001, 7.7257814E+001, 1.0090520E+002, 1.1169698E+002, 6.5658951E+001, 5.3975387E+001, 5.8238671E+001, 7.9814773E+001, 1.1828249E+002, 1.2795082E+002, 9.6307598E+001, 5.3301071E+001, 7.1628438E+001, 8.8303248E+001, 1.0455773E+002, 1.0565075E+002, 9.7791124E+001, 5.2793199E+001, 6.6043670E+001, 8.0611157E+001, 7.9265336E+001, 8.0700823E+001, 5.9980508E+001, 1.2379043E+002, 1.0882134E+002, 7.9872102E+001, 5.6856478E+001, 9.8955726E+001, 7.1108618E+001, 1.5510657E+002, 1.8969578E+002, 1.3118762E+002, 7.4581494E+001, 2.1474069E+002, 6.3936403E+001, 1.5481311E+002, 2.2486210E+002, 1.5578497E+002, 9.6720895E+001, 1.8316494E+002, 6.0633743E+001, 1.7250967E+002, 2.0436690E+002, 1.3139244E+002, 7.9348372E+001, 8.9007909E+001, 5.9788222E+001, 1.4313797E+002, 8.8883243E+001, 6.8828728E+001, 5.5790703E+001, 7.1536701E+001, 6.4892375E+001, 5.5648491E+001, 5.4854852E+001, 5.4270224E+001, 5.2001779E+001, 4.5774994E+001, 3.7197649E+001, 3.0891894E+001, 2.8148081E+001, 2.7368413E+001, 2.6844804E+001, 2.6788589E+001, 7.9265830E+001, 6.8510126E+001, 5.6114775E+001, 5.4395849E+001, 5.2930162E+001, 5.1423564E+001, 4.5928610E+001, 3.8555822E+001, 3.0371661E+001, 2.8695490E+001, 2.8131935E+001, 2.6113858E+001, 2.5623872E+001, 5.9566725E+001, 5.9883655E+001, 6.1064438E+001, 6.0739359E+001, 5.8905458E+001, 5.6710923E+001, 5.2553829E+001, 3.4895839E+001, 2.7134266E+001, 2.6990912E+001, 2.6948436E+001, 7.7709303E+001, 7.7505477E+001, 7.6092213E+001, 6.9612184E+001, 5.3581115E+001, 5.1755374E+001, 4.7355717E+001, 3.7578064E+001, 3.0271356E+001, 2.8643967E+001, 2.7687018E+001, 7.4678727E+001, 7.7163301E+001, 7.0891579E+001, 6.8061691E+001, 7.6967644E+001, 7.6451644E+001, 7.3729872E+001, 7.1937602E+001, 3.8949488E+002, 3.6827803E+002, 3.6558208E+002, 3.8411897E+002, 3.8773421E+002, 4.0509659E+002, 2.0168826E+002
 1.9400155E+003, 6.4461479E+001, 6.7299830E+001, 7.3134587E+001, 7.8766099E+001, 8.4865902E+001, 6.5907646E+001, 6.5777592E+001, 6.9130305E+001, 7.5760742E+001, 7.9807610E+001, 9.3016385E+001, 6.9221041E+001, 6.3922157E+001, 6.4651203E+001, 7.0015530E+001, 8.1761857E+001, 9.5550213E+001, 7.4430587E+001, 5.9881814E+001, 6.2781420E+001, 7.1627254E+001, 7.8446166E+001, 8.8804654E+001, 7.5770965E+001, 5.7404846E+001, 5.9319888E+001, 6.4304881E+001, 7.5009382E+001, 7.5847097E+001, 5.4055264E+001, 5.6682651E+001, 8.0306445E+001, 8.9039572E+001, 8.3675579E+001, 5.4896083E+001, 5.5033446E+001, 5.8757231E+001, 8.1895992E+001, 1.1625881E+002, 1.1668140E+002, 6.4583654E+001, 5.5411258E+001, 5.5864827E+001, 6.7752042E+001, 1.1437168E+002, 1.2365751E+002, 8.8805807E+001, 5.4807896E+001, 5.8683111E+001, 8.1990897E+001, 1.0597199E+002, 1.1384711E+002, 1.0304688E+002, 5.3197175E+001, 6.5069366E+001, 8.1422241E+001, 8.4359504E+001, 9.0837638E+001, 6.5500498E+001, 1.5167300E+002, 1.2566543E+002, 9.3786627E+001, 6.8087188E+001, 1.2173426E+002, 6.6281781E+001, 1.5769855E+002, 1.9944006E+002, 1.3150872E+002, 7.5781394E+001, 1.8417387E+002, 6.0369687E+001, 1.3532318E+002, 1.7719651E+002, 1.2974559E+002, 7.4304274E+001, 1.7034230E+002, 5.8526246E+001, 1.4959268E+002, 1.8968263E+002, 1.3964278E+002, 8.7496370E+001, 8.7445013E+001, 5.9437062E+001, 1.6511573E+002, 1.3346746E+002, 8.3637980E+001, 5.9338040E+001, 6.7416395E+001, 6.4975611E+001, 5.6752994E+001, 5.5538328E+001, 5.4742364E+001, 5.3677961E+001, 4.7643715E+001, 3.8576680E+001, 3.1189360E+001, 2.8260640E+001, 2.7530228E+001, 2.7041484E+001, 2.7121255E+001, 7.6720403E+001, 6.9656086E+001, 5.8497925E+001, 5.6661375E+001, 5.3970161E+001, 5.2217183E+001, 4.6497179E+001, 3.6192599E+001, 3.0142001E+001, 2.8773342E+001, 2.8562316E+001, 2.6751573E+001, 2.6057485E+001, 6.0301796E+001, 6.1378703E+001, 6.2077299E+001, 6.1497593E+001, 5.9603736E+001, 5.6491163E+001, 4.9365325E+001, 3.6416829E+001, 2.7257908E+001, 2.7054918E+001, 2.7008036E+001, 7.8129851E+001, 7.8068430E+001, 7.7117081E+001, 7.4180250E+001, 6.0549992E+001, 5.2232931E+001, 4.9186975E+001, 3.8380905E+001, 3.0451530E+001, 2.8235043E+001, 2.6934000E+001, 7.5907725E+001, 7.8245728E+001, 7.1960674E+001, 6.8937046E+001, 7.8264239E+001, 7.7523263E+001, 7.4939672E+001, 7.2964614E+001, 3.9423247E+002, 3.7177567E+002, 3.5952382E+002, 3.5815934E+002, 3.4259554E+002, 3.6407229E+002, 2.0594123E+002
 1.9600029E+003, 6.3695432E+001, 6.4019474E+001, 7.0012777E+001, 7.8641655E+001, 8.8152222E+001, 6.5461251E+001, 6.7421582E+001, 6.8453512E+001, 7.1564981E+001, 7.8750184E+001, 9.2793849E+001, 7.0103263E+001, 6.9229500E+001, 6.7007908E+001, 6.7758358E+001, 7.6438130E+001, 9.4186276E+001, 7.2038607E+001, 6.2298576E+001, 6.0737393E+001, 7.0573216E+001, 8.0665799E+001, 9.2105625E+001, 8.0104209E+001, 5.9163849E+001, 5.7924640E+001, 6.4929846E+001, 7.2571254E+001, 7.7483530E+001, 5.4459399E+001, 5.6687213E+001, 7.1617345E+001, 8.3008444E+001, 8.7161714E+001, 5.5556308E+001, 5.5592106E+001, 6.3053571E+001, 7.4425433E+001, 9.5355212E+001, 1.2040354E+002, 6.1410005E+001, 5.5572845E+001, 5.5929457E+001, 7.8148594E+001, 1.0542663E+002, 1.1646748E+002, 9.3057863E+001, 5.4601332E+001, 5.6260569E+001, 7.2293320E+001, 1.1311420E+002, 1.2348785E+002, 1.0989797E+002, 5.2318494E+001, 5.9736139E+001, 8.8961254E+001, 9.5260256E+001, 9.3382879E+001, 6.2483155E+001, 1.3149776E+002, 1.1715828E+002, 8.8489821E+001, 6.5193856E+001, 1.1304331E+002, 6.4524189E+001, 1.5540112E+002, 1.9792413E+002, 1.2934794E+002, 7.2506837E+001, 1.9958264E+002, 6.5088763E+001, 1.7699145E+002, 2.1884800E+002, 1.4702970E+002, 8.0772210E+001, 1.8489637E+002, 6.0965852E+001, 1.5333456E+002, 1.9972669E+002, 1.3929578E+002, 8.2592629E+001, 8.3896215E+001, 6.0927166E+001, 1.5896396E+002, 1.0673023E+002, 7.4481541E+001, 5.9407013E+001, 7.0031620E+001, 6.5965640E+001, 5.8249005E+001, 5.7183334E+001, 5.5152121E+001, 5.4681640E+001, 4.8386451E+001, 3.7866331E+001, 3.0531332E+001, 2.8387287E+001, 2.7515073E+001, 2.7228795E+001, 2.6965906E+001, 7.9263725E+001, 6.7072711E+001, 5.9556345E+001, 5.7802833E+001, 5.6114359E+001, 5.2730728E+001, 4.7216192E+001, 3.5832377E+001, 3.0446740E+001, 2.8996168E+001, 2.8700103E+001, 2.6520680E+001, 2.5586297E+001, 6.1046282E+001, 6.1799128E+001, 6.2448302E+001, 6.2253743E+001, 6.1629957E+001, 5.9777304E+001, 4.9213998E+001, 4.0609250E+001, 2.7347939E+001, 2.7057355E+001, 2.6910789E+001, 7.8718406E+001, 7.8035665E+001, 7.6755042E+001, 7.3182463E+001, 6.3040402E+001, 5.2591324E+001, 4.7280438E+001, 3.7779660E+001, 3.0488325E+001, 2.8494891E+001, 2.6914186E+001, 7.7219971E+001, 7.9435012E+001, 7.3090644E+001, 6.9876848E+001, 7.9666096E+001, 7.8684057E+001, 7.6247809E+001, 7.4084536E+001, 3.8304001E+002, 3.6279330E+002, 3.6014988E+002, 3.7204462E+002, 4.0145529E+002, 3.6712217E+002, 2.1022509E+002
 1.9800322E+003, 6.3354288E+001, 6.4515738E+001, 7.2074443E+001, 8.2388243E+001, 8.7217771E+001, 6.4555945E+001, 6.7438043E+001, 6.5891995E+001, 7.4874431E+001, 8.2476307E+001, 9.2096340E+001, 6.8913320E+001, 6.7170137E+001, 6.6142881E+001, 7.6370452E+001, 9.5854298E+001, 9.6051945E+001, 8.2564508E+001, 6.3196832E+001, 6.5713537E+001, 7.2072000E+001, 8.5275166E+001, 9.4838003E+001, 8.4115210E+001, 5.9717841E+001, 6.2947893E+001, 7.1482737E+001, 7.5118520E+001, 7.9889459E+001, 5.5627741E+001, 5.9869464E+001, 8.2901682E+001, 9.1954402E+001, 8.9967791E+001, 5.7138964E+001, 5.7401836E+001, 6.1963404E+001, 8.2276191E+001, 1.0277931E+002, 1.1476542E+002, 7.4018820E+001, 5.6465086E+001, 5.8113712E+001, 9.1147600E+001, 1.1777082E+002, 1.2371873E+002, 1.0408382E+002, 5.4438775E+001, 5.7183353E+001, 7.6869388E+001, 1.0499177E+002, 1.1176779E+002, 9.4690375E+001, 5.4339736E+001, 6.6482607E+001, 8.6753969E+001, 8.4459718E+001, 8.0543923E+001, 6.2802346E+001, 1.4806276E+002, 1.2269177E+002, 9.0345788E+001, 6.2584448E+001, 1.0493998E+002, 6.4953025E+001, 1.5682516E+002, 2.1562179E+002, 1.3891881E+002, 8.7741301E+001, 2.0787924E+002, 6.9486086E+001, 1.7565203E+002, 2.1815679E+002, 1.5405826E+002, 9.5200260E+001, 1.8990445E+002, 6.4164259E+001, 1.5631260E+002, 1.9418150E+002, 1.1567474E+002, 7.3577062E+001, 7.6435767E+001, 6.0259525E+001, 1.1597139E+002, 8.6841137E+001, 6.2970461E+001, 5.2718128E+001, 7.0979858E+001, 6.6747898E+001, 6.1035979E+001, 5.8271768E+001, 5.6137657E+001, 5.5493059E+001, 4.9631948E+001, 3.6142251E+001, 3.0186995E+001, 2.8472500E+001, 2.7461559E+001, 2.7409120E+001, 2.7137999E+001, 8.4845752E+001, 6.6603499E+001, 5.9647259E+001, 5.9389900E+001, 5.4287651E+001, 5.3007297E+001, 4.7633697E+001, 3.6530168E+001, 3.0803105E+001, 2.9229773E+001, 2.8840656E+001, 2.6738707E+001, 2.5934296E+001, 5.9828724E+001, 6.1280058E+001, 6.1314377E+001, 6.1227138E+001, 6.0340096E+001, 5.7779444E+001, 4.6235486E+001, 4.0956801E+001, 2.7785617E+001, 2.7014050E+001, 2.6958160E+001, 7.9846962E+001, 8.0004769E+001, 7.7984876E+001, 7.1884977E+001, 6.0364923E+001, 5.2789980E+001, 4.7286509E+001, 3.9418588E+001, 3.2024499E+001, 2.7851311E+001, 2.7157965E+001, 7.8663424E+001, 8.0721907E+001, 7.4308076E+001, 7.0875413E+001, 8.1168423E+001, 7.9914426E+001, 7.7672499E+001, 7.5264862E+001, 3.8901659E+002, 3.7657604E+002, 3.7418677E+002, 3.7169478E+002, 3.5813180E+002, 3.0932681E+002, 2.1534835E+002
 2.0000345E+003, 6.6303268E+001, 6.7420823E+001, 7.2308072E+001, 8.5829174E+001, 1.0168024E+002, 6.7327122E+001, 6.8043594E+001, 6.7972756E+001, 7.1626410E+001, 9.1246309E+001, 1.0687671E+002, 6.7402644E+001, 6.5110368E+001, 6.6970642E+001, 7.3598407E+001, 8.6221171E+001, 1.0067826E+002, 8.1698187E+001, 6.2653225E+001, 6.6744746E+001, 7.5950199E+001, 8.7978614E+001, 8.4700468E+001, 7.8116937E+001, 6.0500490E+001, 6.4206947E+001, 7.2717334E+001, 7.0591595E+001, 7.0175699E+001, 5.9557676E+001, 6.2380819E+001, 8.3758731E+001, 1.0165777E+002, 9.3829370E+001, 6.0051806E+001, 5.8871758E+001, 5.9252488E+001, 7.8954302E+001, 1.1482001E+002, 1.2982875E+002, 6.2039683E+001, 5.6837213E+001, 5.6704553E+001, 7.1624765E+001, 1.0921020E+002, 1.3486446E+002, 9.5456800E+001, 5.5090246E+001, 6.0664152E+001, 7.7958266E+001, 1.1055830E+002, 1.0659024E+002, 9.3568611E+001, 5.5556760E+001, 6.7946706E+001, 8.1920333E+001, 7.4805093E+001, 7.3097875E+001, 6.4860946E+001, 1.5636138E+002, 1.1666045E+002, 8.9549481E+001, 6.3990518E+001, 1.3453861E+002, 6.7273187E+001, 1.6201191E+002, 2.0215171E+002, 1.3145277E+002, 7.6403275E+001, 1.9049898E+002, 6.8735854E+001, 1.7410008E+002, 2.3612909E+002, 1.5265738E+002, 7.9259964E+001, 1.8955285E+002, 6.5030663E+001, 1.6003422E+002, 1.9343583E+002, 1.3038684E+002, 8.4330983E+001, 7.7909148E+001, 6.2014248E+001, 1.2709907E+002, 8.4560865E+001, 6.8969952E+001, 5.9495789E+001, 7.2362457E+001, 6.8837188E+001, 6.1076248E+001, 5.9359428E+001, 5.7276542E+001, 5.7133390E+001, 4.8757008E+001, 3.6165591E+001, 3.0352075E+001, 2.8488161E+001, 2.7718120E+001, 2.7296944E+001, 2.7107764E+001, 8.0178697E+001, 6.8702412E+001, 6.0378752E+001, 5.9671307E+001, 5.3891379E+001, 5.3320091E+001, 4.8042055E+001, 3.7360949E+001, 3.1132242E+001, 2.9512648E+001, 2.8964619E+001, 2.6824902E+001, 2.5988832E+001, 5.9586286E+001, 6.1322805E+001, 6.1850790E+001, 6.1340337E+001, 6.0371235E+001, 5.7524929E+001, 4.6464723E+001, 4.2931442E+001, 2.7999243E+001, 2.7097885E+001, 2.7052044E+001, 8.2181066E+001, 8.1761079E+001, 8.0142695E+001, 7.5459653E+001, 6.1167022E+001, 5.3656332E+001, 4.7720987E+001, 3.9760908E+001, 3.1626398E+001, 2.8137031E+001, 2.7393381E+001, 8.0134783E+001, 8.2054000E+001, 7.5616269E+001, 7.1925940E+001, 8.2686105E+001, 8.1198398E+001, 7.9201315E+001, 7.6533981E+001, 3.8611405E+002, 3.7177105E+002, 3.6973030E+002, 3.6549010E+002, 3.4443724E+002, 3.4878685E+002, 2.1874657E+002
 2.0200397E+003, 7.1480130E+001, 6.9573819E+001, 6.8777943E+001, 8.0448653E+001, 9.4171433E+001, 6.8138566E+001, 6.7509357E+001, 6.7129372E+001, 7.0680820E+001, 8.2436782E+001, 1.0169498E+002, 7.0753826E+001, 6.5515989E+001, 6.8512748E+001, 8.0886711E+001, 8.9780391E+001, 9.9767026E+001, 8.5786297E+001, 6.6717485E+001, 7.0385678E+001, 7.5963792E+001, 8.1207314E+001, 8.5325628E+001, 7.6157065E+001, 6.4815872E+001, 6.7618520E+001, 6.9420775E+001, 6.8894743E+001, 7.4787274E+001, 6.1033784E+001, 6.8434459E+001, 8.3875304E+001, 9.8890621E+001, 9.2414382E+001, 6.3707910E+001, 6.0634999E+001, 6.4638298E+001, 7.4316578E+001, 1.0712448E+002, 1.2997819E+002, 6.4540062E+001, 5.8879222E+001, 5.9203260E+001, 8.0588573E+001, 1.2580918E+002, 1.3036407E+002, 1.1549621E+002, 5.5819827E+001, 6.2703938E+001, 9.2537862E+001, 1.1690285E+002, 1.1442086E+002, 9.8123570E+001, 5.7086602E+001, 7.4028220E+001, 8.8244018E+001, 7.4948151E+001, 8.1297322E+001, 6.4846756E+001, 1.5896440E+002, 1.3892490E+002, 8.7521972E+001, 5.7819648E+001, 1.2697072E+002, 6.7889691E+001, 1.5044045E+002, 1.9406276E+002, 1.2705666E+002, 7.4526996E+001, 1.9564267E+002, 6.8963922E+001, 1.7774160E+002, 2.2850436E+002, 1.5085397E+002, 9.0717220E+001, 1.7899298E+002, 6.4728446E+001, 1.5930551E+002, 1.8918342E+002, 1.3751594E+002, 8.1360017E+001, 8.2073719E+001, 6.3155662E+001, 1.5200199E+002, 9.1964975E+001, 6.3095165E+001, 5.4664375E+001, 7.2783035E+001, 6.8697378E+001, 6.3619656E+001, 6.0603716E+001, 5.9037068E+001, 5.7579730E+001, 4.7983673E+001, 3.7848964E+001, 3.1953657E+001, 2.8705186E+001, 2.8050578E+001, 2.7319406E+001, 2.7178056E+001, 8.2573812E+001, 7.0142570E+001, 6.0805335E+001, 5.8307495E+001, 5.4282881E+001, 5.4227754E+001, 4.8497029E+001, 3.9927351E+001, 3.1765956E+001, 2.9598806E+001, 2.8297647E+001, 2.7108802E+001, 2.5783294E+001, 6.1159972E+001, 6.2411821E+001, 6.2746056E+001, 6.1846301E+001, 6.0572856E+001, 5.9049822E+001, 5.1630119E+001, 3.9785262E+001, 2.7617371E+001, 2.7249185E+001, 2.7188679E+001, 8.3439344E+001, 8.3260792E+001, 8.2713104E+001, 6.9425586E+001, 5.7879191E+001, 5.5019092E+001, 5.0006718E+001, 3.8212114E+001, 3.1646799E+001, 2.9215310E+001, 2.7466716E+001, 8.1669901E+001, 8.3434745E+001, 7.6968912E+001, 7.3004969E+001, 8.4291274E+001, 8.2534121E+001, 8.0785919E+001, 7.7842982E+001, 3.9583381E+002, 3.8229332E+002, 3.7605895E+002, 3.6892975E+002, 3.4841014E+002, 3.1113250E+002, 2.2168599E+002
 2.0400135E+003, 7.2676594E+001, 7.4156766E+001, 8.0386243E+001, 8.3817647E+001, 9.2325428E+001, 7.1501067E+001, 6.8318228E+001, 7.2926201E+001, 7.9443874E+001, 9.4024922E+001, 1.0448921E+002, 7.6904673E+001, 6.5221318E+001, 6.9064355E+001, 8.0797458E+001, 9.7651339E+001, 1.0120412E+002, 8.6199457E+001, 6.5063831E+001, 7.0809627E+001, 7.9891817E+001, 8.8790816E+001, 8.6294588E+001, 7.5474117E+001, 6.5032802E+001, 6.8069753E+001, 7.1643277E+001, 7.0909251E+001, 7.1298748E+001, 6.0228800E+001, 6.2427342E+001, 8.2078338E+001, 1.0265406E+002, 1.0294792E+002, 5.9775649E+001, 5.9284801E+001, 6.1765941E+001, 9.2183386E+001, 1.1966271E+002, 1.3137688E+002, 8.2129512E+001, 5.7998850E+001, 6.6095976E+001, 9.3922907E+001, 1.1467846E+002, 1.1160309E+002, 1.1134205E+002, 5.6204559E+001, 6.4325204E+001, 9.1279338E+001, 1.0572030E+002, 9.9711168E+001, 9.2447564E+001, 5.7437383E+001, 7.1639314E+001, 8.2151113E+001, 7.5797817E+001, 7.1525461E+001, 6.3026047E+001, 1.4260913E+002, 1.3637122E+002, 9.6100271E+001, 6.9366864E+001, 1.2422842E+002, 6.9241037E+001, 1.7734325E+002, 2.2634642E+002, 1.5433047E+002, 8.6001368E+001, 2.1089766E+002, 7.3523436E+001, 1.8554630E+002, 2.0272981E+002, 1.2763976E+002, 8.8545530E+001, 1.7376496E+002, 6.6872117E+001, 1.5133478E+002, 1.7196189E+002, 1.1983657E+002, 7.4760524E+001, 8.3341790E+001, 6.3798224E+001, 1.3958970E+002, 9.8642202E+001, 6.3645174E+001, 5.7652947E+001, 7.3328347E+001, 7.0184268E+001, 6.2415530E+001, 6.1171034E+001, 5.9722988E+001, 5.7502620E+001, 4.6608295E+001, 3.9608937E+001, 3.3562224E+001, 2.9036278E+001, 2.8188121E+001, 2.7579361E+001, 2.7315229E+001, 8.1965140E+001, 7.2919667E+001, 6.1421264E+001, 5.9111867E+001, 5.5364849E+001, 5.5184507E+001, 4.7099889E+001, 3.9044144E+001, 3.0879399E+001, 2.9501753E+001, 2.8011418E+001, 2.7234928E+001, 2.5273940E+001, 6.2984882E+001, 6.3606995E+001, 6.4699246E+001, 6.4531593E+001, 6.1769398E+001, 5.8534890E+001, 5.2719626E+001, 4.0606293E+001, 2.8519045E+001, 2.7360553E+001, 2.7314031E+001, 8.4622649E+001, 8.4904784E+001, 8.4273020E+001, 7.9041171E+001, 6.2658113E+001, 5.6456629E+001, 4.6879345E+001, 3.8862940E+001, 3.1127219E+001, 2.9716098E+001, 2.7432472E+001, 8.3266028E+001, 8.4800568E+001, 7.8383268E+001, 7.4130473E+001, 8.5926863E+001, 8.3852283E+001, 8.2412856E+001, 7.9152364E+001, 3.9625006E+002, 3.7884755E+002, 3.7805171E+002, 3.7356080E+002, 3.5220146E+002, 2.9153847E+002, 2.2483826E+002
 2.0600405E+003, 7.2161361E+001, 7.2560834E+001, 7.6320349E+001, 8.4259980E+001, 1.0107048E+002, 7.1064238E+001, 7.0044195E+001, 7.0064047E+001, 7.5113367E+001, 8.8316435E+001, 1.0611946E+002, 7.3002590E+001, 6.5836559E+001, 7.0036846E+001, 7.8937995E+001, 8.9383795E+001, 1.0099263E+002, 8.2378168E+001, 6.3041034E+001, 6.6374119E+001, 7.4914270E+001, 7.8623788E+001, 8.3897831E+001, 7.1185688E+001, 6.2382187E+001, 6.2194834E+001, 6.3855054E+001, 6.3495575E+001, 6.4544800E+001, 6.0312305E+001, 6.0935036E+001, 8.4333218E+001, 1.0156393E+002, 1.0398595E+002, 5.9855091E+001, 5.9915926E+001, 5.9698599E+001, 8.1697152E+001, 1.1954856E+002, 1.3105512E+002, 6.5667509E+001, 5.8540172E+001, 5.9474256E+001, 7.8832562E+001, 1.1763422E+002, 1.3167595E+002, 1.0652519E+002, 5.7831155E+001, 6.8658482E+001, 9.7748303E+001, 1.0846172E+002, 1.0648082E+002, 8.7463418E+001, 5.8234758E+001, 7.1422684E+001, 8.2325660E+001, 7.8973626E+001, 6.9902093E+001, 6.6988496E+001, 1.5802554E+002, 1.2110820E+002, 8.8793084E+001, 6.4090475E+001, 1.1205228E+002, 6.9247070E+001, 1.6413106E+002, 2.2674588E+002, 1.4571451E+002, 8.2632348E+001, 2.2604920E+002, 7.0264614E+001, 1.6780647E+002, 2.1557238E+002, 1.4403390E+002, 8.6167498E+001, 1.8866904E+002, 6.5222020E+001, 1.6125143E+002, 2.1028955E+002, 1.4422036E+002, 8.9817433E+001, 8.0561854E+001, 6.3364866E+001, 1.2931684E+002, 9.9492187E+001, 8.2550486E+001, 5.7577922E+001, 7.1757687E+001, 6.8133368E+001, 6.2229143E+001, 6.1272873E+001, 5.9719952E+001, 5.6728692E+001, 4.7952261E+001, 3.8735532E+001, 3.2535463E+001, 2.9103329E+001, 2.7873548E+001, 2.7250797E+001, 2.7191245E+001, 8.3405711E+001, 7.2143881E+001, 6.2574040E+001, 6.1784777E+001, 5.8512779E+001, 5.5755027E+001, 4.7743713E+001, 3.9093800E+001, 3.1005164E+001, 2.9643010E+001, 2.8338086E+001, 2.7524926E+001, 2.5906702E+001, 6.5774507E+001, 6.7264712E+001, 6.7805394E+001, 6.6694732E+001, 6.4498719E+001, 6.0600143E+001, 5.2693881E+001, 3.4469047E+001, 2.8423252E+001, 2.7460518E+001, 2.7423512E+001, 8.5234077E+001, 8.5085079E+001, 8.3024776E+001, 7.9479328E+001, 6.6807373E+001, 5.6634855E+001, 4.6636673E+001, 4.2129883E+001, 3.1100696E+001, 2.9389390E+001, 2.7232891E+001, 8.4748220E+001, 8.6185804E+001, 7.9842077E+001, 7.5283510E+001, 8.7586852E+001, 8.5215781E+001, 8.4171484E+001, 8.0503910E+001, 3.9245026E+002, 3.8336319E+002, 3.7811677E+002, 3.6532422E+002, 3.4283996E+002, 3.0980830E+002, 2.2806181E+002
 2.0800400E+003, 7.1244573E+001, 7.0915598E+001, 7.3904778E+001, 8.4283164E+001, 9.1324826E+001, 6.8650996E+001, 6.7210940E+001, 6.8982767E+001, 7.5216419E+001, 8.8499839E+001, 1.0313253E+002, 7.3969241E+001, 6.5990398E+001, 7.3160029E+001, 8.3705080E+001, 9.2380222E+001, 1.0065641E+002, 8.7575586E+001, 6.2481133E+001, 6.9882332E+001, 7.5345594E+001, 8.2261773E+001, 8.4748763E+001, 7.4993308E+001, 6.1150130E+001, 6.3444544E+001, 6.6440135E+001, 6.9567621E+001, 7.4640474E+001, 6.0096286E+001, 6.4946687E+001, 8.8450606E+001, 9.9559262E+001, 9.5651587E+001, 6.0850914E+001, 6.1250058E+001, 6.1473097E+001, 8.0081287E+001, 1.2324660E+002, 1.1751052E+002, 6.7393427E+001, 6.0568820E+001, 6.0769637E+001, 7.7204742E+001, 1.1816795E+002, 1.3288576E+002, 1.0660972E+002, 5.7596359E+001, 7.0800814E+001, 9.6885648E+001, 1.1105447E+002, 1.1040645E+002, 9.1965647E+001, 5.6145013E+001, 6.7735197E+001, 8.1791202E+001, 7.6250317E+001, 8.0234948E+001, 6.7145065E+001, 1.5196127E+002, 1.2249297E+002, 9.2622994E+001, 6.2696789E+001, 1.1393541E+002, 6.9060552E+001, 1.6489863E+002, 2.0314942E+002, 1.1791914E+002, 8.2171754E+001, 2.2991771E+002, 6.9844120E+001, 1.8580141E+002, 2.3791496E+002, 1.6339049E+002, 1.0237940E+002, 1.7918352E+002, 6.3681030E+001, 1.4899530E+002, 1.9132067E+002, 1.3085873E+002, 7.7678762E+001, 8.8587933E+001, 6.3645795E+001, 1.4224355E+002, 1.0253677E+002, 6.8176793E+001, 5.9927443E+001, 7.3550112E+001, 7.0783034E+001, 6.2508639E+001, 6.1905737E+001, 6.0477485E+001, 5.8444704E+001, 4.9514750E+001, 3.7591002E+001, 3.0559787E+001, 2.8499250E+001, 2.7685392E+001, 2.7530511E+001, 2.6995410E+001, 8.1814553E+001, 6.8864295E+001, 6.2033624E+001, 6.1131784E+001, 5.8004682E+001, 5.5815110E+001, 4.8060735E+001, 4.0643607E+001, 3.1957003E+001, 2.9851833E+001, 2.8617377E+001, 2.7569596E+001, 2.6338778E+001, 6.5073837E+001, 6.7253132E+001, 6.8160406E+001, 6.7383763E+001, 6.5657159E+001, 6.2249237E+001, 5.0436965E+001, 3.2601535E+001, 2.8259983E+001, 2.7531885E+001, 2.7461159E+001, 8.5047124E+001, 8.4999737E+001, 8.4195817E+001, 7.9075078E+001, 6.5860994E+001, 5.5802608E+001, 4.8865031E+001, 3.8262219E+001, 3.1415498E+001, 2.9020257E+001, 2.8123442E+001, 8.6227887E+001, 8.7584548E+001, 8.1256237E+001, 7.6435947E+001, 8.9280051E+001, 8.6602496E+001, 8.5924129E+001, 8.1839672E+001, 3.9850115E+002, 3.8281351E+002, 3.7645595E+002, 3.7691972E+002, 3.9128286E+002, 4.2549098E+002, 2.2998818E+002
 2.1000398E+003, 6.6927805E+001, 7.2083264E+001, 7.6329369E+001, 7.9226497E+001, 8.3733077E+001, 6.7148031E+001, 6.3761827E+001, 6.6835878E+001, 7.3393124E+001, 9.0592429E+001, 1.0481565E+002, 6.7923864E+001, 6.3074044E+001, 6.7685257E+001, 8.0362886E+001, 1.0099761E+002, 1.1403333E+002, 9.1689232E+001, 6.2338242E+001, 6.9364821E+001, 8.4510320E+001, 8.9587815E+001, 9.2253901E+001, 8.3463203E+001, 6.1660031E+001, 6.3809089E+001, 7.0475673E+001, 7.2673600E+001, 7.2191814E+001, 6.1260174E+001, 6.4650475E+001, 8.1349082E+001, 8.0449622E+001, 7.6739177E+001, 6.2401707E+001, 6.1974020E+001, 6.4619158E+001, 9.3342184E+001, 1.1836221E+002, 1.0938051E+002, 7.9461297E+001, 6.1366690E+001, 6.7214924E+001, 9.8070331E+001, 1.4977273E+002, 1.4545057E+002, 1.2514692E+002, 6.0185528E+001, 6.5314164E+001, 1.0203777E+002, 1.2136416E+002, 1.1746106E+002, 9.6133056E+001, 5.7519422E+001, 6.9890985E+001, 7.9754547E+001, 7.4861107E+001, 7.8486073E+001, 7.1216604E+001, 1.2761007E+002, 9.6066528E+001, 7.1880046E+001, 5.9064809E+001, 1.1662448E+002, 7.8094847E+001, 1.7480272E+002, 2.0404181E+002, 1.2850155E+002, 8.3556010E+001, 2.2735229E+002, 7.0799132E+001, 1.8359782E+002, 2.3801251E+002, 1.6853295E+002, 1.0017859E+002, 2.1338609E+002, 6.6424580E+001, 1.7831652E+002, 2.0566626E+002, 1.3039960E+002, 8.1415793E+001, 8.4650134E+001, 6.9096658E+001, 1.2018185E+002, 9.2313279E+001, 6.8451599E+001, 5.9957840E+001, 7.5140053E+001, 6.9708416E+001, 6.3005974E+001, 6.1829997E+001, 6.1028595E+001, 6.0203348E+001, 5.0703520E+001, 3.7286248E+001, 3.0390594E+001, 2.8508772E+001, 2.8238138E+001, 2.7925765E+001, 2.7308320E+001, 8.2625920E+001, 7.3059483E+001, 6.2503329E+001, 6.1810496E+001, 5.8212015E+001, 5.5667835E+001, 4.8462383E+001, 4.2556940E+001, 3.2424889E+001, 3.0027946E+001, 2.8911401E+001, 2.7874973E+001, 2.6409382E+001, 6.4002393E+001, 6.5213652E+001, 6.6530122E+001, 6.6650687E+001, 6.5460976E+001, 6.2383539E+001, 5.0100629E+001, 3.9250676E+001, 2.8137016E+001, 2.7647357E+001, 2.7514343E+001, 8.5839947E+001, 8.4871953E+001, 8.2875824E+001, 8.0389916E+001, 6.5655410E+001, 5.7303191E+001, 4.9925064E+001, 3.7815866E+001, 3.3024821E+001, 3.0411797E+001, 2.8558403E+001, 8.7741376E+001, 8.8992719E+001, 8.2678353E+001, 7.7604804E+001, 9.0969582E+001, 8.7954383E+001, 8.7640546E+001, 8.3164885E+001, 3.8969253E+002, 3.7673438E+002, 3.7424000E+002, 3.7559861E+002, 3.7985519E+002, 4.0026948E+002, 2.3264830E+002
 2.1200156E+003, 7.3428049E+001, 7.6195332E+001, 8.2511623E+001, 8.5768176E+001, 8.9332381E+001, 7.4097646E+001, 6.8940245E+001, 7.3817708E+001, 8.2258552E+001, 8.7703003E+001, 9.2778896E+001, 7.8138449E+001, 6.4189151E+001, 6.8788768E+001, 8.1596473E+001, 9.1739392E+001, 1.0668499E+002, 8.6782797E+001, 6.3912574E+001, 7.1478578E+001, 8.2775986E+001, 9.2396535E+001, 9.6876801E+001, 9.3353626E+001, 6.2836529E+001, 7.1169246E+001, 7.7171152E+001, 8.2704537E+001, 8.8051708E+001, 6.2540633E+001, 6.9987066E+001, 8.8738634E+001, 9.2793082E+001, 8.9443659E+001, 6.4284902E+001, 6.2873614E+001, 7.2681601E+001, 8.9005042E+001, 1.1478858E+002, 1.1318395E+002, 8.6485742E+001, 6.1143590E+001, 6.9217500E+001, 9.0535825E+001, 1.2246465E+002, 1.1871362E+002, 1.0164169E+002, 5.9452332E+001, 6.4874859E+001, 9.2323347E+001, 1.1198451E+002, 1.1273337E+002, 1.1112126E+002, 5.7973114E+001, 7.3287052E+001, 9.9697118E+001, 9.6951790E+001, 1.0225486E+002, 7.1234880E+001, 1.5757180E+002, 1.4502166E+002, 1.0697312E+002, 6.9596621E+001, 1.2189549E+002, 6.8161602E+001, 1.6430559E+002, 2.0590150E+002, 1.2981022E+002, 8.2963056E+001, 1.8949069E+002, 6.7106724E+001, 1.4559616E+002, 1.7842100E+002, 1.2642642E+002, 8.0929920E+001, 1.6196860E+002, 6.8831443E+001, 1.5016322E+002, 1.9329265E+002, 1.3702869E+002, 8.1677986E+001, 8.9817423E+001, 6.7562769E+001, 1.8024255E+002, 1.6496656E+002, 1.0168057E+002, 7.2890892E+001, 7.5655519E+001, 7.1608280E+001, 6.3512805E+001, 6.2303436E+001, 6.1640555E+001, 6.0970836E+001, 4.9281271E+001, 3.8132076E+001, 3.0911136E+001, 2.9210157E+001, 2.8599624E+001, 2.7853348E+001, 2.7459833E+001, 8.3165499E+001, 7.4519989E+001, 6.3399181E+001, 6.3063182E+001, 6.0540124E+001, 5.7044922E+001, 4.9119428E+001, 3.8539127E+001, 3.1637989E+001, 2.9960468E+001, 2.9109951E+001, 2.7376621E+001, 2.6199356E+001, 6.4869136E+001, 6.6711260E+001, 6.7298807E+001, 6.7230539E+001, 6.6424018E+001, 6.4127543E+001, 5.4264581E+001, 3.7503325E+001, 2.8040732E+001, 2.7718176E+001, 2.7676988E+001, 8.8291157E+001, 8.8714986E+001, 8.7122412E+001, 8.4166047E+001, 7.2315027E+001, 5.6736151E+001, 5.1071697E+001, 4.0298249E+001, 3.1331828E+001, 2.9314258E+001, 2.7585152E+001, 8.9325749E+001, 9.0367801E+001, 8.4085597E+001, 7.8767271E+001, 9.2699195E+001, 8.9275319E+001, 8.9296593E+001, 8.4436692E+001, 3.9616735E+002, 3.8010597E+002, 3.8029432E+002, 3.8292507E+002, 3.9434289E+002, 3.8280759E+002, 2.3481218E+002
 2.1400630E+003, 7.4958573E+001, 7.5236762E+001, 7.9145553E+001, 8.7058632E+001, 9.6351909E+001, 7.4079576E+001, 7.2608422E+001, 7.4287244E+001, 7.9111740E+001, 8.6083468E+001, 9.6210194E+001, 7.9633052E+001, 7.0196863E+001, 7.3509911E+001, 8.2313657E+001, 8.7729417E+001, 9.7690400E+001, 8.3807000E+001, 6.8523873E+001, 7.3228356E+001, 8.0578660E+001, 8.9944954E+001, 9.9946546E+001, 9.3170444E+001, 6.7564909E+001, 6.9844139E+001, 7.2361554E+001, 7.9316712E+001, 8.3055973E+001, 6.2862657E+001, 7.0065236E+001, 9.5167892E+001, 9.3849237E+001, 8.8296029E+001, 6.4084559E+001, 6.4426680E+001, 6.4200432E+001, 7.4847095E+001, 1.1216546E+002, 1.2660453E+002, 6.8481807E+001, 6.2168620E+001, 6.3193002E+001, 8.2430209E+001, 1.1853209E+002, 1.2291146E+002, 9.5933948E+001, 5.9994578E+001, 6.5544198E+001, 8.8566431E+001, 1.1839718E+002, 1.1355409E+002, 1.1251337E+002, 6.0216689E+001, 6.9491943E+001, 9.2106619E+001, 9.6669664E+001, 9.8548097E+001, 7.1011195E+001, 1.5338703E+002, 1.1337438E+002, 7.8926845E+001, 6.4506571E+001, 1.3068730E+002, 6.8991110E+001, 1.5966343E+002, 2.1354234E+002, 1.5609373E+002, 9.4098181E+001, 1.7851388E+002, 6.9457356E+001, 1.5351380E+002, 1.9195799E+002, 1.3740472E+002, 8.5608336E+001, 1.7849299E+002, 6.7497633E+001, 1.5783757E+002, 2.1791314E+002, 1.4570617E+002, 8.1759005E+001, 7.6269708E+001, 7.0169140E+001, 1.5488420E+002, 1.0802325E+002, 7.6203041E+001, 6.0846678E+001, 7.5917572E+001, 7.1095683E+001, 6.5986792E+001, 6.3949386E+001, 6.2594012E+001, 6.1541223E+001, 5.0324661E+001, 4.1063113E+001, 3.2259537E+001, 2.9720571E+001, 2.8726379E+001, 2.7845655E+001, 2.7717770E+001, 7.9356607E+001, 7.4287245E+001, 6.4388166E+001, 6.3020014E+001, 5.9185926E+001, 5.7902987E+001, 5.0782362E+001, 4.1432914E+001, 3.1897172E+001, 3.0226955E+001, 2.8433951E+001, 2.7266295E+001, 2.6097523E+001, 6.4068114E+001, 6.5021063E+001, 6.5784927E+001, 6.5459212E+001, 6.4630846E+001, 6.2803862E+001, 5.3932591E+001, 3.9209585E+001, 2.8314294E+001, 2.7854042E+001, 2.7772546E+001, 8.4681974E+001, 8.5009081E+001, 8.5599879E+001, 8.3055252E+001, 6.5615449E+001, 5.5779937E+001, 5.0996871E+001, 4.2723779E+001, 3.0809856E+001, 2.9374357E+001, 2.7539934E+001, 9.0995193E+001, 9.1706732E+001, 8.5505379E+001, 7.9918492E+001, 9.4377236E+001, 9.0570490E+001, 9.0890611E+001, 8.5686279E+001, 4.0035315E+002, 3.8228387E+002, 3.8155867E+002, 3.8145193E+002, 3.6258770E+002, 3.4334670E+002, 2.3704946E+002
 2.1600458E+003, 7.2934676E+001, 7.2743307E+001, 8.1470700E+001, 8.8263744E+001, 9.2440158E+001, 7.3843215E+001, 7.3025204E+001, 7.4393271E+001, 8.1506619E+001, 9.2585804E+001, 1.0336436E+002, 7.7885513E+001, 7.2267923E+001, 7.5280048E+001, 8.3273786E+001, 8.9836291E+001, 1.0735252E+002, 8.5867782E+001, 7.3035032E+001, 7.4514318E+001, 8.2557879E+001, 9.1625804E+001, 9.5732821E+001, 8.1072613E+001, 6.9955627E+001, 6.8700022E+001, 7.1305449E+001, 7.4202254E+001, 7.7743106E+001, 6.2330792E+001, 6.8759272E+001, 8.8628564E+001, 8.8540090E+001, 8.7674715E+001, 6.4261733E+001, 6.2719245E+001, 6.7945077E+001, 9.0258185E+001, 1.1872061E+002, 1.3336195E+002, 7.1026652E+001, 6.3226233E+001, 6.4468224E+001, 7.8667378E+001, 1.1132898E+002, 1.1877243E+002, 9.4198570E+001, 6.2607322E+001, 6.9192279E+001, 9.6319680E+001, 1.1573789E+002, 1.2669703E+002, 1.1401432E+002, 6.2194870E+001, 8.1151686E+001, 8.9035075E+001, 8.9449251E+001, 9.9067768E+001, 7.1482661E+001, 1.5749764E+002, 1.2155096E+002, 8.6909506E+001, 5.8025761E+001, 1.3196390E+002, 7.4917196E+001, 1.6494272E+002, 2.1385966E+002, 1.3487680E+002, 7.7149947E+001, 1.8187474E+002, 6.8584103E+001, 1.4892321E+002, 1.8787813E+002, 1.2456517E+002, 8.4047657E+001, 1.8171202E+002, 6.4641333E+001, 1.5717447E+002, 2.1922721E+002, 1.4988820E+002, 7.9646324E+001, 9.5245886E+001, 6.6963135E+001, 1.6690654E+002, 1.3202646E+002, 9.6496092E+001, 6.4765780E+001, 7.5886416E+001, 7.1984181E+001, 6.5521216E+001, 6.4220815E+001, 6.3413186E+001, 6.0971660E+001, 5.0419350E+001, 3.9914530E+001, 3.2846499E+001, 2.9685672E+001, 2.8758032E+001, 2.8187966E+001, 2.7595373E+001, 8.3082974E+001, 7.3188364E+001, 6.4482838E+001, 6.3493928E+001, 5.9969506E+001, 5.8195005E+001, 4.8637633E+001, 4.0931369E+001, 3.1952821E+001, 3.0516333E+001, 2.7689530E+001, 2.7479246E+001, 2.6300156E+001, 6.4059221E+001, 6.5871365E+001, 6.6288323E+001, 6.6294350E+001, 6.5497957E+001, 6.3792432E+001, 5.8626038E+001, 3.4705015E+001, 2.8330509E+001, 2.7955439E+001, 2.7818087E+001, 8.5590863E+001, 8.5597215E+001, 8.5120611E+001, 8.3622125E+001, 7.0372365E+001, 5.5916784E+001, 5.2377793E+001, 4.2614404E+001, 3.1807382E+001, 2.9623488E+001, 2.7403864E+001, 9.2654536E+001, 9.3001905E+001, 8.6926472E+001, 8.1016241E+001, 9.6025586E+001, 9.1869030E+001, 9.2409686E+001, 8.6890623E+001, 4.0628450E+002, 3.8251611E+002, 3.8386038E+002, 4.0398422E+002, 4.1436283E+002, 4.0341115E+002, 2.3898278E+002
 2.1800495E+003, 6.9595569E+001, 7.1496852E+001, 7.9278749E+001, 8.7419908E+001, 9.3022110E+001, 7.0794914E+001, 7.0111016E+001, 7.6286250E+001, 9.3599725E+001, 1.0085903E+002, 1.0187580E+002, 8.5737184E+001, 7.1358331E+001, 7.7009608E+001, 9.0699592E+001, 9.6879327E+001, 1.0417573E+002, 9.1769612E+001, 7.1944356E+001, 7.6523983E+001, 8.4165664E+001, 8.7612661E+001, 1.0089839E+002, 8.8222708E+001, 7.1379736E+001, 7.1805984E+001, 7.3850582E+001, 7.7175929E+001, 8.3236960E+001, 6.1749880E+001, 6.7951037E+001, 8.5067101E+001, 8.7724728E+001, 8.3987669E+001, 6.3090836E+001, 6.1896007E+001, 7.3380636E+001, 1.0517908E+002, 1.2667375E+002, 1.3487139E+002, 9.2394276E+001, 6.3440058E+001, 7.0705926E+001, 9.6195293E+001, 1.0916016E+002, 1.1857345E+002, 1.0637095E+002, 6.2516354E+001, 6.8381072E+001, 8.9224883E+001, 1.1895196E+002, 1.2242134E+002, 1.1670097E+002, 6.2736844E+001, 7.2491091E+001, 8.1165985E+001, 8.8581336E+001, 1.0211246E+002, 7.2148073E+001, 1.4601364E+002, 1.1591945E+002, 8.3518687E+001, 6.4819764E+001, 1.2264416E+002, 7.2218040E+001, 1.8452697E+002, 2.2827008E+002, 1.4988436E+002, 8.2183818E+001, 2.3474291E+002, 7.0273052E+001, 1.5888303E+002, 2.0239064E+002, 1.3897471E+002, 8.5528329E+001, 1.5659796E+002, 6.8369351E+001, 1.4583621E+002, 1.8874081E+002, 1.2761348E+002, 7.7804284E+001, 9.2231838E+001, 7.1083604E+001, 1.6662626E+002, 1.3711021E+002, 8.8172042E+001, 6.3411263E+001, 7.6756542E+001, 7.2006382E+001, 6.5958591E+001, 6.4213633E+001, 6.3061639E+001, 5.9673468E+001, 5.1176661E+001, 4.0787255E+001, 3.2500167E+001, 2.9849893E+001, 2.8929433E+001, 2.8112188E+001, 2.7552657E+001, 8.2229697E+001, 7.6405311E+001, 6.5714766E+001, 6.2593425E+001, 6.0357153E+001, 5.9178107E+001, 5.0700872E+001, 4.0357037E+001, 3.2068997E+001, 3.0779878E+001, 2.9621296E+001, 2.8054172E+001, 2.6835470E+001, 6.7354114E+001, 6.8321941E+001, 6.7736117E+001, 6.7068930E+001, 6.5714817E+001, 6.4313946E+001, 6.1147874E+001, 3.4434329E+001, 2.8391975E+001, 2.7993219E+001, 2.7976794E+001, 8.7644062E+001, 8.8240403E+001, 8.7651130E+001, 8.0577373E+001, 6.9444375E+001, 5.7209227E+001, 5.1811356E+001, 4.1674182E+001, 3.3711972E+001, 3.1165970E+001, 2.8177877E+001, 9.4317328E+001, 9.4302144E+001, 8.8359399E+001, 8.2105279E+001, 9.7634021E+001, 9.3147571E+001, 9.3921556E+001, 8.8038800E+001, 4.1576194E+002, 4.0061940E+002, 3.8984990E+002, 3.6048504E+002, 3.1163190E+002, 3.7739700E+002, 2.4177149E+002
 2.2000663E+003, 7.1969267E+001, 7.4896812E+001, 7.7289701E+001, 8.8739769E+001, 9.4718392E+001, 7.4356844E+001, 7.4565047E+001, 7.5661932E+001, 8.0339524E+001, 8.6129087E+001, 1.0171491E+002, 7.5161189E+001, 7.2290569E+001, 7.2767559E+001, 7.9437358E+001, 9.1267616E+001, 1.0416221E+002, 8.6034428E+001, 7.0164515E+001, 7.0840670E+001, 8.0674907E+001, 9.4535926E+001, 1.0632121E+002, 9.1005905E+001, 6.8916422E+001, 6.8793366E+001, 7.0275651E+001, 7.5803599E+001, 7.9938811E+001, 6.4615890E+001, 6.8723101E+001, 8.5548136E+001, 9.7340560E+001, 9.9153780E+001, 6.6610012E+001, 6.6167052E+001, 6.7969922E+001, 8.0339797E+001, 1.0889863E+002, 1.2523626E+002, 7.0068592E+001, 6.3836116E+001, 6.5018092E+001, 7.8955801E+001, 1.0068502E+002, 1.2522040E+002, 1.0254237E+002, 6.1327671E+001, 6.8401314E+001, 1.0126069E+002, 1.2843309E+002, 1.3141910E+002, 1.2283619E+002, 6.2273315E+001, 7.3997225E+001, 8.4026526E+001, 9.3538697E+001, 9.7116666E+001, 6.8079323E+001, 1.7008149E+002, 1.3532889E+002, 8.6670205E+001, 6.6382023E+001, 1.2207610E+002, 6.9249579E+001, 1.4934377E+002, 1.9166717E+002, 1.3608115E+002, 8.2261180E+001, 1.8095465E+002, 7.1477690E+001, 1.5358933E+002, 1.9911720E+002, 1.4776114E+002, 8.7697185E+001, 2.0016413E+002, 7.1599387E+001, 1.5669821E+002, 2.2794568E+002, 1.7342838E+002, 9.4748802E+001, 9.4105416E+001, 7.4680298E+001, 1.5869204E+002, 1.2119865E+002, 8.8524844E+001, 6.6956348E+001, 8.0321572E+001, 7.3934379E+001, 6.7500915E+001, 6.5161723E+001, 6.4350127E+001, 6.2117514E+001, 5.2289070E+001, 4.1944360E+001, 3.2206720E+001, 2.9892288E+001, 2.8754828E+001, 2.8326879E+001, 2.7909664E+001, 8.4609198E+001, 7.7658962E+001, 6.6987611E+001, 6.4357638E+001, 6.2687477E+001, 5.9798846E+001, 5.4212024E+001, 3.9592525E+001, 3.1814477E+001, 3.0555215E+001, 2.9746093E+001, 2.8324385E+001, 2.6052229E+001, 6.6716617E+001, 6.8276115E+001, 6.8761527E+001, 6.7669728E+001, 6.5544303E+001, 6.2522671E+001, 5.7759033E+001, 3.7280100E+001, 2.8739024E+001, 2.8121936E+001, 2.8071230E+001, 8.7288912E+001, 8.7383154E+001, 8.6273766E+001, 7.6804668E+001, 6.5048981E+001, 5.7687224E+001, 5.2659248E+001, 4.3837636E+001, 3.3702768E+001, 3.0872223E+001, 2.7713460E+001, 9.5813137E+001, 9.5575021E+001, 8.9778971E+001, 8.3195770E+001, 9.9135070E+001, 9.4376916E+001, 9.5366416E+001, 8.9169396E+001, 4.0746935E+002, 3.8204952E+002, 3.7793746E+002, 3.6662179E+002, 3.4516825E+002, 3.1409737E+002, 2.4414876E+002
 2.2200361E+003, 7.6062117E+001, 7.6786407E+001, 8.0801192E+001, 9.0695056E+001, 9.1854200E+001, 7.6825902E+001, 7.5057648E+001, 7.5612415E+001, 8.1728885E+001, 9.7147039E+001, 1.0267306E+002, 7.8410827E+001, 7.3856237E+001, 7.4607020E+001, 8.3300195E+001, 9.6583879E+001, 9.9725283E+001, 9.0338257E+001, 7.2400279E+001, 7.3528285E+001, 8.2505633E+001, 9.3777904E+001, 9.7876511E+001, 9.1825578E+001, 7.2089964E+001, 6.9241014E+001, 7.2438127E+001, 8.1853633E+001, 8.1583372E+001, 6.5987303E+001, 7.0147919E+001, 8.9210635E+001, 9.3470417E+001, 9.5048672E+001, 6.6141851E+001, 6.5733810E+001, 6.7570983E+001, 8.3505303E+001, 1.1649268E+002, 1.2602541E+002, 7.0546764E+001, 6.4250363E+001, 6.5398198E+001, 8.2797805E+001, 1.0934748E+002, 1.2844358E+002, 9.8856181E+001, 6.2776157E+001, 6.9100418E+001, 8.9424749E+001, 1.1913787E+002, 1.3300165E+002, 1.1595458E+002, 6.3467478E+001, 7.7967998E+001, 8.8743667E+001, 9.2662616E+001, 9.1249599E+001, 7.1882502E+001, 1.4301659E+002, 1.1489470E+002, 7.9520529E+001, 6.5718897E+001, 1.3033580E+002, 6.8882319E+001, 1.5180529E+002, 2.1126587E+002, 1.3966679E+002, 7.9975379E+001, 1.8766434E+002, 6.9645239E+001, 1.6472818E+002, 2.1804843E+002, 1.6935073E+002, 1.0195829E+002, 2.0346013E+002, 7.0445311E+001, 1.3861336E+002, 2.1188169E+002, 1.4915253E+002, 9.6284851E+001, 9.2000417E+001, 7.3279082E+001, 1.3980070E+002, 1.0784146E+002, 8.0912890E+001, 6.5249071E+001, 7.7854138E+001, 7.4853685E+001, 6.6778273E+001, 6.6000485E+001, 6.4656367E+001, 6.1873935E+001, 5.1756325E+001, 4.0029216E+001, 3.2047905E+001, 2.9814784E+001, 2.8801637E+001, 2.8610441E+001, 2.7968915E+001, 8.6368876E+001, 7.8216946E+001, 6.7194807E+001, 6.5638251E+001, 6.3843744E+001, 6.0229368E+001, 5.3758099E+001, 4.0167728E+001, 3.1909606E+001, 3.0357328E+001, 2.9163762E+001, 2.7675947E+001, 2.6339406E+001, 6.6095544E+001, 6.7041279E+001, 6.7237447E+001, 6.6838667E+001, 6.6083182E+001, 6.4135419E+001, 5.4925747E+001, 3.9822003E+001, 3.0883496E+001, 2.8161512E+001, 2.8121170E+001, 8.8092917E+001, 8.7481966E+001, 8.4869513E+001, 7.9148641E+001, 6.3564090E+001, 5.7741614E+001, 5.2515101E+001, 4.1348305E+001, 3.1204802E+001, 2.9281623E+001, 2.7830318E+001, 9.7200648E+001, 9.6766769E+001, 9.1183870E+001, 8.4264272E+001, 1.0056672E+002, 9.5533501E+001, 9.6765329E+001, 9.0299325E+001, 4.0286162E+002, 3.8540038E+002, 3.8410875E+002, 3.7938735E+002, 3.5322600E+002, 3.5981120E+002, 2.4652413E+002
 2.2400410E+003, 7.4751776E+001, 7.6084155E+001, 8.3896469E+001, 8.7670746E+001, 9.0224860E+001, 7.4923755E+001, 7.4867053E+001, 7.5336858E+001, 8.2501765E+001, 9.8906993E+001, 1.0770490E+002, 7.6241933E+001, 7.4779293E+001, 7.4780442E+001, 7.8361621E+001, 9.6785644E+001, 1.0578681E+002, 8.4551757E+001, 7.2410010E+001, 7.1835152E+001, 7.8460319E+001, 9.4318628E+001, 9.5855525E+001, 9.1587933E+001, 6.9926663E+001, 6.8296561E+001, 7.6231835E+001, 8.0260550E+001, 8.5612187E+001, 6.3400749E+001, 7.4542881E+001, 9.0103219E+001, 8.8403991E+001, 8.6942656E+001, 6.7121082E+001, 6.5600931E+001, 7.1758772E+001, 9.9383791E+001, 1.2287013E+002, 1.2065901E+002, 7.8940058E+001, 6.4229338E+001, 7.2052803E+001, 9.8613645E+001, 1.2430808E+002, 1.3633154E+002, 1.0876252E+002, 6.2704875E+001, 7.1788899E+001, 9.0870853E+001, 1.1756339E+002, 1.1769070E+002, 1.0050118E+002, 6.2994666E+001, 7.1949347E+001, 8.7430326E+001, 8.5035968E+001, 8.5828105E+001, 7.2328271E+001, 1.5185009E+002, 1.2095838E+002, 8.6847980E+001, 6.2150237E+001, 1.1390366E+002, 7.0435569E+001, 1.4674282E+002, 2.0618453E+002, 1.4161161E+002, 8.9436150E+001, 2.0907589E+002, 7.0788845E+001, 1.7320340E+002, 2.3255947E+002, 1.6779173E+002, 1.0127751E+002, 2.0500715E+002, 7.1864670E+001, 1.6394087E+002, 2.0916641E+002, 1.3953496E+002, 9.4412572E+001, 8.2681544E+001, 7.3861344E+001, 1.3612534E+002, 9.8549332E+001, 8.1399447E+001, 6.6065186E+001, 7.9824223E+001, 7.5441493E+001, 6.8495215E+001, 6.6378471E+001, 6.5192602E+001, 6.2149089E+001, 5.1213102E+001, 4.2064515E+001, 3.2751459E+001, 3.0069121E+001, 2.9070336E+001, 2.8798738E+001, 2.8007754E+001, 8.6564894E+001, 7.9898717E+001, 6.8516467E+001, 6.5840663E+001, 6.3723881E+001, 6.0644225E+001, 5.2116514E+001, 4.2317222E+001, 3.3974438E+001, 3.0534022E+001, 2.9290797E+001, 2.7802817E+001, 2.7379956E+001, 6.8867651E+001, 7.0672639E+001, 7.1660320E+001, 7.0440449E+001, 6.8149711E+001, 6.6046668E+001, 5.6861103E+001, 4.0074526E+001, 3.1870535E+001, 2.8288882E+001, 2.8189034E+001, 9.4255403E+001, 9.3119930E+001, 9.0664160E+001, 8.3247964E+001, 6.4771070E+001, 6.0749635E+001, 5.3359509E+001, 4.2170110E+001, 3.4857138E+001, 3.1308111E+001, 2.8500436E+001, 9.8534063E+001, 9.7893889E+001, 9.2605125E+001, 8.5317405E+001, 1.0190928E+002, 9.6607753E+001, 9.8147337E+001, 9.1400484E+001, 3.9977195E+002, 3.8165087E+002, 3.8099281E+002, 3.7986221E+002, 3.5413635E+002, 3.7615480E+002, 2.4755086E+002
 2.2600419E+003, 7.3922670E+001, 7.4286259E+001, 7.9181293E+001, 8.8286256E+001, 9.1693273E+001, 7.3995991E+001, 7.4351734E+001, 7.5273673E+001, 8.8465833E+001, 9.4043821E+001, 1.0259875E+002, 7.9070986E+001, 7.6021403E+001, 7.6867670E+001, 8.2877627E+001, 9.8826038E+001, 1.0397785E+002, 8.8500631E+001, 7.0662827E+001, 7.5455057E+001, 8.5064685E+001, 8.8606910E+001, 9.6185876E+001, 8.6597372E+001, 6.9155926E+001, 7.1295694E+001, 7.3458487E+001, 7.8329718E+001, 8.5102306E+001, 6.3669815E+001, 6.9436987E+001, 9.0982541E+001, 9.4674849E+001, 9.8205780E+001, 6.5347740E+001, 6.5174169E+001, 6.6442599E+001, 9.0566764E+001, 1.1346886E+002, 1.1118868E+002, 7.3197312E+001, 6.3929227E+001, 6.5303500E+001, 9.4818699E+001, 1.2611002E+002, 1.2525710E+002, 1.1528347E+002, 6.2913662E+001, 7.1328045E+001, 1.0109785E+002, 1.1755999E+002, 1.3231871E+002, 1.0940352E+002, 6.4225359E+001, 7.8347446E+001, 8.9137343E+001, 8.7449289E+001, 8.9657452E+001, 7.2447676E+001, 1.5220776E+002, 1.1445644E+002, 8.8914842E+001, 7.0799160E+001, 1.3439162E+002, 7.0330858E+001, 1.5517395E+002, 2.0603347E+002, 1.3248617E+002, 8.2867706E+001, 1.9430283E+002, 7.3806985E+001, 1.8051226E+002, 2.2407216E+002, 1.7904597E+002, 1.0510314E+002, 1.9730324E+002, 7.4599702E+001, 1.5849883E+002, 2.1353641E+002, 1.3571905E+002, 8.0581672E+001, 8.7877471E+001, 7.6569539E+001, 1.5241836E+002, 1.0522572E+002, 7.6687256E+001, 6.3241537E+001, 7.6421701E+001, 7.4985107E+001, 6.9653797E+001, 6.6417173E+001, 6.5948327E+001, 6.3548523E+001, 5.2086847E+001, 4.2279931E+001, 3.3551192E+001, 3.0371804E+001, 2.9250757E+001, 2.8879547E+001, 2.8312679E+001, 9.0370772E+001, 7.6377791E+001, 6.7658196E+001, 6.5784092E+001, 6.2732093E+001, 6.0812314E+001, 5.2178039E+001, 4.0761796E+001, 3.2964483E+001, 3.0825620E+001, 2.9078098E+001, 2.7874904E+001, 2.7009027E+001, 6.7796987E+001, 6.9999042E+001, 7.0636708E+001, 7.0342827E+001, 6.8164874E+001, 6.4325450E+001, 5.0412920E+001, 3.8675936E+001, 2.8973375E+001, 2.8447024E+001, 2.8243523E+001, 9.0007011E+001, 9.0572422E+001, 8.9392065E+001, 8.1774176E+001, 6.6524016E+001, 6.1331785E+001, 5.4754653E+001, 3.9057405E+001, 3.3593070E+001, 3.1228231E+001, 2.8517220E+001, 9.9845880E+001, 9.8983134E+001, 9.3984526E+001, 8.6359238E+001, 1.0318830E+002, 9.7649692E+001, 9.9449365E+001, 9.2471211E+001, 3.9906269E+002, 3.8218917E+002, 3.7828631E+002, 3.7847551E+002, 3.4360793E+002, 3.4062277E+002, 2.4878072E+002
 2.2800455E+003, 7.6782321E+001, 7.6728435E+001, 8.1743171E+001, 8.9403250E+001, 8.9844038E+001, 7.5471440E+001, 7.6127864E+001, 7.5879564E+001, 8.4280768E+001, 9.8515424E+001, 1.0299894E+002, 7.9104075E+001, 7.5465171E+001, 7.5368680E+001, 8.5510046E+001, 1.0073603E+002, 1.1374459E+002, 9.3838318E+001, 7.1009801E+001, 7.4726157E+001, 8.5054627E+001, 9.7660293E+001, 1.0799649E+002, 9.0591543E+001, 6.7820386E+001, 7.0226789E+001, 7.4908428E+001, 8.1303740E+001, 8.4940020E+001, 6.6442651E+001, 7.1223026E+001, 9.2638620E+001, 8.9584271E+001, 8.1753888E+001, 6.7189494E+001, 6.6805606E+001, 7.2415232E+001, 9.6293180E+001, 1.1125748E+002, 1.0669964E+002, 8.2634459E+001, 6.5891442E+001, 7.0232520E+001, 9.1823368E+001, 1.3487927E+002, 1.3120105E+002, 1.1683591E+002, 6.4332823E+001, 7.1010250E+001, 1.0003076E+002, 1.1885955E+002, 1.2661993E+002, 1.1077869E+002, 6.4419966E+001, 8.0382037E+001, 9.3038976E+001, 9.5298076E+001, 9.9075751E+001, 7.4280773E+001, 1.3778698E+002, 9.1719370E+001, 7.5685611E+001, 6.4978894E+001, 1.2174152E+002, 7.3000161E+001, 1.7662920E+002, 2.0849275E+002, 1.3379633E+002, 8.4593454E+001, 2.3804665E+002, 7.4818227E+001, 1.7250091E+002, 2.4203802E+002, 1.8641169E+002, 1.1124680E+002, 2.1254995E+002, 7.1568891E+001, 1.4666265E+002, 2.2549044E+002, 1.4375151E+002, 8.6195962E+001, 8.7388323E+001, 7.2213974E+001, 1.4537604E+002, 9.6939841E+001, 7.4802615E+001, 6.0593384E+001, 7.7996111E+001, 7.3887063E+001, 6.9314869E+001, 6.7153497E+001, 6.6186765E+001, 6.2885379E+001, 5.4246737E+001, 4.1813748E+001, 3.3030284E+001, 3.0168669E+001, 2.9380983E+001, 2.8923701E+001, 2.8532127E+001, 8.9337414E+001, 7.9285231E+001, 6.7726634E+001, 6.6336294E+001, 6.4634857E+001, 6.1477632E+001, 5.3603253E+001, 4.3890170E+001, 3.2533581E+001, 3.1110775E+001, 2.9181213E+001, 2.7671225E+001, 2.6612721E+001, 6.5861359E+001, 6.7218613E+001, 6.7760793E+001, 6.7982344E+001, 6.7627288E+001, 6.6001717E+001, 6.0641615E+001, 4.3133176E+001, 2.8954709E+001, 2.8596717E+001, 2.8317650E+001, 8.9938223E+001, 9.0333390E+001, 8.8407246E+001, 7.9231264E+001, 6.5780409E+001, 6.0728220E+001, 5.4950937E+001, 3.9925980E+001, 3.3177661E+001, 2.8901959E+001, 2.7966744E+001, 1.0117218E+002, 1.0000881E+002, 9.5277034E+001, 8.7379965E+001, 1.0443857E+002, 9.8662295E+001, 1.0069110E+002, 9.3516850E+001, 4.0144158E+002, 3.9081838E+002, 3.8358908E+002, 3.8022566E+002, 3.2698843E+002, 3.6101127E+002, 2.5095045E+002
 2.3000513E+003, 7.8347264E+001, 7.8568433E+001, 8.1351849E+001, 8.9227057E+001, 9.3811185E+001, 7.6784144E+001, 7.6086726E+001, 7.4272654E+001, 8.0592557E+001, 9.5302120E+001, 1.0108660E+002, 7.5097635E+001, 7.3475065E+001, 7.3540925E+001, 8.0627957E+001, 9.5262598E+001, 1.1707274E+002, 9.0220061E+001, 7.0208044E+001, 7.4708745E+001, 8.4962765E+001, 9.8069646E+001, 1.0338408E+002, 8.9477852E+001, 6.8651393E+001, 7.0537431E+001, 7.3497494E+001, 7.8739548E+001, 8.3504404E+001, 6.7193998E+001, 7.0265903E+001, 9.1515189E+001, 1.0174763E+002, 8.9686131E+001, 6.7833732E+001, 6.8064910E+001, 6.9930413E+001, 9.1359809E+001, 1.1493309E+002, 1.2245125E+002, 7.4361557E+001, 6.7573897E+001, 6.7606803E+001, 9.3796832E+001, 1.3091980E+002, 1.3012484E+002, 1.1984123E+002, 6.6047414E+001, 7.0800674E+001, 1.0061220E+002, 1.2324968E+002, 1.2960510E+002, 1.0730392E+002, 6.5685131E+001, 7.8562266E+001, 8.8040841E+001, 9.1972349E+001, 9.3746357E+001, 7.4979281E+001, 1.4696206E+002, 1.2215081E+002, 9.3154367E+001, 7.3056082E+001, 1.2117410E+002, 7.4930571E+001, 1.6688597E+002, 2.1325414E+002, 1.4443202E+002, 9.4672441E+001, 2.2308658E+002, 7.9550982E+001, 1.8948738E+002, 2.2170385E+002, 1.5797922E+002, 8.6741170E+001, 1.8259178E+002, 7.2831264E+001, 1.6170402E+002, 2.1343198E+002, 1.5401360E+002, 9.7889030E+001, 9.7831082E+001, 7.1417631E+001, 1.4391538E+002, 1.2123793E+002, 8.4080061E+001, 6.3930602E+001, 7.9199884E+001, 7.6153477E+001, 6.9647163E+001, 6.8918350E+001, 6.6951341E+001, 6.3736842E+001, 5.5971507E+001, 4.3518849E+001, 3.2650011E+001, 3.0202303E+001, 2.9255841E+001, 2.8779380E+001, 2.8573661E+001, 8.8596922E+001, 7.5970603E+001, 6.7489923E+001, 6.7087643E+001, 6.3838055E+001, 6.2323080E+001, 5.1533082E+001, 4.1135376E+001, 3.2370405E+001, 3.1198608E+001, 2.9343054E+001, 2.8013648E+001, 2.6768526E+001, 6.6690835E+001, 6.8376373E+001, 6.8497401E+001, 6.7914348E+001, 6.7379359E+001, 6.6611099E+001, 6.4471032E+001, 3.6211880E+001, 2.8999647E+001, 2.8573002E+001, 2.8307961E+001, 8.8830393E+001, 8.9448722E+001, 8.9697077E+001, 8.7426981E+001, 6.7587169E+001, 6.0481562E+001, 5.3217002E+001, 4.3493260E+001, 3.5278697E+001, 2.9536062E+001, 2.8336670E+001, 1.0238725E+002, 1.0097090E+002, 9.6562556E+001, 8.8363282E+001, 1.0563343E+002, 9.9623815E+001, 1.0188875E+002, 9.4563773E+001, 3.9311385E+002, 3.7984343E+002, 3.7748441E+002, 3.7463394E+002, 3.7419160E+002, 3.6321673E+002, 2.5134714E+002
 2.3200334E+003, 7.6932101E+001, 7.7459792E+001, 8.4573700E+001, 9.4474057E+001, 9.7626942E+001, 7.6284466E+001, 7.6125788E+001, 7.8474016E+001, 8.5889689E+001, 9.8855709E+001, 1.0997980E+002, 8.1110338E+001, 7.6418900E+001, 8.0821914E+001, 8.8671334E+001, 9.6161654E+001, 1.0358648E+002, 8.7486387E+001, 7.3449599E+001, 7.6789336E+001, 8.4978820E+001, 9.3076101E+001, 9.4121053E+001, 8.7681921E+001, 6.9836331E+001, 7.2338173E+001, 7.7349287E+001, 8.3396405E+001, 8.5103832E+001, 6.7335567E+001, 7.0691231E+001, 9.9557039E+001, 9.6259369E+001, 9.5017155E+001, 6.7995324E+001, 6.7990328E+001, 6.9192603E+001, 8.8679479E+001, 1.2808631E+002, 1.3308788E+002, 7.4890274E+001, 6.7284408E+001, 6.7407848E+001, 9.4773485E+001, 1.2152243E+002, 1.3063364E+002, 1.0614583E+002, 6.5675050E+001, 8.2380850E+001, 9.9381543E+001, 1.1499676E+002, 1.1100239E+002, 9.5632237E+001, 6.5035584E+001, 7.5946845E+001, 9.2727476E+001, 9.2454827E+001, 8.7623716E+001, 7.2897879E+001, 1.7391511E+002, 1.4294282E+002, 9.7728044E+001, 7.1602760E+001, 1.1655895E+002, 7.2196882E+001, 1.5863984E+002, 2.2089349E+002, 1.6332773E+002, 9.5408468E+001, 2.0429465E+002, 7.7792509E+001, 1.7197081E+002, 2.1199502E+002, 1.4894218E+002, 9.5134661E+001, 1.8704413E+002, 8.4444822E+001, 1.9430452E+002, 2.0817018E+002, 1.2875342E+002, 8.4045837E+001, 7.5278726E+001, 8.0843234E+001, 1.3638442E+002, 9.2999313E+001, 7.3729386E+001, 5.8996002E+001, 8.4040113E+001, 7.6600872E+001, 7.0195945E+001, 6.8946129E+001, 6.7080767E+001, 6.5373993E+001, 5.5297503E+001, 4.1665252E+001, 3.1696243E+001, 2.9798388E+001, 2.9154794E+001, 2.8955689E+001, 2.8695283E+001, 8.7639519E+001, 7.8331211E+001, 6.8391345E+001, 6.6025558E+001, 6.3893453E+001, 6.2267341E+001, 5.2688876E+001, 4.3297020E+001, 3.3256661E+001, 3.1350730E+001, 2.9283078E+001, 2.7343665E+001, 2.7009328E+001, 6.7444988E+001, 6.8523362E+001, 6.9411208E+001, 6.9125150E+001, 6.8176808E+001, 6.6319546E+001, 6.3957093E+001, 3.6305439E+001, 2.9071161E+001, 2.8496523E+001, 2.8321350E+001, 9.2141734E+001, 9.2008708E+001, 8.9749036E+001, 8.7280634E+001, 7.3641698E+001, 6.2302614E+001, 5.5788000E+001, 4.0991149E+001, 3.4676684E+001, 3.1089183E+001, 2.8665877E+001, 1.0350745E+002, 1.0184123E+002, 9.7789128E+001, 8.9319111E+001, 1.0674522E+002, 1.0054251E+002, 1.0308457E+002, 9.5595539E+001, 4.0866879E+002, 3.8887031E+002, 3.8805351E+002, 3.8332430E+002, 3.7949554E+002, 3.2597287E+002, 2.5313659E+002
 2.3400541E+003, 7.7319976E+001, 8.0082857E+001, 8.6249594E+001, 8.7710183E+001, 9.1870719E+001, 7.7403616E+001, 7.5776009E+001, 7.8521923E+001, 8.4483938E+001, 8.9523022E+001, 1.0413067E+002, 7.8935202E+001, 7.5261451E+001, 7.5765400E+001, 8.1441979E+001, 9.4409334E+001, 1.0531767E+002, 9.0633882E+001, 7.1596084E+001, 7.5421084E+001, 8.4262182E+001, 9.5287494E+001, 1.0615595E+002, 9.1748266E+001, 7.0951516E+001, 7.3966483E+001, 7.8607582E+001, 8.3498088E+001, 8.3831160E+001, 6.7864948E+001, 7.7457505E+001, 9.4035819E+001, 9.3307754E+001, 9.9166606E+001, 6.9818653E+001, 6.8118885E+001, 7.2723782E+001, 9.9090938E+001, 1.2562904E+002, 1.2215842E+002, 7.2690570E+001, 6.7696158E+001, 6.7592167E+001, 8.2632867E+001, 1.1832918E+002, 1.3925675E+002, 9.5551333E+001, 6.5843406E+001, 7.4394054E+001, 9.1829519E+001, 1.2336628E+002, 1.3920117E+002, 1.1433588E+002, 6.5558334E+001, 8.1057614E+001, 9.5262777E+001, 9.3804695E+001, 9.4428677E+001, 7.1893191E+001, 1.5623605E+002, 1.3211290E+002, 9.5950926E+001, 7.8025752E+001, 1.1366791E+002, 7.1163431E+001, 1.6449736E+002, 2.1220426E+002, 1.4405803E+002, 8.4974984E+001, 1.8588393E+002, 7.5715289E+001, 1.6452358E+002, 2.1885150E+002, 1.5486610E+002, 9.4452707E+001, 1.9522377E+002, 7.5521017E+001, 1.5644746E+002, 2.2818187E+002, 1.5226649E+002, 8.6572044E+001, 1.0382015E+002, 7.6949236E+001, 1.5795356E+002, 1.1285910E+002, 7.9179990E+001, 7.1228038E+001, 8.3077196E+001, 7.7724510E+001, 7.0631172E+001, 6.9101930E+001, 6.7849074E+001, 6.6162037E+001, 5.4969139E+001, 4.1300859E+001, 3.2282808E+001, 2.9957274E+001, 2.9359907E+001, 2.8945043E+001, 2.8631499E+001, 9.0231065E+001, 7.4370122E+001, 6.8750397E+001, 6.6254351E+001, 6.4467872E+001, 6.2309951E+001, 5.3118124E+001, 4.3159606E+001, 3.3344576E+001, 3.1448546E+001, 2.9537281E+001, 2.8253398E+001, 2.6495598E+001, 6.8966419E+001, 6.9915905E+001, 6.9984917E+001, 6.9698969E+001, 6.8909311E+001, 6.7281029E+001, 6.4021687E+001, 3.9257029E+001, 2.9256029E+001, 2.8569662E+001, 2.8330519E+001, 9.1602414E+001, 9.1905611E+001, 9.1103075E+001, 9.0189804E+001, 7.0626567E+001, 6.1717481E+001, 5.5736451E+001, 4.1905749E+001, 3.3985307E+001, 3.0705595E+001, 2.8746340E+001, 1.0459047E+002, 1.0273113E+002, 9.8951706E+001, 9.0275566E+001, 1.0784653E+002, 1.0139949E+002, 1.0426768E+002, 9.6571743E+001, 3.9825602E+002, 3.8101997E+002, 3.8234884E+002, 3.9179879E+002, 3.6347383E+002, 3.7559311E+002, 2.5399115E+002
 2.3600224E+003, 7.8666139E+001, 7.9720516E+001, 8.2811294E+001, 8.8249163E+001, 9.9084395E+001, 7.7782600E+001, 7.7065889E+001, 7.7333382E+001, 8.1218839E+001, 9.0366718E+001, 1.0531325E+002, 7.7330861E+001, 7.4862615E+001, 7.5371501E+001, 8.2042855E+001, 9.4613693E+001, 1.1215442E+002, 8.5838025E+001, 7.2747730E+001, 7.4391209E+001, 8.2280797E+001, 9.3573001E+001, 1.0857758E+002, 9.7138739E+001, 7.0738736E+001, 7.1229601E+001, 7.8243515E+001, 8.4657777E+001, 9.4633565E+001, 6.9202049E+001, 7.6283426E+001, 9.2843043E+001, 1.0820392E+002, 1.0937778E+002, 7.0712838E+001, 6.9703348E+001, 7.6333242E+001, 9.4670548E+001, 1.1873747E+002, 1.2381912E+002, 7.9406232E+001, 6.8272764E+001, 6.9080142E+001, 8.4598206E+001, 1.2085060E+002, 1.2403687E+002, 1.0034804E+002, 6.7285174E+001, 6.8554847E+001, 8.5432879E+001, 1.2069813E+002, 1.2712299E+002, 1.1830425E+002, 6.7296774E+001, 7.2078511E+001, 9.5731830E+001, 1.0748719E+002, 9.9735801E+001, 7.5283119E+001, 1.6378617E+002, 1.3892581E+002, 9.8033748E+001, 7.3845700E+001, 1.4098990E+002, 7.6968966E+001, 1.9172694E+002, 2.1971419E+002, 1.5442395E+002, 9.2110308E+001, 1.8321029E+002, 7.7868167E+001, 1.5760412E+002, 1.7132395E+002, 1.1684387E+002, 8.0813055E+001, 1.5144768E+002, 7.9753619E+001, 1.5739473E+002, 2.0360381E+002, 1.4939377E+002, 8.6240939E+001, 1.0260932E+002, 8.0142399E+001, 1.8115288E+002, 1.3903407E+002, 9.6278104E+001, 6.4431065E+001, 8.0372511E+001, 7.8483498E+001, 7.0507869E+001, 6.9175462E+001, 6.8133610E+001, 6.5236779E+001, 5.5398948E+001, 4.2640589E+001, 3.5546473E+001, 3.0554449E+001, 2.9425063E+001, 2.8937636E+001, 2.8690960E+001, 9.3395341E+001, 7.6734715E+001, 6.8732065E+001, 6.6576845E+001, 6.4282983E+001, 6.2827939E+001, 5.3669125E+001, 4.2053243E+001, 3.3174018E+001, 3.1509575E+001, 2.9655148E+001, 2.7950145E+001, 2.6738090E+001, 7.0611049E+001, 7.0857496E+001, 7.1488101E+001, 7.1166513E+001, 7.0048711E+001, 6.8674397E+001, 6.5091054E+001, 4.0820655E+001, 2.9069293E+001, 2.8751870E+001, 2.8454523E+001, 8.8857294E+001, 8.8607565E+001, 8.7410490E+001, 8.4128613E+001, 7.0622104E+001, 6.3299657E+001, 5.6328295E+001, 4.1484792E+001, 3.3302042E+001, 3.0532818E+001, 2.8786600E+001, 1.0563179E+002, 1.0361645E+002, 1.0002458E+002, 9.1171636E+001, 1.0891597E+002, 1.0226080E+002, 1.0539106E+002, 9.7473357E+001, 4.1535054E+002, 3.8953729E+002, 3.8412599E+002, 3.8557503E+002, 3.6593124E+002, 3.2564250E+002, 2.5421507E+002
 2.3800358E+003, 7.8557393E+001, 7.7990938E+001, 8.8517761E+001, 9.4826778E+001, 9.7235061E+001, 7.8214113E+001, 7.6981986E+001, 7.8032852E+001, 8.8568816E+001, 1.0512397E+002, 1.1080453E+002, 8.5055412E+001, 7.2450176E+001, 7.9733043E+001, 8.8398386E+001, 1.0143049E+002, 1.1256677E+002, 9.5028722E+001, 7.0101694E+001, 7.7073169E+001, 8.6293661E+001, 8.9327317E+001, 9.8461458E+001, 8.8424650E+001, 6.8754623E+001, 7.1778230E+001, 7.4915129E+001, 7.7405107E+001, 8.4905269E+001, 6.9003407E+001, 7.6353876E+001, 9.5657385E+001, 9.7948054E+001, 9.9107309E+001, 7.0780534E+001, 6.9356183E+001, 8.0112359E+001, 1.0880370E+002, 1.3064578E+002, 1.3076840E+002, 8.9200054E+001, 6.7953042E+001, 7.8431568E+001, 9.1516211E+001, 1.2814128E+002, 1.3399011E+002, 1.0450859E+002, 6.6927853E+001, 8.4623788E+001, 9.7544079E+001, 1.1473312E+002, 1.2394777E+002, 1.0808028E+002, 6.5710089E+001, 7.9585682E+001, 8.8938465E+001, 8.6116588E+001, 8.5154457E+001, 7.6392882E+001, 1.7366866E+002, 1.4812586E+002, 1.0072097E+002, 7.5841568E+001, 1.1246012E+002, 7.4205031E+001, 1.6422569E+002, 1.9942177E+002, 1.4668720E+002, 8.8545618E+001, 1.9890067E+002, 7.6766981E+001, 1.6324297E+002, 2.0869688E+002, 1.4426147E+002, 9.3343778E+001, 1.8454287E+002, 8.0499910E+001, 1.9237959E+002, 2.0752876E+002, 1.4070337E+002, 8.1968503E+001, 1.0450626E+002, 8.1674368E+001, 1.4311142E+002, 1.1499861E+002, 9.7580066E+001, 7.7464834E+001, 8.1074489E+001, 7.9318444E+001, 7.0343569E+001, 6.9845550E+001, 6.8445343E+001, 6.4859907E+001, 5.5221432E+001, 4.3780078E+001, 3.6455773E+001, 3.0898564E+001, 2.9495818E+001, 2.9127531E+001, 2.8764333E+001, 9.1365128E+001, 8.1727894E+001, 6.9037616E+001, 6.8735664E+001, 6.5101562E+001, 6.3950513E+001, 5.7483824E+001, 4.3662228E+001, 3.3590773E+001, 3.1729107E+001, 3.0022956E+001, 2.8213934E+001, 2.6408381E+001, 6.9479099E+001, 7.1003506E+001, 7.1275946E+001, 7.1126030E+001, 7.0135423E+001, 6.8211763E+001, 6.3266369E+001, 4.1211417E+001, 2.9181863E+001, 2.8877613E+001, 2.8693037E+001, 9.1242423E+001, 9.0597739E+001, 8.9263063E+001, 8.2066975E+001, 7.4447535E+001, 6.3155813E+001, 5.6271922E+001, 4.3469553E+001, 3.3468012E+001, 3.1827474E+001, 2.9652663E+001, 1.0664186E+002, 1.0443266E+002, 1.0105506E+002, 9.2010878E+001, 1.0999150E+002, 1.0307937E+002, 1.0652355E+002, 9.8296976E+001, 4.0797868E+002, 3.8845798E+002, 3.8726412E+002, 3.8929886E+002, 3.7565274E+002, 3.5500939E+002, 2.5455141E+002
 2.4000028E+003, 7.7493044E+001, 7.7808892E+001, 8.3698961E+001, 9.3856688E+001, 9.3319333E+001, 7.7465422E+001, 7.7641335E+001, 8.0264438E+001, 8.7360125E+001, 1.0071558E+002, 1.0926121E+002, 8.3627085E+001, 7.3400423E+001, 7.9892192E+001, 8.7559743E+001, 1.0240191E+002, 1.1536929E+002, 9.5552790E+001, 7.1364958E+001, 7.5887243E+001, 8.3714023E+001, 9.2705642E+001, 1.0952021E+002, 9.2768447E+001, 6.9614680E+001, 7.1327552E+001, 7.4279303E+001, 8.0219747E+001, 9.4058438E+001, 6.6615935E+001, 7.1659271E+001, 9.5701676E+001, 8.8438384E+001, 9.2308853E+001, 6.8448697E+001, 6.8523250E+001, 7.0567248E+001, 9.9214064E+001, 1.2371728E+002, 1.2207810E+002, 7.8125893E+001, 6.8332201E+001, 7.0895252E+001, 8.6185053E+001, 1.1664246E+002, 1.4601616E+002, 1.0999732E+002, 6.8735240E+001, 7.9121973E+001, 1.0659711E+002, 1.2936307E+002, 1.3199220E+002, 1.1218901E+002, 6.7960527E+001, 8.2797472E+001, 8.7245024E+001, 8.6103602E+001, 9.4677299E+001, 7.5165037E+001, 1.4171562E+002, 1.0900734E+002, 9.2821827E+001, 6.9311694E+001, 1.1767601E+002, 7.5176086E+001, 1.7491441E+002, 2.1479511E+002, 1.4783117E+002, 9.9688497E+001, 2.2487842E+002, 7.4686351E+001, 1.7477403E+002, 2.4868308E+002, 1.8980649E+002, 1.0762351E+002, 2.1206287E+002, 7.4132821E+001, 1.4829404E+002, 2.1724593E+002, 1.3419884E+002, 8.3298157E+001, 1.0232874E+002, 7.6969498E+001, 1.5811277E+002, 1.1147140E+002, 8.1563029E+001, 6.7217698E+001, 8.1935376E+001, 7.8652131E+001, 7.1091705E+001, 6.9763833E+001, 6.9065978E+001, 6.5487493E+001, 5.5184818E+001, 4.3989168E+001, 3.5178728E+001, 3.0646810E+001, 2.9521946E+001, 2.9245869E+001, 2.8975005E+001, 9.1901862E+001, 8.0394051E+001, 7.0263604E+001, 6.8994948E+001, 6.6968475E+001, 6.4799670E+001, 5.8435432E+001, 4.1942783E+001, 3.3841889E+001, 3.1806835E+001, 3.0348749E+001, 2.8352320E+001, 2.6190181E+001, 6.7898771E+001, 6.9958750E+001, 6.9957750E+001, 6.9748759E+001, 6.9085244E+001, 6.7993957E+001, 6.4673399E+001, 3.8036281E+001, 2.9178095E+001, 2.8978508E+001, 2.8766812E+001, 9.2838348E+001, 9.2467240E+001, 9.0898553E+001, 8.9300604E+001, 8.4638477E+001, 6.3027713E+001, 5.6143980E+001, 4.1128430E+001, 3.3905563E+001, 3.2222552E+001, 2.9909066E+001, 1.0760896E+002, 1.0522489E+002, 1.0205973E+002, 9.2825438E+001, 1.1107921E+002, 1.0383545E+002, 1.0774833E+002, 9.9145534E+001, 4.1076307E+002, 3.8950870E+002, 3.8499624E+002, 3.7972944E+002, 3.1936380E+002, 2.8651816E+002, 2.5584285E+002
 2.4200370E+003, 7.7606531E+001, 7.7785844E+001, 8.2205916E+001, 9.0139921E+001, 9.9681767E+001, 7.7854127E+001, 7.7691820E+001, 7.9698269E+001, 8.5227525E+001, 9.7385559E+001, 1.1372094E+002, 8.3300983E+001, 7.4090278E+001, 7.5400228E+001, 8.2617144E+001, 9.3716242E+001, 1.1258952E+002, 8.7509623E+001, 7.1356488E+001, 7.4291827E+001, 8.0927730E+001, 8.9946279E+001, 1.0440809E+002, 9.7012385E+001, 7.0717363E+001, 7.2589963E+001, 7.5809337E+001, 8.1603394E+001, 8.8184380E+001, 6.7873676E+001, 7.0755998E+001, 9.0568541E+001, 9.4076976E+001, 8.7837926E+001, 6.9433432E+001, 6.9536033E+001, 7.2204582E+001, 9.3552409E+001, 1.2465343E+002, 1.3363794E+002, 8.3277107E+001, 7.0831132E+001, 7.1738847E+001, 9.4596246E+001, 1.2804931E+002, 1.3714033E+002, 1.0945781E+002, 7.0025492E+001, 7.2981043E+001, 9.6725104E+001, 1.2056973E+002, 1.2894607E+002, 1.1208695E+002, 6.7780277E+001, 7.9697686E+001, 9.5118828E+001, 1.0074478E+002, 9.9337442E+001, 7.6002421E+001, 1.5057020E+002, 1.2572449E+002, 1.0112127E+002, 6.9587610E+001, 1.1581513E+002, 7.7724078E+001, 1.5602933E+002, 2.2523208E+002, 1.7335954E+002, 9.6677404E+001, 1.9899160E+002, 7.9084669E+001, 1.7485392E+002, 2.1795684E+002, 1.6163378E+002, 1.0245439E+002, 1.9369837E+002, 8.0510389E+001, 1.7845980E+002, 2.1439266E+002, 1.4817821E+002, 9.3200271E+001, 8.9534734E+001, 7.6065722E+001, 1.5193038E+002, 1.1388404E+002, 8.0023885E+001, 6.1509747E+001, 8.3841803E+001, 7.8260662E+001, 7.1184952E+001, 7.0249111E+001, 6.9281299E+001, 6.6975841E+001, 5.6605882E+001, 4.4142675E+001, 3.4556025E+001, 3.0572680E+001, 2.9667248E+001, 2.9159423E+001, 2.8578983E+001, 9.3779970E+001, 8.0788512E+001, 7.0131198E+001, 7.0128209E+001, 6.7773951E+001, 6.5771903E+001, 5.7725192E+001, 4.1674942E+001, 3.4125607E+001, 3.1775100E+001, 2.9953078E+001, 2.8477343E+001, 2.6662055E+001, 6.9339974E+001, 7.0502572E+001, 7.2063817E+001, 7.1651828E+001, 7.0484261E+001, 6.8491789E+001, 6.6349653E+001, 4.2252252E+001, 2.9666859E+001, 2.8998346E+001, 2.8856555E+001, 9.0891283E+001, 9.1245411E+001, 9.1756784E+001, 8.6739280E+001, 7.2305022E+001, 6.1877306E+001, 5.6808901E+001, 4.7226428E+001, 3.4415496E+001, 3.1885675E+001, 2.9227892E+001, 1.0854197E+002, 1.0596344E+002, 1.0305669E+002, 9.3641127E+001, 1.1206603E+002, 1.0457956E+002, 1.0894657E+002, 9.9975295E+001, 3.9948761E+002, 3.8451327E+002, 3.7854252E+002, 3.6675079E+002, 3.2497443E+002, 3.0235778E+002, 2.5681847E+002
 2.4400338E+003, 7.9966492E+001, 8.3027662E+001, 8.5737684E+001, 9.1036584E+001, 9.5867855E+001, 8.3054101E+001, 8.0454326E+001, 8.5703550E+001, 8.8951912E+001, 9.6157603E+001, 9.9152515E+001, 8.9599385E+001, 7.7411007E+001, 8.4260769E+001, 9.3242557E+001, 9.8263324E+001, 1.0594049E+002, 9.3312796E+001, 7.6046352E+001, 7.9059490E+001, 9.0099825E+001, 9.2862706E+001, 1.0105965E+002, 9.6045965E+001, 7.5171588E+001, 7.5667981E+001, 7.9761467E+001, 9.1010815E+001, 9.8580864E+001, 6.9630447E+001, 7.1273908E+001, 8.8688977E+001, 1.0682499E+002, 1.1492084E+002, 7.0830972E+001, 7.0838025E+001, 7.2185051E+001, 8.0277017E+001, 1.0974276E+002, 1.2884561E+002, 8.0043338E+001, 6.9809314E+001, 7.3306361E+001, 9.0822652E+001, 1.1096363E+002, 1.3009733E+002, 9.6792085E+001, 6.7761793E+001, 7.0728591E+001, 8.3433468E+001, 1.0934917E+002, 1.3086559E+002, 1.2060728E+002, 6.7986401E+001, 7.4808029E+001, 1.0198801E+002, 1.1526033E+002, 1.1511634E+002, 7.8084256E+001, 1.6621400E+002, 1.6349668E+002, 1.1565866E+002, 8.3763997E+001, 1.3521635E+002, 7.6044939E+001, 1.7039242E+002, 2.1643269E+002, 1.4257627E+002, 8.4104314E+001, 1.9516405E+002, 7.6160656E+001, 1.5879152E+002, 1.9751878E+002, 1.3915070E+002, 7.8770619E+001, 1.8036252E+002, 7.7831764E+001, 1.6482254E+002, 2.2864186E+002, 1.6414253E+002, 9.4456041E+001, 1.0174758E+002, 7.9375797E+001, 1.7487346E+002, 1.4511440E+002, 9.9057626E+001, 7.2491147E+001, 8.3628348E+001, 7.7744879E+001, 7.2130108E+001, 7.0473676E+001, 6.9582704E+001, 6.7613864E+001, 5.7494082E+001, 4.3006738E+001, 3.4352984E+001, 3.1296794E+001, 2.9861171E+001, 2.9493469E+001, 2.8756146E+001, 9.2072037E+001, 7.7504616E+001, 7.0846740E+001, 7.0804669E+001, 6.7401649E+001, 6.5846869E+001, 5.5971539E+001, 4.1244176E+001, 3.3726103E+001, 3.1653479E+001, 3.0537363E+001, 2.9329522E+001, 2.7129990E+001, 6.9631462E+001, 7.0897337E+001, 7.1470448E+001, 7.1644608E+001, 7.0774744E+001, 6.8249438E+001, 6.0358096E+001, 3.9824662E+001, 3.0556951E+001, 2.9120782E+001, 2.8987888E+001, 9.2265860E+001, 9.2573495E+001, 9.1944831E+001, 8.8539076E+001, 7.2031664E+001, 6.0126533E+001, 5.5687786E+001, 4.6875185E+001, 3.4346578E+001, 3.0827058E+001, 2.9265798E+001, 1.0947469E+002, 1.0665124E+002, 1.0402542E+002, 9.4397876E+001, 1.1298760E+002, 1.0531847E+002, 1.1001531E+002, 1.0077643E+002, 4.0344466E+002, 3.8288895E+002, 3.7807935E+002, 3.6960694E+002, 3.4397420E+002, 2.9533492E+002, 2.5669415E+002
 2.4600214E+003, 8.1653078E+001, 8.1033033E+001, 8.2094419E+001, 8.9633849E+001, 1.0262940E+002, 8.2557857E+001, 8.1379164E+001, 8.1763856E+001, 8.5277632E+001, 9.1947477E+001, 1.0496347E+002, 8.2499169E+001, 7.7007239E+001, 7.9031385E+001, 8.7272171E+001, 9.6637708E+001, 1.0727759E+002, 9.2286768E+001, 7.7564255E+001, 7.9325133E+001, 8.7432998E+001, 9.4027344E+001, 1.0648597E+002, 9.8322146E+001, 7.6044498E+001, 7.7589800E+001, 8.0992230E+001, 8.7843738E+001, 9.4731944E+001, 7.0327192E+001, 7.2538592E+001, 9.2976770E+001, 1.1346050E+002, 1.0720058E+002, 7.1298561E+001, 7.1196691E+001, 7.2053556E+001, 8.2816129E+001, 1.2171432E+002, 1.2868618E+002, 7.3351464E+001, 6.9442302E+001, 7.1228057E+001, 8.1799597E+001, 1.0611311E+002, 1.2618655E+002, 9.4145485E+001, 6.8646737E+001, 7.0517815E+001, 8.9225898E+001, 1.1084049E+002, 1.1880129E+002, 1.1635851E+002, 6.8214324E+001, 7.6686871E+001, 1.0215182E+002, 1.1283876E+002, 1.1214740E+002, 7.6165603E+001, 1.7805841E+002, 1.5923179E+002, 1.0552925E+002, 7.7975990E+001, 1.1668970E+002, 7.4050528E+001, 1.6008463E+002, 2.0914196E+002, 1.3674242E+002, 8.2330556E+001, 2.1225962E+002, 7.6122300E+001, 1.5383999E+002, 1.9757682E+002, 1.3613328E+002, 8.5263499E+001, 1.5478705E+002, 7.5402094E+001, 1.5335816E+002, 1.8997946E+002, 1.3394299E+002, 8.5248015E+001, 1.0742789E+002, 7.8916480E+001, 1.9588430E+002, 1.5557826E+002, 1.0466460E+002, 7.7075012E+001, 8.4731342E+001, 7.8708095E+001, 7.3448718E+001, 7.0576725E+001, 7.0105681E+001, 6.8437514E+001, 5.7434071E+001, 4.2580937E+001, 3.4370647E+001, 3.1786711E+001, 3.0144319E+001, 2.9528665E+001, 2.8913905E+001, 8.8630474E+001, 8.0221257E+001, 6.9888639E+001, 6.9808544E+001, 6.6970325E+001, 6.5338244E+001, 5.6518330E+001, 4.2855784E+001, 3.3675590E+001, 3.1650180E+001, 3.0688500E+001, 2.8895996E+001, 2.7129609E+001, 7.0506520E+001, 7.1942226E+001, 7.2318141E+001, 7.1721498E+001, 7.1056124E+001, 6.9629770E+001, 6.2325438E+001, 4.2489605E+001, 3.0949701E+001, 2.9319806E+001, 2.9127349E+001, 9.1587683E+001, 9.1378578E+001, 8.9446100E+001, 8.6764983E+001, 7.5970110E+001, 6.0767257E+001, 5.5809504E+001, 4.6358255E+001, 3.4304852E+001, 3.1547717E+001, 2.9186830E+001, 1.1032695E+002, 1.0729202E+002, 1.0496458E+002, 9.5094520E+001, 1.1387332E+002, 1.0601437E+002, 1.1105134E+002, 1.0150214E+002, 4.0648978E+002, 3.8746179E+002, 3.8665044E+002, 3.9656148E+002, 3.8331268E+002, 3.8426308E+002, 2.5739653E+002
 2.4800228E+003, 8.1770303E+001, 8.1844900E+001, 8.2852151E+001, 8.7946704E+001, 9.5773653E+001, 8.2103078E+001, 8.0531497E+001, 8.1071506E+001, 8.4221887E+001, 9.5046771E+001, 1.0458151E+002, 8.2906384E+001, 8.0635434E+001, 8.0245932E+001, 8.5772124E+001, 1.0279775E+002, 1.1239010E+002, 9.2858773E+001, 7.8926454E+001, 7.8942200E+001, 8.7516330E+001, 9.7747446E+001, 1.0556269E+002, 9.8932131E+001, 7.6139829E+001, 7.8037492E+001, 8.7445223E+001, 8.7986364E+001, 9.5899362E+001, 7.1455879E+001, 7.3544931E+001, 9.1365145E+001, 9.0972380E+001, 9.0604385E+001, 7.1759613E+001, 7.1945772E+001, 7.2462730E+001, 8.8443007E+001, 1.1571856E+002, 1.2566430E+002, 7.9974267E+001, 7.1421735E+001, 7.2853697E+001, 9.7945423E+001, 1.3358483E+002, 1.4206804E+002, 1.2129749E+002, 6.8599933E+001, 7.2037327E+001, 9.8686007E+001, 1.2414368E+002, 1.2311641E+002, 1.1393619E+002, 6.6017479E+001, 7.6774406E+001, 9.3147939E+001, 9.7191467E+001, 9.6745418E+001, 7.5916202E+001, 1.4635709E+002, 1.2027803E+002, 8.9209385E+001, 7.2902453E+001, 1.1767381E+002, 7.6118955E+001, 1.6063503E+002, 2.0138248E+002, 1.4460658E+002, 9.2957890E+001, 1.9609434E+002, 7.7417798E+001, 1.7860306E+002, 2.2396966E+002, 1.7810842E+002, 1.1102114E+002, 2.1195607E+002, 7.6126947E+001, 1.6712386E+002, 2.1349863E+002, 1.3681153E+002, 8.7025766E+001, 1.0660810E+002, 7.7401547E+001, 1.6392802E+002, 1.2709080E+002, 9.2272340E+001, 7.0767161E+001, 8.8420799E+001, 8.0326223E+001, 7.3299616E+001, 7.0619276E+001, 6.9714690E+001, 6.7548168E+001, 5.7017474E+001, 4.4655833E+001, 3.3092583E+001, 3.1487105E+001, 3.0474142E+001, 2.9070937E+001, 2.8622115E+001, 8.9834247E+001, 8.1027917E+001, 7.1705243E+001, 7.0278594E+001, 6.7575580E+001, 6.5709888E+001, 5.7288634E+001, 4.3586866E+001, 3.4835852E+001, 3.1682997E+001, 3.0899397E+001, 2.8770812E+001, 2.7021569E+001, 7.2473085E+001, 7.3708035E+001, 7.4284930E+001, 7.3418214E+001, 7.2657134E+001, 7.0975517E+001, 6.7621345E+001, 4.1664742E+001, 3.1048056E+001, 2.9460281E+001, 2.9296036E+001, 8.9849579E+001, 8.9905392E+001, 8.8806763E+001, 8.0625078E+001, 7.1715228E+001, 6.4066023E+001, 5.6841142E+001, 4.3607191E+001, 3.3696067E+001, 3.1073103E+001, 2.9311658E+001, 1.1110137E+002, 1.0795236E+002, 1.0579500E+002, 9.5759544E+001, 1.1471530E+002, 1.0666405E+002, 1.1202719E+002, 1.0215472E+002, 3.8754983E+002, 3.7506835E+002, 3.7279798E+002, 3.8793611E+002, 3.7741886E+002, 4.2936752E+002, 2.5694547E+002
 2.5000455E+003, 8.0302630E+001, 8.1169167E+001, 8.4627899E+001, 9.1776518E+001, 9.2714281E+001, 8.0018738E+001, 7.9927577E+001, 8.0647105E+001, 8.7485757E+001, 1.0348352E+002, 1.0446704E+002, 8.3949931E+001, 7.8965896E+001, 7.8911262E+001, 8.8036763E+001, 1.0695567E+002, 1.1641756E+002, 9.4005380E+001, 7.3888228E+001, 7.3637971E+001, 8.2276179E+001, 1.0362249E+002, 1.0861645E+002, 9.1746008E+001, 7.1303643E+001, 7.2033655E+001, 7.6623681E+001, 7.8825648E+001, 8.3113848E+001, 7.0307081E+001, 7.6264247E+001, 9.3759883E+001, 9.8103158E+001, 8.3394646E+001, 7.1229082E+001, 7.0843460E+001, 7.2037816E+001, 9.1402955E+001, 1.1799637E+002, 1.1313955E+002, 8.0413108E+001, 7.0963707E+001, 7.1320396E+001, 1.0259090E+002, 1.3577181E+002, 1.4415084E+002, 1.1184117E+002, 6.8878995E+001, 7.1855846E+001, 9.5634862E+001, 1.2717364E+002, 1.3417690E+002, 1.1579008E+002, 6.6498761E+001, 7.6912304E+001, 1.0177207E+002, 9.5373040E+001, 8.9615340E+001, 7.5560408E+001, 1.4619598E+002, 1.1252938E+002, 8.0343962E+001, 7.0785862E+001, 1.0749424E+002, 7.4778037E+001, 1.5129620E+002, 1.9319275E+002, 1.3565104E+002, 9.3986525E+001, 2.2087871E+002, 7.6312601E+001, 1.7766925E+002, 2.5129624E+002, 1.9518397E+002, 1.1301429E+002, 2.1801666E+002, 7.8059222E+001, 1.6128205E+002, 2.3156350E+002, 1.7465256E+002, 9.5422360E+001, 9.9570413E+001, 7.6882705E+001, 1.6363813E+002, 1.1393700E+002, 8.0713607E+001, 7.2737119E+001, 8.5660459E+001, 8.3146952E+001, 7.2352425E+001, 7.1111890E+001, 6.9355547E+001, 6.7428412E+001, 5.8535350E+001, 4.5238950E+001, 3.4612413E+001, 3.1210097E+001, 3.0165717E+001, 2.9328244E+001, 2.9012681E+001, 9.3027270E+001, 7.9892363E+001, 7.2675955E+001, 7.1477120E+001, 7.0081472E+001, 6.6391565E+001, 5.7883053E+001, 4.2922513E+001, 3.5312239E+001, 3.1883273E+001, 3.1273955E+001, 2.8503292E+001, 2.7153355E+001, 7.1206864E+001, 7.4591470E+001, 7.4963295E+001, 7.4224979E+001, 7.2785304E+001, 7.1259573E+001, 6.7778395E+001, 4.1169106E+001, 2.9950403E+001, 2.9494807E+001, 2.9381021E+001, 9.1542099E+001, 9.1184376E+001, 8.9211305E+001, 8.2332239E+001, 7.0041489E+001, 6.7041950E+001, 5.9284648E+001, 4.5521687E+001, 3.3556151E+001, 3.1729770E+001, 2.9685248E+001, 1.1183641E+002, 1.0857274E+002, 1.0656600E+002, 9.6427699E+001, 1.1557112E+002, 1.0729984E+002, 1.1274863E+002, 1.0281630E+002, 3.9981914E+002, 3.8708396E+002, 3.8666073E+002, 3.8990946E+002, 3.4319062E+002, 2.8030030E+002, 2.5812665E+002
 2.5200075E+003, 7.9839005E+001, 7.9931577E+001, 8.1607039E+001, 8.6046790E+001, 8.9314553E+001, 7.9170347E+001, 7.7682175E+001, 7.7925795E+001, 8.3602244E+001, 9.6652260E+001, 1.0440384E+002, 8.0923312E+001, 7.9152655E+001, 7.8049085E+001, 8.9885776E+001, 1.0271534E+002, 1.1235476E+002, 9.6406031E+001, 7.3124013E+001, 7.4373053E+001, 8.5734603E+001, 1.0141900E+002, 1.0844605E+002, 1.0010343E+002, 7.1566496E+001, 7.3810793E+001, 8.0935358E+001, 8.9785296E+001, 9.2380622E+001, 6.9844850E+001, 7.4844402E+001, 9.0243458E+001, 9.2684153E+001, 9.2139962E+001, 6.9985026E+001, 6.9802956E+001, 7.0665654E+001, 8.3908101E+001, 1.1696030E+002, 1.2477962E+002, 7.8636451E+001, 7.0533612E+001, 7.2667443E+001, 9.6586641E+001, 1.1903168E+002, 1.3180134E+002, 1.1346873E+002, 6.9958200E+001, 7.5665177E+001, 9.9381750E+001, 1.2902640E+002, 1.3619888E+002, 1.3125879E+002, 7.0264943E+001, 7.8320500E+001, 9.1588303E+001, 1.0599100E+002, 1.0275121E+002, 7.7105490E+001, 1.5752190E+002, 1.3873435E+002, 1.0045541E+002, 7.4215200E+001, 1.2451708E+002, 7.5684758E+001, 1.5593392E+002, 2.0942939E+002, 1.5007736E+002, 8.8596661E+001, 1.8737563E+002, 7.7881767E+001, 1.5896539E+002, 1.8861721E+002, 1.3473747E+002, 8.7701126E+001, 1.9578737E+002, 8.1349224E+001, 1.7854072E+002, 2.3655279E+002, 1.7571157E+002, 1.0035295E+002, 1.2924045E+002, 7.9087183E+001, 1.6695773E+002, 1.4778425E+002, 1.1015726E+002, 8.3932499E+001, 8.1507965E+001, 7.9747374E+001, 7.2784283E+001, 7.1496255E+001, 7.0190836E+001, 6.7529144E+001, 5.8689994E+001, 4.4807575E+001, 3.3920443E+001, 3.1276114E+001, 3.0190635E+001, 2.9205179E+001, 2.8926883E+001, 9.5582634E+001, 8.0955019E+001, 7.2860615E+001, 7.0717355E+001, 6.7930674E+001, 6.6263934E+001, 5.7006675E+001, 4.3064909E+001, 3.5525258E+001, 3.2203141E+001, 3.1513560E+001, 2.9206487E+001, 2.7300543E+001, 7.2412266E+001, 7.3735962E+001, 7.4346513E+001, 7.4114168E+001, 7.2856030E+001, 7.0286911E+001, 6.4405292E+001, 4.1961745E+001, 2.9804835E+001, 2.9470430E+001, 2.9334161E+001, 9.1397067E+001, 9.2056515E+001, 8.9736432E+001, 8.2403051E+001, 6.8849851E+001, 6.6811107E+001, 5.7005300E+001, 4.3392937E+001, 3.3818765E+001, 3.2916369E+001, 2.8829852E+001, 1.1257543E+002, 1.0911017E+002, 1.0730415E+002, 9.7056321E+001, 1.1634322E+002, 1.0785476E+002, 1.1341243E+002, 1.0340679E+002, 3.9733190E+002, 3.7201057E+002, 3.7240644E+002, 3.7881675E+002, 3.3206157E+002, 3.3212645E+002, 2.5882243E+002
 2.5400448E+003, 7.7299576E+001, 7.9655508E+001, 8.2735049E+001, 9.0450722E+001, 9.3476156E+001, 7.8014337E+001, 7.8996115E+001, 7.9150235E+001, 8.3763621E+001, 9.2806446E+001, 1.0746863E+002, 8.2066332E+001, 8.0742544E+001, 8.2285285E+001, 8.9631484E+001, 1.0298450E+002, 1.1399625E+002, 9.2335922E+001, 7.8177438E+001, 8.4764228E+001, 9.1044299E+001, 9.7760060E+001, 1.1236045E+002, 1.0111823E+002, 7.5851060E+001, 7.9354291E+001, 8.3639790E+001, 8.8756857E+001, 9.5006794E+001, 7.1142522E+001, 7.2169294E+001, 9.2844038E+001, 1.0218216E+002, 1.0173234E+002, 7.2192462E+001, 7.2264929E+001, 7.2745442E+001, 8.4419937E+001, 1.1584606E+002, 1.2422316E+002, 7.8334739E+001, 7.2404578E+001, 7.5043110E+001, 9.8202232E+001, 1.2902495E+002, 1.3535513E+002, 1.0958687E+002, 7.1123727E+001, 7.8620428E+001, 1.0167451E+002, 1.2893995E+002, 1.3752044E+002, 1.2683541E+002, 6.9431227E+001, 7.7809308E+001, 9.8745579E+001, 1.0355706E+002, 9.7318113E+001, 7.7997958E+001, 1.5147010E+002, 1.2299783E+002, 9.6459513E+001, 7.5738765E+001, 1.1419874E+002, 7.6384224E+001, 1.7160136E+002, 2.2520211E+002, 1.4719957E+002, 9.3212268E+001, 2.1978105E+002, 8.0262735E+001, 1.8262020E+002, 2.1447677E+002, 1.6327771E+002, 1.0253217E+002, 1.7165971E+002, 8.0398828E+001, 1.6114685E+002, 2.1391190E+002, 1.5421828E+002, 9.9789437E+001, 1.1420487E+002, 8.0142018E+001, 1.6688703E+002, 1.3665995E+002, 9.8094445E+001, 7.4964070E+001, 8.4671810E+001, 8.1496315E+001, 7.2761767E+001, 7.1843854E+001, 7.0988534E+001, 7.0035906E+001, 5.8931833E+001, 4.4532476E+001, 3.6980775E+001, 3.2243037E+001, 3.0394424E+001, 2.9728586E+001, 2.9305474E+001, 9.3435098E+001, 8.1157300E+001, 7.3706140E+001, 7.1598742E+001, 6.8417398E+001, 6.6433045E+001, 5.8338077E+001, 4.4127075E+001, 3.5192959E+001, 3.2134439E+001, 3.1423715E+001, 2.9381480E+001, 2.7456691E+001, 7.1709449E+001, 7.4268283E+001, 7.4601037E+001, 7.4341054E+001, 7.3279223E+001, 7.1619698E+001, 6.7512754E+001, 4.2971685E+001, 3.0327489E+001, 2.9552764E+001, 2.9356841E+001, 9.2028932E+001, 9.1676756E+001, 8.9796986E+001, 8.5510866E+001, 7.1511716E+001, 6.5632232E+001, 5.6144952E+001, 4.4788235E+001, 3.5069897E+001, 3.2658957E+001, 2.9033328E+001, 1.1329858E+002, 1.0965084E+002, 1.0804236E+002, 9.7630034E+001, 1.1702162E+002, 1.0841076E+002, 1.1411979E+002, 1.0396524E+002, 4.0079305E+002, 3.8446693E+002, 3.8934214E+002, 3.9801276E+002, 3.7387580E+002, 3.8720867E+002, 2.5952677E+002
 2.5600566E+003, 8.4417807E+001, 8.2918431E+001, 8.5672754E+001, 9.0624265E+001, 1.0154830E+002, 8.3257216E+001, 8.4865446E+001, 8.2798622E+001, 9.0433225E+001, 9.5896951E+001, 1.0962143E+002, 8.3385558E+001, 8.1919455E+001, 7.8625883E+001, 8.6667152E+001, 9.3210106E+001, 1.0573460E+002, 9.6420187E+001, 7.6891768E+001, 7.6089688E+001, 8.7392108E+001, 9.6995874E+001, 9.8744040E+001, 9.2437942E+001, 7.3618006E+001, 7.5787942E+001, 8.1315215E+001, 8.6985406E+001, 9.0829145E+001, 7.1577837E+001, 7.3291688E+001, 9.5367887E+001, 9.7708530E+001, 9.8743520E+001, 7.2667846E+001, 7.3127180E+001, 7.7290665E+001, 9.3583161E+001, 1.2115832E+002, 1.3675070E+002, 8.5005626E+001, 7.2954140E+001, 7.4124010E+001, 8.7647883E+001, 1.1825468E+002, 1.3848658E+002, 1.0545288E+002, 7.0577896E+001, 7.5525151E+001, 9.5829098E+001, 1.1736984E+002, 1.1810227E+002, 1.1611494E+002, 6.8127081E+001, 7.8336613E+001, 9.7475012E+001, 1.0882750E+002, 1.0615750E+002, 7.7554423E+001, 1.4674412E+002, 1.3653405E+002, 9.6813976E+001, 7.1925345E+001, 1.2783488E+002, 7.7293001E+001, 1.7499798E+002, 2.3596382E+002, 1.7883862E+002, 1.0731606E+002, 2.0748628E+002, 8.1735108E+001, 1.6530892E+002, 2.2299358E+002, 1.6491131E+002, 1.0146690E+002, 1.7967224E+002, 7.8345741E+001, 1.6221007E+002, 1.9659767E+002, 1.2130030E+002, 8.2338914E+001, 9.4689059E+001, 7.7932903E+001, 1.7850214E+002, 1.3945525E+002, 9.4620440E+001, 7.3022802E+001, 8.3379032E+001, 7.9451366E+001, 7.3263206E+001, 7.2208289E+001, 7.1315933E+001, 6.9782730E+001, 5.8061340E+001, 4.3916996E+001, 3.4284145E+001, 3.2127978E+001, 3.0525750E+001, 2.9683316E+001, 2.9179421E+001, 9.4831486E+001, 7.9146337E+001, 7.3861075E+001, 7.2568360E+001, 7.0644658E+001, 6.7334605E+001, 6.2274372E+001, 4.2847942E+001, 3.4179791E+001, 3.2039722E+001, 3.1042757E+001, 2.8348379E+001, 2.7364813E+001, 7.1380240E+001, 7.2918506E+001, 7.2934276E+001, 7.2971935E+001, 7.2591524E+001, 7.1655671E+001, 6.7828127E+001, 3.9916233E+001, 3.0898120E+001, 2.9743589E+001, 2.9566575E+001, 9.5003526E+001, 9.3854992E+001, 9.2070464E+001, 8.9134050E+001, 7.5494115E+001, 6.5382344E+001, 5.8337098E+001, 4.6228155E+001, 3.6771782E+001, 3.3488680E+001, 3.0760640E+001, 1.1402925E+002, 1.1021671E+002, 1.0879494E+002, 9.8230753E+001, 1.1771117E+002, 1.0894698E+002, 1.1489300E+002, 1.0446032E+002, 4.0744826E+002, 3.9189520E+002, 3.9092574E+002, 3.8028204E+002, 3.2493080E+002, 3.2096016E+002, 2.5952293E+002
 2.5800188E+003, 8.3759517E+001, 8.3386348E+001, 8.5430147E+001, 9.2293692E+001, 9.6508761E+001, 8.5141170E+001, 8.4662557E+001, 8.6668018E+001, 9.4510222E+001, 1.0413586E+002, 1.0925193E+002, 9.0665238E+001, 8.0844656E+001, 8.2499405E+001, 9.7849736E+001, 1.0760078E+002, 1.1318302E+002, 9.8768244E+001, 7.6405660E+001, 7.7731863E+001, 8.9217588E+001, 9.6736076E+001, 1.0919212E+002, 9.8771643E+001, 7.4194945E+001, 7.3660589E+001, 7.8624751E+001, 8.5027042E+001, 9.6071728E+001, 7.2732704E+001, 7.4607827E+001, 8.8887955E+001, 1.0225524E+002, 9.5994692E+001, 7.3224871E+001, 7.4330527E+001, 7.5540933E+001, 8.9942915E+001, 1.1522517E+002, 1.2951768E+002, 8.2096131E+001, 7.1997604E+001, 7.6864975E+001, 1.0463134E+002, 1.3906622E+002, 1.3904354E+002, 1.2310090E+002, 6.8901686E+001, 7.3293358E+001, 1.0274791E+002, 1.2386057E+002, 1.2870800E+002, 1.1859899E+002, 6.7373681E+001, 7.9966942E+001, 9.4356795E+001, 1.0252917E+002, 9.2975618E+001, 7.7094418E+001, 1.4543072E+002, 1.2055139E+002, 9.7168627E+001, 7.2667802E+001, 1.1051209E+002, 7.7010408E+001, 1.6275475E+002, 2.1641554E+002, 1.4573601E+002, 9.0429092E+001, 2.2706983E+002, 8.1774360E+001, 1.9013145E+002, 2.5819288E+002, 1.9175131E+002, 1.2182353E+002, 1.9692267E+002, 7.8916531E+001, 1.5808726E+002, 2.1201530E+002, 1.3055203E+002, 8.5905419E+001, 9.7695967E+001, 7.7965047E+001, 1.3868832E+002, 1.0835446E+002, 8.2629903E+001, 6.9884760E+001, 8.5345132E+001, 8.2328797E+001, 7.5238166E+001, 7.2521568E+001, 7.1922385E+001, 7.0540596E+001, 5.9743797E+001, 4.5595022E+001, 3.4138320E+001, 3.2325837E+001, 3.0570016E+001, 2.9942760E+001, 2.9103911E+001, 9.3913989E+001, 8.5018401E+001, 7.3659673E+001, 7.2835670E+001, 7.0815319E+001, 6.8798840E+001, 6.3021560E+001, 4.2092361E+001, 3.4161863E+001, 3.2329461E+001, 3.1537716E+001, 2.9534923E+001, 2.6763750E+001, 7.1539458E+001, 7.3096344E+001, 7.3481717E+001, 7.2691506E+001, 7.1345860E+001, 6.9840183E+001, 6.7721472E+001, 4.3277115E+001, 3.1377987E+001, 2.9845002E+001, 2.9578830E+001, 9.5305563E+001, 9.3799734E+001, 9.1405240E+001, 8.7985541E+001, 7.2573861E+001, 6.5260836E+001, 5.7593013E+001, 4.4600669E+001, 3.5519199E+001, 3.3317805E+001, 3.1301803E+001, 1.1463820E+002, 1.1067780E+002, 1.0945913E+002, 9.8808376E+001, 1.1839820E+002, 1.0946136E+002, 1.1550935E+002, 1.0498189E+002, 4.1112100E+002, 3.9806169E+002, 4.0273665E+002, 4.0750948E+002, 3.7737771E+002, 3.5573699E+002, 2.6023969E+002
 2.6000042E+003, 8.4967324E+001, 8.4510654E+001, 8.9006578E+001, 9.3022805E+001, 9.3394154E+001, 8.4445792E+001, 8.4031732E+001, 8.4840780E+001, 8.8023399E+001, 9.5352229E+001, 9.6982910E+001, 8.6683031E+001, 7.9313183E+001, 8.1142241E+001, 9.1956860E+001, 1.0271557E+002, 1.1025595E+002, 1.0254292E+002, 7.6790538E+001, 8.0481583E+001, 9.2813702E+001, 1.0704110E+002, 1.1148245E+002, 1.0403411E+002, 7.5545258E+001, 7.7523568E+001, 8.1284607E+001, 9.2041496E+001, 9.6801351E+001, 7.4879504E+001, 7.9862204E+001, 1.0010387E+002, 9.0027632E+001, 8.3937429E+001, 7.4990275E+001, 7.4558408E+001, 7.5145482E+001, 8.8052404E+001, 1.0319533E+002, 1.0844787E+002, 7.6722359E+001, 7.3306138E+001, 7.3228695E+001, 8.9927317E+001, 1.2187459E+002, 1.3729001E+002, 1.1700266E+002, 7.0636632E+001, 7.7176282E+001, 1.0814176E+002, 1.2669183E+002, 1.3785151E+002, 1.2990220E+002, 7.1023114E+001, 8.6224038E+001, 9.9513942E+001, 1.1183996E+002, 1.0615662E+002, 7.6420466E+001, 1.5457730E+002, 1.1768595E+002, 9.4689872E+001, 7.5927262E+001, 1.1370404E+002, 7.8559523E+001, 1.6938710E+002, 2.1131971E+002, 1.3740016E+002, 8.8143910E+001, 2.0867441E+002, 7.8698424E+001, 1.5554916E+002, 2.2492864E+002, 1.8582901E+002, 1.1085190E+002, 2.0125910E+002, 7.9777083E+001, 1.5390078E+002, 2.2656152E+002, 1.6626168E+002, 9.5457837E+001, 1.0179060E+002, 7.8029058E+001, 1.8250004E+002, 1.3461439E+002, 9.9118660E+001, 7.7426985E+001, 8.5533207E+001, 8.3113084E+001, 7.4680700E+001, 7.2843322E+001, 7.1972326E+001, 6.8993437E+001, 5.6303355E+001, 4.4408289E+001, 3.5883593E+001, 3.2158779E+001, 3.0632917E+001, 3.0052727E+001, 2.9170234E+001, 9.5119226E+001, 8.7724835E+001, 7.3033920E+001, 7.2889123E+001, 6.9460070E+001, 6.7672588E+001, 5.7722064E+001, 4.4966912E+001, 3.4632556E+001, 3.2505241E+001, 3.1536777E+001, 2.9585968E+001, 2.7170885E+001, 7.1625242E+001, 7.2519373E+001, 7.3106681E+001, 7.2803042E+001, 7.1754268E+001, 6.8908007E+001, 6.5993010E+001, 3.7874315E+001, 3.0505850E+001, 2.9860528E+001, 2.9598833E+001, 9.6091458E+001, 9.5557735E+001, 9.3157445E+001, 8.8252945E+001, 7.8902765E+001, 6.5939351E+001, 5.9857073E+001, 4.4149472E+001, 3.3987512E+001, 3.1263145E+001, 2.9347339E+001, 1.1526235E+002, 1.1113268E+002, 1.1011072E+002, 9.9331203E+001, 1.1904254E+002, 1.0995913E+002, 1.1603064E+002, 1.0543859E+002, 4.1492854E+002, 4.0342937E+002, 3.9945012E+002, 3.9764947E+002, 3.6549226E+002, 4.3532368E+002, 2.6038298E+002
 2.6200153E+003, 8.3363452E+001, 8.6022117E+001, 8.8995924E+001, 9.2579840E+001, 1.0187740E+002, 8.3799031E+001, 8.2939384E+001, 8.5327727E+001, 8.8011290E+001, 9.5693441E+001, 1.0516486E+002, 8.6211585E+001, 8.2034771E+001, 8.4554597E+001, 8.8718120E+001, 9.2026603E+001, 1.0854057E+002, 9.0196790E+001, 8.0637825E+001, 8.0424848E+001, 8.6301041E+001, 9.4634634E+001, 1.0839407E+002, 1.0109374E+002, 8.0398007E+001, 8.0080017E+001, 8.3058150E+001, 8.9538390E+001, 9.2705741E+001, 7.4409605E+001, 7.7222325E+001, 9.8891175E+001, 1.0552131E+002, 1.0113032E+002, 7.5137792E+001, 7.5361839E+001, 7.5111990E+001, 9.0452822E+001, 1.0555642E+002, 1.2577665E+002, 7.5714152E+001, 7.3431615E+001, 7.3521863E+001, 8.6809723E+001, 1.1559466E+002, 1.3114095E+002, 1.0315126E+002, 7.0881566E+001, 7.4718982E+001, 9.8546979E+001, 1.3220731E+002, 1.3281446E+002, 1.2462221E+002, 7.1406157E+001, 8.0687925E+001, 9.8558051E+001, 9.9561550E+001, 1.0441936E+002, 7.6869515E+001, 1.5295207E+002, 1.3583282E+002, 1.0327292E+002, 8.5264557E+001, 1.2961994E+002, 8.0505000E+001, 1.7251221E+002, 2.2760864E+002, 1.5755069E+002, 9.8265138E+001, 2.0112924E+002, 8.3596124E+001, 1.7416657E+002, 1.9350609E+002, 1.5453593E+002, 1.0649098E+002, 1.9062646E+002, 8.2754280E+001, 1.7531519E+002, 2.1489930E+002, 1.4421679E+002, 8.7015846E+001, 9.8684761E+001, 8.1076805E+001, 1.6182464E+002, 1.3115832E+002, 9.3740490E+001, 6.7107117E+001, 8.4487205E+001, 8.0320947E+001, 7.4645189E+001, 7.3516238E+001, 7.2486573E+001, 6.9802163E+001, 6.1076662E+001, 4.5410052E+001, 3.8134661E+001, 3.1939889E+001, 3.0746543E+001, 2.9902712E+001, 2.8960895E+001, 9.4276999E+001, 8.5900292E+001, 7.3722374E+001, 7.1915848E+001, 6.9465945E+001, 6.7297331E+001, 5.7799053E+001, 4.5884005E+001, 3.5039808E+001, 3.2620875E+001, 3.1438571E+001, 2.8814554E+001, 2.7336635E+001, 7.3401439E+001, 7.4462108E+001, 7.5273343E+001, 7.4833481E+001, 7.2984169E+001, 6.9772232E+001, 6.5249240E+001, 4.4998213E+001, 3.1546830E+001, 3.0024431E+001, 2.9588966E+001, 9.2867761E+001, 9.3339892E+001, 9.3781739E+001, 8.9941073E+001, 7.7301358E+001, 6.5126545E+001, 5.9070272E+001, 4.8528896E+001, 3.4457002E+001, 3.2111852E+001, 3.0199749E+001, 1.1587381E+002, 1.1161771E+002, 1.1078012E+002, 9.9811008E+001, 1.1956066E+002, 1.1045711E+002, 1.1653471E+002, 1.0582890E+002, 4.2319822E+002, 4.0093228E+002, 3.9105322E+002, 3.6389675E+002, 3.0964314E+002, 2.8813052E+002, 2.6025266E+002
 2.6400034E+003, 8.1140883E+001, 8.2031230E+001, 8.6530812E+001, 9.5348685E+001, 1.0608429E+002, 8.1924517E+001, 8.2261255E+001, 8.2952853E+001, 8.4276218E+001, 9.5802167E+001, 1.1418616E+002, 8.2192401E+001, 8.0804888E+001, 8.1396295E+001, 8.2668527E+001, 9.6049313E+001, 1.1714412E+002, 8.9783001E+001, 7.9319887E+001, 7.9720250E+001, 8.3037308E+001, 9.6481505E+001, 1.0179340E+002, 8.7885839E+001, 7.6606276E+001, 7.7669860E+001, 7.7151651E+001, 8.0940331E+001, 8.2597915E+001, 7.3167895E+001, 7.5572550E+001, 9.2356798E+001, 1.0634438E+002, 1.1011338E+002, 7.3170235E+001, 7.2870888E+001, 7.4051080E+001, 9.3171007E+001, 1.1974289E+002, 1.4374920E+002, 7.5120872E+001, 7.2208778E+001, 7.3092699E+001, 8.8889215E+001, 1.2612229E+002, 1.3759016E+002, 1.0976631E+002, 7.0651309E+001, 7.6141242E+001, 9.5888674E+001, 1.3733749E+002, 1.2572535E+002, 1.0930123E+002, 7.0438618E+001, 8.1256096E+001, 9.4354410E+001, 9.6826577E+001, 8.6394242E+001, 7.6399041E+001, 1.4517114E+002, 1.1663771E+002, 9.7137720E+001, 7.7939995E+001, 1.3616044E+002, 7.8097845E+001, 1.7792500E+002, 2.5233651E+002, 1.9798020E+002, 1.2315507E+002, 2.2301933E+002, 8.2367666E+001, 1.7375714E+002, 2.2181792E+002, 1.5884477E+002, 9.7759609E+001, 1.9586565E+002, 7.8721959E+001, 1.5592648E+002, 2.1293795E+002, 1.4017548E+002, 8.3794522E+001, 9.8533670E+001, 7.7112908E+001, 1.4906236E+002, 1.1866675E+002, 8.1949493E+001, 6.6011331E+001, 8.7791862E+001, 8.3134986E+001, 7.6042055E+001, 7.4000122E+001, 7.3190676E+001, 6.9400405E+001, 5.7969837E+001, 4.2736142E+001, 3.8431074E+001, 3.1882412E+001, 3.0769600E+001, 3.0064813E+001, 2.9607725E+001, 9.2323314E+001, 8.1445553E+001, 7.3058195E+001, 7.1389951E+001, 6.9551855E+001, 6.7102159E+001, 5.9414786E+001, 4.4058476E+001, 3.5086605E+001, 3.2757327E+001, 3.0653948E+001, 2.7657245E+001, 2.7054957E+001, 7.3341274E+001, 7.4772476E+001, 7.5209184E+001, 7.4958306E+001, 7.4208166E+001, 7.1902114E+001, 6.0031134E+001, 4.4818146E+001, 3.2301976E+001, 3.0082877E+001, 2.9798774E+001, 9.4565322E+001, 9.4769445E+001, 9.4022929E+001, 8.3350198E+001, 7.1579882E+001, 6.6192704E+001, 6.0636984E+001, 4.7230423E+001, 3.6250539E+001, 3.2790291E+001, 3.1106831E+001, 1.1645030E+002, 1.1211396E+002, 1.1143333E+002, 1.0026247E+002, 1.2007303E+002, 1.1095951E+002, 1.1706166E+002, 1.0623604E+002, 4.1557209E+002, 3.9822337E+002, 3.9405661E+002, 3.7445149E+002, 3.1774343E+002, 3.0631229E+002, 2.6087819E+002
 2.6600505E+003, 8.2387096E+001, 8.4255376E+001, 8.5730524E+001, 9.0109221E+001, 9.9278769E+001, 8.4117052E+001, 8.2602495E+001, 8.4228680E+001, 8.6203543E+001, 9.2782003E+001, 1.0815802E+002, 8.6601190E+001, 8.2000459E+001, 8.5346468E+001, 8.8186298E+001, 1.0603190E+002, 1.2504313E+002, 9.5445846E+001, 7.9225430E+001, 8.4633719E+001, 8.8266980E+001, 1.0067791E+002, 1.0605314E+002, 9.3608811E+001, 7.6268889E+001, 7.5996902E+001, 7.8514352E+001, 8.6479851E+001, 8.8443755E+001, 7.3540924E+001, 7.5677476E+001, 9.9137884E+001, 9.7372461E+001, 8.8334545E+001, 7.3992527E+001, 7.3879511E+001, 7.5091972E+001, 8.9685832E+001, 1.2693105E+002, 1.3187899E+002, 8.1333412E+001, 7.2956058E+001, 7.4108846E+001, 9.2494436E+001, 1.4661106E+002, 1.4886692E+002, 1.1685552E+002, 7.2127884E+001, 7.8489335E+001, 9.5318586E+001, 1.2745059E+002, 1.2924343E+002, 1.0841817E+002, 7.2580355E+001, 8.4479637E+001, 9.4501939E+001, 9.2346801E+001, 9.3635998E+001, 7.8435098E+001, 1.5064528E+002, 1.0136633E+002, 7.5233423E+001, 6.9417683E+001, 1.2042599E+002, 7.9418608E+001, 1.4274984E+002, 1.9855574E+002, 1.3643681E+002, 9.3714768E+001, 2.3257511E+002, 8.7045281E+001, 2.3887318E+002, 2.8906391E+002, 2.3784799E+002, 1.4163896E+002, 2.2748795E+002, 8.0014956E+001, 1.5459425E+002, 1.8983277E+002, 1.2219092E+002, 8.7558865E+001, 8.6730252E+001, 7.8427384E+001, 1.3696628E+002, 9.8788350E+001, 7.8876895E+001, 7.1002672E+001, 8.6212988E+001, 8.2381086E+001, 7.5373666E+001, 7.4153878E+001, 7.3140183E+001, 6.9845159E+001, 5.9553524E+001, 4.4546121E+001, 3.8473673E+001, 3.2254663E+001, 3.1108899E+001, 3.0159392E+001, 2.9618053E+001, 9.6073253E+001, 8.2987823E+001, 7.4331834E+001, 7.3249664E+001, 6.9989846E+001, 6.7366691E+001, 6.0038704E+001, 4.6275212E+001, 3.5347535E+001, 3.3044189E+001, 3.1461383E+001, 2.9278915E+001, 2.8083913E+001, 7.3136285E+001, 7.4166052E+001, 7.5013312E+001, 7.4614018E+001, 7.3854574E+001, 7.2699811E+001, 7.0019716E+001, 4.2522254E+001, 3.1176546E+001, 3.0154972E+001, 2.9987636E+001, 9.7011328E+001, 9.7380647E+001, 9.6387753E+001, 9.2673931E+001, 8.3186325E+001, 7.1981381E+001, 6.0567366E+001, 4.4162365E+001, 3.6165871E+001, 3.3752950E+001, 3.1938135E+001, 1.1702049E+002, 1.1255684E+002, 1.1205629E+002, 1.0073302E+002, 1.2056978E+002, 1.1138033E+002, 1.1762942E+002, 1.0665571E+002, 4.1085131E+002, 3.8933950E+002, 3.8865295E+002, 3.8047699E+002, 3.2732553E+002, 3.4464659E+002, 2.6161052E+002
 2.6800183E+003, 7.9983780E+001, 8.1415368E+001, 8.5549936E+001, 9.3680936E+001, 9.3974738E+001, 7.9937186E+001, 7.9839568E+001, 8.1759664E+001, 8.5559077E+001, 9.6290491E+001, 1.0521015E+002, 8.2617165E+001, 8.1615424E+001, 8.2152221E+001, 8.5383724E+001, 9.8075487E+001, 1.1839004E+002, 9.0050948E+001, 8.1347648E+001, 7.9788458E+001, 8.6844482E+001, 9.7022710E+001, 1.1014753E+002, 9.8142412E+001, 7.7272512E+001, 7.7005194E+001, 8.3804578E+001, 9.0411425E+001, 9.6777206E+001, 7.1978649E+001, 7.6045293E+001, 9.2366391E+001, 9.0678092E+001, 8.8088917E+001, 7.2950989E+001, 7.3184370E+001, 7.5957789E+001, 9.3995315E+001, 1.1638453E+002, 1.2592478E+002, 8.4016123E+001, 7.4657760E+001, 7.8948416E+001, 1.0654595E+002, 1.3852342E+002, 1.6238065E+002, 1.2043519E+002, 7.3396035E+001, 7.6150959E+001, 1.0193635E+002, 1.3031172E+002, 1.3159081E+002, 1.1265124E+002, 7.1751575E+001, 8.5544703E+001, 1.0296399E+002, 1.0126605E+002, 9.1368563E+001, 7.8489624E+001, 1.3486064E+002, 9.6836922E+001, 7.6282300E+001, 6.8122912E+001, 1.3790396E+002, 7.8975798E+001, 1.4583195E+002, 2.0786294E+002, 1.4156835E+002, 9.2347176E+001, 2.2417387E+002, 8.3861136E+001, 2.1754567E+002, 2.7277725E+002, 2.0707614E+002, 1.3180495E+002, 2.4224296E+002, 8.2713577E+001, 1.7401249E+002, 2.1618363E+002, 1.4030079E+002, 9.4011795E+001, 8.4910031E+001, 8.0790134E+001, 1.4391846E+002, 1.0341242E+002, 7.6033167E+001, 6.5380410E+001, 8.8254452E+001, 8.2347307E+001, 7.5914097E+001, 7.4416051E+001, 7.3571656E+001, 6.9985749E+001, 6.0055474E+001, 4.5977386E+001, 3.8452408E+001, 3.2794914E+001, 3.1423579E+001, 3.0071177E+001, 2.9366974E+001, 1.0025875E+002, 7.9231006E+001, 7.4999179E+001, 7.2237916E+001, 7.1417288E+001, 6.8654938E+001, 6.0338182E+001, 4.5551801E+001, 3.5095838E+001, 3.3173156E+001, 3.1632207E+001, 2.9506252E+001, 2.8274487E+001, 7.3706057E+001, 7.4004211E+001, 7.4340495E+001, 7.4924690E+001, 7.4523384E+001, 7.3177843E+001, 6.7887708E+001, 3.8515353E+001, 3.0742294E+001, 3.0164034E+001, 3.0008803E+001, 9.6651782E+001, 9.7095199E+001, 9.6863588E+001, 9.3798054E+001, 8.0153508E+001, 6.5731788E+001, 5.9444869E+001, 4.7481287E+001, 3.5426419E+001, 3.2182400E+001, 3.1971998E+001, 1.1759470E+002, 1.1300117E+002, 1.1265383E+002, 1.0116923E+002, 1.2101746E+002, 1.1174493E+002, 1.1815224E+002, 1.0707222E+002, 4.1022470E+002, 3.9242199E+002, 3.8845791E+002, 3.9130253E+002, 3.4348731E+002, 2.8708002E+002, 2.6169121E+002
 2.7000130E+003, 8.1612058E+001, 8.1752658E+001, 8.7818819E+001, 9.7035570E+001, 1.0265948E+002, 8.1869633E+001, 8.2250905E+001, 8.4224957E+001, 8.8142551E+001, 1.0893825E+002, 1.1571406E+002, 8.6391740E+001, 8.3075295E+001, 8.4630789E+001, 8.9514659E+001, 1.0470494E+002, 1.1727473E+002, 9.3764833E+001, 7.9668345E+001, 8.0023836E+001, 8.4408616E+001, 9.4476849E+001, 1.0018800E+002, 9.3191546E+001, 7.7003775E+001, 7.7954519E+001, 8.2802014E+001, 8.9990356E+001, 9.7272062E+001, 7.3733513E+001, 7.6051271E+001, 9.7365676E+001, 1.0916772E+002, 1.0746301E+002, 7.4977722E+001, 7.4847474E+001, 7.7121657E+001, 9.5922983E+001, 1.2560662E+002, 1.3466976E+002, 8.2193638E+001, 7.4338108E+001, 7.7640106E+001, 9.8322822E+001, 1.2828612E+002, 1.2556951E+002, 1.1655086E+002, 7.3143938E+001, 7.6582541E+001, 1.0041608E+002, 1.1845325E+002, 1.2249346E+002, 1.1759761E+002, 7.3183285E+001, 7.9197931E+001, 9.4463599E+001, 1.0637464E+002, 1.0547408E+002, 7.7012395E+001, 1.5871549E+002, 1.3656134E+002, 9.9722910E+001, 7.4828580E+001, 1.3398074E+002, 8.1898809E+001, 1.6952771E+002, 2.1250240E+002, 1.4229303E+002, 8.8075439E+001, 2.2263304E+002, 8.7030751E+001, 1.9681880E+002, 2.2751669E+002, 1.8061533E+002, 1.1784110E+002, 1.8456237E+002, 7.9926288E+001, 1.5814523E+002, 1.8398872E+002, 1.3585754E+002, 8.7150540E+001, 1.0797359E+002, 8.0241829E+001, 1.8120702E+002, 1.4705471E+002, 1.0012969E+002, 7.1872261E+001, 8.5455785E+001, 8.2509377E+001, 7.6812994E+001, 7.4524665E+001, 7.4062697E+001, 7.1225390E+001, 5.9215082E+001, 4.3601131E+001, 3.8147526E+001, 3.2749594E+001, 3.1282297E+001, 3.0052181E+001, 2.9570377E+001, 9.6599902E+001, 8.4652933E+001, 7.4741686E+001, 7.1597722E+001, 7.1029854E+001, 6.8679826E+001, 5.9792013E+001, 4.5671499E+001, 3.5543412E+001, 3.3220753E+001, 3.1345017E+001, 2.8494060E+001, 2.7296105E+001, 7.2138032E+001, 7.4047199E+001, 7.5297753E+001, 7.5159826E+001, 7.4586479E+001, 7.3141816E+001, 6.9112952E+001, 4.1129472E+001, 3.1347201E+001, 3.0318423E+001, 3.0057197E+001, 9.5126838E+001, 9.5816441E+001, 9.6247264E+001, 8.8987352E+001, 7.2222666E+001, 6.5109136E+001, 5.9958596E+001, 4.7175719E+001, 3.5842540E+001, 3.1065736E+001, 3.0421091E+001, 1.1814430E+002, 1.1339182E+002, 1.1321594E+002, 1.0155256E+002, 1.2146705E+002, 1.1208459E+002, 1.1859868E+002, 1.0752042E+002, 4.0472855E+002, 3.8663402E+002, 3.8589779E+002, 3.9128900E+002, 3.9254796E+002, 4.2477799E+002, 2.6112077E+002
 2.7200214E+003, 8.5021789E+001, 8.7375827E+001, 9.0917312E+001, 9.5711167E+001, 1.0076424E+002, 8.7003243E+001, 8.6352214E+001, 8.8982968E+001, 9.0176599E+001, 9.8938276E+001, 1.0432216E+002, 9.1195081E+001, 8.5370727E+001, 9.0051487E+001, 9.4411124E+001, 1.0200667E+002, 1.0706877E+002, 9.8361142E+001, 8.5424668E+001, 9.1106817E+001, 9.6785592E+001, 1.0040082E+002, 1.1104151E+002, 1.0371639E+002, 7.9264438E+001, 8.1687616E+001, 8.4933230E+001, 9.5159347E+001, 1.0196771E+002, 7.5367278E+001, 7.8508497E+001, 9.6627276E+001, 1.0033126E+002, 1.0011089E+002, 7.5844923E+001, 7.5743799E+001, 7.8078264E+001, 9.8906362E+001, 1.2312632E+002, 1.4258226E+002, 9.0084892E+001, 7.5235199E+001, 7.8773937E+001, 9.7137740E+001, 1.2443302E+002, 1.3680014E+002, 1.1660971E+002, 7.4749958E+001, 8.1706283E+001, 1.0531449E+002, 1.2260480E+002, 1.2849426E+002, 1.2356453E+002, 7.2960468E+001, 8.2275501E+001, 1.0217491E+002, 1.1183593E+002, 1.0782760E+002, 8.0396919E+001, 1.5878969E+002, 1.2809041E+002, 9.9793714E+001, 7.8665379E+001, 1.3598401E+002, 8.2060076E+001, 1.8726508E+002, 2.4491343E+002, 1.8206266E+002, 1.1023020E+002, 2.1003395E+002, 8.5145986E+001, 1.7251308E+002, 2.0973311E+002, 1.5586435E+002, 1.0170100E+002, 2.0763173E+002, 9.3047879E+001, 2.0081356E+002, 2.3678794E+002, 1.5253968E+002, 9.7650938E+001, 9.5772559E+001, 8.2150031E+001, 1.7084354E+002, 1.2811521E+002, 9.3438486E+001, 7.4358670E+001, 9.0282675E+001, 8.4649142E+001, 7.7670653E+001, 7.4422385E+001, 7.3994541E+001, 7.1786689E+001, 6.2646223E+001, 4.2140673E+001, 3.7371987E+001, 3.2902193E+001, 3.1689925E+001, 3.0300454E+001, 2.9316648E+001, 9.5408711E+001, 8.3864948E+001, 7.4625114E+001, 7.5034902E+001, 7.1259396E+001, 6.9272074E+001, 6.0492716E+001, 4.3286496E+001, 3.4602591E+001, 3.3029328E+001, 3.1219182E+001, 2.7732352E+001, 2.7307749E+001, 7.3143449E+001, 7.4298176E+001, 7.5424868E+001, 7.4816132E+001, 7.3577433E+001, 7.2606598E+001, 7.0975094E+001, 3.8496403E+001, 3.1551071E+001, 3.0523691E+001, 3.0226294E+001, 9.6684702E+001, 9.6271502E+001, 9.4803722E+001, 9.2342588E+001, 8.3634051E+001, 7.0176561E+001, 6.0751223E+001, 4.6785797E+001, 3.6867389E+001, 3.1405778E+001, 3.0170086E+001, 1.1872635E+002, 1.1379482E+002, 1.1370554E+002, 1.0191033E+002, 1.2199464E+002, 1.1246131E+002, 1.1910346E+002, 1.0792569E+002, 4.2662517E+002, 3.9948896E+002, 3.9961936E+002, 4.0546590E+002, 3.8475356E+002, 4.3758333E+002, 2.6185710E+002
 2.7400251E+003, 8.6152047E+001, 8.5007333E+001, 9.0084225E+001, 1.0310450E+002, 1.0903508E+002, 8.5497033E+001, 8.5863051E+001, 8.4380300E+001, 9.1234165E+001, 1.1060773E+002, 1.2800440E+002, 8.5896720E+001, 8.2788628E+001, 8.5606067E+001, 9.8621058E+001, 1.1917078E+002, 1.3635552E+002, 1.1655384E+002, 8.0709132E+001, 8.8515249E+001, 1.0645822E+002, 1.2019130E+002, 1.1945413E+002, 1.0887510E+002, 7.7204981E+001, 8.3413772E+001, 8.8112962E+001, 9.4027204E+001, 9.5594402E+001, 7.4425554E+001, 7.9261430E+001, 1.1092166E+002, 1.1125912E+002, 1.0860926E+002, 7.6197585E+001, 7.6086144E+001, 7.8299198E+001, 9.7624516E+001, 1.5327090E+002, 1.5392076E+002, 8.1180290E+001, 7.5507130E+001, 7.8915165E+001, 1.0372122E+002, 1.3993619E+002, 1.6921641E+002, 1.4238993E+002, 7.4483586E+001, 8.8013792E+001, 1.4041427E+002, 1.6175847E+002, 1.3874108E+002, 1.3877011E+002, 7.2827651E+001, 8.8792854E+001, 1.0323082E+002, 1.1013327E+002, 1.1268349E+002, 8.2977328E+001, 2.1821171E+002, 1.7796307E+002, 1.3712623E+002, 9.1395026E+001, 1.3082743E+002, 8.2355763E+001, 1.8438050E+002, 2.8179292E+002, 2.0779187E+002, 1.1799358E+002, 2.3142749E+002, 8.5209151E+001, 1.9106829E+002, 2.6007421E+002, 2.0745421E+002, 1.2482008E+002, 2.5848926E+002, 9.1994444E+001, 2.5700829E+002, 3.0611716E+002, 1.9891697E+002, 1.2287996E+002, 1.3547092E+002, 9.2654286E+001, 1.9409159E+002, 1.5900984E+002, 1.1145369E+002, 8.5549034E+001, 9.0502413E+001, 8.7205352E+001, 7.7485940E+001, 7.4821041E+001, 7.3012054E+001, 7.1577315E+001, 6.2036929E+001, 4.6454858E+001, 3.7316781E+001, 3.2908457E+001, 3.1981061E+001, 3.0214498E+001, 2.9777687E+001, 9.8126437E+001, 8.2518151E+001, 7.5178505E+001, 7.4055325E+001, 7.1199693E+001, 6.9656460E+001, 6.2304963E+001, 4.4976501E+001, 3.4696016E+001, 3.3306274E+001, 3.1594314E+001, 2.9254535E+001, 2.7304749E+001, 7.1962837E+001, 7.4417742E+001, 7.5683711E+001, 7.5230138E+001, 7.3937950E+001, 7.2196055E+001, 6.9553893E+001, 4.1308538E+001, 3.1291612E+001, 3.0672678E+001, 3.0406222E+001, 9.9727901E+001, 9.9050420E+001, 9.7362598E+001, 9.3391000E+001, 8.4611751E+001, 7.2779609E+001, 6.1270805E+001, 4.7480181E+001, 3.7076441E+001, 3.2762776E+001, 3.0088684E+001, 1.1954633E+002, 1.1440230E+002, 1.1439597E+002, 1.0242671E+002, 1.2307892E+002, 1.1313429E+002, 1.1990866E+002, 1.0854800E+002, 5.7809897E+002, 5.3224248E+002, 5.1291611E+002, 5.1301741E+002, 5.0559423E+002, 4.6785118E+002, 2.7087722E+002
 2.7600415E+003, 8.5738957E+001, 8.4515876E+001, 9.5870532E+001, 1.0832943E+002, 1.1449394E+002, 8.5364780E+001, 8.4723562E+001, 8.9728250E+001, 9.6515862E+001, 1.0822699E+002, 1.2100440E+002, 9.4010859E+001, 8.4021576E+001, 8.7724311E+001, 9.8273495E+001, 1.1418590E+002, 1.2238211E+002, 1.0521404E+002, 8.1571416E+001, 8.3626904E+001, 9.4905155E+001, 1.1288463E+002, 1.2194657E+002, 1.0766635E+002, 7.9622175E+001, 8.1263036E+001, 8.5523154E+001, 9.1795850E+001, 1.0380378E+002, 7.3500572E+001, 8.7256911E+001, 1.2577942E+002, 1.2635853E+002, 1.3103272E+002, 7.7350518E+001, 7.4188980E+001, 7.8604424E+001, 1.0271385E+002, 1.4751088E+002, 1.7533010E+002, 9.5932175E+001, 7.4885420E+001, 7.6491486E+001, 9.9334759E+001, 1.2331787E+002, 1.5681204E+002, 1.2103306E+002, 7.4268796E+001, 7.9340476E+001, 1.1326915E+002, 1.4346614E+002, 1.4531748E+002, 1.3663264E+002, 7.4323059E+001, 9.2823478E+001, 1.0575869E+002, 1.1546522E+002, 1.2719354E+002, 8.8816016E+001, 2.5745510E+002, 1.9471246E+002, 1.3218850E+002, 9.5428780E+001, 1.7303430E+002, 8.6080716E+001, 2.5564309E+002, 3.2209976E+002, 2.2601814E+002, 1.2683480E+002, 2.8067029E+002, 8.6991738E+001, 1.9475097E+002, 2.4908336E+002, 1.8977155E+002, 1.2098225E+002, 2.1596798E+002, 8.9659423E+001, 2.1526505E+002, 2.5150665E+002, 1.8510909E+002, 1.0900942E+002, 1.1746711E+002, 9.7122251E+001, 2.4331407E+002, 1.7840984E+002, 1.1543877E+002, 8.2892702E+001, 9.4596944E+001, 8.5857302E+001, 7.7298515E+001, 7.4743167E+001, 7.3737229E+001, 7.2671088E+001, 5.9880055E+001, 4.6636489E+001, 3.6946509E+001, 3.2946771E+001, 3.1697546E+001, 3.0882657E+001, 3.0453011E+001, 1.0959104E+002, 8.6011810E+001, 7.5929546E+001, 7.5503510E+001, 7.1694545E+001, 6.8892228E+001, 6.2211826E+001, 4.6245438E+001, 3.6250912E+001, 3.3621885E+001, 3.2667733E+001, 3.0095308E+001, 2.7629064E+001, 7.6013610E+001, 7.7197737E+001, 7.8574262E+001, 7.8411854E+001, 7.6999145E+001, 7.4222679E+001, 7.0650037E+001, 4.1441243E+001, 3.1168909E+001, 3.0682892E+001, 3.0362639E+001, 1.0823323E+002, 1.0786728E+002, 1.0787671E+002, 1.0278609E+002, 9.0518238E+001, 7.5099681E+001, 5.9610086E+001, 4.5534261E+001, 3.7337830E+001, 3.4678956E+001, 3.0930558E+001, 1.2113506E+002, 1.1549127E+002, 1.1588313E+002, 1.0335409E+002, 1.2526130E+002, 1.1429757E+002, 1.2161167E+002, 1.0958421E+002, 6.2115534E+002, 5.7110507E+002, 5.6862121E+002, 5.8002247E+002, 6.4853096E+002, 7.0060288E+002, 2.8238160E+002
 2.7800443E+003, 9.1603991E+001, 9.0913381E+001, 9.5259641E+001, 1.0819702E+002, 1.2349595E+002, 9.2729713E+001, 9.3299750E+001, 9.3486939E+001, 9.6633507E+001, 1.1249134E+002, 1.2527266E+002, 9.0604530E+001, 9.0906964E+001, 8.6431738E+001, 9.0330624E+001, 1.1480481E+002, 1.3207398E+002, 1.0681333E+002, 8.4885766E+001, 8.2605789E+001, 9.7037055E+001, 1.1869629E+002, 1.3732981E+002, 1.3220025E+002, 8.1404759E+001, 7.9001631E+001, 8.7077202E+001, 1.1705002E+002, 1.1618733E+002, 7.5973981E+001, 8.2153954E+001, 1.1110342E+002, 1.3353393E+002, 1.3416748E+002, 7.6645287E+001, 7.6460058E+001, 7.7335993E+001, 9.5110719E+001, 1.5436897E+002, 1.6428860E+002, 8.2531926E+001, 7.6188234E+001, 7.7884720E+001, 9.7973517E+001, 1.4011177E+002, 1.6610365E+002, 1.2137767E+002, 7.4660876E+001, 7.9448577E+001, 1.0800691E+002, 1.4919932E+002, 1.6941823E+002, 1.5561518E+002, 7.4196339E+001, 8.3722968E+001, 1.2334624E+002, 1.3853730E+002, 1.2889950E+002, 8.3272431E+001, 2.3033792E+002, 2.0808019E+002, 1.3522316E+002, 9.2148535E+001, 1.5833470E+002, 8.4058488E+001, 1.9668429E+002, 2.5856591E+002, 1.8503481E+002, 1.0516352E+002, 2.5926967E+002, 9.0639969E+001, 2.2697508E+002, 2.9191703E+002, 2.2169194E+002, 1.4307436E+002, 2.9414924E+002, 9.2865330E+001, 2.3765441E+002, 3.3596172E+002, 2.3456726E+002, 1.3284552E+002, 1.3625648E+002, 8.9580780E+001, 2.3821865E+002, 1.7587086E+002, 1.1494764E+002, 8.5401605E+001, 1.0240625E+002, 8.6390685E+001, 7.7607848E+001, 7.4913813E+001, 7.4299675E+001, 7.1825060E+001, 6.2405344E+001, 4.9143942E+001, 3.7512573E+001, 3.3668342E+001, 3.1876592E+001, 3.0783834E+001, 3.0014704E+001, 1.0673644E+002, 8.9004801E+001, 7.7958568E+001, 7.5998205E+001, 7.2119347E+001, 6.9125637E+001, 6.2332971E+001, 4.8047313E+001, 3.7152419E+001, 3.3718732E+001, 3.2906535E+001, 3.0885551E+001, 2.8059143E+001, 8.0941552E+001, 8.1592502E+001, 8.2033104E+001, 8.0964037E+001, 7.9681284E+001, 7.7346706E+001, 7.0198789E+001, 4.4149417E+001, 3.1153244E+001, 3.0710207E+001, 3.0563507E+001, 1.0662141E+002, 1.0557353E+002, 1.0474353E+002, 9.8020498E+001, 8.2442468E+001, 7.1842707E+001, 6.1690523E+001, 4.7587833E+001, 3.7420780E+001, 3.4915251E+001, 3.1029724E+001, 1.2372028E+002, 1.1708521E+002, 1.1834888E+002, 1.0472957E+002, 1.2846817E+002, 1.1589501E+002, 1.2436725E+002, 1.1108200E+002, 6.4120011E+002, 5.9763669E+002, 5.9448173E+002, 6.1075467E+002, 6.3014526E+002, 6.1250996E+002, 2.9432414E+002
 2.8000261E+003, 9.0758455E+001, 9.3460396E+001, 1.0226188E+002, 1.1667069E+002, 1.3591392E+002, 9.0964476E+001, 8.9081169E+001, 9.4213780E+001, 1.0161050E+002, 1.1430156E+002, 1.3720883E+002, 9.5548075E+001, 8.9177630E+001, 9.1380018E+001, 9.7660743E+001, 1.1786533E+002, 1.3929019E+002, 1.1072481E+002, 8.4556055E+001, 8.8467457E+001, 1.0499692E+002, 1.1225280E+002, 1.2896710E+002, 1.1397202E+002, 8.2742171E+001, 8.3821668E+001, 9.0173470E+001, 1.0300850E+002, 1.1042853E+002, 7.5845076E+001, 8.0927213E+001, 1.1431833E+002, 1.3565485E+002, 1.3485404E+002, 7.6037732E+001, 7.6299748E+001, 7.8169672E+001, 1.0941782E+002, 1.6685080E+002, 1.6766095E+002, 9.1842705E+001, 7.7094743E+001, 8.2614860E+001, 1.1049133E+002, 1.6437606E+002, 1.6702504E+002, 1.4119987E+002, 7.6717778E+001, 8.4117464E+001, 1.0679916E+002, 1.5198765E+002, 1.7355934E+002, 1.4182683E+002, 7.6574721E+001, 9.2166848E+001, 1.0838989E+002, 1.1471907E+002, 1.2163447E+002, 9.1630010E+001, 2.3335223E+002, 1.8271919E+002, 1.2211879E+002, 9.4129254E+001, 1.5137482E+002, 9.2568701E+001, 2.2692642E+002, 3.1351249E+002, 2.0576058E+002, 1.1855891E+002, 3.2295468E+002, 1.1116669E+002, 2.8837436E+002, 3.6251593E+002, 2.6797782E+002, 1.6112298E+002, 2.9920380E+002, 9.2987353E+001, 2.3966738E+002, 3.0628015E+002, 2.0717705E+002, 1.2214517E+002, 1.2573555E+002, 9.4947241E+001, 2.1324573E+002, 1.6072575E+002, 1.0875396E+002, 7.7397833E+001, 9.7000268E+001, 8.4823674E+001, 7.7048727E+001, 7.5863141E+001, 7.4771099E+001, 7.2020464E+001, 6.4564055E+001, 4.9270404E+001, 3.7257576E+001, 3.3417874E+001, 3.1707590E+001, 3.0731003E+001, 3.0358565E+001, 1.0748260E+002, 9.2949756E+001, 7.8000331E+001, 7.6424700E+001, 7.2108713E+001, 7.0647094E+001, 6.3755989E+001, 4.8134987E+001, 3.6995565E+001, 3.3937049E+001, 3.2414627E+001, 3.1087581E+001, 2.8153720E+001, 8.4520260E+001, 8.5759556E+001, 8.5222120E+001, 8.4116245E+001, 8.1890208E+001, 7.9407830E+001, 7.2019388E+001, 4.4942275E+001, 3.1275176E+001, 3.0859306E+001, 3.0709276E+001, 1.1353017E+002, 1.1257608E+002, 1.1017418E+002, 1.0459249E+002, 8.7931192E+001, 7.2790474E+001, 6.3595942E+001, 5.1028142E+001, 3.7190071E+001, 3.4916907E+001, 3.1684665E+001, 1.2719409E+002, 1.1909895E+002, 1.2167591E+002, 1.0644876E+002, 1.3246173E+002, 1.1779818E+002, 1.2803990E+002, 1.1294711E+002, 6.3957129E+002, 5.9275701E+002, 5.9061797E+002, 6.0268651E+002, 5.8769550E+002, 5.1499834E+002, 3.0440517E+002
 2.8200218E+003, 9.1109041E+001, 9.0439038E+001, 9.9968505E+001, 1.0888655E+002, 1.1823815E+002, 9.0394240E+001, 9.0343144E+001, 9.1124283E+001, 1.0116154E+002, 1.1205234E+002, 1.3052658E+002, 9.3761424E+001, 8.5629237E+001, 8.8515225E+001, 9.7172191E+001, 1.1732030E+002, 1.3571574E+002, 1.0775946E+002, 8.1703414E+001, 8.7091246E+001, 9.9991884E+001, 1.1017570E+002, 1.2765514E+002, 1.1596277E+002, 7.9995162E+001, 8.4016288E+001, 9.4806919E+001, 1.0189010E+002, 1.0595751E+002, 7.7290809E+001, 8.2799004E+001, 1.1384332E+002, 1.1930578E+002, 1.3806292E+002, 7.9209152E+001, 7.8991615E+001, 8.2829856E+001, 1.1065057E+002, 1.5709167E+002, 1.7308807E+002, 9.6435440E+001, 7.8315289E+001, 7.9774737E+001, 1.0130201E+002, 1.4903902E+002, 1.8538836E+002, 1.1446046E+002, 7.5879779E+001, 7.7208075E+001, 9.7440291E+001, 1.4032010E+002, 1.5990485E+002, 1.4738525E+002, 7.6359310E+001, 8.9092998E+001, 1.2743789E+002, 1.2994415E+002, 1.1666641E+002, 9.4376325E+001, 2.2645052E+002, 1.8582962E+002, 1.2252062E+002, 9.4290024E+001, 1.6126289E+002, 9.3301367E+001, 2.1954887E+002, 3.2075620E+002, 2.5339544E+002, 1.3585160E+002, 3.1329383E+002, 1.0049779E+002, 2.3537593E+002, 3.3702422E+002, 2.4471133E+002, 1.3527972E+002, 2.9820052E+002, 1.0388021E+002, 2.4794280E+002, 3.1377128E+002, 1.9520238E+002, 1.1694423E+002, 1.1535635E+002, 1.0436465E+002, 2.1910252E+002, 1.5700190E+002, 1.0637789E+002, 8.5629438E+001, 1.0055509E+002, 9.4960694E+001, 8.1792789E+001, 7.7491887E+001, 7.6914281E+001, 7.4744125E+001, 6.8351998E+001, 5.0216679E+001, 3.6273971E+001, 3.3785635E+001, 3.1599335E+001, 3.1190476E+001, 3.0568203E+001, 1.0807015E+002, 9.7145737E+001, 8.0330837E+001, 7.7839680E+001, 7.5606540E+001, 7.2507066E+001, 6.5326891E+001, 4.7711040E+001, 3.7269082E+001, 3.4284714E+001, 3.2849521E+001, 3.0351987E+001, 2.7778278E+001, 8.6192630E+001, 8.6587317E+001, 8.7260542E+001, 8.6100210E+001, 8.4304514E+001, 8.1672521E+001, 6.8108322E+001, 4.8145209E+001, 3.1353861E+001, 3.0907937E+001, 3.0805108E+001, 1.1790009E+002, 1.1740063E+002, 1.1703718E+002, 1.1352066E+002, 9.1304215E+001, 6.9524495E+001, 6.3253854E+001, 5.2019158E+001, 3.7314546E+001, 3.5461732E+001, 3.3313049E+001, 1.3128747E+002, 1.2132986E+002, 1.2559573E+002, 1.0845223E+002, 1.3680547E+002, 1.1987439E+002, 1.3243274E+002, 1.1504524E+002, 6.4164335E+002, 5.9521706E+002, 5.8609850E+002, 5.7465402E+002, 5.6417361E+002, 5.1436011E+002, 3.1329840E+002
 2.8400242E+003, 9.7384124E+001, 9.3771343E+001, 9.6347349E+001, 1.1037645E+002, 1.1664892E+002, 9.6141680E+001, 9.4364827E+001, 9.4131166E+001, 1.0959523E+002, 1.1961804E+002, 1.2817312E+002, 1.0089401E+002, 8.8218306E+001, 9.2644074E+001, 1.0680635E+002, 1.1753341E+002, 1.2239147E+002, 1.0402074E+002, 8.3012275E+001, 8.7084261E+001, 9.9301018E+001, 1.0564775E+002, 1.2315654E+002, 1.2039662E+002, 8.2691753E+001, 8.9124361E+001, 1.0302844E+002, 1.1459937E+002, 1.1783445E+002, 7.8760365E+001, 8.3868111E+001, 1.1315491E+002, 1.2549244E+002, 1.2834767E+002, 8.0665570E+001, 8.1207252E+001, 8.4874346E+001, 1.1716171E+002, 1.5958616E+002, 1.7291675E+002, 1.0284874E+002, 8.0747018E+001, 8.3833122E+001, 1.2589651E+002, 1.4717684E+002, 1.7132394E+002, 1.2735341E+002, 7.8385725E+001, 8.0538777E+001, 1.0521282E+002, 1.3939172E+002, 1.5846812E+002, 1.5230186E+002, 7.9198621E+001, 9.1623646E+001, 1.2807992E+002, 1.3627686E+002, 1.3688578E+002, 9.1155285E+001, 2.4536986E+002, 2.1582379E+002, 1.3769631E+002, 9.7207169E+001, 1.5363950E+002, 9.1161813E+001, 2.2455088E+002, 3.2487644E+002, 2.1658158E+002, 1.1844782E+002, 2.8984789E+002, 9.5526207E+001, 2.4050250E+002, 2.8436637E+002, 2.2350196E+002, 1.3303722E+002, 2.6587571E+002, 9.7089420E+001, 2.3290279E+002, 2.8068140E+002, 1.9237341E+002, 1.2274390E+002, 1.2685498E+002, 1.0527532E+002, 2.5435054E+002, 2.0588791E+002, 1.4253713E+002, 1.0345939E+002, 9.6862421E+001, 9.5468318E+001, 8.5959193E+001, 7.9727077E+001, 7.8388082E+001, 7.7211433E+001, 6.5173907E+001, 4.8204998E+001, 3.8326712E+001, 3.4229161E+001, 3.2205056E+001, 3.1189546E+001, 3.0240352E+001, 1.0648392E+002, 9.4534605E+001, 8.2798787E+001, 8.0212811E+001, 7.6360970E+001, 7.2954718E+001, 6.5713729E+001, 4.6658146E+001, 3.7646636E+001, 3.4701341E+001, 3.3163927E+001, 2.9867987E+001, 2.8390137E+001, 8.3046339E+001, 8.6449712E+001, 8.6648324E+001, 8.6079988E+001, 8.4163100E+001, 7.7751423E+001, 6.3720300E+001, 5.3662806E+001, 3.1839178E+001, 3.1226643E+001, 3.1196881E+001, 1.1264401E+002, 1.1315682E+002, 1.1253295E+002, 1.0541885E+002, 8.3320842E+001, 7.1118252E+001, 6.4304220E+001, 5.2264298E+001, 3.7210849E+001, 3.5099902E+001, 3.1536022E+001, 1.3581561E+002, 1.2375803E+002, 1.2994862E+002, 1.1065995E+002, 1.4154227E+002, 1.2211476E+002, 1.3721566E+002, 1.1736534E+002, 6.3084460E+002, 5.8231233E+002, 5.6318572E+002, 5.8043172E+002, 5.4835241E+002, 4.3310085E+002, 3.2115456E+002
 2.8600264E+003, 9.4293329E+001, 9.2483630E+001, 9.9852503E+001, 1.1543389E+002, 1.3282979E+002, 9.5030280E+001, 9.8143230E+001, 9.6278493E+001, 1.0681013E+002, 1.1783781E+002, 1.3574539E+002, 1.0248850E+002, 9.5976708E+001, 9.9953587E+001, 1.0975634E+002, 1.2538338E+002, 1.4423256E+002, 1.1199308E+002, 8.9955318E+001, 8.9293645E+001, 9.9520837E+001, 1.2100066E+002, 1.3133366E+002, 1.1734857E+002, 8.4724891E+001, 8.6678232E+001, 9.7095274E+001, 1.0406279E+002, 1.0675283E+002, 7.9579964E+001, 8.7693514E+001, 1.2704365E+002, 1.3153680E+002, 1.3743192E+002, 8.0891174E+001, 8.0883299E+001, 8.5716638E+001, 1.0879892E+002, 1.5737721E+002, 1.8606924E+002, 1.0325095E+002, 8.0968222E+001, 8.5678057E+001, 1.2169171E+002, 1.7708545E+002, 1.9011591E+002, 1.4441817E+002, 8.0339622E+001, 8.7235336E+001, 1.3080720E+002, 1.6772403E+002, 1.6705349E+002, 1.3837964E+002, 7.9792155E+001, 8.6846353E+001, 9.9779066E+001, 1.0897229E+002, 1.1053354E+002, 1.0285796E+002, 2.4007925E+002, 1.7727648E+002, 1.2726168E+002, 9.0265245E+001, 1.5839376E+002, 9.9377949E+001, 2.4233341E+002, 3.3684063E+002, 2.5688124E+002, 1.5287652E+002, 3.0563589E+002, 1.0410369E+002, 2.7419718E+002, 3.2440938E+002, 2.4308792E+002, 1.4161654E+002, 2.7477059E+002, 1.0033672E+002, 2.1029977E+002, 2.8125655E+002, 1.9235941E+002, 1.2615576E+002, 1.2910639E+002, 1.0994448E+002, 2.3975806E+002, 1.5248010E+002, 1.0102303E+002, 8.8444810E+001, 1.0032818E+002, 9.5627786E+001, 8.4091106E+001, 8.1491586E+001, 7.9632502E+001, 7.8491852E+001, 6.7807778E+001, 5.1068909E+001, 4.0342431E+001, 3.5502854E+001, 3.2684764E+001, 3.1894311E+001, 3.0515176E+001, 1.1483759E+002, 9.4043263E+001, 8.5046217E+001, 8.1690626E+001, 7.6864101E+001, 7.4241445E+001, 6.4473273E+001, 4.6533104E+001, 3.7181760E+001, 3.5100398E+001, 3.3557843E+001, 3.1454574E+001, 2.9902021E+001, 8.4166985E+001, 8.6431167E+001, 8.6753555E+001, 8.6127988E+001, 8.4426359E+001, 7.9432276E+001, 6.6177428E+001, 5.1712212E+001, 3.1954873E+001, 3.1563046E+001, 3.1464289E+001, 1.1558751E+002, 1.1632697E+002, 1.1483585E+002, 1.0758392E+002, 8.9027761E+001, 7.4001521E+001, 6.5621515E+001, 5.2544909E+001, 3.6820875E+001, 3.3432953E+001, 3.1184786E+001, 1.4066020E+002, 1.2630008E+002, 1.3460258E+002, 1.1298784E+002, 1.4667928E+002, 1.2452271E+002, 1.4234465E+002, 1.1982634E+002, 6.5172928E+002, 6.1986271E+002, 6.0884251E+002, 5.9287754E+002, 5.5628154E+002, 5.1554373E+002, 3.2843467E+002
 2.8800129E+003, 9.3802902E+001, 9.1666224E+001, 9.7559162E+001, 1.1883135E+002, 1.4659297E+002, 9.1913034E+001, 9.2160218E+001, 9.4582190E+001, 1.0518962E+002, 1.2910206E+002, 1.5330237E+002, 1.0109274E+002, 9.3843995E+001, 9.7888695E+001, 1.0827473E+002, 1.3017464E+002, 1.4601662E+002, 1.1736399E+002, 9.1922359E+001, 9.2847650E+001, 9.7897469E+001, 1.1353988E+002, 1.2725888E+002, 1.1210982E+002, 8.9395263E+001, 8.9355904E+001, 9.5706863E+001, 1.0483875E+002, 1.0645797E+002, 8.1399544E+001, 8.5582970E+001, 1.1477585E+002, 1.4527391E+002, 1.4465781E+002, 8.3040848E+001, 8.2726754E+001, 8.7382106E+001, 1.0456831E+002, 1.7101040E+002, 1.9258246E+002, 9.8156991E+001, 8.4406869E+001, 9.2248597E+001, 1.3028771E+002, 1.8492358E+002, 1.9200270E+002, 1.5930692E+002, 8.4214131E+001, 1.0340253E+002, 1.4225486E+002, 1.5276834E+002, 1.5190503E+002, 1.2556001E+002, 8.2582058E+001, 9.0395803E+001, 9.4879854E+001, 1.0074912E+002, 1.0094305E+002, 1.0053782E+002, 2.3615818E+002, 2.0581439E+002, 1.5264454E+002, 1.0550076E+002, 1.7972659E+002, 1.0540207E+002, 2.6093920E+002, 3.5706881E+002, 2.7823154E+002, 1.6076824E+002, 3.3313164E+002, 1.0500445E+002, 2.3556673E+002, 3.2645163E+002, 2.4612863E+002, 1.3540320E+002, 2.6901562E+002, 1.0444244E+002, 2.2662598E+002, 2.8276648E+002, 1.6219918E+002, 1.1392622E+002, 1.1616729E+002, 1.1385338E+002, 2.3393709E+002, 1.7538801E+002, 1.1691542E+002, 9.1195340E+001, 1.0210168E+002, 9.6238334E+001, 8.4584818E+001, 8.2170249E+001, 8.1377031E+001, 8.0137068E+001, 6.7329442E+001, 4.9535522E+001, 3.9896690E+001, 3.4813515E+001, 3.3101579E+001, 3.1854609E+001, 3.1108267E+001, 1.1306297E+002, 1.0173027E+002, 8.6823934E+001, 8.3324942E+001, 7.9665128E+001, 7.5144646E+001, 6.8703497E+001, 5.1591111E+001, 3.7403798E+001, 3.5123593E+001, 3.3650108E+001, 3.1042987E+001, 2.7335064E+001, 8.6231014E+001, 8.9543079E+001, 8.9703018E+001, 8.9364366E+001, 8.7143687E+001, 8.2462366E+001, 7.2469166E+001, 5.1280297E+001, 3.2498961E+001, 3.1802196E+001, 3.1668580E+001, 1.2056719E+002, 1.2169358E+002, 1.2051715E+002, 1.1340074E+002, 9.0732408E+001, 7.5478896E+001, 6.7351275E+001, 5.3557953E+001, 3.5977129E+001, 3.3555007E+001, 3.1396360E+001, 1.4574794E+002, 1.2887550E+002, 1.3956792E+002, 1.1543248E+002, 1.5192766E+002, 1.2702616E+002, 1.4760680E+002, 1.2234410E+002, 6.3621370E+002, 5.9493097E+002, 5.7412349E+002, 5.6064483E+002, 5.4458309E+002, 5.1750500E+002, 3.3523430E+002
 2.9000067E+003, 9.9679576E+001, 9.8799218E+001, 1.0119909E+002, 1.1861195E+002, 1.3438537E+002, 9.9091147E+001, 9.6813958E+001, 9.9024060E+001, 1.0274629E+002, 1.2550470E+002, 1.4323373E+002, 9.9940888E+001, 9.7162627E+001, 9.9229165E+001, 1.0506126E+002, 1.3667578E+002, 1.3999783E+002, 1.1565066E+002, 9.4192480E+001, 9.6556604E+001, 1.0211313E+002, 1.1666267E+002, 1.1725180E+002, 1.0567863E+002, 9.0763615E+001, 9.1373501E+001, 9.7511025E+001, 9.9867320E+001, 9.8720410E+001, 8.4065143E+001, 8.6026196E+001, 1.0104154E+002, 1.3354420E+002, 1.6873799E+002, 8.5777114E+001, 8.6402633E+001, 8.7953711E+001, 9.7035795E+001, 1.3821332E+002, 1.8347784E+002, 9.0915013E+001, 8.6075843E+001, 8.9882056E+001, 1.1332280E+002, 1.5908638E+002, 1.6353404E+002, 1.5104885E+002, 8.6288893E+001, 9.9597799E+001, 1.3849402E+002, 1.5790339E+002, 1.2874626E+002, 1.2302583E+002, 8.8141989E+001, 9.5936373E+001, 1.1799932E+002, 1.1822901E+002, 1.0447367E+002, 1.0230198E+002, 2.6654342E+002, 2.5301681E+002, 1.7631489E+002, 1.0617385E+002, 1.9519067E+002, 1.1033351E+002, 2.5084188E+002, 3.3017520E+002, 2.4957421E+002, 1.4072474E+002, 2.6980048E+002, 1.0521541E+002, 1.9935608E+002, 2.4513089E+002, 1.8823208E+002, 1.1355007E+002, 2.4807084E+002, 1.0787458E+002, 2.2045433E+002, 2.7959656E+002, 1.7878577E+002, 1.0936278E+002, 1.1567204E+002, 1.1241817E+002, 2.5912824E+002, 1.7256026E+002, 1.1326797E+002, 8.8208364E+001, 1.0449591E+002, 9.6593765E+001, 8.7914887E+001, 8.5414369E+001, 8.3263223E+001, 8.1582475E+001, 6.9608544E+001, 5.3605695E+001, 4.1283295E+001, 3.4891046E+001, 3.3178710E+001, 3.1687523E+001, 3.1111766E+001, 1.0776386E+002, 9.8048451E+001, 8.6217681E+001, 8.2999364E+001, 8.1017691E+001, 7.6739479E+001, 7.1132005E+001, 5.1260234E+001, 3.7445319E+001, 3.5428432E+001, 3.3425464E+001, 3.1296488E+001, 2.8052220E+001, 9.0225273E+001, 9.2100576E+001, 9.1643349E+001, 9.0689679E+001, 8.9098816E+001, 8.5915353E+001, 7.2989133E+001, 4.6644708E+001, 3.2545172E+001, 3.2089862E+001, 3.1800762E+001, 1.2233000E+002, 1.2241697E+002, 1.2207728E+002, 1.1038818E+002, 8.6634948E+001, 7.7433382E+001, 6.6678097E+001, 5.1987231E+001, 3.8181598E+001, 3.4837311E+001, 3.2315051E+001, 1.5088901E+002, 1.3155383E+002, 1.4477056E+002, 1.1797222E+002, 1.5714065E+002, 1.2957726E+002, 1.5305006E+002, 1.2496926E+002, 6.6558867E+002, 6.2536958E+002, 6.0089680E+002, 5.8944230E+002, 6.0676222E+002, 6.1915750E+002, 3.4071493E+002
 2.9200373E+003, 1.0228063E+002, 1.0129898E+002, 1.0815706E+002, 1.2160685E+002, 1.4347302E+002, 1.0061878E+002, 1.0146359E+002, 1.0026553E+002, 1.0692708E+002, 1.2751958E+002, 1.4986444E+002, 1.0102350E+002, 9.7804889E+001, 9.9870108E+001, 1.0809949E+002, 1.3386590E+002, 1.4165916E+002, 1.1847285E+002, 9.3334093E+001, 9.8270629E+001, 1.0788655E+002, 1.2062287E+002, 1.2657314E+002, 1.2247464E+002, 9.2065989E+001, 9.0632668E+001, 9.3982037E+001, 1.0781352E+002, 1.1218093E+002, 8.9401386E+001, 9.4598550E+001, 1.2066043E+002, 1.5213823E+002, 1.6227741E+002, 8.9323751E+001, 8.8781456E+001, 9.6081721E+001, 1.2399149E+002, 1.6491311E+002, 1.8385155E+002, 1.0690574E+002, 8.7542588E+001, 9.2304668E+001, 1.2135762E+002, 1.6370102E+002, 1.7222422E+002, 1.5026497E+002, 8.6974165E+001, 9.9570902E+001, 1.3006825E+002, 1.4607626E+002, 1.3953007E+002, 1.4267933E+002, 8.7427739E+001, 9.4879226E+001, 1.1735922E+002, 1.2496311E+002, 1.2364836E+002, 1.0382646E+002, 2.3367524E+002, 2.2767224E+002, 1.6221829E+002, 1.0775746E+002, 2.0443209E+002, 1.2232748E+002, 2.6665804E+002, 3.4778868E+002, 2.4584992E+002, 1.3465713E+002, 3.3332860E+002, 1.1288409E+002, 2.3944859E+002, 3.0843284E+002, 2.2886187E+002, 1.4321137E+002, 2.4836620E+002, 1.0323761E+002, 2.2089634E+002, 2.7298630E+002, 1.9262643E+002, 1.1857083E+002, 1.3636071E+002, 1.0595619E+002, 2.4467042E+002, 1.9362241E+002, 1.2436846E+002, 9.5459164E+001, 1.0878076E+002, 9.7558608E+001, 8.7948807E+001, 8.5763460E+001, 8.4385461E+001, 8.2193869E+001, 6.9130242E+001, 5.0011544E+001, 4.0683438E+001, 3.5407383E+001, 3.3359332E+001, 3.2174982E+001, 3.1254918E+001, 1.1114639E+002, 9.7959981E+001, 8.6861606E+001, 8.4533969E+001, 8.2152082E+001, 7.8088657E+001, 6.8751545E+001, 4.9498522E+001, 3.7762492E+001, 3.5655864E+001, 3.4203003E+001, 3.1608673E+001, 2.8488937E+001, 9.0056508E+001, 9.3406345E+001, 9.3580799E+001, 9.1750543E+001, 8.8624716E+001, 8.3556574E+001, 7.4221315E+001, 5.3913841E+001, 3.2799235E+001, 3.2212203E+001, 3.1930442E+001, 1.1832108E+002, 1.1768728E+002, 1.1669641E+002, 1.1189682E+002, 9.1314198E+001, 8.1316167E+001, 6.6706000E+001, 5.2614509E+001, 4.0493553E+001, 3.4794304E+001, 3.2282808E+001, 1.5608885E+002, 1.3432426E+002, 1.5004760E+002, 1.2060417E+002, 1.6244240E+002, 1.3218883E+002, 1.5865310E+002, 1.2771203E+002, 6.6758963E+002, 6.0951250E+002, 5.9822607E+002, 5.7893824E+002, 5.4028801E+002, 5.0833788E+002, 3.4446836E+002
 2.9400168E+003, 1.0601139E+002, 1.0457527E+002, 1.0673091E+002, 1.2322654E+002, 1.4318353E+002, 1.0544979E+002, 1.0559867E+002, 1.0407014E+002, 1.0614052E+002, 1.2756554E+002, 1.3442176E+002, 1.0291709E+002, 1.0392083E+002, 1.0612115E+002, 1.1368298E+002, 1.2221706E+002, 1.3182079E+002, 1.2001410E+002, 9.8045986E+001, 1.0357463E+002, 1.0926794E+002, 1.2154987E+002, 1.2508228E+002, 1.1806349E+002, 9.4448691E+001, 9.6267279E+001, 1.0230890E+002, 1.0794308E+002, 1.0635149E+002, 8.6753208E+001, 1.0294823E+002, 1.2372725E+002, 1.5127445E+002, 1.6264827E+002, 9.0585941E+001, 8.7683228E+001, 9.4293594E+001, 1.3689764E+002, 1.7376959E+002, 1.8258251E+002, 1.0450384E+002, 8.7214863E+001, 8.9487726E+001, 1.1585045E+002, 1.5357936E+002, 1.8151159E+002, 1.4650099E+002, 8.4890066E+001, 1.0208838E+002, 1.3467296E+002, 1.5112009E+002, 1.6505297E+002, 1.3749753E+002, 8.5127454E+001, 1.0116946E+002, 1.1299252E+002, 1.0854376E+002, 1.2128096E+002, 1.1431703E+002, 2.6673705E+002, 2.3978874E+002, 1.5840560E+002, 1.0889278E+002, 2.0599016E+002, 1.1634914E+002, 2.7522753E+002, 3.4490646E+002, 2.2577684E+002, 1.3696269E+002, 3.1095440E+002, 1.1054955E+002, 2.2755831E+002, 3.3646045E+002, 2.6325810E+002, 1.7095653E+002, 2.7935035E+002, 1.0469428E+002, 2.3836945E+002, 2.9836989E+002, 2.0268606E+002, 1.2673616E+002, 1.2980222E+002, 1.1018383E+002, 2.2209246E+002, 1.5680105E+002, 1.1953692E+002, 8.3991206E+001, 1.0857893E+002, 9.7374875E+001, 8.8701009E+001, 8.6687349E+001, 8.5894165E+001, 8.3570452E+001, 7.0769523E+001, 5.2296184E+001, 3.9481957E+001, 3.7128385E+001, 3.3684912E+001, 3.2277812E+001, 3.1197008E+001, 1.1603272E+002, 9.8510107E+001, 8.6131005E+001, 8.7026239E+001, 8.2730185E+001, 7.8717144E+001, 7.2704575E+001, 5.2915930E+001, 4.0180485E+001, 3.6234009E+001, 3.5180752E+001, 3.1794200E+001, 2.9535825E+001, 9.1644051E+001, 9.4092040E+001, 9.5564183E+001, 9.3431220E+001, 8.9502109E+001, 8.2074261E+001, 7.1267208E+001, 5.1765501E+001, 3.2715752E+001, 3.2233606E+001, 3.2115499E+001, 1.2864115E+002, 1.2797460E+002, 1.2625487E+002, 1.2371214E+002, 1.0154388E+002, 8.3718050E+001, 6.5935145E+001, 5.0473777E+001, 4.2248493E+001, 3.6857960E+001, 3.3796628E+001, 1.6118678E+002, 1.3698863E+002, 1.5522450E+002, 1.2324494E+002, 1.6760681E+002, 1.3479432E+002, 1.6434268E+002, 1.3051961E+002, 6.6249887E+002, 6.1934983E+002, 5.9291404E+002, 5.8544570E+002, 5.6345817E+002, 4.8230154E+002, 3.4781508E+002
 2.9600133E+003, 1.0302675E+002, 1.0303577E+002, 1.0670153E+002, 1.1765461E+002, 1.3231958E+002, 1.0175932E+002, 1.0149965E+002, 9.9337472E+001, 1.0538583E+002, 1.2490824E+002, 1.6144022E+002, 9.7789681E+001, 9.7678906E+001, 9.7295743E+001, 1.0759750E+002, 1.3353055E+002, 1.6126894E+002, 1.2273333E+002, 9.2252802E+001, 9.3751752E+001, 1.0681127E+002, 1.1965404E+002, 1.4294193E+002, 1.1365963E+002, 8.9806476E+001, 8.9279990E+001, 9.3598704E+001, 9.8344359E+001, 1.0759746E+002, 8.7331964E+001, 9.1787870E+001, 1.1998699E+002, 1.2875858E+002, 1.3849587E+002, 8.8432725E+001, 8.8659794E+001, 9.5404571E+001, 1.1944066E+002, 1.8464755E+002, 2.0157424E+002, 9.8543399E+001, 8.7516119E+001, 8.8314484E+001, 1.1905863E+002, 1.8498070E+002, 2.1500183E+002, 1.5838150E+002, 8.4994437E+001, 9.0646034E+001, 1.2871656E+002, 1.7300676E+002, 1.9081747E+002, 1.5939624E+002, 8.4118908E+001, 9.8037618E+001, 1.1958292E+002, 1.2183183E+002, 1.2795469E+002, 1.1849459E+002, 2.3524488E+002, 1.7640721E+002, 1.1686559E+002, 8.8658201E+001, 2.0580795E+002, 1.1698171E+002, 2.6613709E+002, 3.2516544E+002, 2.2194140E+002, 1.2745478E+002, 3.4165793E+002, 1.1406037E+002, 2.6267787E+002, 3.6049717E+002, 2.5993463E+002, 1.5009591E+002, 3.0824116E+002, 1.1183455E+002, 2.6500978E+002, 3.2294047E+002, 2.2312512E+002, 1.3445103E+002, 1.5051971E+002, 1.1741140E+002, 2.5816563E+002, 1.9519120E+002, 1.3316258E+002, 9.7690320E+001, 1.0899348E+002, 1.0155115E+002, 8.9003633E+001, 8.7005491E+001, 8.7497762E+001, 8.4062798E+001, 7.0042072E+001, 5.5494696E+001, 4.2015323E+001, 3.7403506E+001, 3.4089885E+001, 3.2631535E+001, 3.1800002E+001, 1.2164635E+002, 1.0001144E+002, 8.9120566E+001, 8.8024203E+001, 8.1609395E+001, 7.9949089E+001, 7.2298907E+001, 5.1438034E+001, 3.8822906E+001, 3.6517670E+001, 3.5363390E+001, 3.1713797E+001, 2.9776156E+001, 9.1338398E+001, 9.5237115E+001, 9.7015469E+001, 9.5732551E+001, 9.3385526E+001, 8.8705961E+001, 7.3371000E+001, 5.2733476E+001, 3.2608862E+001, 3.2298032E+001, 3.2094781E+001, 1.2424422E+002, 1.2385583E+002, 1.2160356E+002, 1.1992872E+002, 9.4152665E+001, 8.2460633E+001, 6.7550428E+001, 5.2525383E+001, 4.1849397E+001, 3.6639185E+001, 3.3005570E+001, 1.6607836E+002, 1.3966333E+002, 1.6018159E+002, 1.2578620E+002, 1.7270743E+002, 1.3744055E+002, 1.6965725E+002, 1.3320900E+002, 6.5711665E+002, 5.9565196E+002, 5.9552097E+002, 6.0503454E+002, 5.8928777E+002, 5.9240183E+002, 3.5062481E+002
 2.9800230E+003, 1.0673439E+002, 1.0639066E+002, 1.1016525E+002, 1.1854954E+002, 1.2668808E+002, 1.0860784E+002, 1.0541732E+002, 1.0714443E+002, 1.1073955E+002, 1.2056996E+002, 1.3895804E+002, 1.0382484E+002, 9.7786471E+001, 1.0023556E+002, 1.0980935E+002, 1.4048821E+002, 1.5146018E+002, 1.3121279E+002, 9.2112492E+001, 9.4650714E+001, 1.0752145E+002, 1.2918086E+002, 1.3763866E+002, 1.3101805E+002, 9.0695013E+001, 9.2838212E+001, 9.9848171E+001, 1.0964243E+002, 1.2266047E+002, 8.8983771E+001, 1.0139152E+002, 1.3210443E+002, 1.4255219E+002, 1.3747714E+002, 9.1006265E+001, 8.9690488E+001, 9.2588477E+001, 1.1384358E+002, 1.5342139E+002, 1.6941375E+002, 9.6817184E+001, 8.9291350E+001, 9.0993672E+001, 1.2331150E+002, 1.7435121E+002, 1.8537133E+002, 1.7253780E+002, 9.0761788E+001, 1.0629091E+002, 1.5222433E+002, 1.7527632E+002, 1.8326920E+002, 1.6137477E+002, 8.9646799E+001, 1.0180592E+002, 1.2889034E+002, 1.3188299E+002, 1.2772120E+002, 1.1323961E+002, 2.6637618E+002, 2.3655471E+002, 1.6351878E+002, 1.1501066E+002, 1.7337094E+002, 1.0722352E+002, 2.1129294E+002, 2.8418884E+002, 2.1468807E+002, 1.4434338E+002, 2.6624860E+002, 1.0968966E+002, 2.3380604E+002, 3.1271986E+002, 2.4591858E+002, 1.5963673E+002, 2.8150330E+002, 1.1654031E+002, 2.5331099E+002, 3.2169431E+002, 2.1160908E+002, 1.3819298E+002, 1.3086641E+002, 1.2847313E+002, 2.4193658E+002, 1.9882057E+002, 1.2378848E+002, 1.0091192E+002, 1.0695969E+002, 1.0088619E+002, 8.9928704E+001, 8.8318229E+001, 8.7726592E+001, 8.5134826E+001, 7.1616040E+001, 5.6794128E+001, 4.2919661E+001, 3.6588072E+001, 3.4495974E+001, 3.3464299E+001, 3.2182152E+001, 1.2229139E+002, 1.0844696E+002, 8.9863104E+001, 8.7190009E+001, 8.2391958E+001, 8.1519384E+001, 7.3290666E+001, 5.5032565E+001, 4.0383554E+001, 3.6800953E+001, 3.5545752E+001, 3.1835161E+001, 2.9767453E+001, 9.1837433E+001, 9.4370454E+001, 9.4934818E+001, 9.4598962E+001, 9.2957309E+001, 8.9077299E+001, 7.2529839E+001, 5.0460072E+001, 3.2737826E+001, 3.2562825E+001, 3.2295744E+001, 1.2359805E+002, 1.2385476E+002, 1.2275916E+002, 1.2060968E+002, 1.0713159E+002, 8.0054725E+001, 6.9142068E+001, 5.4727191E+001, 4.2000096E+001, 3.7467897E+001, 3.3955483E+001, 1.7072560E+002, 1.4225610E+002, 1.6476489E+002, 1.2827555E+002, 1.7759074E+002, 1.4009284E+002, 1.7444113E+002, 1.3574453E+002, 6.4973220E+002, 5.8713662E+002, 5.8086459E+002, 5.8626845E+002, 5.7902513E+002, 6.3191864E+002, 3.5380345E+002
 3.0000317E+003, 1.0641879E+002, 1.0573456E+002, 1.1277412E+002, 1.2300354E+002, 1.3530515E+002, 1.0629733E+002, 1.0608084E+002, 1.1086575E+002, 1.1401663E+002, 1.2430548E+002, 1.4331906E+002, 1.1201085E+002, 1.0749661E+002, 1.0760275E+002, 1.1512626E+002, 1.3162246E+002, 1.5403696E+002, 1.2349913E+002, 1.0018362E+002, 1.0314566E+002, 1.1391466E+002, 1.2908337E+002, 1.4584360E+002, 1.2945575E+002, 9.7139219E+001, 9.5127895E+001, 9.7960640E+001, 1.0689892E+002, 1.1353377E+002, 9.0586214E+001, 9.5525526E+001, 1.1779469E+002, 1.4560945E+002, 1.4612239E+002, 9.0601228E+001, 9.0703364E+001, 9.3418896E+001, 1.1356753E+002, 1.5813342E+002, 1.7861223E+002, 1.0460942E+002, 9.0601847E+001, 9.7607514E+001, 1.1918378E+002, 1.6772550E+002, 1.8208229E+002, 1.5441671E+002, 9.2490139E+001, 1.0669098E+002, 1.4646289E+002, 1.7774094E+002, 1.8328995E+002, 1.7035726E+002, 9.0855587E+001, 9.7902639E+001, 1.1885829E+002, 1.3237336E+002, 1.2564586E+002, 1.1975113E+002, 2.7321371E+002, 2.2639230E+002, 1.5358947E+002, 1.1037453E+002, 1.6764952E+002, 1.1131583E+002, 2.1615128E+002, 3.2566168E+002, 2.4965176E+002, 1.3805421E+002, 2.8487171E+002, 1.1368336E+002, 2.3808422E+002, 3.3175663E+002, 2.5099697E+002, 1.3613673E+002, 2.8184347E+002, 1.2254526E+002, 2.9393777E+002, 3.1327945E+002, 1.9414707E+002, 1.2259134E+002, 1.1643670E+002, 1.2773346E+002, 2.4873018E+002, 1.5488594E+002, 1.0979229E+002, 9.1798557E+001, 1.0970235E+002, 1.0150652E+002, 9.3018442E+001, 9.0250039E+001, 8.8691535E+001, 8.7842990E+001, 7.5321932E+001, 5.6078166E+001, 4.0328958E+001, 3.6293808E+001, 3.4715429E+001, 3.3374822E+001, 3.2756624E+001, 1.2184523E+002, 1.0866124E+002, 9.2495312E+001, 8.8110259E+001, 8.3680114E+001, 8.2256214E+001, 7.1580421E+001, 5.3108995E+001, 4.0931557E+001, 3.7439365E+001, 3.5477294E+001, 3.2246007E+001, 2.8210317E+001, 9.5564259E+001, 9.7170268E+001, 9.7337475E+001, 9.7039209E+001, 9.5261931E+001, 9.1571346E+001, 7.7405831E+001, 4.8929699E+001, 3.3352402E+001, 3.3117483E+001, 3.2880362E+001, 1.2668080E+002, 1.2720173E+002, 1.2550995E+002, 1.1624135E+002, 1.0035965E+002, 8.3968197E+001, 7.2922437E+001, 6.0720203E+001, 4.1139315E+001, 3.5574566E+001, 3.3529321E+001, 1.7513481E+002, 1.4475665E+002, 1.6901908E+002, 1.3073237E+002, 1.8203893E+002, 1.4256664E+002, 1.7890276E+002, 1.3817435E+002, 6.7554597E+002, 6.2952329E+002, 6.0454253E+002, 5.8100132E+002, 5.3992000E+002, 4.8909697E+002, 3.5704419E+002
 3.0200414E+003, 1.0454602E+002, 1.1667518E+002, 1.2453500E+002, 1.2995660E+002, 1.3172150E+002, 1.1344594E+002, 1.0757689E+002, 1.1632764E+002, 1.2673619E+002, 1.3565477E+002, 1.3952948E+002, 1.2223060E+002, 1.0817744E+002, 1.1652564E+002, 1.2796216E+002, 1.4297736E+002, 1.4826412E+002, 1.3267132E+002, 1.0655674E+002, 1.1778544E+002, 1.3112464E+002, 1.3734415E+002, 1.4717080E+002, 1.3134457E+002, 1.0196333E+002, 1.0451876E+002, 1.0972476E+002, 1.0802047E+002, 1.1906603E+002, 9.0204614E+001, 1.0568502E+002, 1.4628903E+002, 1.3437387E+002, 1.1781318E+002, 9.2231838E+001, 9.1875885E+001, 9.5230849E+001, 1.3199480E+002, 1.6533872E+002, 1.5712914E+002, 1.0430797E+002, 9.4186579E+001, 1.0053439E+002, 1.3603153E+002, 1.7741940E+002, 1.8814278E+002, 1.6726605E+002, 9.5671714E+001, 1.1548858E+002, 1.5429707E+002, 1.8812456E+002, 1.9011566E+002, 1.6511581E+002, 9.3207848E+001, 1.2100258E+002, 1.4784846E+002, 1.3457230E+002, 1.4173762E+002, 1.1598366E+002, 2.4550235E+002, 1.6875534E+002, 1.1295757E+002, 9.3227172E+001, 1.8188956E+002, 1.1385453E+002, 2.6753950E+002, 3.0395668E+002, 2.0220556E+002, 1.2732747E+002, 2.9336196E+002, 1.1773099E+002, 2.5010589E+002, 3.2146827E+002, 2.4445679E+002, 1.5076906E+002, 3.2582890E+002, 1.2155831E+002, 2.7645455E+002, 3.6231964E+002, 2.4263830E+002, 1.5938075E+002, 1.5274909E+002, 1.3071016E+002, 2.9104092E+002, 2.0595942E+002, 1.5061019E+002, 1.0808023E+002, 1.1444496E+002, 1.0198099E+002, 9.5660669E+001, 9.1881716E+001, 8.9659148E+001, 8.9096134E+001, 7.6714315E+001, 5.4368844E+001, 3.9344445E+001, 3.5997100E+001, 3.4560678E+001, 3.3389828E+001, 3.2504386E+001, 1.2094595E+002, 1.1456656E+002, 9.6707071E+001, 9.0410099E+001, 8.8666239E+001, 8.4602928E+001, 7.5474479E+001, 5.3105801E+001, 4.1371067E+001, 3.7857068E+001, 3.5123883E+001, 3.1603865E+001, 2.8768455E+001, 9.4164148E+001, 9.6358225E+001, 9.6544905E+001, 9.5779628E+001, 9.4440834E+001, 8.8052186E+001, 7.7132270E+001, 5.3984248E+001, 3.5244121E+001, 3.3518505E+001, 3.3424843E+001, 1.2214268E+002, 1.2081541E+002, 1.1928013E+002, 1.1160759E+002, 9.7522173E+001, 8.4027797E+001, 7.3731253E+001, 5.8876375E+001, 4.1935897E+001, 3.6379467E+001, 3.3054118E+001, 1.7926160E+002, 1.4708189E+002, 1.7301096E+002, 1.3311170E+002, 1.8624693E+002, 1.4492368E+002, 1.8300025E+002, 1.4053676E+002, 6.7032967E+002, 6.1317261E+002, 6.0721162E+002, 6.1689031E+002, 6.1039906E+002, 4.9865610E+002, 3.5931146E+002
 3.0400276E+003, 1.1210103E+002, 1.1185731E+002, 1.1404972E+002, 1.2453093E+002, 1.3343912E+002, 1.1283385E+002, 1.1074575E+002, 1.0908671E+002, 1.1422837E+002, 1.2778406E+002, 1.4135244E+002, 1.0957470E+002, 1.0379638E+002, 1.0705828E+002, 1.1897519E+002, 1.3254535E+002, 1.5036232E+002, 1.3158957E+002, 1.0022963E+002, 1.0526574E+002, 1.2458710E+002, 1.4505730E+002, 1.5701826E+002, 1.3921681E+002, 9.7422074E+001, 9.7947207E+001, 1.1096359E+002, 1.1694546E+002, 1.2172680E+002, 9.4641111E+001, 1.0644169E+002, 1.3347416E+002, 1.5337520E+002, 1.5100327E+002, 9.6650140E+001, 9.5718289E+001, 9.8366700E+001, 1.1990919E+002, 1.5618607E+002, 1.7935582E+002, 9.9624304E+001, 9.4933033E+001, 9.4518087E+001, 1.1590701E+002, 1.6009772E+002, 1.8180078E+002, 1.5376552E+002, 9.3190555E+001, 1.0351707E+002, 1.3466608E+002, 1.8929203E+002, 2.0041088E+002, 1.7638894E+002, 9.4081461E+001, 1.1268745E+002, 1.3936209E+002, 1.4313081E+002, 1.4159000E+002, 1.1579705E+002, 2.6466060E+002, 2.2476966E+002, 1.5245944E+002, 1.1203421E+002, 1.8640208E+002, 1.1363475E+002, 2.5769640E+002, 3.0654222E+002, 2.2342246E+002, 1.3512337E+002, 2.7348240E+002, 1.1889092E+002, 2.4720198E+002, 3.1180991E+002, 2.4268477E+002, 1.5697328E+002, 2.8121309E+002, 1.1730547E+002, 2.7321113E+002, 3.3341780E+002, 2.3061254E+002, 1.3989464E+002, 1.4697191E+002, 1.2550818E+002, 2.5696656E+002, 1.9537928E+002, 1.3627529E+002, 9.4841469E+001, 1.1414799E+002, 1.0687605E+002, 9.9625268E+001, 9.4964287E+001, 9.2284340E+001, 8.9392773E+001, 7.8766812E+001, 5.4994103E+001, 4.1055690E+001, 3.6599240E+001, 3.5540960E+001, 3.3257404E+001, 3.1813646E+001, 1.2666817E+002, 1.0755962E+002, 9.4084846E+001, 9.2631464E+001, 8.8659676E+001, 8.4970487E+001, 7.5696094E+001, 5.2105048E+001, 4.0352923E+001, 3.7929502E+001, 3.5567385E+001, 3.2982795E+001, 3.0560349E+001, 9.3574002E+001, 9.4903776E+001, 9.5476562E+001, 9.4568319E+001, 9.3402193E+001, 9.0843789E+001, 8.1117122E+001, 4.8607248E+001, 3.6594322E+001, 3.3594613E+001, 3.3723572E+001, 1.2105707E+002, 1.2165554E+002, 1.2113687E+002, 1.1782365E+002, 1.0547864E+002, 8.6444281E+001, 7.3197648E+001, 5.7610264E+001, 4.2793035E+001, 3.8598940E+001, 3.4710629E+001, 1.8313273E+002, 1.4928295E+002, 1.7676939E+002, 1.3534981E+002, 1.9013243E+002, 1.4715867E+002, 1.8671996E+002, 1.4275617E+002, 6.7154032E+002, 6.2224835E+002, 5.9866934E+002, 5.9127818E+002, 5.8403191E+002, 5.2878636E+002, 3.6146244E+002
 3.0600073E+003, 1.0660129E+002, 1.0682388E+002, 1.1850204E+002, 1.3674440E+002, 1.4097526E+002, 1.0738867E+002, 1.0690635E+002, 1.0799179E+002, 1.1687680E+002, 1.4198188E+002, 1.4857074E+002, 1.1094250E+002, 1.0519804E+002, 1.0684217E+002, 1.1364220E+002, 1.2932511E+002, 1.4765174E+002, 1.1815256E+002, 1.0297062E+002, 1.0670301E+002, 1.1490410E+002, 1.2665075E+002, 1.4652922E+002, 1.3110262E+002, 1.0167495E+002, 1.0164385E+002, 1.0981928E+002, 1.1851349E+002, 1.3044223E+002, 9.2252205E+001, 1.0503484E+002, 1.3044836E+002, 1.4953597E+002, 1.4360193E+002, 9.5122123E+001, 9.5666209E+001, 9.8346671E+001, 1.2220365E+002, 1.7024620E+002, 1.6418144E+002, 1.0000034E+002, 9.4227410E+001, 9.6275765E+001, 1.2425143E+002, 1.5923193E+002, 1.7428906E+002, 1.5747096E+002, 9.4591708E+001, 1.0391128E+002, 1.4070956E+002, 1.8461574E+002, 2.0818094E+002, 1.7735881E+002, 9.5199895E+001, 1.0812615E+002, 1.2994157E+002, 1.3701450E+002, 1.4350542E+002, 1.1838419E+002, 2.6735518E+002, 2.2261452E+002, 1.5349344E+002, 1.0842953E+002, 1.9456574E+002, 1.0931159E+002, 2.0706637E+002, 2.8961089E+002, 2.0145720E+002, 1.2390653E+002, 2.7488241E+002, 1.1546987E+002, 2.4889340E+002, 3.3055901E+002, 2.5132383E+002, 1.4649287E+002, 3.1804242E+002, 1.2486356E+002, 3.0938054E+002, 3.4465000E+002, 2.3188317E+002, 1.5024774E+002, 1.5297171E+002, 1.2788518E+002, 2.5908783E+002, 1.9705023E+002, 1.3190845E+002, 9.6246433E+001, 1.1594626E+002, 1.0736491E+002, 1.0060064E+002, 9.5040468E+001, 9.3084840E+001, 8.9630368E+001, 7.6875952E+001, 5.7485510E+001, 4.4585700E+001, 3.7711440E+001, 3.6298583E+001, 3.4062161E+001, 3.2344520E+001, 1.2449982E+002, 1.0754767E+002, 9.4719815E+001, 9.3442786E+001, 8.8285029E+001, 8.7054723E+001, 7.7374510E+001, 5.6659548E+001, 4.1346914E+001, 3.7751757E+001, 3.6319562E+001, 3.3227598E+001, 2.9848824E+001, 9.2997737E+001, 9.4723786E+001, 9.5267359E+001, 9.5426087E+001, 9.3595575E+001, 8.9817568E+001, 8.3120051E+001, 5.1162165E+001, 3.5852384E+001, 3.3762849E+001, 3.3774544E+001, 1.2375103E+002, 1.2446484E+002, 1.2301609E+002, 1.2109716E+002, 1.0718796E+002, 9.0394724E+001, 7.5491586E+001, 5.6719734E+001, 4.2632359E+001, 3.9885014E+001, 3.7244105E+001, 1.8665248E+002, 1.5140346E+002, 1.8025441E+002, 1.3747973E+002, 1.9369701E+002, 1.4928039E+002, 1.9023549E+002, 1.4482060E+002, 6.7841767E+002, 6.3860372E+002, 6.1980981E+002, 6.1917790E+002, 6.2848936E+002, 6.0123171E+002, 3.6270519E+002
 3.0800197E+003, 1.0716493E+002, 1.0796020E+002, 1.1431788E+002, 1.2536345E+002, 1.3153054E+002, 1.0646420E+002, 1.0520402E+002, 1.0677302E+002, 1.1635936E+002, 1.2762911E+002, 1.5864739E+002, 1.1375519E+002, 1.0259406E+002, 1.0743392E+002, 1.2016578E+002, 1.3901480E+002, 1.5854445E+002, 1.2761297E+002, 1.0368801E+002, 1.0692753E+002, 1.1819654E+002, 1.3805520E+002, 1.5101290E+002, 1.3151046E+002, 1.0596707E+002, 1.0815942E+002, 1.1195813E+002, 1.1405880E+002, 1.2245539E+002, 9.3867833E+001, 1.0246595E+002, 1.3735669E+002, 1.4534325E+002, 1.5066597E+002, 9.5592147E+001, 9.6201124E+001, 9.9093557E+001, 1.2147597E+002, 1.7084514E+002, 1.8375378E+002, 1.0741388E+002, 9.7633618E+001, 1.0167496E+002, 1.2734826E+002, 1.7182252E+002, 2.0571378E+002, 1.5570071E+002, 9.7701889E+001, 1.0912751E+002, 1.3935397E+002, 1.7382115E+002, 1.7251841E+002, 1.5939835E+002, 9.7155804E+001, 1.1339808E+002, 1.3325884E+002, 1.2998116E+002, 1.2976928E+002, 1.1373537E+002, 2.2518429E+002, 1.9751952E+002, 1.4765817E+002, 1.1288958E+002, 1.8902852E+002, 1.1694351E+002, 2.5844758E+002, 3.6819828E+002, 2.8250993E+002, 1.5828487E+002, 3.3601197E+002, 1.2578364E+002, 3.0119599E+002, 3.6990172E+002, 2.6602054E+002, 1.6314728E+002, 3.0298741E+002, 1.2149053E+002, 2.4114297E+002, 3.0471635E+002, 2.1347935E+002, 1.2720109E+002, 1.2689456E+002, 1.2234667E+002, 2.2937566E+002, 1.6099898E+002, 1.1287342E+002, 8.3629655E+001, 1.1975373E+002, 1.0852124E+002, 9.9371604E+001, 9.5585671E+001, 9.3637333E+001, 9.1156071E+001, 7.5948714E+001, 5.7659087E+001, 4.5262275E+001, 3.7745156E+001, 3.7579582E+001, 3.4644644E+001, 3.3428119E+001, 1.2776406E+002, 1.0762882E+002, 9.3175359E+001, 9.0559805E+001, 8.9114573E+001, 8.6188437E+001, 7.5886415E+001, 5.7496010E+001, 4.1848812E+001, 3.7637036E+001, 3.5924351E+001, 3.3057261E+001, 3.0251463E+001, 9.4900298E+001, 9.6679036E+001, 9.6940082E+001, 9.6485798E+001, 9.5183417E+001, 9.2605875E+001, 8.5791726E+001, 5.4825178E+001, 3.4976488E+001, 3.4249867E+001, 3.3923975E+001, 1.2669221E+002, 1.2642395E+002, 1.2528030E+002, 1.2354574E+002, 1.0547835E+002, 9.1064940E+001, 7.6602639E+001, 5.8271452E+001, 4.2022015E+001, 4.0625223E+001, 3.5497888E+001, 1.9003847E+002, 1.5349943E+002, 1.8346596E+002, 1.3949122E+002, 1.9712983E+002, 1.5134846E+002, 1.9332041E+002, 1.4667188E+002, 6.5998445E+002, 6.2746301E+002, 6.0517925E+002, 6.0996518E+002, 5.8968462E+002, 5.2113133E+002, 3.6396349E+002
 3.1000010E+003, 1.1050379E+002, 1.1150085E+002, 1.1898258E+002, 1.3365337E+002, 1.4480343E+002, 1.1175866E+002, 1.1000755E+002, 1.1238814E+002, 1.1870699E+002, 1.2847258E+002, 1.6491375E+002, 1.1580443E+002, 1.0857392E+002, 1.1338117E+002, 1.2065931E+002, 1.3614453E+002, 1.4556166E+002, 1.2709705E+002, 1.0407649E+002, 1.1039558E+002, 1.2183320E+002, 1.2800177E+002, 1.3061199E+002, 1.2231215E+002, 1.0109092E+002, 1.0188475E+002, 1.0854400E+002, 1.1155789E+002, 1.1404417E+002, 9.7427427E+001, 1.0958622E+002, 1.4359789E+002, 1.6255160E+002, 1.5566173E+002, 9.9691242E+001, 9.9854578E+001, 1.0107407E+002, 1.2279017E+002, 1.8069626E+002, 2.0836827E+002, 1.0509345E+002, 9.9553693E+001, 1.0078196E+002, 1.1741361E+002, 1.6843048E+002, 1.8533872E+002, 1.3800044E+002, 9.6894229E+001, 1.0627515E+002, 1.2832840E+002, 1.4918383E+002, 1.5958552E+002, 1.4897244E+002, 9.7637804E+001, 1.1888067E+002, 1.3646414E+002, 1.3046656E+002, 1.2553238E+002, 1.2204144E+002, 2.6154912E+002, 2.3537647E+002, 1.7358087E+002, 1.2078066E+002, 1.7723302E+002, 1.2304165E+002, 2.5941467E+002, 3.5959738E+002, 2.7240327E+002, 1.4714266E+002, 3.2265540E+002, 1.2198656E+002, 2.7577688E+002, 3.3580748E+002, 2.2973914E+002, 1.5277804E+002, 2.5639462E+002, 1.2241861E+002, 2.3353209E+002, 2.7392800E+002, 1.8036195E+002, 1.2275266E+002, 1.2621364E+002, 1.2508988E+002, 2.5930014E+002, 1.6848309E+002, 1.2490604E+002, 1.0367998E+002, 1.1570700E+002, 1.0726808E+002, 1.0057346E+002, 9.6379884E+001, 9.4909631E+001, 9.2346281E+001, 7.8779568E+001, 5.6124595E+001, 4.6891095E+001, 3.8761547E+001, 3.6750055E+001, 3.3659521E+001, 3.2745395E+001, 1.2786351E+002, 1.0979561E+002, 9.4424048E+001, 9.2496305E+001, 8.9114482E+001, 8.7244167E+001, 7.4516738E+001, 6.1036785E+001, 4.2174659E+001, 3.8174370E+001, 3.5658551E+001, 3.2484266E+001, 3.0118173E+001, 9.6270665E+001, 9.7878473E+001, 9.8003765E+001, 9.7609232E+001, 9.6386239E+001, 9.3690340E+001, 8.9518158E+001, 5.4790890E+001, 3.4612695E+001, 3.4263778E+001, 3.3842627E+001, 1.3311153E+002, 1.3139171E+002, 1.2846864E+002, 1.2385847E+002, 1.1082077E+002, 8.8238208E+001, 7.7199129E+001, 6.0455455E+001, 4.3057351E+001, 3.8673921E+001, 3.4585285E+001, 1.9321306E+002, 1.5537856E+002, 1.8638394E+002, 1.4138055E+002, 2.0019761E+002, 1.5327559E+002, 1.9634612E+002, 1.4847486E+002, 6.7119060E+002, 6.2606525E+002, 6.0324843E+002, 5.8285768E+002, 5.4876081E+002, 4.7247877E+002, 3.6533284E+002
 3.1200074E+003, 1.0999495E+002, 1.1140800E+002, 1.1711422E+002, 1.2936360E+002, 1.4596278E+002, 1.1062176E+002, 1.0929681E+002, 1.0978319E+002, 1.1488089E+002, 1.3109115E+002, 1.5466188E+002, 1.1064752E+002, 1.0693748E+002, 1.0789326E+002, 1.1398295E+002, 1.2896602E+002, 1.6083911E+002, 1.2510778E+002, 1.0233671E+002, 1.0568227E+002, 1.2070783E+002, 1.2986409E+002, 1.3681305E+002, 1.2507478E+002, 9.9617704E+001, 1.0164134E+002, 1.1247491E+002, 1.2280111E+002, 1.1867798E+002, 9.9424591E+001, 1.0734795E+002, 1.3344804E+002, 1.4582246E+002, 1.3951719E+002, 1.0251475E+002, 9.9860644E+001, 1.0416148E+002, 1.2425336E+002, 1.7332170E+002, 1.9674203E+002, 1.0413196E+002, 9.7277966E+001, 9.8436088E+001, 1.2086604E+002, 1.6538829E+002, 1.9670035E+002, 1.4526768E+002, 9.5446780E+001, 1.0743930E+002, 1.3447939E+002, 1.6675196E+002, 1.6334327E+002, 1.4749541E+002, 9.5724926E+001, 1.1001959E+002, 1.3939486E+002, 1.4289033E+002, 1.3295277E+002, 1.2132457E+002, 2.7535277E+002, 2.2102946E+002, 1.6089550E+002, 1.1354282E+002, 1.9369007E+002, 1.2369054E+002, 2.4635365E+002, 3.1453341E+002, 2.5216612E+002, 1.5042721E+002, 2.9194632E+002, 1.2264400E+002, 2.1874508E+002, 2.7467611E+002, 2.1087200E+002, 1.3524806E+002, 2.9097147E+002, 1.3158530E+002, 2.8711327E+002, 3.5624583E+002, 2.4109677E+002, 1.3668900E+002, 1.1758632E+002, 1.3525248E+002, 2.6264857E+002, 1.8559631E+002, 1.2063407E+002, 9.4562504E+001, 1.1294807E+002, 1.0638718E+002, 1.0004705E+002, 9.6750051E+001, 9.5461930E+001, 9.3840478E+001, 8.0303223E+001, 5.6692581E+001, 4.4881232E+001, 4.0390287E+001, 3.6974981E+001, 3.5539049E+001, 3.2952659E+001, 1.2743494E+002, 1.0962446E+002, 9.7670357E+001, 9.3671108E+001, 8.8927957E+001, 8.9191493E+001, 7.3727339E+001, 5.9285391E+001, 4.1848237E+001, 3.8724366E+001, 3.6713255E+001, 3.3559072E+001, 3.0196492E+001, 9.8774216E+001, 1.0165677E+002, 1.0321466E+002, 1.0160509E+002, 9.9185674E+001, 9.6253588E+001, 9.1588839E+001, 4.3944425E+001, 3.4656898E+001, 3.4152279E+001, 3.3943868E+001, 1.3312852E+002, 1.3294238E+002, 1.3277456E+002, 1.2546926E+002, 1.0770427E+002, 8.9868019E+001, 7.5434042E+001, 6.0711928E+001, 4.4367092E+001, 3.8301794E+001, 3.4180187E+001, 1.9619828E+002, 1.5717742E+002, 1.8922348E+002, 1.4328394E+002, 2.0293102E+002, 1.5511851E+002, 1.9947514E+002, 1.5033849E+002, 6.9416182E+002, 6.4397006E+002, 6.2613292E+002, 6.0656095E+002, 6.0648978E+002, 5.9359297E+002, 3.6732902E+002
 3.1400394E+003, 1.1023035E+002, 1.1338488E+002, 1.1963084E+002, 1.3510577E+002, 1.4350194E+002, 1.1244046E+002, 1.1066037E+002, 1.1364442E+002, 1.2296591E+002, 1.3976837E+002, 1.5733198E+002, 1.1459135E+002, 1.0727597E+002, 1.1112136E+002, 1.2044668E+002, 1.4267282E+002, 1.5282845E+002, 1.2661450E+002, 1.0642015E+002, 1.0704592E+002, 1.1377557E+002, 1.3441399E+002, 1.3932924E+002, 1.2359203E+002, 1.0414745E+002, 1.0251229E+002, 1.0869979E+002, 1.1621753E+002, 1.1983290E+002, 9.8648761E+001, 1.0370549E+002, 1.4294967E+002, 1.6213555E+002, 1.5863807E+002, 9.9099738E+001, 9.9159278E+001, 1.0180310E+002, 1.2807531E+002, 1.7964209E+002, 2.0522423E+002, 1.1466652E+002, 9.9741989E+001, 1.0846964E+002, 1.4373934E+002, 1.8317207E+002, 2.0710417E+002, 1.7232562E+002, 1.0057343E+002, 1.1118925E+002, 1.5584644E+002, 1.7479824E+002, 1.7248111E+002, 1.4501311E+002, 9.9575541E+001, 1.0969087E+002, 1.2378004E+002, 1.3014259E+002, 1.2537838E+002, 1.2143045E+002, 2.8732880E+002, 2.0081504E+002, 1.3208194E+002, 1.0391668E+002, 1.9082276E+002, 1.1852082E+002, 2.5117325E+002, 3.4197523E+002, 2.6760151E+002, 1.5352455E+002, 3.2861342E+002, 1.2790557E+002, 3.0232243E+002, 3.6144307E+002, 2.7390460E+002, 1.6537953E+002, 3.0958199E+002, 1.3159604E+002, 2.6240544E+002, 3.1412951E+002, 2.1500814E+002, 1.3938943E+002, 1.3426333E+002, 1.3003606E+002, 2.1280759E+002, 1.3758019E+002, 1.1072431E+002, 9.1450626E+001, 1.1530397E+002, 1.0624261E+002, 9.9074654E+001, 9.8095949E+001, 9.6089996E+001, 9.4550733E+001, 7.9341734E+001, 5.7759418E+001, 4.6997435E+001, 3.9650225E+001, 3.6713903E+001, 3.5817712E+001, 3.3457944E+001, 1.3104162E+002, 1.1438692E+002, 1.0149954E+002, 9.7328429E+001, 9.4130192E+001, 9.0043203E+001, 7.8705213E+001, 5.7921036E+001, 4.1563441E+001, 3.9036659E+001, 3.6773094E+001, 3.3353942E+001, 3.0261696E+001, 9.9004486E+001, 1.0311932E+002, 1.0429240E+002, 1.0322835E+002, 1.0128499E+002, 9.7615746E+001, 9.0717754E+001, 4.6652622E+001, 3.4575527E+001, 3.4198277E+001, 3.4081121E+001, 1.3040594E+002, 1.3019788E+002, 1.2848334E+002, 1.2143951E+002, 1.0734235E+002, 8.7828299E+001, 7.8010645E+001, 6.0098722E+001, 4.4618028E+001, 3.8184105E+001, 3.3885021E+001, 1.9901407E+002, 1.5892663E+002, 1.9204402E+002, 1.4513896E+002, 2.0555167E+002, 1.5687086E+002, 2.0238187E+002, 1.5213344E+002, 6.5375518E+002, 6.1446333E+002, 5.9573825E+002, 5.9605323E+002, 5.7872767E+002, 5.2557612E+002, 3.6806491E+002
 3.1600007E+003, 1.1454026E+002, 1.1888733E+002, 1.2700767E+002, 1.3650216E+002, 1.4731283E+002, 1.1683203E+002, 1.1562118E+002, 1.2167837E+002, 1.3114174E+002, 1.3900558E+002, 1.5381373E+002, 1.2842685E+002, 1.1443559E+002, 1.1970433E+002, 1.3675297E+002, 1.4369989E+002, 1.5590545E+002, 1.3834304E+002, 1.1142238E+002, 1.1450939E+002, 1.2161218E+002, 1.3579728E+002, 1.4513268E+002, 1.3758541E+002, 1.0992883E+002, 1.1165905E+002, 1.1625465E+002, 1.2435640E+002, 1.2629409E+002, 9.9814324E+001, 1.0524769E+002, 1.4219006E+002, 1.4794009E+002, 1.3738217E+002, 1.0088040E+002, 1.0087363E+002, 1.0481675E+002, 1.3485278E+002, 1.8966196E+002, 1.8289401E+002, 1.3433767E+002, 1.0023805E+002, 1.1340273E+002, 1.4985592E+002, 1.7800932E+002, 1.9880895E+002, 1.7658506E+002, 1.0048352E+002, 1.2577822E+002, 1.5731551E+002, 1.7977898E+002, 1.9641470E+002, 1.6842053E+002, 1.0064872E+002, 1.1072635E+002, 1.3222069E+002, 1.4350456E+002, 1.4071321E+002, 1.2156065E+002, 2.6792814E+002, 2.2205433E+002, 1.4129666E+002, 1.0419189E+002, 1.9684245E+002, 1.2239634E+002, 2.3917090E+002, 3.3954168E+002, 2.4346001E+002, 1.3146863E+002, 3.0935235E+002, 1.2814444E+002, 2.6594461E+002, 3.2001272E+002, 2.5229563E+002, 1.6100740E+002, 3.1869301E+002, 1.3497187E+002, 2.9375269E+002, 3.9548229E+002, 2.7689545E+002, 1.5515917E+002, 1.3475743E+002, 1.3271735E+002, 2.5086500E+002, 2.0268964E+002, 1.2662205E+002, 9.9442464E+001, 1.1733937E+002, 1.0804893E+002, 9.8358112E+001, 9.7807813E+001, 9.6384606E+001, 9.4857939E+001, 8.0404922E+001, 6.2874425E+001, 4.7178497E+001, 4.0134632E+001, 3.6819452E+001, 3.5334173E+001, 3.3011125E+001, 1.3203801E+002, 1.1512282E+002, 1.0009075E+002, 9.7984396E+001, 9.3447509E+001, 9.0291134E+001, 7.6408995E+001, 5.6404406E+001, 4.1826711E+001, 3.9481148E+001, 3.7133094E+001, 3.3759984E+001, 3.1194846E+001, 9.9325464E+001, 1.0053543E+002, 1.0214735E+002, 1.0170796E+002, 1.0045334E+002, 9.7238778E+001, 9.0943127E+001, 5.3146644E+001, 3.5174659E+001, 3.4471418E+001, 3.4446351E+001, 1.3069558E+002, 1.3054718E+002, 1.3020394E+002, 1.2560831E+002, 1.1577728E+002, 9.2563626E+001, 8.1797257E+001, 5.9982672E+001, 4.6188340E+001, 3.9303779E+001, 3.4847245E+001, 2.0141574E+002, 1.6057630E+002, 1.9462671E+002, 1.4687247E+002, 2.0790681E+002, 1.5849645E+002, 2.0499363E+002, 1.5374543E+002, 6.6949500E+002, 6.1491311E+002, 5.9518624E+002, 6.1096216E+002, 5.8873726E+002, 5.2619952E+002, 3.6859187E+002
 3.1800136E+003, 1.1717662E+002, 1.1763646E+002, 1.1756170E+002, 1.2817414E+002, 1.4361428E+002, 1.1736039E+002, 1.1781104E+002, 1.1538821E+002, 1.1892142E+002, 1.2906002E+002, 1.5362175E+002, 1.1689327E+002, 1.1267725E+002, 1.1586919E+002, 1.2817241E+002, 1.4117311E+002, 1.5454940E+002, 1.3732835E+002, 1.0608339E+002, 1.1163873E+002, 1.2749249E+002, 1.4012852E+002, 1.4636762E+002, 1.3514797E+002, 1.0246678E+002, 1.0324126E+002, 1.1123080E+002, 1.2036106E+002, 1.2635772E+002, 1.0019779E+002, 1.0316606E+002, 1.3842459E+002, 1.5264323E+002, 1.5772332E+002, 1.0095344E+002, 1.0185706E+002, 1.0205924E+002, 1.2319823E+002, 1.5511413E+002, 1.9108819E+002, 1.0773226E+002, 1.0192418E+002, 1.0419519E+002, 1.2779298E+002, 1.6543434E+002, 1.8840510E+002, 1.5843411E+002, 1.0039223E+002, 1.1153356E+002, 1.3999345E+002, 1.7759899E+002, 1.8506176E+002, 1.6494847E+002, 1.0065868E+002, 1.1447514E+002, 1.4051934E+002, 1.4599534E+002, 1.3701806E+002, 1.2155453E+002, 2.6704541E+002, 2.6148862E+002, 1.9704217E+002, 1.2651488E+002, 1.8464285E+002, 1.2812231E+002, 2.7796106E+002, 3.5784659E+002, 2.6112942E+002, 1.5967848E+002, 3.2859981E+002, 1.2568061E+002, 2.5927802E+002, 3.1987402E+002, 2.3736538E+002, 1.4334893E+002, 2.7556279E+002, 1.2591324E+002, 2.4058438E+002, 2.9763814E+002, 2.0254253E+002, 1.3286902E+002, 1.5017942E+002, 1.3047430E+002, 2.5677750E+002, 2.0012015E+002, 1.3559778E+002, 9.8795796E+001, 1.1955966E+002, 1.0921068E+002, 1.0025743E+002, 9.8362113E+001, 9.6926454E+001, 9.5206037E+001, 8.1364686E+001, 6.2235878E+001, 4.4850069E+001, 4.0152171E+001, 3.7086804E+001, 3.5163831E+001, 3.3525947E+001, 1.3496933E+002, 1.2096741E+002, 9.9191434E+001, 9.7922003E+001, 9.5124593E+001, 9.0995912E+001, 7.9514115E+001, 6.2089173E+001, 4.3982348E+001, 3.9715655E+001, 3.7557590E+001, 3.3992115E+001, 3.0878065E+001, 9.8968025E+001, 1.0122046E+002, 1.0404184E+002, 1.0354019E+002, 1.0172490E+002, 9.7883821E+001, 9.1216397E+001, 5.0968245E+001, 3.6563471E+001, 3.5005187E+001, 3.4867819E+001, 1.2994378E+002, 1.3072495E+002, 1.3063321E+002, 1.2776094E+002, 1.0637733E+002, 9.3873923E+001, 8.3398440E+001, 5.8006893E+001, 4.5858437E+001, 4.1056941E+001, 3.6248971E+001, 2.0351264E+002, 1.6207747E+002, 1.9686296E+002, 1.4849698E+002, 2.1012731E+002, 1.6001423E+002, 2.0726988E+002, 1.5519191E+002, 6.7776857E+002, 6.2363085E+002, 5.9342833E+002, 5.7491792E+002, 5.3979563E+002, 4.3402722E+002, 3.6966035E+002
 3.2000022E+003, 1.1783525E+002, 1.1803413E+002, 1.1885929E+002, 1.2523422E+002, 1.3866122E+002, 1.1443734E+002, 1.1497494E+002, 1.1077607E+002, 1.1379166E+002, 1.2982948E+002, 1.4932166E+002, 1.1164356E+002, 1.0688859E+002, 1.1025260E+002, 1.1647489E+002, 1.3940330E+002, 1.5688638E+002, 1.2802171E+002, 1.0350997E+002, 1.1099528E+002, 1.1836990E+002, 1.3755671E+002, 1.4750354E+002, 1.2977243E+002, 1.0152471E+002, 1.0327871E+002, 1.0713376E+002, 1.1472901E+002, 1.1817359E+002, 1.0083919E+002, 1.0498882E+002, 1.3295532E+002, 1.5037442E+002, 1.5824820E+002, 1.0264411E+002, 1.0348010E+002, 1.0420827E+002, 1.2985304E+002, 1.6115699E+002, 1.9018834E+002, 1.1123546E+002, 1.0268419E+002, 1.0262620E+002, 1.1696131E+002, 1.7026774E+002, 2.1314337E+002, 1.5576973E+002, 9.9796304E+001, 1.0446404E+002, 1.4066315E+002, 1.7938171E+002, 1.8217724E+002, 1.6194492E+002, 9.9429421E+001, 1.1782345E+002, 1.3639948E+002, 1.3432328E+002, 1.3200188E+002, 1.2035398E+002, 2.6257905E+002, 2.1270414E+002, 1.7315074E+002, 1.2267561E+002, 1.6211611E+002, 1.1992529E+002, 2.6782694E+002, 3.4217183E+002, 2.3365290E+002, 1.4291654E+002, 3.4470824E+002, 1.2651703E+002, 2.6528155E+002, 3.5865683E+002, 2.8806793E+002, 1.7092046E+002, 3.1495664E+002, 1.2650355E+002, 2.6980490E+002, 3.3945238E+002, 2.2348798E+002, 1.3560423E+002, 1.5449830E+002, 1.3093281E+002, 2.4976921E+002, 1.8936365E+002, 1.2400293E+002, 1.0469309E+002, 1.1879083E+002, 1.0932927E+002, 1.0152076E+002, 9.9415254E+001, 9.8028326E+001, 9.5461871E+001, 8.3052622E+001, 6.2103666E+001, 4.3170949E+001, 4.0099518E+001, 3.7346396E+001, 3.5309809E+001, 3.3701455E+001, 1.3167267E+002, 1.1606963E+002, 9.9351644E+001, 9.6458519E+001, 9.7989496E+001, 9.2234850E+001, 8.1886017E+001, 5.6591725E+001, 4.2754043E+001, 3.9906068E+001, 3.8061453E+001, 3.4614222E+001, 3.0739112E+001, 9.7736181E+001, 1.0046695E+002, 1.0059335E+002, 9.9914461E+001, 9.8714078E+001, 9.4996200E+001, 8.7217729E+001, 5.6080880E+001, 3.6297157E+001, 3.5537915E+001, 3.5215863E+001, 1.3841459E+002, 1.3817545E+002, 1.3605848E+002, 1.2959529E+002, 1.1353855E+002, 8.9447910E+001, 8.1708623E+001, 6.0485316E+001, 4.5058886E+001, 4.1383114E+001, 3.7866156E+001, 2.0535384E+002, 1.6345968E+002, 1.9906105E+002, 1.4995245E+002, 2.1213186E+002, 1.6140150E+002, 2.0943063E+002, 1.5665234E+002, 6.6487804E+002, 6.2540468E+002, 6.2308038E+002, 6.0117289E+002, 5.8788877E+002, 5.6282048E+002, 3.7041697E+002
 3.2200053E+003, 1.1764937E+002, 1.1888468E+002, 1.2219699E+002, 1.3045201E+002, 1.4262133E+002, 1.1680261E+002, 1.1735259E+002, 1.1514161E+002, 1.1686959E+002, 1.3117348E+002, 1.4360076E+002, 1.1460417E+002, 1.1329970E+002, 1.1042703E+002, 1.1581773E+002, 1.3195218E+002, 1.5216632E+002, 1.2008731E+002, 1.0859625E+002, 1.0957390E+002, 1.1053272E+002, 1.2983749E+002, 1.4562720E+002, 1.4270579E+002, 1.0582267E+002, 1.0732934E+002, 1.0994878E+002, 1.2206908E+002, 1.3884260E+002, 1.0214713E+002, 1.1227888E+002, 1.4575523E+002, 1.6868728E+002, 1.6059194E+002, 1.0248701E+002, 1.0167127E+002, 1.0416817E+002, 1.2830689E+002, 1.6984043E+002, 1.7797932E+002, 1.1253966E+002, 1.0171432E+002, 1.0340210E+002, 1.3045312E+002, 1.6962537E+002, 1.8922965E+002, 1.4824871E+002, 1.0024064E+002, 1.0411448E+002, 1.2376548E+002, 1.6274906E+002, 1.7612736E+002, 1.6779851E+002, 9.7148002E+001, 1.0460124E+002, 1.3029903E+002, 1.5015077E+002, 1.6104172E+002, 1.2672638E+002, 2.7321179E+002, 2.4870214E+002, 1.6723995E+002, 1.1973343E+002, 1.8369538E+002, 1.2291498E+002, 2.6936062E+002, 3.6584386E+002, 2.7677098E+002, 1.5335405E+002, 3.5293155E+002, 1.3613526E+002, 3.0102443E+002, 3.3073966E+002, 2.2703691E+002, 1.5110492E+002, 2.4379776E+002, 1.3582035E+002, 2.4607521E+002, 2.8909602E+002, 1.9512829E+002, 1.2030947E+002, 1.4964955E+002, 1.3873618E+002, 2.4390497E+002, 2.0287781E+002, 1.4423381E+002, 1.0365107E+002, 1.1752143E+002, 1.1174756E+002, 1.0375759E+002, 1.0094781E+002, 9.9442879E+001, 9.6974364E+001, 8.3219598E+001, 6.0915567E+001, 4.3971425E+001, 4.0349352E+001, 3.7074184E+001, 3.5479964E+001, 3.3294879E+001, 1.3713217E+002, 1.2132726E+002, 1.0233347E+002, 9.8785087E+001, 9.7195440E+001, 9.5437129E+001, 8.5460411E+001, 5.6842818E+001, 4.3916453E+001, 4.0124248E+001, 3.7963341E+001, 3.4421811E+001, 3.1742042E+001, 1.0199176E+002, 1.0416248E+002, 1.0498025E+002, 1.0409649E+002, 1.0204237E+002, 9.9792119E+001, 9.5573369E+001, 5.1160582E+001, 3.6336507E+001, 3.5495724E+001, 3.5267194E+001, 1.3286938E+002, 1.3308748E+002, 1.3288426E+002, 1.2067532E+002, 1.0491135E+002, 8.9140583E+001, 8.0455568E+001, 6.3366273E+001, 4.4826610E+001, 4.1414137E+001, 3.7728492E+001, 2.0721319E+002, 1.6476120E+002, 2.0092576E+002, 1.5130919E+002, 2.1385305E+002, 1.6272815E+002, 2.1129050E+002, 1.5800342E+002, 6.7339478E+002, 6.3249501E+002, 6.0916441E+002, 5.8818345E+002, 6.0785209E+002, 6.1213389E+002, 3.7125302E+002
 3.2400018E+003, 1.1363830E+002, 1.1433500E+002, 1.1828719E+002, 1.2528036E+002, 1.4386231E+002, 1.1571992E+002, 1.1635375E+002, 1.1822160E+002, 1.3441723E+002, 1.3856896E+002, 1.5373999E+002, 1.2377227E+002, 1.1537058E+002, 1.1501270E+002, 1.3651499E+002, 1.5190131E+002, 1.6352734E+002, 1.3852161E+002, 1.1227154E+002, 1.1220188E+002, 1.1529275E+002, 1.3152539E+002, 1.3902240E+002, 1.3154713E+002, 1.0863271E+002, 1.1077709E+002, 1.1378886E+002, 1.2106131E+002, 1.2741592E+002, 9.9289202E+001, 1.0529766E+002, 1.2898351E+002, 1.3806599E+002, 1.6545890E+002, 1.0245642E+002, 1.0164877E+002, 1.0852846E+002, 1.3429259E+002, 1.7624815E+002, 2.0740015E+002, 1.2323121E+002, 1.0169173E+002, 1.0607378E+002, 1.4967739E+002, 1.9140538E+002, 1.9699739E+002, 1.6334546E+002, 1.0103147E+002, 1.0852756E+002, 1.2908430E+002, 1.6722932E+002, 1.7759072E+002, 1.6691112E+002, 1.0263527E+002, 1.1806346E+002, 1.4011492E+002, 1.4355439E+002, 1.4218021E+002, 1.2917259E+002, 2.4661557E+002, 2.1854318E+002, 1.6798825E+002, 1.2041716E+002, 2.0823055E+002, 1.2510128E+002, 2.6553715E+002, 3.6542234E+002, 2.7932477E+002, 1.6559264E+002, 3.2837101E+002, 1.2847192E+002, 2.5240293E+002, 3.1905555E+002, 2.4087142E+002, 1.6126588E+002, 2.8181046E+002, 1.2845376E+002, 2.3330501E+002, 3.1184627E+002, 2.2399687E+002, 1.4282889E+002, 1.5338077E+002, 1.3416933E+002, 2.5069574E+002, 1.7533278E+002, 1.2383951E+002, 9.9812252E+001, 1.2214721E+002, 1.1482580E+002, 1.0379668E+002, 1.0243443E+002, 1.0139346E+002, 9.7846364E+001, 8.4197100E+001, 5.8444779E+001, 4.3456686E+001, 4.0271874E+001, 3.7603153E+001, 3.5887589E+001, 3.4668625E+001, 1.3193478E+002, 1.1883999E+002, 1.0247287E+002, 9.8170410E+001, 9.6244343E+001, 9.3995453E+001, 8.2573518E+001, 5.6843670E+001, 4.3854693E+001, 4.0261443E+001, 3.7798568E+001, 3.3260808E+001, 3.0880911E+001, 1.0236254E+002, 1.0388382E+002, 1.0567147E+002, 1.0536327E+002, 1.0353191E+002, 9.9646923E+001, 9.0755205E+001, 4.8896328E+001, 3.5873131E+001, 3.5329517E+001, 3.5308700E+001, 1.3345874E+002, 1.3319393E+002, 1.3239991E+002, 1.2100383E+002, 1.0138896E+002, 9.2572597E+001, 8.3930473E+001, 6.5114535E+001, 4.5146444E+001, 4.0467949E+001, 3.5746084E+001, 2.0903600E+002, 1.6601140E+002, 2.0258801E+002, 1.5271707E+002, 2.1556827E+002, 1.6405904E+002, 2.1280534E+002, 1.5933980E+002, 6.8588657E+002, 6.3788055E+002, 6.2784912E+002, 5.9669667E+002, 5.3958162E+002, 4.3666619E+002, 3.7241548E+002
 3.2600170E+003, 1.1658720E+002, 1.1875404E+002, 1.1881436E+002, 1.2464544E+002, 1.3298029E+002, 1.2103990E+002, 1.2085218E+002, 1.1959474E+002, 1.2460491E+002, 1.3503228E+002, 1.4215267E+002, 1.1978964E+002, 1.1872823E+002, 1.1792512E+002, 1.2526781E+002, 1.4488749E+002, 1.5756438E+002, 1.3655034E+002, 1.1373878E+002, 1.1267678E+002, 1.1936689E+002, 1.4458806E+002, 1.5526792E+002, 1.4749105E+002, 1.0743561E+002, 1.0980490E+002, 1.1691674E+002, 1.3657227E+002, 1.3389124E+002, 9.8249623E+001, 1.0248751E+002, 1.2894250E+002, 1.4791993E+002, 1.4814447E+002, 1.0033745E+002, 1.0196693E+002, 1.0371038E+002, 1.2331721E+002, 1.5777687E+002, 1.6230898E+002, 1.1107167E+002, 1.0466456E+002, 1.0896271E+002, 1.3978715E+002, 1.6883984E+002, 1.8673759E+002, 1.6283977E+002, 1.0482574E+002, 1.0746199E+002, 1.3912610E+002, 1.8223584E+002, 1.8858455E+002, 1.8415684E+002, 1.0383222E+002, 1.1282804E+002, 1.5040442E+002, 1.7061909E+002, 1.6082103E+002, 1.2390278E+002, 2.5117908E+002, 2.0142331E+002, 1.4196462E+002, 1.0966910E+002, 1.6994848E+002, 1.2164815E+002, 2.3242727E+002, 3.0856619E+002, 2.4093633E+002, 1.5142403E+002, 3.0938914E+002, 1.2873430E+002, 2.7203280E+002, 3.3856639E+002, 2.6028299E+002, 1.7701208E+002, 3.3661771E+002, 1.3147077E+002, 2.8473754E+002, 3.5355326E+002, 2.4923310E+002, 1.4403686E+002, 1.6122246E+002, 1.3046118E+002, 2.8541700E+002, 2.0548198E+002, 1.4282479E+002, 1.1246958E+002, 1.2089173E+002, 1.1223219E+002, 1.0333540E+002, 1.0171147E+002, 1.0179379E+002, 9.6929357E+001, 8.3037673E+001, 6.1770190E+001, 4.5970619E+001, 4.0869692E+001, 3.9455781E+001, 3.6455263E+001, 3.5291665E+001, 1.3218789E+002, 1.1848176E+002, 1.0358214E+002, 1.0103187E+002, 9.7037448E+001, 9.4562957E+001, 8.1336617E+001, 5.8509781E+001, 4.5550355E+001, 4.0086688E+001, 3.9345121E+001, 3.5312597E+001, 3.1009708E+001, 1.0136524E+002, 1.0183902E+002, 1.0238910E+002, 1.0269003E+002, 1.0158985E+002, 9.9096606E+001, 8.8160852E+001, 6.5327472E+001, 3.6091321E+001, 3.5873701E+001, 3.5860732E+001, 1.3160048E+002, 1.3253024E+002, 1.3280768E+002, 1.2404201E+002, 1.0694957E+002, 9.2866638E+001, 8.1781794E+001, 6.2943055E+001, 4.6970941E+001, 4.0731020E+001, 3.8083354E+001, 2.1068206E+002, 1.6718407E+002, 2.0435142E+002, 1.5409943E+002, 2.1708800E+002, 1.6523396E+002, 2.1434916E+002, 1.6051356E+002, 6.9438892E+002, 6.4024642E+002, 6.2412829E+002, 6.1098921E+002, 5.7647302E+002, 5.7386160E+002, 3.7464266E+002
 3.2800063E+003, 1.1535864E+002, 1.1725416E+002, 1.1895350E+002, 1.2874784E+002, 1.4791540E+002, 1.1775513E+002, 1.1801827E+002, 1.1771511E+002, 1.1969487E+002, 1.3936414E+002, 1.5465832E+002, 1.1890372E+002, 1.2024208E+002, 1.1908845E+002, 1.1998345E+002, 1.4092173E+002, 1.5998050E+002, 1.2658824E+002, 1.1948224E+002, 1.2003682E+002, 1.1979117E+002, 1.2471296E+002, 1.4613259E+002, 1.2739754E+002, 1.1664193E+002, 1.1892470E+002, 1.1676496E+002, 1.1899924E+002, 1.1875902E+002, 1.0202699E+002, 1.0792372E+002, 1.3655876E+002, 1.5567488E+002, 1.4619688E+002, 1.0453194E+002, 1.0399176E+002, 1.0803687E+002, 1.2745956E+002, 1.6620967E+002, 1.8471006E+002, 1.1548799E+002, 1.0511372E+002, 1.0853018E+002, 1.2996840E+002, 1.7912279E+002, 2.1143773E+002, 1.6455288E+002, 1.0332455E+002, 1.1208349E+002, 1.4949294E+002, 1.8212660E+002, 2.0217877E+002, 1.7871197E+002, 1.0259768E+002, 1.1408649E+002, 1.2718615E+002, 1.3569615E+002, 1.5040790E+002, 1.2542684E+002, 2.6066879E+002, 2.1790011E+002, 1.4975843E+002, 1.0920704E+002, 1.7651856E+002, 1.2048483E+002, 2.2861125E+002, 3.2239999E+002, 2.5625817E+002, 1.4831777E+002, 3.1481611E+002, 1.3406789E+002, 2.8949921E+002, 3.6094562E+002, 2.8640807E+002, 1.8734974E+002, 3.4112985E+002, 1.2600911E+002, 2.4255414E+002, 3.4667623E+002, 2.5215168E+002, 1.4266548E+002, 1.6102477E+002, 1.2951912E+002, 2.6247191E+002, 2.0770688E+002, 1.4774248E+002, 9.9699811E+001, 1.2429892E+002, 1.1384658E+002, 1.0345476E+002, 1.0223385E+002, 1.0142374E+002, 9.8895646E+001, 8.4582228E+001, 6.1300701E+001, 4.6622689E+001, 4.1670374E+001, 3.9086338E+001, 3.5708976E+001, 3.4835285E+001, 1.3766067E+002, 1.2468108E+002, 1.0324252E+002, 9.9961619E+001, 9.6304362E+001, 9.5146094E+001, 8.3775543E+001, 5.7803103E+001, 4.4736841E+001, 4.0210770E+001, 3.8925209E+001, 3.4874680E+001, 3.0414167E+001, 1.0225244E+002, 1.0324947E+002, 1.0384074E+002, 1.0302073E+002, 1.0103275E+002, 9.8418750E+001, 9.3632652E+001, 5.7284330E+001, 3.6433849E+001, 3.6117142E+001, 3.5904861E+001, 1.3153598E+002, 1.3219821E+002, 1.3284528E+002, 1.2767694E+002, 1.1078219E+002, 9.6926251E+001, 8.3927824E+001, 5.9189878E+001, 4.5695259E+001, 4.1504283E+001, 3.8189725E+001, 2.1213172E+002, 1.6821178E+002, 2.0611541E+002, 1.5538861E+002, 2.1864205E+002, 1.6633096E+002, 2.1594081E+002, 1.6159526E+002, 6.7902144E+002, 6.3124742E+002, 6.1856108E+002, 6.1438441E+002, 5.4273536E+002, 3.8118619E+002, 3.7610518E+002
 3.3000308E+003, 1.1871924E+002, 1.1923775E+002, 1.1891937E+002, 1.2992533E+002, 1.3470694E+002, 1.1946967E+002, 1.1961718E+002, 1.1798833E+002, 1.2238974E+002, 1.3086214E+002, 1.4570626E+002, 1.1560403E+002, 1.1916950E+002, 1.1545861E+002, 1.1896543E+002, 1.4113939E+002, 1.4963762E+002, 1.2951526E+002, 1.1719312E+002, 1.1479710E+002, 1.2103876E+002, 1.2793353E+002, 1.4345368E+002, 1.2695821E+002, 1.1230724E+002, 1.1054752E+002, 1.0997113E+002, 1.1648755E+002, 1.4049682E+002, 1.0235546E+002, 1.0889757E+002, 1.2619956E+002, 1.4306833E+002, 1.4927962E+002, 1.0397546E+002, 1.0366265E+002, 1.0700612E+002, 1.3249196E+002, 1.6916887E+002, 1.8815987E+002, 1.1835894E+002, 1.0346835E+002, 1.0769438E+002, 1.2852497E+002, 1.7025927E+002, 1.9377938E+002, 1.5270759E+002, 1.0337957E+002, 1.1967187E+002, 1.5478047E+002, 1.8185096E+002, 2.0272436E+002, 1.8033542E+002, 1.0400939E+002, 1.1592652E+002, 1.3365250E+002, 1.5279092E+002, 1.7146844E+002, 1.2840926E+002, 2.7233845E+002, 2.2372365E+002, 1.6111797E+002, 1.1403989E+002, 1.7091734E+002, 1.2385158E+002, 2.2351571E+002, 3.1758692E+002, 2.4817014E+002, 1.5686272E+002, 3.2119780E+002, 1.3441467E+002, 2.9091574E+002, 3.4169423E+002, 2.5549526E+002, 1.5928491E+002, 3.1718190E+002, 1.3723022E+002, 2.7475201E+002, 3.3009775E+002, 2.3278018E+002, 1.4330787E+002, 1.4922866E+002, 1.3236757E+002, 2.5769442E+002, 1.9741223E+002, 1.4048166E+002, 1.0927623E+002, 1.2569420E+002, 1.1555802E+002, 1.0696506E+002, 1.0317927E+002, 1.0222429E+002, 1.0016203E+002, 8.5469890E+001, 6.2838550E+001, 4.6429724E+001, 4.1034879E+001, 3.7206145E+001, 3.5494042E+001, 3.4226827E+001, 1.3680389E+002, 1.1713717E+002, 1.0235498E+002, 9.9247807E+001, 9.6749308E+001, 9.6234735E+001, 8.4759343E+001, 5.8859784E+001, 4.5771806E+001, 4.0824812E+001, 3.9284924E+001, 3.5012793E+001, 3.1129018E+001, 1.0267810E+002, 1.0531120E+002, 1.0547790E+002, 1.0504465E+002, 1.0382230E+002, 1.0159482E+002, 9.6350613E+001, 4.7740343E+001, 3.6497802E+001, 3.6269828E+001, 3.6144663E+001, 1.3021243E+002, 1.3062219E+002, 1.3039324E+002, 1.2007927E+002, 1.0570000E+002, 9.3434370E+001, 8.5960163E+001, 5.6529393E+001, 4.3935050E+001, 4.1046874E+001, 3.6894332E+001, 2.1346730E+002, 1.6910209E+002, 2.0759496E+002, 1.5653555E+002, 2.1985634E+002, 1.6723708E+002, 2.1694991E+002, 1.6253506E+002, 6.5266566E+002, 6.0766402E+002, 6.0706683E+002, 6.2146185E+002, 5.9856159E+002, 5.4365812E+002, 3.7708341E+002
 3.3200386E+003, 1.1833236E+002, 1.2261135E+002, 1.2684917E+002, 1.3811634E+002, 1.4494910E+002, 1.1935000E+002, 1.1872662E+002, 1.2029180E+002, 1.2867341E+002, 1.4006839E+002, 1.5509136E+002, 1.2055298E+002, 1.1857675E+002, 1.1804233E+002, 1.2314959E+002, 1.3965911E+002, 1.6300256E+002, 1.3057116E+002, 1.1675545E+002, 1.1443291E+002, 1.2737709E+002, 1.4179536E+002, 1.5770920E+002, 1.4653227E+002, 1.1146552E+002, 1.1078101E+002, 1.1620559E+002, 1.2116439E+002, 1.3255347E+002, 1.0634167E+002, 1.1160929E+002, 1.2689839E+002, 1.5043695E+002, 1.6295713E+002, 1.0884639E+002, 1.0838397E+002, 1.1362780E+002, 1.5016148E+002, 1.8568175E+002, 2.0187262E+002, 1.2379967E+002, 1.0735757E+002, 1.0814922E+002, 1.2982482E+002, 1.7088830E+002, 2.0652812E+002, 1.5101190E+002, 1.0556231E+002, 1.1033409E+002, 1.4326228E+002, 1.8261811E+002, 1.8166726E+002, 1.6667832E+002, 1.0381509E+002, 1.1709751E+002, 1.4287266E+002, 1.4919791E+002, 1.3992000E+002, 1.3057106E+002, 2.6622728E+002, 2.5366638E+002, 1.8962508E+002, 1.2338070E+002, 1.9379376E+002, 1.2633343E+002, 2.5616583E+002, 3.1354510E+002, 2.2106559E+002, 1.4512638E+002, 3.0117211E+002, 1.3021002E+002, 2.6534282E+002, 3.1510425E+002, 2.4051417E+002, 1.5474723E+002, 3.3101725E+002, 1.4306436E+002, 2.9219363E+002, 3.2713313E+002, 2.2278810E+002, 1.4190510E+002, 1.3210439E+002, 1.3759753E+002, 2.4704797E+002, 1.7686804E+002, 1.2779980E+002, 1.1214174E+002, 1.2853285E+002, 1.1815699E+002, 1.0866129E+002, 1.0445486E+002, 1.0348903E+002, 1.0042599E+002, 8.5524757E+001, 6.1892205E+001, 4.7229727E+001, 4.1950442E+001, 3.9211095E+001, 3.6220035E+001, 3.4053194E+001, 1.3576805E+002, 1.1587790E+002, 1.0331161E+002, 1.0062772E+002, 9.7536441E+001, 9.7675659E+001, 8.1976443E+001, 6.0247862E+001, 4.5058724E+001, 4.0783171E+001, 3.9249456E+001, 3.4527421E+001, 2.9977175E+001, 1.0053321E+002, 1.0301440E+002, 1.0346033E+002, 1.0340031E+002, 1.0227290E+002, 1.0036644E+002, 9.7631104E+001, 5.4916450E+001, 3.7016507E+001, 3.6744032E+001, 3.6423487E+001, 1.3840165E+002, 1.3822694E+002, 1.3727279E+002, 1.3396037E+002, 1.1530974E+002, 9.5990871E+001, 8.5686102E+001, 6.4840255E+001, 4.5875356E+001, 4.1579111E+001, 3.7237159E+001, 2.1472651E+002, 1.7004429E+002, 2.0906171E+002, 1.5767596E+002, 2.2084000E+002, 1.6814167E+002, 2.1804336E+002, 1.6353350E+002, 6.9189396E+002, 6.2900899E+002, 6.0603274E+002, 5.8120371E+002, 5.6923170E+002, 5.0322720E+002, 3.7815712E+002
 3.3400112E+003, 1.1962873E+002, 1.2162783E+002, 1.2723239E+002, 1.4292630E+002, 1.4964199E+002, 1.1990898E+002, 1.2051684E+002, 1.2281094E+002, 1.2683638E+002, 1.4347547E+002, 1.6349039E+002, 1.2379767E+002, 1.2023871E+002, 1.2203215E+002, 1.2827394E+002, 1.3518790E+002, 1.6054365E+002, 1.3025965E+002, 1.1904487E+002, 1.2224119E+002, 1.2740874E+002, 1.3511024E+002, 1.4439624E+002, 1.3383322E+002, 1.1740314E+002, 1.1769814E+002, 1.2274968E+002, 1.2176748E+002, 1.3101321E+002, 1.0465696E+002, 1.1079018E+002, 1.3635253E+002, 1.6137822E+002, 1.8322203E+002, 1.0570608E+002, 1.0600205E+002, 1.0671607E+002, 1.4159009E+002, 1.9121133E+002, 2.0287707E+002, 1.1640864E+002, 1.0323108E+002, 1.0609523E+002, 1.4151676E+002, 1.9288980E+002, 1.9845283E+002, 1.6186742E+002, 1.0571728E+002, 1.2333130E+002, 1.4037015E+002, 1.6954959E+002, 1.7470514E+002, 1.5601435E+002, 1.0655758E+002, 1.2025414E+002, 1.3630195E+002, 1.4382941E+002, 1.3869588E+002, 1.3196296E+002, 2.6571388E+002, 2.6851548E+002, 1.9516961E+002, 1.3039479E+002, 2.1823087E+002, 1.3513800E+002, 2.8538535E+002, 3.5431806E+002, 2.4988714E+002, 1.5393408E+002, 3.3933503E+002, 1.2757279E+002, 2.8126761E+002, 3.3556179E+002, 2.5622966E+002, 1.5587121E+002, 2.8539682E+002, 1.3157772E+002, 2.7783097E+002, 3.0044963E+002, 2.0266075E+002, 1.3462293E+002, 1.4391798E+002, 1.3806742E+002, 2.2991542E+002, 1.7537901E+002, 1.2599528E+002, 1.0701226E+002, 1.2528662E+002, 1.1573445E+002, 1.0601613E+002, 1.0402180E+002, 1.0266186E+002, 1.0004627E+002, 8.8174341E+001, 6.2600518E+001, 4.7261312E+001, 4.1670833E+001, 3.9038194E+001, 3.5869282E+001, 3.4077820E+001, 1.3377377E+002, 1.1865124E+002, 1.0327882E+002, 1.0308103E+002, 1.0082880E+002, 9.8021893E+001, 8.0793734E+001, 5.9083357E+001, 4.5186278E+001, 4.1113701E+001, 3.9890104E+001, 3.5630707E+001, 3.2155814E+001, 9.6872736E+001, 1.0098032E+002, 1.0348366E+002, 1.0348715E+002, 1.0221940E+002, 9.9836750E+001, 9.6235057E+001, 5.3081448E+001, 3.7320336E+001, 3.6844880E+001, 3.6461466E+001, 1.3947719E+002, 1.3928420E+002, 1.3789827E+002, 1.2655258E+002, 1.0957192E+002, 9.4394368E+001, 8.0480225E+001, 6.6785393E+001, 4.6994581E+001, 4.3356645E+001, 3.8589123E+001, 2.1586084E+002, 1.7093499E+002, 2.1044365E+002, 1.5875816E+002, 2.2176246E+002, 1.6910940E+002, 2.1896908E+002, 1.6444293E+002, 6.7642338E+002, 6.1796424E+002, 5.9698929E+002, 5.6969170E+002, 5.5856362E+002, 6.0957991E+002, 3.7840964E+002
 3.3600381E+003, 1.1834293E+002, 1.2063258E+002, 1.2467575E+002, 1.3064928E+002, 1.4657009E+002, 1.1751403E+002, 1.1749670E+002, 1.2131902E+002, 1.2634689E+002, 1.3735461E+002, 1.5225966E+002, 1.2358669E+002, 1.1747973E+002, 1.1996239E+002, 1.2977720E+002, 1.4984219E+002, 1.6676323E+002, 1.3831751E+002, 1.1646034E+002, 1.1924184E+002, 1.3018252E+002, 1.4235024E+002, 1.5769551E+002, 1.4138650E+002, 1.1192006E+002, 1.1730487E+002, 1.3053574E+002, 1.2889618E+002, 1.3452715E+002, 1.0488168E+002, 1.1398394E+002, 1.3490747E+002, 1.4611301E+002, 1.5738314E+002, 1.0740104E+002, 1.0510909E+002, 1.1289984E+002, 1.3306874E+002, 1.6399943E+002, 1.9722601E+002, 1.1592528E+002, 1.0524890E+002, 1.0823372E+002, 1.4512031E+002, 1.8699843E+002, 2.1582107E+002, 1.7869104E+002, 1.0583084E+002, 1.1881026E+002, 1.5999819E+002, 1.9343006E+002, 1.9411412E+002, 1.7229591E+002, 1.0580337E+002, 1.2416800E+002, 1.4978636E+002, 1.4826875E+002, 1.4566530E+002, 1.2923182E+002, 2.5155150E+002, 2.2690748E+002, 1.6142032E+002, 1.1939364E+002, 1.9023655E+002, 1.2230999E+002, 2.4178506E+002, 3.4820186E+002, 2.7484630E+002, 1.6312352E+002, 3.0136861E+002, 1.3071308E+002, 2.9080908E+002, 3.5722813E+002, 2.5355201E+002, 1.4849462E+002, 2.9663373E+002, 1.3111171E+002, 2.5890406E+002, 3.3183583E+002, 2.2607957E+002, 1.3668520E+002, 1.4921062E+002, 1.3743287E+002, 2.6960457E+002, 1.8494072E+002, 1.4292826E+002, 1.1803775E+002, 1.2401666E+002, 1.1653086E+002, 1.0654257E+002, 1.0405498E+002, 1.0286013E+002, 1.0114079E+002, 8.9452558E+001, 6.0609025E+001, 4.7416101E+001, 4.1149826E+001, 3.8686325E+001, 3.6427651E+001, 3.4248141E+001, 1.3671476E+002, 1.1790236E+002, 1.0429343E+002, 1.0396968E+002, 1.0027715E+002, 9.8148217E+001, 8.5289065E+001, 6.1758862E+001, 4.5077549E+001, 4.1661552E+001, 3.9667207E+001, 3.4542567E+001, 3.1792746E+001, 1.0062015E+002, 1.0553726E+002, 1.0702076E+002, 1.0671784E+002, 1.0484838E+002, 1.0117968E+002, 9.7341067E+001, 4.9376672E+001, 3.7227054E+001, 3.6914304E+001, 3.6462527E+001, 1.3978670E+002, 1.4020693E+002, 1.3866917E+002, 1.3354709E+002, 1.1409260E+002, 9.7395806E+001, 8.8060227E+001, 6.3782460E+001, 4.5554308E+001, 4.3833841E+001, 3.9660274E+001, 2.1678147E+002, 1.7173399E+002, 2.1158992E+002, 1.5964653E+002, 2.2273697E+002, 1.7003417E+002, 2.1993380E+002, 1.6527249E+002, 6.7270956E+002, 6.4427469E+002, 6.3329713E+002, 6.2846838E+002, 6.8980144E+002, 6.8877435E+002, 3.7764571E+002
 3.3800209E+003, 1.1838026E+002, 1.2046769E+002, 1.2763358E+002, 1.3594913E+002, 1.4698627E+002, 1.2088109E+002, 1.1906737E+002, 1.2235812E+002, 1.2968929E+002, 1.4412768E+002, 1.6195911E+002, 1.2301259E+002, 1.1986164E+002, 1.1994657E+002, 1.3356237E+002, 1.5250952E+002, 1.7513878E+002, 1.3629242E+002, 1.1891034E+002, 1.1530951E+002, 1.2621145E+002, 1.3869405E+002, 1.5487424E+002, 1.4103433E+002, 1.1465822E+002, 1.1213885E+002, 1.1511684E+002, 1.2409337E+002, 1.3934480E+002, 1.0618405E+002, 1.1684938E+002, 1.4538733E+002, 1.4650410E+002, 1.4480173E+002, 1.0958715E+002, 1.0758935E+002, 1.0905252E+002, 1.3865991E+002, 1.7166102E+002, 1.9298482E+002, 1.1474364E+002, 1.0754930E+002, 1.0943067E+002, 1.4988694E+002, 1.9856705E+002, 2.1301529E+002, 1.7698024E+002, 1.0616853E+002, 1.1650686E+002, 1.5564451E+002, 1.9018793E+002, 2.0538261E+002, 1.7225474E+002, 1.0483222E+002, 1.2216837E+002, 1.4039556E+002, 1.5080764E+002, 1.4945774E+002, 1.2928400E+002, 2.6823768E+002, 2.1599505E+002, 1.6678394E+002, 1.2277813E+002, 1.9972284E+002, 1.2583806E+002, 2.4096710E+002, 3.2977168E+002, 2.4653089E+002, 1.4467311E+002, 3.1318794E+002, 1.3400861E+002, 2.9024022E+002, 3.2910004E+002, 2.4490252E+002, 1.5668610E+002, 3.1472211E+002, 1.3563533E+002, 2.5360750E+002, 3.2552121E+002, 2.4690063E+002, 1.4787924E+002, 1.6877254E+002, 1.3471247E+002, 2.9952177E+002, 2.5453503E+002, 1.6440823E+002, 1.1567687E+002, 1.2780207E+002, 1.1538530E+002, 1.0754911E+002, 1.0504618E+002, 1.0319292E+002, 1.0166448E+002, 8.9271278E+001, 6.2006713E+001, 4.7213218E+001, 4.1485422E+001, 3.9504796E+001, 3.6549315E+001, 3.5941484E+001, 1.4011028E+002, 1.1830811E+002, 1.0611926E+002, 1.0127300E+002, 9.8985425E+001, 9.8166160E+001, 7.9451019E+001, 6.2492298E+001, 4.5797544E+001, 4.2528680E+001, 4.0454258E+001, 3.5935505E+001, 3.3312848E+001, 1.0247375E+002, 1.0481620E+002, 1.0646271E+002, 1.0586343E+002, 1.0396961E+002, 1.0123759E+002, 9.8247237E+001, 6.0587853E+001, 3.7305344E+001, 3.7031197E+001, 3.7056458E+001, 1.3813806E+002, 1.3797657E+002, 1.3767833E+002, 1.3522838E+002, 1.1143851E+002, 9.6519682E+001, 8.6386893E+001, 6.3902018E+001, 4.6344613E+001, 4.3809580E+001, 3.6854365E+001, 2.1770281E+002, 1.7263618E+002, 2.1268573E+002, 1.6049061E+002, 2.2375139E+002, 1.7081259E+002, 2.2060962E+002, 1.6598130E+002, 6.7392315E+002, 6.1107663E+002, 6.0844858E+002, 6.1967217E+002, 5.9714389E+002, 6.0525863E+002, 3.7846053E+002
 3.4000349E+003, 1.1871819E+002, 1.1890639E+002, 1.2263832E+002, 1.3264995E+002, 1.4682845E+002, 1.1941579E+002, 1.1745055E+002, 1.1866246E+002, 1.2801125E+002, 1.3957513E+002, 1.6032686E+002, 1.2541528E+002, 1.1763773E+002, 1.1867065E+002, 1.2749311E+002, 1.4261034E+002, 1.7146687E+002, 1.3412277E+002, 1.1949396E+002, 1.1636537E+002, 1.2701907E+002, 1.5645271E+002, 1.6234283E+002, 1.5757500E+002, 1.1446597E+002, 1.1248512E+002, 1.2007467E+002, 1.3636065E+002, 1.4840429E+002, 1.0627301E+002, 1.1662305E+002, 1.3596377E+002, 1.4763671E+002, 1.5230840E+002, 1.0854346E+002, 1.0898226E+002, 1.1216414E+002, 1.3483190E+002, 1.8028165E+002, 1.7927012E+002, 1.2414264E+002, 1.0944183E+002, 1.1516983E+002, 1.4184723E+002, 1.8312049E+002, 2.1208535E+002, 1.6535081E+002, 1.0773075E+002, 1.1644715E+002, 1.4153000E+002, 1.8863260E+002, 2.0343138E+002, 1.9878769E+002, 1.0785275E+002, 1.2450402E+002, 1.4961297E+002, 1.7971057E+002, 1.7828809E+002, 1.2802086E+002, 2.3098423E+002, 2.2151087E+002, 1.6128716E+002, 1.1506139E+002, 1.8636606E+002, 1.2778338E+002, 2.6120143E+002, 3.2818067E+002, 2.1154694E+002, 1.5473090E+002, 3.5263003E+002, 1.3576401E+002, 2.9544832E+002, 3.5252065E+002, 2.6374984E+002, 1.7396293E+002, 2.9458533E+002, 1.3733438E+002, 2.5941205E+002, 3.3220371E+002, 2.5709066E+002, 1.4747639E+002, 1.5780478E+002, 1.4008802E+002, 2.9839961E+002, 2.2308838E+002, 1.4480524E+002, 1.0010720E+002, 1.3190203E+002, 1.1969412E+002, 1.0970941E+002, 1.0494892E+002, 1.0398094E+002, 1.0102928E+002, 8.8110906E+001, 6.1753582E+001, 4.6728374E+001, 4.1594694E+001, 3.9891230E+001, 3.6610337E+001, 3.5645607E+001, 1.4107525E+002, 1.2281407E+002, 1.0709480E+002, 1.0465837E+002, 1.0086219E+002, 9.8868941E+001, 8.5220201E+001, 6.3028737E+001, 4.5322629E+001, 4.2646052E+001, 4.0190595E+001, 3.4879509E+001, 3.1693292E+001, 1.0174471E+002, 1.0569781E+002, 1.0871286E+002, 1.0876125E+002, 1.0594698E+002, 1.0136853E+002, 9.4335294E+001, 4.8367489E+001, 3.7661049E+001, 3.7435592E+001, 3.7195128E+001, 1.3504007E+002, 1.3544461E+002, 1.3540281E+002, 1.3277047E+002, 1.1697052E+002, 9.6738386E+001, 8.8455394E+001, 6.4152833E+001, 4.7076599E+001, 4.0997973E+001, 3.5751103E+001, 2.1847528E+002, 1.7349387E+002, 2.1350350E+002, 1.6127742E+002, 2.2472350E+002, 1.7161223E+002, 2.2098632E+002, 1.6654213E+002, 6.6997174E+002, 6.0581823E+002, 5.9111382E+002, 6.0025692E+002, 6.2566288E+002, 5.6206857E+002, 3.7747716E+002
 3.4200217E+003, 1.1996895E+002, 1.2158515E+002, 1.2485396E+002, 1.2954896E+002, 1.3902802E+002, 1.2203909E+002, 1.2048116E+002, 1.2266364E+002, 1.2785334E+002, 1.4145676E+002, 1.5820129E+002, 1.2449707E+002, 1.2104767E+002, 1.2152076E+002, 1.2799313E+002, 1.4948946E+002, 1.7475710E+002, 1.3442095E+002, 1.2114188E+002, 1.1492110E+002, 1.2691166E+002, 1.3908995E+002, 1.6101384E+002, 1.4676949E+002, 1.1768305E+002, 1.1203074E+002, 1.1772685E+002, 1.3095897E+002, 1.4184418E+002, 1.0881944E+002, 1.1791198E+002, 1.2679951E+002, 1.3785781E+002, 1.5190331E+002, 1.1241378E+002, 1.1208275E+002, 1.1567010E+002, 1.3890635E+002, 1.8391192E+002, 1.9119456E+002, 1.1798844E+002, 1.1124132E+002, 1.1181456E+002, 1.3167707E+002, 1.9740695E+002, 2.2182449E+002, 1.5425517E+002, 1.0976915E+002, 1.1258684E+002, 1.4590340E+002, 1.7873675E+002, 1.9637287E+002, 1.8074792E+002, 1.0465706E+002, 1.1378064E+002, 1.4500004E+002, 1.7176903E+002, 1.6342138E+002, 1.3527839E+002, 2.6500449E+002, 2.0493112E+002, 1.4757904E+002, 1.2200183E+002, 2.1711778E+002, 1.3365069E+002, 2.8471770E+002, 3.4694208E+002, 2.5661380E+002, 1.5720887E+002, 3.3996959E+002, 1.3515764E+002, 2.6873555E+002, 3.4778128E+002, 2.5776867E+002, 1.5834442E+002, 2.9319806E+002, 1.3993580E+002, 2.8178549E+002, 3.3612415E+002, 2.3215567E+002, 1.5595744E+002, 1.7124939E+002, 1.3766589E+002, 2.7280441E+002, 2.1840269E+002, 1.5891123E+002, 1.2799441E+002, 1.2751527E+002, 1.2055164E+002, 1.1101984E+002, 1.0578101E+002, 1.0406998E+002, 1.0169561E+002, 8.7447635E+001, 6.5685460E+001, 4.8652574E+001, 4.2473762E+001, 3.9002912E+001, 3.7451211E+001, 3.5675721E+001, 1.3799273E+002, 1.2138950E+002, 1.0692093E+002, 1.0163541E+002, 1.0067866E+002, 9.9222277E+001, 8.7445594E+001, 6.0779593E+001, 4.4293159E+001, 4.1915743E+001, 3.9282573E+001, 3.5947913E+001, 3.2332084E+001, 1.0442372E+002, 1.0628546E+002, 1.0721928E+002, 1.0704878E+002, 1.0584606E+002, 1.0342308E+002, 9.8193761E+001, 5.2369778E+001, 3.7758002E+001, 3.7264405E+001, 3.7065081E+001, 1.3901269E+002, 1.3852079E+002, 1.3624742E+002, 1.3075660E+002, 1.1792083E+002, 9.9871280E+001, 8.9117652E+001, 6.6153365E+001, 4.5903482E+001, 4.2063644E+001, 3.6403704E+001, 2.1916849E+002, 1.7429170E+002, 2.1401137E+002, 1.6202094E+002, 2.2561169E+002, 1.7240219E+002, 2.2110311E+002, 1.6716552E+002, 6.8593792E+002, 6.5174472E+002, 6.3603978E+002, 6.2516269E+002, 5.8653087E+002, 5.1699698E+002, 3.7755515E+002
 3.4400439E+003, 1.1985074E+002, 1.1879828E+002, 1.2221663E+002, 1.3473615E+002, 1.5040720E+002, 1.2055786E+002, 1.2078217E+002, 1.2099613E+002, 1.2783873E+002, 1.3796724E+002, 1.6425675E+002, 1.2323787E+002, 1.2152464E+002, 1.2280786E+002, 1.3074105E+002, 1.4773549E+002, 1.6852489E+002, 1.3687258E+002, 1.1709134E+002, 1.1875480E+002, 1.2724813E+002, 1.4015350E+002, 1.6039694E+002, 1.4485198E+002, 1.1278102E+002, 1.1713159E+002, 1.2607122E+002, 1.3416329E+002, 1.4222000E+002, 1.0706176E+002, 1.1434999E+002, 1.3379756E+002, 1.5421266E+002, 1.5272147E+002, 1.1132273E+002, 1.1092276E+002, 1.1494681E+002, 1.4307303E+002, 1.8353501E+002, 2.0743583E+002, 1.2568474E+002, 1.1241593E+002, 1.1411520E+002, 1.6065918E+002, 1.9866454E+002, 2.1711206E+002, 1.6678441E+002, 1.0865927E+002, 1.0864484E+002, 1.3574054E+002, 1.6752797E+002, 1.9225006E+002, 1.7783049E+002, 1.0322763E+002, 1.1738635E+002, 1.5427028E+002, 1.5579131E+002, 1.5512658E+002, 1.2727486E+002, 2.1812122E+002, 2.1452307E+002, 1.5856832E+002, 1.2139178E+002, 1.9152576E+002, 1.3397084E+002, 2.7602028E+002, 3.5641112E+002, 2.7085540E+002, 1.6423306E+002, 3.6273679E+002, 1.3723967E+002, 2.7911573E+002, 3.6130228E+002, 2.8762925E+002, 1.7101010E+002, 3.2100374E+002, 1.3937007E+002, 2.7699337E+002, 3.3442506E+002, 2.1678501E+002, 1.4600510E+002, 1.4713501E+002, 1.3776728E+002, 2.7453289E+002, 1.9358935E+002, 1.2492379E+002, 1.0618696E+002, 1.2643415E+002, 1.1897704E+002, 1.1196424E+002, 1.0812914E+002, 1.0445282E+002, 1.0289289E+002, 8.8110979E+001, 6.4396826E+001, 4.6405302E+001, 4.1120166E+001, 3.8324143E+001, 3.6172042E+001, 3.5483183E+001, 1.4348480E+002, 1.2172990E+002, 1.0669633E+002, 1.0555007E+002, 1.0218551E+002, 1.0020580E+002, 8.9597083E+001, 6.1326973E+001, 4.4613798E+001, 4.2477159E+001, 3.9908515E+001, 3.6953029E+001, 3.3420329E+001, 1.0691375E+002, 1.0842127E+002, 1.0910891E+002, 1.0918030E+002, 1.0730225E+002, 1.0430653E+002, 9.8584222E+001, 5.6081265E+001, 3.7656524E+001, 3.7425740E+001, 3.7165303E+001, 1.3795376E+002, 1.3816466E+002, 1.3766245E+002, 1.3545359E+002, 1.1788763E+002, 9.7432715E+001, 8.6048158E+001, 6.7670302E+001, 4.6196613E+001, 4.3247629E+001, 4.0568166E+001, 2.1982452E+002, 1.7499980E+002, 2.1459916E+002, 1.6278164E+002, 2.2633601E+002, 1.7312609E+002, 2.2145951E+002, 1.6779140E+002, 6.7096687E+002, 6.1230968E+002, 6.1963865E+002, 6.3090224E+002, 6.6832367E+002, 6.6904052E+002, 3.7878636E+002
 3.4600213E+003, 1.2156511E+002, 1.2178324E+002, 1.2590729E+002, 1.4173897E+002, 1.5127006E+002, 1.2189184E+002, 1.2445276E+002, 1.2461291E+002, 1.3398424E+002, 1.4678286E+002, 1.6339767E+002, 1.2766771E+002, 1.2170055E+002, 1.2296533E+002, 1.3445149E+002, 1.4875406E+002, 1.6740204E+002, 1.3702811E+002, 1.1640695E+002, 1.2067090E+002, 1.2785638E+002, 1.4872353E+002, 1.7142013E+002, 1.5946026E+002, 1.1220270E+002, 1.1449301E+002, 1.2801638E+002, 1.4053364E+002, 1.5142604E+002, 1.0992213E+002, 1.1418775E+002, 1.4330885E+002, 1.6047188E+002, 1.6203025E+002, 1.1061861E+002, 1.1034351E+002, 1.1587148E+002, 1.3682618E+002, 1.7660194E+002, 2.0837252E+002, 1.1997595E+002, 1.1123006E+002, 1.1276692E+002, 1.4413087E+002, 1.9120008E+002, 2.0700870E+002, 1.8529992E+002, 1.1049390E+002, 1.2333790E+002, 1.5618657E+002, 1.9228232E+002, 1.9981408E+002, 1.8789854E+002, 1.1057931E+002, 1.1783057E+002, 1.5154625E+002, 1.5721362E+002, 1.5355279E+002, 1.3011592E+002, 2.8744546E+002, 2.3912558E+002, 1.5734843E+002, 1.1819667E+002, 2.1177980E+002, 1.3137666E+002, 2.7039922E+002, 3.2835207E+002, 2.3929579E+002, 1.3796444E+002, 3.2112492E+002, 1.4197526E+002, 3.0760047E+002, 3.4912160E+002, 2.5798486E+002, 1.7020072E+002, 3.1833566E+002, 1.4397956E+002, 2.9407346E+002, 2.8765628E+002, 2.1016143E+002, 1.4104513E+002, 1.6712271E+002, 1.4105783E+002, 2.7802174E+002, 2.1463035E+002, 1.5311974E+002, 1.1082655E+002, 1.2525238E+002, 1.1895134E+002, 1.1128513E+002, 1.0814251E+002, 1.0550661E+002, 1.0226805E+002, 9.0326416E+001, 6.2407292E+001, 4.7220632E+001, 4.1938769E+001, 3.9173016E+001, 3.6248979E+001, 3.5664393E+001, 1.4174735E+002, 1.2394872E+002, 1.0713134E+002, 1.0504017E+002, 1.0224468E+002, 9.9667957E+001, 8.4544639E+001, 5.9526070E+001, 4.5111674E+001, 4.3107839E+001, 4.0099055E+001, 3.5046894E+001, 3.1557379E+001, 1.0766422E+002, 1.0912877E+002, 1.0928203E+002, 1.0877649E+002, 1.0750124E+002, 1.0486002E+002, 9.2223357E+001, 5.7495358E+001, 3.7886336E+001, 3.7468964E+001, 3.7210858E+001, 1.4684830E+002, 1.4599246E+002, 1.4205472E+002, 1.2512734E+002, 1.0522166E+002, 9.5532997E+001, 8.7661088E+001, 6.4854122E+001, 4.6941837E+001, 4.4599780E+001, 3.8511618E+001, 2.2045529E+002, 1.7565641E+002, 2.1508566E+002, 1.6350967E+002, 2.2698532E+002, 1.7381653E+002, 2.2227850E+002, 1.6843739E+002, 6.6969214E+002, 6.1645075E+002, 5.9439068E+002, 5.8065459E+002, 5.7587439E+002, 5.2187927E+002, 3.7873111E+002
 3.4800233E+003, 1.2110419E+002, 1.2190118E+002, 1.2319085E+002, 1.3573474E+002, 1.4265587E+002, 1.2340855E+002, 1.2328264E+002, 1.2470121E+002, 1.2904483E+002, 1.3705026E+002, 1.6132907E+002, 1.2602525E+002, 1.2289755E+002, 1.2327897E+002, 1.3093355E+002, 1.4482939E+002, 1.6648090E+002, 1.3095464E+002, 1.2075141E+002, 1.1761373E+002, 1.2486260E+002, 1.4694846E+002, 1.6896221E+002, 1.6075784E+002, 1.1427285E+002, 1.1400619E+002, 1.2929769E+002, 1.4294036E+002, 1.5499946E+002, 1.0942549E+002, 1.1517400E+002, 1.4379513E+002, 1.5066511E+002, 1.4457715E+002, 1.1178819E+002, 1.1179858E+002, 1.1437418E+002, 1.3630683E+002, 1.6667069E+002, 1.9199218E+002, 1.2066775E+002, 1.1075723E+002, 1.1427626E+002, 1.3890712E+002, 1.8542804E+002, 2.2862500E+002, 1.6086041E+002, 1.0919953E+002, 1.2200444E+002, 1.4590283E+002, 1.9636311E+002, 2.2133505E+002, 1.9230620E+002, 1.0549938E+002, 1.1559593E+002, 1.6181117E+002, 1.6561968E+002, 1.5655630E+002, 1.3130781E+002, 2.4909846E+002, 1.8286416E+002, 1.3812976E+002, 1.1668652E+002, 1.8423278E+002, 1.2765861E+002, 2.4850718E+002, 3.4691139E+002, 2.4458508E+002, 1.5314918E+002, 3.6745904E+002, 1.3371299E+002, 2.9757998E+002, 3.9545529E+002, 3.0667877E+002, 1.8222652E+002, 3.5593893E+002, 1.4093022E+002, 2.8281613E+002, 3.3709968E+002, 2.4286042E+002, 1.5322204E+002, 1.5616016E+002, 1.4516059E+002, 2.8029971E+002, 2.1397860E+002, 1.5213393E+002, 1.1374265E+002, 1.2835284E+002, 1.2018965E+002, 1.0982867E+002, 1.0760139E+002, 1.0620112E+002, 1.0371810E+002, 8.8902339E+001, 6.3370248E+001, 4.7410379E+001, 4.2145814E+001, 3.9913864E+001, 3.7354633E+001, 3.6453005E+001, 1.4420804E+002, 1.2484303E+002, 1.0908637E+002, 1.0655806E+002, 1.0243804E+002, 9.9751176E+001, 9.1176584E+001, 6.2609914E+001, 4.7453316E+001, 4.3540369E+001, 4.0328117E+001, 3.5521397E+001, 3.1575947E+001, 1.0647859E+002, 1.0868517E+002, 1.0853388E+002, 1.0801833E+002, 1.0714421E+002, 1.0525084E+002, 1.0072297E+002, 5.8783639E+001, 3.8036490E+001, 3.7809489E+001, 3.7428414E+001, 1.4350807E+002, 1.4327074E+002, 1.4252634E+002, 1.2789854E+002, 1.0489556E+002, 9.7091836E+001, 8.9545603E+001, 6.3749256E+001, 4.7502787E+001, 4.3312518E+001, 3.7730581E+001, 2.2107563E+002, 1.7630973E+002, 2.1540183E+002, 1.6423655E+002, 2.2781868E+002, 1.7441724E+002, 2.2304785E+002, 1.6896417E+002, 6.5469741E+002, 6.0042922E+002, 5.8658582E+002, 5.9110767E+002, 5.9382012E+002, 5.2112884E+002, 3.7811915E+002
 3.5000107E+003, 1.2008474E+002, 1.2106586E+002, 1.2423699E+002, 1.3173015E+002, 1.4016532E+002, 1.1868553E+002, 1.1827305E+002, 1.1938342E+002, 1.2330137E+002, 1.3395859E+002, 1.5223187E+002, 1.2222997E+002, 1.1978447E+002, 1.2185950E+002, 1.2882374E+002, 1.4399931E+002, 1.6213270E+002, 1.4205474E+002, 1.1824327E+002, 1.1875848E+002, 1.2832592E+002, 1.3943716E+002, 1.5292111E+002, 1.3505992E+002, 1.1517559E+002, 1.1283819E+002, 1.1730154E+002, 1.2427544E+002, 1.2945973E+002, 1.0709117E+002, 1.1130861E+002, 1.4606827E+002, 1.6539671E+002, 1.6555616E+002, 1.0936099E+002, 1.0946619E+002, 1.1111238E+002, 1.2818866E+002, 1.6474363E+002, 2.1748365E+002, 1.1350174E+002, 1.1056647E+002, 1.1171565E+002, 1.2250979E+002, 1.7434240E+002, 2.1797229E+002, 1.6000091E+002, 1.0988319E+002, 1.1339506E+002, 1.4861029E+002, 1.8103454E+002, 1.9584671E+002, 1.7614308E+002, 1.0868051E+002, 1.1896372E+002, 1.4759359E+002, 1.4171748E+002, 1.4817484E+002, 1.3245064E+002, 2.7675759E+002, 2.4595955E+002, 1.7227520E+002, 1.3238580E+002, 1.8693692E+002, 1.2877944E+002, 2.5017907E+002, 3.4959749E+002, 2.6291289E+002, 1.6369303E+002, 3.4936242E+002, 1.3775064E+002, 2.6461552E+002, 3.4757608E+002, 2.7448480E+002, 1.6061235E+002, 3.4142863E+002, 1.3455832E+002, 2.6766876E+002, 3.4581099E+002, 2.3561605E+002, 1.4619775E+002, 1.4719639E+002, 1.4376460E+002, 2.5200892E+002, 2.1391454E+002, 1.5551177E+002, 1.1913308E+002, 1.2950893E+002, 1.2066879E+002, 1.1043682E+002, 1.0833668E+002, 1.0689586E+002, 1.0510874E+002, 8.8886147E+001, 6.5480949E+001, 4.8645465E+001, 4.2613627E+001, 4.0101157E+001, 3.7738311E+001, 3.5470849E+001, 1.3563675E+002, 1.1965805E+002, 1.0960577E+002, 1.0719007E+002, 1.0359926E+002, 1.0059579E+002, 9.0981578E+001, 5.9780622E+001, 4.6882077E+001, 4.3499623E+001, 4.1651438E+001, 3.7220369E+001, 3.2121842E+001, 1.0775653E+002, 1.1145501E+002, 1.1195821E+002, 1.1109358E+002, 1.0868009E+002, 1.0587978E+002, 1.0132253E+002, 5.0898326E+001, 3.8680887E+001, 3.8250471E+001, 3.7692454E+001, 1.4144381E+002, 1.4185534E+002, 1.3950851E+002, 1.3491199E+002, 1.1392399E+002, 1.0293335E+002, 8.9743633E+001, 6.5946045E+001, 4.8795449E+001, 4.2860581E+001, 3.6901369E+001, 2.2145961E+002, 1.7690443E+002, 2.1573911E+002, 1.6483943E+002, 2.2856436E+002, 1.7503436E+002, 2.2333435E+002, 1.6938476E+002, 6.7376212E+002, 6.1249542E+002, 5.9267241E+002, 5.7662182E+002, 5.4087592E+002, 4.9742116E+002, 3.7786923E+002
 3.5200301E+003, 1.2436681E+002, 1.2388363E+002, 1.2406904E+002, 1.2852471E+002, 1.4530234E+002, 1.2217646E+002, 1.2200863E+002, 1.2261147E+002, 1.2390904E+002, 1.3636403E+002, 1.5680967E+002, 1.2416920E+002, 1.2063688E+002, 1.2430450E+002, 1.3377636E+002, 1.3954207E+002, 1.5343811E+002, 1.4017496E+002, 1.2122106E+002, 1.2527006E+002, 1.3562352E+002, 1.4368848E+002, 1.5509586E+002, 1.4225621E+002, 1.1863580E+002, 1.2065655E+002, 1.2888991E+002, 1.3113093E+002, 1.4048623E+002, 1.1006597E+002, 1.1079637E+002, 1.2746576E+002, 1.5671262E+002, 1.7052957E+002, 1.1163736E+002, 1.1223794E+002, 1.1355677E+002, 1.2752438E+002, 1.6558333E+002, 2.0220026E+002, 1.1844207E+002, 1.1230255E+002, 1.1563741E+002, 1.3599194E+002, 1.5874643E+002, 1.9903277E+002, 1.5420951E+002, 1.1174277E+002, 1.2324540E+002, 1.4520417E+002, 1.8348000E+002, 2.0166445E+002, 1.8882514E+002, 1.1168206E+002, 1.2171436E+002, 1.3717578E+002, 1.5028252E+002, 1.6916365E+002, 1.2610943E+002, 2.7375987E+002, 2.6704636E+002, 1.7148529E+002, 1.2058195E+002, 1.7831975E+002, 1.2831804E+002, 2.3137760E+002, 3.0140474E+002, 2.4745259E+002, 1.5805251E+002, 3.2616834E+002, 1.3683235E+002, 2.7897695E+002, 3.4555936E+002, 2.5522835E+002, 1.6123282E+002, 2.9226402E+002, 1.3580729E+002, 2.6052773E+002, 3.2765783E+002, 2.3196995E+002, 1.4092574E+002, 1.7420114E+002, 1.4174454E+002, 2.7575400E+002, 2.3261168E+002, 1.5756541E+002, 1.2085952E+002, 1.2788266E+002, 1.2049392E+002, 1.1033324E+002, 1.0897354E+002, 1.0688403E+002, 1.0466352E+002, 9.0057603E+001, 6.3296292E+001, 4.9481406E+001, 4.4315210E+001, 3.9543969E+001, 3.6921931E+001, 3.4927739E+001, 1.3737462E+002, 1.2621154E+002, 1.0966127E+002, 1.0836685E+002, 1.0588028E+002, 1.0158688E+002, 9.2146358E+001, 6.0854181E+001, 4.7019802E+001, 4.3409526E+001, 4.1604305E+001, 3.7433090E+001, 3.2667865E+001, 1.0628040E+002, 1.0859943E+002, 1.1086634E+002, 1.1109072E+002, 1.1011770E+002, 1.0763725E+002, 1.0254897E+002, 4.8646363E+001, 3.9550268E+001, 3.8426046E+001, 3.8035717E+001, 1.4092541E+002, 1.4073487E+002, 1.3998961E+002, 1.3689565E+002, 1.1329113E+002, 1.0151032E+002, 8.7226320E+001, 6.5245738E+001, 4.9900964E+001, 4.3698282E+001, 3.7533351E+001, 2.2174594E+002, 1.7739916E+002, 2.1621394E+002, 1.6531149E+002, 2.2917104E+002, 1.7560470E+002, 2.2349926E+002, 1.6988444E+002, 7.0291373E+002, 6.3697389E+002, 6.1813658E+002, 6.2009259E+002, 6.3177544E+002, 6.1785112E+002, 3.7718755E+002
 3.5400199E+003, 1.2327118E+002, 1.2647336E+002, 1.2709694E+002, 1.3372392E+002, 1.4688726E+002, 1.2497108E+002, 1.2371323E+002, 1.2584591E+002, 1.2898867E+002, 1.3575014E+002, 1.5252338E+002, 1.2884340E+002, 1.2633133E+002, 1.2687265E+002, 1.3196746E+002, 1.4172253E+002, 1.6316216E+002, 1.3564989E+002, 1.2409992E+002, 1.2572946E+002, 1.3303275E+002, 1.4174645E+002, 1.5680538E+002, 1.4942689E+002, 1.2181073E+002, 1.2434602E+002, 1.2785561E+002, 1.3375590E+002, 1.4354096E+002, 1.1197813E+002, 1.1342301E+002, 1.3498976E+002, 1.6612931E+002, 1.6468515E+002, 1.1306938E+002, 1.1336738E+002, 1.1504407E+002, 1.3645273E+002, 1.6928052E+002, 1.9817260E+002, 1.2446979E+002, 1.1308948E+002, 1.1932976E+002, 1.3795966E+002, 1.8414535E+002, 2.1387423E+002, 1.5221896E+002, 1.1271917E+002, 1.2194930E+002, 1.3873659E+002, 1.7704691E+002, 2.0106057E+002, 1.7642061E+002, 1.1287974E+002, 1.2283219E+002, 1.4271769E+002, 1.5886710E+002, 1.6288143E+002, 1.2569700E+002, 2.9344481E+002, 2.3510664E+002, 1.6463183E+002, 1.2375224E+002, 1.9116143E+002, 1.2796982E+002, 2.7417305E+002, 3.4251107E+002, 2.4785724E+002, 1.4921025E+002, 3.1809662E+002, 1.3832943E+002, 2.7412143E+002, 3.4392226E+002, 2.6944594E+002, 1.6050940E+002, 3.0748119E+002, 1.3488180E+002, 2.8931252E+002, 3.6121480E+002, 2.6466480E+002, 1.6379251E+002, 1.8534222E+002, 1.3137250E+002, 2.7375777E+002, 2.2868047E+002, 1.6725131E+002, 1.1651189E+002, 1.3417314E+002, 1.1983890E+002, 1.1061669E+002, 1.0897464E+002, 1.0734261E+002, 1.0393817E+002, 9.0205644E+001, 6.1584204E+001, 4.8626617E+001, 4.3245186E+001, 3.9397878E+001, 3.7405896E+001, 3.6994915E+001, 1.4175992E+002, 1.2281537E+002, 1.0827314E+002, 1.0841674E+002, 1.0556405E+002, 1.0276956E+002, 9.0560527E+001, 5.9558074E+001, 4.7339725E+001, 4.3750207E+001, 4.0853030E+001, 3.7327967E+001, 3.2748857E+001, 1.0802122E+002, 1.1041632E+002, 1.1123089E+002, 1.0975031E+002, 1.0774558E+002, 1.0550134E+002, 9.9997036E+001, 5.1177445E+001, 3.9346020E+001, 3.8363344E+001, 3.7747286E+001, 1.4023919E+002, 1.4050451E+002, 1.3879267E+002, 1.3173144E+002, 1.1668685E+002, 9.8781704E+001, 8.9652474E+001, 7.0337402E+001, 4.6754068E+001, 4.1818733E+001, 3.7313055E+001, 2.2224881E+002, 1.7794827E+002, 2.1648923E+002, 1.6577003E+002, 2.2963810E+002, 1.7602833E+002, 2.2358457E+002, 1.7026865E+002, 6.7182546E+002, 6.0815347E+002, 6.0715121E+002, 6.2451215E+002, 6.2071705E+002, 5.4652075E+002, 3.7740574E+002
 3.5600257E+003, 1.2406416E+002, 1.2937156E+002, 1.3084474E+002, 1.3792920E+002, 1.4592621E+002, 1.2797016E+002, 1.2582304E+002, 1.3040754E+002, 1.3467196E+002, 1.4539935E+002, 1.6263276E+002, 1.3580303E+002, 1.2535809E+002, 1.3225970E+002, 1.4076624E+002, 1.4724099E+002, 1.7032019E+002, 1.4313280E+002, 1.2053455E+002, 1.2348494E+002, 1.3650784E+002, 1.4472460E+002, 1.5822532E+002, 1.4403299E+002, 1.1957517E+002, 1.1872219E+002, 1.2071540E+002, 1.2861017E+002, 1.3759281E+002, 1.1041820E+002, 1.1461556E+002, 1.3697227E+002, 1.4724638E+002, 1.4481444E+002, 1.1297320E+002, 1.1387811E+002, 1.1545978E+002, 1.3503868E+002, 1.6370444E+002, 1.7942014E+002, 1.2528379E+002, 1.1452137E+002, 1.1912710E+002, 1.4380676E+002, 1.8714075E+002, 2.1758431E+002, 1.6700869E+002, 1.1316184E+002, 1.2494052E+002, 1.6032245E+002, 1.8236337E+002, 1.9735978E+002, 1.8297752E+002, 1.1086379E+002, 1.2879493E+002, 1.5291551E+002, 1.5966326E+002, 1.7174449E+002, 1.2800963E+002, 2.7215331E+002, 1.9849948E+002, 1.4377501E+002, 1.2022153E+002, 1.7930345E+002, 1.3287704E+002, 2.5080579E+002, 3.3274074E+002, 2.3819017E+002, 1.5064374E+002, 3.4202084E+002, 1.3618655E+002, 3.0285365E+002, 3.7359350E+002, 2.8315735E+002, 1.7847946E+002, 3.4122692E+002, 1.3504895E+002, 2.6547515E+002, 3.6254128E+002, 2.6526721E+002, 1.6277035E+002, 2.0445545E+002, 1.3790464E+002, 2.5495130E+002, 2.3078844E+002, 1.7450801E+002, 1.3225296E+002, 1.3101888E+002, 1.2258045E+002, 1.1423467E+002, 1.1058833E+002, 1.0821434E+002, 1.0556490E+002, 9.0888540E+001, 6.2552675E+001, 4.7364888E+001, 4.4168054E+001, 4.0035609E+001, 3.7983846E+001, 3.6837926E+001, 1.4112421E+002, 1.2536777E+002, 1.0813774E+002, 1.0845330E+002, 1.0414689E+002, 1.0166804E+002, 8.7787326E+001, 6.2214196E+001, 4.8242438E+001, 4.3702674E+001, 4.0753447E+001, 3.6215477E+001, 3.2826302E+001, 1.0951435E+002, 1.1236323E+002, 1.1243591E+002, 1.1080279E+002, 1.0736591E+002, 1.0329037E+002, 9.6584390E+001, 5.5462116E+001, 3.8611702E+001, 3.7961207E+001, 3.7702698E+001, 1.4298545E+002, 1.4380489E+002, 1.4083609E+002, 1.3458294E+002, 1.2196051E+002, 1.0363061E+002, 8.9578993E+001, 6.3293577E+001, 4.9097762E+001, 4.5245597E+001, 3.7873312E+001, 2.2269063E+002, 1.7847423E+002, 2.1681626E+002, 1.6625090E+002, 2.3019002E+002, 1.7652893E+002, 2.2375100E+002, 1.7061963E+002, 6.8602637E+002, 6.4759560E+002, 6.5094901E+002, 6.7273352E+002, 6.5901351E+002, 6.2727425E+002, 3.7821111E+002
 3.5800452E+003, 1.2373928E+002, 1.2789248E+002, 1.3467126E+002, 1.3990199E+002, 1.5307618E+002, 1.2535845E+002, 1.2425487E+002, 1.2598852E+002, 1.3076564E+002, 1.4889805E+002, 1.5959939E+002, 1.3123487E+002, 1.2350498E+002, 1.2672788E+002, 1.2825538E+002, 1.4507589E+002, 1.6093282E+002, 1.3323286E+002, 1.1965801E+002, 1.2237951E+002, 1.2777946E+002, 1.3885861E+002, 1.5385208E+002, 1.4222142E+002, 1.1619128E+002, 1.1957131E+002, 1.2509168E+002, 1.2454129E+002, 1.3477839E+002, 1.1146458E+002, 1.2337931E+002, 1.4879919E+002, 1.6056435E+002, 1.7080916E+002, 1.1431160E+002, 1.1421413E+002, 1.1900179E+002, 1.4914451E+002, 1.9346484E+002, 2.0961980E+002, 1.4284038E+002, 1.1238767E+002, 1.2163582E+002, 1.5024991E+002, 1.8022864E+002, 1.9921347E+002, 1.5268053E+002, 1.0851775E+002, 1.2383573E+002, 1.4373435E+002, 1.6514228E+002, 1.7245144E+002, 1.7015391E+002, 1.0973777E+002, 1.3211730E+002, 1.5184526E+002, 1.5432164E+002, 1.6204206E+002, 1.2880800E+002, 2.7267796E+002, 2.2856405E+002, 1.6877849E+002, 1.2014642E+002, 1.8544674E+002, 1.3282672E+002, 2.8649867E+002, 3.8007868E+002, 2.8713999E+002, 1.7388644E+002, 3.6213488E+002, 1.3893201E+002, 2.8870179E+002, 3.4013135E+002, 2.2645518E+002, 1.5598381E+002, 2.8366201E+002, 1.3689976E+002, 2.6371948E+002, 3.3657595E+002, 2.3578727E+002, 1.4692449E+002, 1.5799262E+002, 1.3950656E+002, 2.6462055E+002, 1.9423139E+002, 1.5129318E+002, 1.1379441E+002, 1.3433660E+002, 1.2146743E+002, 1.1335032E+002, 1.0969493E+002, 1.0784338E+002, 1.0448440E+002, 8.9880658E+001, 6.3311209E+001, 4.8955871E+001, 4.4079460E+001, 4.0181425E+001, 3.7958996E+001, 3.6900787E+001, 1.4018570E+002, 1.2065606E+002, 1.0954016E+002, 1.0922511E+002, 1.0387658E+002, 1.0194457E+002, 8.8811077E+001, 6.6011491E+001, 4.7693211E+001, 4.4394340E+001, 4.0739242E+001, 3.6414288E+001, 3.2976732E+001, 1.1117498E+002, 1.1352713E+002, 1.1451625E+002, 1.1358889E+002, 1.1024796E+002, 1.0525258E+002, 9.6737922E+001, 5.5254238E+001, 3.8664704E+001, 3.8429695E+001, 3.8206011E+001, 1.4176217E+002, 1.4198473E+002, 1.4146186E+002, 1.3502741E+002, 1.1664023E+002, 1.0441056E+002, 9.2644774E+001, 6.3946835E+001, 4.7295945E+001, 4.3435561E+001, 3.8636204E+001, 2.2309379E+002, 1.7885146E+002, 2.1712943E+002, 1.6677868E+002, 2.3059437E+002, 1.7692033E+002, 2.2460303E+002, 1.7107345E+002, 6.7100164E+002, 6.1108210E+002, 5.9381651E+002, 5.9904917E+002, 5.5814763E+002, 4.4913799E+002, 3.7970654E+002
 3.6000067E+003, 1.2560313E+002, 1.2692969E+002, 1.3035495E+002, 1.3226481E+002, 1.5117002E+002, 1.2676755E+002, 1.2378917E+002, 1.2467821E+002, 1.2750267E+002, 1.3613613E+002, 1.5166988E+002, 1.2297055E+002, 1.2230355E+002, 1.2249873E+002, 1.2260982E+002, 1.3787388E+002, 1.5733863E+002, 1.2760852E+002, 1.1954709E+002, 1.2110246E+002, 1.2479911E+002, 1.3954412E+002, 1.5683285E+002, 1.4833592E+002, 1.1548658E+002, 1.1871408E+002, 1.2723914E+002, 1.3187693E+002, 1.4590939E+002, 1.1294575E+002, 1.1473271E+002, 1.3495000E+002, 1.6817135E+002, 1.8463784E+002, 1.1381307E+002, 1.1383029E+002, 1.1632004E+002, 1.3546069E+002, 1.6780848E+002, 2.0139952E+002, 1.3075271E+002, 1.1471135E+002, 1.1842078E+002, 1.3295062E+002, 1.6463929E+002, 1.9472193E+002, 1.3959422E+002, 1.1335454E+002, 1.1942452E+002, 1.3245261E+002, 1.6572100E+002, 1.8752137E+002, 1.8502326E+002, 1.1290817E+002, 1.2225487E+002, 1.4935187E+002, 1.6915141E+002, 1.7066273E+002, 1.3207627E+002, 2.9925676E+002, 2.9444347E+002, 2.0749302E+002, 1.3571824E+002, 1.9781018E+002, 1.3236487E+002, 2.6136399E+002, 3.3474354E+002, 2.5904941E+002, 1.6022266E+002, 3.0586909E+002, 1.3962553E+002, 2.5810948E+002, 3.2177116E+002, 2.2729639E+002, 1.3700024E+002, 2.9172315E+002, 1.3667887E+002, 2.5388840E+002, 3.2394105E+002, 2.3248034E+002, 1.3999445E+002, 1.6739802E+002, 1.3115676E+002, 2.8929105E+002, 2.5921281E+002, 1.7753243E+002, 1.2738213E+002, 1.3160159E+002, 1.2449928E+002, 1.1291794E+002, 1.1074902E+002, 1.0822308E+002, 1.0443820E+002, 8.9413515E+001, 6.5314778E+001, 5.1477629E+001, 4.4392649E+001, 4.0586345E+001, 3.8712562E+001, 3.6663273E+001, 1.4498914E+002, 1.2698606E+002, 1.1103717E+002, 1.0931834E+002, 1.0431885E+002, 1.0229299E+002, 8.7152448E+001, 6.0838399E+001, 4.7440512E+001, 4.4648445E+001, 4.1709516E+001, 3.7344151E+001, 3.2420376E+001, 1.0884591E+002, 1.1046139E+002, 1.1117725E+002, 1.1068205E+002, 1.0956512E+002, 1.0682857E+002, 9.8756864E+001, 5.8014414E+001, 3.9250798E+001, 3.8899418E+001, 3.8427749E+001, 1.4279230E+002, 1.4410716E+002, 1.4381361E+002, 1.3949182E+002, 1.1343191E+002, 1.0047100E+002, 9.0734456E+001, 6.9994617E+001, 4.6712165E+001, 4.3466117E+001, 3.8983743E+001, 2.2354928E+002, 1.7920838E+002, 2.1751170E+002, 1.6731160E+002, 2.3074910E+002, 1.7717327E+002, 2.2484051E+002, 1.7145097E+002, 6.9569057E+002, 6.3469855E+002, 6.1072057E+002, 6.0411627E+002, 5.6397339E+002, 5.2470236E+002, 3.7925323E+002
 3.6200201E+003, 1.2856664E+002, 1.2760340E+002, 1.2916007E+002, 1.4311418E+002, 1.5468163E+002, 1.2621916E+002, 1.2437500E+002, 1.2532082E+002, 1.3005053E+002, 1.4567176E+002, 1.6590344E+002, 1.2700716E+002, 1.2278583E+002, 1.2598356E+002, 1.2780857E+002, 1.3922842E+002, 1.5556087E+002, 1.3267544E+002, 1.1965331E+002, 1.2067807E+002, 1.2205274E+002, 1.4135219E+002, 1.5893847E+002, 1.4243584E+002, 1.1743057E+002, 1.1826222E+002, 1.1988545E+002, 1.2906769E+002, 1.3452450E+002, 1.1457761E+002, 1.1689744E+002, 1.4092130E+002, 1.6389941E+002, 1.7266437E+002, 1.1579413E+002, 1.1591211E+002, 1.1750239E+002, 1.5118895E+002, 1.8533455E+002, 2.1001015E+002, 1.3193266E+002, 1.1551290E+002, 1.2105077E+002, 1.3768145E+002, 1.7615296E+002, 2.0572993E+002, 1.4509508E+002, 1.1317604E+002, 1.2501547E+002, 1.4298768E+002, 1.6969185E+002, 1.8264404E+002, 1.8494481E+002, 1.1189162E+002, 1.2064486E+002, 1.4279713E+002, 1.7521777E+002, 1.6932496E+002, 1.3043413E+002, 2.7319591E+002, 2.4779036E+002, 1.9344503E+002, 1.3797268E+002, 2.0837462E+002, 1.3324899E+002, 2.7709006E+002, 3.5940885E+002, 2.8895268E+002, 1.8002361E+002, 3.2027596E+002, 1.4476847E+002, 2.8926475E+002, 3.6993225E+002, 3.0112002E+002, 1.8506139E+002, 3.3128547E+002, 1.4284818E+002, 2.8764037E+002, 3.3464594E+002, 2.7009840E+002, 1.5471887E+002, 1.7703631E+002, 1.4654796E+002, 2.7069005E+002, 2.1663667E+002, 1.4383508E+002, 1.1469147E+002, 1.2974785E+002, 1.2354509E+002, 1.1373339E+002, 1.1009163E+002, 1.0881371E+002, 1.0632157E+002, 9.2981169E+001, 6.3614732E+001, 4.8512579E+001, 4.3754096E+001, 4.0884248E+001, 3.9086175E+001, 3.7470167E+001, 1.4126972E+002, 1.2560346E+002, 1.1089152E+002, 1.1006346E+002, 1.0588252E+002, 1.0346328E+002, 8.7342645E+001, 6.2190850E+001, 4.8173880E+001, 4.5101909E+001, 4.2731370E+001, 3.7198968E+001, 3.3699364E+001, 1.0996702E+002, 1.1088998E+002, 1.1151425E+002, 1.1079609E+002, 1.0993093E+002, 1.0820826E+002, 1.0462108E+002, 5.5177899E+001, 4.0756198E+001, 3.9492032E+001, 3.8966540E+001, 1.4456593E+002, 1.4525890E+002, 1.4429631E+002, 1.3996925E+002, 1.1995751E+002, 1.0152381E+002, 8.8555498E+001, 6.8657040E+001, 5.2118817E+001, 4.6003702E+001, 4.0510486E+001, 2.2397869E+002, 1.7937020E+002, 2.1804084E+002, 1.6771909E+002, 2.3081644E+002, 1.7742036E+002, 2.2513424E+002, 1.7175614E+002, 7.5873087E+002, 6.9696071E+002, 6.7164239E+002, 6.5359898E+002, 5.9746237E+002, 5.6596293E+002, 3.7968922E+002
 3.6400207E+003, 1.3267751E+002, 1.3173528E+002, 1.3442519E+002, 1.4558780E+002, 1.6643264E+002, 1.3275457E+002, 1.3212223E+002, 1.3559305E+002, 1.4304330E+002, 1.6056648E+002, 1.8229785E+002, 1.3740034E+002, 1.2823405E+002, 1.3446362E+002, 1.5038819E+002, 1.7606439E+002, 1.9556995E+002, 1.5831817E+002, 1.2458065E+002, 1.3406472E+002, 1.4623638E+002, 1.7268235E+002, 1.8133384E+002, 1.6780904E+002, 1.2556720E+002, 1.3011831E+002, 1.3683817E+002, 1.4784913E+002, 1.4794183E+002, 1.1686771E+002, 1.2111228E+002, 1.4257922E+002, 1.8127277E+002, 2.0889724E+002, 1.1776881E+002, 1.1755655E+002, 1.2184304E+002, 1.4287000E+002, 1.9606906E+002, 2.5019809E+002, 1.3017801E+002, 1.1688728E+002, 1.2342989E+002, 1.7099681E+002, 2.3090704E+002, 2.5164283E+002, 1.9744579E+002, 1.1636261E+002, 1.2915612E+002, 1.6903524E+002, 2.4233520E+002, 2.4914051E+002, 2.3009163E+002, 1.1788564E+002, 1.3418549E+002, 1.8031339E+002, 1.9017261E+002, 1.7942369E+002, 1.3921069E+002, 3.6740658E+002, 3.5595965E+002, 2.3553597E+002, 1.6097029E+002, 2.3253432E+002, 1.3857224E+002, 3.3818006E+002, 4.9575712E+002, 3.8294528E+002, 2.1756425E+002, 4.1600131E+002, 1.4822212E+002, 3.7212926E+002, 4.6423587E+002, 3.5762257E+002, 2.0927637E+002, 4.7248038E+002, 1.4599259E+002, 3.7795175E+002, 4.9972847E+002, 3.5171610E+002, 2.1567092E+002, 2.2972157E+002, 1.4893912E+002, 3.9525547E+002, 2.8407542E+002, 1.8438701E+002, 1.3105263E+002, 1.3305989E+002, 1.2424251E+002, 1.1620154E+002, 1.1170648E+002, 1.1036148E+002, 1.0818032E+002, 9.3873568E+001, 6.4814939E+001, 5.0252846E+001, 4.4017830E+001, 4.1044834E+001, 3.9332624E+001, 3.7755570E+001, 1.6124134E+002, 1.3729412E+002, 1.1202716E+002, 1.1037428E+002, 1.0713404E+002, 1.0403064E+002, 9.0454367E+001, 6.0390096E+001, 4.8082548E+001, 4.5244169E+001, 4.1393759E+001, 3.7167806E+001, 3.3320279E+001, 1.0965728E+002, 1.1146281E+002, 1.1201313E+002, 1.1082745E+002, 1.0912013E+002, 1.0751238E+002, 1.0392899E+002, 5.0766684E+001, 4.0837817E+001, 3.9747163E+001, 3.9259296E+001, 1.5452094E+002, 1.5319315E+002, 1.5028193E+002, 1.4781075E+002, 1.4077185E+002, 1.0679958E+002, 8.9965567E+001, 6.4418608E+001, 5.0941734E+001, 4.5830787E+001, 4.1979115E+001, 2.2524542E+002, 1.7995899E+002, 2.1942784E+002, 1.6832443E+002, 2.3283931E+002, 1.7828597E+002, 2.2634727E+002, 1.7250854E+002, 9.7454512E+002, 8.9116913E+002, 8.3859290E+002, 8.4387644E+002, 8.4741696E+002, 7.9591766E+002, 3.8612046E+002
 3.6600344E+003, 1.3725994E+002, 1.4194362E+002, 1.5005206E+002, 1.8175325E+002, 2.1090650E+002, 1.4145177E+002, 1.3470346E+002, 1.4094595E+002, 1.5313604E+002, 1.8583981E+002, 2.1259845E+002, 1.4689069E+002, 1.2899137E+002, 1.3971105E+002, 1.5812076E+002, 1.8814977E+002, 2.1410078E+002, 1.6964546E+002, 1.2525374E+002, 1.3510383E+002, 1.5729365E+002, 1.7319205E+002, 2.0566286E+002, 1.6682115E+002, 1.2033572E+002, 1.2729255E+002, 1.4277194E+002, 1.6038511E+002, 1.6974224E+002, 1.1640868E+002, 1.2109973E+002, 1.6779893E+002, 2.4487865E+002, 2.1731346E+002, 1.1865401E+002, 1.1824389E+002, 1.2110791E+002, 1.7006577E+002, 2.5432640E+002, 2.9075977E+002, 1.3788806E+002, 1.1651905E+002, 1.3346121E+002, 1.7822180E+002, 2.3682577E+002, 2.8757262E+002, 2.1579137E+002, 1.1877678E+002, 1.4054150E+002, 1.9646122E+002, 2.7697884E+002, 2.9616809E+002, 2.6528785E+002, 1.1801863E+002, 1.4288224E+002, 1.8968776E+002, 2.1362286E+002, 1.8491355E+002, 1.4554777E+002, 4.1267053E+002, 4.1163909E+002, 2.7127411E+002, 1.8527683E+002, 2.5031894E+002, 1.4329960E+002, 4.2633852E+002, 5.0291595E+002, 3.4285032E+002, 2.1461292E+002, 5.5429092E+002, 1.5047674E+002, 4.8030990E+002, 5.8412422E+002, 4.0169378E+002, 2.4028512E+002, 4.5865216E+002, 1.5050289E+002, 4.2946743E+002, 5.3646713E+002, 3.6938604E+002, 2.2221539E+002, 2.7742731E+002, 1.5860664E+002, 5.0135279E+002, 3.6952080E+002, 2.2673718E+002, 1.4362607E+002, 1.4840778E+002, 1.3044039E+002, 1.1912644E+002, 1.1293038E+002, 1.1241204E+002, 1.0911255E+002, 9.2761968E+001, 6.5138945E+001, 5.2095774E+001, 4.5179951E+001, 4.1892549E+001, 3.9929503E+001, 3.6575874E+001, 1.7146356E+002, 1.3800985E+002, 1.1261229E+002, 1.1161089E+002, 1.0953707E+002, 1.0362830E+002, 8.7282748E+001, 6.4887527E+001, 4.9882510E+001, 4.5627880E+001, 4.2545477E+001, 3.7025410E+001, 3.3562308E+001, 1.1109601E+002, 1.1294853E+002, 1.1420418E+002, 1.1313955E+002, 1.1136165E+002, 1.0877935E+002, 1.0537132E+002, 5.9730965E+001, 4.1593937E+001, 4.0023628E+001, 3.9599328E+001, 1.7831516E+002, 1.7798724E+002, 1.7098394E+002, 1.6562865E+002, 1.4122248E+002, 1.1178010E+002, 9.1472810E+001, 6.0890517E+001, 4.9120274E+001, 4.3802949E+001, 3.8427268E+001, 2.2839905E+002, 1.8121764E+002, 2.2261922E+002, 1.6973903E+002, 2.3639434E+002, 1.7956839E+002, 2.2921392E+002, 1.7384914E+002, 9.6715598E+002, 8.9998592E+002, 8.5956250E+002, 8.5670361E+002, 8.2368794E+002, 7.2210499E+002, 3.9720133E+002
 3.6800147E+003, 1.3719816E+002, 1.3970280E+002, 1.4784736E+002, 1.8322125E+002, 2.1175068E+002, 1.4062241E+002, 1.3794538E+002, 1.4639663E+002, 1.6685446E+002, 1.9143702E+002, 2.2499435E+002, 1.5482594E+002, 1.3818896E+002, 1.4345896E+002, 1.7469634E+002, 2.1019902E+002, 2.4314088E+002, 1.9536516E+002, 1.3317784E+002, 1.3394559E+002, 1.5740867E+002, 2.0210009E+002, 2.1120881E+002, 1.9975215E+002, 1.2586732E+002, 1.3014930E+002, 1.5711853E+002, 1.7925395E+002, 1.7757211E+002, 1.1835616E+002, 1.3518263E+002, 1.6569711E+002, 2.5057212E+002, 2.3419590E+002, 1.1917042E+002, 1.1889683E+002, 1.2014944E+002, 1.6477260E+002, 2.7450060E+002, 3.1410740E+002, 1.3663074E+002, 1.1650305E+002, 1.2371267E+002, 1.7894913E+002, 2.9521181E+002, 3.3926223E+002, 2.3245678E+002, 1.1773415E+002, 1.3590995E+002, 1.7862317E+002, 2.7440328E+002, 2.9003130E+002, 2.6116267E+002, 1.1796054E+002, 1.4019485E+002, 2.0156885E+002, 2.1886215E+002, 2.1199061E+002, 1.4695401E+002, 4.8787518E+002, 4.1029248E+002, 2.3326467E+002, 1.4816643E+002, 2.5474702E+002, 1.6392101E+002, 5.1378087E+002, 6.3446105E+002, 4.6491818E+002, 2.4456441E+002, 6.1573283E+002, 1.5616980E+002, 4.9914408E+002, 6.4844942E+002, 4.7699188E+002, 2.6514829E+002, 5.7048254E+002, 1.5285726E+002, 4.1680934E+002, 5.8050882E+002, 3.9624684E+002, 2.2954481E+002, 2.5633938E+002, 1.5980058E+002, 4.2523813E+002, 3.3779414E+002, 2.2300179E+002, 1.4222272E+002, 1.5244458E+002, 1.3199070E+002, 1.1807374E+002, 1.1318732E+002, 1.1260776E+002, 1.0969898E+002, 9.5565607E+001, 7.0760970E+001, 5.4389464E+001, 4.5960722E+001, 4.3113741E+001, 3.9924892E+001, 3.7649501E+001, 1.7646263E+002, 1.4483076E+002, 1.1663125E+002, 1.1243545E+002, 1.0875560E+002, 1.0624588E+002, 8.8246895E+001, 6.9420916E+001, 5.1149533E+001, 4.5422883E+001, 4.2243711E+001, 3.7435972E+001, 3.3697134E+001, 1.2844615E+002, 1.3023942E+002, 1.3159176E+002, 1.2994346E+002, 1.2614943E+002, 1.1937188E+002, 1.1017194E+002, 5.6209871E+001, 4.1046462E+001, 4.0206071E+001, 4.0024118E+001, 1.8688202E+002, 1.8670263E+002, 1.8292809E+002, 1.6086336E+002, 1.1826424E+002, 1.0624603E+002, 9.0391874E+001, 6.8242897E+001, 4.9757151E+001, 4.3229109E+001, 3.7497883E+001, 2.3291190E+002, 1.8307369E+002, 2.2698096E+002, 1.7176922E+002, 2.4164169E+002, 1.8143075E+002, 2.3380865E+002, 1.7559074E+002, 9.4496574E+002, 8.6565897E+002, 8.4663103E+002, 8.4977713E+002, 8.8426980E+002, 7.5049164E+002, 4.0426911E+002
 3.7000107E+003, 1.4022246E+002, 1.4466627E+002, 1.5027982E+002, 1.8149794E+002, 2.1329293E+002, 1.4401896E+002, 1.4461828E+002, 1.4731780E+002, 1.5904776E+002, 1.9159860E+002, 2.4595836E+002, 1.5094309E+002, 1.4478780E+002, 1.4234721E+002, 1.6026260E+002, 2.0442687E+002, 2.4447232E+002, 1.7189117E+002, 1.3119858E+002, 1.2898191E+002, 1.4770064E+002, 1.6635322E+002, 1.9122667E+002, 1.5621365E+002, 1.2521312E+002, 1.2344841E+002, 1.2838991E+002, 1.4207334E+002, 1.5995206E+002, 1.2034439E+002, 1.3192187E+002, 1.6208385E+002, 2.3753619E+002, 2.4862381E+002, 1.2200097E+002, 1.2258231E+002, 1.2991589E+002, 1.7273128E+002, 2.7075178E+002, 3.0188227E+002, 1.6052317E+002, 1.2290245E+002, 1.3377793E+002, 2.0196579E+002, 2.7971228E+002, 3.3301729E+002, 2.2688443E+002, 1.2224390E+002, 1.3695183E+002, 1.9905337E+002, 2.4447249E+002, 2.9164294E+002, 2.4236065E+002, 1.2050969E+002, 1.3214308E+002, 1.5963959E+002, 2.0321525E+002, 2.2791598E+002, 1.5203952E+002, 4.0321451E+002, 4.4865285E+002, 2.8933355E+002, 1.8486859E+002, 2.4484648E+002, 1.6827794E+002, 4.9371741E+002, 6.3904214E+002, 5.1487953E+002, 2.6172248E+002, 5.9184194E+002, 1.5601115E+002, 4.3303613E+002, 6.3652127E+002, 5.2603604E+002, 2.9124955E+002, 5.5039575E+002, 1.4815277E+002, 4.1469220E+002, 5.5094257E+002, 4.1930960E+002, 2.4794817E+002, 2.4525198E+002, 1.5817155E+002, 4.3329587E+002, 3.9191283E+002, 2.5592741E+002, 1.5518752E+002, 1.5751449E+002, 1.3664964E+002, 1.1788673E+002, 1.1466853E+002, 1.1266596E+002, 1.1053875E+002, 1.0168916E+002, 7.8534347E+001, 5.5760855E+001, 4.7363796E+001, 4.4694843E+001, 4.0543819E+001, 3.8040702E+001, 1.8536702E+002, 1.5882500E+002, 1.2168178E+002, 1.1750615E+002, 1.1211104E+002, 1.0732630E+002, 9.3585806E+001, 6.8970924E+001, 5.0224709E+001, 4.6188880E+001, 4.2459241E+001, 3.8975935E+001, 3.5405249E+001, 1.3850919E+002, 1.4011341E+002, 1.3988881E+002, 1.3886875E+002, 1.3627490E+002, 1.3058775E+002, 1.0342739E+002, 5.7367676E+001, 4.0851366E+001, 4.0347483E+001, 3.9909604E+001, 1.8572489E+002, 1.8604282E+002, 1.8226382E+002, 1.7064965E+002, 1.3405449E+002, 1.1112025E+002, 9.5155731E+001, 8.1999496E+001, 5.0499982E+001, 4.7676750E+001, 3.9111508E+001, 2.3844040E+002, 1.8540464E+002, 2.3235243E+002, 1.7422311E+002, 2.4776065E+002, 1.8370361E+002, 2.3938225E+002, 1.7767973E+002, 1.0042967E+003, 9.7719143E+002, 9.5157780E+002, 9.3829532E+002, 8.8053227E+002, 7.2406650E+002, 4.1264436E+002
 3.7200014E+003, 1.4660559E+002, 1.5143819E+002, 1.5606046E+002, 1.7482646E+002, 1.9186181E+002, 1.4709741E+002, 1.4520447E+002, 1.4953605E+002, 1.5947743E+002, 1.8876476E+002, 2.1159589E+002, 1.5448380E+002, 1.4437531E+002, 1.4979199E+002, 1.6613353E+002, 1.9875378E+002, 2.3892607E+002, 1.8087489E+002, 1.4066509E+002, 1.4027305E+002, 1.5586957E+002, 1.8211317E+002, 2.1144184E+002, 1.7422479E+002, 1.3688048E+002, 1.3433586E+002, 1.3693959E+002, 1.4691104E+002, 1.6775483E+002, 1.2284988E+002, 1.3613132E+002, 1.7402744E+002, 2.1570800E+002, 2.3535271E+002, 1.2769535E+002, 1.2821367E+002, 1.3961208E+002, 1.8916570E+002, 2.5901614E+002, 3.0497277E+002, 1.4875119E+002, 1.2918653E+002, 1.3250646E+002, 1.7811049E+002, 2.5428679E+002, 3.3140259E+002, 2.0717799E+002, 1.2699737E+002, 1.3169417E+002, 1.7219695E+002, 2.4720840E+002, 2.9290145E+002, 2.3999692E+002, 1.2332705E+002, 1.3224884E+002, 1.7236467E+002, 2.1104109E+002, 2.3638008E+002, 1.5526490E+002, 4.3921938E+002, 3.8249166E+002, 2.6153515E+002, 1.7663917E+002, 2.6116190E+002, 1.8249775E+002, 4.6749038E+002, 5.8163163E+002, 4.3914535E+002, 2.4397266E+002, 5.7623078E+002, 1.8325140E+002, 5.0738645E+002, 6.4876824E+002, 5.1330868E+002, 3.0498021E+002, 5.4436280E+002, 1.6725376E+002, 4.4791276E+002, 5.4612796E+002, 3.7225940E+002, 2.0573707E+002, 2.6836844E+002, 1.5833666E+002, 4.1840309E+002, 3.4592541E+002, 2.3203840E+002, 1.5174818E+002, 1.5743685E+002, 1.3795470E+002, 1.2948116E+002, 1.2099519E+002, 1.1669062E+002, 1.1411739E+002, 1.0803902E+002, 7.9609999E+001, 5.3180414E+001, 4.6428629E+001, 4.4711538E+001, 4.0516671E+001, 3.8143560E+001, 1.7790217E+002, 1.5558901E+002, 1.2300340E+002, 1.2391953E+002, 1.1458926E+002, 1.0974103E+002, 9.3464560E+001, 7.0563927E+001, 5.2633134E+001, 4.7542180E+001, 4.3833554E+001, 4.0533920E+001, 3.4450763E+001, 1.3729781E+002, 1.4098526E+002, 1.3905922E+002, 1.3607812E+002, 1.2896254E+002, 1.0735320E+002, 9.5208161E+001, 8.2997134E+001, 4.3718620E+001, 4.0579418E+001, 3.9923977E+001, 1.8336012E+002, 1.8281752E+002, 1.7854217E+002, 1.5561192E+002, 1.2370735E+002, 1.1375568E+002, 9.4968200E+001, 8.2188952E+001, 5.3735786E+001, 4.9180921E+001, 4.2624116E+001, 2.4440302E+002, 1.8784682E+002, 2.3880074E+002, 1.7702991E+002, 2.5437211E+002, 1.8612904E+002, 2.4523656E+002, 1.8007488E+002, 9.6853699E+002, 9.0573327E+002, 8.4577516E+002, 8.1899907E+002, 8.3070463E+002, 7.6457484E+002, 4.2006400E+002
 3.7400100E+003, 1.4626822E+002, 1.5090317E+002, 1.7268759E+002, 2.0794124E+002, 2.3872377E+002, 1.5033336E+002, 1.4941655E+002, 1.5333197E+002, 1.6889950E+002, 2.0847339E+002, 2.3531957E+002, 1.6199849E+002, 1.5159477E+002, 1.5484135E+002, 1.6953162E+002, 1.9383915E+002, 2.4059315E+002, 1.8575738E+002, 1.4778094E+002, 1.5056933E+002, 1.6899302E+002, 1.9118449E+002, 2.0627238E+002, 1.8445002E+002, 1.4429184E+002, 1.4948242E+002, 1.5449891E+002, 1.6099052E+002, 1.8173633E+002, 1.2674754E+002, 1.4139264E+002, 2.0633193E+002, 2.5749819E+002, 3.0304756E+002, 1.3528239E+002, 1.3476669E+002, 1.4993865E+002, 2.0336394E+002, 2.7889949E+002, 3.0475091E+002, 1.8053075E+002, 1.4041860E+002, 1.5211567E+002, 2.0573260E+002, 2.8025765E+002, 3.1779415E+002, 2.5520615E+002, 1.4276480E+002, 1.5155543E+002, 2.0686805E+002, 2.7845092E+002, 2.8803501E+002, 2.4602019E+002, 1.3565932E+002, 1.3373901E+002, 1.7032763E+002, 1.8207051E+002, 1.9968324E+002, 1.7461402E+002, 4.7310761E+002, 4.3905231E+002, 3.2999843E+002, 2.1294500E+002, 3.2334875E+002, 1.9035937E+002, 5.1480063E+002, 6.2644349E+002, 5.0272188E+002, 2.8377449E+002, 6.0731105E+002, 1.7515983E+002, 4.5849466E+002, 5.6882205E+002, 4.3545865E+002, 2.6881555E+002, 4.9174053E+002, 1.6539006E+002, 4.0638478E+002, 5.1929065E+002, 3.1489514E+002, 1.9193833E+002, 2.3180541E+002, 1.6881903E+002, 4.3074725E+002, 3.1482020E+002, 1.8895111E+002, 1.3857013E+002, 1.6331767E+002, 1.4616860E+002, 1.3188296E+002, 1.2652000E+002, 1.2293273E+002, 1.1883326E+002, 1.1471135E+002, 7.6500098E+001, 5.4616709E+001, 4.7538998E+001, 4.3604803E+001, 4.0725695E+001, 3.9120639E+001, 1.8267643E+002, 1.5474525E+002, 1.3275589E+002, 1.2792458E+002, 1.1986070E+002, 1.1308920E+002, 9.9305119E+001, 7.4828876E+001, 5.4289396E+001, 4.8065775E+001, 4.3690397E+001, 4.0056813E+001, 3.3655183E+001, 1.3579102E+002, 1.3890490E+002, 1.4002575E+002, 1.3808563E+002, 1.2434414E+002, 1.0483371E+002, 9.8739516E+001, 9.2494792E+001, 4.3235916E+001, 4.0599000E+001, 4.0265411E+001, 1.9686631E+002, 1.9513559E+002, 1.9058938E+002, 1.8478321E+002, 1.4247958E+002, 1.1824079E+002, 9.7177849E+001, 8.0039495E+001, 5.3183300E+001, 5.0696747E+001, 4.5484955E+001, 2.5057895E+002, 1.9048934E+002, 2.4562119E+002, 1.8007245E+002, 2.6096131E+002, 1.8865894E+002, 2.5137048E+002, 1.8285252E+002, 9.8121358E+002, 9.1489026E+002, 8.8621480E+002, 8.6718254E+002, 8.4565458E+002, 7.5731379E+002, 4.2541517E+002
 3.7600068E+003, 1.6040155E+002, 1.5908685E+002, 1.6817101E+002, 1.9423412E+002, 2.2823788E+002, 1.6336159E+002, 1.6150009E+002, 1.6732757E+002, 1.7807884E+002, 2.1562910E+002, 2.4820287E+002, 1.6933818E+002, 1.5282180E+002, 1.6711922E+002, 1.8645243E+002, 2.3024164E+002, 2.5706350E+002, 1.9535483E+002, 1.5533758E+002, 1.6395001E+002, 1.7035360E+002, 1.9631269E+002, 2.2368369E+002, 2.0108830E+002, 1.5010789E+002, 1.5577387E+002, 1.6226500E+002, 1.7241172E+002, 1.9131188E+002, 1.3739297E+002, 1.4193321E+002, 1.7597453E+002, 2.3953723E+002, 2.7761377E+002, 1.4326690E+002, 1.4175099E+002, 1.4879299E+002, 1.8104919E+002, 2.5798079E+002, 3.3051577E+002, 1.7458692E+002, 1.4298094E+002, 1.6754153E+002, 2.2717020E+002, 3.0400933E+002, 3.2585532E+002, 2.7819847E+002, 1.4245898E+002, 1.8254596E+002, 2.3512179E+002, 2.9071973E+002, 3.4766473E+002, 2.8130076E+002, 1.3804052E+002, 1.5328908E+002, 1.8272078E+002, 2.2580319E+002, 2.0037553E+002, 1.8135993E+002, 5.0933650E+002, 4.7058968E+002, 3.0240300E+002, 1.8828405E+002, 2.9750021E+002, 1.7834135E+002, 4.4122671E+002, 6.0632391E+002, 4.5597354E+002, 2.8277982E+002, 5.6270458E+002, 1.6519874E+002, 4.4576014E+002, 5.6646506E+002, 4.2906953E+002, 2.5034224E+002, 5.0839192E+002, 1.6097582E+002, 4.8378982E+002, 6.3102627E+002, 4.3097752E+002, 2.3610226E+002, 3.1573700E+002, 1.5972169E+002, 4.8224878E+002, 4.3481779E+002, 2.8026994E+002, 1.6381737E+002, 1.7332843E+002, 1.5301936E+002, 1.3657921E+002, 1.3055531E+002, 1.2864764E+002, 1.2137989E+002, 1.0422035E+002, 8.2349326E+001, 5.9626224E+001, 4.9632811E+001, 4.6176409E+001, 4.1010986E+001, 3.8624296E+001, 1.8977280E+002, 1.6674834E+002, 1.3496254E+002, 1.3482694E+002, 1.2029495E+002, 1.1494518E+002, 1.0638271E+002, 7.2772963E+001, 5.2032325E+001, 4.8607531E+001, 4.3831945E+001, 4.0765718E+001, 3.4467967E+001, 1.3924436E+002, 1.4066228E+002, 1.4032954E+002, 1.3889572E+002, 1.3265268E+002, 1.1036257E+002, 1.0064830E+002, 9.0628440E+001, 4.1655565E+001, 4.1064694E+001, 4.1017593E+001, 1.9791619E+002, 1.9740281E+002, 1.9481378E+002, 1.8561468E+002, 1.4193568E+002, 1.2282280E+002, 1.0332345E+002, 8.1717811E+001, 5.6065805E+001, 5.0183262E+001, 4.3792455E+001, 2.5668508E+002, 1.9317847E+002, 2.5207476E+002, 1.8314321E+002, 2.6650563E+002, 1.9114826E+002, 2.5711872E+002, 1.8559525E+002, 1.0326052E+003, 9.7594378E+002, 9.4468546E+002, 9.3804123E+002, 8.6562314E+002, 7.6400834E+002, 4.2931971E+002
 3.7800044E+003, 1.6961447E+002, 1.7164727E+002, 1.8247363E+002, 2.0573405E+002, 2.2081359E+002, 1.6945603E+002, 1.6865700E+002, 1.7068009E+002, 1.7750630E+002, 2.1550243E+002, 2.4449498E+002, 1.7508665E+002, 1.5974332E+002, 1.7105796E+002, 1.8331041E+002, 2.2741861E+002, 2.5854011E+002, 2.0476521E+002, 1.5503235E+002, 1.7216401E+002, 1.9133938E+002, 2.1111165E+002, 2.2859616E+002, 2.0016630E+002, 1.4623319E+002, 1.5322311E+002, 1.7066707E+002, 1.7891990E+002, 1.9460340E+002, 1.4169921E+002, 1.4455336E+002, 2.1128036E+002, 2.5679382E+002, 2.6445791E+002, 1.4120057E+002, 1.4072761E+002, 1.4325432E+002, 2.0065347E+002, 2.8843176E+002, 3.1684321E+002, 1.5148075E+002, 1.3810445E+002, 1.3971232E+002, 1.9137255E+002, 2.8854097E+002, 3.4704757E+002, 2.6131554E+002, 1.3600113E+002, 1.5068079E+002, 2.0415194E+002, 3.0495392E+002, 3.2706934E+002, 2.6380824E+002, 1.3659238E+002, 1.5800378E+002, 2.0298565E+002, 2.3641121E+002, 2.0924862E+002, 1.7411421E+002, 4.5436497E+002, 4.1791409E+002, 2.6143226E+002, 1.7345445E+002, 2.4790401E+002, 1.6854514E+002, 5.0186395E+002, 6.6185675E+002, 4.6876064E+002, 2.7159723E+002, 6.1426318E+002, 1.7792138E+002, 4.3276806E+002, 6.0962188E+002, 4.9977976E+002, 2.9879107E+002, 5.8173913E+002, 1.7458662E+002, 4.4212341E+002, 6.2594637E+002, 4.6705913E+002, 2.5289294E+002, 3.1151590E+002, 1.6666835E+002, 4.4365256E+002, 3.8286400E+002, 2.6143576E+002, 1.7427681E+002, 1.8207628E+002, 1.5584168E+002, 1.4003274E+002, 1.3454585E+002, 1.2929326E+002, 1.2249218E+002, 1.0504095E+002, 8.2185580E+001, 5.8318454E+001, 4.9449902E+001, 4.6261123E+001, 4.1152148E+001, 3.9060799E+001, 1.8752111E+002, 1.5677831E+002, 1.3709605E+002, 1.3247244E+002, 1.2069702E+002, 1.1854655E+002, 1.0337467E+002, 7.4402134E+001, 5.4311406E+001, 4.9647912E+001, 4.5318425E+001, 4.0926066E+001, 3.6131123E+001, 1.4335254E+002, 1.4668162E+002, 1.4905418E+002, 1.4646481E+002, 1.4249236E+002, 1.2829507E+002, 1.0312244E+002, 9.5663249E+001, 4.2094242E+001, 4.1589798E+001, 4.1288604E+001, 2.0239951E+002, 2.0278850E+002, 2.0178015E+002, 1.9626720E+002, 1.6877582E+002, 1.3008902E+002, 9.8737680E+001, 8.0083944E+001, 5.7846596E+001, 5.1146404E+001, 4.5803444E+001, 2.6245076E+002, 1.9583462E+002, 2.5791795E+002, 1.8602383E+002, 2.7171325E+002, 1.9362632E+002, 2.6306175E+002, 1.8832063E+002, 1.0329261E+003, 9.6661520E+002, 9.4650458E+002, 9.1815631E+002, 8.2635896E+002, 7.4357674E+002, 4.3049140E+002
 3.8000134E+003, 1.6397759E+002, 1.6064695E+002, 1.6829903E+002, 1.8504183E+002, 2.0050323E+002, 1.5919898E+002, 1.5797232E+002, 1.6242351E+002, 1.7028100E+002, 1.8840996E+002, 2.2328974E+002, 1.7214802E+002, 1.5620457E+002, 1.6817302E+002, 1.8653887E+002, 2.2021677E+002, 2.5749412E+002, 2.0670644E+002, 1.4787338E+002, 1.6815258E+002, 1.9688079E+002, 2.2033225E+002, 2.5842667E+002, 2.2623559E+002, 1.4172325E+002, 1.5365650E+002, 1.7747589E+002, 1.8739485E+002, 2.0233620E+002, 1.4274833E+002, 1.5333821E+002, 1.7981885E+002, 2.1492974E+002, 2.3882915E+002, 1.4542621E+002, 1.4389083E+002, 1.4658269E+002, 1.9782606E+002, 2.5333021E+002, 2.9494816E+002, 1.5552142E+002, 1.4003169E+002, 1.4011818E+002, 1.8596080E+002, 2.8570429E+002, 3.4763885E+002, 2.3400305E+002, 1.3680050E+002, 1.5417724E+002, 2.2793447E+002, 3.1808444E+002, 3.2745261E+002, 3.1667742E+002, 1.3653264E+002, 1.8685669E+002, 2.4650631E+002, 2.6724200E+002, 2.4896095E+002, 1.6681416E+002, 4.2220169E+002, 4.1335658E+002, 2.3846420E+002, 1.5103710E+002, 2.5759962E+002, 1.6656356E+002, 3.7384879E+002, 4.2804070E+002, 2.9877827E+002, 2.0714745E+002, 4.7949586E+002, 1.9199120E+002, 4.8329475E+002, 6.3998484E+002, 4.8826151E+002, 2.8453472E+002, 6.2528395E+002, 1.9771413E+002, 6.1176727E+002, 6.9187993E+002, 4.4783832E+002, 2.6632613E+002, 2.9130893E+002, 1.7364631E+002, 4.4008539E+002, 3.7450049E+002, 2.6681199E+002, 1.8369829E+002, 1.7656397E+002, 1.6282346E+002, 1.4236703E+002, 1.3931820E+002, 1.3447829E+002, 1.2775533E+002, 1.0861195E+002, 7.8902361E+001, 5.7567552E+001, 5.0914390E+001, 4.5542546E+001, 4.1556126E+001, 3.9836088E+001, 2.0176395E+002, 1.8001126E+002, 1.4186803E+002, 1.3857862E+002, 1.2711338E+002, 1.2076114E+002, 1.0316147E+002, 8.0797441E+001, 5.4210351E+001, 5.0354130E+001, 4.6549541E+001, 4.1284529E+001, 3.4260753E+001, 1.4629723E+002, 1.5085553E+002, 1.5145374E+002, 1.5018779E+002, 1.4658093E+002, 1.3966547E+002, 1.1314931E+002, 8.2245973E+001, 4.2607886E+001, 4.2147570E+001, 4.1776451E+001, 2.0059402E+002, 2.0040122E+002, 1.9805567E+002, 1.9154852E+002, 1.5256203E+002, 1.2961570E+002, 1.0733620E+002, 7.8917010E+001, 5.7831327E+001, 5.2629762E+001, 4.5939224E+001, 2.6775792E+002, 1.9832041E+002, 2.6317996E+002, 1.8884666E+002, 2.7674186E+002, 1.9607880E+002, 2.6837769E+002, 1.9090640E+002, 9.9660515E+002, 9.5399849E+002, 9.4533611E+002, 9.4655267E+002, 8.9832073E+002, 7.6131557E+002, 4.3347439E+002
 3.8200208E+003, 1.7345636E+002, 1.7445788E+002, 1.7245406E+002, 1.9932331E+002, 2.2461991E+002, 1.7366970E+002, 1.6657114E+002, 1.6395781E+002, 1.7533615E+002, 2.0497530E+002, 2.3716404E+002, 1.6163831E+002, 1.5229935E+002, 1.5411014E+002, 1.7108709E+002, 2.2235771E+002, 2.6110877E+002, 1.9239298E+002, 1.4576647E+002, 1.5390881E+002, 1.7881299E+002, 2.1504054E+002, 2.3271157E+002, 1.9704647E+002, 1.4489581E+002, 1.4955720E+002, 1.6675071E+002, 1.8265612E+002, 1.9414705E+002, 1.4712692E+002, 1.6800800E+002, 1.9618202E+002, 2.4414006E+002, 2.4214134E+002, 1.5362013E+002, 1.4738948E+002, 1.4977535E+002, 2.0663921E+002, 2.7879376E+002, 3.1863038E+002, 1.6312449E+002, 1.4692517E+002, 1.4849670E+002, 2.0899381E+002, 2.8937971E+002, 3.4303706E+002, 2.5185776E+002, 1.4387017E+002, 1.4736263E+002, 1.9743423E+002, 2.9864952E+002, 3.2910546E+002, 2.8011727E+002, 1.3978607E+002, 1.5562111E+002, 2.1125127E+002, 2.2462516E+002, 2.2173433E+002, 1.6937219E+002, 4.3305848E+002, 3.7858038E+002, 2.7671405E+002, 1.8038352E+002, 2.6759456E+002, 1.7419441E+002, 4.4420116E+002, 6.2026259E+002, 4.3885604E+002, 2.5749445E+002, 6.0627351E+002, 2.0395937E+002, 5.6672467E+002, 6.7166860E+002, 5.5272712E+002, 3.4698135E+002, 6.1228194E+002, 1.7915077E+002, 4.3546702E+002, 5.6465719E+002, 4.1875675E+002, 2.4419312E+002, 2.7324030E+002, 1.7025200E+002, 4.2184546E+002, 3.4304636E+002, 2.3077460E+002, 1.7787558E+002, 1.8027942E+002, 1.6326315E+002, 1.4405854E+002, 1.4073687E+002, 1.4085123E+002, 1.3692862E+002, 1.0713946E+002, 7.7782826E+001, 6.0393411E+001, 4.8838719E+001, 4.6342429E+001, 4.2655473E+001, 4.0497324E+001, 2.0393103E+002, 1.7017808E+002, 1.4184004E+002, 1.4038817E+002, 1.2728288E+002, 1.2373476E+002, 1.0953759E+002, 8.0234097E+001, 5.5212883E+001, 5.1320257E+001, 4.6831618E+001, 3.9823421E+001, 3.4532711E+001, 1.4863662E+002, 1.5532445E+002, 1.5632271E+002, 1.5575726E+002, 1.5355102E+002, 1.4529075E+002, 1.1679689E+002, 6.9281844E+001, 4.3143974E+001, 4.2849866E+001, 4.2322203E+001, 2.0171169E+002, 2.0247173E+002, 2.0048034E+002, 1.8631167E+002, 1.4536452E+002, 1.3124176E+002, 1.0256839E+002, 8.0300454E+001, 5.7670832E+001, 5.2266339E+001, 4.6038899E+001, 2.7286794E+002, 2.0100825E+002, 2.6802850E+002, 1.9150165E+002, 2.8209179E+002, 1.9874691E+002, 2.7326200E+002, 1.9334220E+002, 9.5176066E+002, 8.9841099E+002, 8.7054587E+002, 9.0046249E+002, 1.0115381E+003, 8.6559696E+002, 4.3772219E+002
 3.8400316E+003, 1.7598915E+002, 1.7589139E+002, 1.8109774E+002, 1.9882236E+002, 2.0904980E+002, 1.7517094E+002, 1.7387051E+002, 1.7366260E+002, 1.8163868E+002, 2.1025696E+002, 2.2513970E+002, 1.7492513E+002, 1.7245768E+002, 1.7182287E+002, 1.7502055E+002, 2.0655516E+002, 2.5096361E+002, 1.7959060E+002, 1.6255107E+002, 1.6649591E+002, 1.6919574E+002, 1.9701855E+002, 2.4663112E+002, 2.0241915E+002, 1.5896314E+002, 1.5781272E+002, 1.6377775E+002, 1.8463352E+002, 2.0567591E+002, 1.5071385E+002, 1.6912843E+002, 2.0803035E+002, 2.2520781E+002, 2.0553979E+002, 1.5482250E+002, 1.5365367E+002, 1.5717617E+002, 2.0321920E+002, 2.6564626E+002, 2.8035005E+002, 1.6400952E+002, 1.5055731E+002, 1.5114609E+002, 1.9879621E+002, 3.0493775E+002, 3.3515200E+002, 2.5422063E+002, 1.4800930E+002, 1.4808575E+002, 1.9418320E+002, 3.0127141E+002, 3.7455258E+002, 3.0607227E+002, 1.4563403E+002, 1.5047933E+002, 1.9492907E+002, 2.5220223E+002, 2.5665098E+002, 1.6921585E+002, 3.5994826E+002, 3.1417964E+002, 2.1716834E+002, 1.6209709E+002, 2.7689162E+002, 1.7483279E+002, 4.5435464E+002, 5.8255364E+002, 4.5424798E+002, 2.5179949E+002, 5.9972737E+002, 1.9426473E+002, 4.8370586E+002, 6.5880222E+002, 5.1120486E+002, 2.9992578E+002, 5.5223194E+002, 1.8639342E+002, 4.9139231E+002, 6.1443830E+002, 4.6592267E+002, 2.5519498E+002, 3.3131759E+002, 1.7105310E+002, 4.4784410E+002, 4.2148802E+002, 2.7496749E+002, 1.9682736E+002, 1.8697264E+002, 1.7112523E+002, 1.5508729E+002, 1.4341467E+002, 1.4125526E+002, 1.4020622E+002, 1.0822570E+002, 8.1455026E+001, 6.3453514E+001, 5.0121053E+001, 4.6475702E+001, 4.3489093E+001, 4.1362480E+001, 2.1050753E+002, 1.6882151E+002, 1.4384573E+002, 1.4279491E+002, 1.3327181E+002, 1.2853334E+002, 1.0651282E+002, 8.1531755E+001, 5.6455128E+001, 5.2388249E+001, 4.6327664E+001, 4.1818343E+001, 3.5467398E+001, 1.5086720E+002, 1.5372249E+002, 1.5264710E+002, 1.5075279E+002, 1.4817878E+002, 1.4036889E+002, 1.1504197E+002, 7.6495243E+001, 4.3788809E+001, 4.3125442E+001, 4.2831331E+001, 1.9824791E+002, 1.9802544E+002, 1.9494665E+002, 1.8729226E+002, 1.6023701E+002, 1.2823562E+002, 1.0939423E+002, 8.3635856E+001, 5.8843465E+001, 5.3774398E+001, 5.0483178E+001, 2.7774164E+002, 2.0381939E+002, 2.7267886E+002, 1.9422197E+002, 2.8684344E+002, 2.0129318E+002, 2.7793315E+002, 1.9578318E+002, 9.8111275E+002, 9.1653412E+002, 8.7938782E+002, 9.3983680E+002, 9.8491641E+002, 7.9155514E+002, 4.4203092E+002
 3.8600299E+003, 1.7170603E+002, 1.7291694E+002, 1.8815369E+002, 2.1429872E+002, 2.4273485E+002, 1.7067025E+002, 1.7030487E+002, 1.7210856E+002, 1.9435363E+002, 2.3777604E+002, 2.7448359E+002, 1.8322163E+002, 1.7183642E+002, 1.7361792E+002, 1.8749878E+002, 2.1881888E+002, 2.6516892E+002, 1.8872376E+002, 1.6529056E+002, 1.6723401E+002, 1.7381601E+002, 1.9392360E+002, 2.2919062E+002, 1.9569720E+002, 1.5495720E+002, 1.5435291E+002, 1.5946495E+002, 1.7438486E+002, 2.0529416E+002, 1.4998921E+002, 1.6849226E+002, 2.2966581E+002, 2.5648582E+002, 2.5371605E+002, 1.5772224E+002, 1.5846000E+002, 1.6495120E+002, 2.2378078E+002, 3.2924252E+002, 3.6209139E+002, 1.7881472E+002, 1.6101137E+002, 1.7020378E+002, 2.0967296E+002, 3.0081506E+002, 3.8953450E+002, 2.3540885E+002, 1.5782283E+002, 1.5771974E+002, 1.8960287E+002, 2.8349084E+002, 3.2507802E+002, 2.7796986E+002, 1.4885390E+002, 1.5449338E+002, 2.1065681E+002, 2.3551728E+002, 2.3114225E+002, 1.7787090E+002, 4.9140232E+002, 4.2792746E+002, 2.6890632E+002, 1.7907160E+002, 3.1233175E+002, 1.8828377E+002, 5.1840755E+002, 6.5168367E+002, 5.3136181E+002, 3.2170930E+002, 6.6772382E+002, 1.9515679E+002, 5.4585316E+002, 6.8066998E+002, 5.5699438E+002, 3.1589406E+002, 5.5757551E+002, 1.8218043E+002, 3.8788353E+002, 5.2123883E+002, 3.9647359E+002, 2.3141871E+002, 2.5841032E+002, 1.7452043E+002, 4.7180773E+002, 3.7344040E+002, 2.3143316E+002, 1.7254314E+002, 1.8443332E+002, 1.6191945E+002, 1.6150961E+002, 1.4861055E+002, 1.4513742E+002, 1.4449403E+002, 1.1780572E+002, 8.3845914E+001, 5.9263531E+001, 5.0540334E+001, 4.7900540E+001, 4.5394973E+001, 3.9870761E+001, 2.1096436E+002, 1.6989518E+002, 1.4548724E+002, 1.4541973E+002, 1.3804243E+002, 1.3329276E+002, 1.1832492E+002, 7.9829101E+001, 5.6543561E+001, 5.2202204E+001, 4.6491674E+001, 4.1980401E+001, 3.5720789E+001, 1.4595797E+002, 1.5007743E+002, 1.5010615E+002, 1.4857899E+002, 1.4642798E+002, 1.4300985E+002, 1.3109241E+002, 7.0627208E+001, 4.4425537E+001, 4.4100647E+001, 4.3635380E+001, 2.0814504E+002, 2.0805259E+002, 2.0548285E+002, 1.9121579E+002, 1.5979044E+002, 1.3489503E+002, 1.1423320E+002, 7.6960158E+001, 5.6902403E+001, 5.3200543E+001, 4.4324280E+001, 2.8237229E+002, 2.0659077E+002, 2.7683900E+002, 1.9709057E+002, 2.9128622E+002, 2.0389523E+002, 2.8214329E+002, 1.9824329E+002, 1.0020558E+003, 9.7014318E+002, 9.4343389E+002, 9.2587207E+002, 8.8888629E+002, 8.1216613E+002, 4.4607225E+002
 3.8800261E+003, 1.7401006E+002, 1.7978932E+002, 1.8932146E+002, 2.2225151E+002, 2.4325120E+002, 1.7634887E+002, 1.7616230E+002, 1.7815337E+002, 2.0490534E+002, 2.2338292E+002, 2.4795817E+002, 1.8550786E+002, 1.7336577E+002, 1.7286151E+002, 1.9884334E+002, 2.1724840E+002, 2.3427963E+002, 2.0101520E+002, 1.6814106E+002, 1.7018529E+002, 1.8260628E+002, 1.9806562E+002, 2.0876511E+002, 1.8806402E+002, 1.6277035E+002, 1.6277489E+002, 1.6477556E+002, 1.7109393E+002, 1.8729160E+002, 1.6011347E+002, 1.6273703E+002, 2.0244705E+002, 2.5390734E+002, 2.5763954E+002, 1.6332999E+002, 1.6472837E+002, 1.6569784E+002, 2.1742002E+002, 2.7017492E+002, 3.2025669E+002, 1.9596925E+002, 1.5866268E+002, 1.6308888E+002, 2.3562072E+002, 2.8030463E+002, 3.1969375E+002, 2.6741015E+002, 1.5560109E+002, 1.6012078E+002, 2.0930130E+002, 2.7744247E+002, 2.8417885E+002, 2.5416107E+002, 1.5123443E+002, 1.7275473E+002, 2.1039687E+002, 2.2461273E+002, 2.2275286E+002, 1.8616983E+002, 4.4329256E+002, 4.0149509E+002, 2.8379717E+002, 1.9346492E+002, 2.7141423E+002, 1.9881173E+002, 4.1582317E+002, 5.1075495E+002, 4.3121724E+002, 2.5951051E+002, 5.0656763E+002, 2.0122015E+002, 4.8762282E+002, 6.0196822E+002, 4.9073201E+002, 2.7700669E+002, 5.5179031E+002, 1.9806705E+002, 4.6995997E+002, 5.3475425E+002, 3.8600228E+002, 2.4708216E+002, 2.6665888E+002, 1.7859244E+002, 4.6260370E+002, 4.1215060E+002, 2.6043457E+002, 1.8841709E+002, 1.8539277E+002, 1.6442853E+002, 1.5981985E+002, 1.5514780E+002, 1.4700848E+002, 1.4279842E+002, 1.1785055E+002, 8.1936657E+001, 5.7945656E+001, 5.2263550E+001, 4.8225645E+001, 4.5678572E+001, 4.1339481E+001, 2.1038054E+002, 1.8389308E+002, 1.4837315E+002, 1.4547162E+002, 1.4248946E+002, 1.3521526E+002, 1.2108068E+002, 7.6957746E+001, 5.8478501E+001, 5.2693649E+001, 4.6392369E+001, 4.1279949E+001, 3.6514505E+001, 1.4460628E+002, 1.4728368E+002, 1.4783172E+002, 1.4769815E+002, 1.4655332E+002, 1.4284934E+002, 1.3577647E+002, 8.8117475E+001, 4.5304409E+001, 4.4585992E+001, 4.4232463E+001, 2.1460767E+002, 2.1338029E+002, 2.1181894E+002, 1.9971808E+002, 1.6872405E+002, 1.3358861E+002, 1.1319560E+002, 8.6404692E+001, 5.8384670E+001, 5.2640144E+001, 4.5487941E+001, 2.8622745E+002, 2.0911502E+002, 2.8066588E+002, 1.9977090E+002, 2.9521760E+002, 2.0628057E+002, 2.8555499E+002, 2.0059030E+002, 1.0114316E+003, 9.6180654E+002, 9.2500046E+002, 9.1994418E+002, 8.6575891E+002, 7.3374359E+002, 4.4728619E+002
 3.9000304E+003, 1.7162152E+002, 1.7464944E+002, 1.9211409E+002, 2.0122872E+002, 2.1205229E+002, 1.7299390E+002, 1.7482621E+002, 1.8402030E+002, 1.9711931E+002, 2.2436695E+002, 2.3524104E+002, 1.9135063E+002, 1.7501026E+002, 1.8136987E+002, 2.0523920E+002, 2.2894144E+002, 2.4971911E+002, 2.1678384E+002, 1.7208097E+002, 1.7611009E+002, 1.9343772E+002, 2.0891506E+002, 2.3431669E+002, 2.2183658E+002, 1.7174075E+002, 1.6970035E+002, 1.7962001E+002, 1.9913773E+002, 2.2621123E+002, 1.5287445E+002, 1.5620901E+002, 1.9309499E+002, 2.1794754E+002, 2.2972004E+002, 1.5935765E+002, 1.6364593E+002, 1.6904176E+002, 2.2146001E+002, 2.7825611E+002, 2.8408335E+002, 1.8856474E+002, 1.6437670E+002, 1.7038313E+002, 2.1440677E+002, 2.9829013E+002, 3.3233328E+002, 2.7619218E+002, 1.6132074E+002, 1.7887540E+002, 2.4233134E+002, 3.1897270E+002, 3.6085171E+002, 3.1433459E+002, 1.5495377E+002, 1.6912915E+002, 2.0148263E+002, 2.4934636E+002, 3.0519012E+002, 1.7290166E+002, 3.9153321E+002, 3.4035352E+002, 2.3277547E+002, 1.6911172E+002, 2.7597015E+002, 1.9146310E+002, 4.2752276E+002, 4.3914627E+002, 3.5585583E+002, 2.2399716E+002, 5.3213109E+002, 2.0049804E+002, 4.7981990E+002, 5.7795492E+002, 4.3228050E+002, 2.5900662E+002, 6.3505184E+002, 1.9659062E+002, 5.0563826E+002, 6.7896154E+002, 5.2194323E+002, 2.9907398E+002, 3.3915633E+002, 1.8341819E+002, 4.5848166E+002, 4.7300804E+002, 3.2805499E+002, 2.0869104E+002, 1.8029574E+002, 1.6597151E+002, 1.5522982E+002, 1.5408823E+002, 1.4887616E+002, 1.4274097E+002, 1.1813634E+002, 8.8647236E+001, 6.0040895E+001, 5.4181125E+001, 4.7612503E+001, 4.4681049E+001, 4.1940349E+001, 2.0656275E+002, 1.7216503E+002, 1.5053690E+002, 1.4485459E+002, 1.4176044E+002, 1.3476016E+002, 1.2203041E+002, 7.9391228E+001, 5.9029995E+001, 5.2981427E+001, 4.7334560E+001, 4.2907530E+001, 3.6134272E+001, 1.5495033E+002, 1.5915282E+002, 1.5898337E+002, 1.5662239E+002, 1.5355502E+002, 1.4784084E+002, 1.3203806E+002, 7.8619712E+001, 4.5888799E+001, 4.4612062E+001, 4.4330052E+001, 2.1589602E+002, 2.1589702E+002, 2.0961490E+002, 1.9894483E+002, 1.8153261E+002, 1.4634292E+002, 1.1616680E+002, 8.3276996E+001, 5.6387775E+001, 5.1456373E+001, 4.5512739E+001, 2.8949064E+002, 2.1135460E+002, 2.8410268E+002, 2.0225293E+002, 2.9817362E+002, 2.0842149E+002, 2.8845608E+002, 2.0291505E+002, 9.8581199E+002, 9.8069070E+002, 9.7185313E+002, 9.5103026E+002, 9.2559692E+002, 8.2339096E+002, 4.5033338E+002
 3.9200301E+003, 1.7619055E+002, 1.7827237E+002, 1.8538891E+002, 1.9581519E+002, 2.1569479E+002, 1.7628921E+002, 1.7326054E+002, 1.7840919E+002, 1.8925439E+002, 2.0734901E+002, 2.4167898E+002, 1.8519608E+002, 1.7195044E+002, 1.7759490E+002, 2.0701704E+002, 2.4491171E+002, 2.6868385E+002, 2.3937991E+002, 1.6802738E+002, 1.7327098E+002, 2.0926274E+002, 2.2986797E+002, 2.3397896E+002, 2.1425946E+002, 1.6379117E+002, 1.6495228E+002, 1.8274665E+002, 1.9565584E+002, 2.0033896E+002, 1.5668897E+002, 1.6224674E+002, 1.9941318E+002, 2.2431297E+002, 2.6343336E+002, 1.6152501E+002, 1.6392334E+002, 1.6794968E+002, 2.0254672E+002, 2.6817777E+002, 3.0867360E+002, 1.9178328E+002, 1.6545327E+002, 1.6948962E+002, 2.0430374E+002, 3.0173184E+002, 3.5074890E+002, 2.6962399E+002, 1.6194494E+002, 1.7298984E+002, 2.6417633E+002, 3.0027349E+002, 3.4602668E+002, 2.5314663E+002, 1.5883375E+002, 1.7392489E+002, 2.2644276E+002, 2.3717554E+002, 2.0888175E+002, 1.7975597E+002, 3.9448986E+002, 3.9974777E+002, 2.7415545E+002, 1.8520011E+002, 2.7571697E+002, 1.9115641E+002, 4.2354718E+002, 5.4621729E+002, 4.5515785E+002, 3.0848674E+002, 5.6889494E+002, 2.1147193E+002, 5.1173097E+002, 6.6264977E+002, 5.5819404E+002, 3.1433130E+002, 5.8066887E+002, 1.9438640E+002, 4.2036639E+002, 5.4715395E+002, 4.1392130E+002, 2.4021843E+002, 2.5451474E+002, 1.7978656E+002, 4.7478671E+002, 3.4134812E+002, 2.1545300E+002, 1.6515372E+002, 1.9228308E+002, 1.6989191E+002, 1.5665845E+002, 1.5389383E+002, 1.5078633E+002, 1.4404242E+002, 1.1703705E+002, 8.8472809E+001, 6.1327576E+001, 5.3648475E+001, 4.7557306E+001, 4.4619391E+001, 4.2865589E+001, 2.2526557E+002, 1.8229109E+002, 1.5630985E+002, 1.5068401E+002, 1.4483535E+002, 1.3800771E+002, 1.2269809E+002, 8.1759665E+001, 5.8308562E+001, 5.3382767E+001, 4.8799299E+001, 4.2736748E+001, 3.5994136E+001, 1.5403063E+002, 1.5668200E+002, 1.5651162E+002, 1.5528866E+002, 1.5342799E+002, 1.4832862E+002, 1.2132936E+002, 8.4992446E+001, 4.6297412E+001, 4.5249788E+001, 4.5242615E+001, 2.1976074E+002, 2.1975695E+002, 2.1273698E+002, 2.0066223E+002, 1.8110064E+002, 1.4493551E+002, 1.1904048E+002, 9.1059031E+001, 5.9482826E+001, 5.5509699E+001, 4.4075558E+001, 2.9258082E+002, 2.1358251E+002, 2.8739855E+002, 2.0487357E+002, 3.0114105E+002, 2.1074682E+002, 2.9182187E+002, 2.0552799E+002, 9.9559523E+002, 9.5519790E+002, 9.3531304E+002, 9.1710521E+002, 8.4074675E+002, 6.6613770E+002, 4.5399885E+002
 3.9400119E+003, 1.8865318E+002, 1.8822419E+002, 2.0555269E+002, 2.3771261E+002, 2.4749525E+002, 1.9309815E+002, 1.9004554E+002, 1.9191365E+002, 1.9980687E+002, 2.4203186E+002, 2.6837002E+002, 1.9015580E+002, 1.7230656E+002, 1.7967926E+002, 1.9483629E+002, 2.3008848E+002, 2.6904564E+002, 2.0383400E+002, 1.7035925E+002, 1.8063992E+002, 1.9904408E+002, 2.1467639E+002, 2.3777999E+002, 2.2214349E+002, 1.6857833E+002, 1.8322678E+002, 1.8881204E+002, 2.0188398E+002, 2.1724566E+002, 1.6355047E+002, 1.6683056E+002, 2.2214859E+002, 2.6815071E+002, 2.7792255E+002, 1.6418995E+002, 1.6493374E+002, 1.7243143E+002, 2.2720855E+002, 3.2170161E+002, 3.9744881E+002, 1.7417386E+002, 1.6488525E+002, 1.6607260E+002, 2.3111445E+002, 3.4352078E+002, 4.0491895E+002, 2.7673822E+002, 1.6241939E+002, 1.7509796E+002, 2.2426691E+002, 3.0794868E+002, 3.2275896E+002, 2.8946212E+002, 1.6308979E+002, 2.0233369E+002, 2.3733753E+002, 2.5048927E+002, 2.2587309E+002, 1.8470885E+002, 4.5333577E+002, 3.8712323E+002, 2.7737828E+002, 1.9992300E+002, 3.2415344E+002, 1.9290577E+002, 5.2693609E+002, 6.9824763E+002, 5.5642127E+002, 3.0278237E+002, 6.6750563E+002, 2.1152281E+002, 5.6644296E+002, 7.4139245E+002, 5.3754819E+002, 3.0185158E+002, 5.6891109E+002, 2.0503785E+002, 5.0574667E+002, 5.2934492E+002, 3.3863739E+002, 2.0578899E+002, 2.2084949E+002, 1.8555664E+002, 4.9457106E+002, 3.5387769E+002, 2.1153397E+002, 1.6196707E+002, 1.8630363E+002, 1.7098299E+002, 1.5827390E+002, 1.5328915E+002, 1.5243229E+002, 1.4603902E+002, 1.1920436E+002, 9.1636805E+001, 6.2126056E+001, 5.3884767E+001, 4.8209310E+001, 4.7355834E+001, 4.2495012E+001, 2.3084946E+002, 1.9674980E+002, 1.5879600E+002, 1.5240961E+002, 1.4526493E+002, 1.4045099E+002, 1.2331293E+002, 7.9208728E+001, 5.8608571E+001, 5.4026864E+001, 4.9276797E+001, 4.4087199E+001, 3.7033715E+001, 1.5481139E+002, 1.5640626E+002, 1.5626051E+002, 1.5600857E+002, 1.5435858E+002, 1.5111690E+002, 1.4310027E+002, 6.6212802E+001, 4.6504448E+001, 4.6039202E+001, 4.5880618E+001, 2.1417904E+002, 2.1460077E+002, 2.1420422E+002, 1.8893489E+002, 1.6815033E+002, 1.4302405E+002, 1.2127926E+002, 8.9974978E+001, 6.4783389E+001, 5.8567806E+001, 4.8286914E+001, 2.9492436E+002, 2.1560463E+002, 2.9039581E+002, 2.0739850E+002, 3.0379521E+002, 2.1303095E+002, 2.9464911E+002, 2.0820259E+002, 9.5546459E+002, 9.0903512E+002, 8.4020191E+002, 8.0222597E+002, 7.8112946E+002, 6.4603062E+002, 4.5586664E+002
 3.9600005E+003, 1.8684744E+002, 1.8821298E+002, 1.9938087E+002, 2.2208743E+002, 2.4444216E+002, 1.8390815E+002, 1.7958889E+002, 1.8815366E+002, 2.0276610E+002, 2.4752622E+002, 2.7597164E+002, 1.9037573E+002, 1.6755052E+002, 1.8017212E+002, 2.0711532E+002, 2.4293472E+002, 2.7981843E+002, 2.2341646E+002, 1.6389983E+002, 1.7463805E+002, 2.0280693E+002, 2.1801596E+002, 2.3017200E+002, 1.9583838E+002, 1.6031552E+002, 1.6813117E+002, 1.8693273E+002, 1.7698462E+002, 1.8895553E+002, 1.6396226E+002, 1.6934777E+002, 2.1123788E+002, 2.3320644E+002, 2.6212954E+002, 1.6463029E+002, 1.6515734E+002, 1.6944444E+002, 2.3571791E+002, 3.1229724E+002, 3.8762021E+002, 1.8773328E+002, 1.6459453E+002, 1.7471617E+002, 2.5040509E+002, 3.4321059E+002, 3.9247895E+002, 2.8749372E+002, 1.6352146E+002, 1.7601637E+002, 2.4785800E+002, 2.8426329E+002, 3.1534064E+002, 2.5697206E+002, 1.6292805E+002, 1.9871689E+002, 2.3754530E+002, 2.1627067E+002, 2.0816077E+002, 1.8336305E+002, 4.4235151E+002, 3.9325483E+002, 2.9615043E+002, 2.0753051E+002, 2.8550267E+002, 1.8355994E+002, 4.5811814E+002, 6.7299913E+002, 5.8169331E+002, 3.4120693E+002, 6.2367683E+002, 2.0354489E+002, 5.5061095E+002, 6.7974904E+002, 5.4245052E+002, 3.2582689E+002, 6.3205788E+002, 1.8852867E+002, 4.2972500E+002, 6.0130769E+002, 4.3476345E+002, 2.6661052E+002, 2.8995318E+002, 1.8115572E+002, 4.8263783E+002, 3.4862003E+002, 2.3402248E+002, 1.7889409E+002, 1.8739121E+002, 1.7257067E+002, 1.5872415E+002, 1.5446204E+002, 1.5231104E+002, 1.4747902E+002, 1.1585195E+002, 8.8676271E+001, 6.2831323E+001, 5.2678655E+001, 4.9676284E+001, 4.8399880E+001, 4.2770373E+001, 2.2297006E+002, 1.9593397E+002, 1.6019978E+002, 1.5484005E+002, 1.4932544E+002, 1.4393789E+002, 1.2575726E+002, 8.0720962E+001, 5.8327067E+001, 5.4606854E+001, 4.9382489E+001, 4.3069608E+001, 3.6847042E+001, 1.6002688E+002, 1.6195536E+002, 1.6321068E+002, 1.6227636E+002, 1.5924309E+002, 1.5379169E+002, 1.4701128E+002, 5.5727257E+001, 4.6732870E+001, 4.6703925E+001, 4.6644950E+001, 2.2655905E+002, 2.2618782E+002, 2.2352136E+002, 2.1569076E+002, 1.8850164E+002, 1.4573892E+002, 1.1942177E+002, 8.2861185E+001, 6.4312760E+001, 5.5598253E+001, 4.7703471E+001, 2.9714950E+002, 2.1765983E+002, 2.9305168E+002, 2.0990569E+002, 3.0618418E+002, 2.1538216E+002, 2.9766599E+002, 2.1093551E+002, 1.0415374E+003, 9.8736673E+002, 9.4063956E+002, 9.4772883E+002, 8.9567054E+002, 7.6362292E+002, 4.5536841E+002
 3.9800071E+003, 1.8798278E+002, 1.8139017E+002, 1.8996676E+002, 2.0675689E+002, 2.3572418E+002, 1.8195737E+002, 1.8358760E+002, 1.8415531E+002, 1.9186806E+002, 2.2173651E+002, 2.6806248E+002, 1.8423429E+002, 1.7577249E+002, 1.7713339E+002, 1.9117225E+002, 2.1627198E+002, 2.7704447E+002, 1.9888646E+002, 1.6868237E+002, 1.7111190E+002, 1.8339280E+002, 2.0062065E+002, 2.5556441E+002, 2.0823650E+002, 1.6235890E+002, 1.6552894E+002, 1.7477412E+002, 1.8896900E+002, 2.1260128E+002, 1.6538154E+002, 1.7089518E+002, 2.0826732E+002, 2.3174093E+002, 2.5408624E+002, 1.6621376E+002, 1.6683289E+002, 1.6898428E+002, 2.2480729E+002, 3.1107030E+002, 3.5921962E+002, 2.0186730E+002, 1.6455011E+002, 1.6971289E+002, 2.3656422E+002, 3.2809317E+002, 3.9065248E+002, 2.7878296E+002, 1.6277761E+002, 1.6630889E+002, 2.2125640E+002, 3.1457822E+002, 3.6036325E+002, 2.9760746E+002, 1.6066477E+002, 1.6774116E+002, 2.0609309E+002, 2.2708323E+002, 2.0632556E+002, 1.8219702E+002, 4.4929915E+002, 4.1980357E+002, 3.1935698E+002, 2.1942769E+002, 2.7691853E+002, 1.8865197E+002, 4.9091148E+002, 6.4030806E+002, 5.0899653E+002, 2.9213998E+002, 5.8466733E+002, 2.0203173E+002, 5.1413453E+002, 6.8146658E+002, 5.5702087E+002, 3.2084668E+002, 6.6777917E+002, 1.9720573E+002, 5.0919442E+002, 6.3781744E+002, 4.7030457E+002, 2.8969494E+002, 2.9334352E+002, 1.9139592E+002, 4.6306102E+002, 3.6303236E+002, 2.7068798E+002, 2.0186865E+002, 1.8538623E+002, 1.7762789E+002, 1.5959126E+002, 1.5588564E+002, 1.5378433E+002, 1.4850379E+002, 1.2082657E+002, 9.1621556E+001, 6.1995664E+001, 5.3287788E+001, 4.9812811E+001, 4.7499955E+001, 4.4190226E+001, 2.2091337E+002, 1.9232764E+002, 1.5859607E+002, 1.5357137E+002, 1.4801988E+002, 1.4357787E+002, 1.2758471E+002, 8.2886853E+001, 6.0650654E+001, 5.4949047E+001, 4.9145495E+001, 4.3436520E+001, 3.6889742E+001, 1.6220494E+002, 1.6538349E+002, 1.6599638E+002, 1.6407070E+002, 1.6113945E+002, 1.5696172E+002, 1.4153660E+002, 6.2727753E+001, 4.7271743E+001, 4.7110614E+001, 4.6895337E+001, 2.2959213E+002, 2.2900744E+002, 2.2489118E+002, 2.1602880E+002, 1.6537131E+002, 1.4187674E+002, 1.2668723E+002, 8.7100432E+001, 6.3705131E+001, 5.7087398E+001, 4.7722321E+001, 2.9892475E+002, 2.1934640E+002, 2.9504141E+002, 2.1206560E+002, 3.0752771E+002, 2.1716142E+002, 2.9997344E+002, 2.1303649E+002, 1.0386309E+003, 1.0179429E+003, 1.0005475E+003, 9.7271163E+002, 9.4470255E+002, 7.6266452E+002, 4.5467686E+002
 4.0000014E+003, 1.9104546E+002, 1.8351052E+002, 1.9734740E+002, 2.2804804E+002, 2.3695473E+002, 1.8210730E+002, 1.8370504E+002, 1.8208245E+002, 2.0539764E+002, 2.4053258E+002, 2.6733060E+002, 1.9373328E+002, 1.7973295E+002, 1.8526369E+002, 2.0904169E+002, 2.2313704E+002, 2.6452605E+002, 2.1042500E+002, 1.7043389E+002, 1.7628612E+002, 1.9735971E+002, 2.0818356E+002, 2.4080437E+002, 2.2248062E+002, 1.6499164E+002, 1.6593722E+002, 1.7006466E+002, 1.8623618E+002, 2.1913818E+002, 1.6507696E+002, 1.7215021E+002, 2.0525288E+002, 2.3164607E+002, 2.2214348E+002, 1.6685727E+002, 1.6762675E+002, 1.7125206E+002, 2.2324389E+002, 2.9679218E+002, 3.3101464E+002, 2.0711769E+002, 1.6781588E+002, 1.7608989E+002, 2.1443236E+002, 3.1564174E+002, 3.7942189E+002, 2.5573860E+002, 1.6744450E+002, 1.7582491E+002, 2.2390663E+002, 2.8569673E+002, 3.4481121E+002, 2.8280354E+002, 1.6254972E+002, 1.8561316E+002, 2.0292149E+002, 2.2794660E+002, 2.5302319E+002, 1.7881934E+002, 4.1577580E+002, 3.6938083E+002, 2.4851741E+002, 1.9387084E+002, 2.9464548E+002, 2.0476492E+002, 5.2992765E+002, 6.4117242E+002, 5.0536240E+002, 2.8851522E+002, 6.6864730E+002, 2.1853636E+002, 5.0031914E+002, 6.3772717E+002, 5.2319868E+002, 3.2403062E+002, 5.4499413E+002, 1.8893175E+002, 4.1445808E+002, 5.4683552E+002, 4.2841353E+002, 2.6746036E+002, 3.0384325E+002, 1.8421948E+002, 4.8074801E+002, 4.5808782E+002, 3.0417970E+002, 2.1616417E+002, 2.0245594E+002, 1.8083488E+002, 1.5803854E+002, 1.5539474E+002, 1.5532808E+002, 1.5185326E+002, 1.2694986E+002, 8.9866363E+001, 6.1735784E+001, 5.4266166E+001, 4.8795115E+001, 4.7989595E+001, 4.3957489E+001, 2.2048940E+002, 1.8899539E+002, 1.5802673E+002, 1.5143126E+002, 1.4624692E+002, 1.4478125E+002, 1.2629916E+002, 8.2866456E+001, 6.3479502E+001, 5.5217280E+001, 5.0323011E+001, 4.5128788E+001, 3.9314337E+001, 1.5810063E+002, 1.6234385E+002, 1.6390712E+002, 1.6187060E+002, 1.5913684E+002, 1.5439008E+002, 1.3460063E+002, 7.3404213E+001, 4.7273142E+001, 4.6695434E+001, 4.6563050E+001, 2.1693451E+002, 2.1740139E+002, 2.1885470E+002, 1.9293101E+002, 1.5557756E+002, 1.4088741E+002, 1.2606901E+002, 9.0564281E+001, 6.3427165E+001, 5.7005570E+001, 4.7106389E+001, 3.0055598E+002, 2.2073577E+002, 2.9680878E+002, 2.1373972E+002, 3.0874132E+002, 2.1840773E+002, 3.0143010E+002, 2.1468745E+002, 1.0611427E+003, 1.0348679E+003, 1.0235081E+003, 9.8482386E+002, 8.8972129E+002, 7.8213654E+002, 4.5312264E+002
 4.0200237E+003, 1.8752701E+002, 1.9117634E+002, 2.0792826E+002, 2.1302635E+002, 2.2528602E+002, 1.9177268E+002, 1.8822080E+002, 1.9443833E+002, 2.1102107E+002, 2.2535325E+002, 2.6311277E+002, 2.0696313E+002, 1.8513587E+002, 1.9312885E+002, 2.0450745E+002, 2.2961565E+002, 2.6410651E+002, 2.0778567E+002, 1.8804258E+002, 1.8682198E+002, 1.9433403E+002, 2.2345876E+002, 2.5888241E+002, 2.3186678E+002, 1.8253156E+002, 1.8008742E+002, 1.9108784E+002, 2.0987665E+002, 2.2973404E+002, 1.6788407E+002, 1.9154581E+002, 2.2460395E+002, 2.4186768E+002, 2.2960476E+002, 1.7206713E+002, 1.7212229E+002, 1.7931954E+002, 2.2684729E+002, 2.9231911E+002, 3.3374472E+002, 2.1561986E+002, 1.7082423E+002, 1.9387384E+002, 2.4466885E+002, 2.9987921E+002, 3.7929522E+002, 2.5597517E+002, 1.6772851E+002, 1.7067897E+002, 2.0987945E+002, 2.9424442E+002, 3.4282702E+002, 3.0550667E+002, 1.6448684E+002, 1.7496036E+002, 2.1520967E+002, 2.4519673E+002, 2.4978107E+002, 1.8007436E+002, 4.4315843E+002, 3.7728489E+002, 2.4146012E+002, 1.7514676E+002, 2.9745408E+002, 1.9868662E+002, 4.3187406E+002, 6.1666360E+002, 4.4214321E+002, 2.6846441E+002, 5.8775312E+002, 2.1018004E+002, 4.9561477E+002, 6.9119384E+002, 5.9682226E+002, 3.4888153E+002, 6.6554366E+002, 2.1241568E+002, 4.6737456E+002, 6.3743477E+002, 4.8886345E+002, 2.8693259E+002, 3.0005741E+002, 1.8638038E+002, 4.5964988E+002, 3.5475344E+002, 2.4507831E+002, 1.8310847E+002, 2.0482773E+002, 1.9168101E+002, 1.6714189E+002, 1.5762132E+002, 1.5767853E+002, 1.5413194E+002, 1.2255321E+002, 9.0088820E+001, 6.5759928E+001, 5.5669169E+001, 5.0303969E+001, 4.8380963E+001, 4.3680994E+001, 2.2379924E+002, 1.9709629E+002, 1.6279990E+002, 1.5299872E+002, 1.4881549E+002, 1.4733547E+002, 1.2561486E+002, 8.2989761E+001, 6.1559939E+001, 5.5302478E+001, 4.9410571E+001, 4.6569774E+001, 3.8930669E+001, 1.5636666E+002, 1.5957355E+002, 1.6003456E+002, 1.5883035E+002, 1.5642152E+002, 1.5320312E+002, 1.4289809E+002, 7.3000243E+001, 4.8398165E+001, 4.8384924E+001, 4.7637932E+001, 2.2076591E+002, 2.1999387E+002, 2.1816019E+002, 2.0617608E+002, 1.8437729E+002, 1.5003571E+002, 1.2271649E+002, 9.4498442E+001, 6.2451515E+001, 5.6524715E+001, 4.8970232E+001, 3.0160864E+002, 2.2185354E+002, 2.9784083E+002, 2.1529858E+002, 3.0968308E+002, 2.1948462E+002, 3.0302407E+002, 2.1626793E+002, 9.9180463E+002, 9.1510690E+002, 8.9601764E+002, 8.6800353E+002, 8.7571346E+002, 7.4199343E+002, 4.5132071E+002
 4.0400069E+003, 1.7963329E+002, 1.7886270E+002, 1.8762752E+002, 2.2213945E+002, 2.4905696E+002, 1.8126495E+002, 1.8385356E+002, 1.8361467E+002, 1.9176252E+002, 2.3127343E+002, 2.4957581E+002, 1.8829369E+002, 1.8603126E+002, 1.8528967E+002, 1.9597585E+002, 2.3248360E+002, 2.5071482E+002, 2.1085253E+002, 1.8674172E+002, 1.8636710E+002, 1.9698981E+002, 2.2941814E+002, 2.4472125E+002, 2.3297768E+002, 1.8595306E+002, 1.8583271E+002, 1.9179839E+002, 2.0493997E+002, 2.2998496E+002, 1.6888674E+002, 1.8599874E+002, 2.3567133E+002, 2.7710511E+002, 2.4921152E+002, 1.7189873E+002, 1.7134244E+002, 1.7510098E+002, 2.3988509E+002, 2.8704989E+002, 3.4589922E+002, 1.9116165E+002, 1.7016193E+002, 1.7646425E+002, 2.1723873E+002, 2.8742951E+002, 3.5968153E+002, 2.3641516E+002, 1.6828217E+002, 1.7380540E+002, 2.1585806E+002, 2.8240548E+002, 3.3085578E+002, 2.9692306E+002, 1.6601992E+002, 1.7377462E+002, 2.0753347E+002, 2.3217041E+002, 2.7308775E+002, 1.9140706E+002, 4.7848521E+002, 4.3594417E+002, 2.9071119E+002, 2.0107545E+002, 3.2932008E+002, 1.9806875E+002, 5.0960684E+002, 6.7739521E+002, 5.0899506E+002, 2.8935708E+002, 6.6181411E+002, 2.0958295E+002, 5.4789623E+002, 6.7678337E+002, 5.3781961E+002, 3.1820834E+002, 5.5542449E+002, 2.1250832E+002, 4.3842927E+002, 5.3647806E+002, 4.2020545E+002, 2.5124469E+002, 3.0438504E+002, 1.9274657E+002, 4.0662020E+002, 3.8901904E+002, 2.7521719E+002, 1.8903606E+002, 2.1061550E+002, 1.8398944E+002, 1.7334696E+002, 1.6321405E+002, 1.5941500E+002, 1.5594910E+002, 1.2731558E+002, 8.8122398E+001, 6.4408112E+001, 5.5411831E+001, 5.1156996E+001, 4.7446076E+001, 4.4402822E+001, 2.2935284E+002, 1.9588434E+002, 1.6579242E+002, 1.5804926E+002, 1.5267652E+002, 1.4830511E+002, 1.3288821E+002, 8.7493056E+001, 6.1849089E+001, 5.6617688E+001, 5.0610095E+001, 4.5952581E+001, 3.7146807E+001, 1.5675217E+002, 1.5841271E+002, 1.5924874E+002, 1.5811245E+002, 1.5592867E+002, 1.5213498E+002, 1.4540652E+002, 7.1616267E+001, 4.9498436E+001, 4.8746340E+001, 4.7419056E+001, 2.1624602E+002, 2.1552011E+002, 2.1308813E+002, 2.0590221E+002, 1.6984762E+002, 1.4207217E+002, 1.2683079E+002, 9.2168891E+001, 6.3541849E+001, 5.8806187E+001, 5.0852482E+001, 3.0279377E+002, 2.2311051E+002, 2.9913419E+002, 2.1685010E+002, 3.1063709E+002, 2.2051019E+002, 3.0399641E+002, 2.1761415E+002, 9.8121209E+002, 9.5064120E+002, 9.3449823E+002, 9.2075377E+002, 9.4809034E+002, 8.2898751E+002, 4.5260092E+002
 4.0600192E+003, 1.8516158E+002, 1.8594400E+002, 1.9218908E+002, 2.0831671E+002, 2.1799121E+002, 1.8547854E+002, 1.8258588E+002, 1.8337466E+002, 1.8746834E+002, 2.1017714E+002, 2.4258753E+002, 1.8489890E+002, 1.8371575E+002, 1.8391758E+002, 1.9913635E+002, 2.3243876E+002, 2.6875691E+002, 2.2416737E+002, 1.7973690E+002, 1.8376001E+002, 2.0318703E+002, 2.3894872E+002, 2.5124856E+002, 2.2913782E+002, 1.7586661E+002, 1.8147127E+002, 1.9884336E+002, 2.0517820E+002, 2.1756022E+002, 1.7082657E+002, 1.7321134E+002, 2.0923118E+002, 2.2770672E+002, 2.4214725E+002, 1.7083919E+002, 1.7106260E+002, 1.7195407E+002, 2.0432842E+002, 2.5951476E+002, 3.2046257E+002, 1.9412138E+002, 1.7025216E+002, 1.7795433E+002, 2.2513703E+002, 3.0528851E+002, 3.6297555E+002, 2.9114315E+002, 1.7049346E+002, 1.8137203E+002, 2.5207287E+002, 3.4783918E+002, 3.4777979E+002, 2.7243428E+002, 1.6851412E+002, 1.7980123E+002, 2.1787733E+002, 2.4463560E+002, 2.2980490E+002, 1.8890944E+002, 4.1158684E+002, 3.5665332E+002, 2.7522725E+002, 2.1664551E+002, 2.8440699E+002, 1.9685489E+002, 4.4517492E+002, 5.3510659E+002, 4.1397832E+002, 2.4955673E+002, 5.3436084E+002, 2.1348827E+002, 5.0400275E+002, 5.9485533E+002, 5.1964441E+002, 3.1123667E+002, 5.6803980E+002, 2.1505872E+002, 4.7701829E+002, 5.6999732E+002, 4.4489193E+002, 2.7304226E+002, 2.8356221E+002, 1.8895013E+002, 4.4187201E+002, 3.9594921E+002, 2.7894367E+002, 1.8993927E+002, 2.0227957E+002, 1.8314887E+002, 1.7162861E+002, 1.6337799E+002, 1.5882641E+002, 1.5615827E+002, 1.2984506E+002, 8.7169185E+001, 6.4302013E+001, 5.7061269E+001, 5.1677898E+001, 4.6794129E+001, 4.3688739E+001, 2.2727468E+002, 1.8932502E+002, 1.6439848E+002, 1.5827978E+002, 1.5195811E+002, 1.4990927E+002, 1.2688617E+002, 8.2479850E+001, 6.2889555E+001, 5.8076761E+001, 5.1753082E+001, 4.7096303E+001, 4.0288518E+001, 1.5397690E+002, 1.5831080E+002, 1.6047092E+002, 1.5988166E+002, 1.5790524E+002, 1.5498691E+002, 1.5031744E+002, 7.5633150E+001, 4.9623264E+001, 4.8536844E+001, 4.8033875E+001, 2.2467531E+002, 2.2350503E+002, 2.1988728E+002, 2.1099199E+002, 1.8111810E+002, 1.5041993E+002, 1.2740387E+002, 8.2307600E+001, 6.1169404E+001, 5.5370806E+001, 4.8026087E+001, 3.0411132E+002, 2.2459517E+002, 3.0053151E+002, 2.1812332E+002, 3.1189889E+002, 2.2152684E+002, 3.0459065E+002, 2.1877013E+002, 9.6473195E+002, 9.1528550E+002, 9.0655350E+002, 8.7170770E+002, 8.6263124E+002, 8.1010662E+002, 4.5454175E+002
 4.0800344E+003, 1.9140479E+002, 1.9574353E+002, 2.0450374E+002, 2.1631841E+002, 2.3726589E+002, 1.9214235E+002, 1.8890749E+002, 1.9705938E+002, 2.0347079E+002, 2.2224912E+002, 2.6384617E+002, 2.0263507E+002, 1.9097142E+002, 1.9134509E+002, 2.0451954E+002, 2.4338648E+002, 2.9228699E+002, 2.3214985E+002, 1.8594641E+002, 1.9048101E+002, 2.1818198E+002, 2.5466244E+002, 2.8589575E+002, 2.5802739E+002, 1.8699836E+002, 1.8900391E+002, 2.1515692E+002, 2.3619782E+002, 2.5461869E+002, 1.6934277E+002, 1.7590299E+002, 2.1680281E+002, 2.4822930E+002, 2.3833944E+002, 1.7290956E+002, 1.7447438E+002, 1.9028525E+002, 2.3343689E+002, 2.8553880E+002, 3.5034982E+002, 2.0353830E+002, 1.7709013E+002, 1.8407238E+002, 2.3572937E+002, 3.4043724E+002, 3.8202978E+002, 3.2229019E+002, 1.7408685E+002, 1.8720693E+002, 2.5155685E+002, 3.4250630E+002, 3.6091938E+002, 3.3681656E+002, 1.7181104E+002, 1.9997374E+002, 2.6685693E+002, 2.8938367E+002, 2.7265315E+002, 1.9274970E+002, 4.3164466E+002, 3.6831080E+002, 2.4242913E+002, 1.7870958E+002, 2.8224216E+002, 1.9704707E+002, 4.0629468E+002, 5.1529348E+002, 4.1340199E+002, 2.7128759E+002, 5.2978461E+002, 2.2428113E+002, 5.7845136E+002, 6.6690046E+002, 5.3562440E+002, 3.2732806E+002, 6.4374981E+002, 2.1184328E+002, 5.6265719E+002, 6.5899465E+002, 4.5437185E+002, 2.8331497E+002, 2.8746838E+002, 1.9499548E+002, 4.9380360E+002, 3.8858547E+002, 2.8515610E+002, 2.0342618E+002, 2.0057058E+002, 1.7983743E+002, 1.6794284E+002, 1.6218000E+002, 1.5923969E+002, 1.5593972E+002, 1.3269272E+002, 9.0640304E+001, 6.7011537E+001, 5.6746054E+001, 5.0825809E+001, 4.6819915E+001, 4.5347340E+001, 2.2036795E+002, 1.8740784E+002, 1.6466548E+002, 1.5637600E+002, 1.5216042E+002, 1.5138632E+002, 1.2301945E+002, 8.2703641E+001, 6.3608982E+001, 5.8428112E+001, 5.1984509E+001, 4.5234814E+001, 3.9736332E+001, 1.5658852E+002, 1.6449164E+002, 1.6766280E+002, 1.6742081E+002, 1.6545642E+002, 1.6203779E+002, 1.5617207E+002, 8.0198782E+001, 4.9025364E+001, 4.7968872E+001, 4.7350835E+001, 2.1641555E+002, 2.1697967E+002, 2.1566848E+002, 2.0992777E+002, 1.8581432E+002, 1.5306215E+002, 1.2716336E+002, 9.1934639E+001, 6.2958078E+001, 5.9060687E+001, 4.8028173E+001, 3.0524964E+002, 2.2600167E+002, 3.0191896E+002, 2.1966896E+002, 3.1275451E+002, 2.2267070E+002, 3.0558449E+002, 2.2002036E+002, 9.9432129E+002, 9.6044852E+002, 9.1457096E+002, 8.7542626E+002, 8.4703653E+002, 8.2420844E+002, 4.5744799E+002
 4.1000003E+003, 1.8565225E+002, 1.8936702E+002, 1.9966161E+002, 2.1532483E+002, 2.5158161E+002, 1.8340515E+002, 1.8303914E+002, 1.8938335E+002, 2.0428357E+002, 2.2638672E+002, 2.7430061E+002, 1.9923192E+002, 1.8775499E+002, 1.9095640E+002, 2.0985671E+002, 2.4270166E+002, 2.6571439E+002, 2.2567320E+002, 1.9180958E+002, 1.9634250E+002, 2.0454728E+002, 2.3955967E+002, 2.6146439E+002, 2.4308821E+002, 1.8810294E+002, 1.9650807E+002, 1.9533958E+002, 2.1396110E+002, 2.2272789E+002, 1.7347389E+002, 1.8460016E+002, 2.2172254E+002, 2.9017073E+002, 2.9076984E+002, 1.7523020E+002, 1.7511387E+002, 1.8251060E+002, 2.2659148E+002, 2.9865796E+002, 3.6238409E+002, 1.9360351E+002, 1.7539651E+002, 1.7767276E+002, 2.2741005E+002, 3.1285130E+002, 3.6322111E+002, 2.7982061E+002, 1.7375231E+002, 1.8218178E+002, 2.1476346E+002, 3.1457387E+002, 3.2122412E+002, 2.9675148E+002, 1.7268247E+002, 2.0108545E+002, 2.3416679E+002, 2.6404577E+002, 2.4328157E+002, 1.9502868E+002, 4.7967264E+002, 4.7770032E+002, 3.3011822E+002, 2.2366698E+002, 3.3685574E+002, 2.1239798E+002, 4.7256703E+002, 6.1830027E+002, 4.6141711E+002, 2.9012846E+002, 5.8905258E+002, 2.1806251E+002, 5.0116912E+002, 5.9276411E+002, 4.6644157E+002, 2.9491631E+002, 5.4303429E+002, 2.1107758E+002, 4.7182559E+002, 5.6658210E+002, 4.6229778E+002, 2.7225079E+002, 2.8930234E+002, 1.9124099E+002, 4.4315675E+002, 3.5515468E+002, 2.4813099E+002, 1.9434579E+002, 1.9802666E+002, 1.8571559E+002, 1.6884127E+002, 1.6357070E+002, 1.6037451E+002, 1.5675117E+002, 1.3255412E+002, 8.7066905E+001, 6.5827240E+001, 5.7656682E+001, 5.2620792E+001, 4.8558127E+001, 4.6199129E+001, 2.2714087E+002, 1.9200043E+002, 1.6602137E+002, 1.5883777E+002, 1.5333749E+002, 1.4993640E+002, 1.3678251E+002, 8.3859582E+001, 6.2757862E+001, 5.8006443E+001, 5.3372323E+001, 4.7363352E+001, 3.8116828E+001, 1.6411938E+002, 1.6771832E+002, 1.7003073E+002, 1.6843519E+002, 1.6565770E+002, 1.6113883E+002, 1.5273100E+002, 5.4505412E+001, 4.9691112E+001, 4.8602611E+001, 4.8181452E+001, 2.1895872E+002, 2.1792887E+002, 2.1530434E+002, 2.0673525E+002, 1.8018344E+002, 1.5387810E+002, 1.2554819E+002, 9.3067641E+001, 6.5903137E+001, 6.0637549E+001, 5.3514918E+001, 3.0638156E+002, 2.2735534E+002, 3.0332956E+002, 2.2099961E+002, 3.1388057E+002, 2.2394842E+002, 3.0689890E+002, 2.2130260E+002, 9.4035933E+002, 8.9832252E+002, 8.7284879E+002, 8.4796265E+002, 8.4645356E+002, 8.3198032E+002, 4.6041933E+002
 4.1200258E+003, 2.0172985E+002, 2.1145810E+002, 2.1586273E+002, 2.2399105E+002, 2.6378895E+002, 2.0611293E+002, 1.9588681E+002, 2.0628449E+002, 2.2454924E+002, 2.3172551E+002, 2.8120775E+002, 2.1326413E+002, 1.8930940E+002, 2.0289408E+002, 2.2177063E+002, 2.4176394E+002, 2.8417893E+002, 2.2338696E+002, 1.8494736E+002, 1.8417164E+002, 1.9868164E+002, 2.2566396E+002, 2.6802088E+002, 2.5609761E+002, 1.8264051E+002, 1.7830467E+002, 1.8516451E+002, 2.2574609E+002, 2.5894932E+002, 1.7694251E+002, 1.9408011E+002, 2.5438125E+002, 3.2168512E+002, 3.0467998E+002, 1.8128958E+002, 1.7614591E+002, 2.0478148E+002, 2.4654360E+002, 3.2419625E+002, 3.4736250E+002, 2.2094279E+002, 1.7563660E+002, 2.0483757E+002, 2.5352778E+002, 3.3270861E+002, 3.5906722E+002, 2.8633560E+002, 1.7428986E+002, 1.8014559E+002, 2.3974694E+002, 3.1011449E+002, 3.3584377E+002, 3.2346812E+002, 1.7178957E+002, 1.8128749E+002, 2.1366267E+002, 2.8588308E+002, 2.5356356E+002, 1.9366737E+002, 4.7216075E+002, 4.2764218E+002, 3.1477164E+002, 2.1592916E+002, 3.9355618E+002, 2.1700032E+002, 5.3477193E+002, 6.1800461E+002, 4.5768512E+002, 3.1573536E+002, 5.9579048E+002, 2.3267509E+002, 5.2094446E+002, 5.5089598E+002, 4.2030183E+002, 2.7576751E+002, 4.6957323E+002, 2.2083806E+002, 4.6232327E+002, 5.0024154E+002, 3.7281081E+002, 2.1366049E+002, 2.7385223E+002, 1.9345194E+002, 4.5215963E+002, 3.4382646E+002, 2.3023045E+002, 1.8448647E+002, 2.1227594E+002, 1.8688961E+002, 1.6828503E+002, 1.6386155E+002, 1.6014962E+002, 1.5531539E+002, 1.3065420E+002, 9.4394565E+001, 6.8312105E+001, 5.8807463E+001, 5.3774134E+001, 4.9357665E+001, 4.5773008E+001, 2.3229540E+002, 2.0009316E+002, 1.6630055E+002, 1.6385526E+002, 1.5690597E+002, 1.5244370E+002, 1.3430737E+002, 8.4047944E+001, 6.4170264E+001, 5.8768695E+001, 5.3323728E+001, 4.5684787E+001, 4.0115663E+001, 1.6846406E+002, 1.7061988E+002, 1.7200035E+002, 1.7084601E+002, 1.6581080E+002, 1.6035430E+002, 1.5150895E+002, 6.4998691E+001, 5.0503115E+001, 5.0248757E+001, 4.8687780E+001, 2.3067215E+002, 2.2992353E+002, 2.2742558E+002, 2.2255700E+002, 1.9427866E+002, 1.5862325E+002, 1.2466216E+002, 9.0533792E+001, 6.6499310E+001, 5.7335522E+001, 5.1083793E+001, 3.0779619E+002, 2.2900466E+002, 3.0443480E+002, 2.2238475E+002, 3.1565994E+002, 2.2580600E+002, 3.0780757E+002, 2.2277434E+002, 9.4023486E+002, 9.2173592E+002, 8.7589247E+002, 8.5921440E+002, 8.0971105E+002, 7.2575841E+002, 4.5860788E+002
 4.1400174E+003, 2.0181218E+002, 2.0449207E+002, 2.0746847E+002, 2.2836667E+002, 2.4590074E+002, 2.1057002E+002, 2.0532901E+002, 2.0776434E+002, 2.1481822E+002, 2.3623512E+002, 2.7773736E+002, 2.0033097E+002, 1.9322196E+002, 1.9498873E+002, 2.0280928E+002, 2.2719346E+002, 2.8532610E+002, 2.0290431E+002, 1.8121548E+002, 1.8157140E+002, 1.9231964E+002, 2.1644847E+002, 2.6502935E+002, 2.3522607E+002, 1.7948952E+002, 1.7753972E+002, 1.8173212E+002, 2.0068910E+002, 2.2349059E+002, 1.7805889E+002, 1.9806639E+002, 2.3970625E+002, 2.8530823E+002, 3.0298055E+002, 1.8330468E+002, 1.7835813E+002, 1.8972274E+002, 2.3331665E+002, 2.8915892E+002, 3.5441873E+002, 1.9407112E+002, 1.7660918E+002, 1.8219003E+002, 2.0839574E+002, 3.1886871E+002, 3.9244453E+002, 2.5222229E+002, 1.7494630E+002, 1.8481740E+002, 2.3110360E+002, 2.8480093E+002, 3.2090105E+002, 2.7202691E+002, 1.7315151E+002, 1.9073255E+002, 2.1601852E+002, 2.4182848E+002, 2.4342831E+002, 1.8788456E+002, 4.6780507E+002, 4.9391921E+002, 3.3380092E+002, 2.1319032E+002, 3.4752837E+002, 2.1369132E+002, 5.1427289E+002, 6.4770486E+002, 4.7540693E+002, 2.8504159E+002, 6.2809759E+002, 2.3091489E+002, 5.2714179E+002, 6.5116189E+002, 5.4039636E+002, 2.9527663E+002, 5.6100388E+002, 2.1560546E+002, 4.3872255E+002, 5.5208742E+002, 3.9223919E+002, 2.4028929E+002, 2.8663114E+002, 1.8756461E+002, 4.5290402E+002, 3.6635288E+002, 2.2760449E+002, 1.8228882E+002, 2.1075811E+002, 1.8814354E+002, 1.6942571E+002, 1.6314937E+002, 1.6030547E+002, 1.5569231E+002, 1.3369578E+002, 9.0316844E+001, 6.6373281E+001, 5.8262882E+001, 5.4842696E+001, 5.0402289E+001, 4.4630386E+001, 2.1878872E+002, 1.9083264E+002, 1.6524347E+002, 1.6507223E+002, 1.5774847E+002, 1.5366284E+002, 1.2766653E+002, 8.4667138E+001, 6.5538357E+001, 5.8991667E+001, 5.6745179E+001, 5.0626552E+001, 4.1550940E+001, 1.7232440E+002, 1.7641858E+002, 1.7567957E+002, 1.7148847E+002, 1.6666909E+002, 1.6055703E+002, 1.4396123E+002, 6.5603937E+001, 5.0772142E+001, 4.9876165E+001, 4.9195740E+001, 2.2743246E+002, 2.2708260E+002, 2.1604830E+002, 1.8943232E+002, 1.6625570E+002, 1.5840097E+002, 1.2560618E+002, 9.6372348E+001, 6.6706424E+001, 6.0660906E+001, 4.8535242E+001, 3.0863394E+002, 2.3049089E+002, 3.0481824E+002, 2.2371775E+002, 3.1751832E+002, 2.2786908E+002, 3.0891188E+002, 2.2446073E+002, 9.0704550E+002, 8.5617917E+002, 7.9751572E+002, 7.5836079E+002, 7.9844704E+002, 7.6011278E+002, 4.6166617E+002
 4.1600281E+003, 1.9840725E+002, 2.0307323E+002, 2.1315302E+002, 2.2058648E+002, 2.4046297E+002, 1.9960780E+002, 1.8925953E+002, 1.9694828E+002, 2.0912494E+002, 2.3731156E+002, 2.8103512E+002, 1.9980326E+002, 1.8539193E+002, 1.9143040E+002, 2.0558356E+002, 2.2592817E+002, 2.5008913E+002, 2.1515527E+002, 1.8606262E+002, 1.8407422E+002, 2.0337182E+002, 2.1550946E+002, 2.3546669E+002, 2.2090263E+002, 1.8548522E+002, 1.8836619E+002, 1.8957515E+002, 2.0723900E+002, 2.1903293E+002, 1.7629378E+002, 2.0170418E+002, 2.3026517E+002, 2.6844577E+002, 2.7136169E+002, 1.7914307E+002, 1.7825624E+002, 1.8768524E+002, 2.1570463E+002, 2.8089141E+002, 3.3748000E+002, 1.9280166E+002, 1.7791020E+002, 1.8130906E+002, 2.1907445E+002, 2.9469118E+002, 3.2325519E+002, 2.5258193E+002, 1.7543666E+002, 1.8095999E+002, 2.2899752E+002, 2.6099814E+002, 2.8247670E+002, 2.5651608E+002, 1.7293385E+002, 1.8432704E+002, 2.1458269E+002, 2.3402485E+002, 2.5148786E+002, 2.0521722E+002, 5.2822189E+002, 4.7450344E+002, 2.9902707E+002, 2.0538150E+002, 3.0227516E+002, 2.0698347E+002, 4.9491794E+002, 6.0483933E+002, 4.8254086E+002, 3.0778563E+002, 5.5174485E+002, 2.1754227E+002, 4.8758684E+002, 5.8284819E+002, 4.5472541E+002, 2.9337330E+002, 4.7105833E+002, 1.9946944E+002, 3.6030913E+002, 4.2699816E+002, 2.9732950E+002, 2.1638292E+002, 2.2498909E+002, 1.8392977E+002, 4.1940653E+002, 3.1211991E+002, 2.2752317E+002, 1.7689977E+002, 2.1633340E+002, 1.9099356E+002, 1.6812925E+002, 1.6519496E+002, 1.6239888E+002, 1.5892536E+002, 1.2990964E+002, 8.9349770E+001, 6.7704278E+001, 5.8992506E+001, 5.2857350E+001, 4.9714950E+001, 4.6521610E+001, 2.2490857E+002, 1.9277932E+002, 1.6523886E+002, 1.6042831E+002, 1.5713779E+002, 1.5463236E+002, 1.3423434E+002, 8.4666427E+001, 6.3875278E+001, 5.9426611E+001, 5.7253353E+001, 4.8495711E+001, 4.0750581E+001, 1.6922906E+002, 1.7367188E+002, 1.7299330E+002, 1.6856544E+002, 1.6568821E+002, 1.6044060E+002, 1.3908713E+002, 7.0203040E+001, 5.1076799E+001, 5.0182099E+001, 4.9788336E+001, 2.4041864E+002, 2.4119278E+002, 2.3933022E+002, 2.3397835E+002, 2.0436644E+002, 1.5586885E+002, 1.2555477E+002, 9.3007473E+001, 6.6662247E+001, 6.0460538E+001, 5.1268135E+001, 3.0986564E+002, 2.3218010E+002, 3.0564587E+002, 2.2512455E+002, 3.1941403E+002, 2.3011724E+002, 3.1056469E+002, 2.2632533E+002, 9.8891315E+002, 9.7968154E+002, 9.7444280E+002, 9.5806171E+002, 9.5313981E+002, 8.5312948E+002, 4.6092132E+002
 4.1800214E+003, 1.9600908E+002, 1.9695293E+002, 2.0100581E+002, 2.2064235E+002, 2.6138786E+002, 1.9638179E+002, 1.9541588E+002, 1.9821228E+002, 2.1456835E+002, 2.3159235E+002, 2.5547604E+002, 2.0966545E+002, 1.9560412E+002, 2.0580146E+002, 2.1695817E+002, 2.2829012E+002, 2.7655761E+002, 2.2019875E+002, 1.9429460E+002, 1.9579565E+002, 2.1298499E+002, 2.2971101E+002, 2.7743011E+002, 2.4883488E+002, 1.9365912E+002, 1.9443707E+002, 1.9695147E+002, 2.1899348E+002, 2.4029926E+002, 1.7672512E+002, 1.8138291E+002, 2.1813241E+002, 2.7921002E+002, 2.7652532E+002, 1.8131608E+002, 1.8075451E+002, 2.0017234E+002, 2.3264854E+002, 2.9894991E+002, 3.3678188E+002, 2.2416522E+002, 1.8155679E+002, 2.1343431E+002, 2.3651991E+002, 2.9835684E+002, 3.4800520E+002, 2.3968011E+002, 1.7665853E+002, 1.8410243E+002, 2.2797648E+002, 3.1325991E+002, 3.3874083E+002, 3.2536270E+002, 1.7316357E+002, 1.8512575E+002, 2.3851518E+002, 2.8417134E+002, 2.9304662E+002, 1.9172187E+002, 4.1749088E+002, 4.1097899E+002, 2.9011270E+002, 2.2520802E+002, 3.0957988E+002, 2.0507288E+002, 4.5492684E+002, 6.0943978E+002, 4.7261620E+002, 2.8238357E+002, 6.1277507E+002, 2.2132360E+002, 5.2465556E+002, 6.1626767E+002, 4.7017541E+002, 2.6479108E+002, 5.6451225E+002, 2.2055517E+002, 4.9935280E+002, 6.2960968E+002, 4.6752284E+002, 2.6235036E+002, 2.8708829E+002, 1.9860031E+002, 4.7541865E+002, 4.2445005E+002, 2.3136955E+002, 1.8720963E+002, 2.0346422E+002, 1.9491097E+002, 1.7530596E+002, 1.6802603E+002, 1.6441270E+002, 1.6174813E+002, 1.3586239E+002, 9.1730128E+001, 6.6756367E+001, 5.9542202E+001, 5.4112941E+001, 5.0496230E+001, 4.6402467E+001, 2.1880889E+002, 1.8834535E+002, 1.6634056E+002, 1.5977449E+002, 1.5806963E+002, 1.5500969E+002, 1.3209477E+002, 7.9251451E+001, 6.5450415E+001, 6.0588302E+001, 5.3861957E+001, 4.9657089E+001, 3.8797182E+001, 1.6739353E+002, 1.7192859E+002, 1.7394541E+002, 1.7274991E+002, 1.6772893E+002, 1.6184902E+002, 1.3964629E+002, 6.5903034E+001, 5.0985702E+001, 5.0240026E+001, 4.9557953E+001, 2.2582286E+002, 2.2592052E+002, 2.2266639E+002, 2.1364537E+002, 1.6824413E+002, 1.5147438E+002, 1.3923587E+002, 9.2317866E+001, 6.6476719E+001, 5.8042779E+001, 4.9245716E+001, 3.1099217E+002, 2.3380543E+002, 3.0659982E+002, 2.2647162E+002, 3.2131171E+002, 2.3211884E+002, 3.1192361E+002, 2.2803089E+002, 9.2522083E+002, 8.6213955E+002, 8.0420046E+002, 7.9248795E+002, 7.8558245E+002, 7.7878376E+002, 4.6226012E+002
 4.2000162E+003, 1.8263090E+002, 1.8328557E+002, 1.9919042E+002, 2.2646715E+002, 2.4622157E+002, 1.8324365E+002, 1.8299240E+002, 1.9688214E+002, 2.0750092E+002, 2.3580779E+002, 2.6063287E+002, 2.1108307E+002, 1.8886614E+002, 2.0275246E+002, 2.1059429E+002, 2.3914365E+002, 2.8378538E+002, 2.1496570E+002, 1.8978425E+002, 1.9037814E+002, 2.0386052E+002, 2.2834577E+002, 2.5763317E+002, 2.3459962E+002, 1.8996814E+002, 1.8937633E+002, 1.9204002E+002, 2.1362457E+002, 2.2187112E+002, 1.7475614E+002, 1.9359905E+002, 2.3577687E+002, 2.6339317E+002, 2.9026400E+002, 1.7833711E+002, 1.7822165E+002, 1.8695762E+002, 2.4020467E+002, 3.3020398E+002, 3.7679348E+002, 2.1150695E+002, 1.7819752E+002, 2.0539588E+002, 2.3591314E+002, 3.0739226E+002, 3.6070319E+002, 2.5810135E+002, 1.7578899E+002, 1.8784901E+002, 2.2143974E+002, 2.8988267E+002, 3.1279544E+002, 2.8476360E+002, 1.7383821E+002, 1.8063745E+002, 2.1394767E+002, 2.4792518E+002, 2.4550638E+002, 1.8868900E+002, 4.6619668E+002, 4.5169804E+002, 3.3356601E+002, 2.4855781E+002, 3.2024622E+002, 1.9552279E+002, 4.7842399E+002, 6.1012829E+002, 4.6487924E+002, 2.8399797E+002, 5.9277088E+002, 2.1021525E+002, 5.0913428E+002, 6.3348864E+002, 5.1593260E+002, 3.6063062E+002, 5.2130629E+002, 2.1388962E+002, 4.5984143E+002, 4.9981678E+002, 3.8053559E+002, 2.4476809E+002, 2.5800217E+002, 2.0171267E+002, 4.0949221E+002, 3.1478767E+002, 2.3176100E+002, 1.8799329E+002, 2.1274739E+002, 1.9812478E+002, 1.7351333E+002, 1.6609993E+002, 1.6359667E+002, 1.6127545E+002, 1.2695577E+002, 9.0482052E+001, 6.6246294E+001, 5.9168652E+001, 5.6413512E+001, 5.1282357E+001, 4.7453441E+001, 2.2769024E+002, 1.9622279E+002, 1.6816154E+002, 1.6274220E+002, 1.5865491E+002, 1.5641251E+002, 1.2708109E+002, 8.3657030E+001, 6.6407741E+001, 6.0711596E+001, 5.2769869E+001, 4.9976658E+001, 4.0071142E+001, 1.7080616E+002, 1.7410913E+002, 1.7376823E+002, 1.7028832E+002, 1.6534403E+002, 1.6156709E+002, 1.4880724E+002, 7.6278871E+001, 5.0805233E+001, 4.9839488E+001, 4.9441303E+001, 2.3010171E+002, 2.3118860E+002, 2.2962767E+002, 2.1441900E+002, 1.8616921E+002, 1.5571144E+002, 1.3918041E+002, 9.5184370E+001, 6.7334329E+001, 5.8840122E+001, 5.0512878E+001, 3.1206089E+002, 2.3568251E+002, 3.0792881E+002, 2.2822234E+002, 3.2428986E+002, 2.3462274E+002, 3.1329458E+002, 2.2989595E+002, 9.2700229E+002, 8.3510680E+002, 8.0320877E+002, 7.9987498E+002, 8.4137310E+002, 8.1424971E+002, 4.6666435E+002
 4.2200178E+003, 1.8892650E+002, 1.9203363E+002, 1.9955285E+002, 2.1537258E+002, 2.4785651E+002, 1.9235689E+002, 1.8928512E+002, 1.9542377E+002, 2.1761952E+002, 2.2832380E+002, 2.6498864E+002, 2.1287988E+002, 1.8723793E+002, 1.9529076E+002, 2.3276921E+002, 2.4050870E+002, 2.7206639E+002, 2.4250101E+002, 1.8409823E+002, 2.0145932E+002, 2.2508484E+002, 2.4975389E+002, 2.8111492E+002, 2.4969808E+002, 1.8547562E+002, 1.9042024E+002, 2.0385554E+002, 2.1518247E+002, 2.4709655E+002, 1.7699094E+002, 1.8193328E+002, 2.2485514E+002, 2.9043596E+002, 3.0489956E+002, 1.7769290E+002, 1.7762910E+002, 1.8119714E+002, 2.2777107E+002, 3.0742772E+002, 3.9195414E+002, 2.1896422E+002, 1.7902637E+002, 1.9428333E+002, 2.5583631E+002, 3.5520904E+002, 4.2764422E+002, 3.0163796E+002, 1.7836251E+002, 2.0444989E+002, 2.7399174E+002, 3.3861957E+002, 3.7044801E+002, 3.2169817E+002, 1.7498171E+002, 1.9101657E+002, 2.2726338E+002, 2.4015316E+002, 2.8463345E+002, 1.9323668E+002, 5.0450824E+002, 4.5701651E+002, 2.9229419E+002, 2.0718361E+002, 2.9261708E+002, 2.0082791E+002, 4.6589585E+002, 6.5608563E+002, 5.1768403E+002, 3.0311376E+002, 6.5112190E+002, 2.1920759E+002, 5.1611111E+002, 7.4306499E+002, 6.1260740E+002, 3.6263869E+002, 6.9161841E+002, 2.1105781E+002, 5.3192999E+002, 6.6236679E+002, 4.6719040E+002, 2.7254391E+002, 2.4391937E+002, 2.0154569E+002, 4.9452102E+002, 4.2295959E+002, 2.4926212E+002, 1.7802006E+002, 2.0152501E+002, 1.8475273E+002, 1.7440435E+002, 1.6792033E+002, 1.6555691E+002, 1.6038691E+002, 1.3361637E+002, 9.6703684E+001, 6.8248408E+001, 5.8758445E+001, 5.6551914E+001, 5.2618303E+001, 4.9400071E+001, 2.3842724E+002, 2.0013240E+002, 1.6788348E+002, 1.6101601E+002, 1.5849682E+002, 1.5704059E+002, 1.3115709E+002, 8.7547193E+001, 6.5233455E+001, 6.0971150E+001, 5.3621624E+001, 4.9235778E+001, 4.1126573E+001, 1.6887178E+002, 1.7110275E+002, 1.7190360E+002, 1.7024123E+002, 1.6284885E+002, 1.5412740E+002, 1.4296731E+002, 6.6490954E+001, 5.0206950E+001, 4.9836424E+001, 4.9146783E+001, 2.2853095E+002, 2.2820994E+002, 2.2434053E+002, 2.1040073E+002, 1.8929523E+002, 1.6035938E+002, 1.3030492E+002, 9.6871250E+001, 7.2918324E+001, 6.4961566E+001, 5.6247068E+001, 3.1334745E+002, 2.3767363E+002, 3.0914898E+002, 2.2992556E+002, 3.2643082E+002, 2.3698443E+002, 3.1466174E+002, 2.3167633E+002, 9.7716008E+002, 9.3040637E+002, 9.0733036E+002, 9.1506055E+002, 9.1509928E+002, 7.7354935E+002, 4.6843041E+002
 4.2400266E+003, 1.9623135E+002, 1.9931611E+002, 2.0840955E+002, 2.2857992E+002, 2.5764461E+002, 2.0064930E+002, 1.9539530E+002, 2.0170330E+002, 2.1678280E+002, 2.4277478E+002, 2.6103266E+002, 2.0927012E+002, 1.9486214E+002, 2.0168521E+002, 2.1789241E+002, 2.4132674E+002, 2.7169150E+002, 2.3232626E+002, 1.9227385E+002, 2.0220556E+002, 2.1909851E+002, 2.4004907E+002, 2.5219627E+002, 2.4196731E+002, 1.8811903E+002, 1.8783114E+002, 1.9479895E+002, 2.1440116E+002, 2.4094762E+002, 1.7916611E+002, 1.8268012E+002, 2.2106940E+002, 2.7850632E+002, 2.9954950E+002, 1.8365679E+002, 1.8374730E+002, 1.8933468E+002, 2.2382767E+002, 2.9479195E+002, 3.6603269E+002, 1.9862093E+002, 1.8156825E+002, 1.9123916E+002, 2.1611140E+002, 2.9716241E+002, 3.4455004E+002, 2.5430961E+002, 1.7912679E+002, 1.9267493E+002, 2.2800503E+002, 2.9033925E+002, 3.1049355E+002, 2.9836800E+002, 1.7677292E+002, 1.9654331E+002, 2.3424056E+002, 2.5022897E+002, 2.6577240E+002, 1.9260311E+002, 5.0894861E+002, 4.7182270E+002, 2.9180359E+002, 2.1277620E+002, 2.9077710E+002, 2.0460492E+002, 4.5138174E+002, 6.3831552E+002, 4.6625357E+002, 2.9095106E+002, 5.9451734E+002, 2.2418831E+002, 4.7616711E+002, 6.4390916E+002, 5.0959419E+002, 2.7934394E+002, 6.0368535E+002, 2.1160106E+002, 5.0994957E+002, 6.1451536E+002, 4.6911586E+002, 2.6892519E+002, 3.1287700E+002, 1.9080481E+002, 4.6006544E+002, 3.8923665E+002, 3.0670377E+002, 2.1421109E+002, 2.0663929E+002, 1.8833448E+002, 1.7669555E+002, 1.6991582E+002, 1.6560443E+002, 1.6114151E+002, 1.3688737E+002, 9.4405264E+001, 6.8031850E+001, 5.7758522E+001, 5.5789371E+001, 5.2081537E+001, 4.5873022E+001, 2.2382821E+002, 1.9239904E+002, 1.7028797E+002, 1.6505680E+002, 1.5914216E+002, 1.5627816E+002, 1.3556757E+002, 9.1320034E+001, 6.5947390E+001, 6.1325317E+001, 5.5068799E+001, 4.9644857E+001, 4.2901668E+001, 1.7273098E+002, 1.7568454E+002, 1.7756309E+002, 1.7660058E+002, 1.6743455E+002, 1.5733045E+002, 1.3728360E+002, 7.5213940E+001, 5.0686132E+001, 5.0102008E+001, 4.9854453E+001, 2.2837779E+002, 2.2727470E+002, 2.2490008E+002, 2.2099806E+002, 1.9085496E+002, 1.6316886E+002, 1.3416977E+002, 8.8995727E+001, 6.6993939E+001, 6.2272988E+001, 5.1796092E+001, 3.1428261E+002, 2.3935948E+002, 3.0982696E+002, 2.3126066E+002, 3.2752635E+002, 2.3858137E+002, 3.1558160E+002, 2.3297748E+002, 9.9624130E+002, 9.2503017E+002, 8.8660624E+002, 8.6490914E+002, 8.6531324E+002, 7.9758670E+002, 4.6477033E+002
 4.2600202E+003, 1.9774050E+002, 2.0604133E+002, 2.1156310E+002, 2.4049226E+002, 2.5132663E+002, 2.0458237E+002, 2.0383399E+002, 2.0654461E+002, 2.1719424E+002, 2.3896329E+002, 2.6533794E+002, 2.1548287E+002, 1.9699852E+002, 2.0418696E+002, 2.3689848E+002, 2.5788615E+002, 2.7357949E+002, 2.5435064E+002, 1.9182382E+002, 1.9931389E+002, 2.2466513E+002, 2.4936589E+002, 2.5463191E+002, 2.4322869E+002, 1.8713712E+002, 1.8759592E+002, 1.9634891E+002, 2.1810909E+002, 2.3173406E+002, 1.8127236E+002, 1.8458207E+002, 2.2024762E+002, 2.6402121E+002, 2.6588264E+002, 1.8320963E+002, 1.8170795E+002, 1.8888890E+002, 2.2931789E+002, 2.8669284E+002, 3.2662651E+002, 1.9641431E+002, 1.8001975E+002, 1.8834600E+002, 2.2232597E+002, 3.1262619E+002, 3.7828963E+002, 2.8133712E+002, 1.7805862E+002, 1.9366625E+002, 2.6107075E+002, 3.1651810E+002, 3.2908152E+002, 2.8130323E+002, 1.7505839E+002, 1.8500277E+002, 2.3127541E+002, 2.2726549E+002, 2.3971960E+002, 1.9063038E+002, 4.4328124E+002, 4.2570084E+002, 2.7877144E+002, 2.1994833E+002, 3.1262159E+002, 2.1159902E+002, 4.6075286E+002, 5.8083655E+002, 4.3050550E+002, 2.6825808E+002, 5.7131588E+002, 2.2352743E+002, 4.5961915E+002, 6.0951344E+002, 5.0978927E+002, 3.0551757E+002, 5.7441713E+002, 2.1815007E+002, 4.4086888E+002, 5.8241030E+002, 4.3939911E+002, 2.6511351E+002, 2.9823920E+002, 1.9372589E+002, 4.4264492E+002, 4.0394712E+002, 2.6344870E+002, 1.8911391E+002, 2.0583116E+002, 1.8755830E+002, 1.7396400E+002, 1.6734049E+002, 1.6463714E+002, 1.5647548E+002, 1.3361086E+002, 9.4906720E+001, 6.5172340E+001, 5.7356330E+001, 5.5734199E+001, 5.2151117E+001, 4.7502616E+001, 2.3765509E+002, 1.9359532E+002, 1.6983237E+002, 1.6759111E+002, 1.5858971E+002, 1.5377261E+002, 1.3043455E+002, 8.7586844E+001, 6.6228158E+001, 6.1180199E+001, 5.6393614E+001, 5.1585437E+001, 4.2059762E+001, 1.6938359E+002, 1.7247253E+002, 1.7550110E+002, 1.7378593E+002, 1.6910380E+002, 1.6288538E+002, 1.4825684E+002, 7.3737921E+001, 5.2167468E+001, 5.1590799E+001, 5.0979295E+001, 2.3670940E+002, 2.3573374E+002, 2.3248231E+002, 2.3170357E+002, 2.0995439E+002, 1.6355089E+002, 1.2743482E+002, 9.4119667E+001, 7.0198039E+001, 6.2172932E+001, 5.2368151E+001, 3.1511339E+002, 2.4041027E+002, 3.1041159E+002, 2.3210333E+002, 3.2787974E+002, 2.3951659E+002, 3.1631892E+002, 2.3362880E+002, 1.0154522E+003, 9.3463773E+002, 8.8440963E+002, 8.9808929E+002, 9.1465280E+002, 8.2464297E+002, 4.6411336E+002
 4.2800069E+003, 2.0016132E+002, 2.0672591E+002, 2.2251615E+002, 2.4511537E+002, 2.5664051E+002, 1.9862007E+002, 1.9690006E+002, 1.9750871E+002, 2.1407013E+002, 2.3885306E+002, 2.6186955E+002, 2.0354335E+002, 1.9216646E+002, 1.9514082E+002, 2.1396068E+002, 2.4599302E+002, 2.7726726E+002, 2.2739259E+002, 1.8837123E+002, 1.9505046E+002, 2.0750801E+002, 2.3642002E+002, 2.6621114E+002, 2.3963129E+002, 1.8224569E+002, 1.9316072E+002, 2.0878306E+002, 2.2326379E+002, 2.2923488E+002, 1.8369377E+002, 1.8547787E+002, 2.5349991E+002, 2.8991716E+002, 2.9813008E+002, 1.8285748E+002, 1.8276646E+002, 1.8361444E+002, 2.4974996E+002, 2.9721360E+002, 3.2160924E+002, 2.1377724E+002, 1.8029674E+002, 1.8124737E+002, 2.3516784E+002, 3.2190096E+002, 3.5029208E+002, 2.7845241E+002, 1.7830135E+002, 1.8253035E+002, 2.2392745E+002, 2.9920951E+002, 3.3375936E+002, 2.9520793E+002, 1.7784510E+002, 1.9549537E+002, 2.3648145E+002, 2.7343025E+002, 2.7892518E+002, 1.9297903E+002, 5.3727351E+002, 4.5451013E+002, 2.9792680E+002, 2.0378284E+002, 3.1365474E+002, 2.0638761E+002, 4.7939885E+002, 6.1803343E+002, 4.4787586E+002, 2.4474041E+002, 6.1785859E+002, 2.1739918E+002, 4.3337453E+002, 5.7401184E+002, 4.0670282E+002, 2.4138425E+002, 5.2262547E+002, 2.0785588E+002, 4.8399296E+002, 5.9915231E+002, 4.4229440E+002, 2.5943322E+002, 3.2402382E+002, 2.0388236E+002, 5.1916398E+002, 4.7495962E+002, 3.1743264E+002, 2.0503106E+002, 2.1153941E+002, 1.9249479E+002, 1.7649036E+002, 1.6996981E+002, 1.6471910E+002, 1.6010477E+002, 1.3430466E+002, 9.9390167E+001, 6.8241513E+001, 5.9193464E+001, 5.6776458E+001, 5.3480815E+001, 4.9125371E+001, 2.2122756E+002, 1.9232918E+002, 1.7347260E+002, 1.7012964E+002, 1.6021458E+002, 1.5489564E+002, 1.3393318E+002, 9.3660060E+001, 6.6685951E+001, 6.0928820E+001, 5.5193775E+001, 5.0377187E+001, 3.9718836E+001, 1.7121214E+002, 1.7951086E+002, 1.8071714E+002, 1.7802181E+002, 1.7370901E+002, 1.6779777E+002, 1.5724017E+002, 6.5242470E+001, 5.3162082E+001, 5.1992955E+001, 5.1687840E+001, 2.2868900E+002, 2.2642509E+002, 2.2277079E+002, 2.1512128E+002, 1.9279862E+002, 1.6569696E+002, 1.3336685E+002, 9.8048966E+001, 6.5890753E+001, 5.5821406E+001, 5.0807694E+001, 3.1564728E+002, 2.4114779E+002, 3.1117048E+002, 2.3290376E+002, 3.2721886E+002, 2.3974869E+002, 3.1642420E+002, 2.3388240E+002, 1.0013634E+003, 9.7812647E+002, 9.3819647E+002, 9.7315885E+002, 9.1991489E+002, 7.5386257E+002, 4.6525891E+002
 4.3000198E+003, 2.0102827E+002, 2.0067554E+002, 2.1139363E+002, 2.2746987E+002, 2.3436267E+002, 1.9788780E+002, 1.9869990E+002, 2.0303827E+002, 2.2003868E+002, 2.4583620E+002, 2.5825748E+002, 2.0735660E+002, 1.9386392E+002, 1.9419998E+002, 2.1738278E+002, 2.4664443E+002, 2.8397510E+002, 2.3000501E+002, 1.9151215E+002, 1.9596199E+002, 2.0876286E+002, 2.4419922E+002, 2.7185074E+002, 2.5399424E+002, 1.8212797E+002, 1.8426450E+002, 1.9573328E+002, 2.2879481E+002, 2.5832631E+002, 1.8257447E+002, 1.9412819E+002, 2.4457271E+002, 2.6290356E+002, 2.3755741E+002, 1.8523843E+002, 1.8526287E+002, 2.0106866E+002, 2.5641407E+002, 2.9925999E+002, 2.9900693E+002, 2.2044528E+002, 1.8181836E+002, 1.9585978E+002, 2.4279925E+002, 3.2257459E+002, 3.7484182E+002, 2.9585572E+002, 1.7975853E+002, 1.8334052E+002, 2.1648910E+002, 3.4371044E+002, 3.7512327E+002, 3.3701919E+002, 1.7477279E+002, 1.8013282E+002, 2.4470790E+002, 2.9835447E+002, 3.1268087E+002, 1.8902145E+002, 4.1793978E+002, 3.5365426E+002, 2.5450755E+002, 1.9537362E+002, 3.2009161E+002, 2.0814990E+002, 4.8908222E+002, 5.6940296E+002, 4.3779834E+002, 2.6352388E+002, 6.0240711E+002, 2.0955687E+002, 4.9232116E+002, 5.9658299E+002, 4.9636823E+002, 2.9630362E+002, 5.6407420E+002, 1.9968765E+002, 4.8822187E+002, 6.1686123E+002, 4.6917708E+002, 2.9664108E+002, 3.0606159E+002, 1.9536754E+002, 4.8768344E+002, 5.0536053E+002, 3.3604516E+002, 2.1878820E+002, 2.1058893E+002, 1.9625495E+002, 1.7834885E+002, 1.7044330E+002, 1.6634273E+002, 1.6146547E+002, 1.3148966E+002, 9.7554726E+001, 7.2971526E+001, 6.0241015E+001, 5.8559529E+001, 5.4325487E+001, 4.8354108E+001, 2.4236744E+002, 2.0235866E+002, 1.7464805E+002, 1.7258286E+002, 1.6506882E+002, 1.6020107E+002, 1.3553302E+002, 9.0875165E+001, 6.7811073E+001, 6.1768391E+001, 5.6504752E+001, 5.1060190E+001, 4.0225297E+001, 1.7218907E+002, 1.7610052E+002, 1.7798906E+002, 1.7529551E+002, 1.7181521E+002, 1.6604568E+002, 1.5443468E+002, 8.1538809E+001, 5.3173485E+001, 5.2243340E+001, 5.1502445E+001, 2.3372685E+002, 2.3343189E+002, 2.2996042E+002, 2.1074369E+002, 1.8117479E+002, 1.5584762E+002, 1.3426454E+002, 9.8347663E+001, 6.7625098E+001, 6.1076199E+001, 5.2786344E+001, 3.1645091E+002, 2.4172945E+002, 3.1171419E+002, 2.3370273E+002, 3.2729378E+002, 2.4020509E+002, 3.1680036E+002, 2.3464841E+002, 9.9044765E+002, 1.0032334E+003, 9.9043938E+002, 9.5488505E+002, 8.7800403E+002, 7.5733101E+002, 4.6382989E+002
 4.3200181E+003, 1.8934019E+002, 1.9035776E+002, 2.0330500E+002, 2.2542961E+002, 2.3797804E+002, 1.8977535E+002, 1.9237705E+002, 1.9431875E+002, 2.1467553E+002, 2.4561178E+002, 2.6517711E+002, 2.0244075E+002, 1.9622190E+002, 1.9784537E+002, 2.1820086E+002, 2.5401979E+002, 2.7152444E+002, 2.2820523E+002, 1.9664906E+002, 2.0147561E+002, 2.1511980E+002, 2.4347117E+002, 2.6006196E+002, 2.3958668E+002, 1.9257236E+002, 1.9595987E+002, 2.0872750E+002, 2.1767877E+002, 2.3736734E+002, 1.7647442E+002, 1.8447971E+002, 2.0392784E+002, 2.5671643E+002, 2.6640550E+002, 1.8162095E+002, 1.8267567E+002, 2.0029724E+002, 2.6553273E+002, 3.0590378E+002, 3.2103203E+002, 2.2262504E+002, 1.8782440E+002, 2.0390948E+002, 2.3175322E+002, 2.9653995E+002, 3.3578656E+002, 2.6256805E+002, 1.8482396E+002, 2.0656895E+002, 2.3767616E+002, 2.9476893E+002, 3.2462209E+002, 2.9130527E+002, 1.7567441E+002, 1.9496063E+002, 2.3461954E+002, 2.5466041E+002, 2.8244839E+002, 1.9518468E+002, 4.6988836E+002, 3.8604183E+002, 2.5821774E+002, 1.9217530E+002, 3.4245634E+002, 2.1925105E+002, 4.6021288E+002, 4.9987400E+002, 3.7159685E+002, 2.4864304E+002, 5.2575911E+002, 2.3287810E+002, 4.9333902E+002, 5.4394300E+002, 4.4882716E+002, 3.0001222E+002, 4.9264036E+002, 2.0624906E+002, 4.5515814E+002, 5.6326857E+002, 4.3856167E+002, 2.5028595E+002, 2.4283084E+002, 1.9007841E+002, 4.7012183E+002, 3.4116752E+002, 2.3003662E+002, 1.7524820E+002, 2.1693588E+002, 2.0159264E+002, 1.7898233E+002, 1.7163007E+002, 1.6795332E+002, 1.6493726E+002, 1.3654199E+002, 9.3564785E+001, 6.9996811E+001, 6.0785784E+001, 5.8355593E+001, 5.2529606E+001, 4.8408175E+001, 2.3378547E+002, 1.9632358E+002, 1.7343158E+002, 1.6920741E+002, 1.6273274E+002, 1.5708770E+002, 1.3451249E+002, 8.8122753E+001, 6.9203126E+001, 6.1894806E+001, 5.6010089E+001, 5.1440715E+001, 4.3151750E+001, 1.7472725E+002, 1.7854603E+002, 1.8072104E+002, 1.7827875E+002, 1.7323295E+002, 1.6792259E+002, 1.5120790E+002, 7.2015882E+001, 5.4732777E+001, 5.3457850E+001, 5.2707474E+001, 2.3172332E+002, 2.3085066E+002, 2.2872405E+002, 2.2124327E+002, 1.9447391E+002, 1.6437085E+002, 1.3811521E+002, 9.4861957E+001, 7.0186610E+001, 6.0498223E+001, 5.1154305E+001, 3.1670760E+002, 2.4202803E+002, 3.1200067E+002, 2.3436140E+002, 3.2740857E+002, 2.4084360E+002, 3.1705847E+002, 2.3544192E+002, 1.0345751E+003, 1.0241490E+003, 9.8811417E+002, 9.5628556E+002, 9.0784400E+002, 7.4412023E+002, 4.6246948E+002
 4.3400211E+003, 1.9387473E+002, 2.0381922E+002, 2.1256076E+002, 2.3710982E+002, 2.5701655E+002, 2.0324525E+002, 1.9788317E+002, 2.1724963E+002, 2.2724120E+002, 2.5283170E+002, 2.8471838E+002, 2.2522569E+002, 2.0430289E+002, 2.2207950E+002, 2.4269180E+002, 2.6958850E+002, 3.1189536E+002, 2.5704839E+002, 2.0121537E+002, 2.2039777E+002, 2.4671728E+002, 2.7014540E+002, 2.8061420E+002, 2.6365428E+002, 1.9477157E+002, 2.0227883E+002, 2.1725633E+002, 2.2931733E+002, 2.5569638E+002, 1.8286384E+002, 1.9158525E+002, 2.3359589E+002, 2.4930014E+002, 2.5996665E+002, 1.8959980E+002, 1.9019374E+002, 2.0902862E+002, 2.6286761E+002, 3.1699761E+002, 3.6045799E+002, 2.4675253E+002, 1.9224773E+002, 2.3067808E+002, 2.7354351E+002, 3.6164657E+002, 4.2159907E+002, 3.3857155E+002, 1.8877825E+002, 2.1765388E+002, 2.7068798E+002, 3.6526656E+002, 3.7498093E+002, 3.4568128E+002, 1.7982413E+002, 2.0563150E+002, 2.7332020E+002, 3.0743926E+002, 3.0855801E+002, 1.9655732E+002, 4.3559960E+002, 3.5896748E+002, 2.4209765E+002, 1.9145733E+002, 3.3598238E+002, 2.3068275E+002, 5.2128024E+002, 6.3840660E+002, 4.8546819E+002, 2.8210189E+002, 6.1472736E+002, 2.2538578E+002, 5.2314885E+002, 6.6807422E+002, 5.5482218E+002, 3.4594619E+002, 6.0061495E+002, 2.1142088E+002, 5.0795449E+002, 7.0832338E+002, 4.8732307E+002, 2.7187513E+002, 3.3355736E+002, 1.9938834E+002, 5.8148928E+002, 4.5913426E+002, 2.9084469E+002, 2.2330310E+002, 2.0973585E+002, 1.9054267E+002, 1.7844016E+002, 1.7120770E+002, 1.6823433E+002, 1.6544651E+002, 1.3808976E+002, 9.6846909E+001, 6.8888313E+001, 6.1232797E+001, 5.8913431E+001, 5.5549988E+001, 4.8967498E+001, 2.4466729E+002, 2.0362032E+002, 1.7097512E+002, 1.6614337E+002, 1.6268482E+002, 1.5938176E+002, 1.2963613E+002, 9.1155676E+001, 6.8757078E+001, 6.1270367E+001, 5.5168629E+001, 4.9786363E+001, 4.3065509E+001, 1.6714202E+002, 1.7313754E+002, 1.7561438E+002, 1.7550417E+002, 1.7307426E+002, 1.6717385E+002, 1.4925323E+002, 6.6368407E+001, 5.4055122E+001, 5.3181381E+001, 5.2785761E+001, 2.3010451E+002, 2.3053998E+002, 2.3041105E+002, 2.1847794E+002, 1.9025549E+002, 1.5984779E+002, 1.3820578E+002, 9.3692063E+001, 7.1737091E+001, 6.4656971E+001, 5.2326827E+001, 3.1723490E+002, 2.4263238E+002, 3.1249600E+002, 2.3521964E+002, 3.2777807E+002, 2.4159694E+002, 3.1768702E+002, 2.3637775E+002, 9.7686666E+002, 9.6690202E+002, 9.5880210E+002, 9.3545740E+002, 8.6617389E+002, 7.1175431E+002, 4.6872834E+002
 4.3600312E+003, 1.8786113E+002, 1.9549359E+002, 2.1393502E+002, 2.3246079E+002, 2.5791539E+002, 1.9003223E+002, 1.8988735E+002, 1.9706064E+002, 2.1168959E+002, 2.4565596E+002, 2.8393290E+002, 2.0243128E+002, 1.9324052E+002, 1.9910548E+002, 2.0676291E+002, 2.3428641E+002, 2.6382540E+002, 2.1799729E+002, 1.9446565E+002, 1.9356888E+002, 1.9981575E+002, 2.3580462E+002, 2.4602762E+002, 2.2504087E+002, 1.9047490E+002, 1.8487910E+002, 1.8948164E+002, 2.0198245E+002, 2.1327796E+002, 1.8173542E+002, 1.9738979E+002, 2.4221002E+002, 3.0266648E+002, 3.2317121E+002, 1.8505843E+002, 1.8492176E+002, 2.0748842E+002, 2.6948352E+002, 3.3018062E+002, 3.7715316E+002, 2.2172637E+002, 1.8614446E+002, 1.9465918E+002, 2.4828546E+002, 3.0626634E+002, 3.2743958E+002, 2.7068222E+002, 1.8443164E+002, 1.9266223E+002, 2.3393195E+002, 2.7877751E+002, 2.7803435E+002, 2.6540501E+002, 1.8201083E+002, 1.8384734E+002, 2.1984302E+002, 2.4060944E+002, 2.3651270E+002, 2.0146338E+002, 4.8564083E+002, 4.7912177E+002, 3.0500213E+002, 2.1493213E+002, 3.5617437E+002, 2.2152021E+002, 5.5126697E+002, 7.4480576E+002, 6.1268440E+002, 3.2731741E+002, 6.7316736E+002, 2.3066900E+002, 5.3919110E+002, 6.1864415E+002, 4.2135080E+002, 2.7406871E+002, 3.6419584E+002, 2.1149530E+002, 4.1693901E+002, 3.6057150E+002, 2.5390576E+002, 1.8294293E+002, 1.9592064E+002, 1.9654997E+002, 4.3411981E+002, 3.1721884E+002, 1.9525140E+002, 1.6556980E+002, 2.1150611E+002, 1.9409660E+002, 1.8207657E+002, 1.7286916E+002, 1.6930655E+002, 1.6737151E+002, 1.3522109E+002, 9.6337034E+001, 6.5974741E+001, 6.1739257E+001, 5.8412343E+001, 5.5071216E+001, 4.9347105E+001, 2.3948264E+002, 2.0408743E+002, 1.7192870E+002, 1.6914653E+002, 1.6366508E+002, 1.5903676E+002, 1.3707172E+002, 9.1137531E+001, 6.9523306E+001, 6.2790249E+001, 5.6779234E+001, 5.0151961E+001, 4.4170682E+001, 1.7605790E+002, 1.8065042E+002, 1.8115136E+002, 1.8018183E+002, 1.7676263E+002, 1.7111765E+002, 1.5278538E+002, 7.6397027E+001, 5.2750228E+001, 5.1784102E+001, 5.1423895E+001, 2.3644801E+002, 2.3589322E+002, 2.3610108E+002, 2.2671056E+002, 2.0606349E+002, 1.6547001E+002, 1.3637058E+002, 8.3403082E+001, 7.0033530E+001, 6.4964722E+001, 5.5094596E+001, 3.1791522E+002, 2.4327041E+002, 3.1327853E+002, 2.3607901E+002, 3.2860512E+002, 2.4242332E+002, 3.1804420E+002, 2.3734182E+002, 9.4069603E+002, 8.9042645E+002, 8.5342642E+002, 8.5975988E+002, 9.4063554E+002, 8.4152787E+002, 4.7071168E+002
 4.3800256E+003, 1.9713712E+002, 2.0479685E+002, 2.0754971E+002, 2.1526608E+002, 2.4523793E+002, 2.0308799E+002, 2.0061588E+002, 2.0412449E+002, 2.1129846E+002, 2.2545713E+002, 2.7521535E+002, 2.0849836E+002, 1.9986582E+002, 2.0489583E+002, 2.1977723E+002, 2.4575032E+002, 2.7903267E+002, 2.3440640E+002, 2.0374696E+002, 2.0654058E+002, 2.2286082E+002, 2.5640697E+002, 2.7139106E+002, 2.4728173E+002, 1.9958447E+002, 2.0103306E+002, 2.2357862E+002, 2.3294426E+002, 2.5396965E+002, 1.8133724E+002, 1.8185964E+002, 2.1436662E+002, 2.6878396E+002, 2.7921235E+002, 1.8205889E+002, 1.8286285E+002, 1.9010400E+002, 2.3602851E+002, 2.9433950E+002, 3.7726550E+002, 2.2442310E+002, 1.8596180E+002, 2.0398367E+002, 2.5088984E+002, 3.4814637E+002, 4.1433793E+002, 2.9819022E+002, 1.8717818E+002, 2.0418314E+002, 2.6850865E+002, 3.0113153E+002, 3.6008662E+002, 3.0774492E+002, 1.8279470E+002, 1.9961576E+002, 2.4143837E+002, 2.6617570E+002, 2.7245228E+002, 1.9845169E+002, 4.7986209E+002, 4.1464448E+002, 2.7381873E+002, 1.9589161E+002, 2.9872407E+002, 2.1141259E+002, 4.5276955E+002, 6.0749295E+002, 4.8707979E+002, 3.0389935E+002, 6.0456726E+002, 2.2850688E+002, 5.1103417E+002, 6.8541673E+002, 5.7101989E+002, 3.2637093E+002, 6.0252106E+002, 2.0958006E+002, 5.2610101E+002, 6.0237163E+002, 4.3347072E+002, 2.5903957E+002, 2.9432253E+002, 1.9707286E+002, 4.8579954E+002, 3.9335505E+002, 2.6424335E+002, 2.0864535E+002, 2.1268354E+002, 1.8934871E+002, 1.8188825E+002, 1.7408422E+002, 1.7107784E+002, 1.6665630E+002, 1.3597487E+002, 9.3910756E+001, 6.7180109E+001, 6.1230359E+001, 5.7368435E+001, 5.1647241E+001, 4.9313182E+001, 2.4140133E+002, 1.9674771E+002, 1.7034222E+002, 1.6484345E+002, 1.6368287E+002, 1.6076058E+002, 1.2872311E+002, 9.4567340E+001, 7.0077966E+001, 6.3689651E+001, 5.6299177E+001, 4.8121029E+001, 4.2568165E+001, 1.7323523E+002, 1.7884365E+002, 1.7821425E+002, 1.7526685E+002, 1.7234212E+002, 1.6822662E+002, 1.4914542E+002, 7.0380307E+001, 5.2448820E+001, 5.1670047E+001, 5.1271794E+001, 2.3772480E+002, 2.3840280E+002, 2.3647717E+002, 2.3306034E+002, 2.0560995E+002, 1.6455175E+002, 1.3053486E+002, 1.0009175E+002, 6.6632477E+001, 5.5932052E+001, 5.3615406E+001, 3.1851477E+002, 2.4406059E+002, 3.1419326E+002, 2.3708237E+002, 3.3060867E+002, 2.4372122E+002, 3.1833882E+002, 2.3829406E+002, 9.2837691E+002, 8.3307664E+002, 7.9917213E+002, 8.0754479E+002, 8.5571034E+002, 7.9410265E+002, 4.7337354E+002
 4.4000038E+003, 2.0139997E+002, 2.0727590E+002, 2.1668672E+002, 2.4727857E+002, 2.6037262E+002, 2.0466134E+002, 2.0449847E+002, 2.0914564E+002, 2.1999428E+002, 2.5439414E+002, 2.9805186E+002, 2.1768141E+002, 1.9863797E+002, 2.1376728E+002, 2.3223659E+002, 2.5976476E+002, 2.8846925E+002, 2.4602340E+002, 2.0231412E+002, 2.1875704E+002, 2.2380833E+002, 2.3691238E+002, 2.6552822E+002, 2.2690410E+002, 1.9611510E+002, 2.0560847E+002, 2.1569479E+002, 2.1303406E+002, 2.2858689E+002, 1.8324230E+002, 1.9140158E+002, 2.2842541E+002, 2.8616159E+002, 2.8563233E+002, 1.8874668E+002, 1.8461383E+002, 1.9132218E+002, 2.4968871E+002, 3.2317622E+002, 3.5753136E+002, 2.2028078E+002, 1.8507171E+002, 1.9246502E+002, 2.6726203E+002, 3.6160917E+002, 4.2744185E+002, 3.0910355E+002, 1.8337436E+002, 2.0657137E+002, 2.6497531E+002, 3.2685617E+002, 3.7033427E+002, 2.9973056E+002, 1.8064373E+002, 2.1157608E+002, 2.3085517E+002, 2.5111503E+002, 2.4858822E+002, 1.9269490E+002, 4.9905089E+002, 4.3808124E+002, 3.0593941E+002, 2.3957147E+002, 3.5847117E+002, 2.1711506E+002, 5.2991644E+002, 6.4184091E+002, 4.4127317E+002, 2.6583969E+002, 6.9659790E+002, 2.1575252E+002, 5.6807598E+002, 7.5262473E+002, 6.3888075E+002, 4.0105480E+002, 7.3960414E+002, 1.9982964E+002, 5.0185809E+002, 6.5743233E+002, 5.1036911E+002, 3.1472475E+002, 2.9522572E+002, 1.9855252E+002, 4.4108138E+002, 3.2795887E+002, 2.7317238E+002, 2.1100124E+002, 2.1504379E+002, 1.9571684E+002, 1.8048275E+002, 1.7454838E+002, 1.7096757E+002, 1.6606860E+002, 1.3517977E+002, 9.2072761E+001, 6.7417359E+001, 6.1420527E+001, 5.8766025E+001, 5.2816303E+001, 4.9642754E+001, 2.3233642E+002, 2.0802380E+002, 1.7447771E+002, 1.6830573E+002, 1.6568313E+002, 1.6038993E+002, 1.3020499E+002, 8.5219758E+001, 6.9154696E+001, 6.4852232E+001, 5.6328357E+001, 4.9675194E+001, 4.1302361E+001, 1.6939242E+002, 1.7511107E+002, 1.7582890E+002, 1.7508563E+002, 1.7221743E+002, 1.6673229E+002, 1.5153754E+002, 7.9580462E+001, 5.2902981E+001, 5.2088673E+001, 5.1769359E+001, 2.3975158E+002, 2.3652495E+002, 2.3127248E+002, 2.2167040E+002, 1.7598680E+002, 1.5535880E+002, 1.4142860E+002, 1.0856029E+002, 7.1513349E+001, 5.6787546E+001, 5.0470213E+001, 3.1938477E+002, 2.4515341E+002, 3.1526825E+002, 2.3798394E+002, 3.3192735E+002, 2.4472246E+002, 3.1871834E+002, 2.3917023E+002, 1.0004144E+003, 1.0063568E+003, 9.9174720E+002, 9.8565339E+002, 9.7251404E+002, 8.7322215E+002, 4.7257425E+002
 4.4200335E+003, 1.9692477E+002, 2.0151975E+002, 2.1185236E+002, 2.3372669E+002, 2.4264387E+002, 1.9636150E+002, 1.9353646E+002, 2.0016339E+002, 2.1423903E+002, 2.4630805E+002, 2.8685160E+002, 2.0867560E+002, 1.9471446E+002, 2.0335539E+002, 2.1359532E+002, 2.5634407E+002, 3.0249649E+002, 2.2667914E+002, 1.9236480E+002, 1.9476585E+002, 2.0258392E+002, 2.3207287E+002, 2.6154647E+002, 2.2728711E+002, 1.8848938E+002, 1.9018912E+002, 1.9277708E+002, 1.9965637E+002, 2.1994896E+002, 1.8646651E+002, 1.9013939E+002, 2.0767432E+002, 2.4411518E+002, 2.5975719E+002, 1.9246224E+002, 1.8759187E+002, 1.9839970E+002, 2.2555810E+002, 2.8692186E+002, 3.2765363E+002, 2.1427940E+002, 1.8458487E+002, 1.9679630E+002, 2.5407077E+002, 3.3908594E+002, 4.4282183E+002, 3.0499022E+002, 1.8352314E+002, 1.9593046E+002, 2.3983690E+002, 3.3545041E+002, 3.6615361E+002, 3.0513365E+002, 1.8200219E+002, 1.9238237E+002, 2.0716128E+002, 2.4826102E+002, 2.5368529E+002, 1.9699974E+002, 4.4514061E+002, 4.0412423E+002, 2.7868173E+002, 2.2227159E+002, 3.0241967E+002, 2.0676895E+002, 4.3771556E+002, 5.6004032E+002, 4.4727659E+002, 2.7275936E+002, 5.9577464E+002, 2.2290279E+002, 5.7901650E+002, 6.6958430E+002, 5.6585237E+002, 3.5341936E+002, 6.4364613E+002, 2.1751695E+002, 4.5486713E+002, 6.2384209E+002, 4.7207549E+002, 2.9461618E+002, 3.0591851E+002, 1.9160610E+002, 4.5134763E+002, 3.8033690E+002, 2.5772655E+002, 1.9878748E+002, 2.1017271E+002, 1.9226741E+002, 1.7946050E+002, 1.7434670E+002, 1.7007813E+002, 1.6470017E+002, 1.3281906E+002, 9.4411295E+001, 7.1836653E+001, 6.3122208E+001, 5.9676425E+001, 5.3489068E+001, 4.9672240E+001, 2.4568710E+002, 2.0849627E+002, 1.7418012E+002, 1.6894041E+002, 1.6387536E+002, 1.5955234E+002, 1.3516576E+002, 8.5782675E+001, 7.0711534E+001, 6.6200429E+001, 5.5784454E+001, 5.1894844E+001, 4.0621706E+001, 1.7450304E+002, 1.7906526E+002, 1.8030994E+002, 1.7930521E+002, 1.7667360E+002, 1.7258050E+002, 1.5638945E+002, 7.6077418E+001, 5.4976970E+001, 5.3783852E+001, 5.3149518E+001, 2.3621125E+002, 2.3564204E+002, 2.3470570E+002, 2.0964137E+002, 1.8124833E+002, 1.6500147E+002, 1.3893063E+002, 1.0371328E+002, 7.1589924E+001, 5.6014057E+001, 4.8950329E+001, 3.2009437E+002, 2.4598105E+002, 3.1571312E+002, 2.3859450E+002, 3.3257201E+002, 2.4531778E+002, 3.1877250E+002, 2.3969729E+002, 1.0238223E+003, 9.9873759E+002, 9.6010567E+002, 9.4519728E+002, 8.6948237E+002, 7.3931671E+002, 4.6690621E+002
 4.4400081E+003, 1.9655363E+002, 2.0229247E+002, 2.1060629E+002, 2.2080180E+002, 2.3650725E+002, 1.9977836E+002, 2.0172000E+002, 2.0447014E+002, 2.2234974E+002, 2.4368564E+002, 2.5680018E+002, 2.1660971E+002, 2.0289616E+002, 2.0856431E+002, 2.1882053E+002, 2.3991209E+002, 2.6530447E+002, 2.2477689E+002, 2.0005795E+002, 1.9983902E+002, 2.1125924E+002, 2.3000084E+002, 2.5635763E+002, 2.3651621E+002, 1.9654230E+002, 1.9453165E+002, 2.0186168E+002, 2.1711231E+002, 2.2373961E+002, 1.8476705E+002, 1.8691867E+002, 2.2026948E+002, 2.5484871E+002, 2.6913455E+002, 1.8556364E+002, 1.8658954E+002, 1.9397450E+002, 2.3642370E+002, 2.8140963E+002, 3.1748296E+002, 2.1534832E+002, 1.8655858E+002, 1.9633935E+002, 2.2278739E+002, 2.7672390E+002, 3.4693459E+002, 2.7003547E+002, 1.8358390E+002, 1.8823341E+002, 2.2371992E+002, 2.8839703E+002, 3.0384574E+002, 2.8609372E+002, 1.8008457E+002, 1.8376858E+002, 2.3145202E+002, 2.6860200E+002, 2.5298474E+002, 1.9759654E+002, 4.3057193E+002, 3.8139474E+002, 2.8150448E+002, 2.1812070E+002, 2.9606773E+002, 2.1828984E+002, 4.6390613E+002, 5.9719525E+002, 4.6343041E+002, 3.4711078E+002, 6.1288143E+002, 2.2150175E+002, 4.8965736E+002, 6.4123466E+002, 5.1428290E+002, 3.4585952E+002, 5.1089152E+002, 2.1018022E+002, 4.2444231E+002, 4.9706447E+002, 3.9957266E+002, 2.6242329E+002, 2.6447250E+002, 2.0092414E+002, 4.7499210E+002, 3.2110537E+002, 2.4290552E+002, 1.9926490E+002, 2.1075506E+002, 1.9361228E+002, 1.7873238E+002, 1.7398825E+002, 1.6976307E+002, 1.6645845E+002, 1.3947150E+002, 9.3309566E+001, 6.8508642E+001, 6.2904931E+001, 6.0446014E+001, 5.3288441E+001, 4.8978161E+001, 2.3308417E+002, 1.9816662E+002, 1.7660162E+002, 1.7202474E+002, 1.6764432E+002, 1.5553616E+002, 1.3095440E+002, 9.1061495E+001, 7.1645034E+001, 6.6523297E+001, 5.7250077E+001, 5.3182142E+001, 4.4234504E+001, 1.7289970E+002, 1.7856819E+002, 1.8175807E+002, 1.7952570E+002, 1.7591963E+002, 1.7184898E+002, 1.6256948E+002, 6.7743745E+001, 5.5705502E+001, 5.4687605E+001, 5.3827673E+001, 2.3845916E+002, 2.3732625E+002, 2.3403081E+002, 2.2420589E+002, 2.0051907E+002, 1.8183839E+002, 1.3515442E+002, 1.0510125E+002, 7.3819948E+001, 5.8943561E+001, 4.9402214E+001, 3.1987693E+002, 2.4606117E+002, 3.1571008E+002, 2.3884436E+002, 3.3200316E+002, 2.4534784E+002, 3.1867143E+002, 2.4015967E+002, 9.7457267E+002, 9.2909304E+002, 8.8281725E+002, 8.8436243E+002, 8.4196720E+002, 7.4909343E+002, 4.6652148E+002
 4.4600126E+003, 1.9638814E+002, 1.9788324E+002, 2.0810325E+002, 2.2783275E+002, 2.6372466E+002, 1.9705026E+002, 1.9818058E+002, 2.0064738E+002, 2.2512617E+002, 2.5360523E+002, 2.9801841E+002, 2.1282713E+002, 2.0168783E+002, 2.0307842E+002, 2.3687563E+002, 2.6259652E+002, 3.0161443E+002, 2.4485284E+002, 2.0634333E+002, 2.0298604E+002, 2.1984040E+002, 2.4447260E+002, 2.7252684E+002, 2.4439972E+002, 1.9825804E+002, 2.0420777E+002, 2.1164495E+002, 2.2593949E+002, 2.4183858E+002, 1.8688078E+002, 1.8892876E+002, 2.2690262E+002, 2.8883797E+002, 3.2774183E+002, 1.8951737E+002, 1.9215733E+002, 1.9917617E+002, 2.6371807E+002, 3.3751179E+002, 3.8681187E+002, 2.4613102E+002, 1.9352885E+002, 2.2370046E+002, 2.7899510E+002, 3.5555552E+002, 4.1125441E+002, 3.0391713E+002, 1.8899512E+002, 1.9623369E+002, 2.2635624E+002, 2.9402006E+002, 3.2913070E+002, 2.9886376E+002, 1.8110225E+002, 1.8410993E+002, 2.3645008E+002, 2.6016612E+002, 2.6258345E+002, 1.9628766E+002, 5.0153420E+002, 4.7565149E+002, 3.5354655E+002, 2.4842925E+002, 3.2796649E+002, 2.2109139E+002, 4.7051657E+002, 6.5729205E+002, 4.8592218E+002, 2.8257507E+002, 6.4023280E+002, 2.2929068E+002, 5.6679527E+002, 7.5636530E+002, 6.1207982E+002, 3.5785103E+002, 6.4512969E+002, 2.1411656E+002, 5.0332338E+002, 5.9082728E+002, 4.2624483E+002, 2.5172639E+002, 2.6390234E+002, 2.0365166E+002, 4.6232744E+002, 3.2262449E+002, 2.2160467E+002, 1.7824590E+002, 2.1146893E+002, 1.9538771E+002, 1.7971472E+002, 1.7406665E+002, 1.7123935E+002, 1.6785102E+002, 1.4124296E+002, 9.3216458E+001, 6.8194258E+001, 6.4084197E+001, 6.0881240E+001, 5.1733896E+001, 4.8618822E+001, 2.3544469E+002, 2.1073255E+002, 1.8160835E+002, 1.7521279E+002, 1.6859852E+002, 1.6137320E+002, 1.3641459E+002, 9.2927108E+001, 7.0629887E+001, 6.4909946E+001, 5.7542658E+001, 5.3048340E+001, 4.2410846E+001, 1.7404227E+002, 1.7894966E+002, 1.7955466E+002, 1.7846448E+002, 1.7551192E+002, 1.6771535E+002, 1.4918968E+002, 7.2420409E+001, 5.7612545E+001, 5.4487145E+001, 5.3505414E+001, 2.3151008E+002, 2.3064904E+002, 2.2745793E+002, 2.2201901E+002, 2.0585965E+002, 1.7779981E+002, 1.2638688E+002, 1.0129333E+002, 7.4591546E+001, 6.4585220E+001, 5.4684474E+001, 3.2021959E+002, 2.4645678E+002, 3.1646669E+002, 2.3955072E+002, 3.3237035E+002, 2.4586613E+002, 3.1890699E+002, 2.4083428E+002, 9.5746265E+002, 8.9293439E+002, 8.4924426E+002, 8.3571067E+002, 8.5283934E+002, 8.1369270E+002, 4.7023554E+002
 4.4800083E+003, 1.9390011E+002, 1.9982917E+002, 2.0944412E+002, 2.3544464E+002, 2.5738316E+002, 2.0224309E+002, 2.0416001E+002, 2.1948748E+002, 2.2827874E+002, 2.3912563E+002, 2.8734464E+002, 2.2585108E+002, 2.0550242E+002, 2.1054826E+002, 2.2558190E+002, 2.6152572E+002, 3.0759253E+002, 2.3921736E+002, 1.9720208E+002, 1.9378310E+002, 2.0256774E+002, 2.4510907E+002, 2.6445313E+002, 2.2347349E+002, 1.9159915E+002, 1.8931722E+002, 1.8749636E+002, 1.9365706E+002, 2.0432480E+002, 1.8898197E+002, 1.9320924E+002, 2.2427128E+002, 2.8339166E+002, 2.7836186E+002, 1.9243293E+002, 1.8954856E+002, 1.9942679E+002, 2.2789052E+002, 3.0619164E+002, 3.5722327E+002, 2.2168511E+002, 1.8574290E+002, 2.1826175E+002, 2.4766496E+002, 3.3089733E+002, 3.9415590E+002, 2.9701899E+002, 1.8273008E+002, 1.9967692E+002, 2.4614417E+002, 3.2175842E+002, 3.3325738E+002, 3.1023076E+002, 1.8029246E+002, 1.8839763E+002, 2.0756239E+002, 2.5811819E+002, 2.3724906E+002, 2.0158931E+002, 4.6505823E+002, 4.2200506E+002, 2.9437637E+002, 2.1381152E+002, 3.4295660E+002, 2.3343118E+002, 5.2558029E+002, 6.6853380E+002, 5.3511418E+002, 3.2850572E+002, 6.4165600E+002, 2.2151332E+002, 4.8057702E+002, 6.2085589E+002, 4.7038848E+002, 2.8792593E+002, 5.2090104E+002, 2.0914598E+002, 4.4723675E+002, 5.1792884E+002, 4.0796860E+002, 2.8103354E+002, 2.9812596E+002, 1.9644551E+002, 4.2008408E+002, 3.6672743E+002, 2.5276874E+002, 1.7667763E+002, 2.1548725E+002, 1.9895225E+002, 1.8089582E+002, 1.7558684E+002, 1.7278029E+002, 1.6726766E+002, 1.2980507E+002, 9.9592021E+001, 6.9314098E+001, 6.4472266E+001, 6.1314307E+001, 5.4045423E+001, 5.0378607E+001, 2.5256394E+002, 2.1149669E+002, 1.7829280E+002, 1.7454546E+002, 1.6587343E+002, 1.6225846E+002, 1.3721110E+002, 9.3817774E+001, 7.2129094E+001, 6.7194472E+001, 5.9833256E+001, 5.1420390E+001, 4.2268405E+001, 1.7357221E+002, 1.7757444E+002, 1.8026017E+002, 1.7763593E+002, 1.7298593E+002, 1.6768461E+002, 1.5663566E+002, 7.2258801E+001, 5.5397875E+001, 5.3663484E+001, 5.2941425E+001, 2.5300923E+002, 2.5241274E+002, 2.4755050E+002, 2.3662778E+002, 2.1099060E+002, 1.6562768E+002, 1.3408910E+002, 1.0149112E+002, 7.5454498E+001, 6.0833984E+001, 5.2720033E+001, 3.2084555E+002, 2.4713816E+002, 3.1730420E+002, 2.4019805E+002, 3.3242316E+002, 2.4645311E+002, 3.1969856E+002, 2.4160558E+002, 1.0430260E+003, 1.0530944E+003, 1.0696641E+003, 1.0602972E+003, 1.0020780E+003, 8.2331842E+002, 4.6863686E+002
 4.5000214E+003, 2.0161078E+002, 2.0779503E+002, 2.1841819E+002, 2.5044350E+002, 2.5827239E+002, 2.0565284E+002, 2.0572215E+002, 2.0781134E+002, 2.2399251E+002, 2.5130789E+002, 2.6484425E+002, 2.0474465E+002, 1.9970965E+002, 2.0020706E+002, 2.1711241E+002, 2.6798436E+002, 2.8325900E+002, 2.3427190E+002, 1.8980539E+002, 1.9009043E+002, 2.0475689E+002, 2.4718313E+002, 2.8122159E+002, 2.4570754E+002, 1.8613528E+002, 1.8514271E+002, 1.9373038E+002, 2.1503552E+002, 2.3977665E+002, 1.8901823E+002, 2.0029129E+002, 2.6303293E+002, 2.8495977E+002, 2.8439771E+002, 1.9263847E+002, 1.9163969E+002, 1.9799454E+002, 2.3971295E+002, 2.9617912E+002, 3.4673078E+002, 2.1301595E+002, 1.8823839E+002, 1.9727546E+002, 2.4570231E+002, 3.2995453E+002, 3.7133183E+002, 2.8004440E+002, 1.8547749E+002, 1.8744532E+002, 2.2587284E+002, 3.1799900E+002, 3.5883249E+002, 3.5115558E+002, 1.8332798E+002, 1.8760705E+002, 2.3804558E+002, 3.0360710E+002, 3.0820649E+002, 1.9993200E+002, 5.0275386E+002, 4.5555410E+002, 3.2009546E+002, 2.1918829E+002, 4.0242133E+002, 2.2511416E+002, 5.5100108E+002, 6.8956599E+002, 5.4668830E+002, 2.9630531E+002, 6.4426642E+002, 2.2883708E+002, 5.0865618E+002, 6.3786880E+002, 5.0988745E+002, 2.8522905E+002, 5.3671567E+002, 2.0599491E+002, 4.4303362E+002, 5.6425021E+002, 4.2546814E+002, 2.4963101E+002, 3.3338282E+002, 2.0163921E+002, 5.4031119E+002, 5.0299406E+002, 3.1464493E+002, 2.2538421E+002, 2.1574608E+002, 1.9813389E+002, 1.8556600E+002, 1.7540161E+002, 1.7342944E+002, 1.6940682E+002, 1.3356350E+002, 9.7399770E+001, 6.9282148E+001, 6.3235800E+001, 6.2107202E+001, 5.5866432E+001, 5.2256202E+001, 2.3128027E+002, 2.0862834E+002, 1.7740992E+002, 1.7120771E+002, 1.6569022E+002, 1.6400927E+002, 1.3409279E+002, 9.5261017E+001, 7.2498156E+001, 6.6321499E+001, 6.1232450E+001, 5.2074752E+001, 4.4775994E+001, 1.8404266E+002, 1.8727812E+002, 1.8827137E+002, 1.8516224E+002, 1.7978530E+002, 1.7385609E+002, 1.6590254E+002, 6.1615136E+001, 5.5968965E+001, 5.5263491E+001, 5.4477633E+001, 2.3939270E+002, 2.4045559E+002, 2.4033323E+002, 2.2185778E+002, 1.8012163E+002, 1.6592863E+002, 1.3763052E+002, 1.0059085E+002, 7.4478402E+001, 6.5197702E+001, 5.3710556E+001, 3.2143876E+002, 2.4747186E+002, 3.1793298E+002, 2.4071948E+002, 3.3190403E+002, 2.4645900E+002, 3.2022779E+002, 2.4191118E+002, 9.8602896E+002, 9.2797271E+002, 9.0991606E+002, 9.2666607E+002, 9.2611757E+002, 7.5014931E+002, 4.6841823E+002
 4.5200207E+003, 2.0740145E+002, 2.0609298E+002, 2.1094373E+002, 2.2274747E+002, 2.4969651E+002, 2.0701935E+002, 2.0907908E+002, 2.1035769E+002, 2.1724363E+002, 2.3751232E+002, 2.6996602E+002, 2.0738539E+002, 2.0766609E+002, 2.0470768E+002, 2.0882524E+002, 2.4661076E+002, 2.8585293E+002, 2.2324552E+002, 2.0345699E+002, 2.0167572E+002, 2.0932097E+002, 2.3216008E+002, 2.6113056E+002, 2.3836801E+002, 1.9441490E+002, 1.9799627E+002, 2.1039391E+002, 2.2406634E+002, 2.3639640E+002, 1.8855037E+002, 1.9199439E+002, 2.2546580E+002, 2.7475991E+002, 2.8767274E+002, 1.9019757E+002, 1.9014401E+002, 1.9239332E+002, 2.3757349E+002, 3.0233769E+002, 3.6084511E+002, 1.9972568E+002, 1.8848707E+002, 1.9486251E+002, 2.3233714E+002, 3.3957443E+002, 3.8964416E+002, 2.6763746E+002, 1.8653784E+002, 1.9848408E+002, 2.2521444E+002, 2.8540814E+002, 3.1417863E+002, 2.7677094E+002, 1.8360758E+002, 1.9432766E+002, 2.2762762E+002, 2.5114223E+002, 2.6319564E+002, 1.9299578E+002, 4.6265112E+002, 4.5001949E+002, 2.9877754E+002, 1.9534763E+002, 3.0289925E+002, 2.1978251E+002, 4.9382011E+002, 6.3349101E+002, 4.8579068E+002, 2.5686684E+002, 5.7426774E+002, 2.1725582E+002, 4.8322304E+002, 5.8464489E+002, 4.7377657E+002, 2.9684402E+002, 5.4558365E+002, 1.9980754E+002, 4.3480356E+002, 5.5952702E+002, 4.5748395E+002, 2.8962740E+002, 2.9594066E+002, 1.9300659E+002, 4.5038673E+002, 3.6874646E+002, 2.3730234E+002, 1.7679207E+002, 2.1353158E+002, 1.9830873E+002, 1.9086650E+002, 1.7763091E+002, 1.7384543E+002, 1.7023953E+002, 1.4078708E+002, 9.6067622E+001, 7.0573163E+001, 6.3937520E+001, 6.0429029E+001, 5.6297546E+001, 5.1627819E+001, 2.3942728E+002, 2.0787686E+002, 1.7611409E+002, 1.7445464E+002, 1.7014753E+002, 1.6419654E+002, 1.2942807E+002, 9.1894884E+001, 7.1776889E+001, 6.6466028E+001, 6.2223949E+001, 5.4144230E+001, 4.4506014E+001, 1.8218341E+002, 1.8466495E+002, 1.8552244E+002, 1.8208495E+002, 1.7762606E+002, 1.7255269E+002, 1.6229625E+002, 6.3295920E+001, 5.6814459E+001, 5.5726238E+001, 5.5200977E+001, 2.4146022E+002, 2.4154336E+002, 2.3406488E+002, 2.3020663E+002, 2.0308419E+002, 1.6795817E+002, 1.3965092E+002, 9.0347850E+001, 7.3806180E+001, 6.7031345E+001, 5.3295330E+001, 3.2166801E+002, 2.4761814E+002, 3.1814722E+002, 2.4102374E+002, 3.3180858E+002, 2.4633434E+002, 3.2045549E+002, 2.4211655E+002, 1.0117286E+003, 9.5052981E+002, 9.0512384E+002, 8.4417941E+002, 7.9523276E+002, 7.4445133E+002, 4.6485113E+002
 4.5400238E+003, 2.0439758E+002, 2.0128548E+002, 2.0047941E+002, 2.0942877E+002, 2.2688633E+002, 2.0261109E+002, 2.0048809E+002, 2.0211927E+002, 2.0330893E+002, 2.2017159E+002, 2.3358831E+002, 2.0229351E+002, 1.9861926E+002, 2.0019798E+002, 2.0231137E+002, 2.1415520E+002, 2.2128350E+002, 2.0060291E+002, 1.9562920E+002, 1.9496286E+002, 1.9586191E+002, 2.0174105E+002, 2.1463259E+002, 2.0469854E+002, 1.9288924E+002, 1.9311339E+002, 1.9280931E+002, 1.9658822E+002, 2.0124238E+002, 1.8948213E+002, 1.9153855E+002, 2.0139355E+002, 2.2055716E+002, 2.2467739E+002, 1.8791849E+002, 1.8781435E+002, 1.8736834E+002, 2.0432978E+002, 2.5249803E+002, 2.6218261E+002, 1.9177040E+002, 1.8554760E+002, 1.8735564E+002, 2.0706344E+002, 2.4613541E+002, 2.3796688E+002, 2.2391355E+002, 1.8367841E+002, 1.8974875E+002, 2.0829629E+002, 2.2522796E+002, 2.1785673E+002, 2.1698826E+002, 1.8135959E+002, 1.8478533E+002, 1.9929310E+002, 2.0924017E+002, 2.0874327E+002, 1.8771076E+002, 2.6203244E+002, 2.1322039E+002, 1.8163024E+002, 1.6926377E+002, 2.6003085E+002, 2.1685619E+002, 3.4878671E+002, 3.8913451E+002, 2.5477957E+002, 1.7012221E+002, 3.7833542E+002, 2.1435657E+002, 3.1382017E+002, 3.2964682E+002, 2.1914205E+002, 1.6362792E+002, 2.7957776E+002, 2.0004462E+002, 3.0564518E+002, 3.0554428E+002, 2.0368858E+002, 1.5490501E+002, 1.7079445E+002, 1.8055563E+002, 2.5681258E+002, 2.0706608E+002, 1.7801490E+002, 1.5457519E+002, 2.0268582E+002, 1.9447498E+002, 1.8354962E+002, 1.7681165E+002, 1.7477684E+002, 1.6874714E+002, 1.4233303E+002, 8.9247866E+001, 7.1214271E+001, 6.2673255E+001, 5.9808247E+001, 5.5232545E+001, 5.2300245E+001, 2.0685006E+002, 1.9223368E+002, 1.7491843E+002, 1.7168166E+002, 1.6621649E+002, 1.5891805E+002, 1.2432840E+002, 9.4412593E+001, 7.0624956E+001, 6.7077628E+001, 6.1424892E+001, 5.3351363E+001, 4.2569038E+001, 1.7916250E+002, 1.8306838E+002, 1.8224029E+002, 1.8018320E+002, 1.7638400E+002, 1.7091217E+002, 1.5076397E+002, 6.3322735E+001, 5.6809132E+001, 5.5769533E+001, 5.5154070E+001, 2.2308160E+002, 2.2310568E+002, 2.1811090E+002, 2.0661770E+002, 1.8544120E+002, 1.6828421E+002, 1.4160398E+002, 9.0904283E+001, 6.9678087E+001, 6.5564886E+001, 5.4775567E+001, 3.2001386E+002, 2.4651969E+002, 3.1709586E+002, 2.4043886E+002, 3.2912322E+002, 2.4524671E+002, 3.1868964E+002, 2.4132801E+002, 6.1209856E+002, 5.9225990E+002, 5.4290362E+002, 4.6324672E+002, 3.0819014E+002, 3.6917705E+002, 4.4721877E+002
 4.5600350E+003, 1.9173533E+002, 1.9042258E+002, 1.8812474E+002, 1.9220788E+002, 1.9612553E+002, 1.8947803E+002, 1.8923923E+002, 1.8890292E+002, 1.8753588E+002, 1.9398266E+002, 1.9950494E+002, 1.8667173E+002, 1.8632696E+002, 1.8428184E+002, 1.8486124E+002, 1.8909460E+002, 1.9496207E+002, 1.8220414E+002, 1.8704348E+002, 1.8177445E+002, 1.8053093E+002, 1.8107313E+002, 1.8627234E+002, 1.8135003E+002, 1.8309098E+002, 1.8016284E+002, 1.7918873E+002, 1.7729820E+002, 1.7783175E+002, 1.8331152E+002, 1.8282033E+002, 1.8687763E+002, 1.8861368E+002, 1.7795786E+002, 1.8317288E+002, 1.8407741E+002, 1.8289838E+002, 1.9054219E+002, 2.1037334E+002, 1.9928955E+002, 1.8486111E+002, 1.8341861E+002, 1.8186287E+002, 2.0218425E+002, 2.1491030E+002, 2.1196310E+002, 2.0555697E+002, 1.8152622E+002, 1.8046886E+002, 1.8925078E+002, 1.9085539E+002, 1.9183020E+002, 1.8613147E+002, 1.7921264E+002, 1.7664464E+002, 1.7917182E+002, 1.8059456E+002, 1.8168529E+002, 1.9217715E+002, 1.6544736E+002, 1.4602108E+002, 1.5082869E+002, 1.4931064E+002, 2.1510022E+002, 2.1340223E+002, 2.5532245E+002, 2.4092058E+002, 1.6688193E+002, 1.4958325E+002, 2.8784162E+002, 2.0461491E+002, 2.4685126E+002, 2.7246691E+002, 1.9814309E+002, 1.4698379E+002, 2.3186038E+002, 1.9184081E+002, 2.5740014E+002, 2.2549118E+002, 1.6668481E+002, 1.4539824E+002, 1.5073059E+002, 1.7706414E+002, 1.6434008E+002, 1.4583984E+002, 1.5032561E+002, 1.5320722E+002, 1.9677389E+002, 1.9142220E+002, 1.8177649E+002, 1.7585944E+002, 1.7229600E+002, 1.6389432E+002, 1.3284609E+002, 9.1138619E+001, 7.2826955E+001, 6.5333177E+001, 5.9368679E+001, 5.3258776E+001, 4.8434747E+001, 1.8652569E+002, 1.8091332E+002, 1.7360398E+002, 1.7001019E+002, 1.6401825E+002, 1.5770146E+002, 1.2940862E+002, 8.7382585E+001, 6.9759215E+001, 6.4322772E+001, 5.9204251E+001, 5.0472699E+001, 4.0856327E+001, 1.7600536E+002, 1.7936515E+002, 1.7971438E+002, 1.7637877E+002, 1.7215862E+002, 1.6642437E+002, 1.3746762E+002, 5.9953148E+001, 5.5077626E+001, 5.4307279E+001, 5.3995478E+001, 2.0242838E+002, 2.0379331E+002, 1.9635500E+002, 1.8028693E+002, 1.7557754E+002, 1.6586898E+002, 1.3353760E+002, 9.9343465E+001, 7.0426898E+001, 6.4148442E+001, 5.1485502E+001, 3.1315989E+002, 2.4273260E+002, 3.1101978E+002, 2.3757364E+002, 3.2018070E+002, 2.4134702E+002, 3.1209054E+002, 2.3811127E+002, 4.4399484E+002, 3.6212983E+002, 2.7892813E+002, 2.2017745E+002, 1.5513362E+002, 1.4921388E+002, 4.1245046E+002
 4.5800596E+003, 1.8205025E+002, 1.8121315E+002, 1.8019509E+002, 1.7919657E+002, 1.7848542E+002, 1.7997871E+002, 1.8113119E+002, 1.7919630E+002, 1.7874292E+002, 1.7798368E+002, 1.7851672E+002, 1.7896004E+002, 1.8088252E+002, 1.7874092E+002, 1.7778254E+002, 1.7589556E+002, 1.7716724E+002, 1.7514314E+002, 1.8097487E+002, 1.7736276E+002, 1.7593364E+002, 1.7464260E+002, 1.7489515E+002, 1.7392135E+002, 1.7896820E+002, 1.7616171E+002, 1.7517057E+002, 1.7400558E+002, 1.7277407E+002, 1.7851956E+002, 1.7762360E+002, 1.7820807E+002, 1.7576635E+002, 1.7014736E+002, 1.7847049E+002, 1.7973920E+002, 1.7904237E+002, 1.8272135E+002, 1.8293855E+002, 1.7674972E+002, 1.8178141E+002, 1.8009093E+002, 1.7839641E+002, 1.7955823E+002, 1.7846941E+002, 1.7482344E+002, 1.7680483E+002, 1.7909989E+002, 1.7648670E+002, 1.7587564E+002, 1.7431158E+002, 1.7189097E+002, 1.7245567E+002, 1.7645032E+002, 1.7491077E+002, 1.7359291E+002, 1.7258867E+002, 1.7209180E+002, 1.7602774E+002, 1.2733254E+002, 1.2338677E+002, 1.3797546E+002, 1.4540314E+002, 1.7222335E+002, 2.0461745E+002, 1.8726964E+002, 1.7343997E+002, 1.5233605E+002, 1.3851729E+002, 2.0760428E+002, 1.9944776E+002, 2.0430336E+002, 1.9469141E+002, 1.6915039E+002, 1.4266781E+002, 1.7683708E+002, 1.9116214E+002, 1.8079640E+002, 1.6469075E+002, 1.5051726E+002, 1.3864873E+002, 1.4365296E+002, 1.7447815E+002, 1.3672416E+002, 1.2970313E+002, 1.4583766E+002, 1.4700482E+002, 1.8577840E+002, 1.8341933E+002, 1.7782102E+002, 1.7367587E+002, 1.7081335E+002, 1.5925690E+002, 1.2196879E+002, 8.3574193E+001, 6.7506699E+001, 6.3575836E+001, 5.7978281E+001, 5.3551161E+001, 4.8803258E+001, 1.7621723E+002, 1.7852718E+002, 1.7160263E+002, 1.6768064E+002, 1.6368928E+002, 1.5535080E+002, 1.2533534E+002, 8.2265669E+001, 6.9399619E+001, 6.2455863E+001, 5.6764739E+001, 5.0849746E+001, 4.0874647E+001, 1.6180962E+002, 1.6511014E+002, 1.6763558E+002, 1.6663506E+002, 1.6509995E+002, 1.6098890E+002, 1.3074218E+002, 5.7579562E+001, 5.4783850E+001, 5.3587066E+001, 5.2991780E+001, 1.8805247E+002, 1.8930475E+002, 1.8938428E+002, 1.7929519E+002, 1.7166208E+002, 1.4843178E+002, 1.2098258E+002, 9.2600222E+001, 7.1208506E+001, 6.1593969E+001, 5.2501649E+001, 3.0221081E+002, 2.3680411E+002, 3.0080637E+002, 2.3236479E+002, 3.0763782E+002, 2.3509637E+002, 3.0175060E+002, 2.3262447E+002, 3.1506163E+002, 2.4676004E+002, 2.1747199E+002, 1.8709570E+002, 1.4939529E+002, 1.3012943E+002, 3.8195385E+002
 4.6000573E+003, 1.7617062E+002, 1.7522840E+002, 1.7484639E+002, 1.7383806E+002, 1.7377049E+002, 1.7561717E+002, 1.7638025E+002, 1.7513862E+002, 1.7408344E+002, 1.7296194E+002, 1.7221026E+002, 1.7508168E+002, 1.7725120E+002, 1.7623826E+002, 1.7440811E+002, 1.7317115E+002, 1.7087091E+002, 1.7328695E+002, 1.7707888E+002, 1.7523412E+002, 1.7313393E+002, 1.7225526E+002, 1.7132729E+002, 1.7199930E+002, 1.7618879E+002, 1.7516192E+002, 1.7378401E+002, 1.7284295E+002, 1.7201393E+002, 1.7453869E+002, 1.7220652E+002, 1.7139887E+002, 1.7033623E+002, 1.6799166E+002, 1.7390124E+002, 1.7560820E+002, 1.7356826E+002, 1.7147572E+002, 1.6821163E+002, 1.6765749E+002, 1.7439240E+002, 1.7553509E+002, 1.7577028E+002, 1.7360910E+002, 1.6984986E+002, 1.6838216E+002, 1.7165389E+002, 1.7624513E+002, 1.7412930E+002, 1.7289113E+002, 1.7076808E+002, 1.6949581E+002, 1.7013510E+002, 1.7534490E+002, 1.7370256E+002, 1.7179310E+002, 1.7057292E+002, 1.6909755E+002, 1.5636236E+002, 1.2335369E+002, 1.1645551E+002, 1.2412410E+002, 1.3439370E+002, 1.4982309E+002, 1.8831229E+002, 1.5686894E+002, 1.4432598E+002, 1.3558877E+002, 1.3125662E+002, 1.7309315E+002, 1.9738002E+002, 1.9043418E+002, 1.8416650E+002, 1.6783626E+002, 1.4248807E+002, 1.6599784E+002, 1.8052806E+002, 1.5908317E+002, 1.5209082E+002, 1.4190361E+002, 1.3042037E+002, 1.3881674E+002, 1.5874121E+002, 1.2395615E+002, 1.1691892E+002, 1.3625684E+002, 1.3167494E+002, 1.7832976E+002, 1.7748414E+002, 1.7550277E+002, 1.7102562E+002, 1.6727869E+002, 1.5094918E+002, 1.0888795E+002, 7.8469687E+001, 6.3553625E+001, 6.1297723E+001, 5.8270303E+001, 5.3168779E+001, 4.9169447E+001, 1.6917371E+002, 1.7272267E+002, 1.6836618E+002, 1.6387262E+002, 1.6223285E+002, 1.4961315E+002, 1.1699795E+002, 7.8411172E+001, 6.9186112E+001, 6.1947188E+001, 5.6636308E+001, 4.9790264E+001, 4.3685490E+001, 1.5509212E+002, 1.5722130E+002, 1.5985017E+002, 1.6041604E+002, 1.5847231E+002, 1.5633873E+002, 1.3126128E+002, 5.8508211E+001, 5.4496026E+001, 5.3016172E+001, 5.2352390E+001, 1.7754736E+002, 1.7945569E+002, 1.7954724E+002, 1.7445117E+002, 1.6915063E+002, 1.4599337E+002, 1.2199753E+002, 9.1758955E+001, 6.4541207E+001, 5.6402675E+001, 4.9990832E+001, 2.8985102E+002, 2.2980297E+002, 2.8890674E+002, 2.2589510E+002, 2.9444904E+002, 2.2790149E+002, 2.8952660E+002, 2.2596799E+002, 2.4298555E+002, 2.2270312E+002, 1.9199739E+002, 1.6867937E+002, 1.4101355E+002, 1.2811720E+002, 3.5638870E+002
 4.6201190E+003, 1.7234041E+002, 1.7222056E+002, 1.7122186E+002, 1.6992209E+002, 1.6911213E+002, 1.7223821E+002, 1.7246770E+002, 1.7151231E+002, 1.7107687E+002, 1.6901361E+002, 1.6869459E+002, 1.7163780E+002, 1.7283133E+002, 1.7189085E+002, 1.7123924E+002, 1.6972144E+002, 1.6906566E+002, 1.7003852E+002, 1.7253237E+002, 1.7155524E+002, 1.7055558E+002, 1.7014963E+002, 1.6984567E+002, 1.6977824E+002, 1.7152265E+002, 1.7108188E+002, 1.7063055E+002, 1.6971591E+002, 1.6936132E+002, 1.6384787E+002, 1.6000726E+002, 1.6249654E+002, 1.6241983E+002, 1.6087617E+002, 1.6134716E+002, 1.6444089E+002, 1.6213821E+002, 1.5986548E+002, 1.5918986E+002, 1.6061079E+002, 1.6051125E+002, 1.6694362E+002, 1.6629023E+002, 1.6122650E+002, 1.5993135E+002, 1.5863505E+002, 1.6244870E+002, 1.6869555E+002, 1.6757160E+002, 1.6734234E+002, 1.6374635E+002, 1.6204263E+002, 1.6411417E+002, 1.6871639E+002, 1.6759186E+002, 1.6709963E+002, 1.6652378E+002, 1.6549199E+002, 1.3887291E+002, 1.2227075E+002, 1.2162255E+002, 1.1860832E+002, 1.2428277E+002, 1.3317059E+002, 1.5838566E+002, 1.4194067E+002, 1.4532172E+002, 1.3801066E+002, 1.2346565E+002, 1.6456429E+002, 1.8170312E+002, 1.7570102E+002, 1.7191035E+002, 1.5310563E+002, 1.2557263E+002, 1.5568419E+002, 1.6945258E+002, 1.5051726E+002, 1.4564087E+002, 1.3172778E+002, 1.2125539E+002, 1.2723595E+002, 1.4681245E+002, 1.2076730E+002, 1.1525200E+002, 1.2101922E+002, 1.2534264E+002, 1.7221076E+002, 1.7329534E+002, 1.7014824E+002, 1.6819342E+002, 1.6179004E+002, 1.4422956E+002, 1.1599102E+002, 7.7363145E+001, 6.0188918E+001, 5.9421497E+001, 5.7549057E+001, 5.0582136E+001, 4.7380925E+001, 1.6473447E+002, 1.6740982E+002, 1.6388496E+002, 1.6140332E+002, 1.5681835E+002, 1.4234575E+002, 1.0816821E+002, 7.5957148E+001, 6.7806367E+001, 6.2464241E+001, 5.6978571E+001, 5.0562725E+001, 4.3819175E+001, 1.4865008E+002, 1.5237227E+002, 1.5396826E+002, 1.5475866E+002, 1.5404941E+002, 1.5153340E+002, 1.2624048E+002, 5.5099964E+001, 5.2798564E+001, 5.2069869E+001, 5.1587790E+001, 1.6964641E+002, 1.7226753E+002, 1.7189772E+002, 1.6925993E+002, 1.6396030E+002, 1.4193488E+002, 1.0987443E+002, 8.5547162E+001, 6.6993521E+001, 6.0657942E+001, 4.9729113E+001, 2.7737493E+002, 2.2241287E+002, 2.7666282E+002, 2.1896293E+002, 2.8134427E+002, 2.2058055E+002, 2.7704963E+002, 2.1876423E+002, 2.2497875E+002, 2.0509202E+002, 1.9067998E+002, 1.6268274E+002, 1.3440724E+002, 1.1939631E+002, 3.3439797E+002
 4.6400498E+003, 1.6720542E+002, 1.6662704E+002, 1.6683308E+002, 1.6677525E+002, 1.6645045E+002, 1.6615811E+002, 1.6608159E+002, 1.6630896E+002, 1.6727253E+002, 1.6699032E+002, 1.6629063E+002, 1.6742662E+002, 1.6699810E+002, 1.6731665E+002, 1.6738184E+002, 1.6682501E+002, 1.6600806E+002, 1.6681733E+002, 1.6793360E+002, 1.6699800E+002, 1.6675227E+002, 1.6640896E+002, 1.6597916E+002, 1.6598163E+002, 1.6748010E+002, 1.6687500E+002, 1.6627222E+002, 1.6595812E+002, 1.6602503E+002, 1.5737319E+002, 1.5687378E+002, 1.5718734E+002, 1.5841992E+002, 1.5881167E+002, 1.5622581E+002, 1.5771685E+002, 1.5567541E+002, 1.5559617E+002, 1.5708461E+002, 1.5531482E+002, 1.5522885E+002, 1.5686376E+002, 1.5717742E+002, 1.5546095E+002, 1.5536834E+002, 1.5398117E+002, 1.5622521E+002, 1.5813108E+002, 1.5707437E+002, 1.5867170E+002, 1.5873006E+002, 1.5836018E+002, 1.6006226E+002, 1.6034050E+002, 1.5870038E+002, 1.5917853E+002, 1.6022719E+002, 1.6056128E+002, 1.2932852E+002, 1.1187739E+002, 1.1112327E+002, 1.1427719E+002, 1.1354080E+002, 1.2768419E+002, 1.4422599E+002, 1.3963902E+002, 1.3911049E+002, 1.2500312E+002, 1.0739268E+002, 1.5405113E+002, 1.6488229E+002, 1.6471949E+002, 1.6027577E+002, 1.3898403E+002, 1.1373071E+002, 1.4646232E+002, 1.5683746E+002, 1.4445041E+002, 1.3568847E+002, 1.2163653E+002, 1.1241621E+002, 1.1268189E+002, 1.3853062E+002, 1.1389097E+002, 1.0687466E+002, 1.1042567E+002, 1.1403407E+002, 1.6670018E+002, 1.6797301E+002, 1.6575700E+002, 1.6319497E+002, 1.5452784E+002, 1.3455650E+002, 1.0411094E+002, 7.5544168E+001, 6.0356264E+001, 5.6856584E+001, 5.4706325E+001, 5.1319358E+001, 4.8717433E+001, 1.6575966E+002, 1.6566431E+002, 1.6160369E+002, 1.5897150E+002, 1.5488361E+002, 1.4155761E+002, 1.0155287E+002, 7.5586114E+001, 6.6550858E+001, 6.1510947E+001, 5.4766154E+001, 4.9002881E+001, 4.3331260E+001, 1.4570426E+002, 1.4806856E+002, 1.4988149E+002, 1.5040178E+002, 1.4986685E+002, 1.4688188E+002, 1.0352343E+002, 5.5165422E+001, 5.4242418E+001, 5.3894691E+001, 5.3181817E+001, 1.6590664E+002, 1.6757307E+002, 1.6740674E+002, 1.6580048E+002, 1.5978993E+002, 1.3439019E+002, 9.9844322E+001, 8.2087246E+001, 6.9338956E+001, 6.2110144E+001, 5.5475231E+001, 2.6537126E+002, 2.1501430E+002, 2.6478219E+002, 2.1196663E+002, 2.6876817E+002, 2.1326669E+002, 2.6500842E+002, 2.1152850E+002, 2.1110796E+002, 1.9634257E+002, 1.7450868E+002, 1.5005247E+002, 1.2809351E+002, 1.0899093E+002, 3.1531146E+002
 4.6600905E+003, 1.6182430E+002, 1.6221356E+002, 1.6346547E+002, 1.6431421E+002, 1.6410142E+002, 1.6158999E+002, 1.6110061E+002, 1.6215412E+002, 1.6416970E+002, 1.6430853E+002, 1.6416169E+002, 1.6276703E+002, 1.6268662E+002, 1.6288372E+002, 1.6310990E+002, 1.6317284E+002, 1.6314217E+002, 1.6343618E+002, 1.6403713E+002, 1.6430528E+002, 1.6413103E+002, 1.6339116E+002, 1.6264424E+002, 1.6314315E+002, 1.6441929E+002, 1.6442813E+002, 1.6383668E+002, 1.6355353E+002, 1.6331449E+002, 1.5325423E+002, 1.5368747E+002, 1.5541475E+002, 1.5649960E+002, 1.5571357E+002, 1.5216742E+002, 1.5208344E+002, 1.5115856E+002, 1.5205097E+002, 1.5073782E+002, 1.4735976E+002, 1.5140507E+002, 1.5129342E+002, 1.5133670E+002, 1.5087442E+002, 1.4978928E+002, 1.4763360E+002, 1.5288454E+002, 1.5444535E+002, 1.5341179E+002, 1.5403602E+002, 1.5359964E+002, 1.5260850E+002, 1.5410834E+002, 1.5581199E+002, 1.5517804E+002, 1.5478282E+002, 1.5442231E+002, 1.5423949E+002, 1.2615980E+002, 1.0806881E+002, 1.0629412E+002, 1.0965128E+002, 1.1240827E+002, 1.2117187E+002, 1.3958502E+002, 1.2941834E+002, 1.3106459E+002, 1.1956567E+002, 1.0784635E+002, 1.4416397E+002, 1.5782451E+002, 1.5748341E+002, 1.5515723E+002, 1.3593302E+002, 1.1013851E+002, 1.4290386E+002, 1.5858101E+002, 1.3748440E+002, 1.3062089E+002, 1.1234821E+002, 1.0608892E+002, 1.0901339E+002, 1.3692562E+002, 1.0679420E+002, 1.0195990E+002, 1.0593590E+002, 1.1247731E+002, 1.6392859E+002, 1.6445739E+002, 1.6238495E+002, 1.5760161E+002, 1.5122983E+002, 1.3313044E+002, 9.6569558E+001, 7.0387116E+001, 6.3014987E+001, 5.7399365E+001, 5.4457210E+001, 5.1678293E+001, 4.8044021E+001, 1.6006480E+002, 1.5980030E+002, 1.5745792E+002, 1.5516168E+002, 1.4812826E+002, 1.3311963E+002, 9.7637242E+001, 7.2847147E+001, 6.7038085E+001, 6.0626681E+001, 5.5694403E+001, 5.2310293E+001, 4.2012736E+001, 1.4184089E+002, 1.4384828E+002, 1.4540446E+002, 1.4591376E+002, 1.4552697E+002, 1.4426528E+002, 1.3241839E+002, 5.6470945E+001, 5.3971845E+001, 5.2495529E+001, 5.1622252E+001, 1.6289181E+002, 1.6519572E+002, 1.6462294E+002, 1.6325284E+002, 1.5288493E+002, 1.3386072E+002, 1.0008420E+002, 7.7428362E+001, 6.7015942E+001, 6.1868246E+001, 5.2938450E+001, 2.5399824E+002, 2.0784826E+002, 2.5346904E+002, 2.0500998E+002, 2.5703034E+002, 2.0609668E+002, 2.5356625E+002, 2.0441808E+002, 1.9788240E+002, 1.7673028E+002, 1.6354470E+002, 1.4416415E+002, 1.2708428E+002, 1.1401240E+002, 2.9850332E+002
 4.6800151E+003, 1.5874240E+002, 1.6005843E+002, 1.6063465E+002, 1.6128093E+002, 1.6169665E+002, 1.5868078E+002, 1.5763467E+002, 1.5778464E+002, 1.5860339E+002, 1.5980984E+002, 1.6060204E+002, 1.5768873E+002, 1.5715177E+002, 1.5752093E+002, 1.5802445E+002, 1.5845959E+002, 1.5885830E+002, 1.5837342E+002, 1.5678603E+002, 1.5720938E+002, 1.5792219E+002, 1.5840900E+002, 1.5872869E+002, 1.5914828E+002, 1.5922099E+002, 1.5921110E+002, 1.5943197E+002, 1.5979522E+002, 1.5997352E+002, 1.5338166E+002, 1.5115032E+002, 1.5078563E+002, 1.5291667E+002, 1.5366662E+002, 1.5005923E+002, 1.4916679E+002, 1.4782101E+002, 1.5021053E+002, 1.5203867E+002, 1.4992188E+002, 1.4819592E+002, 1.4414266E+002, 1.4573085E+002, 1.4924914E+002, 1.4533521E+002, 1.4202311E+002, 1.4819159E+002, 1.4461473E+002, 1.4467263E+002, 1.4810508E+002, 1.4938217E+002, 1.4749576E+002, 1.4980304E+002, 1.4861041E+002, 1.4731808E+002, 1.4867536E+002, 1.4969119E+002, 1.4975528E+002, 1.2241219E+002, 1.0380284E+002, 1.0257372E+002, 1.0290962E+002, 1.0188453E+002, 1.1721868E+002, 1.3663091E+002, 1.2606171E+002, 1.2007179E+002, 1.0484856E+002, 9.7378398E+001, 1.3943916E+002, 1.4906626E+002, 1.4652839E+002, 1.4756848E+002, 1.3249181E+002, 1.0797189E+002, 1.3941748E+002, 1.5306710E+002, 1.3353141E+002, 1.2519378E+002, 1.0951004E+002, 1.0364280E+002, 1.0561585E+002, 1.3645451E+002, 1.0324768E+002, 9.8180771E+001, 1.0966202E+002, 1.1023802E+002, 1.5998274E+002, 1.6016969E+002, 1.5693605E+002, 1.5076880E+002, 1.4905701E+002, 1.3198051E+002, 9.3706411E+001, 6.9981093E+001, 6.3397465E+001, 5.8266438E+001, 5.5595643E+001, 5.1138421E+001, 4.6521373E+001, 1.5644793E+002, 1.5684594E+002, 1.5509802E+002, 1.5250287E+002, 1.4452368E+002, 1.2566985E+002, 9.4195913E+001, 7.0747800E+001, 6.6198638E+001, 5.8513837E+001, 5.3713768E+001, 4.8205966E+001, 4.2000125E+001, 1.4234741E+002, 1.4306979E+002, 1.4349652E+002, 1.4356777E+002, 1.4304061E+002, 1.4140870E+002, 1.0679779E+002, 5.7918678E+001, 5.2011070E+001, 5.1234035E+001, 5.0535329E+001, 1.5957056E+002, 1.6138144E+002, 1.6099607E+002, 1.5655757E+002, 1.4818740E+002, 1.2533334E+002, 9.1203219E+001, 7.0343956E+001, 6.3208204E+001, 5.8759436E+001, 5.1572471E+001, 2.4329445E+002, 2.0090073E+002, 2.4275869E+002, 1.9830408E+002, 2.4611923E+002, 1.9928428E+002, 2.4269955E+002, 1.9747347E+002, 1.8913749E+002, 1.6846739E+002, 1.5471968E+002, 1.3474546E+002, 1.1733175E+002, 1.0295168E+002, 2.8350548E+002
 4.7001462E+003, 1.5490197E+002, 1.5539532E+002, 1.5595322E+002, 1.5642944E+002, 1.5695767E+002, 1.5515983E+002, 1.5494427E+002, 1.5511395E+002, 1.5534779E+002, 1.5611521E+002, 1.5698167E+002, 1.5487078E+002, 1.5451215E+002, 1.5466882E+002, 1.5539386E+002, 1.5636776E+002, 1.5642294E+002, 1.5567542E+002, 1.5484200E+002, 1.5502866E+002, 1.5513861E+002, 1.5516542E+002, 1.5528550E+002, 1.5513927E+002, 1.5537800E+002, 1.5504005E+002, 1.5486997E+002, 1.5518110E+002, 1.5577749E+002, 1.4346771E+002, 1.4352664E+002, 1.4547459E+002, 1.4847442E+002, 1.5011858E+002, 1.4209362E+002, 1.4305619E+002, 1.4094895E+002, 1.4354008E+002, 1.4704260E+002, 1.4563175E+002, 1.4059881E+002, 1.4194800E+002, 1.4097748E+002, 1.4116930E+002, 1.4148410E+002, 1.3753248E+002, 1.4238936E+002, 1.4564386E+002, 1.4406761E+002, 1.4535242E+002, 1.4757737E+002, 1.4618416E+002, 1.4741979E+002, 1.4525560E+002, 1.4230865E+002, 1.4321446E+002, 1.4437253E+002, 1.4458103E+002, 1.2013400E+002, 9.7871360E+001, 9.5905488E+001, 9.7354247E+001, 9.7712130E+001, 1.1530029E+002, 1.4165093E+002, 1.1846363E+002, 1.2077563E+002, 1.0823346E+002, 9.8377540E+001, 1.3792675E+002, 1.3869934E+002, 1.4581815E+002, 1.4336893E+002, 1.2591896E+002, 1.0506909E+002, 1.2780116E+002, 1.2770910E+002, 1.1901172E+002, 1.1792990E+002, 1.1056274E+002, 1.0275298E+002, 1.0603807E+002, 1.2082131E+002, 1.0444669E+002, 1.0089307E+002, 1.0432818E+002, 1.0383442E+002, 1.5508089E+002, 1.5566148E+002, 1.5272470E+002, 1.4854963E+002, 1.4326947E+002, 1.2554919E+002, 9.2022339E+001, 6.9294529E+001, 6.1786977E+001, 5.7037996E+001, 5.2162689E+001, 5.0315112E+001, 4.6211803E+001, 1.5345456E+002, 1.5417599E+002, 1.5204768E+002, 1.4855045E+002, 1.4034164E+002, 1.2223113E+002, 9.1560108E+001, 6.9452836E+001, 6.3943016E+001, 5.8505307E+001, 5.2655823E+001, 5.0266782E+001, 4.3288632E+001, 1.4034582E+002, 1.4132912E+002, 1.4178324E+002, 1.4137077E+002, 1.4038396E+002, 1.3827511E+002, 9.1574991E+001, 5.6696824E+001, 5.3145434E+001, 5.2637400E+001, 5.2142528E+001, 1.5659244E+002, 1.5781443E+002, 1.5740992E+002, 1.5061703E+002, 1.4456086E+002, 1.2025276E+002, 9.2639454E+001, 6.7516029E+001, 6.0273857E+001, 5.5588257E+001, 5.0369885E+001, 2.3333318E+002, 1.9426361E+002, 2.3280181E+002, 1.9187279E+002, 2.3569965E+002, 1.9271589E+002, 2.3273091E+002, 1.9103358E+002, 1.8390530E+002, 1.6521501E+002, 1.4873139E+002, 1.3247282E+002, 1.1735485E+002, 1.0001299E+002, 2.6993598E+002
 4.7200157E+003, 1.5233643E+002, 1.5237478E+002, 1.5257631E+002, 1.5294072E+002, 1.5327643E+002, 1.5204048E+002, 1.5171739E+002, 1.5193507E+002, 1.5216276E+002, 1.5238716E+002, 1.5282603E+002, 1.5178885E+002, 1.5140262E+002, 1.5148354E+002, 1.5162229E+002, 1.5199604E+002, 1.5237178E+002, 1.5181285E+002, 1.5122733E+002, 1.5141350E+002, 1.5164559E+002, 1.5188371E+002, 1.5186720E+002, 1.5126688E+002, 1.5119771E+002, 1.5124643E+002, 1.5104579E+002, 1.5057419E+002, 1.5045336E+002, 1.3639325E+002, 1.4020620E+002, 1.4211917E+002, 1.4241658E+002, 1.4362172E+002, 1.3622757E+002, 1.3499033E+002, 1.3802246E+002, 1.3927303E+002, 1.3887401E+002, 1.3383887E+002, 1.3806292E+002, 1.3380730E+002, 1.3716289E+002, 1.4097712E+002, 1.3782432E+002, 1.3377362E+002, 1.4018836E+002, 1.3908292E+002, 1.4033621E+002, 1.4111329E+002, 1.4084412E+002, 1.4107716E+002, 1.4164102E+002, 1.4496584E+002, 1.4367473E+002, 1.4135506E+002, 1.4075093E+002, 1.4159241E+002, 1.1396689E+002, 9.6441855E+001, 9.3733177E+001, 9.5744019E+001, 9.4046286E+001, 1.0720976E+002, 1.4093441E+002, 1.1885139E+002, 1.1995469E+002, 1.0907467E+002, 9.5404988E+001, 1.3393624E+002, 1.3950242E+002, 1.4130977E+002, 1.3631449E+002, 1.1666510E+002, 9.7684918E+001, 1.2640699E+002, 1.2754367E+002, 1.1611945E+002, 1.1812177E+002, 1.0492403E+002, 9.5112728E+001, 9.6310689E+001, 1.1595581E+002, 9.9386633E+001, 9.7237193E+001, 9.6610483E+001, 9.7415278E+001, 1.5124660E+002, 1.5198260E+002, 1.4988326E+002, 1.4631013E+002, 1.3687317E+002, 1.2222680E+002, 8.7449890E+001, 6.9304027E+001, 5.8998084E+001, 5.6492668E+001, 5.2769516E+001, 4.8567958E+001, 4.4455341E+001, 1.5117427E+002, 1.5200924E+002, 1.4817728E+002, 1.4457228E+002, 1.3681319E+002, 1.1691344E+002, 8.6849739E+001, 7.1333371E+001, 6.5409140E+001, 5.9258878E+001, 5.2411904E+001, 4.9877585E+001, 3.9133416E+001, 1.3673149E+002, 1.3767672E+002, 1.3820139E+002, 1.3830478E+002, 1.3772151E+002, 1.3547992E+002, 9.5150914E+001, 5.7022100E+001, 5.3780812E+001, 5.2073216E+001, 5.0511804E+001, 1.5322366E+002, 1.5427181E+002, 1.5366310E+002, 1.4866195E+002, 1.4156284E+002, 1.1838485E+002, 9.1115454E+001, 6.5337989E+001, 5.7397382E+001, 5.6057335E+001, 5.1050181E+001, 2.2408907E+002, 1.8810105E+002, 2.2366316E+002, 1.8582447E+002, 2.2633987E+002, 1.8640941E+002, 2.2343500E+002, 1.8484807E+002, 1.7100388E+002, 1.5687700E+002, 1.4260022E+002, 1.2340200E+002, 1.1150799E+002, 9.5460571E+001, 2.5787678E+002
 4.7400916E+003, 1.5014663E+002, 1.5006973E+002, 1.4990579E+002, 1.4990750E+002, 1.4997706E+002, 1.5010004E+002, 1.5013950E+002, 1.5003435E+002, 1.4985739E+002, 1.4964495E+002, 1.4944584E+002, 1.4966072E+002, 1.4941033E+002, 1.4923971E+002, 1.4912468E+002, 1.4903601E+002, 1.4906499E+002, 1.4896917E+002, 1.4911093E+002, 1.4901904E+002, 1.4889257E+002, 1.4877397E+002, 1.4868719E+002, 1.4826829E+002, 1.4839578E+002, 1.4824151E+002, 1.4800554E+002, 1.4770055E+002, 1.4693043E+002, 1.3226668E+002, 1.3337522E+002, 1.4019147E+002, 1.4245391E+002, 1.4078171E+002, 1.2976960E+002, 1.2861490E+002, 1.3155716E+002, 1.3756872E+002, 1.3853596E+002, 1.2959287E+002, 1.3409263E+002, 1.3288839E+002, 1.3237224E+002, 1.3645922E+002, 1.3472661E+002, 1.2698888E+002, 1.3721346E+002, 1.3409352E+002, 1.3243563E+002, 1.3503497E+002, 1.3457678E+002, 1.3370540E+002, 1.3548507E+002, 1.3844309E+002, 1.3617244E+002, 1.3622208E+002, 1.3607747E+002, 1.3638249E+002, 1.1397042E+002, 9.3723173E+001, 8.5467244E+001, 8.6863801E+001, 9.1146942E+001, 1.0704417E+002, 1.3284191E+002, 1.1422942E+002, 1.0998702E+002, 9.8299136E+001, 8.8159219E+001, 1.2880578E+002, 1.3038065E+002, 1.3245400E+002, 1.2766369E+002, 1.1051017E+002, 9.2548475E+001, 1.1629362E+002, 1.1984775E+002, 1.1328916E+002, 1.1407954E+002, 1.0346324E+002, 9.1395981E+001, 9.2882437E+001, 1.0896649E+002, 9.4750664E+001, 8.9283735E+001, 9.1132186E+001, 9.5143860E+001, 1.4751734E+002, 1.4870107E+002, 1.4686424E+002, 1.4341048E+002, 1.2923698E+002, 1.1710850E+002, 8.2348478E+001, 6.9429690E+001, 5.7279769E+001, 5.5356530E+001, 5.3013330E+001, 4.8982926E+001, 4.4979627E+001, 1.4814217E+002, 1.4817000E+002, 1.4515440E+002, 1.4263308E+002, 1.3475220E+002, 1.1356883E+002, 8.4486354E+001, 6.9593601E+001, 6.3174703E+001, 5.6672001E+001, 5.2714990E+001, 4.9570966E+001, 4.0564694E+001, 1.3409481E+002, 1.3531299E+002, 1.3625015E+002, 1.3693401E+002, 1.3653713E+002, 1.3209714E+002, 8.5658004E+001, 5.4709260E+001, 5.1961189E+001, 5.1319213E+001, 5.0794727E+001, 1.5037907E+002, 1.5145761E+002, 1.5062088E+002, 1.4632021E+002, 1.3470158E+002, 1.1363475E+002, 9.0072892E+001, 7.2970088E+001, 6.1200631E+001, 5.8191512E+001, 5.1923849E+001, 2.1567495E+002, 1.8211301E+002, 2.1520978E+002, 1.8001001E+002, 2.1759236E+002, 1.8040486E+002, 2.1490742E+002, 1.7904046E+002, 1.6383375E+002, 1.5186406E+002, 1.3687875E+002, 1.1867515E+002, 1.0272394E+002, 1.0024453E+002, 2.4694439E+002
 4.7601210E+003, 1.4760843E+002, 1.4740190E+002, 1.4699548E+002, 1.4682950E+002, 1.4685500E+002, 1.4755479E+002, 1.4711297E+002, 1.4745244E+002, 1.4744395E+002, 1.4732285E+002, 1.4715649E+002, 1.4719982E+002, 1.4697954E+002, 1.4691328E+002, 1.4672595E+002, 1.4661191E+002, 1.4662337E+002, 1.4684370E+002, 1.4714084E+002, 1.4712417E+002, 1.4698539E+002, 1.4679172E+002, 1.4671568E+002, 1.4639929E+002, 1.4653680E+002, 1.4652888E+002, 1.4634973E+002, 1.4599970E+002, 1.4560082E+002, 1.2747604E+002, 1.2943331E+002, 1.3619032E+002, 1.3944192E+002, 1.3750271E+002, 1.2611754E+002, 1.2607589E+002, 1.2685177E+002, 1.3157535E+002, 1.3130747E+002, 1.2729560E+002, 1.2760832E+002, 1.2839016E+002, 1.2793571E+002, 1.3020241E+002, 1.3012385E+002, 1.2747161E+002, 1.3162387E+002, 1.3486565E+002, 1.3285624E+002, 1.3171199E+002, 1.3166911E+002, 1.3078036E+002, 1.3199630E+002, 1.3633055E+002, 1.3474705E+002, 1.3293255E+002, 1.3259957E+002, 1.3296600E+002, 1.1520696E+002, 9.1783723E+001, 8.3964999E+001, 8.6728804E+001, 8.9856208E+001, 1.0275401E+002, 1.2911056E+002, 1.1424831E+002, 1.0534585E+002, 9.3821873E+001, 8.7038417E+001, 1.2329967E+002, 1.3110385E+002, 1.2821383E+002, 1.2648509E+002, 1.1275856E+002, 9.4334796E+001, 1.1530265E+002, 1.2141192E+002, 1.1328095E+002, 1.0507627E+002, 9.6243246E+001, 8.8717981E+001, 9.0714491E+001, 1.0827366E+002, 9.4012216E+001, 8.7926965E+001, 8.9127111E+001, 8.8908834E+001, 1.4391220E+002, 1.4553821E+002, 1.4406012E+002, 1.4104990E+002, 1.2869835E+002, 1.1445772E+002, 8.1455931E+001, 6.8012056E+001, 5.7577777E+001, 5.4372514E+001, 5.2780516E+001, 5.0401780E+001, 4.4872135E+001, 1.4574864E+002, 1.4406883E+002, 1.4191545E+002, 1.4029046E+002, 1.3384101E+002, 1.1060640E+002, 7.9894724E+001, 6.9238817E+001, 6.2334151E+001, 5.5439810E+001, 5.1888092E+001, 4.9228082E+001, 4.0145599E+001, 1.2996756E+002, 1.3080101E+002, 1.3179569E+002, 1.3220152E+002, 1.3212794E+002, 1.2758638E+002, 8.3265333E+001, 5.4485692E+001, 5.3057417E+001, 5.2176821E+001, 5.1418143E+001, 1.4732934E+002, 1.4789180E+002, 1.4758271E+002, 1.4317585E+002, 1.2729432E+002, 1.0985296E+002, 8.3729441E+001, 7.6189658E+001, 6.3477075E+001, 5.8273802E+001, 5.4355580E+001, 2.0773976E+002, 1.7636229E+002, 2.0724214E+002, 1.7451376E+002, 2.0942369E+002, 1.7477071E+002, 2.0692263E+002, 1.7351272E+002, 1.5563640E+002, 1.4152312E+002, 1.2422965E+002, 1.1428867E+002, 1.0219346E+002, 9.3441500E+001, 2.3691054E+002
 4.7800412E+003, 1.4328144E+002, 1.4384273E+002, 1.4349047E+002, 1.4267501E+002, 1.4348910E+002, 1.4363861E+002, 1.4372933E+002, 1.4408780E+002, 1.4456767E+002, 1.4384885E+002, 1.4368045E+002, 1.4455174E+002, 1.4455215E+002, 1.4470205E+002, 1.4487305E+002, 1.4487451E+002, 1.4427594E+002, 1.4489484E+002, 1.4429644E+002, 1.4439317E+002, 1.4461047E+002, 1.4483511E+002, 1.4486715E+002, 1.4458184E+002, 1.4392261E+002, 1.4395733E+002, 1.4404077E+002, 1.4415553E+002, 1.4422479E+002, 1.2910935E+002, 1.2692262E+002, 1.2833144E+002, 1.3152118E+002, 1.3372316E+002, 1.2539482E+002, 1.2610255E+002, 1.2390067E+002, 1.2511155E+002, 1.2877794E+002, 1.2793842E+002, 1.2409570E+002, 1.2650903E+002, 1.2389754E+002, 1.2413581E+002, 1.2309792E+002, 1.2115431E+002, 1.2493983E+002, 1.2628597E+002, 1.2480771E+002, 1.2410657E+002, 1.2484648E+002, 1.2446221E+002, 1.2649808E+002, 1.2878703E+002, 1.2770396E+002, 1.2817572E+002, 1.2842205E+002, 1.2862525E+002, 1.0019321E+002, 8.7467181E+001, 8.4560239E+001, 9.0728617E+001, 9.0865134E+001, 9.9401916E+001, 1.1143719E+002, 1.0330686E+002, 1.0331435E+002, 9.7117201E+001, 9.0845889E+001, 1.1737863E+002, 1.2068948E+002, 1.2330727E+002, 1.1639700E+002, 1.0258689E+002, 9.0749457E+001, 1.1013959E+002, 1.2343792E+002, 1.0854008E+002, 1.0708658E+002, 9.6317229E+001, 8.5061652E+001, 8.6552781E+001, 1.1159752E+002, 9.1252992E+001, 8.5524838E+001, 8.6816099E+001, 8.5594705E+001, 1.4129897E+002, 1.4266984E+002, 1.4161648E+002, 1.3796695E+002, 1.2711882E+002, 1.1047194E+002, 8.0515047E+001, 6.6292879E+001, 5.5978331E+001, 5.4301872E+001, 5.2713191E+001, 5.0790089E+001, 4.3434208E+001, 1.4288558E+002, 1.4145442E+002, 1.3893625E+002, 1.3782900E+002, 1.3120932E+002, 1.0790377E+002, 7.8472995E+001, 6.8309171E+001, 6.1356561E+001, 5.4545055E+001, 5.1043880E+001, 4.8734244E+001, 3.8135870E+001, 1.2887135E+002, 1.3034293E+002, 1.3133191E+002, 1.3122823E+002, 1.2964193E+002, 1.2587535E+002, 7.9365642E+001, 5.5195560E+001, 5.2795818E+001, 5.1750260E+001, 5.1241015E+001, 1.4416316E+002, 1.4524377E+002, 1.4404656E+002, 1.3700263E+002, 1.2648001E+002, 1.1478834E+002, 8.2927466E+001, 6.8211438E+001, 5.9302149E+001, 5.3324882E+001, 4.6018932E+001, 2.0037958E+002, 1.7104019E+002, 1.9986962E+002, 1.6930592E+002, 2.0203034E+002, 1.6949972E+002, 1.9950274E+002, 1.6833929E+002, 1.5067442E+002, 1.3738817E+002, 1.2261054E+002, 1.1309575E+002, 9.4999560E+001, 9.5717587E+001, 2.2767695E+002
 4.8000376E+003, 1.4046845E+002, 1.4028659E+002, 1.4101667E+002, 1.4169865E+002, 1.4209162E+002, 1.4114389E+002, 1.4230048E+002, 1.4200427E+002, 1.4185206E+002, 1.4170036E+002, 1.4234983E+002, 1.4261551E+002, 1.4183937E+002, 1.4246161E+002, 1.4279943E+002, 1.4247908E+002, 1.4226639E+002, 1.4269208E+002, 1.4126550E+002, 1.4166232E+002, 1.4206197E+002, 1.4243185E+002, 1.4254972E+002, 1.4215876E+002, 1.4116884E+002, 1.4129879E+002, 1.4144272E+002, 1.4162605E+002, 1.4180206E+002, 1.3023908E+002, 1.2925063E+002, 1.2888228E+002, 1.2928476E+002, 1.2987398E+002, 1.2977619E+002, 1.3050211E+002, 1.2959245E+002, 1.2905538E+002, 1.2788521E+002, 1.2487601E+002, 1.2842320E+002, 1.2620475E+002, 1.2605627E+002, 1.2549425E+002, 1.2147213E+002, 1.2038777E+002, 1.2594625E+002, 1.2104306E+002, 1.1996828E+002, 1.2438696E+002, 1.2804780E+002, 1.2897762E+002, 1.3026750E+002, 1.2273641E+002, 1.1862538E+002, 1.2259319E+002, 1.2853045E+002, 1.3019597E+002, 9.8395980E+001, 8.4247134E+001, 8.1266737E+001, 8.5793460E+001, 9.0955219E+001, 9.5025234E+001, 1.1180134E+002, 1.0211763E+002, 1.0478704E+002, 1.0066914E+002, 9.1006311E+001, 1.1468280E+002, 1.2116300E+002, 1.1902395E+002, 1.1552253E+002, 9.9124002E+001, 8.7509471E+001, 1.1121239E+002, 1.2644623E+002, 1.0781988E+002, 1.0716615E+002, 9.8436254E+001, 8.6911336E+001, 8.7611184E+001, 1.1168862E+002, 8.7564125E+001, 8.4554322E+001, 9.0353613E+001, 8.6951466E+001, 1.3871871E+002, 1.3984990E+002, 1.3704636E+002, 1.3307176E+002, 1.2385117E+002, 1.0854535E+002, 7.9555565E+001, 6.6524894E+001, 5.5900742E+001, 5.2737426E+001, 5.0995380E+001, 4.9516199E+001, 4.4697137E+001, 1.4010061E+002, 1.4004561E+002, 1.3701834E+002, 1.3278396E+002, 1.2595238E+002, 1.0425148E+002, 7.9927570E+001, 6.8068943E+001, 6.1369127E+001, 5.6252258E+001, 5.1115467E+001, 4.8329648E+001, 4.0022730E+001, 1.2640607E+002, 1.2853632E+002, 1.2901939E+002, 1.2866281E+002, 1.2662522E+002, 1.0495469E+002, 7.5850257E+001, 5.3325993E+001, 5.1919173E+001, 5.0860817E+001, 5.0098545E+001, 1.4169815E+002, 1.4279646E+002, 1.4040248E+002, 1.3181272E+002, 1.2510066E+002, 1.0654533E+002, 8.0776114E+001, 6.8010511E+001, 5.9652283E+001, 5.4711446E+001, 4.7362389E+001, 1.9350248E+002, 1.6602969E+002, 1.9300292E+002, 1.6442838E+002, 1.9507458E+002, 1.6443146E+002, 1.9265070E+002, 1.6340922E+002, 1.4414932E+002, 1.3020122E+002, 1.1631539E+002, 1.0622842E+002, 9.5082027E+001, 9.5097375E+001, 2.1924930E+002
 4.8201491E+003, 1.3854401E+002, 1.3839594E+002, 1.3861587E+002, 1.3876193E+002, 1.3877306E+002, 1.3867985E+002, 1.3873266E+002, 1.3909657E+002, 1.3923872E+002, 1.3902454E+002, 1.3908517E+002, 1.3900300E+002, 1.3736670E+002, 1.3782731E+002, 1.3837721E+002, 1.3871365E+002, 1.3884772E+002, 1.3795342E+002, 1.3664639E+002, 1.3676379E+002, 1.3716522E+002, 1.3764766E+002, 1.3818247E+002, 1.3741199E+002, 1.3660124E+002, 1.3667316E+002, 1.3673847E+002, 1.3698526E+002, 1.3772077E+002, 1.2705176E+002, 1.2601609E+002, 1.2602692E+002, 1.2631033E+002, 1.2651691E+002, 1.2547467E+002, 1.2481642E+002, 1.2331843E+002, 1.2338332E+002, 1.2445107E+002, 1.2332805E+002, 1.1911180E+002, 1.1960656E+002, 1.1626305E+002, 1.1811750E+002, 1.2085665E+002, 1.1900175E+002, 1.1986767E+002, 1.2291492E+002, 1.1971284E+002, 1.2038324E+002, 1.2576302E+002, 1.2920836E+002, 1.2909874E+002, 1.2622117E+002, 1.2379855E+002, 1.2401149E+002, 1.2707864E+002, 1.2921962E+002, 9.8439228E+001, 8.1882390E+001, 8.0477424E+001, 8.2710409E+001, 8.9850998E+001, 9.6029712E+001, 1.1118694E+002, 9.9208026E+001, 1.0008852E+002, 9.7163438E+001, 9.1003022E+001, 1.1332896E+002, 1.2192654E+002, 1.1765632E+002, 1.1457860E+002, 1.0402677E+002, 9.0484649E+001, 1.0341009E+002, 1.1164566E+002, 1.0088790E+002, 9.7280862E+001, 8.7404620E+001, 8.1670528E+001, 8.1459990E+001, 1.0015673E+002, 8.5600582E+001, 8.2830950E+001, 8.1991836E+001, 8.1231788E+001, 1.3595335E+002, 1.3749786E+002, 1.3321504E+002, 1.2900226E+002, 1.2199911E+002, 1.0670326E+002, 7.6908168E+001, 6.5046758E+001, 5.5013190E+001, 5.3080143E+001, 5.0995563E+001, 4.8364782E+001, 4.3636286E+001, 1.3756690E+002, 1.3880159E+002, 1.3568401E+002, 1.2892665E+002, 1.2295145E+002, 1.0340227E+002, 7.5649694E+001, 6.5869283E+001, 6.0562612E+001, 5.4810923E+001, 5.0567637E+001, 4.8589050E+001, 3.9501310E+001, 1.2358030E+002, 1.2525525E+002, 1.2604913E+002, 1.2589823E+002, 1.2462187E+002, 1.0052672E+002, 8.7357696E+001, 5.4608603E+001, 5.1346100E+001, 4.9347666E+001, 4.8561586E+001, 1.3860123E+002, 1.3959901E+002, 1.3564235E+002, 1.3129666E+002, 1.2480705E+002, 1.0410579E+002, 7.8383461E+001, 6.9537122E+001, 5.9300645E+001, 5.5859754E+001, 4.8895901E+001, 1.8708598E+002, 1.6120013E+002, 1.8646419E+002, 1.5985108E+002, 1.8867419E+002, 1.5960030E+002, 1.8618236E+002, 1.5850811E+002, 1.4092026E+002, 1.2606670E+002, 1.1195267E+002, 1.0312552E+002, 9.1801473E+001, 8.7044734E+001, 2.1127582E+002
 4.8400936E+003, 1.3584307E+002, 1.3645525E+002, 1.3683377E+002, 1.3696611E+002, 1.3694809E+002, 1.3555183E+002, 1.3549026E+002, 1.3555531E+002, 1.3621825E+002, 1.3631791E+002, 1.3616230E+002, 1.3562947E+002, 1.3463690E+002, 1.3507284E+002, 1.3512465E+002, 1.3506613E+002, 1.3500151E+002, 1.3382391E+002, 1.3278111E+002, 1.3268735E+002, 1.3278814E+002, 1.3328896E+002, 1.3342791E+002, 1.3275678E+002, 1.3169437E+002, 1.3172014E+002, 1.3180745E+002, 1.3152100E+002, 1.3192916E+002, 1.2667686E+002, 1.2448345E+002, 1.2355744E+002, 1.2419585E+002, 1.2471658E+002, 1.2302879E+002, 1.2219492E+002, 1.1725101E+002, 1.1987390E+002, 1.2313514E+002, 1.2417212E+002, 1.1615583E+002, 1.1790868E+002, 1.1356846E+002, 1.1692706E+002, 1.1991068E+002, 1.2001909E+002, 1.1964913E+002, 1.1806144E+002, 1.1535062E+002, 1.1893956E+002, 1.2342382E+002, 1.2469069E+002, 1.2498519E+002, 1.2135663E+002, 1.2004634E+002, 1.2395966E+002, 1.2596506E+002, 1.2599179E+002, 9.6030811E+001, 8.2863874E+001, 8.1379005E+001, 8.5033045E+001, 8.4842426E+001, 8.9953564E+001, 1.0826413E+002, 9.5296508E+001, 9.7946054E+001, 9.3550074E+001, 8.6984175E+001, 1.0623744E+002, 1.1829713E+002, 1.1447767E+002, 1.1006431E+002, 9.5653174E+001, 8.2863525E+001, 1.0043917E+002, 1.1647418E+002, 1.0142029E+002, 9.7187838E+001, 8.7321168E+001, 8.0151694E+001, 8.0656660E+001, 9.7358699E+001, 8.7159531E+001, 8.3010007E+001, 8.0193083E+001, 8.1309303E+001, 1.3398702E+002, 1.3490576E+002, 1.3051543E+002, 1.2650588E+002, 1.1912728E+002, 1.0287677E+002, 7.6278365E+001, 6.3403099E+001, 5.4944911E+001, 5.2583139E+001, 5.1128673E+001, 4.7375863E+001, 4.3978168E+001, 1.3599716E+002, 1.3633096E+002, 1.3347606E+002, 1.2595640E+002, 1.1881058E+002, 1.0149080E+002, 7.6933642E+001, 6.5271796E+001, 5.9173089E+001, 5.1858746E+001, 4.9677419E+001, 4.7678995E+001, 3.6957872E+001, 1.2097365E+002, 1.2234255E+002, 1.2310409E+002, 1.2349512E+002, 1.2294958E+002, 1.1369130E+002, 8.2435468E+001, 5.3018189E+001, 5.0151479E+001, 4.8646620E+001, 4.7968282E+001, 1.3573957E+002, 1.3644393E+002, 1.3233297E+002, 1.2974992E+002, 1.2098829E+002, 1.0262050E+002, 7.8436612E+001, 6.9180608E+001, 5.9471072E+001, 5.7333516E+001, 5.3239867E+001, 1.8105741E+002, 1.5664935E+002, 1.8040240E+002, 1.5558231E+002, 1.8262975E+002, 1.5509437E+002, 1.8016728E+002, 1.5404852E+002, 1.3346249E+002, 1.2277819E+002, 1.0876741E+002, 1.0001441E+002, 8.7822803E+001, 8.6838229E+001, 2.0401676E+002
 4.8600245E+003, 1.3226015E+002, 1.3246898E+002, 1.3320472E+002, 1.3404464E+002, 1.3428995E+002, 1.3243218E+002, 1.3308116E+002, 1.3284449E+002, 1.3300379E+002, 1.3345966E+002, 1.3371234E+002, 1.3265611E+002, 1.3209752E+002, 1.3175836E+002, 1.3209987E+002, 1.3236583E+002, 1.3220317E+002, 1.3119762E+002, 1.3072055E+002, 1.3078933E+002, 1.3087790E+002, 1.3088655E+002, 1.3134474E+002, 1.3088913E+002, 1.3059364E+002, 1.3081674E+002, 1.3086743E+002, 1.3039293E+002, 1.3050225E+002, 1.2505590E+002, 1.2400948E+002, 1.2315721E+002, 1.2388854E+002, 1.2482497E+002, 1.2372405E+002, 1.2140848E+002, 1.2088903E+002, 1.2243340E+002, 1.2445939E+002, 1.2302733E+002, 1.2044433E+002, 1.1425959E+002, 1.1559959E+002, 1.2190116E+002, 1.2070026E+002, 1.1333482E+002, 1.2220533E+002, 1.1490696E+002, 1.1600508E+002, 1.2018444E+002, 1.2342390E+002, 1.2356526E+002, 1.2387115E+002, 1.1787023E+002, 1.1840613E+002, 1.2076972E+002, 1.2351834E+002, 1.2270000E+002, 9.3607577E+001, 8.0854727E+001, 8.0014580E+001, 8.0378079E+001, 8.1079422E+001, 9.0554169E+001, 1.0242781E+002, 9.2002323E+001, 9.5156086E+001, 9.1709335E+001, 8.4352725E+001, 1.0556951E+002, 1.1096419E+002, 1.1169638E+002, 1.0869389E+002, 9.9266975E+001, 8.7276991E+001, 9.9345781E+001, 1.0836640E+002, 9.5317736E+001, 9.2926510E+001, 8.5131803E+001, 7.8245081E+001, 7.9467560E+001, 9.5971943E+001, 8.2258315E+001, 7.9706545E+001, 8.0177292E+001, 7.8779184E+001, 1.3266693E+002, 1.3258461E+002, 1.2847230E+002, 1.2510943E+002, 1.1963885E+002, 9.9913861E+001, 7.6225423E+001, 6.3680717E+001, 5.5828683E+001, 5.1753141E+001, 5.0848963E+001, 4.7825231E+001, 4.4623483E+001, 1.3309090E+002, 1.3387779E+002, 1.3077124E+002, 1.2464397E+002, 1.1698470E+002, 9.7225489E+001, 7.5735888E+001, 6.4362483E+001, 5.9974654E+001, 5.1126516E+001, 4.9237757E+001, 4.6881229E+001, 3.9818855E+001, 1.1817783E+002, 1.1987703E+002, 1.2120225E+002, 1.2154242E+002, 1.2104902E+002, 1.0960896E+002, 8.1461309E+001, 5.1006387E+001, 4.8705775E+001, 4.7722282E+001, 4.7090761E+001, 1.3294910E+002, 1.3378475E+002, 1.3119471E+002, 1.2789511E+002, 1.1721315E+002, 1.0070303E+002, 7.2369163E+001, 6.2051060E+001, 5.8548309E+001, 5.5340823E+001, 4.8324576E+001, 1.7549282E+002, 1.5253837E+002, 1.7474386E+002, 1.5145071E+002, 1.7700126E+002, 1.5088364E+002, 1.7457096E+002, 1.4996908E+002, 1.2996053E+002, 1.1782181E+002, 1.0842045E+002, 9.8708767E+001, 8.6209191E+001, 8.7848483E+001, 1.9728976E+002
 4.8801769E+003, 1.2915354E+002, 1.2935696E+002, 1.2956655E+002, 1.2979471E+002, 1.3020963E+002, 1.2961754E+002, 1.3006453E+002, 1.2940193E+002, 1.2935387E+002, 1.2984836E+002, 1.3043290E+002, 1.2923165E+002, 1.2926777E+002, 1.2915675E+002, 1.2915559E+002, 1.2950278E+002, 1.2957272E+002, 1.2914108E+002, 1.2906384E+002, 1.2912289E+002, 1.2912705E+002, 1.2906630E+002, 1.2888060E+002, 1.2902100E+002, 1.2876205E+002, 1.2892522E+002, 1.2904429E+002, 1.2905632E+002, 1.2897514E+002, 1.2055106E+002, 1.2284551E+002, 1.2360167E+002, 1.2324365E+002, 1.2341290E+002, 1.2362165E+002, 1.2240162E+002, 1.2422057E+002, 1.2293213E+002, 1.1896024E+002, 1.1413238E+002, 1.2331791E+002, 1.1420972E+002, 1.2238440E+002, 1.1933099E+002, 1.1078228E+002, 1.0678702E+002, 1.1446058E+002, 1.1598189E+002, 1.2115582E+002, 1.2150857E+002, 1.1866126E+002, 1.1651522E+002, 1.1885393E+002, 1.1785559E+002, 1.2039041E+002, 1.2132264E+002, 1.2089110E+002, 1.1927418E+002, 9.1298655E+001, 8.1748082E+001, 7.9832630E+001, 7.9315178E+001, 7.9670536E+001, 8.8993010E+001, 1.0172603E+002, 9.2043586E+001, 9.1774169E+001, 8.7169278E+001, 8.0605586E+001, 1.0227399E+002, 1.0947869E+002, 1.0862297E+002, 1.0753649E+002, 9.5340060E+001, 8.2269584E+001, 9.4604016E+001, 1.1179951E+002, 9.8160637E+001, 9.2974002E+001, 8.3757663E+001, 7.6464006E+001, 7.6677394E+001, 9.5935623E+001, 7.8977858E+001, 7.8328837E+001, 7.7675813E+001, 7.7618895E+001, 1.3078751E+002, 1.2974777E+002, 1.2583902E+002, 1.2257035E+002, 1.1659435E+002, 9.5115494E+001, 7.2341935E+001, 6.3149226E+001, 5.4024849E+001, 5.1357639E+001, 5.0841949E+001, 4.8582626E+001, 4.5119242E+001, 1.3096791E+002, 1.3139000E+002, 1.2744133E+002, 1.2222580E+002, 1.1617917E+002, 9.7512196E+001, 7.3365882E+001, 6.3757053E+001, 6.0558158E+001, 5.2306266E+001, 4.8634949E+001, 4.6851223E+001, 3.9887369E+001, 1.1721381E+002, 1.1855278E+002, 1.1918015E+002, 1.1904290E+002, 1.1871118E+002, 1.0795530E+002, 6.9600212E+001, 4.9904046E+001, 4.9226336E+001, 4.8598487E+001, 4.7921490E+001, 1.3008615E+002, 1.3123533E+002, 1.2996110E+002, 1.2535249E+002, 1.1175658E+002, 9.8949709E+001, 7.3091893E+001, 6.1370773E+001, 5.7214589E+001, 5.2472967E+001, 4.5505360E+001, 1.7021336E+002, 1.4851752E+002, 1.6945036E+002, 1.4751516E+002, 1.7180033E+002, 1.4688172E+002, 1.6921619E+002, 1.4602024E+002, 1.2768713E+002, 1.1640796E+002, 1.0410780E+002, 9.5223631E+001, 8.7531541E+001, 8.9912281E+001, 1.9105168E+002
 4.9001339E+003, 1.2751457E+002, 1.2748598E+002, 1.2739562E+002, 1.2748711E+002, 1.2790379E+002, 1.2766552E+002, 1.2770824E+002, 1.2742984E+002, 1.2718795E+002, 1.2726752E+002, 1.2763993E+002, 1.2714075E+002, 1.2729113E+002, 1.2710648E+002, 1.2702298E+002, 1.2700218E+002, 1.2708210E+002, 1.2689736E+002, 1.2712230E+002, 1.2699212E+002, 1.2689371E+002, 1.2690104E+002, 1.2679486E+002, 1.2687342E+002, 1.2662840E+002, 1.2674202E+002, 1.2670616E+002, 1.2679051E+002, 1.2666763E+002, 1.1993752E+002, 1.2150657E+002, 1.1984607E+002, 1.1896572E+002, 1.1836641E+002, 1.2153224E+002, 1.1809476E+002, 1.2192873E+002, 1.1959094E+002, 1.1317324E+002, 1.0717046E+002, 1.2097098E+002, 1.1091860E+002, 1.1983941E+002, 1.2014588E+002, 1.1227366E+002, 1.0526157E+002, 1.1619807E+002, 1.1274553E+002, 1.1852361E+002, 1.1943859E+002, 1.1759236E+002, 1.1154291E+002, 1.1715086E+002, 1.1668825E+002, 1.1953435E+002, 1.1976525E+002, 1.1928264E+002, 1.1775189E+002, 8.8808605E+001, 8.0584102E+001, 7.7936565E+001, 7.9130425E+001, 7.9283993E+001, 8.8539903E+001, 9.6194123E+001, 9.3934061E+001, 9.3398818E+001, 8.4393946E+001, 7.9161060E+001, 1.0296005E+002, 1.0531762E+002, 1.0278893E+002, 1.0547517E+002, 9.6137531E+001, 8.2464237E+001, 9.8326923E+001, 1.0377688E+002, 9.4578048E+001, 9.1354136E+001, 8.3482603E+001, 7.6864474E+001, 7.6210779E+001, 8.9035631E+001, 7.6650122E+001, 7.4199803E+001, 7.5055216E+001, 7.7355034E+001, 1.2868239E+002, 1.2758109E+002, 1.2383204E+002, 1.2125767E+002, 1.1513540E+002, 9.6771779E+001, 7.4049707E+001, 6.0319321E+001, 5.2848156E+001, 5.0920152E+001, 5.0274342E+001, 4.8602717E+001, 4.4459087E+001, 1.2867262E+002, 1.2821437E+002, 1.2326649E+002, 1.2103905E+002, 1.1534821E+002, 9.2679002E+001, 7.2937493E+001, 6.3151985E+001, 6.0025218E+001, 5.1851630E+001, 4.8213238E+001, 4.5435941E+001, 3.7970959E+001, 1.1615020E+002, 1.1695662E+002, 1.1759718E+002, 1.1771317E+002, 1.1719601E+002, 1.1294373E+002, 7.5480563E+001, 5.1637898E+001, 4.9891286E+001, 4.8767855E+001, 4.7601573E+001, 1.2832217E+002, 1.2868885E+002, 1.2824731E+002, 1.2330783E+002, 1.1401036E+002, 1.0033670E+002, 7.0623588E+001, 5.9845658E+001, 5.4769266E+001, 5.0294441E+001, 4.4749854E+001, 1.6528031E+002, 1.4468811E+002, 1.6454119E+002, 1.4378805E+002, 1.6683005E+002, 1.4310191E+002, 1.6421390E+002, 1.4227651E+002, 1.2385956E+002, 1.1393269E+002, 1.0173817E+002, 9.7947526E+001, 8.7670231E+001, 8.0929422E+001, 1.8519179E+002
 4.9201518E+003, 1.2647802E+002, 1.2625332E+002, 1.2602038E+002, 1.2573420E+002, 1.2572204E+002, 1.2629052E+002, 1.2620144E+002, 1.2597752E+002, 1.2571377E+002, 1.2542337E+002, 1.2532712E+002, 1.2569204E+002, 1.2600586E+002, 1.2575566E+002, 1.2556022E+002, 1.2522041E+002, 1.2512897E+002, 1.2528248E+002, 1.2568399E+002, 1.2555729E+002, 1.2536617E+002, 1.2511096E+002, 1.2497700E+002, 1.2497386E+002, 1.2505240E+002, 1.2506908E+002, 1.2487321E+002, 1.2487024E+002, 1.2457920E+002, 1.1821940E+002, 1.1878238E+002, 1.1636004E+002, 1.1493935E+002, 1.1497818E+002, 1.2006158E+002, 1.1785742E+002, 1.2016701E+002, 1.1625734E+002, 1.0982635E+002, 1.0649941E+002, 1.1777567E+002, 1.1467239E+002, 1.1871940E+002, 1.1492606E+002, 1.0728494E+002, 1.0434829E+002, 1.1133226E+002, 1.1505488E+002, 1.1780471E+002, 1.1766583E+002, 1.1451843E+002, 1.1103583E+002, 1.1579836E+002, 1.1642948E+002, 1.1818569E+002, 1.1760060E+002, 1.1701588E+002, 1.1692272E+002, 8.8562902E+001, 7.5364295E+001, 7.8939128E+001, 7.8353577E+001, 7.7980724E+001, 8.6072384E+001, 9.8173730E+001, 9.0373767E+001, 8.8374476E+001, 8.0886789E+001, 7.8911411E+001, 1.0106010E+002, 1.0482714E+002, 1.0476053E+002, 1.0428834E+002, 9.4421696E+001, 8.2521732E+001, 9.3975460E+001, 1.0001232E+002, 8.7798920E+001, 8.6307225E+001, 8.2075111E+001, 7.8970167E+001, 7.7882365E+001, 8.8196945E+001, 7.4468601E+001, 7.1319805E+001, 7.3144788E+001, 7.6320501E+001, 1.2655482E+002, 1.2530028E+002, 1.2129463E+002, 1.1917091E+002, 1.1280325E+002, 9.3197606E+001, 7.2041176E+001, 5.9494577E+001, 5.3165088E+001, 4.9572367E+001, 4.8685883E+001, 4.6916327E+001, 4.2678912E+001, 1.2638933E+002, 1.2596070E+002, 1.2229699E+002, 1.1903607E+002, 1.1434991E+002, 9.2625285E+001, 7.1897603E+001, 6.2531397E+001, 5.8699495E+001, 5.1030350E+001, 4.7747030E+001, 4.4131359E+001, 3.8014001E+001, 1.1578748E+002, 1.1654612E+002, 1.1663327E+002, 1.1621695E+002, 1.1528651E+002, 9.2572777E+001, 7.4332734E+001, 5.0929773E+001, 4.9151988E+001, 4.8190699E+001, 4.6426392E+001, 1.2747327E+002, 1.2758468E+002, 1.2655807E+002, 1.2134434E+002, 1.1231644E+002, 8.9207581E+001, 7.4757727E+001, 6.7483207E+001, 5.5765104E+001, 5.0400625E+001, 4.6426820E+001, 1.6066896E+002, 1.4109286E+002, 1.5989846E+002, 1.4024323E+002, 1.6208562E+002, 1.3954034E+002, 1.5957782E+002, 1.3876591E+002, 1.2368003E+002, 1.1330827E+002, 1.0086274E+002, 9.4716297E+001, 8.5866487E+001, 7.9434451E+001, 1.7963324E+002
 4.9400091E+003, 1.2565290E+002, 1.2511266E+002, 1.2475058E+002, 1.2458564E+002, 1.2419646E+002, 1.2524876E+002, 1.2539531E+002, 1.2475130E+002, 1.2465084E+002, 1.2441447E+002, 1.2420377E+002, 1.2444121E+002, 1.2492032E+002, 1.2446907E+002, 1.2428284E+002, 1.2418550E+002, 1.2399865E+002, 1.2419275E+002, 1.2447741E+002, 1.2447257E+002, 1.2422101E+002, 1.2396446E+002, 1.2337905E+002, 1.2328463E+002, 1.2415435E+002, 1.2418937E+002, 1.2394673E+002, 1.2334519E+002, 1.2266805E+002, 1.1444121E+002, 1.1423451E+002, 1.1328818E+002, 1.1291478E+002, 1.1516291E+002, 1.1492288E+002, 1.1627136E+002, 1.1576989E+002, 1.1393987E+002, 1.1052318E+002, 1.1117409E+002, 1.1551410E+002, 1.1568478E+002, 1.1634618E+002, 1.1076950E+002, 1.0772138E+002, 1.0664107E+002, 1.1199854E+002, 1.0962411E+002, 1.1453316E+002, 1.1499825E+002, 1.1215742E+002, 1.0874003E+002, 1.1204555E+002, 1.0859022E+002, 1.1203050E+002, 1.1450139E+002, 1.1309641E+002, 1.1249301E+002, 8.7088991E+001, 7.4480515E+001, 7.4581893E+001, 7.5582136E+001, 7.6470805E+001, 8.0638675E+001, 9.0872607E+001, 8.5051992E+001, 8.7661735E+001, 8.3268368E+001, 7.7913576E+001, 9.2402776E+001, 9.3394677E+001, 9.3631336E+001, 9.6371533E+001, 9.0676289E+001, 7.8763385E+001, 9.7575272E+001, 1.0165189E+002, 9.3020857E+001, 9.2887752E+001, 8.5909280E+001, 7.5174924E+001, 7.5888296E+001, 9.4483711E+001, 7.6383741E+001, 7.2408384E+001, 7.4091104E+001, 7.7213910E+001, 1.2419161E+002, 1.2367031E+002, 1.2005996E+002, 1.1800312E+002, 1.0926239E+002, 9.1856727E+001, 7.2591904E+001, 6.1034908E+001, 5.3437993E+001, 4.9263727E+001, 4.7951873E+001, 4.6058131E+001, 4.2078044E+001, 1.2412487E+002, 1.2408557E+002, 1.2015688E+002, 1.1781391E+002, 1.1034970E+002, 9.0503527E+001, 6.9162532E+001, 6.1597629E+001, 5.7877118E+001, 4.9476362E+001, 4.7191081E+001, 4.3811072E+001, 3.9711218E+001, 1.1356669E+002, 1.1458485E+002, 1.1476384E+002, 1.1482897E+002, 1.1368235E+002, 8.7010455E+001, 7.9450743E+001, 5.1063914E+001, 4.8939501E+001, 4.7629275E+001, 4.6516608E+001, 1.2591159E+002, 1.2578970E+002, 1.2310205E+002, 1.2014489E+002, 1.1249376E+002, 8.5178864E+001, 7.4463576E+001, 6.7518734E+001, 5.5183680E+001, 5.2858215E+001, 4.5358343E+001, 1.5624266E+002, 1.3769203E+002, 1.5548710E+002, 1.3684075E+002, 1.5765652E+002, 1.3614053E+002, 1.5519880E+002, 1.3542141E+002, 1.1756739E+002, 1.0662383E+002, 9.5261317E+001, 9.1683919E+001, 7.8355334E+001, 8.0168293E+001, 1.7449633E+002
 4.9600724E+003, 1.2383483E+002, 1.2344054E+002, 1.2366770E+002, 1.2316115E+002, 1.2284100E+002, 1.2330291E+002, 1.2303105E+002, 1.2279459E+002, 1.2301078E+002, 1.2274253E+002, 1.2256479E+002, 1.2281918E+002, 1.2207767E+002, 1.2245803E+002, 1.2269113E+002, 1.2242930E+002, 1.2211183E+002, 1.2252577E+002, 1.2302174E+002, 1.2274438E+002, 1.2271474E+002, 1.2251982E+002, 1.2181649E+002, 1.2210236E+002, 1.2305922E+002, 1.2296262E+002, 1.2290627E+002, 1.2264595E+002, 1.2207231E+002, 1.1267902E+002, 1.1274503E+002, 1.1227226E+002, 1.1157238E+002, 1.1154638E+002, 1.1263282E+002, 1.1297043E+002, 1.1358865E+002, 1.1357340E+002, 1.0920461E+002, 1.0747389E+002, 1.1484275E+002, 1.1293059E+002, 1.1469534E+002, 1.1449094E+002, 1.1079212E+002, 1.0531233E+002, 1.1391925E+002, 1.1026777E+002, 1.1245856E+002, 1.1471024E+002, 1.1182060E+002, 1.0783672E+002, 1.1203090E+002, 1.1130397E+002, 1.1330880E+002, 1.1294635E+002, 1.1234488E+002, 1.1173141E+002, 8.7820543E+001, 7.6269869E+001, 7.4316505E+001, 7.5425901E+001, 7.5340463E+001, 8.2022385E+001, 9.4885388E+001, 8.6181092E+001, 8.7057612E+001, 8.1646619E+001, 7.7104253E+001, 9.5660071E+001, 9.7434554E+001, 9.7141007E+001, 9.6549256E+001, 9.0078230E+001, 8.0945428E+001, 9.4162890E+001, 9.9325751E+001, 9.4511571E+001, 8.9012092E+001, 8.1295455E+001, 7.5395227E+001, 7.7469975E+001, 9.8935261E+001, 7.6407886E+001, 7.1404408E+001, 7.1590859E+001, 7.8499368E+001, 1.2227581E+002, 1.2197308E+002, 1.1863385E+002, 1.1646969E+002, 1.0687267E+002, 8.8641267E+001, 7.0945506E+001, 5.9141857E+001, 5.1254061E+001, 4.9921574E+001, 4.6892274E+001, 4.6986584E+001, 4.2442189E+001, 1.2256609E+002, 1.2157519E+002, 1.1828525E+002, 1.1528876E+002, 1.0878658E+002, 8.7359469E+001, 6.9473037E+001, 6.1930614E+001, 5.7229653E+001, 4.9618966E+001, 4.6830472E+001, 4.5518185E+001, 3.7740551E+001, 1.1203075E+002, 1.1317005E+002, 1.1380997E+002, 1.1377814E+002, 1.1293116E+002, 8.2830494E+001, 7.3841338E+001, 4.9408264E+001, 4.7915649E+001, 4.7024680E+001, 4.6481890E+001, 1.2376680E+002, 1.2236392E+002, 1.2124172E+002, 1.1864136E+002, 1.0701204E+002, 9.1814371E+001, 7.3101162E+001, 6.9237176E+001, 5.5831901E+001, 5.2060327E+001, 4.1315373E+001, 1.5218778E+002, 1.3436524E+002, 1.5147196E+002, 1.3361290E+002, 1.5358553E+002, 1.3295805E+002, 1.5109120E+002, 1.3218150E+002, 1.1518334E+002, 1.0668536E+002, 9.5858074E+001, 9.1356064E+001, 7.9643929E+001, 8.1182121E+001, 1.6963123E+002
 4.9801711E+003, 1.2150829E+002, 1.2110539E+002, 1.2166168E+002, 1.2147389E+002, 1.2114758E+002, 1.2088053E+002, 1.2066990E+002, 1.2053914E+002, 1.2144354E+002, 1.2125923E+002, 1.2082745E+002, 1.2126205E+002, 1.2034085E+002, 1.2124772E+002, 1.2154718E+002, 1.2109132E+002, 1.2060262E+002, 1.2088715E+002, 1.2194658E+002, 1.2161720E+002, 1.2108476E+002, 1.2090637E+002, 1.2039165E+002, 1.2074036E+002, 1.2187344E+002, 1.2138334E+002, 1.2128191E+002, 1.2118372E+002, 1.2080893E+002, 1.1114961E+002, 1.1085273E+002, 1.0989499E+002, 1.0927846E+002, 1.0920309E+002, 1.1125338E+002, 1.1126330E+002, 1.1140055E+002, 1.0979147E+002, 1.0798909E+002, 1.0503158E+002, 1.1077308E+002, 1.0683517E+002, 1.0970183E+002, 1.1007177E+002, 1.0459027E+002, 9.8667100E+001, 1.0845881E+002, 1.0719280E+002, 1.1016700E+002, 1.1213486E+002, 1.0941894E+002, 1.0443224E+002, 1.1006932E+002, 1.0624138E+002, 1.1075430E+002, 1.1219711E+002, 1.1101263E+002, 1.0931368E+002, 8.2839710E+001, 7.2143809E+001, 7.2466817E+001, 7.7316558E+001, 7.6484290E+001, 7.9280446E+001, 8.9749523E+001, 8.1307294E+001, 8.3452830E+001, 8.0630242E+001, 7.6390738E+001, 8.9989008E+001, 9.7596813E+001, 9.6049330E+001, 9.5297718E+001, 8.9777527E+001, 7.9210186E+001, 8.8771234E+001, 9.3901925E+001, 8.6558562E+001, 8.2964953E+001, 7.5809501E+001, 7.2350010E+001, 7.2556081E+001, 8.7775541E+001, 7.4702733E+001, 7.1043064E+001, 7.1186323E+001, 7.2013388E+001, 1.2061620E+002, 1.1987308E+002, 1.1714260E+002, 1.1441188E+002, 1.0645083E+002, 8.8655233E+001, 7.0673299E+001, 5.7836038E+001, 5.1822552E+001, 5.0704052E+001, 4.7515627E+001, 4.5822079E+001, 4.1400400E+001, 1.2030013E+002, 1.1852746E+002, 1.1667699E+002, 1.1377171E+002, 1.0737808E+002, 8.6560331E+001, 6.8565889E+001, 6.0439186E+001, 5.7594105E+001, 4.9181529E+001, 4.6830434E+001, 4.6050900E+001, 3.8254207E+001, 1.1177745E+002, 1.1250627E+002, 1.1336979E+002, 1.1348405E+002, 1.1177574E+002, 8.8838510E+001, 6.5822695E+001, 4.8489934E+001, 4.7123374E+001, 4.6360786E+001, 4.6219120E+001, 1.2152971E+002, 1.2103393E+002, 1.2015629E+002, 1.1737997E+002, 1.0365631E+002, 8.5466418E+001, 7.0811472E+001, 6.4531099E+001, 5.5206245E+001, 4.5119604E+001, 4.0397342E+001, 1.4831365E+002, 1.3121738E+002, 1.4767442E+002, 1.3057293E+002, 1.4959469E+002, 1.2988196E+002, 1.4719881E+002, 1.2911323E+002, 1.1017306E+002, 1.0108807E+002, 9.0550106E+001, 8.6533578E+001, 7.7785753E+001, 8.0158651E+001, 1.6495973E+002
 5.0001300E+003, 1.1994123E+002, 1.1954692E+002, 1.1991321E+002, 1.1976333E+002, 1.1917583E+002, 1.1963241E+002, 1.1956865E+002, 1.1966916E+002, 1.2020108E+002, 1.1967947E+002, 1.1900318E+002, 1.2000458E+002, 1.1924477E+002, 1.1994624E+002, 1.2023207E+002, 1.1953823E+002, 1.1906950E+002, 1.1969062E+002, 1.1994003E+002, 1.2041260E+002, 1.1992031E+002, 1.1944370E+002, 1.1916833E+002, 1.1938749E+002, 1.1954415E+002, 1.1964524E+002, 1.1950423E+002, 1.1940277E+002, 1.1925666E+002, 1.0873318E+002, 1.0976518E+002, 1.0902235E+002, 1.0784375E+002, 1.0716942E+002, 1.1069963E+002, 1.1067473E+002, 1.1220703E+002, 1.1218001E+002, 1.0958364E+002, 1.0642163E+002, 1.1227077E+002, 1.0838376E+002, 1.0990453E+002, 1.1139725E+002, 1.0338289E+002, 9.5364373E+001, 1.0745523E+002, 1.0340561E+002, 1.0914287E+002, 1.1159889E+002, 1.0938863E+002, 1.0315596E+002, 1.0885444E+002, 1.0711756E+002, 1.0988322E+002, 1.1041132E+002, 1.0965466E+002, 1.0801863E+002, 8.0956107E+001, 7.2300125E+001, 7.1581214E+001, 7.3525394E+001, 7.4532757E+001, 7.7610381E+001, 8.7554070E+001, 8.0340863E+001, 8.2372382E+001, 7.8431332E+001, 7.5506102E+001, 8.8404312E+001, 9.3844528E+001, 9.4430330E+001, 9.3423094E+001, 8.8452699E+001, 8.0280533E+001, 8.8225303E+001, 9.0400642E+001, 8.2184141E+001, 7.9772606E+001, 7.7330298E+001, 7.4812456E+001, 7.4413685E+001, 8.1464314E+001, 7.0924120E+001, 7.0369605E+001, 7.2147703E+001, 7.3274968E+001, 1.1862758E+002, 1.1793597E+002, 1.1583515E+002, 1.1233257E+002, 1.0624157E+002, 8.4720314E+001, 6.9092209E+001, 5.8200452E+001, 5.0874255E+001, 4.9543791E+001, 4.6262737E+001, 4.3526253E+001, 4.1050724E+001, 1.1837635E+002, 1.1752685E+002, 1.1546043E+002, 1.1228709E+002, 1.0398420E+002, 8.4704816E+001, 6.8205471E+001, 6.0401280E+001, 5.7773544E+001, 4.9475139E+001, 4.6820476E+001, 4.5044253E+001, 3.7124268E+001, 1.1011136E+002, 1.1058963E+002, 1.1097692E+002, 1.1115463E+002, 1.1044839E+002, 8.3153922E+001, 6.2799841E+001, 4.7382083E+001, 4.6278525E+001, 4.5409474E+001, 4.4928003E+001, 1.1981731E+002, 1.2026622E+002, 1.1928132E+002, 1.1590529E+002, 1.0471202E+002, 8.7434387E+001, 6.9779251E+001, 6.1482563E+001, 5.2491184E+001, 4.3542288E+001, 4.0081099E+001, 1.4468060E+002, 1.2829824E+002, 1.4405647E+002, 1.2775426E+002, 1.4585039E+002, 1.2684966E+002, 1.4356955E+002, 1.2625175E+002, 1.0825617E+002, 9.9034291E+001, 8.7290524E+001, 8.3507598E+001, 7.2536017E+001, 8.0002677E+001, 1.6069982E+002
 5.0201199E+003, 1.1832358E+002, 1.1817834E+002, 1.1817360E+002, 1.1775335E+002, 1.1710424E+002, 1.1822603E+002, 1.1802473E+002, 1.1794776E+002, 1.1786526E+002, 1.1777043E+002, 1.1748032E+002, 1.1759558E+002, 1.1725648E+002, 1.1733888E+002, 1.1764165E+002, 1.1779865E+002, 1.1769776E+002, 1.1785189E+002, 1.1737465E+002, 1.1758729E+002, 1.1784318E+002, 1.1789415E+002, 1.1780352E+002, 1.1781884E+002, 1.1745231E+002, 1.1774497E+002, 1.1779505E+002, 1.1777772E+002, 1.1780139E+002, 1.0770322E+002, 1.0803533E+002, 1.0647778E+002, 1.0707289E+002, 1.0669111E+002, 1.0827443E+002, 1.0838952E+002, 1.0943894E+002, 1.0912137E+002, 1.0732594E+002, 1.0083667E+002, 1.0976966E+002, 1.0849911E+002, 1.1069946E+002, 1.0970328E+002, 9.9300965E+001, 9.4964763E+001, 1.0681369E+002, 1.0375823E+002, 1.1028617E+002, 1.0993898E+002, 1.0832567E+002, 1.0599985E+002, 1.0739132E+002, 1.0493340E+002, 1.0891935E+002, 1.0855796E+002, 1.0780477E+002, 1.0626948E+002, 8.1401466E+001, 7.2802780E+001, 7.2658488E+001, 7.2720597E+001, 7.2906236E+001, 7.7695431E+001, 8.6794402E+001, 8.1050497E+001, 8.2319942E+001, 7.7538266E+001, 7.2265896E+001, 8.6781641E+001, 9.3470507E+001, 9.2967247E+001, 9.2112244E+001, 8.5053773E+001, 7.6979022E+001, 8.5575346E+001, 9.0740423E+001, 7.8782411E+001, 7.8791984E+001, 7.6689492E+001, 7.3116391E+001, 7.3511850E+001, 8.2247451E+001, 6.9256698E+001, 6.8597087E+001, 7.0702367E+001, 7.2070841E+001, 1.1711837E+002, 1.1669858E+002, 1.1432497E+002, 1.1041073E+002, 1.0279295E+002, 8.4287414E+001, 6.7769183E+001, 5.9483434E+001, 5.0691358E+001, 4.8295255E+001, 4.6733653E+001, 4.3158775E+001, 4.0651513E+001, 1.1668409E+002, 1.1638563E+002, 1.1424143E+002, 1.1115582E+002, 1.0191956E+002, 8.3265226E+001, 6.5540706E+001, 5.9917425E+001, 5.6559021E+001, 4.8348277E+001, 4.7129177E+001, 4.3890157E+001, 3.5848066E+001, 1.0859660E+002, 1.0912629E+002, 1.0967565E+002, 1.0974714E+002, 1.0898198E+002, 9.5633894E+001, 6.4593922E+001, 4.8105304E+001, 4.7509066E+001, 4.7051777E+001, 4.6605042E+001, 1.1882697E+002, 1.1917721E+002, 1.1730417E+002, 1.1120843E+002, 1.0122921E+002, 8.6690376E+001, 6.9508019E+001, 6.1704996E+001, 5.0867142E+001, 4.3541346E+001, 4.0919535E+001, 1.4123407E+002, 1.2554297E+002, 1.4057651E+002, 1.2497699E+002, 1.4238031E+002, 1.2397542E+002, 1.4010293E+002, 1.2352322E+002, 1.0345339E+002, 9.4273719E+001, 8.5804931E+001, 8.2341357E+001, 7.2554746E+001, 8.1876521E+001, 1.5663444E+002
 5.0400718E+003, 1.1673157E+002, 1.1631664E+002, 1.1560941E+002, 1.1517118E+002, 1.1506200E+002, 1.1642819E+002, 1.1643507E+002, 1.1601102E+002, 1.1556692E+002, 1.1534185E+002, 1.1532445E+002, 1.1569210E+002, 1.1607654E+002, 1.1571812E+002, 1.1555596E+002, 1.1560886E+002, 1.1562085E+002, 1.1574989E+002, 1.1557629E+002, 1.1570286E+002, 1.1581279E+002, 1.1583683E+002, 1.1572234E+002, 1.1578611E+002, 1.1556966E+002, 1.1585403E+002, 1.1584075E+002, 1.1570641E+002, 1.1580071E+002, 1.0613767E+002, 1.0602370E+002, 1.0579792E+002, 1.0592941E+002, 1.0562854E+002, 1.0563097E+002, 1.0562315E+002, 1.0632731E+002, 1.0548249E+002, 1.0321644E+002, 9.9404820E+001, 1.0702127E+002, 1.0565885E+002, 1.0758497E+002, 1.0649332E+002, 9.8314607E+001, 9.4621984E+001, 1.0490578E+002, 1.0195821E+002, 1.0675631E+002, 1.0690753E+002, 1.0571512E+002, 1.0395030E+002, 1.0497490E+002, 1.0108206E+002, 1.0578887E+002, 1.0590674E+002, 1.0498534E+002, 1.0422901E+002, 7.9068393E+001, 7.0070853E+001, 6.8725794E+001, 7.0996715E+001, 6.8583351E+001, 7.5961663E+001, 8.3717599E+001, 7.8494581E+001, 7.8161403E+001, 7.3789056E+001, 6.8804829E+001, 8.4152574E+001, 8.8548887E+001, 9.0267550E+001, 9.0009407E+001, 8.5396086E+001, 7.7954667E+001, 8.1445919E+001, 8.5712035E+001, 7.9938136E+001, 7.5762245E+001, 7.0547117E+001, 6.7963558E+001, 6.8321738E+001, 8.0915575E+001, 7.2039844E+001, 7.0155139E+001, 7.1314059E+001, 6.8539168E+001, 1.1569735E+002, 1.1513963E+002, 1.1231151E+002, 1.0922766E+002, 1.0084367E+002, 8.3039133E+001, 6.7186163E+001, 5.9426038E+001, 5.0727304E+001, 4.8002474E+001, 4.5829926E+001, 4.4453304E+001, 4.0830641E+001, 1.1482634E+002, 1.1529275E+002, 1.1205090E+002, 1.0931020E+002, 1.0074603E+002, 8.3268988E+001, 6.5665574E+001, 5.9013788E+001, 5.6304067E+001, 4.8146038E+001, 4.6844759E+001, 4.2870677E+001, 3.7018446E+001, 1.0754950E+002, 1.0836077E+002, 1.0888761E+002, 1.0858658E+002, 1.0738234E+002, 8.6480222E+001, 5.9379319E+001, 4.9576857E+001, 4.8550638E+001, 4.7839019E+001, 4.6919759E+001, 1.1737762E+002, 1.1760933E+002, 1.1619963E+002, 1.1227719E+002, 1.0092317E+002, 8.1718514E+001, 6.8141472E+001, 6.0922751E+001, 5.1250152E+001, 4.6512533E+001, 4.0477386E+001, 1.3792273E+002, 1.2294509E+002, 1.3735044E+002, 1.2231573E+002, 1.3906472E+002, 1.2125643E+002, 1.3678332E+002, 1.2093957E+002, 1.0296176E+002, 9.4204305E+001, 8.3985972E+001, 8.0840410E+001, 7.1214288E+001, 7.2665732E+001, 1.5278760E+002
 5.0600645E+003, 1.1515484E+002, 1.1488274E+002, 1.1436330E+002, 1.1369698E+002, 1.1318476E+002, 1.1503675E+002, 1.1503135E+002, 1.1495232E+002, 1.1417576E+002, 1.1365508E+002, 1.1325582E+002, 1.1441096E+002, 1.1496252E+002, 1.1451144E+002, 1.1398428E+002, 1.1369722E+002, 1.1348025E+002, 1.1379141E+002, 1.1469723E+002, 1.1425016E+002, 1.1388882E+002, 1.1364716E+002, 1.1358608E+002, 1.1351460E+002, 1.1401411E+002, 1.1393152E+002, 1.1390299E+002, 1.1352053E+002, 1.1344971E+002, 1.0475972E+002, 1.0485506E+002, 1.0451603E+002, 1.0475723E+002, 1.0458291E+002, 1.0535096E+002, 1.0573699E+002, 1.0581862E+002, 1.0441444E+002, 1.0372311E+002, 1.0194410E+002, 1.0527026E+002, 1.0509823E+002, 1.0546412E+002, 1.0216430E+002, 1.0210434E+002, 9.6307361E+001, 1.0354089E+002, 1.0372497E+002, 1.0489315E+002, 1.0570748E+002, 1.0504822E+002, 1.0300009E+002, 1.0454138E+002, 1.0370054E+002, 1.0500920E+002, 1.0546507E+002, 1.0474507E+002, 1.0426291E+002, 7.7900207E+001, 6.8958737E+001, 6.8782275E+001, 6.9879650E+001, 6.9852311E+001, 7.3368058E+001, 8.3002368E+001, 7.8510748E+001, 7.8992707E+001, 7.6032806E+001, 7.0329304E+001, 8.3936750E+001, 9.0069040E+001, 8.8547179E+001, 8.8106427E+001, 8.2427491E+001, 7.4395490E+001, 8.6094963E+001, 8.6164119E+001, 7.7798186E+001, 7.9906602E+001, 7.7403991E+001, 7.2502703E+001, 7.1564083E+001, 7.7656392E+001, 6.8673419E+001, 6.9880555E+001, 7.2154700E+001, 7.0944648E+001, 1.1435304E+002, 1.1366604E+002, 1.1040156E+002, 1.0805951E+002, 1.0110183E+002, 8.1389232E+001, 6.4682797E+001, 5.7344723E+001, 4.9438930E+001, 4.7947567E+001, 4.5132532E+001, 4.4117333E+001, 4.1257391E+001, 1.1358689E+002, 1.1384274E+002, 1.1035424E+002, 1.0764034E+002, 1.0100522E+002, 8.2233130E+001, 6.4996060E+001, 5.9451689E+001, 5.6276268E+001, 4.7268173E+001, 4.6279051E+001, 4.3869147E+001, 3.7672253E+001, 1.0569958E+002, 1.0703938E+002, 1.0753037E+002, 1.0693636E+002, 9.5787362E+001, 8.3486177E+001, 6.1163405E+001, 4.9949960E+001, 4.7934619E+001, 4.6959368E+001, 4.6290965E+001, 1.1565642E+002, 1.1602012E+002, 1.1433010E+002, 1.1113050E+002, 1.0098591E+002, 8.0021958E+001, 6.7743804E+001, 6.0076727E+001, 5.0781862E+001, 4.4436160E+001, 3.9605826E+001, 1.3476374E+002, 1.2043082E+002, 1.3415450E+002, 1.1980826E+002, 1.3592996E+002, 1.1866791E+002, 1.3363237E+002, 1.1844687E+002, 1.0307304E+002, 9.5314090E+001, 8.3827699E+001, 7.8905558E+001, 7.1633746E+001, 7.2599378E+001, 1.4915352E+002
 5.0800607E+003, 1.1363422E+002, 1.1322484E+002, 1.1278431E+002, 1.1213013E+002, 1.1174268E+002, 1.1336894E+002, 1.1345703E+002, 1.1316069E+002, 1.1264877E+002, 1.1198725E+002, 1.1170626E+002, 1.1292151E+002, 1.1315437E+002, 1.1308000E+002, 1.1246513E+002, 1.1183241E+002, 1.1167242E+002, 1.1193531E+002, 1.1316251E+002, 1.1281735E+002, 1.1209763E+002, 1.1177948E+002, 1.1155909E+002, 1.1159136E+002, 1.1289622E+002, 1.1225173E+002, 1.1194892E+002, 1.1165755E+002, 1.1137976E+002, 1.0396862E+002, 1.0357486E+002, 1.0250469E+002, 1.0267985E+002, 1.0262271E+002, 1.0396874E+002, 1.0370256E+002, 1.0459840E+002, 1.0374903E+002, 1.0077025E+002, 9.8516971E+001, 1.0429847E+002, 1.0096655E+002, 1.0489551E+002, 1.0104723E+002, 9.2747536E+001, 8.9301814E+001, 9.8017796E+001, 1.0373918E+002, 1.0426490E+002, 1.0298965E+002, 1.0084070E+002, 9.8750034E+001, 1.0161280E+002, 1.0405272E+002, 1.0352555E+002, 1.0261422E+002, 1.0149457E+002, 1.0177835E+002, 7.4403911E+001, 6.8273583E+001, 6.8310776E+001, 6.8576892E+001, 6.7854136E+001, 7.3118242E+001, 8.1452806E+001, 7.7091676E+001, 7.9171667E+001, 7.4650964E+001, 6.9966587E+001, 8.2610736E+001, 8.8529731E+001, 8.7704950E+001, 8.7392178E+001, 8.0427115E+001, 7.1861959E+001, 8.6238188E+001, 8.4303055E+001, 7.6145696E+001, 7.8855252E+001, 7.5341556E+001, 7.0019953E+001, 6.8976211E+001, 7.6857221E+001, 6.8018367E+001, 6.7733050E+001, 6.8487909E+001, 6.7767725E+001, 1.1330648E+002, 1.1275077E+002, 1.0880117E+002, 1.0610221E+002, 9.8330448E+001, 8.2961425E+001, 6.5052217E+001, 5.7398011E+001, 4.9374259E+001, 4.7901059E+001, 4.6164753E+001, 4.2723006E+001, 4.0508247E+001, 1.1222504E+002, 1.1201016E+002, 1.0889622E+002, 1.0647443E+002, 1.0021577E+002, 7.9633393E+001, 6.3259441E+001, 5.8915245E+001, 5.3143172E+001, 4.6477843E+001, 4.5901359E+001, 4.3099979E+001, 3.6632460E+001, 1.0436431E+002, 1.0549252E+002, 1.0590701E+002, 1.0564677E+002, 1.0152058E+002, 7.8799936E+001, 6.7639592E+001, 4.8843486E+001, 4.7254125E+001, 4.6401080E+001, 4.5479509E+001, 1.1356027E+002, 1.1383657E+002, 1.1218452E+002, 1.0936596E+002, 9.7514954E+001, 7.8020739E+001, 6.6951284E+001, 5.8704989E+001, 5.0954356E+001, 4.6540075E+001, 4.0893749E+001, 1.3175450E+002, 1.1804276E+002, 1.3108315E+002, 1.1738389E+002, 1.3291059E+002, 1.1621954E+002, 1.3061683E+002, 1.1596768E+002, 1.0109191E+002, 9.0466464E+001, 8.0443206E+001, 8.0630224E+001, 7.2915752E+001, 6.8740308E+001, 1.4572734E+002
 5.1001267E+003, 1.1200326E+002, 1.1201222E+002, 1.1180401E+002, 1.1135620E+002, 1.1051728E+002, 1.1193223E+002, 1.1176624E+002, 1.1165251E+002, 1.1160785E+002, 1.1106072E+002, 1.1034755E+002, 1.1158384E+002, 1.1115445E+002, 1.1149867E+002, 1.1131728E+002, 1.1063180E+002, 1.1008144E+002, 1.1074330E+002, 1.1102026E+002, 1.1131619E+002, 1.1084455E+002, 1.1024374E+002, 1.0975784E+002, 1.0981214E+002, 1.1087437E+002, 1.1092033E+002, 1.1038661E+002, 1.0991984E+002, 1.0947044E+002, 1.0197802E+002, 1.0238780E+002, 1.0192820E+002, 1.0042881E+002, 1.0241596E+002, 1.0309806E+002, 1.0247029E+002, 1.0425701E+002, 1.0230357E+002, 1.0027957E+002, 9.8150849E+001, 1.0394502E+002, 1.0046690E+002, 1.0478281E+002, 1.0176828E+002, 9.5765454E+001, 9.1530913E+001, 9.9982218E+001, 9.6569321E+001, 1.0363928E+002, 1.0213937E+002, 1.0061581E+002, 9.8885712E+001, 1.0119989E+002, 1.0074785E+002, 1.0242350E+002, 1.0186633E+002, 1.0130557E+002, 1.0142890E+002, 7.4670066E+001, 6.7700733E+001, 6.7956555E+001, 6.8223184E+001, 6.7565054E+001, 7.2075674E+001, 7.9681760E+001, 7.5032722E+001, 7.6073396E+001, 7.2542362E+001, 6.9645932E+001, 8.1193990E+001, 8.4035386E+001, 8.5281491E+001, 8.5132365E+001, 8.0379553E+001, 7.3610822E+001, 8.1038688E+001, 8.6780280E+001, 7.9609318E+001, 7.7704965E+001, 7.2338356E+001, 6.8962754E+001, 6.7920467E+001, 7.9208869E+001, 6.8235206E+001, 6.8119741E+001, 6.6983134E+001, 6.7513469E+001, 1.1191967E+002, 1.1176501E+002, 1.0770015E+002, 1.0509092E+002, 9.5877047E+001, 8.0200215E+001, 6.5722857E+001, 5.6123311E+001, 4.9026569E+001, 4.6968922E+001, 4.5760066E+001, 4.2048131E+001, 4.0771737E+001, 1.1068820E+002, 1.0991264E+002, 1.0757718E+002, 1.0509477E+002, 9.8792077E+001, 8.0509071E+001, 6.3767849E+001, 5.8119623E+001, 5.3850850E+001, 4.7402056E+001, 4.5650984E+001, 4.4630769E+001, 3.5421449E+001, 1.0336017E+002, 1.0420173E+002, 1.0490270E+002, 1.0470648E+002, 1.0349467E+002, 7.6893776E+001, 5.9473492E+001, 4.6923479E+001, 4.5834059E+001, 4.5661058E+001, 4.5253954E+001, 1.1206440E+002, 1.1194309E+002, 1.1129068E+002, 1.0910657E+002, 9.4598479E+001, 7.9923307E+001, 6.6275260E+001, 6.2132234E+001, 5.1656711E+001, 4.7397829E+001, 3.9931420E+001, 1.2889795E+002, 1.1578938E+002, 1.2819882E+002, 1.1505299E+002, 1.3001831E+002, 1.1386372E+002, 1.2773574E+002, 1.1363137E+002, 9.7933240E+001, 8.9888648E+001, 8.3201895E+001, 7.7763730E+001, 6.9982962E+001, 7.4064315E+001, 1.4241446E+002
 5.1200003E+003, 1.0998834E+002, 1.0999943E+002, 1.1002338E+002, 1.0997863E+002, 1.0965670E+002, 1.0982745E+002, 1.0956795E+002, 1.0955704E+002, 1.0977356E+002, 1.0965496E+002, 1.0917276E+002, 1.0954786E+002, 1.0906260E+002, 1.0934000E+002, 1.0945573E+002, 1.0910224E+002, 1.0846320E+002, 1.0907905E+002, 1.0904484E+002, 1.0927151E+002, 1.0911204E+002, 1.0863893E+002, 1.0809683E+002, 1.0806123E+002, 1.0907372E+002, 1.0901244E+002, 1.0871330E+002, 1.0815323E+002, 1.0803776E+002, 1.0019910E+002, 1.0092318E+002, 9.9628354E+001, 9.8879262E+001, 9.9815219E+001, 1.0158296E+002, 1.0133716E+002, 1.0211110E+002, 1.0104727E+002, 9.8807844E+001, 9.8994578E+001, 1.0266733E+002, 1.0047550E+002, 1.0306963E+002, 9.9491805E+001, 9.4616493E+001, 8.9845144E+001, 9.7291941E+001, 9.8683541E+001, 1.0178013E+002, 9.9198330E+001, 9.6465072E+001, 9.6143543E+001, 9.9299758E+001, 9.8956146E+001, 9.9899251E+001, 9.9572197E+001, 9.9483297E+001, 1.0003924E+002, 7.5271185E+001, 6.6876029E+001, 6.8247368E+001, 6.8687625E+001, 6.7115980E+001, 7.2029085E+001, 8.1498580E+001, 7.5071998E+001, 7.3162101E+001, 7.0895366E+001, 6.8321117E+001, 7.9875292E+001, 8.4840441E+001, 8.2646543E+001, 8.3865028E+001, 8.0060796E+001, 7.3731133E+001, 8.0939708E+001, 8.8069374E+001, 8.0280896E+001, 7.6051730E+001, 7.1778595E+001, 6.8163066E+001, 6.6883903E+001, 8.2883476E+001, 6.7890310E+001, 6.7876870E+001, 6.6715652E+001, 6.6279540E+001, 1.1081586E+002, 1.0967562E+002, 1.0645778E+002, 1.0421492E+002, 9.6301950E+001, 7.9108447E+001, 6.4734181E+001, 5.5028889E+001, 4.7954762E+001, 4.6487388E+001, 4.4117015E+001, 4.0940429E+001, 3.9836331E+001, 1.0894838E+002, 1.0812881E+002, 1.0622794E+002, 1.0352775E+002, 9.6226711E+001, 7.6982391E+001, 6.3184867E+001, 5.7096444E+001, 5.2277413E+001, 4.7086714E+001, 4.5118453E+001, 4.3936340E+001, 3.6615446E+001, 1.0271126E+002, 1.0322970E+002, 1.0336193E+002, 1.0314263E+002, 1.0211414E+002, 7.6677932E+001, 6.2130190E+001, 4.6638348E+001, 4.5574210E+001, 4.4744218E+001, 4.4405076E+001, 1.1047200E+002, 1.1065706E+002, 1.0997845E+002, 1.0632098E+002, 9.4238620E+001, 7.4453543E+001, 6.5325820E+001, 6.1354494E+001, 5.2899127E+001, 4.7753876E+001, 4.0028315E+001, 1.2614020E+002, 1.1366365E+002, 1.2542608E+002, 1.1283773E+002, 1.2726084E+002, 1.1160627E+002, 1.2500148E+002, 1.1144057E+002, 9.5308767E+001, 8.7175278E+001, 7.8814538E+001, 7.4814818E+001, 6.9007550E+001, 6.9390926E+001, 1.3923770E+002
 5.1401613E+003, 1.0780962E+002, 1.0791984E+002, 1.0796578E+002, 1.0795830E+002, 1.0766918E+002, 1.0775175E+002, 1.0753704E+002, 1.0774345E+002, 1.0793951E+002, 1.0771112E+002, 1.0726516E+002, 1.0790910E+002, 1.0756768E+002, 1.0790785E+002, 1.0779041E+002, 1.0727600E+002, 1.0693584E+002, 1.0731471E+002, 1.0775005E+002, 1.0770969E+002, 1.0736631E+002, 1.0691120E+002, 1.0672392E+002, 1.0659478E+002, 1.0710330E+002, 1.0712091E+002, 1.0686734E+002, 1.0655101E+002, 1.0659162E+002, 9.8519269E+001, 9.8268622E+001, 9.7925654E+001, 9.7516801E+001, 9.7629838E+001, 9.8255083E+001, 9.6072882E+001, 9.8292624E+001, 9.9252773E+001, 9.7511371E+001, 9.6431093E+001, 9.9057947E+001, 9.5028522E+001, 9.8012789E+001, 9.8980422E+001, 9.5017552E+001, 9.2953633E+001, 9.8303968E+001, 9.2787689E+001, 9.7917745E+001, 9.9545449E+001, 9.7204497E+001, 9.6141305E+001, 9.8259595E+001, 9.7270492E+001, 9.9112850E+001, 9.9279967E+001, 9.8870405E+001, 9.8659934E+001, 7.3133586E+001, 6.5976973E+001, 6.6273845E+001, 6.6990346E+001, 6.6958458E+001, 6.9003405E+001, 7.9218940E+001, 7.2591269E+001, 7.2855679E+001, 7.0438102E+001, 6.7008696E+001, 7.7081369E+001, 8.1561833E+001, 8.0331103E+001, 8.0975226E+001, 7.7589169E+001, 7.0879921E+001, 7.9630293E+001, 7.9518070E+001, 7.4460874E+001, 7.6066259E+001, 7.2537711E+001, 6.8243475E+001, 6.7188881E+001, 7.3695283E+001, 6.6996201E+001, 6.7569185E+001, 6.7338059E+001, 6.8297493E+001, 1.0936112E+002, 1.0774977E+002, 1.0529689E+002, 1.0232381E+002, 9.3692931E+001, 7.7493323E+001, 6.3929416E+001, 5.4316977E+001, 4.7422996E+001, 4.6609795E+001, 4.4855620E+001, 4.2265519E+001, 3.9246966E+001, 1.0748369E+002, 1.0663936E+002, 1.0499635E+002, 1.0229350E+002, 9.5593306E+001, 7.6368518E+001, 6.3184287E+001, 5.6591193E+001, 5.2900850E+001, 4.5822761E+001, 4.4211876E+001, 4.2389915E+001, 3.5949852E+001, 1.0215557E+002, 1.0326825E+002, 1.0335182E+002, 1.0320175E+002, 1.0182176E+002, 7.3938696E+001, 6.1333783E+001, 4.6897520E+001, 4.5836380E+001, 4.5390261E+001, 4.5128910E+001, 1.0920808E+002, 1.0921292E+002, 1.0825748E+002, 1.0459906E+002, 9.4078661E+001, 7.5635420E+001, 6.4000168E+001, 5.9942772E+001, 5.2551718E+001, 5.0000959E+001, 4.2218401E+001, 1.2351451E+002, 1.1148309E+002, 1.2280115E+002, 1.1073661E+002, 1.2458869E+002, 1.0948484E+002, 1.2241765E+002, 1.0938514E+002, 9.3543924E+001, 8.5017048E+001, 7.5869444E+001, 7.5078240E+001, 6.5802463E+001, 6.8098003E+001, 1.3624102E+002
 5.1600775E+003, 1.0658412E+002, 1.0663065E+002, 1.0660155E+002, 1.0648113E+002, 1.0598362E+002, 1.0647549E+002, 1.0633851E+002, 1.0652576E+002, 1.0666308E+002, 1.0625724E+002, 1.0574505E+002, 1.0672317E+002, 1.0647257E+002, 1.0670894E+002, 1.0646463E+002, 1.0590453E+002, 1.0563886E+002, 1.0604944E+002, 1.0588269E+002, 1.0591728E+002, 1.0597296E+002, 1.0572816E+002, 1.0549550E+002, 1.0550694E+002, 1.0521187E+002, 1.0549446E+002, 1.0565726E+002, 1.0560822E+002, 1.0535328E+002, 9.7985961E+001, 9.8877283E+001, 9.9306192E+001, 9.8826585E+001, 9.7695076E+001, 9.9051927E+001, 9.7217366E+001, 1.0032371E+002, 1.0116960E+002, 9.9108966E+001, 9.6923035E+001, 1.0111953E+002, 9.7778170E+001, 1.0013912E+002, 1.0062829E+002, 9.6739977E+001, 9.1013729E+001, 9.9022723E+001, 9.7211963E+001, 9.9124065E+001, 9.9300932E+001, 9.7911305E+001, 9.5714961E+001, 9.7489913E+001, 9.6531588E+001, 9.7952472E+001, 9.8057715E+001, 9.7946909E+001, 9.8292241E+001, 7.2464834E+001, 6.5056430E+001, 6.5721317E+001, 6.6145206E+001, 6.6315307E+001, 6.9803544E+001, 8.1132568E+001, 7.3243061E+001, 7.1482226E+001, 6.9607999E+001, 6.5959441E+001, 7.7815981E+001, 8.0537649E+001, 8.1254208E+001, 8.1414590E+001, 7.7028197E+001, 7.0428387E+001, 7.7829465E+001, 7.7958157E+001, 7.3719113E+001, 7.1160540E+001, 6.7903056E+001, 6.4760623E+001, 6.4567352E+001, 7.2960850E+001, 6.6541748E+001, 6.4447868E+001, 6.5039545E+001, 6.4604323E+001, 1.0806149E+002, 1.0598510E+002, 1.0376741E+002, 1.0088294E+002, 9.2181131E+001, 7.6120075E+001, 6.4158136E+001, 5.4608233E+001, 4.7366028E+001, 4.6409404E+001, 4.5023218E+001, 4.3213277E+001, 4.0317991E+001, 1.0593809E+002, 1.0519602E+002, 1.0371290E+002, 1.0135296E+002, 9.3887350E+001, 7.5855267E+001, 6.1836748E+001, 5.5976680E+001, 5.2890324E+001, 4.6235741E+001, 4.4072820E+001, 4.3350637E+001, 3.7331715E+001, 1.0107405E+002, 1.0156334E+002, 1.0188196E+002, 1.0175931E+002, 1.0110647E+002, 7.3184531E+001, 5.8281349E+001, 4.7112088E+001, 4.6245337E+001, 4.5746262E+001, 4.5196551E+001, 1.0791149E+002, 1.0781644E+002, 1.0566894E+002, 1.0376124E+002, 9.3413463E+001, 8.0801725E+001, 6.3346282E+001, 6.0488702E+001, 5.2525624E+001, 4.5867858E+001, 4.1754599E+001, 1.2104306E+002, 1.0943309E+002, 1.2028404E+002, 1.0872543E+002, 1.2205432E+002, 1.0738680E+002, 1.1992577E+002, 1.0742102E+002, 9.2268582E+001, 8.3108084E+001, 7.7902421E+001, 7.2777332E+001, 6.5575895E+001, 6.6780484E+001, 1.3337077E+002
 5.1801072E+003, 1.0559623E+002, 1.0545307E+002, 1.0524373E+002, 1.0509431E+002, 1.0499659E+002, 1.0545049E+002, 1.0537411E+002, 1.0528753E+002, 1.0519315E+002, 1.0523416E+002, 1.0494369E+002, 1.0511402E+002, 1.0499594E+002, 1.0492519E+002, 1.0501929E+002, 1.0503440E+002, 1.0486500E+002, 1.0496089E+002, 1.0446176E+002, 1.0451699E+002, 1.0479788E+002, 1.0466568E+002, 1.0472109E+002, 1.0464347E+002, 1.0412413E+002, 1.0442509E+002, 1.0456055E+002, 1.0456673E+002, 1.0459937E+002, 9.7537752E+001, 9.8327070E+001, 9.7488981E+001, 9.5540570E+001, 9.3815663E+001, 9.7740761E+001, 9.6189282E+001, 9.7939084E+001, 9.7161243E+001, 9.3167798E+001, 8.9004286E+001, 9.6696461E+001, 9.7268873E+001, 9.7058666E+001, 9.5114666E+001, 8.9732753E+001, 8.5235003E+001, 9.4079518E+001, 9.6362713E+001, 9.6135340E+001, 9.5986993E+001, 9.4781191E+001, 9.3732892E+001, 9.6183358E+001, 9.5846638E+001, 9.6363340E+001, 9.6549981E+001, 9.6463421E+001, 9.6645782E+001, 6.9518813E+001, 6.4739649E+001, 6.4456111E+001, 6.4247162E+001, 6.4536550E+001, 6.9536991E+001, 7.9394012E+001, 7.1929359E+001, 7.1200712E+001, 6.8509454E+001, 6.5632107E+001, 7.7103090E+001, 8.2834050E+001, 8.1167576E+001, 8.0728148E+001, 7.4622209E+001, 6.6555104E+001, 7.6897899E+001, 7.8041095E+001, 7.4860597E+001, 7.2870508E+001, 6.7230296E+001, 6.5311312E+001, 6.5203334E+001, 7.1186995E+001, 6.6697735E+001, 6.5985779E+001, 6.6297148E+001, 6.4875904E+001, 1.0675521E+002, 1.0443586E+002, 1.0225242E+002, 1.0015735E+002, 9.1956439E+001, 7.4482405E+001, 6.2114551E+001, 5.3366656E+001, 4.7706147E+001, 4.6830361E+001, 4.5333510E+001, 4.3564971E+001, 4.0304625E+001, 1.0467790E+002, 1.0389432E+002, 1.0251210E+002, 1.0031850E+002, 9.3771602E+001, 7.6358180E+001, 5.9861151E+001, 5.5639438E+001, 5.2523742E+001, 4.5716811E+001, 4.3646478E+001, 4.1204114E+001, 3.6737837E+001, 1.0009857E+002, 1.0105120E+002, 1.0151684E+002, 1.0109665E+002, 9.8974884E+001, 7.3839670E+001, 5.1151066E+001, 4.7203744E+001, 4.6451444E+001, 4.5938920E+001, 4.5678127E+001, 1.0694576E+002, 1.0668700E+002, 1.0424627E+002, 1.0293902E+002, 9.1007855E+001, 7.4789843E+001, 6.2844524E+001, 5.6636470E+001, 4.9442077E+001, 4.4468212E+001, 4.0970035E+001, 1.1864051E+002, 1.0745236E+002, 1.1789689E+002, 1.0681617E+002, 1.1966634E+002, 1.0543261E+002, 1.1754864E+002, 1.0544871E+002, 8.9138730E+001, 8.1225605E+001, 7.5918101E+001, 7.1903506E+001, 6.5668794E+001, 6.9322165E+001, 1.3070738E+002
 5.2002211E+003, 1.0408536E+002, 1.0395759E+002, 1.0393373E+002, 1.0394764E+002, 1.0402944E+002, 1.0384644E+002, 1.0371937E+002, 1.0375444E+002, 1.0380689E+002, 1.0392905E+002, 1.0391738E+002, 1.0370435E+002, 1.0340944E+002, 1.0353695E+002, 1.0364842E+002, 1.0380215E+002, 1.0366548E+002, 1.0379235E+002, 1.0324735E+002, 1.0341785E+002, 1.0374267E+002, 1.0364445E+002, 1.0352023E+002, 1.0348172E+002, 1.0329724E+002, 1.0358849E+002, 1.0366617E+002, 1.0348884E+002, 1.0342429E+002, 9.5451064E+001, 9.7344815E+001, 9.6490381E+001, 9.4915065E+001, 9.3139521E+001, 9.5834284E+001, 9.2183644E+001, 9.6414393E+001, 9.5539979E+001, 9.4177257E+001, 9.1363142E+001, 9.4589182E+001, 9.3193831E+001, 9.4477438E+001, 9.2803730E+001, 8.9212799E+001, 8.4853534E+001, 9.2212232E+001, 9.5705351E+001, 9.4159991E+001, 9.3843951E+001, 9.3615718E+001, 9.1588190E+001, 9.3944015E+001, 9.4944259E+001, 9.4741745E+001, 9.4554579E+001, 9.4179092E+001, 9.4275729E+001, 7.1265389E+001, 6.3798902E+001, 6.5554529E+001, 6.5154526E+001, 6.4683922E+001, 6.8074974E+001, 7.4066566E+001, 7.2314092E+001, 7.1752762E+001, 6.8930092E+001, 6.5280120E+001, 7.6226258E+001, 7.9348695E+001, 7.9992199E+001, 8.0000708E+001, 7.6343030E+001, 6.8925724E+001, 7.5553933E+001, 7.7002518E+001, 7.3441679E+001, 7.1653805E+001, 6.7208157E+001, 6.5131812E+001, 6.4097228E+001, 7.2206002E+001, 6.3962504E+001, 6.5458480E+001, 6.5165474E+001, 6.4351782E+001, 1.0548361E+002, 1.0310329E+002, 1.0127409E+002, 9.9641091E+001, 9.1605856E+001, 7.5745033E+001, 6.1818454E+001, 5.1959939E+001, 4.6812739E+001, 4.6018047E+001, 4.4344178E+001, 4.1128027E+001, 3.9445945E+001, 1.0342733E+002, 1.0250909E+002, 1.0097856E+002, 9.8956893E+001, 9.1497628E+001, 7.3673165E+001, 5.9673161E+001, 5.5704785E+001, 5.2760780E+001, 4.6579233E+001, 4.2912786E+001, 4.0612454E+001, 3.5337598E+001, 9.9746456E+001, 1.0053130E+002, 1.0076789E+002, 9.7332041E+001, 8.4825507E+001, 7.4363119E+001, 5.1640856E+001, 4.7761185E+001, 4.6722617E+001, 4.6149511E+001, 4.5278749E+001, 1.0591355E+002, 1.0543565E+002, 1.0404132E+002, 1.0283996E+002, 9.1065630E+001, 7.2651673E+001, 6.1955493E+001, 5.5492210E+001, 4.9222014E+001, 4.5076539E+001, 3.8845605E+001, 1.1633299E+002, 1.0555322E+002, 1.1562582E+002, 1.0501920E+002, 1.1732350E+002, 1.0359525E+002, 1.1532365E+002, 1.0354292E+002, 9.0851638E+001, 8.2766196E+001, 7.7480559E+001, 7.1222886E+001, 6.5842458E+001, 7.7326235E+001, 1.2813063E+002
 5.2200707E+003, 1.0264071E+002, 1.0253562E+002, 1.0269919E+002, 1.0284876E+002, 1.0277321E+002, 1.0235828E+002, 1.0222400E+002, 1.0239552E+002, 1.0268235E+002, 1.0270436E+002, 1.0267761E+002, 1.0253928E+002, 1.0227736E+002, 1.0243917E+002, 1.0258883E+002, 1.0269057E+002, 1.0258018E+002, 1.0262752E+002, 1.0228118E+002, 1.0245504E+002, 1.0252964E+002, 1.0257246E+002, 1.0250901E+002, 1.0247785E+002, 1.0218518E+002, 1.0231864E+002, 1.0237761E+002, 1.0240543E+002, 1.0242360E+002, 9.6846404E+001, 9.6864200E+001, 9.5136867E+001, 9.3415687E+001, 9.1974049E+001, 9.7454615E+001, 9.7417309E+001, 9.7460367E+001, 9.5864933E+001, 9.1316965E+001, 8.8943380E+001, 9.5704809E+001, 9.6364746E+001, 9.6066598E+001, 9.4079002E+001, 9.0911381E+001, 8.8455113E+001, 9.4152246E+001, 9.6048697E+001, 9.5581474E+001, 9.4963203E+001, 9.4618785E+001, 9.4108482E+001, 9.4452996E+001, 9.5225248E+001, 9.4903574E+001, 9.4520481E+001, 9.4289410E+001, 9.4518915E+001, 7.0162314E+001, 6.3593596E+001, 6.4621108E+001, 6.5064170E+001, 6.5759152E+001, 6.8031170E+001, 7.7591988E+001, 7.1336823E+001, 7.1782973E+001, 6.8724077E+001, 6.5821238E+001, 7.8524136E+001, 8.0498038E+001, 7.9525997E+001, 7.9901150E+001, 7.5857372E+001, 6.8177405E+001, 7.3882851E+001, 7.7056907E+001, 7.1946659E+001, 7.0305100E+001, 6.6305982E+001, 6.3175850E+001, 6.4427476E+001, 7.1163995E+001, 6.3321362E+001, 6.4199659E+001, 6.3883678E+001, 6.4097885E+001, 1.0411577E+002, 1.0199283E+002, 1.0056640E+002, 9.7502785E+001, 8.8047398E+001, 7.3282715E+001, 6.1058998E+001, 5.3846436E+001, 4.7293542E+001, 4.4959963E+001, 4.3210103E+001, 4.0895941E+001, 4.0242773E+001, 1.0207984E+002, 1.0133936E+002, 9.9597938E+001, 9.7758306E+001, 9.1073165E+001, 7.2923259E+001, 5.9659073E+001, 5.5340355E+001, 5.2391787E+001, 4.7121828E+001, 4.3469346E+001, 4.2129650E+001, 3.5360089E+001, 9.8294400E+001, 9.9148861E+001, 9.9560077E+001, 9.7770991E+001, 8.5593798E+001, 7.4425125E+001, 5.5456870E+001, 4.7591424E+001, 4.6110178E+001, 4.5209599E+001, 4.4472504E+001, 1.0464221E+002, 1.0407000E+002, 1.0316826E+002, 1.0025359E+002, 9.0351192E+001, 7.4442081E+001, 6.2793721E+001, 5.5895748E+001, 4.9561836E+001, 4.3497336E+001, 3.8972711E+001, 1.1414663E+002, 1.0369022E+002, 1.1346813E+002, 1.0323399E+002, 1.1504384E+002, 1.0184757E+002, 1.1316544E+002, 1.0177992E+002, 8.6056865E+001, 8.1001039E+001, 7.5668014E+001, 7.0163106E+001, 6.6018460E+001, 6.7554923E+001, 1.2569639E+002
 5.2401116E+003, 1.0074039E+002, 1.0085981E+002, 1.0102462E+002, 1.0127968E+002, 1.0138851E+002, 1.0080744E+002, 1.0077323E+002, 1.0087094E+002, 1.0093673E+002, 1.0119628E+002, 1.0133309E+002, 1.0085963E+002, 1.0077749E+002, 1.0084020E+002, 1.0091729E+002, 1.0114390E+002, 1.0131209E+002, 1.0098011E+002, 1.0071874E+002, 1.0082928E+002, 1.0085274E+002, 1.0101625E+002, 1.0121686E+002, 1.0107151E+002, 1.0054889E+002, 1.0060804E+002, 1.0071743E+002, 1.0088981E+002, 1.0110847E+002, 9.2018263E+001, 9.0381433E+001, 8.9576362E+001, 8.9835898E+001, 9.1174041E+001, 9.2187283E+001, 9.3642227E+001, 9.2913645E+001, 9.1654334E+001, 9.0116929E+001, 8.5722867E+001, 9.3029462E+001, 9.0264447E+001, 9.3369866E+001, 9.2736783E+001, 8.7130803E+001, 8.5911283E+001, 9.2042336E+001, 9.2939628E+001, 9.3595618E+001, 9.2802988E+001, 9.2636985E+001, 9.1948675E+001, 9.2933445E+001, 9.3045320E+001, 9.2982129E+001, 9.2753805E+001, 9.2996334E+001, 9.3791593E+001, 6.6548954E+001, 6.4065402E+001, 6.4553492E+001, 6.3421473E+001, 6.2563819E+001, 6.5750645E+001, 7.1544890E+001, 7.0364354E+001, 7.0231164E+001, 6.7618608E+001, 6.4639876E+001, 7.4918319E+001, 7.6023292E+001, 7.5874261E+001, 7.6982825E+001, 7.1846088E+001, 6.5884685E+001, 7.5031741E+001, 7.3556657E+001, 7.3084811E+001, 7.2849771E+001, 6.9032750E+001, 6.4845551E+001, 6.3960730E+001, 6.8345191E+001, 6.2397962E+001, 6.2660056E+001, 6.2092815E+001, 6.2883298E+001, 1.0322973E+002, 1.0099334E+002, 9.9700486E+001, 9.7080086E+001, 8.8395373E+001, 7.3646711E+001, 6.0641241E+001, 5.4209231E+001, 4.7127177E+001, 4.4947666E+001, 4.3421935E+001, 4.2101500E+001, 3.9344709E+001, 1.0109058E+002, 1.0044552E+002, 9.8711671E+001, 9.6412922E+001, 9.0209353E+001, 7.1916219E+001, 5.9226645E+001, 5.3869234E+001, 5.0905677E+001, 4.4704124E+001, 4.2801352E+001, 4.2425447E+001, 3.6774781E+001, 9.7007385E+001, 9.7362577E+001, 9.7728559E+001, 9.7831848E+001, 8.8130637E+001, 7.2145179E+001, 5.7299918E+001, 4.6412036E+001, 4.5082707E+001, 4.4245198E+001, 4.3820588E+001, 1.0346946E+002, 1.0299445E+002, 1.0174923E+002, 9.8741147E+001, 8.6513900E+001, 7.3165004E+001, 6.1933915E+001, 5.5487793E+001, 4.8891974E+001, 4.5001599E+001, 4.0936190E+001, 1.1205369E+002, 1.0196301E+002, 1.1138753E+002, 1.0155079E+002, 1.1280447E+002, 1.0015714E+002, 1.1109796E+002, 1.0006939E+002, 8.5826838E+001, 7.9704916E+001, 7.5347450E+001, 7.3195309E+001, 6.6127460E+001, 6.6380223E+001, 1.2339570E+002
 5.2601770E+003, 9.9650362E+001, 9.9592813E+001, 9.9688600E+001, 9.9860307E+001, 9.9859928E+001, 9.9574863E+001, 9.9629398E+001, 9.9553514E+001, 9.9639614E+001, 9.9832651E+001, 9.9883699E+001, 9.9565758E+001, 9.9605671E+001, 9.9484395E+001, 9.9561892E+001, 9.9751671E+001, 9.9874695E+001, 9.9563839E+001, 9.9418647E+001, 9.9258392E+001, 9.9416247E+001, 9.9613471E+001, 9.9750477E+001, 9.9646436E+001, 9.9186273E+001, 9.9062949E+001, 9.9311158E+001, 9.9468834E+001, 9.9532197E+001, 9.3588229E+001, 9.2943440E+001, 9.1086976E+001, 9.1769434E+001, 9.2600138E+001, 9.4105693E+001, 9.4623091E+001, 9.3873488E+001, 9.1788275E+001, 9.1151210E+001, 9.0907293E+001, 9.3298715E+001, 9.3795258E+001, 9.3774990E+001, 9.1919983E+001, 9.0519219E+001, 8.9800161E+001, 9.1724854E+001, 9.3242554E+001, 9.3266560E+001, 9.2614217E+001, 9.2658226E+001, 9.0543245E+001, 9.2608512E+001, 9.2902230E+001, 9.2651435E+001, 9.2674782E+001, 9.2998910E+001, 9.3162663E+001, 6.6688365E+001, 6.3776315E+001, 6.4209495E+001, 6.3580770E+001, 6.1887102E+001, 6.6999875E+001, 7.2454293E+001, 7.0442024E+001, 6.9632914E+001, 6.6406478E+001, 6.3275475E+001, 7.3692839E+001, 7.6176928E+001, 7.6944480E+001, 7.7473221E+001, 7.4867718E+001, 6.9385743E+001, 7.4306248E+001, 7.7202985E+001, 6.9216058E+001, 6.9541394E+001, 6.7109885E+001, 6.4639201E+001, 6.2838512E+001, 6.7936763E+001, 6.3626694E+001, 6.3375716E+001, 6.2185285E+001, 6.2765608E+001, 1.0199829E+002, 9.9941575E+001, 9.8471643E+001, 9.6056032E+001, 8.6399448E+001, 7.0392810E+001, 5.9750531E+001, 5.2874361E+001, 4.7862240E+001, 4.5308831E+001, 4.3376881E+001, 4.0908323E+001, 3.7839983E+001, 1.0011977E+002, 9.9517545E+001, 9.7936560E+001, 9.5461948E+001, 8.9605985E+001, 7.3099259E+001, 5.7951404E+001, 5.3361874E+001, 5.0364733E+001, 4.4295367E+001, 4.3071469E+001, 3.9822083E+001, 3.6875436E+001, 9.6838683E+001, 9.7255664E+001, 9.7110527E+001, 9.6700831E+001, 9.3969796E+001, 7.1965053E+001, 4.8452568E+001, 4.4996082E+001, 4.4377947E+001, 4.2810760E+001, 4.2060006E+001, 1.0250726E+002, 1.0196943E+002, 1.0092898E+002, 9.9558203E+001, 8.4956238E+001, 7.3927889E+001, 6.1731933E+001, 5.5289196E+001, 4.8201411E+001, 4.6933836E+001, 4.0003584E+001, 1.1004296E+002, 1.0030113E+002, 1.0937352E+002, 9.9923934E+001, 1.1070139E+002, 9.8524689E+001, 1.0912264E+002, 9.8409559E+001, 8.5226014E+001, 8.1059720E+001, 7.3755985E+001, 7.0117127E+001, 6.4015145E+001, 7.0892029E+001, 1.2112717E+002
 5.2801245E+003, 9.8240792E+001, 9.8316157E+001, 9.8670887E+001, 9.8603670E+001, 9.8392502E+001, 9.8141716E+001, 9.8195762E+001, 9.8300314E+001, 9.8551235E+001, 9.8637711E+001, 9.8415079E+001, 9.8464854E+001, 9.8245492E+001, 9.8358413E+001, 9.8501398E+001, 9.8553040E+001, 9.8553825E+001, 9.8509354E+001, 9.8292142E+001, 9.8391343E+001, 9.8459306E+001, 9.8441780E+001, 9.8381628E+001, 9.8286414E+001, 9.8329818E+001, 9.8343723E+001, 9.8298217E+001, 9.8149011E+001, 9.8091446E+001, 8.9236298E+001, 8.7560514E+001, 8.8100762E+001, 8.9881223E+001, 9.0684140E+001, 9.0281801E+001, 9.1542326E+001, 9.0377545E+001, 8.9504045E+001, 8.9874316E+001, 8.9791295E+001, 9.0509136E+001, 9.0948251E+001, 9.0399007E+001, 8.9962372E+001, 8.5134057E+001, 8.1847692E+001, 8.6877486E+001, 9.1666910E+001, 9.0646050E+001, 8.9668894E+001, 8.9037994E+001, 8.6182106E+001, 9.0496813E+001, 9.1788254E+001, 9.1647636E+001, 9.1431379E+001, 9.0506262E+001, 9.0696752E+001, 6.6004990E+001, 6.1753011E+001, 6.1530166E+001, 6.3039347E+001, 6.2765422E+001, 6.6164496E+001, 7.2111609E+001, 6.7201015E+001, 6.5896201E+001, 6.4540949E+001, 6.2481051E+001, 7.1233496E+001, 7.8641819E+001, 7.6487204E+001, 7.5073184E+001, 7.1001785E+001, 6.5576039E+001, 7.5585666E+001, 7.4817399E+001, 7.2597157E+001, 7.1107286E+001, 6.7113214E+001, 6.3054401E+001, 6.2220124E+001, 6.7992642E+001, 6.3701795E+001, 6.2385367E+001, 6.2415500E+001, 6.2623283E+001, 1.0044505E+002, 9.8904669E+001, 9.7296161E+001, 9.4712904E+001, 8.7163630E+001, 7.1859549E+001, 5.9695506E+001, 5.2114342E+001, 4.7297016E+001, 4.5199514E+001, 4.3145188E+001, 3.9575829E+001, 3.8906397E+001, 9.9326887E+001, 9.8679987E+001, 9.6321462E+001, 9.4290028E+001, 8.7112986E+001, 7.1099294E+001, 5.7744596E+001, 5.2836187E+001, 4.9548779E+001, 4.4524687E+001, 4.2733854E+001, 4.1135917E+001, 3.4959509E+001, 9.5658995E+001, 9.6229690E+001, 9.6631677E+001, 9.5858917E+001, 8.5693636E+001, 7.1910130E+001, 5.6543585E+001, 4.5120374E+001, 4.3201207E+001, 4.2540889E+001, 4.2375325E+001, 1.0148955E+002, 1.0051166E+002, 9.9648476E+001, 9.8679657E+001, 8.5243242E+001, 7.0020538E+001, 6.0355611E+001, 5.2404852E+001, 4.7917872E+001, 4.5725835E+001, 3.7522755E+001, 1.0810653E+002, 9.8677442E+001, 1.0744238E+002, 9.8321077E+001, 1.0871132E+002, 9.6930144E+001, 1.0722321E+002, 9.6800883E+001, 8.5546736E+001, 7.8777808E+001, 7.1900368E+001, 6.9545570E+001, 6.2425264E+001, 6.9706201E+001, 1.1897912E+002
 5.3001702E+003, 9.7475565E+001, 9.7720462E+001, 9.7727865E+001, 9.7567076E+001, 9.7305808E+001, 9.7585801E+001, 9.7594768E+001, 9.7691522E+001, 9.7666993E+001, 9.7701575E+001, 9.7581727E+001, 9.7629707E+001, 9.7663530E+001, 9.7674436E+001, 9.7507122E+001, 9.7429327E+001, 9.7511244E+001, 9.7328218E+001, 9.7631274E+001, 9.7592557E+001, 9.7295864E+001, 9.7148086E+001, 9.7192618E+001, 9.7054539E+001, 9.7558430E+001, 9.7442785E+001, 9.7167598E+001, 9.6983296E+001, 9.7004272E+001, 8.8810401E+001, 8.8970447E+001, 8.9029594E+001, 8.9389575E+001, 8.9664279E+001, 8.9580072E+001, 8.8715649E+001, 9.0842139E+001, 9.0528420E+001, 8.9064043E+001, 9.0969400E+001, 9.1065017E+001, 8.7948423E+001, 9.0667776E+001, 8.8855266E+001, 8.7234666E+001, 8.6062618E+001, 8.6999964E+001, 8.7305866E+001, 9.0143632E+001, 8.7897682E+001, 8.5643789E+001, 8.5690790E+001, 8.8490427E+001, 9.0422987E+001, 9.1091940E+001, 9.0654472E+001, 8.9852054E+001, 9.0574974E+001, 6.5501358E+001, 6.1912962E+001, 6.0846711E+001, 6.2589849E+001, 6.2818997E+001, 6.5927226E+001, 7.0046014E+001, 6.7769104E+001, 6.7611577E+001, 6.6998227E+001, 6.5030936E+001, 7.2277221E+001, 7.4365844E+001, 7.5713165E+001, 7.5455423E+001, 7.1858584E+001, 6.7085000E+001, 6.9057874E+001, 7.5789427E+001, 6.8516041E+001, 6.5409761E+001, 6.3493928E+001, 6.3065290E+001, 6.2398473E+001, 6.5675762E+001, 6.2149534E+001, 6.2231442E+001, 6.1794468E+001, 6.1891028E+001, 9.9121903E+001, 9.7967942E+001, 9.6155974E+001, 9.3593212E+001, 8.4227484E+001, 6.9655591E+001, 5.7781621E+001, 5.1383394E+001, 4.5621984E+001, 4.4720732E+001, 4.3204488E+001, 3.9301197E+001, 3.8099310E+001, 9.8273591E+001, 9.7824613E+001, 9.5458207E+001, 9.3038898E+001, 8.6555351E+001, 7.0342270E+001, 5.7328510E+001, 5.2824123E+001, 5.0290279E+001, 4.5370990E+001, 4.2634086E+001, 4.0793781E+001, 3.5105177E+001, 9.5106871E+001, 9.5507533E+001, 9.5601929E+001, 9.5338033E+001, 9.0058836E+001, 6.9613648E+001, 6.1838378E+001, 4.4876730E+001, 4.4237011E+001, 4.3794316E+001, 4.2870657E+001, 1.0014967E+002, 9.9169326E+001, 9.8680357E+001, 9.6681739E+001, 8.8545349E+001, 7.1239943E+001, 6.0142249E+001, 5.0573848E+001, 4.7440294E+001, 4.5674873E+001, 4.3473199E+001, 1.0626045E+002, 9.7066351E+001, 1.0559484E+002, 9.6750623E+001, 1.0686184E+002, 9.5381103E+001, 1.0533616E+002, 9.5265177E+001, 8.2396922E+001, 7.4147863E+001, 6.9715967E+001, 6.6703498E+001, 6.2110387E+001, 6.7966439E+001, 1.1692462E+002
 5.3202069E+003, 9.6925194E+001, 9.6801330E+001, 9.6715975E+001, 9.6714270E+001, 9.6579092E+001, 9.6882695E+001, 9.6963648E+001, 9.6769510E+001, 9.6550702E+001, 9.6620681E+001, 9.6682860E+001, 9.6570805E+001, 9.6910844E+001, 9.6697814E+001, 9.6429185E+001, 9.6418212E+001, 9.6413138E+001, 9.6330174E+001, 9.6748652E+001, 9.6609580E+001, 9.6401285E+001, 9.6302468E+001, 9.6255735E+001, 9.6290571E+001, 9.6624158E+001, 9.6503737E+001, 9.6398919E+001, 9.6272181E+001, 9.6176700E+001, 8.9306464E+001, 8.8690795E+001, 8.7955693E+001, 8.6736483E+001, 8.6462491E+001, 8.9579100E+001, 9.0542070E+001, 8.9503075E+001, 8.8128758E+001, 8.4125365E+001, 8.1820857E+001, 8.8905665E+001, 9.0665388E+001, 9.0931633E+001, 8.8858623E+001, 8.3153486E+001, 8.2596943E+001, 8.8522432E+001, 9.0290220E+001, 9.0273005E+001, 8.8645224E+001, 8.8635240E+001, 8.8418736E+001, 8.8536982E+001, 8.9639839E+001, 8.9346985E+001, 8.8453001E+001, 8.8406000E+001, 8.9400816E+001, 6.7609786E+001, 6.2640062E+001, 6.1547001E+001, 6.1940241E+001, 6.2057375E+001, 6.5832526E+001, 7.3287344E+001, 7.0314332E+001, 6.9358513E+001, 6.6060818E+001, 6.3824447E+001, 7.5449142E+001, 7.5742483E+001, 7.5115513E+001, 7.5261220E+001, 7.0369674E+001, 6.4878052E+001, 6.9242881E+001, 7.1371107E+001, 6.7890313E+001, 6.5633274E+001, 6.3027438E+001, 6.2220771E+001, 6.3025613E+001, 6.5230917E+001, 6.0477161E+001, 6.2587067E+001, 6.1284517E+001, 6.1247656E+001, 9.7818681E+001, 9.7181327E+001, 9.5359714E+001, 9.2848802E+001, 8.5767963E+001, 7.0902257E+001, 5.7392448E+001, 5.0333275E+001, 4.5333957E+001, 4.4725243E+001, 4.2764109E+001, 3.9737493E+001, 3.8310148E+001, 9.7174600E+001, 9.6931730E+001, 9.4707112E+001, 9.1854227E+001, 8.4238649E+001, 6.9330168E+001, 5.8016074E+001, 5.2319084E+001, 4.9063599E+001, 4.3958633E+001, 4.2463830E+001, 4.1889664E+001, 3.5340671E+001, 9.4562837E+001, 9.4855023E+001, 9.4973617E+001, 9.4557572E+001, 8.8448212E+001, 7.0050585E+001, 5.0117273E+001, 4.5777918E+001, 4.4498077E+001, 4.3480362E+001, 4.2220561E+001, 9.9033737E+001, 9.7979041E+001, 9.7235575E+001, 9.5335753E+001, 8.7588651E+001, 6.9107854E+001, 5.9327856E+001, 5.0145496E+001, 4.7381865E+001, 4.1952745E+001, 3.8397631E+001, 1.0446462E+002, 9.5505113E+001, 1.0380839E+002, 9.5258730E+001, 1.0503692E+002, 9.3823433E+001, 1.0356285E+002, 9.3786851E+001, 8.2098532E+001, 7.6165304E+001, 7.1125051E+001, 6.6604814E+001, 6.1761854E+001, 6.5482191E+001, 1.1491604E+002
 5.3401407E+003, 9.6193663E+001, 9.6065950E+001, 9.5867099E+001, 9.5935821E+001, 9.5839860E+001, 9.6097083E+001, 9.6088913E+001, 9.5955517E+001, 9.5776125E+001, 9.5806142E+001, 9.5745296E+001, 9.5848090E+001, 9.5910258E+001, 9.5907131E+001, 9.5765286E+001, 9.5705055E+001, 9.5581352E+001, 9.5686622E+001, 9.5866304E+001, 9.5857039E+001, 9.5708094E+001, 9.5630707E+001, 9.5486461E+001, 9.5538524E+001, 9.5782263E+001, 9.5727091E+001, 9.5638252E+001, 9.5577327E+001, 9.5390683E+001, 8.7517061E+001, 8.7930513E+001, 8.7761606E+001, 8.6860192E+001, 8.8308140E+001, 8.7351434E+001, 8.7514541E+001, 8.7594050E+001, 8.6230581E+001, 8.2909044E+001, 8.2037610E+001, 8.6757345E+001, 8.8058753E+001, 8.8748808E+001, 8.6493976E+001, 8.1282089E+001, 7.6551297E+001, 8.6401115E+001, 8.9441124E+001, 8.8928941E+001, 8.8249952E+001, 8.7211585E+001, 8.6304415E+001, 8.8273653E+001, 8.8987212E+001, 8.9216977E+001, 8.8907311E+001, 8.8694551E+001, 8.8323653E+001, 6.5274247E+001, 6.1618568E+001, 5.9924810E+001, 5.9579895E+001, 5.9437907E+001, 6.5358864E+001, 7.1144217E+001, 6.8888006E+001, 6.4879478E+001, 6.2156870E+001, 6.0670811E+001, 7.1935146E+001, 7.0826425E+001, 7.2301095E+001, 7.3060217E+001, 7.0488522E+001, 6.5649047E+001, 6.7866981E+001, 6.6205270E+001, 6.4933240E+001, 6.3391338E+001, 6.1302794E+001, 6.0719372E+001, 6.0728955E+001, 6.4236359E+001, 6.0660136E+001, 5.9824797E+001, 5.9022695E+001, 6.0060694E+001, 9.6518551E+001, 9.6171122E+001, 9.4382133E+001, 9.1590599E+001, 8.3817151E+001, 6.9386257E+001, 5.7149422E+001, 5.0595046E+001, 4.4971321E+001, 4.4240908E+001, 4.3635355E+001, 4.2567647E+001, 3.8381307E+001, 9.6304947E+001, 9.6013500E+001, 9.3942591E+001, 9.1564647E+001, 8.3442367E+001, 6.6311710E+001, 5.7278708E+001, 5.2477002E+001, 4.9557574E+001, 4.4849164E+001, 4.2698097E+001, 4.0472765E+001, 3.5562617E+001, 9.3480113E+001, 9.3876146E+001, 9.4283661E+001, 9.3583241E+001, 8.6185147E+001, 7.3001941E+001, 5.1607834E+001, 4.5092389E+001, 4.3381286E+001, 4.2568589E+001, 4.2050298E+001, 9.7905788E+001, 9.6802075E+001, 9.6074762E+001, 9.4166779E+001, 8.3248045E+001, 6.8729241E+001, 5.9768476E+001, 5.0548752E+001, 4.7241548E+001, 4.3829885E+001, 4.1906664E+001, 1.0269530E+002, 9.4019133E+001, 1.0209950E+002, 9.3823141E+001, 1.0330569E+002, 9.2345603E+001, 1.0182568E+002, 9.2393040E+001, 8.0291625E+001, 7.4291751E+001, 7.0539897E+001, 6.8185583E+001, 6.2373094E+001, 6.4272274E+001, 1.1305444E+002
 5.3601298E+003, 9.5473313E+001, 9.5240326E+001, 9.5127475E+001, 9.5079804E+001, 9.5026001E+001, 9.5265832E+001, 9.5205677E+001, 9.5147851E+001, 9.5143329E+001, 9.5115732E+001, 9.5034789E+001, 9.5107267E+001, 9.4996192E+001, 9.5065516E+001, 9.5113701E+001, 9.5074920E+001, 9.4958415E+001, 9.5064805E+001, 9.4837543E+001, 9.4939415E+001, 9.5037804E+001, 9.4950721E+001, 9.4801285E+001, 9.4788567E+001, 9.4648585E+001, 9.4790826E+001, 9.4901040E+001, 9.4820818E+001, 9.4646156E+001, 8.8807212E+001, 8.9136447E+001, 8.8875193E+001, 8.9070664E+001, 8.9637007E+001, 8.8776130E+001, 8.9245759E+001, 8.8689534E+001, 8.8980160E+001, 8.8257503E+001, 8.8321288E+001, 8.8976493E+001, 8.9705625E+001, 8.9097491E+001, 8.8461521E+001, 8.5216302E+001, 8.2222534E+001, 8.8124240E+001, 8.9096232E+001, 8.9213496E+001, 8.9234769E+001, 8.7620043E+001, 8.6760542E+001, 8.8516232E+001, 8.9084545E+001, 8.9243508E+001, 8.9004006E+001, 8.8929685E+001, 8.8396675E+001, 6.4444156E+001, 6.0341680E+001, 5.9891116E+001, 5.9736207E+001, 5.8989548E+001, 6.2493735E+001, 6.7376967E+001, 6.5516051E+001, 6.3643633E+001, 6.1555296E+001, 6.0020884E+001, 6.9511451E+001, 7.1230172E+001, 7.2478289E+001, 7.2395258E+001, 6.8525297E+001, 6.5137717E+001, 7.1048048E+001, 6.9139807E+001, 6.7473395E+001, 6.7121945E+001, 6.3250409E+001, 6.0854658E+001, 6.0527869E+001, 6.7654784E+001, 6.2315144E+001, 5.9447968E+001, 5.9108122E+001, 5.9558309E+001, 9.5311182E+001, 9.5275366E+001, 9.3729425E+001, 9.1006226E+001, 8.1605928E+001, 6.8861424E+001, 5.6177923E+001, 4.8799348E+001, 4.4965251E+001, 4.3922834E+001, 4.2526450E+001, 4.2226300E+001, 3.8450721E+001, 9.5571589E+001, 9.4829317E+001, 9.2841494E+001, 9.0534098E+001, 8.4477325E+001, 6.8107006E+001, 5.6397360E+001, 5.1756171E+001, 4.8308249E+001, 4.3892305E+001, 4.1362491E+001, 3.8299889E+001, 3.5512698E+001, 9.2539399E+001, 9.2894889E+001, 9.3243941E+001, 9.2826049E+001, 8.1417347E+001, 6.9384359E+001, 5.9234935E+001, 4.3959909E+001, 4.2641096E+001, 4.2089996E+001, 4.1734474E+001, 9.6915489E+001, 9.6107299E+001, 9.5257621E+001, 9.3652079E+001, 8.1289254E+001, 6.7424318E+001, 6.0177717E+001, 5.1580254E+001, 4.7548662E+001, 4.5257200E+001, 3.8560756E+001, 1.0101949E+002, 9.2586678E+001, 1.0046127E+002, 9.2470681E+001, 1.0164974E+002, 9.0926637E+001, 1.0014708E+002, 9.1072984E+001, 7.8521991E+001, 7.2252747E+001, 6.8438499E+001, 6.6257026E+001, 6.2343901E+001, 6.4594754E+001, 1.1125813E+002
 5.3801219E+003, 9.3692944E+001, 9.3773753E+001, 9.3907346E+001, 9.3839497E+001, 9.3893753E+001, 9.3709453E+001, 9.3609767E+001, 9.3819914E+001, 9.3941705E+001, 9.4004214E+001, 9.4016708E+001, 9.3891909E+001, 9.3697297E+001, 9.3785183E+001, 9.3980456E+001, 9.3998349E+001, 9.3902454E+001, 9.3978908E+001, 9.3741310E+001, 9.3745176E+001, 9.3910343E+001, 9.3886983E+001, 9.3843981E+001, 9.3833148E+001, 9.3742509E+001, 9.3720219E+001, 9.3788952E+001, 9.3799903E+001, 9.3798933E+001, 8.6411618E+001, 8.6219294E+001, 8.6086100E+001, 8.7496885E+001, 8.7437404E+001, 8.6551385E+001, 8.7867244E+001, 8.7051486E+001, 8.6635217E+001, 8.6878220E+001, 8.7174493E+001, 8.7203297E+001, 8.8112900E+001, 8.7017982E+001, 8.6460468E+001, 8.3403914E+001, 7.7807630E+001, 8.4734574E+001, 8.7413313E+001, 8.6779204E+001, 8.6219872E+001, 8.4737613E+001, 8.0280064E+001, 8.4294710E+001, 8.7141595E+001, 8.6737809E+001, 8.6443741E+001, 8.6284873E+001, 8.5808963E+001, 6.3915083E+001, 6.0630636E+001, 6.0217819E+001, 5.9957241E+001, 5.8566550E+001, 6.3398079E+001, 6.7475838E+001, 6.6030961E+001, 6.4613912E+001, 6.1223146E+001, 5.9167008E+001, 7.0202208E+001, 6.9067632E+001, 7.1044511E+001, 7.1411670E+001, 6.7414939E+001, 6.1131827E+001, 6.7564538E+001, 7.1859624E+001, 6.7650124E+001, 6.5105177E+001, 6.1477929E+001, 5.8503389E+001, 5.8925726E+001, 6.9351027E+001, 6.0038174E+001, 5.8360042E+001, 5.9312798E+001, 5.8622611E+001, 9.4780430E+001, 9.4553408E+001, 9.2514577E+001, 9.0202840E+001, 8.1881650E+001, 6.9150829E+001, 5.6157422E+001, 4.8721703E+001, 4.4868710E+001, 4.3689987E+001, 4.2913529E+001, 4.0471633E+001, 3.7056842E+001, 9.4769421E+001, 9.3610984E+001, 9.1516110E+001, 8.9761598E+001, 8.1809835E+001, 6.6683553E+001, 5.6328021E+001, 5.1930033E+001, 4.8984642E+001, 4.3659964E+001, 4.1563698E+001, 3.9875276E+001, 3.6010842E+001, 9.1752647E+001, 9.2220577E+001, 9.2424948E+001, 9.2001222E+001, 7.7597857E+001, 6.7234189E+001, 5.2932728E+001, 4.3763244E+001, 4.3200362E+001, 4.2282835E+001, 4.1296302E+001, 9.6312223E+001, 9.5407455E+001, 9.4250903E+001, 9.2584981E+001, 8.3097391E+001, 6.7196742E+001, 5.9461876E+001, 5.4865381E+001, 4.6964373E+001, 4.2004520E+001, 3.8322168E+001, 9.9427512E+001, 9.1204578E+001, 9.8892107E+001, 9.1165690E+001, 1.0003984E+002, 8.9614188E+001, 9.8529873E+001, 8.9758586E+001, 7.8029829E+001, 7.4414915E+001, 6.8034529E+001, 6.6236082E+001, 6.1631528E+001, 6.6600781E+001, 1.0957023E+002
 5.4000000E+003, 9.2727143E+001, 9.2794441E+001, 9.2742187E+001, 9.2738345E+001, 9.2795876E+001, 9.2820693E+001, 9.2892196E+001, 9.2896950E+001, 9.2884629E+001, 9.2897515E+001, 9.2866093E+001, 9.2941076E+001, 9.3101993E+001, 9.3012249E+001, 9.3011476E+001, 9.2926148E+001, 9.2894951E+001, 9.3019797E+001, 9.3125803E+001, 9.3062682E+001, 9.3067645E+001, 9.2950190E+001, 9.2880573E+001, 9.2895554E+001, 9.3051718E+001, 9.3012439E+001, 9.2991669E+001, 9.3003816E+001, 9.2808585E+001, 8.4190193E+001, 8.3965700E+001, 8.4872169E+001, 8.5440239E+001, 8.5542377E+001, 8.4170147E+001, 8.5645301E+001, 8.5064171E+001, 8.5112964E+001, 8.1888774E+001, 8.1877025E+001, 8.5644565E+001, 8.6980377E+001, 8.5247516E+001, 8.6189746E+001, 7.9911797E+001, 7.6687613E+001, 8.6212167E+001, 8.7357675E+001, 8.6372062E+001, 8.5919634E+001, 8.5863810E+001, 8.3183430E+001, 8.5165382E+001, 8.6932502E+001, 8.6649547E+001, 8.6440292E+001, 8.6299238E+001, 8.6015581E+001, 6.3718143E+001, 5.9268611E+001, 5.8711956E+001, 6.0364115E+001, 5.8895186E+001, 6.2734233E+001, 6.6904296E+001, 6.5452440E+001, 6.4575169E+001, 6.2019032E+001, 5.9496498E+001, 6.9412747E+001, 6.9575910E+001, 7.0822370E+001, 7.1124586E+001, 6.7928307E+001, 6.3024115E+001, 6.6199957E+001, 7.0835557E+001, 6.5623147E+001, 6.2689271E+001, 6.0643197E+001, 5.9210889E+001, 5.9170936E+001, 6.9388749E+001, 5.9056601E+001, 5.8873409E+001, 5.8650476E+001, 5.8660632E+001, 9.4328439E+001, 9.3867283E+001, 9.1851624E+001, 8.9143392E+001, 8.2564379E+001, 6.7525830E+001, 5.5253359E+001, 4.8985478E+001, 4.4708784E+001, 4.3013622E+001, 4.2801675E+001, 4.0739215E+001, 3.6555816E+001, 9.4288467E+001, 9.2796461E+001, 9.0996703E+001, 8.9363782E+001, 8.2911500E+001, 6.5402890E+001, 5.6532716E+001, 5.2195115E+001, 4.8959088E+001, 4.4052340E+001, 4.1906850E+001, 4.0160246E+001, 3.3728850E+001, 9.1341058E+001, 9.1926357E+001, 9.2179183E+001, 9.1400485E+001, 8.0132124E+001, 6.6245903E+001, 5.8265750E+001, 4.4442810E+001, 4.2796651E+001, 4.2114838E+001, 4.1610808E+001, 9.5662114E+001, 9.4495252E+001, 9.2873457E+001, 9.0980667E+001, 8.2124705E+001, 6.1807125E+001, 5.7013359E+001, 5.2084053E+001, 4.6632670E+001, 4.2867894E+001, 3.7630721E+001, 9.7858248E+001, 8.9866230E+001, 9.7352011E+001, 8.9913843E+001, 9.8472580E+001, 8.8401185E+001, 9.6997492E+001, 8.8506574E+001, 7.8245363E+001, 7.3487670E+001, 6.8780007E+001, 6.6248981E+001, 6.2952261E+001, 6.7061817E+001, 1.0796175E+002
