s,C,C,C,C,C,C,C,C,C,C,C,C,C,C,C,C,C,C,C,C,C,C,C,C,C,C,C,C,C,C,C,C,C,C,C,C,C,C,C,C,C,C,C,C,C,C,C,C,C,C,C,C,C,C,C,C,C,C,C,C,C,C,C,C,C,C,C,C,C,C,C,C,C,C,C,C,C,C,C,C,C,C,C,C,C,C,C,C,C,C,C,C,C,C,C,C,C,C,C,C,C,C,C,C,C,C,C,C,C,C,C,C,C,C,C,C,C,C,C,C,C,C,C,C,C,C,C,C,C,C,C,C,C,C,C,C,C,C,C,C,C,C,C,C,C,C,C,C,C,C
Time,TC-AG-01,TC-AG-02,TC-AG-03,TC-AG-04,TC-AG-05,TC-AG-06,TC-AG-07,TC-AG-08,TC-AG-09,TC-AG-10,TC-AG-11,TC-AG-12,TC-AG-13,TC-AG-14,TC-AG-15,TC-AG-16,TC-AG-17,TC-AG-18,TC-AG-19,TC-AG-20,TC-AG-21,TC-AG-22,TC-AG-23,TC-AG-24,TC-AG-25,TC-AG-26,TC-AG-27,TC-AG-28,TC-AG-29,TC-BG-01,TC-BG-02,TC-BG-03,TC-BG-04,TC-BG-05,TC-BG-06,TC-BG-07,TC-BG-08,TC-BG-09,TC-BG-10,TC-BG-11,TC-BG-12,TC-BG-13,TC-BG-14,TC-BG-15,TC-BG-16,TC-BG-17,TC-BG-18,TC-BG-19,TC-BG-20,TC-BG-21,TC-BG-22,TC-BG-23,TC-BG-24,TC-BG-25,TC-BG-26,TC-BG-27,TC-BG-28,TC-BG-29,TC-CG-01,TC-CG-02,TC-CG-03,TC-CG-04,TC-CG-05,TC-CG-06,TC-CG-07,TC-CG-08,TC-CG-09,TC-CG-10,TC-CG-11,TC-CG-12,TC-CG-13,TC-CG-14,TC-CG-15,TC-CG-16,TC-CG-17,TC-CG-18,TC-CG-19,TC-CG-20,TC-CG-21,TC-CG-22,TC-CG-23,TC-CG-24,TC-CG-25,TC-CG-26,TC-CG-27,TC-CG-28,TC-CG-29,TC-WT-01,TC-WT-02,TC-WT-03,TC-WT-04,TC-WT-05,TC-WT-06,TC-WT-07,TC-WT-08,TC-WT-09,TC-WT-10,TC-WT-11,TC-WT-12,TC-WT-13,TC-ET-01,TC-ET-02,TC-ET-03,TC-ET-04,TC-ET-05,TC-ET-06,TC-ET-07,TC-ET-08,TC-ET-09,TC-ET-10,TC-ET-11,TC-ET-12,TC-ET-13,TC-C-01,TC-C-02,TC-C-03,TC-C-04,TC-C-05,TC-C-06,TC-C-07,TC-C-08,TC-C-09,TC-C-10,TC-C-11,TC-W-01,TC-W-02,TC-W-03,TC-W-04,TC-W-05,TC-W-06,TC-W-07,TC-W-08,TC-W-09,TC-W-10,TC-W-11,PT-1,PT-2,PT-3,PT-4,PT-5,PT-6,PT-7,PT-8,STC-1,STC-2,STC-3,STC-4,STC-5,STC-6,TC-Cab
 0.0000000E+000, 2.4000000E+001, 2.4000000E+001, 2.4000000E+001, 2.4000000E+001, 2.4000000E+001, 2.4000000E+001, 2.4000000E+001, 2.4000000E+001, 2.4000000E+001, 2.4000000E+001, 2.4000000E+001, 2.4000000E+001, 2.4000000E+001, 2.4000000E+001, 2.4000000E+001, 2.4000000E+001, 2.4000000E+001, 2.4000000E+001, 2.4000000E+001, 2.4000000E+001, 2.4000000E+001, 2.4000000E+001, 2.4000000E+001, 2.4000000E+001, 2.4000000E+001, 2.4000000E+001, 2.4000000E+001, 2.4000000E+001, 2.4000000E+001, 2.4000000E+001, 2.4000000E+001, 2.4000000E+001, 2.4000000E+001, 2.4000000E+001, 2.4000000E+001, 2.4000000E+001, 2.4000000E+001, 2.4000000E+001, 2.4000000E+001, 2.4000000E+001, 2.4000000E+001, 2.4000000E+001, 2.4000000E+001, 2.4000000E+001, 2.4000000E+001, 2.4000000E+001, 2.4000000E+001, 2.4000000E+001, 2.4000000E+001, 2.4000000E+001, 2.4000000E+001, 2.4000000E+001, 2.4000000E+001, 2.4000000E+001, 2.4000000E+001, 2.4000000E+001, 2.4000000E+001, 2.4000000E+001, 2.4000000E+001, 2.4000000E+001, 2.4000000E+001, 2.4000000E+001, 2.4000000E+001, 2.4000000E+001, 2.4000000E+001, 2.4000000E+001, 2.4000000E+001, 2.4000000E+001, 2.4000000E+001, 2.4000000E+001, 2.4000000E+001, 2.4000000E+001, 2.4000000E+001, 2.4000000E+001, 2.4000000E+001, 2.4000000E+001, 2.4000000E+001, 2.4000000E+001, 2.4000000E+001, 2.4000000E+001, 2.4000000E+001, 2.4000000E+001, 2.4000000E+001, 2.4000000E+001, 2.4000000E+001, 2.4000000E+001, 2.4000000E+001, 2.4000000E+001, 2.4000000E+001, 2.4000000E+001, 2.4000000E+001, 2.4000000E+001, 2.4000000E+001, 2.4000000E+001, 2.4000000E+001, 2.4000000E+001, 2.4000000E+001, 2.4000000E+001, 2.4000000E+001, 2.4000000E+001, 2.4000000E+001, 2.4000000E+001, 2.4000000E+001, 2.4000000E+001, 2.4000000E+001, 2.4000000E+001, 2.4000000E+001, 2.4000000E+001, 2.4000000E+001, 2.4000000E+001, 2.4000000E+001, 2.4000000E+001, 2.4000000E+001, 2.4000000E+001, 2.4000000E+001, 2.4000000E+001, 2.4000000E+001, 2.4000000E+001, 2.4000000E+001, 2.4000000E+001, 2.4000000E+001, 2.4000000E+001, 2.4000000E+001, 2.4000000E+001, 2.4000000E+001, 2.4000000E+001, 2.4000000E+001, 2.4000000E+001, 2.4000000E+001, 2.4000000E+001, 2.4000000E+001, 2.4000000E+001, 2.4000000E+001, 2.4000000E+001, 2.4000000E+001, 2.4000000E+001, 2.4000000E+001, 2.4000000E+001, 2.4000000E+001, 2.4000000E+001, 2.4000000E+001, 2.4000000E+001, 2.4000000E+001, 2.4000000E+001, 2.4000000E+001, 2.4000000E+001, 2.4000000E+001, 2.4000000E+001, 2.4000000E+001, 2.4000000E+001
 2.0040797E+001, 2.4000608E+001, 2.4012379E+001, 2.4018936E+001, 2.4018645E+001, 2.4023690E+001, 2.4004931E+001, 2.4000630E+001, 2.4008041E+001, 2.4010999E+001, 2.4010774E+001, 2.4013854E+001, 2.4008146E+001, 2.4000602E+001, 2.4009474E+001, 2.4012606E+001, 2.4011702E+001, 2.4014781E+001, 2.4020434E+001, 2.4000585E+001, 2.4019669E+001, 2.4029326E+001, 2.4024737E+001, 2.4028657E+001, 2.4026821E+001, 2.4000634E+001, 2.4015080E+001, 2.4025466E+001, 2.4024383E+001, 2.4026503E+001, 2.4000852E+001, 2.4023763E+001, 2.4033715E+001, 2.4042703E+001, 2.4057434E+001, 2.4015580E+001, 2.4000919E+001, 2.4026667E+001, 2.4033134E+001, 2.4040770E+001, 2.4047702E+001, 2.4026050E+001, 2.4000924E+001, 2.4030737E+001, 2.4035659E+001, 2.4041368E+001, 2.4048720E+001, 2.4051352E+001, 2.4000868E+001, 2.4043918E+001, 2.4052799E+001, 2.4059089E+001, 2.4071459E+001, 2.4057514E+001, 2.4000748E+001, 2.4023025E+001, 2.4036273E+001, 2.4041931E+001, 2.4050236E+001, 2.6003893E+001, 2.4069101E+001, 2.4072175E+001, 2.4090710E+001, 2.4101147E+001, 2.5367387E+001, 2.7189639E+001, 2.4558621E+001, 2.4266350E+001, 2.4128754E+001, 2.4113878E+001, 2.4579365E+001, 2.7023338E+001, 2.4617454E+001, 2.4168817E+001, 2.4127036E+001, 2.4113104E+001, 2.4288467E+001, 2.7304375E+001, 2.4530406E+001, 2.4315128E+001, 2.4134424E+001, 2.4125943E+001, 2.4101403E+001, 2.4300828E+001, 2.4043399E+001, 2.4066301E+001, 2.4075717E+001, 2.4075564E+001, 2.3998823E+001, 2.3998770E+001, 2.3998741E+001, 2.3998614E+001, 2.3998507E+001, 2.3998546E+001, 2.3998586E+001, 2.3998676E+001, 2.3998680E+001, 2.3998735E+001, 2.3998693E+001, 2.3998803E+001, 2.3998893E+001, 2.4001313E+001, 2.4001919E+001, 2.4003223E+001, 2.4004791E+001, 2.4005634E+001, 2.4005188E+001, 2.4004272E+001, 2.4004995E+001, 2.4008319E+001, 2.4009247E+001, 2.4003753E+001, 2.4003024E+001, 2.4007648E+001, 2.3999814E+001, 2.3999767E+001, 2.3999825E+001, 2.3999829E+001, 2.3999794E+001, 2.3999791E+001, 2.3999775E+001, 2.3999753E+001, 2.3999764E+001, 2.3999779E+001, 2.3999799E+001, 2.4000696E+001, 2.4000778E+001, 2.4000867E+001, 2.4000869E+001, 2.4001025E+001, 2.4001156E+001, 2.4001234E+001, 2.4001267E+001, 2.4001370E+001, 2.4001597E+001, 2.4001350E+001, 2.4001654E+001, 2.4000827E+001, 2.4000252E+001, 2.4001842E+001, 2.4328404E+001, 2.4582783E+001, 2.4000118E+001, 2.4000288E+001, 3.3458366E+001, 3.5902413E+001, 3.8407183E+001, 3.7978006E+001, 4.2016357E+001, 6.9523016E+001, 2.4571683E+001
 4.0045583E+001, 2.4018869E+001, 2.4046637E+001, 2.4066462E+001, 2.4074063E+001, 2.4225302E+001, 2.4028419E+001, 2.4017442E+001, 2.4076221E+001, 2.4267469E+001, 2.4834252E+001, 2.6658936E+001, 2.4521891E+001, 2.4019631E+001, 2.4647074E+001, 2.7282445E+001, 2.9323533E+001, 3.1933745E+001, 3.0864343E+001, 2.4020763E+001, 2.4683327E+001, 2.9765966E+001, 3.4108279E+001, 3.2845093E+001, 3.2828392E+001, 2.4017230E+001, 2.4115536E+001, 2.6224819E+001, 3.0004438E+001, 2.8888153E+001, 2.5063508E+001, 2.4096175E+001, 2.4150066E+001, 2.4453145E+001, 2.4865429E+001, 2.4239469E+001, 2.4369021E+001, 2.5237080E+001, 2.7319679E+001, 2.9160295E+001, 2.9755408E+001, 3.0062086E+001, 2.4728580E+001, 2.9972812E+001, 3.6673203E+001, 4.0789899E+001, 3.7597899E+001, 4.9110947E+001, 2.5443919E+001, 3.0024311E+001, 3.9734493E+001, 4.3936186E+001, 3.6122304E+001, 3.4383644E+001, 2.4806112E+001, 2.5490646E+001, 2.8442244E+001, 3.0030821E+001, 2.9108904E+001, 2.9470905E+001, 2.5415909E+001, 2.6165778E+001, 2.5779405E+001, 2.4698964E+001, 4.1817418E+001, 3.8704055E+001, 4.8447391E+001, 4.0151562E+001, 3.5645525E+001, 2.7313612E+001, 6.8862805E+001, 3.4821930E+001, 6.6032752E+001, 7.5168880E+001, 4.9069898E+001, 3.2912455E+001, 6.5687464E+001, 3.8429516E+001, 5.6874631E+001, 5.8134446E+001, 4.2642255E+001, 3.1205081E+001, 2.9594158E+001, 2.5449546E+001, 2.5140743E+001, 2.7739768E+001, 2.7532349E+001, 2.5828099E+001, 2.4002105E+001, 2.4002429E+001, 2.4002781E+001, 2.4003061E+001, 2.4003333E+001, 2.4003628E+001, 2.4003848E+001, 2.4004448E+001, 2.4004383E+001, 2.4004721E+001, 2.4004549E+001, 2.4004232E+001, 2.4003739E+001, 2.4026754E+001, 2.4034321E+001, 2.4046817E+001, 2.4061199E+001, 2.4067344E+001, 2.4066724E+001, 2.4061772E+001, 2.4074305E+001, 2.4103165E+001, 2.4111880E+001, 2.4063869E+001, 2.4056316E+001, 2.4101054E+001, 2.4000541E+001, 2.4000389E+001, 2.4000655E+001, 2.4000619E+001, 2.4000491E+001, 2.4000739E+001, 2.4000954E+001, 2.4001085E+001, 2.4001059E+001, 2.4000732E+001, 2.4000506E+001, 2.4006789E+001, 2.4007590E+001, 2.4008773E+001, 2.4009361E+001, 2.4010629E+001, 2.4011862E+001, 2.4012438E+001, 2.4013406E+001, 2.4013759E+001, 2.4014841E+001, 2.4013346E+001, 2.4025883E+001, 2.4035528E+001, 2.4022819E+001, 2.4038751E+001, 2.6500711E+001, 2.8014710E+001, 2.4019931E+001, 2.4026032E+001, 1.3178836E+002, 1.0788938E+002, 7.9548046E+001, 6.0987382E+001, 5.8638305E+001, 9.8110532E+001, 2.9470172E+001
 6.0000835E+001, 2.5634345E+001, 2.6266681E+001, 2.7445544E+001, 2.7521396E+001, 2.8211496E+001, 2.6734626E+001, 2.6863886E+001, 3.1630518E+001, 3.3453065E+001, 3.4031009E+001, 3.8231973E+001, 3.6998120E+001, 3.0062621E+001, 4.0270518E+001, 4.3175972E+001, 4.7971651E+001, 5.5935207E+001, 4.8847337E+001, 2.9618572E+001, 3.6588091E+001, 4.3502331E+001, 5.6361877E+001, 6.4793461E+001, 4.9879735E+001, 2.7279748E+001, 2.8956525E+001, 3.4640169E+001, 3.9064537E+001, 4.0632366E+001, 2.5236145E+001, 2.6637033E+001, 2.9143588E+001, 2.8470628E+001, 2.9089809E+001, 2.7486099E+001, 2.7506844E+001, 3.2919384E+001, 3.8397501E+001, 3.9899106E+001, 3.9952790E+001, 4.2895447E+001, 3.2684416E+001, 4.5422503E+001, 5.7976476E+001, 6.4696096E+001, 7.0453211E+001, 7.1288377E+001, 3.1010350E+001, 4.1019139E+001, 5.3946042E+001, 7.8775087E+001, 6.7940804E+001, 5.4783264E+001, 2.5470525E+001, 2.7239773E+001, 3.1544539E+001, 3.7695491E+001, 3.5810466E+001, 2.5731079E+001, 2.9791802E+001, 3.1575666E+001, 3.3334596E+001, 3.0118647E+001, 5.2857035E+001, 3.5106938E+001, 7.4284512E+001, 5.6148820E+001, 4.7647997E+001, 4.0368540E+001, 9.7995949E+001, 3.0559214E+001, 7.8157786E+001, 1.1586290E+002, 8.4503188E+001, 5.5917730E+001, 1.0424614E+002, 3.5867822E+001, 9.0613536E+001, 8.6376829E+001, 6.2435561E+001, 4.0364165E+001, 3.7675879E+001, 2.6298656E+001, 2.8294870E+001, 3.2135939E+001, 2.8111143E+001, 2.5020126E+001, 2.6795713E+001, 2.5391463E+001, 2.4019240E+001, 2.4018622E+001, 2.4018633E+001, 2.4019228E+001, 2.4019867E+001, 2.4021212E+001, 2.4021050E+001, 2.4021789E+001, 2.4020991E+001, 2.4018628E+001, 2.4017227E+001, 3.4494341E+001, 2.5909128E+001, 2.4088008E+001, 2.4105036E+001, 2.4117903E+001, 2.4121895E+001, 2.4115788E+001, 2.4126191E+001, 2.4175536E+001, 2.4194838E+001, 2.4120625E+001, 2.4099125E+001, 2.4171745E+001, 2.4002331E+001, 2.4002111E+001, 2.4002823E+001, 2.4003381E+001, 2.4003792E+001, 2.4004508E+001, 2.4004769E+001, 2.4004974E+001, 2.4004568E+001, 2.4003378E+001, 2.4002797E+001, 2.9178631E+001, 2.8784945E+001, 2.7622859E+001, 2.6265403E+001, 2.5022504E+001, 2.4078714E+001, 2.4038161E+001, 2.4039892E+001, 2.4040191E+001, 2.4041606E+001, 2.4037332E+001, 2.4112853E+001, 2.4152457E+001, 2.4113314E+001, 2.4178346E+001, 3.0205034E+001, 3.2335519E+001, 2.4093582E+001, 2.4112220E+001, 1.8307922E+002, 1.2801508E+002, 9.0684618E+001, 7.8592816E+001, 5.4196677E+001, 1.0195010E+002, 3.7050134E+001
 8.0017722E+001, 2.6651357E+001, 3.1072101E+001, 3.8702104E+001, 3.8337665E+001, 3.6112989E+001, 3.0772781E+001, 2.7243347E+001, 3.4346186E+001, 4.7990132E+001, 5.6175780E+001, 4.9853346E+001, 4.0173855E+001, 2.7382931E+001, 3.3262269E+001, 4.8089909E+001, 5.9489241E+001, 5.8417693E+001, 5.2405470E+001, 2.7892156E+001, 3.5923379E+001, 4.2916473E+001, 4.5922732E+001, 4.6163904E+001, 4.1500502E+001, 2.6027764E+001, 2.9769650E+001, 3.4185727E+001, 3.8581275E+001, 3.9334481E+001, 2.4559644E+001, 3.1048409E+001, 4.3652102E+001, 4.0290658E+001, 3.1038354E+001, 2.8978019E+001, 2.6759269E+001, 3.5860797E+001, 5.8465593E+001, 6.4108515E+001, 4.8787997E+001, 4.6712393E+001, 2.8086725E+001, 3.9580744E+001, 5.8549262E+001, 7.6382341E+001, 6.9682153E+001, 7.1950968E+001, 2.9141188E+001, 3.5145777E+001, 5.4986637E+001, 5.2399344E+001, 5.0399916E+001, 4.0169875E+001, 2.4393182E+001, 2.6150830E+001, 2.8450426E+001, 3.3736632E+001, 3.0810435E+001, 2.5058683E+001, 3.4083219E+001, 5.3225456E+001, 4.1360220E+001, 2.8524154E+001, 5.4215516E+001, 2.6506428E+001, 8.7803956E+001, 8.5088934E+001, 6.3936702E+001, 3.5060869E+001, 9.9490669E+001, 2.6602365E+001, 6.9734651E+001, 1.1479405E+002, 8.2038430E+001, 3.9217520E+001, 9.8623077E+001, 3.4138413E+001, 8.7758012E+001, 7.9503996E+001, 4.3442417E+001, 3.1432860E+001, 2.9386323E+001, 2.7176950E+001, 2.8940373E+001, 2.7774515E+001, 2.5376441E+001, 2.4725186E+001, 3.1588675E+001, 2.5602515E+001, 2.4044540E+001, 2.4040492E+001, 2.4038645E+001, 2.4038771E+001, 2.4039265E+001, 2.4040506E+001, 2.4040891E+001, 2.4042132E+001, 2.4040541E+001, 2.4036060E+001, 2.4033946E+001, 3.8392353E+001, 2.8599265E+001, 2.4213620E+001, 2.4145753E+001, 2.4153217E+001, 2.4153313E+001, 2.4145322E+001, 2.4150679E+001, 2.4205191E+001, 2.4224806E+001, 2.4141473E+001, 2.4119991E+001, 2.4195454E+001, 2.4004322E+001, 2.4004109E+001, 2.4005740E+001, 2.4007572E+001, 2.4008991E+001, 2.4010097E+001, 2.4010297E+001, 2.4010547E+001, 2.4009464E+001, 2.4007193E+001, 2.4006330E+001, 3.5974184E+001, 3.5833869E+001, 3.3762325E+001, 3.1258526E+001, 2.9987731E+001, 2.8571273E+001, 2.5341745E+001, 2.4160371E+001, 2.4070622E+001, 2.4071078E+001, 2.4064171E+001, 2.4256738E+001, 2.4351133E+001, 2.4283466E+001, 2.4444121E+001, 3.3182009E+001, 3.6141522E+001, 2.4200783E+001, 2.4247424E+001, 1.8061267E+002, 1.2467376E+002, 9.4479620E+001, 8.4894916E+001, 7.1454074E+001, 1.1707412E+002, 4.4392996E+001
 1.0002783E+002, 2.6395143E+001, 2.9975905E+001, 3.6536387E+001, 3.6419577E+001, 3.3207867E+001, 2.8638018E+001, 2.5979763E+001, 3.2122561E+001, 4.2467353E+001, 5.2219751E+001, 5.5551727E+001, 3.8377140E+001, 2.6615348E+001, 3.2964449E+001, 4.5425423E+001, 5.7096064E+001, 7.0152145E+001, 4.5935579E+001, 2.6607069E+001, 3.1961697E+001, 3.5947156E+001, 4.6167164E+001, 5.8720049E+001, 4.3512472E+001, 2.4754042E+001, 2.6028339E+001, 2.9668053E+001, 3.1953511E+001, 3.5076440E+001, 2.4623509E+001, 2.9323046E+001, 3.7604497E+001, 3.6552438E+001, 3.0760481E+001, 2.8267776E+001, 2.5263482E+001, 3.6886125E+001, 5.0032073E+001, 6.4393627E+001, 5.4468527E+001, 4.5968047E+001, 2.6478953E+001, 4.0049729E+001, 5.4269389E+001, 8.1851933E+001, 7.5958098E+001, 6.8931317E+001, 2.6623300E+001, 3.8217926E+001, 4.7470291E+001, 6.5476434E+001, 6.0963982E+001, 4.1775758E+001, 2.4212890E+001, 2.5528529E+001, 2.7945583E+001, 2.9682599E+001, 2.8551671E+001, 2.5408680E+001, 3.3605448E+001, 4.4920418E+001, 3.8235016E+001, 3.0016183E+001, 5.9224510E+001, 2.6042373E+001, 9.1323268E+001, 7.6700175E+001, 6.8180691E+001, 4.4135187E+001, 1.0452242E+002, 2.6725663E+001, 7.0436115E+001, 1.2342500E+002, 8.8168347E+001, 3.9147915E+001, 1.0569014E+002, 3.4784980E+001, 9.3653166E+001, 8.6383241E+001, 5.0076326E+001, 3.3852464E+001, 3.0962547E+001, 2.5352981E+001, 2.8136214E+001, 2.7913334E+001, 2.5656117E+001, 2.4812024E+001, 3.5604442E+001, 2.5250301E+001, 2.4063953E+001, 2.4061807E+001, 2.4059119E+001, 2.4059040E+001, 2.4059742E+001, 2.4060668E+001, 2.4061681E+001, 2.4063578E+001, 2.4060869E+001, 2.4054797E+001, 2.4051834E+001, 4.0633958E+001, 2.7701300E+001, 2.4282291E+001, 2.4172372E+001, 2.4178676E+001, 2.4176931E+001, 2.4166975E+001, 2.4176099E+001, 2.4230593E+001, 2.4248537E+001, 2.4159907E+001, 2.4138489E+001, 2.4213551E+001, 2.4699337E+001, 2.4578601E+001, 2.4382497E+001, 2.4069023E+001, 2.4015221E+001, 2.4016580E+001, 2.4017236E+001, 2.4017786E+001, 2.4016177E+001, 2.4012512E+001, 2.4010946E+001, 3.6282233E+001, 3.5934222E+001, 3.5313871E+001, 3.1688791E+001, 2.7928908E+001, 2.6448227E+001, 2.5378782E+001, 2.4383192E+001, 2.4095572E+001, 2.4097431E+001, 2.4089955E+001, 2.4446910E+001, 2.4624788E+001, 2.4531275E+001, 2.4834193E+001, 3.5797704E+001, 3.9733036E+001, 2.4340283E+001, 2.4428005E+001, 1.8104244E+002, 1.3458862E+002, 9.7920976E+001, 9.0481869E+001, 7.0350009E+001, 1.1441099E+002, 5.1740706E+001
 1.2004515E+002, 2.7355518E+001, 3.5239192E+001, 3.9638730E+001, 3.8389930E+001, 3.4845059E+001, 3.1519884E+001, 2.7048537E+001, 3.4290106E+001, 4.9952863E+001, 5.7298993E+001, 5.1056401E+001, 3.9686179E+001, 2.6152373E+001, 3.2752648E+001, 4.4086583E+001, 6.0396726E+001, 6.3825684E+001, 5.0541100E+001, 2.6362847E+001, 3.2939595E+001, 4.0576509E+001, 4.8653308E+001, 5.5454030E+001, 4.4217090E+001, 2.4856997E+001, 2.7253734E+001, 3.0164996E+001, 3.1181573E+001, 3.3436905E+001, 2.7913602E+001, 3.9014660E+001, 4.1930481E+001, 3.5142249E+001, 2.9479284E+001, 3.4585114E+001, 2.9221224E+001, 3.8783466E+001, 6.1766210E+001, 6.1856241E+001, 4.7057435E+001, 4.8379111E+001, 2.5277321E+001, 3.4498767E+001, 5.8866878E+001, 7.6312448E+001, 6.5892824E+001, 7.2531417E+001, 2.5634659E+001, 3.6027092E+001, 4.9056508E+001, 6.2480483E+001, 5.4892062E+001, 4.2347920E+001, 2.4278393E+001, 2.7126802E+001, 2.8747751E+001, 3.1356608E+001, 2.8506027E+001, 2.7710529E+001, 4.4476179E+001, 4.5403136E+001, 3.5660027E+001, 2.7811135E+001, 5.9096070E+001, 2.8603132E+001, 9.0784812E+001, 8.4090133E+001, 5.8384442E+001, 4.0104861E+001, 9.9679642E+001, 2.6727469E+001, 7.7121032E+001, 1.1594199E+002, 7.7986561E+001, 3.8796701E+001, 9.5554036E+001, 3.3229167E+001, 7.7232868E+001, 7.8505794E+001, 4.6471139E+001, 2.9456697E+001, 2.7418539E+001, 2.4641890E+001, 2.7567936E+001, 2.8177752E+001, 2.5700219E+001, 2.4660495E+001, 3.5595747E+001, 2.5661923E+001, 2.4083731E+001, 2.4081625E+001, 2.4078471E+001, 2.4079078E+001, 2.4080124E+001, 2.4081838E+001, 2.4083413E+001, 2.4086261E+001, 2.4082450E+001, 2.4074949E+001, 2.4070679E+001, 3.9756204E+001, 2.5465078E+001, 2.4231683E+001, 2.4203620E+001, 2.4205710E+001, 2.4201394E+001, 2.4189161E+001, 2.4203489E+001, 2.4258938E+001, 2.4268606E+001, 2.4177356E+001, 2.4156479E+001, 2.4230873E+001, 2.8278819E+001, 2.8804945E+001, 2.8645939E+001, 2.8435347E+001, 2.7272852E+001, 2.5437046E+001, 2.4032422E+001, 2.4029710E+001, 2.4026826E+001, 2.4020964E+001, 2.4017736E+001, 3.9283581E+001, 3.8311915E+001, 3.6945329E+001, 3.2274609E+001, 2.5883937E+001, 2.4629449E+001, 2.4474089E+001, 2.4159889E+001, 2.4123852E+001, 2.4126895E+001, 2.4116943E+001, 2.4682950E+001, 2.4971765E+001, 2.4855262E+001, 2.5347154E+001, 3.8187493E+001, 4.2992683E+001, 2.4507379E+001, 2.4650357E+001, 1.8122861E+002, 1.2624522E+002, 8.7356028E+001, 8.0036480E+001, 6.5127780E+001, 9.9407127E+001, 5.8755141E+001
 1.4001286E+002, 2.8407442E+001, 3.3483291E+001, 3.6847571E+001, 3.8727294E+001, 4.2522543E+001, 3.0588245E+001, 2.7777796E+001, 3.4116058E+001, 4.3398311E+001, 4.9645121E+001, 5.7392880E+001, 4.1115622E+001, 2.7587452E+001, 3.6718409E+001, 4.6023194E+001, 5.7212612E+001, 5.6239602E+001, 4.9152685E+001, 2.7038450E+001, 3.1950762E+001, 3.8446130E+001, 4.1492867E+001, 4.3897911E+001, 3.6334460E+001, 2.5923248E+001, 2.5792210E+001, 2.7016148E+001, 3.0624903E+001, 3.3547259E+001, 2.6107905E+001, 3.0516329E+001, 3.3678719E+001, 3.6428270E+001, 4.2073245E+001, 2.9327294E+001, 2.8095824E+001, 3.7369172E+001, 4.8577821E+001, 6.3689773E+001, 7.5353705E+001, 4.8054557E+001, 2.8964362E+001, 4.0724761E+001, 6.1613296E+001, 7.0936920E+001, 7.0919140E+001, 6.3106919E+001, 2.4951711E+001, 2.9337105E+001, 4.3303483E+001, 5.0341555E+001, 4.2137219E+001, 3.5888202E+001, 2.4249899E+001, 2.4772875E+001, 2.6266327E+001, 2.8111262E+001, 2.7981854E+001, 2.6253711E+001, 3.2483846E+001, 4.3307640E+001, 5.1925467E+001, 3.9354903E+001, 5.2781448E+001, 2.7234277E+001, 8.4273657E+001, 8.2080402E+001, 7.9261570E+001, 5.9326872E+001, 9.6962397E+001, 2.6901471E+001, 8.4781902E+001, 1.1961080E+002, 8.2895050E+001, 4.3517293E+001, 8.0415628E+001, 3.2046335E+001, 6.4434876E+001, 5.9968591E+001, 3.9615675E+001, 2.8227016E+001, 2.6656679E+001, 2.4473485E+001, 2.6495265E+001, 2.8542789E+001, 2.5797866E+001, 2.4657117E+001, 3.6255182E+001, 2.6539215E+001, 2.4106173E+001, 2.4101019E+001, 2.4097265E+001, 2.4099251E+001, 2.4100369E+001, 2.4103291E+001, 2.4105601E+001, 2.4109348E+001, 2.4105733E+001, 2.4096340E+001, 2.4089928E+001, 4.1045375E+001, 2.7249412E+001, 2.4227461E+001, 2.4216252E+001, 2.4220759E+001, 2.4215039E+001, 2.4204882E+001, 2.4217029E+001, 2.4275240E+001, 2.4283437E+001, 2.4189908E+001, 2.4166342E+001, 2.4240037E+001, 2.9050794E+001, 2.9144514E+001, 2.9175775E+001, 2.9147154E+001, 2.9042379E+001, 2.7493305E+001, 2.4223258E+001, 2.4045762E+001, 2.4040823E+001, 2.4031984E+001, 2.4025982E+001, 3.8854539E+001, 3.8325139E+001, 3.7646108E+001, 3.6557311E+001, 3.1550230E+001, 2.4354938E+001, 2.4224248E+001, 2.4158377E+001, 2.4158231E+001, 2.4161526E+001, 2.4148222E+001, 2.4957233E+001, 2.5383882E+001, 2.5254005E+001, 2.5988753E+001, 4.0613978E+001, 4.6165729E+001, 2.4701915E+001, 2.4913202E+001, 1.6941713E+002, 1.2505586E+002, 9.6316154E+001, 8.6091951E+001, 5.8475893E+001, 9.9699161E+001, 6.8026558E+001
 1.6002328E+002, 2.7143648E+001, 3.0436281E+001, 3.7766073E+001, 4.3889905E+001, 4.7899099E+001, 3.1229442E+001, 2.8653710E+001, 3.4557525E+001, 4.3523779E+001, 5.1904736E+001, 5.2597055E+001, 3.9857246E+001, 3.0226088E+001, 3.5602902E+001, 4.4021215E+001, 5.0849744E+001, 5.6213896E+001, 4.4970791E+001, 2.5479672E+001, 2.9401932E+001, 3.5816904E+001, 4.3519727E+001, 4.2491886E+001, 3.8282210E+001, 2.5094713E+001, 2.5850768E+001, 2.7845719E+001, 3.1784770E+001, 3.2163891E+001, 2.5808086E+001, 2.9717667E+001, 3.6783084E+001, 4.7529990E+001, 4.7384337E+001, 2.8216119E+001, 2.8085435E+001, 3.5083241E+001, 4.6977720E+001, 6.7376912E+001, 6.3062337E+001, 4.5632047E+001, 3.1047055E+001, 4.6484845E+001, 5.7387851E+001, 6.8992495E+001, 6.7545049E+001, 6.0507424E+001, 2.5790827E+001, 3.0883545E+001, 4.3344389E+001, 4.9963320E+001, 4.5721004E+001, 3.6437428E+001, 2.4237356E+001, 2.4503037E+001, 2.5558412E+001, 2.7516197E+001, 2.8346080E+001, 2.6884435E+001, 3.3601130E+001, 4.8951621E+001, 5.1698491E+001, 3.7832392E+001, 5.6037749E+001, 2.7779939E+001, 8.9998409E+001, 8.0313599E+001, 7.1660905E+001, 4.1414600E+001, 1.0310958E+002, 2.7211232E+001, 7.8850897E+001, 1.1525881E+002, 8.7455562E+001, 4.3474527E+001, 8.7762737E+001, 3.4277784E+001, 7.8560597E+001, 6.9501695E+001, 4.5553851E+001, 2.8770427E+001, 2.6905585E+001, 2.4775067E+001, 2.7967397E+001, 2.7619049E+001, 2.5692843E+001, 2.4660964E+001, 3.5098838E+001, 2.8168229E+001, 2.4159576E+001, 2.4118646E+001, 2.4116187E+001, 2.4119508E+001, 2.4121190E+001, 2.4126174E+001, 2.4129854E+001, 2.4134432E+001, 2.4131018E+001, 2.4118767E+001, 2.4111612E+001, 4.1453281E+001, 3.3597520E+001, 2.5682051E+001, 2.4752380E+001, 2.4275401E+001, 2.4231540E+001, 2.4222909E+001, 2.4234842E+001, 2.4294949E+001, 2.4309844E+001, 2.4212634E+001, 2.4183369E+001, 2.4259641E+001, 2.9559858E+001, 3.0338154E+001, 3.0038387E+001, 2.9562373E+001, 2.8847058E+001, 2.7731584E+001, 2.6269371E+001, 2.4105183E+001, 2.4053090E+001, 2.4040395E+001, 2.4033150E+001, 3.9840777E+001, 3.9595438E+001, 3.8999043E+001, 3.7011302E+001, 2.8864101E+001, 2.4247769E+001, 2.4182350E+001, 2.4190307E+001, 2.4191276E+001, 2.4194820E+001, 2.4177033E+001, 2.5264313E+001, 2.5854352E+001, 2.5728501E+001, 2.6767167E+001, 4.2764217E+001, 4.9052889E+001, 2.4921751E+001, 2.5215835E+001, 1.8464536E+002, 1.2580875E+002, 9.1289145E+001, 8.4554693E+001, 6.0554593E+001, 1.0202867E+002, 7.5925132E+001
 1.8006116E+002, 2.7775678E+001, 2.9628764E+001, 3.7671488E+001, 4.4412132E+001, 4.1961210E+001, 2.9815918E+001, 2.9114030E+001, 3.4805905E+001, 4.0925252E+001, 4.9771361E+001, 5.8203466E+001, 3.8477347E+001, 3.1191435E+001, 3.6932147E+001, 4.1973044E+001, 5.4248708E+001, 6.0586931E+001, 4.5853404E+001, 2.8747501E+001, 3.2952397E+001, 3.7422769E+001, 4.4083537E+001, 4.6829902E+001, 3.7432244E+001, 2.8364901E+001, 2.8951645E+001, 2.9930758E+001, 3.3652127E+001, 3.3269417E+001, 2.6330590E+001, 3.2974262E+001, 3.2574027E+001, 4.1823898E+001, 4.0494526E+001, 2.9444151E+001, 2.5952170E+001, 3.6098284E+001, 4.5011810E+001, 6.6351978E+001, 6.4892835E+001, 4.4502196E+001, 2.7241147E+001, 4.3150209E+001, 5.4125317E+001, 8.0291834E+001, 7.5741008E+001, 5.8738653E+001, 2.6010001E+001, 3.3139733E+001, 4.1709669E+001, 4.7145358E+001, 4.6954345E+001, 3.7656385E+001, 2.4270934E+001, 2.4930766E+001, 2.7103888E+001, 3.1644212E+001, 2.8935355E+001, 2.7941258E+001, 3.4825448E+001, 3.7064734E+001, 4.9552823E+001, 4.5074658E+001, 6.0171225E+001, 2.8487459E+001, 9.3036681E+001, 8.1949878E+001, 7.1164457E+001, 5.5357160E+001, 1.0518101E+002, 2.6996701E+001, 7.5274828E+001, 1.2180097E+002, 8.1290638E+001, 4.0472826E+001, 8.5248301E+001, 3.2969726E+001, 7.2660460E+001, 5.9141984E+001, 3.8489387E+001, 2.7937323E+001, 2.5996380E+001, 2.4789610E+001, 2.7611950E+001, 2.6826972E+001, 2.4903361E+001, 2.4690649E+001, 3.6764007E+001, 3.0030547E+001, 2.6560917E+001, 2.4339437E+001, 2.4136305E+001, 2.4140362E+001, 2.4142430E+001, 2.4149526E+001, 2.4154606E+001, 2.4162462E+001, 2.4158489E+001, 2.4142719E+001, 2.4136558E+001, 4.0473013E+001, 3.5112775E+001, 2.9384668E+001, 2.8558150E+001, 2.8541118E+001, 2.5076805E+001, 2.4252143E+001, 2.4254806E+001, 2.4307840E+001, 2.4330932E+001, 2.4241506E+001, 2.4198473E+001, 2.4275123E+001, 2.9417825E+001, 2.9775907E+001, 3.0012810E+001, 2.9760229E+001, 2.8696996E+001, 2.6528841E+001, 2.5358541E+001, 2.4118887E+001, 2.4061080E+001, 2.4047325E+001, 2.4040582E+001, 3.7717702E+001, 3.7500899E+001, 3.6055141E+001, 2.9749757E+001, 2.5462463E+001, 2.4223310E+001, 2.4201671E+001, 2.4230868E+001, 2.4229294E+001, 2.4235142E+001, 2.4211573E+001, 2.5608226E+001, 2.6384530E+001, 2.6274825E+001, 2.7668764E+001, 4.4910286E+001, 5.1768869E+001, 2.5167018E+001, 2.5555479E+001, 1.7552769E+002, 1.2080373E+002, 8.7740106E+001, 8.1933774E+001, 6.5757996E+001, 1.0365241E+002, 8.4005783E+001
 2.0001687E+002, 2.6505182E+001, 2.9573557E+001, 3.5977708E+001, 4.3611246E+001, 5.1476629E+001, 2.9204090E+001, 2.8528953E+001, 3.5131181E+001, 3.8870559E+001, 4.9553166E+001, 6.1427101E+001, 3.8603555E+001, 3.1153349E+001, 3.6677040E+001, 4.3504817E+001, 5.0978696E+001, 5.6257633E+001, 4.4690906E+001, 3.1244077E+001, 3.3952410E+001, 3.7028081E+001, 4.0149187E+001, 4.0282133E+001, 3.5274921E+001, 3.1512412E+001, 3.2763280E+001, 3.3624665E+001, 3.1759909E+001, 3.2891231E+001, 2.6055173E+001, 3.0903088E+001, 3.7104462E+001, 5.0220008E+001, 5.4297571E+001, 2.9339856E+001, 2.5955997E+001, 3.4763131E+001, 4.4051234E+001, 6.6602572E+001, 7.5780387E+001, 4.2879560E+001, 2.5705755E+001, 3.7615999E+001, 5.6491418E+001, 6.6197838E+001, 5.8285990E+001, 5.7928631E+001, 2.4854977E+001, 3.1234153E+001, 4.0382136E+001, 3.7785490E+001, 3.7169283E+001, 3.3152532E+001, 2.4367523E+001, 2.5032012E+001, 2.9137141E+001, 3.2674261E+001, 3.1475233E+001, 2.6408589E+001, 3.3201864E+001, 4.4895282E+001, 6.2815679E+001, 4.7122383E+001, 5.7721973E+001, 2.7234146E+001, 8.8917738E+001, 9.1111231E+001, 8.3083082E+001, 5.4003666E+001, 1.0072964E+002, 2.7617112E+001, 7.6942223E+001, 1.1412978E+002, 7.2588499E+001, 4.5691985E+001, 6.6294970E+001, 3.2893090E+001, 6.9190607E+001, 5.7954557E+001, 3.6345247E+001, 2.9249599E+001, 2.8642898E+001, 2.4621495E+001, 2.6081175E+001, 2.7299262E+001, 2.7770918E+001, 2.5347949E+001, 3.6257534E+001, 3.0594479E+001, 2.7076899E+001, 2.6899531E+001, 2.5615630E+001, 2.4521686E+001, 2.4166376E+001, 2.4173828E+001, 2.4179752E+001, 2.4191345E+001, 2.4189883E+001, 2.4171169E+001, 2.4166459E+001, 4.2914199E+001, 3.2376582E+001, 2.9057496E+001, 2.8977955E+001, 2.8549664E+001, 2.6074209E+001, 2.4294343E+001, 2.4288933E+001, 2.4330016E+001, 2.4356258E+001, 2.4267208E+001, 2.4215974E+001, 2.4289040E+001, 3.1173337E+001, 3.1317342E+001, 3.0925705E+001, 3.0201291E+001, 2.7069694E+001, 2.4555223E+001, 2.4262405E+001, 2.4088997E+001, 2.4074986E+001, 2.4057505E+001, 2.4050169E+001, 4.2689417E+001, 4.2170743E+001, 4.0286831E+001, 3.9108478E+001, 3.3576542E+001, 2.7624872E+001, 2.4243762E+001, 2.4274030E+001, 2.4266349E+001, 2.4278195E+001, 2.4249590E+001, 2.5981740E+001, 2.6964324E+001, 2.6888975E+001, 2.8688486E+001, 4.7051738E+001, 5.4440413E+001, 2.5433898E+001, 2.5931212E+001, 1.6751302E+002, 1.2763373E+002, 9.7329044E+001, 8.5801890E+001, 6.0620458E+001, 9.5334844E+001, 9.2561058E+001
 2.2003797E+002, 2.9155787E+001, 3.3616721E+001, 3.3277087E+001, 3.7391008E+001, 4.4664366E+001, 3.2412210E+001, 3.0686531E+001, 3.6538492E+001, 4.3036277E+001, 4.4478696E+001, 4.9368265E+001, 4.0908143E+001, 3.1995238E+001, 3.5723901E+001, 4.4529228E+001, 5.0342718E+001, 5.4023198E+001, 4.7791794E+001, 3.1955439E+001, 3.5231439E+001, 3.7738671E+001, 4.5697662E+001, 4.6681751E+001, 4.2084974E+001, 3.1722656E+001, 3.3300127E+001, 3.6092461E+001, 3.8148745E+001, 3.8561437E+001, 2.5937707E+001, 3.0177894E+001, 3.6096534E+001, 4.2189030E+001, 4.1303074E+001, 2.9110115E+001, 2.6887615E+001, 3.8334364E+001, 5.3067131E+001, 6.1707126E+001, 6.5197766E+001, 4.7540327E+001, 2.8421638E+001, 3.8480267E+001, 5.3444293E+001, 6.6369434E+001, 7.0577497E+001, 5.9543922E+001, 2.7477981E+001, 3.6944876E+001, 4.2801031E+001, 5.1881395E+001, 4.8312513E+001, 4.2162475E+001, 2.6047274E+001, 2.8751833E+001, 3.2367760E+001, 3.5488856E+001, 3.6949890E+001, 2.6847210E+001, 3.7800080E+001, 4.5044787E+001, 4.4941639E+001, 3.3404531E+001, 5.6775268E+001, 2.7121473E+001, 9.2260580E+001, 9.4600912E+001, 7.7642501E+001, 5.0240907E+001, 1.0025341E+002, 2.6791998E+001, 7.5530000E+001, 1.1219813E+002, 8.3604278E+001, 4.7581489E+001, 8.0364673E+001, 3.2455836E+001, 7.8332333E+001, 7.2963451E+001, 4.7650676E+001, 3.6009824E+001, 3.3291896E+001, 2.4822594E+001, 2.7959106E+001, 3.4563736E+001, 3.0031262E+001, 2.5546368E+001, 3.6778771E+001, 3.0843004E+001, 2.7974605E+001, 2.7684289E+001, 2.7686957E+001, 2.7200187E+001, 2.4824736E+001, 2.4211094E+001, 2.4218447E+001, 2.4229619E+001, 2.4229136E+001, 2.4207063E+001, 2.4200436E+001, 4.2911177E+001, 3.4801918E+001, 3.0204348E+001, 2.8350894E+001, 2.7461042E+001, 2.4977522E+001, 2.4339805E+001, 2.4331650E+001, 2.4373659E+001, 2.4398820E+001, 2.4292444E+001, 2.4239032E+001, 2.4314930E+001, 3.2201942E+001, 3.2268951E+001, 3.2087978E+001, 3.1327220E+001, 2.9748719E+001, 2.4450097E+001, 2.4136002E+001, 2.4099267E+001, 2.4095671E+001, 2.4072393E+001, 2.4062387E+001, 4.1835532E+001, 4.1753586E+001, 4.1266181E+001, 4.0153625E+001, 3.1545071E+001, 2.5833527E+001, 2.4304098E+001, 2.4318225E+001, 2.4310207E+001, 2.4324774E+001, 2.4292272E+001, 2.6380313E+001, 2.7590910E+001, 2.7563642E+001, 2.9822261E+001, 4.9241327E+001, 5.7018490E+001, 2.5725243E+001, 2.6343821E+001, 1.6787609E+002, 1.2853475E+002, 9.6305348E+001, 8.0091187E+001, 6.0498588E+001, 1.0347084E+002, 1.0109118E+002
 2.4002673E+002, 2.9951203E+001, 3.1404600E+001, 3.4959171E+001, 4.0260908E+001, 4.2038708E+001, 3.1079836E+001, 3.0833372E+001, 3.4043932E+001, 3.9708140E+001, 4.8842788E+001, 5.9348715E+001, 3.8780617E+001, 3.1881077E+001, 3.5794777E+001, 4.5603332E+001, 5.7415738E+001, 6.0883728E+001, 5.3861708E+001, 3.3790172E+001, 4.0703384E+001, 4.6550984E+001, 4.5476879E+001, 4.5066659E+001, 3.9172579E+001, 3.1605914E+001, 3.3758892E+001, 3.5214566E+001, 3.5252479E+001, 3.7164169E+001, 2.7516999E+001, 3.0613209E+001, 3.5364023E+001, 3.5922205E+001, 3.4185546E+001, 2.9442451E+001, 2.8117379E+001, 3.7108644E+001, 5.2310853E+001, 5.9485766E+001, 6.4811535E+001, 4.8413189E+001, 2.8822105E+001, 3.7526115E+001, 5.7303857E+001, 7.5070385E+001, 7.3749915E+001, 6.3446474E+001, 2.8174738E+001, 3.9174237E+001, 5.1144900E+001, 4.9920670E+001, 5.1390791E+001, 3.9808979E+001, 2.7687036E+001, 2.8768824E+001, 2.9545035E+001, 3.1282812E+001, 3.4807994E+001, 2.7540662E+001, 3.7578024E+001, 3.8813882E+001, 3.3673751E+001, 2.8056808E+001, 5.7507633E+001, 2.9339265E+001, 8.9988717E+001, 7.9703772E+001, 7.0759981E+001, 5.4464040E+001, 1.0273637E+002, 2.8190963E+001, 8.1209993E+001, 1.1390095E+002, 8.9222442E+001, 4.9733866E+001, 8.4402820E+001, 3.0982093E+001, 8.5202598E+001, 6.7163942E+001, 4.8813164E+001, 3.3134363E+001, 3.3790668E+001, 2.7022349E+001, 2.9037296E+001, 3.2767446E+001, 3.2619096E+001, 2.7581379E+001, 4.0581464E+001, 3.2996024E+001, 2.9283150E+001, 2.8202258E+001, 2.7866715E+001, 2.7202238E+001, 2.4655322E+001, 2.4262988E+001, 2.4274654E+001, 2.4287148E+001, 2.4278700E+001, 2.4249209E+001, 2.4234140E+001, 4.3954108E+001, 3.7682333E+001, 3.0265403E+001, 2.7438979E+001, 2.6402474E+001, 2.5147255E+001, 2.4777614E+001, 2.4371749E+001, 2.4423084E+001, 2.4440739E+001, 2.4314841E+001, 2.4266207E+001, 2.4344062E+001, 3.2204909E+001, 3.2111419E+001, 3.2045648E+001, 3.1916770E+001, 3.1310070E+001, 2.8489869E+001, 2.5211508E+001, 2.4117339E+001, 2.4114224E+001, 2.4087234E+001, 2.4074655E+001, 4.2094126E+001, 4.1992382E+001, 4.1559899E+001, 4.0460355E+001, 3.5414881E+001, 2.4799230E+001, 2.4370350E+001, 2.4352705E+001, 2.4368468E+001, 2.4377429E+001, 2.4341522E+001, 2.6804327E+001, 2.8260908E+001, 2.8296563E+001, 3.1067515E+001, 5.1402383E+001, 5.9476183E+001, 2.6040048E+001, 2.6792022E+001, 1.7402786E+002, 1.2566215E+002, 9.3204811E+001, 8.0074191E+001, 6.4182986E+001, 1.0462832E+002, 1.0876014E+002
 2.6008620E+002, 2.9715927E+001, 3.3434179E+001, 3.9688527E+001, 4.0310455E+001, 4.0225557E+001, 3.0380132E+001, 2.9910356E+001, 3.3393744E+001, 4.4559974E+001, 4.8916362E+001, 5.3559745E+001, 4.0573149E+001, 3.0202557E+001, 3.4536268E+001, 4.5601942E+001, 5.7298031E+001, 6.6678987E+001, 4.9554293E+001, 2.9955580E+001, 3.3068025E+001, 4.0661826E+001, 5.1131767E+001, 5.9596795E+001, 4.6085576E+001, 2.9923571E+001, 3.0234544E+001, 3.2507016E+001, 3.6117608E+001, 3.9851998E+001, 2.8181827E+001, 3.2545105E+001, 4.0332027E+001, 4.2630852E+001, 3.7362453E+001, 3.0100592E+001, 2.8339595E+001, 3.9129196E+001, 5.0685844E+001, 6.2481669E+001, 5.5608264E+001, 4.7025465E+001, 2.8411837E+001, 3.7092815E+001, 5.9013312E+001, 7.8359577E+001, 7.4907882E+001, 7.3065740E+001, 2.8250314E+001, 3.4107739E+001, 4.9587062E+001, 6.2748608E+001, 5.8884728E+001, 4.4728215E+001, 2.7980175E+001, 2.8164581E+001, 3.2399766E+001, 3.4900744E+001, 3.6009607E+001, 3.0426075E+001, 3.6745477E+001, 4.0728589E+001, 4.2007925E+001, 3.3118545E+001, 6.2908058E+001, 3.3487595E+001, 9.5409962E+001, 7.5579050E+001, 6.8667412E+001, 4.8620025E+001, 1.0140464E+002, 3.0879656E+001, 7.9650975E+001, 1.1505601E+002, 8.4560164E+001, 4.4492009E+001, 9.8835054E+001, 3.7138371E+001, 9.8904559E+001, 8.7838835E+001, 5.1563988E+001, 3.3119590E+001, 3.5692939E+001, 2.7777859E+001, 3.2217695E+001, 3.4676434E+001, 3.3818416E+001, 2.9586350E+001, 3.9085265E+001, 3.4341118E+001, 3.0258808E+001, 2.9326217E+001, 2.8688062E+001, 2.6604174E+001, 2.4558774E+001, 2.4306116E+001, 2.4310195E+001, 2.4320825E+001, 2.4310140E+001, 2.4277959E+001, 2.4261188E+001, 4.4875891E+001, 4.0168053E+001, 3.1955802E+001, 2.9659126E+001, 2.5656671E+001, 2.5420679E+001, 2.4969507E+001, 2.4430652E+001, 2.4494137E+001, 2.4482627E+001, 2.4343458E+001, 2.4298431E+001, 2.4373675E+001, 3.3203099E+001, 3.3271356E+001, 3.3109580E+001, 3.2987571E+001, 3.2364719E+001, 3.0616682E+001, 2.5648435E+001, 2.4148564E+001, 2.4140781E+001, 2.4106979E+001, 2.4089453E+001, 4.2910670E+001, 4.2784046E+001, 4.2089856E+001, 4.0888345E+001, 3.8474766E+001, 2.6770138E+001, 2.4612537E+001, 2.4368184E+001, 2.4424056E+001, 2.4440646E+001, 2.4398376E+001, 2.7255006E+001, 2.8973826E+001, 2.9077154E+001, 3.2396358E+001, 5.3338494E+001, 6.1628907E+001, 2.6375802E+001, 2.7269593E+001, 1.9594825E+002, 1.2157891E+002, 9.1350258E+001, 8.6662143E+001, 7.0955660E+001, 1.1793365E+002, 1.1308514E+002
 2.8008071E+002, 3.1336378E+001, 3.4521747E+001, 3.5528992E+001, 3.5291199E+001, 3.6142889E+001, 3.3422331E+001, 3.1498793E+001, 3.8157441E+001, 4.1949107E+001, 4.4017490E+001, 5.1366798E+001, 4.4924003E+001, 3.1470405E+001, 4.0483136E+001, 5.1601693E+001, 6.1545638E+001, 7.0971037E+001, 5.5004206E+001, 3.1261388E+001, 3.6214796E+001, 4.2812574E+001, 5.0624444E+001, 5.9819345E+001, 4.7830072E+001, 3.1445184E+001, 3.2121564E+001, 3.5170844E+001, 3.8341615E+001, 4.0684503E+001, 2.9845904E+001, 3.2592950E+001, 3.4775946E+001, 3.4408939E+001, 3.2833499E+001, 3.2930781E+001, 3.0118301E+001, 4.2671057E+001, 4.6774305E+001, 5.1749301E+001, 5.4135612E+001, 5.2351328E+001, 3.0066884E+001, 5.0215694E+001, 6.6417856E+001, 8.0573513E+001, 7.9974680E+001, 7.8338280E+001, 2.8989340E+001, 3.9756897E+001, 5.2973075E+001, 6.7212468E+001, 5.9482448E+001, 4.7191302E+001, 2.8100825E+001, 2.8748601E+001, 3.4916424E+001, 3.6671567E+001, 3.6259158E+001, 2.9945419E+001, 3.3959502E+001, 3.7758385E+001, 3.6548794E+001, 3.2860861E+001, 5.7113136E+001, 3.3470969E+001, 8.1652658E+001, 6.6765972E+001, 6.4396131E+001, 5.0276226E+001, 9.7511020E+001, 3.1181312E+001, 7.3973445E+001, 1.1305334E+002, 8.5506180E+001, 5.4063075E+001, 1.0367120E+002, 3.8556634E+001, 1.0300237E+002, 8.8984787E+001, 4.8349511E+001, 3.3858375E+001, 3.1630421E+001, 2.8403595E+001, 3.2945921E+001, 3.2075245E+001, 3.0812046E+001, 2.8270943E+001, 4.2636589E+001, 3.4529853E+001, 3.0055094E+001, 2.9691956E+001, 2.9402411E+001, 2.7883469E+001, 2.5319554E+001, 2.4332734E+001, 2.4339688E+001, 2.4349085E+001, 2.4340315E+001, 2.4300610E+001, 2.4287835E+001, 4.6757635E+001, 3.5610307E+001, 3.1995654E+001, 3.0337772E+001, 2.5087095E+001, 2.5191050E+001, 2.4595383E+001, 2.4499506E+001, 2.4539651E+001, 2.4503948E+001, 2.4363796E+001, 2.4318120E+001, 2.4391011E+001, 3.3583695E+001, 3.3616345E+001, 3.3390585E+001, 3.3041429E+001, 3.2741884E+001, 3.1918686E+001, 2.6486098E+001, 2.4184758E+001, 2.4168449E+001, 2.4129059E+001, 2.4106923E+001, 4.2764622E+001, 4.2616573E+001, 4.2153703E+001, 3.9287711E+001, 3.2505633E+001, 2.7928584E+001, 2.6824602E+001, 2.5526978E+001, 2.4472309E+001, 2.4494646E+001, 2.4440960E+001, 2.7733714E+001, 2.9727762E+001, 2.9893163E+001, 3.3770433E+001, 5.5383551E+001, 6.3623546E+001, 2.6731015E+001, 2.7771708E+001, 1.8285528E+002, 1.2474704E+002, 9.6658399E+001, 8.9025200E+001, 7.7116065E+001, 1.1948824E+002, 1.1710527E+002
 3.0000338E+002, 3.1008957E+001, 3.6598225E+001, 3.7935653E+001, 4.1669328E+001, 4.2197228E+001, 3.4724995E+001, 3.2114571E+001, 4.2608714E+001, 4.9020686E+001, 5.4947703E+001, 5.7875504E+001, 4.7997933E+001, 3.4592048E+001, 4.3891899E+001, 5.6384078E+001, 6.0779187E+001, 5.8197581E+001, 5.6506119E+001, 3.2650316E+001, 3.7677056E+001, 4.5595016E+001, 5.1488093E+001, 5.0783094E+001, 4.8097866E+001, 3.1788398E+001, 3.2661703E+001, 3.5368753E+001, 3.8430296E+001, 4.0926061E+001, 3.3062744E+001, 3.8893325E+001, 3.6855336E+001, 3.4877199E+001, 3.6643788E+001, 3.5790050E+001, 3.1029412E+001, 4.6373257E+001, 5.7984723E+001, 5.9628327E+001, 5.4876617E+001, 5.3846082E+001, 3.2440616E+001, 4.7192878E+001, 6.5067570E+001, 7.1378510E+001, 7.0078776E+001, 7.0269559E+001, 2.9435436E+001, 4.1892166E+001, 5.9032093E+001, 6.0910441E+001, 5.1169136E+001, 4.8137063E+001, 2.8072183E+001, 2.9068888E+001, 3.2689748E+001, 3.8236650E+001, 3.4664505E+001, 3.0356856E+001, 4.1406955E+001, 4.3955601E+001, 3.5492696E+001, 3.4156732E+001, 6.5403855E+001, 3.6133660E+001, 9.5250319E+001, 8.1817261E+001, 6.3023896E+001, 4.7080977E+001, 1.0467075E+002, 3.1747709E+001, 7.5436992E+001, 1.1667163E+002, 7.9440030E+001, 4.1118383E+001, 1.0003211E+002, 3.6549434E+001, 9.5751674E+001, 7.6792030E+001, 4.7138218E+001, 3.1393309E+001, 2.8813257E+001, 2.6922888E+001, 3.0769165E+001, 2.9504634E+001, 2.7574706E+001, 2.6294240E+001, 4.1601016E+001, 3.4222989E+001, 3.0195203E+001, 2.9592858E+001, 2.9335999E+001, 2.9821390E+001, 2.7032268E+001, 2.4405963E+001, 2.4405726E+001, 2.4404549E+001, 2.4390693E+001, 2.4339272E+001, 2.4323163E+001, 4.5276075E+001, 3.5169786E+001, 3.1680247E+001, 3.1849698E+001, 2.5961468E+001, 2.4909396E+001, 2.4819937E+001, 2.4536105E+001, 2.4556006E+001, 2.4533809E+001, 2.4386587E+001, 2.4335064E+001, 2.4404178E+001, 3.4620513E+001, 3.4698260E+001, 3.4715474E+001, 3.4649615E+001, 3.4060989E+001, 3.3370782E+001, 3.0597774E+001, 2.4219144E+001, 2.4199857E+001, 2.4152199E+001, 2.4126066E+001, 4.2603375E+001, 4.2302645E+001, 4.1827800E+001, 4.1133147E+001, 3.7318307E+001, 2.7918776E+001, 2.7510037E+001, 2.6383780E+001, 2.4525646E+001, 2.4507853E+001, 2.4475387E+001, 2.8236960E+001, 3.0515632E+001, 3.0737414E+001, 3.5176305E+001, 5.7083116E+001, 6.5505454E+001, 2.7096254E+001, 2.8290749E+001, 1.8875820E+002, 1.2131980E+002, 9.3141196E+001, 8.9382260E+001, 8.9002103E+001, 1.1959635E+002, 1.2076738E+002
 3.2006416E+002, 3.1884291E+001, 3.7006231E+001, 4.2867034E+001, 4.4581699E+001, 4.3723879E+001, 3.5382767E+001, 3.2966525E+001, 4.3888067E+001, 5.1470502E+001, 6.0674726E+001, 6.0415559E+001, 4.7580469E+001, 3.4587393E+001, 4.4088222E+001, 4.7495838E+001, 5.3437365E+001, 5.7077862E+001, 4.7920095E+001, 3.5982742E+001, 3.9293862E+001, 4.3820939E+001, 5.0143084E+001, 5.1702568E+001, 4.6829351E+001, 3.2896023E+001, 3.6782520E+001, 4.0168476E+001, 4.1328551E+001, 4.1420558E+001, 3.2915977E+001, 3.9518090E+001, 4.1401993E+001, 4.0516721E+001, 3.5879780E+001, 3.9215600E+001, 3.1756879E+001, 4.7741535E+001, 5.8800471E+001, 6.9652157E+001, 5.9706260E+001, 5.5947702E+001, 3.4674510E+001, 5.1184948E+001, 6.3009810E+001, 7.8084413E+001, 7.1381836E+001, 6.2696039E+001, 3.0590906E+001, 3.3934337E+001, 4.8525996E+001, 5.5672537E+001, 4.9918650E+001, 4.3677626E+001, 2.9103647E+001, 3.0729174E+001, 3.2215415E+001, 3.7652702E+001, 3.7562803E+001, 3.1776258E+001, 4.4543448E+001, 4.9575827E+001, 3.9533042E+001, 3.2025178E+001, 6.2775993E+001, 3.3852277E+001, 9.6661946E+001, 7.7641677E+001, 6.4381835E+001, 4.4452740E+001, 1.0823974E+002, 3.2829205E+001, 8.1600694E+001, 1.1759155E+002, 7.6005215E+001, 4.5209992E+001, 9.5237048E+001, 3.8493871E+001, 9.0216166E+001, 7.1654257E+001, 4.7292275E+001, 3.0290973E+001, 3.1273155E+001, 2.6903310E+001, 3.0966068E+001, 3.1977649E+001, 2.9869144E+001, 2.6020049E+001, 4.0913911E+001, 3.4939129E+001, 3.0786804E+001, 3.0189021E+001, 2.9602887E+001, 2.9804426E+001, 2.6084381E+001, 2.4465671E+001, 2.4455678E+001, 2.4454881E+001, 2.4428542E+001, 2.4374673E+001, 2.4355314E+001, 4.3556966E+001, 3.6927101E+001, 3.2050492E+001, 3.3026734E+001, 3.0405178E+001, 2.5367518E+001, 2.5220111E+001, 2.4773195E+001, 2.4586575E+001, 2.4566392E+001, 2.4409490E+001, 2.4351114E+001, 2.4419471E+001, 3.3956896E+001, 3.4481010E+001, 3.4639230E+001, 3.4831316E+001, 3.4619420E+001, 3.3124691E+001, 2.5877895E+001, 2.4234695E+001, 2.4226318E+001, 2.4171077E+001, 2.4143890E+001, 4.4455136E+001, 4.3791294E+001, 4.2938998E+001, 4.2851391E+001, 3.7078888E+001, 2.6690295E+001, 2.5530891E+001, 2.4785663E+001, 2.4553934E+001, 2.4552178E+001, 2.4519597E+001, 2.8768322E+001, 3.1338339E+001, 3.1608333E+001, 3.6599629E+001, 5.8829375E+001, 6.7381631E+001, 2.7476097E+001, 2.8827371E+001, 1.8854473E+002, 1.2370601E+002, 9.7364622E+001, 9.8149468E+001, 8.6062809E+001, 1.1891969E+002, 1.2465134E+002
 3.4005464E+002, 3.2299675E+001, 3.9378397E+001, 4.1225179E+001, 4.2272472E+001, 4.9230885E+001, 3.8164117E+001, 3.3842174E+001, 4.4364888E+001, 5.0475407E+001, 6.0779493E+001, 6.5722088E+001, 4.9840144E+001, 3.4705001E+001, 4.4409279E+001, 5.4274637E+001, 6.0384369E+001, 6.5638513E+001, 5.0937130E+001, 3.2663632E+001, 3.8194767E+001, 4.6166384E+001, 4.9194693E+001, 5.5289354E+001, 4.7096759E+001, 3.2021041E+001, 3.4145176E+001, 3.5338791E+001, 3.7662323E+001, 4.0192370E+001, 3.3542818E+001, 3.6820724E+001, 3.9375830E+001, 4.1081524E+001, 3.9211661E+001, 3.6658732E+001, 3.4377901E+001, 4.4662483E+001, 5.5470488E+001, 7.1788215E+001, 6.5806978E+001, 5.5664718E+001, 3.7918407E+001, 5.6025928E+001, 6.7881455E+001, 8.6178126E+001, 6.3972562E+001, 7.0523875E+001, 3.2625133E+001, 3.9185548E+001, 5.0774143E+001, 5.9255792E+001, 5.4578420E+001, 4.2812981E+001, 3.0247751E+001, 3.1201246E+001, 3.2582588E+001, 3.4529799E+001, 3.2817206E+001, 3.1107780E+001, 4.0592093E+001, 4.8042119E+001, 3.9939091E+001, 3.1847995E+001, 6.3603085E+001, 3.5409330E+001, 9.2579117E+001, 8.5986017E+001, 6.6076960E+001, 5.0786176E+001, 1.0798654E+002, 3.2510656E+001, 8.4888040E+001, 1.2416114E+002, 7.8856640E+001, 4.2610208E+001, 9.1861294E+001, 3.7591340E+001, 8.8256609E+001, 6.5886418E+001, 4.4886346E+001, 2.8390198E+001, 2.9249025E+001, 2.9328018E+001, 3.4337588E+001, 3.0666184E+001, 2.8969742E+001, 2.6519514E+001, 4.2118904E+001, 3.6014140E+001, 3.1994852E+001, 3.1496237E+001, 3.0214374E+001, 2.9148730E+001, 2.5466759E+001, 2.4509867E+001, 2.4491877E+001, 2.4489916E+001, 2.4454925E+001, 2.4402257E+001, 2.4382327E+001, 4.4056636E+001, 3.6674987E+001, 3.2870564E+001, 3.2365172E+001, 3.0190201E+001, 2.6297898E+001, 2.5282383E+001, 2.5160364E+001, 2.4625832E+001, 2.4592959E+001, 2.4434160E+001, 2.4360591E+001, 2.4428258E+001, 3.3300651E+001, 3.4184931E+001, 3.4237274E+001, 3.3995967E+001, 3.3814300E+001, 3.3166491E+001, 2.6829274E+001, 2.4268741E+001, 2.4244205E+001, 2.4191520E+001, 2.4159063E+001, 4.3466719E+001, 4.3353516E+001, 4.3137638E+001, 4.2635775E+001, 3.7819358E+001, 2.9600879E+001, 2.5416792E+001, 2.4665828E+001, 2.4620322E+001, 2.4608178E+001, 2.4553767E+001, 2.9316685E+001, 3.2186292E+001, 3.2504297E+001, 3.8040750E+001, 6.0484860E+001, 6.9182451E+001, 2.7869341E+001, 2.9380928E+001, 1.9126234E+002, 1.3002737E+002, 1.0574554E+002, 9.0838784E+001, 7.2039319E+001, 1.0774494E+002, 1.2819283E+002
 3.6001567E+002, 3.3712973E+001, 3.8930393E+001, 4.1215977E+001, 4.3701567E+001, 4.5771713E+001, 3.5927538E+001, 3.3801987E+001, 4.0200113E+001, 4.8191014E+001, 5.9866409E+001, 6.1879877E+001, 4.5106978E+001, 3.5655061E+001, 4.1388794E+001, 5.0486338E+001, 6.2522901E+001, 6.5909934E+001, 5.4668682E+001, 3.4800934E+001, 3.8801528E+001, 4.5903787E+001, 5.2932084E+001, 5.2385966E+001, 4.9775445E+001, 3.3365143E+001, 3.4828109E+001, 3.9312300E+001, 4.4989639E+001, 4.3921186E+001, 3.3263851E+001, 3.8400838E+001, 3.6582699E+001, 3.8562335E+001, 3.7835170E+001, 3.8983509E+001, 3.3866396E+001, 4.5595538E+001, 5.7729055E+001, 6.3364123E+001, 5.8510854E+001, 5.3801006E+001, 3.4282637E+001, 4.9727690E+001, 7.0007668E+001, 8.8936075E+001, 7.1356544E+001, 8.1922415E+001, 3.1613332E+001, 4.0532305E+001, 6.0924642E+001, 6.0432073E+001, 5.0297719E+001, 4.7191195E+001, 3.1771759E+001, 3.2810550E+001, 3.6420634E+001, 3.7764261E+001, 3.8581977E+001, 3.2767937E+001, 4.1723241E+001, 4.4346510E+001, 3.6385478E+001, 2.9388464E+001, 6.4452656E+001, 3.5281549E+001, 9.2899185E+001, 8.5977604E+001, 5.9866557E+001, 4.4491061E+001, 1.1687792E+002, 3.4006455E+001, 9.3699970E+001, 1.2884179E+002, 7.8163033E+001, 4.2312546E+001, 9.1787129E+001, 3.9539033E+001, 8.4868664E+001, 7.3874467E+001, 4.3936321E+001, 2.9767538E+001, 2.9885295E+001, 2.9486781E+001, 3.4716778E+001, 3.0229967E+001, 2.8617223E+001, 2.8149135E+001, 3.9437227E+001, 3.6725292E+001, 3.2042254E+001, 3.1984049E+001, 3.1123105E+001, 2.9173076E+001, 2.5388783E+001, 2.4558093E+001, 2.4550490E+001, 2.4538058E+001, 2.4495632E+001, 2.4435769E+001, 2.4413201E+001, 4.6182629E+001, 3.6449997E+001, 3.2811319E+001, 3.1496592E+001, 2.9245529E+001, 2.7096716E+001, 2.5715852E+001, 2.5323654E+001, 2.4665514E+001, 2.4609191E+001, 2.4458008E+001, 2.4375845E+001, 2.4436162E+001, 3.4482860E+001, 3.4762524E+001, 3.4810342E+001, 3.4666121E+001, 3.4310155E+001, 3.3299118E+001, 2.9912912E+001, 2.4787245E+001, 2.4291068E+001, 2.4232791E+001, 2.4179563E+001, 4.4337921E+001, 4.4158927E+001, 4.3802877E+001, 4.3079612E+001, 3.8622237E+001, 3.0558391E+001, 2.7620987E+001, 2.5687059E+001, 2.4668421E+001, 2.4636881E+001, 2.4592024E+001, 2.9879222E+001, 3.3045125E+001, 3.3420487E+001, 3.9494777E+001, 6.1993627E+001, 7.0745275E+001, 2.8272629E+001, 2.9946236E+001, 1.9309833E+002, 1.2651843E+002, 9.9763126E+001, 9.3071154E+001, 7.0587907E+001, 8.9651112E+001, 1.3229078E+002
 3.8007646E+002, 3.3108184E+001, 3.8088744E+001, 4.1798484E+001, 4.2222058E+001, 4.1228258E+001, 3.6946735E+001, 3.5006597E+001, 4.1394110E+001, 4.9882420E+001, 5.9698907E+001, 5.5141811E+001, 4.4434651E+001, 3.5043300E+001, 3.9720492E+001, 5.0433844E+001, 6.8436304E+001, 6.7196455E+001, 6.0482183E+001, 3.5133109E+001, 3.9458156E+001, 4.8267099E+001, 5.8396731E+001, 6.0285456E+001, 5.1280215E+001, 3.3905599E+001, 3.4863781E+001, 3.9554050E+001, 4.3459583E+001, 4.2867723E+001, 3.3596364E+001, 3.6097361E+001, 3.8171975E+001, 3.4835069E+001, 3.2070953E+001, 3.7510945E+001, 3.6089606E+001, 4.6325929E+001, 5.3478065E+001, 6.5143917E+001, 5.2830241E+001, 5.5436503E+001, 3.5090285E+001, 5.3989919E+001, 6.4681272E+001, 8.6348754E+001, 7.1532518E+001, 8.1049499E+001, 3.1796848E+001, 4.0141856E+001, 6.0011279E+001, 6.9034456E+001, 5.8852160E+001, 4.8124245E+001, 3.1438561E+001, 3.2561421E+001, 3.7246325E+001, 3.9600666E+001, 3.7526612E+001, 3.1871845E+001, 3.7382570E+001, 4.0979884E+001, 3.3721733E+001, 2.8245747E+001, 5.8688703E+001, 3.4569016E+001, 8.4458006E+001, 7.8959758E+001, 6.5149507E+001, 4.2779512E+001, 9.7720232E+001, 3.2784172E+001, 7.6164397E+001, 1.2396488E+002, 9.5653028E+001, 4.8244369E+001, 1.0207962E+002, 3.7989806E+001, 9.5052975E+001, 8.0373890E+001, 5.2640101E+001, 3.2579347E+001, 3.0120892E+001, 3.0128455E+001, 3.2281419E+001, 3.1644081E+001, 2.8688077E+001, 2.7542120E+001, 4.2287904E+001, 3.5358063E+001, 3.2680379E+001, 3.2402277E+001, 3.1990678E+001, 2.9800139E+001, 2.7031972E+001, 2.4606845E+001, 2.4604292E+001, 2.4598744E+001, 2.4544296E+001, 2.4473014E+001, 2.4450489E+001, 4.9490429E+001, 3.5780523E+001, 3.3442669E+001, 3.2270472E+001, 3.0446708E+001, 2.9154955E+001, 2.7382640E+001, 2.5630094E+001, 2.4738068E+001, 2.4656343E+001, 2.4492241E+001, 2.4392598E+001, 2.4456345E+001, 3.4463348E+001, 3.4718279E+001, 3.5241923E+001, 3.5073237E+001, 3.4769800E+001, 3.3762130E+001, 2.8282190E+001, 2.6354378E+001, 2.5293515E+001, 2.4334389E+001, 2.4206901E+001, 4.4428508E+001, 4.4369112E+001, 4.4038245E+001, 4.3451385E+001, 3.6922277E+001, 2.7244224E+001, 2.5379156E+001, 2.5412451E+001, 2.4715897E+001, 2.4682126E+001, 2.4637350E+001, 3.0456944E+001, 3.3915427E+001, 3.4357510E+001, 4.0955755E+001, 6.3584059E+001, 7.2311168E+001, 2.8687999E+001, 3.0523154E+001, 1.9332389E+002, 1.2929670E+002, 9.2231649E+001, 8.2761356E+001, 6.7865119E+001, 1.2047027E+002, 1.3524098E+002
 4.0006390E+002, 3.3050566E+001, 3.9308585E+001, 4.4409976E+001, 4.3648859E+001, 4.2590946E+001, 3.7473257E+001, 3.4188286E+001, 4.2058064E+001, 5.0577383E+001, 5.5479507E+001, 5.5227325E+001, 4.5993068E+001, 3.5936577E+001, 4.4104449E+001, 5.1043824E+001, 6.2949119E+001, 6.3391784E+001, 5.4558866E+001, 3.5141999E+001, 4.4245127E+001, 4.9260714E+001, 5.3713672E+001, 5.8477373E+001, 4.7921677E+001, 3.4380730E+001, 3.7150783E+001, 3.8891286E+001, 4.1199291E+001, 4.2067900E+001, 3.4805777E+001, 3.8862758E+001, 4.3625434E+001, 4.1771157E+001, 3.4448689E+001, 3.9154651E+001, 3.5111162E+001, 4.7035111E+001, 5.4774741E+001, 6.4965914E+001, 5.2751466E+001, 5.6752423E+001, 3.6210679E+001, 5.6260702E+001, 6.7624245E+001, 8.2865574E+001, 6.9338105E+001, 7.2461112E+001, 3.2729416E+001, 4.5284684E+001, 5.8945031E+001, 6.1064158E+001, 5.6344199E+001, 4.5171956E+001, 3.2305174E+001, 3.3673346E+001, 3.7374027E+001, 3.8761852E+001, 3.7113517E+001, 3.2685860E+001, 4.0229748E+001, 4.9340026E+001, 4.1854278E+001, 2.9150943E+001, 6.3240281E+001, 3.5121714E+001, 9.1990732E+001, 7.9048524E+001, 6.4644735E+001, 3.7326490E+001, 1.0382788E+002, 3.3701005E+001, 7.5941922E+001, 1.2317921E+002, 8.1882697E+001, 4.6486377E+001, 9.2458562E+001, 3.9073944E+001, 9.6891062E+001, 6.9400456E+001, 4.5759151E+001, 3.1338114E+001, 3.0855673E+001, 3.1798404E+001, 3.3158623E+001, 3.1320132E+001, 2.8697295E+001, 2.8038275E+001, 4.2797177E+001, 3.6406634E+001, 3.4473846E+001, 3.2807581E+001, 3.2759406E+001, 3.0109212E+001, 2.7857240E+001, 2.4736577E+001, 2.4668735E+001, 2.4645231E+001, 2.4579765E+001, 2.4503359E+001, 2.4477971E+001, 4.8104473E+001, 3.8474565E+001, 3.4321620E+001, 3.3053106E+001, 3.1461215E+001, 3.0321954E+001, 2.8665556E+001, 2.5809145E+001, 2.4791585E+001, 2.4700029E+001, 2.4510537E+001, 2.4415380E+001, 2.4477078E+001, 3.4708027E+001, 3.4733840E+001, 3.4729694E+001, 3.4633823E+001, 3.4084695E+001, 3.2388530E+001, 2.7802574E+001, 2.6487769E+001, 2.6224976E+001, 2.4775123E+001, 2.4249439E+001, 4.4400126E+001, 4.4459141E+001, 4.4340713E+001, 4.4413866E+001, 3.8141900E+001, 3.1000010E+001, 2.5310434E+001, 2.5094905E+001, 2.4767656E+001, 2.4726386E+001, 2.4678117E+001, 3.1046641E+001, 3.4799393E+001, 3.5304366E+001, 4.2412920E+001, 6.5059396E+001, 7.3757923E+001, 2.9111895E+001, 3.1110033E+001, 1.9187055E+002, 1.2463576E+002, 9.4069350E+001, 8.5469787E+001, 7.1025161E+001, 1.1224147E+002, 1.3796509E+002
 4.2001620E+002, 3.4235637E+001, 3.9341170E+001, 4.1703339E+001, 4.5395598E+001, 4.4873302E+001, 3.7301869E+001, 3.4398693E+001, 4.3103201E+001, 4.9578303E+001, 5.3572860E+001, 5.8325074E+001, 4.5122509E+001, 3.5703440E+001, 4.0223100E+001, 5.2024099E+001, 6.1468266E+001, 6.4238364E+001, 5.8177205E+001, 3.5926735E+001, 4.0286298E+001, 4.9577529E+001, 5.8934971E+001, 5.6976121E+001, 5.3724474E+001, 3.6233011E+001, 3.8041769E+001, 4.1421125E+001, 4.8470922E+001, 4.7692891E+001, 3.3426655E+001, 3.9207647E+001, 4.1825654E+001, 4.5711578E+001, 4.2871737E+001, 3.8091186E+001, 3.3232447E+001, 4.7022134E+001, 5.2784359E+001, 6.4566854E+001, 6.1347136E+001, 5.6275053E+001, 3.3635985E+001, 4.5860232E+001, 6.7578302E+001, 8.5142309E+001, 7.0286029E+001, 7.4996528E+001, 3.2815892E+001, 4.0563784E+001, 5.4020644E+001, 6.1854018E+001, 5.1072488E+001, 5.0059592E+001, 3.3068131E+001, 3.4710757E+001, 3.7825263E+001, 4.4036334E+001, 3.9613178E+001, 3.2727448E+001, 3.9202733E+001, 4.2580077E+001, 5.3708788E+001, 3.4222661E+001, 6.6288738E+001, 3.8858846E+001, 9.2726386E+001, 7.6349487E+001, 7.4178184E+001, 4.9756186E+001, 1.1078773E+002, 3.4955007E+001, 8.6687094E+001, 1.2466233E+002, 7.9238268E+001, 4.7294250E+001, 8.7518553E+001, 4.0517992E+001, 7.3750507E+001, 6.8100510E+001, 4.2683949E+001, 3.0842235E+001, 2.9295800E+001, 2.9809358E+001, 3.1832990E+001, 3.2216452E+001, 2.8293161E+001, 2.8474940E+001, 4.3459593E+001, 3.6703828E+001, 3.5162780E+001, 3.3877499E+001, 3.3057980E+001, 3.0106195E+001, 2.6866420E+001, 2.4812001E+001, 2.4706695E+001, 2.4677602E+001, 2.4604723E+001, 2.4529616E+001, 2.4497496E+001, 4.6837452E+001, 3.9758666E+001, 3.5140296E+001, 3.4036233E+001, 3.2078515E+001, 2.9882174E+001, 2.8134280E+001, 2.5330339E+001, 2.4800345E+001, 2.4705918E+001, 2.4516936E+001, 2.4441182E+001, 2.4503622E+001, 3.5488571E+001, 3.5537841E+001, 3.5489640E+001, 3.5364339E+001, 3.4649516E+001, 2.8523977E+001, 2.6631301E+001, 2.6219985E+001, 2.5469884E+001, 2.4589442E+001, 2.4261018E+001, 4.3358751E+001, 4.3312620E+001, 4.2999682E+001, 4.2722561E+001, 3.9085224E+001, 3.0769075E+001, 2.5453049E+001, 2.5044086E+001, 2.4817487E+001, 2.4781580E+001, 2.4739565E+001, 3.1640361E+001, 3.5687394E+001, 3.6254776E+001, 4.3857214E+001, 6.6477459E+001, 7.5184128E+001, 2.9541451E+001, 3.1702723E+001, 1.8848402E+002, 1.2569685E+002, 8.9749176E+001, 8.4078065E+001, 7.0455746E+001, 1.0277509E+002, 1.4108618E+002
 4.4004224E+002, 3.3948449E+001, 3.7468683E+001, 4.3017326E+001, 4.2923683E+001, 4.5554663E+001, 3.4311480E+001, 3.4006971E+001, 3.9494995E+001, 4.9177196E+001, 5.2208435E+001, 6.0942934E+001, 4.7055839E+001, 3.6291707E+001, 4.3927796E+001, 5.1908236E+001, 6.3152617E+001, 6.3835351E+001, 5.1867039E+001, 3.5255573E+001, 3.7124224E+001, 4.2886981E+001, 4.9954449E+001, 5.5465383E+001, 4.6479859E+001, 3.5151349E+001, 3.6604284E+001, 3.8122962E+001, 3.8835836E+001, 3.9902222E+001, 3.3334514E+001, 3.8829015E+001, 3.7054563E+001, 4.1287470E+001, 4.0881190E+001, 3.8428061E+001, 3.5435715E+001, 4.7049882E+001, 5.2089148E+001, 6.2633336E+001, 6.9995325E+001, 6.0902967E+001, 3.7517641E+001, 5.1251548E+001, 6.7630103E+001, 8.0862861E+001, 7.0743412E+001, 6.7655196E+001, 3.2261808E+001, 3.6527558E+001, 4.4800520E+001, 5.7073461E+001, 5.3661888E+001, 4.4723347E+001, 3.2622919E+001, 3.3291345E+001, 3.5434139E+001, 3.8837618E+001, 3.7702644E+001, 3.3126432E+001, 3.8566953E+001, 4.0868873E+001, 4.0810781E+001, 3.5341883E+001, 6.6871400E+001, 3.5894890E+001, 9.7215459E+001, 8.4219009E+001, 6.8536241E+001, 5.6837394E+001, 1.1864771E+002, 3.6383545E+001, 9.7901934E+001, 1.2801623E+002, 8.3164718E+001, 5.3703387E+001, 7.7993697E+001, 4.0789452E+001, 6.4432422E+001, 5.6414622E+001, 4.3259235E+001, 3.2330061E+001, 3.0398054E+001, 2.8239446E+001, 3.0463474E+001, 2.8556564E+001, 2.7767480E+001, 2.7872185E+001, 4.3744491E+001, 3.8408973E+001, 3.5291576E+001, 3.4899421E+001, 3.4282319E+001, 3.1011259E+001, 2.6147495E+001, 2.4851981E+001, 2.4758346E+001, 2.4726982E+001, 2.4643033E+001, 2.4557688E+001, 2.4529397E+001, 5.0712512E+001, 4.0044652E+001, 3.5726279E+001, 3.5014690E+001, 3.2443013E+001, 2.9176120E+001, 2.7222030E+001, 2.5095647E+001, 2.4825724E+001, 2.4707849E+001, 2.4522614E+001, 2.4474443E+001, 2.4535921E+001, 3.5696442E+001, 3.6440513E+001, 3.6681778E+001, 3.6471482E+001, 3.5695307E+001, 3.3389495E+001, 2.6448842E+001, 2.5320159E+001, 2.4597220E+001, 2.4460082E+001, 2.4265611E+001, 4.5007675E+001, 4.4326492E+001, 4.3113824E+001, 4.2306319E+001, 4.0617858E+001, 3.2843506E+001, 2.5659797E+001, 2.5064586E+001, 2.4885763E+001, 2.4848799E+001, 2.4797303E+001, 3.2234822E+001, 3.6573170E+001, 3.7209005E+001, 4.5299471E+001, 6.7847157E+001, 7.6652098E+001, 2.9976634E+001, 3.2301658E+001, 1.7992413E+002, 1.2545156E+002, 9.2437668E+001, 8.3694411E+001, 6.9418309E+001, 9.8297472E+001, 1.4534101E+002
 4.6002583E+002, 3.4613057E+001, 3.8562880E+001, 4.2630857E+001, 4.4668221E+001, 4.6795010E+001, 3.8535219E+001, 3.6777643E+001, 4.3830233E+001, 4.8567109E+001, 5.2123849E+001, 6.0854616E+001, 4.8313817E+001, 3.7815184E+001, 4.3183202E+001, 5.1036812E+001, 5.5932320E+001, 6.5107971E+001, 5.1894969E+001, 3.7936677E+001, 4.0342003E+001, 4.4106646E+001, 5.2822014E+001, 5.7649000E+001, 4.9161485E+001, 3.6582517E+001, 3.8085424E+001, 3.9064051E+001, 4.0621089E+001, 4.5123167E+001, 3.4401788E+001, 4.0448756E+001, 3.7885928E+001, 3.9915987E+001, 4.1056894E+001, 4.1472428E+001, 3.9737038E+001, 4.6439351E+001, 5.3858311E+001, 6.0863019E+001, 6.0437589E+001, 5.3460403E+001, 3.8211899E+001, 5.3567387E+001, 5.7454667E+001, 7.9594999E+001, 7.8546283E+001, 6.9296544E+001, 3.2618143E+001, 3.8852767E+001, 4.7973208E+001, 6.0974080E+001, 5.7205772E+001, 4.8100078E+001, 3.3079210E+001, 3.3418400E+001, 3.7314972E+001, 3.9190472E+001, 4.1091320E+001, 3.3536224E+001, 3.9804836E+001, 3.6282214E+001, 3.9898671E+001, 3.4071828E+001, 6.6358391E+001, 3.7122055E+001, 9.3626824E+001, 7.2637161E+001, 6.4366884E+001, 5.1575146E+001, 1.1252415E+002, 3.5084386E+001, 9.0798638E+001, 1.2540987E+002, 8.3138938E+001, 5.8787556E+001, 9.7688905E+001, 4.0429158E+001, 7.0733720E+001, 7.2126557E+001, 4.9941596E+001, 3.7319871E+001, 3.2145250E+001, 2.9170255E+001, 3.0480523E+001, 3.0861588E+001, 2.8894747E+001, 2.7813979E+001, 4.4216656E+001, 3.9113321E+001, 3.5293799E+001, 3.4849432E+001, 3.4420043E+001, 3.2193304E+001, 2.6585142E+001, 2.5033793E+001, 2.4828949E+001, 2.4785383E+001, 2.4684280E+001, 2.4591525E+001, 2.4559340E+001, 4.8286019E+001, 4.0471971E+001, 3.5787285E+001, 3.5038933E+001, 3.2939998E+001, 2.9964216E+001, 2.7058982E+001, 2.4997420E+001, 2.4849508E+001, 2.4741959E+001, 2.4552485E+001, 2.4509085E+001, 2.4572691E+001, 3.5462756E+001, 3.6325305E+001, 3.6735571E+001, 3.6868585E+001, 3.6614924E+001, 3.5879064E+001, 2.8475553E+001, 2.4677848E+001, 2.4490979E+001, 2.4404819E+001, 2.4279259E+001, 4.5647026E+001, 4.5297156E+001, 4.4698229E+001, 4.3767363E+001, 4.1798456E+001, 3.3075178E+001, 2.6897090E+001, 2.5100011E+001, 2.4945616E+001, 2.4909487E+001, 2.4859576E+001, 3.2826434E+001, 3.7452761E+001, 3.8168090E+001, 4.6734591E+001, 6.9337715E+001, 7.8030029E+001, 3.0418578E+001, 3.2906166E+001, 1.8966569E+002, 1.2515897E+002, 9.9586953E+001, 9.2132918E+001, 6.4935434E+001, 1.1513954E+002, 1.4819513E+002
 4.8006629E+002, 3.5894833E+001, 3.8267770E+001, 4.1630748E+001, 4.3165552E+001, 4.7155591E+001, 4.0177831E+001, 3.9680987E+001, 4.2187700E+001, 4.5835897E+001, 4.9328817E+001, 5.6410666E+001, 4.6607749E+001, 4.0912006E+001, 4.4312627E+001, 5.0904004E+001, 5.7192787E+001, 6.6366545E+001, 5.3403646E+001, 3.7796472E+001, 3.8835894E+001, 4.4699865E+001, 5.1911360E+001, 5.4460432E+001, 4.9537394E+001, 3.8391464E+001, 3.9011662E+001, 4.0524835E+001, 4.2089068E+001, 4.6232799E+001, 3.2788264E+001, 3.8351254E+001, 3.8057162E+001, 3.8862889E+001, 4.2847427E+001, 3.6154797E+001, 3.5840545E+001, 4.5120515E+001, 4.7686545E+001, 5.5699843E+001, 6.4497844E+001, 5.5884672E+001, 3.9639578E+001, 5.4888132E+001, 6.6094154E+001, 7.9445142E+001, 8.1574281E+001, 7.0546324E+001, 3.4353364E+001, 4.0478306E+001, 4.8605197E+001, 5.9129700E+001, 5.6221518E+001, 4.5907901E+001, 3.3927056E+001, 3.4172086E+001, 3.5740190E+001, 3.6609773E+001, 4.0227293E+001, 3.4310945E+001, 3.7757376E+001, 3.6340613E+001, 4.1016807E+001, 3.7751810E+001, 6.4633142E+001, 3.7516712E+001, 9.4365082E+001, 6.8731433E+001, 7.2396434E+001, 5.8657325E+001, 1.1448142E+002, 3.5210887E+001, 8.2392257E+001, 1.2862346E+002, 9.1510919E+001, 5.1269311E+001, 9.1859663E+001, 4.1964309E+001, 7.8642563E+001, 6.4387095E+001, 4.7852041E+001, 3.5887276E+001, 3.3678153E+001, 3.1845678E+001, 3.3593192E+001, 3.2042223E+001, 3.1034810E+001, 2.9989454E+001, 4.4445866E+001, 4.0363231E+001, 3.5314777E+001, 3.4900587E+001, 3.4359052E+001, 3.2550035E+001, 2.7048574E+001, 2.5270959E+001, 2.4935215E+001, 2.4827928E+001, 2.4716994E+001, 2.4617532E+001, 2.4582565E+001, 4.9195772E+001, 4.0294041E+001, 3.6151556E+001, 3.5653307E+001, 3.3633527E+001, 3.1846975E+001, 2.7593657E+001, 2.5109789E+001, 2.4891691E+001, 2.4765891E+001, 2.4578961E+001, 2.4529528E+001, 2.4632579E+001, 3.5936132E+001, 3.6038411E+001, 3.6302676E+001, 3.6366142E+001, 3.6345994E+001, 3.6015197E+001, 3.4453012E+001, 2.4644020E+001, 2.4523895E+001, 2.4366503E+001, 2.4308873E+001, 4.5957478E+001, 4.5731127E+001, 4.5308387E+001, 4.4596379E+001, 4.1638109E+001, 3.2418927E+001, 2.6770449E+001, 2.5092453E+001, 2.5009936E+001, 2.4979029E+001, 2.4909810E+001, 3.3418194E+001, 3.8328505E+001, 3.9124182E+001, 4.8146290E+001, 7.0640718E+001, 7.9284000E+001, 3.0866468E+001, 3.3513865E+001, 1.8603535E+002, 1.2822495E+002, 9.7332136E+001, 9.2503021E+001, 6.3648143E+001, 1.0125724E+002, 1.5166253E+002
 5.0007182E+002, 3.6566244E+001, 3.7861280E+001, 4.5790014E+001, 5.4011727E+001, 5.3413979E+001, 3.7313540E+001, 3.7072177E+001, 3.9487372E+001, 4.9364970E+001, 6.0497214E+001, 6.5639649E+001, 4.6229117E+001, 3.8395613E+001, 4.2321590E+001, 5.1003872E+001, 5.9288021E+001, 6.1966375E+001, 5.1556353E+001, 3.6521805E+001, 3.9569757E+001, 4.3875919E+001, 4.6781294E+001, 4.8086266E+001, 4.2418261E+001, 3.6605221E+001, 3.8513248E+001, 3.9279381E+001, 3.8544390E+001, 4.0437873E+001, 3.3648392E+001, 4.0859058E+001, 4.9849871E+001, 5.5364861E+001, 4.6569979E+001, 3.6576960E+001, 3.5280749E+001, 4.1301949E+001, 5.8888734E+001, 7.7191692E+001, 6.8021904E+001, 5.4533078E+001, 3.6227614E+001, 5.0983159E+001, 6.4895587E+001, 7.6896283E+001, 7.4649097E+001, 6.6434504E+001, 3.4098699E+001, 3.8739420E+001, 4.6830399E+001, 5.0926149E+001, 5.3065852E+001, 4.1785346E+001, 3.4437507E+001, 3.4991032E+001, 3.6334004E+001, 3.5418204E+001, 3.6966179E+001, 3.4326182E+001, 4.0451006E+001, 6.1558089E+001, 5.4362726E+001, 4.0100179E+001, 6.2656560E+001, 3.7449175E+001, 9.7686135E+001, 9.6530792E+001, 7.7959145E+001, 4.9180534E+001, 1.0871319E+002, 3.6000477E+001, 8.5167711E+001, 1.2102624E+002, 8.7170070E+001, 4.4051141E+001, 8.4636101E+001, 4.2020560E+001, 7.5234627E+001, 5.8819545E+001, 4.5638793E+001, 3.4343911E+001, 3.4017379E+001, 3.0162248E+001, 3.2565397E+001, 3.1098005E+001, 3.2356335E+001, 3.2002555E+001, 4.3820633E+001, 3.9666146E+001, 3.5882053E+001, 3.5640309E+001, 3.4902495E+001, 3.3633886E+001, 2.9962938E+001, 2.6115378E+001, 2.5257627E+001, 2.4890154E+001, 2.4757685E+001, 2.4643407E+001, 2.4604726E+001, 4.8393819E+001, 4.1065181E+001, 3.7586382E+001, 3.6389307E+001, 3.3919112E+001, 3.2809612E+001, 2.8441082E+001, 2.5353433E+001, 2.4943895E+001, 2.4773088E+001, 2.4589490E+001, 2.4555301E+001, 2.4585944E+001, 3.7069298E+001, 3.7189199E+001, 3.6988961E+001, 3.6673045E+001, 3.6262249E+001, 3.6022343E+001, 3.5149971E+001, 2.5151106E+001, 2.4550406E+001, 2.4376866E+001, 2.4344550E+001, 4.7772510E+001, 4.7258307E+001, 4.5659903E+001, 4.4391176E+001, 4.0788260E+001, 3.3325775E+001, 2.8281625E+001, 2.5136167E+001, 2.5066681E+001, 2.5008115E+001, 2.4974690E+001, 3.4009937E+001, 3.9193192E+001, 4.0081324E+001, 4.9552361E+001, 7.1629178E+001, 8.0571383E+001, 3.1319432E+001, 3.4123500E+001, 1.8251432E+002, 1.2781956E+002, 9.8801331E+001, 8.7452713E+001, 5.9560456E+001, 1.0428195E+002, 1.5518090E+002
 5.2000495E+002, 3.5920596E+001, 3.7811199E+001, 4.5815231E+001, 5.2550514E+001, 5.6808704E+001, 3.6013827E+001, 3.5676440E+001, 3.8054986E+001, 4.8311427E+001, 5.8302786E+001, 6.5755574E+001, 4.3817672E+001, 3.5586973E+001, 3.8953477E+001, 5.1112269E+001, 5.7313966E+001, 6.1536459E+001, 4.7614592E+001, 3.5592504E+001, 3.7230645E+001, 3.9507876E+001, 4.5316490E+001, 5.0692526E+001, 4.3483124E+001, 3.5654589E+001, 3.6247788E+001, 3.6931076E+001, 3.8579939E+001, 4.0008101E+001, 3.3506107E+001, 3.8293686E+001, 4.9456259E+001, 6.1553553E+001, 5.4111560E+001, 3.5993608E+001, 3.5545438E+001, 4.0980399E+001, 5.0943102E+001, 7.0852355E+001, 7.7175322E+001, 5.2373874E+001, 3.6326222E+001, 5.2799444E+001, 6.3935159E+001, 7.0904042E+001, 7.3401034E+001, 5.9023639E+001, 3.4402738E+001, 4.1890231E+001, 4.2037481E+001, 4.3987203E+001, 5.3684638E+001, 4.1654309E+001, 3.4932096E+001, 3.5006754E+001, 3.5179598E+001, 3.5147880E+001, 3.8381381E+001, 3.4994493E+001, 3.8320745E+001, 5.7410173E+001, 6.3953446E+001, 4.6014073E+001, 6.6221241E+001, 3.8074283E+001, 9.2263643E+001, 9.9733419E+001, 8.6799489E+001, 6.2481604E+001, 1.0663993E+002, 3.6593585E+001, 8.5144278E+001, 1.1684180E+002, 7.9484636E+001, 5.4510766E+001, 7.2388831E+001, 4.1474615E+001, 7.0767703E+001, 5.3712445E+001, 4.6978340E+001, 3.5096354E+001, 3.2696833E+001, 3.0724570E+001, 3.3339897E+001, 3.2468394E+001, 3.3777212E+001, 3.0473637E+001, 4.4533495E+001, 3.9559832E+001, 3.6269292E+001, 3.6425879E+001, 3.5815904E+001, 3.4658498E+001, 3.0748030E+001, 2.6480987E+001, 2.5470155E+001, 2.4942291E+001, 2.4790393E+001, 2.4674484E+001, 2.4631706E+001, 4.8917031E+001, 4.0406251E+001, 3.7531007E+001, 3.6445238E+001, 3.3943944E+001, 3.3360440E+001, 2.9394347E+001, 2.5547687E+001, 2.4978384E+001, 2.4786876E+001, 2.4602313E+001, 2.4582361E+001, 2.4539653E+001, 3.6641789E+001, 3.7895691E+001, 3.7486055E+001, 3.7870130E+001, 3.7576147E+001, 3.7031809E+001, 3.5388831E+001, 2.7317351E+001, 2.5011839E+001, 2.4416584E+001, 2.4372271E+001, 4.6130466E+001, 4.6474427E+001, 4.6419438E+001, 4.4853519E+001, 4.1799126E+001, 3.5089837E+001, 2.8054168E+001, 2.5155040E+001, 2.5082975E+001, 2.5081700E+001, 2.4980177E+001, 3.4591459E+001, 4.0035523E+001, 4.1029563E+001, 5.0931073E+001, 7.2646259E+001, 8.1783522E+001, 3.1775229E+001, 3.4732804E+001, 1.7409848E+002, 1.3154013E+002, 9.3164459E+001, 7.9660369E+001, 5.8184377E+001, 1.0216144E+002, 1.5897351E+002
 5.4008313E+002, 3.5739322E+001, 3.8088953E+001, 4.4507510E+001, 5.0021724E+001, 5.4311821E+001, 3.6004653E+001, 3.5775018E+001, 4.0958563E+001, 4.7506325E+001, 5.3160858E+001, 6.2070447E+001, 4.6636629E+001, 3.6070464E+001, 4.1995543E+001, 4.9943518E+001, 5.2888364E+001, 6.1935319E+001, 4.8159774E+001, 3.5884269E+001, 3.7479424E+001, 4.0528967E+001, 4.7890489E+001, 5.0372444E+001, 4.5225155E+001, 3.6605161E+001, 3.7588131E+001, 3.8590953E+001, 4.0456074E+001, 4.1309060E+001, 3.3305665E+001, 3.9841286E+001, 4.4940854E+001, 4.9572176E+001, 5.1642158E+001, 3.6100655E+001, 3.5162947E+001, 4.3730518E+001, 5.0508412E+001, 6.1953870E+001, 7.6941135E+001, 5.1037391E+001, 3.6185978E+001, 5.3532894E+001, 5.9884341E+001, 7.2025137E+001, 7.8444131E+001, 6.0214904E+001, 3.4341300E+001, 4.0162907E+001, 4.5155624E+001, 4.8435589E+001, 4.9873214E+001, 4.2816548E+001, 3.5314309E+001, 3.5563378E+001, 3.5900508E+001, 3.7848200E+001, 3.6284426E+001, 3.4946171E+001, 3.7558982E+001, 4.8936392E+001, 5.9015488E+001, 5.1018963E+001, 6.9415430E+001, 4.0508477E+001, 9.0296872E+001, 9.5229860E+001, 8.2653090E+001, 5.9105458E+001, 1.0280032E+002, 3.6553466E+001, 7.7603429E+001, 1.1782173E+002, 8.8737507E+001, 5.0066094E+001, 7.6298560E+001, 4.1461633E+001, 7.0608174E+001, 5.0182890E+001, 4.3679954E+001, 3.2932026E+001, 3.4005542E+001, 3.2602611E+001, 3.5962572E+001, 3.3697394E+001, 3.3450806E+001, 3.1490204E+001, 4.3517289E+001, 3.8173338E+001, 3.6344914E+001, 3.6673867E+001, 3.6430724E+001, 3.4999405E+001, 2.8605897E+001, 2.5983518E+001, 2.5252872E+001, 2.4956160E+001, 2.4818812E+001, 2.4708458E+001, 2.4668748E+001, 4.8830611E+001, 3.9562824E+001, 3.7360941E+001, 3.6247581E+001, 3.4125498E+001, 3.3298296E+001, 2.9727196E+001, 2.5882368E+001, 2.5047517E+001, 2.4839364E+001, 2.4633467E+001, 2.4605125E+001, 2.4558528E+001, 3.6807933E+001, 3.7929357E+001, 3.8118207E+001, 3.7780813E+001, 3.7111318E+001, 3.6531705E+001, 3.2520236E+001, 2.6742016E+001, 2.5995028E+001, 2.4542564E+001, 2.4394668E+001, 4.5487020E+001, 4.5246673E+001, 4.5095969E+001, 4.2564439E+001, 3.9946119E+001, 3.4049514E+001, 2.7015048E+001, 2.5208209E+001, 2.5150577E+001, 2.5092831E+001, 2.5000541E+001, 3.5163216E+001, 4.0856972E+001, 4.1968651E+001, 5.2291308E+001, 7.3536404E+001, 8.3036523E+001, 3.2234700E+001, 3.5345784E+001, 1.7163311E+002, 1.2985989E+002, 9.3316429E+001, 7.5836407E+001, 5.7808132E+001, 1.0102159E+002, 1.6293491E+002
 5.6000998E+002, 3.8121418E+001, 4.1719087E+001, 4.7452757E+001, 4.7401483E+001, 4.9183532E+001, 3.8896048E+001, 3.7876845E+001, 4.3029540E+001, 5.4151332E+001, 6.1115276E+001, 6.6872268E+001, 4.8567177E+001, 3.9635408E+001, 4.4162270E+001, 5.0566223E+001, 5.4791875E+001, 6.1693744E+001, 4.7426189E+001, 3.9857112E+001, 4.4085811E+001, 4.5484490E+001, 4.9949209E+001, 5.3915507E+001, 4.9789290E+001, 3.8827309E+001, 4.0570396E+001, 4.1703307E+001, 4.5555955E+001, 4.6951205E+001, 3.6219546E+001, 4.4658916E+001, 4.9276696E+001, 4.8729043E+001, 5.0601000E+001, 3.8667845E+001, 3.5642919E+001, 4.4241041E+001, 5.9567144E+001, 7.7764441E+001, 7.4247291E+001, 5.4311258E+001, 3.6498443E+001, 5.4812671E+001, 6.3372729E+001, 7.3716935E+001, 6.8547376E+001, 6.1761776E+001, 3.4895407E+001, 4.2480174E+001, 4.8709737E+001, 5.0074463E+001, 5.2069023E+001, 4.4570851E+001, 3.5581173E+001, 3.6072755E+001, 3.8313950E+001, 4.1021968E+001, 3.9344248E+001, 3.4558520E+001, 4.2717042E+001, 5.3027988E+001, 5.3005792E+001, 4.6087439E+001, 6.7421762E+001, 3.8675747E+001, 9.8265687E+001, 9.4024737E+001, 8.2724984E+001, 5.6936071E+001, 1.0736397E+002, 3.6952366E+001, 8.5194624E+001, 1.1999229E+002, 8.4345263E+001, 4.6280731E+001, 7.6633157E+001, 4.1852112E+001, 7.4413631E+001, 5.9522283E+001, 4.2146777E+001, 3.3458673E+001, 3.3993070E+001, 3.3172298E+001, 3.4312198E+001, 3.3073570E+001, 3.2591478E+001, 3.2020715E+001, 4.4227822E+001, 3.9593654E+001, 3.6754667E+001, 3.6623360E+001, 3.6868104E+001, 3.5800080E+001, 2.8075915E+001, 2.5774352E+001, 2.5196485E+001, 2.5013588E+001, 2.4859902E+001, 2.4748182E+001, 2.4701247E+001, 4.7663567E+001, 3.9761837E+001, 3.8087222E+001, 3.5428297E+001, 3.4183875E+001, 3.3618029E+001, 3.0536337E+001, 2.6851903E+001, 2.5109649E+001, 2.4911858E+001, 2.4675282E+001, 2.4616056E+001, 2.4593782E+001, 3.6895428E+001, 3.7446263E+001, 3.8020865E+001, 3.7877520E+001, 3.7645984E+001, 3.7223975E+001, 3.5134307E+001, 2.6606083E+001, 2.5969265E+001, 2.4689051E+001, 2.4415522E+001, 4.6912818E+001, 4.6630106E+001, 4.5818702E+001, 4.4295912E+001, 4.0398850E+001, 3.2800409E+001, 2.8375060E+001, 2.5337840E+001, 2.5232671E+001, 2.5159619E+001, 2.5049104E+001, 3.5729114E+001, 4.1667856E+001, 4.2893071E+001, 5.3630323E+001, 7.4234697E+001, 8.4202880E+001, 3.2696843E+001, 3.5960788E+001, 1.8254523E+002, 1.3142988E+002, 9.2487186E+001, 8.5643851E+001, 6.5727582E+001, 1.0366337E+002, 1.6522399E+002
 5.8003940E+002, 4.1115751E+001, 4.1608461E+001, 4.5691812E+001, 4.7348530E+001, 4.8853781E+001, 4.2872617E+001, 4.3040431E+001, 4.3607338E+001, 4.9069821E+001, 5.6070867E+001, 6.7611622E+001, 4.7481424E+001, 4.1771436E+001, 4.4101983E+001, 5.0653278E+001, 5.7818417E+001, 6.3890175E+001, 5.0658979E+001, 3.8921866E+001, 4.1108337E+001, 4.4416734E+001, 4.4508778E+001, 4.9778047E+001, 4.4055749E+001, 3.8606052E+001, 3.9254723E+001, 4.1227648E+001, 4.1000275E+001, 4.0926482E+001, 3.5297165E+001, 4.2491257E+001, 4.2226244E+001, 4.3234973E+001, 4.5554935E+001, 3.9168261E+001, 3.7792124E+001, 4.7236262E+001, 5.5880377E+001, 6.8677341E+001, 7.5107284E+001, 5.6608965E+001, 3.9223798E+001, 5.5129571E+001, 6.3418429E+001, 7.8749024E+001, 7.2300132E+001, 5.9543027E+001, 3.8033909E+001, 4.4844531E+001, 4.5529240E+001, 4.6912947E+001, 4.9589380E+001, 4.0453585E+001, 3.6214625E+001, 3.6830687E+001, 3.7435108E+001, 3.7906949E+001, 3.6950337E+001, 3.4523199E+001, 3.9647026E+001, 4.5088908E+001, 4.4640917E+001, 3.9677627E+001, 6.3780428E+001, 3.8748471E+001, 9.6630450E+001, 9.0475985E+001, 8.3886638E+001, 6.8344060E+001, 1.1075303E+002, 3.7809074E+001, 9.1928150E+001, 1.2128225E+002, 9.3690146E+001, 5.5192308E+001, 8.2138988E+001, 4.2600609E+001, 7.2351514E+001, 5.9079877E+001, 4.8113127E+001, 3.8393491E+001, 3.6403364E+001, 3.3464592E+001, 3.5236074E+001, 3.6791610E+001, 3.3876723E+001, 3.2644059E+001, 4.5139379E+001, 4.2029999E+001, 3.8198569E+001, 3.7510957E+001, 3.7302455E+001, 3.7064104E+001, 3.1841100E+001, 2.6136581E+001, 2.5324999E+001, 2.5062764E+001, 2.4895518E+001, 2.4784265E+001, 2.4730814E+001, 5.1212117E+001, 4.0935455E+001, 3.8110074E+001, 3.5069483E+001, 3.4406972E+001, 3.3704333E+001, 3.0860272E+001, 2.7992507E+001, 2.5220894E+001, 2.4997895E+001, 2.4735090E+001, 2.4640233E+001, 2.4629873E+001, 3.7602971E+001, 3.7590004E+001, 3.8290004E+001, 3.7831432E+001, 3.7707148E+001, 3.6957401E+001, 3.5667461E+001, 2.6802376E+001, 2.5667748E+001, 2.4604482E+001, 2.4440865E+001, 4.6100940E+001, 4.6210719E+001, 4.5894680E+001, 4.5596795E+001, 4.3896509E+001, 3.5240390E+001, 3.1366036E+001, 2.5580110E+001, 2.5341058E+001, 2.5246226E+001, 2.5105616E+001, 3.6285813E+001, 4.2466459E+001, 4.3794525E+001, 5.4926222E+001, 7.5362142E+001, 8.5270837E+001, 3.3160707E+001, 3.6574389E+001, 1.7762050E+002, 1.3498115E+002, 9.9473706E+001, 8.8090436E+001, 6.9167385E+001, 1.0337693E+002, 1.6812854E+002
 6.0005847E+002, 3.9106103E+001, 4.2312465E+001, 4.8800752E+001, 5.0062004E+001, 4.9580312E+001, 3.9558065E+001, 3.9703194E+001, 4.3333380E+001, 5.6913468E+001, 6.0963852E+001, 6.7223853E+001, 5.0457230E+001, 3.9892473E+001, 4.3837255E+001, 5.1376816E+001, 6.4621313E+001, 6.8329468E+001, 5.1609194E+001, 3.8122651E+001, 3.9966273E+001, 4.4643932E+001, 5.0216526E+001, 5.3857225E+001, 4.8668074E+001, 3.8447160E+001, 3.8556438E+001, 4.1789034E+001, 4.2577661E+001, 4.0674362E+001, 3.5694599E+001, 4.4300860E+001, 4.3849977E+001, 4.5996362E+001, 4.7223481E+001, 4.1339045E+001, 3.6677237E+001, 5.1196703E+001, 6.1932734E+001, 6.6151137E+001, 6.8682475E+001, 6.3779960E+001, 3.6685246E+001, 4.8951082E+001, 7.3090312E+001, 8.1707650E+001, 7.8337214E+001, 6.5697258E+001, 3.5612153E+001, 4.0089919E+001, 4.6213485E+001, 5.7026199E+001, 5.3438303E+001, 4.6198745E+001, 3.6309545E+001, 3.6717559E+001, 3.7751467E+001, 3.9193205E+001, 3.9267023E+001, 3.5859681E+001, 4.2705506E+001, 4.0106761E+001, 4.6032039E+001, 4.2312545E+001, 7.0149310E+001, 3.9270702E+001, 1.0332308E+002, 8.0440972E+001, 7.1599913E+001, 5.4840804E+001, 1.1695715E+002, 3.8359356E+001, 9.4474433E+001, 1.2632508E+002, 8.8323530E+001, 5.8764740E+001, 8.4532292E+001, 4.2798851E+001, 7.5071334E+001, 6.4724258E+001, 5.0622058E+001, 4.0275420E+001, 4.0727060E+001, 3.3742322E+001, 3.6017399E+001, 3.5824434E+001, 3.5523637E+001, 3.3819450E+001, 4.4898124E+001, 4.1983961E+001, 3.8585430E+001, 3.7839684E+001, 3.7560343E+001, 3.6591348E+001, 3.1113865E+001, 2.6530076E+001, 2.5370882E+001, 2.5104512E+001, 2.4924251E+001, 2.4808958E+001, 2.4756670E+001, 5.1307679E+001, 4.2498130E+001, 3.9142391E+001, 3.5931652E+001, 3.5082902E+001, 3.3884959E+001, 3.1122864E+001, 2.8688106E+001, 2.5409331E+001, 2.5112064E+001, 2.4807274E+001, 2.4678818E+001, 2.4647271E+001, 3.7657256E+001, 3.8137289E+001, 3.8085913E+001, 3.7819034E+001, 3.7811608E+001, 3.7387453E+001, 3.5711666E+001, 2.6967531E+001, 2.5179841E+001, 2.4626273E+001, 2.4476383E+001, 5.1300826E+001, 5.0828994E+001, 4.9163576E+001, 4.6991043E+001, 4.3523958E+001, 3.8235351E+001, 3.3167432E+001, 2.6373263E+001, 2.5454586E+001, 2.5330440E+001, 2.5158637E+001, 3.6833703E+001, 4.3249280E+001, 4.4681861E+001, 5.6196570E+001, 7.6474528E+001, 8.6219120E+001, 3.3626584E+001, 3.7187028E+001, 1.8533759E+002, 1.2625210E+002, 9.3143919E+001, 8.4482709E+001, 6.9624849E+001, 9.7600380E+001, 1.7020630E+002
 6.2006575E+002, 3.8486739E+001, 4.0712419E+001, 4.7431703E+001, 4.7595104E+001, 5.0363090E+001, 3.9718515E+001, 3.8746784E+001, 4.3723617E+001, 5.3074785E+001, 5.6462070E+001, 6.3776619E+001, 5.0073428E+001, 3.8510300E+001, 4.3626007E+001, 5.4113960E+001, 6.5249974E+001, 6.5576046E+001, 5.4609851E+001, 3.7909013E+001, 4.0496529E+001, 4.5877437E+001, 5.2906033E+001, 5.2774623E+001, 4.9958457E+001, 3.7881366E+001, 3.9250725E+001, 4.2801630E+001, 4.5659835E+001, 4.4476343E+001, 3.6139514E+001, 4.2670320E+001, 4.3247350E+001, 4.3482034E+001, 4.8908826E+001, 4.1282109E+001, 3.8150532E+001, 4.8311700E+001, 5.4328012E+001, 6.3472730E+001, 7.7390539E+001, 6.0338376E+001, 3.9816389E+001, 5.4297201E+001, 6.9593961E+001, 8.0829342E+001, 7.9237144E+001, 7.0279771E+001, 3.5813454E+001, 4.0489341E+001, 5.2472398E+001, 5.5531276E+001, 5.1224719E+001, 4.6516244E+001, 3.6673293E+001, 3.6904901E+001, 3.8784664E+001, 4.2129490E+001, 4.1080653E+001, 3.6185311E+001, 4.1262836E+001, 4.1254499E+001, 4.8732847E+001, 4.5474857E+001, 6.8970188E+001, 4.0311867E+001, 1.0386637E+002, 8.5697217E+001, 8.4691068E+001, 6.7286973E+001, 1.1789611E+002, 3.8576870E+001, 9.0390612E+001, 1.2266743E+002, 8.9203203E+001, 5.8708109E+001, 7.8365174E+001, 4.2707259E+001, 7.2803840E+001, 6.0725145E+001, 4.4446999E+001, 3.8973615E+001, 3.6169976E+001, 3.5243419E+001, 3.6063150E+001, 3.6551077E+001, 3.4496586E+001, 3.4011650E+001, 4.7662874E+001, 4.2149741E+001, 3.8583771E+001, 3.8241957E+001, 3.7646995E+001, 3.5843979E+001, 3.0910160E+001, 2.7290287E+001, 2.5417130E+001, 2.5159618E+001, 2.4959702E+001, 2.4828185E+001, 2.4774948E+001, 4.9835019E+001, 4.2767187E+001, 3.8966631E+001, 3.7189070E+001, 3.5541904E+001, 3.4385348E+001, 3.1094614E+001, 2.8240144E+001, 2.5774737E+001, 2.5225950E+001, 2.4858924E+001, 2.4715231E+001, 2.4688354E+001, 3.6391406E+001, 3.6840965E+001, 3.7674055E+001, 3.7739979E+001, 3.7872375E+001, 3.7587086E+001, 3.6641597E+001, 2.6891370E+001, 2.5104564E+001, 2.4782282E+001, 2.4520764E+001, 5.0210919E+001, 5.0091047E+001, 4.8993284E+001, 4.7907285E+001, 4.3688330E+001, 3.5900277E+001, 3.3478144E+001, 2.6295470E+001, 2.5467102E+001, 2.5349137E+001, 2.5182932E+001, 3.7374776E+001, 4.4010864E+001, 4.5550204E+001, 5.7414825E+001, 7.7602942E+001, 8.7063607E+001, 3.4089667E+001, 3.7789740E+001, 1.8978641E+002, 1.3066657E+002, 8.8751181E+001, 7.5477636E+001, 5.9584885E+001, 1.1225908E+002, 1.7173383E+002
 6.4007490E+002, 3.8965924E+001, 4.3237343E+001, 4.9813258E+001, 5.1684609E+001, 5.9048382E+001, 4.1897504E+001, 4.0377629E+001, 4.7852166E+001, 5.7381178E+001, 6.0587387E+001, 6.5053700E+001, 5.2432559E+001, 4.0059571E+001, 4.4459935E+001, 5.3462517E+001, 5.8258745E+001, 6.2021662E+001, 5.0264760E+001, 3.8985038E+001, 3.9783370E+001, 4.4118123E+001, 4.5195346E+001, 4.7838037E+001, 4.1163909E+001, 3.8446622E+001, 3.8779327E+001, 3.9333231E+001, 3.9653647E+001, 3.9882034E+001, 3.5906605E+001, 4.1788486E+001, 4.4308239E+001, 5.2985345E+001, 5.5861139E+001, 4.1242141E+001, 3.8067889E+001, 5.3795516E+001, 6.2672341E+001, 7.4266268E+001, 7.6048137E+001, 6.3309520E+001, 3.9840929E+001, 5.5549680E+001, 6.7777681E+001, 7.3626924E+001, 7.0626884E+001, 5.9625047E+001, 3.6917080E+001, 4.0718846E+001, 4.5968099E+001, 4.9327478E+001, 4.7425163E+001, 4.1241783E+001, 3.6914754E+001, 3.7143555E+001, 3.7504943E+001, 3.8295231E+001, 3.9280286E+001, 3.6908114E+001, 4.5471796E+001, 4.3443921E+001, 5.3049348E+001, 4.5810584E+001, 7.5944192E+001, 3.9357496E+001, 1.0365622E+002, 9.7758312E+001, 8.0444368E+001, 5.3510310E+001, 1.1851451E+002, 3.8745926E+001, 8.9811669E+001, 1.2144597E+002, 8.2907857E+001, 5.4263693E+001, 7.0848257E+001, 4.2387997E+001, 6.6299658E+001, 5.2864592E+001, 3.9684495E+001, 3.6170633E+001, 3.3878142E+001, 3.3990107E+001, 3.4751989E+001, 3.4819582E+001, 3.3524590E+001, 3.3517486E+001, 4.7529532E+001, 4.1983506E+001, 3.8997894E+001, 3.8456506E+001, 3.7831868E+001, 3.6420255E+001, 3.1122648E+001, 2.8179393E+001, 2.5539609E+001, 2.5231652E+001, 2.5005949E+001, 2.4862420E+001, 2.4800751E+001, 5.0514017E+001, 4.1695174E+001, 3.9320740E+001, 3.8339451E+001, 3.5664314E+001, 3.5392463E+001, 3.2038818E+001, 2.8597211E+001, 2.6114838E+001, 2.5308623E+001, 2.4888761E+001, 2.4737797E+001, 2.4680655E+001, 3.7544447E+001, 3.7784938E+001, 3.7816423E+001, 3.7917369E+001, 3.7783826E+001, 3.7607718E+001, 3.6747036E+001, 2.8357749E+001, 2.5168906E+001, 2.4946560E+001, 2.4710172E+001, 4.9642100E+001, 4.9496855E+001, 4.8857307E+001, 4.6510479E+001, 3.9957168E+001, 3.5264479E+001, 3.3254918E+001, 2.6302022E+001, 2.5532881E+001, 2.5389869E+001, 2.5212888E+001, 3.7906732E+001, 4.4747635E+001, 4.6401295E+001, 5.8585270E+001, 7.8390375E+001, 8.7895872E+001, 3.4546479E+001, 3.8380746E+001, 1.8578652E+002, 1.3315522E+002, 8.8050137E+001, 8.3286246E+001, 6.9378522E+001, 1.0063881E+002, 1.7400373E+002
 6.6003834E+002, 3.8530331E+001, 4.2289916E+001, 4.8898761E+001, 5.1371368E+001, 5.6563952E+001, 3.9710753E+001, 3.8761076E+001, 4.2009396E+001, 5.4120888E+001, 6.5473659E+001, 7.0431779E+001, 4.6477130E+001, 3.9039367E+001, 4.1130373E+001, 5.3504053E+001, 6.1693083E+001, 6.2749532E+001, 5.2459463E+001, 3.8754646E+001, 3.9992915E+001, 4.3918406E+001, 4.5734957E+001, 4.4401318E+001, 4.0127436E+001, 3.8326093E+001, 3.8326602E+001, 3.8516991E+001, 3.8803888E+001, 3.8669844E+001, 3.6987665E+001, 4.5908533E+001, 4.2133913E+001, 4.6181043E+001, 4.8997625E+001, 4.8879805E+001, 4.0521263E+001, 5.5615895E+001, 5.9226691E+001, 7.6374858E+001, 8.4515450E+001, 6.3744631E+001, 3.7884338E+001, 4.6098514E+001, 7.0615465E+001, 7.7331319E+001, 7.5752528E+001, 6.3223150E+001, 3.6996105E+001, 3.9025819E+001, 4.3758834E+001, 5.2001936E+001, 4.6468323E+001, 4.2103946E+001, 3.7360106E+001, 3.7401968E+001, 3.7753292E+001, 3.8533441E+001, 3.8588585E+001, 3.6485208E+001, 4.0678899E+001, 3.8998063E+001, 4.5781047E+001, 4.0238047E+001, 7.1160639E+001, 4.0677925E+001, 1.0387417E+002, 8.8948386E+001, 8.2770626E+001, 6.4908188E+001, 1.1570972E+002, 3.9937602E+001, 8.8164260E+001, 1.2651158E+002, 9.4860685E+001, 5.7193247E+001, 8.5988415E+001, 4.2318324E+001, 6.7454899E+001, 5.7713134E+001, 4.4721422E+001, 3.7309079E+001, 3.6432739E+001, 3.3943354E+001, 3.5213773E+001, 3.5644508E+001, 3.5471720E+001, 3.4006138E+001, 4.7455496E+001, 4.2959064E+001, 3.9291194E+001, 3.8802076E+001, 3.7776609E+001, 3.5912287E+001, 3.1410648E+001, 2.8265879E+001, 2.5705314E+001, 2.5323986E+001, 2.5061243E+001, 2.4908971E+001, 2.4829230E+001, 5.3358986E+001, 4.3799175E+001, 3.9829728E+001, 3.9366716E+001, 3.6792702E+001, 3.5627118E+001, 3.2417787E+001, 2.9025444E+001, 2.5903021E+001, 2.5301514E+001, 2.4902452E+001, 2.4755315E+001, 2.4698596E+001, 3.7954053E+001, 3.8975815E+001, 3.9603994E+001, 3.9256731E+001, 3.8669009E+001, 3.8077443E+001, 3.6813408E+001, 2.6211589E+001, 2.5222820E+001, 2.5063947E+001, 2.4902289E+001, 4.9955936E+001, 4.9595631E+001, 4.8872503E+001, 4.7947057E+001, 4.4311912E+001, 3.6149155E+001, 3.3482771E+001, 2.6192189E+001, 2.5650535E+001, 2.5413183E+001, 2.5219238E+001, 3.8424218E+001, 4.5456555E+001, 4.7236712E+001, 5.9716362E+001, 7.9375182E+001, 8.8768457E+001, 3.5004191E+001, 3.8962528E+001, 1.8087903E+002, 1.3460286E+002, 9.5866525E+001, 8.5084448E+001, 7.1184647E+001, 1.0041720E+002, 1.7625759E+002
 6.8003238E+002, 3.9392296E+001, 4.1409698E+001, 4.6738954E+001, 4.8311882E+001, 5.1557904E+001, 4.0194603E+001, 3.8653728E+001, 4.2135857E+001, 5.1192871E+001, 5.4044027E+001, 5.9350563E+001, 4.6523695E+001, 3.9322404E+001, 4.4030722E+001, 5.5214669E+001, 6.3567477E+001, 6.9512095E+001, 5.4645638E+001, 3.8973654E+001, 4.3065553E+001, 4.7716908E+001, 5.2033546E+001, 5.4894193E+001, 5.0644528E+001, 3.8833398E+001, 3.9713875E+001, 4.2055500E+001, 4.5708719E+001, 4.9610087E+001, 3.5531200E+001, 4.2402675E+001, 4.2090975E+001, 4.3078861E+001, 4.6589406E+001, 4.0502025E+001, 3.7824919E+001, 5.0258268E+001, 5.7777331E+001, 6.0523412E+001, 6.6460863E+001, 5.9662939E+001, 3.8556536E+001, 5.4680353E+001, 7.0889526E+001, 7.9145856E+001, 7.9167016E+001, 6.6432243E+001, 3.7490695E+001, 4.4454848E+001, 5.2018932E+001, 5.5832346E+001, 5.8722954E+001, 5.1235582E+001, 3.7364668E+001, 3.8254817E+001, 3.9508191E+001, 4.1919504E+001, 4.3889970E+001, 3.6000326E+001, 4.0989295E+001, 4.1629141E+001, 4.3993391E+001, 4.0255053E+001, 6.8333745E+001, 3.9688156E+001, 1.0186733E+002, 8.4196687E+001, 7.7073302E+001, 5.5576140E+001, 1.0722707E+002, 3.8837347E+001, 8.6199072E+001, 1.2241369E+002, 9.8441574E+001, 6.6923209E+001, 8.4538763E+001, 4.4760138E+001, 7.3592268E+001, 5.9054092E+001, 4.9063937E+001, 3.9623246E+001, 3.7850214E+001, 3.5352490E+001, 3.5614895E+001, 3.6113550E+001, 3.5761510E+001, 3.4585246E+001, 4.5780337E+001, 4.1828578E+001, 3.9001734E+001, 3.8953344E+001, 3.8066033E+001, 3.6871475E+001, 3.3401348E+001, 2.8950043E+001, 2.5902710E+001, 2.5355564E+001, 2.5113114E+001, 2.4957263E+001, 2.4874312E+001, 5.2428419E+001, 4.3213994E+001, 3.9353803E+001, 3.8873065E+001, 3.6974036E+001, 3.5703822E+001, 3.2316921E+001, 2.7742446E+001, 2.5702634E+001, 2.5319201E+001, 2.4945412E+001, 2.4807464E+001, 2.4720232E+001, 3.8738247E+001, 3.9197928E+001, 4.0968722E+001, 4.0402473E+001, 3.9839945E+001, 3.9135434E+001, 3.7093939E+001, 2.5650060E+001, 2.5269289E+001, 2.5137886E+001, 2.5013120E+001, 5.1174054E+001, 5.0668788E+001, 4.9806556E+001, 4.9026044E+001, 4.5679786E+001, 3.8191298E+001, 3.2551346E+001, 2.6509481E+001, 2.5723782E+001, 2.5457505E+001, 2.5247034E+001, 3.8932445E+001, 4.6147723E+001, 4.8045972E+001, 6.0790230E+001, 8.0205646E+001, 8.9550182E+001, 3.5453317E+001, 3.9530226E+001, 1.8630017E+002, 1.3452964E+002, 9.0553684E+001, 8.2164073E+001, 7.4459596E+001, 1.1122195E+002, 1.7700463E+002
 7.0005639E+002, 4.0964475E+001, 4.1352666E+001, 4.7235107E+001, 5.0774368E+001, 5.3018001E+001, 4.1784289E+001, 4.0771374E+001, 4.2198026E+001, 5.0597828E+001, 6.0296667E+001, 6.0278438E+001, 4.4874400E+001, 4.1688142E+001, 4.4174586E+001, 5.3777314E+001, 5.7875708E+001, 6.1104254E+001, 5.4407245E+001, 4.0949629E+001, 4.5120325E+001, 4.8603023E+001, 5.2945439E+001, 5.7893589E+001, 5.4538754E+001, 3.9729339E+001, 4.1294189E+001, 4.2972975E+001, 4.6017106E+001, 4.9416823E+001, 3.7603995E+001, 4.1717395E+001, 4.4630529E+001, 4.7258633E+001, 4.4295903E+001, 4.0886188E+001, 3.8633324E+001, 5.0953423E+001, 5.3880784E+001, 6.3096106E+001, 6.4415256E+001, 5.9332648E+001, 3.9020151E+001, 5.6370604E+001, 7.0608527E+001, 7.6335838E+001, 7.7704181E+001, 6.7180848E+001, 3.7692895E+001, 4.2875982E+001, 5.2257052E+001, 5.9135382E+001, 6.0371718E+001, 5.3183970E+001, 3.7604631E+001, 3.7966916E+001, 4.0029820E+001, 4.4791284E+001, 4.3890966E+001, 3.6046412E+001, 4.0814739E+001, 4.0720202E+001, 4.2482282E+001, 4.0377542E+001, 6.6293744E+001, 4.1165338E+001, 9.1651094E+001, 7.5889215E+001, 7.1031976E+001, 6.3691938E+001, 1.0779103E+002, 4.0855329E+001, 8.9954622E+001, 1.2598056E+002, 9.6489830E+001, 6.2708983E+001, 9.1344042E+001, 4.7559824E+001, 7.7382226E+001, 7.7430644E+001, 5.5164680E+001, 3.8668456E+001, 3.9550200E+001, 3.4973869E+001, 3.6942713E+001, 4.0067267E+001, 3.7843921E+001, 3.4987542E+001, 4.5949853E+001, 4.0951316E+001, 3.9058759E+001, 3.8732793E+001, 3.8099665E+001, 3.7277454E+001, 3.2822458E+001, 2.8600745E+001, 2.5740309E+001, 2.5366187E+001, 2.5145167E+001, 2.4995050E+001, 2.4909556E+001, 5.0309857E+001, 4.6740628E+001, 4.1572330E+001, 3.9350291E+001, 3.7846263E+001, 3.6437535E+001, 3.3630082E+001, 2.8199299E+001, 2.5888564E+001, 2.5390059E+001, 2.5031259E+001, 2.4881220E+001, 2.4813157E+001, 3.9635296E+001, 4.0184273E+001, 4.0483754E+001, 4.0424476E+001, 3.9783951E+001, 3.8966006E+001, 3.7509449E+001, 2.7927568E+001, 2.5322123E+001, 2.5189491E+001, 2.5095382E+001, 5.0648550E+001, 5.0609412E+001, 5.0451753E+001, 4.6780283E+001, 4.2769046E+001, 3.8306345E+001, 3.2970360E+001, 2.8898078E+001, 2.5799003E+001, 2.5528671E+001, 2.5303961E+001, 3.9432130E+001, 4.6821979E+001, 4.8831103E+001, 6.1804415E+001, 8.1267248E+001, 9.0403381E+001, 3.5896591E+001, 4.0088318E+001, 1.8418181E+002, 1.2978878E+002, 9.3863139E+001, 8.2822666E+001, 6.2118517E+001, 1.0098313E+002, 1.7818694E+002
 7.2000204E+002, 4.0186176E+001, 4.1181832E+001, 4.6785468E+001, 5.0304850E+001, 5.1352643E+001, 3.9834352E+001, 3.9535392E+001, 4.2033795E+001, 5.0886719E+001, 5.8266608E+001, 6.5597273E+001, 4.8862629E+001, 4.0971667E+001, 4.4535463E+001, 5.6590054E+001, 6.3848034E+001, 6.5280148E+001, 5.8622012E+001, 4.0800755E+001, 4.4928414E+001, 5.0800384E+001, 5.1251574E+001, 5.0677761E+001, 4.7342955E+001, 3.9811257E+001, 4.0966852E+001, 4.1768177E+001, 4.4340675E+001, 4.5244261E+001, 3.8468837E+001, 4.2466459E+001, 4.3927476E+001, 4.7817977E+001, 4.9423210E+001, 4.1794594E+001, 3.8526877E+001, 4.9864808E+001, 5.5628990E+001, 6.5983463E+001, 7.0796096E+001, 6.1406106E+001, 3.9765527E+001, 5.8696015E+001, 6.9665409E+001, 7.7962354E+001, 7.6198240E+001, 6.6760836E+001, 3.8434906E+001, 4.5470515E+001, 5.3231550E+001, 5.5790503E+001, 5.4764683E+001, 4.7409231E+001, 3.8033929E+001, 3.8347236E+001, 3.9672617E+001, 4.1154690E+001, 4.1158523E+001, 3.7147778E+001, 4.3203360E+001, 4.2610390E+001, 5.1908285E+001, 4.8447679E+001, 7.2392693E+001, 4.2857017E+001, 1.0501967E+002, 8.8019337E+001, 7.8474736E+001, 6.4540028E+001, 1.0887044E+002, 4.0907278E+001, 8.0519477E+001, 1.2023925E+002, 8.8469419E+001, 5.6803432E+001, 9.0195833E+001, 4.6781997E+001, 8.2602648E+001, 6.7021132E+001, 5.5840364E+001, 4.2430360E+001, 4.3086355E+001, 3.4382195E+001, 3.6140686E+001, 3.6537020E+001, 3.8156033E+001, 3.7081317E+001, 4.6644181E+001, 4.1526799E+001, 3.9088578E+001, 3.9415441E+001, 3.8436540E+001, 3.7519286E+001, 3.3747335E+001, 2.9087408E+001, 2.5788422E+001, 2.5439063E+001, 2.5181310E+001, 2.5029449E+001, 2.4934658E+001, 5.1696204E+001, 4.7418767E+001, 4.0841806E+001, 3.9448815E+001, 3.8406537E+001, 3.7078674E+001, 3.4720625E+001, 2.9221784E+001, 2.6247972E+001, 2.5440020E+001, 2.5118736E+001, 2.4960353E+001, 2.4750169E+001, 3.9427067E+001, 4.0341242E+001, 4.0936441E+001, 4.0804693E+001, 4.0390116E+001, 3.9791016E+001, 3.8441377E+001, 2.8149723E+001, 2.5370403E+001, 2.5236340E+001, 2.5144552E+001, 5.0473358E+001, 5.0160445E+001, 4.9443033E+001, 4.8936787E+001, 4.2606369E+001, 3.6598852E+001, 3.3789900E+001, 3.0369727E+001, 2.5867695E+001, 2.5476405E+001, 2.5233115E+001, 3.9922279E+001, 4.7477940E+001, 4.9590629E+001, 6.2776370E+001, 8.1849670E+001, 9.1180470E+001, 3.6332910E+001, 4.0639138E+001, 1.8157304E+002, 1.3176087E+002, 9.0913062E+001, 8.0211965E+001, 6.8223301E+001, 1.0772864E+002, 1.7921622E+002
 7.4002625E+002, 3.9359845E+001, 4.2418777E+001, 4.9358655E+001, 5.4374828E+001, 6.1871502E+001, 4.1824873E+001, 4.1577689E+001, 4.3771834E+001, 5.1641056E+001, 5.9054989E+001, 6.2538626E+001, 4.8599405E+001, 4.5882414E+001, 4.8052242E+001, 5.2478527E+001, 5.7163084E+001, 5.8283273E+001, 5.4906302E+001, 4.2457847E+001, 4.5324877E+001, 5.0934684E+001, 5.1117886E+001, 4.8539129E+001, 4.6068419E+001, 4.1340064E+001, 4.4593225E+001, 4.7035271E+001, 4.6098170E+001, 4.6579368E+001, 3.9956207E+001, 4.4050290E+001, 4.3778258E+001, 5.4618549E+001, 6.0544643E+001, 4.1955971E+001, 3.9639114E+001, 4.7892552E+001, 6.3086010E+001, 7.1392410E+001, 8.0219577E+001, 5.4908715E+001, 4.0806424E+001, 5.2622786E+001, 6.6648735E+001, 7.3271427E+001, 6.8641817E+001, 5.9810949E+001, 3.8437721E+001, 4.5198249E+001, 4.7621552E+001, 5.3029497E+001, 5.0635436E+001, 4.5807095E+001, 3.8450169E+001, 3.8886948E+001, 4.0625949E+001, 4.1344994E+001, 4.2866089E+001, 3.6968891E+001, 4.4242939E+001, 4.9011023E+001, 5.8240266E+001, 4.9667667E+001, 6.9053700E+001, 4.2141310E+001, 9.9680648E+001, 9.9356686E+001, 8.8397678E+001, 6.6654105E+001, 1.1537523E+002, 4.0842628E+001, 8.5411983E+001, 1.1859374E+002, 8.3455343E+001, 5.7823613E+001, 7.9502382E+001, 4.6331446E+001, 6.9042054E+001, 5.8001572E+001, 4.6546971E+001, 4.0102339E+001, 3.9482439E+001, 3.4696341E+001, 3.6760329E+001, 3.7944111E+001, 3.7721455E+001, 3.6712344E+001, 4.6862343E+001, 4.1294855E+001, 3.9038141E+001, 3.9479712E+001, 3.9008318E+001, 3.7908850E+001, 3.3997145E+001, 2.9770402E+001, 2.6134319E+001, 2.5510835E+001, 2.5224037E+001, 2.5070025E+001, 2.4979282E+001, 5.3541506E+001, 4.8515831E+001, 4.0874717E+001, 4.0029308E+001, 3.8011215E+001, 3.6985309E+001, 3.4337283E+001, 3.0034784E+001, 2.6655576E+001, 2.5480245E+001, 2.5115384E+001, 2.4934745E+001, 2.4724511E+001, 3.8940743E+001, 3.9410989E+001, 4.0647863E+001, 4.0631726E+001, 4.0154483E+001, 3.8997874E+001, 3.8178984E+001, 2.7342493E+001, 2.5423674E+001, 2.5283403E+001, 2.5177922E+001, 5.2046970E+001, 5.1623125E+001, 5.0241911E+001, 4.9298293E+001, 4.6282390E+001, 3.6858740E+001, 3.4315439E+001, 2.9118687E+001, 2.5710942E+001, 2.5480114E+001, 2.5262070E+001, 4.0405569E+001, 4.8115674E+001, 5.0325483E+001, 6.3709434E+001, 8.2550647E+001, 9.1884360E+001, 3.6765370E+001, 4.1180478E+001, 1.7946795E+002, 1.3277081E+002, 9.2818660E+001, 7.7944242E+001, 6.1579284E+001, 1.1007890E+002, 1.8055488E+002
 7.6000966E+002, 3.9729733E+001, 4.2728548E+001, 5.1884844E+001, 5.7458182E+001, 5.6882780E+001, 4.1176112E+001, 4.0036009E+001, 4.3422236E+001, 5.1654918E+001, 5.9159455E+001, 6.9374302E+001, 4.8257556E+001, 4.0207762E+001, 4.3009240E+001, 5.0189427E+001, 5.8826119E+001, 6.4122337E+001, 5.2941916E+001, 3.9879343E+001, 4.1589110E+001, 4.6333402E+001, 4.9562403E+001, 4.9126689E+001, 4.5230454E+001, 3.9586740E+001, 4.0356592E+001, 4.2447138E+001, 4.3361513E+001, 4.3606895E+001, 3.8672672E+001, 4.8023841E+001, 5.4083315E+001, 5.7455918E+001, 5.2543220E+001, 4.4340422E+001, 3.9306189E+001, 5.4672239E+001, 6.2369836E+001, 7.9710733E+001, 8.5646873E+001, 5.5424963E+001, 3.9505480E+001, 4.8362349E+001, 6.0912254E+001, 7.2102263E+001, 7.4385051E+001, 5.8085990E+001, 3.8274265E+001, 4.0394018E+001, 4.5792248E+001, 5.2106213E+001, 4.9503650E+001, 4.6141806E+001, 3.8778189E+001, 3.8883437E+001, 3.9955532E+001, 4.2450454E+001, 4.1368097E+001, 3.7669079E+001, 4.9250748E+001, 5.7767738E+001, 5.0264621E+001, 4.2192016E+001, 6.8886766E+001, 4.3116390E+001, 1.0288494E+002, 1.1695192E+002, 9.9797046E+001, 6.9567848E+001, 1.2013908E+002, 4.4664124E+001, 9.6383384E+001, 1.0750210E+002, 7.7316579E+001, 5.7132522E+001, 7.7184262E+001, 4.6847160E+001, 5.8551693E+001, 5.7856264E+001, 5.0003884E+001, 4.0828319E+001, 4.1003363E+001, 3.4875301E+001, 3.6684876E+001, 3.6674406E+001, 3.7468022E+001, 3.7538663E+001, 4.7009768E+001, 4.3055657E+001, 3.9277153E+001, 3.9180073E+001, 3.9384383E+001, 3.8543442E+001, 3.4977697E+001, 2.9669931E+001, 2.6297271E+001, 2.5579000E+001, 2.5280130E+001, 2.5130679E+001, 2.5019495E+001, 5.1721466E+001, 4.7381598E+001, 4.1498082E+001, 4.0723396E+001, 3.7823799E+001, 3.6709209E+001, 3.4613235E+001, 3.1092363E+001, 2.7436409E+001, 2.5673567E+001, 2.5116407E+001, 2.4949745E+001, 2.4731474E+001, 3.9916580E+001, 3.9859157E+001, 4.0362948E+001, 4.0725670E+001, 4.0584324E+001, 3.9924601E+001, 3.8596265E+001, 2.8179853E+001, 2.5765915E+001, 2.5330800E+001, 2.5220245E+001, 5.3322134E+001, 5.2808600E+001, 5.1834671E+001, 5.0969373E+001, 4.7182121E+001, 4.2136210E+001, 3.4744957E+001, 2.6765063E+001, 2.5652377E+001, 2.5507447E+001, 2.5326122E+001, 4.0873708E+001, 4.8723356E+001, 5.1032296E+001, 6.4614505E+001, 8.3283790E+001, 9.2689892E+001, 3.7201254E+001, 4.1719093E+001, 1.6897375E+002, 1.3707122E+002, 1.0017586E+002, 7.4083051E+001, 5.8667171E+001, 1.1195029E+002, 1.8340403E+002
 7.8000037E+002, 4.1377246E+001, 4.5995811E+001, 5.1634053E+001, 6.0151866E+001, 6.0254863E+001, 4.5264513E+001, 4.0681857E+001, 4.7986249E+001, 5.4522915E+001, 6.2349838E+001, 6.3242763E+001, 4.8748261E+001, 4.0472538E+001, 4.6669101E+001, 4.8883468E+001, 5.3501850E+001, 5.4489544E+001, 4.7880741E+001, 4.0314059E+001, 4.2298294E+001, 4.4717386E+001, 4.8290022E+001, 4.9841410E+001, 4.9130877E+001, 4.1267771E+001, 4.1651110E+001, 4.2718595E+001, 4.5684885E+001, 4.7959534E+001, 4.0433377E+001, 4.7825756E+001, 5.6745440E+001, 6.1789399E+001, 5.9619720E+001, 4.7341805E+001, 4.2432073E+001, 5.4563030E+001, 7.2775680E+001, 7.6288531E+001, 7.7698343E+001, 6.0540151E+001, 4.1039540E+001, 5.2770798E+001, 5.7969756E+001, 5.7755491E+001, 6.3633118E+001, 5.2314787E+001, 3.8858851E+001, 3.9767678E+001, 4.4190645E+001, 4.7009901E+001, 4.7156665E+001, 4.3660337E+001, 3.9087328E+001, 3.9032925E+001, 3.9391270E+001, 4.0568999E+001, 4.0898096E+001, 3.8395897E+001, 5.5805895E+001, 5.7724984E+001, 5.2923274E+001, 4.4944350E+001, 8.1476219E+001, 4.2952965E+001, 1.0609876E+002, 1.1480574E+002, 8.7489104E+001, 5.8717905E+001, 1.1781264E+002, 4.4090039E+001, 9.3134173E+001, 1.1197410E+002, 7.9706544E+001, 5.5965827E+001, 6.6385372E+001, 4.6158885E+001, 6.2965333E+001, 5.0150510E+001, 4.7379137E+001, 3.9067460E+001, 3.8054504E+001, 3.5192008E+001, 3.6656352E+001, 3.5078110E+001, 3.5630077E+001, 3.6039560E+001, 4.6913678E+001, 4.2936720E+001, 3.9949286E+001, 3.9223692E+001, 3.9602224E+001, 3.9256954E+001, 3.3830953E+001, 2.8989287E+001, 2.6214633E+001, 2.5636069E+001, 2.5337921E+001, 2.5187954E+001, 2.5071606E+001, 5.1242514E+001, 4.4414162E+001, 4.1654276E+001, 4.1257047E+001, 3.8166291E+001, 3.7172775E+001, 3.4220144E+001, 3.0025773E+001, 2.6950362E+001, 2.5734725E+001, 2.5191694E+001, 2.5029885E+001, 2.4760645E+001, 3.9425867E+001, 4.0159356E+001, 4.0256832E+001, 4.0209343E+001, 4.0270564E+001, 4.0066094E+001, 3.9411687E+001, 2.9476126E+001, 2.6347031E+001, 2.5442271E+001, 2.5256139E+001, 5.1455117E+001, 5.1670408E+001, 5.0939231E+001, 4.9993562E+001, 4.7502689E+001, 4.1098008E+001, 3.5166766E+001, 2.8165486E+001, 2.5780802E+001, 2.5535326E+001, 2.5374217E+001, 4.1321710E+001, 4.9297592E+001, 5.1725873E+001, 6.5513704E+001, 8.3767262E+001, 9.3374356E+001, 3.7642352E+001, 4.2256718E+001, 1.8299608E+002, 1.3548513E+002, 9.5654116E+001, 8.6907406E+001, 7.7159564E+001, 9.2303641E+001, 1.8765053E+002
 8.0006421E+002, 4.2627324E+001, 4.4653534E+001, 5.0764897E+001, 5.4102579E+001, 5.5596095E+001, 4.3981111E+001, 4.1729804E+001, 4.4849959E+001, 5.3657483E+001, 6.0757791E+001, 6.4919620E+001, 4.8797774E+001, 4.1104366E+001, 4.4930265E+001, 5.2614954E+001, 5.8661927E+001, 6.1999422E+001, 5.4974520E+001, 4.0985243E+001, 4.3382390E+001, 4.7378770E+001, 4.8967300E+001, 5.3629825E+001, 4.6296609E+001, 4.0561561E+001, 4.1350478E+001, 4.1859970E+001, 4.2557593E+001, 4.6090045E+001, 3.9761410E+001, 4.8674016E+001, 4.7029118E+001, 4.7323687E+001, 5.0929236E+001, 4.5446600E+001, 4.1265688E+001, 5.2224331E+001, 6.4737339E+001, 6.8639710E+001, 7.2862194E+001, 6.1408265E+001, 4.1005666E+001, 5.5628416E+001, 6.9871137E+001, 8.1464616E+001, 8.3247852E+001, 6.3865025E+001, 3.9419356E+001, 4.4006828E+001, 4.8208437E+001, 5.2553160E+001, 5.2378866E+001, 4.3236008E+001, 3.9570248E+001, 3.9622409E+001, 3.9628928E+001, 3.9951947E+001, 4.0158497E+001, 3.8356942E+001, 4.7332653E+001, 4.5216733E+001, 4.7533013E+001, 4.7816741E+001, 8.1380408E+001, 4.3182843E+001, 1.1232341E+002, 9.6309595E+001, 6.9087611E+001, 5.7808147E+001, 1.2054432E+002, 4.2478314E+001, 8.8467385E+001, 1.2615128E+002, 9.6177733E+001, 6.2058585E+001, 8.5319837E+001, 4.4942950E+001, 7.7126459E+001, 5.7718971E+001, 5.0152615E+001, 4.0219910E+001, 3.8226761E+001, 3.5009019E+001, 3.8252811E+001, 3.7909990E+001, 3.6384257E+001, 3.6186199E+001, 4.7540595E+001, 4.3320867E+001, 4.0496996E+001, 3.9747988E+001, 3.9967805E+001, 3.9604552E+001, 3.4859464E+001, 3.0146223E+001, 2.6870831E+001, 2.5733033E+001, 2.5408094E+001, 2.5245548E+001, 2.5127362E+001, 5.2809067E+001, 4.4992863E+001, 4.1278767E+001, 4.1178066E+001, 3.8663599E+001, 3.7637502E+001, 3.4884938E+001, 2.9673493E+001, 2.6580413E+001, 2.5688595E+001, 2.5250675E+001, 2.4983456E+001, 2.4700926E+001, 3.8922021E+001, 3.9961913E+001, 4.0257140E+001, 4.0315360E+001, 4.0136001E+001, 3.9687397E+001, 3.8973034E+001, 3.0695394E+001, 2.6625908E+001, 2.5567228E+001, 2.5286293E+001, 5.2350701E+001, 5.2346623E+001, 5.1675572E+001, 5.1549523E+001, 4.8742806E+001, 4.1815900E+001, 3.4920387E+001, 3.1269624E+001, 2.5947086E+001, 2.5668129E+001, 2.5327817E+001, 4.1755844E+001, 4.9846647E+001, 5.2412406E+001, 6.6389996E+001, 8.4620467E+001, 9.3921475E+001, 3.8087431E+001, 4.2781534E+001, 1.8717459E+002, 1.4058771E+002, 9.6944353E+001, 8.6234895E+001, 7.3137785E+001, 1.1194389E+002, 1.8903004E+002
 8.2006942E+002, 4.2051347E+001, 4.4354598E+001, 4.6888166E+001, 5.1329516E+001, 5.3109586E+001, 4.3860243E+001, 4.2195758E+001, 4.8605400E+001, 5.5157811E+001, 5.5869148E+001, 5.9779160E+001, 5.5922175E+001, 4.1604822E+001, 4.9079094E+001, 6.0063967E+001, 6.3742060E+001, 6.5766270E+001, 5.8922860E+001, 4.1656239E+001, 4.5439097E+001, 4.9918244E+001, 5.5543558E+001, 6.1792920E+001, 5.2786089E+001, 4.1592221E+001, 4.1344506E+001, 4.2054829E+001, 4.4777892E+001, 4.9097792E+001, 4.0399056E+001, 4.3680401E+001, 4.5122053E+001, 4.4533244E+001, 4.7079533E+001, 4.3360209E+001, 4.0901494E+001, 4.9739519E+001, 5.8846949E+001, 6.1902655E+001, 6.8758293E+001, 6.0842332E+001, 4.1968206E+001, 6.2067716E+001, 7.5190895E+001, 8.1304392E+001, 8.0446058E+001, 6.7910263E+001, 3.9788954E+001, 4.5846634E+001, 4.9956757E+001, 6.1891489E+001, 6.0302850E+001, 5.1151051E+001, 3.9609720E+001, 3.9797187E+001, 4.0200648E+001, 4.2286724E+001, 4.2749387E+001, 3.8796623E+001, 4.4475058E+001, 4.6234446E+001, 4.7353253E+001, 4.3241092E+001, 7.2975900E+001, 4.2733010E+001, 9.9812620E+001, 9.5411582E+001, 8.0574425E+001, 6.0793349E+001, 1.1697450E+002, 4.2796774E+001, 9.7037201E+001, 1.2320087E+002, 9.2886827E+001, 6.5050135E+001, 8.0949709E+001, 4.5361792E+001, 7.8159124E+001, 6.5194672E+001, 5.5342258E+001, 4.7188129E+001, 4.2235286E+001, 3.6915035E+001, 3.9094201E+001, 4.0812696E+001, 3.9135747E+001, 4.0030583E+001, 4.7829571E+001, 4.4752859E+001, 4.0888394E+001, 4.0523354E+001, 3.9980683E+001, 3.9586103E+001, 3.6195115E+001, 3.1100481E+001, 2.7285019E+001, 2.5778392E+001, 2.5478759E+001, 2.5312646E+001, 2.5182591E+001, 5.4465793E+001, 4.6490134E+001, 4.1673159E+001, 4.1661319E+001, 3.9976125E+001, 3.8116435E+001, 3.6119827E+001, 3.1381636E+001, 2.6761857E+001, 2.5760036E+001, 2.5105218E+001, 2.4851485E+001, 2.4778212E+001, 3.9675745E+001, 4.0307018E+001, 4.0663962E+001, 4.0563998E+001, 4.0314129E+001, 4.0115652E+001, 3.9651524E+001, 3.0551968E+001, 2.6534070E+001, 2.5638881E+001, 2.5310794E+001, 5.5002553E+001, 5.4814864E+001, 5.3346149E+001, 5.0954787E+001, 4.4814188E+001, 4.2957337E+001, 3.5157853E+001, 3.1534206E+001, 2.6057847E+001, 2.5578672E+001, 2.5344350E+001, 4.2184667E+001, 5.0371308E+001, 5.3084325E+001, 6.7213607E+001, 8.5698626E+001, 9.4445844E+001, 3.8540399E+001, 4.3289487E+001, 1.7992166E+002, 1.3324212E+002, 9.2506261E+001, 7.9622628E+001, 6.5006683E+001, 1.0478293E+002, 1.9029270E+002
 8.4006981E+002, 4.0640345E+001, 4.2577307E+001, 4.7497385E+001, 5.4312285E+001, 5.4749868E+001, 4.1442581E+001, 4.1313957E+001, 4.3881832E+001, 5.4319381E+001, 5.8171218E+001, 6.5102171E+001, 4.9856777E+001, 4.2404916E+001, 4.5496710E+001, 5.3319997E+001, 5.8569748E+001, 6.3494387E+001, 5.4124487E+001, 4.2900469E+001, 4.6338937E+001, 4.8882421E+001, 5.3795343E+001, 5.4690442E+001, 4.9828950E+001, 4.3060054E+001, 4.3958294E+001, 4.6060733E+001, 4.7834692E+001, 4.7326175E+001, 3.8973632E+001, 4.2616029E+001, 5.1813298E+001, 5.2280805E+001, 5.5277743E+001, 4.1171191E+001, 4.0494702E+001, 5.1635179E+001, 5.8426207E+001, 6.8730892E+001, 8.5152887E+001, 5.9122688E+001, 4.0912670E+001, 5.5044508E+001, 6.6029419E+001, 7.2403070E+001, 7.4200159E+001, 6.2975131E+001, 3.9927373E+001, 4.1811319E+001, 4.9297649E+001, 5.4158872E+001, 5.9295358E+001, 4.8792087E+001, 3.9932540E+001, 3.9717951E+001, 3.9994391E+001, 4.0744041E+001, 4.6901473E+001, 3.7960702E+001, 4.1824681E+001, 5.5072051E+001, 6.3879191E+001, 5.1890066E+001, 6.8862803E+001, 4.3497634E+001, 9.7493932E+001, 9.9951655E+001, 9.7274969E+001, 7.2119270E+001, 1.0687349E+002, 4.4143348E+001, 9.4879970E+001, 1.1425413E+002, 8.9600287E+001, 5.5704660E+001, 7.8124147E+001, 4.6462874E+001, 6.9335703E+001, 6.5037647E+001, 5.4669712E+001, 4.3043509E+001, 4.3577982E+001, 3.7894636E+001, 3.8761083E+001, 3.9183876E+001, 3.9590875E+001, 4.0279659E+001, 4.9904672E+001, 4.4205496E+001, 4.1060758E+001, 4.0565003E+001, 4.0052829E+001, 3.9707695E+001, 3.5789861E+001, 3.0096172E+001, 2.6833416E+001, 2.5773851E+001, 2.5535735E+001, 2.5369970E+001, 2.5242806E+001, 5.2056037E+001, 4.4973851E+001, 4.1863831E+001, 4.0687017E+001, 3.9536970E+001, 3.8385031E+001, 3.6074448E+001, 3.1471951E+001, 2.7172922E+001, 2.5860526E+001, 2.5131466E+001, 2.4860443E+001, 2.4903052E+001, 4.0447830E+001, 4.1086466E+001, 4.1360916E+001, 4.1998322E+001, 4.1567518E+001, 4.0716431E+001, 3.9900779E+001, 3.3415113E+001, 2.6223535E+001, 2.5608753E+001, 2.5332314E+001, 5.3947058E+001, 5.4035525E+001, 5.4137705E+001, 4.7037741E+001, 4.1037141E+001, 3.8333467E+001, 3.5101111E+001, 3.1688938E+001, 2.6260327E+001, 2.5653606E+001, 2.5368759E+001, 4.2607884E+001, 5.0874043E+001, 5.3729594E+001, 6.7975751E+001, 8.6296514E+001, 9.5013986E+001, 3.8976499E+001, 4.3783078E+001, 1.7403380E+002, 1.3628906E+002, 9.3234986E+001, 7.5776626E+001, 5.8520404E+001, 1.0960122E+002, 1.9154380E+002
 8.6006325E+002, 4.1222456E+001, 4.3369033E+001, 5.0980563E+001, 5.9506780E+001, 6.0618148E+001, 4.1662888E+001, 4.1830088E+001, 4.5991956E+001, 5.0575954E+001, 6.1612044E+001, 7.1631087E+001, 5.1308672E+001, 4.3948248E+001, 4.8534139E+001, 5.5362302E+001, 5.7383130E+001, 6.2129431E+001, 5.2145964E+001, 4.2910773E+001, 4.4910358E+001, 4.7240607E+001, 4.7467322E+001, 4.8868713E+001, 4.3415792E+001, 4.2302743E+001, 4.1926778E+001, 4.2445501E+001, 4.2280155E+001, 4.2620904E+001, 3.9617593E+001, 4.2910264E+001, 5.2475816E+001, 5.8270586E+001, 6.1953677E+001, 4.0921272E+001, 4.0270569E+001, 4.9121469E+001, 6.4146130E+001, 8.0178938E+001, 8.5599842E+001, 5.9258955E+001, 4.1200756E+001, 5.3790335E+001, 6.6623848E+001, 7.5623132E+001, 7.0872067E+001, 6.1904932E+001, 3.9835510E+001, 4.3784442E+001, 4.8126884E+001, 4.8980439E+001, 5.3227979E+001, 4.3715360E+001, 4.0386344E+001, 4.0221838E+001, 4.0385174E+001, 4.0979916E+001, 4.0930080E+001, 4.1650615E+001, 4.4942807E+001, 5.3915227E+001, 6.6505032E+001, 5.2941832E+001, 7.4162807E+001, 4.4284823E+001, 1.0464849E+002, 1.0675441E+002, 9.1986048E+001, 6.6832304E+001, 1.1340653E+002, 4.3450642E+001, 9.5094580E+001, 1.1491796E+002, 8.2317781E+001, 5.5437251E+001, 8.1895462E+001, 4.5370418E+001, 6.6790981E+001, 5.7729273E+001, 4.9174673E+001, 4.0484035E+001, 4.0772249E+001, 3.8116622E+001, 3.7920115E+001, 3.8267410E+001, 3.8345591E+001, 3.7674570E+001, 4.9661665E+001, 4.5165295E+001, 4.1323016E+001, 4.0919435E+001, 4.0210225E+001, 3.9675057E+001, 3.6511145E+001, 2.9855971E+001, 2.6910274E+001, 2.5835131E+001, 2.5596470E+001, 2.5425470E+001, 2.5301747E+001, 5.1465408E+001, 4.6532331E+001, 4.2278254E+001, 4.0837461E+001, 3.9281995E+001, 3.8004813E+001, 3.4790661E+001, 3.0541618E+001, 2.7401358E+001, 2.5964150E+001, 2.5387852E+001, 2.5014139E+001, 2.4863329E+001, 4.1822009E+001, 4.1769799E+001, 4.1965362E+001, 4.1972289E+001, 4.1582266E+001, 4.0916100E+001, 3.7539407E+001, 2.7797929E+001, 2.6003349E+001, 2.5573853E+001, 2.5365434E+001, 5.1404280E+001, 5.1015770E+001, 5.0725388E+001, 4.9395995E+001, 4.3506658E+001, 3.8199581E+001, 3.5909397E+001, 3.2005073E+001, 2.6766544E+001, 2.5636231E+001, 2.5410889E+001, 4.3010942E+001, 5.1357700E+001, 5.4353029E+001, 6.8697250E+001, 8.6981244E+001, 9.5606121E+001, 3.9379553E+001, 4.4260542E+001, 1.8128656E+002, 1.3394518E+002, 9.0969257E+001, 7.9904429E+001, 6.3339911E+001, 9.9558723E+001, 1.9274328E+002
 8.8009215E+002, 4.2249655E+001, 4.4315529E+001, 5.0434195E+001, 5.6107821E+001, 6.2312828E+001, 4.3476024E+001, 4.2853616E+001, 4.5136805E+001, 5.2137024E+001, 6.2443511E+001, 7.1253706E+001, 4.8749573E+001, 4.3978888E+001, 4.6337376E+001, 5.3705868E+001, 5.7391400E+001, 6.1122670E+001, 5.2021338E+001, 4.2033288E+001, 4.3181020E+001, 4.5449699E+001, 4.9053351E+001, 4.9719713E+001, 4.5083962E+001, 4.1931331E+001, 4.1474271E+001, 4.1660448E+001, 4.2083998E+001, 4.2171048E+001, 3.8538489E+001, 4.3226424E+001, 4.7723718E+001, 5.6380323E+001, 5.8392183E+001, 3.9982158E+001, 3.9281142E+001, 4.7097188E+001, 6.0224703E+001, 7.2414383E+001, 9.1095869E+001, 5.6607299E+001, 3.9561546E+001, 5.0843201E+001, 6.9537522E+001, 7.5113697E+001, 7.0758651E+001, 6.1745805E+001, 4.0185078E+001, 4.4698344E+001, 4.6656983E+001, 4.8788306E+001, 5.1730189E+001, 4.5164174E+001, 4.0528585E+001, 4.0363767E+001, 4.0657911E+001, 4.1244183E+001, 4.1542357E+001, 4.1189669E+001, 4.5406568E+001, 4.9661212E+001, 5.8095208E+001, 5.5789510E+001, 7.4862468E+001, 4.6981654E+001, 1.0575811E+002, 1.0844089E+002, 9.6813772E+001, 7.5332425E+001, 1.0708721E+002, 4.1376158E+001, 8.8385267E+001, 1.2067775E+002, 8.0134040E+001, 5.7996074E+001, 7.8226067E+001, 4.4949587E+001, 7.9928222E+001, 5.9652598E+001, 5.1886568E+001, 4.2915104E+001, 4.0893278E+001, 3.7792661E+001, 3.9478116E+001, 3.9250682E+001, 3.9401165E+001, 3.9039688E+001, 4.8436512E+001, 4.5222564E+001, 4.1644774E+001, 4.1302511E+001, 4.0411710E+001, 3.9990083E+001, 3.6249746E+001, 3.0672321E+001, 2.7387910E+001, 2.5945041E+001, 2.5652739E+001, 2.5478509E+001, 2.5356346E+001, 5.2941817E+001, 4.5406455E+001, 4.2478281E+001, 4.0875372E+001, 3.9068173E+001, 3.8621630E+001, 3.5876329E+001, 3.2035087E+001, 2.7840406E+001, 2.5955907E+001, 2.5576426E+001, 2.5187825E+001, 2.4811835E+001, 4.2105665E+001, 4.2174580E+001, 4.2143964E+001, 4.1971200E+001, 4.1627321E+001, 4.1150937E+001, 4.0390821E+001, 3.7125279E+001, 2.6868591E+001, 2.5668664E+001, 2.5475539E+001, 5.3357611E+001, 5.2933802E+001, 5.1913125E+001, 5.0566488E+001, 4.6740255E+001, 3.9064224E+001, 3.6126598E+001, 3.0036686E+001, 2.6427842E+001, 2.5610905E+001, 2.5468946E+001, 4.3401963E+001, 5.1812353E+001, 5.4965209E+001, 6.9385639E+001, 8.7326157E+001, 9.6226426E+001, 3.9786922E+001, 4.4732657E+001, 1.7570873E+002, 1.3607535E+002, 9.5911841E+001, 7.6236073E+001, 5.5758359E+001, 1.0878337E+002, 1.9437899E+002
 9.0004196E+002, 4.3173806E+001, 4.4559565E+001, 4.7103573E+001, 5.2852490E+001, 6.4855876E+001, 4.3680713E+001, 4.2925093E+001, 4.6326245E+001, 5.2871515E+001, 6.3227764E+001, 7.0681392E+001, 5.1001820E+001, 4.3422256E+001, 4.7379771E+001, 5.5964806E+001, 5.9467134E+001, 6.1453320E+001, 5.1787063E+001, 4.3001499E+001, 4.5200235E+001, 4.7065940E+001, 4.9398048E+001, 4.9761886E+001, 4.6680742E+001, 4.2095301E+001, 4.3008562E+001, 4.3162334E+001, 4.3771535E+001, 4.2611456E+001, 3.9206021E+001, 4.1578155E+001, 4.5613990E+001, 5.5392320E+001, 5.8494592E+001, 4.1424896E+001, 3.9930304E+001, 4.9388693E+001, 5.7432403E+001, 7.9262057E+001, 8.9282686E+001, 5.7093599E+001, 4.0306449E+001, 5.0499578E+001, 6.7845192E+001, 7.7622453E+001, 7.9487446E+001, 6.6895548E+001, 4.0530566E+001, 4.6672645E+001, 5.0161240E+001, 4.7585029E+001, 4.8662190E+001, 4.2338684E+001, 3.9950429E+001, 4.0591986E+001, 4.0813132E+001, 4.0774604E+001, 4.0823705E+001, 3.8425742E+001, 4.2701157E+001, 5.0094636E+001, 5.7371605E+001, 5.5233023E+001, 6.8429800E+001, 4.4913569E+001, 9.5467848E+001, 1.0860291E+002, 9.5905963E+001, 7.5171059E+001, 1.2329153E+002, 4.2750552E+001, 9.0283530E+001, 1.1611371E+002, 7.9593568E+001, 5.7429193E+001, 7.9780590E+001, 4.5317226E+001, 8.0007251E+001, 5.7861547E+001, 5.1032115E+001, 4.1786617E+001, 4.1623757E+001, 3.7318486E+001, 4.0777759E+001, 3.9337348E+001, 3.8937850E+001, 3.8902841E+001, 4.8702230E+001, 4.5022517E+001, 4.1787000E+001, 4.1739368E+001, 4.0832983E+001, 4.0261225E+001, 3.6821684E+001, 3.0879112E+001, 2.7551835E+001, 2.6022661E+001, 2.5673274E+001, 2.5514597E+001, 2.5523297E+001, 5.5626132E+001, 4.7877829E+001, 4.2675257E+001, 4.0544288E+001, 3.9198164E+001, 3.9010119E+001, 3.6594570E+001, 3.3323338E+001, 2.8106090E+001, 2.5984720E+001, 2.5478794E+001, 2.5146843E+001, 2.4975292E+001, 4.2132182E+001, 4.2598209E+001, 4.3264851E+001, 4.2842624E+001, 4.2207895E+001, 4.1426798E+001, 4.0409514E+001, 3.7578202E+001, 2.7525918E+001, 2.5751643E+001, 2.5549499E+001, 5.6012834E+001, 5.5405307E+001, 5.3963496E+001, 5.1535047E+001, 4.7540079E+001, 4.0405210E+001, 3.6204592E+001, 3.0817718E+001, 2.6548544E+001, 2.5646905E+001, 2.5430582E+001, 4.3782640E+001, 5.2242877E+001, 5.5564528E+001, 7.0077027E+001, 8.7869242E+001, 9.6820243E+001, 4.0210343E+001, 4.5204521E+001, 1.7962672E+002, 1.3686770E+002, 9.2633974E+001, 7.7916988E+001, 6.5180531E+001, 1.0683459E+002, 1.9618220E+002
 9.2008197E+002, 4.2439454E+001, 4.4147970E+001, 4.7164951E+001, 5.4832033E+001, 5.7704214E+001, 4.2860434E+001, 4.2036625E+001, 4.7515683E+001, 5.6538862E+001, 6.3666800E+001, 6.7102572E+001, 5.2906670E+001, 4.3236166E+001, 4.9555430E+001, 5.6531790E+001, 6.7053316E+001, 6.4400348E+001, 5.8849353E+001, 4.2613298E+001, 4.3460156E+001, 4.6269737E+001, 5.1308256E+001, 5.2471927E+001, 4.6804357E+001, 4.2334533E+001, 4.2600184E+001, 4.2896558E+001, 4.4428493E+001, 4.3774041E+001, 3.9720155E+001, 4.3394347E+001, 4.5718828E+001, 4.9860778E+001, 5.5138238E+001, 4.1788410E+001, 4.1141001E+001, 5.2882228E+001, 5.5682505E+001, 6.6269374E+001, 8.3523814E+001, 6.3168572E+001, 4.2675260E+001, 5.8472201E+001, 7.3973977E+001, 8.0342368E+001, 8.1971212E+001, 7.2990923E+001, 4.1624090E+001, 4.9557067E+001, 5.3932895E+001, 5.8294791E+001, 5.2352238E+001, 4.5365937E+001, 4.0469182E+001, 4.1075033E+001, 4.1765035E+001, 4.2916961E+001, 4.1252832E+001, 4.0149992E+001, 4.3569181E+001, 4.7574829E+001, 5.6787944E+001, 6.0094684E+001, 7.6769439E+001, 4.8957857E+001, 9.9982652E+001, 9.4593052E+001, 8.6261199E+001, 6.2711414E+001, 1.2742554E+002, 4.5083171E+001, 1.0411383E+002, 1.3659877E+002, 1.0009666E+002, 5.6802869E+001, 9.4660242E+001, 4.6673021E+001, 8.2424583E+001, 6.8921934E+001, 5.6783738E+001, 4.5657968E+001, 4.2301859E+001, 3.8601190E+001, 4.1185221E+001, 4.0423627E+001, 3.9215188E+001, 3.8960995E+001, 4.9350080E+001, 4.5370590E+001, 4.2419362E+001, 4.1836923E+001, 4.0995122E+001, 4.0418316E+001, 3.7848843E+001, 3.0585505E+001, 2.7522111E+001, 2.6055854E+001, 2.5733937E+001, 2.5543559E+001, 2.5562233E+001, 5.5849152E+001, 4.8222350E+001, 4.3144237E+001, 4.1828434E+001, 4.0174669E+001, 3.9309911E+001, 3.7010319E+001, 3.3543137E+001, 2.7749083E+001, 2.6060325E+001, 2.5425879E+001, 2.5107074E+001, 2.4833944E+001, 4.2709858E+001, 4.2528308E+001, 4.3037111E+001, 4.3087938E+001, 4.2494289E+001, 4.1323703E+001, 3.8532733E+001, 3.0555347E+001, 2.7069318E+001, 2.5716931E+001, 2.5581830E+001, 5.6037392E+001, 5.6103068E+001, 5.5238218E+001, 5.4109796E+001, 4.2971226E+001, 3.8547379E+001, 3.6298154E+001, 3.3796156E+001, 2.7211322E+001, 2.5574907E+001, 2.5389094E+001, 4.4148584E+001, 5.2673171E+001, 5.6143470E+001, 7.0785240E+001, 8.8417505E+001, 9.7668674E+001, 4.0634487E+001, 4.5668275E+001, 2.0735864E+002, 1.3916691E+002, 9.9725632E+001, 9.1829973E+001, 7.7577099E+001, 1.3064896E+002, 1.9694124E+002
 9.4003322E+002, 4.3578749E+001, 4.5998034E+001, 5.5177969E+001, 6.1425671E+001, 6.7831843E+001, 4.6199344E+001, 4.6332015E+001, 5.2323482E+001, 6.2571223E+001, 7.0422578E+001, 7.9099934E+001, 5.8326099E+001, 5.1213497E+001, 5.6074415E+001, 6.2452766E+001, 7.1328771E+001, 7.1554425E+001, 6.3653117E+001, 4.7121657E+001, 4.8688958E+001, 5.3513941E+001, 6.2772793E+001, 6.1794892E+001, 5.6239003E+001, 4.3148243E+001, 4.4570493E+001, 4.6473112E+001, 4.9594313E+001, 5.1683565E+001, 4.0544752E+001, 4.4095141E+001, 5.5819967E+001, 6.0605535E+001, 6.0259864E+001, 4.2566029E+001, 4.1828247E+001, 5.3578176E+001, 6.0145451E+001, 9.0733503E+001, 1.0147764E+002, 6.4532750E+001, 4.3381681E+001, 6.6621963E+001, 8.3980796E+001, 9.4729848E+001, 8.7748228E+001, 8.0801290E+001, 4.5327450E+001, 5.8866239E+001, 6.9915606E+001, 6.6756377E+001, 5.7792095E+001, 5.5479099E+001, 4.1242514E+001, 4.2223907E+001, 4.5784289E+001, 4.5297913E+001, 4.5798120E+001, 4.0925840E+001, 4.5754599E+001, 6.4466666E+001, 6.5991523E+001, 5.5117056E+001, 7.6916626E+001, 5.1304783E+001, 1.1337811E+002, 1.1868688E+002, 1.1243963E+002, 7.8651126E+001, 1.4797356E+002, 4.8893409E+001, 1.2407350E+002, 1.7142969E+002, 1.1712215E+002, 7.6534855E+001, 1.1146227E+002, 5.4288249E+001, 1.1181920E+002, 8.3182411E+001, 6.2076153E+001, 5.0684026E+001, 4.5398350E+001, 4.0147176E+001, 4.1677545E+001, 4.1868245E+001, 4.0415629E+001, 3.9732818E+001, 5.1548932E+001, 4.7199586E+001, 4.2652944E+001, 4.2068862E+001, 4.1473533E+001, 4.0693996E+001, 3.8701583E+001, 3.1878703E+001, 2.7623999E+001, 2.6093293E+001, 2.5705496E+001, 2.5593524E+001, 2.5403003E+001, 5.5979755E+001, 4.6434945E+001, 4.3397721E+001, 4.2821811E+001, 4.0914971E+001, 3.9646223E+001, 3.7289960E+001, 3.3384304E+001, 2.7570059E+001, 2.6146609E+001, 2.5492085E+001, 2.5098743E+001, 2.4990714E+001, 4.2691406E+001, 4.2948816E+001, 4.3702624E+001, 4.3860474E+001, 4.3092348E+001, 4.2155986E+001, 4.0413078E+001, 3.1787966E+001, 2.7327452E+001, 2.5788654E+001, 2.5626711E+001, 5.7123620E+001, 5.7056090E+001, 5.4810476E+001, 5.2207160E+001, 4.4165099E+001, 3.9373887E+001, 3.6460657E+001, 3.4051507E+001, 2.6990680E+001, 2.5700165E+001, 2.5443444E+001, 4.4566878E+001, 5.3177010E+001, 5.6789391E+001, 7.1644805E+001, 9.1209566E+001, 1.0059686E+002, 4.1098454E+001, 4.6163310E+001, 2.7279673E+002, 1.8948705E+002, 1.2552037E+002, 1.0480262E+002, 8.8628505E+001, 1.7181905E+002, 2.0208635E+002
 9.6000418E+002, 4.4458150E+001, 4.6990831E+001, 5.1967320E+001, 6.0194145E+001, 7.1636046E+001, 4.7258256E+001, 4.4438157E+001, 5.4037326E+001, 6.2329906E+001, 7.0730020E+001, 8.8024997E+001, 6.3038884E+001, 4.7933775E+001, 5.8675731E+001, 6.9593193E+001, 7.3454056E+001, 7.8891524E+001, 6.6553196E+001, 4.3830304E+001, 4.9806853E+001, 5.7043918E+001, 6.3695617E+001, 6.9058441E+001, 5.6678840E+001, 4.2104378E+001, 4.4151734E+001, 4.7370998E+001, 5.0749970E+001, 5.5461219E+001, 4.0933899E+001, 4.6757084E+001, 4.7355186E+001, 6.2427558E+001, 7.4017313E+001, 4.6560956E+001, 4.2800678E+001, 6.0210500E+001, 6.0223250E+001, 9.0341461E+001, 1.1225986E+002, 7.7711559E+001, 4.4600782E+001, 7.2522071E+001, 8.9768179E+001, 1.0235846E+002, 1.0976282E+002, 7.5512592E+001, 4.2249816E+001, 5.4196068E+001, 6.5117658E+001, 7.3339908E+001, 6.6982468E+001, 5.8869534E+001, 4.2011352E+001, 4.2516763E+001, 4.5420089E+001, 4.7714893E+001, 4.6983280E+001, 4.0363795E+001, 4.9113608E+001, 5.9747593E+001, 7.8344947E+001, 6.3961142E+001, 9.0785067E+001, 4.8196303E+001, 1.3153541E+002, 1.2299798E+002, 1.2905074E+002, 1.0148441E+002, 1.5655675E+002, 4.8729502E+001, 1.2902769E+002, 1.8885169E+002, 1.4092616E+002, 7.3113407E+001, 1.3871581E+002, 5.4680680E+001, 1.0685993E+002, 9.0726029E+001, 6.9148937E+001, 5.6128501E+001, 4.5476812E+001, 3.9206228E+001, 4.1846622E+001, 4.2453896E+001, 4.0773347E+001, 4.0029012E+001, 5.4387574E+001, 4.6925381E+001, 4.2804632E+001, 4.2482186E+001, 4.2057499E+001, 4.1101448E+001, 3.7644180E+001, 3.2170404E+001, 2.7323861E+001, 2.6165351E+001, 2.5652002E+001, 2.5610850E+001, 2.5414402E+001, 6.5312242E+001, 4.6859665E+001, 4.3386486E+001, 4.2288838E+001, 4.1024927E+001, 3.9856406E+001, 3.7709813E+001, 3.3035828E+001, 2.7785449E+001, 2.6299490E+001, 2.5719921E+001, 2.5266998E+001, 2.5076573E+001, 4.4524173E+001, 4.4907518E+001, 4.5046488E+001, 4.4894891E+001, 4.4070404E+001, 4.3026677E+001, 4.1455018E+001, 3.2454567E+001, 2.7903301E+001, 2.5960595E+001, 2.5677109E+001, 6.1772910E+001, 6.1756482E+001, 6.0428804E+001, 5.5733707E+001, 4.9893313E+001, 4.0673809E+001, 3.7185917E+001, 3.3416961E+001, 2.7653818E+001, 2.5890216E+001, 2.5520479E+001, 4.5103749E+001, 5.3848390E+001, 5.7622077E+001, 7.2881753E+001, 9.4722694E+001, 1.0452542E+002, 4.1608655E+001, 4.6752727E+001, 2.8818330E+002, 2.2061639E+002, 1.3975535E+002, 1.1020419E+002, 8.5231867E+001, 1.7363209E+002, 2.1128492E+002
 9.8003908E+002, 4.2719825E+001, 4.5964221E+001, 5.2266412E+001, 5.7016214E+001, 6.5551804E+001, 4.5314213E+001, 4.3708946E+001, 4.9125031E+001, 5.9946346E+001, 6.6731053E+001, 8.0093260E+001, 5.7062505E+001, 4.3618661E+001, 5.4993297E+001, 6.5932752E+001, 7.8170183E+001, 8.8609622E+001, 7.0058780E+001, 4.2865157E+001, 4.8688982E+001, 5.8701021E+001, 6.6165818E+001, 7.2529850E+001, 6.0102519E+001, 4.3749761E+001, 4.5394312E+001, 4.5761863E+001, 5.1660580E+001, 5.8081732E+001, 4.1087623E+001, 4.7677925E+001, 5.1115603E+001, 5.7124762E+001, 6.7913723E+001, 4.4500809E+001, 4.2919791E+001, 5.6720705E+001, 6.1746935E+001, 8.0828711E+001, 1.0361280E+002, 7.1859934E+001, 4.4162535E+001, 7.1336932E+001, 8.6729246E+001, 1.0541128E+002, 1.1909403E+002, 8.4512521E+001, 4.0943257E+001, 5.0834918E+001, 5.4263536E+001, 8.1792676E+001, 8.8300542E+001, 6.7684783E+001, 4.1264505E+001, 4.1809097E+001, 4.2293181E+001, 4.9409318E+001, 5.4917002E+001, 3.9261158E+001, 4.5893914E+001, 5.5730670E+001, 7.1388822E+001, 6.1799026E+001, 7.7926888E+001, 4.6823450E+001, 1.2353112E+002, 9.5882531E+001, 1.1540166E+002, 1.0010755E+002, 1.5524346E+002, 4.6774147E+001, 1.3073149E+002, 1.9730809E+002, 1.5495288E+002, 7.5236248E+001, 1.6568207E+002, 5.4273091E+001, 1.0852332E+002, 1.2645418E+002, 8.5845019E+001, 4.9965163E+001, 4.7607349E+001, 3.7523049E+001, 4.1939642E+001, 4.6483555E+001, 4.6321978E+001, 4.1081840E+001, 5.4761702E+001, 4.8335476E+001, 4.2786756E+001, 4.2589245E+001, 4.2221255E+001, 4.1418414E+001, 3.8613150E+001, 3.2995276E+001, 2.7573933E+001, 2.6235077E+001, 2.5730420E+001, 2.5638092E+001, 2.5451388E+001, 6.6938343E+001, 4.7063404E+001, 4.3902085E+001, 4.1486098E+001, 4.1019979E+001, 4.0041757E+001, 3.8110900E+001, 3.3109824E+001, 2.8586132E+001, 2.6752185E+001, 2.6048036E+001, 2.5632383E+001, 2.5321371E+001, 4.5995862E+001, 4.6315827E+001, 4.6353831E+001, 4.5793191E+001, 4.5253219E+001, 4.4407695E+001, 4.2987306E+001, 3.2052071E+001, 2.7591384E+001, 2.6036550E+001, 2.5713479E+001, 6.4595359E+001, 6.4507406E+001, 6.3725619E+001, 6.1312637E+001, 5.4268110E+001, 4.1420159E+001, 3.6550094E+001, 3.1259008E+001, 2.7735437E+001, 2.5878634E+001, 2.5572939E+001, 4.5736460E+001, 5.4680099E+001, 5.8656302E+001, 7.4448634E+001, 9.8000794E+001, 1.0819441E+002, 4.2191575E+001, 4.7439619E+001, 3.0595299E+002, 2.2275405E+002, 1.4719525E+002, 1.2379763E+002, 9.9533674E+001, 1.9645157E+002, 2.1781430E+002
 1.0000227E+003, 4.5226282E+001, 4.9548843E+001, 5.6222955E+001, 6.6187302E+001, 7.1691995E+001, 4.6422569E+001, 4.4805544E+001, 4.9431249E+001, 5.7400156E+001, 6.9841828E+001, 9.0012255E+001, 5.4326923E+001, 4.5462821E+001, 5.0970978E+001, 5.9270654E+001, 7.0950953E+001, 8.6478064E+001, 6.6519382E+001, 4.5170548E+001, 5.2248558E+001, 5.7765312E+001, 6.5916395E+001, 7.6448764E+001, 6.4873943E+001, 4.6017522E+001, 4.8416766E+001, 5.0621967E+001, 5.3465704E+001, 6.5150166E+001, 4.2123501E+001, 5.1065251E+001, 5.8737630E+001, 6.6791044E+001, 6.5490121E+001, 4.8464206E+001, 4.2658104E+001, 5.2952398E+001, 7.1901683E+001, 9.2886121E+001, 1.0192131E+002, 6.3881285E+001, 4.1953329E+001, 5.0615166E+001, 7.8219054E+001, 1.1010032E+002, 1.1399357E+002, 9.3869036E+001, 4.1228326E+001, 5.3306752E+001, 6.2660758E+001, 9.2781091E+001, 8.8303747E+001, 7.9849678E+001, 4.2057958E+001, 4.2857061E+001, 4.4359158E+001, 5.6648120E+001, 6.5080304E+001, 4.2047837E+001, 5.2401659E+001, 6.7433461E+001, 6.6660129E+001, 6.0502192E+001, 9.9323022E+001, 5.2502558E+001, 1.3847422E+002, 1.2134446E+002, 1.2072167E+002, 8.2894185E+001, 1.5327998E+002, 4.6157362E+001, 1.1912933E+002, 1.9096137E+002, 1.3978616E+002, 7.4796494E+001, 1.6919613E+002, 4.7566023E+001, 1.2083814E+002, 1.2870901E+002, 9.7035695E+001, 6.0341382E+001, 5.6496993E+001, 3.7620429E+001, 4.1559677E+001, 4.6849358E+001, 4.7570515E+001, 4.2744517E+001, 5.7960576E+001, 4.8647332E+001, 4.3734154E+001, 4.2940603E+001, 4.2153755E+001, 4.1784565E+001, 3.8888263E+001, 3.3516936E+001, 2.8602997E+001, 2.6345289E+001, 2.5850192E+001, 2.5620116E+001, 2.5549104E+001, 6.6621096E+001, 4.7082200E+001, 4.3712938E+001, 4.1091983E+001, 4.0583513E+001, 4.0164121E+001, 3.8515604E+001, 3.3840011E+001, 2.9256817E+001, 2.6941797E+001, 2.6112569E+001, 2.5657183E+001, 2.5250979E+001, 4.8424828E+001, 4.8494936E+001, 4.9299458E+001, 4.7831980E+001, 4.4759920E+001, 4.4787240E+001, 4.3519528E+001, 3.1871641E+001, 2.6839802E+001, 2.6020995E+001, 2.5738305E+001, 6.0492682E+001, 6.0610442E+001, 6.0009546E+001, 5.8947079E+001, 5.1582099E+001, 4.0654767E+001, 3.7347654E+001, 3.2904279E+001, 2.7570664E+001, 2.6053993E+001, 2.5594880E+001, 4.6471084E+001, 5.5661531E+001, 5.9853136E+001, 7.6220045E+001, 1.0056590E+002, 1.1152836E+002, 4.2849260E+001, 4.8191813E+001, 2.9934339E+002, 2.2554064E+002, 1.5660570E+002, 1.3238471E+002, 1.1118824E+002, 1.6493754E+002, 2.2285047E+002
 1.0200501E+003, 4.4916999E+001, 4.7274122E+001, 5.6018210E+001, 5.9417687E+001, 6.5469169E+001, 4.6389334E+001, 4.6658007E+001, 4.9802280E+001, 6.2963895E+001, 7.1085248E+001, 7.7218876E+001, 5.8057588E+001, 4.7433458E+001, 5.3957683E+001, 6.8854477E+001, 8.1522858E+001, 8.4172654E+001, 7.4260407E+001, 4.7431015E+001, 5.3921786E+001, 5.7325246E+001, 7.2425542E+001, 8.5228651E+001, 7.2022650E+001, 4.5796084E+001, 4.6166538E+001, 4.7302145E+001, 5.4746367E+001, 6.9592327E+001, 4.2512770E+001, 4.9597973E+001, 6.0656102E+001, 5.3367728E+001, 5.6087848E+001, 4.7242563E+001, 4.4196299E+001, 5.2034116E+001, 7.1709137E+001, 8.2318397E+001, 9.0381587E+001, 6.3787062E+001, 4.2803578E+001, 5.1061338E+001, 8.2400656E+001, 1.0145428E+002, 1.1089076E+002, 1.0031870E+002, 4.2842054E+001, 6.2129870E+001, 7.6340947E+001, 9.6040974E+001, 1.0162204E+002, 7.4328924E+001, 4.2498291E+001, 4.4994051E+001, 4.8197258E+001, 5.1620021E+001, 5.7014464E+001, 4.2703213E+001, 5.1325104E+001, 6.7274700E+001, 5.9130280E+001, 5.4317121E+001, 9.4595371E+001, 5.8506920E+001, 1.2195730E+002, 1.2402255E+002, 1.0390446E+002, 8.3776296E+001, 1.5221253E+002, 4.7635620E+001, 1.1431833E+002, 1.8094423E+002, 1.4366579E+002, 8.3908436E+001, 1.6117659E+002, 5.0353651E+001, 1.3968710E+002, 1.4314497E+002, 8.9007839E+001, 5.8322134E+001, 5.1268554E+001, 3.7525409E+001, 4.2118000E+001, 4.4991823E+001, 4.4919552E+001, 4.0852910E+001, 5.7673595E+001, 5.0808588E+001, 4.5016860E+001, 4.3661711E+001, 4.2803506E+001, 4.2357137E+001, 3.9966920E+001, 3.4160549E+001, 2.9686061E+001, 2.6473353E+001, 2.6020583E+001, 2.5681916E+001, 2.5610627E+001, 6.6485996E+001, 5.4467608E+001, 4.4142529E+001, 4.3240192E+001, 4.1582648E+001, 4.0599774E+001, 3.9899258E+001, 3.4988053E+001, 2.8665163E+001, 2.6756789E+001, 2.5795233E+001, 2.5341532E+001, 2.5230815E+001, 4.8715785E+001, 4.9343450E+001, 4.9205068E+001, 4.8727192E+001, 4.6770285E+001, 4.4290553E+001, 3.7260349E+001, 2.9220365E+001, 2.6656645E+001, 2.6022026E+001, 2.5764989E+001, 6.0569357E+001, 5.9678870E+001, 5.8248866E+001, 5.7282157E+001, 5.1943578E+001, 4.2374691E+001, 3.8804848E+001, 3.6490829E+001, 3.0580393E+001, 2.7063635E+001, 2.5789713E+001, 4.7283681E+001, 5.6757462E+001, 6.1171874E+001, 7.8133203E+001, 1.0354747E+002, 1.1446339E+002, 4.3539120E+001, 4.8996651E+001, 3.2116034E+002, 2.0406674E+002, 1.5271443E+002, 1.2459924E+002, 9.7602913E+001, 1.7021028E+002, 2.2787069E+002
 1.0400004E+003, 4.5348716E+001, 5.1706865E+001, 5.8958967E+001, 6.3315797E+001, 6.7423265E+001, 4.8446934E+001, 4.6824182E+001, 5.1393676E+001, 6.0665244E+001, 7.7148540E+001, 8.3502166E+001, 5.5712232E+001, 4.7838439E+001, 5.3186643E+001, 6.3694190E+001, 8.1351404E+001, 8.9883362E+001, 6.9361072E+001, 4.6638934E+001, 5.3732018E+001, 5.7308902E+001, 6.7144869E+001, 7.3959558E+001, 6.7119619E+001, 4.4823459E+001, 4.5836442E+001, 4.7038849E+001, 5.4128202E+001, 6.0514963E+001, 4.4566729E+001, 5.0138093E+001, 5.8109206E+001, 6.5636004E+001, 6.9993361E+001, 4.8831454E+001, 4.4245006E+001, 5.4721436E+001, 6.8815577E+001, 8.7413446E+001, 9.9305610E+001, 6.2661806E+001, 4.3602351E+001, 5.3724577E+001, 8.4046915E+001, 1.1139027E+002, 1.1273140E+002, 9.8708277E+001, 4.2328570E+001, 5.7919122E+001, 7.0112708E+001, 8.8239954E+001, 8.0881799E+001, 6.3044453E+001, 4.2451993E+001, 4.4060438E+001, 4.7577816E+001, 5.2444622E+001, 5.0756144E+001, 4.2113653E+001, 4.8970214E+001, 5.8703923E+001, 7.7853193E+001, 7.2754403E+001, 8.6035702E+001, 5.9437148E+001, 1.4534965E+002, 1.2086063E+002, 1.1890762E+002, 9.2628155E+001, 1.6154996E+002, 4.9327340E+001, 1.2364665E+002, 1.8591067E+002, 1.4895094E+002, 8.8847616E+001, 1.3791841E+002, 5.1461048E+001, 1.2177096E+002, 1.1899753E+002, 7.5337612E+001, 5.3680015E+001, 4.9966402E+001, 3.8026946E+001, 4.2273856E+001, 4.8238038E+001, 4.7135667E+001, 4.1603720E+001, 5.7287551E+001, 5.3784940E+001, 4.7038671E+001, 4.4477680E+001, 4.3303474E+001, 4.2542846E+001, 4.0536865E+001, 3.3971026E+001, 2.9266932E+001, 2.6601538E+001, 2.6116337E+001, 2.5823760E+001, 2.5643246E+001, 6.6705513E+001, 5.3349311E+001, 4.4999205E+001, 4.5052159E+001, 4.4131897E+001, 4.1454106E+001, 4.0822108E+001, 3.6478382E+001, 2.8785736E+001, 2.6835248E+001, 2.5709603E+001, 2.5372422E+001, 2.5402575E+001, 4.8405403E+001, 4.8810914E+001, 4.9493608E+001, 4.9241169E+001, 4.8596108E+001, 4.7337326E+001, 4.4172342E+001, 3.5044240E+001, 2.8866568E+001, 2.6164770E+001, 2.5893880E+001, 6.3684701E+001, 6.3368565E+001, 6.2374145E+001, 6.0941981E+001, 5.1032746E+001, 4.4289324E+001, 3.9674458E+001, 3.6966980E+001, 2.8733041E+001, 2.6456860E+001, 2.5873164E+001, 4.8166473E+001, 5.7933130E+001, 6.2580817E+001, 8.0167442E+001, 1.0635523E+002, 1.1707272E+002, 4.4263076E+001, 4.9843505E+001, 2.9347280E+002, 2.0245574E+002, 1.4201384E+002, 1.1830575E+002, 8.3816142E+001, 1.5392739E+002, 2.3575976E+002
 1.0600366E+003, 4.6127332E+001, 5.2241457E+001, 6.1254914E+001, 7.0241670E+001, 7.6148969E+001, 4.9828054E+001, 4.7831092E+001, 5.4768574E+001, 6.9002656E+001, 8.0782709E+001, 8.6145140E+001, 6.0871109E+001, 4.8752573E+001, 5.5301331E+001, 6.7044636E+001, 7.7473801E+001, 7.3761950E+001, 6.3474369E+001, 4.8148125E+001, 5.0657260E+001, 5.2111850E+001, 5.8360627E+001, 6.0436361E+001, 5.5662962E+001, 4.6392383E+001, 4.6649246E+001, 4.7375660E+001, 5.1062048E+001, 5.3284516E+001, 4.5746725E+001, 4.6729494E+001, 5.7414332E+001, 7.9229966E+001, 8.5326802E+001, 5.4081004E+001, 4.8692420E+001, 6.3982453E+001, 8.0743612E+001, 1.0652238E+002, 1.1727165E+002, 7.9649991E+001, 4.4361569E+001, 5.8442568E+001, 9.1092853E+001, 8.8937451E+001, 8.9905586E+001, 7.3797372E+001, 4.2985547E+001, 5.0769049E+001, 5.6870548E+001, 5.7038823E+001, 5.7536981E+001, 4.9004071E+001, 4.2791193E+001, 4.5291794E+001, 4.8509206E+001, 4.5696083E+001, 4.5409385E+001, 4.4441374E+001, 5.4347297E+001, 7.9670735E+001, 8.0692976E+001, 6.9157014E+001, 1.0323679E+002, 6.1866775E+001, 1.4452172E+002, 1.7067804E+002, 1.5121698E+002, 1.0424512E+002, 1.7895426E+002, 5.2238490E+001, 1.4219098E+002, 1.6436886E+002, 1.2884609E+002, 9.1581152E+001, 1.0528746E+002, 5.0568361E+001, 8.8513324E+001, 8.2205554E+001, 7.0358500E+001, 5.5603413E+001, 4.9210440E+001, 3.7558181E+001, 4.0285354E+001, 4.1446905E+001, 4.2656987E+001, 4.4849963E+001, 5.9521390E+001, 5.3620169E+001, 4.7561497E+001, 4.5333303E+001, 4.4243752E+001, 4.3623204E+001, 4.2192214E+001, 3.4291016E+001, 2.9551015E+001, 2.6884802E+001, 2.6163767E+001, 2.5921903E+001, 2.5779537E+001, 6.7189621E+001, 5.9386152E+001, 4.7102920E+001, 4.6606240E+001, 4.4377316E+001, 4.2163763E+001, 4.0393631E+001, 3.4856816E+001, 2.8651178E+001, 2.7002843E+001, 2.6031440E+001, 2.5488900E+001, 2.5129260E+001, 4.7988769E+001, 4.8778019E+001, 4.8684378E+001, 4.8409193E+001, 4.7652815E+001, 4.6813605E+001, 4.0700806E+001, 3.5049975E+001, 2.8424488E+001, 2.6217117E+001, 2.5988127E+001, 6.6269021E+001, 6.5735306E+001, 6.4260548E+001, 6.1306509E+001, 5.3878852E+001, 4.3699595E+001, 4.0416960E+001, 3.5578769E+001, 2.8760166E+001, 2.7209182E+001, 2.6043961E+001, 4.9064381E+001, 5.9123526E+001, 6.4093005E+001, 8.2353838E+001, 1.0872563E+002, 1.1980112E+002, 4.5055705E+001, 5.0740036E+001, 2.6901449E+002, 2.2712535E+002, 1.4864670E+002, 1.1108732E+002, 8.0348499E+001, 1.5636246E+002, 2.4689977E+002
 1.0800242E+003, 4.7098939E+001, 5.5096700E+001, 6.2147762E+001, 7.0514222E+001, 7.8024214E+001, 5.0611815E+001, 4.8509734E+001, 5.8163332E+001, 7.1214405E+001, 8.2824269E+001, 9.1688299E+001, 6.3814224E+001, 4.8702337E+001, 5.3183074E+001, 6.8780797E+001, 7.6247281E+001, 7.7492925E+001, 6.7983292E+001, 4.8090190E+001, 4.9301325E+001, 5.7218534E+001, 6.1098034E+001, 6.4169216E+001, 5.7520966E+001, 4.9223366E+001, 4.9513251E+001, 4.9529881E+001, 5.3116197E+001, 5.5592621E+001, 4.5658159E+001, 5.7477915E+001, 6.4740472E+001, 6.9205575E+001, 7.0391942E+001, 5.6010341E+001, 5.1065239E+001, 7.5612364E+001, 9.4422603E+001, 1.1119717E+002, 1.2142526E+002, 8.4615826E+001, 4.6539474E+001, 6.6619119E+001, 8.9863960E+001, 8.9418578E+001, 9.0923427E+001, 6.8650307E+001, 4.3441584E+001, 4.8323430E+001, 5.5680751E+001, 5.5541488E+001, 6.3960796E+001, 5.3528848E+001, 4.3315111E+001, 4.4349503E+001, 5.1215924E+001, 4.8623436E+001, 5.0183792E+001, 4.4280124E+001, 7.4127396E+001, 7.0761726E+001, 6.2769754E+001, 6.0350823E+001, 1.0487404E+002, 5.4506764E+001, 1.5540468E+002, 1.7244066E+002, 1.4646467E+002, 1.0549152E+002, 1.8016078E+002, 5.3605406E+001, 1.4358730E+002, 1.7027730E+002, 1.3165795E+002, 7.4591318E+001, 1.0880436E+002, 5.3930266E+001, 8.3041664E+001, 7.6662130E+001, 6.9745503E+001, 5.4235902E+001, 4.7750837E+001, 3.6883794E+001, 4.0440769E+001, 4.1962235E+001, 4.1912032E+001, 4.3009895E+001, 5.8472801E+001, 5.3627238E+001, 4.7703350E+001, 4.6223226E+001, 4.5242557E+001, 4.5072346E+001, 4.3634000E+001, 3.4238199E+001, 2.9583915E+001, 2.7096507E+001, 2.6213750E+001, 2.5975054E+001, 2.5898065E+001, 6.8507069E+001, 5.7267187E+001, 4.8711033E+001, 4.7210682E+001, 4.3258869E+001, 4.2318914E+001, 3.9641907E+001, 3.4676575E+001, 2.9645925E+001, 2.7324753E+001, 2.6370029E+001, 2.5551438E+001, 2.5282773E+001, 4.7230293E+001, 4.8737861E+001, 4.9143962E+001, 4.8792119E+001, 4.8222150E+001, 4.6781083E+001, 4.4731544E+001, 3.8133808E+001, 3.1677631E+001, 2.6359297E+001, 2.6075970E+001, 6.9660362E+001, 6.9535206E+001, 6.8385908E+001, 6.6915337E+001, 5.9252171E+001, 4.3740313E+001, 4.0171875E+001, 3.5379738E+001, 2.9451241E+001, 2.7045957E+001, 2.6014450E+001, 4.9971108E+001, 6.0356140E+001, 6.5640107E+001, 8.4618043E+001, 1.1054919E+002, 1.2239165E+002, 4.5895525E+001, 5.1686062E+001, 2.8145327E+002, 2.1514659E+002, 1.3962340E+002, 1.1865683E+002, 9.3349442E+001, 1.5109029E+002, 2.5530091E+002
 1.1000668E+003, 5.2863091E+001, 5.8311171E+001, 6.0808643E+001, 7.0525025E+001, 7.3819799E+001, 5.4228845E+001, 5.4327503E+001, 5.6953297E+001, 6.8427419E+001, 8.2281427E+001, 8.6081162E+001, 6.1172042E+001, 4.9540869E+001, 5.5194946E+001, 6.3348429E+001, 6.9174246E+001, 8.1303943E+001, 6.2534939E+001, 4.7451836E+001, 5.2487112E+001, 5.5095282E+001, 5.9674322E+001, 7.3899211E+001, 6.0076940E+001, 4.8314203E+001, 4.9631795E+001, 4.9533299E+001, 5.3010638E+001, 6.1661736E+001, 4.5024993E+001, 5.4021677E+001, 5.8398646E+001, 7.2558275E+001, 7.7624756E+001, 5.0667158E+001, 4.6763961E+001, 6.3122131E+001, 7.7519958E+001, 9.6307150E+001, 1.0546670E+002, 7.0061002E+001, 4.7444053E+001, 5.6750588E+001, 8.0523712E+001, 9.3392467E+001, 1.0278474E+002, 8.3675260E+001, 4.6257843E+001, 5.9017947E+001, 6.2236100E+001, 7.2274640E+001, 8.2936677E+001, 6.1085462E+001, 4.4169915E+001, 4.5823113E+001, 4.6223916E+001, 4.6025545E+001, 5.1771685E+001, 4.4384844E+001, 5.5922121E+001, 7.3704772E+001, 8.0476219E+001, 6.2281344E+001, 9.1903230E+001, 5.3271361E+001, 1.3014620E+002, 1.2443048E+002, 1.2509526E+002, 9.7113939E+001, 1.5519065E+002, 5.2119009E+001, 1.2499159E+002, 1.7575951E+002, 1.3691905E+002, 8.1665349E+001, 1.5578926E+002, 6.1380512E+001, 1.1635831E+002, 1.1706186E+002, 9.5734466E+001, 5.9129736E+001, 5.8542622E+001, 3.8657925E+001, 4.2500844E+001, 4.3433857E+001, 4.6059025E+001, 4.3978982E+001, 6.0563359E+001, 5.5117471E+001, 4.9124689E+001, 4.6928879E+001, 4.6471494E+001, 4.6266092E+001, 4.3759245E+001, 3.5092814E+001, 3.0178350E+001, 2.7110621E+001, 2.6229209E+001, 2.6013667E+001, 2.5914032E+001, 6.6276953E+001, 5.3442171E+001, 5.0046881E+001, 4.5873647E+001, 4.3115433E+001, 4.2740114E+001, 3.9575342E+001, 3.4318621E+001, 3.0432235E+001, 2.7593475E+001, 2.6625694E+001, 2.5940328E+001, 2.5612300E+001, 4.9469130E+001, 5.0317849E+001, 5.1049285E+001, 5.1175974E+001, 5.0062729E+001, 4.7644522E+001, 4.2362096E+001, 3.7781739E+001, 3.0433321E+001, 2.6392836E+001, 2.6142098E+001, 7.0056436E+001, 7.0430617E+001, 6.9134215E+001, 6.6215586E+001, 5.6075123E+001, 4.3361804E+001, 4.0217862E+001, 3.5797709E+001, 2.9416750E+001, 2.6652579E+001, 2.6046354E+001, 5.0924226E+001, 6.1615559E+001, 6.7194226E+001, 8.6891803E+001, 1.1319678E+002, 1.2479768E+002, 4.6722040E+001, 5.2663590E+001, 3.0344337E+002, 2.1524163E+002, 1.4201234E+002, 1.1607131E+002, 1.0543340E+002, 1.9045017E+002, 2.5749021E+002
 1.1200135E+003, 5.1066604E+001, 5.4755345E+001, 5.9203625E+001, 6.6108099E+001, 6.7123164E+001, 5.4779477E+001, 5.4062162E+001, 5.5920644E+001, 6.3385855E+001, 7.3755557E+001, 7.8797609E+001, 5.9656505E+001, 5.2726912E+001, 5.5982347E+001, 6.3038299E+001, 8.2947501E+001, 9.5868808E+001, 6.8949383E+001, 5.1541998E+001, 5.5495210E+001, 6.3101087E+001, 7.7159769E+001, 8.6726711E+001, 7.0282033E+001, 5.0470603E+001, 5.1960089E+001, 5.5792328E+001, 5.8938506E+001, 6.4961443E+001, 4.5722215E+001, 5.1003829E+001, 5.8024393E+001, 6.5887097E+001, 6.9715594E+001, 5.1083578E+001, 4.7000897E+001, 6.2460923E+001, 7.3331777E+001, 8.2685717E+001, 9.3240349E+001, 7.3621768E+001, 4.6088378E+001, 6.1259724E+001, 8.3136781E+001, 1.1127551E+002, 1.2399316E+002, 9.3556134E+001, 4.6390542E+001, 6.2558475E+001, 6.7988518E+001, 9.6582996E+001, 1.0002340E+002, 7.1745953E+001, 4.5944426E+001, 4.6821506E+001, 4.8082053E+001, 5.3271299E+001, 6.3700284E+001, 4.5722609E+001, 5.4408609E+001, 5.9029261E+001, 7.0105964E+001, 6.0753737E+001, 9.4285293E+001, 5.4468806E+001, 1.4495612E+002, 1.1345371E+002, 1.0067353E+002, 7.6022302E+001, 1.5861229E+002, 5.1350914E+001, 1.1708260E+002, 1.9051940E+002, 1.4679007E+002, 7.4510450E+001, 1.7651399E+002, 5.8916647E+001, 1.4785699E+002, 1.4722024E+002, 1.0256039E+002, 6.0728577E+001, 6.5011743E+001, 4.3687575E+001, 4.7970969E+001, 5.3994583E+001, 6.1081378E+001, 5.3759384E+001, 6.0959391E+001, 5.5044783E+001, 5.0606562E+001, 4.9066200E+001, 4.7512639E+001, 4.6171652E+001, 4.1620459E+001, 3.4462427E+001, 3.0990200E+001, 2.7593492E+001, 2.6349011E+001, 2.6059032E+001, 2.5957586E+001, 6.7589998E+001, 5.3931845E+001, 4.9722624E+001, 4.8778180E+001, 4.4035393E+001, 4.3488109E+001, 4.0812433E+001, 3.4760164E+001, 3.0490481E+001, 2.7665116E+001, 2.6603801E+001, 2.6047481E+001, 2.5229473E+001, 5.1032335E+001, 5.1559873E+001, 5.1415060E+001, 5.1158093E+001, 5.0291965E+001, 4.8662071E+001, 4.2756735E+001, 3.6461727E+001, 2.7600005E+001, 2.6399984E+001, 2.6176269E+001, 6.7564902E+001, 6.7663912E+001, 6.7616425E+001, 6.1783295E+001, 5.3279643E+001, 4.7379072E+001, 4.2380364E+001, 3.7034922E+001, 2.9687285E+001, 2.7291466E+001, 2.6246578E+001, 5.1917914E+001, 6.2907500E+001, 6.8735977E+001, 8.9048453E+001, 1.1524668E+002, 1.2674587E+002, 4.7542540E+001, 5.3645574E+001, 3.2592043E+002, 2.1653314E+002, 1.4995677E+002, 1.3749241E+002, 1.0621405E+002, 1.8965300E+002, 2.5639281E+002
 1.1400340E+003, 5.5990939E+001, 5.7863946E+001, 6.2914371E+001, 6.7383511E+001, 6.6605894E+001, 5.8213057E+001, 5.7313621E+001, 6.3407258E+001, 7.2610033E+001, 7.4665998E+001, 8.6741973E+001, 6.9837781E+001, 5.5231094E+001, 6.1994751E+001, 7.3616668E+001, 8.4998743E+001, 9.3370797E+001, 7.3355285E+001, 5.4566105E+001, 5.6290876E+001, 6.1094194E+001, 7.4099662E+001, 8.6241467E+001, 7.2360664E+001, 5.2412142E+001, 5.3476081E+001, 5.7216990E+001, 6.0614036E+001, 6.6292520E+001, 4.7267416E+001, 5.4271951E+001, 5.7929048E+001, 5.8278357E+001, 6.4026677E+001, 5.1995586E+001, 4.9316235E+001, 6.2132414E+001, 7.4783105E+001, 8.7462944E+001, 9.2133118E+001, 7.8176573E+001, 5.1217005E+001, 7.8985482E+001, 9.5284664E+001, 1.1942234E+002, 1.2631518E+002, 1.0210260E+002, 5.0011934E+001, 5.8642760E+001, 6.3200473E+001, 9.4847528E+001, 1.0449282E+002, 7.7257943E+001, 4.7770951E+001, 4.8079704E+001, 4.7970660E+001, 5.5066787E+001, 5.6677958E+001, 4.9572700E+001, 5.4453195E+001, 6.1128636E+001, 6.8003030E+001, 6.1880571E+001, 9.7928304E+001, 6.4347208E+001, 1.4400802E+002, 1.1766007E+002, 1.1331182E+002, 8.2025418E+001, 1.5839609E+002, 5.4770184E+001, 1.3863342E+002, 1.9657692E+002, 1.4566473E+002, 6.7838175E+001, 1.6719779E+002, 6.1966486E+001, 1.5124021E+002, 1.4496444E+002, 9.3337179E+001, 5.6473558E+001, 5.5534920E+001, 4.4641734E+001, 5.1224577E+001, 5.4758851E+001, 5.1812240E+001, 4.7911157E+001, 6.5572120E+001, 5.5124609E+001, 5.0890560E+001, 5.0108218E+001, 4.9536318E+001, 4.7278619E+001, 4.2768957E+001, 3.5115942E+001, 3.1683574E+001, 2.7509259E+001, 2.6346367E+001, 2.6038023E+001, 2.6028478E+001, 7.3792494E+001, 5.8662569E+001, 4.9524729E+001, 4.8147832E+001, 4.5347763E+001, 4.4130307E+001, 4.2091729E+001, 3.5506566E+001, 2.9687579E+001, 2.7468373E+001, 2.6251769E+001, 2.5631938E+001, 2.5626720E+001, 5.0963023E+001, 5.1756734E+001, 5.1899168E+001, 5.1794381E+001, 5.1470147E+001, 4.9844984E+001, 4.6484724E+001, 3.7273894E+001, 2.7293371E+001, 2.6493020E+001, 2.6271843E+001, 6.7811866E+001, 6.6936549E+001, 6.4806631E+001, 6.0956064E+001, 5.1642330E+001, 4.6411888E+001, 4.3585083E+001, 3.5296523E+001, 2.9504337E+001, 2.7390504E+001, 2.6768249E+001, 5.2948006E+001, 6.4218399E+001, 7.0288658E+001, 9.1057450E+001, 1.1739603E+002, 1.2843626E+002, 4.8435152E+001, 5.4614915E+001, 3.1742140E+002, 2.1373867E+002, 1.4768997E+002, 1.3199324E+002, 1.0937595E+002, 1.9382023E+002, 2.5679557E+002
 1.1600202E+003, 5.5640970E+001, 5.8917292E+001, 6.0166761E+001, 7.0327867E+001, 7.2914533E+001, 5.7711688E+001, 5.4567476E+001, 5.9194031E+001, 6.5407388E+001, 7.7495854E+001, 9.6972832E+001, 6.2238744E+001, 5.1610910E+001, 5.8074668E+001, 7.2438652E+001, 9.0025037E+001, 9.4061606E+001, 8.1971159E+001, 5.1417156E+001, 5.7721668E+001, 6.7152314E+001, 7.9717092E+001, 7.4427148E+001, 6.9934311E+001, 5.0858210E+001, 5.3204959E+001, 5.5925617E+001, 5.9626022E+001, 6.3470575E+001, 4.5801499E+001, 5.1968919E+001, 5.4988505E+001, 6.1140765E+001, 7.6621623E+001, 5.3536368E+001, 5.3702942E+001, 6.1121583E+001, 7.5154085E+001, 9.1533712E+001, 1.0922874E+002, 7.0826522E+001, 5.4520613E+001, 6.5709506E+001, 8.6907771E+001, 1.1125374E+002, 1.1024877E+002, 1.0535574E+002, 4.8521578E+001, 6.3266185E+001, 8.8363599E+001, 9.4641014E+001, 8.0690560E+001, 7.3179207E+001, 4.6506592E+001, 4.8725251E+001, 5.2819660E+001, 5.8491282E+001, 6.1100322E+001, 4.6028769E+001, 5.0671720E+001, 5.9802898E+001, 7.4256659E+001, 7.1916934E+001, 9.0955387E+001, 5.8723059E+001, 1.3203192E+002, 1.2526438E+002, 1.2979228E+002, 9.6975399E+001, 1.5872983E+002, 5.7492138E+001, 1.3863064E+002, 1.9149167E+002, 1.3705172E+002, 8.0643889E+001, 1.3986393E+002, 6.4445633E+001, 1.3222914E+002, 1.1796341E+002, 8.3012871E+001, 6.3054218E+001, 6.0956063E+001, 4.3212982E+001, 4.8580351E+001, 5.2611741E+001, 5.0380978E+001, 4.8045227E+001, 6.3310237E+001, 5.9733898E+001, 5.1202250E+001, 5.0379430E+001, 4.9954168E+001, 4.8048355E+001, 4.3033897E+001, 3.5568981E+001, 2.9467330E+001, 2.6663042E+001, 2.6315587E+001, 2.6175201E+001, 2.6121992E+001, 7.0144233E+001, 5.6415404E+001, 5.0757738E+001, 5.0361314E+001, 4.6260555E+001, 4.4322963E+001, 4.2839198E+001, 3.7078075E+001, 3.0058404E+001, 2.7727247E+001, 2.6616173E+001, 2.6089731E+001, 2.5764493E+001, 5.1107452E+001, 5.2551601E+001, 5.2876323E+001, 5.2024442E+001, 5.0472765E+001, 4.9161095E+001, 4.4794810E+001, 3.8854849E+001, 2.8359160E+001, 2.6562573E+001, 2.6359946E+001, 6.7382217E+001, 6.7653552E+001, 6.6593675E+001, 6.4447128E+001, 5.4818151E+001, 4.6704451E+001, 4.4197283E+001, 3.4412801E+001, 2.8696672E+001, 2.7719178E+001, 2.7163452E+001, 5.3986310E+001, 6.5531339E+001, 7.1831307E+001, 9.2946362E+001, 1.1983100E+002, 1.3020535E+002, 4.9323119E+001, 5.5582323E+001, 2.9833200E+002, 2.1096094E+002, 1.4762276E+002, 1.1889460E+002, 9.9261560E+001, 2.0503933E+002, 2.5932952E+002
 1.1800168E+003, 5.1575514E+001, 5.5656555E+001, 6.1780277E+001, 6.6506903E+001, 8.3882662E+001, 5.4219593E+001, 5.3182453E+001, 5.9753548E+001, 7.3062171E+001, 7.9974004E+001, 8.6469480E+001, 6.7210518E+001, 5.2729348E+001, 6.3505047E+001, 7.6220068E+001, 8.5552739E+001, 8.5536937E+001, 8.0265403E+001, 5.3603284E+001, 5.7490482E+001, 6.7108435E+001, 7.2333824E+001, 6.9539662E+001, 6.8885644E+001, 5.1590098E+001, 5.3499730E+001, 5.6402076E+001, 6.1875267E+001, 6.2985075E+001, 4.6562056E+001, 5.3984163E+001, 5.5040787E+001, 6.2683634E+001, 8.5982186E+001, 5.4413317E+001, 5.0234131E+001, 6.3523160E+001, 7.8760958E+001, 8.9955558E+001, 1.0921206E+002, 7.6813221E+001, 5.5170980E+001, 7.2498663E+001, 8.8388539E+001, 1.0490152E+002, 9.9944932E+001, 8.6150280E+001, 4.9879885E+001, 5.7452080E+001, 7.2642148E+001, 7.5128818E+001, 7.2586605E+001, 7.0960254E+001, 4.7889812E+001, 4.8831377E+001, 5.2272639E+001, 6.1208587E+001, 6.5024722E+001, 4.8206490E+001, 5.6689387E+001, 5.9170264E+001, 8.1678390E+001, 8.8591141E+001, 9.2722840E+001, 5.5549918E+001, 1.3535839E+002, 1.2703439E+002, 1.3280639E+002, 1.0665838E+002, 1.4392045E+002, 5.5046515E+001, 1.3084966E+002, 1.8988967E+002, 1.5309417E+002, 8.8341931E+001, 1.3439412E+002, 6.0873592E+001, 1.0515549E+002, 1.0379331E+002, 7.3914756E+001, 5.4174120E+001, 5.2840423E+001, 4.3001285E+001, 4.8173780E+001, 5.2305983E+001, 5.0103082E+001, 4.6729850E+001, 6.2132914E+001, 5.6199017E+001, 5.1073660E+001, 5.0251312E+001, 4.9335155E+001, 4.8182999E+001, 4.1830343E+001, 3.6226300E+001, 3.0091897E+001, 2.6616674E+001, 2.6465504E+001, 2.6224422E+001, 2.6144992E+001, 7.0310875E+001, 6.1507788E+001, 5.1635198E+001, 5.0718379E+001, 4.7849621E+001, 4.4863944E+001, 4.4118444E+001, 3.8528649E+001, 3.0951083E+001, 2.8086091E+001, 2.6718705E+001, 2.6353878E+001, 2.5670670E+001, 5.2372221E+001, 5.2693946E+001, 5.2996765E+001, 5.2949382E+001, 5.2239112E+001, 5.0617199E+001, 4.6424345E+001, 3.7679390E+001, 2.7150442E+001, 2.6566167E+001, 2.6387187E+001, 6.7861442E+001, 6.7316778E+001, 6.6541900E+001, 6.5410718E+001, 6.2812641E+001, 5.3119218E+001, 4.5537575E+001, 3.5205861E+001, 2.9188546E+001, 2.7998582E+001, 2.6829094E+001, 5.5014349E+001, 6.6808309E+001, 7.3376139E+001, 9.4802237E+001, 1.2185213E+002, 1.3200293E+002, 5.0202259E+001, 5.6553071E+001, 2.7260737E+002, 2.1380648E+002, 1.4964066E+002, 1.2053606E+002, 1.0602378E+002, 1.9934444E+002, 2.6438141E+002
 1.2000174E+003, 5.2567158E+001, 5.4945572E+001, 6.3221851E+001, 7.0331926E+001, 7.8441652E+001, 5.4094253E+001, 5.2964591E+001, 5.7765399E+001, 6.6592119E+001, 7.6289248E+001, 8.4399259E+001, 6.3467374E+001, 5.3587403E+001, 6.2065760E+001, 6.6772476E+001, 7.6822678E+001, 8.7364114E+001, 6.7637295E+001, 5.3586953E+001, 5.5886024E+001, 5.9223275E+001, 6.6872037E+001, 7.7979441E+001, 6.7157312E+001, 5.2019100E+001, 5.3560728E+001, 5.5430011E+001, 5.8577969E+001, 6.2772282E+001, 4.7237653E+001, 5.4361998E+001, 5.9747199E+001, 6.5944896E+001, 7.8510719E+001, 5.2191932E+001, 4.9401642E+001, 6.1668920E+001, 7.3255471E+001, 8.8029444E+001, 1.1675193E+002, 7.3607548E+001, 5.2174230E+001, 6.0915223E+001, 9.0697678E+001, 1.0000473E+002, 1.1730398E+002, 8.8661376E+001, 5.5289365E+001, 6.6252183E+001, 6.7332660E+001, 7.6233311E+001, 9.2310623E+001, 7.2906113E+001, 5.0059169E+001, 5.1426700E+001, 5.0555467E+001, 5.5727886E+001, 6.3378308E+001, 4.6579440E+001, 5.3369758E+001, 6.5929610E+001, 8.0707832E+001, 7.0985907E+001, 7.5631570E+001, 5.9411592E+001, 1.2514154E+002, 1.1702760E+002, 1.3458814E+002, 9.7435494E+001, 1.4802699E+002, 6.1325504E+001, 1.2479526E+002, 1.8944163E+002, 1.5686085E+002, 8.3695551E+001, 1.5846318E+002, 6.9478239E+001, 1.1373849E+002, 1.2467127E+002, 9.5425404E+001, 6.3980808E+001, 5.6760664E+001, 4.7136954E+001, 4.9204602E+001, 5.2027571E+001, 5.0243610E+001, 4.6192584E+001, 6.4305301E+001, 5.7783277E+001, 5.0821282E+001, 5.0150269E+001, 4.9843216E+001, 4.8331289E+001, 4.2592357E+001, 3.8094331E+001, 3.3352340E+001, 2.6962888E+001, 2.6616617E+001, 2.6274471E+001, 2.6180002E+001, 7.4505799E+001, 6.5360919E+001, 5.3122219E+001, 5.1397520E+001, 5.0371355E+001, 4.6053219E+001, 4.3875213E+001, 3.7867585E+001, 3.1100811E+001, 2.8263209E+001, 2.6756371E+001, 2.6244079E+001, 2.5631796E+001, 5.3421542E+001, 5.4341470E+001, 5.4623810E+001, 5.5714108E+001, 5.5354451E+001, 5.3224339E+001, 5.0312027E+001, 4.0112919E+001, 2.6918551E+001, 2.6570319E+001, 2.6403215E+001, 6.8993342E+001, 6.8893424E+001, 6.8154793E+001, 6.6551010E+001, 6.5018585E+001, 5.0711703E+001, 4.0701341E+001, 3.5300183E+001, 3.1813917E+001, 2.8440049E+001, 2.6686328E+001, 5.6032899E+001, 6.8065027E+001, 7.4870797E+001, 9.6596086E+001, 1.2323745E+002, 1.3376964E+002, 5.1159789E+001, 5.7530531E+001, 2.9050831E+002, 2.1933149E+002, 1.5014682E+002, 1.2036678E+002, 9.4543030E+001, 1.8438524E+002, 2.6661914E+002
 1.2200337E+003, 5.1390409E+001, 5.6051915E+001, 6.5149460E+001, 6.6138872E+001, 6.8243694E+001, 5.5004473E+001, 5.2370067E+001, 5.7331047E+001, 6.7487417E+001, 7.5894274E+001, 8.1504457E+001, 6.2150793E+001, 5.3766693E+001, 6.0384426E+001, 7.3340986E+001, 8.0424035E+001, 9.7124862E+001, 7.4267271E+001, 5.3433252E+001, 5.9999343E+001, 6.5806717E+001, 7.6953509E+001, 8.3231451E+001, 7.2203647E+001, 5.1483513E+001, 5.3081950E+001, 5.9325058E+001, 6.5836222E+001, 6.7992393E+001, 4.8568411E+001, 5.6104837E+001, 6.1428037E+001, 6.4394129E+001, 6.2388559E+001, 5.2364099E+001, 5.0338923E+001, 6.2882275E+001, 7.2900730E+001, 9.1226134E+001, 8.9804994E+001, 7.4383435E+001, 5.1240754E+001, 7.0814126E+001, 8.7030730E+001, 1.1441254E+002, 1.2681355E+002, 1.0825029E+002, 5.1051555E+001, 5.8098975E+001, 7.6403245E+001, 9.8982583E+001, 9.1875711E+001, 8.0372284E+001, 5.0616820E+001, 5.1224753E+001, 5.6806986E+001, 6.4269610E+001, 6.5564242E+001, 4.6566344E+001, 5.3240207E+001, 6.6961027E+001, 7.2589959E+001, 6.5749419E+001, 8.5664297E+001, 6.2863280E+001, 1.3620862E+002, 1.1275427E+002, 1.0888802E+002, 8.3251195E+001, 1.5781317E+002, 5.8822524E+001, 1.3750509E+002, 1.9410444E+002, 1.5214519E+002, 7.9942635E+001, 1.5821015E+002, 6.4950584E+001, 1.3485060E+002, 1.3011253E+002, 8.8441617E+001, 6.0035857E+001, 5.4380497E+001, 4.5375234E+001, 5.2472684E+001, 5.7877511E+001, 5.3512988E+001, 4.6932890E+001, 6.2768359E+001, 5.6736872E+001, 5.1155968E+001, 5.0831848E+001, 5.0654341E+001, 4.9411085E+001, 4.2629645E+001, 3.8111568E+001, 3.2903160E+001, 2.7347845E+001, 2.6735475E+001, 2.6427207E+001, 2.6442562E+001, 7.3585929E+001, 5.9862836E+001, 5.3725302E+001, 5.3144634E+001, 5.0731894E+001, 4.7091112E+001, 4.2546844E+001, 3.6722841E+001, 3.1430065E+001, 2.8564241E+001, 2.6814580E+001, 2.5798254E+001, 2.5677618E+001, 5.2593357E+001, 5.4443834E+001, 5.5771875E+001, 5.5325363E+001, 5.3906887E+001, 5.3056391E+001, 4.4287865E+001, 3.1849125E+001, 2.6849529E+001, 2.6538220E+001, 2.6414260E+001, 7.0788197E+001, 7.1049438E+001, 7.0446794E+001, 6.9127407E+001, 6.4970341E+001, 4.7256455E+001, 4.0884151E+001, 3.7724041E+001, 3.2593660E+001, 2.8010853E+001, 2.6683550E+001, 5.7053005E+001, 6.9322772E+001, 7.6291122E+001, 9.8266292E+001, 1.2468717E+002, 1.3538552E+002, 5.2159922E+001, 5.8508539E+001, 3.0983057E+002, 2.0735929E+002, 1.3720909E+002, 1.1277847E+002, 9.2994139E+001, 1.8333552E+002, 2.6665950E+002
 1.2400036E+003, 5.4790787E+001, 6.1456886E+001, 6.4354348E+001, 7.2038324E+001, 8.0895689E+001, 6.0306679E+001, 5.6977850E+001, 6.3079644E+001, 6.8199586E+001, 8.0131766E+001, 8.7279823E+001, 6.6415962E+001, 5.6318551E+001, 6.3093775E+001, 7.2238017E+001, 8.1717487E+001, 8.6005220E+001, 7.7698063E+001, 5.4527622E+001, 6.0324719E+001, 6.6875710E+001, 7.9893344E+001, 7.7267655E+001, 7.6329541E+001, 5.2201755E+001, 5.3429614E+001, 6.0288718E+001, 6.7185740E+001, 7.1808370E+001, 5.0680081E+001, 5.7418704E+001, 6.7365277E+001, 7.4253684E+001, 7.9713736E+001, 5.2974765E+001, 5.0925569E+001, 6.1580503E+001, 8.4013792E+001, 9.8254525E+001, 9.5623686E+001, 7.3284730E+001, 5.0863447E+001, 6.7876109E+001, 8.2457538E+001, 1.0868823E+002, 1.0885139E+002, 9.2943798E+001, 4.8529967E+001, 6.2096917E+001, 7.7745565E+001, 9.8014613E+001, 8.8796387E+001, 7.9137857E+001, 5.0193563E+001, 5.1574375E+001, 5.5706503E+001, 6.4421919E+001, 6.6471323E+001, 4.8692606E+001, 6.1701172E+001, 7.0970661E+001, 7.9444729E+001, 7.2729337E+001, 9.7085051E+001, 6.7073889E+001, 1.2264395E+002, 1.3500851E+002, 1.1979579E+002, 8.3867896E+001, 1.5568943E+002, 5.6757942E+001, 1.2463243E+002, 1.8311346E+002, 1.2825063E+002, 8.1002090E+001, 1.5027704E+002, 5.9988726E+001, 1.4960488E+002, 1.3234775E+002, 8.5817961E+001, 5.9777310E+001, 6.0296259E+001, 4.6650681E+001, 5.5335684E+001, 5.8036138E+001, 5.5128495E+001, 4.9939127E+001, 6.4061843E+001, 5.8679399E+001, 5.3258069E+001, 5.1454990E+001, 5.1684696E+001, 5.1100912E+001, 4.2879583E+001, 3.7379244E+001, 3.2715066E+001, 2.7473637E+001, 2.6862764E+001, 2.6594983E+001, 2.6765660E+001, 7.1922133E+001, 6.2058351E+001, 5.4286518E+001, 5.3109737E+001, 4.9545921E+001, 4.8168252E+001, 4.5375786E+001, 3.9014913E+001, 3.3087161E+001, 2.8938028E+001, 2.6936100E+001, 2.6127832E+001, 2.6016836E+001, 5.2433100E+001, 5.3887084E+001, 5.5187985E+001, 5.5291587E+001, 5.4387350E+001, 5.3134605E+001, 4.9857502E+001, 4.1267371E+001, 2.9113362E+001, 2.6592506E+001, 2.6465867E+001, 6.8744602E+001, 6.8565732E+001, 6.7637437E+001, 6.7496805E+001, 6.2226996E+001, 4.9733278E+001, 4.4068326E+001, 3.9803919E+001, 3.0413089E+001, 2.7864652E+001, 2.6991324E+001, 5.8085441E+001, 7.0557926E+001, 7.7650237E+001, 9.9852985E+001, 1.2636489E+002, 1.3663870E+002, 5.3042760E+001, 5.9468237E+001, 3.0757812E+002, 2.1512408E+002, 1.4974112E+002, 1.2235789E+002, 1.0487277E+002, 2.0977425E+002, 2.6823349E+002
 1.2600133E+003, 5.6937416E+001, 6.2914373E+001, 6.8034746E+001, 7.3670123E+001, 8.0654817E+001, 5.9972982E+001, 5.7229908E+001, 6.3638108E+001, 7.1127438E+001, 7.7266806E+001, 8.8883135E+001, 6.9344631E+001, 5.6950175E+001, 6.1395347E+001, 7.2076797E+001, 8.1028074E+001, 9.0711650E+001, 7.2811436E+001, 5.4470332E+001, 5.5874534E+001, 6.3767738E+001, 7.4489842E+001, 9.0599885E+001, 7.9594399E+001, 5.3485023E+001, 5.3937689E+001, 5.8994026E+001, 6.6869365E+001, 7.7035642E+001, 5.1192709E+001, 6.0386165E+001, 7.0638937E+001, 8.2244103E+001, 7.5471334E+001, 5.3400993E+001, 5.1861125E+001, 6.6424859E+001, 7.8447056E+001, 9.2068972E+001, 1.0740596E+002, 7.4906312E+001, 5.1274239E+001, 5.8627799E+001, 8.4969052E+001, 1.0873053E+002, 1.1360038E+002, 9.6054520E+001, 5.0052882E+001, 5.5457113E+001, 7.6439949E+001, 1.0795524E+002, 1.0023109E+002, 8.5027376E+001, 5.1264387E+001, 5.2394890E+001, 6.3160621E+001, 7.4676941E+001, 7.1683227E+001, 5.0156488E+001, 6.0560909E+001, 7.4735380E+001, 7.6884307E+001, 6.1653221E+001, 1.0068558E+002, 6.2161143E+001, 1.3461413E+002, 1.2790604E+002, 1.1970418E+002, 8.1647899E+001, 1.7289956E+002, 5.7624103E+001, 1.4198771E+002, 1.8822072E+002, 1.3392186E+002, 7.9404445E+001, 1.6874027E+002, 5.6129333E+001, 1.2543021E+002, 1.5255632E+002, 9.3491301E+001, 6.5941734E+001, 6.3375467E+001, 4.5422384E+001, 5.2457043E+001, 6.1574948E+001, 5.8840332E+001, 5.0729825E+001, 6.7750198E+001, 5.8476908E+001, 5.2627492E+001, 5.3186286E+001, 5.2779271E+001, 5.1531460E+001, 4.4092845E+001, 3.8079823E+001, 3.2123760E+001, 2.7227163E+001, 2.6844966E+001, 2.6664630E+001, 2.6791695E+001, 7.1427942E+001, 6.3634789E+001, 5.5066736E+001, 5.2623069E+001, 4.8979088E+001, 4.7609834E+001, 4.4570304E+001, 3.9101446E+001, 3.2777022E+001, 2.8747006E+001, 2.7036690E+001, 2.6211203E+001, 2.6036881E+001, 5.3568188E+001, 5.4523582E+001, 5.5098411E+001, 5.5465088E+001, 5.5267271E+001, 5.4793367E+001, 5.1927518E+001, 3.4882988E+001, 2.7473073E+001, 2.6601786E+001, 2.6497589E+001, 6.8118144E+001, 6.8670210E+001, 6.7255083E+001, 6.2071727E+001, 5.6934341E+001, 4.7437264E+001, 4.3858129E+001, 4.0034440E+001, 3.0588895E+001, 2.8389288E+001, 2.7358640E+001, 5.9157939E+001, 7.1752281E+001, 7.8956340E+001, 1.0133547E+002, 1.2783809E+002, 1.3772744E+002, 5.3811810E+001, 6.0396728E+001, 3.1675599E+002, 2.4228799E+002, 1.5798157E+002, 1.2237666E+002, 1.0480890E+002, 2.1616276E+002, 2.6644850E+002
 1.2800710E+003, 5.4029028E+001, 5.7083391E+001, 6.3425736E+001, 6.9595310E+001, 7.2948126E+001, 5.4977350E+001, 5.4644248E+001, 5.8004383E+001, 6.3746574E+001, 7.7406516E+001, 8.6577237E+001, 6.1354815E+001, 5.6852085E+001, 5.9237857E+001, 6.6766912E+001, 8.0037954E+001, 9.6037934E+001, 7.3258138E+001, 5.6438777E+001, 5.8538463E+001, 6.9435275E+001, 8.6309316E+001, 9.6255748E+001, 8.3572822E+001, 5.4397651E+001, 5.8073909E+001, 6.4762322E+001, 7.2430832E+001, 7.6188364E+001, 5.1953848E+001, 5.7155073E+001, 6.3296733E+001, 6.3826067E+001, 6.4474981E+001, 5.5163561E+001, 5.2436471E+001, 6.4523470E+001, 7.5677497E+001, 9.2946063E+001, 8.7986204E+001, 7.2274277E+001, 5.2165642E+001, 6.5046714E+001, 8.5162844E+001, 1.1984887E+002, 1.1537764E+002, 1.0325489E+002, 5.0838467E+001, 6.1466600E+001, 8.0408721E+001, 1.1172215E+002, 1.0649601E+002, 9.2131050E+001, 5.2232407E+001, 5.3674422E+001, 5.8811958E+001, 7.9871269E+001, 7.5531115E+001, 5.0849909E+001, 5.5323697E+001, 6.5101156E+001, 6.4653114E+001, 5.8039798E+001, 9.3550499E+001, 6.3037313E+001, 1.4234213E+002, 1.1884115E+002, 9.6379310E+001, 8.4578406E+001, 1.6462148E+002, 5.6920780E+001, 1.3188088E+002, 1.8530962E+002, 1.3559366E+002, 7.4173898E+001, 1.8090802E+002, 5.9047186E+001, 1.5532871E+002, 1.5470634E+002, 1.0481069E+002, 7.0317228E+001, 6.7028317E+001, 4.6581630E+001, 5.4486263E+001, 6.7153854E+001, 6.0650319E+001, 4.9849161E+001, 6.6836324E+001, 6.1876297E+001, 5.3980900E+001, 5.4220162E+001, 5.3687028E+001, 5.2597920E+001, 4.6282061E+001, 3.9345518E+001, 3.2181655E+001, 2.7188430E+001, 2.6907954E+001, 2.6704077E+001, 2.6600029E+001, 7.4591898E+001, 6.4911298E+001, 5.4366153E+001, 5.3225273E+001, 4.9778139E+001, 4.8912564E+001, 4.4837428E+001, 3.8228790E+001, 3.1356985E+001, 2.8750441E+001, 2.7150225E+001, 2.6346499E+001, 2.6172333E+001, 5.2873216E+001, 5.3525910E+001, 5.4421484E+001, 5.4862414E+001, 5.4651446E+001, 5.3961626E+001, 5.2552349E+001, 3.7109232E+001, 2.8007086E+001, 2.6703345E+001, 2.6541581E+001, 6.7359501E+001, 6.7496114E+001, 6.5353537E+001, 6.3390620E+001, 6.2489089E+001, 5.6991196E+001, 4.8891602E+001, 4.1496334E+001, 3.2657513E+001, 2.8609421E+001, 2.7176805E+001, 6.0194077E+001, 7.2948464E+001, 8.0175218E+001, 1.0268150E+002, 1.2965801E+002, 1.3879147E+002, 5.4647177E+001, 6.1303289E+001, 3.2732954E+002, 2.0775275E+002, 1.5533933E+002, 1.2659292E+002, 1.0864265E+002, 1.8269702E+002, 2.6477710E+002
 1.3000135E+003, 5.5756259E+001, 5.9027220E+001, 6.8126810E+001, 7.1922968E+001, 7.9334873E+001, 5.5832723E+001, 5.5468308E+001, 5.8870564E+001, 6.7665295E+001, 8.0215153E+001, 8.8930544E+001, 6.3826193E+001, 5.6982151E+001, 6.3639991E+001, 6.9891967E+001, 8.3102529E+001, 9.4707359E+001, 7.8989412E+001, 5.7014307E+001, 6.1866085E+001, 7.0343531E+001, 8.0616016E+001, 8.7043739E+001, 7.3460316E+001, 5.5930958E+001, 5.7158521E+001, 6.0664911E+001, 6.6295402E+001, 6.7815699E+001, 5.2081277E+001, 5.7234913E+001, 7.3054281E+001, 8.4567438E+001, 8.1123554E+001, 5.3990688E+001, 5.2988996E+001, 6.3032316E+001, 7.1764510E+001, 1.0193604E+002, 1.1123462E+002, 7.2588915E+001, 5.3997681E+001, 6.7688165E+001, 8.1115492E+001, 1.0472828E+002, 1.2775704E+002, 8.7191513E+001, 5.3087766E+001, 6.1638358E+001, 7.6938572E+001, 9.9926313E+001, 9.5087705E+001, 8.0458131E+001, 5.3319900E+001, 5.3995931E+001, 5.9490877E+001, 6.5381432E+001, 6.5445761E+001, 5.2082608E+001, 5.8785899E+001, 8.1466066E+001, 9.7169886E+001, 7.5072329E+001, 9.6433774E+001, 6.5693898E+001, 1.4145167E+002, 1.4189464E+002, 1.2913037E+002, 8.5952068E+001, 1.5390942E+002, 5.6444207E+001, 1.2990937E+002, 1.9100852E+002, 1.4847725E+002, 8.7867992E+001, 1.4740583E+002, 5.8466189E+001, 1.1901033E+002, 1.2578032E+002, 8.4986056E+001, 6.2743401E+001, 6.2619955E+001, 4.6014306E+001, 5.2232937E+001, 6.0995456E+001, 5.7745237E+001, 5.0220129E+001, 6.8411500E+001, 6.0666813E+001, 5.4997110E+001, 5.4452960E+001, 5.4034582E+001, 5.2591883E+001, 4.7483263E+001, 3.9284958E+001, 3.2116570E+001, 2.7283522E+001, 2.7051034E+001, 2.6707801E+001, 2.6593904E+001, 7.3292601E+001, 6.1257513E+001, 5.5572421E+001, 5.4217373E+001, 5.1934829E+001, 5.1228265E+001, 4.7385784E+001, 3.9085276E+001, 3.1664839E+001, 2.9297888E+001, 2.7506031E+001, 2.6681277E+001, 2.6087369E+001, 5.4142361E+001, 5.4811318E+001, 5.5361088E+001, 5.5103533E+001, 5.4159891E+001, 5.2692200E+001, 5.0017416E+001, 3.9789617E+001, 3.1047839E+001, 2.7099449E+001, 2.6670509E+001, 6.7641606E+001, 6.7732912E+001, 6.7401076E+001, 6.1937531E+001, 5.9084656E+001, 5.3874937E+001, 4.6732277E+001, 3.7834748E+001, 3.1586561E+001, 2.8588112E+001, 2.6963848E+001, 6.1248466E+001, 7.4127230E+001, 8.1372381E+001, 1.0392347E+002, 1.3083275E+002, 1.3981971E+002, 5.5474146E+001, 6.2175199E+001, 2.9676137E+002, 2.1442341E+002, 1.3925088E+002, 1.2128742E+002, 9.2336248E+001, 1.6616390E+002, 2.6503442E+002
 1.3200094E+003, 5.7635426E+001, 5.8981525E+001, 6.5269663E+001, 7.0351314E+001, 8.5643543E+001, 5.8175641E+001, 5.7683689E+001, 6.1831402E+001, 7.7091972E+001, 8.5727143E+001, 9.5033634E+001, 7.4369210E+001, 5.7538727E+001, 6.7521519E+001, 8.3151690E+001, 8.8463826E+001, 9.1106110E+001, 8.3357095E+001, 5.6805160E+001, 6.0903130E+001, 6.9438777E+001, 7.1492211E+001, 7.4274731E+001, 6.5091771E+001, 5.4351559E+001, 5.5246658E+001, 5.6346553E+001, 5.9088142E+001, 6.4168864E+001, 5.1301023E+001, 5.7170801E+001, 5.9263852E+001, 7.2719198E+001, 8.0222268E+001, 5.5500985E+001, 5.2361648E+001, 6.9261199E+001, 8.0907207E+001, 1.0010696E+002, 1.1244572E+002, 8.8193303E+001, 5.4665040E+001, 7.1596234E+001, 1.0118095E+002, 1.1798530E+002, 1.1208374E+002, 1.0473058E+002, 5.3211657E+001, 6.5165893E+001, 7.3659923E+001, 8.1125681E+001, 7.8298035E+001, 6.7286309E+001, 5.3841655E+001, 5.4047554E+001, 5.7346737E+001, 5.8517681E+001, 5.9538925E+001, 5.2474375E+001, 5.9035025E+001, 5.9478080E+001, 8.0626098E+001, 7.3388761E+001, 1.0697906E+002, 6.3510314E+001, 1.5352760E+002, 1.2358742E+002, 1.1598458E+002, 9.6204296E+001, 1.6659487E+002, 5.8418521E+001, 1.3425665E+002, 1.9094139E+002, 1.4235600E+002, 9.7350811E+001, 1.5923018E+002, 6.1977504E+001, 1.2841502E+002, 1.1572423E+002, 8.1875913E+001, 6.3094126E+001, 6.0176547E+001, 4.9971614E+001, 5.2724459E+001, 5.3909185E+001, 5.3951283E+001, 5.0725660E+001, 6.8372171E+001, 6.1350683E+001, 5.5604605E+001, 5.5285337E+001, 5.4351654E+001, 5.2671208E+001, 4.5861382E+001, 3.6970278E+001, 3.2400783E+001, 2.7417940E+001, 2.7117073E+001, 2.6768662E+001, 2.6613626E+001, 7.7353012E+001, 6.3449180E+001, 5.6273558E+001, 5.4126261E+001, 5.2003047E+001, 5.1698848E+001, 4.9923966E+001, 3.9212335E+001, 3.1832861E+001, 2.9739716E+001, 2.7474877E+001, 2.6742411E+001, 2.6158728E+001, 5.5787904E+001, 5.5755540E+001, 5.5656057E+001, 5.5862395E+001, 5.5134393E+001, 5.3663147E+001, 5.0908285E+001, 3.9619062E+001, 3.3378872E+001, 2.7714042E+001, 2.6853009E+001, 6.8298816E+001, 6.7883296E+001, 6.6532183E+001, 6.4804510E+001, 6.0391071E+001, 5.1485182E+001, 4.6643896E+001, 3.9710167E+001, 3.1650059E+001, 2.8084829E+001, 2.6938823E+001, 6.2246251E+001, 7.5235399E+001, 8.2561638E+001, 1.0515911E+002, 1.3216641E+002, 1.4098529E+002, 5.6264760E+001, 6.3028894E+001, 3.1191804E+002, 2.2219329E+002, 1.4528631E+002, 1.1145054E+002, 8.8491803E+001, 1.6562634E+002, 2.6816361E+002
 1.3400517E+003, 5.8311610E+001, 5.8423269E+001, 6.1961018E+001, 6.6271469E+001, 7.8341291E+001, 5.7860714E+001, 5.6628768E+001, 5.8551329E+001, 6.8406497E+001, 7.9734627E+001, 8.6739247E+001, 6.4898506E+001, 5.7311100E+001, 6.3237899E+001, 7.7588911E+001, 8.7972657E+001, 9.5555426E+001, 8.2010100E+001, 5.8074932E+001, 6.4810749E+001, 7.1742077E+001, 8.1943811E+001, 8.9665755E+001, 8.4353456E+001, 5.6537959E+001, 6.1980719E+001, 6.5564860E+001, 7.2640275E+001, 7.8420604E+001, 5.2258397E+001, 5.6822910E+001, 6.2792595E+001, 6.5896868E+001, 7.2579490E+001, 5.5426321E+001, 5.4066471E+001, 6.3173311E+001, 7.5578953E+001, 8.7801760E+001, 1.0068293E+002, 7.6152159E+001, 5.6391909E+001, 7.5053815E+001, 9.7031501E+001, 1.0733424E+002, 1.2275323E+002, 1.0309824E+002, 5.3268000E+001, 7.1583915E+001, 8.2240891E+001, 9.9186836E+001, 9.6833402E+001, 8.6910976E+001, 5.3341246E+001, 5.6473741E+001, 5.9258738E+001, 7.0659022E+001, 7.1334995E+001, 5.0168510E+001, 5.4327873E+001, 6.4292714E+001, 7.1228112E+001, 7.1248838E+001, 9.2770755E+001, 6.3814249E+001, 1.4249340E+002, 1.2882827E+002, 1.2090308E+002, 9.5166525E+001, 1.5818922E+002, 5.9534312E+001, 1.1878096E+002, 1.8735776E+002, 1.4453622E+002, 9.3988204E+001, 1.7119694E+002, 7.1449207E+001, 1.3635942E+002, 1.4127538E+002, 9.5658833E+001, 6.7299779E+001, 6.1031243E+001, 5.1442154E+001, 5.6682979E+001, 5.7744183E+001, 5.4567639E+001, 5.0190074E+001, 6.6386083E+001, 6.1392536E+001, 5.6508848E+001, 5.5908946E+001, 5.5128391E+001, 5.4097208E+001, 4.7087802E+001, 3.8949662E+001, 3.3778586E+001, 2.9504939E+001, 2.7273324E+001, 2.6819853E+001, 2.6544961E+001, 7.5898132E+001, 6.5950168E+001, 5.4976919E+001, 5.3764962E+001, 5.2558472E+001, 5.1324599E+001, 4.9030237E+001, 3.9124508E+001, 3.1551638E+001, 2.9820905E+001, 2.7344770E+001, 2.6874665E+001, 2.6126089E+001, 5.3420040E+001, 5.4612071E+001, 5.5099336E+001, 5.5233979E+001, 5.5164700E+001, 5.4733439E+001, 5.2940037E+001, 3.8588148E+001, 3.2201848E+001, 2.8145368E+001, 2.7056515E+001, 7.1180476E+001, 7.0904240E+001, 7.0379808E+001, 6.8260387E+001, 6.5190258E+001, 5.8903723E+001, 4.9630418E+001, 3.7015170E+001, 3.1252424E+001, 2.7732484E+001, 2.7117333E+001, 6.3228541E+001, 7.6298482E+001, 8.3698843E+001, 1.0628633E+002, 1.3339803E+002, 1.4190182E+002, 5.7123899E+001, 6.3875309E+001, 3.1447191E+002, 2.2309228E+002, 1.5049296E+002, 1.2393464E+002, 9.3568498E+001, 1.6900502E+002, 2.6822284E+002
 1.3600448E+003, 5.7413679E+001, 5.9719669E+001, 6.6459220E+001, 7.3607452E+001, 8.0363502E+001, 5.7518608E+001, 5.5695398E+001, 6.1098452E+001, 7.6159131E+001, 8.4377169E+001, 1.0257157E+002, 6.8430351E+001, 5.5787029E+001, 6.0389889E+001, 7.3524806E+001, 8.5247819E+001, 9.8377313E+001, 7.8793891E+001, 5.7364140E+001, 5.8060903E+001, 6.5360335E+001, 6.9190390E+001, 7.8523604E+001, 6.8896082E+001, 5.6974868E+001, 5.8667743E+001, 5.9126028E+001, 6.0783627E+001, 6.5255534E+001, 5.2412634E+001, 6.0322299E+001, 6.3974876E+001, 7.3003711E+001, 7.4119788E+001, 5.7709194E+001, 5.3867067E+001, 6.7551877E+001, 8.4986415E+001, 1.0446291E+002, 1.1738715E+002, 8.9720789E+001, 5.4089087E+001, 7.2128317E+001, 1.0047360E+002, 1.1824931E+002, 1.2539663E+002, 8.9939877E+001, 5.3894602E+001, 6.0927542E+001, 6.3395222E+001, 8.0784318E+001, 8.9053845E+001, 7.3941752E+001, 5.4144784E+001, 5.4558007E+001, 5.5137178E+001, 6.0046090E+001, 6.4030458E+001, 5.1648259E+001, 5.6531852E+001, 6.9723665E+001, 8.3900213E+001, 6.7528056E+001, 9.3722085E+001, 6.1441770E+001, 1.4809800E+002, 1.3702243E+002, 1.3811737E+002, 9.8539491E+001, 1.6796123E+002, 5.9602775E+001, 1.2672246E+002, 1.9789269E+002, 1.5017090E+002, 8.6242271E+001, 1.6187122E+002, 6.9221764E+001, 1.2603252E+002, 1.1486461E+002, 8.2312249E+001, 6.4164118E+001, 6.1528392E+001, 4.7220328E+001, 5.2735446E+001, 6.3757223E+001, 6.2351500E+001, 5.8969026E+001, 6.7552888E+001, 6.1560498E+001, 5.6469683E+001, 5.6157462E+001, 5.4988811E+001, 5.3953700E+001, 4.5978284E+001, 3.8474384E+001, 3.3022714E+001, 2.9312839E+001, 2.7268683E+001, 2.6943154E+001, 2.6693668E+001, 7.5230255E+001, 6.1473798E+001, 5.5600952E+001, 5.5938333E+001, 5.4835991E+001, 5.1686929E+001, 4.8494773E+001, 3.9873128E+001, 3.1727537E+001, 2.9711456E+001, 2.8034595E+001, 2.6976762E+001, 2.6460609E+001, 5.6268393E+001, 5.8253776E+001, 5.8983822E+001, 5.7487050E+001, 5.6078100E+001, 5.5174868E+001, 5.4258061E+001, 4.7967960E+001, 3.1897593E+001, 2.8357243E+001, 2.7121049E+001, 7.2654768E+001, 7.2646208E+001, 7.2201732E+001, 7.1402342E+001, 6.4064960E+001, 5.0083567E+001, 4.5400809E+001, 4.0243447E+001, 3.3947956E+001, 2.8519439E+001, 2.7247395E+001, 6.4239164E+001, 7.7317123E+001, 8.4781148E+001, 1.0738663E+002, 1.3438711E+002, 1.4292209E+002, 5.7920836E+001, 6.4704528E+001, 2.9687770E+002, 2.1916072E+002, 1.5649357E+002, 1.1968951E+002, 8.4684482E+001, 1.6329040E+002, 2.7232125E+002
 1.3800572E+003, 5.7237700E+001, 5.8979671E+001, 6.8382674E+001, 8.0107729E+001, 7.9826085E+001, 5.7279745E+001, 5.6244562E+001, 6.1508715E+001, 7.5851617E+001, 9.1406716E+001, 9.1328423E+001, 6.9671065E+001, 5.6874587E+001, 6.2509278E+001, 7.4506152E+001, 8.2449236E+001, 8.5492572E+001, 6.8958427E+001, 5.6131558E+001, 5.7217311E+001, 5.9692008E+001, 6.7821845E+001, 8.0047541E+001, 6.6667598E+001, 5.5817583E+001, 5.6540619E+001, 5.7028805E+001, 5.8969773E+001, 6.3296118E+001, 5.2555958E+001, 5.8463923E+001, 6.5162082E+001, 7.7489556E+001, 8.9329556E+001, 5.6572845E+001, 5.3337757E+001, 6.3962931E+001, 8.7047754E+001, 1.0028895E+002, 1.1347420E+002, 7.7617597E+001, 5.4725005E+001, 7.0415763E+001, 9.6516389E+001, 1.0297838E+002, 1.0871721E+002, 8.8342393E+001, 5.4783741E+001, 6.5775131E+001, 6.9940871E+001, 8.2373833E+001, 7.9234305E+001, 6.4501713E+001, 5.5396862E+001, 5.6923329E+001, 5.5963608E+001, 5.7345076E+001, 5.5731417E+001, 5.2642403E+001, 5.9056234E+001, 8.0659328E+001, 8.5659702E+001, 8.1826776E+001, 1.0973577E+002, 6.6783667E+001, 1.5165532E+002, 1.7590489E+002, 1.5065434E+002, 1.0677410E+002, 1.7433919E+002, 6.1461469E+001, 1.3866461E+002, 1.8092364E+002, 1.3537143E+002, 8.9370394E+001, 1.2301112E+002, 6.7982453E+001, 9.9999744E+001, 8.7047903E+001, 7.2590349E+001, 5.9327249E+001, 5.5369414E+001, 4.7293101E+001, 5.0945761E+001, 5.3023771E+001, 5.2229341E+001, 5.2616523E+001, 6.7282109E+001, 6.0363724E+001, 5.6593201E+001, 5.6185947E+001, 5.5624610E+001, 5.4303186E+001, 4.7224365E+001, 4.0291177E+001, 3.2621909E+001, 2.9037209E+001, 2.7306471E+001, 2.7152541E+001, 2.6836296E+001, 7.7989499E+001, 6.1581504E+001, 5.7163170E+001, 5.6370115E+001, 5.4204063E+001, 5.2596893E+001, 4.8255705E+001, 4.0831253E+001, 3.1757944E+001, 2.9446526E+001, 2.8355252E+001, 2.7074018E+001, 2.6522201E+001, 5.8445331E+001, 5.8958017E+001, 5.9469134E+001, 5.8847087E+001, 5.8084076E+001, 5.6755956E+001, 5.4513626E+001, 3.6997855E+001, 3.0821573E+001, 2.7506362E+001, 2.7093803E+001, 7.4910325E+001, 7.4570592E+001, 7.4109297E+001, 7.2838650E+001, 6.6484324E+001, 5.3089359E+001, 4.7301436E+001, 4.2958796E+001, 3.3385795E+001, 2.8018948E+001, 2.6766373E+001, 6.5151015E+001, 7.8280166E+001, 8.5863869E+001, 1.0850847E+002, 1.3557122E+002, 1.4403286E+002, 5.8668927E+001, 6.5517203E+001, 2.8636487E+002, 2.2812609E+002, 1.6086703E+002, 1.1624225E+002, 8.8724970E+001, 1.6226998E+002, 2.7901432E+002
 1.4000528E+003, 5.7895930E+001, 5.8533462E+001, 6.8289002E+001, 8.0806793E+001, 8.7972505E+001, 5.7787816E+001, 5.7152907E+001, 6.1234606E+001, 7.5272702E+001, 8.8029289E+001, 9.3393061E+001, 6.9126046E+001, 5.9451652E+001, 6.7618999E+001, 7.6783540E+001, 7.9857546E+001, 9.1574789E+001, 6.9232134E+001, 5.7119993E+001, 6.5972163E+001, 6.6041562E+001, 7.0060890E+001, 8.1038405E+001, 6.7773415E+001, 5.6251687E+001, 5.6573760E+001, 5.8942352E+001, 6.2171155E+001, 6.6933594E+001, 5.3331388E+001, 6.1080594E+001, 6.7429987E+001, 7.7630405E+001, 7.6209499E+001, 6.1469201E+001, 5.7063804E+001, 6.7241119E+001, 9.0912969E+001, 1.0052548E+002, 1.1528070E+002, 7.7888538E+001, 5.5023048E+001, 7.1676236E+001, 9.2555460E+001, 1.0656078E+002, 1.2262163E+002, 8.8983920E+001, 5.5961975E+001, 7.3027762E+001, 7.7684548E+001, 8.6035433E+001, 8.4094178E+001, 7.3774322E+001, 5.4864853E+001, 5.8819946E+001, 5.9854393E+001, 6.0806977E+001, 6.0602721E+001, 5.3433276E+001, 6.3962734E+001, 6.5448877E+001, 7.0496381E+001, 6.7859887E+001, 1.1339986E+002, 6.9925412E+001, 1.5618698E+002, 1.5708623E+002, 1.2259585E+002, 9.1563125E+001, 1.8241453E+002, 6.0954971E+001, 1.4519981E+002, 1.8802862E+002, 1.6542446E+002, 1.0192693E+002, 1.3763199E+002, 6.1406458E+001, 1.1040585E+002, 1.0193028E+002, 9.0114542E+001, 7.3947521E+001, 6.5498732E+001, 4.8353919E+001, 5.1887466E+001, 5.4871304E+001, 5.6178768E+001, 5.5007232E+001, 6.5431646E+001, 5.9542549E+001, 5.5941199E+001, 5.6134946E+001, 5.6265882E+001, 5.4814443E+001, 4.7779913E+001, 4.0722562E+001, 3.2615900E+001, 2.8767177E+001, 2.7366225E+001, 2.7164944E+001, 2.6978609E+001, 7.7519847E+001, 6.5009473E+001, 5.8432100E+001, 5.7868727E+001, 5.4435547E+001, 5.2207898E+001, 4.8158122E+001, 4.2753155E+001, 3.2880610E+001, 2.9541131E+001, 2.7574840E+001, 2.6771456E+001, 2.6500037E+001, 5.7007679E+001, 5.8910191E+001, 5.9229832E+001, 5.8808592E+001, 5.7860029E+001, 5.6477032E+001, 5.4533227E+001, 3.6596146E+001, 3.2196637E+001, 2.7372982E+001, 2.7088779E+001, 7.6287999E+001, 7.6021939E+001, 7.4659103E+001, 7.3618138E+001, 6.7082334E+001, 5.4275647E+001, 4.6882595E+001, 4.1183483E+001, 3.2883596E+001, 2.9064518E+001, 2.7023073E+001, 6.6025133E+001, 7.9160250E+001, 8.6876658E+001, 1.0959450E+002, 1.3691333E+002, 1.4516520E+002, 5.9475086E+001, 6.6331915E+001, 2.9610531E+002, 2.4944228E+002, 1.6553310E+002, 1.1701845E+002, 8.9046205E+001, 1.6060173E+002, 2.8243934E+002
 1.4200250E+003, 5.9829893E+001, 6.2901800E+001, 6.7832205E+001, 7.1944127E+001, 7.4634548E+001, 6.1025770E+001, 5.8864106E+001, 6.7262639E+001, 7.5310626E+001, 7.8912230E+001, 8.5498441E+001, 7.2692032E+001, 6.0112019E+001, 6.7646850E+001, 7.9289459E+001, 9.1878102E+001, 9.4486850E+001, 8.5023546E+001, 5.8546661E+001, 6.6285980E+001, 7.6982834E+001, 8.4531611E+001, 8.9650040E+001, 8.2566232E+001, 5.6944234E+001, 5.9613087E+001, 6.8254006E+001, 7.4060604E+001, 7.8722328E+001, 5.3903060E+001, 5.7921661E+001, 6.4601427E+001, 6.5654607E+001, 7.6145324E+001, 5.8351404E+001, 5.7558816E+001, 6.4677376E+001, 7.4914735E+001, 8.6169625E+001, 9.4072257E+001, 7.7870619E+001, 5.5915505E+001, 7.0533311E+001, 1.0132930E+002, 1.1619840E+002, 1.1752599E+002, 1.0675967E+002, 5.5626901E+001, 7.5410501E+001, 8.9812613E+001, 9.3216681E+001, 9.1193876E+001, 8.1808290E+001, 5.4932045E+001, 5.9010397E+001, 6.2088176E+001, 6.6348827E+001, 6.4768928E+001, 5.0071907E+001, 5.6202875E+001, 6.3047585E+001, 7.3319815E+001, 8.5365857E+001, 8.7581238E+001, 6.3305070E+001, 1.2972049E+002, 1.3531816E+002, 1.3180795E+002, 1.0533940E+002, 1.6433976E+002, 6.2079912E+001, 1.4032265E+002, 1.8892552E+002, 1.4623144E+002, 9.2825730E+001, 1.4349300E+002, 6.6712759E+001, 1.4420983E+002, 1.1583298E+002, 8.4722445E+001, 6.6724510E+001, 5.9596160E+001, 4.9585404E+001, 5.4594973E+001, 5.7205543E+001, 5.6132635E+001, 5.2532161E+001, 6.8558015E+001, 6.1709822E+001, 5.5720051E+001, 5.5978927E+001, 5.6387469E+001, 5.5444423E+001, 4.6887797E+001, 4.1145551E+001, 3.2821926E+001, 2.8737336E+001, 2.7507736E+001, 2.7089006E+001, 2.7006278E+001, 7.6672002E+001, 6.4190574E+001, 5.8231738E+001, 5.6951849E+001, 5.4470955E+001, 5.2527836E+001, 4.8069539E+001, 4.1311353E+001, 3.1908724E+001, 2.9466594E+001, 2.7137415E+001, 2.6892502E+001, 2.6930438E+001, 5.6836353E+001, 5.8532884E+001, 5.8879274E+001, 5.8595790E+001, 5.7793598E+001, 5.6652892E+001, 5.5187700E+001, 4.4058221E+001, 3.1727563E+001, 2.7372545E+001, 2.7113002E+001, 7.6657894E+001, 7.6187640E+001, 7.5376891E+001, 7.2014839E+001, 6.4419199E+001, 5.5984803E+001, 4.6952860E+001, 4.1717372E+001, 3.2130464E+001, 3.0119420E+001, 2.7722971E+001, 6.6836909E+001, 8.0035309E+001, 8.7844288E+001, 1.1062732E+002, 1.3759338E+002, 1.4625845E+002, 6.0291100E+001, 6.7133247E+001, 2.6745818E+002, 2.1875975E+002, 1.5466943E+002, 1.0944420E+002, 9.0738780E+001, 1.6976237E+002, 2.8344634E+002
 1.4400308E+003, 6.1801105E+001, 6.2702398E+001, 6.6744920E+001, 7.3631354E+001, 8.0017612E+001, 6.0467112E+001, 5.9121064E+001, 6.0298729E+001, 7.2431932E+001, 8.4558717E+001, 9.2185127E+001, 6.6624571E+001, 5.8835558E+001, 6.0587279E+001, 7.5402520E+001, 8.8198536E+001, 9.5285652E+001, 7.8834827E+001, 5.7588625E+001, 5.8059705E+001, 6.6809805E+001, 7.7183583E+001, 7.9775962E+001, 7.2175962E+001, 5.6994439E+001, 5.8308729E+001, 6.4579021E+001, 6.7862832E+001, 7.0325091E+001, 5.5285178E+001, 5.8132290E+001, 6.2723645E+001, 6.8469226E+001, 7.6388621E+001, 6.0333884E+001, 5.7514074E+001, 6.7031302E+001, 8.3101910E+001, 8.6071762E+001, 1.1320435E+002, 9.0451810E+001, 5.5178604E+001, 7.3006607E+001, 1.0269233E+002, 1.1213859E+002, 1.2225993E+002, 1.0220167E+002, 5.3390422E+001, 6.0248270E+001, 7.5960520E+001, 9.0961372E+001, 8.5113103E+001, 7.5783076E+001, 5.5346011E+001, 5.6183489E+001, 5.9808842E+001, 6.6069127E+001, 6.2907614E+001, 5.4576417E+001, 5.6985759E+001, 6.3833054E+001, 7.1964741E+001, 6.9507820E+001, 1.0033189E+002, 6.7484326E+001, 1.4607221E+002, 1.2903301E+002, 1.2956488E+002, 9.4822976E+001, 1.7621242E+002, 6.2961244E+001, 1.4091568E+002, 1.9585592E+002, 1.6184912E+002, 1.0615829E+002, 1.4855441E+002, 6.7944928E+001, 1.1284613E+002, 1.1170477E+002, 8.7712423E+001, 7.3490977E+001, 6.7873691E+001, 5.1625294E+001, 5.4171024E+001, 6.2070253E+001, 6.3571614E+001, 5.4536650E+001, 6.7713359E+001, 6.3361130E+001, 5.6576964E+001, 5.7422742E+001, 5.7109803E+001, 5.5247751E+001, 4.7092978E+001, 4.1415503E+001, 3.2650432E+001, 2.8743083E+001, 2.7568717E+001, 2.7340626E+001, 2.7350007E+001, 7.6171847E+001, 6.9048819E+001, 6.1330487E+001, 5.7829452E+001, 5.5230221E+001, 5.3988578E+001, 4.9482299E+001, 4.1687220E+001, 3.2621571E+001, 2.9513269E+001, 2.7431500E+001, 2.6884888E+001, 2.6680652E+001, 5.7129072E+001, 5.8281861E+001, 5.9143696E+001, 5.8983064E+001, 5.8290158E+001, 5.7160703E+001, 5.5244594E+001, 4.4561401E+001, 2.8250560E+001, 2.7416530E+001, 2.7161579E+001, 7.4547995E+001, 7.3937532E+001, 7.3325474E+001, 7.2639776E+001, 6.5126340E+001, 5.7630322E+001, 4.9442846E+001, 4.2614040E+001, 3.1672327E+001, 2.9217193E+001, 2.7474492E+001, 6.7608505E+001, 8.0886687E+001, 8.8747769E+001, 1.1162900E+002, 1.3847018E+002, 1.4713144E+002, 6.1102681E+001, 6.7932368E+001, 2.9109519E+002, 2.3328827E+002, 1.5693512E+002, 1.2458243E+002, 1.0279197E+002, 1.5975788E+002, 2.8438392E+002
 1.4600393E+003, 5.9734893E+001, 6.2531142E+001, 7.0035489E+001, 7.9894274E+001, 9.3826527E+001, 6.0781891E+001, 6.1173651E+001, 6.2501211E+001, 7.8454280E+001, 9.0253847E+001, 9.2998715E+001, 6.9775219E+001, 6.1476835E+001, 6.4384394E+001, 7.3388437E+001, 8.5150172E+001, 9.0133543E+001, 7.4706683E+001, 6.0194296E+001, 6.3734625E+001, 6.9667139E+001, 7.2536056E+001, 7.6632455E+001, 6.9012900E+001, 5.8955581E+001, 5.9580275E+001, 6.4527880E+001, 6.7945155E+001, 6.8611526E+001, 5.5616463E+001, 6.2975667E+001, 6.3736815E+001, 8.3220393E+001, 9.3792620E+001, 6.1380513E+001, 6.0892625E+001, 7.2772722E+001, 9.5063471E+001, 1.2354703E+002, 1.2699181E+002, 9.3958295E+001, 5.8514673E+001, 7.6876902E+001, 9.8084045E+001, 9.9398169E+001, 9.6128426E+001, 8.1520146E+001, 5.6498008E+001, 7.0376874E+001, 7.2331139E+001, 7.0023387E+001, 7.1045236E+001, 6.8165150E+001, 5.4970246E+001, 5.7585137E+001, 5.8507087E+001, 5.9113562E+001, 6.5768665E+001, 5.2855099E+001, 6.6453640E+001, 7.5300282E+001, 8.3104570E+001, 7.0563991E+001, 1.1594949E+002, 6.8965847E+001, 1.7249193E+002, 1.8211219E+002, 1.4865883E+002, 9.9508658E+001, 1.9006400E+002, 6.2706063E+001, 1.4106118E+002, 1.7971754E+002, 1.3308674E+002, 1.0271474E+002, 1.0038411E+002, 6.7526437E+001, 1.0962969E+002, 8.8678538E+001, 7.1953675E+001, 6.5316512E+001, 6.2284149E+001, 5.1494210E+001, 5.5650292E+001, 5.9069705E+001, 6.2599391E+001, 5.8774255E+001, 6.8829078E+001, 6.5294967E+001, 5.8862876E+001, 5.7320770E+001, 5.7281018E+001, 5.5717018E+001, 4.7494715E+001, 4.2669709E+001, 3.3004280E+001, 2.8391350E+001, 2.7656344E+001, 2.7257868E+001, 2.7263525E+001, 7.5293456E+001, 6.6506805E+001, 5.9542396E+001, 5.7762347E+001, 5.6203741E+001, 5.4287686E+001, 4.9969783E+001, 4.1426209E+001, 3.3700265E+001, 3.0266208E+001, 2.7854324E+001, 2.6903371E+001, 2.6588822E+001, 6.0151684E+001, 6.1288802E+001, 6.1274051E+001, 6.1151928E+001, 6.0106631E+001, 5.8556981E+001, 5.6681845E+001, 4.0313031E+001, 2.7933056E+001, 2.7545300E+001, 2.7270763E+001, 7.7786510E+001, 7.7230054E+001, 7.5293871E+001, 7.3430692E+001, 7.0422251E+001, 5.9229658E+001, 5.1378033E+001, 3.9834627E+001, 3.0937943E+001, 2.8117356E+001, 2.7214432E+001, 6.8337563E+001, 8.1669596E+001, 8.9648418E+001, 1.1261013E+002, 1.4000309E+002, 1.4774628E+002, 6.1947261E+001, 6.8710040E+001, 2.8759289E+002, 2.4608608E+002, 1.5040459E+002, 9.5668640E+001, 7.9977880E+001, 1.5111994E+002, 2.8995311E+002
 1.4800260E+003, 6.3963248E+001, 6.8064775E+001, 7.5649661E+001, 7.6043713E+001, 8.9045256E+001, 6.6140627E+001, 6.4602305E+001, 7.0650612E+001, 7.9943759E+001, 8.0941807E+001, 8.6466001E+001, 7.9132170E+001, 6.2153532E+001, 7.3126514E+001, 7.8924607E+001, 7.8648780E+001, 8.8131099E+001, 7.8042689E+001, 6.1461327E+001, 6.6626505E+001, 6.9258804E+001, 7.4068788E+001, 8.3404813E+001, 7.2986823E+001, 5.8334669E+001, 5.8761297E+001, 6.0144887E+001, 6.3080138E+001, 6.8037029E+001, 5.5136619E+001, 5.8439660E+001, 6.0940021E+001, 6.7788239E+001, 8.6632073E+001, 5.9261367E+001, 5.9074692E+001, 6.7070596E+001, 8.2738988E+001, 8.8422896E+001, 1.1028930E+002, 8.6552562E+001, 5.9175017E+001, 8.0652829E+001, 9.1311607E+001, 1.0082743E+002, 1.1300090E+002, 9.5195419E+001, 5.6078677E+001, 6.7311466E+001, 7.5794542E+001, 9.0688518E+001, 9.3470280E+001, 8.2771805E+001, 5.6634374E+001, 5.8109765E+001, 5.8234706E+001, 6.6270469E+001, 6.7849352E+001, 5.1458750E+001, 5.7480947E+001, 6.2517816E+001, 7.9396145E+001, 7.5461668E+001, 9.3789601E+001, 6.5310475E+001, 1.3232581E+002, 1.2597192E+002, 1.3095746E+002, 1.0418349E+002, 1.7680053E+002, 6.8993093E+001, 1.5628343E+002, 1.9670576E+002, 1.4383739E+002, 1.0248704E+002, 1.4197603E+002, 6.9914846E+001, 1.1819105E+002, 1.1424874E+002, 9.4915948E+001, 7.6314577E+001, 6.4580806E+001, 5.1139775E+001, 5.6510435E+001, 6.0202987E+001, 5.8302471E+001, 5.2492558E+001, 6.9409767E+001, 6.5362482E+001, 5.9781961E+001, 5.8109265E+001, 5.7363118E+001, 5.6859348E+001, 4.8804370E+001, 4.1823718E+001, 3.2971919E+001, 2.7971298E+001, 2.7567381E+001, 2.7237682E+001, 2.7433685E+001, 7.3851809E+001, 6.3460708E+001, 5.8144594E+001, 5.6144519E+001, 5.4997059E+001, 5.4171707E+001, 4.9148291E+001, 4.0677821E+001, 3.3512120E+001, 3.0277184E+001, 2.7713571E+001, 2.6863762E+001, 2.6497440E+001, 5.7654561E+001, 6.0712106E+001, 6.0825598E+001, 6.0442261E+001, 5.9773764E+001, 5.8708800E+001, 5.7347374E+001, 4.2686550E+001, 2.8152796E+001, 2.7709960E+001, 2.7510810E+001, 8.0795205E+001, 8.0561414E+001, 7.8730404E+001, 7.6605925E+001, 7.1087939E+001, 5.5623299E+001, 5.0079978E+001, 4.1884404E+001, 3.5031311E+001, 2.8815834E+001, 2.7153774E+001, 6.9039619E+001, 8.2414963E+001, 9.0548983E+001, 1.1355039E+002, 1.4112816E+002, 1.4843022E+002, 6.2798652E+001, 6.9460360E+001, 2.9243006E+002, 2.1578564E+002, 1.4638368E+002, 1.0137540E+002, 8.1579986E+001, 1.7961908E+002, 2.9035210E+002
 1.5000604E+003, 6.4242969E+001, 6.6607366E+001, 6.9850243E+001, 7.7159235E+001, 8.3691372E+001, 6.5141598E+001, 6.4026193E+001, 6.8352822E+001, 7.8796756E+001, 8.6428887E+001, 9.0487099E+001, 7.5142752E+001, 5.9809492E+001, 6.6612266E+001, 8.0018789E+001, 8.7283317E+001, 9.4563558E+001, 8.2881086E+001, 5.9158333E+001, 6.4073589E+001, 7.2643050E+001, 8.2522868E+001, 8.6184216E+001, 7.9491724E+001, 5.7963738E+001, 6.0554041E+001, 6.3800096E+001, 7.4263417E+001, 7.3137908E+001, 5.5644531E+001, 6.0181082E+001, 6.4718180E+001, 7.5202827E+001, 8.1670456E+001, 5.8515553E+001, 5.6658136E+001, 6.6747000E+001, 8.4074260E+001, 9.3511837E+001, 1.1458053E+002, 8.8865509E+001, 5.7289281E+001, 8.1043373E+001, 1.0649337E+002, 1.1354077E+002, 1.1781932E+002, 1.0753335E+002, 5.4727766E+001, 6.6651711E+001, 7.6768421E+001, 8.8888977E+001, 8.6425352E+001, 7.6115874E+001, 5.5677683E+001, 5.6481139E+001, 6.1306180E+001, 7.3177454E+001, 6.8939028E+001, 5.5199206E+001, 6.2445458E+001, 7.2652787E+001, 9.0384291E+001, 8.9341475E+001, 1.0848077E+002, 6.3324133E+001, 1.5698024E+002, 1.3043020E+002, 1.3584717E+002, 1.0917818E+002, 1.7110710E+002, 6.5574404E+001, 1.4433494E+002, 1.9379952E+002, 1.4675854E+002, 8.7869702E+001, 1.5063000E+002, 6.8644112E+001, 1.2541582E+002, 1.1214277E+002, 8.0847979E+001, 6.5166174E+001, 6.3766399E+001, 5.3465710E+001, 5.6100016E+001, 5.9428753E+001, 6.1794806E+001, 5.8950233E+001, 7.0411042E+001, 6.5962225E+001, 6.0063188E+001, 5.8468905E+001, 5.7602846E+001, 5.5995740E+001, 4.7309766E+001, 4.0206165E+001, 3.3146330E+001, 2.7963392E+001, 2.7625665E+001, 2.7528052E+001, 2.7496978E+001, 7.5930239E+001, 6.6927632E+001, 5.9157258E+001, 5.7571246E+001, 5.5302818E+001, 5.4953509E+001, 5.1815125E+001, 4.5043922E+001, 3.4341622E+001, 3.0341909E+001, 2.7779179E+001, 2.7161594E+001, 2.6430344E+001, 5.9115807E+001, 6.0530389E+001, 6.0696403E+001, 6.0132611E+001, 5.9166166E+001, 5.7766263E+001, 5.5152223E+001, 4.1086921E+001, 3.1114916E+001, 2.7875924E+001, 2.7671287E+001, 7.6149929E+001, 7.6137907E+001, 7.5758607E+001, 7.0299040E+001, 6.0398440E+001, 5.4690761E+001, 5.0612725E+001, 4.5308846E+001, 3.5311812E+001, 2.8246282E+001, 2.7172856E+001, 6.9792648E+001, 8.3116324E+001, 9.1372148E+001, 1.1440872E+002, 1.4169270E+002, 1.4898928E+002, 6.3513511E+001, 7.0194943E+001, 3.1154937E+002, 2.1735284E+002, 1.3848435E+002, 1.1285006E+002, 7.8667145E+001, 1.6160229E+002, 2.8959934E+002
 1.5200433E+003, 6.4305400E+001, 6.6796144E+001, 7.3454076E+001, 7.6877536E+001, 7.8357017E+001, 6.2812141E+001, 6.1421944E+001, 6.4847773E+001, 7.9105338E+001, 8.7582958E+001, 9.6547564E+001, 7.1878176E+001, 5.9822634E+001, 6.6981051E+001, 8.1340658E+001, 8.6771988E+001, 9.9665970E+001, 7.6354139E+001, 5.9179328E+001, 6.3111166E+001, 7.0323008E+001, 8.0191845E+001, 8.5763792E+001, 7.4389987E+001, 5.9293430E+001, 5.8684214E+001, 6.1821390E+001, 6.6334295E+001, 6.7727296E+001, 5.6150007E+001, 6.0512276E+001, 6.6186830E+001, 6.8302356E+001, 7.2377048E+001, 5.9691269E+001, 5.6792218E+001, 7.1358113E+001, 7.9276617E+001, 8.5962533E+001, 1.0116347E+002, 8.8312584E+001, 5.8487758E+001, 7.8713840E+001, 1.0272497E+002, 1.2334495E+002, 1.3592983E+002, 1.0101447E+002, 5.4887576E+001, 6.4041287E+001, 7.1516685E+001, 8.8171521E+001, 9.9615722E+001, 7.5660904E+001, 5.5775847E+001, 5.6986668E+001, 5.8168357E+001, 6.2349864E+001, 6.4247385E+001, 5.4588621E+001, 5.8485049E+001, 6.0321243E+001, 7.4928872E+001, 7.9564169E+001, 1.0016856E+002, 6.6295161E+001, 1.3917093E+002, 1.0866405E+002, 1.1464887E+002, 1.1092332E+002, 1.6593093E+002, 6.5366627E+001, 1.5780027E+002, 1.9797917E+002, 1.6123752E+002, 9.5277054E+001, 1.6698375E+002, 6.7643304E+001, 1.2609422E+002, 1.3151869E+002, 9.1393894E+001, 6.6562087E+001, 6.5300011E+001, 5.0190270E+001, 5.6243259E+001, 6.0548872E+001, 5.9826655E+001, 5.5821360E+001, 7.1542149E+001, 6.4677043E+001, 5.9207865E+001, 5.8310825E+001, 5.7946271E+001, 5.7219881E+001, 5.0981079E+001, 4.2612955E+001, 3.5891653E+001, 2.8353714E+001, 2.7642364E+001, 2.7323179E+001, 2.7159410E+001, 7.9658242E+001, 6.9085655E+001, 5.9581958E+001, 5.8580374E+001, 5.5602247E+001, 5.5321465E+001, 5.1384261E+001, 4.1170107E+001, 3.3220701E+001, 2.9923931E+001, 2.8051327E+001, 2.7101997E+001, 2.6744800E+001, 6.1768032E+001, 6.3105007E+001, 6.2743306E+001, 6.2097636E+001, 6.1135609E+001, 5.9865505E+001, 5.6337049E+001, 4.4009298E+001, 3.0228267E+001, 2.8025629E+001, 2.7748763E+001, 7.7573926E+001, 7.7290052E+001, 7.5865170E+001, 7.4089826E+001, 7.0515902E+001, 6.1416092E+001, 5.1173895E+001, 3.9923540E+001, 3.3284255E+001, 2.9545432E+001, 2.7471637E+001, 7.0598005E+001, 8.3777061E+001, 9.2126538E+001, 1.1524335E+002, 1.4205843E+002, 1.4948561E+002, 6.4238526E+001, 7.0900153E+001, 2.9864734E+002, 2.3142340E+002, 1.3862176E+002, 1.1357362E+002, 9.4841785E+001, 2.1449891E+002, 2.8782822E+002
 1.5400300E+003, 6.4123860E+001, 6.6180231E+001, 6.7843330E+001, 7.1974802E+001, 7.9432913E+001, 6.4488157E+001, 6.4389137E+001, 6.5237045E+001, 7.3006766E+001, 8.0117876E+001, 8.9269540E+001, 7.1231999E+001, 6.6079613E+001, 6.9093284E+001, 7.8479539E+001, 8.5024069E+001, 9.7702894E+001, 7.4819461E+001, 6.4120118E+001, 6.5569585E+001, 6.8743783E+001, 7.9084933E+001, 8.7423606E+001, 7.9295223E+001, 6.2172759E+001, 6.1121971E+001, 6.2038858E+001, 6.8556674E+001, 7.1360260E+001, 5.6556831E+001, 5.8997225E+001, 6.5386589E+001, 6.8467928E+001, 8.0232488E+001, 5.8794970E+001, 5.7810783E+001, 6.4548591E+001, 7.4829530E+001, 8.3870926E+001, 1.0593888E+002, 7.7547430E+001, 5.8165497E+001, 7.4740092E+001, 9.8061237E+001, 1.1166607E+002, 1.2221064E+002, 1.0555885E+002, 5.7577574E+001, 6.8171517E+001, 7.4937216E+001, 9.6637569E+001, 1.0063161E+002, 8.4672025E+001, 5.7514935E+001, 5.7708161E+001, 5.8452567E+001, 6.8804926E+001, 7.1815228E+001, 6.3711018E+001, 6.0606140E+001, 6.4114796E+001, 8.1314608E+001, 8.3230529E+001, 1.0319787E+002, 8.2390882E+001, 1.3410129E+002, 1.2846436E+002, 1.2728652E+002, 1.1112020E+002, 1.6214782E+002, 6.2722795E+001, 1.3193519E+002, 1.9006873E+002, 1.5978322E+002, 1.0774356E+002, 1.5242956E+002, 6.7173089E+001, 1.4198862E+002, 1.3013949E+002, 9.4939599E+001, 7.6955804E+001, 6.6091513E+001, 5.3500776E+001, 6.1747149E+001, 6.5040416E+001, 6.2176034E+001, 5.4999630E+001, 7.0813454E+001, 6.3880290E+001, 5.9581102E+001, 5.8781891E+001, 5.8498408E+001, 5.7899006E+001, 5.3650090E+001, 4.3312489E+001, 3.4280119E+001, 2.8277394E+001, 2.7606644E+001, 2.7269033E+001, 2.7264327E+001, 8.0247554E+001, 6.4571424E+001, 6.0236250E+001, 5.9175397E+001, 5.7076523E+001, 5.5733078E+001, 5.2690401E+001, 4.1978098E+001, 3.2522327E+001, 3.0554654E+001, 2.8563329E+001, 2.7376728E+001, 2.7173704E+001, 6.1687578E+001, 6.3621835E+001, 6.3123659E+001, 6.1878642E+001, 6.0037358E+001, 5.8792270E+001, 5.6155844E+001, 4.5224790E+001, 3.3545932E+001, 2.8295061E+001, 2.7835786E+001, 7.8060373E+001, 7.8123545E+001, 7.7294837E+001, 7.4577962E+001, 7.1091079E+001, 5.9172740E+001, 4.9044596E+001, 4.1112285E+001, 3.4815601E+001, 3.0623409E+001, 2.7382934E+001, 7.1337005E+001, 8.4448649E+001, 9.2839618E+001, 1.1597692E+002, 1.4265546E+002, 1.5013810E+002, 6.4915199E+001, 7.1559649E+001, 2.8813442E+002, 2.3448958E+002, 1.5302602E+002, 1.1142443E+002, 9.1814666E+001, 1.8672332E+002, 2.8703348E+002
 1.5600001E+003, 6.1329955E+001, 6.3550679E+001, 6.8349344E+001, 7.6150940E+001, 7.8954046E+001, 6.2618128E+001, 6.2144172E+001, 6.5419603E+001, 7.1459493E+001, 8.1392356E+001, 9.1319620E+001, 7.1672611E+001, 6.4042805E+001, 7.0445274E+001, 7.7552265E+001, 8.4161313E+001, 9.4024309E+001, 7.7972023E+001, 6.5195698E+001, 6.8241720E+001, 7.2128968E+001, 7.6365765E+001, 8.2058307E+001, 7.3792421E+001, 6.6027794E+001, 6.5850266E+001, 6.7627305E+001, 6.9252287E+001, 7.1209901E+001, 5.6167946E+001, 6.1212863E+001, 6.9914219E+001, 7.4215270E+001, 9.2359261E+001, 5.8782507E+001, 5.8148286E+001, 6.2821070E+001, 7.5034208E+001, 9.0665480E+001, 1.1395711E+002, 6.8600787E+001, 5.8987518E+001, 6.8339854E+001, 8.9199410E+001, 1.0868335E+002, 1.0937053E+002, 1.0417386E+002, 5.8815445E+001, 7.2367714E+001, 8.7412305E+001, 9.2084911E+001, 8.8403331E+001, 7.5931729E+001, 5.8782143E+001, 5.8741847E+001, 6.0156804E+001, 6.2740050E+001, 6.7887193E+001, 5.7962612E+001, 6.1491258E+001, 7.6176173E+001, 9.5817559E+001, 8.4773605E+001, 9.6932468E+001, 7.0414688E+001, 1.2959108E+002, 1.4006319E+002, 1.4327240E+002, 1.1186624E+002, 1.4878193E+002, 6.3843101E+001, 1.1915480E+002, 1.7298916E+002, 1.3675292E+002, 9.0078411E+001, 1.4969638E+002, 6.9665117E+001, 1.4730807E+002, 1.2230933E+002, 9.6279247E+001, 7.8706789E+001, 7.3780753E+001, 5.3782141E+001, 6.0823040E+001, 6.3792511E+001, 6.2272021E+001, 6.0764657E+001, 7.1991740E+001, 6.4973338E+001, 5.9866707E+001, 5.9417244E+001, 5.8924128E+001, 5.8574612E+001, 5.1266095E+001, 4.2226295E+001, 3.3891775E+001, 2.8383581E+001, 2.7832158E+001, 2.7528084E+001, 2.7342231E+001, 7.8217502E+001, 6.3255527E+001, 6.0426282E+001, 5.8442266E+001, 5.6899744E+001, 5.5899347E+001, 5.3738944E+001, 4.4344671E+001, 3.2634060E+001, 3.0663099E+001, 2.8786075E+001, 2.7664577E+001, 2.6820810E+001, 6.2196855E+001, 6.3096049E+001, 6.3034325E+001, 6.2331512E+001, 6.0795489E+001, 5.7832478E+001, 5.0698255E+001, 4.0341354E+001, 3.0211868E+001, 2.8341007E+001, 2.7877612E+001, 7.4638468E+001, 7.4773655E+001, 7.3999577E+001, 7.2744709E+001, 6.6804111E+001, 5.9359947E+001, 5.1685232E+001, 4.5369644E+001, 3.6371944E+001, 2.9823416E+001, 2.7570965E+001, 7.2004720E+001, 8.5111049E+001, 9.3530980E+001, 1.1667280E+002, 1.4303441E+002, 1.5112348E+002, 6.5512907E+001, 7.2198222E+001, 2.7620886E+002, 2.3020289E+002, 1.5875619E+002, 1.2131933E+002, 9.0752441E+001, 1.7734991E+002, 2.9056865E+002
 1.5800281E+003, 6.0652967E+001, 6.2442218E+001, 6.5383822E+001, 7.3373656E+001, 8.2743451E+001, 6.1463173E+001, 6.1785787E+001, 6.4289065E+001, 6.9710903E+001, 7.8347841E+001, 9.7032667E+001, 7.1024018E+001, 6.2353513E+001, 6.9224739E+001, 7.8624470E+001, 8.2761315E+001, 9.3665126E+001, 8.2578728E+001, 6.3618446E+001, 6.7233259E+001, 7.2160110E+001, 8.1393514E+001, 8.5464099E+001, 7.8502432E+001, 6.2708485E+001, 6.1919420E+001, 6.4651988E+001, 6.9847031E+001, 7.4403672E+001, 5.5999612E+001, 6.0147238E+001, 6.6342024E+001, 6.9041670E+001, 7.7445170E+001, 5.9376179E+001, 5.8170492E+001, 6.5902960E+001, 8.1842634E+001, 9.5648048E+001, 1.1084141E+002, 7.1921395E+001, 5.8596437E+001, 6.8052102E+001, 8.9060080E+001, 1.1042353E+002, 1.2946803E+002, 9.7925105E+001, 6.1608038E+001, 7.4922002E+001, 8.9746990E+001, 9.4271741E+001, 9.1950664E+001, 7.8123727E+001, 5.9237841E+001, 6.2697866E+001, 6.3434076E+001, 6.6035972E+001, 7.1527064E+001, 5.8945020E+001, 5.8762472E+001, 6.3057494E+001, 7.5028444E+001, 8.4069134E+001, 9.8931102E+001, 7.0605156E+001, 1.4557088E+002, 1.5359318E+002, 1.4630323E+002, 1.1486375E+002, 1.7051943E+002, 6.4246045E+001, 1.2596688E+002, 1.9169505E+002, 1.5985068E+002, 9.3399604E+001, 1.4577881E+002, 6.9177973E+001, 1.3498234E+002, 1.1446741E+002, 8.6663370E+001, 7.1441819E+001, 6.9361359E+001, 5.3076443E+001, 6.2270952E+001, 6.3038554E+001, 6.1522675E+001, 5.5931014E+001, 7.2257815E+001, 6.6411854E+001, 6.0571278E+001, 5.9505766E+001, 5.9174868E+001, 5.8028229E+001, 5.0482626E+001, 4.3728320E+001, 3.5475853E+001, 2.9176654E+001, 2.8433460E+001, 2.7744337E+001, 2.7425166E+001, 7.9720353E+001, 6.6649682E+001, 5.9691819E+001, 5.8344925E+001, 5.6703522E+001, 5.5645586E+001, 5.2976961E+001, 4.2871639E+001, 3.2158471E+001, 3.0468865E+001, 2.8594199E+001, 2.7915510E+001, 2.6843482E+001, 6.2139044E+001, 6.3707201E+001, 6.3886186E+001, 6.3406271E+001, 6.2136471E+001, 6.0526195E+001, 5.7185262E+001, 4.4188722E+001, 3.1671222E+001, 2.8364739E+001, 2.7979366E+001, 7.5434229E+001, 7.5603093E+001, 7.4937971E+001, 7.2202805E+001, 6.6769543E+001, 5.7189741E+001, 5.1687551E+001, 4.1563852E+001, 3.3962720E+001, 2.8334194E+001, 2.7390506E+001, 7.2599219E+001, 8.5737537E+001, 9.4262606E+001, 1.1737599E+002, 1.4372164E+002, 1.5184569E+002, 6.6080260E+001, 7.2823704E+001, 2.8281771E+002, 2.2353248E+002, 1.5632998E+002, 1.2237185E+002, 8.7056589E+001, 1.5677579E+002, 2.9233614E+002
 1.6000380E+003, 6.2099161E+001, 6.3327774E+001, 6.7952768E+001, 7.9407000E+001, 8.8867595E+001, 6.3377529E+001, 6.2631741E+001, 6.6924966E+001, 7.3802869E+001, 8.4187939E+001, 9.7708779E+001, 7.2303457E+001, 6.1644415E+001, 6.7742423E+001, 7.3621870E+001, 7.6629174E+001, 8.6925300E+001, 7.1128034E+001, 6.0869961E+001, 6.2593714E+001, 6.6165479E+001, 7.0273791E+001, 8.1129234E+001, 7.2044109E+001, 6.0645091E+001, 6.0857474E+001, 6.2803868E+001, 6.5714251E+001, 7.1686394E+001, 5.5479303E+001, 6.1833528E+001, 7.3259199E+001, 7.6820922E+001, 8.4150764E+001, 5.7868164E+001, 5.7891659E+001, 6.7121471E+001, 8.5978673E+001, 9.8948722E+001, 1.0860513E+002, 7.8533738E+001, 6.1562621E+001, 7.3657616E+001, 9.0904045E+001, 1.1085815E+002, 1.2264813E+002, 8.7199445E+001, 6.0784063E+001, 7.0124672E+001, 7.0056218E+001, 8.1382007E+001, 9.6971718E+001, 7.3397146E+001, 5.8883523E+001, 6.0310693E+001, 6.0081435E+001, 6.2637774E+001, 6.5635991E+001, 5.4445833E+001, 6.0432890E+001, 8.0004053E+001, 7.3028121E+001, 7.5766968E+001, 1.0693009E+002, 7.7067890E+001, 1.4623039E+002, 1.4551615E+002, 1.2977902E+002, 1.0632443E+002, 1.6181894E+002, 6.3307456E+001, 1.3040311E+002, 1.8995840E+002, 1.6551086E+002, 8.8169531E+001, 1.6547792E+002, 7.0364010E+001, 1.2350618E+002, 1.2195647E+002, 9.5430483E+001, 6.9808190E+001, 6.4793682E+001, 4.9568305E+001, 5.6077115E+001, 5.8718822E+001, 5.9481118E+001, 5.5748303E+001, 7.0348480E+001, 6.6602322E+001, 6.0700090E+001, 5.9367784E+001, 5.9254430E+001, 5.8313228E+001, 5.0856990E+001, 4.3505260E+001, 3.5854775E+001, 2.9512482E+001, 2.8775150E+001, 2.8110650E+001, 2.7566706E+001, 7.7485053E+001, 6.9676601E+001, 6.0794476E+001, 6.0104904E+001, 5.8632595E+001, 5.5813263E+001, 5.2847384E+001, 4.2735557E+001, 3.2924766E+001, 3.0773756E+001, 2.8694110E+001, 2.8079403E+001, 2.7573089E+001, 6.1084320E+001, 6.1563094E+001, 6.2010929E+001, 6.1877374E+001, 6.1085709E+001, 5.9802752E+001, 5.5086858E+001, 4.1193439E+001, 3.1471353E+001, 2.8348418E+001, 2.8057789E+001, 8.0557103E+001, 8.0291875E+001, 7.7880364E+001, 7.4288858E+001, 6.9214181E+001, 6.0027642E+001, 5.2202449E+001, 4.3934307E+001, 3.3751876E+001, 2.7939935E+001, 2.7337038E+001, 7.3134077E+001, 8.6353245E+001, 9.5017169E+001, 1.1804498E+002, 1.4395607E+002, 1.5229197E+002, 6.6651424E+001, 7.3438466E+001, 3.0429004E+002, 2.5640079E+002, 1.6438600E+002, 1.2366798E+002, 9.7802934E+001, 1.6766117E+002, 2.9405770E+002
 1.6200205E+003, 6.5925489E+001, 6.6788329E+001, 7.2408034E+001, 7.6420388E+001, 8.5185373E+001, 6.5416171E+001, 6.4296978E+001, 6.8051964E+001, 7.4606761E+001, 8.4663752E+001, 9.5485483E+001, 7.2299931E+001, 6.7467105E+001, 7.2337866E+001, 7.8221950E+001, 9.2858928E+001, 9.8242514E+001, 8.2304593E+001, 6.1962652E+001, 6.6345073E+001, 7.2636457E+001, 7.6658593E+001, 8.4409979E+001, 7.2275464E+001, 6.1410908E+001, 6.0960125E+001, 6.1636190E+001, 6.5094344E+001, 7.3674530E+001, 5.7439605E+001, 6.0826283E+001, 7.2058116E+001, 7.7509744E+001, 8.6626671E+001, 5.9188472E+001, 5.8546541E+001, 6.9133793E+001, 8.3645229E+001, 9.6806229E+001, 1.1522474E+002, 7.9489342E+001, 6.1396260E+001, 7.3498606E+001, 9.6626190E+001, 1.1895591E+002, 1.2263883E+002, 1.0612629E+002, 5.9752709E+001, 7.5017603E+001, 8.3015456E+001, 8.9715581E+001, 9.4263571E+001, 7.7746251E+001, 5.9497066E+001, 5.9742390E+001, 6.0954460E+001, 6.5519648E+001, 6.4335208E+001, 5.4524246E+001, 7.2965879E+001, 7.0145543E+001, 9.4634790E+001, 8.5033406E+001, 1.0791023E+002, 6.9371841E+001, 1.4240223E+002, 1.4725074E+002, 1.3660705E+002, 9.9779008E+001, 1.6184757E+002, 6.5234425E+001, 1.3280183E+002, 1.8004219E+002, 1.3986530E+002, 9.4339788E+001, 1.4504771E+002, 6.7294480E+001, 1.3914128E+002, 1.2347284E+002, 9.5266829E+001, 7.2352913E+001, 6.5965293E+001, 5.1205810E+001, 5.9642622E+001, 6.2626290E+001, 6.2010280E+001, 5.8731939E+001, 7.2742107E+001, 6.6576233E+001, 6.1636254E+001, 5.9810291E+001, 6.0284720E+001, 5.9682012E+001, 5.1049817E+001, 4.3271890E+001, 3.5690488E+001, 2.9006401E+001, 2.9040189E+001, 2.8145448E+001, 2.7698139E+001, 7.9771293E+001, 7.1001978E+001, 6.1658802E+001, 6.1194686E+001, 6.0363701E+001, 5.7371413E+001, 5.3000855E+001, 4.2768590E+001, 3.4168757E+001, 3.0921974E+001, 2.9054225E+001, 2.8319298E+001, 2.6679048E+001, 6.0661535E+001, 6.0938152E+001, 6.1963196E+001, 6.1994945E+001, 6.1532673E+001, 6.0361000E+001, 5.7835275E+001, 4.4430611E+001, 3.1171038E+001, 2.8366568E+001, 2.8101844E+001, 7.8909946E+001, 7.8522421E+001, 7.5981768E+001, 7.3029738E+001, 7.0200626E+001, 5.8462587E+001, 5.3368785E+001, 4.3789389E+001, 3.3207528E+001, 2.8761188E+001, 2.7872987E+001, 7.3674321E+001, 8.6915727E+001, 9.5700781E+001, 1.1870094E+002, 1.4450903E+002, 1.5238217E+002, 6.7275270E+001, 7.4039446E+001, 2.9563623E+002, 2.2280602E+002, 1.6253737E+002, 1.2737036E+002, 9.6603080E+001, 1.7874934E+002, 2.9353285E+002
 1.6400208E+003, 6.7697521E+001, 6.7493002E+001, 7.0954236E+001, 8.3313498E+001, 9.2018937E+001, 6.7739964E+001, 6.5844268E+001, 6.7440946E+001, 7.3683173E+001, 8.8352482E+001, 1.0509702E+002, 7.0878019E+001, 6.5019338E+001, 6.9667184E+001, 7.7503105E+001, 8.5377215E+001, 8.8204904E+001, 7.6507682E+001, 6.2353627E+001, 6.5139442E+001, 6.7242071E+001, 7.0618159E+001, 7.3057430E+001, 6.7434649E+001, 6.1677937E+001, 6.1936829E+001, 6.3086886E+001, 6.3684838E+001, 6.6558700E+001, 5.9411544E+001, 6.2785725E+001, 7.7294031E+001, 8.1948493E+001, 9.8978041E+001, 6.0162951E+001, 5.9609044E+001, 6.6854859E+001, 8.7677852E+001, 1.1536171E+002, 1.3102752E+002, 7.3769428E+001, 6.0164146E+001, 6.9339569E+001, 9.3096882E+001, 1.0230212E+002, 1.0485528E+002, 8.8741627E+001, 5.8988366E+001, 6.8459266E+001, 7.3296121E+001, 7.1151992E+001, 7.5749837E+001, 6.5587718E+001, 5.9913863E+001, 6.0394906E+001, 5.9760956E+001, 5.9907984E+001, 6.1658036E+001, 5.8825115E+001, 6.6059925E+001, 8.5452707E+001, 8.4341523E+001, 7.6217828E+001, 1.1202726E+002, 7.2515890E+001, 1.4854472E+002, 1.7452909E+002, 1.6139425E+002, 1.1518681E+002, 1.7539111E+002, 6.4865730E+001, 1.3576806E+002, 1.7642220E+002, 1.4259391E+002, 1.1525178E+002, 1.1720273E+002, 6.2593815E+001, 1.0465049E+002, 8.9455417E+001, 7.8245797E+001, 7.4594291E+001, 6.6379193E+001, 5.0983538E+001, 5.6537364E+001, 5.8657638E+001, 5.8326681E+001, 5.8202696E+001, 7.0858288E+001, 6.6379443E+001, 6.1370867E+001, 6.0960339E+001, 6.0716182E+001, 5.9502384E+001, 5.0896171E+001, 4.3068728E+001, 3.5845623E+001, 2.9436091E+001, 2.8863051E+001, 2.8199769E+001, 2.7730624E+001, 8.2114993E+001, 7.1559485E+001, 6.1781973E+001, 6.0478231E+001, 5.8185211E+001, 5.6258548E+001, 5.1086281E+001, 4.2116878E+001, 3.4554863E+001, 3.0800459E+001, 2.9131764E+001, 2.7653787E+001, 2.6332534E+001, 5.8996086E+001, 6.0280579E+001, 6.0654667E+001, 6.0715787E+001, 6.0374295E+001, 5.9704500E+001, 5.8622598E+001, 4.4078608E+001, 2.9298027E+001, 2.8379042E+001, 2.8118394E+001, 8.1049506E+001, 8.1078220E+001, 8.1289019E+001, 7.7048754E+001, 6.5573801E+001, 5.8129688E+001, 5.1693616E+001, 4.2785499E+001, 3.2549897E+001, 2.9655975E+001, 2.8143819E+001, 7.4182748E+001, 8.7404669E+001, 9.6360082E+001, 1.1936833E+002, 1.4542063E+002, 1.5286461E+002, 6.7927560E+001, 7.4621713E+001, 2.7913627E+002, 2.4226074E+002, 1.7166169E+002, 1.0848325E+002, 7.9506908E+001, 1.5729808E+002, 2.9665527E+002
 1.6600500E+003, 6.8395962E+001, 7.0502659E+001, 7.5580932E+001, 8.8426562E+001, 9.6172392E+001, 6.9057498E+001, 6.7443301E+001, 7.3140446E+001, 8.2341237E+001, 8.5683711E+001, 9.2937175E+001, 7.6258180E+001, 6.5768047E+001, 7.2417907E+001, 7.4415287E+001, 8.3169610E+001, 8.6588836E+001, 7.3091433E+001, 6.3646168E+001, 6.5882465E+001, 6.7547213E+001, 6.8900583E+001, 7.2196847E+001, 6.4887131E+001, 6.0982973E+001, 6.1709631E+001, 6.2775098E+001, 6.3138378E+001, 6.3384383E+001, 5.8807377E+001, 6.7684505E+001, 8.0539542E+001, 9.7394008E+001, 1.0465133E+002, 6.2768366E+001, 5.9542876E+001, 7.3161871E+001, 9.0535677E+001, 1.1542199E+002, 1.2547630E+002, 8.2466113E+001, 6.0791993E+001, 7.5397910E+001, 8.5388874E+001, 9.4903458E+001, 9.4685110E+001, 7.9762139E+001, 5.9311163E+001, 6.8075379E+001, 6.8063676E+001, 7.1404029E+001, 7.0665484E+001, 6.3122829E+001, 5.9849227E+001, 6.0063690E+001, 5.9862425E+001, 6.2223434E+001, 6.0164013E+001, 5.7138334E+001, 7.6038222E+001, 1.0206512E+002, 9.9003845E+001, 8.3866915E+001, 1.1987495E+002, 6.6528564E+001, 1.4743399E+002, 1.9171615E+002, 1.6338975E+002, 1.1320300E+002, 1.6414631E+002, 6.1508727E+001, 1.2354996E+002, 1.6776197E+002, 1.2298736E+002, 8.5855199E+001, 1.0753602E+002, 6.6646327E+001, 1.0641471E+002, 8.3559656E+001, 7.3409115E+001, 6.5511869E+001, 6.6347624E+001, 5.3126346E+001, 5.8047461E+001, 5.9677296E+001, 6.2216608E+001, 5.9364305E+001, 7.0898175E+001, 6.8114106E+001, 6.1316391E+001, 6.1126048E+001, 6.0814625E+001, 5.9769149E+001, 5.2226481E+001, 4.3218797E+001, 3.5780593E+001, 2.9268254E+001, 2.8818717E+001, 2.8241272E+001, 2.7819164E+001, 8.0161146E+001, 7.1747201E+001, 6.1631154E+001, 5.8911111E+001, 5.7872204E+001, 5.6439164E+001, 5.2213612E+001, 4.6239011E+001, 3.5878950E+001, 3.1059040E+001, 2.9817768E+001, 2.8005628E+001, 2.7299131E+001, 5.8455343E+001, 6.0331868E+001, 6.0327096E+001, 6.0229290E+001, 6.0163136E+001, 5.9594844E+001, 5.8564234E+001, 5.6111079E+001, 2.9103129E+001, 2.8536584E+001, 2.8176485E+001, 8.1307296E+001, 8.1688060E+001, 8.0301581E+001, 7.9301862E+001, 7.2618962E+001, 5.7614052E+001, 5.1278239E+001, 4.3245314E+001, 3.3649078E+001, 3.0041355E+001, 2.8226567E+001, 7.4638572E+001, 8.7875600E+001, 9.6990480E+001, 1.1999722E+002, 1.4616966E+002, 1.5331292E+002, 6.8625513E+001, 7.5167284E+001, 2.7132462E+002, 2.2217113E+002, 1.5532254E+002, 1.0559466E+002, 8.5443921E+001, 1.5042050E+002, 3.0039439E+002
 1.6800008E+003, 6.7701010E+001, 6.9664819E+001, 7.5118922E+001, 8.5602998E+001, 9.4847786E+001, 6.7318115E+001, 6.7168592E+001, 6.8007552E+001, 7.6618108E+001, 8.8749530E+001, 9.9232317E+001, 7.2095608E+001, 6.5466831E+001, 6.8549429E+001, 7.4055413E+001, 8.5319636E+001, 8.8181842E+001, 7.7571623E+001, 6.3650484E+001, 6.4614041E+001, 6.7812931E+001, 7.6532614E+001, 8.0987731E+001, 6.9421976E+001, 6.2700773E+001, 6.3116026E+001, 6.3696681E+001, 6.4330222E+001, 6.6519164E+001, 5.9800079E+001, 6.8747308E+001, 7.9494384E+001, 8.7420646E+001, 8.8868207E+001, 6.3704916E+001, 6.0723618E+001, 7.2051814E+001, 8.5002774E+001, 1.1065091E+002, 1.2291677E+002, 8.0274535E+001, 6.1297151E+001, 7.3526556E+001, 8.1230062E+001, 1.0835232E+002, 1.1848138E+002, 8.7904725E+001, 6.0292481E+001, 6.3933796E+001, 6.6543097E+001, 8.7053480E+001, 9.3072510E+001, 7.3723668E+001, 6.0269039E+001, 6.0214872E+001, 6.0121212E+001, 6.1691835E+001, 6.3911739E+001, 5.9203320E+001, 7.5932050E+001, 8.8289028E+001, 8.1863269E+001, 7.9309902E+001, 1.2461381E+002, 6.4495283E+001, 1.2762779E+002, 1.5383914E+002, 1.4464154E+002, 1.1509277E+002, 1.5526661E+002, 6.1808032E+001, 1.2344558E+002, 1.9500981E+002, 1.4697567E+002, 9.7379798E+001, 1.5006514E+002, 6.9999284E+001, 1.2831209E+002, 1.2032239E+002, 9.2822214E+001, 7.1483980E+001, 6.5051357E+001, 5.7739895E+001, 6.1601243E+001, 6.2982469E+001, 6.1025546E+001, 5.7627469E+001, 6.9211034E+001, 6.6158465E+001, 6.1815052E+001, 6.1477269E+001, 6.1162358E+001, 5.9564583E+001, 5.2843001E+001, 4.3705621E+001, 3.5392025E+001, 2.9682986E+001, 2.8584125E+001, 2.8061677E+001, 2.7759870E+001, 7.6895511E+001, 6.9498864E+001, 6.0807987E+001, 6.0135881E+001, 5.8960532E+001, 5.7793209E+001, 5.3070889E+001, 4.2608347E+001, 3.3461465E+001, 3.1039101E+001, 2.9330002E+001, 2.7709455E+001, 2.7048857E+001, 6.0886126E+001, 6.0911558E+001, 6.1664095E+001, 6.1402419E+001, 6.0832602E+001, 6.0023279E+001, 5.9020011E+001, 5.6839047E+001, 2.9263666E+001, 2.8569142E+001, 2.8220631E+001, 8.1972395E+001, 8.1659812E+001, 7.9706684E+001, 7.7305959E+001, 7.4628019E+001, 6.2292311E+001, 5.2663214E+001, 4.4296218E+001, 3.5939238E+001, 3.0615840E+001, 2.8797738E+001, 7.5107726E+001, 8.8301144E+001, 9.7631060E+001, 1.2061710E+002, 1.4675232E+002, 1.5336383E+002, 6.9325665E+001, 7.5701061E+001, 3.1442392E+002, 2.3298435E+002, 1.5791289E+002, 1.1682343E+002, 9.4840262E+001, 1.8612905E+002, 3.0030110E+002
 1.7000028E+003, 6.7268388E+001, 7.0433105E+001, 7.9422505E+001, 9.1897718E+001, 9.4793093E+001, 6.7329341E+001, 6.5965585E+001, 7.0934511E+001, 8.1613388E+001, 9.2625031E+001, 9.8511163E+001, 7.3781102E+001, 6.6801957E+001, 6.7336845E+001, 7.4811131E+001, 8.6640560E+001, 9.1199849E+001, 7.3492900E+001, 6.6246403E+001, 6.4798545E+001, 6.7125074E+001, 7.3755803E+001, 7.9826770E+001, 7.3782734E+001, 6.2718235E+001, 6.3008304E+001, 6.3807438E+001, 6.6706108E+001, 7.0897448E+001, 6.0036555E+001, 6.5486433E+001, 7.8467196E+001, 9.0434230E+001, 8.8020369E+001, 6.3977377E+001, 6.0288889E+001, 6.9804902E+001, 8.8284922E+001, 1.1115462E+002, 1.2073007E+002, 8.5331594E+001, 6.1360454E+001, 8.4400137E+001, 9.9667162E+001, 1.1074376E+002, 1.1351580E+002, 9.1713393E+001, 6.1341774E+001, 7.1097814E+001, 6.8948135E+001, 7.7404305E+001, 8.4636686E+001, 7.1945017E+001, 6.1303280E+001, 6.1385208E+001, 6.1046415E+001, 6.1547710E+001, 6.6537776E+001, 5.9287151E+001, 6.9711119E+001, 8.3574705E+001, 8.6963198E+001, 8.2490432E+001, 1.1553022E+002, 6.6977469E+001, 1.5434910E+002, 1.7337358E+002, 1.4855928E+002, 1.1051011E+002, 1.6664183E+002, 6.2954994E+001, 1.2554864E+002, 1.7927700E+002, 1.3905709E+002, 9.3613685E+001, 1.2818715E+002, 7.2264494E+001, 1.3454142E+002, 1.0924869E+002, 7.9563141E+001, 6.7011966E+001, 6.6162046E+001, 5.5135086E+001, 6.2644871E+001, 7.0099019E+001, 6.2751540E+001, 5.8894292E+001, 7.4078246E+001, 6.6688105E+001, 6.2377983E+001, 6.1964207E+001, 6.1459814E+001, 6.0233376E+001, 5.5018277E+001, 4.4432168E+001, 3.4996718E+001, 2.9864668E+001, 2.8643292E+001, 2.8140007E+001, 2.7791267E+001, 8.0069793E+001, 6.7424268E+001, 6.0852332E+001, 6.1695875E+001, 5.8791315E+001, 5.8427789E+001, 5.4575781E+001, 4.4882337E+001, 3.3469247E+001, 3.1153744E+001, 2.9343904E+001, 2.7574084E+001, 2.7400445E+001, 6.1776250E+001, 6.2049153E+001, 6.2402970E+001, 6.2311395E+001, 6.1418051E+001, 6.0020870E+001, 5.8378333E+001, 5.4908580E+001, 2.9587739E+001, 2.8371741E+001, 2.8280133E+001, 8.0678349E+001, 8.0669388E+001, 8.0386692E+001, 7.9326264E+001, 7.2303398E+001, 6.3973164E+001, 5.3669345E+001, 4.3997883E+001, 3.3215000E+001, 2.9389711E+001, 2.8284764E+001, 7.5556487E+001, 8.8686408E+001, 9.8208439E+001, 1.2112150E+002, 1.4769456E+002, 1.5355260E+002, 6.9952896E+001, 7.6185888E+001, 2.9622189E+002, 2.2944773E+002, 1.5256647E+002, 1.1902552E+002, 9.4245031E+001, 1.8624728E+002, 2.9950927E+002
 1.7200371E+003, 6.5808056E+001, 6.9342604E+001, 7.6875078E+001, 8.1309765E+001, 8.5097540E+001, 6.7437250E+001, 6.4644056E+001, 7.1111225E+001, 8.2465641E+001, 9.2818085E+001, 1.0389190E+002, 7.6599884E+001, 6.3084721E+001, 7.0912818E+001, 8.0904783E+001, 9.1219400E+001, 9.7438303E+001, 8.1350013E+001, 6.2666374E+001, 6.4660578E+001, 6.9071277E+001, 7.5492945E+001, 7.9245705E+001, 7.3357935E+001, 6.2432971E+001, 6.2046572E+001, 6.2215152E+001, 6.5388798E+001, 6.8684496E+001, 5.9389931E+001, 6.3921862E+001, 7.0745980E+001, 8.0725658E+001, 8.2380159E+001, 6.1651925E+001, 6.0834914E+001, 6.9086687E+001, 8.9249880E+001, 1.0573180E+002, 1.1662893E+002, 7.7985652E+001, 6.1705872E+001, 7.5586428E+001, 1.0227182E+002, 1.1805968E+002, 1.3296838E+002, 1.0524418E+002, 6.2007964E+001, 7.2482629E+001, 8.2871647E+001, 9.0192521E+001, 8.7745197E+001, 8.2361486E+001, 6.1189074E+001, 6.2011957E+001, 6.5985666E+001, 7.0727020E+001, 7.2311261E+001, 5.5228275E+001, 6.2488351E+001, 7.5042075E+001, 8.6270206E+001, 8.2999965E+001, 9.9141129E+001, 7.4051188E+001, 1.5006209E+002, 1.4476650E+002, 1.2642747E+002, 9.8792243E+001, 1.6997566E+002, 6.8355234E+001, 1.4471893E+002, 2.0387001E+002, 1.5490514E+002, 9.8305101E+001, 1.5924203E+002, 6.9691620E+001, 1.3013553E+002, 1.3266522E+002, 9.0747337E+001, 6.8166986E+001, 6.7370289E+001, 5.4790928E+001, 6.1164335E+001, 6.5901138E+001, 6.2260143E+001, 5.7687031E+001, 7.3419714E+001, 6.9000101E+001, 6.2740596E+001, 6.1743713E+001, 6.1602322E+001, 5.9910103E+001, 5.4047221E+001, 4.3472958E+001, 3.5294031E+001, 2.9643846E+001, 2.8807795E+001, 2.8303708E+001, 2.8045684E+001, 8.4286249E+001, 7.0415686E+001, 6.2783373E+001, 6.2712379E+001, 5.9676618E+001, 5.8143008E+001, 5.5114025E+001, 4.6932829E+001, 3.4689398E+001, 3.1284406E+001, 2.9721590E+001, 2.8092414E+001, 2.7499111E+001, 6.3136152E+001, 6.4289043E+001, 6.4272429E+001, 6.3789100E+001, 6.2772049E+001, 6.1383238E+001, 5.8902662E+001, 5.3908639E+001, 2.9047978E+001, 2.8361378E+001, 2.8285805E+001, 8.4161407E+001, 8.4221747E+001, 8.3700849E+001, 8.1168072E+001, 7.4305387E+001, 5.9495876E+001, 5.2363992E+001, 4.4583066E+001, 3.3948814E+001, 2.9389835E+001, 2.8287652E+001, 7.5975392E+001, 8.9041129E+001, 9.8765831E+001, 1.2164046E+002, 1.4811915E+002, 1.5384320E+002, 7.0470544E+001, 7.6644332E+001, 3.0064422E+002, 2.3277626E+002, 1.5082170E+002, 1.0997563E+002, 8.7225117E+001, 2.0938517E+002, 2.9983357E+002
 1.7400470E+003, 6.8407697E+001, 6.8298866E+001, 7.1828092E+001, 7.6653281E+001, 8.2965516E+001, 6.7621270E+001, 6.6793989E+001, 7.0903108E+001, 7.7534116E+001, 8.6819978E+001, 1.0364955E+002, 7.7819620E+001, 6.5249615E+001, 7.2913783E+001, 8.5464089E+001, 9.3168007E+001, 9.9890411E+001, 8.7216914E+001, 6.3232439E+001, 6.6679071E+001, 7.5222654E+001, 8.3989573E+001, 8.8256112E+001, 8.2939082E+001, 6.1928082E+001, 6.2610644E+001, 6.9110610E+001, 7.8506286E+001, 8.0180974E+001, 5.9904716E+001, 6.2587345E+001, 6.6569768E+001, 7.7544780E+001, 7.7835452E+001, 6.1686447E+001, 6.1205680E+001, 7.0014519E+001, 7.5688233E+001, 1.0231989E+002, 1.2644988E+002, 8.2246654E+001, 6.1306486E+001, 7.9581405E+001, 9.3634404E+001, 1.1847225E+002, 1.2678474E+002, 1.0491136E+002, 6.1805246E+001, 7.4364778E+001, 9.0616766E+001, 1.0668440E+002, 1.0076251E+002, 8.8472196E+001, 6.1923730E+001, 6.2530775E+001, 6.6685571E+001, 7.7571465E+001, 7.7731824E+001, 5.7257480E+001, 6.1472970E+001, 7.2734002E+001, 8.6314665E+001, 7.2041951E+001, 1.0111847E+002, 6.8231276E+001, 1.5418214E+002, 1.3393930E+002, 1.3947106E+002, 1.0491368E+002, 1.7057352E+002, 6.6426825E+001, 1.3038555E+002, 1.8919018E+002, 1.5730986E+002, 8.9354764E+001, 1.7536617E+002, 7.2279056E+001, 1.4831772E+002, 1.4446629E+002, 9.6755751E+001, 7.1745053E+001, 7.0076686E+001, 5.7320980E+001, 6.7591696E+001, 7.0509474E+001, 6.5967479E+001, 6.0125086E+001, 7.4581151E+001, 7.1377200E+001, 6.3213385E+001, 6.1916967E+001, 6.1655094E+001, 6.0325073E+001, 5.3781903E+001, 4.4810430E+001, 3.5467818E+001, 2.9681171E+001, 2.8964549E+001, 2.8407330E+001, 2.8146850E+001, 8.2836892E+001, 6.9458484E+001, 6.3170414E+001, 6.2131800E+001, 5.9250150E+001, 5.8416916E+001, 5.3541694E+001, 4.2671620E+001, 3.3580448E+001, 3.1103751E+001, 3.0151924E+001, 2.8350778E+001, 2.7277571E+001, 6.2516006E+001, 6.3432257E+001, 6.4426000E+001, 6.4314238E+001, 6.3429373E+001, 6.2025044E+001, 6.0602062E+001, 4.8224374E+001, 3.0224456E+001, 2.8406472E+001, 2.8315200E+001, 8.0383349E+001, 8.0542884E+001, 8.0522525E+001, 7.5828118E+001, 6.3038439E+001, 5.8135903E+001, 5.2871349E+001, 4.4964961E+001, 3.5376531E+001, 3.0398410E+001, 2.8498530E+001, 7.6424285E+001, 8.9381266E+001, 9.9321534E+001, 1.2214726E+002, 1.4837153E+002, 1.5414677E+002, 7.0974715E+001, 7.7071741E+001, 3.0726987E+002, 2.4407729E+002, 1.5012683E+002, 1.0067052E+002, 8.9439836E+001, 1.4948917E+002, 2.9673616E+002
 1.7600514E+003, 6.9279645E+001, 6.8630480E+001, 7.3895010E+001, 7.6327399E+001, 8.3355608E+001, 6.7820686E+001, 6.8308952E+001, 6.7216154E+001, 7.5426305E+001, 9.1438224E+001, 9.9885380E+001, 6.9866899E+001, 6.3172503E+001, 6.5906748E+001, 7.5727934E+001, 9.7454505E+001, 1.0492151E+002, 8.4267380E+001, 6.2314259E+001, 6.5960430E+001, 7.2440108E+001, 8.3080481E+001, 8.1980390E+001, 7.7439708E+001, 6.2137908E+001, 6.3340301E+001, 6.8031559E+001, 7.5145490E+001, 7.3436919E+001, 6.0927951E+001, 6.4471375E+001, 7.0809319E+001, 7.8602485E+001, 8.8678862E+001, 6.3551499E+001, 6.1976952E+001, 6.8532120E+001, 8.9226860E+001, 1.0066871E+002, 1.2292443E+002, 8.7726894E+001, 6.2423113E+001, 7.4772611E+001, 1.0641644E+002, 1.2021306E+002, 1.3102011E+002, 1.0683124E+002, 6.1731405E+001, 7.5880913E+001, 8.3704284E+001, 9.0677600E+001, 8.5789204E+001, 7.8174956E+001, 6.1743476E+001, 6.3484114E+001, 6.5150718E+001, 6.9357289E+001, 6.9181833E+001, 5.6223346E+001, 6.6459454E+001, 7.7647241E+001, 9.4239375E+001, 8.4357447E+001, 1.0534529E+002, 6.8653311E+001, 1.5601361E+002, 1.4694398E+002, 1.2867317E+002, 1.0314654E+002, 1.8197059E+002, 7.1144531E+001, 1.5742276E+002, 2.0793423E+002, 1.6956006E+002, 1.0161839E+002, 1.5965019E+002, 7.0794961E+001, 1.2195410E+002, 1.0479795E+002, 9.1731510E+001, 7.0261729E+001, 6.4319009E+001, 5.7280686E+001, 6.0059674E+001, 5.9906264E+001, 5.8482359E+001, 5.7191867E+001, 7.3851636E+001, 6.9192216E+001, 6.2991095E+001, 6.2225550E+001, 6.2027157E+001, 6.0128051E+001, 5.2524064E+001, 4.5839093E+001, 3.4466142E+001, 2.9993778E+001, 2.9010796E+001, 2.8530441E+001, 2.8320608E+001, 8.2474160E+001, 7.0971632E+001, 6.3088963E+001, 6.3326931E+001, 6.1507074E+001, 5.9131404E+001, 5.5106318E+001, 4.4458760E+001, 3.4978188E+001, 3.1298137E+001, 3.0351218E+001, 2.8484847E+001, 2.6647053E+001, 6.1806365E+001, 6.2472186E+001, 6.3951084E+001, 6.3887560E+001, 6.2600634E+001, 6.0912569E+001, 5.9100258E+001, 4.5386696E+001, 3.3397505E+001, 2.8472315E+001, 2.8363732E+001, 8.2495406E+001, 8.2154051E+001, 8.0872963E+001, 7.8079679E+001, 6.5157645E+001, 5.8222469E+001, 5.4661333E+001, 4.7311367E+001, 3.5893656E+001, 2.9286414E+001, 2.8140119E+001, 7.6871364E+001, 8.9725015E+001, 9.9888681E+001, 1.2261954E+002, 1.4825175E+002, 1.5463239E+002, 7.1525777E+001, 7.7491026E+001, 2.8837706E+002, 2.2343645E+002, 1.5572765E+002, 1.0797880E+002, 7.9444048E+001, 1.4180846E+002, 3.0006978E+002
 1.7800612E+003, 6.9642993E+001, 7.4115901E+001, 7.5474649E+001, 8.0811718E+001, 8.7440376E+001, 7.2801498E+001, 7.0482866E+001, 7.1422515E+001, 7.4724951E+001, 8.7409576E+001, 9.0987711E+001, 7.2968605E+001, 6.5780446E+001, 6.7796388E+001, 7.9796437E+001, 9.6821936E+001, 9.1476461E+001, 8.6733574E+001, 6.3546187E+001, 6.6544594E+001, 7.7840097E+001, 8.5341926E+001, 8.9970514E+001, 8.4000041E+001, 6.4961024E+001, 6.5935698E+001, 6.8985993E+001, 7.6331985E+001, 7.9186493E+001, 6.2377829E+001, 7.0921727E+001, 7.4651750E+001, 8.0307287E+001, 9.3393469E+001, 6.9020798E+001, 6.4286979E+001, 7.0811453E+001, 8.7059298E+001, 9.6366710E+001, 1.1285911E+002, 7.6816024E+001, 6.1414301E+001, 7.2815814E+001, 1.0423635E+002, 1.1671639E+002, 1.0914905E+002, 1.0532622E+002, 6.0691966E+001, 6.9673958E+001, 8.3770564E+001, 9.4783422E+001, 9.4887225E+001, 8.2308542E+001, 6.1984404E+001, 6.2609837E+001, 6.4160494E+001, 6.5799952E+001, 6.8425824E+001, 5.4550813E+001, 6.9280646E+001, 7.9629623E+001, 9.4686093E+001, 8.7350191E+001, 1.0691035E+002, 6.5463277E+001, 1.4641668E+002, 1.5290402E+002, 1.4477305E+002, 1.0810393E+002, 1.7162111E+002, 6.9348554E+001, 1.5679809E+002, 1.9297061E+002, 1.4915899E+002, 1.0901856E+002, 1.4034603E+002, 7.1659050E+001, 1.2294896E+002, 1.1053846E+002, 9.4842641E+001, 8.0269175E+001, 7.1492718E+001, 5.6302291E+001, 5.7962583E+001, 5.8996108E+001, 5.9306536E+001, 5.9344065E+001, 7.2253416E+001, 6.9875517E+001, 6.4072960E+001, 6.2656379E+001, 6.2374882E+001, 5.9792400E+001, 5.2893770E+001, 4.6195480E+001, 3.4182195E+001, 2.9839550E+001, 2.8999219E+001, 2.8718321E+001, 2.8273599E+001, 8.2688780E+001, 7.3291732E+001, 6.3095742E+001, 6.3828304E+001, 6.1299870E+001, 5.9338643E+001, 5.4915625E+001, 4.6020209E+001, 3.5290603E+001, 3.1377360E+001, 3.0435013E+001, 2.7644265E+001, 2.7192127E+001, 6.1987019E+001, 6.4206363E+001, 6.4694012E+001, 6.4651008E+001, 6.4148270E+001, 6.3019545E+001, 6.0648525E+001, 4.4497944E+001, 3.0817279E+001, 2.8508732E+001, 2.8401697E+001, 8.0857348E+001, 8.0526127E+001, 7.9032819E+001, 7.6496240E+001, 6.7859961E+001, 5.9040344E+001, 5.5478420E+001, 4.4632780E+001, 3.4207222E+001, 3.0201226E+001, 2.8547922E+001, 7.7265776E+001, 9.0043127E+001, 1.0039284E+002, 1.2310399E+002, 1.4826426E+002, 1.5494096E+002, 7.2047097E+001, 7.7913778E+001, 2.8010049E+002, 2.3978756E+002, 1.5199313E+002, 1.1556881E+002, 8.7715941E+001, 1.6052705E+002, 3.0073746E+002
 1.8000748E+003, 6.8429762E+001, 6.9674637E+001, 7.1562083E+001, 7.6013499E+001, 7.9680955E+001, 6.9065293E+001, 6.7562576E+001, 7.0803165E+001, 7.7424846E+001, 8.5939417E+001, 9.2305258E+001, 7.4791011E+001, 6.5833355E+001, 6.8062417E+001, 8.2616995E+001, 9.6527462E+001, 1.0205118E+002, 8.9435216E+001, 6.4623226E+001, 6.5046545E+001, 7.6635785E+001, 7.8923303E+001, 8.8463166E+001, 7.6607690E+001, 6.4555545E+001, 6.4302275E+001, 6.7402807E+001, 7.0891844E+001, 7.2534043E+001, 5.8700874E+001, 6.4238522E+001, 6.6797208E+001, 6.8922959E+001, 8.4182746E+001, 6.1769029E+001, 6.0500571E+001, 7.0848572E+001, 8.4515923E+001, 8.9751776E+001, 1.1382158E+002, 8.7231581E+001, 6.1347164E+001, 7.5375421E+001, 1.0357867E+002, 1.2461938E+002, 1.2913665E+002, 1.1199856E+002, 6.0335516E+001, 6.8843880E+001, 8.5564826E+001, 8.6235209E+001, 8.2417286E+001, 6.8829449E+001, 6.1602514E+001, 6.2414570E+001, 6.6083336E+001, 6.4406870E+001, 6.4228513E+001, 5.6662099E+001, 6.8802713E+001, 7.3297598E+001, 8.6686400E+001, 7.9029160E+001, 1.0751724E+002, 6.5897687E+001, 1.5561747E+002, 1.4978572E+002, 1.3848587E+002, 1.1175857E+002, 1.6235851E+002, 6.5882416E+001, 1.3281280E+002, 1.9393048E+002, 1.5239333E+002, 9.7406304E+001, 1.5934401E+002, 7.1100044E+001, 1.3467895E+002, 1.1810286E+002, 9.4218489E+001, 8.2531483E+001, 7.1351312E+001, 5.5822535E+001, 5.9216226E+001, 5.8664742E+001, 5.7839095E+001, 5.9137086E+001, 7.3834304E+001, 6.9516780E+001, 6.3810507E+001, 6.3149124E+001, 6.2433349E+001, 6.0582594E+001, 5.4840486E+001, 4.5070478E+001, 3.4788116E+001, 2.9777522E+001, 2.9010468E+001, 2.8920258E+001, 2.8447042E+001, 7.9323410E+001, 6.9678962E+001, 6.4114147E+001, 6.4118450E+001, 6.0048726E+001, 5.9142584E+001, 5.5059998E+001, 4.5369520E+001, 3.4508848E+001, 3.1372434E+001, 3.0515827E+001, 2.8692700E+001, 2.7848118E+001, 6.2180028E+001, 6.5036039E+001, 6.5756515E+001, 6.4918639E+001, 6.3683175E+001, 6.2105581E+001, 6.0643898E+001, 4.0523212E+001, 3.0824582E+001, 2.8659025E+001, 2.8464926E+001, 7.8934532E+001, 7.9324194E+001, 7.8693012E+001, 7.6705095E+001, 7.1083375E+001, 5.9518578E+001, 5.4584223E+001, 4.3166244E+001, 3.4919539E+001, 3.1890154E+001, 2.9010782E+001, 7.7637000E+001, 9.0375619E+001, 1.0087754E+002, 1.2349872E+002, 1.4900727E+002, 1.5512746E+002, 7.2518006E+001, 7.8319371E+001, 2.9987169E+002, 2.3639445E+002, 1.6325727E+002, 1.2555171E+002, 1.0496841E+002, 1.8034478E+002, 2.9845883E+002
 1.8200294E+003, 6.7631891E+001, 7.0218951E+001, 7.4366466E+001, 7.8358742E+001, 8.1103973E+001, 6.7895892E+001, 6.8021565E+001, 6.9851319E+001, 7.5184439E+001, 8.4351383E+001, 1.0031620E+002, 7.1716695E+001, 6.7285473E+001, 6.8498955E+001, 7.7667643E+001, 8.8002822E+001, 9.8111220E+001, 8.2854056E+001, 6.3895321E+001, 6.7170391E+001, 7.4338732E+001, 7.8457486E+001, 8.7775183E+001, 7.7020524E+001, 6.4048499E+001, 6.7416911E+001, 6.8703162E+001, 7.0157315E+001, 7.5545251E+001, 6.2479469E+001, 6.6756332E+001, 6.8845253E+001, 8.1370243E+001, 8.9726813E+001, 6.4791058E+001, 6.2398918E+001, 7.4105562E+001, 8.1567208E+001, 1.0085218E+002, 1.2495466E+002, 8.1123826E+001, 6.2700972E+001, 7.5431681E+001, 9.5982099E+001, 1.0512376E+002, 1.2278772E+002, 1.0497868E+002, 6.2101879E+001, 6.5726748E+001, 8.9813365E+001, 9.5036260E+001, 9.6205035E+001, 8.6092166E+001, 6.2212217E+001, 6.2227456E+001, 6.5527911E+001, 6.7277015E+001, 7.4136453E+001, 5.8262798E+001, 6.4489253E+001, 8.1765904E+001, 8.7401428E+001, 7.6778036E+001, 1.0233904E+002, 7.0451907E+001, 1.4630619E+002, 1.4588149E+002, 1.4626022E+002, 1.1004046E+002, 1.7470356E+002, 7.1809603E+001, 1.5004224E+002, 2.1327130E+002, 1.7795726E+002, 1.1624513E+002, 1.7872935E+002, 7.1621098E+001, 1.4431325E+002, 1.4226582E+002, 1.1345551E+002, 8.5654295E+001, 7.8517489E+001, 5.8652025E+001, 6.2250399E+001, 6.2694605E+001, 6.3643519E+001, 6.1223732E+001, 7.5781351E+001, 6.9993254E+001, 6.4815734E+001, 6.3236127E+001, 6.2367309E+001, 6.0731824E+001, 5.3330234E+001, 4.4746871E+001, 3.5844928E+001, 3.0390959E+001, 2.9108368E+001, 2.9085619E+001, 2.8584047E+001, 8.2905706E+001, 6.8346856E+001, 6.4388008E+001, 6.2025806E+001, 6.0175355E+001, 5.9438780E+001, 5.6276031E+001, 4.7010555E+001, 3.5182130E+001, 3.1572792E+001, 3.0392017E+001, 2.8617431E+001, 2.7901309E+001, 6.2615194E+001, 6.4187062E+001, 6.5402296E+001, 6.5183129E+001, 6.4404396E+001, 6.2674394E+001, 5.9602506E+001, 4.4630670E+001, 3.0591780E+001, 2.8971110E+001, 2.8630252E+001, 8.2015300E+001, 8.1446310E+001, 8.0426440E+001, 7.7594376E+001, 6.5741929E+001, 5.7939059E+001, 5.5226996E+001, 4.4956503E+001, 3.4463039E+001, 2.9643607E+001, 2.8275487E+001, 7.8034583E+001, 9.0760105E+001, 1.0133885E+002, 1.2384073E+002, 1.5043238E+002, 1.5655012E+002, 7.2966610E+001, 7.8712785E+001, 3.6164857E+002, 2.7824261E+002, 1.7037720E+002, 1.2285040E+002, 1.1033727E+002, 1.9597025E+002, 3.0071810E+002
 1.8400220E+003, 6.8824315E+001, 7.2307436E+001, 7.6537228E+001, 8.6497473E+001, 8.8846718E+001, 7.0023013E+001, 6.9296712E+001, 7.4197051E+001, 8.3025615E+001, 9.4319830E+001, 1.1294473E+002, 8.2022574E+001, 6.9110626E+001, 7.6310866E+001, 9.4389704E+001, 1.1008300E+002, 1.2053236E+002, 1.0294313E+002, 6.8323752E+001, 7.3365736E+001, 8.7660200E+001, 9.6346988E+001, 1.0741307E+002, 9.1488849E+001, 6.7302561E+001, 6.7675769E+001, 7.1559563E+001, 7.6648340E+001, 8.6657670E+001, 5.9346816E+001, 6.5875957E+001, 7.3635870E+001, 8.6995906E+001, 9.5507054E+001, 6.4549462E+001, 6.2525877E+001, 7.2236619E+001, 9.4365558E+001, 1.1617853E+002, 1.5168150E+002, 8.7206489E+001, 6.4884713E+001, 7.9859734E+001, 1.1303232E+002, 1.5061783E+002, 1.9629035E+002, 1.3996146E+002, 6.5383589E+001, 8.1239196E+001, 1.1228406E+002, 1.2660009E+002, 1.3561233E+002, 1.0500688E+002, 6.3132651E+001, 6.4818262E+001, 6.9685636E+001, 7.7636280E+001, 9.3628522E+001, 5.9380575E+001, 7.4347989E+001, 9.7794992E+001, 9.8990631E+001, 8.6869177E+001, 1.2104909E+002, 7.0297994E+001, 1.7852989E+002, 2.4136767E+002, 2.4204060E+002, 1.6823010E+002, 2.3324625E+002, 6.9466184E+001, 1.6786901E+002, 2.8435699E+002, 2.7960443E+002, 1.6941048E+002, 2.6812451E+002, 7.5085747E+001, 2.2227469E+002, 2.0551532E+002, 1.4258832E+002, 1.0832655E+002, 9.1271521E+001, 6.0518216E+001, 6.8860035E+001, 7.3030214E+001, 7.5321750E+001, 6.3201621E+001, 7.7850195E+001, 7.0664235E+001, 6.5499152E+001, 6.3252866E+001, 6.2609337E+001, 6.1223142E+001, 5.4600931E+001, 4.5450769E+001, 3.8696339E+001, 3.1216695E+001, 2.9186032E+001, 2.9146563E+001, 2.8652473E+001, 9.5607533E+001, 7.0832395E+001, 6.4771380E+001, 6.1230961E+001, 6.0778108E+001, 5.9761739E+001, 5.6805705E+001, 4.5120579E+001, 3.4968614E+001, 3.1882736E+001, 3.0599402E+001, 2.8822789E+001, 2.8009884E+001, 6.2255700E+001, 6.5211786E+001, 6.6018237E+001, 6.5430244E+001, 6.4548245E+001, 6.3443314E+001, 6.0313855E+001, 4.6527298E+001, 3.0130920E+001, 2.9128756E+001, 2.8913161E+001, 8.6852417E+001, 8.5975462E+001, 8.4156968E+001, 8.1185749E+001, 7.6267312E+001, 6.9018972E+001, 5.6343020E+001, 4.6027090E+001, 3.6117739E+001, 2.9978534E+001, 2.8322627E+001, 7.8793566E+001, 9.1460666E+001, 1.0227222E+002, 1.2471035E+002, 1.5788897E+002, 1.6209852E+002, 7.3764409E+001, 7.9325920E+001, 5.3706167E+002, 4.4118247E+002, 2.9080606E+002, 1.8342079E+002, 1.4504460E+002, 2.8111428E+002, 3.2381543E+002
 1.8600081E+003, 7.0961183E+001, 7.3227598E+001, 8.3675785E+001, 9.4389184E+001, 1.0800214E+002, 7.1537038E+001, 7.1402341E+001, 7.4122984E+001, 8.8322995E+001, 1.1160291E+002, 1.2933139E+002, 8.1912121E+001, 7.2264560E+001, 7.8232428E+001, 1.0210941E+002, 1.2543093E+002, 1.4196496E+002, 1.0795537E+002, 6.9347120E+001, 7.7030018E+001, 9.1355493E+001, 1.0727459E+002, 1.2727994E+002, 1.0699995E+002, 6.8048499E+001, 6.9639080E+001, 7.3825246E+001, 9.2484514E+001, 1.0698232E+002, 6.0624679E+001, 6.4600658E+001, 7.5889002E+001, 9.2927442E+001, 1.0884926E+002, 6.3919250E+001, 6.2581342E+001, 7.5975630E+001, 1.0491752E+002, 1.3794963E+002, 1.6600440E+002, 9.8009611E+001, 6.3484763E+001, 7.1797312E+001, 1.2437201E+002, 1.7391292E+002, 1.9531507E+002, 1.6481208E+002, 6.2438452E+001, 8.3183764E+001, 1.4213104E+002, 1.6279337E+002, 1.6017571E+002, 1.2031742E+002, 6.3726684E+001, 7.3589766E+001, 8.5877659E+001, 9.4095313E+001, 1.0180380E+002, 6.2212106E+001, 7.9063056E+001, 1.0074092E+002, 1.0562808E+002, 9.8914868E+001, 1.3911697E+002, 8.6178793E+001, 2.4077643E+002, 2.5600979E+002, 2.4279215E+002, 1.7198922E+002, 2.8374582E+002, 7.5691840E+001, 2.2476156E+002, 3.4389141E+002, 2.7630426E+002, 1.6312601E+002, 3.0416542E+002, 7.7823329E+001, 2.9775316E+002, 2.6933702E+002, 1.7723721E+002, 1.1816406E+002, 1.0566181E+002, 5.7960828E+001, 7.5092579E+001, 8.1010714E+001, 7.9364127E+001, 7.0680003E+001, 8.5043921E+001, 7.3422598E+001, 6.5592502E+001, 6.3805843E+001, 6.2974557E+001, 6.2147293E+001, 5.7150893E+001, 4.6251281E+001, 3.7349270E+001, 3.0740272E+001, 2.9576501E+001, 2.9099319E+001, 2.8881166E+001, 1.0564219E+002, 7.7467372E+001, 6.4607330E+001, 6.1997547E+001, 6.1258318E+001, 5.9976465E+001, 5.7176846E+001, 4.6344501E+001, 3.5433783E+001, 3.2191873E+001, 3.0244183E+001, 2.9133185E+001, 2.8037124E+001, 6.2576144E+001, 6.3245800E+001, 6.3364840E+001, 6.3194585E+001, 6.2638471E+001, 6.1702372E+001, 5.9609199E+001, 4.8274679E+001, 3.2703146E+001, 2.9239886E+001, 2.9075492E+001, 9.8590420E+001, 9.8401712E+001, 9.7433631E+001, 9.5216181E+001, 8.5181528E+001, 7.1998463E+001, 5.6022135E+001, 4.4915538E+001, 3.5157715E+001, 3.1225081E+001, 2.8894005E+001, 8.0273383E+001, 9.2556089E+001, 1.0443789E+002, 1.2652896E+002, 1.6712149E+002, 1.6759619E+002, 7.5028586E+001, 8.0292478E+001, 6.6767135E+002, 5.0844584E+002, 2.6788714E+002, 1.6927682E+002, 1.4565579E+002, 3.0443989E+002, 3.5075365E+002
 1.8800234E+003, 7.5528285E+001, 8.1352589E+001, 9.4638195E+001, 1.0932097E+002, 1.2128412E+002, 7.8917935E+001, 7.4596930E+001, 8.2133381E+001, 9.8828456E+001, 1.2068742E+002, 1.3807809E+002, 8.5892999E+001, 7.5437460E+001, 7.8322609E+001, 9.4864549E+001, 1.1570955E+002, 1.3409399E+002, 1.0016711E+002, 7.4489163E+001, 7.9036525E+001, 8.7144014E+001, 1.0049066E+002, 1.0938957E+002, 9.4035277E+001, 7.1823953E+001, 7.4111680E+001, 7.7384782E+001, 8.8194807E+001, 9.3698909E+001, 6.3774463E+001, 8.0993756E+001, 1.1062054E+002, 1.1206418E+002, 1.2864171E+002, 7.4270977E+001, 6.4910324E+001, 8.7020861E+001, 1.3055088E+002, 1.7018262E+002, 2.0495228E+002, 9.9508752E+001, 6.4991795E+001, 7.5924607E+001, 1.2261635E+002, 1.5478858E+002, 1.8813376E+002, 1.2484284E+002, 6.4726983E+001, 8.5142583E+001, 1.0341638E+002, 1.2525929E+002, 1.2502443E+002, 9.6007315E+001, 6.4726810E+001, 6.8005086E+001, 7.0507080E+001, 7.6098276E+001, 7.7398108E+001, 6.2017126E+001, 9.3199476E+001, 1.1654982E+002, 1.3026050E+002, 1.0756100E+002, 1.7743263E+002, 8.3062271E+001, 2.7197840E+002, 3.3325080E+002, 3.0318402E+002, 1.9330793E+002, 2.8580524E+002, 7.8331777E+001, 2.1828296E+002, 3.3439056E+002, 2.6220529E+002, 1.7686100E+002, 2.3895133E+002, 7.7862780E+001, 2.1276177E+002, 1.8022574E+002, 1.2640978E+002, 1.0200678E+002, 8.0622735E+001, 5.9063105E+001, 7.1557336E+001, 7.4987167E+001, 6.9872152E+001, 6.4011821E+001, 9.5986837E+001, 7.5331679E+001, 6.5736497E+001, 6.4908492E+001, 6.3772355E+001, 6.3204453E+001, 5.8913314E+001, 4.8731340E+001, 3.7225504E+001, 3.0556269E+001, 2.9532429E+001, 2.9159852E+001, 2.9017186E+001, 1.1012679E+002, 8.8952914E+001, 6.5236778E+001, 6.5052008E+001, 6.2325429E+001, 6.0559178E+001, 5.8020097E+001, 5.0455044E+001, 3.7181049E+001, 3.2777673E+001, 3.0567891E+001, 2.9162134E+001, 2.8027470E+001, 7.1485987E+001, 7.3559736E+001, 7.2579888E+001, 7.0116799E+001, 6.7872696E+001, 6.6135566E+001, 6.3891644E+001, 5.9008717E+001, 3.2201460E+001, 2.9276249E+001, 2.9167884E+001, 9.8896505E+001, 9.8606770E+001, 9.7286071E+001, 9.3063518E+001, 7.2635617E+001, 6.2077553E+001, 5.5888002E+001, 4.6539275E+001, 3.5941413E+001, 3.1336542E+001, 2.9275127E+001, 8.2274538E+001, 9.3892782E+001, 1.0775526E+002, 1.2899560E+002, 1.7579524E+002, 1.7273678E+002, 7.6638970E+001, 8.1453575E+001, 5.9016718E+002, 4.9642341E+002, 2.9951332E+002, 1.7187258E+002, 1.0937386E+002, 2.4213481E+002, 3.7572287E+002
 1.9000082E+003, 7.7142882E+001, 7.8852452E+001, 8.7087194E+001, 9.8641215E+001, 1.1679881E+002, 7.7770516E+001, 7.5027672E+001, 8.0800907E+001, 9.8638759E+001, 1.2003078E+002, 1.4919485E+002, 9.3385047E+001, 7.1742503E+001, 8.4746277E+001, 9.8532339E+001, 1.0844845E+002, 1.3150854E+002, 9.7029552E+001, 7.1103219E+001, 7.4600479E+001, 8.1176380E+001, 9.6402956E+001, 1.1546561E+002, 9.3636645E+001, 6.9931151E+001, 7.1684312E+001, 7.6325503E+001, 8.1564865E+001, 8.5910183E+001, 6.4259130E+001, 7.1633446E+001, 8.8821946E+001, 8.6191271E+001, 1.0408124E+002, 6.8307308E+001, 6.6592592E+001, 8.1212174E+001, 1.1830233E+002, 1.6382985E+002, 1.8659471E+002, 1.0032379E+002, 6.6851050E+001, 8.9996974E+001, 1.2380315E+002, 1.7811251E+002, 1.9896534E+002, 1.3147597E+002, 6.5891702E+001, 9.5135853E+001, 1.0310978E+002, 1.2280918E+002, 1.2968384E+002, 9.4246243E+001, 6.4435023E+001, 6.9013859E+001, 7.3845582E+001, 7.8414025E+001, 7.6295489E+001, 6.4728808E+001, 8.9276561E+001, 1.0336011E+002, 1.0766238E+002, 1.0761675E+002, 1.4664631E+002, 8.2774437E+001, 2.2132726E+002, 2.7818059E+002, 2.5454008E+002, 1.6448472E+002, 2.8024628E+002, 8.1273843E+001, 2.0319415E+002, 3.4745301E+002, 3.2981431E+002, 2.1876801E+002, 3.0560170E+002, 8.1829483E+001, 2.4011288E+002, 2.1218820E+002, 1.5573467E+002, 1.1984375E+002, 1.0419807E+002, 6.2451746E+001, 7.9640402E+001, 8.0520149E+001, 8.0531903E+001, 7.4182601E+001, 9.5801103E+001, 7.5632354E+001, 6.6954681E+001, 6.6075696E+001, 6.5033366E+001, 6.3552054E+001, 5.9786974E+001, 5.2313642E+001, 3.9370528E+001, 3.0898166E+001, 2.9791699E+001, 2.9278480E+001, 2.9057609E+001, 1.1386528E+002, 9.3294284E+001, 6.7278613E+001, 6.7511953E+001, 6.6303743E+001, 6.1495472E+001, 5.9390377E+001, 4.8362770E+001, 3.6141306E+001, 3.3359590E+001, 3.0898425E+001, 2.9299060E+001, 2.7938983E+001, 7.3411676E+001, 7.4366178E+001, 7.4787564E+001, 7.3757572E+001, 7.0962589E+001, 6.8177489E+001, 6.5350913E+001, 4.6535178E+001, 2.9961849E+001, 2.9310823E+001, 2.9110888E+001, 1.0564860E+002, 1.0619249E+002, 1.0544593E+002, 1.0000678E+002, 7.6796910E+001, 6.2443793E+001, 5.8118923E+001, 4.9253845E+001, 3.9000487E+001, 3.2580320E+001, 2.9894305E+001, 8.4656976E+001, 9.5485219E+001, 1.1215466E+002, 1.3221558E+002, 1.8435340E+002, 1.7816876E+002, 7.8724254E+001, 8.2822899E+001, 5.9987685E+002, 5.1400182E+002, 3.6137514E+002, 2.2406368E+002, 2.0107569E+002, 3.4017106E+002, 3.9853420E+002
 1.9200283E+003, 8.0799090E+001, 8.2179732E+001, 8.3330930E+001, 1.0868457E+002, 1.3132122E+002, 8.2133936E+001, 8.2150667E+001, 8.3460052E+001, 9.3477521E+001, 1.1120316E+002, 1.4326462E+002, 9.1320531E+001, 7.4825420E+001, 8.0556192E+001, 9.9726302E+001, 1.1503073E+002, 1.4180241E+002, 1.0813983E+002, 7.2111917E+001, 7.9608168E+001, 9.5195971E+001, 1.2071801E+002, 1.2700084E+002, 1.0645538E+002, 7.1257005E+001, 7.3753469E+001, 7.8513281E+001, 8.6672379E+001, 9.8214414E+001, 6.5545359E+001, 7.4772806E+001, 8.4166610E+001, 1.1497370E+002, 1.2516041E+002, 6.9122893E+001, 6.7874414E+001, 7.9638541E+001, 1.1515888E+002, 1.5609885E+002, 1.8594979E+002, 9.8894025E+001, 6.7145278E+001, 7.5106958E+001, 1.2987245E+002, 1.7162951E+002, 2.0266115E+002, 1.6423591E+002, 6.5997610E+001, 8.7150136E+001, 1.2398898E+002, 1.5613976E+002, 1.4905770E+002, 1.1615937E+002, 6.5506158E+001, 7.1114308E+001, 7.5337198E+001, 8.4406998E+001, 9.2192786E+001, 6.4401060E+001, 8.3312558E+001, 1.1445874E+002, 1.2348759E+002, 9.8721234E+001, 1.4875094E+002, 8.8927948E+001, 2.2705112E+002, 2.4815159E+002, 2.6500419E+002, 1.8866113E+002, 2.8964266E+002, 9.0102854E+001, 2.2953687E+002, 3.5545017E+002, 3.0478577E+002, 1.9356263E+002, 3.0301321E+002, 9.2044922E+001, 2.8254262E+002, 2.3882298E+002, 1.6158566E+002, 1.1422160E+002, 1.0459878E+002, 6.2214356E+001, 7.2434116E+001, 8.1462889E+001, 8.5768101E+001, 7.1855720E+001, 9.6707003E+001, 8.2774425E+001, 7.1736092E+001, 6.7757646E+001, 6.6631192E+001, 6.5461876E+001, 6.2316255E+001, 5.1272779E+001, 4.0007181E+001, 3.0867077E+001, 3.0059159E+001, 2.9698761E+001, 2.9177055E+001, 1.0973163E+002, 8.9614240E+001, 7.2208974E+001, 6.8899344E+001, 6.8764814E+001, 6.3143054E+001, 5.8149366E+001, 4.5873905E+001, 3.5663580E+001, 3.3334052E+001, 3.0725980E+001, 2.9791506E+001, 2.8428281E+001, 7.3249237E+001, 7.4551027E+001, 7.5755249E+001, 7.5424807E+001, 7.3956006E+001, 7.2313177E+001, 6.8682592E+001, 4.8842533E+001, 3.4030170E+001, 2.9602774E+001, 2.9202675E+001, 1.1258381E+002, 1.1112643E+002, 1.0793192E+002, 1.0464505E+002, 8.1931529E+001, 6.4992795E+001, 5.9757633E+001, 5.1590126E+001, 3.9919987E+001, 3.3431496E+001, 2.9342513E+001, 8.7601645E+001, 9.7312587E+001, 1.1731001E+002, 1.3569806E+002, 1.9264290E+002, 1.8265800E+002, 8.0994083E+001, 8.4328194E+001, 6.6663451E+002, 5.0694717E+002, 2.9017771E+002, 1.8116221E+002, 1.4995321E+002, 2.4252759E+002, 4.1039458E+002
 1.9400130E+003, 8.2624737E+001, 7.9920900E+001, 9.4085541E+001, 1.0602675E+002, 1.2770882E+002, 8.3636611E+001, 9.0694678E+001, 8.5923623E+001, 1.0033693E+002, 1.1948633E+002, 1.4416472E+002, 9.0470229E+001, 8.7904462E+001, 8.6017953E+001, 1.0930147E+002, 1.3217002E+002, 1.5016586E+002, 1.2823535E+002, 7.5507016E+001, 8.2385712E+001, 1.0766372E+002, 1.1787297E+002, 1.2494323E+002, 1.0933555E+002, 7.2762644E+001, 7.5464347E+001, 7.9641224E+001, 8.6413828E+001, 9.9314727E+001, 6.7602897E+001, 7.3617747E+001, 9.7322775E+001, 1.1380712E+002, 1.5798175E+002, 6.9430362E+001, 6.8740372E+001, 7.7141916E+001, 1.2936152E+002, 1.5131720E+002, 1.8011710E+002, 9.2197871E+001, 6.8235247E+001, 7.9979171E+001, 1.3465867E+002, 1.8283926E+002, 1.9972924E+002, 1.6457760E+002, 6.7279874E+001, 8.6199623E+001, 1.3588964E+002, 1.4508966E+002, 1.3678154E+002, 1.1454932E+002, 6.6979984E+001, 7.2165972E+001, 8.0023404E+001, 8.0185562E+001, 9.2130346E+001, 6.3351782E+001, 8.1018951E+001, 1.3192020E+002, 1.5171064E+002, 1.1469228E+002, 1.5772908E+002, 9.4415746E+001, 2.6977580E+002, 3.0759300E+002, 2.8481664E+002, 1.8970262E+002, 2.9801650E+002, 9.0253623E+001, 2.2685229E+002, 3.4471339E+002, 2.9667938E+002, 1.8324642E+002, 2.9397779E+002, 9.4008621E+001, 2.4529209E+002, 2.1182224E+002, 1.6247275E+002, 1.2039024E+002, 1.0572035E+002, 6.1281117E+001, 7.0552769E+001, 7.5877543E+001, 7.9614856E+001, 7.8590405E+001, 9.5898045E+001, 8.9591729E+001, 7.5342683E+001, 7.0944931E+001, 6.8890936E+001, 6.6593379E+001, 6.4123634E+001, 5.0253676E+001, 3.9922218E+001, 3.1032420E+001, 3.0329446E+001, 2.9900341E+001, 2.9223640E+001, 1.1206411E+002, 8.7545317E+001, 7.5956137E+001, 7.2554812E+001, 6.9327757E+001, 6.4105938E+001, 5.9491212E+001, 5.2339539E+001, 4.0266959E+001, 3.3591473E+001, 3.1237852E+001, 2.9494682E+001, 2.8213028E+001, 7.7333257E+001, 8.0152911E+001, 8.0670272E+001, 7.9091930E+001, 7.6448488E+001, 7.4124019E+001, 6.6570846E+001, 5.0911253E+001, 4.2866029E+001, 3.1038198E+001, 2.9316033E+001, 1.1427494E+002, 1.1369874E+002, 1.1017880E+002, 1.0512860E+002, 8.3914020E+001, 6.4274916E+001, 6.0291900E+001, 5.1357650E+001, 3.8179365E+001, 3.2457464E+001, 2.9788217E+001, 9.0791868E+001, 9.9237154E+001, 1.2286918E+002, 1.3904037E+002, 1.9898331E+002, 1.8655253E+002, 8.3560641E+001, 8.5931829E+001, 6.4071444E+002, 5.5857375E+002, 3.3251777E+002, 1.8792636E+002, 1.6201542E+002, 3.2896411E+002, 4.1657241E+002
 1.9600327E+003, 8.4033108E+001, 8.8060518E+001, 9.1566664E+001, 1.0392841E+002, 1.2419951E+002, 8.8474425E+001, 8.8403069E+001, 8.9330535E+001, 1.0022394E+002, 1.0694717E+002, 1.2845915E+002, 9.0136897E+001, 8.3970017E+001, 8.7317342E+001, 1.0025646E+002, 1.1554170E+002, 1.3722919E+002, 1.0593767E+002, 8.2321703E+001, 8.5217614E+001, 9.6460793E+001, 1.1262826E+002, 1.1571589E+002, 1.0145278E+002, 7.6930238E+001, 7.7374514E+001, 8.4510892E+001, 8.7722929E+001, 9.0161752E+001, 7.2971592E+001, 8.5390382E+001, 9.6129121E+001, 1.0408587E+002, 1.3187428E+002, 8.3577568E+001, 7.5139822E+001, 9.9025520E+001, 1.1076621E+002, 1.3980946E+002, 1.8549845E+002, 1.0272842E+002, 7.1691597E+001, 7.8188237E+001, 1.2595622E+002, 1.6753104E+002, 1.8284319E+002, 1.4529042E+002, 7.0210554E+001, 8.1821309E+001, 1.1389172E+002, 1.3449052E+002, 1.3542958E+002, 1.0628286E+002, 6.8203063E+001, 7.0140564E+001, 7.7054902E+001, 7.9483096E+001, 8.6907181E+001, 7.5660485E+001, 9.0037705E+001, 1.0343769E+002, 1.4795996E+002, 1.2286623E+002, 1.8099499E+002, 1.0037351E+002, 2.9260674E+002, 2.8681325E+002, 2.8201436E+002, 1.9824262E+002, 3.2828198E+002, 9.0092849E+001, 2.2351027E+002, 3.5414294E+002, 2.9153566E+002, 1.8349247E+002, 2.6654076E+002, 8.7755153E+001, 2.3173430E+002, 1.9587739E+002, 1.5267302E+002, 1.1216572E+002, 9.8863097E+001, 6.3226800E+001, 7.0849119E+001, 7.7011097E+001, 8.3285022E+001, 7.4989264E+001, 9.4700784E+001, 8.9619127E+001, 7.9220469E+001, 7.4886301E+001, 7.2117382E+001, 7.0475513E+001, 6.7815082E+001, 5.2496385E+001, 4.1715835E+001, 3.2148413E+001, 3.0753561E+001, 3.0312786E+001, 2.9483167E+001, 1.1394170E+002, 9.4881903E+001, 7.9138161E+001, 7.6233672E+001, 7.0788149E+001, 6.5292053E+001, 6.0566430E+001, 4.9310417E+001, 3.7076072E+001, 3.3552027E+001, 3.1610467E+001, 2.9332489E+001, 2.8602793E+001, 8.0365801E+001, 8.1621879E+001, 8.2760084E+001, 8.1371016E+001, 7.9294892E+001, 7.5110010E+001, 5.8025569E+001, 5.0675333E+001, 3.9841996E+001, 2.9989741E+001, 2.9428488E+001, 1.1298892E+002, 1.1311056E+002, 1.1351648E+002, 1.0441426E+002, 7.4096557E+001, 6.5285045E+001, 6.1996237E+001, 5.4552135E+001, 4.1049442E+001, 3.2390615E+001, 2.9577556E+001, 9.4263100E+001, 1.0129327E+002, 1.2869862E+002, 1.4238555E+002, 2.0539927E+002, 1.9071944E+002, 8.6374351E+001, 8.7594539E+001, 6.1546363E+002, 5.3368050E+002, 3.3449559E+002, 1.8426671E+002, 1.4115385E+002, 2.2856343E+002, 4.2679753E+002
 1.9800137E+003, 9.0959706E+001, 9.3538365E+001, 1.1289047E+002, 1.2619960E+002, 1.2631720E+002, 9.0950774E+001, 8.8952109E+001, 9.4138901E+001, 1.1707686E+002, 1.3593630E+002, 1.3495561E+002, 1.0385492E+002, 8.5993281E+001, 9.2625506E+001, 1.1322180E+002, 1.2390124E+002, 1.4442824E+002, 1.1062057E+002, 8.4167699E+001, 8.6997743E+001, 9.4488277E+001, 1.0776390E+002, 1.2117122E+002, 1.0539096E+002, 8.2458051E+001, 8.3323146E+001, 8.4458967E+001, 9.2384037E+001, 1.0427362E+002, 7.4268361E+001, 8.7253299E+001, 1.2046202E+002, 1.2687267E+002, 1.2274285E+002, 8.0058129E+001, 7.6786672E+001, 9.7888460E+001, 1.3532135E+002, 1.5888864E+002, 1.8270301E+002, 1.1215225E+002, 7.7682999E+001, 9.1090730E+001, 1.4405486E+002, 1.7798691E+002, 1.8185908E+002, 1.6014522E+002, 7.6256373E+001, 8.7438614E+001, 1.1792621E+002, 1.3906104E+002, 1.4262650E+002, 1.1648254E+002, 7.2460958E+001, 7.5756343E+001, 8.3054396E+001, 8.6919689E+001, 1.0010589E+002, 8.0551942E+001, 1.0909782E+002, 1.3005927E+002, 1.0902074E+002, 1.0459839E+002, 1.7331527E+002, 1.0462029E+002, 2.7219200E+002, 3.0746827E+002, 2.5050556E+002, 1.9262782E+002, 3.2649563E+002, 9.0854727E+001, 2.3596043E+002, 3.4527458E+002, 2.8061581E+002, 1.6571196E+002, 3.0383648E+002, 8.7182424E+001, 2.4315017E+002, 2.3333694E+002, 1.6600166E+002, 1.0567018E+002, 9.9950415E+001, 6.8150789E+001, 8.5170265E+001, 9.6973626E+001, 8.3635061E+001, 7.6644653E+001, 9.8623307E+001, 8.9479845E+001, 8.3626465E+001, 7.7585392E+001, 7.5221148E+001, 7.2891871E+001, 6.4866630E+001, 5.1349300E+001, 4.1204012E+001, 3.2861315E+001, 3.1374759E+001, 3.0564362E+001, 2.9471370E+001, 1.1474582E+002, 9.6647988E+001, 7.9711688E+001, 7.7925344E+001, 7.0828017E+001, 6.6536032E+001, 6.2653924E+001, 5.0710755E+001, 3.7548434E+001, 3.3623159E+001, 3.1948775E+001, 2.9803427E+001, 2.9023974E+001, 8.5872517E+001, 8.7896142E+001, 8.9484088E+001, 8.8333649E+001, 8.4691310E+001, 7.7770529E+001, 7.1311040E+001, 5.0937685E+001, 3.8621725E+001, 2.9959700E+001, 2.9610901E+001, 1.1909796E+002, 1.1768543E+002, 1.1630239E+002, 1.1157650E+002, 9.1741654E+001, 7.8154036E+001, 7.0301306E+001, 5.3703374E+001, 3.8016488E+001, 3.2504044E+001, 3.1028694E+001, 9.7945165E+001, 1.0337352E+002, 1.3479553E+002, 1.4579271E+002, 2.1151897E+002, 1.9432878E+002, 8.9403972E+001, 8.9339848E+001, 6.4621462E+002, 5.3871715E+002, 3.2035618E+002, 1.7850130E+002, 1.3420756E+002, 2.8073032E+002, 4.3440536E+002
 2.0000317E+003, 9.3542737E+001, 9.6295317E+001, 1.1424168E+002, 1.2465371E+002, 1.3547844E+002, 9.0195892E+001, 8.7243930E+001, 9.5600689E+001, 1.1928089E+002, 1.3986958E+002, 1.5374927E+002, 1.0141265E+002, 8.4338018E+001, 8.5877867E+001, 1.0384310E+002, 1.2038048E+002, 1.4027114E+002, 1.0210609E+002, 8.3539207E+001, 8.2275122E+001, 8.8905503E+001, 9.7074471E+001, 1.0931598E+002, 9.2933752E+001, 8.3516424E+001, 8.1223881E+001, 8.1574430E+001, 8.5510473E+001, 9.2799656E+001, 7.7402496E+001, 9.4349889E+001, 1.1224908E+002, 1.3128864E+002, 1.3029976E+002, 8.7331412E+001, 8.0942019E+001, 1.1408274E+002, 1.5493196E+002, 1.7843422E+002, 1.9034575E+002, 1.2983449E+002, 8.3788638E+001, 1.0358670E+002, 1.4585613E+002, 1.7497362E+002, 1.9282851E+002, 1.3198297E+002, 7.8797608E+001, 8.4979925E+001, 9.7035743E+001, 1.1772610E+002, 1.3444581E+002, 1.0466499E+002, 7.6992993E+001, 7.6114858E+001, 7.8973938E+001, 8.7504292E+001, 8.8430751E+001, 7.8309208E+001, 1.0183058E+002, 1.2062982E+002, 1.3884955E+002, 1.1748548E+002, 2.1626007E+002, 1.0990889E+002, 2.9580878E+002, 3.4209453E+002, 2.7569901E+002, 1.9082659E+002, 3.0729447E+002, 9.1837732E+001, 2.3935636E+002, 3.4203645E+002, 2.8009724E+002, 1.7813258E+002, 2.5715446E+002, 9.6431388E+001, 1.9846737E+002, 1.9055720E+002, 1.5198730E+002, 1.0756823E+002, 9.8152524E+001, 6.8532096E+001, 8.0622205E+001, 8.8068765E+001, 8.3724803E+001, 7.5683201E+001, 1.0197222E+002, 9.2669489E+001, 8.2384506E+001, 7.9251652E+001, 7.6787878E+001, 7.5669219E+001, 6.8145358E+001, 5.1958909E+001, 4.0393696E+001, 3.2825657E+001, 3.1409866E+001, 3.0706721E+001, 2.9743469E+001, 1.2293303E+002, 1.0017458E+002, 8.0966775E+001, 7.9040372E+001, 7.0606267E+001, 6.7025261E+001, 6.6745572E+001, 5.3005032E+001, 3.8621159E+001, 3.3491502E+001, 3.1715975E+001, 2.9853968E+001, 2.8517233E+001, 8.1685451E+001, 8.3612542E+001, 8.4505363E+001, 8.4005686E+001, 8.2840127E+001, 7.1715361E+001, 6.2385532E+001, 5.4478004E+001, 3.9933509E+001, 3.0444137E+001, 2.9907905E+001, 1.2467317E+002, 1.2308592E+002, 1.1860340E+002, 1.1468800E+002, 9.1186733E+001, 7.3174855E+001, 6.7607419E+001, 4.8157032E+001, 3.7145148E+001, 3.2938424E+001, 3.0441408E+001, 1.0157906E+002, 1.0545113E+002, 1.4091967E+002, 1.4897428E+002, 2.1761822E+002, 1.9763691E+002, 9.2712511E+001, 9.1170687E+001, 6.2781723E+002, 5.2252472E+002, 3.2991844E+002, 1.7330382E+002, 1.2400252E+002, 2.5737239E+002, 4.4433789E+002
 2.0200140E+003, 9.0617608E+001, 1.0376999E+002, 1.3152453E+002, 1.4059378E+002, 1.4258262E+002, 1.0051008E+002, 1.0001369E+002, 1.0999812E+002, 1.1701278E+002, 1.1791564E+002, 1.3386683E+002, 1.0273506E+002, 8.6478161E+001, 9.1318251E+001, 9.8643711E+001, 1.1352606E+002, 1.2855436E+002, 9.7176622E+001, 8.1462423E+001, 8.5414130E+001, 8.6004501E+001, 9.7742102E+001, 1.1080289E+002, 9.5685472E+001, 8.1253996E+001, 8.2117399E+001, 8.2606063E+001, 8.5614426E+001, 8.8568046E+001, 7.8717946E+001, 1.1384949E+002, 1.5186959E+002, 1.6422301E+002, 1.5535683E+002, 8.8625946E+001, 8.4468112E+001, 1.1483072E+002, 1.5860745E+002, 1.6650388E+002, 1.7840477E+002, 1.3831710E+002, 9.5510356E+001, 1.2013051E+002, 1.2988492E+002, 1.4331742E+002, 1.6617075E+002, 1.2285200E+002, 8.1622987E+001, 9.2464648E+001, 9.3629508E+001, 1.0313269E+002, 1.1527687E+002, 8.9944552E+001, 7.7769172E+001, 7.7371228E+001, 7.7030307E+001, 7.8348704E+001, 7.8900641E+001, 8.7341890E+001, 1.6468748E+002, 1.5802185E+002, 1.2534120E+002, 1.2653941E+002, 2.1393270E+002, 1.0632295E+002, 2.5450254E+002, 3.4621502E+002, 2.7898377E+002, 2.0308139E+002, 3.1733767E+002, 9.3769620E+001, 2.5748291E+002, 3.4406773E+002, 2.7375948E+002, 1.9798497E+002, 2.0554498E+002, 9.9908832E+001, 1.6776327E+002, 1.3233318E+002, 1.2128589E+002, 1.0005675E+002, 8.3615719E+001, 7.9427544E+001, 8.0476476E+001, 8.0050155E+001, 7.7287195E+001, 7.3321938E+001, 9.9568735E+001, 9.3235218E+001, 8.2383091E+001, 8.0108388E+001, 7.8777454E+001, 7.7029584E+001, 6.7983966E+001, 5.1569924E+001, 3.8594215E+001, 3.2733806E+001, 3.1489238E+001, 3.0748458E+001, 3.0343593E+001, 1.1479843E+002, 9.0055974E+001, 8.3048864E+001, 8.1200462E+001, 7.3191818E+001, 6.7822023E+001, 6.7617163E+001, 5.2694920E+001, 4.0142098E+001, 3.3790997E+001, 3.1798657E+001, 2.9934734E+001, 2.8454616E+001, 8.5680994E+001, 8.7598081E+001, 8.7423676E+001, 8.6249163E+001, 8.4022525E+001, 7.9747595E+001, 6.6913216E+001, 5.4427095E+001, 3.4899203E+001, 3.0639718E+001, 3.0232628E+001, 1.2309788E+002, 1.2274260E+002, 1.2191436E+002, 1.1947689E+002, 9.3832355E+001, 7.8902840E+001, 6.8081380E+001, 4.7919808E+001, 3.9927827E+001, 3.4707311E+001, 3.0937816E+001, 1.0506747E+002, 1.0745436E+002, 1.4711156E+002, 1.5233539E+002, 2.2383119E+002, 2.0072438E+002, 9.6145051E+001, 9.3041029E+001, 5.8917231E+002, 5.1680190E+002, 3.0315827E+002, 1.8572451E+002, 1.2516676E+002, 2.4185709E+002, 4.5925174E+002
 2.0400283E+003, 9.0833620E+001, 9.8116815E+001, 1.1070877E+002, 1.3005858E+002, 1.3866580E+002, 9.8746150E+001, 9.3670742E+001, 1.0742721E+002, 1.1971931E+002, 1.2938950E+002, 1.4758238E+002, 1.0799795E+002, 9.1973013E+001, 1.0308274E+002, 1.1109738E+002, 1.2500088E+002, 1.5814951E+002, 1.1228763E+002, 8.5396258E+001, 9.0771325E+001, 1.0026020E+002, 1.1104679E+002, 1.2649068E+002, 1.0982810E+002, 8.4719925E+001, 9.0053564E+001, 9.3101992E+001, 9.6357294E+001, 1.0876763E+002, 8.0590569E+001, 9.1281645E+001, 1.1431200E+002, 1.1659053E+002, 1.1253004E+002, 8.7471340E+001, 8.6871784E+001, 1.1102142E+002, 1.3991483E+002, 1.6683265E+002, 1.9332701E+002, 1.3683376E+002, 9.1732117E+001, 1.2737402E+002, 1.5230096E+002, 1.8797732E+002, 2.0832858E+002, 1.5773944E+002, 8.4072021E+001, 9.9173149E+001, 1.1856474E+002, 1.5888341E+002, 1.5586420E+002, 1.2337953E+002, 7.8757372E+001, 8.5994299E+001, 9.4333781E+001, 9.6645967E+001, 9.9870216E+001, 8.2227288E+001, 9.7238467E+001, 1.1960930E+002, 1.0287707E+002, 9.6900570E+001, 1.6903084E+002, 1.1504695E+002, 2.2221630E+002, 2.6138143E+002, 2.5330021E+002, 1.7905511E+002, 2.9030366E+002, 1.0722623E+002, 2.9138711E+002, 3.8967657E+002, 3.1577126E+002, 1.9786723E+002, 3.1617964E+002, 1.1353717E+002, 2.4885857E+002, 2.4343863E+002, 1.6530143E+002, 1.1097184E+002, 1.0398789E+002, 7.9147010E+001, 8.7392001E+001, 9.5123541E+001, 9.5558189E+001, 8.1445592E+001, 1.0525194E+002, 9.6650002E+001, 8.3100682E+001, 8.2122784E+001, 8.1717352E+001, 7.8344646E+001, 6.5134465E+001, 5.2512820E+001, 4.2787003E+001, 3.3790381E+001, 3.2134281E+001, 3.0332252E+001, 3.0009236E+001, 1.1895229E+002, 1.0047238E+002, 8.5057401E+001, 8.3153091E+001, 7.9248119E+001, 7.1459449E+001, 6.7607782E+001, 5.3130737E+001, 4.2322837E+001, 3.5873457E+001, 3.3349817E+001, 3.0542767E+001, 2.8798851E+001, 8.8267357E+001, 9.0528153E+001, 9.0036669E+001, 8.8789658E+001, 8.6766378E+001, 8.3670063E+001, 7.5694628E+001, 5.3262872E+001, 3.1956930E+001, 3.0852003E+001, 3.0514556E+001, 1.2013549E+002, 1.1994587E+002, 1.1969422E+002, 1.1854423E+002, 1.1344024E+002, 8.7200470E+001, 6.8822314E+001, 4.9077296E+001, 3.9891722E+001, 3.4947145E+001, 3.1615570E+001, 1.0847784E+002, 1.0942280E+002, 1.5311942E+002, 1.5560500E+002, 2.2889353E+002, 2.0330432E+002, 9.9641198E+001, 9.4907723E+001, 6.8918327E+002, 5.2615954E+002, 2.8602355E+002, 1.8239901E+002, 1.3638150E+002, 2.3052532E+002, 4.5611814E+002
 2.0600261E+003, 9.2049852E+001, 9.5900282E+001, 1.0969437E+002, 1.2128592E+002, 1.3363784E+002, 8.9945502E+001, 9.0389472E+001, 9.2226022E+001, 1.0844989E+002, 1.2538746E+002, 1.5012368E+002, 1.0115638E+002, 8.6146977E+001, 9.4349194E+001, 1.1469665E+002, 1.3135970E+002, 1.4520016E+002, 1.1428491E+002, 8.4813578E+001, 9.1386241E+001, 9.9779482E+001, 1.1270808E+002, 1.3131738E+002, 1.1190174E+002, 8.5974149E+001, 9.0670569E+001, 9.3006229E+001, 9.7781377E+001, 1.0857982E+002, 8.1529168E+001, 9.2917011E+001, 1.0340627E+002, 1.0882617E+002, 1.3057870E+002, 8.8880187E+001, 8.4579945E+001, 1.0650926E+002, 1.2597374E+002, 1.5250758E+002, 2.0634759E+002, 1.3234056E+002, 8.5234445E+001, 1.1783228E+002, 1.5842674E+002, 1.8781165E+002, 2.1463261E+002, 1.5165141E+002, 8.1159333E+001, 9.7395895E+001, 1.2016517E+002, 1.4486568E+002, 1.4592460E+002, 1.1940320E+002, 7.9448479E+001, 8.2577948E+001, 8.9334293E+001, 9.9911058E+001, 1.0183376E+002, 8.3819230E+001, 9.0719060E+001, 1.0973430E+002, 1.3859472E+002, 1.3298584E+002, 1.6393349E+002, 1.1477505E+002, 2.1845453E+002, 2.6479761E+002, 2.5666528E+002, 1.9855524E+002, 2.9574645E+002, 1.0635535E+002, 2.7580293E+002, 3.8029845E+002, 3.1252892E+002, 1.7994573E+002, 3.3522311E+002, 1.0301710E+002, 2.5222940E+002, 2.5750789E+002, 1.9885213E+002, 1.2443828E+002, 1.0658374E+002, 7.7664168E+001, 8.5029136E+001, 8.7620830E+001, 8.8608112E+001, 7.8964698E+001, 1.0750254E+002, 9.5859051E+001, 8.3253638E+001, 8.2694025E+001, 8.1889496E+001, 8.0108580E+001, 6.4707417E+001, 5.3743455E+001, 4.2732922E+001, 3.3838925E+001, 3.2492566E+001, 3.0925509E+001, 3.0534797E+001, 1.2496950E+002, 1.0358295E+002, 8.6047887E+001, 8.4396710E+001, 7.9869498E+001, 7.5934534E+001, 7.0081148E+001, 5.2316334E+001, 3.9772719E+001, 3.5909190E+001, 3.2836060E+001, 3.0427474E+001, 2.8633149E+001, 8.4580072E+001, 8.6053174E+001, 8.6048367E+001, 8.5499376E+001, 8.5069098E+001, 8.3228686E+001, 7.1819855E+001, 6.0864589E+001, 3.2890493E+001, 3.1307574E+001, 3.0880944E+001, 1.2070551E+002, 1.2210539E+002, 1.2349404E+002, 1.1792665E+002, 1.0566995E+002, 8.3116106E+001, 6.6026894E+001, 5.5187831E+001, 4.0561829E+001, 3.3002303E+001, 3.1377222E+001, 1.1214150E+002, 1.1145752E+002, 1.5855466E+002, 1.5851954E+002, 2.3222252E+002, 2.0549541E+002, 1.0301005E+002, 9.6704937E+001, 6.5065513E+002, 5.1933175E+002, 3.2770839E+002, 2.4123490E+002, 1.9683074E+002, 3.5547650E+002, 4.5004956E+002
 2.0800036E+003, 9.5532969E+001, 9.8578058E+001, 1.0686685E+002, 1.2479286E+002, 1.3573149E+002, 9.8393238E+001, 9.8591171E+001, 9.8923981E+001, 1.1075117E+002, 1.2849014E+002, 1.5856529E+002, 1.0663829E+002, 9.4229214E+001, 1.0331369E+002, 1.2398402E+002, 1.3615041E+002, 1.5301268E+002, 1.3017010E+002, 8.8749172E+001, 9.5447877E+001, 1.1036263E+002, 1.3022603E+002, 1.3523112E+002, 1.1895273E+002, 8.9353489E+001, 8.9492299E+001, 9.4407844E+001, 1.0316170E+002, 1.0707494E+002, 8.2067860E+001, 9.3305319E+001, 1.0818718E+002, 1.4798247E+002, 1.5420279E+002, 8.6420931E+001, 8.4138254E+001, 1.0143026E+002, 1.2966325E+002, 1.7321297E+002, 2.1951379E+002, 1.2577379E+002, 8.3422474E+001, 1.1297441E+002, 1.4268780E+002, 1.8296815E+002, 2.0737868E+002, 1.5637435E+002, 8.1813504E+001, 1.0162294E+002, 1.3019462E+002, 1.5819387E+002, 1.5065637E+002, 1.3015458E+002, 8.0649904E+001, 8.2396242E+001, 8.8337671E+001, 1.0707976E+002, 1.1358495E+002, 8.4025506E+001, 9.5239738E+001, 1.3907842E+002, 1.4784530E+002, 1.0582978E+002, 2.0121908E+002, 1.1792363E+002, 2.7569092E+002, 3.1688395E+002, 3.0122765E+002, 1.9447509E+002, 2.9533580E+002, 1.0267248E+002, 2.4525743E+002, 3.5545638E+002, 2.9163069E+002, 2.0686184E+002, 2.8402762E+002, 1.0218526E+002, 2.6956427E+002, 2.3988858E+002, 1.6430410E+002, 1.1660242E+002, 1.1765849E+002, 7.6448402E+001, 8.4955478E+001, 9.5457444E+001, 9.9580387E+001, 7.9172056E+001, 1.0913842E+002, 9.7893347E+001, 8.6320376E+001, 8.2694395E+001, 8.3229888E+001, 8.2180485E+001, 7.1198100E+001, 5.7009984E+001, 4.2539490E+001, 3.3213099E+001, 3.3058613E+001, 3.0930521E+001, 3.0349049E+001, 1.2435515E+002, 1.0090117E+002, 8.7791658E+001, 8.3072779E+001, 7.8705729E+001, 7.7561364E+001, 7.1748113E+001, 5.4527389E+001, 4.0682979E+001, 3.5409988E+001, 3.2817854E+001, 3.0810984E+001, 2.9280699E+001, 8.8366266E+001, 8.9740006E+001, 8.9923350E+001, 8.9500100E+001, 8.6955899E+001, 8.3141974E+001, 7.6996469E+001, 5.7408840E+001, 3.3036744E+001, 3.1663428E+001, 3.1193740E+001, 1.2210728E+002, 1.2241941E+002, 1.1891820E+002, 1.1003008E+002, 1.0271871E+002, 8.4425967E+001, 6.2492058E+001, 5.6713192E+001, 4.3545278E+001, 3.3318212E+001, 3.0945507E+001, 1.1592110E+002, 1.1347800E+002, 1.6359350E+002, 1.6104179E+002, 2.3585217E+002, 2.0805486E+002, 1.0645423E+002, 9.8478637E+001, 6.6004995E+002, 5.7560807E+002, 3.8550024E+002, 2.6251444E+002, 2.2225199E+002, 3.6561672E+002, 4.4886061E+002
 2.1000288E+003, 9.6593830E+001, 9.5579941E+001, 1.0373268E+002, 1.1563115E+002, 1.3602527E+002, 9.5124278E+001, 9.6265937E+001, 9.7487318E+001, 1.0680138E+002, 1.3228828E+002, 1.5825052E+002, 1.0865977E+002, 9.7474573E+001, 1.0399346E+002, 1.0958633E+002, 1.4164851E+002, 1.5178454E+002, 1.1891862E+002, 9.0915172E+001, 9.3707909E+001, 1.0885053E+002, 1.2085198E+002, 1.4236336E+002, 1.1416095E+002, 8.9639151E+001, 8.9690958E+001, 9.8824018E+001, 1.0078598E+002, 1.1180268E+002, 8.2002908E+001, 9.0062847E+001, 1.0341972E+002, 1.2456261E+002, 1.4242122E+002, 8.7390598E+001, 8.5912749E+001, 1.0356655E+002, 1.3264238E+002, 1.7588442E+002, 2.1034755E+002, 1.3604146E+002, 8.5383361E+001, 1.1380106E+002, 1.5993218E+002, 1.8087879E+002, 2.0396329E+002, 1.6501903E+002, 8.1937417E+001, 1.0287479E+002, 1.4035175E+002, 1.5038086E+002, 1.6328292E+002, 1.3530681E+002, 8.3437320E+001, 8.3954698E+001, 8.6920951E+001, 9.4380416E+001, 1.1568701E+002, 8.1934186E+001, 1.0254560E+002, 1.2110904E+002, 1.2657728E+002, 1.0799745E+002, 2.0200723E+002, 1.2911370E+002, 2.7966212E+002, 2.8646468E+002, 2.5306261E+002, 1.6328855E+002, 3.2554446E+002, 1.1312395E+002, 2.8133120E+002, 4.0873516E+002, 3.1462351E+002, 1.9157336E+002, 3.0312363E+002, 1.0574506E+002, 2.5714631E+002, 2.3568487E+002, 1.7150396E+002, 1.2396030E+002, 1.2174862E+002, 7.6176771E+001, 8.6698972E+001, 8.9734284E+001, 9.4139920E+001, 9.4510240E+001, 1.0974176E+002, 9.9874634E+001, 8.9216786E+001, 8.5560196E+001, 8.4840088E+001, 8.3699713E+001, 6.9472299E+001, 5.7370500E+001, 4.2955875E+001, 3.3931244E+001, 3.2509675E+001, 3.1172345E+001, 3.0543265E+001, 1.2178219E+002, 1.0329762E+002, 8.4469670E+001, 8.1970928E+001, 8.0078590E+001, 7.7417016E+001, 7.1904725E+001, 5.5860462E+001, 4.2375012E+001, 3.5803284E+001, 3.3403665E+001, 3.1123184E+001, 2.8703280E+001, 8.8043299E+001, 8.9352032E+001, 9.1469999E+001, 9.0217967E+001, 8.8528247E+001, 8.6176627E+001, 8.1130806E+001, 6.2256695E+001, 3.3575906E+001, 3.1979110E+001, 3.1450416E+001, 1.2793171E+002, 1.2728127E+002, 1.2461497E+002, 1.2068222E+002, 1.0198141E+002, 7.8060332E+001, 6.6803467E+001, 5.7040534E+001, 4.4070670E+001, 3.5703686E+001, 3.3476447E+001, 1.1955932E+002, 1.1545376E+002, 1.6830079E+002, 1.6333599E+002, 2.3873248E+002, 2.1031647E+002, 1.0987940E+002, 1.0024085E+002, 6.8218825E+002, 5.3146201E+002, 3.2821187E+002, 2.1977818E+002, 1.5664365E+002, 2.9704128E+002, 4.4906966E+002
 2.1200007E+003, 9.4998905E+001, 9.6717055E+001, 1.0967662E+002, 1.2183699E+002, 1.3669140E+002, 9.5280229E+001, 9.6577096E+001, 1.0214455E+002, 1.2549604E+002, 1.4261351E+002, 1.6509860E+002, 1.1783704E+002, 9.7738843E+001, 1.0618572E+002, 1.1839374E+002, 1.4671279E+002, 1.5411575E+002, 1.2244361E+002, 9.7653905E+001, 1.0110811E+002, 1.0741005E+002, 1.1954174E+002, 1.3204340E+002, 1.1775707E+002, 9.4209041E+001, 9.8765801E+001, 1.0446905E+002, 1.0519965E+002, 1.1312278E+002, 8.2937005E+001, 9.3029087E+001, 1.0395755E+002, 1.1160858E+002, 1.3557325E+002, 8.9558347E+001, 8.6979513E+001, 1.1022690E+002, 1.4982793E+002, 1.6661140E+002, 1.9428267E+002, 1.5312140E+002, 8.7329181E+001, 1.2068397E+002, 1.7163200E+002, 1.9621773E+002, 2.1133060E+002, 1.6854910E+002, 8.6797655E+001, 1.0136796E+002, 1.2401317E+002, 1.3621864E+002, 1.5189801E+002, 1.1918232E+002, 8.6219276E+001, 8.6290874E+001, 8.8241316E+001, 9.2807992E+001, 9.9854281E+001, 8.4251477E+001, 1.0975129E+002, 1.1429443E+002, 1.2452058E+002, 1.2059821E+002, 1.8929404E+002, 1.3255080E+002, 2.9276974E+002, 2.7137030E+002, 2.7405377E+002, 2.1291957E+002, 3.3129386E+002, 1.0808183E+002, 2.6291981E+002, 4.0026825E+002, 3.1888520E+002, 1.8513694E+002, 2.8980543E+002, 1.1247841E+002, 2.1226909E+002, 2.0852696E+002, 1.4638086E+002, 1.0176663E+002, 9.5339140E+001, 7.9553364E+001, 8.7788120E+001, 9.6149404E+001, 8.8662695E+001, 8.1772711E+001, 1.1177758E+002, 1.0270638E+002, 8.9736862E+001, 8.8253380E+001, 8.6985631E+001, 8.4357885E+001, 7.2524730E+001, 5.7341905E+001, 4.3200729E+001, 3.4112882E+001, 3.2479461E+001, 3.1751546E+001, 3.1018652E+001, 1.2529244E+002, 1.1055521E+002, 8.8521944E+001, 8.5480064E+001, 8.2375621E+001, 8.0145169E+001, 7.3257672E+001, 5.6929405E+001, 4.1221383E+001, 3.5747000E+001, 3.2785219E+001, 3.0971281E+001, 2.9204531E+001, 8.8459769E+001, 9.0816804E+001, 9.1552330E+001, 9.1434964E+001, 8.9921017E+001, 8.7587077E+001, 8.2847869E+001, 5.8725675E+001, 3.3186899E+001, 3.2029870E+001, 3.1625295E+001, 1.2397672E+002, 1.2450345E+002, 1.2293159E+002, 1.2110013E+002, 9.8061948E+001, 8.0271506E+001, 7.2263346E+001, 5.8304327E+001, 4.0817948E+001, 3.6240487E+001, 3.3698535E+001, 1.2307899E+002, 1.1728468E+002, 1.7255824E+002, 1.6540003E+002, 2.4305681E+002, 2.1209788E+002, 1.1315872E+002, 1.0193576E+002, 6.2619886E+002, 5.1394277E+002, 3.1248025E+002, 2.0096019E+002, 1.7894968E+002, 2.7682360E+002, 4.5290702E+002
 2.1400384E+003, 9.8220972E+001, 1.0525466E+002, 1.2355236E+002, 1.2797350E+002, 1.4262314E+002, 1.0059485E+002, 9.9443543E+001, 1.0943719E+002, 1.3049156E+002, 1.5437677E+002, 1.5677357E+002, 1.1936440E+002, 1.0036037E+002, 1.0867859E+002, 1.1759663E+002, 1.4084169E+002, 1.5159493E+002, 1.1798979E+002, 1.0007815E+002, 1.0560659E+002, 1.0479421E+002, 1.0777182E+002, 1.2115377E+002, 1.0401656E+002, 9.8550818E+001, 1.0138851E+002, 9.9759938E+001, 1.0060781E+002, 1.0340926E+002, 8.5966098E+001, 1.0062467E+002, 1.1078980E+002, 1.0970191E+002, 1.4482960E+002, 9.5944347E+001, 9.0570429E+001, 1.1346436E+002, 1.5690855E+002, 1.9559867E+002, 2.1830195E+002, 1.5063612E+002, 9.2866348E+001, 1.2441239E+002, 1.5978110E+002, 1.8685950E+002, 1.9388793E+002, 1.5123484E+002, 9.1337814E+001, 1.1379823E+002, 1.1614138E+002, 1.2140126E+002, 1.2757509E+002, 9.9078761E+001, 8.7790949E+001, 8.8211198E+001, 8.7521602E+001, 8.7499437E+001, 9.0675221E+001, 8.9156237E+001, 1.0923841E+002, 1.1734352E+002, 1.4115110E+002, 1.5677325E+002, 2.0562125E+002, 1.2103582E+002, 2.9602448E+002, 3.3117399E+002, 3.0741344E+002, 2.3023501E+002, 3.1966617E+002, 1.1263798E+002, 2.5353871E+002, 3.8817549E+002, 2.9753537E+002, 1.7196828E+002, 2.6959018E+002, 1.1320937E+002, 2.1514651E+002, 1.8826882E+002, 1.3478932E+002, 1.0684166E+002, 9.8743584E+001, 7.8630656E+001, 8.6273407E+001, 8.9084835E+001, 8.6179263E+001, 8.1325584E+001, 1.0829795E+002, 1.0449099E+002, 9.4214826E+001, 8.9419862E+001, 8.9035167E+001, 8.7222893E+001, 7.8797374E+001, 5.6656158E+001, 4.3017922E+001, 3.4438953E+001, 3.2593893E+001, 3.2306744E+001, 3.1056308E+001, 1.2521306E+002, 1.0238230E+002, 8.9744375E+001, 8.8342621E+001, 8.4261638E+001, 8.0948328E+001, 7.4017041E+001, 5.7069592E+001, 3.9781088E+001, 3.6103754E+001, 3.2729636E+001, 3.0700933E+001, 2.8807879E+001, 8.7187797E+001, 8.9632867E+001, 9.1081710E+001, 9.0674345E+001, 8.8629494E+001, 8.6644419E+001, 8.2909930E+001, 5.6053092E+001, 3.7866281E+001, 3.2251792E+001, 3.1876519E+001, 1.2750070E+002, 1.2808010E+002, 1.2695353E+002, 1.2501491E+002, 1.0354773E+002, 8.2647898E+001, 7.2795639E+001, 5.6871520E+001, 3.9270713E+001, 3.4526285E+001, 3.2090816E+001, 1.2633731E+002, 1.1898588E+002, 1.7664162E+002, 1.6762821E+002, 2.4640257E+002, 2.1429018E+002, 1.1635554E+002, 1.0357225E+002, 6.3887143E+002, 5.2730969E+002, 3.1548605E+002, 1.8390124E+002, 1.3207015E+002, 2.6053019E+002, 4.6191558E+002
 2.1600199E+003, 1.0139011E+002, 1.0569792E+002, 1.1156427E+002, 1.1763651E+002, 1.4491404E+002, 1.0383045E+002, 1.0172326E+002, 1.0839220E+002, 1.2108990E+002, 1.4439970E+002, 1.5124414E+002, 1.1962336E+002, 9.9913513E+001, 1.0763247E+002, 1.2382328E+002, 1.4758832E+002, 1.5331872E+002, 1.2543129E+002, 9.4545789E+001, 1.0192152E+002, 1.0366023E+002, 1.1136899E+002, 1.2417306E+002, 1.1080843E+002, 9.2558383E+001, 9.5341052E+001, 9.6951442E+001, 1.0053584E+002, 1.0871490E+002, 8.6966932E+001, 9.3043482E+001, 1.0930341E+002, 1.2382069E+002, 1.5500247E+002, 9.0483469E+001, 9.0003457E+001, 9.8455756E+001, 1.3333085E+002, 1.8800168E+002, 2.2908328E+002, 1.2395861E+002, 8.9104119E+001, 1.1111730E+002, 1.5284857E+002, 1.9087578E+002, 2.0203669E+002, 1.6460251E+002, 8.9242084E+001, 1.2646142E+002, 1.3255694E+002, 1.3075919E+002, 1.2813113E+002, 1.0548057E+002, 8.9332242E+001, 9.2977425E+001, 9.1564054E+001, 9.0609737E+001, 9.0598035E+001, 8.3688437E+001, 1.1285669E+002, 1.5329259E+002, 1.5738182E+002, 1.4077543E+002, 1.4632848E+002, 1.0789249E+002, 2.1816309E+002, 3.2692405E+002, 3.2304545E+002, 2.1587408E+002, 3.0313364E+002, 1.1426926E+002, 2.5437726E+002, 3.5617785E+002, 2.6245333E+002, 1.7668629E+002, 2.6958070E+002, 1.2522638E+002, 2.5049564E+002, 2.1256712E+002, 1.3958086E+002, 1.1541605E+002, 1.0021779E+002, 8.6879909E+001, 9.1619864E+001, 9.2816081E+001, 8.8788876E+001, 8.6430111E+001, 1.0842009E+002, 1.0373352E+002, 9.3563162E+001, 8.9769678E+001, 8.9415151E+001, 8.7541635E+001, 7.5188732E+001, 5.8475000E+001, 4.3826216E+001, 3.6303786E+001, 3.3258349E+001, 3.2642741E+001, 3.1409961E+001, 1.2594306E+002, 1.0529069E+002, 9.2373741E+001, 8.8689620E+001, 8.3588028E+001, 8.0834638E+001, 7.4412603E+001, 6.2614695E+001, 4.1288114E+001, 3.6497605E+001, 3.3695249E+001, 3.1317932E+001, 2.9955584E+001, 8.8670757E+001, 9.0671031E+001, 9.1753118E+001, 9.1155466E+001, 8.9583270E+001, 8.6797530E+001, 8.1104560E+001, 6.4392453E+001, 3.8073542E+001, 3.2609110E+001, 3.2126204E+001, 1.3140471E+002, 1.3155472E+002, 1.3008779E+002, 1.2886561E+002, 1.2266982E+002, 1.0082488E+002, 7.1618465E+001, 5.5396938E+001, 4.2923729E+001, 3.4718629E+001, 3.1683232E+001, 1.2931288E+002, 1.2061368E+002, 1.8045465E+002, 1.6977234E+002, 2.4964566E+002, 2.1645231E+002, 1.1932885E+002, 1.0520385E+002, 6.2316660E+002, 5.2670975E+002, 2.8417989E+002, 1.7088117E+002, 1.4272839E+002, 2.4257943E+002, 4.6527340E+002
 2.1800323E+003, 1.0688354E+002, 1.0711230E+002, 1.1351732E+002, 1.2476100E+002, 1.4022548E+002, 1.0507331E+002, 1.0550022E+002, 1.0862210E+002, 1.2822402E+002, 1.4055487E+002, 1.5076530E+002, 1.1610818E+002, 1.0422837E+002, 1.0935344E+002, 1.2921593E+002, 1.4180049E+002, 1.6043678E+002, 1.2619644E+002, 9.8882358E+001, 1.0676805E+002, 1.0998744E+002, 1.2510682E+002, 1.3964740E+002, 1.2116148E+002, 9.4592418E+001, 9.5581790E+001, 9.8279001E+001, 1.0963261E+002, 1.1854210E+002, 9.0485866E+001, 9.8870388E+001, 1.1494731E+002, 1.1705967E+002, 1.3218445E+002, 9.5022988E+001, 9.2774094E+001, 1.0867269E+002, 1.4346994E+002, 1.5986714E+002, 1.9579956E+002, 1.3531047E+002, 9.2886781E+001, 1.2088153E+002, 1.5737510E+002, 1.9189879E+002, 2.1575627E+002, 1.6663041E+002, 9.1707874E+001, 1.0835099E+002, 1.2753885E+002, 1.6353469E+002, 1.8953911E+002, 1.3482028E+002, 9.0800254E+001, 9.2254012E+001, 9.3562117E+001, 1.0406327E+002, 1.1520562E+002, 9.2621494E+001, 1.0603922E+002, 1.1197378E+002, 1.1206778E+002, 1.0800648E+002, 1.9213321E+002, 1.1818201E+002, 2.6277190E+002, 2.8059742E+002, 2.3588526E+002, 1.6740023E+002, 2.9908100E+002, 1.1348609E+002, 2.4332789E+002, 3.8185157E+002, 3.3705630E+002, 2.1482098E+002, 3.5321432E+002, 1.1775481E+002, 2.6324506E+002, 2.7079901E+002, 2.0425785E+002, 1.4191594E+002, 1.2781062E+002, 7.9221338E+001, 9.2526297E+001, 1.0917482E+002, 1.0641069E+002, 1.0035749E+002, 1.0897543E+002, 1.0568095E+002, 9.4067782E+001, 9.0773695E+001, 8.9455927E+001, 8.7571182E+001, 7.4170210E+001, 6.0747100E+001, 4.3562652E+001, 3.5296369E+001, 3.3429807E+001, 3.2430796E+001, 3.1185467E+001, 1.3400181E+002, 1.1504326E+002, 9.3996311E+001, 9.2383395E+001, 8.8045787E+001, 8.4555025E+001, 7.7569902E+001, 5.8746867E+001, 4.0719647E+001, 3.6889552E+001, 3.4287385E+001, 3.2092548E+001, 2.9878829E+001, 9.1449200E+001, 9.5220045E+001, 9.5546397E+001, 9.3997293E+001, 9.2084053E+001, 9.0007947E+001, 8.6534483E+001, 7.4509333E+001, 3.4255853E+001, 3.2589667E+001, 3.2380488E+001, 1.3006389E+002, 1.2981104E+002, 1.2861975E+002, 1.2548275E+002, 1.0939879E+002, 9.4615962E+001, 7.3188614E+001, 5.8449921E+001, 4.1137822E+001, 3.4969241E+001, 3.2095924E+001, 1.3212806E+002, 1.2222206E+002, 1.8396429E+002, 1.7189279E+002, 2.5306837E+002, 2.1835636E+002, 1.2226343E+002, 1.0682185E+002, 6.5115975E+002, 5.7904967E+002, 3.5989702E+002, 2.5475068E+002, 2.2492280E+002, 3.6299288E+002, 4.6053929E+002
 2.2000050E+003, 1.1059616E+002, 1.1176073E+002, 1.1765803E+002, 1.2517470E+002, 1.2472221E+002, 1.1095796E+002, 1.0890987E+002, 1.1300400E+002, 1.2741034E+002, 1.3615604E+002, 1.4949263E+002, 1.2008065E+002, 1.0514725E+002, 1.1080093E+002, 1.2919245E+002, 1.4269791E+002, 1.6191818E+002, 1.3586305E+002, 1.0365497E+002, 1.1004478E+002, 1.2728236E+002, 1.4281393E+002, 1.5454495E+002, 1.3298760E+002, 9.8472311E+001, 1.0035540E+002, 1.1611825E+002, 1.2643039E+002, 1.2679042E+002, 9.2456368E+001, 1.0240082E+002, 1.1869942E+002, 1.2268662E+002, 1.1497368E+002, 1.0219428E+002, 9.6756017E+001, 1.0814642E+002, 1.2908584E+002, 1.6388210E+002, 1.7868217E+002, 1.2143687E+002, 9.3494674E+001, 1.1244472E+002, 1.4483755E+002, 1.8471611E+002, 2.1845630E+002, 1.6979688E+002, 9.5520127E+001, 1.2323471E+002, 1.5295208E+002, 1.8687423E+002, 1.8592182E+002, 1.5354561E+002, 9.2867653E+001, 9.3720462E+001, 1.0663414E+002, 1.2755745E+002, 1.3113665E+002, 9.1805531E+001, 1.0490876E+002, 1.2287893E+002, 1.3572640E+002, 1.1116618E+002, 1.7308652E+002, 1.1782152E+002, 2.4387817E+002, 2.5713784E+002, 2.5442539E+002, 1.8727649E+002, 2.9789849E+002, 1.1399994E+002, 2.4252140E+002, 3.6681581E+002, 3.3450412E+002, 1.9935722E+002, 3.5857249E+002, 1.1776655E+002, 3.0031125E+002, 2.9350765E+002, 1.9434315E+002, 1.2747799E+002, 1.1509725E+002, 8.7169974E+001, 9.8790469E+001, 1.1967385E+002, 1.1138134E+002, 9.1038618E+001, 1.1943834E+002, 1.0608476E+002, 9.6130605E+001, 9.2456705E+001, 9.1726285E+001, 8.9588080E+001, 7.6174940E+001, 6.1134622E+001, 4.3365909E+001, 3.5692330E+001, 3.3491171E+001, 3.2619164E+001, 3.1873662E+001, 1.3140279E+002, 1.1257138E+002, 9.5383776E+001, 9.3904873E+001, 8.9495164E+001, 8.5825492E+001, 8.0685498E+001, 5.9243590E+001, 4.2530600E+001, 3.7417121E+001, 3.5350483E+001, 3.2639225E+001, 3.0762287E+001, 9.3355241E+001, 9.4832317E+001, 9.5913517E+001, 9.5239120E+001, 9.3719141E+001, 9.1565019E+001, 8.7400781E+001, 5.2152904E+001, 3.3187533E+001, 3.2714436E+001, 3.2572230E+001, 1.3559664E+002, 1.3573242E+002, 1.3255692E+002, 1.2778262E+002, 1.1826631E+002, 9.9579739E+001, 7.3127867E+001, 5.9341872E+001, 4.1171508E+001, 3.6529896E+001, 3.3110624E+001, 1.3508949E+002, 1.2390123E+002, 1.8686502E+002, 1.7355448E+002, 2.5404991E+002, 2.1965917E+002, 1.2515396E+002, 1.0836643E+002, 6.8046136E+002, 5.4843446E+002, 3.2071179E+002, 2.0591313E+002, 1.6570519E+002, 3.0238804E+002, 4.5132055E+002
 2.2200343E+003, 1.0753019E+002, 1.1302550E+002, 1.2015033E+002, 1.3313953E+002, 1.5459276E+002, 1.1071735E+002, 1.0958691E+002, 1.1297720E+002, 1.2728676E+002, 1.4220719E+002, 1.7286367E+002, 1.1652161E+002, 1.0459548E+002, 1.1281103E+002, 1.2544338E+002, 1.5168016E+002, 1.5120574E+002, 1.4079521E+002, 9.7692275E+001, 1.0853775E+002, 1.1993155E+002, 1.3857728E+002, 1.3731938E+002, 1.3320224E+002, 9.6383784E+001, 9.8975449E+001, 1.0621740E+002, 1.1652101E+002, 1.2526677E+002, 9.0320351E+001, 9.6331368E+001, 1.1167258E+002, 1.2941279E+002, 1.4245163E+002, 9.5257003E+001, 9.5114554E+001, 1.0530304E+002, 1.4190836E+002, 1.8722882E+002, 2.0975058E+002, 1.2232317E+002, 9.7739303E+001, 1.1737666E+002, 1.5925869E+002, 1.8670967E+002, 1.8485429E+002, 1.9212669E+002, 9.4816669E+001, 1.2259744E+002, 1.6293312E+002, 1.5551712E+002, 1.5674756E+002, 1.4278639E+002, 9.2817933E+001, 9.9410178E+001, 1.0484405E+002, 1.1882767E+002, 1.3172568E+002, 8.6169066E+001, 1.0411433E+002, 1.2313335E+002, 1.4380656E+002, 1.2055941E+002, 1.7123721E+002, 1.2371584E+002, 2.9827906E+002, 3.2931433E+002, 2.9233316E+002, 2.2840828E+002, 3.3817566E+002, 1.2498968E+002, 2.5849104E+002, 3.7110680E+002, 2.9593085E+002, 1.8450211E+002, 3.0593694E+002, 1.2112121E+002, 2.6482735E+002, 2.3606019E+002, 1.6619864E+002, 1.2213686E+002, 1.0437712E+002, 9.2862764E+001, 9.9060255E+001, 1.0395261E+002, 9.8501373E+001, 9.0531569E+001, 1.1784866E+002, 1.1170729E+002, 9.6710946E+001, 9.4303882E+001, 9.2141334E+001, 8.9530112E+001, 7.4241085E+001, 6.0996421E+001, 4.3121968E+001, 3.6807771E+001, 3.3725917E+001, 3.2947629E+001, 3.2114451E+001, 1.3338289E+002, 1.1221967E+002, 9.6130168E+001, 9.3238395E+001, 8.9368193E+001, 8.6626835E+001, 7.7302625E+001, 5.8558140E+001, 4.3498337E+001, 3.7798206E+001, 3.5559635E+001, 3.2160233E+001, 2.9855987E+001, 9.4864565E+001, 9.5240258E+001, 9.5478699E+001, 9.4709189E+001, 9.3581260E+001, 9.1941418E+001, 8.9522167E+001, 7.3654059E+001, 3.4026799E+001, 3.2770602E+001, 3.2710929E+001, 1.3190435E+002, 1.3038750E+002, 1.2834200E+002, 1.2373989E+002, 1.1168571E+002, 8.9400887E+001, 7.5031823E+001, 6.3456229E+001, 4.3274536E+001, 3.8731626E+001, 3.6233359E+001, 1.3808354E+002, 1.2557283E+002, 1.8927938E+002, 1.7489365E+002, 2.5511013E+002, 2.2071933E+002, 1.2780327E+002, 1.0977962E+002, 6.4420683E+002, 5.5362612E+002, 3.6459024E+002, 2.1448733E+002, 1.6418520E+002, 3.2937961E+002, 4.4966902E+002
 2.2400128E+003, 1.0579561E+002, 1.0771738E+002, 1.1703190E+002, 1.2199126E+002, 1.3677910E+002, 1.0437821E+002, 1.0316303E+002, 1.0498649E+002, 1.1507033E+002, 1.3070036E+002, 1.6462984E+002, 1.1050609E+002, 9.8762631E+001, 1.0558111E+002, 1.2160084E+002, 1.4734358E+002, 1.7438752E+002, 1.3382389E+002, 9.6756426E+001, 1.0124458E+002, 1.2237766E+002, 1.5410533E+002, 1.5154591E+002, 1.3381001E+002, 9.5817351E+001, 9.7845849E+001, 1.1096756E+002, 1.1590327E+002, 1.1763504E+002, 8.6831787E+001, 9.2812243E+001, 1.1529561E+002, 1.2704503E+002, 1.2660757E+002, 9.1074274E+001, 9.2827657E+001, 9.7955779E+001, 1.2855947E+002, 1.7077899E+002, 2.1696651E+002, 1.1962529E+002, 9.5740765E+001, 1.1206290E+002, 1.4122497E+002, 2.1386896E+002, 2.2863675E+002, 1.8711109E+002, 9.4614466E+001, 1.1332159E+002, 1.5914454E+002, 1.7461326E+002, 1.6449784E+002, 1.3239075E+002, 9.4150441E+001, 9.9321958E+001, 1.0494962E+002, 1.0635081E+002, 1.1214058E+002, 9.1733830E+001, 1.2075129E+002, 1.4167457E+002, 1.3601341E+002, 1.1519543E+002, 1.8786233E+002, 1.2869132E+002, 2.6816342E+002, 3.3470621E+002, 2.8051774E+002, 1.9874109E+002, 3.1075176E+002, 1.1941441E+002, 2.6087655E+002, 3.7313772E+002, 3.2694344E+002, 1.9993342E+002, 3.2063614E+002, 1.1939040E+002, 2.3741680E+002, 2.4025100E+002, 1.8262123E+002, 1.2724852E+002, 1.1690413E+002, 8.8327448E+001, 9.2433236E+001, 9.4957581E+001, 1.0161310E+002, 9.1704137E+001, 1.1610710E+002, 1.0643503E+002, 9.6010778E+001, 9.3295871E+001, 9.2275645E+001, 8.9897545E+001, 7.5184578E+001, 6.2651648E+001, 4.6065343E+001, 3.6083813E+001, 3.3931631E+001, 3.3263267E+001, 3.2111561E+001, 1.3530739E+002, 1.2242773E+002, 9.9584793E+001, 9.5202348E+001, 9.4041677E+001, 8.8817731E+001, 8.1479886E+001, 6.0893289E+001, 4.3908335E+001, 3.7724182E+001, 3.5670657E+001, 3.2953164E+001, 3.0591124E+001, 9.7290432E+001, 9.8732247E+001, 9.9603125E+001, 9.8413469E+001, 9.6563489E+001, 9.4217448E+001, 9.0969136E+001, 6.6838031E+001, 3.4931309E+001, 3.2990408E+001, 3.2898099E+001, 1.3692647E+002, 1.3680338E+002, 1.3250462E+002, 1.2734526E+002, 1.2097473E+002, 8.9067434E+001, 7.6985629E+001, 6.2663356E+001, 4.1977883E+001, 3.7540294E+001, 3.4405650E+001, 1.4093918E+002, 1.2716243E+002, 1.9153716E+002, 1.7614482E+002, 2.5651443E+002, 2.2229970E+002, 1.3040059E+002, 1.1117099E+002, 6.4619189E+002, 5.7004293E+002, 3.7347196E+002, 2.3664363E+002, 1.7040026E+002, 3.5253525E+002, 4.5256798E+002
 2.2600375E+003, 1.0708615E+002, 1.1031572E+002, 1.1855548E+002, 1.3786353E+002, 1.4703612E+002, 1.0589361E+002, 1.0360085E+002, 1.0531439E+002, 1.1606788E+002, 1.3840401E+002, 1.5831792E+002, 1.0585762E+002, 1.0648784E+002, 1.0554145E+002, 1.1423607E+002, 1.4003851E+002, 1.6678604E+002, 1.1975076E+002, 1.0440563E+002, 1.0273429E+002, 1.0567818E+002, 1.2577581E+002, 1.4454587E+002, 1.2053515E+002, 1.0376927E+002, 1.0068805E+002, 1.0054505E+002, 1.0480305E+002, 1.1424324E+002, 9.2269856E+001, 1.0008892E+002, 1.2787153E+002, 1.3068891E+002, 1.2697356E+002, 9.7038304E+001, 9.5948974E+001, 1.0837286E+002, 1.5053142E+002, 1.8358672E+002, 2.0957018E+002, 1.2398688E+002, 9.6954423E+001, 1.0737051E+002, 1.4887109E+002, 2.0613259E+002, 2.2354200E+002, 1.7801735E+002, 9.5646423E+001, 1.0658705E+002, 1.3981321E+002, 1.5630016E+002, 1.6123990E+002, 1.2575439E+002, 9.5166300E+001, 9.5288551E+001, 9.8461519E+001, 1.0420494E+002, 1.1013754E+002, 9.0558948E+001, 1.1441823E+002, 1.2929280E+002, 1.2314202E+002, 1.2100648E+002, 1.7689726E+002, 1.4128016E+002, 2.8649770E+002, 3.3923342E+002, 2.9615227E+002, 2.1599638E+002, 3.6939732E+002, 1.2136558E+002, 2.7136316E+002, 3.9090588E+002, 3.0463891E+002, 1.9912460E+002, 2.8351776E+002, 1.1713990E+002, 2.4952939E+002, 2.1877191E+002, 1.6887193E+002, 1.2038606E+002, 1.0725968E+002, 9.0978099E+001, 1.0347002E+002, 1.0317081E+002, 9.4285686E+001, 8.7150597E+001, 1.1653548E+002, 1.0670180E+002, 9.7415242E+001, 9.5002139E+001, 9.3628389E+001, 9.1694921E+001, 8.0357909E+001, 6.3991511E+001, 4.5943732E+001, 3.5333365E+001, 3.3610852E+001, 3.2390326E+001, 3.1792493E+001, 1.3715151E+002, 1.1722350E+002, 1.0213567E+002, 9.6246607E+001, 9.2938203E+001, 8.8612569E+001, 8.0481943E+001, 5.8508967E+001, 4.1990993E+001, 3.7317060E+001, 3.6019418E+001, 3.2425374E+001, 3.0459129E+001, 9.6676906E+001, 1.0113546E+002, 1.0120261E+002, 9.9938939E+001, 9.7086871E+001, 9.3553582E+001, 8.7764220E+001, 5.4994163E+001, 3.7665911E+001, 3.4034975E+001, 3.3103621E+001, 1.3874628E+002, 1.3824491E+002, 1.3315374E+002, 1.2875616E+002, 1.1695604E+002, 8.8711760E+001, 7.8038172E+001, 6.1035671E+001, 4.1812432E+001, 3.5679505E+001, 3.2716255E+001, 1.4351228E+002, 1.2864361E+002, 1.9378107E+002, 1.7723504E+002, 2.5838357E+002, 2.2325949E+002, 1.3258502E+002, 1.1249856E+002, 6.5865110E+002, 5.4435881E+002, 2.7506665E+002, 1.6778075E+002, 1.3458645E+002, 2.8974461E+002, 4.5919850E+002
 2.2800164E+003, 1.0917619E+002, 1.1582274E+002, 1.2214277E+002, 1.3230874E+002, 1.4430926E+002, 1.1107804E+002, 1.0772603E+002, 1.1635172E+002, 1.3221656E+002, 1.4753409E+002, 1.6707146E+002, 1.2811412E+002, 1.0697926E+002, 1.1479653E+002, 1.3640541E+002, 1.5468400E+002, 1.6590580E+002, 1.3355813E+002, 1.0793079E+002, 1.0754740E+002, 1.1624317E+002, 1.2738814E+002, 1.4243601E+002, 1.2280685E+002, 1.0719651E+002, 1.0623810E+002, 1.0539514E+002, 1.1073341E+002, 1.1912274E+002, 9.0924100E+001, 1.0141181E+002, 1.1555658E+002, 1.2124664E+002, 1.3262392E+002, 9.9007168E+001, 9.7095711E+001, 1.1370781E+002, 1.4231527E+002, 1.6297979E+002, 2.0308366E+002, 1.4671691E+002, 9.9933896E+001, 1.1819430E+002, 1.8189398E+002, 2.1564301E+002, 2.1393866E+002, 1.8408552E+002, 9.6672728E+001, 1.1847918E+002, 1.3748155E+002, 1.5725494E+002, 1.6375234E+002, 1.3002781E+002, 9.6077230E+001, 9.6616644E+001, 1.0006227E+002, 1.0772382E+002, 1.0768944E+002, 9.0639132E+001, 1.0452674E+002, 1.2928897E+002, 1.3143088E+002, 1.2076826E+002, 1.5333954E+002, 1.2712300E+002, 2.2504538E+002, 2.5013229E+002, 2.4840520E+002, 2.0314342E+002, 3.2044873E+002, 1.2897785E+002, 2.9504836E+002, 4.1666925E+002, 3.4091413E+002, 2.2007839E+002, 3.2095912E+002, 1.2833557E+002, 2.4498082E+002, 2.4384453E+002, 1.7866440E+002, 1.2672300E+002, 1.1191068E+002, 9.2420642E+001, 1.0445404E+002, 1.0613160E+002, 9.6586551E+001, 8.8254898E+001, 1.2023689E+002, 1.1535888E+002, 1.0072169E+002, 9.7268327E+001, 9.6485445E+001, 9.4551789E+001, 8.2799177E+001, 6.2483905E+001, 4.1744901E+001, 3.5071629E+001, 3.3438886E+001, 3.2743738E+001, 3.2176954E+001, 1.3518422E+002, 1.1290103E+002, 9.7555678E+001, 9.4517584E+001, 9.0115251E+001, 8.9223427E+001, 8.2544903E+001, 6.2115668E+001, 4.2696167E+001, 3.7511781E+001, 3.6220689E+001, 3.3250766E+001, 3.0179955E+001, 9.6356352E+001, 9.9826953E+001, 1.0004064E+002, 9.9578391E+001, 9.7989152E+001, 9.4729190E+001, 8.5854277E+001, 5.7129921E+001, 3.8276498E+001, 3.4268454E+001, 3.3566955E+001, 1.3442684E+002, 1.3424931E+002, 1.3223334E+002, 1.2908361E+002, 1.0607271E+002, 9.0640901E+001, 8.1299543E+001, 6.0535728E+001, 4.3413720E+001, 3.6621441E+001, 3.2668094E+001, 1.4569338E+002, 1.2996356E+002, 1.9591032E+002, 1.7848591E+002, 2.6023585E+002, 2.2443680E+002, 1.3482760E+002, 1.1378498E+002, 6.2867362E+002, 5.0421714E+002, 3.1280440E+002, 2.0087739E+002, 1.5513112E+002, 2.9351506E+002, 4.6239407E+002
 2.3000312E+003, 1.0920294E+002, 1.1106093E+002, 1.1427510E+002, 1.2867472E+002, 1.3742797E+002, 1.1112011E+002, 1.0820609E+002, 1.1040055E+002, 1.1932553E+002, 1.4133934E+002, 1.6103932E+002, 1.1656635E+002, 1.0719143E+002, 1.1055309E+002, 1.2492154E+002, 1.4586095E+002, 1.6361379E+002, 1.3450588E+002, 1.0409183E+002, 1.0756929E+002, 1.1924381E+002, 1.3189335E+002, 1.4775953E+002, 1.2514118E+002, 1.0088250E+002, 1.0079146E+002, 1.0250178E+002, 1.1159884E+002, 1.1835220E+002, 9.3407079E+001, 1.0099589E+002, 1.2133710E+002, 1.1702627E+002, 1.3470458E+002, 9.8042394E+001, 9.7979071E+001, 1.0894289E+002, 1.4153873E+002, 1.6790275E+002, 2.1523813E+002, 1.2532551E+002, 9.9922642E+001, 1.1810728E+002, 1.5948534E+002, 1.9770293E+002, 2.1819955E+002, 1.7884515E+002, 9.8328373E+001, 1.1538652E+002, 1.5039491E+002, 1.6915082E+002, 1.6101905E+002, 1.3361157E+002, 9.7300773E+001, 9.8706956E+001, 1.0244553E+002, 1.0509468E+002, 1.1985955E+002, 9.4570031E+001, 1.2095342E+002, 1.3476455E+002, 1.4100234E+002, 1.1534979E+002, 1.7555037E+002, 1.2259672E+002, 2.7725677E+002, 3.0314005E+002, 2.8387281E+002, 2.0906664E+002, 3.3956613E+002, 1.2650332E+002, 2.7816919E+002, 3.8215918E+002, 3.1893328E+002, 2.1478258E+002, 2.9329799E+002, 1.2400051E+002, 2.4017219E+002, 2.2645513E+002, 1.6391832E+002, 1.2430092E+002, 1.1919930E+002, 9.0836994E+001, 9.7537808E+001, 1.0697111E+002, 1.1190106E+002, 1.0031358E+002, 1.2234532E+002, 1.1263676E+002, 1.0242723E+002, 9.7704436E+001, 9.7109028E+001, 9.5375883E+001, 8.1155968E+001, 6.2382745E+001, 4.1427604E+001, 3.5026653E+001, 3.4084089E+001, 3.2889099E+001, 3.2518207E+001, 1.4000075E+002, 1.1395688E+002, 9.7738213E+001, 9.6865007E+001, 9.3407159E+001, 9.0475089E+001, 8.2995712E+001, 6.1939500E+001, 4.0926849E+001, 3.7395196E+001, 3.6307031E+001, 3.3238925E+001, 3.0759355E+001, 9.6003501E+001, 9.9747200E+001, 1.0109827E+002, 9.8983530E+001, 9.6448529E+001, 9.3210875E+001, 8.5741961E+001, 6.7753451E+001, 3.6152370E+001, 3.4143291E+001, 3.3900782E+001, 1.3899134E+002, 1.3922768E+002, 1.3713889E+002, 1.2837670E+002, 1.1042081E+002, 9.6761652E+001, 8.1654097E+001, 6.3747368E+001, 4.4543525E+001, 3.6864807E+001, 3.4500889E+001, 1.4770325E+002, 1.3114280E+002, 1.9793267E+002, 1.7974688E+002, 2.6218155E+002, 2.2538116E+002, 1.3703837E+002, 1.1503868E+002, 6.3126490E+002, 5.4016572E+002, 3.2799988E+002, 2.1331779E+002, 1.5441598E+002, 2.7042641E+002, 4.6128834E+002
 2.3200301E+003, 1.1579625E+002, 1.1493973E+002, 1.2551233E+002, 1.5237834E+002, 1.5653364E+002, 1.1398943E+002, 1.1193266E+002, 1.1269918E+002, 1.2064443E+002, 1.5050697E+002, 1.7118540E+002, 1.1739697E+002, 1.0914880E+002, 1.1047345E+002, 1.2878760E+002, 1.5293413E+002, 1.6079422E+002, 1.3541882E+002, 1.0628998E+002, 1.0549889E+002, 1.1898409E+002, 1.2953492E+002, 1.2944239E+002, 1.1123771E+002, 1.0220536E+002, 1.0060635E+002, 1.0725408E+002, 1.0580450E+002, 1.0655524E+002, 9.6567863E+001, 1.0383368E+002, 1.3528372E+002, 1.4601717E+002, 1.5487617E+002, 1.0158216E+002, 9.9423057E+001, 1.0779076E+002, 1.3875749E+002, 1.9853866E+002, 2.1731937E+002, 1.2909616E+002, 9.8168546E+001, 1.1894784E+002, 1.7103653E+002, 1.9689025E+002, 1.9444262E+002, 1.7586426E+002, 9.7638025E+001, 1.1610480E+002, 1.5079077E+002, 1.3650535E+002, 1.2641815E+002, 1.1100296E+002, 9.8402792E+001, 9.9833443E+001, 1.0524383E+002, 1.0364548E+002, 1.0150507E+002, 8.9889985E+001, 1.1285312E+002, 1.5631019E+002, 1.5677222E+002, 1.4527951E+002, 1.7817491E+002, 1.2342050E+002, 2.4143459E+002, 3.5500022E+002, 3.0638807E+002, 2.1469602E+002, 3.5036347E+002, 1.2186362E+002, 2.7797437E+002, 3.6687491E+002, 3.0061147E+002, 2.0405792E+002, 2.4701384E+002, 1.3260582E+002, 2.6598945E+002, 1.8469387E+002, 1.3824701E+002, 1.1521887E+002, 1.0086703E+002, 9.0385668E+001, 1.0083796E+002, 9.8572469E+001, 9.5574978E+001, 9.1432700E+001, 1.1667643E+002, 1.1180100E+002, 1.0377314E+002, 9.8276176E+001, 9.6947852E+001, 9.5475760E+001, 8.2349588E+001, 6.3263181E+001, 4.5528282E+001, 3.6926631E+001, 3.4777821E+001, 3.3398994E+001, 3.2398757E+001, 1.3793940E+002, 1.2209858E+002, 9.6859915E+001, 9.7088938E+001, 9.3474565E+001, 9.1236121E+001, 8.2293788E+001, 6.1662510E+001, 4.2954301E+001, 3.8221800E+001, 3.6741413E+001, 3.2879060E+001, 3.0620949E+001, 9.5514880E+001, 9.8787802E+001, 1.0007164E+002, 9.9700014E+001, 9.7613859E+001, 9.5038352E+001, 9.1000649E+001, 5.7259770E+001, 3.6223725E+001, 3.4332944E+001, 3.3952310E+001, 1.3658978E+002, 1.3623666E+002, 1.3693229E+002, 1.2291554E+002, 9.9963760E+001, 9.2238161E+001, 7.9805102E+001, 5.8514246E+001, 4.2978176E+001, 3.8252777E+001, 3.4557043E+001, 1.4943703E+002, 1.3221069E+002, 1.9981636E+002, 1.8096382E+002, 2.6365166E+002, 2.2641214E+002, 1.3910435E+002, 1.1626724E+002, 6.2413936E+002, 5.2125073E+002, 3.2118742E+002, 1.8903320E+002, 1.4017256E+002, 2.8545339E+002, 4.6732460E+002
 2.3400083E+003, 1.1093799E+002, 1.0945003E+002, 1.2377631E+002, 1.3200780E+002, 1.3589817E+002, 1.0881831E+002, 1.0749343E+002, 1.1123934E+002, 1.2575031E+002, 1.4468118E+002, 1.5654591E+002, 1.2007075E+002, 1.0797258E+002, 1.1214516E+002, 1.3479128E+002, 1.4264337E+002, 1.6253367E+002, 1.2982924E+002, 1.0890335E+002, 1.0819281E+002, 1.1915687E+002, 1.2327268E+002, 1.3950027E+002, 1.2139224E+002, 1.0705806E+002, 1.0458080E+002, 1.0890488E+002, 1.1440142E+002, 1.1846117E+002, 9.7495739E+001, 1.0409365E+002, 1.2337347E+002, 1.2807604E+002, 1.4220971E+002, 1.0143174E+002, 1.0046463E+002, 1.0861341E+002, 1.5903141E+002, 1.6932611E+002, 2.0516166E+002, 1.2695686E+002, 1.0119202E+002, 1.1595119E+002, 1.5418404E+002, 1.8714259E+002, 1.9992830E+002, 1.6211959E+002, 1.0117892E+002, 1.1222750E+002, 1.3381683E+002, 1.4462636E+002, 1.4669084E+002, 1.2512683E+002, 1.0073879E+002, 1.0035330E+002, 1.0109060E+002, 1.0695428E+002, 1.1921766E+002, 9.3328991E+001, 1.0911280E+002, 1.4597144E+002, 1.4662223E+002, 1.6072302E+002, 1.6686520E+002, 1.1918090E+002, 2.3373298E+002, 3.1069152E+002, 3.0803508E+002, 2.3330054E+002, 3.0370697E+002, 1.2151070E+002, 2.4293482E+002, 3.5305903E+002, 2.9697702E+002, 1.9900750E+002, 2.9318688E+002, 1.1349123E+002, 2.7039131E+002, 2.2712535E+002, 1.8335912E+002, 1.2914294E+002, 1.2711794E+002, 8.4030801E+001, 9.9325239E+001, 1.0313465E+002, 1.0697096E+002, 1.0099734E+002, 1.1982061E+002, 1.1190755E+002, 1.0436110E+002, 1.0017346E+002, 9.7364500E+001, 9.4644812E+001, 8.5177530E+001, 6.0456981E+001, 4.3825528E+001, 3.7286192E+001, 3.5091828E+001, 3.3153153E+001, 3.2211151E+001, 1.3411747E+002, 1.1073160E+002, 9.9419588E+001, 9.8242523E+001, 9.4976638E+001, 9.3240479E+001, 8.5328109E+001, 6.4562974E+001, 4.3844077E+001, 3.9104327E+001, 3.7207703E+001, 3.3661173E+001, 3.1394852E+001, 9.7042754E+001, 9.9046971E+001, 9.9823314E+001, 1.0028261E+002, 9.9385944E+001, 9.7055909E+001, 9.3517239E+001, 6.7513947E+001, 3.6430838E+001, 3.4197575E+001, 3.4113214E+001, 1.3898090E+002, 1.3958217E+002, 1.3966173E+002, 1.3601625E+002, 1.0025735E+002, 9.2717974E+001, 8.1967436E+001, 6.4678788E+001, 4.1701189E+001, 3.6264074E+001, 3.3110586E+001, 1.5093953E+002, 1.3325733E+002, 2.0162771E+002, 1.8231802E+002, 2.6529304E+002, 2.2758508E+002, 1.4104557E+002, 1.1745488E+002, 6.4939211E+002, 5.3983825E+002, 3.0399827E+002, 2.0387500E+002, 1.9521837E+002, 3.6057952E+002, 4.7265195E+002
 2.3600294E+003, 1.1318986E+002, 1.1490615E+002, 1.2388355E+002, 1.3969958E+002, 1.4921111E+002, 1.1293650E+002, 1.1154595E+002, 1.1421915E+002, 1.2865623E+002, 1.4922509E+002, 1.6404010E+002, 1.2193902E+002, 1.1397899E+002, 1.2202077E+002, 1.2836846E+002, 1.5202137E+002, 1.6814131E+002, 1.3279979E+002, 1.1448822E+002, 1.1829972E+002, 1.2135024E+002, 1.2924888E+002, 1.3449301E+002, 1.2906890E+002, 1.0955740E+002, 1.0889028E+002, 1.1077791E+002, 1.1748501E+002, 1.2131618E+002, 9.8956165E+001, 1.1176448E+002, 1.2327820E+002, 1.2404709E+002, 1.4725104E+002, 1.1207995E+002, 1.0144082E+002, 1.2049828E+002, 1.6018705E+002, 1.7996653E+002, 2.1049508E+002, 1.3478304E+002, 1.0090710E+002, 1.1145223E+002, 1.6619592E+002, 1.9303188E+002, 2.1698561E+002, 1.7636327E+002, 9.9937716E+001, 1.2045733E+002, 1.4844222E+002, 1.4314973E+002, 1.4898913E+002, 1.2796270E+002, 1.0006039E+002, 1.0620224E+002, 1.1236077E+002, 1.1441405E+002, 1.1795669E+002, 9.5106976E+001, 1.0747398E+002, 1.1725731E+002, 1.3672226E+002, 1.3852672E+002, 1.8709890E+002, 1.2307839E+002, 2.8966260E+002, 3.0035187E+002, 2.8030575E+002, 2.2754307E+002, 3.6659134E+002, 1.2873796E+002, 2.7884673E+002, 4.2155388E+002, 3.5040379E+002, 2.0321213E+002, 2.9810109E+002, 1.2599252E+002, 2.2801970E+002, 1.9253973E+002, 1.5734326E+002, 1.1797013E+002, 1.0787336E+002, 9.2396543E+001, 1.0062835E+002, 1.0099937E+002, 9.4791941E+001, 9.0152143E+001, 1.2318209E+002, 1.1461657E+002, 1.0405474E+002, 1.0004056E+002, 9.8302663E+001, 9.5373996E+001, 8.6848202E+001, 6.2474065E+001, 4.6725762E+001, 3.6669264E+001, 3.4828428E+001, 3.3082025E+001, 3.2621026E+001, 1.3572323E+002, 1.1663705E+002, 1.0208228E+002, 1.0091668E+002, 9.4682588E+001, 9.1457501E+001, 8.5383841E+001, 6.6769109E+001, 4.3768674E+001, 3.8578933E+001, 3.6754103E+001, 3.2978497E+001, 2.9812480E+001, 9.8289853E+001, 9.9917628E+001, 1.0075548E+002, 9.9858429E+001, 9.8862130E+001, 9.7333067E+001, 9.4253005E+001, 5.8479947E+001, 3.4495091E+001, 3.4108580E+001, 3.4018615E+001, 1.3925733E+002, 1.3836933E+002, 1.3639618E+002, 1.3024642E+002, 1.0491795E+002, 9.3300483E+001, 8.1882044E+001, 6.5021392E+001, 4.4199302E+001, 3.5992549E+001, 3.2739850E+001, 1.5241094E+002, 1.3433843E+002, 2.0337701E+002, 1.8361471E+002, 2.6629954E+002, 2.2866801E+002, 1.4282122E+002, 1.1864594E+002, 6.4222414E+002, 5.2506504E+002, 3.3075005E+002, 2.0322924E+002, 1.6787777E+002, 3.4388722E+002, 4.7169270E+002
 2.3800015E+003, 1.1324084E+002, 1.1316582E+002, 1.2016362E+002, 1.3053827E+002, 1.4064735E+002, 1.1163189E+002, 1.1175926E+002, 1.1365195E+002, 1.2177863E+002, 1.3910018E+002, 1.6336429E+002, 1.1722061E+002, 1.1037540E+002, 1.1389251E+002, 1.2802563E+002, 1.5491270E+002, 1.6461019E+002, 1.4278870E+002, 1.0747639E+002, 1.1204505E+002, 1.2112000E+002, 1.4410276E+002, 1.4639248E+002, 1.2553887E+002, 1.0498680E+002, 1.0669555E+002, 1.0968035E+002, 1.1443864E+002, 1.1502916E+002, 9.6846882E+001, 1.0487431E+002, 1.1383053E+002, 1.1499120E+002, 1.3303407E+002, 1.0423993E+002, 1.0035196E+002, 1.1213355E+002, 1.4074918E+002, 1.5450519E+002, 1.9672186E+002, 1.3334497E+002, 1.0097378E+002, 1.1694277E+002, 1.7748418E+002, 1.9295894E+002, 2.3399885E+002, 1.8313324E+002, 1.0073881E+002, 1.1854699E+002, 1.4382945E+002, 1.6399704E+002, 1.6594034E+002, 1.2704086E+002, 1.0083726E+002, 1.0658595E+002, 1.0947531E+002, 1.0569605E+002, 1.1106356E+002, 9.5313765E+001, 1.0208315E+002, 1.1605835E+002, 1.4879792E+002, 1.3686673E+002, 1.8464723E+002, 1.2125236E+002, 2.8511197E+002, 2.8060110E+002, 2.8442398E+002, 2.2123942E+002, 3.4536391E+002, 1.2860178E+002, 2.5656346E+002, 4.1242426E+002, 3.6094306E+002, 2.1452268E+002, 3.2759401E+002, 1.2843398E+002, 2.2928721E+002, 2.1968407E+002, 1.6577623E+002, 1.1745510E+002, 1.0654013E+002, 9.1928040E+001, 9.8940695E+001, 9.9796006E+001, 1.0072260E+002, 9.5458968E+001, 1.2527853E+002, 1.1305006E+002, 1.0328398E+002, 9.8706734E+001, 9.8391265E+001, 9.6691911E+001, 8.5233802E+001, 6.4462376E+001, 4.9418512E+001, 3.6742255E+001, 3.4694312E+001, 3.3406092E+001, 3.2848284E+001, 1.4372631E+002, 1.2303544E+002, 1.0314469E+002, 1.0063642E+002, 9.5680259E+001, 9.2346536E+001, 8.4513601E+001, 6.6494499E+001, 4.4810634E+001, 3.9444840E+001, 3.7353479E+001, 3.2041760E+001, 3.1275462E+001, 1.0296805E+002, 1.0501957E+002, 1.0536352E+002, 1.0333693E+002, 1.0035996E+002, 9.7028454E+001, 9.2623219E+001, 6.5995144E+001, 3.4930908E+001, 3.4120433E+001, 3.4176608E+001, 1.4215855E+002, 1.4210964E+002, 1.4097756E+002, 1.3832838E+002, 1.1321551E+002, 9.3207518E+001, 8.1073623E+001, 6.3027426E+001, 4.6966942E+001, 3.7188519E+001, 3.5272254E+001, 1.5386150E+002, 1.3535965E+002, 2.0493050E+002, 1.8466972E+002, 2.6722665E+002, 2.2986553E+002, 1.4461349E+002, 1.1980678E+002, 6.3355421E+002, 5.4251308E+002, 3.3369638E+002, 2.2270495E+002, 1.7332041E+002, 3.1573034E+002, 4.6951602E+002
 2.4000150E+003, 1.1627522E+002, 1.1857845E+002, 1.2452385E+002, 1.3503147E+002, 1.5568624E+002, 1.1835328E+002, 1.1691084E+002, 1.2024690E+002, 1.3131905E+002, 1.4624429E+002, 1.6613548E+002, 1.2787362E+002, 1.1612526E+002, 1.2321700E+002, 1.4000018E+002, 1.5071840E+002, 1.5788519E+002, 1.4499428E+002, 1.1141644E+002, 1.1850009E+002, 1.2672024E+002, 1.2882242E+002, 1.3756441E+002, 1.1943387E+002, 1.0726169E+002, 1.0701753E+002, 1.0756156E+002, 1.1066602E+002, 1.1788164E+002, 1.0009607E+002, 1.0193821E+002, 1.1526139E+002, 1.2671354E+002, 1.4189538E+002, 1.0128156E+002, 1.0149706E+002, 1.1765300E+002, 1.4709076E+002, 1.8251781E+002, 2.1476721E+002, 1.5317754E+002, 1.0451991E+002, 1.4105284E+002, 1.6756236E+002, 2.0026617E+002, 2.0796599E+002, 1.7598863E+002, 1.0665412E+002, 1.2813265E+002, 1.3611747E+002, 1.5450870E+002, 1.7093476E+002, 1.3572079E+002, 1.0206986E+002, 1.0890727E+002, 1.1766329E+002, 1.1511605E+002, 1.2420348E+002, 9.2075127E+001, 1.0473525E+002, 1.2586561E+002, 1.3878415E+002, 1.2709110E+002, 1.8002276E+002, 1.2570758E+002, 2.6703087E+002, 3.1689910E+002, 2.7974091E+002, 2.0015649E+002, 3.1586229E+002, 1.3185609E+002, 2.9490361E+002, 3.8647735E+002, 3.3066035E+002, 2.2522870E+002, 3.0347410E+002, 1.2872462E+002, 2.4482049E+002, 2.4673344E+002, 1.7783038E+002, 1.3226347E+002, 1.2440495E+002, 9.8074290E+001, 1.1815279E+002, 1.1790516E+002, 1.1383984E+002, 1.0235547E+002, 1.2126518E+002, 1.1559023E+002, 1.0592813E+002, 1.0027820E+002, 9.9265814E+001, 9.8315560E+001, 8.5532545E+001, 6.2079239E+001, 5.0266565E+001, 3.7152379E+001, 3.5386369E+001, 3.4523240E+001, 3.2919703E+001, 1.4101025E+002, 1.2057891E+002, 1.0322417E+002, 1.0069240E+002, 9.5725461E+001, 9.3724555E+001, 8.4507669E+001, 6.3182713E+001, 4.5443512E+001, 4.0070437E+001, 3.7904639E+001, 3.4423631E+001, 3.0599741E+001, 1.0153645E+002, 1.0517013E+002, 1.0625004E+002, 1.0487644E+002, 1.0254475E+002, 9.9585767E+001, 9.5205379E+001, 5.9596832E+001, 3.5079266E+001, 3.4643680E+001, 3.4697068E+001, 1.3892943E+002, 1.3906461E+002, 1.3935358E+002, 1.3557507E+002, 1.1919039E+002, 9.5730998E+001, 8.3208121E+001, 6.4923503E+001, 4.4886833E+001, 3.8742192E+001, 3.4926710E+001, 1.5520561E+002, 1.3628252E+002, 2.0626140E+002, 1.8554915E+002, 2.6822276E+002, 2.3086999E+002, 1.4629480E+002, 1.2088856E+002, 6.2852173E+002, 5.4548623E+002, 3.4820920E+002, 2.3171903E+002, 1.6324465E+002, 2.7170173E+002, 4.7155039E+002
 2.4200139E+003, 1.2005839E+002, 1.2519435E+002, 1.2910531E+002, 1.3733057E+002, 1.4557443E+002, 1.2356066E+002, 1.1775248E+002, 1.2372791E+002, 1.3309015E+002, 1.4986246E+002, 1.6666501E+002, 1.3077019E+002, 1.1155557E+002, 1.2284929E+002, 1.4277089E+002, 1.5893811E+002, 1.7525076E+002, 1.4395526E+002, 1.0848746E+002, 1.1281022E+002, 1.2240084E+002, 1.3985748E+002, 1.4809974E+002, 1.2851403E+002, 1.0565449E+002, 1.0494857E+002, 1.0902426E+002, 1.1625792E+002, 1.2442014E+002, 9.8363842E+001, 1.0657581E+002, 1.1715253E+002, 1.2378935E+002, 1.3243666E+002, 1.0726110E+002, 1.1146998E+002, 1.2749159E+002, 1.5681563E+002, 1.6332136E+002, 1.8820823E+002, 1.5312054E+002, 1.0353334E+002, 1.2497818E+002, 1.7915614E+002, 2.1779831E+002, 2.3301716E+002, 1.8219590E+002, 1.0355379E+002, 1.3189192E+002, 1.5330583E+002, 1.8403677E+002, 1.8127753E+002, 1.4913896E+002, 1.0135939E+002, 1.0420881E+002, 1.1249487E+002, 1.2275792E+002, 1.3094476E+002, 9.8453330E+001, 1.1546708E+002, 1.1801152E+002, 1.3214593E+002, 1.2141189E+002, 2.1068814E+002, 1.2444269E+002, 2.8655479E+002, 2.7103656E+002, 2.2820384E+002, 1.5760845E+002, 3.4986100E+002, 1.3624750E+002, 3.1648549E+002, 4.2569149E+002, 3.5679497E+002, 2.2467508E+002, 3.3927843E+002, 1.2451900E+002, 2.9492931E+002, 2.5742935E+002, 1.8675347E+002, 1.3098230E+002, 1.1531377E+002, 9.9477173E+001, 1.1675715E+002, 1.1103341E+002, 1.0521062E+002, 9.9519430E+001, 1.2417900E+002, 1.1672987E+002, 1.0488977E+002, 1.0216203E+002, 9.9786719E+001, 9.7841564E+001, 8.8258766E+001, 6.4781110E+001, 4.7309252E+001, 3.7497005E+001, 3.5879166E+001, 3.4952496E+001, 3.2871097E+001, 1.3897515E+002, 1.2028378E+002, 1.0442900E+002, 1.0304255E+002, 9.8636980E+001, 9.4524149E+001, 8.6808690E+001, 6.3626483E+001, 4.5418549E+001, 3.9326410E+001, 3.7900066E+001, 3.4448048E+001, 3.1262934E+001, 1.0089981E+002, 1.0220379E+002, 1.0362947E+002, 1.0356265E+002, 1.0212861E+002, 9.9871701E+001, 9.5972266E+001, 7.7687928E+001, 3.5206892E+001, 3.4822894E+001, 3.4655695E+001, 1.4148124E+002, 1.4146457E+002, 1.3977507E+002, 1.3022859E+002, 1.1299806E+002, 9.6029378E+001, 8.3806060E+001, 6.6943742E+001, 4.4612020E+001, 3.7789720E+001, 3.4477225E+001, 1.5647439E+002, 1.3712268E+002, 2.0732741E+002, 1.8641150E+002, 2.6906528E+002, 2.3105349E+002, 1.4762088E+002, 1.2189903E+002, 6.8036484E+002, 5.3973803E+002, 3.1826370E+002, 2.1145726E+002, 1.3804039E+002, 2.3955658E+002, 4.7059291E+002
 2.4400445E+003, 1.1789083E+002, 1.1975397E+002, 1.2235508E+002, 1.3218851E+002, 1.4924585E+002, 1.1681229E+002, 1.1400182E+002, 1.1713497E+002, 1.2632214E+002, 1.3544468E+002, 1.5718260E+002, 1.2363523E+002, 1.0951054E+002, 1.1974873E+002, 1.3274288E+002, 1.4419775E+002, 1.6823725E+002, 1.3864149E+002, 1.0660632E+002, 1.1229816E+002, 1.2810388E+002, 1.5029167E+002, 1.6277695E+002, 1.4577326E+002, 1.0421341E+002, 1.0816415E+002, 1.1561023E+002, 1.2770567E+002, 1.2920278E+002, 1.0172191E+002, 1.0800365E+002, 1.1866401E+002, 1.3623720E+002, 1.5337319E+002, 1.0399891E+002, 1.0347507E+002, 1.1913508E+002, 1.5175872E+002, 1.8673361E+002, 2.1255692E+002, 1.3651781E+002, 1.0287975E+002, 1.3535172E+002, 1.5566489E+002, 1.9604680E+002, 2.1772537E+002, 1.7360270E+002, 1.0248944E+002, 1.2030110E+002, 1.5475927E+002, 1.7806905E+002, 1.9344668E+002, 1.4695299E+002, 1.0292591E+002, 1.0501444E+002, 1.1722354E+002, 1.1884464E+002, 1.2243865E+002, 9.6099787E+001, 1.2371358E+002, 1.3717209E+002, 1.4847995E+002, 1.3923417E+002, 2.0469779E+002, 1.2668564E+002, 2.8739643E+002, 3.2655642E+002, 2.6306445E+002, 1.8128627E+002, 3.6359737E+002, 1.3029225E+002, 2.7046678E+002, 3.9455175E+002, 3.4393661E+002, 2.0984513E+002, 3.3248121E+002, 1.1993692E+002, 2.2393553E+002, 2.2644820E+002, 1.9079134E+002, 1.4909948E+002, 1.2970952E+002, 9.0355988E+001, 1.0534689E+002, 1.0415025E+002, 1.0310052E+002, 1.0132931E+002, 1.2563250E+002, 1.1809408E+002, 1.0656432E+002, 1.0330282E+002, 1.0039622E+002, 9.8406212E+001, 8.8194112E+001, 6.7672322E+001, 4.6888964E+001, 3.8015140E+001, 3.6389593E+001, 3.4558947E+001, 3.3063999E+001, 1.4643981E+002, 1.1360094E+002, 1.0432619E+002, 1.0207967E+002, 9.9168082E+001, 9.5952580E+001, 8.8750264E+001, 6.7828797E+001, 4.4919422E+001, 3.9602501E+001, 3.7853357E+001, 3.4265184E+001, 3.1548109E+001, 9.9812050E+001, 1.0242183E+002, 1.0246489E+002, 1.0156836E+002, 1.0047140E+002, 9.8531024E+001, 9.5719644E+001, 5.7359730E+001, 3.5391915E+001, 3.4895919E+001, 3.4738084E+001, 1.3919455E+002, 1.3961987E+002, 1.3946202E+002, 1.3141121E+002, 1.1789560E+002, 1.0161609E+002, 8.2739501E+001, 6.5189942E+001, 4.6628838E+001, 3.6873465E+001, 3.5530443E+001, 1.5773044E+002, 1.3782293E+002, 2.0826687E+002, 1.8713189E+002, 2.6943622E+002, 2.3109307E+002, 1.4890974E+002, 1.2276144E+002, 6.5436507E+002, 5.7001234E+002, 3.7578393E+002, 2.3188955E+002, 1.7269545E+002, 2.8182449E+002, 4.6773712E+002
 2.4600350E+003, 1.1691437E+002, 1.1820763E+002, 1.2520101E+002, 1.3801311E+002, 1.5408643E+002, 1.1593382E+002, 1.1368242E+002, 1.1622405E+002, 1.3221634E+002, 1.5306619E+002, 1.7578409E+002, 1.2080703E+002, 1.1162373E+002, 1.1539821E+002, 1.3223973E+002, 1.4810482E+002, 1.6464281E+002, 1.4248256E+002, 1.0768250E+002, 1.1586087E+002, 1.2995545E+002, 1.4112570E+002, 1.4722029E+002, 1.3468468E+002, 1.0474977E+002, 1.0649841E+002, 1.1216237E+002, 1.2187459E+002, 1.2232876E+002, 1.0132342E+002, 1.0634776E+002, 1.2212509E+002, 1.3087601E+002, 1.5246852E+002, 1.0339723E+002, 1.0286168E+002, 1.0896442E+002, 1.5973645E+002, 1.9357062E+002, 2.2254913E+002, 1.2758710E+002, 1.0251834E+002, 1.1377351E+002, 1.5092153E+002, 1.9149195E+002, 2.2480230E+002, 1.7169097E+002, 1.0360700E+002, 1.3038819E+002, 1.5619962E+002, 1.5829757E+002, 1.6142875E+002, 1.4013611E+002, 1.0365315E+002, 1.0636094E+002, 1.1038250E+002, 1.1587663E+002, 1.1740669E+002, 9.9813355E+001, 1.1815194E+002, 1.3117194E+002, 1.2499764E+002, 1.1296395E+002, 2.0232043E+002, 1.1961424E+002, 2.9463050E+002, 3.3399505E+002, 2.8151322E+002, 1.8769227E+002, 3.0166010E+002, 1.2243371E+002, 2.2763113E+002, 3.4643090E+002, 3.5464445E+002, 2.5612677E+002, 3.0391030E+002, 1.3388030E+002, 2.5220234E+002, 2.2759543E+002, 1.8506385E+002, 1.6094140E+002, 1.3529868E+002, 9.9130325E+001, 1.0406699E+002, 1.1255334E+002, 1.1654625E+002, 1.1739239E+002, 1.2503739E+002, 1.2071345E+002, 1.0700568E+002, 1.0423267E+002, 1.0240610E+002, 9.9657421E+001, 8.5278155E+001, 6.4058205E+001, 4.7452869E+001, 3.7590384E+001, 3.6235726E+001, 3.3979010E+001, 3.3091472E+001, 1.3996249E+002, 1.2363119E+002, 1.0799664E+002, 1.0366717E+002, 9.7339679E+001, 9.6653452E+001, 8.6738122E+001, 6.6112527E+001, 4.4758405E+001, 3.9950911E+001, 3.8034665E+001, 3.4202395E+001, 3.1548432E+001, 1.0242218E+002, 1.0334288E+002, 1.0429273E+002, 1.0431816E+002, 1.0298703E+002, 1.0081015E+002, 9.7500728E+001, 7.3108781E+001, 3.7913817E+001, 3.5046059E+001, 3.5037086E+001, 1.3798951E+002, 1.3790580E+002, 1.3602067E+002, 1.3391284E+002, 1.1544032E+002, 9.7607078E+001, 8.5125602E+001, 6.5640195E+001, 4.4378469E+001, 3.8054466E+001, 3.4543566E+001, 1.5900203E+002, 1.3857809E+002, 2.0925860E+002, 1.8774059E+002, 2.6946366E+002, 2.3181561E+002, 1.5021612E+002, 1.2354637E+002, 6.0489108E+002, 5.4687888E+002, 3.7542732E+002, 2.6020656E+002, 2.0551764E+002, 2.9661172E+002, 4.6900971E+002
 2.4800441E+003, 1.1811130E+002, 1.2038373E+002, 1.2174084E+002, 1.2596052E+002, 1.4499884E+002, 1.1941907E+002, 1.1823247E+002, 1.2005543E+002, 1.2759702E+002, 1.3524563E+002, 1.6170333E+002, 1.2065630E+002, 1.1306749E+002, 1.1694349E+002, 1.3004474E+002, 1.4609470E+002, 1.6528217E+002, 1.4311590E+002, 1.0956824E+002, 1.1283234E+002, 1.3385967E+002, 1.4940260E+002, 1.5492827E+002, 1.5138376E+002, 1.0775091E+002, 1.0732385E+002, 1.2160954E+002, 1.3939744E+002, 1.4394521E+002, 1.0415865E+002, 1.0624208E+002, 1.1132581E+002, 1.2868347E+002, 1.5624892E+002, 1.0758452E+002, 1.0708597E+002, 1.1353062E+002, 1.3320179E+002, 1.6277643E+002, 2.0031337E+002, 1.2607287E+002, 1.0527904E+002, 1.1920293E+002, 1.4715631E+002, 1.7711336E+002, 2.1559868E+002, 1.7276092E+002, 1.0452150E+002, 1.1847520E+002, 1.7793850E+002, 1.7894231E+002, 1.7458443E+002, 1.6273103E+002, 1.0461416E+002, 1.0700187E+002, 1.2302625E+002, 1.4459116E+002, 1.3661771E+002, 9.4578358E+001, 1.0931203E+002, 1.4330736E+002, 1.7354045E+002, 1.4482600E+002, 1.7711015E+002, 1.2846818E+002, 2.4274361E+002, 2.7586182E+002, 3.0505559E+002, 1.9232950E+002, 3.1263346E+002, 1.2794351E+002, 2.4865642E+002, 3.6215601E+002, 3.1014608E+002, 2.0288200E+002, 3.0971832E+002, 1.3368810E+002, 3.0345602E+002, 2.6676773E+002, 1.8657218E+002, 1.3525355E+002, 1.3601113E+002, 9.4914183E+001, 1.0632924E+002, 1.1630795E+002, 1.2106035E+002, 1.1571779E+002, 1.2284044E+002, 1.1957859E+002, 1.0781619E+002, 1.0401329E+002, 1.0342126E+002, 1.0077254E+002, 8.7576397E+001, 6.8282928E+001, 4.9500597E+001, 3.7499517E+001, 3.5959694E+001, 3.4234445E+001, 3.3695577E+001, 1.3879687E+002, 1.2360158E+002, 1.0664531E+002, 1.0351903E+002, 9.8513962E+001, 9.7351816E+001, 8.6578735E+001, 6.6287205E+001, 4.5596831E+001, 4.0377912E+001, 3.6796103E+001, 3.2444832E+001, 3.0873837E+001, 1.0430349E+002, 1.0650557E+002, 1.0699505E+002, 1.0619462E+002, 1.0448775E+002, 1.0165542E+002, 9.8098300E+001, 7.2755568E+001, 3.6004115E+001, 3.5331130E+001, 3.5227976E+001, 1.4209646E+002, 1.4277121E+002, 1.3992997E+002, 1.3556376E+002, 1.2217703E+002, 9.6971540E+001, 8.7297214E+001, 6.7890301E+001, 4.6826532E+001, 3.9057527E+001, 3.3639903E+001, 1.6026292E+002, 1.3939735E+002, 2.1004409E+002, 1.8831114E+002, 2.6895934E+002, 2.3237264E+002, 1.5140622E+002, 1.2431759E+002, 6.4875293E+002, 5.3469432E+002, 3.5978457E+002, 2.1924998E+002, 1.8575133E+002, 2.9881030E+002, 4.6670254E+002
 2.5000391E+003, 1.1676753E+002, 1.2128051E+002, 1.2304603E+002, 1.3292350E+002, 1.4354289E+002, 1.1876676E+002, 1.1586449E+002, 1.2088350E+002, 1.2384774E+002, 1.3397266E+002, 1.5970613E+002, 1.1880297E+002, 1.1864397E+002, 1.1911127E+002, 1.2636675E+002, 1.3891898E+002, 1.6340108E+002, 1.3482991E+002, 1.1475008E+002, 1.1622315E+002, 1.2106567E+002, 1.3676971E+002, 1.4784834E+002, 1.2899321E+002, 1.0753845E+002, 1.1021681E+002, 1.1542912E+002, 1.1885220E+002, 1.2670333E+002, 1.0159238E+002, 1.0900228E+002, 1.1754958E+002, 1.3139953E+002, 1.3506286E+002, 1.0918488E+002, 1.0533798E+002, 1.1996645E+002, 1.3410965E+002, 1.6069111E+002, 2.0086088E+002, 1.2659581E+002, 1.0525805E+002, 1.1285163E+002, 1.4410181E+002, 1.9901005E+002, 2.1204174E+002, 1.7310851E+002, 1.0480152E+002, 1.1520915E+002, 1.4898506E+002, 1.7477920E+002, 1.6341700E+002, 1.4121712E+002, 1.0527407E+002, 1.0587920E+002, 1.1621598E+002, 1.2367770E+002, 1.2413436E+002, 9.1792898E+001, 1.1582772E+002, 1.2562473E+002, 1.3436819E+002, 1.2765197E+002, 1.7570383E+002, 1.1653905E+002, 2.4297453E+002, 3.1044649E+002, 2.9630451E+002, 2.2388303E+002, 3.0199851E+002, 1.2406525E+002, 2.4724682E+002, 3.7453016E+002, 3.2984179E+002, 2.3243403E+002, 2.9153996E+002, 1.2547257E+002, 2.7100362E+002, 2.3322090E+002, 1.7794418E+002, 1.3781444E+002, 1.2435262E+002, 9.9427481E+001, 1.1153513E+002, 1.0777776E+002, 1.0444781E+002, 1.0111213E+002, 1.2540280E+002, 1.1645698E+002, 1.0620205E+002, 1.0452365E+002, 1.0368709E+002, 1.0157938E+002, 8.8132795E+001, 6.3049512E+001, 4.6572627E+001, 3.8028501E+001, 3.5545709E+001, 3.4596717E+001, 3.4015502E+001, 1.4208113E+002, 1.2427812E+002, 1.0722694E+002, 1.0386963E+002, 1.0078222E+002, 9.8840742E+001, 9.1306466E+001, 6.3773788E+001, 4.6294631E+001, 4.1430931E+001, 3.8822548E+001, 3.4654152E+001, 3.2395897E+001, 1.0393837E+002, 1.0610506E+002, 1.0726143E+002, 1.0708480E+002, 1.0505844E+002, 1.0276371E+002, 9.9311392E+001, 7.0044934E+001, 3.6071975E+001, 3.5371373E+001, 3.5106206E+001, 1.4057278E+002, 1.3950414E+002, 1.3634284E+002, 1.3349156E+002, 1.2319592E+002, 9.7252021E+001, 8.6211413E+001, 6.5430633E+001, 4.8423125E+001, 4.0788900E+001, 3.6375146E+001, 1.6141480E+002, 1.4023199E+002, 2.1063168E+002, 1.8882542E+002, 2.6949485E+002, 2.3315279E+002, 1.5251203E+002, 1.2512506E+002, 6.3187326E+002, 5.3013228E+002, 3.3583243E+002, 2.1144759E+002, 1.7142600E+002, 3.3588187E+002, 4.7009616E+002
 2.5200019E+003, 1.2131741E+002, 1.2149752E+002, 1.2549089E+002, 1.3273974E+002, 1.4618126E+002, 1.2219264E+002, 1.1972849E+002, 1.2338570E+002, 1.3019724E+002, 1.3911116E+002, 1.5250399E+002, 1.2189361E+002, 1.2080917E+002, 1.2104303E+002, 1.2623686E+002, 1.5039237E+002, 1.6761530E+002, 1.4060422E+002, 1.1300142E+002, 1.1707470E+002, 1.2940441E+002, 1.4986890E+002, 1.6750218E+002, 1.4912809E+002, 1.1135929E+002, 1.1385110E+002, 1.1941595E+002, 1.2845722E+002, 1.3827387E+002, 1.0184185E+002, 1.0477558E+002, 1.1646585E+002, 1.3592527E+002, 1.5825221E+002, 1.0558327E+002, 1.0574548E+002, 1.2248534E+002, 1.3422132E+002, 1.5699055E+002, 1.9687838E+002, 1.3568262E+002, 1.0841572E+002, 1.3254962E+002, 1.4949555E+002, 2.0952463E+002, 2.1778258E+002, 1.9011679E+002, 1.0882626E+002, 1.3333496E+002, 1.6158066E+002, 1.8933525E+002, 1.7766348E+002, 1.5396259E+002, 1.0650662E+002, 1.0868023E+002, 1.2774386E+002, 1.3215142E+002, 1.3209161E+002, 9.4689237E+001, 1.0767703E+002, 1.2226381E+002, 1.5010467E+002, 1.3056646E+002, 1.7775370E+002, 1.2456097E+002, 2.7682387E+002, 2.8322645E+002, 2.5925013E+002, 2.0439944E+002, 3.2266572E+002, 1.2841733E+002, 2.6672268E+002, 3.9758931E+002, 3.3487432E+002, 2.0636708E+002, 3.2214551E+002, 1.3300628E+002, 3.0907586E+002, 2.7109945E+002, 1.6849125E+002, 1.2768775E+002, 1.2367588E+002, 1.0395565E+002, 1.1863650E+002, 1.1565729E+002, 1.0876466E+002, 9.9790629E+001, 1.2419922E+002, 1.1893501E+002, 1.0986284E+002, 1.0579044E+002, 1.0421217E+002, 1.0207258E+002, 8.9852596E+001, 6.5054593E+001, 4.7985457E+001, 3.8715102E+001, 3.6396111E+001, 3.5423642E+001, 3.4559870E+001, 1.4549967E+002, 1.2565912E+002, 1.0732065E+002, 1.0600795E+002, 1.0357224E+002, 9.9197745E+001, 8.9413919E+001, 6.4017176E+001, 4.6544450E+001, 4.1041547E+001, 3.9178592E+001, 3.5282667E+001, 3.1544818E+001, 1.0604550E+002, 1.0711053E+002, 1.0884307E+002, 1.0877465E+002, 1.0774368E+002, 1.0550047E+002, 1.0146654E+002, 5.6040803E+001, 3.5829708E+001, 3.5373510E+001, 3.5255089E+001, 1.3889299E+002, 1.3899819E+002, 1.3844015E+002, 1.3466571E+002, 1.2710290E+002, 1.0752970E+002, 8.4824247E+001, 6.6311000E+001, 4.5544297E+001, 4.0352762E+001, 3.5447823E+001, 1.6243079E+002, 1.4099315E+002, 2.1114179E+002, 1.8935024E+002, 2.7087346E+002, 2.3322304E+002, 1.5347738E+002, 1.2590735E+002, 6.9658012E+002, 5.5104328E+002, 3.4252766E+002, 2.4881188E+002, 2.2005806E+002, 3.7154546E+002, 4.6326438E+002
 2.5400474E+003, 1.1727817E+002, 1.1966661E+002, 1.2059405E+002, 1.3223658E+002, 1.4752370E+002, 1.1663383E+002, 1.1622512E+002, 1.2266576E+002, 1.2690981E+002, 1.3906656E+002, 1.6165397E+002, 1.2501643E+002, 1.1765862E+002, 1.2323420E+002, 1.3211932E+002, 1.5049851E+002, 1.6681042E+002, 1.4330181E+002, 1.1757203E+002, 1.2375229E+002, 1.3499831E+002, 1.4575690E+002, 1.5661706E+002, 1.4092667E+002, 1.2120950E+002, 1.1897266E+002, 1.2828461E+002, 1.3429999E+002, 1.3717375E+002, 1.0417207E+002, 1.0701320E+002, 1.2429255E+002, 1.4419993E+002, 1.5949204E+002, 1.0708036E+002, 1.0663702E+002, 1.1721882E+002, 1.3234194E+002, 1.7361218E+002, 2.2154099E+002, 1.2591081E+002, 1.0776883E+002, 1.1766421E+002, 1.4653271E+002, 1.8917433E+002, 2.2103355E+002, 1.7584560E+002, 1.0705821E+002, 1.2561673E+002, 1.6113131E+002, 1.6959466E+002, 1.6310649E+002, 1.4980349E+002, 1.0670883E+002, 1.1176127E+002, 1.3127536E+002, 1.3849229E+002, 1.3343635E+002, 9.4062600E+001, 1.1558022E+002, 1.4167041E+002, 1.6828496E+002, 1.4078695E+002, 1.8370021E+002, 1.2538869E+002, 2.5083915E+002, 3.3093955E+002, 3.0631724E+002, 2.0640842E+002, 3.2244757E+002, 1.2862317E+002, 2.7037714E+002, 3.7781281E+002, 2.9827869E+002, 1.8775179E+002, 3.0199028E+002, 1.3331271E+002, 2.7140317E+002, 2.4369058E+002, 1.7269543E+002, 1.3265535E+002, 1.2504607E+002, 9.7557485E+001, 1.1701167E+002, 1.2504176E+002, 1.1753666E+002, 1.0701712E+002, 1.3320221E+002, 1.1826262E+002, 1.0868914E+002, 1.0632374E+002, 1.0457100E+002, 1.0231868E+002, 9.1643716E+001, 6.5957524E+001, 4.8203066E+001, 4.0276398E+001, 3.7614062E+001, 3.6164251E+001, 3.4359970E+001, 1.4299557E+002, 1.2720625E+002, 1.0968691E+002, 1.0666413E+002, 1.0327658E+002, 9.9661302E+001, 9.6157743E+001, 6.5387606E+001, 4.5314556E+001, 4.0431299E+001, 3.7536123E+001, 3.3209807E+001, 3.1522188E+001, 1.0352007E+002, 1.0516104E+002, 1.0675425E+002, 1.0664085E+002, 1.0569229E+002, 1.0363352E+002, 9.9817291E+001, 5.5638275E+001, 3.6441014E+001, 3.5762639E+001, 3.5632229E+001, 1.3623941E+002, 1.3596859E+002, 1.3479169E+002, 1.3160757E+002, 1.1740266E+002, 1.0251101E+002, 8.8280261E+001, 6.9512079E+001, 4.8145775E+001, 4.0287382E+001, 3.5364946E+001, 1.6350553E+002, 1.4170483E+002, 2.1152691E+002, 1.8968310E+002, 2.7120201E+002, 2.3328712E+002, 1.5442583E+002, 1.2657379E+002, 6.5637264E+002, 5.3613394E+002, 3.3310218E+002, 2.0333513E+002, 1.4018445E+002, 2.8691849E+002, 4.6053432E+002
 2.5600342E+003, 1.2275340E+002, 1.2431906E+002, 1.2717884E+002, 1.3762700E+002, 1.6111977E+002, 1.2273752E+002, 1.2142654E+002, 1.2718002E+002, 1.3057108E+002, 1.3705696E+002, 1.6680649E+002, 1.3319588E+002, 1.2160913E+002, 1.2857532E+002, 1.3434924E+002, 1.4385707E+002, 1.6104959E+002, 1.4397386E+002, 1.2287677E+002, 1.2729987E+002, 1.4325009E+002, 1.4792253E+002, 1.5147874E+002, 1.4271920E+002, 1.1679022E+002, 1.2122175E+002, 1.2358895E+002, 1.3383250E+002, 1.3984819E+002, 1.0442315E+002, 1.0943504E+002, 1.2978997E+002, 1.4236780E+002, 1.5205744E+002, 1.0856933E+002, 1.0746166E+002, 1.2299551E+002, 1.4140097E+002, 1.9894034E+002, 2.2307790E+002, 1.4540899E+002, 1.0714309E+002, 1.3067118E+002, 1.5450922E+002, 1.9389732E+002, 2.1564513E+002, 1.7972420E+002, 1.0751880E+002, 1.2938164E+002, 1.5739686E+002, 1.7488592E+002, 1.7339991E+002, 1.5461547E+002, 1.0702481E+002, 1.0948793E+002, 1.1337659E+002, 1.2627413E+002, 1.3312779E+002, 9.0873246E+001, 1.1965889E+002, 1.3131505E+002, 1.3023285E+002, 1.3859204E+002, 1.9228670E+002, 1.2985588E+002, 3.0080165E+002, 3.6733948E+002, 2.9734759E+002, 2.2136904E+002, 3.5262324E+002, 1.3516169E+002, 2.7220806E+002, 3.8417384E+002, 3.3165665E+002, 2.0710905E+002, 2.8445332E+002, 1.3114637E+002, 2.5005521E+002, 2.1982562E+002, 1.7529728E+002, 1.3336222E+002, 1.2159421E+002, 9.0344170E+001, 1.0798537E+002, 1.1207086E+002, 1.0680778E+002, 1.0636929E+002, 1.2851696E+002, 1.1772356E+002, 1.0898422E+002, 1.0715075E+002, 1.0354634E+002, 1.0233701E+002, 9.5856045E+001, 6.5415997E+001, 4.6519526E+001, 3.9518491E+001, 3.8480668E+001, 3.6259492E+001, 3.4613219E+001, 1.4300574E+002, 1.2741182E+002, 1.0864123E+002, 1.0753247E+002, 1.0509228E+002, 1.0070349E+002, 9.4899017E+001, 6.4441491E+001, 4.6236763E+001, 4.0927805E+001, 3.7557599E+001, 3.4607362E+001, 3.2464397E+001, 1.0317914E+002, 1.0614638E+002, 1.0810203E+002, 1.0738248E+002, 1.0595546E+002, 1.0353010E+002, 9.8696868E+001, 7.1993198E+001, 3.7842482E+001, 3.6160109E+001, 3.5887849E+001, 1.3995988E+002, 1.3953844E+002, 1.3747020E+002, 1.3534650E+002, 1.3080750E+002, 1.0892051E+002, 9.0225971E+001, 6.4793371E+001, 4.5551851E+001, 3.8104720E+001, 3.5290500E+001, 1.6432894E+002, 1.4228488E+002, 2.1232308E+002, 1.9010676E+002, 2.7195887E+002, 2.3341816E+002, 1.5545563E+002, 1.2724691E+002, 6.6103066E+002, 5.6183113E+002, 3.3375367E+002, 2.0361864E+002, 1.3640872E+002, 2.7949240E+002, 4.6893555E+002
 2.5800264E+003, 1.2200535E+002, 1.2523115E+002, 1.2969789E+002, 1.3392014E+002, 1.4425800E+002, 1.2530471E+002, 1.2302893E+002, 1.2656752E+002, 1.2733280E+002, 1.3935751E+002, 1.5413514E+002, 1.2467246E+002, 1.2137240E+002, 1.2381755E+002, 1.2526428E+002, 1.4448513E+002, 1.7053790E+002, 1.3425971E+002, 1.1977546E+002, 1.2326508E+002, 1.2716422E+002, 1.3908416E+002, 1.5803290E+002, 1.3445531E+002, 1.1545349E+002, 1.1917780E+002, 1.2364634E+002, 1.2801155E+002, 1.3423700E+002, 1.0277500E+002, 1.0889259E+002, 1.1188275E+002, 1.2016520E+002, 1.2911871E+002, 1.1177167E+002, 1.0834941E+002, 1.1803374E+002, 1.3955954E+002, 1.7136733E+002, 1.8659164E+002, 1.3119943E+002, 1.1009083E+002, 1.2875462E+002, 1.4323394E+002, 1.9054315E+002, 2.4484691E+002, 1.6542340E+002, 1.0916590E+002, 1.2025011E+002, 1.4419252E+002, 1.8145328E+002, 2.0026979E+002, 1.7087126E+002, 1.0824421E+002, 1.1055737E+002, 1.2038152E+002, 1.4666480E+002, 1.5313977E+002, 9.3067999E+001, 1.0821153E+002, 1.2361900E+002, 1.3231277E+002, 1.1897203E+002, 1.8424361E+002, 1.2742052E+002, 2.5450333E+002, 2.7634392E+002, 2.6799756E+002, 2.0033726E+002, 3.0696856E+002, 1.3209727E+002, 2.6611617E+002, 3.7952249E+002, 3.3107570E+002, 1.9091858E+002, 3.5803521E+002, 1.3733886E+002, 3.1067938E+002, 2.9593301E+002, 2.1745965E+002, 1.4823790E+002, 1.3754787E+002, 9.2958541E+001, 1.1937242E+002, 1.3726262E+002, 1.3004985E+002, 1.1087799E+002, 1.3107035E+002, 1.2087250E+002, 1.1067005E+002, 1.0753975E+002, 1.0519974E+002, 1.0287294E+002, 9.5514844E+001, 6.4495251E+001, 4.6043074E+001, 3.9693067E+001, 3.7536233E+001, 3.5788956E+001, 3.4340463E+001, 1.4170599E+002, 1.2261486E+002, 1.1088257E+002, 1.0884825E+002, 1.0433471E+002, 1.0045965E+002, 9.4866399E+001, 6.5481386E+001, 4.6562933E+001, 4.1607295E+001, 3.9045060E+001, 3.5826293E+001, 3.2552053E+001, 1.0329612E+002, 1.0412737E+002, 1.0559990E+002, 1.0618048E+002, 1.0571480E+002, 1.0436794E+002, 1.0057456E+002, 6.4596577E+001, 3.7471294E+001, 3.6287721E+001, 3.5990540E+001, 1.4153772E+002, 1.4180202E+002, 1.4035188E+002, 1.3418610E+002, 1.1837472E+002, 1.0903242E+002, 8.7703809E+001, 6.7528970E+001, 4.4652223E+001, 3.6385269E+001, 3.4553818E+001, 1.6519284E+002, 1.4286253E+002, 2.1314981E+002, 1.9027361E+002, 2.7277658E+002, 2.3307050E+002, 1.5621317E+002, 1.2778702E+002, 6.7135979E+002, 5.5358659E+002, 3.5427417E+002, 2.3920131E+002, 2.0995781E+002, 3.8395905E+002, 4.5628069E+002
 2.6000198E+003, 1.2325342E+002, 1.2133433E+002, 1.2156416E+002, 1.2971330E+002, 1.4435548E+002, 1.2255808E+002, 1.2265717E+002, 1.2104312E+002, 1.2438731E+002, 1.3858180E+002, 1.5937314E+002, 1.2689253E+002, 1.1630751E+002, 1.2665066E+002, 1.3733396E+002, 1.5141631E+002, 1.6954911E+002, 1.4389357E+002, 1.1343428E+002, 1.2225563E+002, 1.2699247E+002, 1.4099387E+002, 1.5504652E+002, 1.3516609E+002, 1.1221899E+002, 1.1522365E+002, 1.1845739E+002, 1.2367775E+002, 1.3141734E+002, 1.0729050E+002, 1.0755644E+002, 1.1225628E+002, 1.3117728E+002, 1.4013833E+002, 1.0811651E+002, 1.0771890E+002, 1.1001285E+002, 1.2698432E+002, 1.6425112E+002, 1.9376621E+002, 1.2235522E+002, 1.1164772E+002, 1.2745979E+002, 1.5508924E+002, 1.9098188E+002, 2.1678172E+002, 1.8856970E+002, 1.0900916E+002, 1.3354453E+002, 1.7128087E+002, 1.8156222E+002, 1.7893322E+002, 1.5606926E+002, 1.0778878E+002, 1.0994505E+002, 1.2114613E+002, 1.3980627E+002, 1.4123476E+002, 9.5944809E+001, 1.0948760E+002, 1.2728718E+002, 1.3447542E+002, 1.3081410E+002, 1.8548493E+002, 1.2678993E+002, 2.6090145E+002, 2.7505039E+002, 2.6350482E+002, 2.1889023E+002, 3.2477652E+002, 1.2761217E+002, 2.4259740E+002, 3.8404094E+002, 3.4876441E+002, 2.2843120E+002, 3.1150912E+002, 1.3805040E+002, 2.8943975E+002, 2.4047227E+002, 1.7179841E+002, 1.3297920E+002, 1.2293827E+002, 9.7951712E+001, 1.1386626E+002, 1.2320500E+002, 1.1373630E+002, 1.0236156E+002, 1.3297292E+002, 1.2466774E+002, 1.1107096E+002, 1.0857259E+002, 1.0567808E+002, 1.0309749E+002, 9.0646132E+001, 6.5984061E+001, 4.6665926E+001, 4.0311621E+001, 3.8348185E+001, 3.6618199E+001, 3.5280946E+001, 1.4325267E+002, 1.1908014E+002, 1.0895502E+002, 1.0636003E+002, 1.0187334E+002, 1.0063452E+002, 9.1819652E+001, 6.4786061E+001, 4.5717401E+001, 4.1062549E+001, 3.8713817E+001, 3.5985258E+001, 3.2943033E+001, 1.0586737E+002, 1.0708007E+002, 1.0841820E+002, 1.0796397E+002, 1.0591557E+002, 1.0353386E+002, 1.0076129E+002, 7.3569532E+001, 3.7324173E+001, 3.6378961E+001, 3.6257033E+001, 1.4295724E+002, 1.4218911E+002, 1.4047193E+002, 1.3282249E+002, 1.1457167E+002, 1.0193630E+002, 8.8853765E+001, 6.8769485E+001, 4.5846451E+001, 3.5501836E+001, 3.3800995E+001, 1.6609024E+002, 1.4349087E+002, 2.1350009E+002, 1.9019839E+002, 2.7324068E+002, 2.3337185E+002, 1.5683948E+002, 1.2824981E+002, 6.5117424E+002, 5.4916166E+002, 3.1487344E+002, 2.1581766E+002, 1.8559156E+002, 3.3823795E+002, 4.5904559E+002
 2.6200186E+003, 1.2092137E+002, 1.2022069E+002, 1.2256903E+002, 1.2739907E+002, 1.3823282E+002, 1.2013530E+002, 1.2053794E+002, 1.2141270E+002, 1.2925374E+002, 1.3844439E+002, 1.5262280E+002, 1.2843520E+002, 1.1330438E+002, 1.2290530E+002, 1.4165585E+002, 1.5707982E+002, 1.6771536E+002, 1.5544254E+002, 1.1137488E+002, 1.1932068E+002, 1.4250552E+002, 1.5662477E+002, 1.6066882E+002, 1.4577166E+002, 1.1133971E+002, 1.1418234E+002, 1.2696404E+002, 1.3466225E+002, 1.3848231E+002, 1.0886946E+002, 1.0939486E+002, 1.2361142E+002, 1.2865230E+002, 1.5908942E+002, 1.0914836E+002, 1.0945594E+002, 1.1374494E+002, 1.3481119E+002, 1.6528165E+002, 2.0923188E+002, 1.3163389E+002, 1.0974848E+002, 1.2235760E+002, 1.7175684E+002, 1.9838351E+002, 1.9481628E+002, 2.0626147E+002, 1.0851690E+002, 1.2519963E+002, 1.7254761E+002, 1.7702966E+002, 1.6392017E+002, 1.5474845E+002, 1.0869738E+002, 1.1078893E+002, 1.2183148E+002, 1.2758537E+002, 1.3612882E+002, 9.8787447E+001, 1.1492859E+002, 1.6410446E+002, 1.7899221E+002, 1.6361754E+002, 1.6715488E+002, 1.2452661E+002, 2.3837285E+002, 3.1427105E+002, 3.2992874E+002, 2.4114695E+002, 3.3124335E+002, 1.2957482E+002, 2.6865534E+002, 3.5158226E+002, 2.7226517E+002, 1.9559095E+002, 2.5911100E+002, 1.3891859E+002, 2.7239139E+002, 2.1390913E+002, 1.5564678E+002, 1.2695116E+002, 1.1437676E+002, 9.7409789E+001, 1.1047342E+002, 1.1061664E+002, 1.0483819E+002, 9.9072089E+001, 1.2831730E+002, 1.2002422E+002, 1.0945867E+002, 1.0828977E+002, 1.0604651E+002, 1.0404206E+002, 9.1229512E+001, 6.5954353E+001, 4.4533071E+001, 4.0307916E+001, 3.7969599E+001, 3.5870761E+001, 3.5366722E+001, 1.4373969E+002, 1.2441330E+002, 1.0826625E+002, 1.0576071E+002, 1.0322036E+002, 1.0152553E+002, 9.3316899E+001, 6.8724740E+001, 4.8866540E+001, 4.1315721E+001, 3.9735171E+001, 3.5135517E+001, 3.1921542E+001, 1.0423427E+002, 1.0617562E+002, 1.0802199E+002, 1.0948339E+002, 1.0844523E+002, 1.0616586E+002, 1.0245225E+002, 7.8172193E+001, 3.9006302E+001, 3.6859601E+001, 3.6647039E+001, 1.4482500E+002, 1.4476310E+002, 1.4379841E+002, 1.3855835E+002, 1.2610877E+002, 1.0571573E+002, 8.6738601E+001, 6.7467949E+001, 4.9245765E+001, 4.0060056E+001, 3.5960806E+001, 1.6688563E+002, 1.4398132E+002, 2.1392579E+002, 1.9043131E+002, 2.7296280E+002, 2.3379999E+002, 1.5740721E+002, 1.2872727E+002, 6.2882330E+002, 5.3952181E+002, 3.7563797E+002, 2.2184404E+002, 1.5103296E+002, 3.0932608E+002, 4.6718333E+002
 2.6400317E+003, 1.1855034E+002, 1.2347912E+002, 1.2613797E+002, 1.3687758E+002, 1.4477557E+002, 1.1952161E+002, 1.1867440E+002, 1.2294831E+002, 1.2952317E+002, 1.4548306E+002, 1.6690039E+002, 1.2427960E+002, 1.1935378E+002, 1.2196591E+002, 1.2931077E+002, 1.5032874E+002, 1.7949405E+002, 1.2898974E+002, 1.1874420E+002, 1.1655976E+002, 1.2003568E+002, 1.2720283E+002, 1.5103897E+002, 1.2813319E+002, 1.1628019E+002, 1.1293446E+002, 1.1225027E+002, 1.1514861E+002, 1.2576316E+002, 1.0974998E+002, 1.1123035E+002, 1.2369703E+002, 1.3895655E+002, 1.5254100E+002, 1.1065495E+002, 1.0990465E+002, 1.1485261E+002, 1.3463389E+002, 1.7015919E+002, 2.0883899E+002, 1.3322972E+002, 1.1024846E+002, 1.3157611E+002, 1.6981878E+002, 2.2354627E+002, 2.4589462E+002, 1.8566183E+002, 1.0918932E+002, 1.2342428E+002, 1.4914378E+002, 1.7373591E+002, 1.7228741E+002, 1.3540575E+002, 1.0961746E+002, 1.0955731E+002, 1.1167620E+002, 1.1574610E+002, 1.1559424E+002, 1.0024768E+002, 1.1360175E+002, 1.3604538E+002, 1.4860311E+002, 1.2755590E+002, 1.7027518E+002, 1.2859942E+002, 2.4940032E+002, 3.3371904E+002, 2.9722389E+002, 2.1431611E+002, 3.6514067E+002, 1.3570523E+002, 2.7494036E+002, 4.0123236E+002, 3.1875348E+002, 2.1247773E+002, 3.4320086E+002, 1.2516651E+002, 2.6599310E+002, 2.4282671E+002, 2.0387207E+002, 1.5949156E+002, 1.3268308E+002, 9.1747237E+001, 1.0608760E+002, 1.0990353E+002, 1.0738149E+002, 1.0419718E+002, 1.2543468E+002, 1.1844038E+002, 1.1038870E+002, 1.0859568E+002, 1.0645332E+002, 1.0485808E+002, 9.1989938E+001, 6.8942495E+001, 4.7127849E+001, 3.9094209E+001, 3.7743952E+001, 3.6076096E+001, 3.5128944E+001, 1.5176563E+002, 1.2286411E+002, 1.0859662E+002, 1.0621269E+002, 1.0304679E+002, 1.0220312E+002, 9.2603646E+001, 6.7336537E+001, 4.7469022E+001, 4.1301762E+001, 4.0164367E+001, 3.4646597E+001, 3.1813922E+001, 1.0655773E+002, 1.1020412E+002, 1.1041257E+002, 1.0993849E+002, 1.0872982E+002, 1.0689543E+002, 1.0435381E+002, 6.8882952E+001, 3.8608256E+001, 3.7230843E+001, 3.6768804E+001, 1.4650072E+002, 1.4561405E+002, 1.4264129E+002, 1.4014526E+002, 1.2974091E+002, 1.0967363E+002, 9.0649100E+001, 7.1017518E+001, 4.7231560E+001, 3.8924119E+001, 3.4624026E+001, 1.6755700E+002, 1.4444269E+002, 2.1437322E+002, 1.9087991E+002, 2.7224639E+002, 2.3430095E+002, 1.5805993E+002, 1.2929469E+002, 6.7577216E+002, 6.2892582E+002, 3.7608367E+002, 2.3572074E+002, 1.9700021E+002, 3.3221445E+002, 4.6573981E+002
 2.6600379E+003, 1.1975434E+002, 1.2080759E+002, 1.2904871E+002, 1.4065183E+002, 1.4202080E+002, 1.1920261E+002, 1.1932912E+002, 1.2070270E+002, 1.3587024E+002, 1.6375404E+002, 1.7813833E+002, 1.2543415E+002, 1.1650482E+002, 1.1649237E+002, 1.3446423E+002, 1.6401407E+002, 1.9345042E+002, 1.3567920E+002, 1.1461901E+002, 1.1348991E+002, 1.1688596E+002, 1.3493124E+002, 1.5854693E+002, 1.2996861E+002, 1.1339288E+002, 1.1353056E+002, 1.1156796E+002, 1.1443222E+002, 1.2566573E+002, 1.0918304E+002, 1.1364788E+002, 1.2460825E+002, 1.3294125E+002, 1.3701503E+002, 1.1342437E+002, 1.0942963E+002, 1.2495034E+002, 1.5971712E+002, 1.7526514E+002, 1.9677161E+002, 1.4642125E+002, 1.0972573E+002, 1.3147380E+002, 1.7451141E+002, 2.3317057E+002, 2.4934403E+002, 2.0486879E+002, 1.0829708E+002, 1.1804024E+002, 1.4623895E+002, 1.9007849E+002, 1.9827506E+002, 1.5029164E+002, 1.0921891E+002, 1.0874413E+002, 1.1191600E+002, 1.1406466E+002, 1.2221315E+002, 1.0260343E+002, 1.1482926E+002, 1.2699559E+002, 1.3951242E+002, 1.3097931E+002, 1.6114702E+002, 1.3123648E+002, 2.3971560E+002, 2.6376877E+002, 2.6100982E+002, 1.9590648E+002, 3.3943988E+002, 1.4088424E+002, 2.7159658E+002, 4.0772419E+002, 3.4557465E+002, 2.0774486E+002, 3.7105362E+002, 1.4869584E+002, 2.8406304E+002, 3.0248678E+002, 2.1279560E+002, 1.3966844E+002, 1.2972846E+002, 1.0118014E+002, 1.1896241E+002, 1.2333101E+002, 1.1841743E+002, 1.0773785E+002, 1.3043352E+002, 1.1964308E+002, 1.1076248E+002, 1.0807355E+002, 1.0657162E+002, 1.0502097E+002, 8.7423018E+001, 6.8859292E+001, 4.5536900E+001, 3.9626931E+001, 3.8448872E+001, 3.6644588E+001, 3.5708072E+001, 1.5125488E+002, 1.2817611E+002, 1.0828118E+002, 1.0658886E+002, 1.0306264E+002, 1.0106580E+002, 9.5373258E+001, 6.6630726E+001, 4.6796836E+001, 4.1797195E+001, 3.9477420E+001, 3.5939071E+001, 3.2005359E+001, 1.1012987E+002, 1.1206600E+002, 1.1351505E+002, 1.1232560E+002, 1.0942370E+002, 1.0566914E+002, 1.0191554E+002, 5.8459109E+001, 3.7996388E+001, 3.6895843E+001, 3.5937018E+001, 1.4705587E+002, 1.4667244E+002, 1.4492592E+002, 1.4237275E+002, 1.2154170E+002, 1.0287209E+002, 8.8357314E+001, 6.9050804E+001, 5.0464109E+001, 4.0687864E+001, 3.4946061E+001, 1.6843239E+002, 1.4495979E+002, 2.1468859E+002, 1.9102128E+002, 2.7147110E+002, 2.3406876E+002, 1.5893871E+002, 1.2981484E+002, 6.9217003E+002, 5.4231312E+002, 3.1590917E+002, 2.0998293E+002, 1.7597714E+002, 3.1528969E+002, 4.5385527E+002
 2.6800340E+003, 1.2737619E+002, 1.2888244E+002, 1.3769419E+002, 1.4701953E+002, 1.5260232E+002, 1.2861566E+002, 1.2596416E+002, 1.2975290E+002, 1.4061008E+002, 1.6019285E+002, 1.7324377E+002, 1.3405407E+002, 1.2068381E+002, 1.3434813E+002, 1.3418280E+002, 1.4216072E+002, 1.6669238E+002, 1.3041978E+002, 1.1620574E+002, 1.2765059E+002, 1.2991400E+002, 1.3344529E+002, 1.4192807E+002, 1.3009813E+002, 1.1209923E+002, 1.1402270E+002, 1.1638462E+002, 1.2002186E+002, 1.3340263E+002, 1.0801629E+002, 1.1200313E+002, 1.2956641E+002, 1.4880467E+002, 1.4520743E+002, 1.1201592E+002, 1.1075284E+002, 1.1980837E+002, 1.4849528E+002, 1.8231189E+002, 2.0562998E+002, 1.4455692E+002, 1.1108533E+002, 1.3669809E+002, 1.7065107E+002, 2.0231444E+002, 2.1797110E+002, 1.6052556E+002, 1.1045448E+002, 1.4096001E+002, 1.4350116E+002, 1.5237003E+002, 1.8197513E+002, 1.3553008E+002, 1.0933047E+002, 1.1009512E+002, 1.1097388E+002, 1.1209548E+002, 1.2121255E+002, 1.0288157E+002, 1.1942548E+002, 1.3878913E+002, 1.5409967E+002, 1.4188013E+002, 1.7335192E+002, 1.3509316E+002, 2.2176081E+002, 3.0492353E+002, 2.8627508E+002, 2.1333303E+002, 2.9209504E+002, 1.4118458E+002, 3.1505685E+002, 3.9479273E+002, 3.2994948E+002, 2.0909231E+002, 3.0919799E+002, 1.3324278E+002, 2.7608017E+002, 2.4572645E+002, 1.7979526E+002, 1.4171258E+002, 1.2585275E+002, 1.0129911E+002, 1.1373104E+002, 1.1684268E+002, 1.1520550E+002, 1.0522947E+002, 1.3310894E+002, 1.2063084E+002, 1.1036923E+002, 1.0885435E+002, 1.0766511E+002, 1.0549399E+002, 9.3165210E+001, 6.5406732E+001, 4.7018648E+001, 4.0298450E+001, 3.8846872E+001, 3.6847472E+001, 3.5282962E+001, 1.4168508E+002, 1.2919830E+002, 1.0814890E+002, 1.0825106E+002, 1.0393261E+002, 1.0074697E+002, 9.0842739E+001, 6.6968934E+001, 4.7241330E+001, 4.2253980E+001, 3.9770015E+001, 3.6208483E+001, 3.4160751E+001, 1.0768417E+002, 1.1028101E+002, 1.1077252E+002, 1.1009817E+002, 1.0808853E+002, 1.0523079E+002, 1.0044705E+002, 6.3810949E+001, 3.8598482E+001, 3.6557386E+001, 3.6272874E+001, 1.4369104E+002, 1.4343524E+002, 1.4132597E+002, 1.3929000E+002, 1.2815054E+002, 1.0523128E+002, 9.1495911E+001, 7.0373764E+001, 4.9622807E+001, 3.9126231E+001, 3.4794223E+001, 1.6923363E+002, 1.4547550E+002, 2.1498284E+002, 1.9098124E+002, 2.7265392E+002, 2.3486744E+002, 1.5985443E+002, 1.3021862E+002, 6.2945395E+002, 5.3858456E+002, 3.4844873E+002, 2.4445945E+002, 2.0069082E+002, 3.3388591E+002, 4.5624576E+002
 2.7000249E+003, 1.2426594E+002, 1.2415533E+002, 1.2930881E+002, 1.4119680E+002, 1.5722970E+002, 1.2483331E+002, 1.2424330E+002, 1.2274203E+002, 1.3139013E+002, 1.4631045E+002, 1.7441022E+002, 1.2664133E+002, 1.1840112E+002, 1.2192423E+002, 1.3687159E+002, 1.5738842E+002, 1.6754065E+002, 1.3602051E+002, 1.1179274E+002, 1.1760408E+002, 1.2631978E+002, 1.3156742E+002, 1.4611553E+002, 1.2700534E+002, 1.1010868E+002, 1.1056421E+002, 1.1144087E+002, 1.1531288E+002, 1.2913924E+002, 1.0820745E+002, 1.1743138E+002, 1.3515102E+002, 1.5057901E+002, 1.6095954E+002, 1.1457765E+002, 1.1264740E+002, 1.2608584E+002, 1.4807559E+002, 1.9012973E+002, 2.1256679E+002, 1.3811044E+002, 1.1149390E+002, 1.2796827E+002, 1.7078157E+002, 2.0418215E+002, 2.1468199E+002, 1.6728967E+002, 1.1126336E+002, 1.2650409E+002, 1.4683510E+002, 1.5614031E+002, 1.7825452E+002, 1.3920717E+002, 1.1045891E+002, 1.1085305E+002, 1.1402920E+002, 1.1552847E+002, 1.2318928E+002, 9.9933683E+001, 1.2767902E+002, 1.5792417E+002, 1.5579806E+002, 1.1807876E+002, 2.0431940E+002, 1.4339621E+002, 2.7048065E+002, 3.4628723E+002, 3.2599874E+002, 2.2070409E+002, 3.0992479E+002, 1.2930381E+002, 2.3900810E+002, 3.6598936E+002, 3.2991979E+002, 2.1916578E+002, 3.0749597E+002, 1.2961744E+002, 2.6352206E+002, 2.4287771E+002, 1.9398031E+002, 1.4574736E+002, 1.2813849E+002, 1.0047930E+002, 1.0944318E+002, 1.1789381E+002, 1.1920467E+002, 1.0806510E+002, 1.3083365E+002, 1.2032333E+002, 1.1102379E+002, 1.0910884E+002, 1.0799294E+002, 1.0559732E+002, 9.2629909E+001, 6.8232853E+001, 4.7098878E+001, 4.0700290E+001, 3.8456139E+001, 3.6203640E+001, 3.5230831E+001, 1.4190517E+002, 1.1604196E+002, 1.0888719E+002, 1.0632219E+002, 1.0356357E+002, 1.0255944E+002, 9.7127354E+001, 6.7753707E+001, 4.5907379E+001, 4.2026298E+001, 3.7818997E+001, 3.4278487E+001, 3.3057582E+001, 1.0779869E+002, 1.0956998E+002, 1.0999160E+002, 1.0897291E+002, 1.0679055E+002, 1.0344722E+002, 9.7430307E+001, 6.2492836E+001, 3.7967845E+001, 3.7129664E+001, 3.6866092E+001, 1.4240928E+002, 1.4207280E+002, 1.4034259E+002, 1.3736408E+002, 1.2992385E+002, 1.0786753E+002, 9.2358830E+001, 6.6071886E+001, 4.7075984E+001, 4.0413092E+001, 3.4935998E+001, 1.6994464E+002, 1.4603382E+002, 2.1530630E+002, 1.9106579E+002, 2.7301360E+002, 2.3526659E+002, 1.6046455E+002, 1.3061005E+002, 6.3575774E+002, 5.6118292E+002, 3.5597668E+002, 1.9606230E+002, 1.5505376E+002, 2.7131420E+002, 4.5598345E+002
 2.7200190E+003, 1.2144139E+002, 1.2434834E+002, 1.2774897E+002, 1.4317564E+002, 1.6236864E+002, 1.2295464E+002, 1.2159056E+002, 1.2294080E+002, 1.2857046E+002, 1.5316551E+002, 1.8528761E+002, 1.2414665E+002, 1.1602865E+002, 1.2295194E+002, 1.3067742E+002, 1.4531221E+002, 1.7570614E+002, 1.3271428E+002, 1.1197085E+002, 1.1651909E+002, 1.2231540E+002, 1.3397331E+002, 1.5323091E+002, 1.3972299E+002, 1.1038858E+002, 1.1160164E+002, 1.1235235E+002, 1.2002699E+002, 1.2937354E+002, 1.0909685E+002, 1.1378126E+002, 1.2765659E+002, 1.4555873E+002, 1.6136894E+002, 1.1092766E+002, 1.1056799E+002, 1.1880126E+002, 1.5690533E+002, 2.0308099E+002, 2.3450298E+002, 1.3995722E+002, 1.1084811E+002, 1.2807388E+002, 1.6323052E+002, 2.0720159E+002, 2.4434280E+002, 1.7956816E+002, 1.1139524E+002, 1.2550117E+002, 1.6179150E+002, 1.6629693E+002, 1.7007552E+002, 1.5277148E+002, 1.1087482E+002, 1.1249055E+002, 1.1908398E+002, 1.2200912E+002, 1.3212099E+002, 1.0014173E+002, 1.2474985E+002, 1.5699062E+002, 1.5308792E+002, 1.3319744E+002, 1.9354449E+002, 1.3903545E+002, 3.1571053E+002, 3.6213027E+002, 3.3063466E+002, 2.2415076E+002, 3.3870768E+002, 1.3345322E+002, 2.6429077E+002, 3.9386956E+002, 3.6239550E+002, 2.4884875E+002, 3.4837955E+002, 1.3109050E+002, 2.7650622E+002, 2.6861090E+002, 2.0648891E+002, 1.5070318E+002, 1.3914563E+002, 1.0622496E+002, 1.2542402E+002, 1.2104771E+002, 1.2340441E+002, 1.1581840E+002, 1.2535246E+002, 1.2350037E+002, 1.1325437E+002, 1.0843605E+002, 1.0763916E+002, 1.0450467E+002, 9.5822828E+001, 6.6544693E+001, 4.8165748E+001, 3.9830793E+001, 3.8329110E+001, 3.5945025E+001, 3.5380854E+001, 1.4903902E+002, 1.1563740E+002, 1.0893086E+002, 1.0593300E+002, 1.0563456E+002, 1.0447660E+002, 9.9158228E+001, 6.7256670E+001, 4.7179642E+001, 4.2714400E+001, 3.9616433E+001, 3.6876888E+001, 3.3581334E+001, 1.0490127E+002, 1.0992472E+002, 1.1055618E+002, 1.0884459E+002, 1.0630757E+002, 1.0473772E+002, 1.0188258E+002, 6.6280512E+001, 3.7945016E+001, 3.7308843E+001, 3.7038988E+001, 1.4887442E+002, 1.4816505E+002, 1.4483348E+002, 1.4149172E+002, 1.3385985E+002, 1.0717879E+002, 8.9638911E+001, 6.9022506E+001, 4.7416147E+001, 4.2777801E+001, 3.8623655E+001, 1.7065804E+002, 1.4659803E+002, 2.1564060E+002, 1.9117750E+002, 2.7456322E+002, 2.3574251E+002, 1.6104340E+002, 1.3114050E+002, 7.4636499E+002, 6.2560367E+002, 3.6610430E+002, 2.2420753E+002, 1.5715540E+002, 3.1343074E+002, 4.5967937E+002
 2.7400150E+003, 1.2280671E+002, 1.2641892E+002, 1.2945823E+002, 1.4168239E+002, 1.4864669E+002, 1.2396215E+002, 1.2167589E+002, 1.2590748E+002, 1.3697165E+002, 1.6130781E+002, 1.8160006E+002, 1.2773024E+002, 1.1978736E+002, 1.2215134E+002, 1.4040329E+002, 1.6683300E+002, 2.1976702E+002, 1.5144377E+002, 1.1861788E+002, 1.2216766E+002, 1.4481606E+002, 1.6952461E+002, 1.9662534E+002, 1.7331042E+002, 1.1664742E+002, 1.1564320E+002, 1.2379338E+002, 1.4939224E+002, 1.6730753E+002, 1.0947835E+002, 1.1475243E+002, 1.3870610E+002, 1.3833343E+002, 1.4982126E+002, 1.1406845E+002, 1.1289574E+002, 1.2688137E+002, 1.5855351E+002, 2.0727163E+002, 2.4041756E+002, 1.4304075E+002, 1.1464204E+002, 1.2203894E+002, 1.7028661E+002, 2.4165511E+002, 2.9239477E+002, 2.0561572E+002, 1.1365155E+002, 1.2675796E+002, 1.7377105E+002, 2.4559622E+002, 2.5933680E+002, 2.1350694E+002, 1.1214352E+002, 1.1484414E+002, 1.2696190E+002, 1.5274642E+002, 1.7154081E+002, 9.9615262E+001, 1.2604350E+002, 1.5872280E+002, 1.7094004E+002, 1.6197595E+002, 2.3972236E+002, 1.4082727E+002, 3.3177545E+002, 4.2250065E+002, 3.7586579E+002, 2.8086445E+002, 4.5023457E+002, 1.4510432E+002, 3.5288903E+002, 5.4709509E+002, 4.7966269E+002, 2.7823588E+002, 5.0175398E+002, 1.4311968E+002, 3.4334388E+002, 4.1786912E+002, 2.8135265E+002, 1.7255752E+002, 1.5281465E+002, 1.0247499E+002, 1.3557179E+002, 1.3977543E+002, 1.3108389E+002, 1.0829570E+002, 1.4054445E+002, 1.2330430E+002, 1.1390942E+002, 1.0871232E+002, 1.0854734E+002, 1.0568366E+002, 9.2011557E+001, 6.7589287E+001, 4.8791271E+001, 4.0494360E+001, 3.8750033E+001, 3.6247193E+001, 3.5544875E+001, 1.6011267E+002, 1.3356312E+002, 1.1289182E+002, 1.0998918E+002, 1.0728735E+002, 1.0405489E+002, 9.4798690E+001, 6.6528264E+001, 4.9514840E+001, 4.4018421E+001, 4.1583733E+001, 3.7985945E+001, 3.4376330E+001, 1.0868380E+002, 1.1045518E+002, 1.1094492E+002, 1.0940597E+002, 1.0701795E+002, 1.0439750E+002, 1.0120909E+002, 7.5261494E+001, 3.8252905E+001, 3.7270425E+001, 3.6684558E+001, 1.5494875E+002, 1.5355508E+002, 1.5150400E+002, 1.4591819E+002, 1.3279923E+002, 1.1124665E+002, 9.1738810E+001, 6.9977345E+001, 4.6499709E+001, 4.3038208E+001, 3.7428743E+001, 1.7213712E+002, 1.4737027E+002, 2.1662212E+002, 1.9140418E+002, 2.8036078E+002, 2.3702173E+002, 1.6225721E+002, 1.3186814E+002, 9.7023900E+002, 8.1885631E+002, 4.8986767E+002, 2.7121879E+002, 2.2077810E+002, 4.4423403E+002, 4.5787062E+002
 2.7600029E+003, 1.2301113E+002, 1.2333879E+002, 1.3698401E+002, 1.5321519E+002, 1.7314081E+002, 1.2521932E+002, 1.2316938E+002, 1.3131475E+002, 1.4769793E+002, 1.7823606E+002, 2.0214158E+002, 1.4192733E+002, 1.2365374E+002, 1.3834908E+002, 1.5923617E+002, 1.9460565E+002, 2.1306436E+002, 1.7116636E+002, 1.2699537E+002, 1.3934289E+002, 1.4862594E+002, 1.7612701E+002, 1.8851413E+002, 1.8056953E+002, 1.2890716E+002, 1.3389885E+002, 1.3124708E+002, 1.4799205E+002, 1.7678075E+002, 1.1193180E+002, 1.1821533E+002, 1.4681287E+002, 1.6216550E+002, 1.6790866E+002, 1.1588978E+002, 1.1512636E+002, 1.2084920E+002, 1.7755553E+002, 2.3237280E+002, 2.5870587E+002, 1.4230327E+002, 1.1630154E+002, 1.3210410E+002, 1.9127740E+002, 2.6199381E+002, 2.8670427E+002, 2.2693250E+002, 1.1839534E+002, 1.6502367E+002, 1.9077140E+002, 2.2900203E+002, 2.3328575E+002, 2.0721591E+002, 1.1381290E+002, 1.2181577E+002, 1.3090948E+002, 1.5732909E+002, 1.6721096E+002, 1.0818419E+002, 1.5292776E+002, 1.9523866E+002, 1.8579330E+002, 1.7651577E+002, 2.3928155E+002, 1.2818823E+002, 2.9426887E+002, 4.2566294E+002, 3.9236631E+002, 2.7907451E+002, 4.2918291E+002, 1.5442393E+002, 3.4955331E+002, 5.2054170E+002, 5.0246660E+002, 3.0860788E+002, 5.1611714E+002, 1.4151548E+002, 4.2327167E+002, 4.2725945E+002, 3.0925465E+002, 2.0751950E+002, 1.7687879E+002, 1.0142772E+002, 1.3266910E+002, 1.6517842E+002, 1.5690759E+002, 1.2430400E+002, 1.4751405E+002, 1.2883515E+002, 1.1473649E+002, 1.1092548E+002, 1.0946277E+002, 1.0796058E+002, 9.6154255E+001, 6.8812323E+001, 4.8741000E+001, 4.1085333E+001, 3.9670386E+001, 3.7522793E+001, 3.6729900E+001, 1.6567709E+002, 1.4241335E+002, 1.1606319E+002, 1.1336528E+002, 1.0980005E+002, 1.0460852E+002, 9.7262240E+001, 6.9466819E+001, 4.9240106E+001, 4.4197090E+001, 4.2046959E+001, 3.6409524E+001, 3.4034431E+001, 1.0906695E+002, 1.1114705E+002, 1.1263651E+002, 1.1121644E+002, 1.0930141E+002, 1.0690366E+002, 1.0353885E+002, 7.4909036E+001, 3.7629283E+001, 3.6856894E+001, 3.6526891E+001, 1.6999713E+002, 1.7059270E+002, 1.6580170E+002, 1.6023148E+002, 1.2927616E+002, 1.1305496E+002, 9.2592794E+001, 7.4521274E+001, 4.4660073E+001, 3.9361551E+001, 3.6229650E+001, 1.7496735E+002, 1.4855269E+002, 2.1867427E+002, 1.9158654E+002, 2.8722556E+002, 2.3887305E+002, 1.6449239E+002, 1.3280023E+002, 9.5220649E+002, 8.3832510E+002, 5.0325752E+002, 3.0313750E+002, 2.4657446E+002, 4.6423866E+002, 4.5553950E+002
 2.7800092E+003, 1.3144590E+002, 1.3547731E+002, 1.3473877E+002, 1.5300043E+002, 1.7520813E+002, 1.3268040E+002, 1.2929306E+002, 1.3476115E+002, 1.4446121E+002, 1.6426579E+002, 1.9756436E+002, 1.3404422E+002, 1.3155545E+002, 1.3036007E+002, 1.4214607E+002, 1.6746980E+002, 2.0989426E+002, 1.6039549E+002, 1.2749966E+002, 1.2816515E+002, 1.3854465E+002, 1.6604176E+002, 1.8884027E+002, 1.5874144E+002, 1.2839226E+002, 1.2845883E+002, 1.3082010E+002, 1.3910467E+002, 1.5250639E+002, 1.1275030E+002, 1.2628847E+002, 1.4697911E+002, 1.8127014E+002, 2.1433097E+002, 1.1753798E+002, 1.1629409E+002, 1.2039852E+002, 1.5280135E+002, 2.2380504E+002, 3.0753087E+002, 1.2899295E+002, 1.1676760E+002, 1.1933303E+002, 1.5937185E+002, 2.4054259E+002, 3.0211504E+002, 1.9957439E+002, 1.1691583E+002, 1.3116505E+002, 1.8108606E+002, 2.3231691E+002, 2.3718163E+002, 1.7851894E+002, 1.1518037E+002, 1.1629151E+002, 1.3243750E+002, 1.5128811E+002, 1.5395727E+002, 1.0902280E+002, 1.7912231E+002, 2.3350954E+002, 2.0174150E+002, 1.4496683E+002, 2.3028787E+002, 1.4728549E+002, 3.3920619E+002, 4.8034790E+002, 4.5244289E+002, 2.6274975E+002, 4.2684692E+002, 1.5337862E+002, 3.3624086E+002, 5.1958815E+002, 5.1074692E+002, 3.2311811E+002, 4.8608554E+002, 1.4541062E+002, 4.2287856E+002, 3.8643067E+002, 2.9714874E+002, 1.9936931E+002, 1.8845198E+002, 1.0210550E+002, 1.4137724E+002, 1.5028714E+002, 1.5595812E+002, 1.4249923E+002, 1.4655980E+002, 1.3293905E+002, 1.1497730E+002, 1.1247642E+002, 1.1013357E+002, 1.0856361E+002, 9.6129830E+001, 7.4998636E+001, 5.2302505E+001, 4.1386368E+001, 3.9619348E+001, 3.8128890E+001, 3.5872428E+001, 1.7357496E+002, 1.3667438E+002, 1.1505537E+002, 1.0931410E+002, 1.0742048E+002, 1.0562119E+002, 9.7999217E+001, 7.0223466E+001, 5.0187063E+001, 4.5129911E+001, 4.2136145E+001, 3.7545522E+001, 3.3452595E+001, 1.1615546E+002, 1.1760718E+002, 1.1942598E+002, 1.1976482E+002, 1.1834255E+002, 1.1507973E+002, 1.0999535E+002, 7.5490212E+001, 3.9408889E+001, 3.7701753E+001, 3.7644316E+001, 1.6233196E+002, 1.6351598E+002, 1.6315698E+002, 1.5435492E+002, 1.3297177E+002, 1.1202201E+002, 9.6242034E+001, 7.2776550E+001, 5.1364867E+001, 4.1745809E+001, 3.6118477E+001, 1.7845398E+002, 1.4978095E+002, 2.2163408E+002, 1.9189964E+002, 2.9486981E+002, 2.4098375E+002, 1.6746519E+002, 1.3385086E+002, 9.4879486E+002, 8.5248842E+002, 5.3752766E+002, 3.0447093E+002, 2.0823330E+002, 3.7287730E+002, 4.5803329E+002
 2.8000315E+003, 1.3515601E+002, 1.3658506E+002, 1.4141937E+002, 1.5334326E+002, 1.7469447E+002, 1.3726154E+002, 1.3565297E+002, 1.3878515E+002, 1.4758355E+002, 1.6281817E+002, 2.1395510E+002, 1.4235893E+002, 1.3723050E+002, 1.3938109E+002, 1.5388496E+002, 1.7856337E+002, 2.0435647E+002, 1.6548896E+002, 1.3218009E+002, 1.3757733E+002, 1.4357887E+002, 1.7345111E+002, 1.8441207E+002, 1.6267731E+002, 1.2304473E+002, 1.2640750E+002, 1.3515750E+002, 1.5257484E+002, 1.5629448E+002, 1.1549522E+002, 1.2196742E+002, 1.3832466E+002, 1.5518572E+002, 1.7136353E+002, 1.2393081E+002, 1.1976246E+002, 1.3838003E+002, 1.6212250E+002, 2.1375553E+002, 2.9229146E+002, 1.6157129E+002, 1.1990115E+002, 1.4201190E+002, 2.0563951E+002, 2.4747299E+002, 3.0332831E+002, 2.3644164E+002, 1.1786266E+002, 1.5915183E+002, 1.9251000E+002, 2.3807670E+002, 2.3431464E+002, 1.9063466E+002, 1.2528640E+002, 1.4100850E+002, 1.4288906E+002, 1.6338501E+002, 1.5343380E+002, 1.1441705E+002, 1.4262320E+002, 1.8322870E+002, 1.8881366E+002, 1.5271291E+002, 2.3685665E+002, 1.5017076E+002, 3.5105253E+002, 4.3394330E+002, 4.0677363E+002, 2.9318318E+002, 4.2837541E+002, 1.6973578E+002, 4.0635558E+002, 5.7631876E+002, 5.0847195E+002, 3.3261963E+002, 5.2728041E+002, 1.5084708E+002, 3.8494715E+002, 4.3589998E+002, 3.2728853E+002, 2.0631701E+002, 1.9130144E+002, 1.1050168E+002, 1.4553949E+002, 1.6741202E+002, 1.6549764E+002, 1.3930666E+002, 1.5131314E+002, 1.3742789E+002, 1.1961205E+002, 1.1504272E+002, 1.1241657E+002, 1.0975724E+002, 9.9365579E+001, 7.3504060E+001, 5.0416501E+001, 4.1188112E+001, 4.0137440E+001, 3.9014960E+001, 3.6631723E+001, 1.8113541E+002, 1.4314235E+002, 1.1615112E+002, 1.1658511E+002, 1.0993277E+002, 1.0778850E+002, 9.7674765E+001, 7.2426529E+001, 4.9864307E+001, 4.4856424E+001, 4.2069184E+001, 3.8641242E+001, 3.2315853E+001, 1.2038646E+002, 1.2318938E+002, 1.2400016E+002, 1.2085365E+002, 1.1762959E+002, 1.1423130E+002, 1.0680774E+002, 6.5241484E+001, 4.1644098E+001, 3.8522003E+001, 3.8151207E+001, 1.6413257E+002, 1.6400311E+002, 1.6283128E+002, 1.5567018E+002, 1.3034070E+002, 1.1026735E+002, 1.0249415E+002, 7.4999338E+001, 5.2697323E+001, 4.2983908E+001, 3.9124825E+001, 1.8257826E+002, 1.5108632E+002, 2.2530646E+002, 1.9222266E+002, 3.0221534E+002, 2.4322140E+002, 1.7108216E+002, 1.3504052E+002, 9.8060809E+002, 8.2279395E+002, 4.9074143E+002, 2.9254119E+002, 2.4816690E+002, 4.6916657E+002, 4.5751184E+002
 2.8200242E+003, 1.4022112E+002, 1.3750991E+002, 1.3855513E+002, 1.6624504E+002, 1.8091509E+002, 1.3839990E+002, 1.3340165E+002, 1.3526283E+002, 1.4416109E+002, 1.7584507E+002, 2.0986046E+002, 1.3691506E+002, 1.2803811E+002, 1.3340553E+002, 1.5271935E+002, 1.7579010E+002, 2.1635822E+002, 1.6848904E+002, 1.2722836E+002, 1.4303920E+002, 1.5993015E+002, 1.7671318E+002, 1.8614195E+002, 1.6496986E+002, 1.2122370E+002, 1.2773000E+002, 1.3396615E+002, 1.4284241E+002, 1.4638507E+002, 1.2016849E+002, 1.2483003E+002, 1.3353155E+002, 1.6247567E+002, 2.0520942E+002, 1.3081994E+002, 1.2212825E+002, 1.3739737E+002, 1.6727434E+002, 2.1803787E+002, 2.9405245E+002, 1.5169801E+002, 1.2090216E+002, 1.3338839E+002, 1.7395254E+002, 2.4358154E+002, 2.9602460E+002, 2.1222329E+002, 1.2109128E+002, 1.4842960E+002, 1.9187270E+002, 2.2464602E+002, 2.5047236E+002, 2.0991977E+002, 1.1896213E+002, 1.2237530E+002, 1.5456923E+002, 1.6537883E+002, 1.6578783E+002, 1.2306279E+002, 1.4598006E+002, 1.8268505E+002, 2.3301416E+002, 1.8887882E+002, 2.4182867E+002, 1.6108797E+002, 3.5120500E+002, 4.4717459E+002, 4.3302801E+002, 2.9245367E+002, 4.4023044E+002, 1.7430805E+002, 3.6069597E+002, 5.5395197E+002, 4.8679119E+002, 3.0980352E+002, 5.1098581E+002, 1.7181344E+002, 4.2359139E+002, 4.3951366E+002, 3.2876991E+002, 1.9542914E+002, 1.6884912E+002, 1.1749821E+002, 1.4575164E+002, 1.5230081E+002, 1.5094025E+002, 1.3190902E+002, 1.4913317E+002, 1.3970172E+002, 1.2356828E+002, 1.1813922E+002, 1.1484914E+002, 1.1192984E+002, 1.0418990E+002, 7.3067685E+001, 5.1438249E+001, 4.2888779E+001, 4.1526874E+001, 3.8080498E+001, 3.7186932E+001, 1.7906659E+002, 1.4740405E+002, 1.2054597E+002, 1.1824836E+002, 1.1369685E+002, 1.0784411E+002, 1.0008552E+002, 8.0416040E+001, 5.0470560E+001, 4.4904426E+001, 4.2289799E+001, 3.7452890E+001, 3.3002931E+001, 1.2067157E+002, 1.2253802E+002, 1.2240474E+002, 1.2092223E+002, 1.1855830E+002, 1.1535247E+002, 1.0878112E+002, 8.1722190E+001, 4.0375294E+001, 3.9248266E+001, 3.8430537E+001, 1.7088597E+002, 1.7052382E+002, 1.6913057E+002, 1.6582512E+002, 1.4959787E+002, 1.2255617E+002, 9.9312758E+001, 7.1777375E+001, 5.0318199E+001, 4.4963512E+001, 3.9431070E+001, 1.8684076E+002, 1.5244885E+002, 2.2911911E+002, 1.9249735E+002, 3.0717675E+002, 2.4546469E+002, 1.7497729E+002, 1.3628419E+002, 9.6698356E+002, 8.2779954E+002, 4.8682320E+002, 2.7675437E+002, 2.2949840E+002, 3.9853430E+002, 4.5662216E+002
 2.8400074E+003, 1.3903347E+002, 1.4021317E+002, 1.4270763E+002, 1.5546829E+002, 1.7377514E+002, 1.4133254E+002, 1.3930184E+002, 1.4312222E+002, 1.4569512E+002, 1.6672001E+002, 1.9242600E+002, 1.4608228E+002, 1.3723926E+002, 1.3949612E+002, 1.4506114E+002, 1.7240568E+002, 2.0872541E+002, 1.5918012E+002, 1.3261059E+002, 1.3397790E+002, 1.5268198E+002, 1.7641405E+002, 1.9579249E+002, 1.7200380E+002, 1.2399086E+002, 1.2491738E+002, 1.4086908E+002, 1.5541146E+002, 1.6345382E+002, 1.2221797E+002, 1.3053076E+002, 1.5052054E+002, 1.5441215E+002, 1.6607097E+002, 1.2853009E+002, 1.2526317E+002, 1.4253297E+002, 1.7336546E+002, 2.1857646E+002, 2.7280126E+002, 1.6488355E+002, 1.2776570E+002, 1.4037718E+002, 1.9015187E+002, 2.4291277E+002, 2.9585719E+002, 2.2287333E+002, 1.2223529E+002, 1.4093171E+002, 2.0345724E+002, 2.3821380E+002, 2.4709803E+002, 2.0399380E+002, 1.2005470E+002, 1.2315402E+002, 1.4299635E+002, 1.5425946E+002, 1.5308112E+002, 1.2274890E+002, 1.6670440E+002, 1.6204802E+002, 1.8625653E+002, 1.6991454E+002, 2.5130831E+002, 1.6654355E+002, 3.4348596E+002, 4.3024246E+002, 3.9594513E+002, 2.9846457E+002, 5.0548504E+002, 1.8056623E+002, 3.7740618E+002, 5.7100773E+002, 5.5217956E+002, 3.7694962E+002, 5.0998489E+002, 1.7192908E+002, 3.9515790E+002, 3.9608289E+002, 2.8966789E+002, 1.8271792E+002, 1.6497009E+002, 1.2148391E+002, 1.3545880E+002, 1.4168084E+002, 1.3704195E+002, 1.2201536E+002, 1.5252573E+002, 1.4317268E+002, 1.2749315E+002, 1.2164914E+002, 1.1907910E+002, 1.1692876E+002, 1.0291846E+002, 7.5507569E+001, 5.3650176E+001, 4.2802314E+001, 4.0970144E+001, 3.8528788E+001, 3.6869688E+001, 1.8618394E+002, 1.5373069E+002, 1.2605375E+002, 1.2402629E+002, 1.1475211E+002, 1.1014209E+002, 1.0475702E+002, 7.1846452E+001, 4.9968343E+001, 4.5616298E+001, 4.1817358E+001, 3.7589473E+001, 3.2972852E+001, 1.2253561E+002, 1.2555041E+002, 1.2712517E+002, 1.2639650E+002, 1.2378537E+002, 1.2065021E+002, 1.1584397E+002, 8.9385879E+001, 3.9959743E+001, 3.8950771E+001, 3.8310032E+001, 1.7656795E+002, 1.7649335E+002, 1.7260678E+002, 1.6695648E+002, 1.4829969E+002, 1.1995244E+002, 9.8159852E+001, 7.7416134E+001, 5.2775227E+001, 4.5428585E+001, 3.7817435E+001, 1.9100778E+002, 1.5382485E+002, 2.3278928E+002, 1.9294526E+002, 3.1252811E+002, 2.4773282E+002, 1.7936099E+002, 1.3760497E+002, 9.8679251E+002, 8.0922868E+002, 4.7174545E+002, 2.6659682E+002, 2.1315896E+002, 4.1007011E+002, 4.5962696E+002
 2.8600361E+003, 1.4195448E+002, 1.4871902E+002, 1.5337682E+002, 1.7032351E+002, 1.8597169E+002, 1.4880596E+002, 1.4632093E+002, 1.5443215E+002, 1.6186977E+002, 1.8260699E+002, 2.0311196E+002, 1.6410827E+002, 1.4057317E+002, 1.5737186E+002, 1.7041592E+002, 1.9255344E+002, 2.1649335E+002, 1.7757670E+002, 1.3951397E+002, 1.4633093E+002, 1.5485833E+002, 1.6388731E+002, 1.9212440E+002, 1.5965820E+002, 1.3887848E+002, 1.4028776E+002, 1.4035479E+002, 1.4257428E+002, 1.5339981E+002, 1.3011702E+002, 1.3908878E+002, 1.5701506E+002, 1.7176234E+002, 1.9774402E+002, 1.4000599E+002, 1.3417623E+002, 1.5726029E+002, 1.7895708E+002, 2.2957712E+002, 2.6347558E+002, 1.6756176E+002, 1.3330444E+002, 1.5633348E+002, 1.9918129E+002, 2.6840872E+002, 3.0795047E+002, 2.3866251E+002, 1.2818754E+002, 1.5758893E+002, 1.8633485E+002, 1.9905320E+002, 2.2922370E+002, 1.7146300E+002, 1.2482272E+002, 1.2717564E+002, 1.2977912E+002, 1.3805077E+002, 1.5098750E+002, 1.2567730E+002, 1.7411592E+002, 1.9348921E+002, 2.0431881E+002, 1.7179428E+002, 2.4337994E+002, 1.8336623E+002, 3.7787256E+002, 4.7558489E+002, 4.4853399E+002, 3.3620907E+002, 4.6903928E+002, 1.7244826E+002, 3.3761050E+002, 5.3101950E+002, 4.9692446E+002, 3.4625709E+002, 4.7805328E+002, 1.6673775E+002, 3.9788643E+002, 3.9863750E+002, 3.0097705E+002, 2.0012113E+002, 1.9053258E+002, 1.2446430E+002, 1.4740756E+002, 1.5192062E+002, 1.4460168E+002, 1.4004127E+002, 1.5328961E+002, 1.4367193E+002, 1.2638599E+002, 1.2277855E+002, 1.2151765E+002, 1.1980418E+002, 1.0194351E+002, 7.7225067E+001, 5.6212642E+001, 4.4200171E+001, 4.1880287E+001, 3.9544532E+001, 3.7156082E+001, 1.8542502E+002, 1.5577747E+002, 1.2815082E+002, 1.2280368E+002, 1.1461857E+002, 1.1097146E+002, 1.0561530E+002, 7.6662203E+001, 5.1774773E+001, 4.5810835E+001, 4.2211742E+001, 3.8949569E+001, 3.3947421E+001, 1.2677530E+002, 1.2892303E+002, 1.3115515E+002, 1.2992622E+002, 1.2787027E+002, 1.2478960E+002, 1.1931971E+002, 7.3108162E+001, 4.0538072E+001, 3.9361349E+001, 3.8499253E+001, 1.7633334E+002, 1.7548083E+002, 1.7389076E+002, 1.6908111E+002, 1.5598318E+002, 1.3587752E+002, 1.0896734E+002, 7.8529915E+001, 5.1977794E+001, 4.5745094E+001, 4.1387852E+001, 1.9496019E+002, 1.5508369E+002, 2.3662893E+002, 1.9366270E+002, 3.1855890E+002, 2.5009712E+002, 1.8358469E+002, 1.3895942E+002, 9.7130701E+002, 8.4486135E+002, 5.5850131E+002, 3.0916814E+002, 2.1898996E+002, 4.1236638E+002, 4.6651878E+002
 2.8800152E+003, 1.4478773E+002, 1.4871569E+002, 1.5634504E+002, 1.7619607E+002, 1.9408275E+002, 1.4487915E+002, 1.4274616E+002, 1.4838896E+002, 1.7200295E+002, 2.0136809E+002, 2.1033855E+002, 1.5882290E+002, 1.4183446E+002, 1.4448103E+002, 1.6923086E+002, 1.9062433E+002, 2.2297521E+002, 1.7157236E+002, 1.3776187E+002, 1.4208711E+002, 1.5230258E+002, 1.7031542E+002, 2.0048152E+002, 1.7110290E+002, 1.3768709E+002, 1.3470675E+002, 1.3544299E+002, 1.4973335E+002, 1.6604291E+002, 1.2888679E+002, 1.3401662E+002, 1.4924071E+002, 1.8625590E+002, 1.9724714E+002, 1.3193610E+002, 1.3070902E+002, 1.4754291E+002, 1.9902310E+002, 2.5476145E+002, 2.9028214E+002, 1.7923071E+002, 1.3183770E+002, 1.5636523E+002, 2.0111647E+002, 2.7660565E+002, 3.0076929E+002, 2.2362854E+002, 1.3042488E+002, 1.4486363E+002, 1.7790090E+002, 2.1619972E+002, 2.3935323E+002, 2.0114128E+002, 1.2807030E+002, 1.2808445E+002, 1.3552750E+002, 1.6115252E+002, 1.7381139E+002, 1.2304482E+002, 1.6091319E+002, 2.0146230E+002, 1.9958257E+002, 1.6437931E+002, 2.7210269E+002, 1.7073719E+002, 4.0320938E+002, 5.0857986E+002, 4.2401053E+002, 3.0176254E+002, 4.3477559E+002, 1.7177388E+002, 3.4205588E+002, 5.3141022E+002, 5.1569497E+002, 3.4831952E+002, 5.0975250E+002, 1.6435500E+002, 3.2716643E+002, 3.7075925E+002, 3.0990263E+002, 2.0925537E+002, 1.9458374E+002, 1.1917779E+002, 1.4560408E+002, 1.5950978E+002, 1.5424460E+002, 1.4572154E+002, 1.5700863E+002, 1.4497779E+002, 1.2857893E+002, 1.2408516E+002, 1.2398972E+002, 1.2217578E+002, 1.0340126E+002, 7.7367473E+001, 5.1261378E+001, 4.5038896E+001, 4.2603314E+001, 4.0973096E+001, 3.8257452E+001, 1.8604126E+002, 1.5583858E+002, 1.3207362E+002, 1.2875422E+002, 1.1961071E+002, 1.1430954E+002, 1.0541244E+002, 7.6510688E+001, 5.3599536E+001, 4.6870400E+001, 4.3225254E+001, 3.9861654E+001, 3.4544455E+001, 1.2496248E+002, 1.2803476E+002, 1.2964175E+002, 1.2894075E+002, 1.2705219E+002, 1.2473008E+002, 1.2054307E+002, 7.5834966E+001, 4.0646766E+001, 3.9233685E+001, 3.8554473E+001, 1.7609674E+002, 1.7788524E+002, 1.7836294E+002, 1.7495161E+002, 1.6130848E+002, 1.2772477E+002, 1.0468534E+002, 7.5505874E+001, 5.1427495E+001, 4.7144610E+001, 4.2201626E+001, 1.9882139E+002, 1.5638346E+002, 2.4045752E+002, 1.9448093E+002, 3.2155248E+002, 2.5276133E+002, 1.8778350E+002, 1.4030263E+002, 9.3888784E+002, 8.3838522E+002, 6.0226091E+002, 4.1894481E+002, 3.8528859E+002, 5.6519904E+002, 4.6961750E+002
 2.9000358E+003, 1.4574482E+002, 1.4852849E+002, 1.6282410E+002, 1.7757137E+002, 2.0178306E+002, 1.4362751E+002, 1.3915639E+002, 1.4415303E+002, 1.6690877E+002, 1.9819885E+002, 2.3326646E+002, 1.5559844E+002, 1.3385849E+002, 1.4686772E+002, 1.6738569E+002, 1.9368553E+002, 2.3008748E+002, 1.7967445E+002, 1.3162962E+002, 1.3995636E+002, 1.6509087E+002, 1.8504000E+002, 2.0194660E+002, 1.7166383E+002, 1.3033753E+002, 1.3176263E+002, 1.4216456E+002, 1.5969162E+002, 1.7134864E+002, 1.2784437E+002, 1.4200716E+002, 1.7297417E+002, 1.7894673E+002, 2.1255782E+002, 1.3443053E+002, 1.3222807E+002, 1.5515053E+002, 1.8940015E+002, 2.6608472E+002, 2.8928330E+002, 1.8161872E+002, 1.3375898E+002, 1.5043215E+002, 2.0593875E+002, 2.8632156E+002, 3.2516586E+002, 2.4257091E+002, 1.3092405E+002, 1.6051373E+002, 2.0443553E+002, 2.3432369E+002, 2.4808955E+002, 1.9942641E+002, 1.2981171E+002, 1.3287504E+002, 1.4373589E+002, 1.7146441E+002, 1.7126375E+002, 1.3055772E+002, 1.5792530E+002, 2.0033551E+002, 2.1025524E+002, 2.0500144E+002, 2.8510195E+002, 1.7910739E+002, 3.9610947E+002, 4.8857514E+002, 4.2922902E+002, 2.9921728E+002, 4.9106491E+002, 1.7502504E+002, 3.7311826E+002, 5.4474204E+002, 4.6419006E+002, 3.0197714E+002, 4.5216248E+002, 1.7321429E+002, 4.2281620E+002, 4.1365145E+002, 2.7174602E+002, 1.9849301E+002, 1.7560149E+002, 1.3132118E+002, 1.6762455E+002, 1.7363766E+002, 1.5736352E+002, 1.4092861E+002, 1.5978163E+002, 1.5085752E+002, 1.3335453E+002, 1.2615761E+002, 1.2567251E+002, 1.2348499E+002, 1.0901758E+002, 7.9260385E+001, 5.3122344E+001, 4.5579175E+001, 4.2726351E+001, 3.9962061E+001, 3.7757560E+001, 1.8291174E+002, 1.5644188E+002, 1.3445542E+002, 1.2883292E+002, 1.2024833E+002, 1.1652137E+002, 1.0880148E+002, 7.5512222E+001, 5.2779328E+001, 4.6999355E+001, 4.3748933E+001, 3.9695802E+001, 3.4837839E+001, 1.2815875E+002, 1.2998347E+002, 1.3004893E+002, 1.2874567E+002, 1.2618642E+002, 1.2326856E+002, 1.1936622E+002, 1.0043168E+002, 3.9655891E+001, 3.9094169E+001, 3.8614138E+001, 1.8600933E+002, 1.8708412E+002, 1.8604306E+002, 1.8064347E+002, 1.5668816E+002, 1.2062788E+002, 9.8537495E+001, 8.0409246E+001, 5.1240077E+001, 4.5144329E+001, 4.0283145E+001, 2.0273385E+002, 1.5779427E+002, 2.4410468E+002, 1.9543738E+002, 3.2605579E+002, 2.5473889E+002, 1.9187586E+002, 1.4173266E+002, 1.0002100E+003, 8.6727638E+002, 5.1076950E+002, 3.0746476E+002, 2.1355761E+002, 3.7239927E+002, 4.7219046E+002
 2.9200130E+003, 1.5537165E+002, 1.6504235E+002, 1.7496145E+002, 1.8290284E+002, 2.0729675E+002, 1.6153329E+002, 1.5533600E+002, 1.6056412E+002, 1.6272091E+002, 1.9038748E+002, 2.2269889E+002, 1.5449918E+002, 1.4656944E+002, 1.4804589E+002, 1.6319389E+002, 2.0323413E+002, 2.2399225E+002, 1.9186341E+002, 1.3594966E+002, 1.4730590E+002, 1.6293363E+002, 1.8231533E+002, 2.1005608E+002, 1.7797492E+002, 1.3419209E+002, 1.3622513E+002, 1.4245518E+002, 1.5464496E+002, 1.7257231E+002, 1.3286269E+002, 1.4018236E+002, 1.6485667E+002, 1.7566477E+002, 1.8452310E+002, 1.3910656E+002, 1.3675893E+002, 1.5245988E+002, 1.8142508E+002, 2.4825492E+002, 2.8601320E+002, 1.7359974E+002, 1.3623596E+002, 1.5064813E+002, 2.2302659E+002, 2.6701240E+002, 3.0225442E+002, 2.7218773E+002, 1.3519211E+002, 1.6016248E+002, 2.0868994E+002, 2.3670860E+002, 2.5589573E+002, 1.9456476E+002, 1.3263790E+002, 1.4151868E+002, 1.5138371E+002, 1.6188863E+002, 1.7178110E+002, 1.2832095E+002, 1.4761891E+002, 1.8848160E+002, 1.8855699E+002, 1.9201972E+002, 2.7758458E+002, 1.7404790E+002, 4.0206193E+002, 4.8424739E+002, 4.7018715E+002, 3.4597647E+002, 4.8619190E+002, 1.8139551E+002, 3.8255085E+002, 5.7094876E+002, 5.2255894E+002, 3.3598397E+002, 5.1625305E+002, 1.7714760E+002, 3.7962204E+002, 3.7625117E+002, 2.8514905E+002, 1.8683850E+002, 1.6377746E+002, 1.2901025E+002, 1.4421516E+002, 1.4405895E+002, 1.3845473E+002, 1.2732194E+002, 1.6678256E+002, 1.5466316E+002, 1.3464026E+002, 1.2930453E+002, 1.2675565E+002, 1.2460212E+002, 1.0274350E+002, 7.7924050E+001, 5.4795421E+001, 4.5648452E+001, 4.2589111E+001, 4.0211153E+001, 3.8021240E+001, 1.8316452E+002, 1.6255619E+002, 1.3452369E+002, 1.2534437E+002, 1.2086682E+002, 1.2004627E+002, 1.1120405E+002, 7.9303407E+001, 5.3375902E+001, 4.7559917E+001, 4.5182749E+001, 4.0438478E+001, 3.5689966E+001, 1.3098059E+002, 1.3360824E+002, 1.3414125E+002, 1.3345373E+002, 1.3189075E+002, 1.2904299E+002, 1.2416558E+002, 7.5182587E+001, 3.9801256E+001, 3.9300848E+001, 3.8945370E+001, 1.9183615E+002, 1.9217579E+002, 1.8771718E+002, 1.8120144E+002, 1.6091747E+002, 1.2512989E+002, 1.0796841E+002, 7.9737249E+001, 5.2349087E+001, 4.6833156E+001, 4.1825805E+001, 2.0645424E+002, 1.5909477E+002, 2.4752686E+002, 1.9633056E+002, 3.2915059E+002, 2.5592611E+002, 1.9577074E+002, 1.4314743E+002, 9.7236513E+002, 8.6556405E+002, 5.3488284E+002, 3.1086706E+002, 2.0572522E+002, 4.2889231E+002, 4.7325588E+002
 2.9400035E+003, 1.4999097E+002, 1.5605403E+002, 1.5905547E+002, 1.7046409E+002, 1.8559438E+002, 1.5437335E+002, 1.5370388E+002, 1.5545871E+002, 1.6684209E+002, 1.9087850E+002, 2.0791430E+002, 1.5725177E+002, 1.4889261E+002, 1.4818435E+002, 1.7355285E+002, 2.0773182E+002, 2.3254023E+002, 1.8916641E+002, 1.4273045E+002, 1.4502635E+002, 1.6729102E+002, 1.9865272E+002, 2.2597448E+002, 1.9753388E+002, 1.3706781E+002, 1.3605092E+002, 1.4340576E+002, 1.5342706E+002, 1.8084002E+002, 1.3332540E+002, 1.3592331E+002, 1.5210602E+002, 1.6535202E+002, 1.7667498E+002, 1.3515704E+002, 1.3653694E+002, 1.4732188E+002, 1.7909972E+002, 2.1997588E+002, 2.7714466E+002, 1.7137856E+002, 1.3653406E+002, 1.4948155E+002, 2.1668469E+002, 2.7629991E+002, 3.2457535E+002, 2.7978812E+002, 1.3785198E+002, 1.6781944E+002, 2.0013411E+002, 2.5480056E+002, 2.5961947E+002, 2.1111004E+002, 1.3427858E+002, 1.3812739E+002, 1.4485212E+002, 1.6351594E+002, 1.8965324E+002, 1.2670221E+002, 1.3963946E+002, 1.8441321E+002, 2.0524783E+002, 1.5545907E+002, 2.5108993E+002, 1.8621998E+002, 4.0237077E+002, 4.0018490E+002, 4.2825343E+002, 3.0935874E+002, 4.4498217E+002, 1.8067729E+002, 3.9829544E+002, 5.6351410E+002, 5.1433038E+002, 3.7117269E+002, 5.4572343E+002, 1.9678887E+002, 3.9001237E+002, 4.4551711E+002, 3.4345221E+002, 2.1195891E+002, 1.8500615E+002, 1.3115161E+002, 1.4283247E+002, 1.4546518E+002, 1.5182123E+002, 1.3435299E+002, 1.6899758E+002, 1.5189141E+002, 1.3462859E+002, 1.3203543E+002, 1.2876052E+002, 1.2597814E+002, 1.0856601E+002, 7.8294069E+001, 5.5799337E+001, 4.6337303E+001, 4.2744991E+001, 4.0270663E+001, 3.9092092E+001, 1.8807156E+002, 1.5526499E+002, 1.3367484E+002, 1.2592114E+002, 1.2339238E+002, 1.2049371E+002, 1.0943587E+002, 8.0438814E+001, 5.4072390E+001, 4.8617473E+001, 4.5729873E+001, 4.0410777E+001, 3.5274494E+001, 1.3428372E+002, 1.3813462E+002, 1.3800977E+002, 1.3664198E+002, 1.3454889E+002, 1.3192208E+002, 1.2805833E+002, 6.8778018E+001, 4.0192279E+001, 3.9741188E+001, 3.9642779E+001, 1.8425289E+002, 1.8517054E+002, 1.8493950E+002, 1.8052335E+002, 1.6174735E+002, 1.3172073E+002, 1.0843302E+002, 8.4444162E+001, 5.4503939E+001, 4.8804644E+001, 4.2846069E+001, 2.0993789E+002, 1.6025734E+002, 2.5086348E+002, 1.9720259E+002, 3.3261478E+002, 2.5743337E+002, 1.9947690E+002, 1.4457965E+002, 9.8051368E+002, 8.8222512E+002, 5.9713322E+002, 3.9431181E+002, 3.6755154E+002, 5.1483655E+002, 4.7325901E+002
 2.9600126E+003, 1.5236080E+002, 1.5219248E+002, 1.5866154E+002, 1.6608161E+002, 1.8310274E+002, 1.5033786E+002, 1.5001504E+002, 1.5220022E+002, 1.6599706E+002, 1.8331104E+002, 2.1155113E+002, 1.5694140E+002, 1.5133663E+002, 1.5583508E+002, 1.6889293E+002, 1.8903933E+002, 2.3200695E+002, 1.7787221E+002, 1.4768523E+002, 1.5448095E+002, 1.5724827E+002, 1.8398733E+002, 2.2088815E+002, 1.8881660E+002, 1.4127633E+002, 1.4220515E+002, 1.4366475E+002, 1.6640369E+002, 1.7498901E+002, 1.3171214E+002, 1.3849460E+002, 1.5478390E+002, 1.7661936E+002, 1.7346692E+002, 1.3689041E+002, 1.3805294E+002, 1.5102952E+002, 1.9962456E+002, 2.3564223E+002, 2.6017914E+002, 1.6060409E+002, 1.3875495E+002, 1.4673732E+002, 1.8440288E+002, 2.6189058E+002, 3.2583209E+002, 2.2551118E+002, 1.3981277E+002, 1.7012996E+002, 2.0898903E+002, 2.6892933E+002, 2.9273234E+002, 2.2984055E+002, 1.3616928E+002, 1.4029780E+002, 1.5034521E+002, 1.8339332E+002, 1.7179723E+002, 1.3272886E+002, 1.5947602E+002, 2.0302317E+002, 1.7478403E+002, 1.4994582E+002, 2.8112896E+002, 1.7631170E+002, 3.3190934E+002, 4.4189956E+002, 3.4990163E+002, 2.5576411E+002, 3.9324645E+002, 1.7700777E+002, 3.6007437E+002, 5.2912625E+002, 5.2630022E+002, 3.7292617E+002, 5.8706860E+002, 1.9729326E+002, 4.0632977E+002, 4.8608055E+002, 3.9175874E+002, 2.5028731E+002, 1.9854451E+002, 1.3085753E+002, 1.4247655E+002, 1.5663240E+002, 1.5440823E+002, 1.3788407E+002, 1.6951877E+002, 1.5621883E+002, 1.3494832E+002, 1.3299028E+002, 1.3195266E+002, 1.3000145E+002, 1.0802324E+002, 7.7724858E+001, 5.4671493E+001, 4.5611979E+001, 4.2733402E+001, 3.9633387E+001, 3.9235310E+001, 1.9177029E+002, 1.6350300E+002, 1.3358060E+002, 1.3048107E+002, 1.2636784E+002, 1.2108383E+002, 1.1157522E+002, 7.9899360E+001, 5.3089332E+001, 4.8714672E+001, 4.4965073E+001, 3.9601554E+001, 3.5441932E+001, 1.3311387E+002, 1.3632946E+002, 1.3717141E+002, 1.3635944E+002, 1.3482041E+002, 1.3255165E+002, 1.2907929E+002, 8.2859052E+001, 4.0714398E+001, 4.0269655E+001, 4.0178607E+001, 1.8302203E+002, 1.8302007E+002, 1.8082918E+002, 1.7778053E+002, 1.4938705E+002, 1.2720479E+002, 1.0881343E+002, 8.8560122E+001, 5.3316537E+001, 4.3975926E+001, 3.9831488E+001, 2.1367124E+002, 1.6160547E+002, 2.5347811E+002, 1.9788960E+002, 3.3365447E+002, 2.5919037E+002, 2.0294566E+002, 1.4585366E+002, 9.8877795E+002, 8.8335676E+002, 5.9660501E+002, 4.0000897E+002, 3.1340721E+002, 4.8147045E+002, 4.7029975E+002
 2.9800225E+003, 1.5135237E+002, 1.5221444E+002, 1.6333598E+002, 1.7522300E+002, 1.8332117E+002, 1.5255153E+002, 1.5076669E+002, 1.5560483E+002, 1.6907598E+002, 1.9101510E+002, 2.1282554E+002, 1.5670991E+002, 1.4858519E+002, 1.5082815E+002, 1.6495197E+002, 1.9899557E+002, 2.2333852E+002, 1.8453752E+002, 1.4243228E+002, 1.4853505E+002, 1.6927649E+002, 1.9497903E+002, 2.0953033E+002, 1.8789566E+002, 1.3698954E+002, 1.3848303E+002, 1.4515473E+002, 1.7299841E+002, 1.7816355E+002, 1.3489809E+002, 1.4022420E+002, 1.5660118E+002, 1.7576844E+002, 2.0173623E+002, 1.4012702E+002, 1.3980066E+002, 1.5329359E+002, 1.8905662E+002, 2.2758840E+002, 2.6889471E+002, 1.6504186E+002, 1.4007194E+002, 1.4542479E+002, 1.9755326E+002, 2.7289332E+002, 3.0404940E+002, 2.3395871E+002, 1.3783341E+002, 1.5966463E+002, 2.1602158E+002, 2.6028998E+002, 2.6809863E+002, 2.3848918E+002, 1.3682923E+002, 1.4637197E+002, 1.6025501E+002, 1.8213221E+002, 2.0430413E+002, 1.2954157E+002, 1.7903172E+002, 2.0486558E+002, 2.0931301E+002, 1.7343658E+002, 2.6260086E+002, 1.7623797E+002, 3.6835043E+002, 4.5334535E+002, 4.1417570E+002, 2.7372244E+002, 4.4711721E+002, 1.8642059E+002, 3.9495759E+002, 5.5762262E+002, 5.4508433E+002, 3.6336267E+002, 5.3427451E+002, 1.9278344E+002, 3.7133719E+002, 4.3361117E+002, 3.2675229E+002, 2.3114099E+002, 1.9184472E+002, 1.3381782E+002, 1.5786810E+002, 1.8199991E+002, 1.5944167E+002, 1.4288221E+002, 1.6857245E+002, 1.5805267E+002, 1.4147518E+002, 1.3464767E+002, 1.3268373E+002, 1.3073905E+002, 1.0706568E+002, 8.5079879E+001, 5.6649703E+001, 4.5376241E+001, 4.2945708E+001, 4.0562478E+001, 3.8600457E+001, 1.9405940E+002, 1.7167257E+002, 1.3372931E+002, 1.3144275E+002, 1.2861439E+002, 1.2411360E+002, 1.1317146E+002, 8.2014311E+001, 5.3989621E+001, 4.9683311E+001, 4.4762098E+001, 4.0083777E+001, 3.6508049E+001, 1.3385103E+002, 1.3578549E+002, 1.3717914E+002, 1.3710247E+002, 1.3501125E+002, 1.3163061E+002, 1.2664221E+002, 8.0361800E+001, 4.2100342E+001, 4.0703902E+001, 4.0203404E+001, 1.8022332E+002, 1.8017037E+002, 1.7935802E+002, 1.7723529E+002, 1.6137417E+002, 1.3144015E+002, 1.1071975E+002, 8.2199202E+001, 5.8739481E+001, 4.5240580E+001, 3.9323271E+001, 2.1733059E+002, 1.6305181E+002, 2.5581096E+002, 1.9854048E+002, 3.3485868E+002, 2.6036840E+002, 2.0619709E+002, 1.4710780E+002, 9.8143309E+002, 8.8655739E+002, 5.7091208E+002, 3.4805456E+002, 2.8803458E+002, 4.1563257E+002, 4.6869032E+002
 3.0000013E+003, 1.5034267E+002, 1.4957271E+002, 1.5608486E+002, 1.7730101E+002, 1.9329461E+002, 1.5228590E+002, 1.5192264E+002, 1.4870784E+002, 1.5962040E+002, 1.9293962E+002, 2.2348653E+002, 1.5038313E+002, 1.4862235E+002, 1.4872247E+002, 1.5867804E+002, 1.9226284E+002, 2.3264420E+002, 1.8012076E+002, 1.4732111E+002, 1.4967423E+002, 1.7318592E+002, 1.9432639E+002, 2.1874777E+002, 1.8048809E+002, 1.4599001E+002, 1.4459219E+002, 1.4965373E+002, 1.6232264E+002, 1.7622511E+002, 1.3782935E+002, 1.4061382E+002, 1.6134127E+002, 1.8533135E+002, 1.8484040E+002, 1.4097635E+002, 1.4175067E+002, 1.5158364E+002, 1.9955121E+002, 2.4680556E+002, 2.8724367E+002, 1.7593074E+002, 1.4183296E+002, 1.5311366E+002, 2.0609155E+002, 2.8035556E+002, 3.4351541E+002, 2.4410414E+002, 1.4082935E+002, 1.6823648E+002, 2.1021599E+002, 2.5256828E+002, 2.6790445E+002, 2.0975707E+002, 1.3914289E+002, 1.4091873E+002, 1.4740048E+002, 1.5796186E+002, 1.7405912E+002, 1.3334944E+002, 1.6041574E+002, 1.8080759E+002, 2.0119617E+002, 1.9414083E+002, 2.8185658E+002, 2.0048998E+002, 3.9500916E+002, 4.8763954E+002, 4.6310955E+002, 3.1576174E+002, 5.3481830E+002, 1.8611712E+002, 3.9560341E+002, 5.7323870E+002, 5.0931666E+002, 3.3843030E+002, 4.8184512E+002, 1.8163542E+002, 4.0302479E+002, 4.0935694E+002, 2.8593997E+002, 2.0819547E+002, 1.6780214E+002, 1.3798644E+002, 1.6059992E+002, 1.6238119E+002, 1.5738141E+002, 1.3462602E+002, 1.6539766E+002, 1.5512867E+002, 1.4307960E+002, 1.3480855E+002, 1.3369968E+002, 1.3165705E+002, 1.1489050E+002, 8.4559567E+001, 5.4444884E+001, 4.5728097E+001, 4.3022205E+001, 4.0601123E+001, 3.8689636E+001, 1.9909324E+002, 1.6947686E+002, 1.3757085E+002, 1.3555399E+002, 1.3363269E+002, 1.2731205E+002, 1.1571377E+002, 7.6262160E+001, 5.3199494E+001, 5.0663259E+001, 4.5752761E+001, 4.1332915E+001, 3.7078320E+001, 1.3440073E+002, 1.3767619E+002, 1.4018918E+002, 1.3920917E+002, 1.3643833E+002, 1.3231594E+002, 1.2729366E+002, 8.1629336E+001, 4.5344094E+001, 4.0970794E+001, 4.0744226E+001, 1.8652941E+002, 1.8733431E+002, 1.8631399E+002, 1.8385011E+002, 1.7113235E+002, 1.3443513E+002, 1.1318945E+002, 8.1547692E+001, 5.9464647E+001, 4.6454641E+001, 3.9685584E+001, 2.2033801E+002, 1.6428051E+002, 2.5798803E+002, 1.9910105E+002, 3.3674816E+002, 2.6153745E+002, 2.0903484E+002, 1.4832103E+002, 9.8941530E+002, 8.6505366E+002, 5.9522276E+002, 3.5745775E+002, 3.0504461E+002, 4.0260314E+002, 4.7244609E+002
 3.0200225E+003, 1.5138213E+002, 1.5054859E+002, 1.6106355E+002, 1.7618329E+002, 2.0574348E+002, 1.4833059E+002, 1.4915313E+002, 1.4879730E+002, 1.7536748E+002, 1.9713701E+002, 2.3603365E+002, 1.6403089E+002, 1.4529918E+002, 1.4937185E+002, 1.7269386E+002, 2.0041601E+002, 2.1066064E+002, 1.7966545E+002, 1.4422090E+002, 1.4748154E+002, 1.5991385E+002, 1.8261644E+002, 1.9285622E+002, 1.7904353E+002, 1.4492469E+002, 1.4679004E+002, 1.5048395E+002, 1.6477044E+002, 1.7067581E+002, 1.3699866E+002, 1.4827311E+002, 1.7203809E+002, 1.8264981E+002, 2.1178477E+002, 1.4675751E+002, 1.4267701E+002, 1.5531216E+002, 2.0574603E+002, 2.7320384E+002, 3.1984411E+002, 2.0056552E+002, 1.4332113E+002, 1.6833246E+002, 2.3615991E+002, 2.6038322E+002, 3.1482204E+002, 2.1825223E+002, 1.4402999E+002, 1.6247930E+002, 1.8901009E+002, 2.0444693E+002, 2.0362761E+002, 1.7420900E+002, 1.4149296E+002, 1.4119845E+002, 1.4458541E+002, 1.5774605E+002, 1.5620373E+002, 1.3807341E+002, 1.7267981E+002, 1.8051736E+002, 2.0781761E+002, 1.7689052E+002, 2.9173801E+002, 1.9902393E+002, 4.3776281E+002, 5.3304306E+002, 4.6196340E+002, 3.1872367E+002, 4.9240866E+002, 1.8681487E+002, 3.7674939E+002, 5.5654062E+002, 5.3955693E+002, 3.5918267E+002, 4.0078649E+002, 1.7277846E+002, 3.4560834E+002, 2.9435063E+002, 2.4567632E+002, 1.8917411E+002, 1.6457058E+002, 1.4185494E+002, 1.5483393E+002, 1.5804091E+002, 1.5227597E+002, 1.4035464E+002, 1.6281600E+002, 1.5539874E+002, 1.4259395E+002, 1.3554385E+002, 1.3423541E+002, 1.3361986E+002, 1.1563798E+002, 8.1313101E+001, 5.9320228E+001, 4.6105454E+001, 4.3317911E+001, 4.1041801E+001, 3.9125242E+001, 1.9395766E+002, 1.7212791E+002, 1.4046215E+002, 1.3785355E+002, 1.3230355E+002, 1.2815633E+002, 1.1464946E+002, 8.0123850E+001, 5.5856135E+001, 5.0333152E+001, 4.5213125E+001, 3.8809992E+001, 3.6628675E+001, 1.3715932E+002, 1.3847788E+002, 1.3796685E+002, 1.3724608E+002, 1.3600843E+002, 1.3393512E+002, 1.3050824E+002, 8.3580759E+001, 4.3113219E+001, 4.1620706E+001, 4.1507858E+001, 1.8945885E+002, 1.8958328E+002, 1.8621798E+002, 1.8389304E+002, 1.6070565E+002, 1.3706969E+002, 1.1498093E+002, 8.2311899E+001, 6.1234771E+001, 4.8819220E+001, 4.0277885E+001, 2.2298037E+002, 1.6543606E+002, 2.6016152E+002, 1.9982607E+002, 3.3882597E+002, 2.6309216E+002, 2.1130616E+002, 1.4951886E+002, 9.3502122E+002, 8.3916091E+002, 5.6753960E+002, 3.4192961E+002, 2.4665684E+002, 3.6276848E+002, 4.7944791E+002
 3.0400021E+003, 1.5455560E+002, 1.5469049E+002, 1.6360017E+002, 1.7787992E+002, 1.9857406E+002, 1.5351104E+002, 1.5278167E+002, 1.5405275E+002, 1.7336913E+002, 1.9966999E+002, 2.2099315E+002, 1.6442308E+002, 1.5052549E+002, 1.5750826E+002, 1.8783682E+002, 2.1815002E+002, 2.3348533E+002, 2.0002151E+002, 1.4994610E+002, 1.5479568E+002, 1.6760820E+002, 1.8820143E+002, 1.9661494E+002, 1.7574690E+002, 1.4921386E+002, 1.5118333E+002, 1.5444945E+002, 1.6122879E+002, 1.7283822E+002, 1.4171673E+002, 1.4935766E+002, 1.7278873E+002, 1.7430511E+002, 2.0208397E+002, 1.4822732E+002, 1.4856064E+002, 1.5854637E+002, 1.9901707E+002, 2.2489096E+002, 2.8548059E+002, 1.7640675E+002, 1.4947482E+002, 1.6864010E+002, 2.2067776E+002, 2.7769763E+002, 3.3453481E+002, 2.6410340E+002, 1.4532634E+002, 1.6159793E+002, 1.9708975E+002, 2.3202885E+002, 2.5865239E+002, 2.0396736E+002, 1.4182989E+002, 1.4141851E+002, 1.4904614E+002, 1.6852250E+002, 1.7227298E+002, 1.3874051E+002, 1.5470050E+002, 1.7001697E+002, 2.0435079E+002, 1.8694528E+002, 2.7120023E+002, 1.8914866E+002, 3.5988275E+002, 4.3383422E+002, 4.4398269E+002, 3.4770120E+002, 4.7599747E+002, 1.8619804E+002, 3.8188145E+002, 5.8224897E+002, 5.4248942E+002, 3.4646682E+002, 5.5275443E+002, 1.7782982E+002, 3.8751707E+002, 4.3616407E+002, 3.2079887E+002, 2.0909006E+002, 1.7292849E+002, 1.3680018E+002, 1.5451223E+002, 1.7501924E+002, 1.6260208E+002, 1.4555401E+002, 1.6263041E+002, 1.5496345E+002, 1.4354400E+002, 1.3841817E+002, 1.3642950E+002, 1.3434174E+002, 1.1308025E+002, 8.0076655E+001, 6.0224521E+001, 4.7669095E+001, 4.5360453E+001, 4.2489814E+001, 4.1163528E+001, 2.0440264E+002, 1.6537807E+002, 1.4324815E+002, 1.3812806E+002, 1.3016544E+002, 1.2757172E+002, 1.1791698E+002, 8.4780215E+001, 5.6251106E+001, 5.0846684E+001, 4.6286022E+001, 4.1064289E+001, 3.7910658E+001, 1.3406782E+002, 1.3705122E+002, 1.3791129E+002, 1.3643794E+002, 1.3475206E+002, 1.3297106E+002, 1.2969000E+002, 8.1239238E+001, 4.3912065E+001, 4.2232282E+001, 4.2123693E+001, 2.0039915E+002, 2.0044828E+002, 1.9764419E+002, 1.9242522E+002, 1.6819050E+002, 1.3235892E+002, 1.0616717E+002, 8.2202559E+001, 5.9073633E+001, 4.5581015E+001, 3.9767526E+001, 2.2509671E+002, 1.6631659E+002, 2.6237323E+002, 2.0070456E+002, 3.4030867E+002, 2.6390386E+002, 2.1380202E+002, 1.5076080E+002, 9.3751429E+002, 8.2361017E+002, 5.4794586E+002, 3.0494275E+002, 2.5329523E+002, 4.5994456E+002, 4.8263471E+002
 3.0600293E+003, 1.6034955E+002, 1.6191821E+002, 1.6859690E+002, 1.9607875E+002, 2.0070563E+002, 1.6104216E+002, 1.6203619E+002, 1.6539601E+002, 1.7976327E+002, 2.0897542E+002, 2.2065998E+002, 1.7368770E+002, 1.6187951E+002, 1.6709886E+002, 1.8258270E+002, 2.0806095E+002, 2.4129855E+002, 1.9633704E+002, 1.6209725E+002, 1.5831074E+002, 1.7313456E+002, 1.9837249E+002, 2.3108385E+002, 2.0496856E+002, 1.5966779E+002, 1.5464756E+002, 1.6356302E+002, 1.7088128E+002, 1.8800194E+002, 1.4621848E+002, 1.5322319E+002, 1.7862081E+002, 1.8239677E+002, 2.0762016E+002, 1.5155747E+002, 1.4775498E+002, 1.6280570E+002, 2.0424170E+002, 2.4430771E+002, 2.5640616E+002, 1.8100714E+002, 1.4654707E+002, 1.5879495E+002, 1.9814122E+002, 2.8021022E+002, 3.1915936E+002, 2.4579605E+002, 1.4594611E+002, 1.6303354E+002, 2.0884479E+002, 2.7004323E+002, 2.9521531E+002, 2.4829432E+002, 1.4310115E+002, 1.4508708E+002, 1.6315539E+002, 1.8798740E+002, 2.1672919E+002, 1.3815051E+002, 1.6445432E+002, 2.0213917E+002, 1.8587762E+002, 1.6760885E+002, 2.9299652E+002, 1.9251999E+002, 3.8603811E+002, 4.4442666E+002, 3.9882247E+002, 2.8249769E+002, 4.6240746E+002, 1.9109982E+002, 4.0361255E+002, 5.7096605E+002, 5.2130573E+002, 3.4744089E+002, 5.5074892E+002, 1.7996989E+002, 3.8154425E+002, 4.8118379E+002, 3.5575781E+002, 2.2981062E+002, 2.1011807E+002, 1.4287164E+002, 1.6924381E+002, 1.9230639E+002, 1.8349270E+002, 1.5138213E+002, 1.7308855E+002, 1.5796417E+002, 1.4338000E+002, 1.3835945E+002, 1.3526908E+002, 1.3465069E+002, 1.1635394E+002, 8.3001346E+001, 5.7951384E+001, 4.8184713E+001, 4.6965474E+001, 4.4075447E+001, 4.0177620E+001, 1.9766435E+002, 1.6497849E+002, 1.4412778E+002, 1.3454036E+002, 1.3135295E+002, 1.2888324E+002, 1.1927103E+002, 7.8231466E+001, 5.5941105E+001, 5.2471071E+001, 4.8339956E+001, 4.2054216E+001, 3.7439938E+001, 1.3637643E+002, 1.3836659E+002, 1.4001604E+002, 1.3877092E+002, 1.3631277E+002, 1.3340198E+002, 1.2931896E+002, 9.7420428E+001, 4.3197457E+001, 4.2526868E+001, 4.2211742E+001, 1.9147093E+002, 1.9294091E+002, 1.9385183E+002, 1.9282413E+002, 1.7086503E+002, 1.3747143E+002, 1.1270223E+002, 8.3190729E+001, 5.9688173E+001, 4.9227211E+001, 4.1971815E+001, 2.2699168E+002, 1.6719688E+002, 2.6396029E+002, 2.0129852E+002, 3.4210088E+002, 2.6505618E+002, 2.1620553E+002, 1.5183713E+002, 9.8372658E+002, 9.0870072E+002, 6.3215897E+002, 4.0434628E+002, 2.8602290E+002, 3.9084295E+002, 4.7309486E+002
 3.0800215E+003, 1.6358184E+002, 1.6303281E+002, 1.7052035E+002, 1.8074848E+002, 1.9507379E+002, 1.6180313E+002, 1.6194477E+002, 1.6364158E+002, 1.7407772E+002, 1.9063762E+002, 2.1463154E+002, 1.6799015E+002, 1.6242335E+002, 1.6364980E+002, 1.7522318E+002, 2.0579327E+002, 2.3573612E+002, 1.9064123E+002, 1.6168424E+002, 1.6151224E+002, 1.7555223E+002, 2.0085038E+002, 2.2397824E+002, 1.9044629E+002, 1.5455350E+002, 1.5592745E+002, 1.6471734E+002, 1.7107992E+002, 1.9174952E+002, 1.4579260E+002, 1.4817621E+002, 1.7525160E+002, 1.8277106E+002, 2.0785428E+002, 1.4705824E+002, 1.4850644E+002, 1.5412234E+002, 1.8776752E+002, 2.4554246E+002, 2.8444880E+002, 1.7405090E+002, 1.4843517E+002, 1.5502200E+002, 2.0458870E+002, 2.7368465E+002, 2.9524580E+002, 2.5223035E+002, 1.4758262E+002, 1.7312312E+002, 2.2249828E+002, 2.5898197E+002, 2.7269733E+002, 2.2780288E+002, 1.4505571E+002, 1.5123347E+002, 1.6044891E+002, 1.8238646E+002, 1.9860455E+002, 1.4049863E+002, 1.7816959E+002, 1.8384819E+002, 2.2147171E+002, 2.0523638E+002, 2.8106363E+002, 1.8602279E+002, 3.5655629E+002, 4.5766790E+002, 4.3444665E+002, 3.3952405E+002, 4.6365071E+002, 1.9677839E+002, 3.7809692E+002, 5.5725612E+002, 5.0443578E+002, 3.2241816E+002, 5.0797795E+002, 1.9032667E+002, 4.2729305E+002, 4.3251181E+002, 3.3245951E+002, 2.1063026E+002, 1.7822334E+002, 1.3959736E+002, 1.5475802E+002, 1.5625726E+002, 1.5621713E+002, 1.3532210E+002, 1.8247166E+002, 1.6864652E+002, 1.4592818E+002, 1.3976723E+002, 1.3559021E+002, 1.3361470E+002, 1.1426677E+002, 8.2226243E+001, 5.7313332E+001, 4.7116647E+001, 4.5575948E+001, 4.2318238E+001, 4.1347477E+001, 1.9792317E+002, 1.6849271E+002, 1.4391692E+002, 1.3697045E+002, 1.3429348E+002, 1.3222766E+002, 1.2350050E+002, 7.9318758E+001, 5.5923286E+001, 5.3226445E+001, 4.7137062E+001, 4.1009837E+001, 3.5645878E+001, 1.3852907E+002, 1.4038408E+002, 1.4112567E+002, 1.4040138E+002, 1.3880000E+002, 1.3622202E+002, 1.3175618E+002, 9.7058972E+001, 4.2650826E+001, 4.2037024E+001, 4.1814287E+001, 1.9039412E+002, 1.9158039E+002, 1.9067127E+002, 1.8712530E+002, 1.5722290E+002, 1.3507438E+002, 1.0768990E+002, 8.5374514E+001, 5.7815023E+001, 4.7468013E+001, 4.2154184E+001, 2.2912384E+002, 1.6823695E+002, 2.6483171E+002, 2.0163033E+002, 3.4347560E+002, 2.6581350E+002, 2.1827726E+002, 1.5291675E+002, 9.5092066E+002, 8.2322193E+002, 5.2629431E+002, 3.0830703E+002, 2.9784813E+002, 4.3242153E+002, 4.7128749E+002
 3.1000342E+003, 1.6640133E+002, 1.7348581E+002, 1.7148922E+002, 1.8021448E+002, 1.9486466E+002, 1.6652211E+002, 1.6228530E+002, 1.6404165E+002, 1.6974769E+002, 1.8680487E+002, 2.1696956E+002, 1.6800063E+002, 1.5946046E+002, 1.6326102E+002, 1.8069221E+002, 2.0267872E+002, 2.3330465E+002, 2.1361323E+002, 1.5451609E+002, 1.6491343E+002, 2.0082233E+002, 2.1955721E+002, 2.3540115E+002, 1.9874436E+002, 1.4877110E+002, 1.5368185E+002, 1.6554395E+002, 1.7316072E+002, 1.8618556E+002, 1.4837500E+002, 1.4856930E+002, 1.6325238E+002, 1.7978553E+002, 2.0917820E+002, 1.4945724E+002, 1.5008533E+002, 1.5114344E+002, 1.7715138E+002, 2.2130871E+002, 2.9603152E+002, 1.6728946E+002, 1.4968655E+002, 1.5366269E+002, 1.9436047E+002, 2.6469292E+002, 3.1770238E+002, 2.5625609E+002, 1.4701834E+002, 1.6504710E+002, 2.5981797E+002, 2.8790202E+002, 2.7606159E+002, 2.3641812E+002, 1.4493719E+002, 1.5091722E+002, 1.7557241E+002, 2.0557835E+002, 2.0698723E+002, 1.3593300E+002, 1.6969421E+002, 1.8643678E+002, 2.1079769E+002, 1.8211317E+002, 2.5162685E+002, 1.8389099E+002, 3.5259672E+002, 4.1501030E+002, 4.2622238E+002, 2.9685903E+002, 4.9326193E+002, 1.9505370E+002, 3.7827919E+002, 5.7664004E+002, 5.0701198E+002, 3.2760943E+002, 5.1193532E+002, 1.9926969E+002, 4.7300815E+002, 4.7892142E+002, 3.3273861E+002, 2.1220260E+002, 2.0430304E+002, 1.4345914E+002, 1.6858272E+002, 1.9319135E+002, 1.8311173E+002, 1.6854800E+002, 1.7227385E+002, 1.7185478E+002, 1.5393741E+002, 1.4136783E+002, 1.3936889E+002, 1.3446630E+002, 1.2109984E+002, 8.1190788E+001, 5.7759395E+001, 4.8573129E+001, 4.5494250E+001, 4.2766242E+001, 4.0876088E+001, 1.9762246E+002, 1.7218095E+002, 1.4594985E+002, 1.4067599E+002, 1.3738644E+002, 1.3440926E+002, 1.2666955E+002, 7.7859922E+001, 5.7654773E+001, 5.2876788E+001, 4.8651776E+001, 4.3638950E+001, 3.6344831E+001, 1.3829868E+002, 1.4107279E+002, 1.4158199E+002, 1.4035838E+002, 1.3827475E+002, 1.3553661E+002, 1.3233728E+002, 8.4600341E+001, 4.3910346E+001, 4.2991892E+001, 4.2772128E+001, 1.9465869E+002, 1.9353246E+002, 1.9171346E+002, 1.8699161E+002, 1.7778118E+002, 1.4685148E+002, 1.1563716E+002, 8.4953901E+001, 5.5020858E+001, 4.6670932E+001, 4.2177868E+001, 2.3061042E+002, 1.6912286E+002, 2.6590019E+002, 2.0211211E+002, 3.4486969E+002, 2.6551318E+002, 2.2042294E+002, 1.5398506E+002, 1.0234428E+003, 8.3747223E+002, 4.5618497E+002, 2.8020037E+002, 2.5359568E+002, 4.8806072E+002, 4.7123823E+002
 3.1200216E+003, 1.5862646E+002, 1.6316172E+002, 1.6967781E+002, 1.8248119E+002, 1.8780801E+002, 1.5816394E+002, 1.5562604E+002, 1.6104247E+002, 1.7632918E+002, 1.9489041E+002, 2.1465015E+002, 1.6409696E+002, 1.4897296E+002, 1.5468291E+002, 1.7017556E+002, 1.9433247E+002, 2.3428235E+002, 1.8624769E+002, 1.4529773E+002, 1.5568421E+002, 1.7939092E+002, 2.1156656E+002, 2.3061325E+002, 2.0202877E+002, 1.4465325E+002, 1.4984456E+002, 1.5950481E+002, 1.7275985E+002, 1.8284588E+002, 1.5135111E+002, 1.5604355E+002, 1.8281420E+002, 1.7775991E+002, 2.0236572E+002, 1.5351935E+002, 1.5180687E+002, 1.5553406E+002, 1.9993396E+002, 2.3565023E+002, 2.7774705E+002, 1.6013949E+002, 1.5087778E+002, 1.5499599E+002, 1.9400446E+002, 2.6077331E+002, 3.2780182E+002, 2.4375783E+002, 1.4869387E+002, 1.6255813E+002, 2.3495581E+002, 2.9657503E+002, 2.9303155E+002, 2.4588870E+002, 1.4618634E+002, 1.5236792E+002, 1.7784783E+002, 1.9234155E+002, 1.9692321E+002, 1.3647334E+002, 1.6861402E+002, 1.8652801E+002, 2.0623347E+002, 2.0323329E+002, 3.0410573E+002, 1.7846978E+002, 3.7493959E+002, 4.4601204E+002, 4.2178203E+002, 3.1095378E+002, 4.7574434E+002, 1.9520597E+002, 3.8818396E+002, 5.5344900E+002, 5.0044646E+002, 3.3420277E+002, 5.4546558E+002, 1.9518659E+002, 4.6717483E+002, 4.4912949E+002, 3.1899264E+002, 2.0541665E+002, 1.8595381E+002, 1.4109245E+002, 1.5782445E+002, 1.6368765E+002, 1.4873661E+002, 1.4552759E+002, 1.7147103E+002, 1.6441717E+002, 1.5239723E+002, 1.4225672E+002, 1.3986541E+002, 1.3556740E+002, 1.1950887E+002, 8.3246292E+001, 5.7692814E+001, 5.0346274E+001, 4.6135468E+001, 4.2464145E+001, 4.0829615E+001, 2.0142358E+002, 1.8158331E+002, 1.4824709E+002, 1.4270428E+002, 1.3685498E+002, 1.3246578E+002, 1.1973885E+002, 7.8657787E+001, 5.7008665E+001, 5.1844018E+001, 4.6178032E+001, 4.1107984E+001, 3.6239854E+001, 1.4445468E+002, 1.4688631E+002, 1.4647277E+002, 1.4496483E+002, 1.4290374E+002, 1.3904690E+002, 1.3371054E+002, 8.6786566E+001, 4.6648957E+001, 4.4004739E+001, 4.3014132E+001, 1.9506957E+002, 1.9460604E+002, 1.9192504E+002, 1.8852044E+002, 1.7502053E+002, 1.3951439E+002, 1.1547529E+002, 9.2924895E+001, 5.6220424E+001, 4.4759519E+001, 4.1517442E+001, 2.3194540E+002, 1.6994406E+002, 2.6668644E+002, 2.0255314E+002, 3.4696692E+002, 2.6564205E+002, 2.2220479E+002, 1.5493328E+002, 9.6451982E+002, 8.6300123E+002, 5.5705457E+002, 3.5534342E+002, 3.0017755E+002, 5.4579646E+002, 4.7027491E+002
 3.1400303E+003, 1.5963824E+002, 1.5932974E+002, 1.6297881E+002, 1.7969044E+002, 1.9634766E+002, 1.6054605E+002, 1.6281664E+002, 1.6250317E+002, 1.7293337E+002, 1.9407809E+002, 2.1912540E+002, 1.6733269E+002, 1.6193331E+002, 1.6371894E+002, 1.7812241E+002, 1.9264122E+002, 2.0901328E+002, 1.9214814E+002, 1.5835532E+002, 1.6449110E+002, 1.7814740E+002, 1.9338383E+002, 2.1906039E+002, 1.8704663E+002, 1.5453031E+002, 1.5689807E+002, 1.6389441E+002, 1.6938346E+002, 1.9621687E+002, 1.4667612E+002, 1.4846242E+002, 1.6825314E+002, 1.8348590E+002, 2.0506488E+002, 1.4831324E+002, 1.4878154E+002, 1.5791450E+002, 1.9409802E+002, 2.3725261E+002, 2.6805165E+002, 1.8753907E+002, 1.5073999E+002, 1.7162833E+002, 2.1241407E+002, 2.7898632E+002, 3.0695119E+002, 2.1608926E+002, 1.4954050E+002, 1.6549319E+002, 1.9876975E+002, 2.3440809E+002, 2.9679264E+002, 2.2448136E+002, 1.4623628E+002, 1.4725711E+002, 1.6212886E+002, 1.8323784E+002, 2.0570919E+002, 1.3425484E+002, 1.8079256E+002, 1.9045102E+002, 2.0152363E+002, 1.6756905E+002, 2.4783519E+002, 1.7610568E+002, 3.3979188E+002, 4.2995787E+002, 4.1943491E+002, 2.9341665E+002, 4.4215838E+002, 1.9030835E+002, 3.6893611E+002, 5.5822539E+002, 5.1599858E+002, 3.1762063E+002, 5.2575295E+002, 1.9826638E+002, 3.8776101E+002, 4.5425447E+002, 3.5423329E+002, 2.2133444E+002, 1.9361551E+002, 1.4198119E+002, 1.6230432E+002, 1.9155417E+002, 1.7998531E+002, 1.5327680E+002, 1.6664095E+002, 1.6274913E+002, 1.4876597E+002, 1.4390240E+002, 1.4182807E+002, 1.3912241E+002, 1.2383768E+002, 8.6571255E+001, 5.7217509E+001, 4.9368636E+001, 4.6069486E+001, 4.3080906E+001, 4.1332478E+001, 1.9721863E+002, 1.7051593E+002, 1.4531221E+002, 1.4336431E+002, 1.3696849E+002, 1.3220840E+002, 1.2616288E+002, 8.4014018E+001, 5.7568258E+001, 5.2286837E+001, 4.5401398E+001, 4.1306037E+001, 3.6795129E+001, 1.4461970E+002, 1.4626834E+002, 1.4781339E+002, 1.4708721E+002, 1.4500657E+002, 1.4168398E+002, 1.3697803E+002, 8.1897223E+001, 4.4506580E+001, 4.3190402E+001, 4.2829334E+001, 1.9754515E+002, 1.9834956E+002, 1.9752347E+002, 1.8583831E+002, 1.6032177E+002, 1.3168510E+002, 1.1393134E+002, 8.9282628E+001, 5.9862463E+001, 4.6716884E+001, 4.2115131E+001, 2.3320910E+002, 1.7075304E+002, 2.6747160E+002, 2.0309524E+002, 3.4796387E+002, 2.6684323E+002, 2.2349940E+002, 1.5588360E+002, 9.7131053E+002, 8.2065143E+002, 5.5133674E+002, 3.7840612E+002, 2.9008925E+002, 4.6695126E+002, 4.6991183E+002
 3.1600250E+003, 1.5917503E+002, 1.5962799E+002, 1.6457629E+002, 1.8530438E+002, 2.0420296E+002, 1.6050872E+002, 1.5998105E+002, 1.6145370E+002, 1.7136306E+002, 2.0267418E+002, 2.3278897E+002, 1.6344404E+002, 1.6195202E+002, 1.6253110E+002, 1.7553880E+002, 2.0960204E+002, 2.4368563E+002, 1.9259369E+002, 1.6351699E+002, 1.6363669E+002, 1.7137406E+002, 1.8856580E+002, 1.9931593E+002, 1.7437752E+002, 1.6183736E+002, 1.5898445E+002, 1.5825677E+002, 1.6373968E+002, 1.7558821E+002, 1.4833601E+002, 1.4991560E+002, 1.7063523E+002, 2.0247698E+002, 2.0617581E+002, 1.5007571E+002, 1.5133869E+002, 1.6308762E+002, 1.9160546E+002, 2.6108516E+002, 2.8680582E+002, 1.8160277E+002, 1.5356495E+002, 1.6335965E+002, 2.0843525E+002, 2.8812330E+002, 3.3649357E+002, 2.4442293E+002, 1.5203978E+002, 1.6357668E+002, 1.9317360E+002, 2.2386355E+002, 2.7011103E+002, 2.1247983E+002, 1.4769545E+002, 1.4711654E+002, 1.5031177E+002, 1.7432909E+002, 2.0460663E+002, 1.4734325E+002, 1.7266602E+002, 2.1240233E+002, 1.8338308E+002, 1.4669010E+002, 2.8653349E+002, 1.9581062E+002, 4.0632772E+002, 4.8100014E+002, 4.4192174E+002, 2.8575445E+002, 4.8755574E+002, 1.9222305E+002, 3.6186428E+002, 5.8903933E+002, 5.7199667E+002, 3.6256924E+002, 5.5519729E+002, 1.9244023E+002, 3.8512902E+002, 4.5350103E+002, 3.2136485E+002, 2.2962911E+002, 1.8837652E+002, 1.4859294E+002, 1.6418450E+002, 1.8709572E+002, 1.7400267E+002, 1.5334842E+002, 1.7208204E+002, 1.6511214E+002, 1.4804429E+002, 1.4425886E+002, 1.4271334E+002, 1.3920082E+002, 1.2204836E+002, 8.7720864E+001, 5.7835157E+001, 4.8670571E+001, 4.5352129E+001, 4.2123021E+001, 4.1161214E+001, 1.9446404E+002, 1.5594111E+002, 1.4323367E+002, 1.4209156E+002, 1.3723802E+002, 1.3338587E+002, 1.2417779E+002, 8.4233191E+001, 5.7725506E+001, 5.3293346E+001, 4.7630784E+001, 4.3212132E+001, 3.6983876E+001, 1.4362424E+002, 1.4536462E+002, 1.4860669E+002, 1.4788272E+002, 1.4506700E+002, 1.4140069E+002, 1.3768145E+002, 8.7442511E+001, 4.4528513E+001, 4.3886169E+001, 4.3103931E+001, 1.9420629E+002, 1.9503947E+002, 1.9066810E+002, 1.8473499E+002, 1.7084384E+002, 1.4169513E+002, 1.1484346E+002, 8.8426299E+001, 6.1271107E+001, 4.6074336E+001, 4.1894666E+001, 2.3452761E+002, 1.7163127E+002, 2.6824713E+002, 2.0354025E+002, 3.4797474E+002, 2.6737375E+002, 2.2459821E+002, 1.5672216E+002, 1.0237393E+003, 9.0653352E+002, 5.0523159E+002, 3.0334575E+002, 2.2731876E+002, 4.3816232E+002, 4.6923304E+002
 3.1800289E+003, 1.5570585E+002, 1.6184033E+002, 1.6812342E+002, 1.8685953E+002, 1.9841154E+002, 1.6020277E+002, 1.5999230E+002, 1.6552100E+002, 1.8259237E+002, 2.1818290E+002, 2.3411505E+002, 1.7223574E+002, 1.6422547E+002, 1.6902848E+002, 1.8632112E+002, 2.2464521E+002, 2.5449181E+002, 1.9971703E+002, 1.6585749E+002, 1.7270530E+002, 1.8721094E+002, 2.0789224E+002, 2.4164321E+002, 2.0999464E+002, 1.6252533E+002, 1.6899676E+002, 1.7657660E+002, 1.8917226E+002, 1.9226485E+002, 1.4914492E+002, 1.5435204E+002, 1.7733740E+002, 1.7918269E+002, 2.0629417E+002, 1.5228742E+002, 1.5240220E+002, 1.6319440E+002, 2.1144977E+002, 2.6527772E+002, 3.0278091E+002, 1.9046991E+002, 1.5316417E+002, 1.6157479E+002, 2.1083928E+002, 2.8837871E+002, 3.2042694E+002, 2.5808507E+002, 1.5111555E+002, 1.7484078E+002, 2.2165168E+002, 3.0029127E+002, 2.9261858E+002, 2.7425951E+002, 1.4865404E+002, 1.6346674E+002, 1.7218421E+002, 2.1506315E+002, 2.1835756E+002, 1.4183643E+002, 1.7632175E+002, 2.0515221E+002, 2.2216736E+002, 1.7066716E+002, 2.9381613E+002, 1.8500080E+002, 3.9950952E+002, 4.6903596E+002, 4.4802531E+002, 2.7798750E+002, 4.3459178E+002, 2.0295597E+002, 3.8367201E+002, 5.4751312E+002, 4.9483459E+002, 3.0054428E+002, 5.2117303E+002, 1.8478388E+002, 4.9208141E+002, 5.1599013E+002, 3.2818719E+002, 2.1466021E+002, 1.9697981E+002, 1.5040084E+002, 2.1288775E+002, 2.0259180E+002, 1.6760609E+002, 1.4178839E+002, 1.7883865E+002, 1.6178865E+002, 1.4851328E+002, 1.4580304E+002, 1.4358702E+002, 1.3831159E+002, 1.2503137E+002, 8.5007041E+001, 5.8957530E+001, 4.8910336E+001, 4.5404067E+001, 4.3215099E+001, 4.1720287E+001, 2.0662004E+002, 1.6730290E+002, 1.4374331E+002, 1.4072076E+002, 1.3871182E+002, 1.3512713E+002, 1.2584274E+002, 8.3265372E+001, 5.7840245E+001, 5.3242574E+001, 4.9892305E+001, 4.4642088E+001, 3.8205101E+001, 1.3719443E+002, 1.3916259E+002, 1.4145029E+002, 1.4266991E+002, 1.4260417E+002, 1.4075727E+002, 1.3415217E+002, 7.5591549E+001, 4.8143596E+001, 4.4662272E+001, 4.3439312E+001, 2.0005858E+002, 2.0019623E+002, 1.9430849E+002, 1.8976319E+002, 1.6658515E+002, 1.4017755E+002, 1.1996428E+002, 8.7023597E+001, 6.1651986E+001, 5.0537913E+001, 4.2027673E+001, 2.3578314E+002, 1.7263450E+002, 2.6871292E+002, 2.0393200E+002, 3.4738320E+002, 2.6694132E+002, 2.2541717E+002, 1.5736994E+002, 9.8343296E+002, 8.7368627E+002, 6.4225853E+002, 4.0368494E+002, 2.6379200E+002, 3.9679502E+002, 4.6387915E+002
 3.2000299E+003, 1.5773004E+002, 1.6305783E+002, 1.6960480E+002, 1.9033027E+002, 2.0515855E+002, 1.5932003E+002, 1.5879274E+002, 1.6560573E+002, 1.7571142E+002, 2.0361653E+002, 2.3908680E+002, 1.7256046E+002, 1.6195712E+002, 1.6958333E+002, 1.8213663E+002, 2.0216214E+002, 2.3074413E+002, 1.8905859E+002, 1.6001806E+002, 1.6481343E+002, 1.7870927E+002, 1.8694383E+002, 2.1929075E+002, 1.8291921E+002, 1.5959536E+002, 1.6142811E+002, 1.6362670E+002, 1.6791782E+002, 1.7853265E+002, 1.5023017E+002, 1.5683084E+002, 1.8382864E+002, 1.7705796E+002, 2.0545198E+002, 1.5215983E+002, 1.5306623E+002, 1.5767961E+002, 2.0371573E+002, 2.4756551E+002, 2.8694384E+002, 1.7728608E+002, 1.5297322E+002, 1.6322487E+002, 2.1095189E+002, 2.6423912E+002, 3.2797199E+002, 2.3982103E+002, 1.5111008E+002, 1.6763853E+002, 2.1377762E+002, 2.4536701E+002, 2.8466433E+002, 2.2762411E+002, 1.4943347E+002, 1.5094561E+002, 1.5989797E+002, 1.7098211E+002, 1.8795020E+002, 1.3593253E+002, 1.8712731E+002, 1.8079624E+002, 2.2036541E+002, 1.8113723E+002, 2.7948813E+002, 1.9027858E+002, 3.8539558E+002, 4.3665675E+002, 4.2752510E+002, 2.9198436E+002, 4.8989391E+002, 2.0980810E+002, 4.2870713E+002, 5.8548020E+002, 5.4908960E+002, 3.7588337E+002, 5.6828390E+002, 1.9088789E+002, 3.8096831E+002, 4.2900324E+002, 3.5614112E+002, 2.3846452E+002, 2.0385263E+002, 1.4321119E+002, 1.6080133E+002, 1.6981016E+002, 1.5710926E+002, 1.5582190E+002, 1.8158829E+002, 1.6587488E+002, 1.5029006E+002, 1.4539778E+002, 1.4457719E+002, 1.4079596E+002, 1.2308254E+002, 8.5792116E+001, 5.8192436E+001, 4.9707523E+001, 4.5666049E+001, 4.4342699E+001, 4.3465988E+001, 2.0098616E+002, 1.7205462E+002, 1.4971363E+002, 1.4665227E+002, 1.3934734E+002, 1.3488295E+002, 1.2549662E+002, 8.4097657E+001, 5.7555212E+001, 5.3582345E+001, 5.0950902E+001, 4.4946309E+001, 3.7835593E+001, 1.4232590E+002, 1.4485138E+002, 1.4525517E+002, 1.4455630E+002, 1.4326266E+002, 1.4102084E+002, 1.3719094E+002, 9.8805596E+001, 5.1985652E+001, 4.5183413E+001, 4.4659321E+001, 2.0034323E+002, 2.0090623E+002, 1.9829251E+002, 1.9282188E+002, 1.7269181E+002, 1.4459760E+002, 1.1987226E+002, 8.8671065E+001, 5.8528173E+001, 4.7656479E+001, 4.1613854E+001, 2.3701377E+002, 1.7362530E+002, 2.6902651E+002, 2.0420906E+002, 3.4717956E+002, 2.6788623E+002, 2.2616115E+002, 1.5803019E+002, 1.0009920E+003, 8.5750916E+002, 5.2512397E+002, 3.3240609E+002, 2.7417957E+002, 4.8358904E+002, 4.6800751E+002
 3.2200077E+003, 1.6624949E+002, 1.6546406E+002, 1.6700331E+002, 1.7521151E+002, 1.9304416E+002, 1.6395656E+002, 1.6013936E+002, 1.6698539E+002, 1.7523391E+002, 1.8812394E+002, 2.2424188E+002, 1.7323655E+002, 1.6111001E+002, 1.6820563E+002, 1.8488972E+002, 2.0870375E+002, 2.3630033E+002, 1.9829314E+002, 1.5882046E+002, 1.6587969E+002, 1.7811741E+002, 2.0153338E+002, 2.2788690E+002, 1.9717601E+002, 1.5483918E+002, 1.5644886E+002, 1.6070537E+002, 1.7927962E+002, 2.0099389E+002, 1.5004169E+002, 1.5586232E+002, 1.6396887E+002, 1.7845542E+002, 2.1023559E+002, 1.5239622E+002, 1.5225301E+002, 1.6778833E+002, 1.9473053E+002, 2.3159734E+002, 2.9574545E+002, 1.8798177E+002, 1.5265470E+002, 1.6157537E+002, 2.1182280E+002, 2.7030331E+002, 3.2188100E+002, 2.5367913E+002, 1.5292834E+002, 1.6076582E+002, 2.1936944E+002, 2.7737304E+002, 3.1081710E+002, 2.4742922E+002, 1.5079746E+002, 1.5120678E+002, 1.6265865E+002, 1.9084339E+002, 2.0868870E+002, 1.3566527E+002, 1.7668849E+002, 1.9076462E+002, 2.1008796E+002, 1.8844485E+002, 2.6195108E+002, 1.9428488E+002, 3.6976149E+002, 4.5336844E+002, 4.4931386E+002, 3.0594787E+002, 4.8298133E+002, 2.0031068E+002, 3.9522007E+002, 5.6720581E+002, 5.3190942E+002, 3.4080867E+002, 5.5301070E+002, 1.8547598E+002, 4.1801017E+002, 4.5619660E+002, 3.5495560E+002, 2.3169055E+002, 2.1450255E+002, 1.4754593E+002, 1.6296872E+002, 1.7480985E+002, 1.8000978E+002, 1.6216931E+002, 1.7456963E+002, 1.6547774E+002, 1.5401967E+002, 1.4643240E+002, 1.4373533E+002, 1.4087099E+002, 1.2167085E+002, 8.6842877E+001, 5.6883824E+001, 5.0411688E+001, 4.4255893E+001, 4.3438699E+001, 4.3613413E+001, 2.1114891E+002, 1.7849938E+002, 1.5184093E+002, 1.4610432E+002, 1.4238861E+002, 1.3745750E+002, 1.2912608E+002, 8.4874513E+001, 5.9510057E+001, 5.4998999E+001, 5.0233765E+001, 4.4979514E+001, 3.8075918E+001, 1.4208745E+002, 1.4521197E+002, 1.4616315E+002, 1.4609988E+002, 1.4534898E+002, 1.4343392E+002, 1.3938332E+002, 7.4947829E+001, 4.8790184E+001, 4.6333591E+001, 4.5625548E+001, 1.9999969E+002, 2.0035974E+002, 1.9860165E+002, 1.9165739E+002, 1.5991485E+002, 1.4228694E+002, 1.1735198E+002, 9.0971752E+001, 6.0986080E+001, 4.9813734E+001, 4.3113523E+001, 2.3810128E+002, 1.7440640E+002, 2.6945443E+002, 2.0459761E+002, 3.4743752E+002, 2.6787326E+002, 2.2680530E+002, 1.5866675E+002, 9.9570913E+002, 9.2481478E+002, 5.9347355E+002, 3.6714304E+002, 2.6319495E+002, 3.9625175E+002, 4.6734342E+002
 3.2400393E+003, 1.6672062E+002, 1.6696955E+002, 1.7398217E+002, 1.8080996E+002, 2.0356660E+002, 1.6745096E+002, 1.6417204E+002, 1.5973138E+002, 1.6677111E+002, 1.8476380E+002, 2.1391199E+002, 1.5981624E+002, 1.5505996E+002, 1.5567476E+002, 1.6657990E+002, 1.8369348E+002, 2.2338634E+002, 1.7506266E+002, 1.5397238E+002, 1.5692781E+002, 1.6616087E+002, 1.8103150E+002, 2.0630129E+002, 1.8378763E+002, 1.5377805E+002, 1.5667224E+002, 1.5944627E+002, 1.7374314E+002, 1.8798453E+002, 1.4707997E+002, 1.5789954E+002, 1.8180467E+002, 1.8796384E+002, 2.4325877E+002, 1.5305142E+002, 1.5445586E+002, 1.6101951E+002, 1.8643003E+002, 2.2607930E+002, 3.0820824E+002, 1.6936827E+002, 1.5494973E+002, 1.5809561E+002, 1.8384781E+002, 2.5702894E+002, 3.2565767E+002, 2.2721030E+002, 1.5317709E+002, 1.6613557E+002, 1.9619797E+002, 2.4574362E+002, 2.6389683E+002, 2.1688518E+002, 1.5118036E+002, 1.5484570E+002, 1.5966391E+002, 1.7375961E+002, 1.8357781E+002, 1.3902653E+002, 1.6695826E+002, 2.2515707E+002, 2.5010781E+002, 1.8430958E+002, 2.7112040E+002, 1.9432846E+002, 3.9215989E+002, 5.0248287E+002, 4.8808050E+002, 3.2663312E+002, 4.6073607E+002, 2.0486311E+002, 3.8262028E+002, 5.7171019E+002, 5.8314702E+002, 3.8605359E+002, 5.3074799E+002, 1.9692563E+002, 3.8443166E+002, 3.8505737E+002, 3.1832891E+002, 2.3014709E+002, 1.9104540E+002, 1.3957458E+002, 1.5562351E+002, 1.6270615E+002, 1.6136419E+002, 1.4851478E+002, 1.8487176E+002, 1.6734279E+002, 1.5211874E+002, 1.4711275E+002, 1.4405045E+002, 1.4226750E+002, 1.2220180E+002, 8.9341587E+001, 5.5957645E+001, 4.9505836E+001, 4.6968571E+001, 4.5442050E+001, 4.3098226E+001, 2.0148941E+002, 1.6970394E+002, 1.4981130E+002, 1.4273426E+002, 1.3929688E+002, 1.3496589E+002, 1.2017802E+002, 8.0846538E+001, 6.0091689E+001, 5.5533925E+001, 5.0048619E+001, 4.4580501E+001, 3.7991682E+001, 1.3939895E+002, 1.4331129E+002, 1.4508421E+002, 1.4447083E+002, 1.4214757E+002, 1.3917796E+002, 1.3471332E+002, 8.4399925E+001, 4.8060096E+001, 4.7396707E+001, 4.6294260E+001, 1.9997379E+002, 1.9904611E+002, 1.9561206E+002, 1.9325565E+002, 1.8044209E+002, 1.5047302E+002, 1.1656669E+002, 8.8967148E+001, 6.1256837E+001, 5.3480961E+001, 4.4527440E+001, 2.3918217E+002, 1.7505405E+002, 2.6973270E+002, 2.0485369E+002, 3.4630036E+002, 2.6818090E+002, 2.2767637E+002, 1.5933932E+002, 9.6917795E+002, 8.4702216E+002, 5.2553621E+002, 2.9708397E+002, 2.0974260E+002, 4.4770773E+002, 4.6856778E+002
 3.2600410E+003, 1.6721065E+002, 1.6665053E+002, 1.7412282E+002, 1.8305960E+002, 1.9403070E+002, 1.6767884E+002, 1.6799700E+002, 1.6706481E+002, 1.7499202E+002, 1.9983380E+002, 2.2010731E+002, 1.7104428E+002, 1.5952823E+002, 1.6630023E+002, 1.8413815E+002, 2.0499005E+002, 2.3396500E+002, 2.0018691E+002, 1.5589982E+002, 1.6500637E+002, 1.8522932E+002, 2.1139793E+002, 2.3382218E+002, 1.9701776E+002, 1.5411691E+002, 1.5634131E+002, 1.6427987E+002, 1.7019526E+002, 1.8730969E+002, 1.5499422E+002, 1.5710972E+002, 1.6644588E+002, 1.7267902E+002, 1.7847588E+002, 1.5602946E+002, 1.5691907E+002, 1.6025810E+002, 2.0213797E+002, 2.3528794E+002, 2.6875635E+002, 1.7615439E+002, 1.5666668E+002, 1.6212175E+002, 2.1336742E+002, 2.6278120E+002, 3.3562401E+002, 2.5150125E+002, 1.5509660E+002, 1.7561204E+002, 2.1795171E+002, 2.7661744E+002, 2.7265022E+002, 2.5635122E+002, 1.5186911E+002, 1.5460744E+002, 1.7243196E+002, 1.9465396E+002, 2.1803646E+002, 1.4493248E+002, 1.7465832E+002, 1.7348278E+002, 1.7906701E+002, 1.7534824E+002, 2.6070061E+002, 1.9703976E+002, 3.8362610E+002, 4.3646790E+002, 3.6027965E+002, 3.0114261E+002, 4.5459704E+002, 2.0851163E+002, 3.8524437E+002, 5.6852482E+002, 5.7063515E+002, 3.8873782E+002, 5.4116769E+002, 1.9746786E+002, 4.2881125E+002, 4.6575181E+002, 3.6083216E+002, 2.3114803E+002, 2.1958969E+002, 1.5080120E+002, 1.7494275E+002, 1.9973508E+002, 1.8607418E+002, 1.6395521E+002, 1.7441518E+002, 1.6231873E+002, 1.5164979E+002, 1.4756290E+002, 1.4387536E+002, 1.4281010E+002, 1.2023943E+002, 8.6630839E+001, 5.9537686E+001, 4.9384350E+001, 4.8270859E+001, 4.5517030E+001, 4.3613798E+001, 2.0610677E+002, 1.7020866E+002, 1.4727253E+002, 1.4255421E+002, 1.4098991E+002, 1.3442195E+002, 1.1974778E+002, 8.5352906E+001, 5.9393956E+001, 5.5604573E+001, 4.8701226E+001, 4.2977441E+001, 3.7372166E+001, 1.4150232E+002, 1.4417626E+002, 1.4593289E+002, 1.4507211E+002, 1.4359572E+002, 1.4147043E+002, 1.3818083E+002, 9.2041054E+001, 4.7588467E+001, 4.5909926E+001, 4.4771434E+001, 2.0029506E+002, 1.9913191E+002, 1.9679867E+002, 1.8996508E+002, 1.6587692E+002, 1.3682665E+002, 1.2063324E+002, 9.2429831E+001, 6.2153668E+001, 5.2036802E+001, 4.2841124E+001, 2.4002467E+002, 1.7575594E+002, 2.7043206E+002, 2.0524378E+002, 3.4852629E+002, 2.6888390E+002, 2.2852889E+002, 1.5993558E+002, 9.8155799E+002, 8.5072675E+002, 5.2072001E+002, 3.0330834E+002, 2.6717158E+002, 5.8633293E+002, 4.6901954E+002
 3.2800163E+003, 1.7059374E+002, 1.6910150E+002, 1.7685049E+002, 1.9337937E+002, 2.0245816E+002, 1.6521887E+002, 1.6416701E+002, 1.6952082E+002, 1.8275737E+002, 2.1461119E+002, 2.3742260E+002, 1.7726465E+002, 1.5948427E+002, 1.6676974E+002, 1.8357186E+002, 2.1072069E+002, 2.4572913E+002, 2.0236789E+002, 1.5642210E+002, 1.6403091E+002, 1.8535109E+002, 2.1587780E+002, 2.3050564E+002, 2.0622966E+002, 1.5395914E+002, 1.5639752E+002, 1.6664596E+002, 1.8598431E+002, 1.8862918E+002, 1.5360650E+002, 1.6083987E+002, 1.8458699E+002, 1.9815415E+002, 2.1707866E+002, 1.5599542E+002, 1.5759353E+002, 1.6230307E+002, 2.0660931E+002, 2.6598888E+002, 3.1576712E+002, 1.8230964E+002, 1.5770635E+002, 1.6490121E+002, 2.0388361E+002, 2.6400968E+002, 3.2967253E+002, 2.4345097E+002, 1.5644658E+002, 1.7821130E+002, 2.1563762E+002, 2.7680836E+002, 2.8957289E+002, 2.3926816E+002, 1.5302848E+002, 1.5685455E+002, 1.7519987E+002, 1.9047398E+002, 2.1521468E+002, 1.4712632E+002, 2.0374210E+002, 2.0760133E+002, 2.3932806E+002, 1.8319166E+002, 2.7891836E+002, 2.0030471E+002, 4.0749556E+002, 5.3062946E+002, 4.5286422E+002, 2.8498572E+002, 4.7524030E+002, 2.0312986E+002, 3.6478559E+002, 5.3894835E+002, 5.0639141E+002, 3.1654724E+002, 5.5289441E+002, 1.9508037E+002, 4.6905072E+002, 4.7012051E+002, 3.7962903E+002, 2.1686642E+002, 2.0248912E+002, 1.4966821E+002, 1.7161666E+002, 1.7247041E+002, 1.7395813E+002, 1.5436410E+002, 1.8424415E+002, 1.6763998E+002, 1.4936066E+002, 1.4781398E+002, 1.4453007E+002, 1.4215391E+002, 1.2421400E+002, 8.4652414E+001, 5.9909109E+001, 4.9515761E+001, 4.8065769E+001, 4.4593980E+001, 4.3004212E+001, 2.0823766E+002, 1.8025303E+002, 1.5155237E+002, 1.4705933E+002, 1.4106218E+002, 1.3831443E+002, 1.2366576E+002, 9.0337015E+001, 6.0017011E+001, 5.6734508E+001, 4.9936653E+001, 4.3916155E+001, 3.6744305E+001, 1.4574929E+002, 1.4975833E+002, 1.5004908E+002, 1.4888367E+002, 1.4620483E+002, 1.4234403E+002, 1.3694596E+002, 9.6182487E+001, 4.7123556E+001, 4.6186313E+001, 4.5340889E+001, 2.0574890E+002, 2.0521165E+002, 2.0269383E+002, 1.9146242E+002, 1.5846487E+002, 1.3950772E+002, 1.2403703E+002, 8.3329753E+001, 6.0006232E+001, 5.3613698E+001, 4.4661520E+001, 2.4075953E+002, 1.7649386E+002, 2.7104531E+002, 2.0556255E+002, 3.4828931E+002, 2.6919221E+002, 2.2909391E+002, 1.6046096E+002, 1.0358682E+003, 9.7624997E+002, 6.2286100E+002, 3.5002590E+002, 2.5267276E+002, 4.8648363E+002, 4.6452946E+002
 3.3000349E+003, 1.6629711E+002, 1.6976022E+002, 1.7301641E+002, 1.8191113E+002, 2.0166125E+002, 1.6315840E+002, 1.6193213E+002, 1.6582719E+002, 1.7589707E+002, 2.0357331E+002, 2.3025968E+002, 1.7329709E+002, 1.5808205E+002, 1.6582409E+002, 1.7672560E+002, 1.9355099E+002, 2.3348033E+002, 1.8765314E+002, 1.5599412E+002, 1.6910624E+002, 1.7854761E+002, 1.9044573E+002, 2.2495889E+002, 1.8390570E+002, 1.5181693E+002, 1.5670902E+002, 1.6456721E+002, 1.7287203E+002, 1.8647181E+002, 1.5448942E+002, 1.6301080E+002, 1.7461527E+002, 1.8405589E+002, 2.0768301E+002, 1.6134968E+002, 1.5673068E+002, 1.6545519E+002, 2.0142010E+002, 2.5243746E+002, 2.8977897E+002, 1.8108706E+002, 1.5678744E+002, 1.6175398E+002, 2.1078643E+002, 2.6714407E+002, 3.1164734E+002, 2.5343543E+002, 1.5515611E+002, 1.7224012E+002, 2.3312473E+002, 2.6215162E+002, 3.0106653E+002, 2.3450946E+002, 1.5293169E+002, 1.5942888E+002, 1.7151992E+002, 1.7642674E+002, 2.0674855E+002, 1.4971896E+002, 1.9259093E+002, 2.1176827E+002, 2.0041613E+002, 1.8013837E+002, 2.8752062E+002, 1.9033084E+002, 3.5752932E+002, 4.3056929E+002, 4.0271136E+002, 3.1098464E+002, 4.8071362E+002, 2.1008681E+002, 4.4141675E+002, 6.0651951E+002, 5.5229899E+002, 3.7174475E+002, 5.2414834E+002, 1.9974086E+002, 4.1112338E+002, 4.3324316E+002, 3.2010370E+002, 2.0829327E+002, 1.8778914E+002, 1.5397691E+002, 1.6901839E+002, 1.8442771E+002, 1.6306409E+002, 1.5008465E+002, 1.7427336E+002, 1.6607072E+002, 1.4935666E+002, 1.4896392E+002, 1.4695640E+002, 1.4208078E+002, 1.2294185E+002, 8.9491332E+001, 6.0567504E+001, 5.0441594E+001, 4.8299313E+001, 4.6492263E+001, 4.4670508E+001, 2.0475959E+002, 1.7850231E+002, 1.5362029E+002, 1.4859370E+002, 1.4304137E+002, 1.4126080E+002, 1.2698227E+002, 8.1322589E+001, 5.9466536E+001, 5.6294852E+001, 5.0452397E+001, 4.4802712E+001, 3.8452905E+001, 1.4293637E+002, 1.4626810E+002, 1.4789130E+002, 1.4757165E+002, 1.4566047E+002, 1.4295483E+002, 1.3920006E+002, 9.1062627E+001, 4.6588794E+001, 4.5416603E+001, 4.4967119E+001, 1.9988185E+002, 2.0058492E+002, 2.0009192E+002, 1.9556968E+002, 1.7417133E+002, 1.3972537E+002, 1.2154045E+002, 8.8538902E+001, 6.2566105E+001, 5.3483951E+001, 4.6734872E+001, 2.4164797E+002, 1.7711406E+002, 2.7153911E+002, 2.0577252E+002, 3.4790680E+002, 2.6939256E+002, 2.2971065E+002, 1.6089426E+002, 1.0275199E+003, 9.0085439E+002, 5.5058514E+002, 3.1262524E+002, 2.3655376E+002, 4.5437679E+002, 4.6336046E+002
 3.3200103E+003, 1.6933080E+002, 1.6873146E+002, 1.7298360E+002, 1.7827981E+002, 2.0092824E+002, 1.6559268E+002, 1.6757872E+002, 1.6604655E+002, 1.7739761E+002, 2.0478229E+002, 2.2731669E+002, 1.7140934E+002, 1.6110226E+002, 1.6787859E+002, 1.8047933E+002, 2.0818457E+002, 2.3977157E+002, 1.9279789E+002, 1.5702579E+002, 1.6804210E+002, 1.8792940E+002, 2.0452577E+002, 2.1837371E+002, 1.9743653E+002, 1.5518359E+002, 1.6109132E+002, 1.6923759E+002, 1.7985559E+002, 2.0591585E+002, 1.5507228E+002, 1.5907744E+002, 1.7290076E+002, 1.8791981E+002, 2.0666365E+002, 1.5812507E+002, 1.5698709E+002, 1.6342544E+002, 2.0709227E+002, 2.4717357E+002, 2.8075337E+002, 1.9751976E+002, 1.5834395E+002, 1.7622654E+002, 2.4994101E+002, 2.8295523E+002, 3.2513510E+002, 2.6297958E+002, 1.5750222E+002, 1.7490343E+002, 2.2372707E+002, 2.3720473E+002, 2.6823720E+002, 2.1336177E+002, 1.5474821E+002, 1.6041686E+002, 1.7787608E+002, 1.7805262E+002, 2.0196717E+002, 1.4784225E+002, 1.7141763E+002, 2.0585287E+002, 2.0573440E+002, 1.8723702E+002, 2.9686587E+002, 2.0143431E+002, 3.8724894E+002, 5.0314943E+002, 4.4918391E+002, 3.1304076E+002, 5.1204532E+002, 2.0774948E+002, 3.9921661E+002, 5.8174167E+002, 5.4653312E+002, 3.6647046E+002, 5.1705293E+002, 1.9125181E+002, 3.7578550E+002, 3.8447797E+002, 3.2221813E+002, 2.2574757E+002, 1.9516136E+002, 1.4541106E+002, 1.6025084E+002, 1.6016755E+002, 1.5438116E+002, 1.5075570E+002, 1.8153140E+002, 1.6484682E+002, 1.4966516E+002, 1.4924945E+002, 1.4952208E+002, 1.4461294E+002, 1.1696600E+002, 8.6767388E+001, 6.1425559E+001, 5.2293450E+001, 4.9307478E+001, 4.7872390E+001, 4.3552605E+001, 2.1614332E+002, 1.8192684E+002, 1.5148884E+002, 1.4440173E+002, 1.4302799E+002, 1.4114719E+002, 1.2605621E+002, 8.4740433E+001, 6.1198879E+001, 5.6435025E+001, 4.9357706E+001, 4.3865984E+001, 3.7739724E+001, 1.4316386E+002, 1.4761067E+002, 1.4961131E+002, 1.5003149E+002, 1.4904826E+002, 1.4676748E+002, 1.4297316E+002, 9.4947770E+001, 4.6479728E+001, 4.5669306E+001, 4.4889326E+001, 1.9883837E+002, 1.9942360E+002, 1.9925927E+002, 1.9303098E+002, 1.7832898E+002, 1.5205763E+002, 1.2470397E+002, 8.7185005E+001, 6.2035132E+001, 5.4487394E+001, 4.5980069E+001, 2.4265116E+002, 1.7762341E+002, 2.7170813E+002, 2.0603499E+002, 3.5028064E+002, 2.7018417E+002, 2.3029687E+002, 1.6135324E+002, 9.5590528E+002, 8.5509779E+002, 5.5876979E+002, 3.4173662E+002, 2.6990041E+002, 4.4586938E+002, 4.6700551E+002
 3.3400395E+003, 1.6795913E+002, 1.7102323E+002, 1.8383784E+002, 1.9642243E+002, 2.1046505E+002, 1.6856222E+002, 1.6993358E+002, 1.7245143E+002, 1.8658404E+002, 2.0931261E+002, 2.4388917E+002, 1.8059717E+002, 1.6325840E+002, 1.7054935E+002, 1.8417293E+002, 2.0524208E+002, 2.3871129E+002, 1.9292581E+002, 1.5512635E+002, 1.6039172E+002, 1.7281041E+002, 1.9936339E+002, 2.0487213E+002, 1.8440753E+002, 1.5328572E+002, 1.5555955E+002, 1.5804000E+002, 1.6727447E+002, 1.7613398E+002, 1.5303949E+002, 1.6109236E+002, 1.7431364E+002, 1.9097038E+002, 2.2335108E+002, 1.5920936E+002, 1.5815265E+002, 1.7267543E+002, 2.1323559E+002, 2.5404854E+002, 3.1628613E+002, 1.9321314E+002, 1.5886233E+002, 1.7463993E+002, 2.2592510E+002, 2.8717709E+002, 3.1358449E+002, 2.5702029E+002, 1.5730658E+002, 1.6322734E+002, 2.1688254E+002, 2.4623820E+002, 2.6266877E+002, 2.0748241E+002, 1.5516147E+002, 1.5926467E+002, 1.6498242E+002, 1.6774741E+002, 1.8733529E+002, 1.4417749E+002, 1.8331149E+002, 2.0392522E+002, 2.0094973E+002, 1.7572347E+002, 2.6632412E+002, 1.9621236E+002, 3.7774812E+002, 4.6942039E+002, 4.8060679E+002, 3.1571949E+002, 5.0646325E+002, 2.1132558E+002, 4.1778709E+002, 6.0873478E+002, 5.5613088E+002, 3.7808496E+002, 5.3699805E+002, 1.9315029E+002, 3.7584930E+002, 4.1942423E+002, 3.0676618E+002, 2.2285747E+002, 1.9699322E+002, 1.4726499E+002, 1.5658655E+002, 1.6157809E+002, 1.7065469E+002, 1.5653862E+002, 1.7431776E+002, 1.6902604E+002, 1.5389760E+002, 1.5012451E+002, 1.4869114E+002, 1.4432115E+002, 1.2025820E+002, 8.9468958E+001, 6.0724726E+001, 5.3002142E+001, 5.0041363E+001, 4.7032687E+001, 4.2140992E+001, 2.0057540E+002, 1.7466012E+002, 1.5416770E+002, 1.4638417E+002, 1.4300667E+002, 1.4137028E+002, 1.2424886E+002, 8.5381992E+001, 6.2148884E+001, 5.5768134E+001, 5.0511683E+001, 4.5474520E+001, 3.9494179E+001, 1.5084011E+002, 1.5347101E+002, 1.5401245E+002, 1.5160210E+002, 1.4911382E+002, 1.4634059E+002, 1.4173844E+002, 7.1917046E+001, 4.6891192E+001, 4.5593132E+001, 4.5265504E+001, 2.0299295E+002, 2.0348992E+002, 2.0344218E+002, 1.9549198E+002, 1.6161274E+002, 1.4059350E+002, 1.1996271E+002, 8.9119221E+001, 5.9664028E+001, 5.2389176E+001, 4.4512266E+001, 2.4311771E+002, 1.7806535E+002, 2.7215029E+002, 2.0658122E+002, 3.5060883E+002, 2.7056169E+002, 2.3119373E+002, 1.6196514E+002, 9.8923227E+002, 8.5176643E+002, 4.8557965E+002, 2.8138001E+002, 2.0740381E+002, 3.8497146E+002, 4.7120639E+002
 3.3600133E+003, 1.6818356E+002, 1.6863693E+002, 1.8157894E+002, 1.9565044E+002, 2.2329034E+002, 1.6750019E+002, 1.6844669E+002, 1.7671399E+002, 1.9088289E+002, 2.1121328E+002, 2.3683736E+002, 1.8898841E+002, 1.6467611E+002, 1.7838090E+002, 1.9877666E+002, 2.0900049E+002, 2.4863651E+002, 1.9198880E+002, 1.5945377E+002, 1.6249456E+002, 1.8353086E+002, 2.0143776E+002, 2.1239065E+002, 1.8917636E+002, 1.5646253E+002, 1.5969482E+002, 1.6418457E+002, 1.7363766E+002, 1.7525239E+002, 1.5253092E+002, 1.5545518E+002, 1.7966882E+002, 1.8805730E+002, 2.1386136E+002, 1.5554404E+002, 1.5723228E+002, 1.6784155E+002, 2.2376893E+002, 2.5205043E+002, 3.0911145E+002, 2.0361632E+002, 1.5823159E+002, 1.7832750E+002, 2.4487393E+002, 3.0564955E+002, 3.2281828E+002, 2.5828960E+002, 1.5683734E+002, 1.8454270E+002, 2.1539290E+002, 2.5028391E+002, 2.6494625E+002, 2.1145312E+002, 1.5479148E+002, 1.5621738E+002, 1.5763771E+002, 1.6796600E+002, 1.8433261E+002, 1.4349087E+002, 1.9313193E+002, 1.8092218E+002, 1.8218001E+002, 1.6301660E+002, 2.8065868E+002, 1.8766633E+002, 3.9535510E+002, 4.5424016E+002, 4.1032275E+002, 3.1798693E+002, 4.7940861E+002, 2.0258388E+002, 3.9042355E+002, 5.9715564E+002, 5.6156008E+002, 3.9592438E+002, 5.2576990E+002, 1.9411720E+002, 4.3687738E+002, 3.7817955E+002, 3.1578251E+002, 2.2319007E+002, 1.7953151E+002, 1.5057136E+002, 1.6666663E+002, 1.6488459E+002, 1.5658150E+002, 1.4885591E+002, 1.7725889E+002, 1.6676747E+002, 1.5881031E+002, 1.5247487E+002, 1.4888312E+002, 1.4479614E+002, 1.2571780E+002, 8.8682691E+001, 5.8826535E+001, 5.1967280E+001, 4.9821999E+001, 4.5136594E+001, 4.2085221E+001, 2.1115521E+002, 1.7771826E+002, 1.5601225E+002, 1.5098874E+002, 1.4320765E+002, 1.4167133E+002, 1.2960802E+002, 8.4751774E+001, 6.0749379E+001, 5.5972549E+001, 4.9917700E+001, 4.3304075E+001, 3.8248372E+001, 1.5133984E+002, 1.5199237E+002, 1.5375854E+002, 1.5178446E+002, 1.4979095E+002, 1.4703841E+002, 1.4271829E+002, 8.1670944E+001, 4.6957243E+001, 4.6470665E+001, 4.6000938E+001, 2.1111394E+002, 2.1143441E+002, 2.0965295E+002, 1.9350049E+002, 1.6108860E+002, 1.4250730E+002, 1.2657722E+002, 8.7837270E+001, 5.8853162E+001, 5.0926195E+001, 4.3780317E+001, 2.4334949E+002, 1.7855983E+002, 2.7283708E+002, 2.0729391E+002, 3.5271426E+002, 2.7089876E+002, 2.3184765E+002, 1.6254753E+002, 9.3995309E+002, 8.1067707E+002, 4.8576906E+002, 3.3113942E+002, 2.4054541E+002, 4.4974528E+002, 4.7761346E+002
 3.3800129E+003, 1.6431898E+002, 1.6575261E+002, 1.7503967E+002, 1.9336143E+002, 2.0630799E+002, 1.6612431E+002, 1.6737467E+002, 1.7021060E+002, 1.7992822E+002, 2.0437874E+002, 2.3617151E+002, 1.7280313E+002, 1.6493061E+002, 1.6973880E+002, 1.7896440E+002, 2.1393172E+002, 2.4102019E+002, 1.9755963E+002, 1.6096001E+002, 1.6455933E+002, 1.8071478E+002, 2.0474049E+002, 2.2049301E+002, 1.9882507E+002, 1.5964979E+002, 1.6609299E+002, 1.7403857E+002, 1.7891372E+002, 1.8438328E+002, 1.5504448E+002, 1.5847786E+002, 1.7669074E+002, 1.7803047E+002, 1.9968042E+002, 1.5654409E+002, 1.5650235E+002, 1.7189926E+002, 2.1550583E+002, 2.4487505E+002, 3.4613596E+002, 1.9277727E+002, 1.5575531E+002, 1.6528077E+002, 2.1536502E+002, 2.9345468E+002, 3.1537627E+002, 2.7262742E+002, 1.5691414E+002, 1.7486379E+002, 2.2981374E+002, 2.4260382E+002, 2.5424949E+002, 2.1013509E+002, 1.5578266E+002, 1.5727381E+002, 1.6590543E+002, 1.7449507E+002, 1.8190889E+002, 1.4706015E+002, 1.8237894E+002, 1.8797980E+002, 2.0812267E+002, 1.7990908E+002, 2.6848730E+002, 1.9300535E+002, 3.7506392E+002, 4.8829321E+002, 5.0569108E+002, 3.4141905E+002, 4.7632666E+002, 2.0077502E+002, 3.8495506E+002, 5.7272375E+002, 4.7945814E+002, 3.2761721E+002, 4.4155584E+002, 1.8790136E+002, 4.3298069E+002, 3.9273391E+002, 2.9677767E+002, 2.1081799E+002, 2.1827791E+002, 1.4810986E+002, 1.5795528E+002, 1.7479680E+002, 1.8937788E+002, 1.7248199E+002, 1.7826989E+002, 1.6698394E+002, 1.5620457E+002, 1.5208780E+002, 1.4914192E+002, 1.4717999E+002, 1.2865750E+002, 8.9288059E+001, 6.2209747E+001, 5.1577137E+001, 4.9931152E+001, 4.7042696E+001, 4.4008609E+001, 2.0175809E+002, 1.7242008E+002, 1.5583010E+002, 1.5017794E+002, 1.4406076E+002, 1.3887425E+002, 1.2896085E+002, 8.1716139E+001, 6.1547179E+001, 5.6121505E+001, 5.1715304E+001, 4.5572357E+001, 4.0731244E+001, 1.5087361E+002, 1.5268850E+002, 1.5436744E+002, 1.5282630E+002, 1.4914674E+002, 1.4466716E+002, 1.3679322E+002, 7.9845172E+001, 4.7145901E+001, 4.6385325E+001, 4.5853811E+001, 2.0348118E+002, 2.0487283E+002, 2.0490321E+002, 1.9686829E+002, 1.7515254E+002, 1.4544430E+002, 1.2216297E+002, 8.9538252E+001, 6.3713167E+001, 4.8941798E+001, 4.3659889E+001, 2.4320528E+002, 1.7881930E+002, 2.7348858E+002, 2.0811317E+002, 3.5285314E+002, 2.7103745E+002, 2.3248070E+002, 1.6312905E+002, 9.7004500E+002, 8.3283246E+002, 5.1119666E+002, 3.3540361E+002, 2.9267720E+002, 4.4287958E+002, 4.8228734E+002
 3.4000040E+003, 1.6724019E+002, 1.7575579E+002, 1.8039839E+002, 1.9196843E+002, 1.9594145E+002, 1.6858470E+002, 1.6774381E+002, 1.7167077E+002, 1.8462142E+002, 2.1024005E+002, 2.2263597E+002, 1.7626470E+002, 1.6767769E+002, 1.7123613E+002, 1.8943730E+002, 2.0436812E+002, 2.2970680E+002, 1.9782865E+002, 1.6258613E+002, 1.6802344E+002, 1.8472439E+002, 1.9776005E+002, 2.1902070E+002, 1.9842465E+002, 1.5978623E+002, 1.6066547E+002, 1.6700426E+002, 1.8058213E+002, 1.8819996E+002, 1.5453724E+002, 1.6113964E+002, 1.8585351E+002, 1.8582879E+002, 1.9099189E+002, 1.5777030E+002, 1.5832975E+002, 1.7811674E+002, 2.1403262E+002, 2.2049517E+002, 2.5428425E+002, 1.9204697E+002, 1.5927071E+002, 1.6608325E+002, 2.1139121E+002, 2.8301975E+002, 3.3878808E+002, 2.4830757E+002, 1.5786494E+002, 1.7331993E+002, 2.1695762E+002, 2.5336595E+002, 2.9431162E+002, 2.3728892E+002, 1.5572297E+002, 1.6068053E+002, 1.6478559E+002, 1.8145293E+002, 2.0767692E+002, 1.4529653E+002, 2.0154998E+002, 2.0381500E+002, 1.9734776E+002, 1.8205521E+002, 2.7849286E+002, 2.0795007E+002, 3.8398696E+002, 4.1601341E+002, 3.8971044E+002, 2.8830648E+002, 4.7309745E+002, 1.9997829E+002, 3.6463437E+002, 5.7901318E+002, 5.8229022E+002, 3.9534845E+002, 5.8260010E+002, 1.8970929E+002, 4.2561633E+002, 4.6473212E+002, 3.6541689E+002, 2.2846425E+002, 2.1792441E+002, 1.5316139E+002, 1.6943418E+002, 1.7474613E+002, 1.8351979E+002, 1.7682342E+002, 1.7928964E+002, 1.6872568E+002, 1.5839947E+002, 1.5142923E+002, 1.4842850E+002, 1.4629279E+002, 1.3102441E+002, 8.6778503E+001, 5.8808716E+001, 5.2843423E+001, 5.0264568E+001, 4.7250594E+001, 4.4680239E+001, 2.1316360E+002, 1.8383730E+002, 1.5311865E+002, 1.4933592E+002, 1.4573882E+002, 1.4101778E+002, 1.2841095E+002, 8.8326031E+001, 6.1517419E+001, 5.5649060E+001, 5.0847189E+001, 4.6395479E+001, 3.9159311E+001, 1.4983764E+002, 1.5192980E+002, 1.5307190E+002, 1.5152299E+002, 1.4874911E+002, 1.4443448E+002, 1.3738243E+002, 8.4701672E+001, 4.6473111E+001, 4.5565364E+001, 4.5271008E+001, 2.0169589E+002, 2.0241259E+002, 1.9973862E+002, 1.9443508E+002, 1.6236491E+002, 1.4534021E+002, 1.2313063E+002, 9.5083903E+001, 6.4897063E+001, 5.1880903E+001, 4.3551413E+001, 2.4316113E+002, 1.7916203E+002, 2.7421915E+002, 2.0883143E+002, 3.5302475E+002, 2.7148701E+002, 2.3302791E+002, 1.6364459E+002, 1.0184643E+003, 8.7986315E+002, 5.3079452E+002, 3.1683640E+002, 2.4704235E+002, 4.6855763E+002, 4.7879669E+002
 3.4200188E+003, 1.7046886E+002, 1.7355344E+002, 1.7846620E+002, 1.8701851E+002, 2.0827990E+002, 1.7250453E+002, 1.6862998E+002, 1.7453093E+002, 1.8110569E+002, 2.0450768E+002, 2.3612164E+002, 1.7571792E+002, 1.7268457E+002, 1.7018795E+002, 1.8646800E+002, 2.0858390E+002, 2.4247020E+002, 1.9371164E+002, 1.6678280E+002, 1.7015156E+002, 1.7743163E+002, 1.9776806E+002, 2.2342944E+002, 1.9826677E+002, 1.6341471E+002, 1.6237872E+002, 1.6842565E+002, 1.8417631E+002, 2.0120846E+002, 1.5789459E+002, 1.6534124E+002, 1.7916995E+002, 2.0415454E+002, 2.2109678E+002, 1.6030424E+002, 1.5976057E+002, 1.7677126E+002, 2.0203453E+002, 2.5139900E+002, 3.0188084E+002, 1.8987785E+002, 1.6056763E+002, 1.6679978E+002, 2.3052450E+002, 2.7492920E+002, 3.3595152E+002, 2.5098418E+002, 1.5858042E+002, 1.7533277E+002, 2.1018011E+002, 2.5632074E+002, 2.6094799E+002, 2.2322719E+002, 1.5615995E+002, 1.6314991E+002, 1.6921713E+002, 1.8354176E+002, 1.9769614E+002, 1.4978420E+002, 1.9805039E+002, 2.1641168E+002, 1.9568747E+002, 1.6367955E+002, 2.9864407E+002, 1.9272910E+002, 4.1538951E+002, 4.8535871E+002, 4.1408140E+002, 2.7922497E+002, 4.8710728E+002, 2.1007086E+002, 4.0266050E+002, 6.0002961E+002, 5.9124496E+002, 3.8335183E+002, 5.6133887E+002, 1.9867105E+002, 3.5644856E+002, 4.5091426E+002, 3.1904258E+002, 2.1372097E+002, 2.0285565E+002, 1.5038812E+002, 1.6037707E+002, 1.8021706E+002, 1.7605835E+002, 1.6330065E+002, 1.8448820E+002, 1.7329317E+002, 1.5704557E+002, 1.5210404E+002, 1.4977910E+002, 1.4610003E+002, 1.2470804E+002, 9.0612223E+001, 6.1538531E+001, 5.3261609E+001, 5.0910713E+001, 4.8333775E+001, 4.2113417E+001, 2.1424599E+002, 1.8467378E+002, 1.5435505E+002, 1.4926206E+002, 1.4511384E+002, 1.4206861E+002, 1.3009204E+002, 9.0550748E+001, 6.2095012E+001, 5.5835169E+001, 5.2947687E+001, 4.6897384E+001, 3.9430253E+001, 1.5047012E+002, 1.5172601E+002, 1.5237829E+002, 1.5035354E+002, 1.4748068E+002, 1.4397467E+002, 1.3959396E+002, 8.9826182E+001, 4.6595762E+001, 4.6216479E+001, 4.6042283E+001, 2.0098827E+002, 2.0215861E+002, 1.9973444E+002, 1.9468331E+002, 1.6808323E+002, 1.4757223E+002, 1.2701178E+002, 9.3952266E+001, 6.7946995E+001, 4.9481389E+001, 4.3353173E+001, 2.4345249E+002, 1.7952494E+002, 2.7459443E+002, 2.0918219E+002, 3.5223712E+002, 2.7160938E+002, 2.3315178E+002, 1.6418585E+002, 1.0071917E+003, 8.8664481E+002, 5.2776244E+002, 2.9281990E+002, 2.2168207E+002, 3.8828182E+002, 4.7407767E+002
 3.4400031E+003, 1.7372417E+002, 1.7618525E+002, 1.8316869E+002, 1.9796189E+002, 2.1825396E+002, 1.7249733E+002, 1.6815027E+002, 1.7520297E+002, 1.8830025E+002, 2.1887244E+002, 2.4565580E+002, 1.8173491E+002, 1.6550639E+002, 1.6963404E+002, 1.9206445E+002, 2.2383829E+002, 2.3732630E+002, 2.0475372E+002, 1.6314138E+002, 1.6663671E+002, 1.8428838E+002, 2.0433819E+002, 2.2298989E+002, 1.9591489E+002, 1.6177145E+002, 1.6614191E+002, 1.7239642E+002, 1.7779696E+002, 1.9214662E+002, 1.5871322E+002, 1.6298211E+002, 1.8768351E+002, 1.8553536E+002, 2.1669725E+002, 1.6053287E+002, 1.6127995E+002, 1.7649915E+002, 2.1729387E+002, 2.6015981E+002, 2.9644943E+002, 1.9878420E+002, 1.6187717E+002, 1.8015293E+002, 2.3630765E+002, 2.8816334E+002, 3.2199000E+002, 2.6919943E+002, 1.5990473E+002, 1.7731949E+002, 2.3624196E+002, 2.6096033E+002, 2.6577943E+002, 2.2242259E+002, 1.5596556E+002, 1.5699387E+002, 1.7287418E+002, 1.8275288E+002, 1.8770544E+002, 1.4989460E+002, 1.8806390E+002, 1.8370722E+002, 2.2189587E+002, 1.7880519E+002, 2.8388520E+002, 2.1161967E+002, 4.5602668E+002, 4.9121181E+002, 4.5416371E+002, 3.3219955E+002, 4.9740886E+002, 1.9630664E+002, 3.7943888E+002, 5.8407845E+002, 5.0769471E+002, 3.5439686E+002, 5.0044969E+002, 1.8775725E+002, 4.0160945E+002, 4.2815124E+002, 3.2266558E+002, 2.2403762E+002, 1.9866931E+002, 1.4900409E+002, 1.6348220E+002, 1.7072778E+002, 1.7249598E+002, 1.6180146E+002, 1.8340183E+002, 1.7161432E+002, 1.5452003E+002, 1.5270644E+002, 1.5051270E+002, 1.4636099E+002, 1.2545595E+002, 9.2038667E+001, 5.9472219E+001, 5.3243333E+001, 5.1393686E+001, 4.8908503E+001, 4.4660928E+001, 2.1809434E+002, 1.7026641E+002, 1.5592614E+002, 1.5072544E+002, 1.4467147E+002, 1.4272633E+002, 1.3017038E+002, 9.1432616E+001, 6.3500082E+001, 5.6345207E+001, 5.2103823E+001, 4.4735194E+001, 3.8759587E+001, 1.4957204E+002, 1.5267132E+002, 1.5315726E+002, 1.5190911E+002, 1.4919821E+002, 1.4595053E+002, 1.4101300E+002, 9.6018269E+001, 4.8297750E+001, 4.7316287E+001, 4.6876964E+001, 2.0759609E+002, 2.0713666E+002, 2.0438519E+002, 2.0151804E+002, 1.9533933E+002, 1.6282587E+002, 1.1866812E+002, 8.9432313E+001, 6.6473186E+001, 5.4090861E+001, 4.5518225E+001, 2.4389552E+002, 1.7989756E+002, 2.7494334E+002, 2.0960652E+002, 3.5316679E+002, 2.7220535E+002, 2.3310263E+002, 1.6471419E+002, 9.8071090E+002, 8.8565355E+002, 5.8045659E+002, 3.4404346E+002, 2.6058919E+002, 5.0644975E+002, 4.7635974E+002
 3.4600159E+003, 1.7754185E+002, 1.8090323E+002, 1.9452165E+002, 2.0536195E+002, 2.3129673E+002, 1.7702977E+002, 1.7427723E+002, 1.8449520E+002, 1.9618557E+002, 2.1459203E+002, 2.4402742E+002, 1.9013480E+002, 1.7497029E+002, 1.8341340E+002, 1.8566150E+002, 2.0945809E+002, 2.3361407E+002, 1.9637338E+002, 1.6492915E+002, 1.7615740E+002, 1.8642609E+002, 2.0558114E+002, 2.0425208E+002, 1.9150653E+002, 1.5925317E+002, 1.6254912E+002, 1.7216877E+002, 1.7541620E+002, 1.7718352E+002, 1.6063098E+002, 1.6422557E+002, 1.9807590E+002, 2.1564604E+002, 2.5467670E+002, 1.6340697E+002, 1.6311058E+002, 1.7697502E+002, 2.2195182E+002, 2.7695402E+002, 3.2388482E+002, 1.9403039E+002, 1.6211949E+002, 1.7440955E+002, 2.3321544E+002, 2.9468013E+002, 3.2753189E+002, 2.4820509E+002, 1.6022890E+002, 1.8089659E+002, 2.2734397E+002, 2.2813880E+002, 2.3588994E+002, 1.9049601E+002, 1.5695261E+002, 1.5763537E+002, 1.7402971E+002, 1.6989764E+002, 1.7042766E+002, 1.5378558E+002, 1.8925720E+002, 2.4359654E+002, 2.3926320E+002, 2.0621403E+002, 2.8491424E+002, 2.0242372E+002, 4.1731520E+002, 5.1247120E+002, 4.8972996E+002, 3.3386501E+002, 5.2778446E+002, 2.1761079E+002, 4.3482714E+002, 5.8631139E+002, 5.2359156E+002, 3.6351319E+002, 4.5946515E+002, 1.8608370E+002, 3.9478363E+002, 3.5288600E+002, 2.9766413E+002, 2.0750840E+002, 1.8405413E+002, 1.4926637E+002, 1.6839784E+002, 1.6585949E+002, 1.6179222E+002, 1.5059596E+002, 1.8233552E+002, 1.6938991E+002, 1.5668958E+002, 1.5272017E+002, 1.4997278E+002, 1.4709223E+002, 1.2935284E+002, 9.2856837E+001, 6.0018533E+001, 5.2899633E+001, 5.0325174E+001, 4.6450834E+001, 4.3379454E+001, 2.1462053E+002, 1.7684742E+002, 1.5681725E+002, 1.5215198E+002, 1.4810653E+002, 1.4466477E+002, 1.3313982E+002, 8.4829198E+001, 6.3451761E+001, 5.7227936E+001, 5.2653191E+001, 4.7073501E+001, 3.9906540E+001, 1.5134944E+002, 1.5359577E+002, 1.5341699E+002, 1.5279783E+002, 1.5019492E+002, 1.4673048E+002, 1.4283122E+002, 1.0576419E+002, 4.8887673E+001, 4.7828511E+001, 4.7463440E+001, 2.0632427E+002, 2.0643026E+002, 2.0382185E+002, 2.0074633E+002, 1.9449785E+002, 1.5507831E+002, 1.1709709E+002, 9.4466395E+001, 6.6874675E+001, 5.3141224E+001, 4.5385847E+001, 2.4431117E+002, 1.8017111E+002, 2.7547248E+002, 2.0998515E+002, 3.5224310E+002, 2.7275381E+002, 2.3314482E+002, 1.6511329E+002, 9.8056745E+002, 8.4851656E+002, 5.2046949E+002, 3.1500344E+002, 2.2091143E+002, 4.6547578E+002, 4.7767235E+002
 3.4800419E+003, 1.7551136E+002, 1.7594983E+002, 1.8046157E+002, 1.8764957E+002, 2.1482631E+002, 1.7575716E+002, 1.7647730E+002, 1.7654321E+002, 1.7966090E+002, 2.0306787E+002, 2.3686644E+002, 1.7242469E+002, 1.6966933E+002, 1.6857986E+002, 1.7669174E+002, 2.0150092E+002, 2.3776110E+002, 1.9230417E+002, 1.6020912E+002, 1.6225471E+002, 1.8090822E+002, 2.0320265E+002, 2.3716417E+002, 1.9888346E+002, 1.5797139E+002, 1.5866348E+002, 1.6214758E+002, 1.7005602E+002, 1.8565586E+002, 1.5870575E+002, 1.6048258E+002, 1.7390705E+002, 1.9221254E+002, 2.1292190E+002, 1.6074772E+002, 1.6151683E+002, 1.6782796E+002, 1.9783023E+002, 2.5836460E+002, 3.2868234E+002, 1.8243637E+002, 1.6191535E+002, 1.6920367E+002, 2.0855662E+002, 2.8806810E+002, 3.4502699E+002, 2.5060109E+002, 1.6024075E+002, 1.6831116E+002, 2.2005874E+002, 2.5033611E+002, 2.6242750E+002, 2.1612432E+002, 1.5834825E+002, 1.6100818E+002, 1.7045989E+002, 1.7511816E+002, 1.8516064E+002, 1.4984815E+002, 1.7041744E+002, 2.1406934E+002, 2.2018819E+002, 1.9417196E+002, 3.0142642E+002, 2.0063063E+002, 4.3422076E+002, 5.4230217E+002, 4.5747654E+002, 3.2473371E+002, 5.0552836E+002, 2.1343016E+002, 3.9504028E+002, 5.7186002E+002, 5.5067972E+002, 3.6027119E+002, 4.9898244E+002, 1.8146206E+002, 3.8133471E+002, 3.6235419E+002, 2.9836764E+002, 2.2011957E+002, 1.8885621E+002, 1.4816907E+002, 1.7120293E+002, 1.6939250E+002, 1.6720875E+002, 1.5227276E+002, 1.7982501E+002, 1.7383284E+002, 1.6044959E+002, 1.5377784E+002, 1.5129068E+002, 1.4714224E+002, 1.2623381E+002, 9.0560938E+001, 6.2205268E+001, 5.3079555E+001, 5.0461734E+001, 4.7331373E+001, 4.5034995E+001, 2.0716828E+002, 1.8166671E+002, 1.5741596E+002, 1.5278350E+002, 1.4809184E+002, 1.4421080E+002, 1.3254913E+002, 8.4214196E+001, 6.2748555E+001, 5.6969794E+001, 5.3150430E+001, 4.8385289E+001, 4.0354660E+001, 1.5342588E+002, 1.5562283E+002, 1.5572595E+002, 1.5444276E+002, 1.5221133E+002, 1.4863910E+002, 1.4342185E+002, 7.6911457E+001, 4.8499114E+001, 4.8171693E+001, 4.7585649E+001, 2.0762969E+002, 2.0854372E+002, 2.0665483E+002, 2.0316547E+002, 1.8272077E+002, 1.4673486E+002, 1.2133474E+002, 9.5405921E+001, 6.8609923E+001, 5.5023323E+001, 4.5876094E+001, 2.4460800E+002, 1.8049907E+002, 2.7592068E+002, 2.1038586E+002, 3.5305995E+002, 2.7346613E+002, 2.3346731E+002, 1.6555639E+002, 9.9284908E+002, 9.0384955E+002, 6.2709504E+002, 3.3389246E+002, 2.1443582E+002, 3.5642008E+002, 4.7977656E+002
 3.5000220E+003, 1.7364691E+002, 1.7554033E+002, 1.8229572E+002, 1.8464239E+002, 2.0493372E+002, 1.7601827E+002, 1.7823584E+002, 1.7758294E+002, 1.8920400E+002, 2.0150768E+002, 2.3784121E+002, 1.7706929E+002, 1.7265217E+002, 1.6876388E+002, 1.8078759E+002, 2.1086547E+002, 2.5273181E+002, 1.9517357E+002, 1.6176702E+002, 1.6264747E+002, 1.7485557E+002, 2.0154296E+002, 2.3981599E+002, 2.0174122E+002, 1.5978637E+002, 1.5939712E+002, 1.6566674E+002, 1.7439016E+002, 1.8814984E+002, 1.6077731E+002, 1.6749626E+002, 1.7507945E+002, 1.8583398E+002, 2.1767955E+002, 1.6431667E+002, 1.6338055E+002, 1.7752680E+002, 2.1658748E+002, 2.6751340E+002, 3.0263934E+002, 1.9335676E+002, 1.6390096E+002, 1.7029354E+002, 2.1234702E+002, 2.8157871E+002, 3.4671333E+002, 2.3898072E+002, 1.6104348E+002, 1.6692192E+002, 2.0762140E+002, 2.5369652E+002, 2.8608010E+002, 2.3375892E+002, 1.5830507E+002, 1.5892510E+002, 1.6345630E+002, 1.7440892E+002, 2.0268661E+002, 1.4502067E+002, 1.8542120E+002, 2.2286166E+002, 2.1276712E+002, 1.7881916E+002, 2.8726577E+002, 1.8967683E+002, 4.0818232E+002, 4.9947930E+002, 4.5065215E+002, 2.9694595E+002, 4.8693142E+002, 2.2008540E+002, 4.1239786E+002, 5.7337727E+002, 5.7584477E+002, 4.3113280E+002, 5.4318122E+002, 1.9513591E+002, 3.5772395E+002, 4.1116042E+002, 3.4055188E+002, 2.6942192E+002, 1.9678076E+002, 1.5657721E+002, 1.7970720E+002, 1.7377981E+002, 1.6288521E+002, 1.5044977E+002, 1.8592203E+002, 1.7678523E+002, 1.6121501E+002, 1.5421986E+002, 1.5157013E+002, 1.4766857E+002, 1.2922961E+002, 9.0043693E+001, 6.4006357E+001, 5.2995825E+001, 5.0311919E+001, 4.7430123E+001, 4.4002096E+001, 2.1341885E+002, 1.7980613E+002, 1.5728253E+002, 1.5176903E+002, 1.4701515E+002, 1.4392781E+002, 1.2800332E+002, 8.9884375E+001, 6.3202530E+001, 5.6295518E+001, 5.4172786E+001, 4.8489669E+001, 4.0156155E+001, 1.4967962E+002, 1.5174024E+002, 1.5289911E+002, 1.5279952E+002, 1.5168163E+002, 1.4920037E+002, 1.4512928E+002, 8.4882337E+001, 4.9284573E+001, 4.8191583E+001, 4.7599317E+001, 2.0988872E+002, 2.0829549E+002, 2.0217875E+002, 1.8297815E+002, 1.5935049E+002, 1.4694156E+002, 1.2654277E+002, 8.9266147E+001, 6.6936772E+001, 5.5240600E+001, 4.6026386E+001, 2.4503184E+002, 1.8076605E+002, 2.7617442E+002, 2.1063627E+002, 3.5238509E+002, 2.7320785E+002, 2.3397030E+002, 1.6602634E+002, 1.0035162E+003, 9.2596392E+002, 5.7327566E+002, 3.7270972E+002, 3.0972602E+002, 4.4541126E+002, 4.7444324E+002
 3.5200012E+003, 1.7567015E+002, 1.7616941E+002, 1.7758526E+002, 1.8573862E+002, 2.0667352E+002, 1.7397106E+002, 1.7621667E+002, 1.7531893E+002, 1.8450764E+002, 1.9899260E+002, 2.3773867E+002, 1.8187660E+002, 1.7654148E+002, 1.7900856E+002, 1.8435665E+002, 1.9817731E+002, 2.5469989E+002, 1.8800153E+002, 1.6188361E+002, 1.6379546E+002, 1.8020711E+002, 2.0231114E+002, 2.2657853E+002, 2.0228767E+002, 1.5841379E+002, 1.5834278E+002, 1.6295487E+002, 1.7739751E+002, 1.8738322E+002, 1.6208970E+002, 1.6660209E+002, 1.8233465E+002, 1.9071815E+002, 1.9302480E+002, 1.6443482E+002, 1.6293729E+002, 1.6911514E+002, 2.0994835E+002, 2.6993896E+002, 3.2218803E+002, 1.9054604E+002, 1.6261546E+002, 1.6891577E+002, 2.0337861E+002, 2.9251828E+002, 3.5693286E+002, 2.4040584E+002, 1.6054606E+002, 1.6329803E+002, 2.0493167E+002, 2.6753087E+002, 2.7493575E+002, 2.3916058E+002, 1.5872096E+002, 1.6051238E+002, 1.7056848E+002, 1.9282005E+002, 2.0320284E+002, 1.5062084E+002, 1.9093486E+002, 2.0069668E+002, 2.0537423E+002, 1.7037970E+002, 2.8268675E+002, 2.0977106E+002, 3.9069638E+002, 4.7554217E+002, 4.6404303E+002, 3.2736632E+002, 4.8993695E+002, 2.1727822E+002, 4.3188796E+002, 5.9871930E+002, 5.5730642E+002, 3.6080774E+002, 5.0853101E+002, 1.9014087E+002, 4.2542184E+002, 4.3108186E+002, 3.0357567E+002, 2.1265444E+002, 1.8679250E+002, 1.6470070E+002, 1.8667922E+002, 1.7162617E+002, 1.6677403E+002, 1.5064854E+002, 1.8793114E+002, 1.7598932E+002, 1.5701937E+002, 1.5324266E+002, 1.5245771E+002, 1.4759401E+002, 1.2877460E+002, 8.6920513E+001, 6.5149328E+001, 5.3054151E+001, 5.1756265E+001, 4.8279445E+001, 4.6590434E+001, 2.0502278E+002, 1.8637011E+002, 1.5894548E+002, 1.4802827E+002, 1.4650361E+002, 1.4182059E+002, 1.2444421E+002, 8.8507017E+001, 6.5267271E+001, 5.7491242E+001, 5.3979846E+001, 4.6775211E+001, 4.0717839E+001, 1.5009389E+002, 1.5222614E+002, 1.5288157E+002, 1.5371362E+002, 1.5259786E+002, 1.5031088E+002, 1.4528642E+002, 8.3109629E+001, 4.8973458E+001, 4.8165862E+001, 4.7868822E+001, 2.0537708E+002, 2.0615639E+002, 2.0485084E+002, 1.9999345E+002, 1.7359427E+002, 1.5362064E+002, 1.2984559E+002, 9.0494092E+001, 6.5908052E+001, 5.6953517E+001, 4.7505979E+001, 2.4536249E+002, 1.8110765E+002, 2.7619451E+002, 2.1071916E+002, 3.5300172E+002, 2.7324138E+002, 2.3437010E+002, 1.6642967E+002, 9.4630460E+002, 8.1521787E+002, 5.2632706E+002, 3.5792985E+002, 2.5735213E+002, 4.1677402E+002, 4.7116729E+002
 3.5400180E+003, 1.7235437E+002, 1.7357693E+002, 1.8481251E+002, 2.0875517E+002, 2.1632791E+002, 1.7261764E+002, 1.7449641E+002, 1.7483772E+002, 1.8747472E+002, 2.1586984E+002, 2.4618650E+002, 1.8200913E+002, 1.7343811E+002, 1.7517730E+002, 1.9403723E+002, 2.1963262E+002, 2.4303095E+002, 2.0280511E+002, 1.6603546E+002, 1.6673420E+002, 1.8444232E+002, 2.0546475E+002, 2.2812259E+002, 1.9635366E+002, 1.6324971E+002, 1.6315801E+002, 1.7146900E+002, 1.7780444E+002, 1.8880999E+002, 1.5717852E+002, 1.6299943E+002, 1.9943611E+002, 1.9445395E+002, 2.0206750E+002, 1.6231301E+002, 1.6265665E+002, 1.6694708E+002, 2.1256913E+002, 2.6662452E+002, 3.0336038E+002, 1.7926764E+002, 1.6373265E+002, 1.6837226E+002, 2.2862142E+002, 2.9160269E+002, 3.4061184E+002, 2.7627847E+002, 1.6317109E+002, 1.7650370E+002, 2.4344471E+002, 2.5919615E+002, 2.7147238E+002, 2.2755703E+002, 1.6074524E+002, 1.6528395E+002, 1.7497983E+002, 1.9770454E+002, 1.9680976E+002, 1.4643862E+002, 1.8389728E+002, 2.0974556E+002, 2.0353753E+002, 1.8319136E+002, 2.9125891E+002, 2.1660525E+002, 4.0873949E+002, 4.7538969E+002, 4.2380401E+002, 3.0924347E+002, 4.7375956E+002, 2.0894733E+002, 3.9054025E+002, 5.8736054E+002, 5.7674175E+002, 3.8448964E+002, 5.2564096E+002, 1.9046044E+002, 4.4632812E+002, 3.9978148E+002, 2.9207231E+002, 2.2389991E+002, 1.7860418E+002, 1.5600447E+002, 1.6884813E+002, 1.6444577E+002, 1.5244454E+002, 1.4721211E+002, 1.8752736E+002, 1.7271323E+002, 1.5737151E+002, 1.5317428E+002, 1.5278821E+002, 1.4971313E+002, 1.3043653E+002, 8.9988917E+001, 6.3570014E+001, 5.3308603E+001, 5.2097833E+001, 4.9710844E+001, 4.6609466E+001, 2.0947289E+002, 1.8951548E+002, 1.5852138E+002, 1.5182799E+002, 1.4741084E+002, 1.4531047E+002, 1.2923513E+002, 8.5214141E+001, 6.4157710E+001, 5.8740339E+001, 5.3838249E+001, 4.3738526E+001, 4.0453196E+001, 1.5120890E+002, 1.5382980E+002, 1.5515506E+002, 1.5415377E+002, 1.5221852E+002, 1.4956742E+002, 1.4649572E+002, 8.8043454E+001, 4.8757588E+001, 4.7692299E+001, 4.7375704E+001, 2.0313362E+002, 2.0282459E+002, 2.0384956E+002, 1.9604056E+002, 1.7866271E+002, 1.5080458E+002, 1.2504110E+002, 8.8187434E+001, 6.2036393E+001, 5.6044446E+001, 4.7011462E+001, 2.4556606E+002, 1.8153822E+002, 2.7633522E+002, 2.1096677E+002, 3.5345944E+002, 2.7315112E+002, 2.3464703E+002, 1.6677458E+002, 9.9295571E+002, 8.2807092E+002, 5.1973053E+002, 3.2042285E+002, 2.3765572E+002, 4.4192159E+002, 4.7330906E+002
 3.5600178E+003, 1.7092163E+002, 1.7573902E+002, 1.7964706E+002, 1.9153706E+002, 2.0188582E+002, 1.7384128E+002, 1.7579631E+002, 1.7763513E+002, 1.8938997E+002, 1.9964496E+002, 2.3999300E+002, 1.8454538E+002, 1.7658271E+002, 1.7818402E+002, 2.0313753E+002, 2.1842702E+002, 2.4822627E+002, 2.1641787E+002, 1.6635343E+002, 1.7757672E+002, 2.0362564E+002, 2.1991038E+002, 2.4215533E+002, 2.1056555E+002, 1.6260957E+002, 1.6357913E+002, 1.7671931E+002, 1.8964000E+002, 1.9748960E+002, 1.5982407E+002, 1.6217351E+002, 1.7502100E+002, 1.8728581E+002, 1.8405291E+002, 1.6429190E+002, 1.6619906E+002, 1.6765992E+002, 2.0151182E+002, 2.5306434E+002, 2.9521491E+002, 1.8370126E+002, 1.6589932E+002, 1.7197244E+002, 2.2097582E+002, 3.0292900E+002, 3.5435288E+002, 2.6939838E+002, 1.6387546E+002, 1.8779442E+002, 2.4487377E+002, 2.8690622E+002, 3.0680711E+002, 2.5256151E+002, 1.6072464E+002, 1.6594474E+002, 1.8701692E+002, 1.8978133E+002, 2.0172447E+002, 1.5398272E+002, 1.8847008E+002, 1.8735502E+002, 1.7823331E+002, 1.7426704E+002, 2.7374855E+002, 1.9881720E+002, 3.9176963E+002, 4.1753961E+002, 3.9058389E+002, 2.9955584E+002, 4.8518944E+002, 2.2089420E+002, 4.3245874E+002, 6.3694657E+002, 5.9180524E+002, 3.6835205E+002, 5.4334227E+002, 2.0556821E+002, 4.5308117E+002, 4.5343339E+002, 3.3517153E+002, 2.4231364E+002, 2.1042700E+002, 1.6579883E+002, 1.7722795E+002, 1.8565045E+002, 1.8322109E+002, 1.6114324E+002, 1.8247414E+002, 1.7428081E+002, 1.5969314E+002, 1.5669523E+002, 1.5329587E+002, 1.5055064E+002, 1.2789886E+002, 8.9663202E+001, 6.1103807E+001, 5.3936027E+001, 5.2346106E+001, 4.9377558E+001, 4.6094712E+001, 2.1402718E+002, 1.8874426E+002, 1.5963615E+002, 1.5441474E+002, 1.5235980E+002, 1.4604228E+002, 1.3590590E+002, 8.9479414E+001, 6.4312778E+001, 6.0292901E+001, 5.5264883E+001, 4.8551578E+001, 3.9375508E+001, 1.5121250E+002, 1.5185666E+002, 1.5240989E+002, 1.5198631E+002, 1.5062515E+002, 1.4840697E+002, 1.4440730E+002, 9.1653465E+001, 5.0039269E+001, 4.8420280E+001, 4.7991901E+001, 2.0961053E+002, 2.0969047E+002, 2.0558213E+002, 1.9832075E+002, 1.7123806E+002, 1.4985356E+002, 1.2535573E+002, 9.5934731E+001, 6.2327027E+001, 5.8823206E+001, 4.8583511E+001, 2.4566473E+002, 1.8180824E+002, 2.7668340E+002, 2.1121876E+002, 3.5440342E+002, 2.7312288E+002, 2.3509285E+002, 1.6703631E+002, 9.9151717E+002, 8.5406231E+002, 5.6504727E+002, 3.7958442E+002, 2.5136914E+002, 4.2309970E+002, 4.7680558E+002
 3.5800381E+003, 1.6811536E+002, 1.7166033E+002, 1.7742717E+002, 1.8550168E+002, 2.0727141E+002, 1.6957590E+002, 1.6933760E+002, 1.7386907E+002, 1.8342224E+002, 1.9809367E+002, 2.3291542E+002, 1.7837703E+002, 1.7293597E+002, 1.7826680E+002, 1.8703179E+002, 2.1477310E+002, 2.4653200E+002, 2.0116354E+002, 1.6852758E+002, 1.7422146E+002, 1.9782213E+002, 2.2101341E+002, 2.5110315E+002, 2.1735612E+002, 1.6187684E+002, 1.6213419E+002, 1.7298315E+002, 1.8936950E+002, 1.9764170E+002, 1.6140536E+002, 1.6404407E+002, 1.8551354E+002, 1.9064063E+002, 2.0894719E+002, 1.6371231E+002, 1.6572686E+002, 1.6884785E+002, 1.9929017E+002, 2.5140390E+002, 2.8544720E+002, 1.8381915E+002, 1.6484403E+002, 1.8096198E+002, 2.1741759E+002, 2.7057130E+002, 3.4618313E+002, 2.5870219E+002, 1.6320121E+002, 1.8107932E+002, 2.4847646E+002, 2.9399259E+002, 2.9786264E+002, 2.5169735E+002, 1.6019241E+002, 1.6262608E+002, 1.8707210E+002, 2.0712570E+002, 2.0614759E+002, 1.5212196E+002, 1.8991533E+002, 2.0773100E+002, 2.0521970E+002, 1.7511561E+002, 2.6907840E+002, 1.8633817E+002, 3.7712508E+002, 4.6285688E+002, 4.3115102E+002, 3.1100111E+002, 4.5860681E+002, 2.1643434E+002, 3.9814167E+002, 5.7646878E+002, 5.3479156E+002, 3.6499468E+002, 5.0630471E+002, 2.0182030E+002, 4.3375515E+002, 4.3908395E+002, 3.4238862E+002, 2.2222767E+002, 2.1729094E+002, 1.5325001E+002, 1.8771619E+002, 1.9504281E+002, 1.7292959E+002, 1.6133155E+002, 1.8631651E+002, 1.7560075E+002, 1.5971674E+002, 1.5720380E+002, 1.5304869E+002, 1.5050871E+002, 1.2173358E+002, 9.1119004E+001, 6.1883007E+001, 5.3878905E+001, 5.3007922E+001, 4.9956708E+001, 4.7330013E+001, 2.1774119E+002, 1.8924726E+002, 1.5628387E+002, 1.5489812E+002, 1.5337774E+002, 1.4811709E+002, 1.3846726E+002, 8.3382834E+001, 6.4071407E+001, 6.0680739E+001, 5.2462313E+001, 4.7071699E+001, 4.0895176E+001, 1.5322388E+002, 1.5481674E+002, 1.5844044E+002, 1.5647143E+002, 1.5314953E+002, 1.4876557E+002, 1.4228070E+002, 8.9795555E+001, 5.0952203E+001, 4.8667128E+001, 4.8033623E+001, 2.1020460E+002, 2.0874138E+002, 2.0610529E+002, 2.0288120E+002, 1.7683255E+002, 1.3941582E+002, 1.2349673E+002, 9.5067287E+001, 6.6250949E+001, 5.9867655E+001, 5.0094359E+001, 2.4586802E+002, 1.8191702E+002, 2.7692080E+002, 2.1142728E+002, 3.5358127E+002, 2.7331719E+002, 2.3545448E+002, 1.6725762E+002, 1.0039615E+003, 8.9285337E+002, 5.8589452E+002, 3.4807109E+002, 2.8531982E+002, 5.0475022E+002, 4.7448993E+002
 3.6000189E+003, 1.7330714E+002, 1.7511874E+002, 1.8904781E+002, 2.0275529E+002, 2.1907258E+002, 1.7332429E+002, 1.7343709E+002, 1.7701266E+002, 1.9493066E+002, 2.1200470E+002, 2.3792644E+002, 1.8299840E+002, 1.7570620E+002, 1.8062569E+002, 1.9330359E+002, 2.1174798E+002, 2.5154078E+002, 2.0318690E+002, 1.7100369E+002, 1.7137133E+002, 1.8065773E+002, 2.0208051E+002, 2.2412412E+002, 1.9039728E+002, 1.6406621E+002, 1.6319223E+002, 1.6381523E+002, 1.7607696E+002, 1.8675804E+002, 1.6188303E+002, 1.6749539E+002, 1.8849318E+002, 1.9721416E+002, 2.2328168E+002, 1.6461255E+002, 1.6511660E+002, 1.7350219E+002, 2.1207252E+002, 2.6807848E+002, 2.9531074E+002, 1.9381329E+002, 1.6555234E+002, 1.7647579E+002, 2.2307577E+002, 2.7771109E+002, 3.4748275E+002, 2.6326839E+002, 1.6488781E+002, 1.7584703E+002, 2.3249371E+002, 2.8053342E+002, 3.0551331E+002, 2.2343691E+002, 1.6078745E+002, 1.6758376E+002, 1.8036439E+002, 1.9498944E+002, 1.9546869E+002, 1.5371623E+002, 1.9913773E+002, 2.1898826E+002, 2.1221596E+002, 1.8057439E+002, 2.8634854E+002, 2.0329538E+002, 4.1889329E+002, 5.1144574E+002, 4.3879854E+002, 2.9946107E+002, 4.6279141E+002, 2.2139547E+002, 4.2259609E+002, 5.8361898E+002, 5.4432978E+002, 3.7368992E+002, 5.6870141E+002, 1.9652236E+002, 4.1008991E+002, 4.6217898E+002, 3.4914747E+002, 2.1057684E+002, 2.0428876E+002, 1.5389260E+002, 1.6413804E+002, 1.7393087E+002, 1.7252717E+002, 1.6083622E+002, 1.8583402E+002, 1.7557055E+002, 1.5911773E+002, 1.5645999E+002, 1.5441284E+002, 1.5125218E+002, 1.2728828E+002, 9.6776512E+001, 6.3383141E+001, 5.3569471E+001, 5.1106237E+001, 4.8596928E+001, 4.5366594E+001, 2.0234761E+002, 1.7570516E+002, 1.5825973E+002, 1.5503891E+002, 1.4920690E+002, 1.4544223E+002, 1.3094747E+002, 8.1816025E+001, 6.4070712E+001, 6.1782262E+001, 5.4649923E+001, 4.8042827E+001, 4.1248178E+001, 1.5295913E+002, 1.5502747E+002, 1.5552078E+002, 1.5526329E+002, 1.5297869E+002, 1.4978233E+002, 1.4310753E+002, 8.4784134E+001, 4.9223927E+001, 4.8253129E+001, 4.7877650E+001, 2.1512449E+002, 2.1478418E+002, 2.1074867E+002, 2.0334414E+002, 1.8558537E+002, 1.5811705E+002, 1.2582552E+002, 9.3054984E+001, 6.5318058E+001, 5.7882633E+001, 5.1548690E+001, 2.4638807E+002, 1.8214048E+002, 2.7717194E+002, 2.1167231E+002, 3.5208976E+002, 2.7351946E+002, 2.3569736E+002, 1.6745936E+002, 9.7464108E+002, 9.2055220E+002, 5.8772818E+002, 3.4964823E+002, 2.3123765E+002, 3.8532323E+002, 4.7458350E+002
 3.6201393E+003, 1.7535610E+002, 1.7489931E+002, 1.8348169E+002, 1.9622215E+002, 2.1399673E+002, 1.7955283E+002, 1.8170169E+002, 1.7655166E+002, 1.8731176E+002, 2.1313497E+002, 2.3324228E+002, 1.8124260E+002, 1.7608494E+002, 1.7777370E+002, 1.9010076E+002, 2.1027358E+002, 2.2903308E+002, 2.0342384E+002, 1.6731039E+002, 1.7481580E+002, 1.9189131E+002, 2.0182379E+002, 2.0573481E+002, 1.9399351E+002, 1.6248934E+002, 1.6636247E+002, 1.7586922E+002, 1.7705520E+002, 1.8131100E+002, 1.6351207E+002, 1.6854590E+002, 1.8941002E+002, 1.9214030E+002, 2.0476559E+002, 1.6454770E+002, 1.6497335E+002, 1.7221262E+002, 2.0419051E+002, 2.3730107E+002, 2.7894602E+002, 1.8292705E+002, 1.6431212E+002, 1.7050585E+002, 2.1289789E+002, 2.7406855E+002, 2.8600487E+002, 2.3977910E+002, 1.6262474E+002, 1.7330221E+002, 2.0908387E+002, 2.2267691E+002, 2.1921852E+002, 1.9391752E+002, 1.6131558E+002, 1.6232897E+002, 1.7215466E+002, 1.7610503E+002, 1.7449896E+002, 1.4800844E+002, 1.8693777E+002, 1.8514808E+002, 1.9697832E+002, 1.5856180E+002, 2.4122495E+002, 1.8585204E+002, 3.2653839E+002, 3.7232381E+002, 3.3282091E+002, 2.3234315E+002, 3.8782869E+002, 2.0151716E+002, 3.3048414E+002, 4.3541029E+002, 3.8678966E+002, 2.5030351E+002, 3.2662939E+002, 1.8776055E+002, 2.7893610E+002, 2.6305581E+002, 2.0504702E+002, 1.6185628E+002, 1.5508495E+002, 1.4671210E+002, 1.4475456E+002, 1.5245355E+002, 1.5117168E+002, 1.4825281E+002, 1.9167287E+002, 1.7795634E+002, 1.5951833E+002, 1.5662682E+002, 1.5300622E+002, 1.5114753E+002, 1.2523979E+002, 9.2663460E+001, 6.2317946E+001, 5.4825501E+001, 5.2504041E+001, 4.8328700E+001, 4.4938542E+001, 2.0657542E+002, 1.7245581E+002, 1.5992715E+002, 1.5258349E+002, 1.4770376E+002, 1.4554174E+002, 1.2710297E+002, 8.7524913E+001, 6.4425467E+001, 6.2030534E+001, 5.3833582E+001, 4.6749238E+001, 3.8715323E+001, 1.5241113E+002, 1.5579068E+002, 1.5839628E+002, 1.5760120E+002, 1.5445048E+002, 1.5098488E+002, 1.4640573E+002, 7.0808920E+001, 4.8628320E+001, 4.8124865E+001, 4.7825108E+001, 2.0675160E+002, 2.0749810E+002, 2.0776481E+002, 2.0308260E+002, 1.7853053E+002, 1.4659502E+002, 1.2926422E+002, 9.0989649E+001, 6.4441403E+001, 5.8868605E+001, 5.2722024E+001, 2.4619254E+002, 1.8217044E+002, 2.7693419E+002, 2.1171303E+002, 3.4503707E+002, 2.6992213E+002, 2.3546587E+002, 1.6753927E+002, 6.4221888E+002, 5.4519519E+002, 3.8269011E+002, 2.2645692E+002, 1.8135208E+002, 2.3899411E+002, 4.6550071E+002
 3.6400842E+003, 1.6330891E+002, 1.6238112E+002, 1.6496854E+002, 1.6404355E+002, 1.6420375E+002, 1.6149157E+002, 1.6081788E+002, 1.6050393E+002, 1.6136519E+002, 1.6396924E+002, 1.6526187E+002, 1.6046772E+002, 1.5898623E+002, 1.5987766E+002, 1.6088166E+002, 1.6355413E+002, 1.6543275E+002, 1.6230404E+002, 1.5732810E+002, 1.5900856E+002, 1.6193743E+002, 1.6404244E+002, 1.6306361E+002, 1.5927280E+002, 1.5697255E+002, 1.5722074E+002, 1.5780498E+002, 1.5873276E+002, 1.5756276E+002, 1.6043395E+002, 1.5987494E+002, 1.5971836E+002, 1.5796871E+002, 1.5422067E+002, 1.6004079E+002, 1.6112686E+002, 1.6035595E+002, 1.6311105E+002, 1.6247686E+002, 1.5947550E+002, 1.6122830E+002, 1.6170110E+002, 1.6106671E+002, 1.6126450E+002, 1.6170794E+002, 1.5865538E+002, 1.5920774E+002, 1.5997885E+002, 1.5895470E+002, 1.5658514E+002, 1.5970720E+002, 1.5990976E+002, 1.5892131E+002, 1.5820863E+002, 1.5748647E+002, 1.5771630E+002, 1.5771521E+002, 1.5717953E+002, 1.2622203E+002, 1.2011192E+002, 1.2663011E+002, 1.2497421E+002, 1.1967754E+002, 1.4660738E+002, 1.7903627E+002, 1.5427326E+002, 1.4098146E+002, 1.3237158E+002, 1.1822538E+002, 1.6398044E+002, 1.9934185E+002, 1.8296360E+002, 1.7144082E+002, 1.4115436E+002, 1.1882710E+002, 1.4151330E+002, 1.8763574E+002, 1.3740516E+002, 1.2848321E+002, 1.2055966E+002, 1.2363468E+002, 1.2359375E+002, 1.4195682E+002, 1.2448438E+002, 1.2806774E+002, 1.2978786E+002, 1.3005801E+002, 1.7559610E+002, 1.7273565E+002, 1.5751235E+002, 1.5448626E+002, 1.5202218E+002, 1.4877022E+002, 1.2543806E+002, 9.1865566E+001, 6.3765676E+001, 5.3761203E+001, 5.2280190E+001, 4.7288804E+001, 4.3989927E+001, 1.7430249E+002, 1.6450554E+002, 1.5758395E+002, 1.5538173E+002, 1.5083570E+002, 1.4717197E+002, 1.2626496E+002, 8.0558906E+001, 6.2246847E+001, 5.9890301E+001, 5.3287870E+001, 4.7102568E+001, 4.0060100E+001, 1.4930330E+002, 1.5389630E+002, 1.5631695E+002, 1.5522800E+002, 1.5317345E+002, 1.5028294E+002, 1.4468573E+002, 7.0159061E+001, 4.9072139E+001, 4.8622099E+001, 4.8607069E+001, 1.8566698E+002, 1.8675306E+002, 1.7849339E+002, 1.6816467E+002, 1.5376114E+002, 1.4032407E+002, 1.2035462E+002, 8.6675665E+001, 6.1859965E+001, 5.3827547E+001, 4.7148760E+001, 2.4229670E+002, 1.8041009E+002, 2.7220918E+002, 2.0933956E+002, 3.2303834E+002, 2.5604780E+002, 2.3247776E+002, 1.6621418E+002, 2.4300351E+002, 2.1443735E+002, 1.6364752E+002, 1.2194071E+002, 9.8101967E+001, 8.4675008E+001, 4.1913009E+002
 3.6600001E+003, 1.5949463E+002, 1.5829520E+002, 1.5775324E+002, 1.5732519E+002, 1.5674108E+002, 1.5891411E+002, 1.5980749E+002, 1.5754811E+002, 1.5676179E+002, 1.5649590E+002, 1.5795432E+002, 1.5711300E+002, 1.5920203E+002, 1.5766880E+002, 1.5646889E+002, 1.5570057E+002, 1.5559650E+002, 1.5586060E+002, 1.5868264E+002, 1.5799524E+002, 1.5698032E+002, 1.5531199E+002, 1.5417066E+002, 1.5463760E+002, 1.5892214E+002, 1.5866411E+002, 1.5725437E+002, 1.5547626E+002, 1.5375539E+002, 1.5528173E+002, 1.5540652E+002, 1.5542233E+002, 1.5475448E+002, 1.5361214E+002, 1.5609014E+002, 1.5737213E+002, 1.5664045E+002, 1.5540526E+002, 1.5443307E+002, 1.5320219E+002, 1.5647817E+002, 1.5877991E+002, 1.5809298E+002, 1.5689025E+002, 1.5538256E+002, 1.5343458E+002, 1.5597781E+002, 1.5856203E+002, 1.5729175E+002, 1.5612860E+002, 1.5499685E+002, 1.5424846E+002, 1.5445505E+002, 1.5703986E+002, 1.5623842E+002, 1.5538176E+002, 1.5455880E+002, 1.5401605E+002, 1.1874074E+002, 1.1470691E+002, 1.2366613E+002, 1.3174996E+002, 1.3018692E+002, 1.2938964E+002, 1.6885484E+002, 1.3430966E+002, 1.2438821E+002, 1.2210600E+002, 1.1619899E+002, 1.4157625E+002, 1.8251294E+002, 1.5182321E+002, 1.3132198E+002, 1.1825768E+002, 1.1291689E+002, 1.0892823E+002, 1.6735266E+002, 1.2123474E+002, 1.1164386E+002, 1.1374277E+002, 1.1972927E+002, 1.2497090E+002, 1.2360567E+002, 1.2429709E+002, 1.2925107E+002, 1.3048188E+002, 1.2559345E+002, 1.6138660E+002, 1.6393557E+002, 1.5801497E+002, 1.5565184E+002, 1.5289159E+002, 1.4767097E+002, 1.1510869E+002, 8.0088532E+001, 6.0668942E+001, 5.3465280E+001, 5.1994427E+001, 4.8306577E+001, 4.4326305E+001, 1.5855259E+002, 1.5721144E+002, 1.5347281E+002, 1.5053416E+002, 1.4803783E+002, 1.4431943E+002, 1.1356132E+002, 7.6794933E+001, 6.2310665E+001, 5.8746818E+001, 5.1341270E+001, 4.7136944E+001, 4.0835831E+001, 1.4557149E+002, 1.4908752E+002, 1.5122507E+002, 1.4990682E+002, 1.4852607E+002, 1.4587553E+002, 1.2854086E+002, 5.9770078E+001, 4.8889052E+001, 4.8082475E+001, 4.7565287E+001, 1.6830300E+002, 1.6599584E+002, 1.5528265E+002, 1.5285251E+002, 1.5017674E+002, 1.4423162E+002, 1.1345410E+002, 8.8317484E+001, 6.2426531E+001, 5.4378806E+001, 4.4903659E+001, 2.3571581E+002, 1.7731942E+002, 2.6322700E+002, 2.0449985E+002, 3.0262627E+002, 2.4245185E+002, 2.2716517E+002, 1.6368448E+002, 1.9844812E+002, 1.7383013E+002, 1.2942150E+002, 1.0849482E+002, 8.7178424E+001, 7.0601374E+001, 3.7929358E+002
 3.6800460E+003, 1.5574851E+002, 1.5602533E+002, 1.5644779E+002, 1.5589543E+002, 1.5541179E+002, 1.5598628E+002, 1.5628477E+002, 1.5671530E+002, 1.5699884E+002, 1.5633999E+002, 1.5639518E+002, 1.5706766E+002, 1.5634766E+002, 1.5641475E+002, 1.5725906E+002, 1.5701967E+002, 1.5574347E+002, 1.5778565E+002, 1.5681092E+002, 1.5674979E+002, 1.5779152E+002, 1.5843861E+002, 1.5630845E+002, 1.5766693E+002, 1.5753653E+002, 1.5718208E+002, 1.5729862E+002, 1.5816259E+002, 1.5589343E+002, 1.5282521E+002, 1.5283464E+002, 1.5299784E+002, 1.5302988E+002, 1.5241768E+002, 1.5300193E+002, 1.5311112E+002, 1.5278924E+002, 1.5356094E+002, 1.5424022E+002, 1.5318124E+002, 1.5370282E+002, 1.5295534E+002, 1.5426271E+002, 1.5529763E+002, 1.5469128E+002, 1.5376110E+002, 1.5474102E+002, 1.5499734E+002, 1.5533297E+002, 1.5489184E+002, 1.5378856E+002, 1.5321633E+002, 1.5289369E+002, 1.5421724E+002, 1.5386307E+002, 1.5354992E+002, 1.5264535E+002, 1.5260296E+002, 1.1255694E+002, 1.1111602E+002, 1.1599946E+002, 1.1872019E+002, 1.1776771E+002, 1.1989333E+002, 1.5441569E+002, 1.2462764E+002, 1.2358614E+002, 1.1758061E+002, 1.0871963E+002, 1.3427011E+002, 1.6858925E+002, 1.3419518E+002, 1.2067189E+002, 1.0908007E+002, 1.0177221E+002, 1.0812938E+002, 1.5836678E+002, 1.0384448E+002, 1.0283274E+002, 1.1189074E+002, 1.1682965E+002, 1.2269125E+002, 1.0837049E+002, 1.0480167E+002, 1.1993244E+002, 1.2543951E+002, 1.1971224E+002, 1.5451778E+002, 1.5741756E+002, 1.5649407E+002, 1.5343809E+002, 1.5110076E+002, 1.3758292E+002, 1.0555809E+002, 7.4422122E+001, 5.6308943E+001, 5.3597775E+001, 4.9932455E+001, 4.4533084E+001, 4.3392854E+001, 1.5510710E+002, 1.5486427E+002, 1.5159491E+002, 1.4870068E+002, 1.4659209E+002, 1.3600194E+002, 1.0877431E+002, 7.0107068E+001, 6.2029296E+001, 5.8025706E+001, 5.1325467E+001, 4.6837200E+001, 4.0298161E+001, 1.3865092E+002, 1.4049042E+002, 1.4262489E+002, 1.4323666E+002, 1.4260573E+002, 1.4101050E+002, 1.1657254E+002, 6.0816648E+001, 4.9336110E+001, 4.8581366E+001, 4.8069523E+001, 1.5755094E+002, 1.5685690E+002, 1.5310360E+002, 1.5094751E+002, 1.4880197E+002, 1.4164740E+002, 1.1130494E+002, 7.6511847E+001, 6.0051079E+001, 4.8357794E+001, 4.2278675E+001, 2.2787315E+002, 1.7350236E+002, 2.5257102E+002, 1.9841449E+002, 2.8417370E+002, 2.2992098E+002, 2.2049267E+002, 1.6063841E+002, 1.7675840E+002, 1.5828091E+002, 1.1614104E+002, 9.8220753E+001, 8.1842495E+001, 6.6460867E+001, 3.4734285E+002
 3.7000572E+003, 1.5249751E+002, 1.5216126E+002, 1.5245913E+002, 1.5237703E+002, 1.5233708E+002, 1.5219278E+002, 1.5276344E+002, 1.5310594E+002, 1.5263253E+002, 1.5273714E+002, 1.5289291E+002, 1.5288192E+002, 1.5290732E+002, 1.5276632E+002, 1.5282905E+002, 1.5406118E+002, 1.5415691E+002, 1.5419954E+002, 1.5272191E+002, 1.5271756E+002, 1.5334692E+002, 1.5492764E+002, 1.5473115E+002, 1.5517618E+002, 1.5342311E+002, 1.5262520E+002, 1.5335265E+002, 1.5453707E+002, 1.5484012E+002, 1.4936475E+002, 1.4883989E+002, 1.4868362E+002, 1.4891151E+002, 1.4917807E+002, 1.4955322E+002, 1.5044485E+002, 1.4954907E+002, 1.4892676E+002, 1.4954302E+002, 1.4960957E+002, 1.4957716E+002, 1.5108325E+002, 1.5099243E+002, 1.5128774E+002, 1.5108180E+002, 1.5007580E+002, 1.5125073E+002, 1.5076151E+002, 1.5142276E+002, 1.5021887E+002, 1.5032034E+002, 1.4969457E+002, 1.4953198E+002, 1.4969394E+002, 1.4883671E+002, 1.4832311E+002, 1.4909016E+002, 1.4921599E+002, 1.0407128E+002, 1.0913796E+002, 1.0350474E+002, 1.0062926E+002, 9.7811863E+001, 1.1663081E+002, 1.5194330E+002, 1.2536021E+002, 1.1884591E+002, 1.0992502E+002, 9.7529415E+001, 1.1955887E+002, 1.5798312E+002, 1.1983285E+002, 1.0581708E+002, 1.0197806E+002, 9.9385943E+001, 9.7048222E+001, 1.5548335E+002, 9.7230385E+001, 9.3762540E+001, 1.0722578E+002, 1.1427404E+002, 1.1692381E+002, 1.0394033E+002, 1.0473088E+002, 1.1820468E+002, 1.1893028E+002, 1.1268464E+002, 1.4954377E+002, 1.5225840E+002, 1.5184392E+002, 1.5049224E+002, 1.4774929E+002, 1.3314585E+002, 1.0266091E+002, 7.1001155E+001, 5.5121145E+001, 5.2059068E+001, 4.9552333E+001, 4.5797716E+001, 4.2424945E+001, 1.5359142E+002, 1.5502742E+002, 1.5346798E+002, 1.4857602E+002, 1.4591897E+002, 1.3228022E+002, 9.6963030E+001, 6.7207396E+001, 6.1154393E+001, 5.6328139E+001, 5.0672380E+001, 4.5124768E+001, 3.7800428E+001, 1.3479988E+002, 1.3562998E+002, 1.3757069E+002, 1.3802007E+002, 1.3750237E+002, 1.3639674E+002, 1.2481610E+002, 5.4784797E+001, 4.9717928E+001, 4.8661833E+001, 4.8136368E+001, 1.5081851E+002, 1.5169119E+002, 1.5072024E+002, 1.4895154E+002, 1.4750917E+002, 1.3611321E+002, 1.0146293E+002, 7.3132182E+001, 5.8668631E+001, 4.9113162E+001, 4.2175772E+001, 2.1957831E+002, 1.6899053E+002, 2.4154246E+002, 1.9191141E+002, 2.6774852E+002, 2.1860435E+002, 2.1294289E+002, 1.5719078E+002, 1.5858979E+002, 1.4512577E+002, 1.0825914E+002, 9.4071913E+001, 7.6864766E+001, 6.5267393E+001, 3.2098532E+002
 3.7200112E+003, 1.5098664E+002, 1.5058170E+002, 1.5055093E+002, 1.5047100E+002, 1.5001196E+002, 1.5063809E+002, 1.5068808E+002, 1.5083755E+002, 1.5036291E+002, 1.5023446E+002, 1.4991043E+002, 1.5032830E+002, 1.5071982E+002, 1.5055634E+002, 1.4996079E+002, 1.5033238E+002, 1.5030960E+002, 1.5001768E+002, 1.5055750E+002, 1.5006048E+002, 1.4936586E+002, 1.4984809E+002, 1.5007964E+002, 1.4988459E+002, 1.5007766E+002, 1.4946225E+002, 1.4920678E+002, 1.4948540E+002, 1.5011488E+002, 1.4725185E+002, 1.4666597E+002, 1.4604476E+002, 1.4542150E+002, 1.4518646E+002, 1.4726031E+002, 1.4698936E+002, 1.4693777E+002, 1.4683306E+002, 1.4613936E+002, 1.4601758E+002, 1.4691200E+002, 1.4522071E+002, 1.4644614E+002, 1.4739440E+002, 1.4761130E+002, 1.4741427E+002, 1.4715244E+002, 1.4421747E+002, 1.4436042E+002, 1.4632252E+002, 1.4639613E+002, 1.4612712E+002, 1.4529948E+002, 1.4648688E+002, 1.4543943E+002, 1.4519705E+002, 1.4501761E+002, 1.4480798E+002, 1.0250369E+002, 1.0210176E+002, 9.9631956E+001, 9.4656668E+001, 8.9908885E+001, 1.1028839E+002, 1.4900140E+002, 1.1199958E+002, 1.0597995E+002, 9.6325077E+001, 9.0919325E+001, 1.1333314E+002, 1.3643448E+002, 1.1565827E+002, 1.0263594E+002, 9.3162839E+001, 9.1864610E+001, 9.6796591E+001, 1.3624274E+002, 9.5755989E+001, 1.0029314E+002, 1.0417882E+002, 1.0193061E+002, 1.0976790E+002, 1.0936213E+002, 1.1519857E+002, 1.1532789E+002, 1.1120405E+002, 1.0809795E+002, 1.4616315E+002, 1.4847781E+002, 1.4927970E+002, 1.4840339E+002, 1.4368517E+002, 1.2696771E+002, 9.6857520E+001, 6.5429658E+001, 5.3737024E+001, 5.1332121E+001, 5.0446155E+001, 4.7092489E+001, 4.2815814E+001, 1.4862702E+002, 1.4985982E+002, 1.4728290E+002, 1.4535228E+002, 1.3833751E+002, 1.2765239E+002, 9.0703677E+001, 6.6990783E+001, 6.1429948E+001, 5.6754934E+001, 4.9928943E+001, 4.6694858E+001, 3.8753657E+001, 1.3132837E+002, 1.3280652E+002, 1.3441123E+002, 1.3537946E+002, 1.3561472E+002, 1.3446511E+002, 1.2823987E+002, 5.3918377E+001, 5.0063978E+001, 4.9069931E+001, 4.7943430E+001, 1.4618335E+002, 1.4851968E+002, 1.4814083E+002, 1.4691792E+002, 1.4599133E+002, 1.2745108E+002, 9.3766822E+001, 7.2968555E+001, 5.7240260E+001, 5.0306977E+001, 4.2974405E+001, 2.1136417E+002, 1.6421017E+002, 2.3076891E+002, 1.8536783E+002, 2.5326198E+002, 2.0850130E+002, 2.0537286E+002, 1.5362531E+002, 1.4319038E+002, 1.2745589E+002, 9.7266563E+001, 8.3734563E+001, 7.0903298E+001, 6.5944976E+001, 2.9888142E+002
 3.7401182E+003, 1.4790661E+002, 1.4812220E+002, 1.4814072E+002, 1.4841608E+002, 1.4799194E+002, 1.4780368E+002, 1.4787823E+002, 1.4821289E+002, 1.4808927E+002, 1.4835125E+002, 1.4770881E+002, 1.4846784E+002, 1.4795082E+002, 1.4877368E+002, 1.4836996E+002, 1.4798668E+002, 1.4738549E+002, 1.4844232E+002, 1.4813817E+002, 1.4836776E+002, 1.4793281E+002, 1.4807217E+002, 1.4698373E+002, 1.4737942E+002, 1.4803862E+002, 1.4783604E+002, 1.4704294E+002, 1.4726059E+002, 1.4683581E+002, 1.4376801E+002, 1.4274834E+002, 1.4255766E+002, 1.4283252E+002, 1.4295818E+002, 1.4275408E+002, 1.4133535E+002, 1.4222581E+002, 1.4340985E+002, 1.4418147E+002, 1.4338971E+002, 1.4291345E+002, 1.3811471E+002, 1.4183704E+002, 1.4329896E+002, 1.4451900E+002, 1.4438973E+002, 1.4273244E+002, 1.4057263E+002, 1.4009689E+002, 1.4146917E+002, 1.4297459E+002, 1.4288900E+002, 1.4196106E+002, 1.4111640E+002, 1.3989141E+002, 1.4076058E+002, 1.4134675E+002, 1.4162579E+002, 9.5947465E+001, 9.4848508E+001, 9.3647516E+001, 9.1834600E+001, 8.7767199E+001, 1.0296712E+002, 1.3299431E+002, 1.0706591E+002, 1.0440912E+002, 9.4673588E+001, 8.2128163E+001, 1.1219424E+002, 1.3098791E+002, 1.0827919E+002, 9.8988261E+001, 9.0501312E+001, 8.6319758E+001, 8.9046414E+001, 1.2146019E+002, 9.0278574E+001, 8.9760708E+001, 9.6204715E+001, 9.7773422E+001, 1.0139022E+002, 9.5601469E+001, 1.0325684E+002, 1.0200877E+002, 1.0024729E+002, 1.0143283E+002, 1.4366379E+002, 1.4506428E+002, 1.4604802E+002, 1.4300541E+002, 1.3534298E+002, 1.2177937E+002, 8.9317983E+001, 6.5052633E+001, 5.2849272E+001, 5.0716790E+001, 5.0058582E+001, 4.7636046E+001, 4.3843158E+001, 1.4495445E+002, 1.4537431E+002, 1.4326927E+002, 1.4102973E+002, 1.3327383E+002, 1.2285051E+002, 8.9203891E+001, 6.7340069E+001, 5.9684958E+001, 5.4460041E+001, 5.0256113E+001, 4.5214974E+001, 3.8958438E+001, 1.2919334E+002, 1.3013970E+002, 1.3180621E+002, 1.3310757E+002, 1.3234292E+002, 1.3091218E+002, 1.0723585E+002, 5.3574560E+001, 4.8863961E+001, 4.7506583E+001, 4.6675200E+001, 1.4490909E+002, 1.4559448E+002, 1.4540342E+002, 1.4514375E+002, 1.4415662E+002, 1.2412008E+002, 8.5503602E+001, 7.0867118E+001, 5.3945848E+001, 4.9340167E+001, 4.1207221E+001, 2.0336272E+002, 1.5955095E+002, 2.2043986E+002, 1.7893569E+002, 2.4020287E+002, 1.9922410E+002, 1.9802583E+002, 1.4998803E+002, 1.3541640E+002, 1.2782540E+002, 1.0010625E+002, 8.4757173E+001, 7.2670404E+001, 6.3650765E+001, 2.7986331E+002
 3.7600079E+003, 1.4530139E+002, 1.4474655E+002, 1.4465460E+002, 1.4484860E+002, 1.4519477E+002, 1.4505657E+002, 1.4556141E+002, 1.4524096E+002, 1.4510157E+002, 1.4525007E+002, 1.4530529E+002, 1.4516017E+002, 1.4577386E+002, 1.4525810E+002, 1.4480287E+002, 1.4515289E+002, 1.4515123E+002, 1.4455291E+002, 1.4550244E+002, 1.4485045E+002, 1.4401927E+002, 1.4455840E+002, 1.4483232E+002, 1.4427124E+002, 1.4501170E+002, 1.4477580E+002, 1.4394329E+002, 1.4363321E+002, 1.4368635E+002, 1.3820952E+002, 1.3862103E+002, 1.3905400E+002, 1.3962874E+002, 1.3945323E+002, 1.3837787E+002, 1.3816790E+002, 1.3905946E+002, 1.3930368E+002, 1.3924044E+002, 1.3830671E+002, 1.3948452E+002, 1.3832902E+002, 1.3914143E+002, 1.3930115E+002, 1.3784264E+002, 1.3704663E+002, 1.3729005E+002, 1.3825583E+002, 1.3813141E+002, 1.3719317E+002, 1.3732772E+002, 1.3487416E+002, 1.3636436E+002, 1.3813592E+002, 1.3724001E+002, 1.3730131E+002, 1.3707912E+002, 1.3693042E+002, 9.1301054E+001, 9.0637452E+001, 9.0599304E+001, 8.5724044E+001, 8.0309792E+001, 9.8922637E+001, 1.2731555E+002, 1.0566930E+002, 1.0429807E+002, 9.6735168E+001, 8.6051028E+001, 1.0535847E+002, 1.2227045E+002, 1.0255320E+002, 9.5107548E+001, 8.7177928E+001, 8.8169382E+001, 9.4724712E+001, 1.1016814E+002, 8.8096549E+001, 9.3154697E+001, 9.7697007E+001, 9.7161771E+001, 9.5867849E+001, 8.8871308E+001, 9.7266901E+001, 9.7088047E+001, 9.7464954E+001, 9.9048687E+001, 1.4153628E+002, 1.4296374E+002, 1.4261162E+002, 1.3882589E+002, 1.3222105E+002, 1.1791958E+002, 8.4700151E+001, 6.3372611E+001, 5.3932251E+001, 5.1963177E+001, 4.9822818E+001, 4.4667656E+001, 4.2258243E+001, 1.4186778E+002, 1.4264576E+002, 1.4068889E+002, 1.3806426E+002, 1.3231047E+002, 1.1894195E+002, 8.5791207E+001, 6.5384584E+001, 5.8306905E+001, 5.4313272E+001, 5.0160099E+001, 4.4794299E+001, 3.9243362E+001, 1.2808729E+002, 1.2960993E+002, 1.3057756E+002, 1.3132105E+002, 1.3063569E+002, 1.2863266E+002, 9.4141799E+001, 4.9265181E+001, 4.7250172E+001, 4.6531937E+001, 4.6152183E+001, 1.4197093E+002, 1.4244538E+002, 1.4339654E+002, 1.4311910E+002, 1.3993503E+002, 1.1306072E+002, 8.0854618E+001, 6.6309614E+001, 5.7340108E+001, 5.1437488E+001, 4.5355286E+001, 1.9576309E+002, 1.5507918E+002, 2.1100165E+002, 1.7282022E+002, 2.2846196E+002, 1.9079638E+002, 1.9110985E+002, 1.4634654E+002, 1.3350462E+002, 1.2292869E+002, 9.4725191E+001, 8.4660784E+001, 7.0231781E+001, 6.2944930E+001, 2.6339338E+002
 3.7800533E+003, 1.4255491E+002, 1.4258812E+002, 1.4243918E+002, 1.4212828E+002, 1.4197407E+002, 1.4249200E+002, 1.4242609E+002, 1.4246447E+002, 1.4204814E+002, 1.4158078E+002, 1.4144340E+002, 1.4214334E+002, 1.4259210E+002, 1.4222693E+002, 1.4161158E+002, 1.4103092E+002, 1.4110329E+002, 1.4089732E+002, 1.4274251E+002, 1.4198858E+002, 1.4093275E+002, 1.4062362E+002, 1.4122122E+002, 1.4094016E+002, 1.4160498E+002, 1.4098973E+002, 1.4047469E+002, 1.4080811E+002, 1.4139649E+002, 1.3390722E+002, 1.3452174E+002, 1.3446722E+002, 1.3457209E+002, 1.3505828E+002, 1.3448403E+002, 1.3582594E+002, 1.3482388E+002, 1.3470640E+002, 1.3371337E+002, 1.3391496E+002, 1.3552874E+002, 1.3672507E+002, 1.3624613E+002, 1.3499957E+002, 1.3369963E+002, 1.3554300E+002, 1.3397894E+002, 1.3699494E+002, 1.3498941E+002, 1.3343405E+002, 1.3336597E+002, 1.3376177E+002, 1.3350722E+002, 1.3452120E+002, 1.3342527E+002, 1.3358692E+002, 1.3359163E+002, 1.3359810E+002, 8.5352547E+001, 7.9032816E+001, 8.2407455E+001, 8.5159957E+001, 8.1735498E+001, 9.4429325E+001, 1.1827118E+002, 9.8172600E+001, 8.9526962E+001, 8.5163425E+001, 8.0492291E+001, 9.8964998E+001, 1.1685963E+002, 9.8214234E+001, 9.3654223E+001, 8.6025578E+001, 8.2912941E+001, 8.8838621E+001, 1.1211783E+002, 8.6391571E+001, 8.6691422E+001, 8.6947218E+001, 8.5647441E+001, 8.6851111E+001, 8.7445083E+001, 8.5819183E+001, 8.9056495E+001, 9.0261051E+001, 8.9350217E+001, 1.3880889E+002, 1.4117084E+002, 1.3947542E+002, 1.3610661E+002, 1.2907706E+002, 1.0947694E+002, 8.1786205E+001, 6.3339408E+001, 5.3288574E+001, 5.1078727E+001, 4.9642852E+001, 4.5229564E+001, 4.2249829E+001, 1.3789302E+002, 1.3964726E+002, 1.3779725E+002, 1.3477285E+002, 1.2903151E+002, 1.1482991E+002, 8.1085999E+001, 6.1847773E+001, 5.6049696E+001, 5.1590592E+001, 4.9273529E+001, 4.5677284E+001, 3.8465392E+001, 1.2574864E+002, 1.2688981E+002, 1.2843624E+002, 1.2867528E+002, 1.2814323E+002, 1.2520151E+002, 8.7771825E+001, 4.8577351E+001, 4.5965644E+001, 4.5485024E+001, 4.5191812E+001, 1.3842797E+002, 1.3951175E+002, 1.4088117E+002, 1.3966191E+002, 1.3291539E+002, 1.1179060E+002, 8.0018736E+001, 6.4550018E+001, 5.6954842E+001, 4.9680557E+001, 4.3909631E+001, 1.8863777E+002, 1.5078470E+002, 2.0222336E+002, 1.6693207E+002, 2.1793512E+002, 1.8313541E+002, 1.8447799E+002, 1.4255199E+002, 1.2244644E+002, 1.1201536E+002, 8.9648087E+001, 7.7969282E+001, 6.6137459E+001, 6.1271005E+001, 2.4896756E+002
 3.8000756E+003, 1.3939139E+002, 1.3971569E+002, 1.3981230E+002, 1.3988479E+002, 1.3976684E+002, 1.3955676E+002, 1.3939360E+002, 1.3967192E+002, 1.3965596E+002, 1.3961386E+002, 1.3951305E+002, 1.3962495E+002, 1.3913601E+002, 1.3938417E+002, 1.3949820E+002, 1.3948579E+002, 1.3929247E+002, 1.3932538E+002, 1.3879256E+002, 1.3907098E+002, 1.3914030E+002, 1.3889942E+002, 1.3875374E+002, 1.3869841E+002, 1.3870402E+002, 1.3870505E+002, 1.3874157E+002, 1.3861174E+002, 1.3869428E+002, 1.3148362E+002, 1.3151580E+002, 1.3183440E+002, 1.3212432E+002, 1.3261228E+002, 1.3156474E+002, 1.3208607E+002, 1.3164751E+002, 1.3187629E+002, 1.3248239E+002, 1.3168801E+002, 1.3201158E+002, 1.3348915E+002, 1.3282067E+002, 1.3167190E+002, 1.3239046E+002, 1.3086489E+002, 1.3199251E+002, 1.3416052E+002, 1.3156242E+002, 1.3105586E+002, 1.3116778E+002, 1.3132781E+002, 1.3069521E+002, 1.3186832E+002, 1.3128740E+002, 1.3079365E+002, 1.3045940E+002, 1.3044067E+002, 8.4201794E+001, 7.6145720E+001, 8.0337336E+001, 8.2950525E+001, 8.2638387E+001, 8.6447546E+001, 1.0589743E+002, 8.9018499E+001, 8.1030976E+001, 8.1812566E+001, 8.0437799E+001, 9.2787493E+001, 1.1164629E+002, 9.9213467E+001, 9.4887282E+001, 8.4796212E+001, 7.8147890E+001, 8.3830578E+001, 1.0675017E+002, 8.1994478E+001, 7.9329396E+001, 7.8938316E+001, 7.8458888E+001, 8.1386368E+001, 8.5371017E+001, 8.2707558E+001, 8.5345552E+001, 8.7004359E+001, 8.3677538E+001, 1.3645076E+002, 1.3799914E+002, 1.3624531E+002, 1.3184344E+002, 1.2467750E+002, 1.0918559E+002, 7.9720771E+001, 6.2450330E+001, 5.3174051E+001, 5.0472144E+001, 4.8382877E+001, 4.5675247E+001, 4.3877010E+001, 1.3543507E+002, 1.3733376E+002, 1.3528339E+002, 1.3251540E+002, 1.2594512E+002, 1.1138736E+002, 7.6789742E+001, 6.0928283E+001, 5.6606696E+001, 5.1814241E+001, 4.8186402E+001, 4.5337357E+001, 3.8330241E+001, 1.2198433E+002, 1.2329740E+002, 1.2447114E+002, 1.2537823E+002, 1.2445346E+002, 1.1705035E+002, 8.6829769E+001, 4.7477245E+001, 4.5597520E+001, 4.5323295E+001, 4.4874072E+001, 1.3620723E+002, 1.3755116E+002, 1.3772392E+002, 1.3672159E+002, 1.2462577E+002, 1.0906054E+002, 7.9647701E+001, 6.6782540E+001, 5.5904041E+001, 4.8054210E+001, 4.2594554E+001, 1.8188958E+002, 1.4673604E+002, 1.9409603E+002, 1.6130658E+002, 2.0850649E+002, 1.7605611E+002, 1.7808933E+002, 1.3890612E+002, 1.1808392E+002, 1.1019334E+002, 8.5167669E+001, 6.9245516E+001, 6.0392359E+001, 5.5584771E+001, 2.3605573E+002
 3.8201149E+003, 1.3473217E+002, 1.3490804E+002, 1.3507822E+002, 1.3548274E+002, 1.3614998E+002, 1.3452037E+002, 1.3439122E+002, 1.3467220E+002, 1.3511126E+002, 1.3563874E+002, 1.3637043E+002, 1.3527926E+002, 1.3450651E+002, 1.3494398E+002, 1.3566471E+002, 1.3620863E+002, 1.3636993E+002, 1.3589528E+002, 1.3449396E+002, 1.3468585E+002, 1.3532602E+002, 1.3617649E+002, 1.3606254E+002, 1.3614141E+002, 1.3480204E+002, 1.3495419E+002, 1.3515890E+002, 1.3576217E+002, 1.3614955E+002, 1.2905124E+002, 1.2899968E+002, 1.2867740E+002, 1.2635670E+002, 1.2737591E+002, 1.2942316E+002, 1.3005510E+002, 1.3016990E+002, 1.2963037E+002, 1.2771861E+002, 1.2627495E+002, 1.3031944E+002, 1.3046331E+002, 1.3055763E+002, 1.2942773E+002, 1.2841687E+002, 1.2639807E+002, 1.2873413E+002, 1.3047319E+002, 1.2995570E+002, 1.2874753E+002, 1.2781976E+002, 1.2621002E+002, 1.2623514E+002, 1.2935083E+002, 1.2892708E+002, 1.2791870E+002, 1.2651449E+002, 1.2575963E+002, 8.4500319E+001, 8.2673654E+001, 8.2226336E+001, 8.1947810E+001, 7.8260493E+001, 8.9867827E+001, 1.0773930E+002, 9.2343034E+001, 9.0879791E+001, 8.6434800E+001, 7.6441064E+001, 9.3658575E+001, 1.0399930E+002, 9.2938359E+001, 8.4072622E+001, 7.6052694E+001, 7.9185786E+001, 7.7551042E+001, 1.0311379E+002, 7.6490763E+001, 7.8763444E+001, 8.3092459E+001, 8.6353066E+001, 8.7293791E+001, 8.0113679E+001, 7.9359879E+001, 8.7305107E+001, 8.7976920E+001, 8.4081158E+001, 1.3285810E+002, 1.3489821E+002, 1.3298182E+002, 1.2825958E+002, 1.1871302E+002, 1.0681099E+002, 7.7468029E+001, 6.1408698E+001, 5.0593516E+001, 4.9905317E+001, 4.7609813E+001, 4.5024837E+001, 4.2840713E+001, 1.3360283E+002, 1.3435236E+002, 1.3331048E+002, 1.3094494E+002, 1.2243487E+002, 1.0509433E+002, 7.7093152E+001, 6.0268856E+001, 5.5252992E+001, 5.0732616E+001, 4.7589073E+001, 4.5126333E+001, 3.8270940E+001, 1.1848126E+002, 1.2026631E+002, 1.2129259E+002, 1.2119168E+002, 1.2051407E+002, 1.1717378E+002, 8.2975823E+001, 5.3691465E+001, 4.6446645E+001, 4.5760444E+001, 4.5058302E+001, 1.3511090E+002, 1.3591775E+002, 1.3568309E+002, 1.3283094E+002, 1.2643066E+002, 1.0287975E+002, 7.3238713E+001, 6.2871995E+001, 5.4742896E+001, 5.1567210E+001, 4.2318868E+001, 1.7559434E+002, 1.4270890E+002, 1.8651872E+002, 1.5605882E+002, 1.9995270E+002, 1.6955941E+002, 1.7202515E+002, 1.3548033E+002, 1.0936932E+002, 1.0157794E+002, 8.4136646E+001, 7.1367299E+001, 6.1317929E+001, 5.8425118E+001, 2.2442983E+002
 3.8400182E+003, 1.3146499E+002, 1.3182783E+002, 1.3169786E+002, 1.3181545E+002, 1.3226624E+002, 1.3142097E+002, 1.3150165E+002, 1.3140808E+002, 1.3144075E+002, 1.3174761E+002, 1.3242702E+002, 1.3150319E+002, 1.3190425E+002, 1.3153671E+002, 1.3171966E+002, 1.3212061E+002, 1.3261302E+002, 1.3205841E+002, 1.3232515E+002, 1.3179300E+002, 1.3180659E+002, 1.3233388E+002, 1.3262990E+002, 1.3245922E+002, 1.3271032E+002, 1.3210295E+002, 1.3185048E+002, 1.3217489E+002, 1.3237869E+002, 1.2499203E+002, 1.2565448E+002, 1.2648298E+002, 1.2604099E+002, 1.2532827E+002, 1.2511144E+002, 1.2488466E+002, 1.2553021E+002, 1.2622169E+002, 1.2567787E+002, 1.2389500E+002, 1.2617756E+002, 1.2426344E+002, 1.2551014E+002, 1.2640178E+002, 1.2543875E+002, 1.2325883E+002, 1.2549735E+002, 1.2409557E+002, 1.2462470E+002, 1.2481143E+002, 1.2360199E+002, 1.2269081E+002, 1.2274530E+002, 1.2380984E+002, 1.2435843E+002, 1.2392051E+002, 1.2302517E+002, 1.2241850E+002, 8.1870300E+001, 7.9694857E+001, 7.6330488E+001, 7.4559023E+001, 7.2164337E+001, 8.4923624E+001, 1.0396102E+002, 8.8010417E+001, 8.7280602E+001, 8.2914456E+001, 7.4619561E+001, 9.0108023E+001, 1.0483061E+002, 8.8937883E+001, 8.3782409E+001, 7.6747898E+001, 7.5511575E+001, 7.6724331E+001, 1.0202657E+002, 7.6473434E+001, 7.5704243E+001, 7.6519524E+001, 7.7350370E+001, 8.1077627E+001, 8.1029150E+001, 8.3114374E+001, 8.6964498E+001, 8.5542090E+001, 8.3541349E+001, 1.2955609E+002, 1.3226248E+002, 1.3120748E+002, 1.2673612E+002, 1.1508501E+002, 1.0451919E+002, 7.5658776E+001, 6.0491125E+001, 5.0037674E+001, 4.9140855E+001, 4.7656305E+001, 4.3838805E+001, 4.1953199E+001, 1.3134643E+002, 1.3188509E+002, 1.3203146E+002, 1.2642508E+002, 1.2056801E+002, 1.0314895E+002, 7.2299397E+001, 6.0046256E+001, 5.5800811E+001, 5.1479221E+001, 4.7819630E+001, 4.4319897E+001, 3.7934626E+001, 1.1652175E+002, 1.1758563E+002, 1.1848405E+002, 1.1897744E+002, 1.1865993E+002, 1.1248266E+002, 7.6546552E+001, 5.2340407E+001, 4.6243203E+001, 4.5213905E+001, 4.4652719E+001, 1.3291075E+002, 1.3307607E+002, 1.3110619E+002, 1.2720729E+002, 1.2301494E+002, 1.0002226E+002, 7.7367096E+001, 6.4847804E+001, 5.5122907E+001, 5.1086638E+001, 4.6286215E+001, 1.6968558E+002, 1.3882913E+002, 1.7945970E+002, 1.5106791E+002, 1.9202680E+002, 1.6359657E+002, 1.6634724E+002, 1.3220522E+002, 1.0583860E+002, 9.7432449E+001, 7.9125808E+001, 6.7644266E+001, 6.0205429E+001, 5.5956546E+001, 2.1403639E+002
 3.8601679E+003, 1.2896222E+002, 1.2885760E+002, 1.2844200E+002, 1.2829984E+002, 1.2868588E+002, 1.2924511E+002, 1.2951809E+002, 1.2926934E+002, 1.2877790E+002, 1.2848819E+002, 1.2867128E+002, 1.2924668E+002, 1.2948580E+002, 1.2949495E+002, 1.2923996E+002, 1.2892620E+002, 1.2887709E+002, 1.2928977E+002, 1.2956220E+002, 1.2942905E+002, 1.2934162E+002, 1.2928308E+002, 1.2926736E+002, 1.2934783E+002, 1.2983836E+002, 1.2971497E+002, 1.2958755E+002, 1.2937297E+002, 1.2948865E+002, 1.2223772E+002, 1.2212033E+002, 1.2229344E+002, 1.2256351E+002, 1.2242225E+002, 1.2244284E+002, 1.2223224E+002, 1.2265168E+002, 1.2237768E+002, 1.2171894E+002, 1.2173002E+002, 1.2274986E+002, 1.2155890E+002, 1.2260544E+002, 1.2252196E+002, 1.2156076E+002, 1.2211578E+002, 1.2202168E+002, 1.2098310E+002, 1.2146925E+002, 1.2172224E+002, 1.2105836E+002, 1.2089630E+002, 1.2033485E+002, 1.2039455E+002, 1.2024838E+002, 1.2034260E+002, 1.1980371E+002, 1.2037540E+002, 7.7099186E+001, 7.3805477E+001, 7.6188667E+001, 7.6710198E+001, 7.5801944E+001, 8.5226158E+001, 9.8585343E+001, 8.9438223E+001, 8.4519403E+001, 7.6809126E+001, 7.3046874E+001, 8.8508534E+001, 9.8477146E+001, 8.2835221E+001, 7.9050510E+001, 7.7212276E+001, 7.3876863E+001, 7.3566420E+001, 9.5143515E+001, 7.3362786E+001, 7.4426088E+001, 7.2357506E+001, 7.1929262E+001, 7.4351825E+001, 8.0302288E+001, 7.9600605E+001, 8.0687602E+001, 7.9365773E+001, 7.6034794E+001, 1.2834955E+002, 1.3002257E+002, 1.2921140E+002, 1.2337949E+002, 1.1089021E+002, 9.9779975E+001, 7.6050317E+001, 6.0464632E+001, 4.9560548E+001, 4.8419820E+001, 4.7498667E+001, 4.2282297E+001, 4.0942148E+001, 1.2976208E+002, 1.3047132E+002, 1.2837781E+002, 1.2289097E+002, 1.1831713E+002, 9.7972991E+001, 6.9772964E+001, 5.9336008E+001, 5.5823558E+001, 5.0245923E+001, 4.7792394E+001, 4.4951633E+001, 3.7579336E+001, 1.1468291E+002, 1.1603636E+002, 1.1659434E+002, 1.1732075E+002, 1.1682161E+002, 1.1225340E+002, 8.3497708E+001, 5.0040903E+001, 4.5118458E+001, 4.4317447E+001, 4.3776399E+001, 1.2972624E+002, 1.2991642E+002, 1.2633345E+002, 1.2521440E+002, 1.1984096E+002, 9.5207855E+001, 7.3408006E+001, 6.3106736E+001, 5.4735061E+001, 5.1261259E+001, 4.5750058E+001, 1.6408868E+002, 1.3511292E+002, 1.7299181E+002, 1.4635252E+002, 1.8462382E+002, 1.5805287E+002, 1.6099110E+002, 1.2899964E+002, 1.0708731E+002, 9.8600264E+001, 8.2741886E+001, 6.7277169E+001, 5.9696764E+001, 5.6636525E+001, 2.0466295E+002
 3.8800939E+003, 1.2713101E+002, 1.2666066E+002, 1.2652740E+002, 1.2625918E+002, 1.2615528E+002, 1.2715392E+002, 1.2772757E+002, 1.2711436E+002, 1.2684487E+002, 1.2640001E+002, 1.2610880E+002, 1.2707199E+002, 1.2762570E+002, 1.2733337E+002, 1.2701420E+002, 1.2677292E+002, 1.2623370E+002, 1.2698813E+002, 1.2757979E+002, 1.2741581E+002, 1.2717236E+002, 1.2690449E+002, 1.2651380E+002, 1.2687496E+002, 1.2752344E+002, 1.2747918E+002, 1.2727266E+002, 1.2702814E+002, 1.2676778E+002, 1.2128593E+002, 1.2112182E+002, 1.2026084E+002, 1.2006206E+002, 1.1946431E+002, 1.2115776E+002, 1.1982811E+002, 1.2095278E+002, 1.2103885E+002, 1.1991650E+002, 1.1922152E+002, 1.2077019E+002, 1.1877367E+002, 1.2021196E+002, 1.2078878E+002, 1.1988421E+002, 1.1881831E+002, 1.2036015E+002, 1.1857492E+002, 1.1896309E+002, 1.1930329E+002, 1.1937527E+002, 1.1817357E+002, 1.1772264E+002, 1.1790298E+002, 1.1763327E+002, 1.1705234E+002, 1.1690532E+002, 1.1711267E+002, 7.6831554E+001, 7.0258218E+001, 7.3186416E+001, 7.5525771E+001, 7.5937848E+001, 8.0144871E+001, 9.5698906E+001, 8.4773287E+001, 7.7089257E+001, 7.2739699E+001, 7.1495437E+001, 8.6149090E+001, 9.3948614E+001, 8.3998464E+001, 8.1899032E+001, 7.7540348E+001, 7.2452413E+001, 7.3474352E+001, 9.0301918E+001, 7.0930911E+001, 7.3183929E+001, 7.3882099E+001, 7.2405065E+001, 7.4346683E+001, 7.4208815E+001, 7.5649601E+001, 7.5529521E+001, 7.5534816E+001, 7.3870378E+001, 1.2655291E+002, 1.2794377E+002, 1.2690084E+002, 1.2048587E+002, 1.0808704E+002, 9.4936871E+001, 7.4913573E+001, 6.0656446E+001, 4.9651283E+001, 4.7776224E+001, 4.6267137E+001, 4.2038131E+001, 4.1426464E+001, 1.2718775E+002, 1.2863924E+002, 1.2597255E+002, 1.2058198E+002, 1.1606870E+002, 9.6667668E+001, 6.7885972E+001, 5.9143657E+001, 5.4497593E+001, 4.9557297E+001, 4.6138600E+001, 4.1611493E+001, 3.6417125E+001, 1.1204226E+002, 1.1362434E+002, 1.1422375E+002, 1.1452614E+002, 1.1408474E+002, 1.0580464E+002, 7.6979722E+001, 4.7315088E+001, 4.5653182E+001, 4.4674840E+001, 4.4184096E+001, 1.2635451E+002, 1.2673245E+002, 1.2444305E+002, 1.2247735E+002, 1.1740274E+002, 9.3122456E+001, 7.1401150E+001, 5.9757215E+001, 5.2223249E+001, 4.8871273E+001, 4.1855491E+001, 1.5883979E+002, 1.3168279E+002, 1.6686781E+002, 1.4192656E+002, 1.7784155E+002, 1.5286929E+002, 1.5598220E+002, 1.2597155E+002, 1.0044869E+002, 9.3255943E+001, 7.7289707E+001, 6.5734671E+001, 5.8373875E+001, 5.6718018E+001, 1.9611327E+002
 3.9000656E+003, 1.2541844E+002, 1.2504039E+002, 1.2480871E+002, 1.2491564E+002, 1.2473818E+002, 1.2558094E+002, 1.2576547E+002, 1.2548497E+002, 1.2481549E+002, 1.2482498E+002, 1.2443616E+002, 1.2516565E+002, 1.2568817E+002, 1.2562080E+002, 1.2494302E+002, 1.2461548E+002, 1.2437318E+002, 1.2466270E+002, 1.2564126E+002, 1.2559959E+002, 1.2521036E+002, 1.2460487E+002, 1.2431789E+002, 1.2458575E+002, 1.2564620E+002, 1.2572841E+002, 1.2541592E+002, 1.2490276E+002, 1.2457151E+002, 1.1864753E+002, 1.1760850E+002, 1.1685519E+002, 1.1633617E+002, 1.1725400E+002, 1.1863647E+002, 1.1876921E+002, 1.1878611E+002, 1.1755783E+002, 1.1650520E+002, 1.1711692E+002, 1.1844458E+002, 1.1813857E+002, 1.1828592E+002, 1.1786136E+002, 1.1803036E+002, 1.1785553E+002, 1.1766928E+002, 1.1674930E+002, 1.1741821E+002, 1.1752075E+002, 1.1748411E+002, 1.1736728E+002, 1.1711602E+002, 1.1541267E+002, 1.1567838E+002, 1.1623673E+002, 1.1663209E+002, 1.1660325E+002, 7.4896394E+001, 7.5679556E+001, 7.3592113E+001, 7.5588071E+001, 7.3868149E+001, 8.1037255E+001, 9.6554923E+001, 8.2541809E+001, 7.8802364E+001, 7.4953047E+001, 7.1522161E+001, 8.3723118E+001, 9.8225535E+001, 8.6338181E+001, 8.0567263E+001, 7.5197372E+001, 7.2286832E+001, 7.2767716E+001, 9.1447548E+001, 7.2498680E+001, 7.2228287E+001, 7.3460400E+001, 7.3888801E+001, 7.5229370E+001, 7.0677691E+001, 7.6017338E+001, 7.6926410E+001, 7.5171009E+001, 7.3905425E+001, 1.2376194E+002, 1.2576967E+002, 1.2433841E+002, 1.1832212E+002, 1.0876538E+002, 9.2350325E+001, 6.9537657E+001, 6.0713528E+001, 4.9495261E+001, 4.7643031E+001, 4.6800363E+001, 4.4629516E+001, 4.2298952E+001, 1.2552302E+002, 1.2709383E+002, 1.2361787E+002, 1.1955150E+002, 1.1373523E+002, 9.4289245E+001, 6.6889678E+001, 5.9010854E+001, 5.4378757E+001, 4.9863445E+001, 4.6798224E+001, 4.3220043E+001, 3.7676583E+001, 1.1034408E+002, 1.1154391E+002, 1.1295975E+002, 1.1312889E+002, 1.1242870E+002, 1.0882384E+002, 7.1541283E+001, 4.8082876E+001, 4.5588078E+001, 4.4413560E+001, 4.3809627E+001, 1.2367326E+002, 1.2441660E+002, 1.2317370E+002, 1.1961656E+002, 1.1422053E+002, 9.0945975E+001, 7.3188058E+001, 6.0058055E+001, 5.1803249E+001, 4.8958189E+001, 4.4374191E+001, 1.5398013E+002, 1.2842803E+002, 1.6122380E+002, 1.3783625E+002, 1.7170876E+002, 1.4816672E+002, 1.5129394E+002, 1.2295592E+002, 9.4537629E+001, 8.9984219E+001, 7.4040340E+001, 6.5465751E+001, 5.8987456E+001, 5.7429536E+001, 1.8828501E+002
 3.9201005E+003, 1.2296580E+002, 1.2288293E+002, 1.2282203E+002, 1.2290327E+002, 1.2279234E+002, 1.2343250E+002, 1.2366413E+002, 1.2376999E+002, 1.2343440E+002, 1.2318214E+002, 1.2297478E+002, 1.2386143E+002, 1.2400325E+002, 1.2389132E+002, 1.2374833E+002, 1.2325295E+002, 1.2298137E+002, 1.2349947E+002, 1.2407968E+002, 1.2385570E+002, 1.2364486E+002, 1.2322354E+002, 1.2287413E+002, 1.2300580E+002, 1.2414868E+002, 1.2397118E+002, 1.2354635E+002, 1.2319565E+002, 1.2289653E+002, 1.1528246E+002, 1.1496853E+002, 1.1469230E+002, 1.1469125E+002, 1.1479333E+002, 1.1513663E+002, 1.1499866E+002, 1.1561474E+002, 1.1524780E+002, 1.1427110E+002, 1.1498251E+002, 1.1609451E+002, 1.1487506E+002, 1.1580388E+002, 1.1603950E+002, 1.1556996E+002, 1.1518513E+002, 1.1550945E+002, 1.1457249E+002, 1.1498337E+002, 1.1521234E+002, 1.1491935E+002, 1.1504319E+002, 1.1442607E+002, 1.1351865E+002, 1.1370416E+002, 1.1391958E+002, 1.1402848E+002, 1.1411920E+002, 7.1537720E+001, 7.5326112E+001, 7.1048170E+001, 6.8274130E+001, 6.8089010E+001, 7.5575538E+001, 8.8325528E+001, 7.4288693E+001, 7.3093488E+001, 7.2391998E+001, 6.9153471E+001, 7.8160424E+001, 9.2673003E+001, 8.3593559E+001, 7.8897216E+001, 7.1234496E+001, 6.8895212E+001, 7.1922135E+001, 8.9569484E+001, 7.4193574E+001, 7.1829229E+001, 7.2116700E+001, 7.0038475E+001, 7.3093826E+001, 7.3133469E+001, 7.3761280E+001, 7.3023592E+001, 7.4085268E+001, 7.2480273E+001, 1.2143453E+002, 1.2358494E+002, 1.2208710E+002, 1.1764996E+002, 1.0778803E+002, 9.1473432E+001, 6.7191631E+001, 6.0003038E+001, 4.8212553E+001, 4.7238188E+001, 4.5836698E+001, 4.4825537E+001, 4.0151313E+001, 1.2277309E+002, 1.2527118E+002, 1.2040532E+002, 1.1731656E+002, 1.1088813E+002, 9.0690124E+001, 6.5725355E+001, 5.9119790E+001, 5.4767744E+001, 4.8847593E+001, 4.5451724E+001, 4.3151245E+001, 3.7232177E+001, 1.1008867E+002, 1.1139742E+002, 1.1154034E+002, 1.1150049E+002, 1.1068497E+002, 1.0743792E+002, 7.1587942E+001, 4.7162706E+001, 4.4542644E+001, 4.3737109E+001, 4.3354600E+001, 1.2099103E+002, 1.2246927E+002, 1.2160596E+002, 1.1795516E+002, 1.1124794E+002, 8.4665126E+001, 7.1099854E+001, 5.6501943E+001, 5.2246522E+001, 4.6926337E+001, 4.0523977E+001, 1.4937705E+002, 1.2530881E+002, 1.5591920E+002, 1.3400090E+002, 1.6591440E+002, 1.4371101E+002, 1.4689730E+002, 1.2007474E+002, 9.1494592E+001, 8.5341364E+001, 6.7554342E+001, 6.0132113E+001, 5.5270846E+001, 5.7354220E+001, 1.8100747E+002
 3.9400152E+003, 1.2088139E+002, 1.2080738E+002, 1.2058244E+002, 1.2048989E+002, 1.2041031E+002, 1.2120393E+002, 1.2102449E+002, 1.2134705E+002, 1.2146087E+002, 1.2140636E+002, 1.2113493E+002, 1.2146260E+002, 1.2136396E+002, 1.2143168E+002, 1.2159077E+002, 1.2161092E+002, 1.2120959E+002, 1.2168777E+002, 1.2162414E+002, 1.2188430E+002, 1.2187883E+002, 1.2162757E+002, 1.2107979E+002, 1.2131639E+002, 1.2235083E+002, 1.2223352E+002, 1.2202315E+002, 1.2156724E+002, 1.2098773E+002, 1.1209769E+002, 1.1242962E+002, 1.1299506E+002, 1.1366735E+002, 1.1301498E+002, 1.1253367E+002, 1.1276832E+002, 1.1294701E+002, 1.1287321E+002, 1.1355184E+002, 1.1365620E+002, 1.1334161E+002, 1.1087861E+002, 1.1316720E+002, 1.1351903E+002, 1.1344148E+002, 1.1386151E+002, 1.1342608E+002, 1.1168981E+002, 1.1257064E+002, 1.1302000E+002, 1.1315718E+002, 1.1313754E+002, 1.1265753E+002, 1.1179540E+002, 1.1210999E+002, 1.1233135E+002, 1.1235583E+002, 1.1227149E+002, 7.2494934E+001, 6.9135004E+001, 7.2304239E+001, 7.0632180E+001, 6.8648328E+001, 7.3225902E+001, 8.6836444E+001, 7.1398911E+001, 7.0622571E+001, 6.9802519E+001, 6.7484987E+001, 7.6112447E+001, 8.6790833E+001, 7.9288829E+001, 7.5189084E+001, 6.9521934E+001, 6.6738629E+001, 7.0120517E+001, 8.8794083E+001, 7.1794828E+001, 6.9558994E+001, 6.9098172E+001, 6.8663664E+001, 7.0045940E+001, 7.2293847E+001, 7.1540264E+001, 7.0515012E+001, 7.1135359E+001, 7.1263686E+001, 1.2014724E+002, 1.2144713E+002, 1.1875580E+002, 1.1578846E+002, 1.0639249E+002, 8.6118365E+001, 6.5831242E+001, 5.9508546E+001, 4.7961679E+001, 4.7141778E+001, 4.5721222E+001, 4.3360606E+001, 4.1160521E+001, 1.2121750E+002, 1.2160679E+002, 1.1710324E+002, 1.1532058E+002, 1.1100232E+002, 8.8592983E+001, 6.2722286E+001, 5.8138548E+001, 5.2980767E+001, 4.8192826E+001, 4.4847770E+001, 4.3319919E+001, 3.5588348E+001, 1.0853255E+002, 1.0922789E+002, 1.1043465E+002, 1.1028762E+002, 1.0956012E+002, 1.0238177E+002, 7.0237213E+001, 4.7812899E+001, 4.5266335E+001, 4.4842443E+001, 4.4062771E+001, 1.1901127E+002, 1.1982401E+002, 1.1998993E+002, 1.1728980E+002, 1.1109930E+002, 8.4702911E+001, 6.9830216E+001, 5.9359659E+001, 5.1924636E+001, 4.7837508E+001, 4.0470462E+001, 1.4504379E+002, 1.2234508E+002, 1.5094867E+002, 1.3042661E+002, 1.6052839E+002, 1.3951589E+002, 1.4277866E+002, 1.1746421E+002, 8.8708223E+001, 8.4223606E+001, 6.8948698E+001, 5.9520453E+001, 5.5921830E+001, 5.6452516E+001, 1.7436669E+002
 3.9600106E+003, 1.1869789E+002, 1.1896141E+002, 1.1886713E+002, 1.1849510E+002, 1.1827071E+002, 1.1898396E+002, 1.1886046E+002, 1.1921562E+002, 1.1915438E+002, 1.1878978E+002, 1.1854765E+002, 1.1923506E+002, 1.1911445E+002, 1.1928325E+002, 1.1915031E+002, 1.1897259E+002, 1.1874976E+002, 1.1909881E+002, 1.1962755E+002, 1.1953732E+002, 1.1936509E+002, 1.1908667E+002, 1.1882489E+002, 1.1910839E+002, 1.2025403E+002, 1.2004409E+002, 1.1962972E+002, 1.1945087E+002, 1.1902366E+002, 1.1062751E+002, 1.1118104E+002, 1.1111706E+002, 1.1124680E+002, 1.1142239E+002, 1.1095291E+002, 1.1060588E+002, 1.1124276E+002, 1.1135858E+002, 1.1126678E+002, 1.1157236E+002, 1.1125049E+002, 1.1009707E+002, 1.1127943E+002, 1.1137260E+002, 1.1092358E+002, 1.1135963E+002, 1.1140596E+002, 1.0934144E+002, 1.1018133E+002, 1.1086535E+002, 1.1127929E+002, 1.1136960E+002, 1.1099272E+002, 1.0851013E+002, 1.0899917E+002, 1.0950935E+002, 1.1005547E+002, 1.1042518E+002, 6.9699778E+001, 7.0893586E+001, 7.0878136E+001, 6.8171132E+001, 6.7639557E+001, 7.2424526E+001, 8.8194305E+001, 7.3356515E+001, 7.3897045E+001, 7.3975702E+001, 7.0019081E+001, 7.8101574E+001, 8.6800247E+001, 8.0945425E+001, 7.7507115E+001, 6.8754050E+001, 6.7035896E+001, 6.8246094E+001, 8.6831866E+001, 6.8851357E+001, 6.8300624E+001, 6.8446099E+001, 6.7349015E+001, 7.1172384E+001, 6.8969330E+001, 7.1775660E+001, 7.3642725E+001, 7.3985531E+001, 7.2800996E+001, 1.1736495E+002, 1.1877575E+002, 1.1605165E+002, 1.1364106E+002, 1.0595133E+002, 8.7990206E+001, 6.5918028E+001, 5.7571203E+001, 4.7862827E+001, 4.6778746E+001, 4.5488490E+001, 4.3662472E+001, 4.1501459E+001, 1.1897027E+002, 1.1902672E+002, 1.1550496E+002, 1.1325566E+002, 1.0863002E+002, 8.6253336E+001, 6.3101651E+001, 5.8199365E+001, 5.2616895E+001, 4.7947158E+001, 4.5540611E+001, 4.3398756E+001, 3.5830871E+001, 1.0664249E+002, 1.0735199E+002, 1.0813578E+002, 1.0854867E+002, 1.0758495E+002, 9.6402740E+001, 7.0041581E+001, 5.0694003E+001, 4.5459812E+001, 4.4242879E+001, 4.3161613E+001, 1.1769582E+002, 1.1805497E+002, 1.1778834E+002, 1.1500649E+002, 1.0694319E+002, 8.6278240E+001, 6.6343056E+001, 6.1250486E+001, 5.0840096E+001, 4.8464293E+001, 4.5166078E+001, 1.4096855E+002, 1.1944869E+002, 1.4638404E+002, 1.2702241E+002, 1.5560951E+002, 1.3560267E+002, 1.3884491E+002, 1.1494380E+002, 8.5245635E+001, 7.9413385E+001, 6.7022079E+001, 5.8570736E+001, 5.3497073E+001, 5.4781351E+001, 1.6826596E+002
 3.9801007E+003, 1.1731185E+002, 1.1747504E+002, 1.1702824E+002, 1.1648337E+002, 1.1600986E+002, 1.1760613E+002, 1.1741821E+002, 1.1785562E+002, 1.1764255E+002, 1.1696979E+002, 1.1628420E+002, 1.1791965E+002, 1.1820996E+002, 1.1789981E+002, 1.1788235E+002, 1.1746585E+002, 1.1647679E+002, 1.1777955E+002, 1.1855893E+002, 1.1828855E+002, 1.1788828E+002, 1.1763445E+002, 1.1692076E+002, 1.1744918E+002, 1.1874109E+002, 1.1862946E+002, 1.1831682E+002, 1.1778586E+002, 1.1723575E+002, 1.0881322E+002, 1.0893823E+002, 1.0879805E+002, 1.0873796E+002, 1.0884473E+002, 1.0876246E+002, 1.0850236E+002, 1.0859292E+002, 1.0878561E+002, 1.0890955E+002, 1.0909268E+002, 1.0851540E+002, 1.0800816E+002, 1.0807641E+002, 1.0814355E+002, 1.0827492E+002, 1.0841211E+002, 1.0765988E+002, 1.0683576E+002, 1.0689473E+002, 1.0693123E+002, 1.0738155E+002, 1.0757392E+002, 1.0692018E+002, 1.0556513E+002, 1.0542888E+002, 1.0553059E+002, 1.0600161E+002, 1.0621308E+002, 6.8224049E+001, 6.4392105E+001, 6.8289039E+001, 6.7721859E+001, 6.7105200E+001, 7.0500191E+001, 8.4919920E+001, 6.8117232E+001, 6.8521565E+001, 6.9775557E+001, 6.7798510E+001, 7.3101147E+001, 8.4066896E+001, 7.6037833E+001, 7.2951141E+001, 6.8450864E+001, 6.6999689E+001, 6.7268920E+001, 7.9800147E+001, 6.6873768E+001, 6.6387111E+001, 6.7743157E+001, 6.8243554E+001, 7.0557553E+001, 6.9673390E+001, 6.8231477E+001, 6.9862631E+001, 6.8609303E+001, 6.7828417E+001, 1.1535994E+002, 1.1657708E+002, 1.1351365E+002, 1.1156361E+002, 1.0150008E+002, 8.5352018E+001, 6.4889336E+001, 5.6510975E+001, 4.7465129E+001, 4.6099607E+001, 4.4569797E+001, 4.2396220E+001, 3.9252534E+001, 1.1655033E+002, 1.1571547E+002, 1.1417266E+002, 1.1095921E+002, 1.0412808E+002, 8.4289120E+001, 6.2543707E+001, 5.7723075E+001, 5.3434462E+001, 4.7290166E+001, 4.5244203E+001, 4.3614416E+001, 3.5966884E+001, 1.0468001E+002, 1.0536306E+002, 1.0574882E+002, 1.0604163E+002, 1.0587940E+002, 1.0033119E+002, 6.5411470E+001, 4.7281524E+001, 4.4876236E+001, 4.3805774E+001, 4.3053321E+001, 1.1611484E+002, 1.1649881E+002, 1.1602995E+002, 1.1235599E+002, 1.0646865E+002, 8.5702235E+001, 6.5968659E+001, 5.9231592E+001, 5.0741004E+001, 4.8047047E+001, 4.4737347E+001, 1.3713402E+002, 1.1664000E+002, 1.4212017E+002, 1.2375623E+002, 1.5112160E+002, 1.3202349E+002, 1.3512050E+002, 1.1252696E+002, 8.1038160E+001, 7.5988766E+001, 6.5969771E+001, 5.7819933E+001, 5.3789262E+001, 5.2093270E+001, 1.6244295E+002
 4.0001585E+003, 1.1451677E+002, 1.1538729E+002, 1.1529877E+002, 1.1450173E+002, 1.1376492E+002, 1.1492683E+002, 1.1506564E+002, 1.1541159E+002, 1.1579793E+002, 1.1537396E+002, 1.1445615E+002, 1.1579700E+002, 1.1572360E+002, 1.1565129E+002, 1.1609386E+002, 1.1605456E+002, 1.1537866E+002, 1.1624456E+002, 1.1632985E+002, 1.1609421E+002, 1.1615054E+002, 1.1627876E+002, 1.1597771E+002, 1.1628037E+002, 1.1675295E+002, 1.1646337E+002, 1.1655860E+002, 1.1638437E+002, 1.1620963E+002, 1.0650766E+002, 1.0679251E+002, 1.0672088E+002, 1.0638026E+002, 1.0617366E+002, 1.0699037E+002, 1.0664890E+002, 1.0657827E+002, 1.0632830E+002, 1.0591765E+002, 1.0567105E+002, 1.0603219E+002, 1.0594036E+002, 1.0575021E+002, 1.0545584E+002, 1.0516876E+002, 1.0498193E+002, 1.0495650E+002, 1.0499055E+002, 1.0505378E+002, 1.0481847E+002, 1.0446503E+002, 1.0413965E+002, 1.0400387E+002, 1.0455897E+002, 1.0455153E+002, 1.0437037E+002, 1.0395470E+002, 1.0373563E+002, 6.8385405E+001, 6.5028429E+001, 6.6957359E+001, 6.5678823E+001, 6.2522812E+001, 7.1284561E+001, 8.0767157E+001, 7.1693557E+001, 7.2307664E+001, 7.0771196E+001, 6.5175049E+001, 7.5481380E+001, 8.1585163E+001, 7.5412156E+001, 7.2050267E+001, 6.6784118E+001, 6.5250475E+001, 6.6192777E+001, 7.8386207E+001, 6.6610975E+001, 6.5880768E+001, 6.7365273E+001, 6.7808518E+001, 7.0000841E+001, 6.9115726E+001, 6.6297266E+001, 6.7755280E+001, 6.9494044E+001, 6.8724514E+001, 1.1437014E+002, 1.1455739E+002, 1.1214383E+002, 1.0978882E+002, 1.0098717E+002, 8.3920752E+001, 6.3731060E+001, 5.6643957E+001, 4.7232882E+001, 4.5970238E+001, 4.5316572E+001, 4.2936511E+001, 4.0627462E+001, 1.1413934E+002, 1.1453117E+002, 1.1296611E+002, 1.1026531E+002, 1.0208598E+002, 8.6384866E+001, 6.0529685E+001, 5.6427391E+001, 5.0902974E+001, 4.7199062E+001, 4.4738020E+001, 4.3151660E+001, 3.6779643E+001, 1.0332920E+002, 1.0466476E+002, 1.0496686E+002, 1.0456786E+002, 1.0393185E+002, 9.3390747E+001, 6.9646548E+001, 4.5855937E+001, 4.3943964E+001, 4.3340790E+001, 4.3101806E+001, 1.1454393E+002, 1.1475900E+002, 1.1423279E+002, 1.1083081E+002, 1.0451907E+002, 7.8830135E+001, 6.5376262E+001, 5.9515018E+001, 5.2080562E+001, 4.8711930E+001, 4.2926926E+001, 1.3351726E+002, 1.1398315E+002, 1.3813672E+002, 1.2068761E+002, 1.4681326E+002, 1.2866366E+002, 1.3163974E+002, 1.1016293E+002, 8.3639192E+001, 7.9331464E+001, 6.7386506E+001, 5.7128114E+001, 5.0923992E+001, 5.0742656E+001, 1.5712356E+002
 4.0200227E+003, 1.1267135E+002, 1.1315952E+002, 1.1383673E+002, 1.1358296E+002, 1.1232352E+002, 1.1278043E+002, 1.1281019E+002, 1.1300723E+002, 1.1339263E+002, 1.1380150E+002, 1.1336522E+002, 1.1320025E+002, 1.1305403E+002, 1.1294807E+002, 1.1342727E+002, 1.1382697E+002, 1.1393730E+002, 1.1379131E+002, 1.1337485E+002, 1.1282703E+002, 1.1338152E+002, 1.1421110E+002, 1.1432432E+002, 1.1442844E+002, 1.1395339E+002, 1.1334609E+002, 1.1337665E+002, 1.1389184E+002, 1.1450272E+002, 1.0552905E+002, 1.0568651E+002, 1.0560657E+002, 1.0537794E+002, 1.0496302E+002, 1.0562550E+002, 1.0575747E+002, 1.0583073E+002, 1.0581103E+002, 1.0547275E+002, 1.0497085E+002, 1.0586181E+002, 1.0568865E+002, 1.0555129E+002, 1.0532535E+002, 1.0512328E+002, 1.0485947E+002, 1.0502345E+002, 1.0507408E+002, 1.0497571E+002, 1.0491500E+002, 1.0491720E+002, 1.0461891E+002, 1.0428609E+002, 1.0459649E+002, 1.0436190E+002, 1.0413090E+002, 1.0380783E+002, 1.0350209E+002, 6.4889900E+001, 6.4329707E+001, 6.5872139E+001, 6.7156747E+001, 6.7329107E+001, 6.9396186E+001, 8.1585895E+001, 7.0820046E+001, 7.0700726E+001, 6.7246122E+001, 6.2811898E+001, 7.5080537E+001, 7.8507522E+001, 7.1899173E+001, 6.8154045E+001, 6.5844466E+001, 6.4613075E+001, 6.4673558E+001, 8.0821841E+001, 6.4059967E+001, 6.5226460E+001, 6.5832459E+001, 6.5853780E+001, 6.7327944E+001, 6.7283186E+001, 6.5071604E+001, 6.5990560E+001, 6.6594445E+001, 6.7490573E+001, 1.1209062E+002, 1.1249501E+002, 1.1015373E+002, 1.0777175E+002, 9.9293949E+001, 8.0323902E+001, 6.2232897E+001, 5.5390886E+001, 4.6910520E+001, 4.5752187E+001, 4.4523269E+001, 4.3786047E+001, 4.1111352E+001, 1.1210672E+002, 1.1366632E+002, 1.1145717E+002, 1.0951713E+002, 9.7933435E+001, 8.4714996E+001, 5.9494764E+001, 5.5353913E+001, 5.0652451E+001, 4.7157723E+001, 4.4813836E+001, 4.3326573E+001, 3.6245008E+001, 1.0294271E+002, 1.0391970E+002, 1.0438434E+002, 1.0476813E+002, 1.0419568E+002, 8.4141215E+001, 6.8148185E+001, 4.5852601E+001, 4.4312655E+001, 4.4017588E+001, 4.3921497E+001, 1.1271297E+002, 1.1295133E+002, 1.1229710E+002, 1.0988976E+002, 1.0144927E+002, 8.2364558E+001, 6.4519708E+001, 5.7477388E+001, 5.3484194E+001, 4.8986861E+001, 4.5485700E+001, 1.3012771E+002, 1.1148026E+002, 1.3437825E+002, 1.1777500E+002, 1.4274055E+002, 1.2542696E+002, 1.2837148E+002, 1.0788182E+002, 7.7768215E+001, 7.5363617E+001, 6.2135397E+001, 5.7003464E+001, 5.0957437E+001, 4.9957102E+001, 1.5216058E+002
 4.0401000E+003, 1.1092982E+002, 1.1051879E+002, 1.1149509E+002, 1.1149925E+002, 1.1091735E+002, 1.1048308E+002, 1.1073130E+002, 1.1044175E+002, 1.1088764E+002, 1.1138394E+002, 1.1143921E+002, 1.1067523E+002, 1.1060894E+002, 1.1053740E+002, 1.1076623E+002, 1.1135086E+002, 1.1162501E+002, 1.1071276E+002, 1.1047446E+002, 1.1031721E+002, 1.1027375E+002, 1.1081993E+002, 1.1151542E+002, 1.1119671E+002, 1.1033148E+002, 1.0999303E+002, 1.1002885E+002, 1.1046358E+002, 1.1164838E+002, 1.0357760E+002, 1.0398470E+002, 1.0403506E+002, 1.0362242E+002, 1.0377638E+002, 1.0380650E+002, 1.0414999E+002, 1.0404298E+002, 1.0397847E+002, 1.0438371E+002, 1.0431621E+002, 1.0408855E+002, 1.0512518E+002, 1.0432489E+002, 1.0385613E+002, 1.0386254E+002, 1.0381151E+002, 1.0350063E+002, 1.0430805E+002, 1.0345586E+002, 1.0336926E+002, 1.0362478E+002, 1.0378983E+002, 1.0371211E+002, 1.0295346E+002, 1.0330086E+002, 1.0360951E+002, 1.0340083E+002, 1.0335864E+002, 6.5350365E+001, 6.1654777E+001, 6.3948032E+001, 6.4126215E+001, 6.2957718E+001, 6.8599469E+001, 8.1402093E+001, 6.7733361E+001, 6.8498683E+001, 6.5689913E+001, 6.2335046E+001, 7.2231830E+001, 7.9643860E+001, 7.3365840E+001, 6.7800397E+001, 6.5067067E+001, 6.5166225E+001, 6.6056393E+001, 7.9290090E+001, 6.5915475E+001, 6.5606397E+001, 6.5740984E+001, 6.5343128E+001, 6.5864164E+001, 6.6978699E+001, 6.7121484E+001, 6.6711124E+001, 6.5513585E+001, 6.4391836E+001, 1.1056125E+002, 1.1076237E+002, 1.0874759E+002, 1.0667442E+002, 9.9884193E+001, 7.9782723E+001, 6.2631934E+001, 5.6054933E+001, 4.6537726E+001, 4.5202579E+001, 4.3086520E+001, 4.0268503E+001, 3.8750067E+001, 1.1042992E+002, 1.1182480E+002, 1.1003906E+002, 1.0803578E+002, 9.6110538E+001, 8.2391823E+001, 5.9064464E+001, 5.5583269E+001, 5.0578812E+001, 4.6651510E+001, 4.4366906E+001, 4.2708179E+001, 3.4986990E+001, 1.0128165E+002, 1.0265281E+002, 1.0404242E+002, 1.0355535E+002, 1.0194596E+002, 8.8836336E+001, 6.1340522E+001, 4.5964434E+001, 4.4963623E+001, 4.4294297E+001, 4.3787690E+001, 1.1108727E+002, 1.1130463E+002, 1.1072293E+002, 1.0812918E+002, 9.9636697E+001, 8.1858000E+001, 6.1663010E+001, 5.1598762E+001, 4.8303783E+001, 4.4537651E+001, 3.9079150E+001, 1.2685882E+002, 1.0904265E+002, 1.3080632E+002, 1.1501917E+002, 1.3889034E+002, 1.2235695E+002, 1.2520718E+002, 1.0567418E+002, 7.7431988E+001, 7.2931370E+001, 6.2384955E+001, 5.6784649E+001, 5.1940040E+001, 5.2354994E+001, 1.4751514E+002
 4.0601485E+003, 1.0943309E+002, 1.0883528E+002, 1.0888603E+002, 1.0927139E+002, 1.0956443E+002, 1.0880425E+002, 1.0873851E+002, 1.0849767E+002, 1.0855267E+002, 1.0889980E+002, 1.0938254E+002, 1.0847750E+002, 1.0838940E+002, 1.0841772E+002, 1.0854155E+002, 1.0864352E+002, 1.0895083E+002, 1.0842419E+002, 1.0835687E+002, 1.0840010E+002, 1.0828903E+002, 1.0815372E+002, 1.0818777E+002, 1.0803646E+002, 1.0826989E+002, 1.0814688E+002, 1.0800608E+002, 1.0796741E+002, 1.0816617E+002, 1.0093237E+002, 1.0099894E+002, 1.0097870E+002, 1.0144517E+002, 1.0204882E+002, 1.0104181E+002, 1.0150440E+002, 1.0088932E+002, 1.0053785E+002, 1.0114326E+002, 1.0185630E+002, 1.0060465E+002, 1.0225521E+002, 1.0123219E+002, 1.0049631E+002, 1.0089593E+002, 1.0140170E+002, 1.0044911E+002, 1.0185118E+002, 1.0117160E+002, 1.0032812E+002, 1.0052530E+002, 1.0119283E+002, 1.0090098E+002, 1.0008212E+002, 9.9851532E+001, 1.0038818E+002, 1.0070329E+002, 1.0058118E+002, 6.5890985E+001, 6.2854709E+001, 6.3658907E+001, 6.3438729E+001, 6.1834333E+001, 6.8025154E+001, 7.9695122E+001, 6.5926868E+001, 6.6557394E+001, 6.6165204E+001, 6.3857488E+001, 6.9194010E+001, 7.9321145E+001, 7.3059845E+001, 6.8251848E+001, 6.4543313E+001, 6.3717086E+001, 6.4275205E+001, 7.7333341E+001, 6.5174288E+001, 6.4154541E+001, 6.3801959E+001, 6.3887010E+001, 6.3581086E+001, 6.4341433E+001, 6.4998543E+001, 6.5031119E+001, 6.3816578E+001, 6.4020352E+001, 1.0898957E+002, 1.0960146E+002, 1.0758055E+002, 1.0508333E+002, 9.8081929E+001, 7.6642020E+001, 6.1589821E+001, 5.4983256E+001, 4.6297277E+001, 4.5030587E+001, 4.2770341E+001, 4.0430965E+001, 3.8946401E+001, 1.0935759E+002, 1.0954664E+002, 1.0809680E+002, 1.0598097E+002, 9.5939377E+001, 8.1751700E+001, 5.8406303E+001, 5.5469216E+001, 4.9600407E+001, 4.6650321E+001, 4.4069842E+001, 4.2569343E+001, 3.7177420E+001, 9.9640327E+001, 1.0082444E+002, 1.0161338E+002, 1.0189719E+002, 1.0094361E+002, 7.7823292E+001, 5.9739347E+001, 4.5907844E+001, 4.4395766E+001, 4.3823754E+001, 4.3568963E+001, 1.0966140E+002, 1.0990659E+002, 1.0898718E+002, 1.0645108E+002, 9.8292120E+001, 7.4970012E+001, 6.6142592E+001, 5.5180105E+001, 4.6952080E+001, 4.2711583E+001, 3.8834343E+001, 1.2377363E+002, 1.0676101E+002, 1.2739382E+002, 1.1243070E+002, 1.3533924E+002, 1.1943137E+002, 1.2219269E+002, 1.0359408E+002, 7.5934768E+001, 7.1285273E+001, 6.0392787E+001, 5.5392866E+001, 5.0628875E+001, 4.9465841E+001, 1.4312785E+002
 4.0800845E+003, 1.0786256E+002, 1.0778374E+002, 1.0765626E+002, 1.0775751E+002, 1.0785641E+002, 1.0767354E+002, 1.0756640E+002, 1.0743742E+002, 1.0736679E+002, 1.0738838E+002, 1.0761744E+002, 1.0727191E+002, 1.0715337E+002, 1.0720345E+002, 1.0723362E+002, 1.0726759E+002, 1.0734164E+002, 1.0723093E+002, 1.0707350E+002, 1.0715489E+002, 1.0714365E+002, 1.0718000E+002, 1.0720627E+002, 1.0713989E+002, 1.0704734E+002, 1.0707830E+002, 1.0704812E+002, 1.0707473E+002, 1.0708996E+002, 9.8906001E+001, 9.8556683E+001, 9.8393063E+001, 9.8906064E+001, 9.9450085E+001, 9.8876493E+001, 9.9010858E+001, 9.8686397E+001, 9.8304763E+001, 9.8792453E+001, 1.0016381E+002, 9.8582904E+001, 1.0154979E+002, 1.0002465E+002, 9.8758478E+001, 9.8627615E+001, 9.9399317E+001, 9.9177553E+001, 1.0193458E+002, 1.0096331E+002, 9.9807019E+001, 9.8772495E+001, 9.8660222E+001, 9.8736823E+001, 1.0069498E+002, 1.0083235E+002, 1.0031318E+002, 9.9683326E+001, 9.9288950E+001, 6.5677334E+001, 6.4709461E+001, 6.6502624E+001, 6.4018000E+001, 6.1167294E+001, 6.7605918E+001, 7.8664557E+001, 6.6298031E+001, 6.6767420E+001, 6.5361589E+001, 6.3549277E+001, 6.7954791E+001, 7.8642906E+001, 7.2017835E+001, 6.8470191E+001, 6.4696100E+001, 6.2472601E+001, 6.4954524E+001, 7.5554621E+001, 6.3795751E+001, 6.5177819E+001, 6.4220974E+001, 6.3417090E+001, 6.3413719E+001, 6.5087523E+001, 6.2922646E+001, 6.3355658E+001, 6.3095480E+001, 6.3683500E+001, 1.0706243E+002, 1.0891813E+002, 1.0642169E+002, 1.0372127E+002, 9.5239256E+001, 7.5747674E+001, 6.0982440E+001, 5.4030611E+001, 4.6025567E+001, 4.4274455E+001, 4.3270458E+001, 4.2189248E+001, 3.8386435E+001, 1.0785982E+002, 1.0723091E+002, 1.0633147E+002, 1.0425911E+002, 9.4185167E+001, 7.6968691E+001, 5.8303891E+001, 5.4773495E+001, 4.9707480E+001, 4.5299037E+001, 4.3493082E+001, 4.0504184E+001, 3.5086090E+001, 9.9177363E+001, 9.9928551E+001, 1.0059037E+002, 1.0059686E+002, 9.9645718E+001, 8.2463994E+001, 5.9293185E+001, 4.5299198E+001, 4.4138574E+001, 4.3553255E+001, 4.3358951E+001, 1.0810637E+002, 1.0832319E+002, 1.0763138E+002, 1.0515664E+002, 9.4047763E+001, 7.3743709E+001, 6.2446150E+001, 5.5998802E+001, 4.5598212E+001, 4.3985023E+001, 3.8431165E+001, 1.2094030E+002, 1.0470201E+002, 1.2414195E+002, 1.0998583E+002, 1.3195640E+002, 1.1660556E+002, 1.1932592E+002, 1.0166630E+002, 7.3047637E+001, 6.8719784E+001, 5.9708366E+001, 5.5025957E+001, 5.1351127E+001, 5.5867677E+001, 1.3904089E+002
 4.1000095E+003, 1.0635041E+002, 1.0636218E+002, 1.0638776E+002, 1.0647631E+002, 1.0695067E+002, 1.0643170E+002, 1.0646283E+002, 1.0636835E+002, 1.0630648E+002, 1.0624953E+002, 1.0629091E+002, 1.0609579E+002, 1.0596728E+002, 1.0591550E+002, 1.0600871E+002, 1.0617253E+002, 1.0619191E+002, 1.0603899E+002, 1.0586625E+002, 1.0596642E+002, 1.0600233E+002, 1.0598037E+002, 1.0597970E+002, 1.0587922E+002, 1.0575104E+002, 1.0582401E+002, 1.0582775E+002, 1.0579713E+002, 1.0579953E+002, 9.8342476E+001, 9.8759505E+001, 9.9305359E+001, 9.9420385E+001, 9.9411813E+001, 9.8567356E+001, 9.8866384E+001, 9.8732386E+001, 9.9282585E+001, 9.9784905E+001, 9.9998165E+001, 9.8579645E+001, 1.0044960E+002, 9.9689543E+001, 9.8492906E+001, 9.8654192E+001, 9.9191134E+001, 9.8130516E+001, 1.0045390E+002, 9.9746303E+001, 9.8806478E+001, 9.7973233E+001, 9.7713171E+001, 9.8092259E+001, 9.8890688E+001, 9.9161881E+001, 9.9477594E+001, 9.9287941E+001, 9.8794108E+001, 6.4213421E+001, 6.2825995E+001, 6.3468363E+001, 6.3629361E+001, 6.2037877E+001, 6.5307775E+001, 7.8453392E+001, 6.4424164E+001, 6.4989928E+001, 6.1879598E+001, 6.0030221E+001, 6.7811467E+001, 7.6353149E+001, 7.0413613E+001, 6.8395268E+001, 6.3757474E+001, 5.9681141E+001, 6.2257027E+001, 7.2588714E+001, 6.2788174E+001, 6.1734501E+001, 6.0132042E+001, 6.0080142E+001, 6.0267159E+001, 6.3499820E+001, 6.4495626E+001, 6.4239961E+001, 6.2084926E+001, 6.1523564E+001, 1.0586883E+002, 1.0693933E+002, 1.0451222E+002, 1.0248972E+002, 9.2093834E+001, 7.4120393E+001, 6.1279394E+001, 5.4747592E+001, 4.6078075E+001, 4.4255531E+001, 4.3453127E+001, 4.2492394E+001, 3.9620221E+001, 1.0641179E+002, 1.0615719E+002, 1.0508591E+002, 1.0281151E+002, 9.3519902E+001, 7.6008500E+001, 5.8249601E+001, 5.5173850E+001, 4.9928789E+001, 4.4591561E+001, 4.2870506E+001, 4.0540272E+001, 3.6563155E+001, 9.9042331E+001, 9.9828597E+001, 1.0022024E+002, 9.9689101E+001, 9.8528069E+001, 7.6129217E+001, 5.9735865E+001, 4.4305686E+001, 4.2833477E+001, 4.1996958E+001, 4.1472749E+001, 1.0666195E+002, 1.0705229E+002, 1.0674166E+002, 1.0450733E+002, 9.5136920E+001, 7.6835883E+001, 6.0850264E+001, 5.6550516E+001, 4.7888243E+001, 4.4128112E+001, 3.8357885E+001, 1.1818281E+002, 1.0269704E+002, 1.2112024E+002, 1.0765767E+002, 1.2879534E+002, 1.1396081E+002, 1.1666627E+002, 9.9868427E+001, 7.8545245E+001, 7.0157070E+001, 6.0749931E+001, 5.4682628E+001, 4.9244283E+001, 5.0141161E+001, 1.3526529E+002
 4.1201126E+003, 1.0473510E+002, 1.0441761E+002, 1.0440730E+002, 1.0441878E+002, 1.0462290E+002, 1.0468911E+002, 1.0503112E+002, 1.0493490E+002, 1.0485510E+002, 1.0470259E+002, 1.0451932E+002, 1.0507271E+002, 1.0509801E+002, 1.0504811E+002, 1.0491154E+002, 1.0482917E+002, 1.0464066E+002, 1.0494810E+002, 1.0500748E+002, 1.0502251E+002, 1.0498433E+002, 1.0508831E+002, 1.0496550E+002, 1.0504464E+002, 1.0479931E+002, 1.0482525E+002, 1.0486008E+002, 1.0490343E+002, 1.0485778E+002, 9.7139530E+001, 9.8521514E+001, 9.9355902E+001, 9.8934587E+001, 9.8708874E+001, 9.7391399E+001, 9.6998620E+001, 9.7544472E+001, 9.8617899E+001, 9.9379395E+001, 9.9552320E+001, 9.7754293E+001, 9.8623877E+001, 9.8305343E+001, 9.7560008E+001, 9.8166904E+001, 9.8964687E+001, 9.6935532E+001, 9.8136910E+001, 9.7445821E+001, 9.6854828E+001, 9.6700252E+001, 9.6872597E+001, 9.6702528E+001, 9.7456915E+001, 9.6832122E+001, 9.6536725E+001, 9.6725633E+001, 9.6799650E+001, 6.2992463E+001, 5.9907295E+001, 6.1810651E+001, 6.2271949E+001, 6.1244128E+001, 6.5134762E+001, 7.7181091E+001, 6.7131887E+001, 6.6067809E+001, 6.4529799E+001, 6.0049231E+001, 6.9418719E+001, 7.5992301E+001, 6.7466844E+001, 6.6339262E+001, 6.3333577E+001, 5.8836844E+001, 6.1916884E+001, 7.2428458E+001, 6.1693106E+001, 6.0920263E+001, 6.1475594E+001, 6.0327062E+001, 6.0919265E+001, 6.3873054E+001, 6.2519590E+001, 6.3259330E+001, 6.2497531E+001, 6.1090133E+001, 1.0455397E+002, 1.0529593E+002, 1.0299707E+002, 1.0134521E+002, 9.3522496E+001, 7.3211737E+001, 5.9602882E+001, 5.3219540E+001, 4.6154582E+001, 4.4148478E+001, 4.3742531E+001, 4.2683897E+001, 3.9700004E+001, 1.0524738E+002, 1.0534806E+002, 1.0356895E+002, 9.9756259E+001, 9.2694887E+001, 7.3791163E+001, 5.7716858E+001, 5.5479998E+001, 4.9881316E+001, 4.4225606E+001, 4.2111528E+001, 4.0074024E+001, 3.5884260E+001, 9.7253849E+001, 9.8326410E+001, 9.8811682E+001, 9.8479148E+001, 9.7003533E+001, 7.5618277E+001, 5.7958489E+001, 4.3062162E+001, 4.2041926E+001, 4.1369243E+001, 4.0862189E+001, 1.0546847E+002, 1.0600478E+002, 1.0565809E+002, 1.0018044E+002, 9.4187630E+001, 7.0917618E+001, 6.0169808E+001, 5.4113137E+001, 4.6149179E+001, 4.5044671E+001, 4.0256075E+001, 1.1556928E+002, 1.0067721E+002, 1.1829698E+002, 1.0548154E+002, 1.2580381E+002, 1.1148625E+002, 1.1414214E+002, 9.8072071E+001, 7.3431245E+001, 6.9571379E+001, 6.0234977E+001, 5.3751338E+001, 4.7663572E+001, 4.8473358E+001, 1.3169996E+002
 4.1402345E+003, 1.0377414E+002, 1.0344412E+002, 1.0318603E+002, 1.0305150E+002, 1.0288525E+002, 1.0367297E+002, 1.0372656E+002, 1.0365107E+002, 1.0342993E+002, 1.0323262E+002, 1.0297599E+002, 1.0374577E+002, 1.0403461E+002, 1.0388748E+002, 1.0379803E+002, 1.0372473E+002, 1.0350851E+002, 1.0374715E+002, 1.0376932E+002, 1.0371847E+002, 1.0369853E+002, 1.0374613E+002, 1.0372422E+002, 1.0376784E+002, 1.0370818E+002, 1.0367689E+002, 1.0363795E+002, 1.0367263E+002, 1.0377762E+002, 9.8299000E+001, 9.8074894E+001, 9.7357536E+001, 9.6425398E+001, 9.6350783E+001, 9.8280023E+001, 9.7911198E+001, 9.6874423E+001, 9.6901466E+001, 9.7354813E+001, 9.7181685E+001, 9.6084214E+001, 9.6880919E+001, 9.6582155E+001, 9.6065241E+001, 9.5944421E+001, 9.6890341E+001, 9.5682751E+001, 9.6804352E+001, 9.6089764E+001, 9.5305281E+001, 9.5046538E+001, 9.5263606E+001, 9.4592829E+001, 9.5963182E+001, 9.5543286E+001, 9.4838674E+001, 9.4406055E+001, 9.4256233E+001, 6.1019231E+001, 5.7955857E+001, 6.0809367E+001, 6.3772882E+001, 6.2538657E+001, 6.2962346E+001, 7.2997922E+001, 6.3005704E+001, 6.0052329E+001, 6.1299261E+001, 6.0757042E+001, 6.6747437E+001, 7.1635959E+001, 6.4551999E+001, 6.3239936E+001, 6.1732591E+001, 5.9422168E+001, 6.0143155E+001, 7.2912442E+001, 6.1020002E+001, 6.1821268E+001, 6.0438383E+001, 6.0302670E+001, 6.0710400E+001, 6.1010665E+001, 6.1301156E+001, 6.1661851E+001, 6.1077454E+001, 6.1387595E+001, 1.0349740E+002, 1.0371393E+002, 1.0183563E+002, 1.0011127E+002, 9.1278485E+001, 7.3710496E+001, 5.8677544E+001, 5.2516109E+001, 4.5074126E+001, 4.3482324E+001, 4.3026400E+001, 4.2757769E+001, 3.9231705E+001, 1.0368328E+002, 1.0336508E+002, 1.0192023E+002, 9.8550841E+001, 9.1439139E+001, 7.3319043E+001, 5.7389687E+001, 5.4587210E+001, 5.0391114E+001, 4.4237568E+001, 4.2665406E+001, 4.0569629E+001, 3.4940825E+001, 9.6000724E+001, 9.6822559E+001, 9.7196779E+001, 9.6972798E+001, 9.5412996E+001, 7.1333978E+001, 6.3280820E+001, 4.4287055E+001, 4.1966413E+001, 4.1452489E+001, 4.0818307E+001, 1.0442580E+002, 1.0493459E+002, 1.0433379E+002, 9.8316943E+001, 9.1905129E+001, 7.2057998E+001, 6.0721717E+001, 5.4666654E+001, 4.6812218E+001, 4.1327563E+001, 3.8964601E+001, 1.1307233E+002, 9.8787234E+001, 1.1562250E+002, 1.0337727E+002, 1.2290638E+002, 1.0920470E+002, 1.1171543E+002, 9.6302016E+001, 6.9890692E+001, 6.6627731E+001, 5.8083252E+001, 5.2241853E+001, 4.7631281E+001, 4.8383394E+001, 1.2832556E+002
 4.1600619E+003, 1.0248144E+002, 1.0231550E+002, 1.0208895E+002, 1.0194152E+002, 1.0176439E+002, 1.0243872E+002, 1.0248867E+002, 1.0241020E+002, 1.0228003E+002, 1.0220043E+002, 1.0215128E+002, 1.0244448E+002, 1.0251139E+002, 1.0251963E+002, 1.0245288E+002, 1.0235873E+002, 1.0226776E+002, 1.0228115E+002, 1.0237888E+002, 1.0238531E+002, 1.0226673E+002, 1.0214939E+002, 1.0214102E+002, 1.0223179E+002, 1.0241844E+002, 1.0237664E+002, 1.0220696E+002, 1.0216047E+002, 1.0221749E+002, 9.6641480E+001, 9.5852907E+001, 9.5079757E+001, 9.5525633E+001, 9.5787280E+001, 9.6455277E+001, 9.7130708E+001, 9.6099350E+001, 9.4938582E+001, 9.4385995E+001, 9.4548839E+001, 9.5405730E+001, 9.6469699E+001, 9.5756317E+001, 9.5258783E+001, 9.4768661E+001, 9.4606936E+001, 9.4638689E+001, 9.5248879E+001, 9.5120374E+001, 9.4599903E+001, 9.3913921E+001, 9.3592460E+001, 9.3367374E+001, 9.4410084E+001, 9.4995116E+001, 9.4174832E+001, 9.3316938E+001, 9.2972854E+001, 6.2099671E+001, 6.0021626E+001, 6.1026524E+001, 6.4076213E+001, 6.2961119E+001, 6.2496949E+001, 6.9449972E+001, 6.2418700E+001, 6.1409910E+001, 6.0816648E+001, 6.0175786E+001, 6.5243753E+001, 7.1129023E+001, 6.5834150E+001, 6.3982700E+001, 6.1611269E+001, 5.9696637E+001, 5.9724710E+001, 7.0717807E+001, 6.0131411E+001, 5.9960265E+001, 6.0263658E+001, 6.0552551E+001, 6.0919125E+001, 6.1458450E+001, 6.0558637E+001, 6.0590555E+001, 6.0567706E+001, 6.0321881E+001, 1.0101166E+002, 1.0219803E+002, 1.0083804E+002, 9.8764285E+001, 8.9178471E+001, 7.1933269E+001, 5.8230532E+001, 5.1279702E+001, 4.5918948E+001, 4.3599743E+001, 4.2727969E+001, 4.2009916E+001, 3.9123981E+001, 1.0244693E+002, 1.0173035E+002, 1.0038410E+002, 9.8338897E+001, 8.9637055E+001, 7.2736835E+001, 5.6180584E+001, 5.3594005E+001, 4.8486655E+001, 4.4367097E+001, 4.2853944E+001, 4.2010865E+001, 3.6738481E+001, 9.5205356E+001, 9.5803894E+001, 9.5947195E+001, 9.5871199E+001, 9.4924342E+001, 6.8790197E+001, 6.1444282E+001, 4.4022961E+001, 4.2519591E+001, 4.1466578E+001, 4.0936576E+001, 1.0340901E+002, 1.0383229E+002, 1.0268433E+002, 9.9149463E+001, 9.4287184E+001, 7.1583295E+001, 5.8483346E+001, 5.2673521E+001, 4.8409994E+001, 4.2765158E+001, 3.8045088E+001, 1.1072029E+002, 9.6994405E+001, 1.1308278E+002, 1.0135666E+002, 1.2019031E+002, 1.0702304E+002, 1.0938568E+002, 9.4682362E+001, 6.9649576E+001, 6.4307688E+001, 5.7023712E+001, 5.0022023E+001, 4.5953148E+001, 4.7526013E+001, 1.2514553E+002
 4.1801736E+003, 1.0060276E+002, 1.0049671E+002, 1.0055958E+002, 1.0060137E+002, 1.0064563E+002, 1.0064852E+002, 1.0076505E+002, 1.0077188E+002, 1.0083086E+002, 1.0075686E+002, 1.0085028E+002, 1.0087531E+002, 1.0085517E+002, 1.0086429E+002, 1.0094479E+002, 1.0108010E+002, 1.0109563E+002, 1.0103147E+002, 1.0072679E+002, 1.0082823E+002, 1.0099634E+002, 1.0099952E+002, 1.0100622E+002, 1.0096123E+002, 1.0081325E+002, 1.0108264E+002, 1.0094243E+002, 1.0090514E+002, 1.0094442E+002, 9.4151908E+001, 9.3275828E+001, 9.3034495E+001, 9.4218402E+001, 9.4152520E+001, 9.3909224E+001, 9.4706556E+001, 9.3566677E+001, 9.3427822E+001, 9.3911635E+001, 9.3785037E+001, 9.3567494E+001, 9.4590904E+001, 9.3855552E+001, 9.4258346E+001, 9.4121166E+001, 9.3808964E+001, 9.4220565E+001, 9.4494389E+001, 9.4354155E+001, 9.4216101E+001, 9.3885943E+001, 9.3236358E+001, 9.3288011E+001, 9.4561065E+001, 9.4665810E+001, 9.4030773E+001, 9.3174827E+001, 9.3126639E+001, 6.0181552E+001, 6.0531515E+001, 6.2258342E+001, 6.2589948E+001, 6.1189006E+001, 6.2158857E+001, 7.0233372E+001, 6.2884122E+001, 6.2503088E+001, 6.2228621E+001, 6.0325879E+001, 6.4769098E+001, 7.0964625E+001, 6.3525979E+001, 6.3142528E+001, 6.0206075E+001, 5.8724337E+001, 5.9839621E+001, 6.9368546E+001, 5.8559450E+001, 5.8593875E+001, 6.0426092E+001, 6.0045922E+001, 6.0705689E+001, 5.9157819E+001, 5.9502562E+001, 6.1501213E+001, 6.0979154E+001, 6.0644022E+001, 1.0015868E+002, 1.0104064E+002, 9.9419508E+001, 9.7164986E+001, 8.6880098E+001, 7.0791169E+001, 5.7699161E+001, 5.1400029E+001, 4.6741965E+001, 4.3364776E+001, 4.3011752E+001, 4.2079650E+001, 3.9412284E+001, 1.0152665E+002, 1.0113855E+002, 9.9220478E+001, 9.7045690E+001, 8.8610839E+001, 7.1046506E+001, 5.5528191E+001, 5.3307456E+001, 4.9622010E+001, 4.4516977E+001, 4.2636148E+001, 4.0174767E+001, 3.5713499E+001, 9.4047032E+001, 9.4762337E+001, 9.5269634E+001, 9.5359855E+001, 9.2547462E+001, 6.7798432E+001, 6.2971375E+001, 4.3412083E+001, 4.1781134E+001, 4.1287180E+001, 4.0973738E+001, 1.0245235E+002, 1.0240989E+002, 1.0055679E+002, 9.9067798E+001, 9.2616711E+001, 7.1392998E+001, 5.8064114E+001, 5.0741870E+001, 4.8082603E+001, 4.4537014E+001, 3.9337020E+001, 1.0847285E+002, 9.5292307E+001, 1.1066436E+002, 9.9448832E+001, 1.1760214E+002, 1.0490942E+002, 1.0716455E+002, 9.3096607E+001, 6.5894706E+001, 6.1411764E+001, 5.4685174E+001, 4.9446343E+001, 4.5019772E+001, 4.6321196E+001, 1.2210426E+002
 4.2000000E+003, 9.8618268E+001, 9.8694684E+001, 9.9146113E+001, 9.9530997E+001, 9.9450880E+001, 9.8639114E+001, 9.8743257E+001, 9.8945024E+001, 9.9139083E+001, 9.9190551E+001, 9.9270655E+001, 9.9035059E+001, 9.9147439E+001, 9.9048520E+001, 9.9051405E+001, 9.9270515E+001, 9.9640437E+001, 9.9231819E+001, 9.9164482E+001, 9.9058045E+001, 9.9223301E+001, 9.9477628E+001, 9.9581137E+001, 9.9495878E+001, 9.9079598E+001, 9.9209159E+001, 9.9305333E+001, 9.9377415E+001, 9.9343277E+001, 9.1915687E+001, 9.1844720E+001, 9.2840945E+001, 9.2924397E+001, 9.2309699E+001, 9.2293527E+001, 9.2370855E+001, 9.2224780E+001, 9.2658534E+001, 9.2350665E+001, 9.2405232E+001, 9.2333442E+001, 9.2961746E+001, 9.2238666E+001, 9.2131940E+001, 9.1691111E+001, 9.1090491E+001, 9.1775995E+001, 9.3670890E+001, 9.2644734E+001, 9.1520498E+001, 9.1440127E+001, 9.1298371E+001, 9.1427908E+001, 9.3418904E+001, 9.2607368E+001, 9.1794299E+001, 9.1544586E+001, 9.1905669E+001, 6.0288003E+001, 5.8688500E+001, 5.9479044E+001, 6.0367080E+001, 5.8741176E+001, 6.3631731E+001, 6.9437036E+001, 6.3137194E+001, 6.1590316E+001, 5.9893779E+001, 5.8898359E+001, 6.2959335E+001, 6.8018915E+001, 6.1737344E+001, 6.0997441E+001, 5.9969403E+001, 5.8814900E+001, 5.9910688E+001, 6.9762305E+001, 5.7964860E+001, 5.9600798E+001, 5.9076390E+001, 5.8708468E+001, 5.8622203E+001, 5.9746121E+001, 5.9033476E+001, 6.0638742E+001, 5.9237071E+001, 5.8811830E+001, 9.9190469E+001, 9.9860846E+001, 9.8317402E+001, 9.5765672E+001, 8.5522014E+001, 7.0816127E+001, 5.8709351E+001, 5.0912115E+001, 4.6342547E+001, 4.3480194E+001, 4.2110038E+001, 4.0358513E+001, 3.8825308E+001, 1.0047672E+002, 9.9916525E+001, 9.8058706E+001, 9.5461916E+001, 8.6905676E+001, 6.9811510E+001, 5.5167401E+001, 5.2591882E+001, 4.9935658E+001, 4.4001347E+001, 4.2112710E+001, 4.0627009E+001, 3.6764572E+001, 9.3735417E+001, 9.4270538E+001, 9.4984303E+001, 9.4648565E+001, 9.3088858E+001, 7.0586915E+001, 6.1739590E+001, 4.2715973E+001, 4.1729908E+001, 4.1519305E+001, 4.1279261E+001, 1.0106679E+002, 1.0031994E+002, 9.9262648E+001, 9.7467497E+001, 8.6931721E+001, 7.1309204E+001, 5.8560394E+001, 4.9988334E+001, 4.7200095E+001, 4.4735681E+001, 4.0148285E+001, 1.0630606E+002, 9.3613916E+001, 1.0830525E+002, 9.7574033E+001, 1.1516504E+002, 1.0290096E+002, 1.0503852E+002, 9.1566044E+001, 6.5240960E+001, 6.2617915E+001, 5.7245027E+001, 5.1305802E+001, 4.6256102E+001, 4.6800428E+001, 1.1927098E+002
