s,m,s,m,s,m,kW/m2,kW/m2,kW/m2,kW/m2,kW/m2,kW/m2,kW/m2,kW/m2,kW/m2,kW/m2,kW/m2,kW/m2,kW/m2,kW/m2,kW/m2,kW/m2,kW/m2,kW/m2,kW/m2,kW/m2,kW/m2,kW/m2,kW/m2,kW/m2,kW/m2,kW/m2,kW/m2,kW/m2,kW/m2,kW/m2,kW/m2,kW/m2,kW/m2,kW/m2,kW/m2,kW/m2,kW/m2,kW/m2,kW/m2,kW/m2
Time,D_S_max,D_S_time,D_E_max,D_E_time,Height,R1,R2,R3,R4,R5,R6,R7,R8,R9,R10,R11,R12,R13,R14,R15,R16,R17,R18,R19,R20,R21,R22,R23,R24,R25,R26,R27,R28,R29,R30,R31,R32,R33,R34,R35,R36,R37,R38,R39,R40
-1.0000000E+001, 0.0000000E+000, 0.0000000E+000, 0.0000000E+000, 0.0000000E+000, 0.0000000E+000, 0.0000000E+000, 0.0000000E+000, 0.0000000E+000, 0.0000000E+000, 0.0000000E+000, 0.0000000E+000, 0.0000000E+000, 0.0000000E+000, 0.0000000E+000, 0.0000000E+000, 0.0000000E+000, 0.0000000E+000, 0.0000000E+000, 0.0000000E+000, 0.0000000E+000, 0.0000000E+000, 0.0000000E+000, 0.0000000E+000, 0.0000000E+000, 0.0000000E+000, 0.0000000E+000, 0.0000000E+000, 0.0000000E+000, 0.0000000E+000, 0.0000000E+000, 0.0000000E+000, 0.0000000E+000, 0.0000000E+000, 0.0000000E+000, 0.0000000E+000, 0.0000000E+000, 0.0000000E+000, 0.0000000E+000, 0.0000000E+000, 0.0000000E+000, 0.0000000E+000, 0.0000000E+000, 0.0000000E+000, 0.0000000E+000, 0.0000000E+000
-9.8091638E+000, 0.0000000E+000, 0.0000000E+000, 0.0000000E+000, 0.0000000E+000, 0.0000000E+000,-2.5983269E-004,-2.7881336E-004,-2.8868079E-004,-2.9958663E-004,-2.4267293E-004,-2.4705430E-004,-2.5533328E-004,-2.6159678E-004,-1.9580279E-004,-1.9675869E-004,-1.9478756E-004,-2.0050874E-004,-1.7542107E-004,-1.7482332E-004,-1.7657287E-004,-1.7688807E-004,-1.7536386E-004,-1.7237014E-004,-1.7104082E-004,-1.7064420E-004,-1.7074769E-004,-1.7084033E-004,-1.6902772E-004,-1.6666821E-004,-1.2760816E-004,-1.5176364E-004,-1.5111860E-004,-1.5389171E-004,-1.5618011E-004,-1.5624845E-004,-1.7748686E-004,-1.7995214E-004,-1.7761988E-004,-1.7365966E-004,-1.7314580E-004,-2.1375121E-004,-2.4878137E-004,-2.5454203E-004,-2.5796238E-004,-2.5889848E-004
-9.7137458E+000, 0.0000000E+000, 0.0000000E+000, 0.0000000E+000, 0.0000000E+000, 0.0000000E+000,-2.5684052E-004,-2.7090091E-004,-2.7537490E-004,-2.8068038E-004,-2.3437516E-004,-2.3566330E-004,-2.3797243E-004,-2.3965570E-004,-1.9249634E-004,-1.9022391E-004,-1.8723506E-004,-1.9121145E-004,-2.0003460E-004,-1.9863803E-004,-1.9988953E-004,-2.0059800E-004,-1.9956787E-004,-1.9667788E-004,-1.9477586E-004,-1.9345533E-004,-1.9228837E-004,-1.9059311E-004,-1.8703487E-004,-1.8418120E-004,-1.5581656E-004,-1.8044471E-004,-1.7967058E-004,-1.8230617E-004,-1.8542537E-004,-1.8674434E-004,-2.0124070E-004,-2.0323412E-004,-2.0073516E-004,-1.9755908E-004,-1.9771595E-004,-2.4497406E-004,-2.6983699E-004,-2.7475259E-004,-2.7852623E-004,-2.8069341E-004
-9.6183277E+000, 0.0000000E+000, 0.0000000E+000, 0.0000000E+000, 0.0000000E+000, 0.0000000E+000,-2.5684052E-004,-2.7090091E-004,-2.7537490E-004,-2.8068038E-004,-2.3437516E-004,-2.3566330E-004,-2.3797243E-004,-2.3965570E-004,-1.9249634E-004,-1.9022391E-004,-1.8723506E-004,-1.9121145E-004,-2.0003460E-004,-1.9863803E-004,-1.9988953E-004,-2.0059800E-004,-1.9956787E-004,-1.9667788E-004,-1.9477586E-004,-1.9345533E-004,-1.9228837E-004,-1.9059311E-004,-1.8703487E-004,-1.8418120E-004,-1.5581656E-004,-1.8044471E-004,-1.7967058E-004,-1.8230617E-004,-1.8542537E-004,-1.8674434E-004,-2.0124070E-004,-2.0323412E-004,-2.0073516E-004,-1.9755908E-004,-1.9771595E-004,-2.4497406E-004,-2.6983699E-004,-2.7475259E-004,-2.7852623E-004,-2.8069341E-004
-9.5229096E+000, 0.0000000E+000, 0.0000000E+000, 0.0000000E+000, 0.0000000E+000, 0.0000000E+000,-2.5684052E-004,-2.7090091E-004,-2.7537490E-004,-2.8068038E-004,-2.3437516E-004,-2.3566330E-004,-2.3797243E-004,-2.3965570E-004,-1.9249634E-004,-1.9022391E-004,-1.8723506E-004,-1.9121145E-004,-2.0003460E-004,-1.9863803E-004,-1.9988953E-004,-2.0059800E-004,-1.9956787E-004,-1.9667788E-004,-1.9477586E-004,-1.9345533E-004,-1.9228837E-004,-1.9059311E-004,-1.8703487E-004,-1.8418120E-004,-1.5581656E-004,-1.8044471E-004,-1.7967058E-004,-1.8230617E-004,-1.8542537E-004,-1.8674434E-004,-2.0124070E-004,-2.0323412E-004,-2.0073516E-004,-1.9755908E-004,-1.9771595E-004,-2.4497406E-004,-2.6983699E-004,-2.7475259E-004,-2.7852623E-004,-2.8069341E-004
-9.4274915E+000, 0.0000000E+000, 0.0000000E+000, 0.0000000E+000, 0.0000000E+000, 0.0000000E+000,-2.5239968E-004,-2.6294122E-004,-2.6557060E-004,-2.6879133E-004,-2.3268137E-004,-2.3302115E-004,-2.3463447E-004,-2.3643025E-004,-2.0022266E-004,-1.9762232E-004,-1.9705775E-004,-2.0214906E-004,-2.2718435E-004,-2.2616887E-004,-2.2684434E-004,-2.2671655E-004,-2.2490553E-004,-2.2164775E-004,-2.1907253E-004,-2.1748374E-004,-2.1621095E-004,-2.1411178E-004,-2.1011787E-004,-2.0770955E-004,-1.8433897E-004,-2.1398342E-004,-2.1357740E-004,-2.1587358E-004,-2.1827478E-004,-2.1914175E-004,-2.2603306E-004,-2.2592245E-004,-2.2238809E-004,-2.1881596E-004,-2.1873505E-004,-2.7347113E-004,-2.9309384E-004,-2.9692209E-004,-3.0067609E-004,-3.0390848E-004
-9.3320735E+000, 0.0000000E+000, 0.0000000E+000, 0.0000000E+000, 0.0000000E+000, 0.0000000E+000,-2.5239968E-004,-2.6294122E-004,-2.6557060E-004,-2.6879133E-004,-2.3268137E-004,-2.3302115E-004,-2.3463447E-004,-2.3643025E-004,-2.0022266E-004,-1.9762232E-004,-1.9705775E-004,-2.0214906E-004,-2.2718435E-004,-2.2616887E-004,-2.2684434E-004,-2.2671655E-004,-2.2490553E-004,-2.2164775E-004,-2.1907253E-004,-2.1748374E-004,-2.1621095E-004,-2.1411178E-004,-2.1011787E-004,-2.0770955E-004,-1.8433897E-004,-2.1398342E-004,-2.1357740E-004,-2.1587358E-004,-2.1827478E-004,-2.1914175E-004,-2.2603306E-004,-2.2592245E-004,-2.2238809E-004,-2.1881596E-004,-2.1873505E-004,-2.7347113E-004,-2.9309384E-004,-2.9692209E-004,-3.0067609E-004,-3.0390848E-004
-9.2366554E+000, 0.0000000E+000, 0.0000000E+000, 0.0000000E+000, 0.0000000E+000, 0.0000000E+000,-2.5239968E-004,-2.6294122E-004,-2.6557060E-004,-2.6879133E-004,-2.3268137E-004,-2.3302115E-004,-2.3463447E-004,-2.3643025E-004,-2.0022266E-004,-1.9762232E-004,-1.9705775E-004,-2.0214906E-004,-2.2718435E-004,-2.2616887E-004,-2.2684434E-004,-2.2671655E-004,-2.2490553E-004,-2.2164775E-004,-2.1907253E-004,-2.1748374E-004,-2.1621095E-004,-2.1411178E-004,-2.1011787E-004,-2.0770955E-004,-1.8433897E-004,-2.1398342E-004,-2.1357740E-004,-2.1587358E-004,-2.1827478E-004,-2.1914175E-004,-2.2603306E-004,-2.2592245E-004,-2.2238809E-004,-2.1881596E-004,-2.1873505E-004,-2.7347113E-004,-2.9309384E-004,-2.9692209E-004,-3.0067609E-004,-3.0390848E-004
-9.1412373E+000, 0.0000000E+000, 0.0000000E+000, 0.0000000E+000, 0.0000000E+000, 0.0000000E+000,-2.5881979E-004,-2.7071711E-004,-2.7653920E-004,-2.8122530E-004,-2.4999895E-004,-2.5082698E-004,-2.5368274E-004,-2.5630912E-004,-2.2172037E-004,-2.1932998E-004,-2.1739382E-004,-2.2054196E-004,-2.5390776E-004,-2.5282632E-004,-2.5384593E-004,-2.5427382E-004,-2.5259292E-004,-2.4894088E-004,-2.4618318E-004,-2.4449244E-004,-2.4283657E-004,-2.4010353E-004,-2.3568174E-004,-2.3233934E-004,-2.0995245E-004,-2.4458289E-004,-2.4418040E-004,-2.4664690E-004,-2.4971420E-004,-2.5103189E-004,-2.5350118E-004,-2.5205237E-004,-2.4781327E-004,-2.4465208E-004,-2.4454360E-004,-3.0326378E-004,-3.2200095E-004,-3.2557237E-004,-3.2916474E-004,-3.3285506E-004
-9.0458192E+000, 0.0000000E+000, 0.0000000E+000, 0.0000000E+000, 0.0000000E+000, 0.0000000E+000,-2.5881979E-004,-2.7071711E-004,-2.7653920E-004,-2.8122530E-004,-2.4999895E-004,-2.5082698E-004,-2.5368274E-004,-2.5630912E-004,-2.2172037E-004,-2.1932998E-004,-2.1739382E-004,-2.2054196E-004,-2.5390776E-004,-2.5282632E-004,-2.5384593E-004,-2.5427382E-004,-2.5259292E-004,-2.4894088E-004,-2.4618318E-004,-2.4449244E-004,-2.4283657E-004,-2.4010353E-004,-2.3568174E-004,-2.3233934E-004,-2.0995245E-004,-2.4458289E-004,-2.4418040E-004,-2.4664690E-004,-2.4971420E-004,-2.5103189E-004,-2.5350118E-004,-2.5205237E-004,-2.4781327E-004,-2.4465208E-004,-2.4454360E-004,-3.0326378E-004,-3.2200095E-004,-3.2557237E-004,-3.2916474E-004,-3.3285506E-004
-8.9504012E+000, 0.0000000E+000, 0.0000000E+000, 0.0000000E+000, 0.0000000E+000, 0.0000000E+000,-2.5881979E-004,-2.7071711E-004,-2.7653920E-004,-2.8122530E-004,-2.4999895E-004,-2.5082698E-004,-2.5368274E-004,-2.5630912E-004,-2.2172037E-004,-2.1932998E-004,-2.1739382E-004,-2.2054196E-004,-2.5390776E-004,-2.5282632E-004,-2.5384593E-004,-2.5427382E-004,-2.5259292E-004,-2.4894088E-004,-2.4618318E-004,-2.4449244E-004,-2.4283657E-004,-2.4010353E-004,-2.3568174E-004,-2.3233934E-004,-2.0995245E-004,-2.4458289E-004,-2.4418040E-004,-2.4664690E-004,-2.4971420E-004,-2.5103189E-004,-2.5350118E-004,-2.5205237E-004,-2.4781327E-004,-2.4465208E-004,-2.4454360E-004,-3.0326378E-004,-3.2200095E-004,-3.2557237E-004,-3.2916474E-004,-3.3285506E-004
-8.8549831E+000, 0.0000000E+000, 0.0000000E+000, 0.0000000E+000, 0.0000000E+000, 0.0000000E+000,-2.7949928E-004,-2.9164082E-004,-2.9823440E-004,-3.0388526E-004,-2.7467335E-004,-2.7588665E-004,-2.7848499E-004,-2.7966870E-004,-2.4564921E-004,-2.4253529E-004,-2.4034557E-004,-2.4263470E-004,-2.8207356E-004,-2.8063450E-004,-2.8183503E-004,-2.8280733E-004,-2.8169131E-004,-2.7811959E-004,-2.7548831E-004,-2.7366555E-004,-2.7138341E-004,-2.6762901E-004,-2.6261262E-004,-2.5953112E-004,-2.3901543E-004,-2.7028673E-004,-2.6979309E-004,-2.7271604E-004,-2.7663563E-004,-2.7905092E-004,-2.8254831E-004,-2.8124435E-004,-2.7675057E-004,-2.7381751E-004,-2.7371724E-004,-3.3327702E-004,-3.5101610E-004,-3.5370193E-004,-3.5600614E-004,-3.5936153E-004
-8.7595650E+000, 0.0000000E+000, 0.0000000E+000, 0.0000000E+000, 0.0000000E+000, 0.0000000E+000,-2.7949928E-004,-2.9164082E-004,-2.9823440E-004,-3.0388526E-004,-2.7467335E-004,-2.7588665E-004,-2.7848499E-004,-2.7966870E-004,-2.4564921E-004,-2.4253529E-004,-2.4034557E-004,-2.4263470E-004,-2.8207356E-004,-2.8063450E-004,-2.8183503E-004,-2.8280733E-004,-2.8169131E-004,-2.7811959E-004,-2.7548831E-004,-2.7366555E-004,-2.7138341E-004,-2.6762901E-004,-2.6261262E-004,-2.5953112E-004,-2.3901543E-004,-2.7028673E-004,-2.6979309E-004,-2.7271604E-004,-2.7663563E-004,-2.7905092E-004,-2.8254831E-004,-2.8124435E-004,-2.7675057E-004,-2.7381751E-004,-2.7371724E-004,-3.3327702E-004,-3.5101610E-004,-3.5370193E-004,-3.5600614E-004,-3.5936153E-004
-8.6641469E+000, 0.0000000E+000, 0.0000000E+000, 0.0000000E+000, 0.0000000E+000, 0.0000000E+000,-2.7949928E-004,-2.9164082E-004,-2.9823440E-004,-3.0388526E-004,-2.7467335E-004,-2.7588665E-004,-2.7848499E-004,-2.7966870E-004,-2.4564921E-004,-2.4253529E-004,-2.4034557E-004,-2.4263470E-004,-2.8207356E-004,-2.8063450E-004,-2.8183503E-004,-2.8280733E-004,-2.8169131E-004,-2.7811959E-004,-2.7548831E-004,-2.7366555E-004,-2.7138341E-004,-2.6762901E-004,-2.6261262E-004,-2.5953112E-004,-2.3901543E-004,-2.7028673E-004,-2.6979309E-004,-2.7271604E-004,-2.7663563E-004,-2.7905092E-004,-2.8254831E-004,-2.8124435E-004,-2.7675057E-004,-2.7381751E-004,-2.7371724E-004,-3.3327702E-004,-3.5101610E-004,-3.5370193E-004,-3.5600614E-004,-3.5936153E-004
-8.5687289E+000, 0.0000000E+000, 0.0000000E+000, 0.0000000E+000, 0.0000000E+000, 0.0000000E+000,-2.9814477E-004,-3.1164427E-004,-3.1918778E-004,-3.2556594E-004,-2.9724255E-004,-2.9930866E-004,-3.0389014E-004,-3.0633519E-004,-2.7243363E-004,-2.6979078E-004,-2.6778467E-004,-2.7028696E-004,-3.0666752E-004,-3.0480078E-004,-3.0613108E-004,-3.0783238E-004,-3.0711470E-004,-3.0351871E-004,-3.0150313E-004,-3.0076140E-004,-2.9966456E-004,-2.9685774E-004,-2.9249727E-004,-2.8979250E-004,-2.6868138E-004,-2.9238890E-004,-2.9173039E-004,-2.9474770E-004,-2.9973175E-004,-3.0291464E-004,-3.0821855E-004,-3.0794553E-004,-3.0399375E-004,-3.0145940E-004,-3.0146651E-004,-3.6368606E-004,-3.8157039E-004,-3.8382364E-004,-3.8694665E-004,-3.8964576E-004
-8.4733108E+000, 0.0000000E+000, 0.0000000E+000, 0.0000000E+000, 0.0000000E+000, 0.0000000E+000,-2.9814477E-004,-3.1164427E-004,-3.1918778E-004,-3.2556594E-004,-2.9724255E-004,-2.9930866E-004,-3.0389014E-004,-3.0633519E-004,-2.7243363E-004,-2.6979078E-004,-2.6778467E-004,-2.7028696E-004,-3.0666752E-004,-3.0480078E-004,-3.0613108E-004,-3.0783238E-004,-3.0711470E-004,-3.0351871E-004,-3.0150313E-004,-3.0076140E-004,-2.9966456E-004,-2.9685774E-004,-2.9249727E-004,-2.8979250E-004,-2.6868138E-004,-2.9238890E-004,-2.9173039E-004,-2.9474770E-004,-2.9973175E-004,-3.0291464E-004,-3.0821855E-004,-3.0794553E-004,-3.0399375E-004,-3.0145940E-004,-3.0146651E-004,-3.6368606E-004,-3.8157039E-004,-3.8382364E-004,-3.8694665E-004,-3.8964576E-004
-8.3778927E+000, 0.0000000E+000, 0.0000000E+000, 0.0000000E+000, 0.0000000E+000, 0.0000000E+000,-2.9814477E-004,-3.1164427E-004,-3.1918778E-004,-3.2556594E-004,-2.9724255E-004,-2.9930866E-004,-3.0389014E-004,-3.0633519E-004,-2.7243363E-004,-2.6979078E-004,-2.6778467E-004,-2.7028696E-004,-3.0666752E-004,-3.0480078E-004,-3.0613108E-004,-3.0783238E-004,-3.0711470E-004,-3.0351871E-004,-3.0150313E-004,-3.0076140E-004,-2.9966456E-004,-2.9685774E-004,-2.9249727E-004,-2.8979250E-004,-2.6868138E-004,-2.9238890E-004,-2.9173039E-004,-2.9474770E-004,-2.9973175E-004,-3.0291464E-004,-3.0821855E-004,-3.0794553E-004,-3.0399375E-004,-3.0145940E-004,-3.0146651E-004,-3.6368606E-004,-3.8157039E-004,-3.8382364E-004,-3.8694665E-004,-3.8964576E-004
-8.2824746E+000, 0.0000000E+000, 0.0000000E+000, 0.0000000E+000, 0.0000000E+000, 0.0000000E+000,-3.0885203E-004,-3.2330177E-004,-3.3245464E-004,-3.4043515E-004,-3.1637257E-004,-3.1897227E-004,-3.2398452E-004,-3.2607998E-004,-2.9361131E-004,-2.9120964E-004,-2.8896475E-004,-2.9081391E-004,-3.2905339E-004,-3.2689774E-004,-3.2759894E-004,-3.2912123E-004,-3.2893153E-004,-3.2607084E-004,-3.2490488E-004,-3.2473227E-004,-3.2370204E-004,-3.2071100E-004,-3.1684628E-004,-3.1516828E-004,-2.9457776E-004,-3.1931114E-004,-3.1854846E-004,-3.2069240E-004,-3.2462205E-004,-3.2740187E-004,-3.2989732E-004,-3.3123364E-004,-3.2923345E-004,-3.2861910E-004,-3.2943515E-004,-3.9439591E-004,-4.1258320E-004,-4.1414166E-004,-4.1623557E-004,-4.1924253E-004
-8.1870566E+000, 0.0000000E+000, 0.0000000E+000, 0.0000000E+000, 0.0000000E+000, 0.0000000E+000,-3.0885203E-004,-3.2330177E-004,-3.3245464E-004,-3.4043515E-004,-3.1637257E-004,-3.1897227E-004,-3.2398452E-004,-3.2607998E-004,-2.9361131E-004,-2.9120964E-004,-2.8896475E-004,-2.9081391E-004,-3.2905339E-004,-3.2689774E-004,-3.2759894E-004,-3.2912123E-004,-3.2893153E-004,-3.2607084E-004,-3.2490488E-004,-3.2473227E-004,-3.2370204E-004,-3.2071100E-004,-3.1684628E-004,-3.1516828E-004,-2.9457776E-004,-3.1931114E-004,-3.1854846E-004,-3.2069240E-004,-3.2462205E-004,-3.2740187E-004,-3.2989732E-004,-3.3123364E-004,-3.2923345E-004,-3.2861910E-004,-3.2943515E-004,-3.9439591E-004,-4.1258320E-004,-4.1414166E-004,-4.1623557E-004,-4.1924253E-004
-8.0916385E+000, 0.0000000E+000, 0.0000000E+000, 0.0000000E+000, 0.0000000E+000, 0.0000000E+000,-3.0885203E-004,-3.2330177E-004,-3.3245464E-004,-3.4043515E-004,-3.1637257E-004,-3.1897227E-004,-3.2398452E-004,-3.2607998E-004,-2.9361131E-004,-2.9120964E-004,-2.8896475E-004,-2.9081391E-004,-3.2905339E-004,-3.2689774E-004,-3.2759894E-004,-3.2912123E-004,-3.2893153E-004,-3.2607084E-004,-3.2490488E-004,-3.2473227E-004,-3.2370204E-004,-3.2071100E-004,-3.1684628E-004,-3.1516828E-004,-2.9457776E-004,-3.1931114E-004,-3.1854846E-004,-3.2069240E-004,-3.2462205E-004,-3.2740187E-004,-3.2989732E-004,-3.3123364E-004,-3.2923345E-004,-3.2861910E-004,-3.2943515E-004,-3.9439591E-004,-4.1258320E-004,-4.1414166E-004,-4.1623557E-004,-4.1924253E-004
-7.9962204E+000, 0.0000000E+000, 0.0000000E+000, 0.0000000E+000, 0.0000000E+000, 0.0000000E+000,-3.2675391E-004,-3.4020601E-004,-3.4873099E-004,-3.5649830E-004,-3.3513868E-004,-3.3787502E-004,-3.4270350E-004,-3.4422737E-004,-3.1528943E-004,-3.1347797E-004,-3.1197939E-004,-3.1357659E-004,-3.5672091E-004,-3.5391626E-004,-3.5364416E-004,-3.5424028E-004,-3.5384127E-004,-3.5146660E-004,-3.5113420E-004,-3.5172786E-004,-3.5136330E-004,-3.4925343E-004,-3.4703229E-004,-3.4740250E-004,-3.2876340E-004,-3.4893835E-004,-3.4757774E-004,-3.4856103E-004,-3.5105935E-004,-3.5313053E-004,-3.5479964E-004,-3.5629469E-004,-3.5450952E-004,-3.5388086E-004,-3.5438604E-004,-4.2067583E-004,-4.3898819E-004,-4.3984306E-004,-4.4138228E-004,-4.4506575E-004
-7.8053843E+000, 0.0000000E+000, 0.0000000E+000, 0.0000000E+000, 0.0000000E+000, 0.0000000E+000,-3.2675391E-004,-3.4020601E-004,-3.4873099E-004,-3.5649830E-004,-3.3513868E-004,-3.3787502E-004,-3.4270350E-004,-3.4422737E-004,-3.1528943E-004,-3.1347797E-004,-3.1197939E-004,-3.1357659E-004,-3.5672091E-004,-3.5391626E-004,-3.5364416E-004,-3.5424028E-004,-3.5384127E-004,-3.5146660E-004,-3.5113420E-004,-3.5172786E-004,-3.5136330E-004,-3.4925343E-004,-3.4703229E-004,-3.4740250E-004,-3.2876340E-004,-3.4893835E-004,-3.4757774E-004,-3.4856103E-004,-3.5105935E-004,-3.5313053E-004,-3.5479964E-004,-3.5629469E-004,-3.5450952E-004,-3.5388086E-004,-3.5438604E-004,-4.2067583E-004,-4.3898819E-004,-4.3984306E-004,-4.4138228E-004,-4.4506575E-004
-7.7099662E+000, 0.0000000E+000, 0.0000000E+000, 0.0000000E+000, 0.0000000E+000, 0.0000000E+000,-3.4612877E-004,-3.5946786E-004,-3.6835668E-004,-3.7602859E-004,-3.5733833E-004,-3.5994484E-004,-3.6393312E-004,-3.6454752E-004,-3.3877925E-004,-3.3651522E-004,-3.3468037E-004,-3.3563105E-004,-3.8151902E-004,-3.7935521E-004,-3.7964656E-004,-3.8138044E-004,-3.8256144E-004,-3.8210204E-004,-3.8303099E-004,-3.8439762E-004,-3.8440720E-004,-3.8259221E-004,-3.8046939E-004,-3.8028497E-004,-3.6084755E-004,-3.7340660E-004,-3.7275479E-004,-3.7442538E-004,-3.7833234E-004,-3.8286457E-004,-3.8155100E-004,-3.8186703E-004,-3.8054641E-004,-3.8082199E-004,-3.8151180E-004,-4.4947984E-004,-4.6748903E-004,-4.6659839E-004,-4.6808959E-004,-4.7071158E-004
-7.6145481E+000, 0.0000000E+000, 0.0000000E+000, 0.0000000E+000, 0.0000000E+000, 0.0000000E+000,-3.4612877E-004,-3.5946786E-004,-3.6835668E-004,-3.7602859E-004,-3.5733833E-004,-3.5994484E-004,-3.6393312E-004,-3.6454752E-004,-3.3877925E-004,-3.3651522E-004,-3.3468037E-004,-3.3563105E-004,-3.8151902E-004,-3.7935521E-004,-3.7964656E-004,-3.8138044E-004,-3.8256144E-004,-3.8210204E-004,-3.8303099E-004,-3.8439762E-004,-3.8440720E-004,-3.8259221E-004,-3.8046939E-004,-3.8028497E-004,-3.6084755E-004,-3.7340660E-004,-3.7275479E-004,-3.7442538E-004,-3.7833234E-004,-3.8286457E-004,-3.8155100E-004,-3.8186703E-004,-3.8054641E-004,-3.8082199E-004,-3.8151180E-004,-4.4947984E-004,-4.6748903E-004,-4.6659839E-004,-4.6808959E-004,-4.7071158E-004
-7.5191300E+000, 0.0000000E+000, 0.0000000E+000, 0.0000000E+000, 0.0000000E+000, 0.0000000E+000,-3.4612877E-004,-3.5946786E-004,-3.6835668E-004,-3.7602859E-004,-3.5733833E-004,-3.5994484E-004,-3.6393312E-004,-3.6454752E-004,-3.3877925E-004,-3.3651522E-004,-3.3468037E-004,-3.3563105E-004,-3.8151902E-004,-3.7935521E-004,-3.7964656E-004,-3.8138044E-004,-3.8256144E-004,-3.8210204E-004,-3.8303099E-004,-3.8439762E-004,-3.8440720E-004,-3.8259221E-004,-3.8046939E-004,-3.8028497E-004,-3.6084755E-004,-3.7340660E-004,-3.7275479E-004,-3.7442538E-004,-3.7833234E-004,-3.8286457E-004,-3.8155100E-004,-3.8186703E-004,-3.8054641E-004,-3.8082199E-004,-3.8151180E-004,-4.4947984E-004,-4.6748903E-004,-4.6659839E-004,-4.6808959E-004,-4.7071158E-004
-7.4237120E+000, 0.0000000E+000, 0.0000000E+000, 0.0000000E+000, 0.0000000E+000, 0.0000000E+000,-3.7518819E-004,-3.8920407E-004,-3.9884671E-004,-4.0629667E-004,-3.8801470E-004,-3.9009169E-004,-3.9275202E-004,-3.9246486E-004,-3.6731558E-004,-3.6523264E-004,-3.6328756E-004,-3.6358247E-004,-4.1247202E-004,-4.1192647E-004,-4.1344018E-004,-4.1587166E-004,-4.1719252E-004,-4.1644570E-004,-4.1639182E-004,-4.1633084E-004,-4.1475824E-004,-4.1178396E-004,-4.0927560E-004,-4.0881141E-004,-3.8827881E-004,-4.0347939E-004,-4.0476413E-004,-4.0822500E-004,-4.1391823E-004,-4.2071351E-004,-4.1531649E-004,-4.1363201E-004,-4.1140777E-004,-4.1109885E-004,-4.1092764E-004,-4.7769567E-004,-4.9896120E-004,-5.0248366E-004,-4.9875546E-004,-5.0075057E-004
-7.3282939E+000, 0.0000000E+000, 0.0000000E+000, 0.0000000E+000, 0.0000000E+000, 0.0000000E+000,-3.7518819E-004,-3.8920407E-004,-3.9884671E-004,-4.0629667E-004,-3.8801470E-004,-3.9009169E-004,-3.9275202E-004,-3.9246486E-004,-3.6731558E-004,-3.6523264E-004,-3.6328756E-004,-3.6358247E-004,-4.1247202E-004,-4.1192647E-004,-4.1344018E-004,-4.1587166E-004,-4.1719252E-004,-4.1644570E-004,-4.1639182E-004,-4.1633084E-004,-4.1475824E-004,-4.1178396E-004,-4.0927560E-004,-4.0881141E-004,-3.8827881E-004,-4.0347939E-004,-4.0476413E-004,-4.0822500E-004,-4.1391823E-004,-4.2071351E-004,-4.1531649E-004,-4.1363201E-004,-4.1140777E-004,-4.1109885E-004,-4.1092764E-004,-4.7769567E-004,-4.9896120E-004,-5.0248366E-004,-4.9875546E-004,-5.0075057E-004
-7.2328758E+000, 0.0000000E+000, 0.0000000E+000, 0.0000000E+000, 0.0000000E+000, 0.0000000E+000,-3.7518819E-004,-3.8920407E-004,-3.9884671E-004,-4.0629667E-004,-3.8801470E-004,-3.9009169E-004,-3.9275202E-004,-3.9246486E-004,-3.6731558E-004,-3.6523264E-004,-3.6328756E-004,-3.6358247E-004,-4.1247202E-004,-4.1192647E-004,-4.1344018E-004,-4.1587166E-004,-4.1719252E-004,-4.1644570E-004,-4.1639182E-004,-4.1633084E-004,-4.1475824E-004,-4.1178396E-004,-4.0927560E-004,-4.0881141E-004,-3.8827881E-004,-4.0347939E-004,-4.0476413E-004,-4.0822500E-004,-4.1391823E-004,-4.2071351E-004,-4.1531649E-004,-4.1363201E-004,-4.1140777E-004,-4.1109885E-004,-4.1092764E-004,-4.7769567E-004,-4.9896120E-004,-5.0248366E-004,-4.9875546E-004,-5.0075057E-004
-7.1374577E+000, 0.0000000E+000, 0.0000000E+000, 0.0000000E+000, 0.0000000E+000, 0.0000000E+000,-3.9898061E-004,-4.1349108E-004,-4.2382351E-004,-4.3209427E-004,-4.1399285E-004,-4.1605071E-004,-4.1844547E-004,-4.1788980E-004,-3.9231345E-004,-3.9002788E-004,-3.8764177E-004,-3.8787258E-004,-4.3957078E-004,-4.3804859E-004,-4.3840475E-004,-4.4055023E-004,-4.4218900E-004,-4.4133269E-004,-4.4086325E-004,-4.4004222E-004,-4.3763457E-004,-4.3402087E-004,-4.3120213E-004,-4.3069671E-004,-4.0999278E-004,-4.3118392E-004,-4.3201322E-004,-4.3493751E-004,-4.4083092E-004,-4.4772557E-004,-4.4019515E-004,-4.3875326E-004,-4.3658449E-004,-4.3624012E-004,-4.3593411E-004,-5.0123044E-004,-5.2233286E-004,-5.2472474E-004,-5.2364911E-004,-5.2489876E-004
-7.0420397E+000, 0.0000000E+000, 0.0000000E+000, 0.0000000E+000, 0.0000000E+000, 0.0000000E+000,-3.9898061E-004,-4.1349108E-004,-4.2382351E-004,-4.3209427E-004,-4.1399285E-004,-4.1605071E-004,-4.1844547E-004,-4.1788980E-004,-3.9231345E-004,-3.9002788E-004,-3.8764177E-004,-3.8787258E-004,-4.3957078E-004,-4.3804859E-004,-4.3840475E-004,-4.4055023E-004,-4.4218900E-004,-4.4133269E-004,-4.4086325E-004,-4.4004222E-004,-4.3763457E-004,-4.3402087E-004,-4.3120213E-004,-4.3069671E-004,-4.0999278E-004,-4.3118392E-004,-4.3201322E-004,-4.3493751E-004,-4.4083092E-004,-4.4772557E-004,-4.4019515E-004,-4.3875326E-004,-4.3658449E-004,-4.3624012E-004,-4.3593411E-004,-5.0123044E-004,-5.2233286E-004,-5.2472474E-004,-5.2364911E-004,-5.2489876E-004
-6.9466216E+000, 0.0000000E+000, 0.0000000E+000, 0.0000000E+000, 0.0000000E+000, 0.0000000E+000,-3.9898061E-004,-4.1349108E-004,-4.2382351E-004,-4.3209427E-004,-4.1399285E-004,-4.1605071E-004,-4.1844547E-004,-4.1788980E-004,-3.9231345E-004,-3.9002788E-004,-3.8764177E-004,-3.8787258E-004,-4.3957078E-004,-4.3804859E-004,-4.3840475E-004,-4.4055023E-004,-4.4218900E-004,-4.4133269E-004,-4.4086325E-004,-4.4004222E-004,-4.3763457E-004,-4.3402087E-004,-4.3120213E-004,-4.3069671E-004,-4.0999278E-004,-4.3118392E-004,-4.3201322E-004,-4.3493751E-004,-4.4083092E-004,-4.4772557E-004,-4.4019515E-004,-4.3875326E-004,-4.3658449E-004,-4.3624012E-004,-4.3593411E-004,-5.0123044E-004,-5.2233286E-004,-5.2472474E-004,-5.2364911E-004,-5.2489876E-004
-6.8512035E+000, 0.0000000E+000, 0.0000000E+000, 0.0000000E+000, 0.0000000E+000, 0.0000000E+000,-4.1478610E-004,-4.3008976E-004,-4.4229162E-004,-4.5234520E-004,-4.3701222E-004,-4.3924685E-004,-4.4101168E-004,-4.3983799E-004,-4.1546172E-004,-4.1362385E-004,-4.1120203E-004,-4.1120590E-004,-4.6176625E-004,-4.6054651E-004,-4.6133705E-004,-4.6439785E-004,-4.6715626E-004,-4.6699983E-004,-4.6685676E-004,-4.6587836E-004,-4.6318789E-004,-4.5988157E-004,-4.5794001E-004,-4.5793170E-004,-4.3690734E-004,-4.5334981E-004,-4.5508490E-004,-4.5888273E-004,-4.6568560E-004,-4.7383000E-004,-4.6431714E-004,-4.6254055E-004,-4.6033347E-004,-4.6025971E-004,-4.6013942E-004,-5.2454328E-004,-5.4628683E-004,-5.4904699E-004,-5.4844077E-004,-5.4963987E-004
-6.7557854E+000, 0.0000000E+000, 0.0000000E+000, 0.0000000E+000, 0.0000000E+000, 0.0000000E+000,-4.1478610E-004,-4.3008976E-004,-4.4229162E-004,-4.5234520E-004,-4.3701222E-004,-4.3924685E-004,-4.4101168E-004,-4.3983799E-004,-4.1546172E-004,-4.1362385E-004,-4.1120203E-004,-4.1120590E-004,-4.6176625E-004,-4.6054651E-004,-4.6133705E-004,-4.6439785E-004,-4.6715626E-004,-4.6699983E-004,-4.6685676E-004,-4.6587836E-004,-4.6318789E-004,-4.5988157E-004,-4.5794001E-004,-4.5793170E-004,-4.3690734E-004,-4.5334981E-004,-4.5508490E-004,-4.5888273E-004,-4.6568560E-004,-4.7383000E-004,-4.6431714E-004,-4.6254055E-004,-4.6033347E-004,-4.6025971E-004,-4.6013942E-004,-5.2454328E-004,-5.4628683E-004,-5.4904699E-004,-5.4844077E-004,-5.4963987E-004
-6.6603674E+000, 0.0000000E+000, 0.0000000E+000, 0.0000000E+000, 0.0000000E+000, 0.0000000E+000,-4.1478610E-004,-4.3008976E-004,-4.4229162E-004,-4.5234520E-004,-4.3701222E-004,-4.3924685E-004,-4.4101168E-004,-4.3983799E-004,-4.1546172E-004,-4.1362385E-004,-4.1120203E-004,-4.1120590E-004,-4.6176625E-004,-4.6054651E-004,-4.6133705E-004,-4.6439785E-004,-4.6715626E-004,-4.6699983E-004,-4.6685676E-004,-4.6587836E-004,-4.6318789E-004,-4.5988157E-004,-4.5794001E-004,-4.5793170E-004,-4.3690734E-004,-4.5334981E-004,-4.5508490E-004,-4.5888273E-004,-4.6568560E-004,-4.7383000E-004,-4.6431714E-004,-4.6254055E-004,-4.6033347E-004,-4.6025971E-004,-4.6013942E-004,-5.2454328E-004,-5.4628683E-004,-5.4904699E-004,-5.4844077E-004,-5.4963987E-004
-6.5649493E+000, 0.0000000E+000, 0.0000000E+000, 0.0000000E+000, 0.0000000E+000, 0.0000000E+000,-4.3516931E-004,-4.5061040E-004,-4.6383212E-004,-4.7527780E-004,-4.6279738E-004,-4.6569647E-004,-4.6777404E-004,-4.6597342E-004,-4.4133409E-004,-4.3936387E-004,-4.3720388E-004,-4.3705032E-004,-4.8578883E-004,-4.8478531E-004,-4.8624469E-004,-4.9030093E-004,-4.9425969E-004,-4.9546225E-004,-4.9626708E-004,-4.9555010E-004,-4.9211974E-004,-4.8749147E-004,-4.8477008E-004,-4.8479023E-004,-4.6295952E-004,-4.8165003E-004,-4.8357359E-004,-4.8776363E-004,-4.9509066E-004,-5.0399516E-004,-4.9006459E-004,-4.8778079E-004,-4.8544080E-004,-4.8505697E-004,-4.8444380E-004,-5.4337882E-004,-5.6513771E-004,-5.6807101E-004,-5.6789452E-004,-5.6897604E-004
-6.4695312E+000, 0.0000000E+000, 0.0000000E+000, 0.0000000E+000, 0.0000000E+000, 0.0000000E+000,-4.3516931E-004,-4.5061040E-004,-4.6383212E-004,-4.7527780E-004,-4.6279738E-004,-4.6569647E-004,-4.6777404E-004,-4.6597342E-004,-4.4133409E-004,-4.3936387E-004,-4.3720388E-004,-4.3705032E-004,-4.8578883E-004,-4.8478531E-004,-4.8624469E-004,-4.9030093E-004,-4.9425969E-004,-4.9546225E-004,-4.9626708E-004,-4.9555010E-004,-4.9211974E-004,-4.8749147E-004,-4.8477008E-004,-4.8479023E-004,-4.6295952E-004,-4.8165003E-004,-4.8357359E-004,-4.8776363E-004,-4.9509066E-004,-5.0399516E-004,-4.9006459E-004,-4.8778079E-004,-4.8544080E-004,-4.8505697E-004,-4.8444380E-004,-5.4337882E-004,-5.6513771E-004,-5.6807101E-004,-5.6789452E-004,-5.6897604E-004
-6.3741131E+000, 0.0000000E+000, 0.0000000E+000, 0.0000000E+000, 0.0000000E+000, 0.0000000E+000,-4.3516931E-004,-4.5061040E-004,-4.6383212E-004,-4.7527780E-004,-4.6279738E-004,-4.6569647E-004,-4.6777404E-004,-4.6597342E-004,-4.4133409E-004,-4.3936387E-004,-4.3720388E-004,-4.3705032E-004,-4.8578883E-004,-4.8478531E-004,-4.8624469E-004,-4.9030093E-004,-4.9425969E-004,-4.9546225E-004,-4.9626708E-004,-4.9555010E-004,-4.9211974E-004,-4.8749147E-004,-4.8477008E-004,-4.8479023E-004,-4.6295952E-004,-4.8165003E-004,-4.8357359E-004,-4.8776363E-004,-4.9509066E-004,-5.0399516E-004,-4.9006459E-004,-4.8778079E-004,-4.8544080E-004,-4.8505697E-004,-4.8444380E-004,-5.4337882E-004,-5.6513771E-004,-5.6807101E-004,-5.6789452E-004,-5.6897604E-004
-6.2786951E+000, 0.0000000E+000, 0.0000000E+000, 0.0000000E+000, 0.0000000E+000, 0.0000000E+000,-4.5716561E-004,-4.7240423E-004,-4.8580807E-004,-4.9770330E-004,-4.8592664E-004,-4.8869634E-004,-4.9016664E-004,-4.8796786E-004,-4.6305319E-004,-4.6084711E-004,-4.5854729E-004,-4.5841131E-004,-5.0938705E-004,-5.0808041E-004,-5.0896766E-004,-5.1252096E-004,-5.1650101E-004,-5.1818095E-004,-5.1919509E-004,-5.1861266E-004,-5.1554053E-004,-5.1162094E-004,-5.0975800E-004,-5.1055013E-004,-4.8791518E-004,-5.0836898E-004,-5.0922414E-004,-5.1202296E-004,-5.1781689E-004,-5.2591880E-004,-5.1198031E-004,-5.1082499E-004,-5.1006133E-004,-5.1082516E-004,-5.1072621E-004,-5.6604075E-004,-5.8768413E-004,-5.8981712E-004,-5.8947843E-004,-5.9052308E-004
-6.1832770E+000, 0.0000000E+000, 0.0000000E+000, 0.0000000E+000, 0.0000000E+000, 0.0000000E+000,-4.5716561E-004,-4.7240423E-004,-4.8580807E-004,-4.9770330E-004,-4.8592664E-004,-4.8869634E-004,-4.9016664E-004,-4.8796786E-004,-4.6305319E-004,-4.6084711E-004,-4.5854729E-004,-4.5841131E-004,-5.0938705E-004,-5.0808041E-004,-5.0896766E-004,-5.1252096E-004,-5.1650101E-004,-5.1818095E-004,-5.1919509E-004,-5.1861266E-004,-5.1554053E-004,-5.1162094E-004,-5.0975800E-004,-5.1055013E-004,-4.8791518E-004,-5.0836898E-004,-5.0922414E-004,-5.1202296E-004,-5.1781689E-004,-5.2591880E-004,-5.1198031E-004,-5.1082499E-004,-5.1006133E-004,-5.1082516E-004,-5.1072621E-004,-5.6604075E-004,-5.8768413E-004,-5.8981712E-004,-5.8947843E-004,-5.9052308E-004
-6.0878589E+000, 0.0000000E+000, 0.0000000E+000, 0.0000000E+000, 0.0000000E+000, 0.0000000E+000,-4.5716561E-004,-4.7240423E-004,-4.8580807E-004,-4.9770330E-004,-4.8592664E-004,-4.8869634E-004,-4.9016664E-004,-4.8796786E-004,-4.6305319E-004,-4.6084711E-004,-4.5854729E-004,-4.5841131E-004,-5.0938705E-004,-5.0808041E-004,-5.0896766E-004,-5.1252096E-004,-5.1650101E-004,-5.1818095E-004,-5.1919509E-004,-5.1861266E-004,-5.1554053E-004,-5.1162094E-004,-5.0975800E-004,-5.1055013E-004,-4.8791518E-004,-5.0836898E-004,-5.0922414E-004,-5.1202296E-004,-5.1781689E-004,-5.2591880E-004,-5.1198031E-004,-5.1082499E-004,-5.1006133E-004,-5.1082516E-004,-5.1072621E-004,-5.6604075E-004,-5.8768413E-004,-5.8981712E-004,-5.8947843E-004,-5.9052308E-004
-5.9924408E+000, 0.0000000E+000, 0.0000000E+000, 0.0000000E+000, 0.0000000E+000, 0.0000000E+000,-4.8144035E-004,-4.9650453E-004,-5.0993495E-004,-5.2136935E-004,-5.0834417E-004,-5.1051711E-004,-5.1095218E-004,-5.0878964E-004,-4.8467813E-004,-4.8387803E-004,-4.8325846E-004,-4.8465489E-004,-5.3361258E-004,-5.3257255E-004,-5.3362835E-004,-5.3730385E-004,-5.4131711E-004,-5.4304518E-004,-5.4367456E-004,-5.4258214E-004,-5.3927949E-004,-5.3576497E-004,-5.3465718E-004,-5.3599325E-004,-5.1306383E-004,-5.3281653E-004,-5.3399803E-004,-5.3711567E-004,-5.4333959E-004,-5.5205159E-004,-5.3637038E-004,-5.3540195E-004,-5.3549467E-004,-5.3690867E-004,-5.3705231E-004,-5.9148861E-004,-6.1354747E-004,-6.1583935E-004,-6.1365967E-004,-6.1460672E-004
-5.8970228E+000, 0.0000000E+000, 0.0000000E+000, 0.0000000E+000, 0.0000000E+000, 0.0000000E+000,-4.8144035E-004,-4.9650453E-004,-5.0993495E-004,-5.2136935E-004,-5.0834417E-004,-5.1051711E-004,-5.1095218E-004,-5.0878964E-004,-4.8467813E-004,-4.8387803E-004,-4.8325846E-004,-4.8465489E-004,-5.3361258E-004,-5.3257255E-004,-5.3362835E-004,-5.3730385E-004,-5.4131711E-004,-5.4304518E-004,-5.4367456E-004,-5.4258214E-004,-5.3927949E-004,-5.3576497E-004,-5.3465718E-004,-5.3599325E-004,-5.1306383E-004,-5.3281653E-004,-5.3399803E-004,-5.3711567E-004,-5.4333959E-004,-5.5205159E-004,-5.3637038E-004,-5.3540195E-004,-5.3549467E-004,-5.3690867E-004,-5.3705231E-004,-5.9148861E-004,-6.1354747E-004,-6.1583935E-004,-6.1365967E-004,-6.1460672E-004
-5.7061866E+000, 0.0000000E+000, 0.0000000E+000, 0.0000000E+000, 0.0000000E+000, 0.0000000E+000,-4.9195526E-004,-5.0708011E-004,-5.2088204E-004,-5.3272814E-004,-5.1975718E-004,-5.2197400E-004,-5.2251489E-004,-5.2060109E-004,-4.9673394E-004,-4.9643451E-004,-4.9622479E-004,-4.9787428E-004,-5.4497523E-004,-5.4377807E-004,-5.4446496E-004,-5.4773558E-004,-5.5164291E-004,-5.5355423E-004,-5.5425792E-004,-5.5319370E-004,-5.4993328E-004,-5.4654842E-004,-5.4570366E-004,-5.4738830E-004,-5.2445062E-004,-5.4277650E-004,-5.4404181E-004,-5.4703622E-004,-5.5286072E-004,-5.6132672E-004,-5.4645361E-004,-5.4501439E-004,-5.4485063E-004,-5.4613548E-004,-5.4622257E-004,-6.0230896E-004,-6.2456333E-004,-6.2673291E-004,-6.2427375E-004,-6.2539298E-004
-5.6107685E+000, 0.0000000E+000, 0.0000000E+000, 0.0000000E+000, 0.0000000E+000, 0.0000000E+000,-5.0247017E-004,-5.1765568E-004,-5.3182914E-004,-5.4408693E-004,-5.3117020E-004,-5.3343090E-004,-5.3407760E-004,-5.3241255E-004,-5.0878975E-004,-5.0899098E-004,-5.0919112E-004,-5.1109367E-004,-5.5633789E-004,-5.5498358E-004,-5.5530157E-004,-5.5816731E-004,-5.6196871E-004,-5.6406327E-004,-5.6484128E-004,-5.6380526E-004,-5.6058706E-004,-5.5733187E-004,-5.5675015E-004,-5.5878335E-004,-5.3583741E-004,-5.5273648E-004,-5.5408558E-004,-5.5695678E-004,-5.6238186E-004,-5.7060184E-004,-5.5653684E-004,-5.5462683E-004,-5.5420659E-004,-5.5536229E-004,-5.5539283E-004,-6.1312930E-004,-6.3557919E-004,-6.3762648E-004,-6.3488782E-004,-6.3617925E-004
-5.5153505E+000, 0.0000000E+000, 0.0000000E+000, 0.0000000E+000, 0.0000000E+000, 0.0000000E+000,-5.0247017E-004,-5.1765568E-004,-5.3182914E-004,-5.4408693E-004,-5.3117020E-004,-5.3343090E-004,-5.3407760E-004,-5.3241255E-004,-5.0878975E-004,-5.0899098E-004,-5.0919112E-004,-5.1109367E-004,-5.5633789E-004,-5.5498358E-004,-5.5530157E-004,-5.5816731E-004,-5.6196871E-004,-5.6406327E-004,-5.6484128E-004,-5.6380526E-004,-5.6058706E-004,-5.5733187E-004,-5.5675015E-004,-5.5878335E-004,-5.3583741E-004,-5.5273648E-004,-5.5408558E-004,-5.5695678E-004,-5.6238186E-004,-5.7060184E-004,-5.5653684E-004,-5.5462683E-004,-5.5420659E-004,-5.5536229E-004,-5.5539283E-004,-6.1312930E-004,-6.3557919E-004,-6.3762648E-004,-6.3488782E-004,-6.3617925E-004
-5.4199324E+000, 0.0000000E+000, 0.0000000E+000, 0.0000000E+000, 0.0000000E+000, 0.0000000E+000,-5.1827118E-004,-5.3358447E-004,-5.4839676E-004,-5.6134148E-004,-5.4871135E-004,-5.5099588E-004,-5.5165187E-004,-5.5036998E-004,-5.2716538E-004,-5.2789306E-004,-5.2856445E-004,-5.3068188E-004,-5.7865552E-004,-5.7715275E-004,-5.7663344E-004,-5.7798551E-004,-5.8027971E-004,-5.8127922E-004,-5.8116894E-004,-5.7967467E-004,-5.7660868E-004,-5.7400197E-004,-5.7409962E-004,-5.7659518E-004,-5.5367918E-004,-5.7291531E-004,-5.7424986E-004,-5.7649777E-004,-5.8032910E-004,-5.8683856E-004,-5.7550579E-004,-5.7314333E-004,-5.7251298E-004,-5.7332014E-004,-5.7308289E-004,-6.3297715E-004,-6.5683843E-004,-6.5989031E-004,-6.5779316E-004,-6.6011518E-004
-5.3245143E+000, 0.0000000E+000, 0.0000000E+000, 0.0000000E+000, 0.0000000E+000, 0.0000000E+000,-5.1827118E-004,-5.3358447E-004,-5.4839676E-004,-5.6134148E-004,-5.4871135E-004,-5.5099588E-004,-5.5165187E-004,-5.5036998E-004,-5.2716538E-004,-5.2789306E-004,-5.2856445E-004,-5.3068188E-004,-5.7865552E-004,-5.7715275E-004,-5.7663344E-004,-5.7798551E-004,-5.8027971E-004,-5.8127922E-004,-5.8116894E-004,-5.7967467E-004,-5.7660868E-004,-5.7400197E-004,-5.7409962E-004,-5.7659518E-004,-5.5367918E-004,-5.7291531E-004,-5.7424986E-004,-5.7649777E-004,-5.8032910E-004,-5.8683856E-004,-5.7550579E-004,-5.7314333E-004,-5.7251298E-004,-5.7332014E-004,-5.7308289E-004,-6.3297715E-004,-6.5683843E-004,-6.5989031E-004,-6.5779316E-004,-6.6011518E-004
-5.2290962E+000, 0.0000000E+000, 0.0000000E+000, 0.0000000E+000, 0.0000000E+000, 0.0000000E+000,-5.1827118E-004,-5.3358447E-004,-5.4839676E-004,-5.6134148E-004,-5.4871135E-004,-5.5099588E-004,-5.5165187E-004,-5.5036998E-004,-5.2716538E-004,-5.2789306E-004,-5.2856445E-004,-5.3068188E-004,-5.7865552E-004,-5.7715275E-004,-5.7663344E-004,-5.7798551E-004,-5.8027971E-004,-5.8127922E-004,-5.8116894E-004,-5.7967467E-004,-5.7660868E-004,-5.7400197E-004,-5.7409962E-004,-5.7659518E-004,-5.5367918E-004,-5.7291531E-004,-5.7424986E-004,-5.7649777E-004,-5.8032910E-004,-5.8683856E-004,-5.7550579E-004,-5.7314333E-004,-5.7251298E-004,-5.7332014E-004,-5.7308289E-004,-6.3297715E-004,-6.5683843E-004,-6.5989031E-004,-6.5779316E-004,-6.6011518E-004
-5.1336782E+000, 0.0000000E+000, 0.0000000E+000, 0.0000000E+000, 0.0000000E+000, 0.0000000E+000,-5.3661614E-004,-5.5282926E-004,-5.6877679E-004,-5.8267261E-004,-5.7056199E-004,-5.7313266E-004,-5.7383827E-004,-5.7268846E-004,-5.4951877E-004,-5.5068137E-004,-5.5074165E-004,-5.5236683E-004,-5.9740045E-004,-5.9670764E-004,-5.9697891E-004,-5.9887487E-004,-6.0140880E-004,-6.0259568E-004,-6.0236492E-004,-6.0069823E-004,-5.9768345E-004,-5.9575286E-004,-5.9671326E-004,-5.9942228E-004,-5.7484221E-004,-5.9061223E-004,-5.9280670E-004,-5.9610084E-004,-6.0083895E-004,-6.0798319E-004,-5.9609694E-004,-5.9357530E-004,-5.9292905E-004,-5.9348156E-004,-5.9284942E-004,-6.5253795E-004,-6.7632356E-004,-6.7904270E-004,-6.7627532E-004,-6.7814904E-004
-5.0382601E+000, 0.0000000E+000, 0.0000000E+000, 0.0000000E+000, 0.0000000E+000, 0.0000000E+000,-5.3661614E-004,-5.5282926E-004,-5.6877679E-004,-5.8267261E-004,-5.7056199E-004,-5.7313266E-004,-5.7383827E-004,-5.7268846E-004,-5.4951877E-004,-5.5068137E-004,-5.5074165E-004,-5.5236683E-004,-5.9740045E-004,-5.9670764E-004,-5.9697891E-004,-5.9887487E-004,-6.0140880E-004,-6.0259568E-004,-6.0236492E-004,-6.0069823E-004,-5.9768345E-004,-5.9575286E-004,-5.9671326E-004,-5.9942228E-004,-5.7484221E-004,-5.9061223E-004,-5.9280670E-004,-5.9610084E-004,-6.0083895E-004,-6.0798319E-004,-5.9609694E-004,-5.9357530E-004,-5.9292905E-004,-5.9348156E-004,-5.9284942E-004,-6.5253795E-004,-6.7632356E-004,-6.7904270E-004,-6.7627532E-004,-6.7814904E-004
-4.9428420E+000, 0.0000000E+000, 0.0000000E+000, 0.0000000E+000, 0.0000000E+000, 0.0000000E+000,-5.3661614E-004,-5.5282926E-004,-5.6877679E-004,-5.8267261E-004,-5.7056199E-004,-5.7313266E-004,-5.7383827E-004,-5.7268846E-004,-5.4951877E-004,-5.5068137E-004,-5.5074165E-004,-5.5236683E-004,-5.9740045E-004,-5.9670764E-004,-5.9697891E-004,-5.9887487E-004,-6.0140880E-004,-6.0259568E-004,-6.0236492E-004,-6.0069823E-004,-5.9768345E-004,-5.9575286E-004,-5.9671326E-004,-5.9942228E-004,-5.7484221E-004,-5.9061223E-004,-5.9280670E-004,-5.9610084E-004,-6.0083895E-004,-6.0798319E-004,-5.9609694E-004,-5.9357530E-004,-5.9292905E-004,-5.9348156E-004,-5.9284942E-004,-6.5253795E-004,-6.7632356E-004,-6.7904270E-004,-6.7627532E-004,-6.7814904E-004
-4.8474239E+000, 0.0000000E+000, 0.0000000E+000, 0.0000000E+000, 0.0000000E+000, 0.0000000E+000,-5.6049732E-004,-5.7699213E-004,-5.9300815E-004,-6.0737645E-004,-5.9501837E-004,-5.9731397E-004,-5.9737154E-004,-5.9601987E-004,-5.7283917E-004,-5.7405742E-004,-5.7407505E-004,-5.7551814E-004,-6.1632583E-004,-6.1574844E-004,-6.1629901E-004,-6.1859122E-004,-6.2161560E-004,-6.2276766E-004,-6.2285893E-004,-6.2164247E-004,-6.1934477E-004,-6.1829837E-004,-6.2016887E-004,-6.2361846E-004,-5.9897824E-004,-6.1163456E-004,-6.1423091E-004,-6.1795837E-004,-6.2301239E-004,-6.3049935E-004,-6.1675704E-004,-6.1578937E-004,-6.1552367E-004,-6.1592751E-004,-6.1514260E-004,-6.6466840E-004,-6.8879521E-004,-6.9161388E-004,-6.8890028E-004,-6.9129191E-004
-4.7520059E+000, 0.0000000E+000, 0.0000000E+000, 0.0000000E+000, 0.0000000E+000, 0.0000000E+000,-5.6049732E-004,-5.7699213E-004,-5.9300815E-004,-6.0737645E-004,-5.9501837E-004,-5.9731397E-004,-5.9737154E-004,-5.9601987E-004,-5.7283917E-004,-5.7405742E-004,-5.7407505E-004,-5.7551814E-004,-6.1632583E-004,-6.1574844E-004,-6.1629901E-004,-6.1859122E-004,-6.2161560E-004,-6.2276766E-004,-6.2285893E-004,-6.2164247E-004,-6.1934477E-004,-6.1829837E-004,-6.2016887E-004,-6.2361846E-004,-5.9897824E-004,-6.1163456E-004,-6.1423091E-004,-6.1795837E-004,-6.2301239E-004,-6.3049935E-004,-6.1675704E-004,-6.1578937E-004,-6.1552367E-004,-6.1592751E-004,-6.1514260E-004,-6.6466840E-004,-6.8879521E-004,-6.9161388E-004,-6.8890028E-004,-6.9129191E-004
-4.6565878E+000, 0.0000000E+000, 0.0000000E+000, 0.0000000E+000, 0.0000000E+000, 0.0000000E+000,-5.6049732E-004,-5.7699213E-004,-5.9300815E-004,-6.0737645E-004,-5.9501837E-004,-5.9731397E-004,-5.9737154E-004,-5.9601987E-004,-5.7283917E-004,-5.7405742E-004,-5.7407505E-004,-5.7551814E-004,-6.1632583E-004,-6.1574844E-004,-6.1629901E-004,-6.1859122E-004,-6.2161560E-004,-6.2276766E-004,-6.2285893E-004,-6.2164247E-004,-6.1934477E-004,-6.1829837E-004,-6.2016887E-004,-6.2361846E-004,-5.9897824E-004,-6.1163456E-004,-6.1423091E-004,-6.1795837E-004,-6.2301239E-004,-6.3049935E-004,-6.1675704E-004,-6.1578937E-004,-6.1552367E-004,-6.1592751E-004,-6.1514260E-004,-6.6466840E-004,-6.8879521E-004,-6.9161388E-004,-6.8890028E-004,-6.9129191E-004
-4.5611697E+000, 0.0000000E+000, 0.0000000E+000, 0.0000000E+000, 0.0000000E+000, 0.0000000E+000,-5.8078838E-004,-5.9668085E-004,-6.1173305E-004,-6.2554586E-004,-6.1271741E-004,-6.1496251E-004,-6.1524180E-004,-6.1421390E-004,-5.9142344E-004,-5.9321892E-004,-5.9401858E-004,-5.9605306E-004,-6.3481124E-004,-6.3427154E-004,-6.3476864E-004,-6.3696029E-004,-6.3990882E-004,-6.4074844E-004,-6.4120014E-004,-6.4057995E-004,-6.3891871E-004,-6.3846544E-004,-6.4087011E-004,-6.4462720E-004,-6.1979517E-004,-6.3165549E-004,-6.3434991E-004,-6.3804632E-004,-6.4293784E-004,-6.5025923E-004,-6.3587074E-004,-6.3661286E-004,-6.3713325E-004,-6.3773180E-004,-6.3675406E-004,-6.8005765E-004,-7.0399867E-004,-7.0642277E-004,-7.0287007E-004,-7.0542680E-004
-4.4657516E+000, 0.0000000E+000, 0.0000000E+000, 0.0000000E+000, 0.0000000E+000, 0.0000000E+000,-5.8078838E-004,-5.9668085E-004,-6.1173305E-004,-6.2554586E-004,-6.1271741E-004,-6.1496251E-004,-6.1524180E-004,-6.1421390E-004,-5.9142344E-004,-5.9321892E-004,-5.9401858E-004,-5.9605306E-004,-6.3481124E-004,-6.3427154E-004,-6.3476864E-004,-6.3696029E-004,-6.3990882E-004,-6.4074844E-004,-6.4120014E-004,-6.4057995E-004,-6.3891871E-004,-6.3846544E-004,-6.4087011E-004,-6.4462720E-004,-6.1979517E-004,-6.3165549E-004,-6.3434991E-004,-6.3804632E-004,-6.4293784E-004,-6.5025923E-004,-6.3587074E-004,-6.3661286E-004,-6.3713325E-004,-6.3773180E-004,-6.3675406E-004,-6.8005765E-004,-7.0399867E-004,-7.0642277E-004,-7.0287007E-004,-7.0542680E-004
-4.3703336E+000, 0.0000000E+000, 0.0000000E+000, 0.0000000E+000, 0.0000000E+000, 0.0000000E+000,-5.8078838E-004,-5.9668085E-004,-6.1173305E-004,-6.2554586E-004,-6.1271741E-004,-6.1496251E-004,-6.1524180E-004,-6.1421390E-004,-5.9142344E-004,-5.9321892E-004,-5.9401858E-004,-5.9605306E-004,-6.3481124E-004,-6.3427154E-004,-6.3476864E-004,-6.3696029E-004,-6.3990882E-004,-6.4074844E-004,-6.4120014E-004,-6.4057995E-004,-6.3891871E-004,-6.3846544E-004,-6.4087011E-004,-6.4462720E-004,-6.1979517E-004,-6.3165549E-004,-6.3434991E-004,-6.3804632E-004,-6.4293784E-004,-6.5025923E-004,-6.3587074E-004,-6.3661286E-004,-6.3713325E-004,-6.3773180E-004,-6.3675406E-004,-6.8005765E-004,-7.0399867E-004,-7.0642277E-004,-7.0287007E-004,-7.0542680E-004
-4.2749155E+000, 0.0000000E+000, 0.0000000E+000, 0.0000000E+000, 0.0000000E+000, 0.0000000E+000,-5.9563532E-004,-6.1169861E-004,-6.2749541E-004,-6.4230538E-004,-6.3063548E-004,-6.3340099E-004,-6.3436132E-004,-6.3363864E-004,-6.1076642E-004,-6.1272786E-004,-6.1389849E-004,-6.1621679E-004,-6.4997402E-004,-6.4956581E-004,-6.5017387E-004,-6.5236260E-004,-6.5541236E-004,-6.5672924E-004,-6.5766367E-004,-6.5738988E-004,-6.5574899E-004,-6.5495603E-004,-6.5680069E-004,-6.5993141E-004,-6.3457037E-004,-6.4681629E-004,-6.4995427E-004,-6.5396210E-004,-6.5873458E-004,-6.6574014E-004,-6.5086249E-004,-6.5104616E-004,-6.5131712E-004,-6.5189808E-004,-6.5098678E-004,-6.9911838E-004,-7.2328987E-004,-7.2561538E-004,-7.2162819E-004,-7.2456063E-004
-4.1794974E+000, 0.0000000E+000, 0.0000000E+000, 0.0000000E+000, 0.0000000E+000, 0.0000000E+000,-5.9563532E-004,-6.1169861E-004,-6.2749541E-004,-6.4230538E-004,-6.3063548E-004,-6.3340099E-004,-6.3436132E-004,-6.3363864E-004,-6.1076642E-004,-6.1272786E-004,-6.1389849E-004,-6.1621679E-004,-6.4997402E-004,-6.4956581E-004,-6.5017387E-004,-6.5236260E-004,-6.5541236E-004,-6.5672924E-004,-6.5766367E-004,-6.5738988E-004,-6.5574899E-004,-6.5495603E-004,-6.5680069E-004,-6.5993141E-004,-6.3457037E-004,-6.4681629E-004,-6.4995427E-004,-6.5396210E-004,-6.5873458E-004,-6.6574014E-004,-6.5086249E-004,-6.5104616E-004,-6.5131712E-004,-6.5189808E-004,-6.5098678E-004,-6.9911838E-004,-7.2328987E-004,-7.2561538E-004,-7.2162819E-004,-7.2456063E-004
-4.0840793E+000, 0.0000000E+000, 0.0000000E+000, 0.0000000E+000, 0.0000000E+000, 0.0000000E+000,-5.9563532E-004,-6.1169861E-004,-6.2749541E-004,-6.4230538E-004,-6.3063548E-004,-6.3340099E-004,-6.3436132E-004,-6.3363864E-004,-6.1076642E-004,-6.1272786E-004,-6.1389849E-004,-6.1621679E-004,-6.4997402E-004,-6.4956581E-004,-6.5017387E-004,-6.5236260E-004,-6.5541236E-004,-6.5672924E-004,-6.5766367E-004,-6.5738988E-004,-6.5574899E-004,-6.5495603E-004,-6.5680069E-004,-6.5993141E-004,-6.3457037E-004,-6.4681629E-004,-6.4995427E-004,-6.5396210E-004,-6.5873458E-004,-6.6574014E-004,-6.5086249E-004,-6.5104616E-004,-6.5131712E-004,-6.5189808E-004,-6.5098678E-004,-6.9911838E-004,-7.2328987E-004,-7.2561538E-004,-7.2162819E-004,-7.2456063E-004
-3.9886613E+000, 0.0000000E+000, 0.0000000E+000, 0.0000000E+000, 0.0000000E+000, 0.0000000E+000,-6.0842027E-004,-6.2450909E-004,-6.4048185E-004,-6.5580203E-004,-6.4462575E-004,-6.4760332E-004,-6.4883196E-004,-6.4845882E-004,-6.2572573E-004,-6.2809223E-004,-6.2989477E-004,-6.3249584E-004,-6.6312622E-004,-6.6237765E-004,-6.6251348E-004,-6.6398436E-004,-6.6626813E-004,-6.6689127E-004,-6.6751115E-004,-6.6707613E-004,-6.6545115E-004,-6.6482824E-004,-6.6686222E-004,-6.7008884E-004,-6.4474417E-004,-6.5845566E-004,-6.6162412E-004,-6.6552505E-004,-6.6978840E-004,-6.7599871E-004,-6.6247352E-004,-6.6351705E-004,-6.6421011E-004,-6.6496602E-004,-6.6413751E-004,-7.1143802E-004,-7.3640381E-004,-7.3935024E-004,-7.3576193E-004,-7.3978984E-004
-3.8932432E+000, 0.0000000E+000, 0.0000000E+000, 0.0000000E+000, 0.0000000E+000, 0.0000000E+000,-6.0842027E-004,-6.2450909E-004,-6.4048185E-004,-6.5580203E-004,-6.4462575E-004,-6.4760332E-004,-6.4883196E-004,-6.4845882E-004,-6.2572573E-004,-6.2809223E-004,-6.2989477E-004,-6.3249584E-004,-6.6312622E-004,-6.6237765E-004,-6.6251348E-004,-6.6398436E-004,-6.6626813E-004,-6.6689127E-004,-6.6751115E-004,-6.6707613E-004,-6.6545115E-004,-6.6482824E-004,-6.6686222E-004,-6.7008884E-004,-6.4474417E-004,-6.5845566E-004,-6.6162412E-004,-6.6552505E-004,-6.6978840E-004,-6.7599871E-004,-6.6247352E-004,-6.6351705E-004,-6.6421011E-004,-6.6496602E-004,-6.6413751E-004,-7.1143802E-004,-7.3640381E-004,-7.3935024E-004,-7.3576193E-004,-7.3978984E-004
-3.7978251E+000, 0.0000000E+000, 0.0000000E+000, 0.0000000E+000, 0.0000000E+000, 0.0000000E+000,-6.0842027E-004,-6.2450909E-004,-6.4048185E-004,-6.5580203E-004,-6.4462575E-004,-6.4760332E-004,-6.4883196E-004,-6.4845882E-004,-6.2572573E-004,-6.2809223E-004,-6.2989477E-004,-6.3249584E-004,-6.6312622E-004,-6.6237765E-004,-6.6251348E-004,-6.6398436E-004,-6.6626813E-004,-6.6689127E-004,-6.6751115E-004,-6.6707613E-004,-6.6545115E-004,-6.6482824E-004,-6.6686222E-004,-6.7008884E-004,-6.4474417E-004,-6.5845566E-004,-6.6162412E-004,-6.6552505E-004,-6.6978840E-004,-6.7599871E-004,-6.6247352E-004,-6.6351705E-004,-6.6421011E-004,-6.6496602E-004,-6.6413751E-004,-7.1143802E-004,-7.3640381E-004,-7.3935024E-004,-7.3576193E-004,-7.3978984E-004
-3.6281166E+000, 0.0000000E+000, 0.0000000E+000, 0.0000000E+000, 0.0000000E+000, 0.0000000E+000,-6.2673187E-004,-6.4276468E-004,-6.5836664E-004,-6.7332535E-004,-6.6119522E-004,-6.6385495E-004,-6.6462569E-004,-6.6423398E-004,-6.4114436E-004,-6.4338169E-004,-6.4498874E-004,-6.4775991E-004,-6.7923720E-004,-6.7894813E-004,-6.7926012E-004,-6.8055443E-004,-6.8222526E-004,-6.8157257E-004,-6.8123313E-004,-6.8005530E-004,-6.7807336E-004,-6.7730819E-004,-6.7899109E-004,-6.8158359E-004,-6.5564496E-004,-6.7068202E-004,-6.7474288E-004,-6.7948596E-004,-6.8443515E-004,-6.9108697E-004,-6.7962463E-004,-6.8152574E-004,-6.8227897E-004,-6.8287377E-004,-6.8187055E-004,-7.2510693E-004,-7.5013759E-004,-7.5281054E-004,-7.4860117E-004,-7.5252138E-004
-3.5432624E+000, 0.0000000E+000, 0.0000000E+000, 0.0000000E+000, 0.0000000E+000, 0.0000000E+000,-6.2673187E-004,-6.4276468E-004,-6.5836664E-004,-6.7332535E-004,-6.6119522E-004,-6.6385495E-004,-6.6462569E-004,-6.6423398E-004,-6.4114436E-004,-6.4338169E-004,-6.4498874E-004,-6.4775991E-004,-6.7923720E-004,-6.7894813E-004,-6.7926012E-004,-6.8055443E-004,-6.8222526E-004,-6.8157257E-004,-6.8123313E-004,-6.8005530E-004,-6.7807336E-004,-6.7730819E-004,-6.7899109E-004,-6.8158359E-004,-6.5564496E-004,-6.7068202E-004,-6.7474288E-004,-6.7948596E-004,-6.8443515E-004,-6.9108697E-004,-6.7962463E-004,-6.8152574E-004,-6.8227897E-004,-6.8287377E-004,-6.8187055E-004,-7.2510693E-004,-7.5013759E-004,-7.5281054E-004,-7.4860117E-004,-7.5252138E-004
-3.4584082E+000, 0.0000000E+000, 0.0000000E+000, 0.0000000E+000, 0.0000000E+000, 0.0000000E+000,-6.4024643E-004,-6.5656217E-004,-6.7248206E-004,-6.8820339E-004,-6.7735934E-004,-6.8093696E-004,-6.8352447E-004,-6.8418779E-004,-6.6139621E-004,-6.6378935E-004,-6.6533695E-004,-6.6788893E-004,-6.9006455E-004,-6.9006580E-004,-6.9052622E-004,-6.9172968E-004,-6.9330617E-004,-6.9302047E-004,-6.9358775E-004,-6.9355198E-004,-6.9256237E-004,-6.9241684E-004,-6.9436918E-004,-6.9698835E-004,-6.7059627E-004,-6.8549161E-004,-6.9084156E-004,-6.9659736E-004,-7.0196272E-004,-7.0853878E-004,-6.9089510E-004,-6.9293225E-004,-6.9341458E-004,-6.9371623E-004,-6.9261140E-004,-7.3201072E-004,-7.5781312E-004,-7.6111862E-004,-7.5737168E-004,-7.6091851E-004
-3.3735539E+000, 0.0000000E+000, 0.0000000E+000, 0.0000000E+000, 0.0000000E+000, 0.0000000E+000,-6.4024643E-004,-6.5656217E-004,-6.7248206E-004,-6.8820339E-004,-6.7735934E-004,-6.8093696E-004,-6.8352447E-004,-6.8418779E-004,-6.6139621E-004,-6.6378935E-004,-6.6533695E-004,-6.6788893E-004,-6.9006455E-004,-6.9006580E-004,-6.9052622E-004,-6.9172968E-004,-6.9330617E-004,-6.9302047E-004,-6.9358775E-004,-6.9355198E-004,-6.9256237E-004,-6.9241684E-004,-6.9436918E-004,-6.9698835E-004,-6.7059627E-004,-6.8549161E-004,-6.9084156E-004,-6.9659736E-004,-7.0196272E-004,-7.0853878E-004,-6.9089510E-004,-6.9293225E-004,-6.9341458E-004,-6.9371623E-004,-6.9261140E-004,-7.3201072E-004,-7.5781312E-004,-7.6111862E-004,-7.5737168E-004,-7.6091851E-004
-3.2886997E+000, 0.0000000E+000, 0.0000000E+000, 0.0000000E+000, 0.0000000E+000, 0.0000000E+000,-6.4024643E-004,-6.5656217E-004,-6.7248206E-004,-6.8820339E-004,-6.7735934E-004,-6.8093696E-004,-6.8352447E-004,-6.8418779E-004,-6.6139621E-004,-6.6378935E-004,-6.6533695E-004,-6.6788893E-004,-6.9006455E-004,-6.9006580E-004,-6.9052622E-004,-6.9172968E-004,-6.9330617E-004,-6.9302047E-004,-6.9358775E-004,-6.9355198E-004,-6.9256237E-004,-6.9241684E-004,-6.9436918E-004,-6.9698835E-004,-6.7059627E-004,-6.8549161E-004,-6.9084156E-004,-6.9659736E-004,-7.0196272E-004,-7.0853878E-004,-6.9089510E-004,-6.9293225E-004,-6.9341458E-004,-6.9371623E-004,-6.9261140E-004,-7.3201072E-004,-7.5781312E-004,-7.6111862E-004,-7.5737168E-004,-7.6091851E-004
-3.1189912E+000, 0.0000000E+000, 0.0000000E+000, 0.0000000E+000, 0.0000000E+000, 0.0000000E+000,-6.5638879E-004,-6.7264497E-004,-6.8846692E-004,-7.0413621E-004,-6.9310746E-004,-6.9673573E-004,-6.9965737E-004,-7.0086889E-004,-6.7853106E-004,-6.8105740E-004,-6.8192980E-004,-6.8411782E-004,-7.0205299E-004,-7.0243197E-004,-7.0327510E-004,-7.0488840E-004,-7.0694035E-004,-7.0731698E-004,-7.0858088E-004,-7.0951631E-004,-7.0985303E-004,-7.1113901E-004,-7.1414631E-004,-7.1723900E-004,-6.9056758E-004,-7.0073996E-004,-7.0579788E-004,-7.1122122E-004,-7.1611064E-004,-7.2207380E-004,-7.0382301E-004,-7.0494865E-004,-7.0454907E-004,-7.0393407E-004,-7.0223749E-004,-7.4013149E-004,-7.6600871E-004,-7.6924829E-004,-7.6526431E-004,-7.6864408E-004
-3.0341369E+000, 0.0000000E+000, 0.0000000E+000, 0.0000000E+000, 0.0000000E+000, 0.0000000E+000,-6.5638879E-004,-6.7264497E-004,-6.8846692E-004,-7.0413621E-004,-6.9310746E-004,-6.9673573E-004,-6.9965737E-004,-7.0086889E-004,-6.7853106E-004,-6.8105740E-004,-6.8192980E-004,-6.8411782E-004,-7.0205299E-004,-7.0243197E-004,-7.0327510E-004,-7.0488840E-004,-7.0694035E-004,-7.0731698E-004,-7.0858088E-004,-7.0951631E-004,-7.0985303E-004,-7.1113901E-004,-7.1414631E-004,-7.1723900E-004,-6.9056758E-004,-7.0073996E-004,-7.0579788E-004,-7.1122122E-004,-7.1611064E-004,-7.2207380E-004,-7.0382301E-004,-7.0494865E-004,-7.0454907E-004,-7.0393407E-004,-7.0223749E-004,-7.4013149E-004,-7.6600871E-004,-7.6924829E-004,-7.6526431E-004,-7.6864408E-004
-2.9492827E+000, 0.0000000E+000, 0.0000000E+000, 0.0000000E+000, 0.0000000E+000, 0.0000000E+000,-6.7130912E-004,-6.8779953E-004,-7.0366032E-004,-7.1975349E-004,-7.0917436E-004,-7.1287138E-004,-7.1538913E-004,-7.1595150E-004,-6.9267263E-004,-6.9430013E-004,-6.9414866E-004,-6.9577257E-004,-7.1592099E-004,-7.1720485E-004,-7.1872824E-004,-7.2071857E-004,-7.2295711E-004,-7.2335214E-004,-7.2465511E-004,-7.2545553E-004,-7.2539705E-004,-7.2601566E-004,-7.2807547E-004,-7.2996685E-004,-7.0183241E-004,-7.1083564E-004,-7.1657840E-004,-7.2283489E-004,-7.2844533E-004,-7.3499724E-004,-7.1972905E-004,-7.2086258E-004,-7.2023874E-004,-7.1918710E-004,-7.1704642E-004,-7.5295518E-004,-7.7936225E-004,-7.8293361E-004,-7.7912939E-004,-7.8262742E-004
-2.8644285E+000, 0.0000000E+000, 0.0000000E+000, 0.0000000E+000, 0.0000000E+000, 0.0000000E+000,-6.7130912E-004,-6.8779953E-004,-7.0366032E-004,-7.1975349E-004,-7.0917436E-004,-7.1287138E-004,-7.1538913E-004,-7.1595150E-004,-6.9267263E-004,-6.9430013E-004,-6.9414866E-004,-6.9577257E-004,-7.1592099E-004,-7.1720485E-004,-7.1872824E-004,-7.2071857E-004,-7.2295711E-004,-7.2335214E-004,-7.2465511E-004,-7.2545553E-004,-7.2539705E-004,-7.2601566E-004,-7.2807547E-004,-7.2996685E-004,-7.0183241E-004,-7.1083564E-004,-7.1657840E-004,-7.2283489E-004,-7.2844533E-004,-7.3499724E-004,-7.1972905E-004,-7.2086258E-004,-7.2023874E-004,-7.1918710E-004,-7.1704642E-004,-7.5295518E-004,-7.7936225E-004,-7.8293361E-004,-7.7912939E-004,-7.8262742E-004
-2.7795742E+000, 0.0000000E+000, 0.0000000E+000, 0.0000000E+000, 0.0000000E+000, 0.0000000E+000,-6.7130912E-004,-6.8779953E-004,-7.0366032E-004,-7.1975349E-004,-7.0917436E-004,-7.1287138E-004,-7.1538913E-004,-7.1595150E-004,-6.9267263E-004,-6.9430013E-004,-6.9414866E-004,-6.9577257E-004,-7.1592099E-004,-7.1720485E-004,-7.1872824E-004,-7.2071857E-004,-7.2295711E-004,-7.2335214E-004,-7.2465511E-004,-7.2545553E-004,-7.2539705E-004,-7.2601566E-004,-7.2807547E-004,-7.2996685E-004,-7.0183241E-004,-7.1083564E-004,-7.1657840E-004,-7.2283489E-004,-7.2844533E-004,-7.3499724E-004,-7.1972905E-004,-7.2086258E-004,-7.2023874E-004,-7.1918710E-004,-7.1704642E-004,-7.5295518E-004,-7.7936225E-004,-7.8293361E-004,-7.7912939E-004,-7.8262742E-004
-2.6947200E+000, 0.0000000E+000, 0.0000000E+000, 0.0000000E+000, 0.0000000E+000, 0.0000000E+000,-6.7962924E-004,-6.9593496E-004,-7.1172889E-004,-7.2841985E-004,-7.1914765E-004,-7.2363553E-004,-7.2768788E-004,-7.2911110E-004,-7.0618246E-004,-7.0784447E-004,-7.0745885E-004,-7.0884526E-004,-7.2277332E-004,-7.2361286E-004,-7.2475195E-004,-7.2642350E-004,-7.2854591E-004,-7.2899833E-004,-7.3096175E-004,-7.3265191E-004,-7.3342602E-004,-7.3457122E-004,-7.3685783E-004,-7.3886080E-004,-7.1056059E-004,-7.1585718E-004,-7.2148527E-004,-7.2766092E-004,-7.3318706E-004,-7.3975179E-004,-7.2586953E-004,-7.2795807E-004,-7.2778727E-004,-7.2707438E-004,-7.2511376E-004,-7.5884838E-004,-7.8476694E-004,-7.8772096E-004,-7.8326314E-004,-7.8683528E-004
-2.5337680E+000, 0.0000000E+000, 0.0000000E+000, 0.0000000E+000, 0.0000000E+000, 0.0000000E+000,-6.7962924E-004,-6.9593496E-004,-7.1172889E-004,-7.2841985E-004,-7.1914765E-004,-7.2363553E-004,-7.2768788E-004,-7.2911110E-004,-7.0618246E-004,-7.0784447E-004,-7.0745885E-004,-7.0884526E-004,-7.2277332E-004,-7.2361286E-004,-7.2475195E-004,-7.2642350E-004,-7.2854591E-004,-7.2899833E-004,-7.3096175E-004,-7.3265191E-004,-7.3342602E-004,-7.3457122E-004,-7.3685783E-004,-7.3886080E-004,-7.1056059E-004,-7.1585718E-004,-7.2148527E-004,-7.2766092E-004,-7.3318706E-004,-7.3975179E-004,-7.2586953E-004,-7.2795807E-004,-7.2778727E-004,-7.2707438E-004,-7.2511376E-004,-7.5884838E-004,-7.8476694E-004,-7.8772096E-004,-7.8326314E-004,-7.8683528E-004
-2.4576703E+000, 0.0000000E+000, 0.0000000E+000, 0.0000000E+000, 0.0000000E+000, 0.0000000E+000,-6.9212357E-004,-7.0844096E-004,-7.2398518E-004,-7.4055771E-004,-7.3089195E-004,-7.3515640E-004,-7.3884533E-004,-7.4033522E-004,-7.1771997E-004,-7.1989515E-004,-7.1991988E-004,-7.2182574E-004,-7.3061416E-004,-7.3151099E-004,-7.3272144E-004,-7.3444145E-004,-7.3653236E-004,-7.3668664E-004,-7.3831884E-004,-7.3967048E-004,-7.4035449E-004,-7.4175416E-004,-7.4449210E-004,-7.4701400E-004,-7.1929990E-004,-7.2168124E-004,-7.2734053E-004,-7.3368259E-004,-7.3951266E-004,-7.4647302E-004,-7.3405206E-004,-7.3651179E-004,-7.3660509E-004,-7.3613820E-004,-7.3427024E-004,-7.6294296E-004,-7.8920615E-004,-7.9237586E-004,-7.8796113E-004,-7.9226556E-004
-2.3815725E+000, 0.0000000E+000, 0.0000000E+000, 0.0000000E+000, 0.0000000E+000, 0.0000000E+000,-6.9212357E-004,-7.0844096E-004,-7.2398518E-004,-7.4055771E-004,-7.3089195E-004,-7.3515640E-004,-7.3884533E-004,-7.4033522E-004,-7.1771997E-004,-7.1989515E-004,-7.1991988E-004,-7.2182574E-004,-7.3061416E-004,-7.3151099E-004,-7.3272144E-004,-7.3444145E-004,-7.3653236E-004,-7.3668664E-004,-7.3831884E-004,-7.3967048E-004,-7.4035449E-004,-7.4175416E-004,-7.4449210E-004,-7.4701400E-004,-7.1929990E-004,-7.2168124E-004,-7.2734053E-004,-7.3368259E-004,-7.3951266E-004,-7.4647302E-004,-7.3405206E-004,-7.3651179E-004,-7.3660509E-004,-7.3613820E-004,-7.3427024E-004,-7.6294296E-004,-7.8920615E-004,-7.9237586E-004,-7.8796113E-004,-7.9226556E-004
-2.2293770E+000, 0.0000000E+000, 0.0000000E+000, 0.0000000E+000, 0.0000000E+000, 0.0000000E+000,-6.9548624E-004,-7.1194110E-004,-7.2772710E-004,-7.4448508E-004,-7.3501745E-004,-7.3939337E-004,-7.4320613E-004,-7.4469430E-004,-7.2194162E-004,-7.2406220E-004,-7.2397979E-004,-7.2595534E-004,-7.3336053E-004,-7.3431775E-004,-7.3558865E-004,-7.3731646E-004,-7.3930876E-004,-7.3929248E-004,-7.4078789E-004,-7.4208655E-004,-7.4276658E-004,-7.4419021E-004,-7.4698478E-004,-7.4963984E-004,-7.2205064E-004,-7.2545044E-004,-7.3140389E-004,-7.3804686E-004,-7.4412415E-004,-7.5119817E-004,-7.3681726E-004,-7.3911791E-004,-7.3911084E-004,-7.3859825E-004,-7.3672419E-004,-7.6517429E-004,-7.9167661E-004,-7.9506809E-004,-7.9084539E-004,-7.9520292E-004
-2.1532793E+000, 0.0000000E+000, 0.0000000E+000, 0.0000000E+000, 0.0000000E+000, 0.0000000E+000,-6.9884890E-004,-7.1544124E-004,-7.3146901E-004,-7.4841245E-004,-7.3914295E-004,-7.4363035E-004,-7.4756694E-004,-7.4905338E-004,-7.2616326E-004,-7.2822924E-004,-7.2803971E-004,-7.3008493E-004,-7.3610689E-004,-7.3712451E-004,-7.3845587E-004,-7.4019148E-004,-7.4208516E-004,-7.4189832E-004,-7.4325695E-004,-7.4450262E-004,-7.4517866E-004,-7.4662626E-004,-7.4947747E-004,-7.5226567E-004,-7.2480137E-004,-7.2921963E-004,-7.3546724E-004,-7.4241114E-004,-7.4873565E-004,-7.5592332E-004,-7.3958246E-004,-7.4172403E-004,-7.4161659E-004,-7.4105829E-004,-7.3917813E-004,-7.6740562E-004,-7.9414707E-004,-7.9776031E-004,-7.9372965E-004,-7.9814027E-004
-2.0771816E+000, 0.0000000E+000, 0.0000000E+000, 0.0000000E+000, 0.0000000E+000, 0.0000000E+000,-6.9884890E-004,-7.1544124E-004,-7.3146901E-004,-7.4841245E-004,-7.3914295E-004,-7.4363035E-004,-7.4756694E-004,-7.4905338E-004,-7.2616326E-004,-7.2822924E-004,-7.2803971E-004,-7.3008493E-004,-7.3610689E-004,-7.3712451E-004,-7.3845587E-004,-7.4019148E-004,-7.4208516E-004,-7.4189832E-004,-7.4325695E-004,-7.4450262E-004,-7.4517866E-004,-7.4662626E-004,-7.4947747E-004,-7.5226567E-004,-7.2480137E-004,-7.2921963E-004,-7.3546724E-004,-7.4241114E-004,-7.4873565E-004,-7.5592332E-004,-7.3958246E-004,-7.4172403E-004,-7.4161659E-004,-7.4105829E-004,-7.3917813E-004,-7.6740562E-004,-7.9414707E-004,-7.9776031E-004,-7.9372965E-004,-7.9814027E-004
-1.9249861E+000, 0.0000000E+000, 0.0000000E+000, 0.0000000E+000, 0.0000000E+000, 0.0000000E+000,-7.0777944E-004,-7.2420710E-004,-7.4005515E-004,-7.5709960E-004,-7.4808204E-004,-7.5293925E-004,-7.5785592E-004,-7.6001118E-004,-7.3726750E-004,-7.3942231E-004,-7.3923025E-004,-7.4122745E-004,-7.4040536E-004,-7.4138290E-004,-7.4283257E-004,-7.4485790E-004,-7.4721594E-004,-7.4775526E-004,-7.5003494E-004,-7.5245025E-004,-7.5433326E-004,-7.5672285E-004,-7.6017362E-004,-7.6336923E-004,-7.3605263E-004,-7.3950369E-004,-7.4504296E-004,-7.5120863E-004,-7.5676253E-004,-7.6329387E-004,-7.4422923E-004,-7.4617913E-004,-7.4604722E-004,-7.4556374E-004,-7.4374281E-004,-7.7096312E-004,-7.9746809E-004,-8.0091795E-004,-7.9677012E-004,-8.0079918E-004
-1.8488884E+000, 0.0000000E+000, 0.0000000E+000, 0.0000000E+000, 0.0000000E+000, 0.0000000E+000,-7.0777944E-004,-7.2420710E-004,-7.4005515E-004,-7.5709960E-004,-7.4808204E-004,-7.5293925E-004,-7.5785592E-004,-7.6001118E-004,-7.3726750E-004,-7.3942231E-004,-7.3923025E-004,-7.4122745E-004,-7.4040536E-004,-7.4138290E-004,-7.4283257E-004,-7.4485790E-004,-7.4721594E-004,-7.4775526E-004,-7.5003494E-004,-7.5245025E-004,-7.5433326E-004,-7.5672285E-004,-7.6017362E-004,-7.6336923E-004,-7.3605263E-004,-7.3950369E-004,-7.4504296E-004,-7.5120863E-004,-7.5676253E-004,-7.6329387E-004,-7.4422923E-004,-7.4617913E-004,-7.4604722E-004,-7.4556374E-004,-7.4374281E-004,-7.7096312E-004,-7.9746809E-004,-8.0091795E-004,-7.9677012E-004,-8.0079918E-004
-1.7727906E+000, 0.0000000E+000, 0.0000000E+000, 0.0000000E+000, 0.0000000E+000, 0.0000000E+000,-7.2267242E-004,-7.3894865E-004,-7.5458136E-004,-7.7117610E-004,-7.6111195E-004,-7.6548319E-004,-7.6930317E-004,-7.7062829E-004,-7.4704997E-004,-7.4879088E-004,-7.4843244E-004,-7.5060822E-004,-7.5437225E-004,-7.5574736E-004,-7.5738066E-004,-7.5920669E-004,-7.6080790E-004,-7.6025143E-004,-7.6124836E-004,-7.6244416E-004,-7.6320570E-004,-7.6457760E-004,-7.6715538E-004,-7.6970487E-004,-7.4195278E-004,-7.4916849E-004,-7.5460286E-004,-7.6077840E-004,-7.6637007E-004,-7.7275803E-004,-7.5812632E-004,-7.5938910E-004,-7.5861917E-004,-7.5754551E-004,-7.5536759E-004,-7.7661452E-004,-8.0333444E-004,-8.0685036E-004,-8.0275410E-004,-8.0672195E-004
-1.6966929E+000, 0.0000000E+000, 0.0000000E+000, 0.0000000E+000, 0.0000000E+000, 0.0000000E+000,-7.2267242E-004,-7.3894865E-004,-7.5458136E-004,-7.7117610E-004,-7.6111195E-004,-7.6548319E-004,-7.6930317E-004,-7.7062829E-004,-7.4704997E-004,-7.4879088E-004,-7.4843244E-004,-7.5060822E-004,-7.5437225E-004,-7.5574736E-004,-7.5738066E-004,-7.5920669E-004,-7.6080790E-004,-7.6025143E-004,-7.6124836E-004,-7.6244416E-004,-7.6320570E-004,-7.6457760E-004,-7.6715538E-004,-7.6970487E-004,-7.4195278E-004,-7.4916849E-004,-7.5460286E-004,-7.6077840E-004,-7.6637007E-004,-7.7275803E-004,-7.5812632E-004,-7.5938910E-004,-7.5861917E-004,-7.5754551E-004,-7.5536759E-004,-7.7661452E-004,-8.0333444E-004,-8.0685036E-004,-8.0275410E-004,-8.0672195E-004
-1.5530313E+000, 0.0000000E+000, 0.0000000E+000, 0.0000000E+000, 0.0000000E+000, 0.0000000E+000,-7.2620756E-004,-7.4266609E-004,-7.5832746E-004,-7.7504073E-004,-7.6508292E-004,-7.6946168E-004,-7.7321199E-004,-7.7441052E-004,-7.5063938E-004,-7.5214771E-004,-7.5128904E-004,-7.5320936E-004,-7.5728511E-004,-7.5875614E-004,-7.6046787E-004,-7.6227348E-004,-7.6366272E-004,-7.6269335E-004,-7.6334060E-004,-7.6427762E-004,-7.6486178E-004,-7.6607831E-004,-7.6848426E-004,-7.7086187E-004,-7.4290203E-004,-7.5142607E-004,-7.5700835E-004,-7.6335700E-004,-7.6906801E-004,-7.7541221E-004,-7.6123052E-004,-7.6259743E-004,-7.6181735E-004,-7.6065778E-004,-7.5837163E-004,-7.7731065E-004,-8.0390485E-004,-8.0727802E-004,-8.0306601E-004,-8.0703209E-004
-1.4854674E+000, 0.0000000E+000, 0.0000000E+000, 0.0000000E+000, 0.0000000E+000, 0.0000000E+000,-7.3018921E-004,-7.4685307E-004,-7.6254672E-004,-7.7939350E-004,-7.6955546E-004,-7.7394268E-004,-7.7761453E-004,-7.7867047E-004,-7.5468216E-004,-7.5592854E-004,-7.5450645E-004,-7.5613906E-004,-7.6056588E-004,-7.6214495E-004,-7.6394502E-004,-7.6572763E-004,-7.6687812E-004,-7.6544371E-004,-7.6569709E-004,-7.6634265E-004,-7.6672704E-004,-7.6776858E-004,-7.6998099E-004,-7.7216502E-004,-7.4397118E-004,-7.5396881E-004,-7.5971767E-004,-7.6626130E-004,-7.7210672E-004,-7.7840164E-004,-7.6472681E-004,-7.6621100E-004,-7.6541947E-004,-7.6416316E-004,-7.6175510E-004,-7.7809471E-004,-8.0454730E-004,-8.0775970E-004,-8.0341732E-004,-8.0738140E-004
-1.3503397E+000, 0.0000000E+000, 0.0000000E+000, 0.0000000E+000, 0.0000000E+000, 0.0000000E+000,-7.3223004E-004,-7.4880251E-004,-7.6446957E-004,-7.8134970E-004,-7.7173511E-004,-7.7636335E-004,-7.8069355E-004,-7.8219417E-004,-7.5844691E-004,-7.5979020E-004,-7.5835332E-004,-7.5995618E-004,-7.6132984E-004,-7.6279296E-004,-7.6450512E-004,-7.6624075E-004,-7.6740779E-004,-7.6611693E-004,-7.6668200E-004,-7.6779258E-004,-7.6865022E-004,-7.6999439E-004,-7.7233476E-004,-7.7458632E-004,-7.4641929E-004,-7.5560420E-004,-7.6124693E-004,-7.6763944E-004,-7.7331349E-004,-7.7947448E-004,-7.6523184E-004,-7.6672446E-004,-7.6596547E-004,-7.6477274E-004,-7.6242412E-004,-7.7834382E-004,-8.0482741E-004,-8.0804298E-004,-8.0370013E-004,-8.0777030E-004
-1.2827759E+000, 0.0000000E+000, 0.0000000E+000, 0.0000000E+000, 0.0000000E+000, 0.0000000E+000,-7.3427087E-004,-7.5075195E-004,-7.6639242E-004,-7.8330590E-004,-7.7391475E-004,-7.7878402E-004,-7.8377256E-004,-7.8571788E-004,-7.6221166E-004,-7.6365186E-004,-7.6220019E-004,-7.6377330E-004,-7.6209379E-004,-7.6344098E-004,-7.6506522E-004,-7.6675387E-004,-7.6793746E-004,-7.6679015E-004,-7.6766692E-004,-7.6924251E-004,-7.7057339E-004,-7.7222021E-004,-7.7468854E-004,-7.7700761E-004,-7.4886740E-004,-7.5723959E-004,-7.6277620E-004,-7.6901757E-004,-7.7452026E-004,-7.8054731E-004,-7.6573686E-004,-7.6723793E-004,-7.6651146E-004,-7.6538233E-004,-7.6309314E-004,-7.7859292E-004,-8.0510752E-004,-8.0832625E-004,-8.0398295E-004,-8.0815920E-004
-1.1476482E+000, 0.0000000E+000, 0.0000000E+000, 0.0000000E+000, 0.0000000E+000, 0.0000000E+000,-7.3682925E-004,-7.5329052E-004,-7.6878391E-004,-7.8561961E-004,-7.7608900E-004,-7.8087204E-004,-7.8567019E-004,-7.8747820E-004,-7.6384771E-004,-7.6522401E-004,-7.6374611E-004,-7.6535326E-004,-7.6340904E-004,-7.6477445E-004,-7.6640419E-004,-7.6808526E-004,-7.6923356E-004,-7.6797021E-004,-7.6876484E-004,-7.7027517E-004,-7.7158838E-004,-7.7326011E-004,-7.7578828E-004,-7.7821090E-004,-7.5021842E-004,-7.5857616E-004,-7.6415767E-004,-7.7042985E-004,-7.7595216E-004,-7.8197424E-004,-7.6715131E-004,-7.6883780E-004,-7.6822495E-004,-7.6718728E-004,-7.6493800E-004,-7.7863882E-004,-8.0515592E-004,-8.0836977E-004,-8.0402212E-004,-8.0818660E-004
-1.0800843E+000, 0.0000000E+000, 0.0000000E+000, 0.0000000E+000, 0.0000000E+000, 0.0000000E+000,-7.3938762E-004,-7.5582909E-004,-7.7117539E-004,-7.8793333E-004,-7.7826325E-004,-7.8296005E-004,-7.8756782E-004,-7.8923852E-004,-7.6548377E-004,-7.6679615E-004,-7.6529204E-004,-7.6693322E-004,-7.6472429E-004,-7.6610793E-004,-7.6774317E-004,-7.6941665E-004,-7.7052966E-004,-7.6915026E-004,-7.6986276E-004,-7.7130784E-004,-7.7260337E-004,-7.7430001E-004,-7.7688803E-004,-7.7941418E-004,-7.5156943E-004,-7.5991272E-004,-7.6553914E-004,-7.7184213E-004,-7.7738405E-004,-7.8340117E-004,-7.6856576E-004,-7.7043768E-004,-7.6993844E-004,-7.6899223E-004,-7.6678286E-004,-7.7868472E-004,-8.0520432E-004,-8.0841328E-004,-8.0406129E-004,-8.0821401E-004
-9.4495662E-001, 0.0000000E+000, 0.0000000E+000, 0.0000000E+000, 0.0000000E+000, 0.0000000E+000,-7.4183899E-004,-7.5837076E-004,-7.7376114E-004,-7.9059300E-004,-7.8095792E-004,-7.8568264E-004,-7.9031177E-004,-7.9194805E-004,-7.6805197E-004,-7.6925802E-004,-7.6767873E-004,-7.6920690E-004,-7.6582470E-004,-7.6746956E-004,-7.6936034E-004,-7.7126575E-004,-7.7257532E-004,-7.7138644E-004,-7.7224053E-004,-7.7378973E-004,-7.7512943E-004,-7.7678604E-004,-7.7925715E-004,-7.8162476E-004,-7.5355299E-004,-7.6126768E-004,-7.6709148E-004,-7.7357222E-004,-7.7925917E-004,-7.8540044E-004,-7.7043212E-004,-7.7219217E-004,-7.7157574E-004,-7.7048720E-004,-7.6818099E-004,-7.7950179E-004,-8.0619257E-004,-8.0957967E-004,-8.0537894E-004,-8.0939749E-004
-8.7739276E-001, 0.0000000E+000, 0.0000000E+000, 0.0000000E+000, 0.0000000E+000, 0.0000000E+000,-7.4429035E-004,-7.6091244E-004,-7.7634689E-004,-7.9325267E-004,-7.8365258E-004,-7.8840523E-004,-7.9305572E-004,-7.9465758E-004,-7.7062018E-004,-7.7171989E-004,-7.7006543E-004,-7.7148058E-004,-7.6692511E-004,-7.6883119E-004,-7.7097750E-004,-7.7311486E-004,-7.7462098E-004,-7.7362261E-004,-7.7461830E-004,-7.7627162E-004,-7.7765548E-004,-7.7927207E-004,-7.8162627E-004,-7.8383534E-004,-7.5553655E-004,-7.6262264E-004,-7.6864382E-004,-7.7530231E-004,-7.8113428E-004,-7.8739971E-004,-7.7229847E-004,-7.7394667E-004,-7.7321304E-004,-7.7198216E-004,-7.6957913E-004,-7.8031885E-004,-8.0718083E-004,-8.1074606E-004,-8.0669659E-004,-8.1058096E-004
-7.4226506E-001, 0.0000000E+000, 0.0000000E+000, 0.0000000E+000, 0.0000000E+000, 0.0000000E+000,-7.4673981E-004,-7.6338973E-004,-7.7891953E-004,-7.9589935E-004,-7.8643070E-004,-7.9132578E-004,-7.9636459E-004,-7.9834988E-004,-7.7472597E-004,-7.7626692E-004,-7.7510206E-004,-7.7680648E-004,-7.6866520E-004,-7.7058274E-004,-7.7274602E-004,-7.7490091E-004,-7.7641775E-004,-7.7539062E-004,-7.7640183E-004,-7.7811496E-004,-7.7962170E-004,-7.8141338E-004,-7.8397643E-004,-7.8640597E-004,-7.5826222E-004,-7.6457824E-004,-7.7052293E-004,-7.7709623E-004,-7.8284666E-004,-7.8904611E-004,-7.7414543E-004,-7.7601124E-004,-7.7549468E-004,-7.7448540E-004,-7.7220481E-004,-7.8033252E-004,-8.0719205E-004,-8.1075702E-004,-8.0671249E-004,-8.1059686E-004
-6.7470121E-001, 0.0000000E+000, 0.0000000E+000, 0.0000000E+000, 0.0000000E+000, 0.0000000E+000,-7.4918926E-004,-7.6586701E-004,-7.8149217E-004,-7.9854603E-004,-7.8920881E-004,-7.9424632E-004,-7.9967345E-004,-8.0204218E-004,-7.7883177E-004,-7.8081395E-004,-7.8013869E-004,-7.8213239E-004,-7.7040529E-004,-7.7233430E-004,-7.7451454E-004,-7.7668697E-004,-7.7821451E-004,-7.7715863E-004,-7.7818535E-004,-7.7995830E-004,-7.8158792E-004,-7.8355468E-004,-7.8632660E-004,-7.8897661E-004,-7.6098790E-004,-7.6653384E-004,-7.7240203E-004,-7.7889016E-004,-7.8455903E-004,-7.9069251E-004,-7.7599240E-004,-7.7807581E-004,-7.7777633E-004,-7.7698864E-004,-7.7483049E-004,-7.8034618E-004,-8.0720326E-004,-8.1076799E-004,-8.0672839E-004,-8.1061277E-004
-5.3957350E-001, 0.0000000E+000, 0.0000000E+000, 0.0000000E+000, 0.0000000E+000, 0.0000000E+000,-7.5260126E-004,-7.6918793E-004,-7.8468627E-004,-8.0153746E-004,-7.9181496E-004,-7.9668416E-004,-8.0177989E-004,-8.0393562E-004,-7.8053214E-004,-7.8242995E-004,-7.8172596E-004,-7.8375586E-004,-7.7224047E-004,-7.7418899E-004,-7.7634789E-004,-7.7845964E-004,-7.7988737E-004,-7.7871546E-004,-7.7956795E-004,-7.8115022E-004,-7.8257736E-004,-7.8433434E-004,-7.8690763E-004,-7.8940164E-004,-7.6127363E-004,-7.6673916E-004,-7.7271174E-004,-7.7934271E-004,-7.8518557E-004,-7.9152257E-004,-7.7765748E-004,-7.7954190E-004,-7.7906213E-004,-7.7808707E-004,-7.7580282E-004,-7.8035224E-004,-8.0720883E-004,-8.1077131E-004,-8.0672995E-004,-8.1061337E-004
-4.7200965E-001, 0.0000000E+000, 0.0000000E+000, 0.0000000E+000, 0.0000000E+000, 0.0000000E+000,-7.5601326E-004,-7.7250885E-004,-7.8788036E-004,-8.0452890E-004,-7.9442110E-004,-7.9912200E-004,-8.0388633E-004,-8.0582907E-004,-7.8223250E-004,-7.8404594E-004,-7.8331323E-004,-7.8537933E-004,-7.7407565E-004,-7.7604368E-004,-7.7818124E-004,-7.8023231E-004,-7.8156023E-004,-7.8027228E-004,-7.8095055E-004,-7.8234214E-004,-7.8356680E-004,-7.8511399E-004,-7.8748867E-004,-7.8982668E-004,-7.6155935E-004,-7.6694448E-004,-7.7302145E-004,-7.7979525E-004,-7.8581211E-004,-7.9235263E-004,-7.7932255E-004,-7.8100798E-004,-7.8034793E-004,-7.7918550E-004,-7.7677515E-004,-7.8035830E-004,-8.0721440E-004,-8.1077464E-004,-8.0673152E-004,-8.1061397E-004
-3.3688194E-001, 0.0000000E+000, 0.0000000E+000, 0.0000000E+000, 0.0000000E+000, 0.0000000E+000,-7.5738751E-004,-7.7390550E-004,-7.8933300E-004,-8.0601085E-004,-7.9590552E-004,-8.0060247E-004,-8.0532584E-004,-8.0721143E-004,-7.8350783E-004,-7.8521800E-004,-7.8436960E-004,-7.8629953E-004,-7.7433920E-004,-7.7623633E-004,-7.7831946E-004,-7.8033013E-004,-7.8163007E-004,-7.8031865E-004,-7.8098548E-004,-7.8237858E-004,-7.8360529E-004,-7.8514682E-004,-7.8751424E-004,-7.8986283E-004,-7.6160045E-004,-7.6764234E-004,-7.7371726E-004,-7.8047045E-004,-7.8643562E-004,-7.9289872E-004,-7.7942996E-004,-7.8115670E-004,-7.8052330E-004,-7.7938379E-004,-7.7698805E-004,-7.8036577E-004,-8.0722266E-004,-8.1078102E-004,-8.0673466E-004,-8.1061625E-004
-2.6931809E-001, 0.0000000E+000, 0.0000000E+000, 0.0000000E+000, 0.0000000E+000, 0.0000000E+000,-7.5876176E-004,-7.7530215E-004,-7.9078563E-004,-8.0749281E-004,-7.9738995E-004,-8.0208295E-004,-8.0676535E-004,-8.0859378E-004,-7.8478315E-004,-7.8639005E-004,-7.8542597E-004,-7.8721973E-004,-7.7460275E-004,-7.7642899E-004,-7.7845767E-004,-7.8042796E-004,-7.8169990E-004,-7.8036502E-004,-7.8102041E-004,-7.8241501E-004,-7.8364378E-004,-7.8517965E-004,-7.8753981E-004,-7.8989897E-004,-7.6164155E-004,-7.6834019E-004,-7.7441306E-004,-7.8114565E-004,-7.8705912E-004,-7.9344480E-004,-7.7953737E-004,-7.8130542E-004,-7.8069866E-004,-7.7958209E-004,-7.7720095E-004,-7.8037325E-004,-8.0723092E-004,-8.1078739E-004,-8.0673779E-004,-8.1061853E-004
-1.3419039E-001, 0.0000000E+000, 0.0000000E+000, 0.0000000E+000, 0.0000000E+000, 0.0000000E+000,-7.6013470E-004,-7.7654973E-004,-7.9182313E-004,-8.0840714E-004,-7.9816290E-004,-8.0281483E-004,-8.0747788E-004,-8.0935084E-004,-7.8563423E-004,-7.8734222E-004,-7.8640252E-004,-7.8826079E-004,-7.7461818E-004,-7.7644602E-004,-7.7848042E-004,-7.8046168E-004,-7.8175653E-004,-7.8046061E-004,-7.8118292E-004,-7.8268727E-004,-7.8405403E-004,-7.8573920E-004,-7.8824970E-004,-7.9075879E-004,-7.6257301E-004,-7.6835904E-004,-7.7443135E-004,-7.8116501E-004,-7.8707776E-004,-7.9346350E-004,-7.7958014E-004,-7.8135904E-004,-7.8075407E-004,-7.7962929E-004,-7.7724404E-004,-7.8037574E-004,-8.0723447E-004,-8.1079131E-004,-8.0674033E-004,-8.1062065E-004
-6.6626533E-002, 0.0000000E+000, 0.0000000E+000, 0.0000000E+000, 0.0000000E+000, 0.0000000E+000,-7.6150763E-004,-7.7779731E-004,-7.9286062E-004,-8.0932147E-004,-7.9893586E-004,-8.0354672E-004,-8.0819041E-004,-8.1010789E-004,-7.8648532E-004,-7.8829439E-004,-7.8737907E-004,-7.8930184E-004,-7.7463361E-004,-7.7646304E-004,-7.7850317E-004,-7.8049541E-004,-7.8181315E-004,-7.8055620E-004,-7.8134542E-004,-7.8295953E-004,-7.8446427E-004,-7.8629876E-004,-7.8895959E-004,-7.9161861E-004,-7.6350447E-004,-7.6837789E-004,-7.7444964E-004,-7.8118437E-004,-7.8709640E-004,-7.9348220E-004,-7.7962291E-004,-7.8141266E-004,-7.8080949E-004,-7.7967649E-004,-7.7728713E-004,-7.8037823E-004,-8.0723802E-004,-8.1079522E-004,-8.0674286E-004,-8.1062277E-004
 9.3731899E-004, 0.0000000E+000, 9.3731899E-004, 0.0000000E+000, 9.3731899E-004, 0.0000000E+000,-7.6150763E-004,-7.7779731E-004,-7.9286062E-004,-8.0932147E-004,-7.9893586E-004,-8.0354672E-004,-8.0819041E-004,-8.1010789E-004,-7.8648532E-004,-7.8829439E-004,-7.8737907E-004,-7.8930184E-004,-7.7463361E-004,-7.7646304E-004,-7.7850317E-004,-7.8049541E-004,-7.8181315E-004,-7.8055620E-004,-7.8134542E-004,-7.8295953E-004,-7.8446427E-004,-7.8629876E-004,-7.8895959E-004,-7.9161861E-004,-7.6350447E-004,-7.6837789E-004,-7.7444964E-004,-7.8118437E-004,-7.8709640E-004,-7.9348220E-004,-7.7962291E-004,-7.8141266E-004,-7.8080949E-004,-7.7967649E-004,-7.7728713E-004,-7.8037823E-004,-8.0723802E-004,-8.1079522E-004,-8.0674286E-004,-8.1062277E-004
 1.3606502E-001, 0.0000000E+000, 1.3606502E-001, 0.0000000E+000, 1.3606502E-001, 0.0000000E+000,-7.6170561E-004,-7.7801330E-004,-7.9306106E-004,-8.0953527E-004,-7.9918702E-004,-8.0382072E-004,-8.0854393E-004,-8.1057092E-004,-7.8713719E-004,-7.8919673E-004,-7.8862844E-004,-7.9098613E-004,-7.7478558E-004,-7.7662623E-004,-7.7867802E-004,-7.8067751E-004,-7.8199908E-004,-7.8071824E-004,-7.8150506E-004,-7.8313075E-004,-7.8463086E-004,-7.8643693E-004,-7.8906961E-004,-7.9174134E-004,-7.6361108E-004,-7.6845180E-004,-7.7453359E-004,-7.8128094E-004,-7.8720235E-004,-7.9359949E-004,-7.7986508E-004,-7.8183860E-004,-7.8146298E-004,-7.8061893E-004,-7.7844007E-004,-7.8037300E-004,-8.0722997E-004,-8.1078699E-004,-8.0673446E-004,-8.1061443E-004
 2.0267728E-001, 0.0000000E+000, 2.0267728E-001, 0.0000000E+000, 2.0267728E-001, 0.0000000E+000,-7.6262157E-004,-7.7909563E-004,-7.9441841E-004,-8.1117703E-004,-8.0126325E-004,-8.0615570E-004,-8.1141187E-004,-8.1381730E-004,-7.9063128E-004,-7.9291808E-004,-7.9254701E-004,-7.9494467E-004,-7.7485186E-004,-7.7669490E-004,-7.7876843E-004,-7.8081204E-004,-7.8220914E-004,-7.8107170E-004,-7.8202093E-004,-7.8384817E-004,-7.8553869E-004,-7.8749911E-004,-7.9025661E-004,-7.9304977E-004,-7.6501224E-004,-7.6977824E-004,-7.7575423E-004,-7.8234013E-004,-7.8805288E-004,-7.9423150E-004,-7.7999469E-004,-7.8193003E-004,-7.8152459E-004,-7.8065804E-004,-7.7847278E-004,-7.8038697E-004,-8.0723021E-004,-8.1077392E-004,-8.0671638E-004,-8.1059602E-004
 3.0086743E-001, 5.5884538E+000, 2.8438573E-001, 5.5934847E+000, 2.8438573E-001, 9.7999263E-001,-7.4906410E-004,-7.6467137E-004,-7.8135215E-004,-7.9724204E-004,-7.9434329E-004,-7.9877441E-004,-8.0320736E-004,-8.0514462E-004,-7.8824337E-004,-7.9030306E-004,-7.9089497E-004,-7.9320598E-004,-1.6598288E-004,-4.7378842E-005, 9.1335410E-005, 2.5303314E-004, 4.4166904E-004, 5.7267170E-004, 8.2804350E-004, 1.1556632E-003, 1.5958349E-003, 2.2042104E-003, 3.0384851E-003, 4.1179620E-003, 4.0792388E-003, 2.3918906E-002, 2.8684645E-002, 3.3395319E-002, 3.7406244E-002, 4.0035083E-002, 4.6950684E-004, 8.3507311E-004, 1.1243711E-003, 1.3594331E-003, 1.4774723E-003, 6.6866401E-003, 1.1922160E-002, 1.1180757E-002, 1.1518060E-002, 8.9913290E-003
 4.0305400E-001, 6.3557890E+000, 4.0305400E-001, 6.3113524E+000, 4.0305400E-001, 4.9073305E+000, 8.9067073E-004, 1.1223194E-003, 1.3741234E-003, 1.7020040E-003, 9.9155733E-004, 1.1984665E-003, 1.6702971E-003, 2.0755783E-003, 8.9685336E-004, 1.2115975E-003, 1.4841621E-003, 1.8923999E-003, 4.7100477E-003, 6.1568072E-003, 7.9456836E-003, 1.0115295E-002, 1.2683172E-002, 1.4926803E-002, 1.7981538E-002, 2.1336928E-002, 2.4989713E-002, 2.9053525E-002, 3.3766457E-002, 3.9471365E-002, 4.6133579E-002, 5.8415841E-001, 6.5851430E-001, 7.2874762E-001, 7.8976390E-001, 8.3705462E-001, 1.1610770E-002, 1.2704330E-002, 1.3318004E-002, 1.3969794E-002, 1.4564445E-002, 2.1305458E-001, 2.8223283E-001, 2.5937099E-001, 2.9096979E-001, 2.3973979E-001
 5.0276831E-001, 6.5831176E+000, 5.0276831E-001, 6.5533596E+000, 4.9823584E-001, 1.3627301E+001, 1.0981764E-002, 1.2793865E-002, 1.4542076E-002, 1.7002520E-002, 1.1883948E-002, 1.3419496E-002, 1.6896933E-002, 1.9870668E-002, 1.5328614E-002, 1.8136189E-002, 2.0273191E-002, 2.3508243E-002, 2.1700654E-001, 2.4705650E-001, 2.8204306E-001, 3.2277742E-001, 3.7001891E-001, 4.1227134E-001, 4.7184640E-001, 5.4027445E-001, 6.1821033E-001, 7.0763069E-001, 8.1117670E-001, 9.3092413E-001, 1.0815775E+000, 3.2999959E+000, 3.7158348E+000, 4.1564243E+000, 4.5763674E+000, 4.9073447E+000, 3.5346613E-001, 3.8463018E-001, 4.0595538E-001, 4.2802202E-001, 4.4310876E-001, 1.3083837E+000, 1.6693521E+000, 1.5216682E+000, 1.9030587E+000, 1.6042349E+000
 6.0248262E-001, 7.1171138E+000, 6.0248262E-001, 7.1776124E+000, 6.0248262E-001, 1.7532171E+001, 1.2603407E-001, 1.4239352E-001, 1.5964576E-001, 1.8270961E-001, 1.8161843E-001, 1.9787704E-001, 2.3460062E-001, 2.6638816E-001, 2.6310403E-001, 2.9595149E-001, 3.2818957E-001, 3.7102723E-001, 9.7746179E-001, 1.0880076E+000, 1.2158096E+000, 1.3633536E+000, 1.5331367E+000, 1.6774644E+000, 1.8939226E+000, 2.1457393E+000, 2.4371547E+000, 2.7762109E+000, 3.1701381E+000, 3.6187721E+000, 4.0469974E+000, 7.8899665E+000, 8.7240359E+000, 9.5646314E+000, 1.0331531E+001, 1.1140101E+001, 1.4930527E+000, 1.6426534E+000, 1.7412823E+000, 1.8411827E+000, 1.9036457E+000, 3.5282275E+000, 4.3095937E+000, 3.8328804E+000, 4.7185835E+000, 4.0452313E+000
 7.0219693E-001, 7.7259055E+000, 7.0219693E-001, 7.3569351E+000, 7.0219693E-001, 2.0422954E+001, 5.0882073E-001, 5.5034196E-001, 5.9114111E-001, 6.4944893E-001, 6.7307350E-001, 7.1591867E-001, 8.1154796E-001, 8.9325731E-001, 9.0871193E-001, 1.0005738E+000, 1.0877464E+000, 1.2042764E+000, 2.3838324E+000, 2.6508449E+000, 2.9554748E+000, 3.3028379E+000, 3.6975759E+000, 4.0432918E+000, 4.5321680E+000, 5.0873391E+000, 5.7110124E+000, 6.4137241E+000, 7.2055687E+000, 8.0860845E+000, 8.7364122E+000, 1.3153030E+001, 1.4451387E+001, 1.5778525E+001, 1.6909014E+001, 1.8378585E+001, 3.5766551E+000, 3.8676687E+000, 4.0705781E+000, 4.3072599E+000, 4.4557196E+000, 6.3478792E+000, 7.6255311E+000, 6.7237541E+000, 8.5013817E+000, 7.3669077E+000
 8.0191124E-001, 8.2905161E+000, 8.0191124E-001, 8.0265007E+000, 8.0191124E-001, 2.2834691E+001, 1.1006887E+000, 1.1650264E+000, 1.2297485E+000, 1.3264753E+000, 1.3982386E+000, 1.4812665E+000, 1.6684724E+000, 1.8300812E+000, 1.9797573E+000, 2.1819501E+000, 2.3721467E+000, 2.6199702E+000, 4.0612815E+000, 4.4658720E+000, 4.9223765E+000, 5.4395010E+000, 6.0255144E+000, 6.5277132E+000, 7.2583226E+000, 8.0915301E+000, 9.0293504E+000, 1.0083819E+001, 1.1262203E+001, 1.2551992E+001, 1.3349632E+001, 1.8856820E+001, 2.0550283E+001, 2.2258129E+001, 2.3568830E+001, 2.5875191E+001, 5.8744469E+000, 6.3626891E+000, 6.6984205E+000, 7.0736901E+000, 7.2780287E+000, 9.6220595E+000, 1.1477335E+001, 1.0097634E+001, 1.2646864E+001, 1.1051068E+001
 9.0162555E-001, 9.0104997E+000, 9.0162555E-001, 8.4710390E+000, 9.0162555E-001, 2.4870625E+001, 1.5626068E+000, 1.6785281E+000, 1.7920727E+000, 1.9514632E+000, 2.1895325E+000, 2.3235483E+000, 2.6189253E+000, 2.8683213E+000, 3.1800369E+000, 3.4837721E+000, 3.7714608E+000, 4.1427998E+000, 6.2455838E+000, 6.8549680E+000, 7.5404667E+000, 8.3122493E+000, 9.1787296E+000, 9.9239671E+000, 1.0975549E+001, 1.2157437E+001, 1.3469978E+001, 1.4931366E+001, 1.6554730E+001, 1.8325958E+001, 1.9264493E+001, 2.6183249E+001, 2.8471192E+001, 3.0784315E+001, 3.2475001E+001, 3.6090609E+001, 8.9264402E+000, 9.5900417E+000, 1.0080266E+001, 1.0658727E+001, 1.0939573E+001, 1.4087107E+001, 1.6836197E+001, 1.4607339E+001, 1.8468172E+001, 1.6305963E+001
 1.0013399E+000, 9.5092767E+000, 1.0013399E+000, 9.1805191E+000, 9.9680739E-001, 2.7269753E+001, 2.5242070E+000, 2.7094521E+000, 2.8873000E+000, 3.1341294E+000, 3.5247624E+000, 3.7318676E+000, 4.1889666E+000, 4.5748119E+000, 5.0318169E+000, 5.4936743E+000, 5.9235804E+000, 6.4724538E+000, 8.9677150E+000, 9.8007285E+000, 1.0736843E+001, 1.1790284E+001, 1.2972115E+001, 1.3981917E+001, 1.5415603E+001, 1.7023311E+001, 1.8802662E+001, 2.0775697E+001, 2.2955666E+001, 2.5316820E+001, 2.6409566E+001, 3.3403654E+001, 3.6180069E+001, 3.8810540E+001, 4.0750551E+001, 4.5718618E+001, 1.2639432E+001, 1.3546623E+001, 1.4229910E+001, 1.4995092E+001, 1.5295695E+001, 1.8446171E+001, 2.2048838E+001, 1.9136094E+001, 2.4306626E+001, 2.1538201E+001
 1.1010542E+000, 1.0179097E+001, 1.1010542E+000, 9.8192473E+000, 1.1010542E+000, 3.0158658E+001, 3.6967544E+000, 3.9491416E+000, 4.1846467E+000, 4.5223382E+000, 5.0214872E+000, 5.3070223E+000, 5.9384899E+000, 6.4724433E+000, 7.0299490E+000, 7.6644022E+000, 8.2598978E+000, 9.0172930E+000, 1.1193012E+001, 1.2224532E+001, 1.3378163E+001, 1.4669757E+001, 1.6111417E+001, 1.7325847E+001, 1.9056543E+001, 2.0986110E+001, 2.3106229E+001, 2.5437973E+001, 2.7993516E+001, 3.0742279E+001, 3.1929920E+001, 3.5769313E+001, 3.8681818E+001, 4.1273635E+001, 4.3460914E+001, 4.8601348E+001, 1.5721603E+001, 1.6861304E+001, 1.7727793E+001, 1.8662303E+001, 1.9006247E+001, 2.0261677E+001, 2.4016469E+001, 2.0852383E+001, 2.6299227E+001, 2.3396829E+001
 1.2007685E+000, 1.0727699E+001, 1.2007685E+000, 1.0791180E+001, 1.1962360E+000, 3.2488996E+001, 4.4430942E+000, 4.7556958E+000, 5.0542883E+000, 5.4658029E+000, 6.0576094E+000, 6.3971002E+000, 7.1396942E+000, 7.7608335E+000, 8.3694160E+000, 9.0978350E+000, 9.7812959E+000, 1.0650168E+001, 1.1936344E+001, 1.3024871E+001, 1.4239838E+001, 1.5595612E+001, 1.7102669E+001, 1.8371727E+001, 2.0167727E+001, 2.2165282E+001, 2.4356584E+001, 2.6762629E+001, 2.9392635E+001, 3.2206818E+001, 3.3376348E+001, 3.7624661E+001, 4.0517352E+001, 4.2873040E+001, 4.5495436E+001, 5.0261354E+001, 1.6682123E+001, 1.7856397E+001, 1.8771700E+001, 1.9761295E+001, 2.0136099E+001, 2.1825981E+001, 2.5815286E+001, 2.2552280E+001, 2.8177693E+001, 2.5148358E+001
 1.3038645E+000, 1.1342337E+001, 1.3038645E+000, 1.1505665E+001, 1.3038645E+000, 3.4658514E+001, 4.7976797E+000, 5.1339591E+000, 5.4491837E+000, 5.8817011E+000, 6.4832516E+000, 6.8350245E+000, 7.6040951E+000, 8.2485695E+000, 8.8632992E+000, 9.6253913E+000, 1.0342099E+001, 1.1252262E+001, 1.3010071E+001, 1.4178209E+001, 1.5477568E+001, 1.6923392E+001, 1.8526124E+001, 1.9869380E+001, 2.1766810E+001, 2.3867113E+001, 2.6157534E+001, 2.8656649E+001, 3.1373503E+001, 3.4264385E+001, 3.5451051E+001, 4.0158173E+001, 4.3092651E+001, 4.5354061E+001, 4.8698400E+001, 5.2658088E+001, 1.8081456E+001, 1.9343638E+001, 2.0341326E+001, 2.1408532E+001, 2.1801480E+001, 2.3770225E+001, 2.8248421E+001, 2.4493887E+001, 3.0068543E+001, 2.6886775E+001
 1.4060587E+000, 1.2104601E+001, 1.4060587E+000, 1.1957056E+001, 1.4060587E+000, 3.8134819E+001, 5.2524358E+000, 5.6124341E+000, 5.9467341E+000, 6.4061911E+000, 7.0207946E+000, 7.3935136E+000, 8.2099920E+000, 8.8959487E+000, 9.5358453E+000, 1.0350290E+001, 1.1117473E+001, 1.2088101E+001, 1.4099322E+001, 1.5347661E+001, 1.6729691E+001, 1.8260036E+001, 1.9948323E+001, 2.1344921E+001, 2.3327283E+001, 2.5512981E+001, 2.7885534E+001, 3.0461700E+001, 3.3247950E+001, 3.6193924E+001, 3.7320487E+001, 4.1134320E+001, 4.4007003E+001, 4.6232606E+001, 5.0078929E+001, 5.3112248E+001, 1.9495871E+001, 2.0836375E+001, 2.1898252E+001, 2.3014180E+001, 2.3370376E+001, 2.4885276E+001, 2.9630088E+001, 2.5723780E+001, 3.0947001E+001, 2.7731121E+001
 1.5009533E+000, 1.2771075E+001, 1.5009533E+000, 1.2428307E+001, 1.5009533E+000, 4.1994620E+001, 5.6896138E+000, 6.0732510E+000, 6.4177557E+000, 6.9026558E+000, 7.5470953E+000, 7.9422899E+000, 8.8101710E+000, 9.5412103E+000, 1.0241875E+001, 1.1115850E+001, 1.1934732E+001, 1.2973638E+001, 1.4831948E+001, 1.6116294E+001, 1.7530521E+001, 1.9089408E+001, 2.0803229E+001, 2.2206403E+001, 2.4213866E+001, 2.6424511E+001, 2.8818696E+001, 3.1409977E+001, 3.4201221E+001, 3.7137986E+001, 3.8176496E+001, 4.1819610E+001, 4.4552851E+001, 4.6770315E+001, 5.0847361E+001, 5.2910275E+001, 2.0370006E+001, 2.1785372E+001, 2.2912391E+001, 2.4065285E+001, 2.4398525E+001, 2.5570354E+001, 3.0501188E+001, 2.6771955E+001, 3.1394733E+001, 2.8136844E+001
 1.6024175E+000, 1.3499243E+001, 1.6024175E+000, 1.3011056E+001, 1.6024175E+000, 4.5111319E+001, 6.0152662E+000, 6.4171750E+000, 6.7705990E+000, 7.2763544E+000, 7.9594645E+000, 8.3758101E+000, 9.2918007E+000, 1.0063549E+001, 1.0822486E+001, 1.1740752E+001, 1.2598420E+001, 1.3679505E+001, 1.5380525E+001, 1.6685450E+001, 1.8119195E+001, 1.9694623E+001, 2.1419609E+001, 2.2833601E+001, 2.4837223E+001, 2.7038978E+001, 2.9422138E+001, 3.2005519E+001, 3.4794716E+001, 3.7728785E+001, 3.8757260E+001, 4.2641767E+001, 4.5196149E+001, 4.7604789E+001, 5.1828886E+001, 5.3272376E+001, 2.0953982E+001, 2.2323348E+001, 2.3442135E+001, 2.4584611E+001, 2.4914584E+001, 2.6565389E+001, 3.1319688E+001, 2.8153435E+001, 3.2014171E+001, 2.8635521E+001
 1.7068016E+000, 1.4347621E+001, 1.7068016E+000, 1.4174544E+001, 1.7068016E+000, 4.8142965E+001, 6.3157173E+000, 6.7362765E+000, 7.1004198E+000, 7.6250334E+000, 8.3426325E+000, 8.7725055E+000, 9.7159239E+000, 1.0508056E+001, 1.1280457E+001, 1.2215246E+001, 1.3094134E+001, 1.4195626E+001, 1.6169234E+001, 1.7518586E+001, 1.8998267E+001, 2.0619798E+001, 2.2388699E+001, 2.3820486E+001, 2.5852736E+001, 2.8074586E+001, 3.0469989E+001, 3.3058190E+001, 3.5838005E+001, 3.8744006E+001, 3.9770992E+001, 4.2131547E+001, 4.4393212E+001, 4.6897827E+001, 5.0653214E+001, 5.1589405E+001, 2.1918063E+001, 2.3315428E+001, 2.4443656E+001, 2.5543578E+001, 2.5837000E+001, 2.6941383E+001, 3.1452601E+001, 2.8733921E+001, 3.1962075E+001, 2.8645576E+001
 1.8015502E+000, 1.5156361E+001, 1.8015502E+000, 1.5193029E+001, 1.8015502E+000, 5.0561657E+001, 6.7380223E+000, 7.1746217E+000, 7.5492610E+000, 8.1019389E+000, 8.8558953E+000, 9.3105515E+000, 1.0308380E+001, 1.1145224E+001, 1.1935213E+001, 1.2912605E+001, 1.3832183E+001, 1.4973043E+001, 1.6618978E+001, 1.7960293E+001, 1.9427405E+001, 2.1033028E+001, 2.2782968E+001, 2.4216785E+001, 2.6226661E+001, 2.8417262E+001, 3.0762558E+001, 3.3268851E+001, 3.5931680E+001, 3.8710203E+001, 3.9658292E+001, 4.0823006E+001, 4.2958319E+001, 4.5645986E+001, 4.8670919E+001, 4.9649466E+001, 2.2291252E+001, 2.3659406E+001, 2.4799987E+001, 2.5857484E+001, 2.6108055E+001, 2.6859282E+001, 3.1038931E+001, 2.8691242E+001, 3.1319010E+001, 2.8138293E+001
 1.9093067E+000, 1.6313206E+001, 1.9093067E+000, 1.6479710E+001, 1.9093067E+000, 5.2992288E+001, 7.0956008E+000, 7.5455092E+000, 7.9281941E+000, 8.4817409E+000, 9.2042605E+000, 9.6541971E+000, 1.0642619E+001, 1.1475392E+001, 1.2250933E+001, 1.3237907E+001, 1.4170751E+001, 1.5333459E+001, 1.6687342E+001, 1.8011967E+001, 1.9455442E+001, 2.1026980E+001, 2.2729413E+001, 2.4099214E+001, 2.6034762E+001, 2.8137720E+001, 3.0380994E+001, 3.2765918E+001, 3.5282364E+001, 3.7896833E+001, 3.8731317E+001, 3.9284346E+001, 4.1285597E+001, 4.3928682E+001, 4.6226960E+001, 4.7633260E+001, 2.2275048E+001, 2.3677032E+001, 2.4863627E+001, 2.5899991E+001, 2.6119736E+001, 2.6552228E+001, 3.0464143E+001, 2.8809761E+001, 3.0272663E+001, 2.7224909E+001
 2.0064642E+000, 1.7334485E+001, 2.0064642E+000, 1.7743079E+001, 2.0064642E+000, 5.5352832E+001, 7.3081397E+000, 7.7682731E+000, 8.1458484E+000, 8.7088418E+000, 9.4712976E+000, 9.9324645E+000, 1.0944708E+001, 1.1795088E+001, 1.2598572E+001, 1.3592009E+001, 1.4502105E+001, 1.5656039E+001, 1.6703173E+001, 1.7978861E+001, 1.9365821E+001, 2.0875406E+001, 2.2512598E+001, 2.3827400E+001, 2.5699929E+001, 2.7736104E+001, 2.9903609E+001, 3.2191431E+001, 3.4586392E+001, 3.7073272E+001, 3.7814537E+001, 3.8220796E+001, 4.0200824E+001, 4.2677599E+001, 4.4250937E+001, 4.5875425E+001, 2.2095464E+001, 2.3491088E+001, 2.4662400E+001, 2.5643361E+001, 2.5847362E+001, 2.6403641E+001, 3.0021796E+001, 2.9002836E+001, 2.9525553E+001, 2.6606111E+001
 2.1036217E+000, 1.8493204E+001, 2.1036217E+000, 1.8845288E+001, 2.1036217E+000, 5.7426663E+001, 7.5476749E+000, 8.0328685E+000, 8.4422407E+000, 9.0231267E+000, 9.7850158E+000, 1.0242340E+001, 1.1233581E+001, 1.2058321E+001, 1.2787507E+001, 1.3746364E+001, 1.4648857E+001, 1.5777959E+001, 1.6689645E+001, 1.7962128E+001, 1.9334125E+001, 2.0808309E+001, 2.2382452E+001, 2.3620534E+001, 2.5378725E+001, 2.7284847E+001, 2.9302958E+001, 3.1417065E+001, 3.3639179E+001, 3.5995973E+001, 3.6695454E+001, 3.7409881E+001, 3.9556487E+001, 4.1971566E+001, 4.3420680E+001, 4.5250456E+001, 2.1972332E+001, 2.3312068E+001, 2.4443080E+001, 2.5363178E+001, 2.5544614E+001, 2.6525112E+001, 2.9810789E+001, 2.9166496E+001, 2.8852005E+001, 2.6047658E+001
 2.2007792E+000, 1.9639750E+001, 2.2007792E+000, 1.9680947E+001, 2.2007792E+000, 5.9815278E+001, 7.5503688E+000, 8.0216337E+000, 8.4219959E+000, 8.9869503E+000, 9.7015049E+000, 1.0149680E+001, 1.1124733E+001, 1.1938872E+001, 1.2639867E+001, 1.3588316E+001, 1.4477286E+001, 1.5591409E+001, 1.6692976E+001, 1.7953771E+001, 1.9313072E+001, 2.0773165E+001, 2.2331723E+001, 2.3559200E+001, 2.5293767E+001, 2.7157226E+001, 2.9104625E+001, 3.1117730E+001, 3.3216690E+001, 3.5413499E+001, 3.5883176E+001, 3.7097754E+001, 3.9305955E+001, 4.1284358E+001, 4.2610857E+001, 4.4514946E+001, 2.1927101E+001, 2.3247872E+001, 2.4331767E+001, 2.5185854E+001, 2.5358387E+001, 2.6670447E+001, 2.9690052E+001, 3.0038438E+001, 2.8896609E+001, 2.6172066E+001
 2.3105672E+000, 2.0782517E+001, 2.3105672E+000, 2.0668633E+001, 2.3105672E+000, 6.2475830E+001, 7.7788429E+000, 8.2614159E+000, 8.6552175E+000, 9.2253655E+000, 9.9270221E+000, 1.0376298E+001, 1.1350149E+001, 1.2159155E+001, 1.2842521E+001, 1.3775726E+001, 1.4629940E+001, 1.5717248E+001, 1.7033511E+001, 1.8260753E+001, 1.9583124E+001, 2.1004767E+001, 2.2525339E+001, 2.3737886E+001, 2.5446706E+001, 2.7279645E+001, 2.9180279E+001, 3.1134651E+001, 3.3199304E+001, 3.5388356E+001, 3.5818228E+001, 3.6571299E+001, 3.8900947E+001, 4.0359548E+001, 4.1633132E+001, 4.3821757E+001, 2.2139223E+001, 2.3493558E+001, 2.4563473E+001, 2.5412670E+001, 2.5690774E+001, 2.7100367E+001, 2.9685026E+001, 3.0395495E+001, 2.8943732E+001, 2.6326430E+001
 2.4067531E+000, 2.1798436E+001, 2.4067531E+000, 2.1639451E+001, 2.4067531E+000, 6.4884416E+001, 8.1152113E+000, 8.5902476E+000, 8.9849129E+000, 9.5382307E+000, 1.0176958E+001, 1.0614212E+001, 1.1567146E+001, 1.2365466E+001, 1.3042333E+001, 1.3983267E+001, 1.4855525E+001, 1.5951768E+001, 1.7534765E+001, 1.8763286E+001, 2.0068220E+001, 2.1449449E+001, 2.2909168E+001, 2.4036635E+001, 2.5668498E+001, 2.7406498E+001, 2.9184119E+001, 3.1009397E+001, 3.2976633E+001, 3.5052223E+001, 3.5291067E+001, 3.5659140E+001, 3.7997566E+001, 3.9051001E+001, 4.0367265E+001, 4.2687044E+001, 2.2595865E+001, 2.4003209E+001, 2.5033961E+001, 2.5766554E+001, 2.5992975E+001, 2.7098919E+001, 2.9351526E+001, 3.0188566E+001, 2.8771581E+001, 2.6245296E+001
 2.5029390E+000, 2.2420484E+001, 2.5029390E+000, 2.2605310E+001, 2.5029390E+000, 6.6966115E+001, 8.1558848E+000, 8.6565839E+000, 9.0787124E+000, 9.6592677E+000, 1.0348381E+001, 1.0799896E+001, 1.1772417E+001, 1.2577178E+001, 1.3264338E+001, 1.4200523E+001, 1.5061129E+001, 1.6162890E+001, 1.7592404E+001, 1.8820756E+001, 2.0124345E+001, 2.1502360E+001, 2.2956812E+001, 2.4093425E+001, 2.5701589E+001, 2.7397473E+001, 2.9117651E+001, 3.0883539E+001, 3.2780769E+001, 3.4691099E+001, 3.4627907E+001, 3.4530554E+001, 3.6623585E+001, 3.7395993E+001, 3.8855584E+001, 4.1264964E+001, 2.2614276E+001, 2.3961649E+001, 2.4921292E+001, 2.5620999E+001, 2.5916637E+001, 2.6639938E+001, 2.8470296E+001, 2.9965619E+001, 2.8953941E+001, 2.6612593E+001
 2.6051329E+000, 2.3469372E+001, 2.6051329E+000, 2.3208531E+001, 2.6051329E+000, 6.9305437E+001, 8.5482560E+000, 9.0540362E+000, 9.4838361E+000, 1.0077304E+001, 1.0792966E+001, 1.1257661E+001, 1.2253580E+001, 1.3070972E+001, 1.3771009E+001, 1.4703052E+001, 1.5528398E+001, 1.6596984E+001, 1.7713690E+001, 1.8863144E+001, 2.0083175E+001, 2.1376152E+001, 2.2748892E+001, 2.3831610E+001, 2.5371527E+001, 2.6979378E+001, 2.8597347E+001, 3.0287935E+001, 3.2145310E+001, 3.3954783E+001, 3.3798032E+001, 3.3336896E+001, 3.4974102E+001, 3.5561225E+001, 3.6895037E+001, 3.9150133E+001, 2.2469956E+001, 2.3880652E+001, 2.4837976E+001, 2.5508330E+001, 2.5852214E+001, 2.6116445E+001, 2.7654694E+001, 2.9039094E+001, 2.8611373E+001, 2.6386484E+001
 2.7003078E+000, 2.4659779E+001, 2.7003078E+000, 2.4044656E+001, 2.7003078E+000, 7.1347540E+001, 8.7454714E+000, 9.2594830E+000, 9.7108832E+000, 1.0299592E+001, 1.0994045E+001, 1.1451341E+001, 1.2433527E+001, 1.3245111E+001, 1.3955942E+001, 1.4898972E+001, 1.5739476E+001, 1.6822248E+001, 1.7688339E+001, 1.8799596E+001, 1.9965484E+001, 2.1190160E+001, 2.2481611E+001, 2.3478738E+001, 2.4882609E+001, 2.6322711E+001, 2.7776972E+001, 2.9338303E+001, 3.1041051E+001, 3.2583015E+001, 3.2318348E+001, 3.1523532E+001, 3.2715760E+001, 3.3354028E+001, 3.4618520E+001, 3.6779065E+001, 2.2220008E+001, 2.3537903E+001, 2.4405901E+001, 2.4998119E+001, 2.5330699E+001, 2.5290079E+001, 2.6651992E+001, 2.7974378E+001, 2.8025035E+001, 2.5952561E+001
 2.8050002E+000, 2.5900191E+001, 2.8050002E+000, 2.5031022E+001, 2.8050002E+000, 7.3656394E+001, 8.8068994E+000, 9.3313031E+000, 9.7859691E+000, 1.0376743E+001, 1.1083246E+001, 1.1532968E+001, 1.2493861E+001, 1.3285451E+001, 1.3982333E+001, 1.4897946E+001, 1.5709118E+001, 1.6758210E+001, 1.7278432E+001, 1.8329083E+001, 1.9430308E+001, 2.0585361E+001, 2.1801923E+001, 2.2739103E+001, 2.4045586E+001, 2.5371460E+001, 2.6709511E+001, 2.8148215E+001, 2.9643352E+001, 3.0864513E+001, 3.0517753E+001, 2.9422594E+001, 3.0212813E+001, 3.1063746E+001, 3.2243714E+001, 3.3804767E+001, 2.1555808E+001, 2.2802985E+001, 2.3597832E+001, 2.4142528E+001, 2.4497005E+001, 2.4177124E+001, 2.5204231E+001, 2.6080638E+001, 2.7196608E+001, 2.5380204E+001
 2.9001752E+000, 2.6841038E+001, 2.9001752E+000, 2.6092405E+001, 2.9001752E+000, 7.6327777E+001, 8.9383193E+000, 9.4749613E+000, 9.9536955E+000, 1.0550908E+001, 1.1268823E+001, 1.1712514E+001, 1.2649604E+001, 1.3410729E+001, 1.4063810E+001, 1.4919602E+001, 1.5643722E+001, 1.6613084E+001, 1.6730067E+001, 1.7709366E+001, 1.8734787E+001, 1.9806135E+001, 2.0929681E+001, 2.1794629E+001, 2.2975218E+001, 2.4174068E+001, 2.5423923E+001, 2.6790927E+001, 2.8123172E+001, 2.9130648E+001, 2.8860466E+001, 2.7660134E+001, 2.8267847E+001, 2.9174090E+001, 3.0093532E+001, 3.1377508E+001, 2.0690495E+001, 2.1832959E+001, 2.2569728E+001, 2.3086115E+001, 2.3440697E+001, 2.3334325E+001, 2.4342879E+001, 2.4919449E+001, 2.6207487E+001, 2.4618808E+001
 3.0017796E+000, 2.7666422E+001, 3.0017796E+000, 2.7321909E+001, 3.0017796E+000, 7.8808384E+001, 8.8347350E+000, 9.3475408E+000, 9.8130245E+000, 1.0383548E+001, 1.1091798E+001, 1.1527557E+001, 1.2452273E+001, 1.3202186E+001, 1.3851929E+001, 1.4678810E+001, 1.5375511E+001, 1.6296760E+001, 1.6520167E+001, 1.7417553E+001, 1.8341085E+001, 1.9295697E+001, 2.0288177E+001, 2.1015984E+001, 2.2038718E+001, 2.3089180E+001, 2.4200716E+001, 2.5377362E+001, 2.6444244E+001, 2.7284685E+001, 2.7140918E+001, 2.5765695E+001, 2.6543068E+001, 2.7183444E+001, 2.7952118E+001, 2.8914082E+001, 2.0116540E+001, 2.1165978E+001, 2.1804227E+001, 2.2256255E+001, 2.2590633E+001, 2.2335995E+001, 2.3370808E+001, 2.3818773E+001, 2.5006525E+001, 2.3550908E+001
 3.1036375E+000, 2.8174723E+001, 3.1036375E+000, 2.8359616E+001, 3.1036375E+000, 8.1054607E+001, 8.7966074E+000, 9.3031165E+000, 9.7625409E+000, 1.0316734E+001, 1.1012077E+001, 1.1431726E+001, 1.2315916E+001, 1.3026406E+001, 1.3628323E+001, 1.4403216E+001, 1.5054160E+001, 1.5921367E+001, 1.6075725E+001, 1.6906124E+001, 1.7753039E+001, 1.8622758E+001, 1.9520003E+001, 2.0162903E+001, 2.1065433E+001, 2.2005858E+001, 2.3010087E+001, 2.4033246E+001, 2.4924742E+001, 2.5683859E+001, 2.5509880E+001, 2.3485020E+001, 2.4311774E+001, 2.4555001E+001, 2.5224307E+001, 2.6120775E+001, 1.9360607E+001, 2.0310359E+001, 2.0895438E+001, 2.1352827E+001, 2.1707074E+001, 2.0992887E+001, 2.1952712E+001, 2.2194981E+001, 2.3074409E+001, 2.1868825E+001
 3.2054954E+000, 2.8803267E+001, 3.1970073E+000, 2.9478290E+001, 3.2054954E+000, 8.3095991E+001, 8.8674839E+000, 9.3650725E+000, 9.8124611E+000, 1.0355053E+001, 1.1029156E+001, 1.1431307E+001, 1.2266844E+001, 1.2928340E+001, 1.3457891E+001, 1.4175135E+001, 1.4773907E+001, 1.5583183E+001, 1.5370468E+001, 1.6105828E+001, 1.6849432E+001, 1.7613131E+001, 1.8399999E+001, 1.8943433E+001, 1.9733276E+001, 2.0567196E+001, 2.1433037E+001, 2.2245170E+001, 2.2935476E+001, 2.3586162E+001, 2.3343407E+001, 2.1265928E+001, 2.1917327E+001, 2.1943541E+001, 2.2546052E+001, 2.3514512E+001, 1.8288289E+001, 1.9165650E+001, 1.9679644E+001, 2.0093837E+001, 2.0426446E+001, 1.9337600E+001, 2.0195937E+001, 2.0415598E+001, 2.0735975E+001, 1.9709168E+001
 3.3073534E+000, 2.9322565E+001, 3.3073534E+000, 3.0377931E+001, 3.3073534E+000, 8.5213462E+001, 8.8635950E+000, 9.3489635E+000, 9.7863306E+000, 1.0304683E+001, 1.0918755E+001, 1.1289691E+001, 1.2050807E+001, 1.2650054E+001, 1.3101035E+001, 1.3763213E+001, 1.4313201E+001, 1.5063340E+001, 1.4441176E+001, 1.5086363E+001, 1.5730728E+001, 1.6390390E+001, 1.7068785E+001, 1.7528616E+001, 1.8217764E+001, 1.8955972E+001, 1.9697912E+001, 2.0343956E+001, 2.0885872E+001, 2.1384009E+001, 2.1023217E+001, 1.9834527E+001, 2.0166340E+001, 2.0217649E+001, 2.0711572E+001, 2.1600811E+001, 1.6988814E+001, 1.7768342E+001, 1.8187485E+001, 1.8518091E+001, 1.8803442E+001, 1.8211355E+001, 1.8883695E+001, 1.9235610E+001, 1.9697446E+001, 1.8783998E+001
 3.4007232E+000, 2.9860474E+001, 3.4007232E+000, 3.1502998E+001, 3.4007232E+000, 8.7365325E+001, 8.5928147E+000, 9.0598032E+000, 9.4683151E+000, 9.9481850E+000, 1.0494806E+001, 1.0828385E+001, 1.1511056E+001, 1.2051955E+001, 1.2454309E+001, 1.3067164E+001, 1.3569989E+001, 1.4253397E+001, 1.3712951E+001, 1.4267225E+001, 1.4826481E+001, 1.5409895E+001, 1.6011841E+001, 1.6415002E+001, 1.7019481E+001, 1.7676619E+001, 1.8329206E+001, 1.8886513E+001, 1.9380198E+001, 1.9852175E+001, 1.9561281E+001, 1.9208659E+001, 1.9291613E+001, 1.9287482E+001, 1.9810346E+001, 2.0708695E+001, 1.5935487E+001, 1.6621533E+001, 1.6982401E+001, 1.7311890E+001, 1.7644726E+001, 1.7817099E+001, 1.8292723E+001, 1.8674962E+001, 1.9312095E+001, 1.8505421E+001
 3.5034202E+000, 3.1109490E+001, 3.5034202E+000, 3.2387367E+001, 3.4963990E+000, 8.9314507E+001, 8.3100682E+000, 8.7439677E+000, 9.1217909E+000, 9.5677866E+000, 1.0055121E+001, 1.0364942E+001, 1.1000807E+001, 1.1506705E+001, 1.1871453E+001, 1.2440955E+001, 1.2897029E+001, 1.3504678E+001, 1.3493502E+001, 1.4003760E+001, 1.4521061E+001, 1.5055156E+001, 1.5597627E+001, 1.5941895E+001, 1.6503135E+001, 1.7095385E+001, 1.7632353E+001, 1.8069534E+001, 1.8497883E+001, 1.8894028E+001, 1.8620039E+001, 1.8668079E+001, 1.8546473E+001, 1.8681783E+001, 1.9351024E+001, 2.0120604E+001, 1.5562519E+001, 1.6221465E+001, 1.6543112E+001, 1.6854531E+001, 1.7196315E+001, 1.7786571E+001, 1.8075162E+001, 1.8433512E+001, 1.9240556E+001, 1.8536358E+001
 3.6040709E+000, 3.2092836E+001, 3.6040709E+000, 3.3158808E+001, 3.6040709E+000, 9.1850722E+001, 8.3069177E+000, 8.7195217E+000, 9.0807678E+000, 9.5020594E+000, 9.9435712E+000, 1.0237121E+001, 1.0842013E+001, 1.1326263E+001, 1.1671241E+001, 1.2213800E+001, 1.2634417E+001, 1.3189469E+001, 1.3560860E+001, 1.4037350E+001, 1.4516617E+001, 1.5004324E+001, 1.5502007E+001, 1.5827558E+001, 1.6366116E+001, 1.6892963E+001, 1.7323135E+001, 1.7686608E+001, 1.8087201E+001, 1.8403603E+001, 1.8201836E+001, 1.7813982E+001, 1.7633572E+001, 1.7958131E+001, 1.8606685E+001, 1.9243147E+001, 1.5483851E+001, 1.6111602E+001, 1.6404671E+001, 1.6711177E+001, 1.7075244E+001, 1.7496394E+001, 1.7646177E+001, 1.7916686E+001, 1.8902237E+001, 1.8330036E+001
 3.7038467E+000, 3.3309680E+001, 3.7038467E+000, 3.4290766E+001, 3.7038467E+000, 9.5040393E+001, 8.5662516E+000, 8.9743547E+000, 9.3385590E+000, 9.7543873E+000, 1.0175932E+001, 1.0465103E+001, 1.1061136E+001, 1.1538047E+001, 1.1865647E+001, 1.2388295E+001, 1.2781691E+001, 1.3299973E+001, 1.3564671E+001, 1.3998179E+001, 1.4428527E+001, 1.4864591E+001, 1.5319635E+001, 1.5615868E+001, 1.6105255E+001, 1.6542497E+001, 1.6888292E+001, 1.7245765E+001, 1.7653914E+001, 1.7935400E+001, 1.7764831E+001, 1.6926300E+001, 1.6824182E+001, 1.7419225E+001, 1.7929229E+001, 1.8366239E+001, 1.5326325E+001, 1.5937096E+001, 1.6208496E+001, 1.6489888E+001, 1.6834826E+001, 1.7174923E+001, 1.7288095E+001, 1.7422330E+001, 1.8633307E+001, 1.8176809E+001
 3.8014298E+000, 3.4304658E+001, 3.8014298E+000, 3.5642615E+001, 3.7925586E+000, 9.8251866E+001, 8.7120559E+000, 9.1192351E+000, 9.4871886E+000, 9.9035335E+000, 1.0322632E+001, 1.0610938E+001, 1.1203517E+001, 1.1675253E+001, 1.1993250E+001, 1.2499420E+001, 1.2865855E+001, 1.3360529E+001, 1.3550725E+001, 1.3969391E+001, 1.4377576E+001, 1.4786325E+001, 1.5214022E+001, 1.5483932E+001, 1.5915997E+001, 1.6263034E+001, 1.6528879E+001, 1.6860214E+001, 1.7265815E+001, 1.7608351E+001, 1.7403336E+001, 1.6150563E+001, 1.6236956E+001, 1.6952667E+001, 1.7308376E+001, 1.7680858E+001, 1.5238430E+001, 1.5843209E+001, 1.6104063E+001, 1.6363283E+001, 1.6681897E+001, 1.6896005E+001, 1.6985193E+001, 1.6885657E+001, 1.8190818E+001, 1.7821822E+001
 3.9078840E+000, 3.5111792E+001, 3.9078840E+000, 3.6787639E+001, 3.9078840E+000, 1.0087359E+002, 8.8309187E+000, 9.2262780E+000, 9.5769336E+000, 9.9821219E+000, 1.0389633E+001, 1.0672836E+001, 1.1256271E+001, 1.1720394E+001, 1.2030634E+001, 1.2519841E+001, 1.2866663E+001, 1.3338810E+001, 1.3479414E+001, 1.3868247E+001, 1.4254259E+001, 1.4656023E+001, 1.5088512E+001, 1.5356475E+001, 1.5748576E+001, 1.6029660E+001, 1.6250489E+001, 1.6561686E+001, 1.6914439E+001, 1.7230739E+001, 1.6914316E+001, 1.5381313E+001, 1.5653138E+001, 1.6403495E+001, 1.6615793E+001, 1.6915521E+001, 1.5101320E+001, 1.5666483E+001, 1.5873466E+001, 1.6053721E+001, 1.6308685E+001, 1.6235327E+001, 1.6406526E+001, 1.6306765E+001, 1.7566890E+001, 1.7214359E+001
 4.0054671E+000, 3.5535461E+001, 3.9965959E+000, 3.7177900E+001, 3.9611112E+000, 1.0283152E+002, 9.0556215E+000, 9.4406079E+000, 9.7741493E+000, 1.0166658E+001, 1.0553679E+001, 1.0832258E+001, 1.1410778E+001, 1.1869503E+001, 1.2160829E+001, 1.2617252E+001, 1.2920860E+001, 1.3342384E+001, 1.3231216E+001, 1.3593444E+001, 1.3960502E+001, 1.4351569E+001, 1.4774935E+001, 1.5035837E+001, 1.5377744E+001, 1.5610317E+001, 1.5843089E+001, 1.6170871E+001, 1.6491486E+001, 1.6794250E+001, 1.6361378E+001, 1.4504083E+001, 1.4973601E+001, 1.5641113E+001, 1.5703313E+001, 1.6000067E+001, 1.4763005E+001, 1.5258000E+001, 1.5421591E+001, 1.5563916E+001, 1.5786945E+001, 1.5540741E+001, 1.5836230E+001, 1.5790531E+001, 1.6920053E+001, 1.6581643E+001
 4.1030502E+000, 3.5963713E+001, 4.0675654E+000, 3.7177900E+001, 3.9611112E+000, 1.0332541E+002, 9.0831694E+000, 9.4605410E+000, 9.7869889E+000, 1.0167111E+001, 1.0529770E+001, 1.0797052E+001, 1.1346621E+001, 1.1776442E+001, 1.2032501E+001, 1.2455740E+001, 1.2742570E+001, 1.3148354E+001, 1.2845520E+001, 1.3170351E+001, 1.3499340E+001, 1.3864310E+001, 1.4268719E+001, 1.4510888E+001, 1.4793038E+001, 1.4974022E+001, 1.5209146E+001, 1.5554986E+001, 1.5888960E+001, 1.6158099E+001, 1.5697353E+001, 1.3757801E+001, 1.4342478E+001, 1.4817315E+001, 1.4724399E+001, 1.5029194E+001, 1.4265562E+001, 1.4774351E+001, 1.4956055E+001, 1.5088790E+001, 1.5277829E+001, 1.4870992E+001, 1.5245380E+001, 1.5210903E+001, 1.6146167E+001, 1.5844072E+001
 4.2044626E+000, 3.6147866E+001, 4.2044626E+000, 3.7177900E+001, 3.9611112E+000, 1.0394729E+002, 9.0245246E+000, 9.3817994E+000, 9.6797402E+000, 1.0042051E+001, 1.0392857E+001, 1.0654439E+001, 1.1191860E+001, 1.1606621E+001, 1.1844220E+001, 1.2237457E+001, 1.2496161E+001, 1.2874084E+001, 1.2474219E+001, 1.2766819E+001, 1.3066657E+001, 1.3410207E+001, 1.3779618E+001, 1.3956137E+001, 1.4115178E+001, 1.4216169E+001, 1.4477217E+001, 1.4869227E+001, 1.5164620E+001, 1.5262091E+001, 1.4731395E+001, 1.2586086E+001, 1.3299878E+001, 1.3609464E+001, 1.3456326E+001, 1.3780329E+001, 1.3778531E+001, 1.4239231E+001, 1.4388951E+001, 1.4475622E+001, 1.4620692E+001, 1.3928898E+001, 1.4413377E+001, 1.4376565E+001, 1.4818468E+001, 1.4514337E+001
 4.3066434E+000, 3.6581324E+001, 4.2689010E+000, 3.8667128E+001, 4.3066434E+000, 1.0881481E+002, 8.9273865E+000, 9.2638273E+000, 9.5297805E+000, 9.8749137E+000, 1.0214756E+001, 1.0467874E+001, 1.0984049E+001, 1.1376509E+001, 1.1593040E+001, 1.1961024E+001, 1.2204687E+001, 1.2566331E+001, 1.2042930E+001, 1.2300991E+001, 1.2587791E+001, 1.2930345E+001, 1.3262434E+001, 1.3338218E+001, 1.3350848E+001, 1.3385533E+001, 1.3685416E+001, 1.4085827E+001, 1.4272348E+001, 1.4180885E+001, 1.3622973E+001, 1.1539533E+001, 1.2315964E+001, 1.2324493E+001, 1.2082811E+001, 1.2402576E+001, 1.3265251E+001, 1.3663404E+001, 1.3757261E+001, 1.3749468E+001, 1.3803834E+001, 1.2647869E+001, 1.3241820E+001, 1.3291206E+001, 1.3420762E+001, 1.3122617E+001
 4.4079037E+000, 3.7592092E+001, 4.4079037E+000, 4.0326681E+001, 4.4079037E+000, 1.1046597E+002, 8.8844876E+000, 9.1910114E+000, 9.4346332E+000, 9.7660580E+000, 1.0091280E+001, 1.0333081E+001, 1.0803720E+001, 1.1139960E+001, 1.1280221E+001, 1.1584641E+001, 1.1805269E+001, 1.2124979E+001, 1.1129776E+001, 1.1376299E+001, 1.1669208E+001, 1.2005396E+001, 1.2284415E+001, 1.2316410E+001, 1.2328224E+001, 1.2501534E+001, 1.2908383E+001, 1.3191104E+001, 1.3143813E+001, 1.2911227E+001, 1.2426146E+001, 1.0626751E+001, 1.1409179E+001, 1.1135949E+001, 1.0884235E+001, 1.1185592E+001, 1.2261400E+001, 1.2567232E+001, 1.2633575E+001, 1.2605017E+001, 1.2647366E+001, 1.1444862E+001, 1.2131660E+001, 1.2161970E+001, 1.2088448E+001, 1.1855425E+001
 4.5091640E+000, 3.8191031E+001, 4.4281558E+000, 4.1495040E+001, 4.5091640E+000, 1.1208215E+002, 8.5301701E+000, 8.8133785E+000, 9.0204977E+000, 9.3203935E+000, 9.6028431E+000, 9.8148541E+000, 1.0225395E+001, 1.0524665E+001, 1.0659326E+001, 1.0953540E+001, 1.1147298E+001, 1.1432897E+001, 1.0220517E+001, 1.0416060E+001, 1.0670986E+001, 1.0959562E+001, 1.1164808E+001, 1.1131317E+001, 1.1142676E+001, 1.1366409E+001, 1.1760053E+001, 1.1977520E+001, 1.1897239E+001, 1.1704987E+001, 1.1346166E+001, 1.0086299E+001, 1.0683914E+001, 1.0197199E+001, 1.0004832E+001, 1.0290195E+001, 1.1192978E+001, 1.1529345E+001, 1.1623005E+001, 1.1569459E+001, 1.1565448E+001, 1.0410062E+001, 1.1175936E+001, 1.1250607E+001, 1.0996279E+001, 1.0756661E+001
 4.6083991E+000, 3.8191031E+001, 4.4281558E+000, 4.2523247E+001, 4.6083991E+000, 1.1352528E+002, 8.1890399E+000, 8.4628031E+000, 8.6605776E+000, 8.9495122E+000, 9.2152427E+000, 9.4087940E+000, 9.7768039E+000, 1.0046419E+001, 1.0167384E+001, 1.0446896E+001, 1.0625774E+001, 1.0878084E+001, 9.5238612E+000, 9.6947276E+000, 9.9212149E+000, 1.0149702E+001, 1.0261179E+001, 1.0159158E+001, 1.0165076E+001, 1.0423910E+001, 1.0782646E+001, 1.0923256E+001, 1.0767303E+001, 1.0530021E+001, 1.0259112E+001, 9.4946123E+000, 9.9183871E+000, 9.3990176E+000, 9.3167199E+000, 9.5742649E+000, 1.0326678E+001, 1.0631682E+001, 1.0717742E+001, 1.0622927E+001, 1.0559266E+001, 9.6177885E+000, 1.0350523E+001, 1.0422643E+001, 1.0073830E+001, 9.9106236E+000
 4.7086468E+000, 3.8191031E+001, 4.4281558E+000, 4.2619883E+001, 4.6752309E+000, 1.1522206E+002, 7.5463073E+000, 7.7912842E+000, 7.9594622E+000, 8.2113378E+000, 8.4219511E+000, 8.5792023E+000, 8.8762147E+000, 9.1028195E+000, 9.2043901E+000, 9.4622048E+000, 9.6300135E+000, 9.8550228E+000, 8.6639521E+000, 8.8470358E+000, 9.0998193E+000, 9.3458041E+000, 9.4634098E+000, 9.3983595E+000, 9.4804763E+000, 9.7773392E+000, 1.0113913E+001, 1.0199927E+001, 9.9175435E+000, 9.6164430E+000, 9.4602295E+000, 9.0037314E+000, 9.2062443E+000, 8.7009871E+000, 8.6971601E+000, 8.9416005E+000, 9.5146494E+000, 9.8124118E+000, 9.9071335E+000, 9.8056358E+000, 9.7192283E+000, 8.9739454E+000, 9.7352430E+000, 9.8833415E+000, 9.4854691E+000, 9.3762453E+000
 4.8033613E+000, 3.8191031E+001, 4.4281558E+000, 4.2841092E+001, 4.7485265E+000, 1.1614065E+002, 7.2011766E+000, 7.4302883E+000, 7.5779099E+000, 7.8072879E+000, 7.9957252E+000, 8.1397637E+000, 8.4174533E+000, 8.6342071E+000, 8.7364306E+000, 8.9672270E+000, 9.0734956E+000, 9.2294267E+000, 8.1771431E+000, 8.3351982E+000, 8.5550670E+000, 8.7463444E+000, 8.8004273E+000, 8.7083278E+000, 8.8090774E+000, 9.1355422E+000, 9.4694918E+000, 9.4965915E+000, 9.1562258E+000, 8.8859586E+000, 8.8964592E+000, 8.6533185E+000, 8.7590742E+000, 8.2760869E+000, 8.2752824E+000, 8.4739309E+000, 8.8847798E+000, 9.1766694E+000, 9.2894456E+000, 9.1901166E+000, 9.0712894E+000, 8.4150832E+000, 9.1365513E+000, 9.3413742E+000, 8.9546904E+000, 8.8937693E+000
 4.9020638E+000, 3.8890671E+001, 4.9020638E+000, 4.3039389E+001, 4.9020638E+000, 1.1768036E+002, 6.6989946E+000, 6.9117651E+000, 7.0505626E+000, 7.2616385E+000, 7.4273586E+000, 7.5553523E+000, 7.8028133E+000, 8.0004270E+000, 8.0913426E+000, 8.3046245E+000, 8.4084521E+000, 8.5543028E+000, 7.7387772E+000, 7.9291935E+000, 8.1590638E+000, 8.3163032E+000, 8.3113019E+000, 8.2030265E+000, 8.3293306E+000, 8.6719744E+000, 8.9647393E+000, 8.8547680E+000, 8.4145697E+000, 8.2099868E+000, 8.4031950E+000, 8.2000705E+000, 8.2286199E+000, 7.7880521E+000, 7.8214544E+000, 8.0572315E+000, 8.4131199E+000, 8.6648571E+000, 8.7764396E+000, 8.6935031E+000, 8.5751412E+000, 8.0032386E+000, 8.7119718E+000, 8.9396111E+000, 8.4957204E+000, 8.5038377E+000
 5.0037703E+000, 4.0575657E+001, 5.0037703E+000, 4.4303208E+001, 5.0037703E+000, 1.2088708E+002, 6.4271452E+000, 6.6161130E+000, 6.7246002E+000, 6.9110674E+000, 7.0539573E+000, 7.1701596E+000, 7.3979774E+000, 7.5791846E+000, 7.6515972E+000, 7.8257870E+000, 7.8775677E+000, 7.9810039E+000, 7.3153997E+000, 7.5090194E+000, 7.7207140E+000, 7.8352284E+000, 7.8038837E+000, 7.7460275E+000, 7.9724309E+000, 8.3481188E+000, 8.5385316E+000, 8.3205394E+000, 7.9233300E+000, 7.8707340E+000, 8.1494004E+000, 7.8600591E+000, 7.7255874E+000, 7.3200778E+000, 7.4284985E+000, 7.7036745E+000, 7.9157409E+000, 8.1537418E+000, 8.2663342E+000, 8.1905120E+000, 8.0634677E+000, 7.6218809E+000, 8.2741226E+000, 8.5242291E+000, 8.1334944E+000, 8.2009019E+000
 5.1069790E+000, 4.1887759E+001, 5.0961666E+000, 4.6474181E+001, 5.1069790E+000, 1.2241708E+002, 6.1630177E+000, 6.3404161E+000, 6.4372736E+000, 6.6124444E+000, 6.7477103E+000, 6.8588685E+000, 7.0806345E+000, 7.2578089E+000, 7.3287317E+000, 7.4831491E+000, 7.5060630E+000, 7.5846106E+000, 7.0617753E+000, 7.2431378E+000, 7.3992842E+000, 7.4248907E+000, 7.3288339E+000, 7.2975809E+000, 7.5880094E+000, 7.9491610E+000, 8.0094190E+000, 7.6990067E+000, 7.3605112E+000, 7.4595701E+000, 7.7986854E+000, 7.4860746E+000, 7.2581210E+000, 6.8789290E+000, 7.0258848E+000, 7.3643970E+000, 7.4669249E+000, 7.6733341E+000, 7.7805462E+000, 7.7310419E+000, 7.6270096E+000, 7.3151510E+000, 7.9035137E+000, 8.1528337E+000, 7.8100824E+000, 7.9097935E+000
 5.2042899E+000, 4.2583120E+001, 5.2042899E+000, 4.7895330E+001, 5.2042899E+000, 1.2373138E+002, 5.9115625E+000, 6.0814201E+000, 6.1664853E+000, 6.3232337E+000, 6.4251374E+000, 6.5162651E+000, 6.7013173E+000, 6.8553668E+000, 6.9088920E+000, 7.0472321E+000, 7.0765892E+000, 7.1761264E+000, 6.8144906E+000, 7.0104058E+000, 7.1407608E+000, 7.1239562E+000, 7.0348579E+000, 7.0979238E+000, 7.4473151E+000, 7.7356849E+000, 7.6461141E+000, 7.2758673E+000, 7.0101894E+000, 7.2128834E+000, 7.5254390E+000, 7.1553141E+000, 6.8476805E+000, 6.5360189E+000, 6.7535762E+000, 7.1272702E+000, 7.1490479E+000, 7.3333957E+000, 7.4357366E+000, 7.4039315E+000, 7.3171630E+000, 7.0992082E+000, 7.6295223E+000, 7.8739469E+000, 7.6014253E+000, 7.7451694E+000
 5.3016009E+000, 4.3393751E+001, 5.3016009E+000, 4.9095874E+001, 5.2907886E+000, 1.2512054E+002, 5.7761526E+000, 5.9354765E+000, 6.0088026E+000, 6.1555146E+000, 6.2521046E+000, 6.3410566E+000, 6.5207710E+000, 6.6625332E+000, 6.6962803E+000, 6.8003177E+000, 6.7925581E+000, 6.8767004E+000, 6.6804149E+000, 6.8440926E+000, 6.9236947E+000, 6.8727982E+000, 6.8147619E+000, 6.9527750E+000, 7.3134687E+000, 7.5217132E+000, 7.3703160E+000, 7.0335007E+000, 6.8545485E+000, 7.1294974E+000, 7.3939082E+000, 6.9786598E+000, 6.6502789E+000, 6.3590286E+000, 6.5823410E+000, 6.9749944E+000, 6.8998073E+000, 7.0755968E+000, 7.1761953E+000, 7.1610374E+000, 7.0903793E+000, 7.0416218E+000, 7.5155091E+000, 7.7155873E+000, 7.4643217E+000, 7.5856469E+000
 5.4097242E+000, 4.4205673E+001, 5.3989119E+000, 5.0646602E+001, 5.4097242E+000, 1.2663842E+002, 5.6633959E+000, 5.8177229E+000, 5.8903372E+000, 6.0283928E+000, 6.1156657E+000, 6.2032219E+000, 6.3862676E+000, 6.5310929E+000, 6.5649491E+000, 6.6642476E+000, 6.6677308E+000, 6.7679145E+000, 6.6704448E+000, 6.7823210E+000, 6.7975925E+000, 6.7228025E+000, 6.7106568E+000, 6.9012788E+000, 7.2172439E+000, 7.3148529E+000, 7.1146729E+000, 6.8172173E+000, 6.6995475E+000, 7.0086592E+000, 7.2268511E+000, 6.8373741E+000, 6.5057288E+000, 6.2550460E+000, 6.4925203E+000, 6.8708374E+000, 6.7499665E+000, 6.9045891E+000, 6.9922156E+000, 6.9809858E+000, 6.9216294E+000, 6.8384034E+000, 7.2957881E+000, 7.4847483E+000, 7.2685194E+000, 7.3290897E+000
 5.5016291E+000, 4.5050130E+001, 5.5016291E+000, 5.1425716E+001, 5.5016291E+000, 1.2791782E+002, 5.6474359E+000, 5.7913142E+000, 5.8470218E+000, 5.9614219E+000, 6.0114425E+000, 6.0819114E+000, 6.2300063E+000, 6.3467039E+000, 6.3571391E+000, 6.4454029E+000, 6.4610376E+000, 6.5842900E+000, 6.4875673E+000, 6.5719229E+000, 6.5706926E+000, 6.5406051E+000, 6.6247297E+000, 6.8165383E+000, 7.0423242E+000, 7.1219253E+000, 6.9482231E+000, 6.6033653E+000, 6.4605518E+000, 6.8084258E+000, 7.0902509E+000, 6.6692905E+000, 6.3864462E+000, 6.2138927E+000, 6.4649701E+000, 6.7992352E+000, 6.5924048E+000, 6.7417335E+000, 6.8346095E+000, 6.8437787E+000, 6.8053424E+000, 6.7300680E+000, 7.1443074E+000, 7.3357668E+000, 7.1458921E+000, 7.1823690E+000
 5.6086712E+000, 4.6453733E+001, 5.6086712E+000, 5.1662928E+001, 5.6086712E+000, 1.2902829E+002, 5.6253732E+000, 5.7652813E+000, 5.8224140E+000, 5.9436660E+000, 6.0182213E+000, 6.1024540E+000, 6.2735969E+000, 6.3960964E+000, 6.4029311E+000, 6.4771000E+000, 6.4789595E+000, 6.5858700E+000, 6.4348933E+000, 6.4729787E+000, 6.4451244E+000, 6.4218547E+000, 6.5262201E+000, 6.7030325E+000, 6.8867757E+000, 6.9535986E+000, 6.8074044E+000, 6.5004351E+000, 6.4014112E+000, 6.7581722E+000, 6.9881740E+000, 6.6725901E+000, 6.3697949E+000, 6.2007513E+000, 6.4627538E+000, 6.7884720E+000, 6.4695932E+000, 6.5862844E+000, 6.6586768E+000, 6.6672960E+000, 6.6407724E+000, 6.6505026E+000, 7.0705613E+000, 7.2703064E+000, 7.0783963E+000, 7.0378646E+000
 5.7038197E+000, 4.8255319E+001, 5.7038197E+000, 5.2916227E+001, 5.7038197E+000, 1.3001560E+002, 5.5485751E+000, 5.6702075E+000, 5.7116703E+000, 5.8066034E+000, 5.8440814E+000, 5.9148114E+000, 6.0659378E+000, 6.1819626E+000, 6.1982913E+000, 6.2958366E+000, 6.3389870E+000, 6.4668515E+000, 6.2973394E+000, 6.3093270E+000, 6.2728727E+000, 6.2994219E+000, 6.4475681E+000, 6.5845670E+000, 6.7351102E+000, 6.7631611E+000, 6.5499374E+000, 6.2615591E+000, 6.2835036E+000, 6.6895500E+000, 6.8358903E+000, 6.5747030E+000, 6.2571304E+000, 6.1228747E+000, 6.4644599E+000, 6.8161665E+000, 6.3763411E+000, 6.5177228E+000, 6.5995722E+000, 6.5974813E+000, 6.5517346E+000, 6.4942103E+000, 6.8753998E+000, 7.1374658E+000, 7.0424270E+000, 6.9642961E+000
 5.8108618E+000, 4.9891365E+001, 5.8108618E+000, 5.3781871E+001, 5.7989682E+000, 1.3081674E+002, 5.5582459E+000, 5.6780745E+000, 5.7170901E+000, 5.8149616E+000, 5.8609987E+000, 5.9331428E+000, 6.0782604E+000, 6.1817802E+000, 6.1860847E+000, 6.2676749E+000, 6.2908222E+000, 6.3971431E+000, 6.2165582E+000, 6.2061562E+000, 6.1768699E+000, 6.2424562E+000, 6.4189350E+000, 6.5418704E+000, 6.6519106E+000, 6.6272409E+000, 6.4162248E+000, 6.2214941E+000, 6.3339469E+000, 6.7151151E+000, 6.7437313E+000, 6.4703456E+000, 6.1217218E+000, 5.9906746E+000, 6.3133142E+000, 6.6752799E+000, 6.3332915E+000, 6.4723829E+000, 6.5508417E+000, 6.5520545E+000, 6.5121940E+000, 6.3873261E+000, 6.7581875E+000, 7.0499969E+000, 6.9982760E+000, 6.8731047E+000
 5.9060103E+000, 5.1170180E+001, 5.9060103E+000, 5.4122820E+001, 5.9060103E+000, 1.3154247E+002, 5.4550877E+000, 5.5580609E+000, 5.5904093E+000, 5.6716593E+000, 5.7018188E+000, 5.7704991E+000, 5.9174211E+000, 6.0319389E+000, 6.0610935E+000, 6.1722187E+000, 6.2333877E+000, 6.3455507E+000, 6.1251984E+000, 6.0519534E+000, 5.9983187E+000, 6.0940194E+000, 6.2974955E+000, 6.4270739E+000, 6.4965599E+000, 6.3867315E+000, 6.1681585E+000, 6.0951892E+000, 6.3322686E+000, 6.7154761E+000, 6.6497727E+000, 6.2644005E+000, 5.9439701E+000, 5.8700411E+000, 6.2553866E+000, 6.6442593E+000, 6.1944492E+000, 6.3544888E+000, 6.4527980E+000, 6.4519275E+000, 6.3897842E+000, 6.1354633E+000, 6.4517033E+000, 6.7974121E+000, 6.8510356E+000, 6.7132455E+000
 6.0106736E+000, 5.2066559E+001, 5.9845078E+000, 5.5119913E+001, 5.9190932E+000, 1.3225734E+002, 5.4828745E+000, 5.5790960E+000, 5.6022406E+000, 5.6810220E+000, 5.7085380E+000, 5.7718678E+000, 5.9000649E+000, 5.9965089E+000, 6.0106666E+000, 6.1062759E+000, 6.1480860E+000, 6.2408275E+000, 5.9563425E+000, 5.9076853E+000, 5.9209272E+000, 6.0810703E+000, 6.2932980E+000, 6.3779569E+000, 6.3667685E+000, 6.1869770E+000, 6.0063806E+000, 6.0500839E+000, 6.3263768E+000, 6.5842991E+000, 6.3852604E+000, 6.1008425E+000, 5.7956839E+000, 5.7414977E+000, 6.1171028E+000, 6.4998544E+000, 6.1995664E+000, 6.3740966E+000, 6.4762011E+000, 6.4645412E+000, 6.3817254E+000, 6.1184608E+000, 6.4179644E+000, 6.7733346E+000, 6.8431974E+000, 6.7312372E+000
 6.1022541E+000, 5.2828645E+001, 6.1022541E+000, 5.5119913E+001, 5.9190932E+000, 1.3256544E+002, 5.4144286E+000, 5.5017999E+000, 5.5217441E+000, 5.5969433E+000, 5.6284417E+000, 5.6952991E+000, 5.8328639E+000, 5.9395874E+000, 5.9666879E+000, 6.0782182E+000, 6.1444250E+000, 6.2207940E+000, 5.7816882E+000, 5.6985079E+000, 5.7232678E+000, 5.9072611E+000, 6.1193843E+000, 6.1899353E+000, 6.1261816E+000, 5.8971942E+000, 5.7653058E+000, 5.9355107E+000, 6.2796044E+000, 6.4857137E+000, 6.2155472E+000, 5.9707161E+000, 5.6878546E+000, 5.7046176E+000, 6.1042677E+000, 6.4552125E+000, 6.0240340E+000, 6.2161358E+000, 6.3352273E+000, 6.3199742E+000, 6.2166348E+000, 6.0365872E+000, 6.3258875E+000, 6.7031017E+000, 6.8195857E+000, 6.7051744E+000
 6.2069175E+000, 5.2975804E+001, 6.1153370E+000, 5.5119913E+001, 5.9190932E+000, 1.3349579E+002, 5.3803277E+000, 5.4588130E+000, 5.4631576E+000, 5.5336544E+000, 5.5590620E+000, 5.6168191E+000, 5.7301229E+000, 5.8183277E+000, 5.8359624E+000, 5.9378024E+000, 5.9891770E+000, 6.0566328E+000, 5.6719294E+000, 5.6379419E+000, 5.7277420E+000, 5.9250826E+000, 6.0977185E+000, 6.1078055E+000, 5.9911461E+000, 5.7887630E+000, 5.7462975E+000, 5.9621190E+000, 6.2527183E+000, 6.3769083E+000, 6.0733862E+000, 5.6766676E+000, 5.4900953E+000, 5.6409029E+000, 6.0412973E+000, 6.2854623E+000, 6.0389988E+000, 6.2431269E+000, 6.3700489E+000, 6.3578160E+000, 6.2473083E+000, 5.9319719E+000, 6.2098610E+000, 6.5914833E+000, 6.7146363E+000, 6.6833642E+000
 6.3051698E+000, 5.2975804E+001, 6.1153370E+000, 5.5119913E+001, 5.9190932E+000, 1.3349579E+002, 5.2167602E+000, 5.2862727E+000, 5.2915360E+000, 5.3626538E+000, 5.3995785E+000, 5.4638098E+000, 5.5936850E+000, 5.7000151E+000, 5.7386532E+000, 5.8543831E+000, 5.9092586E+000, 5.9374308E+000, 5.5497678E+000, 5.5426465E+000, 5.6823751E+000, 5.8800082E+000, 6.0101462E+000, 5.9764429E+000, 5.8257069E+000, 5.6526658E+000, 5.6963553E+000, 5.9589121E+000, 6.2197277E+000, 6.2832776E+000, 5.9474427E+000, 5.4788064E+000, 5.3450342E+000, 5.5932792E+000, 6.0055479E+000, 6.1988650E+000, 5.9706177E+000, 6.1635688E+000, 6.2927404E+000, 6.2863671E+000, 6.1764057E+000, 5.7719499E+000, 6.0824647E+000, 6.4800041E+000, 6.5943401E+000, 6.5497373E+000
 6.4084911E+000, 5.2975804E+001, 6.1153370E+000, 5.5196171E+001, 6.3510903E+000, 1.3399653E+002, 5.1998716E+000, 5.2709198E+000, 5.2760286E+000, 5.3497278E+000, 5.3773999E+000, 5.4296273E+000, 5.5332347E+000, 5.6248857E+000, 5.6543604E+000, 5.7548613E+000, 5.7831699E+000, 5.7875427E+000, 5.4327330E+000, 5.5019461E+000, 5.6692223E+000, 5.8287546E+000, 5.9051499E+000, 5.8148305E+000, 5.6685113E+000, 5.5511045E+000, 5.6265781E+000, 5.8756531E+000, 6.1103637E+000, 6.1461786E+000, 5.7573728E+000, 5.2436419E+000, 5.1995042E+000, 5.5165036E+000, 5.8934586E+000, 5.9846749E+000, 5.9108476E+000, 6.1008174E+000, 6.2132003E+000, 6.1891713E+000, 6.0686896E+000, 5.5593254E+000, 5.8890322E+000, 6.3060713E+000, 6.4033673E+000, 6.4242947E+000
 6.5003323E+000, 5.2975804E+001, 6.1153370E+000, 5.5373575E+001, 6.4314514E+000, 1.3439452E+002, 5.1781979E+000, 5.2589646E+000, 5.2699576E+000, 5.3487213E+000, 5.3721731E+000, 5.4178943E+000, 5.5117082E+000, 5.6042254E+000, 5.6327626E+000, 5.7223804E+000, 5.7233559E+000, 5.6865569E+000, 5.2452017E+000, 5.3518237E+000, 5.5199643E+000, 5.6366466E+000, 5.6733538E+000, 5.5616511E+000, 5.4474703E+000, 5.4036154E+000, 5.5188950E+000, 5.7612977E+000, 5.9791714E+000, 5.9909598E+000, 5.5908153E+000, 5.0844863E+000, 5.0987021E+000, 5.4430352E+000, 5.8142019E+000, 5.8851280E+000, 5.7016849E+000, 5.8929318E+000, 6.0083003E+000, 5.9873633E+000, 5.8705304E+000, 5.3553391E+000, 5.7067574E+000, 6.1271976E+000, 6.2129259E+000, 6.2297186E+000
 6.6105417E+000, 5.2975804E+001, 6.1153370E+000, 5.5955492E+001, 6.6105417E+000, 1.3476901E+002, 5.0133511E+000, 5.0868487E+000, 5.0950819E+000, 5.1638747E+000, 5.1768379E+000, 5.2219110E+000, 5.3303330E+000, 5.4404136E+000, 5.4835471E+000, 5.5646704E+000, 5.5426388E+000, 5.5061287E+000, 5.1280963E+000, 5.2780012E+000, 5.4056789E+000, 5.4751414E+000, 5.4983755E+000, 5.3783370E+000, 5.2679330E+000, 5.2361822E+000, 5.3557536E+000, 5.5995310E+000, 5.8058853E+000, 5.7709050E+000, 5.3554269E+000, 4.9471020E+000, 5.0124697E+000, 5.3483343E+000, 5.7146081E+000, 5.7519371E+000, 5.5375721E+000, 5.7099790E+000, 5.7901200E+000, 5.7381607E+000, 5.6166175E+000, 5.0532754E+000, 5.3938389E+000, 5.8175189E+000, 5.9161454E+000, 6.0029882E+000
 6.7115670E+000, 5.2975804E+001, 6.1153370E+000, 5.7022452E+001, 6.6736825E+000, 1.3785619E+002, 5.0058411E+000, 5.0870685E+000, 5.0912237E+000, 5.1522024E+000, 5.1510509E+000, 5.1904760E+000, 5.2921221E+000, 5.3904056E+000, 5.4006065E+000, 5.4342265E+000, 5.3663938E+000, 5.3071801E+000, 5.0125281E+000, 5.1650685E+000, 5.2568232E+000, 5.2830792E+000, 5.2645758E+000, 5.1625884E+000, 5.1329232E+000, 5.1449687E+000, 5.2513161E+000, 5.4508181E+000, 5.5934395E+000, 5.5461527E+000, 5.1730038E+000, 4.8164962E+000, 4.9239473E+000, 5.2725467E+000, 5.6128216E+000, 5.5807439E+000, 5.3335957E+000, 5.5138768E+000, 5.5974701E+000, 5.5429245E+000, 5.4176535E+000, 4.9167166E+000, 5.2349093E+000, 5.6307291E+000, 5.7220970E+000, 5.8159807E+000
 6.8125923E+000, 5.2975804E+001, 6.1153370E+000, 5.8039081E+001, 6.7747078E+000, 1.3846367E+002, 4.7793509E+000, 4.8566222E+000, 4.8660979E+000, 4.9221029E+000, 4.9278883E+000, 4.9757926E+000, 5.0982607E+000, 5.2027125E+000, 5.2085364E+000, 5.2252669E+000, 5.1517243E+000, 5.1267488E+000, 4.9176963E+000, 5.0348095E+000, 5.0610484E+000, 5.0827524E+000, 5.0709718E+000, 4.9766839E+000, 4.9718058E+000, 4.9872835E+000, 5.0784393E+000, 5.2761209E+000, 5.4252017E+000, 5.3968719E+000, 5.0525189E+000, 4.6921985E+000, 4.8515559E+000, 5.2121732E+000, 5.5262134E+000, 5.4384136E+000, 5.1373531E+000, 5.3035290E+000, 5.3578149E+000, 5.2690055E+000, 5.1298211E+000, 4.6407044E+000, 4.8760245E+000, 5.1709496E+000, 5.2515459E+000, 5.3963459E+000
 6.9009895E+000, 5.2975804E+001, 6.1153370E+000, 5.8039081E+001, 6.7747078E+000, 1.3846367E+002, 4.7990200E+000, 4.8695600E+000, 4.8652967E+000, 4.9083354E+000, 4.9051512E+000, 4.9522499E+000, 5.0665845E+000, 5.1470088E+000, 5.1140695E+000, 5.0959440E+000, 5.0060337E+000, 4.9958265E+000, 4.7998202E+000, 4.8911367E+000, 4.8802408E+000, 4.8545935E+000, 4.8471249E+000, 4.8369273E+000, 4.8831032E+000, 4.9048339E+000, 4.9532409E+000, 5.0686986E+000, 5.1838501E+000, 5.1727532E+000, 4.8698289E+000, 4.5491974E+000, 4.7251465E+000, 5.0745555E+000, 5.3233055E+000, 5.2042785E+000, 4.9033188E+000, 5.0982326E+000, 5.1884160E+000, 5.1363021E+000, 5.0172913E+000, 4.5450253E+000, 4.7743277E+000, 5.0366396E+000, 5.0920943E+000, 5.2078864E+000
 7.0020148E+000, 5.2975804E+001, 6.1153370E+000, 5.8039081E+001, 6.7747078E+000, 1.3846367E+002, 4.5692798E+000, 4.6369433E+000, 4.6418110E+000, 4.6918764E+000, 4.7140542E+000, 4.7720732E+000, 4.8958553E+000, 4.9679643E+000, 4.9247302E+000, 4.8969819E+000, 4.8220469E+000, 4.8599832E+000, 4.6945904E+000, 4.7231400E+000, 4.7204503E+000, 4.7032205E+000, 4.6736309E+000, 4.6638449E+000, 4.7054664E+000, 4.7288130E+000, 4.8040592E+000, 4.9372455E+000, 5.0366237E+000, 4.9942617E+000, 4.6961045E+000, 4.4877878E+000, 4.6851166E+000, 5.0208423E+000, 5.2195565E+000, 5.0700957E+000, 4.7373170E+000, 4.9172486E+000, 4.9915161E+000, 4.9194274E+000, 4.7874231E+000, 4.3408464E+000, 4.5399674E+000, 4.7446557E+000, 4.7478403E+000, 4.8153521E+000
 7.1097921E+000, 5.2975804E+001, 6.1153370E+000, 5.8831238E+001, 7.0651556E+000, 1.3995117E+002, 4.5125115E+000, 4.5606241E+000, 4.5537167E+000, 4.5977081E+000, 4.6237111E+000, 4.6808224E+000, 4.7799263E+000, 4.8153461E+000, 4.7409750E+000, 4.7063171E+000, 4.6585789E+000, 4.7366349E+000, 4.5030446E+000, 4.5006776E+000, 4.4705618E+000, 4.4502745E+000, 4.4599790E+000, 4.4729414E+000, 4.5163282E+000, 4.5326318E+000, 4.5935819E+000, 4.7090553E+000, 4.7889369E+000, 4.7366763E+000, 4.4918522E+000, 4.3713555E+000, 4.5606606E+000, 4.8431064E+000, 4.9818907E+000, 4.8731992E+000, 4.5022886E+000, 4.6995714E+000, 4.7925918E+000, 4.7480047E+000, 4.6391995E+000, 4.2352955E+000, 4.4359749E+000, 4.6290136E+000, 4.6272127E+000, 4.6496774E+000
 7.2102242E+000, 5.2975804E+001, 6.1153370E+000, 5.8831238E+001, 7.0651556E+000, 1.3995117E+002, 4.2732408E+000, 4.3257336E+000, 4.3445738E+000, 4.4125970E+000, 4.4728372E+000, 4.5345906E+000, 4.6170679E+000, 4.6325555E+000, 4.5508298E+000, 4.5229053E+000, 4.5107280E+000, 4.6082180E+000, 4.2942337E+000, 4.2912349E+000, 4.2827787E+000, 4.2693462E+000, 4.2884509E+000, 4.3105976E+000, 4.3559425E+000, 4.4041819E+000, 4.4852999E+000, 4.5593317E+000, 4.5810287E+000, 4.4951881E+000, 4.2723138E+000, 4.3048498E+000, 4.4860531E+000, 4.7270910E+000, 4.8166624E+000, 4.6929651E+000, 4.3126319E+000, 4.4799938E+000, 4.5553474E+000, 4.5060165E+000, 4.4012289E+000, 3.9978443E+000, 4.1650772E+000, 4.3473357E+000, 4.3928821E+000, 4.3556009E+000
 7.3106564E+000, 5.2975804E+001, 6.1153370E+000, 5.8831238E+001, 7.0651556E+000, 1.3995117E+002, 4.0783256E+000, 4.1123894E+000, 4.1249252E+000, 4.1949377E+000, 4.2581448E+000, 4.3113965E+000, 4.3637016E+000, 4.3570930E+000, 4.2724662E+000, 4.2663842E+000, 4.2968802E+000, 4.4086159E+000, 4.1267716E+000, 4.1078189E+000, 4.0650847E+000, 4.0561680E+000, 4.0936772E+000, 4.1128690E+000, 4.1777705E+000, 4.2508511E+000, 4.2955763E+000, 4.2916914E+000, 4.2636613E+000, 4.2344701E+000, 4.1497826E+000, 4.1822992E+000, 4.3558367E+000, 4.5567592E+000, 4.6306720E+000, 4.5402974E+000, 4.1072103E+000, 4.2643804E+000, 4.3363740E+000, 4.3001263E+000, 4.2125801E+000, 3.8156225E+000, 3.9750740E+000, 4.1601243E+000, 4.2348833E+000, 4.1788036E+000
 7.4110885E+000, 5.4701111E+001, 7.3999294E+000, 5.8831238E+001, 7.0651556E+000, 1.4308781E+002, 3.9669647E+000, 4.0053046E+000, 4.0299003E+000, 4.1059466E+000, 4.1538649E+000, 4.1885556E+000, 4.2003288E+000, 4.1767480E+000, 4.0954731E+000, 4.1140233E+000, 4.1822600E+000, 4.2833009E+000, 3.9524777E+000, 3.9355660E+000, 3.9103264E+000, 3.9244421E+000, 3.9729450E+000, 4.0021003E+000, 4.0810292E+000, 4.1289894E+000, 4.1028485E+000, 4.0563657E+000, 4.0431350E+000, 4.0552862E+000, 4.0096320E+000, 4.0356312E+000, 4.2280717E+000, 4.4172237E+000, 4.4732674E+000, 4.3452967E+000, 3.9810838E+000, 4.1244839E+000, 4.1849783E+000, 4.1455461E+000, 4.0590508E+000, 3.6314742E+000, 3.7694863E+000, 3.9631422E+000, 4.0785089E+000, 4.0032502E+000
 7.5003615E+000, 5.5277279E+001, 7.4668841E+000, 5.9257032E+001, 7.5003615E+000, 1.4415269E+002, 3.7010514E+000, 3.7514958E+000, 3.8036369E+000, 3.9038725E+000, 3.9766484E+000, 4.0144302E+000, 4.0243726E+000, 3.9993226E+000, 3.9324883E+000, 3.9845252E+000, 4.0609823E+000, 4.1288907E+000, 3.7931975E+000, 3.7371487E+000, 3.6874574E+000, 3.7031966E+000, 3.7588430E+000, 3.8312418E+000, 3.9247081E+000, 3.9213968E+000, 3.8461202E+000, 3.8046688E+000, 3.8435344E+000, 3.9430083E+000, 3.9461944E+000, 3.9332674E+000, 4.1048817E+000, 4.2356375E+000, 4.2455390E+000, 4.1044826E+000, 3.7471563E+000, 3.8584727E+000, 3.9083664E+000, 3.8814891E+000, 3.8128938E+000, 3.4144720E+000, 3.5326378E+000, 3.7335192E+000, 3.8944292E+000, 3.7802482E+000
 7.6007937E+000, 5.6568345E+001, 7.5561572E+000, 6.0822915E+001, 7.5673163E+000, 1.5113311E+002, 3.6330147E+000, 3.6847331E+000, 3.7305969E+000, 3.8163980E+000, 3.8482140E+000, 3.8623276E+000, 3.8399570E+000, 3.8138702E+000, 3.7686320E+000, 3.8435297E+000, 3.9243226E+000, 3.9745948E+000, 3.5872443E+000, 3.5335101E+000, 3.5138308E+000, 3.5660470E+000, 3.6599166E+000, 3.7331481E+000, 3.7590038E+000, 3.6773237E+000, 3.5942527E+000, 3.6048969E+000, 3.6947808E+000, 3.8059818E+000, 3.7558161E+000, 3.7321955E+000, 3.8520895E+000, 3.9528559E+000, 3.9740798E+000, 3.8444119E+000, 3.6189766E+000, 3.7080566E+000, 3.7432466E+000, 3.7140138E+000, 3.6489435E+000, 3.2230245E+000, 3.3301178E+000, 3.5304355E+000, 3.7107294E+000, 3.5772521E+000
 7.7012258E+000, 5.7827071E+001, 7.7012258E+000, 6.1228966E+001, 7.7012258E+000, 1.5165389E+002, 3.4413867E+000, 3.5175185E+000, 3.5804568E+000, 3.6710351E+000, 3.6968271E+000, 3.7052526E+000, 3.6763184E+000, 3.6557622E+000, 3.6253453E+000, 3.6974802E+000, 3.7499760E+000, 3.7860755E+000, 3.3573342E+000, 3.2864156E+000, 3.2848546E+000, 3.3830652E+000, 3.5190388E+000, 3.5668723E+000, 3.5131899E+000, 3.3917076E+000, 3.3420892E+000, 3.4143534E+000, 3.5588912E+000, 3.6756087E+000, 3.5673472E+000, 3.5642113E+000, 3.6279317E+000, 3.6828297E+000, 3.6842230E+000, 3.5724643E+000, 3.4537383E+000, 3.5354509E+000, 3.5637583E+000, 3.5305337E+000, 3.4620050E+000, 3.0380189E+000, 3.1104132E+000, 3.2774070E+000, 3.4429495E+000, 3.3158745E+000
 7.8061216E+000, 5.8521247E+001, 7.7347032E+000, 6.1918604E+001, 7.8061216E+000, 1.5484595E+002, 3.2867663E+000, 3.3586029E+000, 3.4021747E+000, 3.4694138E+000, 3.4659729E+000, 3.4660715E+000, 3.4496728E+000, 3.4635121E+000, 3.4715186E+000, 3.5499213E+000, 3.5879674E+000, 3.6021556E+000, 3.0895003E+000, 3.0294718E+000, 3.0691239E+000, 3.2041703E+000, 3.3324354E+000, 3.3146749E+000, 3.1938841E+000, 3.0733482E+000, 3.0755355E+000, 3.2094773E+000, 3.3680541E+000, 3.4153998E+000, 3.2521460E+000, 3.2847839E+000, 3.3151919E+000, 3.3803346E+000, 3.4033589E+000, 3.3332316E+000, 3.2698400E+000, 3.3240084E+000, 3.3332919E+000, 3.2916201E+000, 3.2244788E+000, 2.8161512E+000, 2.8858527E+000, 3.0455169E+000, 3.2024793E+000, 3.1036449E+000
 7.9043219E+000, 5.8521247E+001, 7.7347032E+000, 6.2738825E+001, 7.9043219E+000, 1.5596041E+002, 3.1728423E+000, 3.2459941E+000, 3.2802414E+000, 3.3285921E+000, 3.2973151E+000, 3.2868662E+000, 3.2603895E+000, 3.2789979E+000, 3.2893193E+000, 3.3476332E+000, 3.3661603E+000, 3.3758196E+000, 2.8636392E+000, 2.8373832E+000, 2.9198983E+000, 3.0636660E+000, 3.1403818E+000, 3.0487651E+000, 2.9120840E+000, 2.8214955E+000, 2.8671878E+000, 3.0303718E+000, 3.1787698E+000, 3.1888788E+000, 3.0227036E+000, 3.0771409E+000, 3.0927676E+000, 3.1443153E+000, 3.1658220E+000, 3.1122302E+000, 3.1343918E+000, 3.2107871E+000, 3.2260167E+000, 3.1827484E+000, 3.1111315E+000, 2.6966576E+000, 2.7510801E+000, 2.8872333E+000, 3.0204117E+000, 2.9644826E+000
 8.0025222E+000, 5.8730447E+001, 7.9902472E+000, 6.3084950E+001, 8.0025222E+000, 1.5837883E+002, 2.9542137E+000, 3.0213838E+000, 3.0418357E+000, 3.0820962E+000, 3.0580211E+000, 3.0583371E+000, 3.0721263E+000, 3.1187079E+000, 3.1359496E+000, 3.1826567E+000, 3.1920108E+000, 3.1795328E+000, 2.6687365E+000, 2.6725599E+000, 2.7690024E+000, 2.8870593E+000, 2.9224672E+000, 2.8142012E+000, 2.6840237E+000, 2.6413835E+000, 2.7412377E+000, 2.9083901E+000, 2.9984589E+000, 2.9454191E+000, 2.7780358E+000, 2.8416370E+000, 2.8646575E+000, 2.9367488E+000, 2.9849347E+000, 2.9382265E+000, 2.9266152E+000, 2.9723879E+000, 2.9769822E+000, 2.9370011E+000, 2.8747189E+000, 2.5007302E+000, 2.5550698E+000, 2.6813577E+000, 2.8060001E+000, 2.7916384E+000
 8.1007225E+000, 5.9144164E+001, 8.0638974E+000, 6.3602462E+001, 8.0393473E+000, 1.5990342E+002, 2.8465983E+000, 2.9033357E+000, 2.9069476E+000, 2.9234267E+000, 2.8700660E+000, 2.8607629E+000, 2.8708865E+000, 2.9195705E+000, 2.9281236E+000, 2.9503528E+000, 2.9449581E+000, 2.9370873E+000, 2.5336030E+000, 2.5785308E+000, 2.6740661E+000, 2.7345549E+000, 2.6935709E+000, 2.5474262E+000, 2.4450722E+000, 2.4679937E+000, 2.6141281E+000, 2.7705431E+000, 2.8134224E+000, 2.7336687E+000, 2.5826571E+000, 2.6490084E+000, 2.6787021E+000, 2.7622640E+000, 2.8118841E+000, 2.7535205E+000, 2.7602371E+000, 2.8288406E+000, 2.8481332E+000, 2.8204284E+000, 2.7650670E+000, 2.3896412E+000, 2.4377693E+000, 2.5420853E+000, 2.6504805E+000, 2.6800460E+000
 8.2069266E+000, 6.0933501E+001, 8.1960753E+000, 6.4492254E+001, 8.1960753E+000, 1.6120149E+002, 2.6337679E+000, 2.6863581E+000, 2.6857490E+000, 2.7044510E+000, 2.6705687E+000, 2.6756562E+000, 2.7170755E+000, 2.7678584E+000, 2.7617711E+000, 2.7742556E+000, 2.7651671E+000, 2.7434838E+000, 2.4113511E+000, 2.4650021E+000, 2.5427032E+000, 2.5677374E+000, 2.5020915E+000, 2.3819675E+000, 2.3308230E+000, 2.3960383E+000, 2.5444057E+000, 2.6581661E+000, 2.6441966E+000, 2.5387938E+000, 2.4050672E+000, 2.4240792E+000, 2.4983729E+000, 2.6314053E+000, 2.6897184E+000, 2.6053952E+000, 2.5682932E+000, 2.6123877E+000, 2.6227429E+000, 2.5976170E+000, 2.5507911E+000, 2.2229225E+000, 2.2630391E+000, 2.3469361E+000, 2.4380200E+000, 2.5140578E+000
 8.3045882E+000, 6.2427270E+001, 8.2828856E+000, 6.4813935E+001, 8.2394805E+000, 1.6242489E+002, 2.5042083E+000, 2.5423236E+000, 2.5271542E+000, 2.5320921E+000, 2.4935766E+000, 2.5014429E+000, 2.5520149E+000, 2.5962225E+000, 2.5714383E+000, 2.5602218E+000, 2.5443765E+000, 2.5441490E+000, 2.3110244E+000, 2.3639969E+000, 2.4043089E+000, 2.3767908E+000, 2.2842692E+000, 2.1949495E+000, 2.1983249E+000, 2.2899890E+000, 2.4177698E+000, 2.4896965E+000, 2.4518547E+000, 2.3542679E+000, 2.2489080E+000, 2.2566178E+000, 2.3706311E+000, 2.5244419E+000, 2.5567946E+000, 2.4333394E+000, 2.3637285E+000, 2.4113389E+000, 2.4296254E+000, 2.4179910E+000, 2.3835031E+000, 2.0892552E+000, 2.1284108E+000, 2.2026581E+000, 2.2834330E+000, 2.3798292E+000
 8.4022498E+000, 6.4083555E+001, 8.3262908E+000, 6.4813935E+001, 8.2394805E+000, 1.6281548E+002, 2.3927959E+000, 2.4277470E+000, 2.4073155E+000, 2.4070822E+000, 2.3702557E+000, 2.3835451E+000, 2.4450753E+000, 2.4829405E+000, 2.4455932E+000, 2.4229598E+000, 2.4032352E+000, 2.4170239E+000, 2.2266442E+000, 2.2711354E+000, 2.2689902E+000, 2.2017743E+000, 2.1254910E+000, 2.0929169E+000, 2.1314880E+000, 2.2286862E+000, 2.3359273E+000, 2.3634016E+000, 2.2903553E+000, 2.1971095E+000, 2.1177939E+000, 2.1065586E+000, 2.2644749E+000, 2.4252702E+000, 2.4369998E+000, 2.3007346E+000, 2.1845388E+000, 2.2317732E+000, 2.2561115E+000, 2.2554006E+000, 2.2298427E+000, 1.9691403E+000, 1.9945983E+000, 2.0193608E+000, 2.0401487E+000, 2.1398723E+000
 8.5107626E+000, 6.6391165E+001, 8.4890600E+000, 6.6032243E+001, 8.4131010E+000, 1.6400464E+002, 2.2521354E+000, 2.2815959E+000, 2.2589141E+000, 2.2602032E+000, 2.2399612E+000, 2.2636956E+000, 2.3343852E+000, 2.3579152E+000, 2.3026304E+000, 2.2683116E+000, 2.2561710E+000, 2.2948861E+000, 2.1338461E+000, 2.1636457E+000, 2.1336054E+000, 2.0550996E+000, 1.9929985E+000, 1.9890891E+000, 2.0409171E+000, 2.1332658E+000, 2.2144259E+000, 2.2110106E+000, 2.1298454E+000, 2.0459777E+000, 1.9832602E+000, 2.0083337E+000, 2.1749121E+000, 2.3107942E+000, 2.2873202E+000, 2.1417712E+000, 2.0296956E+000, 2.0562261E+000, 2.0726217E+000, 2.0736646E+000, 2.0547245E+000, 1.8248974E+000, 1.8593325E+000, 1.8800096E+000, 1.8876502E+000, 1.9559599E+000
 8.6084242E+000, 6.6391165E+001, 8.4890600E+000, 6.6032243E+001, 8.4131010E+000, 1.6400464E+002, 2.1685503E+000, 2.1840050E+000, 2.1493859E+000, 2.1436339E+000, 2.1272370E+000, 2.1549778E+000, 2.2228732E+000, 2.2325382E+000, 2.1711717E+000, 2.1440820E+000, 2.1554146E+000, 2.2214353E+000, 1.9897054E+000, 1.9735398E+000, 1.9224950E+000, 1.8744136E+000, 1.8614864E+000, 1.8835884E+000, 1.9422509E+000, 2.0246716E+000, 2.0649576E+000, 2.0276851E+000, 1.9615640E+000, 1.9152067E+000, 1.8784624E+000, 1.8976028E+000, 2.0617022E+000, 2.1774719E+000, 2.1391191E+000, 2.0009915E+000, 1.8656963E+000, 1.8974453E+000, 1.9245353E+000, 1.9398072E+000, 1.9313612E+000, 1.7359621E+000, 1.7657551E+000, 1.7582000E+000, 1.7326231E+000, 1.7744384E+000
 8.7060857E+000, 6.6391165E+001, 8.4890600E+000, 6.6032243E+001, 8.4131010E+000, 1.6400464E+002, 2.0473413E+000, 2.0639834E+000, 2.0391761E+000, 2.0459088E+000, 2.0613448E+000, 2.1030804E+000, 2.1657188E+000, 2.1548409E+000, 2.0848402E+000, 2.0544415E+000, 2.0621664E+000, 2.1308252E+000, 1.8431347E+000, 1.8243413E+000, 1.7829663E+000, 1.7494318E+000, 1.7478521E+000, 1.7826074E+000, 1.8401094E+000, 1.8982338E+000, 1.9015402E+000, 1.8497525E+000, 1.8053470E+000, 1.7885271E+000, 1.7665174E+000, 1.8050760E+000, 1.9708066E+000, 2.0628642E+000, 1.9951964E+000, 1.8458622E+000, 1.7307229E+000, 1.7302377E+000, 1.7422512E+000, 1.7591747E+000, 1.7624058E+000, 1.6436009E+000, 1.6758135E+000, 1.6598467E+000, 1.6292635E+000, 1.6400434E+000
 8.8037473E+000, 6.6391165E+001, 8.4890600E+000, 6.6032243E+001, 8.4131010E+000, 1.6400464E+002, 1.9309341E+000, 1.9397884E+000, 1.9076682E+000, 1.9077795E+000, 1.9156556E+000, 1.9492843E+000, 1.9920559E+000, 1.9797564E+000, 1.9276264E+000, 1.9208014E+000, 1.9541324E+000, 2.0295604E+000, 1.6762342E+000, 1.6742232E+000, 1.6648120E+000, 1.6533868E+000, 1.6500550E+000, 1.6720952E+000, 1.7082014E+000, 1.7366806E+000, 1.7315155E+000, 1.7034415E+000, 1.6853836E+000, 1.6807382E+000, 1.6554789E+000, 1.7146616E+000, 1.8616882E+000, 1.9239989E+000, 1.8490773E+000, 1.7015826E+000, 1.6332614E+000, 1.6250630E+000, 1.6336289E+000, 1.6518939E+000, 1.6593598E+000, 1.5503480E+000, 1.5737490E+000, 1.5469734E+000, 1.5126402E+000, 1.5406069E+000
 8.9090048E+000, 6.6391165E+001, 8.4890600E+000, 6.6032243E+001, 8.4131010E+000, 1.6400464E+002, 1.8136744E+000, 1.8129822E+000, 1.7798554E+000, 1.7832295E+000, 1.8091699E+000, 1.8456040E+000, 1.8730216E+000, 1.8520814E+000, 1.8045437E+000, 1.8019885E+000, 1.8274276E+000, 1.8866124E+000, 1.5462659E+000, 1.5619881E+000, 1.5681887E+000, 1.5606655E+000, 1.5430294E+000, 1.5391417E+000, 1.5514932E+000, 1.5734817E+000, 1.5881459E+000, 1.5928355E+000, 1.5906379E+000, 1.5741251E+000, 1.5258594E+000, 1.6017605E+000, 1.7223625E+000, 1.7648541E+000, 1.6807594E+000, 1.5349564E+000, 1.5356435E+000, 1.5225451E+000, 1.5318792E+000, 1.5595311E+000, 1.5787833E+000, 1.4846456E+000, 1.4868952E+000, 1.4231162E+000, 1.3643848E+000, 1.4084269E+000
 9.0044961E+000, 6.6391165E+001, 8.4890600E+000, 6.6032243E+001, 8.4131010E+000, 1.6400464E+002, 1.6681466E+000, 1.6684401E+000, 1.6406450E+000, 1.6539149E+000, 1.6911235E+000, 1.7253381E+000, 1.7541364E+000, 1.7442653E+000, 1.7070275E+000, 1.7132743E+000, 1.7428140E+000, 1.7810216E+000, 1.4676963E+000, 1.4910867E+000, 1.4906781E+000, 1.4619276E+000, 1.4241372E+000, 1.4130903E+000, 1.4268754E+000, 1.4607296E+000, 1.4900861E+000, 1.4969568E+000, 1.4808470E+000, 1.4469880E+000, 1.3973272E+000, 1.4924948E+000, 1.5893142E+000, 1.6222513E+000, 1.5351181E+000, 1.3973793E+000, 1.4256230E+000, 1.4047616E+000, 1.4084556E+000, 1.4338003E+000, 1.4551731E+000, 1.3610798E+000, 1.3674213E+000, 1.3103625E+000, 1.2545774E+000, 1.2995488E+000
 9.1119238E+000, 6.6391165E+001, 8.4890600E+000, 6.6032243E+001, 8.4131010E+000, 1.6400464E+002, 1.5775882E+000, 1.5605672E+000, 1.5264808E+000, 1.5423243E+000, 1.5885180E+000, 1.6209436E+000, 1.6426384E+000, 1.6314302E+000, 1.5959223E+000, 1.5960620E+000, 1.6079718E+000, 1.6372009E+000, 1.3741295E+000, 1.4007906E+000, 1.3968580E+000, 1.3614860E+000, 1.3158938E+000, 1.2996583E+000, 1.3227857E+000, 1.3727289E+000, 1.4114406E+000, 1.4129827E+000, 1.3819132E+000, 1.3377327E+000, 1.2899939E+000, 1.3783834E+000, 1.4696458E+000, 1.5036368E+000, 1.4169536E+000, 1.2920509E+000, 1.3274661E+000, 1.3175139E+000, 1.3306858E+000, 1.3677304E+000, 1.3981588E+000, 1.2787674E+000, 1.2796385E+000, 1.2155545E+000, 1.1494041E+000, 1.1927603E+000
 9.2074151E+000, 6.6391165E+001, 8.4890600E+000, 6.6032243E+001, 8.4131010E+000, 1.6400464E+002, 1.4588072E+000, 1.4469587E+000, 1.4318715E+000, 1.4655255E+000, 1.5147393E+000, 1.5433844E+000, 1.5630069E+000, 1.5437843E+000, 1.5048054E+000, 1.5078476E+000, 1.5169586E+000, 1.5350997E+000, 1.2954213E+000, 1.3199227E+000, 1.3105034E+000, 1.2669701E+000, 1.2216184E+000, 1.2167452E+000, 1.2486934E+000, 1.2960695E+000, 1.3224111E+000, 1.3082530E+000, 1.2685774E+000, 1.2301366E+000, 1.2018958E+000, 1.2631005E+000, 1.3354566E+000, 1.3610426E+000, 1.2824115E+000, 1.1824689E+000, 1.2302829E+000, 1.2128398E+000, 1.2160003E+000, 1.2431827E+000, 1.2705840E+000, 1.1723597E+000, 1.1832937E+000, 1.1327788E+000, 1.0713531E+000, 1.1024943E+000
 9.3029064E+000, 6.6391165E+001, 8.4890600E+000, 6.6032243E+001, 8.4131010E+000, 1.6400464E+002, 1.3624982E+000, 1.3412611E+000, 1.3284783E+000, 1.3680085E+000, 1.4228182E+000, 1.4497899E+000, 1.4623952E+000, 1.4377572E+000, 1.3985511E+000, 1.4007708E+000, 1.4075327E+000, 1.4351473E+000, 1.2316320E+000, 1.2494285E+000, 1.2298397E+000, 1.1790423E+000, 1.1338650E+000, 1.1315675E+000, 1.1649749E+000, 1.2104960E+000, 1.2342373E+000, 1.2185952E+000, 1.1816641E+000, 1.1464797E+000, 1.1178087E+000, 1.1912661E+000, 1.2525168E+000, 1.2739235E+000, 1.2116427E+000, 1.1367018E+000, 1.1459088E+000, 1.1361737E+000, 1.1437559E+000, 1.1732469E+000, 1.2007375E+000, 1.0781716E+000, 1.0858496E+000, 1.0359524E+000, 9.7390813E-001, 1.0042124E+000
 9.4103342E+000, 6.6391165E+001, 8.4890600E+000, 6.6032243E+001, 8.4131010E+000, 1.6400464E+002, 1.2657287E+000, 1.2612627E+000, 1.2730383E+000, 1.3192806E+000, 1.3598985E+000, 1.3773886E+000, 1.3653681E+000, 1.3285945E+000, 1.2941834E+000, 1.3019419E+000, 1.3103032E+000, 1.3336707E+000, 1.1286464E+000, 1.1505919E+000, 1.1339556E+000, 1.0902810E+000, 1.0560943E+000, 1.0565440E+000, 1.0833704E+000, 1.1212790E+000, 1.1406861E+000, 1.1269186E+000, 1.0975106E+000, 1.0713380E+000, 1.0468308E+000, 1.0873554E+000, 1.1229231E+000, 1.1294270E+000, 1.0824156E+000, 1.0389741E+000, 1.0595226E+000, 1.0422717E+000, 1.0416943E+000, 1.0639197E+000, 1.0893782E+000, 9.8094942E-001, 9.9564810E-001, 9.6576968E-001, 9.2637581E-001, 9.4837426E-001
 9.5058255E+000, 6.6391165E+001, 8.4890600E+000, 6.6032243E+001, 8.4131010E+000, 1.6400464E+002, 1.1414257E+000, 1.1424607E+000, 1.1656814E+000, 1.2181188E+000, 1.2584525E+000, 1.2703681E+000, 1.2445959E+000, 1.2086156E+000, 1.1893763E+000, 1.2105213E+000, 1.2235451E+000, 1.2461999E+000, 1.0678670E+000, 1.0811286E+000, 1.0582014E+000, 1.0144881E+000, 9.8190923E-001, 9.7617262E-001, 9.9049501E-001, 1.0160105E+000, 1.0331331E+000, 1.0302768E+000, 1.0162586E+000, 9.9791396E-001, 9.6516874E-001, 9.8928636E-001, 1.0097107E+000, 1.0205935E+000, 1.0009036E+000, 9.8254871E-001, 9.8532129E-001, 9.6523922E-001, 9.5913905E-001, 9.7363450E-001, 9.9338234E-001, 8.8151150E-001, 8.9112801E-001, 8.6161592E-001, 8.2560753E-001, 8.4443230E-001
 9.6037041E+000, 6.6391165E+001, 8.4890600E+000, 6.6032243E+001, 8.4131010E+000, 1.6400464E+002, 1.0599386E+000, 1.0721763E+000, 1.1060403E+000, 1.1516415E+000, 1.1721094E+000, 1.1722230E+000, 1.1266912E+000, 1.0920640E+000, 1.0853792E+000, 1.1160761E+000, 1.1301196E+000, 1.1479068E+000, 9.8784919E-001, 1.0009259E+000, 9.7712417E-001, 9.3634719E-001, 9.0965295E-001, 9.0445939E-001, 9.1374682E-001, 9.3283344E-001, 9.4814658E-001, 9.4674791E-001, 9.3422953E-001, 9.1752934E-001, 8.8592077E-001, 9.0135550E-001, 9.0791904E-001, 9.1084810E-001, 9.0443861E-001, 9.0603907E-001, 9.1059582E-001, 8.8938121E-001, 8.8067667E-001, 8.9267437E-001, 9.1140755E-001, 8.2318725E-001, 8.4088020E-001, 8.2416533E-001, 7.9734856E-001, 8.2072542E-001
 9.7087445E+000, 6.6391165E+001, 8.4890600E+000, 6.6032243E+001, 8.4131010E+000, 1.6400464E+002, 9.5509432E-001, 9.7975855E-001, 1.0211996E+000, 1.0693760E+000, 1.0863590E+000, 1.0810029E+000, 1.0318292E+000, 1.0066825E+000, 1.0103635E+000, 1.0412770E+000, 1.0494864E+000, 1.0592599E+000, 9.3041993E-001, 9.3463463E-001, 9.0811040E-001, 8.6758447E-001, 8.3377595E-001, 8.1733043E-001, 8.2625205E-001, 8.5656130E-001, 8.8495172E-001, 8.9567907E-001, 8.8829758E-001, 8.5948761E-001, 8.0943428E-001, 8.1272804E-001, 8.0909419E-001, 8.1817727E-001, 8.2820295E-001, 8.3834529E-001, 8.4059109E-001, 8.1572636E-001, 8.0230865E-001, 8.0934888E-001, 8.2548477E-001, 7.5224067E-001, 7.6774852E-001, 7.4969044E-001, 7.2131759E-001, 7.3698043E-001
 9.8006549E+000, 6.6391165E+001, 8.4890600E+000, 6.6032243E+001, 8.4131010E+000, 1.6400464E+002, 8.7857656E-001, 9.0688975E-001, 9.4724072E-001, 9.8155729E-001, 9.7812402E-001, 9.6532090E-001, 9.1554899E-001, 9.0287375E-001, 9.1847389E-001, 9.5239966E-001, 9.6124385E-001, 9.6870081E-001, 8.7199464E-001, 8.6913112E-001, 8.4262919E-001, 8.0764424E-001, 7.7633722E-001, 7.5605408E-001, 7.5935898E-001, 7.8415489E-001, 8.0515521E-001, 8.0930363E-001, 8.0215341E-001, 7.8017654E-001, 7.3885016E-001, 7.4007789E-001, 7.3652381E-001, 7.4841634E-001, 7.6550225E-001, 7.7997847E-001, 7.8255017E-001, 7.5683283E-001, 7.4297563E-001, 7.5025136E-001, 7.6696917E-001, 7.1167253E-001, 7.3483074E-001, 7.2124339E-001, 6.9146218E-001, 7.2280942E-001
 9.9056953E+000, 6.6391165E+001, 8.4890600E+000, 6.6032243E+001, 8.4131010E+000, 1.6400464E+002, 8.1741160E-001, 8.5543009E-001, 8.9603083E-001, 9.2566987E-001, 9.1223810E-001, 8.9473511E-001, 8.4863537E-001, 8.4682003E-001, 8.6717567E-001, 8.9612837E-001, 8.9798677E-001, 8.9785041E-001, 8.1217311E-001, 8.0391790E-001, 7.8100194E-001, 7.4753058E-001, 7.1337705E-001, 6.9510910E-001, 7.0634310E-001, 7.3955306E-001, 7.6921637E-001, 7.7863568E-001, 7.6426690E-001, 7.2769795E-001, 6.7989145E-001, 6.6730052E-001, 6.7350919E-001, 6.9494582E-001, 7.1431584E-001, 7.2370861E-001, 7.2120267E-001, 6.9472259E-001, 6.8033893E-001, 6.8665718E-001, 7.0272356E-001, 6.5856306E-001, 6.7917064E-001, 6.6456643E-001, 6.3443118E-001, 6.6018590E-001
 1.0010736E+001, 6.6391165E+001, 8.4890600E+000, 6.6032243E+001, 8.4131010E+000, 1.6400464E+002, 7.6106903E-001, 8.0193056E-001, 8.3861420E-001, 8.5578002E-001, 8.2895721E-001, 8.0871730E-001, 7.6887461E-001, 7.7662784E-001, 8.0027677E-001, 8.2770751E-001, 8.3104009E-001, 8.2968537E-001, 7.4822911E-001, 7.3874553E-001, 7.2191564E-001, 6.9457193E-001, 6.6249699E-001, 6.4155743E-001, 6.4764766E-001, 6.7291852E-001, 6.9467855E-001, 7.0152252E-001, 6.9003235E-001, 6.5958637E-001, 6.1907944E-001, 6.1431203E-001, 6.2600137E-001, 6.5127226E-001, 6.7183705E-001, 6.8039004E-001, 6.6966991E-001, 6.4329697E-001, 6.2953261E-001, 6.3634316E-001, 6.5285937E-001, 6.2564491E-001, 6.4927653E-001, 6.3559032E-001, 6.0681114E-001, 6.4274355E-001
 1.0102646E+001, 6.6391165E+001, 8.4890600E+000, 6.6032243E+001, 8.4131010E+000, 1.6400464E+002, 7.3218008E-001, 7.7501114E-001, 8.0380763E-001, 8.1218972E-001, 7.7902166E-001, 7.5900310E-001, 7.3009161E-001, 7.4562310E-001, 7.6826050E-001, 7.8719720E-001, 7.8044710E-001, 7.6931930E-001, 6.9147032E-001, 6.8431011E-001, 6.7158153E-001, 6.4471766E-001, 6.1367153E-001, 5.9815242E-001, 6.1089469E-001, 6.3935953E-001, 6.6295230E-001, 6.6989877E-001, 6.5336237E-001, 6.1728951E-001, 5.7647803E-001, 5.6999312E-001, 5.8737966E-001, 6.1394655E-001, 6.2969559E-001, 6.3239134E-001, 6.2101022E-001, 5.9753362E-001, 5.8491477E-001, 5.9091482E-001, 6.0621039E-001, 5.9246477E-001, 6.1249806E-001, 5.9740401E-001, 5.6930251E-001, 6.0427360E-001
 1.0207687E+001, 6.6391165E+001, 8.4890600E+000, 6.6032243E+001, 8.4131010E+000, 1.6400464E+002, 6.9657636E-001, 7.3404971E-001, 7.5109393E-001, 7.4607875E-001, 7.0725335E-001, 6.8987577E-001, 6.7446933E-001, 6.9797565E-001, 7.2271102E-001, 7.4166610E-001, 7.3630890E-001, 7.2384871E-001, 6.5079476E-001, 6.4745159E-001, 6.3855574E-001, 6.1435622E-001, 5.8356746E-001, 5.6460903E-001, 5.7244623E-001, 5.9444847E-001, 6.1385022E-001, 6.2088343E-001, 6.0631909E-001, 5.7284239E-001, 5.3508812E-001, 5.3577885E-001, 5.5492009E-001, 5.8183417E-001, 5.9641913E-001, 5.9969762E-001, 5.9186356E-001, 5.6918481E-001, 5.5618009E-001, 5.6051370E-001, 5.7456705E-001, 5.6066710E-001, 5.7682052E-001, 5.6007712E-001, 5.3313915E-001, 5.7999339E-001
 1.0312727E+001, 6.6391165E+001, 8.4890600E+000, 6.6032243E+001, 8.4131010E+000, 1.6400464E+002, 6.7658542E-001, 7.0865364E-001, 7.1395684E-001, 7.0179564E-001, 6.6331858E-001, 6.5036078E-001, 6.5210419E-001, 6.8090246E-001, 6.9715110E-001, 7.0005152E-001, 6.8311704E-001, 6.6717907E-001, 6.0681842E-001, 6.0859292E-001, 6.0252883E-001, 5.7403920E-001, 5.3856984E-001, 5.2115515E-001, 5.3271879E-001, 5.5863881E-001, 5.8380702E-001, 5.9422155E-001, 5.7742191E-001, 5.4082836E-001, 5.0125502E-001, 5.0461344E-001, 5.2306176E-001, 5.4469216E-001, 5.5276032E-001, 5.5259454E-001, 5.5134037E-001, 5.3426969E-001, 5.2527461E-001, 5.3113604E-001, 5.4443151E-001, 5.2269016E-001, 5.3378970E-001, 5.1539245E-001, 4.9006878E-001, 5.4371864E-001
 1.0404637E+001, 6.6391165E+001, 8.4890600E+000, 6.6032243E+001, 8.4131010E+000, 1.6400464E+002, 6.5022505E-001, 6.7142826E-001, 6.6438228E-001, 6.4436552E-001, 6.0909559E-001, 6.0211250E-001, 6.1910198E-001, 6.5275774E-001, 6.6675456E-001, 6.6445923E-001, 6.4309886E-001, 6.2349621E-001, 5.7440238E-001, 5.7671787E-001, 5.7397870E-001, 5.4962732E-001, 5.1686146E-001, 4.9937522E-001, 5.0857506E-001, 5.3140400E-001, 5.5462751E-001, 5.6351280E-001, 5.4643235E-001, 5.1204061E-001, 4.7620535E-001, 4.8251117E-001, 5.0103678E-001, 5.2137875E-001, 5.2810975E-001, 5.2890983E-001, 5.2947307E-001, 5.1482776E-001, 5.0629951E-001, 5.1001146E-001, 5.2021097E-001, 4.9016335E-001, 4.9993259E-001, 4.8185877E-001, 4.5478341E-001, 5.1128538E-001
 1.0509678E+001, 6.6391165E+001, 8.4890600E+000, 6.6032243E+001, 8.4131010E+000, 1.6400464E+002, 6.3212442E-001, 6.4448770E-001, 6.2831970E-001, 6.0595720E-001, 5.7661173E-001, 5.7605262E-001, 6.0307815E-001, 6.2895681E-001, 6.2728751E-001, 6.1356981E-001, 5.9046230E-001, 5.7566780E-001, 5.4489595E-001, 5.5526240E-001, 5.4667309E-001, 5.1145646E-001, 4.7634879E-001, 4.6403753E-001, 4.7868936E-001, 5.0602684E-001, 5.3128511E-001, 5.3566446E-001, 5.1260376E-001, 4.7673257E-001, 4.4465046E-001, 4.5864898E-001, 4.7515600E-001, 4.9097233E-001, 4.9348633E-001, 4.9121768E-001, 4.9166936E-001, 4.8349206E-001, 4.7908178E-001, 4.8352204E-001, 4.9190494E-001, 4.4817711E-001, 4.5415700E-001, 4.3829436E-001, 4.1800466E-001, 4.7331767E-001
 1.0601588E+001, 6.6391165E+001, 8.4890600E+000, 6.6032243E+001, 8.4131010E+000, 1.6400464E+002, 5.8967029E-001, 5.8933856E-001, 5.6893519E-001, 5.4918573E-001, 5.3134386E-001, 5.3740025E-001, 5.7211173E-001, 5.9520773E-001, 5.8897390E-001, 5.7247228E-001, 5.4904812E-001, 5.3502035E-001, 5.0444045E-001, 5.2091859E-001, 5.1730599E-001, 4.8503001E-001, 4.5248128E-001, 4.4100799E-001, 4.5493032E-001, 4.7942937E-001, 5.0165787E-001, 5.0439570E-001, 4.8289610E-001, 4.5232965E-001, 4.2621984E-001, 4.4711700E-001, 4.6273809E-001, 4.7497138E-001, 4.7617315E-001, 4.7525778E-001, 4.6831382E-001, 4.6351243E-001, 4.5970744E-001, 4.6170821E-001, 4.6667487E-001, 4.0905904E-001, 4.1152886E-001, 3.9599477E-001, 3.7671907E-001, 4.2694297E-001
 1.0706629E+001, 6.6391165E+001, 8.4890600E+000, 6.6032243E+001, 8.4131010E+000, 1.6400464E+002, 5.6644762E-001, 5.5868061E-001, 5.3518594E-001, 5.1798197E-001, 5.0681161E-001, 5.1568951E-001, 5.4684901E-001, 5.5869760E-001, 5.4494101E-001, 5.2698453E-001, 5.0759829E-001, 4.9923960E-001, 4.7427952E-001, 4.8828565E-001, 4.7940687E-001, 4.4724878E-001, 4.2029035E-001, 4.1514179E-001, 4.2998940E-001, 4.4886174E-001, 4.6215481E-001, 4.6049878E-001, 4.4139250E-001, 4.1692694E-001, 3.9878887E-001, 4.2054838E-001, 4.3403463E-001, 4.4333262E-001, 4.4196675E-001, 4.4121174E-001, 4.3319060E-001, 4.3227821E-001, 4.3057855E-001, 4.3131538E-001, 4.3327724E-001, 3.6545040E-001, 3.6676008E-001, 3.5289155E-001, 3.3755756E-001, 3.8148566E-001
 1.0810213E+001, 6.6391165E+001, 8.4890600E+000, 6.6032243E+001, 8.4131010E+000, 1.6400464E+002, 5.1596961E-001, 5.0397396E-001, 4.8471955E-001, 4.7233446E-001, 4.6612593E-001, 4.7514258E-001, 5.0021939E-001, 5.0840801E-001, 4.9597772E-001, 4.8029205E-001, 4.6366656E-001, 4.5750651E-001, 4.3435517E-001, 4.5400864E-001, 4.5019701E-001, 4.2266745E-001, 3.9879586E-001, 3.9307392E-001, 4.0513415E-001, 4.1896167E-001, 4.2718989E-001, 4.2443916E-001, 4.0994135E-001, 3.9314408E-001, 3.8119605E-001, 4.0551574E-001, 4.1676309E-001, 4.2532460E-001, 4.2581489E-001, 4.2754260E-001, 4.1191876E-001, 4.1269045E-001, 4.0930756E-001, 4.0497911E-001, 4.0194677E-001, 3.3542435E-001, 3.3292770E-001, 3.1846586E-001, 3.0422749E-001, 3.4092998E-001
 1.0903605E+001, 6.6391165E+001, 8.4890600E+000, 6.6032243E+001, 8.4131010E+000, 1.6400464E+002, 4.8446026E-001, 4.6837360E-001, 4.5210946E-001, 4.4553884E-001, 4.4233850E-001, 4.4982778E-001, 4.6775771E-001, 4.7026848E-001, 4.5607251E-001, 4.4273255E-001, 4.3197664E-001, 4.2773268E-001, 3.9491096E-001, 4.0120928E-001, 3.8772696E-001, 3.6522754E-001, 3.5174084E-001, 3.5068065E-001, 3.5953506E-001, 3.6956580E-001, 3.7786554E-001, 3.7741364E-001, 3.6657153E-001, 3.5550423E-001, 3.4626647E-001, 3.7879087E-001, 3.8567362E-001, 3.9003302E-001, 3.9096238E-001, 3.9461388E-001, 3.5924454E-001, 3.6370683E-001, 3.6332066E-001, 3.6053949E-001, 3.5759019E-001, 3.0365533E-001, 3.0043419E-001, 2.8659635E-001, 2.7422141E-001, 3.0369483E-001
 1.1008672E+001, 6.6391165E+001, 8.4890600E+000, 6.6032243E+001, 8.4131010E+000, 1.6400464E+002, 4.4172745E-001, 4.2535518E-001, 4.1076333E-001, 4.0511417E-001, 4.0122625E-001, 4.0621252E-001, 4.1927849E-001, 4.2155928E-001, 4.0889041E-001, 3.9655900E-001, 3.8583590E-001, 3.8231784E-001, 3.6782871E-001, 3.7310940E-001, 3.6013688E-001, 3.3986983E-001, 3.2785773E-001, 3.2635120E-001, 3.3367970E-001, 3.4175444E-001, 3.4748018E-001, 3.4583994E-001, 3.3698430E-001, 3.2814261E-001, 3.1914546E-001, 3.5618796E-001, 3.5974320E-001, 3.6334022E-001, 3.6627055E-001, 3.7141528E-001, 3.3494851E-001, 3.3973492E-001, 3.3899058E-001, 3.3471798E-001, 3.3012610E-001, 2.8317034E-001, 2.7818490E-001, 2.6426820E-001, 2.5126574E-001, 2.7993240E-001
 1.1102064E+001, 6.6391165E+001, 8.4890600E+000, 6.6032243E+001, 8.4131010E+000, 1.6400464E+002, 4.0288303E-001, 3.8745663E-001, 3.7882133E-001, 3.7383726E-001, 3.6275400E-001, 3.6642070E-001, 3.7994125E-001, 3.7813994E-001, 3.6323882E-001, 3.5422731E-001, 3.4887539E-001, 3.4704371E-001, 3.4278791E-001, 3.3708683E-001, 3.2011012E-001, 3.0381865E-001, 2.9514137E-001, 2.9390114E-001, 3.0189640E-001, 3.1324944E-001, 3.2143306E-001, 3.1991881E-001, 3.1120114E-001, 3.0179269E-001, 2.9059232E-001, 3.2591034E-001, 3.2695980E-001, 3.3077317E-001, 3.3526535E-001, 3.4057029E-001, 3.0103917E-001, 3.0795306E-001, 3.0956720E-001, 3.0712276E-001, 3.0299201E-001, 2.6073647E-001, 2.5592904E-001, 2.4333481E-001, 2.3149704E-001, 2.5956193E-001
 1.1207130E+001, 6.6391165E+001, 8.4890600E+000, 6.6032243E+001, 8.4131010E+000, 1.6400464E+002, 3.7296605E-001, 3.5695516E-001, 3.4736141E-001, 3.3996174E-001, 3.2909224E-001, 3.3412837E-001, 3.4832973E-001, 3.4594063E-001, 3.3278978E-001, 3.2503919E-001, 3.1908100E-001, 3.1662092E-001, 3.1792163E-001, 3.1199099E-001, 2.9598294E-001, 2.7969984E-001, 2.6980825E-001, 2.6838979E-001, 2.7797768E-001, 2.9047632E-001, 2.9655597E-001, 2.9278176E-001, 2.8372956E-001, 2.7549464E-001, 2.6699962E-001, 2.9395267E-001, 2.9615773E-001, 3.0242047E-001, 3.0833266E-001, 3.1380940E-001, 2.7580332E-001, 2.8209995E-001, 2.8442240E-001, 2.8321166E-001, 2.7988940E-001, 2.3817262E-001, 2.3343028E-001, 2.2193842E-001, 2.1020688E-001, 2.3614545E-001
 1.1300522E+001, 6.6391165E+001, 8.4890600E+000, 6.6032243E+001, 8.4131010E+000, 1.6400464E+002, 3.4362150E-001, 3.2791367E-001, 3.1421652E-001, 2.9854851E-001, 2.8521563E-001, 2.9387345E-001, 3.1324796E-001, 3.1214900E-001, 3.0179396E-001, 2.9653941E-001, 2.9158432E-001, 2.8933326E-001, 2.9629815E-001, 2.8978840E-001, 2.7495801E-001, 2.5885610E-001, 2.4771313E-001, 2.4602458E-001, 2.5815694E-001, 2.7389978E-001, 2.8121807E-001, 2.7740290E-001, 2.6825491E-001, 2.6007046E-001, 2.5128535E-001, 2.7465025E-001, 2.7799102E-001, 2.8517251E-001, 2.9094528E-001, 2.9589880E-001, 2.5488308E-001, 2.6188722E-001, 2.6522156E-001, 2.6499666E-001, 2.6194291E-001, 2.1847533E-001, 2.1464562E-001, 2.0528963E-001, 1.9470982E-001, 2.1772802E-001
 1.1405589E+001, 6.6391165E+001, 8.4890600E+000, 6.6032243E+001, 8.4131010E+000, 1.6400464E+002, 3.1714700E-001, 3.0182489E-001, 2.8797991E-001, 2.7222013E-001, 2.6105488E-001, 2.6964044E-001, 2.8636687E-001, 2.8423359E-001, 2.7352601E-001, 2.6766781E-001, 2.6376314E-001, 2.6469129E-001, 2.6328685E-001, 2.5813494E-001, 2.4628924E-001, 2.3190908E-001, 2.1978810E-001, 2.1704066E-001, 2.2806528E-001, 2.4143893E-001, 2.4532697E-001, 2.4079767E-001, 2.3501020E-001, 2.3129339E-001, 2.2715807E-001, 2.5274685E-001, 2.5782546E-001, 2.6466955E-001, 2.6901512E-001, 2.7256484E-001, 2.2693718E-001, 2.3223476E-001, 2.3518590E-001, 2.3553329E-001, 2.3342652E-001, 1.9215106E-001, 1.9017373E-001, 1.8324932E-001, 1.7441426E-001, 1.9558792E-001
 1.1509316E+001, 6.6391165E+001, 8.4890600E+000, 6.6032243E+001, 8.4131010E+000, 1.6400464E+002, 2.8169173E-001, 2.6821003E-001, 2.5480301E-001, 2.3917222E-001, 2.3118605E-001, 2.4065575E-001, 2.5570721E-001, 2.5172045E-001, 2.4109609E-001, 2.3736064E-001, 2.3694748E-001, 2.4267662E-001, 2.4013534E-001, 2.3565850E-001, 2.2583814E-001, 2.1281575E-001, 2.0097855E-001, 1.9879801E-001, 2.1059530E-001, 2.2423113E-001, 2.2835738E-001, 2.2432587E-001, 2.1898845E-001, 2.1563848E-001, 2.1205969E-001, 2.3948446E-001, 2.4426894E-001, 2.5002778E-001, 2.5342875E-001, 2.5654884E-001, 2.0843726E-001, 2.1402472E-001, 2.1715710E-001, 2.1768278E-001, 2.1558949E-001, 1.7458414E-001, 1.7307909E-001, 1.6809708E-001, 1.6092522E-001, 1.7950834E-001
 1.1602335E+001, 6.6391165E+001, 8.4890600E+000, 6.6032243E+001, 8.4131010E+000, 1.6400464E+002, 2.5441717E-001, 2.4360694E-001, 2.3154648E-001, 2.1638717E-001, 2.0764324E-001, 2.1352183E-001, 2.2015696E-001, 2.1469744E-001, 2.0690334E-001, 2.0639920E-001, 2.0893809E-001, 2.1524816E-001, 2.0802121E-001, 2.0469993E-001, 1.9703885E-001, 1.8576138E-001, 1.7613431E-001, 1.7628857E-001, 1.8769153E-001, 1.9940950E-001, 2.0262522E-001, 1.9933603E-001, 1.9519591E-001, 1.9300171E-001, 1.9061882E-001, 2.2176105E-001, 2.2687761E-001, 2.3126645E-001, 2.3296526E-001, 2.3449741E-001, 1.8076586E-001, 1.8309235E-001, 1.8467644E-001, 1.8532126E-001, 1.8439483E-001, 1.5062280E-001, 1.5094136E-001, 1.4843344E-001, 1.4361500E-001, 1.5996241E-001
 1.1705690E+001, 6.6391165E+001, 8.4890600E+000, 6.6032243E+001, 8.4131010E+000, 1.6400464E+002, 2.1871685E-001, 2.0902387E-001, 1.9856092E-001, 1.8607192E-001, 1.7973422E-001, 1.8445728E-001, 1.8849312E-001, 1.8377732E-001, 1.7851465E-001, 1.8078359E-001, 1.8650589E-001, 1.9459098E-001, 1.9174756E-001, 1.8809222E-001, 1.7962623E-001, 1.6757916E-001, 1.5828099E-001, 1.5924930E-001, 1.6977071E-001, 1.8083015E-001, 1.8525138E-001, 1.8330361E-001, 1.7925871E-001, 1.7629916E-001, 1.7339421E-001, 2.0208796E-001, 2.0572633E-001, 2.0851988E-001, 2.0943019E-001, 2.1083933E-001, 1.6215394E-001, 1.6308374E-001, 1.6378630E-001, 1.6392136E-001, 1.6290777E-001, 1.3138678E-001, 1.3143355E-001, 1.2974944E-001, 1.2642228E-001, 1.4034112E-001
 1.1802843E+001, 6.6391165E+001, 8.4890600E+000, 6.6032243E+001, 8.4131010E+000, 1.6400464E+002, 1.8914457E-001, 1.8035928E-001, 1.6991739E-001, 1.5721280E-001, 1.4858905E-001, 1.5043165E-001, 1.5270549E-001, 1.5218175E-001, 1.5229839E-001, 1.5825556E-001, 1.6674959E-001, 1.7430393E-001, 1.7194214E-001, 1.6898478E-001, 1.6042315E-001, 1.4898402E-001, 1.4154796E-001, 1.4343873E-001, 1.5352840E-001, 1.6428997E-001, 1.6952536E-001, 1.6828096E-001, 1.6399289E-001, 1.6023554E-001, 1.5677034E-001, 1.8548294E-001, 1.8782029E-001, 1.8959792E-001, 1.9031413E-001, 1.9201640E-001, 1.4456398E-001, 1.4552012E-001, 1.4609485E-001, 1.4623476E-001, 1.4537857E-001, 1.1668861E-001, 1.1677330E-001, 1.1607738E-001, 1.1443473E-001, 1.2580298E-001
 1.1908795E+001, 6.6391165E+001, 8.4890600E+000, 6.6032243E+001, 8.4131010E+000, 1.6400464E+002, 1.6906317E-001, 1.6115279E-001, 1.5121943E-001, 1.3897122E-001, 1.2950800E-001, 1.2995026E-001, 1.3129000E-001, 1.3250295E-001, 1.3423065E-001, 1.3985943E-001, 1.4603535E-001, 1.4989068E-001, 1.5110942E-001, 1.4841935E-001, 1.4039139E-001, 1.3105509E-001, 1.2658498E-001, 1.2933835E-001, 1.3697125E-001, 1.4591615E-001, 1.5170305E-001, 1.5119869E-001, 1.4650432E-001, 1.4184373E-001, 1.3787552E-001, 1.6454000E-001, 1.6562515E-001, 1.6682732E-001, 1.6764150E-001, 1.6975060E-001, 1.2717911E-001, 1.2627441E-001, 1.2531774E-001, 1.2419544E-001, 1.2287935E-001, 9.9523009E-002, 9.9721062E-002, 9.9866384E-002, 9.9736881E-002, 1.0681805E-001
 1.2002155E+001, 6.6391165E+001, 8.4890600E+000, 6.6032243E+001, 8.4131010E+000, 1.6400464E+002, 1.4874015E-001, 1.3930234E-001, 1.2701008E-001, 1.1411789E-001, 1.0617619E-001, 1.0760416E-001, 1.1225922E-001, 1.1664623E-001, 1.2130106E-001, 1.2819136E-001, 1.3363704E-001, 1.3536320E-001, 1.3836380E-001, 1.3395272E-001, 1.2544106E-001, 1.1727400E-001, 1.1408816E-001, 1.1693412E-001, 1.2431171E-001, 1.3307438E-001, 1.3877381E-001, 1.3814085E-001, 1.3327507E-001, 1.2841771E-001, 1.2456045E-001, 1.5093576E-001, 1.5181149E-001, 1.5300622E-001, 1.5394318E-001, 1.5604057E-001, 1.1467624E-001, 1.1471961E-001, 1.1412297E-001, 1.1299323E-001, 1.1151388E-001, 8.9512553E-002, 8.9570888E-002, 8.9990978E-002, 9.0614190E-002, 9.4772008E-002
 1.2108532E+001, 6.6391165E+001, 8.4890600E+000, 6.6032243E+001, 8.4131010E+000, 1.6400464E+002, 1.3447129E-001, 1.2475984E-001, 1.1108780E-001, 9.7126014E-002, 8.8936181E-002, 9.0773024E-002, 9.7966866E-002, 1.0471343E-001, 1.1057933E-001, 1.1622310E-001, 1.1746998E-001, 1.1492607E-001, 1.1486625E-001, 1.1138501E-001, 1.0613751E-001, 1.0238191E-001, 1.0234755E-001, 1.0587107E-001, 1.1248093E-001, 1.2018229E-001, 1.2491056E-001, 1.2340494E-001, 1.1773130E-001, 1.1194393E-001, 1.0738030E-001, 1.3018375E-001, 1.3058881E-001, 1.3179546E-001, 1.3318302E-001, 1.3589800E-001, 1.0147033E-001, 1.0167503E-001, 1.0096854E-001, 9.9641400E-002, 9.8083634E-002, 7.8512427E-002, 7.8639747E-002, 7.9362550E-002, 8.0686378E-002, 8.1544075E-002
 1.2204786E+001, 6.6391165E+001, 8.4890600E+000, 6.6032243E+001, 8.4131010E+000, 1.6400464E+002, 1.2104814E-001, 1.1018096E-001, 9.5947258E-002, 8.3587300E-002, 7.7756636E-002, 7.9968556E-002, 8.8361805E-002, 9.6563392E-002, 1.0306468E-001, 1.0760103E-001, 1.0703690E-001, 1.0316756E-001, 9.9769425E-002, 9.5708204E-002, 9.1967485E-002, 9.0125417E-002, 9.0803267E-002, 9.3813289E-002, 9.8581790E-002, 1.0366575E-001, 1.0619898E-001, 1.0413197E-001, 9.9042313E-002, 9.4019748E-002, 9.0354801E-002, 1.1312958E-001, 1.1404486E-001, 1.1598861E-001, 1.1818141E-001, 1.2137048E-001, 8.9471332E-002, 8.8781425E-002, 8.7305729E-002, 8.5345038E-002, 8.3552868E-002, 7.2159030E-002, 7.1868394E-002, 7.2083244E-002, 7.3087065E-002, 7.3365506E-002
 1.2308741E+001, 6.6391165E+001, 8.4890600E+000, 6.6032243E+001, 8.4131010E+000, 1.6400464E+002, 1.0680568E-001, 9.5699647E-002, 8.3003015E-002, 7.2902295E-002, 6.7838318E-002, 6.9962717E-002, 7.9964171E-002, 9.0059982E-002, 9.6752014E-002, 9.8713483E-002, 9.4838740E-002, 9.0123446E-002, 8.6246825E-002, 8.3372108E-002, 8.1576470E-002, 8.1151929E-002, 8.2748088E-002, 8.6087492E-002, 9.0693776E-002, 9.4873052E-002, 9.6518726E-002, 9.4131083E-002, 8.9062737E-002, 8.4059782E-002, 8.0613249E-002, 9.8579597E-002, 1.0018379E-001, 1.0266920E-001, 1.0509192E-001, 1.0805405E-001, 8.1416894E-002, 8.1618172E-002, 8.0654663E-002, 7.9006485E-002, 7.7314759E-002, 6.7168886E-002, 6.6487338E-002, 6.6386833E-002, 6.7264755E-002, 6.7828540E-002
 1.2400708E+001, 6.6391165E+001, 8.4890600E+000, 6.6032243E+001, 8.4131010E+000, 1.6400464E+002, 9.7946574E-002, 8.6939437E-002, 7.4323215E-002, 6.4387725E-002, 5.9825196E-002, 6.2358463E-002, 7.2756373E-002, 8.2021613E-002, 8.7758189E-002, 8.9225484E-002, 8.5314096E-002, 8.0204839E-002, 7.6591187E-002, 7.4296103E-002, 7.3217005E-002, 7.3547248E-002, 7.5606770E-002, 7.8622993E-002, 8.2293499E-002, 8.5111528E-002, 8.5744176E-002, 8.3088784E-002, 7.8291343E-002, 7.3705904E-002, 7.0757794E-002, 8.4511420E-002, 8.6916763E-002, 9.0184463E-002, 9.3335787E-002, 9.6806307E-002, 7.4215389E-002, 7.4840060E-002, 7.4304540E-002, 7.3103024E-002, 7.1678656E-002, 6.2160931E-002, 6.1184163E-002, 6.0781666E-002, 6.1575337E-002, 6.2175862E-002
 1.2508964E+001, 6.6391165E+001, 8.4890600E+000, 6.6032243E+001, 8.4131010E+000, 1.6400464E+002, 8.7850690E-002, 7.7027513E-002, 6.4796502E-002, 5.5511496E-002, 5.2538514E-002, 5.5841887E-002, 6.7193700E-002, 7.6791301E-002, 8.2780644E-002, 8.3932791E-002, 7.9143445E-002, 7.3345259E-002, 6.9397747E-002, 6.7103999E-002, 6.6006776E-002, 6.6658681E-002, 6.9449091E-002, 7.2654750E-002, 7.6052367E-002, 7.8514803E-002, 7.9166727E-002, 7.6773971E-002, 7.2263797E-002, 6.7863737E-002, 6.5143331E-002, 7.5228873E-002, 7.7745208E-002, 8.1023196E-002, 8.4132193E-002, 8.7394221E-002, 6.7889702E-002, 6.9205882E-002, 6.9080945E-002, 6.8004020E-002, 6.6499418E-002, 5.6164161E-002, 5.4900057E-002, 5.4356891E-002, 5.5157926E-002, 5.5012123E-002
 1.2608845E+001, 6.6391165E+001, 8.4890600E+000, 6.6032243E+001, 8.4131010E+000, 1.6400464E+002, 7.7491856E-002, 6.6582284E-002, 5.4858059E-002, 4.6769291E-002, 4.5570476E-002, 4.9300289E-002, 6.0777932E-002, 7.0291437E-002, 7.6440193E-002, 7.7424724E-002, 7.1900110E-002, 6.5377460E-002, 6.1725130E-002, 5.8888379E-002, 5.7894944E-002, 5.9393204E-002, 6.3106167E-002, 6.6519088E-002, 6.9743180E-002, 7.1887253E-002, 7.2186694E-002, 6.9427537E-002, 6.4688540E-002, 6.0343345E-002, 5.7931277E-002, 6.7492039E-002, 7.0074307E-002, 7.3541360E-002, 7.7043678E-002, 8.0750035E-002, 6.1246213E-002, 6.3105538E-002, 6.3345751E-002, 6.2463100E-002, 6.0993169E-002, 5.0128633E-002, 4.8737927E-002, 4.8120134E-002, 4.8872493E-002, 4.8327218E-002
 1.2707710E+001, 6.6391165E+001, 8.4890600E+000, 6.6032243E+001, 8.4131010E+000, 1.6400464E+002, 6.9063047E-002, 5.8430379E-002, 4.7197703E-002, 4.0044349E-002, 3.9890142E-002, 4.3672103E-002, 5.4950579E-002, 6.4286936E-002, 7.0065494E-002, 7.0148374E-002, 6.3795313E-002, 5.7219572E-002, 5.3947364E-002, 5.0884654E-002, 5.0527502E-002, 5.3048607E-002, 5.7469316E-002, 6.0838721E-002, 6.3998990E-002, 6.6102423E-002, 6.6245893E-002, 6.3211797E-002, 5.8243254E-002, 5.3868232E-002, 5.1579573E-002, 6.1511523E-002, 6.3626418E-002, 6.6891727E-002, 7.0484170E-002, 7.4413959E-002, 5.5459100E-002, 5.7848046E-002, 5.8502290E-002, 5.7934369E-002, 5.6609049E-002, 4.5323345E-002, 4.3906767E-002, 4.3236022E-002, 4.3934194E-002, 4.3107730E-002
 1.2803313E+001, 6.6391165E+001, 8.4890600E+000, 6.6032243E+001, 8.4131010E+000, 1.6400464E+002, 6.2821041E-002, 5.2457309E-002, 4.1615995E-002, 3.5503482E-002, 3.6439483E-002, 4.0350066E-002, 5.1606804E-002, 6.0750596E-002, 6.6247807E-002, 6.6140079E-002, 5.9946801E-002, 5.3195891E-002, 5.0016457E-002, 4.6290560E-002, 4.5534573E-002, 4.7944044E-002, 5.2236678E-002, 5.5789602E-002, 5.9345234E-002, 6.1549442E-002, 6.0968567E-002, 5.6998083E-002, 5.1728924E-002, 4.7701983E-002, 4.5860952E-002, 5.4703048E-002, 5.7030410E-002, 6.0528697E-002, 6.4357397E-002, 6.8365800E-002, 5.0180942E-002, 5.2147016E-002, 5.2416891E-002, 5.1444821E-002, 4.9916434E-002, 3.9834136E-002, 3.8790884E-002, 3.8593739E-002, 3.9692421E-002, 3.8253206E-002
 1.2911256E+001, 6.6391165E+001, 8.4890600E+000, 6.6032243E+001, 8.4131010E+000, 1.6400464E+002, 5.6984122E-002, 4.6913999E-002, 3.6304761E-002, 3.0923854E-002, 3.2704195E-002, 3.6691975E-002, 4.7781268E-002, 5.6738087E-002, 6.2048996E-002, 6.1768908E-002, 5.5696861E-002, 4.8914424E-002, 4.5697933E-002, 4.1714751E-002, 4.0894017E-002, 4.3323317E-002, 4.7480051E-002, 5.0889497E-002, 5.4421300E-002, 5.6546212E-002, 5.5824147E-002, 5.1855085E-002, 4.6822829E-002, 4.3113532E-002, 4.1470854E-002, 5.0103898E-002, 5.2409881E-002, 5.5876641E-002, 5.9670594E-002, 6.3583362E-002, 4.5653498E-002, 4.7800774E-002, 4.8216779E-002, 4.7395257E-002, 4.5991638E-002, 3.6964617E-002, 3.5965403E-002, 3.5767697E-002, 3.6781343E-002, 3.4962262E-002
 1.3001722E+001, 6.6391165E+001, 8.4890600E+000, 6.6032243E+001, 8.4131010E+000, 1.6400464E+002, 5.2832837E-002, 4.3021048E-002, 3.2945103E-002, 2.8200715E-002, 3.0521788E-002, 3.4372644E-002, 4.4253345E-002, 5.1675124E-002, 5.6002578E-002, 5.6444396E-002, 5.2046664E-002, 4.5653097E-002, 4.0086040E-002, 3.6135544E-002, 3.5978129E-002, 3.8830381E-002, 4.2982835E-002, 4.6628257E-002, 5.0362013E-002, 5.2346163E-002, 5.1253204E-002, 4.7067543E-002, 4.2087489E-002, 3.8488894E-002, 3.6853003E-002, 4.3425620E-002, 4.5385190E-002, 4.8559243E-002, 5.2237853E-002, 5.6199289E-002, 4.1115275E-002, 4.2996556E-002, 4.3235191E-002, 4.2346921E-002, 4.1019789E-002, 3.3266570E-002, 3.2406713E-002, 3.2358480E-002, 3.3456298E-002, 3.1308556E-002
 1.3103497E+001, 6.6391165E+001, 8.4890600E+000, 6.6032243E+001, 8.4131010E+000, 1.6400464E+002, 4.6337181E-002, 3.7759633E-002, 2.8971809E-002, 2.5477219E-002, 2.8727802E-002, 3.2589528E-002, 4.1715113E-002, 4.8239939E-002, 5.2122498E-002, 5.2614402E-002, 4.8500040E-002, 4.2462417E-002, 3.7411341E-002, 3.3680297E-002, 3.3787088E-002, 3.6636805E-002, 4.0628239E-002, 4.4247258E-002, 4.7760637E-002, 4.9261267E-002, 4.7855157E-002, 4.3858115E-002, 3.9286412E-002, 3.5965513E-002, 3.4439606E-002, 4.0289706E-002, 4.2325157E-002, 4.5461404E-002, 4.8957585E-002, 5.2561079E-002, 3.8846645E-002, 4.0572086E-002, 4.0642666E-002, 3.9588220E-002, 3.8192638E-002, 3.0353868E-002, 2.9437669E-002, 2.9316052E-002, 3.0280155E-002, 2.8130113E-002
 1.3205272E+001, 6.6391165E+001, 8.4890600E+000, 6.6032243E+001, 8.4131010E+000, 1.6400464E+002, 4.1211808E-002, 3.3081691E-002, 2.5383881E-002, 2.2985044E-002, 2.6895589E-002, 3.0366198E-002, 3.7222085E-002, 4.1978004E-002, 4.5561789E-002, 4.6930074E-002, 4.3772473E-002, 3.7957872E-002, 3.2593797E-002, 2.9553706E-002, 3.0377870E-002, 3.3325916E-002, 3.6941084E-002, 4.0108068E-002, 4.3169516E-002, 4.4193932E-002, 4.2652609E-002, 3.9075261E-002, 3.5137763E-002, 3.2274845E-002, 3.0924814E-002, 3.6585829E-002, 3.8611604E-002, 4.1805285E-002, 4.5418548E-002, 4.9152060E-002, 3.5553156E-002, 3.7407515E-002, 3.7549422E-002, 3.6571911E-002, 3.5264337E-002, 2.7636486E-002, 2.6776570E-002, 2.6676068E-002, 2.7581602E-002, 2.5366176E-002
 1.3310808E+001, 6.6391165E+001, 8.4890600E+000, 6.6032243E+001, 8.4131010E+000, 1.6400464E+002, 3.5559024E-002, 2.8659005E-002, 2.2579735E-002, 2.1401455E-002, 2.5496957E-002, 2.8446034E-002, 3.3934166E-002, 3.8195663E-002, 4.1697030E-002, 4.2797571E-002, 3.9391323E-002, 3.3535144E-002, 2.8945857E-002, 2.6670113E-002, 2.7955288E-002, 3.0707678E-002, 3.3771241E-002, 3.6404846E-002, 3.8660969E-002, 3.9015130E-002, 3.7483977E-002, 3.4547520E-002, 3.1329301E-002, 2.8883277E-002, 2.7631083E-002, 3.2763384E-002, 3.4663839E-002, 3.7680221E-002, 4.1087266E-002, 4.4571975E-002, 3.2666396E-002, 3.4098955E-002, 3.3829049E-002, 3.2468944E-002, 3.0999094E-002, 2.3551474E-002, 2.2894368E-002, 2.2881660E-002, 2.3713292E-002, 2.1735446E-002
 1.3411186E+001, 6.6391165E+001, 8.4890600E+000, 6.6032243E+001, 8.4131010E+000, 1.6400464E+002, 2.9939904E-002, 2.4035381E-002, 1.9441425E-002, 1.9333280E-002, 2.3686887E-002, 2.6237775E-002, 3.0388331E-002, 3.3813316E-002, 3.6975546E-002, 3.7949109E-002, 3.4740487E-002, 2.9538267E-002, 2.6032216E-002, 2.4477087E-002, 2.5821850E-002, 2.8145444E-002, 3.0673572E-002, 3.2769823E-002, 3.4483420E-002, 3.4611862E-002, 3.3306136E-002, 3.0918128E-002, 2.8303554E-002, 2.6300560E-002, 2.5253391E-002, 3.0117998E-002, 3.1923089E-002, 3.4777479E-002, 3.8016728E-002, 4.1334937E-002, 2.9890870E-002, 3.1216427E-002, 3.0926963E-002, 2.9633500E-002, 2.8271650E-002, 2.1499776E-002, 2.0930121E-002, 2.0921750E-002, 2.1655637E-002, 1.9823612E-002
 1.3509600E+001, 6.6391165E+001, 8.4890600E+000, 6.6032243E+001, 8.4131010E+000, 1.6400464E+002, 2.7275073E-002, 2.2108433E-002, 1.8148124E-002, 1.8140932E-002, 2.1702315E-002, 2.3668057E-002, 2.7206748E-002, 3.0495851E-002, 3.3144703E-002, 3.3431938E-002, 3.0075558E-002, 2.5219083E-002, 2.2513883E-002, 2.1903660E-002, 2.3321101E-002, 2.5187279E-002, 2.7260447E-002, 2.8952211E-002, 3.0146231E-002, 3.0105091E-002, 2.9058447E-002, 2.7167873E-002, 2.5035696E-002, 2.3314612E-002, 2.2318832E-002, 2.6393617E-002, 2.7822759E-002, 3.0230421E-002, 3.3074855E-002, 3.6107362E-002, 2.6607812E-002, 2.7576594E-002, 2.7145466E-002, 2.5886622E-002, 2.4664719E-002, 1.9113020E-002, 1.8668185E-002, 1.8706633E-002, 1.9382796E-002, 1.7731242E-002
 1.3602013E+001, 6.6391165E+001, 8.4890600E+000, 6.6032243E+001, 8.4131010E+000, 1.6400464E+002, 2.4735201E-002, 2.0406998E-002, 1.6972416E-002, 1.7180837E-002, 2.0875770E-002, 2.2863450E-002, 2.6205904E-002, 2.9164338E-002, 3.1601153E-002, 3.1819199E-002, 2.8571879E-002, 2.4085720E-002, 2.1532009E-002, 2.0958092E-002, 2.2063715E-002, 2.3639414E-002, 2.5459002E-002, 2.6836068E-002, 2.7748976E-002, 2.7686671E-002, 2.6822763E-002, 2.5227561E-002, 2.3414108E-002, 2.1952528E-002, 2.1121021E-002, 2.5087481E-002, 2.6477462E-002, 2.8754704E-002, 3.1404483E-002, 3.4181190E-002, 2.4900509E-002, 2.5737752E-002, 2.5291820E-002, 2.4095261E-002, 2.2955742E-002, 1.8022902E-002, 1.7591846E-002, 1.7567688E-002, 1.8116848E-002, 1.6612489E-002
 1.3707627E+001, 6.6391165E+001, 8.4890600E+000, 6.6032243E+001, 8.4131010E+000, 1.6400464E+002, 2.3623139E-002, 1.9177809E-002, 1.5859398E-002, 1.5986640E-002, 1.8954003E-002, 2.0518263E-002, 2.3569787E-002, 2.6754342E-002, 2.9442483E-002, 2.9689585E-002, 2.6374177E-002, 2.1980385E-002, 1.9539057E-002, 1.9123588E-002, 2.0001626E-002, 2.1425070E-002, 2.3093748E-002, 2.4149729E-002, 2.4730484E-002, 2.4624999E-002, 2.3934347E-002, 2.2624035E-002, 2.1103911E-002, 1.9847101E-002, 1.9088357E-002, 2.2232094E-002, 2.3346939E-002, 2.5251029E-002, 2.7514935E-002, 2.9936600E-002, 2.2549770E-002, 2.3197667E-002, 2.2715725E-002, 2.1595984E-002, 2.0573336E-002, 1.6509283E-002, 1.6191071E-002, 1.6206211E-002, 1.6718971E-002, 1.5271866E-002
 1.3808785E+001, 6.6391165E+001, 8.4890600E+000, 6.6032243E+001, 8.4131010E+000, 1.6400464E+002, 2.1559080E-002, 1.7693204E-002, 1.4786385E-002, 1.5111229E-002, 1.8174613E-002, 1.9757464E-002, 2.2720909E-002, 2.5588112E-002, 2.7858337E-002, 2.7799092E-002, 2.4572862E-002, 2.0639920E-002, 1.8618055E-002, 1.8106667E-002, 1.8770297E-002, 2.0036273E-002, 2.1537218E-002, 2.2454471E-002, 2.3023489E-002, 2.3071570E-002, 2.2563885E-002, 2.1418352E-002, 2.0031320E-002, 1.8854592E-002, 1.8125756E-002, 2.0923859E-002, 2.1962986E-002, 2.3700664E-002, 2.5740313E-002, 2.7894319E-002, 2.1036658E-002, 2.1594048E-002, 2.1143949E-002, 2.0131196E-002, 1.9208514E-002, 1.5667453E-002, 1.5312767E-002, 1.5218743E-002, 1.5568074E-002, 1.4292329E-002
 1.3902512E+001, 6.6391165E+001, 8.4890600E+000, 6.6032243E+001, 8.4131010E+000, 1.6400464E+002, 1.9624640E-002, 1.5943448E-002, 1.3543439E-002, 1.3996382E-002, 1.6650508E-002, 1.8099807E-002, 2.1265373E-002, 2.4083330E-002, 2.5675077E-002, 2.4850144E-002, 2.1692683E-002, 1.8352559E-002, 1.7404477E-002, 1.6572135E-002, 1.6985716E-002, 1.8142703E-002, 1.9502355E-002, 2.0242587E-002, 2.0752612E-002, 2.0904905E-002, 2.0545499E-002, 1.9558838E-002, 1.8325147E-002, 1.7267596E-002, 1.6587712E-002, 1.8936935E-002, 1.9836227E-002, 2.1318114E-002, 2.3041899E-002, 2.4868336E-002, 1.9054566E-002, 1.9559404E-002, 1.9178169E-002, 1.8319615E-002, 1.7536876E-002, 1.4571562E-002, 1.4265600E-002, 1.4166518E-002, 1.4456136E-002, 1.3253816E-002
 1.4002098E+001, 6.6391165E+001, 8.4890600E+000, 6.6032243E+001, 8.4131010E+000, 1.6400464E+002, 1.7735828E-002, 1.4667304E-002, 1.2670051E-002, 1.3261179E-002, 1.5939378E-002, 1.7398344E-002, 2.0423179E-002, 2.2842574E-002, 2.3979848E-002, 2.2978929E-002, 2.0097925E-002, 1.7175264E-002, 1.6316667E-002, 1.5449033E-002, 1.5745163E-002, 1.6868721E-002, 1.8203842E-002, 1.8935952E-002, 1.9471724E-002, 1.9669397E-002, 1.9351190E-002, 1.8425613E-002, 1.7256029E-002, 1.6234511E-002, 1.5574043E-002, 1.7773108E-002, 1.8486248E-002, 1.9733708E-002, 2.1195841E-002, 2.2745818E-002, 1.7722309E-002, 1.8186219E-002, 1.7861348E-002, 1.7107775E-002, 1.6403752E-002, 1.3725130E-002, 1.3362862E-002, 1.3147652E-002, 1.3278886E-002, 1.2262602E-002
 1.4101333E+001, 6.6391165E+001, 8.4890600E+000, 6.6032243E+001, 8.4131010E+000, 1.6400464E+002, 1.6242741E-002, 1.3305022E-002, 1.1587246E-002, 1.2136412E-002, 1.4573085E-002, 1.6076548E-002, 1.9283041E-002, 2.1410369E-002, 2.1952124E-002, 2.0628228E-002, 1.8030812E-002, 1.5561439E-002, 1.4931244E-002, 1.4144282E-002, 1.4416239E-002, 1.5494911E-002, 1.6722348E-002, 1.7287017E-002, 1.7668532E-002, 1.7762467E-002, 1.7425895E-002, 1.6594773E-002, 1.5602342E-002, 1.4789344E-002, 1.4295631E-002, 1.6442410E-002, 1.7141762E-002, 1.8304194E-002, 1.9651450E-002, 2.1089878E-002, 1.6325465E-002, 1.6839090E-002, 1.6612736E-002, 1.5990363E-002, 1.5385119E-002, 1.3067324E-002, 1.2745046E-002, 1.2536335E-002, 1.2628180E-002, 1.1660296E-002
 1.4200567E+001, 6.6391165E+001, 8.4890600E+000, 6.6032243E+001, 8.4131010E+000, 1.6400464E+002, 1.4902595E-002, 1.2402632E-002, 1.0942979E-002, 1.1637637E-002, 1.4185321E-002, 1.5681430E-002, 1.8656401E-002, 2.0473457E-002, 2.0805769E-002, 1.9497822E-002, 1.7086722E-002, 1.4751627E-002, 1.4150550E-002, 1.3296047E-002, 1.3589219E-002, 1.4722078E-002, 1.5893778E-002, 1.6417589E-002, 1.6801298E-002, 1.6901851E-002, 1.6570086E-002, 1.5767457E-002, 1.4816044E-002, 1.4028797E-002, 1.3552747E-002, 1.5540605E-002, 1.6092859E-002, 1.7074318E-002, 1.8231630E-002, 1.9483063E-002, 1.5516718E-002, 1.6005559E-002, 1.5804048E-002, 1.5228170E-002, 1.4656103E-002, 1.2434664E-002, 1.2038510E-002, 1.1706668E-002, 1.1647910E-002, 1.0834643E-002
 1.4313978E+001, 6.6391165E+001, 8.4890600E+000, 6.6032243E+001, 8.4131010E+000, 1.6400464E+002, 1.3832945E-002, 1.1413299E-002, 9.9889228E-003, 1.0579748E-002, 1.3179321E-002, 1.4799050E-002, 1.7788129E-002, 1.9249543E-002, 1.9145249E-002, 1.7705354E-002, 1.5503901E-002, 1.3318894E-002, 1.2771718E-002, 1.2048058E-002, 1.2455780E-002, 1.3643003E-002, 1.4724909E-002, 1.5123673E-002, 1.5413642E-002, 1.5447854E-002, 1.5102716E-002, 1.4362370E-002, 1.3525545E-002, 1.2868624E-002, 1.2494299E-002, 1.4334434E-002, 1.4871210E-002, 1.5759652E-002, 1.6780630E-002, 1.7877093E-002, 1.4424124E-002, 1.4948365E-002, 1.4816589E-002, 1.4331679E-002, 1.3827854E-002, 1.1903519E-002, 1.1537599E-002, 1.1194536E-002, 1.1078877E-002, 1.0308863E-002
 1.4413212E+001, 6.6391165E+001, 8.4890600E+000, 6.6032243E+001, 8.4131010E+000, 1.6400464E+002, 1.2685412E-002, 1.0569570E-002, 9.3331568E-003, 1.0051939E-002, 1.2724984E-002, 1.4304515E-002, 1.7050913E-002, 1.8278717E-002, 1.8092596E-002, 1.6739908E-002, 1.4652812E-002, 1.2514407E-002, 1.1957732E-002, 1.1276829E-002, 1.1783063E-002, 1.2958949E-002, 1.3946467E-002, 1.4317319E-002, 1.4603872E-002, 1.4629770E-002, 1.4283029E-002, 1.3568910E-002, 1.2769948E-002, 1.2131241E-002, 1.1764619E-002, 1.3483733E-002, 1.3950933E-002, 1.4749111E-002, 1.5677680E-002, 1.6681331E-002, 1.3691688E-002, 1.4204945E-002, 1.4098704E-002, 1.3653635E-002, 1.3175678E-002, 1.1270883E-002, 1.0866114E-002, 1.0443816E-002, 1.0218853E-002, 9.5449056E-003
 1.4512446E+001, 6.6391165E+001, 8.4890600E+000, 6.6032243E+001, 8.4131010E+000, 1.6400464E+002, 1.1687822E-002, 9.6201437E-003, 8.4892424E-003, 9.2536961E-003, 1.1966844E-002, 1.3489282E-002, 1.5925781E-002, 1.6901201E-002, 1.6600513E-002, 1.5334523E-002, 1.3385850E-002, 1.1318950E-002, 1.0771352E-002, 1.0255921E-002, 1.0917740E-002, 1.2082676E-002, 1.2953114E-002, 1.3240533E-002, 1.3483852E-002, 1.3493287E-002, 1.3169818E-002, 1.2529650E-002, 1.1825617E-002, 1.1266798E-002, 1.0947727E-002, 1.2511066E-002, 1.2966295E-002, 1.3701644E-002, 1.4540010E-002, 1.5434810E-002, 1.2786698E-002, 1.3346286E-002, 1.3316123E-002, 1.2966290E-002, 1.2556415E-002, 1.0728736E-002, 1.0378432E-002, 9.9889249E-003, 9.7552942E-003, 9.1030576E-003
 1.4601757E+001, 6.6391165E+001, 8.4890600E+000, 6.6032243E+001, 8.4131010E+000, 1.6400464E+002, 1.0924665E-002, 9.0512355E-003, 8.0575948E-003, 8.9053130E-003, 1.1600222E-002, 1.3054716E-002, 1.5260826E-002, 1.6072439E-002, 1.5781300E-002, 1.4630378E-002, 1.2785528E-002, 1.0798080E-002, 1.0243046E-002, 9.7937033E-003, 1.0489543E-002, 1.1624910E-002, 1.2440995E-002, 1.2689701E-002, 1.2906590E-002, 1.2904886E-002, 1.2584819E-002, 1.1965147E-002, 1.1283160E-002, 1.0731800E-002, 1.0415757E-002, 1.1927061E-002, 1.2345782E-002, 1.3033114E-002, 1.3821701E-002, 1.4665453E-002, 1.2299583E-002, 1.2847079E-002, 1.2828068E-002, 1.2500968E-002, 1.2108894E-002, 1.0206951E-002, 9.8333832E-003, 9.3973678E-003, 9.0949135E-003, 8.5030602E-003
 1.4710915E+001, 6.6391165E+001, 8.4890600E+000, 6.6032243E+001, 8.4131010E+000, 1.6400464E+002, 1.0110804E-002, 8.3231823E-003, 7.4277190E-003, 8.3098460E-003, 1.0885181E-002, 1.2204020E-002, 1.4150691E-002, 1.4851454E-002, 1.4525278E-002, 1.3386936E-002, 1.1572233E-002, 9.6643522E-003, 9.2641915E-003, 8.9744142E-003, 9.7494829E-003, 1.0850985E-002, 1.1620958E-002, 1.1855750E-002, 1.2056332E-002, 1.2043381E-002, 1.1737198E-002, 1.1169930E-002, 1.0547288E-002, 1.0028119E-002, 9.7139217E-003, 1.1092806E-002, 1.1444123E-002, 1.2052613E-002, 1.2761007E-002, 1.3522311E-002, 1.1486152E-002, 1.2001648E-002, 1.1994720E-002, 1.1710702E-002, 1.1362596E-002, 9.4316989E-003, 9.1156302E-003, 8.7112248E-003, 8.4006907E-003, 7.8564800E-003
 1.4804479E+001, 6.6391165E+001, 8.4890600E+000, 6.6032243E+001, 8.4131010E+000, 1.6400464E+002, 9.2409459E-003, 7.6353577E-003, 6.8943169E-003, 7.8516020E-003, 1.0343511E-002, 1.1527756E-002, 1.3182114E-002, 1.3776972E-002, 1.3528125E-002, 1.2558436E-002, 1.0912000E-002, 9.1663370E-003, 8.8262430E-003, 8.6126412E-003, 9.3988293E-003, 1.0455680E-002, 1.1156586E-002, 1.1325215E-002, 1.1492922E-002, 1.1470961E-002, 1.1173681E-002, 1.0629707E-002, 1.0034486E-002, 9.5408123E-003, 9.2508874E-003, 1.0601574E-002, 1.0942426E-002, 1.1521690E-002, 1.2190138E-002, 1.2903954E-002, 1.1087516E-002, 1.1647530E-002, 1.1681394E-002, 1.1435169E-002, 1.1109179E-002, 9.1677820E-003, 8.8569764E-003, 8.4564034E-003, 8.1320807E-003, 7.6140604E-003
 1.4913636E+001, 6.6391165E+001, 8.4890600E+000, 6.6032243E+001, 8.4131010E+000, 1.6400464E+002, 8.7612227E-003, 7.2448150E-003, 6.5479801E-003, 7.4661723E-003, 9.8197839E-003, 1.0952337E-002, 1.2532213E-002, 1.3041689E-002, 1.2699510E-002, 1.1650617E-002, 9.9883393E-003, 8.2902785E-003, 7.9523935E-003, 7.8080606E-003, 8.5339735E-003, 9.4935588E-003, 1.0175363E-002, 1.0414545E-002, 1.0607773E-002, 1.0596990E-002, 1.0337431E-002, 9.8596097E-003, 9.3146720E-003, 8.8295334E-003, 8.5233957E-003, 9.8449994E-003, 1.0135938E-002, 1.0664641E-002, 1.1287183E-002, 1.1959331E-002, 1.0029356E-002, 1.0458504E-002, 1.0461263E-002, 1.0245376E-002, 9.9685297E-003, 8.2127744E-003, 7.9299969E-003, 7.5412763E-003, 7.2053972E-003, 6.7179759E-003
 1.5007200E+001, 6.6391165E+001, 8.4890600E+000, 6.6032243E+001, 8.4131010E+000, 1.6400464E+002, 7.8698736E-003, 6.5046489E-003, 5.9506007E-003, 6.9063221E-003, 9.1681009E-003, 1.0230151E-002, 1.1712493E-002, 1.2162282E-002, 1.1801993E-002, 1.0799458E-002, 9.2437315E-003, 7.6926695E-003, 7.4858214E-003, 7.4027591E-003, 8.0919616E-003, 8.9501216E-003, 9.5203387E-003, 9.6703625E-003, 9.8219313E-003, 9.8066376E-003, 9.5819149E-003, 9.1727668E-003, 8.7083057E-003, 8.2968905E-003, 8.0429815E-003, 9.3502622E-003, 9.6499436E-003, 1.0166918E-002, 1.0765059E-002, 1.1406000E-002, 9.4697888E-003, 9.9513961E-003, 1.0007512E-002, 9.8489337E-003, 9.6124756E-003, 7.9247570E-003, 7.6809450E-003, 7.3371770E-003, 7.0265335E-003, 6.5633443E-003
 1.5100764E+001, 6.6391165E+001, 8.4890600E+000, 6.6032243E+001, 8.4131010E+000, 1.6400464E+002, 7.5387810E-003, 6.2614900E-003, 5.7390615E-003, 6.6729721E-003, 8.8357752E-003, 9.8282343E-003, 1.1183849E-002, 1.1593086E-002, 1.1241574E-002, 1.0259058E-002, 8.7533773E-003, 7.2825299E-003, 7.0480007E-003, 6.9829778E-003, 7.6566418E-003, 8.4864916E-003, 9.0411365E-003, 9.2039386E-003, 9.3418457E-003, 9.3206219E-003, 9.1029291E-003, 8.7000069E-003, 8.2268326E-003, 7.7917476E-003, 7.5175208E-003, 8.7198389E-003, 8.9577003E-003, 9.4102760E-003, 9.9470117E-003, 1.0530771E-002, 8.9527883E-003, 9.3441440E-003, 9.3552719E-003, 9.1748357E-003, 8.9363180E-003, 7.3167040E-003, 7.0721674E-003, 6.7192474E-003, 6.3867882E-003, 5.9342194E-003
 1.5211481E+001, 6.6391165E+001, 8.4890600E+000, 6.6032243E+001, 8.4131010E+000, 1.6400464E+002, 6.8434526E-003, 5.6882231E-003, 5.2668983E-003, 6.1708089E-003, 8.1754573E-003, 9.0765022E-003, 1.0226033E-002, 1.0494457E-002, 1.0107815E-002, 9.1937745E-003, 7.8390764E-003, 6.5614664E-003, 6.4112621E-003, 6.4343645E-003, 7.0843522E-003, 7.8341062E-003, 8.3196197E-003, 8.4478382E-003, 8.5655857E-003, 8.5482924E-003, 8.3667930E-003, 8.0214821E-003, 7.6036148E-003, 7.2086372E-003, 6.9582866E-003, 8.1112956E-003, 8.3341027E-003, 8.7512558E-003, 9.2402019E-003, 9.7737230E-003, 8.2694041E-003, 8.6523702E-003, 8.6786925E-003, 8.5337399E-003, 8.3321228E-003, 6.8181011E-003, 6.6259046E-003, 6.3292484E-003, 6.0327786E-003, 5.5958886E-003
 1.5314401E+001, 6.6391165E+001, 8.4890600E+000, 6.6032243E+001, 8.4131010E+000, 1.6400464E+002, 6.3694141E-003, 5.3296681E-003, 4.9830051E-003, 5.8941458E-003, 7.8137711E-003, 8.6434011E-003, 9.6824884E-003, 9.9362835E-003, 9.5980717E-003, 8.7492165E-003, 7.4681066E-003, 6.2722100E-003, 6.1520168E-003, 6.1779375E-003, 6.7777735E-003, 7.4520271E-003, 7.8796952E-003, 7.9873366E-003, 8.0947454E-003, 8.0789929E-003, 7.9094075E-003, 7.5821553E-003, 7.1814523E-003, 6.7990985E-003, 6.5583509E-003, 7.6303753E-003, 7.8325192E-003, 8.2244412E-003, 8.6879299E-003, 9.1934829E-003, 7.8501773E-003, 8.2087400E-003, 8.2300447E-003, 8.0882097E-003, 7.8927923E-003, 6.3933380E-003, 6.2050996E-003, 5.9201161E-003, 5.6291290E-003, 5.2125192E-003
 1.5400168E+001, 6.6391165E+001, 8.4890600E+000, 6.6032243E+001, 8.4131010E+000, 1.6400464E+002, 6.0163399E-003, 5.0648561E-003, 4.7385450E-003, 5.5485520E-003, 7.2732186E-003, 8.0194626E-003, 8.8982171E-003, 9.0547899E-003, 8.6756903E-003, 7.8663927E-003, 6.7251543E-003, 5.7060687E-003, 5.6807945E-003, 5.7605165E-003, 6.3140404E-003, 6.8986622E-003, 7.2654775E-003, 7.3709692E-003, 7.4851092E-003, 7.4945890E-003, 7.3577329E-003, 7.0594558E-003, 6.6755573E-003, 6.2995415E-003, 6.0612180E-003, 7.0567279E-003, 7.2323040E-003, 7.5864201E-003, 8.0074745E-003, 8.4701555E-003, 7.2341299E-003, 7.5240779E-003, 7.5226928E-003, 7.3876177E-003, 7.2139601E-003, 5.8224793E-003, 5.6796824E-003, 5.4356508E-003, 5.1682819E-003, 4.7359847E-003
 1.5503088E+001, 6.6391165E+001, 8.4890600E+000, 6.6032243E+001, 8.4131010E+000, 1.6400464E+002, 5.4482722E-003, 4.6445223E-003, 4.4227517E-003, 5.2357462E-003, 6.8655843E-003, 7.5467597E-003, 8.3161501E-003, 8.4497200E-003, 8.1299031E-003, 7.4051111E-003, 6.3388432E-003, 5.4032307E-003, 5.4182386E-003, 5.4825693E-003, 5.9733373E-003, 6.4785828E-003, 6.7794347E-003, 6.8317711E-003, 6.9184463E-003, 6.9276967E-003, 6.8212244E-003, 6.5775147E-003, 6.2587436E-003, 5.9463945E-003, 5.7560618E-003, 6.7625179E-003, 6.9581857E-003, 7.3166318E-003, 7.7323409E-003, 8.1831255E-003, 6.8093468E-003, 7.1391845E-003, 7.1743603E-003, 7.0766280E-003, 6.9289292E-003, 5.5993405E-003, 5.4779552E-003, 5.2667139E-003, 5.0259431E-003, 4.6198540E-003
 1.5606009E+001, 6.6391165E+001, 8.4890600E+000, 6.6032243E+001, 8.4131010E+000, 1.6400464E+002, 5.1512352E-003, 4.4261472E-003, 4.2362869E-003, 5.0157661E-003, 6.5410641E-003, 7.1622593E-003, 7.8265512E-003, 7.9090206E-003, 7.5895493E-003, 6.9219020E-003, 5.9574597E-003, 5.1161783E-003, 5.1381038E-003, 5.1799850E-003, 5.6004456E-003, 6.0309674E-003, 6.2872331E-003, 6.3454283E-003, 6.4403283E-003, 6.4685206E-003, 6.3815002E-003, 6.1525967E-003, 5.8420437E-003, 5.5318697E-003, 5.3414858E-003, 6.2918928E-003, 6.4618818E-003, 6.7943733E-003, 7.1872922E-003, 7.6148656E-003, 6.3018651E-003, 6.5627664E-003, 6.5730112E-003, 6.4718828E-003, 6.3327411E-003, 5.0759196E-003, 4.9541400E-003, 4.7504144E-003, 4.5196581E-003, 4.1446140E-003
 1.5708929E+001, 6.6391165E+001, 8.4890600E+000, 6.6032243E+001, 8.4131010E+000, 1.6400464E+002, 4.6753098E-003, 4.1177456E-003, 3.9725992E-003, 4.6476652E-003, 5.9878515E-003, 6.5364836E-003, 7.0775515E-003, 7.0636057E-003, 6.6762523E-003, 6.0387757E-003, 5.2295354E-003, 4.5907753E-003, 4.7282795E-003, 4.7877776E-003, 5.1564640E-003, 5.5046867E-003, 5.6852930E-003, 5.6971878E-003, 5.7758587E-003, 5.8193705E-003, 5.7658441E-003, 5.5794805E-003, 5.3146084E-003, 5.0516225E-003, 4.8954541E-003, 5.8109425E-003, 5.9667544E-003, 6.2680914E-003, 6.6242178E-003, 7.0149441E-003, 5.7403656E-003, 5.9901446E-003, 6.0127230E-003, 5.9419876E-003, 5.8340552E-003, 4.6945137E-003, 4.6103390E-003, 4.4527726E-003, 4.2582212E-003, 3.9025059E-003
 1.5811849E+001, 6.6391165E+001, 8.4890600E+000, 6.6032243E+001, 8.4131010E+000, 1.6400464E+002, 4.2872937E-003, 3.8452453E-003, 3.7663486E-003, 4.4364003E-003, 5.7000850E-003, 6.1949084E-003, 6.6437521E-003, 6.6021189E-003, 6.2516544E-003, 5.6755740E-003, 4.9202611E-003, 4.3473740E-003, 4.5229059E-003, 4.5806694E-003, 4.9183849E-003, 5.2287449E-003, 5.3791781E-003, 5.3705976E-003, 5.4360600E-003, 5.4776432E-003, 5.4318168E-003, 5.2600736E-003, 5.0123667E-003, 4.7659316E-003, 4.6231812E-003, 5.5156131E-003, 5.6639125E-003, 5.9534524E-003, 6.2959779E-003, 6.6695108E-003, 5.4517864E-003, 5.6992989E-003, 5.7239585E-003, 5.6542807E-003, 5.5467649E-003, 4.4535404E-003, 4.3605828E-003, 4.2067549E-003, 4.0238761E-003, 3.6950517E-003
 1.5911173E+001, 6.6391165E+001, 8.4890600E+000, 6.6032243E+001, 8.4131010E+000, 1.6400464E+002, 4.0966779E-003, 3.6877637E-003, 3.5768496E-003, 4.1560305E-003, 5.2913357E-003, 5.7305363E-003, 6.0896487E-003, 6.0094651E-003, 5.6661702E-003, 5.1563424E-003, 4.5077341E-003, 4.0167351E-003, 4.1767135E-003, 4.2337546E-003, 4.4964979E-003, 4.7171768E-003, 4.8138616E-003, 4.8085820E-003, 4.8796789E-003, 4.9285684E-003, 4.8889023E-003, 4.7327939E-003, 4.5160598E-003, 4.3099420E-003, 4.1968024E-003, 5.0301007E-003, 5.1594664E-003, 5.4211826E-003, 5.7324708E-003, 6.0720795E-003, 4.8790251E-003, 5.0629345E-003, 5.0683934E-003, 5.0042073E-003, 4.9141198E-003, 3.9913774E-003, 3.9191622E-003, 3.7873962E-003, 3.6209394E-003, 3.3241465E-003
 1.6004841E+001, 6.6391165E+001, 8.4890600E+000, 6.6032243E+001, 8.4131010E+000, 1.6400464E+002, 3.7642113E-003, 3.4236320E-003, 3.3423743E-003, 3.8908000E-003, 4.9434971E-003, 5.3319387E-003, 5.6016420E-003, 5.4957864E-003, 5.1854291E-003, 4.7416698E-003, 4.1727380E-003, 3.7624802E-003, 3.9126974E-003, 4.0010775E-003, 4.2489615E-003, 4.4213174E-003, 4.4505056E-003, 4.3752324E-003, 4.4052886E-003, 4.4339600E-003, 4.3934862E-003, 4.2605077E-003, 4.0880030E-003, 3.9376864E-003, 3.8680359E-003, 4.7275916E-003, 4.8655863E-003, 5.1238554E-003, 5.4250699E-003, 5.7500507E-003, 4.5742538E-003, 4.7784211E-003, 4.8007170E-003, 4.7533585E-003, 4.6759548E-003, 3.8005989E-003, 3.7364277E-003, 3.6256046E-003, 3.4837546E-003, 3.2155288E-003
 1.6106186E+001, 6.6391165E+001, 8.4890600E+000, 6.6032243E+001, 8.4131010E+000, 1.6400464E+002, 3.5913753E-003, 3.2717509E-003, 3.1884757E-003, 3.7039766E-003, 4.6805189E-003, 5.0272685E-003, 5.2394977E-003, 5.1328726E-003, 4.8733169E-003, 4.5042877E-003, 3.9946064E-003, 3.6156086E-003, 3.6949519E-003, 3.7645418E-003, 3.9740298E-003, 4.1118218E-003, 4.1288311E-003, 4.0682508E-003, 4.1055014E-003, 4.1390257E-003, 4.1004894E-003, 3.9689819E-003, 3.7990287E-003, 3.6508381E-003, 3.5822075E-003, 4.3587094E-003, 4.4843789E-003, 4.7247308E-003, 5.0040543E-003, 5.3022853E-003, 4.2349457E-003, 4.4007774E-003, 4.4083830E-003, 4.3547737E-003, 4.2769296E-003, 3.4832263E-003, 3.4225324E-003, 3.3204361E-003, 3.1915882E-003, 2.9337634E-003
 1.6207531E+001, 6.6391165E+001, 8.4890600E+000, 6.6032243E+001, 8.4131010E+000, 1.6400464E+002, 3.4440863E-003, 3.1403073E-003, 3.0251876E-003, 3.4437073E-003, 4.2527735E-003, 4.5410705E-003, 4.7118996E-003, 4.6164693E-003, 4.4105560E-003, 4.1277745E-003, 3.7057346E-003, 3.3965604E-003, 3.4270259E-003, 3.5220812E-003, 3.7059375E-003, 3.7896824E-003, 3.7570787E-003, 3.6701484E-003, 3.6906634E-003, 3.7123326E-003, 3.6756699E-003, 3.5676241E-003, 3.4366945E-003, 3.3271050E-003, 3.2798768E-003, 3.9673943E-003, 4.0895941E-003, 4.3094445E-003, 4.5524363E-003, 4.8033539E-003, 3.8877999E-003, 4.0392752E-003, 4.0449682E-003, 3.9986797E-003, 3.9328179E-003, 3.2248143E-003, 3.1837528E-003, 3.1052006E-003, 2.9983921E-003, 2.7587227E-003
 1.6301852E+001, 6.6391165E+001, 8.4890600E+000, 6.6032243E+001, 8.4131010E+000, 1.6400464E+002, 3.2405521E-003, 2.9680403E-003, 2.8718307E-003, 3.2844036E-003, 4.0473945E-003, 4.2948232E-003, 4.3881217E-003, 4.2754608E-003, 4.1069578E-003, 3.8871994E-003, 3.5251623E-003, 3.2602133E-003, 3.2780836E-003, 3.3697403E-003, 3.5352558E-003, 3.6004517E-003, 3.5568061E-003, 3.4653609E-003, 3.4822760E-003, 3.4996997E-003, 3.4618761E-003, 3.3581373E-003, 3.2345112E-003, 3.1325967E-003, 3.0916000E-003, 3.7336019E-003, 3.8581606E-003, 4.0765927E-003, 4.3168439E-003, 4.5633114E-003, 3.6944956E-003, 3.8475610E-003, 3.8562469E-003, 3.8111216E-003, 3.7451157E-003, 3.0459921E-003, 3.0004654E-003, 2.9270757E-003, 2.8333111E-003, 2.6040969E-003
 1.6409308E+001, 6.6391165E+001, 8.4890600E+000, 6.6032243E+001, 8.4131010E+000, 1.6400464E+002, 3.1215981E-003, 2.8394602E-003, 2.6944164E-003, 2.9790852E-003, 3.5816976E-003, 3.8086830E-003, 3.9522910E-003, 3.8995945E-003, 3.7943870E-003, 3.6360190E-003, 3.3334060E-003, 3.1011264E-003, 3.0885097E-003, 3.1279826E-003, 3.2002887E-003, 3.1952085E-003, 3.1357403E-003, 3.0704074E-003, 3.1065596E-003, 3.1394203E-003, 3.1199790E-003, 3.0424372E-003, 2.9483494E-003, 2.8680874E-003, 2.8363515E-003, 3.3778478E-003, 3.4949097E-003, 3.6919201E-003, 3.9013506E-003, 4.1152607E-003, 3.2577179E-003, 3.3857974E-003, 3.3983525E-003, 3.3720923E-003, 3.3256644E-003, 2.7190877E-003, 2.6905370E-003, 2.6346876E-003, 2.5555387E-003, 2.3366856E-003
 1.6509196E+001, 6.6391165E+001, 8.4890600E+000, 6.6032243E+001, 8.4131010E+000, 1.6400464E+002, 2.9078422E-003, 2.6562772E-003, 2.5256751E-003, 2.7828104E-003, 3.3309662E-003, 3.5299962E-003, 3.6215932E-003, 3.5478288E-003, 3.4562099E-003, 3.3368200E-003, 3.0856658E-003, 2.9075554E-003, 2.9394761E-003, 2.9855882E-003, 3.0432708E-003, 3.0142812E-003, 2.9332144E-003, 2.8471042E-003, 2.8616856E-003, 2.8806796E-003, 2.8676442E-003, 2.8122886E-003, 2.7448250E-003, 2.6871365E-003, 2.6695731E-003, 3.1565196E-003, 3.2796113E-003, 3.4752276E-003, 3.6780077E-003, 3.8823826E-003, 3.0740131E-003, 3.2072780E-003, 3.2223423E-003, 3.1970060E-003, 3.1519584E-003, 2.5779448E-003, 2.5490415E-003, 2.4979929E-003, 2.4269962E-003, 2.2155936E-003
 1.6609085E+001, 6.6391165E+001, 8.4890600E+000, 6.6032243E+001, 8.4131010E+000, 1.6400464E+002, 2.7884002E-003, 2.5192512E-003, 2.3482693E-003, 2.5334720E-003, 3.0103717E-003, 3.2024776E-003, 3.3383639E-003, 3.3260228E-003, 3.2935067E-003, 3.2160764E-003, 2.9877372E-003, 2.7777499E-003, 2.8056561E-003, 2.7681061E-003, 2.7449769E-003, 2.6874985E-003, 2.6262022E-003, 2.5823723E-003, 2.6249941E-003, 2.6606189E-003, 2.6617644E-003, 2.6221235E-003, 2.5650946E-003, 2.5068985E-003, 2.4845787E-003, 2.9221206E-003, 3.0307818E-003, 3.2065526E-003, 3.3910086E-003, 3.5818354E-003, 2.7373681E-003, 2.8602924E-003, 2.8818463E-003, 2.8681446E-003, 2.8323426E-003, 2.3084424E-003, 2.2846397E-003, 2.2413445E-003, 2.1810053E-003, 1.9857557E-003
 1.6708974E+001, 6.6391165E+001, 8.4890600E+000, 6.6032243E+001, 8.4131010E+000, 1.6400464E+002, 2.6429657E-003, 2.3513372E-003, 2.1349982E-003, 2.2401108E-003, 2.6665273E-003, 2.8624866E-003, 3.0303555E-003, 3.0418660E-003, 3.0292465E-003, 2.9740550E-003, 2.7794668E-003, 2.6000786E-003, 2.6557980E-003, 2.6139937E-003, 2.5632690E-003, 2.4796304E-003, 2.3975753E-003, 2.3248258E-003, 2.3343594E-003, 2.3528534E-003, 2.3595926E-003, 2.3426756E-003, 2.3172952E-003, 2.2921877E-003, 2.2960681E-003, 2.7433357E-003, 2.8501131E-003, 3.0100760E-003, 3.1776926E-003, 3.3588721E-003, 2.5224364E-003, 2.6448836E-003, 2.6706017E-003, 2.6649016E-003, 2.6376481E-003, 2.1581987E-003, 2.1417007E-003, 2.1071856E-003, 2.0542680E-003, 1.8651180E-003
 1.6813857E+001, 6.6391165E+001, 8.4890600E+000, 6.6032243E+001, 8.4131010E+000, 1.6400464E+002, 2.4682592E-003, 2.2073793E-003, 2.0128041E-003, 2.1201418E-003, 2.5268100E-003, 2.7048961E-003, 2.8456735E-003, 2.8563189E-003, 2.8613807E-003, 2.8249403E-003, 2.6406826E-003, 2.4664981E-003, 2.5128867E-003, 2.4476714E-003, 2.3924052E-003, 2.3214031E-003, 2.2567024E-003, 2.1980021E-003, 2.2114605E-003, 2.2302254E-003, 2.2360994E-003, 2.2163843E-003, 2.1852087E-003, 2.1508802E-003, 2.1461771E-003, 2.5679739E-003, 2.6649179E-003, 2.8164914E-003, 2.9780325E-003, 3.1540132E-003, 2.3645510E-003, 2.4780897E-003, 2.4996977E-003, 2.4890907E-003, 2.4581757E-003, 2.0265676E-003, 2.0107481E-003, 1.9817125E-003, 1.9393897E-003, 1.7559328E-003
 1.6905421E+001, 6.6391165E+001, 8.4890600E+000, 6.6032243E+001, 8.4131010E+000, 1.6400464E+002, 2.3827189E-003, 2.0727941E-003, 1.8406941E-003, 1.8934233E-003, 2.2158093E-003, 2.3754888E-003, 2.5759323E-003, 2.6645685E-003, 2.7147488E-003, 2.6827932E-003, 2.4904285E-003, 2.2991909E-003, 2.3202426E-003, 2.2074525E-003, 2.1364403E-003, 2.0809302E-003, 2.0445855E-003, 2.0153861E-003, 2.0399102E-003, 2.0621783E-003, 2.0725826E-003, 2.0608395E-003, 2.0372637E-003, 2.0077079E-003, 2.0028123E-003, 2.3969109E-003, 2.4726520E-003, 2.5940393E-003, 2.7302738E-003, 2.8866153E-003, 2.1183884E-003, 2.2134476E-003, 2.2352623E-003, 2.2337002E-003, 2.2125062E-003, 1.8152791E-003, 1.8085833E-003, 1.7899106E-003, 1.7594663E-003, 1.5967678E-003
 1.7015299E+001, 6.6391165E+001, 8.4890600E+000, 6.6032243E+001, 8.4131010E+000, 1.6400464E+002, 2.2134975E-003, 1.9256015E-003, 1.7164127E-003, 1.7776838E-003, 2.0803838E-003, 2.2183341E-003, 2.3809801E-003, 2.4578520E-003, 2.5129800E-003, 2.4948459E-003, 2.3258814E-003, 2.1675612E-003, 2.2206937E-003, 2.1188827E-003, 2.0445049E-003, 1.9750908E-003, 1.9135011E-003, 1.8497401E-003, 1.8490430E-003, 1.8588414E-003, 1.8684061E-003, 1.8679137E-003, 1.8648618E-003, 1.8592195E-003, 1.8731018E-003, 2.2625526E-003, 2.3463688E-003, 2.4685638E-003, 2.6039076E-003, 2.7589574E-003, 2.0103728E-003, 2.1116839E-003, 2.1374237E-003, 2.1393307E-003, 2.1210781E-003, 1.7457783E-003, 1.7405046E-003, 1.7240501E-003, 1.6941781E-003, 1.5343372E-003
 1.7112493E+001, 6.6391165E+001, 8.4890600E+000, 6.6032243E+001, 8.4131010E+000, 1.6400464E+002, 2.0807223E-003, 1.8057094E-003, 1.6089912E-003, 1.6709308E-003, 1.9671447E-003, 2.1041646E-003, 2.2765629E-003, 2.3647962E-003, 2.4269561E-003, 2.3986715E-003, 2.2136157E-003, 2.0447531E-003, 2.0798894E-003, 1.9578224E-003, 1.8653283E-003, 1.7971589E-003, 1.7627264E-003, 1.7348984E-003, 1.7508630E-003, 1.7689482E-003, 1.7842778E-003, 1.7864610E-003, 1.7797806E-003, 1.7649039E-003, 1.7708291E-003, 2.0885816E-003, 2.1520488E-003, 2.2535996E-003, 2.3701510E-003, 2.5090541E-003, 1.8242903E-003, 1.9073031E-003, 1.9319178E-003, 1.9391787E-003, 1.9264228E-003, 1.6418487E-003, 1.6273330E-003, 1.6042617E-003, 1.5722747E-003, 1.4305925E-003
 1.7217787E+001, 6.6391165E+001, 8.4890600E+000, 6.6032243E+001, 8.4131010E+000, 1.6400464E+002, 1.9257261E-003, 1.6417506E-003, 1.4529258E-003, 1.5101949E-003, 1.7873005E-003, 1.9191645E-003, 2.0925715E-003, 2.1789887E-003, 2.2381803E-003, 2.2102478E-003, 2.0375445E-003, 1.8869419E-003, 1.9314040E-003, 1.8032060E-003, 1.6948733E-003, 1.6146205E-003, 1.5772184E-003, 1.5488491E-003, 1.5574680E-003, 1.5707518E-003, 1.5903856E-003, 1.6057234E-003, 1.6136931E-003, 1.6095435E-003, 1.6195992E-003, 1.9243323E-003, 1.9788614E-003, 2.0689440E-003, 2.1745404E-003, 2.3013831E-003, 1.6332439E-003, 1.7070263E-003, 1.7327316E-003, 1.7464129E-003, 1.7404529E-003, 1.5176471E-003, 1.5020767E-003, 1.4814147E-003, 1.4532120E-003, 1.3180060E-003
 1.7306881E+001, 6.6391165E+001, 8.4890600E+000, 6.6032243E+001, 8.4131010E+000, 1.6400464E+002, 1.8005593E-003, 1.5525040E-003, 1.3902271E-003, 1.4558960E-003, 1.7210070E-003, 1.8381859E-003, 1.9758111E-003, 2.0394794E-003, 2.0912733E-003, 2.0655982E-003, 1.9044687E-003, 1.7814260E-003, 1.8662821E-003, 1.7482929E-003, 1.6426507E-003, 1.5608963E-003, 1.5187726E-003, 1.4828845E-003, 1.4865855E-003, 1.4970386E-003, 1.5166531E-003, 1.5354785E-003, 1.5492177E-003, 1.5507848E-003, 1.5647122E-003, 1.8473854E-003, 1.8970012E-003, 1.9779145E-003, 2.0722684E-003, 2.1877039E-003, 1.5822719E-003, 1.6632455E-003, 1.6938801E-003, 1.7111221E-003, 1.7066716E-003, 1.5002765E-003, 1.4820233E-003, 1.4583506E-003, 1.4272904E-003, 1.2965076E-003
 1.7413795E+001, 6.6391165E+001, 8.4890600E+000, 6.6032243E+001, 8.4131010E+000, 1.6400464E+002, 1.6715284E-003, 1.4285586E-003, 1.2776928E-003, 1.3393284E-003, 1.6005983E-003, 1.7301629E-003, 1.9063187E-003, 1.9757971E-003, 1.9997980E-003, 1.9303971E-003, 1.7469102E-003, 1.6170651E-003, 1.7085401E-003, 1.5931496E-003, 1.5042964E-003, 1.4388349E-003, 1.3963427E-003, 1.3539913E-003, 1.3517749E-003, 1.3677248E-003, 1.3975012E-003, 1.4215716E-003, 1.4330340E-003, 1.4325419E-003, 1.4534091E-003, 1.7161261E-003, 1.7583517E-003, 1.8286246E-003, 1.9087575E-003, 2.0071906E-003, 1.4564892E-003, 1.5309049E-003, 1.5587527E-003, 1.5713348E-003, 1.5629094E-003, 1.3462985E-003, 1.3315334E-003, 1.3120957E-003, 1.2857127E-003, 1.1836884E-003
 1.7510017E+001, 6.6391165E+001, 8.4890600E+000, 6.6032243E+001, 8.4131010E+000, 1.6400464E+002, 1.5121178E-003, 1.2942274E-003, 1.1646515E-003, 1.2233227E-003, 1.4514090E-003, 1.5663908E-003, 1.7325258E-003, 1.8009220E-003, 1.8294827E-003, 1.7764930E-003, 1.6225885E-003, 1.5255434E-003, 1.6157396E-003, 1.5069837E-003, 1.4180716E-003, 1.3465400E-003, 1.2893904E-003, 1.2249585E-003, 1.2030756E-003, 1.2045452E-003, 1.2272752E-003, 1.2524904E-003, 1.2720023E-003, 1.2863653E-003, 1.3235739E-003, 1.5904929E-003, 1.6406155E-003, 1.7147541E-003, 1.7950131E-003, 1.8904035E-003, 1.3636138E-003, 1.4427275E-003, 1.4741956E-003, 1.4904574E-003, 1.4849607E-003, 1.2819555E-003, 1.2699190E-003, 1.2552570E-003, 1.2325196E-003, 1.1355424E-003
 1.7608021E+001, 6.6391165E+001, 8.4890600E+000, 6.6032243E+001, 8.4131010E+000, 1.6400464E+002, 1.4273247E-003, 1.2339588E-003, 1.1197361E-003, 1.1811115E-003, 1.4019379E-003, 1.5101662E-003, 1.6616163E-003, 1.7178933E-003, 1.7360277E-003, 1.6744135E-003, 1.5234777E-003, 1.4432240E-003, 1.5463071E-003, 1.4521199E-003, 1.3725478E-003, 1.3063552E-003, 1.2520632E-003, 1.1899954E-003, 1.1698913E-003, 1.1731685E-003, 1.1972913E-003, 1.2242248E-003, 1.2457298E-003, 1.2607177E-003, 1.2973643E-003, 1.5452679E-003, 1.5851841E-003, 1.6477576E-003, 1.7178690E-003, 1.8064883E-003, 1.3239049E-003, 1.4046577E-003, 1.4398424E-003, 1.4601936E-003, 1.4568136E-003, 1.2465385E-003, 1.2289953E-003, 1.2080184E-003, 1.1796197E-003, 1.1001799E-003
 1.7706026E+001, 6.6391165E+001, 8.4890600E+000, 6.6032243E+001, 8.4131010E+000, 1.6400464E+002, 1.3182938E-003, 1.1370864E-003, 1.0333859E-003, 1.0876720E-003, 1.2912929E-003, 1.3961407E-003, 1.5388397E-003, 1.5758037E-003, 1.5731891E-003, 1.5064767E-003, 1.3752544E-003, 1.3120455E-003, 1.3971709E-003, 1.3121181E-003, 1.2405669E-003, 1.1818547E-003, 1.1333258E-003, 1.0807522E-003, 1.0640601E-003, 1.0725092E-003, 1.1017006E-003, 1.1341329E-003, 1.1641271E-003, 1.1887894E-003, 1.2332994E-003, 1.4505347E-003, 1.4886634E-003, 1.5443064E-003, 1.6039597E-003, 1.6790750E-003, 1.1905204E-003, 1.2568121E-003, 1.2895446E-003, 1.3124480E-003, 1.3129611E-003, 1.1020132E-003, 1.0874246E-003, 1.0714367E-003, 1.0488634E-003, 9.9517179E-004
 1.7804030E+001, 6.6391165E+001, 8.4890600E+000, 6.6032243E+001, 8.4131010E+000, 1.6400464E+002, 1.2050519E-003, 1.0547647E-003, 9.6174721E-004, 1.0004358E-003, 1.1620023E-003, 1.2505724E-003, 1.3825635E-003, 1.4270276E-003, 1.4418891E-003, 1.3964885E-003, 1.2861191E-003, 1.2409329E-003, 1.3301753E-003, 1.2547697E-003, 1.1839541E-003, 1.1152630E-003, 1.0493353E-003, 9.7564829E-004, 9.4178794E-004, 9.3736081E-004, 9.5803771E-004, 9.8759549E-004, 1.0229511E-003, 1.0614691E-003, 1.1218094E-003, 1.3479477E-003, 1.4002074E-003, 1.4636625E-003, 1.5252367E-003, 1.5975309E-003, 1.1211941E-003, 1.1903188E-003, 1.2248676E-003, 1.2496828E-003, 1.2521023E-003, 1.0430540E-003, 1.0310100E-003, 1.0192608E-003, 1.0002379E-003, 9.5125744E-004
 1.7902034E+001, 6.6391165E+001, 8.4890600E+000, 6.6032243E+001, 8.4131010E+000, 1.6400464E+002, 1.1276606E-003, 9.9579153E-004, 9.1477298E-004, 9.5617057E-004, 1.1132578E-003, 1.1971021E-003, 1.3198561E-003, 1.3582320E-003, 1.3692116E-003, 1.3199749E-003, 1.2099211E-003, 1.1732503E-003, 1.2711785E-003, 1.2071469E-003, 1.1412862E-003, 1.0749564E-003, 1.0108971E-003, 9.3966265E-004, 9.0709482E-004, 9.0339104E-004, 9.2465046E-004, 9.5507955E-004, 9.9056115E-004, 1.0269300E-003, 1.0846543E-003, 1.3156876E-003, 1.3583180E-003, 1.4105675E-003, 1.4619495E-003, 1.5271744E-003, 1.0808174E-003, 1.1503298E-003, 1.1870105E-003, 1.2143406E-003, 1.2180626E-003, 1.0000588E-003, 9.8455719E-004, 9.6976119E-004, 9.4805133E-004, 9.1583094E-004
 1.8000038E+001, 6.6391165E+001, 8.4890600E+000, 6.6032243E+001, 8.4131010E+000, 1.6400464E+002, 1.0448359E-003, 9.2629825E-004, 8.4703394E-004, 8.7764730E-004, 1.0175821E-003, 1.0913716E-003, 1.1851576E-003, 1.2011964E-003, 1.1991313E-003, 1.1560844E-003, 1.0733793E-003, 1.0577830E-003, 1.1433548E-003, 1.0790866E-003, 1.0121188E-003, 9.5120122E-004, 8.9397359E-004, 8.3113267E-004, 7.9969343E-004, 7.9807324E-004, 8.2330003E-004, 8.6166910E-004, 9.0835794E-004, 9.5414477E-004, 1.0173496E-003, 1.2524822E-003, 1.2899534E-003, 1.3318621E-003, 1.3696464E-003, 1.4193479E-003, 9.4911160E-004, 1.0027869E-003, 1.0345929E-003, 1.0620357E-003, 1.0684482E-003, 8.6598726E-004, 8.5467719E-004, 8.4542850E-004, 8.2900698E-004, 8.1327311E-004
 1.8117643E+001, 6.6391165E+001, 8.4890600E+000, 6.6032243E+001, 8.4131010E+000, 1.6400464E+002, 9.5772888E-004, 8.6831950E-004, 7.8816105E-004, 7.9457237E-004, 8.9794032E-004, 9.6065029E-004, 1.0508325E-003, 1.0746342E-003, 1.0824442E-003, 1.0502215E-003, 9.8274324E-004, 9.8371074E-004, 1.0765377E-003, 1.0210248E-003, 9.5071314E-004, 8.7621117E-004, 8.0481857E-004, 7.3088430E-004, 6.9284739E-004, 6.8521309E-004, 7.0456975E-004, 7.4017090E-004, 7.8985613E-004, 8.4332548E-004, 9.1388113E-004, 1.1591686E-003, 1.2102767E-003, 1.2597913E-003, 1.2995413E-003, 1.3467689E-003, 8.7257870E-004, 9.3116885E-004, 9.6609807E-004, 9.9629754E-004, 1.0049251E-003, 8.1828819E-004, 8.0814320E-004, 8.0126810E-004, 7.8692767E-004, 7.7003346E-004
 1.8215647E+001, 6.6391165E+001, 8.4890600E+000, 6.6032243E+001, 8.4131010E+000, 1.6400464E+002, 8.8518532E-004, 8.1016309E-004, 7.4235862E-004, 7.5760685E-004, 8.6457725E-004, 9.2385325E-004, 1.0025024E-003, 1.0168124E-003, 1.0189389E-003, 9.8540220E-004, 9.1895891E-004, 9.2105493E-004, 1.0092704E-003, 9.5521971E-004, 8.8318244E-004, 8.0740934E-004, 7.3783036E-004, 6.7008147E-004, 6.3573952E-004, 6.3057231E-004, 6.5158941E-004, 6.8797198E-004, 7.3702007E-004, 7.8864599E-004, 8.5932301E-004, 1.0984073E-003, 1.1367989E-003, 1.1722893E-003, 1.2001855E-003, 1.2398468E-003, 8.0141454E-004, 8.5678706E-004, 8.9203755E-004, 9.2398423E-004, 9.3430169E-004, 7.5646897E-004, 7.4547173E-004, 7.3934481E-004, 7.2569899E-004, 7.2487150E-004
 1.8313651E+001, 6.6391165E+001, 8.4890600E+000, 6.6032243E+001, 8.4131010E+000, 1.6400464E+002, 8.2410316E-004, 7.5074964E-004, 6.6602479E-004, 6.6309669E-004, 7.5619410E-004, 8.0938271E-004, 8.7246889E-004, 8.7442322E-004, 8.7170064E-004, 8.4936093E-004, 8.0813393E-004, 8.2535588E-004, 9.1229178E-004, 8.5496601E-004, 7.7754428E-004, 7.0040066E-004, 6.3420680E-004, 5.7535774E-004, 5.4531609E-004, 5.4291237E-004, 5.6632391E-004, 6.0589119E-004, 6.5815226E-004, 7.1339262E-004, 7.8945749E-004, 1.0225161E-003, 1.0585646E-003, 1.0877640E-003, 1.1051416E-003, 1.1302044E-003, 6.8781273E-004, 7.3130068E-004, 7.6244304E-004, 7.9417402E-004, 8.0674801E-004, 6.6641695E-004, 6.5877492E-004, 6.5645917E-004, 6.4609305E-004, 6.4633834E-004
 1.8413488E+001, 6.6391165E+001, 8.4890600E+000, 6.6032243E+001, 8.4131010E+000, 1.6400464E+002, 7.7236172E-004, 7.0851435E-004, 6.1425129E-004, 5.9654238E-004, 6.7906274E-004, 7.3094592E-004, 7.9636244E-004, 8.0115845E-004, 8.0295023E-004, 7.8693264E-004, 7.5427172E-004, 7.7995350E-004, 8.6624181E-004, 8.1235582E-004, 7.3298801E-004, 6.5127371E-004, 5.8004036E-004, 5.1563770E-004, 4.8253359E-004, 4.7677997E-004, 4.9515592E-004, 5.2954868E-004, 5.7803904E-004, 6.3215091E-004, 7.0938990E-004, 9.4545253E-004, 9.8915894E-004, 1.0243217E-003, 1.0455945E-003, 1.0722628E-003, 6.4003790E-004, 6.8782618E-004, 7.2129636E-004, 7.5455455E-004, 7.6813595E-004, 6.3465220E-004, 6.2741107E-004, 6.2653336E-004, 6.1750803E-004, 6.1758609E-004
 1.8513324E+001, 6.6391165E+001, 8.4890600E+000, 6.6032243E+001, 8.4131010E+000, 1.6400464E+002, 7.1778158E-004, 6.5744199E-004, 5.6426591E-004, 5.5026151E-004, 6.3486649E-004, 6.8237981E-004, 7.3227658E-004, 7.2701049E-004, 7.2953268E-004, 7.2248779E-004, 6.9336903E-004, 7.1080869E-004, 7.8439807E-004, 7.2196649E-004, 6.3926719E-004, 5.6133733E-004, 4.9724648E-004, 4.4148733E-004, 4.1306829E-004, 4.1080045E-004, 4.3072404E-004, 4.6523003E-004, 5.1424368E-004, 5.7012215E-004, 6.5163298E-004, 8.7734422E-004, 9.1568180E-004, 9.4319826E-004, 9.5703473E-004, 9.7722255E-004, 5.4888373E-004, 5.9250602E-004, 6.2641118E-004, 6.6211357E-004, 6.7837008E-004, 5.6115652E-004, 5.5689073E-004, 5.6123431E-004, 5.5668088E-004, 5.6586988E-004
 1.8614825E+001, 6.6391165E+001, 8.4890600E+000, 6.6032243E+001, 8.4131010E+000, 1.6400464E+002, 6.5426146E-004, 5.7750907E-004, 4.6263788E-004, 4.3873430E-004, 5.3550733E-004, 5.9090916E-004, 6.4393043E-004, 6.3584392E-004, 6.4216847E-004, 6.4549498E-004, 6.2541775E-004, 6.4075683E-004, 7.0719486E-004, 6.4279758E-004, 5.5861892E-004, 4.8210796E-004, 4.2111163E-004, 3.6929130E-004, 3.4362763E-004, 3.4267408E-004, 3.6194349E-004, 3.9476413E-004, 4.4267090E-004, 5.0017235E-004, 5.8471842E-004, 7.8621426E-004, 8.2837690E-004, 8.5558729E-004, 8.6554344E-004, 8.7708158E-004, 4.6909888E-004, 5.0991930E-004, 5.4325082E-004, 5.7954094E-004, 5.9719451E-004, 4.9973419E-004, 4.9754912E-004, 5.0434954E-004, 5.0180065E-004, 5.1066093E-004
 1.8706342E+001, 6.6391165E+001, 8.4890600E+000, 6.6032243E+001, 8.4131010E+000, 1.6400464E+002, 6.2273897E-004, 5.5075829E-004, 4.3591008E-004, 4.0841607E-004, 4.9878815E-004, 5.5147114E-004, 6.0370019E-004, 5.9789861E-004, 6.0810846E-004, 6.1380817E-004, 5.9507551E-004, 6.1331360E-004, 6.8507768E-004, 6.2092080E-004, 5.3496955E-004, 4.5607002E-004, 3.9368480E-004, 3.4177513E-004, 3.1665516E-004, 3.1475274E-004, 3.3182137E-004, 3.6209064E-004, 4.0715462E-004, 4.6172777E-004, 5.4450130E-004, 7.3502198E-004, 7.7695211E-004, 8.0495385E-004, 8.1690819E-004, 8.3104305E-004, 4.4402612E-004, 4.8579231E-004, 5.1801786E-004, 5.5199674E-004, 5.6813545E-004, 4.6905569E-004, 4.6778864E-004, 4.7836585E-004, 4.8001172E-004, 4.9096704E-004
 1.8816162E+001, 6.6391165E+001, 8.4890600E+000, 6.6032243E+001, 8.4131010E+000, 1.6400464E+002, 5.6577057E-004, 4.8489834E-004, 3.6831659E-004, 3.4745493E-004, 4.4587792E-004, 4.9465167E-004, 5.3204619E-004, 5.2238912E-004, 5.4035137E-004, 5.5202695E-004, 5.2278103E-004, 5.1470335E-004, 5.7182740E-004, 4.9766404E-004, 4.2000198E-004, 3.5891622E-004, 3.1096202E-004, 2.6868179E-004, 2.4795842E-004, 2.4840617E-004, 2.6694390E-004, 3.0037374E-004, 3.5000657E-004, 4.0893965E-004, 4.9582136E-004, 6.7762736E-004, 7.2117108E-004, 7.4814554E-004, 7.5728564E-004, 7.6604042E-004, 3.4824952E-004, 3.8479473E-004, 4.1728777E-004, 4.5431586E-004, 4.7400838E-004, 4.0154634E-004, 4.0367723E-004, 4.1895197E-004, 4.2490948E-004, 4.3571793E-004
 1.8907679E+001, 6.6391165E+001, 8.4890600E+000, 6.6032243E+001, 8.4131010E+000, 1.6400464E+002, 5.0228015E-004, 4.0469928E-004, 2.8306613E-004, 2.6894027E-004, 3.8702901E-004, 4.4160715E-004, 4.8367499E-004, 4.7723299E-004, 4.9994781E-004, 5.1551261E-004, 4.8725786E-004, 4.7590611E-004, 5.3778460E-004, 4.6405287E-004, 3.8363819E-004, 3.1770751E-004, 2.6601784E-004, 2.2304597E-004, 2.0405036E-004, 2.0463448E-004, 2.2157664E-004, 2.5312207E-004, 3.0078230E-004, 3.5784018E-004, 4.4215164E-004, 6.1608754E-004, 6.6235373E-004, 6.9171016E-004, 7.0266524E-004, 7.1140360E-004, 3.0714985E-004, 3.4594365E-004, 3.7967486E-004, 4.1753135E-004, 4.3788120E-004, 3.6925441E-004, 3.7140827E-004, 3.8744322E-004, 3.9456953E-004, 4.0180728E-004
 1.9017499E+001, 6.6391165E+001, 8.4890600E+000, 6.6032243E+001, 8.4131010E+000, 1.6400464E+002, 4.6952978E-004, 3.7471703E-004, 2.5372910E-004, 2.3927355E-004, 3.5381746E-004, 4.0566792E-004, 4.4557545E-004, 4.4135338E-004, 4.6743820E-004, 4.8208326E-004, 4.4776086E-004, 4.2934646E-004, 4.9087546E-004, 4.1838873E-004, 3.4381572E-004, 2.8362136E-004, 2.3565543E-004, 1.9517860E-004, 1.7684662E-004, 1.7683031E-004, 1.9285633E-004, 2.2339413E-004, 2.6960127E-004, 3.2516314E-004, 4.0933835E-004, 5.7487692E-004, 6.1845447E-004, 6.4538879E-004, 6.5465953E-004, 6.6219692E-004, 2.7422707E-004, 3.1091721E-004, 3.4183598E-004, 3.7608444E-004, 3.9438906E-004, 3.2552686E-004, 3.2914725E-004, 3.5072767E-004, 3.6455553E-004, 3.7438694E-004
 1.9110846E+001, 6.6391165E+001, 8.4890600E+000, 6.6032243E+001, 8.4131010E+000, 1.6400464E+002, 3.7548283E-004, 2.6666921E-004, 1.6273774E-004, 1.7184833E-004, 2.9433744E-004, 3.4123532E-004, 3.7746415E-004, 3.7927542E-004, 4.1014038E-004, 4.1806193E-004, 3.6482429E-004, 3.2177521E-004, 3.9562479E-004, 3.2730648E-004, 2.6978391E-004, 2.2447270E-004, 1.8402395E-004, 1.4797694E-004, 1.3184646E-004, 1.3293226E-004, 1.5037573E-004, 1.8280920E-004, 2.3147529E-004, 2.9162825E-004, 3.7989500E-004, 5.2797714E-004, 5.7023061E-004, 5.9595077E-004, 6.0355872E-004, 6.0762034E-004, 2.1596933E-004, 2.4890644E-004, 2.7851811E-004, 3.1246605E-004, 3.3135769E-004, 2.6583384E-004, 2.7110285E-004, 2.9561946E-004, 3.1317341E-004, 3.1413448E-004
 1.9211515E+001, 6.6391165E+001, 8.4890600E+000, 6.6032243E+001, 8.4131010E+000, 1.6400464E+002, 3.1581720E-004, 1.9975986E-004, 1.0679696E-004, 1.3001864E-004, 2.6247115E-004, 3.1006280E-004, 3.4730974E-004, 3.5122897E-004, 3.8468352E-004, 3.9388758E-004, 3.4037504E-004, 2.9525548E-004, 3.7665392E-004, 3.0924196E-004, 2.5053846E-004, 2.0090650E-004, 1.5626426E-004, 1.1902939E-004, 1.0423326E-004, 1.0572141E-004, 1.2252599E-004, 1.5390584E-004, 2.0117210E-004, 2.6009824E-004, 3.4651085E-004, 4.8851418E-004, 5.3240826E-004, 5.6078433E-004, 5.7168459E-004, 5.7866538E-004, 1.9247869E-004, 2.2774699E-004, 2.5844819E-004, 2.9296721E-004, 3.1215931E-004, 2.4594186E-004, 2.5131885E-004, 2.7625278E-004, 2.9438601E-004, 2.9345823E-004
 1.9316210E+001, 6.6391165E+001, 8.4890600E+000, 6.6032243E+001, 8.4131010E+000, 1.6400464E+002, 2.8474918E-004, 1.7263604E-004, 8.1954333E-005, 1.0599479E-004, 2.3616486E-004, 2.8202774E-004, 3.1814642E-004, 3.2222580E-004, 3.5367103E-004, 3.5474075E-004, 2.9286255E-004, 2.4616421E-004, 3.2527238E-004, 2.6416582E-004, 2.1206315E-004, 1.6619304E-004, 1.2423682E-004, 8.9333288E-005, 7.4862224E-005, 7.5608142E-005, 9.1160691E-005, 1.2044904E-004, 1.6507603E-004, 2.2177222E-004, 3.0760435E-004, 4.4865238E-004, 4.9063851E-004, 5.1685935E-004, 5.2568669E-004, 5.3057103E-004, 1.5833574E-004, 1.9099903E-004, 2.1805999E-004, 2.4775955E-004, 2.6396743E-004, 1.9555284E-004, 1.9936298E-004, 2.2695742E-004, 2.5053109E-004, 2.5293029E-004
 1.9404798E+001, 6.6391165E+001, 8.4890600E+000, 6.6032243E+001, 8.4131010E+000, 1.6400464E+002, 2.0756304E-004, 1.0577647E-004, 3.9425360E-005, 6.8419827E-005, 1.8780507E-004, 2.3141472E-004, 2.7271113E-004, 2.7965474E-004, 3.0612481E-004, 2.9017629E-004, 2.0950901E-004, 1.5246978E-004, 2.2752897E-004, 1.8230152E-004, 1.5072354E-004, 1.1872818E-004, 8.4986224E-005, 5.5259645E-005, 4.3425449E-005, 4.6856636E-005, 6.6342419E-005, 1.0042101E-004, 1.5041885E-004, 2.1148890E-004, 2.9767710E-004, 4.3426600E-004, 4.7208517E-004, 4.9405792E-004, 4.9982582E-004, 5.0128831E-004, 1.1243275E-004, 1.4267501E-004, 1.6931364E-004, 1.9948426E-004, 2.1652928E-004, 1.5779491E-004, 1.6201457E-004, 1.8939324E-004, 2.1267687E-004, 2.0137456E-004
 1.9515534E+001, 6.6391165E+001, 8.4890600E+000, 6.6032243E+001, 8.4131010E+000, 1.6400464E+002, 1.3244548E-004, 3.9500291E-005,-3.4014372E-006, 3.8943090E-005, 1.6312074E-004, 2.0752064E-004, 2.5111546E-004, 2.5885569E-004, 2.8556153E-004, 2.6883081E-004, 1.8675645E-004, 1.2857296E-004, 2.1435346E-004, 1.6891328E-004, 1.3122773E-004, 9.1795282E-005, 5.5994514E-005, 2.7834906E-005, 1.7499519E-005, 2.0976078E-005, 3.9844771E-005, 7.2672388E-005, 1.2035773E-004, 1.7790951E-004, 2.5867472E-004, 3.9130867E-004, 4.2771935E-004, 4.5054401E-004, 4.5969251E-004, 4.6548869E-004, 8.5577054E-005, 1.1772015E-004, 1.4516951E-004, 1.7568726E-004, 1.9292142E-004, 1.3674309E-004, 1.4102019E-004, 1.6857950E-004, 1.9206353E-004, 1.7526599E-004
 1.9604122E+001, 6.6391165E+001, 8.4890600E+000, 6.6032243E+001, 8.4131010E+000, 1.6400464E+002, 1.1696086E-004, 2.6691576E-005,-1.5502602E-005, 2.6590324E-005, 1.4871398E-004, 1.9192994E-004, 2.3523390E-004, 2.4409379E-004, 2.7236447E-004, 2.5665513E-004, 1.7500863E-004, 1.1693583E-004, 1.9995154E-004, 1.5354311E-004, 1.1644153E-004, 7.9055866E-005, 4.5239289E-005, 1.7998071E-005, 7.2161875E-006, 9.2760435E-006, 2.5952027E-005, 5.5661786E-005, 9.9283537E-005, 1.5232539E-004, 2.2943720E-004, 3.6415725E-004, 3.9762535E-004, 4.1770478E-004, 4.2457996E-004, 4.2851601E-004, 7.3994546E-005, 1.0478842E-004, 1.2909061E-004, 1.5482021E-004, 1.6848054E-004, 1.0849376E-004, 1.0746244E-004, 1.3244395E-004, 1.5673520E-004, 1.4413779E-004
 1.9714858E+001, 6.6391165E+001, 8.4890600E+000, 6.6032243E+001, 8.4131010E+000, 1.6400464E+002, 8.1126685E-005,-4.6711613E-009,-3.9499503E-005,-4.5511042E-006, 1.0903504E-004, 1.5079044E-004, 1.9075358E-004, 1.9210867E-004, 2.0600566E-004, 1.7395459E-004, 9.2713939E-005, 4.4358515E-005, 1.0482217E-004, 7.8340232E-005, 5.1284459E-005, 1.8479619E-005,-1.1398176E-005,-3.4636049E-005,-4.2084262E-005,-3.6557734E-005,-1.6748859E-005, 1.5943014E-005, 6.2630734E-005, 1.1787235E-004, 1.9609243E-004, 3.3833401E-004, 3.7107338E-004, 3.9042687E-004, 3.9662949E-004, 3.9951008E-004, 1.3843075E-005, 4.4543090E-005, 7.1129284E-005, 1.0041584E-004, 1.1682649E-004, 7.1264589E-005, 7.1392205E-005, 9.6769798E-005, 1.2110024E-004, 1.0606331E-004
 1.9803446E+001, 6.6391165E+001, 8.4890600E+000, 6.6032243E+001, 8.4131010E+000, 1.6400464E+002, 1.8608033E-005,-4.3624963E-005,-6.8656776E-005,-3.2680535E-005, 8.1039082E-005, 1.2504079E-004, 1.6838977E-004, 1.6802320E-004, 1.7841275E-004, 1.4281023E-004, 6.0749054E-005, 1.5011261E-005, 7.3762234E-005, 4.9372601E-005, 2.3017095E-005,-7.7366285E-006,-3.3418838E-005,-5.3502897E-005,-5.9385150E-005,-5.2910774E-005,-3.2242093E-005, 1.4230996E-006, 4.8031705E-005, 9.9821878E-005, 1.7100368E-004, 3.0439111E-004, 3.3231016E-004, 3.5036662E-004, 3.5815599E-004, 3.6361657E-004,-1.0828860E-005, 1.9890384E-005, 4.6255801E-005, 7.5050827E-005, 9.1118082E-005, 5.2980787E-005, 5.2771172E-005, 7.7827020E-005, 1.0179028E-004, 7.6739425E-005
 1.9914181E+001, 6.6391165E+001, 8.4890600E+000, 6.6032243E+001, 8.4131010E+000, 1.6400464E+002, 5.5875778E-006,-5.3288164E-005,-7.7724669E-005,-4.3664549E-005, 6.4155184E-005, 1.0507491E-004, 1.4620658E-004, 1.4759543E-004, 1.6149036E-004, 1.2888373E-004, 4.8885944E-005, 4.3777921E-006, 5.9965235E-005, 3.2775786E-005, 4.4891832E-006,-2.5554023E-005,-4.9164814E-005,-6.8189687E-005,-7.3825880E-005,-6.7611682E-005,-4.7568021E-005,-1.5406824E-005, 2.8332715E-005, 7.6434032E-005, 1.4412699E-004, 2.7337731E-004, 2.9915158E-004, 3.1628539E-004, 3.2436334E-004, 3.3071250E-004,-2.6649894E-005, 5.5235637E-006, 3.1804278E-005, 5.9328040E-005, 7.4002259E-005, 3.1989537E-005, 2.7575075E-005, 4.9379597E-005, 7.2115621E-005, 5.0043848E-005
 2.0000000E+001, 6.6391165E+001, 8.4890600E+000, 6.6032243E+001, 8.4131010E+000, 1.6400464E+002,-7.2289259E-006,-6.4824658E-005,-8.9784091E-005,-5.8687961E-005, 4.2586365E-005, 7.9751876E-005, 1.1299551E-004, 1.0808335E-004, 1.1651560E-004, 8.4825954E-005, 1.4881063E-005,-2.4358847E-005, 2.5899625E-005,-2.2303243E-006,-3.2932413E-005,-6.2176767E-005,-8.4164636E-005,-1.0230258E-004,-1.0783100E-004,-1.0183659E-004,-8.3061136E-005,-5.3107124E-005,-1.1013942E-005, 3.6909507E-005, 1.0580562E-004, 2.3525845E-004, 2.6068399E-004, 2.7730582E-004, 2.8514019E-004, 2.9155326E-004,-6.3019303E-005,-3.1338881E-005,-4.6630051E-006, 2.3436769E-005, 3.8381158E-005,-5.2113953E-006,-1.3215352E-005, 5.4857181E-006, 2.6968969E-005, 1.1190375E-005
