s,m/s,kg/m3,kg/m/s,Pa,Pa,Pa,Pa,Pa,Pa,Pa,Pa,Pa,Pa,Pa,Pa,Pa,Pa,Pa,Pa,Pa,Pa,Pa,Pa,Pa,Pa,Pa,Pa,Pa
Time,"UBAR","RHO","MU","P10","P20","P30","P40","P50","P60","P70","P80","P90","P100","P200","P300","P400","P500","P600","P700","P800","P900","P1000","P1100","P1200","P1300","P1400","P1500","P1600"
 0.0000000E+000, 0.0000000E+000, 1.1945617E+000, 8.9782859E-006,-3.1980641E-005,-1.9783964E-005,-3.5010449E-005,-1.9462283E-005,-3.2484049E-005,-2.0652998E-005,-2.9796173E-005,-2.2044636E-005,-2.9446684E-005,-2.1123076E-005,-2.5429480E-005,-2.1924779E-005,-2.2144477E-005,-2.1366859E-005,-1.9715544E-005,-2.1658981E-005,-2.1500282E-005,-2.2948501E-005,-2.4873888E-005,-2.1800865E-005,-2.2499293E-005,-1.8385552E-005,-2.2042811E-005,-1.9480792E-005,-2.1549425E-005
 8.0036008E+002, 1.9989679E+000, 1.1945614E+000, 8.9782859E-006, 1.8082011E+001, 1.7929831E+001, 1.7781314E+001, 1.7635646E+001, 1.7495187E+001, 1.7358168E+001, 1.7228505E+001, 1.7101446E+001, 1.6980551E+001, 1.6861746E+001, 1.5777688E+001, 1.4680731E+001, 1.3550909E+001, 1.2425443E+001, 1.1290416E+001, 1.0161583E+001, 9.0322017E+000, 7.9056772E+000, 6.7735784E+000, 5.6387532E+000, 4.5081693E+000, 3.3793736E+000, 2.2494181E+000, 1.1140025E+000, 9.3862865E-003
 1.6000000E+003, 2.0000012E+000, 1.1945616E+000, 8.9782859E-006, 1.3893604E+001, 1.3771202E+001, 1.3652847E+001, 1.3536542E+001, 1.3425475E+001, 1.3316997E+001, 1.3216062E+001, 1.3117987E+001, 1.3026879E+001, 1.2938069E+001, 1.2136970E+001, 1.1299166E+001, 1.0430431E+001, 9.5573738E+000, 8.6882653E+000, 7.8201466E+000, 6.9525731E+000, 6.0804922E+000, 5.2091655E+000, 4.3357463E+000, 3.4672364E+000, 2.5952411E+000, 1.7267710E+000, 8.5517216E-001, 7.8341691E-003
