s,m/s,kg/m3,kg/m/s,Pa,Pa,Pa,Pa,Pa,Pa,Pa,Pa,Pa,Pa,Pa,Pa,Pa,Pa,Pa,Pa,Pa,Pa,Pa,Pa,Pa,Pa,Pa,Pa,Pa
Time,"UBAR","RHO","MU","P10","P20","P30","P40","P50","P60","P70","P80","P90","P100","P200","P300","P400","P500","P600","P700","P800","P900","P1000","P1100","P1200","P1300","P1400","P1500","P1600"
 0.0000000E+000, 0.0000000E+000, 1.1945617E+000, 1.7956572E-005,-3.3375424E-005,-2.3231335E-005,-3.4885432E-005,-2.5331037E-005,-3.5519103E-005,-2.2812698E-005,-3.5684018E-005,-2.2323233E-005,-3.1565716E-005,-2.2408432E-005,-2.5159961E-005,-2.2671613E-005,-2.3036432E-005,-2.4332476E-005,-2.4554835E-005,-2.5003832E-005,-2.4106676E-005,-2.4360431E-005,-2.4496306E-005,-2.2830640E-005,-2.6128964E-005,-2.3828421E-005,-2.1789007E-005,-2.6182614E-005,-2.4450785E-005
 8.0011178E+002, 1.9986651E+000, 1.1945615E+000, 1.7956572E-005, 1.7749335E+001, 1.7563864E+001, 1.7394104E+001, 1.7244265E+001, 1.7113960E+001, 1.7001662E+001, 1.6902890E+001, 1.6808489E+001, 1.6714190E+001, 1.6613865E+001, 1.5542122E+001, 1.4444775E+001, 1.3334973E+001, 1.2221867E+001, 1.1106981E+001, 9.9927269E+000, 8.8797995E+000, 7.7624893E+000, 6.6509348E+000, 5.5391475E+000, 4.4247747E+000, 3.3126985E+000, 2.2016653E+000, 1.0938047E+000, 4.2838063E-003
 1.6000000E+003, 2.0000884E+000, 1.1945307E+000, 1.7956572E-005, 1.3329234E+001, 1.3173553E+001, 1.3033457E+001, 1.2912318E+001, 1.2810295E+001, 1.2727079E+001, 1.2656294E+001, 1.2593939E+001, 1.2531802E+001, 1.2464738E+001, 1.1691515E+001, 1.0867794E+001, 1.0031334E+001, 9.1928730E+000, 8.3551891E+000, 7.5182992E+000, 6.6797384E+000, 5.8450732E+000, 5.0051626E+000, 4.1712368E+000, 3.3322314E+000, 2.4955488E+000, 1.6614672E+000, 8.2119262E-001, 3.3895448E-003
