s,m/s,kg/m3,kg/m/s,Pa,Pa,Pa,Pa,Pa,Pa,Pa,Pa,Pa,Pa,Pa,Pa,Pa,Pa,Pa,Pa,Pa,Pa,Pa,Pa,Pa,Pa,Pa,Pa,Pa
Time,"UBAR","RHO","MU","P10","P20","P30","P40","P50","P60","P70","P80","P90","P100","P200","P300","P400","P500","P600","P700","P800","P900","P1000","P1100","P1200","P1300","P1400","P1500","P1600"
 0.0000000E+000, 0.0000000E+000, 1.1945617E+000, 1.7956572E-005,-3.3375424E-005,-2.3231336E-005,-3.4885432E-005,-2.5331037E-005,-3.5519103E-005,-2.2812697E-005,-3.5684018E-005,-2.2323234E-005,-3.1565716E-005,-2.2408432E-005,-2.5159961E-005,-2.2671613E-005,-2.3036432E-005,-2.4332475E-005,-2.4554835E-005,-2.5003832E-005,-2.4106677E-005,-2.4360431E-005,-2.4496306E-005,-2.2830640E-005,-2.6128965E-005,-2.3828421E-005,-2.1789007E-005,-2.6182614E-005,-2.4450785E-005
 8.0017033E+002, 1.9986571E+000, 1.1945538E+000, 1.7956572E-005, 9.1916464E+000, 9.1219615E+000, 9.0558448E+000, 8.9896641E+000, 8.9255926E+000, 8.8615417E+000, 8.7993751E+000, 8.7368157E+000, 8.6762863E+000, 8.6155162E+000, 8.0321477E+000, 7.4591525E+000, 6.8865227E+000, 6.3136106E+000, 5.7387238E+000, 5.1644608E+000, 4.5898331E+000, 4.0145095E+000, 3.4396952E+000, 2.8652680E+000, 2.2904687E+000, 1.7165761E+000, 1.1415633E+000, 5.6643995E-001, 1.8464415E-003
 1.6000000E+003, 2.0000378E+000, 1.1945555E+000, 1.7956572E-005, 4.4904987E+000, 4.4501640E+000, 4.4128304E+000, 4.3756833E+000, 4.3412944E+000, 4.3071231E+000, 4.2744872E+000, 4.2424501E+000, 4.2117742E+000, 4.1802653E+000, 3.8952441E+000, 3.6186609E+000, 3.3412454E+000, 3.0624794E+000, 2.7844922E+000, 2.5047282E+000, 2.2255912E+000, 1.9465184E+000, 1.6676424E+000, 1.3882310E+000, 1.1090605E+000, 8.2773411E-001, 5.4920093E-001, 2.6929934E-001, 8.0215225E-004
