s,m/s,kg/m3,kg/m/s,Pa,Pa,Pa,Pa,Pa,Pa,Pa,Pa,Pa,Pa,Pa,Pa,Pa,Pa,Pa,Pa,Pa,Pa,Pa,Pa,Pa,Pa,Pa,Pa,Pa
Time,"UBAR","RHO","MU","P10","P20","P30","P40","P50","P60","P70","P80","P90","P100","P200","P300","P400","P500","P600","P700","P800","P900","P1000","P1100","P1200","P1300","P1400","P1500","P1600"
 0.0000000E+000, 0.0000000E+000, 1.1945618E+000, 8.9782869E-006,-3.1980646E-005,-1.9783966E-005,-3.5010454E-005,-1.9462285E-005,-3.2484053E-005,-2.0653001E-005,-2.9796177E-005,-2.2044639E-005,-2.9446688E-005,-2.1123079E-005,-2.5429483E-005,-2.1924782E-005,-2.2144480E-005,-2.1366862E-005,-1.9715547E-005,-2.1658984E-005,-2.1500285E-005,-2.2948504E-005,-2.4873891E-005,-2.1800868E-005,-2.2499296E-005,-1.8385554E-005,-2.2042814E-005,-1.9480795E-005,-2.1549428E-005
 1.6009595E+002, 9.9648249E+000, 1.1945612E+000, 8.9782869E-006, 2.0905826E+002, 2.0764193E+002, 2.0623641E+002, 2.0484702E+002, 2.0349368E+002, 2.0216224E+002, 2.0083478E+002, 1.9950727E+002, 1.9816649E+002, 1.9684786E+002, 1.8365065E+002, 1.7046506E+002, 1.5732750E+002, 1.4421864E+002, 1.3110972E+002, 1.1803433E+002, 1.0492126E+002, 9.1802607E+001, 7.8696963E+001, 6.5542639E+001, 5.2409685E+001, 3.9269617E+001, 2.6117927E+001, 1.2990150E+001, 7.5197603E-002
 3.2000000E+002, 1.0000003E+001, 1.1945624E+000, 8.9782869E-006, 9.2058177E+001, 9.1350328E+001, 9.0709512E+001, 9.0063448E+001, 8.9462520E+001, 8.8877902E+001, 8.8300186E+001, 8.7696532E+001, 8.7095579E+001, 8.6520167E+001, 8.0700315E+001, 7.4876078E+001, 6.9103504E+001, 6.3329242E+001, 5.7564167E+001, 5.1797260E+001, 4.6052680E+001, 4.0304128E+001, 3.4541635E+001, 2.8745883E+001, 2.2973355E+001, 1.7178676E+001, 1.1365625E+001, 5.5761240E+000, 4.6202449E-002
