s,m/s,kg/m3,kg/m/s,Pa,Pa,Pa,Pa,Pa,Pa,Pa,Pa,Pa,Pa,Pa,Pa,Pa,Pa,Pa,Pa,Pa,Pa,Pa,Pa,Pa,Pa,Pa,Pa,Pa
Time,"UBAR","RHO","MU","P10","P20","P30","P40","P50","P60","P70","P80","P90","P100","P200","P300","P400","P500","P600","P700","P800","P900","P1000","P1100","P1200","P1300","P1400","P1500","P1600"
 0.0000000E+000, 0.0000000E+000, 1.1945618E+000, 8.9782869E-006,-3.1980646E-005,-1.9783966E-005,-3.5010454E-005,-1.9462285E-005,-3.2484053E-005,-2.0653001E-005,-2.9796177E-005,-2.2044639E-005,-2.9446688E-005,-2.1123079E-005,-2.5429483E-005,-2.1924782E-005,-2.2144480E-005,-2.1366862E-005,-1.9715547E-005,-2.1658984E-005,-2.1500285E-005,-2.2948504E-005,-2.4873891E-005,-2.1800868E-005,-2.2499296E-005,-1.8385554E-005,-2.2042814E-005,-1.9480795E-005,-2.1549428E-005
 8.0033277E+002, 1.9989710E+000, 1.1945621E+000, 8.9782869E-006, 1.7972769E+001, 1.7820946E+001, 1.7672440E+001, 1.7528213E+001, 1.7387773E+001, 1.7252972E+001, 1.7122392E+001, 1.6995844E+001, 1.6873996E+001, 1.6755577E+001, 1.5715965E+001, 1.4681021E+001, 1.3578427E+001, 1.2449994E+001, 1.1311000E+001, 1.0177269E+001, 9.0453781E+000, 7.9141354E+000, 6.7799192E+000, 5.6499763E+000, 4.5173079E+000, 3.3884362E+000, 2.2573452E+000, 1.1231113E+000, 8.0979141E-003
 1.6000000E+003, 1.9999990E+000, 1.1945616E+000, 8.9782869E-006, 1.3734981E+001, 1.3612850E+001, 1.3493839E+001, 1.3379259E+001, 1.3268748E+001, 1.3163309E+001, 1.3062460E+001, 1.2965673E+001, 1.2872800E+001, 1.2784517E+001, 1.2047273E+001, 1.1274919E+001, 1.0434552E+001, 9.5637304E+000, 8.6909124E+000, 7.8149768E+000, 6.9459147E+000, 6.0757114E+000, 5.2045812E+000, 4.3350623E+000, 3.4614672E+000, 2.5923616E+000, 1.7279596E+000, 8.5637749E-001, 7.5234341E-003
