s,m/s,kg/m3,kg/m/s,Pa,Pa,Pa,Pa,Pa,Pa,Pa,Pa,Pa,Pa,Pa,Pa,Pa,Pa,Pa,Pa,Pa,Pa,Pa,Pa,Pa,Pa,Pa,Pa,Pa
Time,"UBAR","RHO","MU","P10","P20","P30","P40","P50","P60","P70","P80","P90","P100","P200","P300","P400","P500","P600","P700","P800","P900","P1000","P1100","P1200","P1300","P1400","P1500","P1600"
 0.0000000E+000, 0.0000000E+000, 1.1959878E+000, 8.9854123E-006,-4.6700126E-005,-3.2395302E-005,-5.0742328E-005,-3.5973032E-005,-4.8851956E-005,-3.3894431E-005,-4.7699577E-005,-3.4474449E-005,-4.5921124E-005,-3.3065004E-005,-3.6055233E-005,-3.3404938E-005,-3.1665965E-005,-3.0899190E-005,-3.5602062E-005,-3.3544943E-005,-3.2273228E-005,-3.6291392E-005,-3.5110569E-005,-3.5035290E-005,-3.6021947E-005,-3.4855497E-005,-3.1812531E-005,-3.4211205E-005,-3.2269844E-005
 4.0015727E+002, 3.9955519E+000, 1.1959878E+000, 8.9854123E-006, 6.1933529E+001, 6.1425324E+001, 6.0933415E+001, 6.0461139E+001, 6.0007598E+001, 5.9573156E+001, 5.9155206E+001, 5.8751184E+001, 5.8356430E+001, 5.7970972E+001, 5.4228571E+001, 5.0441164E+001, 4.6563797E+001, 4.2676638E+001, 3.8789569E+001, 3.4899949E+001, 3.1022148E+001, 2.7147881E+001, 2.3268223E+001, 1.9375862E+001, 1.5485531E+001, 1.1601927E+001, 7.7280382E+000, 3.8338399E+000, 2.1368956E-002
 8.0000000E+002, 3.9999995E+000, 1.1959883E+000, 8.9854123E-006, 4.4503034E+001, 4.4113280E+001, 4.3738869E+001, 4.3386410E+001, 4.3051539E+001, 4.2733743E+001, 4.2433548E+001, 4.2149035E+001, 4.1875432E+001, 4.1610373E+001, 3.8996853E+001, 3.6295045E+001, 3.3510584E+001, 3.0705509E+001, 2.7904430E+001, 2.5111405E+001, 2.2298897E+001, 1.9500677E+001, 1.6709403E+001, 1.3912202E+001, 1.1116153E+001, 8.3139643E+000, 5.5255920E+000, 2.7287351E+000, 2.6005790E-002
