s,m/s,kg/m3,kg/m/s,Pa,Pa,Pa,Pa,Pa,Pa,Pa,Pa,Pa,Pa,Pa,Pa,Pa,Pa,Pa,Pa,Pa,Pa,Pa,Pa,Pa,Pa,Pa,Pa,Pa
Time,"UBAR","RHO","MU","P10","P20","P30","P40","P50","P60","P70","P80","P90","P100","P200","P300","P400","P500","P600","P700","P800","P900","P1000","P1100","P1200","P1300","P1400","P1500","P1600"
 0.0000000E+000, 0.0000000E+000, 1.1945617E+000, 1.7956572E-005,-3.1980641E-005,-1.9783964E-005,-3.5010449E-005,-1.9462283E-005,-3.2484049E-005,-2.0652998E-005,-2.9796173E-005,-2.2044636E-005,-2.9446684E-005,-2.1123076E-005,-2.5429480E-005,-2.1924779E-005,-2.2144477E-005,-2.1366859E-005,-1.9715544E-005,-2.1658981E-005,-2.1500282E-005,-2.2948501E-005,-2.4873888E-005,-2.1800865E-005,-2.2499293E-005,-1.8385552E-005,-2.2042811E-005,-1.9480792E-005,-2.1549425E-005
 1.6008029E+002, 9.9647790E+000, 1.1945611E+000, 1.7956572E-005, 4.4427459E+002, 4.4049805E+002, 4.3679935E+002, 4.3319964E+002, 4.2971066E+002, 4.2634514E+002, 4.2310054E+002, 4.2001044E+002, 4.1704246E+002, 4.1417546E+002, 3.8760366E+002, 3.6065408E+002, 3.3309526E+002, 3.0524660E+002, 2.7749558E+002, 2.4964174E+002, 2.2186595E+002, 1.9412705E+002, 1.6635725E+002, 1.3873216E+002, 1.1097632E+002, 8.3316647E+001, 5.5570577E+001, 2.7606380E+001, 2.1332376E-001
 3.2000000E+002, 1.0000003E+001, 1.1945618E+000, 1.7956572E-005, 3.3916848E+002, 3.3612342E+002, 3.3317177E+002, 3.3029966E+002, 3.2752707E+002, 3.2487875E+002, 3.2233977E+002, 3.1995550E+002, 3.1769278E+002, 3.1557673E+002, 2.9617416E+002, 2.7562408E+002, 2.5454973E+002, 2.3336957E+002, 2.1206308E+002, 1.9082214E+002, 1.6963508E+002, 1.4844117E+002, 1.2721250E+002, 1.0583326E+002, 8.4660789E+001, 6.3460480E+001, 4.2206059E+001, 2.0932602E+001, 1.9562921E-001
