s,m/s,kg/m3,kg/m/s,Pa,Pa,Pa,Pa,Pa,Pa,Pa,Pa,Pa,Pa,Pa,Pa,Pa,Pa,Pa,Pa,Pa,Pa,Pa,Pa,Pa,Pa,Pa,Pa,Pa
Time,"UBAR","RHO","MU","P10","P20","P30","P40","P50","P60","P70","P80","P90","P100","P200","P300","P400","P500","P600","P700","P800","P900","P1000","P1100","P1200","P1300","P1400","P1500","P1600"
 0.0000000E+000, 0.0000000E+000, 1.1956416E+000, 8.9854123E-006,-3.2009553E-005,-1.9801850E-005,-3.5042102E-005,-1.9479877E-005,-3.2513415E-005,-2.0671669E-005,-2.9823110E-005,-2.2064566E-005,-2.9473306E-005,-2.1142173E-005,-2.5452470E-005,-2.1944599E-005,-2.2164497E-005,-2.1386176E-005,-1.9733368E-005,-2.1678561E-005,-2.1519718E-005,-2.2969246E-005,-2.4896375E-005,-2.1820574E-005,-2.2519634E-005,-1.8402174E-005,-2.2062739E-005,-1.9498404E-005,-2.1568907E-005
 1.6006282E+002, 9.9648385E+000, 1.1956416E+000, 8.9854123E-006, 4.4658791E+002, 4.4280494E+002, 4.3910270E+002, 4.3550790E+002, 4.3201974E+002, 4.2865505E+002, 4.2539829E+002, 4.2225286E+002, 4.1920649E+002, 4.1626893E+002, 3.9030760E+002, 3.6434856E+002, 3.3688262E+002, 3.0899553E+002, 2.8099406E+002, 2.5288917E+002, 2.2468694E+002, 1.9656557E+002, 1.6834200E+002, 1.4037041E+002, 1.1215364E+002, 8.4049064E+001, 5.6099002E+001, 2.7846646E+001, 1.5419252E-001
 3.2000000E+002, 9.9999991E+000, 1.1956416E+000, 8.9854123E-006, 3.4440599E+002, 3.4135104E+002, 3.3837349E+002, 3.3549974E+002, 3.3273493E+002, 3.3008711E+002, 3.2756319E+002, 3.2513752E+002, 3.2280828E+002, 3.2060312E+002, 3.0234712E+002, 2.8325339E+002, 2.6208651E+002, 2.4021169E+002, 2.1833183E+002, 1.9645320E+002, 1.7458048E+002, 1.5264099E+002, 1.3077428E+002, 1.0897650E+002, 8.7172745E+001, 6.5369768E+001, 4.3368067E+001, 2.1511850E+001, 1.8223282E-001
