s,m/s,kg/m3,kg/m/s,Pa,Pa,Pa,Pa,Pa,Pa,Pa,Pa,Pa,Pa,Pa,Pa,Pa,Pa,Pa,Pa,Pa,Pa,Pa,Pa,Pa,Pa,Pa,Pa,Pa
Time,UBAR,RHO,MU,P10,P20,P30,P40,P50,P60,P70,P80,P90,P100,P200,P300,P400,P500,P600,P700,P800,P900,P1000,P1100,P1200,P1300,P1400,P1500,P1600
 0.0000000E+000, 0.0000000E+000, 1.1949073E+000, 1.7956572E-005,-4.7850179E-005,-3.5758998E-005,-5.0729530E-005,-3.6412311E-005,-5.0586932E-005,-3.5108813E-005,-4.9204030E-005,-3.6965818E-005,-4.7332899E-005,-3.5657055E-005,-3.5711202E-005,-3.7100219E-005,-3.5458230E-005,-3.4850506E-005,-3.5311800E-005,-3.5322616E-005,-3.5089411E-005,-3.6328965E-005,-3.6907655E-005,-3.5540940E-005,-3.6553790E-005,-3.5769673E-005,-3.5031111E-005,-3.5008038E-005,-3.6537385E-005
 4.0003191E+002, 3.9943693E+000, 1.1949072E+000, 1.7956572E-005, 6.0831178E+001, 6.0268902E+001, 5.9768738E+001, 5.9322670E+001, 5.8920260E+001, 5.8541318E+001, 5.8166024E+001, 5.7791147E+001, 5.7420705E+001, 5.7052469E+001, 5.3430570E+001, 4.9596748E+001, 4.5770511E+001, 4.1958074E+001, 3.8137106E+001, 3.4315612E+001, 3.0486953E+001, 2.6660017E+001, 2.2849690E+001, 1.9025365E+001, 1.5213363E+001, 1.1405094E+001, 7.5879632E+000, 3.7773982E+000, 1.4737695E-002
 8.0000000E+002, 4.0000003E+000, 1.1949072E+000, 1.7956572E-005, 4.3180062E+001, 4.2735831E+001, 4.2354855E+001, 4.2027390E+001, 4.1742596E+001, 4.1481279E+001, 4.1222678E+001, 4.0962157E+001, 4.0705243E+001, 4.0451493E+001, 3.7983161E+001, 3.5260985E+001, 3.2538074E+001, 2.9817484E+001, 2.7109930E+001, 2.4400500E+001, 2.1689191E+001, 1.8975178E+001, 1.6251782E+001, 1.3526894E+001, 1.0814284E+001, 8.1009767E+000, 5.3869516E+000, 2.6648187E+000, 1.3379821E-002
