s,m/s,kg/m3,kg/m/s,Pa,Pa,Pa,Pa,Pa,Pa,Pa,Pa,Pa,Pa,Pa,Pa,Pa,Pa,Pa,Pa,Pa,Pa,Pa,Pa,Pa,Pa,Pa,Pa,Pa
Time,"UBAR","RHO","MU","P10","P20","P30","P40","P50","P60","P70","P80","P90","P100","P200","P300","P400","P500","P600","P700","P800","P900","P1000","P1100","P1200","P1300","P1400","P1500","P1600"
 0.0000000E+000, 0.0000000E+000, 1.1956416E+000, 8.9854123E-006,-3.2009553E-005,-1.9801850E-005,-3.5042102E-005,-1.9479877E-005,-3.2513415E-005,-2.0671669E-005,-2.9823110E-005,-2.2064566E-005,-2.9473306E-005,-2.1142173E-005,-2.5452470E-005,-2.1944599E-005,-2.2164497E-005,-2.1386176E-005,-1.9733368E-005,-2.1678561E-005,-2.1519718E-005,-2.2969246E-005,-2.4896375E-005,-2.1820574E-005,-2.2519634E-005,-1.8402174E-005,-2.2062739E-005,-1.9498404E-005,-2.1568907E-005
 1.6004044E+002, 9.9648600E+000, 1.1956417E+000, 8.9854123E-006, 2.0517963E+002, 2.0380449E+002, 2.0245563E+002, 2.0110769E+002, 1.9976207E+002, 1.9841883E+002, 1.9708715E+002, 1.9575793E+002, 1.9442357E+002, 1.9309179E+002, 1.7999060E+002, 1.6706459E+002, 1.5423580E+002, 1.4137001E+002, 1.2854677E+002, 1.1570469E+002, 1.0284199E+002, 8.9992588E+001, 7.7154603E+001, 6.4277890E+001, 5.1413164E+001, 3.8542770E+001, 2.5657650E+001, 1.2787119E+001, 2.7576787E-002
 3.2000000E+002, 9.9999963E+000, 1.1956417E+000, 8.9854123E-006, 8.8325537E+001, 8.7687424E+001, 8.7070143E+001, 8.6462621E+001, 8.5859512E+001, 8.5265470E+001, 8.4672056E+001, 8.4089097E+001, 8.3500813E+001, 8.2921903E+001, 7.7265930E+001, 7.1690528E+001, 6.6174204E+001, 6.0652026E+001, 5.5134728E+001, 4.9620087E+001, 4.4115349E+001, 3.8599799E+001, 3.3065521E+001, 2.7542638E+001, 2.2010654E+001, 1.6492289E+001, 1.0970226E+001, 5.4384906E+000, 4.6151748E-002
