s,m/s,kg/m3,kg/m/s,Pa,Pa,Pa,Pa,Pa,Pa,Pa,Pa,Pa,Pa,Pa,Pa,Pa,Pa,Pa,Pa,Pa,Pa,Pa,Pa,Pa,Pa,Pa,Pa,Pa
Time,"UBAR","RHO","MU","P10","P20","P30","P40","P50","P60","P70","P80","P90","P100","P200","P300","P400","P500","P600","P700","P800","P900","P1000","P1100","P1200","P1300","P1400","P1500","P1600"
 0.0000000E+000, 0.0000000E+000, 1.1945617E+000, 1.7956572E-005,-3.3375424E-005,-2.3231335E-005,-3.4885432E-005,-2.5331037E-005,-3.5519103E-005,-2.2812698E-005,-3.5684018E-005,-2.2323233E-005,-3.1565716E-005,-2.2408432E-005,-2.5159961E-005,-2.2671613E-005,-2.3036432E-005,-2.4332476E-005,-2.4554835E-005,-2.5003832E-005,-2.4106676E-005,-2.4360431E-005,-2.4496306E-005,-2.2830640E-005,-2.6128964E-005,-2.3828421E-005,-2.1789007E-005,-2.6182614E-005,-2.4450785E-005
 1.6001518E+002, 9.9624336E+000, 1.1945616E+000, 1.7956572E-005, 4.4497882E+002, 4.4036656E+002, 4.3613066E+002, 4.3241883E+002, 4.2918811E+002, 4.2642454E+002, 4.2395849E+002, 4.2158620E+002, 4.1919834E+002, 4.1672368E+002, 3.8997911E+002, 3.6249450E+002, 3.3467114E+002, 3.0665202E+002, 2.7875408E+002, 2.5087178E+002, 2.2288953E+002, 1.9503183E+002, 1.6708375E+002, 1.3914755E+002, 1.1129522E+002, 8.3396239E+001, 5.5401916E+001, 2.7506668E+001, 9.2833889E-002
 3.2000000E+002, 1.0001498E+001, 1.1944022E+000, 1.7957144E-005, 3.3560979E+002, 3.3172135E+002, 3.2820960E+002, 3.2519537E+002, 3.2267105E+002, 3.2058871E+002, 3.1887157E+002, 3.1729741E+002, 3.1566268E+002, 3.1394148E+002, 2.9440129E+002, 2.7380288E+002, 2.5266026E+002, 2.3137182E+002, 2.1040000E+002, 1.8934913E+002, 1.6830895E+002, 1.4728187E+002, 1.2621010E+002, 1.0503287E+002, 8.3901975E+001, 6.2840313E+001, 4.1685411E+001, 2.0623783E+001, 8.2771964E-002
