s,m/s,kg/m3,kg/m/s,Pa,Pa,Pa,Pa,Pa,Pa,Pa,Pa,Pa,Pa,Pa,Pa,Pa,Pa,Pa,Pa,Pa,Pa,Pa,Pa,Pa,Pa,Pa,Pa,Pa
Time,"UBAR","RHO","MU","P10","P20","P30","P40","P50","P60","P70","P80","P90","P100","P200","P300","P400","P500","P600","P700","P800","P900","P1000","P1100","P1200","P1300","P1400","P1500","P1600"
 0.0000000E+000, 0.0000000E+000, 1.1945617E+000, 1.7956572E-005,-3.1980641E-005,-1.9783964E-005,-3.5010449E-005,-1.9462283E-005,-3.2484049E-005,-2.0652998E-005,-2.9796173E-005,-2.2044636E-005,-2.9446684E-005,-2.1123076E-005,-2.5429480E-005,-2.1924779E-005,-2.2144477E-005,-2.1366859E-005,-1.9715544E-005,-2.1658981E-005,-2.1500282E-005,-2.2948501E-005,-2.4873888E-005,-2.1800865E-005,-2.2499293E-005,-1.8385552E-005,-2.2042811E-005,-1.9480792E-005,-2.1549425E-005
 1.6009948E+002, 9.9649133E+000, 1.1945614E+000, 1.7956572E-005,-6.0182866E+001,-6.0500305E+001,-6.0508233E+001,-6.0495391E+001,-6.0373725E+001,-6.0370133E+001,-6.0287982E+001,-6.0288385E+001,-6.0325209E+001,-6.0347638E+001,-6.0259011E+001,-6.0229733E+001,-6.0244710E+001,-6.0258493E+001,-6.0306960E+001,-6.0189463E+001,-6.0204515E+001,-6.0181975E+001,-6.0262253E+001,-6.0340414E+001,-6.0244517E+001,-6.0335664E+001,-6.0224942E+001,-6.0202988E+001,-5.9682039E+001
 3.2000000E+002, 9.9999967E+000, 1.1945619E+000, 1.7956572E-005,-6.0750221E+001,-6.1253949E+001,-6.1275945E+001,-6.1257347E+001,-6.1187319E+001,-6.0968053E+001,-6.0886566E+001,-6.0938201E+001,-6.0798627E+001,-6.0766982E+001,-6.0793776E+001,-6.0706691E+001,-6.0680538E+001,-6.0590251E+001,-6.0688765E+001,-6.0505526E+001,-6.0546763E+001,-6.0652186E+001,-6.0551260E+001,-6.0473626E+001,-6.0526535E+001,-6.0536941E+001,-6.0544496E+001,-6.0589985E+001,-5.9987811E+001
