s,m/s,kg/m3,kg/m/s,Pa,Pa,Pa,Pa,Pa,Pa,Pa,Pa,Pa,Pa,Pa,Pa,Pa,Pa,Pa,Pa,Pa,Pa,Pa,Pa,Pa,Pa,Pa,Pa,Pa
Time,"UBAR","RHO","MU","P10","P20","P30","P40","P50","P60","P70","P80","P90","P100","P200","P300","P400","P500","P600","P700","P800","P900","P1000","P1100","P1200","P1300","P1400","P1500","P1600"
 0.0000000E+000, 0.0000000E+000, 1.1951288E+000, 1.7964058E-005, 0.0000000E+000, 0.0000000E+000, 0.0000000E+000, 0.0000000E+000, 0.0000000E+000, 0.0000000E+000, 0.0000000E+000, 0.0000000E+000, 0.0000000E+000, 0.0000000E+000, 0.0000000E+000, 0.0000000E+000, 0.0000000E+000, 0.0000000E+000, 0.0000000E+000, 0.0000000E+000, 0.0000000E+000, 0.0000000E+000, 0.0000000E+000, 0.0000000E+000, 0.0000000E+000, 0.0000000E+000, 0.0000000E+000, 0.0000000E+000, 0.0000000E+000
 8.0011854E+002, 1.9989723E+000, 1.1951290E+000, 1.7964058E-005, 1.7983118E+001, 1.7831220E+001, 1.7682659E+001, 1.7538312E+001, 1.7397817E+001, 1.7262985E+001, 1.7132372E+001, 1.7005684E+001, 1.6883303E+001, 1.6764872E+001, 1.5725788E+001, 1.4684320E+001, 1.3579819E+001, 1.2453143E+001, 1.1319992E+001, 1.0182319E+001, 9.0489563E+000, 7.9168463E+000, 6.7807295E+000, 5.6500558E+000, 4.5191032E+000, 3.3887735E+000, 2.2575739E+000, 1.1260898E+000, 8.0653484E-003
 1.6000000E+003, 2.0000013E+000, 1.1951287E+000, 1.7964058E-005, 1.3749910E+001, 1.3627780E+001, 1.3508754E+001, 1.3394200E+001, 1.3283429E+001, 1.3177631E+001, 1.3076250E+001, 1.2979799E+001, 1.2887241E+001, 1.2799169E+001, 1.2062435E+001, 1.1290528E+001, 1.0455611E+001, 9.5876935E+000, 8.7137701E+000, 7.8412115E+000, 6.9692345E+000, 6.0949901E+000, 5.2198906E+000, 4.3452907E+000, 3.4749569E+000, 2.6012932E+000, 1.7308422E+000, 8.5850926E-001, 7.5822106E-003
