s,m/s,kg/m3,kg/m/s,Pa,Pa,Pa,Pa,Pa,Pa,Pa,Pa,Pa,Pa,Pa,Pa,Pa,Pa,Pa,Pa,Pa,Pa,Pa,Pa,Pa,Pa,Pa,Pa,Pa
Time,"UBAR","RHO","MU","P10","P20","P30","P40","P50","P60","P70","P80","P90","P100","P200","P300","P400","P500","P600","P700","P800","P900","P1000","P1100","P1200","P1300","P1400","P1500","P1600"
 0.0000000E+000, 0.0000000E+000, 1.1945617E+000, 1.7956572E-005,-3.1980641E-005,-1.9783964E-005,-3.5010449E-005,-1.9462283E-005,-3.2484049E-005,-2.0652998E-005,-2.9796173E-005,-2.2044636E-005,-2.9446684E-005,-2.1123076E-005,-2.5429480E-005,-2.1924779E-005,-2.2144477E-005,-2.1366859E-005,-1.9715544E-005,-2.1658981E-005,-2.1500282E-005,-2.2948501E-005,-2.4873888E-005,-2.1800865E-005,-2.2499293E-005,-1.8385552E-005,-2.2042811E-005,-1.9480792E-005,-2.1549425E-005
 8.0044231E+002, 1.9989777E+000, 1.1945618E+000, 1.7956572E-005, 1.8106875E+001, 1.7954633E+001, 1.7806180E+001, 1.7660795E+001, 1.7520669E+001, 1.7384081E+001, 1.7253531E+001, 1.7125441E+001, 1.7004533E+001, 1.6886742E+001, 1.5799817E+001, 1.4698465E+001, 1.3571867E+001, 1.2439505E+001, 1.1306513E+001, 1.0173193E+001, 9.0398349E+000, 7.9093741E+000, 6.7750080E+000, 5.6401691E+000, 4.5071645E+000, 3.3823905E+000, 2.2488669E+000, 1.1138613E+000, 9.2270210E-003
 1.6000000E+003, 1.9999993E+000, 1.1945620E+000, 1.7956572E-005, 1.3898396E+001, 1.3775611E+001, 1.3657091E+001, 1.3540208E+001, 1.3429399E+001, 1.3321390E+001, 1.3219778E+001, 1.3122409E+001, 1.3032196E+001, 1.2943559E+001, 1.2137939E+001, 1.1301922E+001, 1.0436979E+001, 9.5669360E+000, 8.6971625E+000, 7.8279830E+000, 6.9552050E+000, 6.0856446E+000, 5.2142626E+000, 4.3413765E+000, 3.4695370E+000, 2.5996934E+000, 1.7268877E+000, 8.5518983E-001, 7.6787980E-003
