s,m/s,kg/m3,kg/m/s,Pa,Pa,Pa,Pa,Pa,Pa,Pa,Pa,Pa,Pa,Pa,Pa,Pa,Pa,Pa,Pa,Pa,Pa,Pa,Pa,Pa,Pa,Pa,Pa,Pa
Time,"UBAR","RHO","MU","P10","P20","P30","P40","P50","P60","P70","P80","P90","P100","P200","P300","P400","P500","P600","P700","P800","P900","P1000","P1100","P1200","P1300","P1400","P1500","P1600"
 0.0000000E+000, 0.0000000E+000, 1.1945617E+000, 1.7956572E-005,-3.3375424E-005,-2.3231335E-005,-3.4885432E-005,-2.5331037E-005,-3.5519103E-005,-2.2812698E-005,-3.5684018E-005,-2.2323233E-005,-3.1565716E-005,-2.2408432E-005,-2.5159961E-005,-2.2671613E-005,-2.3036432E-005,-2.4332476E-005,-2.4554835E-005,-2.5003832E-005,-2.4106676E-005,-2.4360431E-005,-2.4496306E-005,-2.2830640E-005,-2.6128964E-005,-2.3828421E-005,-2.1789007E-005,-2.6182614E-005,-2.4450785E-005
 8.0016055E+002, 1.9986890E+000, 1.1945524E+000, 1.7956572E-005, 1.7741766E+001, 1.7556459E+001, 1.7387204E+001, 1.7236698E+001, 1.7105936E+001, 1.6993798E+001, 1.6895019E+001, 1.6801179E+001, 1.6706970E+001, 1.6607944E+001, 1.5538531E+001, 1.4440841E+001, 1.3327611E+001, 1.2216941E+001, 1.1104815E+001, 9.9931975E+000, 8.8808518E+000, 7.7663780E+000, 6.6555083E+000, 5.5463675E+000, 4.4348960E+000, 3.3219523E+000, 2.2092241E+000, 1.0973940E+000, 4.2206170E-003
 1.6000000E+003, 2.0000201E+000, 1.1945388E+000, 1.7956572E-005, 1.3347646E+001, 1.3191787E+001, 1.3050669E+001, 1.2929661E+001, 1.2827595E+001, 1.2743336E+001, 1.2675383E+001, 1.2612195E+001, 1.2549366E+001, 1.2483113E+001, 1.1707645E+001, 1.0883846E+001, 1.0052336E+001, 9.2124251E+000, 8.3750002E+000, 7.5321855E+000, 6.6972414E+000, 5.8584567E+000, 5.0217951E+000, 4.1816616E+000, 3.3425972E+000, 2.5013298E+000, 1.6624371E+000, 8.2611074E-001, 3.3474432E-003
