s,m/s,kg/m3,kg/m/s,Pa,Pa,Pa,Pa,Pa,Pa,Pa,Pa,Pa,Pa,Pa,Pa,Pa,Pa,Pa,Pa,Pa,Pa,Pa,Pa,Pa,Pa,Pa,Pa,Pa
Time,"UBAR","RHO","MU","P10","P20","P30","P40","P50","P60","P70","P80","P90","P100","P200","P300","P400","P500","P600","P700","P800","P900","P1000","P1100","P1200","P1300","P1400","P1500","P1600"
 0.0000000E+000, 0.0000000E+000, 1.1945617E+000, 1.7956572E-005,-3.3375424E-005,-2.3231335E-005,-3.4885432E-005,-2.5331037E-005,-3.5519103E-005,-2.2812698E-005,-3.5684018E-005,-2.2323233E-005,-3.1565716E-005,-2.2408432E-005,-2.5159961E-005,-2.2671613E-005,-2.3036432E-005,-2.4332476E-005,-2.4554835E-005,-2.5003832E-005,-2.4106676E-005,-2.4360431E-005,-2.4496306E-005,-2.2830640E-005,-2.6128964E-005,-2.3828421E-005,-2.1789007E-005,-2.6182614E-005,-2.4450785E-005
 8.0011318E+002, 1.9986582E+000, 1.1945616E+000, 1.7956572E-005, 9.1836995E+000, 9.1143203E+000, 9.0480924E+000, 8.9815980E+000, 8.9173317E+000, 8.8525460E+000, 8.7900830E+000, 8.7279852E+000, 8.6679731E+000, 8.6075552E+000, 8.0239351E+000, 7.4501299E+000, 6.8792539E+000, 6.3061217E+000, 5.7332514E+000, 5.1596552E+000, 4.5838062E+000, 4.0103329E+000, 3.4345148E+000, 2.8618070E+000, 2.2878977E+000, 1.7141725E+000, 1.1404427E+000, 5.6613750E-001, 1.8211192E-003
 1.6000000E+003, 1.9999967E+000, 1.1945558E+000, 1.7956572E-005, 4.4841246E+000, 4.4438088E+000, 4.4065645E+000, 4.3699980E+000, 4.3351750E+000, 4.3011966E+000, 4.2691222E+000, 4.2363522E+000, 4.2059752E+000, 4.1748548E+000, 3.8893608E+000, 3.6129844E+000, 3.3362755E+000, 3.0580650E+000, 2.7795338E+000, 2.5004998E+000, 2.2207247E+000, 1.9425332E+000, 1.6647399E+000, 1.3854098E+000, 1.1060098E+000, 8.2620700E-001, 5.4935238E-001, 2.7026429E-001, 8.1257045E-004
