s,m/s,kg/m3,kg/m/s,Pa,Pa,Pa,Pa,Pa,Pa,Pa,Pa,Pa,Pa,Pa,Pa,Pa,Pa,Pa,Pa,Pa,Pa,Pa,Pa,Pa,Pa,Pa,Pa,Pa
Time,"UBAR","RHO","MU","P10","P20","P30","P40","P50","P60","P70","P80","P90","P100","P200","P300","P400","P500","P600","P700","P800","P900","P1000","P1100","P1200","P1300","P1400","P1500","P1600"
 0.0000000E+000, 0.0000000E+000, 1.1945617E+000, 1.7956572E-005,-3.1980641E-005,-1.9783964E-005,-3.5010449E-005,-1.9462283E-005,-3.2484049E-005,-2.0652998E-005,-2.9796173E-005,-2.2044636E-005,-2.9446684E-005,-2.1123076E-005,-2.5429480E-005,-2.1924779E-005,-2.2144477E-005,-2.1366859E-005,-1.9715544E-005,-2.1658981E-005,-2.1500282E-005,-2.2948501E-005,-2.4873888E-005,-2.1800865E-005,-2.2499293E-005,-1.8385552E-005,-2.2042811E-005,-1.9480792E-005,-2.1549425E-005
 8.0038560E+002, 1.9989767E+000, 1.1945617E+000, 1.7956572E-005, 9.4422157E+000, 9.3697356E+000, 9.3056160E+000, 9.2390794E+000, 9.1782363E+000, 9.1145756E+000, 9.0523536E+000, 8.9886893E+000, 8.9290198E+000, 8.8672779E+000, 8.2651787E+000, 7.6718003E+000, 7.0819728E+000, 6.4895419E+000, 5.9014563E+000, 5.3133659E+000, 4.7226120E+000, 4.1308378E+000, 3.5399101E+000, 2.9495871E+000, 2.3593218E+000, 1.7685043E+000, 1.1779229E+000, 5.8548504E-001, 4.4354285E-003
 1.6000000E+003, 1.9999999E+000, 1.1945619E+000, 1.7956572E-005, 4.7654991E+000, 4.7239530E+000, 4.6896316E+000, 4.6512289E+000, 4.6176034E+000, 4.5803758E+000, 4.5498643E+000, 4.5156960E+000, 4.4842685E+000, 4.4498162E+000, 4.1425371E+000, 3.8416530E+000, 3.5445661E+000, 3.2486181E+000, 2.9532496E+000, 2.6573815E+000, 2.3591990E+000, 2.0636959E+000, 1.7669644E+000, 1.4719102E+000, 1.1759891E+000, 8.7946460E-001, 5.8348889E-001, 2.8797030E-001, 2.5621451E-003
