s,m/s,kg/m3,kg/m/s,Pa,Pa,Pa,Pa,Pa,Pa,Pa,Pa,Pa,Pa,Pa,Pa,Pa,Pa,Pa,Pa,Pa,Pa,Pa,Pa,Pa,Pa,Pa,Pa,Pa
Time,"UBAR","RHO","MU","P10","P20","P30","P40","P50","P60","P70","P80","P90","P100","P200","P300","P400","P500","P600","P700","P800","P900","P1000","P1100","P1200","P1300","P1400","P1500","P1600"
 0.0000000E+000, 0.0000000E+000, 1.1949073E+000, 1.7956572E-005,-4.7850179E-005,-3.5758998E-005,-5.0729530E-005,-3.6412311E-005,-5.0586932E-005,-3.5108813E-005,-4.9204030E-005,-3.6965818E-005,-4.7332899E-005,-3.5657055E-005,-3.5711202E-005,-3.7100220E-005,-3.5458230E-005,-3.4850506E-005,-3.5311800E-005,-3.5322616E-005,-3.5089411E-005,-3.6328965E-005,-3.6907655E-005,-3.5540939E-005,-3.6553790E-005,-3.5769673E-005,-3.5031111E-005,-3.5008038E-005,-3.6537385E-005
 4.0000214E+002, 3.9943689E+000, 1.1949073E+000, 1.7956572E-005, 6.0824313E+001, 6.0261605E+001, 5.9761249E+001, 5.9316435E+001, 5.8913991E+001, 5.8535560E+001, 5.8160591E+001, 5.7787535E+001, 5.7416728E+001, 5.7046893E+001, 5.3428527E+001, 4.9598940E+001, 4.5782394E+001, 4.1960329E+001, 3.8141560E+001, 3.4321429E+001, 3.0500640E+001, 2.6676755E+001, 2.2861149E+001, 1.9041479E+001, 1.5222727E+001, 1.1407068E+001, 7.5915023E+000, 3.7773193E+000, 1.4652014E-002
 8.0000000E+002, 4.0000001E+000, 1.1949072E+000, 1.7956572E-005, 4.3285037E+001, 4.2840635E+001, 4.2459419E+001, 4.2131397E+001, 4.1847040E+001, 4.1585972E+001, 4.1327714E+001, 4.1069697E+001, 4.0813315E+001, 4.0561391E+001, 3.8070091E+001, 3.5331112E+001, 3.2605833E+001, 2.9887043E+001, 2.7161167E+001, 2.4440110E+001, 2.1717269E+001, 1.8995213E+001, 1.6269878E+001, 1.3544279E+001, 1.0825857E+001, 8.1079695E+000, 5.3852554E+000, 2.6627236E+000, 1.3041905E-002
