s,m/s,kg/m3,kg/m/s,Pa,Pa,Pa,Pa,Pa,Pa,Pa,Pa,Pa,Pa,Pa,Pa,Pa,Pa,Pa,Pa,Pa,Pa,Pa,Pa,Pa,Pa,Pa,Pa,Pa
Time,"UBAR","RHO","MU","P10","P20","P30","P40","P50","P60","P70","P80","P90","P100","P200","P300","P400","P500","P600","P700","P800","P900","P1000","P1100","P1200","P1300","P1400","P1500","P1600"
 0.0000000E+000, 0.0000000E+000, 1.1945617E+000, 8.9782859E-006,-3.1980641E-005,-1.9783964E-005,-3.5010449E-005,-1.9462283E-005,-3.2484049E-005,-2.0652998E-005,-2.9796173E-005,-2.2044636E-005,-2.9446684E-005,-2.1123076E-005,-2.5429480E-005,-2.1924779E-005,-2.2144477E-005,-2.1366859E-005,-1.9715544E-005,-2.1658981E-005,-2.1500282E-005,-2.2948501E-005,-2.4873888E-005,-2.1800865E-005,-2.2499293E-005,-1.8385552E-005,-2.2042811E-005,-1.9480792E-005,-2.1549425E-005
 1.6005622E+002, 9.9647851E+000, 1.1945615E+000, 8.9782859E-006, 4.6054764E+002, 4.5677244E+002, 4.5307834E+002, 4.4948471E+002, 4.4598888E+002, 4.4262461E+002, 4.3938800E+002, 4.3626273E+002, 4.3321906E+002, 4.3028413E+002, 4.0304537E+002, 3.7508049E+002, 3.4637207E+002, 3.1757965E+002, 2.8866380E+002, 2.5976182E+002, 2.3088896E+002, 2.0209295E+002, 1.7324923E+002, 1.4449889E+002, 1.1552688E+002, 8.6716101E+001, 5.7723204E+001, 2.8713828E+001, 2.2228988E-001
 3.2000000E+002, 9.9999978E+000, 1.1945616E+000, 8.9782859E-006, 3.5784456E+002, 3.5480503E+002, 3.5183687E+002, 3.4896121E+002, 3.4619698E+002, 3.4356567E+002, 3.4104580E+002, 3.3867592E+002, 3.3640721E+002, 3.3421082E+002, 3.1385494E+002, 2.9220822E+002, 2.6990256E+002, 2.4741894E+002, 2.2490855E+002, 2.0232608E+002, 1.7981833E+002, 1.5742285E+002, 1.3484861E+002, 1.1234972E+002, 8.9790488E+001, 6.7245273E+001, 4.4679787E+001, 2.2175056E+001, 2.0306791E-001
