s,m/s,kg/m3,kg/m/s,Pa,Pa,Pa,Pa,Pa,Pa,Pa,Pa,Pa,Pa,Pa,Pa,Pa,Pa,Pa,Pa,Pa,Pa,Pa,Pa,Pa,Pa,Pa,Pa,Pa
Time,"UBAR","RHO","MU","P10","P20","P30","P40","P50","P60","P70","P80","P90","P100","P200","P300","P400","P500","P600","P700","P800","P900","P1000","P1100","P1200","P1300","P1400","P1500","P1600"
 0.0000000E+000, 0.0000000E+000, 1.1945618E+000, 8.9782869E-006,-3.3375429E-005,-2.3231338E-005,-3.4885437E-005,-2.5331040E-005,-3.5519108E-005,-2.2812701E-005,-3.5684023E-005,-2.2323236E-005,-3.1565720E-005,-2.2408435E-005,-2.5159964E-005,-2.2671616E-005,-2.3036435E-005,-2.4332479E-005,-2.4554838E-005,-2.5003835E-005,-2.4106680E-005,-2.4360434E-005,-2.4496310E-005,-2.2830643E-005,-2.6128968E-005,-2.3828424E-005,-2.1789010E-005,-2.6182618E-005,-2.4450788E-005
 1.6002633E+002, 9.9625030E+000, 1.1945478E+000, 8.9782869E-006, 4.6399815E+002, 4.5937151E+002, 4.5514804E+002, 4.5140957E+002, 4.4816832E+002, 4.4543008E+002, 4.4300933E+002, 4.4064165E+002, 4.3816271E+002, 4.3554519E+002, 4.0747130E+002, 3.7865444E+002, 3.4951299E+002, 3.2034882E+002, 2.9116796E+002, 2.6199563E+002, 2.3287274E+002, 2.0376766E+002, 1.7457026E+002, 1.4541767E+002, 1.1625146E+002, 8.7151026E+001, 5.7986586E+001, 2.8789994E+001, 9.6655254E-002
 3.2000000E+002, 1.0000168E+001, 1.1945523E+000, 8.9782869E-006, 3.5749129E+002, 3.5357410E+002, 3.5006280E+002, 3.4704048E+002, 3.4450500E+002, 3.4247760E+002, 3.4079018E+002, 3.3919740E+002, 3.3750335E+002, 3.3564115E+002, 3.1459435E+002, 2.9253750E+002, 2.6996765E+002, 2.4741435E+002, 2.2481220E+002, 2.0232916E+002, 1.7977329E+002, 1.5719170E+002, 1.3475547E+002, 1.1223947E+002, 8.9700410E+001, 6.7219831E+001, 4.4633737E+001, 2.2012225E+001, 8.7502774E-002
