s,m/s,kg/m3,kg/m/s,Pa,Pa,Pa,Pa,Pa,Pa,Pa,Pa,Pa,Pa,Pa,Pa,Pa,Pa,Pa,Pa,Pa,Pa,Pa,Pa,Pa,Pa,Pa,Pa,Pa
Time,"UBAR","RHO","MU","P10","P20","P30","P40","P50","P60","P70","P80","P90","P100","P200","P300","P400","P500","P600","P700","P800","P900","P1000","P1100","P1200","P1300","P1400","P1500","P1600"
 0.0000000E+000, 0.0000000E+000, 1.1945617E+000, 1.7956572E-005,-3.3375424E-005,-2.3231335E-005,-3.4885432E-005,-2.5331037E-005,-3.5519103E-005,-2.2812698E-005,-3.5684018E-005,-2.2323233E-005,-3.1565716E-005,-2.2408432E-005,-2.5159961E-005,-2.2671613E-005,-2.3036432E-005,-2.4332476E-005,-2.4554835E-005,-2.5003832E-005,-2.4106676E-005,-2.4360431E-005,-2.4496306E-005,-2.2830640E-005,-2.6128964E-005,-2.3828421E-005,-2.1789007E-005,-2.6182614E-005,-2.4450785E-005
 1.6002790E+002, 9.9637678E+000, 1.1945594E+000, 1.7956572E-005,-6.0225766E+001,-6.0363465E+001,-6.0291401E+001,-6.0281521E+001,-6.0299033E+001,-6.0312763E+001,-6.0282534E+001,-6.0353506E+001,-6.0357774E+001,-6.0388256E+001,-6.0426366E+001,-6.0391390E+001,-6.0368996E+001,-6.0342610E+001,-6.0376152E+001,-6.0394115E+001,-6.0366325E+001,-6.0350946E+001,-6.0399932E+001,-6.0414060E+001,-6.0342395E+001,-6.0347371E+001,-6.0355306E+001,-6.0441819E+001,-5.9899822E+001
 3.2000000E+002, 1.0000048E+001, 1.1944184E+000, 1.7957157E-005,-6.0688575E+001,-6.0852545E+001,-6.0841840E+001,-6.0854407E+001,-6.0848758E+001,-6.0809449E+001,-6.0776308E+001,-6.0773486E+001,-6.0758040E+001,-6.0780894E+001,-6.0742225E+001,-6.0770068E+001,-6.0757110E+001,-6.0785312E+001,-6.0724111E+001,-6.0751806E+001,-6.0739622E+001,-6.0776467E+001,-6.0695933E+001,-6.0723721E+001,-6.0713096E+001,-6.0839058E+001,-6.0725228E+001,-6.0744720E+001,-6.0254803E+001
