s,m/s,kg/m3,kg/m/s,Pa,Pa,Pa,Pa,Pa,Pa,Pa,Pa,Pa,Pa,Pa,Pa,Pa,Pa,Pa,Pa,Pa,Pa,Pa,Pa,Pa,Pa,Pa,Pa,Pa
Time,UBAR,RHO,MU,P10,P20,P30,P40,P50,P60,P70,P80,P90,P100,P200,P300,P400,P500,P600,P700,P800,P900,P1000,P1100,P1200,P1300,P1400,P1500,P1600
 0.0000000E+000, 0.0000000E+000, 1.1945617E+000, 1.7956572E-005,-3.3375424E-005,-2.3231336E-005,-3.4885432E-005,-2.5331037E-005,-3.5519103E-005,-2.2812697E-005,-3.5684018E-005,-2.2323234E-005,-3.1565716E-005,-2.2408432E-005,-2.5159961E-005,-2.2671613E-005,-2.3036432E-005,-2.4332475E-005,-2.4554835E-005,-2.5003832E-005,-2.4106677E-005,-2.4360431E-005,-2.4496306E-005,-2.2830640E-005,-2.6128965E-005,-2.3828421E-005,-2.1789007E-005,-2.6182614E-005,-2.4450785E-005
 8.0003024E+002, 1.9986475E+000, 1.1945594E+000, 1.7956572E-005, 1.7743009E+001, 1.7557546E+001, 1.7387909E+001, 1.7238035E+001, 1.7107297E+001, 1.6995192E+001, 1.6896733E+001, 1.6803051E+001, 1.6708491E+001, 1.6608126E+001, 1.5539083E+001, 1.4437470E+001, 1.3327319E+001, 1.2215078E+001, 1.1101348E+001, 9.9900964E+000, 8.8766820E+000, 7.7623993E+000, 6.6526177E+000, 5.5436860E+000, 4.4301055E+000, 3.3163614E+000, 2.2033650E+000, 1.0942532E+000, 4.3145893E-003
 1.6000000E+003, 2.0000129E+000, 1.1945598E+000, 1.7956572E-005, 1.3353733E+001, 1.3197773E+001, 1.3056846E+001, 1.2934893E+001, 1.2833837E+001, 1.2751351E+001, 1.2683022E+001, 1.2620263E+001, 1.2556538E+001, 1.2487670E+001, 1.1709540E+001, 1.0891361E+001, 1.0053253E+001, 9.2118124E+000, 8.3697206E+000, 7.5326206E+000, 6.6936853E+000, 5.8558583E+000, 5.0155106E+000, 4.1729665E+000, 3.3363884E+000, 2.4980539E+000, 1.6601415E+000, 8.2067433E-001, 3.3401726E-003
