s,m/s,kg/m3,kg/m/s,Pa,Pa,Pa,Pa,Pa,Pa,Pa,Pa,Pa,Pa,Pa,Pa,Pa,Pa,Pa,Pa,Pa,Pa,Pa,Pa,Pa,Pa,Pa,Pa,Pa
Time,"UBAR","RHO","MU","P10","P20","P30","P40","P50","P60","P70","P80","P90","P100","P200","P300","P400","P500","P600","P700","P800","P900","P1000","P1100","P1200","P1300","P1400","P1500","P1600"
 0.0000000E+000, 0.0000000E+000, 1.1949074E+000, 8.9782869E-006,-4.7850186E-005,-3.5759002E-005,-5.0729537E-005,-3.6412316E-005,-5.0586939E-005,-3.5108818E-005,-4.9204037E-005,-3.6965823E-005,-4.7332905E-005,-3.5657060E-005,-3.5711207E-005,-3.7100225E-005,-3.5458234E-005,-3.4850511E-005,-3.5311805E-005,-3.5322621E-005,-3.5089416E-005,-3.6328970E-005,-3.6907660E-005,-3.5540944E-005,-3.6553795E-005,-3.5769678E-005,-3.5031115E-005,-3.5008042E-005,-3.6537389E-005
 4.0003678E+002, 3.9943747E+000, 1.1949073E+000, 8.9782869E-006, 6.3534041E+001, 6.2971585E+001, 6.2475789E+001, 6.2038731E+001, 6.1642013E+001, 6.1257650E+001, 6.0872747E+001, 6.0486484E+001, 6.0101634E+001, 5.9719884E+001, 5.5912963E+001, 5.1919360E+001, 4.7920092E+001, 4.3924099E+001, 3.9932867E+001, 3.5931112E+001, 3.1926840E+001, 2.7930485E+001, 2.3928811E+001, 1.9929502E+001, 1.5925341E+001, 1.1934004E+001, 7.9380951E+000, 3.9453377E+000, 1.2169145E-002
 8.0000000E+002, 4.0000008E+000, 1.1949074E+000, 8.9782869E-006, 4.6176904E+001, 4.5732956E+001, 4.5354458E+001, 4.5035920E+001, 4.4759733E+001, 4.4494667E+001, 4.4224683E+001, 4.3948502E+001, 4.3673765E+001, 4.3401266E+001, 4.0696916E+001, 3.7776030E+001, 3.4866180E+001, 3.1951354E+001, 2.9040456E+001, 2.6134870E+001, 2.3221474E+001, 2.0312345E+001, 1.7394662E+001, 1.4484155E+001, 1.1579475E+001, 8.6656727E+000, 5.7584345E+000, 2.8524572E+000, 1.4047148E-002
