s,m/s,kg/m3,kg/m/s,Pa,Pa,Pa,Pa,Pa,Pa,Pa,Pa,Pa,Pa,Pa,Pa,Pa,Pa,Pa,Pa,Pa,Pa,Pa,Pa,Pa,Pa,Pa,Pa,Pa
Time,"UBAR","RHO","MU","P10","P20","P30","P40","P50","P60","P70","P80","P90","P100","P200","P300","P400","P500","P600","P700","P800","P900","P1000","P1100","P1200","P1300","P1400","P1500","P1600"
 0.0000000E+000, 0.0000000E+000, 1.1949073E+000, 8.9782859E-006,-4.7850179E-005,-3.5758998E-005,-5.0729530E-005,-3.6412311E-005,-5.0586932E-005,-3.5108813E-005,-4.9204030E-005,-3.6965818E-005,-4.7332899E-005,-3.5657055E-005,-3.5711202E-005,-3.7100220E-005,-3.5458230E-005,-3.4850506E-005,-3.5311800E-005,-3.5322616E-005,-3.5089411E-005,-3.6328965E-005,-3.6907655E-005,-3.5540939E-005,-3.6553790E-005,-3.5769673E-005,-3.5031111E-005,-3.5008038E-005,-3.6537385E-005
 4.0003105E+002, 3.9948729E+000, 1.1948683E+000, 8.9782859E-006, 6.5712718E+001, 6.5146357E+001, 6.4645132E+001, 6.4203811E+001, 6.3800228E+001, 6.3408575E+001, 6.3017681E+001, 6.2628150E+001, 6.2238623E+001, 6.1848086E+001, 5.7777522E+001, 5.3644538E+001, 4.9516988E+001, 4.5382875E+001, 4.1258537E+001, 3.7128671E+001, 3.2998824E+001, 2.8865191E+001, 2.4731281E+001, 2.0600542E+001, 1.6471443E+001, 1.2341584E+001, 8.2055275E+000, 4.0750040E+000, 1.6841660E-002
 8.0000000E+002, 4.0007288E+000, 1.1947530E+000, 8.9782859E-006, 4.7533666E+001, 4.7086162E+001, 4.6701024E+001, 4.6380299E+001, 4.6096394E+001, 4.5821988E+001, 4.5547795E+001, 4.5276520E+001, 4.5005509E+001, 4.4736253E+001, 4.1814002E+001, 3.8827007E+001, 3.5837962E+001, 3.2846856E+001, 2.9854636E+001, 2.6864044E+001, 2.3867759E+001, 2.0876269E+001, 1.7880434E+001, 1.4882143E+001, 1.1898729E+001, 8.8992605E+000, 5.9160422E+000, 2.9313128E+000, 1.4722739E-002
