s,m/s,kg/m3,kg/m/s,Pa,Pa,Pa,Pa,Pa,Pa,Pa,Pa,Pa,Pa,Pa,Pa,Pa,Pa,Pa,Pa,Pa,Pa,Pa,Pa,Pa,Pa,Pa,Pa,Pa
Time,"UBAR","RHO","MU","P10","P20","P30","P40","P50","P60","P70","P80","P90","P100","P200","P300","P400","P500","P600","P700","P800","P900","P1000","P1100","P1200","P1300","P1400","P1500","P1600"
 0.0000000E+000, 0.0000000E+000, 1.1945618E+000, 8.9782869E-006,-3.3375429E-005,-2.3231338E-005,-3.4885437E-005,-2.5331040E-005,-3.5519108E-005,-2.2812701E-005,-3.5684023E-005,-2.2323236E-005,-3.1565720E-005,-2.2408435E-005,-2.5159964E-005,-2.2671616E-005,-2.3036435E-005,-2.4332479E-005,-2.4554838E-005,-2.5003835E-005,-2.4106680E-005,-2.4360434E-005,-2.4496310E-005,-2.2830643E-005,-2.6128968E-005,-2.3828424E-005,-2.1789010E-005,-2.6182618E-005,-2.4450788E-005
 8.0016320E+002, 1.9986399E+000, 1.1945619E+000, 8.9782869E-006, 9.2404829E+000, 9.1728491E+000, 9.1069962E+000, 9.0404399E+000, 8.9759985E+000, 8.9112068E+000, 8.8485601E+000, 8.7856734E+000, 8.7254458E+000, 8.6651291E+000, 8.0859261E+000, 7.5151553E+000, 6.9451750E+000, 6.3704927E+000, 5.7920980E+000, 5.2116282E+000, 4.6315357E+000, 4.0516351E+000, 3.4715479E+000, 2.8927636E+000, 2.3127790E+000, 1.7335520E+000, 1.1542296E+000, 5.7364886E-001, 1.3379671E-003
 1.6000000E+003, 2.0000007E+000, 1.1945617E+000, 8.9782869E-006, 4.5921642E+000, 4.5544808E+000, 4.5182019E+000, 4.4813765E+000, 4.4469974E+000, 4.4116283E+000, 4.3790448E+000, 4.3460003E+000, 4.3153250E+000, 4.2848565E+000, 3.9999496E+000, 3.7231232E+000, 3.4477436E+000, 3.1669425E+000, 2.8811233E+000, 2.5925299E+000, 2.3026534E+000, 2.0135731E+000, 1.7247066E+000, 1.4356124E+000, 1.1465905E+000, 8.5711207E-001, 5.6837379E-001, 2.8039544E-001, 7.8983498E-004
