s,m/s,kg/m3,kg/m/s,Pa,Pa,Pa,Pa,Pa,Pa,Pa,Pa,Pa,Pa,Pa,Pa,Pa,Pa,Pa,Pa,Pa,Pa,Pa,Pa,Pa,Pa,Pa,Pa,Pa
Time,"UBAR","RHO","MU","P10","P20","P30","P40","P50","P60","P70","P80","P90","P100","P200","P300","P400","P500","P600","P700","P800","P900","P1000","P1100","P1200","P1300","P1400","P1500","P1600"
 0.0000000E+000, 0.0000000E+000, 1.1945617E+000, 1.7956572E-005,-3.1980641E-005,-1.9783964E-005,-3.5010449E-005,-1.9462283E-005,-3.2484049E-005,-2.0652998E-005,-2.9796173E-005,-2.2044636E-005,-2.9446684E-005,-2.1123076E-005,-2.5429480E-005,-2.1924779E-005,-2.2144477E-005,-2.1366859E-005,-1.9715544E-005,-2.1658981E-005,-2.1500282E-005,-2.2948501E-005,-2.4873888E-005,-2.1800865E-005,-2.2499293E-005,-1.8385552E-005,-2.2042811E-005,-1.9480792E-005,-2.1549425E-005
 8.0038560E+002, 1.9989767E+000, 1.1945617E+000, 1.7956572E-005,-2.4139718E+000,-2.4320258E+000,-2.4321645E+000,-2.4318957E+000,-2.4262660E+000,-2.4263226E+000,-2.4288614E+000,-2.4297943E+000,-2.4240103E+000,-2.4226930E+000,-2.4234821E+000,-2.4243503E+000,-2.4221388E+000,-2.4275940E+000,-2.4243784E+000,-2.4228231E+000,-2.4237494E+000,-2.4242406E+000,-2.4232750E+000,-2.4256332E+000,-2.4225698E+000,-2.4218377E+000,-2.4231082E+000,-2.4275265E+000,-2.4052450E+000
 1.6000000E+003, 2.0000000E+000, 1.1945619E+000, 1.7956572E-005,-2.4180337E+000,-2.4327898E+000,-2.4341398E+000,-2.4409612E+000,-2.4406159E+000,-2.4428398E+000,-2.4358180E+000,-2.4390568E+000,-2.4371563E+000,-2.4396621E+000,-2.4256464E+000,-2.4250075E+000,-2.4228563E+000,-2.4250399E+000,-2.4245037E+000,-2.4240146E+000,-2.4285604E+000,-2.4256556E+000,-2.4284368E+000,-2.4258284E+000,-2.4261196E+000,-2.4259059E+000,-2.4244262E+000,-2.4260002E+000,-2.4043909E+000
