s,m/s,kg/m3,kg/m/s,Pa,Pa,Pa,Pa,Pa,Pa,Pa,Pa,Pa,Pa,Pa,Pa,Pa,Pa,Pa,Pa,Pa,Pa,Pa,Pa,Pa,Pa,Pa,Pa,Pa
Time,"UBAR","RHO","MU","P10","P20","P30","P40","P50","P60","P70","P80","P90","P100","P200","P300","P400","P500","P600","P700","P800","P900","P1000","P1100","P1200","P1300","P1400","P1500","P1600"
 0.0000000E+000, 0.0000000E+000, 1.1945618E+000, 8.9782869E-006,-3.1980646E-005,-1.9783966E-005,-3.5010454E-005,-1.9462285E-005,-3.2484053E-005,-2.0653001E-005,-2.9796177E-005,-2.2044639E-005,-2.9446688E-005,-2.1123079E-005,-2.5429483E-005,-2.1924782E-005,-2.2144480E-005,-2.1366862E-005,-1.9715547E-005,-2.1658984E-005,-2.1500285E-005,-2.2948504E-005,-2.4873891E-005,-2.1800868E-005,-2.2499296E-005,-1.8385554E-005,-2.2042814E-005,-1.9480795E-005,-2.1549428E-005
 8.0045219E+002, 1.9989705E+000, 1.1945621E+000, 8.9782869E-006, 9.1495708E+000, 9.0872052E+000, 9.0255982E+000, 8.9641346E+000, 8.9025353E+000, 8.8413719E+000, 8.7806256E+000, 8.7201715E+000, 8.6596573E+000, 8.5994951E+000, 8.0129496E+000, 7.4412426E+000, 6.8702968E+000, 6.2978988E+000, 5.7263551E+000, 5.1561366E+000, 4.5836751E+000, 4.0109963E+000, 3.4382024E+000, 2.8644729E+000, 2.2906189E+000, 1.7164496E+000, 1.1426231E+000, 5.7043120E-001, 3.2622821E-003
 1.6000000E+003, 1.9999999E+000, 1.1945620E+000, 8.9782869E-006, 4.5028380E+000, 4.4704902E+000, 4.4384727E+000, 4.4065633E+000, 4.3751501E+000, 4.3437386E+000, 4.3125595E+000, 4.2819488E+000, 4.2516574E+000, 4.2211648E+000, 3.9303306E+000, 3.6496079E+000, 3.3730035E+000, 3.0955500E+000, 2.8157649E+000, 2.5353918E+000, 2.2536455E+000, 1.9713906E+000, 1.6881003E+000, 1.4055905E+000, 1.1223871E+000, 8.3951692E-001, 5.5658414E-001, 2.7483176E-001, 2.2574601E-003
