s,m/s,kg/m3,kg/m/s,Pa,Pa,Pa,Pa,Pa,Pa,Pa,Pa,Pa,Pa,Pa,Pa,Pa,Pa,Pa,Pa,Pa,Pa,Pa,Pa,Pa,Pa,Pa,Pa,Pa
Time,"UBAR","RHO","MU","P10","P20","P30","P40","P50","P60","P70","P80","P90","P100","P200","P300","P400","P500","P600","P700","P800","P900","P1000","P1100","P1200","P1300","P1400","P1500","P1600"
 0.0000000E+000, 0.0000000E+000, 1.1949074E+000, 8.9782869E-006,-4.7850186E-005,-3.5759002E-005,-5.0729537E-005,-3.6412316E-005,-5.0586939E-005,-3.5108818E-005,-4.9204037E-005,-3.6965823E-005,-4.7332905E-005,-3.5657060E-005,-3.5711207E-005,-3.7100225E-005,-3.5458234E-005,-3.4850511E-005,-3.5311805E-005,-3.5322621E-005,-3.5089416E-005,-3.6328970E-005,-3.6907660E-005,-3.5540944E-005,-3.6553795E-005,-3.5769678E-005,-3.5031115E-005,-3.5008042E-005,-3.6537389E-005
 4.0006374E+002, 3.9943744E+000, 1.1949075E+000, 8.9782869E-006, 6.3555594E+001, 6.2993233E+001, 6.2496759E+001, 6.2058228E+001, 6.1661540E+001, 6.1277950E+001, 6.0893447E+001, 6.0506958E+001, 6.0125778E+001, 5.9746324E+001, 5.5928827E+001, 5.1924635E+001, 4.7939613E+001, 4.3938775E+001, 3.9940832E+001, 3.5940635E+001, 3.1941163E+001, 2.7938303E+001, 2.3933559E+001, 1.9939383E+001, 1.5938011E+001, 1.1941846E+001, 7.9400169E+000, 3.9475807E+000, 1.2493217E-002
 8.0000000E+002, 4.0000008E+000, 1.1949074E+000, 8.9782869E-006, 4.6227507E+001, 4.5783241E+001, 4.5405701E+001, 4.5085247E+001, 4.4808532E+001, 4.4543705E+001, 4.4274023E+001, 4.3998912E+001, 4.3725624E+001, 4.3452492E+001, 4.0755164E+001, 3.7837525E+001, 3.4919599E+001, 3.2005845E+001, 2.9090536E+001, 2.6172633E+001, 2.3261294E+001, 2.0336667E+001, 1.7420442E+001, 1.4511861E+001, 1.1598093E+001, 8.6774190E+000, 5.7649453E+000, 2.8508555E+000, 1.4122660E-002
