s,m/s,kg/m3,kg/m/s,Pa,Pa,Pa,Pa,Pa,Pa,Pa,Pa,Pa,Pa,Pa,Pa,Pa,Pa,Pa,Pa,Pa,Pa,Pa,Pa,Pa,Pa,Pa,Pa,Pa
Time,"UBAR","RHO","MU","P10","P20","P30","P40","P50","P60","P70","P80","P90","P100","P200","P300","P400","P500","P600","P700","P800","P900","P1000","P1100","P1200","P1300","P1400","P1500","P1600"
 0.0000000E+000, 0.0000000E+000, 1.1945618E+000, 8.9782869E-006,-3.1980646E-005,-1.9783966E-005,-3.5010454E-005,-1.9462285E-005,-3.2484053E-005,-2.0653001E-005,-2.9796177E-005,-2.2044639E-005,-2.9446688E-005,-2.1123079E-005,-2.5429483E-005,-2.1924782E-005,-2.2144480E-005,-2.1366862E-005,-1.9715547E-005,-2.1658984E-005,-2.1500285E-005,-2.2948504E-005,-2.4873891E-005,-2.1800868E-005,-2.2499296E-005,-1.8385554E-005,-2.2042814E-005,-1.9480795E-005,-2.1549428E-005
 8.0023956E+002, 1.9989671E+000, 1.1945615E+000, 8.9782869E-006, 1.7893141E+001, 1.7741199E+001, 1.7592659E+001, 1.7448182E+001, 1.7308158E+001, 1.7172381E+001, 1.7041769E+001, 1.6915030E+001, 1.6793233E+001, 1.6674507E+001, 1.5632734E+001, 1.4593059E+001, 1.3499345E+001, 1.2380865E+001, 1.1257898E+001, 1.0130736E+001, 9.0006367E+000, 7.8747655E+000, 6.7428749E+000, 5.6139838E+000, 4.4942020E+000, 3.3683734E+000, 2.2392728E+000, 1.1105296E+000, 7.9545176E-003
 1.6000000E+003, 1.9999994E+000, 1.1945615E+000, 8.9782869E-006, 1.3657960E+001, 1.3535751E+001, 1.3416855E+001, 1.3301939E+001, 1.3191388E+001, 1.3084972E+001, 1.2984023E+001, 1.2886879E+001, 1.2794447E+001, 1.2705080E+001, 1.1964704E+001, 1.1205975E+001, 1.0373665E+001, 9.5084420E+000, 8.6424660E+000, 7.7730211E+000, 6.9055984E+000, 6.0407980E+000, 5.1744261E+000, 4.3082751E+000, 3.4455175E+000, 2.5879326E+000, 1.7196691E+000, 8.4929400E-001, 7.1586212E-003
