s,m/s,kg/m3,kg/m/s,Pa,Pa,Pa,Pa,Pa,Pa,Pa,Pa,Pa,Pa,Pa,Pa,Pa,Pa,Pa,Pa,Pa,Pa,Pa,Pa,Pa,Pa,Pa,Pa,Pa
Time,"UBAR","RHO","MU","P10","P20","P30","P40","P50","P60","P70","P80","P90","P100","P200","P300","P400","P500","P600","P700","P800","P900","P1000","P1100","P1200","P1300","P1400","P1500","P1600"
 0.0000000E+000, 0.0000000E+000, 1.1959878E+000, 8.9854123E-006,-4.7893451E-005,-3.5791335E-005,-5.0775405E-005,-3.6445239E-005,-5.0632677E-005,-3.5140562E-005,-4.9248526E-005,-3.6999246E-005,-4.7375702E-005,-3.5689300E-005,-3.5743496E-005,-3.7133770E-005,-3.5490294E-005,-3.4882022E-005,-3.5343733E-005,-3.5354558E-005,-3.5121143E-005,-3.6361818E-005,-3.6941031E-005,-3.5573079E-005,-3.6586846E-005,-3.5802019E-005,-3.5062789E-005,-3.5039696E-005,-3.6570426E-005
 4.0002001E+002, 3.9943746E+000, 1.1959878E+000, 8.9854123E-006, 6.3611133E+001, 6.3048263E+001, 6.2551485E+001, 6.2113456E+001, 6.1716742E+001, 6.1333708E+001, 6.0949135E+001, 6.0562387E+001, 6.0176138E+001, 5.9792505E+001, 5.5981394E+001, 5.1979225E+001, 4.7979137E+001, 4.3978410E+001, 3.9969389E+001, 3.5968242E+001, 3.1960255E+001, 2.7954756E+001, 2.3952672E+001, 1.9945405E+001, 1.5946732E+001, 1.1953279E+001, 7.9498394E+000, 3.9496019E+000, 1.2319010E-002
 8.0000000E+002, 4.0000010E+000, 1.1959877E+000, 8.9854123E-006, 4.6228395E+001, 4.5783815E+001, 4.5405088E+001, 4.5087098E+001, 4.4810794E+001, 4.4544237E+001, 4.4272032E+001, 4.3995861E+001, 4.3720543E+001, 4.3448606E+001, 4.0755890E+001, 3.7842859E+001, 3.4919141E+001, 3.2012277E+001, 2.9094813E+001, 2.6175331E+001, 2.3261645E+001, 2.0343745E+001, 1.7429400E+001, 1.4514532E+001, 1.1599922E+001, 8.6910189E+000, 5.7729934E+000, 2.8579524E+000, 1.4189817E-002
