s,m/s,kg/m3,kg/m/s,Pa,Pa,Pa,Pa,Pa,Pa,Pa,Pa,Pa,Pa,Pa,Pa,Pa,Pa,Pa,Pa,Pa,Pa,Pa,Pa,Pa,Pa,Pa,Pa,Pa
Time,"UBAR","RHO","MU","P10","P20","P30","P40","P50","P60","P70","P80","P90","P100","P200","P300","P400","P500","P600","P700","P800","P900","P1000","P1100","P1200","P1300","P1400","P1500","P1600"
 0.0000000E+000, 0.0000000E+000, 1.1945617E+000, 8.9782859E-006,-3.3375424E-005,-2.3231335E-005,-3.4885432E-005,-2.5331037E-005,-3.5519103E-005,-2.2812698E-005,-3.5684018E-005,-2.2323233E-005,-3.1565716E-005,-2.2408432E-005,-2.5159961E-005,-2.2671613E-005,-2.3036432E-005,-2.4332476E-005,-2.4554835E-005,-2.5003832E-005,-2.4106676E-005,-2.4360431E-005,-2.4496306E-005,-2.2830640E-005,-2.6128964E-005,-2.3828421E-005,-2.1789007E-005,-2.6182614E-005,-2.4450785E-005
 1.6003077E+002, 9.9624275E+000, 1.1945588E+000, 8.9782859E-006, 2.1000936E+002, 2.0853466E+002, 2.0711122E+002, 2.0571030E+002, 2.0432610E+002, 2.0293902E+002, 2.0156974E+002, 2.0020090E+002, 1.9884132E+002, 1.9748509E+002, 1.8415677E+002, 1.7101216E+002, 1.5784919E+002, 1.4471317E+002, 1.3155595E+002, 1.1837764E+002, 1.0521377E+002, 9.2020324E+001, 7.8868051E+001, 6.5717627E+001, 5.2530738E+001, 3.9339842E+001, 2.6202581E+001, 1.3008007E+001, 2.8402564E-002
 3.2000000E+002, 1.0000520E+001, 1.1945046E+000, 8.9786086E-006, 9.2237565E+001, 9.1488368E+001, 9.0806408E+001, 9.0145093E+001, 8.9515339E+001, 8.8872174E+001, 8.8229038E+001, 8.7593409E+001, 8.6981036E+001, 8.6371782E+001, 8.0448531E+001, 7.4698016E+001, 6.8994353E+001, 6.3240815E+001, 5.7499451E+001, 5.1746388E+001, 4.5974203E+001, 4.0219430E+001, 3.4446250E+001, 2.8660364E+001, 2.2901780E+001, 1.7105468E+001, 1.1354806E+001, 5.6035573E+000, 1.7567538E-002
