s,m/s,kg/m3,kg/m/s,Pa,Pa,Pa,Pa,Pa,Pa,Pa,Pa,Pa,Pa,Pa,Pa,Pa,Pa,Pa,Pa,Pa,Pa,Pa,Pa,Pa,Pa,Pa,Pa,Pa
Time,"UBAR","RHO","MU","P10","P20","P30","P40","P50","P60","P70","P80","P90","P100","P200","P300","P400","P500","P600","P700","P800","P900","P1000","P1100","P1200","P1300","P1400","P1500","P1600"
 0.0000000E+000, 0.0000000E+000, 1.1945618E+000, 8.9782869E-006,-3.1980646E-005,-1.9783966E-005,-3.5010454E-005,-1.9462285E-005,-3.2484053E-005,-2.0653001E-005,-2.9796177E-005,-2.2044639E-005,-2.9446688E-005,-2.1123079E-005,-2.5429483E-005,-2.1924782E-005,-2.2144480E-005,-2.1366862E-005,-1.9715547E-005,-2.1658984E-005,-2.1500285E-005,-2.2948504E-005,-2.4873891E-005,-2.1800868E-005,-2.2499296E-005,-1.8385554E-005,-2.2042814E-005,-1.9480795E-005,-2.1549428E-005
 1.6005041E+002, 9.9648620E+000, 1.1945619E+000, 8.9782869E-006, 2.0495791E+002, 2.0358440E+002, 2.0223691E+002, 2.0089053E+002, 1.9954589E+002, 1.9820449E+002, 1.9687365E+002, 1.9554622E+002, 1.9421393E+002, 1.9288375E+002, 1.7979451E+002, 1.6688250E+002, 1.5406987E+002, 1.4122125E+002, 1.2840887E+002, 1.1558163E+002, 1.0273425E+002, 8.9896987E+001, 7.7070233E+001, 6.4208232E+001, 5.1359493E+001, 3.8498235E+001, 2.5626437E+001, 1.2774137E+001, 2.7479659E-002
 3.2000000E+002, 1.0000001E+001, 1.1945614E+000, 8.9782869E-006, 8.7924857E+001, 8.7291513E+001, 8.6676444E+001, 8.6063217E+001, 8.5466165E+001, 8.4872446E+001, 8.4279824E+001, 8.3685460E+001, 8.3099169E+001, 8.2522298E+001, 7.6839313E+001, 7.1290062E+001, 6.5806683E+001, 6.0346208E+001, 5.4868242E+001, 4.9377325E+001, 4.3899067E+001, 3.8386480E+001, 3.2884419E+001, 2.7379980E+001, 2.1881647E+001, 1.6391241E+001, 1.0895049E+001, 5.4084716E+000, 4.5647279E-002
