s,m/s,kg/m3,kg/m/s,Pa,Pa,Pa,Pa,Pa,Pa,Pa,Pa,Pa,Pa,Pa,Pa,Pa,Pa,Pa,Pa,Pa,Pa,Pa,Pa,Pa,Pa,Pa,Pa,Pa
Time,UBAR,RHO,MU,P10,P20,P30,P40,P50,P60,P70,P80,P90,P100,P200,P300,P400,P500,P600,P700,P800,P900,P1000,P1100,P1200,P1300,P1400,P1500,P1600
 0.0000000E+000, 0.0000000E+000, 1.1945617E+000, 1.7956572E-005,-3.1980641E-005,-1.9783964E-005,-3.5010449E-005,-1.9462283E-005,-3.2484048E-005,-2.0652998E-005,-2.9796173E-005,-2.2044636E-005,-2.9446684E-005,-2.1123076E-005,-2.5429480E-005,-2.1924779E-005,-2.2144476E-005,-2.1366859E-005,-1.9715544E-005,-2.1658980E-005,-2.1500281E-005,-2.2948500E-005,-2.4873888E-005,-2.1800864E-005,-2.2499294E-005,-1.8385552E-005,-2.2042811E-005,-1.9480792E-005,-2.1549424E-005
 8.0014268E+002, 1.9989721E+000, 1.1945614E+000, 1.7956572E-005, 1.7978280E+001, 1.7826203E+001, 1.7677863E+001, 1.7532683E+001, 1.7392111E+001, 1.7255442E+001, 1.7125507E+001, 1.6998936E+001, 1.6878539E+001, 1.6760020E+001, 1.5689363E+001, 1.4603044E+001, 1.3490565E+001, 1.2368598E+001, 1.1243325E+001, 1.0119337E+001, 8.9979732E+000, 7.8742843E+000, 6.7477793E+000, 5.6202035E+000, 4.4937041E+000, 3.3685155E+000, 2.2417149E+000, 1.1126335E+000, 9.2338851E-003
 1.6000000E+003, 1.9999995E+000, 1.1945617E+000, 1.7956572E-005, 1.3744323E+001, 1.3621960E+001, 1.3503944E+001, 1.3388700E+001, 1.3277639E+001, 1.3168843E+001, 1.3067672E+001, 1.2970342E+001, 1.2877894E+001, 1.2787693E+001, 1.2012938E+001, 1.1190495E+001, 1.0337711E+001, 9.4730594E+000, 8.6133997E+000, 7.7518606E+000, 6.8871363E+000, 6.0273490E+000, 5.1650109E+000, 4.3001552E+000, 3.4399627E+000, 2.5781572E+000, 1.7136377E+000, 8.4730642E-001, 7.7449063E-003
