s,m/s,kg/m3,kg/m/s,Pa,Pa,Pa,Pa,Pa,Pa,Pa,Pa,Pa,Pa,Pa,Pa,Pa,Pa,Pa,Pa,Pa,Pa,Pa,Pa,Pa,Pa,Pa,Pa,Pa
Time,"UBAR","RHO","MU","P10","P20","P30","P40","P50","P60","P70","P80","P90","P100","P200","P300","P400","P500","P600","P700","P800","P900","P1000","P1100","P1200","P1300","P1400","P1500","P1600"
 0.0000000E+000, 0.0000000E+000, 1.1945617E+000, 1.7956572E-005,-3.3375424E-005,-2.3231336E-005,-3.4885432E-005,-2.5331037E-005,-3.5519103E-005,-2.2812697E-005,-3.5684018E-005,-2.2323234E-005,-3.1565716E-005,-2.2408432E-005,-2.5159961E-005,-2.2671613E-005,-2.3036432E-005,-2.4332475E-005,-2.4554835E-005,-2.5003832E-005,-2.4106677E-005,-2.4360431E-005,-2.4496306E-005,-2.2830640E-005,-2.6128965E-005,-2.3828421E-005,-2.1789007E-005,-2.6182614E-005,-2.4450785E-005
 1.6003905E+002, 9.9630859E+000, 1.1945500E+000, 1.7956572E-005, 4.4604005E+002, 4.4142832E+002, 4.3718992E+002, 4.3346720E+002, 4.3022635E+002, 4.2747008E+002, 4.2503852E+002, 4.2269364E+002, 4.2030555E+002, 4.1778734E+002, 3.9088260E+002, 3.6321496E+002, 3.3528443E+002, 3.0736239E+002, 2.7931572E+002, 2.5132917E+002, 2.2336140E+002, 1.9539152E+002, 1.6744093E+002, 1.3960528E+002, 1.1167003E+002, 8.3600583E+001, 5.5663389E+001, 2.7611234E+001, 9.1668394E-002
 3.2000000E+002, 1.0000661E+001, 1.1945130E+000, 1.7956572E-005, 3.3574396E+002, 3.3184587E+002, 3.2832076E+002, 3.2529461E+002, 3.2277407E+002, 3.2069524E+002, 3.1900653E+002, 3.1742663E+002, 3.1583602E+002, 3.1413234E+002, 2.9460546E+002, 2.7394764E+002, 2.5290394E+002, 2.3170375E+002, 2.1064627E+002, 1.8954345E+002, 1.6848143E+002, 1.4744697E+002, 1.2633931E+002, 1.0522040E+002, 8.4164209E+001, 6.3058635E+001, 4.1934904E+001, 2.0767091E+001, 8.4871026E-002
