s,m/s,kg/m3,kg/m/s,Pa,Pa,Pa,Pa,Pa,Pa,Pa,Pa,Pa,Pa,Pa,Pa,Pa,Pa,Pa,Pa,Pa,Pa,Pa,Pa,Pa,Pa,Pa,Pa,Pa
Time,"UBAR","RHO","MU","P10","P20","P30","P40","P50","P60","P70","P80","P90","P100","P200","P300","P400","P500","P600","P700","P800","P900","P1000","P1100","P1200","P1300","P1400","P1500","P1600"
 0.0000000E+000, 0.0000000E+000, 1.1945618E+000, 8.9782869E-006,-3.1980646E-005,-1.9783966E-005,-3.5010454E-005,-1.9462285E-005,-3.2484053E-005,-2.0653001E-005,-2.9796177E-005,-2.2044639E-005,-2.9446688E-005,-2.1123079E-005,-2.5429483E-005,-2.1924782E-005,-2.2144480E-005,-2.1366862E-005,-1.9715547E-005,-2.1658984E-005,-2.1500285E-005,-2.2948504E-005,-2.4873891E-005,-2.1800868E-005,-2.2499296E-005,-1.8385554E-005,-2.2042814E-005,-1.9480795E-005,-2.1549428E-005
 1.6010545E+002, 9.9647531E+000, 1.1945615E+000, 8.9782869E-006, 4.6187560E+002, 4.5810361E+002, 4.5440856E+002, 4.5080522E+002, 4.4731712E+002, 4.4396714E+002, 4.4072794E+002, 4.3761331E+002, 4.3457466E+002, 4.3163250E+002, 4.0423459E+002, 3.7597058E+002, 3.4720723E+002, 3.1834468E+002, 2.8937794E+002, 2.6041210E+002, 2.3154636E+002, 2.0270240E+002, 1.7384461E+002, 1.4493534E+002, 1.1594777E+002, 8.7014075E+001, 5.7923341E+001, 2.8745716E+001, 2.2398230E-001
 3.2000000E+002, 9.9999991E+000, 1.1945619E+000, 8.9782869E-006, 3.5960135E+002, 3.5655546E+002, 3.5358863E+002, 3.5073100E+002, 3.4796468E+002, 3.4534700E+002, 3.4282102E+002, 3.4041904E+002, 3.3813684E+002, 3.3594233E+002, 3.1514915E+002, 2.9323452E+002, 2.7081359E+002, 2.4825546E+002, 2.2561173E+002, 2.0302534E+002, 1.8049511E+002, 1.5787645E+002, 1.3519158E+002, 1.1254201E+002, 8.9874375E+001, 6.7318389E+001, 4.4684151E+001, 2.2108503E+001, 2.0232752E-001
