s,m/s,kg/m3,kg/m/s,Pa,Pa,Pa,Pa,Pa,Pa,Pa,Pa,Pa,Pa,Pa,Pa,Pa,Pa,Pa,Pa,Pa,Pa,Pa,Pa,Pa,Pa,Pa,Pa,Pa
Time,"UBAR","RHO","MU","P10","P20","P30","P40","P50","P60","P70","P80","P90","P100","P200","P300","P400","P500","P600","P700","P800","P900","P1000","P1100","P1200","P1300","P1400","P1500","P1600"
 0.0000000E+000, 0.0000000E+000, 1.1945618E+000, 8.9782869E-006,-3.1980646E-005,-1.9783966E-005,-3.5010454E-005,-1.9462285E-005,-3.2484053E-005,-2.0653001E-005,-2.9796177E-005,-2.2044639E-005,-2.9446688E-005,-2.1123079E-005,-2.5429483E-005,-2.1924782E-005,-2.2144480E-005,-2.1366862E-005,-1.9715547E-005,-2.1658984E-005,-2.1500285E-005,-2.2948504E-005,-2.4873891E-005,-2.1800868E-005,-2.2499296E-005,-1.8385554E-005,-2.2042814E-005,-1.9480795E-005,-2.1549428E-005
 8.0033657E+002, 1.9989722E+000, 1.1945621E+000, 8.9782869E-006, 1.7962640E+001, 1.7810819E+001, 1.7662318E+001, 1.7518085E+001, 1.7377645E+001, 1.7242846E+001, 1.7112281E+001, 1.6985776E+001, 1.6863975E+001, 1.6745617E+001, 1.5706183E+001, 1.4666925E+001, 1.3566574E+001, 1.2439121E+001, 1.1306224E+001, 1.0171982E+001, 9.0392529E+000, 7.9085002E+000, 6.7764647E+000, 5.6474794E+000, 4.5172668E+000, 3.3900987E+000, 2.2559290E+000, 1.1231560E+000, 8.0832487E-003
 1.6000000E+003, 1.9999992E+000, 1.1945616E+000, 8.9782869E-006, 1.3722363E+001, 1.3600250E+001, 1.3481369E+001, 1.3366791E+001, 1.3256287E+001, 1.3150532E+001, 1.3049176E+001, 1.2952441E+001, 1.2860426E+001, 1.2772508E+001, 1.2031911E+001, 1.1255712E+001, 1.0414006E+001, 9.5553188E+000, 8.6839148E+000, 7.8159029E+000, 6.9506802E+000, 6.0791766E+000, 5.2054443E+000, 4.3337638E+000, 3.4681787E+000, 2.5994676E+000, 1.7291412E+000, 8.5931386E-001, 7.5836832E-003
