s,m/s,kg/m3,kg/m/s,Pa,Pa,Pa,Pa,Pa,Pa,Pa,Pa,Pa,Pa,Pa,Pa,Pa,Pa,Pa,Pa,Pa,Pa,Pa,Pa,Pa,Pa,Pa,Pa,Pa
Time,"UBAR","RHO","MU","P10","P20","P30","P40","P50","P60","P70","P80","P90","P100","P200","P300","P400","P500","P600","P700","P800","P900","P1000","P1100","P1200","P1300","P1400","P1500","P1600"
 0.0000000E+000, 0.0000000E+000, 1.1945617E+000, 8.9782859E-006,-3.3375424E-005,-2.3231335E-005,-3.4885432E-005,-2.5331037E-005,-3.5519103E-005,-2.2812698E-005,-3.5684018E-005,-2.2323233E-005,-3.1565716E-005,-2.2408432E-005,-2.5159961E-005,-2.2671613E-005,-2.3036432E-005,-2.4332476E-005,-2.4554835E-005,-2.5003832E-005,-2.4106676E-005,-2.4360431E-005,-2.4496306E-005,-2.2830640E-005,-2.6128964E-005,-2.3828421E-005,-2.1789007E-005,-2.6182614E-005,-2.4450785E-005
 1.6001798E+002, 9.9628969E+000, 1.1945615E+000, 8.9782859E-006, 4.4537508E+002, 4.4076050E+002, 4.3652075E+002, 4.3278813E+002, 4.2958158E+002, 4.2679232E+002, 4.2435771E+002, 4.2200025E+002, 4.1962934E+002, 4.1711954E+002, 3.9033409E+002, 3.6280627E+002, 3.3492781E+002, 3.0692875E+002, 2.7897917E+002, 2.5099118E+002, 2.2305127E+002, 1.9508293E+002, 1.6720379E+002, 1.3929837E+002, 1.1132651E+002, 8.3319886E+001, 5.5471253E+001, 2.7553375E+001, 9.2813751E-002
 3.2000000E+002, 1.0000325E+001, 1.1944692E+000, 8.9782859E-006, 3.3580612E+002, 3.3191608E+002, 3.2838770E+002, 3.2536521E+002, 3.2283527E+002, 3.2073719E+002, 3.1905304E+002, 3.1750490E+002, 3.1592135E+002, 3.1424379E+002, 2.9474550E+002, 2.7416391E+002, 2.5302062E+002, 2.3178974E+002, 2.1063774E+002, 1.8957818E+002, 1.6839212E+002, 1.4728467E+002, 1.2614410E+002, 1.0506373E+002, 8.4008444E+001, 6.2919719E+001, 4.1821547E+001, 2.0700919E+001, 8.3479809E-002
