s,m/s,kg/m3,kg/m/s,Pa,Pa,Pa,Pa,Pa,Pa,Pa,Pa,Pa,Pa,Pa,Pa,Pa,Pa,Pa,Pa,Pa,Pa,Pa,Pa,Pa,Pa,Pa,Pa,Pa
Time,"UBAR","RHO","MU","P10","P20","P30","P40","P50","P60","P70","P80","P90","P100","P200","P300","P400","P500","P600","P700","P800","P900","P1000","P1100","P1200","P1300","P1400","P1500","P1600"
 0.0000000E+000, 0.0000000E+000, 1.1945617E+000, 8.9782859E-006,-3.1980641E-005,-1.9783964E-005,-3.5010449E-005,-1.9462283E-005,-3.2484049E-005,-2.0652998E-005,-2.9796173E-005,-2.2044636E-005,-2.9446684E-005,-2.1123076E-005,-2.5429480E-005,-2.1924779E-005,-2.2144477E-005,-2.1366859E-005,-1.9715544E-005,-2.1658981E-005,-2.1500282E-005,-2.2948501E-005,-2.4873888E-005,-2.1800865E-005,-2.2499293E-005,-1.8385552E-005,-2.2042811E-005,-1.9480792E-005,-2.1549425E-005
 8.0029613E+002, 1.9989671E+000, 1.1945613E+000, 8.9782859E-006, 9.4747591E+000, 9.4049724E+000, 9.3413642E+000, 9.2728385E+000, 9.2113818E+000, 9.1459661E+000, 9.0847347E+000, 9.0203402E+000, 8.9604075E+000, 8.8961225E+000, 8.2923870E+000, 7.6973382E+000, 7.1062798E+000, 6.5123893E+000, 5.9216481E+000, 5.3295245E+000, 4.7368924E+000, 4.1451066E+000, 3.5531834E+000, 2.9606812E+000, 2.3680929E+000, 1.7762138E+000, 1.1824633E+000, 5.8848444E-001, 4.4819966E-003
 1.6000000E+003, 1.9999994E+000, 1.1945615E+000, 8.9782859E-006, 4.7497118E+000, 4.7052116E+000, 4.6687777E+000, 4.6290674E+000, 4.5992507E+000, 4.5649793E+000, 4.5349125E+000, 4.5013251E+000, 4.4710167E+000, 4.4379534E+000, 4.1320933E+000, 3.8333420E+000, 3.5383632E+000, 3.2421253E+000, 2.9457172E+000, 2.6488839E+000, 2.3548109E+000, 2.0602801E+000, 1.7652513E+000, 1.4699076E+000, 1.1749455E+000, 8.7964447E-001, 5.8319508E-001, 2.8887532E-001, 2.5623270E-003
