s,m/s,kg/m3,kg/m/s,Pa,Pa,Pa,Pa,Pa,Pa,Pa,Pa,Pa,Pa,Pa,Pa,Pa,Pa,Pa,Pa,Pa,Pa,Pa,Pa,Pa,Pa,Pa,Pa,Pa
Time,"UBAR","RHO","MU","P10","P20","P30","P40","P50","P60","P70","P80","P90","P100","P200","P300","P400","P500","P600","P700","P800","P900","P1000","P1100","P1200","P1300","P1400","P1500","P1600"
 0.0000000E+000, 0.0000000E+000, 1.1945617E+000, 1.7956572E-005,-3.3375424E-005,-2.3231335E-005,-3.4885432E-005,-2.5331037E-005,-3.5519103E-005,-2.2812698E-005,-3.5684018E-005,-2.2323233E-005,-3.1565716E-005,-2.2408432E-005,-2.5159961E-005,-2.2671613E-005,-2.3036432E-005,-2.4332476E-005,-2.4554835E-005,-2.5003832E-005,-2.4106676E-005,-2.4360431E-005,-2.4496306E-005,-2.2830640E-005,-2.6128964E-005,-2.3828421E-005,-2.1789007E-005,-2.6182614E-005,-2.4450785E-005
 8.0002834E+002, 1.9986884E+000, 1.1945546E+000, 1.7956572E-005,-2.4040652E+000,-2.4296426E+000,-2.4609451E+000,-2.4895006E+000,-2.5122891E+000,-2.5256312E+000,-2.5292613E+000,-2.5277775E+000,-2.5261943E+000,-2.5254883E+000,-2.5121387E+000,-2.5072510E+000,-2.5078634E+000,-2.5068086E+000,-2.5071591E+000,-2.5071535E+000,-2.5052212E+000,-2.5075730E+000,-2.5080713E+000,-2.5065241E+000,-2.5059230E+000,-2.5074077E+000,-2.5056637E+000,-2.5065977E+000,-2.4861199E+000
 1.6000000E+003, 2.0000115E+000, 1.1945396E+000, 1.7956572E-005,-2.4076576E+000,-2.4341042E+000,-2.4666577E+000,-2.4979864E+000,-2.5212371E+000,-2.5335483E+000,-2.5359591E+000,-2.5358843E+000,-2.5297135E+000,-2.5274271E+000,-2.5151362E+000,-2.5088102E+000,-2.5091774E+000,-2.5083202E+000,-2.5094432E+000,-2.5095689E+000,-2.5086862E+000,-2.5092526E+000,-2.5114643E+000,-2.5080990E+000,-2.5086271E+000,-2.5092525E+000,-2.5083523E+000,-2.5100516E+000,-2.4872275E+000
