s,m/s,kg/m3,kg/m/s,Pa,Pa,Pa,Pa,Pa,Pa,Pa,Pa,Pa,Pa,Pa,Pa,Pa,Pa,Pa,Pa,Pa,Pa,Pa,Pa,Pa,Pa,Pa,Pa,Pa
Time,"UBAR","RHO","MU","P10","P20","P30","P40","P50","P60","P70","P80","P90","P100","P200","P300","P400","P500","P600","P700","P800","P900","P1000","P1100","P1200","P1300","P1400","P1500","P1600"
 0.0000000E+000, 0.0000000E+000, 1.1945617E+000, 8.9782859E-006,-3.1980641E-005,-1.9783964E-005,-3.5010449E-005,-1.9462283E-005,-3.2484049E-005,-2.0652998E-005,-2.9796173E-005,-2.2044636E-005,-2.9446684E-005,-2.1123076E-005,-2.5429480E-005,-2.1924779E-005,-2.2144477E-005,-2.1366859E-005,-1.9715544E-005,-2.1658981E-005,-2.1500282E-005,-2.2948501E-005,-2.4873888E-005,-2.1800865E-005,-2.2499293E-005,-1.8385552E-005,-2.2042811E-005,-1.9480792E-005,-2.1549425E-005
 8.0003426E+002, 1.9989665E+000, 1.1945612E+000, 8.9782859E-006, 1.8778336E+001, 1.8626122E+001, 1.8477376E+001, 1.8330989E+001, 1.8190360E+001, 1.8053401E+001, 1.7922681E+001, 1.7794615E+001, 1.7673401E+001, 1.7553045E+001, 1.6437986E+001, 1.5293158E+001, 1.4123768E+001, 1.2951251E+001, 1.1770751E+001, 1.0594059E+001, 9.4184035E+000, 8.2405529E+000, 7.0601189E+000, 5.8785084E+000, 4.6976637E+000, 3.5200717E+000, 2.3416743E+000, 1.1649976E+000, 9.6743728E-003
 1.6000000E+003, 2.0000002E+000, 1.1945618E+000, 8.9782859E-006, 1.4609053E+001, 1.4486580E+001, 1.4367731E+001, 1.4251273E+001, 1.4140548E+001, 1.4033261E+001, 1.3932665E+001, 1.3834267E+001, 1.3742260E+001, 1.3650882E+001, 1.2814838E+001, 1.1932371E+001, 1.1021798E+001, 1.0105319E+001, 9.1874103E+000, 8.2663235E+000, 7.3457607E+000, 6.4279789E+000, 5.5056248E+000, 4.5846739E+000, 3.6647651E+000, 2.7462652E+000, 1.8252054E+000, 9.0683541E-001, 8.0014464E-003
