s,m/s,kg/m3,kg/m/s,Pa,Pa,Pa,Pa,Pa,Pa,Pa,Pa,Pa,Pa,Pa,Pa,Pa,Pa,Pa,Pa,Pa,Pa,Pa,Pa,Pa,Pa,Pa,Pa,Pa
Time,"UBAR","RHO","MU","P10","P20","P30","P40","P50","P60","P70","P80","P90","P100","P200","P300","P400","P500","P600","P700","P800","P900","P1000","P1100","P1200","P1300","P1400","P1500","P1600"
 0.0000000E+000, 0.0000000E+000, 1.1945618E+000, 8.9782869E-006,-3.1980646E-005,-1.9783966E-005,-3.5010454E-005,-1.9462285E-005,-3.2484053E-005,-2.0653001E-005,-2.9796177E-005,-2.2044639E-005,-2.9446688E-005,-2.1123079E-005,-2.5429483E-005,-2.1924782E-005,-2.2144480E-005,-2.1366862E-005,-1.9715547E-005,-2.1658984E-005,-2.1500285E-005,-2.2948504E-005,-2.4873891E-005,-2.1800868E-005,-2.2499296E-005,-1.8385554E-005,-2.2042814E-005,-1.9480795E-005,-2.1549428E-005
 8.0016006E+002, 1.9989666E+000, 1.1945614E+000, 8.9782869E-006, 1.8730148E+001, 1.8577791E+001, 1.8429167E+001, 1.8283366E+001, 1.8143078E+001, 1.8005937E+001, 1.7875217E+001, 1.7747127E+001, 1.7626115E+001, 1.7506133E+001, 1.6395080E+001, 1.5253874E+001, 1.4090066E+001, 1.2918853E+001, 1.1738512E+001, 1.0561747E+001, 9.3895160E+000, 8.2172766E+000, 7.0399738E+000, 5.8623146E+000, 4.6836632E+000, 3.5095178E+000, 2.3353366E+000, 1.1594093E+000, 9.7362970E-003
 1.6000000E+003, 2.0000005E+000, 1.1945617E+000, 8.9782869E-006, 1.4637817E+001, 1.4515322E+001, 1.4396409E+001, 1.4279980E+001, 1.4169461E+001, 1.4062242E+001, 1.3960972E+001, 1.3861276E+001, 1.3769174E+001, 1.3678835E+001, 1.2840108E+001, 1.1953005E+001, 1.1041194E+001, 1.0120946E+001, 9.2013742E+000, 8.2825688E+000, 7.3588426E+000, 6.4385731E+000, 5.5104014E+000, 4.5921328E+000, 3.6737061E+000, 2.7503680E+000, 1.8287318E+000, 9.0605607E-001, 8.2221451E-003
