s,m/s,kg/m3,kg/m/s,Pa,Pa,Pa,Pa,Pa,Pa,Pa,Pa,Pa,Pa,Pa,Pa,Pa,Pa,Pa,Pa,Pa,Pa,Pa,Pa,Pa,Pa,Pa,Pa,Pa
Time,UBAR,RHO,MU,P10,P20,P30,P40,P50,P60,P70,P80,P90,P100,P200,P300,P400,P500,P600,P700,P800,P900,P1000,P1100,P1200,P1300,P1400,P1500,P1600
 0.0000000E+000, 0.0000000E+000, 1.1949073E+000, 1.7956572E-005,-4.6657933E-005,-3.2366033E-005,-5.0696482E-005,-3.5940530E-005,-4.8807819E-005,-3.3863808E-005,-4.7656482E-005,-3.4443301E-005,-4.5879634E-005,-3.3035130E-005,-3.6022656E-005,-3.3374757E-005,-3.1637355E-005,-3.0871273E-005,-3.5569895E-005,-3.3514635E-005,-3.2244069E-005,-3.6258603E-005,-3.5078847E-005,-3.5003637E-005,-3.5989401E-005,-3.4824006E-005,-3.1783788E-005,-3.4180295E-005,-3.2240689E-005
 4.0017224E+002, 3.9954917E+000, 1.1949072E+000, 1.7956572E-005, 5.9417391E+001, 5.8908922E+001, 5.8417135E+001, 5.7943364E+001, 5.7488634E+001, 5.7052852E+001, 5.6633597E+001, 5.6230576E+001, 5.5840321E+001, 5.5456585E+001, 5.1851778E+001, 4.8227673E+001, 4.4515547E+001, 4.0790789E+001, 3.7080181E+001, 3.3374085E+001, 2.9661807E+001, 2.5945803E+001, 2.2249188E+001, 1.8518820E+001, 1.4787173E+001, 1.1076335E+001, 7.3701214E+000, 3.6671430E+000, 2.6029676E-002
 8.0000000E+002, 4.0000008E+000, 1.1949072E+000, 1.7956572E-005, 4.1586880E+001, 4.1196671E+001, 4.0823854E+001, 4.0468441E+001, 4.0132676E+001, 3.9813593E+001, 3.9513585E+001, 3.9225426E+001, 3.8952881E+001, 3.8692494E+001, 3.6258536E+001, 3.3755168E+001, 3.1161730E+001, 2.8551518E+001, 2.5954894E+001, 2.3356489E+001, 2.0750838E+001, 1.8137635E+001, 1.5535287E+001, 1.2928119E+001, 1.0325596E+001, 7.7311765E+000, 5.1413191E+000, 2.5437439E+000, 2.3704590E-002
