s,m/s,kg/m3,kg/m/s,Pa,Pa,Pa,Pa,Pa,Pa,Pa,Pa,Pa,Pa,Pa,Pa,Pa,Pa,Pa,Pa,Pa,Pa,Pa,Pa,Pa,Pa,Pa,Pa,Pa
Time,"UBAR","RHO","MU","P10","P20","P30","P40","P50","P60","P70","P80","P90","P100","P200","P300","P400","P500","P600","P700","P800","P900","P1000","P1100","P1200","P1300","P1400","P1500","P1600"
 0.0000000E+000, 0.0000000E+000, 1.1945617E+000, 1.7956572E-005,-3.1980641E-005,-1.9783964E-005,-3.5010449E-005,-1.9462283E-005,-3.2484048E-005,-2.0652998E-005,-2.9796173E-005,-2.2044636E-005,-2.9446684E-005,-2.1123076E-005,-2.5429480E-005,-2.1924779E-005,-2.2144476E-005,-2.1366859E-005,-1.9715544E-005,-2.1658980E-005,-2.1500281E-005,-2.2948500E-005,-2.4873888E-005,-2.1800864E-005,-2.2499294E-005,-1.8385552E-005,-2.2042811E-005,-1.9480792E-005,-2.1549424E-005
 8.0044231E+002, 1.9989777E+000, 1.1945618E+000, 1.7956572E-005, 1.8106853E+001, 1.7954611E+001, 1.7806158E+001, 1.7660773E+001, 1.7520647E+001, 1.7384059E+001, 1.7253510E+001, 1.7125419E+001, 1.7004512E+001, 1.6886720E+001, 1.5799795E+001, 1.4698443E+001, 1.3571845E+001, 1.2439483E+001, 1.1306491E+001, 1.0173171E+001, 9.0398132E+000, 7.9093538E+000, 6.7749876E+000, 5.6401498E+000, 4.5071467E+000, 3.3823643E+000, 2.2488377E+000, 1.1138548E+000, 9.2267108E-003
 1.6000000E+003, 2.0000003E+000, 1.1945619E+000, 1.7956572E-005, 1.3886248E+001, 1.3763526E+001, 1.3645225E+001, 1.3528936E+001, 1.3417870E+001, 1.3309907E+001, 1.3209054E+001, 1.3111796E+001, 1.3021766E+001, 1.2932569E+001, 1.2131389E+001, 1.1288867E+001, 1.0424613E+001, 9.5556082E+000, 8.6861907E+000, 7.8173974E+000, 6.9458241E+000, 6.0757164E+000, 5.2023300E+000, 4.3285142E+000, 3.4592942E+000, 2.5928027E+000, 1.7199148E+000, 8.5175888E-001, 7.6699836E-003
