s,m/s,kg/m3,kg/m/s,Pa,Pa,Pa,Pa,Pa,Pa,Pa,Pa,Pa,Pa,Pa,Pa,Pa,Pa,Pa,Pa,Pa,Pa,Pa,Pa,Pa,Pa,Pa,Pa,Pa
Time,"UBAR","RHO","MU","P10","P20","P30","P40","P50","P60","P70","P80","P90","P100","P200","P300","P400","P500","P600","P700","P800","P900","P1000","P1100","P1200","P1300","P1400","P1500","P1600"
 0.0000000E+000, 0.0000000E+000, 1.1945617E+000, 1.7956572E-005,-3.1980641E-005,-1.9783964E-005,-3.5010449E-005,-1.9462283E-005,-3.2484049E-005,-2.0652998E-005,-2.9796173E-005,-2.2044636E-005,-2.9446684E-005,-2.1123076E-005,-2.5429480E-005,-2.1924779E-005,-2.2144477E-005,-2.1366859E-005,-1.9715544E-005,-2.1658981E-005,-2.1500282E-005,-2.2948501E-005,-2.4873888E-005,-2.1800865E-005,-2.2499293E-005,-1.8385552E-005,-2.2042811E-005,-1.9480792E-005,-2.1549425E-005
 8.0057976E+002, 1.9989733E+000, 1.1945617E+000, 1.7956572E-005, 9.4630970E+000, 9.3910149E+000, 9.3260641E+000, 9.2574417E+000, 9.1960129E+000, 9.1304938E+000, 9.0704795E+000, 9.0068117E+000, 8.9470314E+000, 8.8839339E+000, 8.2797562E+000, 7.6843553E+000, 7.0928495E+000, 6.4986333E+000, 5.9077540E+000, 5.3150144E+000, 4.7242555E+000, 4.1322512E+000, 3.5403565E+000, 2.9497390E+000, 2.3581232E+000, 1.7690825E+000, 1.1780299E+000, 5.8508662E-001, 4.4857723E-003
 1.6000000E+003, 2.0000196E+000, 1.1945620E+000, 1.7956572E-005, 4.7738027E+000, 4.7281972E+000, 4.6934647E+000, 4.6528206E+000, 4.6217376E+000, 4.5859886E+000, 4.5540746E+000, 4.5201335E+000, 4.4891712E+000, 4.4544271E+000, 4.1469637E+000, 3.8471532E+000, 3.5478858E+000, 3.2510039E+000, 2.9549304E+000, 2.6579868E+000, 2.3608299E+000, 2.0633278E+000, 1.7672232E+000, 1.4692024E+000, 1.1754137E+000, 8.7952180E-001, 5.8333298E-001, 2.8756176E-001, 2.5690006E-003
