s,m/s,kg/m3,kg/m/s,Pa,Pa,Pa,Pa,Pa,Pa,Pa,Pa,Pa,Pa,Pa,Pa,Pa,Pa,Pa,Pa,Pa,Pa,Pa,Pa,Pa,Pa,Pa,Pa,Pa
Time,"UBAR","RHO","MU","P10","P20","P30","P40","P50","P60","P70","P80","P90","P100","P200","P300","P400","P500","P600","P700","P800","P900","P1000","P1100","P1200","P1300","P1400","P1500","P1600"
 0.0000000E+000, 0.0000000E+000, 1.1956416E+000, 8.9854123E-006,-3.2009553E-005,-1.9801850E-005,-3.5042102E-005,-1.9479877E-005,-3.2513415E-005,-2.0671669E-005,-2.9823110E-005,-2.2064566E-005,-2.9473306E-005,-2.1142173E-005,-2.5452470E-005,-2.1944599E-005,-2.2164497E-005,-2.1386176E-005,-1.9733368E-005,-2.1678561E-005,-2.1519718E-005,-2.2969246E-005,-2.4896375E-005,-2.1820574E-005,-2.2519634E-005,-1.8402174E-005,-2.2062739E-005,-1.9498404E-005,-2.1568907E-005
 8.0038821E+002, 1.9989705E+000, 1.1956419E+000, 8.9854123E-006, 9.1547551E+000, 9.0923684E+000, 9.0307047E+000, 8.9691777E+000, 8.9075235E+000, 8.8462811E+000, 8.7854666E+000, 8.7249601E+000, 8.6643996E+000, 8.6041960E+000, 8.0171303E+000, 7.4451488E+000, 6.8738180E+000, 6.3010805E+000, 5.7292594E+000, 5.1589419E+000, 4.5862172E+000, 4.0134637E+000, 3.4406978E+000, 2.8669553E+000, 2.2930562E+000, 1.7183063E+000, 1.1440271E+000, 5.7125332E-001, 3.3049704E-003
 1.6000000E+003, 1.9999996E+000, 1.1956416E+000, 8.9854123E-006, 4.5046755E+000, 4.4722492E+000, 4.4403574E+000, 4.4085141E+000, 4.3769702E+000, 4.3456446E+000, 4.3147951E+000, 4.2839827E+000, 4.2532889E+000, 4.2229777E+000, 3.9313377E+000, 3.6535371E+000, 3.3749470E+000, 3.0952296E+000, 2.8143860E+000, 2.5335329E+000, 2.2527319E+000, 1.9697652E+000, 1.6867185E+000, 1.4043754E+000, 1.1222000E+000, 8.4079994E-001, 5.5823517E-001, 2.7632709E-001, 2.2789581E-003
