s,m/s,kg/m3,kg/m/s,Pa,Pa,Pa,Pa,Pa,Pa,Pa,Pa,Pa,Pa,Pa,Pa,Pa,Pa,Pa,Pa,Pa,Pa,Pa,Pa,Pa,Pa,Pa,Pa,Pa
Time,"UBAR","RHO","MU","P10","P20","P30","P40","P50","P60","P70","P80","P90","P100","P200","P300","P400","P500","P600","P700","P800","P900","P1000","P1100","P1200","P1300","P1400","P1500","P1600"
 0.0000000E+000, 0.0000000E+000, 1.1945618E+000, 8.9782869E-006,-3.1980646E-005,-1.9783966E-005,-3.5010454E-005,-1.9462285E-005,-3.2484053E-005,-2.0653001E-005,-2.9796177E-005,-2.2044639E-005,-2.9446688E-005,-2.1123079E-005,-2.5429483E-005,-2.1924782E-005,-2.2144480E-005,-2.1366862E-005,-1.9715547E-005,-2.1658984E-005,-2.1500285E-005,-2.2948504E-005,-2.4873891E-005,-2.1800868E-005,-2.2499296E-005,-1.8385554E-005,-2.2042814E-005,-1.9480795E-005,-2.1549428E-005
 1.6004159E+002, 9.9646988E+000, 1.1945619E+000, 8.9782869E-006, 2.0497335E+002, 2.0359154E+002, 2.0223890E+002, 2.0088389E+002, 1.9954998E+002, 1.9821047E+002, 1.9688051E+002, 1.9554915E+002, 1.9422357E+002, 1.9289147E+002, 1.7979378E+002, 1.6689204E+002, 1.5407694E+002, 1.4125560E+002, 1.2842239E+002, 1.1558473E+002, 1.0273027E+002, 8.9890867E+001, 7.7045128E+001, 6.4196899E+001, 5.1347459E+001, 3.8494645E+001, 2.5623943E+001, 1.2763730E+001, 2.9551402E-002
 3.2000000E+002, 1.0000001E+001, 1.1945619E+000, 8.9782869E-006, 8.8011325E+001, 8.7367632E+001, 8.6756870E+001, 8.6152152E+001, 8.5557070E+001, 8.4958902E+001, 8.4372040E+001, 8.3782858E+001, 8.3208804E+001, 8.2625002E+001, 7.6932921E+001, 7.1416164E+001, 6.5928338E+001, 6.0464503E+001, 5.4971896E+001, 4.9491371E+001, 4.4006278E+001, 3.8515159E+001, 3.3002603E+001, 2.7481925E+001, 2.1981850E+001, 1.6459417E+001, 1.0940396E+001, 5.4319617E+000, 4.5548831E-002
