s,m/s,kg/m3,kg/m/s,Pa,Pa,Pa,Pa,Pa,Pa,Pa,Pa,Pa,Pa,Pa,Pa,Pa,Pa,Pa,Pa,Pa,Pa,Pa,Pa,Pa,Pa,Pa,Pa,Pa
Time,"UBAR","RHO","MU","P10","P20","P30","P40","P50","P60","P70","P80","P90","P100","P200","P300","P400","P500","P600","P700","P800","P900","P1000","P1100","P1200","P1300","P1400","P1500","P1600"
 0.0000000E+000, 0.0000000E+000, 1.1945617E+000, 1.7956572E-005,-3.1980641E-005,-1.9783964E-005,-3.5010449E-005,-1.9462283E-005,-3.2484049E-005,-2.0652998E-005,-2.9796173E-005,-2.2044636E-005,-2.9446684E-005,-2.1123076E-005,-2.5429480E-005,-2.1924779E-005,-2.2144477E-005,-2.1366859E-005,-1.9715544E-005,-2.1658981E-005,-2.1500282E-005,-2.2948501E-005,-2.4873888E-005,-2.1800865E-005,-2.2499293E-005,-1.8385552E-005,-2.2042811E-005,-1.9480792E-005,-2.1549425E-005
 8.0044231E+002, 1.9989777E+000, 1.1945618E+000, 1.7956572E-005, 1.8106878E+001, 1.7954636E+001, 1.7806183E+001, 1.7660798E+001, 1.7520672E+001, 1.7384083E+001, 1.7253534E+001, 1.7125444E+001, 1.7004536E+001, 1.6886745E+001, 1.5799820E+001, 1.4698468E+001, 1.3571869E+001, 1.2439508E+001, 1.1306516E+001, 1.0173196E+001, 9.0398379E+000, 7.9093777E+000, 6.7750109E+000, 5.6401737E+000, 4.5071687E+000, 3.3823868E+000, 2.2488515E+000, 1.1138632E+000, 9.2270488E-003
 1.6000000E+003, 1.9999992E+000, 1.1945619E+000, 1.7956572E-005, 1.3884493E+001, 1.3761801E+001, 1.3643379E+001, 1.3527019E+001, 1.3416427E+001, 1.3308496E+001, 1.3206885E+001, 1.3109562E+001, 1.3019901E+001, 1.2930531E+001, 1.2128302E+001, 1.1286395E+001, 1.0423228E+001, 9.5550327E+000, 8.6865285E+000, 7.8131131E+000, 6.9415703E+000, 6.0763108E+000, 5.2038893E+000, 4.3292659E+000, 3.4584548E+000, 2.5872730E+000, 1.7221335E+000, 8.5441014E-001, 7.5695152E-003
