s,m/s,kg/m3,kg/m/s,Pa,Pa,Pa,Pa,Pa,Pa,Pa,Pa,Pa,Pa,Pa,Pa,Pa,Pa,Pa,Pa,Pa,Pa,Pa,Pa,Pa,Pa,Pa,Pa,Pa
Time,"UBAR","RHO","MU","P10","P20","P30","P40","P50","P60","P70","P80","P90","P100","P200","P300","P400","P500","P600","P700","P800","P900","P1000","P1100","P1200","P1300","P1400","P1500","P1600"
 0.0000000E+000, 0.0000000E+000, 1.1945617E+000, 1.7956572E-005,-3.3375424E-005,-2.3231336E-005,-3.4885432E-005,-2.5331037E-005,-3.5519103E-005,-2.2812697E-005,-3.5684018E-005,-2.2323234E-005,-3.1565716E-005,-2.2408432E-005,-2.5159961E-005,-2.2671613E-005,-2.3036432E-005,-2.4332475E-005,-2.4554835E-005,-2.5003832E-005,-2.4106677E-005,-2.4360431E-005,-2.4496306E-005,-2.2830640E-005,-2.6128965E-005,-2.3828421E-005,-2.1789007E-005,-2.6182614E-005,-2.4450785E-005
 1.6004244E+002, 9.9624459E+000, 1.1945609E+000, 1.7956572E-005, 2.0503787E+002, 2.0356951E+002, 2.0214689E+002, 2.0074670E+002, 1.9935290E+002, 1.9798512E+002, 1.9660815E+002, 1.9524510E+002, 1.9390035E+002, 1.9256463E+002, 1.7952736E+002, 1.6669845E+002, 1.5391606E+002, 1.4108664E+002, 1.2826474E+002, 1.1542658E+002, 1.0258509E+002, 8.9760801E+001, 7.6925243E+001, 6.4049447E+001, 5.1202249E+001, 3.8358443E+001, 2.5533430E+001, 1.2675783E+001, 2.6566621E-002
 3.2000000E+002, 1.0000250E+001, 1.1945351E+000, 1.7956572E-005, 8.6592271E+001, 8.5836484E+001, 8.5154311E+001, 8.4492822E+001, 8.3839046E+001, 8.3205067E+001, 8.2567989E+001, 8.1962899E+001, 8.1355994E+001, 8.0768760E+001, 7.5205469E+001, 6.9809757E+001, 6.4469298E+001, 5.9147258E+001, 5.3720962E+001, 4.8350731E+001, 4.2969530E+001, 3.7580825E+001, 3.2163329E+001, 2.6796626E+001, 2.1393195E+001, 1.6008152E+001, 1.0603439E+001, 5.2030430E+000, 1.4650903E-002
