s,m/s,kg/m3,kg/m/s,Pa,Pa,Pa,Pa,Pa,Pa,Pa,Pa,Pa,Pa,Pa,Pa,Pa,Pa,Pa,Pa,Pa,Pa,Pa,Pa,Pa,Pa,Pa,Pa,Pa
Time,"UBAR","RHO","MU","P10","P20","P30","P40","P50","P60","P70","P80","P90","P100","P200","P300","P400","P500","P600","P700","P800","P900","P1000","P1100","P1200","P1300","P1400","P1500","P1600"
 0.0000000E+000, 0.0000000E+000, 1.1945617E+000, 1.7956572E-005,-3.1980641E-005,-1.9783964E-005,-3.5010449E-005,-1.9462283E-005,-3.2484048E-005,-2.0652998E-005,-2.9796173E-005,-2.2044636E-005,-2.9446684E-005,-2.1123076E-005,-2.5429480E-005,-2.1924779E-005,-2.2144476E-005,-2.1366859E-005,-1.9715544E-005,-2.1658980E-005,-2.1500281E-005,-2.2948500E-005,-2.4873888E-005,-2.1800864E-005,-2.2499294E-005,-1.8385552E-005,-2.2042811E-005,-1.9480792E-005,-2.1549424E-005
 8.0038561E+002, 1.9989767E+000, 1.1945617E+000, 1.7956572E-005, 9.4422157E+000, 9.3697356E+000, 9.3056160E+000, 9.2390794E+000, 9.1782363E+000, 9.1145756E+000, 9.0523536E+000, 8.9886893E+000, 8.9290198E+000, 8.8672779E+000, 8.2651787E+000, 7.6718003E+000, 7.0819728E+000, 6.4895419E+000, 5.9014563E+000, 5.3133659E+000, 4.7226120E+000, 4.1308378E+000, 3.5399101E+000, 2.9495871E+000, 2.3593218E+000, 1.7685043E+000, 1.1779229E+000, 5.8548504E-001, 4.4354285E-003
 1.6000000E+003, 2.0000000E+000, 1.1945619E+000, 1.7956572E-005, 4.7657109E+000, 4.7241709E+000, 4.6898508E+000, 4.6514466E+000, 4.6178295E+000, 4.5805860E+000, 4.5500676E+000, 4.5159021E+000, 4.4844772E+000, 4.4500503E+000, 4.1427557E+000, 3.8418390E+000, 3.5446867E+000, 3.2488276E+000, 2.9533074E+000, 2.6574557E+000, 2.3592231E+000, 2.0637135E+000, 1.7670018E+000, 1.4719586E+000, 1.1759755E+000, 8.7935837E-001, 5.8332991E-001, 2.8798962E-001, 2.5590214E-003
