s,m/s,kg/m3,kg/m/s,Pa,Pa,Pa,Pa,Pa,Pa,Pa,Pa,Pa,Pa,Pa,Pa,Pa,Pa,Pa,Pa,Pa,Pa,Pa,Pa,Pa,Pa,Pa,Pa,Pa
Time,"UBAR","RHO","MU","P10","P20","P30","P40","P50","P60","P70","P80","P90","P100","P200","P300","P400","P500","P600","P700","P800","P900","P1000","P1100","P1200","P1300","P1400","P1500","P1600"
 0.0000000E+000, 0.0000000E+000, 1.1949073E+000, 8.9782859E-006,-4.7850179E-005,-3.5758998E-005,-5.0729530E-005,-3.6412311E-005,-5.0586932E-005,-3.5108813E-005,-4.9204030E-005,-3.6965818E-005,-4.7332899E-005,-3.5657055E-005,-3.5711202E-005,-3.7100220E-005,-3.5458230E-005,-3.4850506E-005,-3.5311800E-005,-3.5322616E-005,-3.5089411E-005,-3.6328965E-005,-3.6907655E-005,-3.5540939E-005,-3.6553790E-005,-3.5769673E-005,-3.5031111E-005,-3.5008038E-005,-3.6537385E-005
 4.0003862E+002, 3.9943610E+000, 1.1949073E+000, 8.9782859E-006, 6.0847986E+001, 6.0285789E+001, 5.9785108E+001, 5.9339441E+001, 5.8936992E+001, 5.8556797E+001, 5.8181198E+001, 5.7806971E+001, 5.7435658E+001, 5.7066425E+001, 5.3450281E+001, 4.9631379E+001, 4.5808525E+001, 4.1979783E+001, 3.8154909E+001, 3.4333331E+001, 3.0506299E+001, 2.6684615E+001, 2.2871292E+001, 1.9049318E+001, 1.5232312E+001, 1.1412310E+001, 7.5880144E+000, 3.7691041E+000, 1.4866076E-002
 8.0000000E+002, 4.0000005E+000, 1.1949073E+000, 8.9782859E-006, 4.3218002E+001, 4.2773941E+001, 4.2392030E+001, 4.2064042E+001, 4.1779975E+001, 4.1517153E+001, 4.1258065E+001, 4.1000034E+001, 4.0742919E+001, 4.0489057E+001, 3.8014688E+001, 3.5282629E+001, 3.2565158E+001, 2.9845642E+001, 2.7123598E+001, 2.4398676E+001, 2.1680206E+001, 1.8960948E+001, 1.6243458E+001, 1.3528358E+001, 1.0810417E+001, 8.0913068E+000, 5.3789561E+000, 2.6649554E+000, 1.3377565E-002
