s,m/s,kg/m3,kg/m/s,Pa,Pa,Pa,Pa,Pa,Pa,Pa,Pa,Pa,Pa,Pa,Pa,Pa,Pa,Pa,Pa,Pa,Pa,Pa,Pa,Pa,Pa,Pa,Pa,Pa
Time,"UBAR","RHO","MU","P10","P20","P30","P40","P50","P60","P70","P80","P90","P100","P200","P300","P400","P500","P600","P700","P800","P900","P1000","P1100","P1200","P1300","P1400","P1500","P1600"
 0.0000000E+000, 0.0000000E+000, 1.1945617E+000, 8.9782859E-006,-3.3375424E-005,-2.3231335E-005,-3.4885432E-005,-2.5331037E-005,-3.5519103E-005,-2.2812698E-005,-3.5684018E-005,-2.2323233E-005,-3.1565716E-005,-2.2408432E-005,-2.5159961E-005,-2.2671613E-005,-2.3036432E-005,-2.4332476E-005,-2.4554835E-005,-2.5003832E-005,-2.4106676E-005,-2.4360431E-005,-2.4496306E-005,-2.2830640E-005,-2.6128964E-005,-2.3828421E-005,-2.1789007E-005,-2.6182614E-005,-2.4450785E-005
 1.6000200E+002, 9.9632029E+000, 1.1944907E+000, 8.9782859E-006, 4.6369905E+002, 4.5907432E+002, 4.5485913E+002, 4.5111698E+002, 4.4786980E+002, 4.4511150E+002, 4.4267148E+002, 4.4028376E+002, 4.3783503E+002, 4.3526256E+002, 4.0735848E+002, 3.7857109E+002, 3.4945043E+002, 3.2030540E+002, 2.9118135E+002, 2.6204185E+002, 2.3285334E+002, 2.0372854E+002, 1.7458252E+002, 1.4549182E+002, 1.1633953E+002, 8.7258923E+001, 5.7997268E+001, 2.8778343E+001, 9.5817829E-002
 3.2000000E+002, 1.0000223E+001, 1.1945366E+000, 8.9782859E-006, 3.5678401E+002, 3.5286633E+002, 3.4935422E+002, 3.4633753E+002, 3.4382243E+002, 3.4180254E+002, 3.4013093E+002, 3.3856457E+002, 3.3685210E+002, 3.3497583E+002, 3.1402190E+002, 2.9197874E+002, 2.6947798E+002, 2.4703466E+002, 2.2450843E+002, 2.0188941E+002, 1.7951682E+002, 1.5694950E+002, 1.3445409E+002, 1.1194424E+002, 8.9382511E+001, 6.6854592E+001, 4.4377547E+001, 2.1946086E+001, 8.6550518E-002
