s,m/s,kg/m3,kg/m/s,Pa,Pa,Pa,Pa,Pa,Pa,Pa,Pa,Pa,Pa,Pa,Pa,Pa,Pa,Pa,Pa,Pa,Pa,Pa,Pa,Pa,Pa,Pa,Pa,Pa
Time,UBAR,RHO,MU,P10,P20,P30,P40,P50,P60,P70,P80,P90,P100,P200,P300,P400,P500,P600,P700,P800,P900,P1000,P1100,P1200,P1300,P1400,P1500,P1600
 0.0000000E+000, 0.0000000E+000, 1.1945617E+000, 1.7956572E-005,-3.3375424E-005,-2.3231336E-005,-3.4885432E-005,-2.5331037E-005,-3.5519103E-005,-2.2812697E-005,-3.5684018E-005,-2.2323234E-005,-3.1565716E-005,-2.2408432E-005,-2.5159961E-005,-2.2671613E-005,-2.3036432E-005,-2.4332475E-005,-2.4554835E-005,-2.5003832E-005,-2.4106677E-005,-2.4360431E-005,-2.4496306E-005,-2.2830640E-005,-2.6128965E-005,-2.3828421E-005,-2.1789007E-005,-2.6182614E-005,-2.4450785E-005
 1.6004778E+002, 9.9624396E+000, 1.1945615E+000, 1.7956572E-005, 2.0505533E+002, 2.0358412E+002, 2.0215654E+002, 2.0075639E+002, 1.9935941E+002, 1.9799619E+002, 1.9662295E+002, 1.9525255E+002, 1.9390388E+002, 1.9257249E+002, 1.7952185E+002, 1.6669042E+002, 1.5389574E+002, 1.4106399E+002, 1.2822579E+002, 1.1538448E+002, 1.0253470E+002, 8.9704160E+001, 7.6871935E+001, 6.4040131E+001, 5.1192904E+001, 3.8337816E+001, 2.5516511E+001, 1.2673177E+001, 2.6001813E-002
 3.2000000E+002, 1.0001280E+001, 1.1945241E+000, 1.7956879E-005, 8.6652503E+001, 8.5897802E+001, 8.5196164E+001, 8.4522521E+001, 8.3871327E+001, 8.3227404E+001, 8.2610568E+001, 8.2005672E+001, 8.1399684E+001, 8.0812717E+001, 7.5231801E+001, 6.9837474E+001, 6.4461336E+001, 5.9118104E+001, 5.3753190E+001, 4.8326129E+001, 4.2945033E+001, 3.7545879E+001, 3.2159436E+001, 2.6784322E+001, 2.1396705E+001, 1.6017833E+001, 1.0594143E+001, 5.2194737E+000, 1.4529002E-002
