s,m/s,kg/m3,kg/m/s,Pa,Pa,Pa,Pa,Pa,Pa,Pa,Pa,Pa,Pa,Pa,Pa,Pa,Pa,Pa,Pa,Pa,Pa,Pa,Pa,Pa,Pa,Pa,Pa,Pa
Time,"UBAR","RHO","MU","P10","P20","P30","P40","P50","P60","P70","P80","P90","P100","P200","P300","P400","P500","P600","P700","P800","P900","P1000","P1100","P1200","P1300","P1400","P1500","P1600"
 0.0000000E+000, 0.0000000E+000, 1.1945617E+000, 1.7956572E-005,-3.1980641E-005,-1.9783964E-005,-3.5010449E-005,-1.9462283E-005,-3.2484049E-005,-2.0652998E-005,-2.9796173E-005,-2.2044636E-005,-2.9446684E-005,-2.1123076E-005,-2.5429480E-005,-2.1924779E-005,-2.2144477E-005,-2.1366859E-005,-1.9715544E-005,-2.1658981E-005,-2.1500282E-005,-2.2948501E-005,-2.4873888E-005,-2.1800865E-005,-2.2499293E-005,-1.8385552E-005,-2.2042811E-005,-1.9480792E-005,-2.1549425E-005
 1.6001330E+002, 9.9648659E+000, 1.1945619E+000, 1.7956572E-005, 4.4500159E+002, 4.4122962E+002, 4.3753565E+002, 4.3393477E+002, 4.3044501E+002, 4.2709686E+002, 4.2386593E+002, 4.2075747E+002, 4.1777580E+002, 4.1491249E+002, 3.8824587E+002, 3.6121062E+002, 3.3356395E+002, 3.0579010E+002, 2.7796446E+002, 2.5008577E+002, 2.2230843E+002, 1.9450637E+002, 1.6669716E+002, 1.3899840E+002, 1.1108456E+002, 8.3343134E+001, 5.5384517E+001, 2.7529506E+001, 2.1532837E-001
 3.2000000E+002, 1.0000003E+001, 1.1945616E+000, 1.7956572E-005, 3.3902044E+002, 3.3597238E+002, 3.3301557E+002, 3.3014804E+002, 3.2737850E+002, 3.2475181E+002, 3.2225332E+002, 3.1991100E+002, 3.1771413E+002, 3.1557360E+002, 2.9590420E+002, 2.7546506E+002, 2.5440873E+002, 2.3314924E+002, 2.1192376E+002, 1.9060702E+002, 1.6937021E+002, 1.4805466E+002, 1.2678505E+002, 1.0558982E+002, 8.4473737E+001, 6.3314556E+001, 4.2161290E+001, 2.0856491E+001, 1.9204453E-001
