s,m/s,kg/m3,kg/m/s,Pa,Pa,Pa,Pa,Pa,Pa,Pa,Pa,Pa,Pa,Pa,Pa,Pa,Pa,Pa,Pa,Pa,Pa,Pa,Pa,Pa,Pa,Pa,Pa,Pa
Time,"UBAR","RHO","MU","P10","P20","P30","P40","P50","P60","P70","P80","P90","P100","P200","P300","P400","P500","P600","P700","P800","P900","P1000","P1100","P1200","P1300","P1400","P1500","P1600"
 0.0000000E+000, 0.0000000E+000, 1.1945617E+000, 1.7956572E-005,-3.1980641E-005,-1.9783964E-005,-3.5010449E-005,-1.9462283E-005,-3.2484048E-005,-2.0652998E-005,-2.9796173E-005,-2.2044636E-005,-2.9446684E-005,-2.1123076E-005,-2.5429480E-005,-2.1924779E-005,-2.2144476E-005,-2.1366859E-005,-1.9715544E-005,-2.1658980E-005,-2.1500281E-005,-2.2948500E-005,-2.4873888E-005,-2.1800864E-005,-2.2499294E-005,-1.8385552E-005,-2.2042811E-005,-1.9480792E-005,-2.1549424E-005
 1.6001330E+002, 9.9648661E+000, 1.1945619E+000, 1.7956572E-005, 4.4513935E+002, 4.4136743E+002, 4.3767345E+002, 4.3407268E+002, 4.3058289E+002, 4.2723493E+002, 4.2400417E+002, 4.2089605E+002, 4.1791405E+002, 4.1505119E+002, 3.8838877E+002, 3.6135494E+002, 3.3371800E+002, 3.0596080E+002, 2.7812706E+002, 2.5023987E+002, 2.2246110E+002, 1.9464123E+002, 1.6682735E+002, 1.3912804E+002, 1.1121697E+002, 8.3386695E+001, 5.5479070E+001, 2.7535785E+001, 2.1607988E-001
 3.2000000E+002, 9.9999885E+000, 1.1945616E+000, 1.7956572E-005, 3.3898752E+002, 3.3593464E+002, 3.3297344E+002, 3.3010748E+002, 3.2734908E+002, 3.2472144E+002, 3.2221970E+002, 3.1985852E+002, 3.1762614E+002, 3.1547590E+002, 2.9596189E+002, 2.7549013E+002, 2.5439761E+002, 2.3327917E+002, 2.1216806E+002, 1.9097742E+002, 1.6978616E+002, 1.4835617E+002, 1.2715701E+002, 1.0594647E+002, 8.4730129E+001, 6.3436338E+001, 4.2263344E+001, 2.0972289E+001, 1.9223469E-001
