s,m/s,kg/m3,kg/m/s,Pa,Pa,Pa,Pa,Pa,Pa,Pa,Pa,Pa,Pa,Pa,Pa,Pa,Pa,Pa,Pa,Pa,Pa,Pa,Pa,Pa,Pa,Pa,Pa,Pa
Time,"UBAR","RHO","MU","P10","P20","P30","P40","P50","P60","P70","P80","P90","P100","P200","P300","P400","P500","P600","P700","P800","P900","P1000","P1100","P1200","P1300","P1400","P1500","P1600"
 0.0000000E+000, 0.0000000E+000, 1.1956416E+000, 8.9854123E-006,-3.3405597E-005,-2.3252337E-005,-3.4916970E-005,-2.5353937E-005,-3.5551214E-005,-2.2833321E-005,-3.5716279E-005,-2.2343415E-005,-3.1594253E-005,-2.2428690E-005,-2.5182707E-005,-2.2692109E-005,-2.3057257E-005,-2.4354474E-005,-2.4577034E-005,-2.5026437E-005,-2.4128469E-005,-2.4382454E-005,-2.4518452E-005,-2.2851281E-005,-2.6152586E-005,-2.3849963E-005,-2.1808705E-005,-2.6206284E-005,-2.4472890E-005
 8.0017847E+002, 1.9986408E+000, 1.1956415E+000, 8.9854123E-006, 9.2230623E+000, 9.1563357E+000, 9.0899827E+000, 9.0242452E+000, 8.9592166E+000, 8.8949737E+000, 8.8317123E+000, 8.7697103E+000, 8.7090294E+000, 8.6494069E+000, 8.0716511E+000, 7.5022370E+000, 6.9345452E+000, 6.3618246E+000, 5.7847935E+000, 5.2053478E+000, 4.6262286E+000, 4.0467879E+000, 3.4675094E+000, 2.8878860E+000, 2.3086351E+000, 1.7302366E+000, 1.1519597E+000, 5.7315027E-001, 1.3403472E-003
 1.6000000E+003, 2.0000001E+000, 1.1956414E+000, 8.9854123E-006, 4.5813772E+000, 4.5446547E+000, 4.5077630E+000, 4.4717513E+000, 4.4365247E+000, 4.4021814E+000, 4.3690888E+000, 4.3372875E+000, 4.3063515E+000, 4.2762451E+000, 3.9932413E+000, 3.7183342E+000, 3.4429451E+000, 3.1634253E+000, 2.8771765E+000, 2.5882839E+000, 2.2985979E+000, 2.0099000E+000, 1.7216963E+000, 1.4336389E+000, 1.1454387E+000, 8.5703919E-001, 5.6927427E-001, 2.8096665E-001, 7.8259016E-004
