s,m/s,kg/m3,kg/m/s,Pa,Pa,Pa,Pa,Pa,Pa,Pa,Pa,Pa,Pa,Pa,Pa,Pa,Pa,Pa,Pa,Pa,Pa,Pa,Pa,Pa,Pa,Pa,Pa,Pa
Time,"UBAR","RHO","MU","P10","P20","P30","P40","P50","P60","P70","P80","P90","P100","P200","P300","P400","P500","P600","P700","P800","P900","P1000","P1100","P1200","P1300","P1400","P1500","P1600"
 0.0000000E+000, 0.0000000E+000, 1.1945618E+000, 8.9782869E-006,-3.1980646E-005,-1.9783966E-005,-3.5010454E-005,-1.9462285E-005,-3.2484053E-005,-2.0653001E-005,-2.9796177E-005,-2.2044639E-005,-2.9446688E-005,-2.1123079E-005,-2.5429483E-005,-2.1924782E-005,-2.2144480E-005,-2.1366862E-005,-1.9715547E-005,-2.1658984E-005,-2.1500285E-005,-2.2948504E-005,-2.4873891E-005,-2.1800868E-005,-2.2499296E-005,-1.8385554E-005,-2.2042814E-005,-1.9480795E-005,-2.1549428E-005
 8.0045260E+002, 1.9989705E+000, 1.1945621E+000, 8.9782869E-006, 9.1491590E+000, 9.0867934E+000, 9.0251865E+000, 8.9637228E+000, 8.9021236E+000, 8.8409604E+000, 8.7802139E+000, 8.7197597E+000, 8.6592459E+000, 8.5990838E+000, 8.0125388E+000, 7.4408276E+000, 6.8698962E+000, 6.2975226E+000, 5.7259774E+000, 5.1557369E+000, 4.5832394E+000, 4.0107027E+000, 3.4378780E+000, 2.8641052E+000, 2.2903105E+000, 1.7162648E+000, 1.1424210E+000, 5.7058044E-001, 3.2783086E-003
 1.6000000E+003, 2.0000007E+000, 1.1945617E+000, 8.9782869E-006, 4.4910490E+000, 4.4586487E+000, 4.4267689E+000, 4.3950628E+000, 4.3636135E+000, 4.3321661E+000, 4.3010431E+000, 4.2701304E+000, 4.2395740E+000, 4.2091531E+000, 3.9186785E+000, 3.6414762E+000, 3.3657636E+000, 3.0889455E+000, 2.8093398E+000, 2.5294274E+000, 2.2476869E+000, 1.9655323E+000, 1.6838724E+000, 1.4028522E+000, 1.1208604E+000, 8.3923308E-001, 5.5732600E-001, 2.7638501E-001, 2.2870269E-003
