s,m/s,kg/m3,kg/m/s,Pa,Pa,Pa,Pa,Pa,Pa,Pa,Pa,Pa,Pa,Pa,Pa,Pa,Pa,Pa,Pa,Pa,Pa,Pa,Pa,Pa,Pa,Pa,Pa,Pa
Time,UBAR,RHO,MU,P10,P20,P30,P40,P50,P60,P70,P80,P90,P100,P200,P300,P400,P500,P600,P700,P800,P900,P1000,P1100,P1200,P1300,P1400,P1500,P1600
 0.0000000E+000, 0.0000000E+000, 1.1945617E+000, 1.7956572E-005,-3.3375424E-005,-2.3231336E-005,-3.4885432E-005,-2.5331037E-005,-3.5519103E-005,-2.2812697E-005,-3.5684018E-005,-2.2323234E-005,-3.1565716E-005,-2.2408432E-005,-2.5159961E-005,-2.2671613E-005,-2.3036432E-005,-2.4332475E-005,-2.4554835E-005,-2.5003832E-005,-2.4106677E-005,-2.4360431E-005,-2.4496306E-005,-2.2830640E-005,-2.6128965E-005,-2.3828421E-005,-2.1789007E-005,-2.6182614E-005,-2.4450785E-005
 1.6000384E+002, 9.9625909E+000, 1.1945616E+000, 1.7956572E-005, 4.4549724E+002, 4.4088698E+002, 4.3664660E+002, 4.3292308E+002, 4.2970188E+002, 4.2692801E+002, 4.2446836E+002, 4.2211558E+002, 4.1975634E+002, 4.1726927E+002, 3.9033615E+002, 3.6275828E+002, 3.3486274E+002, 3.0689611E+002, 2.7899378E+002, 2.5099054E+002, 2.2296856E+002, 1.9501884E+002, 1.6710480E+002, 1.3923085E+002, 1.1133411E+002, 8.3406411E+001, 5.5428441E+001, 2.7491790E+001, 9.1938970E-002
 3.2000000E+002, 1.0000437E+001, 1.1945055E+000, 1.7956572E-005, 3.3516516E+002, 3.3127128E+002, 3.2774609E+002, 3.2473252E+002, 3.2219487E+002, 3.2009764E+002, 3.1836988E+002, 3.1679928E+002, 3.1525803E+002, 3.1361253E+002, 2.9410013E+002, 2.7353305E+002, 2.5247025E+002, 2.3138814E+002, 2.1039484E+002, 1.8931773E+002, 1.6831656E+002, 1.4719308E+002, 1.2609475E+002, 1.0497870E+002, 8.3971289E+001, 6.2899985E+001, 4.1822142E+001, 2.0692564E+001, 8.3813258E-002
