s,m/s,kg/m3,kg/m/s,Pa,Pa,Pa,Pa,Pa,Pa,Pa,Pa,Pa,Pa,Pa,Pa,Pa,Pa,Pa,Pa,Pa,Pa,Pa,Pa,Pa,Pa,Pa,Pa,Pa
Time,"UBAR","RHO","MU","P10","P20","P30","P40","P50","P60","P70","P80","P90","P100","P200","P300","P400","P500","P600","P700","P800","P900","P1000","P1100","P1200","P1300","P1400","P1500","P1600"
 0.0000000E+000, 0.0000000E+000, 1.1945617E+000, 1.7956572E-005,-3.3375424E-005,-2.3231335E-005,-3.4885432E-005,-2.5331037E-005,-3.5519103E-005,-2.2812698E-005,-3.5684018E-005,-2.2323233E-005,-3.1565716E-005,-2.2408432E-005,-2.5159961E-005,-2.2671613E-005,-2.3036432E-005,-2.4332476E-005,-2.4554835E-005,-2.5003832E-005,-2.4106676E-005,-2.4360431E-005,-2.4496306E-005,-2.2830640E-005,-2.6128964E-005,-2.3828421E-005,-2.1789007E-005,-2.6182614E-005,-2.4450785E-005
 1.6004570E+002, 9.9624511E+000, 1.1945616E+000, 1.7956572E-005, 4.4523039E+002, 4.4061459E+002, 4.3637782E+002, 4.3266606E+002, 4.2942085E+002, 4.2667162E+002, 4.2421641E+002, 4.2185282E+002, 4.1946783E+002, 4.1697836E+002, 3.9020161E+002, 3.6270846E+002, 3.3486834E+002, 3.0686525E+002, 2.7903669E+002, 2.5114629E+002, 2.2313361E+002, 1.9515802E+002, 1.6718334E+002, 1.3922692E+002, 1.1130046E+002, 8.3388404E+001, 5.5411683E+001, 2.7494013E+001, 9.2388257E-002
 3.2000000E+002, 1.0000368E+001, 1.1945190E+000, 1.7956572E-005, 3.3607066E+002, 3.3217434E+002, 3.2865501E+002, 3.2562717E+002, 3.2311767E+002, 3.2106822E+002, 3.1935319E+002, 3.1774638E+002, 3.1614010E+002, 3.1441185E+002, 2.9480659E+002, 2.7422606E+002, 2.5306555E+002, 2.3191145E+002, 2.1076939E+002, 1.8968116E+002, 1.6868364E+002, 1.4752380E+002, 1.2640568E+002, 1.0533802E+002, 8.4135534E+001, 6.3039195E+001, 4.1941634E+001, 2.0779957E+001, 8.2596200E-002
