s,m/s,kg/m3,kg/m/s,Pa,Pa,Pa,Pa,Pa,Pa,Pa,Pa,Pa,Pa,Pa,Pa,Pa,Pa,Pa,Pa,Pa,Pa,Pa,Pa,Pa,Pa,Pa,Pa,Pa
Time,"UBAR","RHO","MU","P10","P20","P30","P40","P50","P60","P70","P80","P90","P100","P200","P300","P400","P500","P600","P700","P800","P900","P1000","P1100","P1200","P1300","P1400","P1500","P1600"
 0.0000000E+000, 0.0000000E+000, 1.1945618E+000, 8.9782869E-006,-3.3375429E-005,-2.3231338E-005,-3.4885437E-005,-2.5331040E-005,-3.5519108E-005,-2.2812701E-005,-3.5684023E-005,-2.2323236E-005,-3.1565720E-005,-2.2408435E-005,-2.5159964E-005,-2.2671616E-005,-2.3036435E-005,-2.4332479E-005,-2.4554838E-005,-2.5003835E-005,-2.4106680E-005,-2.4360434E-005,-2.4496310E-005,-2.2830643E-005,-2.6128968E-005,-2.3828424E-005,-2.1789010E-005,-2.6182618E-005,-2.4450788E-005
 1.6003234E+002, 9.9624002E+000, 1.1945620E+000, 8.9782869E-006, 2.0607864E+002, 2.0464191E+002, 2.0321503E+002, 2.0180422E+002, 2.0040139E+002, 1.9900979E+002, 1.9763311E+002, 1.9626036E+002, 1.9490301E+002, 1.9355988E+002, 1.8049025E+002, 1.6765883E+002, 1.5491783E+002, 1.4213083E+002, 1.2926388E+002, 1.1635197E+002, 1.0342599E+002, 9.0484587E+001, 7.7520001E+001, 6.4564149E+001, 5.1617027E+001, 3.8682403E+001, 2.5753837E+001, 1.2801589E+001,-8.3880180E-005
 3.2000000E+002, 9.9999995E+000, 1.1945617E+000, 8.9782869E-006, 8.9605287E+001, 8.8904948E+001, 8.8219937E+001, 8.7549428E+001, 8.6891981E+001, 8.6252248E+001, 8.5616116E+001, 8.4996358E+001, 8.4380950E+001, 8.3782668E+001, 7.8066752E+001, 7.2619419E+001, 6.7222552E+001, 6.1785751E+001, 5.6256238E+001, 5.0643533E+001, 4.4988534E+001, 3.9329318E+001, 3.3680559E+001, 2.8042511E+001, 2.2389369E+001, 1.6761852E+001, 1.1126924E+001, 5.4826545E+000, 1.4681273E-002
