s,m/s,kg/m3,kg/m/s,Pa,Pa,Pa,Pa,Pa,Pa,Pa,Pa,Pa,Pa,Pa,Pa,Pa,Pa,Pa,Pa,Pa,Pa,Pa,Pa,Pa,Pa,Pa,Pa,Pa
Time,"UBAR","RHO","MU","P10","P20","P30","P40","P50","P60","P70","P80","P90","P100","P200","P300","P400","P500","P600","P700","P800","P900","P1000","P1100","P1200","P1300","P1400","P1500","P1600"
 0.0000000E+000, 0.0000000E+000, 1.1949073E+000, 1.7956572E-005,-4.7850179E-005,-3.5758998E-005,-5.0729530E-005,-3.6412311E-005,-5.0586932E-005,-3.5108813E-005,-4.9204030E-005,-3.6965818E-005,-4.7332899E-005,-3.5657055E-005,-3.5711202E-005,-3.7100220E-005,-3.5458230E-005,-3.4850506E-005,-3.5311800E-005,-3.5322616E-005,-3.5089411E-005,-3.6328965E-005,-3.6907655E-005,-3.5540939E-005,-3.6553790E-005,-3.5769673E-005,-3.5031111E-005,-3.5008038E-005,-3.6537385E-005
 4.0008511E+002, 3.9943702E+000, 1.1949073E+000, 1.7956572E-005, 6.0819625E+001, 6.0257008E+001, 5.9756619E+001, 5.9311459E+001, 5.8909262E+001, 5.8531039E+001, 5.8156756E+001, 5.7783071E+001, 5.7413075E+001, 5.7044843E+001, 5.3421988E+001, 4.9590805E+001, 4.5769804E+001, 4.1951072E+001, 3.8129640E+001, 3.4311411E+001, 3.0491529E+001, 2.6676770E+001, 2.2860109E+001, 1.9040881E+001, 1.5216518E+001, 1.1405319E+001, 7.5902559E+000, 3.7783597E+000, 1.4882378E-002
 8.0000000E+002, 3.9999993E+000, 1.1949072E+000, 1.7956572E-005, 4.3268056E+001, 4.2823635E+001, 4.2442254E+001, 4.2115212E+001, 4.1830305E+001, 4.1567356E+001, 4.1310565E+001, 4.1053292E+001, 4.0797918E+001, 4.0544142E+001, 3.8064137E+001, 3.5318010E+001, 3.2589831E+001, 2.9874915E+001, 2.7143595E+001, 2.4422735E+001, 2.1703888E+001, 1.8988978E+001, 1.6265924E+001, 1.3543768E+001, 1.0824205E+001, 8.1069600E+000, 5.3893630E+000, 2.6727738E+000, 1.3221517E-002
