s,m/s,kg/m3,kg/m/s,Pa,Pa,Pa,Pa,Pa,Pa,Pa,Pa,Pa,Pa,Pa,Pa,Pa,Pa,Pa,Pa,Pa,Pa,Pa,Pa,Pa,Pa,Pa,Pa,Pa
Time,"UBAR","RHO","MU","P10","P20","P30","P40","P50","P60","P70","P80","P90","P100","P200","P300","P400","P500","P600","P700","P800","P900","P1000","P1100","P1200","P1300","P1400","P1500","P1600"
 0.0000000E+000, 0.0000000E+000, 1.1949074E+000, 8.9782869E-006,-4.6657939E-005,-3.2366037E-005,-5.0696489E-005,-3.5940535E-005,-4.8807826E-005,-3.3863812E-005,-4.7656488E-005,-3.4443306E-005,-4.5879640E-005,-3.3035135E-005,-3.6022661E-005,-3.3374761E-005,-3.1637359E-005,-3.0871277E-005,-3.5569900E-005,-3.3514640E-005,-3.2244074E-005,-3.6258608E-005,-3.5078852E-005,-3.5003641E-005,-3.5989406E-005,-3.4824010E-005,-3.1783793E-005,-3.4180300E-005,-3.2240693E-005
 4.0013632E+002, 3.9955516E+000, 1.1949074E+000, 8.9782869E-006, 6.1909543E+001, 6.1401788E+001, 6.0910211E+001, 6.0438317E+001, 5.9985482E+001, 5.9550977E+001, 5.9133926E+001, 5.8732102E+001, 5.8337836E+001, 5.7953701E+001, 5.4206075E+001, 5.0418433E+001, 4.6541947E+001, 4.2650690E+001, 3.8766490E+001, 3.4881549E+001, 3.1004401E+001, 2.7127096E+001, 2.3241597E+001, 1.9359083E+001, 1.5471792E+001, 1.1586305E+001, 7.7112545E+000, 3.8194119E+000, 2.1408416E-002
 8.0000000E+002, 4.0000009E+000, 1.1949074E+000, 8.9782869E-006, 4.4478094E+001, 4.4088510E+001, 4.3715346E+001, 4.3361037E+001, 4.3027192E+001, 4.2710599E+001, 4.2410260E+001, 4.2123656E+001, 4.1850235E+001, 4.1582594E+001, 3.8974643E+001, 3.6282167E+001, 3.3503817E+001, 3.0701461E+001, 2.7907333E+001, 2.5114230E+001, 2.2318106E+001, 1.9523196E+001, 1.6731840E+001, 1.3928956E+001, 1.1122981E+001, 8.3331339E+000, 5.5403586E+000, 2.7367560E+000, 2.6122987E-002
