s,m/s,kg/m3,kg/m/s,Pa,Pa,Pa,Pa,Pa,Pa,Pa,Pa,Pa,Pa,Pa,Pa,Pa,Pa,Pa,Pa,Pa,Pa,Pa,Pa,Pa,Pa,Pa,Pa,Pa
Time,"UBAR","RHO","MU","P10","P20","P30","P40","P50","P60","P70","P80","P90","P100","P200","P300","P400","P500","P600","P700","P800","P900","P1000","P1100","P1200","P1300","P1400","P1500","P1600"
 0.0000000E+000, 0.0000000E+000, 1.1945618E+000, 8.9782869E-006,-3.3375429E-005,-2.3231338E-005,-3.4885437E-005,-2.5331040E-005,-3.5519108E-005,-2.2812701E-005,-3.5684023E-005,-2.2323236E-005,-3.1565720E-005,-2.2408435E-005,-2.5159964E-005,-2.2671616E-005,-2.3036435E-005,-2.4332479E-005,-2.4554838E-005,-2.5003835E-005,-2.4106680E-005,-2.4360434E-005,-2.4496310E-005,-2.2830643E-005,-2.6128968E-005,-2.3828424E-005,-2.1789010E-005,-2.6182618E-005,-2.4450788E-005
 1.6002455E+002, 9.9623669E+000, 1.1945619E+000, 8.9782869E-006, 4.4958754E+002, 4.4499900E+002, 4.4083814E+002, 4.3713257E+002, 4.3384648E+002, 4.3092214E+002, 4.2828863E+002, 4.2590176E+002, 4.2375032E+002, 4.2172917E+002, 3.9636069E+002, 3.6892050E+002, 3.4054608E+002, 3.1208969E+002, 2.8372078E+002, 2.5543531E+002, 2.2702435E+002, 1.9857392E+002, 1.7024087E+002, 1.4189136E+002, 1.1339606E+002, 8.4867862E+001, 5.6466932E+001, 2.8009464E+001, 6.4042223E-002
 3.2000000E+002, 1.0000003E+001, 1.1945616E+000, 8.9782869E-006, 3.4595436E+002, 3.4208962E+002, 3.3863168E+002, 3.3564449E+002, 3.3308078E+002, 3.3089361E+002, 3.2899619E+002, 3.2735232E+002, 3.2594001E+002, 3.2471558E+002, 3.0657337E+002, 2.8587139E+002, 2.6378504E+002, 2.4164671E+002, 2.1965803E+002, 1.9764250E+002, 1.7558555E+002, 1.5363424E+002, 1.3157010E+002, 1.0960109E+002, 8.7610733E+001, 6.5623499E+001, 4.3598481E+001, 2.1564589E+001, 8.3699494E-002
