s,m/s,kg/m3,kg/m/s,Pa,Pa,Pa,Pa,Pa,Pa,Pa,Pa,Pa,Pa,Pa,Pa,Pa,Pa,Pa,Pa,Pa,Pa,Pa,Pa,Pa,Pa,Pa,Pa,Pa
Time,"UBAR","RHO","MU","P10","P20","P30","P40","P50","P60","P70","P80","P90","P100","P200","P300","P400","P500","P600","P700","P800","P900","P1000","P1100","P1200","P1300","P1400","P1500","P1600"
 0.0000000E+000, 0.0000000E+000, 1.1949073E+000, 1.7956572E-005,-4.6657933E-005,-3.2366033E-005,-5.0696483E-005,-3.5940530E-005,-4.8807819E-005,-3.3863808E-005,-4.7656481E-005,-3.4443301E-005,-4.5879634E-005,-3.3035130E-005,-3.6022656E-005,-3.3374756E-005,-3.1637355E-005,-3.0871273E-005,-3.5569895E-005,-3.3514636E-005,-3.2244070E-005,-3.6258603E-005,-3.5078847E-005,-3.5003636E-005,-3.5989401E-005,-3.4824006E-005,-3.1783788E-005,-3.4180296E-005,-3.2240688E-005
 4.0002496E+002, 3.9955696E+000, 1.1949072E+000, 1.7956572E-005,-9.5550516E+000,-9.5809952E+000,-9.6146235E+000,-9.6496743E+000,-9.6840900E+000,-9.7162410E+000,-9.7459740E+000,-9.7709074E+000,-9.7919564E+000,-9.8117777E+000,-9.8543388E+000,-9.8272613E+000,-9.8175110E+000,-9.8202087E+000,-9.8202809E+000,-9.8171089E+000,-9.8209435E+000,-9.8206401E+000,-9.8212768E+000,-9.8200952E+000,-9.8148663E+000,-9.8208683E+000,-9.8224624E+000,-9.8245423E+000,-9.7935916E+000
 8.0000000E+002, 4.0000000E+000, 1.1949072E+000, 1.7956572E-005,-9.5736393E+000,-9.6001845E+000,-9.6332462E+000,-9.6663518E+000,-9.7029695E+000,-9.7356493E+000,-9.7650484E+000,-9.7905525E+000,-9.8115620E+000,-9.8265577E+000,-9.8669535E+000,-9.8330565E+000,-9.8192417E+000,-9.8183268E+000,-9.8208216E+000,-9.8220245E+000,-9.8205028E+000,-9.8186677E+000,-9.8242723E+000,-9.8222974E+000,-9.8215245E+000,-9.8254201E+000,-9.8215576E+000,-9.8189898E+000,-9.7846628E+000
