s,m/s,kg/m3,kg/m/s,Pa,Pa,Pa,Pa,Pa,Pa,Pa,Pa,Pa,Pa,Pa,Pa,Pa,Pa,Pa,Pa,Pa,Pa,Pa,Pa,Pa,Pa,Pa,Pa,Pa
Time,"UBAR","RHO","MU","P10","P20","P30","P40","P50","P60","P70","P80","P90","P100","P200","P300","P400","P500","P600","P700","P800","P900","P1000","P1100","P1200","P1300","P1400","P1500","P1600"
 0.0000000E+000, 0.0000000E+000, 1.1945618E+000, 8.9782869E-006,-3.3375429E-005,-2.3231338E-005,-3.4885437E-005,-2.5331040E-005,-3.5519108E-005,-2.2812701E-005,-3.5684023E-005,-2.2323236E-005,-3.1565720E-005,-2.2408435E-005,-2.5159964E-005,-2.2671616E-005,-2.3036435E-005,-2.4332479E-005,-2.4554838E-005,-2.5003835E-005,-2.4106680E-005,-2.4360434E-005,-2.4496310E-005,-2.2830643E-005,-2.6128968E-005,-2.3828424E-005,-2.1789010E-005,-2.6182618E-005,-2.4450788E-005
 1.6004089E+002, 9.9625281E+000, 1.1945474E+000, 8.9782869E-006, 2.1001010E+002, 2.0853242E+002, 2.0710371E+002, 2.0569634E+002, 2.0430502E+002, 2.0292246E+002, 2.0154894E+002, 2.0018771E+002, 1.9882186E+002, 1.9745992E+002, 1.8411063E+002, 1.7096736E+002, 1.5785262E+002, 1.4469862E+002, 1.3152121E+002, 1.1836035E+002, 1.0517789E+002, 9.2007495E+001, 7.8858269E+001, 6.5710196E+001, 5.2548849E+001, 3.9366777E+001, 2.6206053E+001, 1.3001591E+001, 2.8201160E-002
 3.2000000E+002, 1.0000126E+001, 1.1945508E+000, 8.9782869E-006, 9.2253667E+001, 9.1508844E+001, 9.0836582E+001, 9.0175120E+001, 8.9528642E+001, 8.8881952E+001, 8.8255455E+001, 8.7626313E+001, 8.7009124E+001, 8.6400897E+001, 8.0449577E+001, 7.4710786E+001, 6.8969588E+001, 6.3226012E+001, 5.7488925E+001, 5.1735968E+001, 4.5953854E+001, 4.0187408E+001, 3.4443933E+001, 2.8659999E+001, 2.2903272E+001, 1.7140252E+001, 1.1385558E+001, 5.6102906E+000, 1.6341637E-002
