s,m/s,kg/m3,kg/m/s,Pa,Pa,Pa,Pa,Pa,Pa,Pa,Pa,Pa,Pa,Pa,Pa,Pa,Pa,Pa,Pa,Pa,Pa,Pa,Pa,Pa,Pa,Pa,Pa,Pa
Time,"UBAR","RHO","MU","P10","P20","P30","P40","P50","P60","P70","P80","P90","P100","P200","P300","P400","P500","P600","P700","P800","P900","P1000","P1100","P1200","P1300","P1400","P1500","P1600"
 0.0000000E+000, 0.0000000E+000, 1.1945618E+000, 8.9782869E-006,-3.3375429E-005,-2.3231338E-005,-3.4885437E-005,-2.5331040E-005,-3.5519108E-005,-2.2812701E-005,-3.5684023E-005,-2.2323236E-005,-3.1565720E-005,-2.2408435E-005,-2.5159964E-005,-2.2671616E-005,-2.3036435E-005,-2.4332479E-005,-2.4554838E-005,-2.5003835E-005,-2.4106680E-005,-2.4360434E-005,-2.4496310E-005,-2.2830643E-005,-2.6128968E-005,-2.3828424E-005,-2.1789010E-005,-2.6182618E-005,-2.4450788E-005
 8.0011021E+002, 1.9986408E+000, 1.1945618E+000, 8.9782869E-006, 1.8050866E+001, 1.7866580E+001, 1.7699455E+001, 1.7550751E+001, 1.7418670E+001, 1.7301066E+001, 1.7194997E+001, 1.7098617E+001, 1.7010792E+001, 1.6928553E+001, 1.5917694E+001, 1.4820784E+001, 1.3683715E+001, 1.2537286E+001, 1.1393672E+001, 1.0253005E+001, 9.1116450E+000, 7.9701445E+000, 6.8319426E+000, 5.6920338E+000, 4.5494846E+000, 3.4090719E+000, 2.2671426E+000, 1.1245653E+000, 3.7755964E-003
 1.6000000E+003, 2.0000002E+000, 1.1945618E+000, 8.9782869E-006, 1.3771637E+001, 1.3617079E+001, 1.3478864E+001, 1.3359105E+001, 1.3257073E+001, 1.3169525E+001, 1.3094330E+001, 1.3028071E+001, 1.2970200E+001, 1.2919574E+001, 1.2201063E+001, 1.1376322E+001, 1.0503281E+001, 9.6225689E+000, 8.7474189E+000, 7.8683881E+000, 6.9893687E+000, 6.1111525E+000, 5.2380228E+000, 4.3585868E+000, 3.4836008E+000, 2.6094338E+000, 1.7351141E+000, 8.6103903E-001, 3.2831615E-003
