s,m/s,kg/m3,kg/m/s,Pa,Pa,Pa,Pa,Pa,Pa,Pa,Pa,Pa,Pa,Pa,Pa,Pa,Pa,Pa,Pa,Pa,Pa,Pa,Pa,Pa,Pa,Pa,Pa,Pa
Time,"UBAR","RHO","MU","P10","P20","P30","P40","P50","P60","P70","P80","P90","P100","P200","P300","P400","P500","P600","P700","P800","P900","P1000","P1100","P1200","P1300","P1400","P1500","P1600"
 0.0000000E+000, 0.0000000E+000, 1.1949073E+000, 1.7956572E-005,-4.6657933E-005,-3.2366033E-005,-5.0696483E-005,-3.5940530E-005,-4.8807819E-005,-3.3863808E-005,-4.7656481E-005,-3.4443301E-005,-4.5879634E-005,-3.3035130E-005,-3.6022656E-005,-3.3374756E-005,-3.1637355E-005,-3.0871273E-005,-3.5569895E-005,-3.3514636E-005,-3.2244070E-005,-3.6258603E-005,-3.5078847E-005,-3.5003636E-005,-3.5989401E-005,-3.4824006E-005,-3.1783788E-005,-3.4180296E-005,-3.2240688E-005
 4.0002496E+002, 3.9955696E+000, 1.1949072E+000, 1.7956572E-005, 5.9380694E+001, 5.8872388E+001, 5.8379719E+001, 5.7906013E+001, 5.7452040E+001, 5.7015996E+001, 5.6597286E+001, 5.6193412E+001, 5.5800414E+001, 5.5415101E+001, 5.1813651E+001, 4.8191669E+001, 4.4486734E+001, 4.0772691E+001, 3.7058144E+001, 3.3348623E+001, 2.9623799E+001, 2.5904818E+001, 2.2203755E+001, 1.8497204E+001, 1.4787122E+001, 1.1061098E+001, 7.3477276E+000, 3.6569094E+000, 2.4750515E-002
 8.0000000E+002, 3.9999997E+000, 1.1949072E+000, 1.7956572E-005, 4.1545084E+001, 4.1155149E+001, 4.0782245E+001, 4.0427114E+001, 4.0090093E+001, 3.9772325E+001, 3.9473001E+001, 3.9186580E+001, 3.8913126E+001, 3.8650440E+001, 3.6209829E+001, 3.3732650E+001, 3.1146584E+001, 2.8533146E+001, 2.5931462E+001, 2.3346705E+001, 2.0756235E+001, 1.8156368E+001, 1.5547336E+001, 1.2954375E+001, 1.0353012E+001, 7.7453530E+000, 5.1412103E+000, 2.5418493E+000, 2.3970776E-002
