s,m/s,kg/m3,kg/m/s,Pa,Pa,Pa,Pa,Pa,Pa,Pa,Pa,Pa,Pa,Pa,Pa,Pa,Pa,Pa,Pa,Pa,Pa,Pa,Pa,Pa,Pa,Pa,Pa,Pa
Time,UBAR,RHO,MU,P10,P20,P30,P40,P50,P60,P70,P80,P90,P100,P200,P300,P400,P500,P600,P700,P800,P900,P1000,P1100,P1200,P1300,P1400,P1500,P1600
 0.0000000E+000, 0.0000000E+000, 1.1945617E+000, 1.7956572E-005,-3.1980641E-005,-1.9783964E-005,-3.5010449E-005,-1.9462283E-005,-3.2484048E-005,-2.0652998E-005,-2.9796173E-005,-2.2044636E-005,-2.9446684E-005,-2.1123076E-005,-2.5429480E-005,-2.1924779E-005,-2.2144476E-005,-2.1366859E-005,-1.9715544E-005,-2.1658980E-005,-2.1500281E-005,-2.2948500E-005,-2.4873888E-005,-2.1800864E-005,-2.2499294E-005,-1.8385552E-005,-2.2042811E-005,-1.9480792E-005,-2.1549424E-005
 8.0054337E+002, 1.9989739E+000, 1.1945617E+000, 1.7956572E-005, 9.4584861E+000, 9.3866343E+000, 9.3210264E+000, 9.2523481E+000, 9.1910807E+000, 9.1255437E+000, 9.0659250E+000, 9.0013350E+000, 8.9419449E+000, 8.8793253E+000, 8.2764873E+000, 7.6814711E+000, 7.0902324E+000, 6.4971866E+000, 5.9039442E+000, 5.3137177E+000, 4.7233642E+000, 4.1319748E+000, 3.5403504E+000, 2.9502141E+000, 2.3586937E+000, 1.7691830E+000, 1.1781467E+000, 5.8492412E-001, 4.4608332E-003
 1.6000000E+003, 1.9999989E+000, 1.1945614E+000, 1.7956572E-005, 4.7293414E+000, 4.6856116E+000, 4.6520091E+000, 4.6134235E+000, 4.5817541E+000, 4.5460019E+000, 4.5145232E+000, 4.4793525E+000, 4.4495479E+000, 4.4164128E+000, 4.1128119E+000, 3.8135494E+000, 3.5181128E+000, 3.2254024E+000, 2.9328179E+000, 2.6394201E+000, 2.3463796E+000, 2.0515048E+000, 1.7581541E+000, 1.4658091E+000, 1.1702290E+000, 8.7755314E-001, 5.8302368E-001, 2.8787868E-001, 2.5868063E-003
