s,m/s,kg/m3,kg/m/s,Pa,Pa,Pa,Pa,Pa,Pa,Pa,Pa,Pa,Pa,Pa,Pa,Pa,Pa,Pa,Pa,Pa,Pa,Pa,Pa,Pa,Pa,Pa,Pa,Pa
Time,"UBAR","RHO","MU","P10","P20","P30","P40","P50","P60","P70","P80","P90","P100","P200","P300","P400","P500","P600","P700","P800","P900","P1000","P1100","P1200","P1300","P1400","P1500","P1600"
 0.0000000E+000, 0.0000000E+000, 1.1945618E+000, 8.9782869E-006,-3.3375429E-005,-2.3231338E-005,-3.4885437E-005,-2.5331040E-005,-3.5519108E-005,-2.2812701E-005,-3.5684023E-005,-2.2323236E-005,-3.1565720E-005,-2.2408435E-005,-2.5159964E-005,-2.2671616E-005,-2.3036435E-005,-2.4332479E-005,-2.4554838E-005,-2.5003835E-005,-2.4106680E-005,-2.4360434E-005,-2.4496310E-005,-2.2830643E-005,-2.6128968E-005,-2.3828424E-005,-2.1789010E-005,-2.6182618E-005,-2.4450788E-005
 1.6003553E+002, 9.9624012E+000, 1.1945620E+000, 8.9782869E-006, 2.0602438E+002, 2.0458813E+002, 2.0316148E+002, 2.0175069E+002, 2.0034683E+002, 1.9895551E+002, 1.9757722E+002, 1.9620596E+002, 1.9484870E+002, 1.9350785E+002, 1.8044057E+002, 1.6761712E+002, 1.5488119E+002, 1.4210042E+002, 1.2924510E+002, 1.1633458E+002, 1.0340391E+002, 9.0464446E+001, 7.7502077E+001, 6.4558576E+001, 5.1606360E+001, 3.8667355E+001, 2.5743783E+001, 1.2796014E+001,-4.8221430E-005
 3.2000000E+002, 9.9999986E+000, 1.1945617E+000, 8.9782869E-006, 8.9422406E+001, 8.8729308E+001, 8.8040788E+001, 8.7371925E+001, 8.6707394E+001, 8.6063582E+001, 8.5426949E+001, 8.4804960E+001, 8.4192006E+001, 8.3583953E+001, 7.7889949E+001, 7.2433579E+001, 6.7071122E+001, 6.1670719E+001, 5.6159151E+001, 5.0550722E+001, 4.4902766E+001, 3.9246627E+001, 3.3612335E+001, 2.7978077E+001, 2.2354240E+001, 1.6735121E+001, 1.1124568E+001, 5.4940295E+000, 1.4886487E-002
