s,m/s,kg/m3,kg/m/s,Pa,Pa,Pa,Pa,Pa,Pa,Pa,Pa,Pa,Pa,Pa,Pa,Pa,Pa,Pa,Pa,Pa,Pa,Pa,Pa,Pa,Pa,Pa,Pa,Pa
Time,"UBAR","RHO","MU","P10","P20","P30","P40","P50","P60","P70","P80","P90","P100","P200","P300","P400","P500","P600","P700","P800","P900","P1000","P1100","P1200","P1300","P1400","P1500","P1600"
 0.0000000E+000, 0.0000000E+000, 1.1945618E+000, 8.9782869E-006,-3.3375429E-005,-2.3231338E-005,-3.4885437E-005,-2.5331040E-005,-3.5519108E-005,-2.2812701E-005,-3.5684023E-005,-2.2323236E-005,-3.1565720E-005,-2.2408435E-005,-2.5159964E-005,-2.2671616E-005,-2.3036435E-005,-2.4332479E-005,-2.4554838E-005,-2.5003835E-005,-2.4106680E-005,-2.4360434E-005,-2.4496310E-005,-2.2830643E-005,-2.6128968E-005,-2.3828424E-005,-2.1789010E-005,-2.6182618E-005,-2.4450788E-005
 8.0007520E+002, 1.9986405E+000, 1.1945618E+000, 8.9782869E-006, 9.2221874E+000, 9.1553986E+000, 9.0890315E+000, 9.0232920E+000, 8.9584600E+000, 8.8944586E+000, 8.8313641E+000, 8.7695220E+000, 8.7084205E+000, 8.6487296E+000, 8.0711407E+000, 7.5023071E+000, 6.9341340E+000, 6.3613968E+000, 5.7840198E+000, 5.2048668E+000, 4.6263247E+000, 4.0471127E+000, 3.4675134E+000, 2.8881684E+000, 2.3094329E+000, 1.7310872E+000, 1.1525753E+000, 5.7334440E-001, 1.3306651E-003
 1.6000000E+003, 1.9999997E+000, 1.1945620E+000, 8.9782869E-006, 4.5685286E+000, 4.5319049E+000, 4.4951989E+000, 4.4590322E+000, 4.4237214E+000, 4.3894221E+000, 4.3562591E+000, 4.3242053E+000, 4.2933404E+000, 4.2634010E+000, 3.9814234E+000, 3.7078371E+000, 3.4350299E+000, 3.1562722E+000, 2.8705499E+000, 2.5818224E+000, 2.2929230E+000, 2.0052409E+000, 1.7180404E+000, 1.4308408E+000, 1.1440214E+000, 8.5579315E-001, 5.6803609E-001, 2.8079054E-001, 7.9851539E-004
