s,m/s,kg/m3,kg/m/s,Pa,Pa,Pa,Pa,Pa,Pa,Pa,Pa,Pa,Pa,Pa,Pa,Pa,Pa,Pa,Pa,Pa,Pa,Pa,Pa,Pa,Pa,Pa,Pa,Pa
Time,"UBAR","RHO","MU","P10","P20","P30","P40","P50","P60","P70","P80","P90","P100","P200","P300","P400","P500","P600","P700","P800","P900","P1000","P1100","P1200","P1300","P1400","P1500","P1600"
 0.0000000E+000, 0.0000000E+000, 1.1945617E+000, 1.7956572E-005,-3.1980641E-005,-1.9783964E-005,-3.5010449E-005,-1.9462283E-005,-3.2484049E-005,-2.0652998E-005,-2.9796173E-005,-2.2044636E-005,-2.9446684E-005,-2.1123076E-005,-2.5429480E-005,-2.1924779E-005,-2.2144477E-005,-2.1366859E-005,-1.9715544E-005,-2.1658981E-005,-2.1500282E-005,-2.2948501E-005,-2.4873888E-005,-2.1800865E-005,-2.2499293E-005,-1.8385552E-005,-2.2042811E-005,-1.9480792E-005,-2.1549425E-005
 8.0044231E+002, 1.9989777E+000, 1.1945618E+000, 1.7956572E-005, 1.8106878E+001, 1.7954636E+001, 1.7806183E+001, 1.7660799E+001, 1.7520672E+001, 1.7384084E+001, 1.7253535E+001, 1.7125444E+001, 1.7004537E+001, 1.6886745E+001, 1.5799820E+001, 1.4698469E+001, 1.3571870E+001, 1.2439509E+001, 1.1306516E+001, 1.0173196E+001, 9.0398381E+000, 7.9093783E+000, 6.7750122E+000, 5.6401754E+000, 4.5071693E+000, 3.3823968E+000, 2.2488714E+000, 1.1138667E+000, 9.2271482E-003
 1.6000000E+003, 2.0000008E+000, 1.1945622E+000, 1.7956572E-005, 1.3878129E+001, 1.3755514E+001, 1.3637155E+001, 1.3521114E+001, 1.3410252E+001, 1.3302166E+001, 1.3200635E+001, 1.3103192E+001, 1.3013237E+001, 1.2923982E+001, 1.2123339E+001, 1.1286277E+001, 1.0424965E+001, 9.5560830E+000, 8.6860601E+000, 7.8173075E+000, 6.9435850E+000, 6.0732462E+000, 5.2017013E+000, 4.3334725E+000, 3.4615798E+000, 2.5892473E+000, 1.7224656E+000, 8.5315195E-001, 7.5327658E-003
