s,m/s,kg/m3,kg/m/s,Pa,Pa,Pa,Pa,Pa,Pa,Pa,Pa,Pa,Pa,Pa,Pa,Pa,Pa,Pa,Pa,Pa,Pa,Pa,Pa,Pa,Pa,Pa,Pa,Pa
Time,"UBAR","RHO","MU","P10","P20","P30","P40","P50","P60","P70","P80","P90","P100","P200","P300","P400","P500","P600","P700","P800","P900","P1000","P1100","P1200","P1300","P1400","P1500","P1600"
 0.0000000E+000, 0.0000000E+000, 1.1945617E+000, 1.7956572E-005,-3.3375424E-005,-2.3231335E-005,-3.4885432E-005,-2.5331037E-005,-3.5519103E-005,-2.2812698E-005,-3.5684018E-005,-2.2323233E-005,-3.1565716E-005,-2.2408432E-005,-2.5159961E-005,-2.2671613E-005,-2.3036432E-005,-2.4332476E-005,-2.4554835E-005,-2.5003832E-005,-2.4106676E-005,-2.4360431E-005,-2.4496306E-005,-2.2830640E-005,-2.6128964E-005,-2.3828421E-005,-2.1789007E-005,-2.6182614E-005,-2.4450785E-005
 1.6000350E+002, 9.9624543E+000, 1.1945612E+000, 1.7956572E-005, 4.4554179E+002, 4.4092933E+002, 4.3668297E+002, 4.3297328E+002, 4.2974492E+002, 4.2700020E+002, 4.2453298E+002, 4.2215518E+002, 4.1974438E+002, 4.1724678E+002, 3.9041202E+002, 3.6282976E+002, 3.3495256E+002, 3.0693548E+002, 2.7903070E+002, 2.5101659E+002, 2.2302513E+002, 1.9509479E+002, 1.6708862E+002, 1.3906173E+002, 1.1113132E+002, 8.3302974E+001, 5.5454036E+001, 2.7517051E+001, 9.2735991E-002
 3.2000000E+002, 1.0000338E+001, 1.1945225E+000, 1.7956572E-005, 3.3634823E+002, 3.3245244E+002, 3.2893668E+002, 3.2591439E+002, 3.2340363E+002, 3.2136346E+002, 3.1962880E+002, 3.1801342E+002, 3.1634815E+002, 3.1462116E+002, 2.9491239E+002, 2.7426213E+002, 2.5324177E+002, 2.3209220E+002, 2.1089966E+002, 1.8976907E+002, 1.6865511E+002, 1.4748963E+002, 1.2627955E+002, 1.0520550E+002, 8.4040049E+001, 6.2900039E+001, 4.1781200E+001, 2.0681554E+001, 8.1735910E-002
