s,m/s,kg/m3,kg/m/s,Pa,Pa,Pa,Pa,Pa,Pa,Pa,Pa,Pa,Pa,Pa,Pa,Pa,Pa,Pa,Pa,Pa,Pa,Pa,Pa,Pa,Pa,Pa,Pa,Pa
Time,"UBAR","RHO","MU","P10","P20","P30","P40","P50","P60","P70","P80","P90","P100","P200","P300","P400","P500","P600","P700","P800","P900","P1000","P1100","P1200","P1300","P1400","P1500","P1600"
 0.0000000E+000, 0.0000000E+000, 1.1945617E+000, 1.7956572E-005,-3.3375424E-005,-2.3231335E-005,-3.4885432E-005,-2.5331037E-005,-3.5519103E-005,-2.2812698E-005,-3.5684018E-005,-2.2323233E-005,-3.1565716E-005,-2.2408432E-005,-2.5159961E-005,-2.2671613E-005,-2.3036432E-005,-2.4332476E-005,-2.4554835E-005,-2.5003832E-005,-2.4106676E-005,-2.4360431E-005,-2.4496306E-005,-2.2830640E-005,-2.6128964E-005,-2.3828421E-005,-2.1789007E-005,-2.6182614E-005,-2.4450785E-005
 8.0000390E+002, 1.9986506E+000, 1.1945573E+000, 1.7956572E-005, 9.1842158E+000, 9.1147829E+000, 9.0486212E+000, 8.9825153E+000, 8.9183618E+000, 8.8541741E+000, 8.7918128E+000, 8.7292138E+000, 8.6692734E+000, 8.6085373E+000, 8.0253600E+000, 7.4515815E+000, 6.8807833E+000, 6.3066042E+000, 5.7329634E+000, 5.1588900E+000, 4.5843959E+000, 4.0098034E+000, 3.4356322E+000, 2.8615753E+000, 2.2880309E+000, 1.7149231E+000, 1.1401245E+000, 5.6603917E-001, 1.8276938E-003
 1.6000000E+003, 2.0000269E+000, 1.1945499E+000, 1.7956572E-005, 4.4861785E+000, 4.4454900E+000, 4.4087823E+000, 4.3719208E+000, 4.3376588E+000, 4.3026274E+000, 4.2702747E+000, 4.2378607E+000, 4.2067034E+000, 4.1760676E+000, 3.8906929E+000, 3.6132177E+000, 3.3362860E+000, 3.0580923E+000, 2.7795255E+000, 2.5009785E+000, 2.2219709E+000, 1.9432016E+000, 1.6637344E+000, 1.3847050E+000, 1.1052757E+000, 8.2736058E-001, 5.4875284E-001, 2.7019018E-001, 8.1944529E-004
