s,m/s,kg/m3,kg/m/s,Pa,Pa,Pa,Pa,Pa,Pa,Pa,Pa,Pa,Pa,Pa,Pa,Pa,Pa,Pa,Pa,Pa,Pa,Pa,Pa,Pa,Pa,Pa,Pa,Pa
Time,"UBAR","RHO","MU","P10","P20","P30","P40","P50","P60","P70","P80","P90","P100","P200","P300","P400","P500","P600","P700","P800","P900","P1000","P1100","P1200","P1300","P1400","P1500","P1600"
 0.0000000E+000, 0.0000000E+000, 1.1945618E+000, 8.9782869E-006,-3.3375429E-005,-2.3231338E-005,-3.4885437E-005,-2.5331040E-005,-3.5519108E-005,-2.2812701E-005,-3.5684023E-005,-2.2323236E-005,-3.1565720E-005,-2.2408435E-005,-2.5159964E-005,-2.2671616E-005,-2.3036435E-005,-2.4332479E-005,-2.4554838E-005,-2.5003835E-005,-2.4106680E-005,-2.4360434E-005,-2.4496310E-005,-2.2830643E-005,-2.6128968E-005,-2.3828424E-005,-2.1789010E-005,-2.6182618E-005,-2.4450788E-005
 8.0001351E+002, 1.9986401E+000, 1.1945616E+000, 8.9782869E-006, 1.8474413E+001, 1.8288691E+001, 1.8119486E+001, 1.7969244E+001, 1.7838312E+001, 1.7725815E+001, 1.7627121E+001, 1.7532647E+001, 1.7435513E+001, 1.7333186E+001, 1.6223388E+001, 1.5077914E+001, 1.3915275E+001, 1.2747876E+001, 1.1584378E+001, 1.0422023E+001, 9.2612862E+000, 8.0986147E+000, 6.9412910E+000, 5.7840448E+000, 4.6236865E+000, 3.4615810E+000, 2.2987698E+000, 1.1376393E+000, 4.4163985E-003
 1.6000000E+003, 2.0000438E+000, 1.1945429E+000, 8.9782869E-006, 1.4173720E+001, 1.4016904E+001, 1.3876482E+001, 1.3754826E+001, 1.3652227E+001, 1.3570505E+001, 1.3503567E+001, 1.3441370E+001, 1.3377529E+001, 1.3306024E+001, 1.2472331E+001, 1.1593208E+001, 1.0701275E+001, 9.8058446E+000, 8.9125406E+000, 8.0186294E+000, 7.1255854E+000, 6.2307474E+000, 5.3389117E+000, 4.4469917E+000, 3.5528534E+000, 2.6582107E+000, 1.7637715E+000, 8.7354479E-001, 3.5449831E-003
