s,m/s,kg/m3,kg/m/s,Pa,Pa,Pa,Pa,Pa,Pa,Pa,Pa,Pa,Pa,Pa,Pa,Pa,Pa,Pa,Pa,Pa,Pa,Pa,Pa,Pa,Pa,Pa,Pa,Pa
Time,"UBAR","RHO","MU","P10","P20","P30","P40","P50","P60","P70","P80","P90","P100","P200","P300","P400","P500","P600","P700","P800","P900","P1000","P1100","P1200","P1300","P1400","P1500","P1600"
 0.0000000E+000, 0.0000000E+000, 1.1945617E+000, 8.9782859E-006,-3.3375424E-005,-2.3231335E-005,-3.4885432E-005,-2.5331037E-005,-3.5519103E-005,-2.2812698E-005,-3.5684018E-005,-2.2323233E-005,-3.1565716E-005,-2.2408432E-005,-2.5159961E-005,-2.2671613E-005,-2.3036432E-005,-2.4332476E-005,-2.4554835E-005,-2.5003832E-005,-2.4106676E-005,-2.4360431E-005,-2.4496306E-005,-2.2830640E-005,-2.6128964E-005,-2.3828421E-005,-2.1789007E-005,-2.6182614E-005,-2.4450785E-005
 8.0023585E+002, 1.9986424E+000, 1.1945600E+000, 8.9782859E-006, 1.7748579E+001, 1.7563244E+001, 1.7393544E+001, 1.7243298E+001, 1.7113269E+001, 1.7000449E+001, 1.6901665E+001, 1.6807643E+001, 1.6713227E+001, 1.6613915E+001, 1.5543048E+001, 1.4444024E+001, 1.3332684E+001, 1.2218276E+001, 1.1107220E+001, 9.9943920E+000, 8.8825372E+000, 7.7716070E+000, 6.6583967E+000, 5.5443700E+000, 4.4312352E+000, 3.3194652E+000, 2.2061891E+000, 1.0931116E+000, 4.2276826E-003
 1.6000000E+003, 2.0000718E+000, 1.1945204E+000, 8.9782859E-006, 1.3369658E+001, 1.3213695E+001, 1.3072833E+001, 1.2951712E+001, 1.2851183E+001, 1.2768451E+001, 1.2699805E+001, 1.2636304E+001, 1.2573549E+001, 1.2503533E+001, 1.1720903E+001, 1.0898129E+001, 1.0061772E+001, 9.2224685E+000, 8.3810492E+000, 7.5409659E+000, 6.7003565E+000, 5.8641100E+000, 5.0243618E+000, 4.1837884E+000, 3.3424098E+000, 2.5054196E+000, 1.6639787E+000, 8.2205739E-001, 3.3725593E-003
