s,m/s,kg/m3,kg/m/s,Pa,Pa,Pa,Pa,Pa,Pa,Pa,Pa,Pa,Pa,Pa,Pa,Pa,Pa,Pa,Pa,Pa,Pa,Pa,Pa,Pa,Pa,Pa,Pa,Pa
Time,"UBAR","RHO","MU","P10","P20","P30","P40","P50","P60","P70","P80","P90","P100","P200","P300","P400","P500","P600","P700","P800","P900","P1000","P1100","P1200","P1300","P1400","P1500","P1600"
 0.0000000E+000, 0.0000000E+000, 1.1949073E+000, 1.7956572E-005,-4.7850179E-005,-3.5758998E-005,-5.0729530E-005,-3.6412311E-005,-5.0586932E-005,-3.5108813E-005,-4.9204030E-005,-3.6965818E-005,-4.7332899E-005,-3.5657055E-005,-3.5711202E-005,-3.7100220E-005,-3.5458230E-005,-3.4850506E-005,-3.5311800E-005,-3.5322616E-005,-3.5089411E-005,-3.6328965E-005,-3.6907655E-005,-3.5540939E-005,-3.6553790E-005,-3.5769673E-005,-3.5031111E-005,-3.5008038E-005,-3.6537385E-005
 4.0004441E+002, 3.9943697E+000, 1.1949073E+000, 1.7956572E-005,-9.5716087E+000,-9.6318758E+000,-9.6914569E+000,-9.7398111E+000,-9.7736635E+000,-9.7936979E+000,-9.8101071E+000,-9.8232586E+000,-9.8339269E+000,-9.8434624E+000,-9.8198620E+000,-9.8066952E+000,-9.8098142E+000,-9.8081698E+000,-9.8085498E+000,-9.8076900E+000,-9.8087449E+000,-9.8099419E+000,-9.8083966E+000,-9.8081645E+000,-9.8086435E+000,-9.8089462E+000,-9.8077749E+000,-9.8081376E+000,-9.7734703E+000
 8.0000000E+002, 4.0000004E+000, 1.1949073E+000, 1.7956572E-005,-9.5930279E+000,-9.6536146E+000,-9.7131455E+000,-9.7623469E+000,-9.7959910E+000,-9.8177652E+000,-9.8332447E+000,-9.8461718E+000,-9.8580456E+000,-9.8674946E+000,-9.8296267E+000,-9.8168771E+000,-9.8197689E+000,-9.8174588E+000,-9.8211991E+000,-9.8195080E+000,-9.8182321E+000,-9.8186734E+000,-9.8194859E+000,-9.8193438E+000,-9.8185048E+000,-9.8178908E+000,-9.8192875E+000,-9.8197876E+000,-9.7821540E+000
