s,m/s,kg/m3,kg/m/s,Pa,Pa,Pa,Pa,Pa,Pa,Pa,Pa,Pa,Pa,Pa,Pa,Pa,Pa,Pa,Pa,Pa,Pa,Pa,Pa,Pa,Pa,Pa,Pa,Pa
Time,"UBAR","RHO","MU","P10","P20","P30","P40","P50","P60","P70","P80","P90","P100","P200","P300","P400","P500","P600","P700","P800","P900","P1000","P1100","P1200","P1300","P1400","P1500","P1600"
 0.0000000E+000, 0.0000000E+000, 1.1945617E+000, 1.7956572E-005,-3.1980641E-005,-1.9783964E-005,-3.5010449E-005,-1.9462283E-005,-3.2484049E-005,-2.0652998E-005,-2.9796173E-005,-2.2044636E-005,-2.9446684E-005,-2.1123076E-005,-2.5429480E-005,-2.1924779E-005,-2.2144477E-005,-2.1366859E-005,-1.9715544E-005,-2.1658981E-005,-2.1500282E-005,-2.2948501E-005,-2.4873888E-005,-2.1800865E-005,-2.2499293E-005,-1.8385552E-005,-2.2042811E-005,-1.9480792E-005,-2.1549425E-005
 1.6001330E+002, 9.9648657E+000, 1.1945619E+000, 1.7956572E-005, 4.4504228E+002, 4.4127032E+002, 4.3757635E+002, 4.3397550E+002, 4.3048572E+002, 4.2713759E+002, 4.2390663E+002, 4.2079818E+002, 4.1781644E+002, 4.1495340E+002, 3.8828653E+002, 3.6125142E+002, 3.3360236E+002, 3.0582144E+002, 2.7799581E+002, 2.5010821E+002, 2.2233312E+002, 1.9454513E+002, 1.6672123E+002, 1.3901657E+002, 1.1112215E+002, 8.3374947E+001, 5.5447309E+001, 2.7552154E+001, 2.1689486E-001
 3.2000000E+002, 9.9999982E+000, 1.1945619E+000, 1.7956572E-005, 3.3909948E+002, 3.3604919E+002, 3.3309651E+002, 3.3023180E+002, 3.2745369E+002, 3.2482181E+002, 3.2229208E+002, 3.1992596E+002, 3.1770163E+002, 3.1558735E+002, 2.9609937E+002, 2.7559055E+002, 2.5451015E+002, 2.3320181E+002, 2.1200560E+002, 1.9075604E+002, 1.6951762E+002, 1.4827598E+002, 1.2706083E+002, 1.0576437E+002, 8.4513885E+001, 6.3348180E+001, 4.2094021E+001, 2.0918093E+001, 1.9270059E-001
