s,m/s,kg/m3,kg/m/s,Pa,Pa,Pa,Pa,Pa,Pa,Pa,Pa,Pa,Pa,Pa,Pa,Pa,Pa,Pa,Pa,Pa,Pa,Pa,Pa,Pa,Pa,Pa,Pa,Pa
Time,UBAR,RHO,MU,P10,P20,P30,P40,P50,P60,P70,P80,P90,P100,P200,P300,P400,P500,P600,P700,P800,P900,P1000,P1100,P1200,P1300,P1400,P1500,P1600
 0.0000000E+000, 0.0000000E+000, 1.1945617E+000, 1.7956572E-005,-3.3375424E-005,-2.3231336E-005,-3.4885432E-005,-2.5331037E-005,-3.5519103E-005,-2.2812697E-005,-3.5684018E-005,-2.2323234E-005,-3.1565716E-005,-2.2408432E-005,-2.5159961E-005,-2.2671613E-005,-2.3036432E-005,-2.4332475E-005,-2.4554835E-005,-2.5003832E-005,-2.4106677E-005,-2.4360431E-005,-2.4496306E-005,-2.2830640E-005,-2.6128965E-005,-2.3828421E-005,-2.1789007E-005,-2.6182614E-005,-2.4450785E-005
 8.0005022E+002, 1.9986428E+000, 1.1945615E+000, 1.7956572E-005, 9.1929961E+000, 9.1232741E+000, 9.0565424E+000, 8.9902469E+000, 8.9263261E+000, 8.8624404E+000, 8.8003341E+000, 8.7377465E+000, 8.6773851E+000, 8.6166106E+000, 8.0332936E+000, 7.4607106E+000, 6.8884369E+000, 6.3145701E+000, 5.7395801E+000, 5.1654476E+000, 4.5895618E+000, 4.0146846E+000, 3.4399998E+000, 2.8651790E+000, 2.2905377E+000, 1.7168801E+000, 1.1418319E+000, 5.6646603E-001, 1.8217199E-003
 1.6000000E+003, 2.0000055E+000, 1.1945581E+000, 1.7956572E-005, 4.4838023E+000, 4.4434321E+000, 4.4062369E+000, 4.3685337E+000, 4.3344561E+000, 4.3004356E+000, 4.2684406E+000, 4.2358546E+000, 4.2050290E+000, 4.1739938E+000, 3.8897406E+000, 3.6128787E+000, 3.3358411E+000, 3.0573978E+000, 2.7779297E+000, 2.4994258E+000, 2.2215638E+000, 1.9416942E+000, 1.6625936E+000, 1.3841854E+000, 1.1049278E+000, 8.2682704E-001, 5.4776297E-001, 2.6996250E-001, 8.2429805E-004
