s,m/s,kg/m3,kg/m/s,Pa,Pa,Pa,Pa,Pa,Pa,Pa,Pa,Pa,Pa,Pa,Pa,Pa,Pa,Pa,Pa,Pa,Pa,Pa,Pa,Pa,Pa,Pa,Pa,Pa
Time,"UBAR","RHO","MU","P10","P20","P30","P40","P50","P60","P70","P80","P90","P100","P200","P300","P400","P500","P600","P700","P800","P900","P1000","P1100","P1200","P1300","P1400","P1500","P1600"
 0.0000000E+000, 0.0000000E+000, 1.1945617E+000, 1.7956572E-005,-3.1980641E-005,-1.9783964E-005,-3.5010449E-005,-1.9462283E-005,-3.2484049E-005,-2.0652998E-005,-2.9796173E-005,-2.2044636E-005,-2.9446684E-005,-2.1123076E-005,-2.5429480E-005,-2.1924779E-005,-2.2144477E-005,-2.1366859E-005,-1.9715544E-005,-2.1658981E-005,-2.1500282E-005,-2.2948501E-005,-2.4873888E-005,-2.1800865E-005,-2.2499293E-005,-1.8385552E-005,-2.2042811E-005,-1.9480792E-005,-2.1549425E-005
 1.6012495E+002, 9.9647552E+000, 1.1945615E+000, 1.7956572E-005, 2.0465928E+002, 2.0318121E+002, 2.0172451E+002, 2.0033064E+002, 1.9906062E+002, 1.9777340E+002, 1.9648256E+002, 1.9518171E+002, 1.9385736E+002, 1.9256433E+002, 1.7961809E+002, 1.6669042E+002, 1.5384796E+002, 1.4101351E+002, 1.2817413E+002, 1.1537336E+002, 1.0253619E+002, 8.9660433E+001, 7.6816813E+001, 6.4063393E+001, 5.1253869E+001, 3.8381987E+001, 2.5620874E+001, 1.2739509E+001, 7.6258452E-002
 3.2000000E+002, 1.0000004E+001, 1.1945619E+000, 1.7956572E-005, 8.7073889E+001, 8.6306599E+001, 8.5652490E+001, 8.5076880E+001, 8.4480061E+001, 8.3930763E+001, 8.3354472E+001, 8.2770885E+001, 8.2221920E+001, 8.1671843E+001, 7.6110523E+001, 7.0611161E+001, 6.5157824E+001, 5.9695872E+001, 5.4297893E+001, 4.8877131E+001, 4.3419361E+001, 3.7956599E+001, 3.2532387E+001, 2.7083459E+001, 2.1625757E+001, 1.6156789E+001, 1.0778743E+001, 5.3142408E+000, 4.7342732E-002
