s,m/s,kg/m3,kg/m/s,Pa,Pa,Pa,Pa,Pa,Pa,Pa,Pa,Pa,Pa,Pa,Pa,Pa,Pa,Pa,Pa,Pa,Pa,Pa,Pa,Pa,Pa,Pa,Pa,Pa
Time,"UBAR","RHO","MU","P10","P20","P30","P40","P50","P60","P70","P80","P90","P100","P200","P300","P400","P500","P600","P700","P800","P900","P1000","P1100","P1200","P1300","P1400","P1500","P1600"
 0.0000000E+000, 0.0000000E+000, 1.1945617E+000, 1.7956572E-005,-3.1980641E-005,-1.9783964E-005,-3.5010449E-005,-1.9462283E-005,-3.2484049E-005,-2.0652998E-005,-2.9796173E-005,-2.2044636E-005,-2.9446684E-005,-2.1123076E-005,-2.5429480E-005,-2.1924779E-005,-2.2144477E-005,-2.1366859E-005,-1.9715544E-005,-2.1658981E-005,-2.1500282E-005,-2.2948501E-005,-2.4873888E-005,-2.1800865E-005,-2.2499293E-005,-1.8385552E-005,-2.2042811E-005,-1.9480792E-005,-2.1549425E-005
 1.6001330E+002, 9.9648658E+000, 1.1945619E+000, 1.7956572E-005,-5.9683022E+001,-5.9866677E+001,-6.0106846E+001,-6.0408494E+001,-6.0748309E+001,-6.1032368E+001,-6.1325764E+001,-6.1561537E+001,-6.1756006E+001,-6.1887601E+001,-6.1965803E+001,-6.1790985E+001,-6.1728954E+001,-6.1730337E+001,-6.1734184E+001,-6.1745857E+001,-6.1740118E+001,-6.1752449E+001,-6.1733416E+001,-6.1712744E+001,-6.1743959E+001,-6.1671775E+001,-6.1697108E+001,-6.1767052E+001,-6.1298251E+001
 3.2000000E+002, 9.9999940E+000, 1.1945615E+000, 1.7956572E-005,-6.0125991E+001,-6.0306372E+001,-6.0498108E+001,-6.0781398E+001,-6.1113695E+001,-6.1423596E+001,-6.1729209E+001,-6.1935171E+001,-6.2093433E+001,-6.2212431E+001,-6.2144484E+001,-6.1922424E+001,-6.1901709E+001,-6.1889894E+001,-6.1865400E+001,-6.1876704E+001,-6.1934011E+001,-6.1896831E+001,-6.1872200E+001,-6.1904759E+001,-6.1843303E+001,-6.1886773E+001,-6.1895730E+001,-6.1960057E+001,-6.1454989E+001
