s,m/s,kg/m3,kg/m/s,Pa,Pa,Pa,Pa,Pa,Pa,Pa,Pa,Pa,Pa,Pa,Pa,Pa,Pa,Pa,Pa,Pa,Pa,Pa,Pa,Pa,Pa,Pa,Pa,Pa
Time,"UBAR","RHO","MU","P10","P20","P30","P40","P50","P60","P70","P80","P90","P100","P200","P300","P400","P500","P600","P700","P800","P900","P1000","P1100","P1200","P1300","P1400","P1500","P1600"
 0.0000000E+000, 0.0000000E+000, 1.1945617E+000, 1.7956572E-005,-3.3375424E-005,-2.3231336E-005,-3.4885432E-005,-2.5331037E-005,-3.5519103E-005,-2.2812697E-005,-3.5684018E-005,-2.2323234E-005,-3.1565716E-005,-2.2408432E-005,-2.5159961E-005,-2.2671613E-005,-2.3036432E-005,-2.4332475E-005,-2.4554835E-005,-2.5003832E-005,-2.4106677E-005,-2.4360431E-005,-2.4496306E-005,-2.2830640E-005,-2.6128965E-005,-2.3828421E-005,-2.1789007E-005,-2.6182614E-005,-2.4450785E-005
 1.6001229E+002, 9.9624314E+000, 1.1945614E+000, 1.7956572E-005, 4.4570240E+002, 4.4108352E+002, 4.3684204E+002, 4.3313011E+002, 4.2990288E+002, 4.2717215E+002, 4.2471641E+002, 4.2232207E+002, 4.1992487E+002, 4.1743593E+002, 3.9055446E+002, 3.6294350E+002, 3.3504903E+002, 3.0706278E+002, 2.7916107E+002, 2.5123360E+002, 2.2315581E+002, 1.9522164E+002, 1.6724492E+002, 1.3933475E+002, 1.1141014E+002, 8.3442504E+001, 5.5464660E+001, 2.7551153E+001, 9.1785616E-002
 3.2000000E+002, 1.0002761E+001, 1.1944576E+000, 1.7956572E-005, 3.3453669E+002, 3.3065485E+002, 3.2714197E+002, 3.2411257E+002, 3.2157870E+002, 3.1945941E+002, 3.1770912E+002, 3.1615469E+002, 3.1458366E+002, 3.1291250E+002, 2.9356747E+002, 2.7314281E+002, 2.5206678E+002, 2.3093881E+002, 2.0994949E+002, 1.8890724E+002, 1.6790835E+002, 1.4695988E+002, 1.2580765E+002, 1.0475847E+002, 8.3735623E+001, 6.2754712E+001, 4.1658200E+001, 2.0608282E+001, 8.4242374E-002
