s,m/s,kg/m3,kg/m/s,Pa,Pa,Pa,Pa,Pa,Pa,Pa,Pa,Pa,Pa,Pa,Pa,Pa,Pa,Pa,Pa,Pa,Pa,Pa,Pa,Pa,Pa,Pa,Pa,Pa
Time,"UBAR","RHO","MU","P10","P20","P30","P40","P50","P60","P70","P80","P90","P100","P200","P300","P400","P500","P600","P700","P800","P900","P1000","P1100","P1200","P1300","P1400","P1500","P1600"
 0.0000000E+000, 0.0000000E+000, 1.1945617E+000, 1.7956572E-005,-3.1980641E-005,-1.9783964E-005,-3.5010449E-005,-1.9462283E-005,-3.2484049E-005,-2.0652998E-005,-2.9796173E-005,-2.2044636E-005,-2.9446684E-005,-2.1123076E-005,-2.5429480E-005,-2.1924779E-005,-2.2144477E-005,-2.1366859E-005,-1.9715544E-005,-2.1658981E-005,-2.1500282E-005,-2.2948501E-005,-2.4873888E-005,-2.1800865E-005,-2.2499293E-005,-1.8385552E-005,-2.2042811E-005,-1.9480792E-005,-2.1549425E-005
 1.6009948E+002, 9.9649133E+000, 1.1945614E+000, 1.7956572E-005, 2.0505901E+002, 2.0360355E+002, 2.0221678E+002, 2.0085174E+002, 1.9954382E+002, 1.9822937E+002, 1.9692203E+002, 1.9559357E+002, 1.9425718E+002, 1.9293909E+002, 1.7999146E+002, 1.6706699E+002, 1.5417826E+002, 1.4131642E+002, 1.2847906E+002, 1.1565326E+002, 1.0280187E+002, 8.9954056E+001, 7.7079549E+001, 6.4179718E+001, 5.1351669E+001, 3.8448707E+001, 2.5624420E+001, 1.2766943E+001, 7.5003192E-002
 3.2000000E+002, 9.9999966E+000, 1.1945619E+000, 1.7956572E-005, 8.7078355E+001, 8.6287542E+001, 8.5618362E+001, 8.5003174E+001, 8.4411312E+001, 8.3873274E+001, 8.3319782E+001, 8.2752657E+001, 8.2224406E+001, 8.1660609E+001, 7.6087297E+001, 7.0590621E+001, 6.5114986E+001, 5.9701126E+001, 5.4256543E+001, 4.8858077E+001, 4.3434585E+001, 3.7953375E+001, 3.2537653E+001, 2.7121656E+001, 2.1666791E+001, 1.6235986E+001, 1.0765247E+001, 5.3317247E+000, 4.8404868E-002
