s,m/s,kg/m3,kg/m/s,Pa,Pa,Pa,Pa,Pa,Pa,Pa,Pa,Pa,Pa,Pa,Pa,Pa,Pa,Pa,Pa,Pa,Pa,Pa,Pa,Pa,Pa,Pa,Pa,Pa
Time,"UBAR","RHO","MU","P10","P20","P30","P40","P50","P60","P70","P80","P90","P100","P200","P300","P400","P500","P600","P700","P800","P900","P1000","P1100","P1200","P1300","P1400","P1500","P1600"
 0.0000000E+000, 0.0000000E+000, 1.1945617E+000, 1.7956572E-005,-3.1980641E-005,-1.9783964E-005,-3.5010449E-005,-1.9462283E-005,-3.2484048E-005,-2.0652998E-005,-2.9796173E-005,-2.2044636E-005,-2.9446684E-005,-2.1123076E-005,-2.5429480E-005,-2.1924779E-005,-2.2144476E-005,-2.1366859E-005,-1.9715544E-005,-2.1658980E-005,-2.1500281E-005,-2.2948500E-005,-2.4873888E-005,-2.1800864E-005,-2.2499294E-005,-1.8385552E-005,-2.2042811E-005,-1.9480792E-005,-2.1549424E-005
 1.6008030E+002, 9.9647797E+000, 1.1945611E+000, 1.7956572E-005, 4.4422554E+002, 4.4044908E+002, 4.3675044E+002, 4.3315101E+002, 4.2966190E+002, 4.2629598E+002, 4.2305149E+002, 4.1996172E+002, 4.1699556E+002, 4.1413075E+002, 3.8756621E+002, 3.6060459E+002, 3.3306674E+002, 3.0526667E+002, 2.7752006E+002, 2.4966617E+002, 2.2189321E+002, 1.9414432E+002, 1.6632076E+002, 1.3866161E+002, 1.1094931E+002, 8.3294353E+001, 5.5553646E+001, 2.7625782E+001, 2.1335566E-001
 3.2000000E+002, 1.0000002E+001, 1.1945617E+000, 1.7956572E-005, 3.3909093E+002, 3.3604059E+002, 3.3308362E+002, 3.3021262E+002, 3.2744706E+002, 3.2481574E+002, 3.2231184E+002, 3.1992436E+002, 3.1765909E+002, 3.1550621E+002, 2.9607775E+002, 2.7561403E+002, 2.5461947E+002, 2.3330879E+002, 2.1208113E+002, 1.9089158E+002, 1.6975132E+002, 1.4851258E+002, 1.2728801E+002, 1.0600777E+002, 8.4738174E+001, 6.3390715E+001, 4.2118565E+001, 2.0987778E+001, 1.9266911E-001
