s,m/s,kg/m3,kg/m/s,Pa,Pa,Pa,Pa,Pa,Pa,Pa,Pa,Pa,Pa,Pa,Pa,Pa,Pa,Pa,Pa,Pa,Pa,Pa,Pa,Pa,Pa,Pa,Pa,Pa
Time,"UBAR","RHO","MU","P10","P20","P30","P40","P50","P60","P70","P80","P90","P100","P200","P300","P400","P500","P600","P700","P800","P900","P1000","P1100","P1200","P1300","P1400","P1500","P1600"
 0.0000000E+000, 0.0000000E+000, 1.1945617E+000, 1.7956572E-005,-3.1980641E-005,-1.9783964E-005,-3.5010449E-005,-1.9462283E-005,-3.2484048E-005,-2.0652998E-005,-2.9796173E-005,-2.2044636E-005,-2.9446684E-005,-2.1123076E-005,-2.5429480E-005,-2.1924779E-005,-2.2144476E-005,-2.1366859E-005,-1.9715544E-005,-2.1658980E-005,-2.1500281E-005,-2.2948500E-005,-2.4873888E-005,-2.1800864E-005,-2.2499294E-005,-1.8385552E-005,-2.2042811E-005,-1.9480792E-005,-2.1549424E-005
 1.6009987E+002, 9.9649134E+000, 1.1945614E+000, 1.7956572E-005, 2.0505526E+002, 2.0359986E+002, 2.0221313E+002, 2.0084804E+002, 1.9954012E+002, 1.9822561E+002, 1.9691840E+002, 1.9558988E+002, 1.9425373E+002, 1.9293556E+002, 1.7998801E+002, 1.6706347E+002, 1.5417510E+002, 1.4131342E+002, 1.2847633E+002, 1.1565084E+002, 1.0279971E+002, 8.9952186E+001, 7.7078046E+001, 6.4178491E+001, 5.1350666E+001, 3.8448001E+001, 2.5623928E+001, 1.2766702E+001, 7.4998629E-002
 3.2000000E+002, 9.9999990E+000, 1.1945617E+000, 1.7956572E-005, 8.7084536E+001, 8.6315233E+001, 8.5677467E+001, 8.5080843E+001, 8.4508412E+001, 8.3951605E+001, 8.3382469E+001, 8.2819822E+001, 8.2267298E+001, 8.1697950E+001, 7.6092852E+001, 7.0653183E+001, 6.5191974E+001, 5.9734552E+001, 5.4300949E+001, 4.8878701E+001, 4.3450606E+001, 3.8005713E+001, 3.2559488E+001, 2.7069051E+001, 2.1636485E+001, 1.6191502E+001, 1.0753656E+001, 5.3075443E+000, 4.7984923E-002
