s,m/s,kg/m3,kg/m/s,Pa,Pa,Pa,Pa,Pa,Pa,Pa,Pa,Pa,Pa,Pa,Pa,Pa,Pa,Pa,Pa,Pa,Pa,Pa,Pa,Pa,Pa,Pa,Pa,Pa
Time,"UBAR","RHO","MU","P10","P20","P30","P40","P50","P60","P70","P80","P90","P100","P200","P300","P400","P500","P600","P700","P800","P900","P1000","P1100","P1200","P1300","P1400","P1500","P1600"
 0.0000000E+000, 0.0000000E+000, 1.1945618E+000, 8.9782869E-006,-3.1980646E-005,-1.9783966E-005,-3.5010454E-005,-1.9462285E-005,-3.2484053E-005,-2.0653001E-005,-2.9796177E-005,-2.2044639E-005,-2.9446688E-005,-2.1123079E-005,-2.5429483E-005,-2.1924782E-005,-2.2144480E-005,-2.1366862E-005,-1.9715547E-005,-2.1658984E-005,-2.1500285E-005,-2.2948504E-005,-2.4873891E-005,-2.1800868E-005,-2.2499296E-005,-1.8385554E-005,-2.2042814E-005,-1.9480795E-005,-2.1549428E-005
 1.6005349E+002, 9.9646785E+000, 1.1945619E+000, 8.9782869E-006, 4.4506582E+002, 4.4128554E+002, 4.3758406E+002, 4.3399553E+002, 4.3050785E+002, 4.2714503E+002, 4.2389416E+002, 4.2074634E+002, 4.1770675E+002, 4.1475917E+002, 3.8897206E+002, 3.6318055E+002, 3.3594684E+002, 3.0810192E+002, 2.8013372E+002, 2.5208403E+002, 2.2406014E+002, 1.9623344E+002, 1.6819608E+002, 1.4018368E+002, 1.1205639E+002, 8.4145077E+001, 5.5985830E+001, 2.7720498E+001, 1.5728489E-001
 3.2000000E+002, 9.9999986E+000, 1.1945621E+000, 8.9782869E-006, 3.4422778E+002, 3.4117685E+002, 3.3820497E+002, 3.3534175E+002, 3.3258084E+002, 3.2992709E+002, 3.2739703E+002, 3.2497866E+002, 3.2268227E+002, 3.2047672E+002, 3.0206727E+002, 2.8279194E+002, 2.6165034E+002, 2.3993583E+002, 2.1814014E+002, 1.9628389E+002, 1.7436838E+002, 1.5243905E+002, 1.3061183E+002, 1.0876614E+002, 8.6862246E+001, 6.5018137E+001, 4.3202170E+001, 2.1407747E+001, 1.8396413E-001
