s,m/s,kg/m3,kg/m/s,Pa,Pa,Pa,Pa,Pa,Pa,Pa,Pa,Pa,Pa,Pa,Pa,Pa,Pa,Pa,Pa,Pa,Pa,Pa,Pa,Pa,Pa,Pa,Pa,Pa
Time,"UBAR","RHO","MU","P10","P20","P30","P40","P50","P60","P70","P80","P90","P100","P200","P300","P400","P500","P600","P700","P800","P900","P1000","P1100","P1200","P1300","P1400","P1500","P1600"
 0.0000000E+000, 0.0000000E+000, 1.1945617E+000, 1.7956572E-005,-3.3375424E-005,-2.3231336E-005,-3.4885432E-005,-2.5331037E-005,-3.5519103E-005,-2.2812697E-005,-3.5684018E-005,-2.2323234E-005,-3.1565716E-005,-2.2408432E-005,-2.5159961E-005,-2.2671613E-005,-2.3036432E-005,-2.4332475E-005,-2.4554835E-005,-2.5003832E-005,-2.4106677E-005,-2.4360431E-005,-2.4496306E-005,-2.2830640E-005,-2.6128965E-005,-2.3828421E-005,-2.1789007E-005,-2.6182614E-005,-2.4450785E-005
 8.0000848E+002, 1.9986869E+000, 1.1945570E+000, 1.7956572E-005, 1.7745934E+001, 1.7560628E+001, 1.7391342E+001, 1.7241072E+001, 1.7110303E+001, 1.6997447E+001, 1.6897891E+001, 1.6804835E+001, 1.6711090E+001, 1.6612091E+001, 1.5543676E+001, 1.4445118E+001, 1.3333345E+001, 1.2223198E+001, 1.1112310E+001, 1.0000139E+001, 8.8858374E+000, 7.7720986E+000, 6.6599418E+000, 5.5494760E+000, 4.4373409E+000, 3.3254612E+000, 2.2099189E+000, 1.0976963E+000, 4.2921685E-003
 1.6000000E+003, 2.0000224E+000, 1.1945325E+000, 1.7956572E-005, 1.3359606E+001, 1.3203742E+001, 1.3062960E+001, 1.2942225E+001, 1.2840969E+001, 1.2756790E+001, 1.2687920E+001, 1.2625430E+001, 1.2563327E+001, 1.2496323E+001, 1.1714990E+001, 1.0889531E+001, 1.0051859E+001, 9.2086564E+000, 8.3712795E+000, 7.5314228E+000, 6.6961796E+000, 5.8578605E+000, 5.0179183E+000, 4.1810839E+000, 3.3399263E+000, 2.4982897E+000, 1.6632323E+000, 8.2203809E-001, 3.3838884E-003
