s,m/s,kg/m3,kg/m/s,Pa,Pa,Pa,Pa,Pa,Pa,Pa,Pa,Pa,Pa,Pa,Pa,Pa,Pa,Pa,Pa,Pa,Pa,Pa,Pa,Pa,Pa,Pa,Pa,Pa
Time,"UBAR","RHO","MU","P10","P20","P30","P40","P50","P60","P70","P80","P90","P100","P200","P300","P400","P500","P600","P700","P800","P900","P1000","P1100","P1200","P1300","P1400","P1500","P1600"
 0.0000000E+000, 0.0000000E+000, 1.1945618E+000, 8.9782869E-006,-3.3375429E-005,-2.3231338E-005,-3.4885437E-005,-2.5331040E-005,-3.5519108E-005,-2.2812701E-005,-3.5684023E-005,-2.2323236E-005,-3.1565720E-005,-2.2408435E-005,-2.5159964E-005,-2.2671616E-005,-2.3036435E-005,-2.4332479E-005,-2.4554838E-005,-2.5003835E-005,-2.4106680E-005,-2.4360434E-005,-2.4496310E-005,-2.2830643E-005,-2.6128968E-005,-2.3828424E-005,-2.1789010E-005,-2.6182618E-005,-2.4450788E-005
 1.6004166E+002, 9.9624059E+000, 1.1945618E+000, 8.9782869E-006, 2.0634303E+002, 2.0490315E+002, 2.0348028E+002, 2.0206919E+002, 2.0066731E+002, 1.9927454E+002, 1.9789453E+002, 1.9652265E+002, 1.9516744E+002, 1.9382119E+002, 1.8073516E+002, 1.6787772E+002, 1.5510420E+002, 1.4231024E+002, 1.2944795E+002, 1.1652312E+002, 1.0355490E+002, 9.0597216E+001, 7.7616516E+001, 6.4667123E+001, 5.1700216E+001, 3.8736768E+001, 2.5776941E+001, 1.2807037E+001,-4.3019205E-004
 3.2000000E+002, 1.0000004E+001, 1.1945615E+000, 8.9782869E-006, 8.9451426E+001, 8.8745196E+001, 8.8073245E+001, 8.7395040E+001, 8.6734852E+001, 8.6085795E+001, 8.5450816E+001, 8.4822587E+001, 8.4205905E+001, 8.3602324E+001, 7.7915255E+001, 7.2481821E+001, 6.7115128E+001, 6.1706254E+001, 5.6202863E+001, 5.0594429E+001, 4.4946217E+001, 3.9305817E+001, 3.3656550E+001, 2.8012551E+001, 2.2378432E+001, 1.6746767E+001, 1.1119114E+001, 5.4896149E+000, 1.5110112E-002
