s,m/s,kg/m3,kg/m/s,Pa,Pa,Pa,Pa,Pa,Pa,Pa,Pa,Pa,Pa,Pa,Pa,Pa,Pa,Pa,Pa,Pa,Pa,Pa,Pa,Pa,Pa,Pa,Pa,Pa
Time,"UBAR","RHO","MU","P10","P20","P30","P40","P50","P60","P70","P80","P90","P100","P200","P300","P400","P500","P600","P700","P800","P900","P1000","P1100","P1200","P1300","P1400","P1500","P1600"
 0.0000000E+000, 0.0000000E+000, 1.1949074E+000, 8.9782869E-006,-4.7850186E-005,-3.5759002E-005,-5.0729537E-005,-3.6412316E-005,-5.0586939E-005,-3.5108818E-005,-4.9204037E-005,-3.6965823E-005,-4.7332905E-005,-3.5657060E-005,-3.5711207E-005,-3.7100225E-005,-3.5458234E-005,-3.4850511E-005,-3.5311805E-005,-3.5322621E-005,-3.5089416E-005,-3.6328970E-005,-3.6907660E-005,-3.5540944E-005,-3.6553795E-005,-3.5769678E-005,-3.5031115E-005,-3.5008042E-005,-3.6537389E-005
 4.0011048E+002, 3.9950345E+000, 1.1948636E+000, 8.9782869E-006, 6.5634325E+001, 6.5067754E+001, 6.4568640E+001, 6.4127261E+001, 6.3726599E+001, 6.3332350E+001, 6.2940121E+001, 6.2548355E+001, 6.2157973E+001, 6.1767974E+001, 5.7700905E+001, 5.3577947E+001, 4.9448531E+001, 4.5318062E+001, 4.1194587E+001, 3.7074469E+001, 3.2951159E+001, 2.8818982E+001, 2.4697555E+001, 2.0562789E+001, 1.6455027E+001, 1.2324332E+001, 8.2001793E+000, 4.0727840E+000, 1.6618500E-002
 8.0000000E+002, 4.0007067E+000, 1.1947245E+000, 8.9782869E-006, 4.7628934E+001, 4.7180146E+001, 4.6798066E+001, 4.6475019E+001, 4.6191464E+001, 4.5917271E+001, 4.5639096E+001, 4.5366966E+001, 4.5094546E+001, 4.4822067E+001, 4.1892535E+001, 3.8902300E+001, 3.5906245E+001, 3.2908570E+001, 2.9910312E+001, 2.6910248E+001, 2.3913836E+001, 2.0916411E+001, 1.7914157E+001, 1.4917130E+001, 1.1922653E+001, 8.9243229E+000, 5.9309901E+000, 2.9396275E+000, 1.4951350E-002
