s,m/s,kg/m3,kg/m/s,Pa,Pa,Pa,Pa,Pa,Pa,Pa,Pa,Pa,Pa,Pa,Pa,Pa,Pa,Pa,Pa,Pa,Pa,Pa,Pa,Pa,Pa,Pa,Pa,Pa
Time,"UBAR","RHO","MU","P10","P20","P30","P40","P50","P60","P70","P80","P90","P100","P200","P300","P400","P500","P600","P700","P800","P900","P1000","P1100","P1200","P1300","P1400","P1500","P1600"
 0.0000000E+000, 0.0000000E+000, 1.1956416E+000, 8.9854123E-006,-3.3405597E-005,-2.3252337E-005,-3.4916970E-005,-2.5353937E-005,-3.5551214E-005,-2.2833321E-005,-3.5716279E-005,-2.2343415E-005,-3.1594253E-005,-2.2428690E-005,-2.5182707E-005,-2.2692109E-005,-2.3057257E-005,-2.4354474E-005,-2.4577034E-005,-2.5026437E-005,-2.4128469E-005,-2.4382454E-005,-2.4518452E-005,-2.2851281E-005,-2.6152586E-005,-2.3849963E-005,-2.1808705E-005,-2.6206284E-005,-2.4472890E-005
 8.0008988E+002, 1.9986402E+000, 1.1956416E+000, 8.9854123E-006, 1.8064244E+001, 1.7879809E+001, 1.7712467E+001, 1.7563602E+001, 1.7431428E+001, 1.7313788E+001, 1.7207642E+001, 1.7111798E+001, 1.7024443E+001, 1.6943152E+001, 1.5926656E+001, 1.4832408E+001, 1.3693667E+001, 1.2547623E+001, 1.1401420E+001, 1.0261444E+001, 9.1187759E+000, 7.9792395E+000, 6.8356457E+000, 5.6937875E+000, 4.5523272E+000, 3.4119144E+000, 2.2682728E+000, 1.1285575E+000, 3.7564780E-003
 1.6000000E+003, 1.9999999E+000, 1.1956415E+000, 8.9854123E-006, 1.3775910E+001, 1.3621085E+001, 1.3482949E+001, 1.3363045E+001, 1.3260347E+001, 1.3172599E+001, 1.3097235E+001, 1.3031190E+001, 1.2973543E+001, 1.2924467E+001, 1.2201084E+001, 1.1376344E+001, 1.0498257E+001, 9.6211277E+000, 8.7436476E+000, 7.8681575E+000, 6.9887062E+000, 6.1140497E+000, 5.2373502E+000, 4.3622473E+000, 3.4855636E+000, 2.6102961E+000, 1.7350394E+000, 8.5865605E-001, 3.3222472E-003
