s,m/s,kg/m3,kg/m/s,Pa,Pa,Pa,Pa,Pa,Pa,Pa,Pa,Pa,Pa,Pa,Pa,Pa,Pa,Pa,Pa,Pa,Pa,Pa,Pa,Pa,Pa,Pa,Pa,Pa
Time,UBAR,RHO,MU,P10,P20,P30,P40,P50,P60,P70,P80,P90,P100,P200,P300,P400,P500,P600,P700,P800,P900,P1000,P1100,P1200,P1300,P1400,P1500,P1600
 0.0000000E+000, 0.0000000E+000, 1.1945617E+000, 1.7956572E-005,-3.1980641E-005,-1.9783964E-005,-3.5010449E-005,-1.9462283E-005,-3.2484048E-005,-2.0652998E-005,-2.9796173E-005,-2.2044636E-005,-2.9446684E-005,-2.1123076E-005,-2.5429480E-005,-2.1924779E-005,-2.2144476E-005,-2.1366859E-005,-1.9715544E-005,-2.1658980E-005,-2.1500281E-005,-2.2948500E-005,-2.4873888E-005,-2.1800864E-005,-2.2499294E-005,-1.8385552E-005,-2.2042811E-005,-1.9480792E-005,-2.1549424E-005
 1.6004126E+002, 9.9647366E+000, 1.1945615E+000, 1.7956572E-005, 2.0477206E+002, 2.0329284E+002, 2.0183551E+002, 2.0044024E+002, 1.9916684E+002, 1.9788156E+002, 1.9658956E+002, 1.9529051E+002, 1.9396683E+002, 1.9266922E+002, 1.7971360E+002, 1.6677771E+002, 1.5392715E+002, 1.4108527E+002, 1.2824273E+002, 1.1543127E+002, 1.0259167E+002, 8.9705794E+001, 7.6855753E+001, 6.4093627E+001, 5.1278553E+001, 3.8398661E+001, 2.5631244E+001, 1.2743400E+001, 7.6298240E-002
 3.2000000E+002, 1.0000004E+001, 1.1945618E+000, 1.7956572E-005, 8.6942179E+001, 8.6150108E+001, 8.5474268E+001, 8.4869924E+001, 8.4295913E+001, 8.3707571E+001, 8.3087109E+001, 8.2517069E+001, 8.2006742E+001, 8.1457219E+001, 7.5880353E+001, 7.0434462E+001, 6.4966545E+001, 5.9539869E+001, 5.4091001E+001, 4.8706394E+001, 4.3266008E+001, 3.7827006E+001, 3.2413070E+001, 2.6976812E+001, 2.1599977E+001, 1.6196204E+001, 1.0713333E+001, 5.2581357E+000, 4.7142203E-002
