s,m/s,kg/m3,kg/m/s,Pa,Pa,Pa,Pa,Pa,Pa,Pa,Pa,Pa,Pa,Pa,Pa,Pa,Pa,Pa,Pa,Pa,Pa,Pa,Pa,Pa,Pa,Pa,Pa,Pa
Time,"UBAR","RHO","MU","P10","P20","P30","P40","P50","P60","P70","P80","P90","P100","P200","P300","P400","P500","P600","P700","P800","P900","P1000","P1100","P1200","P1300","P1400","P1500","P1600"
 0.0000000E+000, 0.0000000E+000, 1.1945618E+000, 8.9782869E-006,-3.1980646E-005,-1.9783966E-005,-3.5010454E-005,-1.9462285E-005,-3.2484053E-005,-2.0653001E-005,-2.9796177E-005,-2.2044639E-005,-2.9446688E-005,-2.1123079E-005,-2.5429483E-005,-2.1924782E-005,-2.2144480E-005,-2.1366862E-005,-1.9715547E-005,-2.1658984E-005,-2.1500285E-005,-2.2948504E-005,-2.4873891E-005,-2.1800868E-005,-2.2499296E-005,-1.8385554E-005,-2.2042814E-005,-1.9480795E-005,-2.1549428E-005
 8.0036818E+002, 1.9989681E+000, 1.1945618E+000, 8.9782869E-006, 9.6531273E+000, 9.5845092E+000, 9.5210486E+000, 9.4546582E+000, 9.3931071E+000, 9.3282028E+000, 9.2670080E+000, 9.2021390E+000, 9.1416172E+000, 9.0778461E+000, 8.4622043E+000, 7.8579807E+000, 7.2524968E+000, 6.6481146E+000, 6.0434235E+000, 5.4389890E+000, 4.8349713E+000, 4.2290785E+000, 3.6240307E+000, 3.0180962E+000, 2.4130280E+000, 1.8084278E+000, 1.2026680E+000, 5.9804267E-001, 4.4944265E-003
 1.6000000E+003, 1.9999983E+000, 1.1945616E+000, 8.9782869E-006, 5.0840239E+000, 5.0424259E+000, 5.0086689E+000, 4.9703516E+000, 4.9371614E+000, 4.8990543E+000, 4.8674516E+000, 4.8319598E+000, 4.8016978E+000, 4.7675387E+000, 4.4423177E+000, 4.1214644E+000, 3.8009216E+000, 3.4814227E+000, 3.1656371E+000, 2.8484889E+000, 2.5309109E+000, 2.2128288E+000, 1.8935405E+000, 1.5775286E+000, 1.2596158E+000, 9.4325599E-001, 6.2568873E-001, 3.0817914E-001, 2.6054514E-003
