s,m/s,kg/m3,kg/m/s,Pa,Pa,Pa,Pa,Pa,Pa,Pa,Pa,Pa,Pa,Pa,Pa,Pa,Pa,Pa,Pa,Pa,Pa,Pa,Pa,Pa,Pa,Pa,Pa,Pa
Time,"UBAR","RHO","MU","P10","P20","P30","P40","P50","P60","P70","P80","P90","P100","P200","P300","P400","P500","P600","P700","P800","P900","P1000","P1100","P1200","P1300","P1400","P1500","P1600"
 0.0000000E+000, 0.0000000E+000, 1.1945617E+000, 1.7956572E-005,-3.1980641E-005,-1.9783964E-005,-3.5010449E-005,-1.9462283E-005,-3.2484049E-005,-2.0652998E-005,-2.9796173E-005,-2.2044636E-005,-2.9446684E-005,-2.1123076E-005,-2.5429480E-005,-2.1924779E-005,-2.2144477E-005,-2.1366859E-005,-1.9715544E-005,-2.1658981E-005,-2.1500282E-005,-2.2948501E-005,-2.4873888E-005,-2.1800865E-005,-2.2499293E-005,-1.8385552E-005,-2.2042811E-005,-1.9480792E-005,-2.1549425E-005
 1.6009980E+002, 9.9649134E+000, 1.1945614E+000, 1.7956572E-005, 2.0505480E+002, 2.0359941E+002, 2.0221269E+002, 2.0084761E+002, 1.9953969E+002, 1.9822520E+002, 1.9691799E+002, 1.9558949E+002, 1.9425332E+002, 1.9293517E+002, 1.7998765E+002, 1.6706315E+002, 1.5417481E+002, 1.4131317E+002, 1.2847606E+002, 1.1565059E+002, 1.0279947E+002, 8.9952005E+001, 7.7077945E+001, 6.4178415E+001, 5.1350585E+001, 3.8447938E+001, 2.5623881E+001, 1.2766694E+001, 7.4998193E-002
 3.2000000E+002, 1.0000003E+001, 1.1945615E+000, 1.7956572E-005, 8.7122437E+001, 8.6353953E+001, 8.5699143E+001, 8.5098240E+001, 8.4545291E+001, 8.3978618E+001, 8.3401985E+001, 8.2840225E+001, 8.2295439E+001, 8.1759993E+001, 7.6104940E+001, 7.0676776E+001, 6.5208167E+001, 5.9742613E+001, 5.4316475E+001, 4.8873011E+001, 4.3399284E+001, 3.7953669E+001, 3.2529687E+001, 2.7104447E+001, 2.1662317E+001, 1.6187577E+001, 1.0732817E+001, 5.3253958E+000, 4.8613859E-002
