s,m/s,kg/m3,kg/m/s,Pa,Pa,Pa,Pa,Pa,Pa,Pa,Pa,Pa,Pa,Pa,Pa,Pa,Pa,Pa,Pa,Pa,Pa,Pa,Pa,Pa,Pa,Pa,Pa,Pa
Time,UBAR,RHO,MU,P10,P20,P30,P40,P50,P60,P70,P80,P90,P100,P200,P300,P400,P500,P600,P700,P800,P900,P1000,P1100,P1200,P1300,P1400,P1500,P1600
 0.0000000E+000, 0.0000000E+000, 1.1945617E+000, 1.7956572E-005,-3.1980641E-005,-1.9783964E-005,-3.5010449E-005,-1.9462283E-005,-3.2484048E-005,-2.0652998E-005,-2.9796173E-005,-2.2044636E-005,-2.9446684E-005,-2.1123076E-005,-2.5429480E-005,-2.1924779E-005,-2.2144476E-005,-2.1366859E-005,-1.9715544E-005,-2.1658980E-005,-2.1500281E-005,-2.2948500E-005,-2.4873888E-005,-2.1800864E-005,-2.2499294E-005,-1.8385552E-005,-2.2042811E-005,-1.9480792E-005,-2.1549424E-005
 1.6007943E+002, 9.9647839E+000, 1.1945612E+000, 1.7956572E-005, 4.4435877E+002, 4.4058272E+002, 4.3688370E+002, 4.3328475E+002, 4.2979514E+002, 4.2642797E+002, 4.2318564E+002, 4.2009303E+002, 4.1711885E+002, 4.1427179E+002, 3.8768834E+002, 3.6070559E+002, 3.3309682E+002, 3.0526163E+002, 2.7752123E+002, 2.4969482E+002, 2.2190242E+002, 1.9413180E+002, 1.6637330E+002, 1.3862642E+002, 1.1087282E+002, 8.3209029E+001, 5.5459423E+001, 2.7570608E+001, 2.1364133E-001
 3.2000000E+002, 9.9999948E+000, 1.1945614E+000, 1.7956572E-005, 3.3876462E+002, 3.3572142E+002, 3.3276613E+002, 3.2990487E+002, 3.2713453E+002, 3.2450293E+002, 3.2199609E+002, 3.1962879E+002, 3.1738036E+002, 3.1527515E+002, 2.9576187E+002, 2.7547054E+002, 2.5440661E+002, 2.3316774E+002, 2.1198281E+002, 1.9075013E+002, 1.6964593E+002, 1.4842528E+002, 1.2720941E+002, 1.0595381E+002, 8.4713808E+001, 6.3477241E+001, 4.2278045E+001, 2.1033380E+001, 1.9280235E-001
