s,m/s,kg/m3,kg/m/s,Pa,Pa,Pa,Pa,Pa,Pa,Pa,Pa,Pa,Pa,Pa,Pa,Pa,Pa,Pa,Pa,Pa,Pa,Pa,Pa,Pa,Pa,Pa,Pa,Pa
Time,"UBAR","RHO","MU","P10","P20","P30","P40","P50","P60","P70","P80","P90","P100","P200","P300","P400","P500","P600","P700","P800","P900","P1000","P1100","P1200","P1300","P1400","P1500","P1600"
 0.0000000E+000, 0.0000000E+000, 1.1949073E+000, 8.9782859E-006,-4.6657933E-005,-3.2366033E-005,-5.0696483E-005,-3.5940530E-005,-4.8807819E-005,-3.3863808E-005,-4.7656481E-005,-3.4443301E-005,-4.5879634E-005,-3.3035130E-005,-3.6022656E-005,-3.3374756E-005,-3.1637355E-005,-3.0871273E-005,-3.5569895E-005,-3.3514636E-005,-3.2244070E-005,-3.6258603E-005,-3.5078847E-005,-3.5003636E-005,-3.5989401E-005,-3.4824006E-005,-3.1783788E-005,-3.4180296E-005,-3.2240688E-005
 4.0001546E+002, 3.9955609E+000, 1.1949075E+000, 8.9782859E-006, 6.4393025E+001, 6.3887656E+001, 6.3396829E+001, 6.2922254E+001, 6.2467409E+001, 6.2030145E+001, 6.1605769E+001, 6.1193554E+001, 6.0791776E+001, 6.0393558E+001, 5.6439244E+001, 5.2411222E+001, 4.8383041E+001, 4.4347803E+001, 4.0314204E+001, 3.6283354E+001, 3.2237995E+001, 2.8197104E+001, 2.4158962E+001, 2.0130942E+001, 1.6096272E+001, 1.2059106E+001, 8.0169125E+000, 3.9831878E+000, 3.2008771E-002
 8.0000000E+002, 4.0000008E+000, 1.1949072E+000, 8.9782859E-006, 4.6697579E+001, 4.6310701E+001, 4.5939343E+001, 4.5584678E+001, 4.5246372E+001, 4.4924620E+001, 4.4616051E+001, 4.4323298E+001, 4.4037481E+001, 4.3757799E+001, 4.0915120E+001, 3.7993500E+001, 3.5062166E+001, 3.2135163E+001, 2.9204034E+001, 2.6281896E+001, 2.3358835E+001, 2.0441838E+001, 1.7516582E+001, 1.4593122E+001, 1.1655004E+001, 8.7298603E+000, 5.7946342E+000, 2.8880362E+000, 2.9629968E-002
