s,m/s,kg/m3,kg/m/s,Pa,Pa,Pa,Pa,Pa,Pa,Pa,Pa,Pa,Pa,Pa,Pa,Pa,Pa,Pa,Pa,Pa,Pa,Pa,Pa,Pa,Pa,Pa,Pa,Pa
Time,"UBAR","RHO","MU","P10","P20","P30","P40","P50","P60","P70","P80","P90","P100","P200","P300","P400","P500","P600","P700","P800","P900","P1000","P1100","P1200","P1300","P1400","P1500","P1600"
 0.0000000E+000, 0.0000000E+000, 1.1945617E+000, 1.7956572E-005,-3.3375424E-005,-2.3231335E-005,-3.4885432E-005,-2.5331037E-005,-3.5519103E-005,-2.2812698E-005,-3.5684018E-005,-2.2323233E-005,-3.1565716E-005,-2.2408432E-005,-2.5159961E-005,-2.2671613E-005,-2.3036432E-005,-2.4332476E-005,-2.4554835E-005,-2.5003832E-005,-2.4106676E-005,-2.4360431E-005,-2.4496306E-005,-2.2830640E-005,-2.6128964E-005,-2.3828421E-005,-2.1789007E-005,-2.6182614E-005,-2.4450785E-005
 1.6003723E+002, 9.9624358E+000, 1.1945617E+000, 1.7956572E-005,-5.9836519E+001,-6.0509282E+001,-6.1358616E+001,-6.2051374E+001,-6.2559378E+001,-6.2762657E+001,-6.2849024E+001,-6.2816228E+001,-6.2752876E+001,-6.2677566E+001,-6.2511376E+001,-6.2373700E+001,-6.2409087E+001,-6.2444782E+001,-6.2338962E+001,-6.2338520E+001,-6.2359316E+001,-6.2318089E+001,-6.2375585E+001,-6.2358865E+001,-6.2384864E+001,-6.2352354E+001,-6.2388246E+001,-6.2354719E+001,-6.1758398E+001
 3.2000000E+002, 1.0000128E+001, 1.1945616E+000, 1.7956572E-005,-6.0196671E+001,-6.0849402E+001,-6.1670054E+001,-6.2379442E+001,-6.2942392E+001,-6.3285880E+001,-6.3403951E+001,-6.3386823E+001,-6.3259223E+001,-6.3149176E+001,-6.2855484E+001,-6.2716158E+001,-6.2697584E+001,-6.2678957E+001,-6.2696631E+001,-6.2671792E+001,-6.2701488E+001,-6.2706824E+001,-6.2704407E+001,-6.2697774E+001,-6.2694250E+001,-6.2716394E+001,-6.2692529E+001,-6.2699209E+001,-6.2108849E+001
