s,m/s,kg/m3,kg/m/s,Pa,Pa,Pa,Pa,Pa,Pa,Pa,Pa,Pa,Pa,Pa,Pa,Pa,Pa,Pa,Pa,Pa,Pa,Pa,Pa,Pa,Pa,Pa,Pa,Pa
Time,"UBAR","RHO","MU","P10","P20","P30","P40","P50","P60","P70","P80","P90","P100","P200","P300","P400","P500","P600","P700","P800","P900","P1000","P1100","P1200","P1300","P1400","P1500","P1600"
 0.0000000E+000, 0.0000000E+000, 1.1949074E+000, 8.9782869E-006,-4.6657939E-005,-3.2366037E-005,-5.0696489E-005,-3.5940535E-005,-4.8807826E-005,-3.3863812E-005,-4.7656488E-005,-3.4443306E-005,-4.5879640E-005,-3.3035135E-005,-3.6022661E-005,-3.3374761E-005,-3.1637359E-005,-3.0871277E-005,-3.5569900E-005,-3.3514640E-005,-3.2244074E-005,-3.6258608E-005,-3.5078852E-005,-3.5003641E-005,-3.5989406E-005,-3.4824010E-005,-3.1783793E-005,-3.4180300E-005,-3.2240693E-005
 4.0017700E+002, 3.9955625E+000, 1.1949073E+000, 8.9782869E-006, 6.4350225E+001, 6.3844969E+001, 6.3353273E+001, 6.2879085E+001, 6.2424942E+001, 6.1988702E+001, 6.1564206E+001, 6.1151611E+001, 6.0748571E+001, 6.0351274E+001, 5.6414702E+001, 5.2394131E+001, 4.8366430E+001, 4.4337793E+001, 4.0296912E+001, 3.6264796E+001, 3.2223641E+001, 2.8185115E+001, 2.4159785E+001, 2.0128572E+001, 1.6093659E+001, 1.2051419E+001, 8.0225000E+000, 3.9898829E+000, 3.2110395E-002
 8.0000000E+002, 3.9999995E+000, 1.1949077E+000, 8.9782869E-006, 4.6828981E+001, 4.6441544E+001, 4.6069193E+001, 4.5714881E+001, 4.5378386E+001, 4.5058373E+001, 4.4752400E+001, 4.4460362E+001, 4.4174914E+001, 4.3892283E+001, 4.1045425E+001, 3.8113092E+001, 3.5178746E+001, 3.2236018E+001, 2.9309407E+001, 2.6377318E+001, 2.3431047E+001, 2.0488091E+001, 1.7546528E+001, 1.4597684E+001, 1.1655445E+001, 8.7222920E+000, 5.7951013E+000, 2.8778651E+000, 2.9801581E-002
