s,m/s,kg/m3,kg/m/s,Pa,Pa,Pa,Pa,Pa,Pa,Pa,Pa,Pa,Pa,Pa,Pa,Pa,Pa,Pa,Pa,Pa,Pa,Pa,Pa,Pa,Pa,Pa,Pa,Pa
Time,UBAR,RHO,MU,P10,P20,P30,P40,P50,P60,P70,P80,P90,P100,P200,P300,P400,P500,P600,P700,P800,P900,P1000,P1100,P1200,P1300,P1400,P1500,P1600
 0.0000000E+000, 0.0000000E+000, 1.1945617E+000, 1.7956572E-005,-3.1980641E-005,-1.9783964E-005,-3.5010449E-005,-1.9462283E-005,-3.2484048E-005,-2.0652998E-005,-2.9796173E-005,-2.2044636E-005,-2.9446684E-005,-2.1123076E-005,-2.5429480E-005,-2.1924779E-005,-2.2144476E-005,-2.1366859E-005,-1.9715544E-005,-2.1658980E-005,-2.1500281E-005,-2.2948500E-005,-2.4873888E-005,-2.1800864E-005,-2.2499294E-005,-1.8385552E-005,-2.2042811E-005,-1.9480792E-005,-2.1549424E-005
 8.0028606E+002, 1.9989725E+000, 1.1945615E+000, 1.7956572E-005, 1.8078884E+001, 1.7926616E+001, 1.7777949E+001, 1.7632101E+001, 1.7491126E+001, 1.7353367E+001, 1.7223968E+001, 1.7097058E+001, 1.6976326E+001, 1.6857363E+001, 1.5775238E+001, 1.4674766E+001, 1.3556675E+001, 1.2425713E+001, 1.1295286E+001, 1.0169396E+001, 9.0385389E+000, 7.9085732E+000, 6.7782161E+000, 5.6432805E+000, 4.5101125E+000, 3.3821027E+000, 2.2508708E+000, 1.1197004E+000, 9.3435785E-003
 1.6000000E+003, 2.0000008E+000, 1.1945615E+000, 1.7956572E-005, 1.3855328E+001, 1.3732637E+001, 1.3614613E+001, 1.3499085E+001, 1.3387966E+001, 1.3279285E+001, 1.3176763E+001, 1.3078229E+001, 1.2987820E+001, 1.2898500E+001, 1.2105245E+001, 1.1268561E+001, 1.0404321E+001, 9.5384891E+000, 8.6712995E+000, 7.8016499E+000, 6.9305190E+000, 6.0593613E+000, 5.1973460E+000, 4.3278369E+000, 3.4585542E+000, 2.5926910E+000, 1.7199945E+000, 8.5134219E-001, 7.7014845E-003
