s,m/s,kg/m3,kg/m/s,Pa,Pa,Pa,Pa,Pa,Pa,Pa,Pa,Pa,Pa,Pa,Pa,Pa,Pa,Pa,Pa,Pa,Pa,Pa,Pa,Pa,Pa,Pa,Pa,Pa
Time,"UBAR","RHO","MU","P10","P20","P30","P40","P50","P60","P70","P80","P90","P100","P200","P300","P400","P500","P600","P700","P800","P900","P1000","P1100","P1200","P1300","P1400","P1500","P1600"
 0.0000000E+000, 0.0000000E+000, 1.1949073E+000, 1.7956572E-005,-4.7850179E-005,-3.5758998E-005,-5.0729530E-005,-3.6412311E-005,-5.0586932E-005,-3.5108813E-005,-4.9204030E-005,-3.6965818E-005,-4.7332899E-005,-3.5657055E-005,-3.5711202E-005,-3.7100220E-005,-3.5458230E-005,-3.4850506E-005,-3.5311800E-005,-3.5322616E-005,-3.5089411E-005,-3.6328965E-005,-3.6907655E-005,-3.5540939E-005,-3.6553790E-005,-3.5769673E-005,-3.5031111E-005,-3.5008038E-005,-3.6537385E-005
 4.0004325E+002, 3.9943695E+000, 1.1949073E+000, 1.7956572E-005, 6.0806253E+001, 6.0243779E+001, 5.9743350E+001, 5.9298344E+001, 5.8895904E+001, 5.8516719E+001, 5.8140990E+001, 5.7767100E+001, 5.7396244E+001, 5.7027096E+001, 5.3418735E+001, 4.9590964E+001, 4.5771419E+001, 4.1954694E+001, 3.8138309E+001, 3.4322516E+001, 3.0496182E+001, 2.6673060E+001, 2.2858662E+001, 1.9042576E+001, 1.5219409E+001, 1.1408048E+001, 7.5929329E+000, 3.7745288E+000, 1.4552123E-002
 8.0000000E+002, 4.0000002E+000, 1.1949072E+000, 1.7956572E-005, 4.3213184E+001, 4.2768732E+001, 4.2387249E+001, 4.2059659E+001, 4.1775100E+001, 4.1512394E+001, 4.1254571E+001, 4.0996487E+001, 4.0741303E+001, 4.0487041E+001, 3.8018207E+001, 3.5285806E+001, 3.2564810E+001, 2.9853832E+001, 2.7138824E+001, 2.4418330E+001, 2.1693369E+001, 1.8971207E+001, 1.6259093E+001, 1.3540178E+001, 1.0810172E+001, 8.0933383E+000, 5.3745055E+000, 2.6550466E+000, 1.3145575E-002
