s,m/s,kg/m3,kg/m/s,Pa,Pa,Pa,Pa,Pa,Pa,Pa,Pa,Pa,Pa,Pa,Pa,Pa,Pa,Pa,Pa,Pa,Pa,Pa,Pa,Pa,Pa,Pa,Pa,Pa
Time,"UBAR","RHO","MU","P10","P20","P30","P40","P50","P60","P70","P80","P90","P100","P200","P300","P400","P500","P600","P700","P800","P900","P1000","P1100","P1200","P1300","P1400","P1500","P1600"
 0.0000000E+000, 0.0000000E+000, 1.1951288E+000, 1.7964058E-005, 0.0000000E+000, 0.0000000E+000, 0.0000000E+000, 0.0000000E+000, 0.0000000E+000, 0.0000000E+000, 0.0000000E+000, 0.0000000E+000, 0.0000000E+000, 0.0000000E+000, 0.0000000E+000, 0.0000000E+000, 0.0000000E+000, 0.0000000E+000, 0.0000000E+000, 0.0000000E+000, 0.0000000E+000, 0.0000000E+000, 0.0000000E+000, 0.0000000E+000, 0.0000000E+000, 0.0000000E+000, 0.0000000E+000, 0.0000000E+000, 0.0000000E+000
 8.0046723E+002, 1.9989706E+000, 1.1951291E+000, 1.7964058E-005, 9.1541311E+000, 9.0917367E+000, 9.0301019E+000, 8.9686092E+000, 8.9069825E+000, 8.8457909E+000, 8.7850145E+000, 8.7245328E+000, 8.6639934E+000, 8.6038053E+000, 8.0169852E+000, 7.4450271E+000, 6.8738081E+000, 6.3011409E+000, 5.7291926E+000, 5.1587333E+000, 4.5862970E+000, 4.0137365E+000, 3.4408243E+000, 2.8666268E+000, 2.2926583E+000, 1.7181480E+000, 1.1439478E+000, 5.7155116E-001, 3.2883042E-003
 1.6000000E+003, 2.0000012E+000, 1.1951291E+000, 1.7964058E-005, 4.5141860E+000, 4.4816709E+000, 4.4497448E+000, 4.4179081E+000, 4.3864675E+000, 4.3551374E+000, 4.3242359E+000, 4.2934015E+000, 4.2628395E+000, 4.2324796E+000, 3.9398819E+000, 3.6595378E+000, 3.3816055E+000, 3.1017465E+000, 2.8207856E+000, 2.5389575E+000, 2.2572237E+000, 1.9741733E+000, 1.6906562E+000, 1.4080905E+000, 1.1253281E+000, 8.4262048E-001, 5.6047256E-001, 2.7768316E-001, 2.3283874E-003
