s,m/s,kg/m3,kg/m/s,Pa,Pa,Pa,Pa,Pa,Pa,Pa,Pa,Pa,Pa,Pa,Pa,Pa,Pa,Pa,Pa,Pa,Pa,Pa,Pa,Pa,Pa,Pa,Pa,Pa
Time,UBAR,RHO,MU,P10,P20,P30,P40,P50,P60,P70,P80,P90,P100,P200,P300,P400,P500,P600,P700,P800,P900,P1000,P1100,P1200,P1300,P1400,P1500,P1600
 0.0000000E+000, 0.0000000E+000, 1.1945617E+000, 1.7956572E-005,-3.3375424E-005,-2.3231336E-005,-3.4885432E-005,-2.5331037E-005,-3.5519103E-005,-2.2812697E-005,-3.5684018E-005,-2.2323234E-005,-3.1565716E-005,-2.2408432E-005,-2.5159961E-005,-2.2671613E-005,-2.3036432E-005,-2.4332475E-005,-2.4554835E-005,-2.5003832E-005,-2.4106677E-005,-2.4360431E-005,-2.4496306E-005,-2.2830640E-005,-2.6128965E-005,-2.3828421E-005,-2.1789007E-005,-2.6182614E-005,-2.4450785E-005
 1.6002510E+002, 9.9627599E+000, 1.1945340E+000, 1.7956572E-005, 4.4455685E+002, 4.3994961E+002, 4.3572159E+002, 4.3200145E+002, 4.2874904E+002, 4.2599000E+002, 4.2352996E+002, 4.2118357E+002, 4.1880073E+002, 4.1632651E+002, 3.8959423E+002, 3.6213311E+002, 3.3438108E+002, 3.0645534E+002, 2.7852130E+002, 2.5063849E+002, 2.2270781E+002, 1.9489460E+002, 1.6704744E+002, 1.3909878E+002, 1.1128812E+002, 8.3284813E+001, 5.5429078E+001, 2.7530530E+001, 9.2246854E-002
 3.2000000E+002, 1.0000182E+001, 1.1945573E+000, 1.7956572E-005, 3.3593257E+002, 3.3204223E+002, 3.2852789E+002, 3.2551240E+002, 3.2296715E+002, 3.2089553E+002, 3.1916156E+002, 3.1760026E+002, 3.1599408E+002, 3.1428179E+002, 2.9475881E+002, 2.7399288E+002, 2.5290672E+002, 2.3175346E+002, 2.1066123E+002, 1.8953896E+002, 1.6843069E+002, 1.4728501E+002, 1.2628716E+002, 1.0510521E+002, 8.4012029E+001, 6.2929647E+001, 4.1832294E+001, 2.0621131E+001, 8.2575404E-002
