s,m/s,kg/m3,kg/m/s,Pa,Pa,Pa,Pa,Pa,Pa,Pa,Pa,Pa,Pa,Pa,Pa,Pa,Pa,Pa,Pa,Pa,Pa,Pa,Pa,Pa,Pa,Pa,Pa,Pa
Time,"UBAR","RHO","MU","P10","P20","P30","P40","P50","P60","P70","P80","P90","P100","P200","P300","P400","P500","P600","P700","P800","P900","P1000","P1100","P1200","P1300","P1400","P1500","P1600"
 0.0000000E+000, 0.0000000E+000, 1.1956416E+000, 8.9854123E-006,-3.3405597E-005,-2.3252337E-005,-3.4916970E-005,-2.5353937E-005,-3.5551214E-005,-2.2833321E-005,-3.5716279E-005,-2.2343415E-005,-3.1594253E-005,-2.2428690E-005,-2.5182707E-005,-2.2692109E-005,-2.3057257E-005,-2.4354474E-005,-2.4577034E-005,-2.5026437E-005,-2.4128469E-005,-2.4382454E-005,-2.4518452E-005,-2.2851281E-005,-2.6152586E-005,-2.3849963E-005,-2.1808705E-005,-2.6206284E-005,-2.4472890E-005
 1.6002657E+002, 9.9623639E+000, 1.1956416E+000, 8.9854123E-006, 4.4980803E+002, 4.4521579E+002, 4.4105013E+002, 4.3733901E+002, 4.3405680E+002, 4.3112856E+002, 4.2848726E+002, 4.2609823E+002, 4.2393504E+002, 4.2191962E+002, 3.9659183E+002, 3.6917592E+002, 3.4077013E+002, 3.1230136E+002, 2.8387465E+002, 2.5545215E+002, 2.2700892E+002, 1.9850325E+002, 1.7009402E+002, 1.4171490E+002, 1.1334399E+002, 8.4846630E+001, 5.6494253E+001, 2.8014254E+001, 6.3137498E-002
 3.2000000E+002, 9.9999984E+000, 1.1956417E+000, 8.9854123E-006, 3.4587308E+002, 3.4200500E+002, 3.3854437E+002, 3.3555533E+002, 3.3298760E+002, 3.3080057E+002, 3.2890034E+002, 3.2724158E+002, 3.2584286E+002, 3.2460479E+002, 3.0653489E+002, 2.8569849E+002, 2.6362134E+002, 2.4155261E+002, 2.1956857E+002, 1.9753434E+002, 1.7548685E+002, 1.5337862E+002, 1.3136561E+002, 1.0939462E+002, 8.7378766E+001, 6.5386508E+001, 4.3544466E+001, 2.1596998E+001, 8.0308222E-002
