s,m/s,kg/m3,kg/m/s,Pa,Pa,Pa,Pa,Pa,Pa,Pa,Pa,Pa,Pa,Pa,Pa,Pa,Pa,Pa,Pa,Pa,Pa,Pa,Pa,Pa,Pa,Pa,Pa,Pa
Time,"UBAR","RHO","MU","P10","P20","P30","P40","P50","P60","P70","P80","P90","P100","P200","P300","P400","P500","P600","P700","P800","P900","P1000","P1100","P1200","P1300","P1400","P1500","P1600"
 0.0000000E+000, 0.0000000E+000, 1.1949073E+000, 1.7956572E-005,-4.6657933E-005,-3.2366033E-005,-5.0696483E-005,-3.5940530E-005,-4.8807819E-005,-3.3863808E-005,-4.7656481E-005,-3.4443301E-005,-4.5879634E-005,-3.3035130E-005,-3.6022656E-005,-3.3374756E-005,-3.1637355E-005,-3.0871273E-005,-3.5569895E-005,-3.3514636E-005,-3.2244070E-005,-3.6258603E-005,-3.5078847E-005,-3.5003636E-005,-3.5989401E-005,-3.4824006E-005,-3.1783788E-005,-3.4180296E-005,-3.2240688E-005
 4.0002496E+002, 3.9955696E+000, 1.1949072E+000, 1.7956572E-005, 5.9383441E+001, 5.8875136E+001, 5.8382467E+001, 5.7908762E+001, 5.7454792E+001, 5.7018746E+001, 5.6600034E+001, 5.6196155E+001, 5.5803148E+001, 5.5417844E+001, 5.1816425E+001, 4.8194393E+001, 4.4489439E+001, 4.0775391E+001, 3.7060737E+001, 3.3351201E+001, 2.9626454E+001, 2.5907188E+001, 2.2206057E+001, 1.8499268E+001, 1.4790183E+001, 1.1063037E+001, 7.3484626E+000, 3.6566384E+000, 2.4764895E-002
 8.0000000E+002, 4.0000002E+000, 1.1949073E+000, 1.7956572E-005, 4.1500007E+001, 4.1109931E+001, 4.0736613E+001, 4.0381166E+001, 4.0044458E+001, 3.9726903E+001, 3.9427522E+001, 3.9143128E+001, 3.8871050E+001, 3.8608659E+001, 3.6165332E+001, 3.3683501E+001, 3.1092939E+001, 2.8478452E+001, 2.5879259E+001, 2.3289701E+001, 2.0680438E+001, 1.8077585E+001, 1.5486323E+001, 1.2916779E+001, 1.0319301E+001, 7.7391325E+000, 5.1437048E+000, 2.5458742E+000, 2.3553701E-002
