s,m/s,kg/m3,kg/m/s,Pa,Pa,Pa,Pa,Pa,Pa,Pa,Pa,Pa,Pa,Pa,Pa,Pa,Pa,Pa,Pa,Pa,Pa,Pa,Pa,Pa,Pa,Pa,Pa,Pa
Time,"UBAR","RHO","MU","P10","P20","P30","P40","P50","P60","P70","P80","P90","P100","P200","P300","P400","P500","P600","P700","P800","P900","P1000","P1100","P1200","P1300","P1400","P1500","P1600"
 0.0000000E+000, 0.0000000E+000, 1.1945617E+000, 1.7956572E-005,-3.3375424E-005,-2.3231335E-005,-3.4885432E-005,-2.5331037E-005,-3.5519103E-005,-2.2812698E-005,-3.5684018E-005,-2.2323233E-005,-3.1565716E-005,-2.2408432E-005,-2.5159961E-005,-2.2671613E-005,-2.3036432E-005,-2.4332476E-005,-2.4554835E-005,-2.5003832E-005,-2.4106676E-005,-2.4360431E-005,-2.4496306E-005,-2.2830640E-005,-2.6128964E-005,-2.3828421E-005,-2.1789007E-005,-2.6182614E-005,-2.4450785E-005
 1.6002530E+002, 9.9632364E+000, 1.1945601E+000, 1.7956572E-005, 2.0508573E+002, 2.0361924E+002, 2.0219833E+002, 2.0079701E+002, 1.9940563E+002, 1.9803398E+002, 1.9665674E+002, 1.9529507E+002, 1.9395161E+002, 1.9261470E+002, 1.7957077E+002, 1.6672417E+002, 1.5394504E+002, 1.4110759E+002, 1.2825233E+002, 1.1542078E+002, 1.0258056E+002, 8.9753466E+001, 7.6918963E+001, 6.4076039E+001, 5.1225241E+001, 3.8373555E+001, 2.5551047E+001, 1.2695904E+001, 2.6664125E-002
 3.2000000E+002, 1.0000240E+001, 1.1944519E+000, 1.7957576E-005, 8.6574723E+001, 8.5829684E+001, 8.5126438E+001, 8.4446059E+001, 8.3795803E+001, 8.3161648E+001, 8.2542544E+001, 8.1924127E+001, 8.1331741E+001, 8.0728703E+001, 7.5155739E+001, 6.9815280E+001, 6.4460572E+001, 5.9116491E+001, 5.3732351E+001, 4.8331645E+001, 4.2948778E+001, 3.7537697E+001, 3.2165936E+001, 2.6775352E+001, 2.1399990E+001, 1.5969163E+001, 1.0600276E+001, 5.2274709E+000, 1.5076326E-002
