s,m/s,kg/m3,kg/m/s,Pa,Pa,Pa,Pa,Pa,Pa,Pa,Pa,Pa,Pa,Pa,Pa,Pa,Pa,Pa,Pa,Pa,Pa,Pa,Pa,Pa,Pa,Pa,Pa,Pa
Time,"UBAR","RHO","MU","P10","P20","P30","P40","P50","P60","P70","P80","P90","P100","P200","P300","P400","P500","P600","P700","P800","P900","P1000","P1100","P1200","P1300","P1400","P1500","P1600"
 0.0000000E+000, 0.0000000E+000, 1.1949074E+000, 8.9782869E-006,-4.7850186E-005,-3.5759002E-005,-5.0729537E-005,-3.6412316E-005,-5.0586939E-005,-3.5108818E-005,-4.9204037E-005,-3.6965823E-005,-4.7332905E-005,-3.5657060E-005,-3.5711207E-005,-3.7100225E-005,-3.5458234E-005,-3.4850511E-005,-3.5311805E-005,-3.5322621E-005,-3.5089416E-005,-3.6328970E-005,-3.6907660E-005,-3.5540944E-005,-3.6553795E-005,-3.5769678E-005,-3.5031115E-005,-3.5008042E-005,-3.6537389E-005
 4.0007438E+002, 3.9943751E+000, 1.1949075E+000, 8.9782869E-006, 6.3528490E+001, 6.2966004E+001, 6.2469984E+001, 6.2032292E+001, 6.1636439E+001, 6.1254731E+001, 6.0869425E+001, 6.0483237E+001, 6.0098680E+001, 5.9717644E+001, 5.5902093E+001, 5.1907300E+001, 4.7908865E+001, 4.3911218E+001, 3.9920535E+001, 3.5921605E+001, 3.1922821E+001, 2.7920045E+001, 2.3918171E+001, 1.9930350E+001, 1.5926985E+001, 1.1937330E+001, 7.9365343E+000, 3.9427827E+000, 1.2373887E-002
 8.0000000E+002, 4.0000002E+000, 1.1949075E+000, 8.9782869E-006, 4.6188556E+001, 4.5744457E+001, 4.5365814E+001, 4.5046210E+001, 4.4771160E+001, 4.4509087E+001, 4.4237989E+001, 4.3961993E+001, 4.3687172E+001, 4.3415913E+001, 4.0719029E+001, 3.7809264E+001, 3.4895551E+001, 3.1982212E+001, 2.9065808E+001, 2.6157106E+001, 2.3247299E+001, 2.0338081E+001, 1.7420434E+001, 1.4500297E+001, 1.1598142E+001, 8.6855312E+000, 5.7687133E+000, 2.8565735E+000, 1.4055383E-002
