s,m/s,kg/m3,kg/m/s,Pa,Pa,Pa,Pa,Pa,Pa,Pa,Pa,Pa,Pa,Pa,Pa,Pa,Pa,Pa,Pa,Pa,Pa,Pa,Pa,Pa,Pa,Pa,Pa,Pa
Time,"UBAR","RHO","MU","P10","P20","P30","P40","P50","P60","P70","P80","P90","P100","P200","P300","P400","P500","P600","P700","P800","P900","P1000","P1100","P1200","P1300","P1400","P1500","P1600"
 0.0000000E+000, 0.0000000E+000, 1.1945617E+000, 8.9782859E-006,-3.3375424E-005,-2.3231335E-005,-3.4885432E-005,-2.5331037E-005,-3.5519103E-005,-2.2812698E-005,-3.5684018E-005,-2.2323233E-005,-3.1565716E-005,-2.2408432E-005,-2.5159961E-005,-2.2671613E-005,-2.3036432E-005,-2.4332476E-005,-2.4554835E-005,-2.5003832E-005,-2.4106676E-005,-2.4360431E-005,-2.4496306E-005,-2.2830640E-005,-2.6128964E-005,-2.3828421E-005,-2.1789007E-005,-2.6182614E-005,-2.4450785E-005
 1.6002260E+002, 9.9624251E+000, 1.1945581E+000, 8.9782859E-006, 2.0508482E+002, 2.0361380E+002, 2.0219057E+002, 2.0078607E+002, 1.9939218E+002, 1.9802274E+002, 1.9665080E+002, 1.9528928E+002, 1.9394216E+002, 1.9261375E+002, 1.7955688E+002, 1.6671316E+002, 1.5392802E+002, 1.4110396E+002, 1.2827185E+002, 1.1540374E+002, 1.0256608E+002, 8.9719519E+001, 7.6874613E+001, 6.4057106E+001, 5.1202568E+001, 3.8347431E+001, 2.5529962E+001, 1.2657699E+001, 2.6507486E-002
 3.2000000E+002, 1.0000032E+001, 1.1945615E+000, 8.9782859E-006, 8.6615552E+001, 8.5875394E+001, 8.5174762E+001, 8.4509575E+001, 8.3863451E+001, 8.3225324E+001, 8.2605691E+001, 8.1995460E+001, 8.1399420E+001, 8.0806762E+001, 7.5214335E+001, 6.9815637E+001, 6.4482579E+001, 5.9119522E+001, 5.3731325E+001, 4.8325059E+001, 4.2947110E+001, 3.7580936E+001, 3.2158240E+001, 2.6708215E+001, 2.1365593E+001, 1.5982092E+001, 1.0583635E+001, 5.2138934E+000, 1.4970519E-002
