s,m/s,kg/m3,kg/m/s,Pa,Pa,Pa,Pa,Pa,Pa,Pa,Pa,Pa,Pa,Pa,Pa,Pa,Pa,Pa,Pa,Pa,Pa,Pa,Pa,Pa,Pa,Pa,Pa,Pa
Time,"UBAR","RHO","MU","P10","P20","P30","P40","P50","P60","P70","P80","P90","P100","P200","P300","P400","P500","P600","P700","P800","P900","P1000","P1100","P1200","P1300","P1400","P1500","P1600"
 0.0000000E+000, 0.0000000E+000, 1.1945617E+000, 8.9782859E-006,-3.1980641E-005,-1.9783964E-005,-3.5010449E-005,-1.9462283E-005,-3.2484049E-005,-2.0652998E-005,-2.9796173E-005,-2.2044636E-005,-2.9446684E-005,-2.1123076E-005,-2.5429480E-005,-2.1924779E-005,-2.2144477E-005,-2.1366859E-005,-1.9715544E-005,-2.1658981E-005,-2.1500282E-005,-2.2948501E-005,-2.4873888E-005,-2.1800865E-005,-2.2499293E-005,-1.8385552E-005,-2.2042811E-005,-1.9480792E-005,-2.1549425E-005
 1.6004751E+002, 9.9647575E+000, 1.1945615E+000, 8.9782859E-006, 2.0469394E+002, 2.0321136E+002, 2.0176262E+002, 2.0042308E+002, 1.9913869E+002, 1.9784397E+002, 1.9654710E+002, 1.9524592E+002, 1.9390957E+002, 1.9260290E+002, 1.7969747E+002, 1.6675946E+002, 1.5391219E+002, 1.4106380E+002, 1.2816684E+002, 1.1539936E+002, 1.0257206E+002, 8.9637200E+001, 7.6861466E+001, 6.4072240E+001, 5.1220049E+001, 3.8382771E+001, 2.5607184E+001, 1.2757054E+001, 7.5896726E-002
 3.2000000E+002, 9.9999926E+000, 1.1945614E+000, 8.9782859E-006, 8.6920099E+001, 8.6153181E+001, 8.5460584E+001, 8.4845437E+001, 8.4290462E+001, 8.3755371E+001, 8.3190513E+001, 8.2623574E+001, 8.2033821E+001, 8.1490305E+001, 7.5956234E+001, 7.0473458E+001, 6.5081911E+001, 5.9663146E+001, 5.4209649E+001, 4.8773919E+001, 4.3278296E+001, 3.7875246E+001, 3.2424881E+001, 2.7009818E+001, 2.1575317E+001, 1.6133773E+001, 1.0725195E+001, 5.3004121E+000, 4.7893074E-002
