s,m/s,kg/m3,kg/m/s,Pa,Pa,Pa,Pa,Pa,Pa,Pa,Pa,Pa,Pa,Pa,Pa,Pa,Pa,Pa,Pa,Pa,Pa,Pa,Pa,Pa,Pa,Pa,Pa,Pa
Time,"UBAR","RHO","MU","P10","P20","P30","P40","P50","P60","P70","P80","P90","P100","P200","P300","P400","P500","P600","P700","P800","P900","P1000","P1100","P1200","P1300","P1400","P1500","P1600"
 0.0000000E+000, 0.0000000E+000, 1.1945617E+000, 1.7956572E-005,-3.3375424E-005,-2.3231336E-005,-3.4885432E-005,-2.5331037E-005,-3.5519103E-005,-2.2812697E-005,-3.5684018E-005,-2.2323234E-005,-3.1565716E-005,-2.2408432E-005,-2.5159961E-005,-2.2671613E-005,-2.3036432E-005,-2.4332475E-005,-2.4554835E-005,-2.5003832E-005,-2.4106677E-005,-2.4360431E-005,-2.4496306E-005,-2.2830640E-005,-2.6128965E-005,-2.3828421E-005,-2.1789007E-005,-2.6182614E-005,-2.4450785E-005
 1.6003723E+002, 9.9625776E+000, 1.1945615E+000, 1.7956572E-005, 2.0523133E+002, 2.0374513E+002, 2.0232236E+002, 2.0091599E+002, 1.9952647E+002, 1.9815500E+002, 1.9679261E+002, 1.9542669E+002, 1.9408281E+002, 1.9274303E+002, 1.7970995E+002, 1.6684753E+002, 1.5403752E+002, 1.4121654E+002, 1.2836945E+002, 1.1551399E+002, 1.0265492E+002, 8.9819976E+001, 7.6962806E+001, 6.4111423E+001, 5.1266167E+001, 3.8407854E+001, 2.5559902E+001, 1.2652850E+001, 2.5713166E-002
 3.2000000E+002, 9.9999959E+000, 1.1945498E+000, 1.7956572E-005, 8.6671132E+001, 8.5910488E+001, 8.5213301E+001, 8.4549450E+001, 8.3907873E+001, 8.3270298E+001, 8.2637533E+001, 8.2026648E+001, 8.1423479E+001, 8.0807424E+001, 7.5238062E+001, 6.9874301E+001, 6.4531869E+001, 5.9159320E+001, 5.3780646E+001, 4.8395303E+001, 4.2968964E+001, 3.7549997E+001, 3.2183761E+001, 2.6784944E+001, 2.1392764E+001, 1.6005695E+001, 1.0611354E+001, 5.1769776E+000, 1.3528672E-002
