s,m/s,kg/m3,kg/m/s,Pa,Pa,Pa,Pa,Pa,Pa,Pa,Pa,Pa,Pa,Pa,Pa,Pa,Pa,Pa,Pa,Pa,Pa,Pa,Pa,Pa,Pa,Pa,Pa,Pa
Time,"UBAR","RHO","MU","P10","P20","P30","P40","P50","P60","P70","P80","P90","P100","P200","P300","P400","P500","P600","P700","P800","P900","P1000","P1100","P1200","P1300","P1400","P1500","P1600"
 0.0000000E+000, 0.0000000E+000, 1.1945617E+000, 1.7956572E-005,-3.3375424E-005,-2.3231335E-005,-3.4885432E-005,-2.5331037E-005,-3.5519103E-005,-2.2812698E-005,-3.5684018E-005,-2.2323233E-005,-3.1565716E-005,-2.2408432E-005,-2.5159961E-005,-2.2671613E-005,-2.3036432E-005,-2.4332476E-005,-2.4554835E-005,-2.5003832E-005,-2.4106676E-005,-2.4360431E-005,-2.4496306E-005,-2.2830640E-005,-2.6128964E-005,-2.3828421E-005,-2.1789007E-005,-2.6182614E-005,-2.4450785E-005
 8.0020942E+002, 1.9986703E+000, 1.1945616E+000, 1.7956576E-005,-2.4137687E+000,-2.4203363E+000,-2.4216705E+000,-2.4235639E+000,-2.4258496E+000,-2.4262131E+000,-2.4282908E+000,-2.4300670E+000,-2.4292436E+000,-2.4294227E+000,-2.4340820E+000,-2.4339771E+000,-2.4335979E+000,-2.4323724E+000,-2.4322559E+000,-2.4312652E+000,-2.4357121E+000,-2.4318829E+000,-2.4340417E+000,-2.4325876E+000,-2.4326876E+000,-2.4330887E+000,-2.4322579E+000,-2.4332953E+000,-2.4149973E+000
 1.6000000E+003, 1.9999914E+000, 1.1945530E+000, 1.7956572E-005,-2.4189846E+000,-2.4246769E+000,-2.4287620E+000,-2.4320558E+000,-2.4329948E+000,-2.4323474E+000,-2.4332087E+000,-2.4354535E+000,-2.4347559E+000,-2.4355911E+000,-2.4366792E+000,-2.4371637E+000,-2.4359510E+000,-2.4348718E+000,-2.4354475E+000,-2.4347786E+000,-2.4348395E+000,-2.4343100E+000,-2.4366290E+000,-2.4357645E+000,-2.4363359E+000,-2.4360902E+000,-2.4383387E+000,-2.4362274E+000,-2.4176461E+000
