s,m/s,kg/m3,kg/m/s,Pa,Pa,Pa,Pa,Pa,Pa,Pa,Pa,Pa,Pa,Pa,Pa,Pa,Pa,Pa,Pa,Pa,Pa,Pa,Pa,Pa,Pa,Pa,Pa,Pa
Time,"UBAR","RHO","MU","P10","P20","P30","P40","P50","P60","P70","P80","P90","P100","P200","P300","P400","P500","P600","P700","P800","P900","P1000","P1100","P1200","P1300","P1400","P1500","P1600"
 0.0000000E+000, 0.0000000E+000, 1.1945617E+000, 8.9782859E-006,-3.1980641E-005,-1.9783964E-005,-3.5010449E-005,-1.9462283E-005,-3.2484049E-005,-2.0652998E-005,-2.9796173E-005,-2.2044636E-005,-2.9446684E-005,-2.1123076E-005,-2.5429480E-005,-2.1924779E-005,-2.2144477E-005,-2.1366859E-005,-1.9715544E-005,-2.1658981E-005,-2.1500282E-005,-2.2948501E-005,-2.4873888E-005,-2.1800865E-005,-2.2499293E-005,-1.8385552E-005,-2.2042811E-005,-1.9480792E-005,-2.1549425E-005
 1.6000582E+002, 9.9647790E+000, 1.1945612E+000, 8.9782859E-006, 4.4422862E+002, 4.4045157E+002, 4.3675329E+002, 4.3315062E+002, 4.2966278E+002, 4.2630036E+002, 4.2306264E+002, 4.1997178E+002, 4.1697334E+002, 4.1411412E+002, 3.8762786E+002, 3.6062962E+002, 3.3311147E+002, 3.0537511E+002, 2.7755712E+002, 2.4967079E+002, 2.2183209E+002, 1.9408946E+002, 1.6631738E+002, 1.3865294E+002, 1.1100110E+002, 8.3264108E+001, 5.5523113E+001, 2.7506253E+001, 2.1294022E-001
 3.2000000E+002, 9.9999989E+000, 1.1945616E+000, 8.9782859E-006, 3.3888047E+002, 3.3583673E+002, 3.3288613E+002, 3.3002806E+002, 3.2726871E+002, 3.2461127E+002, 3.2210412E+002, 3.1973588E+002, 3.1745497E+002, 3.1532093E+002, 2.9594878E+002, 2.7564166E+002, 2.5463711E+002, 2.3331803E+002, 2.1217608E+002, 1.9089405E+002, 1.6963085E+002, 1.4828119E+002, 1.2702191E+002, 1.0586059E+002, 8.4579610E+001, 6.3440168E+001, 4.2126004E+001, 2.0898565E+001, 1.9509581E-001
