s,m/s,kg/m3,kg/m/s,Pa,Pa,Pa,Pa,Pa,Pa,Pa,Pa,Pa,Pa,Pa,Pa,Pa,Pa,Pa,Pa,Pa,Pa,Pa,Pa,Pa,Pa,Pa,Pa,Pa
Time,"UBAR","RHO","MU","P10","P20","P30","P40","P50","P60","P70","P80","P90","P100","P200","P300","P400","P500","P600","P700","P800","P900","P1000","P1100","P1200","P1300","P1400","P1500","P1600"
 0.0000000E+000, 0.0000000E+000, 1.1945618E+000, 8.9782869E-006,-3.3375429E-005,-2.3231338E-005,-3.4885437E-005,-2.5331040E-005,-3.5519108E-005,-2.2812701E-005,-3.5684023E-005,-2.2323236E-005,-3.1565720E-005,-2.2408435E-005,-2.5159964E-005,-2.2671616E-005,-2.3036435E-005,-2.4332479E-005,-2.4554838E-005,-2.5003835E-005,-2.4106680E-005,-2.4360434E-005,-2.4496310E-005,-2.2830643E-005,-2.6128968E-005,-2.3828424E-005,-2.1789010E-005,-2.6182618E-005,-2.4450788E-005
 8.0004933E+002, 1.9986405E+000, 1.1945619E+000, 8.9782869E-006, 9.2222516E+000, 9.1554789E+000, 9.0890979E+000, 9.0233698E+000, 8.9585460E+000, 8.8944825E+000, 8.8313747E+000, 8.7695635E+000, 8.7084901E+000, 8.6487989E+000, 8.0714141E+000, 7.5023379E+000, 6.9340374E+000, 6.3616206E+000, 5.7851105E+000, 5.2060020E+000, 4.6270812E+000, 4.0479672E+000, 3.4688506E+000, 2.8899245E+000, 2.3111839E+000, 1.7324193E+000, 1.1533414E+000, 5.7351159E-001, 1.3301423E-003
 1.6000000E+003, 2.0000002E+000, 1.1945616E+000, 8.9782869E-006, 4.5734136E+000, 4.5365347E+000, 4.4997775E+000, 4.4640469E+000, 4.4285957E+000, 4.3942749E+000, 4.3610662E+000, 4.3289918E+000, 4.2979502E+000, 4.2682131E+000, 3.9857629E+000, 3.7114860E+000, 3.4387704E+000, 3.1595211E+000, 2.8743945E+000, 2.5856894E+000, 2.2961474E+000, 2.0069224E+000, 1.7188272E+000, 1.4312880E+000, 1.1435117E+000, 8.5660697E-001, 5.6856691E-001, 2.8124862E-001, 7.9471856E-004
