s,m/s,kg/m3,kg/m/s,Pa,Pa,Pa,Pa,Pa,Pa,Pa,Pa,Pa,Pa,Pa,Pa,Pa,Pa,Pa,Pa,Pa,Pa,Pa,Pa,Pa,Pa,Pa,Pa,Pa
Time,"UBAR","RHO","MU","P10","P20","P30","P40","P50","P60","P70","P80","P90","P100","P200","P300","P400","P500","P600","P700","P800","P900","P1000","P1100","P1200","P1300","P1400","P1500","P1600"
 0.0000000E+000, 0.0000000E+000, 1.1945617E+000, 1.7956572E-005,-3.1980641E-005,-1.9783964E-005,-3.5010449E-005,-1.9462283E-005,-3.2484049E-005,-2.0652998E-005,-2.9796173E-005,-2.2044636E-005,-2.9446684E-005,-2.1123076E-005,-2.5429480E-005,-2.1924779E-005,-2.2144477E-005,-2.1366859E-005,-1.9715544E-005,-2.1658981E-005,-2.1500282E-005,-2.2948501E-005,-2.4873888E-005,-2.1800865E-005,-2.2499293E-005,-1.8385552E-005,-2.2042811E-005,-1.9480792E-005,-2.1549425E-005
 1.6009968E+002, 9.9649134E+000, 1.1945614E+000, 1.7956572E-005, 2.0505885E+002, 2.0360339E+002, 2.0221661E+002, 2.0085158E+002, 1.9954365E+002, 1.9822921E+002, 1.9692188E+002, 1.9559342E+002, 1.9425702E+002, 1.9293894E+002, 1.7999132E+002, 1.6706685E+002, 1.5417816E+002, 1.4131634E+002, 1.2847898E+002, 1.1565319E+002, 1.0280180E+002, 8.9953999E+001, 7.7079509E+001, 6.4179685E+001, 5.1351647E+001, 3.8448690E+001, 2.5624410E+001, 1.2766940E+001, 7.5002996E-002
 3.2000000E+002, 9.9999992E+000, 1.1945618E+000, 1.7956572E-005, 8.7150221E+001, 8.6358362E+001, 8.5718445E+001, 8.5100896E+001, 8.4522585E+001, 8.3973343E+001, 8.3418176E+001, 8.2826375E+001, 8.2272755E+001, 8.1737241E+001, 7.6155295E+001, 7.0665455E+001, 6.5199315E+001, 5.9765864E+001, 5.4311812E+001, 4.8875214E+001, 4.3446500E+001, 3.7981975E+001, 3.2532937E+001, 2.7119831E+001, 2.1662603E+001, 1.6189998E+001, 1.0751392E+001, 5.3313111E+000, 4.8508761E-002
