s,m/s,kg/m3,kg/m/s,Pa,Pa,Pa,Pa,Pa,Pa,Pa,Pa,Pa,Pa,Pa,Pa,Pa,Pa,Pa,Pa,Pa,Pa,Pa,Pa,Pa,Pa,Pa,Pa,Pa
Time,"UBAR","RHO","MU","P10","P20","P30","P40","P50","P60","P70","P80","P90","P100","P200","P300","P400","P500","P600","P700","P800","P900","P1000","P1100","P1200","P1300","P1400","P1500","P1600"
 0.0000000E+000, 0.0000000E+000, 1.1945617E+000, 1.7956572E-005,-3.3375424E-005,-2.3231336E-005,-3.4885432E-005,-2.5331037E-005,-3.5519103E-005,-2.2812697E-005,-3.5684018E-005,-2.2323234E-005,-3.1565716E-005,-2.2408432E-005,-2.5159961E-005,-2.2671613E-005,-2.3036432E-005,-2.4332475E-005,-2.4554835E-005,-2.5003832E-005,-2.4106677E-005,-2.4360431E-005,-2.4496306E-005,-2.2830640E-005,-2.6128965E-005,-2.3828421E-005,-2.1789007E-005,-2.6182614E-005,-2.4450785E-005
 8.0020482E+002, 1.9986493E+000, 1.1945616E+000, 1.7956572E-005, 9.1844328E+000, 9.1149420E+000, 9.0486480E+000, 8.9821862E+000, 8.9178028E+000, 8.8535974E+000, 8.7915710E+000, 8.7293351E+000, 8.6691292E+000, 8.6087873E+000, 8.0256912E+000, 7.4521043E+000, 6.8810647E+000, 6.3086928E+000, 5.7353369E+000, 5.1612740E+000, 4.5852437E+000, 4.0119536E+000, 3.4362383E+000, 2.8620163E+000, 2.2885571E+000, 1.7141218E+000, 1.1403423E+000, 5.6682028E-001, 1.8418548E-003
 1.6000000E+003, 2.0000562E+000, 1.1945528E+000, 1.7956572E-005, 4.4834953E+000, 4.4423697E+000, 4.4056914E+000, 4.3688171E+000, 4.3350201E+000, 4.3010929E+000, 4.2691135E+000, 4.2362482E+000, 4.2056969E+000, 4.1746594E+000, 3.8887350E+000, 3.6126498E+000, 3.3369266E+000, 3.0601049E+000, 2.7812840E+000, 2.5023000E+000, 2.2235172E+000, 1.9435347E+000, 1.6643521E+000, 1.3868495E+000, 1.1070916E+000, 8.2831952E-001, 5.4935439E-001, 2.6992605E-001, 7.8707153E-004
