s,m/s,kg/m3,kg/m/s,Pa,Pa,Pa,Pa,Pa,Pa,Pa,Pa,Pa,Pa,Pa,Pa,Pa,Pa,Pa,Pa,Pa,Pa,Pa,Pa,Pa,Pa,Pa,Pa,Pa
Time,"UBAR","RHO","MU","P10","P20","P30","P40","P50","P60","P70","P80","P90","P100","P200","P300","P400","P500","P600","P700","P800","P900","P1000","P1100","P1200","P1300","P1400","P1500","P1600"
 0.0000000E+000, 0.0000000E+000, 1.1945617E+000, 1.7956572E-005,-3.3375424E-005,-2.3231335E-005,-3.4885432E-005,-2.5331037E-005,-3.5519103E-005,-2.2812698E-005,-3.5684018E-005,-2.2323233E-005,-3.1565716E-005,-2.2408432E-005,-2.5159961E-005,-2.2671613E-005,-2.3036432E-005,-2.4332476E-005,-2.4554835E-005,-2.5003832E-005,-2.4106676E-005,-2.4360431E-005,-2.4496306E-005,-2.2830640E-005,-2.6128964E-005,-2.3828421E-005,-2.1789007E-005,-2.6182614E-005,-2.4450785E-005
 8.0023626E+002, 1.9986485E+000, 1.1945616E+000, 1.7956572E-005, 9.1796594E+000, 9.1101329E+000, 9.0439045E+000, 8.9773257E+000, 8.9132219E+000, 8.8488397E+000, 8.7867461E+000, 8.7243597E+000, 8.6640992E+000, 8.6036946E+000, 8.0205658E+000, 7.4482911E+000, 6.8773434E+000, 6.3051469E+000, 5.7320640E+000, 5.1589116E+000, 4.5831579E+000, 4.0100000E+000, 3.4348405E+000, 2.8608213E+000, 2.2876323E+000, 1.7135807E+000, 1.1400004E+000, 5.6598121E-001, 1.8444279E-003
 1.6000000E+003, 2.0000444E+000, 1.1945468E+000, 1.7956572E-005, 4.4824453E+000, 4.4416873E+000, 4.4051856E+000, 4.3683533E+000, 4.3345324E+000, 4.2999559E+000, 4.2675135E+000, 4.2345388E+000, 4.2043836E+000, 4.1733346E+000, 3.8881310E+000, 3.6118884E+000, 3.3348799E+000, 3.0566221E+000, 2.7801690E+000, 2.5016621E+000, 2.2231495E+000, 1.9443710E+000, 1.6651146E+000, 1.3861403E+000, 1.1051348E+000, 8.2734037E-001, 5.4873905E-001, 2.6982811E-001, 8.1800769E-004
