s,m/s,kg/m3,kg/m/s,Pa,Pa,Pa,Pa,Pa,Pa,Pa,Pa,Pa,Pa,Pa,Pa,Pa,Pa,Pa,Pa,Pa,Pa,Pa,Pa,Pa,Pa,Pa,Pa,Pa
Time,"UBAR","RHO","MU","P10","P20","P30","P40","P50","P60","P70","P80","P90","P100","P200","P300","P400","P500","P600","P700","P800","P900","P1000","P1100","P1200","P1300","P1400","P1500","P1600"
 0.0000000E+000, 0.0000000E+000, 1.1949073E+000, 1.7956572E-005,-4.7850179E-005,-3.5758998E-005,-5.0729530E-005,-3.6412311E-005,-5.0586932E-005,-3.5108813E-005,-4.9204030E-005,-3.6965818E-005,-4.7332899E-005,-3.5657055E-005,-3.5711202E-005,-3.7100219E-005,-3.5458230E-005,-3.4850506E-005,-3.5311800E-005,-3.5322616E-005,-3.5089411E-005,-3.6328965E-005,-3.6907655E-005,-3.5540940E-005,-3.6553790E-005,-3.5769673E-005,-3.5031111E-005,-3.5008038E-005,-3.6537385E-005
 4.0003581E+002, 3.9943691E+000, 1.1949073E+000, 1.7956572E-005, 6.0801573E+001, 6.0238944E+001, 5.9738781E+001, 5.9293494E+001, 5.8890942E+001, 5.8512966E+001, 5.8138282E+001, 5.7763582E+001, 5.7392520E+001, 5.7023444E+001, 5.3413031E+001, 4.9587280E+001, 4.5765228E+001, 4.1944962E+001, 3.8130235E+001, 3.4314222E+001, 3.0494615E+001, 2.6667545E+001, 2.2852922E+001, 1.9035295E+001, 1.5217830E+001, 1.1402982E+001, 7.5842991E+000, 3.7750148E+000, 1.4884564E-002
 8.0000000E+002, 4.0000000E+000, 1.1949072E+000, 1.7956572E-005, 4.3195837E+001, 4.2751558E+001, 4.2370083E+001, 4.2041973E+001, 4.1757879E+001, 4.1497342E+001, 4.1240893E+001, 4.0979886E+001, 4.0722372E+001, 4.0466769E+001, 3.7996252E+001, 3.5270078E+001, 3.2551564E+001, 2.9834068E+001, 2.7112885E+001, 2.4396220E+001, 2.1684911E+001, 1.8963609E+001, 1.6246705E+001, 1.3519967E+001, 1.0806733E+001, 8.0966657E+000, 5.3804894E+000, 2.6643656E+000, 1.3174658E-002
