s,m/s,kg/m3,kg/m/s,Pa,Pa,Pa,Pa,Pa,Pa,Pa,Pa,Pa,Pa,Pa,Pa,Pa,Pa,Pa,Pa,Pa,Pa,Pa,Pa,Pa,Pa,Pa,Pa,Pa
Time,"UBAR","RHO","MU","P10","P20","P30","P40","P50","P60","P70","P80","P90","P100","P200","P300","P400","P500","P600","P700","P800","P900","P1000","P1100","P1200","P1300","P1400","P1500","P1600"
 0.0000000E+000, 0.0000000E+000, 1.1945617E+000, 8.9782859E-006,-3.3375424E-005,-2.3231335E-005,-3.4885432E-005,-2.5331037E-005,-3.5519103E-005,-2.2812698E-005,-3.5684018E-005,-2.2323233E-005,-3.1565716E-005,-2.2408432E-005,-2.5159961E-005,-2.2671613E-005,-2.3036432E-005,-2.4332476E-005,-2.4554835E-005,-2.5003832E-005,-2.4106676E-005,-2.4360431E-005,-2.4496306E-005,-2.2830640E-005,-2.6128964E-005,-2.3828421E-005,-2.1789007E-005,-2.6182614E-005,-2.4450785E-005
 8.0008302E+002, 1.9986391E+000, 1.1945617E+000, 8.9782859E-006, 9.4243438E+000, 9.3547843E+000, 9.2887946E+000, 9.2222968E+000, 9.1589059E+000, 9.0946963E+000, 9.0317329E+000, 8.9687973E+000, 8.9075247E+000, 8.8454153E+000, 8.2483910E+000, 7.6603974E+000, 7.0730947E+000, 6.4843484E+000, 5.8957252E+000, 5.3061936E+000, 4.7147280E+000, 4.1241607E+000, 3.5334412E+000, 2.9431886E+000, 2.3529223E+000, 1.7630590E+000, 1.1722217E+000, 5.8195491E-001, 1.9303138E-003
 1.6000000E+003, 2.0000702E+000, 1.1945564E+000, 8.9782859E-006, 4.7402371E+000, 4.7004413E+000, 4.6639091E+000, 4.6277477E+000, 4.5936936E+000, 4.5587765E+000, 4.5263002E+000, 4.4926834E+000, 4.4607940E+000, 4.4277628E+000, 4.1261979E+000, 3.8346748E+000, 3.5424316E+000, 3.2473192E+000, 2.9516373E+000, 2.6566275E+000, 2.3605149E+000, 2.0648861E+000, 1.7685502E+000, 1.4726744E+000, 1.1769691E+000, 8.7976684E-001, 5.8376494E-001, 2.8687969E-001, 9.3324375E-004
