s,m/s,kg/m3,kg/m/s,Pa,Pa,Pa,Pa,Pa,Pa,Pa,Pa,Pa,Pa,Pa,Pa,Pa,Pa,Pa,Pa,Pa,Pa,Pa,Pa,Pa,Pa,Pa,Pa,Pa
Time,UBAR,RHO,MU,P10,P20,P30,P40,P50,P60,P70,P80,P90,P100,P200,P300,P400,P500,P600,P700,P800,P900,P1000,P1100,P1200,P1300,P1400,P1500,P1600
 0.0000000E+000, 0.0000000E+000, 1.1949073E+000, 1.7956572E-005,-4.7850179E-005,-3.5758998E-005,-5.0729530E-005,-3.6412311E-005,-5.0586932E-005,-3.5108813E-005,-4.9204030E-005,-3.6965818E-005,-4.7332899E-005,-3.5657055E-005,-3.5711202E-005,-3.7100219E-005,-3.5458230E-005,-3.4850506E-005,-3.5311800E-005,-3.5322616E-005,-3.5089411E-005,-3.6328965E-005,-3.6907655E-005,-3.5540940E-005,-3.6553790E-005,-3.5769673E-005,-3.5031111E-005,-3.5008038E-005,-3.6537385E-005
 4.0002522E+002, 3.9943698E+000, 1.1949072E+000, 1.7956572E-005, 6.0846685E+001, 6.0284217E+001, 5.9784176E+001, 5.9338362E+001, 5.8935948E+001, 5.8555854E+001, 5.8181714E+001, 5.7808160E+001, 5.7437556E+001, 5.7069558E+001, 5.3448283E+001, 4.9623835E+001, 4.5795975E+001, 4.1973453E+001, 3.8153514E+001, 3.4337048E+001, 3.0510332E+001, 2.6692606E+001, 2.2875133E+001, 1.9053922E+001, 1.5232150E+001, 1.1412861E+001, 7.5899419E+000, 3.7700173E+000, 1.4673495E-002
 8.0000000E+002, 4.0000001E+000, 1.1949072E+000, 1.7956572E-005, 4.3238405E+001, 4.2794419E+001, 4.2412996E+001, 4.2086137E+001, 4.1801636E+001, 4.1539379E+001, 4.1281644E+001, 4.1021917E+001, 4.0764053E+001, 4.0509873E+001, 3.8027022E+001, 3.5294359E+001, 3.2573911E+001, 2.9857257E+001, 2.7130825E+001, 2.4412321E+001, 2.1690219E+001, 1.8971213E+001, 1.6254098E+001, 1.3533856E+001, 1.0821106E+001, 8.1012379E+000, 5.3819556E+000, 2.6687670E+000, 1.3200324E-002
