s,m/s,kg/m3,kg/m/s,Pa,Pa,Pa,Pa,Pa,Pa,Pa,Pa,Pa,Pa,Pa,Pa,Pa,Pa,Pa,Pa,Pa,Pa,Pa,Pa,Pa,Pa,Pa,Pa,Pa
Time,"UBAR","RHO","MU","P10","P20","P30","P40","P50","P60","P70","P80","P90","P100","P200","P300","P400","P500","P600","P700","P800","P900","P1000","P1100","P1200","P1300","P1400","P1500","P1600"
 0.0000000E+000, 0.0000000E+000, 1.1945617E+000, 1.7956572E-005,-3.3375424E-005,-2.3231335E-005,-3.4885432E-005,-2.5331037E-005,-3.5519103E-005,-2.2812698E-005,-3.5684018E-005,-2.2323233E-005,-3.1565716E-005,-2.2408432E-005,-2.5159961E-005,-2.2671613E-005,-2.3036432E-005,-2.4332476E-005,-2.4554835E-005,-2.5003832E-005,-2.4106676E-005,-2.4360431E-005,-2.4496306E-005,-2.2830640E-005,-2.6128964E-005,-2.3828421E-005,-2.1789007E-005,-2.6182614E-005,-2.4450785E-005
 1.6001477E+002, 9.9626391E+000, 1.1945566E+000, 1.7956572E-005, 2.0507209E+002, 2.0358946E+002, 2.0218054E+002, 2.0076766E+002, 1.9937177E+002, 1.9799854E+002, 1.9663515E+002, 1.9526508E+002, 1.9391983E+002, 1.9258450E+002, 1.7952274E+002, 1.6672025E+002, 1.5392617E+002, 1.4110320E+002, 1.2826896E+002, 1.1542830E+002, 1.0259009E+002, 8.9743512E+001, 7.6871979E+001, 6.4041025E+001, 5.1228363E+001, 3.8390578E+001, 2.5527487E+001, 1.2671588E+001, 2.6201810E-002
 3.2000000E+002, 1.0000665E+001, 1.1945495E+000, 1.7956572E-005, 8.6619935E+001, 8.5877201E+001, 8.5181581E+001, 8.4513181E+001, 8.3851538E+001, 8.3224015E+001, 8.2592985E+001, 8.1989357E+001, 8.1384549E+001, 8.0803850E+001, 7.5226662E+001, 6.9848500E+001, 6.4504893E+001, 5.9160236E+001, 5.3750354E+001, 4.8352612E+001, 4.2974042E+001, 3.7606665E+001, 3.2201994E+001, 2.6780898E+001, 2.1399563E+001, 1.5982027E+001, 1.0588252E+001, 5.2177329E+000, 1.4698058E-002
