s,m/s,kg/m3,kg/m/s,Pa,Pa,Pa,Pa,Pa,Pa,Pa,Pa,Pa,Pa,Pa,Pa,Pa,Pa,Pa,Pa,Pa,Pa,Pa,Pa,Pa,Pa,Pa,Pa,Pa
Time,"UBAR","RHO","MU","P10","P20","P30","P40","P50","P60","P70","P80","P90","P100","P200","P300","P400","P500","P600","P700","P800","P900","P1000","P1100","P1200","P1300","P1400","P1500","P1600"
 0.0000000E+000, 0.0000000E+000, 1.1945617E+000, 1.7956572E-005,-3.3375424E-005,-2.3231335E-005,-3.4885432E-005,-2.5331037E-005,-3.5519103E-005,-2.2812698E-005,-3.5684018E-005,-2.2323233E-005,-3.1565716E-005,-2.2408432E-005,-2.5159961E-005,-2.2671613E-005,-2.3036432E-005,-2.4332476E-005,-2.4554835E-005,-2.5003832E-005,-2.4106676E-005,-2.4360431E-005,-2.4496306E-005,-2.2830640E-005,-2.6128964E-005,-2.3828421E-005,-2.1789007E-005,-2.6182614E-005,-2.4450785E-005
 8.0003503E+002, 1.9986755E+000, 1.1945575E+000, 1.7956572E-005, 1.7750386E+001, 1.7565157E+001, 1.7395577E+001, 1.7245307E+001, 1.7114887E+001, 1.7003226E+001, 1.6904476E+001, 1.6810761E+001, 1.6715598E+001, 1.6616243E+001, 1.5541865E+001, 1.4441973E+001, 1.3333063E+001, 1.2223242E+001, 1.1110697E+001, 9.9985045E+000, 8.8846260E+000, 7.7676904E+000, 6.6569821E+000, 5.5479190E+000, 4.4387209E+000, 3.3248990E+000, 2.2116111E+000, 1.0989887E+000, 4.2668164E-003
 1.6000000E+003, 2.0000706E+000, 1.1945507E+000, 1.7956572E-005, 1.3311961E+001, 1.3156229E+001, 1.3016005E+001, 1.2894511E+001, 1.2792868E+001, 1.2707363E+001, 1.2636706E+001, 1.2574935E+001, 1.2512979E+001, 1.2448295E+001, 1.1677754E+001, 1.0860048E+001, 1.0024332E+001, 9.1837556E+000, 8.3484172E+000, 7.5140308E+000, 6.6777760E+000, 5.8405261E+000, 5.0000548E+000, 4.1662569E+000, 3.3278624E+000, 2.4918741E+000, 1.6551468E+000, 8.2051843E-001, 3.3959186E-003
