s,m/s,kg/m3,kg/m/s,Pa,Pa,Pa,Pa,Pa,Pa,Pa,Pa,Pa,Pa,Pa,Pa,Pa,Pa,Pa,Pa,Pa,Pa,Pa,Pa,Pa,Pa,Pa,Pa,Pa
Time,"UBAR","RHO","MU","P10","P20","P30","P40","P50","P60","P70","P80","P90","P100","P200","P300","P400","P500","P600","P700","P800","P900","P1000","P1100","P1200","P1300","P1400","P1500","P1600"
 0.0000000E+000, 0.0000000E+000, 1.1945617E+000, 8.9782859E-006,-3.3375424E-005,-2.3231335E-005,-3.4885432E-005,-2.5331037E-005,-3.5519103E-005,-2.2812698E-005,-3.5684018E-005,-2.2323233E-005,-3.1565716E-005,-2.2408432E-005,-2.5159961E-005,-2.2671613E-005,-2.3036432E-005,-2.4332476E-005,-2.4554835E-005,-2.5003832E-005,-2.4106676E-005,-2.4360431E-005,-2.4496306E-005,-2.2830640E-005,-2.6128964E-005,-2.3828421E-005,-2.1789007E-005,-2.6182614E-005,-2.4450785E-005
 8.0024711E+002, 1.9986395E+000, 1.1945616E+000, 8.9782859E-006, 9.1748031E+000, 9.1049245E+000, 9.0385938E+000, 8.9721086E+000, 8.9082085E+000, 8.8437971E+000, 8.7818071E+000, 8.7196068E+000, 8.6590437E+000, 8.5985567E+000, 8.0170875E+000, 7.4451169E+000, 6.8730379E+000, 6.3016990E+000, 5.7289852E+000, 5.1550690E+000, 4.5805630E+000, 4.0065305E+000, 3.4320958E+000, 2.8591700E+000, 2.2850306E+000, 1.7127201E+000, 1.1397494E+000, 5.6610131E-001, 1.8594939E-003
 1.6000000E+003, 2.0000233E+000, 1.1945500E+000, 8.9782859E-006, 4.4993327E+000, 4.4580844E+000, 4.4205029E+000, 4.3831970E+000, 4.3490543E+000, 4.3144671E+000, 4.2824751E+000, 4.2497201E+000, 4.2195955E+000, 4.1892006E+000, 3.9033942E+000, 3.6243889E+000, 3.3470761E+000, 3.0684646E+000, 2.7883764E+000, 2.5085087E+000, 2.2280585E+000, 1.9469617E+000, 1.6679455E+000, 1.3889848E+000, 1.1097118E+000, 8.2973289E-001, 5.5077917E-001, 2.7103499E-001, 7.8022668E-004
