s,m/s,kg/m3,kg/m/s,Pa,Pa,Pa,Pa,Pa,Pa,Pa,Pa,Pa,Pa,Pa,Pa,Pa,Pa,Pa,Pa,Pa,Pa,Pa,Pa,Pa,Pa,Pa,Pa,Pa
Time,"UBAR","RHO","MU","P10","P20","P30","P40","P50","P60","P70","P80","P90","P100","P200","P300","P400","P500","P600","P700","P800","P900","P1000","P1100","P1200","P1300","P1400","P1500","P1600"
 0.0000000E+000, 0.0000000E+000, 1.1945618E+000, 8.9782869E-006,-3.1980646E-005,-1.9783966E-005,-3.5010454E-005,-1.9462285E-005,-3.2484053E-005,-2.0653001E-005,-2.9796177E-005,-2.2044639E-005,-2.9446688E-005,-2.1123079E-005,-2.5429483E-005,-2.1924782E-005,-2.2144480E-005,-2.1366862E-005,-1.9715547E-005,-2.1658984E-005,-2.1500285E-005,-2.2948504E-005,-2.4873891E-005,-2.1800868E-005,-2.2499296E-005,-1.8385554E-005,-2.2042814E-005,-1.9480795E-005,-2.1549428E-005
 1.6004756E+002, 9.9648365E+000, 1.1945617E+000, 8.9782869E-006, 4.4652069E+002, 4.4274108E+002, 4.3904207E+002, 4.3545064E+002, 4.3196554E+002, 4.2860413E+002, 4.2535028E+002, 4.2220645E+002, 4.1916416E+002, 4.1622676E+002, 3.9029129E+002, 3.6430085E+002, 3.3691845E+002, 3.0904941E+002, 2.8095740E+002, 2.5279743E+002, 2.2462930E+002, 1.9651989E+002, 1.6838899E+002, 1.4038367E+002, 1.1222509E+002, 8.4110288E+001, 5.6098309E+001, 2.7857421E+001, 1.5354315E-001
 3.2000000E+002, 1.0000005E+001, 1.1945619E+000, 8.9782869E-006, 3.4480740E+002, 3.4175585E+002, 3.3878148E+002, 3.3591013E+002, 3.3316156E+002, 3.3051711E+002, 3.2799626E+002, 3.2557322E+002, 3.2325478E+002, 3.2103892E+002, 3.0262016E+002, 2.8323992E+002, 2.6217446E+002, 2.4033670E+002, 2.1839069E+002, 1.9659106E+002, 1.7456320E+002, 1.5255840E+002, 1.3073320E+002, 1.0903018E+002, 8.7051548E+001, 6.5058662E+001, 4.3204621E+001, 2.1455199E+001, 1.8794779E-001
