s,m/s,kg/m3,kg/m/s,Pa,Pa,Pa,Pa,Pa,Pa,Pa,Pa,Pa,Pa,Pa,Pa,Pa,Pa,Pa,Pa,Pa,Pa,Pa,Pa,Pa,Pa,Pa,Pa,Pa
Time,"UBAR","RHO","MU","P10","P20","P30","P40","P50","P60","P70","P80","P90","P100","P200","P300","P400","P500","P600","P700","P800","P900","P1000","P1100","P1200","P1300","P1400","P1500","P1600"
 0.0000000E+000, 0.0000000E+000, 1.1945618E+000, 8.9782869E-006,-3.3375429E-005,-2.3231338E-005,-3.4885437E-005,-2.5331040E-005,-3.5519108E-005,-2.2812701E-005,-3.5684023E-005,-2.2323236E-005,-3.1565720E-005,-2.2408435E-005,-2.5159964E-005,-2.2671616E-005,-2.3036435E-005,-2.4332479E-005,-2.4554838E-005,-2.5003835E-005,-2.4106680E-005,-2.4360434E-005,-2.4496310E-005,-2.2830643E-005,-2.6128968E-005,-2.3828424E-005,-2.1789010E-005,-2.6182618E-005,-2.4450788E-005
 8.0017774E+002, 1.9986400E+000, 1.1945618E+000, 8.9782869E-006, 1.8057149E+001, 1.7872872E+001, 1.7705713E+001, 1.7556933E+001, 1.7424818E+001, 1.7307295E+001, 1.7200983E+001, 1.7105582E+001, 1.7018718E+001, 1.6936730E+001, 1.5920300E+001, 1.4821314E+001, 1.3682853E+001, 1.2537800E+001, 1.1395860E+001, 1.0252851E+001, 9.1130397E+000, 7.9712124E+000, 6.8303013E+000, 5.6873900E+000, 4.5461315E+000, 3.4052586E+000, 2.2681948E+000, 1.1264551E+000, 3.6995714E-003
 1.6000000E+003, 2.0000010E+000, 1.1945619E+000, 8.9782869E-006, 1.3778993E+001, 1.3624320E+001, 1.3486448E+001, 1.3366894E+001, 1.3264885E+001, 1.3176818E+001, 1.3100116E+001, 1.3032645E+001, 1.2974300E+001, 1.2924986E+001, 1.2209338E+001, 1.1380384E+001, 1.0504031E+001, 9.6246050E+000, 8.7451771E+000, 7.8679765E+000, 6.9942095E+000, 6.1190141E+000, 5.2381570E+000, 4.3613371E+000, 3.4882820E+000, 2.6121464E+000, 1.7399393E+000, 8.6363766E-001, 3.4022772E-003
