s,m/s,kg/m3,kg/m/s,Pa,Pa,Pa,Pa,Pa,Pa,Pa,Pa,Pa,Pa,Pa,Pa,Pa,Pa,Pa,Pa,Pa,Pa,Pa,Pa,Pa,Pa,Pa,Pa,Pa
Time,UBAR,RHO,MU,P10,P20,P30,P40,P50,P60,P70,P80,P90,P100,P200,P300,P400,P500,P600,P700,P800,P900,P1000,P1100,P1200,P1300,P1400,P1500,P1600
 0.0000000E+000, 0.0000000E+000, 1.1945617E+000, 1.7956572E-005,-3.1980641E-005,-1.9783964E-005,-3.5010449E-005,-1.9462283E-005,-3.2484048E-005,-2.0652998E-005,-2.9796173E-005,-2.2044636E-005,-2.9446684E-005,-2.1123076E-005,-2.5429480E-005,-2.1924779E-005,-2.2144476E-005,-2.1366859E-005,-1.9715544E-005,-2.1658980E-005,-2.1500281E-005,-2.2948500E-005,-2.4873888E-005,-2.1800864E-005,-2.2499294E-005,-1.8385552E-005,-2.2042811E-005,-1.9480792E-005,-2.1549424E-005
 1.6002042E+002, 9.9647311E+000, 1.1945615E+000, 1.7956572E-005, 2.0472998E+002, 2.0325336E+002, 2.0180172E+002, 2.0040903E+002, 1.9913171E+002, 1.9784498E+002, 1.9655028E+002, 1.9524406E+002, 1.9392594E+002, 1.9262686E+002, 1.7968318E+002, 1.6675967E+002, 1.5391119E+002, 1.4107003E+002, 1.2823025E+002, 1.1540931E+002, 1.0256692E+002, 8.9682737E+001, 7.6838694E+001, 6.4075883E+001, 5.1265332E+001, 3.8398780E+001, 2.5617349E+001, 1.2735901E+001, 7.6015075E-002
 3.2000000E+002, 9.9999930E+000, 1.1945615E+000, 1.7956572E-005, 8.6918073E+001, 8.6145827E+001, 8.5467646E+001, 8.4842701E+001, 8.4235246E+001, 8.3631375E+001, 8.3073338E+001, 8.2530134E+001, 8.1960861E+001, 8.1415691E+001, 7.5940929E+001, 7.0426984E+001, 6.4991710E+001, 5.9552962E+001, 5.4154231E+001, 4.8752743E+001, 4.3311131E+001, 3.7925749E+001, 3.2504584E+001, 2.7046677E+001, 2.1612687E+001, 1.6120654E+001, 1.0752459E+001, 5.3022320E+000, 4.8818051E-002
