s,m/s,kg/m3,kg/m/s,Pa,Pa,Pa,Pa,Pa,Pa,Pa,Pa,Pa,Pa,Pa,Pa,Pa,Pa,Pa,Pa,Pa,Pa,Pa,Pa,Pa,Pa,Pa,Pa,Pa
Time,"UBAR","RHO","MU","P10","P20","P30","P40","P50","P60","P70","P80","P90","P100","P200","P300","P400","P500","P600","P700","P800","P900","P1000","P1100","P1200","P1300","P1400","P1500","P1600"
 0.0000000E+000, 0.0000000E+000, 1.1945618E+000, 8.9782869E-006,-3.3375429E-005,-2.3231338E-005,-3.4885437E-005,-2.5331040E-005,-3.5519108E-005,-2.2812701E-005,-3.5684023E-005,-2.2323236E-005,-3.1565720E-005,-2.2408435E-005,-2.5159964E-005,-2.2671616E-005,-2.3036435E-005,-2.4332479E-005,-2.4554838E-005,-2.5003835E-005,-2.4106680E-005,-2.4360434E-005,-2.4496310E-005,-2.2830643E-005,-2.6128968E-005,-2.3828424E-005,-2.1789010E-005,-2.6182618E-005,-2.4450788E-005
 1.6000561E+002, 9.9623813E+000, 1.1945618E+000, 8.9782869E-006, 4.4977075E+002, 4.4518046E+002, 4.4102138E+002, 4.3731985E+002, 4.3403411E+002, 4.3111043E+002, 4.2846852E+002, 4.2607567E+002, 4.2390663E+002, 4.2187150E+002, 3.9663831E+002, 3.6918007E+002, 3.4075743E+002, 3.1232302E+002, 2.8386251E+002, 2.5535069E+002, 2.2688645E+002, 1.9847708E+002, 1.7006396E+002, 1.4169344E+002, 1.1322633E+002, 8.4856975E+001, 5.6494759E+001, 2.8021294E+001, 6.2945627E-002
 3.2000000E+002, 1.0000005E+001, 1.1945616E+000, 8.9782869E-006, 3.4558772E+002, 3.4172019E+002, 3.3827178E+002, 3.3528383E+002, 3.3272126E+002, 3.3053922E+002, 3.2863699E+002, 3.2697001E+002, 3.2552854E+002, 3.2426530E+002, 3.0627784E+002, 2.8556644E+002, 2.6344090E+002, 2.4134230E+002, 2.1931890E+002, 1.9741754E+002, 1.7551185E+002, 1.5365901E+002, 1.3169666E+002, 1.0971838E+002, 8.7702495E+001, 6.5699879E+001, 4.3643885E+001, 2.1595447E+001, 8.4137373E-002
