s,m/s,kg/m3,kg/m/s,Pa,Pa,Pa,Pa,Pa,Pa,Pa,Pa,Pa,Pa,Pa,Pa,Pa,Pa,Pa,Pa,Pa,Pa,Pa,Pa,Pa,Pa,Pa,Pa,Pa
Time,"UBAR","RHO","MU","P10","P20","P30","P40","P50","P60","P70","P80","P90","P100","P200","P300","P400","P500","P600","P700","P800","P900","P1000","P1100","P1200","P1300","P1400","P1500","P1600"
 0.0000000E+000, 0.0000000E+000, 1.1949073E+000, 1.7956572E-005,-4.6657933E-005,-3.2366033E-005,-5.0696483E-005,-3.5940530E-005,-4.8807819E-005,-3.3863808E-005,-4.7656481E-005,-3.4443301E-005,-4.5879634E-005,-3.3035130E-005,-3.6022656E-005,-3.3374756E-005,-3.1637355E-005,-3.0871273E-005,-3.5569895E-005,-3.3514636E-005,-3.2244070E-005,-3.6258603E-005,-3.5078847E-005,-3.5003636E-005,-3.5989401E-005,-3.4824006E-005,-3.1783788E-005,-3.4180296E-005,-3.2240688E-005
 4.0018028E+002, 3.9954922E+000, 1.1949071E+000, 1.7956572E-005, 5.9421702E+001, 5.8913221E+001, 5.8421547E+001, 5.7947543E+001, 5.7493538E+001, 5.7057685E+001, 5.6638664E+001, 5.6235392E+001, 5.5844202E+001, 5.5460090E+001, 5.1856615E+001, 4.8239105E+001, 4.4534877E+001, 4.0810491E+001, 3.7102043E+001, 3.3388011E+001, 2.9655428E+001, 2.5946477E+001, 2.2238695E+001, 1.8512108E+001, 1.4786625E+001, 1.1080993E+001, 7.3808189E+000, 3.6660492E+000, 2.6375713E-002
 8.0000000E+002, 4.0000010E+000, 1.1949072E+000, 1.7956572E-005, 4.1613430E+001, 4.1223403E+001, 4.0850391E+001, 4.0494661E+001, 4.0158702E+001, 3.9841407E+001, 3.9541682E+001, 3.9254718E+001, 3.8982679E+001, 3.8721337E+001, 3.6282049E+001, 3.3778930E+001, 3.1172151E+001, 2.8563286E+001, 2.5973199E+001, 2.3367556E+001, 2.0767405E+001, 1.8170478E+001, 1.5570477E+001, 1.2963165E+001, 1.0360315E+001, 7.7582687E+000, 5.1515555E+000, 2.5449066E+000, 2.3488989E-002
