s,m/s,kg/m3,kg/m/s,Pa,Pa,Pa,Pa,Pa,Pa,Pa,Pa,Pa,Pa,Pa,Pa,Pa,Pa,Pa,Pa,Pa,Pa,Pa,Pa,Pa,Pa,Pa,Pa,Pa
Time,"UBAR","RHO","MU","P10","P20","P30","P40","P50","P60","P70","P80","P90","P100","P200","P300","P400","P500","P600","P700","P800","P900","P1000","P1100","P1200","P1300","P1400","P1500","P1600"
 0.0000000E+000, 0.0000000E+000, 1.1945617E+000, 1.7956572E-005,-3.1980641E-005,-1.9783964E-005,-3.5010449E-005,-1.9462283E-005,-3.2484048E-005,-2.0652998E-005,-2.9796173E-005,-2.2044636E-005,-2.9446684E-005,-2.1123076E-005,-2.5429480E-005,-2.1924779E-005,-2.2144476E-005,-2.1366859E-005,-1.9715544E-005,-2.1658980E-005,-2.1500281E-005,-2.2948500E-005,-2.4873888E-005,-2.1800864E-005,-2.2499294E-005,-1.8385552E-005,-2.2042811E-005,-1.9480792E-005,-2.1549424E-005
 8.0014221E+002, 1.9989718E+000, 1.1945614E+000, 1.7956572E-005, 1.7985605E+001, 1.7833525E+001, 1.7685184E+001, 1.7539999E+001, 1.7399428E+001, 1.7262747E+001, 1.7132800E+001, 1.7006233E+001, 1.6885835E+001, 1.6767280E+001, 1.5696438E+001, 1.4609398E+001, 1.3496904E+001, 1.2374688E+001, 1.1248250E+001, 1.0122687E+001, 8.9962691E+000, 7.8715143E+000, 6.7424905E+000, 5.6148757E+000, 4.4876522E+000, 3.3644856E+000, 2.2378999E+000, 1.1089240E+000, 9.1215903E-003
 1.6000000E+003, 1.9999998E+000, 1.1945620E+000, 1.7956572E-005, 1.3721134E+001, 1.3598754E+001, 1.3480652E+001, 1.3365266E+001, 1.3254251E+001, 1.3145924E+001, 1.3044561E+001, 1.2947689E+001, 1.2856301E+001, 1.2767093E+001, 1.1988395E+001, 1.1181860E+001, 1.0333879E+001, 9.4750769E+000, 8.6105827E+000, 7.7481500E+000, 6.8846501E+000, 6.0197311E+000, 5.1564351E+000, 4.2962617E+000, 3.4340720E+000, 2.5705910E+000, 1.7061601E+000, 8.4688560E-001, 7.6086688E-003
