s,m/s,kg/m3,kg/m/s,Pa,Pa,Pa,Pa,Pa,Pa,Pa,Pa,Pa,Pa,Pa,Pa,Pa,Pa,Pa,Pa,Pa,Pa,Pa,Pa,Pa,Pa,Pa,Pa,Pa
Time,"UBAR","RHO","MU","P10","P20","P30","P40","P50","P60","P70","P80","P90","P100","P200","P300","P400","P500","P600","P700","P800","P900","P1000","P1100","P1200","P1300","P1400","P1500","P1600"
 0.0000000E+000, 0.0000000E+000, 1.1945618E+000, 8.9782869E-006,-3.1980646E-005,-1.9783966E-005,-3.5010454E-005,-1.9462285E-005,-3.2484053E-005,-2.0653001E-005,-2.9796177E-005,-2.2044639E-005,-2.9446688E-005,-2.1123079E-005,-2.5429483E-005,-2.1924782E-005,-2.2144480E-005,-2.1366862E-005,-1.9715547E-005,-2.1658984E-005,-2.1500285E-005,-2.2948504E-005,-2.4873891E-005,-2.1800868E-005,-2.2499296E-005,-1.8385554E-005,-2.2042814E-005,-1.9480795E-005,-2.1549428E-005
 1.6004669E+002, 9.9648612E+000, 1.1945619E+000, 8.9782869E-006, 2.0496034E+002, 2.0358682E+002, 2.0223931E+002, 2.0089291E+002, 1.9954825E+002, 1.9820685E+002, 1.9687598E+002, 1.9554854E+002, 1.9421623E+002, 1.9288603E+002, 1.7979661E+002, 1.6688445E+002, 1.5407169E+002, 1.4122289E+002, 1.2841038E+002, 1.1558301E+002, 1.0273544E+002, 8.9898058E+001, 7.7071158E+001, 6.4208980E+001, 5.1360109E+001, 3.8498710E+001, 2.5626738E+001, 1.2774290E+001, 2.7478642E-002
 3.2000000E+002, 1.0000004E+001, 1.1945617E+000, 8.9782869E-006, 8.7972380E+001, 8.7339012E+001, 8.6722837E+001, 8.6110660E+001, 8.5514823E+001, 8.4921735E+001, 8.4328515E+001, 8.3734193E+001, 8.3148003E+001, 8.2572512E+001, 7.6893219E+001, 7.1340588E+001, 6.5849712E+001, 6.0396601E+001, 5.4931011E+001, 4.9437374E+001, 4.3954937E+001, 3.8432135E+001, 3.2915964E+001, 2.7409732E+001, 2.1909391E+001, 1.6406997E+001, 1.0912557E+001, 5.4049944E+000, 4.5545021E-002
