s,m/s,kg/m3,kg/m/s,Pa,Pa,Pa,Pa,Pa,Pa,Pa,Pa,Pa,Pa,Pa,Pa,Pa,Pa,Pa,Pa,Pa,Pa,Pa,Pa,Pa,Pa,Pa,Pa,Pa
Time,"UBAR","RHO","MU","P10","P20","P30","P40","P50","P60","P70","P80","P90","P100","P200","P300","P400","P500","P600","P700","P800","P900","P1000","P1100","P1200","P1300","P1400","P1500","P1600"
 0.0000000E+000, 0.0000000E+000, 1.1945617E+000, 1.7956572E-005,-3.3375424E-005,-2.3231335E-005,-3.4885432E-005,-2.5331037E-005,-3.5519103E-005,-2.2812698E-005,-3.5684018E-005,-2.2323233E-005,-3.1565716E-005,-2.2408432E-005,-2.5159961E-005,-2.2671613E-005,-2.3036432E-005,-2.4332476E-005,-2.4554835E-005,-2.5003832E-005,-2.4106676E-005,-2.4360431E-005,-2.4496306E-005,-2.2830640E-005,-2.6128964E-005,-2.3828421E-005,-2.1789007E-005,-2.6182614E-005,-2.4450785E-005
 1.6000981E+002, 9.9628663E+000, 1.1945595E+000, 1.7956572E-005, 2.0519329E+002, 2.0371303E+002, 2.0230130E+002, 2.0088573E+002, 1.9948442E+002, 1.9811174E+002, 1.9674084E+002, 1.9537959E+002, 1.9402739E+002, 1.9269061E+002, 1.7966602E+002, 1.6679874E+002, 1.5397473E+002, 1.4116379E+002, 1.2832626E+002, 1.1548241E+002, 1.0264111E+002, 8.9783170E+001, 7.6916498E+001, 6.4088712E+001, 5.1257898E+001, 3.8406045E+001, 2.5549043E+001, 1.2674133E+001, 2.5951531E-002
 3.2000000E+002, 1.0001121E+001, 1.1943953E+000, 1.7958243E-005, 8.6646890E+001, 8.5906538E+001, 8.5210655E+001, 8.4542043E+001, 8.3889359E+001, 8.3241911E+001, 8.2619408E+001, 8.2000029E+001, 8.1395455E+001, 8.0798041E+001, 7.5197274E+001, 6.9836402E+001, 6.4465104E+001, 5.9097138E+001, 5.3691454E+001, 4.8277212E+001, 4.2895655E+001, 3.7504801E+001, 3.2100514E+001, 2.6742723E+001, 2.1353188E+001, 1.5961207E+001, 1.0549750E+001, 5.1875383E+000, 1.4347858E-002
