s,m/s,kg/m3,kg/m/s,Pa,Pa,Pa,Pa,Pa,Pa,Pa,Pa,Pa,Pa,Pa,Pa,Pa,Pa,Pa,Pa,Pa,Pa,Pa,Pa,Pa,Pa,Pa,Pa,Pa
Time,"UBAR","RHO","MU","P10","P20","P30","P40","P50","P60","P70","P80","P90","P100","P200","P300","P400","P500","P600","P700","P800","P900","P1000","P1100","P1200","P1300","P1400","P1500","P1600"
 0.0000000E+000, 0.0000000E+000, 1.1949073E+000, 1.7956572E-005,-4.6657933E-005,-3.2366033E-005,-5.0696482E-005,-3.5940530E-005,-4.8807819E-005,-3.3863808E-005,-4.7656482E-005,-3.4443301E-005,-4.5879634E-005,-3.3035130E-005,-3.6022656E-005,-3.3374757E-005,-3.1637355E-005,-3.0871273E-005,-3.5569895E-005,-3.3514635E-005,-3.2244069E-005,-3.6258603E-005,-3.5078847E-005,-3.5003637E-005,-3.5989401E-005,-3.4824006E-005,-3.1783788E-005,-3.4180295E-005,-3.2240689E-005
 4.0002496E+002, 3.9955696E+000, 1.1949072E+000, 1.7956572E-005, 5.9379548E+001, 5.8871242E+001, 5.8378574E+001, 5.7904868E+001, 5.7450894E+001, 5.7014850E+001, 5.6596138E+001, 5.6192267E+001, 5.5799266E+001, 5.5413951E+001, 5.1812499E+001, 4.8190547E+001, 4.4485575E+001, 4.0771549E+001, 3.7057024E+001, 3.3347557E+001, 2.9622751E+001, 2.5903682E+001, 2.2203031E+001, 1.8496229E+001, 1.4786902E+001, 1.1061479E+001, 7.3477053E+000, 3.6570269E+000, 2.4743620E-002
 8.0000000E+002, 3.9999997E+000, 1.1949074E+000, 1.7956572E-005, 4.1563226E+001, 4.1173200E+001, 4.0800207E+001, 4.0445469E+001, 4.0108346E+001, 3.9790575E+001, 3.9490483E+001, 3.9204762E+001, 3.8930758E+001, 3.8669120E+001, 3.6227621E+001, 3.3749515E+001, 3.1164941E+001, 2.8546141E+001, 2.5932513E+001, 2.3342297E+001, 2.0744777E+001, 1.8150038E+001, 1.5546241E+001, 1.2934598E+001, 1.0338350E+001, 7.7328204E+000, 5.1333561E+000, 2.5322460E+000, 2.3724183E-002
