s,m/s,kg/m3,kg/m/s,Pa,Pa,Pa,Pa,Pa,Pa,Pa,Pa,Pa,Pa,Pa,Pa,Pa,Pa,Pa,Pa,Pa,Pa,Pa,Pa,Pa,Pa,Pa,Pa,Pa
Time,"UBAR","RHO","MU","P10","P20","P30","P40","P50","P60","P70","P80","P90","P100","P200","P300","P400","P500","P600","P700","P800","P900","P1000","P1100","P1200","P1300","P1400","P1500","P1600"
 0.0000000E+000, 0.0000000E+000, 1.1949073E+000, 1.7956572E-005,-4.6657933E-005,-3.2366033E-005,-5.0696482E-005,-3.5940530E-005,-4.8807819E-005,-3.3863808E-005,-4.7656482E-005,-3.4443301E-005,-4.5879634E-005,-3.3035130E-005,-3.6022656E-005,-3.3374757E-005,-3.1637355E-005,-3.0871273E-005,-3.5569895E-005,-3.3514635E-005,-3.2244069E-005,-3.6258603E-005,-3.5078847E-005,-3.5003637E-005,-3.5989401E-005,-3.4824006E-005,-3.1783788E-005,-3.4180295E-005,-3.2240689E-005
 4.0018028E+002, 3.9954921E+000, 1.1949071E+000, 1.7956572E-005, 5.9411920E+001, 5.8903435E+001, 5.8411760E+001, 5.7937744E+001, 5.7483736E+001, 5.7047893E+001, 5.6628879E+001, 5.6225549E+001, 5.5834315E+001, 5.5450222E+001, 5.1846631E+001, 4.8228845E+001, 4.4527898E+001, 4.0806985E+001, 3.7101651E+001, 3.3388214E+001, 2.9662592E+001, 2.5945297E+001, 2.2243952E+001, 1.8520920E+001, 1.4795409E+001, 1.1087608E+001, 7.3860177E+000, 3.6703315E+000, 2.6059109E-002
 8.0000000E+002, 3.9999999E+000, 1.1949071E+000, 1.7956572E-005, 4.1604332E+001, 4.1214265E+001, 4.0841816E+001, 4.0486003E+001, 4.0149616E+001, 3.9831407E+001, 3.9531295E+001, 3.9244679E+001, 3.8973831E+001, 3.8711563E+001, 3.6272661E+001, 3.3782055E+001, 3.1175932E+001, 2.8574528E+001, 2.5957915E+001, 2.3345024E+001, 2.0735708E+001, 1.8143743E+001, 1.5530692E+001, 1.2926040E+001, 1.0337944E+001, 7.7425781E+000, 5.1433329E+000, 2.5409807E+000, 2.3503938E-002
