s,m/s,kg/m3,kg/m/s,Pa,Pa,Pa,Pa,Pa,Pa,Pa,Pa,Pa,Pa,Pa,Pa,Pa,Pa,Pa,Pa,Pa,Pa,Pa,Pa,Pa,Pa,Pa,Pa,Pa
Time,"UBAR","RHO","MU","P10","P20","P30","P40","P50","P60","P70","P80","P90","P100","P200","P300","P400","P500","P600","P700","P800","P900","P1000","P1100","P1200","P1300","P1400","P1500","P1600"
 0.0000000E+000, 0.0000000E+000, 1.1949074E+000, 8.9782869E-006,-4.6657939E-005,-3.2366037E-005,-5.0696489E-005,-3.5940535E-005,-4.8807826E-005,-3.3863812E-005,-4.7656488E-005,-3.4443306E-005,-4.5879640E-005,-3.3035135E-005,-3.6022661E-005,-3.3374761E-005,-3.1637359E-005,-3.0871277E-005,-3.5569900E-005,-3.3514640E-005,-3.2244074E-005,-3.6258608E-005,-3.5078852E-005,-3.5003641E-005,-3.5989406E-005,-3.4824010E-005,-3.1783793E-005,-3.4180300E-005,-3.2240693E-005
 4.0001580E+002, 3.9955512E+000, 1.1949074E+000, 8.9782869E-006, 6.1891395E+001, 6.1383560E+001, 6.0891904E+001, 6.0420051E+001, 5.9967073E+001, 5.9533146E+001, 5.9115883E+001, 5.8713020E+001, 5.8318987E+001, 5.7934823E+001, 5.4191822E+001, 5.0407081E+001, 4.6533890E+001, 4.2648112E+001, 3.8763262E+001, 3.4872403E+001, 3.0995232E+001, 2.7120717E+001, 2.3245034E+001, 1.9358616E+001, 1.5471634E+001, 1.1580923E+001, 7.7129479E+000, 3.8221781E+000, 2.1817850E-002
 8.0000000E+002, 4.0000006E+000, 1.1949074E+000, 8.9782869E-006, 4.4459052E+001, 4.4069533E+001, 4.3696154E+001, 4.3342936E+001, 4.3007867E+001, 4.2691142E+001, 4.2392423E+001, 4.2107194E+001, 4.1831860E+001, 4.1563855E+001, 3.8956769E+001, 3.6257486E+001, 3.3466113E+001, 3.0669881E+001, 2.7873363E+001, 2.5090691E+001, 2.2307063E+001, 1.9505105E+001, 1.6699792E+001, 1.3907079E+001, 1.1106328E+001, 8.3070955E+000, 5.5124357E+000, 2.7279084E+000, 2.6197913E-002
