s,m/s,kg/m3,kg/m/s,Pa,Pa,Pa,Pa,Pa,Pa,Pa,Pa,Pa,Pa,Pa,Pa,Pa,Pa,Pa,Pa,Pa,Pa,Pa,Pa,Pa,Pa,Pa,Pa,Pa
Time,"UBAR","RHO","MU","P10","P20","P30","P40","P50","P60","P70","P80","P90","P100","P200","P300","P400","P500","P600","P700","P800","P900","P1000","P1100","P1200","P1300","P1400","P1500","P1600"
 0.0000000E+000, 0.0000000E+000, 1.1945617E+000, 1.7956572E-005,-3.3375424E-005,-2.3231336E-005,-3.4885432E-005,-2.5331037E-005,-3.5519103E-005,-2.2812697E-005,-3.5684018E-005,-2.2323234E-005,-3.1565716E-005,-2.2408432E-005,-2.5159961E-005,-2.2671613E-005,-2.3036432E-005,-2.4332475E-005,-2.4554835E-005,-2.5003832E-005,-2.4106677E-005,-2.4360431E-005,-2.4496306E-005,-2.2830640E-005,-2.6128965E-005,-2.3828421E-005,-2.1789007E-005,-2.6182614E-005,-2.4450785E-005
 8.0007917E+002, 1.9986433E+000, 1.1945616E+000, 1.7956572E-005, 1.7767677E+001, 1.7582234E+001, 1.7412509E+001, 1.7262374E+001, 1.7132502E+001, 1.7020761E+001, 1.6922521E+001, 1.6827398E+001, 1.6731336E+001, 1.6630611E+001, 1.5558785E+001, 1.4459155E+001, 1.3347899E+001, 1.2232143E+001, 1.1115184E+001, 1.0002520E+001, 8.8853267E+000, 7.7703325E+000, 6.6554264E+000, 5.5426521E+000, 4.4296074E+000, 3.3193225E+000, 2.2059670E+000, 1.0936528E+000, 4.2628444E-003
 1.6000000E+003, 2.0000097E+000, 1.1945616E+000, 1.7956572E-005, 1.3340085E+001, 1.3184221E+001, 1.3043265E+001, 1.2922359E+001, 1.2820654E+001, 1.2738218E+001, 1.2669181E+001, 1.2606233E+001, 1.2543498E+001, 1.2475879E+001, 1.1702048E+001, 1.0884408E+001, 1.0046498E+001, 9.2067342E+000, 8.3684436E+000, 7.5303792E+000, 6.6872904E+000, 5.8437432E+000, 5.0084400E+000, 4.1688889E+000, 3.3291705E+000, 2.4923404E+000, 1.6556218E+000, 8.1541164E-001, 3.3160735E-003
