s,m/s,kg/m3,kg/m/s,Pa,Pa,Pa,Pa,Pa,Pa,Pa,Pa,Pa,Pa,Pa,Pa,Pa,Pa,Pa,Pa,Pa,Pa,Pa,Pa,Pa,Pa,Pa,Pa,Pa
Time,"UBAR","RHO","MU","P10","P20","P30","P40","P50","P60","P70","P80","P90","P100","P200","P300","P400","P500","P600","P700","P800","P900","P1000","P1100","P1200","P1300","P1400","P1500","P1600"
 0.0000000E+000, 0.0000000E+000, 1.1945618E+000, 8.9782869E-006,-3.1980646E-005,-1.9783966E-005,-3.5010454E-005,-1.9462285E-005,-3.2484053E-005,-2.0653001E-005,-2.9796177E-005,-2.2044639E-005,-2.9446688E-005,-2.1123079E-005,-2.5429483E-005,-2.1924782E-005,-2.2144480E-005,-2.1366862E-005,-1.9715547E-005,-2.1658984E-005,-2.1500285E-005,-2.2948504E-005,-2.4873891E-005,-2.1800868E-005,-2.2499296E-005,-1.8385554E-005,-2.2042814E-005,-1.9480795E-005,-2.1549428E-005
 8.0019265E+002, 1.9989665E+000, 1.1945618E+000, 8.9782869E-006, 9.1874757E+000, 9.1245564E+000, 9.0630836E+000, 9.0007109E+000, 8.9394986E+000, 8.8774690E+000, 8.8172122E+000, 8.7557448E+000, 8.6956388E+000, 8.6345699E+000, 8.0449762E+000, 7.4709764E+000, 6.8994597E+000, 6.3249763E+000, 5.7515273E+000, 5.1790937E+000, 4.6040216E+000, 4.0270204E+000, 3.4519290E+000, 2.8763144E+000, 2.3005197E+000, 1.7245491E+000, 1.1487661E+000, 5.7256331E-001, 3.2524263E-003
 1.6000000E+003, 2.0000003E+000, 1.1945617E+000, 8.9782869E-006, 4.5380793E+000, 4.5044629E+000, 4.4729641E+000, 4.4402854E+000, 4.4092761E+000, 4.3765121E+000, 4.3461201E+000, 4.3143868E+000, 4.2843214E+000, 4.2530742E+000, 3.9587045E+000, 3.6763469E+000, 3.3963466E+000, 3.1147254E+000, 2.8318787E+000, 2.5493787E+000, 2.2657968E+000, 1.9815516E+000, 1.6984903E+000, 1.4155734E+000, 1.1304249E+000, 8.4535963E-001, 5.6122594E-001, 2.7724030E-001, 2.2753405E-003
