s,m/s,kg/m3,kg/m/s,Pa,Pa,Pa,Pa,Pa,Pa,Pa,Pa,Pa,Pa,Pa,Pa,Pa,Pa,Pa,Pa,Pa,Pa,Pa,Pa,Pa,Pa,Pa,Pa,Pa
Time,"UBAR","RHO","MU","P10","P20","P30","P40","P50","P60","P70","P80","P90","P100","P200","P300","P400","P500","P600","P700","P800","P900","P1000","P1100","P1200","P1300","P1400","P1500","P1600"
 0.0000000E+000, 0.0000000E+000, 1.1956416E+000, 8.9854123E-006,-3.2009553E-005,-1.9801850E-005,-3.5042102E-005,-1.9479877E-005,-3.2513415E-005,-2.0671669E-005,-2.9823110E-005,-2.2064566E-005,-2.9473306E-005,-2.1142173E-005,-2.5452470E-005,-2.1944599E-005,-2.2164497E-005,-2.1386176E-005,-1.9733368E-005,-2.1678561E-005,-2.1519718E-005,-2.2969246E-005,-2.4896375E-005,-2.1820574E-005,-2.2519634E-005,-1.8402174E-005,-2.2062739E-005,-1.9498404E-005,-2.1568907E-005
 8.0032941E+002, 1.9989719E+000, 1.1956418E+000, 8.9854123E-006, 1.7956697E+001, 1.7804724E+001, 1.7656111E+001, 1.7511697E+001, 1.7371151E+001, 1.7236240E+001, 1.7105564E+001, 1.6978738E+001, 1.6856336E+001, 1.6737814E+001, 1.5699874E+001, 1.4660515E+001, 1.3557594E+001, 1.2432104E+001, 1.1301128E+001, 1.0168073E+001, 9.0379629E+000, 7.9049177E+000, 6.7740261E+000, 5.6461725E+000, 4.5114028E+000, 3.3813447E+000, 2.2503696E+000, 1.1189139E+000, 8.0333946E-003
 1.6000000E+003, 2.0000003E+000, 1.1956416E+000, 8.9854123E-006, 1.3754831E+001, 1.3632602E+001, 1.3513631E+001, 1.3398710E+001, 1.3288595E+001, 1.3182791E+001, 1.3081379E+001, 1.2984314E+001, 1.2891791E+001, 1.2804407E+001, 1.2064976E+001, 1.1290709E+001, 1.0445193E+001, 9.5756464E+000, 8.7038100E+000, 7.8321213E+000, 6.9622815E+000, 6.0910793E+000, 5.2208910E+000, 4.3482633E+000, 3.4801654E+000, 2.6060571E+000, 1.7299082E+000, 8.5971830E-001, 7.4906921E-003
