s,m/s,kg/m3,kg/m/s,Pa,Pa,Pa,Pa,Pa,Pa,Pa,Pa,Pa,Pa,Pa,Pa,Pa,Pa,Pa,Pa,Pa,Pa,Pa,Pa,Pa,Pa,Pa,Pa,Pa
Time,UBAR,RHO,MU,P10,P20,P30,P40,P50,P60,P70,P80,P90,P100,P200,P300,P400,P500,P600,P700,P800,P900,P1000,P1100,P1200,P1300,P1400,P1500,P1600
 0.0000000E+000, 0.0000000E+000, 1.1945617E+000, 1.7956572E-005,-3.1980641E-005,-1.9783964E-005,-3.5010449E-005,-1.9462283E-005,-3.2484048E-005,-2.0652998E-005,-2.9796173E-005,-2.2044636E-005,-2.9446684E-005,-2.1123076E-005,-2.5429480E-005,-2.1924779E-005,-2.2144476E-005,-2.1366859E-005,-1.9715544E-005,-2.1658980E-005,-2.1500281E-005,-2.2948500E-005,-2.4873888E-005,-2.1800864E-005,-2.2499294E-005,-1.8385552E-005,-2.2042811E-005,-1.9480792E-005,-2.1549424E-005
 8.0056623E+002, 1.9989732E+000, 1.1945617E+000, 1.7956572E-005, 9.4631019E+000, 9.3910249E+000, 9.3260792E+000, 9.2574607E+000, 9.1960253E+000, 9.1305105E+000, 9.0705144E+000, 9.0068284E+000, 8.9470454E+000, 8.8839521E+000, 8.2797623E+000, 7.6843305E+000, 7.0928181E+000, 6.4986243E+000, 5.9077224E+000, 5.3149878E+000, 4.7242509E+000, 4.1322458E+000, 3.5403543E+000, 2.9497293E+000, 2.3581121E+000, 1.7690744E+000, 1.1780166E+000, 5.8509610E-001, 4.4859553E-003
 1.6000000E+003, 1.9999993E+000, 1.1945620E+000, 1.7956572E-005, 4.7834009E+000, 4.7395412E+000, 4.7048530E+000, 4.6651563E+000, 4.6333375E+000, 4.5992659E+000, 4.5679029E+000, 4.5345021E+000, 4.5046344E+000, 4.4715864E+000, 4.1634473E+000, 3.8624652E+000, 3.5643181E+000, 3.2645903E+000, 2.9648637E+000, 2.6666306E+000, 2.3680553E+000, 2.0716425E+000, 1.7745063E+000, 1.4768943E+000, 1.1794579E+000, 8.8393047E-001, 5.8652857E-001, 2.8901513E-001, 2.5631484E-003
