s,m/s,kg/m3,kg/m/s,Pa,Pa,Pa,Pa,Pa,Pa,Pa,Pa,Pa,Pa,Pa,Pa,Pa,Pa,Pa,Pa,Pa,Pa,Pa,Pa,Pa,Pa,Pa,Pa,Pa
Time,UBAR,RHO,MU,P10,P20,P30,P40,P50,P60,P70,P80,P90,P100,P200,P300,P400,P500,P600,P700,P800,P900,P1000,P1100,P1200,P1300,P1400,P1500,P1600
 0.0000000E+000, 0.0000000E+000, 1.1945617E+000, 1.7956572E-005,-3.3375424E-005,-2.3231336E-005,-3.4885432E-005,-2.5331037E-005,-3.5519103E-005,-2.2812697E-005,-3.5684018E-005,-2.2323234E-005,-3.1565716E-005,-2.2408432E-005,-2.5159961E-005,-2.2671613E-005,-2.3036432E-005,-2.4332475E-005,-2.4554835E-005,-2.5003832E-005,-2.4106677E-005,-2.4360431E-005,-2.4496306E-005,-2.2830640E-005,-2.6128965E-005,-2.3828421E-005,-2.1789007E-005,-2.6182614E-005,-2.4450785E-005
 8.0013916E+002, 1.9986906E+000, 1.1945582E+000, 1.7956572E-005, 9.1864304E+000, 9.1169531E+000, 9.0506297E+000, 8.9844358E+000, 8.9202622E+000, 8.8561660E+000, 8.7940773E+000, 8.7315970E+000, 8.6708280E+000, 8.6103276E+000, 8.0275955E+000, 7.4543585E+000, 6.8821582E+000, 6.3078864E+000, 5.7330736E+000, 5.1597385E+000, 4.5854276E+000, 4.0106879E+000, 3.4358899E+000, 2.8614241E+000, 2.2879375E+000, 1.7146231E+000, 1.1404197E+000, 5.6662115E-001, 1.8499197E-003
 1.6000000E+003, 2.0001865E+000, 1.1945102E+000, 1.7956572E-005, 4.4682813E+000, 4.4280140E+000, 4.3908269E+000, 4.3532402E+000, 4.3187139E+000, 4.2831764E+000, 4.2513691E+000, 4.2182726E+000, 4.1873246E+000, 4.1570303E+000, 3.8740257E+000, 3.5945817E+000, 3.3173560E+000, 3.0411732E+000, 2.7633796E+000, 2.4855105E+000, 2.2084758E+000, 1.9296274E+000, 1.6516958E+000, 1.3750016E+000, 1.0977540E+000, 8.2022769E-001, 5.4389378E-001, 2.6853354E-001, 8.1047134E-004
