s,m/s,kg/m3,kg/m/s,Pa,Pa,Pa,Pa,Pa,Pa,Pa,Pa,Pa,Pa,Pa,Pa,Pa,Pa,Pa,Pa,Pa,Pa,Pa,Pa,Pa,Pa,Pa,Pa,Pa
Time,"UBAR","RHO","MU","P10","P20","P30","P40","P50","P60","P70","P80","P90","P100","P200","P300","P400","P500","P600","P700","P800","P900","P1000","P1100","P1200","P1300","P1400","P1500","P1600"
 0.0000000E+000, 0.0000000E+000, 1.1945618E+000, 8.9782869E-006,-3.3375429E-005,-2.3231338E-005,-3.4885437E-005,-2.5331040E-005,-3.5519108E-005,-2.2812701E-005,-3.5684023E-005,-2.2323236E-005,-3.1565720E-005,-2.2408435E-005,-2.5159964E-005,-2.2671616E-005,-2.3036435E-005,-2.4332479E-005,-2.4554838E-005,-2.5003835E-005,-2.4106680E-005,-2.4360434E-005,-2.4496310E-005,-2.2830643E-005,-2.6128968E-005,-2.3828424E-005,-2.1789010E-005,-2.6182618E-005,-2.4450788E-005
 1.6001752E+002, 9.9623642E+000, 1.1945618E+000, 8.9782869E-006, 4.4940153E+002, 4.4481375E+002, 4.4065240E+002, 4.3694758E+002, 4.3366259E+002, 4.3073746E+002, 4.2809805E+002, 4.2571234E+002, 4.2355696E+002, 4.2154646E+002, 3.9627862E+002, 3.6896741E+002, 3.4053195E+002, 3.1207549E+002, 2.8371446E+002, 2.5537804E+002, 2.2690303E+002, 1.9846713E+002, 1.7015211E+002, 1.4180543E+002, 1.1342897E+002, 8.4986440E+001, 5.6472989E+001, 2.8028301E+001, 6.5351208E-002
 3.2000000E+002, 9.9999963E+000, 1.1945617E+000, 8.9782869E-006, 3.4607293E+002, 3.4220697E+002, 3.3875161E+002, 3.3576260E+002, 3.3320108E+002, 3.3101448E+002, 3.2912104E+002, 3.2748682E+002, 3.2608274E+002, 3.2483012E+002, 3.0666074E+002, 2.8588439E+002, 2.6386261E+002, 2.4169237E+002, 2.1974464E+002, 1.9782466E+002, 1.7584037E+002, 1.5372680E+002, 1.3168911E+002, 1.0970177E+002, 8.7840646E+001, 6.5793903E+001, 4.3731628E+001, 2.1695945E+001, 8.3557018E-002
