s,m/s,kg/m3,kg/m/s,Pa,Pa,Pa,Pa,Pa,Pa,Pa,Pa,Pa,Pa,Pa,Pa,Pa,Pa,Pa,Pa,Pa,Pa,Pa,Pa,Pa,Pa,Pa,Pa,Pa
Time,"UBAR","RHO","MU","P10","P20","P30","P40","P50","P60","P70","P80","P90","P100","P200","P300","P400","P500","P600","P700","P800","P900","P1000","P1100","P1200","P1300","P1400","P1500","P1600"
 0.0000000E+000, 0.0000000E+000, 1.1945618E+000, 8.9782869E-006,-3.1980646E-005,-1.9783966E-005,-3.5010454E-005,-1.9462285E-005,-3.2484053E-005,-2.0653001E-005,-2.9796177E-005,-2.2044639E-005,-2.9446688E-005,-2.1123079E-005,-2.5429483E-005,-2.1924782E-005,-2.2144480E-005,-2.1366862E-005,-1.9715547E-005,-2.1658984E-005,-2.1500285E-005,-2.2948504E-005,-2.4873891E-005,-2.1800868E-005,-2.2499296E-005,-1.8385554E-005,-2.2042814E-005,-1.9480795E-005,-2.1549428E-005
 1.6003407E+002, 9.9648316E+000, 1.1945617E+000, 8.9782869E-006, 4.4631471E+002, 4.4253496E+002, 4.3883611E+002, 4.3524455E+002, 4.3175937E+002, 4.2839796E+002, 4.2514327E+002, 4.2199844E+002, 4.1895621E+002, 4.1601887E+002, 3.9008188E+002, 3.6412223E+002, 3.3677796E+002, 3.0892241E+002, 2.8090421E+002, 2.5276269E+002, 2.2466197E+002, 1.9651856E+002, 1.6838107E+002, 1.4044562E+002, 1.1226249E+002, 8.4186489E+001, 5.6212394E+001, 2.7877259E+001, 1.5414635E-001
 3.2000000E+002, 1.0000002E+001, 1.1945620E+000, 8.9782869E-006, 3.4473264E+002, 3.4168006E+002, 3.3870480E+002, 3.3583115E+002, 3.3307258E+002, 3.3043599E+002, 3.2791234E+002, 3.2549966E+002, 3.2318120E+002, 3.2100268E+002, 3.0240359E+002, 2.8316841E+002, 2.6201889E+002, 2.4021953E+002, 2.1827679E+002, 1.9648192E+002, 1.7457022E+002, 1.5279961E+002, 1.3089568E+002, 1.0899199E+002, 8.7041197E+001, 6.5203105E+001, 4.3432925E+001, 2.1585721E+001, 1.8415440E-001
