s,m/s,kg/m3,kg/m/s,Pa,Pa,Pa,Pa,Pa,Pa,Pa,Pa,Pa,Pa,Pa,Pa,Pa,Pa,Pa,Pa,Pa,Pa,Pa,Pa,Pa,Pa,Pa,Pa,Pa
Time,"UBAR","RHO","MU","P10","P20","P30","P40","P50","P60","P70","P80","P90","P100","P200","P300","P400","P500","P600","P700","P800","P900","P1000","P1100","P1200","P1300","P1400","P1500","P1600"
 0.0000000E+000, 0.0000000E+000, 1.1949073E+000, 8.9782859E-006,-4.6657933E-005,-3.2366033E-005,-5.0696483E-005,-3.5940530E-005,-4.8807819E-005,-3.3863808E-005,-4.7656481E-005,-3.4443301E-005,-4.5879634E-005,-3.3035130E-005,-3.6022656E-005,-3.3374756E-005,-3.1637355E-005,-3.0871273E-005,-3.5569895E-005,-3.3514636E-005,-3.2244070E-005,-3.6258603E-005,-3.5078847E-005,-3.5003636E-005,-3.5989401E-005,-3.4824006E-005,-3.1783788E-005,-3.4180296E-005,-3.2240688E-005
 4.0009120E+002, 3.9955490E+000, 1.1949072E+000, 8.9782859E-006, 5.9405351E+001, 5.8896976E+001, 5.8404950E+001, 5.7930914E+001, 5.7476865E+001, 5.7040818E+001, 5.6623029E+001, 5.6219092E+001, 5.5829389E+001, 5.5447177E+001, 5.1818776E+001, 4.8216659E+001, 4.4515626E+001, 4.0786928E+001, 3.7080315E+001, 3.3378617E+001, 2.9661094E+001, 2.5938816E+001, 2.2234904E+001, 1.8518046E+001, 1.4796951E+001, 1.1089543E+001, 7.3807509E+000, 3.6681233E+000, 2.5455796E-002
 8.0000000E+002, 4.0000003E+000, 1.1949072E+000, 8.9782859E-006, 4.1534745E+001, 4.1144956E+001, 4.0771961E+001, 4.0417093E+001, 4.0081147E+001, 3.9762360E+001, 3.9460980E+001, 3.9174815E+001, 3.8904163E+001, 3.8641879E+001, 3.6195912E+001, 3.3718870E+001, 3.1137433E+001, 2.8528693E+001, 2.5926242E+001, 2.3329487E+001, 2.0727625E+001, 1.8140725E+001, 1.5555208E+001, 1.2942936E+001, 1.0338492E+001, 7.7292300E+000, 5.1350400E+000, 2.5363954E+000, 2.3128323E-002
