s,m/s,kg/m3,kg/m/s,Pa,Pa,Pa,Pa,Pa,Pa,Pa,Pa,Pa,Pa,Pa,Pa,Pa,Pa,Pa,Pa,Pa,Pa,Pa,Pa,Pa,Pa,Pa,Pa,Pa
Time,"UBAR","RHO","MU","P10","P20","P30","P40","P50","P60","P70","P80","P90","P100","P200","P300","P400","P500","P600","P700","P800","P900","P1000","P1100","P1200","P1300","P1400","P1500","P1600"
 0.0000000E+000, 0.0000000E+000, 1.1945617E+000, 1.7956572E-005,-3.1980641E-005,-1.9783964E-005,-3.5010449E-005,-1.9462283E-005,-3.2484048E-005,-2.0652998E-005,-2.9796173E-005,-2.2044636E-005,-2.9446684E-005,-2.1123076E-005,-2.5429480E-005,-2.1924779E-005,-2.2144476E-005,-2.1366859E-005,-1.9715544E-005,-2.1658980E-005,-2.1500281E-005,-2.2948500E-005,-2.4873888E-005,-2.1800864E-005,-2.2499294E-005,-1.8385552E-005,-2.2042811E-005,-1.9480792E-005,-2.1549424E-005
 8.0057975E+002, 1.9989733E+000, 1.1945617E+000, 1.7956572E-005, 9.4630976E+000, 9.3910154E+000, 9.3260647E+000, 9.2574423E+000, 9.1960136E+000, 9.1304944E+000, 9.0704801E+000, 9.0068123E+000, 8.9470320E+000, 8.8839345E+000, 8.2797566E+000, 7.6843556E+000, 7.0928501E+000, 6.4986336E+000, 5.9077544E+000, 5.3150123E+000, 4.7242563E+000, 4.1322473E+000, 3.5403529E+000, 2.9497372E+000, 2.3581231E+000, 1.7690836E+000, 1.1780302E+000, 5.8508699E-001, 4.4857504E-003
 1.6000000E+003, 2.0000001E+000, 1.1945619E+000, 1.7956572E-005, 4.7780865E+000, 4.7318261E+000, 4.6966944E+000, 4.6553275E+000, 4.6233419E+000, 4.5867283E+000, 4.5572022E+000, 4.5242358E+000, 4.4937867E+000, 4.4594769E+000, 4.1509836E+000, 3.8509462E+000, 3.5521765E+000, 3.2555530E+000, 2.9599568E+000, 2.6628820E+000, 2.3655332E+000, 2.0691442E+000, 1.7738554E+000, 1.4753457E+000, 1.1797967E+000, 8.8305400E-001, 5.8550875E-001, 2.8946147E-001, 2.5709849E-003
