s,m/s,kg/m3,kg/m/s,Pa,Pa,Pa,Pa,Pa,Pa,Pa,Pa,Pa,Pa,Pa,Pa,Pa,Pa,Pa,Pa,Pa,Pa,Pa,Pa,Pa,Pa,Pa,Pa,Pa
Time,"UBAR","RHO","MU","P10","P20","P30","P40","P50","P60","P70","P80","P90","P100","P200","P300","P400","P500","P600","P700","P800","P900","P1000","P1100","P1200","P1300","P1400","P1500","P1600"
 0.0000000E+000, 0.0000000E+000, 1.1945617E+000, 1.7956572E-005,-3.3375424E-005,-2.3231335E-005,-3.4885432E-005,-2.5331037E-005,-3.5519103E-005,-2.2812698E-005,-3.5684018E-005,-2.2323233E-005,-3.1565716E-005,-2.2408432E-005,-2.5159961E-005,-2.2671613E-005,-2.3036432E-005,-2.4332476E-005,-2.4554835E-005,-2.5003832E-005,-2.4106676E-005,-2.4360431E-005,-2.4496306E-005,-2.2830640E-005,-2.6128964E-005,-2.3828421E-005,-2.1789007E-005,-2.6182614E-005,-2.4450785E-005
 8.0024228E+002, 1.9986595E+000, 1.1945617E+000, 1.7956572E-005, 9.1842929E+000, 9.1149241E+000, 9.0485910E+000, 8.9818714E+000, 8.9174583E+000, 8.8531399E+000, 8.7910833E+000, 8.7287272E+000, 8.6684001E+000, 8.6079943E+000, 8.0253070E+000, 7.4522459E+000, 6.8809076E+000, 6.3082581E+000, 5.7346858E+000, 5.1610427E+000, 4.5853325E+000, 4.0108780E+000, 3.4359628E+000, 2.8623347E+000, 2.2885847E+000, 1.7142783E+000, 1.1407113E+000, 5.6604687E-001, 1.8403317E-003
 1.6000000E+003, 2.0000217E+000, 1.1945430E+000, 1.7956580E-005, 4.4860294E+000, 4.4448696E+000, 4.4077033E+000, 4.3709581E+000, 4.3366383E+000, 4.3031327E+000, 4.2705509E+000, 4.2381903E+000, 4.2081224E+000, 4.1771811E+000, 3.8925932E+000, 3.6154415E+000, 3.3390613E+000, 3.0610721E+000, 2.7821854E+000, 2.5023150E+000, 2.2238360E+000, 1.9449694E+000, 1.6650926E+000, 1.3860740E+000, 1.1076441E+000, 8.2808335E-001, 5.4856638E-001, 2.7008154E-001, 8.1226202E-004
