s,m/s,kg/m3,kg/m/s,Pa,Pa,Pa,Pa,Pa,Pa,Pa,Pa,Pa,Pa,Pa,Pa,Pa,Pa,Pa,Pa,Pa,Pa,Pa,Pa,Pa,Pa,Pa,Pa,Pa
Time,"UBAR","RHO","MU","P10","P20","P30","P40","P50","P60","P70","P80","P90","P100","P200","P300","P400","P500","P600","P700","P800","P900","P1000","P1100","P1200","P1300","P1400","P1500","P1600"
 0.0000000E+000, 0.0000000E+000, 1.1951288E+000, 1.7964058E-005, 0.0000000E+000, 0.0000000E+000, 0.0000000E+000, 0.0000000E+000, 0.0000000E+000, 0.0000000E+000, 0.0000000E+000, 0.0000000E+000, 0.0000000E+000, 0.0000000E+000, 0.0000000E+000, 0.0000000E+000, 0.0000000E+000, 0.0000000E+000, 0.0000000E+000, 0.0000000E+000, 0.0000000E+000, 0.0000000E+000, 0.0000000E+000, 0.0000000E+000, 0.0000000E+000, 0.0000000E+000, 0.0000000E+000, 0.0000000E+000, 0.0000000E+000
 1.6002027E+002, 9.9648554E+000, 1.1951288E+000, 1.7964058E-005, 2.0510115E+002, 2.0372661E+002, 2.0237825E+002, 2.0103090E+002, 1.9968559E+002, 1.9834296E+002, 1.9701169E+002, 1.9568314E+002, 1.9434945E+002, 1.9301827E+002, 1.7992179E+002, 1.6700078E+002, 1.5417829E+002, 1.4131786E+002, 1.2849881E+002, 1.1566240E+002, 1.0280436E+002, 8.9958671E+001, 7.7124502E+001, 6.4253356E+001, 5.1394079E+001, 3.8526678E+001, 2.5646080E+001, 1.2783079E+001, 2.7521366E-002
 3.2000000E+002, 9.9999988E+000, 1.1951288E+000, 1.7964058E-005, 8.8115436E+001, 8.7478902E+001, 8.6861980E+001, 8.6259972E+001, 8.5666430E+001, 8.5069128E+001, 8.4473129E+001, 8.3889999E+001, 8.3304671E+001, 8.2721285E+001, 7.7042492E+001, 7.1491754E+001, 6.5996045E+001, 6.0519625E+001, 5.5034332E+001, 4.9549146E+001, 4.4042638E+001, 3.8516592E+001, 3.3010072E+001, 2.7507425E+001, 2.1989423E+001, 1.6480239E+001, 1.0962940E+001, 5.4437763E+000, 4.6652887E-002
