s,m/s,kg/m3,kg/m/s,Pa,Pa,Pa,Pa,Pa,Pa,Pa,Pa,Pa,Pa,Pa,Pa,Pa,Pa,Pa,Pa,Pa,Pa,Pa,Pa,Pa,Pa,Pa,Pa,Pa
Time,"UBAR","RHO","MU","P10","P20","P30","P40","P50","P60","P70","P80","P90","P100","P200","P300","P400","P500","P600","P700","P800","P900","P1000","P1100","P1200","P1300","P1400","P1500","P1600"
 0.0000000E+000, 0.0000000E+000, 1.1949073E+000, 1.7956572E-005,-4.6657933E-005,-3.2366033E-005,-5.0696483E-005,-3.5940530E-005,-4.8807819E-005,-3.3863808E-005,-4.7656481E-005,-3.4443301E-005,-4.5879634E-005,-3.3035130E-005,-3.6022656E-005,-3.3374756E-005,-3.1637355E-005,-3.0871273E-005,-3.5569895E-005,-3.3514636E-005,-3.2244070E-005,-3.6258603E-005,-3.5078847E-005,-3.5003636E-005,-3.5989401E-005,-3.4824006E-005,-3.1783788E-005,-3.4180296E-005,-3.2240688E-005
 4.0002496E+002, 3.9955696E+000, 1.1949072E+000, 1.7956572E-005, 5.9384730E+001, 5.8876424E+001, 5.8383756E+001, 5.7910051E+001, 5.7456081E+001, 5.7020036E+001, 5.6601326E+001, 5.6197449E+001, 5.5804439E+001, 5.5419138E+001, 5.1817734E+001, 4.8195723E+001, 4.4490789E+001, 4.0776752E+001, 3.7062161E+001, 3.3352641E+001, 2.9627844E+001, 2.5908592E+001, 2.2207376E+001, 1.8500473E+001, 1.4790949E+001, 1.1063242E+001, 7.3487298E+000, 3.6567513E+000, 2.4763470E-002
 8.0000000E+002, 3.9999997E+000, 1.1949074E+000, 1.7956572E-005, 4.1600263E+001, 4.1210141E+001, 4.0837122E+001, 4.0481847E+001, 4.0144966E+001, 3.9827172E+001, 3.9527949E+001, 3.9242076E+001, 3.8969037E+001, 3.8706212E+001, 3.6268568E+001, 3.3804484E+001, 3.1200806E+001, 2.8565086E+001, 2.5950416E+001, 2.3352482E+001, 2.0760871E+001, 1.8141840E+001, 1.5546328E+001, 1.2940364E+001, 1.0336345E+001, 7.7255914E+000, 5.1319084E+000, 2.5442858E+000, 2.3001643E-002
