s,m/s,kg/m3,kg/m/s,Pa,Pa,Pa,Pa,Pa,Pa,Pa,Pa,Pa,Pa,Pa,Pa,Pa,Pa,Pa,Pa,Pa,Pa,Pa,Pa,Pa,Pa,Pa,Pa,Pa
Time,"UBAR","RHO","MU","P10","P20","P30","P40","P50","P60","P70","P80","P90","P100","P200","P300","P400","P500","P600","P700","P800","P900","P1000","P1100","P1200","P1300","P1400","P1500","P1600"
 0.0000000E+000, 0.0000000E+000, 1.1945617E+000, 1.7956572E-005,-3.1980641E-005,-1.9783964E-005,-3.5010449E-005,-1.9462283E-005,-3.2484049E-005,-2.0652998E-005,-2.9796173E-005,-2.2044636E-005,-2.9446684E-005,-2.1123076E-005,-2.5429480E-005,-2.1924779E-005,-2.2144477E-005,-2.1366859E-005,-1.9715544E-005,-2.1658981E-005,-2.1500282E-005,-2.2948501E-005,-2.4873888E-005,-2.1800865E-005,-2.2499293E-005,-1.8385552E-005,-2.2042811E-005,-1.9480792E-005,-2.1549425E-005
 8.0014224E+002, 1.9989719E+000, 1.1945615E+000, 1.7956572E-005, 1.7986112E+001, 1.7834035E+001, 1.7685696E+001, 1.7540517E+001, 1.7399951E+001, 1.7263278E+001, 1.7133335E+001, 1.7006777E+001, 1.6886384E+001, 1.6767838E+001, 1.5697068E+001, 1.4610123E+001, 1.3497773E+001, 1.2375627E+001, 1.1249250E+001, 1.0124138E+001, 8.9983721E+000, 7.8732730E+000, 6.7437720E+000, 5.6163724E+000, 4.4895690E+000, 3.3646883E+000, 2.2369818E+000, 1.1085720E+000, 9.1262399E-003
 1.6000000E+003, 1.9999999E+000, 1.1945618E+000, 1.7956572E-005, 1.3697072E+001, 1.3574631E+001, 1.3456576E+001, 1.3341083E+001, 1.3230063E+001, 1.3122235E+001, 1.3020913E+001, 1.2923576E+001, 1.2831638E+001, 1.2741712E+001, 1.1963538E+001, 1.1155208E+001, 1.0303982E+001, 9.4434666E+000, 8.5819419E+000, 7.7243308E+000, 6.8651758E+000, 6.0095191E+000, 5.1480431E+000, 4.2847329E+000, 3.4220217E+000, 2.5653249E+000, 1.7079486E+000, 8.4550479E-001, 7.7786630E-003
