s,m/s,kg/m3,kg/m/s,Pa,Pa,Pa,Pa,Pa,Pa,Pa,Pa,Pa,Pa,Pa,Pa,Pa,Pa,Pa,Pa,Pa,Pa,Pa,Pa,Pa,Pa,Pa,Pa,Pa
Time,"UBAR","RHO","MU","P10","P20","P30","P40","P50","P60","P70","P80","P90","P100","P200","P300","P400","P500","P600","P700","P800","P900","P1000","P1100","P1200","P1300","P1400","P1500","P1600"
 0.0000000E+000, 0.0000000E+000, 1.1949073E+000, 1.7956572E-005,-4.7850179E-005,-3.5758998E-005,-5.0729530E-005,-3.6412311E-005,-5.0586932E-005,-3.5108813E-005,-4.9204030E-005,-3.6965818E-005,-4.7332899E-005,-3.5657055E-005,-3.5711202E-005,-3.7100219E-005,-3.5458230E-005,-3.4850506E-005,-3.5311800E-005,-3.5322616E-005,-3.5089411E-005,-3.6328965E-005,-3.6907655E-005,-3.5540940E-005,-3.6553790E-005,-3.5769673E-005,-3.5031111E-005,-3.5008038E-005,-3.6537385E-005
 4.0005655E+002, 3.9943699E+000, 1.1949073E+000, 1.7956572E-005, 6.0855658E+001, 6.0293351E+001, 5.9793237E+001, 5.9347786E+001, 5.8945244E+001, 5.8564510E+001, 5.8188650E+001, 5.7815267E+001, 5.7445158E+001, 5.7077760E+001, 5.3456913E+001, 4.9625114E+001, 4.5792963E+001, 4.1971584E+001, 3.8148154E+001, 3.4329410E+001, 3.0505088E+001, 2.6686979E+001, 2.2868906E+001, 1.9043667E+001, 1.5228255E+001, 1.1413804E+001, 7.5919246E+000, 3.7768149E+000, 1.4985710E-002
 8.0000000E+002, 4.0000000E+000, 1.1949073E+000, 1.7956572E-005, 4.3242528E+001, 4.2798548E+001, 4.2417289E+001, 4.2088731E+001, 4.1804623E+001, 4.1541728E+001, 4.1283746E+001, 4.1025494E+001, 4.0768515E+001, 4.0513898E+001, 3.8040868E+001, 3.5302820E+001, 3.2581154E+001, 2.9862144E+001, 2.7143057E+001, 2.4421775E+001, 2.1697182E+001, 1.8984506E+001, 1.6267618E+001, 1.3539051E+001, 1.0815249E+001, 8.0938029E+000, 5.3728741E+000, 2.6636795E+000, 1.3152180E-002
