s,m/s,kg/m3,kg/m/s,Pa,Pa,Pa,Pa,Pa,Pa,Pa,Pa,Pa,Pa,Pa,Pa,Pa,Pa,Pa,Pa,Pa,Pa,Pa,Pa,Pa,Pa,Pa,Pa,Pa
Time,"UBAR","RHO","MU","P10","P20","P30","P40","P50","P60","P70","P80","P90","P100","P200","P300","P400","P500","P600","P700","P800","P900","P1000","P1100","P1200","P1300","P1400","P1500","P1600"
 0.0000000E+000, 0.0000000E+000, 1.1945617E+000, 1.7956572E-005,-3.1980641E-005,-1.9783964E-005,-3.5010449E-005,-1.9462283E-005,-3.2484049E-005,-2.0652998E-005,-2.9796173E-005,-2.2044636E-005,-2.9446684E-005,-2.1123076E-005,-2.5429480E-005,-2.1924779E-005,-2.2144477E-005,-2.1366859E-005,-1.9715544E-005,-2.1658981E-005,-2.1500282E-005,-2.2948501E-005,-2.4873888E-005,-2.1800865E-005,-2.2499293E-005,-1.8385552E-005,-2.2042811E-005,-1.9480792E-005,-2.1549425E-005
 8.0044231E+002, 1.9989777E+000, 1.1945618E+000, 1.7956572E-005,-2.3972373E+000,-2.4046835E+000,-2.4141662E+000,-2.4252529E+000,-2.4373720E+000,-2.4502353E+000,-2.4606111E+000,-2.4731012E+000,-2.4799426E+000,-2.4871110E+000,-2.4936469E+000,-2.4878751E+000,-2.4852867E+000,-2.4853042E+000,-2.4859290E+000,-2.4856969E+000,-2.4859190E+000,-2.4848830E+000,-2.4844584E+000,-2.4850275E+000,-2.4870939E+000,-2.4857570E+000,-2.4830351E+000,-2.4867262E+000,-2.4705080E+000
 1.6000000E+003, 1.9999985E+000, 1.1945619E+000, 1.7956572E-005,-2.4033197E+000,-2.4101806E+000,-2.4177348E+000,-2.4295111E+000,-2.4408706E+000,-2.4535496E+000,-2.4655703E+000,-2.4761156E+000,-2.4830647E+000,-2.4898625E+000,-2.4899786E+000,-2.4819386E+000,-2.4792990E+000,-2.4793241E+000,-2.4795503E+000,-2.4793931E+000,-2.4788635E+000,-2.4774924E+000,-2.4797130E+000,-2.4779985E+000,-2.4793585E+000,-2.4802916E+000,-2.4785139E+000,-2.4786657E+000,-2.4617003E+000
