s,m/s,kg/m3,kg/m/s,Pa,Pa,Pa,Pa,Pa,Pa,Pa,Pa,Pa,Pa,Pa,Pa,Pa,Pa,Pa,Pa,Pa,Pa,Pa,Pa,Pa,Pa,Pa,Pa,Pa
Time,"UBAR","RHO","MU","P10","P20","P30","P40","P50","P60","P70","P80","P90","P100","P200","P300","P400","P500","P600","P700","P800","P900","P1000","P1100","P1200","P1300","P1400","P1500","P1600"
 0.0000000E+000, 0.0000000E+000, 1.1945617E+000, 1.7956572E-005,-3.3375424E-005,-2.3231335E-005,-3.4885432E-005,-2.5331037E-005,-3.5519103E-005,-2.2812698E-005,-3.5684018E-005,-2.2323233E-005,-3.1565716E-005,-2.2408432E-005,-2.5159961E-005,-2.2671613E-005,-2.3036432E-005,-2.4332476E-005,-2.4554835E-005,-2.5003832E-005,-2.4106676E-005,-2.4360431E-005,-2.4496306E-005,-2.2830640E-005,-2.6128964E-005,-2.3828421E-005,-2.1789007E-005,-2.6182614E-005,-2.4450785E-005
 8.0010020E+002, 1.9986997E+000, 1.1945586E+000, 1.7956572E-005, 1.7730366E+001, 1.7545054E+001, 1.7375772E+001, 1.7225553E+001, 1.7094603E+001, 1.6981480E+001, 1.6882223E+001, 1.6789013E+001, 1.6694383E+001, 1.6595257E+001, 1.5529314E+001, 1.4431467E+001, 1.3321038E+001, 1.2210809E+001, 1.1099328E+001, 9.9885378E+000, 8.8767809E+000, 7.7645745E+000, 6.6558953E+000, 5.5478771E+000, 4.4381149E+000, 3.3250736E+000, 2.2104264E+000, 1.0972506E+000, 4.3020965E-003
 1.6000000E+003, 2.0000713E+000, 1.1945131E+000, 1.7956572E-005, 1.3350034E+001, 1.3194092E+001, 1.3052835E+001, 1.2930780E+001, 1.2828570E+001, 1.2745650E+001, 1.2676241E+001, 1.2614861E+001, 1.2552554E+001, 1.2486575E+001, 1.1703759E+001, 1.0877838E+001, 1.0038643E+001, 9.2012120E+000, 8.3592507E+000, 7.5227600E+000, 6.6879673E+000, 5.8487180E+000, 5.0130711E+000, 4.1733167E+000, 3.3361308E+000, 2.4994217E+000, 1.6587993E+000, 8.2065668E-001, 3.3586030E-003
