s,m/s,kg/m3,kg/m/s,Pa,Pa,Pa,Pa,Pa,Pa,Pa,Pa,Pa,Pa,Pa,Pa,Pa,Pa,Pa,Pa,Pa,Pa,Pa,Pa,Pa,Pa,Pa,Pa,Pa
Time,UBAR,RHO,MU,P10,P20,P30,P40,P50,P60,P70,P80,P90,P100,P200,P300,P400,P500,P600,P700,P800,P900,P1000,P1100,P1200,P1300,P1400,P1500,P1600
 0.0000000E+000, 0.0000000E+000, 1.1945617E+000, 1.7956572E-005,-3.3375424E-005,-2.3231336E-005,-3.4885432E-005,-2.5331037E-005,-3.5519103E-005,-2.2812697E-005,-3.5684018E-005,-2.2323234E-005,-3.1565716E-005,-2.2408432E-005,-2.5159961E-005,-2.2671613E-005,-2.3036432E-005,-2.4332475E-005,-2.4554835E-005,-2.5003832E-005,-2.4106677E-005,-2.4360431E-005,-2.4496306E-005,-2.2830640E-005,-2.6128965E-005,-2.3828421E-005,-2.1789007E-005,-2.6182614E-005,-2.4450785E-005
 8.0023932E+002, 1.9986860E+000, 1.1945600E+000, 1.7956572E-005, 1.7753748E+001, 1.7568386E+001, 1.7398324E+001, 1.7248818E+001, 1.7118795E+001, 1.7006436E+001, 1.6908309E+001, 1.6813769E+001, 1.6718905E+001, 1.6618088E+001, 1.5545355E+001, 1.4443095E+001, 1.3332268E+001, 1.2218127E+001, 1.1105510E+001, 9.9957690E+000, 8.8805848E+000, 7.7651559E+000, 6.6562857E+000, 5.5421222E+000, 4.4276344E+000, 3.3147797E+000, 2.2050787E+000, 1.0950696E+000, 4.2739131E-003
 1.6000000E+003, 2.0000749E+000, 1.1945346E+000, 1.7956572E-005, 1.3346113E+001, 1.3190357E+001, 1.3049703E+001, 1.2927223E+001, 1.2825154E+001, 1.2741989E+001, 1.2674361E+001, 1.2612618E+001, 1.2550754E+001, 1.2483378E+001, 1.1704303E+001, 1.0881866E+001, 1.0042092E+001, 9.2013295E+000, 8.3635308E+000, 7.5253192E+000, 6.6840019E+000, 5.8437728E+000, 5.0071768E+000, 4.1698057E+000, 3.3317645E+000, 2.4935874E+000, 1.6579923E+000, 8.2297535E-001, 3.3791839E-003
