s,m/s,kg/m3,kg/m/s,Pa,Pa,Pa,Pa,Pa,Pa,Pa,Pa,Pa,Pa,Pa,Pa,Pa,Pa,Pa,Pa,Pa,Pa,Pa,Pa,Pa,Pa,Pa,Pa,Pa
Time,"UBAR","RHO","MU","P10","P20","P30","P40","P50","P60","P70","P80","P90","P100","P200","P300","P400","P500","P600","P700","P800","P900","P1000","P1100","P1200","P1300","P1400","P1500","P1600"
 0.0000000E+000, 0.0000000E+000, 1.1949073E+000, 1.7956572E-005,-4.7850179E-005,-3.5758998E-005,-5.0729530E-005,-3.6412311E-005,-5.0586932E-005,-3.5108813E-005,-4.9204030E-005,-3.6965818E-005,-4.7332899E-005,-3.5657055E-005,-3.5711202E-005,-3.7100220E-005,-3.5458230E-005,-3.4850506E-005,-3.5311800E-005,-3.5322616E-005,-3.5089411E-005,-3.6328965E-005,-3.6907655E-005,-3.5540939E-005,-3.6553790E-005,-3.5769673E-005,-3.5031111E-005,-3.5008038E-005,-3.6537385E-005
 4.0006148E+002, 3.9943697E+000, 1.1949073E+000, 1.7956572E-005, 6.0865346E+001, 6.0303151E+001, 5.9802869E+001, 5.9357106E+001, 5.8954864E+001, 5.8575750E+001, 5.8201113E+001, 5.7827542E+001, 5.7456241E+001, 5.7087367E+001, 5.3458419E+001, 4.9627148E+001, 4.5796470E+001, 4.1978524E+001, 3.8153380E+001, 3.4332747E+001, 3.0494179E+001, 2.6667705E+001, 2.2850156E+001, 1.9022032E+001, 1.5217261E+001, 1.1405107E+001, 7.5815912E+000, 3.7732447E+000, 1.4839880E-002
 8.0000000E+002, 4.0000001E+000, 1.1949072E+000, 1.7956572E-005, 4.3195313E+001, 4.2751021E+001, 4.2369429E+001, 4.2041732E+001, 4.1758870E+001, 4.1497603E+001, 4.1241150E+001, 4.0981005E+001, 4.0723405E+001, 4.0469150E+001, 3.7990565E+001, 3.5265312E+001, 3.2543477E+001, 2.9821485E+001, 2.7110161E+001, 2.4392902E+001, 2.1674099E+001, 1.8957413E+001, 1.6248056E+001, 1.3528940E+001, 1.0813638E+001, 8.0997635E+000, 5.3781397E+000, 2.6638334E+000, 1.3183213E-002
