s,m/s,kg/m3,kg/m/s,Pa,Pa,Pa,Pa,Pa,Pa,Pa,Pa,Pa,Pa,Pa,Pa,Pa,Pa,Pa,Pa,Pa,Pa,Pa,Pa,Pa,Pa,Pa,Pa,Pa
Time,"UBAR","RHO","MU","P10","P20","P30","P40","P50","P60","P70","P80","P90","P100","P200","P300","P400","P500","P600","P700","P800","P900","P1000","P1100","P1200","P1300","P1400","P1500","P1600"
 0.0000000E+000, 0.0000000E+000, 1.1949074E+000, 8.9782869E-006,-4.6657939E-005,-3.2366037E-005,-5.0696489E-005,-3.5940535E-005,-4.8807826E-005,-3.3863812E-005,-4.7656488E-005,-3.4443306E-005,-4.5879640E-005,-3.3035135E-005,-3.6022661E-005,-3.3374761E-005,-3.1637359E-005,-3.0871277E-005,-3.5569900E-005,-3.3514640E-005,-3.2244074E-005,-3.6258608E-005,-3.5078852E-005,-3.5003641E-005,-3.5989406E-005,-3.4824010E-005,-3.1783793E-005,-3.4180300E-005,-3.2240693E-005
 4.0012762E+002, 3.9955498E+000, 1.1949074E+000, 8.9782869E-006, 6.1877819E+001, 6.1369856E+001, 6.0877625E+001, 6.0404822E+001, 5.9951992E+001, 5.9516148E+001, 5.9099161E+001, 5.8696209E+001, 5.8305663E+001, 5.7920955E+001, 5.4161760E+001, 5.0365939E+001, 4.6503016E+001, 4.2614371E+001, 3.8742109E+001, 3.4872069E+001, 3.0971752E+001, 2.7091340E+001, 2.3217672E+001, 1.9338765E+001, 1.5453598E+001, 1.1573374E+001, 7.7060877E+000, 3.8179804E+000, 2.1243457E-002
 8.0000000E+002, 3.9999998E+000, 1.1949074E+000, 8.9782869E-006, 4.4615096E+001, 4.4225259E+001, 4.3851445E+001, 4.3497047E+001, 4.3163602E+001, 4.2847365E+001, 4.2547251E+001, 4.2260022E+001, 4.1988583E+001, 4.1720743E+001, 3.9091730E+001, 3.6395274E+001, 3.3613355E+001, 3.0801385E+001, 2.7985190E+001, 2.5178159E+001, 2.2375551E+001, 1.9573062E+001, 1.6762500E+001, 1.3946590E+001, 1.1140919E+001, 8.3322640E+000, 5.5375445E+000, 2.7482485E+000, 2.6361036E-002
