s,m/s,kg/m3,kg/m/s,Pa,Pa,Pa,Pa,Pa,Pa,Pa,Pa,Pa,Pa,Pa,Pa,Pa,Pa,Pa,Pa,Pa,Pa,Pa,Pa,Pa,Pa,Pa,Pa,Pa
Time,UBAR,RHO,MU,P10,P20,P30,P40,P50,P60,P70,P80,P90,P100,P200,P300,P400,P500,P600,P700,P800,P900,P1000,P1100,P1200,P1300,P1400,P1500,P1600
 0.0000000E+000, 0.0000000E+000, 1.1945617E+000, 1.7956572E-005,-3.3375424E-005,-2.3231336E-005,-3.4885432E-005,-2.5331037E-005,-3.5519103E-005,-2.2812697E-005,-3.5684018E-005,-2.2323234E-005,-3.1565716E-005,-2.2408432E-005,-2.5159961E-005,-2.2671613E-005,-2.3036432E-005,-2.4332475E-005,-2.4554835E-005,-2.5003832E-005,-2.4106677E-005,-2.4360431E-005,-2.4496306E-005,-2.2830640E-005,-2.6128965E-005,-2.3828421E-005,-2.1789007E-005,-2.6182614E-005,-2.4450785E-005
 1.6004667E+002, 9.9624424E+000, 1.1945616E+000, 1.7956572E-005, 2.0498306E+002, 2.0351020E+002, 2.0208857E+002, 2.0069178E+002, 1.9929791E+002, 1.9792651E+002, 1.9654790E+002, 1.9518644E+002, 1.9384369E+002, 1.9250723E+002, 1.7947507E+002, 1.6665357E+002, 1.5385284E+002, 1.4101884E+002, 1.2821341E+002, 1.1537964E+002, 1.0252390E+002, 8.9699516E+001, 7.6860587E+001, 6.4018636E+001, 5.1171748E+001, 3.8324977E+001, 2.5511911E+001, 1.2664149E+001, 2.6601208E-002
 3.2000000E+002, 1.0000709E+001, 1.1945434E+000, 1.7956575E-005, 8.6472968E+001, 8.5726539E+001, 8.5024909E+001, 8.4351227E+001, 8.3705972E+001, 8.3070814E+001, 8.2439461E+001, 8.1813563E+001, 8.1217653E+001, 8.0632269E+001, 7.5074642E+001, 6.9703453E+001, 6.4391530E+001, 5.9035989E+001, 5.3665983E+001, 4.8282418E+001, 4.2903616E+001, 3.7528862E+001, 3.2129912E+001, 2.6732397E+001, 2.1360246E+001, 1.5976002E+001, 1.0596351E+001, 5.2048112E+000, 1.4863918E-002
