s,m/s,kg/m3,kg/m/s,Pa,Pa,Pa,Pa,Pa,Pa,Pa,Pa,Pa,Pa,Pa,Pa,Pa,Pa,Pa,Pa,Pa,Pa,Pa,Pa,Pa,Pa,Pa,Pa,Pa
Time,UBAR,RHO,MU,P10,P20,P30,P40,P50,P60,P70,P80,P90,P100,P200,P300,P400,P500,P600,P700,P800,P900,P1000,P1100,P1200,P1300,P1400,P1500,P1600
 0.0000000E+000, 0.0000000E+000, 1.1945617E+000, 1.7956572E-005,-3.1980641E-005,-1.9783964E-005,-3.5010449E-005,-1.9462283E-005,-3.2484048E-005,-2.0652998E-005,-2.9796173E-005,-2.2044636E-005,-2.9446684E-005,-2.1123076E-005,-2.5429480E-005,-2.1924779E-005,-2.2144476E-005,-2.1366859E-005,-1.9715544E-005,-2.1658980E-005,-2.1500281E-005,-2.2948500E-005,-2.4873888E-005,-2.1800864E-005,-2.2499294E-005,-1.8385552E-005,-2.2042811E-005,-1.9480792E-005,-2.1549424E-005
 1.6008030E+002, 9.9647814E+000, 1.1945612E+000, 1.7956572E-005, 4.4432872E+002, 4.4055207E+002, 4.3685323E+002, 4.3325372E+002, 4.2976463E+002, 4.2639897E+002, 4.2315561E+002, 4.2006568E+002, 4.1709525E+002, 4.1423083E+002, 3.8764412E+002, 3.6071252E+002, 3.3308971E+002, 3.0526907E+002, 2.7751446E+002, 2.4968345E+002, 2.2184921E+002, 1.9408308E+002, 1.6633269E+002, 1.3864084E+002, 1.1084155E+002, 8.3205580E+001, 5.5491042E+001, 2.7551704E+001, 2.1380514E-001
 3.2000000E+002, 9.9999990E+000, 1.1945618E+000, 1.7956572E-005, 3.3959037E+002, 3.3653977E+002, 3.3357836E+002, 3.3071055E+002, 3.2795622E+002, 3.2532392E+002, 3.2282583E+002, 3.2045058E+002, 3.1820853E+002, 3.1607668E+002, 2.9646772E+002, 2.7598476E+002, 2.5487618E+002, 2.3361388E+002, 2.1228302E+002, 1.9100421E+002, 1.6982802E+002, 1.4853092E+002, 1.2735249E+002, 1.0609967E+002, 8.4788595E+001, 6.3410621E+001, 4.2246946E+001, 2.1161932E+001, 1.9346723E-001
