s,m/s,kg/m3,kg/m/s,Pa,Pa,Pa,Pa,Pa,Pa,Pa,Pa,Pa,Pa,Pa,Pa,Pa,Pa,Pa,Pa,Pa,Pa,Pa,Pa,Pa,Pa,Pa,Pa,Pa
Time,"UBAR","RHO","MU","P10","P20","P30","P40","P50","P60","P70","P80","P90","P100","P200","P300","P400","P500","P600","P700","P800","P900","P1000","P1100","P1200","P1300","P1400","P1500","P1600"
 0.0000000E+000, 0.0000000E+000, 1.1945617E+000, 8.9782859E-006,-3.3375424E-005,-2.3231335E-005,-3.4885432E-005,-2.5331037E-005,-3.5519103E-005,-2.2812698E-005,-3.5684018E-005,-2.2323233E-005,-3.1565716E-005,-2.2408432E-005,-2.5159961E-005,-2.2671613E-005,-2.3036432E-005,-2.4332476E-005,-2.4554835E-005,-2.5003832E-005,-2.4106676E-005,-2.4360431E-005,-2.4496306E-005,-2.2830640E-005,-2.6128964E-005,-2.3828421E-005,-2.1789007E-005,-2.6182614E-005,-2.4450785E-005
 8.0013879E+002, 1.9986806E+000, 1.1945615E+000, 8.9782859E-006, 1.8477597E+001, 1.8291882E+001, 1.8122961E+001, 1.7972338E+001, 1.7841378E+001, 1.7727599E+001, 1.7628657E+001, 1.7535033E+001, 1.7439676E+001, 1.7337527E+001, 1.6228972E+001, 1.5080811E+001, 1.3919461E+001, 1.2757958E+001, 1.1596636E+001, 1.0432280E+001, 9.2676760E+000, 8.1065933E+000, 6.9462297E+000, 5.7851603E+000, 4.6251238E+000, 3.4626609E+000, 2.3032515E+000, 1.1426477E+000, 4.4299756E-003
 1.6000000E+003, 2.0000009E+000, 1.1945492E+000, 8.9782859E-006, 1.4185286E+001, 1.4028171E+001, 1.3887544E+001, 1.3765976E+001, 1.3663480E+001, 1.3580843E+001, 1.3515596E+001, 1.3454024E+001, 1.3388871E+001, 1.3316871E+001, 1.2479347E+001, 1.1605603E+001, 1.0714463E+001, 9.8203261E+000, 8.9237073E+000, 8.0313177E+000, 7.1401954E+000, 6.2488824E+000, 5.3539136E+000, 4.4585421E+000, 3.5613851E+000, 2.6662764E+000, 1.7722552E+000, 8.7676561E-001, 3.5308902E-003
