s,m/s,kg/m3,kg/m/s,Pa,Pa,Pa,Pa,Pa,Pa,Pa,Pa,Pa,Pa,Pa,Pa,Pa,Pa,Pa,Pa,Pa,Pa,Pa,Pa,Pa,Pa,Pa,Pa,Pa
Time,"UBAR","RHO","MU","P10","P20","P30","P40","P50","P60","P70","P80","P90","P100","P200","P300","P400","P500","P600","P700","P800","P900","P1000","P1100","P1200","P1300","P1400","P1500","P1600"
 0.0000000E+000, 0.0000000E+000, 1.1956416E+000, 8.9854123E-006,-3.3405597E-005,-2.3252337E-005,-3.4916970E-005,-2.5353937E-005,-3.5551214E-005,-2.2833321E-005,-3.5716279E-005,-2.2343415E-005,-3.1594253E-005,-2.2428690E-005,-2.5182707E-005,-2.2692109E-005,-2.3057257E-005,-2.4354474E-005,-2.4577034E-005,-2.5026437E-005,-2.4128469E-005,-2.4382454E-005,-2.4518452E-005,-2.2851281E-005,-2.6152586E-005,-2.3849963E-005,-2.1808705E-005,-2.6206284E-005,-2.4472890E-005
 1.6002414E+002, 9.9623981E+000, 1.1956416E+000, 8.9854123E-006, 2.0625514E+002, 2.0481532E+002, 2.0338559E+002, 2.0197551E+002, 2.0057185E+002, 1.9917913E+002, 1.9779849E+002, 1.9642810E+002, 1.9506605E+002, 1.9371957E+002, 1.8064098E+002, 1.6779752E+002, 1.5503868E+002, 1.4223603E+002, 1.2936838E+002, 1.1645697E+002, 1.0352192E+002, 9.0572148E+001, 7.7597703E+001, 6.4640416E+001, 5.1672229E+001, 3.8698987E+001, 2.5762193E+001, 1.2800189E+001,-3.8855024E-005
 3.2000000E+002, 9.9999974E+000, 1.1956414E+000, 8.9854123E-006, 8.9458916E+001, 8.8755539E+001, 8.8073823E+001, 8.7400858E+001, 8.6743368E+001, 8.6090752E+001, 8.5456980E+001, 8.4832874E+001, 8.4218706E+001, 8.3618417E+001, 7.7933441E+001, 7.2489125E+001, 6.7118395E+001, 6.1679422E+001, 5.6150012E+001, 5.0546316E+001, 4.4905297E+001, 3.9261746E+001, 3.3629481E+001, 2.7991314E+001, 2.2360695E+001, 1.6719854E+001, 1.1094631E+001, 5.4717483E+000, 1.5084287E-002
