s,m/s,kg/m3,kg/m/s,Pa,Pa,Pa,Pa,Pa,Pa,Pa,Pa,Pa,Pa,Pa,Pa,Pa,Pa,Pa,Pa,Pa,Pa,Pa,Pa,Pa,Pa,Pa,Pa,Pa
Time,"UBAR","RHO","MU","P10","P20","P30","P40","P50","P60","P70","P80","P90","P100","P200","P300","P400","P500","P600","P700","P800","P900","P1000","P1100","P1200","P1300","P1400","P1500","P1600"
 0.0000000E+000, 0.0000000E+000, 1.1945617E+000, 1.7956572E-005,-3.1980641E-005,-1.9783964E-005,-3.5010449E-005,-1.9462283E-005,-3.2484048E-005,-2.0652998E-005,-2.9796173E-005,-2.2044636E-005,-2.9446684E-005,-2.1123076E-005,-2.5429480E-005,-2.1924779E-005,-2.2144476E-005,-2.1366859E-005,-1.9715544E-005,-2.1658980E-005,-2.1500281E-005,-2.2948500E-005,-2.4873888E-005,-2.1800864E-005,-2.2499294E-005,-1.8385552E-005,-2.2042811E-005,-1.9480792E-005,-2.1549424E-005
 1.6010818E+002, 9.9647515E+000, 1.1945615E+000, 1.7956572E-005, 2.0467775E+002, 2.0319831E+002, 2.0174168E+002, 2.0034643E+002, 1.9907659E+002, 1.9779150E+002, 1.9650192E+002, 1.9520147E+002, 1.9387696E+002, 1.9258398E+002, 1.7963562E+002, 1.6670815E+002, 1.5386453E+002, 1.4102893E+002, 1.2818735E+002, 1.1538526E+002, 1.0254652E+002, 8.9669162E+001, 7.6823769E+001, 6.4069934E+001, 5.1258056E+001, 3.8384449E+001, 2.5622891E+001, 1.2739809E+001, 7.6185640E-002
 3.2000000E+002, 9.9999987E+000, 1.1945616E+000, 1.7956572E-005, 8.7066843E+001, 8.6314657E+001, 8.5672064E+001, 8.5077230E+001, 8.4518453E+001, 8.3947767E+001, 8.3356155E+001, 8.2805028E+001, 8.2243666E+001, 8.1672222E+001, 7.6114646E+001, 7.0633010E+001, 6.5200200E+001, 5.9728240E+001, 5.4299981E+001, 4.8856592E+001, 4.3436085E+001, 3.8019270E+001, 3.2594409E+001, 2.7131939E+001, 2.1653397E+001, 1.6214948E+001, 1.0777590E+001, 5.3502293E+000, 4.8173270E-002
