m,m/s,m,m/s,m,m/s,m,m/s,m,m/s,m,m/s,m,m/s,m,m/s,m,m/s,m,m/s,m,m/s*m/s,m,m/s*m/s,m,m/s*m/s,m,m/s*m/s,m,m/s*m/s,m,m/s*m/s,m,m/s*m/s,m,m/s*m/s,m,m/s*m/s,m,m/s*m/s,m,m/s*m/s,m,m/s*m/s,m,m/s*m/s,m,m/s*m/s,m,m/s*m/s,m,kg/m3,m,m/s,m,m/s,m,m/s,m,kg/m/s,m,m/s,m,m/s,m,,m,,m,
U-VEL -3-z,U-VEL -3,U-VEL 4-z,U-VEL 4,U-VEL 6-z,U-VEL 6,U-VEL 10-z,U-VEL 10,U-VEL 19-z,U-VEL 19,W-VEL -3-z,W-VEL -3,W-VEL 4-z,W-VEL 4,W-VEL 6-z,W-VEL 6,W-VEL 10-z,W-VEL 10,W-VEL 19-z,W-VEL 19,uu -3-z,uu -3,uu 4-z,uu 4,uu 6-z,uu 6,uu 10-z,uu 10,uu 19-z,uu 19,ww -3-z,ww -3,ww 4-z,ww 4,ww 6-z,ww 6,ww 10-z,ww 10,ww 19-z,ww 19,uw -3-z,uw -3,uw 4-z,uw 4,uw 6-z,uw 6,uw 10-z,uw 10,uw 19-z,uw 19,rho-x,rho,u_dz/2-x,u_dz/2,u_3dz/2-x,u_3dz/2,u_5dz/2-x,u_5dz/2,nu_T-x,nu_T,u_wall-x,u_wall,u_tau-x,u_tau,cp-x,cp,cp test-x,cp test,yp-x,yp
 1.0290000E-002, 4.2112718E+000, 4.9000000E-004,-1.3153252E+000, 4.9000000E-004,-3.3568948E-001, 4.9000000E-004, 1.9623419E+000, 4.9000000E-004, 2.7910068E+000, 1.0290000E-002, 1.7727683E-009, 4.9000000E-004, 0.0000000E+000, 4.9000000E-004, 0.0000000E+000, 4.9000000E-004, 0.0000000E+000, 4.9000000E-004, 0.0000000E+000, 1.0290000E-002, 1.2120986E-001, 4.9000000E-004, 5.6705124E-001, 4.9000000E-004, 7.7504662E-001, 4.9000000E-004, 8.0745411E-001, 4.9000000E-004, 5.0849378E-001, 1.0290000E-002, 1.0141283E-010, 4.9000000E-004, 0.0000000E+000, 4.9000000E-004, 0.0000000E+000, 4.9000000E-004, 0.0000000E+000, 4.9000000E-004, 0.0000000E+000, 1.0290000E-002,-2.0942588E-009, 4.9000000E-004, 0.0000000E+000, 4.9000000E-004, 0.0000000E+000, 4.9000000E-004, 0.0000000E+000, 4.9000000E-004, 0.0000000E+000, 4.9000000E-004, 1.1645493E+000, 4.9000000E-004, 6.3619052E-002, 4.9000000E-004, 4.6148772E-002, 4.9000000E-004, 7.2624354E-003, 4.9000000E-004, 1.9101075E-005, 4.9000000E-004, 6.3619052E-002, 4.9000000E-004, 4.6054194E-002, 4.9000000E-004,-1.4449477E+001, 4.9000000E-004, 0.0000000E+000, 4.9000000E-004, 1.4763129E+000
 1.1270000E-002, 5.2118483E+000, 1.4700000E-003,-1.1133256E+000, 1.4700000E-003,-2.4473521E-002, 1.4700000E-003, 2.3879853E+000, 1.4700000E-003, 3.5360642E+000, 1.1270000E-002, 4.5069942E-003, 1.4700000E-003, 2.5603660E-002, 1.4700000E-003,-7.2857517E-002, 1.4700000E-003,-2.6542092E-002, 1.4700000E-003,-9.4925901E-003, 1.1270000E-002, 1.6449068E-001, 1.4700000E-003, 7.3159271E-001, 1.4700000E-003, 1.0135305E+000, 1.4700000E-003, 9.4379105E-001, 1.4700000E-003, 5.9507800E-001, 1.1270000E-002, 6.8508960E-002, 1.4700000E-003, 1.6642802E-001, 1.4700000E-003, 3.0166148E-001, 1.4700000E-003, 2.0732228E-001, 1.4700000E-003, 8.7193372E-002, 1.1270000E-002,-4.4522367E-002, 1.4700000E-003,-1.0176627E-001, 1.4700000E-003,-2.1516624E-001, 1.4700000E-003,-1.1892601E-001, 1.4700000E-003,-6.8963770E-002, 1.4700000E-003, 1.1645493E+000, 1.4700000E-003, 1.1127437E-001, 1.4700000E-003, 7.4215160E-002, 1.4700000E-003, 6.6320938E-003, 1.4700000E-003, 1.9599720E-005, 1.4700000E-003, 1.1127437E-001, 1.4700000E-003, 6.0105113E-002, 1.4700000E-003,-1.4468415E+001, 1.4700000E-003, 0.0000000E+000, 1.4700000E-003, 1.9267287E+000
 1.2250000E-002, 5.7169297E+000, 2.4500000E-003,-8.5513811E-001, 2.4500000E-003, 2.6976932E-001, 2.4500000E-003, 2.5793531E+000, 2.4500000E-003, 3.7782052E+000, 1.2250000E-002, 2.9236118E-003, 2.4500000E-003, 3.4784561E-002, 2.4500000E-003,-1.4973120E-001, 2.4500000E-003,-5.8333475E-002, 2.4500000E-003,-1.4969925E-002, 1.2250000E-002, 1.5651870E-001, 2.4500000E-003, 8.4364900E-001, 2.4500000E-003, 1.1999585E+000, 2.4500000E-003, 9.7373325E-001, 2.4500000E-003, 5.7348141E-001, 1.2250000E-002, 1.2368911E-001, 2.4500000E-003, 3.3380502E-001, 2.4500000E-003, 6.2091113E-001, 2.4500000E-003, 3.9190449E-001, 2.4500000E-003, 1.4329063E-001, 1.2250000E-002,-4.4009319E-002, 2.4500000E-003,-1.9042310E-001, 2.4500000E-003,-3.9031734E-001, 2.4500000E-003,-2.0774690E-001, 2.4500000E-003,-8.8937302E-002, 2.4500000E-003, 1.1645493E+000, 2.4500000E-003, 1.2619775E-001, 2.4500000E-003, 7.9560265E-002, 2.4500000E-003,-2.8227244E-003, 2.4500000E-003, 1.9099929E-005, 2.4500000E-003, 1.2619775E-001, 2.4500000E-003, 6.5407083E-002, 2.4500000E-003,-1.4490981E+001, 2.4500000E-003, 0.0000000E+000, 2.4500000E-003, 2.0966885E+000
 1.3230000E-002, 6.0776390E+000, 3.4300000E-003,-5.4529720E-001, 3.4300000E-003, 6.2778314E-001, 3.4300000E-003, 2.8046523E+000, 3.4300000E-003, 3.9925697E+000, 1.3230000E-002, 6.4267261E-003, 3.4300000E-003, 2.7333006E-002, 3.4300000E-003,-2.2539338E-001, 3.4300000E-003,-1.0132143E-001, 3.4300000E-003,-2.0530431E-002, 1.3230000E-002, 1.4551056E-001, 3.4300000E-003, 1.0254796E+000, 3.4300000E-003, 1.4419059E+000, 3.4300000E-003, 1.0617138E+000, 3.4300000E-003, 5.9395306E-001, 1.3230000E-002, 1.5509474E-001, 3.4300000E-003, 4.5898150E-001, 3.4300000E-003, 8.4058123E-001, 3.4300000E-003, 5.4040878E-001, 3.4300000E-003, 1.9778762E-001, 1.3230000E-002,-3.6346476E-002, 3.4300000E-003,-2.7865153E-001, 3.4300000E-003,-5.3508740E-001, 3.4300000E-003,-2.9501986E-001, 3.4300000E-003,-1.1664207E-001, 3.4300000E-003, 1.1645493E+000, 3.4300000E-003, 1.1918652E-001, 3.4300000E-003, 6.9894509E-002, 3.4300000E-003,-1.6704456E-002, 3.4300000E-003, 1.9107704E-005, 3.4300000E-003, 1.1918652E-001, 3.4300000E-003, 6.6054032E-002, 3.4300000E-003,-1.4505003E+001, 3.4300000E-003, 0.0000000E+000, 3.4300000E-003, 2.1174271E+000
 1.4210000E-002, 6.4632546E+000, 4.4100000E-003,-1.6533442E-001, 4.4100000E-003, 1.0548342E+000, 4.4100000E-003, 3.0480290E+000, 4.4100000E-003, 4.1589415E+000, 1.4210000E-002, 7.0289833E-003, 4.4100000E-003, 6.0037880E-003, 4.4100000E-003,-3.0544261E-001, 4.4100000E-003,-1.3891283E-001, 4.4100000E-003,-2.6827220E-002, 1.4210000E-002, 1.2412813E-001, 4.4100000E-003, 1.1949037E+000, 4.4100000E-003, 1.6695273E+000, 4.4100000E-003, 1.1292063E+000, 4.4100000E-003, 6.1040081E-001, 1.4210000E-002, 1.3598711E-001, 4.4100000E-003, 5.7486851E-001, 4.4100000E-003, 9.8184289E-001, 4.4100000E-003, 6.4334922E-001, 4.4100000E-003, 2.4480701E-001, 1.4210000E-002,-1.1750224E-002, 4.4100000E-003,-3.6500902E-001, 4.4100000E-003,-6.4477009E-001, 4.4100000E-003,-3.6680106E-001, 4.4100000E-003,-1.4060388E-001, 4.4100000E-003, 1.1645493E+000, 4.4100000E-003, 1.0162432E-001, 4.4100000E-003, 5.0767876E-002, 4.4100000E-003,-3.4054677E-002, 4.4100000E-003, 1.9152550E-005, 4.4100000E-003, 1.0162432E-001, 4.4100000E-003, 6.4685018E-002, 4.4100000E-003,-1.4512369E+001, 4.4100000E-003, 0.0000000E+000, 4.4100000E-003, 2.0735420E+000
 1.5190000E-002, 6.7031070E+000, 5.3900000E-003, 3.2568952E-001, 5.3900000E-003, 1.5769379E+000, 5.3900000E-003, 3.3223856E+000, 5.3900000E-003, 4.3293228E+000, 1.5190000E-002, 1.1000405E-003, 5.3900000E-003,-4.7018480E-002, 5.3900000E-003,-3.6879200E-001, 5.3900000E-003,-1.6913093E-001, 5.3900000E-003,-2.9196234E-002, 1.5190000E-002, 7.2355909E-002, 5.3900000E-003, 1.3644112E+000, 5.3900000E-003, 1.8023373E+000, 5.3900000E-003, 1.1898154E+000, 5.3900000E-003, 6.2811942E-001, 1.5190000E-002, 6.5103462E-002, 5.3900000E-003, 6.8628537E-001, 5.3900000E-003, 1.0867533E+000, 5.3900000E-003, 7.1733034E-001, 5.3900000E-003, 2.7888918E-001, 1.5190000E-002,-1.2991012E-002, 5.3900000E-003,-4.5747151E-001, 5.3900000E-003,-7.3809509E-001, 5.3900000E-003,-4.3494220E-001, 5.3900000E-003,-1.5925931E-001, 5.3900000E-003, 1.1645493E+000, 5.3900000E-003, 8.1620913E-002, 5.3900000E-003, 2.8309097E-002, 5.3900000E-003,-5.1546018E-002, 5.3900000E-003, 1.9340040E-005, 5.3900000E-003, 8.1620913E-002, 5.3900000E-003, 6.2798210E-002, 5.3900000E-003,-1.4517046E+001, 5.3900000E-003, 0.0000000E+000, 5.3900000E-003, 2.0130586E+000
 1.6170000E-002, 6.8739010E+000, 6.3700000E-003, 9.8550981E-001, 6.3700000E-003, 2.1419074E+000, 6.3700000E-003, 3.6108446E+000, 6.3700000E-003, 4.4947126E+000, 1.6170000E-002,-1.8202084E-003, 6.3700000E-003,-1.1317833E-001, 6.3700000E-003,-4.2895185E-001, 6.3700000E-003,-1.9596292E-001, 6.3700000E-003,-3.4173143E-002, 1.6170000E-002, 6.9771367E-002, 6.3700000E-003, 1.5148970E+000, 6.3700000E-003, 1.9575923E+000, 6.3700000E-003, 1.2332953E+000, 6.3700000E-003, 6.4836672E-001, 1.6170000E-002, 8.8837679E-002, 6.3700000E-003, 7.6087875E-001, 6.3700000E-003, 1.1433035E+000, 6.3700000E-003, 7.3967590E-001, 6.3700000E-003, 3.0767722E-001, 1.6170000E-002,-1.1115324E-002, 6.3700000E-003,-5.4331150E-001, 6.3700000E-003,-8.0920533E-001, 6.3700000E-003,-4.6598309E-001, 6.3700000E-003,-1.7945454E-001, 6.3700000E-003, 1.1645493E+000, 6.3700000E-003, 6.1304191E-002, 6.3700000E-003, 5.3436858E-003, 6.3700000E-003,-6.8710811E-002, 6.3700000E-003, 1.9530719E-005, 6.3700000E-003, 6.1304191E-002, 6.3700000E-003, 6.1320455E-002, 6.3700000E-003,-1.4521974E+001, 6.3700000E-003, 0.0000000E+000, 6.3700000E-003, 1.9656877E+000
 1.7150000E-002, 7.0739345E+000, 7.3500000E-003, 1.7619574E+000, 7.3500000E-003, 2.7869250E+000, 7.3500000E-003, 3.9249865E+000, 7.3500000E-003, 4.6588502E+000, 1.7150000E-002, 8.7034272E-004, 7.3500000E-003,-1.7473644E-001, 7.3500000E-003,-4.9053228E-001, 7.3500000E-003,-2.1757956E-001, 7.3500000E-003,-4.0174419E-002, 1.7150000E-002, 8.4795826E-002, 7.3500000E-003, 1.6054573E+000, 7.3500000E-003, 2.0372151E+000, 7.3500000E-003, 1.2573103E+000, 7.3500000E-003, 6.6340160E-001, 1.7150000E-002, 1.4401019E-001, 7.3500000E-003, 7.9251048E-001, 7.3500000E-003, 1.1439515E+000, 7.3500000E-003, 7.4800005E-001, 7.3500000E-003, 3.3272565E-001, 1.7150000E-002, 7.8613787E-003, 7.3500000E-003,-6.0362783E-001, 7.3500000E-003,-8.4103949E-001, 7.3500000E-003,-4.8375314E-001, 7.3500000E-003,-1.9532862E-001, 7.3500000E-003, 1.1645493E+000, 7.3500000E-003, 4.2123449E-002, 7.3500000E-003,-1.8470363E-002, 7.3500000E-003,-9.0228997E-002, 7.3500000E-003, 1.9783062E-005, 7.3500000E-003, 4.2123449E-002, 7.3500000E-003, 6.0511684E-002, 7.3500000E-003,-1.4527159E+001, 7.3500000E-003, 0.0000000E+000, 7.3500000E-003, 1.9397618E+000
 1.8130000E-002, 7.2282402E+000, 8.3300000E-003, 2.7016123E+000, 8.3300000E-003, 3.4788713E+000, 8.3300000E-003, 4.2429794E+000, 8.3300000E-003, 4.8317794E+000, 1.8130000E-002, 8.7034272E-004, 8.3300000E-003,-2.5883287E-001, 8.3300000E-003,-5.2753816E-001, 8.3300000E-003,-2.3136963E-001, 8.3300000E-003,-4.2472398E-002, 1.8130000E-002, 8.9801927E-002, 8.3300000E-003, 1.5829881E+000, 8.3300000E-003, 1.9017705E+000, 8.3300000E-003, 1.2727144E+000, 8.3300000E-003, 6.7619200E-001, 1.8130000E-002, 1.4401019E-001, 8.3300000E-003, 7.8126711E-001, 8.3300000E-003, 1.0968416E+000, 8.3300000E-003, 7.2603313E-001, 8.3300000E-003, 3.4758796E-001, 1.8130000E-002,-4.6771997E-003, 8.3300000E-003,-6.2340180E-001, 8.3300000E-003,-7.9227901E-001, 8.3300000E-003,-5.0381327E-001, 8.3300000E-003,-2.0705233E-001, 8.3300000E-003, 1.1645493E+000, 8.3300000E-003, 2.2445027E-002, 8.3300000E-003,-4.2232336E-002, 8.3300000E-003,-1.1281402E-001, 8.3300000E-003, 1.9987733E-005, 8.3300000E-003, 2.2445027E-002, 8.3300000E-003, 6.0702726E-002, 8.3300000E-003,-1.4532455E+001, 8.3300000E-003, 0.0000000E+000, 8.3300000E-003, 1.9458858E+000
 1.9110000E-002, 7.4022654E+000, 9.3100000E-003, 3.7000545E+000, 9.3100000E-003, 4.1451747E+000, 9.3100000E-003, 4.5488503E+000, 9.3100000E-003, 5.0045899E+000, 1.9110000E-002, 1.6237247E-003, 9.3100000E-003,-3.2285574E-001, 9.3100000E-003,-5.5941108E-001, 9.3100000E-003,-2.4199666E-001, 9.3100000E-003,-4.6121405E-002, 1.9110000E-002, 1.0638688E-001, 9.3100000E-003, 1.5217597E+000, 9.3100000E-003, 1.7061707E+000, 9.3100000E-003, 1.2478771E+000, 9.3100000E-003, 6.8940647E-001, 1.9110000E-002, 1.4781522E-001, 9.3100000E-003, 7.2022109E-001, 9.3100000E-003, 9.6848770E-001, 9.3100000E-003, 6.8333028E-001, 9.3100000E-003, 3.5492515E-001, 1.9110000E-002, 4.5644511E-002, 9.3100000E-003,-5.8999483E-001, 9.3100000E-003,-6.9232409E-001, 9.3100000E-003,-5.0005355E-001, 9.3100000E-003,-2.1803303E-001, 9.3100000E-003, 1.1645493E+000, 9.3100000E-003, 2.3481480E-003, 9.3100000E-003,-6.4627989E-002, 9.3100000E-003,-1.3483693E-001, 9.3100000E-003, 2.0457237E-005, 9.3100000E-003, 2.3481480E-003, 9.3100000E-003, 6.1647790E-002, 9.3100000E-003,-1.4538980E+001, 9.3100000E-003, 0.0000000E+000, 9.3100000E-003, 1.9761807E+000
 2.0090000E-002, 7.5834550E+000, 1.0290000E-002, 4.6773382E+000, 1.0290000E-002, 4.7326583E+000, 1.0290000E-002, 4.8728813E+000, 1.0290000E-002, 5.1779979E+000, 2.0090000E-002, 1.6237247E-003, 1.0290000E-002,-3.6838600E-001, 1.0290000E-002,-5.7401277E-001, 1.0290000E-002,-2.5281356E-001, 1.0290000E-002,-4.8821256E-002, 2.0090000E-002, 1.2092989E-001, 1.0290000E-002, 1.2806682E+000, 1.0290000E-002, 1.4016281E+000, 1.0290000E-002, 1.1399759E+000, 1.0290000E-002, 6.7279027E-001, 2.0090000E-002, 1.4781522E-001, 1.0290000E-002, 5.9617134E-001, 1.0290000E-002, 8.0502395E-001, 1.0290000E-002, 6.2543730E-001, 1.0290000E-002, 3.5573249E-001, 2.0090000E-002, 1.6303920E-002, 1.0290000E-002,-4.7398952E-001, 1.0290000E-002,-5.7004769E-001, 1.0290000E-002,-4.5974847E-001, 1.0290000E-002,-2.1319636E-001, 1.0290000E-002, 1.1645493E+000, 1.0290000E-002,-1.7295418E-002, 1.0290000E-002,-8.7987561E-002, 1.0290000E-002,-1.5688055E-001, 1.0290000E-002, 2.0919929E-005, 1.0290000E-002,-1.7295418E-002, 1.0290000E-002, 6.3396523E-002, 1.0290000E-002,-1.4547160E+001, 1.0290000E-002, 0.0000000E+000, 1.0290000E-002, 2.0322380E+000
 2.1070000E-002, 7.6649782E+000, 1.1270000E-002, 5.3510837E+000, 1.1270000E-002, 5.2584593E+000, 1.1270000E-002, 5.1849408E+000, 1.1270000E-002, 5.3516830E+000, 2.1070000E-002,-2.7015867E-003, 1.1270000E-002,-3.7409484E-001, 1.1270000E-002,-5.7185641E-001, 1.1270000E-002,-2.5844853E-001, 1.1270000E-002,-4.9547916E-002, 2.1070000E-002, 1.2936851E-001, 1.1270000E-002, 8.1013176E-001, 1.1270000E-002, 1.0367550E+000, 1.1270000E-002, 1.0105632E+000, 1.1270000E-002, 6.6668874E-001, 2.1070000E-002, 4.3630778E-001, 1.1270000E-002, 4.5401864E-001, 1.1270000E-002, 6.4268142E-001, 1.1270000E-002, 5.6708500E-001, 1.1270000E-002, 3.5240206E-001, 2.1070000E-002, 1.0551996E-001, 1.1270000E-002,-2.9574882E-001, 1.1270000E-002,-4.3999484E-001, 1.1270000E-002,-4.0767864E-001, 1.1270000E-002,-2.0791785E-001, 1.1270000E-002, 1.1645493E+000, 1.1270000E-002,-3.5135968E-002, 1.1270000E-002,-1.1200239E-001, 1.1270000E-002,-1.7993298E-001, 1.1270000E-002, 2.1115009E-005, 1.1270000E-002,-3.5135968E-002, 1.1270000E-002, 6.6649642E-002, 1.1270000E-002,-1.4555730E+001, 1.1270000E-002, 0.0000000E+000, 1.1270000E-002, 2.1365198E+000
 2.2050000E-002, 7.7116221E+000, 1.2250000E-002, 5.8940597E+000, 1.2250000E-002, 5.7250996E+000, 1.2250000E-002, 5.4742707E+000, 1.2250000E-002, 5.5265226E+000, 2.2050000E-002,-2.7015867E-003, 1.2250000E-002,-3.6870830E-001, 1.2250000E-002,-5.6589224E-001, 1.2250000E-002,-2.5485161E-001, 1.2250000E-002,-4.8730845E-002, 2.2050000E-002, 1.4181413E-001, 1.2250000E-002, 4.6619651E-001, 1.2250000E-002, 7.3488270E-001, 1.2250000E-002, 8.8933067E-001, 1.2250000E-002, 6.4350017E-001, 2.2050000E-002, 4.3630778E-001, 1.2250000E-002, 3.1250784E-001, 1.2250000E-002, 4.8830039E-001, 1.2250000E-002, 5.0889707E-001, 1.2250000E-002, 3.4870055E-001, 2.2050000E-002,-1.7324634E-003, 1.2250000E-002,-1.5477993E-001, 1.2250000E-002,-3.1172202E-001, 1.2250000E-002,-3.5679086E-001, 1.2250000E-002,-2.0364274E-001, 1.2250000E-002, 1.1645493E+000, 1.2250000E-002,-4.9644020E-002, 1.2250000E-002,-1.3358251E-001, 1.2250000E-002,-2.0252473E-001, 1.2250000E-002, 2.1379043E-005, 1.2250000E-002,-4.9644020E-002, 1.2250000E-002, 6.9999841E-002, 1.2250000E-002,-1.4565150E+001, 1.2250000E-002, 0.0000000E+000, 1.2250000E-002, 2.2439136E+000
 2.3030000E-002, 7.7101944E+000, 1.3230000E-002, 6.3079882E+000, 1.3230000E-002, 6.0690539E+000, 1.3230000E-002, 5.7514205E+000, 1.3230000E-002, 5.7006286E+000, 2.3030000E-002,-8.1965416E-003, 1.3230000E-002,-3.6735865E-001, 1.3230000E-002,-5.5802040E-001, 1.3230000E-002,-2.4819989E-001, 1.3230000E-002,-5.0495622E-002, 2.3030000E-002, 1.7154304E-001, 1.3230000E-002, 2.8029990E-001, 1.3230000E-002, 4.6252294E-001, 1.3230000E-002, 7.1502452E-001, 1.3230000E-002, 6.1724523E-001, 2.3030000E-002, 5.0850239E-001, 1.3230000E-002, 2.1886455E-001, 1.3230000E-002, 3.6391977E-001, 1.3230000E-002, 4.3874254E-001, 1.3230000E-002, 3.4149916E-001, 2.3030000E-002, 3.4713760E-002, 1.3230000E-002,-7.9402517E-002, 1.3230000E-002,-1.9639140E-001, 1.3230000E-002,-2.8948738E-001, 1.3230000E-002,-2.0016517E-001, 1.3230000E-002, 1.1645493E+000, 1.3230000E-002,-6.0383469E-002, 1.3230000E-002,-1.5323610E-001, 1.3230000E-002,-2.2159651E-001, 1.3230000E-002, 2.1989127E-005, 1.3230000E-002,-6.0383469E-002, 1.3230000E-002, 7.3467593E-002, 1.3230000E-002,-1.4575730E+001, 1.3230000E-002, 0.0000000E+000, 1.3230000E-002, 2.3550757E+000
 2.4010000E-002, 7.7089463E+000, 1.4210000E-002, 6.6026942E+000, 1.4210000E-002, 6.3373377E+000, 1.4210000E-002, 6.0099464E+000, 1.4210000E-002, 5.8646687E+000, 2.4010000E-002,-8.1965416E-003, 1.4210000E-002,-3.6851922E-001, 1.4210000E-002,-5.4569157E-001, 1.4210000E-002,-2.4372337E-001, 1.4210000E-002,-4.6317129E-002, 2.4010000E-002, 1.9395548E-001, 1.4210000E-002, 1.9296408E-001, 1.4210000E-002, 2.8895181E-001, 1.4210000E-002, 5.6323399E-001, 1.4210000E-002, 5.6382754E-001, 2.4010000E-002, 5.0850239E-001, 1.4210000E-002, 1.6242478E-001, 1.4210000E-002, 2.7564719E-001, 1.4210000E-002, 3.7926242E-001, 1.4210000E-002, 3.3574246E-001, 2.4010000E-002,-4.9311662E-002, 1.4210000E-002,-4.1779046E-002, 1.4210000E-002,-1.1413686E-001, 1.4210000E-002,-2.2921408E-001, 1.4210000E-002,-1.9205506E-001, 1.4210000E-002, 1.1645493E+000, 1.4210000E-002,-7.0653225E-002, 1.4210000E-002,-1.6970408E-001, 1.4210000E-002,-2.3897101E-001, 1.4210000E-002, 2.2424450E-005, 1.4210000E-002,-7.0653225E-002, 1.4210000E-002, 7.6968205E-002, 1.4210000E-002,-1.4588141E+001, 1.4210000E-002, 0.0000000E+000, 1.4210000E-002, 2.4672912E+000
 2.4990000E-002, 7.7163386E+000, 1.5190000E-002, 6.8037130E+000, 1.5190000E-002, 6.5422468E+000, 1.5190000E-002, 6.2588950E+000, 1.5190000E-002, 6.0177816E+000, 2.4990000E-002,-8.5636322E-003, 1.5190000E-002,-3.6550844E-001, 1.5190000E-002,-5.2911506E-001, 1.5190000E-002,-2.3611317E-001, 1.5190000E-002,-4.4443079E-002, 2.4990000E-002, 2.0247034E-001, 1.5190000E-002, 1.4827094E-001, 1.5190000E-002, 2.0680815E-001, 1.5190000E-002, 4.2466763E-001, 1.5190000E-002, 5.0681197E-001, 2.4990000E-002, 5.3472002E-001, 1.5190000E-002, 1.3884111E-001, 1.5190000E-002, 2.1809960E-001, 1.5190000E-002, 3.2480710E-001, 1.5190000E-002, 3.2242204E-001, 2.4990000E-002,-5.7711634E-002, 1.5190000E-002,-1.8091007E-002, 1.5190000E-002,-6.7811235E-002, 1.5190000E-002,-1.7765330E-001, 1.5190000E-002,-1.7143308E-001, 1.5190000E-002, 1.1645493E+000, 1.5190000E-002,-7.0653225E-002, 1.5190000E-002,-1.6970408E-001, 1.5190000E-002,-2.3897101E-001, 1.5190000E-002, 2.3240492E-005, 1.5190000E-002,-7.0653225E-002, 1.5190000E-002, 8.0179540E-002, 1.5190000E-002,-1.4602491E+001, 1.5190000E-002, 0.0000000E+000, 1.5190000E-002, 2.5702335E+000
 2.5970000E-002, 7.7149878E+000, 1.6170000E-002, 6.9481363E+000, 1.6170000E-002, 6.7181818E+000, 1.6170000E-002, 6.4792163E+000, 1.6170000E-002, 6.1535012E+000, 2.5970000E-002,-9.4650758E-003, 1.6170000E-002,-3.5807985E-001, 1.6170000E-002,-5.1683994E-001, 1.6170000E-002,-2.3153632E-001, 1.6170000E-002,-4.3334006E-002, 2.5970000E-002, 1.9235457E-001, 1.6170000E-002, 1.3611192E-001, 1.6170000E-002, 1.7244703E-001, 1.6170000E-002, 3.2212782E-001, 1.6170000E-002, 4.5933756E-001, 2.5970000E-002, 5.4528230E-001, 1.6170000E-002, 1.4032985E-001, 1.6170000E-002, 1.8959512E-001, 1.6170000E-002, 2.7563010E-001, 1.6170000E-002, 3.0808125E-001, 2.5970000E-002,-6.4312940E-002, 1.6170000E-002,-4.1065451E-003, 1.6170000E-002,-4.1168867E-002, 1.6170000E-002,-1.2726565E-001, 1.6170000E-002,-1.5870285E-001, 1.6170000E-002, 1.1645493E+000, 1.6170000E-002,-9.0990427E-002, 1.6170000E-002,-2.0027551E-001, 1.6170000E-002,-2.7342865E-001, 1.6170000E-002, 2.3723145E-005, 1.6170000E-002,-9.0990427E-002, 1.6170000E-002, 8.3652825E-002, 1.6170000E-002,-1.4620121E+001, 1.6170000E-002, 0.0000000E+000, 1.6170000E-002, 2.6815729E+000
 2.6950000E-002, 7.7101422E+000, 1.7150000E-002, 7.0930763E+000, 1.7150000E-002, 6.8970226E+000, 1.7150000E-002, 6.6634623E+000, 1.7150000E-002, 6.2771514E+000, 2.6950000E-002,-7.1510312E-003, 1.7150000E-002,-3.5731342E-001, 1.7150000E-002,-4.9389269E-001, 1.7150000E-002,-2.2427675E-001, 1.7150000E-002,-3.5371049E-002, 2.6950000E-002, 2.1058974E-001, 1.7150000E-002, 1.4468312E-001, 1.7150000E-002, 1.6706232E-001, 1.7150000E-002, 2.4055812E-001, 1.7150000E-002, 4.0368230E-001, 2.6950000E-002, 5.3791159E-001, 1.7150000E-002, 2.0385262E-001, 1.7150000E-002, 2.1214752E-001, 1.7150000E-002, 2.1772836E-001, 1.7150000E-002, 2.8042107E-001, 2.6950000E-002,-8.2308527E-002, 1.7150000E-002,-2.0777568E-002, 1.7150000E-002, 2.9404310E-003, 1.7150000E-002,-6.1244394E-002, 1.7150000E-002,-1.5024974E-001, 1.7150000E-002, 1.1645493E+000, 1.7150000E-002,-1.0230903E-001, 1.7150000E-002,-2.1999920E-001, 1.7150000E-002,-2.8985808E-001, 1.7150000E-002, 2.4219407E-005, 1.7150000E-002,-1.0230903E-001, 1.7150000E-002, 8.7775167E-002, 1.7150000E-002,-1.4639552E+001, 1.7150000E-002, 0.0000000E+000, 1.7150000E-002, 2.8137185E+000
 2.7930000E-002, 7.7057352E+000, 1.8130000E-002, 7.2452862E+000, 1.8130000E-002, 7.0703330E+000, 1.8130000E-002, 6.8017128E+000, 1.8130000E-002, 6.3865697E+000, 2.7930000E-002,-1.0935846E-002, 1.8130000E-002,-3.5731342E-001, 1.8130000E-002,-4.9389269E-001, 1.8130000E-002,-2.2427675E-001, 1.8130000E-002,-3.5371049E-002, 2.7930000E-002, 2.2705179E-001, 1.8130000E-002, 1.6585756E-001, 1.8130000E-002, 1.7690959E-001, 1.8130000E-002, 1.9381590E-001, 1.8130000E-002, 3.4605973E-001, 2.7930000E-002, 4.9796663E-001, 1.8130000E-002, 2.0385262E-001, 1.8130000E-002, 2.1214752E-001, 1.8130000E-002, 2.1772836E-001, 1.8130000E-002, 2.8042107E-001, 2.7930000E-002,-7.2133874E-002, 1.8130000E-002, 2.2244467E-002, 1.8130000E-002,-1.7293625E-002, 1.8130000E-002,-5.1325622E-002, 1.8130000E-002,-1.1922383E-001, 1.8130000E-002, 1.1645493E+000, 1.8130000E-002,-1.1573598E-001, 1.8130000E-002,-2.4422402E-001, 1.8130000E-002,-3.1211920E-001, 1.8130000E-002, 2.5484254E-005, 1.8130000E-002,-1.1573598E-001, 1.8130000E-002, 9.1521277E-002, 1.8130000E-002,-1.4662010E+001, 1.8130000E-002, 0.0000000E+000, 1.8130000E-002, 2.9338035E+000
 2.8910000E-002, 7.7008842E+000, 1.9110000E-002, 7.4235220E+000, 1.9110000E-002, 7.2268150E+000, 1.9110000E-002, 6.8874539E+000, 1.9110000E-002, 6.4766043E+000, 2.8910000E-002,-9.3647676E-003, 1.9110000E-002,-3.5261381E-001, 1.9110000E-002,-4.7186457E-001, 1.9110000E-002,-2.0953320E-001, 1.9110000E-002,-2.9982173E-002, 2.8910000E-002, 2.3434928E-001, 1.9110000E-002, 1.9404557E-001, 1.9110000E-002, 1.8487447E-001, 1.9110000E-002, 1.6321704E-001, 1.9110000E-002, 3.0153274E-001, 2.8910000E-002, 4.7303623E-001, 1.9110000E-002, 3.3190124E-001, 1.9110000E-002, 2.4327476E-001, 1.9110000E-002, 1.9530420E-001, 1.9110000E-002, 2.5277168E-001, 2.8910000E-002,-6.4041067E-002, 1.9110000E-002,-1.5323603E-002, 1.9110000E-002, 2.4880313E-002, 1.9110000E-002,-1.1963298E-002, 1.9110000E-002,-1.0476190E-001, 1.9110000E-002, 1.1645493E+000, 1.9110000E-002,-1.3590327E-001, 1.9110000E-002,-2.7396743E-001, 1.9110000E-002,-3.3979690E-001, 1.9110000E-002, 2.6819444E-005, 1.9110000E-002,-1.3590327E-001, 1.9110000E-002, 9.5471665E-002, 1.9110000E-002,-1.4686452E+001, 1.9110000E-002, 0.0000000E+000, 1.9110000E-002, 3.0604369E+000
 2.9890000E-002, 7.7071121E+000, 2.0090000E-002, 7.5808340E+000, 2.0090000E-002, 7.3302378E+000, 2.0090000E-002, 6.9154959E+000, 2.0090000E-002, 6.5444369E+000, 2.9890000E-002,-1.7068580E-003, 2.0090000E-002,-3.5261381E-001, 2.0090000E-002,-4.7186457E-001, 2.0090000E-002,-2.0953320E-001, 2.0090000E-002,-2.9982173E-002, 2.9890000E-002, 2.3629783E-001, 2.0090000E-002, 2.1280948E-001, 2.0090000E-002, 1.8810623E-001, 2.0090000E-002, 1.5110770E-001, 2.0090000E-002, 2.6248319E-001, 2.9890000E-002, 4.6612382E-001, 2.0090000E-002, 3.3190124E-001, 2.0090000E-002, 2.4327476E-001, 2.0090000E-002, 1.9530420E-001, 2.0090000E-002, 2.5277168E-001, 2.9890000E-002,-5.2397124E-002, 2.0090000E-002, 4.7714387E-002, 2.0090000E-002,-9.1111800E-003, 2.0090000E-002,-2.1226239E-002, 2.0090000E-002,-7.5665513E-002, 2.0090000E-002, 1.1645493E+000, 2.0090000E-002,-1.7160734E-001, 2.0090000E-002,-3.0432533E-001, 2.0090000E-002,-3.6463510E-001, 2.0090000E-002, 2.7337154E-005, 2.0090000E-002,-1.7160734E-001, 2.0090000E-002, 1.0080526E-001, 2.0090000E-002,-1.4712773E+001, 2.0090000E-002, 0.0000000E+000, 2.0090000E-002, 3.2314102E+000
 3.0870000E-002, 7.7202653E+000, 2.1070000E-002, 7.6755507E+000, 2.1070000E-002, 7.3603407E+000, 2.1070000E-002, 6.9074627E+000, 2.1070000E-002, 6.6003753E+000, 3.0870000E-002, 2.9546804E-003, 2.1070000E-002,-3.3517966E-001, 2.1070000E-002,-4.4555611E-001, 2.1070000E-002,-1.9792750E-001, 2.1070000E-002,-2.5349953E-002, 3.0870000E-002, 2.2185055E-001, 2.1070000E-002, 2.1987454E-001, 2.1070000E-002, 1.8626620E-001, 2.1070000E-002, 1.5460321E-001, 2.1070000E-002, 2.2531730E-001, 3.0870000E-002, 4.7545493E-001, 2.1070000E-002, 3.7354125E-001, 2.1070000E-002, 2.4480341E-001, 2.1070000E-002, 1.7118456E-001, 2.1070000E-002, 2.2358071E-001, 3.0870000E-002,-4.2025630E-002, 2.1070000E-002,-9.2595191E-003, 2.1070000E-002, 3.5966378E-002, 2.1070000E-002, 2.7510464E-003, 2.1070000E-002,-6.7121715E-002, 2.1070000E-002, 1.1645493E+000, 2.1070000E-002,-2.1659427E-001, 2.1070000E-002,-3.4116140E-001, 2.1070000E-002,-3.9403867E-001, 2.1070000E-002, 2.7717917E-005, 2.1070000E-002,-2.1659427E-001, 2.1070000E-002, 1.0662795E-001, 2.1070000E-002,-1.4739585E+001, 2.1070000E-002, 0.0000000E+000, 2.1070000E-002, 3.4180621E+000
 3.1850000E-002, 7.7267943E+000, 2.2050000E-002, 7.6809635E+000, 2.2050000E-002, 7.3334567E+000, 2.2050000E-002, 6.8839228E+000, 2.2050000E-002, 6.6450727E+000, 3.1850000E-002, 1.0143819E-003, 2.2050000E-002,-3.3517966E-001, 2.2050000E-002,-4.4555611E-001, 2.2050000E-002,-1.9792750E-001, 2.2050000E-002,-2.5349953E-002, 3.1850000E-002, 2.2498950E-001, 2.2050000E-002, 2.2413865E-001, 2.2050000E-002, 1.8951494E-001, 2.2050000E-002, 1.4792543E-001, 2.2050000E-002, 1.9801024E-001, 3.1850000E-002, 4.9664160E-001, 2.2050000E-002, 3.7354125E-001, 2.2050000E-002, 2.4480341E-001, 2.2050000E-002, 1.7118456E-001, 2.2050000E-002, 2.2358071E-001, 3.1850000E-002,-4.5624400E-002, 2.2050000E-002, 5.0785699E-002, 2.2050000E-002,-6.1364121E-003, 2.2050000E-002,-1.1877002E-002, 2.2050000E-002,-3.9492540E-002, 2.2050000E-002, 1.1645493E+000, 2.2050000E-002,-2.6859085E-001, 2.2050000E-002,-3.8788174E-001, 2.2050000E-002,-4.2616605E-001, 2.2050000E-002, 2.8652679E-005, 2.2050000E-002,-2.6859085E-001, 2.2050000E-002, 1.1377867E-001, 2.2050000E-002,-1.4775062E+001, 2.2050000E-002, 0.0000000E+000, 2.2050000E-002, 3.6472848E+000
 3.2830000E-002, 7.7328921E+000, 2.3030000E-002, 7.6333951E+000, 2.3030000E-002, 7.2941368E+000, 2.3030000E-002, 6.8759678E+000, 2.3030000E-002, 6.6836464E+000, 3.2830000E-002,-3.5412283E-003, 2.3030000E-002,-3.0183270E-001, 2.3030000E-002,-4.1156664E-001, 2.3030000E-002,-1.9233818E-001, 2.3030000E-002,-1.9266098E-002, 3.2830000E-002, 2.2408981E-001, 2.3030000E-002, 2.2188698E-001, 2.3030000E-002, 1.8782498E-001, 2.3030000E-002, 1.3556785E-001, 2.3030000E-002, 1.6991276E-001, 3.2830000E-002, 5.3918178E-001, 2.3030000E-002, 3.5392044E-001, 2.3030000E-002, 2.3150278E-001, 2.3030000E-002, 1.4722942E-001, 2.3030000E-002, 1.9643164E-001, 3.2830000E-002,-5.5877941E-002, 2.3030000E-002,-9.6903925E-003, 2.3030000E-002, 2.8852910E-002, 2.3030000E-002, 8.6341530E-003, 2.3030000E-002,-4.0692854E-002, 2.3030000E-002, 1.1645493E+000, 2.3030000E-002,-3.2575674E-001, 2.3030000E-002,-4.3481278E-001, 2.3030000E-002,-4.5755489E-001, 2.3030000E-002, 2.9411932E-005, 2.3030000E-002,-3.2575674E-001, 2.3030000E-002, 1.2041387E-001, 2.3030000E-002,-1.4820440E+001, 2.3030000E-002, 0.0000000E+000, 2.3030000E-002, 3.8599822E+000
 3.3810000E-002, 7.7290128E+000, 2.4010000E-002, 7.5842011E+000, 2.4010000E-002, 7.2754859E+000, 2.4010000E-002, 6.8876973E+000, 2.4010000E-002, 6.7145017E+000, 3.3810000E-002,-7.0190323E-003, 2.4010000E-002,-3.0183270E-001, 2.4010000E-002,-4.1156664E-001, 2.4010000E-002,-1.9233818E-001, 2.4010000E-002,-1.9266098E-002, 3.3810000E-002, 2.1733094E-001, 2.4010000E-002, 2.3042336E-001, 2.4010000E-002, 1.8390189E-001, 2.4010000E-002, 1.2586520E-001, 2.4010000E-002, 1.4502285E-001, 3.3810000E-002, 5.4884963E-001, 2.4010000E-002, 3.5392044E-001, 2.4010000E-002, 2.3150278E-001, 2.4010000E-002, 1.4722942E-001, 2.4010000E-002, 1.9643164E-001, 3.3810000E-002,-6.1478721E-002, 2.4010000E-002, 4.1711357E-002, 2.4010000E-002,-1.1207056E-002, 2.4010000E-002,-1.0522865E-002, 2.4010000E-002,-1.9894787E-002, 2.4010000E-002, 1.1645493E+000, 2.4010000E-002,-3.8744805E-001, 2.4010000E-002,-4.8214331E-001, 2.4010000E-002,-4.8717810E-001, 2.4010000E-002, 3.0171049E-005, 2.4010000E-002,-3.8744805E-001, 2.4010000E-002, 1.2649977E-001, 2.4010000E-002,-1.4868923E+001, 2.4010000E-002, 0.0000000E+000, 2.4010000E-002, 4.0550713E+000
 3.4790000E-002, 7.7170497E+000, 2.4990000E-002, 7.5744077E+000, 2.4990000E-002, 7.2896776E+000, 2.4990000E-002, 6.9008048E+000, 2.4990000E-002, 6.7431311E+000, 3.4790000E-002,-8.5574139E-003, 2.4990000E-002,-2.9642702E-001, 2.4990000E-002,-3.9584992E-001, 2.4990000E-002,-1.8681039E-001, 2.4990000E-002,-1.6693205E-002, 3.4790000E-002, 2.2260896E-001, 2.4990000E-002, 2.2690979E-001, 2.4990000E-002, 1.7554708E-001, 2.4990000E-002, 1.2366660E-001, 2.4990000E-002, 1.3217223E-001, 3.4790000E-002, 5.2334305E-001, 2.4990000E-002, 3.5190256E-001, 2.4990000E-002, 2.3030626E-001, 2.4990000E-002, 1.3845680E-001, 2.4990000E-002, 1.9390690E-001, 3.4790000E-002,-7.0989114E-002, 2.4990000E-002, 3.8453364E-002, 2.4990000E-002,-7.4500002E-003, 2.4990000E-002,-1.0048866E-002, 2.4990000E-002,-1.3374983E-002, 2.4990000E-002, 1.1645493E+000, 2.4990000E-002,-4.5205309E-001, 2.4990000E-002,-5.3199723E-001, 2.4990000E-002,-5.1828936E-001, 2.4990000E-002, 3.1001684E-005, 2.4990000E-002,-4.5205309E-001, 2.4990000E-002, 1.3208560E-001, 2.4990000E-002,-1.4919683E+001, 2.4990000E-002, 0.0000000E+000, 2.4990000E-002, 4.2341301E+000
 3.5770000E-002, 7.7089107E+000, 2.5970000E-002, 7.5652093E+000, 2.5970000E-002, 7.2986445E+000, 2.5970000E-002, 6.9101039E+000, 2.5970000E-002, 6.7633073E+000, 3.5770000E-002,-9.4069717E-003, 2.5970000E-002,-2.8841979E-001, 2.5970000E-002,-3.7791662E-001, 2.5970000E-002,-1.7932067E-001, 2.5970000E-002,-1.5856279E-002, 3.5770000E-002, 2.1716389E-001, 2.5970000E-002, 2.1783322E-001, 2.5970000E-002, 1.8132246E-001, 2.5970000E-002, 1.1971321E-001, 2.5970000E-002, 1.2516107E-001, 3.5770000E-002, 4.8865157E-001, 2.5970000E-002, 3.5784694E-001, 2.5970000E-002, 2.3988084E-001, 2.5970000E-002, 1.3229037E-001, 2.5970000E-002, 1.9112245E-001, 3.5770000E-002,-4.3102144E-002, 2.5970000E-002, 4.1030223E-002, 2.5970000E-002,-3.4299162E-003, 2.5970000E-002,-7.4887657E-003, 2.5970000E-002,-5.1418874E-003, 2.5970000E-002, 1.1645493E+000, 2.5970000E-002,-5.1570241E-001, 2.5970000E-002,-5.8200876E-001, 2.5970000E-002,-5.4821423E-001, 2.5970000E-002, 3.2326939E-005, 2.5970000E-002,-5.1570241E-001, 2.5970000E-002, 1.3871855E-001, 2.5970000E-002,-1.4976159E+001, 2.5970000E-002, 0.0000000E+000, 2.5970000E-002, 4.4467551E+000
 3.6750000E-002, 7.7082741E+000, 2.6950000E-002, 7.5624737E+000, 2.6950000E-002, 7.3071164E+000, 2.6950000E-002, 6.9190115E+000, 2.6950000E-002, 6.7653824E+000, 3.6750000E-002,-6.2768914E-003, 2.6950000E-002,-2.7729222E-001, 2.6950000E-002,-3.5859809E-001, 2.6950000E-002,-1.7362609E-001, 2.6950000E-002,-1.5018213E-002, 3.6750000E-002, 2.2214080E-001, 2.6950000E-002, 2.1796509E-001, 2.6950000E-002, 1.7633601E-001, 2.6950000E-002, 1.1749840E-001, 2.6950000E-002, 1.1966043E-001, 3.6750000E-002, 4.9000852E-001, 2.6950000E-002, 3.5436712E-001, 2.6950000E-002, 2.3397236E-001, 2.6950000E-002, 1.3348292E-001, 2.6950000E-002, 1.7834983E-001, 3.6750000E-002,-3.9578742E-002, 2.6950000E-002, 4.2912669E-002, 2.6950000E-002,-7.4154969E-003, 2.6950000E-002,-6.9166819E-003, 2.6950000E-002,-1.1191872E-003, 2.6950000E-002, 1.1645493E+000, 2.6950000E-002,-5.8435256E-001, 2.6950000E-002,-6.3201263E-001, 2.6950000E-002,-5.8409045E-001, 2.6950000E-002, 3.3111941E-005, 2.6950000E-002,-5.8435256E-001, 2.6950000E-002, 1.4539364E-001, 2.6950000E-002,-1.5044409E+001, 2.6950000E-002, 0.0000000E+000, 2.6950000E-002, 4.6607312E+000
 3.7730000E-002, 7.7126456E+000, 2.7930000E-002, 7.5590803E+000, 2.7930000E-002, 7.3133959E+000, 2.7930000E-002, 6.9192426E+000, 2.7930000E-002, 6.7642089E+000, 3.7730000E-002,-7.0117977E-003, 2.7930000E-002,-2.6531971E-001, 2.7930000E-002,-3.4417563E-001, 2.7930000E-002,-1.7102525E-001, 2.7930000E-002,-1.2145615E-002, 3.7730000E-002, 2.4109834E-001, 2.7930000E-002, 2.1243785E-001, 2.7930000E-002, 1.7044073E-001, 2.7930000E-002, 1.1891416E-001, 2.7930000E-002, 1.1697185E-001, 3.7730000E-002, 4.9939940E-001, 2.7930000E-002, 3.3154953E-001, 2.7930000E-002, 2.2632844E-001, 2.7930000E-002, 1.3722313E-001, 2.7930000E-002, 1.6894709E-001, 3.7730000E-002,-3.8176428E-002, 2.7930000E-002, 3.8888284E-002, 2.7930000E-002,-6.7023766E-003, 2.7930000E-002,-9.5137074E-003, 2.7930000E-002, 1.8986377E-003, 2.7930000E-002, 1.1645493E+000, 2.7930000E-002,-6.5905756E-001, 2.7930000E-002,-6.8769950E-001, 2.7930000E-002,-6.2469396E-001, 2.7930000E-002, 3.3679680E-005, 2.7930000E-002,-6.5905756E-001, 2.7930000E-002, 1.5253015E-001, 2.7930000E-002,-1.5115612E+001, 2.7930000E-002, 0.0000000E+000, 2.7930000E-002, 4.8894982E+000
 3.8710000E-002, 7.7214894E+000, 2.8910000E-002, 7.5602893E+000, 2.8910000E-002, 7.3104506E+000, 2.8910000E-002, 6.9185238E+000, 2.8910000E-002, 6.7626026E+000, 3.8710000E-002,-1.1670758E-002, 2.8910000E-002,-2.5857426E-001, 2.8910000E-002,-3.3185673E-001, 2.8910000E-002,-1.6776335E-001, 2.8910000E-002,-1.0559295E-002, 3.8710000E-002, 2.3026412E-001, 2.8910000E-002, 2.1439042E-001, 2.8910000E-002, 1.6739102E-001, 2.8910000E-002, 1.1874866E-001, 2.8910000E-002, 1.1130467E-001, 3.8710000E-002, 5.2894073E-001, 2.8910000E-002, 3.3341809E-001, 2.8910000E-002, 2.3245063E-001, 2.8910000E-002, 1.3525721E-001, 2.8910000E-002, 1.6823290E-001, 3.8710000E-002,-2.6036205E-002, 2.8910000E-002, 3.4693407E-002, 2.8910000E-002,-1.2597475E-002, 2.8910000E-002,-8.1995695E-003, 2.8910000E-002, 3.0009084E-003, 2.8910000E-002, 1.1645493E+000, 2.8910000E-002,-7.3991004E-001, 2.8910000E-002,-7.4636367E-001, 2.8910000E-002,-6.7098032E-001, 2.8910000E-002, 3.4574102E-005, 2.8910000E-002,-7.3991004E-001, 2.8910000E-002, 1.5999139E-001, 2.8910000E-002,-1.5179126E+001, 2.8910000E-002, 0.0000000E+000, 2.8910000E-002, 5.1286749E+000
 3.9690000E-002, 7.7230571E+000, 2.9890000E-002, 7.5562465E+000, 2.9890000E-002, 7.3076810E+000, 2.9890000E-002, 6.9276371E+000, 2.9890000E-002, 6.7694626E+000, 3.9690000E-002,-1.4689853E-002, 2.9890000E-002,-2.4507445E-001, 2.9890000E-002,-3.1876313E-001, 2.9890000E-002,-1.6298172E-001, 2.9890000E-002,-9.8657203E-003, 3.9690000E-002, 2.2779391E-001, 2.9890000E-002, 2.1159002E-001, 2.9890000E-002, 1.6882257E-001, 2.9890000E-002, 1.1438602E-001, 2.9890000E-002, 1.0824620E-001, 3.9690000E-002, 5.5182952E-001, 2.9890000E-002, 3.2818986E-001, 2.9890000E-002, 2.2811871E-001, 2.9890000E-002, 1.3268020E-001, 2.9890000E-002, 1.6151850E-001, 3.9690000E-002,-3.3727794E-002, 2.9890000E-002, 3.3668064E-002, 2.9890000E-002,-9.7223720E-003, 2.9890000E-002,-7.1403348E-003, 2.9890000E-002, 6.4590205E-003, 2.9890000E-002, 1.1645493E+000, 2.9890000E-002,-8.2079691E-001, 2.9890000E-002,-8.0447992E-001, 2.9890000E-002,-7.1860484E-001, 2.9890000E-002, 3.5532164E-005, 2.9890000E-002,-8.2079691E-001, 2.9890000E-002, 1.6757389E-001, 2.9890000E-002,-1.5236308E+001, 2.9890000E-002, 0.0000000E+000, 2.9890000E-002, 5.3717385E+000
 4.0670000E-002, 7.7265869E+000, 3.0870000E-002, 7.5559440E+000, 3.0870000E-002, 7.3076207E+000, 3.0870000E-002, 6.9296210E+000, 3.0870000E-002, 6.7778504E+000, 4.0670000E-002,-1.1178174E-002, 3.0870000E-002,-2.3064782E-001, 3.0870000E-002,-3.0305450E-001, 3.0870000E-002,-1.5912168E-001, 3.0870000E-002,-1.3249943E-002, 4.0670000E-002, 2.4554385E-001, 3.0870000E-002, 2.0453039E-001, 3.0870000E-002, 1.6718075E-001, 3.0870000E-002, 1.1163504E-001, 3.0870000E-002, 1.0476324E-001, 4.0670000E-002, 5.4044749E-001, 3.0870000E-002, 3.1259004E-001, 3.0870000E-002, 2.2671552E-001, 3.0870000E-002, 1.2679832E-001, 3.0870000E-002, 1.5490050E-001, 4.0670000E-002,-4.7236912E-002, 3.0870000E-002, 3.2220277E-002, 3.0870000E-002,-8.5499052E-003, 3.0870000E-002,-9.0322251E-003, 3.0870000E-002, 1.0156158E-002, 3.0870000E-002, 1.1645493E+000, 3.0870000E-002,-8.9785149E-001, 3.0870000E-002,-8.5771446E-001, 3.0870000E-002,-7.5288207E-001, 3.0870000E-002, 3.6020289E-005, 3.0870000E-002,-8.9785149E-001, 3.0870000E-002, 1.7460590E-001, 3.0870000E-002,-1.5286629E+001, 3.0870000E-002, 0.0000000E+000, 3.0870000E-002, 5.5971558E+000
 4.1650000E-002, 7.7278380E+000, 3.1850000E-002, 7.5399568E+000, 3.1850000E-002, 7.2954718E+000, 3.1850000E-002, 6.9278092E+000, 3.1850000E-002, 6.7824846E+000, 4.1650000E-002,-8.3622283E-003, 3.1850000E-002,-2.2663156E-001, 3.1850000E-002,-2.9154304E-001, 3.1850000E-002,-1.5339800E-001, 3.1850000E-002,-1.4607928E-002, 4.1650000E-002, 2.3640053E-001, 3.1850000E-002, 2.0225339E-001, 3.1850000E-002, 1.6730600E-001, 3.1850000E-002, 1.0993939E-001, 3.1850000E-002, 1.0459005E-001, 4.1650000E-002, 5.2805284E-001, 3.1850000E-002, 3.1135271E-001, 3.1850000E-002, 2.2434953E-001, 3.1850000E-002, 1.2808498E-001, 3.1850000E-002, 1.5070520E-001, 4.1650000E-002,-5.5928709E-002, 3.1850000E-002, 3.9708933E-002, 3.1850000E-002,-8.7709909E-003, 3.1850000E-002,-7.0087029E-003, 3.1850000E-002, 7.3617212E-003, 3.1850000E-002, 1.1645493E+000, 3.1850000E-002,-8.9785149E-001, 3.1850000E-002,-8.5771446E-001, 3.1850000E-002,-7.5288207E-001, 3.1850000E-002, 3.6301043E-005, 3.1850000E-002,-8.9785149E-001, 3.1850000E-002, 1.8116207E-001, 3.1850000E-002,-1.5329650E+001, 3.1850000E-002, 0.0000000E+000, 3.1850000E-002, 5.8073195E+000
 4.2630000E-002, 7.7210232E+000, 3.2830000E-002, 7.5253230E+000, 3.2830000E-002, 7.2948902E+000, 3.2830000E-002, 6.9380518E+000, 3.2830000E-002, 6.7834576E+000, 4.2630000E-002,-9.0888974E-003, 3.2830000E-002,-2.1529481E-001, 3.2830000E-002,-2.7765826E-001, 3.2830000E-002,-1.4955605E-001, 3.2830000E-002,-1.5893312E-002, 4.2630000E-002, 2.1282890E-001, 3.2830000E-002, 1.9786487E-001, 3.2830000E-002, 1.6768931E-001, 3.2830000E-002, 1.1266308E-001, 3.2830000E-002, 1.0213963E-001, 4.2630000E-002, 4.9960782E-001, 3.2830000E-002, 2.9865597E-001, 3.2830000E-002, 2.2695650E-001, 3.2830000E-002, 1.2974864E-001, 3.2830000E-002, 1.5027405E-001, 4.2630000E-002,-4.5072760E-002, 3.2830000E-002, 4.4329039E-002, 3.2830000E-002,-7.5974118E-003, 3.2830000E-002,-8.8391690E-003, 3.2830000E-002, 8.0488512E-003, 3.2830000E-002, 1.1645493E+000, 3.2830000E-002,-1.0433112E+000, 3.2830000E-002,-9.5492299E-001, 3.2830000E-002,-8.0694629E-001, 3.2830000E-002, 3.6096230E-005, 3.2830000E-002,-1.0433112E+000, 3.2830000E-002, 1.8706928E-001, 3.2830000E-002,-1.5354514E+001, 3.2830000E-002, 0.0000000E+000, 3.2830000E-002, 5.9966800E+000
 4.3610000E-002, 7.7175762E+000, 3.3810000E-002, 7.5161552E+000, 3.3810000E-002, 7.2966663E+000, 3.3810000E-002, 6.9428727E+000, 3.3810000E-002, 6.7853829E+000, 4.3610000E-002,-5.0152440E-003, 3.3810000E-002,-2.0773302E-001, 3.3810000E-002,-2.6538816E-001, 3.3810000E-002,-1.4578930E-001, 3.3810000E-002,-1.6382313E-002, 4.3610000E-002, 2.0933052E-001, 3.3810000E-002, 2.0127166E-001, 3.3810000E-002, 1.6213632E-001, 3.3810000E-002, 1.1252006E-001, 3.3810000E-002, 9.7334132E-002, 4.3610000E-002, 4.9795100E-001, 3.3810000E-002, 2.9397458E-001, 3.3810000E-002, 2.2831403E-001, 3.3810000E-002, 1.2251069E-001, 3.3810000E-002, 1.4932448E-001, 4.3610000E-002,-4.0192676E-002, 3.3810000E-002, 4.0077937E-002, 3.3810000E-002,-8.8506137E-003, 3.3810000E-002,-8.4907713E-003, 3.3810000E-002, 8.8965976E-003, 3.3810000E-002, 1.1645493E+000, 3.3810000E-002,-1.1036254E+000, 3.3810000E-002,-1.0027090E+000, 3.3810000E-002,-8.3532013E-001, 3.3810000E-002, 3.5940928E-005, 3.3810000E-002,-1.1036254E+000, 3.3810000E-002, 1.9244201E-001, 3.3810000E-002,-1.5369991E+001, 3.3810000E-002, 0.0000000E+000, 3.3810000E-002, 6.1689076E+000
 4.4590000E-002, 7.7274772E+000, 3.4790000E-002, 7.5312160E+000, 3.4790000E-002, 7.3090737E+000, 3.4790000E-002, 6.9509993E+000, 3.4790000E-002, 6.7889948E+000, 4.4590000E-002,-5.7913291E-003, 3.4790000E-002,-1.9896103E-001, 3.4790000E-002,-2.5793601E-001, 3.4790000E-002,-1.4159042E-001, 3.4790000E-002,-1.2528038E-002, 4.4590000E-002, 2.0737837E-001, 3.4790000E-002, 2.0555296E-001, 3.4790000E-002, 1.6504967E-001, 3.4790000E-002, 1.1231255E-001, 3.4790000E-002, 9.3352739E-002, 4.4590000E-002, 4.8559639E-001, 3.4790000E-002, 2.9909209E-001, 3.4790000E-002, 2.2848534E-001, 3.4790000E-002, 1.1521002E-001, 3.4790000E-002, 1.4765889E-001, 4.4590000E-002,-3.4084626E-002, 3.4790000E-002, 3.6609646E-002, 3.4790000E-002,-5.1399792E-003, 3.4790000E-002,-5.3936330E-003, 3.4790000E-002, 1.1337009E-002, 3.4790000E-002, 1.1645493E+000, 3.4790000E-002,-1.1604485E+000, 3.4790000E-002,-1.0483582E+000, 3.4790000E-002,-8.6942147E-001, 3.4790000E-002, 3.6740273E-005, 3.4790000E-002,-1.1604485E+000, 3.4790000E-002, 1.9822821E-001, 3.4790000E-002,-1.5371828E+001, 3.4790000E-002, 0.0000000E+000, 3.4790000E-002, 6.3543889E+000
 4.5570000E-002, 7.7353774E+000, 3.5770000E-002, 7.5331669E+000, 3.5770000E-002, 7.3134550E+000, 3.5770000E-002, 6.9621794E+000, 3.5770000E-002, 6.7996268E+000, 4.5570000E-002,-9.8599099E-003, 3.5770000E-002,-1.9339013E-001, 3.5770000E-002,-2.4452568E-001, 3.5770000E-002,-1.3607966E-001, 3.5770000E-002,-1.1686885E-002, 4.5570000E-002, 1.9728490E-001, 3.5770000E-002, 2.0100020E-001, 3.5770000E-002, 1.5808018E-001, 3.5770000E-002, 1.0920449E-001, 3.5770000E-002, 9.2111388E-002, 4.5570000E-002, 4.9861731E-001, 3.5770000E-002, 3.0856632E-001, 3.5770000E-002, 2.3764196E-001, 3.5770000E-002, 1.1820675E-001, 3.5770000E-002, 1.4221823E-001, 4.5570000E-002,-3.7221734E-002, 3.5770000E-002, 3.2037056E-002, 3.5770000E-002,-7.8282991E-003, 3.5770000E-002,-4.7249280E-003, 3.5770000E-002, 1.1288264E-002, 3.5770000E-002, 1.1645493E+000, 3.5770000E-002,-1.2169617E+000, 3.5770000E-002,-1.0818219E+000, 3.5770000E-002,-8.8205728E-001, 3.5770000E-002, 3.6949460E-005, 3.5770000E-002,-1.2169617E+000, 3.5770000E-002, 2.0309861E-001, 3.5770000E-002,-1.5349971E+001, 3.5770000E-002, 0.0000000E+000, 3.5770000E-002, 6.5105138E+000
 4.6550000E-002, 7.7284370E+000, 3.6750000E-002, 7.5302429E+000, 3.6750000E-002, 7.3184645E+000, 3.6750000E-002, 6.9712880E+000, 3.6750000E-002, 6.8080637E+000, 4.6550000E-002,-9.6428077E-003, 3.6750000E-002,-1.8610415E-001, 3.6750000E-002,-2.3187159E-001, 3.6750000E-002,-1.2619220E-001, 3.6750000E-002,-1.1348239E-002, 4.6550000E-002, 2.1185192E-001, 3.6750000E-002, 1.9716261E-001, 3.6750000E-002, 1.5780971E-001, 3.6750000E-002, 1.0766620E-001, 3.6750000E-002, 9.4539716E-002, 4.6550000E-002, 5.1115826E-001, 3.6750000E-002, 3.1427867E-001, 3.6750000E-002, 2.3001526E-001, 3.6750000E-002, 1.2345516E-001, 3.6750000E-002, 1.4016895E-001, 4.6550000E-002,-4.0129294E-002, 3.6750000E-002, 4.0420618E-002, 3.6750000E-002,-1.1222351E-002, 3.6750000E-002,-3.9435934E-003, 3.6750000E-002, 1.1050548E-002, 3.6750000E-002, 1.1645493E+000, 3.6750000E-002,-1.2635591E+000, 3.6750000E-002,-1.0986074E+000, 3.6750000E-002,-8.8165503E-001, 3.6750000E-002, 3.7119544E-005, 3.6750000E-002,-1.2635591E+000, 3.6750000E-002, 2.0690773E-001, 3.6750000E-002,-1.5302042E+001, 3.6750000E-002, 0.0000000E+000, 3.6750000E-002, 6.6326185E+000
 4.7530000E-002, 7.7326337E+000, 3.7730000E-002, 7.5315966E+000, 3.7730000E-002, 7.3235019E+000, 3.7730000E-002, 6.9787056E+000, 3.7730000E-002, 6.8138239E+000, 4.7530000E-002,-1.0163393E-002, 3.7730000E-002,-1.7640380E-001, 3.7730000E-002,-2.1871871E-001, 3.7730000E-002,-1.2066005E-001, 3.7730000E-002,-1.1121361E-002, 4.7530000E-002, 2.1551665E-001, 3.7730000E-002, 2.0259627E-001, 3.7730000E-002, 1.6572163E-001, 3.7730000E-002, 1.1260833E-001, 3.7730000E-002, 9.5095954E-002, 4.7530000E-002, 5.2737139E-001, 3.7730000E-002, 3.0566880E-001, 3.7730000E-002, 2.2063051E-001, 3.7730000E-002, 1.2561522E-001, 3.7730000E-002, 1.3951203E-001, 4.7530000E-002,-3.3232596E-002, 3.7730000E-002, 3.2678027E-002, 3.7730000E-002,-9.4274824E-003, 3.7730000E-002,-5.0789037E-003, 3.7730000E-002, 8.7773545E-003, 3.7730000E-002, 1.1645493E+000, 3.7730000E-002,-1.2951591E+000, 3.7730000E-002,-1.1104289E+000, 3.7730000E-002,-8.7172637E-001, 3.7730000E-002, 3.7238666E-005, 3.7730000E-002,-1.2951591E+000, 3.7730000E-002, 2.1066371E-001, 3.7730000E-002,-1.5217639E+001, 3.7730000E-002, 0.0000000E+000, 3.7730000E-002, 6.7530195E+000
 4.8510000E-002, 7.7272855E+000, 3.8710000E-002, 7.5262158E+000, 3.8710000E-002, 7.3209115E+000, 3.8710000E-002, 6.9807860E+000, 3.8710000E-002, 6.8096879E+000, 4.8510000E-002,-6.6055419E-003, 3.8710000E-002,-1.6957996E-001, 3.8710000E-002,-2.0501311E-001, 3.8710000E-002,-1.1849329E-001, 3.8710000E-002,-1.1208459E-002, 4.8510000E-002, 2.2567597E-001, 3.8710000E-002, 1.9400999E-001, 3.8710000E-002, 1.5554526E-001, 3.8710000E-002, 1.0796252E-001, 3.8710000E-002, 9.6280098E-002, 4.8510000E-002, 5.1391666E-001, 3.8710000E-002, 2.9848028E-001, 3.8710000E-002, 2.1457516E-001, 3.8710000E-002, 1.2838362E-001, 3.8710000E-002, 1.4650669E-001, 4.8510000E-002, 2.5472345E-002, 3.8710000E-002, 2.2819460E-002, 3.8710000E-002,-9.8344430E-003, 3.8710000E-002,-6.8448912E-003, 3.8710000E-002, 1.3610078E-002, 3.8710000E-002, 1.1645493E+000, 3.8710000E-002,-1.3153252E+000, 3.8710000E-002,-1.1133256E+000, 3.8710000E-002,-8.5513811E-001, 3.8710000E-002, 3.7866955E-005, 3.8710000E-002,-1.3153252E+000, 3.8710000E-002, 2.1291740E-001, 3.8710000E-002,-1.5083239E+001, 3.8710000E-002, 0.0000000E+000, 3.8710000E-002, 6.8252634E+000
 4.9490000E-002, 7.7048311E+000, 3.9690000E-002, 7.5216402E+000, 3.9690000E-002, 7.3114176E+000, 3.9690000E-002, 6.9820968E+000, 3.9690000E-002, 6.8027837E+000, 4.9490000E-002,-6.6055419E-003, 3.9690000E-002,-1.6202392E-001, 3.9690000E-002,-1.9611551E-001, 3.9690000E-002,-1.1300093E-001, 3.9690000E-002,-9.0453254E-003, 4.9490000E-002, 2.3531515E-001, 3.9690000E-002, 1.9260285E-001, 3.9690000E-002, 1.5519380E-001, 3.9690000E-002, 1.0778686E-001, 3.9690000E-002, 9.5902519E-002, 4.9490000E-002, 5.1391666E-001, 3.9690000E-002, 3.0896257E-001, 3.9690000E-002, 2.1974010E-001, 3.9690000E-002, 1.3044083E-001, 3.9690000E-002, 1.4788887E-001, 4.9490000E-002,-7.5115325E-002, 3.9690000E-002, 2.8985607E-002, 3.9690000E-002,-1.0435236E-002, 3.9690000E-002,-4.3583050E-003, 3.9690000E-002, 1.4081479E-002, 3.9690000E-002, 1.1645493E+000, 3.9690000E-002,-1.3153252E+000, 3.9690000E-002,-1.1133256E+000, 3.9690000E-002,-8.5513811E-001, 3.9690000E-002, 3.8081401E-005, 3.9690000E-002,-1.3153252E+000, 3.9690000E-002, 2.1495678E-001, 3.9690000E-002,-1.4901149E+001, 3.9690000E-002, 0.0000000E+000, 3.9690000E-002, 6.8906376E+000
 5.0470000E-002, 7.7001637E+000, 4.0670000E-002, 7.5186018E+000, 4.0670000E-002, 7.3130985E+000, 4.0670000E-002, 6.9847112E+000, 4.0670000E-002, 6.8059782E+000, 5.0470000E-002, 6.3166803E-004, 4.0670000E-002,-1.4743557E-001, 4.0670000E-002,-1.8199809E-001, 4.0670000E-002,-1.0950647E-001, 4.0670000E-002,-6.5259414E-003, 5.0470000E-002, 2.3594124E-001, 4.0670000E-002, 1.9327141E-001, 4.0670000E-002, 1.5325019E-001, 4.0670000E-002, 1.0808316E-001, 4.0670000E-002, 9.1463304E-002, 5.0470000E-002, 4.8898491E-001, 4.0670000E-002, 3.1356118E-001, 4.0670000E-002, 2.2973372E-001, 4.0670000E-002, 1.3516386E-001, 4.0670000E-002, 1.4559039E-001, 5.0470000E-002, 4.2496539E-002, 4.0670000E-002, 3.2535981E-002, 4.0670000E-002,-1.2434214E-002, 4.0670000E-002,-8.8839557E-003, 4.0670000E-002, 1.3075228E-002, 4.0670000E-002, 1.1645493E+000, 4.0670000E-002,-1.3303026E+000, 4.0670000E-002,-1.1071929E+000, 4.0670000E-002,-8.3027904E-001, 4.0670000E-002, 3.8444072E-005, 4.0670000E-002,-1.3303026E+000, 4.0670000E-002, 2.1712228E-001, 4.0670000E-002,-1.4678628E+001, 4.0670000E-002, 0.0000000E+000, 4.0670000E-002, 6.9600543E+000
 5.1450000E-002, 7.7070849E+000, 4.1650000E-002, 7.5193758E+000, 4.1650000E-002, 7.3256018E+000, 4.1650000E-002, 6.9901110E+000, 4.1650000E-002, 6.8161489E+000, 5.1450000E-002, 6.3166803E-004, 4.1650000E-002,-1.3642453E-001, 4.1650000E-002,-1.7262988E-001, 4.1650000E-002,-1.0491983E-001, 4.1650000E-002,-4.3917359E-003, 5.1450000E-002, 2.5357690E-001, 4.1650000E-002, 1.9346485E-001, 4.1650000E-002, 1.5848128E-001, 4.1650000E-002, 1.0791569E-001, 4.1650000E-002, 9.1407434E-002, 5.1450000E-002, 4.8898491E-001, 4.1650000E-002, 3.0939890E-001, 4.1650000E-002, 2.3400630E-001, 4.1650000E-002, 1.3747559E-001, 4.1650000E-002, 1.4227233E-001, 5.1450000E-002,-3.9493864E-002, 4.1650000E-002, 3.1728722E-002, 4.1650000E-002,-1.1517803E-002, 4.1650000E-002,-9.4676157E-003, 4.1650000E-002, 8.7594807E-003, 4.1650000E-002, 1.1645493E+000, 4.1650000E-002,-1.3334319E+000, 4.1650000E-002,-1.0816310E+000, 4.1650000E-002,-7.8350167E-001, 4.1650000E-002, 3.8873485E-005, 4.1650000E-002,-1.3334319E+000, 4.1650000E-002, 2.1802769E-001, 4.1650000E-002,-1.4416854E+001, 4.1650000E-002, 0.0000000E+000, 4.1650000E-002, 6.9890781E+000
 5.2430000E-002, 7.7142567E+000, 4.2630000E-002, 7.5218295E+000, 4.2630000E-002, 7.3307227E+000, 4.2630000E-002, 6.9986094E+000, 4.2630000E-002, 6.8148235E+000, 5.2430000E-002, 1.0219593E-003, 4.2630000E-002,-1.2994357E-001, 4.2630000E-002,-1.6229623E-001, 4.2630000E-002,-9.7490790E-002, 4.2630000E-002,-7.3246410E-003, 5.2430000E-002, 2.3930320E-001, 4.2630000E-002, 1.8757600E-001, 4.2630000E-002, 1.5942454E-001, 4.2630000E-002, 1.0544874E-001, 4.2630000E-002, 9.2022980E-002, 5.2430000E-002, 5.3233954E-001, 4.2630000E-002, 3.1587886E-001, 4.2630000E-002, 2.3933969E-001, 4.2630000E-002, 1.3983049E-001, 4.2630000E-002, 1.3880116E-001, 5.2430000E-002, 7.2665074E-002, 4.2630000E-002, 2.5373125E-002, 4.2630000E-002,-1.1572653E-002, 4.2630000E-002,-8.6787675E-003, 4.2630000E-002, 4.7912932E-003, 4.2630000E-002, 1.1645493E+000, 4.2630000E-002,-1.3334319E+000, 4.2630000E-002,-1.0816310E+000, 4.2630000E-002,-7.8350167E-001, 4.2630000E-002, 3.8896226E-005, 4.2630000E-002,-1.3334319E+000, 4.2630000E-002, 2.1859704E-001, 4.2630000E-002,-1.4114835E+001, 4.2630000E-002, 0.0000000E+000, 4.2630000E-002, 7.0073293E+000
 5.3410000E-002, 7.7266783E+000, 4.3610000E-002, 7.5167169E+000, 4.3610000E-002, 7.3294252E+000, 4.3610000E-002, 7.0013244E+000, 4.3610000E-002, 6.8114175E+000, 5.3410000E-002, 1.0219593E-003, 4.3610000E-002,-1.2373870E-001, 4.3610000E-002,-1.5427066E-001, 4.3610000E-002,-9.3772652E-002, 4.3610000E-002,-9.2331874E-003, 5.3410000E-002, 2.0973144E-001, 4.3610000E-002, 1.9722902E-001, 4.3610000E-002, 1.6400616E-001, 4.3610000E-002, 1.0653418E-001, 4.3610000E-002, 9.2315001E-002, 5.3410000E-002, 5.3233954E-001, 4.3610000E-002, 3.1866914E-001, 4.3610000E-002, 2.3419787E-001, 4.3610000E-002, 1.4151185E-001, 4.3610000E-002, 1.3583220E-001, 5.3410000E-002,-3.1404474E-002, 4.3610000E-002, 2.9078184E-002, 4.3610000E-002,-1.3667430E-002, 4.3610000E-002,-7.1421761E-003, 4.3610000E-002, 5.2323551E-003, 4.3610000E-002, 1.1645493E+000, 4.3610000E-002,-1.2997544E+000, 4.3610000E-002,-1.0382851E+000, 4.3610000E-002,-7.2550208E-001, 4.3610000E-002, 3.9301522E-005, 4.3610000E-002,-1.2997544E+000, 4.3610000E-002, 2.1885319E-001, 4.3610000E-002,-1.3792017E+001, 4.3610000E-002, 0.0000000E+000, 4.3610000E-002, 7.0155367E+000
 5.4390000E-002, 7.7375508E+000, 4.4590000E-002, 7.5089251E+000, 4.4590000E-002, 7.3271292E+000, 4.4590000E-002, 7.0065412E+000, 4.4590000E-002, 6.8096622E+000, 5.4390000E-002, 6.2771559E-004, 4.4590000E-002,-1.1896021E-001, 4.4590000E-002,-1.3988165E-001, 4.4590000E-002,-8.6561889E-002, 4.4590000E-002,-9.6048319E-003, 5.4390000E-002, 2.0596182E-001, 4.4590000E-002, 1.9608261E-001, 4.4590000E-002, 1.5816125E-001, 4.4590000E-002, 1.0798990E-001, 4.4590000E-002, 9.2958415E-002, 5.4390000E-002, 5.4971753E-001, 4.4590000E-002, 3.0859164E-001, 4.4590000E-002, 2.3572422E-001, 4.4590000E-002, 1.3874195E-001, 4.4590000E-002, 1.3990623E-001, 5.4390000E-002,-5.3549389E-002, 4.4590000E-002, 2.9855382E-002, 4.4590000E-002,-8.0968897E-003, 4.4590000E-002,-9.6162368E-003, 4.4590000E-002, 1.2786340E-002, 4.4590000E-002, 1.1645493E+000, 4.4590000E-002,-1.2997544E+000, 4.4590000E-002,-1.0382851E+000, 4.4590000E-002,-7.2550208E-001, 4.4590000E-002, 3.9885644E-005, 4.4590000E-002,-1.2997544E+000, 4.4590000E-002, 2.1837353E-001, 4.4590000E-002,-1.3432453E+001, 4.4590000E-002, 0.0000000E+000, 4.4590000E-002, 7.0001573E+000
 5.5370000E-002, 7.7414793E+000, 4.5570000E-002, 7.5085576E+000, 4.5570000E-002, 7.3378661E+000, 4.5570000E-002, 7.0157696E+000, 4.5570000E-002, 6.8041677E+000, 5.5370000E-002,-5.5416157E-003, 4.5570000E-002,-1.0270330E-001, 4.5570000E-002,-1.3134374E-001, 4.5570000E-002,-7.9894570E-002, 4.5570000E-002,-6.2953666E-003, 5.5370000E-002, 2.2874017E-001, 4.5570000E-002, 1.8379863E-001, 4.5570000E-002, 1.5729928E-001, 4.5570000E-002, 1.0729695E-001, 4.5570000E-002, 8.8668092E-002, 5.5370000E-002, 5.1562311E-001, 4.5570000E-002, 3.1285666E-001, 4.5570000E-002, 2.3635141E-001, 4.5570000E-002, 1.3196154E-001, 4.5570000E-002, 1.3353213E-001, 5.5370000E-002,-8.8649321E-002, 4.5570000E-002, 3.1264820E-002, 4.5570000E-002,-1.2741637E-002, 4.5570000E-002,-7.9088086E-003, 4.5570000E-002, 1.2657954E-002, 4.5570000E-002, 1.1645493E+000, 4.5570000E-002,-1.2721379E+000, 4.5570000E-002,-1.0109549E+000, 4.5570000E-002,-6.9956110E-001, 4.5570000E-002, 4.0530397E-005, 4.5570000E-002,-1.2721379E+000, 4.5570000E-002, 2.1791845E-001, 4.5570000E-002,-1.3040972E+001, 4.5570000E-002, 0.0000000E+000, 4.5570000E-002, 6.9855678E+000
 5.6350000E-002, 7.7374758E+000, 4.6550000E-002, 7.5202550E+000, 4.6550000E-002, 7.3429086E+000, 4.6550000E-002, 7.0068564E+000, 4.6550000E-002, 6.7988672E+000, 5.6350000E-002,-9.8876447E-003, 4.6550000E-002,-8.7248826E-002, 4.6550000E-002,-1.0878050E-001, 4.6550000E-002,-6.6067244E-002, 4.6550000E-002, 1.0916923E-003, 5.6350000E-002, 2.2662224E-001, 4.6550000E-002, 1.8131584E-001, 4.6550000E-002, 1.5147136E-001, 4.6550000E-002, 1.0530648E-001, 4.6550000E-002, 8.7850849E-002, 5.6350000E-002, 4.4740416E-001, 4.6550000E-002, 3.1712857E-001, 4.6550000E-002, 2.3284695E-001, 4.6550000E-002, 1.3015077E-001, 4.6550000E-002, 1.2681184E-001, 5.6350000E-002,-9.8591207E-002, 4.6550000E-002,-1.3594530E-002, 4.6550000E-002, 2.2556270E-002, 4.6550000E-002, 1.0099956E-002, 4.6550000E-002,-3.2236766E-003, 4.6550000E-002, 1.1645493E+000, 4.6550000E-002,-1.2421270E+000, 4.6550000E-002,-9.8368931E-001, 4.6550000E-002,-6.7156021E-001, 4.6550000E-002, 4.0473187E-005, 4.6550000E-002,-1.2421270E+000, 4.6550000E-002, 2.1718110E-001, 4.6550000E-002,-1.2619482E+001, 4.6550000E-002, 0.0000000E+000, 4.6550000E-002, 6.9619349E+000
 5.7330000E-002, 7.7135448E+000, 4.7530000E-002, 7.5197808E+000, 4.7530000E-002, 7.3305738E+000, 4.7530000E-002, 6.9985723E+000, 4.7530000E-002, 6.8009683E+000, 5.7330000E-002,-7.4957257E-003, 4.7530000E-002,-8.7248826E-002, 4.7530000E-002,-1.0878050E-001, 4.7530000E-002,-6.6067244E-002, 4.7530000E-002, 1.0916923E-003, 5.7330000E-002, 2.3861549E-001, 4.7530000E-002, 1.8181638E-001, 4.7530000E-002, 1.5532667E-001, 4.7530000E-002, 1.0577098E-001, 4.7530000E-002, 8.6990720E-002, 5.7330000E-002, 3.7035322E-001, 4.7530000E-002, 3.1712857E-001, 4.7530000E-002, 2.3284695E-001, 4.7530000E-002, 1.3015077E-001, 4.7530000E-002, 1.2681184E-001, 5.7330000E-002,-1.0599770E-001, 4.7530000E-002, 2.8695583E-002, 4.7530000E-002,-1.4054776E-002, 4.7530000E-002,-6.9571515E-003, 4.7530000E-002, 7.8653547E-003, 4.7530000E-002, 1.1645493E+000, 4.7530000E-002,-1.1529315E+000, 4.7530000E-002,-8.9943703E-001, 4.7530000E-002,-5.7817225E-001, 4.7530000E-002, 4.1107248E-005, 4.7530000E-002,-1.1529315E+000, 4.7530000E-002, 2.1561622E-001, 4.7530000E-002,-1.2177750E+001, 4.7530000E-002, 0.0000000E+000, 4.7530000E-002, 6.9117763E+000
 5.8310000E-002, 7.6756071E+000, 4.8510000E-002, 7.5078428E+000, 4.8510000E-002, 7.3142644E+000, 4.8510000E-002, 6.9952187E+000, 4.8510000E-002, 6.8013973E+000, 5.8310000E-002,-4.7563661E-003, 4.8510000E-002,-7.9425176E-002, 4.8510000E-002,-9.3108767E-002, 4.8510000E-002,-5.3884301E-002, 4.8510000E-002,-2.9314758E-003, 5.8310000E-002, 3.3585089E-001, 4.8510000E-002, 1.9029533E-001, 4.8510000E-002, 1.6098429E-001, 4.8510000E-002, 1.0870807E-001, 4.8510000E-002, 9.0407514E-002, 5.8310000E-002, 2.0186964E-001, 4.8510000E-002, 2.9946331E-001, 4.8510000E-002, 2.2900981E-001, 4.8510000E-002, 1.2849186E-001, 4.8510000E-002, 1.3545474E-001, 5.8310000E-002,-1.0163348E-001, 4.8510000E-002,-1.1752591E-002, 4.8510000E-002, 1.3802955E-002, 4.8510000E-002, 1.1410905E-002, 4.8510000E-002,-1.1450001E-002, 4.8510000E-002, 1.1645493E+000, 4.8510000E-002,-1.1041377E+000, 4.8510000E-002,-8.4365600E-001, 4.8510000E-002,-5.1920368E-001, 4.8510000E-002, 4.1077611E-005, 4.8510000E-002,-1.1041377E+000, 4.8510000E-002, 2.1476864E-001, 4.8510000E-002,-1.1705293E+001, 4.8510000E-002, 0.0000000E+000, 4.8510000E-002, 6.8846065E+000
NaN,NaN, 4.9490000E-002, 7.4903950E+000, 4.9490000E-002, 7.3092561E+000, 4.9490000E-002, 6.9887153E+000, 4.9490000E-002, 6.7945541E+000,NaN,NaN, 4.9490000E-002,-7.9425176E-002, 4.9490000E-002,-9.3108767E-002, 4.9490000E-002,-5.3884301E-002, 4.9490000E-002,-2.9314758E-003,NaN,NaN, 4.9490000E-002, 1.9531641E-001, 4.9490000E-002, 1.5647767E-001, 4.9490000E-002, 1.1014856E-001, 4.9490000E-002, 8.9277674E-002,NaN,NaN, 4.9490000E-002, 2.9946331E-001, 4.9490000E-002, 2.2900981E-001, 4.9490000E-002, 1.2849186E-001, 4.9490000E-002, 1.3545474E-001,NaN,NaN, 4.9490000E-002, 2.6932826E-002, 4.9490000E-002,-1.5062714E-002, 4.9490000E-002,-6.5309178E-003, 4.9490000E-002, 4.0733542E-003, 4.9490000E-002, 1.1645493E+000, 4.9490000E-002,-1.1041377E+000, 4.9490000E-002,-8.4365600E-001, 4.9490000E-002,-5.1920368E-001, 4.9490000E-002, 4.1225390E-005, 4.9490000E-002,-1.1041377E+000, 4.9490000E-002, 2.1246794E-001, 4.9490000E-002,-1.1214001E+001, 4.9490000E-002, 0.0000000E+000, 4.9490000E-002, 6.8108449E+000
NaN,NaN, 5.0470000E-002, 7.4777284E+000, 5.0470000E-002, 7.3052299E+000, 5.0470000E-002, 6.9939078E+000, 5.0470000E-002, 6.7969739E+000,NaN,NaN, 5.0470000E-002,-6.9838685E-002, 5.0470000E-002,-8.4439583E-002, 5.0470000E-002,-4.4783102E-002, 5.0470000E-002,-4.1895422E-003,NaN,NaN, 5.0470000E-002, 1.9042825E-001, 5.0470000E-002, 1.5320397E-001, 5.0470000E-002, 1.1274282E-001, 5.0470000E-002, 9.0074997E-002,NaN,NaN, 5.0470000E-002, 3.0348907E-001, 5.0470000E-002, 2.3234369E-001, 5.0470000E-002, 1.3067375E-001, 5.0470000E-002, 1.3172601E-001,NaN,NaN, 5.0470000E-002, 2.9778560E-002, 5.0470000E-002,-1.7527931E-002, 5.0470000E-002,-1.1044620E-002, 5.0470000E-002, 8.3789382E-003, 5.0470000E-002, 1.1645493E+000, 5.0470000E-002,-9.7862477E-001, 5.0470000E-002,-7.0769099E-001, 5.0470000E-002,-3.8388510E-001, 5.0470000E-002, 4.1627605E-005, 5.0470000E-002,-9.7862477E-001, 5.0470000E-002, 2.0940219E-001, 5.0470000E-002,-1.0717895E+001, 5.0470000E-002, 0.0000000E+000, 5.0470000E-002, 6.7125599E+000
NaN,NaN, 5.1450000E-002, 7.4859035E+000, 5.1450000E-002, 7.3165552E+000, 5.1450000E-002, 7.0014472E+000, 5.1450000E-002, 6.8070690E+000,NaN,NaN, 5.1450000E-002,-6.1233456E-002, 5.1450000E-002,-7.3823391E-002, 5.1450000E-002,-3.7785601E-002, 5.1450000E-002,-2.6274088E-003,NaN,NaN, 5.1450000E-002, 1.8793249E-001, 5.1450000E-002, 1.5284771E-001, 5.1450000E-002, 1.1053097E-001, 5.1450000E-002, 9.2201700E-002,NaN,NaN, 5.1450000E-002, 3.0577587E-001, 5.1450000E-002, 2.2378907E-001, 5.1450000E-002, 1.3741918E-001, 5.1450000E-002, 1.2426233E-001,NaN,NaN, 5.1450000E-002, 3.1548090E-002, 5.1450000E-002,-1.4217435E-002, 5.1450000E-002,-9.8157442E-003, 5.1450000E-002, 7.5935464E-003, 5.1450000E-002, 1.1645493E+000, 5.1450000E-002,-9.1572606E-001, 5.1450000E-002,-6.2572102E-001, 5.1450000E-002,-2.9592820E-001, 5.1450000E-002, 4.2056653E-005, 5.1450000E-002,-9.1572606E-001, 5.1450000E-002, 2.0696177E-001, 5.1450000E-002,-1.0222923E+001, 5.1450000E-002, 0.0000000E+000, 5.1450000E-002, 6.6343383E+000
NaN,NaN, 5.2430000E-002, 7.5081531E+000, 5.2430000E-002, 7.3326868E+000, 5.2430000E-002, 7.0118695E+000, 5.2430000E-002, 6.8157545E+000,NaN,NaN, 5.2430000E-002,-4.4449720E-002, 5.2430000E-002,-5.4177190E-002, 5.2430000E-002,-2.8804945E-002, 5.2430000E-002,-6.3450921E-003,NaN,NaN, 5.2430000E-002, 1.7910683E-001, 5.2430000E-002, 1.5404768E-001, 5.2430000E-002, 1.0810310E-001, 5.2430000E-002, 8.6940418E-002,NaN,NaN, 5.2430000E-002, 2.9152551E-001, 5.2430000E-002, 2.2666466E-001, 5.2430000E-002, 1.3446271E-001, 5.2430000E-002, 1.1853679E-001,NaN,NaN, 5.2430000E-002,-1.8198608E-002, 5.2430000E-002, 1.3797279E-002, 5.2430000E-002, 6.7575626E-003, 5.2430000E-002,-4.3193909E-003, 5.2430000E-002, 1.1645493E+000, 5.2430000E-002,-9.1572606E-001, 5.2430000E-002,-6.2572102E-001, 5.2430000E-002,-2.9592820E-001, 5.2430000E-002, 4.2430828E-005, 5.2430000E-002,-9.1572606E-001, 5.2430000E-002, 2.0457781E-001, 5.2430000E-002,-9.7306664E+000, 5.2430000E-002, 0.0000000E+000, 5.2430000E-002, 6.5579309E+000
NaN,NaN, 5.3410000E-002, 7.5243265E+000, 5.3410000E-002, 7.3436352E+000, 5.3410000E-002, 7.0211779E+000, 5.3410000E-002, 6.8158860E+000,NaN,NaN, 5.3410000E-002,-4.4449720E-002, 5.3410000E-002,-5.4177190E-002, 5.3410000E-002,-2.8804945E-002, 5.3410000E-002,-6.3450921E-003,NaN,NaN, 5.3410000E-002, 1.8521582E-001, 5.3410000E-002, 1.4941919E-001, 5.3410000E-002, 1.0602317E-001, 5.3410000E-002, 8.5986372E-002,NaN,NaN, 5.3410000E-002, 2.9152551E-001, 5.3410000E-002, 2.2666466E-001, 5.3410000E-002, 1.3446271E-001, 5.3410000E-002, 1.1853679E-001,NaN,NaN, 5.3410000E-002, 1.9500634E-002, 5.3410000E-002,-1.6311794E-002, 5.3410000E-002,-1.2732083E-002, 5.3410000E-002, 1.0876047E-002, 5.3410000E-002, 1.1645493E+000, 5.3410000E-002,-8.4873717E-001, 5.3410000E-002,-5.3396604E-001, 5.3410000E-002,-2.1447289E-001, 5.3410000E-002, 4.2552914E-005, 5.3410000E-002,-8.4873717E-001, 5.3410000E-002, 2.0251515E-001, 5.3410000E-002,-9.2283320E+000, 5.3410000E-002, 0.0000000E+000, 5.3410000E-002, 6.4918107E+000
NaN,NaN, 5.4390000E-002, 7.5343177E+000, 5.4390000E-002, 7.3508274E+000, 5.4390000E-002, 7.0150336E+000, 5.4390000E-002, 6.8031406E+000,NaN,NaN, 5.4390000E-002,-3.9713796E-002, 5.4390000E-002,-4.1474301E-002, 5.4390000E-002,-2.8206627E-002, 5.4390000E-002,-4.6728623E-003,NaN,NaN, 5.4390000E-002, 1.9028188E-001, 5.4390000E-002, 1.5045506E-001, 5.4390000E-002, 1.0627659E-001, 5.4390000E-002, 8.5158577E-002,NaN,NaN, 5.4390000E-002, 2.9491112E-001, 5.4390000E-002, 2.1188813E-001, 5.4390000E-002, 1.2729416E-001, 5.4390000E-002, 1.1293290E-001,NaN,NaN, 5.4390000E-002, 2.3784356E-002, 5.4390000E-002,-1.8314378E-002, 5.4390000E-002,-1.0739026E-002, 5.4390000E-002, 8.1013024E-003, 5.4390000E-002, 1.1645493E+000, 5.4390000E-002,-6.8374025E-001, 5.4390000E-002,-3.6810725E-001, 5.4390000E-002,-6.9264539E-002, 5.4390000E-002, 4.2703788E-005, 5.4390000E-002,-6.8374025E-001, 5.4390000E-002, 1.9932552E-001, 5.4390000E-002,-8.7208577E+000, 5.4390000E-002, 0.0000000E+000, 5.4390000E-002, 6.3895644E+000
NaN,NaN, 5.5370000E-002, 7.5223015E+000, 5.5370000E-002, 7.3340196E+000, 5.5370000E-002, 7.0016606E+000, 5.5370000E-002, 6.7887394E+000,NaN,NaN, 5.5370000E-002,-2.8381114E-002, 5.5370000E-002,-3.4729876E-002, 5.5370000E-002,-2.4483078E-002, 5.5370000E-002,-4.4658421E-003,NaN,NaN, 5.5370000E-002, 1.8109888E-001, 5.5370000E-002, 1.4682835E-001, 5.5370000E-002, 1.0998367E-001, 5.5370000E-002, 8.3959011E-002,NaN,NaN, 5.5370000E-002, 2.7912422E-001, 5.5370000E-002, 2.0575393E-001, 5.5370000E-002, 1.2766438E-001, 5.5370000E-002, 1.1876560E-001,NaN,NaN, 5.5370000E-002, 2.4977854E-002, 5.5370000E-002,-1.2358910E-002, 5.5370000E-002,-3.8792113E-003, 5.5370000E-002, 7.9035242E-003, 5.5370000E-002, 1.1645493E+000, 5.5370000E-002,-6.8374025E-001, 5.5370000E-002,-3.6810725E-001, 5.5370000E-002,-6.9264539E-002, 5.5370000E-002, 4.3005860E-005, 5.5370000E-002,-6.8374025E-001, 5.5370000E-002, 1.9621942E-001, 5.5370000E-002,-8.2277655E+000, 5.5370000E-002, 0.0000000E+000, 5.5370000E-002, 6.2899958E+000
NaN,NaN, 5.6350000E-002, 7.4831209E+000, 5.6350000E-002, 7.3053575E+000, 5.6350000E-002, 6.9812677E+000, 5.6350000E-002, 6.7849531E+000,NaN,NaN, 5.6350000E-002,-1.9363335E-002, 5.6350000E-002,-2.6999657E-002, 5.6350000E-002,-2.0586580E-002, 5.6350000E-002,-2.0210518E-003,NaN,NaN, 5.6350000E-002, 1.7209643E-001, 5.6350000E-002, 1.5473313E-001, 5.6350000E-002, 1.1021650E-001, 5.6350000E-002, 8.7038288E-002,NaN,NaN, 5.6350000E-002, 2.5621713E-001, 5.6350000E-002, 2.0476599E-001, 5.6350000E-002, 1.2334123E-001, 5.6350000E-002, 1.1786188E-001,NaN,NaN, 5.6350000E-002, 1.6539380E-002, 5.6350000E-002,-1.6995551E-002, 5.6350000E-002, 5.4801433E-004, 5.6350000E-002, 1.0084692E-002, 5.6350000E-002, 1.1645493E+000, 5.6350000E-002,-5.0919385E-001, 5.6350000E-002,-2.1222261E-001, 5.6350000E-002, 1.0329117E-001, 5.6350000E-002, 4.2799511E-005, 5.6350000E-002,-5.0919385E-001, 5.6350000E-002, 1.9390540E-001, 5.6350000E-002,-7.7471351E+000, 5.6350000E-002, 0.0000000E+000, 5.6350000E-002, 6.2158085E+000
NaN,NaN, 5.7330000E-002, 7.4614401E+000, 5.7330000E-002, 7.2840491E+000, 5.7330000E-002, 6.9806634E+000, 5.7330000E-002, 6.8023561E+000,NaN,NaN, 5.7330000E-002,-1.6337747E-002, 5.7330000E-002,-1.7785528E-002, 5.7330000E-002,-1.2068797E-002, 5.7330000E-002,-2.7748437E-003,NaN,NaN, 5.7330000E-002, 1.9981335E-001, 5.7330000E-002, 1.7132269E-001, 5.7330000E-002, 1.2604718E-001, 5.7330000E-002, 9.9754957E-002,NaN,NaN, 5.7330000E-002, 2.4262819E-001, 5.7330000E-002, 1.9787670E-001, 5.7330000E-002, 1.1967854E-001, 5.7330000E-002, 1.1043741E-001,NaN,NaN, 5.7330000E-002, 2.1804148E-002, 5.7330000E-002,-1.6323663E-002, 5.7330000E-002, 6.9106533E-004, 5.7330000E-002, 1.0930462E-002, 5.7330000E-002, 1.1645493E+000, 5.7330000E-002,-5.0919385E-001, 5.7330000E-002,-2.1222261E-001, 5.7330000E-002, 1.0329117E-001, 5.7330000E-002, 4.3673849E-005, 5.7330000E-002,-5.0919385E-001, 5.7330000E-002, 1.9134499E-001, 5.7330000E-002,-7.2879412E+000, 5.7330000E-002, 0.0000000E+000, 5.7330000E-002, 6.1337260E+000
NaN,NaN, 5.8310000E-002, 7.4976627E+000, 5.8310000E-002, 7.3171318E+000, 5.8310000E-002, 7.0183071E+000, 5.8310000E-002, 6.8286671E+000,NaN,NaN, 5.8310000E-002,-6.6605096E-003, 5.8310000E-002,-4.6743951E-003, 5.8310000E-002,-5.3810060E-003, 5.8310000E-002,-7.8813108E-004,NaN,NaN, 5.8310000E-002, 3.1775206E-001, 5.8310000E-002, 2.6627351E-001, 5.8310000E-002, 1.9456637E-001, 5.8310000E-002, 1.5047080E-001,NaN,NaN, 5.8310000E-002, 2.1242214E-001, 5.8310000E-002, 1.6550347E-001, 5.8310000E-002, 1.0080006E-001, 5.8310000E-002, 8.3172577E-002,NaN,NaN, 5.8310000E-002, 6.1784502E-002, 5.8310000E-002,-3.9460903E-002, 5.8310000E-002,-2.0833823E-002, 5.8310000E-002, 2.1046867E-002, 5.8310000E-002, 1.1645493E+000, 5.8310000E-002,-3.3568948E-001, 5.8310000E-002,-2.4473521E-002, 5.8310000E-002, 2.6976932E-001, 5.8310000E-002, 4.3517784E-005, 5.8310000E-002,-3.3568948E-001, 5.8310000E-002, 1.8956358E-001, 5.8310000E-002,-6.8441718E+000, 5.8310000E-002, 0.0000000E+000, 5.8310000E-002, 6.0766230E+000
NaN,NaN,NaN,NaN,NaN,NaN,NaN,NaN,NaN,NaN,NaN,NaN,NaN,NaN,NaN,NaN,NaN,NaN,NaN,NaN,NaN,NaN,NaN,NaN,NaN,NaN,NaN,NaN,NaN,NaN,NaN,NaN,NaN,NaN,NaN,NaN,NaN,NaN,NaN,NaN,NaN,NaN,NaN,NaN,NaN,NaN,NaN,NaN,NaN,NaN, 5.9290000E-002, 1.1645493E+000, 5.9290000E-002,-3.3568948E-001, 5.9290000E-002,-2.4473521E-002, 5.9290000E-002, 2.6976932E-001, 5.9290000E-002, 4.3129389E-005, 5.9290000E-002,-3.3568948E-001, 5.9290000E-002, 1.8878931E-001, 5.9290000E-002,-6.4275963E+000, 5.9290000E-002, 0.0000000E+000, 5.9290000E-002, 6.0518007E+000
NaN,NaN,NaN,NaN,NaN,NaN,NaN,NaN,NaN,NaN,NaN,NaN,NaN,NaN,NaN,NaN,NaN,NaN,NaN,NaN,NaN,NaN,NaN,NaN,NaN,NaN,NaN,NaN,NaN,NaN,NaN,NaN,NaN,NaN,NaN,NaN,NaN,NaN,NaN,NaN,NaN,NaN,NaN,NaN,NaN,NaN,NaN,NaN,NaN,NaN, 6.0270000E-002, 1.1645493E+000, 6.0270000E-002,-1.6243774E-001, 6.0270000E-002, 1.4596160E-001, 6.0270000E-002, 4.1891290E-001, 6.0270000E-002, 4.2472295E-005, 6.0270000E-002,-1.6243774E-001, 6.0270000E-002, 1.8749655E-001, 6.0270000E-002,-6.0193425E+000, 6.0270000E-002, 0.0000000E+000, 6.0270000E-002, 6.0103552E+000
NaN,NaN,NaN,NaN,NaN,NaN,NaN,NaN,NaN,NaN,NaN,NaN,NaN,NaN,NaN,NaN,NaN,NaN,NaN,NaN,NaN,NaN,NaN,NaN,NaN,NaN,NaN,NaN,NaN,NaN,NaN,NaN,NaN,NaN,NaN,NaN,NaN,NaN,NaN,NaN,NaN,NaN,NaN,NaN,NaN,NaN,NaN,NaN,NaN,NaN, 6.1250000E-002, 1.1645493E+000, 6.1250000E-002,-1.6243774E-001, 6.1250000E-002, 1.4596160E-001, 6.1250000E-002, 4.1891290E-001, 6.1250000E-002, 4.2402251E-005, 6.1250000E-002,-1.6243774E-001, 6.1250000E-002, 1.8636491E-001, 6.1250000E-002,-5.6416781E+000, 6.1250000E-002, 0.0000000E+000, 6.1250000E-002, 5.9740738E+000
NaN,NaN,NaN,NaN,NaN,NaN,NaN,NaN,NaN,NaN,NaN,NaN,NaN,NaN,NaN,NaN,NaN,NaN,NaN,NaN,NaN,NaN,NaN,NaN,NaN,NaN,NaN,NaN,NaN,NaN,NaN,NaN,NaN,NaN,NaN,NaN,NaN,NaN,NaN,NaN,NaN,NaN,NaN,NaN,NaN,NaN,NaN,NaN,NaN,NaN, 6.2230000E-002, 1.1645493E+000, 6.2230000E-002, 3.5274084E-004, 6.2230000E-002, 3.0851911E-001, 6.2230000E-002, 5.6639142E-001, 6.2230000E-002, 4.2659528E-005, 6.2230000E-002, 3.5274084E-004, 6.2230000E-002, 1.8493244E-001, 6.2230000E-002,-5.2833591E+000, 6.2230000E-002, 0.0000000E+000, 6.2230000E-002, 5.9281459E+000
NaN,NaN,NaN,NaN,NaN,NaN,NaN,NaN,NaN,NaN,NaN,NaN,NaN,NaN,NaN,NaN,NaN,NaN,NaN,NaN,NaN,NaN,NaN,NaN,NaN,NaN,NaN,NaN,NaN,NaN,NaN,NaN,NaN,NaN,NaN,NaN,NaN,NaN,NaN,NaN,NaN,NaN,NaN,NaN,NaN,NaN,NaN,NaN,NaN,NaN, 6.3210000E-002, 1.1645493E+000, 6.3210000E-002, 8.5794003E-002, 6.3210000E-002, 3.8673136E-001, 6.3210000E-002, 6.3835192E-001, 6.3210000E-002, 4.3078094E-005, 6.3210000E-002, 8.5794003E-002, 6.3210000E-002, 1.8422426E-001, 6.3210000E-002,-4.9384885E+000, 6.3210000E-002, 0.0000000E+000, 6.3210000E-002, 5.9054294E+000
NaN,NaN,NaN,NaN,NaN,NaN,NaN,NaN,NaN,NaN,NaN,NaN,NaN,NaN,NaN,NaN,NaN,NaN,NaN,NaN,NaN,NaN,NaN,NaN,NaN,NaN,NaN,NaN,NaN,NaN,NaN,NaN,NaN,NaN,NaN,NaN,NaN,NaN,NaN,NaN,NaN,NaN,NaN,NaN,NaN,NaN,NaN,NaN,NaN,NaN, 6.4190000E-002, 1.1645493E+000, 6.4190000E-002, 1.6068653E-001, 6.4190000E-002, 4.5546170E-001, 6.4190000E-002, 7.1385370E-001, 6.4190000E-002, 4.2834336E-005, 6.4190000E-002, 1.6068653E-001, 6.4190000E-002, 1.8436399E-001, 6.4190000E-002,-4.6047281E+000, 6.4190000E-002, 0.0000000E+000, 6.4190000E-002, 5.9099018E+000
NaN,NaN,NaN,NaN,NaN,NaN,NaN,NaN,NaN,NaN,NaN,NaN,NaN,NaN,NaN,NaN,NaN,NaN,NaN,NaN,NaN,NaN,NaN,NaN,NaN,NaN,NaN,NaN,NaN,NaN,NaN,NaN,NaN,NaN,NaN,NaN,NaN,NaN,NaN,NaN,NaN,NaN,NaN,NaN,NaN,NaN,NaN,NaN,NaN,NaN, 6.5170000E-002, 1.1645493E+000, 6.5170000E-002, 2.3050300E-001, 6.5170000E-002, 5.2492055E-001, 6.5170000E-002, 7.8424933E-001, 6.5170000E-002, 4.2639616E-005, 6.5170000E-002, 2.3050300E-001, 6.5170000E-002, 1.8468062E-001, 6.5170000E-002,-4.2918027E+000, 6.5170000E-002, 0.0000000E+000, 6.5170000E-002, 5.9200495E+000
NaN,NaN,NaN,NaN,NaN,NaN,NaN,NaN,NaN,NaN,NaN,NaN,NaN,NaN,NaN,NaN,NaN,NaN,NaN,NaN,NaN,NaN,NaN,NaN,NaN,NaN,NaN,NaN,NaN,NaN,NaN,NaN,NaN,NaN,NaN,NaN,NaN,NaN,NaN,NaN,NaN,NaN,NaN,NaN,NaN,NaN,NaN,NaN,NaN,NaN, 6.6150000E-002, 1.1645493E+000, 6.6150000E-002, 3.0252498E-001, 6.6150000E-002, 5.9910779E-001, 6.6150000E-002, 8.4645804E-001, 6.6150000E-002, 4.1931353E-005, 6.6150000E-002, 3.0252498E-001, 6.6150000E-002, 1.8501044E-001, 6.6150000E-002,-3.9869779E+000, 6.6150000E-002, 0.0000000E+000, 6.6150000E-002, 5.9306238E+000
NaN,NaN,NaN,NaN,NaN,NaN,NaN,NaN,NaN,NaN,NaN,NaN,NaN,NaN,NaN,NaN,NaN,NaN,NaN,NaN,NaN,NaN,NaN,NaN,NaN,NaN,NaN,NaN,NaN,NaN,NaN,NaN,NaN,NaN,NaN,NaN,NaN,NaN,NaN,NaN,NaN,NaN,NaN,NaN,NaN,NaN,NaN,NaN,NaN,NaN, 6.7130000E-002, 1.1645493E+000, 6.7130000E-002, 3.6746820E-001, 6.7130000E-002, 6.7181439E-001, 6.7130000E-002, 9.1783677E-001, 6.7130000E-002, 4.1368820E-005, 6.7130000E-002, 3.6746820E-001, 6.7130000E-002, 1.8503307E-001, 6.7130000E-002,-3.6764380E+000, 6.7130000E-002, 0.0000000E+000, 6.7130000E-002, 5.9313545E+000
NaN,NaN,NaN,NaN,NaN,NaN,NaN,NaN,NaN,NaN,NaN,NaN,NaN,NaN,NaN,NaN,NaN,NaN,NaN,NaN,NaN,NaN,NaN,NaN,NaN,NaN,NaN,NaN,NaN,NaN,NaN,NaN,NaN,NaN,NaN,NaN,NaN,NaN,NaN,NaN,NaN,NaN,NaN,NaN,NaN,NaN,NaN,NaN,NaN,NaN, 6.8110000E-002, 1.1645493E+000, 6.8110000E-002, 4.3599031E-001, 6.8110000E-002, 7.4800744E-001, 6.8110000E-002, 9.8825134E-001, 6.8110000E-002, 4.1099332E-005, 6.8110000E-002, 4.3599031E-001, 6.8110000E-002, 1.8539428E-001, 6.8110000E-002,-3.3922422E+000, 6.8110000E-002, 0.0000000E+000, 6.8110000E-002, 5.9429439E+000
NaN,NaN,NaN,NaN,NaN,NaN,NaN,NaN,NaN,NaN,NaN,NaN,NaN,NaN,NaN,NaN,NaN,NaN,NaN,NaN,NaN,NaN,NaN,NaN,NaN,NaN,NaN,NaN,NaN,NaN,NaN,NaN,NaN,NaN,NaN,NaN,NaN,NaN,NaN,NaN,NaN,NaN,NaN,NaN,NaN,NaN,NaN,NaN,NaN,NaN, 6.9090000E-002, 1.1645493E+000, 6.9090000E-002, 5.0013613E-001, 6.9090000E-002, 8.1665393E-001, 6.9090000E-002, 1.0611734E+000, 6.9090000E-002, 4.0976425E-005, 6.9090000E-002, 5.0013613E-001, 6.9090000E-002, 1.8605636E-001, 6.9090000E-002,-3.1387952E+000, 6.9090000E-002, 0.0000000E+000, 6.9090000E-002, 5.9641685E+000
NaN,NaN,NaN,NaN,NaN,NaN,NaN,NaN,NaN,NaN,NaN,NaN,NaN,NaN,NaN,NaN,NaN,NaN,NaN,NaN,NaN,NaN,NaN,NaN,NaN,NaN,NaN,NaN,NaN,NaN,NaN,NaN,NaN,NaN,NaN,NaN,NaN,NaN,NaN,NaN,NaN,NaN,NaN,NaN,NaN,NaN,NaN,NaN,NaN,NaN, 7.0070000E-002, 1.1645493E+000, 7.0070000E-002, 5.6003169E-001, 7.0070000E-002, 8.8781525E-001, 7.0070000E-002, 1.1344601E+000, 7.0070000E-002, 4.0892351E-005, 7.0070000E-002, 5.6003169E-001, 7.0070000E-002, 1.8690547E-001, 7.0070000E-002,-2.8946087E+000, 7.0070000E-002, 0.0000000E+000, 7.0070000E-002, 5.9913736E+000
NaN,NaN,NaN,NaN,NaN,NaN,NaN,NaN,NaN,NaN,NaN,NaN,NaN,NaN,NaN,NaN,NaN,NaN,NaN,NaN,NaN,NaN,NaN,NaN,NaN,NaN,NaN,NaN,NaN,NaN,NaN,NaN,NaN,NaN,NaN,NaN,NaN,NaN,NaN,NaN,NaN,NaN,NaN,NaN,NaN,NaN,NaN,NaN,NaN,NaN, 7.1050000E-002, 1.1645493E+000, 7.1050000E-002, 6.2497699E-001, 7.1050000E-002, 9.5987852E-001, 7.1050000E-002, 1.2066474E+000, 7.1050000E-002, 4.0925722E-005, 7.1050000E-002, 6.2497699E-001, 7.1050000E-002, 1.8802559E-001, 7.1050000E-002,-2.6619425E+000, 7.1050000E-002, 0.0000000E+000, 7.1050000E-002, 6.0272731E+000
NaN,NaN,NaN,NaN,NaN,NaN,NaN,NaN,NaN,NaN,NaN,NaN,NaN,NaN,NaN,NaN,NaN,NaN,NaN,NaN,NaN,NaN,NaN,NaN,NaN,NaN,NaN,NaN,NaN,NaN,NaN,NaN,NaN,NaN,NaN,NaN,NaN,NaN,NaN,NaN,NaN,NaN,NaN,NaN,NaN,NaN,NaN,NaN,NaN,NaN, 7.2030000E-002, 1.1645493E+000, 7.2030000E-002, 6.8932471E-001, 7.2030000E-002, 1.0347416E+000, 7.2030000E-002, 1.2773342E+000, 7.2030000E-002, 4.1441633E-005, 7.2030000E-002, 6.8932471E-001, 7.2030000E-002, 1.8951170E-001, 7.2030000E-002,-2.4498554E+000, 7.2030000E-002, 0.0000000E+000, 7.2030000E-002, 6.0749136E+000
NaN,NaN,NaN,NaN,NaN,NaN,NaN,NaN,NaN,NaN,NaN,NaN,NaN,NaN,NaN,NaN,NaN,NaN,NaN,NaN,NaN,NaN,NaN,NaN,NaN,NaN,NaN,NaN,NaN,NaN,NaN,NaN,NaN,NaN,NaN,NaN,NaN,NaN,NaN,NaN,NaN,NaN,NaN,NaN,NaN,NaN,NaN,NaN,NaN,NaN, 7.3010000E-002, 1.1645493E+000, 7.3010000E-002, 7.5776286E-001, 7.3010000E-002, 1.1076401E+000, 7.3010000E-002, 1.3492856E+000, 7.3010000E-002, 4.1070070E-005, 7.3010000E-002, 7.5776286E-001, 7.3010000E-002, 1.9113842E-001, 7.3010000E-002,-2.2554600E+000, 7.3010000E-002, 0.0000000E+000, 7.3010000E-002, 6.1270470E+000
NaN,NaN,NaN,NaN,NaN,NaN,NaN,NaN,NaN,NaN,NaN,NaN,NaN,NaN,NaN,NaN,NaN,NaN,NaN,NaN,NaN,NaN,NaN,NaN,NaN,NaN,NaN,NaN,NaN,NaN,NaN,NaN,NaN,NaN,NaN,NaN,NaN,NaN,NaN,NaN,NaN,NaN,NaN,NaN,NaN,NaN,NaN,NaN,NaN,NaN, 7.3990000E-002, 1.1645493E+000, 7.3990000E-002, 8.2617020E-001, 7.3990000E-002, 1.1784309E+000, 7.3990000E-002, 1.4242013E+000, 7.3990000E-002, 4.0385657E-005, 7.3990000E-002, 8.2617020E-001, 7.3990000E-002, 1.9391366E-001, 7.3990000E-002,-2.0767629E+000, 7.3990000E-002, 0.0000000E+000, 7.3990000E-002, 6.2159822E+000
NaN,NaN,NaN,NaN,NaN,NaN,NaN,NaN,NaN,NaN,NaN,NaN,NaN,NaN,NaN,NaN,NaN,NaN,NaN,NaN,NaN,NaN,NaN,NaN,NaN,NaN,NaN,NaN,NaN,NaN,NaN,NaN,NaN,NaN,NaN,NaN,NaN,NaN,NaN,NaN,NaN,NaN,NaN,NaN,NaN,NaN,NaN,NaN,NaN,NaN, 7.4970000E-002, 1.1645493E+000, 7.4970000E-002, 8.9421518E-001, 7.4970000E-002, 1.2477478E+000, 7.4970000E-002, 1.4937621E+000, 7.4970000E-002, 3.9996620E-005, 7.4970000E-002, 8.9421518E-001, 7.4970000E-002, 1.9688468E-001, 7.4970000E-002,-1.8983302E+000, 7.4970000E-002, 0.0000000E+000, 7.4970000E-002, 6.3111983E+000
NaN,NaN,NaN,NaN,NaN,NaN,NaN,NaN,NaN,NaN,NaN,NaN,NaN,NaN,NaN,NaN,NaN,NaN,NaN,NaN,NaN,NaN,NaN,NaN,NaN,NaN,NaN,NaN,NaN,NaN,NaN,NaN,NaN,NaN,NaN,NaN,NaN,NaN,NaN,NaN,NaN,NaN,NaN,NaN,NaN,NaN,NaN,NaN,NaN,NaN, 7.5950000E-002, 1.1645493E+000, 7.5950000E-002, 9.5980520E-001, 7.5950000E-002, 1.3184132E+000, 7.5950000E-002, 1.5579414E+000, 7.5950000E-002, 3.9830128E-005, 7.5950000E-002, 9.5980520E-001, 7.5950000E-002, 1.9967761E-001, 7.5950000E-002,-1.7336234E+000, 7.5950000E-002, 0.0000000E+000, 7.5950000E-002, 6.4007171E+000
NaN,NaN,NaN,NaN,NaN,NaN,NaN,NaN,NaN,NaN,NaN,NaN,NaN,NaN,NaN,NaN,NaN,NaN,NaN,NaN,NaN,NaN,NaN,NaN,NaN,NaN,NaN,NaN,NaN,NaN,NaN,NaN,NaN,NaN,NaN,NaN,NaN,NaN,NaN,NaN,NaN,NaN,NaN,NaN,NaN,NaN,NaN,NaN,NaN,NaN, 7.6930000E-002, 1.1645493E+000, 7.6930000E-002, 1.0280400E+000, 7.6930000E-002, 1.3896203E+000, 7.6930000E-002, 1.6207834E+000, 7.6930000E-002, 3.8944987E-005, 7.6930000E-002, 1.0280400E+000, 7.6930000E-002, 2.0222406E-001, 7.6930000E-002,-1.5754247E+000, 7.6930000E-002, 0.0000000E+000, 7.6930000E-002, 6.4823239E+000
NaN,NaN,NaN,NaN,NaN,NaN,NaN,NaN,NaN,NaN,NaN,NaN,NaN,NaN,NaN,NaN,NaN,NaN,NaN,NaN,NaN,NaN,NaN,NaN,NaN,NaN,NaN,NaN,NaN,NaN,NaN,NaN,NaN,NaN,NaN,NaN,NaN,NaN,NaN,NaN,NaN,NaN,NaN,NaN,NaN,NaN,NaN,NaN,NaN,NaN, 7.7910000E-002, 1.1645493E+000, 7.7910000E-002, 1.0898680E+000, 7.7910000E-002, 1.4555879E+000, 7.7910000E-002, 1.6786449E+000, 7.7910000E-002, 3.8084312E-005, 7.7910000E-002, 1.0898680E+000, 7.7910000E-002, 2.0504520E-001, 7.7910000E-002,-1.4271161E+000, 7.7910000E-002, 0.0000000E+000, 7.7910000E-002, 6.5727312E+000
NaN,NaN,NaN,NaN,NaN,NaN,NaN,NaN,NaN,NaN,NaN,NaN,NaN,NaN,NaN,NaN,NaN,NaN,NaN,NaN,NaN,NaN,NaN,NaN,NaN,NaN,NaN,NaN,NaN,NaN,NaN,NaN,NaN,NaN,NaN,NaN,NaN,NaN,NaN,NaN,NaN,NaN,NaN,NaN,NaN,NaN,NaN,NaN,NaN,NaN, 7.8890000E-002, 1.1645493E+000, 7.8890000E-002, 1.1467421E+000, 7.8890000E-002, 1.5189392E+000, 7.8890000E-002, 1.7341662E+000, 7.8890000E-002, 3.7610022E-005, 7.8890000E-002, 1.1467421E+000, 7.8890000E-002, 2.0787007E-001, 7.8890000E-002,-1.2908486E+000, 7.8890000E-002, 0.0000000E+000, 7.8890000E-002, 6.6632398E+000
NaN,NaN,NaN,NaN,NaN,NaN,NaN,NaN,NaN,NaN,NaN,NaN,NaN,NaN,NaN,NaN,NaN,NaN,NaN,NaN,NaN,NaN,NaN,NaN,NaN,NaN,NaN,NaN,NaN,NaN,NaN,NaN,NaN,NaN,NaN,NaN,NaN,NaN,NaN,NaN,NaN,NaN,NaN,NaN,NaN,NaN,NaN,NaN,NaN,NaN, 7.9870000E-002, 1.1645493E+000, 7.9870000E-002, 1.2034465E+000, 7.9870000E-002, 1.5797262E+000, 7.9870000E-002, 1.7863221E+000, 7.9870000E-002, 3.7344780E-005, 7.9870000E-002, 1.2034465E+000, 7.9870000E-002, 2.1045367E-001, 7.9870000E-002,-1.1607883E+000, 7.9870000E-002, 0.0000000E+000, 7.9870000E-002, 6.7460098E+000
NaN,NaN,NaN,NaN,NaN,NaN,NaN,NaN,NaN,NaN,NaN,NaN,NaN,NaN,NaN,NaN,NaN,NaN,NaN,NaN,NaN,NaN,NaN,NaN,NaN,NaN,NaN,NaN,NaN,NaN,NaN,NaN,NaN,NaN,NaN,NaN,NaN,NaN,NaN,NaN,NaN,NaN,NaN,NaN,NaN,NaN,NaN,NaN,NaN,NaN, 8.0850000E-002, 1.1645493E+000, 8.0850000E-002, 1.2637284E+000, 8.0850000E-002, 1.6378886E+000, 8.0850000E-002, 1.8381453E+000, 8.0850000E-002, 3.6769017E-005, 8.0850000E-002, 1.2637284E+000, 8.0850000E-002, 2.1309518E-001, 8.0850000E-002,-1.0379288E+000, 8.0850000E-002, 0.0000000E+000, 8.0850000E-002, 6.8306466E+000
NaN,NaN,NaN,NaN,NaN,NaN,NaN,NaN,NaN,NaN,NaN,NaN,NaN,NaN,NaN,NaN,NaN,NaN,NaN,NaN,NaN,NaN,NaN,NaN,NaN,NaN,NaN,NaN,NaN,NaN,NaN,NaN,NaN,NaN,NaN,NaN,NaN,NaN,NaN,NaN,NaN,NaN,NaN,NaN,NaN,NaN,NaN,NaN,NaN,NaN, 8.1830000E-002, 1.1645493E+000, 8.1830000E-002, 1.3235877E+000, 8.1830000E-002, 1.6956471E+000, 8.1830000E-002, 1.8900461E+000, 8.1830000E-002, 3.6409828E-005, 8.1830000E-002, 1.3235877E+000, 8.1830000E-002, 2.1611256E-001, 8.1830000E-002,-9.2988307E-001, 8.1830000E-002, 0.0000000E+000, 8.1830000E-002, 6.9273408E+000
NaN,NaN,NaN,NaN,NaN,NaN,NaN,NaN,NaN,NaN,NaN,NaN,NaN,NaN,NaN,NaN,NaN,NaN,NaN,NaN,NaN,NaN,NaN,NaN,NaN,NaN,NaN,NaN,NaN,NaN,NaN,NaN,NaN,NaN,NaN,NaN,NaN,NaN,NaN,NaN,NaN,NaN,NaN,NaN,NaN,NaN,NaN,NaN,NaN,NaN, 8.2810000E-002, 1.1645493E+000, 8.2810000E-002, 1.3772051E+000, 8.2810000E-002, 1.7513212E+000, 8.2810000E-002, 1.9434072E+000, 8.2810000E-002, 3.6049126E-005, 8.2810000E-002, 1.3772051E+000, 8.2810000E-002, 2.1922469E-001, 8.2810000E-002,-8.3412056E-001, 8.2810000E-002, 0.0000000E+000, 8.2810000E-002, 7.0270862E+000
NaN,NaN,NaN,NaN,NaN,NaN,NaN,NaN,NaN,NaN,NaN,NaN,NaN,NaN,NaN,NaN,NaN,NaN,NaN,NaN,NaN,NaN,NaN,NaN,NaN,NaN,NaN,NaN,NaN,NaN,NaN,NaN,NaN,NaN,NaN,NaN,NaN,NaN,NaN,NaN,NaN,NaN,NaN,NaN,NaN,NaN,NaN,NaN,NaN,NaN, 8.3790000E-002, 1.1645493E+000, 8.3790000E-002, 1.4262024E+000, 8.3790000E-002, 1.8044911E+000, 8.3790000E-002, 1.9960056E+000, 8.3790000E-002, 3.5926397E-005, 8.3790000E-002, 1.4262024E+000, 8.3790000E-002, 2.2176958E-001, 8.3790000E-002,-7.4647282E-001, 8.3790000E-002, 0.0000000E+000, 8.3790000E-002, 7.1086412E+000
NaN,NaN,NaN,NaN,NaN,NaN,NaN,NaN,NaN,NaN,NaN,NaN,NaN,NaN,NaN,NaN,NaN,NaN,NaN,NaN,NaN,NaN,NaN,NaN,NaN,NaN,NaN,NaN,NaN,NaN,NaN,NaN,NaN,NaN,NaN,NaN,NaN,NaN,NaN,NaN,NaN,NaN,NaN,NaN,NaN,NaN,NaN,NaN,NaN,NaN, 8.4770000E-002, 1.1645493E+000, 8.4770000E-002, 1.4753586E+000, 8.4770000E-002, 1.8578409E+000, 8.4770000E-002, 2.0450670E+000, 8.4770000E-002, 3.5651981E-005, 8.4770000E-002, 1.4753586E+000, 8.4770000E-002, 2.2432403E-001, 8.4770000E-002,-6.6271620E-001, 8.4770000E-002, 0.0000000E+000, 8.4770000E-002, 7.1904937E+000
NaN,NaN,NaN,NaN,NaN,NaN,NaN,NaN,NaN,NaN,NaN,NaN,NaN,NaN,NaN,NaN,NaN,NaN,NaN,NaN,NaN,NaN,NaN,NaN,NaN,NaN,NaN,NaN,NaN,NaN,NaN,NaN,NaN,NaN,NaN,NaN,NaN,NaN,NaN,NaN,NaN,NaN,NaN,NaN,NaN,NaN,NaN,NaN,NaN,NaN, 8.5750000E-002, 1.1645493E+000, 8.5750000E-002, 1.5228987E+000, 8.5750000E-002, 1.9074968E+000, 8.5750000E-002, 2.0899898E+000, 8.5750000E-002, 3.5168532E-005, 8.5750000E-002, 1.5228987E+000, 8.5750000E-002, 2.2697145E-001, 8.5750000E-002,-5.8460791E-001, 8.5750000E-002, 0.0000000E+000, 8.5750000E-002, 7.2753460E+000
NaN,NaN,NaN,NaN,NaN,NaN,NaN,NaN,NaN,NaN,NaN,NaN,NaN,NaN,NaN,NaN,NaN,NaN,NaN,NaN,NaN,NaN,NaN,NaN,NaN,NaN,NaN,NaN,NaN,NaN,NaN,NaN,NaN,NaN,NaN,NaN,NaN,NaN,NaN,NaN,NaN,NaN,NaN,NaN,NaN,NaN,NaN,NaN,NaN,NaN, 8.6730000E-002, 1.1645493E+000, 8.6730000E-002, 1.5680593E+000, 8.6730000E-002, 1.9541797E+000, 8.6730000E-002, 2.1331828E+000, 8.6730000E-002, 3.4820113E-005, 8.6730000E-002, 1.5680593E+000, 8.6730000E-002, 2.2931982E-001, 8.6730000E-002,-5.1363018E-001, 8.6730000E-002, 0.0000000E+000, 8.6730000E-002, 7.3505992E+000
NaN,NaN,NaN,NaN,NaN,NaN,NaN,NaN,NaN,NaN,NaN,NaN,NaN,NaN,NaN,NaN,NaN,NaN,NaN,NaN,NaN,NaN,NaN,NaN,NaN,NaN,NaN,NaN,NaN,NaN,NaN,NaN,NaN,NaN,NaN,NaN,NaN,NaN,NaN,NaN,NaN,NaN,NaN,NaN,NaN,NaN,NaN,NaN,NaN,NaN, 8.7710000E-002, 1.1645493E+000, 8.7710000E-002, 1.6120699E+000, 8.7710000E-002, 1.9996800E+000, 8.7710000E-002, 2.1769011E+000, 8.7710000E-002, 3.4645787E-005, 8.7710000E-002, 1.6120699E+000, 8.7710000E-002, 2.3165776E-001, 8.7710000E-002,-4.5003959E-001, 8.7710000E-002, 0.0000000E+000, 8.7710000E-002, 7.4255177E+000
NaN,NaN,NaN,NaN,NaN,NaN,NaN,NaN,NaN,NaN,NaN,NaN,NaN,NaN,NaN,NaN,NaN,NaN,NaN,NaN,NaN,NaN,NaN,NaN,NaN,NaN,NaN,NaN,NaN,NaN,NaN,NaN,NaN,NaN,NaN,NaN,NaN,NaN,NaN,NaN,NaN,NaN,NaN,NaN,NaN,NaN,NaN,NaN,NaN,NaN, 8.8690000E-002, 1.1645493E+000, 8.8690000E-002, 1.6543612E+000, 8.8690000E-002, 2.0428495E+000, 8.8690000E-002, 2.2210736E+000, 8.8690000E-002, 3.4451189E-005, 8.8690000E-002, 1.6543612E+000, 8.8690000E-002, 2.3398358E-001, 8.8690000E-002,-3.9289578E-001, 8.8690000E-002, 0.0000000E+000, 8.8690000E-002, 7.5000549E+000
NaN,NaN,NaN,NaN,NaN,NaN,NaN,NaN,NaN,NaN,NaN,NaN,NaN,NaN,NaN,NaN,NaN,NaN,NaN,NaN,NaN,NaN,NaN,NaN,NaN,NaN,NaN,NaN,NaN,NaN,NaN,NaN,NaN,NaN,NaN,NaN,NaN,NaN,NaN,NaN,NaN,NaN,NaN,NaN,NaN,NaN,NaN,NaN,NaN,NaN, 8.9670000E-002, 1.1645493E+000, 8.9670000E-002, 1.6945996E+000, 8.9670000E-002, 2.0838116E+000, 8.9670000E-002, 2.2647136E+000, 8.9670000E-002, 3.4014270E-005, 8.9670000E-002, 1.6945996E+000, 8.9670000E-002, 2.3631271E-001, 8.9670000E-002,-3.4150451E-001, 8.9670000E-002, 0.0000000E+000, 8.9670000E-002, 7.5747130E+000
NaN,NaN,NaN,NaN,NaN,NaN,NaN,NaN,NaN,NaN,NaN,NaN,NaN,NaN,NaN,NaN,NaN,NaN,NaN,NaN,NaN,NaN,NaN,NaN,NaN,NaN,NaN,NaN,NaN,NaN,NaN,NaN,NaN,NaN,NaN,NaN,NaN,NaN,NaN,NaN,NaN,NaN,NaN,NaN,NaN,NaN,NaN,NaN,NaN,NaN, 9.0650000E-002, 1.1645493E+000, 9.0650000E-002, 1.6945996E+000, 9.0650000E-002, 2.0838116E+000, 9.0650000E-002, 2.2647136E+000, 9.0650000E-002, 3.3625651E-005, 9.0650000E-002, 1.6945996E+000, 9.0650000E-002, 2.3862298E-001, 9.0650000E-002,-2.9638855E-001, 9.0650000E-002, 0.0000000E+000, 9.0650000E-002, 7.6487467E+000
NaN,NaN,NaN,NaN,NaN,NaN,NaN,NaN,NaN,NaN,NaN,NaN,NaN,NaN,NaN,NaN,NaN,NaN,NaN,NaN,NaN,NaN,NaN,NaN,NaN,NaN,NaN,NaN,NaN,NaN,NaN,NaN,NaN,NaN,NaN,NaN,NaN,NaN,NaN,NaN,NaN,NaN,NaN,NaN,NaN,NaN,NaN,NaN,NaN,NaN, 9.1630000E-002, 1.1645493E+000, 9.1630000E-002, 1.7728205E+000, 9.1630000E-002, 2.1617840E+000, 9.1630000E-002, 2.3476559E+000, 9.1630000E-002, 3.3224091E-005, 9.1630000E-002, 1.7728205E+000, 9.1630000E-002, 2.4088659E-001, 9.1630000E-002,-2.5533572E-001, 9.1630000E-002, 0.0000000E+000, 9.1630000E-002, 7.7212749E+000
NaN,NaN,NaN,NaN,NaN,NaN,NaN,NaN,NaN,NaN,NaN,NaN,NaN,NaN,NaN,NaN,NaN,NaN,NaN,NaN,NaN,NaN,NaN,NaN,NaN,NaN,NaN,NaN,NaN,NaN,NaN,NaN,NaN,NaN,NaN,NaN,NaN,NaN,NaN,NaN,NaN,NaN,NaN,NaN,NaN,NaN,NaN,NaN,NaN,NaN, 9.2610000E-002, 1.1645493E+000, 9.2610000E-002, 1.8100992E+000, 9.2610000E-002, 2.1999714E+000, 9.2610000E-002, 2.3883830E+000, 9.2610000E-002, 3.2849062E-005, 9.2610000E-002, 1.8100992E+000, 9.2610000E-002, 2.4303428E-001, 9.2610000E-002,-2.1640832E-001, 9.2610000E-002, 0.0000000E+000, 9.2610000E-002, 7.7900825E+000
NaN,NaN,NaN,NaN,NaN,NaN,NaN,NaN,NaN,NaN,NaN,NaN,NaN,NaN,NaN,NaN,NaN,NaN,NaN,NaN,NaN,NaN,NaN,NaN,NaN,NaN,NaN,NaN,NaN,NaN,NaN,NaN,NaN,NaN,NaN,NaN,NaN,NaN,NaN,NaN,NaN,NaN,NaN,NaN,NaN,NaN,NaN,NaN,NaN,NaN, 9.3590000E-002, 1.1645493E+000, 9.3590000E-002, 1.8439071E+000, 9.3590000E-002, 2.2377796E+000, 9.3590000E-002, 2.4276955E+000, 9.3590000E-002, 3.2565975E-005, 9.3590000E-002, 1.8439071E+000, 9.3590000E-002, 2.4504454E-001, 9.3590000E-002,-1.7825911E-001, 9.3590000E-002, 0.0000000E+000, 9.3590000E-002, 7.8544493E+000
NaN,NaN,NaN,NaN,NaN,NaN,NaN,NaN,NaN,NaN,NaN,NaN,NaN,NaN,NaN,NaN,NaN,NaN,NaN,NaN,NaN,NaN,NaN,NaN,NaN,NaN,NaN,NaN,NaN,NaN,NaN,NaN,NaN,NaN,NaN,NaN,NaN,NaN,NaN,NaN,NaN,NaN,NaN,NaN,NaN,NaN,NaN,NaN,NaN,NaN, 9.4570000E-002, 1.1645493E+000, 9.4570000E-002, 1.8743721E+000, 9.4570000E-002, 2.2756276E+000, 9.4570000E-002, 2.4661633E+000, 9.4570000E-002, 3.2240322E-005, 9.4570000E-002, 1.8743721E+000, 9.4570000E-002, 2.4675969E-001, 9.4570000E-002,-1.4063302E-001, 9.4570000E-002, 0.0000000E+000, 9.4570000E-002, 7.9093626E+000
NaN,NaN,NaN,NaN,NaN,NaN,NaN,NaN,NaN,NaN,NaN,NaN,NaN,NaN,NaN,NaN,NaN,NaN,NaN,NaN,NaN,NaN,NaN,NaN,NaN,NaN,NaN,NaN,NaN,NaN,NaN,NaN,NaN,NaN,NaN,NaN,NaN,NaN,NaN,NaN,NaN,NaN,NaN,NaN,NaN,NaN,NaN,NaN,NaN,NaN, 9.5550000E-002, 1.1645493E+000, 9.5550000E-002, 1.9041963E+000, 9.5550000E-002, 2.3138165E+000, 9.5550000E-002, 2.5047093E+000, 9.5550000E-002, 3.1935629E-005, 9.5550000E-002, 1.9041963E+000, 9.5550000E-002, 2.4833143E-001, 9.5550000E-002,-1.0424931E-001, 9.5550000E-002, 0.0000000E+000, 9.5550000E-002, 7.9597161E+000
NaN,NaN,NaN,NaN,NaN,NaN,NaN,NaN,NaN,NaN,NaN,NaN,NaN,NaN,NaN,NaN,NaN,NaN,NaN,NaN,NaN,NaN,NaN,NaN,NaN,NaN,NaN,NaN,NaN,NaN,NaN,NaN,NaN,NaN,NaN,NaN,NaN,NaN,NaN,NaN,NaN,NaN,NaN,NaN,NaN,NaN,NaN,NaN,NaN,NaN, 9.6530000E-002, 1.1645493E+000, 9.6530000E-002, 1.9337519E+000, 9.6530000E-002, 2.3517840E+000, 9.6530000E-002, 2.5427241E+000, 9.6530000E-002, 3.1765440E-005, 9.6530000E-002, 1.9337519E+000, 9.6530000E-002, 2.5002277E-001, 9.6530000E-002,-6.9020339E-002, 9.6530000E-002, 0.0000000E+000, 9.6530000E-002, 8.0139057E+000
NaN,NaN,NaN,NaN,NaN,NaN,NaN,NaN,NaN,NaN,NaN,NaN,NaN,NaN,NaN,NaN,NaN,NaN,NaN,NaN,NaN,NaN,NaN,NaN,NaN,NaN,NaN,NaN,NaN,NaN,NaN,NaN,NaN,NaN,NaN,NaN,NaN,NaN,NaN,NaN,NaN,NaN,NaN,NaN,NaN,NaN,NaN,NaN,NaN,NaN, 9.7510000E-002, 1.1645493E+000, 9.7510000E-002, 1.9623419E+000, 9.7510000E-002, 2.3879853E+000, 9.7510000E-002, 2.5793531E+000, 9.7510000E-002, 3.1601828E-005, 9.7510000E-002, 1.9623419E+000, 9.7510000E-002, 2.5171845E-001, 9.7510000E-002,-3.4941089E-002, 9.7510000E-002, 0.0000000E+000, 9.7510000E-002, 8.0682447E+000
NaN,NaN,NaN,NaN,NaN,NaN,NaN,NaN,NaN,NaN,NaN,NaN,NaN,NaN,NaN,NaN,NaN,NaN,NaN,NaN,NaN,NaN,NaN,NaN,NaN,NaN,NaN,NaN,NaN,NaN,NaN,NaN,NaN,NaN,NaN,NaN,NaN,NaN,NaN,NaN,NaN,NaN,NaN,NaN,NaN,NaN,NaN,NaN,NaN,NaN, 9.8490000E-002, 1.1645493E+000, 9.8490000E-002, 1.9623419E+000, 9.8490000E-002, 2.3879853E+000, 9.8490000E-002, 2.5793531E+000, 9.8490000E-002, 3.1321914E-005, 9.8490000E-002, 1.9623419E+000, 9.8490000E-002, 2.5325110E-001, 9.8490000E-002,-3.0129862E-003, 9.8490000E-002, 0.0000000E+000, 9.8490000E-002, 8.1173574E+000
NaN,NaN,NaN,NaN,NaN,NaN,NaN,NaN,NaN,NaN,NaN,NaN,NaN,NaN,NaN,NaN,NaN,NaN,NaN,NaN,NaN,NaN,NaN,NaN,NaN,NaN,NaN,NaN,NaN,NaN,NaN,NaN,NaN,NaN,NaN,NaN,NaN,NaN,NaN,NaN,NaN,NaN,NaN,NaN,NaN,NaN,NaN,NaN,NaN,NaN, 9.9470000E-002, 1.1645493E+000, 9.9470000E-002, 2.0140295E+000, 9.9470000E-002, 2.4541138E+000, 9.9470000E-002, 2.6472008E+000, 9.9470000E-002, 3.1016914E-005, 9.9470000E-002, 2.0140295E+000, 9.9470000E-002, 2.5461673E-001, 9.9470000E-002, 2.5530554E-002, 9.9470000E-002, 0.0000000E+000, 9.9470000E-002, 8.1611067E+000
NaN,NaN,NaN,NaN,NaN,NaN,NaN,NaN,NaN,NaN,NaN,NaN,NaN,NaN,NaN,NaN,NaN,NaN,NaN,NaN,NaN,NaN,NaN,NaN,NaN,NaN,NaN,NaN,NaN,NaN,NaN,NaN,NaN,NaN,NaN,NaN,NaN,NaN,NaN,NaN,NaN,NaN,NaN,NaN,NaN,NaN,NaN,NaN,NaN,NaN, 1.0045000E-001, 1.1645493E+000, 1.0045000E-001, 2.0387784E+000, 1.0045000E-001, 2.4848513E+000, 1.0045000E-001, 2.6788110E+000, 1.0045000E-001, 3.0762221E-005, 1.0045000E-001, 2.0387784E+000, 1.0045000E-001, 2.5594989E-001, 1.0045000E-001, 5.1104735E-002, 1.0045000E-001, 0.0000000E+000, 1.0045000E-001, 8.2038235E+000
NaN,NaN,NaN,NaN,NaN,NaN,NaN,NaN,NaN,NaN,NaN,NaN,NaN,NaN,NaN,NaN,NaN,NaN,NaN,NaN,NaN,NaN,NaN,NaN,NaN,NaN,NaN,NaN,NaN,NaN,NaN,NaN,NaN,NaN,NaN,NaN,NaN,NaN,NaN,NaN,NaN,NaN,NaN,NaN,NaN,NaN,NaN,NaN,NaN,NaN, 1.0143000E-001, 1.1645493E+000, 1.0143000E-001, 2.0639618E+000, 1.0143000E-001, 2.5147002E+000, 1.0143000E-001, 2.7091671E+000, 1.0143000E-001, 3.0553281E-005, 1.0143000E-001, 2.0639618E+000, 1.0143000E-001, 2.5734066E-001, 1.0143000E-001, 7.4436443E-002, 1.0143000E-001, 0.0000000E+000, 1.0143000E-001, 8.2483825E+000
NaN,NaN,NaN,NaN,NaN,NaN,NaN,NaN,NaN,NaN,NaN,NaN,NaN,NaN,NaN,NaN,NaN,NaN,NaN,NaN,NaN,NaN,NaN,NaN,NaN,NaN,NaN,NaN,NaN,NaN,NaN,NaN,NaN,NaN,NaN,NaN,NaN,NaN,NaN,NaN,NaN,NaN,NaN,NaN,NaN,NaN,NaN,NaN,NaN,NaN, 1.0241000E-001, 1.1645493E+000, 1.0241000E-001, 2.0897456E+000, 1.0241000E-001, 2.5439453E+000, 1.0241000E-001, 2.7384664E+000, 1.0241000E-001, 3.0350917E-005, 1.0241000E-001, 2.0897456E+000, 1.0241000E-001, 2.5880709E-001, 1.0241000E-001, 9.6226926E-002, 1.0241000E-001, 0.0000000E+000, 1.0241000E-001, 8.2953789E+000
NaN,NaN,NaN,NaN,NaN,NaN,NaN,NaN,NaN,NaN,NaN,NaN,NaN,NaN,NaN,NaN,NaN,NaN,NaN,NaN,NaN,NaN,NaN,NaN,NaN,NaN,NaN,NaN,NaN,NaN,NaN,NaN,NaN,NaN,NaN,NaN,NaN,NaN,NaN,NaN,NaN,NaN,NaN,NaN,NaN,NaN,NaN,NaN,NaN,NaN, 1.0339000E-001, 1.1645493E+000, 1.0339000E-001, 2.1161148E+000, 1.0339000E-001, 2.5723176E+000, 1.0339000E-001, 2.7666295E+000, 1.0339000E-001, 3.0222823E-005, 1.0339000E-001, 2.1161148E+000, 1.0339000E-001, 2.6028586E-001, 1.0339000E-001, 1.1712291E-001, 1.0339000E-001, 0.0000000E+000, 1.0339000E-001, 8.3427711E+000
NaN,NaN,NaN,NaN,NaN,NaN,NaN,NaN,NaN,NaN,NaN,NaN,NaN,NaN,NaN,NaN,NaN,NaN,NaN,NaN,NaN,NaN,NaN,NaN,NaN,NaN,NaN,NaN,NaN,NaN,NaN,NaN,NaN,NaN,NaN,NaN,NaN,NaN,NaN,NaN,NaN,NaN,NaN,NaN,NaN,NaN,NaN,NaN,NaN,NaN, 1.0437000E-001, 1.1645493E+000, 1.0437000E-001, 2.1424589E+000, 1.0437000E-001, 2.6003350E+000, 1.0437000E-001, 2.7935744E+000, 1.0437000E-001, 3.0172262E-005, 1.0437000E-001, 2.1424589E+000, 1.0437000E-001, 2.6175399E-001, 1.0437000E-001, 1.3700203E-001, 1.0437000E-001, 0.0000000E+000, 1.0437000E-001, 8.3898144E+000
NaN,NaN,NaN,NaN,NaN,NaN,NaN,NaN,NaN,NaN,NaN,NaN,NaN,NaN,NaN,NaN,NaN,NaN,NaN,NaN,NaN,NaN,NaN,NaN,NaN,NaN,NaN,NaN,NaN,NaN,NaN,NaN,NaN,NaN,NaN,NaN,NaN,NaN,NaN,NaN,NaN,NaN,NaN,NaN,NaN,NaN,NaN,NaN,NaN,NaN, 1.0535000E-001, 1.1645493E+000, 1.0535000E-001, 2.1688557E+000, 1.0535000E-001, 2.6288107E+000, 1.0535000E-001, 2.8201487E+000, 1.0535000E-001, 3.0079019E-005, 1.0535000E-001, 2.1688557E+000, 1.0535000E-001, 2.6322812E-001, 1.0535000E-001, 1.5539056E-001, 1.0535000E-001, 0.0000000E+000, 1.0535000E-001, 8.4370229E+000
NaN,NaN,NaN,NaN,NaN,NaN,NaN,NaN,NaN,NaN,NaN,NaN,NaN,NaN,NaN,NaN,NaN,NaN,NaN,NaN,NaN,NaN,NaN,NaN,NaN,NaN,NaN,NaN,NaN,NaN,NaN,NaN,NaN,NaN,NaN,NaN,NaN,NaN,NaN,NaN,NaN,NaN,NaN,NaN,NaN,NaN,NaN,NaN,NaN,NaN, 1.0633000E-001, 1.1645493E+000, 1.0633000E-001, 2.1688557E+000, 1.0633000E-001, 2.6288107E+000, 1.0633000E-001, 2.8201487E+000, 1.0633000E-001, 2.9908508E-005, 1.0633000E-001, 2.1688557E+000, 1.0633000E-001, 2.6463279E-001, 1.0633000E-001, 1.7196265E-001, 1.0633000E-001, 0.0000000E+000, 1.0633000E-001, 8.4820054E+000
NaN,NaN,NaN,NaN,NaN,NaN,NaN,NaN,NaN,NaN,NaN,NaN,NaN,NaN,NaN,NaN,NaN,NaN,NaN,NaN,NaN,NaN,NaN,NaN,NaN,NaN,NaN,NaN,NaN,NaN,NaN,NaN,NaN,NaN,NaN,NaN,NaN,NaN,NaN,NaN,NaN,NaN,NaN,NaN,NaN,NaN,NaN,NaN,NaN,NaN, 1.0731000E-001, 1.1645493E+000, 1.0731000E-001, 2.2190702E+000, 1.0731000E-001, 2.6874376E+000, 1.0731000E-001, 2.8739904E+000, 1.0731000E-001, 2.9669590E-005, 1.0731000E-001, 2.2190702E+000, 1.0731000E-001, 2.6596012E-001, 1.0731000E-001, 1.8700179E-001, 1.0731000E-001, 0.0000000E+000, 1.0731000E-001, 8.5244777E+000
NaN,NaN,NaN,NaN,NaN,NaN,NaN,NaN,NaN,NaN,NaN,NaN,NaN,NaN,NaN,NaN,NaN,NaN,NaN,NaN,NaN,NaN,NaN,NaN,NaN,NaN,NaN,NaN,NaN,NaN,NaN,NaN,NaN,NaN,NaN,NaN,NaN,NaN,NaN,NaN,NaN,NaN,NaN,NaN,NaN,NaN,NaN,NaN,NaN,NaN, 1.0829000E-001, 1.1645493E+000, 1.0829000E-001, 2.2427185E+000, 1.0829000E-001, 2.7166068E+000, 1.0829000E-001, 2.9009141E+000, 1.0829000E-001, 2.9410550E-005, 1.0829000E-001, 2.2427185E+000, 1.0829000E-001, 2.6722408E-001, 1.0829000E-001, 2.0046774E-001, 1.0829000E-001, 0.0000000E+000, 1.0829000E-001, 8.5649109E+000
NaN,NaN,NaN,NaN,NaN,NaN,NaN,NaN,NaN,NaN,NaN,NaN,NaN,NaN,NaN,NaN,NaN,NaN,NaN,NaN,NaN,NaN,NaN,NaN,NaN,NaN,NaN,NaN,NaN,NaN,NaN,NaN,NaN,NaN,NaN,NaN,NaN,NaN,NaN,NaN,NaN,NaN,NaN,NaN,NaN,NaN,NaN,NaN,NaN,NaN, 1.0927000E-001, 1.1645493E+000, 1.0927000E-001, 2.2655906E+000, 1.0927000E-001, 2.7447173E+000, 1.0927000E-001, 2.9275840E+000, 1.0927000E-001, 2.9165057E-005, 1.0927000E-001, 2.2655906E+000, 1.0927000E-001, 2.6843571E-001, 1.0927000E-001, 2.1316737E-001, 1.0927000E-001, 0.0000000E+000, 1.0927000E-001, 8.6036866E+000
NaN,NaN,NaN,NaN,NaN,NaN,NaN,NaN,NaN,NaN,NaN,NaN,NaN,NaN,NaN,NaN,NaN,NaN,NaN,NaN,NaN,NaN,NaN,NaN,NaN,NaN,NaN,NaN,NaN,NaN,NaN,NaN,NaN,NaN,NaN,NaN,NaN,NaN,NaN,NaN,NaN,NaN,NaN,NaN,NaN,NaN,NaN,NaN,NaN,NaN, 1.1025000E-001, 1.1645493E+000, 1.1025000E-001, 2.2874202E+000, 1.1025000E-001, 2.7714440E+000, 1.1025000E-001, 2.9536673E+000, 1.1025000E-001, 2.8935125E-005, 1.1025000E-001, 2.2874202E+000, 1.1025000E-001, 2.6960170E-001, 1.1025000E-001, 2.2528871E-001, 1.1025000E-001, 0.0000000E+000, 1.1025000E-001, 8.6410096E+000
NaN,NaN,NaN,NaN,NaN,NaN,NaN,NaN,NaN,NaN,NaN,NaN,NaN,NaN,NaN,NaN,NaN,NaN,NaN,NaN,NaN,NaN,NaN,NaN,NaN,NaN,NaN,NaN,NaN,NaN,NaN,NaN,NaN,NaN,NaN,NaN,NaN,NaN,NaN,NaN,NaN,NaN,NaN,NaN,NaN,NaN,NaN,NaN,NaN,NaN, 1.1123000E-001, 1.1645493E+000, 1.1123000E-001, 2.3088848E+000, 1.1123000E-001, 2.7965236E+000, 1.1123000E-001, 2.9786309E+000, 1.1123000E-001, 2.8667682E-005, 1.1123000E-001, 2.3088848E+000, 1.1123000E-001, 2.7072314E-001, 1.1123000E-001, 2.3583867E-001, 1.1123000E-001, 0.0000000E+000, 1.1123000E-001, 8.6769318E+000
NaN,NaN,NaN,NaN,NaN,NaN,NaN,NaN,NaN,NaN,NaN,NaN,NaN,NaN,NaN,NaN,NaN,NaN,NaN,NaN,NaN,NaN,NaN,NaN,NaN,NaN,NaN,NaN,NaN,NaN,NaN,NaN,NaN,NaN,NaN,NaN,NaN,NaN,NaN,NaN,NaN,NaN,NaN,NaN,NaN,NaN,NaN,NaN,NaN,NaN, 1.1221000E-001, 1.1645493E+000, 1.1221000E-001, 2.3292680E+000, 1.1221000E-001, 2.8202528E+000, 1.1221000E-001, 3.0029556E+000, 1.1221000E-001, 2.8384510E-005, 1.1221000E-001, 2.3292680E+000, 1.1221000E-001, 2.7182195E-001, 1.1221000E-001, 2.4439650E-001, 1.1221000E-001, 0.0000000E+000, 1.1221000E-001, 8.7121512E+000
NaN,NaN,NaN,NaN,NaN,NaN,NaN,NaN,NaN,NaN,NaN,NaN,NaN,NaN,NaN,NaN,NaN,NaN,NaN,NaN,NaN,NaN,NaN,NaN,NaN,NaN,NaN,NaN,NaN,NaN,NaN,NaN,NaN,NaN,NaN,NaN,NaN,NaN,NaN,NaN,NaN,NaN,NaN,NaN,NaN,NaN,NaN,NaN,NaN,NaN, 1.1319000E-001, 1.1645493E+000, 1.1319000E-001, 2.3486565E+000, 1.1319000E-001, 2.8430486E+000, 1.1319000E-001, 3.0268411E+000, 1.1319000E-001, 2.8170813E-005, 1.1319000E-001, 2.3486565E+000, 1.1319000E-001, 2.7290487E-001, 1.1319000E-001, 2.5111474E-001, 1.1319000E-001, 0.0000000E+000, 1.1319000E-001, 8.7468420E+000
NaN,NaN,NaN,NaN,NaN,NaN,NaN,NaN,NaN,NaN,NaN,NaN,NaN,NaN,NaN,NaN,NaN,NaN,NaN,NaN,NaN,NaN,NaN,NaN,NaN,NaN,NaN,NaN,NaN,NaN,NaN,NaN,NaN,NaN,NaN,NaN,NaN,NaN,NaN,NaN,NaN,NaN,NaN,NaN,NaN,NaN,NaN,NaN,NaN,NaN, 1.1417000E-001, 1.1645493E+000, 1.1417000E-001, 2.3664326E+000, 1.1417000E-001, 2.8654829E+000, 1.1417000E-001, 3.0503802E+000, 1.1417000E-001, 2.8005481E-005, 1.1417000E-001, 2.3664326E+000, 1.1417000E-001, 2.7395146E-001, 1.1417000E-001, 2.5574703E-001, 1.1417000E-001, 0.0000000E+000, 1.1417000E-001, 8.7803851E+000
NaN,NaN,NaN,NaN,NaN,NaN,NaN,NaN,NaN,NaN,NaN,NaN,NaN,NaN,NaN,NaN,NaN,NaN,NaN,NaN,NaN,NaN,NaN,NaN,NaN,NaN,NaN,NaN,NaN,NaN,NaN,NaN,NaN,NaN,NaN,NaN,NaN,NaN,NaN,NaN,NaN,NaN,NaN,NaN,NaN,NaN,NaN,NaN,NaN,NaN, 1.1515000E-001, 1.1645493E+000, 1.1515000E-001, 2.3829980E+000, 1.1515000E-001, 2.8875008E+000, 1.1515000E-001, 3.0734030E+000, 1.1515000E-001, 2.7870623E-005, 1.1515000E-001, 2.3829980E+000, 1.1515000E-001, 2.7492486E-001, 1.1515000E-001, 2.5893248E-001, 1.1515000E-001, 0.0000000E+000, 1.1515000E-001, 8.8115709E+000
NaN,NaN,NaN,NaN,NaN,NaN,NaN,NaN,NaN,NaN,NaN,NaN,NaN,NaN,NaN,NaN,NaN,NaN,NaN,NaN,NaN,NaN,NaN,NaN,NaN,NaN,NaN,NaN,NaN,NaN,NaN,NaN,NaN,NaN,NaN,NaN,NaN,NaN,NaN,NaN,NaN,NaN,NaN,NaN,NaN,NaN,NaN,NaN,NaN,NaN, 1.1613000E-001, 1.1645493E+000, 1.1613000E-001, 2.3981134E+000, 1.1613000E-001, 2.9088808E+000, 1.1613000E-001, 3.0952617E+000, 1.1613000E-001, 2.7719412E-005, 1.1613000E-001, 2.3981134E+000, 1.1613000E-001, 2.7580489E-001, 1.1613000E-001, 2.6171492E-001, 1.1613000E-001, 0.0000000E+000, 1.1613000E-001, 8.8397542E+000
NaN,NaN,NaN,NaN,NaN,NaN,NaN,NaN,NaN,NaN,NaN,NaN,NaN,NaN,NaN,NaN,NaN,NaN,NaN,NaN,NaN,NaN,NaN,NaN,NaN,NaN,NaN,NaN,NaN,NaN,NaN,NaN,NaN,NaN,NaN,NaN,NaN,NaN,NaN,NaN,NaN,NaN,NaN,NaN,NaN,NaN,NaN,NaN,NaN,NaN, 1.1711000E-001, 1.1645493E+000, 1.1711000E-001, 2.4127504E+000, 1.1711000E-001, 2.9297319E+000, 1.1711000E-001, 3.1155729E+000, 1.1711000E-001, 2.7565383E-005, 1.1711000E-001, 2.4127504E+000, 1.1711000E-001, 2.7659055E-001, 1.1711000E-001, 2.6500217E-001, 1.1711000E-001, 0.0000000E+000, 1.1711000E-001, 8.8649119E+000
NaN,NaN,NaN,NaN,NaN,NaN,NaN,NaN,NaN,NaN,NaN,NaN,NaN,NaN,NaN,NaN,NaN,NaN,NaN,NaN,NaN,NaN,NaN,NaN,NaN,NaN,NaN,NaN,NaN,NaN,NaN,NaN,NaN,NaN,NaN,NaN,NaN,NaN,NaN,NaN,NaN,NaN,NaN,NaN,NaN,NaN,NaN,NaN,NaN,NaN, 1.1809000E-001, 1.1645493E+000, 1.1809000E-001, 2.4265784E+000, 1.1809000E-001, 2.9501754E+000, 1.1809000E-001, 3.1342971E+000, 1.1809000E-001, 2.7388259E-005, 1.1809000E-001, 2.4265784E+000, 1.1809000E-001, 2.7732001E-001, 1.1809000E-001, 2.6809403E-001, 1.1809000E-001, 0.0000000E+000, 1.1809000E-001, 8.8882761E+000
NaN,NaN,NaN,NaN,NaN,NaN,NaN,NaN,NaN,NaN,NaN,NaN,NaN,NaN,NaN,NaN,NaN,NaN,NaN,NaN,NaN,NaN,NaN,NaN,NaN,NaN,NaN,NaN,NaN,NaN,NaN,NaN,NaN,NaN,NaN,NaN,NaN,NaN,NaN,NaN,NaN,NaN,NaN,NaN,NaN,NaN,NaN,NaN,NaN,NaN, 1.1907000E-001, 1.1645493E+000, 1.1907000E-001, 2.4404322E+000, 1.1907000E-001, 2.9700188E+000, 1.1907000E-001, 3.1515630E+000, 1.1907000E-001, 2.7184541E-005, 1.1907000E-001, 2.4404322E+000, 1.1907000E-001, 2.7801946E-001, 1.1907000E-001, 2.7056478E-001, 1.1907000E-001, 0.0000000E+000, 1.1907000E-001, 8.9106950E+000
NaN,NaN,NaN,NaN,NaN,NaN,NaN,NaN,NaN,NaN,NaN,NaN,NaN,NaN,NaN,NaN,NaN,NaN,NaN,NaN,NaN,NaN,NaN,NaN,NaN,NaN,NaN,NaN,NaN,NaN,NaN,NaN,NaN,NaN,NaN,NaN,NaN,NaN,NaN,NaN,NaN,NaN,NaN,NaN,NaN,NaN,NaN,NaN,NaN,NaN, 1.2005000E-001, 1.1645493E+000, 1.2005000E-001, 2.4538852E+000, 1.2005000E-001, 2.9889191E+000, 1.2005000E-001, 3.1678925E+000, 1.2005000E-001, 2.6998782E-005, 1.2005000E-001, 2.4538852E+000, 1.2005000E-001, 2.7873024E-001, 1.2005000E-001, 2.7224137E-001, 1.2005000E-001, 0.0000000E+000, 1.2005000E-001, 8.9334667E+000
NaN,NaN,NaN,NaN,NaN,NaN,NaN,NaN,NaN,NaN,NaN,NaN,NaN,NaN,NaN,NaN,NaN,NaN,NaN,NaN,NaN,NaN,NaN,NaN,NaN,NaN,NaN,NaN,NaN,NaN,NaN,NaN,NaN,NaN,NaN,NaN,NaN,NaN,NaN,NaN,NaN,NaN,NaN,NaN,NaN,NaN,NaN,NaN,NaN,NaN, 1.2103000E-001, 1.1645493E+000, 1.2103000E-001, 2.4674238E+000, 1.2103000E-001, 3.0066262E+000, 1.2103000E-001, 3.1834140E+000, 1.2103000E-001, 2.6821275E-005, 1.2103000E-001, 2.4674238E+000, 1.2103000E-001, 2.7942877E-001, 1.2103000E-001, 2.7345426E-001, 1.2103000E-001, 0.0000000E+000, 1.2103000E-001, 8.9558693E+000
NaN,NaN,NaN,NaN,NaN,NaN,NaN,NaN,NaN,NaN,NaN,NaN,NaN,NaN,NaN,NaN,NaN,NaN,NaN,NaN,NaN,NaN,NaN,NaN,NaN,NaN,NaN,NaN,NaN,NaN,NaN,NaN,NaN,NaN,NaN,NaN,NaN,NaN,NaN,NaN,NaN,NaN,NaN,NaN,NaN,NaN,NaN,NaN,NaN,NaN, 1.2201000E-001, 1.1645493E+000, 1.2201000E-001, 2.4674238E+000, 1.2201000E-001, 3.0066262E+000, 1.2201000E-001, 3.1834140E+000, 1.2201000E-001, 2.6668912E-005, 1.2201000E-001, 2.4674238E+000, 1.2201000E-001, 2.8010441E-001, 1.2201000E-001, 2.7444375E-001, 1.2201000E-001, 0.0000000E+000, 1.2201000E-001, 8.9775369E+000
NaN,NaN,NaN,NaN,NaN,NaN,NaN,NaN,NaN,NaN,NaN,NaN,NaN,NaN,NaN,NaN,NaN,NaN,NaN,NaN,NaN,NaN,NaN,NaN,NaN,NaN,NaN,NaN,NaN,NaN,NaN,NaN,NaN,NaN,NaN,NaN,NaN,NaN,NaN,NaN,NaN,NaN,NaN,NaN,NaN,NaN,NaN,NaN,NaN,NaN, 1.2299000E-001, 1.1645493E+000, 1.2299000E-001, 2.4928324E+000, 1.2299000E-001, 3.0385782E+000, 1.2299000E-001, 3.2131905E+000, 1.2299000E-001, 2.6565850E-005, 1.2299000E-001, 2.4928324E+000, 1.2299000E-001, 2.8075919E-001, 1.2299000E-001, 2.7564111E-001, 1.2299000E-001, 0.0000000E+000, 1.2299000E-001, 8.9985162E+000
NaN,NaN,NaN,NaN,NaN,NaN,NaN,NaN,NaN,NaN,NaN,NaN,NaN,NaN,NaN,NaN,NaN,NaN,NaN,NaN,NaN,NaN,NaN,NaN,NaN,NaN,NaN,NaN,NaN,NaN,NaN,NaN,NaN,NaN,NaN,NaN,NaN,NaN,NaN,NaN,NaN,NaN,NaN,NaN,NaN,NaN,NaN,NaN,NaN,NaN, 1.2397000E-001, 1.1645493E+000, 1.2397000E-001, 2.5039514E+000, 1.2397000E-001, 3.0527940E+000, 1.2397000E-001, 3.2279169E+000, 1.2397000E-001, 2.6501653E-005, 1.2397000E-001, 2.5039514E+000, 1.2397000E-001, 2.8135031E-001, 1.2397000E-001, 2.7736358E-001, 1.2397000E-001, 0.0000000E+000, 1.2397000E-001, 9.0174433E+000
NaN,NaN,NaN,NaN,NaN,NaN,NaN,NaN,NaN,NaN,NaN,NaN,NaN,NaN,NaN,NaN,NaN,NaN,NaN,NaN,NaN,NaN,NaN,NaN,NaN,NaN,NaN,NaN,NaN,NaN,NaN,NaN,NaN,NaN,NaN,NaN,NaN,NaN,NaN,NaN,NaN,NaN,NaN,NaN,NaN,NaN,NaN,NaN,NaN,NaN, 1.2495000E-001, 1.1645493E+000, 1.2495000E-001, 2.5142327E+000, 1.2495000E-001, 3.0657108E+000, 1.2495000E-001, 3.2425049E+000, 1.2495000E-001, 2.6443402E-005, 1.2495000E-001, 2.5142327E+000, 1.2495000E-001, 2.8184835E-001, 1.2495000E-001, 2.7937404E-001, 1.2495000E-001, 0.0000000E+000, 1.2495000E-001, 9.0334356E+000
NaN,NaN,NaN,NaN,NaN,NaN,NaN,NaN,NaN,NaN,NaN,NaN,NaN,NaN,NaN,NaN,NaN,NaN,NaN,NaN,NaN,NaN,NaN,NaN,NaN,NaN,NaN,NaN,NaN,NaN,NaN,NaN,NaN,NaN,NaN,NaN,NaN,NaN,NaN,NaN,NaN,NaN,NaN,NaN,NaN,NaN,NaN,NaN,NaN,NaN, 1.2593000E-001, 1.1645493E+000, 1.2593000E-001, 2.5142327E+000, 1.2593000E-001, 3.0657108E+000, 1.2593000E-001, 3.2425049E+000, 1.2593000E-001, 2.6391176E-005, 1.2593000E-001, 2.5142327E+000, 1.2593000E-001, 2.8228643E-001, 1.2593000E-001, 2.8153322E-001, 1.2593000E-001, 0.0000000E+000, 1.2593000E-001, 9.0474733E+000
NaN,NaN,NaN,NaN,NaN,NaN,NaN,NaN,NaN,NaN,NaN,NaN,NaN,NaN,NaN,NaN,NaN,NaN,NaN,NaN,NaN,NaN,NaN,NaN,NaN,NaN,NaN,NaN,NaN,NaN,NaN,NaN,NaN,NaN,NaN,NaN,NaN,NaN,NaN,NaN,NaN,NaN,NaN,NaN,NaN,NaN,NaN,NaN,NaN,NaN, 1.2691000E-001, 1.1645493E+000, 1.2691000E-001, 2.5317563E+000, 1.2691000E-001, 3.0882206E+000, 1.2691000E-001, 3.2719173E+000, 1.2691000E-001, 2.6329234E-005, 1.2691000E-001, 2.5317563E+000, 1.2691000E-001, 2.8268418E-001, 1.2691000E-001, 2.8395973E-001, 1.2691000E-001, 0.0000000E+000, 1.2691000E-001, 9.0602274E+000
NaN,NaN,NaN,NaN,NaN,NaN,NaN,NaN,NaN,NaN,NaN,NaN,NaN,NaN,NaN,NaN,NaN,NaN,NaN,NaN,NaN,NaN,NaN,NaN,NaN,NaN,NaN,NaN,NaN,NaN,NaN,NaN,NaN,NaN,NaN,NaN,NaN,NaN,NaN,NaN,NaN,NaN,NaN,NaN,NaN,NaN,NaN,NaN,NaN,NaN, 1.2789000E-001, 1.1645493E+000, 1.2789000E-001, 2.5317563E+000, 1.2789000E-001, 3.0882206E+000, 1.2789000E-001, 3.2719173E+000, 1.2789000E-001, 2.6250563E-005, 1.2789000E-001, 2.5317563E+000, 1.2789000E-001, 2.8308962E-001, 1.2789000E-001, 2.8590550E-001, 1.2789000E-001, 0.0000000E+000, 1.2789000E-001, 9.0731976E+000
NaN,NaN,NaN,NaN,NaN,NaN,NaN,NaN,NaN,NaN,NaN,NaN,NaN,NaN,NaN,NaN,NaN,NaN,NaN,NaN,NaN,NaN,NaN,NaN,NaN,NaN,NaN,NaN,NaN,NaN,NaN,NaN,NaN,NaN,NaN,NaN,NaN,NaN,NaN,NaN,NaN,NaN,NaN,NaN,NaN,NaN,NaN,NaN,NaN,NaN, 1.2887000E-001, 1.1645493E+000, 1.2887000E-001, 2.5399403E+000, 1.2887000E-001, 3.0986218E+000, 1.2887000E-001, 3.2868781E+000, 1.2887000E-001, 2.6196722E-005, 1.2887000E-001, 2.5399403E+000, 1.2887000E-001, 2.8352377E-001, 1.2887000E-001, 2.8729714E-001, 1.2887000E-001, 0.0000000E+000, 1.2887000E-001, 9.0870836E+000
NaN,NaN,NaN,NaN,NaN,NaN,NaN,NaN,NaN,NaN,NaN,NaN,NaN,NaN,NaN,NaN,NaN,NaN,NaN,NaN,NaN,NaN,NaN,NaN,NaN,NaN,NaN,NaN,NaN,NaN,NaN,NaN,NaN,NaN,NaN,NaN,NaN,NaN,NaN,NaN,NaN,NaN,NaN,NaN,NaN,NaN,NaN,NaN,NaN,NaN, 1.2985000E-001, 1.1645493E+000, 1.2985000E-001, 2.5488606E+000, 1.2985000E-001, 3.1088497E+000, 1.2985000E-001, 3.3016862E+000, 1.2985000E-001, 2.6097072E-005, 1.2985000E-001, 2.5488606E+000, 1.2985000E-001, 2.8396772E-001, 1.2985000E-001, 2.8824695E-001, 1.2985000E-001, 0.0000000E+000, 1.2985000E-001, 9.1012879E+000
NaN,NaN,NaN,NaN,NaN,NaN,NaN,NaN,NaN,NaN,NaN,NaN,NaN,NaN,NaN,NaN,NaN,NaN,NaN,NaN,NaN,NaN,NaN,NaN,NaN,NaN,NaN,NaN,NaN,NaN,NaN,NaN,NaN,NaN,NaN,NaN,NaN,NaN,NaN,NaN,NaN,NaN,NaN,NaN,NaN,NaN,NaN,NaN,NaN,NaN, 1.3083000E-001, 1.1645493E+000, 1.3083000E-001, 2.5656822E+000, 1.3083000E-001, 3.1291162E+000, 1.3083000E-001, 3.3297390E+000, 1.3083000E-001, 2.5988213E-005, 1.3083000E-001, 2.5656822E+000, 1.3083000E-001, 2.8438275E-001, 1.3083000E-001, 2.8899331E-001, 1.3083000E-001, 0.0000000E+000, 1.3083000E-001, 9.1146000E+000
NaN,NaN,NaN,NaN,NaN,NaN,NaN,NaN,NaN,NaN,NaN,NaN,NaN,NaN,NaN,NaN,NaN,NaN,NaN,NaN,NaN,NaN,NaN,NaN,NaN,NaN,NaN,NaN,NaN,NaN,NaN,NaN,NaN,NaN,NaN,NaN,NaN,NaN,NaN,NaN,NaN,NaN,NaN,NaN,NaN,NaN,NaN,NaN,NaN,NaN, 1.3181000E-001, 1.1645493E+000, 1.3181000E-001, 2.5656822E+000, 1.3181000E-001, 3.1291162E+000, 1.3181000E-001, 3.3297390E+000, 1.3181000E-001, 2.5882170E-005, 1.3181000E-001, 2.5656822E+000, 1.3181000E-001, 2.8479389E-001, 1.3181000E-001, 2.8970148E-001, 1.3181000E-001, 0.0000000E+000, 1.3181000E-001, 9.1277682E+000
NaN,NaN,NaN,NaN,NaN,NaN,NaN,NaN,NaN,NaN,NaN,NaN,NaN,NaN,NaN,NaN,NaN,NaN,NaN,NaN,NaN,NaN,NaN,NaN,NaN,NaN,NaN,NaN,NaN,NaN,NaN,NaN,NaN,NaN,NaN,NaN,NaN,NaN,NaN,NaN,NaN,NaN,NaN,NaN,NaN,NaN,NaN,NaN,NaN,NaN, 1.3279000E-001, 1.1645493E+000, 1.3279000E-001, 2.5732416E+000, 1.3279000E-001, 3.1393581E+000, 1.3279000E-001, 3.3428622E+000, 1.3279000E-001, 2.5757287E-005, 1.3279000E-001, 2.5732416E+000, 1.3279000E-001, 2.8519062E-001, 1.3279000E-001, 2.9024682E-001, 1.3279000E-001, 0.0000000E+000, 1.3279000E-001, 9.1404526E+000
NaN,NaN,NaN,NaN,NaN,NaN,NaN,NaN,NaN,NaN,NaN,NaN,NaN,NaN,NaN,NaN,NaN,NaN,NaN,NaN,NaN,NaN,NaN,NaN,NaN,NaN,NaN,NaN,NaN,NaN,NaN,NaN,NaN,NaN,NaN,NaN,NaN,NaN,NaN,NaN,NaN,NaN,NaN,NaN,NaN,NaN,NaN,NaN,NaN,NaN, 1.3377000E-001, 1.1645493E+000, 1.3377000E-001, 2.5882652E+000, 1.3377000E-001, 3.1604164E+000, 1.3377000E-001, 3.3671687E+000, 1.3377000E-001, 2.5663328E-005, 1.3377000E-001, 2.5882652E+000, 1.3377000E-001, 2.8559511E-001, 1.3377000E-001, 2.9136914E-001, 1.3377000E-001, 0.0000000E+000, 1.3377000E-001, 9.1533579E+000
NaN,NaN,NaN,NaN,NaN,NaN,NaN,NaN,NaN,NaN,NaN,NaN,NaN,NaN,NaN,NaN,NaN,NaN,NaN,NaN,NaN,NaN,NaN,NaN,NaN,NaN,NaN,NaN,NaN,NaN,NaN,NaN,NaN,NaN,NaN,NaN,NaN,NaN,NaN,NaN,NaN,NaN,NaN,NaN,NaN,NaN,NaN,NaN,NaN,NaN, 1.3475000E-001, 1.1645493E+000, 1.3475000E-001, 2.5882652E+000, 1.3475000E-001, 3.1604164E+000, 1.3475000E-001, 3.3671687E+000, 1.3475000E-001, 2.5591283E-005, 1.3475000E-001, 2.5882652E+000, 1.3475000E-001, 2.8599732E-001, 1.3475000E-001, 2.9327911E-001, 1.3475000E-001, 0.0000000E+000, 1.3475000E-001, 9.1662043E+000
NaN,NaN,NaN,NaN,NaN,NaN,NaN,NaN,NaN,NaN,NaN,NaN,NaN,NaN,NaN,NaN,NaN,NaN,NaN,NaN,NaN,NaN,NaN,NaN,NaN,NaN,NaN,NaN,NaN,NaN,NaN,NaN,NaN,NaN,NaN,NaN,NaN,NaN,NaN,NaN,NaN,NaN,NaN,NaN,NaN,NaN,NaN,NaN,NaN,NaN, 1.3573000E-001, 1.1645493E+000, 1.3573000E-001, 2.5961059E+000, 1.3573000E-001, 3.1711743E+000, 1.3573000E-001, 3.3785107E+000, 1.3573000E-001, 2.5524159E-005, 1.3573000E-001, 2.5961059E+000, 1.3573000E-001, 2.8639979E-001, 1.3573000E-001, 2.9540682E-001, 1.3573000E-001, 0.0000000E+000, 1.3573000E-001, 9.1790595E+000
NaN,NaN,NaN,NaN,NaN,NaN,NaN,NaN,NaN,NaN,NaN,NaN,NaN,NaN,NaN,NaN,NaN,NaN,NaN,NaN,NaN,NaN,NaN,NaN,NaN,NaN,NaN,NaN,NaN,NaN,NaN,NaN,NaN,NaN,NaN,NaN,NaN,NaN,NaN,NaN,NaN,NaN,NaN,NaN,NaN,NaN,NaN,NaN,NaN,NaN, 1.3671000E-001, 1.1645493E+000, 1.3671000E-001, 2.6029773E+000, 1.3671000E-001, 3.1820512E+000, 1.3671000E-001, 3.3896407E+000, 1.3671000E-001, 2.5466994E-005, 1.3671000E-001, 2.6029773E+000, 1.3671000E-001, 2.8677676E-001, 1.3671000E-001, 2.9769115E-001, 1.3671000E-001, 0.0000000E+000, 1.3671000E-001, 9.1911282E+000
NaN,NaN,NaN,NaN,NaN,NaN,NaN,NaN,NaN,NaN,NaN,NaN,NaN,NaN,NaN,NaN,NaN,NaN,NaN,NaN,NaN,NaN,NaN,NaN,NaN,NaN,NaN,NaN,NaN,NaN,NaN,NaN,NaN,NaN,NaN,NaN,NaN,NaN,NaN,NaN,NaN,NaN,NaN,NaN,NaN,NaN,NaN,NaN,NaN,NaN, 1.3769000E-001, 1.1645493E+000, 1.3769000E-001, 2.6165021E+000, 1.3769000E-001, 3.2029288E+000, 1.3769000E-001, 3.4106923E+000, 1.3769000E-001, 2.5413932E-005, 1.3769000E-001, 2.6165021E+000, 1.3769000E-001, 2.8712140E-001, 1.3769000E-001, 2.9976441E-001, 1.3769000E-001, 0.0000000E+000, 1.3769000E-001, 9.2021852E+000
NaN,NaN,NaN,NaN,NaN,NaN,NaN,NaN,NaN,NaN,NaN,NaN,NaN,NaN,NaN,NaN,NaN,NaN,NaN,NaN,NaN,NaN,NaN,NaN,NaN,NaN,NaN,NaN,NaN,NaN,NaN,NaN,NaN,NaN,NaN,NaN,NaN,NaN,NaN,NaN,NaN,NaN,NaN,NaN,NaN,NaN,NaN,NaN,NaN,NaN, 1.3867000E-001, 1.1645493E+000, 1.3867000E-001, 2.6165021E+000, 1.3867000E-001, 3.2029288E+000, 1.3867000E-001, 3.4106923E+000, 1.3867000E-001, 2.5357574E-005, 1.3867000E-001, 2.6165021E+000, 1.3867000E-001, 2.8744110E-001, 1.3867000E-001, 3.0159018E-001, 1.3867000E-001, 0.0000000E+000, 1.3867000E-001, 9.2124411E+000
NaN,NaN,NaN,NaN,NaN,NaN,NaN,NaN,NaN,NaN,NaN,NaN,NaN,NaN,NaN,NaN,NaN,NaN,NaN,NaN,NaN,NaN,NaN,NaN,NaN,NaN,NaN,NaN,NaN,NaN,NaN,NaN,NaN,NaN,NaN,NaN,NaN,NaN,NaN,NaN,NaN,NaN,NaN,NaN,NaN,NaN,NaN,NaN,NaN,NaN, 1.3965000E-001, 1.1645493E+000, 1.3965000E-001, 2.6284390E+000, 1.3965000E-001, 3.2226932E+000, 1.3965000E-001, 3.4312136E+000, 1.3965000E-001, 2.5277093E-005, 1.3965000E-001, 2.6284390E+000, 1.3965000E-001, 2.8773404E-001, 1.3965000E-001, 3.0265797E-001, 1.3965000E-001, 0.0000000E+000, 1.3965000E-001, 9.2218436E+000
NaN,NaN,NaN,NaN,NaN,NaN,NaN,NaN,NaN,NaN,NaN,NaN,NaN,NaN,NaN,NaN,NaN,NaN,NaN,NaN,NaN,NaN,NaN,NaN,NaN,NaN,NaN,NaN,NaN,NaN,NaN,NaN,NaN,NaN,NaN,NaN,NaN,NaN,NaN,NaN,NaN,NaN,NaN,NaN,NaN,NaN,NaN,NaN,NaN,NaN, 1.4063000E-001, 1.1645493E+000, 1.4063000E-001, 2.6342093E+000, 1.4063000E-001, 3.2321542E+000, 1.4063000E-001, 3.4412346E+000, 1.4063000E-001, 2.5183318E-005, 1.4063000E-001, 2.6342093E+000, 1.4063000E-001, 2.8800852E-001, 1.4063000E-001, 3.0338423E-001, 1.4063000E-001, 0.0000000E+000, 1.4063000E-001, 9.2306556E+000
NaN,NaN,NaN,NaN,NaN,NaN,NaN,NaN,NaN,NaN,NaN,NaN,NaN,NaN,NaN,NaN,NaN,NaN,NaN,NaN,NaN,NaN,NaN,NaN,NaN,NaN,NaN,NaN,NaN,NaN,NaN,NaN,NaN,NaN,NaN,NaN,NaN,NaN,NaN,NaN,NaN,NaN,NaN,NaN,NaN,NaN,NaN,NaN,NaN,NaN, 1.4161000E-001, 1.1645493E+000, 1.4161000E-001, 2.6342093E+000, 1.4161000E-001, 3.2321542E+000, 1.4161000E-001, 3.4412346E+000, 1.4161000E-001, 2.5075348E-005, 1.4161000E-001, 2.6342093E+000, 1.4161000E-001, 2.8825519E-001, 1.4161000E-001, 3.0383375E-001, 1.4161000E-001, 0.0000000E+000, 1.4161000E-001, 9.2385884E+000
NaN,NaN,NaN,NaN,NaN,NaN,NaN,NaN,NaN,NaN,NaN,NaN,NaN,NaN,NaN,NaN,NaN,NaN,NaN,NaN,NaN,NaN,NaN,NaN,NaN,NaN,NaN,NaN,NaN,NaN,NaN,NaN,NaN,NaN,NaN,NaN,NaN,NaN,NaN,NaN,NaN,NaN,NaN,NaN,NaN,NaN,NaN,NaN,NaN,NaN, 1.4259000E-001, 1.1645493E+000, 1.4259000E-001, 2.6440233E+000, 1.4259000E-001, 3.2509990E+000, 1.4259000E-001, 3.4614931E+000, 1.4259000E-001, 2.4966587E-005, 1.4259000E-001, 2.6440233E+000, 1.4259000E-001, 2.8849417E-001, 1.4259000E-001, 3.0376423E-001, 1.4259000E-001, 0.0000000E+000, 1.4259000E-001, 9.2462794E+000
NaN,NaN,NaN,NaN,NaN,NaN,NaN,NaN,NaN,NaN,NaN,NaN,NaN,NaN,NaN,NaN,NaN,NaN,NaN,NaN,NaN,NaN,NaN,NaN,NaN,NaN,NaN,NaN,NaN,NaN,NaN,NaN,NaN,NaN,NaN,NaN,NaN,NaN,NaN,NaN,NaN,NaN,NaN,NaN,NaN,NaN,NaN,NaN,NaN,NaN, 1.4357000E-001, 1.1645493E+000, 1.4357000E-001, 2.6440233E+000, 1.4357000E-001, 3.2509990E+000, 1.4357000E-001, 3.4614931E+000, 1.4357000E-001, 2.4865534E-005, 1.4357000E-001, 2.6440233E+000, 1.4357000E-001, 2.8872598E-001, 1.4357000E-001, 3.0351025E-001, 1.4357000E-001, 0.0000000E+000, 1.4357000E-001, 9.2537124E+000
NaN,NaN,NaN,NaN,NaN,NaN,NaN,NaN,NaN,NaN,NaN,NaN,NaN,NaN,NaN,NaN,NaN,NaN,NaN,NaN,NaN,NaN,NaN,NaN,NaN,NaN,NaN,NaN,NaN,NaN,NaN,NaN,NaN,NaN,NaN,NaN,NaN,NaN,NaN,NaN,NaN,NaN,NaN,NaN,NaN,NaN,NaN,NaN,NaN,NaN, 1.4455000E-001, 1.1645493E+000, 1.4455000E-001, 2.6534693E+000, 1.4455000E-001, 3.2701474E+000, 1.4455000E-001, 3.4813271E+000, 1.4455000E-001, 2.4769470E-005, 1.4455000E-001, 2.6534693E+000, 1.4455000E-001, 2.8896104E-001, 1.4455000E-001, 3.0287223E-001, 1.4455000E-001, 0.0000000E+000, 1.4455000E-001, 9.2612446E+000
NaN,NaN,NaN,NaN,NaN,NaN,NaN,NaN,NaN,NaN,NaN,NaN,NaN,NaN,NaN,NaN,NaN,NaN,NaN,NaN,NaN,NaN,NaN,NaN,NaN,NaN,NaN,NaN,NaN,NaN,NaN,NaN,NaN,NaN,NaN,NaN,NaN,NaN,NaN,NaN,NaN,NaN,NaN,NaN,NaN,NaN,NaN,NaN,NaN,NaN, 1.4553000E-001, 1.1645493E+000, 1.4553000E-001, 2.6534693E+000, 1.4553000E-001, 3.2701474E+000, 1.4553000E-001, 3.4813271E+000, 1.4553000E-001, 2.4678144E-005, 1.4553000E-001, 2.6534693E+000, 1.4553000E-001, 2.8919973E-001, 1.4553000E-001, 3.0194371E-001, 1.4553000E-001, 0.0000000E+000, 1.4553000E-001, 9.2688963E+000
NaN,NaN,NaN,NaN,NaN,NaN,NaN,NaN,NaN,NaN,NaN,NaN,NaN,NaN,NaN,NaN,NaN,NaN,NaN,NaN,NaN,NaN,NaN,NaN,NaN,NaN,NaN,NaN,NaN,NaN,NaN,NaN,NaN,NaN,NaN,NaN,NaN,NaN,NaN,NaN,NaN,NaN,NaN,NaN,NaN,NaN,NaN,NaN,NaN,NaN, 1.4651000E-001, 1.1645493E+000, 1.4651000E-001, 2.6636000E+000, 1.4651000E-001, 3.2891541E+000, 1.4651000E-001, 3.5006411E+000, 1.4651000E-001, 2.4592026E-005, 1.4651000E-001, 2.6636000E+000, 1.4651000E-001, 2.8945950E-001, 1.4651000E-001, 3.0122504E-001, 1.4651000E-001, 0.0000000E+000, 1.4651000E-001, 9.2772145E+000
NaN,NaN,NaN,NaN,NaN,NaN,NaN,NaN,NaN,NaN,NaN,NaN,NaN,NaN,NaN,NaN,NaN,NaN,NaN,NaN,NaN,NaN,NaN,NaN,NaN,NaN,NaN,NaN,NaN,NaN,NaN,NaN,NaN,NaN,NaN,NaN,NaN,NaN,NaN,NaN,NaN,NaN,NaN,NaN,NaN,NaN,NaN,NaN,NaN,NaN, 1.4749000E-001, 1.1645493E+000, 1.4749000E-001, 2.6636000E+000, 1.4749000E-001, 3.2891541E+000, 1.4749000E-001, 3.5006411E+000, 1.4749000E-001, 2.4529291E-005, 1.4749000E-001, 2.6636000E+000, 1.4749000E-001, 2.8970641E-001, 1.4749000E-001, 3.0108639E-001, 1.4749000E-001, 0.0000000E+000, 1.4749000E-001, 9.2851125E+000
NaN,NaN,NaN,NaN,NaN,NaN,NaN,NaN,NaN,NaN,NaN,NaN,NaN,NaN,NaN,NaN,NaN,NaN,NaN,NaN,NaN,NaN,NaN,NaN,NaN,NaN,NaN,NaN,NaN,NaN,NaN,NaN,NaN,NaN,NaN,NaN,NaN,NaN,NaN,NaN,NaN,NaN,NaN,NaN,NaN,NaN,NaN,NaN,NaN,NaN, 1.4847000E-001, 1.1645493E+000, 1.4847000E-001, 2.6675266E+000, 1.4847000E-001, 3.2983117E+000, 1.4847000E-001, 3.5102288E+000, 1.4847000E-001, 2.4507575E-005, 1.4847000E-001, 2.6675266E+000, 1.4847000E-001, 2.8992599E-001, 1.4847000E-001, 3.0234788E-001, 1.4847000E-001, 0.0000000E+000, 1.4847000E-001, 9.2921299E+000
NaN,NaN,NaN,NaN,NaN,NaN,NaN,NaN,NaN,NaN,NaN,NaN,NaN,NaN,NaN,NaN,NaN,NaN,NaN,NaN,NaN,NaN,NaN,NaN,NaN,NaN,NaN,NaN,NaN,NaN,NaN,NaN,NaN,NaN,NaN,NaN,NaN,NaN,NaN,NaN,NaN,NaN,NaN,NaN,NaN,NaN,NaN,NaN,NaN,NaN, 1.4945000E-001, 1.1645493E+000, 1.4945000E-001, 2.6760181E+000, 1.4945000E-001, 3.3150590E+000, 1.4945000E-001, 3.5287878E+000, 1.4945000E-001, 2.4480017E-005, 1.4945000E-001, 2.6760181E+000, 1.4945000E-001, 2.9013213E-001, 1.4945000E-001, 3.0426196E-001, 1.4945000E-001, 0.0000000E+000, 1.4945000E-001, 9.2987085E+000
NaN,NaN,NaN,NaN,NaN,NaN,NaN,NaN,NaN,NaN,NaN,NaN,NaN,NaN,NaN,NaN,NaN,NaN,NaN,NaN,NaN,NaN,NaN,NaN,NaN,NaN,NaN,NaN,NaN,NaN,NaN,NaN,NaN,NaN,NaN,NaN,NaN,NaN,NaN,NaN,NaN,NaN,NaN,NaN,NaN,NaN,NaN,NaN,NaN,NaN, 1.5043000E-001, 1.1645493E+000, 1.5043000E-001, 2.6760181E+000, 1.5043000E-001, 3.3150590E+000, 1.5043000E-001, 3.5287878E+000, 1.5043000E-001, 2.4436612E-005, 1.5043000E-001, 2.6760181E+000, 1.5043000E-001, 2.9030984E-001, 1.5043000E-001, 3.0671446E-001, 1.5043000E-001, 0.0000000E+000, 1.5043000E-001, 9.3043926E+000
NaN,NaN,NaN,NaN,NaN,NaN,NaN,NaN,NaN,NaN,NaN,NaN,NaN,NaN,NaN,NaN,NaN,NaN,NaN,NaN,NaN,NaN,NaN,NaN,NaN,NaN,NaN,NaN,NaN,NaN,NaN,NaN,NaN,NaN,NaN,NaN,NaN,NaN,NaN,NaN,NaN,NaN,NaN,NaN,NaN,NaN,NaN,NaN,NaN,NaN, 1.5141000E-001, 1.1645493E+000, 1.5141000E-001, 2.6809305E+000, 1.5141000E-001, 3.3225351E+000, 1.5141000E-001, 3.5376006E+000, 1.5141000E-001, 2.4397744E-005, 1.5141000E-001, 2.6809305E+000, 1.5141000E-001, 2.9048248E-001, 1.5141000E-001, 3.0929679E-001, 1.5141000E-001, 0.0000000E+000, 1.5141000E-001, 9.3099238E+000
NaN,NaN,NaN,NaN,NaN,NaN,NaN,NaN,NaN,NaN,NaN,NaN,NaN,NaN,NaN,NaN,NaN,NaN,NaN,NaN,NaN,NaN,NaN,NaN,NaN,NaN,NaN,NaN,NaN,NaN,NaN,NaN,NaN,NaN,NaN,NaN,NaN,NaN,NaN,NaN,NaN,NaN,NaN,NaN,NaN,NaN,NaN,NaN,NaN,NaN, 1.5239000E-001, 1.1645493E+000, 1.5239000E-001, 2.6888357E+000, 1.5239000E-001, 3.3374803E+000, 1.5239000E-001, 3.5551921E+000, 1.5239000E-001, 2.4377639E-005, 1.5239000E-001, 2.6888357E+000, 1.5239000E-001, 2.9064885E-001, 1.5239000E-001, 3.1214526E-001, 1.5239000E-001, 0.0000000E+000, 1.5239000E-001, 9.3152738E+000
NaN,NaN,NaN,NaN,NaN,NaN,NaN,NaN,NaN,NaN,NaN,NaN,NaN,NaN,NaN,NaN,NaN,NaN,NaN,NaN,NaN,NaN,NaN,NaN,NaN,NaN,NaN,NaN,NaN,NaN,NaN,NaN,NaN,NaN,NaN,NaN,NaN,NaN,NaN,NaN,NaN,NaN,NaN,NaN,NaN,NaN,NaN,NaN,NaN,NaN, 1.5337000E-001, 1.1645493E+000, 1.5337000E-001, 2.6918010E+000, 1.5337000E-001, 3.3451907E+000, 1.5337000E-001, 3.5640819E+000, 1.5337000E-001, 2.4362198E-005, 1.5337000E-001, 2.6918010E+000, 1.5337000E-001, 2.9081663E-001, 1.5337000E-001, 3.1478137E-001, 1.5337000E-001, 0.0000000E+000, 1.5337000E-001, 9.3206858E+000
NaN,NaN,NaN,NaN,NaN,NaN,NaN,NaN,NaN,NaN,NaN,NaN,NaN,NaN,NaN,NaN,NaN,NaN,NaN,NaN,NaN,NaN,NaN,NaN,NaN,NaN,NaN,NaN,NaN,NaN,NaN,NaN,NaN,NaN,NaN,NaN,NaN,NaN,NaN,NaN,NaN,NaN,NaN,NaN,NaN,NaN,NaN,NaN,NaN,NaN, 1.5435000E-001, 1.1645493E+000, 1.5435000E-001, 2.6918010E+000, 1.5435000E-001, 3.3451907E+000, 1.5435000E-001, 3.5640819E+000, 1.5435000E-001, 2.4367826E-005, 1.5435000E-001, 2.6918010E+000, 1.5435000E-001, 2.9100136E-001, 1.5435000E-001, 3.1692728E-001, 1.5435000E-001, 0.0000000E+000, 1.5435000E-001, 9.3266379E+000
NaN,NaN,NaN,NaN,NaN,NaN,NaN,NaN,NaN,NaN,NaN,NaN,NaN,NaN,NaN,NaN,NaN,NaN,NaN,NaN,NaN,NaN,NaN,NaN,NaN,NaN,NaN,NaN,NaN,NaN,NaN,NaN,NaN,NaN,NaN,NaN,NaN,NaN,NaN,NaN,NaN,NaN,NaN,NaN,NaN,NaN,NaN,NaN,NaN,NaN, 1.5533000E-001, 1.1645493E+000, 1.5533000E-001, 2.7002691E+000, 1.5533000E-001, 3.3597166E+000, 1.5533000E-001, 3.5806955E+000, 1.5533000E-001, 2.4374560E-005, 1.5533000E-001, 2.7002691E+000, 1.5533000E-001, 2.9121448E-001, 1.5533000E-001, 3.1819750E-001, 1.5533000E-001, 0.0000000E+000, 1.5533000E-001, 9.3334984E+000
NaN,NaN,NaN,NaN,NaN,NaN,NaN,NaN,NaN,NaN,NaN,NaN,NaN,NaN,NaN,NaN,NaN,NaN,NaN,NaN,NaN,NaN,NaN,NaN,NaN,NaN,NaN,NaN,NaN,NaN,NaN,NaN,NaN,NaN,NaN,NaN,NaN,NaN,NaN,NaN,NaN,NaN,NaN,NaN,NaN,NaN,NaN,NaN,NaN,NaN, 1.5631000E-001, 1.1645493E+000, 1.5631000E-001, 2.7002691E+000, 1.5631000E-001, 3.3597166E+000, 1.5631000E-001, 3.5806955E+000, 1.5631000E-001, 2.4358030E-005, 1.5631000E-001, 2.7002691E+000, 1.5631000E-001, 2.9141947E-001, 1.5631000E-001, 3.1920915E-001, 1.5631000E-001, 0.0000000E+000, 1.5631000E-001, 9.3401087E+000
NaN,NaN,NaN,NaN,NaN,NaN,NaN,NaN,NaN,NaN,NaN,NaN,NaN,NaN,NaN,NaN,NaN,NaN,NaN,NaN,NaN,NaN,NaN,NaN,NaN,NaN,NaN,NaN,NaN,NaN,NaN,NaN,NaN,NaN,NaN,NaN,NaN,NaN,NaN,NaN,NaN,NaN,NaN,NaN,NaN,NaN,NaN,NaN,NaN,NaN, 1.5729000E-001, 1.1645493E+000, 1.5729000E-001, 2.7057055E+000, 1.5729000E-001, 3.3664768E+000, 1.5729000E-001, 3.5881952E+000, 1.5729000E-001, 2.4323967E-005, 1.5729000E-001, 2.7057055E+000, 1.5729000E-001, 2.9164994E-001, 1.5729000E-001, 3.1965872E-001, 1.5729000E-001, 0.0000000E+000, 1.5729000E-001, 9.3475313E+000
NaN,NaN,NaN,NaN,NaN,NaN,NaN,NaN,NaN,NaN,NaN,NaN,NaN,NaN,NaN,NaN,NaN,NaN,NaN,NaN,NaN,NaN,NaN,NaN,NaN,NaN,NaN,NaN,NaN,NaN,NaN,NaN,NaN,NaN,NaN,NaN,NaN,NaN,NaN,NaN,NaN,NaN,NaN,NaN,NaN,NaN,NaN,NaN,NaN,NaN, 1.5827000E-001, 1.1645493E+000, 1.5827000E-001, 2.7093605E+000, 1.5827000E-001, 3.3740565E+000, 1.5827000E-001, 3.5960293E+000, 1.5827000E-001, 2.4194000E-005, 1.5827000E-001, 2.7093605E+000, 1.5827000E-001, 2.9188351E-001, 1.5827000E-001, 3.2013556E-001, 1.5827000E-001, 0.0000000E+000, 1.5827000E-001, 9.3550482E+000
NaN,NaN,NaN,NaN,NaN,NaN,NaN,NaN,NaN,NaN,NaN,NaN,NaN,NaN,NaN,NaN,NaN,NaN,NaN,NaN,NaN,NaN,NaN,NaN,NaN,NaN,NaN,NaN,NaN,NaN,NaN,NaN,NaN,NaN,NaN,NaN,NaN,NaN,NaN,NaN,NaN,NaN,NaN,NaN,NaN,NaN,NaN,NaN,NaN,NaN, 1.5925000E-001, 1.1645493E+000, 1.5925000E-001, 2.7183724E+000, 1.5925000E-001, 3.3885475E+000, 1.5925000E-001, 3.6104372E+000, 1.5925000E-001, 2.4069664E-005, 1.5925000E-001, 2.7183724E+000, 1.5925000E-001, 2.9210401E-001, 1.5925000E-001, 3.2125181E-001, 1.5925000E-001, 0.0000000E+000, 1.5925000E-001, 9.3621187E+000
NaN,NaN,NaN,NaN,NaN,NaN,NaN,NaN,NaN,NaN,NaN,NaN,NaN,NaN,NaN,NaN,NaN,NaN,NaN,NaN,NaN,NaN,NaN,NaN,NaN,NaN,NaN,NaN,NaN,NaN,NaN,NaN,NaN,NaN,NaN,NaN,NaN,NaN,NaN,NaN,NaN,NaN,NaN,NaN,NaN,NaN,NaN,NaN,NaN,NaN, 1.6023000E-001, 1.1645493E+000, 1.6023000E-001, 2.7240592E+000, 1.6023000E-001, 3.3951713E+000, 1.6023000E-001, 3.6171202E+000, 1.6023000E-001, 2.3957570E-005, 1.6023000E-001, 2.7240592E+000, 1.6023000E-001, 2.9233595E-001, 1.6023000E-001, 3.2294719E-001, 1.6023000E-001, 0.0000000E+000, 1.6023000E-001, 9.3695404E+000
NaN,NaN,NaN,NaN,NaN,NaN,NaN,NaN,NaN,NaN,NaN,NaN,NaN,NaN,NaN,NaN,NaN,NaN,NaN,NaN,NaN,NaN,NaN,NaN,NaN,NaN,NaN,NaN,NaN,NaN,NaN,NaN,NaN,NaN,NaN,NaN,NaN,NaN,NaN,NaN,NaN,NaN,NaN,NaN,NaN,NaN,NaN,NaN,NaN,NaN, 1.6121000E-001, 1.1645493E+000, 1.6121000E-001, 2.7240592E+000, 1.6121000E-001, 3.3951713E+000, 1.6121000E-001, 3.6171202E+000, 1.6121000E-001, 2.3873899E-005, 1.6121000E-001, 2.7240592E+000, 1.6121000E-001, 2.9252466E-001, 1.6121000E-001, 3.2511583E-001, 1.6121000E-001, 0.0000000E+000, 1.6121000E-001, 9.3755945E+000
NaN,NaN,NaN,NaN,NaN,NaN,NaN,NaN,NaN,NaN,NaN,NaN,NaN,NaN,NaN,NaN,NaN,NaN,NaN,NaN,NaN,NaN,NaN,NaN,NaN,NaN,NaN,NaN,NaN,NaN,NaN,NaN,NaN,NaN,NaN,NaN,NaN,NaN,NaN,NaN,NaN,NaN,NaN,NaN,NaN,NaN,NaN,NaN,NaN,NaN, 1.6219000E-001, 1.1645493E+000, 1.6219000E-001, 2.7319610E+000, 1.6219000E-001, 3.4085437E+000, 1.6219000E-001, 3.6315157E+000, 1.6219000E-001, 2.3812109E-005, 1.6219000E-001, 2.7319610E+000, 1.6219000E-001, 2.9273027E-001, 1.6219000E-001, 3.2781461E-001, 1.6219000E-001, 0.0000000E+000, 1.6219000E-001, 9.3821721E+000
NaN,NaN,NaN,NaN,NaN,NaN,NaN,NaN,NaN,NaN,NaN,NaN,NaN,NaN,NaN,NaN,NaN,NaN,NaN,NaN,NaN,NaN,NaN,NaN,NaN,NaN,NaN,NaN,NaN,NaN,NaN,NaN,NaN,NaN,NaN,NaN,NaN,NaN,NaN,NaN,NaN,NaN,NaN,NaN,NaN,NaN,NaN,NaN,NaN,NaN, 1.6317000E-001, 1.1645493E+000, 1.6317000E-001, 2.7319610E+000, 1.6317000E-001, 3.4085437E+000, 1.6317000E-001, 3.6315157E+000, 1.6317000E-001, 2.3734042E-005, 1.6317000E-001, 2.7319610E+000, 1.6317000E-001, 2.9289521E-001, 1.6317000E-001, 3.2975431E-001, 1.6317000E-001, 0.0000000E+000, 1.6317000E-001, 9.3874619E+000
NaN,NaN,NaN,NaN,NaN,NaN,NaN,NaN,NaN,NaN,NaN,NaN,NaN,NaN,NaN,NaN,NaN,NaN,NaN,NaN,NaN,NaN,NaN,NaN,NaN,NaN,NaN,NaN,NaN,NaN,NaN,NaN,NaN,NaN,NaN,NaN,NaN,NaN,NaN,NaN,NaN,NaN,NaN,NaN,NaN,NaN,NaN,NaN,NaN,NaN, 1.6415000E-001, 1.1645493E+000, 1.6415000E-001, 2.7341021E+000, 1.6415000E-001, 3.4152971E+000, 1.6415000E-001, 3.6394788E+000, 1.6415000E-001, 2.3640271E-005, 1.6415000E-001, 2.7341021E+000, 1.6415000E-001, 2.9307517E-001, 1.6415000E-001, 3.3139765E-001, 1.6415000E-001, 0.0000000E+000, 1.6415000E-001, 9.3932415E+000
NaN,NaN,NaN,NaN,NaN,NaN,NaN,NaN,NaN,NaN,NaN,NaN,NaN,NaN,NaN,NaN,NaN,NaN,NaN,NaN,NaN,NaN,NaN,NaN,NaN,NaN,NaN,NaN,NaN,NaN,NaN,NaN,NaN,NaN,NaN,NaN,NaN,NaN,NaN,NaN,NaN,NaN,NaN,NaN,NaN,NaN,NaN,NaN,NaN,NaN, 1.6513000E-001, 1.1645493E+000, 1.6513000E-001, 2.7404396E+000, 1.6513000E-001, 3.4268083E+000, 1.6513000E-001, 3.6542081E+000, 1.6513000E-001, 2.3622327E-005, 1.6513000E-001, 2.7404396E+000, 1.6513000E-001, 2.9321565E-001, 1.6513000E-001, 3.3301817E-001, 1.6513000E-001, 0.0000000E+000, 1.6513000E-001, 9.3977569E+000
NaN,NaN,NaN,NaN,NaN,NaN,NaN,NaN,NaN,NaN,NaN,NaN,NaN,NaN,NaN,NaN,NaN,NaN,NaN,NaN,NaN,NaN,NaN,NaN,NaN,NaN,NaN,NaN,NaN,NaN,NaN,NaN,NaN,NaN,NaN,NaN,NaN,NaN,NaN,NaN,NaN,NaN,NaN,NaN,NaN,NaN,NaN,NaN,NaN,NaN, 1.6611000E-001, 1.1645493E+000, 1.6611000E-001, 2.7404396E+000, 1.6611000E-001, 3.4268083E+000, 1.6611000E-001, 3.6542081E+000, 1.6611000E-001, 2.3619915E-005, 1.6611000E-001, 2.7404396E+000, 1.6611000E-001, 2.9336346E-001, 1.6611000E-001, 3.3411168E-001, 1.6611000E-001, 0.0000000E+000, 1.6611000E-001, 9.4024925E+000
NaN,NaN,NaN,NaN,NaN,NaN,NaN,NaN,NaN,NaN,NaN,NaN,NaN,NaN,NaN,NaN,NaN,NaN,NaN,NaN,NaN,NaN,NaN,NaN,NaN,NaN,NaN,NaN,NaN,NaN,NaN,NaN,NaN,NaN,NaN,NaN,NaN,NaN,NaN,NaN,NaN,NaN,NaN,NaN,NaN,NaN,NaN,NaN,NaN,NaN, 1.6709000E-001, 1.1645493E+000, 1.6709000E-001, 2.7453034E+000, 1.6709000E-001, 3.4318691E+000, 1.6709000E-001, 3.6607816E+000, 1.6709000E-001, 2.3650515E-005, 1.6709000E-001, 2.7453034E+000, 1.6709000E-001, 2.9351390E-001, 1.6709000E-001, 3.3447774E-001, 1.6709000E-001, 0.0000000E+000, 1.6709000E-001, 9.4073227E+000
NaN,NaN,NaN,NaN,NaN,NaN,NaN,NaN,NaN,NaN,NaN,NaN,NaN,NaN,NaN,NaN,NaN,NaN,NaN,NaN,NaN,NaN,NaN,NaN,NaN,NaN,NaN,NaN,NaN,NaN,NaN,NaN,NaN,NaN,NaN,NaN,NaN,NaN,NaN,NaN,NaN,NaN,NaN,NaN,NaN,NaN,NaN,NaN,NaN,NaN, 1.6807000E-001, 1.1645493E+000, 1.6807000E-001, 2.7462351E+000, 1.6807000E-001, 3.4378705E+000, 1.6807000E-001, 3.6682772E+000, 1.6807000E-001, 2.3619023E-005, 1.6807000E-001, 2.7462351E+000, 1.6807000E-001, 2.9365329E-001, 1.6807000E-001, 3.3480598E-001, 1.6807000E-001, 0.0000000E+000, 1.6807000E-001, 9.4118184E+000
NaN,NaN,NaN,NaN,NaN,NaN,NaN,NaN,NaN,NaN,NaN,NaN,NaN,NaN,NaN,NaN,NaN,NaN,NaN,NaN,NaN,NaN,NaN,NaN,NaN,NaN,NaN,NaN,NaN,NaN,NaN,NaN,NaN,NaN,NaN,NaN,NaN,NaN,NaN,NaN,NaN,NaN,NaN,NaN,NaN,NaN,NaN,NaN,NaN,NaN, 1.6905000E-001, 1.1645493E+000, 1.6905000E-001, 2.7509594E+000, 1.6905000E-001, 3.4428655E+000, 1.6905000E-001, 3.6748390E+000, 1.6905000E-001, 2.3583556E-005, 1.6905000E-001, 2.7509594E+000, 1.6905000E-001, 2.9376246E-001, 1.6905000E-001, 3.3490809E-001, 1.6905000E-001, 0.0000000E+000, 1.6905000E-001, 9.4153545E+000
NaN,NaN,NaN,NaN,NaN,NaN,NaN,NaN,NaN,NaN,NaN,NaN,NaN,NaN,NaN,NaN,NaN,NaN,NaN,NaN,NaN,NaN,NaN,NaN,NaN,NaN,NaN,NaN,NaN,NaN,NaN,NaN,NaN,NaN,NaN,NaN,NaN,NaN,NaN,NaN,NaN,NaN,NaN,NaN,NaN,NaN,NaN,NaN,NaN,NaN, 1.7003000E-001, 1.1645493E+000, 1.7003000E-001, 2.7513417E+000, 1.7003000E-001, 3.4489158E+000, 1.7003000E-001, 3.6818200E+000, 1.7003000E-001, 2.3549862E-005, 1.7003000E-001, 2.7513417E+000, 1.7003000E-001, 2.9392027E-001, 1.7003000E-001, 3.3450017E-001, 1.7003000E-001, 0.0000000E+000, 1.7003000E-001, 9.4204275E+000
NaN,NaN,NaN,NaN,NaN,NaN,NaN,NaN,NaN,NaN,NaN,NaN,NaN,NaN,NaN,NaN,NaN,NaN,NaN,NaN,NaN,NaN,NaN,NaN,NaN,NaN,NaN,NaN,NaN,NaN,NaN,NaN,NaN,NaN,NaN,NaN,NaN,NaN,NaN,NaN,NaN,NaN,NaN,NaN,NaN,NaN,NaN,NaN,NaN,NaN, 1.7101000E-001, 1.1645493E+000, 1.7101000E-001, 2.7564046E+000, 1.7101000E-001, 3.4540585E+000, 1.7101000E-001, 3.6881636E+000, 1.7101000E-001, 2.3510697E-005, 1.7101000E-001, 2.7564046E+000, 1.7101000E-001, 2.9405730E-001, 1.7101000E-001, 3.3412792E-001, 1.7101000E-001, 0.0000000E+000, 1.7101000E-001, 9.4248294E+000
NaN,NaN,NaN,NaN,NaN,NaN,NaN,NaN,NaN,NaN,NaN,NaN,NaN,NaN,NaN,NaN,NaN,NaN,NaN,NaN,NaN,NaN,NaN,NaN,NaN,NaN,NaN,NaN,NaN,NaN,NaN,NaN,NaN,NaN,NaN,NaN,NaN,NaN,NaN,NaN,NaN,NaN,NaN,NaN,NaN,NaN,NaN,NaN,NaN,NaN, 1.7199000E-001, 1.1645493E+000, 1.7199000E-001, 2.7611889E+000, 1.7199000E-001, 3.4648644E+000, 1.7199000E-001, 3.7006755E+000, 1.7199000E-001, 2.3477986E-005, 1.7199000E-001, 2.7611889E+000, 1.7199000E-001, 2.9418404E-001, 1.7199000E-001, 3.3375673E-001, 1.7199000E-001, 0.0000000E+000, 1.7199000E-001, 9.4288743E+000
NaN,NaN,NaN,NaN,NaN,NaN,NaN,NaN,NaN,NaN,NaN,NaN,NaN,NaN,NaN,NaN,NaN,NaN,NaN,NaN,NaN,NaN,NaN,NaN,NaN,NaN,NaN,NaN,NaN,NaN,NaN,NaN,NaN,NaN,NaN,NaN,NaN,NaN,NaN,NaN,NaN,NaN,NaN,NaN,NaN,NaN,NaN,NaN,NaN,NaN, 1.7297000E-001, 1.1645493E+000, 1.7297000E-001, 2.7607730E+000, 1.7297000E-001, 3.4708310E+000, 1.7297000E-001, 3.7074511E+000, 1.7297000E-001, 2.3449220E-005, 1.7297000E-001, 2.7607730E+000, 1.7297000E-001, 2.9429754E-001, 1.7297000E-001, 3.3323551E-001, 1.7297000E-001, 0.0000000E+000, 1.7297000E-001, 9.4325153E+000
NaN,NaN,NaN,NaN,NaN,NaN,NaN,NaN,NaN,NaN,NaN,NaN,NaN,NaN,NaN,NaN,NaN,NaN,NaN,NaN,NaN,NaN,NaN,NaN,NaN,NaN,NaN,NaN,NaN,NaN,NaN,NaN,NaN,NaN,NaN,NaN,NaN,NaN,NaN,NaN,NaN,NaN,NaN,NaN,NaN,NaN,NaN,NaN,NaN,NaN, 1.7395000E-001, 1.1645493E+000, 1.7395000E-001, 2.7607730E+000, 1.7395000E-001, 3.4708310E+000, 1.7395000E-001, 3.7074511E+000, 1.7395000E-001, 2.3437545E-005, 1.7395000E-001, 2.7607730E+000, 1.7395000E-001, 2.9442164E-001, 1.7395000E-001, 3.3259735E-001, 1.7395000E-001, 0.0000000E+000, 1.7395000E-001, 9.4364821E+000
NaN,NaN,NaN,NaN,NaN,NaN,NaN,NaN,NaN,NaN,NaN,NaN,NaN,NaN,NaN,NaN,NaN,NaN,NaN,NaN,NaN,NaN,NaN,NaN,NaN,NaN,NaN,NaN,NaN,NaN,NaN,NaN,NaN,NaN,NaN,NaN,NaN,NaN,NaN,NaN,NaN,NaN,NaN,NaN,NaN,NaN,NaN,NaN,NaN,NaN, 1.7493000E-001, 1.1645493E+000, 1.7493000E-001, 2.7650721E+000, 1.7493000E-001, 3.4813033E+000, 1.7493000E-001, 3.7193824E+000, 1.7493000E-001, 2.3334227E-005, 1.7493000E-001, 2.7650721E+000, 1.7493000E-001, 2.9451423E-001, 1.7493000E-001, 3.3145154E-001, 1.7493000E-001, 0.0000000E+000, 1.7493000E-001, 9.4394537E+000
NaN,NaN,NaN,NaN,NaN,NaN,NaN,NaN,NaN,NaN,NaN,NaN,NaN,NaN,NaN,NaN,NaN,NaN,NaN,NaN,NaN,NaN,NaN,NaN,NaN,NaN,NaN,NaN,NaN,NaN,NaN,NaN,NaN,NaN,NaN,NaN,NaN,NaN,NaN,NaN,NaN,NaN,NaN,NaN,NaN,NaN,NaN,NaN,NaN,NaN, 1.7591000E-001, 1.1645493E+000, 1.7591000E-001, 2.7650721E+000, 1.7591000E-001, 3.4813033E+000, 1.7591000E-001, 3.7193824E+000, 1.7591000E-001, 2.3285986E-005, 1.7591000E-001, 2.7650721E+000, 1.7591000E-001, 2.9461432E-001, 1.7591000E-001, 3.3136129E-001, 1.7591000E-001, 0.0000000E+000, 1.7591000E-001, 9.4426730E+000
NaN,NaN,NaN,NaN,NaN,NaN,NaN,NaN,NaN,NaN,NaN,NaN,NaN,NaN,NaN,NaN,NaN,NaN,NaN,NaN,NaN,NaN,NaN,NaN,NaN,NaN,NaN,NaN,NaN,NaN,NaN,NaN,NaN,NaN,NaN,NaN,NaN,NaN,NaN,NaN,NaN,NaN,NaN,NaN,NaN,NaN,NaN,NaN,NaN,NaN, 1.7689000E-001, 1.1645493E+000, 1.7689000E-001, 2.7701549E+000, 1.7689000E-001, 3.4856409E+000, 1.7689000E-001, 3.7245175E+000, 1.7689000E-001, 2.3236113E-005, 1.7689000E-001, 2.7701549E+000, 1.7689000E-001, 2.9468896E-001, 1.7689000E-001, 3.3060798E-001, 1.7689000E-001, 0.0000000E+000, 1.7689000E-001, 9.4450832E+000
NaN,NaN,NaN,NaN,NaN,NaN,NaN,NaN,NaN,NaN,NaN,NaN,NaN,NaN,NaN,NaN,NaN,NaN,NaN,NaN,NaN,NaN,NaN,NaN,NaN,NaN,NaN,NaN,NaN,NaN,NaN,NaN,NaN,NaN,NaN,NaN,NaN,NaN,NaN,NaN,NaN,NaN,NaN,NaN,NaN,NaN,NaN,NaN,NaN,NaN, 1.7787000E-001, 1.1645493E+000, 1.7787000E-001, 2.7689164E+000, 1.7787000E-001, 3.4920823E+000, 1.7787000E-001, 3.7306849E+000, 1.7787000E-001, 2.3222169E-005, 1.7787000E-001, 2.7689164E+000, 1.7787000E-001, 2.9476251E-001, 1.7787000E-001, 3.3023878E-001, 1.7787000E-001, 0.0000000E+000, 1.7787000E-001, 9.4474599E+000
NaN,NaN,NaN,NaN,NaN,NaN,NaN,NaN,NaN,NaN,NaN,NaN,NaN,NaN,NaN,NaN,NaN,NaN,NaN,NaN,NaN,NaN,NaN,NaN,NaN,NaN,NaN,NaN,NaN,NaN,NaN,NaN,NaN,NaN,NaN,NaN,NaN,NaN,NaN,NaN,NaN,NaN,NaN,NaN,NaN,NaN,NaN,NaN,NaN,NaN, 1.7885000E-001, 1.1645493E+000, 1.7885000E-001, 2.7738059E+000, 1.7885000E-001, 3.4960400E+000, 1.7885000E-001, 3.7354996E+000, 1.7885000E-001, 2.3265743E-005, 1.7885000E-001, 2.7738059E+000, 1.7885000E-001, 2.9484970E-001, 1.7885000E-001, 3.2895024E-001, 1.7885000E-001, 0.0000000E+000, 1.7885000E-001, 9.4502633E+000
NaN,NaN,NaN,NaN,NaN,NaN,NaN,NaN,NaN,NaN,NaN,NaN,NaN,NaN,NaN,NaN,NaN,NaN,NaN,NaN,NaN,NaN,NaN,NaN,NaN,NaN,NaN,NaN,NaN,NaN,NaN,NaN,NaN,NaN,NaN,NaN,NaN,NaN,NaN,NaN,NaN,NaN,NaN,NaN,NaN,NaN,NaN,NaN,NaN,NaN, 1.7983000E-001, 1.1645493E+000, 1.7983000E-001, 2.7724075E+000, 1.7983000E-001, 3.5027418E+000, 1.7983000E-001, 3.7415085E+000, 1.7983000E-001, 2.3257702E-005, 1.7983000E-001, 2.7724075E+000, 1.7983000E-001, 2.9492950E-001, 1.7983000E-001, 3.2770395E-001, 1.7983000E-001, 0.0000000E+000, 1.7983000E-001, 9.4528345E+000
NaN,NaN,NaN,NaN,NaN,NaN,NaN,NaN,NaN,NaN,NaN,NaN,NaN,NaN,NaN,NaN,NaN,NaN,NaN,NaN,NaN,NaN,NaN,NaN,NaN,NaN,NaN,NaN,NaN,NaN,NaN,NaN,NaN,NaN,NaN,NaN,NaN,NaN,NaN,NaN,NaN,NaN,NaN,NaN,NaN,NaN,NaN,NaN,NaN,NaN, 1.8081000E-001, 1.1645493E+000, 1.8081000E-001, 2.7776036E+000, 1.8081000E-001, 3.5066442E+000, 1.8081000E-001, 3.7465497E+000, 1.8081000E-001, 2.3231548E-005, 1.8081000E-001, 2.7776036E+000, 1.8081000E-001, 2.9500387E-001, 1.8081000E-001, 3.2529691E-001, 1.8081000E-001, 0.0000000E+000, 1.8081000E-001, 9.4552247E+000
NaN,NaN,NaN,NaN,NaN,NaN,NaN,NaN,NaN,NaN,NaN,NaN,NaN,NaN,NaN,NaN,NaN,NaN,NaN,NaN,NaN,NaN,NaN,NaN,NaN,NaN,NaN,NaN,NaN,NaN,NaN,NaN,NaN,NaN,NaN,NaN,NaN,NaN,NaN,NaN,NaN,NaN,NaN,NaN,NaN,NaN,NaN,NaN,NaN,NaN, 1.8179000E-001, 1.1645493E+000, 1.8179000E-001, 2.7760919E+000, 1.8179000E-001, 3.5132415E+000, 1.8179000E-001, 3.7525070E+000, 1.8179000E-001, 2.3242081E-005, 1.8179000E-001, 2.7760919E+000, 1.8179000E-001, 2.9512051E-001, 1.8179000E-001, 3.2266189E-001, 1.8179000E-001, 0.0000000E+000, 1.8179000E-001, 9.4589626E+000
NaN,NaN,NaN,NaN,NaN,NaN,NaN,NaN,NaN,NaN,NaN,NaN,NaN,NaN,NaN,NaN,NaN,NaN,NaN,NaN,NaN,NaN,NaN,NaN,NaN,NaN,NaN,NaN,NaN,NaN,NaN,NaN,NaN,NaN,NaN,NaN,NaN,NaN,NaN,NaN,NaN,NaN,NaN,NaN,NaN,NaN,NaN,NaN,NaN,NaN, 1.8277000E-001, 1.1645493E+000, 1.8277000E-001, 2.7819797E+000, 1.8277000E-001, 3.5168523E+000, 1.8277000E-001, 3.7570944E+000, 1.8277000E-001, 2.3237222E-005, 1.8277000E-001, 2.7819797E+000, 1.8277000E-001, 2.9520345E-001, 1.8277000E-001, 3.1932316E-001, 1.8277000E-001, 0.0000000E+000, 1.8277000E-001, 9.4616324E+000
NaN,NaN,NaN,NaN,NaN,NaN,NaN,NaN,NaN,NaN,NaN,NaN,NaN,NaN,NaN,NaN,NaN,NaN,NaN,NaN,NaN,NaN,NaN,NaN,NaN,NaN,NaN,NaN,NaN,NaN,NaN,NaN,NaN,NaN,NaN,NaN,NaN,NaN,NaN,NaN,NaN,NaN,NaN,NaN,NaN,NaN,NaN,NaN,NaN,NaN, 1.8375000E-001, 1.1645493E+000, 1.8375000E-001, 2.7803477E+000, 1.8375000E-001, 3.5235760E+000, 1.8375000E-001, 3.7633745E+000, 1.8375000E-001, 2.3258330E-005, 1.8375000E-001, 2.7803477E+000, 1.8375000E-001, 2.9532315E-001, 1.8375000E-001, 3.1673431E-001, 1.8375000E-001, 0.0000000E+000, 1.8375000E-001, 9.4654760E+000
NaN,NaN,NaN,NaN,NaN,NaN,NaN,NaN,NaN,NaN,NaN,NaN,NaN,NaN,NaN,NaN,NaN,NaN,NaN,NaN,NaN,NaN,NaN,NaN,NaN,NaN,NaN,NaN,NaN,NaN,NaN,NaN,NaN,NaN,NaN,NaN,NaN,NaN,NaN,NaN,NaN,NaN,NaN,NaN,NaN,NaN,NaN,NaN,NaN,NaN, 1.8473000E-001, 1.1645493E+000, 1.8473000E-001, 2.7863116E+000, 1.8473000E-001, 3.5270183E+000, 1.8473000E-001, 3.7678471E+000, 1.8473000E-001, 2.3291717E-005, 1.8473000E-001, 2.7863116E+000, 1.8473000E-001, 2.9539585E-001, 1.8473000E-001, 3.1321156E-001, 1.8473000E-001, 0.0000000E+000, 1.8473000E-001, 9.4678182E+000
NaN,NaN,NaN,NaN,NaN,NaN,NaN,NaN,NaN,NaN,NaN,NaN,NaN,NaN,NaN,NaN,NaN,NaN,NaN,NaN,NaN,NaN,NaN,NaN,NaN,NaN,NaN,NaN,NaN,NaN,NaN,NaN,NaN,NaN,NaN,NaN,NaN,NaN,NaN,NaN,NaN,NaN,NaN,NaN,NaN,NaN,NaN,NaN,NaN,NaN, 1.8571000E-001, 1.1645493E+000, 1.8571000E-001, 2.7910068E+000, 1.8571000E-001, 3.5360642E+000, 1.8571000E-001, 3.7782052E+000, 1.8571000E-001, 2.3344608E-005, 1.8571000E-001, 2.7910068E+000, 1.8571000E-001, 2.9550994E-001, 1.8571000E-001, 3.0878599E-001, 1.8571000E-001, 0.0000000E+000, 1.8571000E-001, 9.4714862E+000
NaN,NaN,NaN,NaN,NaN,NaN,NaN,NaN,NaN,NaN,NaN,NaN,NaN,NaN,NaN,NaN,NaN,NaN,NaN,NaN,NaN,NaN,NaN,NaN,NaN,NaN,NaN,NaN,NaN,NaN,NaN,NaN,NaN,NaN,NaN,NaN,NaN,NaN,NaN,NaN,NaN,NaN,NaN,NaN,NaN,NaN,NaN,NaN,NaN,NaN, 1.8669000E-001, 1.1645493E+000, 1.8669000E-001, 2.7910068E+000, 1.8669000E-001, 3.5360642E+000, 1.8669000E-001, 3.7782052E+000, 1.8669000E-001, 2.3312953E-005, 1.8669000E-001, 2.7910068E+000, 1.8669000E-001, 2.9565079E-001, 1.8669000E-001, 3.0166388E-001, 1.8669000E-001, 0.0000000E+000, 1.8669000E-001, 9.4759950E+000
NaN,NaN,NaN,NaN,NaN,NaN,NaN,NaN,NaN,NaN,NaN,NaN,NaN,NaN,NaN,NaN,NaN,NaN,NaN,NaN,NaN,NaN,NaN,NaN,NaN,NaN,NaN,NaN,NaN,NaN,NaN,NaN,NaN,NaN,NaN,NaN,NaN,NaN,NaN,NaN,NaN,NaN,NaN,NaN,NaN,NaN,NaN,NaN,NaN,NaN, 1.8767000E-001, 1.1645493E+000, 1.8767000E-001, 2.7893867E+000, 1.8767000E-001, 3.5432980E+000, 1.8767000E-001, 3.7841842E+000, 1.8767000E-001, 2.3283326E-005, 1.8767000E-001, 2.7893867E+000, 1.8767000E-001, 2.9578449E-001, 1.8767000E-001, 2.9295769E-001, 1.8767000E-001, 0.0000000E+000, 1.8767000E-001, 9.4802735E+000
NaN,NaN,NaN,NaN,NaN,NaN,NaN,NaN,NaN,NaN,NaN,NaN,NaN,NaN,NaN,NaN,NaN,NaN,NaN,NaN,NaN,NaN,NaN,NaN,NaN,NaN,NaN,NaN,NaN,NaN,NaN,NaN,NaN,NaN,NaN,NaN,NaN,NaN,NaN,NaN,NaN,NaN,NaN,NaN,NaN,NaN,NaN,NaN,NaN,NaN, 1.8865000E-001, 1.1645493E+000, 1.8865000E-001, 2.7961799E+000, 1.8865000E-001, 3.5541607E+000, 1.8865000E-001, 3.7950015E+000, 1.8865000E-001, 2.3381927E-005, 1.8865000E-001, 2.7961799E+000, 1.8865000E-001, 2.9599168E-001, 1.8865000E-001, 2.8163781E-001, 1.8865000E-001, 0.0000000E+000, 1.8865000E-001, 9.4868994E+000
NaN,NaN,NaN,NaN,NaN,NaN,NaN,NaN,NaN,NaN,NaN,NaN,NaN,NaN,NaN,NaN,NaN,NaN,NaN,NaN,NaN,NaN,NaN,NaN,NaN,NaN,NaN,NaN,NaN,NaN,NaN,NaN,NaN,NaN,NaN,NaN,NaN,NaN,NaN,NaN,NaN,NaN,NaN,NaN,NaN,NaN,NaN,NaN,NaN,NaN, 1.8963000E-001, 1.1645493E+000, 1.8963000E-001, 2.7961799E+000, 1.8963000E-001, 3.5541607E+000, 1.8963000E-001, 3.7950015E+000, 1.8963000E-001, 2.3440720E-005, 1.8963000E-001, 2.7961799E+000, 1.8963000E-001, 2.9622844E-001, 1.8963000E-001, 2.6571952E-001, 1.8963000E-001, 0.0000000E+000, 1.8963000E-001, 9.4944822E+000
NaN,NaN,NaN,NaN,NaN,NaN,NaN,NaN,NaN,NaN,NaN,NaN,NaN,NaN,NaN,NaN,NaN,NaN,NaN,NaN,NaN,NaN,NaN,NaN,NaN,NaN,NaN,NaN,NaN,NaN,NaN,NaN,NaN,NaN,NaN,NaN,NaN,NaN,NaN,NaN,NaN,NaN,NaN,NaN,NaN,NaN,NaN,NaN,NaN,NaN, 1.9061000E-001, 1.1645493E+000, 1.9061000E-001, 2.8066815E+000, 1.9061000E-001, 3.5574655E+000, 1.9061000E-001, 3.8001772E+000, 1.9061000E-001, 2.3490482E-005, 1.9061000E-001, 2.8066815E+000, 1.9061000E-001, 2.9653045E-001, 1.9061000E-001, 2.4650779E-001, 1.9061000E-001, 0.0000000E+000, 1.9061000E-001, 9.5041561E+000
NaN,NaN,NaN,NaN,NaN,NaN,NaN,NaN,NaN,NaN,NaN,NaN,NaN,NaN,NaN,NaN,NaN,NaN,NaN,NaN,NaN,NaN,NaN,NaN,NaN,NaN,NaN,NaN,NaN,NaN,NaN,NaN,NaN,NaN,NaN,NaN,NaN,NaN,NaN,NaN,NaN,NaN,NaN,NaN,NaN,NaN,NaN,NaN,NaN,NaN, 1.9159000E-001, 1.1645493E+000, 1.9159000E-001, 2.8064533E+000, 1.9159000E-001, 3.5673489E+000, 1.9159000E-001, 3.8072097E+000, 1.9159000E-001, 2.3517736E-005, 1.9159000E-001, 2.8064533E+000, 1.9159000E-001, 2.9683356E-001, 1.9159000E-001, 2.2207487E-001, 1.9159000E-001, 0.0000000E+000, 1.9159000E-001, 9.5138749E+000
NaN,NaN,NaN,NaN,NaN,NaN,NaN,NaN,NaN,NaN,NaN,NaN,NaN,NaN,NaN,NaN,NaN,NaN,NaN,NaN,NaN,NaN,NaN,NaN,NaN,NaN,NaN,NaN,NaN,NaN,NaN,NaN,NaN,NaN,NaN,NaN,NaN,NaN,NaN,NaN,NaN,NaN,NaN,NaN,NaN,NaN,NaN,NaN,NaN,NaN, 1.9257000E-001, 1.1645493E+000, 1.9257000E-001, 2.8203054E+000, 1.9257000E-001, 3.5726468E+000, 1.9257000E-001, 3.8135226E+000, 1.9257000E-001, 2.3640162E-005, 1.9257000E-001, 2.8203054E+000, 1.9257000E-001, 2.9734838E-001, 1.9257000E-001, 1.9050529E-001, 1.9257000E-001, 0.0000000E+000, 1.9257000E-001, 9.5303685E+000
NaN,NaN,NaN,NaN,NaN,NaN,NaN,NaN,NaN,NaN,NaN,NaN,NaN,NaN,NaN,NaN,NaN,NaN,NaN,NaN,NaN,NaN,NaN,NaN,NaN,NaN,NaN,NaN,NaN,NaN,NaN,NaN,NaN,NaN,NaN,NaN,NaN,NaN,NaN,NaN,NaN,NaN,NaN,NaN,NaN,NaN,NaN,NaN,NaN,NaN, 1.9355000E-001, 1.1645493E+000, 1.9355000E-001, 2.8224929E+000, 1.9355000E-001, 3.5853776E+000, 1.9355000E-001, 3.8220100E+000, 1.9355000E-001, 2.3912821E-005, 1.9355000E-001, 2.8224929E+000, 1.9355000E-001, 2.9778285E-001, 1.9355000E-001, 1.4430640E-001, 1.9355000E-001, 0.0000000E+000, 1.9355000E-001, 9.5443106E+000
NaN,NaN,NaN,NaN,NaN,NaN,NaN,NaN,NaN,NaN,NaN,NaN,NaN,NaN,NaN,NaN,NaN,NaN,NaN,NaN,NaN,NaN,NaN,NaN,NaN,NaN,NaN,NaN,NaN,NaN,NaN,NaN,NaN,NaN,NaN,NaN,NaN,NaN,NaN,NaN,NaN,NaN,NaN,NaN,NaN,NaN,NaN,NaN,NaN,NaN, 1.9453000E-001, 1.1645493E+000, 1.9453000E-001, 2.8438789E+000, 1.9453000E-001, 3.5935536E+000, 1.9453000E-001, 3.8304317E+000, 1.9453000E-001, 2.4747207E-005, 1.9453000E-001, 2.8438789E+000, 1.9453000E-001, 2.9894328E-001, 1.9453000E-001, 9.4603704E-002, 1.9453000E-001, 0.0000000E+000, 1.9453000E-001, 9.5814661E+000
NaN,NaN,NaN,NaN,NaN,NaN,NaN,NaN,NaN,NaN,NaN,NaN,NaN,NaN,NaN,NaN,NaN,NaN,NaN,NaN,NaN,NaN,NaN,NaN,NaN,NaN,NaN,NaN,NaN,NaN,NaN,NaN,NaN,NaN,NaN,NaN,NaN,NaN,NaN,NaN,NaN,NaN,NaN,NaN,NaN,NaN,NaN,NaN,NaN,NaN, 1.9551000E-001, 1.1645493E+000, 1.9551000E-001, 2.8521485E+000, 1.9551000E-001, 3.6095726E+000, 1.9551000E-001, 3.8396045E+000, 1.9551000E-001, 2.1846716E-005, 1.9551000E-001, 2.8521485E+000, 1.9551000E-001, 2.9979766E-001, 1.9551000E-001,-7.7235415E-003, 1.9551000E-001, 0.0000000E+000, 1.9551000E-001, 9.6090503E+000
