s,C,C,C,C,C,C,C,C,C,C,C,C,C,C,C,C,C,C,C,C,C,C,C,C,C,C,C,C,C,C,C,C,C,C,C,C,C,C,C,C,C,C,C,C,C,C,C,mol/mol,mol/mol,mol/mol,mol/mol,mol/mol,mol/mol,mol/mol,mol/mol,mol/mol,mol/mol,mol/mol,mol/mol,mol/mol,mol/mol,m3/s,m3/s,kW/m2,kW/m2,kW/m2,kW/m2,kW/m2,kW/m2,kW/m2,kW/m2,kg,kg,kg,kg,kg,kg,kg,kg,kg
Time,TG_L4_NE_005,TG_L4_NE_055,TG_L4_NE_105,TG_L4_NE_155,TG_L4_NE_205,TG_L4_NE_255,TG_L4_NE_305,TG_L4_NE_355,TG_L4_NE_390,TG_L4_NW_005,TG_L4_NW_055,TG_L4_NW_105,TG_L4_NW_155,TG_L4_NW_205,TG_L4_NW_255,TG_L4_NW_305,TG_L4_NW_355,TG_L4_NW_390,TG_L4_SE_005,TG_L4_SE_055,TG_L4_SE_105,TG_L4_SE_155,TG_L4_SE_205,TG_L4_SE_255,TG_L4_SE_305,TG_L4_SE_355,TG_L4_SE_390,TG_L4_SW_005,TG_L4_SW_055,TG_L4_SW_105,TG_L4_SW_155,TG_L4_SW_205,TG_L4_SW_255,TG_L4_SW_305,TG_L4_SW_355,TG_L4_SW_390,TG_L4_CC_005,TG_L4_CC_055,TG_L4_CC_105,TG_L4_CC_155,TG_L4_CC_205,TG_L4_CC_255,TG_L4_CC_305,TG_L4_CC_355,TG_L4_CC_390,TG_EXT_L4,TG_ADM_L4,CO_L4_BAS,CO_L4_HAUT,CO_ADM_L4,CO_EXT_L4,CO2_L4_BAS,CO2_L4_HAUT,CO2_ADM_L4,CO2_EXT_L4,O2_L4_BAS,O2_L4_HAUT,O2_ADM_L4,O2_EXT_L4,H2O_L4_HAUT,H2O_EXT_L4,DEXT_L4,DADM_L4,FLR_L4_NE_030,FLR_L4_NE_155,FLR_L4_NE_260,FLR_L4_NE_355,FLT_L4_EC_265,FLT_L4_NC_265,FLT_L4_SC_265,FLT_L4_WC_265,Mass1,Mass2,Mass3,Mass4,Mass5,Mass6,Mass7,Mass8,Mass9
 0.0000000E+000, 1.7000000E+001, 1.7000000E+001, 1.7000000E+001, 1.7000000E+001, 1.7000000E+001, 1.7000000E+001, 1.7000000E+001, 1.7000000E+001, 1.7000000E+001, 1.7000000E+001, 1.7000000E+001, 1.7000000E+001, 1.7000000E+001, 1.7000000E+001, 1.7000000E+001, 1.7000000E+001, 1.7000000E+001, 1.7000000E+001, 1.7000000E+001, 1.7000000E+001, 1.7000000E+001, 1.7000000E+001, 1.7000000E+001, 1.7000000E+001, 1.7000000E+001, 1.7000000E+001, 1.7000000E+001, 1.7000000E+001, 1.7000000E+001, 1.7000000E+001, 1.7000000E+001, 1.7000000E+001, 1.7000000E+001, 1.7000000E+001, 1.7000000E+001, 1.7000000E+001, 1.7000000E+001, 1.7000000E+001, 1.7000000E+001, 1.7000000E+001, 1.7000000E+001, 1.7000000E+001, 1.7000000E+001, 1.7000000E+001, 1.7000000E+001, 1.7000000E+001, 1.7000000E+001, 0.0000000E+000, 0.0000000E+000, 0.0000000E+000, 0.0000000E+000, 3.9011087E-004, 3.9011087E-004, 3.9011087E-004, 3.9011087E-004, 2.0954574E-001, 2.0954574E-001, 2.0954574E-001, 2.0954574E-001, 7.8706660E-003, 7.8706660E-003, 0.0000000E+000, 0.0000000E+000,-1.6719641E-003,-2.7048350E-003,-2.1782336E-003,-1.2974347E-003,-3.9607865E-003,-3.0092000E-003,-3.0780715E-003,-4.2051482E-003, 0.0000000E+000, 0.0000000E+000, 0.0000000E+000, 0.0000000E+000, 0.0000000E+000, 0.0000000E+000, 0.0000000E+000, 0.0000000E+000, 0.0000000E+000
 1.0003016E+001, 1.6988251E+001, 1.6987602E+001, 1.6988118E+001, 1.6987946E+001, 1.6987917E+001, 1.6987854E+001, 1.6987578E+001, 1.6987650E+001, 1.6987224E+001, 1.6988131E+001, 1.6988061E+001, 1.6987910E+001, 1.6987733E+001, 1.6987536E+001, 1.6987222E+001, 1.6987323E+001, 1.6987361E+001, 1.6987212E+001, 1.6988065E+001, 1.6988164E+001, 1.6987857E+001, 1.6987469E+001, 1.6987320E+001, 1.6987167E+001, 1.6987261E+001, 1.6987183E+001, 1.6987373E+001, 1.6988713E+001, 1.6988269E+001, 1.6988115E+001, 1.6987815E+001, 1.6987179E+001, 1.6987115E+001, 1.6987016E+001, 1.6986937E+001, 1.6987193E+001, 1.6988272E+001, 1.6987996E+001, 1.6988120E+001, 1.6987583E+001, 1.6987602E+001, 1.6987764E+001, 1.6987610E+001, 1.6987060E+001, 1.6987035E+001, 1.7000000E+001, 1.7000000E+001, 0.0000000E+000, 0.0000000E+000, 0.0000000E+000, 0.0000000E+000, 3.9011087E-004, 3.9011087E-004, 3.9011087E-004, 3.9011087E-004, 2.0954574E-001, 2.0954574E-001, 2.0954574E-001, 2.0954574E-001, 7.8706660E-003, 7.8706660E-003, 6.6909217E-001, 6.5923430E-001,-8.7532710E-005,-9.9720610E-005,-9.5881306E-005,-7.1177048E-005,-2.7473242E-004,-2.4968457E-004,-2.4787082E-004,-2.4358267E-004, 0.0000000E+000, 0.0000000E+000, 0.0000000E+000, 0.0000000E+000, 0.0000000E+000, 0.0000000E+000, 0.0000000E+000, 0.0000000E+000, 0.0000000E+000
 2.0010811E+001, 1.6973911E+001, 1.6967395E+001, 1.6965442E+001, 1.6964579E+001, 1.6963945E+001, 1.6964952E+001, 1.6964904E+001, 1.6965356E+001, 1.6966083E+001, 1.6975584E+001, 1.6964801E+001, 1.6963533E+001, 1.6963418E+001, 1.6962150E+001, 1.6963082E+001, 1.6963332E+001, 1.6965879E+001, 1.6967813E+001, 1.6969489E+001, 1.6967418E+001, 1.6966575E+001, 1.6966703E+001, 1.6966416E+001, 1.6966286E+001, 1.6965973E+001, 1.6966493E+001, 1.6966004E+001, 1.6970868E+001, 1.6969048E+001, 1.6968804E+001, 1.6968593E+001, 1.6966632E+001, 1.6966492E+001, 1.6965962E+001, 1.6965624E+001, 1.6965824E+001, 1.6969848E+001, 1.6967419E+001, 1.6966946E+001, 1.6966756E+001, 1.6966301E+001, 1.6966414E+001, 1.6965557E+001, 1.6965195E+001, 1.6965165E+001, 1.7000000E+001, 1.7000000E+001, 0.0000000E+000, 0.0000000E+000, 0.0000000E+000, 0.0000000E+000, 3.9011087E-004, 3.9011087E-004, 3.9011087E-004, 3.9011087E-004, 2.0954574E-001, 2.0954574E-001, 2.0954574E-001, 2.0954574E-001, 7.8706660E-003, 7.8706660E-003, 6.9917870E-001, 6.9854591E-001,-3.6324936E-005,-5.4112734E-005,-5.3412196E-005,-3.5509489E-005,-2.4028992E-004,-1.7190777E-004,-1.4583290E-004,-1.4949724E-004, 0.0000000E+000, 0.0000000E+000, 0.0000000E+000, 0.0000000E+000, 0.0000000E+000, 0.0000000E+000, 0.0000000E+000, 0.0000000E+000, 0.0000000E+000
 3.0006050E+001, 1.6972603E+001, 1.6963306E+001, 1.6954107E+001, 1.6950951E+001, 1.6945736E+001, 1.6948020E+001, 1.6950093E+001, 1.6951756E+001, 1.6958824E+001, 1.6973006E+001, 1.6958128E+001, 1.6955387E+001, 1.6953154E+001, 1.6948036E+001, 1.6945936E+001, 1.6950484E+001, 1.6956755E+001, 1.6960471E+001, 1.6965382E+001, 1.6959584E+001, 1.6950809E+001, 1.6951480E+001, 1.6950558E+001, 1.6952030E+001, 1.6952359E+001, 1.6956582E+001, 1.6956270E+001, 1.6961769E+001, 1.6956499E+001, 1.6955920E+001, 1.6955895E+001, 1.6952264E+001, 1.6953322E+001, 1.6953363E+001, 1.6955842E+001, 1.6956360E+001, 1.6965225E+001, 1.6959866E+001, 1.6949819E+001, 1.6950197E+001, 1.6949087E+001, 1.6950790E+001, 1.6951177E+001, 1.6951591E+001, 1.6955806E+001, 1.7000000E+001, 1.7000000E+001, 0.0000000E+000, 0.0000000E+000, 0.0000000E+000, 0.0000000E+000, 3.9011087E-004, 3.9011087E-004, 3.9011087E-004, 3.9011087E-004, 2.0954574E-001, 2.0954574E-001, 2.0954574E-001, 2.0954574E-001, 7.8706660E-003, 7.8706660E-003, 6.9917353E-001, 6.9864292E-001,-3.4852910E-005,-5.2005779E-005,-5.1788042E-005,-3.4451028E-005,-2.3916361E-004,-1.6693216E-004,-1.4590130E-004,-1.6087520E-004, 0.0000000E+000, 0.0000000E+000, 0.0000000E+000, 0.0000000E+000, 0.0000000E+000, 0.0000000E+000, 0.0000000E+000, 0.0000000E+000, 0.0000000E+000
 4.0001289E+001, 1.6971568E+001, 1.6958443E+001, 1.6950515E+001, 1.6947306E+001, 1.6939813E+001, 1.6939595E+001, 1.6941276E+001, 1.6943732E+001, 1.6955194E+001, 1.6974272E+001, 1.6957090E+001, 1.6953807E+001, 1.6952132E+001, 1.6945031E+001, 1.6940420E+001, 1.6945615E+001, 1.6958504E+001, 1.6963191E+001, 1.6966255E+001, 1.6954588E+001, 1.6943374E+001, 1.6944088E+001, 1.6940040E+001, 1.6940740E+001, 1.6942478E+001, 1.6944840E+001, 1.6950428E+001, 1.6961254E+001, 1.6954655E+001, 1.6957184E+001, 1.6957337E+001, 1.6951015E+001, 1.6949670E+001, 1.6949126E+001, 1.6950335E+001, 1.6950791E+001, 1.6966996E+001, 1.6955764E+001, 1.6945952E+001, 1.6945504E+001, 1.6940580E+001, 1.6942573E+001, 1.6944452E+001, 1.6944959E+001, 1.6952571E+001, 1.7000000E+001, 1.7000000E+001, 0.0000000E+000, 0.0000000E+000, 0.0000000E+000, 0.0000000E+000, 3.9011087E-004, 3.9011087E-004, 3.9011087E-004, 3.9011087E-004, 2.0954574E-001, 2.0954574E-001, 2.0954574E-001, 2.0954574E-001, 7.8706660E-003, 7.8706660E-003, 6.9915848E-001, 6.9862068E-001,-3.2684041E-005,-4.9368799E-005,-4.9274116E-005,-3.3735587E-005,-2.2597419E-004,-1.5804556E-004,-1.6401052E-004,-1.3727440E-004, 0.0000000E+000, 0.0000000E+000, 0.0000000E+000, 0.0000000E+000, 0.0000000E+000, 0.0000000E+000, 0.0000000E+000, 0.0000000E+000, 0.0000000E+000
 5.0009084E+001, 1.6990126E+001, 1.6973644E+001, 1.6975968E+001, 1.6963427E+001, 1.6954988E+001, 1.6954365E+001, 1.6950702E+001, 1.6960518E+001, 1.6966877E+001, 1.6998375E+001, 1.6997269E+001, 1.7007543E+001, 1.6980511E+001, 1.6971487E+001, 1.6960263E+001, 1.6959617E+001, 1.6971753E+001, 1.6977199E+001, 1.6974514E+001, 1.6955185E+001, 1.6956101E+001, 1.6957276E+001, 1.6950673E+001, 1.6943943E+001, 1.6944649E+001, 1.6943759E+001, 1.6951662E+001, 1.6970531E+001, 1.6964308E+001, 1.6963719E+001, 1.6968298E+001, 1.6963129E+001, 1.6955411E+001, 1.6953625E+001, 1.6952605E+001, 1.6955169E+001, 1.6980822E+001, 1.6961460E+001, 1.6958833E+001, 1.6963565E+001, 1.6951119E+001, 1.6949171E+001, 1.6951302E+001, 1.6952156E+001, 1.6958560E+001, 1.7000000E+001, 1.7000000E+001, 3.9557471E-047, 4.2253899E-036, 0.0000000E+000, 8.7693759E-038, 3.9011087E-004, 3.9011087E-004, 3.9011087E-004, 3.9011087E-004, 2.0954574E-001, 2.0954574E-001, 2.0954574E-001, 2.0954574E-001, 7.8706660E-003, 7.8706660E-003, 7.0285583E-001, 6.8819826E-001, 1.1684490E-002, 1.9087585E-002, 4.4240108E-003, 6.9073895E-003, 1.1718049E-003, 6.5057962E-003, 4.7000182E-003, 1.9873117E-003, 0.0000000E+000, 0.0000000E+000, 0.0000000E+000, 0.0000000E+000, 0.0000000E+000, 0.0000000E+000, 0.0000000E+000, 0.0000000E+000, 0.0000000E+000
 6.0004323E+001, 1.7075627E+001, 1.7075667E+001, 1.7120257E+001, 1.7090412E+001, 1.7052851E+001, 1.7064619E+001, 1.7273956E+001, 1.7292509E+001, 1.8332897E+001, 1.7097563E+001, 1.7191519E+001, 1.7257663E+001, 1.7158770E+001, 1.7133277E+001, 1.7106865E+001, 1.7131375E+001, 1.8377678E+001, 1.9569095E+001, 1.7016724E+001, 1.6992174E+001, 1.6992615E+001, 1.7006526E+001, 1.7011725E+001, 1.6990994E+001, 1.6981037E+001, 1.6977514E+001, 1.6989029E+001, 1.7028406E+001, 1.7001094E+001, 1.6998973E+001, 1.7036167E+001, 1.7038366E+001, 1.7006192E+001, 1.6990613E+001, 1.6996688E+001, 1.7049868E+001, 1.7053759E+001, 1.7010260E+001, 1.7015635E+001, 1.7058903E+001, 1.7010131E+001, 1.6993764E+001, 1.7004010E+001, 1.7131923E+001, 1.7435760E+001, 1.7000000E+001, 1.7000000E+001, 1.4310327E-024, 8.0868972E-011, 0.0000000E+000, 9.8764519E-014, 3.9011087E-004, 3.9014072E-004, 3.9011087E-004, 3.9011091E-004, 2.0954574E-001, 2.0954570E-001, 2.0954574E-001, 2.0954574E-001, 7.8707066E-003, 7.8706660E-003, 7.2425210E-001, 6.6207736E-001, 3.6586859E-002, 5.8724088E-002, 1.4307865E-002, 2.0602186E-002, 7.4050149E-003, 2.3787369E-002, 1.0954597E-002, 8.0755436E-003, 0.0000000E+000, 0.0000000E+000, 0.0000000E+000, 0.0000000E+000, 0.0000000E+000, 0.0000000E+000, 0.0000000E+000, 0.0000000E+000, 0.0000000E+000
 7.0006410E+001, 1.7283670E+001, 1.7348177E+001, 1.7455665E+001, 1.7437026E+001, 1.7319711E+001, 1.7345366E+001, 1.7546553E+001, 1.9731658E+001, 2.9182129E+001, 1.7316014E+001, 1.7614550E+001, 1.7826061E+001, 1.7642194E+001, 1.7587789E+001, 1.8020604E+001, 2.0523974E+001, 2.7288609E+001, 3.3867817E+001, 1.7150610E+001, 1.7072324E+001, 1.7066530E+001, 1.7121457E+001, 1.7177199E+001, 1.7162291E+001, 1.7439614E+001, 1.8072215E+001, 1.9872894E+001, 1.7185443E+001, 1.7098357E+001, 1.7077132E+001, 1.7205438E+001, 1.7261616E+001, 1.7148020E+001, 1.7097848E+001, 1.8005002E+001, 2.0282518E+001, 1.7256495E+001, 1.7145732E+001, 1.7148079E+001, 1.7302926E+001, 1.7239450E+001, 1.7292126E+001, 1.7363330E+001, 1.8277994E+001, 2.3972379E+001, 1.7000000E+001, 1.7000000E+001, 2.9951757E-012, 3.7220440E-007, 0.0000000E+000, 4.3661889E-007, 3.9011198E-004, 5.2746478E-004, 3.9011087E-004, 5.5123553E-004, 2.0954574E-001, 2.0933257E-001, 2.0954574E-001, 2.0929568E-001, 8.0574373E-003, 8.0898166E-003, 7.9934272E-001, 6.1643094E-001, 8.2439149E-002, 1.3021667E-001, 3.9053838E-002, 4.7074706E-002, 7.5003865E-002, 9.9933187E-002, 3.8762840E-002, 1.8914381E-002, 0.0000000E+000, 0.0000000E+000, 0.0000000E+000, 0.0000000E+000, 0.0000000E+000, 0.0000000E+000, 0.0000000E+000, 0.0000000E+000, 0.0000000E+000
 8.0000645E+001, 1.7918569E+001, 1.7989963E+001, 1.8270130E+001, 1.8323158E+001, 1.8060583E+001, 1.8245357E+001, 1.9059919E+001, 2.5936041E+001, 5.0993290E+001, 1.7978991E+001, 1.8667139E+001, 1.9319146E+001, 1.8842981E+001, 1.8727567E+001, 1.8882956E+001, 2.2912624E+001, 4.6491541E+001, 7.1738128E+001, 1.7721041E+001, 1.7413489E+001, 1.7866931E+001, 1.8060016E+001, 1.8375190E+001, 1.8931320E+001, 2.3216599E+001, 2.7805120E+001, 3.3681858E+001, 1.7576277E+001, 1.7333740E+001, 1.7312867E+001, 1.7888745E+001, 1.8690238E+001, 1.9454883E+001, 1.9519072E+001, 2.2591021E+001, 3.2733010E+001, 1.7916777E+001, 1.7502686E+001, 1.7479773E+001, 1.7913928E+001, 1.8031799E+001, 1.8064770E+001, 1.8827372E+001, 2.4438231E+001, 4.0469330E+001, 1.7000000E+001, 1.7000000E+001, 2.3810666E-007, 3.1875642E-006, 0.0000000E+000, 4.0761744E-006, 4.7797893E-004, 1.5664118E-003, 3.9011087E-004, 1.8943340E-003, 2.0940937E-001, 2.0772014E-001, 2.0954574E-001, 2.0721121E-001, 9.4678352E-003, 9.9123659E-003, 9.1528207E-001, 4.5844149E-001, 1.3844433E-001, 2.3780189E-001, 8.6834325E-002, 1.2165324E-001, 3.1187513E-001, 1.7507713E-001, 1.5729183E-001, 6.2818773E-002, 0.0000000E+000, 0.0000000E+000, 0.0000000E+000, 0.0000000E+000, 0.0000000E+000, 0.0000000E+000, 0.0000000E+000, 0.0000000E+000, 0.0000000E+000
 9.0006895E+001, 1.8538476E+001, 1.8680991E+001, 1.9486054E+001, 2.0028860E+001, 2.0494634E+001, 2.1160489E+001, 2.2905889E+001, 3.7794941E+001, 7.1294484E+001, 1.8739056E+001, 1.9853088E+001, 2.0675215E+001, 2.0187755E+001, 2.0299577E+001, 2.0854883E+001, 2.6118324E+001, 6.3301730E+001, 9.3414510E+001, 1.8268607E+001, 1.7869947E+001, 1.8344816E+001, 1.9073684E+001, 2.1166624E+001, 2.8972326E+001, 3.7303611E+001, 4.9269453E+001, 5.4998126E+001, 1.8109166E+001, 1.7707274E+001, 1.8371407E+001, 2.0219977E+001, 2.5383488E+001, 2.9712547E+001, 3.2577190E+001, 3.8995989E+001, 4.7705543E+001, 1.8480560E+001, 1.7994185E+001, 1.8276451E+001, 1.9998712E+001, 2.2223171E+001, 2.3669969E+001, 2.6832013E+001, 4.4054785E+001, 6.4484328E+001, 1.7000000E+001, 1.7000000E+001, 9.4728126E-008, 7.7656737E-006, 0.0000000E+000, 8.5335909E-006, 4.2506822E-004, 3.2558631E-003, 3.9011087E-004, 3.5392462E-003, 2.0949149E-001, 2.0509813E-001, 2.0954574E-001, 2.0465833E-001, 1.1753824E-002, 1.2136798E-002, 9.1760664E-001, 4.5760411E-001, 1.4880959E-001, 2.4777479E-001, 1.0671928E-001, 1.3623069E-001, 4.4690304E-001, 2.2698352E-001, 2.8669599E-001, 1.6781461E-001, 0.0000000E+000, 0.0000000E+000, 0.0000000E+000, 0.0000000E+000, 0.0000000E+000, 0.0000000E+000, 0.0000000E+000, 0.0000000E+000, 0.0000000E+000
 1.0000805E+002, 1.8890572E+001, 1.9490086E+001, 2.1229755E+001, 2.2871390E+001, 2.5814332E+001, 2.9942559E+001, 3.2830168E+001, 5.9032297E+001, 9.2846173E+001, 1.9255947E+001, 2.1566180E+001, 2.3452715E+001, 2.3794688E+001, 2.5466243E+001, 2.8436863E+001, 3.7945934E+001, 7.7747010E+001, 1.1177527E+002, 1.8491850E+001, 1.8200683E+001, 1.8663291E+001, 2.0124364E+001, 2.4990634E+001, 4.0724932E+001, 5.3681813E+001, 6.5691306E+001, 6.9470554E+001, 1.8431906E+001, 1.8054116E+001, 1.8806428E+001, 2.0769246E+001, 2.7970600E+001, 3.9129225E+001, 4.6092062E+001, 5.3846375E+001, 6.0618468E+001, 1.8793564E+001, 1.8577817E+001, 1.9122400E+001, 2.1872255E+001, 2.5980494E+001, 3.4360526E+001, 3.9068806E+001, 5.8536548E+001, 7.9908526E+001, 1.7000000E+001, 1.7000000E+001, 2.4282594E-007, 1.1220160E-005, 0.0000000E+000, 1.1178148E-005, 4.7972048E-004, 4.5306658E-003, 3.9011087E-004, 4.5151621E-003, 2.0940667E-001, 2.0311966E-001, 2.0954574E-001, 2.0314372E-001, 1.3471899E-002, 1.3451297E-002, 9.1443780E-001, 4.8528598E-001, 1.2906060E-001, 2.1223649E-001, 1.1048478E-001, 1.6490715E-001, 4.8316338E-001, 2.9844946E-001, 3.7613124E-001, 2.7616312E-001, 0.0000000E+000, 0.0000000E+000, 0.0000000E+000, 0.0000000E+000, 0.0000000E+000, 0.0000000E+000, 0.0000000E+000, 0.0000000E+000, 0.0000000E+000
 1.1000555E+002, 1.9387684E+001, 2.0424309E+001, 2.1991790E+001, 2.5910705E+001, 3.1899476E+001, 3.8614153E+001, 4.3227853E+001, 6.7778258E+001, 1.0796976E+002, 2.0088193E+001, 2.2919959E+001, 2.5040055E+001, 2.7436050E+001, 3.2974623E+001, 3.8890674E+001, 4.8806077E+001, 7.7653980E+001, 1.2264832E+002, 1.8679623E+001, 1.8558091E+001, 1.9049068E+001, 2.1584103E+001, 3.1091128E+001, 4.9341559E+001, 6.8579404E+001, 8.0883169E+001, 8.2965661E+001, 1.8767919E+001, 1.8427438E+001, 1.9038474E+001, 2.1278221E+001, 3.6546994E+001, 5.1101828E+001, 5.9313621E+001, 6.6406516E+001, 7.3869552E+001, 1.9075621E+001, 1.9100652E+001, 1.9564927E+001, 2.3504832E+001, 3.0215455E+001, 4.5006724E+001, 4.8541268E+001, 7.3847514E+001, 9.4621416E+001, 1.7000000E+001, 1.7000000E+001, 1.4261901E-007, 1.3720010E-005, 0.0000000E+000, 1.4742445E-005, 4.4274130E-004, 5.4531809E-003, 3.9011087E-004, 5.8304882E-003, 2.0946406E-001, 2.0168793E-001, 2.0954574E-001, 2.0110235E-001, 1.4711744E-002, 1.5217843E-002, 9.1176483E-001, 5.0982731E-001, 1.4429342E-001, 2.4147318E-001, 1.2534017E-001, 1.8821578E-001, 6.6176159E-001, 3.9482129E-001, 4.7254121E-001, 3.8069913E-001, 0.0000000E+000, 0.0000000E+000, 0.0000000E+000, 0.0000000E+000, 0.0000000E+000, 0.0000000E+000, 0.0000000E+000, 0.0000000E+000, 0.0000000E+000
 1.2000313E+002, 1.9661942E+001, 2.0662790E+001, 2.2774600E+001, 2.8476770E+001, 3.8086810E+001, 4.5671942E+001, 5.4458459E+001, 7.8239016E+001, 1.1362253E+002, 2.3041262E+001, 2.3909454E+001, 2.5763659E+001, 2.9230799E+001, 4.2389545E+001, 4.8410070E+001, 6.0277875E+001, 9.1489974E+001, 1.3361901E+002, 1.8789447E+001, 1.8762352E+001, 1.9556690E+001, 2.4551641E+001, 3.6652707E+001, 5.5832061E+001, 7.6133900E+001, 8.8190265E+001, 9.0394568E+001, 1.8967236E+001, 1.9157448E+001, 2.0366137E+001, 2.5141059E+001, 3.8984099E+001, 5.7498415E+001, 6.8934760E+001, 7.7121801E+001, 8.2813135E+001, 1.9316667E+001, 1.9441786E+001, 2.0337521E+001, 2.7573260E+001, 3.5313249E+001, 5.4637515E+001, 6.3597994E+001, 8.5640490E+001, 1.0106812E+002, 1.7000000E+001, 1.7000000E+001, 5.3975854E-007, 1.5485095E-005, 0.0000000E+000, 1.6289789E-005, 5.8929697E-004, 6.1045470E-003, 3.9011087E-004, 6.4015014E-003, 2.0923661E-001, 2.0067702E-001, 2.0954574E-001, 2.0021615E-001, 1.5584801E-002, 1.5982728E-002, 9.0952669E-001, 5.2536467E-001, 1.4366672E-001, 2.4439984E-001, 1.4245865E-001, 2.2330187E-001, 7.3998036E-001, 4.3278999E-001, 5.3747963E-001, 4.4442045E-001, 0.0000000E+000, 0.0000000E+000, 0.0000000E+000, 0.0000000E+000, 0.0000000E+000, 0.0000000E+000, 0.0000000E+000, 0.0000000E+000, 0.0000000E+000
 1.3000619E+002, 1.9919355E+001, 2.1245297E+001, 2.4446572E+001, 3.2702028E+001, 4.3347692E+001, 5.1498909E+001, 6.4140511E+001, 8.4265975E+001, 1.2314922E+002, 2.3138438E+001, 2.3916357E+001, 2.6961321E+001, 3.2751879E+001, 4.9871954E+001, 5.3142686E+001, 6.4599307E+001, 9.1915058E+001, 1.4096902E+002, 1.8941209E+001, 1.9519128E+001, 2.2418344E+001, 3.0190409E+001, 4.0208168E+001, 6.3384299E+001, 8.1691922E+001, 9.4897732E+001, 9.7459589E+001, 1.9217767E+001, 2.0574117E+001, 2.3509633E+001, 2.8801370E+001, 4.5599309E+001, 6.4683854E+001, 7.6307948E+001, 8.6466859E+001, 9.0200523E+001, 1.9530092E+001, 2.0343891E+001, 2.2922320E+001, 3.1298190E+001, 3.9605235E+001, 6.1223538E+001, 7.1702717E+001, 9.2420187E+001, 1.0834999E+002, 1.7000000E+001, 1.7000000E+001, 1.4617453E-006, 1.6359316E-005, 0.0000000E+000, 1.8155524E-005, 9.2953603E-004, 6.4271588E-003, 3.9011087E-004, 7.0900102E-003, 2.0870856E-001, 2.0017633E-001, 2.0954574E-001, 1.9914759E-001, 1.6016889E-002, 1.6903434E-002, 9.0664692E-001, 5.4560437E-001, 1.4530321E-001, 2.3597327E-001, 1.5187724E-001, 2.1976750E-001, 8.1092224E-001, 5.2824219E-001, 5.7175268E-001, 4.9634547E-001, 0.0000000E+000, 0.0000000E+000, 0.0000000E+000, 0.0000000E+000, 0.0000000E+000, 0.0000000E+000, 0.0000000E+000, 0.0000000E+000, 0.0000000E+000
 1.4000040E+002, 2.0343112E+001, 2.3502639E+001, 2.6297963E+001, 3.6546235E+001, 4.8157462E+001, 5.5650235E+001, 7.1228381E+001, 9.3698780E+001, 1.2854207E+002, 2.5021276E+001, 2.5673594E+001, 2.8249346E+001, 3.4676246E+001, 5.4043623E+001, 5.7911832E+001, 7.0019844E+001, 1.0146374E+002, 1.4459729E+002, 1.9086555E+001, 2.1663920E+001, 2.5513236E+001, 3.2312688E+001, 4.2194603E+001, 7.0242806E+001, 8.7712470E+001, 9.9728857E+001, 1.0399079E+002, 1.9497624E+001, 2.1773096E+001, 2.5451708E+001, 3.2746710E+001, 4.8181432E+001, 7.0731949E+001, 8.2634798E+001, 9.2390812E+001, 9.6658030E+001, 1.9796540E+001, 2.1788022E+001, 2.5513876E+001, 3.4302141E+001, 4.4002670E+001, 6.7638544E+001, 7.6703506E+001, 9.7293162E+001, 1.1586221E+002, 1.7000000E+001, 1.7000000E+001, 1.8615748E-006, 1.8996761E-005, 0.0000000E+000, 2.0442206E-005, 1.0770844E-003, 7.4004503E-003, 3.9011087E-004, 7.9338602E-003, 2.0847957E-001, 1.9866579E-001, 2.0954574E-001, 1.9783795E-001, 1.7317815E-002, 1.8029408E-002, 9.0541046E-001, 5.5527724E-001, 1.5546235E-001, 2.5118764E-001, 1.6701628E-001, 2.5550595E-001, 8.2107058E-001, 5.7401219E-001, 6.4405846E-001, 5.6442009E-001, 0.0000000E+000, 0.0000000E+000, 0.0000000E+000, 0.0000000E+000, 0.0000000E+000, 0.0000000E+000, 0.0000000E+000, 0.0000000E+000, 0.0000000E+000
 1.5000090E+002, 2.2571415E+001, 2.4785457E+001, 2.8696560E+001, 3.9288316E+001, 5.2856855E+001, 6.0624701E+001, 7.6721049E+001, 9.6393159E+001, 1.3110858E+002, 3.0205795E+001, 2.8383355E+001, 3.0430104E+001, 3.5839577E+001, 5.7114965E+001, 6.4504504E+001, 7.7545776E+001, 1.0628061E+002, 1.4708963E+002, 1.9194447E+001, 2.3086546E+001, 2.7843262E+001, 3.4830378E+001, 4.6797923E+001, 7.5104577E+001, 9.4206563E+001, 1.0505389E+002, 1.0890244E+002, 1.9769193E+001, 2.3425126E+001, 2.8187571E+001, 3.5650867E+001, 4.9523302E+001, 7.4267585E+001, 9.0205689E+001, 9.6998061E+001, 1.0123969E+002, 1.9951193E+001, 2.3574663E+001, 2.8239667E+001, 3.6079749E+001, 4.8983590E+001, 6.7807229E+001, 8.3228661E+001, 1.0119438E+002, 1.1806319E+002, 1.7000000E+001, 1.7000000E+001, 2.1861018E-006, 2.0494459E-005, 0.0000000E+000, 2.1527646E-005, 1.1968440E-003, 7.9531431E-003, 3.9011087E-004, 8.3344182E-003, 2.0829370E-001, 1.9780802E-001, 2.0954574E-001, 1.9721629E-001, 1.8055035E-002, 1.8563068E-002, 9.0330395E-001, 5.6575172E-001, 1.5243510E-001, 2.4560823E-001, 1.8060165E-001, 2.7571053E-001, 8.6017092E-001, 6.1397404E-001, 6.9259542E-001, 5.9352002E-001, 0.0000000E+000, 0.0000000E+000, 0.0000000E+000, 0.0000000E+000, 0.0000000E+000, 0.0000000E+000, 0.0000000E+000, 0.0000000E+000, 0.0000000E+000
 1.6000819E+002, 2.4876307E+001, 2.7575061E+001, 3.0546969E+001, 4.0382757E+001, 5.6311642E+001, 6.5268333E+001, 8.0555193E+001, 1.0135639E+002, 1.3657936E+002, 3.0908804E+001, 3.0339698E+001, 3.3916928E+001, 3.9306925E+001, 5.7839328E+001, 7.0455300E+001, 7.9722892E+001, 1.0703357E+002, 1.4937732E+002, 1.9740600E+001, 2.4638588E+001, 3.0306089E+001, 3.7829729E+001, 5.0382747E+001, 7.8358310E+001, 9.8819144E+001, 1.0817969E+002, 1.1005488E+002, 2.0131430E+001, 2.5083417E+001, 3.0005664E+001, 3.9027969E+001, 5.5435601E+001, 7.7584129E+001, 9.2808849E+001, 9.9725178E+001, 1.0518582E+002, 2.0776540E+001, 2.5092843E+001, 3.0463938E+001, 3.8606017E+001, 5.4323422E+001, 6.8645012E+001, 8.7569002E+001, 1.0447337E+002, 1.2067225E+002, 1.7000000E+001, 1.7000000E+001, 2.3255181E-006, 2.1678745E-005, 0.0000000E+000, 2.2445778E-005, 1.2482925E-003, 8.3901780E-003, 3.9011087E-004, 8.6732348E-003, 2.0821386E-001, 1.9712975E-001, 2.0954574E-001, 1.9669045E-001, 1.8637268E-002, 1.9013955E-002, 9.0005620E-001, 5.8082094E-001, 1.4824927E-001, 2.3660102E-001, 1.8752682E-001, 2.8981648E-001, 9.0496974E-001, 6.3888636E-001, 6.9718778E-001, 6.3183034E-001, 0.0000000E+000, 0.0000000E+000, 0.0000000E+000, 0.0000000E+000, 0.0000000E+000, 0.0000000E+000, 0.0000000E+000, 0.0000000E+000, 0.0000000E+000
 1.7000017E+002, 2.7412995E+001, 3.1937647E+001, 3.3054220E+001, 4.2675458E+001, 5.9642741E+001, 6.8823671E+001, 8.1290730E+001, 1.0277992E+002, 1.3883027E+002, 2.9196176E+001, 3.2410048E+001, 3.7163234E+001, 4.3239641E+001, 6.1009587E+001, 7.2093499E+001, 7.9660149E+001, 1.0543989E+002, 1.4880429E+002, 2.0449182E+001, 2.6083277E+001, 3.2184964E+001, 4.0258412E+001, 5.3685244E+001, 8.1123090E+001, 1.0104204E+002, 1.1231556E+002, 1.1404618E+002, 2.0608427E+001, 2.6738522E+001, 3.1770385E+001, 4.1217746E+001, 5.7513633E+001, 8.1186125E+001, 9.5303705E+001, 1.0428260E+002, 1.1118078E+002, 2.1834182E+001, 2.6894676E+001, 3.2729959E+001, 4.1182368E+001, 5.6765152E+001, 7.4152310E+001, 9.0467581E+001, 1.0728751E+002, 1.2436984E+002, 1.7000000E+001, 1.7000000E+001, 2.7664863E-006, 2.2305310E-005, 0.0000000E+000, 2.4366184E-005, 1.4110222E-003, 8.6213983E-003, 3.9011087E-004, 9.3819186E-003, 2.0796130E-001, 1.9677090E-001, 2.0954574E-001, 1.9559058E-001, 1.8944866E-002, 1.9955732E-002, 8.9922952E-001, 5.8557233E-001, 1.6580476E-001, 2.6254411E-001, 2.0509717E-001, 3.0385048E-001, 9.1038617E-001, 6.7141794E-001, 7.5151119E-001, 6.6034959E-001, 0.0000000E+000, 0.0000000E+000, 0.0000000E+000, 0.0000000E+000, 0.0000000E+000, 0.0000000E+000, 0.0000000E+000, 0.0000000E+000, 0.0000000E+000
 1.8000285E+002, 3.0496167E+001, 3.3652712E+001, 3.5282425E+001, 4.3791204E+001, 6.2779903E+001, 7.0947303E+001, 8.5154091E+001, 1.0561528E+002, 1.4104941E+002, 3.1424482E+001, 3.2553121E+001, 3.9237451E+001, 4.4972651E+001, 6.6494096E+001, 7.4794132E+001, 8.3811836E+001, 1.1035974E+002, 1.5243690E+002, 2.1142044E+001, 2.8079244E+001, 3.4093338E+001, 4.3683824E+001, 5.7031889E+001, 8.5400939E+001, 1.0249469E+002, 1.1403287E+002, 1.1676542E+002, 2.1086013E+001, 2.8216481E+001, 3.4676056E+001, 4.3794928E+001, 5.9407185E+001, 8.5546163E+001, 9.7099887E+001, 1.0692500E+002, 1.1333168E+002, 2.2401726E+001, 2.9439453E+001, 3.5088749E+001, 4.3555599E+001, 5.9554616E+001, 7.7883807E+001, 9.2201372E+001, 1.0931278E+002, 1.2809334E+002, 1.7000000E+001, 1.7000000E+001, 3.2290699E-006, 2.2614297E-005, 0.0000000E+000, 2.5008665E-005, 1.5817286E-003, 8.7354229E-003, 3.9011087E-004, 9.6190124E-003, 2.0769637E-001, 1.9659393E-001, 2.0954574E-001, 1.9522261E-001, 1.9096474E-002, 2.0270424E-002, 8.9763255E-001, 5.9253704E-001, 1.6337209E-001, 2.5717099E-001, 2.0461430E-001, 3.0706853E-001, 9.4613713E-001, 7.0197488E-001, 7.6017162E-001, 6.8942587E-001, 0.0000000E+000, 0.0000000E+000, 0.0000000E+000, 0.0000000E+000, 0.0000000E+000, 0.0000000E+000, 0.0000000E+000, 0.0000000E+000, 0.0000000E+000
 1.9000871E+002, 3.6388030E+001, 3.6624529E+001, 3.7702981E+001, 4.4006143E+001, 6.5213372E+001, 7.4213337E+001, 8.8432764E+001, 1.1111681E+002, 1.4589248E+002, 3.5715775E+001, 3.4977927E+001, 4.1261801E+001, 4.7973573E+001, 6.7996446E+001, 7.7853491E+001, 8.4743474E+001, 1.1466926E+002, 1.5491942E+002, 2.1844066E+001, 3.0165314E+001, 3.6057547E+001, 4.5818975E+001, 5.8700650E+001, 8.8415664E+001, 1.0237980E+002, 1.1610850E+002, 1.1918677E+002, 2.1778688E+001, 2.9372483E+001, 3.6338674E+001, 4.5494525E+001, 6.3334094E+001, 8.7843321E+001, 9.8001819E+001, 1.0633185E+002, 1.1630580E+002, 2.4052133E+001, 3.1265596E+001, 3.7097870E+001, 4.5449432E+001, 6.1567019E+001, 8.0764460E+001, 9.7327852E+001, 1.1331227E+002, 1.3231805E+002, 1.7000000E+001, 1.7000000E+001, 4.4804005E-006, 2.2934690E-005, 0.0000000E+000, 2.6332228E-005, 2.0435048E-003, 8.8536570E-003, 3.9011087E-004, 1.0107444E-002, 2.0697970E-001, 1.9641043E-001, 2.0954574E-001, 1.9446457E-001, 1.9253727E-002, 2.0918014E-002, 8.9636571E-001, 5.9918343E-001, 1.7099083E-001, 2.6982911E-001, 2.1279080E-001, 3.1741005E-001, 9.7437611E-001, 7.0467065E-001, 7.8953917E-001, 6.9758028E-001, 0.0000000E+000, 0.0000000E+000, 0.0000000E+000, 0.0000000E+000, 0.0000000E+000, 0.0000000E+000, 0.0000000E+000, 0.0000000E+000, 0.0000000E+000
 2.0000757E+002, 3.9810874E+001, 3.9676363E+001, 4.0260003E+001, 4.5286831E+001, 6.6917520E+001, 7.6589354E+001, 9.0279497E+001, 1.0777092E+002, 1.4218037E+002, 3.7825412E+001, 3.6587142E+001, 4.2796537E+001, 4.9832975E+001, 6.8259070E+001, 7.9871768E+001, 8.6546785E+001, 1.1312206E+002, 1.5539570E+002, 2.2845956E+001, 3.1681173E+001, 3.7364376E+001, 4.7594635E+001, 6.0861846E+001, 9.0685648E+001, 1.0780422E+002, 1.1852762E+002, 1.2196782E+002, 2.2663502E+001, 3.0953332E+001, 3.7487550E+001, 4.7042751E+001, 6.5176829E+001, 8.9847028E+001, 1.0131129E+002, 1.1042269E+002, 1.1918431E+002, 2.4453338E+001, 3.3064154E+001, 3.8725393E+001, 4.7755738E+001, 6.3437712E+001, 8.5615500E+001, 9.6470200E+001, 1.1426249E+002, 1.3209790E+002, 1.7000000E+001, 1.7000000E+001, 5.1173935E-006, 2.5636281E-005, 0.0000000E+000, 2.7200005E-005, 2.2785731E-003, 9.8506201E-003, 3.9011087E-004, 1.0427679E-002, 2.0661488E-001, 1.9486316E-001, 2.0954574E-001, 1.9396757E-001, 2.0577466E-002, 2.1342197E-002, 8.9601207E-001, 6.0103089E-001, 1.7180116E-001, 2.7370355E-001, 2.2029863E-001, 3.4251657E-001, 9.8622167E-001, 7.5667631E-001, 8.2130120E-001, 7.3924751E-001, 0.0000000E+000, 0.0000000E+000, 0.0000000E+000, 0.0000000E+000, 0.0000000E+000, 0.0000000E+000, 0.0000000E+000, 0.0000000E+000, 0.0000000E+000
 2.1000314E+002, 4.1869728E+001, 4.1074471E+001, 4.1606962E+001, 4.7248669E+001, 7.0222036E+001, 7.8477794E+001, 9.1487774E+001, 1.0814570E+002, 1.4221414E+002, 4.1483497E+001, 3.8624962E+001, 4.4042858E+001, 5.1127887E+001, 7.1389746E+001, 8.1758394E+001, 9.0465738E+001, 1.1545564E+002, 1.5458309E+002, 2.3856234E+001, 3.3034197E+001, 3.8703563E+001, 4.8692625E+001, 6.3830241E+001, 9.4219379E+001, 1.1100721E+002, 1.1921070E+002, 1.2293325E+002, 2.4248375E+001, 3.3111464E+001, 3.9034726E+001, 4.8014408E+001, 6.7408476E+001, 9.2569382E+001, 1.0328949E+002, 1.1280671E+002, 1.1938456E+002, 2.7534225E+001, 3.4090098E+001, 4.1031289E+001, 4.9587392E+001, 6.4442559E+001, 8.7664522E+001, 9.7044640E+001, 1.1571683E+002, 1.3342759E+002, 1.7000000E+001, 1.7000000E+001, 5.2940836E-006, 2.6284228E-005, 0.0000000E+000, 2.7313781E-005, 2.3437767E-003, 1.0089731E-002, 3.9011087E-004, 1.0469665E-002, 2.0651368E-001, 1.9449206E-001, 2.0954574E-001, 1.9390241E-001, 2.0894307E-002, 2.1397741E-002, 8.9523399E-001, 6.0433546E-001, 1.7022300E-001, 2.7122236E-001, 2.2704826E-001, 3.3371000E-001, 1.0183959E+000, 7.7370864E-001, 8.1635902E-001, 7.6221836E-001, 0.0000000E+000, 0.0000000E+000, 0.0000000E+000, 0.0000000E+000, 0.0000000E+000, 0.0000000E+000, 0.0000000E+000, 0.0000000E+000, 0.0000000E+000
 2.2000739E+002, 4.2547144E+001, 4.2323839E+001, 4.3587328E+001, 4.9587535E+001, 7.0973788E+001, 7.9680458E+001, 9.3199561E+001, 1.1194602E+002, 1.4617031E+002, 4.4770384E+001, 4.2304671E+001, 4.5928526E+001, 5.2842417E+001, 7.2136483E+001, 8.2637357E+001, 9.0676606E+001, 1.1553949E+002, 1.5782724E+002, 2.5349980E+001, 3.4351337E+001, 3.9867426E+001, 5.0244437E+001, 6.6269916E+001, 9.5242708E+001, 1.1000930E+002, 1.1946147E+002, 1.2282981E+002, 2.5519284E+001, 3.4192167E+001, 4.0491799E+001, 4.9525096E+001, 6.9604477E+001, 9.3326234E+001, 1.0349156E+002, 1.1405684E+002, 1.2002579E+002, 3.1734194E+001, 3.5192155E+001, 4.1988963E+001, 5.0997088E+001, 6.7006954E+001, 8.9459846E+001, 9.9073798E+001, 1.1734556E+002, 1.3331984E+002, 1.7000000E+001, 1.7000000E+001, 5.7194592E-006, 2.5975029E-005, 0.0000000E+000, 2.8483483E-005, 2.5007523E-003, 9.9756277E-003, 3.9011087E-004, 1.0901318E-002, 2.0627006E-001, 1.9466915E-001, 2.0954574E-001, 1.9323249E-001, 2.0743088E-002, 2.1968845E-002, 8.9404233E-001, 6.0983417E-001, 1.7489129E-001, 2.7439463E-001, 2.2900058E-001, 3.4280990E-001, 1.0627615E+000, 7.8011430E-001, 8.1616654E-001, 7.5677025E-001, 0.0000000E+000, 0.0000000E+000, 0.0000000E+000, 0.0000000E+000, 0.0000000E+000, 0.0000000E+000, 0.0000000E+000, 0.0000000E+000, 0.0000000E+000
 2.3000494E+002, 4.3295137E+001, 4.3294240E+001, 4.4969508E+001, 5.2925892E+001, 7.2168393E+001, 7.9788691E+001, 9.4916379E+001, 1.1418413E+002, 1.4590529E+002, 4.6970482E+001, 4.5932623E+001, 4.7847658E+001, 5.4749643E+001, 7.3432287E+001, 8.4795538E+001, 9.2297473E+001, 1.2116207E+002, 1.6255311E+002, 2.6601469E+001, 3.5822503E+001, 4.1240226E+001, 5.1543395E+001, 6.7881803E+001, 9.6889612E+001, 1.0931484E+002, 1.2208658E+002, 1.2390036E+002, 2.6907806E+001, 3.5570524E+001, 4.1677435E+001, 5.1215217E+001, 7.1664565E+001, 9.4513246E+001, 1.0498261E+002, 1.1531975E+002, 1.2267252E+002, 3.4902924E+001, 3.5960905E+001, 4.2723837E+001, 5.2139414E+001, 6.9144488E+001, 8.9284284E+001, 1.0175842E+002, 1.1863803E+002, 1.3415293E+002, 1.7000000E+001, 1.7000000E+001, 6.3321231E-006, 2.7461748E-005, 0.0000000E+000, 2.9163569E-005, 2.7268426E-003, 1.0524269E-002, 3.9011087E-004, 1.1152289E-002, 2.0591917E-001, 1.9381767E-001, 2.0954574E-001, 1.9284299E-001, 2.1469652E-002, 2.2300570E-002, 8.9258787E-001, 6.1631027E-001, 1.7365166E-001, 2.7639722E-001, 2.3405479E-001, 3.5699300E-001, 1.0102107E+000, 7.8173725E-001, 8.5694300E-001, 7.9119332E-001, 0.0000000E+000, 0.0000000E+000, 0.0000000E+000, 0.0000000E+000, 0.0000000E+000, 0.0000000E+000, 0.0000000E+000, 0.0000000E+000, 0.0000000E+000
 2.4000490E+002, 4.4033741E+001, 4.3474345E+001, 4.6629452E+001, 5.4539024E+001, 7.4624801E+001, 8.1362974E+001, 9.4138693E+001, 1.1221662E+002, 1.5053280E+002, 4.7758715E+001, 4.8246686E+001, 4.9494082E+001, 5.5997627E+001, 7.4477146E+001, 8.6511602E+001, 9.3857062E+001, 1.2276668E+002, 1.6374398E+002, 2.7788002E+001, 3.6935106E+001, 4.2208296E+001, 5.3212713E+001, 6.8707868E+001, 9.6010275E+001, 1.1199333E+002, 1.2387095E+002, 1.2760287E+002, 2.7934300E+001, 3.6527862E+001, 4.2553522E+001, 5.2593238E+001, 7.1328557E+001, 9.6477525E+001, 1.0637924E+002, 1.1769203E+002, 1.2625381E+002, 3.7233706E+001, 3.6951439E+001, 4.4022365E+001, 5.4181313E+001, 6.9617467E+001, 8.9126521E+001, 1.0429778E+002, 1.2132832E+002, 1.3976369E+002, 1.7000000E+001, 1.7000000E+001, 6.2973212E-006, 2.8926828E-005, 0.0000000E+000, 3.0642716E-005, 2.7139997E-003, 1.1064925E-002, 3.9011087E-004, 1.1698136E-002, 2.0593910E-001, 1.9297858E-001, 2.0954574E-001, 1.9199584E-001, 2.2184991E-002, 2.3021233E-002, 8.9167077E-001, 6.2070770E-001, 1.7536870E-001, 2.7546888E-001, 2.3911816E-001, 3.6282389E-001, 9.9210425E-001, 7.9560005E-001, 8.8514173E-001, 7.9755875E-001, 0.0000000E+000, 0.0000000E+000, 0.0000000E+000, 0.0000000E+000, 0.0000000E+000, 0.0000000E+000, 0.0000000E+000, 0.0000000E+000, 0.0000000E+000
 2.5000009E+002, 4.4740787E+001, 4.4294923E+001, 4.7657116E+001, 5.5487914E+001, 7.5430069E+001, 8.3302701E+001, 9.4087015E+001, 1.1018564E+002, 1.4900491E+002, 4.8476109E+001, 4.9132409E+001, 5.0534398E+001, 5.6491793E+001, 7.7548400E+001, 8.7803495E+001, 9.4100169E+001, 1.2192532E+002, 1.6517233E+002, 2.8773826E+001, 3.8106799E+001, 4.3340457E+001, 5.4036168E+001, 6.9209602E+001, 9.5675292E+001, 1.1272298E+002, 1.2610395E+002, 1.3001712E+002, 2.8934108E+001, 3.7535393E+001, 4.3734428E+001, 5.3391446E+001, 7.2866252E+001, 9.5894626E+001, 1.0734170E+002, 1.1930892E+002, 1.2508308E+002, 3.8839602E+001, 3.8307266E+001, 4.4154671E+001, 5.4795383E+001, 7.0696788E+001, 8.7437336E+001, 1.0397890E+002, 1.2468860E+002, 1.3993376E+002, 1.7000000E+001, 1.7000000E+001, 6.4590702E-006, 2.9406948E-005, 0.0000000E+000, 3.1265832E-005, 2.7736896E-003, 1.1242102E-002, 3.9011087E-004, 1.1928083E-002, 2.0584646E-001, 1.9270360E-001, 2.0954574E-001, 1.9163897E-001, 2.2419035E-002, 2.3324551E-002, 8.9192593E-001, 6.1975355E-001, 1.8102548E-001, 2.7763024E-001, 2.4244549E-001, 3.6113289E-001, 1.0525476E+000, 8.2185441E-001, 8.7706679E-001, 7.8264251E-001, 0.0000000E+000, 0.0000000E+000, 0.0000000E+000, 0.0000000E+000, 0.0000000E+000, 0.0000000E+000, 0.0000000E+000, 0.0000000E+000, 0.0000000E+000
 2.6000704E+002, 4.4998787E+001, 4.4657642E+001, 4.8664907E+001, 5.7567600E+001, 7.6643134E+001, 8.4925374E+001, 9.4356841E+001, 1.1158804E+002, 1.4595939E+002, 4.9015867E+001, 4.9646133E+001, 5.1805831E+001, 5.8558868E+001, 7.8300803E+001, 8.9637800E+001, 9.5148083E+001, 1.2351928E+002, 1.6099993E+002, 2.9862587E+001, 3.8568413E+001, 4.4098100E+001, 5.5324537E+001, 7.0384705E+001, 9.7208565E+001, 1.1398431E+002, 1.2485882E+002, 1.2715417E+002, 2.9791942E+001, 3.8363348E+001, 4.4148977E+001, 5.4748153E+001, 7.4494870E+001, 9.7133417E+001, 1.0815639E+002, 1.1874703E+002, 1.2456334E+002, 4.0758236E+001, 3.9162349E+001, 4.6160293E+001, 5.6991845E+001, 7.2408230E+001, 8.9749693E+001, 1.0471473E+002, 1.2238102E+002, 1.3615206E+002, 1.7000000E+001, 1.7000000E+001, 6.2884051E-006, 2.8968313E-005, 0.0000000E+000, 3.1058272E-005, 2.7107094E-003, 1.1080234E-002, 3.9011087E-004, 1.1851487E-002, 2.0594421E-001, 1.9295482E-001, 2.0954574E-001, 1.9175784E-001, 2.2205197E-002, 2.3223540E-002, 8.9233821E-001, 6.1780479E-001, 1.7935461E-001, 2.8489943E-001, 2.5405021E-001, 3.7935785E-001, 1.0647033E+000, 8.1830646E-001, 8.6547942E-001, 8.0372272E-001, 0.0000000E+000, 0.0000000E+000, 0.0000000E+000, 0.0000000E+000, 0.0000000E+000, 0.0000000E+000, 0.0000000E+000, 0.0000000E+000, 0.0000000E+000
 2.7000638E+002, 4.6057634E+001, 4.6104421E+001, 5.0699679E+001, 5.9040516E+001, 7.7913710E+001, 8.5591491E+001, 9.6870968E+001, 1.1340157E+002, 1.4960081E+002, 4.9540369E+001, 5.0018691E+001, 5.3659286E+001, 6.0939225E+001, 7.8413951E+001, 8.8286605E+001, 9.5597264E+001, 1.2329735E+002, 1.6328913E+002, 3.0296215E+001, 3.9441971E+001, 4.4598970E+001, 5.7124829E+001, 7.2525215E+001, 1.0015543E+002, 1.1433830E+002, 1.2527673E+002, 1.2671618E+002, 3.0723548E+001, 3.9445488E+001, 4.4652256E+001, 5.6169043E+001, 7.5868569E+001, 9.9758111E+001, 1.0769354E+002, 1.1710001E+002, 1.2387896E+002, 4.2070397E+001, 3.9871635E+001, 4.6982725E+001, 5.7837000E+001, 7.3503812E+001, 9.2315663E+001, 1.0431444E+002, 1.2150988E+002, 1.3607350E+002, 1.7000000E+001, 1.7000000E+001, 7.4723913E-006, 3.0182875E-005, 0.0000000E+000, 3.0964155E-005, 3.1476336E-003, 1.1528441E-002, 3.9011087E-004, 1.1816756E-002, 2.0526610E-001, 1.9225921E-001, 2.0954574E-001, 1.9181175E-001, 2.2796909E-002, 2.3177717E-002, 8.9224599E-001, 6.1817236E-001, 1.8792842E-001, 2.9406403E-001, 2.5154944E-001, 3.7105187E-001, 1.0842781E+000, 8.0948321E-001, 8.6626407E-001, 8.2898921E-001, 0.0000000E+000, 0.0000000E+000, 0.0000000E+000, 0.0000000E+000, 0.0000000E+000, 0.0000000E+000, 0.0000000E+000, 0.0000000E+000, 0.0000000E+000
 2.8000080E+002, 4.7089343E+001, 4.7449223E+001, 5.1077922E+001, 5.9600900E+001, 7.9226679E+001, 8.7656816E+001, 9.9385052E+001, 1.1548230E+002, 1.4887734E+002, 5.0524096E+001, 5.1172727E+001, 5.4672611E+001, 6.2360195E+001, 7.9035454E+001, 8.8763592E+001, 9.7439456E+001, 1.2342208E+002, 1.6006466E+002, 3.0765576E+001, 4.0121031E+001, 4.4892091E+001, 5.7586405E+001, 7.4533856E+001, 1.0172388E+002, 1.1502099E+002, 1.2570861E+002, 1.2847036E+002, 3.1320024E+001, 4.0439581E+001, 4.5211283E+001, 5.7576649E+001, 7.8636406E+001, 9.9287804E+001, 1.0711758E+002, 1.1762971E+002, 1.2597370E+002, 4.2676766E+001, 4.0451250E+001, 4.7794905E+001, 5.8241274E+001, 7.4381883E+001, 9.6522586E+001, 1.0466545E+002, 1.2118892E+002, 1.3824809E+002, 1.7000000E+001, 1.7000000E+001, 9.0336466E-006, 3.0404099E-005, 0.0000000E+000, 3.1960932E-005, 3.7237808E-003, 1.1610079E-002, 3.9011087E-004, 1.2184594E-002, 2.0437193E-001, 1.9213250E-001, 2.0954574E-001, 1.9124086E-001, 2.2904848E-002, 2.3662653E-002, 8.9051091E-001, 6.2574828E-001, 1.8121428E-001, 2.8262909E-001, 2.5464721E-001, 3.6856010E-001, 1.0720222E+000, 8.2505367E-001, 8.9701640E-001, 8.2677200E-001, 0.0000000E+000, 0.0000000E+000, 0.0000000E+000, 0.0000000E+000, 0.0000000E+000, 0.0000000E+000, 0.0000000E+000, 0.0000000E+000, 0.0000000E+000
 2.9000426E+002, 4.7456347E+001, 4.7492992E+001, 5.1270492E+001, 6.0185670E+001, 8.0883511E+001, 8.8397635E+001, 1.0023475E+002, 1.1329593E+002, 1.5193034E+002, 5.1213470E+001, 5.1719831E+001, 5.4831955E+001, 6.2834700E+001, 8.1468772E+001, 8.9814713E+001, 9.6776138E+001, 1.2234274E+002, 1.6264158E+002, 3.1718615E+001, 4.0534249E+001, 4.5777697E+001, 5.8997324E+001, 7.5323803E+001, 1.0195517E+002, 1.1531291E+002, 1.2628600E+002, 1.3104900E+002, 3.2068997E+001, 4.0888140E+001, 4.5818714E+001, 5.7982052E+001, 7.9431987E+001, 1.0188472E+002, 1.0919190E+002, 1.1872913E+002, 1.3019749E+002, 4.2585122E+001, 4.1565114E+001, 4.8592516E+001, 6.0280730E+001, 7.4178374E+001, 9.7031329E+001, 1.0498327E+002, 1.2082649E+002, 1.4091817E+002, 1.7000000E+001, 1.7000000E+001, 8.9421464E-006, 3.0366421E-005, 0.0000000E+000, 3.2809968E-005, 3.6900146E-003, 1.1596175E-002, 3.9011087E-004, 1.2497913E-002, 2.0442434E-001, 1.9215408E-001, 2.0954574E-001, 1.9075460E-001, 2.2886545E-002, 2.4075311E-002, 8.8702100E-001, 6.2978170E-001, 1.8152131E-001, 2.8476852E-001, 2.5648781E-001, 3.7245463E-001, 1.0936595E+000, 8.4681024E-001, 9.0531933E-001, 8.4343516E-001, 0.0000000E+000, 0.0000000E+000, 0.0000000E+000, 0.0000000E+000, 0.0000000E+000, 0.0000000E+000, 0.0000000E+000, 0.0000000E+000, 0.0000000E+000
 3.0000207E+002, 4.7787443E+001, 4.8369666E+001, 5.2037861E+001, 6.1108457E+001, 8.0885147E+001, 8.8878842E+001, 1.0129363E+002, 1.1546195E+002, 1.5196321E+002, 5.1413966E+001, 5.2216359E+001, 5.5304532E+001, 6.3548354E+001, 8.1777854E+001, 8.9895784E+001, 9.7244157E+001, 1.2335660E+002, 1.6180452E+002, 3.2727555E+001, 4.0793119E+001, 4.6576412E+001, 5.9462637E+001, 7.6134831E+001, 1.0245398E+002, 1.1576871E+002, 1.2693004E+002, 1.3059804E+002, 3.2836317E+001, 4.1149944E+001, 4.6586852E+001, 5.9281793E+001, 8.0701202E+001, 1.0130949E+002, 1.0969425E+002, 1.2032389E+002, 1.2999597E+002, 4.4261036E+001, 4.2182539E+001, 4.9315492E+001, 6.0572163E+001, 7.5746091E+001, 9.6401220E+001, 1.0625210E+002, 1.2242975E+002, 1.4181524E+002, 1.7000000E+001, 1.7000000E+001, 1.0228228E-005, 3.1154661E-005, 0.0000000E+000, 3.3545786E-005, 4.1646150E-003, 1.1887058E-002, 3.9011087E-004, 1.2769450E-002, 2.0368776E-001, 1.9170264E-001, 2.0954574E-001, 1.9033318E-001, 2.3270090E-002, 2.4432654E-002, 8.9008049E-001, 6.2621814E-001, 1.9117795E-001, 3.0118972E-001, 2.6655986E-001, 3.8797113E-001, 1.0956018E+000, 8.4071398E-001, 9.0078524E-001, 8.5340913E-001, 0.0000000E+000, 0.0000000E+000, 0.0000000E+000, 0.0000000E+000, 0.0000000E+000, 0.0000000E+000, 0.0000000E+000, 0.0000000E+000, 0.0000000E+000
 3.1000120E+002, 4.7798912E+001, 4.8149075E+001, 5.2814328E+001, 6.3103436E+001, 8.0334274E+001, 8.9334392E+001, 1.0168996E+002, 1.1715672E+002, 1.5022232E+002, 5.1747930E+001, 5.2040005E+001, 5.5854076E+001, 6.4359593E+001, 8.2950025E+001, 9.0145807E+001, 9.8890806E+001, 1.2439695E+002, 1.6279937E+002, 3.3317388E+001, 4.1404130E+001, 4.7447720E+001, 6.0454924E+001, 7.7725078E+001, 1.0273701E+002, 1.1485445E+002, 1.2670793E+002, 1.3181954E+002, 3.3407869E+001, 4.1409408E+001, 4.7668717E+001, 6.0293860E+001, 8.1838994E+001, 1.0075365E+002, 1.0926954E+002, 1.2171846E+002, 1.3075650E+002, 4.5005956E+001, 4.2722453E+001, 4.9566437E+001, 6.1351172E+001, 7.7129445E+001, 9.4819896E+001, 1.0593589E+002, 1.2360122E+002, 1.4301478E+002, 1.7000000E+001, 1.7000000E+001, 1.0916985E-005, 3.1531465E-005, 0.0000000E+000, 3.3836088E-005, 4.4187858E-003, 1.2026109E-002, 3.9011087E-004, 1.2876580E-002, 2.0329329E-001, 1.9148683E-001, 2.0954574E-001, 1.9016691E-001, 2.3453417E-002, 2.4573576E-002, 8.8979344E-001, 6.2747418E-001, 1.8103986E-001, 2.8538865E-001, 2.6505407E-001, 3.8255906E-001, 1.1198837E+000, 8.4082436E-001, 8.9507484E-001, 8.5066051E-001, 0.0000000E+000, 0.0000000E+000, 0.0000000E+000, 0.0000000E+000, 0.0000000E+000, 0.0000000E+000, 0.0000000E+000, 0.0000000E+000, 0.0000000E+000
 3.2000098E+002, 4.8950564E+001, 4.8193629E+001, 5.3104901E+001, 6.3473719E+001, 8.0804468E+001, 8.9521688E+001, 1.0130070E+002, 1.2075549E+002, 1.5473225E+002, 5.2391151E+001, 5.3362543E+001, 5.6635111E+001, 6.4934959E+001, 8.4337235E+001, 8.9781488E+001, 9.9379378E+001, 1.2674993E+002, 1.6530681E+002, 3.4023762E+001, 4.1976754E+001, 4.8363745E+001, 6.1382157E+001, 7.8803952E+001, 1.0636715E+002, 1.1519883E+002, 1.2761185E+002, 1.3112280E+002, 3.3998127E+001, 4.2500892E+001, 4.7614919E+001, 6.0712349E+001, 8.4207989E+001, 1.0062455E+002, 1.0838384E+002, 1.2110118E+002, 1.2972197E+002, 4.4640931E+001, 4.4001525E+001, 5.0558486E+001, 6.1655612E+001, 7.7688596E+001, 9.6105893E+001, 1.0680598E+002, 1.2578711E+002, 1.4070815E+002, 1.7000000E+001, 1.7000000E+001, 9.9400184E-006, 3.1281388E-005, 0.0000000E+000, 3.4081580E-005, 4.0582575E-003, 1.1933824E-002, 3.9011087E-004, 1.2967173E-002, 2.0385283E-001, 1.9163006E-001, 2.0954574E-001, 1.9002631E-001, 2.3331712E-002, 2.4692714E-002, 8.8911476E-001, 6.2771237E-001, 1.9735522E-001, 3.0639253E-001, 2.7661204E-001, 4.0943598E-001, 1.1552766E+000, 8.6361647E-001, 9.2162217E-001, 8.5490272E-001, 0.0000000E+000, 0.0000000E+000, 0.0000000E+000, 0.0000000E+000, 0.0000000E+000, 0.0000000E+000, 0.0000000E+000, 0.0000000E+000, 0.0000000E+000
 3.3000582E+002, 4.9407778E+001, 4.9086949E+001, 5.3682991E+001, 6.4501767E+001, 8.2329840E+001, 8.9750649E+001, 1.0155172E+002, 1.1741281E+002, 1.4929253E+002, 5.3335898E+001, 5.3903653E+001, 5.6644678E+001, 6.5055103E+001, 8.4239262E+001, 8.9998557E+001, 9.9769184E+001, 1.2709319E+002, 1.6473167E+002, 3.4718213E+001, 4.2629865E+001, 4.8638819E+001, 6.1946315E+001, 7.8718959E+001, 1.0799639E+002, 1.1592085E+002, 1.2788883E+002, 1.3043386E+002, 3.4867367E+001, 4.4061761E+001, 4.7938427E+001, 6.1367822E+001, 8.5176658E+001, 1.0177700E+002, 1.0963931E+002, 1.2229243E+002, 1.3240716E+002, 4.3898319E+001, 4.3871893E+001, 5.1083827E+001, 6.2200587E+001, 7.8535924E+001, 9.6194259E+001, 1.0693491E+002, 1.2772633E+002, 1.4129687E+002, 1.7000000E+001, 1.7000000E+001, 1.1622055E-005, 3.2290407E-005, 0.0000000E+000, 3.4288635E-005, 4.6789763E-003, 1.2306180E-002, 3.9011087E-004, 1.3043582E-002, 2.0288948E-001, 1.9105217E-001, 2.0954574E-001, 1.8990773E-001, 2.3822529E-002, 2.4793129E-002, 8.8669527E-001, 6.2963747E-001, 1.8645014E-001, 2.9474307E-001, 2.7093530E-001, 4.0032848E-001, 1.1160192E+000, 8.6412112E-001, 9.2347021E-001, 8.5566460E-001, 0.0000000E+000, 0.0000000E+000, 0.0000000E+000, 0.0000000E+000, 0.0000000E+000, 0.0000000E+000, 0.0000000E+000, 0.0000000E+000, 0.0000000E+000
 3.4000200E+002, 4.9245422E+001, 4.8936677E+001, 5.5656809E+001, 6.4708845E+001, 8.2692671E+001, 8.9565512E+001, 1.0295451E+002, 1.2054141E+002, 1.5346592E+002, 5.3438574E+001, 5.3711481E+001, 5.6669961E+001, 6.6085866E+001, 8.3737301E+001, 9.1484275E+001, 1.0090260E+002, 1.2672333E+002, 1.6188780E+002, 3.5388730E+001, 4.3438382E+001, 4.9129951E+001, 6.2722020E+001, 7.8928357E+001, 1.0632969E+002, 1.1692586E+002, 1.2730051E+002, 1.3179387E+002, 3.5070919E+001, 4.4445004E+001, 4.8970091E+001, 6.2638933E+001, 8.5308744E+001, 1.0094267E+002, 1.0972364E+002, 1.2282852E+002, 1.3156467E+002, 4.5118360E+001, 4.3738380E+001, 5.1161366E+001, 6.3093314E+001, 7.8617454E+001, 9.5745844E+001, 1.0763820E+002, 1.2843734E+002, 1.4396087E+002, 1.7000000E+001, 1.7000000E+001, 1.2570854E-005, 3.3114887E-005, 0.0000000E+000, 3.5304946E-005, 5.0291098E-003, 1.2610437E-002, 3.9011087E-004, 1.3418630E-002, 2.0234608E-001, 1.9057996E-001, 2.0954574E-001, 1.8932566E-001, 2.4223332E-002, 2.5285940E-002, 8.8788543E-001, 6.2845010E-001, 1.9006286E-001, 2.9935616E-001, 2.7856287E-001, 4.1335545E-001, 1.1020231E+000, 8.7122225E-001, 9.1279533E-001, 8.8285560E-001, 0.0000000E+000, 0.0000000E+000, 0.0000000E+000, 0.0000000E+000, 0.0000000E+000, 0.0000000E+000, 0.0000000E+000, 0.0000000E+000, 0.0000000E+000
 3.5000327E+002, 4.9335999E+001, 4.9620809E+001, 5.5896665E+001, 6.5104930E+001, 8.2152830E+001, 9.0364458E+001, 1.0344496E+002, 1.2151453E+002, 1.5552734E+002, 5.3870954E+001, 5.3961585E+001, 5.6880372E+001, 6.7192072E+001, 8.3118180E+001, 9.2053172E+001, 1.0071178E+002, 1.2681346E+002, 1.6413626E+002, 3.5771332E+001, 4.4087066E+001, 5.0053714E+001, 6.3235208E+001, 7.9750308E+001, 1.0646412E+002, 1.1820017E+002, 1.2748584E+002, 1.3201608E+002, 3.5374719E+001, 4.4721410E+001, 4.9415817E+001, 6.3015327E+001, 8.6781834E+001, 1.0096752E+002, 1.0991237E+002, 1.2372163E+002, 1.3161591E+002, 4.5616617E+001, 4.4180435E+001, 5.2010309E+001, 6.3356241E+001, 7.9179853E+001, 9.6498668E+001, 1.0765413E+002, 1.2849006E+002, 1.4409870E+002, 1.7000000E+001, 1.7000000E+001, 1.2541460E-005, 3.3981652E-005, 0.0000000E+000, 3.5404391E-005, 5.0182626E-003, 1.2930297E-002, 3.9011087E-004, 1.3455328E-002, 2.0236291E-001, 1.9008354E-001, 2.0954574E-001, 1.8926870E-001, 2.4644037E-002, 2.5334130E-002, 8.8446857E-001, 6.2867926E-001, 1.8780111E-001, 2.9429890E-001, 2.7794056E-001, 4.1305012E-001, 1.0799422E+000, 8.7437310E-001, 9.2758890E-001, 8.7020700E-001, 0.0000000E+000, 0.0000000E+000, 0.0000000E+000, 0.0000000E+000, 0.0000000E+000, 0.0000000E+000, 0.0000000E+000, 0.0000000E+000, 0.0000000E+000
 3.6000174E+002, 4.9708379E+001, 5.0392482E+001, 5.6179916E+001, 6.5867677E+001, 8.3212517E+001, 9.0283075E+001, 1.0422687E+002, 1.2273023E+002, 1.5418014E+002, 5.4019339E+001, 5.4734873E+001, 5.7457999E+001, 6.7624636E+001, 8.5686753E+001, 9.2579406E+001, 1.0162985E+002, 1.2917761E+002, 1.6945072E+002, 3.7419555E+001, 4.4351126E+001, 5.0221058E+001, 6.2420788E+001, 7.9227947E+001, 1.0744687E+002, 1.2001553E+002, 1.2941107E+002, 1.3564271E+002, 3.5703711E+001, 4.4758733E+001, 4.9773245E+001, 6.2384907E+001, 8.6191285E+001, 1.0227717E+002, 1.1006365E+002, 1.2496065E+002, 1.3336026E+002, 4.6628888E+001, 4.4622085E+001, 5.2995571E+001, 6.3967742E+001, 7.9957941E+001, 9.6767643E+001, 1.0944339E+002, 1.2642171E+002, 1.4486955E+002, 1.7000000E+001, 1.7000000E+001, 1.3240545E-005, 3.4363806E-005, 0.0000000E+000, 3.6344541E-005, 5.2762447E-003, 1.3071323E-002, 3.9011087E-004, 1.3802270E-002, 2.0196253E-001, 1.8986467E-001, 2.0954574E-001, 1.8873025E-001, 2.4829540E-002, 2.5789488E-002, 8.8615433E-001, 6.3085471E-001, 1.9195009E-001, 2.9923965E-001, 2.7794713E-001, 4.0896903E-001, 1.1221096E+000, 8.7680897E-001, 9.5912131E-001, 8.7553086E-001, 0.0000000E+000, 0.0000000E+000, 0.0000000E+000, 0.0000000E+000, 0.0000000E+000, 0.0000000E+000, 0.0000000E+000, 0.0000000E+000, 0.0000000E+000
 3.7000094E+002, 5.0228273E+001, 5.0099345E+001, 5.5513473E+001, 6.6772249E+001, 8.2927885E+001, 9.1228621E+001, 1.0394595E+002, 1.2047614E+002, 1.5551482E+002, 5.4181932E+001, 5.5210760E+001, 5.8759855E+001, 6.8180996E+001, 8.7593662E+001, 9.3795168E+001, 1.0244249E+002, 1.2762861E+002, 1.6455636E+002, 3.7726352E+001, 4.4725198E+001, 5.0351752E+001, 6.2937528E+001, 7.8563811E+001, 1.0779040E+002, 1.1993326E+002, 1.3026522E+002, 1.3551847E+002, 3.6761051E+001, 4.5467297E+001, 5.0083635E+001, 6.2197560E+001, 8.4938789E+001, 1.0457764E+002, 1.1345759E+002, 1.2591975E+002, 1.3299997E+002, 4.5915288E+001, 4.4328366E+001, 5.4004836E+001, 6.3412087E+001, 8.0937446E+001, 9.7789073E+001, 1.1125440E+002, 1.2642602E+002, 1.4586145E+002, 1.7000000E+001, 1.7000000E+001, 1.3639552E-005, 3.4352791E-005, 0.0000000E+000, 3.6584647E-005, 5.4234896E-003, 1.3067258E-002, 3.9011087E-004, 1.3890875E-002, 2.0173401E-001, 1.8987098E-001, 2.0954574E-001, 1.8859274E-001, 2.4824117E-002, 2.5905723E-002, 8.8768976E-001, 6.3092771E-001, 1.9338157E-001, 3.0143620E-001, 2.8154717E-001, 4.1345609E-001, 1.1047245E+000, 9.0028859E-001, 9.6108424E-001, 8.8203558E-001, 0.0000000E+000, 0.0000000E+000, 0.0000000E+000, 0.0000000E+000, 0.0000000E+000, 0.0000000E+000, 0.0000000E+000, 0.0000000E+000, 0.0000000E+000
 3.8000508E+002, 4.9901654E+001, 4.9715610E+001, 5.5159872E+001, 6.7220133E+001, 8.3305721E+001, 9.2177451E+001, 1.0474690E+002, 1.2241340E+002, 1.5759177E+002, 5.4324578E+001, 5.4913625E+001, 5.9081279E+001, 6.8512407E+001, 8.7887040E+001, 9.3677604E+001, 1.0336855E+002, 1.2929775E+002, 1.6770450E+002, 3.7624116E+001, 4.5427899E+001, 5.0789039E+001, 6.3339080E+001, 7.9173850E+001, 1.0825097E+002, 1.1845291E+002, 1.3018093E+002, 1.3422969E+002, 3.7025016E+001, 4.5212152E+001, 4.9939189E+001, 6.2678934E+001, 8.4840943E+001, 1.0518216E+002, 1.1380480E+002, 1.2306573E+002, 1.3141303E+002, 4.6708801E+001, 4.5063628E+001, 5.3527809E+001, 6.3813056E+001, 8.0813151E+001, 9.7164840E+001, 1.1040484E+002, 1.2706960E+002, 1.4535803E+002, 1.7000000E+001, 1.7000000E+001, 1.4108736E-005, 3.4325545E-005, 0.0000000E+000, 3.6381334E-005, 5.5966316E-003, 1.3057203E-002, 3.9011087E-004, 1.3815847E-002, 2.0146529E-001, 1.8988659E-001, 2.0954574E-001, 1.8870918E-001, 2.4810572E-002, 2.5807291E-002, 8.8696233E-001, 6.3142061E-001, 1.9313856E-001, 3.0245846E-001, 2.8684443E-001, 4.2522509E-001, 1.1619377E+000, 8.9812398E-001, 9.4648137E-001, 8.7899599E-001, 0.0000000E+000, 0.0000000E+000, 0.0000000E+000, 0.0000000E+000, 0.0000000E+000, 0.0000000E+000, 0.0000000E+000, 0.0000000E+000, 0.0000000E+000
 3.9000648E+002, 5.0974348E+001, 5.0369782E+001, 5.5549535E+001, 6.6478497E+001, 8.3891688E+001, 9.2436489E+001, 1.0477560E+002, 1.2084241E+002, 1.5495672E+002, 5.4154194E+001, 5.5238143E+001, 6.0718348E+001, 6.8648046E+001, 8.8508457E+001, 9.2859597E+001, 1.0358824E+002, 1.3130974E+002, 1.7122380E+002, 3.7700530E+001, 4.5639039E+001, 5.1215939E+001, 6.3732598E+001, 7.9526930E+001, 1.0870266E+002, 1.1832206E+002, 1.3130826E+002, 1.3338872E+002, 3.7607176E+001, 4.6026422E+001, 5.0324710E+001, 6.2867969E+001, 8.4716868E+001, 1.0432587E+002, 1.1383366E+002, 1.2317717E+002, 1.2977397E+002, 4.6829919E+001, 4.5422875E+001, 5.2441865E+001, 6.4575707E+001, 8.0472303E+001, 9.9037298E+001, 1.1028746E+002, 1.2822908E+002, 1.4588591E+002, 1.7000000E+001, 1.7000000E+001, 1.4198618E-005, 3.4363093E-005, 0.0000000E+000, 3.6533899E-005, 5.6298005E-003, 1.3071059E-002, 3.9011087E-004, 1.3872148E-002, 2.0141382E-001, 1.8986508E-001, 2.0954574E-001, 1.8862180E-001, 2.4829058E-002, 2.5881153E-002, 8.8559264E-001, 6.3000685E-001, 2.0005101E-001, 3.0861260E-001, 2.8998046E-001, 4.4212096E-001, 1.1068093E+000, 8.9530853E-001, 9.4947640E-001, 8.8224615E-001, 0.0000000E+000, 0.0000000E+000, 0.0000000E+000, 0.0000000E+000, 0.0000000E+000, 0.0000000E+000, 0.0000000E+000, 0.0000000E+000, 0.0000000E+000
 4.0000183E+002, 5.1359954E+001, 5.1804681E+001, 5.5540759E+001, 6.7416629E+001, 8.4466729E+001, 9.1560318E+001, 1.0561832E+002, 1.1780925E+002, 1.5503243E+002, 5.4533589E+001, 5.5949524E+001, 6.0647029E+001, 6.8867886E+001, 8.8662965E+001, 9.3140662E+001, 1.0338113E+002, 1.2947653E+002, 1.6578728E+002, 3.8123148E+001, 4.6191690E+001, 5.1336204E+001, 6.4477607E+001, 8.0215747E+001, 1.0714557E+002, 1.1722763E+002, 1.3163259E+002, 1.3432532E+002, 3.8617965E+001, 4.7332018E+001, 5.0777757E+001, 6.3665829E+001, 8.5476192E+001, 1.0573389E+002, 1.1401257E+002, 1.2487476E+002, 1.3085046E+002, 4.8571985E+001, 4.5996448E+001, 5.2951102E+001, 6.5405930E+001, 8.0881649E+001, 9.8603564E+001, 1.1015450E+002, 1.2768018E+002, 1.4667545E+002, 1.7000000E+001, 1.7000000E+001, 1.4537177E-005, 3.4727109E-005, 0.0000000E+000, 3.7105278E-005, 5.7547383E-003, 1.3205392E-002, 3.9011087E-004, 1.4083003E-002, 2.0121991E-001, 1.8965660E-001, 2.0954574E-001, 1.8829456E-001, 2.5005334E-002, 2.6157619E-002, 8.8633562E-001, 6.3077860E-001, 1.9326722E-001, 3.0171968E-001, 2.8930864E-001, 4.3042385E-001, 1.1133680E+000, 8.9774436E-001, 9.5217931E-001, 8.9738981E-001, 0.0000000E+000, 0.0000000E+000, 0.0000000E+000, 0.0000000E+000, 0.0000000E+000, 0.0000000E+000, 0.0000000E+000, 0.0000000E+000, 0.0000000E+000
 4.1000479E+002, 5.1905206E+001, 5.1994221E+001, 5.6109823E+001, 6.8002132E+001, 8.5790293E+001, 9.2265582E+001, 1.0471476E+002, 1.2248670E+002, 1.6057154E+002, 5.4826695E+001, 5.6492876E+001, 6.1097649E+001, 6.9039618E+001, 8.9373884E+001, 9.3935987E+001, 1.0372272E+002, 1.2966855E+002, 1.6921775E+002, 3.9244384E+001, 4.6215820E+001, 5.1338551E+001, 6.5140715E+001, 8.0803610E+001, 1.0800296E+002, 1.1816092E+002, 1.3177996E+002, 1.3503589E+002, 3.9554769E+001, 4.8207084E+001, 5.1336186E+001, 6.3595655E+001, 8.6689651E+001, 1.0593489E+002, 1.1448015E+002, 1.2544248E+002, 1.3167877E+002, 4.7885342E+001, 4.6440302E+001, 5.3807728E+001, 6.5853074E+001, 8.1658912E+001, 9.9983605E+001, 1.1005814E+002, 1.2849534E+002, 1.4673776E+002, 1.7000000E+001, 1.7000000E+001, 1.5051426E-005, 3.5377576E-005, 0.0000000E+000, 3.7623683E-005, 5.9445107E-003, 1.3445432E-002, 3.9011087E-004, 1.4274309E-002, 2.0092539E-001, 1.8928406E-001, 2.0954574E-001, 1.8799766E-001, 2.5320515E-002, 2.6408361E-002, 8.8397913E-001, 6.3059125E-001, 1.9388636E-001, 3.0141074E-001, 2.8531831E-001, 4.2251772E-001, 1.1588904E+000, 9.0020645E-001, 9.4812057E-001, 8.9747597E-001, 0.0000000E+000, 0.0000000E+000, 0.0000000E+000, 0.0000000E+000, 0.0000000E+000, 0.0000000E+000, 0.0000000E+000, 0.0000000E+000, 0.0000000E+000
 4.2000373E+002, 5.6405238E+001, 5.2865092E+001, 5.6913582E+001, 6.7233238E+001, 8.4438860E+001, 9.2807868E+001, 1.0490417E+002, 1.2442379E+002, 1.5875343E+002, 5.6205142E+001, 5.6340696E+001, 6.0841314E+001, 6.8860812E+001, 8.6386480E+001, 9.4606067E+001, 1.0320977E+002, 1.3086055E+002, 1.6897062E+002, 4.7637863E+001, 4.5978045E+001, 5.1110843E+001, 6.3560233E+001, 7.9213074E+001, 1.0577849E+002, 1.1866241E+002, 1.3178395E+002, 1.3537714E+002, 4.9663732E+001, 4.7485848E+001, 5.1003876E+001, 6.2781021E+001, 8.3496008E+001, 1.0378367E+002, 1.1336911E+002, 1.2597797E+002, 1.3202914E+002, 5.4854549E+001, 4.7628136E+001, 5.4528464E+001, 6.5957459E+001, 8.1579565E+001, 1.0027606E+002, 1.1214614E+002, 1.2913222E+002, 1.4632210E+002, 1.7000000E+001, 1.7000000E+001, 1.6699199E-005, 3.4022851E-005, 0.0000000E+000, 3.8242070E-005, 6.5525853E-003, 1.2945501E-002, 3.9011087E-004, 1.4502511E-002, 1.9998167E-001, 1.9005995E-001, 2.0954574E-001, 1.8764349E-001, 2.5294557E-002, 2.6724476E-002, 6.8973768E-001, 7.5116560E-001, 2.0018574E-001, 3.0972020E-001, 2.7808820E-001, 3.8702321E-001, 9.8536406E-001, 8.5305561E-001, 8.4966478E-001, 7.8299307E-001, 8.7711564E-003, 1.8525908E-001, 2.0212472E-001, 5.5589346E-002, 6.8846638E-001, 7.3284105E-001, 6.3527261E-003, 1.4901161E-001, 1.5169496E-001
 4.3000662E+002, 6.5736284E+001, 5.6794788E+001, 6.0856902E+001, 6.7357649E+001, 7.6846834E+001, 8.6167396E+001, 9.6157762E+001, 1.0761865E+002, 1.2827172E+002, 6.0279759E+001, 5.8369912E+001, 6.0922183E+001, 6.4338246E+001, 7.2742618E+001, 8.3349902E+001, 9.7085402E+001, 1.2164403E+002, 1.5000134E+002, 6.5398403E+001, 5.4585175E+001, 5.8091205E+001, 6.3322080E+001, 6.9965710E+001, 8.1043459E+001, 9.1608307E+001, 1.0243660E+002, 1.0392476E+002, 6.3345982E+001, 5.4406138E+001, 5.7674110E+001, 6.4008507E+001, 7.3924104E+001, 8.1637801E+001, 8.4117326E+001, 9.2623210E+001, 9.3067732E+001, 6.9549429E+001, 5.8737618E+001, 6.2807968E+001, 7.0541312E+001, 8.0670614E+001, 8.9249881E+001, 9.7644269E+001, 1.0689012E+002, 1.1240728E+002, 1.7000000E+001, 1.7000000E+001, 2.6034591E-005, 2.7893139E-005, 0.0000000E+000, 2.6089944E-005, 9.9976078E-003, 1.0683464E-002, 3.9011087E-004, 1.0018035E-002, 1.9463504E-001, 1.9357060E-001, 2.0954574E-001, 1.9460334E-001, 2.9424898E-002, 2.7949284E-002, 5.7193670E-001, 8.6641375E-001, 1.8628917E-001, 2.7245439E-001, 2.2534384E-001, 2.4768111E-001, 5.8909175E-001, 5.4326797E-001, 3.7198033E-001, 5.6992137E-001, 6.6602997E-002, 1.6118117E+000, 1.7033837E+000, 4.0123219E-001, 5.5308431E+000, 5.9649206E+000, 3.5876774E-002, 1.1638001E+000, 1.2358290E+000
 4.4000106E+002, 5.9640511E+001, 5.8377147E+001, 6.2137198E+001, 6.5759213E+001, 7.0630974E+001, 7.7120503E+001, 8.3265968E+001, 8.9350544E+001, 1.1162572E+002, 5.8172934E+001, 5.9362209E+001, 6.1556799E+001, 6.1783677E+001, 6.5723645E+001, 7.1992605E+001, 8.1418273E+001, 1.0407781E+002, 1.3238463E+002, 5.1922835E+001, 5.6566632E+001, 5.9378329E+001, 6.2732796E+001, 6.4919538E+001, 6.7439841E+001, 6.8544510E+001, 6.8916648E+001, 6.6668407E+001, 4.9502328E+001, 5.3197969E+001, 5.5580259E+001, 5.8073449E+001, 6.1431103E+001, 6.2507197E+001, 6.1693067E+001, 6.3057351E+001, 6.1128188E+001, 6.1242153E+001, 5.8178534E+001, 6.0223634E+001, 6.3622650E+001, 6.7097823E+001, 7.0355376E+001, 7.2703577E+001, 7.5904757E+001, 7.7749835E+001, 1.7000000E+001, 1.7000000E+001, 2.6711112E-005, 2.7390405E-005, 0.0000000E+000, 2.6261186E-005, 1.0247263E-002, 1.0497941E-002, 3.9011087E-004, 1.0081228E-002, 1.9424758E-001, 1.9385853E-001, 2.0954574E-001, 1.9450526E-001, 3.2801135E-002, 3.2814706E-002, 6.7238874E-001, 7.8535919E-001, 1.7477846E-001, 2.4824342E-001, 1.8500194E-001, 2.2526452E-001, 5.0708209E-001, 4.5739074E-001, 2.5683666E-001, 4.2521640E-001, 1.2236682E-001, 3.3436464E+000, 3.4400062E+000, 7.2903327E-001, 1.0737766E+001, 1.1955624E+001, 7.0988957E-002, 2.4493506E+000, 2.4038346E+000
 4.5000615E+002, 5.4372975E+001, 5.6350544E+001, 5.9360740E+001, 6.2724464E+001, 6.6034768E+001, 6.8338069E+001, 7.1770698E+001, 8.2986304E+001, 1.0651069E+002, 5.3938922E+001, 5.7828989E+001, 6.0032110E+001, 5.9069801E+001, 6.0859155E+001, 6.3646838E+001, 6.8719926E+001, 9.6307746E+001, 1.2801209E+002, 4.8359860E+001, 5.2791736E+001, 5.5066316E+001, 5.9325087E+001, 6.1554426E+001, 6.3408549E+001, 6.2838883E+001, 6.0640110E+001, 5.8161846E+001, 4.5148707E+001, 4.8277768E+001, 4.9695584E+001, 5.0880698E+001, 5.1784990E+001, 5.1918487E+001, 5.1524778E+001, 5.1341130E+001, 5.0097497E+001, 5.3708802E+001, 5.3044887E+001, 5.4499947E+001, 5.6292212E+001, 5.8678806E+001, 6.0359366E+001, 6.1538426E+001, 6.3760977E+001, 6.6490779E+001, 1.7000000E+001, 1.7000000E+001, 2.6609797E-005, 2.7950121E-005, 0.0000000E+000, 2.6729553E-005, 1.0209875E-002, 1.0704492E-002, 3.9011087E-004, 1.0254068E-002, 1.9430560E-001, 1.9353796E-001, 2.0954574E-001, 1.9423701E-001, 3.5652499E-002, 3.5730795E-002, 6.9647072E-001, 7.3103557E-001, 1.6499288E-001, 2.3472266E-001, 1.7367971E-001, 2.0870974E-001, 4.0235261E-001, 4.3274578E-001, 2.4920925E-001, 3.5864643E-001, 1.7306491E-001, 5.0137942E+000, 5.1532825E+000, 1.0576460E+000, 1.6034711E+001, 1.8012383E+001, 1.1145879E-001, 3.7798138E+000, 3.5549143E+000
 4.6000333E+002, 5.1419643E+001, 5.6703567E+001, 5.9490895E+001, 6.2457995E+001, 6.3264644E+001, 6.3273465E+001, 6.3567480E+001, 7.3234999E+001, 1.0102237E+002, 5.2437953E+001, 5.7670683E+001, 5.8373669E+001, 5.7289178E+001, 5.7345042E+001, 5.7908041E+001, 6.0350463E+001, 8.9495678E+001, 1.2194201E+002, 4.6201179E+001, 4.8888570E+001, 5.0687895E+001, 5.3892329E+001, 5.7516438E+001, 5.9293747E+001, 6.0146926E+001, 5.7851116E+001, 5.5602817E+001, 4.4759278E+001, 4.5676548E+001, 4.6359612E+001, 4.7248441E+001, 4.7779553E+001, 4.7431568E+001, 4.6496015E+001, 4.5963036E+001, 4.5442866E+001, 4.9614069E+001, 4.9830717E+001, 5.1294421E+001, 5.2309538E+001, 5.3416954E+001, 5.3322000E+001, 5.3873735E+001, 5.5644957E+001, 5.9440079E+001, 1.7000000E+001, 1.7000000E+001, 2.7288063E-005, 2.8677143E-005, 0.0000000E+000, 2.7119650E-005, 1.0460174E-002, 1.0972784E-002, 3.9011087E-004, 1.0398025E-002, 1.9391714E-001, 1.9312158E-001, 2.0954574E-001, 1.9401360E-001, 3.7810045E-002, 3.7999290E-002, 7.0678850E-001, 6.8313671E-001, 1.5315470E-001, 2.1999596E-001, 1.6239670E-001, 1.8278053E-001, 3.7807641E-001, 4.3714277E-001, 2.1376648E-001, 3.4852889E-001, 2.1872218E-001, 6.6137771E+000, 6.9794067E+000, 1.3973994E+000, 2.1409116E+001, 2.4019188E+001, 1.4824697E-001, 5.0548572E+000, 4.7640371E+000
 4.7000653E+002, 4.8625012E+001, 5.5522906E+001, 5.7750955E+001, 5.8619772E+001, 5.8184522E+001, 5.8209688E+001, 6.0202346E+001, 7.3302259E+001, 9.7405083E+001, 5.0105277E+001, 5.7453211E+001, 5.7487976E+001, 5.5546422E+001, 5.5132269E+001, 5.5355171E+001, 5.5918944E+001, 9.0710148E+001, 1.1826983E+002, 4.5604301E+001, 4.6650329E+001, 4.8725921E+001, 5.3557189E+001, 5.6177893E+001, 5.9743024E+001, 6.1353964E+001, 6.0385567E+001, 5.5941776E+001, 4.3558503E+001, 4.3218041E+001, 4.4055412E+001, 4.4864385E+001, 4.5347813E+001, 4.4781480E+001, 4.4324674E+001, 4.3560576E+001, 4.3325778E+001, 4.7360967E+001, 4.7612578E+001, 4.7893039E+001, 4.9516245E+001, 5.0091410E+001, 4.9651433E+001, 4.9281394E+001, 5.1528864E+001, 5.3947234E+001, 1.7000000E+001, 1.7000000E+001, 2.7977626E-005, 2.9468270E-005, 0.0000000E+000, 2.7884373E-005, 1.0714642E-002, 1.1264732E-002, 3.9011087E-004, 1.0680230E-002, 1.9352221E-001, 1.9266848E-001, 2.0954574E-001, 1.9357562E-001, 3.9477913E-002, 3.9981745E-002, 7.2342839E-001, 6.6292948E-001, 1.4300375E-001, 2.0325813E-001, 1.5293600E-001, 1.4669272E-001, 3.8013666E-001, 4.0952108E-001, 2.2472471E-001, 3.1214329E-001, 2.6543358E-001, 8.2668934E+000, 8.8695218E+000, 1.7385794E+000, 2.6856270E+001, 3.0009958E+001, 1.8487805E-001, 6.2439412E+000, 5.9462497E+000
 4.8000303E+002, 4.6749861E+001, 5.4054450E+001, 5.5816702E+001, 5.5638598E+001, 5.5713468E+001, 5.6881121E+001, 5.9096427E+001, 7.1651348E+001, 9.2216738E+001, 4.8257916E+001, 5.6569439E+001, 5.6553017E+001, 5.4985648E+001, 5.4840132E+001, 5.6438634E+001, 5.7912512E+001, 8.3227921E+001, 1.1559182E+002, 4.5302483E+001, 4.5846048E+001, 4.8127568E+001, 5.2948265E+001, 5.5688225E+001, 5.7694919E+001, 5.9287782E+001, 5.9871218E+001, 5.4947956E+001, 4.4025213E+001, 4.2974017E+001, 4.3831852E+001, 4.4708734E+001, 4.5046154E+001, 4.4330273E+001, 4.4215298E+001, 4.3425376E+001, 4.3473757E+001, 4.6852124E+001, 4.7320274E+001, 4.7681830E+001, 4.9059169E+001, 4.9635765E+001, 4.8726360E+001, 4.8303947E+001, 4.8116335E+001, 5.0147986E+001, 1.7000000E+001, 1.7000000E+001, 2.8922757E-005, 2.9865438E-005, 0.0000000E+000, 2.8704262E-005, 1.1063422E-002, 1.1411298E-002, 3.9011087E-004, 1.0982792E-002, 1.9298091E-001, 1.9244101E-001, 2.0954574E-001, 1.9310605E-001, 4.1129565E-002, 4.1402421E-002, 7.3411441E-001, 6.5385946E-001, 1.4963598E-001, 2.1071429E-001, 1.5296781E-001, 1.7840394E-001, 3.9474394E-001, 4.1297373E-001, 2.6164199E-001, 3.2795366E-001, 3.1724225E-001, 9.9325541E+000, 1.0731913E+001, 2.0890513E+000, 3.2320288E+001, 3.6001622E+001, 2.1604944E-001, 7.4335518E+000, 7.1549362E+000
 4.9000308E+002, 4.6834296E+001, 5.2271261E+001, 5.4159012E+001, 5.4823450E+001, 5.5273494E+001, 5.5553845E+001, 5.9243463E+001, 7.2373695E+001, 9.6105270E+001, 4.7327762E+001, 5.5413051E+001, 5.5795775E+001, 5.4676991E+001, 5.4397487E+001, 5.5240569E+001, 5.7943783E+001, 8.5995057E+001, 1.1183088E+002, 4.4952564E+001, 4.6333447E+001, 4.7942908E+001, 5.2149879E+001, 5.5319884E+001, 5.5787885E+001, 5.5911671E+001, 5.4991961E+001, 5.2271572E+001, 4.4377546E+001, 4.4185898E+001, 4.4556047E+001, 4.5005537E+001, 4.4980326E+001, 4.4353087E+001, 4.4271316E+001, 4.3173487E+001, 4.3008844E+001, 4.7789069E+001, 4.6377150E+001, 4.6720627E+001, 4.8292497E+001, 5.0029419E+001, 5.1163863E+001, 5.3052093E+001, 5.8767590E+001, 6.2755627E+001, 1.7000000E+001, 1.7000000E+001, 2.9144134E-005, 3.0101369E-005, 0.0000000E+000, 2.9354798E-005, 1.1145117E-002, 1.1498363E-002, 3.9011087E-004, 1.1222858E-002, 1.9285412E-001, 1.9230589E-001, 2.0954574E-001, 1.9273347E-001, 4.1768953E-002, 4.2635588E-002, 7.3868671E-001, 6.4963305E-001, 1.7194394E-001, 2.4848670E-001, 1.5463401E-001, 1.4978640E-001, 3.8212535E-001, 3.9463750E-001, 2.6425440E-001, 3.4607265E-001, 3.7311531E-001, 1.1605089E+001, 1.2587077E+001, 2.4314025E+000, 3.7688807E+001, 4.1985637E+001, 2.4821633E-001, 8.6737700E+000, 8.4460051E+000
 5.0000366E+002, 4.7379717E+001, 5.0684431E+001, 5.2560723E+001, 5.3477912E+001, 5.3808971E+001, 5.3809986E+001, 5.7564920E+001, 7.0756440E+001, 9.6377795E+001, 4.7267177E+001, 5.2861604E+001, 5.4535922E+001, 5.3847961E+001, 5.2754977E+001, 5.2584333E+001, 5.6889602E+001, 8.4860423E+001, 1.1281044E+002, 4.5860696E+001, 4.7473648E+001, 4.9156681E+001, 5.2468446E+001, 5.6674765E+001, 5.7787584E+001, 5.8363511E+001, 5.3193038E+001, 5.2141036E+001, 4.2701778E+001, 4.3778133E+001, 4.4809452E+001, 4.5221045E+001, 4.5461192E+001, 4.4411155E+001, 4.4292182E+001, 4.3422537E+001, 4.3359281E+001, 4.9768262E+001, 4.9386516E+001, 5.0029088E+001, 5.1404532E+001, 5.2454095E+001, 5.3662747E+001, 5.3974362E+001, 5.5018998E+001, 5.8406608E+001, 1.7000000E+001, 1.7000000E+001, 3.0532351E-005, 3.1304034E-005, 0.0000000E+000, 2.9898949E-005, 1.1657408E-002, 1.1942181E-002, 3.9011087E-004, 1.1423665E-002, 1.9205905E-001, 1.9161709E-001, 2.0954574E-001, 1.9242182E-001, 4.3405430E-002, 4.3550666E-002, 7.3904313E-001, 6.5019462E-001, 1.6033081E-001, 2.3465501E-001, 1.5503631E-001, 1.9994729E-001, 3.8836412E-001, 3.5864622E-001, 2.3207028E-001, 3.4300073E-001, 4.3747710E-001, 1.3395646E+001, 1.4441331E+001, 2.7687217E+000, 4.3056034E+001, 4.7963920E+001, 2.7638467E-001, 9.8181063E+000, 9.7005136E+000
 5.1000189E+002, 4.8684915E+001, 5.0013306E+001, 5.2035507E+001, 5.3003750E+001, 5.4381361E+001, 5.7485882E+001, 6.0266328E+001, 7.1473633E+001, 8.9767363E+001, 4.7830773E+001, 5.1483927E+001, 5.2431958E+001, 5.2063565E+001, 5.3070913E+001, 5.4649015E+001, 5.7365630E+001, 8.8102500E+001, 1.1072860E+002, 4.4136924E+001, 4.7811613E+001, 4.9789249E+001, 5.3328881E+001, 5.4453589E+001, 5.3450288E+001, 5.2493154E+001, 5.1727293E+001, 5.1942449E+001, 4.2819287E+001, 4.2788340E+001, 4.3620454E+001, 4.3824093E+001, 4.4776828E+001, 4.4149955E+001, 4.3777335E+001, 4.3014591E+001, 4.2940934E+001, 4.9646952E+001, 4.8331627E+001, 4.8821932E+001, 4.9886279E+001, 5.1221806E+001, 5.2904794E+001, 5.2691287E+001, 5.4886460E+001, 5.5098076E+001, 1.7000000E+001, 1.7000000E+001, 3.0784237E-005, 3.0854932E-005, 0.0000000E+000, 3.0605156E-005, 1.1750361E-002, 1.1776449E-002, 3.9011087E-004, 1.1684275E-002, 1.9191479E-001, 1.9187430E-001, 2.0954574E-001, 1.9201735E-001, 4.4623980E-002, 4.4802678E-002, 7.3740339E-001, 6.5092574E-001, 1.5453829E-001, 2.2711187E-001, 1.5849061E-001, 1.9296871E-001, 3.7104421E-001, 3.9478067E-001, 2.1394414E-001, 3.4321277E-001, 4.8907565E-001, 1.5128546E+001, 1.6274912E+001, 3.1179832E+000, 4.8369744E+001, 5.4014457E+001, 3.0771767E-001, 1.1037652E+001, 1.0922287E+001
 5.2000008E+002, 4.9525619E+001, 5.0713103E+001, 5.3024244E+001, 5.5539622E+001, 5.9549134E+001, 6.1450286E+001, 6.4093306E+001, 7.2385932E+001, 9.7127190E+001, 4.9094208E+001, 5.1916808E+001, 5.2286986E+001, 5.2063766E+001, 5.4000734E+001, 5.5602444E+001, 6.1144109E+001, 8.9991404E+001, 1.1426495E+002, 4.2813948E+001, 4.6975271E+001, 4.9050333E+001, 5.2924735E+001, 5.4000241E+001, 5.3205389E+001, 5.0361393E+001, 4.9177567E+001, 4.8523187E+001, 4.1132836E+001, 4.1714364E+001, 4.2592554E+001, 4.3043701E+001, 4.3253430E+001, 4.2790058E+001, 4.2333462E+001, 4.2168705E+001, 4.1955135E+001, 4.8878031E+001, 4.8283536E+001, 4.8645676E+001, 4.9348323E+001, 4.9944800E+001, 5.0926222E+001, 5.0378004E+001, 5.2559362E+001, 5.1862930E+001, 1.7000000E+001, 1.7000000E+001, 3.1374811E-005, 3.2005724E-005, 0.0000000E+000, 3.1057073E-005, 1.1968300E-002, 1.2201124E-002, 3.9011087E-004, 1.1851045E-002, 1.9157655E-001, 1.9121521E-001, 2.0954574E-001, 1.9175853E-001, 4.5409332E-002, 4.5479081E-002, 7.4055348E-001, 6.4787622E-001, 1.4748954E-001, 2.0813411E-001, 1.6029363E-001, 2.0157971E-001, 3.8515664E-001, 3.6626619E-001, 2.3654621E-001, 3.1879809E-001, 5.4052807E-001, 1.6812280E+001, 1.8096178E+001, 3.4411992E+000, 5.3724293E+001, 6.0108983E+001, 3.3873120E-001, 1.2342122E+001, 1.2090364E+001
 5.3000265E+002, 4.9383773E+001, 5.1836211E+001, 5.4459448E+001, 5.6744628E+001, 5.8132039E+001, 5.8591340E+001, 5.9829697E+001, 7.2003833E+001, 9.6879696E+001, 4.9423773E+001, 5.2699752E+001, 5.3956881E+001, 5.3084674E+001, 5.3022038E+001, 5.3289873E+001, 5.4273984E+001, 8.4908578E+001, 1.0983108E+002, 4.4661483E+001, 4.6760452E+001, 4.8722637E+001, 5.2291258E+001, 5.6175542E+001, 5.7228264E+001, 5.4210025E+001, 5.0782388E+001, 4.8919211E+001, 4.1022223E+001, 4.1483267E+001, 4.2155436E+001, 4.2641564E+001, 4.2511478E+001, 4.2133845E+001, 4.1409353E+001, 4.1519754E+001, 4.1218316E+001, 4.9264247E+001, 4.6276232E+001, 4.6040928E+001, 4.7088328E+001, 4.8551743E+001, 5.0172633E+001, 5.2649013E+001, 5.6454741E+001, 5.8639624E+001, 1.7000000E+001, 1.7000000E+001, 3.2041211E-005, 3.2470678E-005, 0.0000000E+000, 3.1729569E-005, 1.2214220E-002, 1.2372705E-002, 3.9011087E-004, 1.2099215E-002, 1.9119489E-001, 1.9094892E-001, 2.0954574E-001, 1.9137337E-001, 4.6077072E-002, 4.6515611E-002, 7.3661901E-001, 6.5128268E-001, 1.4150456E-001, 2.0023508E-001, 1.4479029E-001, 1.3796564E-001, 3.7983892E-001, 3.7750419E-001, 2.1020308E-001, 3.2216320E-001, 5.9288065E-001, 1.8474007E+001, 1.9735309E+001, 3.7688073E+000, 5.9109565E+001, 6.6244925E+001, 3.7276558E-001, 1.3720427E+001, 1.3297596E+001
 5.4000487E+002, 4.6954024E+001, 5.1172451E+001, 5.3559376E+001, 5.4885026E+001, 5.4927087E+001, 5.5237530E+001, 5.6052365E+001, 6.8583928E+001, 9.2889270E+001, 4.7623398E+001, 5.3398042E+001, 5.4446447E+001, 5.2707354E+001, 5.2055945E+001, 5.2261891E+001, 5.2291445E+001, 8.7164257E+001, 1.1371236E+002, 4.5530848E+001, 4.6941123E+001, 4.8845384E+001, 5.2957907E+001, 5.8323342E+001, 5.7572857E+001, 5.5022313E+001, 5.1385265E+001, 4.9409629E+001, 4.2224529E+001, 4.2397540E+001, 4.3263334E+001, 4.4070824E+001, 4.3774950E+001, 4.3001369E+001, 4.2316858E+001, 4.2065690E+001, 4.2000221E+001, 4.6564961E+001, 4.5688522E+001, 4.5119396E+001, 4.6398770E+001, 4.8316316E+001, 5.0057007E+001, 5.0798710E+001, 5.2685795E+001, 5.3803211E+001, 1.7000000E+001, 1.7000000E+001, 3.2404746E-005, 3.2931359E-005, 0.0000000E+000, 3.2465708E-005, 1.2348374E-002, 1.2542709E-002, 3.9011087E-004, 1.2370871E-002, 1.9098668E-001, 1.9068507E-001, 2.0954574E-001, 1.9095177E-001, 4.6842385E-002, 4.7652215E-002, 7.4495930E-001, 6.4392112E-001, 1.6017478E-001, 2.2357426E-001, 1.4961719E-001, 1.7663305E-001, 3.8717247E-001, 3.4602461E-001, 2.5899287E-001, 3.1028878E-001, 6.4319083E-001, 2.0114625E+001, 2.1495798E+001, 4.1105378E+000, 6.4555512E+001, 7.2323178E+001, 4.0391448E-001, 1.5007008E+001, 1.4528657E+001
 5.5000391E+002, 4.7644379E+001, 5.0963252E+001, 5.2856093E+001, 5.4207694E+001, 5.5999104E+001, 5.7773691E+001, 5.8035075E+001, 7.1184755E+001, 9.6977084E+001, 4.8004900E+001, 5.2460929E+001, 5.2498212E+001, 5.1120077E+001, 5.0882030E+001, 5.1542538E+001, 5.1357884E+001, 8.2225785E+001, 1.0839845E+002, 4.4581531E+001, 4.5993754E+001, 4.7420672E+001, 5.0412231E+001, 5.5139077E+001, 5.7122337E+001, 5.8260990E+001, 5.4922219E+001, 5.1146948E+001, 4.2463787E+001, 4.3772289E+001, 4.4681548E+001, 4.5578814E+001, 4.5125764E+001, 4.4305417E+001, 4.3605450E+001, 4.3053627E+001, 4.3096294E+001, 4.7091828E+001, 4.5054812E+001, 4.4290993E+001, 4.5012474E+001, 4.6238512E+001, 4.8998662E+001, 5.0669380E+001, 5.4992606E+001, 5.8574448E+001, 1.7000000E+001, 1.7000000E+001, 3.3179437E-005, 3.4289173E-005, 0.0000000E+000, 3.3022854E-005, 1.2634257E-002, 1.3043781E-002, 3.9011087E-004, 1.2576474E-002, 1.9054299E-001, 1.8990742E-001, 2.0954574E-001, 1.9063267E-001, 4.7699798E-002, 4.8223410E-002, 7.4024302E-001, 6.4735783E-001, 1.4087378E-001, 2.0023418E-001, 1.4977753E-001, 1.7676527E-001, 3.6974609E-001, 3.7185981E-001, 2.3236701E-001, 3.0275431E-001, 6.9763580E-001, 2.1781554E+001, 2.3337104E+001, 4.4353767E+000, 6.9943895E+001, 7.8310050E+001, 4.3551348E-001, 1.6326212E+001, 1.5772098E+001
 5.6000050E+002, 4.7224457E+001, 5.0770740E+001, 5.2937744E+001, 5.3884447E+001, 5.4949201E+001, 5.7172241E+001, 6.0681221E+001, 7.2447742E+001, 9.8092333E+001, 4.7746977E+001, 5.3291225E+001, 5.3264625E+001, 5.1701743E+001, 5.1151410E+001, 5.2044247E+001, 5.4086716E+001, 8.5334048E+001, 1.1513367E+002, 4.5024407E+001, 4.4965123E+001, 4.6287336E+001, 4.8512135E+001, 5.2043538E+001, 5.6811125E+001, 5.9638355E+001, 6.0743210E+001, 5.7716940E+001, 4.4914788E+001, 4.3632462E+001, 4.4449417E+001, 4.5417655E+001, 4.5481268E+001, 4.4931056E+001, 4.4454232E+001, 4.4061185E+001, 4.4104168E+001, 4.5899993E+001, 4.4817906E+001, 4.4262600E+001, 4.5058180E+001, 4.6103573E+001, 4.6636368E+001, 4.9456335E+001, 5.2792717E+001, 5.7582440E+001, 1.7000000E+001, 1.7000000E+001, 3.3352637E-005, 3.4436133E-005, 0.0000000E+000, 3.3324507E-005, 1.2698173E-002, 1.3098013E-002, 3.9011087E-004, 1.2687792E-002, 1.9044380E-001, 1.8982325E-001, 2.0954574E-001, 1.9045991E-001, 4.7450165E-002, 4.8685031E-002, 7.3983192E-001, 6.4799072E-001, 1.3959347E-001, 2.0129469E-001, 1.4587443E-001, 1.4140476E-001, 3.7611443E-001, 3.7752883E-001, 2.1751820E-001, 3.2560211E-001, 7.4830425E-001, 2.3402683E+001, 2.5196376E+001, 4.7849057E+000, 7.5386145E+001, 8.4323105E+001, 4.6628625E-001, 1.7569036E+001, 1.7025730E+001
 5.7000040E+002, 4.5780490E+001, 5.0351818E+001, 5.2099864E+001, 5.2808256E+001, 5.3291148E+001, 5.4265150E+001, 5.8106655E+001, 7.1211774E+001, 9.3590674E+001, 4.6774225E+001, 5.3879312E+001, 5.4155107E+001, 5.2189935E+001, 5.1696543E+001, 5.2801983E+001, 5.7107476E+001, 8.2115664E+001, 1.1631047E+002, 4.5371928E+001, 4.5333023E+001, 4.8449429E+001, 5.2153190E+001, 5.4097677E+001, 5.6176742E+001, 5.7998236E+001, 6.0700914E+001, 5.8080380E+001, 4.4951702E+001, 4.3492847E+001, 4.3973893E+001, 4.5025351E+001, 4.5578058E+001, 4.5032770E+001, 4.4439001E+001, 4.3971433E+001, 4.3816941E+001, 4.7045102E+001, 4.7275682E+001, 4.7353234E+001, 4.7726642E+001, 4.7807184E+001, 4.7375090E+001, 4.8757381E+001, 4.9636548E+001, 5.0973564E+001, 1.7000000E+001, 1.7000000E+001, 3.3715152E-005, 3.4302095E-005, 0.0000000E+000, 3.3783496E-005, 1.2831951E-002, 1.3048550E-002, 3.9011087E-004, 1.2857172E-002, 1.9023618E-001, 1.8990002E-001, 2.0954574E-001, 1.9019703E-001, 4.8042853E-002, 4.8983489E-002, 7.4328595E-001, 6.4570151E-001, 1.4193818E-001, 2.0126087E-001, 1.5105750E-001, 1.8670015E-001, 3.7312357E-001, 3.7234073E-001, 2.6331389E-001, 3.2360022E-001, 8.0440284E-001, 2.5075873E+001, 2.7120699E+001, 5.1465973E+000, 8.0895277E+001, 9.0288824E+001, 4.9611591E-001, 1.8739206E+001, 1.8219370E+001
 5.8000226E+002, 4.6812146E+001, 5.0345266E+001, 5.2028307E+001, 5.3164818E+001, 5.3725544E+001, 5.4520412E+001, 5.6214229E+001, 6.9276667E+001, 8.9382025E+001, 4.7261330E+001, 5.3687198E+001, 5.4397025E+001, 5.3019783E+001, 5.2657818E+001, 5.3796510E+001, 5.8277098E+001, 8.6940406E+001, 1.1516178E+002, 4.5474436E+001, 4.6730819E+001, 4.9212976E+001, 5.2451615E+001, 5.4493297E+001, 5.2993076E+001, 5.3554330E+001, 5.6545759E+001, 5.5211561E+001, 4.4908067E+001, 4.4211012E+001, 4.4593224E+001, 4.5208490E+001, 4.5640450E+001, 4.5122817E+001, 4.4457191E+001, 4.3626537E+001, 4.3063275E+001, 4.6368849E+001, 4.7163075E+001, 4.7860130E+001, 4.8918407E+001, 4.9557701E+001, 5.0819971E+001, 5.1672440E+001, 5.1501730E+001, 5.2015069E+001, 1.7000000E+001, 1.7000000E+001, 3.3886473E-005, 3.4569636E-005, 0.0000000E+000, 3.4052932E-005, 1.2895173E-002, 1.3147280E-002, 3.9011087E-004, 1.2956601E-002, 1.9013806E-001, 1.8974679E-001, 2.0954574E-001, 1.9004272E-001, 4.8517906E-002, 4.9209707E-002, 7.4294210E-001, 6.4615185E-001, 1.5097395E-001, 2.1203003E-001, 1.5050388E-001, 1.7372500E-001, 3.7950262E-001, 3.7150547E-001, 2.5469403E-001, 3.4545145E-001, 8.5894190E-001, 2.6752954E+001, 2.9061860E+001, 5.5088385E+000, 8.6347162E+001, 9.6220629E+001, 5.3190878E-001, 1.9944114E+001, 1.9450917E+001
 5.9000048E+002, 4.5965901E+001, 4.9623785E+001, 5.1261832E+001, 5.2244255E+001, 5.2888723E+001, 5.5087017E+001, 5.7646486E+001, 7.3306962E+001, 9.4895194E+001, 4.6672483E+001, 5.3528583E+001, 5.5014275E+001, 5.4020815E+001, 5.3689285E+001, 5.3480657E+001, 5.6725516E+001, 8.4411534E+001, 1.1313483E+002, 4.5819650E+001, 4.7484096E+001, 4.9821763E+001, 5.2273739E+001, 5.4964386E+001, 5.3531826E+001, 5.4201775E+001, 6.0104211E+001, 5.9642260E+001, 4.6921975E+001, 4.6133045E+001, 4.6997709E+001, 4.7645176E+001, 4.8378167E+001, 4.7799186E+001, 4.6112838E+001, 4.4445483E+001, 4.3465854E+001, 4.6753106E+001, 4.6728757E+001, 4.7356850E+001, 4.8451356E+001, 5.0124600E+001, 5.0793072E+001, 5.1452764E+001, 5.1503941E+001, 5.0219787E+001, 1.7000000E+001, 1.7000000E+001, 3.4350864E-005, 3.4515973E-005, 0.0000000E+000, 3.4122173E-005, 1.3066547E-002, 1.3127477E-002, 3.9011087E-004, 1.2982153E-002, 1.8987209E-001, 1.8977752E-001, 2.0954574E-001, 1.9000306E-001, 4.8082815E-002, 4.9168071E-002, 7.4007936E-001, 6.4836476E-001, 1.3809925E-001, 2.0025480E-001, 1.4306336E-001, 1.7420357E-001, 3.3506317E-001, 3.5514982E-001, 2.4254954E-001, 3.5125494E-001, 9.2042490E-001, 2.8415785E+001, 3.1105980E+001, 5.8599832E+000, 9.1843215E+001, 1.0208644E+002, 5.6344260E-001, 2.1103333E+001, 2.0667923E+001
 6.0000318E+002, 4.3862787E+001, 4.9312228E+001, 5.0546557E+001, 5.0615004E+001, 5.0774916E+001, 5.2224060E+001, 5.4010991E+001, 6.8319169E+001, 9.2622419E+001, 4.5059786E+001, 5.2431946E+001, 5.3578271E+001, 5.2462586E+001, 5.1839780E+001, 5.2097353E+001, 5.6891841E+001, 8.6344208E+001, 1.1379017E+002, 4.5624151E+001, 4.8040963E+001, 5.0192050E+001, 5.2372632E+001, 5.5179517E+001, 5.4601917E+001, 5.5706738E+001, 5.9828978E+001, 5.9584122E+001, 4.6251797E+001, 4.5866124E+001, 4.6930385E+001, 4.8166205E+001, 4.8967707E+001, 4.8217874E+001, 4.6266925E+001, 4.5079821E+001, 4.4400023E+001, 4.5038558E+001, 4.6732994E+001, 4.7046805E+001, 4.8055207E+001, 4.9343411E+001, 4.9593618E+001, 4.9469525E+001, 4.8689600E+001, 5.0508172E+001, 1.7000000E+001, 1.7000000E+001, 3.4870799E-005, 3.5588031E-005, 0.0000000E+000, 3.4372388E-005, 1.3258417E-002, 1.3523096E-002, 3.9011087E-004, 1.3074490E-002, 1.8957431E-001, 1.8916353E-001, 2.0954574E-001, 1.8985976E-001, 4.9052004E-002, 4.9373222E-002, 7.4347783E-001, 6.4572904E-001, 1.3659935E-001, 1.9817334E-001, 1.5857704E-001, 2.1815075E-001, 3.7263252E-001, 3.8956764E-001, 2.6484648E-001, 3.3031333E-001, 9.8136030E-001, 3.0189796E+001, 3.3196864E+001, 6.1957266E+000, 9.7313781E+001, 1.0791410E+002, 5.9142318E-001, 2.2236718E+001, 2.1830342E+001
 6.1000373E+002, 4.7703067E+001, 4.9865188E+001, 5.0893613E+001, 5.1484070E+001, 5.2960182E+001, 5.4843757E+001, 5.7044455E+001, 6.9089113E+001, 9.3783614E+001, 4.7453942E+001, 5.2091229E+001, 5.3255664E+001, 5.2217329E+001, 5.2324460E+001, 5.2893718E+001, 5.5638132E+001, 8.1043725E+001, 1.0766247E+002, 4.5585455E+001, 4.8808383E+001, 5.1041012E+001, 5.3649256E+001, 5.5178569E+001, 5.5136763E+001, 5.5908032E+001, 5.6675449E+001, 5.4759256E+001, 4.3752719E+001, 4.4312369E+001, 4.5089642E+001, 4.6206235E+001, 4.6478817E+001, 4.6160980E+001, 4.5375829E+001, 4.4250468E+001, 4.3812730E+001, 4.8212733E+001, 4.8194817E+001, 4.8834795E+001, 4.9258595E+001, 4.9825107E+001, 4.9588222E+001, 5.1116970E+001, 5.1350745E+001, 5.2445235E+001, 1.7000000E+001, 1.7000000E+001, 3.5637852E-005, 3.5858421E-005, 0.0000000E+000, 3.5348432E-005, 1.3541482E-002, 1.3622878E-002, 3.9011087E-004, 1.3434677E-002, 1.8913499E-001, 1.8900867E-001, 2.0954574E-001, 1.8930075E-001, 4.9699801E-002, 5.0426659E-002, 7.4389969E-001, 6.4542489E-001, 1.4479490E-001, 2.0241129E-001, 1.5390075E-001, 1.8619804E-001, 3.7636748E-001, 3.8291536E-001, 2.4156689E-001, 3.6292322E-001, 1.0376120E+000, 3.1967739E+001, 3.5149590E+001, 6.5588301E+000, 1.0275484E+002, 1.1385068E+002, 6.2017724E-001, 2.3370496E+001, 2.3017570E+001
 6.2000085E+002, 4.9525390E+001, 5.2883359E+001, 5.3852325E+001, 5.5267468E+001, 5.6056796E+001, 5.6821063E+001, 6.1222237E+001, 7.1069820E+001, 9.2350967E+001, 5.0119883E+001, 5.3780369E+001, 5.3893237E+001, 5.2933845E+001, 5.3347032E+001, 5.3820267E+001, 5.5625257E+001, 8.4297715E+001, 1.1034757E+002, 4.4932091E+001, 4.6934827E+001, 4.8849982E+001, 5.1600961E+001, 5.3542738E+001, 5.4372607E+001, 5.6031152E+001, 5.5948975E+001, 5.6061589E+001, 4.3922803E+001, 4.3226149E+001, 4.4043699E+001, 4.5027286E+001, 4.5232770E+001, 4.5208257E+001, 4.4775814E+001, 4.3955727E+001, 4.3457005E+001, 4.8412418E+001, 4.7197144E+001, 4.7929626E+001, 4.8741499E+001, 4.9717751E+001, 5.0754638E+001, 5.3263936E+001, 5.3097737E+001, 5.5734450E+001, 1.7000000E+001, 1.7000000E+001, 3.5649629E-005, 3.6640984E-005, 0.0000000E+000, 3.5809337E-005, 1.3545827E-002, 1.3911665E-002, 3.9011087E-004, 1.3604764E-002, 1.8912825E-001, 1.8856047E-001, 2.0954574E-001, 1.8903678E-001, 4.9980502E-002, 5.0869553E-002, 7.4083324E-001, 6.4820002E-001, 1.5100136E-001, 2.1273140E-001, 1.5882884E-001, 1.7315292E-001, 3.6923958E-001, 4.2512018E-001, 2.5417491E-001, 3.4924165E-001, 1.0893580E+000, 3.3667928E+001, 3.7011801E+001, 6.9145669E+000, 1.0812016E+002, 1.1990364E+002, 6.5135793E-001, 2.4595780E+001, 2.4188375E+001
 6.3000016E+002, 4.9573707E+001, 5.2210313E+001, 5.4822056E+001, 5.7361566E+001, 5.7558653E+001, 5.8812335E+001, 6.2179156E+001, 7.2719587E+001, 9.7265005E+001, 4.9318013E+001, 5.3818735E+001, 5.4978531E+001, 5.3948356E+001, 5.3422776E+001, 5.3091718E+001, 5.5355673E+001, 8.7697264E+001, 1.1684299E+002, 4.4257058E+001, 4.6291247E+001, 4.8103195E+001, 5.1115364E+001, 5.3163023E+001, 5.4710773E+001, 5.5885908E+001, 5.7115840E+001, 5.6656030E+001, 4.2689418E+001, 4.3214721E+001, 4.3401490E+001, 4.4166476E+001, 4.4810809E+001, 4.4575374E+001, 4.3894491E+001, 4.3411214E+001, 4.3036063E+001, 4.8470220E+001, 4.7573191E+001, 4.7864255E+001, 4.8409197E+001, 4.9449426E+001, 4.9755071E+001, 5.2104937E+001, 5.2917028E+001, 5.3277803E+001, 1.7000000E+001, 1.7000000E+001, 3.6059040E-005, 3.6888471E-005, 0.0000000E+000, 3.6086912E-005, 1.3696912E-002, 1.4002995E-002, 3.9011087E-004, 1.3707197E-002, 1.8889377E-001, 1.8841873E-001, 2.0954574E-001, 1.8887781E-001, 5.0582547E-002, 5.1031308E-002, 7.3880172E-001, 6.4990259E-001, 1.4603071E-001, 2.0638092E-001, 1.4846496E-001, 1.8640535E-001, 3.8573057E-001, 3.7921855E-001, 2.4746082E-001, 3.2522624E-001, 1.1396531E+000, 3.5343153E+001, 3.8900949E+001, 7.2710212E+000, 1.1354167E+002, 1.2590056E+002, 6.8248899E-001, 2.5825169E+001, 2.5370658E+001
 6.4000245E+002, 4.8635190E+001, 5.1079178E+001, 5.3743426E+001, 5.5953695E+001, 5.7804596E+001, 5.8979320E+001, 5.9827871E+001, 7.4176234E+001, 1.0162824E+002, 4.8613298E+001, 5.2882666E+001, 5.3507276E+001, 5.2810041E+001, 5.2198485E+001, 5.4661745E+001, 5.7343140E+001, 8.6195341E+001, 1.1742140E+002, 4.5121079E+001, 4.5709179E+001, 4.7231320E+001, 5.0169984E+001, 5.4201187E+001, 5.6662772E+001, 5.7669675E+001, 5.6064751E+001, 5.5416604E+001, 4.3479709E+001, 4.3621526E+001, 4.3935854E+001, 4.5149969E+001, 4.5783440E+001, 4.5133806E+001, 4.4146863E+001, 4.3298965E+001, 4.2954018E+001, 4.7295554E+001, 4.6758064E+001, 4.7216926E+001, 4.8105905E+001, 4.9375914E+001, 4.9976103E+001, 5.2089842E+001, 5.7267312E+001, 6.0847633E+001, 1.7000000E+001, 1.7000000E+001, 3.6541608E-005, 3.7949744E-005, 0.0000000E+000, 3.6409471E-005, 1.3874993E-002, 1.4394635E-002, 3.9011087E-004, 1.3826231E-002, 1.8861739E-001, 1.8781091E-001, 2.0954574E-001, 1.8869307E-001, 5.1094510E-002, 5.1647104E-002, 7.3892930E-001, 6.4898392E-001, 1.4329363E-001, 1.9923456E-001, 1.4082273E-001, 1.5185324E-001, 3.9649707E-001, 3.6325317E-001, 2.3075028E-001, 3.4346087E-001, 1.1906914E+000, 3.6925258E+001, 4.0755866E+001, 7.6068170E+000, 1.1891096E+002, 1.3191153E+002, 7.1775999E-001, 2.7188904E+001, 2.6606980E+001
 6.5000409E+002, 5.0010413E+001, 5.1869332E+001, 5.3966907E+001, 5.5122268E+001, 5.6659779E+001, 5.7239095E+001, 5.8905389E+001, 7.2295128E+001, 9.7470677E+001, 4.9844138E+001, 5.3643490E+001, 5.3618748E+001, 5.2924623E+001, 5.2196690E+001, 5.2496346E+001, 5.3810968E+001, 8.5512858E+001, 1.1906447E+002, 4.4838829E+001, 4.6127094E+001, 4.7533921E+001, 4.9753689E+001, 5.5955579E+001, 5.7358209E+001, 5.9945090E+001, 5.8507296E+001, 5.5138721E+001, 4.3258798E+001, 4.3355026E+001, 4.3980891E+001, 4.5003424E+001, 4.4942449E+001, 4.4541656E+001, 4.3855968E+001, 4.3242610E+001, 4.2990716E+001, 4.7896044E+001, 4.6739307E+001, 4.6957749E+001, 4.6868265E+001, 4.7869363E+001, 4.8903764E+001, 5.1020918E+001, 5.5821810E+001, 5.9659100E+001, 1.7000000E+001, 1.7000000E+001, 3.6544302E-005, 3.7842468E-005, 0.0000000E+000, 3.6723626E-005, 1.3875987E-002, 1.4355047E-002, 3.9011087E-004, 1.3942163E-002, 1.8861585E-001, 1.8787235E-001, 2.0954574E-001, 1.8851314E-001, 5.1215924E-002, 5.1936480E-002, 7.3344693E-001, 6.5387971E-001, 1.3180059E-001, 1.8417630E-001, 1.4433039E-001, 1.5770363E-001, 3.7107717E-001, 3.6774343E-001, 2.2861602E-001, 3.3228577E-001, 1.2371693E+000, 3.8547088E+001, 4.2546030E+001, 7.9419723E+000, 1.2432769E+002, 1.3795237E+002, 7.5493888E-001, 2.8529080E+001, 2.7834910E+001
 6.6000048E+002, 4.8384053E+001, 5.1226164E+001, 5.3211347E+001, 5.5109739E+001, 5.6752908E+001, 5.7679753E+001, 5.7711520E+001, 6.8084434E+001, 9.4055817E+001, 4.8441919E+001, 5.2796971E+001, 5.2659279E+001, 5.1892586E+001, 5.1807012E+001, 5.3683796E+001, 5.6440850E+001, 8.2695447E+001, 1.2026571E+002, 4.4140171E+001, 4.5242066E+001, 4.6069951E+001, 4.9611273E+001, 5.5409294E+001, 5.5748225E+001, 5.9458703E+001, 6.1179350E+001, 5.9635123E+001, 4.4109689E+001, 4.3664835E+001, 4.4006552E+001, 4.5040156E+001, 4.5298767E+001, 4.4875430E+001, 4.4115152E+001, 4.3713597E+001, 4.3431715E+001, 4.7170720E+001, 4.5914305E+001, 4.6203263E+001, 4.5822699E+001, 4.6776415E+001, 4.8055883E+001, 4.9596527E+001, 5.3910110E+001, 5.4140527E+001, 1.7000000E+001, 1.7000000E+001, 3.6928936E-005, 3.8035052E-005, 0.0000000E+000, 3.6939864E-005, 1.4017928E-002, 1.4426116E-002, 3.9011087E-004, 1.4021961E-002, 1.8839556E-001, 1.8776205E-001, 2.0954574E-001, 1.8838930E-001, 5.1475801E-002, 5.2156389E-002, 7.3985844E-001, 6.4872572E-001, 1.3504238E-001, 1.8993606E-001, 1.4983105E-001, 1.9352456E-001, 3.7877166E-001, 3.4520440E-001, 2.3033318E-001, 3.3089385E-001, 1.2859832E+000, 4.0145500E+001, 4.4470706E+001, 8.2645168E+000, 1.2984668E+002, 1.4385812E+002, 7.9243166E-001, 2.9830199E+001, 2.9066125E+001
 6.7000332E+002, 4.9275687E+001, 5.1776378E+001, 5.4149896E+001, 5.5659358E+001, 5.6099077E+001, 5.7380449E+001, 5.8964232E+001, 6.8911797E+001, 9.4619094E+001, 4.9508331E+001, 5.4083322E+001, 5.4243817E+001, 5.2541858E+001, 5.1505065E+001, 5.2083689E+001, 5.7135547E+001, 8.8128144E+001, 1.2166861E+002, 4.4565421E+001, 4.5212938E+001, 4.6482585E+001, 4.9418180E+001, 5.3575669E+001, 5.5623744E+001, 5.8307792E+001, 6.0107514E+001, 5.6612983E+001, 4.3285007E+001, 4.3706860E+001, 4.4048822E+001, 4.4771880E+001, 4.4988223E+001, 4.4508838E+001, 4.3822173E+001, 4.3584743E+001, 4.3220438E+001, 4.8068896E+001, 4.6140616E+001, 4.6517797E+001, 4.6999632E+001, 4.9082607E+001, 5.2311173E+001, 5.2784573E+001, 5.5473044E+001, 5.5790779E+001, 1.7000000E+001, 1.7000000E+001, 3.7148295E-005, 3.8108190E-005, 0.0000000E+000, 3.7176966E-005, 1.4098877E-002, 1.4453106E-002, 3.9011087E-004, 1.4109458E-002, 1.8826992E-001, 1.8772017E-001, 2.0954574E-001, 1.8825350E-001, 5.1710230E-002, 5.2246268E-002, 7.3467504E-001, 6.5276241E-001, 1.2908422E-001, 1.8470502E-001, 1.4405267E-001, 1.7593946E-001, 3.9692074E-001, 3.6687955E-001, 2.3379975E-001, 3.1097645E-001, 1.3375368E+000, 4.1716671E+001, 4.6333540E+001, 8.6077666E+000, 1.3531541E+002, 1.4979962E+002, 8.2789691E-001, 3.1100312E+001, 3.0352763E+001
 6.8000212E+002, 4.7512383E+001, 5.1660772E+001, 5.4474992E+001, 5.7405202E+001, 5.7849103E+001, 5.7188359E+001, 5.6736866E+001, 6.6199214E+001, 9.4632578E+001, 4.8292126E+001, 5.3065365E+001, 5.4225605E+001, 5.2344335E+001, 5.1076041E+001, 5.1749066E+001, 5.4264854E+001, 8.6809334E+001, 1.2263009E+002, 4.4859571E+001, 4.5097149E+001, 4.6182330E+001, 5.0468083E+001, 5.3956709E+001, 5.6724638E+001, 5.8167150E+001, 5.8306547E+001, 5.6474982E+001, 4.2982871E+001, 4.4310781E+001, 4.4909613E+001, 4.5620955E+001, 4.5420881E+001, 4.4743787E+001, 4.4339808E+001, 4.3936281E+001, 4.3535817E+001, 4.5216975E+001, 4.4304075E+001, 4.4786130E+001, 4.5891104E+001, 4.7273357E+001, 4.8393644E+001, 4.8859316E+001, 5.2188792E+001, 5.4198277E+001, 1.7000000E+001, 1.7000000E+001, 3.7613084E-005, 3.9198301E-005, 0.0000000E+000, 3.7707630E-005, 1.4270398E-002, 1.4855387E-002, 3.9011087E-004, 1.4305288E-002, 1.8800373E-001, 1.8709583E-001, 2.0954574E-001, 1.8794958E-001, 5.2290234E-002, 5.2707401E-002, 7.4515954E-001, 6.4376193E-001, 1.3354660E-001, 1.8734322E-001, 1.4413892E-001, 1.5390432E-001, 3.9490385E-001, 3.6633475E-001, 2.5488446E-001, 3.0834027E-001, 1.3882406E+000, 4.3318758E+001, 4.8149584E+001, 8.9560818E+000, 1.4085551E+002, 1.5577078E+002, 8.5976304E-001, 3.2383952E+001, 3.1588653E+001
 6.9000348E+002, 4.8079326E+001, 5.1084450E+001, 5.2889521E+001, 5.5030618E+001, 5.5490729E+001, 5.6071711E+001, 5.9226655E+001, 6.9808430E+001, 9.5683262E+001, 4.8451996E+001, 5.2850790E+001, 5.3308829E+001, 5.2233241E+001, 5.1240904E+001, 5.1969652E+001, 5.7300480E+001, 9.0124998E+001, 1.2315627E+002, 4.5316690E+001, 4.6613962E+001, 4.8467363E+001, 5.2353435E+001, 5.4999251E+001, 5.8169496E+001, 5.9157053E+001, 5.6518300E+001, 5.4530734E+001, 4.2834454E+001, 4.3217931E+001, 4.4118705E+001, 4.4853806E+001, 4.5075693E+001, 4.4784736E+001, 4.4468429E+001, 4.3564733E+001, 4.3218627E+001, 4.6499978E+001, 4.5872712E+001, 4.6405254E+001, 4.7243204E+001, 4.8708584E+001, 4.9818328E+001, 5.0365523E+001, 5.5865713E+001, 5.8169059E+001, 1.7000000E+001, 1.7000000E+001, 3.8039100E-005, 3.9044250E-005, 0.0000000E+000, 3.8074772E-005, 1.4427610E-002, 1.4798538E-002, 3.9011087E-004, 1.4440774E-002, 1.8775974E-001, 1.8718406E-001, 2.0954574E-001, 1.8773930E-001, 5.2291024E-002, 5.2814376E-002, 7.9020157E-001, 6.2182487E-001, 1.3516494E-001, 1.9114603E-001, 1.4298569E-001, 1.6408960E-001, 3.9295475E-001, 3.5804552E-001, 2.5772933E-001, 3.2705249E-001, 1.4389436E+000, 4.4915951E+001, 4.9821028E+001, 9.3116691E+000, 1.4602797E+002, 1.6159819E+002, 8.8977499E-001, 3.3563740E+001, 3.2692594E+001
 7.0000257E+002, 4.7953057E+001, 5.0253480E+001, 5.2179944E+001, 5.4266702E+001, 5.5767274E+001, 5.8979856E+001, 6.4063412E+001, 7.5253404E+001, 1.0274515E+002, 4.8480955E+001, 5.1625618E+001, 5.2818819E+001, 5.2116467E+001, 5.1579374E+001, 5.3364993E+001, 5.6134516E+001, 9.4635069E+001, 1.2509781E+002, 4.6796203E+001, 4.8402548E+001, 5.0413980E+001, 5.3259742E+001, 5.6093718E+001, 5.8563301E+001, 6.1005877E+001, 6.4739367E+001, 6.9128066E+001, 4.4284077E+001, 4.5140908E+001, 4.6374232E+001, 4.7080975E+001, 4.6719641E+001, 4.6656244E+001, 4.7071328E+001, 4.9258084E+001, 5.7482141E+001, 4.6487802E+001, 4.7766348E+001, 4.8701841E+001, 4.9715571E+001, 5.1329417E+001, 5.3963909E+001, 5.7248655E+001, 6.1532462E+001, 7.9097187E+001, 1.7000000E+001, 1.7000000E+001, 3.8158699E-005, 3.8972144E-005, 0.0000000E+000, 3.9841212E-005, 1.4471745E-002, 1.4771929E-002, 3.9011087E-004, 1.5092640E-002, 1.8769124E-001, 1.8722536E-001, 2.0954574E-001, 1.8672762E-001, 5.1051367E-002, 5.1545068E-002, 9.1377977E-001, 4.9071569E-001, 1.2894457E-001, 1.8596874E-001, 1.6405769E-001, 2.4436916E-001, 4.8836369E-001, 3.7077516E-001, 4.5300785E-001, 3.0219787E-001, 1.4514030E+000, 4.5378035E+001, 5.0305733E+001, 9.4002431E+000, 1.4746610E+002, 1.6319058E+002, 8.9744396E-001, 3.3901237E+001, 3.2988040E+001
 7.1000422E+002, 4.5961548E+001, 4.8819572E+001, 5.0856269E+001, 5.3438865E+001, 5.4597637E+001, 5.6604217E+001, 6.1266849E+001, 8.1844218E+001, 1.1379772E+002, 4.6838621E+001, 4.9572296E+001, 5.0982285E+001, 5.1716944E+001, 5.1879956E+001, 5.3150646E+001, 5.8293222E+001, 9.9023598E+001, 1.2890727E+002, 4.6345928E+001, 4.8112678E+001, 4.9941576E+001, 5.3123443E+001, 5.8365533E+001, 6.3812869E+001, 7.0631945E+001, 7.9204785E+001, 8.7385952E+001, 4.6091568E+001, 4.8232688E+001, 4.9635526E+001, 5.1003216E+001, 5.4297190E+001, 5.5965361E+001, 5.8779565E+001, 6.7128618E+001, 8.1115220E+001, 4.6931682E+001, 4.8860478E+001, 5.0295603E+001, 5.2383802E+001, 5.5182564E+001, 5.9901722E+001, 6.5349284E+001, 7.7057959E+001, 9.9974433E+001, 1.7000000E+001, 1.7000000E+001, 3.8041832E-005, 4.1819842E-005, 0.0000000E+000, 4.2638572E-005, 1.4428618E-002, 1.5822810E-002, 3.9011087E-004, 1.6124944E-002, 1.8775817E-001, 1.8559440E-001, 2.0954574E-001, 1.8512550E-001, 5.0949328E-002, 5.1619370E-002, 9.1136110E-001, 5.1510387E-001, 1.2869002E-001, 1.9850133E-001, 1.9639947E-001, 3.0140420E-001, 6.6034478E-001, 3.8767766E-001, 5.7518277E-001, 4.4621522E-001, 1.4514283E+000, 4.5378188E+001, 5.0305898E+001, 9.4002715E+000, 1.4746644E+002, 1.6319083E+002, 8.9748221E-001, 3.3901352E+001, 3.2988078E+001
 7.2000021E+002, 4.5957023E+001, 4.9196257E+001, 5.1111427E+001, 5.4649455E+001, 5.9154913E+001, 6.2977074E+001, 6.9211645E+001, 9.0270817E+001, 1.2960435E+002, 4.7899794E+001, 5.1023458E+001, 5.3390323E+001, 5.5374918E+001, 5.7464645E+001, 6.1955694E+001, 6.8658225E+001, 1.0633375E+002, 1.4259858E+002, 4.5059263E+001, 4.6638395E+001, 4.9312064E+001, 5.2432689E+001, 5.9325869E+001, 6.8023803E+001, 8.2736589E+001, 9.5583458E+001, 1.0422479E+002, 4.6680651E+001, 4.8373456E+001, 4.9803690E+001, 5.1751949E+001, 5.6557929E+001, 6.7518677E+001, 7.3304363E+001, 8.6368338E+001, 9.8892588E+001, 4.5696921E+001, 4.8107118E+001, 4.9590259E+001, 5.1917320E+001, 5.6603792E+001, 6.6386388E+001, 7.4559355E+001, 9.2430979E+001, 1.1858525E+002, 1.7000000E+001, 1.7000000E+001, 3.7532006E-005, 4.4758582E-005, 0.0000000E+000, 4.7286425E-005, 1.4240477E-002, 1.6907288E-002, 3.9011087E-004, 1.7840133E-002, 1.8805016E-001, 1.8391131E-001, 2.0954574E-001, 1.8246355E-001, 5.2294605E-002, 5.3707800E-002, 9.0684837E-001, 5.4858875E-001, 1.3986339E-001, 2.1322648E-001, 2.1169455E-001, 3.6974165E-001, 8.4857647E-001, 5.6087468E-001, 6.7589420E-001, 5.6380439E-001, 1.4514283E+000, 4.5378188E+001, 5.0305898E+001, 9.4002715E+000, 1.4746644E+002, 1.6319083E+002, 8.9748222E-001, 3.3901352E+001, 3.2988078E+001
 7.3000768E+002, 4.7078136E+001, 4.9365222E+001, 5.2010082E+001, 5.5831517E+001, 6.2425518E+001, 6.8259646E+001, 7.7216539E+001, 9.5704581E+001, 1.3678081E+002, 5.0311171E+001, 5.1667337E+001, 5.4214652E+001, 5.8740997E+001, 6.2614066E+001, 6.9890734E+001, 7.9402897E+001, 1.1131595E+002, 1.5354667E+002, 4.4307754E+001, 4.5931497E+001, 4.8090076E+001, 5.1735612E+001, 5.8707786E+001, 7.8178120E+001, 9.5478148E+001, 1.0700420E+002, 1.1333373E+002, 4.4488949E+001, 4.6148023E+001, 4.8210628E+001, 5.0533125E+001, 6.0401624E+001, 7.9579440E+001, 8.7337003E+001, 9.7509757E+001, 1.0629358E+002, 4.5837191E+001, 4.7975965E+001, 4.9656092E+001, 5.2267508E+001, 5.8724755E+001, 7.3449740E+001, 8.1322309E+001, 9.9204205E+001, 1.2162449E+002, 1.7000000E+001, 1.7000000E+001, 3.6750568E-005, 4.4822476E-005, 0.0000000E+000, 4.7206927E-005, 1.3952105E-002, 1.6930866E-002, 3.9011087E-004, 1.7810796E-002, 1.8849771E-001, 1.8387471E-001, 2.0954574E-001, 1.8250908E-001, 5.0482484E-002, 5.2445963E-002, 9.0463146E-001, 5.6215536E-001, 1.4469643E-001, 2.2288175E-001, 2.2955842E-001, 3.9230330E-001, 9.1078720E-001, 6.5851049E-001, 7.9736805E-001, 6.7618832E-001, 1.4514283E+000, 4.5378188E+001, 5.0305898E+001, 9.4002715E+000, 1.4746644E+002, 1.6319083E+002, 8.9748222E-001, 3.3901352E+001, 3.2988078E+001
 7.4000635E+002, 4.7921463E+001, 4.9509775E+001, 5.2278702E+001, 5.6420673E+001, 6.5024093E+001, 7.2402923E+001, 8.4583677E+001, 1.0462962E+002, 1.4073856E+002, 5.0880125E+001, 5.1866699E+001, 5.3516224E+001, 5.8900469E+001, 6.4892954E+001, 7.6208665E+001, 8.6392604E+001, 1.1746237E+002, 1.6179490E+002, 4.2539797E+001, 4.4402960E+001, 4.7226199E+001, 5.1550265E+001, 6.3345253E+001, 8.6915897E+001, 1.0383807E+002, 1.1056730E+002, 1.1511239E+002, 4.3017669E+001, 4.5538166E+001, 4.8776809E+001, 5.2151328E+001, 6.7206684E+001, 8.5106492E+001, 9.6790192E+001, 1.0387441E+002, 1.0988030E+002, 4.5963905E+001, 4.7892075E+001, 5.0573292E+001, 5.3526619E+001, 6.2995527E+001, 8.0188676E+001, 9.2242161E+001, 1.0643134E+002, 1.2306859E+002, 1.7000000E+001, 1.7000000E+001, 3.5143294E-005, 4.5729291E-005, 0.0000000E+000, 4.7158348E-005, 1.3358976E-002, 1.7265507E-002, 3.9011087E-004, 1.7792869E-002, 1.8941824E-001, 1.8335536E-001, 2.0954574E-001, 1.8253690E-001, 5.0266428E-002, 5.1345380E-002, 9.0161387E-001, 5.7594587E-001, 1.4835807E-001, 2.3453151E-001, 2.5933790E-001, 4.3421044E-001, 1.0361172E+000, 7.4020610E-001, 7.9105015E-001, 7.1887191E-001, 1.4514283E+000, 4.5378188E+001, 5.0305898E+001, 9.4002715E+000, 1.4746644E+002, 1.6319083E+002, 8.9748222E-001, 3.3901352E+001, 3.2988078E+001
 7.5000079E+002, 4.7970213E+001, 4.8723566E+001, 5.2180160E+001, 5.7914297E+001, 6.9150082E+001, 7.6436184E+001, 9.0203611E+001, 1.0857302E+002, 1.4638560E+002, 5.0928848E+001, 5.1279972E+001, 5.4857496E+001, 5.9988166E+001, 7.0751463E+001, 8.1265502E+001, 9.1482864E+001, 1.2389842E+002, 1.6456264E+002, 4.0862472E+001, 4.4019441E+001, 4.7823062E+001, 5.2762527E+001, 6.6888381E+001, 9.2430587E+001, 1.0797114E+002, 1.1663135E+002, 1.2242857E+002, 4.1927117E+001, 4.5810561E+001, 4.9886187E+001, 5.3681793E+001, 7.0616107E+001, 9.1174856E+001, 1.0044309E+002, 1.1106973E+002, 1.1880707E+002, 4.5632780E+001, 4.6378663E+001, 5.1745639E+001, 5.4925950E+001, 6.6608808E+001, 8.5294964E+001, 9.6984609E+001, 1.1680367E+002, 1.3493365E+002, 1.7000000E+001, 1.7000000E+001, 3.4058342E-005, 4.6221867E-005, 0.0000000E+000, 4.8476383E-005, 1.2958598E-002, 1.7447281E-002, 3.9011087E-004, 1.8279261E-002, 1.9003962E-001, 1.8307325E-001, 2.0954574E-001, 1.8178202E-001, 4.9482609E-002, 5.1159329E-002, 8.9843866E-001, 5.9089719E-001, 1.5235749E-001, 2.4724433E-001, 2.6758780E-001, 4.4498223E-001, 1.0263468E+000, 7.8972717E-001, 8.7563620E-001, 7.7725387E-001, 1.4514283E+000, 4.5378188E+001, 5.0305898E+001, 9.4002715E+000, 1.4746644E+002, 1.6319083E+002, 8.9748222E-001, 3.3901352E+001, 3.2988078E+001
 7.6000810E+002, 4.9029642E+001, 4.9135922E+001, 5.2132908E+001, 6.0190007E+001, 7.3126623E+001, 8.0246990E+001, 9.4096674E+001, 1.1366146E+002, 1.4911890E+002, 5.1390654E+001, 5.1867939E+001, 5.6069861E+001, 6.1614760E+001, 7.7030146E+001, 8.4396539E+001, 9.5455581E+001, 1.2387002E+002, 1.6836620E+002, 4.0365505E+001, 4.4366362E+001, 4.8675644E+001, 5.4482099E+001, 6.7947055E+001, 9.8308852E+001, 1.1192018E+002, 1.2191687E+002, 1.2638320E+002, 4.2235425E+001, 4.5756879E+001, 4.9762348E+001, 5.5119725E+001, 7.3972753E+001, 9.4153352E+001, 1.0362677E+002, 1.1469390E+002, 1.2291697E+002, 4.6305699E+001, 4.5832213E+001, 5.0814417E+001, 5.6877383E+001, 6.9034428E+001, 9.0095469E+001, 1.0203380E+002, 1.2217774E+002, 1.3873344E+002, 1.7000000E+001, 1.7000000E+001, 2.9430849E-005, 4.7196589E-005, 0.0000000E+000, 4.9116722E-005, 1.1250923E-002, 1.7806981E-002, 3.9011087E-004, 1.8515564E-002, 1.9268991E-001, 1.8251500E-001, 2.0954574E-001, 1.8141529E-001, 4.9310998E-002, 5.0567143E-002, 8.9681632E-001, 5.9887995E-001, 1.5960691E-001, 2.5568401E-001, 2.7297617E-001, 4.6204048E-001, 1.0893677E+000, 7.8565246E-001, 9.0018178E-001, 8.1958214E-001, 1.4514283E+000, 4.5378188E+001, 5.0305898E+001, 9.4002715E+000, 1.4746644E+002, 1.6319083E+002, 8.9748222E-001, 3.3901352E+001, 3.2988078E+001
 7.7000648E+002, 4.9655679E+001, 4.9800961E+001, 5.4256289E+001, 6.1391841E+001, 7.5806401E+001, 8.3904468E+001, 9.7294121E+001, 1.1591382E+002, 1.4884331E+002, 5.2359423E+001, 5.2943595E+001, 5.7192735E+001, 6.2579983E+001, 7.8676213E+001, 8.8357649E+001, 9.6628828E+001, 1.2575858E+002, 1.6737841E+002, 4.0030418E+001, 4.3868344E+001, 4.9472508E+001, 5.6120594E+001, 7.0465754E+001, 9.9236727E+001, 1.1501518E+002, 1.2614607E+002, 1.3075590E+002, 4.1864295E+001, 4.5628130E+001, 4.9178601E+001, 5.7430308E+001, 7.5675098E+001, 9.7470351E+001, 1.0744839E+002, 1.1794615E+002, 1.2647416E+002, 4.6855361E+001, 4.6173164E+001, 5.0996770E+001, 5.8403458E+001, 7.1721974E+001, 9.1487601E+001, 1.0572068E+002, 1.2568689E+002, 1.4252383E+002, 1.7000000E+001, 1.7000000E+001, 2.9872806E-005, 4.7169186E-005, 0.0000000E+000, 4.9499838E-005, 1.1414017E-002, 1.7796868E-002, 3.9011087E-004, 1.8656944E-002, 1.9243679E-001, 1.8253069E-001, 2.0954574E-001, 1.8119587E-001, 4.8265882E-002, 4.9951471E-002, 8.9516382E-001, 6.0635589E-001, 1.6103695E-001, 2.6022416E-001, 2.7461516E-001, 4.6630998E-001, 1.1108676E+000, 8.4090194E-001, 9.3590394E-001, 8.5012612E-001, 1.4514283E+000, 4.5378188E+001, 5.0305898E+001, 9.4002715E+000, 1.4746644E+002, 1.6319083E+002, 8.9748222E-001, 3.3901352E+001, 3.2988078E+001
 7.8000302E+002, 4.9429378E+001, 5.0021550E+001, 5.4858969E+001, 6.2462513E+001, 7.7951778E+001, 8.6056220E+001, 1.0075969E+002, 1.1905410E+002, 1.5270539E+002, 5.2801656E+001, 5.3641196E+001, 5.7728936E+001, 6.4184129E+001, 8.1191098E+001, 9.2015709E+001, 9.9075438E+001, 1.2696269E+002, 1.6969763E+002, 3.9265535E+001, 4.4282166E+001, 4.9647672E+001, 5.8062406E+001, 7.2045485E+001, 1.0331391E+002, 1.1867776E+002, 1.2840563E+002, 1.3237671E+002, 4.2107431E+001, 4.6738880E+001, 5.0555386E+001, 5.8023892E+001, 7.8621146E+001, 1.0112357E+002, 1.1017385E+002, 1.1921170E+002, 1.2928548E+002, 4.7017111E+001, 4.6418985E+001, 5.2004564E+001, 5.9528235E+001, 7.3935055E+001, 9.3635233E+001, 1.0854880E+002, 1.2818403E+002, 1.4460632E+002, 1.7000000E+001, 1.7000000E+001, 2.9253025E-005, 4.7860413E-005, 0.0000000E+000, 4.9450838E-005, 1.1185301E-002, 1.8051950E-002, 3.9011087E-004, 1.8638862E-002, 1.9279175E-001, 1.8213481E-001, 2.0954574E-001, 1.8122393E-001, 4.7824488E-002, 4.8881882E-002, 8.9399156E-001, 6.1180913E-001, 1.6509743E-001, 2.6907281E-001, 2.8861143E-001, 4.8074748E-001, 1.1190623E+000, 8.5497515E-001, 9.4831380E-001, 8.8254947E-001, 1.4514283E+000, 4.5378188E+001, 5.0305898E+001, 9.4002715E+000, 1.4746644E+002, 1.6319083E+002, 8.9748222E-001, 3.3901352E+001, 3.2988078E+001
 7.9000582E+002, 4.9975012E+001, 5.0128205E+001, 5.5085758E+001, 6.3780844E+001, 7.9577687E+001, 8.7987440E+001, 1.0169297E+002, 1.2202582E+002, 1.5200507E+002, 5.3265673E+001, 5.4372740E+001, 5.8389335E+001, 6.4928155E+001, 8.3552610E+001, 9.2765650E+001, 9.9425156E+001, 1.2728308E+002, 1.6782074E+002, 3.8614143E+001, 4.4483213E+001, 5.0009319E+001, 5.8791673E+001, 7.3587227E+001, 1.0338320E+002, 1.1898172E+002, 1.2944582E+002, 1.3509763E+002, 4.1578419E+001, 4.7331782E+001, 5.0701362E+001, 5.9108053E+001, 7.9805681E+001, 1.0326752E+002, 1.1197065E+002, 1.2245824E+002, 1.3132745E+002, 4.6587270E+001, 4.6066144E+001, 5.3383026E+001, 6.1336145E+001, 7.6295248E+001, 9.5688323E+001, 1.1029647E+002, 1.2652468E+002, 1.4628206E+002, 1.7000000E+001, 1.7000000E+001, 2.9112239E-005, 4.6884877E-005, 0.0000000E+000, 4.9554149E-005, 1.1133347E-002, 1.7691950E-002, 3.9011087E-004, 1.8676987E-002, 1.9287239E-001, 1.8269352E-001, 2.0954574E-001, 1.8116476E-001, 4.6356309E-002, 4.7997710E-002, 8.9409382E-001, 6.1154195E-001, 1.7250609E-001, 2.7916381E-001, 2.9924747E-001, 4.9633690E-001, 1.1421247E+000, 8.9315880E-001, 9.7955489E-001, 8.8791865E-001, 1.4514283E+000, 4.5378188E+001, 5.0305898E+001, 9.4002715E+000, 1.4746644E+002, 1.6319083E+002, 8.9748222E-001, 3.3901352E+001, 3.2988078E+001
 8.0000607E+002, 5.0688502E+001, 5.0911684E+001, 5.5943123E+001, 6.5020261E+001, 8.1593806E+001, 8.8972865E+001, 1.0261800E+002, 1.2099427E+002, 1.5540536E+002, 5.4721517E+001, 5.4820383E+001, 5.8865975E+001, 6.6553807E+001, 8.4666775E+001, 9.3533412E+001, 1.0104189E+002, 1.3248781E+002, 1.7389757E+002, 3.8512143E+001, 4.5344455E+001, 5.0662146E+001, 6.0196573E+001, 7.5633806E+001, 1.0659794E+002, 1.1928759E+002, 1.2943936E+002, 1.3444176E+002, 4.0177400E+001, 4.7451394E+001, 5.0881701E+001, 6.0446379E+001, 8.2526992E+001, 1.0297157E+002, 1.1181811E+002, 1.2219177E+002, 1.3125217E+002, 4.6751697E+001, 4.6847223E+001, 5.5082179E+001, 6.2862140E+001, 7.7271061E+001, 9.7091478E+001, 1.1040673E+002, 1.2914234E+002, 1.4587570E+002, 1.7000000E+001, 1.7000000E+001, 2.8586793E-005, 4.6129201E-005, 0.0000000E+000, 4.8433278E-005, 1.0939442E-002, 1.7413085E-002, 3.9011087E-004, 1.8263354E-002, 1.9317332E-001, 1.8312632E-001, 2.0954574E-001, 1.8180671E-001, 4.5066912E-002, 4.6595116E-002, 8.9243792E-001, 6.1838236E-001, 1.7090306E-001, 2.7555445E-001, 2.9223380E-001, 4.6879874E-001, 1.1446226E+000, 8.8546603E-001, 9.6987710E-001, 8.9937470E-001, 1.4514283E+000, 4.5378188E+001, 5.0305898E+001, 9.4002715E+000, 1.4746644E+002, 1.6319083E+002, 8.9748222E-001, 3.3901352E+001, 3.2988078E+001
 8.1000793E+002, 5.0815319E+001, 5.1690444E+001, 5.6564441E+001, 6.5658066E+001, 8.3764858E+001, 9.0109677E+001, 1.0326728E+002, 1.2079790E+002, 1.6023774E+002, 5.4954556E+001, 5.5832309E+001, 6.0006293E+001, 6.8598026E+001, 8.5328863E+001, 9.4265471E+001, 1.0144174E+002, 1.3219531E+002, 1.7147514E+002, 3.9103549E+001, 4.5470105E+001, 5.0718208E+001, 6.1880016E+001, 7.7218413E+001, 1.0805904E+002, 1.2027747E+002, 1.3173703E+002, 1.3590399E+002, 4.0224741E+001, 4.6602533E+001, 5.0882696E+001, 6.1259756E+001, 8.5564468E+001, 1.0203542E+002, 1.1240645E+002, 1.2371247E+002, 1.3237572E+002, 4.7807398E+001, 4.6844211E+001, 5.4903138E+001, 6.3221928E+001, 7.8836478E+001, 9.9254398E+001, 1.1154453E+002, 1.3113433E+002, 1.4790988E+002, 1.7000000E+001, 1.7000000E+001, 2.8220340E-005, 4.6969429E-005, 0.0000000E+000, 4.8772799E-005, 1.0804211E-002, 1.7723153E-002, 3.9011087E-004, 1.8388647E-002, 1.9338320E-001, 1.8264510E-001, 2.0954574E-001, 1.8161226E-001, 4.5093347E-002, 4.5990540E-002, 8.9277176E-001, 6.1753615E-001, 1.8019986E-001, 2.8695686E-001, 2.9917712E-001, 4.7093664E-001, 1.1228658E+000, 9.1207024E-001, 1.0015939E+000, 9.2321519E-001, 1.4514283E+000, 4.5378188E+001, 5.0305898E+001, 9.4002715E+000, 1.4746644E+002, 1.6319083E+002, 8.9748222E-001, 3.3901352E+001, 3.2988078E+001
 8.2000767E+002, 5.1889748E+001, 5.1976213E+001, 5.6291445E+001, 6.6803176E+001, 8.4897501E+001, 9.0885487E+001, 1.0493902E+002, 1.2125133E+002, 1.5525140E+002, 5.5873149E+001, 5.6553915E+001, 6.0251856E+001, 6.9204009E+001, 8.5823043E+001, 9.5922327E+001, 1.0397281E+002, 1.3129531E+002, 1.6744619E+002, 3.9618468E+001, 4.6035709E+001, 5.0936276E+001, 6.3513861E+001, 7.8338052E+001, 1.0827990E+002, 1.2104936E+002, 1.3189773E+002, 1.3586387E+002, 4.0749720E+001, 4.6856574E+001, 5.1567715E+001, 6.2237001E+001, 8.4515192E+001, 1.0320750E+002, 1.1439165E+002, 1.2640384E+002, 1.3389156E+002, 4.7781186E+001, 4.7575136E+001, 5.5589412E+001, 6.3999343E+001, 8.0494361E+001, 1.0093036E+002, 1.1253302E+002, 1.2951198E+002, 1.4607477E+002, 1.7000000E+001, 1.7000000E+001, 2.8539982E-005, 4.5424298E-005, 0.0000000E+000, 4.8416189E-005, 1.0922168E-002, 1.7152956E-002, 3.9011087E-004, 1.8257047E-002, 1.9320013E-001, 1.8353004E-001, 2.0954574E-001, 1.8181650E-001, 4.3318570E-002, 4.5079142E-002, 8.9239578E-001, 6.1893579E-001, 1.8381970E-001, 2.9218739E-001, 3.0736955E-001, 5.0432662E-001, 1.1708017E+000, 9.3955351E-001, 9.7687664E-001, 9.1066828E-001, 1.4514283E+000, 4.5378188E+001, 5.0305898E+001, 9.4002715E+000, 1.4746644E+002, 1.6319083E+002, 8.9748222E-001, 3.3901352E+001, 3.2988078E+001
 8.3000096E+002, 5.2513694E+001, 5.2022306E+001, 5.7513272E+001, 6.8536928E+001, 8.5108582E+001, 9.1584004E+001, 1.0411318E+002, 1.2191461E+002, 1.5965992E+002, 5.6713347E+001, 5.7095958E+001, 6.0455039E+001, 6.9756597E+001, 8.7281406E+001, 9.6970413E+001, 1.0387747E+002, 1.3146569E+002, 1.7449340E+002, 4.0410386E+001, 4.6542846E+001, 5.1368183E+001, 6.4029895E+001, 8.0410060E+001, 1.1024177E+002, 1.2176608E+002, 1.3227341E+002, 1.3585364E+002, 3.9982573E+001, 4.6988396E+001, 5.2157928E+001, 6.3256780E+001, 8.6624440E+001, 1.0561694E+002, 1.1467824E+002, 1.2531673E+002, 1.3384740E+002, 4.8442442E+001, 4.8401316E+001, 5.6018985E+001, 6.5827747E+001, 8.1248361E+001, 1.0138071E+002, 1.1165172E+002, 1.3105778E+002, 1.4583111E+002, 1.7000000E+001, 1.7000000E+001, 2.9661774E-005, 4.6419887E-005, 0.0000000E+000, 4.7605123E-005, 1.1336140E-002, 1.7520356E-002, 3.9011087E-004, 1.7957741E-002, 1.9255765E-001, 1.8295984E-001, 2.0954574E-001, 1.8228102E-001, 4.3097701E-002, 4.3967622E-002, 8.9157330E-001, 6.2239349E-001, 1.7710995E-001, 2.8341942E-001, 3.0153233E-001, 4.6069193E-001, 1.2192750E+000, 8.9889682E-001, 9.7550025E-001, 8.8760552E-001, 1.4514283E+000, 4.5378188E+001, 5.0305898E+001, 9.4002715E+000, 1.4746644E+002, 1.6319083E+002, 8.9748222E-001, 3.3901352E+001, 3.2988078E+001
 8.4000634E+002, 5.2838330E+001, 5.3157602E+001, 5.8001674E+001, 6.9975976E+001, 8.6559006E+001, 9.1796682E+001, 1.0585419E+002, 1.2354744E+002, 1.6040057E+002, 5.6269049E+001, 5.7708238E+001, 6.2012248E+001, 7.1312986E+001, 8.7576993E+001, 9.7409168E+001, 1.0286838E+002, 1.3270574E+002, 1.7249322E+002, 4.0405123E+001, 4.6947872E+001, 5.2032315E+001, 6.4218480E+001, 8.0503857E+001, 1.0910339E+002, 1.2246860E+002, 1.3415894E+002, 1.3818546E+002, 3.9504569E+001, 4.7354179E+001, 5.1954719E+001, 6.3741537E+001, 8.6899437E+001, 1.0492905E+002, 1.1304870E+002, 1.2592377E+002, 1.3725391E+002, 4.8711007E+001, 4.8144957E+001, 5.5570836E+001, 6.7649154E+001, 8.2118573E+001, 1.0202260E+002, 1.1242853E+002, 1.3349282E+002, 1.5045211E+002, 1.7000000E+001, 1.7000000E+001, 2.8937228E-005, 4.5910287E-005, 0.0000000E+000, 4.8463635E-005, 1.1068763E-002, 1.7332299E-002, 3.9011087E-004, 1.8274556E-002, 1.9297262E-001, 1.8325170E-001, 2.0954574E-001, 1.8178933E-001, 4.2661266E-002, 4.3755802E-002, 8.9105483E-001, 6.2514334E-001, 1.8455743E-001, 2.9304199E-001, 3.0748374E-001, 4.6894167E-001, 1.1763913E+000, 9.0964513E-001, 9.9139883E-001, 9.2802844E-001, 1.4514283E+000, 4.5378188E+001, 5.0305898E+001, 9.4002715E+000, 1.4746644E+002, 1.6319083E+002, 8.9748222E-001, 3.3901352E+001, 3.2988078E+001
 8.5000750E+002, 5.2958334E+001, 5.3554593E+001, 5.7988464E+001, 7.0315848E+001, 8.6854515E+001, 9.3174284E+001, 1.0641154E+002, 1.2358658E+002, 1.5762369E+002, 5.6996448E+001, 5.8417345E+001, 6.3426893E+001, 7.1597346E+001, 8.7124854E+001, 9.8240068E+001, 1.0417830E+002, 1.3129912E+002, 1.7395298E+002, 4.0623897E+001, 4.7259682E+001, 5.2605234E+001, 6.4821097E+001, 8.0759055E+001, 1.0907405E+002, 1.2180730E+002, 1.3480630E+002, 1.3919758E+002, 3.9200408E+001, 4.7884990E+001, 5.2270196E+001, 6.4248188E+001, 8.6603449E+001, 1.0578522E+002, 1.1493128E+002, 1.2680015E+002, 1.3634596E+002, 4.9613408E+001, 4.7621760E+001, 5.6984943E+001, 6.8091636E+001, 8.3118389E+001, 1.0174033E+002, 1.1156077E+002, 1.3073908E+002, 1.5122125E+002, 1.7000000E+001, 1.7000000E+001, 2.9449286E-005, 4.5857654E-005, 0.0000000E+000, 4.8734162E-005, 1.1257726E-002, 1.7312876E-002, 3.9011087E-004, 1.8374388E-002, 1.9267935E-001, 1.8328184E-001, 2.0954574E-001, 1.8163439E-001, 4.2005067E-002, 4.3466070E-002, 8.9183027E-001, 6.2190135E-001, 1.9312018E-001, 3.0497162E-001, 3.1750911E-001, 5.3044819E-001, 1.1437821E+000, 9.2087177E-001, 9.9221088E-001, 9.2918767E-001, 1.4514283E+000, 4.5378188E+001, 5.0305898E+001, 9.4002715E+000, 1.4746644E+002, 1.6319083E+002, 8.9748222E-001, 3.3901352E+001, 3.2988078E+001
 8.6000431E+002, 5.3256333E+001, 5.3044161E+001, 5.9092484E+001, 7.0621593E+001, 8.6437946E+001, 9.4704196E+001, 1.0794893E+002, 1.2759906E+002, 1.5949190E+002, 5.7864258E+001, 5.8320159E+001, 6.3761277E+001, 7.1258211E+001, 8.8325809E+001, 9.8088829E+001, 1.0533281E+002, 1.3715140E+002, 1.7557109E+002, 4.0751999E+001, 4.8055204E+001, 5.3361564E+001, 6.5615299E+001, 8.1486547E+001, 1.0996292E+002, 1.2508246E+002, 1.3373003E+002, 1.3785375E+002, 3.9196462E+001, 4.8647153E+001, 5.2575965E+001, 6.4716037E+001, 8.7921337E+001, 1.0669846E+002, 1.1583084E+002, 1.2633655E+002, 1.3521360E+002, 5.0470466E+001, 4.8506052E+001, 5.7922479E+001, 6.7477675E+001, 8.3447524E+001, 1.0183565E+002, 1.1301252E+002, 1.3268058E+002, 1.5030621E+002, 1.7000000E+001, 1.7000000E+001, 2.7769004E-005, 4.6288898E-005, 0.0000000E+000, 4.7887742E-005, 1.0637655E-002, 1.7472017E-002, 3.9011087E-004, 1.8062036E-002, 1.9364169E-001, 1.8303486E-001, 2.0954574E-001, 1.8211916E-001, 4.1360572E-002, 4.2530987E-002, 8.9223700E-001, 6.1969002E-001, 1.8984467E-001, 3.0480196E-001, 3.2334316E-001, 4.9086827E-001, 1.1734764E+000, 9.3908463E-001, 9.9864349E-001, 9.3122103E-001, 1.4514283E+000, 4.5378188E+001, 5.0305898E+001, 9.4002715E+000, 1.4746644E+002, 1.6319083E+002, 8.9748222E-001, 3.3901352E+001, 3.2988078E+001
 8.7000282E+002, 5.3919011E+001, 5.3196650E+001, 6.0573448E+001, 7.0897866E+001, 8.6702231E+001, 9.4350638E+001, 1.0863783E+002, 1.2764370E+002, 1.6019646E+002, 5.8459180E+001, 5.8954847E+001, 6.3332185E+001, 7.1844735E+001, 8.8655570E+001, 9.8227708E+001, 1.0716069E+002, 1.3713945E+002, 1.7406925E+002, 4.0757895E+001, 4.8611143E+001, 5.3974835E+001, 6.6232369E+001, 8.2734271E+001, 1.0989992E+002, 1.2401755E+002, 1.3365056E+002, 1.3859761E+002, 3.9463362E+001, 4.8583774E+001, 5.3535206E+001, 6.5187882E+001, 8.8807897E+001, 1.0690202E+002, 1.1624082E+002, 1.2770240E+002, 1.3509750E+002, 5.1215866E+001, 4.9332980E+001, 5.8191441E+001, 6.8007128E+001, 8.3772388E+001, 1.0074500E+002, 1.1436984E+002, 1.3353630E+002, 1.4884017E+002, 1.7000000E+001, 1.7000000E+001, 2.6699358E-005, 4.4735264E-005, 0.0000000E+000, 4.7844792E-005, 1.0242925E-002, 1.6898683E-002, 3.9011087E-004, 1.8046186E-002, 1.9425431E-001, 1.8392466E-001, 2.0954574E-001, 1.8214375E-001, 4.0102889E-002, 4.1901127E-002, 8.9160995E-001, 6.2266604E-001, 1.9098689E-001, 3.0238501E-001, 3.1815891E-001, 5.1004350E-001, 1.2248050E+000, 9.5097718E-001, 1.0214740E+000, 9.1540539E-001, 1.4514283E+000, 4.5378188E+001, 5.0305898E+001, 9.4002715E+000, 1.4746644E+002, 1.6319083E+002, 8.9748222E-001, 3.3901352E+001, 3.2988078E+001
 8.8000847E+002, 5.4324789E+001, 5.4108291E+001, 6.0097645E+001, 7.1767248E+001, 8.7407120E+001, 9.5863966E+001, 1.0873587E+002, 1.3006773E+002, 1.6361447E+002, 5.8135897E+001, 5.9178920E+001, 6.4562187E+001, 7.2821588E+001, 8.9453968E+001, 9.8458925E+001, 1.0723033E+002, 1.3660658E+002, 1.7795476E+002, 4.1021281E+001, 4.8718741E+001, 5.4291576E+001, 6.6747421E+001, 8.3334282E+001, 1.1073664E+002, 1.2438904E+002, 1.3523608E+002, 1.3918699E+002, 3.9946671E+001, 4.8553567E+001, 5.4077921E+001, 6.5772174E+001, 8.9337878E+001, 1.0836754E+002, 1.1713044E+002, 1.2796046E+002, 1.3351539E+002, 5.0801965E+001, 5.0369400E+001, 5.8259597E+001, 6.8570829E+001, 8.3699075E+001, 1.0306995E+002, 1.1599421E+002, 1.3510723E+002, 1.5010620E+002, 1.7000000E+001, 1.7000000E+001, 2.7942647E-005, 4.5630471E-005, 0.0000000E+000, 4.6701365E-005, 1.0701734E-002, 1.7229039E-002, 3.9011087E-004, 1.7624229E-002, 1.9354224E-001, 1.8341195E-001, 2.0954574E-001, 1.8279863E-001, 4.0141970E-002, 4.0808653E-002, 8.9064353E-001, 6.2675039E-001, 1.8460273E-001, 2.9527537E-001, 3.1192179E-001, 4.8740554E-001, 1.1787979E+000, 9.5372248E-001, 1.0261686E+000, 9.3789403E-001, 1.4514283E+000, 4.5378188E+001, 5.0305898E+001, 9.4002715E+000, 1.4746644E+002, 1.6319083E+002, 8.9748222E-001, 3.3901352E+001, 3.2988078E+001
 8.9000185E+002, 5.4296527E+001, 5.5544310E+001, 6.0244671E+001, 7.2669819E+001, 8.7780525E+001, 9.5548488E+001, 1.0906685E+002, 1.3210234E+002, 1.6461832E+002, 5.8164755E+001, 5.9183325E+001, 6.4577558E+001, 7.3934213E+001, 9.1372635E+001, 9.9373348E+001, 1.0793846E+002, 1.3933406E+002, 1.7981842E+002, 4.2317915E+001, 4.8627168E+001, 5.3996665E+001, 6.7111983E+001, 8.3600221E+001, 1.0974244E+002, 1.2546574E+002, 1.3746719E+002, 1.4167739E+002, 4.0330318E+001, 4.9321653E+001, 5.3828876E+001, 6.5792556E+001, 8.7222826E+001, 1.0883645E+002, 1.1875372E+002, 1.2997213E+002, 1.3674893E+002, 5.1231957E+001, 5.0070462E+001, 5.8673765E+001, 6.9590024E+001, 8.4506177E+001, 1.0320823E+002, 1.1660357E+002, 1.3677934E+002, 1.5190531E+002, 1.7000000E+001, 1.7000000E+001, 2.9176427E-005, 4.5594127E-005, 0.0000000E+000, 4.7763745E-005, 1.1157034E-002, 1.7215627E-002, 3.9011087E-004, 1.8016277E-002, 1.9283562E-001, 1.8343277E-001, 2.0954574E-001, 1.8219017E-001, 3.9747832E-002, 4.0855032E-002, 8.9044717E-001, 6.2704253E-001, 1.8769065E-001, 2.9963135E-001, 3.1731491E-001, 4.9850244E-001, 1.1035238E+000, 9.4026880E-001, 1.0432461E+000, 9.4277280E-001, 1.4514283E+000, 4.5378188E+001, 5.0305898E+001, 9.4002715E+000, 1.4746644E+002, 1.6319083E+002, 8.9748222E-001, 3.3901352E+001, 3.2988078E+001
 9.0000396E+002, 5.4153016E+001, 5.5477904E+001, 6.0475040E+001, 7.1726336E+001, 8.8204308E+001, 9.5925750E+001, 1.1007153E+002, 1.3057282E+002, 1.6408063E+002, 5.8567292E+001, 5.8810868E+001, 6.4015359E+001, 7.3800608E+001, 9.0036012E+001, 1.0022629E+002, 1.0851257E+002, 1.4042508E+002, 1.7657829E+002, 4.1866240E+001, 4.9310046E+001, 5.4594977E+001, 6.6907950E+001, 8.3940301E+001, 1.1030785E+002, 1.2735211E+002, 1.3748081E+002, 1.4036428E+002, 4.0857239E+001, 5.0854167E+001, 5.5208939E+001, 6.6107207E+001, 8.6311759E+001, 1.0869907E+002, 1.1978722E+002, 1.3100469E+002, 1.3801685E+002, 5.1218545E+001, 4.9520833E+001, 5.9065964E+001, 6.9118514E+001, 8.4597352E+001, 1.0273029E+002, 1.1701944E+002, 1.3469709E+002, 1.5240940E+002, 1.7000000E+001, 1.7000000E+001, 2.7399799E-005, 4.5883766E-005, 0.0000000E+000, 4.7457467E-005, 1.0501408E-002, 1.7322512E-002, 3.9011087E-004, 1.7903252E-002, 1.9385315E-001, 1.8326689E-001, 2.0954574E-001, 1.8236559E-001, 3.9395887E-002, 4.0322459E-002, 8.9070432E-001, 6.2674219E-001, 1.8870026E-001, 3.0334735E-001, 3.2369379E-001, 5.0019966E-001, 1.2028576E+000, 9.5834019E-001, 1.0070363E+000, 9.5842992E-001, 1.4514283E+000, 4.5378188E+001, 5.0305898E+001, 9.4002715E+000, 1.4746644E+002, 1.6319083E+002, 8.9748222E-001, 3.3901352E+001, 3.2988078E+001
 9.1000120E+002, 5.4327226E+001, 5.4517016E+001, 6.1539725E+001, 7.1739267E+001, 8.9197352E+001, 9.6045632E+001, 1.1019722E+002, 1.2991779E+002, 1.6362650E+002, 5.8372904E+001, 5.8864522E+001, 6.4654100E+001, 7.4132087E+001, 9.0778343E+001, 9.9896570E+001, 1.0738669E+002, 1.3661917E+002, 1.7972770E+002, 4.1506392E+001, 4.9701894E+001, 5.5391760E+001, 6.6710122E+001, 8.3881377E+001, 1.1120515E+002, 1.2664288E+002, 1.3892103E+002, 1.4207310E+002, 4.0919761E+001, 5.0765097E+001, 5.5219105E+001, 6.6253156E+001, 8.7907309E+001, 1.0858025E+002, 1.1942196E+002, 1.3157473E+002, 1.4046725E+002, 5.1726274E+001, 5.0243359E+001, 6.0502882E+001, 6.9609207E+001, 8.4534397E+001, 1.0351456E+002, 1.1825320E+002, 1.3567405E+002, 1.5265261E+002, 1.7000000E+001, 1.7000000E+001, 2.5381698E-005, 4.5757987E-005, 0.0000000E+000, 4.7959373E-005, 9.7566718E-003, 1.7276096E-002, 3.9011087E-004, 1.8088469E-002, 1.9500897E-001, 1.8333892E-001, 2.0954574E-001, 1.8207813E-001, 3.9027786E-002, 4.0137840E-002, 8.9098297E-001, 6.2578803E-001, 1.9079569E-001, 3.0273863E-001, 3.2111344E-001, 5.0434715E-001, 1.1810124E+000, 9.4885603E-001, 1.0253486E+000, 9.4337810E-001, 1.4514283E+000, 4.5378188E+001, 5.0305898E+001, 9.4002715E+000, 1.4746644E+002, 1.6319083E+002, 8.9748222E-001, 3.3901352E+001, 3.2988078E+001
 9.2000433E+002, 5.5274276E+001, 5.5018866E+001, 6.1349881E+001, 7.1884021E+001, 9.0066246E+001, 9.7236155E+001, 1.1056834E+002, 1.2636341E+002, 1.6388068E+002, 5.8866386E+001, 5.9658091E+001, 6.6216130E+001, 7.4507814E+001, 8.9789037E+001, 1.0108970E+002, 1.0929433E+002, 1.4051782E+002, 1.8109446E+002, 4.2066290E+001, 4.9787219E+001, 5.5647323E+001, 6.6300719E+001, 8.5173759E+001, 1.1180655E+002, 1.2575996E+002, 1.3808159E+002, 1.4112274E+002, 4.1078195E+001, 5.0015188E+001, 5.5238115E+001, 6.6370847E+001, 8.8862683E+001, 1.1045023E+002, 1.1895793E+002, 1.3068152E+002, 1.3984531E+002, 5.2367281E+001, 5.0165209E+001, 6.0786060E+001, 6.9453342E+001, 8.4962026E+001, 1.0524761E+002, 1.1830445E+002, 1.3461796E+002, 1.5151440E+002, 1.7000000E+001, 1.7000000E+001, 2.6821304E-005, 4.4806973E-005, 0.0000000E+000, 4.6948229E-005, 1.0287927E-002, 1.6925145E-002, 3.9011087E-004, 1.7715329E-002, 1.9418447E-001, 1.8388359E-001, 2.0954574E-001, 1.8265724E-001, 3.8116790E-002, 3.9286353E-002, 8.9057784E-001, 6.2534945E-001, 1.9174983E-001, 3.0372743E-001, 3.1726353E-001, 5.0487166E-001, 1.1816527E+000, 9.5936391E-001, 1.0143723E+000, 9.5120529E-001, 1.4514283E+000, 4.5378188E+001, 5.0305898E+001, 9.4002715E+000, 1.4746644E+002, 1.6319083E+002, 8.9748222E-001, 3.3901352E+001, 3.2988078E+001
 9.3000647E+002, 5.5474626E+001, 5.5865819E+001, 6.3282524E+001, 7.2470241E+001, 8.9714837E+001, 9.7293354E+001, 1.0951343E+002, 1.2413883E+002, 1.6140498E+002, 5.8911108E+001, 6.0087089E+001, 6.6462828E+001, 7.4786692E+001, 8.8009180E+001, 1.0268466E+002, 1.0963772E+002, 1.3941843E+002, 1.8071382E+002, 4.2915895E+001, 4.9772020E+001, 5.5366282E+001, 6.7240989E+001, 8.4900955E+001, 1.1210573E+002, 1.2702193E+002, 1.3862839E+002, 1.4255557E+002, 4.1704383E+001, 5.0978148E+001, 5.5235970E+001, 6.6130820E+001, 8.8895454E+001, 1.1111272E+002, 1.2002665E+002, 1.3037078E+002, 1.4011309E+002, 5.2722653E+001, 5.1541552E+001, 6.1411996E+001, 6.8969376E+001, 8.5278960E+001, 1.0496105E+002, 1.1777667E+002, 1.3379212E+002, 1.5301555E+002, 1.7000000E+001, 1.7000000E+001, 2.7079880E-005, 4.5239261E-005, 0.0000000E+000, 4.7289259E-005, 1.0383349E-002, 1.7084672E-002, 3.9011087E-004, 1.7841179E-002, 1.9403637E-001, 1.8363601E-001, 2.0954574E-001, 1.8246192E-001, 3.8088982E-002, 3.9109101E-002, 8.9070547E-001, 6.2556008E-001, 1.9544147E-001, 3.0748237E-001, 3.2131552E-001, 5.2446464E-001, 1.1694975E+000, 9.7505380E-001, 1.0366355E+000, 9.7047832E-001, 1.4514283E+000, 4.5378188E+001, 5.0305898E+001, 9.4002715E+000, 1.4746644E+002, 1.6319083E+002, 8.9748222E-001, 3.3901352E+001, 3.2988078E+001
 9.4000277E+002, 5.5530495E+001, 5.5979727E+001, 6.2218822E+001, 7.1397798E+001, 9.0361571E+001, 9.7955938E+001, 1.0912162E+002, 1.2534607E+002, 1.6314331E+002, 5.9441193E+001, 6.0250481E+001, 6.5463691E+001, 7.4243032E+001, 8.9382972E+001, 1.0303135E+002, 1.0886602E+002, 1.4351563E+002, 1.8160195E+002, 4.2255427E+001, 5.0548761E+001, 5.5516753E+001, 6.7668529E+001, 8.4522696E+001, 1.1428325E+002, 1.2715570E+002, 1.3850825E+002, 1.4202175E+002, 4.2885358E+001, 5.1926899E+001, 5.5678200E+001, 6.6879139E+001, 8.9698974E+001, 1.1150751E+002, 1.2069631E+002, 1.3014188E+002, 1.3966448E+002, 5.2221520E+001, 5.2263229E+001, 6.1358656E+001, 6.8471867E+001, 8.6671263E+001, 1.0514725E+002, 1.1818062E+002, 1.3545490E+002, 1.5265751E+002, 1.7000000E+001, 1.7000000E+001, 2.5971583E-005, 4.4669875E-005, 0.0000000E+000, 4.7156444E-005, 9.9743563E-003, 1.6874552E-002, 3.9011087E-004, 1.7792166E-002, 1.9467112E-001, 1.8396211E-001, 2.0954574E-001, 1.8253799E-001, 3.7574275E-002, 3.8708602E-002, 8.9128588E-001, 6.2429855E-001, 1.9433388E-001, 3.0893631E-001, 3.2860116E-001, 5.0753561E-001, 1.1703033E+000, 9.5833734E-001, 1.0242615E+000, 9.6412715E-001, 1.4514283E+000, 4.5378188E+001, 5.0305898E+001, 9.4002715E+000, 1.4746644E+002, 1.6319083E+002, 8.9748222E-001, 3.3901352E+001, 3.2988078E+001
 9.5000148E+002, 5.5029882E+001, 5.6060745E+001, 6.1424725E+001, 7.2753214E+001, 9.0712824E+001, 9.8234297E+001, 1.1007554E+002, 1.2892197E+002, 1.6398867E+002, 5.9449408E+001, 5.9887380E+001, 6.4894276E+001, 7.4394650E+001, 9.0334396E+001, 1.0202211E+002, 1.0945811E+002, 1.3970453E+002, 1.7966102E+002, 4.2260366E+001, 5.0576772E+001, 5.6084133E+001, 6.7988796E+001, 8.4361002E+001, 1.1347440E+002, 1.2590126E+002, 1.3913607E+002, 1.4246403E+002, 4.2398734E+001, 5.1769464E+001, 5.6363648E+001, 6.6762433E+001, 8.9885028E+001, 1.1149024E+002, 1.2034853E+002, 1.3071122E+002, 1.4091337E+002, 5.1552616E+001, 5.1229855E+001, 6.1195667E+001, 6.8908606E+001, 8.7324736E+001, 1.0616467E+002, 1.1808974E+002, 1.3720050E+002, 1.5298300E+002, 1.7000000E+001, 1.7000000E+001, 2.5091063E-005, 4.5092317E-005, 0.0000000E+000, 4.6992500E-005, 9.6494195E-003, 1.7030445E-002, 3.9011087E-004, 1.7731666E-002, 1.9517542E-001, 1.8372017E-001, 2.0954574E-001, 1.8263188E-001, 3.7294073E-002, 3.8258176E-002, 8.9059399E-001, 6.2722059E-001, 1.9289557E-001, 3.0576675E-001, 3.1864011E-001, 4.8896080E-001, 1.1531352E+000, 9.6416367E-001, 1.0368380E+000, 9.5840992E-001, 1.4514283E+000, 4.5378188E+001, 5.0305898E+001, 9.4002715E+000, 1.4746644E+002, 1.6319083E+002, 8.9748222E-001, 3.3901352E+001, 3.2988078E+001
 9.6000698E+002, 5.5043011E+001, 5.5874776E+001, 6.1395483E+001, 7.3176489E+001, 8.9743240E+001, 9.8489550E+001, 1.1080677E+002, 1.2837279E+002, 1.6403477E+002, 6.0008320E+001, 6.0113611E+001, 6.4480192E+001, 7.4181391E+001, 9.0414833E+001, 1.0208630E+002, 1.0881742E+002, 1.3945991E+002, 1.8074737E+002, 4.2707209E+001, 5.0681839E+001, 5.6471771E+001, 6.7667361E+001, 8.4055450E+001, 1.1210693E+002, 1.2907106E+002, 1.3972368E+002, 1.4378014E+002, 4.2104788E+001, 5.2101606E+001, 5.5575352E+001, 6.7119388E+001, 8.9300636E+001, 1.1088147E+002, 1.2062088E+002, 1.3219596E+002, 1.4207043E+002, 5.2008959E+001, 5.0833342E+001, 6.0877190E+001, 6.9543694E+001, 8.7929277E+001, 1.0598808E+002, 1.1951705E+002, 1.3836027E+002, 1.5511047E+002, 1.7000000E+001, 1.7000000E+001, 2.5704244E-005, 4.5350481E-005, 0.0000000E+000, 4.7174890E-005, 9.8757006E-003, 1.7125715E-002, 3.9011087E-004, 1.7798973E-002, 1.9482424E-001, 1.8357231E-001, 2.0954574E-001, 1.8252742E-001, 3.7106878E-002, 3.8064083E-002, 8.9138713E-001, 6.2413386E-001, 2.0202682E-001, 3.2085320E-001, 3.3452784E-001, 5.0584480E-001, 1.2158181E+000, 9.6645468E-001, 1.0133439E+000, 9.5744077E-001, 1.4514283E+000, 4.5378188E+001, 5.0305898E+001, 9.4002715E+000, 1.4746644E+002, 1.6319083E+002, 8.9748222E-001, 3.3901352E+001, 3.2988078E+001
 9.7000311E+002, 5.5532152E+001, 5.6307754E+001, 6.2173718E+001, 7.2945788E+001, 8.9209271E+001, 9.9192855E+001, 1.1247924E+002, 1.3052222E+002, 1.6579914E+002, 6.0190365E+001, 6.0661141E+001, 6.4275222E+001, 7.3516917E+001, 9.1209206E+001, 1.0196712E+002, 1.0882994E+002, 1.4110873E+002, 1.8043429E+002, 4.2785823E+001, 5.0749782E+001, 5.6448128E+001, 6.8173953E+001, 8.4699342E+001, 1.1496284E+002, 1.2956598E+002, 1.3857249E+002, 1.4506441E+002, 4.2639098E+001, 5.2393604E+001, 5.5490043E+001, 6.6844853E+001, 8.9345469E+001, 1.1080213E+002, 1.2136679E+002, 1.3198766E+002, 1.4278608E+002, 5.2721166E+001, 5.1998134E+001, 6.0804683E+001, 6.9766781E+001, 8.7346044E+001, 1.0803114E+002, 1.2018516E+002, 1.3671442E+002, 1.5589013E+002, 1.7000000E+001, 1.7000000E+001, 2.5684244E-005, 4.4282230E-005, 0.0000000E+000, 4.7035321E-005, 9.8683198E-003, 1.6731500E-002, 3.9011087E-004, 1.7747468E-002, 1.9483569E-001, 1.8418413E-001, 2.0954574E-001, 1.8260736E-001, 3.6162007E-002, 3.7709408E-002, 8.9122170E-001, 6.2472056E-001, 2.0085691E-001, 3.1581915E-001, 3.3278362E-001, 5.0525261E-001, 1.2198966E+000, 9.6181276E-001, 1.0252781E+000, 9.6160717E-001, 1.4514283E+000, 4.5378188E+001, 5.0305898E+001, 9.4002715E+000, 1.4746644E+002, 1.6319083E+002, 8.9748222E-001, 3.3901352E+001, 3.2988078E+001
 9.8000753E+002, 5.6071133E+001, 5.6352372E+001, 6.2435938E+001, 7.2973341E+001, 8.9347346E+001, 9.8100392E+001, 1.1354577E+002, 1.3147176E+002, 1.6433920E+002, 6.0115708E+001, 6.1695668E+001, 6.5544494E+001, 7.4193139E+001, 9.1568149E+001, 1.0174961E+002, 1.0971401E+002, 1.4035811E+002, 1.7641302E+002, 4.2767746E+001, 5.0822030E+001, 5.6431714E+001, 6.7988809E+001, 8.5092974E+001, 1.1600831E+002, 1.2849723E+002, 1.4003565E+002, 1.4485180E+002, 4.2952943E+001, 5.1658965E+001, 5.5806770E+001, 6.7376921E+001, 9.0857867E+001, 1.0867207E+002, 1.2043125E+002, 1.3232783E+002, 1.4299985E+002, 5.3686962E+001, 5.2808049E+001, 6.0701698E+001, 6.9965521E+001, 8.6332999E+001, 1.0651560E+002, 1.2065655E+002, 1.3724601E+002, 1.5614068E+002, 1.7000000E+001, 1.7000000E+001, 2.5369441E-005, 4.4499179E-005, 0.0000000E+000, 4.6922145E-005, 9.7521487E-003, 1.6811561E-002, 3.9011087E-004, 1.7705703E-002, 1.9501599E-001, 1.8405988E-001, 2.0954574E-001, 1.8267218E-001, 3.6031196E-002, 3.7317046E-002, 8.9097997E-001, 6.2471898E-001, 2.0583057E-001, 3.2210724E-001, 3.3294158E-001, 4.9993667E-001, 1.1945508E+000, 9.5985314E-001, 1.0334698E+000, 9.6930642E-001, 1.4514283E+000, 4.5378188E+001, 5.0305898E+001, 9.4002715E+000, 1.4746644E+002, 1.6319083E+002, 8.9748222E-001, 3.3901352E+001, 3.2988078E+001
 9.9000512E+002, 5.5511089E+001, 5.6792552E+001, 6.2834163E+001, 7.3771354E+001, 8.8529441E+001, 9.7509408E+001, 1.1217311E+002, 1.3276282E+002, 1.5882766E+002, 5.9699848E+001, 6.1072306E+001, 6.6367127E+001, 7.4359409E+001, 9.2368960E+001, 1.0103461E+002, 1.0928613E+002, 1.3323243E+002, 1.6450752E+002, 4.2710441E+001, 5.0939256E+001, 5.6224595E+001, 6.8567522E+001, 8.5139913E+001, 1.1395618E+002, 1.2642243E+002, 1.3991011E+002, 1.4390167E+002, 4.2658830E+001, 5.1291095E+001, 5.6040149E+001, 6.7177200E+001, 9.1967681E+001, 1.0875856E+002, 1.2033708E+002, 1.3347977E+002, 1.4243965E+002, 5.3315053E+001, 5.2612173E+001, 6.0333856E+001, 6.9347917E+001, 8.6631512E+001, 1.0601163E+002, 1.1912096E+002, 1.3635993E+002, 1.5230799E+002, 1.7000000E+001, 1.7000000E+001, 2.4776726E-005, 4.3647874E-005, 0.0000000E+000, 4.6929549E-005, 9.5334201E-003, 1.6497405E-002, 3.9011087E-004, 1.7708436E-002, 1.9535545E-001, 1.8454744E-001, 2.0954574E-001, 1.8266794E-001, 3.5450044E-002, 3.7053332E-002, 6.9108495E-001, 7.4166109E-001, 1.5308270E-001, 2.4067616E-001, 2.8490225E-001, 3.6226861E-001, 1.0746579E+000, 8.5472430E-001, 9.9935147E-001, 9.2542749E-001, 1.4514283E+000, 4.5378188E+001, 5.0305898E+001, 9.4002715E+000, 1.4746644E+002, 1.6319083E+002, 8.9748222E-001, 3.3901352E+001, 3.2988078E+001
 1.0000116E+003, 5.4567915E+001, 5.6446013E+001, 6.0651354E+001, 7.0564680E+001, 8.4166985E+001, 9.6043779E+001, 1.0892634E+002, 1.2601481E+002, 1.3679631E+002, 5.8182409E+001, 5.9935438E+001, 6.4010820E+001, 7.0283231E+001, 8.7113304E+001, 9.9291190E+001, 1.0623363E+002, 1.2252562E+002, 1.3552884E+002, 4.3525548E+001, 5.0516717E+001, 5.5292974E+001, 6.5391356E+001, 8.1310392E+001, 1.0272623E+002, 1.1896998E+002, 1.3131165E+002, 1.3665840E+002, 4.2891682E+001, 5.1569263E+001, 5.6252946E+001, 6.4130590E+001, 8.4346271E+001, 1.0250472E+002, 1.1570326E+002, 1.2627598E+002, 1.3279681E+002, 5.2932426E+001, 5.2021911E+001, 5.9714172E+001, 6.7433428E+001, 8.4082597E+001, 1.0048221E+002, 1.1398336E+002, 1.2879065E+002, 1.3718219E+002, 1.7000000E+001, 1.7000000E+001, 2.5321991E-005, 4.0172063E-005, 0.0000000E+000, 4.4296697E-005, 9.7346383E-003, 1.5214733E-002, 3.9011087E-004, 1.6736839E-002, 1.9504316E-001, 1.8653813E-001, 2.0954574E-001, 1.8417584E-001, 3.3927430E-002, 3.5821364E-002, 6.2004244E-001, 8.0990798E-001, 1.1925892E-001, 1.7751634E-001, 2.1478779E-001, 1.9045576E-001, 6.9711228E-001, 6.6065261E-001, 6.5294024E-001, 7.0592910E-001, 1.4514283E+000, 4.5378188E+001, 5.0305898E+001, 9.4002715E+000, 1.4746644E+002, 1.6319083E+002, 8.9748222E-001, 3.3901352E+001, 3.2988078E+001
 1.0100006E+003, 5.2273288E+001, 5.4709836E+001, 5.8390420E+001, 6.6165436E+001, 7.6787866E+001, 8.8356868E+001, 1.0098563E+002, 1.1549924E+002, 1.2226751E+002, 5.5571416E+001, 5.7979085E+001, 6.1333764E+001, 6.5748195E+001, 7.5738096E+001, 8.6569195E+001, 9.9048597E+001, 1.1384023E+002, 1.2140700E+002, 4.4679801E+001, 4.9906659E+001, 5.4320115E+001, 6.1014971E+001, 7.4384715E+001, 8.9494532E+001, 1.0306626E+002, 1.1625024E+002, 1.2258406E+002, 4.5212560E+001, 5.2804147E+001, 5.6411957E+001, 6.1430666E+001, 7.5401788E+001, 8.9420545E+001, 1.0258193E+002, 1.1484217E+002, 1.1965294E+002, 5.1704544E+001, 5.1285371E+001, 5.7711123E+001, 6.4458966E+001, 7.5528060E+001, 8.9838838E+001, 1.0297832E+002, 1.1643772E+002, 1.2297501E+002, 1.7000000E+001, 1.7000000E+001, 2.5424979E-005, 3.6804268E-005, 0.0000000E+000, 3.9544614E-005, 9.7726439E-003, 1.3971922E-002, 3.9011087E-004, 1.4983187E-002, 1.9498418E-001, 1.8846696E-001, 2.0954574E-001, 1.8689749E-001, 3.2626034E-002, 3.4032045E-002, 6.5139769E-001, 7.9073977E-001, 9.8469252E-002, 1.4004117E-001, 1.7133136E-001, 1.5936155E-001, 5.2079991E-001, 4.7389501E-001, 4.7689451E-001, 5.0928151E-001, 1.4514283E+000, 4.5378188E+001, 5.0305898E+001, 9.4002715E+000, 1.4746644E+002, 1.6319083E+002, 8.9748222E-001, 3.3901352E+001, 3.2988078E+001
 1.0200033E+003, 4.8442641E+001, 5.1583354E+001, 5.5288160E+001, 6.2237070E+001, 6.9906909E+001, 7.9459279E+001, 9.0912741E+001, 1.0460023E+002, 1.1084644E+002, 5.0729039E+001, 5.4808959E+001, 5.7980664E+001, 6.1897845E+001, 6.8617570E+001, 7.5329692E+001, 9.1518965E+001, 1.0503672E+002, 1.1068620E+002, 4.5653092E+001, 4.8578458E+001, 5.3030163E+001, 5.7966544E+001, 6.6707905E+001, 7.9472132E+001, 9.0678727E+001, 1.0157270E+002, 1.0925118E+002, 4.5877842E+001, 5.1940929E+001, 5.4642609E+001, 5.9185613E+001, 6.7960861E+001, 7.9815911E+001, 9.0180785E+001, 1.0292952E+002, 1.0791391E+002, 4.9889002E+001, 5.0427963E+001, 5.4262591E+001, 6.0873443E+001, 6.9442064E+001, 7.9068284E+001, 9.1169430E+001, 1.0445585E+002, 1.1130685E+002, 1.7000000E+001, 1.7000000E+001, 2.4886909E-005, 3.2790788E-005, 0.0000000E+000, 3.7128604E-005, 9.5740810E-003, 1.2490835E-002, 3.9011087E-004, 1.4091611E-002, 1.9529235E-001, 1.9076558E-001, 2.0954574E-001, 1.8828120E-001, 3.1032512E-002, 3.2716326E-002, 6.7184684E-001, 7.7637491E-001, 8.4461719E-002, 1.1885024E-001, 1.4328665E-001, 1.2547886E-001, 3.7184222E-001, 3.8875430E-001, 3.5923502E-001, 3.8763138E-001, 1.4514283E+000, 4.5378188E+001, 5.0305898E+001, 9.4002715E+000, 1.4746644E+002, 1.6319083E+002, 8.9748222E-001, 3.3901352E+001, 3.2988078E+001
 1.0300088E+003, 4.4741147E+001, 4.8132817E+001, 5.1699900E+001, 5.8574187E+001, 6.3783525E+001, 7.1928975E+001, 8.0603204E+001, 9.3743499E+001, 1.0162319E+002, 4.7459426E+001, 5.2300586E+001, 5.5683895E+001, 5.8062447E+001, 6.3438604E+001, 6.8558355E+001, 8.2111248E+001, 9.3797642E+001, 1.0055845E+002, 4.5415093E+001, 4.7438325E+001, 5.0738618E+001, 5.4945124E+001, 6.0542924E+001, 7.0781312E+001, 8.0713002E+001, 9.1311678E+001, 9.8265990E+001, 4.5339647E+001, 5.0072040E+001, 5.1628472E+001, 5.6223934E+001, 6.1831860E+001, 7.1349615E+001, 7.9852983E+001, 9.2240981E+001, 9.7518921E+001, 4.8325173E+001, 4.8928541E+001, 5.1548739E+001, 5.7026125E+001, 6.4207785E+001, 7.0849761E+001, 8.0520997E+001, 9.3919049E+001, 1.0068663E+002, 1.7000000E+001, 1.7000000E+001, 2.3151399E-005, 3.0483823E-005, 0.0000000E+000, 3.5113682E-005, 8.9336289E-003, 1.1639500E-002, 3.9011087E-004, 1.3348048E-002, 1.9628632E-001, 1.9208684E-001, 2.0954574E-001, 1.8943520E-001, 2.9660687E-002, 3.1590568E-002, 6.8674106E-001, 7.6556680E-001, 7.4120311E-002, 1.0226740E-001, 1.2208530E-001, 1.0150451E-001, 3.0689579E-001, 2.9473902E-001, 2.9078418E-001, 3.2200562E-001, 1.4514283E+000, 4.5378188E+001, 5.0305898E+001, 9.4002715E+000, 1.4746644E+002, 1.6319083E+002, 8.9748222E-001, 3.3901352E+001, 3.2988078E+001
 1.0400103E+003, 4.1911692E+001, 4.5166279E+001, 4.9546588E+001, 5.5925436E+001, 5.9441380E+001, 6.6004785E+001, 7.2039174E+001, 8.4641949E+001, 9.2997411E+001, 4.3749424E+001, 4.9086970E+001, 5.3130203E+001, 5.4664423E+001, 5.8710871E+001, 6.3091676E+001, 7.3076207E+001, 8.4552729E+001, 8.9416270E+001, 4.3686434E+001, 4.6956363E+001, 4.9263447E+001, 5.1945675E+001, 5.5463334E+001, 6.4478535E+001, 7.3005957E+001, 8.3214529E+001, 8.9292987E+001, 4.4653710E+001, 4.7742308E+001, 4.8974948E+001, 5.2892603E+001, 5.7201816E+001, 6.4825746E+001, 7.2636071E+001, 8.3838800E+001, 8.8971283E+001, 4.6364895E+001, 4.7811282E+001, 4.9416053E+001, 5.4363663E+001, 5.8675570E+001, 6.4237752E+001, 7.2374662E+001, 8.4693668E+001, 9.1437224E+001, 1.7000000E+001, 1.7000000E+001, 2.1908713E-005, 2.5931017E-005, 0.0000000E+000, 3.3855358E-005, 8.4750428E-003, 9.9593861E-003, 3.9011087E-004, 1.2883691E-002, 1.9699804E-001, 1.9469436E-001, 2.0954574E-001, 1.9015588E-001, 2.6029593E-002, 3.0821957E-002, 6.9433500E-001, 7.5485496E-001, 6.5195750E-002, 8.8996983E-002, 1.0791261E-001, 8.9180471E-002, 2.5988761E-001, 2.4288846E-001, 2.3200632E-001, 2.6693132E-001, 1.4514283E+000, 4.5378188E+001, 5.0305898E+001, 9.4002715E+000, 1.4746644E+002, 1.6319083E+002, 8.9748222E-001, 3.3901352E+001, 3.2988078E+001
 1.0500119E+003, 4.0000038E+001, 4.3031580E+001, 4.6408447E+001, 5.1053990E+001, 5.4904567E+001, 6.0241143E+001, 6.5172115E+001, 7.6955863E+001, 8.4380212E+001, 4.1787235E+001, 4.6750517E+001, 4.9973765E+001, 5.1559818E+001, 5.5157792E+001, 5.8872803E+001, 6.6129967E+001, 7.6073693E+001, 8.0111367E+001, 4.2395428E+001, 4.5922595E+001, 4.7874919E+001, 4.9536108E+001, 5.2337442E+001, 5.8996646E+001, 6.7154905E+001, 7.5208929E+001, 8.1432049E+001, 4.3376064E+001, 4.5522768E+001, 4.6831816E+001, 4.9625449E+001, 5.3363068E+001, 5.9533396E+001, 6.5809591E+001, 7.6890183E+001, 8.1818325E+001, 4.4243957E+001, 4.6251848E+001, 4.7626903E+001, 5.1256866E+001, 5.4567604E+001, 5.8871521E+001, 6.5647942E+001, 7.7676238E+001, 8.4089688E+001, 1.7000000E+001, 1.7000000E+001, 1.9790439E-005, 2.4203842E-005, 0.0000000E+000, 3.1846802E-005, 7.6933400E-003, 9.3220100E-003, 3.9011087E-004, 1.2142477E-002, 1.9821123E-001, 1.9568356E-001, 2.0954574E-001, 1.9130623E-001, 2.4537570E-002, 2.9675622E-002, 6.9537940E-001, 7.4163696E-001, 5.9479238E-002, 8.0480558E-002, 9.7048869E-002, 7.6849458E-002, 2.2746964E-001, 2.0365328E-001, 1.9740058E-001, 2.2655265E-001, 1.4514283E+000, 4.5378188E+001, 5.0305898E+001, 9.4002715E+000, 1.4746644E+002, 1.6319083E+002, 8.9748222E-001, 3.3901352E+001, 3.2988078E+001
 1.0600049E+003, 3.7954422E+001, 4.0783502E+001, 4.3500088E+001, 4.7596928E+001, 5.1117850E+001, 5.5719424E+001, 6.0415945E+001, 7.1419664E+001, 7.5660503E+001, 3.9362009E+001, 4.4828084E+001, 4.7004453E+001, 4.8783035E+001, 5.1349456E+001, 5.4503988E+001, 6.0575553E+001, 7.0068956E+001, 7.3245432E+001, 4.1611419E+001, 4.4662283E+001, 4.6064859E+001, 4.7460982E+001, 4.9587244E+001, 5.3944448E+001, 6.2679111E+001, 6.9189799E+001, 7.5243794E+001, 4.1633943E+001, 4.3602733E+001, 4.4517202E+001, 4.7170844E+001, 5.0373540E+001, 5.5231910E+001, 6.0690235E+001, 7.1036468E+001, 7.5817951E+001, 4.2008223E+001, 4.4513344E+001, 4.6123294E+001, 4.8341134E+001, 5.0950461E+001, 5.4567270E+001, 6.1202968E+001, 7.1479925E+001, 7.7325594E+001, 1.7000000E+001, 1.7000000E+001, 1.9425534E-005, 2.3456443E-005, 0.0000000E+000, 3.0486110E-005, 7.5586797E-003, 9.0461988E-003, 3.9011087E-004, 1.1640344E-002, 1.9842022E-001, 1.9611161E-001, 2.0954574E-001, 1.9208553E-001, 2.4183722E-002, 2.8753187E-002, 6.9617015E-001, 7.3043525E-001, 5.4224896E-002, 7.2714950E-002, 8.8913593E-002, 6.9767225E-002, 1.8615576E-001, 1.6569350E-001, 1.6382226E-001, 2.0092574E-001, 1.4514283E+000, 4.5378188E+001, 5.0305898E+001, 9.4002715E+000, 1.4746644E+002, 1.6319083E+002, 8.9748222E-001, 3.3901352E+001, 3.2988078E+001
 1.0700089E+003, 3.6449937E+001, 3.9084346E+001, 4.1737791E+001, 4.5696620E+001, 4.8107305E+001, 5.2543849E+001, 5.6747342E+001, 6.7202541E+001, 6.8909099E+001, 3.7670755E+001, 4.2976029E+001, 4.4048914E+001, 4.6261086E+001, 4.8092749E+001, 5.1733695E+001, 5.6464571E+001, 6.4908710E+001, 6.7972318E+001, 3.9601057E+001, 4.3327684E+001, 4.4407156E+001, 4.5265697E+001, 4.6918914E+001, 4.9810945E+001, 5.8500516E+001, 6.4467324E+001, 7.0489119E+001, 3.9828876E+001, 4.1629683E+001, 4.2589798E+001, 4.4478691E+001, 4.7992688E+001, 5.1695378E+001, 5.6594204E+001, 6.5974422E+001, 7.1117241E+001, 3.9693162E+001, 4.2261894E+001, 4.4067960E+001, 4.5721642E+001, 4.7973249E+001, 5.1460653E+001, 5.7798518E+001, 6.5752733E+001, 7.1909523E+001, 1.7000000E+001, 1.7000000E+001, 1.7642878E-005, 2.4097535E-005, 0.0000000E+000, 2.7497384E-005, 6.9008296E-003, 9.2827797E-003, 3.9011087E-004, 1.0537420E-002, 1.9944120E-001, 1.9574444E-001, 2.0954574E-001, 1.9379726E-001, 2.4980749E-002, 2.6766141E-002, 6.9737381E-001, 7.2202073E-001, 5.0662445E-002, 6.6839422E-002, 8.1467168E-002, 6.2925562E-002, 1.6943135E-001, 1.4861703E-001, 1.3372991E-001, 1.7761908E-001, 1.4514283E+000, 4.5378188E+001, 5.0305898E+001, 9.4002715E+000, 1.4746644E+002, 1.6319083E+002, 8.9748222E-001, 3.3901352E+001, 3.2988078E+001
 1.0800091E+003, 3.5058277E+001, 3.7733542E+001, 3.9956359E+001, 4.3540323E+001, 4.6251857E+001, 4.9840370E+001, 5.3748534E+001, 6.2592497E+001, 6.4671607E+001, 3.6489164E+001, 4.1574987E+001, 4.1566356E+001, 4.3945082E+001, 4.5859987E+001, 4.9053887E+001, 5.3110089E+001, 6.0523730E+001, 6.3679948E+001, 3.7922661E+001, 4.1279138E+001, 4.2442726E+001, 4.3307600E+001, 4.4696508E+001, 4.7038841E+001, 5.4466588E+001, 6.1017539E+001, 6.5730166E+001, 3.8167762E+001, 3.9779481E+001, 4.0620408E+001, 4.2070211E+001, 4.5058643E+001, 4.8700867E+001, 5.3161413E+001, 6.1603513E+001, 6.7188990E+001, 3.7890923E+001, 3.9870451E+001, 4.1717967E+001, 4.3564598E+001, 4.5800089E+001, 4.8423550E+001, 5.3756871E+001, 6.1119258E+001, 6.7314141E+001, 1.7000000E+001, 1.7000000E+001, 1.7110816E-005, 2.2969032E-005, 0.0000000E+000, 2.5834270E-005, 6.7044838E-003, 8.8663301E-003, 3.9011087E-004, 9.9236836E-003, 1.9974592E-001, 1.9639077E-001, 2.0954574E-001, 1.9474977E-001, 2.4132843E-002, 2.5694995E-002, 6.9798706E-001, 7.1559576E-001, 4.6581224E-002, 6.1114629E-002, 7.5539843E-002, 5.7573020E-002, 1.4352121E-001, 1.3837410E-001, 1.1838122E-001, 1.6048011E-001, 1.4514283E+000, 4.5378188E+001, 5.0305898E+001, 9.4002715E+000, 1.4746644E+002, 1.6319083E+002, 8.9748222E-001, 3.3901352E+001, 3.2988078E+001
 1.0900103E+003, 3.3786736E+001, 3.6758694E+001, 3.8823808E+001, 4.1787278E+001, 4.4292310E+001, 4.7233124E+001, 5.0843570E+001, 5.9076433E+001, 6.0908276E+001, 3.5014406E+001, 3.9850376E+001, 3.9887748E+001, 4.2026831E+001, 4.4101025E+001, 4.6901203E+001, 5.0263196E+001, 5.7207567E+001, 5.9889360E+001, 3.6846745E+001, 3.9628009E+001, 4.0755290E+001, 4.1626342E+001, 4.2816285E+001, 4.4760010E+001, 5.1014281E+001, 5.8173058E+001, 6.1897421E+001, 3.6771622E+001, 3.8283156E+001, 3.8774919E+001, 4.0254559E+001, 4.2904338E+001, 4.5862111E+001, 5.0151627E+001, 5.8228025E+001, 6.3724573E+001, 3.6458935E+001, 3.7796894E+001, 3.9182383E+001, 4.1495934E+001, 4.3410148E+001, 4.5764084E+001, 5.1143438E+001, 5.7987497E+001, 6.2513831E+001, 1.7000000E+001, 1.7000000E+001, 1.6002926E-005, 2.1324504E-005, 0.0000000E+000, 2.3917034E-005, 6.2956411E-003, 8.2594533E-003, 3.9011087E-004, 9.2161697E-003, 2.0038044E-001, 1.9733263E-001, 2.0954574E-001, 1.9584782E-001, 2.2937476E-002, 2.4474029E-002, 6.9846278E-001, 7.0921467E-001, 4.3609248E-002, 5.6844323E-002, 7.0683888E-002, 5.4175237E-002, 1.3255480E-001, 1.1641557E-001, 1.0959443E-001, 1.6206629E-001, 1.4514283E+000, 4.5378188E+001, 5.0305898E+001, 9.4002715E+000, 1.4746644E+002, 1.6319083E+002, 8.9748222E-001, 3.3901352E+001, 3.2988078E+001
 1.1000055E+003, 3.2828674E+001, 3.5532605E+001, 3.7445937E+001, 4.0023767E+001, 4.1911107E+001, 4.4595796E+001, 4.7822988E+001, 5.5951411E+001, 5.7009930E+001, 3.3603070E+001, 3.8149876E+001, 3.9149943E+001, 4.0905816E+001, 4.2561298E+001, 4.5126026E+001, 4.7760613E+001, 5.4672324E+001, 5.7017206E+001, 3.5231476E+001, 3.7756441E+001, 3.8904367E+001, 3.9804278E+001, 4.0940533E+001, 4.2703505E+001, 4.8997953E+001, 5.5708276E+001, 5.8934851E+001, 3.5344029E+001, 3.6643216E+001, 3.7087548E+001, 3.8092093E+001, 4.0523782E+001, 4.3771342E+001, 4.8036212E+001, 5.5867165E+001, 6.0692586E+001, 3.5298167E+001, 3.6143830E+001, 3.7209848E+001, 3.9746834E+001, 4.1563348E+001, 4.3668015E+001, 4.9272129E+001, 5.5587325E+001, 5.7400955E+001, 1.7000000E+001, 1.7000000E+001, 1.5099292E-005, 1.9321983E-005, 0.0000000E+000, 2.2360859E-005, 5.9621746E-003, 7.5204663E-003, 3.9011087E-004, 8.6418972E-003, 2.0089798E-001, 1.9847953E-001, 2.0954574E-001, 1.9673908E-001, 2.1515723E-002, 2.3352921E-002, 6.9877439E-001, 7.0401983E-001, 4.1639471E-002, 5.3922184E-002, 6.6827962E-002, 5.0728859E-002, 1.1574592E-001, 1.0205875E-001, 1.0265750E-001, 1.3251098E-001, 1.4514283E+000, 4.5378188E+001, 5.0305898E+001, 9.4002715E+000, 1.4746644E+002, 1.6319083E+002, 8.9748222E-001, 3.3901352E+001, 3.2988078E+001
 1.1100006E+003, 3.2101533E+001, 3.4680973E+001, 3.6316658E+001, 3.8546999E+001, 4.0779473E+001, 4.3235131E+001, 4.5739291E+001, 5.3120115E+001, 5.3126220E+001, 3.2970860E+001, 3.7082338E+001, 3.8187631E+001, 3.9976819E+001, 4.1268769E+001, 4.3121422E+001, 4.5939589E+001, 5.2408950E+001, 5.4489314E+001, 3.4544739E+001, 3.6233860E+001, 3.7154691E+001, 3.8125486E+001, 3.9268843E+001, 4.1002906E+001, 4.7440150E+001, 5.3141487E+001, 5.6580474E+001, 3.4513528E+001, 3.5651885E+001, 3.5965787E+001, 3.6741200E+001, 3.9170624E+001, 4.2243245E+001, 4.6003143E+001, 5.3292261E+001, 5.7757675E+001, 3.4270516E+001, 3.5207345E+001, 3.5937877E+001, 3.7905410E+001, 4.0336551E+001, 4.1759749E+001, 4.7151278E+001, 5.3183645E+001, 5.3557967E+001, 1.7000000E+001, 1.7000000E+001, 1.3923413E-005, 1.8754593E-005, 0.0000000E+000, 2.0794114E-005, 5.5282422E-003, 7.3110836E-003, 3.9011087E-004, 8.0637244E-003, 2.0157143E-001, 1.9880449E-001, 2.0954574E-001, 1.9763640E-001, 2.1154720E-002, 2.2321571E-002, 6.9902286E-001, 6.9991829E-001, 3.8971149E-002, 5.0055397E-002, 6.3281662E-002, 4.7730675E-002, 1.0227097E-001, 8.7864921E-002, 9.2865389E-002, 1.1777955E-001, 1.4514283E+000, 4.5378188E+001, 5.0305898E+001, 9.4002715E+000, 1.4746644E+002, 1.6319083E+002, 8.9748222E-001, 3.3901352E+001, 3.2988078E+001
 1.1200090E+003, 3.1350581E+001, 3.3540176E+001, 3.5059725E+001, 3.7121450E+001, 3.9207465E+001, 4.1811248E+001, 4.4301176E+001, 4.9580494E+001, 4.9487773E+001, 3.1899934E+001, 3.5993223E+001, 3.6647163E+001, 3.8349449E+001, 4.0176029E+001, 4.1877731E+001, 4.4010744E+001, 4.9428201E+001, 5.1382152E+001, 3.3480694E+001, 3.4416822E+001, 3.5657181E+001, 3.6668410E+001, 3.7734597E+001, 3.9441102E+001, 4.5872977E+001, 5.0787161E+001, 5.4325046E+001, 3.3447012E+001, 3.4503362E+001, 3.4794608E+001, 3.5508041E+001, 3.7981081E+001, 4.0754419E+001, 4.4728497E+001, 5.0926781E+001, 5.5062417E+001, 3.3411441E+001, 3.4456036E+001, 3.5081318E+001, 3.6557668E+001, 3.8687340E+001, 4.0453213E+001, 4.5766943E+001, 4.9542883E+001, 4.9886884E+001, 1.7000000E+001, 1.7000000E+001, 1.3139939E-005, 1.8072259E-005, 0.0000000E+000, 1.8020103E-005, 5.2391183E-003, 7.0592830E-003, 3.9011087E-004, 7.0400361E-003, 2.0202015E-001, 1.9919528E-001, 2.0954574E-001, 1.9922515E-001, 2.0698645E-002, 2.0560970E-002, 6.9921726E-001, 6.9660103E-001, 3.7467186E-002, 4.7535677E-002, 5.9988782E-002, 4.5505330E-002, 9.1739027E-002, 8.0490386E-002, 7.4437692E-002, 1.0649933E-001, 1.4514283E+000, 4.5378188E+001, 5.0305898E+001, 9.4002715E+000, 1.4746644E+002, 1.6319083E+002, 8.9748222E-001, 3.3901352E+001, 3.2988078E+001
 1.1300042E+003, 3.0870350E+001, 3.2617435E+001, 3.4117506E+001, 3.5863602E+001, 3.7573454E+001, 4.0893899E+001, 4.3967939E+001, 4.6974140E+001, 4.6328492E+001, 3.1130545E+001, 3.4780269E+001, 3.5393767E+001, 3.6637700E+001, 3.8881954E+001, 4.0725122E+001, 4.2470364E+001, 4.7338080E+001, 4.8046758E+001, 3.2572832E+001, 3.3627703E+001, 3.4779737E+001, 3.5746703E+001, 3.6797044E+001, 3.8029030E+001, 4.3899535E+001, 4.8774688E+001, 5.2083450E+001, 3.2703409E+001, 3.3663598E+001, 3.3912304E+001, 3.4359111E+001, 3.7246863E+001, 3.9556895E+001, 4.3290767E+001, 4.8481606E+001, 5.2199785E+001, 3.2711608E+001, 3.3786705E+001, 3.4334498E+001, 3.5375194E+001, 3.7356178E+001, 3.9300003E+001, 4.3951113E+001, 4.7328697E+001, 4.8097030E+001, 1.7000000E+001, 1.7000000E+001, 1.2823786E-005, 1.6454619E-005, 0.0000000E+000, 1.6391024E-005, 5.1224488E-003, 6.4623286E-003, 3.9011087E-004, 6.4388602E-003, 2.0220122E-001, 2.0012174E-001, 2.0954574E-001, 2.0015817E-001, 1.9559056E-002, 1.9473807E-002, 6.9938296E-001, 6.9376674E-001, 3.5354543E-002, 4.4581087E-002, 5.7253234E-002, 4.3713777E-002, 8.0133140E-002, 8.2592599E-002, 7.1757391E-002, 8.4554170E-002, 1.4514283E+000, 4.5378188E+001, 5.0305898E+001, 9.4002715E+000, 1.4746644E+002, 1.6319083E+002, 8.9748222E-001, 3.3901352E+001, 3.2988078E+001
 1.1400126E+003, 3.0009129E+001, 3.1248444E+001, 3.2693527E+001, 3.4413149E+001, 3.6515919E+001, 4.0116617E+001, 4.3135564E+001, 4.5313732E+001, 4.4909501E+001, 3.0070129E+001, 3.3869821E+001, 3.4322862E+001, 3.5753343E+001, 3.7524352E+001, 3.9237680E+001, 4.1214842E+001, 4.5240380E+001, 4.5470828E+001, 3.1750611E+001, 3.2715144E+001, 3.3889640E+001, 3.4953623E+001, 3.5876410E+001, 3.6808867E+001, 4.2184556E+001, 4.6991571E+001, 5.0049255E+001, 3.1937142E+001, 3.2903045E+001, 3.3229489E+001, 3.3522861E+001, 3.5718343E+001, 3.8517209E+001, 4.1196320E+001, 4.6250039E+001, 5.0599617E+001, 3.2169447E+001, 3.3124496E+001, 3.3845789E+001, 3.4698453E+001, 3.6502520E+001, 3.8190938E+001, 4.2327677E+001, 4.5370416E+001, 4.6162871E+001, 1.7000000E+001, 1.7000000E+001, 1.2005721E-005, 1.5854916E-005, 0.0000000E+000, 1.5295722E-005, 4.8205600E-003, 6.2410211E-003, 3.9011087E-004, 6.0346629E-003, 2.0266975E-001, 2.0046521E-001, 2.0954574E-001, 2.0078547E-001, 1.9140527E-002, 1.8742216E-002, 6.9952897E-001, 6.9134859E-001, 3.4060359E-002, 4.2652172E-002, 5.4875806E-002, 4.2005900E-002, 7.3125352E-002, 6.8438835E-002, 6.5732899E-002, 7.6859032E-002, 1.4514283E+000, 4.5378188E+001, 5.0305898E+001, 9.4002715E+000, 1.4746644E+002, 1.6319083E+002, 8.9748222E-001, 3.3901352E+001, 3.2988078E+001
 1.1500077E+003, 2.9571147E+001, 3.0595297E+001, 3.1980028E+001, 3.3928145E+001, 3.5575371E+001, 3.8478910E+001, 4.0659682E+001, 4.3116151E+001, 4.3077884E+001, 2.9445306E+001, 3.2372774E+001, 3.3531195E+001, 3.4611541E+001, 3.6311769E+001, 3.8034280E+001, 3.9898813E+001, 4.3499979E+001, 4.3185125E+001, 3.0895780E+001, 3.1770119E+001, 3.3020862E+001, 3.3991704E+001, 3.4860462E+001, 3.5714248E+001, 4.0941050E+001, 4.5360296E+001, 4.8003583E+001, 3.1196540E+001, 3.1933512E+001, 3.2391180E+001, 3.2737541E+001, 3.4152127E+001, 3.7392193E+001, 4.0299073E+001, 4.5028014E+001, 4.9231331E+001, 3.1636573E+001, 3.2251137E+001, 3.2897506E+001, 3.4046101E+001, 3.5894646E+001, 3.7645602E+001, 4.1091904E+001, 4.3803778E+001, 4.4545821E+001, 1.7000000E+001, 1.7000000E+001, 1.1793412E-005, 1.6215373E-005, 0.0000000E+000, 1.4043584E-005, 4.7422118E-003, 6.3740401E-003, 3.9011087E-004, 5.5725887E-003, 2.0279134E-001, 2.0025877E-001, 2.0954574E-001, 2.0150261E-001, 1.9365115E-002, 1.7881236E-002, 6.9965149E-001, 6.8922449E-001, 3.3007723E-002, 4.1247256E-002, 5.3358022E-002, 4.0675848E-002, 6.8282883E-002, 6.1576494E-002, 5.5890827E-002, 8.4770931E-002, 1.4514283E+000, 4.5378188E+001, 5.0305898E+001, 9.4002715E+000, 1.4746644E+002, 1.6319083E+002, 8.9748222E-001, 3.3901352E+001, 3.2988078E+001
 1.1600029E+003, 2.9179375E+001, 3.0333974E+001, 3.1440927E+001, 3.3159258E+001, 3.4844601E+001, 3.7478785E+001, 3.9984235E+001, 4.2106442E+001, 4.1581617E+001, 2.9148968E+001, 3.1543902E+001, 3.2697191E+001, 3.4106104E+001, 3.5215733E+001, 3.7116036E+001, 3.8660309E+001, 4.2467620E+001, 4.2036848E+001, 3.0330957E+001, 3.1548301E+001, 3.2524026E+001, 3.3063285E+001, 3.3829065E+001, 3.4899313E+001, 3.9390202E+001, 4.3741875E+001, 4.6530324E+001, 3.0622966E+001, 3.1246031E+001, 3.1715954E+001, 3.2114770E+001, 3.3379311E+001, 3.6235448E+001, 3.9148228E+001, 4.3602615E+001, 4.7718841E+001, 3.0882214E+001, 3.1623183E+001, 3.2235986E+001, 3.3078071E+001, 3.5263198E+001, 3.6718528E+001, 3.9675142E+001, 4.3224538E+001, 4.3651560E+001, 1.7000000E+001, 1.7000000E+001, 1.1737877E-005, 1.4820147E-005, 0.0000000E+000, 1.2929702E-005, 4.7217180E-003, 5.8591623E-003, 3.9011087E-004, 5.1615351E-003, 2.0282315E-001, 2.0105785E-001, 2.0954574E-001, 2.0214056E-001, 1.8402276E-002, 1.7109543E-002, 6.9976280E-001, 6.8726857E-001, 3.1770591E-002, 3.9403096E-002, 5.1314471E-002, 3.9789689E-002, 5.8733642E-002, 5.7744014E-002, 5.1438688E-002, 6.8012169E-002, 1.4514283E+000, 4.5378188E+001, 5.0305898E+001, 9.4002715E+000, 1.4746644E+002, 1.6319083E+002, 8.9748222E-001, 3.3901352E+001, 3.2988078E+001
 1.1700113E+003, 2.8535752E+001, 2.9555318E+001, 3.0790090E+001, 3.2601238E+001, 3.4369343E+001, 3.6170622E+001, 3.9463344E+001, 4.0610105E+001, 4.0379248E+001, 2.8636809E+001, 3.1054422E+001, 3.1921359E+001, 3.3209130E+001, 3.4742998E+001, 3.6152987E+001, 3.7590688E+001, 4.1255994E+001, 4.0927473E+001, 2.9655911E+001, 3.1080285E+001, 3.1834046E+001, 3.2291901E+001, 3.3005476E+001, 3.3964152E+001, 3.8411467E+001, 4.2294230E+001, 4.5675888E+001, 3.0051860E+001, 3.0787649E+001, 3.0995698E+001, 3.1334742E+001, 3.3127343E+001, 3.5286270E+001, 3.8017984E+001, 4.2203376E+001, 4.5808799E+001, 3.0327006E+001, 3.1181710E+001, 3.1582428E+001, 3.2695262E+001, 3.3886743E+001, 3.5497208E+001, 3.8390046E+001, 4.2140223E+001, 4.2554912E+001, 1.7000000E+001, 1.7000000E+001, 1.0627712E-005, 1.4013329E-005, 0.0000000E+000, 1.2357926E-005, 4.3120358E-003, 5.5614239E-003, 3.9011087E-004, 4.9505334E-003, 2.0345897E-001, 2.0151994E-001, 2.0954574E-001, 2.0246803E-001, 1.7853272E-002, 1.6709264E-002, 6.9982901E-001, 6.8604596E-001, 3.1124065E-002, 3.8324278E-002, 4.9953380E-002, 3.8764763E-002, 5.8150186E-002, 5.8909864E-002, 4.5442362E-002, 7.0031618E-002, 1.4514283E+000, 4.5378188E+001, 5.0305898E+001, 9.4002715E+000, 1.4746644E+002, 1.6319083E+002, 8.9748222E-001, 3.3901352E+001, 3.2988078E+001
 1.1800065E+003, 2.8266676E+001, 2.9269730E+001, 3.0457196E+001, 3.2405466E+001, 3.3833795E+001, 3.5125748E+001, 3.8144656E+001, 3.9361653E+001, 3.8753038E+001, 2.8106033E+001, 3.0564933E+001, 3.0952446E+001, 3.2475091E+001, 3.4070457E+001, 3.5178972E+001, 3.6980110E+001, 4.0021242E+001, 3.9643808E+001, 2.8964147E+001, 3.0621333E+001, 3.1192306E+001, 3.1600510E+001, 3.2233312E+001, 3.3223292E+001, 3.7527220E+001, 4.1321236E+001, 4.4538574E+001, 2.9598505E+001, 3.0137164E+001, 3.0360008E+001, 3.0651053E+001, 3.2928577E+001, 3.5103260E+001, 3.7401785E+001, 4.0503203E+001, 4.3311638E+001, 2.9857499E+001, 3.0882014E+001, 3.1140458E+001, 3.2309109E+001, 3.2886947E+001, 3.4890538E+001, 3.7641518E+001, 4.0792052E+001, 4.1247781E+001, 1.7000000E+001, 1.7000000E+001, 1.0268052E-005, 1.3400990E-005, 0.0000000E+000, 1.1435203E-005, 4.1793111E-003, 5.3354536E-003, 3.9011087E-004, 4.6100226E-003, 2.0366496E-001, 2.0187064E-001, 2.0954574E-001, 2.0299650E-001, 1.7437147E-002, 1.6069144E-002, 6.9992764E-001, 6.8461446E-001, 2.9990664E-002, 3.6670804E-002, 4.8128700E-002, 3.7479411E-002, 5.7298093E-002, 5.4043328E-002, 4.0853348E-002, 6.3733295E-002, 1.4514283E+000, 4.5378188E+001, 5.0305898E+001, 9.4002715E+000, 1.4746644E+002, 1.6319083E+002, 8.9748222E-001, 3.3901352E+001, 3.2988078E+001
 1.1900016E+003, 2.7879431E+001, 2.8992029E+001, 3.0174261E+001, 3.2294267E+001, 3.3407985E+001, 3.4444628E+001, 3.6853932E+001, 3.8141583E+001, 3.7773303E+001, 2.7623023E+001, 3.0037433E+001, 3.0411740E+001, 3.1658265E+001, 3.3085750E+001, 3.4516571E+001, 3.6800701E+001, 3.8935878E+001, 3.8522865E+001, 2.8594563E+001, 3.0061743E+001, 3.0671907E+001, 3.1043391E+001, 3.1677617E+001, 3.2721207E+001, 3.6834219E+001, 3.9912775E+001, 4.3166888E+001, 2.9092512E+001, 2.9646497E+001, 2.9937383E+001, 3.0741630E+001, 3.2461052E+001, 3.4242024E+001, 3.6591142E+001, 3.9575368E+001, 4.2297114E+001, 2.9226853E+001, 3.0399949E+001, 3.0690631E+001, 3.1986885E+001, 3.2372706E+001, 3.4384051E+001, 3.6214679E+001, 3.9948939E+001, 4.0324383E+001, 1.7000000E+001, 1.7000000E+001, 9.8254595E-006, 1.2131274E-005, 0.0000000E+000, 1.0677311E-005, 4.0159820E-003, 4.8668923E-003, 3.9011087E-004, 4.3303393E-003, 2.0391844E-001, 2.0259784E-001, 2.0954574E-001, 2.0343056E-001, 1.6547719E-002, 1.5532681E-002, 6.9998962E-001, 6.8361187E-001, 2.9472001E-002, 3.5988497E-002, 4.7396380E-002, 3.7408368E-002, 4.9824051E-002, 4.6749642E-002, 3.8605228E-002, 5.7719085E-002, 1.4514283E+000, 4.5378188E+001, 5.0305898E+001, 9.4002715E+000, 1.4746644E+002, 1.6319083E+002, 8.9748222E-001, 3.3901352E+001, 3.2988078E+001
 1.2000000E+003, 2.7686882E+001, 2.8757382E+001, 2.9780502E+001, 3.1709195E+001, 3.2311912E+001, 3.3507748E+001, 3.5371195E+001, 3.7399875E+001, 3.6670948E+001, 2.7310484E+001, 2.9448379E+001, 2.9697130E+001, 3.1462876E+001, 3.2287241E+001, 3.3714200E+001, 3.5942173E+001, 3.7717085E+001, 3.7469340E+001, 2.8255778E+001, 2.9327313E+001, 2.9939999E+001, 3.0415491E+001, 3.1084436E+001, 3.2298045E+001, 3.6247239E+001, 3.8528189E+001, 4.1821159E+001, 2.8704155E+001, 2.9240554E+001, 2.9529092E+001, 3.0299635E+001, 3.1699381E+001, 3.3245912E+001, 3.5260795E+001, 3.9033801E+001, 4.1923626E+001, 2.8818388E+001, 2.9828356E+001, 3.0246767E+001, 3.1253381E+001, 3.1746290E+001, 3.3003495E+001, 3.5360898E+001, 3.8868043E+001, 3.8943738E+001, 1.7000000E+001, 1.7000000E+001, 9.0547700E-006, 1.0613615E-005, 0.0000000E+000, 1.0251974E-005, 3.7315759E-003, 4.3068335E-003, 3.9011087E-004, 4.1733779E-003, 2.0435983E-001, 2.0346704E-001, 2.0954574E-001, 2.0367416E-001, 1.5498267E-002, 1.5229236E-002, 7.0039536E-001, 6.8286025E-001, 2.8980183E-002, 3.5042634E-002, 4.6046569E-002, 3.6182136E-002, 4.5160930E-002, 4.6812141E-002, 4.0723680E-002, 5.8402648E-002, 1.4514283E+000, 4.5378188E+001, 5.0305898E+001, 9.4002715E+000, 1.4746644E+002, 1.6319083E+002, 8.9748222E-001, 3.3901352E+001, 3.2988078E+001
