s,mol/mol,mol/mol,mol/mol,mol/mol,mol/mol,mol/mol,mol/mol,mol/mol,mol/mol,mol/mol,mol/mol,mol/mol,mol/mol,mol/mol,mol/mol,mol/mol,mol/mol,mol/mol,mol/mol,mol/mol,mol/mol,mol/mol,mol/mol,mol/mol,mol/mol,mol/mol,mol/mol,mol/mol,mol/mol,mol/mol,mol/mol,mol/mol,mol/mol,mol/mol,mol/mol,mol/mol,mol/mol,mol/mol,mol/mol,mol/mol,mol/mol,mol/mol,mol/mol,mol/mol,mol/mol
Time,G9a01,G9a03,G9a08,G2a01,G2a03,G2a08,G5a01,G5a03,G5a08,G4a01,G4a03,G4a08,G1a01,G1a03,G1a08,G8a01,G8a03,G8a08,G11a01,G11a03,G11a08,G7a01,G7a03,G7a08,G6a01,G6a03,G6a08,G12a01,G12a03,G12a08,G16a01,G16a03,G16a08,G15a01,G15a03,G15a08,G14a01,G14a03,G14a08,G21a01,G21a03,G21a08,G20a01,G20a03,G20a08
-2.0000000E+002, 0.0000000E+000, 0.0000000E+000, 0.0000000E+000, 0.0000000E+000, 0.0000000E+000, 0.0000000E+000, 0.0000000E+000, 0.0000000E+000, 0.0000000E+000, 0.0000000E+000, 0.0000000E+000, 0.0000000E+000, 0.0000000E+000, 0.0000000E+000, 0.0000000E+000, 0.0000000E+000, 0.0000000E+000, 0.0000000E+000, 0.0000000E+000, 0.0000000E+000, 0.0000000E+000, 0.0000000E+000, 0.0000000E+000, 0.0000000E+000, 0.0000000E+000, 0.0000000E+000, 0.0000000E+000, 0.0000000E+000, 0.0000000E+000, 0.0000000E+000, 0.0000000E+000, 0.0000000E+000, 0.0000000E+000, 0.0000000E+000, 0.0000000E+000, 0.0000000E+000, 0.0000000E+000, 0.0000000E+000, 0.0000000E+000, 0.0000000E+000, 0.0000000E+000, 0.0000000E+000, 0.0000000E+000, 0.0000000E+000, 0.0000000E+000
-1.9886490E+002, 0.0000000E+000, 0.0000000E+000, 0.0000000E+000, 0.0000000E+000, 0.0000000E+000, 0.0000000E+000, 0.0000000E+000, 0.0000000E+000, 0.0000000E+000, 0.0000000E+000, 0.0000000E+000, 0.0000000E+000, 0.0000000E+000, 0.0000000E+000, 0.0000000E+000, 0.0000000E+000, 0.0000000E+000, 0.0000000E+000, 0.0000000E+000, 0.0000000E+000, 0.0000000E+000, 0.0000000E+000, 0.0000000E+000, 0.0000000E+000, 0.0000000E+000, 0.0000000E+000, 0.0000000E+000, 0.0000000E+000, 0.0000000E+000, 0.0000000E+000, 0.0000000E+000, 0.0000000E+000, 0.0000000E+000, 0.0000000E+000, 0.0000000E+000, 0.0000000E+000, 0.0000000E+000, 0.0000000E+000, 0.0000000E+000, 0.0000000E+000, 0.0000000E+000, 0.0000000E+000, 0.0000000E+000, 0.0000000E+000, 0.0000000E+000
-1.9787170E+002, 0.0000000E+000, 0.0000000E+000, 0.0000000E+000, 0.0000000E+000, 0.0000000E+000, 0.0000000E+000, 0.0000000E+000, 0.0000000E+000, 0.0000000E+000, 0.0000000E+000, 0.0000000E+000, 0.0000000E+000, 0.0000000E+000, 0.0000000E+000, 0.0000000E+000, 0.0000000E+000, 0.0000000E+000, 0.0000000E+000, 0.0000000E+000, 0.0000000E+000, 0.0000000E+000, 0.0000000E+000, 0.0000000E+000, 0.0000000E+000, 0.0000000E+000, 0.0000000E+000, 0.0000000E+000, 0.0000000E+000, 0.0000000E+000, 0.0000000E+000, 0.0000000E+000, 0.0000000E+000, 0.0000000E+000, 0.0000000E+000, 0.0000000E+000, 0.0000000E+000, 0.0000000E+000, 0.0000000E+000, 0.0000000E+000, 0.0000000E+000, 0.0000000E+000, 0.0000000E+000, 0.0000000E+000, 0.0000000E+000, 0.0000000E+000
-1.9687849E+002, 0.0000000E+000, 0.0000000E+000, 0.0000000E+000, 0.0000000E+000, 0.0000000E+000, 0.0000000E+000, 0.0000000E+000, 0.0000000E+000, 0.0000000E+000, 0.0000000E+000, 0.0000000E+000, 0.0000000E+000, 0.0000000E+000, 0.0000000E+000, 0.0000000E+000, 0.0000000E+000, 0.0000000E+000, 0.0000000E+000, 0.0000000E+000, 0.0000000E+000, 0.0000000E+000, 0.0000000E+000, 0.0000000E+000, 0.0000000E+000, 0.0000000E+000, 0.0000000E+000, 0.0000000E+000, 0.0000000E+000, 0.0000000E+000, 0.0000000E+000, 0.0000000E+000, 0.0000000E+000, 0.0000000E+000, 0.0000000E+000, 0.0000000E+000, 0.0000000E+000, 0.0000000E+000, 0.0000000E+000, 0.0000000E+000, 0.0000000E+000, 0.0000000E+000, 0.0000000E+000, 0.0000000E+000, 0.0000000E+000, 0.0000000E+000
-1.9588528E+002, 0.0000000E+000, 0.0000000E+000, 0.0000000E+000, 0.0000000E+000, 0.0000000E+000, 0.0000000E+000, 0.0000000E+000, 0.0000000E+000, 0.0000000E+000, 0.0000000E+000, 0.0000000E+000, 0.0000000E+000, 0.0000000E+000, 0.0000000E+000, 0.0000000E+000, 0.0000000E+000, 0.0000000E+000, 0.0000000E+000, 0.0000000E+000, 0.0000000E+000, 0.0000000E+000, 0.0000000E+000, 0.0000000E+000, 0.0000000E+000, 0.0000000E+000, 0.0000000E+000, 0.0000000E+000, 0.0000000E+000, 0.0000000E+000, 0.0000000E+000, 0.0000000E+000, 0.0000000E+000, 0.0000000E+000, 0.0000000E+000, 0.0000000E+000, 0.0000000E+000, 0.0000000E+000, 0.0000000E+000, 0.0000000E+000, 0.0000000E+000, 0.0000000E+000, 0.0000000E+000, 0.0000000E+000, 0.0000000E+000, 0.0000000E+000
-1.9489207E+002, 0.0000000E+000, 0.0000000E+000, 0.0000000E+000, 0.0000000E+000, 0.0000000E+000, 0.0000000E+000, 0.0000000E+000, 0.0000000E+000, 0.0000000E+000, 0.0000000E+000, 0.0000000E+000, 0.0000000E+000, 0.0000000E+000, 0.0000000E+000, 0.0000000E+000, 0.0000000E+000, 0.0000000E+000, 0.0000000E+000, 0.0000000E+000, 0.0000000E+000, 0.0000000E+000, 0.0000000E+000, 0.0000000E+000, 0.0000000E+000, 0.0000000E+000, 0.0000000E+000, 0.0000000E+000, 0.0000000E+000, 0.0000000E+000, 0.0000000E+000, 0.0000000E+000, 0.0000000E+000, 0.0000000E+000, 0.0000000E+000, 0.0000000E+000, 0.0000000E+000, 0.0000000E+000, 0.0000000E+000, 0.0000000E+000, 0.0000000E+000, 0.0000000E+000, 0.0000000E+000, 0.0000000E+000, 0.0000000E+000, 0.0000000E+000
-1.9389886E+002, 0.0000000E+000, 0.0000000E+000, 0.0000000E+000, 0.0000000E+000, 0.0000000E+000, 0.0000000E+000, 0.0000000E+000, 0.0000000E+000, 0.0000000E+000, 0.0000000E+000, 0.0000000E+000, 0.0000000E+000, 0.0000000E+000, 0.0000000E+000, 0.0000000E+000, 0.0000000E+000, 0.0000000E+000, 0.0000000E+000, 0.0000000E+000, 0.0000000E+000, 0.0000000E+000, 0.0000000E+000, 0.0000000E+000, 0.0000000E+000, 0.0000000E+000, 0.0000000E+000, 0.0000000E+000, 0.0000000E+000, 0.0000000E+000, 0.0000000E+000, 0.0000000E+000, 0.0000000E+000, 0.0000000E+000, 0.0000000E+000, 0.0000000E+000, 0.0000000E+000, 0.0000000E+000, 0.0000000E+000, 0.0000000E+000, 0.0000000E+000, 0.0000000E+000, 0.0000000E+000, 0.0000000E+000, 0.0000000E+000, 0.0000000E+000
-1.9290565E+002, 0.0000000E+000, 0.0000000E+000, 0.0000000E+000, 0.0000000E+000, 0.0000000E+000, 0.0000000E+000, 0.0000000E+000, 0.0000000E+000, 0.0000000E+000, 0.0000000E+000, 0.0000000E+000, 0.0000000E+000, 0.0000000E+000, 0.0000000E+000, 0.0000000E+000, 0.0000000E+000, 0.0000000E+000, 0.0000000E+000, 0.0000000E+000, 0.0000000E+000, 0.0000000E+000, 0.0000000E+000, 0.0000000E+000, 0.0000000E+000, 0.0000000E+000, 0.0000000E+000, 0.0000000E+000, 0.0000000E+000, 0.0000000E+000, 0.0000000E+000, 0.0000000E+000, 0.0000000E+000, 0.0000000E+000, 0.0000000E+000, 0.0000000E+000, 0.0000000E+000, 0.0000000E+000, 0.0000000E+000, 0.0000000E+000, 0.0000000E+000, 0.0000000E+000, 0.0000000E+000, 0.0000000E+000, 0.0000000E+000, 0.0000000E+000
-1.9191244E+002, 0.0000000E+000, 0.0000000E+000, 0.0000000E+000, 0.0000000E+000, 0.0000000E+000, 0.0000000E+000, 0.0000000E+000, 0.0000000E+000, 0.0000000E+000, 0.0000000E+000, 0.0000000E+000, 0.0000000E+000, 0.0000000E+000, 0.0000000E+000, 0.0000000E+000, 0.0000000E+000, 0.0000000E+000, 0.0000000E+000, 0.0000000E+000, 0.0000000E+000, 0.0000000E+000, 0.0000000E+000, 0.0000000E+000, 0.0000000E+000, 0.0000000E+000, 0.0000000E+000, 0.0000000E+000, 0.0000000E+000, 0.0000000E+000, 0.0000000E+000, 0.0000000E+000, 0.0000000E+000, 0.0000000E+000, 0.0000000E+000, 0.0000000E+000, 0.0000000E+000, 0.0000000E+000, 0.0000000E+000, 0.0000000E+000, 0.0000000E+000, 0.0000000E+000, 0.0000000E+000, 0.0000000E+000, 0.0000000E+000, 0.0000000E+000
-1.9098284E+002, 0.0000000E+000, 0.0000000E+000, 0.0000000E+000, 0.0000000E+000, 0.0000000E+000, 0.0000000E+000, 0.0000000E+000, 0.0000000E+000, 0.0000000E+000, 0.0000000E+000, 0.0000000E+000, 0.0000000E+000, 0.0000000E+000, 0.0000000E+000, 0.0000000E+000, 0.0000000E+000, 0.0000000E+000, 0.0000000E+000, 0.0000000E+000, 0.0000000E+000, 0.0000000E+000, 0.0000000E+000, 0.0000000E+000, 0.0000000E+000, 0.0000000E+000, 0.0000000E+000, 0.0000000E+000, 0.0000000E+000, 0.0000000E+000, 0.0000000E+000, 0.0000000E+000, 0.0000000E+000, 0.0000000E+000, 0.0000000E+000, 0.0000000E+000, 0.0000000E+000, 0.0000000E+000, 0.0000000E+000, 0.0000000E+000, 0.0000000E+000, 0.0000000E+000, 0.0000000E+000, 0.0000000E+000, 0.0000000E+000, 0.0000000E+000
-1.8997495E+002, 0.0000000E+000, 0.0000000E+000, 0.0000000E+000, 0.0000000E+000, 0.0000000E+000, 0.0000000E+000, 0.0000000E+000, 0.0000000E+000, 0.0000000E+000, 0.0000000E+000, 0.0000000E+000, 0.0000000E+000, 0.0000000E+000, 0.0000000E+000, 0.0000000E+000, 0.0000000E+000, 0.0000000E+000, 0.0000000E+000, 0.0000000E+000, 0.0000000E+000, 0.0000000E+000, 0.0000000E+000, 0.0000000E+000, 0.0000000E+000, 0.0000000E+000, 0.0000000E+000, 0.0000000E+000, 0.0000000E+000, 0.0000000E+000, 0.0000000E+000, 0.0000000E+000, 0.0000000E+000, 0.0000000E+000, 0.0000000E+000, 0.0000000E+000, 0.0000000E+000, 0.0000000E+000, 0.0000000E+000, 0.0000000E+000, 0.0000000E+000, 0.0000000E+000, 0.0000000E+000, 0.0000000E+000, 0.0000000E+000, 0.0000000E+000
-1.8896706E+002, 0.0000000E+000, 0.0000000E+000, 0.0000000E+000, 0.0000000E+000, 0.0000000E+000, 0.0000000E+000, 0.0000000E+000, 0.0000000E+000, 0.0000000E+000, 0.0000000E+000, 0.0000000E+000, 0.0000000E+000, 0.0000000E+000, 0.0000000E+000, 0.0000000E+000, 0.0000000E+000, 0.0000000E+000, 0.0000000E+000, 0.0000000E+000, 0.0000000E+000, 0.0000000E+000, 0.0000000E+000, 0.0000000E+000, 0.0000000E+000, 0.0000000E+000, 0.0000000E+000, 0.0000000E+000, 0.0000000E+000, 0.0000000E+000, 0.0000000E+000, 0.0000000E+000, 0.0000000E+000, 0.0000000E+000, 0.0000000E+000, 0.0000000E+000, 0.0000000E+000, 0.0000000E+000, 0.0000000E+000, 0.0000000E+000, 0.0000000E+000, 0.0000000E+000, 0.0000000E+000, 0.0000000E+000, 0.0000000E+000, 0.0000000E+000
-1.8795917E+002, 0.0000000E+000, 0.0000000E+000, 0.0000000E+000, 0.0000000E+000, 0.0000000E+000, 0.0000000E+000, 0.0000000E+000, 0.0000000E+000, 0.0000000E+000, 0.0000000E+000, 0.0000000E+000, 0.0000000E+000, 0.0000000E+000, 0.0000000E+000, 0.0000000E+000, 0.0000000E+000, 0.0000000E+000, 0.0000000E+000, 0.0000000E+000, 0.0000000E+000, 0.0000000E+000, 0.0000000E+000, 0.0000000E+000, 0.0000000E+000, 0.0000000E+000, 0.0000000E+000, 0.0000000E+000, 0.0000000E+000, 0.0000000E+000, 0.0000000E+000, 0.0000000E+000, 0.0000000E+000, 0.0000000E+000, 0.0000000E+000, 0.0000000E+000, 0.0000000E+000, 0.0000000E+000, 0.0000000E+000, 0.0000000E+000, 0.0000000E+000, 0.0000000E+000, 0.0000000E+000, 0.0000000E+000, 0.0000000E+000, 0.0000000E+000
-1.8694046E+002, 0.0000000E+000, 0.0000000E+000, 0.0000000E+000, 0.0000000E+000, 0.0000000E+000, 0.0000000E+000, 0.0000000E+000, 0.0000000E+000, 0.0000000E+000, 0.0000000E+000, 0.0000000E+000, 0.0000000E+000, 0.0000000E+000, 0.0000000E+000, 0.0000000E+000, 0.0000000E+000, 0.0000000E+000, 0.0000000E+000, 0.0000000E+000, 0.0000000E+000, 0.0000000E+000, 0.0000000E+000, 0.0000000E+000, 0.0000000E+000, 0.0000000E+000, 0.0000000E+000, 0.0000000E+000, 0.0000000E+000, 0.0000000E+000, 0.0000000E+000, 0.0000000E+000, 0.0000000E+000, 0.0000000E+000, 0.0000000E+000, 0.0000000E+000, 0.0000000E+000, 0.0000000E+000, 0.0000000E+000, 0.0000000E+000, 0.0000000E+000, 0.0000000E+000, 0.0000000E+000, 0.0000000E+000, 0.0000000E+000, 0.0000000E+000
-1.8592176E+002, 0.0000000E+000, 0.0000000E+000, 0.0000000E+000, 0.0000000E+000, 0.0000000E+000, 0.0000000E+000, 0.0000000E+000, 0.0000000E+000, 0.0000000E+000, 0.0000000E+000, 0.0000000E+000, 0.0000000E+000, 0.0000000E+000, 0.0000000E+000, 0.0000000E+000, 0.0000000E+000, 0.0000000E+000, 0.0000000E+000, 0.0000000E+000, 0.0000000E+000, 0.0000000E+000, 0.0000000E+000, 0.0000000E+000, 0.0000000E+000, 0.0000000E+000, 0.0000000E+000, 0.0000000E+000, 0.0000000E+000, 0.0000000E+000, 0.0000000E+000, 0.0000000E+000, 0.0000000E+000, 0.0000000E+000, 0.0000000E+000, 0.0000000E+000, 0.0000000E+000, 0.0000000E+000, 0.0000000E+000, 0.0000000E+000, 0.0000000E+000, 0.0000000E+000, 0.0000000E+000, 0.0000000E+000, 0.0000000E+000, 0.0000000E+000
-1.8490305E+002, 0.0000000E+000, 0.0000000E+000, 0.0000000E+000, 0.0000000E+000, 0.0000000E+000, 0.0000000E+000, 0.0000000E+000, 0.0000000E+000, 0.0000000E+000, 0.0000000E+000, 0.0000000E+000, 0.0000000E+000, 0.0000000E+000, 0.0000000E+000, 0.0000000E+000, 0.0000000E+000, 0.0000000E+000, 0.0000000E+000, 0.0000000E+000, 0.0000000E+000, 0.0000000E+000, 0.0000000E+000, 0.0000000E+000, 0.0000000E+000, 0.0000000E+000, 0.0000000E+000, 0.0000000E+000, 0.0000000E+000, 0.0000000E+000, 0.0000000E+000, 0.0000000E+000, 0.0000000E+000, 0.0000000E+000, 0.0000000E+000, 0.0000000E+000, 0.0000000E+000, 0.0000000E+000, 0.0000000E+000, 0.0000000E+000, 0.0000000E+000, 0.0000000E+000, 0.0000000E+000, 0.0000000E+000, 0.0000000E+000, 0.0000000E+000
-1.8399753E+002, 0.0000000E+000, 0.0000000E+000, 0.0000000E+000, 0.0000000E+000, 0.0000000E+000, 0.0000000E+000, 0.0000000E+000, 0.0000000E+000, 0.0000000E+000, 0.0000000E+000, 0.0000000E+000, 0.0000000E+000, 0.0000000E+000, 0.0000000E+000, 0.0000000E+000, 0.0000000E+000, 0.0000000E+000, 0.0000000E+000, 0.0000000E+000, 0.0000000E+000, 0.0000000E+000, 0.0000000E+000, 0.0000000E+000, 0.0000000E+000, 0.0000000E+000, 0.0000000E+000, 0.0000000E+000, 0.0000000E+000, 0.0000000E+000, 0.0000000E+000, 0.0000000E+000, 0.0000000E+000, 0.0000000E+000, 0.0000000E+000, 0.0000000E+000, 0.0000000E+000, 0.0000000E+000, 0.0000000E+000, 0.0000000E+000, 0.0000000E+000, 0.0000000E+000, 0.0000000E+000, 0.0000000E+000, 0.0000000E+000, 0.0000000E+000
-1.8297882E+002, 0.0000000E+000, 0.0000000E+000, 0.0000000E+000, 0.0000000E+000, 0.0000000E+000, 0.0000000E+000, 0.0000000E+000, 0.0000000E+000, 0.0000000E+000, 0.0000000E+000, 0.0000000E+000, 0.0000000E+000, 0.0000000E+000, 0.0000000E+000, 0.0000000E+000, 0.0000000E+000, 0.0000000E+000, 0.0000000E+000, 0.0000000E+000, 0.0000000E+000, 0.0000000E+000, 0.0000000E+000, 0.0000000E+000, 0.0000000E+000, 0.0000000E+000, 0.0000000E+000, 0.0000000E+000, 0.0000000E+000, 0.0000000E+000, 0.0000000E+000, 0.0000000E+000, 0.0000000E+000, 0.0000000E+000, 0.0000000E+000, 0.0000000E+000, 0.0000000E+000, 0.0000000E+000, 0.0000000E+000, 0.0000000E+000, 0.0000000E+000, 0.0000000E+000, 0.0000000E+000, 0.0000000E+000, 0.0000000E+000, 0.0000000E+000
-1.8196012E+002, 0.0000000E+000, 0.0000000E+000, 0.0000000E+000, 0.0000000E+000, 0.0000000E+000, 0.0000000E+000, 0.0000000E+000, 0.0000000E+000, 0.0000000E+000, 0.0000000E+000, 0.0000000E+000, 0.0000000E+000, 0.0000000E+000, 0.0000000E+000, 0.0000000E+000, 0.0000000E+000, 0.0000000E+000, 0.0000000E+000, 0.0000000E+000, 0.0000000E+000, 0.0000000E+000, 0.0000000E+000, 0.0000000E+000, 0.0000000E+000, 0.0000000E+000, 0.0000000E+000, 0.0000000E+000, 0.0000000E+000, 0.0000000E+000, 0.0000000E+000, 0.0000000E+000, 0.0000000E+000, 0.0000000E+000, 0.0000000E+000, 0.0000000E+000, 0.0000000E+000, 0.0000000E+000, 0.0000000E+000, 0.0000000E+000, 0.0000000E+000, 0.0000000E+000, 0.0000000E+000, 0.0000000E+000, 0.0000000E+000, 0.0000000E+000
-1.8093999E+002, 0.0000000E+000, 0.0000000E+000, 0.0000000E+000, 0.0000000E+000, 0.0000000E+000, 0.0000000E+000, 0.0000000E+000, 0.0000000E+000, 0.0000000E+000, 0.0000000E+000, 0.0000000E+000, 0.0000000E+000, 0.0000000E+000, 0.0000000E+000, 0.0000000E+000, 0.0000000E+000, 0.0000000E+000, 0.0000000E+000, 0.0000000E+000, 0.0000000E+000, 0.0000000E+000, 0.0000000E+000, 0.0000000E+000, 0.0000000E+000, 0.0000000E+000, 0.0000000E+000, 0.0000000E+000, 0.0000000E+000, 0.0000000E+000, 0.0000000E+000, 0.0000000E+000, 0.0000000E+000, 0.0000000E+000, 0.0000000E+000, 0.0000000E+000, 0.0000000E+000, 0.0000000E+000, 0.0000000E+000, 0.0000000E+000, 0.0000000E+000, 0.0000000E+000, 0.0000000E+000, 0.0000000E+000, 0.0000000E+000, 0.0000000E+000
-1.7993229E+002, 0.0000000E+000, 0.0000000E+000, 0.0000000E+000, 0.0000000E+000, 0.0000000E+000, 0.0000000E+000, 0.0000000E+000, 0.0000000E+000, 0.0000000E+000, 0.0000000E+000, 0.0000000E+000, 0.0000000E+000, 0.0000000E+000, 0.0000000E+000, 0.0000000E+000, 0.0000000E+000, 0.0000000E+000, 0.0000000E+000, 0.0000000E+000, 0.0000000E+000, 0.0000000E+000, 0.0000000E+000, 0.0000000E+000, 0.0000000E+000, 0.0000000E+000, 0.0000000E+000, 0.0000000E+000, 0.0000000E+000, 0.0000000E+000, 0.0000000E+000, 0.0000000E+000, 0.0000000E+000, 0.0000000E+000, 0.0000000E+000, 0.0000000E+000, 0.0000000E+000, 0.0000000E+000, 0.0000000E+000, 0.0000000E+000, 0.0000000E+000, 0.0000000E+000, 0.0000000E+000, 0.0000000E+000, 0.0000000E+000, 0.0000000E+000
-1.7892459E+002, 0.0000000E+000, 0.0000000E+000, 0.0000000E+000, 0.0000000E+000, 0.0000000E+000, 0.0000000E+000, 0.0000000E+000, 0.0000000E+000, 0.0000000E+000, 0.0000000E+000, 0.0000000E+000, 0.0000000E+000, 0.0000000E+000, 0.0000000E+000, 0.0000000E+000, 0.0000000E+000, 0.0000000E+000, 0.0000000E+000, 0.0000000E+000, 0.0000000E+000, 0.0000000E+000, 0.0000000E+000, 0.0000000E+000, 0.0000000E+000, 0.0000000E+000, 0.0000000E+000, 0.0000000E+000, 0.0000000E+000, 0.0000000E+000, 0.0000000E+000, 0.0000000E+000, 0.0000000E+000, 0.0000000E+000, 0.0000000E+000, 0.0000000E+000, 0.0000000E+000, 0.0000000E+000, 0.0000000E+000, 0.0000000E+000, 0.0000000E+000, 0.0000000E+000, 0.0000000E+000, 0.0000000E+000, 0.0000000E+000, 0.0000000E+000
-1.7791688E+002, 0.0000000E+000, 0.0000000E+000, 0.0000000E+000, 0.0000000E+000, 0.0000000E+000, 0.0000000E+000, 0.0000000E+000, 0.0000000E+000, 0.0000000E+000, 0.0000000E+000, 0.0000000E+000, 0.0000000E+000, 0.0000000E+000, 0.0000000E+000, 0.0000000E+000, 0.0000000E+000, 0.0000000E+000, 0.0000000E+000, 0.0000000E+000, 0.0000000E+000, 0.0000000E+000, 0.0000000E+000, 0.0000000E+000, 0.0000000E+000, 0.0000000E+000, 0.0000000E+000, 0.0000000E+000, 0.0000000E+000, 0.0000000E+000, 0.0000000E+000, 0.0000000E+000, 0.0000000E+000, 0.0000000E+000, 0.0000000E+000, 0.0000000E+000, 0.0000000E+000, 0.0000000E+000, 0.0000000E+000, 0.0000000E+000, 0.0000000E+000, 0.0000000E+000, 0.0000000E+000, 0.0000000E+000, 0.0000000E+000, 0.0000000E+000
-1.7690918E+002, 0.0000000E+000, 0.0000000E+000, 0.0000000E+000, 0.0000000E+000, 0.0000000E+000, 0.0000000E+000, 0.0000000E+000, 0.0000000E+000, 0.0000000E+000, 0.0000000E+000, 0.0000000E+000, 0.0000000E+000, 0.0000000E+000, 0.0000000E+000, 0.0000000E+000, 0.0000000E+000, 0.0000000E+000, 0.0000000E+000, 0.0000000E+000, 0.0000000E+000, 0.0000000E+000, 0.0000000E+000, 0.0000000E+000, 0.0000000E+000, 0.0000000E+000, 0.0000000E+000, 0.0000000E+000, 0.0000000E+000, 0.0000000E+000, 0.0000000E+000, 0.0000000E+000, 0.0000000E+000, 0.0000000E+000, 0.0000000E+000, 0.0000000E+000, 0.0000000E+000, 0.0000000E+000, 0.0000000E+000, 0.0000000E+000, 0.0000000E+000, 0.0000000E+000, 0.0000000E+000, 0.0000000E+000, 0.0000000E+000, 0.0000000E+000
-1.7590148E+002, 0.0000000E+000, 0.0000000E+000, 0.0000000E+000, 0.0000000E+000, 0.0000000E+000, 0.0000000E+000, 0.0000000E+000, 0.0000000E+000, 0.0000000E+000, 0.0000000E+000, 0.0000000E+000, 0.0000000E+000, 0.0000000E+000, 0.0000000E+000, 0.0000000E+000, 0.0000000E+000, 0.0000000E+000, 0.0000000E+000, 0.0000000E+000, 0.0000000E+000, 0.0000000E+000, 0.0000000E+000, 0.0000000E+000, 0.0000000E+000, 0.0000000E+000, 0.0000000E+000, 0.0000000E+000, 0.0000000E+000, 0.0000000E+000, 0.0000000E+000, 0.0000000E+000, 0.0000000E+000, 0.0000000E+000, 0.0000000E+000, 0.0000000E+000, 0.0000000E+000, 0.0000000E+000, 0.0000000E+000, 0.0000000E+000, 0.0000000E+000, 0.0000000E+000, 0.0000000E+000, 0.0000000E+000, 0.0000000E+000, 0.0000000E+000
-1.7499454E+002, 0.0000000E+000, 0.0000000E+000, 0.0000000E+000, 0.0000000E+000, 0.0000000E+000, 0.0000000E+000, 0.0000000E+000, 0.0000000E+000, 0.0000000E+000, 0.0000000E+000, 0.0000000E+000, 0.0000000E+000, 0.0000000E+000, 0.0000000E+000, 0.0000000E+000, 0.0000000E+000, 0.0000000E+000, 0.0000000E+000, 0.0000000E+000, 0.0000000E+000, 0.0000000E+000, 0.0000000E+000, 0.0000000E+000, 0.0000000E+000, 0.0000000E+000, 0.0000000E+000, 0.0000000E+000, 0.0000000E+000, 0.0000000E+000, 0.0000000E+000, 0.0000000E+000, 0.0000000E+000, 0.0000000E+000, 0.0000000E+000, 0.0000000E+000, 0.0000000E+000, 0.0000000E+000, 0.0000000E+000, 0.0000000E+000, 0.0000000E+000, 0.0000000E+000, 0.0000000E+000, 0.0000000E+000, 0.0000000E+000, 0.0000000E+000
-1.7398684E+002, 0.0000000E+000, 0.0000000E+000, 0.0000000E+000, 0.0000000E+000, 0.0000000E+000, 0.0000000E+000, 0.0000000E+000, 0.0000000E+000, 0.0000000E+000, 0.0000000E+000, 0.0000000E+000, 0.0000000E+000, 0.0000000E+000, 0.0000000E+000, 0.0000000E+000, 0.0000000E+000, 0.0000000E+000, 0.0000000E+000, 0.0000000E+000, 0.0000000E+000, 0.0000000E+000, 0.0000000E+000, 0.0000000E+000, 0.0000000E+000, 0.0000000E+000, 0.0000000E+000, 0.0000000E+000, 0.0000000E+000, 0.0000000E+000, 0.0000000E+000, 0.0000000E+000, 0.0000000E+000, 0.0000000E+000, 0.0000000E+000, 0.0000000E+000, 0.0000000E+000, 0.0000000E+000, 0.0000000E+000, 0.0000000E+000, 0.0000000E+000, 0.0000000E+000, 0.0000000E+000, 0.0000000E+000, 0.0000000E+000, 0.0000000E+000
-1.7297914E+002, 0.0000000E+000, 0.0000000E+000, 0.0000000E+000, 0.0000000E+000, 0.0000000E+000, 0.0000000E+000, 0.0000000E+000, 0.0000000E+000, 0.0000000E+000, 0.0000000E+000, 0.0000000E+000, 0.0000000E+000, 0.0000000E+000, 0.0000000E+000, 0.0000000E+000, 0.0000000E+000, 0.0000000E+000, 0.0000000E+000, 0.0000000E+000, 0.0000000E+000, 0.0000000E+000, 0.0000000E+000, 0.0000000E+000, 0.0000000E+000, 0.0000000E+000, 0.0000000E+000, 0.0000000E+000, 0.0000000E+000, 0.0000000E+000, 0.0000000E+000, 0.0000000E+000, 0.0000000E+000, 0.0000000E+000, 0.0000000E+000, 0.0000000E+000, 0.0000000E+000, 0.0000000E+000, 0.0000000E+000, 0.0000000E+000, 0.0000000E+000, 0.0000000E+000, 0.0000000E+000, 0.0000000E+000, 0.0000000E+000, 0.0000000E+000
-1.7197143E+002, 0.0000000E+000, 0.0000000E+000, 0.0000000E+000, 0.0000000E+000, 0.0000000E+000, 0.0000000E+000, 0.0000000E+000, 0.0000000E+000, 0.0000000E+000, 0.0000000E+000, 0.0000000E+000, 0.0000000E+000, 0.0000000E+000, 0.0000000E+000, 0.0000000E+000, 0.0000000E+000, 0.0000000E+000, 0.0000000E+000, 0.0000000E+000, 0.0000000E+000, 0.0000000E+000, 0.0000000E+000, 0.0000000E+000, 0.0000000E+000, 0.0000000E+000, 0.0000000E+000, 0.0000000E+000, 0.0000000E+000, 0.0000000E+000, 0.0000000E+000, 0.0000000E+000, 0.0000000E+000, 0.0000000E+000, 0.0000000E+000, 0.0000000E+000, 0.0000000E+000, 0.0000000E+000, 0.0000000E+000, 0.0000000E+000, 0.0000000E+000, 0.0000000E+000, 0.0000000E+000, 0.0000000E+000, 0.0000000E+000, 0.0000000E+000
-1.7096373E+002, 0.0000000E+000, 0.0000000E+000, 0.0000000E+000, 0.0000000E+000, 0.0000000E+000, 0.0000000E+000, 0.0000000E+000, 0.0000000E+000, 0.0000000E+000, 0.0000000E+000, 0.0000000E+000, 0.0000000E+000, 0.0000000E+000, 0.0000000E+000, 0.0000000E+000, 0.0000000E+000, 0.0000000E+000, 0.0000000E+000, 0.0000000E+000, 0.0000000E+000, 0.0000000E+000, 0.0000000E+000, 0.0000000E+000, 0.0000000E+000, 0.0000000E+000, 0.0000000E+000, 0.0000000E+000, 0.0000000E+000, 0.0000000E+000, 0.0000000E+000, 0.0000000E+000, 0.0000000E+000, 0.0000000E+000, 0.0000000E+000, 0.0000000E+000, 0.0000000E+000, 0.0000000E+000, 0.0000000E+000, 0.0000000E+000, 0.0000000E+000, 0.0000000E+000, 0.0000000E+000, 0.0000000E+000, 0.0000000E+000, 0.0000000E+000
-1.6995603E+002, 0.0000000E+000, 0.0000000E+000, 0.0000000E+000, 0.0000000E+000, 0.0000000E+000, 0.0000000E+000, 0.0000000E+000, 0.0000000E+000, 0.0000000E+000, 0.0000000E+000, 0.0000000E+000, 0.0000000E+000, 0.0000000E+000, 0.0000000E+000, 0.0000000E+000, 0.0000000E+000, 0.0000000E+000, 0.0000000E+000, 0.0000000E+000, 0.0000000E+000, 0.0000000E+000, 0.0000000E+000, 0.0000000E+000, 0.0000000E+000, 0.0000000E+000, 0.0000000E+000, 0.0000000E+000, 0.0000000E+000, 0.0000000E+000, 0.0000000E+000, 0.0000000E+000, 0.0000000E+000, 0.0000000E+000, 0.0000000E+000, 0.0000000E+000, 0.0000000E+000, 0.0000000E+000, 0.0000000E+000, 0.0000000E+000, 0.0000000E+000, 0.0000000E+000, 0.0000000E+000, 0.0000000E+000, 0.0000000E+000, 0.0000000E+000
-1.6894832E+002, 0.0000000E+000, 0.0000000E+000, 0.0000000E+000, 0.0000000E+000, 0.0000000E+000, 0.0000000E+000, 0.0000000E+000, 0.0000000E+000, 0.0000000E+000, 0.0000000E+000, 0.0000000E+000, 0.0000000E+000, 0.0000000E+000, 0.0000000E+000, 0.0000000E+000, 0.0000000E+000, 0.0000000E+000, 0.0000000E+000, 0.0000000E+000, 0.0000000E+000, 0.0000000E+000, 0.0000000E+000, 0.0000000E+000, 0.0000000E+000, 0.0000000E+000, 0.0000000E+000, 0.0000000E+000, 0.0000000E+000, 0.0000000E+000, 0.0000000E+000, 0.0000000E+000, 0.0000000E+000, 0.0000000E+000, 0.0000000E+000, 0.0000000E+000, 0.0000000E+000, 0.0000000E+000, 0.0000000E+000, 0.0000000E+000, 0.0000000E+000, 0.0000000E+000, 0.0000000E+000, 0.0000000E+000, 0.0000000E+000, 0.0000000E+000
-1.6794062E+002, 0.0000000E+000, 0.0000000E+000, 0.0000000E+000, 0.0000000E+000, 0.0000000E+000, 0.0000000E+000, 0.0000000E+000, 0.0000000E+000, 0.0000000E+000, 0.0000000E+000, 0.0000000E+000, 0.0000000E+000, 0.0000000E+000, 0.0000000E+000, 0.0000000E+000, 0.0000000E+000, 0.0000000E+000, 0.0000000E+000, 0.0000000E+000, 0.0000000E+000, 0.0000000E+000, 0.0000000E+000, 0.0000000E+000, 0.0000000E+000, 0.0000000E+000, 0.0000000E+000, 0.0000000E+000, 0.0000000E+000, 0.0000000E+000, 0.0000000E+000, 0.0000000E+000, 0.0000000E+000, 0.0000000E+000, 0.0000000E+000, 0.0000000E+000, 0.0000000E+000, 0.0000000E+000, 0.0000000E+000, 0.0000000E+000, 0.0000000E+000, 0.0000000E+000, 0.0000000E+000, 0.0000000E+000, 0.0000000E+000, 0.0000000E+000
-1.6693292E+002, 0.0000000E+000, 0.0000000E+000, 0.0000000E+000, 0.0000000E+000, 0.0000000E+000, 0.0000000E+000, 0.0000000E+000, 0.0000000E+000, 0.0000000E+000, 0.0000000E+000, 0.0000000E+000, 0.0000000E+000, 0.0000000E+000, 0.0000000E+000, 0.0000000E+000, 0.0000000E+000, 0.0000000E+000, 0.0000000E+000, 0.0000000E+000, 0.0000000E+000, 0.0000000E+000, 0.0000000E+000, 0.0000000E+000, 0.0000000E+000, 0.0000000E+000, 0.0000000E+000, 0.0000000E+000, 0.0000000E+000, 0.0000000E+000, 0.0000000E+000, 0.0000000E+000, 0.0000000E+000, 0.0000000E+000, 0.0000000E+000, 0.0000000E+000, 0.0000000E+000, 0.0000000E+000, 0.0000000E+000, 0.0000000E+000, 0.0000000E+000, 0.0000000E+000, 0.0000000E+000, 0.0000000E+000, 0.0000000E+000, 0.0000000E+000
-1.6592521E+002, 0.0000000E+000, 0.0000000E+000, 0.0000000E+000, 0.0000000E+000, 0.0000000E+000, 0.0000000E+000, 0.0000000E+000, 0.0000000E+000, 0.0000000E+000, 0.0000000E+000, 0.0000000E+000, 0.0000000E+000, 0.0000000E+000, 0.0000000E+000, 0.0000000E+000, 0.0000000E+000, 0.0000000E+000, 0.0000000E+000, 0.0000000E+000, 0.0000000E+000, 0.0000000E+000, 0.0000000E+000, 0.0000000E+000, 0.0000000E+000, 0.0000000E+000, 0.0000000E+000, 0.0000000E+000, 0.0000000E+000, 0.0000000E+000, 0.0000000E+000, 0.0000000E+000, 0.0000000E+000, 0.0000000E+000, 0.0000000E+000, 0.0000000E+000, 0.0000000E+000, 0.0000000E+000, 0.0000000E+000, 0.0000000E+000, 0.0000000E+000, 0.0000000E+000, 0.0000000E+000, 0.0000000E+000, 0.0000000E+000, 0.0000000E+000
-1.6491751E+002, 0.0000000E+000, 0.0000000E+000, 0.0000000E+000, 0.0000000E+000, 0.0000000E+000, 0.0000000E+000, 0.0000000E+000, 0.0000000E+000, 0.0000000E+000, 0.0000000E+000, 0.0000000E+000, 0.0000000E+000, 0.0000000E+000, 0.0000000E+000, 0.0000000E+000, 0.0000000E+000, 0.0000000E+000, 0.0000000E+000, 0.0000000E+000, 0.0000000E+000, 0.0000000E+000, 0.0000000E+000, 0.0000000E+000, 0.0000000E+000, 0.0000000E+000, 0.0000000E+000, 0.0000000E+000, 0.0000000E+000, 0.0000000E+000, 0.0000000E+000, 0.0000000E+000, 0.0000000E+000, 0.0000000E+000, 0.0000000E+000, 0.0000000E+000, 0.0000000E+000, 0.0000000E+000, 0.0000000E+000, 0.0000000E+000, 0.0000000E+000, 0.0000000E+000, 0.0000000E+000, 0.0000000E+000, 0.0000000E+000, 0.0000000E+000
-1.6390981E+002, 0.0000000E+000, 0.0000000E+000, 0.0000000E+000, 0.0000000E+000, 0.0000000E+000, 0.0000000E+000, 0.0000000E+000, 0.0000000E+000, 0.0000000E+000, 0.0000000E+000, 0.0000000E+000, 0.0000000E+000, 0.0000000E+000, 0.0000000E+000, 0.0000000E+000, 0.0000000E+000, 0.0000000E+000, 0.0000000E+000, 0.0000000E+000, 0.0000000E+000, 0.0000000E+000, 0.0000000E+000, 0.0000000E+000, 0.0000000E+000, 0.0000000E+000, 0.0000000E+000, 0.0000000E+000, 0.0000000E+000, 0.0000000E+000, 0.0000000E+000, 0.0000000E+000, 0.0000000E+000, 0.0000000E+000, 0.0000000E+000, 0.0000000E+000, 0.0000000E+000, 0.0000000E+000, 0.0000000E+000, 0.0000000E+000, 0.0000000E+000, 0.0000000E+000, 0.0000000E+000, 0.0000000E+000, 0.0000000E+000, 0.0000000E+000
-1.6290211E+002, 0.0000000E+000, 0.0000000E+000, 0.0000000E+000, 0.0000000E+000, 0.0000000E+000, 0.0000000E+000, 0.0000000E+000, 0.0000000E+000, 0.0000000E+000, 0.0000000E+000, 0.0000000E+000, 0.0000000E+000, 0.0000000E+000, 0.0000000E+000, 0.0000000E+000, 0.0000000E+000, 0.0000000E+000, 0.0000000E+000, 0.0000000E+000, 0.0000000E+000, 0.0000000E+000, 0.0000000E+000, 0.0000000E+000, 0.0000000E+000, 0.0000000E+000, 0.0000000E+000, 0.0000000E+000, 0.0000000E+000, 0.0000000E+000, 0.0000000E+000, 0.0000000E+000, 0.0000000E+000, 0.0000000E+000, 0.0000000E+000, 0.0000000E+000, 0.0000000E+000, 0.0000000E+000, 0.0000000E+000, 0.0000000E+000, 0.0000000E+000, 0.0000000E+000, 0.0000000E+000, 0.0000000E+000, 0.0000000E+000, 0.0000000E+000
-1.6199517E+002, 0.0000000E+000, 0.0000000E+000, 0.0000000E+000, 0.0000000E+000, 0.0000000E+000, 0.0000000E+000, 0.0000000E+000, 0.0000000E+000, 0.0000000E+000, 0.0000000E+000, 0.0000000E+000, 0.0000000E+000, 0.0000000E+000, 0.0000000E+000, 0.0000000E+000, 0.0000000E+000, 0.0000000E+000, 0.0000000E+000, 0.0000000E+000, 0.0000000E+000, 0.0000000E+000, 0.0000000E+000, 0.0000000E+000, 0.0000000E+000, 0.0000000E+000, 0.0000000E+000, 0.0000000E+000, 0.0000000E+000, 0.0000000E+000, 0.0000000E+000, 0.0000000E+000, 0.0000000E+000, 0.0000000E+000, 0.0000000E+000, 0.0000000E+000, 0.0000000E+000, 0.0000000E+000, 0.0000000E+000, 0.0000000E+000, 0.0000000E+000, 0.0000000E+000, 0.0000000E+000, 0.0000000E+000, 0.0000000E+000, 0.0000000E+000
-1.6098747E+002, 0.0000000E+000, 0.0000000E+000, 0.0000000E+000, 0.0000000E+000, 0.0000000E+000, 0.0000000E+000, 0.0000000E+000, 0.0000000E+000, 0.0000000E+000, 0.0000000E+000, 0.0000000E+000, 0.0000000E+000, 0.0000000E+000, 0.0000000E+000, 0.0000000E+000, 0.0000000E+000, 0.0000000E+000, 0.0000000E+000, 0.0000000E+000, 0.0000000E+000, 0.0000000E+000, 0.0000000E+000, 0.0000000E+000, 0.0000000E+000, 0.0000000E+000, 0.0000000E+000, 0.0000000E+000, 0.0000000E+000, 0.0000000E+000, 0.0000000E+000, 0.0000000E+000, 0.0000000E+000, 0.0000000E+000, 0.0000000E+000, 0.0000000E+000, 0.0000000E+000, 0.0000000E+000, 0.0000000E+000, 0.0000000E+000, 0.0000000E+000, 0.0000000E+000, 0.0000000E+000, 0.0000000E+000, 0.0000000E+000, 0.0000000E+000
-1.5997977E+002, 0.0000000E+000, 0.0000000E+000, 0.0000000E+000, 0.0000000E+000, 0.0000000E+000, 0.0000000E+000, 0.0000000E+000, 0.0000000E+000, 0.0000000E+000, 0.0000000E+000, 0.0000000E+000, 0.0000000E+000, 0.0000000E+000, 0.0000000E+000, 0.0000000E+000, 0.0000000E+000, 0.0000000E+000, 0.0000000E+000, 0.0000000E+000, 0.0000000E+000, 0.0000000E+000, 0.0000000E+000, 0.0000000E+000, 0.0000000E+000, 0.0000000E+000, 0.0000000E+000, 0.0000000E+000, 0.0000000E+000, 0.0000000E+000, 0.0000000E+000, 0.0000000E+000, 0.0000000E+000, 0.0000000E+000, 0.0000000E+000, 0.0000000E+000, 0.0000000E+000, 0.0000000E+000, 0.0000000E+000, 0.0000000E+000, 0.0000000E+000, 0.0000000E+000, 0.0000000E+000, 0.0000000E+000, 0.0000000E+000, 0.0000000E+000
-1.5897206E+002, 0.0000000E+000, 0.0000000E+000, 0.0000000E+000, 0.0000000E+000, 0.0000000E+000, 0.0000000E+000, 0.0000000E+000, 0.0000000E+000, 0.0000000E+000, 0.0000000E+000, 0.0000000E+000, 0.0000000E+000, 0.0000000E+000, 0.0000000E+000, 0.0000000E+000, 0.0000000E+000, 0.0000000E+000, 0.0000000E+000, 0.0000000E+000, 0.0000000E+000, 0.0000000E+000, 0.0000000E+000, 0.0000000E+000, 0.0000000E+000, 0.0000000E+000, 0.0000000E+000, 0.0000000E+000, 0.0000000E+000, 0.0000000E+000, 0.0000000E+000, 0.0000000E+000, 0.0000000E+000, 0.0000000E+000, 0.0000000E+000, 0.0000000E+000, 0.0000000E+000, 0.0000000E+000, 0.0000000E+000, 0.0000000E+000, 0.0000000E+000, 0.0000000E+000, 0.0000000E+000, 0.0000000E+000, 0.0000000E+000, 0.0000000E+000
-1.5796436E+002, 0.0000000E+000, 0.0000000E+000, 0.0000000E+000, 0.0000000E+000, 0.0000000E+000, 0.0000000E+000, 0.0000000E+000, 0.0000000E+000, 0.0000000E+000, 0.0000000E+000, 0.0000000E+000, 0.0000000E+000, 0.0000000E+000, 0.0000000E+000, 0.0000000E+000, 0.0000000E+000, 0.0000000E+000, 0.0000000E+000, 0.0000000E+000, 0.0000000E+000, 0.0000000E+000, 0.0000000E+000, 0.0000000E+000, 0.0000000E+000, 0.0000000E+000, 0.0000000E+000, 0.0000000E+000, 0.0000000E+000, 0.0000000E+000, 0.0000000E+000, 0.0000000E+000, 0.0000000E+000, 0.0000000E+000, 0.0000000E+000, 0.0000000E+000, 0.0000000E+000, 0.0000000E+000, 0.0000000E+000, 0.0000000E+000, 0.0000000E+000, 0.0000000E+000, 0.0000000E+000, 0.0000000E+000, 0.0000000E+000, 0.0000000E+000
-1.5695666E+002, 0.0000000E+000, 0.0000000E+000, 0.0000000E+000, 0.0000000E+000, 0.0000000E+000, 0.0000000E+000, 0.0000000E+000, 0.0000000E+000, 0.0000000E+000, 0.0000000E+000, 0.0000000E+000, 0.0000000E+000, 0.0000000E+000, 0.0000000E+000, 0.0000000E+000, 0.0000000E+000, 0.0000000E+000, 0.0000000E+000, 0.0000000E+000, 0.0000000E+000, 0.0000000E+000, 0.0000000E+000, 0.0000000E+000, 0.0000000E+000, 0.0000000E+000, 0.0000000E+000, 0.0000000E+000, 0.0000000E+000, 0.0000000E+000, 0.0000000E+000, 0.0000000E+000, 0.0000000E+000, 0.0000000E+000, 0.0000000E+000, 0.0000000E+000, 0.0000000E+000, 0.0000000E+000, 0.0000000E+000, 0.0000000E+000, 0.0000000E+000, 0.0000000E+000, 0.0000000E+000, 0.0000000E+000, 0.0000000E+000, 0.0000000E+000
-1.5594895E+002, 0.0000000E+000, 0.0000000E+000, 0.0000000E+000, 0.0000000E+000, 0.0000000E+000, 0.0000000E+000, 0.0000000E+000, 0.0000000E+000, 0.0000000E+000, 0.0000000E+000, 0.0000000E+000, 0.0000000E+000, 0.0000000E+000, 0.0000000E+000, 0.0000000E+000, 0.0000000E+000, 0.0000000E+000, 0.0000000E+000, 0.0000000E+000, 0.0000000E+000, 0.0000000E+000, 0.0000000E+000, 0.0000000E+000, 0.0000000E+000, 0.0000000E+000, 0.0000000E+000, 0.0000000E+000, 0.0000000E+000, 0.0000000E+000, 0.0000000E+000, 0.0000000E+000, 0.0000000E+000, 0.0000000E+000, 0.0000000E+000, 0.0000000E+000, 0.0000000E+000, 0.0000000E+000, 0.0000000E+000, 0.0000000E+000, 0.0000000E+000, 0.0000000E+000, 0.0000000E+000, 0.0000000E+000, 0.0000000E+000, 0.0000000E+000
-1.5494125E+002, 0.0000000E+000, 0.0000000E+000, 0.0000000E+000, 0.0000000E+000, 0.0000000E+000, 0.0000000E+000, 0.0000000E+000, 0.0000000E+000, 0.0000000E+000, 0.0000000E+000, 0.0000000E+000, 0.0000000E+000, 0.0000000E+000, 0.0000000E+000, 0.0000000E+000, 0.0000000E+000, 0.0000000E+000, 0.0000000E+000, 0.0000000E+000, 0.0000000E+000, 0.0000000E+000, 0.0000000E+000, 0.0000000E+000, 0.0000000E+000, 0.0000000E+000, 0.0000000E+000, 0.0000000E+000, 0.0000000E+000, 0.0000000E+000, 0.0000000E+000, 0.0000000E+000, 0.0000000E+000, 0.0000000E+000, 0.0000000E+000, 0.0000000E+000, 0.0000000E+000, 0.0000000E+000, 0.0000000E+000, 0.0000000E+000, 0.0000000E+000, 0.0000000E+000, 0.0000000E+000, 0.0000000E+000, 0.0000000E+000, 0.0000000E+000
-1.5393355E+002, 0.0000000E+000, 0.0000000E+000, 0.0000000E+000, 0.0000000E+000, 0.0000000E+000, 0.0000000E+000, 0.0000000E+000, 0.0000000E+000, 0.0000000E+000, 0.0000000E+000, 0.0000000E+000, 0.0000000E+000, 0.0000000E+000, 0.0000000E+000, 0.0000000E+000, 0.0000000E+000, 0.0000000E+000, 0.0000000E+000, 0.0000000E+000, 0.0000000E+000, 0.0000000E+000, 0.0000000E+000, 0.0000000E+000, 0.0000000E+000, 0.0000000E+000, 0.0000000E+000, 0.0000000E+000, 0.0000000E+000, 0.0000000E+000, 0.0000000E+000, 0.0000000E+000, 0.0000000E+000, 0.0000000E+000, 0.0000000E+000, 0.0000000E+000, 0.0000000E+000, 0.0000000E+000, 0.0000000E+000, 0.0000000E+000, 0.0000000E+000, 0.0000000E+000, 0.0000000E+000, 0.0000000E+000, 0.0000000E+000, 0.0000000E+000
-1.5292584E+002, 0.0000000E+000, 0.0000000E+000, 0.0000000E+000, 0.0000000E+000, 0.0000000E+000, 0.0000000E+000, 0.0000000E+000, 0.0000000E+000, 0.0000000E+000, 0.0000000E+000, 0.0000000E+000, 0.0000000E+000, 0.0000000E+000, 0.0000000E+000, 0.0000000E+000, 0.0000000E+000, 0.0000000E+000, 0.0000000E+000, 0.0000000E+000, 0.0000000E+000, 0.0000000E+000, 0.0000000E+000, 0.0000000E+000, 0.0000000E+000, 0.0000000E+000, 0.0000000E+000, 0.0000000E+000, 0.0000000E+000, 0.0000000E+000, 0.0000000E+000, 0.0000000E+000, 0.0000000E+000, 0.0000000E+000, 0.0000000E+000, 0.0000000E+000, 0.0000000E+000, 0.0000000E+000, 0.0000000E+000, 0.0000000E+000, 0.0000000E+000, 0.0000000E+000, 0.0000000E+000, 0.0000000E+000, 0.0000000E+000, 0.0000000E+000
-1.5191814E+002, 0.0000000E+000, 0.0000000E+000, 0.0000000E+000, 0.0000000E+000, 0.0000000E+000, 0.0000000E+000, 0.0000000E+000, 0.0000000E+000, 0.0000000E+000, 0.0000000E+000, 0.0000000E+000, 0.0000000E+000, 0.0000000E+000, 0.0000000E+000, 0.0000000E+000, 0.0000000E+000, 0.0000000E+000, 0.0000000E+000, 0.0000000E+000, 0.0000000E+000, 0.0000000E+000, 0.0000000E+000, 0.0000000E+000, 0.0000000E+000, 0.0000000E+000, 0.0000000E+000, 0.0000000E+000, 0.0000000E+000, 0.0000000E+000, 0.0000000E+000, 0.0000000E+000, 0.0000000E+000, 0.0000000E+000, 0.0000000E+000, 0.0000000E+000, 0.0000000E+000, 0.0000000E+000, 0.0000000E+000, 0.0000000E+000, 0.0000000E+000, 0.0000000E+000, 0.0000000E+000, 0.0000000E+000, 0.0000000E+000, 0.0000000E+000
-1.5091044E+002, 0.0000000E+000, 0.0000000E+000, 0.0000000E+000, 0.0000000E+000, 0.0000000E+000, 0.0000000E+000, 0.0000000E+000, 0.0000000E+000, 0.0000000E+000, 0.0000000E+000, 0.0000000E+000, 0.0000000E+000, 0.0000000E+000, 0.0000000E+000, 0.0000000E+000, 0.0000000E+000, 0.0000000E+000, 0.0000000E+000, 0.0000000E+000, 0.0000000E+000, 0.0000000E+000, 0.0000000E+000, 0.0000000E+000, 0.0000000E+000, 0.0000000E+000, 0.0000000E+000, 0.0000000E+000, 0.0000000E+000, 0.0000000E+000, 0.0000000E+000, 0.0000000E+000, 0.0000000E+000, 0.0000000E+000, 0.0000000E+000, 0.0000000E+000, 0.0000000E+000, 0.0000000E+000, 0.0000000E+000, 0.0000000E+000, 0.0000000E+000, 0.0000000E+000, 0.0000000E+000, 0.0000000E+000, 0.0000000E+000, 0.0000000E+000
-1.4990273E+002, 0.0000000E+000, 0.0000000E+000, 0.0000000E+000, 0.0000000E+000, 0.0000000E+000, 0.0000000E+000, 0.0000000E+000, 0.0000000E+000, 0.0000000E+000, 0.0000000E+000, 0.0000000E+000, 0.0000000E+000, 0.0000000E+000, 0.0000000E+000, 0.0000000E+000, 0.0000000E+000, 0.0000000E+000, 0.0000000E+000, 0.0000000E+000, 0.0000000E+000, 0.0000000E+000, 0.0000000E+000, 0.0000000E+000, 0.0000000E+000, 0.0000000E+000, 0.0000000E+000, 0.0000000E+000, 0.0000000E+000, 0.0000000E+000, 0.0000000E+000, 0.0000000E+000, 0.0000000E+000, 0.0000000E+000, 0.0000000E+000, 0.0000000E+000, 0.0000000E+000, 0.0000000E+000, 0.0000000E+000, 0.0000000E+000, 0.0000000E+000, 0.0000000E+000, 0.0000000E+000, 0.0000000E+000, 0.0000000E+000, 0.0000000E+000
-1.4899580E+002, 0.0000000E+000, 0.0000000E+000, 0.0000000E+000, 0.0000000E+000, 0.0000000E+000, 0.0000000E+000, 0.0000000E+000, 0.0000000E+000, 0.0000000E+000, 0.0000000E+000, 0.0000000E+000, 0.0000000E+000, 0.0000000E+000, 0.0000000E+000, 0.0000000E+000, 0.0000000E+000, 0.0000000E+000, 0.0000000E+000, 0.0000000E+000, 0.0000000E+000, 0.0000000E+000, 0.0000000E+000, 0.0000000E+000, 0.0000000E+000, 0.0000000E+000, 0.0000000E+000, 0.0000000E+000, 0.0000000E+000, 0.0000000E+000, 0.0000000E+000, 0.0000000E+000, 0.0000000E+000, 0.0000000E+000, 0.0000000E+000, 0.0000000E+000, 0.0000000E+000, 0.0000000E+000, 0.0000000E+000, 0.0000000E+000, 0.0000000E+000, 0.0000000E+000, 0.0000000E+000, 0.0000000E+000, 0.0000000E+000, 0.0000000E+000
-1.4798810E+002, 0.0000000E+000, 0.0000000E+000, 0.0000000E+000, 0.0000000E+000, 0.0000000E+000, 0.0000000E+000, 0.0000000E+000, 0.0000000E+000, 0.0000000E+000, 0.0000000E+000, 0.0000000E+000, 0.0000000E+000, 0.0000000E+000, 0.0000000E+000, 0.0000000E+000, 0.0000000E+000, 0.0000000E+000, 0.0000000E+000, 0.0000000E+000, 0.0000000E+000, 0.0000000E+000, 0.0000000E+000, 0.0000000E+000, 0.0000000E+000, 0.0000000E+000, 0.0000000E+000, 0.0000000E+000, 0.0000000E+000, 0.0000000E+000, 0.0000000E+000, 0.0000000E+000, 0.0000000E+000, 0.0000000E+000, 0.0000000E+000, 0.0000000E+000, 0.0000000E+000, 0.0000000E+000, 0.0000000E+000, 0.0000000E+000, 0.0000000E+000, 0.0000000E+000, 0.0000000E+000, 0.0000000E+000, 0.0000000E+000, 0.0000000E+000
-1.4698039E+002, 0.0000000E+000, 0.0000000E+000, 0.0000000E+000, 0.0000000E+000, 0.0000000E+000, 0.0000000E+000, 0.0000000E+000, 0.0000000E+000, 0.0000000E+000, 0.0000000E+000, 0.0000000E+000, 0.0000000E+000, 0.0000000E+000, 0.0000000E+000, 0.0000000E+000, 0.0000000E+000, 0.0000000E+000, 0.0000000E+000, 0.0000000E+000, 0.0000000E+000, 0.0000000E+000, 0.0000000E+000, 0.0000000E+000, 0.0000000E+000, 0.0000000E+000, 0.0000000E+000, 0.0000000E+000, 0.0000000E+000, 0.0000000E+000, 0.0000000E+000, 0.0000000E+000, 0.0000000E+000, 0.0000000E+000, 0.0000000E+000, 0.0000000E+000, 0.0000000E+000, 0.0000000E+000, 0.0000000E+000, 0.0000000E+000, 0.0000000E+000, 0.0000000E+000, 0.0000000E+000, 0.0000000E+000, 0.0000000E+000, 0.0000000E+000
-1.4597269E+002, 0.0000000E+000, 0.0000000E+000, 0.0000000E+000, 0.0000000E+000, 0.0000000E+000, 0.0000000E+000, 0.0000000E+000, 0.0000000E+000, 0.0000000E+000, 0.0000000E+000, 0.0000000E+000, 0.0000000E+000, 0.0000000E+000, 0.0000000E+000, 0.0000000E+000, 0.0000000E+000, 0.0000000E+000, 0.0000000E+000, 0.0000000E+000, 0.0000000E+000, 0.0000000E+000, 0.0000000E+000, 0.0000000E+000, 0.0000000E+000, 0.0000000E+000, 0.0000000E+000, 0.0000000E+000, 0.0000000E+000, 0.0000000E+000, 0.0000000E+000, 0.0000000E+000, 0.0000000E+000, 0.0000000E+000, 0.0000000E+000, 0.0000000E+000, 0.0000000E+000, 0.0000000E+000, 0.0000000E+000, 0.0000000E+000, 0.0000000E+000, 0.0000000E+000, 0.0000000E+000, 0.0000000E+000, 0.0000000E+000, 0.0000000E+000
-1.4496499E+002, 0.0000000E+000, 0.0000000E+000, 0.0000000E+000, 0.0000000E+000, 0.0000000E+000, 0.0000000E+000, 0.0000000E+000, 0.0000000E+000, 0.0000000E+000, 0.0000000E+000, 0.0000000E+000, 0.0000000E+000, 0.0000000E+000, 0.0000000E+000, 0.0000000E+000, 0.0000000E+000, 0.0000000E+000, 0.0000000E+000, 0.0000000E+000, 0.0000000E+000, 0.0000000E+000, 0.0000000E+000, 0.0000000E+000, 0.0000000E+000, 0.0000000E+000, 0.0000000E+000, 0.0000000E+000, 0.0000000E+000, 0.0000000E+000, 0.0000000E+000, 0.0000000E+000, 0.0000000E+000, 0.0000000E+000, 0.0000000E+000, 0.0000000E+000, 0.0000000E+000, 0.0000000E+000, 0.0000000E+000, 0.0000000E+000, 0.0000000E+000, 0.0000000E+000, 0.0000000E+000, 0.0000000E+000, 0.0000000E+000, 0.0000000E+000
-1.4395728E+002, 0.0000000E+000, 0.0000000E+000, 0.0000000E+000, 0.0000000E+000, 0.0000000E+000, 0.0000000E+000, 0.0000000E+000, 0.0000000E+000, 0.0000000E+000, 0.0000000E+000, 0.0000000E+000, 0.0000000E+000, 0.0000000E+000, 0.0000000E+000, 0.0000000E+000, 0.0000000E+000, 0.0000000E+000, 0.0000000E+000, 0.0000000E+000, 0.0000000E+000, 0.0000000E+000, 0.0000000E+000, 0.0000000E+000, 0.0000000E+000, 0.0000000E+000, 0.0000000E+000, 0.0000000E+000, 0.0000000E+000, 0.0000000E+000, 0.0000000E+000, 0.0000000E+000, 0.0000000E+000, 0.0000000E+000, 0.0000000E+000, 0.0000000E+000, 0.0000000E+000, 0.0000000E+000, 0.0000000E+000, 0.0000000E+000, 0.0000000E+000, 0.0000000E+000, 0.0000000E+000, 0.0000000E+000, 0.0000000E+000, 0.0000000E+000
-1.4294958E+002, 0.0000000E+000, 0.0000000E+000, 0.0000000E+000, 0.0000000E+000, 0.0000000E+000, 0.0000000E+000, 0.0000000E+000, 0.0000000E+000, 0.0000000E+000, 0.0000000E+000, 0.0000000E+000, 0.0000000E+000, 0.0000000E+000, 0.0000000E+000, 0.0000000E+000, 0.0000000E+000, 0.0000000E+000, 0.0000000E+000, 0.0000000E+000, 0.0000000E+000, 0.0000000E+000, 0.0000000E+000, 0.0000000E+000, 0.0000000E+000, 0.0000000E+000, 0.0000000E+000, 0.0000000E+000, 0.0000000E+000, 0.0000000E+000, 0.0000000E+000, 0.0000000E+000, 0.0000000E+000, 0.0000000E+000, 0.0000000E+000, 0.0000000E+000, 0.0000000E+000, 0.0000000E+000, 0.0000000E+000, 0.0000000E+000, 0.0000000E+000, 0.0000000E+000, 0.0000000E+000, 0.0000000E+000, 0.0000000E+000, 0.0000000E+000
-1.4194188E+002, 0.0000000E+000, 0.0000000E+000, 0.0000000E+000, 0.0000000E+000, 0.0000000E+000, 0.0000000E+000, 0.0000000E+000, 0.0000000E+000, 0.0000000E+000, 0.0000000E+000, 0.0000000E+000, 0.0000000E+000, 0.0000000E+000, 0.0000000E+000, 0.0000000E+000, 0.0000000E+000, 0.0000000E+000, 0.0000000E+000, 0.0000000E+000, 0.0000000E+000, 0.0000000E+000, 0.0000000E+000, 0.0000000E+000, 0.0000000E+000, 0.0000000E+000, 0.0000000E+000, 0.0000000E+000, 0.0000000E+000, 0.0000000E+000, 0.0000000E+000, 0.0000000E+000, 0.0000000E+000, 0.0000000E+000, 0.0000000E+000, 0.0000000E+000, 0.0000000E+000, 0.0000000E+000, 0.0000000E+000, 0.0000000E+000, 0.0000000E+000, 0.0000000E+000, 0.0000000E+000, 0.0000000E+000, 0.0000000E+000, 0.0000000E+000
-1.4093417E+002, 0.0000000E+000, 0.0000000E+000, 0.0000000E+000, 0.0000000E+000, 0.0000000E+000, 0.0000000E+000, 0.0000000E+000, 0.0000000E+000, 0.0000000E+000, 0.0000000E+000, 0.0000000E+000, 0.0000000E+000, 0.0000000E+000, 0.0000000E+000, 0.0000000E+000, 0.0000000E+000, 0.0000000E+000, 0.0000000E+000, 0.0000000E+000, 0.0000000E+000, 0.0000000E+000, 0.0000000E+000, 0.0000000E+000, 0.0000000E+000, 0.0000000E+000, 0.0000000E+000, 0.0000000E+000, 0.0000000E+000, 0.0000000E+000, 0.0000000E+000, 0.0000000E+000, 0.0000000E+000, 0.0000000E+000, 0.0000000E+000, 0.0000000E+000, 0.0000000E+000, 0.0000000E+000, 0.0000000E+000, 0.0000000E+000, 0.0000000E+000, 0.0000000E+000, 0.0000000E+000, 0.0000000E+000, 0.0000000E+000, 0.0000000E+000
-1.3993737E+002, 0.0000000E+000, 0.0000000E+000, 0.0000000E+000, 0.0000000E+000, 0.0000000E+000, 0.0000000E+000, 0.0000000E+000, 0.0000000E+000, 0.0000000E+000, 0.0000000E+000, 0.0000000E+000, 0.0000000E+000, 0.0000000E+000, 0.0000000E+000, 0.0000000E+000, 0.0000000E+000, 0.0000000E+000, 0.0000000E+000, 0.0000000E+000, 0.0000000E+000, 0.0000000E+000, 0.0000000E+000, 0.0000000E+000, 0.0000000E+000, 0.0000000E+000, 0.0000000E+000, 0.0000000E+000, 0.0000000E+000, 0.0000000E+000, 0.0000000E+000, 0.0000000E+000, 0.0000000E+000, 0.0000000E+000, 0.0000000E+000, 0.0000000E+000, 0.0000000E+000, 0.0000000E+000, 0.0000000E+000, 0.0000000E+000, 0.0000000E+000, 0.0000000E+000, 0.0000000E+000, 0.0000000E+000, 0.0000000E+000, 0.0000000E+000
-1.3894880E+002, 0.0000000E+000, 0.0000000E+000, 0.0000000E+000, 0.0000000E+000, 0.0000000E+000, 0.0000000E+000, 0.0000000E+000, 0.0000000E+000, 0.0000000E+000, 0.0000000E+000, 0.0000000E+000, 0.0000000E+000, 0.0000000E+000, 0.0000000E+000, 0.0000000E+000, 0.0000000E+000, 0.0000000E+000, 0.0000000E+000, 0.0000000E+000, 0.0000000E+000, 0.0000000E+000, 0.0000000E+000, 0.0000000E+000, 0.0000000E+000, 0.0000000E+000, 0.0000000E+000, 0.0000000E+000, 0.0000000E+000, 0.0000000E+000, 0.0000000E+000, 0.0000000E+000, 0.0000000E+000, 0.0000000E+000, 0.0000000E+000, 0.0000000E+000, 0.0000000E+000, 0.0000000E+000, 0.0000000E+000, 0.0000000E+000, 0.0000000E+000, 0.0000000E+000, 0.0000000E+000, 0.0000000E+000, 0.0000000E+000, 0.0000000E+000
-1.3796024E+002, 0.0000000E+000, 0.0000000E+000, 0.0000000E+000, 0.0000000E+000, 0.0000000E+000, 0.0000000E+000, 0.0000000E+000, 0.0000000E+000, 0.0000000E+000, 0.0000000E+000, 0.0000000E+000, 0.0000000E+000, 0.0000000E+000, 0.0000000E+000, 0.0000000E+000, 0.0000000E+000, 0.0000000E+000, 0.0000000E+000, 0.0000000E+000, 0.0000000E+000, 0.0000000E+000, 0.0000000E+000, 0.0000000E+000, 0.0000000E+000, 0.0000000E+000, 0.0000000E+000, 0.0000000E+000, 0.0000000E+000, 0.0000000E+000, 0.0000000E+000, 0.0000000E+000, 0.0000000E+000, 0.0000000E+000, 0.0000000E+000, 0.0000000E+000, 0.0000000E+000, 0.0000000E+000, 0.0000000E+000, 0.0000000E+000, 0.0000000E+000, 0.0000000E+000, 0.0000000E+000, 0.0000000E+000, 0.0000000E+000, 0.0000000E+000
-1.3697167E+002, 0.0000000E+000, 0.0000000E+000, 0.0000000E+000, 0.0000000E+000, 0.0000000E+000, 0.0000000E+000, 0.0000000E+000, 0.0000000E+000, 0.0000000E+000, 0.0000000E+000, 0.0000000E+000, 0.0000000E+000, 0.0000000E+000, 0.0000000E+000, 0.0000000E+000, 0.0000000E+000, 0.0000000E+000, 0.0000000E+000, 0.0000000E+000, 0.0000000E+000, 0.0000000E+000, 0.0000000E+000, 0.0000000E+000, 0.0000000E+000, 0.0000000E+000, 0.0000000E+000, 0.0000000E+000, 0.0000000E+000, 0.0000000E+000, 0.0000000E+000, 0.0000000E+000, 0.0000000E+000, 0.0000000E+000, 0.0000000E+000, 0.0000000E+000, 0.0000000E+000, 0.0000000E+000, 0.0000000E+000, 0.0000000E+000, 0.0000000E+000, 0.0000000E+000, 0.0000000E+000, 0.0000000E+000, 0.0000000E+000, 0.0000000E+000
-1.3598310E+002, 0.0000000E+000, 0.0000000E+000, 0.0000000E+000, 0.0000000E+000, 0.0000000E+000, 0.0000000E+000, 0.0000000E+000, 0.0000000E+000, 0.0000000E+000, 0.0000000E+000, 0.0000000E+000, 0.0000000E+000, 0.0000000E+000, 0.0000000E+000, 0.0000000E+000, 0.0000000E+000, 0.0000000E+000, 0.0000000E+000, 0.0000000E+000, 0.0000000E+000, 0.0000000E+000, 0.0000000E+000, 0.0000000E+000, 0.0000000E+000, 0.0000000E+000, 0.0000000E+000, 0.0000000E+000, 0.0000000E+000, 0.0000000E+000, 0.0000000E+000, 0.0000000E+000, 0.0000000E+000, 0.0000000E+000, 0.0000000E+000, 0.0000000E+000, 0.0000000E+000, 0.0000000E+000, 0.0000000E+000, 0.0000000E+000, 0.0000000E+000, 0.0000000E+000, 0.0000000E+000, 0.0000000E+000, 0.0000000E+000, 0.0000000E+000
-1.3499453E+002, 0.0000000E+000, 0.0000000E+000, 0.0000000E+000, 0.0000000E+000, 0.0000000E+000, 0.0000000E+000, 0.0000000E+000, 0.0000000E+000, 0.0000000E+000, 0.0000000E+000, 0.0000000E+000, 0.0000000E+000, 0.0000000E+000, 0.0000000E+000, 0.0000000E+000, 0.0000000E+000, 0.0000000E+000, 0.0000000E+000, 0.0000000E+000, 0.0000000E+000, 0.0000000E+000, 0.0000000E+000, 0.0000000E+000, 0.0000000E+000, 0.0000000E+000, 0.0000000E+000, 0.0000000E+000, 0.0000000E+000, 0.0000000E+000, 0.0000000E+000, 0.0000000E+000, 0.0000000E+000, 0.0000000E+000, 0.0000000E+000, 0.0000000E+000, 0.0000000E+000, 0.0000000E+000, 0.0000000E+000, 0.0000000E+000, 0.0000000E+000, 0.0000000E+000, 0.0000000E+000, 0.0000000E+000, 0.0000000E+000, 0.0000000E+000
-1.3391609E+002, 0.0000000E+000, 0.0000000E+000, 0.0000000E+000, 0.0000000E+000, 0.0000000E+000, 0.0000000E+000, 0.0000000E+000, 0.0000000E+000, 0.0000000E+000, 0.0000000E+000, 0.0000000E+000, 0.0000000E+000, 0.0000000E+000, 0.0000000E+000, 0.0000000E+000, 0.0000000E+000, 0.0000000E+000, 0.0000000E+000, 0.0000000E+000, 0.0000000E+000, 0.0000000E+000, 0.0000000E+000, 0.0000000E+000, 0.0000000E+000, 0.0000000E+000, 0.0000000E+000, 0.0000000E+000, 0.0000000E+000, 0.0000000E+000, 0.0000000E+000, 0.0000000E+000, 0.0000000E+000, 0.0000000E+000, 0.0000000E+000, 0.0000000E+000, 0.0000000E+000, 0.0000000E+000, 0.0000000E+000, 0.0000000E+000, 0.0000000E+000, 0.0000000E+000, 0.0000000E+000, 0.0000000E+000, 0.0000000E+000, 0.0000000E+000
-1.3299044E+002, 0.0000000E+000, 0.0000000E+000, 0.0000000E+000, 0.0000000E+000, 0.0000000E+000, 0.0000000E+000, 0.0000000E+000, 0.0000000E+000, 0.0000000E+000, 0.0000000E+000, 0.0000000E+000, 0.0000000E+000, 0.0000000E+000, 0.0000000E+000, 0.0000000E+000, 0.0000000E+000, 0.0000000E+000, 0.0000000E+000, 0.0000000E+000, 0.0000000E+000, 0.0000000E+000, 0.0000000E+000, 0.0000000E+000, 0.0000000E+000, 0.0000000E+000, 0.0000000E+000, 0.0000000E+000, 0.0000000E+000, 0.0000000E+000, 0.0000000E+000, 0.0000000E+000, 0.0000000E+000, 0.0000000E+000, 0.0000000E+000, 0.0000000E+000, 0.0000000E+000, 0.0000000E+000, 0.0000000E+000, 0.0000000E+000, 0.0000000E+000, 0.0000000E+000, 0.0000000E+000, 0.0000000E+000, 0.0000000E+000, 0.0000000E+000
-1.3190301E+002, 0.0000000E+000, 0.0000000E+000, 0.0000000E+000, 0.0000000E+000, 0.0000000E+000, 0.0000000E+000, 0.0000000E+000, 0.0000000E+000, 0.0000000E+000, 0.0000000E+000, 0.0000000E+000, 0.0000000E+000, 0.0000000E+000, 0.0000000E+000, 0.0000000E+000, 0.0000000E+000, 0.0000000E+000, 0.0000000E+000, 0.0000000E+000, 0.0000000E+000, 0.0000000E+000, 0.0000000E+000, 0.0000000E+000, 0.0000000E+000, 0.0000000E+000, 0.0000000E+000, 0.0000000E+000, 0.0000000E+000, 0.0000000E+000, 0.0000000E+000, 0.0000000E+000, 0.0000000E+000, 0.0000000E+000, 0.0000000E+000, 0.0000000E+000, 0.0000000E+000, 0.0000000E+000, 0.0000000E+000, 0.0000000E+000, 0.0000000E+000, 0.0000000E+000, 0.0000000E+000, 0.0000000E+000, 0.0000000E+000, 0.0000000E+000
-1.3091444E+002, 0.0000000E+000, 0.0000000E+000, 0.0000000E+000, 0.0000000E+000, 0.0000000E+000, 0.0000000E+000, 0.0000000E+000, 0.0000000E+000, 0.0000000E+000, 0.0000000E+000, 0.0000000E+000, 0.0000000E+000, 0.0000000E+000, 0.0000000E+000, 0.0000000E+000, 0.0000000E+000, 0.0000000E+000, 0.0000000E+000, 0.0000000E+000, 0.0000000E+000, 0.0000000E+000, 0.0000000E+000, 0.0000000E+000, 0.0000000E+000, 0.0000000E+000, 0.0000000E+000, 0.0000000E+000, 0.0000000E+000, 0.0000000E+000, 0.0000000E+000, 0.0000000E+000, 0.0000000E+000, 0.0000000E+000, 0.0000000E+000, 0.0000000E+000, 0.0000000E+000, 0.0000000E+000, 0.0000000E+000, 0.0000000E+000, 0.0000000E+000, 0.0000000E+000, 0.0000000E+000, 0.0000000E+000, 0.0000000E+000, 0.0000000E+000
-1.2992588E+002, 0.0000000E+000, 0.0000000E+000, 0.0000000E+000, 0.0000000E+000, 0.0000000E+000, 0.0000000E+000, 0.0000000E+000, 0.0000000E+000, 0.0000000E+000, 0.0000000E+000, 0.0000000E+000, 0.0000000E+000, 0.0000000E+000, 0.0000000E+000, 0.0000000E+000, 0.0000000E+000, 0.0000000E+000, 0.0000000E+000, 0.0000000E+000, 0.0000000E+000, 0.0000000E+000, 0.0000000E+000, 0.0000000E+000, 0.0000000E+000, 0.0000000E+000, 0.0000000E+000, 0.0000000E+000, 0.0000000E+000, 0.0000000E+000, 0.0000000E+000, 0.0000000E+000, 0.0000000E+000, 0.0000000E+000, 0.0000000E+000, 0.0000000E+000, 0.0000000E+000, 0.0000000E+000, 0.0000000E+000, 0.0000000E+000, 0.0000000E+000, 0.0000000E+000, 0.0000000E+000, 0.0000000E+000, 0.0000000E+000, 0.0000000E+000
-1.2893731E+002, 0.0000000E+000, 0.0000000E+000, 0.0000000E+000, 0.0000000E+000, 0.0000000E+000, 0.0000000E+000, 0.0000000E+000, 0.0000000E+000, 0.0000000E+000, 0.0000000E+000, 0.0000000E+000, 0.0000000E+000, 0.0000000E+000, 0.0000000E+000, 0.0000000E+000, 0.0000000E+000, 0.0000000E+000, 0.0000000E+000, 0.0000000E+000, 0.0000000E+000, 0.0000000E+000, 0.0000000E+000, 0.0000000E+000, 0.0000000E+000, 0.0000000E+000, 0.0000000E+000, 0.0000000E+000, 0.0000000E+000, 0.0000000E+000, 0.0000000E+000, 0.0000000E+000, 0.0000000E+000, 0.0000000E+000, 0.0000000E+000, 0.0000000E+000, 0.0000000E+000, 0.0000000E+000, 0.0000000E+000, 0.0000000E+000, 0.0000000E+000, 0.0000000E+000, 0.0000000E+000, 0.0000000E+000, 0.0000000E+000, 0.0000000E+000
-1.2794874E+002, 0.0000000E+000, 0.0000000E+000, 0.0000000E+000, 0.0000000E+000, 0.0000000E+000, 0.0000000E+000, 0.0000000E+000, 0.0000000E+000, 0.0000000E+000, 0.0000000E+000, 0.0000000E+000, 0.0000000E+000, 0.0000000E+000, 0.0000000E+000, 0.0000000E+000, 0.0000000E+000, 0.0000000E+000, 0.0000000E+000, 0.0000000E+000, 0.0000000E+000, 0.0000000E+000, 0.0000000E+000, 0.0000000E+000, 0.0000000E+000, 0.0000000E+000, 0.0000000E+000, 0.0000000E+000, 0.0000000E+000, 0.0000000E+000, 0.0000000E+000, 0.0000000E+000, 0.0000000E+000, 0.0000000E+000, 0.0000000E+000, 0.0000000E+000, 0.0000000E+000, 0.0000000E+000, 0.0000000E+000, 0.0000000E+000, 0.0000000E+000, 0.0000000E+000, 0.0000000E+000, 0.0000000E+000, 0.0000000E+000, 0.0000000E+000
-1.2696017E+002, 0.0000000E+000, 0.0000000E+000, 0.0000000E+000, 0.0000000E+000, 0.0000000E+000, 0.0000000E+000, 0.0000000E+000, 0.0000000E+000, 0.0000000E+000, 0.0000000E+000, 0.0000000E+000, 0.0000000E+000, 0.0000000E+000, 0.0000000E+000, 0.0000000E+000, 0.0000000E+000, 0.0000000E+000, 0.0000000E+000, 0.0000000E+000, 0.0000000E+000, 0.0000000E+000, 0.0000000E+000, 0.0000000E+000, 0.0000000E+000, 0.0000000E+000, 0.0000000E+000, 0.0000000E+000, 0.0000000E+000, 0.0000000E+000, 0.0000000E+000, 0.0000000E+000, 0.0000000E+000, 0.0000000E+000, 0.0000000E+000, 0.0000000E+000, 0.0000000E+000, 0.0000000E+000, 0.0000000E+000, 0.0000000E+000, 0.0000000E+000, 0.0000000E+000, 0.0000000E+000, 0.0000000E+000, 0.0000000E+000, 0.0000000E+000
-1.2597161E+002, 0.0000000E+000, 0.0000000E+000, 0.0000000E+000, 0.0000000E+000, 0.0000000E+000, 0.0000000E+000, 0.0000000E+000, 0.0000000E+000, 0.0000000E+000, 0.0000000E+000, 0.0000000E+000, 0.0000000E+000, 0.0000000E+000, 0.0000000E+000, 0.0000000E+000, 0.0000000E+000, 0.0000000E+000, 0.0000000E+000, 0.0000000E+000, 0.0000000E+000, 0.0000000E+000, 0.0000000E+000, 0.0000000E+000, 0.0000000E+000, 0.0000000E+000, 0.0000000E+000, 0.0000000E+000, 0.0000000E+000, 0.0000000E+000, 0.0000000E+000, 0.0000000E+000, 0.0000000E+000, 0.0000000E+000, 0.0000000E+000, 0.0000000E+000, 0.0000000E+000, 0.0000000E+000, 0.0000000E+000, 0.0000000E+000, 0.0000000E+000, 0.0000000E+000, 0.0000000E+000, 0.0000000E+000, 0.0000000E+000, 0.0000000E+000
-1.2498304E+002, 0.0000000E+000, 0.0000000E+000, 0.0000000E+000, 0.0000000E+000, 0.0000000E+000, 0.0000000E+000, 0.0000000E+000, 0.0000000E+000, 0.0000000E+000, 0.0000000E+000, 0.0000000E+000, 0.0000000E+000, 0.0000000E+000, 0.0000000E+000, 0.0000000E+000, 0.0000000E+000, 0.0000000E+000, 0.0000000E+000, 0.0000000E+000, 0.0000000E+000, 0.0000000E+000, 0.0000000E+000, 0.0000000E+000, 0.0000000E+000, 0.0000000E+000, 0.0000000E+000, 0.0000000E+000, 0.0000000E+000, 0.0000000E+000, 0.0000000E+000, 0.0000000E+000, 0.0000000E+000, 0.0000000E+000, 0.0000000E+000, 0.0000000E+000, 0.0000000E+000, 0.0000000E+000, 0.0000000E+000, 0.0000000E+000, 0.0000000E+000, 0.0000000E+000, 0.0000000E+000, 0.0000000E+000, 0.0000000E+000, 0.0000000E+000
-1.2399447E+002, 0.0000000E+000, 0.0000000E+000, 0.0000000E+000, 0.0000000E+000, 0.0000000E+000, 0.0000000E+000, 0.0000000E+000, 0.0000000E+000, 0.0000000E+000, 0.0000000E+000, 0.0000000E+000, 0.0000000E+000, 0.0000000E+000, 0.0000000E+000, 0.0000000E+000, 0.0000000E+000, 0.0000000E+000, 0.0000000E+000, 0.0000000E+000, 0.0000000E+000, 0.0000000E+000, 0.0000000E+000, 0.0000000E+000, 0.0000000E+000, 0.0000000E+000, 0.0000000E+000, 0.0000000E+000, 0.0000000E+000, 0.0000000E+000, 0.0000000E+000, 0.0000000E+000, 0.0000000E+000, 0.0000000E+000, 0.0000000E+000, 0.0000000E+000, 0.0000000E+000, 0.0000000E+000, 0.0000000E+000, 0.0000000E+000, 0.0000000E+000, 0.0000000E+000, 0.0000000E+000, 0.0000000E+000, 0.0000000E+000, 0.0000000E+000
-1.2290705E+002, 0.0000000E+000, 0.0000000E+000, 0.0000000E+000, 0.0000000E+000, 0.0000000E+000, 0.0000000E+000, 0.0000000E+000, 0.0000000E+000, 0.0000000E+000, 0.0000000E+000, 0.0000000E+000, 0.0000000E+000, 0.0000000E+000, 0.0000000E+000, 0.0000000E+000, 0.0000000E+000, 0.0000000E+000, 0.0000000E+000, 0.0000000E+000, 0.0000000E+000, 0.0000000E+000, 0.0000000E+000, 0.0000000E+000, 0.0000000E+000, 0.0000000E+000, 0.0000000E+000, 0.0000000E+000, 0.0000000E+000, 0.0000000E+000, 0.0000000E+000, 0.0000000E+000, 0.0000000E+000, 0.0000000E+000, 0.0000000E+000, 0.0000000E+000, 0.0000000E+000, 0.0000000E+000, 0.0000000E+000, 0.0000000E+000, 0.0000000E+000, 0.0000000E+000, 0.0000000E+000, 0.0000000E+000, 0.0000000E+000, 0.0000000E+000
-1.2191848E+002, 0.0000000E+000, 0.0000000E+000, 0.0000000E+000, 0.0000000E+000, 0.0000000E+000, 0.0000000E+000, 0.0000000E+000, 0.0000000E+000, 0.0000000E+000, 0.0000000E+000, 0.0000000E+000, 0.0000000E+000, 0.0000000E+000, 0.0000000E+000, 0.0000000E+000, 0.0000000E+000, 0.0000000E+000, 0.0000000E+000, 0.0000000E+000, 0.0000000E+000, 0.0000000E+000, 0.0000000E+000, 0.0000000E+000, 0.0000000E+000, 0.0000000E+000, 0.0000000E+000, 0.0000000E+000, 0.0000000E+000, 0.0000000E+000, 0.0000000E+000, 0.0000000E+000, 0.0000000E+000, 0.0000000E+000, 0.0000000E+000, 0.0000000E+000, 0.0000000E+000, 0.0000000E+000, 0.0000000E+000, 0.0000000E+000, 0.0000000E+000, 0.0000000E+000, 0.0000000E+000, 0.0000000E+000, 0.0000000E+000, 0.0000000E+000
-1.2092991E+002, 0.0000000E+000, 0.0000000E+000, 0.0000000E+000, 0.0000000E+000, 0.0000000E+000, 0.0000000E+000, 0.0000000E+000, 0.0000000E+000, 0.0000000E+000, 0.0000000E+000, 0.0000000E+000, 0.0000000E+000, 0.0000000E+000, 0.0000000E+000, 0.0000000E+000, 0.0000000E+000, 0.0000000E+000, 0.0000000E+000, 0.0000000E+000, 0.0000000E+000, 0.0000000E+000, 0.0000000E+000, 0.0000000E+000, 0.0000000E+000, 0.0000000E+000, 0.0000000E+000, 0.0000000E+000, 0.0000000E+000, 0.0000000E+000, 0.0000000E+000, 0.0000000E+000, 0.0000000E+000, 0.0000000E+000, 0.0000000E+000, 0.0000000E+000, 0.0000000E+000, 0.0000000E+000, 0.0000000E+000, 0.0000000E+000, 0.0000000E+000, 0.0000000E+000, 0.0000000E+000, 0.0000000E+000, 0.0000000E+000, 0.0000000E+000
-1.1994134E+002, 0.0000000E+000, 0.0000000E+000, 0.0000000E+000, 0.0000000E+000, 0.0000000E+000, 0.0000000E+000, 0.0000000E+000, 0.0000000E+000, 0.0000000E+000, 0.0000000E+000, 0.0000000E+000, 0.0000000E+000, 0.0000000E+000, 0.0000000E+000, 0.0000000E+000, 0.0000000E+000, 0.0000000E+000, 0.0000000E+000, 0.0000000E+000, 0.0000000E+000, 0.0000000E+000, 0.0000000E+000, 0.0000000E+000, 0.0000000E+000, 0.0000000E+000, 0.0000000E+000, 0.0000000E+000, 0.0000000E+000, 0.0000000E+000, 0.0000000E+000, 0.0000000E+000, 0.0000000E+000, 0.0000000E+000, 0.0000000E+000, 0.0000000E+000, 0.0000000E+000, 0.0000000E+000, 0.0000000E+000, 0.0000000E+000, 0.0000000E+000, 0.0000000E+000, 0.0000000E+000, 0.0000000E+000, 0.0000000E+000, 0.0000000E+000
-1.1895277E+002, 0.0000000E+000, 0.0000000E+000, 0.0000000E+000, 0.0000000E+000, 0.0000000E+000, 0.0000000E+000, 0.0000000E+000, 0.0000000E+000, 0.0000000E+000, 0.0000000E+000, 0.0000000E+000, 0.0000000E+000, 0.0000000E+000, 0.0000000E+000, 0.0000000E+000, 0.0000000E+000, 0.0000000E+000, 0.0000000E+000, 0.0000000E+000, 0.0000000E+000, 0.0000000E+000, 0.0000000E+000, 0.0000000E+000, 0.0000000E+000, 0.0000000E+000, 0.0000000E+000, 0.0000000E+000, 0.0000000E+000, 0.0000000E+000, 0.0000000E+000, 0.0000000E+000, 0.0000000E+000, 0.0000000E+000, 0.0000000E+000, 0.0000000E+000, 0.0000000E+000, 0.0000000E+000, 0.0000000E+000, 0.0000000E+000, 0.0000000E+000, 0.0000000E+000, 0.0000000E+000, 0.0000000E+000, 0.0000000E+000, 0.0000000E+000
-1.1796911E+002, 0.0000000E+000, 0.0000000E+000, 0.0000000E+000, 0.0000000E+000, 0.0000000E+000, 0.0000000E+000, 0.0000000E+000, 0.0000000E+000, 0.0000000E+000, 0.0000000E+000, 0.0000000E+000, 0.0000000E+000, 0.0000000E+000, 0.0000000E+000, 0.0000000E+000, 0.0000000E+000, 0.0000000E+000, 0.0000000E+000, 0.0000000E+000, 0.0000000E+000, 0.0000000E+000, 0.0000000E+000, 0.0000000E+000, 0.0000000E+000, 0.0000000E+000, 0.0000000E+000, 0.0000000E+000, 0.0000000E+000, 0.0000000E+000, 0.0000000E+000, 0.0000000E+000, 0.0000000E+000, 0.0000000E+000, 0.0000000E+000, 0.0000000E+000, 0.0000000E+000, 0.0000000E+000, 0.0000000E+000, 0.0000000E+000, 0.0000000E+000, 0.0000000E+000, 0.0000000E+000, 0.0000000E+000, 0.0000000E+000, 0.0000000E+000
-1.1692118E+002, 0.0000000E+000, 0.0000000E+000, 0.0000000E+000, 0.0000000E+000, 0.0000000E+000, 0.0000000E+000, 0.0000000E+000, 0.0000000E+000, 0.0000000E+000, 0.0000000E+000, 0.0000000E+000, 0.0000000E+000, 0.0000000E+000, 0.0000000E+000, 0.0000000E+000, 0.0000000E+000, 0.0000000E+000, 0.0000000E+000, 0.0000000E+000, 0.0000000E+000, 0.0000000E+000, 0.0000000E+000, 0.0000000E+000, 0.0000000E+000, 0.0000000E+000, 0.0000000E+000, 0.0000000E+000, 0.0000000E+000, 0.0000000E+000, 0.0000000E+000, 0.0000000E+000, 0.0000000E+000, 0.0000000E+000, 0.0000000E+000, 0.0000000E+000, 0.0000000E+000, 0.0000000E+000, 0.0000000E+000, 0.0000000E+000, 0.0000000E+000, 0.0000000E+000, 0.0000000E+000, 0.0000000E+000, 0.0000000E+000, 0.0000000E+000
-1.1599550E+002, 0.0000000E+000, 0.0000000E+000, 0.0000000E+000, 0.0000000E+000, 0.0000000E+000, 0.0000000E+000, 0.0000000E+000, 0.0000000E+000, 0.0000000E+000, 0.0000000E+000, 0.0000000E+000, 0.0000000E+000, 0.0000000E+000, 0.0000000E+000, 0.0000000E+000, 0.0000000E+000, 0.0000000E+000, 0.0000000E+000, 0.0000000E+000, 0.0000000E+000, 0.0000000E+000, 0.0000000E+000, 0.0000000E+000, 0.0000000E+000, 0.0000000E+000, 0.0000000E+000, 0.0000000E+000, 0.0000000E+000, 0.0000000E+000, 0.0000000E+000, 0.0000000E+000, 0.0000000E+000, 0.0000000E+000, 0.0000000E+000, 0.0000000E+000, 0.0000000E+000, 0.0000000E+000, 0.0000000E+000, 0.0000000E+000, 0.0000000E+000, 0.0000000E+000, 0.0000000E+000, 0.0000000E+000, 0.0000000E+000, 0.0000000E+000
-1.1493884E+002, 0.0000000E+000, 0.0000000E+000, 0.0000000E+000, 0.0000000E+000, 0.0000000E+000, 0.0000000E+000, 0.0000000E+000, 0.0000000E+000, 0.0000000E+000, 0.0000000E+000, 0.0000000E+000, 0.0000000E+000, 0.0000000E+000, 0.0000000E+000, 0.0000000E+000, 0.0000000E+000, 0.0000000E+000, 0.0000000E+000, 0.0000000E+000, 0.0000000E+000, 0.0000000E+000, 0.0000000E+000, 0.0000000E+000, 0.0000000E+000, 0.0000000E+000, 0.0000000E+000, 0.0000000E+000, 0.0000000E+000, 0.0000000E+000, 0.0000000E+000, 0.0000000E+000, 0.0000000E+000, 0.0000000E+000, 0.0000000E+000, 0.0000000E+000, 0.0000000E+000, 0.0000000E+000, 0.0000000E+000, 0.0000000E+000, 0.0000000E+000, 0.0000000E+000, 0.0000000E+000, 0.0000000E+000, 0.0000000E+000, 0.0000000E+000
-1.1397823E+002, 0.0000000E+000, 0.0000000E+000, 0.0000000E+000, 0.0000000E+000, 0.0000000E+000, 0.0000000E+000, 0.0000000E+000, 0.0000000E+000, 0.0000000E+000, 0.0000000E+000, 0.0000000E+000, 0.0000000E+000, 0.0000000E+000, 0.0000000E+000, 0.0000000E+000, 0.0000000E+000, 0.0000000E+000, 0.0000000E+000, 0.0000000E+000, 0.0000000E+000, 0.0000000E+000, 0.0000000E+000, 0.0000000E+000, 0.0000000E+000, 0.0000000E+000, 0.0000000E+000, 0.0000000E+000, 0.0000000E+000, 0.0000000E+000, 0.0000000E+000, 0.0000000E+000, 0.0000000E+000, 0.0000000E+000, 0.0000000E+000, 0.0000000E+000, 0.0000000E+000, 0.0000000E+000, 0.0000000E+000, 0.0000000E+000, 0.0000000E+000, 0.0000000E+000, 0.0000000E+000, 0.0000000E+000, 0.0000000E+000, 0.0000000E+000
-1.1292156E+002, 0.0000000E+000, 0.0000000E+000, 0.0000000E+000, 0.0000000E+000, 0.0000000E+000, 0.0000000E+000, 0.0000000E+000, 0.0000000E+000, 0.0000000E+000, 0.0000000E+000, 0.0000000E+000, 0.0000000E+000, 0.0000000E+000, 0.0000000E+000, 0.0000000E+000, 0.0000000E+000, 0.0000000E+000, 0.0000000E+000, 0.0000000E+000, 0.0000000E+000, 0.0000000E+000, 0.0000000E+000, 0.0000000E+000, 0.0000000E+000, 0.0000000E+000, 0.0000000E+000, 0.0000000E+000, 0.0000000E+000, 0.0000000E+000, 0.0000000E+000, 0.0000000E+000, 0.0000000E+000, 0.0000000E+000, 0.0000000E+000, 0.0000000E+000, 0.0000000E+000, 0.0000000E+000, 0.0000000E+000, 0.0000000E+000, 0.0000000E+000, 0.0000000E+000, 0.0000000E+000, 0.0000000E+000, 0.0000000E+000, 0.0000000E+000
-1.1196096E+002, 0.0000000E+000, 0.0000000E+000, 0.0000000E+000, 0.0000000E+000, 0.0000000E+000, 0.0000000E+000, 0.0000000E+000, 0.0000000E+000, 0.0000000E+000, 0.0000000E+000, 0.0000000E+000, 0.0000000E+000, 0.0000000E+000, 0.0000000E+000, 0.0000000E+000, 0.0000000E+000, 0.0000000E+000, 0.0000000E+000, 0.0000000E+000, 0.0000000E+000, 0.0000000E+000, 0.0000000E+000, 0.0000000E+000, 0.0000000E+000, 0.0000000E+000, 0.0000000E+000, 0.0000000E+000, 0.0000000E+000, 0.0000000E+000, 0.0000000E+000, 0.0000000E+000, 0.0000000E+000, 0.0000000E+000, 0.0000000E+000, 0.0000000E+000, 0.0000000E+000, 0.0000000E+000, 0.0000000E+000, 0.0000000E+000, 0.0000000E+000, 0.0000000E+000, 0.0000000E+000, 0.0000000E+000, 0.0000000E+000, 0.0000000E+000
-1.1090429E+002, 0.0000000E+000, 0.0000000E+000, 0.0000000E+000, 0.0000000E+000, 0.0000000E+000, 0.0000000E+000, 0.0000000E+000, 0.0000000E+000, 0.0000000E+000, 0.0000000E+000, 0.0000000E+000, 0.0000000E+000, 0.0000000E+000, 0.0000000E+000, 0.0000000E+000, 0.0000000E+000, 0.0000000E+000, 0.0000000E+000, 0.0000000E+000, 0.0000000E+000, 0.0000000E+000, 0.0000000E+000, 0.0000000E+000, 0.0000000E+000, 0.0000000E+000, 0.0000000E+000, 0.0000000E+000, 0.0000000E+000, 0.0000000E+000, 0.0000000E+000, 0.0000000E+000, 0.0000000E+000, 0.0000000E+000, 0.0000000E+000, 0.0000000E+000, 0.0000000E+000, 0.0000000E+000, 0.0000000E+000, 0.0000000E+000, 0.0000000E+000, 0.0000000E+000, 0.0000000E+000, 0.0000000E+000, 0.0000000E+000, 0.0000000E+000
-1.0994369E+002, 0.0000000E+000, 0.0000000E+000, 0.0000000E+000, 0.0000000E+000, 0.0000000E+000, 0.0000000E+000, 0.0000000E+000, 0.0000000E+000, 0.0000000E+000, 0.0000000E+000, 0.0000000E+000, 0.0000000E+000, 0.0000000E+000, 0.0000000E+000, 0.0000000E+000, 0.0000000E+000, 0.0000000E+000, 0.0000000E+000, 0.0000000E+000, 0.0000000E+000, 0.0000000E+000, 0.0000000E+000, 0.0000000E+000, 0.0000000E+000, 0.0000000E+000, 0.0000000E+000, 0.0000000E+000, 0.0000000E+000, 0.0000000E+000, 0.0000000E+000, 0.0000000E+000, 0.0000000E+000, 0.0000000E+000, 0.0000000E+000, 0.0000000E+000, 0.0000000E+000, 0.0000000E+000, 0.0000000E+000, 0.0000000E+000, 0.0000000E+000, 0.0000000E+000, 0.0000000E+000, 0.0000000E+000, 0.0000000E+000, 0.0000000E+000
-1.0898308E+002, 0.0000000E+000, 0.0000000E+000, 0.0000000E+000, 0.0000000E+000, 0.0000000E+000, 0.0000000E+000, 0.0000000E+000, 0.0000000E+000, 0.0000000E+000, 0.0000000E+000, 0.0000000E+000, 0.0000000E+000, 0.0000000E+000, 0.0000000E+000, 0.0000000E+000, 0.0000000E+000, 0.0000000E+000, 0.0000000E+000, 0.0000000E+000, 0.0000000E+000, 0.0000000E+000, 0.0000000E+000, 0.0000000E+000, 0.0000000E+000, 0.0000000E+000, 0.0000000E+000, 0.0000000E+000, 0.0000000E+000, 0.0000000E+000, 0.0000000E+000, 0.0000000E+000, 0.0000000E+000, 0.0000000E+000, 0.0000000E+000, 0.0000000E+000, 0.0000000E+000, 0.0000000E+000, 0.0000000E+000, 0.0000000E+000, 0.0000000E+000, 0.0000000E+000, 0.0000000E+000, 0.0000000E+000, 0.0000000E+000, 0.0000000E+000
-1.0792641E+002, 0.0000000E+000, 0.0000000E+000, 0.0000000E+000, 0.0000000E+000, 0.0000000E+000, 0.0000000E+000, 0.0000000E+000, 0.0000000E+000, 0.0000000E+000, 0.0000000E+000, 0.0000000E+000, 0.0000000E+000, 0.0000000E+000, 0.0000000E+000, 0.0000000E+000, 0.0000000E+000, 0.0000000E+000, 0.0000000E+000, 0.0000000E+000, 0.0000000E+000, 0.0000000E+000, 0.0000000E+000, 0.0000000E+000, 0.0000000E+000, 0.0000000E+000, 0.0000000E+000, 0.0000000E+000, 0.0000000E+000, 0.0000000E+000, 0.0000000E+000, 0.0000000E+000, 0.0000000E+000, 0.0000000E+000, 0.0000000E+000, 0.0000000E+000, 0.0000000E+000, 0.0000000E+000, 0.0000000E+000, 0.0000000E+000, 0.0000000E+000, 0.0000000E+000, 0.0000000E+000, 0.0000000E+000, 0.0000000E+000, 0.0000000E+000
-1.0696581E+002, 0.0000000E+000, 0.0000000E+000, 0.0000000E+000, 0.0000000E+000, 0.0000000E+000, 0.0000000E+000, 0.0000000E+000, 0.0000000E+000, 0.0000000E+000, 0.0000000E+000, 0.0000000E+000, 0.0000000E+000, 0.0000000E+000, 0.0000000E+000, 0.0000000E+000, 0.0000000E+000, 0.0000000E+000, 0.0000000E+000, 0.0000000E+000, 0.0000000E+000, 0.0000000E+000, 0.0000000E+000, 0.0000000E+000, 0.0000000E+000, 0.0000000E+000, 0.0000000E+000, 0.0000000E+000, 0.0000000E+000, 0.0000000E+000, 0.0000000E+000, 0.0000000E+000, 0.0000000E+000, 0.0000000E+000, 0.0000000E+000, 0.0000000E+000, 0.0000000E+000, 0.0000000E+000, 0.0000000E+000, 0.0000000E+000, 0.0000000E+000, 0.0000000E+000, 0.0000000E+000, 0.0000000E+000, 0.0000000E+000, 0.0000000E+000
-1.0590914E+002, 0.0000000E+000, 0.0000000E+000, 0.0000000E+000, 0.0000000E+000, 0.0000000E+000, 0.0000000E+000, 0.0000000E+000, 0.0000000E+000, 0.0000000E+000, 0.0000000E+000, 0.0000000E+000, 0.0000000E+000, 0.0000000E+000, 0.0000000E+000, 0.0000000E+000, 0.0000000E+000, 0.0000000E+000, 0.0000000E+000, 0.0000000E+000, 0.0000000E+000, 0.0000000E+000, 0.0000000E+000, 0.0000000E+000, 0.0000000E+000, 0.0000000E+000, 0.0000000E+000, 0.0000000E+000, 0.0000000E+000, 0.0000000E+000, 0.0000000E+000, 0.0000000E+000, 0.0000000E+000, 0.0000000E+000, 0.0000000E+000, 0.0000000E+000, 0.0000000E+000, 0.0000000E+000, 0.0000000E+000, 0.0000000E+000, 0.0000000E+000, 0.0000000E+000, 0.0000000E+000, 0.0000000E+000, 0.0000000E+000, 0.0000000E+000
-1.0494854E+002, 0.0000000E+000, 0.0000000E+000, 0.0000000E+000, 0.0000000E+000, 0.0000000E+000, 0.0000000E+000, 0.0000000E+000, 0.0000000E+000, 0.0000000E+000, 0.0000000E+000, 0.0000000E+000, 0.0000000E+000, 0.0000000E+000, 0.0000000E+000, 0.0000000E+000, 0.0000000E+000, 0.0000000E+000, 0.0000000E+000, 0.0000000E+000, 0.0000000E+000, 0.0000000E+000, 0.0000000E+000, 0.0000000E+000, 0.0000000E+000, 0.0000000E+000, 0.0000000E+000, 0.0000000E+000, 0.0000000E+000, 0.0000000E+000, 0.0000000E+000, 0.0000000E+000, 0.0000000E+000, 0.0000000E+000, 0.0000000E+000, 0.0000000E+000, 0.0000000E+000, 0.0000000E+000, 0.0000000E+000, 0.0000000E+000, 0.0000000E+000, 0.0000000E+000, 0.0000000E+000, 0.0000000E+000, 0.0000000E+000, 0.0000000E+000
-1.0398793E+002, 0.0000000E+000, 0.0000000E+000, 0.0000000E+000, 0.0000000E+000, 0.0000000E+000, 0.0000000E+000, 0.0000000E+000, 0.0000000E+000, 0.0000000E+000, 0.0000000E+000, 0.0000000E+000, 0.0000000E+000, 0.0000000E+000, 0.0000000E+000, 0.0000000E+000, 0.0000000E+000, 0.0000000E+000, 0.0000000E+000, 0.0000000E+000, 0.0000000E+000, 0.0000000E+000, 0.0000000E+000, 0.0000000E+000, 0.0000000E+000, 0.0000000E+000, 0.0000000E+000, 0.0000000E+000, 0.0000000E+000, 0.0000000E+000, 0.0000000E+000, 0.0000000E+000, 0.0000000E+000, 0.0000000E+000, 0.0000000E+000, 0.0000000E+000, 0.0000000E+000, 0.0000000E+000, 0.0000000E+000, 0.0000000E+000, 0.0000000E+000, 0.0000000E+000, 0.0000000E+000, 0.0000000E+000, 0.0000000E+000, 0.0000000E+000
-1.0293126E+002, 0.0000000E+000, 0.0000000E+000, 0.0000000E+000, 0.0000000E+000, 0.0000000E+000, 0.0000000E+000, 0.0000000E+000, 0.0000000E+000, 0.0000000E+000, 0.0000000E+000, 0.0000000E+000, 0.0000000E+000, 0.0000000E+000, 0.0000000E+000, 0.0000000E+000, 0.0000000E+000, 0.0000000E+000, 0.0000000E+000, 0.0000000E+000, 0.0000000E+000, 0.0000000E+000, 0.0000000E+000, 0.0000000E+000, 0.0000000E+000, 0.0000000E+000, 0.0000000E+000, 0.0000000E+000, 0.0000000E+000, 0.0000000E+000, 0.0000000E+000, 0.0000000E+000, 0.0000000E+000, 0.0000000E+000, 0.0000000E+000, 0.0000000E+000, 0.0000000E+000, 0.0000000E+000, 0.0000000E+000, 0.0000000E+000, 0.0000000E+000, 0.0000000E+000, 0.0000000E+000, 0.0000000E+000, 0.0000000E+000, 0.0000000E+000
-1.0197066E+002, 0.0000000E+000, 0.0000000E+000, 0.0000000E+000, 0.0000000E+000, 0.0000000E+000, 0.0000000E+000, 0.0000000E+000, 0.0000000E+000, 0.0000000E+000, 0.0000000E+000, 0.0000000E+000, 0.0000000E+000, 0.0000000E+000, 0.0000000E+000, 0.0000000E+000, 0.0000000E+000, 0.0000000E+000, 0.0000000E+000, 0.0000000E+000, 0.0000000E+000, 0.0000000E+000, 0.0000000E+000, 0.0000000E+000, 0.0000000E+000, 0.0000000E+000, 0.0000000E+000, 0.0000000E+000, 0.0000000E+000, 0.0000000E+000, 0.0000000E+000, 0.0000000E+000, 0.0000000E+000, 0.0000000E+000, 0.0000000E+000, 0.0000000E+000, 0.0000000E+000, 0.0000000E+000, 0.0000000E+000, 0.0000000E+000, 0.0000000E+000, 0.0000000E+000, 0.0000000E+000, 0.0000000E+000, 0.0000000E+000, 0.0000000E+000
-1.0091399E+002, 0.0000000E+000, 0.0000000E+000, 0.0000000E+000, 0.0000000E+000, 0.0000000E+000, 0.0000000E+000, 0.0000000E+000, 0.0000000E+000, 0.0000000E+000, 0.0000000E+000, 0.0000000E+000, 0.0000000E+000, 0.0000000E+000, 0.0000000E+000, 0.0000000E+000, 0.0000000E+000, 0.0000000E+000, 0.0000000E+000, 0.0000000E+000, 0.0000000E+000, 0.0000000E+000, 0.0000000E+000, 0.0000000E+000, 0.0000000E+000, 0.0000000E+000, 0.0000000E+000, 0.0000000E+000, 0.0000000E+000, 0.0000000E+000, 0.0000000E+000, 0.0000000E+000, 0.0000000E+000, 0.0000000E+000, 0.0000000E+000, 0.0000000E+000, 0.0000000E+000, 0.0000000E+000, 0.0000000E+000, 0.0000000E+000, 0.0000000E+000, 0.0000000E+000, 0.0000000E+000, 0.0000000E+000, 0.0000000E+000, 0.0000000E+000
-9.9953387E+001, 0.0000000E+000, 0.0000000E+000, 0.0000000E+000, 0.0000000E+000, 0.0000000E+000, 0.0000000E+000, 0.0000000E+000, 0.0000000E+000, 0.0000000E+000, 0.0000000E+000, 0.0000000E+000, 0.0000000E+000, 0.0000000E+000, 0.0000000E+000, 0.0000000E+000, 0.0000000E+000, 0.0000000E+000, 0.0000000E+000, 0.0000000E+000, 0.0000000E+000, 0.0000000E+000, 0.0000000E+000, 0.0000000E+000, 0.0000000E+000, 0.0000000E+000, 0.0000000E+000, 0.0000000E+000, 0.0000000E+000, 0.0000000E+000, 0.0000000E+000, 0.0000000E+000, 0.0000000E+000, 0.0000000E+000, 0.0000000E+000, 0.0000000E+000, 0.0000000E+000, 0.0000000E+000, 0.0000000E+000, 0.0000000E+000, 0.0000000E+000, 0.0000000E+000, 0.0000000E+000, 0.0000000E+000, 0.0000000E+000, 0.0000000E+000
-9.8992781E+001, 0.0000000E+000, 0.0000000E+000, 0.0000000E+000, 0.0000000E+000, 0.0000000E+000, 0.0000000E+000, 0.0000000E+000, 0.0000000E+000, 0.0000000E+000, 0.0000000E+000, 0.0000000E+000, 0.0000000E+000, 0.0000000E+000, 0.0000000E+000, 0.0000000E+000, 0.0000000E+000, 0.0000000E+000, 0.0000000E+000, 0.0000000E+000, 0.0000000E+000, 0.0000000E+000, 0.0000000E+000, 0.0000000E+000, 0.0000000E+000, 0.0000000E+000, 0.0000000E+000, 0.0000000E+000, 0.0000000E+000, 0.0000000E+000, 0.0000000E+000, 0.0000000E+000, 0.0000000E+000, 0.0000000E+000, 0.0000000E+000, 0.0000000E+000, 0.0000000E+000, 0.0000000E+000, 0.0000000E+000, 0.0000000E+000, 0.0000000E+000, 0.0000000E+000, 0.0000000E+000, 0.0000000E+000, 0.0000000E+000, 0.0000000E+000
-9.7936115E+001, 0.0000000E+000, 0.0000000E+000, 0.0000000E+000, 0.0000000E+000, 0.0000000E+000, 0.0000000E+000, 0.0000000E+000, 0.0000000E+000, 0.0000000E+000, 0.0000000E+000, 0.0000000E+000, 0.0000000E+000, 0.0000000E+000, 0.0000000E+000, 0.0000000E+000, 0.0000000E+000, 0.0000000E+000, 0.0000000E+000, 0.0000000E+000, 0.0000000E+000, 0.0000000E+000, 0.0000000E+000, 0.0000000E+000, 0.0000000E+000, 0.0000000E+000, 0.0000000E+000, 0.0000000E+000, 0.0000000E+000, 0.0000000E+000, 0.0000000E+000, 0.0000000E+000, 0.0000000E+000, 0.0000000E+000, 0.0000000E+000, 0.0000000E+000, 0.0000000E+000, 0.0000000E+000, 0.0000000E+000, 0.0000000E+000, 0.0000000E+000, 0.0000000E+000, 0.0000000E+000, 0.0000000E+000, 0.0000000E+000, 0.0000000E+000
-9.6975509E+001, 0.0000000E+000, 0.0000000E+000, 0.0000000E+000, 0.0000000E+000, 0.0000000E+000, 0.0000000E+000, 0.0000000E+000, 0.0000000E+000, 0.0000000E+000, 0.0000000E+000, 0.0000000E+000, 0.0000000E+000, 0.0000000E+000, 0.0000000E+000, 0.0000000E+000, 0.0000000E+000, 0.0000000E+000, 0.0000000E+000, 0.0000000E+000, 0.0000000E+000, 0.0000000E+000, 0.0000000E+000, 0.0000000E+000, 0.0000000E+000, 0.0000000E+000, 0.0000000E+000, 0.0000000E+000, 0.0000000E+000, 0.0000000E+000, 0.0000000E+000, 0.0000000E+000, 0.0000000E+000, 0.0000000E+000, 0.0000000E+000, 0.0000000E+000, 0.0000000E+000, 0.0000000E+000, 0.0000000E+000, 0.0000000E+000, 0.0000000E+000, 0.0000000E+000, 0.0000000E+000, 0.0000000E+000, 0.0000000E+000, 0.0000000E+000
-9.5918843E+001, 0.0000000E+000, 0.0000000E+000, 0.0000000E+000, 0.0000000E+000, 0.0000000E+000, 0.0000000E+000, 0.0000000E+000, 0.0000000E+000, 0.0000000E+000, 0.0000000E+000, 0.0000000E+000, 0.0000000E+000, 0.0000000E+000, 0.0000000E+000, 0.0000000E+000, 0.0000000E+000, 0.0000000E+000, 0.0000000E+000, 0.0000000E+000, 0.0000000E+000, 0.0000000E+000, 0.0000000E+000, 0.0000000E+000, 0.0000000E+000, 0.0000000E+000, 0.0000000E+000, 0.0000000E+000, 0.0000000E+000, 0.0000000E+000, 0.0000000E+000, 0.0000000E+000, 0.0000000E+000, 0.0000000E+000, 0.0000000E+000, 0.0000000E+000, 0.0000000E+000, 0.0000000E+000, 0.0000000E+000, 0.0000000E+000, 0.0000000E+000, 0.0000000E+000, 0.0000000E+000, 0.0000000E+000, 0.0000000E+000, 0.0000000E+000
-9.4958237E+001, 0.0000000E+000, 0.0000000E+000, 0.0000000E+000, 0.0000000E+000, 0.0000000E+000, 0.0000000E+000, 0.0000000E+000, 0.0000000E+000, 0.0000000E+000, 0.0000000E+000, 0.0000000E+000, 0.0000000E+000, 0.0000000E+000, 0.0000000E+000, 0.0000000E+000, 0.0000000E+000, 0.0000000E+000, 0.0000000E+000, 0.0000000E+000, 0.0000000E+000, 0.0000000E+000, 0.0000000E+000, 0.0000000E+000, 0.0000000E+000, 0.0000000E+000, 0.0000000E+000, 0.0000000E+000, 0.0000000E+000, 0.0000000E+000, 0.0000000E+000, 0.0000000E+000, 0.0000000E+000, 0.0000000E+000, 0.0000000E+000, 0.0000000E+000, 0.0000000E+000, 0.0000000E+000, 0.0000000E+000, 0.0000000E+000, 0.0000000E+000, 0.0000000E+000, 0.0000000E+000, 0.0000000E+000, 0.0000000E+000, 0.0000000E+000
-9.3997632E+001, 0.0000000E+000, 0.0000000E+000, 0.0000000E+000, 0.0000000E+000, 0.0000000E+000, 0.0000000E+000, 0.0000000E+000, 0.0000000E+000, 0.0000000E+000, 0.0000000E+000, 0.0000000E+000, 0.0000000E+000, 0.0000000E+000, 0.0000000E+000, 0.0000000E+000, 0.0000000E+000, 0.0000000E+000, 0.0000000E+000, 0.0000000E+000, 0.0000000E+000, 0.0000000E+000, 0.0000000E+000, 0.0000000E+000, 0.0000000E+000, 0.0000000E+000, 0.0000000E+000, 0.0000000E+000, 0.0000000E+000, 0.0000000E+000, 0.0000000E+000, 0.0000000E+000, 0.0000000E+000, 0.0000000E+000, 0.0000000E+000, 0.0000000E+000, 0.0000000E+000, 0.0000000E+000, 0.0000000E+000, 0.0000000E+000, 0.0000000E+000, 0.0000000E+000, 0.0000000E+000, 0.0000000E+000, 0.0000000E+000, 0.0000000E+000
-9.2940965E+001, 0.0000000E+000, 0.0000000E+000, 0.0000000E+000, 0.0000000E+000, 0.0000000E+000, 0.0000000E+000, 0.0000000E+000, 0.0000000E+000, 0.0000000E+000, 0.0000000E+000, 0.0000000E+000, 0.0000000E+000, 0.0000000E+000, 0.0000000E+000, 0.0000000E+000, 0.0000000E+000, 0.0000000E+000, 0.0000000E+000, 0.0000000E+000, 0.0000000E+000, 0.0000000E+000, 0.0000000E+000, 0.0000000E+000, 0.0000000E+000, 0.0000000E+000, 0.0000000E+000, 0.0000000E+000, 0.0000000E+000, 0.0000000E+000, 0.0000000E+000, 0.0000000E+000, 0.0000000E+000, 0.0000000E+000, 0.0000000E+000, 0.0000000E+000, 0.0000000E+000, 0.0000000E+000, 0.0000000E+000, 0.0000000E+000, 0.0000000E+000, 0.0000000E+000, 0.0000000E+000, 0.0000000E+000, 0.0000000E+000, 0.0000000E+000
-9.1980360E+001, 0.0000000E+000, 0.0000000E+000, 0.0000000E+000, 0.0000000E+000, 0.0000000E+000, 0.0000000E+000, 0.0000000E+000, 0.0000000E+000, 0.0000000E+000, 0.0000000E+000, 0.0000000E+000, 0.0000000E+000, 0.0000000E+000, 0.0000000E+000, 0.0000000E+000, 0.0000000E+000, 0.0000000E+000, 0.0000000E+000, 0.0000000E+000, 0.0000000E+000, 0.0000000E+000, 0.0000000E+000, 0.0000000E+000, 0.0000000E+000, 0.0000000E+000, 0.0000000E+000, 0.0000000E+000, 0.0000000E+000, 0.0000000E+000, 0.0000000E+000, 0.0000000E+000, 0.0000000E+000, 0.0000000E+000, 0.0000000E+000, 0.0000000E+000, 0.0000000E+000, 0.0000000E+000, 0.0000000E+000, 0.0000000E+000, 0.0000000E+000, 0.0000000E+000, 0.0000000E+000, 0.0000000E+000, 0.0000000E+000, 0.0000000E+000
-9.0923693E+001, 0.0000000E+000, 0.0000000E+000, 0.0000000E+000, 0.0000000E+000, 0.0000000E+000, 0.0000000E+000, 0.0000000E+000, 0.0000000E+000, 0.0000000E+000, 0.0000000E+000, 0.0000000E+000, 0.0000000E+000, 0.0000000E+000, 0.0000000E+000, 0.0000000E+000, 0.0000000E+000, 0.0000000E+000, 0.0000000E+000, 0.0000000E+000, 0.0000000E+000, 0.0000000E+000, 0.0000000E+000, 0.0000000E+000, 0.0000000E+000, 0.0000000E+000, 0.0000000E+000, 0.0000000E+000, 0.0000000E+000, 0.0000000E+000, 0.0000000E+000, 0.0000000E+000, 0.0000000E+000, 0.0000000E+000, 0.0000000E+000, 0.0000000E+000, 0.0000000E+000, 0.0000000E+000, 0.0000000E+000, 0.0000000E+000, 0.0000000E+000, 0.0000000E+000, 0.0000000E+000, 0.0000000E+000, 0.0000000E+000, 0.0000000E+000
-8.9963088E+001, 0.0000000E+000, 0.0000000E+000, 0.0000000E+000, 0.0000000E+000, 0.0000000E+000, 0.0000000E+000, 0.0000000E+000, 0.0000000E+000, 0.0000000E+000, 0.0000000E+000, 0.0000000E+000, 0.0000000E+000, 0.0000000E+000, 0.0000000E+000, 0.0000000E+000, 0.0000000E+000, 0.0000000E+000, 0.0000000E+000, 0.0000000E+000, 0.0000000E+000, 0.0000000E+000, 0.0000000E+000, 0.0000000E+000, 0.0000000E+000, 0.0000000E+000, 0.0000000E+000, 0.0000000E+000, 0.0000000E+000, 0.0000000E+000, 0.0000000E+000, 0.0000000E+000, 0.0000000E+000, 0.0000000E+000, 0.0000000E+000, 0.0000000E+000, 0.0000000E+000, 0.0000000E+000, 0.0000000E+000, 0.0000000E+000, 0.0000000E+000, 0.0000000E+000, 0.0000000E+000, 0.0000000E+000, 0.0000000E+000, 0.0000000E+000
-8.8906421E+001, 0.0000000E+000, 0.0000000E+000, 0.0000000E+000, 0.0000000E+000, 0.0000000E+000, 0.0000000E+000, 0.0000000E+000, 0.0000000E+000, 0.0000000E+000, 0.0000000E+000, 0.0000000E+000, 0.0000000E+000, 0.0000000E+000, 0.0000000E+000, 0.0000000E+000, 0.0000000E+000, 0.0000000E+000, 0.0000000E+000, 0.0000000E+000, 0.0000000E+000, 0.0000000E+000, 0.0000000E+000, 0.0000000E+000, 0.0000000E+000, 0.0000000E+000, 0.0000000E+000, 0.0000000E+000, 0.0000000E+000, 0.0000000E+000, 0.0000000E+000, 0.0000000E+000, 0.0000000E+000, 0.0000000E+000, 0.0000000E+000, 0.0000000E+000, 0.0000000E+000, 0.0000000E+000, 0.0000000E+000, 0.0000000E+000, 0.0000000E+000, 0.0000000E+000, 0.0000000E+000, 0.0000000E+000, 0.0000000E+000, 0.0000000E+000
-8.7945815E+001, 0.0000000E+000, 0.0000000E+000, 0.0000000E+000, 0.0000000E+000, 0.0000000E+000, 0.0000000E+000, 0.0000000E+000, 0.0000000E+000, 0.0000000E+000, 0.0000000E+000, 0.0000000E+000, 0.0000000E+000, 0.0000000E+000, 0.0000000E+000, 0.0000000E+000, 0.0000000E+000, 0.0000000E+000, 0.0000000E+000, 0.0000000E+000, 0.0000000E+000, 0.0000000E+000, 0.0000000E+000, 0.0000000E+000, 0.0000000E+000, 0.0000000E+000, 0.0000000E+000, 0.0000000E+000, 0.0000000E+000, 0.0000000E+000, 0.0000000E+000, 0.0000000E+000, 0.0000000E+000, 0.0000000E+000, 0.0000000E+000, 0.0000000E+000, 0.0000000E+000, 0.0000000E+000, 0.0000000E+000, 0.0000000E+000, 0.0000000E+000, 0.0000000E+000, 0.0000000E+000, 0.0000000E+000, 0.0000000E+000, 0.0000000E+000
-8.6985210E+001, 0.0000000E+000, 0.0000000E+000, 0.0000000E+000, 0.0000000E+000, 0.0000000E+000, 0.0000000E+000, 0.0000000E+000, 0.0000000E+000, 0.0000000E+000, 0.0000000E+000, 0.0000000E+000, 0.0000000E+000, 0.0000000E+000, 0.0000000E+000, 0.0000000E+000, 0.0000000E+000, 0.0000000E+000, 0.0000000E+000, 0.0000000E+000, 0.0000000E+000, 0.0000000E+000, 0.0000000E+000, 0.0000000E+000, 0.0000000E+000, 0.0000000E+000, 0.0000000E+000, 0.0000000E+000, 0.0000000E+000, 0.0000000E+000, 0.0000000E+000, 0.0000000E+000, 0.0000000E+000, 0.0000000E+000, 0.0000000E+000, 0.0000000E+000, 0.0000000E+000, 0.0000000E+000, 0.0000000E+000, 0.0000000E+000, 0.0000000E+000, 0.0000000E+000, 0.0000000E+000, 0.0000000E+000, 0.0000000E+000, 0.0000000E+000
-8.5928543E+001, 0.0000000E+000, 0.0000000E+000, 0.0000000E+000, 0.0000000E+000, 0.0000000E+000, 0.0000000E+000, 0.0000000E+000, 0.0000000E+000, 0.0000000E+000, 0.0000000E+000, 0.0000000E+000, 0.0000000E+000, 0.0000000E+000, 0.0000000E+000, 0.0000000E+000, 0.0000000E+000, 0.0000000E+000, 0.0000000E+000, 0.0000000E+000, 0.0000000E+000, 0.0000000E+000, 0.0000000E+000, 0.0000000E+000, 0.0000000E+000, 0.0000000E+000, 0.0000000E+000, 0.0000000E+000, 0.0000000E+000, 0.0000000E+000, 0.0000000E+000, 0.0000000E+000, 0.0000000E+000, 0.0000000E+000, 0.0000000E+000, 0.0000000E+000, 0.0000000E+000, 0.0000000E+000, 0.0000000E+000, 0.0000000E+000, 0.0000000E+000, 0.0000000E+000, 0.0000000E+000, 0.0000000E+000, 0.0000000E+000, 0.0000000E+000
-8.4967938E+001, 0.0000000E+000, 0.0000000E+000, 0.0000000E+000, 0.0000000E+000, 0.0000000E+000, 0.0000000E+000, 0.0000000E+000, 0.0000000E+000, 0.0000000E+000, 0.0000000E+000, 0.0000000E+000, 0.0000000E+000, 0.0000000E+000, 0.0000000E+000, 0.0000000E+000, 0.0000000E+000, 0.0000000E+000, 0.0000000E+000, 0.0000000E+000, 0.0000000E+000, 0.0000000E+000, 0.0000000E+000, 0.0000000E+000, 0.0000000E+000, 0.0000000E+000, 0.0000000E+000, 0.0000000E+000, 0.0000000E+000, 0.0000000E+000, 0.0000000E+000, 0.0000000E+000, 0.0000000E+000, 0.0000000E+000, 0.0000000E+000, 0.0000000E+000, 0.0000000E+000, 0.0000000E+000, 0.0000000E+000, 0.0000000E+000, 0.0000000E+000, 0.0000000E+000, 0.0000000E+000, 0.0000000E+000, 0.0000000E+000, 0.0000000E+000
-8.3911271E+001, 0.0000000E+000, 0.0000000E+000, 0.0000000E+000, 0.0000000E+000, 0.0000000E+000, 0.0000000E+000, 0.0000000E+000, 0.0000000E+000, 0.0000000E+000, 0.0000000E+000, 0.0000000E+000, 0.0000000E+000, 0.0000000E+000, 0.0000000E+000, 0.0000000E+000, 0.0000000E+000, 0.0000000E+000, 0.0000000E+000, 0.0000000E+000, 0.0000000E+000, 0.0000000E+000, 0.0000000E+000, 0.0000000E+000, 0.0000000E+000, 0.0000000E+000, 0.0000000E+000, 0.0000000E+000, 0.0000000E+000, 0.0000000E+000, 0.0000000E+000, 0.0000000E+000, 0.0000000E+000, 0.0000000E+000, 0.0000000E+000, 0.0000000E+000, 0.0000000E+000, 0.0000000E+000, 0.0000000E+000, 0.0000000E+000, 0.0000000E+000, 0.0000000E+000, 0.0000000E+000, 0.0000000E+000, 0.0000000E+000, 0.0000000E+000
-8.2950666E+001, 0.0000000E+000, 0.0000000E+000, 0.0000000E+000, 0.0000000E+000, 0.0000000E+000, 0.0000000E+000, 0.0000000E+000, 0.0000000E+000, 0.0000000E+000, 0.0000000E+000, 0.0000000E+000, 0.0000000E+000, 0.0000000E+000, 0.0000000E+000, 0.0000000E+000, 0.0000000E+000, 0.0000000E+000, 0.0000000E+000, 0.0000000E+000, 0.0000000E+000, 0.0000000E+000, 0.0000000E+000, 0.0000000E+000, 0.0000000E+000, 0.0000000E+000, 0.0000000E+000, 0.0000000E+000, 0.0000000E+000, 0.0000000E+000, 0.0000000E+000, 0.0000000E+000, 0.0000000E+000, 0.0000000E+000, 0.0000000E+000, 0.0000000E+000, 0.0000000E+000, 0.0000000E+000, 0.0000000E+000, 0.0000000E+000, 0.0000000E+000, 0.0000000E+000, 0.0000000E+000, 0.0000000E+000, 0.0000000E+000, 0.0000000E+000
-8.1990060E+001, 0.0000000E+000, 0.0000000E+000, 0.0000000E+000, 0.0000000E+000, 0.0000000E+000, 0.0000000E+000, 0.0000000E+000, 0.0000000E+000, 0.0000000E+000, 0.0000000E+000, 0.0000000E+000, 0.0000000E+000, 0.0000000E+000, 0.0000000E+000, 0.0000000E+000, 0.0000000E+000, 0.0000000E+000, 0.0000000E+000, 0.0000000E+000, 0.0000000E+000, 0.0000000E+000, 0.0000000E+000, 0.0000000E+000, 0.0000000E+000, 0.0000000E+000, 0.0000000E+000, 0.0000000E+000, 0.0000000E+000, 0.0000000E+000, 0.0000000E+000, 0.0000000E+000, 0.0000000E+000, 0.0000000E+000, 0.0000000E+000, 0.0000000E+000, 0.0000000E+000, 0.0000000E+000, 0.0000000E+000, 0.0000000E+000, 0.0000000E+000, 0.0000000E+000, 0.0000000E+000, 0.0000000E+000, 0.0000000E+000, 0.0000000E+000
-8.0933394E+001, 0.0000000E+000, 0.0000000E+000, 0.0000000E+000, 0.0000000E+000, 0.0000000E+000, 0.0000000E+000, 0.0000000E+000, 0.0000000E+000, 0.0000000E+000, 0.0000000E+000, 0.0000000E+000, 0.0000000E+000, 0.0000000E+000, 0.0000000E+000, 0.0000000E+000, 0.0000000E+000, 0.0000000E+000, 0.0000000E+000, 0.0000000E+000, 0.0000000E+000, 0.0000000E+000, 0.0000000E+000, 0.0000000E+000, 0.0000000E+000, 0.0000000E+000, 0.0000000E+000, 0.0000000E+000, 0.0000000E+000, 0.0000000E+000, 0.0000000E+000, 0.0000000E+000, 0.0000000E+000, 0.0000000E+000, 0.0000000E+000, 0.0000000E+000, 0.0000000E+000, 0.0000000E+000, 0.0000000E+000, 0.0000000E+000, 0.0000000E+000, 0.0000000E+000, 0.0000000E+000, 0.0000000E+000, 0.0000000E+000, 0.0000000E+000
-7.9972788E+001, 0.0000000E+000, 0.0000000E+000, 0.0000000E+000, 0.0000000E+000, 0.0000000E+000, 0.0000000E+000, 0.0000000E+000, 0.0000000E+000, 0.0000000E+000, 0.0000000E+000, 0.0000000E+000, 0.0000000E+000, 0.0000000E+000, 0.0000000E+000, 0.0000000E+000, 0.0000000E+000, 0.0000000E+000, 0.0000000E+000, 0.0000000E+000, 0.0000000E+000, 0.0000000E+000, 0.0000000E+000, 0.0000000E+000, 0.0000000E+000, 0.0000000E+000, 0.0000000E+000, 0.0000000E+000, 0.0000000E+000, 0.0000000E+000, 0.0000000E+000, 0.0000000E+000, 0.0000000E+000, 0.0000000E+000, 0.0000000E+000, 0.0000000E+000, 0.0000000E+000, 0.0000000E+000, 0.0000000E+000, 0.0000000E+000, 0.0000000E+000, 0.0000000E+000, 0.0000000E+000, 0.0000000E+000, 0.0000000E+000, 0.0000000E+000
-7.8946227E+001, 0.0000000E+000, 0.0000000E+000, 0.0000000E+000, 0.0000000E+000, 0.0000000E+000, 0.0000000E+000, 0.0000000E+000, 0.0000000E+000, 0.0000000E+000, 0.0000000E+000, 0.0000000E+000, 0.0000000E+000, 0.0000000E+000, 0.0000000E+000, 0.0000000E+000, 0.0000000E+000, 0.0000000E+000, 0.0000000E+000, 0.0000000E+000, 0.0000000E+000, 0.0000000E+000, 0.0000000E+000, 0.0000000E+000, 0.0000000E+000, 0.0000000E+000, 0.0000000E+000, 0.0000000E+000, 0.0000000E+000, 0.0000000E+000, 0.0000000E+000, 0.0000000E+000, 0.0000000E+000, 0.0000000E+000, 0.0000000E+000, 0.0000000E+000, 0.0000000E+000, 0.0000000E+000, 0.0000000E+000, 0.0000000E+000, 0.0000000E+000, 0.0000000E+000, 0.0000000E+000, 0.0000000E+000, 0.0000000E+000, 0.0000000E+000
-7.7999946E+001, 0.0000000E+000, 0.0000000E+000, 0.0000000E+000, 0.0000000E+000, 0.0000000E+000, 0.0000000E+000, 0.0000000E+000, 0.0000000E+000, 0.0000000E+000, 0.0000000E+000, 0.0000000E+000, 0.0000000E+000, 0.0000000E+000, 0.0000000E+000, 0.0000000E+000, 0.0000000E+000, 0.0000000E+000, 0.0000000E+000, 0.0000000E+000, 0.0000000E+000, 0.0000000E+000, 0.0000000E+000, 0.0000000E+000, 0.0000000E+000, 0.0000000E+000, 0.0000000E+000, 0.0000000E+000, 0.0000000E+000, 0.0000000E+000, 0.0000000E+000, 0.0000000E+000, 0.0000000E+000, 0.0000000E+000, 0.0000000E+000, 0.0000000E+000, 0.0000000E+000, 0.0000000E+000, 0.0000000E+000, 0.0000000E+000, 0.0000000E+000, 0.0000000E+000, 0.0000000E+000, 0.0000000E+000, 0.0000000E+000, 0.0000000E+000
-7.6959038E+001, 0.0000000E+000, 0.0000000E+000, 0.0000000E+000, 0.0000000E+000, 0.0000000E+000, 0.0000000E+000, 0.0000000E+000, 0.0000000E+000, 0.0000000E+000, 0.0000000E+000, 0.0000000E+000, 0.0000000E+000, 0.0000000E+000, 0.0000000E+000, 0.0000000E+000, 0.0000000E+000, 0.0000000E+000, 0.0000000E+000, 0.0000000E+000, 0.0000000E+000, 0.0000000E+000, 0.0000000E+000, 0.0000000E+000, 0.0000000E+000, 0.0000000E+000, 0.0000000E+000, 0.0000000E+000, 0.0000000E+000, 0.0000000E+000, 0.0000000E+000, 0.0000000E+000, 0.0000000E+000, 0.0000000E+000, 0.0000000E+000, 0.0000000E+000, 0.0000000E+000, 0.0000000E+000, 0.0000000E+000, 0.0000000E+000, 0.0000000E+000, 0.0000000E+000, 0.0000000E+000, 0.0000000E+000, 0.0000000E+000, 0.0000000E+000
-7.5918129E+001, 0.0000000E+000, 0.0000000E+000, 0.0000000E+000, 0.0000000E+000, 0.0000000E+000, 0.0000000E+000, 0.0000000E+000, 0.0000000E+000, 0.0000000E+000, 0.0000000E+000, 0.0000000E+000, 0.0000000E+000, 0.0000000E+000, 0.0000000E+000, 0.0000000E+000, 0.0000000E+000, 0.0000000E+000, 0.0000000E+000, 0.0000000E+000, 0.0000000E+000, 0.0000000E+000, 0.0000000E+000, 0.0000000E+000, 0.0000000E+000, 0.0000000E+000, 0.0000000E+000, 0.0000000E+000, 0.0000000E+000, 0.0000000E+000, 0.0000000E+000, 0.0000000E+000, 0.0000000E+000, 0.0000000E+000, 0.0000000E+000, 0.0000000E+000, 0.0000000E+000, 0.0000000E+000, 0.0000000E+000, 0.0000000E+000, 0.0000000E+000, 0.0000000E+000, 0.0000000E+000, 0.0000000E+000, 0.0000000E+000, 0.0000000E+000
-7.4971849E+001, 0.0000000E+000, 0.0000000E+000, 0.0000000E+000, 0.0000000E+000, 0.0000000E+000, 0.0000000E+000, 0.0000000E+000, 0.0000000E+000, 0.0000000E+000, 0.0000000E+000, 0.0000000E+000, 0.0000000E+000, 0.0000000E+000, 0.0000000E+000, 0.0000000E+000, 0.0000000E+000, 0.0000000E+000, 0.0000000E+000, 0.0000000E+000, 0.0000000E+000, 0.0000000E+000, 0.0000000E+000, 0.0000000E+000, 0.0000000E+000, 0.0000000E+000, 0.0000000E+000, 0.0000000E+000, 0.0000000E+000, 0.0000000E+000, 0.0000000E+000, 0.0000000E+000, 0.0000000E+000, 0.0000000E+000, 0.0000000E+000, 0.0000000E+000, 0.0000000E+000, 0.0000000E+000, 0.0000000E+000, 0.0000000E+000, 0.0000000E+000, 0.0000000E+000, 0.0000000E+000, 0.0000000E+000, 0.0000000E+000, 0.0000000E+000
-7.3930940E+001, 0.0000000E+000, 0.0000000E+000, 0.0000000E+000, 0.0000000E+000, 0.0000000E+000, 0.0000000E+000, 0.0000000E+000, 0.0000000E+000, 0.0000000E+000, 0.0000000E+000, 0.0000000E+000, 0.0000000E+000, 0.0000000E+000, 0.0000000E+000, 0.0000000E+000, 0.0000000E+000, 0.0000000E+000, 0.0000000E+000, 0.0000000E+000, 0.0000000E+000, 0.0000000E+000, 0.0000000E+000, 0.0000000E+000, 0.0000000E+000, 0.0000000E+000, 0.0000000E+000, 0.0000000E+000, 0.0000000E+000, 0.0000000E+000, 0.0000000E+000, 0.0000000E+000, 0.0000000E+000, 0.0000000E+000, 0.0000000E+000, 0.0000000E+000, 0.0000000E+000, 0.0000000E+000, 0.0000000E+000, 0.0000000E+000, 0.0000000E+000, 0.0000000E+000, 0.0000000E+000, 0.0000000E+000, 0.0000000E+000, 0.0000000E+000
-7.2984660E+001, 0.0000000E+000, 0.0000000E+000, 0.0000000E+000, 0.0000000E+000, 0.0000000E+000, 0.0000000E+000, 0.0000000E+000, 0.0000000E+000, 0.0000000E+000, 0.0000000E+000, 0.0000000E+000, 0.0000000E+000, 0.0000000E+000, 0.0000000E+000, 0.0000000E+000, 0.0000000E+000, 0.0000000E+000, 0.0000000E+000, 0.0000000E+000, 0.0000000E+000, 0.0000000E+000, 0.0000000E+000, 0.0000000E+000, 0.0000000E+000, 0.0000000E+000, 0.0000000E+000, 0.0000000E+000, 0.0000000E+000, 0.0000000E+000, 0.0000000E+000, 0.0000000E+000, 0.0000000E+000, 0.0000000E+000, 0.0000000E+000, 0.0000000E+000, 0.0000000E+000, 0.0000000E+000, 0.0000000E+000, 0.0000000E+000, 0.0000000E+000, 0.0000000E+000, 0.0000000E+000, 0.0000000E+000, 0.0000000E+000, 0.0000000E+000
-7.1943751E+001, 0.0000000E+000, 0.0000000E+000, 0.0000000E+000, 0.0000000E+000, 0.0000000E+000, 0.0000000E+000, 0.0000000E+000, 0.0000000E+000, 0.0000000E+000, 0.0000000E+000, 0.0000000E+000, 0.0000000E+000, 0.0000000E+000, 0.0000000E+000, 0.0000000E+000, 0.0000000E+000, 0.0000000E+000, 0.0000000E+000, 0.0000000E+000, 0.0000000E+000, 0.0000000E+000, 0.0000000E+000, 0.0000000E+000, 0.0000000E+000, 0.0000000E+000, 0.0000000E+000, 0.0000000E+000, 0.0000000E+000, 0.0000000E+000, 0.0000000E+000, 0.0000000E+000, 0.0000000E+000, 0.0000000E+000, 0.0000000E+000, 0.0000000E+000, 0.0000000E+000, 0.0000000E+000, 0.0000000E+000, 0.0000000E+000, 0.0000000E+000, 0.0000000E+000, 0.0000000E+000, 0.0000000E+000, 0.0000000E+000, 0.0000000E+000
-7.0997471E+001, 0.0000000E+000, 0.0000000E+000, 0.0000000E+000, 0.0000000E+000, 0.0000000E+000, 0.0000000E+000, 0.0000000E+000, 0.0000000E+000, 0.0000000E+000, 0.0000000E+000, 0.0000000E+000, 0.0000000E+000, 0.0000000E+000, 0.0000000E+000, 0.0000000E+000, 0.0000000E+000, 0.0000000E+000, 0.0000000E+000, 0.0000000E+000, 0.0000000E+000, 0.0000000E+000, 0.0000000E+000, 0.0000000E+000, 0.0000000E+000, 0.0000000E+000, 0.0000000E+000, 0.0000000E+000, 0.0000000E+000, 0.0000000E+000, 0.0000000E+000, 0.0000000E+000, 0.0000000E+000, 0.0000000E+000, 0.0000000E+000, 0.0000000E+000, 0.0000000E+000, 0.0000000E+000, 0.0000000E+000, 0.0000000E+000, 0.0000000E+000, 0.0000000E+000, 0.0000000E+000, 0.0000000E+000, 0.0000000E+000, 0.0000000E+000
-6.9956562E+001, 0.0000000E+000, 0.0000000E+000, 0.0000000E+000, 0.0000000E+000, 0.0000000E+000, 0.0000000E+000, 0.0000000E+000, 0.0000000E+000, 0.0000000E+000, 0.0000000E+000, 0.0000000E+000, 0.0000000E+000, 0.0000000E+000, 0.0000000E+000, 0.0000000E+000, 0.0000000E+000, 0.0000000E+000, 0.0000000E+000, 0.0000000E+000, 0.0000000E+000, 0.0000000E+000, 0.0000000E+000, 0.0000000E+000, 0.0000000E+000, 0.0000000E+000, 0.0000000E+000, 0.0000000E+000, 0.0000000E+000, 0.0000000E+000, 0.0000000E+000, 0.0000000E+000, 0.0000000E+000, 0.0000000E+000, 0.0000000E+000, 0.0000000E+000, 0.0000000E+000, 0.0000000E+000, 0.0000000E+000, 0.0000000E+000, 0.0000000E+000, 0.0000000E+000, 0.0000000E+000, 0.0000000E+000, 0.0000000E+000, 0.0000000E+000
-6.8915654E+001, 0.0000000E+000, 0.0000000E+000, 0.0000000E+000, 0.0000000E+000, 0.0000000E+000, 0.0000000E+000, 0.0000000E+000, 0.0000000E+000, 0.0000000E+000, 0.0000000E+000, 0.0000000E+000, 0.0000000E+000, 0.0000000E+000, 0.0000000E+000, 0.0000000E+000, 0.0000000E+000, 0.0000000E+000, 0.0000000E+000, 0.0000000E+000, 0.0000000E+000, 0.0000000E+000, 0.0000000E+000, 0.0000000E+000, 0.0000000E+000, 0.0000000E+000, 0.0000000E+000, 0.0000000E+000, 0.0000000E+000, 0.0000000E+000, 0.0000000E+000, 0.0000000E+000, 0.0000000E+000, 0.0000000E+000, 0.0000000E+000, 0.0000000E+000, 0.0000000E+000, 0.0000000E+000, 0.0000000E+000, 0.0000000E+000, 0.0000000E+000, 0.0000000E+000, 0.0000000E+000, 0.0000000E+000, 0.0000000E+000, 0.0000000E+000
-6.7969373E+001, 0.0000000E+000, 0.0000000E+000, 0.0000000E+000, 0.0000000E+000, 0.0000000E+000, 0.0000000E+000, 0.0000000E+000, 0.0000000E+000, 0.0000000E+000, 0.0000000E+000, 0.0000000E+000, 0.0000000E+000, 0.0000000E+000, 0.0000000E+000, 0.0000000E+000, 0.0000000E+000, 0.0000000E+000, 0.0000000E+000, 0.0000000E+000, 0.0000000E+000, 0.0000000E+000, 0.0000000E+000, 0.0000000E+000, 0.0000000E+000, 0.0000000E+000, 0.0000000E+000, 0.0000000E+000, 0.0000000E+000, 0.0000000E+000, 0.0000000E+000, 0.0000000E+000, 0.0000000E+000, 0.0000000E+000, 0.0000000E+000, 0.0000000E+000, 0.0000000E+000, 0.0000000E+000, 0.0000000E+000, 0.0000000E+000, 0.0000000E+000, 0.0000000E+000, 0.0000000E+000, 0.0000000E+000, 0.0000000E+000, 0.0000000E+000
-6.6928465E+001, 0.0000000E+000, 0.0000000E+000, 0.0000000E+000, 0.0000000E+000, 0.0000000E+000, 0.0000000E+000, 0.0000000E+000, 0.0000000E+000, 0.0000000E+000, 0.0000000E+000, 0.0000000E+000, 0.0000000E+000, 0.0000000E+000, 0.0000000E+000, 0.0000000E+000, 0.0000000E+000, 0.0000000E+000, 0.0000000E+000, 0.0000000E+000, 0.0000000E+000, 0.0000000E+000, 0.0000000E+000, 0.0000000E+000, 0.0000000E+000, 0.0000000E+000, 0.0000000E+000, 0.0000000E+000, 0.0000000E+000, 0.0000000E+000, 0.0000000E+000, 0.0000000E+000, 0.0000000E+000, 0.0000000E+000, 0.0000000E+000, 0.0000000E+000, 0.0000000E+000, 0.0000000E+000, 0.0000000E+000, 0.0000000E+000, 0.0000000E+000, 0.0000000E+000, 0.0000000E+000, 0.0000000E+000, 0.0000000E+000, 0.0000000E+000
-6.5982184E+001, 0.0000000E+000, 0.0000000E+000, 0.0000000E+000, 0.0000000E+000, 0.0000000E+000, 0.0000000E+000, 0.0000000E+000, 0.0000000E+000, 0.0000000E+000, 0.0000000E+000, 0.0000000E+000, 0.0000000E+000, 0.0000000E+000, 0.0000000E+000, 0.0000000E+000, 0.0000000E+000, 0.0000000E+000, 0.0000000E+000, 0.0000000E+000, 0.0000000E+000, 0.0000000E+000, 0.0000000E+000, 0.0000000E+000, 0.0000000E+000, 0.0000000E+000, 0.0000000E+000, 0.0000000E+000, 0.0000000E+000, 0.0000000E+000, 0.0000000E+000, 0.0000000E+000, 0.0000000E+000, 0.0000000E+000, 0.0000000E+000, 0.0000000E+000, 0.0000000E+000, 0.0000000E+000, 0.0000000E+000, 0.0000000E+000, 0.0000000E+000, 0.0000000E+000, 0.0000000E+000, 0.0000000E+000, 0.0000000E+000, 0.0000000E+000
-6.4941276E+001, 0.0000000E+000, 0.0000000E+000, 0.0000000E+000, 0.0000000E+000, 0.0000000E+000, 0.0000000E+000, 0.0000000E+000, 0.0000000E+000, 0.0000000E+000, 0.0000000E+000, 0.0000000E+000, 0.0000000E+000, 0.0000000E+000, 0.0000000E+000, 0.0000000E+000, 0.0000000E+000, 0.0000000E+000, 0.0000000E+000, 0.0000000E+000, 0.0000000E+000, 0.0000000E+000, 0.0000000E+000, 0.0000000E+000, 0.0000000E+000, 0.0000000E+000, 0.0000000E+000, 0.0000000E+000, 0.0000000E+000, 0.0000000E+000, 0.0000000E+000, 0.0000000E+000, 0.0000000E+000, 0.0000000E+000, 0.0000000E+000, 0.0000000E+000, 0.0000000E+000, 0.0000000E+000, 0.0000000E+000, 0.0000000E+000, 0.0000000E+000, 0.0000000E+000, 0.0000000E+000, 0.0000000E+000, 0.0000000E+000, 0.0000000E+000
-6.3994995E+001, 0.0000000E+000, 0.0000000E+000, 0.0000000E+000, 0.0000000E+000, 0.0000000E+000, 0.0000000E+000, 0.0000000E+000, 0.0000000E+000, 0.0000000E+000, 0.0000000E+000, 0.0000000E+000, 0.0000000E+000, 0.0000000E+000, 0.0000000E+000, 0.0000000E+000, 0.0000000E+000, 0.0000000E+000, 0.0000000E+000, 0.0000000E+000, 0.0000000E+000, 0.0000000E+000, 0.0000000E+000, 0.0000000E+000, 0.0000000E+000, 0.0000000E+000, 0.0000000E+000, 0.0000000E+000, 0.0000000E+000, 0.0000000E+000, 0.0000000E+000, 0.0000000E+000, 0.0000000E+000, 0.0000000E+000, 0.0000000E+000, 0.0000000E+000, 0.0000000E+000, 0.0000000E+000, 0.0000000E+000, 0.0000000E+000, 0.0000000E+000, 0.0000000E+000, 0.0000000E+000, 0.0000000E+000, 0.0000000E+000, 0.0000000E+000
-6.2954087E+001, 0.0000000E+000, 0.0000000E+000, 0.0000000E+000, 0.0000000E+000, 0.0000000E+000, 0.0000000E+000, 0.0000000E+000, 0.0000000E+000, 0.0000000E+000, 0.0000000E+000, 0.0000000E+000, 0.0000000E+000, 0.0000000E+000, 0.0000000E+000, 0.0000000E+000, 0.0000000E+000, 0.0000000E+000, 0.0000000E+000, 0.0000000E+000, 0.0000000E+000, 0.0000000E+000, 0.0000000E+000, 0.0000000E+000, 0.0000000E+000, 0.0000000E+000, 0.0000000E+000, 0.0000000E+000, 0.0000000E+000, 0.0000000E+000, 0.0000000E+000, 0.0000000E+000, 0.0000000E+000, 0.0000000E+000, 0.0000000E+000, 0.0000000E+000, 0.0000000E+000, 0.0000000E+000, 0.0000000E+000, 0.0000000E+000, 0.0000000E+000, 0.0000000E+000, 0.0000000E+000, 0.0000000E+000, 0.0000000E+000, 0.0000000E+000
-6.1913178E+001, 0.0000000E+000, 0.0000000E+000, 0.0000000E+000, 0.0000000E+000, 0.0000000E+000, 0.0000000E+000, 0.0000000E+000, 0.0000000E+000, 0.0000000E+000, 0.0000000E+000, 0.0000000E+000, 0.0000000E+000, 0.0000000E+000, 0.0000000E+000, 0.0000000E+000, 0.0000000E+000, 0.0000000E+000, 0.0000000E+000, 0.0000000E+000, 0.0000000E+000, 0.0000000E+000, 0.0000000E+000, 0.0000000E+000, 0.0000000E+000, 0.0000000E+000, 0.0000000E+000, 0.0000000E+000, 0.0000000E+000, 0.0000000E+000, 0.0000000E+000, 0.0000000E+000, 0.0000000E+000, 0.0000000E+000, 0.0000000E+000, 0.0000000E+000, 0.0000000E+000, 0.0000000E+000, 0.0000000E+000, 0.0000000E+000, 0.0000000E+000, 0.0000000E+000, 0.0000000E+000, 0.0000000E+000, 0.0000000E+000, 0.0000000E+000
-6.0966898E+001, 0.0000000E+000, 0.0000000E+000, 0.0000000E+000, 0.0000000E+000, 0.0000000E+000, 0.0000000E+000, 0.0000000E+000, 0.0000000E+000, 0.0000000E+000, 0.0000000E+000, 0.0000000E+000, 0.0000000E+000, 0.0000000E+000, 0.0000000E+000, 0.0000000E+000, 0.0000000E+000, 0.0000000E+000, 0.0000000E+000, 0.0000000E+000, 0.0000000E+000, 0.0000000E+000, 0.0000000E+000, 0.0000000E+000, 0.0000000E+000, 0.0000000E+000, 0.0000000E+000, 0.0000000E+000, 0.0000000E+000, 0.0000000E+000, 0.0000000E+000, 0.0000000E+000, 0.0000000E+000, 0.0000000E+000, 0.0000000E+000, 0.0000000E+000, 0.0000000E+000, 0.0000000E+000, 0.0000000E+000, 0.0000000E+000, 0.0000000E+000, 0.0000000E+000, 0.0000000E+000, 0.0000000E+000, 0.0000000E+000, 0.0000000E+000
-5.9925989E+001, 0.0000000E+000, 0.0000000E+000, 0.0000000E+000, 0.0000000E+000, 0.0000000E+000, 0.0000000E+000, 0.0000000E+000, 0.0000000E+000, 0.0000000E+000, 0.0000000E+000, 0.0000000E+000, 0.0000000E+000, 0.0000000E+000, 0.0000000E+000, 0.0000000E+000, 0.0000000E+000, 0.0000000E+000, 0.0000000E+000, 0.0000000E+000, 0.0000000E+000, 0.0000000E+000, 0.0000000E+000, 0.0000000E+000, 0.0000000E+000, 0.0000000E+000, 0.0000000E+000, 0.0000000E+000, 0.0000000E+000, 0.0000000E+000, 0.0000000E+000, 0.0000000E+000, 0.0000000E+000, 0.0000000E+000, 0.0000000E+000, 0.0000000E+000, 0.0000000E+000, 0.0000000E+000, 0.0000000E+000, 0.0000000E+000, 0.0000000E+000, 0.0000000E+000, 0.0000000E+000, 0.0000000E+000, 0.0000000E+000, 0.0000000E+000
-5.8979708E+001, 0.0000000E+000, 0.0000000E+000, 0.0000000E+000, 0.0000000E+000, 0.0000000E+000, 0.0000000E+000, 0.0000000E+000, 0.0000000E+000, 0.0000000E+000, 0.0000000E+000, 0.0000000E+000, 0.0000000E+000, 0.0000000E+000, 0.0000000E+000, 0.0000000E+000, 0.0000000E+000, 0.0000000E+000, 0.0000000E+000, 0.0000000E+000, 0.0000000E+000, 0.0000000E+000, 0.0000000E+000, 0.0000000E+000, 0.0000000E+000, 0.0000000E+000, 0.0000000E+000, 0.0000000E+000, 0.0000000E+000, 0.0000000E+000, 0.0000000E+000, 0.0000000E+000, 0.0000000E+000, 0.0000000E+000, 0.0000000E+000, 0.0000000E+000, 0.0000000E+000, 0.0000000E+000, 0.0000000E+000, 0.0000000E+000, 0.0000000E+000, 0.0000000E+000, 0.0000000E+000, 0.0000000E+000, 0.0000000E+000, 0.0000000E+000
-5.7938800E+001, 0.0000000E+000, 0.0000000E+000, 0.0000000E+000, 0.0000000E+000, 0.0000000E+000, 0.0000000E+000, 0.0000000E+000, 0.0000000E+000, 0.0000000E+000, 0.0000000E+000, 0.0000000E+000, 0.0000000E+000, 0.0000000E+000, 0.0000000E+000, 0.0000000E+000, 0.0000000E+000, 0.0000000E+000, 0.0000000E+000, 0.0000000E+000, 0.0000000E+000, 0.0000000E+000, 0.0000000E+000, 0.0000000E+000, 0.0000000E+000, 0.0000000E+000, 0.0000000E+000, 0.0000000E+000, 0.0000000E+000, 0.0000000E+000, 0.0000000E+000, 0.0000000E+000, 0.0000000E+000, 0.0000000E+000, 0.0000000E+000, 0.0000000E+000, 0.0000000E+000, 0.0000000E+000, 0.0000000E+000, 0.0000000E+000, 0.0000000E+000, 0.0000000E+000, 0.0000000E+000, 0.0000000E+000, 0.0000000E+000, 0.0000000E+000
-5.6992519E+001, 0.0000000E+000, 0.0000000E+000, 0.0000000E+000, 0.0000000E+000, 0.0000000E+000, 0.0000000E+000, 0.0000000E+000, 0.0000000E+000, 0.0000000E+000, 0.0000000E+000, 0.0000000E+000, 0.0000000E+000, 0.0000000E+000, 0.0000000E+000, 0.0000000E+000, 0.0000000E+000, 0.0000000E+000, 0.0000000E+000, 0.0000000E+000, 0.0000000E+000, 0.0000000E+000, 0.0000000E+000, 0.0000000E+000, 0.0000000E+000, 0.0000000E+000, 0.0000000E+000, 0.0000000E+000, 0.0000000E+000, 0.0000000E+000, 0.0000000E+000, 0.0000000E+000, 0.0000000E+000, 0.0000000E+000, 0.0000000E+000, 0.0000000E+000, 0.0000000E+000, 0.0000000E+000, 0.0000000E+000, 0.0000000E+000, 0.0000000E+000, 0.0000000E+000, 0.0000000E+000, 0.0000000E+000, 0.0000000E+000, 0.0000000E+000
-5.5951611E+001, 0.0000000E+000, 0.0000000E+000, 0.0000000E+000, 0.0000000E+000, 0.0000000E+000, 0.0000000E+000, 0.0000000E+000, 0.0000000E+000, 0.0000000E+000, 0.0000000E+000, 0.0000000E+000, 0.0000000E+000, 0.0000000E+000, 0.0000000E+000, 0.0000000E+000, 0.0000000E+000, 0.0000000E+000, 0.0000000E+000, 0.0000000E+000, 0.0000000E+000, 0.0000000E+000, 0.0000000E+000, 0.0000000E+000, 0.0000000E+000, 0.0000000E+000, 0.0000000E+000, 0.0000000E+000, 0.0000000E+000, 0.0000000E+000, 0.0000000E+000, 0.0000000E+000, 0.0000000E+000, 0.0000000E+000, 0.0000000E+000, 0.0000000E+000, 0.0000000E+000, 0.0000000E+000, 0.0000000E+000, 0.0000000E+000, 0.0000000E+000, 0.0000000E+000, 0.0000000E+000, 0.0000000E+000, 0.0000000E+000, 0.0000000E+000
-5.4910702E+001, 0.0000000E+000, 0.0000000E+000, 0.0000000E+000, 0.0000000E+000, 0.0000000E+000, 0.0000000E+000, 0.0000000E+000, 0.0000000E+000, 0.0000000E+000, 0.0000000E+000, 0.0000000E+000, 0.0000000E+000, 0.0000000E+000, 0.0000000E+000, 0.0000000E+000, 0.0000000E+000, 0.0000000E+000, 0.0000000E+000, 0.0000000E+000, 0.0000000E+000, 0.0000000E+000, 0.0000000E+000, 0.0000000E+000, 0.0000000E+000, 0.0000000E+000, 0.0000000E+000, 0.0000000E+000, 0.0000000E+000, 0.0000000E+000, 0.0000000E+000, 0.0000000E+000, 0.0000000E+000, 0.0000000E+000, 0.0000000E+000, 0.0000000E+000, 0.0000000E+000, 0.0000000E+000, 0.0000000E+000, 0.0000000E+000, 0.0000000E+000, 0.0000000E+000, 0.0000000E+000, 0.0000000E+000, 0.0000000E+000, 0.0000000E+000
-5.3964422E+001, 0.0000000E+000, 0.0000000E+000, 0.0000000E+000, 0.0000000E+000, 0.0000000E+000, 0.0000000E+000, 0.0000000E+000, 0.0000000E+000, 0.0000000E+000, 0.0000000E+000, 0.0000000E+000, 0.0000000E+000, 0.0000000E+000, 0.0000000E+000, 0.0000000E+000, 0.0000000E+000, 0.0000000E+000, 0.0000000E+000, 0.0000000E+000, 0.0000000E+000, 0.0000000E+000, 0.0000000E+000, 0.0000000E+000, 0.0000000E+000, 0.0000000E+000, 0.0000000E+000, 0.0000000E+000, 0.0000000E+000, 0.0000000E+000, 0.0000000E+000, 0.0000000E+000, 0.0000000E+000, 0.0000000E+000, 0.0000000E+000, 0.0000000E+000, 0.0000000E+000, 0.0000000E+000, 0.0000000E+000, 0.0000000E+000, 0.0000000E+000, 0.0000000E+000, 0.0000000E+000, 0.0000000E+000, 0.0000000E+000, 0.0000000E+000
-5.2923513E+001, 0.0000000E+000, 0.0000000E+000, 0.0000000E+000, 0.0000000E+000, 0.0000000E+000, 0.0000000E+000, 0.0000000E+000, 0.0000000E+000, 0.0000000E+000, 0.0000000E+000, 0.0000000E+000, 0.0000000E+000, 0.0000000E+000, 0.0000000E+000, 0.0000000E+000, 0.0000000E+000, 0.0000000E+000, 0.0000000E+000, 0.0000000E+000, 0.0000000E+000, 0.0000000E+000, 0.0000000E+000, 0.0000000E+000, 0.0000000E+000, 0.0000000E+000, 0.0000000E+000, 0.0000000E+000, 0.0000000E+000, 0.0000000E+000, 0.0000000E+000, 0.0000000E+000, 0.0000000E+000, 0.0000000E+000, 0.0000000E+000, 0.0000000E+000, 0.0000000E+000, 0.0000000E+000, 0.0000000E+000, 0.0000000E+000, 0.0000000E+000, 0.0000000E+000, 0.0000000E+000, 0.0000000E+000, 0.0000000E+000, 0.0000000E+000
-5.1977233E+001, 0.0000000E+000, 0.0000000E+000, 0.0000000E+000, 0.0000000E+000, 0.0000000E+000, 0.0000000E+000, 0.0000000E+000, 0.0000000E+000, 0.0000000E+000, 0.0000000E+000, 0.0000000E+000, 0.0000000E+000, 0.0000000E+000, 0.0000000E+000, 0.0000000E+000, 0.0000000E+000, 0.0000000E+000, 0.0000000E+000, 0.0000000E+000, 0.0000000E+000, 0.0000000E+000, 0.0000000E+000, 0.0000000E+000, 0.0000000E+000, 0.0000000E+000, 0.0000000E+000, 0.0000000E+000, 0.0000000E+000, 0.0000000E+000, 0.0000000E+000, 0.0000000E+000, 0.0000000E+000, 0.0000000E+000, 0.0000000E+000, 0.0000000E+000, 0.0000000E+000, 0.0000000E+000, 0.0000000E+000, 0.0000000E+000, 0.0000000E+000, 0.0000000E+000, 0.0000000E+000, 0.0000000E+000, 0.0000000E+000, 0.0000000E+000
-5.0916265E+001, 0.0000000E+000, 0.0000000E+000, 0.0000000E+000, 0.0000000E+000, 0.0000000E+000, 0.0000000E+000, 0.0000000E+000, 0.0000000E+000, 0.0000000E+000, 0.0000000E+000, 0.0000000E+000, 0.0000000E+000, 0.0000000E+000, 0.0000000E+000, 0.0000000E+000, 0.0000000E+000, 0.0000000E+000, 0.0000000E+000, 0.0000000E+000, 0.0000000E+000, 0.0000000E+000, 0.0000000E+000, 0.0000000E+000, 0.0000000E+000, 0.0000000E+000, 0.0000000E+000, 0.0000000E+000, 0.0000000E+000, 0.0000000E+000, 0.0000000E+000, 0.0000000E+000, 0.0000000E+000, 0.0000000E+000, 0.0000000E+000, 0.0000000E+000, 0.0000000E+000, 0.0000000E+000, 0.0000000E+000, 0.0000000E+000, 0.0000000E+000, 0.0000000E+000, 0.0000000E+000, 0.0000000E+000, 0.0000000E+000, 0.0000000E+000
-4.9992535E+001, 0.0000000E+000, 0.0000000E+000, 0.0000000E+000, 0.0000000E+000, 0.0000000E+000, 0.0000000E+000, 0.0000000E+000, 0.0000000E+000, 0.0000000E+000, 0.0000000E+000, 0.0000000E+000, 0.0000000E+000, 0.0000000E+000, 0.0000000E+000, 0.0000000E+000, 0.0000000E+000, 0.0000000E+000, 0.0000000E+000, 0.0000000E+000, 0.0000000E+000, 0.0000000E+000, 0.0000000E+000, 0.0000000E+000, 0.0000000E+000, 0.0000000E+000, 0.0000000E+000, 0.0000000E+000, 0.0000000E+000, 0.0000000E+000, 0.0000000E+000, 0.0000000E+000, 0.0000000E+000, 0.0000000E+000, 0.0000000E+000, 0.0000000E+000, 0.0000000E+000, 0.0000000E+000, 0.0000000E+000, 0.0000000E+000, 0.0000000E+000, 0.0000000E+000, 0.0000000E+000, 0.0000000E+000, 0.0000000E+000, 0.0000000E+000
-4.8968035E+001, 0.0000000E+000, 0.0000000E+000, 0.0000000E+000, 0.0000000E+000, 0.0000000E+000, 0.0000000E+000, 0.0000000E+000, 0.0000000E+000, 0.0000000E+000, 0.0000000E+000, 0.0000000E+000, 0.0000000E+000, 0.0000000E+000, 0.0000000E+000, 0.0000000E+000, 0.0000000E+000, 0.0000000E+000, 0.0000000E+000, 0.0000000E+000, 0.0000000E+000, 0.0000000E+000, 0.0000000E+000, 0.0000000E+000, 0.0000000E+000, 0.0000000E+000, 0.0000000E+000, 0.0000000E+000, 0.0000000E+000, 0.0000000E+000, 0.0000000E+000, 0.0000000E+000, 0.0000000E+000, 0.0000000E+000, 0.0000000E+000, 0.0000000E+000, 0.0000000E+000, 0.0000000E+000, 0.0000000E+000, 0.0000000E+000, 0.0000000E+000, 0.0000000E+000, 0.0000000E+000, 0.0000000E+000, 0.0000000E+000, 0.0000000E+000
-4.7951932E+001, 0.0000000E+000, 0.0000000E+000, 0.0000000E+000, 0.0000000E+000, 0.0000000E+000, 0.0000000E+000, 0.0000000E+000, 0.0000000E+000, 0.0000000E+000, 0.0000000E+000, 0.0000000E+000, 0.0000000E+000, 0.0000000E+000, 0.0000000E+000, 0.0000000E+000, 0.0000000E+000, 0.0000000E+000, 0.0000000E+000, 0.0000000E+000, 0.0000000E+000, 0.0000000E+000, 0.0000000E+000, 0.0000000E+000, 0.0000000E+000, 0.0000000E+000, 0.0000000E+000, 0.0000000E+000, 0.0000000E+000, 0.0000000E+000, 0.0000000E+000, 0.0000000E+000, 0.0000000E+000, 0.0000000E+000, 0.0000000E+000, 0.0000000E+000, 0.0000000E+000, 0.0000000E+000, 0.0000000E+000, 0.0000000E+000, 0.0000000E+000, 0.0000000E+000, 0.0000000E+000, 0.0000000E+000, 0.0000000E+000, 0.0000000E+000
-4.6935830E+001, 0.0000000E+000, 0.0000000E+000, 0.0000000E+000, 0.0000000E+000, 0.0000000E+000, 0.0000000E+000, 0.0000000E+000, 0.0000000E+000, 0.0000000E+000, 0.0000000E+000, 0.0000000E+000, 0.0000000E+000, 0.0000000E+000, 0.0000000E+000, 0.0000000E+000, 0.0000000E+000, 0.0000000E+000, 0.0000000E+000, 0.0000000E+000, 0.0000000E+000, 0.0000000E+000, 0.0000000E+000, 0.0000000E+000, 0.0000000E+000, 0.0000000E+000, 0.0000000E+000, 0.0000000E+000, 0.0000000E+000, 0.0000000E+000, 0.0000000E+000, 0.0000000E+000, 0.0000000E+000, 0.0000000E+000, 0.0000000E+000, 0.0000000E+000, 0.0000000E+000, 0.0000000E+000, 0.0000000E+000, 0.0000000E+000, 0.0000000E+000, 0.0000000E+000, 0.0000000E+000, 0.0000000E+000, 0.0000000E+000, 0.0000000E+000
-4.5919727E+001, 0.0000000E+000, 0.0000000E+000, 0.0000000E+000, 0.0000000E+000, 0.0000000E+000, 0.0000000E+000, 0.0000000E+000, 0.0000000E+000, 0.0000000E+000, 0.0000000E+000, 0.0000000E+000, 0.0000000E+000, 0.0000000E+000, 0.0000000E+000, 0.0000000E+000, 0.0000000E+000, 0.0000000E+000, 0.0000000E+000, 0.0000000E+000, 0.0000000E+000, 0.0000000E+000, 0.0000000E+000, 0.0000000E+000, 0.0000000E+000, 0.0000000E+000, 0.0000000E+000, 0.0000000E+000, 0.0000000E+000, 0.0000000E+000, 0.0000000E+000, 0.0000000E+000, 0.0000000E+000, 0.0000000E+000, 0.0000000E+000, 0.0000000E+000, 0.0000000E+000, 0.0000000E+000, 0.0000000E+000, 0.0000000E+000, 0.0000000E+000, 0.0000000E+000, 0.0000000E+000, 0.0000000E+000, 0.0000000E+000, 0.0000000E+000
-4.4995998E+001, 0.0000000E+000, 0.0000000E+000, 0.0000000E+000, 0.0000000E+000, 0.0000000E+000, 0.0000000E+000, 0.0000000E+000, 0.0000000E+000, 0.0000000E+000, 0.0000000E+000, 0.0000000E+000, 0.0000000E+000, 0.0000000E+000, 0.0000000E+000, 0.0000000E+000, 0.0000000E+000, 0.0000000E+000, 0.0000000E+000, 0.0000000E+000, 0.0000000E+000, 0.0000000E+000, 0.0000000E+000, 0.0000000E+000, 0.0000000E+000, 0.0000000E+000, 0.0000000E+000, 0.0000000E+000, 0.0000000E+000, 0.0000000E+000, 0.0000000E+000, 0.0000000E+000, 0.0000000E+000, 0.0000000E+000, 0.0000000E+000, 0.0000000E+000, 0.0000000E+000, 0.0000000E+000, 0.0000000E+000, 0.0000000E+000, 0.0000000E+000, 0.0000000E+000, 0.0000000E+000, 0.0000000E+000, 0.0000000E+000, 0.0000000E+000
-4.3979895E+001, 0.0000000E+000, 0.0000000E+000, 0.0000000E+000, 0.0000000E+000, 0.0000000E+000, 0.0000000E+000, 0.0000000E+000, 0.0000000E+000, 0.0000000E+000, 0.0000000E+000, 0.0000000E+000, 0.0000000E+000, 0.0000000E+000, 0.0000000E+000, 0.0000000E+000, 0.0000000E+000, 0.0000000E+000, 0.0000000E+000, 0.0000000E+000, 0.0000000E+000, 0.0000000E+000, 0.0000000E+000, 0.0000000E+000, 0.0000000E+000, 0.0000000E+000, 0.0000000E+000, 0.0000000E+000, 0.0000000E+000, 0.0000000E+000, 0.0000000E+000, 0.0000000E+000, 0.0000000E+000, 0.0000000E+000, 0.0000000E+000, 0.0000000E+000, 0.0000000E+000, 0.0000000E+000, 0.0000000E+000, 0.0000000E+000, 0.0000000E+000, 0.0000000E+000, 0.0000000E+000, 0.0000000E+000, 0.0000000E+000, 0.0000000E+000
-4.2963793E+001, 0.0000000E+000, 0.0000000E+000, 0.0000000E+000, 0.0000000E+000, 0.0000000E+000, 0.0000000E+000, 0.0000000E+000, 0.0000000E+000, 0.0000000E+000, 0.0000000E+000, 0.0000000E+000, 0.0000000E+000, 0.0000000E+000, 0.0000000E+000, 0.0000000E+000, 0.0000000E+000, 0.0000000E+000, 0.0000000E+000, 0.0000000E+000, 0.0000000E+000, 0.0000000E+000, 0.0000000E+000, 0.0000000E+000, 0.0000000E+000, 0.0000000E+000, 0.0000000E+000, 0.0000000E+000, 0.0000000E+000, 0.0000000E+000, 0.0000000E+000, 0.0000000E+000, 0.0000000E+000, 0.0000000E+000, 0.0000000E+000, 0.0000000E+000, 0.0000000E+000, 0.0000000E+000, 0.0000000E+000, 0.0000000E+000, 0.0000000E+000, 0.0000000E+000, 0.0000000E+000, 0.0000000E+000, 0.0000000E+000, 0.0000000E+000
-4.1947690E+001, 0.0000000E+000, 0.0000000E+000, 0.0000000E+000, 0.0000000E+000, 0.0000000E+000, 0.0000000E+000, 0.0000000E+000, 0.0000000E+000, 0.0000000E+000, 0.0000000E+000, 0.0000000E+000, 0.0000000E+000, 0.0000000E+000, 0.0000000E+000, 0.0000000E+000, 0.0000000E+000, 0.0000000E+000, 0.0000000E+000, 0.0000000E+000, 0.0000000E+000, 0.0000000E+000, 0.0000000E+000, 0.0000000E+000, 0.0000000E+000, 0.0000000E+000, 0.0000000E+000, 0.0000000E+000, 0.0000000E+000, 0.0000000E+000, 0.0000000E+000, 0.0000000E+000, 0.0000000E+000, 0.0000000E+000, 0.0000000E+000, 0.0000000E+000, 0.0000000E+000, 0.0000000E+000, 0.0000000E+000, 0.0000000E+000, 0.0000000E+000, 0.0000000E+000, 0.0000000E+000, 0.0000000E+000, 0.0000000E+000, 0.0000000E+000
-4.0931587E+001, 0.0000000E+000, 0.0000000E+000, 0.0000000E+000, 0.0000000E+000, 0.0000000E+000, 0.0000000E+000, 0.0000000E+000, 0.0000000E+000, 0.0000000E+000, 0.0000000E+000, 0.0000000E+000, 0.0000000E+000, 0.0000000E+000, 0.0000000E+000, 0.0000000E+000, 0.0000000E+000, 0.0000000E+000, 0.0000000E+000, 0.0000000E+000, 0.0000000E+000, 0.0000000E+000, 0.0000000E+000, 0.0000000E+000, 0.0000000E+000, 0.0000000E+000, 0.0000000E+000, 0.0000000E+000, 0.0000000E+000, 0.0000000E+000, 0.0000000E+000, 0.0000000E+000, 0.0000000E+000, 0.0000000E+000, 0.0000000E+000, 0.0000000E+000, 0.0000000E+000, 0.0000000E+000, 0.0000000E+000, 0.0000000E+000, 0.0000000E+000, 0.0000000E+000, 0.0000000E+000, 0.0000000E+000, 0.0000000E+000, 0.0000000E+000
-3.9915485E+001, 0.0000000E+000, 0.0000000E+000, 0.0000000E+000, 0.0000000E+000, 0.0000000E+000, 0.0000000E+000, 0.0000000E+000, 0.0000000E+000, 0.0000000E+000, 0.0000000E+000, 0.0000000E+000, 0.0000000E+000, 0.0000000E+000, 0.0000000E+000, 0.0000000E+000, 0.0000000E+000, 0.0000000E+000, 0.0000000E+000, 0.0000000E+000, 0.0000000E+000, 0.0000000E+000, 0.0000000E+000, 0.0000000E+000, 0.0000000E+000, 0.0000000E+000, 0.0000000E+000, 0.0000000E+000, 0.0000000E+000, 0.0000000E+000, 0.0000000E+000, 0.0000000E+000, 0.0000000E+000, 0.0000000E+000, 0.0000000E+000, 0.0000000E+000, 0.0000000E+000, 0.0000000E+000, 0.0000000E+000, 0.0000000E+000, 0.0000000E+000, 0.0000000E+000, 0.0000000E+000, 0.0000000E+000, 0.0000000E+000, 0.0000000E+000
-3.8991755E+001, 0.0000000E+000, 0.0000000E+000, 0.0000000E+000, 0.0000000E+000, 0.0000000E+000, 0.0000000E+000, 0.0000000E+000, 0.0000000E+000, 0.0000000E+000, 0.0000000E+000, 0.0000000E+000, 0.0000000E+000, 0.0000000E+000, 0.0000000E+000, 0.0000000E+000, 0.0000000E+000, 0.0000000E+000, 0.0000000E+000, 0.0000000E+000, 0.0000000E+000, 0.0000000E+000, 0.0000000E+000, 0.0000000E+000, 0.0000000E+000, 0.0000000E+000, 0.0000000E+000, 0.0000000E+000, 0.0000000E+000, 0.0000000E+000, 0.0000000E+000, 0.0000000E+000, 0.0000000E+000, 0.0000000E+000, 0.0000000E+000, 0.0000000E+000, 0.0000000E+000, 0.0000000E+000, 0.0000000E+000, 0.0000000E+000, 0.0000000E+000, 0.0000000E+000, 0.0000000E+000, 0.0000000E+000, 0.0000000E+000, 0.0000000E+000
-3.7975653E+001, 0.0000000E+000, 0.0000000E+000, 0.0000000E+000, 0.0000000E+000, 0.0000000E+000, 0.0000000E+000, 0.0000000E+000, 0.0000000E+000, 0.0000000E+000, 0.0000000E+000, 0.0000000E+000, 0.0000000E+000, 0.0000000E+000, 0.0000000E+000, 0.0000000E+000, 0.0000000E+000, 0.0000000E+000, 0.0000000E+000, 0.0000000E+000, 0.0000000E+000, 0.0000000E+000, 0.0000000E+000, 0.0000000E+000, 0.0000000E+000, 0.0000000E+000, 0.0000000E+000, 0.0000000E+000, 0.0000000E+000, 0.0000000E+000, 0.0000000E+000, 0.0000000E+000, 0.0000000E+000, 0.0000000E+000, 0.0000000E+000, 0.0000000E+000, 0.0000000E+000, 0.0000000E+000, 0.0000000E+000, 0.0000000E+000, 0.0000000E+000, 0.0000000E+000, 0.0000000E+000, 0.0000000E+000, 0.0000000E+000, 0.0000000E+000
-3.6959550E+001, 0.0000000E+000, 0.0000000E+000, 0.0000000E+000, 0.0000000E+000, 0.0000000E+000, 0.0000000E+000, 0.0000000E+000, 0.0000000E+000, 0.0000000E+000, 0.0000000E+000, 0.0000000E+000, 0.0000000E+000, 0.0000000E+000, 0.0000000E+000, 0.0000000E+000, 0.0000000E+000, 0.0000000E+000, 0.0000000E+000, 0.0000000E+000, 0.0000000E+000, 0.0000000E+000, 0.0000000E+000, 0.0000000E+000, 0.0000000E+000, 0.0000000E+000, 0.0000000E+000, 0.0000000E+000, 0.0000000E+000, 0.0000000E+000, 0.0000000E+000, 0.0000000E+000, 0.0000000E+000, 0.0000000E+000, 0.0000000E+000, 0.0000000E+000, 0.0000000E+000, 0.0000000E+000, 0.0000000E+000, 0.0000000E+000, 0.0000000E+000, 0.0000000E+000, 0.0000000E+000, 0.0000000E+000, 0.0000000E+000, 0.0000000E+000
-3.5943448E+001, 0.0000000E+000, 0.0000000E+000, 0.0000000E+000, 0.0000000E+000, 0.0000000E+000, 0.0000000E+000, 0.0000000E+000, 0.0000000E+000, 0.0000000E+000, 0.0000000E+000, 0.0000000E+000, 0.0000000E+000, 0.0000000E+000, 0.0000000E+000, 0.0000000E+000, 0.0000000E+000, 0.0000000E+000, 0.0000000E+000, 0.0000000E+000, 0.0000000E+000, 0.0000000E+000, 0.0000000E+000, 0.0000000E+000, 0.0000000E+000, 0.0000000E+000, 0.0000000E+000, 0.0000000E+000, 0.0000000E+000, 0.0000000E+000, 0.0000000E+000, 0.0000000E+000, 0.0000000E+000, 0.0000000E+000, 0.0000000E+000, 0.0000000E+000, 0.0000000E+000, 0.0000000E+000, 0.0000000E+000, 0.0000000E+000, 0.0000000E+000, 0.0000000E+000, 0.0000000E+000, 0.0000000E+000, 0.0000000E+000, 0.0000000E+000
-3.4927345E+001, 0.0000000E+000, 0.0000000E+000, 0.0000000E+000, 0.0000000E+000, 0.0000000E+000, 0.0000000E+000, 0.0000000E+000, 0.0000000E+000, 0.0000000E+000, 0.0000000E+000, 0.0000000E+000, 0.0000000E+000, 0.0000000E+000, 0.0000000E+000, 0.0000000E+000, 0.0000000E+000, 0.0000000E+000, 0.0000000E+000, 0.0000000E+000, 0.0000000E+000, 0.0000000E+000, 0.0000000E+000, 0.0000000E+000, 0.0000000E+000, 0.0000000E+000, 0.0000000E+000, 0.0000000E+000, 0.0000000E+000, 0.0000000E+000, 0.0000000E+000, 0.0000000E+000, 0.0000000E+000, 0.0000000E+000, 0.0000000E+000, 0.0000000E+000, 0.0000000E+000, 0.0000000E+000, 0.0000000E+000, 0.0000000E+000, 0.0000000E+000, 0.0000000E+000, 0.0000000E+000, 0.0000000E+000, 0.0000000E+000, 0.0000000E+000
-3.3911243E+001, 0.0000000E+000, 0.0000000E+000, 0.0000000E+000, 0.0000000E+000, 0.0000000E+000, 0.0000000E+000, 0.0000000E+000, 0.0000000E+000, 0.0000000E+000, 0.0000000E+000, 0.0000000E+000, 0.0000000E+000, 0.0000000E+000, 0.0000000E+000, 0.0000000E+000, 0.0000000E+000, 0.0000000E+000, 0.0000000E+000, 0.0000000E+000, 0.0000000E+000, 0.0000000E+000, 0.0000000E+000, 0.0000000E+000, 0.0000000E+000, 0.0000000E+000, 0.0000000E+000, 0.0000000E+000, 0.0000000E+000, 0.0000000E+000, 0.0000000E+000, 0.0000000E+000, 0.0000000E+000, 0.0000000E+000, 0.0000000E+000, 0.0000000E+000, 0.0000000E+000, 0.0000000E+000, 0.0000000E+000, 0.0000000E+000, 0.0000000E+000, 0.0000000E+000, 0.0000000E+000, 0.0000000E+000, 0.0000000E+000, 0.0000000E+000
-3.2987513E+001, 0.0000000E+000, 0.0000000E+000, 0.0000000E+000, 0.0000000E+000, 0.0000000E+000, 0.0000000E+000, 0.0000000E+000, 0.0000000E+000, 0.0000000E+000, 0.0000000E+000, 0.0000000E+000, 0.0000000E+000, 0.0000000E+000, 0.0000000E+000, 0.0000000E+000, 0.0000000E+000, 0.0000000E+000, 0.0000000E+000, 0.0000000E+000, 0.0000000E+000, 0.0000000E+000, 0.0000000E+000, 0.0000000E+000, 0.0000000E+000, 0.0000000E+000, 0.0000000E+000, 0.0000000E+000, 0.0000000E+000, 0.0000000E+000, 0.0000000E+000, 0.0000000E+000, 0.0000000E+000, 0.0000000E+000, 0.0000000E+000, 0.0000000E+000, 0.0000000E+000, 0.0000000E+000, 0.0000000E+000, 0.0000000E+000, 0.0000000E+000, 0.0000000E+000, 0.0000000E+000, 0.0000000E+000, 0.0000000E+000, 0.0000000E+000
-3.1971410E+001, 0.0000000E+000, 0.0000000E+000, 0.0000000E+000, 0.0000000E+000, 0.0000000E+000, 0.0000000E+000, 0.0000000E+000, 0.0000000E+000, 0.0000000E+000, 0.0000000E+000, 0.0000000E+000, 0.0000000E+000, 0.0000000E+000, 0.0000000E+000, 0.0000000E+000, 0.0000000E+000, 0.0000000E+000, 0.0000000E+000, 0.0000000E+000, 0.0000000E+000, 0.0000000E+000, 0.0000000E+000, 0.0000000E+000, 0.0000000E+000, 0.0000000E+000, 0.0000000E+000, 0.0000000E+000, 0.0000000E+000, 0.0000000E+000, 0.0000000E+000, 0.0000000E+000, 0.0000000E+000, 0.0000000E+000, 0.0000000E+000, 0.0000000E+000, 0.0000000E+000, 0.0000000E+000, 0.0000000E+000, 0.0000000E+000, 0.0000000E+000, 0.0000000E+000, 0.0000000E+000, 0.0000000E+000, 0.0000000E+000, 0.0000000E+000
-3.0955308E+001, 0.0000000E+000, 0.0000000E+000, 0.0000000E+000, 0.0000000E+000, 0.0000000E+000, 0.0000000E+000, 0.0000000E+000, 0.0000000E+000, 0.0000000E+000, 0.0000000E+000, 0.0000000E+000, 0.0000000E+000, 0.0000000E+000, 0.0000000E+000, 0.0000000E+000, 0.0000000E+000, 0.0000000E+000, 0.0000000E+000, 0.0000000E+000, 0.0000000E+000, 0.0000000E+000, 0.0000000E+000, 0.0000000E+000, 0.0000000E+000, 0.0000000E+000, 0.0000000E+000, 0.0000000E+000, 0.0000000E+000, 0.0000000E+000, 0.0000000E+000, 0.0000000E+000, 0.0000000E+000, 0.0000000E+000, 0.0000000E+000, 0.0000000E+000, 0.0000000E+000, 0.0000000E+000, 0.0000000E+000, 0.0000000E+000, 0.0000000E+000, 0.0000000E+000, 0.0000000E+000, 0.0000000E+000, 0.0000000E+000, 0.0000000E+000
-2.9939205E+001, 0.0000000E+000, 0.0000000E+000, 0.0000000E+000, 0.0000000E+000, 0.0000000E+000, 0.0000000E+000, 0.0000000E+000, 0.0000000E+000, 0.0000000E+000, 0.0000000E+000, 0.0000000E+000, 0.0000000E+000, 0.0000000E+000, 0.0000000E+000, 0.0000000E+000, 0.0000000E+000, 0.0000000E+000, 0.0000000E+000, 0.0000000E+000, 0.0000000E+000, 0.0000000E+000, 0.0000000E+000, 0.0000000E+000, 0.0000000E+000, 0.0000000E+000, 0.0000000E+000, 0.0000000E+000, 0.0000000E+000, 0.0000000E+000, 0.0000000E+000, 0.0000000E+000, 0.0000000E+000, 0.0000000E+000, 0.0000000E+000, 0.0000000E+000, 0.0000000E+000, 0.0000000E+000, 0.0000000E+000, 0.0000000E+000, 0.0000000E+000, 0.0000000E+000, 0.0000000E+000, 0.0000000E+000, 0.0000000E+000, 0.0000000E+000
-2.8923103E+001, 0.0000000E+000, 0.0000000E+000, 0.0000000E+000, 0.0000000E+000, 0.0000000E+000, 0.0000000E+000, 0.0000000E+000, 0.0000000E+000, 0.0000000E+000, 0.0000000E+000, 0.0000000E+000, 0.0000000E+000, 0.0000000E+000, 0.0000000E+000, 0.0000000E+000, 0.0000000E+000, 0.0000000E+000, 0.0000000E+000, 0.0000000E+000, 0.0000000E+000, 0.0000000E+000, 0.0000000E+000, 0.0000000E+000, 0.0000000E+000, 0.0000000E+000, 0.0000000E+000, 0.0000000E+000, 0.0000000E+000, 0.0000000E+000, 0.0000000E+000, 0.0000000E+000, 0.0000000E+000, 0.0000000E+000, 0.0000000E+000, 0.0000000E+000, 0.0000000E+000, 0.0000000E+000, 0.0000000E+000, 0.0000000E+000, 0.0000000E+000, 0.0000000E+000, 0.0000000E+000, 0.0000000E+000, 0.0000000E+000, 0.0000000E+000
-2.7999373E+001, 0.0000000E+000, 0.0000000E+000, 0.0000000E+000, 0.0000000E+000, 0.0000000E+000, 0.0000000E+000, 0.0000000E+000, 0.0000000E+000, 0.0000000E+000, 0.0000000E+000, 0.0000000E+000, 0.0000000E+000, 0.0000000E+000, 0.0000000E+000, 0.0000000E+000, 0.0000000E+000, 0.0000000E+000, 0.0000000E+000, 0.0000000E+000, 0.0000000E+000, 0.0000000E+000, 0.0000000E+000, 0.0000000E+000, 0.0000000E+000, 0.0000000E+000, 0.0000000E+000, 0.0000000E+000, 0.0000000E+000, 0.0000000E+000, 0.0000000E+000, 0.0000000E+000, 0.0000000E+000, 0.0000000E+000, 0.0000000E+000, 0.0000000E+000, 0.0000000E+000, 0.0000000E+000, 0.0000000E+000, 0.0000000E+000, 0.0000000E+000, 0.0000000E+000, 0.0000000E+000, 0.0000000E+000, 0.0000000E+000, 0.0000000E+000
-2.6983270E+001, 0.0000000E+000, 0.0000000E+000, 0.0000000E+000, 0.0000000E+000, 0.0000000E+000, 0.0000000E+000, 0.0000000E+000, 0.0000000E+000, 0.0000000E+000, 0.0000000E+000, 0.0000000E+000, 0.0000000E+000, 0.0000000E+000, 0.0000000E+000, 0.0000000E+000, 0.0000000E+000, 0.0000000E+000, 0.0000000E+000, 0.0000000E+000, 0.0000000E+000, 0.0000000E+000, 0.0000000E+000, 0.0000000E+000, 0.0000000E+000, 0.0000000E+000, 0.0000000E+000, 0.0000000E+000, 0.0000000E+000, 0.0000000E+000, 0.0000000E+000, 0.0000000E+000, 0.0000000E+000, 0.0000000E+000, 0.0000000E+000, 0.0000000E+000, 0.0000000E+000, 0.0000000E+000, 0.0000000E+000, 0.0000000E+000, 0.0000000E+000, 0.0000000E+000, 0.0000000E+000, 0.0000000E+000, 0.0000000E+000, 0.0000000E+000
-2.5967168E+001, 0.0000000E+000, 0.0000000E+000, 0.0000000E+000, 0.0000000E+000, 0.0000000E+000, 0.0000000E+000, 0.0000000E+000, 0.0000000E+000, 0.0000000E+000, 0.0000000E+000, 0.0000000E+000, 0.0000000E+000, 0.0000000E+000, 0.0000000E+000, 0.0000000E+000, 0.0000000E+000, 0.0000000E+000, 0.0000000E+000, 0.0000000E+000, 0.0000000E+000, 0.0000000E+000, 0.0000000E+000, 0.0000000E+000, 0.0000000E+000, 0.0000000E+000, 0.0000000E+000, 0.0000000E+000, 0.0000000E+000, 0.0000000E+000, 0.0000000E+000, 0.0000000E+000, 0.0000000E+000, 0.0000000E+000, 0.0000000E+000, 0.0000000E+000, 0.0000000E+000, 0.0000000E+000, 0.0000000E+000, 0.0000000E+000, 0.0000000E+000, 0.0000000E+000, 0.0000000E+000, 0.0000000E+000, 0.0000000E+000, 0.0000000E+000
-2.4951065E+001, 0.0000000E+000, 0.0000000E+000, 0.0000000E+000, 0.0000000E+000, 0.0000000E+000, 0.0000000E+000, 0.0000000E+000, 0.0000000E+000, 0.0000000E+000, 0.0000000E+000, 0.0000000E+000, 0.0000000E+000, 0.0000000E+000, 0.0000000E+000, 0.0000000E+000, 0.0000000E+000, 0.0000000E+000, 0.0000000E+000, 0.0000000E+000, 0.0000000E+000, 0.0000000E+000, 0.0000000E+000, 0.0000000E+000, 0.0000000E+000, 0.0000000E+000, 0.0000000E+000, 0.0000000E+000, 0.0000000E+000, 0.0000000E+000, 0.0000000E+000, 0.0000000E+000, 0.0000000E+000, 0.0000000E+000, 0.0000000E+000, 0.0000000E+000, 0.0000000E+000, 0.0000000E+000, 0.0000000E+000, 0.0000000E+000, 0.0000000E+000, 0.0000000E+000, 0.0000000E+000, 0.0000000E+000, 0.0000000E+000, 0.0000000E+000
-2.3934963E+001, 0.0000000E+000, 0.0000000E+000, 0.0000000E+000, 0.0000000E+000, 0.0000000E+000, 0.0000000E+000, 0.0000000E+000, 0.0000000E+000, 0.0000000E+000, 0.0000000E+000, 0.0000000E+000, 0.0000000E+000, 0.0000000E+000, 0.0000000E+000, 0.0000000E+000, 0.0000000E+000, 0.0000000E+000, 0.0000000E+000, 0.0000000E+000, 0.0000000E+000, 0.0000000E+000, 0.0000000E+000, 0.0000000E+000, 0.0000000E+000, 0.0000000E+000, 0.0000000E+000, 0.0000000E+000, 0.0000000E+000, 0.0000000E+000, 0.0000000E+000, 0.0000000E+000, 0.0000000E+000, 0.0000000E+000, 0.0000000E+000, 0.0000000E+000, 0.0000000E+000, 0.0000000E+000, 0.0000000E+000, 0.0000000E+000, 0.0000000E+000, 0.0000000E+000, 0.0000000E+000, 0.0000000E+000, 0.0000000E+000, 0.0000000E+000
-2.2918860E+001, 0.0000000E+000, 0.0000000E+000, 0.0000000E+000, 0.0000000E+000, 0.0000000E+000, 0.0000000E+000, 0.0000000E+000, 0.0000000E+000, 0.0000000E+000, 0.0000000E+000, 0.0000000E+000, 0.0000000E+000, 0.0000000E+000, 0.0000000E+000, 0.0000000E+000, 0.0000000E+000, 0.0000000E+000, 0.0000000E+000, 0.0000000E+000, 0.0000000E+000, 0.0000000E+000, 0.0000000E+000, 0.0000000E+000, 0.0000000E+000, 0.0000000E+000, 0.0000000E+000, 0.0000000E+000, 0.0000000E+000, 0.0000000E+000, 0.0000000E+000, 0.0000000E+000, 0.0000000E+000, 0.0000000E+000, 0.0000000E+000, 0.0000000E+000, 0.0000000E+000, 0.0000000E+000, 0.0000000E+000, 0.0000000E+000, 0.0000000E+000, 0.0000000E+000, 0.0000000E+000, 0.0000000E+000, 0.0000000E+000, 0.0000000E+000
-2.1995131E+001, 0.0000000E+000, 0.0000000E+000, 0.0000000E+000, 0.0000000E+000, 0.0000000E+000, 0.0000000E+000, 0.0000000E+000, 0.0000000E+000, 0.0000000E+000, 0.0000000E+000, 0.0000000E+000, 0.0000000E+000, 0.0000000E+000, 0.0000000E+000, 0.0000000E+000, 0.0000000E+000, 0.0000000E+000, 0.0000000E+000, 0.0000000E+000, 0.0000000E+000, 0.0000000E+000, 0.0000000E+000, 0.0000000E+000, 0.0000000E+000, 0.0000000E+000, 0.0000000E+000, 0.0000000E+000, 0.0000000E+000, 0.0000000E+000, 0.0000000E+000, 0.0000000E+000, 0.0000000E+000, 0.0000000E+000, 0.0000000E+000, 0.0000000E+000, 0.0000000E+000, 0.0000000E+000, 0.0000000E+000, 0.0000000E+000, 0.0000000E+000, 0.0000000E+000, 0.0000000E+000, 0.0000000E+000, 0.0000000E+000, 0.0000000E+000
-2.0979028E+001, 0.0000000E+000, 0.0000000E+000, 0.0000000E+000, 0.0000000E+000, 0.0000000E+000, 0.0000000E+000, 0.0000000E+000, 0.0000000E+000, 0.0000000E+000, 0.0000000E+000, 0.0000000E+000, 0.0000000E+000, 0.0000000E+000, 0.0000000E+000, 0.0000000E+000, 0.0000000E+000, 0.0000000E+000, 0.0000000E+000, 0.0000000E+000, 0.0000000E+000, 0.0000000E+000, 0.0000000E+000, 0.0000000E+000, 0.0000000E+000, 0.0000000E+000, 0.0000000E+000, 0.0000000E+000, 0.0000000E+000, 0.0000000E+000, 0.0000000E+000, 0.0000000E+000, 0.0000000E+000, 0.0000000E+000, 0.0000000E+000, 0.0000000E+000, 0.0000000E+000, 0.0000000E+000, 0.0000000E+000, 0.0000000E+000, 0.0000000E+000, 0.0000000E+000, 0.0000000E+000, 0.0000000E+000, 0.0000000E+000, 0.0000000E+000
-1.9962926E+001, 0.0000000E+000, 0.0000000E+000, 0.0000000E+000, 0.0000000E+000, 0.0000000E+000, 0.0000000E+000, 0.0000000E+000, 0.0000000E+000, 0.0000000E+000, 0.0000000E+000, 0.0000000E+000, 0.0000000E+000, 0.0000000E+000, 0.0000000E+000, 0.0000000E+000, 0.0000000E+000, 0.0000000E+000, 0.0000000E+000, 0.0000000E+000, 0.0000000E+000, 0.0000000E+000, 0.0000000E+000, 0.0000000E+000, 0.0000000E+000, 0.0000000E+000, 0.0000000E+000, 0.0000000E+000, 0.0000000E+000, 0.0000000E+000, 0.0000000E+000, 0.0000000E+000, 0.0000000E+000, 0.0000000E+000, 0.0000000E+000, 0.0000000E+000, 0.0000000E+000, 0.0000000E+000, 0.0000000E+000, 0.0000000E+000, 0.0000000E+000, 0.0000000E+000, 0.0000000E+000, 0.0000000E+000, 0.0000000E+000, 0.0000000E+000
-1.8946823E+001, 0.0000000E+000, 0.0000000E+000, 0.0000000E+000, 0.0000000E+000, 0.0000000E+000, 0.0000000E+000, 0.0000000E+000, 0.0000000E+000, 0.0000000E+000, 0.0000000E+000, 0.0000000E+000, 0.0000000E+000, 0.0000000E+000, 0.0000000E+000, 0.0000000E+000, 0.0000000E+000, 0.0000000E+000, 0.0000000E+000, 0.0000000E+000, 0.0000000E+000, 0.0000000E+000, 0.0000000E+000, 0.0000000E+000, 0.0000000E+000, 0.0000000E+000, 0.0000000E+000, 0.0000000E+000, 0.0000000E+000, 0.0000000E+000, 0.0000000E+000, 0.0000000E+000, 0.0000000E+000, 0.0000000E+000, 0.0000000E+000, 0.0000000E+000, 0.0000000E+000, 0.0000000E+000, 0.0000000E+000, 0.0000000E+000, 0.0000000E+000, 0.0000000E+000, 0.0000000E+000, 0.0000000E+000, 0.0000000E+000, 0.0000000E+000
-1.7930720E+001, 0.0000000E+000, 0.0000000E+000, 0.0000000E+000, 0.0000000E+000, 0.0000000E+000, 0.0000000E+000, 0.0000000E+000, 0.0000000E+000, 0.0000000E+000, 0.0000000E+000, 0.0000000E+000, 0.0000000E+000, 0.0000000E+000, 0.0000000E+000, 0.0000000E+000, 0.0000000E+000, 0.0000000E+000, 0.0000000E+000, 0.0000000E+000, 0.0000000E+000, 0.0000000E+000, 0.0000000E+000, 0.0000000E+000, 0.0000000E+000, 0.0000000E+000, 0.0000000E+000, 0.0000000E+000, 0.0000000E+000, 0.0000000E+000, 0.0000000E+000, 0.0000000E+000, 0.0000000E+000, 0.0000000E+000, 0.0000000E+000, 0.0000000E+000, 0.0000000E+000, 0.0000000E+000, 0.0000000E+000, 0.0000000E+000, 0.0000000E+000, 0.0000000E+000, 0.0000000E+000, 0.0000000E+000, 0.0000000E+000, 0.0000000E+000
-1.6914618E+001, 0.0000000E+000, 0.0000000E+000, 0.0000000E+000, 0.0000000E+000, 0.0000000E+000, 0.0000000E+000, 0.0000000E+000, 0.0000000E+000, 0.0000000E+000, 0.0000000E+000, 0.0000000E+000, 0.0000000E+000, 0.0000000E+000, 0.0000000E+000, 0.0000000E+000, 0.0000000E+000, 0.0000000E+000, 0.0000000E+000, 0.0000000E+000, 0.0000000E+000, 0.0000000E+000, 0.0000000E+000, 0.0000000E+000, 0.0000000E+000, 0.0000000E+000, 0.0000000E+000, 0.0000000E+000, 0.0000000E+000, 0.0000000E+000, 0.0000000E+000, 0.0000000E+000, 0.0000000E+000, 0.0000000E+000, 0.0000000E+000, 0.0000000E+000, 0.0000000E+000, 0.0000000E+000, 0.0000000E+000, 0.0000000E+000, 0.0000000E+000, 0.0000000E+000, 0.0000000E+000, 0.0000000E+000, 0.0000000E+000, 0.0000000E+000
-1.5990888E+001, 0.0000000E+000, 0.0000000E+000, 0.0000000E+000, 0.0000000E+000, 0.0000000E+000, 0.0000000E+000, 0.0000000E+000, 0.0000000E+000, 0.0000000E+000, 0.0000000E+000, 0.0000000E+000, 0.0000000E+000, 0.0000000E+000, 0.0000000E+000, 0.0000000E+000, 0.0000000E+000, 0.0000000E+000, 0.0000000E+000, 0.0000000E+000, 0.0000000E+000, 0.0000000E+000, 0.0000000E+000, 0.0000000E+000, 0.0000000E+000, 0.0000000E+000, 0.0000000E+000, 0.0000000E+000, 0.0000000E+000, 0.0000000E+000, 0.0000000E+000, 0.0000000E+000, 0.0000000E+000, 0.0000000E+000, 0.0000000E+000, 0.0000000E+000, 0.0000000E+000, 0.0000000E+000, 0.0000000E+000, 0.0000000E+000, 0.0000000E+000, 0.0000000E+000, 0.0000000E+000, 0.0000000E+000, 0.0000000E+000, 0.0000000E+000
-1.4974786E+001, 0.0000000E+000, 0.0000000E+000, 0.0000000E+000, 0.0000000E+000, 0.0000000E+000, 0.0000000E+000, 0.0000000E+000, 0.0000000E+000, 0.0000000E+000, 0.0000000E+000, 0.0000000E+000, 0.0000000E+000, 0.0000000E+000, 0.0000000E+000, 0.0000000E+000, 0.0000000E+000, 0.0000000E+000, 0.0000000E+000, 0.0000000E+000, 0.0000000E+000, 0.0000000E+000, 0.0000000E+000, 0.0000000E+000, 0.0000000E+000, 0.0000000E+000, 0.0000000E+000, 0.0000000E+000, 0.0000000E+000, 0.0000000E+000, 0.0000000E+000, 0.0000000E+000, 0.0000000E+000, 0.0000000E+000, 0.0000000E+000, 0.0000000E+000, 0.0000000E+000, 0.0000000E+000, 0.0000000E+000, 0.0000000E+000, 0.0000000E+000, 0.0000000E+000, 0.0000000E+000, 0.0000000E+000, 0.0000000E+000, 0.0000000E+000
-1.3958683E+001, 0.0000000E+000, 0.0000000E+000, 0.0000000E+000, 0.0000000E+000, 0.0000000E+000, 0.0000000E+000, 0.0000000E+000, 0.0000000E+000, 0.0000000E+000, 0.0000000E+000, 0.0000000E+000, 0.0000000E+000, 0.0000000E+000, 0.0000000E+000, 0.0000000E+000, 0.0000000E+000, 0.0000000E+000, 0.0000000E+000, 0.0000000E+000, 0.0000000E+000, 0.0000000E+000, 0.0000000E+000, 0.0000000E+000, 0.0000000E+000, 0.0000000E+000, 0.0000000E+000, 0.0000000E+000, 0.0000000E+000, 0.0000000E+000, 0.0000000E+000, 0.0000000E+000, 0.0000000E+000, 0.0000000E+000, 0.0000000E+000, 0.0000000E+000, 0.0000000E+000, 0.0000000E+000, 0.0000000E+000, 0.0000000E+000, 0.0000000E+000, 0.0000000E+000, 0.0000000E+000, 0.0000000E+000, 0.0000000E+000, 0.0000000E+000
-1.2942581E+001, 0.0000000E+000, 0.0000000E+000, 0.0000000E+000, 0.0000000E+000, 0.0000000E+000, 0.0000000E+000, 0.0000000E+000, 0.0000000E+000, 0.0000000E+000, 0.0000000E+000, 0.0000000E+000, 0.0000000E+000, 0.0000000E+000, 0.0000000E+000, 0.0000000E+000, 0.0000000E+000, 0.0000000E+000, 0.0000000E+000, 0.0000000E+000, 0.0000000E+000, 0.0000000E+000, 0.0000000E+000, 0.0000000E+000, 0.0000000E+000, 0.0000000E+000, 0.0000000E+000, 0.0000000E+000, 0.0000000E+000, 0.0000000E+000, 0.0000000E+000, 0.0000000E+000, 0.0000000E+000, 0.0000000E+000, 0.0000000E+000, 0.0000000E+000, 0.0000000E+000, 0.0000000E+000, 0.0000000E+000, 0.0000000E+000, 0.0000000E+000, 0.0000000E+000, 0.0000000E+000, 0.0000000E+000, 0.0000000E+000, 0.0000000E+000
-1.1926478E+001, 0.0000000E+000, 0.0000000E+000, 0.0000000E+000, 0.0000000E+000, 0.0000000E+000, 0.0000000E+000, 0.0000000E+000, 0.0000000E+000, 0.0000000E+000, 0.0000000E+000, 0.0000000E+000, 0.0000000E+000, 0.0000000E+000, 0.0000000E+000, 0.0000000E+000, 0.0000000E+000, 0.0000000E+000, 0.0000000E+000, 0.0000000E+000, 0.0000000E+000, 0.0000000E+000, 0.0000000E+000, 0.0000000E+000, 0.0000000E+000, 0.0000000E+000, 0.0000000E+000, 0.0000000E+000, 0.0000000E+000, 0.0000000E+000, 0.0000000E+000, 0.0000000E+000, 0.0000000E+000, 0.0000000E+000, 0.0000000E+000, 0.0000000E+000, 0.0000000E+000, 0.0000000E+000, 0.0000000E+000, 0.0000000E+000, 0.0000000E+000, 0.0000000E+000, 0.0000000E+000, 0.0000000E+000, 0.0000000E+000, 0.0000000E+000
-1.0910375E+001, 0.0000000E+000, 0.0000000E+000, 0.0000000E+000, 0.0000000E+000, 0.0000000E+000, 0.0000000E+000, 0.0000000E+000, 0.0000000E+000, 0.0000000E+000, 0.0000000E+000, 0.0000000E+000, 0.0000000E+000, 0.0000000E+000, 0.0000000E+000, 0.0000000E+000, 0.0000000E+000, 0.0000000E+000, 0.0000000E+000, 0.0000000E+000, 0.0000000E+000, 0.0000000E+000, 0.0000000E+000, 0.0000000E+000, 0.0000000E+000, 0.0000000E+000, 0.0000000E+000, 0.0000000E+000, 0.0000000E+000, 0.0000000E+000, 0.0000000E+000, 0.0000000E+000, 0.0000000E+000, 0.0000000E+000, 0.0000000E+000, 0.0000000E+000, 0.0000000E+000, 0.0000000E+000, 0.0000000E+000, 0.0000000E+000, 0.0000000E+000, 0.0000000E+000, 0.0000000E+000, 0.0000000E+000, 0.0000000E+000, 0.0000000E+000
-9.9866458E+000, 0.0000000E+000, 0.0000000E+000, 0.0000000E+000, 0.0000000E+000, 0.0000000E+000, 0.0000000E+000, 0.0000000E+000, 0.0000000E+000, 0.0000000E+000, 0.0000000E+000, 0.0000000E+000, 0.0000000E+000, 0.0000000E+000, 0.0000000E+000, 0.0000000E+000, 0.0000000E+000, 0.0000000E+000, 0.0000000E+000, 0.0000000E+000, 0.0000000E+000, 0.0000000E+000, 0.0000000E+000, 0.0000000E+000, 0.0000000E+000, 0.0000000E+000, 0.0000000E+000, 0.0000000E+000, 0.0000000E+000, 0.0000000E+000, 0.0000000E+000, 0.0000000E+000, 0.0000000E+000, 0.0000000E+000, 0.0000000E+000, 0.0000000E+000, 0.0000000E+000, 0.0000000E+000, 0.0000000E+000, 0.0000000E+000, 0.0000000E+000, 0.0000000E+000, 0.0000000E+000, 0.0000000E+000, 0.0000000E+000, 0.0000000E+000
-8.9705433E+000, 0.0000000E+000, 0.0000000E+000, 0.0000000E+000, 0.0000000E+000, 0.0000000E+000, 0.0000000E+000, 0.0000000E+000, 0.0000000E+000, 0.0000000E+000, 0.0000000E+000, 0.0000000E+000, 0.0000000E+000, 0.0000000E+000, 0.0000000E+000, 0.0000000E+000, 0.0000000E+000, 0.0000000E+000, 0.0000000E+000, 0.0000000E+000, 0.0000000E+000, 0.0000000E+000, 0.0000000E+000, 0.0000000E+000, 0.0000000E+000, 0.0000000E+000, 0.0000000E+000, 0.0000000E+000, 0.0000000E+000, 0.0000000E+000, 0.0000000E+000, 0.0000000E+000, 0.0000000E+000, 0.0000000E+000, 0.0000000E+000, 0.0000000E+000, 0.0000000E+000, 0.0000000E+000, 0.0000000E+000, 0.0000000E+000, 0.0000000E+000, 0.0000000E+000, 0.0000000E+000, 0.0000000E+000, 0.0000000E+000, 0.0000000E+000
-7.9544407E+000, 0.0000000E+000, 0.0000000E+000, 0.0000000E+000, 0.0000000E+000, 0.0000000E+000, 0.0000000E+000, 0.0000000E+000, 0.0000000E+000, 0.0000000E+000, 0.0000000E+000, 0.0000000E+000, 0.0000000E+000, 0.0000000E+000, 0.0000000E+000, 0.0000000E+000, 0.0000000E+000, 0.0000000E+000, 0.0000000E+000, 0.0000000E+000, 0.0000000E+000, 0.0000000E+000, 0.0000000E+000, 0.0000000E+000, 0.0000000E+000, 0.0000000E+000, 0.0000000E+000, 0.0000000E+000, 0.0000000E+000, 0.0000000E+000, 0.0000000E+000, 0.0000000E+000, 0.0000000E+000, 0.0000000E+000, 0.0000000E+000, 0.0000000E+000, 0.0000000E+000, 0.0000000E+000, 0.0000000E+000, 0.0000000E+000, 0.0000000E+000, 0.0000000E+000, 0.0000000E+000, 0.0000000E+000, 0.0000000E+000, 0.0000000E+000
-6.9383381E+000, 0.0000000E+000, 0.0000000E+000, 0.0000000E+000, 0.0000000E+000, 0.0000000E+000, 0.0000000E+000, 0.0000000E+000, 0.0000000E+000, 0.0000000E+000, 0.0000000E+000, 0.0000000E+000, 0.0000000E+000, 0.0000000E+000, 0.0000000E+000, 0.0000000E+000, 0.0000000E+000, 0.0000000E+000, 0.0000000E+000, 0.0000000E+000, 0.0000000E+000, 0.0000000E+000, 0.0000000E+000, 0.0000000E+000, 0.0000000E+000, 0.0000000E+000, 0.0000000E+000, 0.0000000E+000, 0.0000000E+000, 0.0000000E+000, 0.0000000E+000, 0.0000000E+000, 0.0000000E+000, 0.0000000E+000, 0.0000000E+000, 0.0000000E+000, 0.0000000E+000, 0.0000000E+000, 0.0000000E+000, 0.0000000E+000, 0.0000000E+000, 0.0000000E+000, 0.0000000E+000, 0.0000000E+000, 0.0000000E+000, 0.0000000E+000
-5.9222356E+000, 0.0000000E+000, 0.0000000E+000, 0.0000000E+000, 0.0000000E+000, 0.0000000E+000, 0.0000000E+000, 0.0000000E+000, 0.0000000E+000, 0.0000000E+000, 0.0000000E+000, 0.0000000E+000, 0.0000000E+000, 0.0000000E+000, 0.0000000E+000, 0.0000000E+000, 0.0000000E+000, 0.0000000E+000, 0.0000000E+000, 0.0000000E+000, 0.0000000E+000, 0.0000000E+000, 0.0000000E+000, 0.0000000E+000, 0.0000000E+000, 0.0000000E+000, 0.0000000E+000, 0.0000000E+000, 0.0000000E+000, 0.0000000E+000, 0.0000000E+000, 0.0000000E+000, 0.0000000E+000, 0.0000000E+000, 0.0000000E+000, 0.0000000E+000, 0.0000000E+000, 0.0000000E+000, 0.0000000E+000, 0.0000000E+000, 0.0000000E+000, 0.0000000E+000, 0.0000000E+000, 0.0000000E+000, 0.0000000E+000, 0.0000000E+000
-4.9985060E+000, 0.0000000E+000, 0.0000000E+000, 0.0000000E+000, 0.0000000E+000, 0.0000000E+000, 0.0000000E+000, 0.0000000E+000, 0.0000000E+000, 0.0000000E+000, 0.0000000E+000, 0.0000000E+000, 0.0000000E+000, 0.0000000E+000, 0.0000000E+000, 0.0000000E+000, 0.0000000E+000, 0.0000000E+000, 0.0000000E+000, 0.0000000E+000, 0.0000000E+000, 0.0000000E+000, 0.0000000E+000, 0.0000000E+000, 0.0000000E+000, 0.0000000E+000, 0.0000000E+000, 0.0000000E+000, 0.0000000E+000, 0.0000000E+000, 0.0000000E+000, 0.0000000E+000, 0.0000000E+000, 0.0000000E+000, 0.0000000E+000, 0.0000000E+000, 0.0000000E+000, 0.0000000E+000, 0.0000000E+000, 0.0000000E+000, 0.0000000E+000, 0.0000000E+000, 0.0000000E+000, 0.0000000E+000, 0.0000000E+000, 0.0000000E+000
-3.9824034E+000, 0.0000000E+000, 0.0000000E+000, 0.0000000E+000, 0.0000000E+000, 0.0000000E+000, 0.0000000E+000, 0.0000000E+000, 0.0000000E+000, 0.0000000E+000, 0.0000000E+000, 0.0000000E+000, 0.0000000E+000, 0.0000000E+000, 0.0000000E+000, 0.0000000E+000, 0.0000000E+000, 0.0000000E+000, 0.0000000E+000, 0.0000000E+000, 0.0000000E+000, 0.0000000E+000, 0.0000000E+000, 0.0000000E+000, 0.0000000E+000, 0.0000000E+000, 0.0000000E+000, 0.0000000E+000, 0.0000000E+000, 0.0000000E+000, 0.0000000E+000, 0.0000000E+000, 0.0000000E+000, 0.0000000E+000, 0.0000000E+000, 0.0000000E+000, 0.0000000E+000, 0.0000000E+000, 0.0000000E+000, 0.0000000E+000, 0.0000000E+000, 0.0000000E+000, 0.0000000E+000, 0.0000000E+000, 0.0000000E+000, 0.0000000E+000
-2.9663008E+000, 0.0000000E+000, 0.0000000E+000, 0.0000000E+000, 0.0000000E+000, 0.0000000E+000, 0.0000000E+000, 0.0000000E+000, 0.0000000E+000, 0.0000000E+000, 0.0000000E+000, 0.0000000E+000, 0.0000000E+000, 0.0000000E+000, 0.0000000E+000, 0.0000000E+000, 0.0000000E+000, 0.0000000E+000, 0.0000000E+000, 0.0000000E+000, 0.0000000E+000, 0.0000000E+000, 0.0000000E+000, 0.0000000E+000, 0.0000000E+000, 0.0000000E+000, 0.0000000E+000, 0.0000000E+000, 0.0000000E+000, 0.0000000E+000, 0.0000000E+000, 0.0000000E+000, 0.0000000E+000, 0.0000000E+000, 0.0000000E+000, 0.0000000E+000, 0.0000000E+000, 0.0000000E+000, 0.0000000E+000, 0.0000000E+000, 0.0000000E+000, 0.0000000E+000, 0.0000000E+000, 0.0000000E+000, 0.0000000E+000, 0.0000000E+000
-1.9501983E+000, 0.0000000E+000, 0.0000000E+000, 0.0000000E+000, 0.0000000E+000, 0.0000000E+000, 0.0000000E+000, 0.0000000E+000, 0.0000000E+000, 0.0000000E+000, 0.0000000E+000, 0.0000000E+000, 0.0000000E+000, 0.0000000E+000, 0.0000000E+000, 0.0000000E+000, 0.0000000E+000, 0.0000000E+000, 0.0000000E+000, 0.0000000E+000, 0.0000000E+000, 0.0000000E+000, 0.0000000E+000, 0.0000000E+000, 0.0000000E+000, 0.0000000E+000, 0.0000000E+000, 0.0000000E+000, 0.0000000E+000, 0.0000000E+000, 0.0000000E+000, 0.0000000E+000, 0.0000000E+000, 0.0000000E+000, 0.0000000E+000, 0.0000000E+000, 0.0000000E+000, 0.0000000E+000, 0.0000000E+000, 0.0000000E+000, 0.0000000E+000, 0.0000000E+000, 0.0000000E+000, 0.0000000E+000, 0.0000000E+000, 0.0000000E+000
-9.3409573E-001, 0.0000000E+000, 0.0000000E+000, 0.0000000E+000, 0.0000000E+000, 0.0000000E+000, 0.0000000E+000, 0.0000000E+000, 0.0000000E+000, 0.0000000E+000, 0.0000000E+000, 0.0000000E+000, 0.0000000E+000, 0.0000000E+000, 0.0000000E+000, 0.0000000E+000, 0.0000000E+000, 0.0000000E+000, 0.0000000E+000, 0.0000000E+000, 0.0000000E+000, 0.0000000E+000, 0.0000000E+000, 0.0000000E+000, 0.0000000E+000, 0.0000000E+000, 0.0000000E+000, 0.0000000E+000, 0.0000000E+000, 0.0000000E+000, 0.0000000E+000, 0.0000000E+000, 0.0000000E+000, 0.0000000E+000, 0.0000000E+000, 0.0000000E+000, 0.0000000E+000, 0.0000000E+000, 0.0000000E+000, 0.0000000E+000, 0.0000000E+000, 0.0000000E+000, 0.0000000E+000, 0.0000000E+000, 0.0000000E+000, 0.0000000E+000
 8.2006836E-002, 0.0000000E+000, 0.0000000E+000, 0.0000000E+000, 0.0000000E+000, 0.0000000E+000, 0.0000000E+000, 0.0000000E+000, 0.0000000E+000, 0.0000000E+000, 0.0000000E+000, 0.0000000E+000, 0.0000000E+000, 0.0000000E+000, 0.0000000E+000, 0.0000000E+000, 0.0000000E+000, 0.0000000E+000, 0.0000000E+000, 0.0000000E+000, 0.0000000E+000, 0.0000000E+000, 0.0000000E+000, 0.0000000E+000, 0.0000000E+000, 0.0000000E+000, 0.0000000E+000, 0.0000000E+000, 0.0000000E+000, 0.0000000E+000, 0.0000000E+000, 0.0000000E+000, 0.0000000E+000, 0.0000000E+000, 0.0000000E+000, 0.0000000E+000, 0.0000000E+000, 0.0000000E+000, 0.0000000E+000, 0.0000000E+000, 0.0000000E+000, 0.0000000E+000, 0.0000000E+000, 0.0000000E+000, 0.0000000E+000, 0.0000000E+000
 1.0221018E+000, 0.0000000E+000, 0.0000000E+000, 0.0000000E+000, 0.0000000E+000, 0.0000000E+000, 0.0000000E+000, 0.0000000E+000, 0.0000000E+000, 0.0000000E+000, 0.0000000E+000, 0.0000000E+000, 0.0000000E+000, 0.0000000E+000, 0.0000000E+000, 0.0000000E+000, 0.0000000E+000, 0.0000000E+000, 0.0000000E+000, 0.0000000E+000, 0.0000000E+000, 0.0000000E+000, 0.0000000E+000, 0.0000000E+000, 0.0000000E+000, 0.0000000E+000, 0.0000000E+000, 0.0000000E+000, 0.0000000E+000, 0.0000000E+000, 0.0000000E+000, 0.0000000E+000, 0.0000000E+000, 0.0000000E+000, 0.0000000E+000, 0.0000000E+000, 0.0000000E+000, 0.0000000E+000, 0.0000000E+000, 0.0000000E+000, 0.0000000E+000, 0.0000000E+000, 0.0000000E+000, 0.0000000E+000, 0.0000000E+000, 0.0000000E+000
 2.0165660E+000, 0.0000000E+000, 0.0000000E+000, 0.0000000E+000, 0.0000000E+000, 0.0000000E+000, 0.0000000E+000, 0.0000000E+000, 0.0000000E+000, 0.0000000E+000, 0.0000000E+000, 0.0000000E+000, 0.0000000E+000, 0.0000000E+000, 0.0000000E+000, 0.0000000E+000, 0.0000000E+000, 0.0000000E+000, 0.0000000E+000, 0.0000000E+000, 0.0000000E+000, 0.0000000E+000, 0.0000000E+000, 0.0000000E+000, 0.0000000E+000, 0.0000000E+000, 0.0000000E+000, 0.0000000E+000, 0.0000000E+000, 0.0000000E+000, 0.0000000E+000, 0.0000000E+000, 0.0000000E+000, 0.0000000E+000, 0.0000000E+000, 0.0000000E+000, 0.0000000E+000, 0.0000000E+000, 0.0000000E+000, 0.0000000E+000, 0.0000000E+000, 0.0000000E+000, 0.0000000E+000, 0.0000000E+000, 0.0000000E+000, 0.0000000E+000
 3.0193174E+000, 6.4225816E-068, 0.0000000E+000, 0.0000000E+000, 1.3015907E-049, 0.0000000E+000, 0.0000000E+000, 4.1921999E-033, 3.4374978E-035, 1.3030758E-045, 5.6549267E-032, 5.6714839E-033, 2.0541574E-042, 1.9800006E-044, 2.8403885E-047, 0.0000000E+000, 1.2365350E-050, 1.6818536E-055, 0.0000000E+000, 0.0000000E+000, 0.0000000E+000, 0.0000000E+000, 0.0000000E+000, 0.0000000E+000, 0.0000000E+000, 0.0000000E+000, 0.0000000E+000, 0.0000000E+000, 0.0000000E+000, 0.0000000E+000, 0.0000000E+000, 0.0000000E+000, 0.0000000E+000, 0.0000000E+000, 0.0000000E+000, 0.0000000E+000, 0.0000000E+000, 0.0000000E+000, 0.0000000E+000, 0.0000000E+000, 0.0000000E+000, 0.0000000E+000, 0.0000000E+000, 0.0000000E+000, 0.0000000E+000, 0.0000000E+000
 4.0220688E+000, 1.3814053E-046, 1.4140285E-046, 5.1570756E-049, 2.4909268E-036, 1.2144189E-037, 1.4012711E-039, 4.4074418E-026, 2.8023621E-026, 3.8886086E-032, 2.7428911E-025, 4.7561541E-025, 9.7839070E-031, 2.7213690E-033, 4.9683389E-035, 1.3308996E-041, 2.4160982E-044, 8.1379135E-049, 3.7383308E-053, 0.0000000E+000, 0.0000000E+000, 0.0000000E+000, 0.0000000E+000, 0.0000000E+000, 0.0000000E+000, 0.0000000E+000, 0.0000000E+000, 0.0000000E+000, 0.0000000E+000, 0.0000000E+000, 0.0000000E+000, 0.0000000E+000, 0.0000000E+000, 0.0000000E+000, 0.0000000E+000, 0.0000000E+000, 0.0000000E+000, 0.0000000E+000, 0.0000000E+000, 0.0000000E+000, 0.0000000E+000, 0.0000000E+000, 0.0000000E+000, 0.0000000E+000, 0.0000000E+000, 0.0000000E+000
 5.0248202E+000, 6.6217186E-039, 2.1901513E-039, 8.8858895E-039, 9.5295082E-030, 1.8203628E-030, 3.1945324E-031, 5.2731238E-022, 4.7633563E-022, 6.7771870E-026, 1.6095751E-021, 3.1896301E-021, 3.4099282E-025, 2.5962309E-027, 3.1009283E-030, 2.9638756E-035, 5.9488274E-043, 4.1311103E-046, 1.0211820E-049, 0.0000000E+000, 0.0000000E+000, 0.0000000E+000, 0.0000000E+000, 0.0000000E+000, 0.0000000E+000, 0.0000000E+000, 0.0000000E+000, 0.0000000E+000, 0.0000000E+000, 0.0000000E+000, 0.0000000E+000, 0.0000000E+000, 0.0000000E+000, 0.0000000E+000, 0.0000000E+000, 0.0000000E+000, 0.0000000E+000, 0.0000000E+000, 0.0000000E+000, 0.0000000E+000, 0.0000000E+000, 0.0000000E+000, 0.0000000E+000, 0.0000000E+000, 0.0000000E+000, 0.0000000E+000
 6.0087710E+000, 1.8765361E-034, 4.7145606E-034, 4.6242983E-032, 6.2748953E-026, 2.1665599E-025, 4.0484863E-026, 1.4850294E-019, 2.5808459E-019, 1.4443516E-022, 2.4122600E-019, 5.4482629E-019, 4.4793067E-021, 7.5929731E-024, 1.4970525E-026, 1.0443017E-031, 5.9800310E-040, 6.7423088E-044, 1.8405077E-046, 0.0000000E+000, 0.0000000E+000, 0.0000000E+000, 0.0000000E+000, 0.0000000E+000, 0.0000000E+000, 1.5821364E-074, 0.0000000E+000, 0.0000000E+000, 0.0000000E+000, 0.0000000E+000, 0.0000000E+000, 0.0000000E+000, 0.0000000E+000, 0.0000000E+000, 0.0000000E+000, 0.0000000E+000, 0.0000000E+000, 0.0000000E+000, 0.0000000E+000, 0.0000000E+000, 0.0000000E+000, 0.0000000E+000, 0.0000000E+000, 0.0000000E+000, 0.0000000E+000, 0.0000000E+000
 7.0225811E+000, 3.7290284E-031, 4.0132558E-029, 8.8640003E-029, 1.3335905E-022, 1.8496369E-021, 1.0735618E-022, 7.5720044E-018, 1.6479566E-017, 7.5822126E-020, 3.4583150E-018, 1.0934649E-017, 2.5612407E-018, 3.2654087E-023, 4.6512574E-024, 2.3265358E-029, 3.3649742E-037, 5.8102781E-039, 6.2835317E-041, 0.0000000E+000, 0.0000000E+000, 0.0000000E+000, 0.0000000E+000, 0.0000000E+000, 0.0000000E+000, 1.4021732E-057, 6.4193604E-057, 4.5449578E-060, 0.0000000E+000, 0.0000000E+000, 0.0000000E+000, 0.0000000E+000, 0.0000000E+000, 0.0000000E+000, 0.0000000E+000, 0.0000000E+000, 0.0000000E+000, 0.0000000E+000, 0.0000000E+000, 0.0000000E+000, 0.0000000E+000, 0.0000000E+000, 0.0000000E+000, 0.0000000E+000, 0.0000000E+000, 0.0000000E+000
 8.0118637E+000, 2.7585956E-028, 3.0238062E-026, 2.0974786E-028, 3.0997073E-021, 2.8625957E-019, 1.2152320E-020, 1.2050918E-016, 1.4633163E-016, 1.4841172E-017, 5.9588220E-015, 6.7267397E-013, 1.3435269E-016, 1.2637550E-022, 5.5940372E-024, 1.7685235E-026, 2.4842227E-035, 5.2014755E-035, 2.6269356E-036, 0.0000000E+000, 0.0000000E+000, 0.0000000E+000, 8.2257234E-107, 5.0551791E-109, 0.0000000E+000, 9.6051281E-049, 3.3893386E-047, 2.6071419E-049, 0.0000000E+000, 0.0000000E+000, 0.0000000E+000, 0.0000000E+000, 0.0000000E+000, 0.0000000E+000, 0.0000000E+000, 0.0000000E+000, 0.0000000E+000, 0.0000000E+000, 0.0000000E+000, 0.0000000E+000, 0.0000000E+000, 0.0000000E+000, 0.0000000E+000, 0.0000000E+000, 0.0000000E+000, 0.0000000E+000
 9.0011462E+000, 8.7675866E-026, 1.4493748E-024, 1.3765825E-027, 1.5080071E-019, 2.9041369E-018, 3.7379976E-020, 3.7073946E-010, 2.6919421E-009, 1.7226875E-016, 2.6773950E-006, 8.2772055E-008, 2.1758014E-015, 2.4308350E-022, 3.2785354E-022, 5.3606644E-024, 1.2845791E-032, 3.8763938E-032, 1.9365204E-031, 1.4299175E-114, 1.2046070E-113, 2.3695902E-118, 1.9182019E-090, 4.5251074E-090, 9.5142922E-092, 3.9093375E-042, 1.7255317E-040, 4.2592690E-042, 1.1113151E-117, 7.5597974E-116, 8.5456396E-119, 0.0000000E+000, 0.0000000E+000, 0.0000000E+000, 0.0000000E+000, 0.0000000E+000, 0.0000000E+000, 0.0000000E+000, 0.0000000E+000, 0.0000000E+000, 0.0000000E+000, 0.0000000E+000, 0.0000000E+000, 0.0000000E+000, 0.0000000E+000, 0.0000000E+000
 1.0080363E+001, 9.9840010E-024, 2.1793346E-024, 3.5046029E-027, 4.3274950E-018, 6.6573548E-018, 8.5922101E-021, 1.2486768E-007, 4.1530747E-009, 9.9125340E-015, 2.2233136E-005, 8.6643082E-007, 6.1147437E-014, 3.1117502E-020, 1.4487195E-020, 1.0376253E-021, 6.6233323E-031, 4.6157670E-031, 6.4181208E-029, 2.9918277E-098, 1.2191146E-098, 2.1803264E-102, 2.7646255E-077, 6.7224411E-078, 1.3323272E-077, 3.0729455E-036, 2.5262881E-035, 2.1081995E-036, 1.5352988E-102, 3.2679733E-101, 1.0964036E-102, 0.0000000E+000, 0.0000000E+000, 0.0000000E+000, 0.0000000E+000, 0.0000000E+000, 0.0000000E+000, 0.0000000E+000, 0.0000000E+000, 0.0000000E+000, 0.0000000E+000, 0.0000000E+000, 0.0000000E+000, 0.0000000E+000, 0.0000000E+000, 0.0000000E+000
 1.1069646E+001, 7.7202395E-023, 3.6222623E-024, 1.1490331E-025, 3.3177033E-017, 2.8207094E-018, 1.4470363E-020, 4.6084391E-007, 2.9346915E-008, 7.3495420E-014, 1.4054321E-003, 9.2829869E-006, 6.6390089E-013, 2.0968356E-018, 1.5325075E-018, 6.4238699E-018, 1.3996642E-030, 1.9196283E-031, 1.7875046E-027, 4.8894559E-089, 1.9526297E-089, 1.0815566E-091, 4.8184420E-068, 2.9704121E-070, 1.4353776E-068, 3.2860527E-032, 1.5930099E-031, 1.9600856E-032, 4.8641201E-093, 1.8986028E-093, 3.6498842E-095, 0.0000000E+000, 0.0000000E+000, 0.0000000E+000, 0.0000000E+000, 0.0000000E+000, 0.0000000E+000, 0.0000000E+000, 0.0000000E+000, 0.0000000E+000, 0.0000000E+000, 0.0000000E+000, 0.0000000E+000, 0.0000000E+000, 0.0000000E+000, 0.0000000E+000
 1.2058929E+001, 1.0245605E-022, 7.2276967E-024, 1.5805551E-025, 2.8315467E-017, 8.5400033E-019, 2.7631157E-019, 1.7136680E-003, 2.0274497E-004, 1.9253174E-007, 4.2287725E-003, 1.9686237E-006, 1.6507809E-010, 8.7096579E-018, 4.3850905E-016, 8.6681687E-015, 1.2541337E-030, 2.0061633E-030, 4.6519545E-026, 7.6442475E-082, 1.1430113E-081, 2.3202799E-083, 1.5488286E-062, 1.6359684E-063, 4.8927348E-062, 4.2049134E-029, 1.7896065E-028, 3.0323856E-029, 3.7336143E-086, 7.9976150E-086, 2.1802218E-088, 0.0000000E+000, 0.0000000E+000, 0.0000000E+000, 0.0000000E+000, 0.0000000E+000, 0.0000000E+000, 0.0000000E+000, 0.0000000E+000, 0.0000000E+000, 0.0000000E+000, 0.0000000E+000, 0.0000000E+000, 0.0000000E+000, 0.0000000E+000, 0.0000000E+000
 1.3048211E+001, 6.2972272E-023, 8.7286246E-024, 2.0266868E-025, 1.7744144E-017, 1.5675334E-017, 1.1471751E-018, 4.2190887E-003, 5.4697083E-003, 2.0748011E-006, 1.9981328E-002, 1.6492806E-002, 2.9577233E-009, 1.6540796E-017, 4.2144019E-015, 1.4940730E-014, 6.0941985E-030, 7.1442175E-028, 2.1339984E-024, 2.6360992E-075, 2.7593716E-075, 1.2448416E-077, 2.0298692E-056, 7.0623504E-057, 5.1839443E-056, 1.4654675E-026, 5.0100832E-026, 1.1275183E-026, 1.2982701E-080, 1.3964953E-080, 9.0460933E-083, 0.0000000E+000, 0.0000000E+000, 0.0000000E+000, 0.0000000E+000, 0.0000000E+000, 0.0000000E+000, 0.0000000E+000, 0.0000000E+000, 0.0000000E+000, 0.0000000E+000, 0.0000000E+000, 0.0000000E+000, 0.0000000E+000, 0.0000000E+000, 0.0000000E+000
 1.4037494E+001, 5.3232616E-023, 5.5229406E-024, 8.9502789E-027, 3.5564769E-017, 2.1259723E-016, 5.6479149E-019, 2.1160141E-003, 6.1741095E-003, 4.0709575E-008, 7.4674406E-002, 1.9200639E-002, 1.7908573E-009, 3.4833931E-016, 3.2851864E-015, 4.6500114E-015, 5.5028556E-029, 5.7693072E-027, 2.3042447E-024, 1.7525196E-069, 1.3618418E-068, 1.5248392E-070, 1.3366090E-051, 2.6643877E-051, 3.6793152E-051, 1.3977712E-024, 3.4380528E-024, 1.1753359E-024, 1.0187642E-078, 2.8803768E-079, 1.2918433E-080, 0.0000000E+000, 0.0000000E+000, 0.0000000E+000, 0.0000000E+000, 0.0000000E+000, 0.0000000E+000, 0.0000000E+000, 0.0000000E+000, 0.0000000E+000, 0.0000000E+000, 0.0000000E+000, 0.0000000E+000, 0.0000000E+000, 0.0000000E+000, 0.0000000E+000
 1.5026776E+001, 6.4097298E-023, 8.2952862E-024, 3.9843932E-028, 7.0671254E-017, 4.9739483E-017, 1.2796208E-019, 1.8469605E-003, 1.8652039E-004, 2.5938981E-007, 8.1857537E-002, 2.9786921E-002, 4.4921390E-004, 4.1689359E-016, 1.3170921E-014, 3.5051719E-014, 7.2945477E-028, 1.2238698E-026, 3.6836019E-025, 1.8959419E-064, 4.5884511E-063, 3.0068465E-064, 5.0288031E-048, 3.1220825E-046, 2.0396042E-046, 3.0279594E-023, 1.0939291E-022, 8.7904575E-023, 1.3218868E-073, 1.5157467E-075, 5.6939775E-077, 0.0000000E+000, 0.0000000E+000, 0.0000000E+000, 0.0000000E+000, 0.0000000E+000, 0.0000000E+000, 0.0000000E+000, 0.0000000E+000, 0.0000000E+000, 0.0000000E+000, 0.0000000E+000, 0.0000000E+000, 0.0000000E+000, 0.0000000E+000, 0.0000000E+000
 1.6016059E+001, 2.9980649E-023, 4.2707286E-024, 4.1912589E-028, 6.4955599E-017, 2.3258088E-017, 4.3651698E-020, 1.4099235E-002, 4.6710515E-005, 1.1491991E-008, 1.8332614E-001, 7.6409181E-002, 9.0311672E-004, 1.1827704E-013, 6.8073525E-016, 1.6537239E-014, 1.1752010E-028, 7.5355466E-028, 1.4492416E-025, 1.6984451E-059, 2.6766086E-059, 2.7251520E-061, 1.7518020E-043, 5.0302161E-042, 1.4961285E-042, 5.5326828E-022, 2.5214671E-021, 4.8398360E-021, 8.3775679E-071, 3.8536199E-071, 1.3496618E-075, 0.0000000E+000, 0.0000000E+000, 0.0000000E+000, 0.0000000E+000, 0.0000000E+000, 0.0000000E+000, 0.0000000E+000, 0.0000000E+000, 0.0000000E+000, 0.0000000E+000, 0.0000000E+000, 0.0000000E+000, 0.0000000E+000, 0.0000000E+000, 0.0000000E+000
 1.7005341E+001, 8.0744029E-024, 6.8028493E-025, 3.8303781E-028, 6.1797374E-017, 1.3577851E-017, 4.5849117E-020, 5.8348876E-003, 1.6851548E-005, 3.8886627E-011, 3.0331873E-001, 1.3088584E-001, 2.3852195E-004, 1.2578712E-012, 3.3538774E-016, 3.0206127E-016, 5.4840575E-030, 3.3421642E-028, 1.6620427E-026, 1.9672716E-056, 5.2636806E-058, 1.7101256E-057, 5.3517027E-040, 2.4788218E-038, 3.8326686E-039, 1.1717562E-020, 3.4857519E-020, 1.7623646E-019, 6.6937325E-070, 7.3838276E-070, 2.2495640E-073, 0.0000000E+000, 0.0000000E+000, 0.0000000E+000, 0.0000000E+000, 0.0000000E+000, 0.0000000E+000, 0.0000000E+000, 0.0000000E+000, 0.0000000E+000, 0.0000000E+000, 0.0000000E+000, 0.0000000E+000, 0.0000000E+000, 0.0000000E+000, 0.0000000E+000
 1.8084558E+001, 7.6065248E-025, 8.9749034E-026, 4.8371003E-027, 3.0960363E-017, 9.5597631E-018, 1.0460904E-019, 2.4479254E-002, 1.2421406E-004, 7.2554517E-010, 2.9414968E-001, 1.9136875E-002, 2.4825865E-005, 3.5691507E-013, 1.6143240E-012, 1.7265061E-017, 1.2239795E-029, 1.2753962E-027, 1.9151363E-027, 2.0384366E-055, 9.3945236E-054, 2.1019179E-052, 1.6497279E-036, 5.8373979E-035, 4.3495072E-036, 1.4239514E-019, 6.1521247E-019, 3.0632311E-018, 5.3995443E-070, 6.4614365E-071, 6.8833577E-072, 0.0000000E+000, 0.0000000E+000, 0.0000000E+000, 0.0000000E+000, 0.0000000E+000, 0.0000000E+000, 0.0000000E+000, 0.0000000E+000, 0.0000000E+000, 0.0000000E+000, 0.0000000E+000, 0.0000000E+000, 0.0000000E+000, 0.0000000E+000, 0.0000000E+000
 1.9073841E+001, 1.1772529E-025, 4.7412972E-026, 2.3440533E-025, 2.8359453E-017, 2.5760924E-017, 3.7279767E-019, 6.9667314E-003, 4.6345166E-005, 2.5738897E-006, 1.1470841E-001, 1.8252388E-002, 3.5643159E-006, 6.2203201E-008, 2.4862395E-007, 2.9266122E-017, 1.7806332E-030, 1.8010859E-028, 1.7985658E-027, 1.7973373E-051, 1.1016429E-049, 4.5325053E-049, 4.1181040E-034, 2.3211895E-032, 1.8153442E-033, 8.5860754E-019, 3.7026036E-018, 2.6486706E-017, 4.1535710E-070, 4.1196594E-072, 2.1760951E-068, 0.0000000E+000, 0.0000000E+000, 0.0000000E+000, 0.0000000E+000, 0.0000000E+000, 0.0000000E+000, 0.0000000E+000, 0.0000000E+000, 0.0000000E+000, 0.0000000E+000, 0.0000000E+000, 0.0000000E+000, 0.0000000E+000, 0.0000000E+000, 0.0000000E+000
 2.0063123E+001, 3.9999992E-026, 6.9563780E-025, 4.5629492E-026, 1.6924802E-016, 2.0862498E-016, 1.4590443E-018, 4.0208016E-002, 9.3463680E-004, 1.0075614E-004, 8.4689412E-002, 1.4464343E-002, 1.9778822E-005, 2.4887444E-005, 2.8426719E-006, 7.6580320E-015, 1.0268963E-029, 7.4240403E-027, 6.3602342E-026, 2.7972485E-048, 1.7637169E-046, 2.0669320E-045, 1.2073800E-031, 4.2769261E-030, 5.5717061E-031, 1.0725662E-017, 4.5474293E-017, 2.1286103E-016, 8.7581995E-071, 5.3524433E-069, 3.2802885E-064, 0.0000000E+000, 0.0000000E+000, 0.0000000E+000, 3.2267992E-227, 0.0000000E+000, 0.0000000E+000, 0.0000000E+000, 0.0000000E+000, 0.0000000E+000, 0.0000000E+000, 0.0000000E+000, 0.0000000E+000, 0.0000000E+000, 0.0000000E+000, 0.0000000E+000
 2.1052406E+001, 1.4353913E-026, 3.0581167E-025, 6.0431219E-026, 6.7219655E-013, 1.6370402E-015, 1.1195055E-017, 6.9684345E-002, 1.0944120E-002, 2.6265955E-006, 2.2327930E-002, 1.7221878E-003, 3.1635017E-006, 3.0595470E-004, 1.2546842E-007, 5.1913187E-015, 2.1038939E-028, 3.6392220E-026, 1.0845169E-026, 1.2191567E-045, 9.2454790E-044, 3.6324692E-042, 3.5734128E-030, 2.6838235E-028, 1.0881410E-029, 2.1968190E-016, 8.2319345E-016, 5.9769480E-015, 3.8482264E-067, 5.9358547E-065, 2.3413444E-061, 0.0000000E+000, 0.0000000E+000, 0.0000000E+000, 7.2233308E-199, 1.2433105E-193, 2.9619814E-193, 0.0000000E+000, 0.0000000E+000, 0.0000000E+000, 0.0000000E+000, 0.0000000E+000, 0.0000000E+000, 0.0000000E+000, 0.0000000E+000, 0.0000000E+000
 2.2041688E+001, 1.5715966E-026, 7.2565472E-026, 5.7374438E-026, 1.7040872E-010, 2.0995718E-012, 6.3273993E-017, 1.1774937E-001, 1.5858136E-003, 3.1555576E-008, 3.3941888E-002, 2.2476432E-004, 1.2148773E-006, 1.0813967E-003, 4.2497059E-007, 3.9695770E-016, 4.3052591E-027, 1.2633131E-026, 1.0019438E-026, 5.4390272E-043, 7.4051608E-041, 1.8876526E-040, 1.1477176E-027, 7.9863496E-027, 3.1220618E-028, 9.5900976E-016, 1.0473420E-014, 2.7430101E-013, 7.3542335E-064, 3.4009011E-062, 1.0402736E-058, 6.4226733E-262, 0.0000000E+000, 0.0000000E+000, 2.1676866E-178, 1.7744469E-174, 2.3686635E-173, 5.8436602E-253, 3.7570449E-248, 0.0000000E+000, 0.0000000E+000, 0.0000000E+000, 0.0000000E+000, 0.0000000E+000, 0.0000000E+000, 0.0000000E+000
 2.3030971E+001, 1.2449231E-024, 1.5770538E-025, 2.0054025E-026, 1.5962858E-008, 2.8560504E-008, 6.0381263E-014, 9.8673589E-002, 1.0030869E-003, 2.0354112E-008, 3.0151811E-002, 1.0749533E-004, 5.7046125E-009, 1.5390346E-002, 3.8386729E-006, 9.2408887E-017, 2.2496812E-026, 3.8456158E-025, 3.4725366E-025, 1.0355092E-040, 7.3533536E-039, 1.0894998E-039, 5.4084267E-026, 1.0069512E-025, 9.5813055E-027, 2.0400741E-010, 4.5686528E-009, 3.8115375E-009, 3.2291452E-061, 1.8122061E-059, 7.3143689E-056, 3.1364678E-236, 1.6439588E-237, 3.4117406E-241, 1.4301249E-163, 9.3625410E-160, 1.4976575E-158, 6.3495405E-224, 2.1600808E-219, 2.3368456E-214, 0.0000000E+000, 0.0000000E+000, 0.0000000E+000, 0.0000000E+000, 0.0000000E+000, 0.0000000E+000
 2.4020253E+001, 1.4837822E-024, 1.7171079E-026, 5.2314033E-028, 5.2639835E-003, 1.4251367E-007, 1.3251343E-011, 1.6644681E-001, 2.8433463E-003, 3.0850396E-009, 8.8976428E-002, 8.3874219E-004, 2.0649050E-011, 9.6603643E-004, 8.0354104E-007, 4.1892709E-017, 2.7574290E-025, 1.3808737E-023, 6.5934323E-025, 9.1262949E-039, 1.7964996E-038, 3.0143160E-040, 2.8267881E-025, 3.9864808E-024, 4.3858690E-025, 1.7802455E-008, 1.0223884E-007, 3.0996609E-008, 3.1448469E-059, 7.9987378E-058, 3.2729139E-054, 1.8703839E-221, 9.6215863E-222, 4.1879719E-220, 2.9261030E-150, 2.6503565E-147, 1.1094489E-146, 5.1308721E-204, 2.0701929E-200, 5.9223486E-197, 0.0000000E+000, 0.0000000E+000, 0.0000000E+000, 0.0000000E+000, 0.0000000E+000, 0.0000000E+000
 2.5009536E+001, 7.9075530E-026, 6.9407188E-026, 3.8063500E-026, 3.2559942E-002, 4.1545358E-007, 1.3137895E-011, 5.2549104E-002, 5.9093601E-004, 1.4198299E-009, 1.2154375E-001, 6.9212117E-004, 1.2147014E-007, 4.2456440E-006, 4.2859631E-009, 1.3532332E-017, 1.2086340E-023, 6.8320420E-023, 1.9811253E-025, 6.4934802E-038, 5.3396536E-038, 8.5643559E-040, 2.6151276E-024, 5.7756091E-023, 3.3122305E-024, 5.6605478E-007, 1.5580961E-005, 5.1607947E-005, 4.6123935E-058, 3.5610427E-056, 3.9465509E-053, 2.3585741E-210, 1.4996171E-205, 2.7958901E-204, 2.6702666E-139, 6.8460391E-137, 2.2816330E-136, 2.2941839E-189, 4.0650016E-186, 4.1809340E-183, 0.0000000E+000, 0.0000000E+000, 0.0000000E+000, 0.0000000E+000, 0.0000000E+000, 0.0000000E+000
 2.6088753E+001, 1.7050285E-025, 5.6090976E-026, 7.9127153E-025, 7.2077477E-002, 7.6579177E-005, 4.9783565E-012, 6.4766974E-002, 4.2708296E-004, 1.7769293E-009, 1.6157617E-001, 3.2910070E-003, 6.7224659E-009, 1.1258822E-006, 8.4151196E-012, 1.7153530E-017, 2.8349460E-023, 2.6500721E-023, 2.1125599E-026, 2.8529406E-037, 2.8987289E-038, 2.7825136E-040, 1.3319717E-023, 5.5161322E-023, 4.0197385E-024, 1.0303946E-005, 1.9926677E-004, 2.0913569E-003, 1.2351321E-055, 1.0363185E-053, 7.2130931E-052, 1.5451868E-196, 7.0202598E-192, 1.0397376E-189, 2.4164079E-129, 9.0372466E-127, 1.9343318E-126, 3.4133139E-176, 1.6961646E-173, 1.5085052E-170, 0.0000000E+000, 0.0000000E+000, 0.0000000E+000, 0.0000000E+000, 0.0000000E+000, 0.0000000E+000
 2.7078036E+001, 1.1453896E-023, 1.1875069E-023, 1.3371091E-024, 7.3993154E-002, 9.0830876E-006, 8.4942999E-013, 1.0876434E-001, 2.3014887E-003, 2.2518038E-009, 1.4074529E-001, 1.2786252E-003, 2.2159205E-010, 6.6857702E-009, 2.5665667E-013, 3.3321704E-018, 3.8289419E-024, 1.9619042E-024, 6.4367027E-028, 9.9614579E-037, 3.2055226E-038, 1.8730393E-041, 2.4182288E-023, 2.8666256E-023, 1.2272716E-023, 6.8823693E-004, 6.7811615E-004, 9.7874275E-004, 6.1284167E-053, 3.2266145E-051, 1.2262003E-049, 5.8507254E-184, 8.9060293E-180, 4.1018491E-178, 6.3776531E-122, 2.3762250E-119, 5.9769606E-119, 7.2814973E-166, 1.6575004E-163, 3.2202938E-160, 0.0000000E+000, 0.0000000E+000, 0.0000000E+000, 0.0000000E+000, 0.0000000E+000, 0.0000000E+000
 2.8067318E+001, 4.4257706E-021, 1.2872561E-022, 4.8121488E-025, 5.4185259E-002, 5.4160396E-006, 4.6898892E-015, 2.1101879E-001, 1.2653840E-003, 3.8745266E-010, 1.0703802E-001, 2.8441315E-004, 3.7928928E-011, 2.5487011E-006, 3.8600662E-012, 5.8671707E-019, 2.6977299E-022, 2.1912823E-023, 4.5946387E-028, 5.2269783E-037, 2.6837098E-039, 1.6019968E-042, 7.2584225E-023, 4.8927242E-023, 5.1649117E-024, 9.0323519E-004, 2.5302015E-003, 7.4329291E-003, 4.6804994E-051, 4.6866730E-049, 4.3364208E-048, 6.9928641E-173, 1.0840899E-169, 1.1031949E-167, 3.0878283E-115, 6.9159489E-113, 6.3109018E-112, 1.1792945E-156, 2.8096359E-154, 7.9608364E-151, 0.0000000E+000, 0.0000000E+000, 0.0000000E+000, 0.0000000E+000, 0.0000000E+000, 0.0000000E+000
 2.9056601E+001, 3.8802468E-021, 2.5131594E-022, 2.6083793E-025, 1.5763072E-002, 3.6942858E-007, 2.3440942E-016, 9.4029242E-002, 1.4955895E-003, 1.6876454E-010, 1.5495437E-001, 5.2345296E-004, 1.2691681E-010, 7.1241037E-006, 2.5205565E-011, 1.4237894E-018, 8.6981696E-022, 1.3435995E-023, 4.9978494E-026, 5.9396373E-038, 2.9879916E-040, 5.8940430E-044, 1.8265144E-023, 5.8478914E-024, 2.6865703E-025, 7.1908788E-004, 6.7061618E-003, 1.0481448E-002, 4.7870552E-050, 5.2369043E-049, 6.1478808E-048, 1.7371489E-163, 2.3789926E-160, 5.4468402E-159, 1.5029925E-108, 4.0387335E-106, 4.1567726E-105, 2.1457563E-148, 3.4161140E-146, 1.9997917E-142, 0.0000000E+000, 0.0000000E+000, 0.0000000E+000, 0.0000000E+000, 0.0000000E+000, 0.0000000E+000
 3.0045883E+001, 7.9895901E-021, 9.5738078E-023, 7.9745428E-026, 4.8433851E-003, 5.1717392E-007, 3.2036468E-017, 8.3560511E-002, 2.7384769E-003, 1.7291783E-010, 1.7092845E-001, 1.2400551E-003, 9.1290406E-011, 9.9474291E-005, 3.9066017E-010, 1.2312142E-017, 2.7929472E-022, 3.7726992E-024, 7.4550881E-026, 2.3392164E-039, 1.5173619E-041, 1.7846262E-045, 4.6079631E-024, 1.8003283E-024, 7.5039186E-026, 1.0202614E-002, 1.2819961E-002, 1.6898606E-002, 2.9812516E-049, 4.1699001E-049, 7.9455966E-049, 8.5798188E-156, 9.5942849E-153, 8.8147440E-152, 6.3507627E-102, 1.9018531E-100, 8.9348543E-099, 5.2835371E-141, 4.6010648E-139, 7.5143378E-135, 0.0000000E+000, 0.0000000E+000, 0.0000000E+000, 0.0000000E+000, 0.0000000E+000, 0.0000000E+000
 3.1035166E+001, 3.7098818E-020, 8.1052103E-023, 5.6539916E-027, 1.1762532E-004, 1.5022343E-009, 9.7049998E-019, 2.9582232E-002, 2.6662151E-004, 2.2142317E-010, 1.1730888E-001, 5.0261535E-004, 4.5377689E-010, 8.4985697E-004, 1.5679902E-006, 1.6019221E-016, 8.4996320E-023, 4.4628343E-023, 3.4841993E-027, 9.6441612E-041, 6.0876611E-043, 5.9536414E-047, 5.8504339E-024, 1.8168947E-022, 6.1676052E-026, 3.1747560E-002, 4.3960177E-002, 3.9653044E-003, 7.2949771E-049, 5.3962368E-050, 2.2641729E-050, 5.1238184E-148, 9.7338627E-146, 9.5724410E-145, 1.1148048E-096, 1.4416026E-095, 9.8146972E-093, 1.3875055E-133, 7.5061405E-132, 2.5847371E-128, 0.0000000E+000, 0.0000000E+000, 0.0000000E+000, 0.0000000E+000, 0.0000000E+000, 0.0000000E+000
 3.2024448E+001, 3.1005462E-021, 1.9171713E-023, 2.5896825E-027, 5.4328399E-007, 1.5479302E-011, 7.1410719E-020, 1.1382728E-001, 4.0934931E-004, 6.5194408E-010, 2.1687153E-001, 9.1841470E-003, 1.5606540E-009, 3.7580536E-003, 1.0500241E-006, 3.3781095E-013, 2.3223295E-021, 1.6169248E-023, 1.7272087E-028, 4.0293061E-042, 4.2495706E-044, 1.1780738E-047, 3.6511671E-023, 1.3675353E-021, 3.7135271E-025, 2.9454569E-002, 2.3593019E-002, 1.7855533E-005, 7.3095918E-050, 7.7441738E-051, 4.4229444E-052, 1.8940575E-141, 2.5423636E-139, 1.0086889E-137, 2.8792867E-092, 8.5675310E-091, 1.1631638E-087, 3.8986368E-126, 1.0122999E-124, 3.8293272E-122, 0.0000000E+000, 0.0000000E+000, 0.0000000E+000, 0.0000000E+000, 0.0000000E+000, 0.0000000E+000
 3.3013731E+001, 3.3058019E-022, 4.4413233E-024, 1.6015644E-028, 3.4873128E-009, 2.0760118E-013, 2.7876663E-019, 8.7694763E-002, 2.1202390E-003, 5.4791366E-008, 1.9947439E-001, 2.1340518E-003, 1.8376408E-009, 6.8941781E-002, 1.2047254E-005, 6.0964059E-014, 1.8180752E-021, 7.8578115E-024, 5.3121348E-029, 2.6457726E-043, 8.3936652E-044, 1.1436701E-046, 4.1950682E-023, 3.4263824E-022, 4.9904412E-025, 4.2046768E-002, 1.4698178E-003, 1.0300469E-003, 4.1646804E-050, 1.7853971E-051, 2.0888474E-053, 5.5238720E-135, 3.8906354E-132, 1.3608968E-131, 6.0901074E-088, 4.7419093E-086, 3.4624141E-083, 1.5250475E-119, 1.6022547E-118, 1.4531552E-116, 0.0000000E+000, 0.0000000E+000, 0.0000000E+000, 0.0000000E+000, 0.0000000E+000, 0.0000000E+000
 3.4003013E+001, 4.0502770E-023, 4.3839505E-025, 1.8578136E-028, 4.8637895E-012, 3.7791533E-015, 7.1396392E-019, 8.9074773E-002, 1.2257703E-002, 3.0567262E-005, 2.0726798E-001, 7.0272028E-004, 1.4025555E-008, 2.3966849E-002, 1.8422130E-006, 5.8606311E-016, 5.7233566E-023, 1.4273268E-025, 1.7576756E-029, 6.2847557E-044, 7.5645178E-044, 1.8020634E-044, 1.3818862E-023, 1.9118767E-023, 1.1062241E-025, 8.1809690E-002, 1.9836028E-002, 2.0754243E-003, 9.0296914E-051, 1.4638619E-052, 5.6783773E-053, 4.7103086E-129, 9.4089680E-126, 2.6871104E-126, 2.2103847E-083, 2.2237745E-081, 7.4880886E-079, 1.7678033E-113, 1.3768821E-112, 1.2461428E-111, 0.0000000E+000, 0.0000000E+000, 0.0000000E+000, 0.0000000E+000, 0.0000000E+000, 0.0000000E+000
 3.5082231E+001, 3.4397587E-024, 2.7117143E-026, 9.0143871E-028, 7.2086029E-015, 4.1105930E-017, 3.3543861E-018, 8.9903757E-002, 2.7410484E-003, 1.3828788E-006, 2.0326219E-001, 5.7000254E-004, 3.6915109E-005, 3.3160048E-002, 7.7118672E-007, 3.8073428E-016, 2.8772140E-024, 7.2132766E-027, 4.8409516E-030, 5.7408266E-044, 1.2325826E-042, 1.9919388E-043, 1.8220981E-023, 9.1266050E-025, 5.0186626E-026, 1.0612638E-001, 6.9715249E-003, 1.5132694E-004, 2.6816586E-052, 1.7915622E-053, 9.8978664E-053, 8.4794203E-123, 1.2476766E-119, 8.8688435E-121, 1.2661825E-078, 8.0326228E-077, 1.0691023E-074, 6.5632434E-108, 4.8559652E-107, 1.3504100E-106, 0.0000000E+000, 0.0000000E+000, 0.0000000E+000, 0.0000000E+000, 0.0000000E+000, 0.0000000E+000
 3.6071513E+001, 1.3770470E-025, 1.9721656E-026, 3.0302256E-025, 6.0716208E-013, 6.9049957E-017, 1.4905650E-017, 7.9822163E-002, 1.3098651E-004, 3.3932063E-008, 2.1242330E-001, 6.2093992E-003, 1.0605898E-003, 2.7825996E-002, 6.8637683E-009, 8.4388558E-017, 8.4628590E-025, 3.6298729E-028, 5.6953148E-029, 2.1717961E-042, 3.2294088E-041, 4.3703672E-042, 1.4158568E-023, 6.4511993E-025, 2.6479171E-026, 8.6080202E-002, 5.1720714E-003, 1.7544156E-004, 8.8137123E-054, 2.5002325E-055, 5.6026018E-052, 5.9265922E-118, 6.5136233E-115, 3.3092557E-115, 4.6117096E-075, 2.7252394E-073, 6.8974872E-071, 2.9905802E-103, 2.7938322E-102, 8.6632262E-103, 0.0000000E+000, 0.0000000E+000, 0.0000000E+000, 0.0000000E+000, 0.0000000E+000, 0.0000000E+000
 3.7069789E+001, 2.3227216E-026, 1.4189981E-024, 8.7626339E-025, 9.8885500E-011, 3.3893986E-013, 2.0663737E-017, 8.8604548E-002, 3.7147100E-004, 1.7718721E-009, 2.0701716E-001, 1.2612650E-002, 1.5037938E-004, 2.9018716E-002, 4.5253671E-009, 9.0963593E-018, 1.5134042E-025, 1.5182421E-027, 3.7628272E-030, 1.3380967E-042, 2.9819621E-040, 2.0741048E-042, 4.1708003E-024, 2.2140498E-025, 1.2751850E-027, 1.1871446E-001, 4.2526257E-002, 4.9315749E-004, 5.9291247E-055, 2.4210735E-055, 1.9874899E-049, 7.0062702E-113, 4.0338217E-110, 2.3184382E-110, 3.2233721E-071, 2.8583862E-069, 1.6925530E-067, 3.9802299E-099, 3.7231790E-098, 4.7269879E-099, 0.0000000E+000, 0.0000000E+000, 0.0000000E+000, 0.0000000E+000, 0.0000000E+000, 0.0000000E+000
 3.8088651E+001, 1.6236016E-025, 1.9569836E-024, 8.9556034E-026, 4.8218970E-009, 1.0343190E-010, 9.9228011E-018, 6.2733743E-002, 5.6242792E-005, 1.5054004E-010, 2.4201482E-001, 6.2129511E-003, 3.2924660E-005, 5.7879061E-002, 3.1539234E-008, 2.3725023E-017, 3.1995509E-023, 5.7897555E-027, 1.2250401E-030, 7.4537175E-043, 3.1564158E-040, 7.7118435E-043, 1.1348158E-024, 8.2310195E-026, 4.2592542E-028, 1.4083289E-001, 2.0045128E-002, 1.1619679E-003, 6.6321443E-054, 4.6870610E-051, 5.9379568E-048, 1.3318788E-107, 1.2315900E-105, 9.0651539E-107, 8.1271868E-068, 6.2177167E-066, 1.8464878E-064, 1.5598337E-095, 9.9852244E-095, 4.3396565E-096, 0.0000000E+000, 0.0000000E+000, 0.0000000E+000, 0.0000000E+000, 0.0000000E+000, 0.0000000E+000
 3.9067884E+001, 1.1490234E-024, 5.5146763E-024, 3.2452464E-027, 5.7431549E-007, 1.8499246E-007, 5.6294530E-016, 1.0188518E-001, 6.7331241E-004, 3.7712109E-010, 1.6246320E-001, 3.7396241E-002, 7.9649651E-005, 5.8008877E-002, 3.6834748E-008, 3.3920930E-016, 9.1146042E-022, 4.4198216E-024, 1.5183154E-028, 7.4281848E-044, 1.7826484E-041, 3.9487846E-043, 1.9336909E-025, 7.3278138E-025, 8.6576393E-027, 1.3967569E-001, 1.2203989E-002, 5.5236427E-004, 2.9535716E-049, 3.2563719E-048, 2.1793051E-047, 2.9318160E-104, 1.2769167E-103, 2.8036887E-102, 6.3142537E-064, 3.0061397E-062, 1.1366631E-061, 7.1873324E-093, 7.6738772E-092, 3.4435803E-093, 0.0000000E+000, 0.0000000E+000, 0.0000000E+000, 0.0000000E+000, 0.0000000E+000, 0.0000000E+000
 4.0047118E+001, 3.8553045E-023, 2.1153666E-023, 8.7872449E-027, 5.5698836E-008, 2.3772323E-009, 3.7956491E-016, 9.9074096E-002, 1.1844425E-003, 1.1237177E-008, 2.3353118E-001, 2.1841860E-002, 2.1096133E-006, 3.7315716E-002, 1.3207282E-007, 5.1515956E-017, 3.5851490E-022, 3.0612330E-023, 1.0920553E-025, 9.8765191E-045, 1.1816520E-042, 2.8181574E-043, 2.3089949E-024, 3.9824451E-023, 9.5737512E-026, 8.1955936E-002, 8.1065274E-004, 5.3356469E-005, 2.5387228E-045, 2.0162185E-045, 3.7568734E-046, 2.6482308E-100, 8.5202756E-100, 9.0961327E-098, 1.7771382E-061, 8.2287307E-060, 5.5142801E-059, 1.2479342E-090, 1.0922887E-089, 2.6050330E-091, 0.0000000E+000, 0.0000000E+000, 0.0000000E+000, 0.0000000E+000, 0.0000000E+000, 0.0000000E+000
 4.1026351E+001, 1.7308324E-022, 1.0526487E-023, 8.3396324E-027, 1.8720156E-007, 1.9360266E-011, 1.0994240E-014, 9.7603510E-002, 9.9700860E-004, 6.2113649E-009, 1.5043349E-001, 1.1279820E-003, 5.0674274E-009, 2.4075722E-002, 1.7519323E-006, 1.5367830E-015, 1.9704778E-022, 1.2991770E-022, 8.4279317E-025, 1.3050635E-044, 1.1023668E-043, 1.1145166E-044, 2.6482370E-022, 2.8361960E-022, 1.6028643E-025, 4.1736755E-002, 2.3701936E-003, 1.7627366E-005, 6.3901720E-043, 6.5351024E-043, 3.9692311E-042, 3.6610983E-097, 8.3510266E-096, 1.5859252E-093, 4.1231171E-059, 6.7445875E-058, 1.8641101E-056, 1.0179394E-088, 3.5210743E-087, 1.0361067E-088, 0.0000000E+000, 0.0000000E+000, 0.0000000E+000, 0.0000000E+000, 0.0000000E+000, 0.0000000E+000
 4.2005585E+001, 1.1736250E-022, 4.6568501E-024, 2.0805584E-027, 1.8492336E-005, 6.0989211E-011, 8.4598970E-015, 1.1998386E-001, 1.5643524E-003, 1.6763634E-010, 1.2490340E-001, 8.3996624E-003, 2.0380616E-008, 1.3161416E-001, 7.6678100E-005, 3.4233244E-014, 3.9635590E-021, 9.3336493E-021, 5.9429360E-025, 4.5813489E-045, 1.3905295E-044, 5.6716272E-046, 4.9752020E-020, 2.3470710E-021, 1.3603396E-023, 9.5587218E-002, 2.6317078E-003, 1.3194614E-005, 3.4028366E-043, 1.1893566E-040, 1.3214235E-039, 5.5370983E-093, 1.7888944E-091, 5.3836137E-090, 7.9731108E-057, 1.2879107E-055, 7.6107380E-054, 8.2755057E-087, 4.6742221E-086, 3.9350201E-086, 8.7217087E-304, 4.2355613E-304, 1.0712597E-302, 0.0000000E+000, 0.0000000E+000, 0.0000000E+000
 4.3073839E+001, 2.2084515E-023, 3.4130119E-025, 9.6895166E-029, 8.7473955E-003, 2.6293868E-008, 1.0291106E-015, 1.1623763E-001, 3.8015285E-004, 9.2734803E-012, 2.1858789E-001, 3.3579951E-002, 9.0144752E-008, 1.0476998E-001, 2.3366506E-004, 4.0155652E-013, 3.0556452E-021, 2.2442801E-021, 1.1565570E-024, 7.5676331E-046, 2.7686559E-044, 6.3453847E-046, 3.9033982E-018, 1.0098737E-020, 4.9639666E-022, 5.1042597E-002, 9.4358985E-003, 2.6425052E-004, 1.6818391E-043, 1.0218743E-040, 4.3265202E-038, 9.6567167E-089, 4.5265956E-088, 1.0088338E-086, 2.7479787E-054, 2.4966463E-053, 1.8725022E-051, 1.8645164E-084, 2.0398382E-084, 9.2887659E-082, 1.3470680E-289, 2.0128853E-288, 7.9218835E-286, 0.0000000E+000, 0.0000000E+000, 0.0000000E+000
 4.4053073E+001, 3.4061555E-023, 2.5357895E-025, 3.9870343E-029, 1.4357742E-002, 2.6525231E-006, 4.0036823E-014, 4.7246109E-002, 2.7933566E-004, 8.1429824E-010, 1.5524665E-001, 1.7313453E-003, 2.2385348E-009, 9.4133804E-002, 5.7079504E-005, 1.4715772E-014, 2.0480615E-021, 4.7850942E-022, 5.5275603E-024, 1.1460860E-043, 2.3629239E-043, 2.2045865E-046, 8.7895509E-019, 8.8282789E-020, 3.4511756E-021, 1.4721111E-001, 2.2037242E-002, 3.3096662E-004, 3.5181025E-043, 2.1472640E-040, 1.4692895E-037, 6.8671755E-086, 5.5843745E-084, 5.9863452E-084, 1.0194471E-052, 2.2940553E-051, 3.0360649E-049, 2.6962096E-083, 1.6732549E-081, 3.8872479E-078, 1.2336935E-276, 4.6591879E-275, 1.0670252E-271, 0.0000000E+000, 0.0000000E+000, 0.0000000E+000
 4.5032306E+001, 2.1082913E-022, 6.4363244E-025, 2.7462533E-029, 3.9030952E-002, 4.8495262E-007, 2.9853738E-013, 7.0257409E-002, 5.1509718E-004, 4.6170083E-009, 7.6983178E-002, 2.0759959E-004, 4.1996828E-011, 4.4128777E-002, 2.4651806E-005, 2.7339408E-015, 6.7123889E-021, 1.6180873E-022, 6.5704587E-024, 7.9151113E-042, 6.2622343E-044, 4.8412195E-047, 1.6729948E-019, 1.0917720E-018, 7.6784494E-022, 1.2920421E-001, 3.6758909E-003, 6.7750429E-005, 9.8761532E-042, 2.1234936E-040, 5.7762401E-037, 2.6515241E-082, 2.9959377E-080, 3.0740711E-080, 1.5290963E-051, 2.1920762E-049, 5.1920612E-047, 1.1562342E-080, 4.2027420E-078, 1.1514943E-074, 4.2474645E-266, 7.4928602E-263, 1.2166234E-258, 0.0000000E+000, 0.0000000E+000, 0.0000000E+000
 4.6011540E+001, 1.0640403E-022, 8.7196219E-025, 7.6597678E-028, 1.6331514E-002, 8.2166479E-007, 3.7237321E-014, 1.2987352E-001, 1.1079995E-002, 1.0278249E-008, 1.3492236E-001, 1.1884057E-003, 1.2207724E-008, 8.6919339E-002, 7.2155386E-005, 2.9623431E-014, 6.9141522E-021, 1.1729208E-022, 7.0016958E-025, 2.7339949E-042, 5.3341491E-045, 9.4937977E-048, 1.1072543E-019, 8.2394002E-019, 6.4179468E-022, 9.5210222E-002, 8.1042296E-004, 2.9652538E-005, 1.7234264E-041, 3.9523935E-040, 6.8904086E-038, 1.7008451E-078, 8.5475614E-077, 7.1568022E-077, 9.4063780E-050, 7.4165570E-047, 9.4421759E-045, 3.1702689E-078, 5.2882084E-075, 4.1834015E-071, 2.4977781E-254, 5.0007816E-251, 1.7193603E-246, 0.0000000E+000, 0.0000000E+000, 1.4011891E-307
 4.7079794E+001, 3.1714055E-023, 1.6038339E-025, 6.7013430E-026, 3.1002500E-002, 4.7021039E-007, 1.3611935E-012, 1.7806313E-001, 1.2272462E-003, 4.3263566E-009, 1.0893328E-001, 4.4943541E-004, 2.8778791E-009, 1.6147805E-001, 2.7953535E-004, 6.2413945E-014, 1.4340255E-021, 6.3333705E-023, 1.5642830E-025, 9.9930064E-044, 5.0891495E-045, 2.8757955E-046, 6.9526568E-017, 5.0273658E-018, 1.0859063E-019, 1.4178963E-001, 3.0993662E-002, 8.1063527E-005, 1.4790044E-042, 5.2384393E-041, 1.6081434E-037, 1.8965734E-075, 1.8064493E-075, 9.8170628E-074, 3.4084907E-047, 1.7976468E-044, 2.3847920E-042, 7.9955768E-075, 8.3354096E-072, 4.0358292E-068, 4.5725949E-242, 3.7415955E-239, 4.4326815E-235, 8.7323694E-299, 2.9112254E-296, 2.2449790E-293
 4.8059028E+001, 4.6941629E-024, 2.2395078E-027, 9.3690631E-026, 4.9663624E-002, 1.0754817E-007, 2.9709701E-012, 7.0797263E-002, 1.4903599E-004, 4.8868008E-007, 9.6301071E-002, 3.3307723E-004, 1.5315172E-007, 1.1996728E-001, 3.3321021E-005, 8.4423041E-015, 5.1820315E-022, 3.5524129E-023, 1.3392457E-024, 4.6450099E-045, 2.1869905E-045, 1.0931478E-046, 3.4724952E-015, 2.4915737E-015, 1.7371185E-018, 1.4878890E-001, 2.6666191E-002, 4.2595702E-003, 3.0794083E-042, 6.3277412E-040, 5.7924675E-038, 2.3257158E-073, 2.6657267E-073, 1.7371300E-071, 2.1581414E-044, 3.9907491E-042, 3.1920091E-040, 8.0889631E-072, 1.8833045E-069, 1.3790783E-066, 1.1850813E-231, 2.5343906E-229, 1.6516673E-225, 6.2656945E-286, 1.4107990E-283, 1.0272308E-281
 4.9038261E+001, 2.2769637E-025, 3.6700083E-028, 9.5491486E-027, 1.1387696E-001, 3.0096130E-006, 5.1629407E-012, 5.4991768E-002, 1.5743357E-004, 4.0794546E-007, 8.5961847E-002, 5.1872712E-003, 9.6223909E-007, 1.8912764E-001, 7.3544628E-005, 3.3325982E-015, 2.2199391E-021, 4.0419266E-023, 2.5750996E-025, 2.5624376E-046, 5.4095367E-047, 2.3446564E-048, 8.2768539E-015, 9.5914711E-016, 7.7781794E-019, 1.5605219E-001, 4.2298960E-003, 2.0194551E-003, 4.9250231E-040, 5.5589265E-040, 2.6462375E-038, 2.3605935E-072, 2.3496460E-070, 3.0779217E-069, 1.0465532E-041, 4.1084518E-040, 3.3816696E-038, 1.7139079E-069, 7.6038360E-068, 3.2841172E-065, 2.8333087E-222, 9.4022995E-221, 6.1856454E-217, 4.0831134E-274, 5.2802309E-272, 1.1470025E-270
 5.0017495E+001, 8.2695219E-027, 1.7301123E-028, 1.1890360E-027, 4.0114406E-002, 1.0863413E-007, 3.7597964E-014, 5.9945286E-002, 5.0076450E-004, 5.2722040E-007, 1.3491739E-001, 9.1645739E-003, 1.4714260E-005, 1.6187284E-001, 7.7980517E-004, 4.3635032E-015, 2.0714784E-020, 4.2555734E-023, 1.4344937E-026, 6.7328754E-048, 7.9681203E-049, 4.8653482E-049, 9.6758782E-015, 8.0520659E-017, 1.2162786E-018, 5.5600767E-002, 1.2639907E-004, 1.8647747E-005, 1.9189408E-039, 2.1636990E-040, 1.3026143E-039, 7.7285769E-070, 7.7609621E-068, 2.1927836E-067, 9.4703937E-040, 1.9105093E-038, 1.7149074E-036, 4.7060239E-068, 1.9950156E-066, 8.8880271E-064, 1.5520432E-214, 4.7527662E-213, 2.1992986E-211, 1.3953920E-263, 1.6137177E-261, 3.4598333E-260
 5.1085749E+001, 3.8680587E-028, 1.2810642E-029, 1.3977620E-029, 4.3393981E-002, 2.9938402E-007, 2.4645887E-016, 3.7530298E-002, 5.5875476E-003, 5.7704312E-006, 7.4584632E-002, 9.0647987E-004, 4.5635939E-006, 1.5338846E-001, 4.1241781E-004, 3.4454755E-015, 5.1783105E-021, 4.6855599E-024, 5.0897854E-027, 9.7272618E-049, 2.2621837E-050, 6.7655590E-048, 4.0562231E-016, 3.3003069E-017, 1.5247053E-019, 1.2581147E-001, 5.1893958E-003, 9.5779000E-004, 1.9418018E-040, 1.1576056E-040, 6.2209887E-041, 3.5589999E-067, 2.7899489E-066, 6.1991819E-066, 6.2315707E-038, 8.1728509E-037, 1.2281454E-034, 1.5730503E-066, 5.2715247E-064, 2.0112221E-062, 6.1032033E-207, 3.9658389E-206, 4.6007471E-203, 1.8776088E-252, 4.9320276E-251, 6.5884618E-250
 5.2064983E+001, 4.8339820E-029, 3.2175209E-029, 2.0304001E-027, 6.9363366E-002, 4.2047555E-006, 8.2011549E-017, 7.1747194E-002, 6.4839047E-003, 2.9504699E-006, 8.0204169E-002, 6.4273048E-004, 1.7036551E-007, 3.1315524E-002, 2.4042622E-006, 2.1686332E-016, 8.3745516E-023, 8.4238949E-025, 2.9470893E-026, 3.1558739E-049, 1.0334038E-051, 2.3209764E-048, 4.8717638E-017, 3.1902871E-018, 2.3286979E-020, 1.5738097E-001, 9.9890684E-003, 1.3676828E-003, 1.3043767E-041, 2.6476852E-041, 1.0340778E-040, 3.9366198E-066, 3.2921818E-065, 6.9830967E-065, 3.5714349E-036, 3.1889438E-035, 4.6862214E-033, 7.6478860E-065, 5.6568425E-063, 1.9627621E-061, 1.1145987E-199, 2.0018901E-198, 1.5266092E-195, 8.7895709E-243, 8.2598430E-242, 2.5126796E-241
 5.3044216E+001, 3.0042772E-028, 2.2408216E-026, 8.9664502E-024, 1.4966326E-001, 1.4888824E-005, 2.9455284E-015, 1.1729985E-001, 1.0603425E-002, 4.2888188E-007, 6.0502771E-002, 7.1793810E-005, 1.3442874E-009, 8.5581427E-002, 4.0175152E-007, 2.2083332E-016, 4.8131918E-024, 1.4161607E-025, 3.3945401E-026, 9.1317388E-051, 1.8092667E-050, 1.0186836E-046, 6.2527957E-018, 3.2134110E-019, 1.4011463E-021, 1.2687088E-001, 1.8105305E-003, 8.1126408E-006, 1.1853637E-041, 4.5833931E-041, 7.9351695E-041, 5.1169714E-066, 9.7358427E-065, 2.2916080E-063, 1.5548528E-034, 2.8540175E-033, 1.8615421E-031, 1.9181046E-063, 1.1470549E-061, 5.6497586E-059, 1.6250124E-193, 6.1188838E-192, 1.9088736E-188, 2.2477116E-233, 5.6163132E-233, 2.1275651E-233
 5.4023450E+001, 1.8477826E-026, 2.6563154E-025, 3.8334873E-022, 8.4778242E-002, 1.5178789E-006, 2.4175591E-015, 1.3113774E-001, 5.7765754E-003, 2.9535770E-007, 6.3233791E-002, 3.8874516E-005, 2.4740568E-011, 4.1143392E-002, 4.0343873E-007, 9.9331271E-017, 4.7186840E-025, 1.7511923E-025, 2.0077850E-025, 2.0945368E-052, 1.7385061E-049, 7.6211686E-046, 6.3410939E-018, 1.8259206E-020, 1.7567354E-022, 1.2022537E-001, 1.2944056E-003, 4.5565255E-008, 1.8090960E-039, 2.0626477E-039, 3.2817814E-042, 7.5067403E-064, 3.0669627E-062, 3.6986717E-061, 7.5656694E-033, 2.3023634E-031, 7.0130071E-030, 6.8231429E-063, 5.1892091E-060, 9.9331311E-058, 4.9919114E-187, 2.9708691E-185, 1.6536773E-181, 1.1520849E-224, 2.2303717E-224, 3.9839673E-225
 5.5002683E+001, 3.4937350E-024, 5.9615351E-023, 1.0616590E-021, 8.6841251E-002, 1.0690855E-007, 3.6547846E-012, 9.7314700E-002, 1.0156956E-003, 1.8204875E-007, 9.2352935E-002, 1.0198101E-004, 9.2614570E-009, 1.8748753E-003, 3.4913916E-009, 5.4921580E-017, 1.5791712E-024, 1.0021393E-023, 4.3355321E-026, 3.3845523E-051, 2.2375518E-048, 5.1904791E-045, 5.1452692E-018, 2.4749507E-021, 7.5146591E-022, 5.9617587E-002, 3.5159416E-004, 3.0893241E-008, 1.6770694E-038, 7.0525252E-039, 1.5714688E-042, 1.7709327E-061, 2.7324586E-060, 4.5929184E-059, 1.7733728E-030, 2.2785952E-029, 5.7271019E-028, 8.7726965E-062, 4.6842504E-059, 1.3831283E-057, 1.1964014E-180, 1.6675548E-178, 1.0321629E-174, 1.3188702E-216, 3.3048772E-216, 3.0021997E-218
 5.6070938E+001, 5.0882350E-023, 4.7359758E-021, 1.0063373E-021, 6.1588721E-002, 5.2560213E-007, 1.2342396E-010, 6.3623768E-002, 1.8046910E-004, 1.4408877E-007, 1.1910630E-001, 6.5873292E-004, 3.8307847E-010, 8.4136742E-004, 7.7750822E-009, 4.8933710E-016, 2.4887491E-024, 3.8332439E-023, 1.6834484E-026, 1.2568888E-049, 4.3295737E-048, 1.4682988E-044, 6.3350394E-019, 5.8538241E-020, 2.8776421E-021, 5.7396300E-002, 3.9005477E-004, 7.2318318E-008, 1.0435369E-038, 8.7692885E-040, 9.9700469E-044, 6.5834509E-060, 6.8508516E-059, 6.6503066E-057, 3.5283957E-029, 9.8436054E-028, 4.0415089E-026, 7.7918822E-061, 4.0784516E-058, 4.1218661E-057, 4.9319508E-174, 7.4106160E-172, 4.3195178E-168, 1.1843642E-208, 5.6728614E-208, 2.1862328E-211
 5.7050171E+001, 7.1556759E-023, 3.5797192E-021, 1.8370739E-022, 3.1375466E-002, 1.6149428E-007, 9.6692253E-011, 7.0446502E-002, 3.5009641E-004, 5.0720198E-010, 6.4247429E-002, 5.3203050E-005, 2.4040824E-011, 5.4211837E-005, 6.0486129E-009, 1.1634104E-015, 3.6026969E-025, 8.5310939E-024, 9.3386101E-026, 3.1406532E-048, 1.5654445E-046, 8.1127419E-045, 1.7206998E-020, 3.4800952E-020, 9.6621365E-022, 5.5397108E-002, 6.2011516E-003, 6.5860564E-006, 1.0814587E-039, 3.2458720E-041, 1.4600916E-044, 1.6320896E-058, 2.2890210E-057, 2.5916894E-055, 1.0250994E-027, 3.2938244E-026, 9.2388641E-025, 8.6206489E-059, 4.8865488E-057, 3.8422579E-056, 4.0633954E-168, 3.9161979E-166, 2.8512291E-162, 1.7371688E-201, 2.4587846E-201, 9.1558373E-206
 5.8029405E+001, 3.5742882E-022, 3.8313569E-021, 3.0842495E-022, 1.2984694E-004, 1.2070504E-008, 1.1222646E-013, 8.0825992E-002, 1.6676083E-003, 4.0813115E-011, 1.1495677E-001, 3.9670326E-005, 5.9706155E-011, 1.4513050E-004, 6.4756669E-006, 6.1416307E-016, 1.3329087E-024, 2.5008408E-024, 5.9422762E-026, 1.8681200E-046, 1.1760682E-045, 4.7860785E-045, 6.7169704E-021, 5.8995291E-021, 6.9470438E-023, 7.0965410E-002, 3.9290371E-003, 4.4358344E-005, 4.2940112E-040, 1.4123467E-041, 1.9401127E-044, 3.4329734E-057, 1.4375067E-055, 6.8276570E-054, 3.9090136E-026, 4.4612365E-025, 8.7149804E-024, 1.3824693E-057, 4.5407983E-056, 3.6524302E-055, 2.6771894E-162, 2.8876633E-160, 8.2598216E-157, 5.8623549E-195, 3.2487572E-195, 5.4891332E-200
 5.9008638E+001, 3.9128201E-021, 1.1105053E-021, 3.5898568E-023, 3.3048336E-007, 2.8012153E-008, 4.7207748E-016, 6.9517928E-002, 2.6659379E-004, 8.6183238E-012, 1.8668728E-001, 3.3939251E-004, 1.9866769E-008, 1.2185476E-002, 1.7740319E-005, 1.5864905E-014, 2.0703584E-023, 4.7345033E-026, 5.5730470E-028, 2.7519154E-045, 1.4040468E-045, 1.7622158E-045, 7.7121981E-022, 4.0132285E-022, 1.4934794E-022, 6.5051075E-002, 1.9239468E-003, 3.4457796E-006, 5.9122487E-041, 2.6860558E-042, 5.1926795E-045, 3.8125115E-056, 3.5404697E-054, 4.2919511E-052, 1.2112950E-025, 1.8086044E-024, 6.3708067E-023, 1.1893339E-056, 6.6348924E-055, 3.6399446E-054, 2.0617880E-156, 1.2096937E-154, 1.3268464E-151, 9.2437298E-189, 1.8364372E-189, 5.3942869E-194
 6.0076893E+001, 1.7684495E-021, 1.4481858E-022, 1.9882072E-024, 5.2133458E-008, 5.5342499E-009, 5.4469457E-017, 8.5006394E-002, 1.6170412E-003, 5.6050941E-012, 2.0067215E-001, 1.9632415E-003, 1.8562484E-007, 5.2947863E-002, 3.5129618E-005, 1.2454602E-014, 1.3052741E-023, 9.9119257E-026, 8.9196352E-030, 3.4878287E-045, 2.5610655E-045, 1.7599975E-046, 5.3840680E-023, 4.8670387E-024, 1.2838037E-021, 8.9918593E-002, 3.7347703E-003, 1.3561258E-007, 4.5219700E-042, 2.2730139E-043, 3.9763881E-046, 1.5782646E-054, 2.3155550E-052, 2.8069660E-050, 1.4210625E-024, 1.2295238E-023, 1.8911939E-022, 7.6706510E-055, 2.8870339E-053, 2.6653826E-052, 1.0551867E-150, 1.3392782E-148, 1.7263939E-146, 8.6068952E-185, 1.1143093E-184, 1.4308148E-187
 6.1056126E+001, 1.3056633E-022, 1.0516752E-023, 1.1167164E-025, 5.3503868E-009, 4.8347207E-012, 4.9827930E-018, 1.1630412E-001, 9.5813244E-003, 1.4557253E-011, 2.0290891E-001, 1.2631106E-002, 3.0107723E-008, 6.8008996E-003, 2.7595060E-006, 8.3469959E-016, 4.7313891E-025, 1.3381566E-026, 2.3533942E-031, 2.3101457E-044, 2.0267153E-045, 8.9425602E-047, 3.8821938E-022, 4.5878192E-022, 6.3208185E-021, 5.1401446E-002, 1.8880215E-003, 6.3057076E-009, 3.0588277E-042, 1.3701128E-043, 2.1314291E-047, 9.7275477E-053, 8.5836773E-051, 2.0252560E-048, 1.3558068E-023, 8.2362961E-023, 7.2746611E-022, 9.9134856E-053, 6.3029949E-052, 1.8933684E-050, 1.6562644E-145, 3.9839979E-143, 1.9481369E-141, 8.7066444E-181, 3.1406332E-179, 1.7270681E-182
 6.2035360E+001, 9.0570583E-024, 7.4550972E-025, 2.4882648E-027, 2.7041213E-011, 3.8154350E-015, 1.8735806E-019, 4.0475052E-002, 1.5525103E-004, 1.6260728E-012, 1.8491862E-001, 1.1681081E-002, 1.3638360E-005, 1.0573955E-004, 3.5228283E-009, 1.8837756E-017, 2.2177002E-026, 2.1286182E-027, 3.1196317E-032, 2.2917887E-043, 2.4604854E-045, 5.9417711E-046, 8.4416322E-020, 4.5438191E-021, 2.0199727E-020, 3.8723861E-002, 2.7552924E-003, 3.9695462E-008, 6.7747723E-043, 1.5473511E-044, 1.6081081E-048, 2.5936120E-050, 6.6596434E-049, 9.4584614E-047, 4.9418727E-023, 3.1446007E-022, 1.7700281E-021, 1.9722290E-051, 5.0640799E-050, 2.9025017E-048, 1.2028023E-139, 3.9257228E-138, 8.9451255E-137, 1.5891883E-176, 7.6379981E-176, 2.0054517E-176
 6.3014593E+001, 1.2524045E-024, 7.4861067E-026, 1.2598663E-028, 1.4754859E-012, 6.1234032E-017, 2.7241868E-021, 2.4754435E-002, 2.8369654E-005, 8.1674752E-013, 1.6871680E-001, 2.6074901E-003, 7.6158569E-005, 3.8358289E-004, 6.1192191E-009, 1.8768096E-018, 3.0299180E-027, 4.1561106E-029, 2.7113225E-030, 2.4116983E-043, 3.8329820E-045, 6.9034678E-047, 1.6709059E-019, 8.2813194E-020, 1.2962969E-020, 7.1597620E-002, 2.0520524E-002, 1.9445855E-005, 2.8748278E-044, 3.7650022E-046, 1.4213079E-047, 3.6127362E-048, 8.0908167E-047, 4.8297205E-045, 4.7979248E-022, 2.2281512E-021, 2.8198890E-021, 3.0311819E-049, 1.2719972E-047, 1.1252160E-046, 1.0423468E-134, 1.0060105E-133, 3.4042550E-132, 2.1771984E-171, 2.7162719E-170, 5.1821913E-171
 6.4082848E+001, 1.9394693E-025, 1.9133758E-027, 1.8575612E-030, 6.6124405E-014, 9.8399629E-017, 2.0478437E-021, 7.5864199E-002, 1.1555593E-004, 4.2259802E-012, 1.9333454E-001, 1.6735757E-003, 2.0966335E-006, 3.8295874E-005, 6.5177555E-011, 7.6296677E-019, 2.6992198E-029, 1.8296584E-029, 2.9081155E-028, 9.1635219E-044, 2.6049165E-046, 1.8280213E-048, 2.3557921E-019, 7.9215585E-020, 6.5890560E-022, 7.5444815E-002, 6.7452328E-003, 2.4919596E-005, 9.6376129E-045, 2.9220616E-046, 1.0888231E-045, 5.3714099E-047, 9.7624066E-046, 2.4433894E-043, 1.5377847E-020, 3.6665537E-020, 2.6145652E-020, 4.1330780E-047, 1.5258212E-045, 3.0564104E-045, 4.8302696E-130, 6.9969819E-129, 3.3322569E-127, 1.9410143E-165, 9.3434306E-165, 5.0149887E-165
 6.5062081E+001, 1.3666102E-026, 9.0866302E-029, 2.3649688E-031, 1.6535056E-015, 5.1024555E-017, 4.8785822E-022, 4.5703832E-002, 6.0887480E-005, 3.4167366E-012, 1.5221608E-001, 1.8131062E-003, 3.4078717E-009, 1.0733465E-006, 6.8319601E-012, 7.5756911E-019, 1.4178178E-030, 2.1392207E-028, 8.4053392E-027, 5.0674745E-045, 2.6289085E-047, 5.3178114E-050, 1.3316619E-019, 1.1338004E-021, 1.6700901E-023, 9.6930085E-002, 3.7798420E-003, 4.5699637E-007, 4.9323291E-045, 9.9606426E-045, 5.9601042E-043, 3.2045522E-045, 7.5686891E-044, 2.4184773E-041, 2.4561894E-019, 4.3321385E-019, 3.2910876E-019, 1.6866482E-045, 1.2273817E-043, 7.7030791E-044, 6.1535566E-126, 1.1204368E-124, 1.4505332E-122, 1.4970515E-160, 3.8552905E-160, 5.6176431E-160
 6.6041315E+001, 8.3745844E-028, 3.4138573E-030, 2.2721938E-033, 2.0116101E-016, 5.4452725E-018, 2.4654198E-023, 4.8616918E-002, 3.0055120E-004, 2.4531450E-012, 1.9794552E-001, 5.0875721E-004, 8.6437488E-010, 3.6817202E-006, 9.5573063E-012, 1.9198212E-017, 1.1363966E-028, 3.3035553E-029, 4.3401310E-027, 3.9720300E-046, 1.4592058E-048, 8.2906799E-051, 1.1456525E-020, 5.9875043E-023, 7.1777108E-025, 1.3248377E-001, 9.2044395E-003, 3.9690851E-007, 1.6353210E-044, 6.2957562E-043, 1.7677634E-041, 1.9314670E-043, 3.3057625E-042, 4.3508453E-040, 3.1801612E-018, 6.3266173E-018, 2.7456356E-018, 8.5755691E-044, 5.7337558E-042, 3.4136201E-042, 1.1369650E-121, 3.1698079E-120, 2.6996937E-119, 3.4858702E-156, 8.1227192E-155, 8.9011462E-156
 6.7020548E+001, 6.0808385E-029, 2.0949127E-031, 2.8465185E-035, 8.7343307E-017, 2.4192436E-019, 8.7645789E-024, 7.6131446E-002, 7.3189784E-004, 3.8958331E-011, 7.5066186E-002, 6.1474227E-005, 5.8567618E-010, 1.2292839E-004, 5.8812416E-009, 2.4696305E-017, 5.2958984E-027, 7.8521877E-028, 2.7180053E-028, 5.0560935E-047, 3.5979198E-049, 7.9534513E-049, 3.1047952E-022, 1.3472005E-023, 3.1022860E-026, 1.4219060E-001, 1.1284725E-002, 1.4168068E-004, 7.4445920E-043, 8.2991002E-042, 5.3431200E-040, 1.6082857E-041, 5.0235134E-040, 1.0166482E-038, 5.4895309E-017, 1.0981896E-016, 1.8864514E-017, 5.4848205E-042, 2.8201668E-040, 3.4756771E-040, 1.0464972E-117, 3.3935717E-116, 8.5211798E-116, 1.5123091E-151, 6.8432419E-150, 1.9862178E-150
 6.8088803E+001, 9.2400455E-030, 3.9992990E-032, 5.0633928E-036, 1.9824779E-014, 3.0893890E-019, 5.0987677E-024, 1.7504618E-001, 9.7465374E-004, 1.0722011E-010, 6.5519878E-002, 3.6316420E-005, 7.3149117E-009, 2.9231103E-002, 2.0318706E-007, 3.1967118E-017, 1.4253520E-025, 1.5488469E-027, 3.1123570E-026, 3.1117875E-048, 6.9036025E-050, 1.4647185E-045, 7.0690733E-021, 7.1361630E-022, 1.5208454E-026, 1.7782419E-001, 6.1982042E-002, 4.1094589E-004, 3.1132780E-040, 6.1922755E-040, 1.8202544E-040, 1.9811657E-040, 7.2493436E-039, 3.9969382E-037, 3.5402180E-016, 8.3475122E-016, 1.6434469E-016, 3.3505068E-040, 1.2452721E-038, 2.4601338E-038, 2.0340138E-113, 3.4134678E-112, 1.4636202E-111, 7.0000116E-148, 1.4603741E-144, 8.2261548E-146
 6.9068036E+001, 3.9136615E-031, 1.0674041E-032, 6.2082404E-036, 4.4533232E-014, 1.9172199E-018, 5.9398570E-022, 7.5976777E-002, 1.8933494E-004, 5.5500412E-011, 6.4880690E-002, 7.7300416E-005, 3.9361940E-010, 1.0049935E-001, 1.2635753E-007, 3.9974628E-016, 1.1231476E-024, 8.0619498E-027, 1.7918396E-023, 1.2983945E-049, 7.0914046E-048, 7.7125613E-044, 2.0870851E-020, 1.5131447E-021, 1.1148323E-026, 1.7012558E-001, 2.2919826E-002, 7.9961586E-005, 1.2593052E-038, 2.8723717E-039, 1.6633573E-038, 5.4853442E-039, 1.9186244E-037, 2.4669257E-036, 5.4708207E-014, 3.4382407E-013, 7.2869362E-016, 3.6121709E-038, 9.8193230E-037, 2.7640443E-037, 9.7225004E-110, 2.1307180E-109, 1.5037739E-107, 5.5211782E-144, 2.5292049E-140, 2.0112946E-142
 7.0047270E+001, 1.9667471E-032, 8.6462335E-034, 5.5974084E-035, 4.4718233E-015, 9.4538891E-018, 1.5165080E-021, 6.8919713E-002, 6.6075208E-005, 2.2333617E-012, 1.0803835E-001, 5.6743587E-004, 5.0420935E-010, 1.0842549E-002, 4.4233917E-009, 2.5687551E-015, 2.1357192E-023, 1.1940483E-024, 2.2869238E-023, 7.9889784E-048, 1.2685765E-045, 1.8684100E-041, 4.2532839E-021, 7.5921067E-023, 5.8440884E-027, 6.9518317E-002, 1.2125115E-003, 3.0100346E-006, 7.8820004E-038, 6.8850471E-038, 5.1914721E-037, 7.1675284E-038, 1.1033614E-036, 1.7138707E-035, 4.6154788E-013, 1.9984330E-013, 3.4754529E-015, 2.9641160E-036, 5.0024865E-035, 1.3529484E-036, 3.7864404E-107, 2.2040081E-106, 3.0073755E-104, 2.7123178E-139, 8.1624986E-138, 1.5385618E-139
 7.1026503E+001, 4.8397777E-033, 1.1998301E-032, 6.7591800E-035, 1.2996605E-015, 3.7326102E-018, 1.7052383E-022, 8.5899511E-002, 1.1580204E-004, 8.9691457E-013, 4.0693342E-002, 3.7723443E-004, 5.9557615E-011, 2.4772487E-003, 3.9457981E-009, 7.4629175E-015, 9.5021249E-024, 1.6031891E-024, 2.3465458E-024, 1.0444107E-045, 7.7014199E-044, 1.2748555E-039, 9.5691922E-022, 4.0011006E-024, 8.6268479E-027, 6.2232676E-002, 8.4892053E-004, 8.1861411E-006, 1.7780114E-036, 9.5015125E-037, 2.1063176E-036, 1.0374143E-036, 2.7832914E-036, 2.3431344E-034, 2.5917675E-013, 5.7023469E-014, 7.9920316E-015, 3.1490400E-035, 2.0350886E-034, 5.5129033E-036, 4.7355640E-104, 3.6920162E-102, 1.7665337E-100, 3.3277539E-135, 7.2319952E-134, 6.2574326E-137
 7.2005737E+001, 7.4011610E-031, 1.2436785E-031, 3.0836641E-035, 2.3839276E-016, 1.8601808E-018, 2.3215148E-022, 8.8127055E-002, 2.3063538E-005, 7.6746923E-011, 1.1595840E-001, 9.3305210E-004, 4.4329193E-011, 6.7154388E-003, 8.0036671E-008, 2.0043298E-015, 2.7998360E-025, 4.8826263E-026, 3.9222451E-025, 4.0582390E-044, 7.7193824E-042, 2.2106826E-039, 4.9113808E-023, 1.3238994E-025, 5.6940764E-025, 6.0926272E-002, 4.0861569E-003, 2.3292268E-006, 7.9014521E-036, 5.2923148E-036, 1.9965621E-036, 4.4790013E-036, 3.4024560E-035, 1.2336089E-033, 8.3600862E-012, 2.6462432E-011, 2.9766146E-011, 1.6437632E-034, 1.1751817E-034, 7.1671368E-036, 1.2550236E-099, 2.8160520E-098, 3.3029283E-097, 1.9949018E-131, 6.0253026E-132, 3.5987245E-134
 7.3073991E+001, 5.6273595E-030, 1.3332403E-031, 2.8944853E-034, 4.3533909E-017, 3.7306636E-019, 1.9270882E-022, 1.0005521E-001, 6.3865798E-004, 5.2541673E-011, 2.3319187E-002, 3.0579457E-005, 2.1608633E-011, 6.9091727E-002, 1.4918717E-006, 3.7497639E-014, 3.5036791E-026, 6.5731169E-028, 2.3362231E-026, 5.8290847E-043, 1.4277756E-041, 1.9923153E-039, 1.0541197E-024, 7.5219553E-025, 8.9141877E-023, 1.2742831E-001, 2.5503817E-002, 4.3694841E-004, 1.6974168E-036, 2.8001598E-036, 5.2169461E-037, 2.2731725E-035, 5.7696228E-034, 3.2672097E-033, 3.5529900E-012, 2.1564192E-011, 7.1851808E-011, 3.9501835E-035, 1.5351460E-034, 1.0031558E-035, 3.3093660E-096, 2.0171549E-094, 5.9843353E-094, 3.1717985E-129, 3.8536267E-129, 1.2955117E-130
 7.4053225E+001, 3.1912580E-029, 7.8242852E-031, 6.4403958E-034, 1.3494668E-016, 1.9957048E-018, 1.8297444E-021, 8.0174946E-002, 8.7479957E-004, 1.2054377E-010, 2.7645271E-002, 8.2521963E-006, 3.2504430E-011, 5.4515790E-002, 6.2452790E-006, 2.9494818E-013, 8.3876997E-026, 8.6944304E-028, 3.5400104E-028, 7.7256250E-044, 2.3371744E-042, 6.2259159E-040, 4.4890477E-026, 8.9376854E-024, 5.6570206E-021, 1.3082042E-001, 1.4264710E-002, 6.1056592E-004, 6.4384319E-038, 4.0531007E-038, 3.1499858E-034, 4.2512744E-035, 1.8247129E-033, 1.1507602E-032, 5.4551849E-011, 2.5286588E-010, 2.7096489E-009, 6.9687814E-035, 1.8922375E-034, 3.0816333E-035, 1.1911063E-093, 3.4605815E-091, 3.9978742E-091, 6.4277977E-128, 2.7571296E-127, 1.2618737E-126
 7.5032458E+001, 4.6788902E-029, 9.7222436E-031, 2.7312896E-033, 2.7679635E-017, 1.1137458E-018, 4.8988070E-021, 8.8985567E-002, 9.8857775E-005, 2.3047488E-010, 1.1865658E-001, 1.2116637E-004, 2.4119811E-009, 6.6138018E-002, 2.4579562E-007, 3.2691773E-013, 2.8356059E-024, 2.8128933E-024, 3.6835036E-030, 1.6711130E-044, 1.2887506E-042, 9.9476696E-041, 3.8362016E-025, 6.0240283E-023, 7.7888221E-020, 1.2903160E-001, 1.3302540E-002, 2.4305754E-003, 8.5175201E-038, 4.1357077E-037, 2.6915354E-033, 4.4729191E-035, 3.4555181E-033, 1.1856434E-032, 4.7677062E-009, 3.3385746E-008, 3.2025636E-008, 7.8133813E-035, 4.8800501E-035, 1.2277196E-034, 8.9160325E-091, 2.1473290E-088, 9.5565757E-089, 1.0851069E-126, 2.7642761E-125, 2.8381181E-123
 7.6011692E+001, 2.9026091E-029, 8.9273478E-029, 7.7536201E-032, 4.8426461E-016, 1.8731026E-018, 3.8573009E-021, 1.1572743E-001, 1.8422273E-004, 4.0827589E-012, 1.0667300E-001, 1.2825566E-004, 1.3647579E-009, 9.0549188E-002, 1.6403861E-007, 2.1277146E-012, 1.6691046E-022, 2.8510889E-024, 1.2762148E-029, 8.7628866E-045, 2.2645155E-043, 8.9188941E-042, 7.4309063E-024, 1.3777782E-021, 9.0474899E-019, 8.4796701E-002, 4.6907845E-003, 4.5828986E-004, 1.3379761E-037, 3.1474334E-036, 1.6250843E-033, 1.2530332E-034, 1.5367547E-033, 1.9283086E-033, 6.7267884E-008, 3.2034774E-008, 3.2667001E-009, 6.7200553E-036, 1.6587351E-035, 1.8400628E-034, 1.6039951E-087, 2.1711281E-086, 6.9038880E-088, 1.2382105E-123, 5.7844231E-122, 7.3596930E-120
 7.7079946E+001, 2.4941141E-027, 1.0177102E-027, 1.7362176E-031, 1.0449579E-015, 1.0509006E-017, 1.9304790E-020, 7.8333127E-002, 1.8566175E-004, 4.3611669E-012, 9.5369303E-002, 6.9307554E-004, 2.3423023E-010, 4.0276524E-002, 6.4365707E-007, 4.5476970E-013, 2.3870286E-022, 1.2659664E-024, 2.3375130E-030, 4.0685537E-044, 3.1452222E-043, 1.2447738E-040, 4.2374356E-022, 1.2813482E-020, 7.4238942E-019, 1.3372203E-001, 5.3261908E-003, 1.4184732E-006, 7.4549326E-036, 2.1980343E-033, 1.5455938E-032, 4.6215242E-035, 3.0607426E-034, 1.8183520E-034, 4.2802099E-008, 1.0288289E-009, 1.4675863E-009, 3.8486978E-036, 1.4347798E-035, 3.0408321E-035, 1.2174287E-084, 3.9534887E-084, 8.5403821E-086, 4.3765249E-120, 8.7267558E-119, 2.5697453E-116
 7.8059180E+001, 9.0350546E-027, 7.2542123E-028, 4.1944829E-031, 3.9750731E-015, 2.5154345E-018, 6.9851514E-022, 1.6667550E-001, 3.3896675E-003, 6.5385833E-011, 9.5593006E-002, 1.2252024E-003, 4.1678042E-010, 1.5926118E-001, 1.2235355E-004, 4.3012742E-014, 3.5960016E-023, 8.0683628E-025, 1.7337749E-030, 8.6392620E-042, 1.0206824E-039, 1.1867780E-037, 3.3445352E-021, 5.3353015E-020, 1.7242644E-019, 8.9672178E-002, 2.2664905E-003, 5.4040401E-007, 1.2852778E-033, 1.5822106E-031, 3.8166338E-032, 7.0950674E-036, 4.2720440E-035, 1.0231366E-035, 4.2732230E-009, 1.4294367E-010, 6.1250016E-010, 3.4563313E-035, 4.8591060E-035, 1.4717184E-034, 1.9925736E-082, 3.6057132E-083, 3.1327415E-083, 5.4086025E-117, 9.5785789E-116, 7.0469472E-113
 7.9038413E+001, 4.3741882E-026, 2.0388249E-028, 5.5152420E-032, 8.6176597E-014, 5.1710173E-018, 2.7861928E-023, 1.1049597E-001, 5.6625572E-004, 4.3234037E-011, 7.7537674E-002, 1.0108495E-003, 1.0198600E-009, 1.2023145E-001, 9.9084761E-005, 2.3255858E-014, 7.9623710E-024, 6.2601348E-026, 1.3205467E-029, 2.1566032E-038, 4.7082901E-037, 2.4984238E-036, 8.0830332E-020, 8.0990156E-020, 2.2312750E-018, 1.0121658E-001, 2.6470315E-002, 1.0016754E-004, 3.6205571E-033, 3.8090145E-031, 6.8732218E-033, 9.8844450E-037, 3.2451310E-036, 6.4729280E-037, 5.0656096E-011, 1.4840755E-011, 3.2380755E-012, 2.7411981E-034, 3.8697650E-034, 5.7538115E-034, 5.3125691E-081, 5.3232743E-082, 3.0315604E-080, 3.1575486E-114, 2.0429487E-112, 6.0577643E-110
 8.0017647E+001, 1.4180705E-026, 1.9825044E-029, 3.9410636E-033, 1.5075583E-012, 6.3355708E-017, 8.0759058E-023, 1.2404766E-001, 4.9219472E-004, 5.7353951E-010, 7.6953356E-002, 1.8112795E-003, 6.2380380E-008, 7.8692810E-002, 3.4194090E-005, 2.0751323E-015, 5.9811976E-025, 2.5172975E-026, 4.8344927E-028, 8.2720553E-038, 2.9381880E-037, 9.7929188E-036, 3.6822341E-019, 6.1379918E-019, 1.0760590E-017, 1.1971304E-001, 3.2720271E-002, 4.0184150E-003, 6.3029661E-034, 1.9793592E-032, 1.3500826E-033, 7.9316413E-038, 1.0542281E-037, 3.2007686E-038, 7.5216410E-011, 4.7405710E-012, 3.4330237E-014, 3.5771064E-033, 1.3672408E-033, 5.7257007E-034, 5.8777798E-081, 1.0427867E-079, 6.7876567E-078, 4.5234374E-111, 2.5069834E-109, 4.9068579E-107
 8.1085901E+001, 4.1113906E-027, 4.9987949E-029, 1.2392987E-033, 3.2456096E-012, 5.3398717E-017, 3.4119315E-022, 1.0907072E-001, 6.1982501E-004, 2.2142941E-009, 8.4609571E-002, 8.0273075E-004, 4.2183277E-008, 7.7423169E-002, 2.7405500E-006, 7.8658069E-016, 7.9742929E-026, 1.2420920E-024, 4.2689743E-029, 2.9231056E-038, 4.5196869E-037, 2.7973001E-036, 3.0780201E-018, 1.7765126E-017, 2.1602867E-016, 1.4314193E-001, 3.8495113E-002, 6.3117503E-003, 2.3570556E-034, 3.6280065E-033, 5.9971955E-034, 5.4008594E-039, 5.3548980E-039, 2.9897135E-039, 1.4976344E-011, 2.5866000E-011, 2.7547596E-014, 3.0887594E-033, 1.7280884E-033, 6.6327105E-034, 2.2389520E-079, 2.2156875E-077, 1.8684263E-075, 9.4713805E-108, 2.5252906E-106, 5.4418878E-104
 8.2065135E+001, 2.7293462E-027, 1.9859857E-029, 8.0787351E-035, 5.3400691E-013, 1.0078983E-016, 4.7471295E-021, 1.5713570E-001, 6.3591969E-004, 1.0755298E-009, 6.1119018E-002, 2.7018517E-005, 1.2429870E-010, 8.8777384E-002, 1.8377895E-007, 1.8746778E-016, 7.1181067E-024, 3.7562850E-024, 3.1952272E-028, 6.2895815E-039, 6.5549019E-037, 9.9168907E-036, 2.3983297E-017, 5.4136474E-015, 2.9389361E-016, 1.6975274E-001, 4.5044221E-002, 1.2663498E-003, 3.3778595E-035, 1.5396648E-033, 2.9027623E-034, 2.4311306E-040, 3.5868223E-040, 1.9123732E-039, 1.6155584E-012, 6.7745919E-012, 5.0371519E-010, 4.3001750E-033, 3.0646353E-033, 2.0504401E-033, 6.0072820E-077, 6.8929923E-076, 6.0626249E-074, 1.3309865E-105, 9.4472175E-104, 4.8642198E-101
 8.3044368E+001, 2.4811996E-028, 3.1435081E-030, 2.5146928E-035, 1.3628264E-012, 4.6284819E-015, 1.1516010E-019, 1.0580592E-001, 3.8774202E-003, 2.8752594E-009, 1.1214256E-001, 9.1654379E-004, 1.9211269E-011, 6.0978012E-002, 2.5515059E-007, 3.0804366E-016, 8.0357384E-024, 1.7472720E-025, 7.2851165E-027, 5.4393045E-039, 3.1363346E-036, 2.3484532E-036, 2.9091014E-016, 4.3768241E-015, 3.3994907E-017, 1.6425789E-001, 4.7704463E-002, 6.1960424E-004, 4.9663875E-036, 1.3047906E-034, 4.1146626E-035, 1.7202550E-041, 1.2958127E-040, 1.2727532E-038, 3.9476915E-013, 3.8659130E-010, 1.1874092E-008, 5.3641907E-033, 6.8633673E-033, 1.2958676E-032, 1.1184639E-074, 1.5626925E-073, 1.1262740E-071, 5.2624841E-102, 1.3767945E-100, 7.7066862E-098
 8.4023602E+001, 9.2975498E-029, 1.4423370E-028, 2.8896965E-032, 5.2217799E-012, 5.1883862E-015, 2.2146751E-019, 1.7522120E-001, 6.7720486E-003, 1.8429578E-008, 6.8346032E-002, 1.3708209E-004, 1.6201870E-010, 5.6544143E-003, 5.3960159E-009, 4.0695968E-016, 1.5565359E-024, 5.5994942E-027, 1.8607571E-027, 2.0333447E-038, 2.6349038E-037, 1.5571402E-037, 1.6630509E-011, 2.1892299E-015, 3.0225737E-018, 1.5483267E-001, 2.0300227E-002, 1.9306008E-004, 4.8795542E-037, 2.9534064E-036, 3.1890959E-036, 2.0407220E-041, 8.9466345E-040, 4.7770851E-037, 7.6681219E-012, 4.8653830E-009, 3.7443871E-009, 9.7780095E-033, 1.7770117E-032, 3.5615656E-032, 8.4195666E-073, 3.1411174E-071, 2.0945995E-069, 4.3314260E-099, 6.0493848E-097, 9.3644099E-095
 8.5002835E+001, 7.5431240E-028, 3.8672536E-027, 1.0446312E-030, 2.2553587E-011, 7.3782126E-015, 3.5886875E-019, 1.7078627E-001, 2.9887848E-003, 3.3384426E-009, 1.0219444E-001, 9.8398554E-004, 2.4383627E-011, 9.8289974E-004, 1.3639367E-009, 2.0208729E-016, 1.8112646E-025, 9.1820766E-028, 4.3906786E-027, 2.3476688E-038, 9.1728933E-039, 3.5668238E-039, 8.1442056E-012, 9.9761588E-016, 4.0357429E-019, 1.5240085E-001, 2.7985956E-002, 9.6506855E-004, 5.3476080E-038, 9.9286622E-038, 1.7433711E-037, 1.0524801E-039, 1.5854588E-038, 1.8476431E-036, 1.7902156E-008, 7.2430593E-007, 2.3283534E-008, 2.2145076E-032, 4.9547079E-032, 4.4751539E-031, 1.3966243E-070, 5.5282081E-069, 4.6213159E-067, 4.8336706E-096, 1.0479469E-093, 6.0577849E-092
 8.6071090E+001, 7.6258937E-027, 6.5897716E-026, 6.5078530E-030, 1.9940104E-009, 3.1726694E-013, 4.5202546E-019, 1.7836307E-001, 2.8887257E-003, 8.1126918E-009, 1.3693763E-001, 3.0768026E-003, 2.5644986E-008, 4.5564054E-005, 5.6056935E-011, 1.4976485E-016, 2.6069769E-026, 8.2137012E-026, 5.3433989E-026, 1.3259541E-039, 3.3468001E-040, 6.8145111E-041, 5.9929608E-014, 1.4223149E-016, 2.2563088E-020, 1.4391390E-001, 5.3503971E-002, 9.0568136E-003, 2.7282887E-039, 1.3302709E-038, 1.6275186E-038, 1.7741807E-037, 2.8588375E-036, 8.0356957E-036, 2.2425822E-009, 9.1763007E-007, 1.0797912E-004, 4.7561259E-032, 7.6606022E-032, 2.3478408E-030, 3.3920713E-068, 7.6170110E-067, 1.4698209E-064, 1.0490328E-092, 1.5544529E-090, 3.3412198E-089
 8.7050323E+001, 7.4028525E-025, 9.0411309E-026, 5.3383999E-029, 1.1748186E-006, 6.4039199E-012, 8.9980805E-019, 1.8100061E-001, 1.4939931E-003, 3.4381096E-010, 1.4688788E-001, 7.8064706E-003, 2.7543938E-008, 4.2473973E-007, 2.3778004E-009, 7.5623210E-017, 5.8695614E-027, 3.3270598E-025, 6.6275631E-025, 1.1383965E-040, 6.1074875E-042, 1.2958739E-042, 4.0432823E-016, 7.0977867E-018, 1.6911202E-021, 1.9533015E-001, 3.7875474E-002, 3.3674633E-003, 3.7598995E-040, 9.1051428E-040, 1.1150685E-039, 9.5203485E-036, 2.2727381E-034, 5.5455213E-035, 9.9065936E-010, 1.5239009E-006, 1.3818404E-004, 5.0722222E-032, 9.8080948E-032, 1.5777505E-029, 3.4010928E-066, 1.7861833E-064, 2.7256254E-062, 1.1654921E-090, 1.3963687E-088, 9.4642281E-088
 8.8029557E+001, 1.8378246E-024, 2.3050701E-026, 4.2794656E-028, 3.1478549E-006, 7.4941602E-010, 2.7205523E-015, 4.9847480E-002, 3.5958648E-004, 1.0085965E-009, 1.0162542E-001, 1.2129523E-003, 2.0224407E-009, 3.2474802E-006, 2.3930539E-009, 2.0444520E-017, 8.2565007E-026, 1.6829564E-024, 1.9811170E-025, 7.8497057E-041, 2.5619261E-043, 2.0371229E-044, 1.7520509E-017, 3.7871776E-019, 1.5126794E-022, 2.1512877E-001, 3.4150918E-002, 2.4608776E-003, 6.3684350E-041, 1.5242294E-040, 7.7510755E-041, 4.1004189E-034, 1.7166672E-033, 1.7861465E-033, 4.8331657E-006, 3.9614295E-005, 2.6463902E-004, 3.6643180E-032, 1.6936596E-031, 2.5493887E-029, 5.2921466E-064, 4.1595549E-062, 3.5152270E-060, 9.4746791E-088, 2.2489881E-086, 1.6012030E-085
 8.9008790E+001, 6.9581879E-025, 4.4634926E-026, 5.2502692E-027, 3.1885060E-006, 1.1863575E-008, 6.0401828E-014, 1.6008738E-001, 4.2031766E-003, 9.8966314E-009, 1.6323882E-001, 6.4124876E-003, 1.2838922E-009, 3.6009511E-004, 9.2954125E-011, 8.8980843E-017, 3.7813815E-025, 2.1540367E-023, 8.3266264E-025, 1.4596472E-041, 5.3032941E-045, 7.8190354E-046, 5.2436416E-019, 1.0410145E-020, 1.3186670E-023, 2.1633932E-001, 4.9597049E-002, 3.0449724E-002, 2.3715779E-040, 6.3580975E-041, 5.9309777E-042, 2.7325908E-033, 3.5584297E-033, 1.0425081E-032, 3.1230084E-004, 1.2122368E-003, 1.3250380E-003, 1.5968639E-031, 7.3406011E-030, 6.3656300E-029, 1.0314643E-062, 5.1395216E-060, 3.0041449E-058, 7.8706952E-086, 2.4924741E-084, 9.4741988E-083
 9.0077045E+001, 1.8005269E-025, 3.5137150E-025, 2.4112084E-027, 1.3761858E-003, 2.5534181E-009, 2.2780922E-015, 8.0456486E-002, 2.5682057E-003, 1.7568677E-009, 1.0169172E-001, 1.3739527E-002, 1.2546075E-008, 2.0839492E-002, 1.5778170E-007, 1.3096879E-016, 2.0984140E-024, 5.3620569E-023, 2.5622055E-024, 4.1982941E-043, 3.1807270E-046, 4.5145008E-046, 3.1411720E-020, 3.3992980E-022, 1.5303043E-024, 1.6204885E-001, 5.2855017E-002, 1.0622465E-002, 2.4665804E-040, 4.3210352E-041, 2.8812681E-043, 2.2801841E-033, 5.3360962E-033, 6.1224677E-033, 9.9301397E-004, 2.6558102E-003, 1.7122432E-003, 2.1215726E-029, 7.7122106E-028, 2.8667869E-027, 3.5825974E-061, 5.7031523E-058, 2.4846255E-056, 7.7489540E-084, 2.7104408E-082, 2.5091578E-080
 9.1056278E+001, 4.7211934E-025, 5.5534929E-025, 2.0447929E-027, 1.0602663E-003, 6.6310518E-007, 2.4553533E-016, 9.7980666E-002, 1.1951569E-003, 2.8636565E-010, 4.1117872E-002, 5.7893866E-004, 9.1540268E-009, 2.8669332E-002, 4.0347034E-007, 4.5600917E-017, 1.3914530E-022, 1.0706755E-021, 2.2433435E-023, 1.3791575E-044, 1.6564818E-047, 5.4063626E-047, 2.6977525E-021, 6.3669238E-023, 4.4106385E-025, 1.2653123E-001, 1.4410676E-002, 2.0523163E-003, 2.3984744E-041, 1.3559402E-042, 1.6758894E-044, 2.1946898E-033, 9.6336755E-033, 3.7689663E-033, 2.1706869E-003, 8.0081395E-003, 3.5090051E-003, 2.1726981E-027, 2.5261269E-026, 9.4871076E-026, 4.2393379E-059, 5.9133302E-056, 9.4818463E-055, 3.9406948E-082, 8.2533844E-081, 1.0498949E-078
 9.2062218E+001, 1.1569101E-024, 1.3830983E-024, 6.6967349E-028, 1.1985232E-002, 2.6780353E-007, 7.4682403E-017, 1.1625611E-001, 4.8448755E-003, 2.0753797E-006, 9.5801276E-002, 2.4646383E-003, 9.1575622E-006, 5.6051643E-002, 5.4371526E-008, 2.4272970E-016, 9.9682416E-022, 1.5277221E-021, 6.5716647E-023, 1.6892410E-045, 3.4999419E-048, 1.1110542E-048, 5.4499756E-022, 1.4595976E-023, 1.0632421E-025, 1.4236182E-001, 1.2551292E-002, 9.9964786E-004, 1.1302894E-042, 2.4957518E-044, 4.0866305E-046, 4.3231550E-033, 4.1776646E-033, 1.1579879E-033, 8.6887267E-003, 1.0211050E-002, 9.0398520E-003, 1.4712830E-025, 4.6800891E-025, 2.1537181E-024, 1.2015287E-057, 7.9851398E-055, 2.3342563E-053, 4.5724100E-081, 4.0501748E-079, 9.2271892E-078
 9.3041451E+001, 2.0684597E-025, 4.3227248E-026, 1.2009391E-029, 2.9470543E-004, 1.0074404E-009, 1.0896880E-017, 1.9419982E-001, 5.1874506E-003, 1.2370417E-005, 1.1647236E-001, 5.6117805E-003, 7.2489372E-006, 4.9321364E-002, 4.2312524E-006, 6.8899494E-013, 5.4484079E-021, 4.3310698E-021, 2.5683961E-023, 5.3836502E-047, 2.1819553E-048, 4.2815592E-050, 4.0747667E-023, 1.2758992E-023, 2.0346971E-024, 1.8347861E-001, 4.8223384E-002, 5.4745382E-003, 1.3571872E-043, 1.2273788E-045, 7.6866547E-048, 8.0932464E-033, 2.7920058E-033, 5.2902186E-034, 9.1827853E-003, 7.1041619E-003, 1.0428560E-002, 4.0636327E-025, 4.9856754E-024, 5.2417023E-023, 1.9583464E-055, 1.7384889E-053, 5.8565059E-052, 1.1262191E-078, 4.9897076E-078, 5.3764404E-077
 9.4020685E+001, 6.6462147E-026, 1.0184769E-026, 2.2511755E-030, 3.1930533E-006, 8.7813359E-012, 1.6843926E-018, 1.5912019E-001, 5.6822814E-003, 2.4720539E-007, 1.5447021E-001, 5.3388205E-003, 8.3938528E-008, 1.2807395E-001, 4.7550152E-006, 2.9173036E-012, 9.7067408E-020, 2.4993289E-020, 2.3424665E-023, 6.4956513E-048, 8.5042181E-049, 2.0809549E-050, 5.2876307E-023, 1.0003721E-022, 5.8649448E-024, 1.9428663E-001, 4.6956299E-002, 1.8418493E-002, 1.3764712E-044, 6.8927823E-047, 2.0620063E-047, 1.6772868E-032, 1.2099693E-032, 7.9085950E-034, 1.1527497E-002, 5.5915119E-003, 9.3382438E-003, 1.6618754E-024, 2.5714017E-023, 1.4490276E-022, 3.4486886E-053, 1.5754026E-051, 7.2175823E-051, 2.5210973E-077, 6.2610278E-077, 2.4105503E-076
 9.5097842E+001, 1.4778145E-026, 8.4332601E-028, 4.4603976E-030, 3.3448620E-004, 3.0339887E-010, 1.4105111E-018, 7.9759503E-002, 5.3772118E-004, 1.4015491E-009, 1.6344518E-001, 1.0054432E-002, 9.8221366E-008, 1.6811948E-001, 1.3962231E-005, 1.8459700E-012, 1.7465537E-019, 2.2552560E-019, 9.7687745E-023, 6.6788098E-048, 1.0222352E-047, 1.3555207E-048, 3.4277620E-022, 2.2415959E-022, 1.9970201E-024, 2.2254986E-001, 4.2123665E-002, 1.5110011E-003, 6.2354254E-046, 1.4480598E-047, 2.4154507E-045, 3.4779423E-032, 2.0719742E-032, 4.1542053E-034, 1.2918322E-002, 7.3172569E-003, 2.3037311E-003, 2.8601594E-024, 6.0522019E-023, 3.1462810E-022, 1.2526387E-051, 1.8604493E-050, 6.0889447E-050, 7.4005462E-077, 7.3371291E-076, 2.3103384E-074
 9.6005129E+001, 5.4336830E-028, 3.1894989E-029, 1.8090409E-029, 1.8180831E-003, 5.3025369E-009, 9.4475915E-018, 1.1294944E-001, 8.5805357E-004, 6.0405195E-010, 7.9921741E-002, 1.7681473E-003, 4.6060376E-009, 2.7238194E-001, 1.0068979E-004, 2.4145487E-014, 1.7310562E-018, 3.5839283E-018, 1.3444384E-021, 1.5598060E-046, 1.0534549E-045, 4.7074062E-046, 6.7426702E-022, 4.3149480E-022, 1.5218484E-023, 2.0204610E-001, 4.9499623E-002, 9.5550766E-003, 4.5744396E-047, 5.6534852E-046, 2.0977548E-043, 3.4427147E-032, 9.3845071E-033, 1.4863550E-034, 1.0752496E-002, 4.8604542E-003, 7.7902756E-005, 2.0836889E-024, 3.7256100E-023, 1.0832001E-021, 1.4229018E-050, 3.9364681E-049, 2.4219229E-048, 4.7625459E-076, 1.3442085E-074, 2.5481516E-072
 9.7056873E+001, 1.6972091E-029, 7.2769298E-030, 1.9327190E-029, 2.5704256E-004, 2.4209534E-010, 1.8707019E-017, 1.5040794E-001, 8.0191973E-003, 8.0963916E-009, 1.4224317E-001, 3.7178867E-003, 1.2740439E-008, 1.5441620E-001, 1.8395602E-004, 5.4703482E-016, 1.4872147E-017, 5.7679176E-018, 5.7863905E-022, 3.2927810E-044, 1.1820663E-042, 6.7838291E-045, 1.8454521E-020, 3.0730576E-021, 1.0849840E-022, 1.6722694E-001, 5.7931597E-002, 6.2589967E-003, 3.2557224E-044, 1.3206375E-043, 4.9231193E-043, 1.0438328E-032, 2.9811860E-033, 3.5175744E-035, 1.0441218E-002, 8.2215156E-003, 5.7240784E-004, 1.2054456E-022, 3.8955114E-022, 3.7090911E-021, 1.0747948E-049, 3.0375536E-047, 3.9947142E-047, 2.4456858E-075, 6.2054707E-073, 5.0613550E-070
 9.8020972E+001, 3.9756812E-031, 2.4273207E-030, 5.3783983E-030, 1.6662016E-003, 3.0206310E-010, 7.6620600E-018, 1.1013777E-001, 4.5573574E-003, 4.8336684E-008, 1.6007897E-001, 3.9519032E-003, 1.2049917E-008, 6.4524664E-003, 2.5328640E-007, 1.3596555E-016, 1.2850181E-017, 9.8389069E-018, 5.6255871E-023, 1.0502018E-041, 9.5301150E-042, 2.8816965E-045, 5.5486499E-020, 1.6048272E-020, 8.3438590E-023, 1.5438098E-001, 4.4706055E-002, 6.4363283E-003, 4.2087250E-043, 6.4523312E-043, 9.7197866E-043, 2.6422944E-033, 3.7066838E-033, 4.3401593E-035, 7.5289390E-003, 5.9088074E-003, 6.0747456E-003, 2.3955075E-021, 7.0860303E-021, 8.4814831E-021, 2.3575443E-048, 1.0243238E-045, 3.7243080E-046, 4.8035927E-073, 3.6877638E-071, 2.4262957E-068
 9.9072716E+001, 3.2901124E-031, 2.1848312E-030, 1.4146394E-030, 2.6381821E-002, 1.3569216E-007, 9.0132172E-019, 1.6070977E-001, 8.6477256E-003, 3.6160097E-007, 1.9155198E-001, 7.1802626E-003, 5.9279780E-008, 1.7990466E-003, 1.0892773E-009, 6.9774646E-018, 1.5318739E-017, 1.0812493E-018, 3.1723424E-023, 3.5547587E-040, 2.8610422E-042, 1.7132721E-043, 1.8388030E-019, 5.4336331E-020, 2.7740803E-022, 2.0821569E-001, 2.4167092E-002, 1.2880220E-003, 5.0536547E-043, 1.3124306E-042, 1.1950397E-043, 1.6788170E-033, 8.8248879E-034, 9.3671870E-036, 6.6910010E-003, 6.5426613E-003, 5.5618307E-003, 1.6335875E-020, 4.3309524E-020, 8.9249621E-021, 3.2749044E-046, 2.8392752E-044, 9.6915717E-046, 5.7510689E-071, 3.2962235E-069, 6.4661786E-067
 1.0003681E+002, 3.8905888E-031, 1.4885115E-031, 2.1522879E-030, 1.3128892E-001, 1.1890730E-006, 1.1955784E-017, 2.3707159E-001, 1.6817115E-002, 5.0866988E-007, 1.4845200E-001, 9.5043585E-003, 3.3694240E-008, 2.1554847E-004, 6.1210676E-011, 2.1501500E-018, 3.1655841E-018, 1.1511203E-019, 1.9316725E-023, 9.1389224E-041, 6.4272899E-043, 6.5224134E-043, 2.8120884E-019, 5.1371961E-020, 8.8521169E-023, 2.2438765E-001, 4.6623877E-002, 3.2334763E-003, 5.1632483E-043, 2.7270432E-042, 1.5791334E-044, 5.1164913E-034, 3.4481730E-034, 2.1430269E-035, 1.2527127E-002, 1.2162571E-002, 6.0373607E-003, 3.8158753E-020, 5.7637207E-020, 1.1653389E-020, 2.0612723E-044, 1.9636255E-043, 7.2880593E-044, 1.4263866E-069, 1.7243783E-067, 4.6137528E-065
 1.0100091E+002, 1.2560462E-029, 7.6303727E-032, 2.4550821E-029, 8.2235590E-002, 4.7418385E-007, 1.9704563E-017, 2.4097315E-001, 1.4683727E-002, 3.5739200E-005, 1.5356078E-001, 3.5970975E-003, 7.6551291E-008, 2.9264353E-005, 4.0110678E-012, 2.5158295E-018, 3.9491942E-019, 8.8204006E-021, 3.0391879E-024, 3.0225358E-040, 6.5739084E-042, 3.2934013E-043, 1.1465066E-019, 1.0432884E-020, 1.4328786E-023, 2.4191494E-001, 3.2168108E-002, 6.6668632E-003, 8.0985322E-043, 5.3571443E-043, 1.0802203E-043, 7.0285749E-034, 2.8228045E-034, 2.5393075E-035, 1.1953484E-002, 9.5908248E-003, 3.9840936E-003, 1.6386641E-020, 3.1479267E-020, 4.7760864E-021, 3.1967894E-043, 2.4819342E-043, 3.4832299E-042, 1.3283587E-067, 2.1532171E-064, 5.6616149E-064
 1.0205266E+002, 2.0347322E-029, 2.4184100E-031, 1.3845852E-026, 1.5125451E-001, 7.8836721E-007, 2.8067465E-017, 2.0241184E-001, 4.1768605E-003, 1.4540332E-005, 1.3325140E-001, 9.8069328E-004, 7.2284696E-008, 4.0393272E-003, 5.6716176E-007, 2.2867166E-017, 4.7950470E-020, 3.2104305E-022, 1.3190937E-025, 3.5516774E-040, 7.2101936E-042, 1.3216054E-043, 1.7975266E-020, 2.1673830E-021, 1.5047571E-025, 2.0938214E-001, 7.5099386E-003, 4.9036655E-004, 3.1534126E-044, 6.8161647E-044, 1.0187288E-043, 5.5551827E-033, 6.4766857E-034, 8.1013509E-036, 9.4476245E-003, 5.9615962E-003, 5.9249287E-003, 1.2728648E-020, 5.0409111E-020, 5.0731258E-021, 1.2251363E-041, 2.3332036E-041, 1.1372581E-040, 2.1811280E-065, 1.6758869E-063, 1.8590569E-063
 1.0305181E+002, 5.3660655E-030, 3.4181420E-029, 1.8980979E-026, 1.9488598E-001, 5.5295809E-007, 7.0406980E-017, 9.7308337E-002, 1.9028282E-003, 2.2750467E-008, 1.1386023E-001, 1.0121152E-003, 1.8388108E-008, 3.5908478E-003, 3.9951452E-008, 1.9428653E-016, 3.4764019E-021, 2.1355285E-023, 9.1516202E-026, 1.8876230E-041, 2.4582598E-042, 1.8989137E-044, 1.4965177E-021, 2.2120479E-022, 1.3536191E-027, 1.6746119E-001, 3.1924052E-002, 3.8484370E-003, 4.5362869E-045, 1.6230415E-043, 6.3763980E-044, 8.8591035E-033, 8.6830397E-035, 3.3648881E-035, 6.5378482E-003, 2.0943469E-003, 7.2876913E-004, 6.5089963E-020, 7.8451779E-020, 1.5062135E-020, 2.8751274E-040, 6.5068877E-040, 3.4189616E-039, 1.3667918E-064, 1.0203891E-063, 2.4079226E-063
 1.0401591E+002, 2.7584349E-028, 3.7679381E-027, 9.7193036E-027, 2.1097590E-001, 8.4833073E-007, 7.7132067E-016, 1.0563855E-001, 1.8624772E-003, 4.0617449E-010, 1.2844081E-001, 2.4222549E-003, 2.5599488E-008, 3.2505447E-002, 1.2365016E-007, 2.1884812E-014, 8.2442447E-021, 1.0135367E-022, 3.2433733E-025, 5.4718261E-042, 1.2800107E-042, 1.1411230E-044, 1.2834167E-022, 9.7629841E-024, 6.3127525E-029, 1.8391874E-001, 1.7716778E-002, 7.7245212E-003, 6.1152471E-044, 1.6317993E-044, 4.6754684E-044, 1.6027467E-033, 3.5558944E-035, 1.2993640E-033, 3.3829042E-004, 4.5830050E-004, 2.2889337E-006, 1.5043242E-019, 1.5106623E-019, 2.3353043E-020, 1.9564762E-038, 1.5189597E-038, 8.7786705E-038, 1.0858492E-063, 2.6476478E-063, 5.4937888E-064
 1.0507642E+002, 7.7401554E-028, 7.4847441E-027, 4.5087380E-027, 2.3448214E-001, 8.2046882E-005, 4.8858721E-013, 1.8544389E-001, 9.6644144E-003, 5.8870057E-010, 1.4102610E-001, 9.3081082E-004, 1.8317671E-006, 1.0176660E-001, 1.9513270E-007, 1.5640065E-012, 4.5597878E-020, 2.4853683E-022, 1.9564006E-025, 1.8017986E-042, 1.2832910E-043, 3.9779376E-045, 3.6191083E-024, 4.3523176E-025, 1.3368712E-028, 2.3147257E-001, 8.9937225E-003, 1.1839905E-002, 2.2348072E-043, 1.0955171E-044, 8.6098807E-046, 8.6273084E-034, 3.4494307E-034, 3.4758284E-033, 6.9591320E-005, 4.2820209E-006, 3.1003189E-005, 1.8039131E-019, 1.4784977E-019, 1.0569007E-020, 7.9615146E-037, 8.7006484E-037, 1.1782987E-035, 9.6630404E-064, 8.4425194E-064, 7.5230343E-063
 1.0604052E+002, 4.6277159E-027, 3.6492518E-027, 1.8072881E-028, 1.8103764E-001, 9.1346668E-005, 6.0271745E-013, 1.3192865E-001, 5.6594211E-004, 8.6234405E-010, 1.7676665E-001, 2.3985189E-002, 1.0566714E-005, 1.8078522E-002, 1.4442667E-007, 7.5454745E-013, 1.1770524E-020, 1.7915665E-022, 1.0631580E-024, 1.8441026E-043, 1.0242572E-043, 1.0898298E-043, 7.9392826E-025, 1.2039038E-026, 1.5194629E-026, 1.9098426E-001, 1.1862749E-002, 4.1234193E-003, 2.8377361E-043, 4.1576267E-045, 1.2656286E-047, 2.7028311E-033, 9.6184802E-034, 5.4564677E-033, 5.6334093E-005, 3.0333729E-004, 1.0143024E-004, 7.7601872E-020, 2.7436338E-020, 2.8274318E-021, 2.3178963E-035, 6.8280038E-035, 3.2531025E-034, 4.8550805E-064, 2.2137709E-062, 4.0089380E-061
 1.0700462E+002, 4.7272613E-026, 5.7724665E-025, 1.0809477E-027, 7.9159407E-002, 1.0016157E-004, 3.5971948E-014, 2.1685558E-001, 5.2170662E-003, 7.5373744E-009, 1.6967907E-001, 2.5255305E-003, 1.3941692E-005, 8.1436528E-002, 3.4204028E-006, 3.2387592E-015, 2.2826771E-021, 1.5930221E-022, 8.6168817E-025, 2.3296804E-043, 6.0763347E-044, 1.2428405E-043, 4.4296440E-025, 7.4186656E-026, 6.9476070E-025, 1.4462750E-001, 2.1030967E-003, 4.9766868E-004, 4.0340099E-044, 6.6501368E-046, 1.0144495E-045, 3.6442070E-033, 6.1580634E-032, 2.4621896E-032, 9.4521444E-005, 2.8272151E-003, 1.5324970E-003, 1.7431872E-020, 7.2198635E-021, 1.2097020E-021, 3.2472485E-034, 6.6274809E-034, 6.5109393E-033, 1.0615515E-062, 1.2617086E-060, 1.7452171E-059
 1.0806513E+002, 3.9514388E-025, 8.5280275E-025, 1.0078775E-027, 1.8939037E-002, 1.0989739E-005, 1.2535665E-014, 1.2220523E-001, 4.2149624E-003, 1.8078201E-009, 1.4393144E-001, 2.9472874E-004, 6.8841303E-008, 4.2727857E-002, 2.2974742E-007, 1.5651624E-013, 5.3474947E-021, 1.2399870E-021, 1.6250559E-023, 7.7529300E-040, 2.2483594E-041, 1.0752611E-043, 6.7248407E-022, 2.9632678E-023, 4.2863307E-024, 1.1215084E-001, 1.2110636E-002, 1.7667642E-003, 1.6201220E-044, 7.8290210E-047, 6.0417189E-043, 4.1054938E-032, 1.0869352E-030, 2.4185464E-032, 1.4025350E-003, 4.7839652E-003, 1.3573962E-003, 4.9104480E-021, 3.3657870E-021, 3.6197071E-022, 2.5453680E-033, 1.6998308E-032, 1.8413325E-031, 1.4568851E-060, 6.4386743E-059, 6.7442534E-058
 1.0900853E+002, 8.0032370E-026, 5.2074812E-026, 6.7778269E-028, 7.0023271E-003, 3.2128081E-005, 1.0369531E-015, 1.6591218E-001, 9.5470220E-003, 7.5982797E-009, 1.3776314E-001, 5.6738055E-004, 4.3020023E-010, 4.6629769E-002, 1.0562121E-007, 3.3537534E-011, 1.7836194E-020, 3.4432885E-020, 1.7171336E-021, 2.6894022E-038, 3.8460585E-039, 1.0588400E-042, 7.1128659E-021, 1.3956411E-022, 3.3070416E-023, 1.5746540E-001, 3.3143772E-002, 5.0711618E-004, 1.2001261E-045, 9.5116526E-047, 8.3588907E-041, 1.8745615E-031, 6.2123942E-031, 2.9380811E-031, 9.8333274E-003, 9.6273821E-003, 1.5243763E-003, 9.2039249E-022, 1.3328258E-021, 1.3243671E-022, 1.5036414E-032, 1.7540329E-031, 1.0428859E-030, 1.6730689E-058, 1.9062476E-057, 1.0712044E-056
 1.1004125E+002, 5.0853032E-027, 1.0445202E-027, 4.5240745E-029, 4.6913210E-003, 3.7106096E-005, 1.2158158E-014, 1.4103444E-001, 3.6124154E-003, 1.1370715E-008, 1.3599946E-001, 2.1113968E-003, 4.4964640E-010, 1.0818206E-001, 3.2410470E-007, 7.2572480E-009, 9.7987908E-022, 6.4424186E-020, 2.8142307E-021, 7.1568391E-038, 3.9169288E-039, 1.2652148E-042, 2.6567263E-020, 5.5052948E-022, 3.3802014E-023, 1.2699671E-001, 8.2769580E-003, 2.6736641E-005, 7.8047924E-047, 5.4007142E-047, 1.6914190E-040, 3.4921436E-031, 1.5542223E-029, 2.9378585E-030, 8.4730814E-003, 2.0241692E-002, 8.2821795E-003, 4.6587178E-022, 1.1918565E-021, 2.6168326E-023, 8.3776561E-032, 8.1630823E-031, 1.6356297E-029, 2.8637322E-057, 1.9868682E-056, 1.5912628E-055
 1.1108257E+002, 4.0502343E-028, 4.0029818E-029, 3.4364414E-030, 1.7740012E-003, 1.5997650E-006, 1.0321136E-014, 9.2983219E-002, 2.0511948E-004, 7.7043218E-009, 1.6032112E-001, 2.5921384E-003, 4.1746949E-009, 1.1620939E-001, 3.1759874E-006, 1.0155922E-009, 8.5468023E-021, 2.0607780E-020, 1.0765120E-021, 3.1280392E-038, 5.2940438E-039, 1.6357220E-042, 9.4457612E-020, 1.0882913E-020, 2.0027578E-023, 1.0916064E-001, 3.4488435E-003, 2.0217772E-005, 4.1713229E-047, 8.4548153E-045, 6.7592686E-041, 1.0161815E-029, 1.4401967E-028, 1.1538118E-029, 3.2569539E-002, 3.8074958E-002, 5.7207931E-003, 6.6372512E-022, 4.0978617E-022, 7.6308396E-024, 1.3004332E-030, 1.6642168E-029, 1.9457291E-028, 3.1057218E-056, 1.4214575E-055, 4.3572829E-054
 1.1203564E+002, 3.9331154E-029, 5.5918842E-028, 1.6742233E-028, 3.3745381E-004, 2.9208044E-007, 1.9862739E-015, 1.1855899E-001, 2.5048717E-004, 4.1386559E-009, 1.2020009E-001, 3.4361028E-004, 2.4513734E-009, 4.9354813E-002, 6.2276738E-006, 8.4295698E-013, 1.0451953E-019, 5.5351801E-020, 2.2165670E-021, 1.2506674E-038, 1.9195074E-039, 1.6080003E-042, 6.7261288E-019, 4.7525149E-020, 8.4997146E-022, 1.0595300E-001, 2.8675174E-003, 3.7030965E-005, 4.2841183E-046, 5.3609610E-044, 1.4322853E-041, 1.3253596E-028, 4.1355840E-028, 1.6771096E-029, 3.3342371E-002, 2.9468333E-002, 4.7975062E-003, 7.5609721E-022, 1.7316401E-022, 1.1599946E-024, 1.0221412E-029, 1.3832594E-028, 2.3304027E-027, 1.7853860E-055, 1.1388336E-054, 8.6068732E-053
 1.1303511E+002, 2.2971492E-029, 2.3670593E-027, 2.9840844E-026, 1.0423018E-003, 1.2213646E-007, 3.1490975E-015, 5.6706024E-002, 2.4302688E-003, 2.1533940E-009, 1.3879135E-001, 3.1988118E-003, 4.8934494E-009, 2.4194694E-002, 2.4243223E-006, 2.5243396E-015, 1.3677245E-019, 7.3745702E-020, 2.0049903E-022, 4.7525103E-039, 1.9797104E-040, 7.6908934E-043, 4.8237256E-019, 9.6785805E-020, 8.1721978E-022, 9.5462062E-002, 2.2906796E-003, 2.4154398E-006, 1.4495745E-045, 3.3067146E-044, 3.0088927E-041, 3.9897698E-028, 6.5952768E-028, 1.3027088E-029, 2.3437256E-002, 2.4712663E-002, 4.3245062E-003, 4.3379481E-022, 8.6306945E-023, 1.1171019E-024, 9.8759853E-029, 4.0527899E-027, 1.1905567E-026, 3.3959657E-054, 2.1369766E-053, 4.7368414E-052
 1.1403459E+002, 1.5737018E-030, 1.8100282E-028, 2.0651414E-025, 2.8370187E-003, 1.8214168E-007, 6.6192759E-014, 1.5610327E-001, 6.7580173E-003, 1.0748122E-008, 1.1015169E-001, 1.0573545E-002, 2.4647625E-008, 1.6219008E-002, 8.9500160E-007, 7.7614022E-016, 5.4146866E-020, 6.2201293E-020, 3.2574347E-022, 1.3555598E-039, 4.9897184E-041, 1.2472119E-043, 4.8454956E-019, 4.1798494E-020, 9.2240370E-023, 1.1756769E-001, 2.3892154E-003, 1.6075880E-007, 1.4466689E-043, 2.6294002E-041, 1.0269163E-041, 2.7025364E-028, 2.0228371E-028, 2.4783556E-030, 2.4462264E-002, 1.3720132E-002, 1.1811286E-003, 1.9112724E-022, 1.7813217E-023, 4.8680177E-025, 1.3892073E-027, 4.5203408E-026, 6.3545114E-026, 7.1298585E-053, 3.1216622E-052, 1.1413731E-051
 1.1503406E+002, 3.2352760E-031, 2.6323963E-028, 2.2798532E-025, 4.4634837E-003, 1.5486616E-007, 4.2571036E-015, 5.0701285E-002, 1.4321124E-003, 3.0603082E-009, 1.6879249E-001, 3.5520226E-003, 3.1302729E-008, 4.9276555E-002, 1.6474309E-006, 1.0432100E-015, 1.1500221E-020, 9.6267540E-021, 6.6683328E-023, 1.1683091E-040, 2.9898331E-042, 3.3256436E-045, 2.6227760E-019, 7.0474525E-021, 9.1540349E-024, 8.4557463E-002, 9.7906853E-004, 1.7306617E-007, 9.8494356E-042, 3.9288220E-040, 5.2252346E-040, 1.9006109E-028, 5.5624250E-029, 7.6956167E-031, 2.3755343E-002, 5.2254004E-003, 4.3170602E-004, 5.5379891E-023, 4.7564605E-024, 1.2302700E-025, 2.2095811E-026, 3.6534844E-025, 1.1940125E-025, 1.7088934E-052, 3.2707909E-052, 2.4248562E-051
 1.1603354E+002, 1.7449623E-030, 4.9285016E-028, 3.9724250E-026, 5.6330200E-005, 2.0643074E-009, 6.2126468E-016, 1.4497127E-001, 3.6700840E-003, 1.9084673E-008, 1.8136176E-001, 2.3990804E-003, 2.5509354E-009, 9.5889473E-002, 1.6597530E-005, 1.6171398E-014, 1.5069511E-020, 2.8517079E-021, 1.3165889E-023, 5.9683906E-042, 7.9086766E-043, 6.7113783E-047, 4.7176240E-020, 4.8381041E-022, 3.7172370E-025, 8.7778341E-002, 8.8062206E-004, 9.9136502E-008, 4.0093735E-040, 4.3432025E-039, 1.9248525E-038, 1.1123283E-028, 1.4316876E-029, 8.5177831E-031, 2.7873969E-002, 8.2153281E-003, 2.0106996E-004, 3.3272753E-023, 5.0355542E-024, 7.0384331E-026, 2.6919687E-025, 1.2925174E-024, 1.3117452E-025, 5.5143729E-052, 9.6318594E-052, 3.3526394E-050
 1.1703301E+002, 1.1727709E-030, 1.1537256E-027, 3.7253669E-027, 1.3348282E-007, 1.9746907E-011, 2.4709885E-017, 1.4274044E-001, 3.6846681E-003, 5.2668106E-009, 2.3422981E-001, 6.8721275E-003, 9.6090354E-010, 2.1568731E-002, 1.2959283E-006, 2.7442032E-015, 2.3797604E-020, 2.9748103E-020, 3.9221862E-023, 2.0949686E-043, 6.7207665E-044, 9.5984734E-049, 1.0610203E-020, 1.2896181E-022, 2.2418231E-026, 1.0459584E-001, 4.7048546E-003, 3.6010508E-007, 1.4366393E-038, 5.8550779E-039, 1.0995074E-037, 4.3310839E-029, 1.1378018E-029, 8.2983757E-031, 3.2139802E-002, 9.7011088E-003, 5.3344881E-004, 1.1757328E-023, 1.5700711E-024, 2.1644531E-026, 1.6830282E-024, 2.0067401E-024, 2.5418903E-025, 3.8426633E-051, 1.0701976E-050, 3.2140550E-049
 1.1803249E+002, 1.2294922E-028, 4.2362685E-026, 2.1308237E-028, 4.0351095E-008, 2.5567466E-013, 6.5129391E-019, 1.1417420E-001, 1.8096035E-003, 1.5108945E-009, 1.1779322E-001, 2.8171857E-004, 7.9704303E-010, 4.8671061E-004, 4.1554443E-009, 1.4277820E-016, 3.3020992E-019, 4.9559152E-020, 3.2348140E-023, 8.9503289E-045, 1.7973637E-045, 1.7353460E-049, 5.3453973E-022, 5.3519348E-024, 1.2203670E-027, 1.1963155E-001, 5.0253344E-003, 2.2563347E-006, 1.2074057E-037, 6.6500255E-039, 4.1778695E-037, 1.6332043E-029, 4.1823461E-030, 1.3356985E-031, 1.6386935E-002, 1.7221183E-003, 1.3213282E-003, 2.8040645E-024, 3.3188360E-025, 6.8722371E-027, 3.6220110E-024, 3.6880988E-024, 2.3677779E-024, 1.5072909E-050, 6.6605957E-050, 1.3541562E-048
 1.1903196E+002, 3.5239913E-026, 8.6265541E-027, 8.6994524E-029, 6.4593284E-007, 8.3981806E-013, 4.7154524E-020, 1.0751692E-001, 8.9702356E-004, 2.8535889E-010, 8.2724873E-002, 3.7663565E-004, 1.0551481E-010, 1.0572509E-004, 4.5231901E-010, 2.6248005E-018, 5.3355142E-020, 5.7083033E-021, 9.9883364E-025, 3.3684763E-046, 4.4001523E-047, 8.6345567E-050, 1.0390847E-022, 5.7836426E-025, 4.5992760E-029, 9.1387060E-002, 1.2363482E-003, 1.5590601E-006, 1.1682832E-037, 7.8372953E-038, 8.5474118E-037, 1.0381414E-030, 1.3489243E-031, 5.5369870E-033, 1.5657799E-002, 9.9683664E-003, 4.6837561E-003, 6.6956512E-025, 5.8134338E-026, 2.0355484E-027, 1.4806812E-023, 4.5917172E-023, 3.8308085E-023, 1.0777461E-049, 1.3923409E-049, 2.1861092E-048
 1.2003143E+002, 1.3319211E-025, 2.2129701E-026, 3.0562180E-029, 2.4072368E-008, 1.8824946E-013, 3.9464078E-020, 1.0924537E-001, 4.1483430E-004, 9.2904830E-012, 1.5687470E-001, 6.4361700E-004, 4.6823633E-009, 1.3247744E-004, 1.1107479E-008, 4.0066861E-019, 3.6773096E-021, 8.7722374E-023, 9.5426413E-027, 6.5138046E-048, 1.1689931E-048, 3.1554320E-051, 4.2608238E-021, 1.5277600E-023, 1.2006533E-028, 8.4950587E-002, 2.6128821E-003, 1.3886562E-007, 1.3157244E-037, 1.1220253E-036, 8.4956200E-037, 9.3011151E-032, 1.6129377E-032, 1.4856670E-034, 4.0089562E-002, 2.1059697E-002, 1.1083463E-003, 1.9685811E-025, 1.2544163E-026, 5.5126682E-026, 5.0022529E-023, 1.1960982E-022, 6.8547859E-022, 3.8941836E-049, 1.8256665E-049, 1.5816402E-047
 1.2103091E+002, 7.5175333E-026, 2.1064983E-026, 5.3299313E-030, 2.0645811E-009, 8.1825359E-015, 1.5944537E-021, 1.2476577E-001, 2.4308603E-003, 9.6953626E-012, 1.8388451E-001, 6.6226939E-003, 9.6121563E-009, 1.3650489E-003, 3.2945361E-007, 2.2748649E-018, 1.6083807E-022, 1.7452782E-024, 9.3257027E-029, 3.2612333E-049, 3.3580985E-050, 1.4052354E-052, 1.9162929E-019, 5.9758815E-023, 2.3297778E-027, 5.1471139E-002, 2.2650204E-003, 3.9011272E-007, 8.0448753E-038, 1.0141758E-036, 2.0813678E-037, 3.8084279E-032, 8.9405143E-033, 3.1216417E-035, 4.5016657E-002, 1.2094430E-002, 2.1635480E-003, 3.6779841E-026, 4.9936743E-026, 2.0830313E-024, 1.9096596E-021, 1.1976101E-021, 8.0925147E-021, 2.9363946E-049, 1.8824807E-048, 1.4395980E-046
 1.2203038E+002, 1.3948877E-026, 7.8373519E-027, 1.6164542E-030, 7.3368823E-012, 1.0572905E-016, 4.1245363E-023, 1.5101673E-001, 1.5954562E-003, 3.5443740E-011, 1.7168679E-001, 5.9780040E-003, 1.8187158E-008, 7.4684907E-005, 1.1050901E-008, 1.5832514E-018, 7.5436895E-023, 9.0880238E-026, 2.8349094E-030, 3.6420491E-049, 1.3564913E-050, 8.5938745E-054, 5.5323221E-019, 1.4483500E-022, 3.2261695E-026, 8.7414161E-002, 1.1723182E-002, 1.1608229E-005, 2.3133350E-037, 4.5370000E-037, 1.7752945E-038, 7.1640795E-033, 2.5263080E-033, 7.5400126E-035, 4.8327970E-002, 2.9163434E-002, 4.5592067E-003, 9.9651161E-026, 9.8698994E-025, 1.3920454E-022, 8.5592320E-021, 3.1742384E-020, 6.9971531E-020, 3.0967511E-049, 9.5784893E-048, 3.0291824E-046
 1.2304825E+002, 9.9379549E-027, 1.2327551E-027, 2.7936731E-031, 6.0883861E-015, 2.4037188E-018, 3.5766362E-024, 9.7091174E-002, 3.0318639E-003, 8.2733093E-011, 1.6015910E-001, 1.5363885E-003, 7.6950786E-010, 8.4298274E-005, 1.8594241E-009, 5.9976218E-019, 2.9713576E-023, 3.5742853E-026, 1.1108734E-031, 1.5213917E-049, 1.9862500E-051, 2.4945267E-053, 3.6193421E-019, 1.6622821E-022, 1.0480415E-026, 8.3423492E-002, 3.1315333E-003, 4.4934081E-006, 3.0621025E-038, 2.5292162E-038, 1.0873327E-039, 6.0157076E-034, 2.9729753E-034, 1.1639368E-035, 3.5414018E-002, 1.0551139E-002, 5.1710213E-003, 2.2671736E-025, 2.0040830E-024, 1.8642294E-021, 7.8275535E-020, 3.6650410E-019, 2.3511668E-019, 7.9199391E-049, 7.2735300E-048, 7.6511263E-046
 1.2404880E+002, 6.5083900E-027, 2.3729050E-028, 4.8562965E-032, 4.9144379E-017, 5.4829473E-020, 1.0338064E-022, 6.4619238E-002, 1.7383150E-003, 1.2058565E-007, 1.1575790E-001, 2.1698915E-003, 1.4630813E-009, 3.5374715E-005, 2.9151757E-010, 2.3063868E-018, 2.8290947E-025, 4.7487560E-028, 3.2584343E-033, 5.4594668E-051, 1.6261777E-052, 9.8363111E-055, 4.3501018E-020, 2.4189629E-023, 2.6467984E-027, 1.1023702E-001, 2.2724874E-003, 8.4650490E-007, 2.5443129E-039, 9.7534140E-040, 4.3344437E-041, 1.1583474E-034, 4.4876495E-035, 4.5410362E-035, 4.4718137E-002, 1.4024286E-002, 5.1558762E-003, 2.7939007E-025, 2.2692567E-024, 3.6665900E-021, 4.4415081E-019, 1.0342898E-018, 4.4645192E-019, 4.6577930E-049, 7.1226012E-048, 4.2324565E-045
 1.2500207E+002, 4.5688719E-027, 3.4339492E-029, 8.6363094E-031, 1.2473524E-018, 1.1121148E-020, 4.4471364E-021, 5.7124317E-002, 1.2116381E-003, 5.8078491E-007, 1.5062403E-001, 1.4878639E-002, 1.2503302E-008, 6.9464152E-005, 7.5733404E-011, 1.6994786E-018, 6.3479180E-027, 4.0448117E-029, 1.3102495E-032, 3.3849703E-052, 4.8998324E-053, 1.0187599E-053, 6.9925745E-022, 2.4467064E-022, 1.7226632E-027, 1.1281915E-001, 1.5192226E-002, 3.1487559E-006, 2.2541530E-040, 2.8483873E-041, 2.9742299E-042, 4.2635186E-035, 3.6159570E-034, 1.9773536E-033, 4.8629345E-002, 2.5363031E-002, 2.1141891E-002, 6.3065437E-025, 1.1395794E-023, 2.0933648E-020, 5.8046851E-019, 1.1827394E-018, 1.1878183E-018, 4.4393156E-049, 1.3028240E-047, 1.6624231E-044
 1.2604201E+002, 1.4357732E-027, 6.5876666E-029, 2.5467190E-029, 3.5046679E-018, 9.6134380E-019, 2.2816055E-019, 1.0567486E-001, 1.2992450E-003, 1.3768183E-006, 1.2875013E-001, 6.9559836E-004, 1.3390864E-009, 1.2613428E-006, 5.0302751E-012, 1.3322896E-018, 2.1661440E-025, 4.3504262E-029, 2.8753650E-030, 1.1998843E-052, 2.1051543E-054, 2.6769938E-053, 2.1163406E-020, 2.2615323E-021, 5.8968379E-027, 9.9500351E-002, 8.4012151E-003, 3.3677072E-006, 2.0860157E-041, 8.0929537E-043, 9.5744994E-043, 1.0766040E-033, 2.7742834E-032, 1.8448418E-031, 4.9646183E-002, 2.1274385E-002, 2.1499073E-002, 8.7418874E-025, 2.1613630E-022, 6.1106974E-020, 4.6503154E-019, 1.8396977E-018, 1.1643711E-018, 3.0807778E-048, 1.0253238E-046, 3.8491043E-044
 1.2708195E+002, 1.2323023E-028, 2.8186687E-028, 9.3493852E-029, 1.4275194E-015, 3.2979968E-018, 3.1352780E-018, 9.4151835E-002, 2.2839869E-003, 7.5356099E-007, 1.1376347E-001, 5.7652780E-004, 1.8944368E-009, 1.2880776E-007, 8.2751199E-014, 8.9831434E-019, 9.2550745E-026, 4.9984301E-029, 7.5876382E-030, 8.1262670E-054, 4.4124226E-054, 3.3748727E-053, 9.4327429E-020, 6.1656109E-021, 3.4536453E-025, 8.7328753E-002, 1.1064618E-002, 8.1616886E-006, 1.3182997E-042, 4.5029702E-044, 2.0763224E-043, 6.8964321E-032, 2.2775355E-030, 2.6336663E-029, 4.0966619E-002, 2.6067817E-002, 1.4538897E-002, 6.0593876E-024, 4.6388221E-022, 7.7788851E-020, 5.8953227E-019, 2.1052357E-018, 5.5955734E-019, 5.8822288E-047, 2.5009607E-045, 2.4072382E-043
 1.2803523E+002, 1.2722525E-028, 4.2749666E-026, 8.3472728E-027, 6.0880902E-015, 1.5230245E-017, 7.9007241E-018, 1.0588479E-001, 6.7076467E-004, 6.6020678E-009, 1.5679363E-001, 5.6791871E-003, 2.1201027E-009, 6.5634710E-009, 5.2045109E-013, 3.4094904E-018, 9.2247768E-026, 4.8291431E-026, 2.7679659E-028, 4.7565316E-054, 2.9100616E-052, 5.9293784E-052, 1.5955161E-020, 3.2166841E-021, 1.6821969E-024, 7.3256887E-002, 1.1275305E-002, 1.4719719E-005, 3.7679830E-043, 2.3220524E-045, 2.5721903E-044, 3.6600846E-030, 9.2953705E-029, 2.1696577E-027, 4.4291795E-002, 3.1130398E-002, 8.4903417E-003, 4.6920415E-023, 1.0928926E-021, 5.4563261E-020, 1.3994135E-018, 1.4941176E-018, 8.4333449E-019, 7.1178093E-046, 1.7719705E-044, 1.9599877E-042
 1.2907517E+002, 2.7215363E-027, 7.0612015E-026, 1.2456262E-025, 3.8375513E-014, 4.0952070E-017, 4.1656964E-017, 1.1016441E-001, 6.9860946E-004, 6.6442617E-011, 1.3486940E-001, 6.3704011E-003, 3.4048505E-009, 4.5999875E-007, 1.3931347E-011, 2.0259435E-018, 8.7624785E-024, 4.5748784E-025, 1.4888218E-026, 4.8111434E-052, 1.6945564E-050, 2.8027952E-051, 1.7017169E-021, 2.4805606E-021, 8.4358865E-025, 7.7371309E-002, 9.8120159E-003, 4.4933968E-005, 6.9638876E-044, 3.9002928E-046, 3.3115185E-041, 6.2676948E-028, 4.3307012E-027, 7.9787612E-026, 4.2146263E-002, 2.2961597E-002, 1.8099439E-002, 3.4224551E-023, 4.9890563E-022, 2.7109544E-020, 2.1732938E-018, 1.9907246E-018, 3.1908585E-018, 6.0954858E-045, 1.3410213E-043, 2.0162299E-041
 1.3008911E+002, 6.4844808E-026, 3.4141252E-024, 1.4505960E-024, 2.2773597E-013, 2.3362607E-016, 5.4276914E-017, 1.0815628E-001, 1.3528482E-003, 2.2230161E-006, 5.2015508E-002, 6.7449390E-005, 3.5227249E-010, 3.3743670E-005, 7.1291209E-011, 2.0889414E-018, 4.0248319E-023, 1.7973284E-024, 1.5661006E-025, 2.2404133E-051, 3.9227929E-050, 8.0201012E-052, 1.2837202E-021, 1.5584712E-022, 4.8329194E-026, 8.0679276E-002, 8.0668388E-003, 3.6869474E-004, 6.1499036E-045, 6.9538291E-044, 1.5548438E-038, 6.5224091E-026, 2.1782813E-025, 1.8400750E-024, 4.6794944E-002, 2.8800069E-002, 1.4599161E-002, 8.1677523E-024, 1.0367431E-022, 9.9213370E-021, 5.1439544E-018, 9.6509217E-018, 1.5282145E-017, 1.3480292E-043, 4.7182820E-042, 5.1850700E-040
 1.3104238E+002, 2.0239630E-025, 3.0885170E-024, 4.3162826E-024, 3.0224973E-011, 1.0823605E-011, 2.6580703E-017, 1.5069339E-001, 7.9566064E-003, 3.1479856E-006, 1.1172770E-001, 5.1447249E-004, 1.3064745E-009, 7.8320701E-003, 2.2995461E-008, 3.1686892E-018, 1.9178758E-022, 1.4185473E-022, 2.1115531E-025, 7.6013516E-052, 6.1101830E-051, 1.2465848E-052, 4.8388653E-022, 4.5323598E-024, 2.8506085E-026, 8.1897704E-002, 2.2341727E-002, 3.7730539E-003, 1.2962875E-044, 5.0257419E-041, 3.6375866E-037, 1.6941765E-024, 8.5078097E-024, 4.5914395E-023, 4.6026002E-002, 2.9621869E-002, 1.7824720E-002, 5.5883922E-024, 9.4936054E-023, 4.0679858E-021, 1.8716520E-017, 3.9265914E-017, 7.1349223E-017, 1.2269709E-042, 2.6582186E-041, 6.4853744E-039
 1.3209099E+002, 2.5490897E-025, 5.2613578E-025, 6.0712611E-025, 3.7604188E-006, 3.5262604E-009, 2.1545742E-017, 1.3044826E-001, 4.6190477E-003, 1.5913919E-007, 7.3357272E-002, 1.6670431E-004, 8.6552198E-011, 3.5153938E-002, 8.3718153E-007, 5.4645755E-018, 1.7816766E-021, 1.3036260E-022, 2.6024320E-026, 1.4464362E-052, 7.4732862E-051, 1.5091115E-052, 8.9092021E-022, 1.6996775E-023, 3.2864873E-026, 1.0355352E-001, 4.0932915E-002, 2.5198494E-003, 5.2707636E-042, 2.3347531E-039, 1.3390716E-035, 2.5031653E-023, 1.5454105E-022, 3.1687393E-022, 3.6026253E-002, 3.6238582E-002, 7.8463710E-003, 1.2404312E-023, 2.0948213E-022, 5.3550322E-021, 6.2907938E-017, 1.2833612E-016, 2.6868596E-016, 4.6876510E-042, 2.5793977E-040, 3.0221711E-038
 1.3304427E+002, 1.5605643E-023, 4.7948502E-024, 8.3069855E-027, 1.5955686E-005, 1.4535168E-007, 8.2903692E-017, 1.6740018E-001, 2.8170120E-003, 3.3610504E-009, 8.2491449E-002, 5.7865993E-004, 1.3707887E-010, 1.0282978E-001, 4.7075771E-007, 6.0571728E-018, 6.5186112E-022, 1.2591695E-022, 3.4764249E-027, 1.1271229E-051, 5.6354599E-050, 1.2764110E-052, 8.3293764E-021, 1.2783001E-023, 3.3360417E-027, 1.3671161E-001, 3.3242788E-002, 3.7729544E-004, 4.8491630E-039, 2.7090328E-037, 4.8127651E-035, 3.7250249E-022, 1.3462104E-021, 2.3790644E-022, 3.6972294E-002, 3.0021391E-002, 1.3396975E-002, 5.3768408E-023, 2.2687792E-021, 2.0116620E-021, 1.7281895E-016, 3.3413162E-016, 5.9325762E-016, 2.7790067E-041, 6.4358673E-040, 8.6253611E-038
 1.3409287E+002, 4.5619109E-022, 5.4882626E-023, 6.2639329E-027, 3.9882955E-004, 1.3306839E-007, 3.6858472E-014, 1.4170275E-001, 1.0916120E-003, 8.2366843E-011, 7.9874561E-002, 5.9326443E-004, 3.5972016E-010, 3.6794944E-002, 4.9173759E-008, 1.2605890E-016, 1.2945764E-021, 2.6623611E-022, 2.2597964E-027, 1.6530518E-050, 2.3759845E-049, 2.3249906E-052, 8.2079085E-021, 1.4726261E-023, 2.0338261E-026, 1.4807519E-001, 1.2335449E-002, 4.8493139E-004, 9.9865676E-038, 3.6281279E-036, 3.0399122E-035, 1.4964851E-021, 9.5590614E-022, 5.1208104E-022, 2.0294051E-002, 5.9664839E-003, 3.6398817E-003, 3.1531739E-022, 4.2838158E-021, 3.0482303E-022, 3.4506456E-016, 8.5620607E-016, 1.0084772E-015, 3.6994093E-040, 5.7880175E-039, 4.8502054E-037
 1.3504615E+002, 5.0894087E-022, 1.5075533E-023, 2.2435164E-027, 6.2123514E-002, 1.8569313E-004, 5.2939548E-015, 4.0758733E-002, 3.8936200E-004, 2.3616776E-010, 1.3251171E-001, 3.1793587E-003, 6.1891425E-010, 1.2832273E-003, 3.5225946E-009, 3.4803725E-015, 1.1597699E-021, 2.8011605E-023, 1.9015293E-025, 4.1824756E-051, 8.7909425E-051, 2.2321276E-051, 1.5538507E-020, 6.4520421E-022, 1.5682661E-025, 1.4706193E-001, 1.1900236E-002, 4.9880801E-004, 8.6421440E-037, 5.1261252E-036, 7.4706556E-036, 7.8590194E-022, 2.3244594E-022, 4.5184746E-022, 2.6378705E-002, 9.1389889E-003, 6.6200079E-003, 1.2934652E-021, 3.6049346E-021, 6.9262345E-023, 5.1807223E-016, 1.8884305E-015, 5.0622594E-011, 1.4148443E-038, 9.4412610E-038, 1.0692100E-035
 1.3609475E+002, 2.3214737E-022, 4.8484259E-025, 9.9768635E-029, 1.5538136E-001, 3.0423571E-004, 7.0909401E-014, 1.5545080E-001, 7.3630703E-003, 2.8736369E-009, 1.5709335E-001, 1.9272344E-003, 4.2921040E-010, 1.0756444E-003, 6.3121987E-008, 4.4861259E-016, 2.7648324E-022, 7.2990887E-024, 1.1642244E-025, 8.1239455E-052, 6.0755560E-050, 1.2646039E-045, 1.2978586E-019, 3.0429786E-021, 1.8945795E-023, 1.5932919E-001, 2.4785338E-002, 3.5857613E-003, 7.2602615E-036, 1.7744451E-036, 2.6167742E-036, 2.6000617E-022, 2.0698352E-022, 1.4068553E-022, 2.4582440E-002, 1.3079003E-002, 1.4754309E-003, 5.9735799E-022, 8.8056022E-022, 3.1870309E-023, 8.2034569E-016, 3.9763168E-015, 6.0174414E-009, 4.4664655E-037, 6.6887255E-036, 4.7196431E-034
 1.3704803E+002, 4.4897245E-023, 1.8468473E-026, 5.3048179E-030, 3.4362633E-002, 1.6630154E-006, 3.1026815E-012, 1.7123635E-001, 1.0999973E-003, 3.4779079E-010, 9.3501107E-002, 5.2397397E-004, 4.4235994E-010, 1.2561169E-004, 4.5890883E-008, 3.4558937E-017, 2.8503743E-023, 3.7333187E-023, 1.0994498E-024, 1.4488394E-049, 2.0404615E-047, 1.1376263E-043, 7.0989068E-020, 1.2337985E-021, 1.5569340E-021, 1.5784171E-001, 3.8085234E-002, 3.9041746E-003, 2.6242250E-036, 2.1961450E-037, 3.2935452E-037, 1.4370220E-022, 1.6923024E-022, 3.7345991E-023, 1.6756790E-002, 8.9185661E-003, 8.7732318E-005, 3.1267868E-022, 8.6718796E-022, 1.5121226E-022, 4.8051866E-014, 3.6591200E-010, 2.5921013E-006, 1.3852669E-035, 3.1454816E-034, 9.1576601E-033
 1.3800131E+002, 1.9518201E-023, 7.8534295E-027, 1.5227687E-031, 2.1942432E-002, 4.6904196E-006, 8.3725675E-013, 1.4382856E-001, 6.1754616E-004, 9.2054364E-011, 5.2143461E-002, 8.0605784E-005, 1.4454026E-010, 2.5910494E-006, 1.5585655E-009, 4.8955926E-017, 3.1524124E-023, 7.7916558E-022, 8.5553678E-025, 7.2656098E-049, 5.1044947E-046, 2.2120434E-042, 1.1148698E-019, 2.1097439E-021, 3.2702774E-020, 1.8292385E-001, 2.4773406E-002, 3.0084207E-003, 5.0348778E-037, 2.3776098E-038, 9.0080305E-038, 1.0316477E-022, 1.5077386E-022, 1.6067930E-023, 9.1487166E-003, 8.7047277E-003, 5.1252611E-004, 5.8690300E-022, 8.3589250E-021, 4.6102361E-022, 5.2806897E-011, 5.5549651E-009, 1.4336965E-005, 2.3775421E-034, 6.8761843E-033, 2.5244801E-031
 1.3904991E+002, 2.9161196E-024, 2.3280212E-028, 9.7315127E-032, 1.4482942E-001, 2.1131221E-005, 7.1332211E-013, 5.8733409E-002, 1.4666973E-004, 2.3629986E-011, 9.1830782E-002, 2.2090812E-004, 3.3620566E-010, 4.9747176E-006, 6.7690860E-012, 8.8402430E-017, 1.4548284E-022, 6.3246208E-022, 3.7814040E-024, 4.7231529E-047, 9.2685670E-043, 6.6443755E-041, 3.6167450E-020, 8.6429890E-021, 1.6218971E-019, 1.6946036E-001, 5.3840554E-002, 1.5348612E-002, 5.8181710E-038, 7.7028217E-038, 4.5922704E-038, 5.4755820E-023, 4.8234490E-023, 3.4036686E-024, 1.3693233E-002, 1.0987665E-002, 4.4993837E-004, 3.0671217E-021, 6.2762469E-021, 1.1291755E-022, 2.1957353E-009, 1.0395045E-007, 1.3676858E-005, 8.9004247E-033, 1.2442805E-031, 2.4902411E-030
 1.4000319E+002, 1.0805859E-023, 8.2236408E-028, 3.9917873E-028, 5.4221653E-002, 2.9886629E-006, 2.6212194E-014, 9.6002159E-002, 3.0214927E-003, 1.5162471E-008, 9.5972266E-002, 2.2110646E-004, 1.3065579E-009, 7.0020129E-005, 7.7142199E-009, 1.2208847E-016, 6.1729492E-022, 7.0502592E-022, 7.4324124E-024, 5.8729659E-044, 2.0275152E-041, 1.5816847E-040, 3.6649973E-020, 2.5415614E-020, 2.2173293E-019, 1.8524506E-001, 2.9392186E-002, 2.6902106E-003, 5.6027371E-039, 9.8757952E-039, 8.5896675E-039, 4.3489157E-023, 1.1213276E-023, 3.9805904E-025, 1.2421233E-002, 3.4992370E-003, 3.9093751E-004, 1.5775198E-021, 4.0910102E-022, 8.4485787E-024, 2.9225874E-009, 5.4390928E-008, 7.6118844E-007, 2.8783401E-031, 1.7002325E-030, 7.1638787E-030
 1.4104140E+002, 1.9463174E-024, 3.1567668E-027, 4.2587871E-023, 2.6863591E-002, 2.4481222E-006, 7.4034642E-010, 1.2765315E-001, 6.2701977E-003, 7.8349830E-008, 5.4040177E-002, 1.1495210E-004, 1.0878976E-010, 2.2565370E-002, 8.1337427E-007, 1.8734384E-016, 1.3411970E-021, 4.8181995E-022, 9.7518047E-024, 8.0316923E-044, 7.9654322E-042, 6.0917086E-040, 6.3661566E-020, 3.5119520E-020, 4.3021717E-020, 1.9431288E-001, 9.1297567E-003, 8.3064744E-005, 7.8543451E-039, 6.5870331E-040, 1.6477829E-040, 2.7055017E-023, 5.0866111E-024, 1.3751916E-025, 1.2533634E-002, 2.0658277E-003, 5.2122480E-004, 1.9146532E-022, 3.6882277E-023, 2.1749322E-024, 1.1011893E-009, 2.4864106E-009, 5.7378758E-009, 3.0399678E-030, 8.2281649E-030, 9.9468761E-030
 1.4207001E+002, 6.0559959E-026, 2.0528222E-025, 3.4120615E-022, 5.5038311E-002, 1.8373973E-004, 7.1329777E-009, 1.1395877E-001, 1.9342550E-003, 3.5634946E-008, 6.3934830E-002, 3.8983961E-004, 3.6772695E-011, 4.4852063E-003, 1.6615550E-008, 1.3959076E-016, 4.8410333E-021, 2.2966131E-021, 2.1383141E-023, 2.9734895E-043, 4.9877553E-042, 5.6343331E-041, 1.1305551E-019, 2.2486826E-020, 3.7480058E-021, 2.2257298E-001, 2.5980385E-002, 7.1641739E-003, 1.8717602E-038, 6.7559606E-041, 7.5509856E-042, 8.4727558E-024, 9.2182574E-025, 2.8045580E-026, 5.7337614E-003, 4.4190210E-003, 1.5081433E-003, 1.0550741E-022, 8.2643535E-024, 8.7023911E-025, 4.1917460E-011, 3.3022473E-011, 6.0986987E-011, 2.0842447E-030, 4.6548676E-030, 6.3534881E-030
 1.4302147E+002, 5.8827728E-026, 1.2102121E-025, 1.7623411E-023, 5.0717594E-002, 1.1673587E-004, 1.7025810E-010, 6.7197992E-002, 1.7817343E-003, 1.9407957E-008, 9.5813706E-002, 1.5423252E-003, 1.1412427E-010, 2.3457184E-004, 7.7388526E-009, 5.6837394E-017, 1.8226578E-020, 9.2873691E-022, 9.4299049E-024, 2.9098904E-043, 9.1968906E-043, 2.5224951E-042, 1.6205953E-019, 1.2035962E-020, 3.2500394E-022, 1.8947291E-001, 3.3017291E-002, 8.8461747E-003, 2.4563797E-039, 6.6648375E-041, 2.4317769E-043, 2.6596193E-024, 2.9786028E-025, 5.8693851E-027, 1.6360792E-003, 1.0041521E-003, 2.2839653E-003, 9.2925182E-023, 1.2845336E-023, 3.4057312E-025, 3.9907540E-011, 1.0880864E-011, 6.5618830E-010, 1.2059628E-030, 2.0340192E-030, 3.2527199E-030
 1.4405865E+002, 2.7114657E-026, 1.6511475E-026, 3.1824002E-025, 2.3277830E-002, 2.2487728E-006, 8.7159001E-012, 2.1151676E-001, 5.6760849E-003, 3.3637267E-008, 6.5889890E-002, 2.6502922E-004, 7.2785847E-011, 1.7095622E-005, 5.4198905E-010, 1.1009325E-017, 1.4899953E-020, 1.9434636E-022, 7.2447671E-025, 3.2094979E-044, 2.9092153E-044, 3.6936213E-044, 6.5652095E-020, 1.3281288E-021, 3.2677335E-023, 1.7218983E-001, 3.8843979E-002, 8.3063369E-003, 4.1770586E-040, 8.9889409E-042, 1.4203567E-044, 6.8575870E-025, 7.5666321E-026, 7.8775443E-028, 1.7832295E-004, 7.9638737E-004, 1.5709738E-003, 1.3112605E-022, 1.3101743E-023, 1.8983074E-025, 7.2886841E-010, 1.5620653E-009, 7.0362852E-006, 8.9683426E-031, 1.0795295E-030, 7.7796964E-030
 1.4500154E+002, 6.7310159E-026, 2.0584234E-027, 1.1105392E-026, 5.4292476E-003, 4.0302110E-008, 1.4978688E-014, 1.8566215E-001, 4.2977590E-003, 6.0112733E-007, 8.4640403E-002, 2.1146078E-004, 1.2424622E-007, 2.0713289E-006, 4.0227835E-012, 1.5322411E-018, 3.4648801E-021, 7.7968812E-023, 5.0198992E-026, 7.0795454E-046, 3.1687023E-045, 1.0966874E-045, 8.5189950E-021, 9.0014439E-023, 6.8032997E-024, 1.8784531E-001, 4.3548024E-002, 1.6793370E-003, 4.5212134E-041, 9.5456550E-043, 7.8333220E-044, 2.2843391E-025, 1.7763745E-026, 2.3824357E-028, 8.4415454E-005, 3.2949709E-004, 4.5680284E-004, 1.1575655E-023, 2.9775358E-024, 1.6303682E-025, 1.0986627E-009, 8.6975868E-008, 1.2942016E-005, 5.1861259E-031, 2.4919754E-030, 8.9174453E-029
 1.4603872E+002, 4.1152502E-027, 8.9222095E-029, 2.3318576E-027, 1.4361437E-003, 1.7930002E-007, 1.4993131E-015, 1.8584211E-001, 7.2071373E-003, 1.6164071E-007, 6.2171604E-002, 2.3737846E-004, 1.0184467E-008, 1.0300892E-008, 7.4399952E-014, 3.5603820E-019, 4.0777289E-022, 5.2964967E-024, 3.4742654E-027, 1.2048098E-046, 1.1893841E-045, 8.1709146E-046, 5.2552691E-022, 1.9720636E-023, 1.6272640E-024, 1.2076421E-001, 9.9008479E-004, 2.3585520E-004, 3.3245587E-042, 5.5800061E-044, 2.3240095E-041, 3.8216604E-026, 2.2982505E-027, 2.6100027E-029, 2.3776849E-005, 9.8162662E-004, 1.3826738E-003, 5.2251116E-024, 1.0142549E-023, 2.4544403E-025, 8.6178782E-007, 5.8189017E-006, 9.1709713E-006, 8.2007019E-031, 1.5397428E-029, 1.4992458E-027
 1.4704550E+002, 4.1777413E-029, 1.7557476E-030, 2.2626445E-028, 1.7807030E-003, 4.6233148E-008, 1.6317858E-016, 1.8350963E-001, 1.4124742E-003, 2.8197263E-009, 1.0080454E-001, 5.5089128E-004, 1.1909813E-009, 9.7513586E-010, 4.1509829E-014, 2.6238875E-019, 4.4394013E-023, 4.1765480E-025, 1.1688931E-028, 5.2055179E-046, 9.5957413E-046, 2.6227297E-046, 5.3731804E-023, 4.8868240E-024, 4.3434693E-025, 8.9091113E-002, 1.0584018E-002, 2.7754446E-005, 6.2230898E-044, 3.0194051E-043, 1.3705322E-039, 9.2934394E-027, 4.3721199E-028, 2.7906522E-029, 5.4446090E-004, 1.5825064E-003, 1.0115852E-003, 1.1158949E-023, 1.2474480E-023, 7.5152299E-025, 3.3765935E-006, 1.0505480E-005, 1.6570981E-005, 1.0435821E-030, 7.0749005E-029, 9.6671707E-027
 1.4809073E+002, 6.6243156E-031, 1.0693491E-031, 2.4304026E-030, 1.5314701E-002, 2.5860557E-009, 3.7337955E-017, 1.1942992E-001, 1.7162280E-003, 6.5267263E-010, 8.3147702E-002, 2.0041224E-004, 5.1368616E-010, 8.9770776E-009, 7.1486789E-014, 2.9975374E-019, 9.4554623E-024, 1.7442644E-026, 2.3615200E-030, 4.3443244E-046, 1.3900011E-046, 2.2463493E-047, 3.0548132E-024, 2.2283411E-024, 5.6427674E-026, 1.5922575E-001, 2.6519110E-002, 2.5616035E-004, 3.3401153E-045, 4.7737226E-043, 6.7981187E-039, 5.0406891E-027, 8.1066705E-029, 8.2574710E-029, 3.4924525E-004, 9.1085762E-004, 2.8638759E-004, 2.7682295E-023, 2.2334190E-023, 1.7705126E-024, 8.3659221E-006, 2.5221581E-005, 2.2305934E-004, 1.4277292E-029, 6.2294173E-028, 2.8541466E-027
 1.4900322E+002, 3.5201368E-032, 3.7297998E-033, 5.7770335E-032, 2.8853106E-004, 1.1621728E-010, 6.1694134E-018, 1.9744765E-001, 1.7027098E-002, 8.7600511E-007, 4.9571348E-002, 9.3164601E-005, 2.2302782E-010, 3.4158927E-011, 3.3354053E-015, 1.5095587E-019, 2.5345302E-025, 7.9891983E-028, 6.8075568E-030, 2.1026081E-046, 1.8626204E-047, 9.2491838E-048, 3.4518741E-025, 4.3156188E-025, 5.7195135E-027, 1.7405373E-001, 1.1128040E-002, 1.6831461E-003, 3.1670519E-045, 6.9670923E-043, 1.1789405E-038, 3.5036543E-027, 5.6356560E-029, 7.2153841E-030, 3.6806860E-004, 2.8986208E-004, 2.9498415E-006, 3.7444252E-023, 3.0105097E-023, 3.2158225E-024, 7.2129568E-006, 1.6466530E-005, 7.8417439E-005, 5.5371797E-029, 7.4026138E-028, 1.9782767E-027
 1.5000697E+002, 2.2595682E-032, 6.4957443E-034, 1.9094158E-033, 1.0884343E-004, 1.3213034E-010, 2.2573787E-018, 1.7324171E-001, 1.9335098E-002, 1.2802793E-006, 8.9020683E-002, 1.1265142E-004, 3.0376246E-008, 4.7317104E-014, 3.4387242E-017, 3.4191257E-020, 2.5248750E-026, 1.2545429E-028, 2.2092241E-030, 2.1542162E-047, 1.5105459E-048, 7.7054729E-049, 1.3763636E-025, 4.4775408E-026, 1.4995541E-027, 1.2436260E-001, 3.2872875E-003, 1.7186825E-004, 9.3081405E-045, 5.6044712E-043, 5.4133804E-039, 6.6265428E-028, 3.9665295E-029, 3.2838896E-031, 1.9523552E-004, 5.1051602E-005, 2.2310332E-005, 3.8467707E-023, 2.2391566E-023, 3.9935006E-024, 3.4381024E-006, 4.7061818E-006, 1.8655008E-005, 9.9255422E-029, 2.7463566E-027, 2.3621654E-026
 1.5101072E+002, 6.3810410E-031, 1.3135965E-032, 4.7629582E-035, 1.0304203E-002, 3.2409934E-008, 1.3880277E-018, 1.8925163E-001, 2.0021562E-003, 9.8156792E-008, 6.2929849E-002, 6.6088257E-004, 7.5486411E-007, 2.4543722E-016, 2.0378035E-018, 9.0438456E-020, 4.4252559E-027, 4.2599304E-028, 6.4122338E-030, 2.2346174E-048, 4.5264977E-049, 6.4433212E-049, 2.3119801E-024, 4.5921254E-025, 1.0453606E-025, 1.3001918E-001, 5.0022775E-003, 2.2181951E-005, 5.3602248E-045, 8.9325219E-043, 3.4824314E-039, 2.1078231E-028, 1.1591589E-029, 1.2286118E-031, 1.1388107E-004, 1.3503704E-004, 1.1858141E-004, 1.1324917E-023, 4.9723654E-023, 5.3765617E-024, 1.5224497E-006, 1.9109547E-006, 6.0374700E-005, 8.0299273E-028, 1.5145343E-026, 1.1554404E-025
 1.5201446E+002, 2.4746789E-031, 2.4519289E-029, 7.2018366E-035, 6.9263757E-002, 4.9445792E-007, 1.5114905E-018, 2.1035728E-001, 1.2990267E-002, 2.9095597E-006, 1.0288831E-001, 2.3485222E-003, 3.7788680E-006, 1.8222011E-017, 1.1788122E-018, 1.8293717E-020, 8.1223073E-027, 3.5849693E-027, 6.4967163E-030, 6.7800374E-049, 2.9026392E-048, 3.5546625E-049, 4.4097845E-024, 1.6797944E-024, 1.1637702E-024, 1.2709610E-001, 1.2659461E-002, 2.2047449E-005, 2.8611238E-045, 5.9313586E-043, 8.0702598E-040, 4.5140514E-029, 4.8472273E-030, 1.0667047E-031, 1.3932841E-004, 1.4700303E-004, 1.2738301E-004, 7.6311915E-024, 9.3775397E-023, 3.2797232E-024, 4.3431448E-007, 1.6008871E-006, 1.6370338E-005, 7.6006758E-027, 7.9454323E-026, 6.7783386E-025
 1.5301821E+002, 5.4847628E-032, 2.2700722E-030, 2.6028045E-034, 5.9226584E-002, 6.1724969E-008, 8.8308127E-019, 2.1250141E-001, 2.2045889E-003, 3.0004387E-006, 8.5217273E-002, 6.8122101E-004, 7.6140977E-008, 1.6641531E-017, 5.9428629E-019, 9.3263430E-021, 1.8157674E-025, 6.2965375E-027, 1.5013905E-029, 2.8307873E-048, 4.7646974E-048, 3.3525701E-049, 5.6083647E-023, 1.3605195E-023, 5.5797062E-024, 1.3510606E-001, 2.8704676E-003, 1.1086358E-006, 7.0174000E-045, 1.6879303E-043, 2.5800686E-040, 3.5519771E-030, 2.6426145E-031, 2.5373228E-032, 2.5314255E-005, 4.9882716E-005, 1.4350469E-005, 2.2849002E-023, 1.0897219E-022, 2.6635427E-024, 4.1238050E-007, 9.8690736E-007, 5.4580805E-005, 5.5978621E-026, 2.9866615E-025, 3.7633962E-024
 1.5402196E+002, 4.3795402E-031, 2.9225973E-030, 9.0859557E-033, 1.2536986E-002, 4.6085628E-009, 2.3619153E-016, 1.2950944E-001, 1.6173091E-003, 1.9525135E-008, 7.5161865E-002, 8.5630396E-004, 1.3655935E-009, 6.6748414E-016, 5.2290504E-018, 2.4916317E-020, 9.1536414E-026, 3.7664273E-027, 4.4338866E-029, 1.1150284E-047, 2.3629727E-047, 2.1397080E-049, 1.2029459E-022, 1.2708097E-022, 3.0499885E-024, 1.3974186E-001, 9.7008571E-003, 1.7331223E-005, 4.3327459E-045, 1.1395551E-043, 2.1680632E-040, 4.2655882E-031, 2.3115488E-032, 2.7025937E-033, 2.5076019E-005, 2.9116947E-006, 1.3373065E-006, 2.8900807E-023, 1.7205076E-023, 6.5191604E-025, 6.9031607E-007, 1.2252745E-005, 6.2818594E-005, 1.4634124E-025, 3.4284383E-025, 1.2288475E-023
 1.5501658E+002, 6.5612781E-031, 7.7373547E-030, 1.8562318E-029, 2.4261889E-002, 9.4982431E-008, 3.2361957E-014, 1.8664305E-001, 2.0988449E-003, 1.3338376E-010, 1.2940396E-001, 7.8899636E-003, 4.3173806E-008, 5.2962077E-014, 2.6481720E-017, 4.7591623E-018, 2.0427755E-026, 3.1025587E-027, 2.2958542E-027, 5.5951160E-047, 1.2846518E-047, 1.0261984E-048, 5.7771003E-022, 5.2777782E-021, 3.2370868E-023, 9.0771496E-002, 5.6864481E-003, 7.2913255E-005, 3.6499512E-045, 2.5801464E-044, 3.9079652E-041, 2.8682499E-032, 1.2361045E-033, 3.3479931E-033, 3.6652901E-005, 2.7831094E-005, 3.5317638E-006, 4.2471173E-023, 5.4651152E-024, 1.3199414E-025, 3.9353621E-006, 1.0652628E-005, 1.2353342E-005, 2.0595452E-025, 3.9058066E-025, 7.3233116E-023
 1.5601995E+002, 5.7356716E-031, 4.3049560E-030, 3.5829799E-026, 1.4052378E-001, 2.0078038E-007, 7.8060778E-013, 2.1294128E-001, 1.1673255E-002, 8.8095498E-009, 7.0636290E-002, 1.5813277E-002, 4.2217284E-007, 5.0612725E-015, 1.0747345E-015, 1.9089726E-016, 3.9459796E-027, 3.2913845E-027, 2.8180625E-027, 1.5055142E-045, 9.0430574E-047, 1.0164547E-047, 6.3666810E-020, 3.3645603E-020, 1.2882119E-022, 1.1249897E-001, 9.6662637E-003, 1.4182600E-004, 6.9869198E-046, 3.8772432E-045, 3.4938789E-042, 2.0025219E-033, 2.1751186E-034, 6.8984347E-032, 2.6725760E-004, 2.9052979E-004, 1.9946191E-005, 1.7336345E-023, 1.5785632E-024, 5.5396079E-027, 4.6462667E-007, 1.9505072E-006, 3.5113503E-005, 1.4426898E-025, 1.4052048E-024, 3.9872703E-022
 1.5704699E+002, 1.2309592E-029, 1.9185820E-028, 8.6367223E-025, 1.0985760E-001, 1.0018743E-007, 1.2897524E-010, 1.6634238E-001, 3.5002818E-003, 3.6980363E-009, 8.5168538E-002, 4.6487101E-003, 3.8172998E-007, 4.3673036E-016, 1.4922803E-015, 1.4271591E-015, 6.5007060E-027, 7.2977213E-027, 9.6548834E-028, 1.4822973E-043, 3.2418298E-045, 7.0100363E-047, 3.6037745E-019, 4.6422127E-021, 2.8739761E-022, 1.5835487E-001, 1.4635470E-002, 6.7445242E-005, 6.9125012E-047, 2.8110714E-046, 4.8229208E-043, 1.0396692E-034, 5.3849214E-034, 1.2090316E-031, 1.7894189E-003, 4.7890783E-004, 1.5069052E-005, 3.9332280E-024, 1.9442162E-025, 3.7487996E-028, 3.9529511E-006, 2.1220206E-005, 3.1346935E-005, 4.3045506E-025, 3.4870614E-023, 3.7323387E-021
 1.5801258E+002, 3.8385830E-029, 1.4893877E-027, 2.7486866E-025, 1.7376202E-001, 1.4577271E-007, 6.5880225E-011, 1.7743898E-001, 2.0503508E-003, 1.1651475E-010, 1.9202304E-001, 6.7560628E-003, 2.0860148E-008, 3.3597030E-016, 8.6943218E-016, 1.0559939E-015, 4.8590320E-027, 6.2510945E-027, 2.1806306E-028, 9.4621591E-043, 6.8838071E-044, 1.2423345E-046, 7.5031261E-019, 4.0566965E-020, 1.3209098E-022, 1.8189883E-001, 2.3376981E-002, 9.4555812E-004, 4.4625645E-048, 2.5337305E-047, 2.7386237E-044, 1.7448290E-035, 2.4807150E-034, 2.7420481E-032, 2.9121593E-003, 8.6903084E-004, 2.8523505E-006, 7.3631709E-025, 3.0559069E-026, 3.7719629E-029, 7.0281165E-006, 1.0281905E-005, 3.0968428E-005, 2.8991735E-023, 5.9488178E-022, 2.3810864E-020
 1.5907473E+002, 1.1001205E-028, 9.4971463E-027, 3.9939362E-025, 9.9807518E-002, 1.0041353E-005, 1.1938729E-010, 8.6958074E-002, 4.8563510E-004, 3.3855338E-011, 2.2585093E-001, 1.5066419E-002, 5.9763500E-008, 1.9254087E-015, 3.7429546E-016, 2.2939291E-016, 5.7919587E-028, 1.5630399E-027, 1.4191015E-028, 1.7113475E-042, 1.4470546E-043, 6.2991418E-047, 2.1241204E-018, 4.9907572E-019, 1.6334776E-023, 1.4163873E-001, 1.2646125E-002, 3.1328946E-004, 5.5876321E-049, 1.2080720E-048, 1.3523365E-045, 2.5573780E-035, 2.0907890E-034, 1.2932601E-032, 4.4905316E-003, 1.1553464E-003, 2.0800119E-005, 2.4859932E-025, 4.1640821E-027, 2.4271647E-030, 1.7969721E-006, 2.6534349E-006, 2.4172067E-005, 9.5186003E-022, 8.1447418E-021, 1.3588847E-019
 1.6004033E+002, 9.5668941E-028, 1.6501913E-024, 1.0829285E-023, 7.7388783E-002, 1.0797328E-005, 1.2282601E-011, 5.5810602E-002, 7.7461029E-005, 2.7708661E-011, 1.5897663E-001, 3.0666400E-003, 1.0912446E-007, 9.5733195E-014, 5.9388582E-015, 9.0879025E-016, 1.6662768E-028, 9.8331108E-029, 7.6167022E-030, 5.0544742E-043, 9.2907840E-045, 8.7348459E-048, 1.5408081E-017, 7.3121060E-020, 1.3007083E-024, 1.0951957E-001, 2.5458481E-003, 4.0448518E-005, 8.8777109E-051, 5.9389798E-050, 7.8799290E-047, 4.7422444E-035, 2.1190907E-034, 2.9860676E-032, 5.5525195E-003, 1.3628255E-003, 5.7392615E-006, 2.0088469E-026, 1.2484855E-028, 8.6497013E-032, 6.8577650E-007, 2.2423821E-006, 2.2914257E-006, 1.5120348E-020, 8.1360392E-020, 8.0595796E-019
 1.6100592E+002, 2.2370479E-027, 4.3587594E-025, 6.5401525E-024, 1.0876390E-001, 1.5520338E-006, 2.8926066E-013, 3.4913512E-002, 2.3241109E-005, 7.0042077E-012, 1.3539680E-001, 6.5115245E-003, 3.4702977E-006, 3.2090877E-008, 2.5358011E-013, 9.4021082E-017, 6.5701244E-027, 1.6195348E-028, 3.7142072E-031, 1.7637472E-043, 1.5943677E-044, 1.3849033E-047, 7.2383707E-018, 2.7575441E-020, 1.2255691E-023, 1.0096614E-001, 1.0954720E-002, 2.5981345E-005, 4.7152533E-052, 3.3232241E-050, 4.1469673E-047, 1.5772477E-034, 1.6309762E-033, 1.0222847E-031, 4.6919402E-003, 1.6730208E-003, 1.5789062E-005, 2.3477137E-027, 1.0185115E-029, 1.4404461E-032, 8.1385333E-007, 1.7479276E-006, 1.0789379E-005, 1.0329491E-019, 6.0402711E-019, 6.8756478E-018
 1.6206807E+002, 3.6681432E-027, 1.3341315E-025, 6.9687045E-025, 2.8323676E-002, 3.0284363E-007, 2.4230242E-015, 9.6503095E-002, 2.5982880E-004, 8.9783239E-011, 1.7811141E-001, 4.6565152E-003, 1.4822656E-003, 8.5531372E-007, 1.8100814E-008, 2.2899986E-017, 6.8805281E-026, 6.6699589E-028, 2.3114616E-032, 1.4832636E-044, 1.1857249E-044, 9.4136658E-047, 2.6713167E-018, 5.3393580E-020, 6.5587254E-024, 1.3131860E-001, 1.5559878E-002, 2.8797989E-005, 9.1692178E-053, 1.6418494E-050, 1.7502745E-047, 6.1298500E-034, 8.8685131E-033, 1.4898154E-031, 4.9816470E-003, 2.6074792E-004, 7.2566343E-007, 1.0943517E-027, 8.4319076E-030, 2.1081409E-031, 3.4816222E-007, 7.7366629E-007, 1.0462550E-005, 2.4806903E-019, 2.0674331E-018, 4.4722772E-017
 1.6303366E+002, 3.4996297E-024, 1.7122741E-023, 5.9997903E-026, 1.6288262E-002, 4.4887272E-008, 1.4199377E-016, 7.4646515E-002, 1.0259051E-004, 1.1617616E-010, 1.2810687E-001, 2.0290453E-003, 3.7621010E-004, 7.2173818E-003, 2.8097971E-007, 4.5944960E-018, 3.5746039E-025, 1.2208704E-027, 9.8148311E-031, 3.9684943E-044, 1.0869132E-044, 2.9566433E-047, 7.6553861E-019, 4.8427294E-021, 6.1444056E-025, 1.2203860E-001, 4.2728994E-003, 8.0014777E-006, 7.2681986E-053, 1.2324608E-050, 4.1077995E-048, 6.1089466E-034, 5.3521432E-033, 2.0045635E-031, 1.0146628E-002, 5.9064849E-004, 5.8037543E-007, 1.7122241E-028, 9.2304317E-031, 7.6494866E-031, 2.3218258E-007, 1.1234058E-007, 7.3307262E-006, 1.2143435E-018, 4.8029037E-018, 2.7734760E-016
 1.6409581E+002, 2.6756559E-023, 1.8836998E-023, 4.8337983E-027, 3.7794392E-003, 8.4771903E-009, 1.6433022E-017, 8.8270902E-002, 6.9124864E-005, 2.5937620E-012, 1.0252629E-001, 9.7003542E-004, 2.6418848E-006, 5.7411640E-002, 2.9711049E-007, 1.1591165E-017, 4.4146291E-025, 2.5972470E-028, 2.4651256E-029, 2.1191338E-044, 5.1076050E-045, 1.8004526E-047, 8.1378421E-020, 2.8323364E-021, 4.5310439E-025, 8.3768432E-002, 9.9729574E-003, 3.5625137E-006, 2.5180028E-053, 4.7723540E-052, 1.9059579E-048, 1.5244276E-032, 1.9622045E-031, 1.1624124E-031, 1.1468056E-002, 3.4435670E-003, 1.6700970E-005, 1.4385032E-029, 2.4931901E-030, 7.7167535E-030, 3.7588596E-007, 1.7838351E-006, 6.6500061E-006, 6.2861208E-018, 2.8258312E-017, 5.1657868E-015
 1.6506140E+002, 2.4088512E-024, 1.3241529E-024, 1.4632315E-027, 1.1730924E-004, 6.7047070E-010, 1.4647828E-017, 1.0970756E-001, 8.0992390E-004, 4.6478992E-011, 1.4758705E-001, 2.6898994E-003, 8.5989988E-009, 6.7303522E-002, 6.7372804E-008, 4.9084045E-017, 1.2695818E-025, 4.7793408E-028, 1.8864358E-028, 1.1646765E-044, 4.9320867E-046, 7.2443495E-048, 1.1073601E-020, 3.6921379E-022, 4.5513298E-025, 8.6239897E-002, 1.1588156E-002, 8.6833175E-006, 6.4272972E-051, 6.2006894E-048, 2.8493324E-045, 3.4563391E-032, 1.6585008E-031, 1.3652308E-032, 1.5859027E-002, 5.0699140E-003, 5.4114086E-005, 1.6437503E-029, 5.3291875E-028, 7.5858020E-028, 5.8031461E-007, 1.5799049E-006, 2.2990151E-005, 8.9054192E-018, 2.5569051E-016, 1.8372325E-014
 1.6602699E+002, 1.3040641E-025, 1.7092298E-025, 1.1362182E-028, 1.6075468E-006, 1.8979798E-011, 3.1383672E-017, 7.8752688E-002, 2.5624810E-004, 3.4661297E-010, 1.2321325E-001, 6.8585074E-003, 1.4376042E-008, 1.5490410E-001, 1.6085652E-006, 3.1469569E-016, 1.0720442E-026, 1.7505597E-027, 1.4286974E-028, 9.7432155E-046, 5.1630466E-046, 3.8311103E-048, 6.4758046E-021, 2.7216278E-021, 9.9675355E-025, 5.8584494E-002, 3.8771899E-003, 2.9559580E-005, 3.7393202E-048, 6.5687157E-046, 1.8293435E-043, 1.5615008E-032, 1.0401618E-031, 2.0236135E-031, 7.3872402E-003, 1.3540019E-003, 1.5518283E-004, 1.1766629E-027, 4.2549080E-026, 1.0250427E-025, 4.1566162E-007, 4.7626676E-007, 8.7279712E-005, 9.7260911E-018, 6.3972382E-016, 6.7756485E-015
 1.6708914E+002, 3.0882503E-026, 1.1568288E-025, 2.5897485E-030, 1.3424751E-007, 2.7381949E-013, 1.7056321E-017, 8.3764477E-002, 2.4436828E-004, 1.9915037E-011, 1.0762956E-001, 1.0518316E-002, 1.5168905E-007, 6.5815332E-002, 2.0493225E-006, 6.9182052E-016, 6.6837617E-027, 3.5147817E-027, 2.8738559E-028, 1.3565850E-045, 9.4946042E-046, 1.4325268E-048, 6.5915709E-020, 1.4967809E-020, 3.4078865E-024, 4.0984745E-002, 2.4643842E-002, 1.1927069E-003, 1.3234045E-045, 3.7584623E-044, 9.5383489E-043, 3.2193471E-032, 9.9023992E-032, 2.9008789E-031, 9.4460816E-003, 5.5244667E-004, 6.5212199E-005, 6.9396703E-027, 1.3166432E-024, 8.4793927E-024, 2.1867901E-005, 1.3354145E-004, 4.4139043E-004, 2.9646186E-017, 8.4985408E-016, 3.6306344E-015
 1.6805473E+002, 8.5712326E-026, 4.2446706E-026, 1.2696245E-030, 1.9880820E-009, 1.9083519E-015, 6.7551535E-019, 6.4853636E-002, 1.7839545E-004, 5.2346013E-011, 1.7630836E-001, 2.7983959E-003, 6.0578159E-005, 4.6815297E-002, 9.5096436E-007, 3.9093438E-016, 2.7839282E-026, 1.6774647E-027, 6.6026613E-028, 1.0506018E-045, 5.5539565E-046, 1.0883037E-048, 7.3992286E-020, 1.4541711E-021, 4.3623135E-025, 1.4006739E-001, 4.2749016E-002, 2.1351857E-003, 8.7614809E-045, 1.7212543E-043, 4.7188102E-042, 1.8425192E-031, 2.3740869E-032, 2.0554667E-032, 7.3981237E-003, 3.0494070E-004, 4.8119157E-005, 1.2447875E-025, 7.1812722E-024, 2.9705008E-023, 4.1308311E-005, 1.5194622E-004, 4.3680155E-004, 7.3099848E-017, 2.8859348E-016, 1.4373270E-015
 1.6902033E+002, 3.2343738E-026, 2.9638767E-027, 9.9514127E-032, 6.7951595E-012, 4.5289570E-017, 2.5715469E-020, 6.1992757E-002, 3.1322428E-004, 5.2673120E-011, 5.3840969E-002, 1.9567190E-004, 6.0380126E-006, 6.1319628E-002, 5.6816796E-008, 1.5625884E-016, 1.2270008E-026, 6.8620006E-028, 3.4992947E-026, 7.1297876E-046, 2.5794080E-045, 1.5099785E-048, 4.7855667E-020, 2.7542274E-021, 2.0439953E-025, 2.0003219E-001, 2.4323851E-002, 3.5906759E-004, 1.1053573E-045, 2.8545635E-044, 1.1813278E-041, 6.9163988E-031, 6.4292141E-032, 1.7525421E-033, 2.3077204E-003, 9.0507746E-005, 7.4326430E-007, 1.4478620E-024, 2.5720847E-023, 8.9648536E-022, 1.7351557E-005, 2.5080429E-004, 8.2150754E-004, 4.4051434E-017, 7.4121054E-017, 1.1555187E-015
 1.7008248E+002, 6.3126947E-027, 8.8508596E-029, 1.9517773E-032, 1.5190947E-014, 8.2681229E-018, 9.9122988E-022, 1.2771201E-001, 5.4959810E-004, 3.0220395E-010, 5.6189986E-002, 9.0458096E-004, 6.6677653E-009, 3.4730572E-002, 8.4570482E-008, 8.2060619E-017, 2.5970637E-025, 1.0883013E-026, 6.4227410E-025, 4.8108028E-046, 8.3428914E-046, 1.5530025E-048, 1.3518807E-019, 1.0199268E-021, 1.5338448E-025, 1.4984469E-001, 5.3316629E-003, 1.7744744E-004, 9.1326369E-047, 4.6354239E-045, 5.6994700E-042, 3.5710416E-031, 5.3785250E-032, 2.2425533E-034, 1.0288799E-003, 2.3533541E-004, 3.0884296E-006, 1.3696984E-024, 5.7464160E-023, 1.1863696E-020, 8.4171330E-004, 1.5105655E-003, 1.7471038E-003, 1.3582815E-017, 2.3494752E-017, 5.1920251E-016
 1.7104807E+002, 2.3472006E-027, 1.4950105E-029, 1.4468032E-030, 4.6599388E-015, 3.0673141E-018, 1.1272308E-019, 1.1242325E-001, 4.3331659E-004, 6.6335879E-009, 4.4818938E-002, 5.1790105E-003, 2.9364466E-008, 1.5904544E-003, 3.5541649E-009, 8.3853361E-017, 1.2818782E-024, 4.3542311E-026, 1.7974081E-024, 2.5205916E-046, 8.5105960E-047, 1.4648191E-049, 3.9910667E-020, 3.4919194E-022, 1.0601063E-025, 9.4041048E-002, 1.4742808E-003, 2.7257888E-005, 2.0394583E-047, 3.4295056E-045, 3.3557446E-042, 8.8036787E-032, 5.4947617E-033, 7.3723468E-036, 3.1746278E-003, 2.0414414E-004, 1.8116834E-005, 2.0930978E-023, 1.9225570E-021, 1.8771214E-019, 1.1905467E-003, 2.8207150E-003, 1.8459975E-003, 5.6436594E-018, 2.2734216E-017, 2.6229017E-016
 1.7201366E+002, 8.8882321E-028, 1.2268188E-028, 2.9086002E-027, 1.3786211E-013, 4.8503599E-018, 1.0661708E-017, 1.1620356E-001, 6.2525121E-003, 2.4497971E-008, 1.0872688E-001, 9.6466329E-003, 1.2624525E-006, 6.3216177E-005, 4.0207987E-010, 2.9250094E-016, 5.9825296E-023, 2.1769522E-024, 2.6109656E-023, 7.8424453E-047, 8.3443314E-047, 1.8071497E-050, 3.2677404E-020, 4.8041438E-022, 1.4127474E-025, 3.5231684E-002, 5.2569922E-004, 4.7081831E-007, 1.0402389E-044, 6.1708228E-043, 4.8815789E-041, 2.6421110E-032, 1.6195563E-033, 4.6370886E-037, 2.7572225E-003, 3.0644314E-004, 2.3821764E-005, 9.5762225E-023, 3.7629425E-021, 8.3882194E-020, 2.2650574E-003, 3.4163628E-003, 2.8198933E-003, 2.5709502E-018, 1.7568437E-017, 1.3145679E-016
 1.7307581E+002, 1.6486882E-028, 3.5406960E-026, 1.4778308E-025, 2.2384222E-011, 9.0122768E-017, 3.9891948E-017, 1.2420948E-001, 4.7994841E-003, 9.3558363E-008, 1.6494707E-001, 6.3521607E-003, 2.2934624E-005, 3.0202331E-005, 2.9911732E-011, 2.8496914E-011, 6.8478648E-023, 8.8650084E-024, 3.6400213E-022, 2.9085746E-046, 2.6934996E-047, 1.0847889E-050, 2.0795532E-019, 6.4678110E-022, 1.8628508E-024, 5.7086117E-002, 8.6669139E-004, 3.9792047E-008, 6.7414099E-044, 6.6988875E-042, 1.3309453E-040, 4.7025670E-033, 6.0400328E-034, 1.3699176E-036, 1.2645468E-003, 2.7085828E-003, 5.4804172E-004, 1.8665335E-023, 3.9645756E-022, 8.6285969E-021, 4.2561398E-003, 3.7188492E-003, 6.8564052E-003, 1.4058144E-018, 6.9075038E-018, 2.5022275E-017
 1.7404140E+002, 2.4952165E-027, 1.1292453E-025, 1.2923889E-025, 7.3405188E-010, 1.3393312E-015, 9.2420171E-017, 1.1281369E-001, 2.7531608E-003, 2.4210272E-008, 1.7948746E-001, 4.7816508E-003, 1.2545489E-006, 1.3105507E-005, 1.2930084E-010, 1.4581227E-009, 1.2534352E-022, 4.5722000E-021, 8.5651509E-022, 8.8696184E-047, 5.2935614E-048, 8.0310101E-052, 4.6942370E-020, 1.8087697E-021, 4.5460994E-024, 6.4925381E-002, 1.4275395E-003, 9.9778792E-006, 2.5537405E-043, 1.5127644E-041, 2.2511681E-040, 4.6913801E-034, 5.3579176E-035, 1.8255774E-036, 5.9074632E-003, 2.2526689E-003, 2.9000419E-003, 1.0892142E-023, 3.8170515E-023, 4.1202865E-021, 4.7630571E-003, 5.6557269E-003, 4.6393366E-003, 6.0876098E-019, 1.3602200E-018, 4.4221383E-018
 1.7500699E+002, 1.4286721E-025, 6.1076991E-025, 9.2815492E-026, 5.5655148E-010, 1.0293284E-014, 1.3417625E-015, 1.5680998E-001, 1.8230011E-003, 3.2009211E-008, 2.1079001E-001, 4.2972651E-003, 8.0758670E-008, 7.5827668E-004, 5.1557550E-007, 2.7933840E-010, 3.9847731E-021, 6.2064535E-020, 1.3871249E-021, 1.2370520E-046, 6.1120066E-049, 2.4739943E-052, 6.6106051E-020, 7.1170630E-021, 4.4016006E-024, 2.8463383E-002, 4.2330085E-003, 8.1490554E-005, 4.3350518E-043, 8.1280252E-042, 5.5301134E-040, 3.1679395E-035, 2.0785418E-036, 1.2939751E-036, 2.0290230E-002, 1.9505993E-002, 1.1056765E-003, 1.5959745E-023, 1.1409741E-022, 1.4351297E-020, 4.2702947E-003, 5.7082345E-003, 3.7540370E-003, 3.0056789E-019, 2.3236479E-019, 7.1997721E-019
 1.7603643E+002, 2.0019667E-023, 1.2014399E-023, 3.8168851E-025, 6.0569860E-009, 1.2607464E-013, 4.6743207E-016, 1.7975154E-001, 3.2741865E-004, 3.6979382E-010, 1.7311999E-001, 2.4284759E-003, 5.5115880E-008, 7.8092824E-002, 5.1987713E-007, 6.3392450E-009, 6.2392844E-020, 1.3662660E-019, 1.2311802E-021, 1.0691506E-047, 4.1900908E-050, 2.0972920E-049, 7.0694858E-019, 1.5323821E-019, 4.5732552E-023, 8.2388213E-002, 3.6527398E-002, 1.7824936E-004, 1.2168508E-043, 2.5851345E-042, 7.2997383E-041, 1.4622410E-036, 6.7473225E-037, 3.6300092E-036, 4.6810620E-002, 2.4801984E-002, 5.1131398E-003, 9.9445456E-023, 1.5222008E-021, 1.9026093E-020, 7.1877017E-003, 6.7458742E-003, 5.0030745E-003, 1.2639015E-019, 3.9615603E-020, 1.9071855E-019
 1.7704014E+002, 1.2795452E-022, 1.8334893E-023, 8.3175110E-026, 2.7261254E-006, 2.1035840E-011, 4.8181696E-015, 6.9323561E-002, 1.1800599E-004, 1.0529936E-010, 5.7851258E-002, 1.2372969E-004, 5.7937828E-007, 1.7936284E-001, 2.6469738E-005, 6.0593246E-008, 1.6652088E-019, 2.0433097E-019, 2.9620153E-021, 1.4069139E-049, 7.2675983E-050, 1.2347903E-045, 9.6700815E-019, 2.1659722E-019, 1.1868575E-022, 1.1314234E-001, 3.0755897E-002, 4.2627536E-005, 3.4826518E-044, 1.2118187E-042, 5.1823572E-041, 8.1494494E-037, 5.3362446E-036, 1.0578594E-035, 3.3016159E-002, 5.7458199E-003, 9.5746300E-004, 2.4812917E-021, 6.5996050E-021, 5.2710692E-021, 7.9142539E-003, 7.7827778E-003, 5.3523948E-003, 3.6023011E-020, 7.9379399E-021, 2.7340480E-019
 1.7807816E+002, 2.0176804E-022, 2.7749588E-022, 4.9007076E-025, 2.4823723E-004, 4.3345097E-009, 9.6666873E-015, 8.2799082E-002, 1.3705509E-004, 3.4180088E-011, 4.4746106E-002, 4.3414549E-005, 1.2085747E-008, 9.7719330E-002, 3.5870105E-005, 6.5263976E-009, 3.6774924E-019, 7.3817686E-020, 1.6879073E-021, 3.7998448E-050, 5.8716865E-047, 1.3568868E-042, 1.2318444E-018, 3.3335588E-020, 1.7957045E-022, 1.4485988E-001, 2.6502731E-002, 1.1914726E-003, 5.3039956E-044, 2.4229972E-042, 1.2590554E-040, 3.1307261E-036, 1.4144772E-035, 9.3637562E-036, 1.2650996E-002, 4.4608387E-003, 3.5119634E-005, 1.1737838E-020, 5.6024119E-021, 1.1696942E-021, 9.6810750E-003, 9.2509324E-003, 5.9701898E-003, 7.0656949E-021, 1.9560745E-020, 6.5624507E-019
 1.7902181E+002, 6.3921727E-022, 1.9770217E-021, 5.4130845E-023, 6.3423066E-003, 3.2062886E-008, 8.8947311E-016, 3.9446008E-002, 3.8258762E-005, 1.1544518E-011, 1.2156622E-001, 2.0632355E-003, 2.5781981E-005, 5.4558131E-003, 3.8381442E-007, 1.5233965E-011, 1.8144311E-018, 1.7688563E-019, 9.9240868E-021, 1.3108700E-047, 3.0543151E-045, 5.9967359E-042, 1.0918472E-017, 3.9714259E-019, 8.5355722E-022, 1.5909798E-001, 1.6419284E-002, 6.1930990E-004, 5.2432734E-044, 8.9436429E-042, 5.7059896E-041, 1.2241289E-036, 1.5310968E-036, 2.2477350E-036, 1.7542910E-002, 7.3658072E-003, 1.0493281E-004, 1.6809344E-020, 2.6177899E-021, 1.3763016E-021, 1.0194566E-002, 5.6259318E-003, 6.0646329E-004, 1.9869171E-020, 1.3752569E-019, 4.1387159E-019
 1.8005983E+002, 8.1740891E-020, 9.9584774E-021, 1.5187308E-022, 2.0956703E-003, 1.5023232E-008, 2.7318238E-016, 2.8418935E-002, 1.0408764E-005, 2.1949724E-009, 1.4725033E-001, 7.0808439E-003, 1.4290488E-005, 4.1045633E-003, 2.7120761E-006, 2.1277209E-014, 1.7056700E-018, 5.6649455E-019, 1.6585116E-020, 6.3602659E-047, 3.5084885E-045, 1.0513688E-042, 6.2540452E-018, 6.4305147E-019, 5.9537846E-021, 1.7117040E-001, 1.5320759E-002, 2.8427333E-005, 6.3717428E-044, 1.3815962E-041, 1.3092901E-041, 5.2389091E-036, 9.8995144E-037, 1.4746666E-037, 1.5615289E-002, 2.1708740E-003, 1.9569620E-004, 4.6836088E-021, 1.7290232E-021, 6.5820017E-021, 1.0382932E-002, 1.2311780E-003, 4.3423392E-004, 3.8920295E-020, 2.7542607E-019, 1.6570380E-019
 1.8100349E+002, 1.9735802E-018, 4.6958328E-021, 2.9255992E-023, 6.1799475E-004, 6.4626745E-009, 1.7444413E-017, 3.4244117E-002, 4.9436763E-005, 6.2157908E-007, 1.5003104E-001, 1.2270560E-002, 7.5425385E-008, 2.5635010E-004, 2.1685155E-005, 4.0437900E-013, 3.1215344E-018, 9.9182773E-019, 1.6933894E-020, 1.2708422E-044, 2.4757415E-043, 2.3454771E-041, 9.8564727E-019, 6.0007184E-019, 1.2525719E-019, 1.6240921E-001, 1.0324067E-002, 2.8289776E-005, 3.2247156E-042, 1.1125666E-041, 9.3814442E-043, 8.9974305E-036, 1.6314909E-036, 6.5142481E-038, 1.3777779E-002, 5.4816022E-003, 7.5304434E-004, 1.0417708E-021, 2.1793028E-021, 2.1751656E-020, 4.0694244E-003, 1.5393931E-003, 8.5341228E-004, 5.6433187E-020, 1.4828661E-019, 1.2595574E-019
 1.8204151E+002, 9.7646417E-019, 9.3092839E-021, 1.6406221E-024, 1.1157055E-004, 2.8996694E-009, 5.2314233E-019, 6.3815424E-002, 3.5351486E-004, 4.5927932E-005, 3.1051540E-001, 2.1821867E-002, 2.9859642E-008, 8.0717170E-006, 3.8373664E-007, 2.8331687E-011, 1.1593962E-017, 2.6639845E-018, 2.0853469E-019, 1.1565979E-043, 3.1671601E-041, 4.6950185E-039, 3.9105167E-019, 5.3193552E-019, 3.5440883E-019, 1.5567487E-001, 1.9014373E-002, 2.4358001E-004, 4.0483995E-041, 2.2357284E-041, 3.3254645E-044, 1.4397145E-036, 6.6969892E-037, 6.6525121E-037, 1.5118199E-002, 1.0136395E-002, 2.2864114E-004, 4.9077405E-022, 3.5411378E-021, 3.1310929E-020, 8.8007857E-004, 9.6577869E-004, 2.9593552E-003, 3.5036013E-020, 4.8405369E-020, 3.2751752E-020
 1.8307952E+002, 1.2216760E-019, 1.3809338E-021, 8.0377050E-026, 1.6752214E-007, 5.3897891E-012, 3.3655106E-020, 6.6963696E-002, 1.7327156E-004, 1.7434986E-005, 2.6808704E-001, 2.5602524E-002, 8.7104245E-007, 7.3208190E-006, 3.3027257E-006, 4.3512449E-012, 4.4327212E-017, 8.3033772E-018, 2.4912744E-019, 2.5781596E-043, 2.1609746E-041, 1.2458585E-038, 9.6418378E-020, 2.6098677E-018, 3.4813499E-019, 1.3683002E-001, 6.0602584E-003, 9.0312060E-005, 4.7247426E-041, 1.2770427E-041, 4.4196742E-044, 1.1391357E-037, 1.4705545E-036, 4.7243495E-035, 1.2313857E-002, 5.0781267E-003, 4.4058538E-004, 1.4203426E-021, 3.9743472E-021, 1.6993289E-020, 3.2763376E-004, 1.8297695E-003, 2.7577270E-003, 2.5301339E-020, 1.8045756E-020, 9.4170172E-021
 1.8402318E+002, 4.8400443E-021, 1.9376570E-023, 1.4325223E-027, 3.0706080E-010, 7.6615420E-015, 2.0725147E-020, 2.9922011E-002, 3.9607026E-004, 1.3934228E-005, 2.3903105E-001, 3.2822218E-002, 2.2884680E-006, 8.7477803E-005, 1.8598110E-005, 2.0230331E-012, 5.5103978E-017, 1.2282118E-017, 7.9553502E-020, 4.9717250E-043, 1.6812101E-041, 3.2467543E-039, 2.8193556E-020, 2.0169171E-018, 1.4596036E-019, 1.2203208E-001, 3.5971009E-003, 4.9480720E-004, 1.2586463E-041, 1.8881032E-042, 1.3923043E-044, 1.5192370E-037, 2.2130639E-035, 6.5880920E-035, 1.3056429E-002, 7.0320479E-003, 9.4724823E-004, 1.9022602E-020, 4.7472568E-020, 1.6391047E-020, 9.2600323E-004, 2.1936496E-003, 1.9267491E-003, 2.0429642E-020, 5.3008251E-021, 7.2440302E-021
 1.8506120E+002, 1.1022370E-022, 2.0934577E-024, 5.8269132E-029, 8.4393348E-013, 2.9999414E-016, 1.8793362E-020, 2.3297238E-002, 5.1283121E-006, 6.4611697E-006, 4.7908901E-002, 3.6580993E-002, 9.9943584E-005, 6.8902828E-006, 4.8918035E-006, 5.3693895E-014, 3.6341577E-017, 4.9246253E-018, 5.2717223E-020, 1.0291410E-043, 1.4168485E-042, 1.9605548E-040, 4.0679910E-018, 4.2266350E-018, 2.0439422E-019, 1.5392224E-001, 3.1845925E-002, 3.3216218E-003, 1.2271378E-042, 8.1762325E-044, 6.7625967E-046, 1.8464432E-037, 1.1795085E-035, 1.0491924E-034, 2.0968212E-002, 4.1338589E-003, 1.5154128E-003, 1.6505407E-019, 4.0156503E-019, 1.1941484E-020, 9.8015282E-004, 4.3421618E-003, 1.3751517E-003, 1.4931512E-020, 2.1584892E-021, 5.4268293E-021
 1.8600485E+002, 9.7853505E-024, 2.5388242E-025, 5.7506908E-030, 2.1409985E-015, 1.3387514E-017, 6.4701475E-021, 1.1011613E-002, 7.9816393E-007, 7.5572367E-007, 1.8208700E-002, 1.5429373E-003, 1.1964075E-005, 3.7758131E-007, 6.6556895E-009, 2.0178878E-015, 5.7231231E-018, 5.9542939E-019, 1.3816994E-020, 1.4301942E-043, 3.9428430E-043, 6.1136310E-042, 7.4475556E-017, 6.1712719E-017, 2.7866222E-019, 1.6820195E-001, 3.2832619E-002, 1.8480251E-003, 1.5544077E-043, 5.0603688E-045, 9.1254358E-047, 1.0864671E-037, 2.7541306E-036, 2.6309778E-035, 1.7563888E-002, 5.0262583E-003, 2.7747162E-003, 5.5330141E-019, 1.2142463E-018, 1.0404916E-020, 1.5666660E-003, 2.2351724E-003, 5.1368477E-004, 5.0293749E-021, 1.1838641E-021, 2.8649628E-021
 1.8704287E+002, 8.0600317E-025, 2.4189510E-026, 1.6276561E-030, 1.0162316E-016, 6.2842612E-019, 2.2156435E-021, 4.7445236E-003, 3.1568115E-007, 1.1254621E-008, 7.6214305E-004, 6.0763956E-005, 2.5108732E-007, 3.5643648E-008, 1.4718297E-011, 4.5547403E-017, 1.8955231E-018, 8.4922067E-020, 7.4645815E-022, 5.2401036E-043, 4.7664734E-044, 1.3721790E-043, 2.4204711E-016, 1.3231789E-016, 9.5408554E-018, 1.7287572E-001, 2.3562649E-002, 8.5561846E-004, 1.3921368E-044, 4.7443401E-046, 9.6891647E-044, 1.9499226E-038, 2.2782496E-037, 3.7731100E-036, 2.8169100E-002, 1.0312659E-002, 5.5287316E-003, 1.5858727E-018, 1.2113407E-018, 4.4510249E-019, 2.4347722E-003, 1.1215569E-003, 2.6722748E-004, 1.8405148E-021, 4.6321006E-022, 1.5616907E-021
 1.8808089E+002, 3.6295319E-026, 1.5441553E-027, 1.7935381E-031, 4.2118865E-018, 3.9514918E-020, 2.2416225E-022, 1.7294477E-003, 2.5804794E-009, 8.0576481E-012, 2.2895435E-005, 1.3938495E-007, 1.8236265E-009, 4.6460238E-008, 5.7841421E-013, 8.6714954E-018, 3.6022280E-019, 1.4489874E-020, 5.2106043E-023, 2.3053217E-043, 1.9674967E-044, 1.0844931E-044, 5.1344720E-015, 1.1070128E-014, 3.4227226E-017, 2.0312543E-001, 5.4107687E-002, 3.6150694E-003, 1.9454571E-045, 6.8340910E-043, 1.9622173E-041, 3.2525339E-038, 2.2329668E-037, 2.6487022E-037, 2.7126900E-002, 1.2368882E-002, 3.9732750E-003, 5.6155307E-018, 3.0233468E-018, 5.0387083E-018, 3.7494271E-003, 1.8805447E-003, 4.9262423E-004, 4.2791934E-022, 1.5324189E-022, 9.8994794E-022
 1.8902455E+002, 2.3032624E-027, 1.3885583E-028, 1.3894077E-032, 1.4042108E-019, 9.8772489E-022, 1.7604575E-023, 2.0881934E-005, 4.8774593E-010, 1.9437461E-014, 1.0262329E-007, 9.5105501E-010, 9.0667860E-012, 1.2356536E-007, 2.8857105E-012, 3.3870478E-018, 4.6970552E-020, 9.1650388E-022, 3.2849393E-024, 3.3902771E-045, 5.6270727E-045, 4.4930562E-045, 1.7475306E-013, 5.0582846E-015, 2.6372181E-017, 1.4257907E-001, 1.8737843E-002, 2.0793126E-004, 1.4037299E-042, 5.9381307E-040, 1.6306254E-039, 1.3322217E-037, 4.1937595E-037, 2.3169501E-037, 1.5117183E-002, 1.0253127E-003, 2.0022880E-004, 3.3285390E-017, 1.0535294E-015, 9.9130473E-018, 3.6815670E-003, 1.5843743E-003, 1.0551550E-003, 5.9048589E-023, 1.3839096E-022, 1.0390995E-020
 1.9006257E+002, 3.8980284E-028, 4.8809977E-030, 3.9706349E-034, 1.1893133E-020, 1.7509951E-022, 2.1059461E-024, 4.1045840E-008, 2.6107361E-011, 2.3746812E-015, 3.9839822E-009, 2.7928383E-011, 4.0299284E-013, 2.6594441E-009, 8.2352692E-014, 4.2774829E-019, 3.2985206E-021, 5.9368458E-023, 2.2938909E-025, 3.4648584E-045, 1.8732727E-045, 2.0442858E-045, 1.5771821E-013, 8.9715348E-016, 9.7494176E-018, 1.2507501E-001, 5.8839153E-003, 2.9949038E-005, 3.4750487E-041, 8.9756286E-039, 3.1587282E-038, 5.8592428E-038, 2.6130082E-037, 4.4867674E-038, 7.9649588E-003, 9.6866979E-004, 2.9758286E-004, 1.4083625E-016, 8.4706918E-015, 4.1298855E-016, 4.9217853E-003, 3.3963563E-003, 1.4340886E-003, 6.1072409E-023, 1.0342805E-021, 9.5777515E-020
 1.9100622E+002, 4.5237974E-029, 3.0612903E-031, 4.4421063E-035, 8.9894855E-022, 2.9710500E-023, 7.3516596E-026, 5.0631776E-011, 1.9496448E-013, 3.4094783E-016, 2.6433337E-009, 8.4815491E-013, 2.2157246E-015, 5.0866660E-012, 2.9249522E-016, 1.0647262E-019, 1.1645132E-021, 2.2174364E-023, 2.6308001E-026, 3.6594630E-046, 1.2721004E-046, 2.2739108E-044, 6.7963964E-014, 1.1013028E-015, 2.3419590E-018, 1.5011048E-001, 2.9133416E-002, 4.4965944E-006, 2.0916263E-040, 2.8008582E-038, 1.1276804E-037, 1.1571520E-038, 1.6876666E-037, 1.1643830E-037, 1.7943447E-002, 3.3950848E-003, 2.1165415E-004, 1.4906996E-016, 1.6554390E-015, 1.5828030E-015, 6.1547215E-003, 4.5109517E-003, 5.0977963E-003, 7.9052161E-022, 1.0048343E-020, 8.8402512E-019
 1.9204424E+002, 7.2626590E-030, 6.9883956E-032, 8.8842326E-036, 9.0354648E-023, 3.0719482E-024, 8.4457602E-027, 1.1994378E-013, 2.1464798E-015, 4.2454044E-017, 6.1842173E-011, 1.5241179E-014, 1.8735481E-016, 3.5592191E-014, 2.2237575E-017, 1.3538382E-019, 8.9516574E-023, 3.3139706E-024, 1.2547997E-026, 3.2343974E-047, 5.2137331E-048, 1.3135322E-043, 2.5361767E-015, 2.1057533E-016, 5.9617648E-019, 1.2494161E-001, 1.4964244E-002, 1.8698688E-005, 4.8516830E-039, 6.3802694E-038, 5.3511829E-038, 1.1533621E-039, 1.3033183E-038, 9.6230396E-037, 1.9818068E-002, 1.0784217E-002, 2.3068151E-004, 4.9234400E-014, 3.9123919E-015, 5.9154947E-016, 5.8612830E-003, 4.9403659E-003, 6.8025351E-003, 1.1239186E-020, 1.1802426E-019, 1.0253817E-017
 1.9308226E+002, 8.0108083E-031, 2.1592150E-032, 6.7807512E-037, 3.4706749E-024, 5.6675937E-025, 2.4137574E-027, 2.0448839E-014, 2.8965748E-016, 5.5864429E-018, 1.2037115E-013, 3.9493496E-016, 8.8189853E-018, 8.7341717E-016, 5.7463526E-018, 3.8571274E-020, 4.4901764E-024, 2.2504947E-025, 1.4570294E-027, 7.8855777E-048, 1.5277118E-047, 1.5410260E-042, 9.8556074E-017, 2.3962162E-017, 1.8566114E-019, 1.3531759E-001, 2.2990277E-002, 2.1668241E-003, 4.9619201E-038, 1.0539417E-037, 1.7459926E-038, 2.7556475E-040, 1.6031441E-038, 4.3431418E-036, 2.4096240E-002, 5.1350508E-003, 8.1978758E-004, 1.5537384E-012, 1.1317799E-015, 5.1554496E-017, 5.3019636E-003, 5.0191878E-003, 4.8078540E-003, 5.1715496E-020, 6.0867092E-019, 3.8092087E-017
 1.9402591E+002, 8.9868231E-033, 3.3898791E-034, 2.0161486E-036, 5.7278898E-025, 1.1788721E-025, 1.4943895E-026, 5.3293652E-015, 5.0377687E-017, 4.3842548E-018, 8.8529302E-016, 4.7953125E-017, 4.9527807E-019, 7.1671632E-017, 8.5246494E-018, 2.9862024E-020, 3.1850039E-025, 2.1782518E-026, 2.5087195E-028, 4.0033553E-049, 4.1679690E-047, 1.0211999E-042, 5.6858485E-017, 3.1243712E-018, 6.0713387E-020, 1.4089236E-001, 2.1190146E-002, 4.7634373E-004, 1.4700141E-037, 1.5916297E-037, 2.8290913E-038, 8.8873415E-040, 3.9581561E-038, 3.4211759E-036, 1.6066532E-002, 5.0069476E-003, 2.7583427E-003, 1.2724599E-013, 1.8913353E-016, 2.0376728E-018, 4.8955535E-003, 4.7855568E-003, 3.2450403E-003, 2.1518799E-019, 1.9098437E-018, 1.4361144E-016
 1.9506393E+002, 3.7129045E-034, 1.3003807E-035, 1.3740925E-035, 5.0596001E-026, 5.4340819E-026, 1.8050815E-025, 3.9555217E-016, 2.2103755E-017, 1.6477776E-017, 1.0159353E-016, 4.5597285E-018, 4.0727179E-020, 9.6696072E-018, 3.3517761E-018, 2.8968488E-020, 2.7292350E-026, 3.8800752E-027, 4.6321512E-029, 2.4818954E-049, 4.1033283E-046, 1.3318886E-042, 1.5961698E-017, 4.2252482E-018, 6.0637169E-020, 1.3581146E-001, 1.8221397E-002, 2.6591389E-004, 1.1794622E-036, 8.9223842E-037, 1.0416631E-038, 2.2744241E-039, 9.5696849E-038, 1.3087955E-036, 2.2577932E-002, 6.9518557E-003, 2.9464887E-003, 2.4287781E-014, 5.8932182E-017, 6.5281786E-020, 4.8225781E-003, 3.7499410E-003, 3.5934146E-003, 2.7984725E-018, 1.3610043E-017, 2.3195108E-016
 1.9600759E+002, 1.7642586E-035, 7.7949928E-035, 5.4323329E-035, 9.0837523E-027, 1.3576345E-025, 5.5426233E-026, 1.4200384E-016, 1.2795182E-017, 7.1902129E-018, 2.3926583E-017, 1.2505554E-018, 5.0742112E-021, 1.8380407E-018, 3.4144972E-019, 2.0160166E-021, 1.0779204E-026, 8.0301276E-028, 8.1470077E-030, 8.6841037E-049, 8.0809605E-046, 5.8114832E-042, 8.4310606E-018, 1.1173482E-017, 2.0025776E-019, 1.1616082E-001, 1.2862117E-002, 1.7234261E-004, 4.3610477E-036, 1.0353543E-037, 2.0079322E-038, 7.0994284E-039, 7.7697807E-037, 6.7108496E-035, 2.6598106E-002, 9.9166939E-003, 4.1046235E-003, 8.4623638E-016, 4.8855254E-018, 5.4108474E-021, 4.2634041E-003, 3.1294453E-003, 5.3383838E-003, 1.5452687E-017, 7.0045873E-017, 1.1108735E-015
 1.9704561E+002, 5.0386227E-036, 3.7582081E-035, 1.5051223E-035, 5.4373088E-027, 3.9470398E-026, 9.7471400E-027, 6.8394721E-017, 5.5140220E-018, 1.1019307E-018, 4.1544990E-018, 3.1326433E-019, 6.4038993E-022, 2.7958828E-019, 6.2765073E-020, 6.2821972E-023, 1.1187787E-027, 1.3829280E-028, 1.3783367E-030, 2.0968023E-048, 8.8659617E-046, 9.7264675E-043, 9.4347674E-014, 1.5598379E-015, 2.1870121E-017, 8.7780807E-002, 1.6747069E-002, 2.4923661E-004, 9.6494961E-036, 1.1998600E-037, 1.1169948E-038, 2.5147338E-037, 2.8731135E-034, 7.2831327E-033, 1.7288534E-002, 9.8475126E-003, 3.2286504E-003, 4.2252741E-017, 5.2102874E-019, 5.0100946E-022, 4.5269302E-003, 6.8985462E-003, 6.3906541E-003, 7.7514854E-017, 2.8344990E-016, 2.5636152E-015
 1.9808362E+002, 1.1128366E-036, 2.2033238E-036, 6.0132074E-037, 1.8028846E-027, 5.5719079E-027, 6.5570748E-028, 1.1893970E-017, 8.4446955E-019, 4.9850409E-020, 7.1306142E-019, 5.1413135E-020, 9.0684586E-023, 1.1255468E-019, 1.5269129E-020, 7.1966650E-024, 7.0476604E-029, 9.7879571E-030, 4.3867721E-032, 3.7178305E-048, 8.0755994E-046, 3.7919522E-043, 1.1439117E-010, 8.4010573E-012, 1.6727425E-014, 1.5839337E-001, 4.9998011E-002, 5.6104264E-003, 9.4720174E-036, 4.6208723E-037, 1.0123521E-038, 1.3685883E-035, 8.4336011E-033, 5.6988197E-032, 1.7950968E-002, 1.1818917E-002, 2.0698761E-003, 5.2738263E-018, 3.1516492E-020, 3.4405156E-023, 6.1664426E-003, 9.0819242E-003, 7.7887143E-003, 1.1737783E-016, 4.6361734E-016, 6.1245092E-015
 1.9902728E+002, 6.8336787E-037, 2.4986964E-037, 2.2417250E-038, 2.0739785E-028, 4.8275749E-028, 2.6351980E-029, 9.3767143E-019, 1.6658171E-019, 4.0810629E-021, 1.1157008E-019, 1.0605252E-020, 9.4521754E-024, 1.3760763E-020, 2.6270775E-021, 1.6799972E-024, 1.0654092E-029, 6.5019802E-031, 5.7154548E-033, 9.7677809E-046, 7.3131307E-044, 7.1118286E-040, 1.8496657E-009, 2.0120389E-009, 1.3002725E-011, 1.8187566E-001, 3.2644505E-002, 6.2391002E-003, 3.2999541E-035, 1.0200417E-036, 1.5973034E-039, 3.2789352E-034, 4.0714159E-032, 6.0404934E-031, 2.9012661E-002, 1.6020392E-002, 8.0353689E-003, 4.9986608E-019, 5.9461177E-021, 7.8209440E-024, 1.1125684E-002, 8.6194350E-003, 7.2708116E-003, 1.6512954E-016, 6.1172801E-016, 6.9212709E-015
 2.0006530E+002, 3.0960842E-037, 1.6996219E-038, 9.4523211E-040, 1.3782554E-029, 2.2115765E-029, 1.0529575E-030, 7.3908916E-020, 8.2961403E-020, 7.2809539E-022, 4.5594515E-020, 2.3882430E-021, 1.3580181E-024, 6.5322208E-022, 6.4023943E-023, 9.9362911E-026, 9.3165930E-031, 3.3094931E-032, 1.5517914E-034, 1.8262738E-043, 3.0347965E-041, 4.6808698E-038, 1.1049775E-009, 1.9517857E-010, 5.8238290E-012, 1.5328111E-001, 1.1044739E-002, 1.8032444E-003, 2.8876958E-034, 2.5570314E-036, 5.2824992E-039, 1.0781423E-033, 5.3786939E-032, 6.0953153E-031, 1.6791444E-002, 1.0908765E-003, 5.4340624E-003, 4.3630579E-020, 1.9750907E-021, 5.4620716E-024, 8.2663829E-003, 8.4109282E-003, 6.9002705E-003, 4.1785990E-016, 9.0506669E-016, 4.4698078E-015
 2.0100895E+002, 7.9241883E-038, 1.9611030E-039, 8.1491066E-041, 1.7073588E-030, 1.0009095E-030, 5.4671554E-032, 8.0573859E-021, 2.7258273E-020, 4.7924885E-023, 1.1551493E-020, 3.1190155E-022, 2.1599118E-025, 4.2015350E-023, 3.2942130E-024, 2.3385044E-027, 4.8053563E-031, 3.4847535E-032, 1.0600863E-035, 3.0408234E-041, 1.2179774E-038, 1.8763802E-036, 2.5121781E-009, 9.9456730E-011, 1.0258785E-012, 1.0054255E-001, 2.5804251E-002, 3.1694879E-005, 9.8890447E-034, 5.6910756E-036, 2.4228777E-039, 3.0006894E-033, 1.6627559E-032, 2.2168791E-031, 5.5990603E-003, 2.6553940E-003, 2.7573128E-003, 3.9799750E-021, 6.2454763E-022, 6.4823240E-024, 7.1687077E-003, 5.6165938E-003, 4.1028589E-003, 1.5627921E-015, 3.9283815E-015, 3.3519566E-015
 2.0204697E+002, 6.8321395E-039, 2.2432959E-040, 3.7558086E-042, 4.6574186E-031, 1.0156425E-031, 4.1640410E-033, 9.9809663E-022, 2.5586746E-021, 8.5116701E-024, 2.5344331E-021, 5.1449923E-023, 3.3479993E-026, 4.2153813E-024, 1.4687943E-025, 8.4848944E-029, 1.7568922E-031, 1.4067350E-033, 4.3401523E-037, 1.1647941E-039, 2.5491546E-037, 3.4292542E-035, 2.0429736E-008, 9.8326835E-010, 8.8137462E-014, 1.2120733E-001, 1.8849490E-002, 8.7919302E-005, 1.0802522E-033, 1.3868624E-035, 4.9666901E-040, 1.5021981E-033, 2.6646455E-033, 1.4177886E-031, 4.7741605E-003, 8.0145919E-003, 4.7386066E-003, 1.2565970E-021, 3.0332336E-022, 2.0092915E-024, 6.3577717E-003, 5.2571549E-003, 3.4090551E-003, 3.6772335E-014, 2.0696310E-014, 5.7827373E-014
 2.0308499E+002, 3.7205229E-040, 1.7761908E-041, 1.3775622E-043, 6.5131141E-032, 1.6220648E-032, 7.9441359E-034, 4.6150913E-023, 1.3713056E-022, 2.2225472E-024, 1.7014822E-022, 5.2099323E-024, 4.7271044E-027, 3.8884865E-025, 6.2319631E-027, 5.3777687E-030, 1.3911320E-032, 2.1155242E-034, 7.9645103E-038, 1.0759558E-037, 3.5427133E-036, 1.1913096E-034, 3.6149771E-010, 1.0603722E-011, 4.8580616E-013, 1.1152734E-001, 1.6059752E-002, 1.0808417E-004, 1.0091453E-034, 3.3895388E-036, 1.7855150E-041, 1.2307813E-034, 7.1987621E-033, 4.6942710E-031, 4.0773371E-003, 5.0969739E-003, 7.7522503E-003, 3.4576920E-022, 2.1082691E-023, 1.2857342E-025, 9.5845849E-003, 6.6142259E-003, 5.1948309E-003, 5.6510592E-014, 1.1770439E-014, 2.1692192E-014
 2.0402865E+002, 8.9262299E-041, 1.2825466E-042, 7.5856973E-045, 5.4321153E-033, 2.5648080E-033, 1.6765188E-034, 1.3212911E-023, 2.7634021E-023, 5.2281667E-025, 1.5888810E-023, 6.8440099E-025, 1.2416566E-027, 1.1388955E-025, 1.1541390E-027, 2.0383013E-031, 3.2452443E-033, 3.0397182E-035, 2.5130592E-037, 7.2384007E-037, 7.3358110E-036, 2.9709426E-035, 9.4503011E-012, 7.5676277E-014, 9.8011545E-015, 1.0344215E-001, 6.5764513E-003, 1.7427349E-004, 4.6049520E-036, 1.5766484E-037, 7.0884389E-043, 4.3508698E-034, 3.1787742E-032, 5.7005825E-031, 2.1238340E-003, 1.8250175E-002, 1.5146393E-002, 1.1843320E-022, 6.0683821E-024, 5.1563351E-027, 1.1286402E-002, 3.7777281E-003, 3.4102870E-003, 3.4005575E-015, 2.6972527E-015, 1.3977612E-014
 2.0506667E+002, 7.9590680E-042, 5.3713042E-044, 5.0944905E-046, 9.5577522E-034, 2.4167674E-033, 6.8410479E-035, 8.9285621E-024, 2.4340665E-024, 2.5581272E-026, 6.7163767E-025, 4.7894973E-026, 2.1729555E-028, 1.4461846E-026, 2.0438936E-028, 2.1735867E-032, 2.4993280E-034, 2.5740651E-036, 1.9333507E-038, 5.6692307E-036, 1.2007589E-035, 2.6926701E-036, 2.2259054E-012, 1.4544592E-015, 1.7321926E-016, 9.9039378E-002, 2.7224391E-003, 2.2351543E-005, 2.7750974E-037, 4.0633199E-039, 6.4572927E-044, 1.6597215E-034, 2.2226642E-032, 3.1104132E-032, 1.3533877E-002, 1.1558731E-002, 1.8136949E-002, 1.2861769E-023, 2.3607147E-025, 1.3984807E-027, 1.2374664E-002, 1.1349369E-002, 6.6618534E-003, 1.2072471E-015, 4.4120828E-015, 9.2482128E-015
 2.0601032E+002, 3.8539273E-043, 2.1762899E-045, 1.4676303E-047, 6.0710212E-034, 5.3563279E-034, 1.9492547E-035, 1.0918879E-024, 1.4268506E-025, 1.8619686E-027, 9.4841009E-026, 7.0583509E-027, 1.5369167E-028, 2.3122441E-027, 1.7604370E-029, 4.6909491E-033, 7.9131940E-036, 8.7929552E-037, 1.5642288E-039, 2.4670845E-036, 2.2404718E-036, 1.3123696E-037, 1.1613322E-014, 1.5160930E-016, 1.0367355E-017, 5.7613217E-002, 6.3773822E-004, 9.8711262E-008, 1.1735180E-038, 1.3281468E-040, 5.3601483E-045, 3.0956974E-033, 7.6898895E-032, 1.8000219E-031, 2.1148172E-002, 1.6063020E-002, 1.5258666E-002, 1.4969551E-024, 4.9179933E-026, 1.2589851E-027, 1.5247196E-002, 1.7641834E-002, 8.7276375E-003, 6.5613123E-016, 3.4150167E-015, 2.5438251E-015
 2.0704834E+002, 2.1746784E-044, 4.4942398E-046, 1.1457626E-047, 7.5989941E-034, 5.2143263E-035, 1.9398722E-036, 2.2508801E-025, 1.6666330E-026, 6.3639877E-029, 1.1945977E-026, 2.8546387E-027, 1.7242598E-029, 1.6804366E-028, 2.0978920E-030, 8.2661664E-034, 5.1514828E-037, 2.2268108E-037, 1.3383570E-040, 3.5765352E-037, 2.1748292E-037, 2.0850171E-038, 2.0872606E-016, 2.2349547E-017, 3.5293039E-019, 4.7828536E-002, 1.8278343E-004, 9.1127661E-009, 1.0240188E-039, 1.0524868E-041, 1.2427551E-045, 3.3962108E-032, 3.5736912E-031, 3.4352843E-030, 1.5355888E-002, 8.2503987E-003, 2.6736480E-004, 3.2964072E-025, 1.7663017E-026, 5.3945534E-028, 1.5676158E-002, 1.0096755E-002, 4.4268336E-003, 3.7121646E-016, 1.2413612E-015, 4.8102778E-016
 2.0808636E+002, 2.6924446E-045, 1.1288615E-046, 2.1374608E-048, 3.8461519E-034, 2.3842626E-035, 1.0873676E-037, 3.0779818E-026, 1.2925687E-027, 1.4009540E-030, 4.4555412E-027, 1.3658917E-028, 2.8971566E-031, 5.1645709E-030, 1.0779222E-031, 2.9642780E-034, 4.7965268E-038, 1.7917651E-038, 9.4960748E-042, 2.5125900E-038, 2.4678710E-038, 1.1573605E-039, 5.1560285E-017, 2.5784791E-018, 2.3391453E-020, 3.1610786E-002, 2.5128363E-004, 6.2332640E-010, 9.9947525E-041, 8.0693289E-043, 2.4950387E-045, 6.0743083E-031, 2.1344255E-030, 2.2346871E-030, 1.4716788E-002, 4.6416076E-003, 1.6534528E-004, 2.4002199E-025, 9.8375113E-027, 2.1648145E-028, 1.3814544E-002, 7.5154797E-003, 1.8881651E-003, 1.6000062E-016, 4.2485126E-016, 7.9664392E-017
 2.0903001E+002, 3.1291095E-046, 1.5122340E-047, 4.6276792E-049, 5.3655283E-035, 1.3084207E-036, 4.4680389E-039, 1.4215900E-027, 5.9047838E-029, 5.4419445E-032, 6.8451013E-028, 1.6802516E-029, 1.6605613E-032, 9.1685651E-031, 3.5867327E-032, 3.9041648E-034, 1.9297896E-039, 9.1595178E-040, 1.0903946E-042, 2.3489585E-039, 9.4013849E-040, 1.7489266E-041, 3.7930709E-018, 1.1769224E-019, 1.1747576E-021, 2.4457181E-002, 2.2747319E-004, 5.6288623E-011, 2.3880997E-042, 5.9547641E-044, 2.4353251E-045, 1.1207866E-030, 9.0487719E-030, 2.1796312E-030, 1.4044860E-002, 4.8244395E-003, 2.9486396E-004, 4.4107468E-026, 9.2936665E-028, 9.0563379E-029, 4.6183689E-003, 2.8820143E-003, 5.5815406E-003, 5.3497961E-017, 9.6231214E-017, 2.3910874E-017
 2.1006803E+002, 2.3375545E-047, 4.7015791E-048, 3.9924492E-049, 1.2214654E-035, 2.3347758E-036, 8.5111752E-040, 9.4452161E-029, 2.3817321E-030, 2.7092888E-033, 8.6098268E-029, 1.9938401E-030, 1.4141578E-033, 1.5585678E-031, 1.0720958E-032, 7.7873311E-035, 2.7639005E-040, 1.5712598E-040, 5.9523450E-044, 2.7746030E-040, 8.1342789E-041, 3.6188403E-043, 2.1686812E-019, 6.6688586E-021, 3.5288989E-023, 5.0349704E-002, 2.2241250E-005, 1.4343761E-011, 3.4138960E-043, 5.7373072E-045, 9.9844195E-046, 6.7834372E-030, 2.9559065E-029, 8.5477038E-030, 2.2005903E-002, 9.0610117E-003, 1.0619181E-004, 8.4172296E-027, 1.2652946E-028, 4.2975959E-029, 3.9483855E-003, 1.0026675E-002, 4.7044306E-003, 1.6638508E-017, 2.3573990E-017, 7.6777602E-018
 2.1101169E+002, 4.4870615E-047, 1.4871570E-048, 1.2483052E-049, 5.3762404E-036, 3.8940741E-037, 9.0057441E-041, 8.2241751E-030, 1.1531440E-031, 8.2447684E-035, 9.6928203E-030, 9.9653776E-032, 2.8166697E-035, 1.5226494E-032, 1.4049053E-033, 5.4595500E-036, 5.2910309E-041, 8.0239288E-042, 5.9673293E-045, 3.8404407E-040, 9.4582854E-041, 1.2909274E-043, 3.5464899E-020, 2.2656993E-021, 2.4446657E-024, 2.6122034E-002, 3.9929625E-006, 1.3367252E-011, 1.1275998E-044, 1.2647426E-046, 1.0375374E-045, 4.1131883E-029, 1.2822156E-028, 5.4760723E-029, 2.4438330E-002, 4.3680415E-003, 6.4405548E-005, 2.1738368E-027, 1.8392247E-029, 1.9581953E-029, 3.9310899E-003, 8.1241993E-003, 7.2659247E-004, 8.7067365E-018, 5.8331003E-018, 9.9597308E-018
 2.1204971E+002, 2.1756244E-047, 6.1062356E-049, 6.8631356E-051, 1.4491799E-036, 2.0598521E-038, 1.8110169E-041, 5.0920542E-031, 3.9698607E-033, 3.4642527E-036, 4.5659788E-031, 4.7673548E-033, 5.2855637E-037, 2.1077177E-033, 1.4299389E-034, 7.2546389E-037, 5.4166159E-042, 5.4349245E-043, 5.0970101E-046, 1.6912083E-040, 1.7065814E-041, 6.3677707E-044, 6.2893574E-021, 9.4662257E-022, 2.2639396E-024, 4.3421384E-004, 3.9841434E-007, 6.3728099E-011, 6.2366106E-046, 5.8169717E-048, 1.0727850E-045, 6.9850847E-029, 6.3152385E-028, 1.0892921E-028, 1.3426961E-002, 4.8464373E-003, 6.9521990E-005, 2.5038071E-028, 1.2885522E-029, 7.5470385E-030, 6.0389740E-003, 2.0836424E-003, 3.1249607E-004, 2.8356062E-018, 1.2237183E-018, 2.3164064E-017
 2.1308773E+002, 7.5389295E-048, 5.5107744E-050, 2.4931842E-052, 3.9663158E-037, 2.7146019E-039, 1.8121906E-042, 3.0265097E-032, 1.3391125E-034, 1.6113344E-037, 5.6281685E-032, 1.4002540E-034, 1.6455147E-038, 2.1916108E-034, 1.5447772E-035, 5.3347078E-038, 6.5326857E-043, 1.3346715E-044, 2.4629334E-047, 3.4000265E-041, 8.1518479E-043, 2.4561504E-045, 9.9518150E-022, 8.5214776E-023, 2.5584501E-025, 1.4660015E-005, 1.7680425E-008, 1.5227341E-011, 3.4771538E-047, 3.4296811E-049, 6.4811202E-046, 1.8172750E-028, 5.5716343E-028, 7.7855130E-029, 9.7930437E-003, 3.9693082E-003, 1.0087165E-003, 6.3462772E-029, 3.2472902E-029, 5.1369298E-030, 1.4837228E-003, 2.5895077E-004, 6.5857289E-004, 1.4160924E-018, 2.1651882E-018, 4.5286975E-017
 2.1403138E+002, 3.2542975E-048, 2.1972423E-050, 6.3340630E-054, 3.9773430E-038, 1.3101882E-039, 2.9535772E-043, 1.3967041E-033, 1.8617865E-035, 1.6403885E-038, 7.7869014E-033, 4.3255444E-035, 3.0602099E-039, 1.9086426E-035, 1.6998288E-036, 2.2510600E-039, 4.9184757E-044, 3.6040552E-046, 8.4959146E-049, 8.0399970E-042, 9.1787359E-044, 6.9808868E-047, 2.2775429E-022, 1.3698011E-023, 2.1475589E-026, 1.6355880E-007, 2.0290687E-010, 4.3399081E-014, 2.0772399E-048, 2.7357828E-050, 1.1610842E-046, 3.7098616E-029, 2.6888638E-028, 2.3023507E-029, 1.3491336E-002, 1.0095053E-002, 7.5900253E-003, 1.7639691E-029, 6.3097049E-030, 1.1285275E-029, 2.0919149E-004, 1.0277355E-004, 2.1901620E-004, 6.6010873E-018, 1.4181173E-017, 8.6843057E-017
 2.1506940E+002, 5.4373522E-049, 2.2968781E-051, 5.2601408E-055, 3.4813241E-039, 6.5450630E-041, 4.5005683E-044, 1.1300340E-034, 4.6244992E-036, 3.0639990E-039, 6.4843983E-034, 1.5178693E-035, 5.2731586E-039, 4.8527353E-036, 3.9599876E-037, 1.2310333E-040, 1.8692247E-045, 1.2872581E-047, 1.7366316E-050, 7.0833196E-042, 5.6014108E-044, 1.4282126E-048, 5.1864885E-023, 3.5040430E-024, 3.2130366E-027, 1.1393600E-009, 1.8522131E-012, 6.8220686E-016, 2.0828643E-049, 1.5329205E-051, 1.8812174E-047, 9.1850150E-030, 3.7503901E-029, 9.4194225E-030, 2.3759173E-002, 1.7911087E-002, 1.4665227E-003, 8.9942974E-029, 2.7454057E-028, 2.1517680E-028, 5.7506528E-005, 4.0852769E-005, 2.6715245E-005, 1.4304380E-017, 6.7264472E-017, 7.4953954E-017
 2.1601305E+002, 1.2887501E-049, 1.0646993E-051, 6.5475697E-056, 1.5161957E-040, 2.8253565E-042, 2.5430698E-045, 1.2228318E-035, 6.1285954E-037, 6.7118964E-040, 3.1087815E-035, 4.6435634E-037, 2.5652081E-040, 5.1560592E-037, 2.3439156E-038, 4.8386054E-042, 6.1053385E-047, 6.7568178E-049, 5.1336733E-052, 2.2452061E-043, 1.4140430E-045, 2.3512836E-050, 8.7709692E-024, 1.8455809E-025, 3.7214632E-028, 4.2295903E-012, 1.7738692E-014, 8.2406207E-017, 1.2182512E-050, 1.4587608E-052, 3.2859583E-048, 1.3392311E-030, 2.0308493E-030, 1.0080214E-030, 2.4234533E-002, 6.7056437E-003, 2.2633532E-005, 8.6640829E-028, 2.8883444E-027, 7.3299161E-028, 5.9879542E-005, 2.5408143E-005, 3.4501074E-004, 2.8715454E-017, 1.1474106E-016, 6.2642220E-017
 2.1705107E+002, 3.1929829E-050, 2.2186439E-052, 1.6659213E-056, 7.6610253E-042, 1.0604837E-043, 1.1142546E-046, 7.9271896E-037, 3.0947523E-038, 1.2177830E-040, 2.5683760E-036, 5.4485534E-039, 1.3114909E-041, 2.3404130E-038, 3.0314878E-039, 7.8113285E-044, 1.9684937E-048, 4.6607936E-050, 1.2839852E-053, 3.9644714E-045, 3.1067018E-047, 1.0685164E-051, 1.0909912E-024, 1.0842088E-026, 1.0107437E-028, 4.4234406E-014, 5.3813388E-016, 1.8709575E-017, 3.8932082E-052, 1.0879365E-053, 1.6975565E-049, 6.9960267E-031, 1.5512141E-031, 5.6206696E-032, 8.3869627E-003, 1.6870351E-003, 3.9798957E-006, 4.7213207E-027, 2.6713429E-026, 2.7784248E-027, 3.2978351E-005, 1.8594340E-005, 4.5488381E-004, 3.1435719E-017, 6.9247758E-017, 5.2766644E-017
 2.1808909E+002, 2.2973256E-051, 3.3611685E-053, 4.4566554E-057, 8.4919002E-043, 1.3624848E-044, 4.3698190E-048, 4.2180041E-038, 2.0858664E-039, 4.6890134E-042, 6.1815807E-038, 2.6254194E-040, 3.1772020E-043, 1.4981538E-039, 2.1770659E-040, 9.4044999E-046, 9.0420860E-050, 1.4627204E-051, 2.0130231E-055, 1.2566867E-046, 3.4279467E-048, 2.0611626E-052, 1.2545823E-025, 8.3519939E-027, 1.0624751E-028, 3.4057224E-016, 7.5872669E-017, 2.6828550E-018, 1.8922787E-053, 2.3735489E-054, 1.8375829E-050, 6.3833067E-032, 4.5312849E-033, 2.7066052E-033, 1.7193692E-002, 1.5223636E-002, 4.0756556E-005, 4.8161521E-026, 5.4911575E-026, 6.7869536E-027, 1.2762792E-005, 8.1022906E-006, 1.1496981E-003, 3.6054214E-017, 3.1752613E-017, 3.4159347E-017
 2.1903275E+002, 1.9170092E-052, 2.2043954E-054, 6.3103205E-058, 1.1954014E-043, 1.3985600E-045, 1.7997032E-049, 3.3227805E-039, 1.1827324E-040, 1.0180981E-043, 2.8397968E-039, 7.3727931E-042, 6.4494937E-045, 1.4684513E-040, 1.2621665E-041, 6.1432290E-047, 1.2348655E-050, 3.1945631E-052, 2.9738625E-056, 6.9135505E-048, 2.8606154E-049, 1.3661883E-053, 4.9773783E-026, 3.3202895E-027, 1.2750818E-029, 7.5885659E-017, 2.2037348E-017, 1.3449823E-018, 1.3511793E-054, 3.5025720E-055, 1.1716957E-051, 4.3814535E-033, 9.9523286E-034, 6.8807599E-033, 2.7403975E-002, 1.4547244E-002, 3.3833797E-003, 5.7234226E-026, 1.0934126E-026, 3.1804112E-026, 1.7503479E-005, 1.0983886E-004, 3.9377918E-003, 1.0203500E-017, 1.8040854E-017, 1.0227505E-017
 2.2007077E+002, 2.8628110E-053, 5.3215755E-055, 6.2013767E-059, 8.7038719E-045, 1.3427000E-046, 1.6897287E-050, 9.5734467E-040, 1.5091484E-041, 3.8630295E-045, 1.8630479E-040, 9.3592651E-043, 2.8302005E-046, 8.8602108E-042, 3.0416988E-043, 7.1127334E-047, 6.0200439E-052, 1.3521599E-053, 5.5959700E-057, 7.0180313E-049, 1.4533176E-050, 8.6097922E-054, 7.3536167E-027, 5.5425243E-028, 1.6459474E-030, 3.0610642E-017, 3.6456932E-018, 1.0598646E-019, 2.2311901E-055, 2.2976060E-055, 3.4627093E-052, 1.9838636E-033, 5.4216025E-033, 3.3944229E-031, 2.5466068E-002, 1.1002493E-002, 1.5882663E-003, 1.0711090E-026, 1.6357695E-027, 3.0484177E-027, 2.3419195E-004, 6.4166346E-004, 8.5953813E-003, 6.0750832E-018, 1.7357112E-017, 1.9862630E-018
 2.2101442E+002, 2.9496754E-054, 1.1324117E-056, 2.6496538E-060, 5.9577117E-046, 3.7915150E-047, 3.1592539E-051, 1.0148129E-040, 7.0123300E-043, 1.6404597E-045, 8.0009859E-042, 1.2516094E-043, 1.4115700E-047, 4.7394624E-043, 1.2081757E-044, 4.8925670E-048, 3.0610781E-053, 3.3636318E-055, 2.6870064E-058, 1.9930584E-050, 4.7681649E-052, 4.8757753E-054, 1.9105755E-027, 4.4761938E-029, 1.6532934E-031, 8.3472483E-018, 7.8621787E-019, 4.2777474E-021, 4.1581518E-056, 2.6723559E-053, 1.4310318E-051, 3.2769826E-033, 1.1331064E-032, 2.4514117E-030, 1.8069881E-002, 8.0752467E-003, 3.8825431E-004, 5.8531319E-028, 8.6578813E-028, 1.7325301E-027, 3.3854501E-004, 1.0419984E-003, 1.0286298E-002, 1.5223529E-017, 1.4380200E-017, 1.3119199E-018
 2.2205244E+002, 1.0315668E-055, 2.8695701E-058, 6.3708108E-062, 9.7496442E-047, 4.8281520E-048, 1.1259055E-051, 4.0364437E-042, 3.2702912E-043, 3.5385010E-046, 6.9189927E-043, 1.2670092E-044, 1.0982885E-048, 1.8260914E-044, 7.0927117E-046, 2.0787585E-049, 2.0239251E-054, 1.3891173E-056, 5.3002420E-060, 1.1969637E-051, 2.2600923E-053, 3.8158812E-055, 3.1178594E-028, 8.7304884E-030, 2.4524412E-032, 7.8028579E-019, 6.8004555E-020, 3.7862110E-022, 8.9052961E-057, 8.6017589E-054, 5.4230237E-052, 2.3824835E-033, 1.6575323E-032, 3.5828379E-030, 1.6306242E-002, 1.1082880E-002, 9.5646251E-004, 6.0956831E-028, 6.7184625E-027, 1.6433617E-026, 2.4162393E-003, 3.9689728E-003, 1.1957629E-002, 1.9724891E-017, 9.4430677E-018, 1.2848098E-018
 2.2309046E+002, 2.7718516E-057, 5.6559579E-060, 1.3100403E-063, 4.0754646E-047, 6.3016557E-049, 9.0459627E-053, 2.9745997E-043, 2.9711432E-044, 7.5796854E-048, 3.9021681E-044, 8.7302273E-046, 1.1084454E-049, 1.1290108E-045, 1.4092205E-047, 6.0853111E-051, 1.3300741E-055, 5.6116399E-058, 8.4774099E-062, 3.7156616E-053, 8.0822519E-055, 6.9221240E-057, 1.1437062E-028, 6.1698566E-030, 2.0949569E-032, 4.8831938E-020, 3.9351609E-021, 2.2601721E-023, 8.7466527E-058, 3.0462984E-055, 7.6974622E-053, 9.0311360E-034, 1.0801350E-032, 6.1158448E-031, 2.6587663E-002, 1.3423015E-002, 1.6325716E-004, 2.3398018E-027, 5.6537211E-027, 3.8178592E-027, 9.9557685E-003, 1.2728854E-002, 1.1280856E-002, 1.3610103E-017, 3.1707869E-018, 4.2724321E-019
 2.2403411E+002, 1.7052471E-058, 1.7424518E-061, 2.0298120E-065, 2.7047822E-047, 1.3013080E-049, 1.3037383E-054, 8.3136676E-044, 4.3036299E-045, 2.9514526E-049, 4.1527239E-045, 9.9884136E-047, 3.3616145E-050, 4.0596700E-047, 4.0982762E-049, 2.1199438E-052, 6.3239862E-057, 2.9850853E-059, 1.3933944E-063, 1.4827130E-054, 4.9909909E-056, 1.0396471E-057, 1.8675283E-029, 2.6064427E-030, 8.2085411E-033, 6.4711208E-021, 4.1574979E-022, 1.1708887E-024, 1.8501365E-058, 1.3571883E-055, 2.8791094E-053, 4.2625049E-034, 2.2286402E-033, 6.5571222E-032, 3.9519634E-002, 1.2084328E-002, 6.1383245E-004, 1.1690304E-027, 8.6639378E-028, 4.9650166E-028, 2.4105638E-002, 1.8398688E-002, 1.1031906E-002, 3.5778282E-018, 1.1220068E-018, 8.1216626E-020
 2.2507213E+002, 8.2141419E-060, 3.4722276E-062, 5.7752722E-067, 2.3386260E-048, 1.5258561E-050, 3.1670219E-056, 1.4259664E-044, 2.5777814E-046, 7.9156299E-050, 8.7734326E-046, 7.8426473E-048, 1.4561429E-051, 1.0220148E-048, 3.5377134E-050, 5.5951637E-053, 1.5914129E-057, 9.5663819E-060, 4.9104734E-065, 1.8610419E-055, 3.9467053E-057, 3.0956676E-056, 1.0661999E-030, 9.4171614E-032, 1.5827099E-033, 7.9911538E-022, 7.9172004E-023, 1.0645674E-025, 1.9953896E-057, 1.0631700E-053, 1.7359609E-051, 1.0094686E-033, 1.9225439E-033, 9.6092852E-033, 3.8225579E-002, 8.6659530E-003, 1.6218997E-003, 5.8697721E-028, 1.3129387E-028, 2.3109168E-027, 2.4274709E-002, 2.0587922E-002, 1.2784056E-002, 1.8333547E-018, 5.6222978E-019, 2.8281085E-020
 2.2601579E+002, 1.9834431E-061, 1.1365601E-063, 7.4743113E-069, 9.4725743E-050, 1.7520583E-051, 3.0150052E-057, 9.5654906E-046, 1.4478403E-047, 4.8986388E-051, 6.1984402E-047, 7.1542809E-049, 3.2645741E-053, 5.6068531E-050, 3.7544170E-051, 9.6869429E-054, 1.1256465E-058, 1.8945367E-060, 5.9899257E-066, 2.3789062E-056, 8.9531767E-058, 6.8974781E-055, 3.4353752E-032, 1.8524663E-033, 2.1687546E-034, 1.3011655E-022, 1.0452919E-023, 8.4355429E-027, 1.2183208E-056, 1.1036605E-053, 2.3805582E-050, 3.7062175E-033, 2.2101909E-033, 3.7006545E-033, 2.1474656E-002, 7.3937405E-003, 2.8293914E-003, 2.9693102E-029, 9.2193276E-029, 2.6021883E-026, 2.7035664E-002, 2.0704748E-002, 1.5633335E-002, 7.8529654E-019, 2.5890507E-019, 1.4720282E-020
 2.2705381E+002, 6.1553455E-063, 4.2915093E-065, 3.8170419E-070, 5.4247455E-051, 1.2957118E-052, 1.0386294E-058, 9.8002262E-047, 7.5898064E-049, 1.0726567E-051, 1.4256969E-048, 2.3196679E-050, 9.4402276E-055, 1.6794765E-051, 2.7836087E-052, 1.9895379E-054, 5.3095267E-060, 1.4864757E-061, 1.0419814E-066, 1.3614344E-057, 7.3739736E-057, 4.2783583E-054, 1.4476645E-033, 1.0085713E-034, 5.9800677E-036, 2.0633693E-023, 2.2316472E-024, 1.1790863E-027, 7.3394934E-054, 2.7476583E-051, 2.6997142E-049, 2.0372983E-033, 4.7279822E-034, 8.4623001E-032, 2.1664285E-002, 6.7283728E-003, 2.1004900E-003, 7.4642633E-030, 1.6827285E-028, 9.7097694E-026, 3.3749647E-002, 2.8233715E-002, 1.8476690E-002, 3.2154930E-019, 9.5574747E-020, 3.7112906E-020
 2.2809183E+002, 4.5232888E-064, 1.0681940E-065, 1.1784623E-070, 3.2005790E-052, 1.1551955E-053, 2.4843563E-059, 3.5273678E-048, 4.2347092E-050, 1.8439334E-052, 1.0605139E-049, 1.5803988E-051, 3.8074473E-056, 1.5639309E-052, 9.7040671E-054, 1.2478434E-055, 3.0889213E-061, 5.1541115E-063, 6.9989328E-068, 1.8353497E-057, 3.5205484E-055, 3.4531463E-054, 1.0427231E-034, 3.5371517E-036, 1.0055226E-037, 4.2121640E-024, 3.9056112E-025, 2.2494220E-028, 4.2619921E-051, 1.8363905E-049, 4.5522455E-049, 3.5777118E-034, 1.3316182E-035, 4.0153400E-032, 1.4348554E-002, 5.1977454E-003, 2.3427706E-003, 2.3673353E-029, 1.9889712E-027, 1.4659532E-024, 2.5091449E-002, 1.6256925E-002, 2.0406745E-002, 1.0421905E-019, 5.0112447E-020, 2.1487759E-020
 2.2903548E+002, 1.9836501E-065, 7.2269001E-067, 2.6535940E-070, 2.8656775E-053, 3.2808843E-055, 2.2860828E-060, 8.3331092E-049, 1.1138013E-050, 1.5468569E-053, 1.0234694E-050, 8.6833162E-053, 5.0942741E-057, 4.6918919E-054, 1.5925183E-055, 3.2319575E-057, 1.6550820E-062, 8.0945537E-065, 1.6018963E-069, 2.0274829E-057, 1.3704605E-054, 4.1683994E-053, 1.0346644E-035, 3.1343651E-037, 2.6314955E-039, 8.3295950E-025, 2.9288404E-026, 2.0188024E-029, 2.6686385E-049, 1.4278480E-047, 4.8685398E-049, 3.0942285E-035, 7.1601480E-036, 7.5857477E-033, 3.7308305E-002, 1.3792165E-002, 1.9531578E-003, 7.8759021E-029, 1.5433485E-027, 2.8114177E-024, 2.1613760E-002, 1.2580747E-002, 5.4109628E-003, 4.4399498E-020, 3.5119342E-020, 1.0164046E-020
 2.3007350E+002, 1.8651085E-066, 2.1977190E-067, 5.6405622E-071, 3.0380477E-054, 1.0837173E-056, 1.2909193E-061, 1.2307269E-049, 2.3009258E-051, 9.3585420E-055, 3.3975446E-052, 2.1656444E-054, 2.6507041E-058, 4.4943864E-055, 4.9327561E-057, 6.4698228E-059, 1.7398376E-063, 6.7107193E-066, 5.7057784E-071, 1.2033954E-057, 4.1032595E-055, 2.0658210E-053, 1.7306370E-036, 3.0241533E-038, 1.3077024E-040, 1.2855642E-025, 3.6113951E-027, 1.2908805E-030, 3.5691493E-048, 2.0663341E-046, 4.0091564E-048, 1.7429546E-036, 2.4539579E-035, 2.8879344E-034, 3.9163068E-002, 1.6313826E-002, 3.8287948E-003, 4.0135854E-029, 4.8354460E-028, 3.3940024E-025, 2.8632384E-002, 2.3650475E-002, 7.5801482E-003, 3.4980652E-020, 2.0056578E-020, 2.1139946E-020
 2.3101715E+002, 1.1793308E-067, 7.8153417E-068, 1.2109512E-072, 1.0287197E-055, 1.5160260E-057, 8.4280722E-062, 2.1322121E-050, 6.5444566E-052, 3.1358784E-056, 8.8097868E-054, 7.0960125E-056, 8.0940262E-060, 2.4704634E-056, 1.7247206E-058, 1.1053951E-060, 2.0727544E-064, 7.5773393E-067, 5.2176081E-071, 3.4413914E-058, 5.2001939E-056, 2.7747209E-054, 1.5957300E-037, 1.9309326E-039, 4.2289773E-042, 1.1765136E-026, 5.7429814E-028, 3.5761333E-031, 1.0249895E-048, 2.8933353E-047, 9.8477808E-048, 2.9979793E-035, 7.8985245E-034, 5.8826858E-033, 3.7812632E-002, 2.3987087E-002, 7.0976515E-003, 4.4599540E-030, 5.1193266E-029, 5.8867425E-026, 1.8835218E-002, 1.3513642E-002, 7.6631295E-003, 1.6204090E-020, 1.1819429E-020, 6.2955286E-020
 2.3205517E+002, 1.0840824E-068, 8.2365037E-068, 8.0228292E-072, 6.5788025E-057, 6.5921552E-059, 6.7526661E-062, 5.5217478E-052, 4.3030798E-053, 5.5622755E-057, 3.4040719E-055, 3.2594572E-057, 3.6377136E-061, 9.2692793E-058, 1.0786814E-059, 1.9659456E-062, 1.1096536E-065, 3.2931296E-068, 1.0311551E-071, 3.1613436E-058, 7.3253350E-057, 1.3333988E-055, 8.2651192E-039, 9.1046858E-041, 2.1805210E-043, 1.8655467E-027, 9.6349975E-029, 1.6109494E-031, 2.2355015E-049, 3.2636660E-048, 4.1142078E-048, 1.5924342E-033, 2.2358113E-032, 6.7575943E-032, 3.8031539E-002, 1.8116088E-002, 6.7930659E-003, 1.6336485E-029, 3.2311367E-029, 2.7824665E-026, 1.7636059E-002, 1.1859291E-002, 7.4062724E-003, 4.9714968E-021, 3.2486326E-020, 1.0218533E-019
 2.3309319E+002, 5.1855302E-069, 1.3657830E-068, 5.6192915E-072, 5.6598586E-058, 3.5449056E-060, 7.0210363E-063, 1.1361190E-053, 2.9689151E-055, 7.6605930E-059, 4.9503075E-056, 1.4505657E-058, 1.5819670E-062, 1.8224883E-059, 2.7261697E-061, 2.8186451E-064, 4.0167831E-067, 5.3187578E-070, 1.2541748E-073, 1.5581560E-058, 2.4099042E-057, 2.2083132E-057, 8.7932568E-040, 7.0867254E-042, 1.0044270E-044, 3.3295124E-028, 2.9637501E-029, 6.3484052E-032, 1.9430602E-049, 4.8652645E-049, 1.3054112E-048, 3.1755696E-033, 3.5169122E-032, 1.2378276E-032, 4.2544179E-002, 1.8841902E-002, 1.3796872E-002, 5.3347533E-029, 8.9549017E-028, 7.9247737E-026, 2.3413086E-002, 1.9650215E-002, 1.1406274E-002, 6.7985147E-021, 5.1435689E-020, 4.2825121E-020
 2.3403685E+002, 2.6411551E-069, 7.4743986E-070, 2.1692403E-073, 3.1023472E-059, 9.2550465E-062, 1.5872794E-064, 1.9029395E-055, 4.3738859E-057, 8.8819740E-061, 1.5758596E-057, 6.1597368E-060, 9.9813165E-064, 3.8826181E-061, 1.2539810E-062, 5.7456311E-066, 5.5345604E-069, 1.2607507E-071, 1.5783842E-075, 4.9225173E-059, 2.3084463E-058, 2.3289628E-058, 1.7039861E-040, 2.5148289E-042, 1.1912781E-045, 5.3005628E-029, 4.7729128E-030, 6.7693633E-033, 1.6660183E-049, 2.0420755E-049, 1.2172501E-049, 8.0835954E-034, 6.5588739E-033, 4.4217679E-032, 4.5986278E-002, 1.7887612E-002, 1.1478001E-002, 5.5797826E-029, 5.5810437E-027, 2.2044867E-025, 2.6432247E-002, 2.3838481E-002, 1.1217074E-002, 1.1143788E-019, 1.0582617E-019, 1.9658347E-020
 2.3507487E+002, 8.1954382E-070, 3.0192303E-071, 5.2476498E-075, 6.2307307E-061, 2.7866298E-063, 4.9844591E-066, 3.0007387E-057, 5.7834837E-059, 2.4039435E-062, 3.7312522E-059, 2.6767031E-061, 9.9388619E-065, 9.6865600E-063, 8.1794851E-064, 1.6253077E-067, 6.2166653E-071, 1.5718805E-073, 4.6219210E-077, 7.7487729E-060, 1.9050133E-059, 2.7250611E-058, 8.4566836E-042, 5.5721661E-044, 4.6829686E-047, 5.6190025E-030, 7.0773332E-031, 3.2680892E-033, 6.4189651E-050, 2.7701166E-050, 4.6501889E-051, 2.4677956E-033, 3.2692945E-033, 1.3349585E-032, 5.0021620E-002, 1.1782060E-002, 3.3350530E-003, 4.4066404E-029, 3.6543152E-027, 5.4439093E-024, 2.5505458E-002, 2.0301016E-002, 8.0855520E-003, 5.0052341E-019, 1.1441558E-019, 1.0079532E-020
 2.3601852E+002, 5.1738510E-071, 1.5399101E-072, 7.2381180E-077, 9.3262505E-063, 1.4264350E-064, 1.0406391E-067, 1.9691943E-058, 1.3317632E-060, 4.5783490E-063, 2.1012441E-060, 2.6741769E-062, 1.2327245E-065, 1.9242002E-064, 1.0219180E-065, 2.4185056E-068, 3.9332685E-072, 3.9784045E-075, 4.2284071E-079, 5.8431392E-061, 6.4257917E-061, 3.9130756E-059, 6.4096353E-043, 3.9714102E-045, 4.7073479E-048, 6.6364019E-031, 8.9439259E-032, 7.8829113E-034, 7.9543498E-051, 3.4101829E-051, 3.0792965E-052, 1.1980171E-033, 1.3416158E-033, 5.4976040E-033, 5.2730863E-002, 1.4137419E-002, 6.5425837E-003, 3.9718065E-028, 3.9897028E-025, 9.8098110E-024, 2.5472163E-002, 2.2423120E-002, 1.0064387E-002, 4.7050474E-019, 6.1489074E-020, 8.0362854E-021
 2.3705654E+002, 3.6388674E-072, 7.4986970E-074, 2.4829821E-078, 1.1962331E-063, 8.5751669E-066, 4.8847805E-069, 1.1265199E-059, 2.6638108E-061, 2.1145072E-063, 1.7894955E-061, 2.4973355E-063, 9.6232686E-067, 7.0924489E-066, 1.8461587E-067, 7.8197499E-069, 7.7833313E-074, 1.7535619E-076, 1.0328781E-080, 1.3435562E-060, 3.0626368E-061, 6.7051235E-060, 6.9122596E-044, 7.7940050E-046, 3.6958292E-047, 8.8168085E-032, 1.8149782E-032, 1.0973413E-034, 4.6423485E-051, 3.1066617E-052, 1.7248002E-053, 8.5655325E-034, 4.0529193E-034, 2.5479393E-032, 5.4019501E-002, 2.0518075E-002, 5.9056995E-003, 2.2712729E-026, 1.7450759E-024, 6.2528737E-024, 2.6160779E-002, 2.2348955E-002, 6.9255641E-003, 1.5307527E-019, 2.2963016E-020, 3.4735817E-021
 2.3800019E+002, 1.6438199E-073, 9.1055033E-076, 2.2792766E-079, 5.8846245E-065, 3.1724324E-067, 1.2186759E-070, 4.5040849E-061, 2.9725731E-062, 5.2351134E-064, 3.7430116E-062, 1.1058040E-064, 9.7278558E-068, 6.4054108E-067, 5.4221831E-069, 2.6567367E-070, 3.7182686E-075, 2.8176530E-077, 3.8301661E-082, 3.2277946E-060, 6.8148970E-062, 2.6448712E-061, 6.0998480E-045, 3.3744920E-046, 1.2158136E-046, 1.4332499E-032, 3.2252600E-033, 1.5160998E-035, 1.0966172E-051, 1.6557295E-053, 6.5208906E-055, 5.3516626E-034, 6.2242525E-034, 4.8530690E-032, 4.9346048E-002, 1.5729612E-002, 1.4524641E-003, 5.4576163E-025, 9.4074134E-024, 1.3276524E-023, 2.5806834E-002, 2.1488588E-002, 2.7545406E-003, 3.0239151E-020, 5.0386768E-021, 3.8088840E-020
 2.3903821E+002, 3.9567604E-075, 2.6454869E-077, 3.8189688E-080, 5.4201402E-066, 4.3482475E-068, 6.6819864E-072, 3.2321732E-062, 1.3777905E-063, 1.2303961E-065, 3.9391613E-063, 6.8545792E-066, 1.0743859E-068, 5.8596832E-068, 5.8199105E-070, 1.2738680E-071, 6.8873295E-076, 1.4948881E-078, 6.9332559E-084, 8.3353495E-061, 1.2789346E-061, 7.8922868E-063, 2.5975201E-046, 1.1229850E-046, 1.1116830E-046, 2.3179225E-033, 8.6267861E-034, 1.7104542E-036, 1.1796546E-052, 7.3524620E-054, 1.6570942E-055, 4.3961286E-034, 6.2951084E-034, 3.3685184E-031, 3.9201591E-002, 1.7356869E-002, 1.7687597E-003, 8.1901064E-024, 4.7828522E-023, 7.0683068E-024, 2.3677694E-002, 1.3925352E-002, 2.2111967E-003, 7.2821141E-021, 4.2638188E-021, 2.0265137E-019
 2.4007623E+002, 2.2030622E-076, 3.6142067E-078, 5.2198151E-081, 4.5221788E-067, 8.9853102E-069, 3.8223725E-073, 6.2608781E-063, 8.7940388E-065, 2.0735894E-067, 2.5059299E-064, 1.5588470E-066, 6.0060690E-070, 2.3487327E-069, 1.7572894E-071, 2.4160391E-073, 4.7281759E-077, 6.5303386E-080, 2.5540541E-085, 4.1833201E-061, 1.2137300E-062, 2.6359861E-064, 1.4218610E-046, 1.8799223E-047, 6.4593349E-048, 4.6810377E-034, 7.3627085E-035, 6.5549081E-037, 8.0628644E-054, 2.9912264E-055, 3.2221708E-055, 6.1012405E-034, 2.4199271E-033, 2.9281125E-030, 4.5197356E-002, 2.7185942E-002, 1.4777027E-002, 1.6314817E-022, 2.2611006E-022, 1.2274996E-022, 2.1843162E-002, 1.6033073E-002, 2.9783798E-003, 5.6046379E-021, 1.9840813E-020, 4.6248550E-019
 2.4101989E+002, 3.8414169E-077, 6.5863817E-079, 4.2563854E-082, 1.2070084E-068, 7.5821567E-070, 7.1386706E-074, 3.9674594E-064, 9.4087215E-066, 1.1945965E-068, 1.4893026E-065, 5.6270123E-067, 8.5618578E-071, 1.3191838E-070, 1.2001819E-072, 4.8372851E-075, 2.9239264E-078, 1.1403591E-080, 5.8782926E-086, 2.3078774E-061, 1.1942817E-063, 1.0550824E-065, 2.4928737E-047, 3.2380127E-048, 1.3220755E-049, 3.7133953E-035, 8.3634402E-036, 2.3677239E-037, 1.8941075E-054, 1.1964764E-054, 2.9951537E-054, 9.3730429E-033, 2.4350373E-032, 1.0321688E-029, 4.9065192E-002, 2.3644580E-002, 1.1183165E-002, 2.2379231E-021, 7.1929429E-021, 2.6926216E-021, 2.6379959E-002, 2.2216669E-002, 8.7707576E-004, 9.7507497E-021, 3.0368822E-020, 5.4766387E-019
 2.4205791E+002, 2.0097192E-078, 2.8464943E-080, 9.1175896E-084, 1.5709062E-069, 8.7156259E-071, 2.3462370E-074, 2.6002608E-065, 9.3216911E-067, 5.6487474E-070, 2.1779713E-066, 6.6783902E-068, 4.9249449E-072, 2.5895351E-071, 2.8087979E-073, 3.7298319E-076, 1.6752697E-079, 5.1661857E-082, 1.9211883E-087, 4.3129768E-062, 3.6996443E-064, 5.2947586E-067, 9.1758391E-047, 6.6489782E-048, 1.7629607E-050, 4.0227051E-036, 1.1907926E-036, 5.3080496E-038, 2.8309423E-055, 8.9680837E-054, 1.3969353E-054, 8.9092501E-033, 3.4378804E-032, 1.4461632E-029, 4.8989583E-002, 2.7900211E-002, 7.7360337E-003, 3.6534866E-020, 9.7920944E-020, 3.0522443E-020, 2.3801559E-002, 1.2442660E-002, 4.4262261E-004, 1.9115060E-020, 2.6302065E-020, 3.9337989E-018
 2.4300156E+002, 4.7077229E-080, 3.1377695E-082, 1.9053385E-085, 6.6707782E-071, 1.3129661E-072, 9.4513503E-076, 1.9334911E-066, 5.4275394E-068, 4.6091378E-071, 2.1307070E-067, 3.2114550E-069, 4.9773940E-073, 1.7178634E-072, 2.0140756E-074, 2.7300916E-077, 2.7948471E-081, 4.4949117E-084, 3.2234940E-089, 8.9984587E-063, 9.9518920E-065, 2.4361033E-068, 1.5182044E-046, 2.4737390E-048, 7.4801847E-051, 8.2564768E-037, 9.6416397E-038, 1.9342610E-038, 9.5704893E-056, 1.8821397E-054, 2.7224251E-055, 5.5697581E-032, 1.1327126E-031, 7.6606327E-030, 5.3944321E-002, 2.2268310E-002, 1.1297062E-002, 3.2390872E-019, 5.4162964E-019, 1.7091882E-019, 1.5673800E-002, 4.4413930E-003, 7.6279755E-003, 3.6234595E-020, 7.7590197E-020, 7.8889491E-018
 2.4403958E+002, 3.9293306E-081, 1.5238266E-083, 5.2288017E-087, 1.6513200E-072, 2.8264703E-074, 3.5868390E-077, 1.6979049E-067, 5.5346414E-069, 4.4563355E-072, 1.2277314E-068, 1.2279888E-070, 5.3997084E-074, 4.7249467E-074, 2.6820171E-075, 3.7753426E-079, 6.3557798E-083, 3.9763718E-086, 5.9691377E-091, 2.9690537E-064, 7.3801726E-066, 5.9927312E-070, 2.6348732E-047, 7.3510493E-049, 4.2353708E-051, 2.4438402E-037, 6.3555460E-038, 6.4460842E-039, 1.8699633E-055, 6.3845074E-055, 1.4630565E-056, 9.6785587E-031, 8.6665287E-031, 3.9742029E-030, 5.7392354E-002, 1.6470284E-002, 4.3787448E-003, 1.5990268E-018, 9.3554204E-019, 3.8151878E-019, 1.7071651E-002, 9.6274189E-003, 1.0293288E-002, 3.6845639E-020, 6.0232149E-020, 4.1443231E-018
 2.4507760E+002, 1.0349136E-082, 1.0006465E-084, 1.5794982E-088, 4.3042421E-074, 2.5332160E-075, 8.8367365E-079, 8.1173680E-069, 1.8250442E-070, 1.2701718E-073, 4.6321103E-070, 8.1916472E-072, 3.0538591E-075, 1.0385699E-075, 3.1265735E-076, 8.6289537E-080, 1.4027880E-084, 8.9692427E-088, 7.9966077E-093, 8.8246361E-066, 8.7727972E-068, 7.0193901E-072, 2.3881117E-048, 5.1930889E-049, 6.1393070E-052, 1.2810662E-037, 1.3855518E-038, 4.2227936E-040, 1.4933311E-055, 4.8458314E-056, 5.0686688E-058, 7.2951163E-030, 3.1053516E-029, 6.9750085E-030, 5.7749292E-002, 2.3161213E-002, 4.4338095E-003, 7.1338028E-018, 1.9583432E-018, 6.8859916E-020, 2.0677149E-002, 1.2800668E-002, 6.2938795E-003, 1.1055269E-020, 1.7458202E-020, 1.8200777E-018
 2.4602125E+002, 6.0342447E-084, 1.0874329E-085, 1.9546956E-089, 8.4366008E-075, 1.2462752E-076, 4.3521896E-080, 5.0809008E-070, 2.8681912E-072, 2.2302073E-075, 1.3086657E-071, 3.1181048E-073, 4.9298080E-076, 5.0071700E-076, 8.7749433E-077, 1.6367271E-080, 2.2694323E-086, 2.5952820E-089, 1.1109028E-094, 4.5880952E-067, 2.3634406E-069, 1.4772066E-073, 1.6619819E-049, 4.8016625E-050, 9.7947454E-053, 3.5651463E-038, 1.7415635E-039, 2.2222155E-041, 2.6273219E-056, 1.9620078E-057, 2.3227294E-059, 1.8153383E-028, 5.3651942E-028, 1.0815711E-028, 5.2931094E-002, 3.1456469E-002, 4.8090429E-003, 9.2463302E-018, 3.3536502E-018, 1.4977020E-019, 2.2369161E-002, 2.0432934E-002, 3.5074621E-003, 1.2546990E-021, 1.0820588E-020, 8.6364951E-018
 2.4705927E+002, 2.6926512E-085, 1.0233717E-086, 1.1903129E-090, 1.3210711E-075, 1.5849828E-077, 1.5390157E-081, 2.6779754E-071, 8.0911012E-074, 6.1617561E-077, 3.8930663E-073, 6.3206756E-075, 3.3617523E-077, 6.4342448E-077, 3.7462437E-078, 1.9053996E-082, 4.2968444E-088, 9.3091890E-091, 1.9115563E-096, 3.9153138E-068, 2.6265737E-070, 2.4088861E-074, 1.2729765E-049, 1.4010706E-050, 1.2305100E-053, 8.2741920E-039, 5.6337287E-040, 2.7140224E-042, 1.6898963E-057, 7.3448238E-059, 1.3844685E-060, 1.9917002E-027, 2.4883854E-027, 2.5410557E-028, 4.6722095E-002, 1.1165590E-002, 2.0023597E-003, 1.2058717E-017, 2.9702527E-018, 1.4513936E-019, 2.0818212E-002, 7.2513452E-003, 4.6270917E-004, 2.6133262E-021, 6.1342743E-020, 4.7958371E-017
 2.4800293E+002, 5.6529730E-086, 2.3227305E-087, 7.6025670E-092, 6.0941263E-077, 1.3297671E-078, 1.2622967E-082, 4.4122568E-072, 3.8681543E-074, 2.1539302E-078, 2.5006178E-074, 1.5299744E-076, 4.9479421E-079, 2.2071155E-078, 7.4847724E-080, 8.4116855E-084, 4.0534996E-089, 1.3486514E-091, 1.1357564E-097, 1.5044015E-069, 6.0586001E-072, 2.3946563E-074, 5.8943123E-050, 3.4623962E-051, 4.7774802E-054, 1.9299140E-039, 9.7328222E-041, 4.5920633E-043, 6.2228664E-059, 2.3960488E-060, 3.0390310E-062, 8.7872799E-027, 3.8052818E-027, 2.0896855E-028, 5.0134918E-002, 1.1093044E-002, 4.5537134E-003, 5.0147630E-018, 1.1345742E-018, 4.9952323E-020, 2.0277779E-002, 2.4924436E-003, 4.6022735E-004, 1.5503496E-020, 6.4356223E-019, 1.3030916E-016
 2.4904095E+002, 4.3961281E-087, 1.6895528E-088, 5.8778617E-093, 1.0406415E-078, 2.1444211E-080, 5.4154382E-084, 3.1548753E-073, 3.9111500E-075, 6.2939089E-079, 1.7481101E-075, 1.1314159E-077, 1.6093273E-080, 4.9365742E-080, 3.1066189E-081, 2.0378357E-085, 1.6078491E-090, 7.6175892E-093, 8.1269892E-098, 2.5367411E-070, 3.6825609E-072, 6.5513671E-075, 1.3391942E-050, 6.4455647E-052, 4.1299290E-054, 2.2008554E-040, 1.0067127E-041, 3.4606311E-044, 3.9823439E-060, 1.3234258E-061, 5.6156485E-064, 1.5031457E-026, 2.7164503E-027, 7.2673676E-028, 5.4464942E-002, 1.7144258E-002, 6.1433446E-003, 1.9436947E-018, 4.2495123E-019, 4.4253243E-019, 2.1887297E-002, 7.3410985E-003, 3.7701972E-003, 4.6684511E-020, 8.5558681E-019, 2.7848211E-016
 2.5007897E+002, 2.6272294E-088, 1.1247423E-089, 6.2093360E-094, 2.0127863E-080, 1.8417551E-082, 5.4488854E-086, 4.3645313E-075, 1.5101395E-076, 1.6740727E-080, 9.3443019E-077, 4.0578614E-079, 6.2540785E-082, 1.9893719E-081, 8.4141174E-083, 1.2658057E-086, 3.3755247E-092, 3.8407831E-094, 2.4267041E-099, 8.5120050E-071, 1.8142572E-072, 3.5967154E-076, 7.8189549E-052, 2.3626699E-053, 2.6266455E-055, 2.9501690E-041, 7.9018421E-043, 1.7833880E-045, 3.7165272E-061, 1.0519225E-062, 1.2860841E-065, 3.0836793E-026, 1.1786768E-026, 7.0943853E-027, 6.0281468E-002, 2.5575214E-002, 7.7828131E-003, 5.2835355E-019, 2.9137392E-019, 3.5163888E-019, 1.8055596E-002, 1.8622648E-002, 1.2939743E-002, 3.5139278E-020, 7.3738210E-019, 2.1539987E-015
 2.5102262E+002, 2.9910084E-089, 1.1832598E-090, 6.2853471E-095, 4.5531624E-082, 1.6100852E-084, 6.2345839E-088, 7.1229139E-077, 1.7705183E-078, 8.2190191E-082, 7.7187343E-078, 3.1170960E-080, 1.1174074E-083, 9.5302053E-083, 2.3171680E-084, 1.6669641E-088, 4.0244441E-094, 3.2153086E-096, 2.8487082E-100, 5.8450241E-072, 2.0995685E-073, 2.1269582E-076, 6.5150251E-053, 1.2787266E-054, 5.2612703E-057, 1.2182996E-041, 1.3793629E-043, 1.8837059E-045, 3.6054011E-062, 3.5406176E-064, 3.8768832E-067, 4.9100247E-026, 6.6743030E-026, 1.6064983E-026, 5.9053795E-002, 2.2614923E-002, 1.2373772E-002, 3.2721036E-019, 3.4308372E-019, 8.7947780E-020, 2.4190287E-002, 2.3663345E-002, 1.9797402E-002, 6.9382466E-020, 6.2430636E-018, 1.8473890E-014
 2.5206064E+002, 2.5693712E-090, 1.1981753E-091, 2.5439759E-095, 2.2886572E-083, 8.4460077E-086, 1.4141920E-089, 2.5584664E-078, 5.1202164E-080, 1.5556774E-083, 7.2500193E-079, 1.1852960E-081, 2.3025135E-085, 5.1684061E-084, 4.9696172E-086, 2.8875405E-090, 8.3537847E-096, 7.2230540E-098, 1.7495641E-100, 1.5342424E-072, 4.3786086E-074, 1.2087856E-076, 7.5646364E-054, 2.9022579E-055, 2.3058479E-057, 1.9954259E-042, 1.0726503E-044, 3.9128559E-046, 3.8337882E-063, 1.3509970E-065, 8.6628162E-069, 9.6503567E-026, 2.1815966E-025, 1.1273913E-026, 5.2777427E-002, 2.4791384E-002, 1.1483447E-002, 4.7413644E-019, 4.5559821E-019, 1.1903182E-019, 2.7804026E-002, 2.4949074E-002, 1.7870550E-002, 1.2607643E-018, 1.1002508E-016, 4.3701138E-014
 2.5300429E+002, 2.9950443E-091, 1.6643122E-092, 8.3333036E-097, 7.9634851E-085, 3.4582274E-087, 5.2304573E-091, 6.1558602E-080, 9.2512062E-082, 5.8624365E-085, 6.8565922E-080, 6.9465417E-082, 4.7887141E-087, 1.2776591E-085, 9.4365544E-088, 5.7684598E-092, 3.2733453E-097, 4.2943873E-099, 7.8774226E-102, 4.5641211E-073, 4.3397690E-075, 5.3936505E-077, 1.9878880E-054, 1.0318714E-055, 4.5998343E-058, 3.1895591E-043, 6.4456685E-045, 4.7036127E-047, 1.9065401E-064, 5.1649082E-067, 1.6615034E-070, 8.4472527E-026, 6.2645535E-026, 5.6988203E-027, 5.2251790E-002, 3.0243418E-002, 1.5127901E-002, 1.1536567E-018, 3.2321737E-019, 5.8111391E-019, 2.8382388E-002, 2.0364099E-002, 8.4516481E-003, 9.2774933E-018, 2.8916716E-016, 4.6647223E-011
 2.5404231E+002, 1.8268601E-092, 1.7552762E-093, 7.5123989E-098, 1.6363842E-085, 3.0820498E-088, 3.5984396E-092, 1.3547253E-081, 1.7338351E-083, 1.3191976E-086, 2.8836509E-081, 3.3780312E-083, 6.2413920E-088, 6.2730618E-087, 1.7706463E-089, 2.0243811E-093, 1.3870509E-098, 3.1569661E-100, 3.1934543E-103, 1.8381177E-072, 1.1145651E-074, 4.3839279E-077, 3.9019885E-055, 2.2702799E-056, 9.9088872E-059, 2.0363040E-044, 6.0662859E-046, 2.3176239E-047, 4.0764048E-065, 1.2284853E-067, 4.7385870E-072, 1.1190393E-025, 7.9220884E-026, 1.2345368E-026, 5.1526020E-002, 1.8133034E-002, 1.7081292E-002, 2.6922969E-018, 4.0378604E-019, 1.0673166E-017, 2.7897103E-002, 2.0445783E-002, 2.0985872E-002, 2.8577509E-017, 5.2152390E-016, 7.0728916E-009
 2.5508033E+002, 6.3315116E-094, 2.7328431E-095, 2.5904065E-099, 7.0356226E-087, 3.5589799E-089, 1.2441512E-093, 2.0533670E-083, 1.2026867E-085, 1.3926485E-088, 1.1578675E-082, 6.7914117E-085, 6.5253388E-088, 4.4975627E-088, 5.6886367E-091, 9.9090456E-095, 7.8899082E-100, 6.0323542E-101, 5.0067970E-105, 7.0375063E-073, 1.7308932E-074, 8.8462434E-078, 6.4102231E-056, 3.7245073E-057, 3.7032439E-059, 7.2532473E-046, 2.9767969E-047, 9.8753399E-049, 2.0343979E-066, 8.3288714E-069, 1.0256788E-073, 5.9524667E-026, 1.4318639E-025, 2.8964867E-026, 4.4702791E-002, 1.9669879E-002, 9.0684795E-003, 2.0772098E-017, 2.0794161E-018, 3.4220330E-017, 2.8913443E-002, 2.3735433E-002, 1.6909817E-002, 2.1590577E-017, 5.8827755E-016, 1.9554452E-008
 2.5602399E+002, 8.8704349E-096, 2.3085218E-097, 3.2359585E-101, 3.9909641E-088, 7.5525879E-091, 3.2312103E-095, 5.0991105E-085, 2.3940486E-087, 2.9425956E-090, 3.5830084E-084, 1.4123177E-086, 4.0828574E-089, 1.6794626E-089, 3.9053433E-092, 6.4417132E-096, 1.3661908E-100, 2.4303711E-102, 1.8901476E-106, 5.1882039E-074, 6.8172627E-075, 5.3858593E-078, 9.6232422E-057, 9.4936653E-058, 2.5261748E-060, 6.0463802E-047, 3.2225501E-048, 5.3981795E-050, 3.8672455E-068, 8.9990943E-071, 3.6348684E-075, 6.4654271E-026, 1.3715105E-025, 5.5893699E-026, 3.1585086E-002, 5.8155240E-003, 8.4151336E-004, 3.6040750E-017, 1.1847431E-017, 3.3384152E-017, 2.4334512E-002, 1.1259285E-002, 5.9605719E-003, 2.6728935E-011, 2.0711497E-009, 5.6189626E-009
 2.5706201E+002, 1.7923578E-097, 3.5375216E-099, 9.7216413E-103, 3.9125982E-089, 2.0127796E-092, 3.7543225E-096, 1.5227678E-086, 7.7925770E-089, 1.8432181E-091, 9.5614183E-086, 4.1988171E-088, 9.0990133E-091, 2.1439681E-090, 1.1806510E-092, 2.5906885E-097, 5.5670315E-102, 8.3622460E-104, 3.1624993E-107, 1.8854715E-074, 1.2017402E-075, 2.0382281E-078, 1.4583758E-057, 1.7116916E-058, 5.4130531E-061, 5.1076553E-048, 1.1183276E-048, 1.4185920E-050, 2.7609622E-069, 1.0013423E-071, 1.6353797E-076, 6.8926469E-026, 1.0635282E-025, 6.6878148E-026, 2.4416065E-002, 6.9093823E-003, 3.4517060E-003, 3.3729767E-017, 1.2127317E-016, 1.1897152E-016, 1.5348815E-002, 1.5990386E-002, 9.7326753E-003, 4.2754600E-010, 5.8477414E-009, 1.4016049E-008
 2.5800566E+002, 5.4174994E-099, 7.1193484E-101, 2.5103478E-103, 2.0689836E-090, 5.2859743E-093, 3.0023987E-097, 2.2484151E-087, 2.4730495E-090, 9.0482873E-093, 3.1992755E-087, 5.3225519E-089, 1.3347056E-092, 3.4363522E-091, 4.2667677E-094, 5.1884750E-099, 8.0180601E-104, 2.6200359E-105, 7.9174992E-109, 2.4996849E-075, 9.7582882E-077, 3.0875695E-078, 1.0063467E-058, 6.5721593E-060, 1.9212945E-062, 1.1702932E-048, 1.4886794E-049, 2.3796348E-051, 1.1554584E-070, 2.1798164E-072, 2.9646819E-077, 4.8851016E-026, 3.7351746E-026, 2.7791115E-026, 1.3697791E-002, 7.7889316E-003, 5.6716359E-003, 7.2436318E-017, 3.9327680E-016, 8.8088880E-017, 1.4514790E-002, 1.6228229E-002, 5.3032021E-003, 4.8315218E-009, 1.2302933E-008, 1.7668290E-008
 2.5904368E+002, 3.1545059E-100, 7.3811267E-102, 4.3682548E-104, 5.0297665E-091, 4.3505026E-093, 3.9275476E-098, 6.6041138E-089, 1.5034220E-091, 3.7216333E-094, 1.2729156E-088, 1.5162091E-090, 2.9431346E-094, 2.0048644E-092, 5.3142302E-095, 8.8393310E-101, 7.2394748E-105, 1.7981770E-106, 8.7950739E-110, 2.6710715E-076, 2.0385981E-077, 1.0581406E-078, 3.6198708E-060, 1.6316702E-061, 4.7571936E-064, 1.3812030E-049, 5.9211288E-051, 3.7164239E-052, 3.9387359E-072, 2.6213088E-074, 2.4735085E-077, 1.7253817E-026, 8.5977957E-027, 5.4657860E-027, 1.1663089E-002, 7.9648238E-003, 3.0597580E-003, 3.9545147E-016, 3.8341087E-016, 1.7019625E-017, 1.4571474E-002, 6.2650455E-003, 3.2579490E-003, 1.0525517E-008, 3.2825990E-008, 2.7993062E-008
 2.6008170E+002, 1.8253083E-101, 1.1722050E-102, 7.9934609E-106, 3.1172283E-092, 4.0842107E-094, 1.1885156E-099, 1.6178058E-090, 1.1842898E-092, 4.0357223E-095, 4.2932325E-090, 3.9955711E-092, 3.7830049E-096, 4.0016678E-094, 6.0182307E-096, 7.4646750E-102, 4.8673367E-106, 1.3910547E-107, 5.4031719E-111, 3.5292619E-077, 1.9680272E-078, 9.5050379E-080, 8.5436946E-062, 3.6319151E-063, 7.0078093E-066, 8.8647279E-051, 4.1550924E-052, 2.6007737E-052, 1.4597501E-073, 2.6728153E-076, 1.7154021E-078, 3.2475121E-027, 1.7411188E-027, 1.0074056E-027, 6.1676400E-003, 5.7595809E-003, 2.9019485E-004, 1.8177465E-015, 7.0768173E-017, 1.7276921E-017, 7.7593595E-003, 1.0537218E-002, 1.0409584E-002, 1.4618809E-008, 3.4967680E-008, 8.3096446E-009
 2.6102535E+002, 2.2178858E-102, 7.3724354E-104, 1.0875633E-107, 1.0003585E-093, 5.5157088E-096, 2.2029202E-101, 3.4401461E-092, 4.8650369E-094, 3.5810698E-096, 1.3766042E-091, 1.2964762E-093, 5.7963985E-098, 1.5341066E-095, 5.5562406E-097, 2.4356892E-102, 5.3982731E-107, 9.9678278E-109, 2.4931628E-112, 6.0319230E-078, 1.1099626E-079, 2.0569548E-081, 4.5055128E-063, 3.6472224E-064, 1.2347657E-067, 5.0708563E-052, 1.3581381E-052, 3.0598590E-053, 4.1386997E-075, 1.1472359E-077, 9.9173881E-080, 8.9446424E-028, 3.3418060E-028, 4.0925540E-028, 1.8120292E-003, 1.8202531E-003, 4.5442261E-004, 1.0097827E-015, 4.0205332E-017, 3.1120288E-017, 1.6932158E-002, 1.8156617E-002, 3.1940757E-003, 4.2747460E-009, 3.5315695E-009, 7.1065754E-009
 2.6206337E+002, 2.4943298E-103, 3.3142487E-105, 3.2514236E-109, 9.8176950E-095, 4.3858483E-097, 5.1922218E-102, 1.2332846E-093, 4.8585139E-095, 3.1481488E-097, 9.2089303E-093, 1.9376890E-095, 2.5283442E-099, 6.5105592E-097, 2.6775812E-098, 2.4211565E-103, 2.2134560E-108, 2.4222547E-110, 7.3479916E-114, 6.6606025E-079, 6.7427522E-081, 3.5108457E-083, 1.1040597E-063, 2.3119143E-065, 7.1507098E-069, 9.2779660E-053, 4.1054259E-053, 1.3353805E-054, 2.1177271E-076, 1.5655220E-078, 2.0598835E-081, 2.4396863E-028, 7.6061228E-028, 6.2319436E-028, 1.1961217E-003, 1.0254140E-003, 4.2760669E-004, 2.5144969E-016, 3.4064636E-017, 4.9034485E-018, 1.8944287E-002, 1.9252915E-002, 1.2005811E-002, 7.6371437E-009, 1.1756876E-007, 2.7174601E-008
 2.6300703E+002, 1.8337134E-104, 1.3533235E-106, 1.1584499E-110, 2.9441239E-096, 1.7298160E-098, 1.2293882E-103, 1.8962058E-094, 8.6296099E-096, 2.3673086E-098, 1.3373743E-093, 1.9279197E-096, 1.1620269E-100, 4.2968424E-098, 8.6590857E-100, 6.8027033E-104, 7.8978941E-110, 5.9562395E-112, 2.9717737E-115, 4.1207906E-080, 1.4504386E-082, 1.1952453E-084, 1.7873616E-064, 9.2480520E-067, 1.5067078E-069, 4.8691481E-053, 2.0862111E-054, 5.0048241E-056, 7.1547470E-078, 1.3264520E-079, 3.3521784E-083, 6.3033933E-027, 3.0583837E-027, 7.8329869E-028, 2.8709329E-003, 2.6663484E-004, 1.7963319E-004, 7.0061226E-017, 1.6805147E-017, 6.2634320E-019, 2.0852572E-002, 1.9170998E-002, 1.8191546E-002, 3.4045331E-008, 9.5109389E-008, 6.4381057E-007
 2.6404505E+002, 9.6552385E-106, 1.9279011E-108, 8.8120777E-112, 7.7371135E-098, 6.1739115E-100, 2.3360630E-105, 2.4028098E-095, 1.1044753E-096, 4.5250885E-100, 1.1487539E-094, 1.3512049E-097, 3.7656906E-102, 2.1875247E-099, 3.5473352E-101, 3.1711060E-105, 4.5754774E-111, 3.2689467E-113, 1.3633305E-116, 1.0800547E-080, 4.6226270E-082, 5.9700214E-084, 1.3706314E-065, 2.7874939E-067, 5.2620329E-071, 4.2920750E-053, 4.8255744E-055, 3.9335984E-057, 2.9558334E-079, 1.1268218E-080, 8.9914093E-085, 2.1342299E-026, 1.7662076E-027, 7.1637063E-029, 4.4200317E-004, 1.4592216E-004, 2.4840896E-005, 8.9823470E-018, 3.8045395E-018, 2.1986398E-019, 1.9849800E-002, 1.8018182E-002, 1.4953294E-002, 1.1592525E-007, 5.7608122E-008, 3.7522319E-007
 2.6508307E+002, 1.9697629E-107, 5.9016072E-110, 8.6211057E-113, 2.2856620E-099, 7.2253790E-102, 5.3341829E-107, 1.2976580E-096, 1.2754925E-097, 1.2660992E-101, 7.4621840E-096, 3.6926243E-098, 8.3388259E-104, 5.7618079E-101, 1.2489325E-102, 7.1887377E-107, 1.3250799E-112, 9.6099279E-115, 2.9508323E-118, 1.7348135E-081, 6.1023242E-083, 9.2463102E-085, 1.7696007E-066, 2.3090002E-068, 3.0009375E-072, 7.6292607E-054, 1.0328529E-055, 1.8428936E-058, 5.9945847E-081, 3.6566918E-082, 6.1180248E-086, 4.2236001E-027, 1.2169974E-026, 2.5147165E-028, 1.7747225E-004, 8.3316785E-005, 3.1672169E-005, 1.2838863E-018, 3.7394624E-019, 1.3566270E-019, 1.7206929E-002, 1.2228655E-002, 2.7647768E-003, 3.7336451E-007, 3.0653079E-008, 4.0365522E-009
 2.6602672E+002, 7.6251760E-109, 6.6053194E-111, 8.3894940E-114, 1.1073674E-100, 3.5693630E-103, 3.2156304E-108, 1.0123090E-097, 1.1121358E-098, 1.3063143E-102, 4.5568823E-097, 2.5350213E-099, 2.0122752E-105, 1.4658482E-102, 4.1813708E-104, 1.1753758E-108, 6.5342069E-114, 1.3551350E-116, 2.6555813E-120, 4.9562010E-083, 1.1062032E-084, 1.3186768E-086, 1.4638050E-067, 2.0009694E-069, 1.1209885E-072, 7.4283153E-055, 1.4924717E-056, 5.3371881E-060, 2.2845286E-082, 1.0654466E-083, 2.8481363E-087, 1.4004047E-027, 5.4030336E-026, 6.0639882E-028, 1.2211909E-004, 1.1354497E-005, 9.9321443E-006, 1.1718126E-019, 1.4080733E-019, 4.7926803E-020, 8.4838729E-003, 3.2482837E-003, 5.5477959E-003, 1.7489376E-007, 2.2620137E-008, 3.8231184E-010
 2.6706474E+002, 5.5273483E-110, 8.6478869E-112, 8.8356733E-115, 1.0574169E-101, 3.2216579E-104, 1.2917165E-109, 1.5319993E-098, 3.3777135E-100, 6.1216818E-104, 1.5655577E-098, 5.7251334E-101, 1.0991521E-106, 6.4620708E-104, 2.4591462E-105, 4.5175620E-110, 3.1532484E-115, 2.9072861E-118, 4.5838308E-122, 7.8734314E-084, 8.1210626E-086, 1.9203425E-088, 9.2188286E-069, 2.0623996E-070, 2.8427551E-073, 1.8988961E-055, 6.3865172E-057, 4.7638875E-061, 1.9689746E-083, 4.7737569E-085, 1.1959114E-088, 3.3166304E-027, 2.3554735E-026, 7.3588557E-028, 8.8704188E-005, 1.5462960E-005, 1.2584324E-005, 2.6371669E-020, 5.5433094E-020, 8.2856793E-021, 8.0324270E-003, 8.5099169E-003, 8.3602531E-003, 1.8523177E-008, 2.0193910E-009, 1.7580534E-010
 2.6800839E+002, 7.3586381E-111, 8.0976954E-113, 5.1520761E-116, 5.4592640E-103, 1.8673395E-105, 1.0851672E-110, 1.1022267E-099, 1.6324802E-101, 2.0057802E-105, 5.4919736E-100, 3.7171851E-102, 3.1057788E-107, 1.0246727E-104, 5.1276831E-106, 3.6958355E-111, 5.9970661E-117, 2.7964452E-119, 1.0358970E-122, 2.0450790E-085, 7.5195193E-088, 2.3627057E-090, 2.8131873E-069, 7.3077275E-071, 6.0238827E-074, 3.8424274E-056, 1.5036804E-057, 5.3442417E-061, 1.1182355E-084, 2.1346859E-086, 5.7643222E-089, 8.6975296E-027, 1.4608276E-026, 1.4804354E-027, 5.2210829E-005, 8.6567022E-006, 2.6975284E-006, 9.2605019E-021, 3.3021313E-021, 8.7601946E-022, 4.7532567E-003, 8.4789554E-003, 3.0100544E-003, 2.8299699E-010, 1.9746164E-010, 3.5880086E-011
 2.6904641E+002, 3.9913992E-112, 1.0263756E-113, 8.1722553E-117, 1.1785386E-104, 2.4434487E-107, 7.4533805E-112, 5.4322117E-101, 6.4573957E-103, 8.0003843E-107, 1.4914335E-101, 7.3204748E-104, 3.1073265E-108, 6.4650744E-106, 1.1709683E-107, 4.9105949E-112, 5.8009727E-118, 1.9221176E-120, 2.1710048E-124, 7.8560599E-087, 1.0329366E-089, 3.9157781E-092, 2.1989469E-070, 4.0809715E-072, 2.0014327E-074, 9.6183235E-057, 2.0972952E-058, 6.9806268E-062, 3.1722438E-086, 5.8885239E-088, 5.0923108E-089, 2.3072485E-026, 1.2672513E-026, 7.3928450E-028, 3.0348564E-005, 2.5950984E-006, 1.5819391E-007, 5.8027774E-021, 3.7562176E-022, 6.6474216E-023, 7.4893704E-003, 1.0001456E-002, 3.8493236E-003, 1.9950532E-010, 3.6607511E-011, 1.7830745E-010
 2.7008443E+002, 1.6549918E-113, 5.3591352E-115, 3.9453837E-118, 3.7869823E-106, 2.4942305E-108, 2.4494988E-113, 1.4781739E-102, 8.1814560E-105, 1.5955422E-108, 3.3749505E-103, 5.5313380E-106, 1.2964366E-109, 9.4253024E-108, 1.4341341E-109, 6.3019832E-114, 3.7733913E-119, 3.4616686E-121, 2.4999606E-126, 1.4677673E-088, 4.1375359E-091, 3.4153118E-094, 2.9390293E-071, 1.3653640E-072, 3.5119449E-075, 1.8630571E-057, 2.9299098E-059, 2.0968838E-062, 1.0327081E-086, 3.2699529E-088, 1.4738163E-089, 2.8545983E-026, 4.2893639E-027, 9.9280830E-029, 4.0786095E-006, 1.4088956E-006, 1.3700043E-007, 1.4010074E-021, 5.2958784E-023, 3.6109442E-024, 8.1595479E-003, 6.3029784E-003, 3.7955936E-003, 1.2903377E-011, 2.8146645E-012, 5.6789920E-011
 2.7102809E+002, 5.3410842E-115, 7.7624118E-117, 2.0681447E-119, 2.1083739E-107, 1.7829842E-109, 1.8107604E-114, 1.3736579E-104, 1.9828095E-106, 2.9393795E-110, 1.1644955E-104, 1.8437674E-107, 4.0188794E-111, 2.1172876E-109, 3.1271303E-111, 2.0998901E-115, 2.0477218E-120, 1.2365909E-122, 6.3085190E-128, 2.1889498E-090, 1.1249944E-092, 3.2238269E-096, 2.5299502E-072, 1.4290547E-073, 5.0280206E-076, 2.2236017E-058, 3.6167303E-060, 1.3163285E-063, 1.3043143E-087, 7.1098274E-089, 1.3472398E-090, 6.9491643E-027, 3.5535191E-028, 1.5250840E-029, 2.2103993E-007, 3.1079239E-007, 4.2879576E-009, 1.2843224E-022, 5.7871303E-024, 1.6015614E-025, 6.8248005E-003, 7.2580318E-003, 2.9373867E-003, 2.0704372E-012, 7.9125245E-014, 8.8187164E-011
 2.7206611E+002, 1.7081874E-116, 1.3826144E-118, 5.5776761E-121, 6.9950224E-109, 7.2564247E-111, 6.3516123E-115, 4.9400624E-106, 1.0696038E-107, 5.9040615E-112, 5.4572809E-106, 7.0833065E-109, 1.2749446E-112, 1.4179160E-110, 1.4783140E-112, 1.1681668E-116, 6.9515201E-122, 3.8183080E-124, 3.3898829E-129, 9.5709581E-092, 1.8240335E-094, 6.7090842E-098, 1.9558130E-073, 9.8926502E-075, 6.0047187E-077, 1.2592681E-059, 4.3301427E-061, 4.0947957E-064, 2.0882615E-088, 1.4812189E-089, 3.6764528E-092, 1.1312870E-027, 4.8537005E-029, 1.9792334E-030, 1.2030333E-008, 7.5062869E-009, 5.6347833E-011, 1.9752993E-023, 6.4520600E-025, 8.0545713E-027, 7.6722528E-003, 4.3485051E-003, 6.0633126E-003, 5.0861941E-013, 3.8775809E-014, 2.2256985E-011
 2.7300976E+002, 1.6600466E-117, 2.5276384E-120, 9.2099192E-123, 8.6566644E-111, 4.7850462E-113, 4.5767725E-116, 9.8123225E-108, 1.9380571E-109, 5.0219911E-113, 1.6933049E-107, 2.1104620E-110, 4.4671614E-114, 6.2098633E-112, 6.4534473E-114, 7.9019214E-118, 1.2323230E-123, 6.8385819E-126, 2.4520317E-130, 2.3697993E-093, 5.2990820E-096, 1.0472378E-099, 1.0141827E-074, 3.8580136E-076, 6.2845327E-078, 5.9121067E-061, 3.3329063E-062, 4.4472821E-065, 7.2759593E-089, 1.7571633E-090, 1.0684341E-093, 3.9263456E-028, 2.6009848E-029, 1.5726786E-030, 2.2042326E-009, 3.1103714E-009, 1.0385546E-011, 1.5954198E-024, 5.3016999E-026, 4.2074409E-028, 7.3592216E-003, 4.1040185E-003, 1.4244669E-002, 4.7508088E-013, 1.6800550E-013, 3.1130957E-013
 2.7404778E+002, 4.8122437E-119, 8.1620161E-122, 1.5562282E-124, 2.2514706E-112, 6.2131172E-115, 7.9570349E-118, 3.2611176E-109, 8.4834126E-111, 2.7765845E-114, 1.5999912E-108, 4.1872691E-111, 5.2559278E-115, 1.6229987E-113, 1.3776967E-115, 1.5046928E-119, 5.0746124E-125, 3.1891354E-127, 6.1302560E-131, 1.1394298E-094, 1.1966886E-097, 1.8296573E-101, 3.1555669E-075, 1.3139854E-076, 6.2943311E-079, 2.0679142E-062, 1.5144286E-063, 5.6842639E-066, 1.2680714E-089, 1.3320458E-090, 4.0967148E-095, 9.2420851E-029, 9.8071594E-030, 3.4761154E-031, 2.1735399E-010, 2.8551093E-011, 4.8679193E-012, 8.9509754E-026, 9.0499363E-027, 4.3251941E-029, 6.2163337E-003, 1.1121040E-002, 1.0924253E-002, 1.9284102E-013, 5.3467987E-015, 3.5749937E-014
 2.7508580E+002, 9.1337396E-121, 1.5103070E-123, 1.6489930E-126, 4.3837802E-114, 1.6047335E-116, 1.0385910E-119, 3.6121964E-111, 1.0772948E-112, 7.9847637E-116, 1.0987921E-109, 3.9639292E-111, 2.6800886E-116, 1.2787073E-114, 3.3726432E-117, 3.5085098E-121, 2.4533597E-126, 1.6665489E-128, 1.4414204E-132, 8.3736564E-096, 3.4211338E-099, 1.6858007E-101, 5.5745631E-076, 6.4776357E-078, 3.0854810E-080, 4.0511412E-064, 2.4191146E-065, 1.5299459E-067, 9.8106214E-091, 2.8818786E-092, 1.5586969E-096, 2.0664946E-029, 3.0887467E-030, 6.5846061E-032, 3.0564829E-012, 1.4401858E-012, 3.8038753E-014, 4.5528913E-027, 9.7838152E-028, 2.7152218E-030, 1.2841680E-002, 1.2181239E-002, 1.3764590E-002, 7.5123544E-015, 7.2204042E-016, 1.9070499E-015
 2.7602945E+002, 3.6840528E-122, 6.8873435E-125, 3.1035677E-128, 5.8294294E-116, 4.9014410E-118, 1.9935578E-121, 1.0969729E-112, 1.2952813E-114, 1.1111534E-117, 3.0709165E-111, 9.6311825E-113, 1.2385402E-117, 6.8791755E-116, 1.5967479E-118, 4.4741364E-122, 1.4328766E-127, 1.9740752E-129, 4.5404413E-134, 9.0324430E-098, 1.0194758E-099, 9.3384727E-101, 3.6117739E-077, 1.2889662E-078, 1.7650639E-081, 1.8600636E-065, 4.2805985E-067, 5.5066948E-069, 3.8764706E-092, 8.8021883E-094, 2.8328094E-097, 1.5746540E-029, 1.9967652E-030, 1.4997384E-032, 2.1225456E-011, 2.1373465E-012, 3.7579272E-014, 2.8704151E-028, 4.1854852E-029, 2.7285156E-031, 1.3340571E-002, 7.9912504E-003, 9.6478926E-003, 1.0106098E-015, 8.8662556E-017, 3.2258019E-016
 2.7706747E+002, 1.9069915E-123, 1.5213261E-126, 8.6492937E-130, 2.1958473E-117, 2.5794295E-119, 4.9885681E-123, 1.3228181E-113, 2.8756992E-116, 6.9144025E-119, 4.8035678E-113, 9.4618054E-115, 2.7358133E-119, 9.1095633E-117, 1.2786430E-118, 1.4673050E-123, 1.0623567E-128, 5.1551326E-131, 1.3385860E-135, 2.7065241E-099, 9.8923294E-101, 3.3420639E-101, 2.2907554E-078, 1.7592532E-079, 5.4062405E-082, 1.5819304E-066, 1.3405326E-068, 1.9939484E-070, 5.6334965E-093, 3.0875635E-095, 6.6981427E-098, 4.2741169E-030, 4.7066140E-031, 2.3111047E-033, 4.5241025E-012, 9.4453213E-013, 5.7804558E-015, 7.1957686E-029, 4.9182913E-030, 4.6802552E-031, 1.2612840E-002, 9.9912382E-003, 4.3446318E-003, 3.0253852E-016, 4.4589390E-017, 3.3079900E-016
 2.7801113E+002, 1.0770852E-124, 4.6372056E-127, 2.6013346E-131, 7.1056778E-119, 4.1857460E-121, 7.5442489E-125, 3.0211633E-115, 2.7317493E-117, 3.4687487E-120, 1.2637396E-114, 8.8050697E-117, 1.9650503E-120, 2.5870912E-118, 1.2655204E-119, 2.6193354E-124, 3.6066305E-130, 8.7962074E-133, 6.6947558E-137, 7.3405378E-101, 4.2286252E-101, 1.0511643E-101, 3.7342967E-079, 1.5466966E-080, 1.4571987E-082, 1.0100022E-067, 1.7505818E-069, 4.1755212E-072, 5.0152822E-094, 1.0221975E-095, 5.7781138E-099, 5.7706649E-031, 4.0408620E-032, 2.2052610E-034, 7.6769528E-013, 1.3701001E-013, 4.9900921E-015, 2.0714096E-029, 2.0257119E-030, 8.8321723E-030, 9.5067397E-003, 1.0011115E-002, 4.6865254E-003, 4.1202044E-017, 3.3320650E-017, 3.3636091E-016
 2.7904915E+002, 1.3933112E-125, 8.6219558E-128, 1.2857980E-132, 2.2912447E-120, 8.4509594E-123, 1.7252215E-126, 8.9189166E-117, 8.5831899E-119, 1.1369823E-121, 9.4938644E-116, 2.1176046E-118, 4.1343462E-122, 5.1214580E-120, 2.8272498E-121, 2.3572955E-125, 1.9300838E-131, 3.7593945E-134, 7.3769470E-138, 1.0824012E-101, 1.3287179E-101, 2.8314205E-102, 3.7169888E-080, 2.4244733E-081, 4.0874288E-084, 3.2259718E-069, 1.5998047E-070, 2.9428731E-073, 3.2093664E-095, 8.7905752E-097, 1.0639752E-099, 1.1403124E-031, 1.0967448E-032, 1.5769087E-035, 6.0711880E-013, 8.5015130E-014, 2.0333979E-015, 4.4165623E-030, 9.2783266E-031, 4.8787657E-029, 1.0381604E-002, 1.0629122E-002, 1.0127681E-002, 1.3492389E-017, 1.7349913E-017, 1.6018134E-016
 2.8008717E+002, 7.6589982E-127, 2.5704539E-129, 1.0619264E-133, 1.6045820E-121, 1.1995496E-123, 4.8470833E-128, 3.2316006E-118, 4.3777872E-120, 1.2481032E-123, 8.6174280E-118, 1.0550863E-119, 4.2114894E-124, 1.7629927E-121, 4.7110413E-123, 2.6078252E-126, 6.3518055E-133, 1.4437552E-135, 7.6724007E-140, 8.6127285E-102, 1.5902469E-101, 4.7815111E-103, 1.2347576E-081, 1.3561320E-082, 3.5875258E-085, 2.0352425E-070, 3.0408423E-071, 3.0963437E-074, 1.6717958E-096, 2.2914002E-098, 3.6570113E-101, 4.6266923E-032, 3.9940543E-033, 2.9546378E-036, 1.1091939E-013, 1.4935282E-015, 2.2312618E-016, 1.1854084E-030, 4.2573879E-030, 1.3834596E-028, 1.1223436E-002, 1.1880565E-002, 9.2173931E-003, 5.2511696E-018, 7.4456403E-018, 5.5303222E-017
 2.8103082E+002, 2.2157914E-128, 7.4989478E-131, 7.2751730E-135, 4.1870611E-123, 9.5685776E-125, 1.6123429E-128, 2.3866648E-119, 5.3117074E-121, 3.3206935E-125, 1.3968223E-119, 1.8098614E-121, 3.5459337E-126, 1.6346207E-122, 3.3144644E-124, 1.8083120E-127, 1.3641849E-134, 4.1734924E-137, 2.6426498E-141, 3.3808239E-101, 2.6876673E-101, 2.3761332E-103, 7.0494352E-083, 4.6477052E-084, 6.6043353E-087, 2.0181268E-071, 3.5789228E-072, 1.6713623E-075, 2.2371903E-097, 1.7757375E-099, 1.0712957E-102, 1.6592881E-032, 1.1146260E-033, 5.8759988E-037, 3.1404931E-014, 8.4921341E-016, 2.6357406E-017, 1.2216962E-029, 3.0181105E-029, 2.1089606E-027, 1.2732841E-002, 1.2234857E-002, 1.1961748E-002, 2.4837388E-018, 3.3531421E-018, 1.4047550E-017
 2.8206884E+002, 6.9392117E-130, 2.1275813E-132, 5.4974274E-136, 1.6185262E-124, 2.0514746E-126, 3.6207790E-129, 1.5113599E-120, 1.5568119E-122, 8.1233937E-127, 6.0543971E-121, 2.7802087E-123, 3.6819760E-128, 7.7466647E-124, 5.3479898E-126, 5.5938766E-129, 2.1553111E-136, 1.0081662E-138, 7.0507219E-143, 1.4386366E-101, 2.4576056E-102, 2.1832451E-104, 2.9810404E-084, 2.8034338E-085, 1.2226962E-088, 3.5945570E-072, 7.4893648E-073, 1.6366419E-076, 1.6086299E-098, 7.7484305E-100, 2.0154283E-103, 3.5194944E-033, 9.4175521E-035, 5.9325200E-038, 1.5732474E-015, 5.1473304E-017, 1.9296825E-018, 9.3461921E-029, 1.5045724E-028, 2.4682523E-026, 1.2070042E-002, 1.2211522E-002, 1.2421968E-002, 1.0975947E-018, 1.9675298E-018, 3.4995803E-018
 2.8301249E+002, 2.3940414E-131, 3.5342395E-134, 8.4766971E-138, 7.1448527E-126, 1.2462602E-127, 2.0629913E-130, 5.2828164E-122, 6.9694653E-124, 6.5683822E-128, 2.2020186E-122, 3.8466295E-125, 1.3686189E-129, 1.5046224E-125, 1.0878614E-127, 7.7402961E-131, 6.5356147E-138, 1.5407639E-140, 1.0412380E-144, 7.2860289E-102, 1.5068512E-103, 1.1113415E-105, 3.1546586E-085, 5.3252937E-087, 2.0048680E-090, 1.9117280E-072, 1.1557575E-073, 6.2903248E-077, 3.3426610E-099, 1.6792513E-100, 3.0005289E-104, 4.1637013E-034, 4.5404177E-036, 2.1326854E-038, 1.4063810E-016, 9.5769549E-018, 1.8978361E-019, 2.9551781E-028, 4.4439124E-028, 2.7051149E-026, 1.2228499E-002, 1.2173979E-002, 1.2112040E-002, 1.0441294E-018, 2.2644615E-018, 1.5351884E-018
 2.8405051E+002, 6.4366823E-133, 4.0182535E-136, 3.0319505E-139, 1.2944152E-127, 1.0423305E-128, 8.6618700E-132, 3.1563366E-123, 3.5962772E-125, 5.8295263E-129, 7.1368633E-124, 8.5530040E-127, 1.1123842E-130, 5.5797506E-127, 6.9251184E-129, 1.8922349E-132, 5.5259012E-139, 6.1730315E-142, 3.3109516E-146, 2.0899444E-102, 9.8927179E-105, 1.7250312E-107, 1.5751863E-086, 1.0422066E-088, 2.7147866E-092, 1.8224093E-073, 4.4326917E-075, 3.4448786E-078, 3.6291337E-100, 8.1758230E-102, 3.1219134E-105, 5.8726704E-035, 1.0432389E-036, 2.5128133E-037, 6.1636223E-017, 2.9090157E-018, 2.6380969E-020, 5.6830440E-028, 7.8906294E-028, 1.2709737E-026, 1.2181676E-002, 1.3851443E-002, 1.5202267E-002, 1.7317788E-018, 2.6495068E-018, 6.6369408E-019
 2.8508853E+002, 7.5651420E-135, 9.8158201E-138, 2.8881633E-140, 3.0922063E-129, 1.9644178E-130, 1.8511880E-133, 2.2889680E-124, 4.7777771E-126, 1.8485763E-130, 8.8296331E-126, 2.8616799E-128, 8.0581251E-132, 1.7063797E-128, 1.2201247E-130, 1.8558408E-134, 2.5057582E-140, 3.1896037E-142, 3.5403433E-147, 2.1368143E-103, 2.1901800E-105, 4.6180455E-109, 1.8323438E-088, 1.4543703E-090, 3.3719498E-094, 8.6691049E-075, 5.3851749E-076, 9.1761401E-080, 2.4200172E-101, 1.5432530E-102, 9.1762924E-106, 1.0897472E-035, 5.5680000E-036, 7.9288438E-036, 2.3538880E-017, 2.1103009E-018, 3.1428568E-021, 2.2112642E-027, 1.1238651E-027, 3.5242953E-027, 9.8762691E-003, 9.6820238E-003, 1.3181663E-002, 7.9313308E-019, 2.0760935E-018, 4.7052113E-019
 2.8603219E+002, 2.2805995E-136, 1.5659650E-139, 1.9934241E-141, 7.0533956E-131, 2.8324139E-132, 2.6961846E-135, 2.5722688E-125, 2.1786135E-127, 1.0310824E-131, 1.7517230E-127, 1.3052834E-129, 6.2922135E-133, 1.0314584E-129, 3.5708427E-132, 1.8406637E-136, 9.1646169E-142, 4.0501176E-144, 1.4403402E-148, 1.0766752E-104, 2.5852046E-106, 1.8943710E-110, 4.6702214E-090, 2.8207877E-092, 6.2873767E-096, 5.5950795E-076, 4.2128497E-077, 1.1865051E-081, 1.3370850E-102, 5.4723379E-104, 2.1251358E-106, 3.3209363E-036, 6.0961771E-035, 1.5597946E-035, 1.2357384E-017, 6.6158695E-019, 4.7339901E-022, 3.9419167E-027, 4.1876784E-028, 6.1049894E-028, 9.5051447E-003, 1.0350437E-002, 1.0092941E-002, 4.7816082E-019, 1.3929327E-018, 3.0624829E-019
 2.8707021E+002, 2.0039313E-137, 2.2062565E-140, 5.8800740E-143, 4.2216516E-132, 6.3975349E-134, 6.4275966E-137, 1.2876327E-126, 1.1745710E-128, 9.0585456E-133, 6.2138244E-129, 8.7288985E-131, 4.4723591E-134, 3.9038468E-131, 1.2000388E-133, 2.6607958E-138, 1.6871665E-143, 6.7332334E-146, 4.0700928E-150, 2.4105528E-106, 6.2144496E-108, 1.7527003E-111, 2.6028072E-091, 7.9894512E-094, 1.4763285E-097, 1.4209906E-077, 1.0127798E-078, 3.0312253E-083, 1.3584948E-103, 3.8649533E-105, 6.6734533E-107, 2.0679547E-036, 7.4801280E-035, 1.8291115E-035, 2.1211356E-018, 2.0552656E-019, 3.3350915E-022, 8.7892118E-028, 5.7422214E-028, 9.3069152E-029, 1.0998511E-002, 1.2413674E-002, 1.0444914E-002, 5.3558347E-019, 6.2164857E-019, 1.2288824E-019
 2.8801386E+002, 1.5249932E-138, 6.7158927E-141, 1.0006241E-144, 1.9251215E-133, 1.8853714E-135, 3.9201857E-138, 1.6907032E-128, 7.0098113E-130, 3.4251113E-134, 8.0084315E-130, 6.8014811E-132, 1.9436815E-135, 1.0775062E-132, 6.5957221E-135, 2.8988977E-139, 6.0732911E-145, 4.4982175E-147, 7.6521220E-151, 1.2074024E-107, 8.8981259E-110, 3.6611035E-113, 1.7542888E-092, 3.6362988E-095, 4.5351801E-099, 4.9410206E-079, 1.9897582E-080, 9.6658955E-085, 1.3989594E-104, 4.3981121E-106, 8.7051808E-108, 4.1117171E-036, 5.9152353E-035, 3.9887990E-036, 3.9614091E-019, 1.4203390E-020, 3.9816788E-022, 1.0986422E-027, 4.7492026E-027, 9.3650582E-029, 1.0791647E-002, 6.3242235E-003, 9.3541482E-003, 8.0644134E-019, 5.7891530E-019, 3.6530745E-020
 2.8905188E+002, 1.0050745E-139, 2.1190788E-142, 1.4048379E-146, 1.0686777E-134, 1.6205807E-136, 3.5099126E-139, 3.4948685E-130, 6.4998150E-131, 3.3848551E-135, 4.2419914E-131, 1.3989767E-132, 1.0513887E-136, 6.5112205E-134, 4.3093277E-136, 1.3316177E-140, 1.0160221E-145, 7.8694519E-148, 3.9735099E-152, 3.8656749E-108, 2.6776059E-110, 8.1198786E-115, 5.4559467E-094, 1.5461110E-096, 3.5546876E-100, 3.6001782E-080, 1.0265502E-081, 6.6248846E-085, 1.5989816E-105, 2.9220606E-107, 9.0239523E-109, 8.1346115E-036, 2.1538144E-035, 7.4777181E-037, 8.4169602E-020, 6.4814271E-021, 7.3926402E-022, 1.5846555E-027, 5.9649125E-027, 2.7941219E-028, 6.0683812E-003, 9.7505491E-003, 7.5030776E-003, 8.0035930E-019, 3.9132083E-019, 9.1707084E-021
 2.9008990E+002, 2.3163676E-141, 1.9214108E-144, 1.8135510E-148, 8.6449945E-136, 2.8812653E-137, 2.8503826E-140, 3.9920040E-131, 7.2845371E-132, 1.5799938E-136, 2.6360452E-132, 5.5078366E-134, 8.2786694E-138, 3.2808881E-135, 1.8560385E-137, 1.6061921E-142, 4.6728908E-147, 5.1456077E-149, 8.0002651E-154, 1.6765882E-109, 1.4998388E-111, 1.5627086E-116, 3.8385967E-095, 3.4813365E-097, 2.0489473E-099, 3.2775956E-081, 3.1151530E-082, 2.4597636E-085, 2.7918416E-106, 4.8841982E-108, 2.1352014E-110, 2.7725741E-036, 2.3923305E-036, 1.8351235E-037, 1.5966203E-020, 2.1564111E-021, 3.8555742E-022, 3.8433107E-028, 5.0310584E-027, 1.8623925E-028, 6.1840833E-003, 9.4643722E-003, 8.4952403E-003, 5.2065106E-019, 3.0863023E-019, 4.0506033E-021
 2.9103355E+002, 6.4342608E-143, 2.1403149E-145, 2.1784685E-150, 4.7732435E-137, 8.9748820E-139, 7.9975532E-142, 1.6820767E-132, 4.5199177E-133, 1.6306339E-137, 1.3407315E-133, 2.9515627E-135, 1.0464298E-138, 6.1204274E-137, 5.3285204E-139, 1.6540171E-144, 9.8043105E-149, 9.5026513E-151, 1.7342709E-155, 6.0370376E-111, 5.0029948E-113, 1.3505281E-117, 3.6185286E-096, 2.1847232E-098, 7.4084925E-099, 7.4628236E-082, 7.4709067E-083, 4.2714177E-086, 5.3726695E-107, 7.1651760E-109, 1.2520258E-111, 1.0721367E-036, 1.0957974E-037, 9.1154699E-038, 3.0914822E-021, 4.5196197E-022, 2.3740631E-022, 4.0424548E-028, 2.8738999E-027, 4.6514844E-029, 7.5505781E-003, 9.1835674E-003, 6.3081482E-003, 8.0564472E-019, 2.8863398E-019, 2.2758332E-021
 2.9207157E+002, 4.2224508E-144, 1.0984847E-145, 7.0076970E-152, 1.2854386E-138, 1.6450046E-140, 3.2563381E-143, 1.2242505E-133, 5.2358306E-134, 4.0709030E-138, 7.7437516E-135, 4.9975288E-136, 2.1655818E-139, 1.7134630E-138, 2.4691903E-140, 2.5713379E-146, 1.8113089E-150, 1.2659015E-152, 5.7964332E-157, 3.5571452E-112, 3.7381593E-114, 8.4817231E-119, 1.5197411E-097, 6.8917761E-099, 1.1394573E-099, 1.1899146E-082, 7.4401490E-084, 2.0597846E-086, 4.7160779E-108, 5.4567560E-110, 9.2781055E-113, 2.6543257E-036, 1.7759169E-037, 3.4249312E-038, 5.9589419E-022, 8.0959660E-023, 4.4126867E-023, 1.2415085E-027, 4.0987645E-028, 5.0673546E-030, 9.7949788E-003, 7.9835954E-003, 4.2513418E-003, 6.3689812E-019, 1.3874736E-019, 2.1437778E-021
 2.9301523E+002, 1.3775767E-145, 8.2012954E-147, 3.3827455E-152, 1.5580645E-139, 1.1733060E-141, 4.3321100E-144, 1.3484495E-134, 3.0640847E-135, 2.4902372E-139, 3.1382870E-136, 2.1937711E-137, 1.1487130E-140, 5.1662348E-140, 8.2888719E-142, 2.0853167E-147, 2.6762255E-152, 2.9070636E-154, 9.1895097E-159, 2.6837598E-113, 1.0870903E-114, 2.9313593E-120, 1.2111025E-098, 9.1859195E-099, 3.8691280E-100, 1.1570291E-083, 9.5360497E-085, 1.9556278E-087, 4.6370999E-109, 1.1064345E-110, 2.7500764E-113, 4.6876305E-036, 5.3712411E-038, 1.9312780E-038, 1.8635070E-022, 1.9850957E-023, 2.1708739E-023, 6.5678389E-028, 4.1762823E-029, 3.0459423E-031, 8.7491535E-003, 5.8845649E-003, 3.4052738E-003, 3.0033936E-019, 4.0355350E-020, 1.5591941E-021
 2.9405325E+002, 3.1640525E-147, 2.4069184E-148, 8.0072557E-153, 6.8171622E-141, 1.3011610E-142, 8.0345477E-146, 7.3249431E-136, 1.0271321E-136, 8.5953783E-141, 3.2785731E-137, 9.8305084E-139, 1.8891211E-141, 2.7498904E-141, 6.2778622E-143, 3.8707484E-148, 8.2386644E-154, 1.2005734E-155, 1.8448190E-160, 8.7019805E-115, 2.8102779E-116, 3.3389188E-121, 4.8994571E-100, 2.9461177E-098, 2.2283346E-099, 1.3876895E-084, 1.4179587E-085, 3.8795185E-088, 6.6260433E-110, 3.0730487E-111, 6.8369876E-114, 8.9690783E-037, 1.0962329E-038, 1.4162754E-038, 6.2806646E-023, 7.2719958E-024, 1.9865184E-023, 9.5443440E-029, 2.6297994E-030, 4.1539951E-032, 7.6179803E-003, 6.2984274E-003, 5.2160399E-003, 1.0412579E-019, 6.9216417E-021, 2.7799201E-022
 2.9509127E+002, 6.3933580E-149, 3.2352240E-150, 7.1895022E-154, 4.2628144E-142, 1.2314413E-143, 1.0452563E-147, 1.2034687E-137, 1.3860811E-138, 2.9125093E-142, 3.4940323E-138, 4.8955959E-140, 6.2180021E-143, 3.6230318E-143, 2.4564336E-144, 2.8530413E-149, 1.3972435E-155, 3.4785436E-157, 3.1118958E-162, 3.0734002E-116, 5.8610426E-118, 8.2568306E-122, 2.4511102E-101, 6.6034972E-099, 4.3171173E-099, 1.9675101E-085, 1.7449617E-086, 3.0604895E-089, 4.5574455E-110, 7.9235659E-112, 8.0473512E-115, 2.2723210E-037, 9.2306356E-039, 1.6931290E-038, 8.7870174E-024, 5.6970541E-024, 1.6272092E-023, 4.6206605E-029, 9.5053126E-031, 1.3953892E-033, 8.6926452E-003, 8.5359771E-003, 6.5903753E-003, 3.9216362E-020, 3.9235668E-021, 5.9309751E-023
 2.9603492E+002, 3.2789618E-150, 6.5203804E-152, 3.1645166E-155, 3.8268642E-143, 1.2505755E-144, 1.6788764E-149, 7.3776796E-139, 5.4247774E-140, 2.4808757E-143, 1.2293307E-139, 1.1865817E-141, 6.6894358E-145, 1.2588374E-144, 3.3458335E-146, 2.2649478E-150, 3.1407117E-157, 5.0236733E-159, 7.7523289E-164, 1.1772374E-117, 6.1129366E-119, 4.1411857E-122, 7.7340446E-101, 5.0661480E-099, 1.0247944E-099, 1.8037929E-086, 1.7359801E-087, 2.3598906E-090, 1.2430343E-110, 2.1171580E-112, 5.0992192E-116, 4.1171308E-038, 4.6499117E-039, 2.0282275E-039, 4.7838867E-024, 8.6354104E-024, 3.5970179E-024, 7.8994650E-030, 4.1283452E-031, 2.6996572E-034, 9.2544695E-003, 9.9346274E-003, 7.5656890E-003, 1.0645689E-020, 9.3155160E-022, 1.6291530E-022
 2.9707294E+002, 6.3288050E-152, 3.1772850E-153, 1.6297621E-156, 9.3910222E-145, 1.7673534E-146, 7.3584701E-151, 3.2879354E-140, 2.2437530E-141, 8.6372714E-145, 3.1440507E-141, 5.1670033E-143, 1.1481112E-146, 6.9922257E-146, 2.1447783E-147, 6.9694772E-152, 1.4966069E-158, 1.1156618E-160, 1.2869965E-165, 1.0027267E-118, 5.1274675E-120, 3.6769395E-123, 9.6232074E-101, 1.4404077E-099, 6.5903528E-101, 9.8794141E-088, 1.0938249E-088, 5.6846627E-091, 2.2668921E-111, 1.4845176E-113, 1.1572240E-117, 5.9871514E-038, 2.2407937E-039, 9.9874943E-041, 5.4041708E-024, 3.0204079E-024, 7.4200487E-025, 1.5952725E-030, 5.4479289E-032, 6.7510518E-034, 9.9724223E-003, 9.3434632E-003, 6.7683602E-003, 1.7483714E-021, 1.1785678E-022, 5.2498766E-022
 2.9801659E+002, 9.8903721E-154, 5.5098706E-155, 2.2612762E-158, 3.1328677E-146, 1.6650017E-148, 2.5384103E-152, 6.3386863E-142, 3.6838806E-143, 1.5868133E-146, 7.1284220E-143, 2.2694907E-144, 2.7348832E-148, 4.8279856E-147, 2.7062497E-148, 1.9689161E-153, 2.9077679E-160, 1.5919285E-162, 2.1346962E-167, 9.0374920E-120, 4.2378145E-121, 4.8809033E-124, 1.8892127E-101, 1.1522427E-100, 6.5819122E-102, 4.2775208E-089, 8.8019917E-090, 9.3787767E-092, 3.8639093E-112, 3.5769811E-115, 3.0109318E-119, 2.4851818E-038, 3.4862697E-040, 3.8579629E-042, 2.2918727E-024, 5.7706514E-025, 1.7632966E-025, 3.2747664E-031, 2.2758539E-033, 4.8406836E-034, 9.7241054E-003, 6.6876809E-003, 3.6401803E-003, 7.7817307E-022, 2.8942471E-023, 1.4817562E-021
 2.9905461E+002, 4.2428373E-155, 8.8037756E-157, 2.9949489E-160, 4.6525469E-148, 4.2555869E-150, 4.5250377E-154, 1.8722118E-143, 5.6559803E-145, 3.1787249E-148, 3.1548668E-144, 8.8773191E-146, 1.0647599E-149, 1.3954028E-148, 9.6458128E-150, 3.3781452E-154, 1.2484647E-161, 4.9100273E-164, 9.2023576E-169, 8.5163861E-121, 4.0057558E-122, 4.8618455E-125, 4.1065414E-102, 4.3842799E-102, 2.9666209E-103, 3.6722592E-090, 5.8020118E-091, 1.1592213E-093, 1.3656962E-113, 4.5151674E-116, 4.8652735E-121, 1.5572435E-039, 1.1639774E-041, 1.5250631E-043, 1.3237687E-024, 2.2947674E-025, 3.4008194E-026, 1.0014424E-032, 3.4120996E-034, 1.0710293E-033, 7.1778485E-003, 7.3703466E-003, 2.0783389E-003, 2.8506910E-022, 4.7985942E-023, 5.5306750E-021
 3.0000000E+002, 3.8014525E-156, 8.2600822E-158, 2.1335232E-161, 9.1229883E-150, 4.5468553E-152, 8.8072929E-156, 5.9232432E-145, 1.3559423E-146, 4.8259973E-150, 1.1257051E-145, 2.4570680E-147, 2.8791099E-151, 2.8360677E-150, 2.0823724E-151, 1.2822048E-154, 1.1234857E-162, 3.0770062E-165, 8.3331093E-170, 1.4981793E-121, 3.3723047E-123, 5.8653826E-126, 2.1623023E-102, 4.2313846E-103, 1.1001537E-104, 3.7227683E-091, 9.1976856E-093, 1.2297180E-095, 1.1706540E-115, 6.5963318E-118, 8.4639222E-123, 1.1079267E-040, 1.0335894E-042, 6.4567185E-045, 5.7090919E-025, 1.1341146E-025, 6.5486751E-027, 9.5226992E-034, 4.1777728E-035, 2.9709664E-034, 3.4171427E-003, 4.7812800E-003, 6.4428045E-004, 5.8511844E-023, 1.5099536E-022, 2.2716048E-020
