s,mol/mol,mol/mol,mol/mol,mol/mol,mol/mol,mol/mol,mol/mol,mol/mol,mol/mol,mol/mol,mol/mol,mol/mol,mol/mol,mol/mol,mol/mol,mol/mol,mol/mol,mol/mol,mol/mol,mol/mol,mol/mol,mol/mol,mol/mol,mol/mol,mol/mol,mol/mol,mol/mol,mol/mol,mol/mol,mol/mol,mol/mol,mol/mol,mol/mol,mol/mol,mol/mol,mol/mol,mol/mol,mol/mol,mol/mol,mol/mol,mol/mol,mol/mol,mol/mol,mol/mol,mol/mol,mol/mol,mol/mol,mol/mol,mol/mol,mol/mol,mol/mol,mol/mol,mol/mol,mol/mol,mol/mol,mol/mol,mol/mol,mol/mol,mol/mol,mol/mol
Time,C01a01,C01a05,C01a11,C01a17,C02a01,C02a05,C02a11,C02a17,C03a01,C03a05,C03a11,C05a01,C05a05,C05a11,C05a17,C06a01,C06a11,C06a17,C07a17,C08a01,C08a05,C09a01,C09a05,C09a11,C10a01,C10a05,C10a11,C10a17,C11a01,C11a05,C11a11,C11a17,C12a01,C12a05,C12a11,C12a17,C13a01,C13a05,C13a11,C14a01,C14a05,C14a11,C15a01,C15a05,C16a01,C16a05,C16a11,C17a01,C17a05,C18a01,C18a05,C18a11,C19a01,C19a05,C20a01,C20a05,C20a11,C21a01,C21a05,C21a11
-2.0000000E+002, 0.0000000E+000, 0.0000000E+000, 0.0000000E+000, 0.0000000E+000, 0.0000000E+000, 0.0000000E+000, 0.0000000E+000, 0.0000000E+000, 0.0000000E+000, 0.0000000E+000, 0.0000000E+000, 0.0000000E+000, 0.0000000E+000, 0.0000000E+000, 0.0000000E+000, 0.0000000E+000, 0.0000000E+000, 0.0000000E+000, 0.0000000E+000, 0.0000000E+000, 0.0000000E+000, 0.0000000E+000, 0.0000000E+000, 0.0000000E+000, 0.0000000E+000, 0.0000000E+000, 0.0000000E+000, 0.0000000E+000, 0.0000000E+000, 0.0000000E+000, 0.0000000E+000, 0.0000000E+000, 0.0000000E+000, 0.0000000E+000, 0.0000000E+000, 0.0000000E+000, 0.0000000E+000, 0.0000000E+000, 0.0000000E+000, 0.0000000E+000, 0.0000000E+000, 0.0000000E+000, 0.0000000E+000, 0.0000000E+000, 0.0000000E+000, 0.0000000E+000, 0.0000000E+000, 0.0000000E+000, 0.0000000E+000, 0.0000000E+000, 0.0000000E+000, 0.0000000E+000, 0.0000000E+000, 0.0000000E+000, 0.0000000E+000, 0.0000000E+000, 0.0000000E+000, 0.0000000E+000, 0.0000000E+000, 0.0000000E+000
-1.9897550E+002, 0.0000000E+000, 0.0000000E+000, 0.0000000E+000, 0.0000000E+000, 0.0000000E+000, 0.0000000E+000, 0.0000000E+000, 0.0000000E+000, 0.0000000E+000, 0.0000000E+000, 0.0000000E+000, 0.0000000E+000, 0.0000000E+000, 0.0000000E+000, 0.0000000E+000, 0.0000000E+000, 0.0000000E+000, 0.0000000E+000, 0.0000000E+000, 0.0000000E+000, 0.0000000E+000, 0.0000000E+000, 0.0000000E+000, 0.0000000E+000, 0.0000000E+000, 0.0000000E+000, 0.0000000E+000, 0.0000000E+000, 0.0000000E+000, 0.0000000E+000, 0.0000000E+000, 0.0000000E+000, 0.0000000E+000, 0.0000000E+000, 0.0000000E+000, 0.0000000E+000, 0.0000000E+000, 0.0000000E+000, 0.0000000E+000, 0.0000000E+000, 0.0000000E+000, 0.0000000E+000, 0.0000000E+000, 0.0000000E+000, 0.0000000E+000, 0.0000000E+000, 0.0000000E+000, 0.0000000E+000, 0.0000000E+000, 0.0000000E+000, 0.0000000E+000, 0.0000000E+000, 0.0000000E+000, 0.0000000E+000, 0.0000000E+000, 0.0000000E+000, 0.0000000E+000, 0.0000000E+000, 0.0000000E+000, 0.0000000E+000
-1.9794162E+002, 0.0000000E+000, 0.0000000E+000, 0.0000000E+000, 0.0000000E+000, 0.0000000E+000, 0.0000000E+000, 0.0000000E+000, 0.0000000E+000, 0.0000000E+000, 0.0000000E+000, 0.0000000E+000, 0.0000000E+000, 0.0000000E+000, 0.0000000E+000, 0.0000000E+000, 0.0000000E+000, 0.0000000E+000, 0.0000000E+000, 0.0000000E+000, 0.0000000E+000, 0.0000000E+000, 0.0000000E+000, 0.0000000E+000, 0.0000000E+000, 0.0000000E+000, 0.0000000E+000, 0.0000000E+000, 0.0000000E+000, 0.0000000E+000, 0.0000000E+000, 0.0000000E+000, 0.0000000E+000, 0.0000000E+000, 0.0000000E+000, 0.0000000E+000, 0.0000000E+000, 0.0000000E+000, 0.0000000E+000, 0.0000000E+000, 0.0000000E+000, 0.0000000E+000, 0.0000000E+000, 0.0000000E+000, 0.0000000E+000, 0.0000000E+000, 0.0000000E+000, 0.0000000E+000, 0.0000000E+000, 0.0000000E+000, 0.0000000E+000, 0.0000000E+000, 0.0000000E+000, 0.0000000E+000, 0.0000000E+000, 0.0000000E+000, 0.0000000E+000, 0.0000000E+000, 0.0000000E+000, 0.0000000E+000, 0.0000000E+000
-1.9696778E+002, 0.0000000E+000, 0.0000000E+000, 0.0000000E+000, 0.0000000E+000, 0.0000000E+000, 0.0000000E+000, 0.0000000E+000, 0.0000000E+000, 0.0000000E+000, 0.0000000E+000, 0.0000000E+000, 0.0000000E+000, 0.0000000E+000, 0.0000000E+000, 0.0000000E+000, 0.0000000E+000, 0.0000000E+000, 0.0000000E+000, 0.0000000E+000, 0.0000000E+000, 0.0000000E+000, 0.0000000E+000, 0.0000000E+000, 0.0000000E+000, 0.0000000E+000, 0.0000000E+000, 0.0000000E+000, 0.0000000E+000, 0.0000000E+000, 0.0000000E+000, 0.0000000E+000, 0.0000000E+000, 0.0000000E+000, 0.0000000E+000, 0.0000000E+000, 0.0000000E+000, 0.0000000E+000, 0.0000000E+000, 0.0000000E+000, 0.0000000E+000, 0.0000000E+000, 0.0000000E+000, 0.0000000E+000, 0.0000000E+000, 0.0000000E+000, 0.0000000E+000, 0.0000000E+000, 0.0000000E+000, 0.0000000E+000, 0.0000000E+000, 0.0000000E+000, 0.0000000E+000, 0.0000000E+000, 0.0000000E+000, 0.0000000E+000, 0.0000000E+000, 0.0000000E+000, 0.0000000E+000, 0.0000000E+000, 0.0000000E+000
-1.9596626E+002, 0.0000000E+000, 0.0000000E+000, 0.0000000E+000, 0.0000000E+000, 0.0000000E+000, 0.0000000E+000, 0.0000000E+000, 0.0000000E+000, 0.0000000E+000, 0.0000000E+000, 0.0000000E+000, 0.0000000E+000, 0.0000000E+000, 0.0000000E+000, 0.0000000E+000, 0.0000000E+000, 0.0000000E+000, 0.0000000E+000, 0.0000000E+000, 0.0000000E+000, 0.0000000E+000, 0.0000000E+000, 0.0000000E+000, 0.0000000E+000, 0.0000000E+000, 0.0000000E+000, 0.0000000E+000, 0.0000000E+000, 0.0000000E+000, 0.0000000E+000, 0.0000000E+000, 0.0000000E+000, 0.0000000E+000, 0.0000000E+000, 0.0000000E+000, 0.0000000E+000, 0.0000000E+000, 0.0000000E+000, 0.0000000E+000, 0.0000000E+000, 0.0000000E+000, 0.0000000E+000, 0.0000000E+000, 0.0000000E+000, 0.0000000E+000, 0.0000000E+000, 0.0000000E+000, 0.0000000E+000, 0.0000000E+000, 0.0000000E+000, 0.0000000E+000, 0.0000000E+000, 0.0000000E+000, 0.0000000E+000, 0.0000000E+000, 0.0000000E+000, 0.0000000E+000, 0.0000000E+000, 0.0000000E+000, 0.0000000E+000
-1.9498252E+002, 0.0000000E+000, 0.0000000E+000, 0.0000000E+000, 0.0000000E+000, 0.0000000E+000, 0.0000000E+000, 0.0000000E+000, 0.0000000E+000, 0.0000000E+000, 0.0000000E+000, 0.0000000E+000, 0.0000000E+000, 0.0000000E+000, 0.0000000E+000, 0.0000000E+000, 0.0000000E+000, 0.0000000E+000, 0.0000000E+000, 0.0000000E+000, 0.0000000E+000, 0.0000000E+000, 0.0000000E+000, 0.0000000E+000, 0.0000000E+000, 0.0000000E+000, 0.0000000E+000, 0.0000000E+000, 0.0000000E+000, 0.0000000E+000, 0.0000000E+000, 0.0000000E+000, 0.0000000E+000, 0.0000000E+000, 0.0000000E+000, 0.0000000E+000, 0.0000000E+000, 0.0000000E+000, 0.0000000E+000, 0.0000000E+000, 0.0000000E+000, 0.0000000E+000, 0.0000000E+000, 0.0000000E+000, 0.0000000E+000, 0.0000000E+000, 0.0000000E+000, 0.0000000E+000, 0.0000000E+000, 0.0000000E+000, 0.0000000E+000, 0.0000000E+000, 0.0000000E+000, 0.0000000E+000, 0.0000000E+000, 0.0000000E+000, 0.0000000E+000, 0.0000000E+000, 0.0000000E+000, 0.0000000E+000, 0.0000000E+000
-1.9398089E+002, 0.0000000E+000, 0.0000000E+000, 0.0000000E+000, 0.0000000E+000, 0.0000000E+000, 0.0000000E+000, 0.0000000E+000, 0.0000000E+000, 0.0000000E+000, 0.0000000E+000, 0.0000000E+000, 0.0000000E+000, 0.0000000E+000, 0.0000000E+000, 0.0000000E+000, 0.0000000E+000, 0.0000000E+000, 0.0000000E+000, 0.0000000E+000, 0.0000000E+000, 0.0000000E+000, 0.0000000E+000, 0.0000000E+000, 0.0000000E+000, 0.0000000E+000, 0.0000000E+000, 0.0000000E+000, 0.0000000E+000, 0.0000000E+000, 0.0000000E+000, 0.0000000E+000, 0.0000000E+000, 0.0000000E+000, 0.0000000E+000, 0.0000000E+000, 0.0000000E+000, 0.0000000E+000, 0.0000000E+000, 0.0000000E+000, 0.0000000E+000, 0.0000000E+000, 0.0000000E+000, 0.0000000E+000, 0.0000000E+000, 0.0000000E+000, 0.0000000E+000, 0.0000000E+000, 0.0000000E+000, 0.0000000E+000, 0.0000000E+000, 0.0000000E+000, 0.0000000E+000, 0.0000000E+000, 0.0000000E+000, 0.0000000E+000, 0.0000000E+000, 0.0000000E+000, 0.0000000E+000, 0.0000000E+000, 0.0000000E+000
-1.9295524E+002, 0.0000000E+000, 0.0000000E+000, 0.0000000E+000, 0.0000000E+000, 0.0000000E+000, 0.0000000E+000, 0.0000000E+000, 0.0000000E+000, 0.0000000E+000, 0.0000000E+000, 0.0000000E+000, 0.0000000E+000, 0.0000000E+000, 0.0000000E+000, 0.0000000E+000, 0.0000000E+000, 0.0000000E+000, 0.0000000E+000, 0.0000000E+000, 0.0000000E+000, 0.0000000E+000, 0.0000000E+000, 0.0000000E+000, 0.0000000E+000, 0.0000000E+000, 0.0000000E+000, 0.0000000E+000, 0.0000000E+000, 0.0000000E+000, 0.0000000E+000, 0.0000000E+000, 0.0000000E+000, 0.0000000E+000, 0.0000000E+000, 0.0000000E+000, 0.0000000E+000, 0.0000000E+000, 0.0000000E+000, 0.0000000E+000, 0.0000000E+000, 0.0000000E+000, 0.0000000E+000, 0.0000000E+000, 0.0000000E+000, 0.0000000E+000, 0.0000000E+000, 0.0000000E+000, 0.0000000E+000, 0.0000000E+000, 0.0000000E+000, 0.0000000E+000, 0.0000000E+000, 0.0000000E+000, 0.0000000E+000, 0.0000000E+000, 0.0000000E+000, 0.0000000E+000, 0.0000000E+000, 0.0000000E+000, 0.0000000E+000
-1.9199962E+002, 0.0000000E+000, 0.0000000E+000, 0.0000000E+000, 0.0000000E+000, 0.0000000E+000, 0.0000000E+000, 0.0000000E+000, 0.0000000E+000, 0.0000000E+000, 0.0000000E+000, 0.0000000E+000, 0.0000000E+000, 0.0000000E+000, 0.0000000E+000, 0.0000000E+000, 0.0000000E+000, 0.0000000E+000, 0.0000000E+000, 0.0000000E+000, 0.0000000E+000, 0.0000000E+000, 0.0000000E+000, 0.0000000E+000, 0.0000000E+000, 0.0000000E+000, 0.0000000E+000, 0.0000000E+000, 0.0000000E+000, 0.0000000E+000, 0.0000000E+000, 0.0000000E+000, 0.0000000E+000, 0.0000000E+000, 0.0000000E+000, 0.0000000E+000, 0.0000000E+000, 0.0000000E+000, 0.0000000E+000, 0.0000000E+000, 0.0000000E+000, 0.0000000E+000, 0.0000000E+000, 0.0000000E+000, 0.0000000E+000, 0.0000000E+000, 0.0000000E+000, 0.0000000E+000, 0.0000000E+000, 0.0000000E+000, 0.0000000E+000, 0.0000000E+000, 0.0000000E+000, 0.0000000E+000, 0.0000000E+000, 0.0000000E+000, 0.0000000E+000, 0.0000000E+000, 0.0000000E+000, 0.0000000E+000, 0.0000000E+000
-1.9098428E+002, 0.0000000E+000, 0.0000000E+000, 0.0000000E+000, 0.0000000E+000, 0.0000000E+000, 0.0000000E+000, 0.0000000E+000, 0.0000000E+000, 0.0000000E+000, 0.0000000E+000, 0.0000000E+000, 0.0000000E+000, 0.0000000E+000, 0.0000000E+000, 0.0000000E+000, 0.0000000E+000, 0.0000000E+000, 0.0000000E+000, 0.0000000E+000, 0.0000000E+000, 0.0000000E+000, 0.0000000E+000, 0.0000000E+000, 0.0000000E+000, 0.0000000E+000, 0.0000000E+000, 0.0000000E+000, 0.0000000E+000, 0.0000000E+000, 0.0000000E+000, 0.0000000E+000, 0.0000000E+000, 0.0000000E+000, 0.0000000E+000, 0.0000000E+000, 0.0000000E+000, 0.0000000E+000, 0.0000000E+000, 0.0000000E+000, 0.0000000E+000, 0.0000000E+000, 0.0000000E+000, 0.0000000E+000, 0.0000000E+000, 0.0000000E+000, 0.0000000E+000, 0.0000000E+000, 0.0000000E+000, 0.0000000E+000, 0.0000000E+000, 0.0000000E+000, 0.0000000E+000, 0.0000000E+000, 0.0000000E+000, 0.0000000E+000, 0.0000000E+000, 0.0000000E+000, 0.0000000E+000, 0.0000000E+000, 0.0000000E+000
-1.8997011E+002, 0.0000000E+000, 0.0000000E+000, 0.0000000E+000, 0.0000000E+000, 0.0000000E+000, 0.0000000E+000, 0.0000000E+000, 0.0000000E+000, 0.0000000E+000, 0.0000000E+000, 0.0000000E+000, 0.0000000E+000, 0.0000000E+000, 0.0000000E+000, 0.0000000E+000, 0.0000000E+000, 0.0000000E+000, 0.0000000E+000, 0.0000000E+000, 0.0000000E+000, 0.0000000E+000, 0.0000000E+000, 0.0000000E+000, 0.0000000E+000, 0.0000000E+000, 0.0000000E+000, 0.0000000E+000, 0.0000000E+000, 0.0000000E+000, 0.0000000E+000, 0.0000000E+000, 0.0000000E+000, 0.0000000E+000, 0.0000000E+000, 0.0000000E+000, 0.0000000E+000, 0.0000000E+000, 0.0000000E+000, 0.0000000E+000, 0.0000000E+000, 0.0000000E+000, 0.0000000E+000, 0.0000000E+000, 0.0000000E+000, 0.0000000E+000, 0.0000000E+000, 0.0000000E+000, 0.0000000E+000, 0.0000000E+000, 0.0000000E+000, 0.0000000E+000, 0.0000000E+000, 0.0000000E+000, 0.0000000E+000, 0.0000000E+000, 0.0000000E+000, 0.0000000E+000, 0.0000000E+000, 0.0000000E+000, 0.0000000E+000
-1.8895110E+002, 0.0000000E+000, 0.0000000E+000, 0.0000000E+000, 0.0000000E+000, 0.0000000E+000, 0.0000000E+000, 0.0000000E+000, 0.0000000E+000, 0.0000000E+000, 0.0000000E+000, 0.0000000E+000, 0.0000000E+000, 0.0000000E+000, 0.0000000E+000, 0.0000000E+000, 0.0000000E+000, 0.0000000E+000, 0.0000000E+000, 0.0000000E+000, 0.0000000E+000, 0.0000000E+000, 0.0000000E+000, 0.0000000E+000, 0.0000000E+000, 0.0000000E+000, 0.0000000E+000, 0.0000000E+000, 0.0000000E+000, 0.0000000E+000, 0.0000000E+000, 0.0000000E+000, 0.0000000E+000, 0.0000000E+000, 0.0000000E+000, 0.0000000E+000, 0.0000000E+000, 0.0000000E+000, 0.0000000E+000, 0.0000000E+000, 0.0000000E+000, 0.0000000E+000, 0.0000000E+000, 0.0000000E+000, 0.0000000E+000, 0.0000000E+000, 0.0000000E+000, 0.0000000E+000, 0.0000000E+000, 0.0000000E+000, 0.0000000E+000, 0.0000000E+000, 0.0000000E+000, 0.0000000E+000, 0.0000000E+000, 0.0000000E+000, 0.0000000E+000, 0.0000000E+000, 0.0000000E+000, 0.0000000E+000, 0.0000000E+000
-1.8798307E+002, 0.0000000E+000, 0.0000000E+000, 0.0000000E+000, 0.0000000E+000, 0.0000000E+000, 0.0000000E+000, 0.0000000E+000, 0.0000000E+000, 0.0000000E+000, 0.0000000E+000, 0.0000000E+000, 0.0000000E+000, 0.0000000E+000, 0.0000000E+000, 0.0000000E+000, 0.0000000E+000, 0.0000000E+000, 0.0000000E+000, 0.0000000E+000, 0.0000000E+000, 0.0000000E+000, 0.0000000E+000, 0.0000000E+000, 0.0000000E+000, 0.0000000E+000, 0.0000000E+000, 0.0000000E+000, 0.0000000E+000, 0.0000000E+000, 0.0000000E+000, 0.0000000E+000, 0.0000000E+000, 0.0000000E+000, 0.0000000E+000, 0.0000000E+000, 0.0000000E+000, 0.0000000E+000, 0.0000000E+000, 0.0000000E+000, 0.0000000E+000, 0.0000000E+000, 0.0000000E+000, 0.0000000E+000, 0.0000000E+000, 0.0000000E+000, 0.0000000E+000, 0.0000000E+000, 0.0000000E+000, 0.0000000E+000, 0.0000000E+000, 0.0000000E+000, 0.0000000E+000, 0.0000000E+000, 0.0000000E+000, 0.0000000E+000, 0.0000000E+000, 0.0000000E+000, 0.0000000E+000, 0.0000000E+000, 0.0000000E+000
-1.8698396E+002, 0.0000000E+000, 0.0000000E+000, 0.0000000E+000, 0.0000000E+000, 0.0000000E+000, 0.0000000E+000, 0.0000000E+000, 0.0000000E+000, 0.0000000E+000, 0.0000000E+000, 0.0000000E+000, 0.0000000E+000, 0.0000000E+000, 0.0000000E+000, 0.0000000E+000, 0.0000000E+000, 0.0000000E+000, 0.0000000E+000, 0.0000000E+000, 0.0000000E+000, 0.0000000E+000, 0.0000000E+000, 0.0000000E+000, 0.0000000E+000, 0.0000000E+000, 0.0000000E+000, 0.0000000E+000, 0.0000000E+000, 0.0000000E+000, 0.0000000E+000, 0.0000000E+000, 0.0000000E+000, 0.0000000E+000, 0.0000000E+000, 0.0000000E+000, 0.0000000E+000, 0.0000000E+000, 0.0000000E+000, 0.0000000E+000, 0.0000000E+000, 0.0000000E+000, 0.0000000E+000, 0.0000000E+000, 0.0000000E+000, 0.0000000E+000, 0.0000000E+000, 0.0000000E+000, 0.0000000E+000, 0.0000000E+000, 0.0000000E+000, 0.0000000E+000, 0.0000000E+000, 0.0000000E+000, 0.0000000E+000, 0.0000000E+000, 0.0000000E+000, 0.0000000E+000, 0.0000000E+000, 0.0000000E+000, 0.0000000E+000
-1.8598426E+002, 0.0000000E+000, 0.0000000E+000, 0.0000000E+000, 0.0000000E+000, 0.0000000E+000, 0.0000000E+000, 0.0000000E+000, 0.0000000E+000, 0.0000000E+000, 0.0000000E+000, 0.0000000E+000, 0.0000000E+000, 0.0000000E+000, 0.0000000E+000, 0.0000000E+000, 0.0000000E+000, 0.0000000E+000, 0.0000000E+000, 0.0000000E+000, 0.0000000E+000, 0.0000000E+000, 0.0000000E+000, 0.0000000E+000, 0.0000000E+000, 0.0000000E+000, 0.0000000E+000, 0.0000000E+000, 0.0000000E+000, 0.0000000E+000, 0.0000000E+000, 0.0000000E+000, 0.0000000E+000, 0.0000000E+000, 0.0000000E+000, 0.0000000E+000, 0.0000000E+000, 0.0000000E+000, 0.0000000E+000, 0.0000000E+000, 0.0000000E+000, 0.0000000E+000, 0.0000000E+000, 0.0000000E+000, 0.0000000E+000, 0.0000000E+000, 0.0000000E+000, 0.0000000E+000, 0.0000000E+000, 0.0000000E+000, 0.0000000E+000, 0.0000000E+000, 0.0000000E+000, 0.0000000E+000, 0.0000000E+000, 0.0000000E+000, 0.0000000E+000, 0.0000000E+000, 0.0000000E+000, 0.0000000E+000, 0.0000000E+000
-1.8496959E+002, 0.0000000E+000, 0.0000000E+000, 0.0000000E+000, 0.0000000E+000, 0.0000000E+000, 0.0000000E+000, 0.0000000E+000, 0.0000000E+000, 0.0000000E+000, 0.0000000E+000, 0.0000000E+000, 0.0000000E+000, 0.0000000E+000, 0.0000000E+000, 0.0000000E+000, 0.0000000E+000, 0.0000000E+000, 0.0000000E+000, 0.0000000E+000, 0.0000000E+000, 0.0000000E+000, 0.0000000E+000, 0.0000000E+000, 0.0000000E+000, 0.0000000E+000, 0.0000000E+000, 0.0000000E+000, 0.0000000E+000, 0.0000000E+000, 0.0000000E+000, 0.0000000E+000, 0.0000000E+000, 0.0000000E+000, 0.0000000E+000, 0.0000000E+000, 0.0000000E+000, 0.0000000E+000, 0.0000000E+000, 0.0000000E+000, 0.0000000E+000, 0.0000000E+000, 0.0000000E+000, 0.0000000E+000, 0.0000000E+000, 0.0000000E+000, 0.0000000E+000, 0.0000000E+000, 0.0000000E+000, 0.0000000E+000, 0.0000000E+000, 0.0000000E+000, 0.0000000E+000, 0.0000000E+000, 0.0000000E+000, 0.0000000E+000, 0.0000000E+000, 0.0000000E+000, 0.0000000E+000, 0.0000000E+000, 0.0000000E+000
-1.8398420E+002, 0.0000000E+000, 0.0000000E+000, 0.0000000E+000, 0.0000000E+000, 0.0000000E+000, 0.0000000E+000, 0.0000000E+000, 0.0000000E+000, 0.0000000E+000, 0.0000000E+000, 0.0000000E+000, 0.0000000E+000, 0.0000000E+000, 0.0000000E+000, 0.0000000E+000, 0.0000000E+000, 0.0000000E+000, 0.0000000E+000, 0.0000000E+000, 0.0000000E+000, 0.0000000E+000, 0.0000000E+000, 0.0000000E+000, 0.0000000E+000, 0.0000000E+000, 0.0000000E+000, 0.0000000E+000, 0.0000000E+000, 0.0000000E+000, 0.0000000E+000, 0.0000000E+000, 0.0000000E+000, 0.0000000E+000, 0.0000000E+000, 0.0000000E+000, 0.0000000E+000, 0.0000000E+000, 0.0000000E+000, 0.0000000E+000, 0.0000000E+000, 0.0000000E+000, 0.0000000E+000, 0.0000000E+000, 0.0000000E+000, 0.0000000E+000, 0.0000000E+000, 0.0000000E+000, 0.0000000E+000, 0.0000000E+000, 0.0000000E+000, 0.0000000E+000, 0.0000000E+000, 0.0000000E+000, 0.0000000E+000, 0.0000000E+000, 0.0000000E+000, 0.0000000E+000, 0.0000000E+000, 0.0000000E+000, 0.0000000E+000
-1.8298773E+002, 0.0000000E+000, 0.0000000E+000, 0.0000000E+000, 0.0000000E+000, 0.0000000E+000, 0.0000000E+000, 0.0000000E+000, 0.0000000E+000, 0.0000000E+000, 0.0000000E+000, 0.0000000E+000, 0.0000000E+000, 0.0000000E+000, 0.0000000E+000, 0.0000000E+000, 0.0000000E+000, 0.0000000E+000, 0.0000000E+000, 0.0000000E+000, 0.0000000E+000, 0.0000000E+000, 0.0000000E+000, 0.0000000E+000, 0.0000000E+000, 0.0000000E+000, 0.0000000E+000, 0.0000000E+000, 0.0000000E+000, 0.0000000E+000, 0.0000000E+000, 0.0000000E+000, 0.0000000E+000, 0.0000000E+000, 0.0000000E+000, 0.0000000E+000, 0.0000000E+000, 0.0000000E+000, 0.0000000E+000, 0.0000000E+000, 0.0000000E+000, 0.0000000E+000, 0.0000000E+000, 0.0000000E+000, 0.0000000E+000, 0.0000000E+000, 0.0000000E+000, 0.0000000E+000, 0.0000000E+000, 0.0000000E+000, 0.0000000E+000, 0.0000000E+000, 0.0000000E+000, 0.0000000E+000, 0.0000000E+000, 0.0000000E+000, 0.0000000E+000, 0.0000000E+000, 0.0000000E+000, 0.0000000E+000, 0.0000000E+000
-1.8196488E+002, 0.0000000E+000, 0.0000000E+000, 0.0000000E+000, 0.0000000E+000, 0.0000000E+000, 0.0000000E+000, 0.0000000E+000, 0.0000000E+000, 0.0000000E+000, 0.0000000E+000, 0.0000000E+000, 0.0000000E+000, 0.0000000E+000, 0.0000000E+000, 0.0000000E+000, 0.0000000E+000, 0.0000000E+000, 0.0000000E+000, 0.0000000E+000, 0.0000000E+000, 0.0000000E+000, 0.0000000E+000, 0.0000000E+000, 0.0000000E+000, 0.0000000E+000, 0.0000000E+000, 0.0000000E+000, 0.0000000E+000, 0.0000000E+000, 0.0000000E+000, 0.0000000E+000, 0.0000000E+000, 0.0000000E+000, 0.0000000E+000, 0.0000000E+000, 0.0000000E+000, 0.0000000E+000, 0.0000000E+000, 0.0000000E+000, 0.0000000E+000, 0.0000000E+000, 0.0000000E+000, 0.0000000E+000, 0.0000000E+000, 0.0000000E+000, 0.0000000E+000, 0.0000000E+000, 0.0000000E+000, 0.0000000E+000, 0.0000000E+000, 0.0000000E+000, 0.0000000E+000, 0.0000000E+000, 0.0000000E+000, 0.0000000E+000, 0.0000000E+000, 0.0000000E+000, 0.0000000E+000, 0.0000000E+000, 0.0000000E+000
-1.8096447E+002, 0.0000000E+000, 0.0000000E+000, 0.0000000E+000, 0.0000000E+000, 0.0000000E+000, 0.0000000E+000, 0.0000000E+000, 0.0000000E+000, 0.0000000E+000, 0.0000000E+000, 0.0000000E+000, 0.0000000E+000, 0.0000000E+000, 0.0000000E+000, 0.0000000E+000, 0.0000000E+000, 0.0000000E+000, 0.0000000E+000, 0.0000000E+000, 0.0000000E+000, 0.0000000E+000, 0.0000000E+000, 0.0000000E+000, 0.0000000E+000, 0.0000000E+000, 0.0000000E+000, 0.0000000E+000, 0.0000000E+000, 0.0000000E+000, 0.0000000E+000, 0.0000000E+000, 0.0000000E+000, 0.0000000E+000, 0.0000000E+000, 0.0000000E+000, 0.0000000E+000, 0.0000000E+000, 0.0000000E+000, 0.0000000E+000, 0.0000000E+000, 0.0000000E+000, 0.0000000E+000, 0.0000000E+000, 0.0000000E+000, 0.0000000E+000, 0.0000000E+000, 0.0000000E+000, 0.0000000E+000, 0.0000000E+000, 0.0000000E+000, 0.0000000E+000, 0.0000000E+000, 0.0000000E+000, 0.0000000E+000, 0.0000000E+000, 0.0000000E+000, 0.0000000E+000, 0.0000000E+000, 0.0000000E+000, 0.0000000E+000
-1.7998881E+002, 0.0000000E+000, 0.0000000E+000, 0.0000000E+000, 0.0000000E+000, 0.0000000E+000, 0.0000000E+000, 0.0000000E+000, 0.0000000E+000, 0.0000000E+000, 0.0000000E+000, 0.0000000E+000, 0.0000000E+000, 0.0000000E+000, 0.0000000E+000, 0.0000000E+000, 0.0000000E+000, 0.0000000E+000, 0.0000000E+000, 0.0000000E+000, 0.0000000E+000, 0.0000000E+000, 0.0000000E+000, 0.0000000E+000, 0.0000000E+000, 0.0000000E+000, 0.0000000E+000, 0.0000000E+000, 0.0000000E+000, 0.0000000E+000, 0.0000000E+000, 0.0000000E+000, 0.0000000E+000, 0.0000000E+000, 0.0000000E+000, 0.0000000E+000, 0.0000000E+000, 0.0000000E+000, 0.0000000E+000, 0.0000000E+000, 0.0000000E+000, 0.0000000E+000, 0.0000000E+000, 0.0000000E+000, 0.0000000E+000, 0.0000000E+000, 0.0000000E+000, 0.0000000E+000, 0.0000000E+000, 0.0000000E+000, 0.0000000E+000, 0.0000000E+000, 0.0000000E+000, 0.0000000E+000, 0.0000000E+000, 0.0000000E+000, 0.0000000E+000, 0.0000000E+000, 0.0000000E+000, 0.0000000E+000, 0.0000000E+000
-1.7894151E+002, 0.0000000E+000, 0.0000000E+000, 0.0000000E+000, 0.0000000E+000, 0.0000000E+000, 0.0000000E+000, 0.0000000E+000, 0.0000000E+000, 0.0000000E+000, 0.0000000E+000, 0.0000000E+000, 0.0000000E+000, 0.0000000E+000, 0.0000000E+000, 0.0000000E+000, 0.0000000E+000, 0.0000000E+000, 0.0000000E+000, 0.0000000E+000, 0.0000000E+000, 0.0000000E+000, 0.0000000E+000, 0.0000000E+000, 0.0000000E+000, 0.0000000E+000, 0.0000000E+000, 0.0000000E+000, 0.0000000E+000, 0.0000000E+000, 0.0000000E+000, 0.0000000E+000, 0.0000000E+000, 0.0000000E+000, 0.0000000E+000, 0.0000000E+000, 0.0000000E+000, 0.0000000E+000, 0.0000000E+000, 0.0000000E+000, 0.0000000E+000, 0.0000000E+000, 0.0000000E+000, 0.0000000E+000, 0.0000000E+000, 0.0000000E+000, 0.0000000E+000, 0.0000000E+000, 0.0000000E+000, 0.0000000E+000, 0.0000000E+000, 0.0000000E+000, 0.0000000E+000, 0.0000000E+000, 0.0000000E+000, 0.0000000E+000, 0.0000000E+000, 0.0000000E+000, 0.0000000E+000, 0.0000000E+000, 0.0000000E+000
-1.7797635E+002, 0.0000000E+000, 0.0000000E+000, 0.0000000E+000, 0.0000000E+000, 0.0000000E+000, 0.0000000E+000, 0.0000000E+000, 0.0000000E+000, 0.0000000E+000, 0.0000000E+000, 0.0000000E+000, 0.0000000E+000, 0.0000000E+000, 0.0000000E+000, 0.0000000E+000, 0.0000000E+000, 0.0000000E+000, 0.0000000E+000, 0.0000000E+000, 0.0000000E+000, 0.0000000E+000, 0.0000000E+000, 0.0000000E+000, 0.0000000E+000, 0.0000000E+000, 0.0000000E+000, 0.0000000E+000, 0.0000000E+000, 0.0000000E+000, 0.0000000E+000, 0.0000000E+000, 0.0000000E+000, 0.0000000E+000, 0.0000000E+000, 0.0000000E+000, 0.0000000E+000, 0.0000000E+000, 0.0000000E+000, 0.0000000E+000, 0.0000000E+000, 0.0000000E+000, 0.0000000E+000, 0.0000000E+000, 0.0000000E+000, 0.0000000E+000, 0.0000000E+000, 0.0000000E+000, 0.0000000E+000, 0.0000000E+000, 0.0000000E+000, 0.0000000E+000, 0.0000000E+000, 0.0000000E+000, 0.0000000E+000, 0.0000000E+000, 0.0000000E+000, 0.0000000E+000, 0.0000000E+000, 0.0000000E+000, 0.0000000E+000
-1.7695731E+002, 0.0000000E+000, 0.0000000E+000, 0.0000000E+000, 0.0000000E+000, 0.0000000E+000, 0.0000000E+000, 0.0000000E+000, 0.0000000E+000, 0.0000000E+000, 0.0000000E+000, 0.0000000E+000, 0.0000000E+000, 0.0000000E+000, 0.0000000E+000, 0.0000000E+000, 0.0000000E+000, 0.0000000E+000, 0.0000000E+000, 0.0000000E+000, 0.0000000E+000, 0.0000000E+000, 0.0000000E+000, 0.0000000E+000, 0.0000000E+000, 0.0000000E+000, 0.0000000E+000, 0.0000000E+000, 0.0000000E+000, 0.0000000E+000, 0.0000000E+000, 0.0000000E+000, 0.0000000E+000, 0.0000000E+000, 0.0000000E+000, 0.0000000E+000, 0.0000000E+000, 0.0000000E+000, 0.0000000E+000, 0.0000000E+000, 0.0000000E+000, 0.0000000E+000, 0.0000000E+000, 0.0000000E+000, 0.0000000E+000, 0.0000000E+000, 0.0000000E+000, 0.0000000E+000, 0.0000000E+000, 0.0000000E+000, 0.0000000E+000, 0.0000000E+000, 0.0000000E+000, 0.0000000E+000, 0.0000000E+000, 0.0000000E+000, 0.0000000E+000, 0.0000000E+000, 0.0000000E+000, 0.0000000E+000, 0.0000000E+000
-1.7597213E+002, 0.0000000E+000, 0.0000000E+000, 0.0000000E+000, 0.0000000E+000, 0.0000000E+000, 0.0000000E+000, 0.0000000E+000, 0.0000000E+000, 0.0000000E+000, 0.0000000E+000, 0.0000000E+000, 0.0000000E+000, 0.0000000E+000, 0.0000000E+000, 0.0000000E+000, 0.0000000E+000, 0.0000000E+000, 0.0000000E+000, 0.0000000E+000, 0.0000000E+000, 0.0000000E+000, 0.0000000E+000, 0.0000000E+000, 0.0000000E+000, 0.0000000E+000, 0.0000000E+000, 0.0000000E+000, 0.0000000E+000, 0.0000000E+000, 0.0000000E+000, 0.0000000E+000, 0.0000000E+000, 0.0000000E+000, 0.0000000E+000, 0.0000000E+000, 0.0000000E+000, 0.0000000E+000, 0.0000000E+000, 0.0000000E+000, 0.0000000E+000, 0.0000000E+000, 0.0000000E+000, 0.0000000E+000, 0.0000000E+000, 0.0000000E+000, 0.0000000E+000, 0.0000000E+000, 0.0000000E+000, 0.0000000E+000, 0.0000000E+000, 0.0000000E+000, 0.0000000E+000, 0.0000000E+000, 0.0000000E+000, 0.0000000E+000, 0.0000000E+000, 0.0000000E+000, 0.0000000E+000, 0.0000000E+000, 0.0000000E+000
-1.7498042E+002, 0.0000000E+000, 0.0000000E+000, 0.0000000E+000, 0.0000000E+000, 0.0000000E+000, 0.0000000E+000, 0.0000000E+000, 0.0000000E+000, 0.0000000E+000, 0.0000000E+000, 0.0000000E+000, 0.0000000E+000, 0.0000000E+000, 0.0000000E+000, 0.0000000E+000, 0.0000000E+000, 0.0000000E+000, 0.0000000E+000, 0.0000000E+000, 0.0000000E+000, 0.0000000E+000, 0.0000000E+000, 0.0000000E+000, 0.0000000E+000, 0.0000000E+000, 0.0000000E+000, 0.0000000E+000, 0.0000000E+000, 0.0000000E+000, 0.0000000E+000, 0.0000000E+000, 0.0000000E+000, 0.0000000E+000, 0.0000000E+000, 0.0000000E+000, 0.0000000E+000, 0.0000000E+000, 0.0000000E+000, 0.0000000E+000, 0.0000000E+000, 0.0000000E+000, 0.0000000E+000, 0.0000000E+000, 0.0000000E+000, 0.0000000E+000, 0.0000000E+000, 0.0000000E+000, 0.0000000E+000, 0.0000000E+000, 0.0000000E+000, 0.0000000E+000, 0.0000000E+000, 0.0000000E+000, 0.0000000E+000, 0.0000000E+000, 0.0000000E+000, 0.0000000E+000, 0.0000000E+000, 0.0000000E+000, 0.0000000E+000
-1.7394656E+002, 0.0000000E+000, 0.0000000E+000, 0.0000000E+000, 0.0000000E+000, 0.0000000E+000, 0.0000000E+000, 0.0000000E+000, 0.0000000E+000, 0.0000000E+000, 0.0000000E+000, 0.0000000E+000, 0.0000000E+000, 0.0000000E+000, 0.0000000E+000, 0.0000000E+000, 0.0000000E+000, 0.0000000E+000, 0.0000000E+000, 0.0000000E+000, 0.0000000E+000, 0.0000000E+000, 0.0000000E+000, 0.0000000E+000, 0.0000000E+000, 0.0000000E+000, 0.0000000E+000, 0.0000000E+000, 0.0000000E+000, 0.0000000E+000, 0.0000000E+000, 0.0000000E+000, 0.0000000E+000, 0.0000000E+000, 0.0000000E+000, 0.0000000E+000, 0.0000000E+000, 0.0000000E+000, 0.0000000E+000, 0.0000000E+000, 0.0000000E+000, 0.0000000E+000, 0.0000000E+000, 0.0000000E+000, 0.0000000E+000, 0.0000000E+000, 0.0000000E+000, 0.0000000E+000, 0.0000000E+000, 0.0000000E+000, 0.0000000E+000, 0.0000000E+000, 0.0000000E+000, 0.0000000E+000, 0.0000000E+000, 0.0000000E+000, 0.0000000E+000, 0.0000000E+000, 0.0000000E+000, 0.0000000E+000, 0.0000000E+000
-1.7295405E+002, 0.0000000E+000, 0.0000000E+000, 0.0000000E+000, 0.0000000E+000, 0.0000000E+000, 0.0000000E+000, 0.0000000E+000, 0.0000000E+000, 0.0000000E+000, 0.0000000E+000, 0.0000000E+000, 0.0000000E+000, 0.0000000E+000, 0.0000000E+000, 0.0000000E+000, 0.0000000E+000, 0.0000000E+000, 0.0000000E+000, 0.0000000E+000, 0.0000000E+000, 0.0000000E+000, 0.0000000E+000, 0.0000000E+000, 0.0000000E+000, 0.0000000E+000, 0.0000000E+000, 0.0000000E+000, 0.0000000E+000, 0.0000000E+000, 0.0000000E+000, 0.0000000E+000, 0.0000000E+000, 0.0000000E+000, 0.0000000E+000, 0.0000000E+000, 0.0000000E+000, 0.0000000E+000, 0.0000000E+000, 0.0000000E+000, 0.0000000E+000, 0.0000000E+000, 0.0000000E+000, 0.0000000E+000, 0.0000000E+000, 0.0000000E+000, 0.0000000E+000, 0.0000000E+000, 0.0000000E+000, 0.0000000E+000, 0.0000000E+000, 0.0000000E+000, 0.0000000E+000, 0.0000000E+000, 0.0000000E+000, 0.0000000E+000, 0.0000000E+000, 0.0000000E+000, 0.0000000E+000, 0.0000000E+000, 0.0000000E+000
-1.7198097E+002, 0.0000000E+000, 0.0000000E+000, 0.0000000E+000, 0.0000000E+000, 0.0000000E+000, 0.0000000E+000, 0.0000000E+000, 0.0000000E+000, 0.0000000E+000, 0.0000000E+000, 0.0000000E+000, 0.0000000E+000, 0.0000000E+000, 0.0000000E+000, 0.0000000E+000, 0.0000000E+000, 0.0000000E+000, 0.0000000E+000, 0.0000000E+000, 0.0000000E+000, 0.0000000E+000, 0.0000000E+000, 0.0000000E+000, 0.0000000E+000, 0.0000000E+000, 0.0000000E+000, 0.0000000E+000, 0.0000000E+000, 0.0000000E+000, 0.0000000E+000, 0.0000000E+000, 0.0000000E+000, 0.0000000E+000, 0.0000000E+000, 0.0000000E+000, 0.0000000E+000, 0.0000000E+000, 0.0000000E+000, 0.0000000E+000, 0.0000000E+000, 0.0000000E+000, 0.0000000E+000, 0.0000000E+000, 0.0000000E+000, 0.0000000E+000, 0.0000000E+000, 0.0000000E+000, 0.0000000E+000, 0.0000000E+000, 0.0000000E+000, 0.0000000E+000, 0.0000000E+000, 0.0000000E+000, 0.0000000E+000, 0.0000000E+000, 0.0000000E+000, 0.0000000E+000, 0.0000000E+000, 0.0000000E+000, 0.0000000E+000
-1.7099566E+002, 0.0000000E+000, 0.0000000E+000, 0.0000000E+000, 0.0000000E+000, 0.0000000E+000, 0.0000000E+000, 0.0000000E+000, 0.0000000E+000, 0.0000000E+000, 0.0000000E+000, 0.0000000E+000, 0.0000000E+000, 0.0000000E+000, 0.0000000E+000, 0.0000000E+000, 0.0000000E+000, 0.0000000E+000, 0.0000000E+000, 0.0000000E+000, 0.0000000E+000, 0.0000000E+000, 0.0000000E+000, 0.0000000E+000, 0.0000000E+000, 0.0000000E+000, 0.0000000E+000, 0.0000000E+000, 0.0000000E+000, 0.0000000E+000, 0.0000000E+000, 0.0000000E+000, 0.0000000E+000, 0.0000000E+000, 0.0000000E+000, 0.0000000E+000, 0.0000000E+000, 0.0000000E+000, 0.0000000E+000, 0.0000000E+000, 0.0000000E+000, 0.0000000E+000, 0.0000000E+000, 0.0000000E+000, 0.0000000E+000, 0.0000000E+000, 0.0000000E+000, 0.0000000E+000, 0.0000000E+000, 0.0000000E+000, 0.0000000E+000, 0.0000000E+000, 0.0000000E+000, 0.0000000E+000, 0.0000000E+000, 0.0000000E+000, 0.0000000E+000, 0.0000000E+000, 0.0000000E+000, 0.0000000E+000, 0.0000000E+000
-1.6997275E+002, 0.0000000E+000, 0.0000000E+000, 0.0000000E+000, 0.0000000E+000, 0.0000000E+000, 0.0000000E+000, 0.0000000E+000, 0.0000000E+000, 0.0000000E+000, 0.0000000E+000, 0.0000000E+000, 0.0000000E+000, 0.0000000E+000, 0.0000000E+000, 0.0000000E+000, 0.0000000E+000, 0.0000000E+000, 0.0000000E+000, 0.0000000E+000, 0.0000000E+000, 0.0000000E+000, 0.0000000E+000, 0.0000000E+000, 0.0000000E+000, 0.0000000E+000, 0.0000000E+000, 0.0000000E+000, 0.0000000E+000, 0.0000000E+000, 0.0000000E+000, 0.0000000E+000, 0.0000000E+000, 0.0000000E+000, 0.0000000E+000, 0.0000000E+000, 0.0000000E+000, 0.0000000E+000, 0.0000000E+000, 0.0000000E+000, 0.0000000E+000, 0.0000000E+000, 0.0000000E+000, 0.0000000E+000, 0.0000000E+000, 0.0000000E+000, 0.0000000E+000, 0.0000000E+000, 0.0000000E+000, 0.0000000E+000, 0.0000000E+000, 0.0000000E+000, 0.0000000E+000, 0.0000000E+000, 0.0000000E+000, 0.0000000E+000, 0.0000000E+000, 0.0000000E+000, 0.0000000E+000, 0.0000000E+000, 0.0000000E+000
-1.6899757E+002, 0.0000000E+000, 0.0000000E+000, 0.0000000E+000, 0.0000000E+000, 0.0000000E+000, 0.0000000E+000, 0.0000000E+000, 0.0000000E+000, 0.0000000E+000, 0.0000000E+000, 0.0000000E+000, 0.0000000E+000, 0.0000000E+000, 0.0000000E+000, 0.0000000E+000, 0.0000000E+000, 0.0000000E+000, 0.0000000E+000, 0.0000000E+000, 0.0000000E+000, 0.0000000E+000, 0.0000000E+000, 0.0000000E+000, 0.0000000E+000, 0.0000000E+000, 0.0000000E+000, 0.0000000E+000, 0.0000000E+000, 0.0000000E+000, 0.0000000E+000, 0.0000000E+000, 0.0000000E+000, 0.0000000E+000, 0.0000000E+000, 0.0000000E+000, 0.0000000E+000, 0.0000000E+000, 0.0000000E+000, 0.0000000E+000, 0.0000000E+000, 0.0000000E+000, 0.0000000E+000, 0.0000000E+000, 0.0000000E+000, 0.0000000E+000, 0.0000000E+000, 0.0000000E+000, 0.0000000E+000, 0.0000000E+000, 0.0000000E+000, 0.0000000E+000, 0.0000000E+000, 0.0000000E+000, 0.0000000E+000, 0.0000000E+000, 0.0000000E+000, 0.0000000E+000, 0.0000000E+000, 0.0000000E+000, 0.0000000E+000
-1.6798903E+002, 0.0000000E+000, 0.0000000E+000, 0.0000000E+000, 0.0000000E+000, 0.0000000E+000, 0.0000000E+000, 0.0000000E+000, 0.0000000E+000, 0.0000000E+000, 0.0000000E+000, 0.0000000E+000, 0.0000000E+000, 0.0000000E+000, 0.0000000E+000, 0.0000000E+000, 0.0000000E+000, 0.0000000E+000, 0.0000000E+000, 0.0000000E+000, 0.0000000E+000, 0.0000000E+000, 0.0000000E+000, 0.0000000E+000, 0.0000000E+000, 0.0000000E+000, 0.0000000E+000, 0.0000000E+000, 0.0000000E+000, 0.0000000E+000, 0.0000000E+000, 0.0000000E+000, 0.0000000E+000, 0.0000000E+000, 0.0000000E+000, 0.0000000E+000, 0.0000000E+000, 0.0000000E+000, 0.0000000E+000, 0.0000000E+000, 0.0000000E+000, 0.0000000E+000, 0.0000000E+000, 0.0000000E+000, 0.0000000E+000, 0.0000000E+000, 0.0000000E+000, 0.0000000E+000, 0.0000000E+000, 0.0000000E+000, 0.0000000E+000, 0.0000000E+000, 0.0000000E+000, 0.0000000E+000, 0.0000000E+000, 0.0000000E+000, 0.0000000E+000, 0.0000000E+000, 0.0000000E+000, 0.0000000E+000, 0.0000000E+000
-1.6695359E+002, 0.0000000E+000, 0.0000000E+000, 0.0000000E+000, 0.0000000E+000, 0.0000000E+000, 0.0000000E+000, 0.0000000E+000, 0.0000000E+000, 0.0000000E+000, 0.0000000E+000, 0.0000000E+000, 0.0000000E+000, 0.0000000E+000, 0.0000000E+000, 0.0000000E+000, 0.0000000E+000, 0.0000000E+000, 0.0000000E+000, 0.0000000E+000, 0.0000000E+000, 0.0000000E+000, 0.0000000E+000, 0.0000000E+000, 0.0000000E+000, 0.0000000E+000, 0.0000000E+000, 0.0000000E+000, 0.0000000E+000, 0.0000000E+000, 0.0000000E+000, 0.0000000E+000, 0.0000000E+000, 0.0000000E+000, 0.0000000E+000, 0.0000000E+000, 0.0000000E+000, 0.0000000E+000, 0.0000000E+000, 0.0000000E+000, 0.0000000E+000, 0.0000000E+000, 0.0000000E+000, 0.0000000E+000, 0.0000000E+000, 0.0000000E+000, 0.0000000E+000, 0.0000000E+000, 0.0000000E+000, 0.0000000E+000, 0.0000000E+000, 0.0000000E+000, 0.0000000E+000, 0.0000000E+000, 0.0000000E+000, 0.0000000E+000, 0.0000000E+000, 0.0000000E+000, 0.0000000E+000, 0.0000000E+000, 0.0000000E+000
-1.6599753E+002, 0.0000000E+000, 0.0000000E+000, 0.0000000E+000, 0.0000000E+000, 0.0000000E+000, 0.0000000E+000, 0.0000000E+000, 0.0000000E+000, 0.0000000E+000, 0.0000000E+000, 0.0000000E+000, 0.0000000E+000, 0.0000000E+000, 0.0000000E+000, 0.0000000E+000, 0.0000000E+000, 0.0000000E+000, 0.0000000E+000, 0.0000000E+000, 0.0000000E+000, 0.0000000E+000, 0.0000000E+000, 0.0000000E+000, 0.0000000E+000, 0.0000000E+000, 0.0000000E+000, 0.0000000E+000, 0.0000000E+000, 0.0000000E+000, 0.0000000E+000, 0.0000000E+000, 0.0000000E+000, 0.0000000E+000, 0.0000000E+000, 0.0000000E+000, 0.0000000E+000, 0.0000000E+000, 0.0000000E+000, 0.0000000E+000, 0.0000000E+000, 0.0000000E+000, 0.0000000E+000, 0.0000000E+000, 0.0000000E+000, 0.0000000E+000, 0.0000000E+000, 0.0000000E+000, 0.0000000E+000, 0.0000000E+000, 0.0000000E+000, 0.0000000E+000, 0.0000000E+000, 0.0000000E+000, 0.0000000E+000, 0.0000000E+000, 0.0000000E+000, 0.0000000E+000, 0.0000000E+000, 0.0000000E+000, 0.0000000E+000
-1.6499494E+002, 0.0000000E+000, 0.0000000E+000, 0.0000000E+000, 0.0000000E+000, 0.0000000E+000, 0.0000000E+000, 0.0000000E+000, 0.0000000E+000, 0.0000000E+000, 0.0000000E+000, 0.0000000E+000, 0.0000000E+000, 0.0000000E+000, 0.0000000E+000, 0.0000000E+000, 0.0000000E+000, 0.0000000E+000, 0.0000000E+000, 0.0000000E+000, 0.0000000E+000, 0.0000000E+000, 0.0000000E+000, 0.0000000E+000, 0.0000000E+000, 0.0000000E+000, 0.0000000E+000, 0.0000000E+000, 0.0000000E+000, 0.0000000E+000, 0.0000000E+000, 0.0000000E+000, 0.0000000E+000, 0.0000000E+000, 0.0000000E+000, 0.0000000E+000, 0.0000000E+000, 0.0000000E+000, 0.0000000E+000, 0.0000000E+000, 0.0000000E+000, 0.0000000E+000, 0.0000000E+000, 0.0000000E+000, 0.0000000E+000, 0.0000000E+000, 0.0000000E+000, 0.0000000E+000, 0.0000000E+000, 0.0000000E+000, 0.0000000E+000, 0.0000000E+000, 0.0000000E+000, 0.0000000E+000, 0.0000000E+000, 0.0000000E+000, 0.0000000E+000, 0.0000000E+000, 0.0000000E+000, 0.0000000E+000, 0.0000000E+000
-1.6394488E+002, 0.0000000E+000, 0.0000000E+000, 0.0000000E+000, 0.0000000E+000, 0.0000000E+000, 0.0000000E+000, 0.0000000E+000, 0.0000000E+000, 0.0000000E+000, 0.0000000E+000, 0.0000000E+000, 0.0000000E+000, 0.0000000E+000, 0.0000000E+000, 0.0000000E+000, 0.0000000E+000, 0.0000000E+000, 0.0000000E+000, 0.0000000E+000, 0.0000000E+000, 0.0000000E+000, 0.0000000E+000, 0.0000000E+000, 0.0000000E+000, 0.0000000E+000, 0.0000000E+000, 0.0000000E+000, 0.0000000E+000, 0.0000000E+000, 0.0000000E+000, 0.0000000E+000, 0.0000000E+000, 0.0000000E+000, 0.0000000E+000, 0.0000000E+000, 0.0000000E+000, 0.0000000E+000, 0.0000000E+000, 0.0000000E+000, 0.0000000E+000, 0.0000000E+000, 0.0000000E+000, 0.0000000E+000, 0.0000000E+000, 0.0000000E+000, 0.0000000E+000, 0.0000000E+000, 0.0000000E+000, 0.0000000E+000, 0.0000000E+000, 0.0000000E+000, 0.0000000E+000, 0.0000000E+000, 0.0000000E+000, 0.0000000E+000, 0.0000000E+000, 0.0000000E+000, 0.0000000E+000, 0.0000000E+000, 0.0000000E+000
-1.6295294E+002, 0.0000000E+000, 0.0000000E+000, 0.0000000E+000, 0.0000000E+000, 0.0000000E+000, 0.0000000E+000, 0.0000000E+000, 0.0000000E+000, 0.0000000E+000, 0.0000000E+000, 0.0000000E+000, 0.0000000E+000, 0.0000000E+000, 0.0000000E+000, 0.0000000E+000, 0.0000000E+000, 0.0000000E+000, 0.0000000E+000, 0.0000000E+000, 0.0000000E+000, 0.0000000E+000, 0.0000000E+000, 0.0000000E+000, 0.0000000E+000, 0.0000000E+000, 0.0000000E+000, 0.0000000E+000, 0.0000000E+000, 0.0000000E+000, 0.0000000E+000, 0.0000000E+000, 0.0000000E+000, 0.0000000E+000, 0.0000000E+000, 0.0000000E+000, 0.0000000E+000, 0.0000000E+000, 0.0000000E+000, 0.0000000E+000, 0.0000000E+000, 0.0000000E+000, 0.0000000E+000, 0.0000000E+000, 0.0000000E+000, 0.0000000E+000, 0.0000000E+000, 0.0000000E+000, 0.0000000E+000, 0.0000000E+000, 0.0000000E+000, 0.0000000E+000, 0.0000000E+000, 0.0000000E+000, 0.0000000E+000, 0.0000000E+000, 0.0000000E+000, 0.0000000E+000, 0.0000000E+000, 0.0000000E+000, 0.0000000E+000
-1.6195621E+002, 0.0000000E+000, 0.0000000E+000, 0.0000000E+000, 0.0000000E+000, 0.0000000E+000, 0.0000000E+000, 0.0000000E+000, 0.0000000E+000, 0.0000000E+000, 0.0000000E+000, 0.0000000E+000, 0.0000000E+000, 0.0000000E+000, 0.0000000E+000, 0.0000000E+000, 0.0000000E+000, 0.0000000E+000, 0.0000000E+000, 0.0000000E+000, 0.0000000E+000, 0.0000000E+000, 0.0000000E+000, 0.0000000E+000, 0.0000000E+000, 0.0000000E+000, 0.0000000E+000, 0.0000000E+000, 0.0000000E+000, 0.0000000E+000, 0.0000000E+000, 0.0000000E+000, 0.0000000E+000, 0.0000000E+000, 0.0000000E+000, 0.0000000E+000, 0.0000000E+000, 0.0000000E+000, 0.0000000E+000, 0.0000000E+000, 0.0000000E+000, 0.0000000E+000, 0.0000000E+000, 0.0000000E+000, 0.0000000E+000, 0.0000000E+000, 0.0000000E+000, 0.0000000E+000, 0.0000000E+000, 0.0000000E+000, 0.0000000E+000, 0.0000000E+000, 0.0000000E+000, 0.0000000E+000, 0.0000000E+000, 0.0000000E+000, 0.0000000E+000, 0.0000000E+000, 0.0000000E+000, 0.0000000E+000, 0.0000000E+000
-1.6093607E+002, 0.0000000E+000, 0.0000000E+000, 0.0000000E+000, 0.0000000E+000, 0.0000000E+000, 0.0000000E+000, 0.0000000E+000, 0.0000000E+000, 0.0000000E+000, 0.0000000E+000, 0.0000000E+000, 0.0000000E+000, 0.0000000E+000, 0.0000000E+000, 0.0000000E+000, 0.0000000E+000, 0.0000000E+000, 0.0000000E+000, 0.0000000E+000, 0.0000000E+000, 0.0000000E+000, 0.0000000E+000, 0.0000000E+000, 0.0000000E+000, 0.0000000E+000, 0.0000000E+000, 0.0000000E+000, 0.0000000E+000, 0.0000000E+000, 0.0000000E+000, 0.0000000E+000, 0.0000000E+000, 0.0000000E+000, 0.0000000E+000, 0.0000000E+000, 0.0000000E+000, 0.0000000E+000, 0.0000000E+000, 0.0000000E+000, 0.0000000E+000, 0.0000000E+000, 0.0000000E+000, 0.0000000E+000, 0.0000000E+000, 0.0000000E+000, 0.0000000E+000, 0.0000000E+000, 0.0000000E+000, 0.0000000E+000, 0.0000000E+000, 0.0000000E+000, 0.0000000E+000, 0.0000000E+000, 0.0000000E+000, 0.0000000E+000, 0.0000000E+000, 0.0000000E+000, 0.0000000E+000, 0.0000000E+000, 0.0000000E+000
-1.5999945E+002, 0.0000000E+000, 0.0000000E+000, 0.0000000E+000, 0.0000000E+000, 0.0000000E+000, 0.0000000E+000, 0.0000000E+000, 0.0000000E+000, 0.0000000E+000, 0.0000000E+000, 0.0000000E+000, 0.0000000E+000, 0.0000000E+000, 0.0000000E+000, 0.0000000E+000, 0.0000000E+000, 0.0000000E+000, 0.0000000E+000, 0.0000000E+000, 0.0000000E+000, 0.0000000E+000, 0.0000000E+000, 0.0000000E+000, 0.0000000E+000, 0.0000000E+000, 0.0000000E+000, 0.0000000E+000, 0.0000000E+000, 0.0000000E+000, 0.0000000E+000, 0.0000000E+000, 0.0000000E+000, 0.0000000E+000, 0.0000000E+000, 0.0000000E+000, 0.0000000E+000, 0.0000000E+000, 0.0000000E+000, 0.0000000E+000, 0.0000000E+000, 0.0000000E+000, 0.0000000E+000, 0.0000000E+000, 0.0000000E+000, 0.0000000E+000, 0.0000000E+000, 0.0000000E+000, 0.0000000E+000, 0.0000000E+000, 0.0000000E+000, 0.0000000E+000, 0.0000000E+000, 0.0000000E+000, 0.0000000E+000, 0.0000000E+000, 0.0000000E+000, 0.0000000E+000, 0.0000000E+000, 0.0000000E+000, 0.0000000E+000
-1.5894431E+002, 0.0000000E+000, 0.0000000E+000, 0.0000000E+000, 0.0000000E+000, 0.0000000E+000, 0.0000000E+000, 0.0000000E+000, 0.0000000E+000, 0.0000000E+000, 0.0000000E+000, 0.0000000E+000, 0.0000000E+000, 0.0000000E+000, 0.0000000E+000, 0.0000000E+000, 0.0000000E+000, 0.0000000E+000, 0.0000000E+000, 0.0000000E+000, 0.0000000E+000, 0.0000000E+000, 0.0000000E+000, 0.0000000E+000, 0.0000000E+000, 0.0000000E+000, 0.0000000E+000, 0.0000000E+000, 0.0000000E+000, 0.0000000E+000, 0.0000000E+000, 0.0000000E+000, 0.0000000E+000, 0.0000000E+000, 0.0000000E+000, 0.0000000E+000, 0.0000000E+000, 0.0000000E+000, 0.0000000E+000, 0.0000000E+000, 0.0000000E+000, 0.0000000E+000, 0.0000000E+000, 0.0000000E+000, 0.0000000E+000, 0.0000000E+000, 0.0000000E+000, 0.0000000E+000, 0.0000000E+000, 0.0000000E+000, 0.0000000E+000, 0.0000000E+000, 0.0000000E+000, 0.0000000E+000, 0.0000000E+000, 0.0000000E+000, 0.0000000E+000, 0.0000000E+000, 0.0000000E+000, 0.0000000E+000, 0.0000000E+000
-1.5795952E+002, 0.0000000E+000, 0.0000000E+000, 0.0000000E+000, 0.0000000E+000, 0.0000000E+000, 0.0000000E+000, 0.0000000E+000, 0.0000000E+000, 0.0000000E+000, 0.0000000E+000, 0.0000000E+000, 0.0000000E+000, 0.0000000E+000, 0.0000000E+000, 0.0000000E+000, 0.0000000E+000, 0.0000000E+000, 0.0000000E+000, 0.0000000E+000, 0.0000000E+000, 0.0000000E+000, 0.0000000E+000, 0.0000000E+000, 0.0000000E+000, 0.0000000E+000, 0.0000000E+000, 0.0000000E+000, 0.0000000E+000, 0.0000000E+000, 0.0000000E+000, 0.0000000E+000, 0.0000000E+000, 0.0000000E+000, 0.0000000E+000, 0.0000000E+000, 0.0000000E+000, 0.0000000E+000, 0.0000000E+000, 0.0000000E+000, 0.0000000E+000, 0.0000000E+000, 0.0000000E+000, 0.0000000E+000, 0.0000000E+000, 0.0000000E+000, 0.0000000E+000, 0.0000000E+000, 0.0000000E+000, 0.0000000E+000, 0.0000000E+000, 0.0000000E+000, 0.0000000E+000, 0.0000000E+000, 0.0000000E+000, 0.0000000E+000, 0.0000000E+000, 0.0000000E+000, 0.0000000E+000, 0.0000000E+000, 0.0000000E+000
-1.5695362E+002, 0.0000000E+000, 0.0000000E+000, 0.0000000E+000, 0.0000000E+000, 0.0000000E+000, 0.0000000E+000, 0.0000000E+000, 0.0000000E+000, 0.0000000E+000, 0.0000000E+000, 0.0000000E+000, 0.0000000E+000, 0.0000000E+000, 0.0000000E+000, 0.0000000E+000, 0.0000000E+000, 0.0000000E+000, 0.0000000E+000, 0.0000000E+000, 0.0000000E+000, 0.0000000E+000, 0.0000000E+000, 0.0000000E+000, 0.0000000E+000, 0.0000000E+000, 0.0000000E+000, 0.0000000E+000, 0.0000000E+000, 0.0000000E+000, 0.0000000E+000, 0.0000000E+000, 0.0000000E+000, 0.0000000E+000, 0.0000000E+000, 0.0000000E+000, 0.0000000E+000, 0.0000000E+000, 0.0000000E+000, 0.0000000E+000, 0.0000000E+000, 0.0000000E+000, 0.0000000E+000, 0.0000000E+000, 0.0000000E+000, 0.0000000E+000, 0.0000000E+000, 0.0000000E+000, 0.0000000E+000, 0.0000000E+000, 0.0000000E+000, 0.0000000E+000, 0.0000000E+000, 0.0000000E+000, 0.0000000E+000, 0.0000000E+000, 0.0000000E+000, 0.0000000E+000, 0.0000000E+000, 0.0000000E+000, 0.0000000E+000
-1.5597093E+002, 0.0000000E+000, 0.0000000E+000, 0.0000000E+000, 0.0000000E+000, 0.0000000E+000, 0.0000000E+000, 0.0000000E+000, 0.0000000E+000, 0.0000000E+000, 0.0000000E+000, 0.0000000E+000, 0.0000000E+000, 0.0000000E+000, 0.0000000E+000, 0.0000000E+000, 0.0000000E+000, 0.0000000E+000, 0.0000000E+000, 0.0000000E+000, 0.0000000E+000, 0.0000000E+000, 0.0000000E+000, 0.0000000E+000, 0.0000000E+000, 0.0000000E+000, 0.0000000E+000, 0.0000000E+000, 0.0000000E+000, 0.0000000E+000, 0.0000000E+000, 0.0000000E+000, 0.0000000E+000, 0.0000000E+000, 0.0000000E+000, 0.0000000E+000, 0.0000000E+000, 0.0000000E+000, 0.0000000E+000, 0.0000000E+000, 0.0000000E+000, 0.0000000E+000, 0.0000000E+000, 0.0000000E+000, 0.0000000E+000, 0.0000000E+000, 0.0000000E+000, 0.0000000E+000, 0.0000000E+000, 0.0000000E+000, 0.0000000E+000, 0.0000000E+000, 0.0000000E+000, 0.0000000E+000, 0.0000000E+000, 0.0000000E+000, 0.0000000E+000, 0.0000000E+000, 0.0000000E+000, 0.0000000E+000, 0.0000000E+000
-1.5499212E+002, 0.0000000E+000, 0.0000000E+000, 0.0000000E+000, 0.0000000E+000, 0.0000000E+000, 0.0000000E+000, 0.0000000E+000, 0.0000000E+000, 0.0000000E+000, 0.0000000E+000, 0.0000000E+000, 0.0000000E+000, 0.0000000E+000, 0.0000000E+000, 0.0000000E+000, 0.0000000E+000, 0.0000000E+000, 0.0000000E+000, 0.0000000E+000, 0.0000000E+000, 0.0000000E+000, 0.0000000E+000, 0.0000000E+000, 0.0000000E+000, 0.0000000E+000, 0.0000000E+000, 0.0000000E+000, 0.0000000E+000, 0.0000000E+000, 0.0000000E+000, 0.0000000E+000, 0.0000000E+000, 0.0000000E+000, 0.0000000E+000, 0.0000000E+000, 0.0000000E+000, 0.0000000E+000, 0.0000000E+000, 0.0000000E+000, 0.0000000E+000, 0.0000000E+000, 0.0000000E+000, 0.0000000E+000, 0.0000000E+000, 0.0000000E+000, 0.0000000E+000, 0.0000000E+000, 0.0000000E+000, 0.0000000E+000, 0.0000000E+000, 0.0000000E+000, 0.0000000E+000, 0.0000000E+000, 0.0000000E+000, 0.0000000E+000, 0.0000000E+000, 0.0000000E+000, 0.0000000E+000, 0.0000000E+000, 0.0000000E+000
-1.5398268E+002, 0.0000000E+000, 0.0000000E+000, 0.0000000E+000, 0.0000000E+000, 0.0000000E+000, 0.0000000E+000, 0.0000000E+000, 0.0000000E+000, 0.0000000E+000, 0.0000000E+000, 0.0000000E+000, 0.0000000E+000, 0.0000000E+000, 0.0000000E+000, 0.0000000E+000, 0.0000000E+000, 0.0000000E+000, 0.0000000E+000, 0.0000000E+000, 0.0000000E+000, 0.0000000E+000, 0.0000000E+000, 0.0000000E+000, 0.0000000E+000, 0.0000000E+000, 0.0000000E+000, 0.0000000E+000, 0.0000000E+000, 0.0000000E+000, 0.0000000E+000, 0.0000000E+000, 0.0000000E+000, 0.0000000E+000, 0.0000000E+000, 0.0000000E+000, 0.0000000E+000, 0.0000000E+000, 0.0000000E+000, 0.0000000E+000, 0.0000000E+000, 0.0000000E+000, 0.0000000E+000, 0.0000000E+000, 0.0000000E+000, 0.0000000E+000, 0.0000000E+000, 0.0000000E+000, 0.0000000E+000, 0.0000000E+000, 0.0000000E+000, 0.0000000E+000, 0.0000000E+000, 0.0000000E+000, 0.0000000E+000, 0.0000000E+000, 0.0000000E+000, 0.0000000E+000, 0.0000000E+000, 0.0000000E+000, 0.0000000E+000
-1.5293031E+002, 0.0000000E+000, 0.0000000E+000, 0.0000000E+000, 0.0000000E+000, 0.0000000E+000, 0.0000000E+000, 0.0000000E+000, 0.0000000E+000, 0.0000000E+000, 0.0000000E+000, 0.0000000E+000, 0.0000000E+000, 0.0000000E+000, 0.0000000E+000, 0.0000000E+000, 0.0000000E+000, 0.0000000E+000, 0.0000000E+000, 0.0000000E+000, 0.0000000E+000, 0.0000000E+000, 0.0000000E+000, 0.0000000E+000, 0.0000000E+000, 0.0000000E+000, 0.0000000E+000, 0.0000000E+000, 0.0000000E+000, 0.0000000E+000, 0.0000000E+000, 0.0000000E+000, 0.0000000E+000, 0.0000000E+000, 0.0000000E+000, 0.0000000E+000, 0.0000000E+000, 0.0000000E+000, 0.0000000E+000, 0.0000000E+000, 0.0000000E+000, 0.0000000E+000, 0.0000000E+000, 0.0000000E+000, 0.0000000E+000, 0.0000000E+000, 0.0000000E+000, 0.0000000E+000, 0.0000000E+000, 0.0000000E+000, 0.0000000E+000, 0.0000000E+000, 0.0000000E+000, 0.0000000E+000, 0.0000000E+000, 0.0000000E+000, 0.0000000E+000, 0.0000000E+000, 0.0000000E+000, 0.0000000E+000, 0.0000000E+000
-1.5195980E+002, 0.0000000E+000, 0.0000000E+000, 0.0000000E+000, 0.0000000E+000, 0.0000000E+000, 0.0000000E+000, 0.0000000E+000, 0.0000000E+000, 0.0000000E+000, 0.0000000E+000, 0.0000000E+000, 0.0000000E+000, 0.0000000E+000, 0.0000000E+000, 0.0000000E+000, 0.0000000E+000, 0.0000000E+000, 0.0000000E+000, 0.0000000E+000, 0.0000000E+000, 0.0000000E+000, 0.0000000E+000, 0.0000000E+000, 0.0000000E+000, 0.0000000E+000, 0.0000000E+000, 0.0000000E+000, 0.0000000E+000, 0.0000000E+000, 0.0000000E+000, 0.0000000E+000, 0.0000000E+000, 0.0000000E+000, 0.0000000E+000, 0.0000000E+000, 0.0000000E+000, 0.0000000E+000, 0.0000000E+000, 0.0000000E+000, 0.0000000E+000, 0.0000000E+000, 0.0000000E+000, 0.0000000E+000, 0.0000000E+000, 0.0000000E+000, 0.0000000E+000, 0.0000000E+000, 0.0000000E+000, 0.0000000E+000, 0.0000000E+000, 0.0000000E+000, 0.0000000E+000, 0.0000000E+000, 0.0000000E+000, 0.0000000E+000, 0.0000000E+000, 0.0000000E+000, 0.0000000E+000, 0.0000000E+000, 0.0000000E+000
-1.5092738E+002, 0.0000000E+000, 0.0000000E+000, 0.0000000E+000, 0.0000000E+000, 0.0000000E+000, 0.0000000E+000, 0.0000000E+000, 0.0000000E+000, 0.0000000E+000, 0.0000000E+000, 0.0000000E+000, 0.0000000E+000, 0.0000000E+000, 0.0000000E+000, 0.0000000E+000, 0.0000000E+000, 0.0000000E+000, 0.0000000E+000, 0.0000000E+000, 0.0000000E+000, 0.0000000E+000, 0.0000000E+000, 0.0000000E+000, 0.0000000E+000, 0.0000000E+000, 0.0000000E+000, 0.0000000E+000, 0.0000000E+000, 0.0000000E+000, 0.0000000E+000, 0.0000000E+000, 0.0000000E+000, 0.0000000E+000, 0.0000000E+000, 0.0000000E+000, 0.0000000E+000, 0.0000000E+000, 0.0000000E+000, 0.0000000E+000, 0.0000000E+000, 0.0000000E+000, 0.0000000E+000, 0.0000000E+000, 0.0000000E+000, 0.0000000E+000, 0.0000000E+000, 0.0000000E+000, 0.0000000E+000, 0.0000000E+000, 0.0000000E+000, 0.0000000E+000, 0.0000000E+000, 0.0000000E+000, 0.0000000E+000, 0.0000000E+000, 0.0000000E+000, 0.0000000E+000, 0.0000000E+000, 0.0000000E+000, 0.0000000E+000
-1.4998351E+002, 0.0000000E+000, 0.0000000E+000, 0.0000000E+000, 0.0000000E+000, 0.0000000E+000, 0.0000000E+000, 0.0000000E+000, 0.0000000E+000, 0.0000000E+000, 0.0000000E+000, 0.0000000E+000, 0.0000000E+000, 0.0000000E+000, 0.0000000E+000, 0.0000000E+000, 0.0000000E+000, 0.0000000E+000, 0.0000000E+000, 0.0000000E+000, 0.0000000E+000, 0.0000000E+000, 0.0000000E+000, 0.0000000E+000, 0.0000000E+000, 0.0000000E+000, 0.0000000E+000, 0.0000000E+000, 0.0000000E+000, 0.0000000E+000, 0.0000000E+000, 0.0000000E+000, 0.0000000E+000, 0.0000000E+000, 0.0000000E+000, 0.0000000E+000, 0.0000000E+000, 0.0000000E+000, 0.0000000E+000, 0.0000000E+000, 0.0000000E+000, 0.0000000E+000, 0.0000000E+000, 0.0000000E+000, 0.0000000E+000, 0.0000000E+000, 0.0000000E+000, 0.0000000E+000, 0.0000000E+000, 0.0000000E+000, 0.0000000E+000, 0.0000000E+000, 0.0000000E+000, 0.0000000E+000, 0.0000000E+000, 0.0000000E+000, 0.0000000E+000, 0.0000000E+000, 0.0000000E+000, 0.0000000E+000, 0.0000000E+000
-1.4899963E+002, 0.0000000E+000, 0.0000000E+000, 0.0000000E+000, 0.0000000E+000, 0.0000000E+000, 0.0000000E+000, 0.0000000E+000, 0.0000000E+000, 0.0000000E+000, 0.0000000E+000, 0.0000000E+000, 0.0000000E+000, 0.0000000E+000, 0.0000000E+000, 0.0000000E+000, 0.0000000E+000, 0.0000000E+000, 0.0000000E+000, 0.0000000E+000, 0.0000000E+000, 0.0000000E+000, 0.0000000E+000, 0.0000000E+000, 0.0000000E+000, 0.0000000E+000, 0.0000000E+000, 0.0000000E+000, 0.0000000E+000, 0.0000000E+000, 0.0000000E+000, 0.0000000E+000, 0.0000000E+000, 0.0000000E+000, 0.0000000E+000, 0.0000000E+000, 0.0000000E+000, 0.0000000E+000, 0.0000000E+000, 0.0000000E+000, 0.0000000E+000, 0.0000000E+000, 0.0000000E+000, 0.0000000E+000, 0.0000000E+000, 0.0000000E+000, 0.0000000E+000, 0.0000000E+000, 0.0000000E+000, 0.0000000E+000, 0.0000000E+000, 0.0000000E+000, 0.0000000E+000, 0.0000000E+000, 0.0000000E+000, 0.0000000E+000, 0.0000000E+000, 0.0000000E+000, 0.0000000E+000, 0.0000000E+000, 0.0000000E+000
-1.4795952E+002, 0.0000000E+000, 0.0000000E+000, 0.0000000E+000, 0.0000000E+000, 0.0000000E+000, 0.0000000E+000, 0.0000000E+000, 0.0000000E+000, 0.0000000E+000, 0.0000000E+000, 0.0000000E+000, 0.0000000E+000, 0.0000000E+000, 0.0000000E+000, 0.0000000E+000, 0.0000000E+000, 0.0000000E+000, 0.0000000E+000, 0.0000000E+000, 0.0000000E+000, 0.0000000E+000, 0.0000000E+000, 0.0000000E+000, 0.0000000E+000, 0.0000000E+000, 0.0000000E+000, 0.0000000E+000, 0.0000000E+000, 0.0000000E+000, 0.0000000E+000, 0.0000000E+000, 0.0000000E+000, 0.0000000E+000, 0.0000000E+000, 0.0000000E+000, 0.0000000E+000, 0.0000000E+000, 0.0000000E+000, 0.0000000E+000, 0.0000000E+000, 0.0000000E+000, 0.0000000E+000, 0.0000000E+000, 0.0000000E+000, 0.0000000E+000, 0.0000000E+000, 0.0000000E+000, 0.0000000E+000, 0.0000000E+000, 0.0000000E+000, 0.0000000E+000, 0.0000000E+000, 0.0000000E+000, 0.0000000E+000, 0.0000000E+000, 0.0000000E+000, 0.0000000E+000, 0.0000000E+000, 0.0000000E+000, 0.0000000E+000
-1.4698547E+002, 0.0000000E+000, 0.0000000E+000, 0.0000000E+000, 0.0000000E+000, 0.0000000E+000, 0.0000000E+000, 0.0000000E+000, 0.0000000E+000, 0.0000000E+000, 0.0000000E+000, 0.0000000E+000, 0.0000000E+000, 0.0000000E+000, 0.0000000E+000, 0.0000000E+000, 0.0000000E+000, 0.0000000E+000, 0.0000000E+000, 0.0000000E+000, 0.0000000E+000, 0.0000000E+000, 0.0000000E+000, 0.0000000E+000, 0.0000000E+000, 0.0000000E+000, 0.0000000E+000, 0.0000000E+000, 0.0000000E+000, 0.0000000E+000, 0.0000000E+000, 0.0000000E+000, 0.0000000E+000, 0.0000000E+000, 0.0000000E+000, 0.0000000E+000, 0.0000000E+000, 0.0000000E+000, 0.0000000E+000, 0.0000000E+000, 0.0000000E+000, 0.0000000E+000, 0.0000000E+000, 0.0000000E+000, 0.0000000E+000, 0.0000000E+000, 0.0000000E+000, 0.0000000E+000, 0.0000000E+000, 0.0000000E+000, 0.0000000E+000, 0.0000000E+000, 0.0000000E+000, 0.0000000E+000, 0.0000000E+000, 0.0000000E+000, 0.0000000E+000, 0.0000000E+000, 0.0000000E+000, 0.0000000E+000, 0.0000000E+000
-1.4596505E+002, 0.0000000E+000, 0.0000000E+000, 0.0000000E+000, 0.0000000E+000, 0.0000000E+000, 0.0000000E+000, 0.0000000E+000, 0.0000000E+000, 0.0000000E+000, 0.0000000E+000, 0.0000000E+000, 0.0000000E+000, 0.0000000E+000, 0.0000000E+000, 0.0000000E+000, 0.0000000E+000, 0.0000000E+000, 0.0000000E+000, 0.0000000E+000, 0.0000000E+000, 0.0000000E+000, 0.0000000E+000, 0.0000000E+000, 0.0000000E+000, 0.0000000E+000, 0.0000000E+000, 0.0000000E+000, 0.0000000E+000, 0.0000000E+000, 0.0000000E+000, 0.0000000E+000, 0.0000000E+000, 0.0000000E+000, 0.0000000E+000, 0.0000000E+000, 0.0000000E+000, 0.0000000E+000, 0.0000000E+000, 0.0000000E+000, 0.0000000E+000, 0.0000000E+000, 0.0000000E+000, 0.0000000E+000, 0.0000000E+000, 0.0000000E+000, 0.0000000E+000, 0.0000000E+000, 0.0000000E+000, 0.0000000E+000, 0.0000000E+000, 0.0000000E+000, 0.0000000E+000, 0.0000000E+000, 0.0000000E+000, 0.0000000E+000, 0.0000000E+000, 0.0000000E+000, 0.0000000E+000, 0.0000000E+000, 0.0000000E+000
-1.4499278E+002, 0.0000000E+000, 0.0000000E+000, 0.0000000E+000, 0.0000000E+000, 0.0000000E+000, 0.0000000E+000, 0.0000000E+000, 0.0000000E+000, 0.0000000E+000, 0.0000000E+000, 0.0000000E+000, 0.0000000E+000, 0.0000000E+000, 0.0000000E+000, 0.0000000E+000, 0.0000000E+000, 0.0000000E+000, 0.0000000E+000, 0.0000000E+000, 0.0000000E+000, 0.0000000E+000, 0.0000000E+000, 0.0000000E+000, 0.0000000E+000, 0.0000000E+000, 0.0000000E+000, 0.0000000E+000, 0.0000000E+000, 0.0000000E+000, 0.0000000E+000, 0.0000000E+000, 0.0000000E+000, 0.0000000E+000, 0.0000000E+000, 0.0000000E+000, 0.0000000E+000, 0.0000000E+000, 0.0000000E+000, 0.0000000E+000, 0.0000000E+000, 0.0000000E+000, 0.0000000E+000, 0.0000000E+000, 0.0000000E+000, 0.0000000E+000, 0.0000000E+000, 0.0000000E+000, 0.0000000E+000, 0.0000000E+000, 0.0000000E+000, 0.0000000E+000, 0.0000000E+000, 0.0000000E+000, 0.0000000E+000, 0.0000000E+000, 0.0000000E+000, 0.0000000E+000, 0.0000000E+000, 0.0000000E+000, 0.0000000E+000
-1.4395361E+002, 0.0000000E+000, 0.0000000E+000, 0.0000000E+000, 0.0000000E+000, 0.0000000E+000, 0.0000000E+000, 0.0000000E+000, 0.0000000E+000, 0.0000000E+000, 0.0000000E+000, 0.0000000E+000, 0.0000000E+000, 0.0000000E+000, 0.0000000E+000, 0.0000000E+000, 0.0000000E+000, 0.0000000E+000, 0.0000000E+000, 0.0000000E+000, 0.0000000E+000, 0.0000000E+000, 0.0000000E+000, 0.0000000E+000, 0.0000000E+000, 0.0000000E+000, 0.0000000E+000, 0.0000000E+000, 0.0000000E+000, 0.0000000E+000, 0.0000000E+000, 0.0000000E+000, 0.0000000E+000, 0.0000000E+000, 0.0000000E+000, 0.0000000E+000, 0.0000000E+000, 0.0000000E+000, 0.0000000E+000, 0.0000000E+000, 0.0000000E+000, 0.0000000E+000, 0.0000000E+000, 0.0000000E+000, 0.0000000E+000, 0.0000000E+000, 0.0000000E+000, 0.0000000E+000, 0.0000000E+000, 0.0000000E+000, 0.0000000E+000, 0.0000000E+000, 0.0000000E+000, 0.0000000E+000, 0.0000000E+000, 0.0000000E+000, 0.0000000E+000, 0.0000000E+000, 0.0000000E+000, 0.0000000E+000, 0.0000000E+000
-1.4298866E+002, 0.0000000E+000, 0.0000000E+000, 0.0000000E+000, 0.0000000E+000, 0.0000000E+000, 0.0000000E+000, 0.0000000E+000, 0.0000000E+000, 0.0000000E+000, 0.0000000E+000, 0.0000000E+000, 0.0000000E+000, 0.0000000E+000, 0.0000000E+000, 0.0000000E+000, 0.0000000E+000, 0.0000000E+000, 0.0000000E+000, 0.0000000E+000, 0.0000000E+000, 0.0000000E+000, 0.0000000E+000, 0.0000000E+000, 0.0000000E+000, 0.0000000E+000, 0.0000000E+000, 0.0000000E+000, 0.0000000E+000, 0.0000000E+000, 0.0000000E+000, 0.0000000E+000, 0.0000000E+000, 0.0000000E+000, 0.0000000E+000, 0.0000000E+000, 0.0000000E+000, 0.0000000E+000, 0.0000000E+000, 0.0000000E+000, 0.0000000E+000, 0.0000000E+000, 0.0000000E+000, 0.0000000E+000, 0.0000000E+000, 0.0000000E+000, 0.0000000E+000, 0.0000000E+000, 0.0000000E+000, 0.0000000E+000, 0.0000000E+000, 0.0000000E+000, 0.0000000E+000, 0.0000000E+000, 0.0000000E+000, 0.0000000E+000, 0.0000000E+000, 0.0000000E+000, 0.0000000E+000, 0.0000000E+000, 0.0000000E+000
-1.4196391E+002, 0.0000000E+000, 0.0000000E+000, 0.0000000E+000, 0.0000000E+000, 0.0000000E+000, 0.0000000E+000, 0.0000000E+000, 0.0000000E+000, 0.0000000E+000, 0.0000000E+000, 0.0000000E+000, 0.0000000E+000, 0.0000000E+000, 0.0000000E+000, 0.0000000E+000, 0.0000000E+000, 0.0000000E+000, 0.0000000E+000, 0.0000000E+000, 0.0000000E+000, 0.0000000E+000, 0.0000000E+000, 0.0000000E+000, 0.0000000E+000, 0.0000000E+000, 0.0000000E+000, 0.0000000E+000, 0.0000000E+000, 0.0000000E+000, 0.0000000E+000, 0.0000000E+000, 0.0000000E+000, 0.0000000E+000, 0.0000000E+000, 0.0000000E+000, 0.0000000E+000, 0.0000000E+000, 0.0000000E+000, 0.0000000E+000, 0.0000000E+000, 0.0000000E+000, 0.0000000E+000, 0.0000000E+000, 0.0000000E+000, 0.0000000E+000, 0.0000000E+000, 0.0000000E+000, 0.0000000E+000, 0.0000000E+000, 0.0000000E+000, 0.0000000E+000, 0.0000000E+000, 0.0000000E+000, 0.0000000E+000, 0.0000000E+000, 0.0000000E+000, 0.0000000E+000, 0.0000000E+000, 0.0000000E+000, 0.0000000E+000
-1.4099862E+002, 0.0000000E+000, 0.0000000E+000, 0.0000000E+000, 0.0000000E+000, 0.0000000E+000, 0.0000000E+000, 0.0000000E+000, 0.0000000E+000, 0.0000000E+000, 0.0000000E+000, 0.0000000E+000, 0.0000000E+000, 0.0000000E+000, 0.0000000E+000, 0.0000000E+000, 0.0000000E+000, 0.0000000E+000, 0.0000000E+000, 0.0000000E+000, 0.0000000E+000, 0.0000000E+000, 0.0000000E+000, 0.0000000E+000, 0.0000000E+000, 0.0000000E+000, 0.0000000E+000, 0.0000000E+000, 0.0000000E+000, 0.0000000E+000, 0.0000000E+000, 0.0000000E+000, 0.0000000E+000, 0.0000000E+000, 0.0000000E+000, 0.0000000E+000, 0.0000000E+000, 0.0000000E+000, 0.0000000E+000, 0.0000000E+000, 0.0000000E+000, 0.0000000E+000, 0.0000000E+000, 0.0000000E+000, 0.0000000E+000, 0.0000000E+000, 0.0000000E+000, 0.0000000E+000, 0.0000000E+000, 0.0000000E+000, 0.0000000E+000, 0.0000000E+000, 0.0000000E+000, 0.0000000E+000, 0.0000000E+000, 0.0000000E+000, 0.0000000E+000, 0.0000000E+000, 0.0000000E+000, 0.0000000E+000, 0.0000000E+000
-1.3992535E+002, 0.0000000E+000, 0.0000000E+000, 0.0000000E+000, 0.0000000E+000, 0.0000000E+000, 0.0000000E+000, 0.0000000E+000, 0.0000000E+000, 0.0000000E+000, 0.0000000E+000, 0.0000000E+000, 0.0000000E+000, 0.0000000E+000, 0.0000000E+000, 0.0000000E+000, 0.0000000E+000, 0.0000000E+000, 0.0000000E+000, 0.0000000E+000, 0.0000000E+000, 0.0000000E+000, 0.0000000E+000, 0.0000000E+000, 0.0000000E+000, 0.0000000E+000, 0.0000000E+000, 0.0000000E+000, 0.0000000E+000, 0.0000000E+000, 0.0000000E+000, 0.0000000E+000, 0.0000000E+000, 0.0000000E+000, 0.0000000E+000, 0.0000000E+000, 0.0000000E+000, 0.0000000E+000, 0.0000000E+000, 0.0000000E+000, 0.0000000E+000, 0.0000000E+000, 0.0000000E+000, 0.0000000E+000, 0.0000000E+000, 0.0000000E+000, 0.0000000E+000, 0.0000000E+000, 0.0000000E+000, 0.0000000E+000, 0.0000000E+000, 0.0000000E+000, 0.0000000E+000, 0.0000000E+000, 0.0000000E+000, 0.0000000E+000, 0.0000000E+000, 0.0000000E+000, 0.0000000E+000, 0.0000000E+000, 0.0000000E+000
-1.3894750E+002, 0.0000000E+000, 0.0000000E+000, 0.0000000E+000, 0.0000000E+000, 0.0000000E+000, 0.0000000E+000, 0.0000000E+000, 0.0000000E+000, 0.0000000E+000, 0.0000000E+000, 0.0000000E+000, 0.0000000E+000, 0.0000000E+000, 0.0000000E+000, 0.0000000E+000, 0.0000000E+000, 0.0000000E+000, 0.0000000E+000, 0.0000000E+000, 0.0000000E+000, 0.0000000E+000, 0.0000000E+000, 0.0000000E+000, 0.0000000E+000, 0.0000000E+000, 0.0000000E+000, 0.0000000E+000, 0.0000000E+000, 0.0000000E+000, 0.0000000E+000, 0.0000000E+000, 0.0000000E+000, 0.0000000E+000, 0.0000000E+000, 0.0000000E+000, 0.0000000E+000, 0.0000000E+000, 0.0000000E+000, 0.0000000E+000, 0.0000000E+000, 0.0000000E+000, 0.0000000E+000, 0.0000000E+000, 0.0000000E+000, 0.0000000E+000, 0.0000000E+000, 0.0000000E+000, 0.0000000E+000, 0.0000000E+000, 0.0000000E+000, 0.0000000E+000, 0.0000000E+000, 0.0000000E+000, 0.0000000E+000, 0.0000000E+000, 0.0000000E+000, 0.0000000E+000, 0.0000000E+000, 0.0000000E+000, 0.0000000E+000
-1.3797247E+002, 0.0000000E+000, 0.0000000E+000, 0.0000000E+000, 0.0000000E+000, 0.0000000E+000, 0.0000000E+000, 0.0000000E+000, 0.0000000E+000, 0.0000000E+000, 0.0000000E+000, 0.0000000E+000, 0.0000000E+000, 0.0000000E+000, 0.0000000E+000, 0.0000000E+000, 0.0000000E+000, 0.0000000E+000, 0.0000000E+000, 0.0000000E+000, 0.0000000E+000, 0.0000000E+000, 0.0000000E+000, 0.0000000E+000, 0.0000000E+000, 0.0000000E+000, 0.0000000E+000, 0.0000000E+000, 0.0000000E+000, 0.0000000E+000, 0.0000000E+000, 0.0000000E+000, 0.0000000E+000, 0.0000000E+000, 0.0000000E+000, 0.0000000E+000, 0.0000000E+000, 0.0000000E+000, 0.0000000E+000, 0.0000000E+000, 0.0000000E+000, 0.0000000E+000, 0.0000000E+000, 0.0000000E+000, 0.0000000E+000, 0.0000000E+000, 0.0000000E+000, 0.0000000E+000, 0.0000000E+000, 0.0000000E+000, 0.0000000E+000, 0.0000000E+000, 0.0000000E+000, 0.0000000E+000, 0.0000000E+000, 0.0000000E+000, 0.0000000E+000, 0.0000000E+000, 0.0000000E+000, 0.0000000E+000, 0.0000000E+000
-1.3695474E+002, 0.0000000E+000, 0.0000000E+000, 0.0000000E+000, 0.0000000E+000, 0.0000000E+000, 0.0000000E+000, 0.0000000E+000, 0.0000000E+000, 0.0000000E+000, 0.0000000E+000, 0.0000000E+000, 0.0000000E+000, 0.0000000E+000, 0.0000000E+000, 0.0000000E+000, 0.0000000E+000, 0.0000000E+000, 0.0000000E+000, 0.0000000E+000, 0.0000000E+000, 0.0000000E+000, 0.0000000E+000, 0.0000000E+000, 0.0000000E+000, 0.0000000E+000, 0.0000000E+000, 0.0000000E+000, 0.0000000E+000, 0.0000000E+000, 0.0000000E+000, 0.0000000E+000, 0.0000000E+000, 0.0000000E+000, 0.0000000E+000, 0.0000000E+000, 0.0000000E+000, 0.0000000E+000, 0.0000000E+000, 0.0000000E+000, 0.0000000E+000, 0.0000000E+000, 0.0000000E+000, 0.0000000E+000, 0.0000000E+000, 0.0000000E+000, 0.0000000E+000, 0.0000000E+000, 0.0000000E+000, 0.0000000E+000, 0.0000000E+000, 0.0000000E+000, 0.0000000E+000, 0.0000000E+000, 0.0000000E+000, 0.0000000E+000, 0.0000000E+000, 0.0000000E+000, 0.0000000E+000, 0.0000000E+000, 0.0000000E+000
-1.3593702E+002, 0.0000000E+000, 0.0000000E+000, 0.0000000E+000, 0.0000000E+000, 0.0000000E+000, 0.0000000E+000, 0.0000000E+000, 0.0000000E+000, 0.0000000E+000, 0.0000000E+000, 0.0000000E+000, 0.0000000E+000, 0.0000000E+000, 0.0000000E+000, 0.0000000E+000, 0.0000000E+000, 0.0000000E+000, 0.0000000E+000, 0.0000000E+000, 0.0000000E+000, 0.0000000E+000, 0.0000000E+000, 0.0000000E+000, 0.0000000E+000, 0.0000000E+000, 0.0000000E+000, 0.0000000E+000, 0.0000000E+000, 0.0000000E+000, 0.0000000E+000, 0.0000000E+000, 0.0000000E+000, 0.0000000E+000, 0.0000000E+000, 0.0000000E+000, 0.0000000E+000, 0.0000000E+000, 0.0000000E+000, 0.0000000E+000, 0.0000000E+000, 0.0000000E+000, 0.0000000E+000, 0.0000000E+000, 0.0000000E+000, 0.0000000E+000, 0.0000000E+000, 0.0000000E+000, 0.0000000E+000, 0.0000000E+000, 0.0000000E+000, 0.0000000E+000, 0.0000000E+000, 0.0000000E+000, 0.0000000E+000, 0.0000000E+000, 0.0000000E+000, 0.0000000E+000, 0.0000000E+000, 0.0000000E+000, 0.0000000E+000
-1.3498562E+002, 0.0000000E+000, 0.0000000E+000, 0.0000000E+000, 0.0000000E+000, 0.0000000E+000, 0.0000000E+000, 0.0000000E+000, 0.0000000E+000, 0.0000000E+000, 0.0000000E+000, 0.0000000E+000, 0.0000000E+000, 0.0000000E+000, 0.0000000E+000, 0.0000000E+000, 0.0000000E+000, 0.0000000E+000, 0.0000000E+000, 0.0000000E+000, 0.0000000E+000, 0.0000000E+000, 0.0000000E+000, 0.0000000E+000, 0.0000000E+000, 0.0000000E+000, 0.0000000E+000, 0.0000000E+000, 0.0000000E+000, 0.0000000E+000, 0.0000000E+000, 0.0000000E+000, 0.0000000E+000, 0.0000000E+000, 0.0000000E+000, 0.0000000E+000, 0.0000000E+000, 0.0000000E+000, 0.0000000E+000, 0.0000000E+000, 0.0000000E+000, 0.0000000E+000, 0.0000000E+000, 0.0000000E+000, 0.0000000E+000, 0.0000000E+000, 0.0000000E+000, 0.0000000E+000, 0.0000000E+000, 0.0000000E+000, 0.0000000E+000, 0.0000000E+000, 0.0000000E+000, 0.0000000E+000, 0.0000000E+000, 0.0000000E+000, 0.0000000E+000, 0.0000000E+000, 0.0000000E+000, 0.0000000E+000, 0.0000000E+000
-1.3395349E+002, 0.0000000E+000, 0.0000000E+000, 0.0000000E+000, 0.0000000E+000, 0.0000000E+000, 0.0000000E+000, 0.0000000E+000, 0.0000000E+000, 0.0000000E+000, 0.0000000E+000, 0.0000000E+000, 0.0000000E+000, 0.0000000E+000, 0.0000000E+000, 0.0000000E+000, 0.0000000E+000, 0.0000000E+000, 0.0000000E+000, 0.0000000E+000, 0.0000000E+000, 0.0000000E+000, 0.0000000E+000, 0.0000000E+000, 0.0000000E+000, 0.0000000E+000, 0.0000000E+000, 0.0000000E+000, 0.0000000E+000, 0.0000000E+000, 0.0000000E+000, 0.0000000E+000, 0.0000000E+000, 0.0000000E+000, 0.0000000E+000, 0.0000000E+000, 0.0000000E+000, 0.0000000E+000, 0.0000000E+000, 0.0000000E+000, 0.0000000E+000, 0.0000000E+000, 0.0000000E+000, 0.0000000E+000, 0.0000000E+000, 0.0000000E+000, 0.0000000E+000, 0.0000000E+000, 0.0000000E+000, 0.0000000E+000, 0.0000000E+000, 0.0000000E+000, 0.0000000E+000, 0.0000000E+000, 0.0000000E+000, 0.0000000E+000, 0.0000000E+000, 0.0000000E+000, 0.0000000E+000, 0.0000000E+000, 0.0000000E+000
-1.3294967E+002, 0.0000000E+000, 0.0000000E+000, 0.0000000E+000, 0.0000000E+000, 0.0000000E+000, 0.0000000E+000, 0.0000000E+000, 0.0000000E+000, 0.0000000E+000, 0.0000000E+000, 0.0000000E+000, 0.0000000E+000, 0.0000000E+000, 0.0000000E+000, 0.0000000E+000, 0.0000000E+000, 0.0000000E+000, 0.0000000E+000, 0.0000000E+000, 0.0000000E+000, 0.0000000E+000, 0.0000000E+000, 0.0000000E+000, 0.0000000E+000, 0.0000000E+000, 0.0000000E+000, 0.0000000E+000, 0.0000000E+000, 0.0000000E+000, 0.0000000E+000, 0.0000000E+000, 0.0000000E+000, 0.0000000E+000, 0.0000000E+000, 0.0000000E+000, 0.0000000E+000, 0.0000000E+000, 0.0000000E+000, 0.0000000E+000, 0.0000000E+000, 0.0000000E+000, 0.0000000E+000, 0.0000000E+000, 0.0000000E+000, 0.0000000E+000, 0.0000000E+000, 0.0000000E+000, 0.0000000E+000, 0.0000000E+000, 0.0000000E+000, 0.0000000E+000, 0.0000000E+000, 0.0000000E+000, 0.0000000E+000, 0.0000000E+000, 0.0000000E+000, 0.0000000E+000, 0.0000000E+000, 0.0000000E+000, 0.0000000E+000
-1.3193150E+002, 0.0000000E+000, 0.0000000E+000, 0.0000000E+000, 0.0000000E+000, 0.0000000E+000, 0.0000000E+000, 0.0000000E+000, 0.0000000E+000, 0.0000000E+000, 0.0000000E+000, 0.0000000E+000, 0.0000000E+000, 0.0000000E+000, 0.0000000E+000, 0.0000000E+000, 0.0000000E+000, 0.0000000E+000, 0.0000000E+000, 0.0000000E+000, 0.0000000E+000, 0.0000000E+000, 0.0000000E+000, 0.0000000E+000, 0.0000000E+000, 0.0000000E+000, 0.0000000E+000, 0.0000000E+000, 0.0000000E+000, 0.0000000E+000, 0.0000000E+000, 0.0000000E+000, 0.0000000E+000, 0.0000000E+000, 0.0000000E+000, 0.0000000E+000, 0.0000000E+000, 0.0000000E+000, 0.0000000E+000, 0.0000000E+000, 0.0000000E+000, 0.0000000E+000, 0.0000000E+000, 0.0000000E+000, 0.0000000E+000, 0.0000000E+000, 0.0000000E+000, 0.0000000E+000, 0.0000000E+000, 0.0000000E+000, 0.0000000E+000, 0.0000000E+000, 0.0000000E+000, 0.0000000E+000, 0.0000000E+000, 0.0000000E+000, 0.0000000E+000, 0.0000000E+000, 0.0000000E+000, 0.0000000E+000, 0.0000000E+000
-1.3093758E+002, 0.0000000E+000, 0.0000000E+000, 0.0000000E+000, 0.0000000E+000, 0.0000000E+000, 0.0000000E+000, 0.0000000E+000, 0.0000000E+000, 0.0000000E+000, 0.0000000E+000, 0.0000000E+000, 0.0000000E+000, 0.0000000E+000, 0.0000000E+000, 0.0000000E+000, 0.0000000E+000, 0.0000000E+000, 0.0000000E+000, 0.0000000E+000, 0.0000000E+000, 0.0000000E+000, 0.0000000E+000, 0.0000000E+000, 0.0000000E+000, 0.0000000E+000, 0.0000000E+000, 0.0000000E+000, 0.0000000E+000, 0.0000000E+000, 0.0000000E+000, 0.0000000E+000, 0.0000000E+000, 0.0000000E+000, 0.0000000E+000, 0.0000000E+000, 0.0000000E+000, 0.0000000E+000, 0.0000000E+000, 0.0000000E+000, 0.0000000E+000, 0.0000000E+000, 0.0000000E+000, 0.0000000E+000, 0.0000000E+000, 0.0000000E+000, 0.0000000E+000, 0.0000000E+000, 0.0000000E+000, 0.0000000E+000, 0.0000000E+000, 0.0000000E+000, 0.0000000E+000, 0.0000000E+000, 0.0000000E+000, 0.0000000E+000, 0.0000000E+000, 0.0000000E+000, 0.0000000E+000, 0.0000000E+000, 0.0000000E+000
-1.2992797E+002, 0.0000000E+000, 0.0000000E+000, 0.0000000E+000, 0.0000000E+000, 0.0000000E+000, 0.0000000E+000, 0.0000000E+000, 0.0000000E+000, 0.0000000E+000, 0.0000000E+000, 0.0000000E+000, 0.0000000E+000, 0.0000000E+000, 0.0000000E+000, 0.0000000E+000, 0.0000000E+000, 0.0000000E+000, 0.0000000E+000, 0.0000000E+000, 0.0000000E+000, 0.0000000E+000, 0.0000000E+000, 0.0000000E+000, 0.0000000E+000, 0.0000000E+000, 0.0000000E+000, 0.0000000E+000, 0.0000000E+000, 0.0000000E+000, 0.0000000E+000, 0.0000000E+000, 0.0000000E+000, 0.0000000E+000, 0.0000000E+000, 0.0000000E+000, 0.0000000E+000, 0.0000000E+000, 0.0000000E+000, 0.0000000E+000, 0.0000000E+000, 0.0000000E+000, 0.0000000E+000, 0.0000000E+000, 0.0000000E+000, 0.0000000E+000, 0.0000000E+000, 0.0000000E+000, 0.0000000E+000, 0.0000000E+000, 0.0000000E+000, 0.0000000E+000, 0.0000000E+000, 0.0000000E+000, 0.0000000E+000, 0.0000000E+000, 0.0000000E+000, 0.0000000E+000, 0.0000000E+000, 0.0000000E+000, 0.0000000E+000
-1.2892558E+002, 0.0000000E+000, 0.0000000E+000, 0.0000000E+000, 0.0000000E+000, 0.0000000E+000, 0.0000000E+000, 0.0000000E+000, 0.0000000E+000, 0.0000000E+000, 0.0000000E+000, 0.0000000E+000, 0.0000000E+000, 0.0000000E+000, 0.0000000E+000, 0.0000000E+000, 0.0000000E+000, 0.0000000E+000, 0.0000000E+000, 0.0000000E+000, 0.0000000E+000, 0.0000000E+000, 0.0000000E+000, 0.0000000E+000, 0.0000000E+000, 0.0000000E+000, 0.0000000E+000, 0.0000000E+000, 0.0000000E+000, 0.0000000E+000, 0.0000000E+000, 0.0000000E+000, 0.0000000E+000, 0.0000000E+000, 0.0000000E+000, 0.0000000E+000, 0.0000000E+000, 0.0000000E+000, 0.0000000E+000, 0.0000000E+000, 0.0000000E+000, 0.0000000E+000, 0.0000000E+000, 0.0000000E+000, 0.0000000E+000, 0.0000000E+000, 0.0000000E+000, 0.0000000E+000, 0.0000000E+000, 0.0000000E+000, 0.0000000E+000, 0.0000000E+000, 0.0000000E+000, 0.0000000E+000, 0.0000000E+000, 0.0000000E+000, 0.0000000E+000, 0.0000000E+000, 0.0000000E+000, 0.0000000E+000, 0.0000000E+000
-1.2797366E+002, 0.0000000E+000, 0.0000000E+000, 0.0000000E+000, 0.0000000E+000, 0.0000000E+000, 0.0000000E+000, 0.0000000E+000, 0.0000000E+000, 0.0000000E+000, 0.0000000E+000, 0.0000000E+000, 0.0000000E+000, 0.0000000E+000, 0.0000000E+000, 0.0000000E+000, 0.0000000E+000, 0.0000000E+000, 0.0000000E+000, 0.0000000E+000, 0.0000000E+000, 0.0000000E+000, 0.0000000E+000, 0.0000000E+000, 0.0000000E+000, 0.0000000E+000, 0.0000000E+000, 0.0000000E+000, 0.0000000E+000, 0.0000000E+000, 0.0000000E+000, 0.0000000E+000, 0.0000000E+000, 0.0000000E+000, 0.0000000E+000, 0.0000000E+000, 0.0000000E+000, 0.0000000E+000, 0.0000000E+000, 0.0000000E+000, 0.0000000E+000, 0.0000000E+000, 0.0000000E+000, 0.0000000E+000, 0.0000000E+000, 0.0000000E+000, 0.0000000E+000, 0.0000000E+000, 0.0000000E+000, 0.0000000E+000, 0.0000000E+000, 0.0000000E+000, 0.0000000E+000, 0.0000000E+000, 0.0000000E+000, 0.0000000E+000, 0.0000000E+000, 0.0000000E+000, 0.0000000E+000, 0.0000000E+000, 0.0000000E+000
-1.2694242E+002, 0.0000000E+000, 0.0000000E+000, 0.0000000E+000, 0.0000000E+000, 0.0000000E+000, 0.0000000E+000, 0.0000000E+000, 0.0000000E+000, 0.0000000E+000, 0.0000000E+000, 0.0000000E+000, 0.0000000E+000, 0.0000000E+000, 0.0000000E+000, 0.0000000E+000, 0.0000000E+000, 0.0000000E+000, 0.0000000E+000, 0.0000000E+000, 0.0000000E+000, 0.0000000E+000, 0.0000000E+000, 0.0000000E+000, 0.0000000E+000, 0.0000000E+000, 0.0000000E+000, 0.0000000E+000, 0.0000000E+000, 0.0000000E+000, 0.0000000E+000, 0.0000000E+000, 0.0000000E+000, 0.0000000E+000, 0.0000000E+000, 0.0000000E+000, 0.0000000E+000, 0.0000000E+000, 0.0000000E+000, 0.0000000E+000, 0.0000000E+000, 0.0000000E+000, 0.0000000E+000, 0.0000000E+000, 0.0000000E+000, 0.0000000E+000, 0.0000000E+000, 0.0000000E+000, 0.0000000E+000, 0.0000000E+000, 0.0000000E+000, 0.0000000E+000, 0.0000000E+000, 0.0000000E+000, 0.0000000E+000, 0.0000000E+000, 0.0000000E+000, 0.0000000E+000, 0.0000000E+000, 0.0000000E+000, 0.0000000E+000
-1.2595084E+002, 0.0000000E+000, 0.0000000E+000, 0.0000000E+000, 0.0000000E+000, 0.0000000E+000, 0.0000000E+000, 0.0000000E+000, 0.0000000E+000, 0.0000000E+000, 0.0000000E+000, 0.0000000E+000, 0.0000000E+000, 0.0000000E+000, 0.0000000E+000, 0.0000000E+000, 0.0000000E+000, 0.0000000E+000, 0.0000000E+000, 0.0000000E+000, 0.0000000E+000, 0.0000000E+000, 0.0000000E+000, 0.0000000E+000, 0.0000000E+000, 0.0000000E+000, 0.0000000E+000, 0.0000000E+000, 0.0000000E+000, 0.0000000E+000, 0.0000000E+000, 0.0000000E+000, 0.0000000E+000, 0.0000000E+000, 0.0000000E+000, 0.0000000E+000, 0.0000000E+000, 0.0000000E+000, 0.0000000E+000, 0.0000000E+000, 0.0000000E+000, 0.0000000E+000, 0.0000000E+000, 0.0000000E+000, 0.0000000E+000, 0.0000000E+000, 0.0000000E+000, 0.0000000E+000, 0.0000000E+000, 0.0000000E+000, 0.0000000E+000, 0.0000000E+000, 0.0000000E+000, 0.0000000E+000, 0.0000000E+000, 0.0000000E+000, 0.0000000E+000, 0.0000000E+000, 0.0000000E+000, 0.0000000E+000, 0.0000000E+000
-1.2497405E+002, 0.0000000E+000, 0.0000000E+000, 0.0000000E+000, 0.0000000E+000, 0.0000000E+000, 0.0000000E+000, 0.0000000E+000, 0.0000000E+000, 0.0000000E+000, 0.0000000E+000, 0.0000000E+000, 0.0000000E+000, 0.0000000E+000, 0.0000000E+000, 0.0000000E+000, 0.0000000E+000, 0.0000000E+000, 0.0000000E+000, 0.0000000E+000, 0.0000000E+000, 0.0000000E+000, 0.0000000E+000, 0.0000000E+000, 0.0000000E+000, 0.0000000E+000, 0.0000000E+000, 0.0000000E+000, 0.0000000E+000, 0.0000000E+000, 0.0000000E+000, 0.0000000E+000, 0.0000000E+000, 0.0000000E+000, 0.0000000E+000, 0.0000000E+000, 0.0000000E+000, 0.0000000E+000, 0.0000000E+000, 0.0000000E+000, 0.0000000E+000, 0.0000000E+000, 0.0000000E+000, 0.0000000E+000, 0.0000000E+000, 0.0000000E+000, 0.0000000E+000, 0.0000000E+000, 0.0000000E+000, 0.0000000E+000, 0.0000000E+000, 0.0000000E+000, 0.0000000E+000, 0.0000000E+000, 0.0000000E+000, 0.0000000E+000, 0.0000000E+000, 0.0000000E+000, 0.0000000E+000, 0.0000000E+000, 0.0000000E+000
-1.2396182E+002, 0.0000000E+000, 0.0000000E+000, 0.0000000E+000, 0.0000000E+000, 0.0000000E+000, 0.0000000E+000, 0.0000000E+000, 0.0000000E+000, 0.0000000E+000, 0.0000000E+000, 0.0000000E+000, 0.0000000E+000, 0.0000000E+000, 0.0000000E+000, 0.0000000E+000, 0.0000000E+000, 0.0000000E+000, 0.0000000E+000, 0.0000000E+000, 0.0000000E+000, 0.0000000E+000, 0.0000000E+000, 0.0000000E+000, 0.0000000E+000, 0.0000000E+000, 0.0000000E+000, 0.0000000E+000, 0.0000000E+000, 0.0000000E+000, 0.0000000E+000, 0.0000000E+000, 0.0000000E+000, 0.0000000E+000, 0.0000000E+000, 0.0000000E+000, 0.0000000E+000, 0.0000000E+000, 0.0000000E+000, 0.0000000E+000, 0.0000000E+000, 0.0000000E+000, 0.0000000E+000, 0.0000000E+000, 0.0000000E+000, 0.0000000E+000, 0.0000000E+000, 0.0000000E+000, 0.0000000E+000, 0.0000000E+000, 0.0000000E+000, 0.0000000E+000, 0.0000000E+000, 0.0000000E+000, 0.0000000E+000, 0.0000000E+000, 0.0000000E+000, 0.0000000E+000, 0.0000000E+000, 0.0000000E+000, 0.0000000E+000
-1.2296469E+002, 0.0000000E+000, 0.0000000E+000, 0.0000000E+000, 0.0000000E+000, 0.0000000E+000, 0.0000000E+000, 0.0000000E+000, 0.0000000E+000, 0.0000000E+000, 0.0000000E+000, 0.0000000E+000, 0.0000000E+000, 0.0000000E+000, 0.0000000E+000, 0.0000000E+000, 0.0000000E+000, 0.0000000E+000, 0.0000000E+000, 0.0000000E+000, 0.0000000E+000, 0.0000000E+000, 0.0000000E+000, 0.0000000E+000, 0.0000000E+000, 0.0000000E+000, 0.0000000E+000, 0.0000000E+000, 0.0000000E+000, 0.0000000E+000, 0.0000000E+000, 0.0000000E+000, 0.0000000E+000, 0.0000000E+000, 0.0000000E+000, 0.0000000E+000, 0.0000000E+000, 0.0000000E+000, 0.0000000E+000, 0.0000000E+000, 0.0000000E+000, 0.0000000E+000, 0.0000000E+000, 0.0000000E+000, 0.0000000E+000, 0.0000000E+000, 0.0000000E+000, 0.0000000E+000, 0.0000000E+000, 0.0000000E+000, 0.0000000E+000, 0.0000000E+000, 0.0000000E+000, 0.0000000E+000, 0.0000000E+000, 0.0000000E+000, 0.0000000E+000, 0.0000000E+000, 0.0000000E+000, 0.0000000E+000, 0.0000000E+000
-1.2198647E+002, 0.0000000E+000, 0.0000000E+000, 0.0000000E+000, 0.0000000E+000, 0.0000000E+000, 0.0000000E+000, 0.0000000E+000, 0.0000000E+000, 0.0000000E+000, 0.0000000E+000, 0.0000000E+000, 0.0000000E+000, 0.0000000E+000, 0.0000000E+000, 0.0000000E+000, 0.0000000E+000, 0.0000000E+000, 0.0000000E+000, 0.0000000E+000, 0.0000000E+000, 0.0000000E+000, 0.0000000E+000, 0.0000000E+000, 0.0000000E+000, 0.0000000E+000, 0.0000000E+000, 0.0000000E+000, 0.0000000E+000, 0.0000000E+000, 0.0000000E+000, 0.0000000E+000, 0.0000000E+000, 0.0000000E+000, 0.0000000E+000, 0.0000000E+000, 0.0000000E+000, 0.0000000E+000, 0.0000000E+000, 0.0000000E+000, 0.0000000E+000, 0.0000000E+000, 0.0000000E+000, 0.0000000E+000, 0.0000000E+000, 0.0000000E+000, 0.0000000E+000, 0.0000000E+000, 0.0000000E+000, 0.0000000E+000, 0.0000000E+000, 0.0000000E+000, 0.0000000E+000, 0.0000000E+000, 0.0000000E+000, 0.0000000E+000, 0.0000000E+000, 0.0000000E+000, 0.0000000E+000, 0.0000000E+000, 0.0000000E+000
-1.2095551E+002, 0.0000000E+000, 0.0000000E+000, 0.0000000E+000, 0.0000000E+000, 0.0000000E+000, 0.0000000E+000, 0.0000000E+000, 0.0000000E+000, 0.0000000E+000, 0.0000000E+000, 0.0000000E+000, 0.0000000E+000, 0.0000000E+000, 0.0000000E+000, 0.0000000E+000, 0.0000000E+000, 0.0000000E+000, 0.0000000E+000, 0.0000000E+000, 0.0000000E+000, 0.0000000E+000, 0.0000000E+000, 0.0000000E+000, 0.0000000E+000, 0.0000000E+000, 0.0000000E+000, 0.0000000E+000, 0.0000000E+000, 0.0000000E+000, 0.0000000E+000, 0.0000000E+000, 0.0000000E+000, 0.0000000E+000, 0.0000000E+000, 0.0000000E+000, 0.0000000E+000, 0.0000000E+000, 0.0000000E+000, 0.0000000E+000, 0.0000000E+000, 0.0000000E+000, 0.0000000E+000, 0.0000000E+000, 0.0000000E+000, 0.0000000E+000, 0.0000000E+000, 0.0000000E+000, 0.0000000E+000, 0.0000000E+000, 0.0000000E+000, 0.0000000E+000, 0.0000000E+000, 0.0000000E+000, 0.0000000E+000, 0.0000000E+000, 0.0000000E+000, 0.0000000E+000, 0.0000000E+000, 0.0000000E+000, 0.0000000E+000
-1.1998346E+002, 0.0000000E+000, 0.0000000E+000, 0.0000000E+000, 0.0000000E+000, 0.0000000E+000, 0.0000000E+000, 0.0000000E+000, 0.0000000E+000, 0.0000000E+000, 0.0000000E+000, 0.0000000E+000, 0.0000000E+000, 0.0000000E+000, 0.0000000E+000, 0.0000000E+000, 0.0000000E+000, 0.0000000E+000, 0.0000000E+000, 0.0000000E+000, 0.0000000E+000, 0.0000000E+000, 0.0000000E+000, 0.0000000E+000, 0.0000000E+000, 0.0000000E+000, 0.0000000E+000, 0.0000000E+000, 0.0000000E+000, 0.0000000E+000, 0.0000000E+000, 0.0000000E+000, 0.0000000E+000, 0.0000000E+000, 0.0000000E+000, 0.0000000E+000, 0.0000000E+000, 0.0000000E+000, 0.0000000E+000, 0.0000000E+000, 0.0000000E+000, 0.0000000E+000, 0.0000000E+000, 0.0000000E+000, 0.0000000E+000, 0.0000000E+000, 0.0000000E+000, 0.0000000E+000, 0.0000000E+000, 0.0000000E+000, 0.0000000E+000, 0.0000000E+000, 0.0000000E+000, 0.0000000E+000, 0.0000000E+000, 0.0000000E+000, 0.0000000E+000, 0.0000000E+000, 0.0000000E+000, 0.0000000E+000, 0.0000000E+000
-1.1896281E+002, 0.0000000E+000, 0.0000000E+000, 0.0000000E+000, 0.0000000E+000, 0.0000000E+000, 0.0000000E+000, 0.0000000E+000, 0.0000000E+000, 0.0000000E+000, 0.0000000E+000, 0.0000000E+000, 0.0000000E+000, 0.0000000E+000, 0.0000000E+000, 0.0000000E+000, 0.0000000E+000, 0.0000000E+000, 0.0000000E+000, 0.0000000E+000, 0.0000000E+000, 0.0000000E+000, 0.0000000E+000, 0.0000000E+000, 0.0000000E+000, 0.0000000E+000, 0.0000000E+000, 0.0000000E+000, 0.0000000E+000, 0.0000000E+000, 0.0000000E+000, 0.0000000E+000, 0.0000000E+000, 0.0000000E+000, 0.0000000E+000, 0.0000000E+000, 0.0000000E+000, 0.0000000E+000, 0.0000000E+000, 0.0000000E+000, 0.0000000E+000, 0.0000000E+000, 0.0000000E+000, 0.0000000E+000, 0.0000000E+000, 0.0000000E+000, 0.0000000E+000, 0.0000000E+000, 0.0000000E+000, 0.0000000E+000, 0.0000000E+000, 0.0000000E+000, 0.0000000E+000, 0.0000000E+000, 0.0000000E+000, 0.0000000E+000, 0.0000000E+000, 0.0000000E+000, 0.0000000E+000, 0.0000000E+000, 0.0000000E+000
-1.1798266E+002, 0.0000000E+000, 0.0000000E+000, 0.0000000E+000, 0.0000000E+000, 0.0000000E+000, 0.0000000E+000, 0.0000000E+000, 0.0000000E+000, 0.0000000E+000, 0.0000000E+000, 0.0000000E+000, 0.0000000E+000, 0.0000000E+000, 0.0000000E+000, 0.0000000E+000, 0.0000000E+000, 0.0000000E+000, 0.0000000E+000, 0.0000000E+000, 0.0000000E+000, 0.0000000E+000, 0.0000000E+000, 0.0000000E+000, 0.0000000E+000, 0.0000000E+000, 0.0000000E+000, 0.0000000E+000, 0.0000000E+000, 0.0000000E+000, 0.0000000E+000, 0.0000000E+000, 0.0000000E+000, 0.0000000E+000, 0.0000000E+000, 0.0000000E+000, 0.0000000E+000, 0.0000000E+000, 0.0000000E+000, 0.0000000E+000, 0.0000000E+000, 0.0000000E+000, 0.0000000E+000, 0.0000000E+000, 0.0000000E+000, 0.0000000E+000, 0.0000000E+000, 0.0000000E+000, 0.0000000E+000, 0.0000000E+000, 0.0000000E+000, 0.0000000E+000, 0.0000000E+000, 0.0000000E+000, 0.0000000E+000, 0.0000000E+000, 0.0000000E+000, 0.0000000E+000, 0.0000000E+000, 0.0000000E+000, 0.0000000E+000
-1.1691341E+002, 0.0000000E+000, 0.0000000E+000, 0.0000000E+000, 0.0000000E+000, 0.0000000E+000, 0.0000000E+000, 0.0000000E+000, 0.0000000E+000, 0.0000000E+000, 0.0000000E+000, 0.0000000E+000, 0.0000000E+000, 0.0000000E+000, 0.0000000E+000, 0.0000000E+000, 0.0000000E+000, 0.0000000E+000, 0.0000000E+000, 0.0000000E+000, 0.0000000E+000, 0.0000000E+000, 0.0000000E+000, 0.0000000E+000, 0.0000000E+000, 0.0000000E+000, 0.0000000E+000, 0.0000000E+000, 0.0000000E+000, 0.0000000E+000, 0.0000000E+000, 0.0000000E+000, 0.0000000E+000, 0.0000000E+000, 0.0000000E+000, 0.0000000E+000, 0.0000000E+000, 0.0000000E+000, 0.0000000E+000, 0.0000000E+000, 0.0000000E+000, 0.0000000E+000, 0.0000000E+000, 0.0000000E+000, 0.0000000E+000, 0.0000000E+000, 0.0000000E+000, 0.0000000E+000, 0.0000000E+000, 0.0000000E+000, 0.0000000E+000, 0.0000000E+000, 0.0000000E+000, 0.0000000E+000, 0.0000000E+000, 0.0000000E+000, 0.0000000E+000, 0.0000000E+000, 0.0000000E+000, 0.0000000E+000, 0.0000000E+000
-1.1594878E+002, 0.0000000E+000, 0.0000000E+000, 0.0000000E+000, 0.0000000E+000, 0.0000000E+000, 0.0000000E+000, 0.0000000E+000, 0.0000000E+000, 0.0000000E+000, 0.0000000E+000, 0.0000000E+000, 0.0000000E+000, 0.0000000E+000, 0.0000000E+000, 0.0000000E+000, 0.0000000E+000, 0.0000000E+000, 0.0000000E+000, 0.0000000E+000, 0.0000000E+000, 0.0000000E+000, 0.0000000E+000, 0.0000000E+000, 0.0000000E+000, 0.0000000E+000, 0.0000000E+000, 0.0000000E+000, 0.0000000E+000, 0.0000000E+000, 0.0000000E+000, 0.0000000E+000, 0.0000000E+000, 0.0000000E+000, 0.0000000E+000, 0.0000000E+000, 0.0000000E+000, 0.0000000E+000, 0.0000000E+000, 0.0000000E+000, 0.0000000E+000, 0.0000000E+000, 0.0000000E+000, 0.0000000E+000, 0.0000000E+000, 0.0000000E+000, 0.0000000E+000, 0.0000000E+000, 0.0000000E+000, 0.0000000E+000, 0.0000000E+000, 0.0000000E+000, 0.0000000E+000, 0.0000000E+000, 0.0000000E+000, 0.0000000E+000, 0.0000000E+000, 0.0000000E+000, 0.0000000E+000, 0.0000000E+000, 0.0000000E+000
-1.1497835E+002, 0.0000000E+000, 0.0000000E+000, 0.0000000E+000, 0.0000000E+000, 0.0000000E+000, 0.0000000E+000, 0.0000000E+000, 0.0000000E+000, 0.0000000E+000, 0.0000000E+000, 0.0000000E+000, 0.0000000E+000, 0.0000000E+000, 0.0000000E+000, 0.0000000E+000, 0.0000000E+000, 0.0000000E+000, 0.0000000E+000, 0.0000000E+000, 0.0000000E+000, 0.0000000E+000, 0.0000000E+000, 0.0000000E+000, 0.0000000E+000, 0.0000000E+000, 0.0000000E+000, 0.0000000E+000, 0.0000000E+000, 0.0000000E+000, 0.0000000E+000, 0.0000000E+000, 0.0000000E+000, 0.0000000E+000, 0.0000000E+000, 0.0000000E+000, 0.0000000E+000, 0.0000000E+000, 0.0000000E+000, 0.0000000E+000, 0.0000000E+000, 0.0000000E+000, 0.0000000E+000, 0.0000000E+000, 0.0000000E+000, 0.0000000E+000, 0.0000000E+000, 0.0000000E+000, 0.0000000E+000, 0.0000000E+000, 0.0000000E+000, 0.0000000E+000, 0.0000000E+000, 0.0000000E+000, 0.0000000E+000, 0.0000000E+000, 0.0000000E+000, 0.0000000E+000, 0.0000000E+000, 0.0000000E+000, 0.0000000E+000
-1.1394588E+002, 0.0000000E+000, 0.0000000E+000, 0.0000000E+000, 0.0000000E+000, 0.0000000E+000, 0.0000000E+000, 0.0000000E+000, 0.0000000E+000, 0.0000000E+000, 0.0000000E+000, 0.0000000E+000, 0.0000000E+000, 0.0000000E+000, 0.0000000E+000, 0.0000000E+000, 0.0000000E+000, 0.0000000E+000, 0.0000000E+000, 0.0000000E+000, 0.0000000E+000, 0.0000000E+000, 0.0000000E+000, 0.0000000E+000, 0.0000000E+000, 0.0000000E+000, 0.0000000E+000, 0.0000000E+000, 0.0000000E+000, 0.0000000E+000, 0.0000000E+000, 0.0000000E+000, 0.0000000E+000, 0.0000000E+000, 0.0000000E+000, 0.0000000E+000, 0.0000000E+000, 0.0000000E+000, 0.0000000E+000, 0.0000000E+000, 0.0000000E+000, 0.0000000E+000, 0.0000000E+000, 0.0000000E+000, 0.0000000E+000, 0.0000000E+000, 0.0000000E+000, 0.0000000E+000, 0.0000000E+000, 0.0000000E+000, 0.0000000E+000, 0.0000000E+000, 0.0000000E+000, 0.0000000E+000, 0.0000000E+000, 0.0000000E+000, 0.0000000E+000, 0.0000000E+000, 0.0000000E+000, 0.0000000E+000, 0.0000000E+000
-1.1293177E+002, 0.0000000E+000, 0.0000000E+000, 0.0000000E+000, 0.0000000E+000, 0.0000000E+000, 0.0000000E+000, 0.0000000E+000, 0.0000000E+000, 0.0000000E+000, 0.0000000E+000, 0.0000000E+000, 0.0000000E+000, 0.0000000E+000, 0.0000000E+000, 0.0000000E+000, 0.0000000E+000, 0.0000000E+000, 0.0000000E+000, 0.0000000E+000, 0.0000000E+000, 0.0000000E+000, 0.0000000E+000, 0.0000000E+000, 0.0000000E+000, 0.0000000E+000, 0.0000000E+000, 0.0000000E+000, 0.0000000E+000, 0.0000000E+000, 0.0000000E+000, 0.0000000E+000, 0.0000000E+000, 0.0000000E+000, 0.0000000E+000, 0.0000000E+000, 0.0000000E+000, 0.0000000E+000, 0.0000000E+000, 0.0000000E+000, 0.0000000E+000, 0.0000000E+000, 0.0000000E+000, 0.0000000E+000, 0.0000000E+000, 0.0000000E+000, 0.0000000E+000, 0.0000000E+000, 0.0000000E+000, 0.0000000E+000, 0.0000000E+000, 0.0000000E+000, 0.0000000E+000, 0.0000000E+000, 0.0000000E+000, 0.0000000E+000, 0.0000000E+000, 0.0000000E+000, 0.0000000E+000, 0.0000000E+000, 0.0000000E+000
-1.1196477E+002, 0.0000000E+000, 0.0000000E+000, 0.0000000E+000, 0.0000000E+000, 0.0000000E+000, 0.0000000E+000, 0.0000000E+000, 0.0000000E+000, 0.0000000E+000, 0.0000000E+000, 0.0000000E+000, 0.0000000E+000, 0.0000000E+000, 0.0000000E+000, 0.0000000E+000, 0.0000000E+000, 0.0000000E+000, 0.0000000E+000, 0.0000000E+000, 0.0000000E+000, 0.0000000E+000, 0.0000000E+000, 0.0000000E+000, 0.0000000E+000, 0.0000000E+000, 0.0000000E+000, 0.0000000E+000, 0.0000000E+000, 0.0000000E+000, 0.0000000E+000, 0.0000000E+000, 0.0000000E+000, 0.0000000E+000, 0.0000000E+000, 0.0000000E+000, 0.0000000E+000, 0.0000000E+000, 0.0000000E+000, 0.0000000E+000, 0.0000000E+000, 0.0000000E+000, 0.0000000E+000, 0.0000000E+000, 0.0000000E+000, 0.0000000E+000, 0.0000000E+000, 0.0000000E+000, 0.0000000E+000, 0.0000000E+000, 0.0000000E+000, 0.0000000E+000, 0.0000000E+000, 0.0000000E+000, 0.0000000E+000, 0.0000000E+000, 0.0000000E+000, 0.0000000E+000, 0.0000000E+000, 0.0000000E+000, 0.0000000E+000
-1.1099483E+002, 0.0000000E+000, 0.0000000E+000, 0.0000000E+000, 0.0000000E+000, 0.0000000E+000, 0.0000000E+000, 0.0000000E+000, 0.0000000E+000, 0.0000000E+000, 0.0000000E+000, 0.0000000E+000, 0.0000000E+000, 0.0000000E+000, 0.0000000E+000, 0.0000000E+000, 0.0000000E+000, 0.0000000E+000, 0.0000000E+000, 0.0000000E+000, 0.0000000E+000, 0.0000000E+000, 0.0000000E+000, 0.0000000E+000, 0.0000000E+000, 0.0000000E+000, 0.0000000E+000, 0.0000000E+000, 0.0000000E+000, 0.0000000E+000, 0.0000000E+000, 0.0000000E+000, 0.0000000E+000, 0.0000000E+000, 0.0000000E+000, 0.0000000E+000, 0.0000000E+000, 0.0000000E+000, 0.0000000E+000, 0.0000000E+000, 0.0000000E+000, 0.0000000E+000, 0.0000000E+000, 0.0000000E+000, 0.0000000E+000, 0.0000000E+000, 0.0000000E+000, 0.0000000E+000, 0.0000000E+000, 0.0000000E+000, 0.0000000E+000, 0.0000000E+000, 0.0000000E+000, 0.0000000E+000, 0.0000000E+000, 0.0000000E+000, 0.0000000E+000, 0.0000000E+000, 0.0000000E+000, 0.0000000E+000, 0.0000000E+000
-1.0999650E+002, 0.0000000E+000, 0.0000000E+000, 0.0000000E+000, 0.0000000E+000, 0.0000000E+000, 0.0000000E+000, 0.0000000E+000, 0.0000000E+000, 0.0000000E+000, 0.0000000E+000, 0.0000000E+000, 0.0000000E+000, 0.0000000E+000, 0.0000000E+000, 0.0000000E+000, 0.0000000E+000, 0.0000000E+000, 0.0000000E+000, 0.0000000E+000, 0.0000000E+000, 0.0000000E+000, 0.0000000E+000, 0.0000000E+000, 0.0000000E+000, 0.0000000E+000, 0.0000000E+000, 0.0000000E+000, 0.0000000E+000, 0.0000000E+000, 0.0000000E+000, 0.0000000E+000, 0.0000000E+000, 0.0000000E+000, 0.0000000E+000, 0.0000000E+000, 0.0000000E+000, 0.0000000E+000, 0.0000000E+000, 0.0000000E+000, 0.0000000E+000, 0.0000000E+000, 0.0000000E+000, 0.0000000E+000, 0.0000000E+000, 0.0000000E+000, 0.0000000E+000, 0.0000000E+000, 0.0000000E+000, 0.0000000E+000, 0.0000000E+000, 0.0000000E+000, 0.0000000E+000, 0.0000000E+000, 0.0000000E+000, 0.0000000E+000, 0.0000000E+000, 0.0000000E+000, 0.0000000E+000, 0.0000000E+000, 0.0000000E+000
-1.0899054E+002, 0.0000000E+000, 0.0000000E+000, 0.0000000E+000, 0.0000000E+000, 0.0000000E+000, 0.0000000E+000, 0.0000000E+000, 0.0000000E+000, 0.0000000E+000, 0.0000000E+000, 0.0000000E+000, 0.0000000E+000, 0.0000000E+000, 0.0000000E+000, 0.0000000E+000, 0.0000000E+000, 0.0000000E+000, 0.0000000E+000, 0.0000000E+000, 0.0000000E+000, 0.0000000E+000, 0.0000000E+000, 0.0000000E+000, 0.0000000E+000, 0.0000000E+000, 0.0000000E+000, 0.0000000E+000, 0.0000000E+000, 0.0000000E+000, 0.0000000E+000, 0.0000000E+000, 0.0000000E+000, 0.0000000E+000, 0.0000000E+000, 0.0000000E+000, 0.0000000E+000, 0.0000000E+000, 0.0000000E+000, 0.0000000E+000, 0.0000000E+000, 0.0000000E+000, 0.0000000E+000, 0.0000000E+000, 0.0000000E+000, 0.0000000E+000, 0.0000000E+000, 0.0000000E+000, 0.0000000E+000, 0.0000000E+000, 0.0000000E+000, 0.0000000E+000, 0.0000000E+000, 0.0000000E+000, 0.0000000E+000, 0.0000000E+000, 0.0000000E+000, 0.0000000E+000, 0.0000000E+000, 0.0000000E+000, 0.0000000E+000
-1.0798458E+002, 0.0000000E+000, 0.0000000E+000, 0.0000000E+000, 0.0000000E+000, 0.0000000E+000, 0.0000000E+000, 0.0000000E+000, 0.0000000E+000, 0.0000000E+000, 0.0000000E+000, 0.0000000E+000, 0.0000000E+000, 0.0000000E+000, 0.0000000E+000, 0.0000000E+000, 0.0000000E+000, 0.0000000E+000, 0.0000000E+000, 0.0000000E+000, 0.0000000E+000, 0.0000000E+000, 0.0000000E+000, 0.0000000E+000, 0.0000000E+000, 0.0000000E+000, 0.0000000E+000, 0.0000000E+000, 0.0000000E+000, 0.0000000E+000, 0.0000000E+000, 0.0000000E+000, 0.0000000E+000, 0.0000000E+000, 0.0000000E+000, 0.0000000E+000, 0.0000000E+000, 0.0000000E+000, 0.0000000E+000, 0.0000000E+000, 0.0000000E+000, 0.0000000E+000, 0.0000000E+000, 0.0000000E+000, 0.0000000E+000, 0.0000000E+000, 0.0000000E+000, 0.0000000E+000, 0.0000000E+000, 0.0000000E+000, 0.0000000E+000, 0.0000000E+000, 0.0000000E+000, 0.0000000E+000, 0.0000000E+000, 0.0000000E+000, 0.0000000E+000, 0.0000000E+000, 0.0000000E+000, 0.0000000E+000, 0.0000000E+000
-1.0694424E+002, 0.0000000E+000, 0.0000000E+000, 0.0000000E+000, 0.0000000E+000, 0.0000000E+000, 0.0000000E+000, 0.0000000E+000, 0.0000000E+000, 0.0000000E+000, 0.0000000E+000, 0.0000000E+000, 0.0000000E+000, 0.0000000E+000, 0.0000000E+000, 0.0000000E+000, 0.0000000E+000, 0.0000000E+000, 0.0000000E+000, 0.0000000E+000, 0.0000000E+000, 0.0000000E+000, 0.0000000E+000, 0.0000000E+000, 0.0000000E+000, 0.0000000E+000, 0.0000000E+000, 0.0000000E+000, 0.0000000E+000, 0.0000000E+000, 0.0000000E+000, 0.0000000E+000, 0.0000000E+000, 0.0000000E+000, 0.0000000E+000, 0.0000000E+000, 0.0000000E+000, 0.0000000E+000, 0.0000000E+000, 0.0000000E+000, 0.0000000E+000, 0.0000000E+000, 0.0000000E+000, 0.0000000E+000, 0.0000000E+000, 0.0000000E+000, 0.0000000E+000, 0.0000000E+000, 0.0000000E+000, 0.0000000E+000, 0.0000000E+000, 0.0000000E+000, 0.0000000E+000, 0.0000000E+000, 0.0000000E+000, 0.0000000E+000, 0.0000000E+000, 0.0000000E+000, 0.0000000E+000, 0.0000000E+000, 0.0000000E+000
-1.0594620E+002, 0.0000000E+000, 0.0000000E+000, 0.0000000E+000, 0.0000000E+000, 0.0000000E+000, 0.0000000E+000, 0.0000000E+000, 0.0000000E+000, 0.0000000E+000, 0.0000000E+000, 0.0000000E+000, 0.0000000E+000, 0.0000000E+000, 0.0000000E+000, 0.0000000E+000, 0.0000000E+000, 0.0000000E+000, 0.0000000E+000, 0.0000000E+000, 0.0000000E+000, 0.0000000E+000, 0.0000000E+000, 0.0000000E+000, 0.0000000E+000, 0.0000000E+000, 0.0000000E+000, 0.0000000E+000, 0.0000000E+000, 0.0000000E+000, 0.0000000E+000, 0.0000000E+000, 0.0000000E+000, 0.0000000E+000, 0.0000000E+000, 0.0000000E+000, 0.0000000E+000, 0.0000000E+000, 0.0000000E+000, 0.0000000E+000, 0.0000000E+000, 0.0000000E+000, 0.0000000E+000, 0.0000000E+000, 0.0000000E+000, 0.0000000E+000, 0.0000000E+000, 0.0000000E+000, 0.0000000E+000, 0.0000000E+000, 0.0000000E+000, 0.0000000E+000, 0.0000000E+000, 0.0000000E+000, 0.0000000E+000, 0.0000000E+000, 0.0000000E+000, 0.0000000E+000, 0.0000000E+000, 0.0000000E+000, 0.0000000E+000
-1.0498584E+002, 0.0000000E+000, 0.0000000E+000, 0.0000000E+000, 0.0000000E+000, 0.0000000E+000, 0.0000000E+000, 0.0000000E+000, 0.0000000E+000, 0.0000000E+000, 0.0000000E+000, 0.0000000E+000, 0.0000000E+000, 0.0000000E+000, 0.0000000E+000, 0.0000000E+000, 0.0000000E+000, 0.0000000E+000, 0.0000000E+000, 0.0000000E+000, 0.0000000E+000, 0.0000000E+000, 0.0000000E+000, 0.0000000E+000, 0.0000000E+000, 0.0000000E+000, 0.0000000E+000, 0.0000000E+000, 0.0000000E+000, 0.0000000E+000, 0.0000000E+000, 0.0000000E+000, 0.0000000E+000, 0.0000000E+000, 0.0000000E+000, 0.0000000E+000, 0.0000000E+000, 0.0000000E+000, 0.0000000E+000, 0.0000000E+000, 0.0000000E+000, 0.0000000E+000, 0.0000000E+000, 0.0000000E+000, 0.0000000E+000, 0.0000000E+000, 0.0000000E+000, 0.0000000E+000, 0.0000000E+000, 0.0000000E+000, 0.0000000E+000, 0.0000000E+000, 0.0000000E+000, 0.0000000E+000, 0.0000000E+000, 0.0000000E+000, 0.0000000E+000, 0.0000000E+000, 0.0000000E+000, 0.0000000E+000, 0.0000000E+000
-1.0396450E+002, 0.0000000E+000, 0.0000000E+000, 0.0000000E+000, 0.0000000E+000, 0.0000000E+000, 0.0000000E+000, 0.0000000E+000, 0.0000000E+000, 0.0000000E+000, 0.0000000E+000, 0.0000000E+000, 0.0000000E+000, 0.0000000E+000, 0.0000000E+000, 0.0000000E+000, 0.0000000E+000, 0.0000000E+000, 0.0000000E+000, 0.0000000E+000, 0.0000000E+000, 0.0000000E+000, 0.0000000E+000, 0.0000000E+000, 0.0000000E+000, 0.0000000E+000, 0.0000000E+000, 0.0000000E+000, 0.0000000E+000, 0.0000000E+000, 0.0000000E+000, 0.0000000E+000, 0.0000000E+000, 0.0000000E+000, 0.0000000E+000, 0.0000000E+000, 0.0000000E+000, 0.0000000E+000, 0.0000000E+000, 0.0000000E+000, 0.0000000E+000, 0.0000000E+000, 0.0000000E+000, 0.0000000E+000, 0.0000000E+000, 0.0000000E+000, 0.0000000E+000, 0.0000000E+000, 0.0000000E+000, 0.0000000E+000, 0.0000000E+000, 0.0000000E+000, 0.0000000E+000, 0.0000000E+000, 0.0000000E+000, 0.0000000E+000, 0.0000000E+000, 0.0000000E+000, 0.0000000E+000, 0.0000000E+000, 0.0000000E+000
-1.0294507E+002, 0.0000000E+000, 0.0000000E+000, 0.0000000E+000, 0.0000000E+000, 0.0000000E+000, 0.0000000E+000, 0.0000000E+000, 0.0000000E+000, 0.0000000E+000, 0.0000000E+000, 0.0000000E+000, 0.0000000E+000, 0.0000000E+000, 0.0000000E+000, 0.0000000E+000, 0.0000000E+000, 0.0000000E+000, 0.0000000E+000, 0.0000000E+000, 0.0000000E+000, 0.0000000E+000, 0.0000000E+000, 0.0000000E+000, 0.0000000E+000, 0.0000000E+000, 0.0000000E+000, 0.0000000E+000, 0.0000000E+000, 0.0000000E+000, 0.0000000E+000, 0.0000000E+000, 0.0000000E+000, 0.0000000E+000, 0.0000000E+000, 0.0000000E+000, 0.0000000E+000, 0.0000000E+000, 0.0000000E+000, 0.0000000E+000, 0.0000000E+000, 0.0000000E+000, 0.0000000E+000, 0.0000000E+000, 0.0000000E+000, 0.0000000E+000, 0.0000000E+000, 0.0000000E+000, 0.0000000E+000, 0.0000000E+000, 0.0000000E+000, 0.0000000E+000, 0.0000000E+000, 0.0000000E+000, 0.0000000E+000, 0.0000000E+000, 0.0000000E+000, 0.0000000E+000, 0.0000000E+000, 0.0000000E+000, 0.0000000E+000
-1.0194729E+002, 0.0000000E+000, 0.0000000E+000, 0.0000000E+000, 0.0000000E+000, 0.0000000E+000, 0.0000000E+000, 0.0000000E+000, 0.0000000E+000, 0.0000000E+000, 0.0000000E+000, 0.0000000E+000, 0.0000000E+000, 0.0000000E+000, 0.0000000E+000, 0.0000000E+000, 0.0000000E+000, 0.0000000E+000, 0.0000000E+000, 0.0000000E+000, 0.0000000E+000, 0.0000000E+000, 0.0000000E+000, 0.0000000E+000, 0.0000000E+000, 0.0000000E+000, 0.0000000E+000, 0.0000000E+000, 0.0000000E+000, 0.0000000E+000, 0.0000000E+000, 0.0000000E+000, 0.0000000E+000, 0.0000000E+000, 0.0000000E+000, 0.0000000E+000, 0.0000000E+000, 0.0000000E+000, 0.0000000E+000, 0.0000000E+000, 0.0000000E+000, 0.0000000E+000, 0.0000000E+000, 0.0000000E+000, 0.0000000E+000, 0.0000000E+000, 0.0000000E+000, 0.0000000E+000, 0.0000000E+000, 0.0000000E+000, 0.0000000E+000, 0.0000000E+000, 0.0000000E+000, 0.0000000E+000, 0.0000000E+000, 0.0000000E+000, 0.0000000E+000, 0.0000000E+000, 0.0000000E+000, 0.0000000E+000, 0.0000000E+000
-1.0093270E+002, 0.0000000E+000, 0.0000000E+000, 0.0000000E+000, 0.0000000E+000, 0.0000000E+000, 0.0000000E+000, 0.0000000E+000, 0.0000000E+000, 0.0000000E+000, 0.0000000E+000, 0.0000000E+000, 0.0000000E+000, 0.0000000E+000, 0.0000000E+000, 0.0000000E+000, 0.0000000E+000, 0.0000000E+000, 0.0000000E+000, 0.0000000E+000, 0.0000000E+000, 0.0000000E+000, 0.0000000E+000, 0.0000000E+000, 0.0000000E+000, 0.0000000E+000, 0.0000000E+000, 0.0000000E+000, 0.0000000E+000, 0.0000000E+000, 0.0000000E+000, 0.0000000E+000, 0.0000000E+000, 0.0000000E+000, 0.0000000E+000, 0.0000000E+000, 0.0000000E+000, 0.0000000E+000, 0.0000000E+000, 0.0000000E+000, 0.0000000E+000, 0.0000000E+000, 0.0000000E+000, 0.0000000E+000, 0.0000000E+000, 0.0000000E+000, 0.0000000E+000, 0.0000000E+000, 0.0000000E+000, 0.0000000E+000, 0.0000000E+000, 0.0000000E+000, 0.0000000E+000, 0.0000000E+000, 0.0000000E+000, 0.0000000E+000, 0.0000000E+000, 0.0000000E+000, 0.0000000E+000, 0.0000000E+000, 0.0000000E+000
-9.9931276E+001, 0.0000000E+000, 0.0000000E+000, 0.0000000E+000, 0.0000000E+000, 0.0000000E+000, 0.0000000E+000, 0.0000000E+000, 0.0000000E+000, 0.0000000E+000, 0.0000000E+000, 0.0000000E+000, 0.0000000E+000, 0.0000000E+000, 0.0000000E+000, 0.0000000E+000, 0.0000000E+000, 0.0000000E+000, 0.0000000E+000, 0.0000000E+000, 0.0000000E+000, 0.0000000E+000, 0.0000000E+000, 0.0000000E+000, 0.0000000E+000, 0.0000000E+000, 0.0000000E+000, 0.0000000E+000, 0.0000000E+000, 0.0000000E+000, 0.0000000E+000, 0.0000000E+000, 0.0000000E+000, 0.0000000E+000, 0.0000000E+000, 0.0000000E+000, 0.0000000E+000, 0.0000000E+000, 0.0000000E+000, 0.0000000E+000, 0.0000000E+000, 0.0000000E+000, 0.0000000E+000, 0.0000000E+000, 0.0000000E+000, 0.0000000E+000, 0.0000000E+000, 0.0000000E+000, 0.0000000E+000, 0.0000000E+000, 0.0000000E+000, 0.0000000E+000, 0.0000000E+000, 0.0000000E+000, 0.0000000E+000, 0.0000000E+000, 0.0000000E+000, 0.0000000E+000, 0.0000000E+000, 0.0000000E+000, 0.0000000E+000
-9.8939379E+001, 0.0000000E+000, 0.0000000E+000, 0.0000000E+000, 0.0000000E+000, 0.0000000E+000, 0.0000000E+000, 0.0000000E+000, 0.0000000E+000, 0.0000000E+000, 0.0000000E+000, 0.0000000E+000, 0.0000000E+000, 0.0000000E+000, 0.0000000E+000, 0.0000000E+000, 0.0000000E+000, 0.0000000E+000, 0.0000000E+000, 0.0000000E+000, 0.0000000E+000, 0.0000000E+000, 0.0000000E+000, 0.0000000E+000, 0.0000000E+000, 0.0000000E+000, 0.0000000E+000, 0.0000000E+000, 0.0000000E+000, 0.0000000E+000, 0.0000000E+000, 0.0000000E+000, 0.0000000E+000, 0.0000000E+000, 0.0000000E+000, 0.0000000E+000, 0.0000000E+000, 0.0000000E+000, 0.0000000E+000, 0.0000000E+000, 0.0000000E+000, 0.0000000E+000, 0.0000000E+000, 0.0000000E+000, 0.0000000E+000, 0.0000000E+000, 0.0000000E+000, 0.0000000E+000, 0.0000000E+000, 0.0000000E+000, 0.0000000E+000, 0.0000000E+000, 0.0000000E+000, 0.0000000E+000, 0.0000000E+000, 0.0000000E+000, 0.0000000E+000, 0.0000000E+000, 0.0000000E+000, 0.0000000E+000, 0.0000000E+000
-9.7932223E+001, 0.0000000E+000, 0.0000000E+000, 0.0000000E+000, 0.0000000E+000, 0.0000000E+000, 0.0000000E+000, 0.0000000E+000, 0.0000000E+000, 0.0000000E+000, 0.0000000E+000, 0.0000000E+000, 0.0000000E+000, 0.0000000E+000, 0.0000000E+000, 0.0000000E+000, 0.0000000E+000, 0.0000000E+000, 0.0000000E+000, 0.0000000E+000, 0.0000000E+000, 0.0000000E+000, 0.0000000E+000, 0.0000000E+000, 0.0000000E+000, 0.0000000E+000, 0.0000000E+000, 0.0000000E+000, 0.0000000E+000, 0.0000000E+000, 0.0000000E+000, 0.0000000E+000, 0.0000000E+000, 0.0000000E+000, 0.0000000E+000, 0.0000000E+000, 0.0000000E+000, 0.0000000E+000, 0.0000000E+000, 0.0000000E+000, 0.0000000E+000, 0.0000000E+000, 0.0000000E+000, 0.0000000E+000, 0.0000000E+000, 0.0000000E+000, 0.0000000E+000, 0.0000000E+000, 0.0000000E+000, 0.0000000E+000, 0.0000000E+000, 0.0000000E+000, 0.0000000E+000, 0.0000000E+000, 0.0000000E+000, 0.0000000E+000, 0.0000000E+000, 0.0000000E+000, 0.0000000E+000, 0.0000000E+000, 0.0000000E+000
-9.6925066E+001, 0.0000000E+000, 0.0000000E+000, 0.0000000E+000, 0.0000000E+000, 0.0000000E+000, 0.0000000E+000, 0.0000000E+000, 0.0000000E+000, 0.0000000E+000, 0.0000000E+000, 0.0000000E+000, 0.0000000E+000, 0.0000000E+000, 0.0000000E+000, 0.0000000E+000, 0.0000000E+000, 0.0000000E+000, 0.0000000E+000, 0.0000000E+000, 0.0000000E+000, 0.0000000E+000, 0.0000000E+000, 0.0000000E+000, 0.0000000E+000, 0.0000000E+000, 0.0000000E+000, 0.0000000E+000, 0.0000000E+000, 0.0000000E+000, 0.0000000E+000, 0.0000000E+000, 0.0000000E+000, 0.0000000E+000, 0.0000000E+000, 0.0000000E+000, 0.0000000E+000, 0.0000000E+000, 0.0000000E+000, 0.0000000E+000, 0.0000000E+000, 0.0000000E+000, 0.0000000E+000, 0.0000000E+000, 0.0000000E+000, 0.0000000E+000, 0.0000000E+000, 0.0000000E+000, 0.0000000E+000, 0.0000000E+000, 0.0000000E+000, 0.0000000E+000, 0.0000000E+000, 0.0000000E+000, 0.0000000E+000, 0.0000000E+000, 0.0000000E+000, 0.0000000E+000, 0.0000000E+000, 0.0000000E+000, 0.0000000E+000
-9.5935528E+001, 0.0000000E+000, 0.0000000E+000, 0.0000000E+000, 0.0000000E+000, 0.0000000E+000, 0.0000000E+000, 0.0000000E+000, 0.0000000E+000, 0.0000000E+000, 0.0000000E+000, 0.0000000E+000, 0.0000000E+000, 0.0000000E+000, 0.0000000E+000, 0.0000000E+000, 0.0000000E+000, 0.0000000E+000, 0.0000000E+000, 0.0000000E+000, 0.0000000E+000, 0.0000000E+000, 0.0000000E+000, 0.0000000E+000, 0.0000000E+000, 0.0000000E+000, 0.0000000E+000, 0.0000000E+000, 0.0000000E+000, 0.0000000E+000, 0.0000000E+000, 0.0000000E+000, 0.0000000E+000, 0.0000000E+000, 0.0000000E+000, 0.0000000E+000, 0.0000000E+000, 0.0000000E+000, 0.0000000E+000, 0.0000000E+000, 0.0000000E+000, 0.0000000E+000, 0.0000000E+000, 0.0000000E+000, 0.0000000E+000, 0.0000000E+000, 0.0000000E+000, 0.0000000E+000, 0.0000000E+000, 0.0000000E+000, 0.0000000E+000, 0.0000000E+000, 0.0000000E+000, 0.0000000E+000, 0.0000000E+000, 0.0000000E+000, 0.0000000E+000, 0.0000000E+000, 0.0000000E+000, 0.0000000E+000, 0.0000000E+000
-9.4928141E+001, 0.0000000E+000, 0.0000000E+000, 0.0000000E+000, 0.0000000E+000, 0.0000000E+000, 0.0000000E+000, 0.0000000E+000, 0.0000000E+000, 0.0000000E+000, 0.0000000E+000, 0.0000000E+000, 0.0000000E+000, 0.0000000E+000, 0.0000000E+000, 0.0000000E+000, 0.0000000E+000, 0.0000000E+000, 0.0000000E+000, 0.0000000E+000, 0.0000000E+000, 0.0000000E+000, 0.0000000E+000, 0.0000000E+000, 0.0000000E+000, 0.0000000E+000, 0.0000000E+000, 0.0000000E+000, 0.0000000E+000, 0.0000000E+000, 0.0000000E+000, 0.0000000E+000, 0.0000000E+000, 0.0000000E+000, 0.0000000E+000, 0.0000000E+000, 0.0000000E+000, 0.0000000E+000, 0.0000000E+000, 0.0000000E+000, 0.0000000E+000, 0.0000000E+000, 0.0000000E+000, 0.0000000E+000, 0.0000000E+000, 0.0000000E+000, 0.0000000E+000, 0.0000000E+000, 0.0000000E+000, 0.0000000E+000, 0.0000000E+000, 0.0000000E+000, 0.0000000E+000, 0.0000000E+000, 0.0000000E+000, 0.0000000E+000, 0.0000000E+000, 0.0000000E+000, 0.0000000E+000, 0.0000000E+000, 0.0000000E+000
-9.3970523E+001, 0.0000000E+000, 0.0000000E+000, 0.0000000E+000, 0.0000000E+000, 0.0000000E+000, 0.0000000E+000, 0.0000000E+000, 0.0000000E+000, 0.0000000E+000, 0.0000000E+000, 0.0000000E+000, 0.0000000E+000, 0.0000000E+000, 0.0000000E+000, 0.0000000E+000, 0.0000000E+000, 0.0000000E+000, 0.0000000E+000, 0.0000000E+000, 0.0000000E+000, 0.0000000E+000, 0.0000000E+000, 0.0000000E+000, 0.0000000E+000, 0.0000000E+000, 0.0000000E+000, 0.0000000E+000, 0.0000000E+000, 0.0000000E+000, 0.0000000E+000, 0.0000000E+000, 0.0000000E+000, 0.0000000E+000, 0.0000000E+000, 0.0000000E+000, 0.0000000E+000, 0.0000000E+000, 0.0000000E+000, 0.0000000E+000, 0.0000000E+000, 0.0000000E+000, 0.0000000E+000, 0.0000000E+000, 0.0000000E+000, 0.0000000E+000, 0.0000000E+000, 0.0000000E+000, 0.0000000E+000, 0.0000000E+000, 0.0000000E+000, 0.0000000E+000, 0.0000000E+000, 0.0000000E+000, 0.0000000E+000, 0.0000000E+000, 0.0000000E+000, 0.0000000E+000, 0.0000000E+000, 0.0000000E+000, 0.0000000E+000
-9.2961341E+001, 0.0000000E+000, 0.0000000E+000, 0.0000000E+000, 0.0000000E+000, 0.0000000E+000, 0.0000000E+000, 0.0000000E+000, 0.0000000E+000, 0.0000000E+000, 0.0000000E+000, 0.0000000E+000, 0.0000000E+000, 0.0000000E+000, 0.0000000E+000, 0.0000000E+000, 0.0000000E+000, 0.0000000E+000, 0.0000000E+000, 0.0000000E+000, 0.0000000E+000, 0.0000000E+000, 0.0000000E+000, 0.0000000E+000, 0.0000000E+000, 0.0000000E+000, 0.0000000E+000, 0.0000000E+000, 0.0000000E+000, 0.0000000E+000, 0.0000000E+000, 0.0000000E+000, 0.0000000E+000, 0.0000000E+000, 0.0000000E+000, 0.0000000E+000, 0.0000000E+000, 0.0000000E+000, 0.0000000E+000, 0.0000000E+000, 0.0000000E+000, 0.0000000E+000, 0.0000000E+000, 0.0000000E+000, 0.0000000E+000, 0.0000000E+000, 0.0000000E+000, 0.0000000E+000, 0.0000000E+000, 0.0000000E+000, 0.0000000E+000, 0.0000000E+000, 0.0000000E+000, 0.0000000E+000, 0.0000000E+000, 0.0000000E+000, 0.0000000E+000, 0.0000000E+000, 0.0000000E+000, 0.0000000E+000, 0.0000000E+000
-9.1976228E+001, 0.0000000E+000, 0.0000000E+000, 0.0000000E+000, 0.0000000E+000, 0.0000000E+000, 0.0000000E+000, 0.0000000E+000, 0.0000000E+000, 0.0000000E+000, 0.0000000E+000, 0.0000000E+000, 0.0000000E+000, 0.0000000E+000, 0.0000000E+000, 0.0000000E+000, 0.0000000E+000, 0.0000000E+000, 0.0000000E+000, 0.0000000E+000, 0.0000000E+000, 0.0000000E+000, 0.0000000E+000, 0.0000000E+000, 0.0000000E+000, 0.0000000E+000, 0.0000000E+000, 0.0000000E+000, 0.0000000E+000, 0.0000000E+000, 0.0000000E+000, 0.0000000E+000, 0.0000000E+000, 0.0000000E+000, 0.0000000E+000, 0.0000000E+000, 0.0000000E+000, 0.0000000E+000, 0.0000000E+000, 0.0000000E+000, 0.0000000E+000, 0.0000000E+000, 0.0000000E+000, 0.0000000E+000, 0.0000000E+000, 0.0000000E+000, 0.0000000E+000, 0.0000000E+000, 0.0000000E+000, 0.0000000E+000, 0.0000000E+000, 0.0000000E+000, 0.0000000E+000, 0.0000000E+000, 0.0000000E+000, 0.0000000E+000, 0.0000000E+000, 0.0000000E+000, 0.0000000E+000, 0.0000000E+000, 0.0000000E+000
-9.0987417E+001, 0.0000000E+000, 0.0000000E+000, 0.0000000E+000, 0.0000000E+000, 0.0000000E+000, 0.0000000E+000, 0.0000000E+000, 0.0000000E+000, 0.0000000E+000, 0.0000000E+000, 0.0000000E+000, 0.0000000E+000, 0.0000000E+000, 0.0000000E+000, 0.0000000E+000, 0.0000000E+000, 0.0000000E+000, 0.0000000E+000, 0.0000000E+000, 0.0000000E+000, 0.0000000E+000, 0.0000000E+000, 0.0000000E+000, 0.0000000E+000, 0.0000000E+000, 0.0000000E+000, 0.0000000E+000, 0.0000000E+000, 0.0000000E+000, 0.0000000E+000, 0.0000000E+000, 0.0000000E+000, 0.0000000E+000, 0.0000000E+000, 0.0000000E+000, 0.0000000E+000, 0.0000000E+000, 0.0000000E+000, 0.0000000E+000, 0.0000000E+000, 0.0000000E+000, 0.0000000E+000, 0.0000000E+000, 0.0000000E+000, 0.0000000E+000, 0.0000000E+000, 0.0000000E+000, 0.0000000E+000, 0.0000000E+000, 0.0000000E+000, 0.0000000E+000, 0.0000000E+000, 0.0000000E+000, 0.0000000E+000, 0.0000000E+000, 0.0000000E+000, 0.0000000E+000, 0.0000000E+000, 0.0000000E+000, 0.0000000E+000
-8.9943233E+001, 0.0000000E+000, 0.0000000E+000, 0.0000000E+000, 0.0000000E+000, 0.0000000E+000, 0.0000000E+000, 0.0000000E+000, 0.0000000E+000, 0.0000000E+000, 0.0000000E+000, 0.0000000E+000, 0.0000000E+000, 0.0000000E+000, 0.0000000E+000, 0.0000000E+000, 0.0000000E+000, 0.0000000E+000, 0.0000000E+000, 0.0000000E+000, 0.0000000E+000, 0.0000000E+000, 0.0000000E+000, 0.0000000E+000, 0.0000000E+000, 0.0000000E+000, 0.0000000E+000, 0.0000000E+000, 0.0000000E+000, 0.0000000E+000, 0.0000000E+000, 0.0000000E+000, 0.0000000E+000, 0.0000000E+000, 0.0000000E+000, 0.0000000E+000, 0.0000000E+000, 0.0000000E+000, 0.0000000E+000, 0.0000000E+000, 0.0000000E+000, 0.0000000E+000, 0.0000000E+000, 0.0000000E+000, 0.0000000E+000, 0.0000000E+000, 0.0000000E+000, 0.0000000E+000, 0.0000000E+000, 0.0000000E+000, 0.0000000E+000, 0.0000000E+000, 0.0000000E+000, 0.0000000E+000, 0.0000000E+000, 0.0000000E+000, 0.0000000E+000, 0.0000000E+000, 0.0000000E+000, 0.0000000E+000, 0.0000000E+000
-8.8933932E+001, 0.0000000E+000, 0.0000000E+000, 0.0000000E+000, 0.0000000E+000, 0.0000000E+000, 0.0000000E+000, 0.0000000E+000, 0.0000000E+000, 0.0000000E+000, 0.0000000E+000, 0.0000000E+000, 0.0000000E+000, 0.0000000E+000, 0.0000000E+000, 0.0000000E+000, 0.0000000E+000, 0.0000000E+000, 0.0000000E+000, 0.0000000E+000, 0.0000000E+000, 0.0000000E+000, 0.0000000E+000, 0.0000000E+000, 0.0000000E+000, 0.0000000E+000, 0.0000000E+000, 0.0000000E+000, 0.0000000E+000, 0.0000000E+000, 0.0000000E+000, 0.0000000E+000, 0.0000000E+000, 0.0000000E+000, 0.0000000E+000, 0.0000000E+000, 0.0000000E+000, 0.0000000E+000, 0.0000000E+000, 0.0000000E+000, 0.0000000E+000, 0.0000000E+000, 0.0000000E+000, 0.0000000E+000, 0.0000000E+000, 0.0000000E+000, 0.0000000E+000, 0.0000000E+000, 0.0000000E+000, 0.0000000E+000, 0.0000000E+000, 0.0000000E+000, 0.0000000E+000, 0.0000000E+000, 0.0000000E+000, 0.0000000E+000, 0.0000000E+000, 0.0000000E+000, 0.0000000E+000, 0.0000000E+000, 0.0000000E+000
-8.7947419E+001, 0.0000000E+000, 0.0000000E+000, 0.0000000E+000, 0.0000000E+000, 0.0000000E+000, 0.0000000E+000, 0.0000000E+000, 0.0000000E+000, 0.0000000E+000, 0.0000000E+000, 0.0000000E+000, 0.0000000E+000, 0.0000000E+000, 0.0000000E+000, 0.0000000E+000, 0.0000000E+000, 0.0000000E+000, 0.0000000E+000, 0.0000000E+000, 0.0000000E+000, 0.0000000E+000, 0.0000000E+000, 0.0000000E+000, 0.0000000E+000, 0.0000000E+000, 0.0000000E+000, 0.0000000E+000, 0.0000000E+000, 0.0000000E+000, 0.0000000E+000, 0.0000000E+000, 0.0000000E+000, 0.0000000E+000, 0.0000000E+000, 0.0000000E+000, 0.0000000E+000, 0.0000000E+000, 0.0000000E+000, 0.0000000E+000, 0.0000000E+000, 0.0000000E+000, 0.0000000E+000, 0.0000000E+000, 0.0000000E+000, 0.0000000E+000, 0.0000000E+000, 0.0000000E+000, 0.0000000E+000, 0.0000000E+000, 0.0000000E+000, 0.0000000E+000, 0.0000000E+000, 0.0000000E+000, 0.0000000E+000, 0.0000000E+000, 0.0000000E+000, 0.0000000E+000, 0.0000000E+000, 0.0000000E+000, 0.0000000E+000
-8.6913929E+001, 0.0000000E+000, 0.0000000E+000, 0.0000000E+000, 0.0000000E+000, 0.0000000E+000, 0.0000000E+000, 0.0000000E+000, 0.0000000E+000, 0.0000000E+000, 0.0000000E+000, 0.0000000E+000, 0.0000000E+000, 0.0000000E+000, 0.0000000E+000, 0.0000000E+000, 0.0000000E+000, 0.0000000E+000, 0.0000000E+000, 0.0000000E+000, 0.0000000E+000, 0.0000000E+000, 0.0000000E+000, 0.0000000E+000, 0.0000000E+000, 0.0000000E+000, 0.0000000E+000, 0.0000000E+000, 0.0000000E+000, 0.0000000E+000, 0.0000000E+000, 0.0000000E+000, 0.0000000E+000, 0.0000000E+000, 0.0000000E+000, 0.0000000E+000, 0.0000000E+000, 0.0000000E+000, 0.0000000E+000, 0.0000000E+000, 0.0000000E+000, 0.0000000E+000, 0.0000000E+000, 0.0000000E+000, 0.0000000E+000, 0.0000000E+000, 0.0000000E+000, 0.0000000E+000, 0.0000000E+000, 0.0000000E+000, 0.0000000E+000, 0.0000000E+000, 0.0000000E+000, 0.0000000E+000, 0.0000000E+000, 0.0000000E+000, 0.0000000E+000, 0.0000000E+000, 0.0000000E+000, 0.0000000E+000, 0.0000000E+000
-8.5966564E+001, 0.0000000E+000, 0.0000000E+000, 0.0000000E+000, 0.0000000E+000, 0.0000000E+000, 0.0000000E+000, 0.0000000E+000, 0.0000000E+000, 0.0000000E+000, 0.0000000E+000, 0.0000000E+000, 0.0000000E+000, 0.0000000E+000, 0.0000000E+000, 0.0000000E+000, 0.0000000E+000, 0.0000000E+000, 0.0000000E+000, 0.0000000E+000, 0.0000000E+000, 0.0000000E+000, 0.0000000E+000, 0.0000000E+000, 0.0000000E+000, 0.0000000E+000, 0.0000000E+000, 0.0000000E+000, 0.0000000E+000, 0.0000000E+000, 0.0000000E+000, 0.0000000E+000, 0.0000000E+000, 0.0000000E+000, 0.0000000E+000, 0.0000000E+000, 0.0000000E+000, 0.0000000E+000, 0.0000000E+000, 0.0000000E+000, 0.0000000E+000, 0.0000000E+000, 0.0000000E+000, 0.0000000E+000, 0.0000000E+000, 0.0000000E+000, 0.0000000E+000, 0.0000000E+000, 0.0000000E+000, 0.0000000E+000, 0.0000000E+000, 0.0000000E+000, 0.0000000E+000, 0.0000000E+000, 0.0000000E+000, 0.0000000E+000, 0.0000000E+000, 0.0000000E+000, 0.0000000E+000, 0.0000000E+000, 0.0000000E+000
-8.4962028E+001, 0.0000000E+000, 0.0000000E+000, 0.0000000E+000, 0.0000000E+000, 0.0000000E+000, 0.0000000E+000, 0.0000000E+000, 0.0000000E+000, 0.0000000E+000, 0.0000000E+000, 0.0000000E+000, 0.0000000E+000, 0.0000000E+000, 0.0000000E+000, 0.0000000E+000, 0.0000000E+000, 0.0000000E+000, 0.0000000E+000, 0.0000000E+000, 0.0000000E+000, 0.0000000E+000, 0.0000000E+000, 0.0000000E+000, 0.0000000E+000, 0.0000000E+000, 0.0000000E+000, 0.0000000E+000, 0.0000000E+000, 0.0000000E+000, 0.0000000E+000, 0.0000000E+000, 0.0000000E+000, 0.0000000E+000, 0.0000000E+000, 0.0000000E+000, 0.0000000E+000, 0.0000000E+000, 0.0000000E+000, 0.0000000E+000, 0.0000000E+000, 0.0000000E+000, 0.0000000E+000, 0.0000000E+000, 0.0000000E+000, 0.0000000E+000, 0.0000000E+000, 0.0000000E+000, 0.0000000E+000, 0.0000000E+000, 0.0000000E+000, 0.0000000E+000, 0.0000000E+000, 0.0000000E+000, 0.0000000E+000, 0.0000000E+000, 0.0000000E+000, 0.0000000E+000, 0.0000000E+000, 0.0000000E+000, 0.0000000E+000
-8.3967884E+001, 0.0000000E+000, 0.0000000E+000, 0.0000000E+000, 0.0000000E+000, 0.0000000E+000, 0.0000000E+000, 0.0000000E+000, 0.0000000E+000, 0.0000000E+000, 0.0000000E+000, 0.0000000E+000, 0.0000000E+000, 0.0000000E+000, 0.0000000E+000, 0.0000000E+000, 0.0000000E+000, 0.0000000E+000, 0.0000000E+000, 0.0000000E+000, 0.0000000E+000, 0.0000000E+000, 0.0000000E+000, 0.0000000E+000, 0.0000000E+000, 0.0000000E+000, 0.0000000E+000, 0.0000000E+000, 0.0000000E+000, 0.0000000E+000, 0.0000000E+000, 0.0000000E+000, 0.0000000E+000, 0.0000000E+000, 0.0000000E+000, 0.0000000E+000, 0.0000000E+000, 0.0000000E+000, 0.0000000E+000, 0.0000000E+000, 0.0000000E+000, 0.0000000E+000, 0.0000000E+000, 0.0000000E+000, 0.0000000E+000, 0.0000000E+000, 0.0000000E+000, 0.0000000E+000, 0.0000000E+000, 0.0000000E+000, 0.0000000E+000, 0.0000000E+000, 0.0000000E+000, 0.0000000E+000, 0.0000000E+000, 0.0000000E+000, 0.0000000E+000, 0.0000000E+000, 0.0000000E+000, 0.0000000E+000, 0.0000000E+000
-8.2958445E+001, 0.0000000E+000, 0.0000000E+000, 0.0000000E+000, 0.0000000E+000, 0.0000000E+000, 0.0000000E+000, 0.0000000E+000, 0.0000000E+000, 0.0000000E+000, 0.0000000E+000, 0.0000000E+000, 0.0000000E+000, 0.0000000E+000, 0.0000000E+000, 0.0000000E+000, 0.0000000E+000, 0.0000000E+000, 0.0000000E+000, 0.0000000E+000, 0.0000000E+000, 0.0000000E+000, 0.0000000E+000, 0.0000000E+000, 0.0000000E+000, 0.0000000E+000, 0.0000000E+000, 0.0000000E+000, 0.0000000E+000, 0.0000000E+000, 0.0000000E+000, 0.0000000E+000, 0.0000000E+000, 0.0000000E+000, 0.0000000E+000, 0.0000000E+000, 0.0000000E+000, 0.0000000E+000, 0.0000000E+000, 0.0000000E+000, 0.0000000E+000, 0.0000000E+000, 0.0000000E+000, 0.0000000E+000, 0.0000000E+000, 0.0000000E+000, 0.0000000E+000, 0.0000000E+000, 0.0000000E+000, 0.0000000E+000, 0.0000000E+000, 0.0000000E+000, 0.0000000E+000, 0.0000000E+000, 0.0000000E+000, 0.0000000E+000, 0.0000000E+000, 0.0000000E+000, 0.0000000E+000, 0.0000000E+000, 0.0000000E+000
-8.1974242E+001, 0.0000000E+000, 0.0000000E+000, 0.0000000E+000, 0.0000000E+000, 0.0000000E+000, 0.0000000E+000, 0.0000000E+000, 0.0000000E+000, 0.0000000E+000, 0.0000000E+000, 0.0000000E+000, 0.0000000E+000, 0.0000000E+000, 0.0000000E+000, 0.0000000E+000, 0.0000000E+000, 0.0000000E+000, 0.0000000E+000, 0.0000000E+000, 0.0000000E+000, 0.0000000E+000, 0.0000000E+000, 0.0000000E+000, 0.0000000E+000, 0.0000000E+000, 0.0000000E+000, 0.0000000E+000, 0.0000000E+000, 0.0000000E+000, 0.0000000E+000, 0.0000000E+000, 0.0000000E+000, 0.0000000E+000, 0.0000000E+000, 0.0000000E+000, 0.0000000E+000, 0.0000000E+000, 0.0000000E+000, 0.0000000E+000, 0.0000000E+000, 0.0000000E+000, 0.0000000E+000, 0.0000000E+000, 0.0000000E+000, 0.0000000E+000, 0.0000000E+000, 0.0000000E+000, 0.0000000E+000, 0.0000000E+000, 0.0000000E+000, 0.0000000E+000, 0.0000000E+000, 0.0000000E+000, 0.0000000E+000, 0.0000000E+000, 0.0000000E+000, 0.0000000E+000, 0.0000000E+000, 0.0000000E+000, 0.0000000E+000
-8.0977906E+001, 0.0000000E+000, 0.0000000E+000, 0.0000000E+000, 0.0000000E+000, 0.0000000E+000, 0.0000000E+000, 0.0000000E+000, 0.0000000E+000, 0.0000000E+000, 0.0000000E+000, 0.0000000E+000, 0.0000000E+000, 0.0000000E+000, 0.0000000E+000, 0.0000000E+000, 0.0000000E+000, 0.0000000E+000, 0.0000000E+000, 0.0000000E+000, 0.0000000E+000, 0.0000000E+000, 0.0000000E+000, 0.0000000E+000, 0.0000000E+000, 0.0000000E+000, 0.0000000E+000, 0.0000000E+000, 0.0000000E+000, 0.0000000E+000, 0.0000000E+000, 0.0000000E+000, 0.0000000E+000, 0.0000000E+000, 0.0000000E+000, 0.0000000E+000, 0.0000000E+000, 0.0000000E+000, 0.0000000E+000, 0.0000000E+000, 0.0000000E+000, 0.0000000E+000, 0.0000000E+000, 0.0000000E+000, 0.0000000E+000, 0.0000000E+000, 0.0000000E+000, 0.0000000E+000, 0.0000000E+000, 0.0000000E+000, 0.0000000E+000, 0.0000000E+000, 0.0000000E+000, 0.0000000E+000, 0.0000000E+000, 0.0000000E+000, 0.0000000E+000, 0.0000000E+000, 0.0000000E+000, 0.0000000E+000, 0.0000000E+000
-7.9981570E+001, 0.0000000E+000, 0.0000000E+000, 0.0000000E+000, 0.0000000E+000, 0.0000000E+000, 0.0000000E+000, 0.0000000E+000, 0.0000000E+000, 0.0000000E+000, 0.0000000E+000, 0.0000000E+000, 0.0000000E+000, 0.0000000E+000, 0.0000000E+000, 0.0000000E+000, 0.0000000E+000, 0.0000000E+000, 0.0000000E+000, 0.0000000E+000, 0.0000000E+000, 0.0000000E+000, 0.0000000E+000, 0.0000000E+000, 0.0000000E+000, 0.0000000E+000, 0.0000000E+000, 0.0000000E+000, 0.0000000E+000, 0.0000000E+000, 0.0000000E+000, 0.0000000E+000, 0.0000000E+000, 0.0000000E+000, 0.0000000E+000, 0.0000000E+000, 0.0000000E+000, 0.0000000E+000, 0.0000000E+000, 0.0000000E+000, 0.0000000E+000, 0.0000000E+000, 0.0000000E+000, 0.0000000E+000, 0.0000000E+000, 0.0000000E+000, 0.0000000E+000, 0.0000000E+000, 0.0000000E+000, 0.0000000E+000, 0.0000000E+000, 0.0000000E+000, 0.0000000E+000, 0.0000000E+000, 0.0000000E+000, 0.0000000E+000, 0.0000000E+000, 0.0000000E+000, 0.0000000E+000, 0.0000000E+000, 0.0000000E+000
-7.8935417E+001, 0.0000000E+000, 0.0000000E+000, 0.0000000E+000, 0.0000000E+000, 0.0000000E+000, 0.0000000E+000, 0.0000000E+000, 0.0000000E+000, 0.0000000E+000, 0.0000000E+000, 0.0000000E+000, 0.0000000E+000, 0.0000000E+000, 0.0000000E+000, 0.0000000E+000, 0.0000000E+000, 0.0000000E+000, 0.0000000E+000, 0.0000000E+000, 0.0000000E+000, 0.0000000E+000, 0.0000000E+000, 0.0000000E+000, 0.0000000E+000, 0.0000000E+000, 0.0000000E+000, 0.0000000E+000, 0.0000000E+000, 0.0000000E+000, 0.0000000E+000, 0.0000000E+000, 0.0000000E+000, 0.0000000E+000, 0.0000000E+000, 0.0000000E+000, 0.0000000E+000, 0.0000000E+000, 0.0000000E+000, 0.0000000E+000, 0.0000000E+000, 0.0000000E+000, 0.0000000E+000, 0.0000000E+000, 0.0000000E+000, 0.0000000E+000, 0.0000000E+000, 0.0000000E+000, 0.0000000E+000, 0.0000000E+000, 0.0000000E+000, 0.0000000E+000, 0.0000000E+000, 0.0000000E+000, 0.0000000E+000, 0.0000000E+000, 0.0000000E+000, 0.0000000E+000, 0.0000000E+000, 0.0000000E+000, 0.0000000E+000
-7.7930778E+001, 0.0000000E+000, 0.0000000E+000, 0.0000000E+000, 0.0000000E+000, 0.0000000E+000, 0.0000000E+000, 0.0000000E+000, 0.0000000E+000, 0.0000000E+000, 0.0000000E+000, 0.0000000E+000, 0.0000000E+000, 0.0000000E+000, 0.0000000E+000, 0.0000000E+000, 0.0000000E+000, 0.0000000E+000, 0.0000000E+000, 0.0000000E+000, 0.0000000E+000, 0.0000000E+000, 0.0000000E+000, 0.0000000E+000, 0.0000000E+000, 0.0000000E+000, 0.0000000E+000, 0.0000000E+000, 0.0000000E+000, 0.0000000E+000, 0.0000000E+000, 0.0000000E+000, 0.0000000E+000, 0.0000000E+000, 0.0000000E+000, 0.0000000E+000, 0.0000000E+000, 0.0000000E+000, 0.0000000E+000, 0.0000000E+000, 0.0000000E+000, 0.0000000E+000, 0.0000000E+000, 0.0000000E+000, 0.0000000E+000, 0.0000000E+000, 0.0000000E+000, 0.0000000E+000, 0.0000000E+000, 0.0000000E+000, 0.0000000E+000, 0.0000000E+000, 0.0000000E+000, 0.0000000E+000, 0.0000000E+000, 0.0000000E+000, 0.0000000E+000, 0.0000000E+000, 0.0000000E+000, 0.0000000E+000, 0.0000000E+000
-7.6978455E+001, 0.0000000E+000, 0.0000000E+000, 0.0000000E+000, 0.0000000E+000, 0.0000000E+000, 0.0000000E+000, 0.0000000E+000, 0.0000000E+000, 0.0000000E+000, 0.0000000E+000, 0.0000000E+000, 0.0000000E+000, 0.0000000E+000, 0.0000000E+000, 0.0000000E+000, 0.0000000E+000, 0.0000000E+000, 0.0000000E+000, 0.0000000E+000, 0.0000000E+000, 0.0000000E+000, 0.0000000E+000, 0.0000000E+000, 0.0000000E+000, 0.0000000E+000, 0.0000000E+000, 0.0000000E+000, 0.0000000E+000, 0.0000000E+000, 0.0000000E+000, 0.0000000E+000, 0.0000000E+000, 0.0000000E+000, 0.0000000E+000, 0.0000000E+000, 0.0000000E+000, 0.0000000E+000, 0.0000000E+000, 0.0000000E+000, 0.0000000E+000, 0.0000000E+000, 0.0000000E+000, 0.0000000E+000, 0.0000000E+000, 0.0000000E+000, 0.0000000E+000, 0.0000000E+000, 0.0000000E+000, 0.0000000E+000, 0.0000000E+000, 0.0000000E+000, 0.0000000E+000, 0.0000000E+000, 0.0000000E+000, 0.0000000E+000, 0.0000000E+000, 0.0000000E+000, 0.0000000E+000, 0.0000000E+000, 0.0000000E+000
-7.5967049E+001, 0.0000000E+000, 0.0000000E+000, 0.0000000E+000, 0.0000000E+000, 0.0000000E+000, 0.0000000E+000, 0.0000000E+000, 0.0000000E+000, 0.0000000E+000, 0.0000000E+000, 0.0000000E+000, 0.0000000E+000, 0.0000000E+000, 0.0000000E+000, 0.0000000E+000, 0.0000000E+000, 0.0000000E+000, 0.0000000E+000, 0.0000000E+000, 0.0000000E+000, 0.0000000E+000, 0.0000000E+000, 0.0000000E+000, 0.0000000E+000, 0.0000000E+000, 0.0000000E+000, 0.0000000E+000, 0.0000000E+000, 0.0000000E+000, 0.0000000E+000, 0.0000000E+000, 0.0000000E+000, 0.0000000E+000, 0.0000000E+000, 0.0000000E+000, 0.0000000E+000, 0.0000000E+000, 0.0000000E+000, 0.0000000E+000, 0.0000000E+000, 0.0000000E+000, 0.0000000E+000, 0.0000000E+000, 0.0000000E+000, 0.0000000E+000, 0.0000000E+000, 0.0000000E+000, 0.0000000E+000, 0.0000000E+000, 0.0000000E+000, 0.0000000E+000, 0.0000000E+000, 0.0000000E+000, 0.0000000E+000, 0.0000000E+000, 0.0000000E+000, 0.0000000E+000, 0.0000000E+000, 0.0000000E+000, 0.0000000E+000
-7.4953995E+001, 0.0000000E+000, 0.0000000E+000, 0.0000000E+000, 0.0000000E+000, 0.0000000E+000, 0.0000000E+000, 0.0000000E+000, 0.0000000E+000, 0.0000000E+000, 0.0000000E+000, 0.0000000E+000, 0.0000000E+000, 0.0000000E+000, 0.0000000E+000, 0.0000000E+000, 0.0000000E+000, 0.0000000E+000, 0.0000000E+000, 0.0000000E+000, 0.0000000E+000, 0.0000000E+000, 0.0000000E+000, 0.0000000E+000, 0.0000000E+000, 0.0000000E+000, 0.0000000E+000, 0.0000000E+000, 0.0000000E+000, 0.0000000E+000, 0.0000000E+000, 0.0000000E+000, 0.0000000E+000, 0.0000000E+000, 0.0000000E+000, 0.0000000E+000, 0.0000000E+000, 0.0000000E+000, 0.0000000E+000, 0.0000000E+000, 0.0000000E+000, 0.0000000E+000, 0.0000000E+000, 0.0000000E+000, 0.0000000E+000, 0.0000000E+000, 0.0000000E+000, 0.0000000E+000, 0.0000000E+000, 0.0000000E+000, 0.0000000E+000, 0.0000000E+000, 0.0000000E+000, 0.0000000E+000, 0.0000000E+000, 0.0000000E+000, 0.0000000E+000, 0.0000000E+000, 0.0000000E+000, 0.0000000E+000, 0.0000000E+000
-7.3959341E+001, 0.0000000E+000, 0.0000000E+000, 0.0000000E+000, 0.0000000E+000, 0.0000000E+000, 0.0000000E+000, 0.0000000E+000, 0.0000000E+000, 0.0000000E+000, 0.0000000E+000, 0.0000000E+000, 0.0000000E+000, 0.0000000E+000, 0.0000000E+000, 0.0000000E+000, 0.0000000E+000, 0.0000000E+000, 0.0000000E+000, 0.0000000E+000, 0.0000000E+000, 0.0000000E+000, 0.0000000E+000, 0.0000000E+000, 0.0000000E+000, 0.0000000E+000, 0.0000000E+000, 0.0000000E+000, 0.0000000E+000, 0.0000000E+000, 0.0000000E+000, 0.0000000E+000, 0.0000000E+000, 0.0000000E+000, 0.0000000E+000, 0.0000000E+000, 0.0000000E+000, 0.0000000E+000, 0.0000000E+000, 0.0000000E+000, 0.0000000E+000, 0.0000000E+000, 0.0000000E+000, 0.0000000E+000, 0.0000000E+000, 0.0000000E+000, 0.0000000E+000, 0.0000000E+000, 0.0000000E+000, 0.0000000E+000, 0.0000000E+000, 0.0000000E+000, 0.0000000E+000, 0.0000000E+000, 0.0000000E+000, 0.0000000E+000, 0.0000000E+000, 0.0000000E+000, 0.0000000E+000, 0.0000000E+000, 0.0000000E+000
-7.2955505E+001, 0.0000000E+000, 0.0000000E+000, 0.0000000E+000, 0.0000000E+000, 0.0000000E+000, 0.0000000E+000, 0.0000000E+000, 0.0000000E+000, 0.0000000E+000, 0.0000000E+000, 0.0000000E+000, 0.0000000E+000, 0.0000000E+000, 0.0000000E+000, 0.0000000E+000, 0.0000000E+000, 0.0000000E+000, 0.0000000E+000, 0.0000000E+000, 0.0000000E+000, 0.0000000E+000, 0.0000000E+000, 0.0000000E+000, 0.0000000E+000, 0.0000000E+000, 0.0000000E+000, 0.0000000E+000, 0.0000000E+000, 0.0000000E+000, 0.0000000E+000, 0.0000000E+000, 0.0000000E+000, 0.0000000E+000, 0.0000000E+000, 0.0000000E+000, 0.0000000E+000, 0.0000000E+000, 0.0000000E+000, 0.0000000E+000, 0.0000000E+000, 0.0000000E+000, 0.0000000E+000, 0.0000000E+000, 0.0000000E+000, 0.0000000E+000, 0.0000000E+000, 0.0000000E+000, 0.0000000E+000, 0.0000000E+000, 0.0000000E+000, 0.0000000E+000, 0.0000000E+000, 0.0000000E+000, 0.0000000E+000, 0.0000000E+000, 0.0000000E+000, 0.0000000E+000, 0.0000000E+000, 0.0000000E+000, 0.0000000E+000
-7.1937132E+001, 0.0000000E+000, 0.0000000E+000, 0.0000000E+000, 0.0000000E+000, 0.0000000E+000, 0.0000000E+000, 0.0000000E+000, 0.0000000E+000, 0.0000000E+000, 0.0000000E+000, 0.0000000E+000, 0.0000000E+000, 0.0000000E+000, 0.0000000E+000, 0.0000000E+000, 0.0000000E+000, 0.0000000E+000, 0.0000000E+000, 0.0000000E+000, 0.0000000E+000, 0.0000000E+000, 0.0000000E+000, 0.0000000E+000, 0.0000000E+000, 0.0000000E+000, 0.0000000E+000, 0.0000000E+000, 0.0000000E+000, 0.0000000E+000, 0.0000000E+000, 0.0000000E+000, 0.0000000E+000, 0.0000000E+000, 0.0000000E+000, 0.0000000E+000, 0.0000000E+000, 0.0000000E+000, 0.0000000E+000, 0.0000000E+000, 0.0000000E+000, 0.0000000E+000, 0.0000000E+000, 0.0000000E+000, 0.0000000E+000, 0.0000000E+000, 0.0000000E+000, 0.0000000E+000, 0.0000000E+000, 0.0000000E+000, 0.0000000E+000, 0.0000000E+000, 0.0000000E+000, 0.0000000E+000, 0.0000000E+000, 0.0000000E+000, 0.0000000E+000, 0.0000000E+000, 0.0000000E+000, 0.0000000E+000, 0.0000000E+000
-7.0918759E+001, 0.0000000E+000, 0.0000000E+000, 0.0000000E+000, 0.0000000E+000, 0.0000000E+000, 0.0000000E+000, 0.0000000E+000, 0.0000000E+000, 0.0000000E+000, 0.0000000E+000, 0.0000000E+000, 0.0000000E+000, 0.0000000E+000, 0.0000000E+000, 0.0000000E+000, 0.0000000E+000, 0.0000000E+000, 0.0000000E+000, 0.0000000E+000, 0.0000000E+000, 0.0000000E+000, 0.0000000E+000, 0.0000000E+000, 0.0000000E+000, 0.0000000E+000, 0.0000000E+000, 0.0000000E+000, 0.0000000E+000, 0.0000000E+000, 0.0000000E+000, 0.0000000E+000, 0.0000000E+000, 0.0000000E+000, 0.0000000E+000, 0.0000000E+000, 0.0000000E+000, 0.0000000E+000, 0.0000000E+000, 0.0000000E+000, 0.0000000E+000, 0.0000000E+000, 0.0000000E+000, 0.0000000E+000, 0.0000000E+000, 0.0000000E+000, 0.0000000E+000, 0.0000000E+000, 0.0000000E+000, 0.0000000E+000, 0.0000000E+000, 0.0000000E+000, 0.0000000E+000, 0.0000000E+000, 0.0000000E+000, 0.0000000E+000, 0.0000000E+000, 0.0000000E+000, 0.0000000E+000, 0.0000000E+000, 0.0000000E+000
-6.9992965E+001, 0.0000000E+000, 0.0000000E+000, 0.0000000E+000, 0.0000000E+000, 0.0000000E+000, 0.0000000E+000, 0.0000000E+000, 0.0000000E+000, 0.0000000E+000, 0.0000000E+000, 0.0000000E+000, 0.0000000E+000, 0.0000000E+000, 0.0000000E+000, 0.0000000E+000, 0.0000000E+000, 0.0000000E+000, 0.0000000E+000, 0.0000000E+000, 0.0000000E+000, 0.0000000E+000, 0.0000000E+000, 0.0000000E+000, 0.0000000E+000, 0.0000000E+000, 0.0000000E+000, 0.0000000E+000, 0.0000000E+000, 0.0000000E+000, 0.0000000E+000, 0.0000000E+000, 0.0000000E+000, 0.0000000E+000, 0.0000000E+000, 0.0000000E+000, 0.0000000E+000, 0.0000000E+000, 0.0000000E+000, 0.0000000E+000, 0.0000000E+000, 0.0000000E+000, 0.0000000E+000, 0.0000000E+000, 0.0000000E+000, 0.0000000E+000, 0.0000000E+000, 0.0000000E+000, 0.0000000E+000, 0.0000000E+000, 0.0000000E+000, 0.0000000E+000, 0.0000000E+000, 0.0000000E+000, 0.0000000E+000, 0.0000000E+000, 0.0000000E+000, 0.0000000E+000, 0.0000000E+000, 0.0000000E+000, 0.0000000E+000
-6.8974592E+001, 0.0000000E+000, 0.0000000E+000, 0.0000000E+000, 0.0000000E+000, 0.0000000E+000, 0.0000000E+000, 0.0000000E+000, 0.0000000E+000, 0.0000000E+000, 0.0000000E+000, 0.0000000E+000, 0.0000000E+000, 0.0000000E+000, 0.0000000E+000, 0.0000000E+000, 0.0000000E+000, 0.0000000E+000, 0.0000000E+000, 0.0000000E+000, 0.0000000E+000, 0.0000000E+000, 0.0000000E+000, 0.0000000E+000, 0.0000000E+000, 0.0000000E+000, 0.0000000E+000, 0.0000000E+000, 0.0000000E+000, 0.0000000E+000, 0.0000000E+000, 0.0000000E+000, 0.0000000E+000, 0.0000000E+000, 0.0000000E+000, 0.0000000E+000, 0.0000000E+000, 0.0000000E+000, 0.0000000E+000, 0.0000000E+000, 0.0000000E+000, 0.0000000E+000, 0.0000000E+000, 0.0000000E+000, 0.0000000E+000, 0.0000000E+000, 0.0000000E+000, 0.0000000E+000, 0.0000000E+000, 0.0000000E+000, 0.0000000E+000, 0.0000000E+000, 0.0000000E+000, 0.0000000E+000, 0.0000000E+000, 0.0000000E+000, 0.0000000E+000, 0.0000000E+000, 0.0000000E+000, 0.0000000E+000, 0.0000000E+000
-6.7983993E+001, 0.0000000E+000, 0.0000000E+000, 0.0000000E+000, 0.0000000E+000, 0.0000000E+000, 0.0000000E+000, 0.0000000E+000, 0.0000000E+000, 0.0000000E+000, 0.0000000E+000, 0.0000000E+000, 0.0000000E+000, 0.0000000E+000, 0.0000000E+000, 0.0000000E+000, 0.0000000E+000, 0.0000000E+000, 0.0000000E+000, 0.0000000E+000, 0.0000000E+000, 0.0000000E+000, 0.0000000E+000, 0.0000000E+000, 0.0000000E+000, 0.0000000E+000, 0.0000000E+000, 0.0000000E+000, 0.0000000E+000, 0.0000000E+000, 0.0000000E+000, 0.0000000E+000, 0.0000000E+000, 0.0000000E+000, 0.0000000E+000, 0.0000000E+000, 0.0000000E+000, 0.0000000E+000, 0.0000000E+000, 0.0000000E+000, 0.0000000E+000, 0.0000000E+000, 0.0000000E+000, 0.0000000E+000, 0.0000000E+000, 0.0000000E+000, 0.0000000E+000, 0.0000000E+000, 0.0000000E+000, 0.0000000E+000, 0.0000000E+000, 0.0000000E+000, 0.0000000E+000, 0.0000000E+000, 0.0000000E+000, 0.0000000E+000, 0.0000000E+000, 0.0000000E+000, 0.0000000E+000, 0.0000000E+000, 0.0000000E+000
-6.6986633E+001, 0.0000000E+000, 0.0000000E+000, 0.0000000E+000, 0.0000000E+000, 0.0000000E+000, 0.0000000E+000, 0.0000000E+000, 0.0000000E+000, 0.0000000E+000, 0.0000000E+000, 0.0000000E+000, 0.0000000E+000, 0.0000000E+000, 0.0000000E+000, 0.0000000E+000, 0.0000000E+000, 0.0000000E+000, 0.0000000E+000, 0.0000000E+000, 0.0000000E+000, 0.0000000E+000, 0.0000000E+000, 0.0000000E+000, 0.0000000E+000, 0.0000000E+000, 0.0000000E+000, 0.0000000E+000, 0.0000000E+000, 0.0000000E+000, 0.0000000E+000, 0.0000000E+000, 0.0000000E+000, 0.0000000E+000, 0.0000000E+000, 0.0000000E+000, 0.0000000E+000, 0.0000000E+000, 0.0000000E+000, 0.0000000E+000, 0.0000000E+000, 0.0000000E+000, 0.0000000E+000, 0.0000000E+000, 0.0000000E+000, 0.0000000E+000, 0.0000000E+000, 0.0000000E+000, 0.0000000E+000, 0.0000000E+000, 0.0000000E+000, 0.0000000E+000, 0.0000000E+000, 0.0000000E+000, 0.0000000E+000, 0.0000000E+000, 0.0000000E+000, 0.0000000E+000, 0.0000000E+000, 0.0000000E+000, 0.0000000E+000
-6.5912005E+001, 0.0000000E+000, 0.0000000E+000, 0.0000000E+000, 0.0000000E+000, 0.0000000E+000, 0.0000000E+000, 0.0000000E+000, 0.0000000E+000, 0.0000000E+000, 0.0000000E+000, 0.0000000E+000, 0.0000000E+000, 0.0000000E+000, 0.0000000E+000, 0.0000000E+000, 0.0000000E+000, 0.0000000E+000, 0.0000000E+000, 0.0000000E+000, 0.0000000E+000, 0.0000000E+000, 0.0000000E+000, 0.0000000E+000, 0.0000000E+000, 0.0000000E+000, 0.0000000E+000, 0.0000000E+000, 0.0000000E+000, 0.0000000E+000, 0.0000000E+000, 0.0000000E+000, 0.0000000E+000, 0.0000000E+000, 0.0000000E+000, 0.0000000E+000, 0.0000000E+000, 0.0000000E+000, 0.0000000E+000, 0.0000000E+000, 0.0000000E+000, 0.0000000E+000, 0.0000000E+000, 0.0000000E+000, 0.0000000E+000, 0.0000000E+000, 0.0000000E+000, 0.0000000E+000, 0.0000000E+000, 0.0000000E+000, 0.0000000E+000, 0.0000000E+000, 0.0000000E+000, 0.0000000E+000, 0.0000000E+000, 0.0000000E+000, 0.0000000E+000, 0.0000000E+000, 0.0000000E+000, 0.0000000E+000, 0.0000000E+000
-6.4926930E+001, 0.0000000E+000, 0.0000000E+000, 0.0000000E+000, 0.0000000E+000, 0.0000000E+000, 0.0000000E+000, 0.0000000E+000, 0.0000000E+000, 0.0000000E+000, 0.0000000E+000, 0.0000000E+000, 0.0000000E+000, 0.0000000E+000, 0.0000000E+000, 0.0000000E+000, 0.0000000E+000, 0.0000000E+000, 0.0000000E+000, 0.0000000E+000, 0.0000000E+000, 0.0000000E+000, 0.0000000E+000, 0.0000000E+000, 0.0000000E+000, 0.0000000E+000, 0.0000000E+000, 0.0000000E+000, 0.0000000E+000, 0.0000000E+000, 0.0000000E+000, 0.0000000E+000, 0.0000000E+000, 0.0000000E+000, 0.0000000E+000, 0.0000000E+000, 0.0000000E+000, 0.0000000E+000, 0.0000000E+000, 0.0000000E+000, 0.0000000E+000, 0.0000000E+000, 0.0000000E+000, 0.0000000E+000, 0.0000000E+000, 0.0000000E+000, 0.0000000E+000, 0.0000000E+000, 0.0000000E+000, 0.0000000E+000, 0.0000000E+000, 0.0000000E+000, 0.0000000E+000, 0.0000000E+000, 0.0000000E+000, 0.0000000E+000, 0.0000000E+000, 0.0000000E+000, 0.0000000E+000, 0.0000000E+000, 0.0000000E+000
-6.3941854E+001, 0.0000000E+000, 0.0000000E+000, 0.0000000E+000, 0.0000000E+000, 0.0000000E+000, 0.0000000E+000, 0.0000000E+000, 0.0000000E+000, 0.0000000E+000, 0.0000000E+000, 0.0000000E+000, 0.0000000E+000, 0.0000000E+000, 0.0000000E+000, 0.0000000E+000, 0.0000000E+000, 0.0000000E+000, 0.0000000E+000, 0.0000000E+000, 0.0000000E+000, 0.0000000E+000, 0.0000000E+000, 0.0000000E+000, 0.0000000E+000, 0.0000000E+000, 0.0000000E+000, 0.0000000E+000, 0.0000000E+000, 0.0000000E+000, 0.0000000E+000, 0.0000000E+000, 0.0000000E+000, 0.0000000E+000, 0.0000000E+000, 0.0000000E+000, 0.0000000E+000, 0.0000000E+000, 0.0000000E+000, 0.0000000E+000, 0.0000000E+000, 0.0000000E+000, 0.0000000E+000, 0.0000000E+000, 0.0000000E+000, 0.0000000E+000, 0.0000000E+000, 0.0000000E+000, 0.0000000E+000, 0.0000000E+000, 0.0000000E+000, 0.0000000E+000, 0.0000000E+000, 0.0000000E+000, 0.0000000E+000, 0.0000000E+000, 0.0000000E+000, 0.0000000E+000, 0.0000000E+000, 0.0000000E+000, 0.0000000E+000
-6.2943854E+001, 0.0000000E+000, 0.0000000E+000, 0.0000000E+000, 0.0000000E+000, 0.0000000E+000, 0.0000000E+000, 0.0000000E+000, 0.0000000E+000, 0.0000000E+000, 0.0000000E+000, 0.0000000E+000, 0.0000000E+000, 0.0000000E+000, 0.0000000E+000, 0.0000000E+000, 0.0000000E+000, 0.0000000E+000, 0.0000000E+000, 0.0000000E+000, 0.0000000E+000, 0.0000000E+000, 0.0000000E+000, 0.0000000E+000, 0.0000000E+000, 0.0000000E+000, 0.0000000E+000, 0.0000000E+000, 0.0000000E+000, 0.0000000E+000, 0.0000000E+000, 0.0000000E+000, 0.0000000E+000, 0.0000000E+000, 0.0000000E+000, 0.0000000E+000, 0.0000000E+000, 0.0000000E+000, 0.0000000E+000, 0.0000000E+000, 0.0000000E+000, 0.0000000E+000, 0.0000000E+000, 0.0000000E+000, 0.0000000E+000, 0.0000000E+000, 0.0000000E+000, 0.0000000E+000, 0.0000000E+000, 0.0000000E+000, 0.0000000E+000, 0.0000000E+000, 0.0000000E+000, 0.0000000E+000, 0.0000000E+000, 0.0000000E+000, 0.0000000E+000, 0.0000000E+000, 0.0000000E+000, 0.0000000E+000, 0.0000000E+000
-6.1950936E+001, 0.0000000E+000, 0.0000000E+000, 0.0000000E+000, 0.0000000E+000, 0.0000000E+000, 0.0000000E+000, 0.0000000E+000, 0.0000000E+000, 0.0000000E+000, 0.0000000E+000, 0.0000000E+000, 0.0000000E+000, 0.0000000E+000, 0.0000000E+000, 0.0000000E+000, 0.0000000E+000, 0.0000000E+000, 0.0000000E+000, 0.0000000E+000, 0.0000000E+000, 0.0000000E+000, 0.0000000E+000, 0.0000000E+000, 0.0000000E+000, 0.0000000E+000, 0.0000000E+000, 0.0000000E+000, 0.0000000E+000, 0.0000000E+000, 0.0000000E+000, 0.0000000E+000, 0.0000000E+000, 0.0000000E+000, 0.0000000E+000, 0.0000000E+000, 0.0000000E+000, 0.0000000E+000, 0.0000000E+000, 0.0000000E+000, 0.0000000E+000, 0.0000000E+000, 0.0000000E+000, 0.0000000E+000, 0.0000000E+000, 0.0000000E+000, 0.0000000E+000, 0.0000000E+000, 0.0000000E+000, 0.0000000E+000, 0.0000000E+000, 0.0000000E+000, 0.0000000E+000, 0.0000000E+000, 0.0000000E+000, 0.0000000E+000, 0.0000000E+000, 0.0000000E+000, 0.0000000E+000, 0.0000000E+000, 0.0000000E+000
-6.0954035E+001, 0.0000000E+000, 0.0000000E+000, 0.0000000E+000, 0.0000000E+000, 0.0000000E+000, 0.0000000E+000, 0.0000000E+000, 0.0000000E+000, 0.0000000E+000, 0.0000000E+000, 0.0000000E+000, 0.0000000E+000, 0.0000000E+000, 0.0000000E+000, 0.0000000E+000, 0.0000000E+000, 0.0000000E+000, 0.0000000E+000, 0.0000000E+000, 0.0000000E+000, 0.0000000E+000, 0.0000000E+000, 0.0000000E+000, 0.0000000E+000, 0.0000000E+000, 0.0000000E+000, 0.0000000E+000, 0.0000000E+000, 0.0000000E+000, 0.0000000E+000, 0.0000000E+000, 0.0000000E+000, 0.0000000E+000, 0.0000000E+000, 0.0000000E+000, 0.0000000E+000, 0.0000000E+000, 0.0000000E+000, 0.0000000E+000, 0.0000000E+000, 0.0000000E+000, 0.0000000E+000, 0.0000000E+000, 0.0000000E+000, 0.0000000E+000, 0.0000000E+000, 0.0000000E+000, 0.0000000E+000, 0.0000000E+000, 0.0000000E+000, 0.0000000E+000, 0.0000000E+000, 0.0000000E+000, 0.0000000E+000, 0.0000000E+000, 0.0000000E+000, 0.0000000E+000, 0.0000000E+000, 0.0000000E+000, 0.0000000E+000
-5.9984095E+001, 0.0000000E+000, 0.0000000E+000, 0.0000000E+000, 0.0000000E+000, 0.0000000E+000, 0.0000000E+000, 0.0000000E+000, 0.0000000E+000, 0.0000000E+000, 0.0000000E+000, 0.0000000E+000, 0.0000000E+000, 0.0000000E+000, 0.0000000E+000, 0.0000000E+000, 0.0000000E+000, 0.0000000E+000, 0.0000000E+000, 0.0000000E+000, 0.0000000E+000, 0.0000000E+000, 0.0000000E+000, 0.0000000E+000, 0.0000000E+000, 0.0000000E+000, 0.0000000E+000, 0.0000000E+000, 0.0000000E+000, 0.0000000E+000, 0.0000000E+000, 0.0000000E+000, 0.0000000E+000, 0.0000000E+000, 0.0000000E+000, 0.0000000E+000, 0.0000000E+000, 0.0000000E+000, 0.0000000E+000, 0.0000000E+000, 0.0000000E+000, 0.0000000E+000, 0.0000000E+000, 0.0000000E+000, 0.0000000E+000, 0.0000000E+000, 0.0000000E+000, 0.0000000E+000, 0.0000000E+000, 0.0000000E+000, 0.0000000E+000, 0.0000000E+000, 0.0000000E+000, 0.0000000E+000, 0.0000000E+000, 0.0000000E+000, 0.0000000E+000, 0.0000000E+000, 0.0000000E+000, 0.0000000E+000, 0.0000000E+000
-5.8928643E+001, 0.0000000E+000, 0.0000000E+000, 0.0000000E+000, 0.0000000E+000, 0.0000000E+000, 0.0000000E+000, 0.0000000E+000, 0.0000000E+000, 0.0000000E+000, 0.0000000E+000, 0.0000000E+000, 0.0000000E+000, 0.0000000E+000, 0.0000000E+000, 0.0000000E+000, 0.0000000E+000, 0.0000000E+000, 0.0000000E+000, 0.0000000E+000, 0.0000000E+000, 0.0000000E+000, 0.0000000E+000, 0.0000000E+000, 0.0000000E+000, 0.0000000E+000, 0.0000000E+000, 0.0000000E+000, 0.0000000E+000, 0.0000000E+000, 0.0000000E+000, 0.0000000E+000, 0.0000000E+000, 0.0000000E+000, 0.0000000E+000, 0.0000000E+000, 0.0000000E+000, 0.0000000E+000, 0.0000000E+000, 0.0000000E+000, 0.0000000E+000, 0.0000000E+000, 0.0000000E+000, 0.0000000E+000, 0.0000000E+000, 0.0000000E+000, 0.0000000E+000, 0.0000000E+000, 0.0000000E+000, 0.0000000E+000, 0.0000000E+000, 0.0000000E+000, 0.0000000E+000, 0.0000000E+000, 0.0000000E+000, 0.0000000E+000, 0.0000000E+000, 0.0000000E+000, 0.0000000E+000, 0.0000000E+000, 0.0000000E+000
-5.7932325E+001, 0.0000000E+000, 0.0000000E+000, 0.0000000E+000, 0.0000000E+000, 0.0000000E+000, 0.0000000E+000, 0.0000000E+000, 0.0000000E+000, 0.0000000E+000, 0.0000000E+000, 0.0000000E+000, 0.0000000E+000, 0.0000000E+000, 0.0000000E+000, 0.0000000E+000, 0.0000000E+000, 0.0000000E+000, 0.0000000E+000, 0.0000000E+000, 0.0000000E+000, 0.0000000E+000, 0.0000000E+000, 0.0000000E+000, 0.0000000E+000, 0.0000000E+000, 0.0000000E+000, 0.0000000E+000, 0.0000000E+000, 0.0000000E+000, 0.0000000E+000, 0.0000000E+000, 0.0000000E+000, 0.0000000E+000, 0.0000000E+000, 0.0000000E+000, 0.0000000E+000, 0.0000000E+000, 0.0000000E+000, 0.0000000E+000, 0.0000000E+000, 0.0000000E+000, 0.0000000E+000, 0.0000000E+000, 0.0000000E+000, 0.0000000E+000, 0.0000000E+000, 0.0000000E+000, 0.0000000E+000, 0.0000000E+000, 0.0000000E+000, 0.0000000E+000, 0.0000000E+000, 0.0000000E+000, 0.0000000E+000, 0.0000000E+000, 0.0000000E+000, 0.0000000E+000, 0.0000000E+000, 0.0000000E+000, 0.0000000E+000
-5.6936008E+001, 0.0000000E+000, 0.0000000E+000, 0.0000000E+000, 0.0000000E+000, 0.0000000E+000, 0.0000000E+000, 0.0000000E+000, 0.0000000E+000, 0.0000000E+000, 0.0000000E+000, 0.0000000E+000, 0.0000000E+000, 0.0000000E+000, 0.0000000E+000, 0.0000000E+000, 0.0000000E+000, 0.0000000E+000, 0.0000000E+000, 0.0000000E+000, 0.0000000E+000, 0.0000000E+000, 0.0000000E+000, 0.0000000E+000, 0.0000000E+000, 0.0000000E+000, 0.0000000E+000, 0.0000000E+000, 0.0000000E+000, 0.0000000E+000, 0.0000000E+000, 0.0000000E+000, 0.0000000E+000, 0.0000000E+000, 0.0000000E+000, 0.0000000E+000, 0.0000000E+000, 0.0000000E+000, 0.0000000E+000, 0.0000000E+000, 0.0000000E+000, 0.0000000E+000, 0.0000000E+000, 0.0000000E+000, 0.0000000E+000, 0.0000000E+000, 0.0000000E+000, 0.0000000E+000, 0.0000000E+000, 0.0000000E+000, 0.0000000E+000, 0.0000000E+000, 0.0000000E+000, 0.0000000E+000, 0.0000000E+000, 0.0000000E+000, 0.0000000E+000, 0.0000000E+000, 0.0000000E+000, 0.0000000E+000, 0.0000000E+000
-5.5972809E+001, 0.0000000E+000, 0.0000000E+000, 0.0000000E+000, 0.0000000E+000, 0.0000000E+000, 0.0000000E+000, 0.0000000E+000, 0.0000000E+000, 0.0000000E+000, 0.0000000E+000, 0.0000000E+000, 0.0000000E+000, 0.0000000E+000, 0.0000000E+000, 0.0000000E+000, 0.0000000E+000, 0.0000000E+000, 0.0000000E+000, 0.0000000E+000, 0.0000000E+000, 0.0000000E+000, 0.0000000E+000, 0.0000000E+000, 0.0000000E+000, 0.0000000E+000, 0.0000000E+000, 0.0000000E+000, 0.0000000E+000, 0.0000000E+000, 0.0000000E+000, 0.0000000E+000, 0.0000000E+000, 0.0000000E+000, 0.0000000E+000, 0.0000000E+000, 0.0000000E+000, 0.0000000E+000, 0.0000000E+000, 0.0000000E+000, 0.0000000E+000, 0.0000000E+000, 0.0000000E+000, 0.0000000E+000, 0.0000000E+000, 0.0000000E+000, 0.0000000E+000, 0.0000000E+000, 0.0000000E+000, 0.0000000E+000, 0.0000000E+000, 0.0000000E+000, 0.0000000E+000, 0.0000000E+000, 0.0000000E+000, 0.0000000E+000, 0.0000000E+000, 0.0000000E+000, 0.0000000E+000, 0.0000000E+000, 0.0000000E+000
-5.4989197E+001, 0.0000000E+000, 0.0000000E+000, 0.0000000E+000, 0.0000000E+000, 0.0000000E+000, 0.0000000E+000, 0.0000000E+000, 0.0000000E+000, 0.0000000E+000, 0.0000000E+000, 0.0000000E+000, 0.0000000E+000, 0.0000000E+000, 0.0000000E+000, 0.0000000E+000, 0.0000000E+000, 0.0000000E+000, 0.0000000E+000, 0.0000000E+000, 0.0000000E+000, 0.0000000E+000, 0.0000000E+000, 0.0000000E+000, 0.0000000E+000, 0.0000000E+000, 0.0000000E+000, 0.0000000E+000, 0.0000000E+000, 0.0000000E+000, 0.0000000E+000, 0.0000000E+000, 0.0000000E+000, 0.0000000E+000, 0.0000000E+000, 0.0000000E+000, 0.0000000E+000, 0.0000000E+000, 0.0000000E+000, 0.0000000E+000, 0.0000000E+000, 0.0000000E+000, 0.0000000E+000, 0.0000000E+000, 0.0000000E+000, 0.0000000E+000, 0.0000000E+000, 0.0000000E+000, 0.0000000E+000, 0.0000000E+000, 0.0000000E+000, 0.0000000E+000, 0.0000000E+000, 0.0000000E+000, 0.0000000E+000, 0.0000000E+000, 0.0000000E+000, 0.0000000E+000, 0.0000000E+000, 0.0000000E+000, 0.0000000E+000
-5.3951419E+001, 0.0000000E+000, 0.0000000E+000, 0.0000000E+000, 0.0000000E+000, 0.0000000E+000, 0.0000000E+000, 0.0000000E+000, 0.0000000E+000, 0.0000000E+000, 0.0000000E+000, 0.0000000E+000, 0.0000000E+000, 0.0000000E+000, 0.0000000E+000, 0.0000000E+000, 0.0000000E+000, 0.0000000E+000, 0.0000000E+000, 0.0000000E+000, 0.0000000E+000, 0.0000000E+000, 0.0000000E+000, 0.0000000E+000, 0.0000000E+000, 0.0000000E+000, 0.0000000E+000, 0.0000000E+000, 0.0000000E+000, 0.0000000E+000, 0.0000000E+000, 0.0000000E+000, 0.0000000E+000, 0.0000000E+000, 0.0000000E+000, 0.0000000E+000, 0.0000000E+000, 0.0000000E+000, 0.0000000E+000, 0.0000000E+000, 0.0000000E+000, 0.0000000E+000, 0.0000000E+000, 0.0000000E+000, 0.0000000E+000, 0.0000000E+000, 0.0000000E+000, 0.0000000E+000, 0.0000000E+000, 0.0000000E+000, 0.0000000E+000, 0.0000000E+000, 0.0000000E+000, 0.0000000E+000, 0.0000000E+000, 0.0000000E+000, 0.0000000E+000, 0.0000000E+000, 0.0000000E+000, 0.0000000E+000, 0.0000000E+000
-5.2913641E+001, 0.0000000E+000, 0.0000000E+000, 0.0000000E+000, 0.0000000E+000, 0.0000000E+000, 0.0000000E+000, 0.0000000E+000, 0.0000000E+000, 0.0000000E+000, 0.0000000E+000, 0.0000000E+000, 0.0000000E+000, 0.0000000E+000, 0.0000000E+000, 0.0000000E+000, 0.0000000E+000, 0.0000000E+000, 0.0000000E+000, 0.0000000E+000, 0.0000000E+000, 0.0000000E+000, 0.0000000E+000, 0.0000000E+000, 0.0000000E+000, 0.0000000E+000, 0.0000000E+000, 0.0000000E+000, 0.0000000E+000, 0.0000000E+000, 0.0000000E+000, 0.0000000E+000, 0.0000000E+000, 0.0000000E+000, 0.0000000E+000, 0.0000000E+000, 0.0000000E+000, 0.0000000E+000, 0.0000000E+000, 0.0000000E+000, 0.0000000E+000, 0.0000000E+000, 0.0000000E+000, 0.0000000E+000, 0.0000000E+000, 0.0000000E+000, 0.0000000E+000, 0.0000000E+000, 0.0000000E+000, 0.0000000E+000, 0.0000000E+000, 0.0000000E+000, 0.0000000E+000, 0.0000000E+000, 0.0000000E+000, 0.0000000E+000, 0.0000000E+000, 0.0000000E+000, 0.0000000E+000, 0.0000000E+000, 0.0000000E+000
-5.1962344E+001, 0.0000000E+000, 0.0000000E+000, 0.0000000E+000, 0.0000000E+000, 0.0000000E+000, 0.0000000E+000, 0.0000000E+000, 0.0000000E+000, 0.0000000E+000, 0.0000000E+000, 0.0000000E+000, 0.0000000E+000, 0.0000000E+000, 0.0000000E+000, 0.0000000E+000, 0.0000000E+000, 0.0000000E+000, 0.0000000E+000, 0.0000000E+000, 0.0000000E+000, 0.0000000E+000, 0.0000000E+000, 0.0000000E+000, 0.0000000E+000, 0.0000000E+000, 0.0000000E+000, 0.0000000E+000, 0.0000000E+000, 0.0000000E+000, 0.0000000E+000, 0.0000000E+000, 0.0000000E+000, 0.0000000E+000, 0.0000000E+000, 0.0000000E+000, 0.0000000E+000, 0.0000000E+000, 0.0000000E+000, 0.0000000E+000, 0.0000000E+000, 0.0000000E+000, 0.0000000E+000, 0.0000000E+000, 0.0000000E+000, 0.0000000E+000, 0.0000000E+000, 0.0000000E+000, 0.0000000E+000, 0.0000000E+000, 0.0000000E+000, 0.0000000E+000, 0.0000000E+000, 0.0000000E+000, 0.0000000E+000, 0.0000000E+000, 0.0000000E+000, 0.0000000E+000, 0.0000000E+000, 0.0000000E+000, 0.0000000E+000
-5.0997081E+001, 0.0000000E+000, 0.0000000E+000, 0.0000000E+000, 0.0000000E+000, 0.0000000E+000, 0.0000000E+000, 0.0000000E+000, 0.0000000E+000, 0.0000000E+000, 0.0000000E+000, 0.0000000E+000, 0.0000000E+000, 0.0000000E+000, 0.0000000E+000, 0.0000000E+000, 0.0000000E+000, 0.0000000E+000, 0.0000000E+000, 0.0000000E+000, 0.0000000E+000, 0.0000000E+000, 0.0000000E+000, 0.0000000E+000, 0.0000000E+000, 0.0000000E+000, 0.0000000E+000, 0.0000000E+000, 0.0000000E+000, 0.0000000E+000, 0.0000000E+000, 0.0000000E+000, 0.0000000E+000, 0.0000000E+000, 0.0000000E+000, 0.0000000E+000, 0.0000000E+000, 0.0000000E+000, 0.0000000E+000, 0.0000000E+000, 0.0000000E+000, 0.0000000E+000, 0.0000000E+000, 0.0000000E+000, 0.0000000E+000, 0.0000000E+000, 0.0000000E+000, 0.0000000E+000, 0.0000000E+000, 0.0000000E+000, 0.0000000E+000, 0.0000000E+000, 0.0000000E+000, 0.0000000E+000, 0.0000000E+000, 0.0000000E+000, 0.0000000E+000, 0.0000000E+000, 0.0000000E+000, 0.0000000E+000, 0.0000000E+000
-4.9961159E+001, 0.0000000E+000, 0.0000000E+000, 0.0000000E+000, 0.0000000E+000, 0.0000000E+000, 0.0000000E+000, 0.0000000E+000, 0.0000000E+000, 0.0000000E+000, 0.0000000E+000, 0.0000000E+000, 0.0000000E+000, 0.0000000E+000, 0.0000000E+000, 0.0000000E+000, 0.0000000E+000, 0.0000000E+000, 0.0000000E+000, 0.0000000E+000, 0.0000000E+000, 0.0000000E+000, 0.0000000E+000, 0.0000000E+000, 0.0000000E+000, 0.0000000E+000, 0.0000000E+000, 0.0000000E+000, 0.0000000E+000, 0.0000000E+000, 0.0000000E+000, 0.0000000E+000, 0.0000000E+000, 0.0000000E+000, 0.0000000E+000, 0.0000000E+000, 0.0000000E+000, 0.0000000E+000, 0.0000000E+000, 0.0000000E+000, 0.0000000E+000, 0.0000000E+000, 0.0000000E+000, 0.0000000E+000, 0.0000000E+000, 0.0000000E+000, 0.0000000E+000, 0.0000000E+000, 0.0000000E+000, 0.0000000E+000, 0.0000000E+000, 0.0000000E+000, 0.0000000E+000, 0.0000000E+000, 0.0000000E+000, 0.0000000E+000, 0.0000000E+000, 0.0000000E+000, 0.0000000E+000, 0.0000000E+000, 0.0000000E+000
-4.8909816E+001, 0.0000000E+000, 0.0000000E+000, 0.0000000E+000, 0.0000000E+000, 0.0000000E+000, 0.0000000E+000, 0.0000000E+000, 0.0000000E+000, 0.0000000E+000, 0.0000000E+000, 0.0000000E+000, 0.0000000E+000, 0.0000000E+000, 0.0000000E+000, 0.0000000E+000, 0.0000000E+000, 0.0000000E+000, 0.0000000E+000, 0.0000000E+000, 0.0000000E+000, 0.0000000E+000, 0.0000000E+000, 0.0000000E+000, 0.0000000E+000, 0.0000000E+000, 0.0000000E+000, 0.0000000E+000, 0.0000000E+000, 0.0000000E+000, 0.0000000E+000, 0.0000000E+000, 0.0000000E+000, 0.0000000E+000, 0.0000000E+000, 0.0000000E+000, 0.0000000E+000, 0.0000000E+000, 0.0000000E+000, 0.0000000E+000, 0.0000000E+000, 0.0000000E+000, 0.0000000E+000, 0.0000000E+000, 0.0000000E+000, 0.0000000E+000, 0.0000000E+000, 0.0000000E+000, 0.0000000E+000, 0.0000000E+000, 0.0000000E+000, 0.0000000E+000, 0.0000000E+000, 0.0000000E+000, 0.0000000E+000, 0.0000000E+000, 0.0000000E+000, 0.0000000E+000, 0.0000000E+000, 0.0000000E+000, 0.0000000E+000
-4.7954050E+001, 0.0000000E+000, 0.0000000E+000, 0.0000000E+000, 0.0000000E+000, 0.0000000E+000, 0.0000000E+000, 0.0000000E+000, 0.0000000E+000, 0.0000000E+000, 0.0000000E+000, 0.0000000E+000, 0.0000000E+000, 0.0000000E+000, 0.0000000E+000, 0.0000000E+000, 0.0000000E+000, 0.0000000E+000, 0.0000000E+000, 0.0000000E+000, 0.0000000E+000, 0.0000000E+000, 0.0000000E+000, 0.0000000E+000, 0.0000000E+000, 0.0000000E+000, 0.0000000E+000, 0.0000000E+000, 0.0000000E+000, 0.0000000E+000, 0.0000000E+000, 0.0000000E+000, 0.0000000E+000, 0.0000000E+000, 0.0000000E+000, 0.0000000E+000, 0.0000000E+000, 0.0000000E+000, 0.0000000E+000, 0.0000000E+000, 0.0000000E+000, 0.0000000E+000, 0.0000000E+000, 0.0000000E+000, 0.0000000E+000, 0.0000000E+000, 0.0000000E+000, 0.0000000E+000, 0.0000000E+000, 0.0000000E+000, 0.0000000E+000, 0.0000000E+000, 0.0000000E+000, 0.0000000E+000, 0.0000000E+000, 0.0000000E+000, 0.0000000E+000, 0.0000000E+000, 0.0000000E+000, 0.0000000E+000, 0.0000000E+000
-4.6998283E+001, 0.0000000E+000, 0.0000000E+000, 0.0000000E+000, 0.0000000E+000, 0.0000000E+000, 0.0000000E+000, 0.0000000E+000, 0.0000000E+000, 0.0000000E+000, 0.0000000E+000, 0.0000000E+000, 0.0000000E+000, 0.0000000E+000, 0.0000000E+000, 0.0000000E+000, 0.0000000E+000, 0.0000000E+000, 0.0000000E+000, 0.0000000E+000, 0.0000000E+000, 0.0000000E+000, 0.0000000E+000, 0.0000000E+000, 0.0000000E+000, 0.0000000E+000, 0.0000000E+000, 0.0000000E+000, 0.0000000E+000, 0.0000000E+000, 0.0000000E+000, 0.0000000E+000, 0.0000000E+000, 0.0000000E+000, 0.0000000E+000, 0.0000000E+000, 0.0000000E+000, 0.0000000E+000, 0.0000000E+000, 0.0000000E+000, 0.0000000E+000, 0.0000000E+000, 0.0000000E+000, 0.0000000E+000, 0.0000000E+000, 0.0000000E+000, 0.0000000E+000, 0.0000000E+000, 0.0000000E+000, 0.0000000E+000, 0.0000000E+000, 0.0000000E+000, 0.0000000E+000, 0.0000000E+000, 0.0000000E+000, 0.0000000E+000, 0.0000000E+000, 0.0000000E+000, 0.0000000E+000, 0.0000000E+000, 0.0000000E+000
-4.5991395E+001, 0.0000000E+000, 0.0000000E+000, 0.0000000E+000, 0.0000000E+000, 0.0000000E+000, 0.0000000E+000, 0.0000000E+000, 0.0000000E+000, 0.0000000E+000, 0.0000000E+000, 0.0000000E+000, 0.0000000E+000, 0.0000000E+000, 0.0000000E+000, 0.0000000E+000, 0.0000000E+000, 0.0000000E+000, 0.0000000E+000, 0.0000000E+000, 0.0000000E+000, 0.0000000E+000, 0.0000000E+000, 0.0000000E+000, 0.0000000E+000, 0.0000000E+000, 0.0000000E+000, 0.0000000E+000, 0.0000000E+000, 0.0000000E+000, 0.0000000E+000, 0.0000000E+000, 0.0000000E+000, 0.0000000E+000, 0.0000000E+000, 0.0000000E+000, 0.0000000E+000, 0.0000000E+000, 0.0000000E+000, 0.0000000E+000, 0.0000000E+000, 0.0000000E+000, 0.0000000E+000, 0.0000000E+000, 0.0000000E+000, 0.0000000E+000, 0.0000000E+000, 0.0000000E+000, 0.0000000E+000, 0.0000000E+000, 0.0000000E+000, 0.0000000E+000, 0.0000000E+000, 0.0000000E+000, 0.0000000E+000, 0.0000000E+000, 0.0000000E+000, 0.0000000E+000, 0.0000000E+000, 0.0000000E+000, 0.0000000E+000
-4.4921438E+001, 0.0000000E+000, 0.0000000E+000, 0.0000000E+000, 0.0000000E+000, 0.0000000E+000, 0.0000000E+000, 0.0000000E+000, 0.0000000E+000, 0.0000000E+000, 0.0000000E+000, 0.0000000E+000, 0.0000000E+000, 0.0000000E+000, 0.0000000E+000, 0.0000000E+000, 0.0000000E+000, 0.0000000E+000, 0.0000000E+000, 0.0000000E+000, 0.0000000E+000, 0.0000000E+000, 0.0000000E+000, 0.0000000E+000, 0.0000000E+000, 0.0000000E+000, 0.0000000E+000, 0.0000000E+000, 0.0000000E+000, 0.0000000E+000, 0.0000000E+000, 0.0000000E+000, 0.0000000E+000, 0.0000000E+000, 0.0000000E+000, 0.0000000E+000, 0.0000000E+000, 0.0000000E+000, 0.0000000E+000, 0.0000000E+000, 0.0000000E+000, 0.0000000E+000, 0.0000000E+000, 0.0000000E+000, 0.0000000E+000, 0.0000000E+000, 0.0000000E+000, 0.0000000E+000, 0.0000000E+000, 0.0000000E+000, 0.0000000E+000, 0.0000000E+000, 0.0000000E+000, 0.0000000E+000, 0.0000000E+000, 0.0000000E+000, 0.0000000E+000, 0.0000000E+000, 0.0000000E+000, 0.0000000E+000, 0.0000000E+000
-4.3992265E+001, 0.0000000E+000, 0.0000000E+000, 0.0000000E+000, 0.0000000E+000, 0.0000000E+000, 0.0000000E+000, 0.0000000E+000, 0.0000000E+000, 0.0000000E+000, 0.0000000E+000, 0.0000000E+000, 0.0000000E+000, 0.0000000E+000, 0.0000000E+000, 0.0000000E+000, 0.0000000E+000, 0.0000000E+000, 0.0000000E+000, 0.0000000E+000, 0.0000000E+000, 0.0000000E+000, 0.0000000E+000, 0.0000000E+000, 0.0000000E+000, 0.0000000E+000, 0.0000000E+000, 0.0000000E+000, 0.0000000E+000, 0.0000000E+000, 0.0000000E+000, 0.0000000E+000, 0.0000000E+000, 0.0000000E+000, 0.0000000E+000, 0.0000000E+000, 0.0000000E+000, 0.0000000E+000, 0.0000000E+000, 0.0000000E+000, 0.0000000E+000, 0.0000000E+000, 0.0000000E+000, 0.0000000E+000, 0.0000000E+000, 0.0000000E+000, 0.0000000E+000, 0.0000000E+000, 0.0000000E+000, 0.0000000E+000, 0.0000000E+000, 0.0000000E+000, 0.0000000E+000, 0.0000000E+000, 0.0000000E+000, 0.0000000E+000, 0.0000000E+000, 0.0000000E+000, 0.0000000E+000, 0.0000000E+000, 0.0000000E+000
-4.2993482E+001, 0.0000000E+000, 0.0000000E+000, 0.0000000E+000, 0.0000000E+000, 0.0000000E+000, 0.0000000E+000, 0.0000000E+000, 0.0000000E+000, 0.0000000E+000, 0.0000000E+000, 0.0000000E+000, 0.0000000E+000, 0.0000000E+000, 0.0000000E+000, 0.0000000E+000, 0.0000000E+000, 0.0000000E+000, 0.0000000E+000, 0.0000000E+000, 0.0000000E+000, 0.0000000E+000, 0.0000000E+000, 0.0000000E+000, 0.0000000E+000, 0.0000000E+000, 0.0000000E+000, 0.0000000E+000, 0.0000000E+000, 0.0000000E+000, 0.0000000E+000, 0.0000000E+000, 0.0000000E+000, 0.0000000E+000, 0.0000000E+000, 0.0000000E+000, 0.0000000E+000, 0.0000000E+000, 0.0000000E+000, 0.0000000E+000, 0.0000000E+000, 0.0000000E+000, 0.0000000E+000, 0.0000000E+000, 0.0000000E+000, 0.0000000E+000, 0.0000000E+000, 0.0000000E+000, 0.0000000E+000, 0.0000000E+000, 0.0000000E+000, 0.0000000E+000, 0.0000000E+000, 0.0000000E+000, 0.0000000E+000, 0.0000000E+000, 0.0000000E+000, 0.0000000E+000, 0.0000000E+000, 0.0000000E+000, 0.0000000E+000
-4.1994698E+001, 0.0000000E+000, 0.0000000E+000, 0.0000000E+000, 0.0000000E+000, 0.0000000E+000, 0.0000000E+000, 0.0000000E+000, 0.0000000E+000, 0.0000000E+000, 0.0000000E+000, 0.0000000E+000, 0.0000000E+000, 0.0000000E+000, 0.0000000E+000, 0.0000000E+000, 0.0000000E+000, 0.0000000E+000, 0.0000000E+000, 0.0000000E+000, 0.0000000E+000, 0.0000000E+000, 0.0000000E+000, 0.0000000E+000, 0.0000000E+000, 0.0000000E+000, 0.0000000E+000, 0.0000000E+000, 0.0000000E+000, 0.0000000E+000, 0.0000000E+000, 0.0000000E+000, 0.0000000E+000, 0.0000000E+000, 0.0000000E+000, 0.0000000E+000, 0.0000000E+000, 0.0000000E+000, 0.0000000E+000, 0.0000000E+000, 0.0000000E+000, 0.0000000E+000, 0.0000000E+000, 0.0000000E+000, 0.0000000E+000, 0.0000000E+000, 0.0000000E+000, 0.0000000E+000, 0.0000000E+000, 0.0000000E+000, 0.0000000E+000, 0.0000000E+000, 0.0000000E+000, 0.0000000E+000, 0.0000000E+000, 0.0000000E+000, 0.0000000E+000, 0.0000000E+000, 0.0000000E+000, 0.0000000E+000, 0.0000000E+000
-4.0944901E+001, 0.0000000E+000, 0.0000000E+000, 0.0000000E+000, 0.0000000E+000, 0.0000000E+000, 0.0000000E+000, 0.0000000E+000, 0.0000000E+000, 0.0000000E+000, 0.0000000E+000, 0.0000000E+000, 0.0000000E+000, 0.0000000E+000, 0.0000000E+000, 0.0000000E+000, 0.0000000E+000, 0.0000000E+000, 0.0000000E+000, 0.0000000E+000, 0.0000000E+000, 0.0000000E+000, 0.0000000E+000, 0.0000000E+000, 0.0000000E+000, 0.0000000E+000, 0.0000000E+000, 0.0000000E+000, 0.0000000E+000, 0.0000000E+000, 0.0000000E+000, 0.0000000E+000, 0.0000000E+000, 0.0000000E+000, 0.0000000E+000, 0.0000000E+000, 0.0000000E+000, 0.0000000E+000, 0.0000000E+000, 0.0000000E+000, 0.0000000E+000, 0.0000000E+000, 0.0000000E+000, 0.0000000E+000, 0.0000000E+000, 0.0000000E+000, 0.0000000E+000, 0.0000000E+000, 0.0000000E+000, 0.0000000E+000, 0.0000000E+000, 0.0000000E+000, 0.0000000E+000, 0.0000000E+000, 0.0000000E+000, 0.0000000E+000, 0.0000000E+000, 0.0000000E+000, 0.0000000E+000, 0.0000000E+000, 0.0000000E+000
-3.9956067E+001, 0.0000000E+000, 0.0000000E+000, 0.0000000E+000, 0.0000000E+000, 0.0000000E+000, 0.0000000E+000, 0.0000000E+000, 0.0000000E+000, 0.0000000E+000, 0.0000000E+000, 0.0000000E+000, 0.0000000E+000, 0.0000000E+000, 0.0000000E+000, 0.0000000E+000, 0.0000000E+000, 0.0000000E+000, 0.0000000E+000, 0.0000000E+000, 0.0000000E+000, 0.0000000E+000, 0.0000000E+000, 0.0000000E+000, 0.0000000E+000, 0.0000000E+000, 0.0000000E+000, 0.0000000E+000, 0.0000000E+000, 0.0000000E+000, 0.0000000E+000, 0.0000000E+000, 0.0000000E+000, 0.0000000E+000, 0.0000000E+000, 0.0000000E+000, 0.0000000E+000, 0.0000000E+000, 0.0000000E+000, 0.0000000E+000, 0.0000000E+000, 0.0000000E+000, 0.0000000E+000, 0.0000000E+000, 0.0000000E+000, 0.0000000E+000, 0.0000000E+000, 0.0000000E+000, 0.0000000E+000, 0.0000000E+000, 0.0000000E+000, 0.0000000E+000, 0.0000000E+000, 0.0000000E+000, 0.0000000E+000, 0.0000000E+000, 0.0000000E+000, 0.0000000E+000, 0.0000000E+000, 0.0000000E+000, 0.0000000E+000
-3.8986397E+001, 0.0000000E+000, 0.0000000E+000, 0.0000000E+000, 0.0000000E+000, 0.0000000E+000, 0.0000000E+000, 0.0000000E+000, 0.0000000E+000, 0.0000000E+000, 0.0000000E+000, 0.0000000E+000, 0.0000000E+000, 0.0000000E+000, 0.0000000E+000, 0.0000000E+000, 0.0000000E+000, 0.0000000E+000, 0.0000000E+000, 0.0000000E+000, 0.0000000E+000, 0.0000000E+000, 0.0000000E+000, 0.0000000E+000, 0.0000000E+000, 0.0000000E+000, 0.0000000E+000, 0.0000000E+000, 0.0000000E+000, 0.0000000E+000, 0.0000000E+000, 0.0000000E+000, 0.0000000E+000, 0.0000000E+000, 0.0000000E+000, 0.0000000E+000, 0.0000000E+000, 0.0000000E+000, 0.0000000E+000, 0.0000000E+000, 0.0000000E+000, 0.0000000E+000, 0.0000000E+000, 0.0000000E+000, 0.0000000E+000, 0.0000000E+000, 0.0000000E+000, 0.0000000E+000, 0.0000000E+000, 0.0000000E+000, 0.0000000E+000, 0.0000000E+000, 0.0000000E+000, 0.0000000E+000, 0.0000000E+000, 0.0000000E+000, 0.0000000E+000, 0.0000000E+000, 0.0000000E+000, 0.0000000E+000, 0.0000000E+000
-3.7982664E+001, 0.0000000E+000, 0.0000000E+000, 0.0000000E+000, 0.0000000E+000, 0.0000000E+000, 0.0000000E+000, 0.0000000E+000, 0.0000000E+000, 0.0000000E+000, 0.0000000E+000, 0.0000000E+000, 0.0000000E+000, 0.0000000E+000, 0.0000000E+000, 0.0000000E+000, 0.0000000E+000, 0.0000000E+000, 0.0000000E+000, 0.0000000E+000, 0.0000000E+000, 0.0000000E+000, 0.0000000E+000, 0.0000000E+000, 0.0000000E+000, 0.0000000E+000, 0.0000000E+000, 0.0000000E+000, 0.0000000E+000, 0.0000000E+000, 0.0000000E+000, 0.0000000E+000, 0.0000000E+000, 0.0000000E+000, 0.0000000E+000, 0.0000000E+000, 0.0000000E+000, 0.0000000E+000, 0.0000000E+000, 0.0000000E+000, 0.0000000E+000, 0.0000000E+000, 0.0000000E+000, 0.0000000E+000, 0.0000000E+000, 0.0000000E+000, 0.0000000E+000, 0.0000000E+000, 0.0000000E+000, 0.0000000E+000, 0.0000000E+000, 0.0000000E+000, 0.0000000E+000, 0.0000000E+000, 0.0000000E+000, 0.0000000E+000, 0.0000000E+000, 0.0000000E+000, 0.0000000E+000, 0.0000000E+000, 0.0000000E+000
-3.6917198E+001, 0.0000000E+000, 0.0000000E+000, 0.0000000E+000, 0.0000000E+000, 0.0000000E+000, 0.0000000E+000, 0.0000000E+000, 0.0000000E+000, 0.0000000E+000, 0.0000000E+000, 0.0000000E+000, 0.0000000E+000, 0.0000000E+000, 0.0000000E+000, 0.0000000E+000, 0.0000000E+000, 0.0000000E+000, 0.0000000E+000, 0.0000000E+000, 0.0000000E+000, 0.0000000E+000, 0.0000000E+000, 0.0000000E+000, 0.0000000E+000, 0.0000000E+000, 0.0000000E+000, 0.0000000E+000, 0.0000000E+000, 0.0000000E+000, 0.0000000E+000, 0.0000000E+000, 0.0000000E+000, 0.0000000E+000, 0.0000000E+000, 0.0000000E+000, 0.0000000E+000, 0.0000000E+000, 0.0000000E+000, 0.0000000E+000, 0.0000000E+000, 0.0000000E+000, 0.0000000E+000, 0.0000000E+000, 0.0000000E+000, 0.0000000E+000, 0.0000000E+000, 0.0000000E+000, 0.0000000E+000, 0.0000000E+000, 0.0000000E+000, 0.0000000E+000, 0.0000000E+000, 0.0000000E+000, 0.0000000E+000, 0.0000000E+000, 0.0000000E+000, 0.0000000E+000, 0.0000000E+000, 0.0000000E+000, 0.0000000E+000
-3.5983736E+001, 0.0000000E+000, 0.0000000E+000, 0.0000000E+000, 0.0000000E+000, 0.0000000E+000, 0.0000000E+000, 0.0000000E+000, 0.0000000E+000, 0.0000000E+000, 0.0000000E+000, 0.0000000E+000, 0.0000000E+000, 0.0000000E+000, 0.0000000E+000, 0.0000000E+000, 0.0000000E+000, 0.0000000E+000, 0.0000000E+000, 0.0000000E+000, 0.0000000E+000, 0.0000000E+000, 0.0000000E+000, 0.0000000E+000, 0.0000000E+000, 0.0000000E+000, 0.0000000E+000, 0.0000000E+000, 0.0000000E+000, 0.0000000E+000, 0.0000000E+000, 0.0000000E+000, 0.0000000E+000, 0.0000000E+000, 0.0000000E+000, 0.0000000E+000, 0.0000000E+000, 0.0000000E+000, 0.0000000E+000, 0.0000000E+000, 0.0000000E+000, 0.0000000E+000, 0.0000000E+000, 0.0000000E+000, 0.0000000E+000, 0.0000000E+000, 0.0000000E+000, 0.0000000E+000, 0.0000000E+000, 0.0000000E+000, 0.0000000E+000, 0.0000000E+000, 0.0000000E+000, 0.0000000E+000, 0.0000000E+000, 0.0000000E+000, 0.0000000E+000, 0.0000000E+000, 0.0000000E+000, 0.0000000E+000, 0.0000000E+000
-3.4928671E+001, 0.0000000E+000, 0.0000000E+000, 0.0000000E+000, 0.0000000E+000, 0.0000000E+000, 0.0000000E+000, 0.0000000E+000, 0.0000000E+000, 0.0000000E+000, 0.0000000E+000, 0.0000000E+000, 0.0000000E+000, 0.0000000E+000, 0.0000000E+000, 0.0000000E+000, 0.0000000E+000, 0.0000000E+000, 0.0000000E+000, 0.0000000E+000, 0.0000000E+000, 0.0000000E+000, 0.0000000E+000, 0.0000000E+000, 0.0000000E+000, 0.0000000E+000, 0.0000000E+000, 0.0000000E+000, 0.0000000E+000, 0.0000000E+000, 0.0000000E+000, 0.0000000E+000, 0.0000000E+000, 0.0000000E+000, 0.0000000E+000, 0.0000000E+000, 0.0000000E+000, 0.0000000E+000, 0.0000000E+000, 0.0000000E+000, 0.0000000E+000, 0.0000000E+000, 0.0000000E+000, 0.0000000E+000, 0.0000000E+000, 0.0000000E+000, 0.0000000E+000, 0.0000000E+000, 0.0000000E+000, 0.0000000E+000, 0.0000000E+000, 0.0000000E+000, 0.0000000E+000, 0.0000000E+000, 0.0000000E+000, 0.0000000E+000, 0.0000000E+000, 0.0000000E+000, 0.0000000E+000, 0.0000000E+000, 0.0000000E+000
-3.3948688E+001, 0.0000000E+000, 0.0000000E+000, 0.0000000E+000, 0.0000000E+000, 0.0000000E+000, 0.0000000E+000, 0.0000000E+000, 0.0000000E+000, 0.0000000E+000, 0.0000000E+000, 0.0000000E+000, 0.0000000E+000, 0.0000000E+000, 0.0000000E+000, 0.0000000E+000, 0.0000000E+000, 0.0000000E+000, 0.0000000E+000, 0.0000000E+000, 0.0000000E+000, 0.0000000E+000, 0.0000000E+000, 0.0000000E+000, 0.0000000E+000, 0.0000000E+000, 0.0000000E+000, 0.0000000E+000, 0.0000000E+000, 0.0000000E+000, 0.0000000E+000, 0.0000000E+000, 0.0000000E+000, 0.0000000E+000, 0.0000000E+000, 0.0000000E+000, 0.0000000E+000, 0.0000000E+000, 0.0000000E+000, 0.0000000E+000, 0.0000000E+000, 0.0000000E+000, 0.0000000E+000, 0.0000000E+000, 0.0000000E+000, 0.0000000E+000, 0.0000000E+000, 0.0000000E+000, 0.0000000E+000, 0.0000000E+000, 0.0000000E+000, 0.0000000E+000, 0.0000000E+000, 0.0000000E+000, 0.0000000E+000, 0.0000000E+000, 0.0000000E+000, 0.0000000E+000, 0.0000000E+000, 0.0000000E+000, 0.0000000E+000
-3.2980509E+001, 0.0000000E+000, 0.0000000E+000, 0.0000000E+000, 0.0000000E+000, 0.0000000E+000, 0.0000000E+000, 0.0000000E+000, 0.0000000E+000, 0.0000000E+000, 0.0000000E+000, 0.0000000E+000, 0.0000000E+000, 0.0000000E+000, 0.0000000E+000, 0.0000000E+000, 0.0000000E+000, 0.0000000E+000, 0.0000000E+000, 0.0000000E+000, 0.0000000E+000, 0.0000000E+000, 0.0000000E+000, 0.0000000E+000, 0.0000000E+000, 0.0000000E+000, 0.0000000E+000, 0.0000000E+000, 0.0000000E+000, 0.0000000E+000, 0.0000000E+000, 0.0000000E+000, 0.0000000E+000, 0.0000000E+000, 0.0000000E+000, 0.0000000E+000, 0.0000000E+000, 0.0000000E+000, 0.0000000E+000, 0.0000000E+000, 0.0000000E+000, 0.0000000E+000, 0.0000000E+000, 0.0000000E+000, 0.0000000E+000, 0.0000000E+000, 0.0000000E+000, 0.0000000E+000, 0.0000000E+000, 0.0000000E+000, 0.0000000E+000, 0.0000000E+000, 0.0000000E+000, 0.0000000E+000, 0.0000000E+000, 0.0000000E+000, 0.0000000E+000, 0.0000000E+000, 0.0000000E+000, 0.0000000E+000, 0.0000000E+000
-3.1946531E+001, 0.0000000E+000, 0.0000000E+000, 0.0000000E+000, 0.0000000E+000, 0.0000000E+000, 0.0000000E+000, 0.0000000E+000, 0.0000000E+000, 0.0000000E+000, 0.0000000E+000, 0.0000000E+000, 0.0000000E+000, 0.0000000E+000, 0.0000000E+000, 0.0000000E+000, 0.0000000E+000, 0.0000000E+000, 0.0000000E+000, 0.0000000E+000, 0.0000000E+000, 0.0000000E+000, 0.0000000E+000, 0.0000000E+000, 0.0000000E+000, 0.0000000E+000, 0.0000000E+000, 0.0000000E+000, 0.0000000E+000, 0.0000000E+000, 0.0000000E+000, 0.0000000E+000, 0.0000000E+000, 0.0000000E+000, 0.0000000E+000, 0.0000000E+000, 0.0000000E+000, 0.0000000E+000, 0.0000000E+000, 0.0000000E+000, 0.0000000E+000, 0.0000000E+000, 0.0000000E+000, 0.0000000E+000, 0.0000000E+000, 0.0000000E+000, 0.0000000E+000, 0.0000000E+000, 0.0000000E+000, 0.0000000E+000, 0.0000000E+000, 0.0000000E+000, 0.0000000E+000, 0.0000000E+000, 0.0000000E+000, 0.0000000E+000, 0.0000000E+000, 0.0000000E+000, 0.0000000E+000, 0.0000000E+000, 0.0000000E+000
-3.0912554E+001, 0.0000000E+000, 0.0000000E+000, 0.0000000E+000, 0.0000000E+000, 0.0000000E+000, 0.0000000E+000, 0.0000000E+000, 0.0000000E+000, 0.0000000E+000, 0.0000000E+000, 0.0000000E+000, 0.0000000E+000, 0.0000000E+000, 0.0000000E+000, 0.0000000E+000, 0.0000000E+000, 0.0000000E+000, 0.0000000E+000, 0.0000000E+000, 0.0000000E+000, 0.0000000E+000, 0.0000000E+000, 0.0000000E+000, 0.0000000E+000, 0.0000000E+000, 0.0000000E+000, 0.0000000E+000, 0.0000000E+000, 0.0000000E+000, 0.0000000E+000, 0.0000000E+000, 0.0000000E+000, 0.0000000E+000, 0.0000000E+000, 0.0000000E+000, 0.0000000E+000, 0.0000000E+000, 0.0000000E+000, 0.0000000E+000, 0.0000000E+000, 0.0000000E+000, 0.0000000E+000, 0.0000000E+000, 0.0000000E+000, 0.0000000E+000, 0.0000000E+000, 0.0000000E+000, 0.0000000E+000, 0.0000000E+000, 0.0000000E+000, 0.0000000E+000, 0.0000000E+000, 0.0000000E+000, 0.0000000E+000, 0.0000000E+000, 0.0000000E+000, 0.0000000E+000, 0.0000000E+000, 0.0000000E+000, 0.0000000E+000
-2.9995204E+001, 0.0000000E+000, 0.0000000E+000, 0.0000000E+000, 0.0000000E+000, 0.0000000E+000, 0.0000000E+000, 0.0000000E+000, 0.0000000E+000, 0.0000000E+000, 0.0000000E+000, 0.0000000E+000, 0.0000000E+000, 0.0000000E+000, 0.0000000E+000, 0.0000000E+000, 0.0000000E+000, 0.0000000E+000, 0.0000000E+000, 0.0000000E+000, 0.0000000E+000, 0.0000000E+000, 0.0000000E+000, 0.0000000E+000, 0.0000000E+000, 0.0000000E+000, 0.0000000E+000, 0.0000000E+000, 0.0000000E+000, 0.0000000E+000, 0.0000000E+000, 0.0000000E+000, 0.0000000E+000, 0.0000000E+000, 0.0000000E+000, 0.0000000E+000, 0.0000000E+000, 0.0000000E+000, 0.0000000E+000, 0.0000000E+000, 0.0000000E+000, 0.0000000E+000, 0.0000000E+000, 0.0000000E+000, 0.0000000E+000, 0.0000000E+000, 0.0000000E+000, 0.0000000E+000, 0.0000000E+000, 0.0000000E+000, 0.0000000E+000, 0.0000000E+000, 0.0000000E+000, 0.0000000E+000, 0.0000000E+000, 0.0000000E+000, 0.0000000E+000, 0.0000000E+000, 0.0000000E+000, 0.0000000E+000, 0.0000000E+000
-2.8969205E+001, 0.0000000E+000, 0.0000000E+000, 0.0000000E+000, 0.0000000E+000, 0.0000000E+000, 0.0000000E+000, 0.0000000E+000, 0.0000000E+000, 0.0000000E+000, 0.0000000E+000, 0.0000000E+000, 0.0000000E+000, 0.0000000E+000, 0.0000000E+000, 0.0000000E+000, 0.0000000E+000, 0.0000000E+000, 0.0000000E+000, 0.0000000E+000, 0.0000000E+000, 0.0000000E+000, 0.0000000E+000, 0.0000000E+000, 0.0000000E+000, 0.0000000E+000, 0.0000000E+000, 0.0000000E+000, 0.0000000E+000, 0.0000000E+000, 0.0000000E+000, 0.0000000E+000, 0.0000000E+000, 0.0000000E+000, 0.0000000E+000, 0.0000000E+000, 0.0000000E+000, 0.0000000E+000, 0.0000000E+000, 0.0000000E+000, 0.0000000E+000, 0.0000000E+000, 0.0000000E+000, 0.0000000E+000, 0.0000000E+000, 0.0000000E+000, 0.0000000E+000, 0.0000000E+000, 0.0000000E+000, 0.0000000E+000, 0.0000000E+000, 0.0000000E+000, 0.0000000E+000, 0.0000000E+000, 0.0000000E+000, 0.0000000E+000, 0.0000000E+000, 0.0000000E+000, 0.0000000E+000, 0.0000000E+000, 0.0000000E+000
-2.7927819E+001, 0.0000000E+000, 0.0000000E+000, 0.0000000E+000, 0.0000000E+000, 0.0000000E+000, 0.0000000E+000, 0.0000000E+000, 0.0000000E+000, 0.0000000E+000, 0.0000000E+000, 0.0000000E+000, 0.0000000E+000, 0.0000000E+000, 0.0000000E+000, 0.0000000E+000, 0.0000000E+000, 0.0000000E+000, 0.0000000E+000, 0.0000000E+000, 0.0000000E+000, 0.0000000E+000, 0.0000000E+000, 0.0000000E+000, 0.0000000E+000, 0.0000000E+000, 0.0000000E+000, 0.0000000E+000, 0.0000000E+000, 0.0000000E+000, 0.0000000E+000, 0.0000000E+000, 0.0000000E+000, 0.0000000E+000, 0.0000000E+000, 0.0000000E+000, 0.0000000E+000, 0.0000000E+000, 0.0000000E+000, 0.0000000E+000, 0.0000000E+000, 0.0000000E+000, 0.0000000E+000, 0.0000000E+000, 0.0000000E+000, 0.0000000E+000, 0.0000000E+000, 0.0000000E+000, 0.0000000E+000, 0.0000000E+000, 0.0000000E+000, 0.0000000E+000, 0.0000000E+000, 0.0000000E+000, 0.0000000E+000, 0.0000000E+000, 0.0000000E+000, 0.0000000E+000, 0.0000000E+000, 0.0000000E+000, 0.0000000E+000
-2.6957035E+001, 0.0000000E+000, 0.0000000E+000, 0.0000000E+000, 0.0000000E+000, 0.0000000E+000, 0.0000000E+000, 0.0000000E+000, 0.0000000E+000, 0.0000000E+000, 0.0000000E+000, 0.0000000E+000, 0.0000000E+000, 0.0000000E+000, 0.0000000E+000, 0.0000000E+000, 0.0000000E+000, 0.0000000E+000, 0.0000000E+000, 0.0000000E+000, 0.0000000E+000, 0.0000000E+000, 0.0000000E+000, 0.0000000E+000, 0.0000000E+000, 0.0000000E+000, 0.0000000E+000, 0.0000000E+000, 0.0000000E+000, 0.0000000E+000, 0.0000000E+000, 0.0000000E+000, 0.0000000E+000, 0.0000000E+000, 0.0000000E+000, 0.0000000E+000, 0.0000000E+000, 0.0000000E+000, 0.0000000E+000, 0.0000000E+000, 0.0000000E+000, 0.0000000E+000, 0.0000000E+000, 0.0000000E+000, 0.0000000E+000, 0.0000000E+000, 0.0000000E+000, 0.0000000E+000, 0.0000000E+000, 0.0000000E+000, 0.0000000E+000, 0.0000000E+000, 0.0000000E+000, 0.0000000E+000, 0.0000000E+000, 0.0000000E+000, 0.0000000E+000, 0.0000000E+000, 0.0000000E+000, 0.0000000E+000, 0.0000000E+000
-2.5977851E+001, 0.0000000E+000, 0.0000000E+000, 0.0000000E+000, 0.0000000E+000, 0.0000000E+000, 0.0000000E+000, 0.0000000E+000, 0.0000000E+000, 0.0000000E+000, 0.0000000E+000, 0.0000000E+000, 0.0000000E+000, 0.0000000E+000, 0.0000000E+000, 0.0000000E+000, 0.0000000E+000, 0.0000000E+000, 0.0000000E+000, 0.0000000E+000, 0.0000000E+000, 0.0000000E+000, 0.0000000E+000, 0.0000000E+000, 0.0000000E+000, 0.0000000E+000, 0.0000000E+000, 0.0000000E+000, 0.0000000E+000, 0.0000000E+000, 0.0000000E+000, 0.0000000E+000, 0.0000000E+000, 0.0000000E+000, 0.0000000E+000, 0.0000000E+000, 0.0000000E+000, 0.0000000E+000, 0.0000000E+000, 0.0000000E+000, 0.0000000E+000, 0.0000000E+000, 0.0000000E+000, 0.0000000E+000, 0.0000000E+000, 0.0000000E+000, 0.0000000E+000, 0.0000000E+000, 0.0000000E+000, 0.0000000E+000, 0.0000000E+000, 0.0000000E+000, 0.0000000E+000, 0.0000000E+000, 0.0000000E+000, 0.0000000E+000, 0.0000000E+000, 0.0000000E+000, 0.0000000E+000, 0.0000000E+000, 0.0000000E+000
-2.4962916E+001, 0.0000000E+000, 0.0000000E+000, 0.0000000E+000, 0.0000000E+000, 0.0000000E+000, 0.0000000E+000, 0.0000000E+000, 0.0000000E+000, 0.0000000E+000, 0.0000000E+000, 0.0000000E+000, 0.0000000E+000, 0.0000000E+000, 0.0000000E+000, 0.0000000E+000, 0.0000000E+000, 0.0000000E+000, 0.0000000E+000, 0.0000000E+000, 0.0000000E+000, 0.0000000E+000, 0.0000000E+000, 0.0000000E+000, 0.0000000E+000, 0.0000000E+000, 0.0000000E+000, 0.0000000E+000, 0.0000000E+000, 0.0000000E+000, 0.0000000E+000, 0.0000000E+000, 0.0000000E+000, 0.0000000E+000, 0.0000000E+000, 0.0000000E+000, 0.0000000E+000, 0.0000000E+000, 0.0000000E+000, 0.0000000E+000, 0.0000000E+000, 0.0000000E+000, 0.0000000E+000, 0.0000000E+000, 0.0000000E+000, 0.0000000E+000, 0.0000000E+000, 0.0000000E+000, 0.0000000E+000, 0.0000000E+000, 0.0000000E+000, 0.0000000E+000, 0.0000000E+000, 0.0000000E+000, 0.0000000E+000, 0.0000000E+000, 0.0000000E+000, 0.0000000E+000, 0.0000000E+000, 0.0000000E+000, 0.0000000E+000
-2.3963299E+001, 0.0000000E+000, 0.0000000E+000, 0.0000000E+000, 0.0000000E+000, 0.0000000E+000, 0.0000000E+000, 0.0000000E+000, 0.0000000E+000, 0.0000000E+000, 0.0000000E+000, 0.0000000E+000, 0.0000000E+000, 0.0000000E+000, 0.0000000E+000, 0.0000000E+000, 0.0000000E+000, 0.0000000E+000, 0.0000000E+000, 0.0000000E+000, 0.0000000E+000, 0.0000000E+000, 0.0000000E+000, 0.0000000E+000, 0.0000000E+000, 0.0000000E+000, 0.0000000E+000, 0.0000000E+000, 0.0000000E+000, 0.0000000E+000, 0.0000000E+000, 0.0000000E+000, 0.0000000E+000, 0.0000000E+000, 0.0000000E+000, 0.0000000E+000, 0.0000000E+000, 0.0000000E+000, 0.0000000E+000, 0.0000000E+000, 0.0000000E+000, 0.0000000E+000, 0.0000000E+000, 0.0000000E+000, 0.0000000E+000, 0.0000000E+000, 0.0000000E+000, 0.0000000E+000, 0.0000000E+000, 0.0000000E+000, 0.0000000E+000, 0.0000000E+000, 0.0000000E+000, 0.0000000E+000, 0.0000000E+000, 0.0000000E+000, 0.0000000E+000, 0.0000000E+000, 0.0000000E+000, 0.0000000E+000, 0.0000000E+000
-2.2990506E+001, 0.0000000E+000, 0.0000000E+000, 0.0000000E+000, 0.0000000E+000, 0.0000000E+000, 0.0000000E+000, 0.0000000E+000, 0.0000000E+000, 0.0000000E+000, 0.0000000E+000, 0.0000000E+000, 0.0000000E+000, 0.0000000E+000, 0.0000000E+000, 0.0000000E+000, 0.0000000E+000, 0.0000000E+000, 0.0000000E+000, 0.0000000E+000, 0.0000000E+000, 0.0000000E+000, 0.0000000E+000, 0.0000000E+000, 0.0000000E+000, 0.0000000E+000, 0.0000000E+000, 0.0000000E+000, 0.0000000E+000, 0.0000000E+000, 0.0000000E+000, 0.0000000E+000, 0.0000000E+000, 0.0000000E+000, 0.0000000E+000, 0.0000000E+000, 0.0000000E+000, 0.0000000E+000, 0.0000000E+000, 0.0000000E+000, 0.0000000E+000, 0.0000000E+000, 0.0000000E+000, 0.0000000E+000, 0.0000000E+000, 0.0000000E+000, 0.0000000E+000, 0.0000000E+000, 0.0000000E+000, 0.0000000E+000, 0.0000000E+000, 0.0000000E+000, 0.0000000E+000, 0.0000000E+000, 0.0000000E+000, 0.0000000E+000, 0.0000000E+000, 0.0000000E+000, 0.0000000E+000, 0.0000000E+000, 0.0000000E+000
-2.1926955E+001, 0.0000000E+000, 0.0000000E+000, 0.0000000E+000, 0.0000000E+000, 0.0000000E+000, 0.0000000E+000, 0.0000000E+000, 0.0000000E+000, 0.0000000E+000, 0.0000000E+000, 0.0000000E+000, 0.0000000E+000, 0.0000000E+000, 0.0000000E+000, 0.0000000E+000, 0.0000000E+000, 0.0000000E+000, 0.0000000E+000, 0.0000000E+000, 0.0000000E+000, 0.0000000E+000, 0.0000000E+000, 0.0000000E+000, 0.0000000E+000, 0.0000000E+000, 0.0000000E+000, 0.0000000E+000, 0.0000000E+000, 0.0000000E+000, 0.0000000E+000, 0.0000000E+000, 0.0000000E+000, 0.0000000E+000, 0.0000000E+000, 0.0000000E+000, 0.0000000E+000, 0.0000000E+000, 0.0000000E+000, 0.0000000E+000, 0.0000000E+000, 0.0000000E+000, 0.0000000E+000, 0.0000000E+000, 0.0000000E+000, 0.0000000E+000, 0.0000000E+000, 0.0000000E+000, 0.0000000E+000, 0.0000000E+000, 0.0000000E+000, 0.0000000E+000, 0.0000000E+000, 0.0000000E+000, 0.0000000E+000, 0.0000000E+000, 0.0000000E+000, 0.0000000E+000, 0.0000000E+000, 0.0000000E+000, 0.0000000E+000
-2.0965348E+001, 0.0000000E+000, 0.0000000E+000, 0.0000000E+000, 0.0000000E+000, 0.0000000E+000, 0.0000000E+000, 0.0000000E+000, 0.0000000E+000, 0.0000000E+000, 0.0000000E+000, 0.0000000E+000, 0.0000000E+000, 0.0000000E+000, 0.0000000E+000, 0.0000000E+000, 0.0000000E+000, 0.0000000E+000, 0.0000000E+000, 0.0000000E+000, 0.0000000E+000, 0.0000000E+000, 0.0000000E+000, 0.0000000E+000, 0.0000000E+000, 0.0000000E+000, 0.0000000E+000, 0.0000000E+000, 0.0000000E+000, 0.0000000E+000, 0.0000000E+000, 0.0000000E+000, 0.0000000E+000, 0.0000000E+000, 0.0000000E+000, 0.0000000E+000, 0.0000000E+000, 0.0000000E+000, 0.0000000E+000, 0.0000000E+000, 0.0000000E+000, 0.0000000E+000, 0.0000000E+000, 0.0000000E+000, 0.0000000E+000, 0.0000000E+000, 0.0000000E+000, 0.0000000E+000, 0.0000000E+000, 0.0000000E+000, 0.0000000E+000, 0.0000000E+000, 0.0000000E+000, 0.0000000E+000, 0.0000000E+000, 0.0000000E+000, 0.0000000E+000, 0.0000000E+000, 0.0000000E+000, 0.0000000E+000, 0.0000000E+000
-1.9951892E+001, 0.0000000E+000, 0.0000000E+000, 0.0000000E+000, 0.0000000E+000, 0.0000000E+000, 0.0000000E+000, 0.0000000E+000, 0.0000000E+000, 0.0000000E+000, 0.0000000E+000, 0.0000000E+000, 0.0000000E+000, 0.0000000E+000, 0.0000000E+000, 0.0000000E+000, 0.0000000E+000, 0.0000000E+000, 0.0000000E+000, 0.0000000E+000, 0.0000000E+000, 0.0000000E+000, 0.0000000E+000, 0.0000000E+000, 0.0000000E+000, 0.0000000E+000, 0.0000000E+000, 0.0000000E+000, 0.0000000E+000, 0.0000000E+000, 0.0000000E+000, 0.0000000E+000, 0.0000000E+000, 0.0000000E+000, 0.0000000E+000, 0.0000000E+000, 0.0000000E+000, 0.0000000E+000, 0.0000000E+000, 0.0000000E+000, 0.0000000E+000, 0.0000000E+000, 0.0000000E+000, 0.0000000E+000, 0.0000000E+000, 0.0000000E+000, 0.0000000E+000, 0.0000000E+000, 0.0000000E+000, 0.0000000E+000, 0.0000000E+000, 0.0000000E+000, 0.0000000E+000, 0.0000000E+000, 0.0000000E+000, 0.0000000E+000, 0.0000000E+000, 0.0000000E+000, 0.0000000E+000, 0.0000000E+000, 0.0000000E+000
-1.8941603E+001, 0.0000000E+000, 0.0000000E+000, 0.0000000E+000, 0.0000000E+000, 0.0000000E+000, 0.0000000E+000, 0.0000000E+000, 0.0000000E+000, 0.0000000E+000, 0.0000000E+000, 0.0000000E+000, 0.0000000E+000, 0.0000000E+000, 0.0000000E+000, 0.0000000E+000, 0.0000000E+000, 0.0000000E+000, 0.0000000E+000, 0.0000000E+000, 0.0000000E+000, 0.0000000E+000, 0.0000000E+000, 0.0000000E+000, 0.0000000E+000, 0.0000000E+000, 0.0000000E+000, 0.0000000E+000, 0.0000000E+000, 0.0000000E+000, 0.0000000E+000, 0.0000000E+000, 0.0000000E+000, 0.0000000E+000, 0.0000000E+000, 0.0000000E+000, 0.0000000E+000, 0.0000000E+000, 0.0000000E+000, 0.0000000E+000, 0.0000000E+000, 0.0000000E+000, 0.0000000E+000, 0.0000000E+000, 0.0000000E+000, 0.0000000E+000, 0.0000000E+000, 0.0000000E+000, 0.0000000E+000, 0.0000000E+000, 0.0000000E+000, 0.0000000E+000, 0.0000000E+000, 0.0000000E+000, 0.0000000E+000, 0.0000000E+000, 0.0000000E+000, 0.0000000E+000, 0.0000000E+000, 0.0000000E+000, 0.0000000E+000
-1.7983570E+001, 0.0000000E+000, 0.0000000E+000, 0.0000000E+000, 0.0000000E+000, 0.0000000E+000, 0.0000000E+000, 0.0000000E+000, 0.0000000E+000, 0.0000000E+000, 0.0000000E+000, 0.0000000E+000, 0.0000000E+000, 0.0000000E+000, 0.0000000E+000, 0.0000000E+000, 0.0000000E+000, 0.0000000E+000, 0.0000000E+000, 0.0000000E+000, 0.0000000E+000, 0.0000000E+000, 0.0000000E+000, 0.0000000E+000, 0.0000000E+000, 0.0000000E+000, 0.0000000E+000, 0.0000000E+000, 0.0000000E+000, 0.0000000E+000, 0.0000000E+000, 0.0000000E+000, 0.0000000E+000, 0.0000000E+000, 0.0000000E+000, 0.0000000E+000, 0.0000000E+000, 0.0000000E+000, 0.0000000E+000, 0.0000000E+000, 0.0000000E+000, 0.0000000E+000, 0.0000000E+000, 0.0000000E+000, 0.0000000E+000, 0.0000000E+000, 0.0000000E+000, 0.0000000E+000, 0.0000000E+000, 0.0000000E+000, 0.0000000E+000, 0.0000000E+000, 0.0000000E+000, 0.0000000E+000, 0.0000000E+000, 0.0000000E+000, 0.0000000E+000, 0.0000000E+000, 0.0000000E+000, 0.0000000E+000, 0.0000000E+000
-1.6949216E+001, 0.0000000E+000, 0.0000000E+000, 0.0000000E+000, 0.0000000E+000, 0.0000000E+000, 0.0000000E+000, 0.0000000E+000, 0.0000000E+000, 0.0000000E+000, 0.0000000E+000, 0.0000000E+000, 0.0000000E+000, 0.0000000E+000, 0.0000000E+000, 0.0000000E+000, 0.0000000E+000, 0.0000000E+000, 0.0000000E+000, 0.0000000E+000, 0.0000000E+000, 0.0000000E+000, 0.0000000E+000, 0.0000000E+000, 0.0000000E+000, 0.0000000E+000, 0.0000000E+000, 0.0000000E+000, 0.0000000E+000, 0.0000000E+000, 0.0000000E+000, 0.0000000E+000, 0.0000000E+000, 0.0000000E+000, 0.0000000E+000, 0.0000000E+000, 0.0000000E+000, 0.0000000E+000, 0.0000000E+000, 0.0000000E+000, 0.0000000E+000, 0.0000000E+000, 0.0000000E+000, 0.0000000E+000, 0.0000000E+000, 0.0000000E+000, 0.0000000E+000, 0.0000000E+000, 0.0000000E+000, 0.0000000E+000, 0.0000000E+000, 0.0000000E+000, 0.0000000E+000, 0.0000000E+000, 0.0000000E+000, 0.0000000E+000, 0.0000000E+000, 0.0000000E+000, 0.0000000E+000, 0.0000000E+000, 0.0000000E+000
-1.5967219E+001, 0.0000000E+000, 0.0000000E+000, 0.0000000E+000, 0.0000000E+000, 0.0000000E+000, 0.0000000E+000, 0.0000000E+000, 0.0000000E+000, 0.0000000E+000, 0.0000000E+000, 0.0000000E+000, 0.0000000E+000, 0.0000000E+000, 0.0000000E+000, 0.0000000E+000, 0.0000000E+000, 0.0000000E+000, 0.0000000E+000, 0.0000000E+000, 0.0000000E+000, 0.0000000E+000, 0.0000000E+000, 0.0000000E+000, 0.0000000E+000, 0.0000000E+000, 0.0000000E+000, 0.0000000E+000, 0.0000000E+000, 0.0000000E+000, 0.0000000E+000, 0.0000000E+000, 0.0000000E+000, 0.0000000E+000, 0.0000000E+000, 0.0000000E+000, 0.0000000E+000, 0.0000000E+000, 0.0000000E+000, 0.0000000E+000, 0.0000000E+000, 0.0000000E+000, 0.0000000E+000, 0.0000000E+000, 0.0000000E+000, 0.0000000E+000, 0.0000000E+000, 0.0000000E+000, 0.0000000E+000, 0.0000000E+000, 0.0000000E+000, 0.0000000E+000, 0.0000000E+000, 0.0000000E+000, 0.0000000E+000, 0.0000000E+000, 0.0000000E+000, 0.0000000E+000, 0.0000000E+000, 0.0000000E+000, 0.0000000E+000
-1.4961405E+001, 0.0000000E+000, 0.0000000E+000, 0.0000000E+000, 0.0000000E+000, 0.0000000E+000, 0.0000000E+000, 0.0000000E+000, 0.0000000E+000, 0.0000000E+000, 0.0000000E+000, 0.0000000E+000, 0.0000000E+000, 0.0000000E+000, 0.0000000E+000, 0.0000000E+000, 0.0000000E+000, 0.0000000E+000, 0.0000000E+000, 0.0000000E+000, 0.0000000E+000, 0.0000000E+000, 0.0000000E+000, 0.0000000E+000, 0.0000000E+000, 0.0000000E+000, 0.0000000E+000, 0.0000000E+000, 0.0000000E+000, 0.0000000E+000, 0.0000000E+000, 0.0000000E+000, 0.0000000E+000, 0.0000000E+000, 0.0000000E+000, 0.0000000E+000, 0.0000000E+000, 0.0000000E+000, 0.0000000E+000, 0.0000000E+000, 0.0000000E+000, 0.0000000E+000, 0.0000000E+000, 0.0000000E+000, 0.0000000E+000, 0.0000000E+000, 0.0000000E+000, 0.0000000E+000, 0.0000000E+000, 0.0000000E+000, 0.0000000E+000, 0.0000000E+000, 0.0000000E+000, 0.0000000E+000, 0.0000000E+000, 0.0000000E+000, 0.0000000E+000, 0.0000000E+000, 0.0000000E+000, 0.0000000E+000, 0.0000000E+000
-1.3996269E+001, 0.0000000E+000, 0.0000000E+000, 0.0000000E+000, 0.0000000E+000, 0.0000000E+000, 0.0000000E+000, 0.0000000E+000, 0.0000000E+000, 0.0000000E+000, 0.0000000E+000, 0.0000000E+000, 0.0000000E+000, 0.0000000E+000, 0.0000000E+000, 0.0000000E+000, 0.0000000E+000, 0.0000000E+000, 0.0000000E+000, 0.0000000E+000, 0.0000000E+000, 0.0000000E+000, 0.0000000E+000, 0.0000000E+000, 0.0000000E+000, 0.0000000E+000, 0.0000000E+000, 0.0000000E+000, 0.0000000E+000, 0.0000000E+000, 0.0000000E+000, 0.0000000E+000, 0.0000000E+000, 0.0000000E+000, 0.0000000E+000, 0.0000000E+000, 0.0000000E+000, 0.0000000E+000, 0.0000000E+000, 0.0000000E+000, 0.0000000E+000, 0.0000000E+000, 0.0000000E+000, 0.0000000E+000, 0.0000000E+000, 0.0000000E+000, 0.0000000E+000, 0.0000000E+000, 0.0000000E+000, 0.0000000E+000, 0.0000000E+000, 0.0000000E+000, 0.0000000E+000, 0.0000000E+000, 0.0000000E+000, 0.0000000E+000, 0.0000000E+000, 0.0000000E+000, 0.0000000E+000, 0.0000000E+000, 0.0000000E+000
-1.2981942E+001, 0.0000000E+000, 0.0000000E+000, 0.0000000E+000, 0.0000000E+000, 0.0000000E+000, 0.0000000E+000, 0.0000000E+000, 0.0000000E+000, 0.0000000E+000, 0.0000000E+000, 0.0000000E+000, 0.0000000E+000, 0.0000000E+000, 0.0000000E+000, 0.0000000E+000, 0.0000000E+000, 0.0000000E+000, 0.0000000E+000, 0.0000000E+000, 0.0000000E+000, 0.0000000E+000, 0.0000000E+000, 0.0000000E+000, 0.0000000E+000, 0.0000000E+000, 0.0000000E+000, 0.0000000E+000, 0.0000000E+000, 0.0000000E+000, 0.0000000E+000, 0.0000000E+000, 0.0000000E+000, 0.0000000E+000, 0.0000000E+000, 0.0000000E+000, 0.0000000E+000, 0.0000000E+000, 0.0000000E+000, 0.0000000E+000, 0.0000000E+000, 0.0000000E+000, 0.0000000E+000, 0.0000000E+000, 0.0000000E+000, 0.0000000E+000, 0.0000000E+000, 0.0000000E+000, 0.0000000E+000, 0.0000000E+000, 0.0000000E+000, 0.0000000E+000, 0.0000000E+000, 0.0000000E+000, 0.0000000E+000, 0.0000000E+000, 0.0000000E+000, 0.0000000E+000, 0.0000000E+000, 0.0000000E+000, 0.0000000E+000
-1.1998509E+001, 0.0000000E+000, 0.0000000E+000, 0.0000000E+000, 0.0000000E+000, 0.0000000E+000, 0.0000000E+000, 0.0000000E+000, 0.0000000E+000, 0.0000000E+000, 0.0000000E+000, 0.0000000E+000, 0.0000000E+000, 0.0000000E+000, 0.0000000E+000, 0.0000000E+000, 0.0000000E+000, 0.0000000E+000, 0.0000000E+000, 0.0000000E+000, 0.0000000E+000, 0.0000000E+000, 0.0000000E+000, 0.0000000E+000, 0.0000000E+000, 0.0000000E+000, 0.0000000E+000, 0.0000000E+000, 0.0000000E+000, 0.0000000E+000, 0.0000000E+000, 0.0000000E+000, 0.0000000E+000, 0.0000000E+000, 0.0000000E+000, 0.0000000E+000, 0.0000000E+000, 0.0000000E+000, 0.0000000E+000, 0.0000000E+000, 0.0000000E+000, 0.0000000E+000, 0.0000000E+000, 0.0000000E+000, 0.0000000E+000, 0.0000000E+000, 0.0000000E+000, 0.0000000E+000, 0.0000000E+000, 0.0000000E+000, 0.0000000E+000, 0.0000000E+000, 0.0000000E+000, 0.0000000E+000, 0.0000000E+000, 0.0000000E+000, 0.0000000E+000, 0.0000000E+000, 0.0000000E+000, 0.0000000E+000, 0.0000000E+000
-1.0979395E+001, 0.0000000E+000, 0.0000000E+000, 0.0000000E+000, 0.0000000E+000, 0.0000000E+000, 0.0000000E+000, 0.0000000E+000, 0.0000000E+000, 0.0000000E+000, 0.0000000E+000, 0.0000000E+000, 0.0000000E+000, 0.0000000E+000, 0.0000000E+000, 0.0000000E+000, 0.0000000E+000, 0.0000000E+000, 0.0000000E+000, 0.0000000E+000, 0.0000000E+000, 0.0000000E+000, 0.0000000E+000, 0.0000000E+000, 0.0000000E+000, 0.0000000E+000, 0.0000000E+000, 0.0000000E+000, 0.0000000E+000, 0.0000000E+000, 0.0000000E+000, 0.0000000E+000, 0.0000000E+000, 0.0000000E+000, 0.0000000E+000, 0.0000000E+000, 0.0000000E+000, 0.0000000E+000, 0.0000000E+000, 0.0000000E+000, 0.0000000E+000, 0.0000000E+000, 0.0000000E+000, 0.0000000E+000, 0.0000000E+000, 0.0000000E+000, 0.0000000E+000, 0.0000000E+000, 0.0000000E+000, 0.0000000E+000, 0.0000000E+000, 0.0000000E+000, 0.0000000E+000, 0.0000000E+000, 0.0000000E+000, 0.0000000E+000, 0.0000000E+000, 0.0000000E+000, 0.0000000E+000, 0.0000000E+000, 0.0000000E+000
-9.9602818E+000, 0.0000000E+000, 0.0000000E+000, 0.0000000E+000, 0.0000000E+000, 0.0000000E+000, 0.0000000E+000, 0.0000000E+000, 0.0000000E+000, 0.0000000E+000, 0.0000000E+000, 0.0000000E+000, 0.0000000E+000, 0.0000000E+000, 0.0000000E+000, 0.0000000E+000, 0.0000000E+000, 0.0000000E+000, 0.0000000E+000, 0.0000000E+000, 0.0000000E+000, 0.0000000E+000, 0.0000000E+000, 0.0000000E+000, 0.0000000E+000, 0.0000000E+000, 0.0000000E+000, 0.0000000E+000, 0.0000000E+000, 0.0000000E+000, 0.0000000E+000, 0.0000000E+000, 0.0000000E+000, 0.0000000E+000, 0.0000000E+000, 0.0000000E+000, 0.0000000E+000, 0.0000000E+000, 0.0000000E+000, 0.0000000E+000, 0.0000000E+000, 0.0000000E+000, 0.0000000E+000, 0.0000000E+000, 0.0000000E+000, 0.0000000E+000, 0.0000000E+000, 0.0000000E+000, 0.0000000E+000, 0.0000000E+000, 0.0000000E+000, 0.0000000E+000, 0.0000000E+000, 0.0000000E+000, 0.0000000E+000, 0.0000000E+000, 0.0000000E+000, 0.0000000E+000, 0.0000000E+000, 0.0000000E+000, 0.0000000E+000
-8.9756760E+000, 0.0000000E+000, 0.0000000E+000, 0.0000000E+000, 0.0000000E+000, 0.0000000E+000, 0.0000000E+000, 0.0000000E+000, 0.0000000E+000, 0.0000000E+000, 0.0000000E+000, 0.0000000E+000, 0.0000000E+000, 0.0000000E+000, 0.0000000E+000, 0.0000000E+000, 0.0000000E+000, 0.0000000E+000, 0.0000000E+000, 0.0000000E+000, 0.0000000E+000, 0.0000000E+000, 0.0000000E+000, 0.0000000E+000, 0.0000000E+000, 0.0000000E+000, 0.0000000E+000, 0.0000000E+000, 0.0000000E+000, 0.0000000E+000, 0.0000000E+000, 0.0000000E+000, 0.0000000E+000, 0.0000000E+000, 0.0000000E+000, 0.0000000E+000, 0.0000000E+000, 0.0000000E+000, 0.0000000E+000, 0.0000000E+000, 0.0000000E+000, 0.0000000E+000, 0.0000000E+000, 0.0000000E+000, 0.0000000E+000, 0.0000000E+000, 0.0000000E+000, 0.0000000E+000, 0.0000000E+000, 0.0000000E+000, 0.0000000E+000, 0.0000000E+000, 0.0000000E+000, 0.0000000E+000, 0.0000000E+000, 0.0000000E+000, 0.0000000E+000, 0.0000000E+000, 0.0000000E+000, 0.0000000E+000, 0.0000000E+000
-7.9240405E+000, 0.0000000E+000, 0.0000000E+000, 0.0000000E+000, 0.0000000E+000, 0.0000000E+000, 0.0000000E+000, 0.0000000E+000, 0.0000000E+000, 0.0000000E+000, 0.0000000E+000, 0.0000000E+000, 0.0000000E+000, 0.0000000E+000, 0.0000000E+000, 0.0000000E+000, 0.0000000E+000, 0.0000000E+000, 0.0000000E+000, 0.0000000E+000, 0.0000000E+000, 0.0000000E+000, 0.0000000E+000, 0.0000000E+000, 0.0000000E+000, 0.0000000E+000, 0.0000000E+000, 0.0000000E+000, 0.0000000E+000, 0.0000000E+000, 0.0000000E+000, 0.0000000E+000, 0.0000000E+000, 0.0000000E+000, 0.0000000E+000, 0.0000000E+000, 0.0000000E+000, 0.0000000E+000, 0.0000000E+000, 0.0000000E+000, 0.0000000E+000, 0.0000000E+000, 0.0000000E+000, 0.0000000E+000, 0.0000000E+000, 0.0000000E+000, 0.0000000E+000, 0.0000000E+000, 0.0000000E+000, 0.0000000E+000, 0.0000000E+000, 0.0000000E+000, 0.0000000E+000, 0.0000000E+000, 0.0000000E+000, 0.0000000E+000, 0.0000000E+000, 0.0000000E+000, 0.0000000E+000, 0.0000000E+000, 0.0000000E+000
-6.9733660E+000, 0.0000000E+000, 0.0000000E+000, 0.0000000E+000, 0.0000000E+000, 0.0000000E+000, 0.0000000E+000, 0.0000000E+000, 0.0000000E+000, 0.0000000E+000, 0.0000000E+000, 0.0000000E+000, 0.0000000E+000, 0.0000000E+000, 0.0000000E+000, 0.0000000E+000, 0.0000000E+000, 0.0000000E+000, 0.0000000E+000, 0.0000000E+000, 0.0000000E+000, 0.0000000E+000, 0.0000000E+000, 0.0000000E+000, 0.0000000E+000, 0.0000000E+000, 0.0000000E+000, 0.0000000E+000, 0.0000000E+000, 0.0000000E+000, 0.0000000E+000, 0.0000000E+000, 0.0000000E+000, 0.0000000E+000, 0.0000000E+000, 0.0000000E+000, 0.0000000E+000, 0.0000000E+000, 0.0000000E+000, 0.0000000E+000, 0.0000000E+000, 0.0000000E+000, 0.0000000E+000, 0.0000000E+000, 0.0000000E+000, 0.0000000E+000, 0.0000000E+000, 0.0000000E+000, 0.0000000E+000, 0.0000000E+000, 0.0000000E+000, 0.0000000E+000, 0.0000000E+000, 0.0000000E+000, 0.0000000E+000, 0.0000000E+000, 0.0000000E+000, 0.0000000E+000, 0.0000000E+000, 0.0000000E+000, 0.0000000E+000
-5.9541423E+000, 0.0000000E+000, 0.0000000E+000, 0.0000000E+000, 0.0000000E+000, 0.0000000E+000, 0.0000000E+000, 0.0000000E+000, 0.0000000E+000, 0.0000000E+000, 0.0000000E+000, 0.0000000E+000, 0.0000000E+000, 0.0000000E+000, 0.0000000E+000, 0.0000000E+000, 0.0000000E+000, 0.0000000E+000, 0.0000000E+000, 0.0000000E+000, 0.0000000E+000, 0.0000000E+000, 0.0000000E+000, 0.0000000E+000, 0.0000000E+000, 0.0000000E+000, 0.0000000E+000, 0.0000000E+000, 0.0000000E+000, 0.0000000E+000, 0.0000000E+000, 0.0000000E+000, 0.0000000E+000, 0.0000000E+000, 0.0000000E+000, 0.0000000E+000, 0.0000000E+000, 0.0000000E+000, 0.0000000E+000, 0.0000000E+000, 0.0000000E+000, 0.0000000E+000, 0.0000000E+000, 0.0000000E+000, 0.0000000E+000, 0.0000000E+000, 0.0000000E+000, 0.0000000E+000, 0.0000000E+000, 0.0000000E+000, 0.0000000E+000, 0.0000000E+000, 0.0000000E+000, 0.0000000E+000, 0.0000000E+000, 0.0000000E+000, 0.0000000E+000, 0.0000000E+000, 0.0000000E+000, 0.0000000E+000, 0.0000000E+000
-4.9902075E+000, 0.0000000E+000, 0.0000000E+000, 0.0000000E+000, 0.0000000E+000, 0.0000000E+000, 0.0000000E+000, 0.0000000E+000, 0.0000000E+000, 0.0000000E+000, 0.0000000E+000, 0.0000000E+000, 0.0000000E+000, 0.0000000E+000, 0.0000000E+000, 0.0000000E+000, 0.0000000E+000, 0.0000000E+000, 0.0000000E+000, 0.0000000E+000, 0.0000000E+000, 0.0000000E+000, 0.0000000E+000, 0.0000000E+000, 0.0000000E+000, 0.0000000E+000, 0.0000000E+000, 0.0000000E+000, 0.0000000E+000, 0.0000000E+000, 0.0000000E+000, 0.0000000E+000, 0.0000000E+000, 0.0000000E+000, 0.0000000E+000, 0.0000000E+000, 0.0000000E+000, 0.0000000E+000, 0.0000000E+000, 0.0000000E+000, 0.0000000E+000, 0.0000000E+000, 0.0000000E+000, 0.0000000E+000, 0.0000000E+000, 0.0000000E+000, 0.0000000E+000, 0.0000000E+000, 0.0000000E+000, 0.0000000E+000, 0.0000000E+000, 0.0000000E+000, 0.0000000E+000, 0.0000000E+000, 0.0000000E+000, 0.0000000E+000, 0.0000000E+000, 0.0000000E+000, 0.0000000E+000, 0.0000000E+000, 0.0000000E+000
-3.9650204E+000, 0.0000000E+000, 0.0000000E+000, 0.0000000E+000, 0.0000000E+000, 0.0000000E+000, 0.0000000E+000, 0.0000000E+000, 0.0000000E+000, 0.0000000E+000, 0.0000000E+000, 0.0000000E+000, 0.0000000E+000, 0.0000000E+000, 0.0000000E+000, 0.0000000E+000, 0.0000000E+000, 0.0000000E+000, 0.0000000E+000, 0.0000000E+000, 0.0000000E+000, 0.0000000E+000, 0.0000000E+000, 0.0000000E+000, 0.0000000E+000, 0.0000000E+000, 0.0000000E+000, 0.0000000E+000, 0.0000000E+000, 0.0000000E+000, 0.0000000E+000, 0.0000000E+000, 0.0000000E+000, 0.0000000E+000, 0.0000000E+000, 0.0000000E+000, 0.0000000E+000, 0.0000000E+000, 0.0000000E+000, 0.0000000E+000, 0.0000000E+000, 0.0000000E+000, 0.0000000E+000, 0.0000000E+000, 0.0000000E+000, 0.0000000E+000, 0.0000000E+000, 0.0000000E+000, 0.0000000E+000, 0.0000000E+000, 0.0000000E+000, 0.0000000E+000, 0.0000000E+000, 0.0000000E+000, 0.0000000E+000, 0.0000000E+000, 0.0000000E+000, 0.0000000E+000, 0.0000000E+000, 0.0000000E+000, 0.0000000E+000
-2.9219135E+000, 0.0000000E+000, 0.0000000E+000, 0.0000000E+000, 0.0000000E+000, 0.0000000E+000, 0.0000000E+000, 0.0000000E+000, 0.0000000E+000, 0.0000000E+000, 0.0000000E+000, 0.0000000E+000, 0.0000000E+000, 0.0000000E+000, 0.0000000E+000, 0.0000000E+000, 0.0000000E+000, 0.0000000E+000, 0.0000000E+000, 0.0000000E+000, 0.0000000E+000, 0.0000000E+000, 0.0000000E+000, 0.0000000E+000, 0.0000000E+000, 0.0000000E+000, 0.0000000E+000, 0.0000000E+000, 0.0000000E+000, 0.0000000E+000, 0.0000000E+000, 0.0000000E+000, 0.0000000E+000, 0.0000000E+000, 0.0000000E+000, 0.0000000E+000, 0.0000000E+000, 0.0000000E+000, 0.0000000E+000, 0.0000000E+000, 0.0000000E+000, 0.0000000E+000, 0.0000000E+000, 0.0000000E+000, 0.0000000E+000, 0.0000000E+000, 0.0000000E+000, 0.0000000E+000, 0.0000000E+000, 0.0000000E+000, 0.0000000E+000, 0.0000000E+000, 0.0000000E+000, 0.0000000E+000, 0.0000000E+000, 0.0000000E+000, 0.0000000E+000, 0.0000000E+000, 0.0000000E+000, 0.0000000E+000, 0.0000000E+000
-1.9590455E+000, 0.0000000E+000, 0.0000000E+000, 0.0000000E+000, 0.0000000E+000, 0.0000000E+000, 0.0000000E+000, 0.0000000E+000, 0.0000000E+000, 0.0000000E+000, 0.0000000E+000, 0.0000000E+000, 0.0000000E+000, 0.0000000E+000, 0.0000000E+000, 0.0000000E+000, 0.0000000E+000, 0.0000000E+000, 0.0000000E+000, 0.0000000E+000, 0.0000000E+000, 0.0000000E+000, 0.0000000E+000, 0.0000000E+000, 0.0000000E+000, 0.0000000E+000, 0.0000000E+000, 0.0000000E+000, 0.0000000E+000, 0.0000000E+000, 0.0000000E+000, 0.0000000E+000, 0.0000000E+000, 0.0000000E+000, 0.0000000E+000, 0.0000000E+000, 0.0000000E+000, 0.0000000E+000, 0.0000000E+000, 0.0000000E+000, 0.0000000E+000, 0.0000000E+000, 0.0000000E+000, 0.0000000E+000, 0.0000000E+000, 0.0000000E+000, 0.0000000E+000, 0.0000000E+000, 0.0000000E+000, 0.0000000E+000, 0.0000000E+000, 0.0000000E+000, 0.0000000E+000, 0.0000000E+000, 0.0000000E+000, 0.0000000E+000, 0.0000000E+000, 0.0000000E+000, 0.0000000E+000, 0.0000000E+000, 0.0000000E+000
-9.6408189E-001, 0.0000000E+000, 0.0000000E+000, 0.0000000E+000, 0.0000000E+000, 0.0000000E+000, 0.0000000E+000, 0.0000000E+000, 0.0000000E+000, 0.0000000E+000, 0.0000000E+000, 0.0000000E+000, 0.0000000E+000, 0.0000000E+000, 0.0000000E+000, 0.0000000E+000, 0.0000000E+000, 0.0000000E+000, 0.0000000E+000, 0.0000000E+000, 0.0000000E+000, 0.0000000E+000, 0.0000000E+000, 0.0000000E+000, 0.0000000E+000, 0.0000000E+000, 0.0000000E+000, 0.0000000E+000, 0.0000000E+000, 0.0000000E+000, 0.0000000E+000, 0.0000000E+000, 0.0000000E+000, 0.0000000E+000, 0.0000000E+000, 0.0000000E+000, 0.0000000E+000, 0.0000000E+000, 0.0000000E+000, 0.0000000E+000, 0.0000000E+000, 0.0000000E+000, 0.0000000E+000, 0.0000000E+000, 0.0000000E+000, 0.0000000E+000, 0.0000000E+000, 0.0000000E+000, 0.0000000E+000, 0.0000000E+000, 0.0000000E+000, 0.0000000E+000, 0.0000000E+000, 0.0000000E+000, 0.0000000E+000, 0.0000000E+000, 0.0000000E+000, 0.0000000E+000, 0.0000000E+000, 0.0000000E+000, 0.0000000E+000
 5.6247297E-002, 0.0000000E+000, 0.0000000E+000, 0.0000000E+000, 0.0000000E+000, 0.0000000E+000, 0.0000000E+000, 0.0000000E+000, 0.0000000E+000, 0.0000000E+000, 0.0000000E+000, 0.0000000E+000, 0.0000000E+000, 0.0000000E+000, 0.0000000E+000, 0.0000000E+000, 0.0000000E+000, 0.0000000E+000, 0.0000000E+000, 0.0000000E+000, 0.0000000E+000, 0.0000000E+000, 0.0000000E+000, 0.0000000E+000, 0.0000000E+000, 0.0000000E+000, 0.0000000E+000, 0.0000000E+000, 0.0000000E+000, 0.0000000E+000, 0.0000000E+000, 0.0000000E+000, 0.0000000E+000, 0.0000000E+000, 0.0000000E+000, 0.0000000E+000, 0.0000000E+000, 0.0000000E+000, 0.0000000E+000, 0.0000000E+000, 0.0000000E+000, 0.0000000E+000, 0.0000000E+000, 0.0000000E+000, 0.0000000E+000, 0.0000000E+000, 0.0000000E+000, 0.0000000E+000, 0.0000000E+000, 0.0000000E+000, 0.0000000E+000, 0.0000000E+000, 0.0000000E+000, 0.0000000E+000, 0.0000000E+000, 0.0000000E+000, 0.0000000E+000, 0.0000000E+000, 0.0000000E+000, 0.0000000E+000, 0.0000000E+000
 1.0052631E+000, 0.0000000E+000, 0.0000000E+000, 0.0000000E+000, 0.0000000E+000, 0.0000000E+000, 0.0000000E+000, 0.0000000E+000, 0.0000000E+000, 0.0000000E+000, 0.0000000E+000, 0.0000000E+000, 0.0000000E+000, 0.0000000E+000, 0.0000000E+000, 0.0000000E+000, 0.0000000E+000, 0.0000000E+000, 0.0000000E+000, 0.0000000E+000, 0.0000000E+000, 0.0000000E+000, 0.0000000E+000, 0.0000000E+000, 0.0000000E+000, 0.0000000E+000, 0.0000000E+000, 0.0000000E+000, 0.0000000E+000, 0.0000000E+000, 0.0000000E+000, 0.0000000E+000, 0.0000000E+000, 0.0000000E+000, 0.0000000E+000, 0.0000000E+000, 0.0000000E+000, 0.0000000E+000, 0.0000000E+000, 0.0000000E+000, 0.0000000E+000, 0.0000000E+000, 0.0000000E+000, 0.0000000E+000, 0.0000000E+000, 0.0000000E+000, 0.0000000E+000, 0.0000000E+000, 0.0000000E+000, 0.0000000E+000, 0.0000000E+000, 0.0000000E+000, 0.0000000E+000, 0.0000000E+000, 0.0000000E+000, 0.0000000E+000, 0.0000000E+000, 0.0000000E+000, 0.0000000E+000, 0.0000000E+000, 0.0000000E+000
 2.0877104E+000, 0.0000000E+000, 0.0000000E+000, 0.0000000E+000, 0.0000000E+000, 0.0000000E+000, 0.0000000E+000, 0.0000000E+000, 0.0000000E+000, 0.0000000E+000, 0.0000000E+000, 0.0000000E+000, 0.0000000E+000, 0.0000000E+000, 0.0000000E+000, 0.0000000E+000, 0.0000000E+000, 0.0000000E+000, 0.0000000E+000, 0.0000000E+000, 0.0000000E+000, 0.0000000E+000, 0.0000000E+000, 0.0000000E+000, 0.0000000E+000, 0.0000000E+000, 0.0000000E+000, 0.0000000E+000, 0.0000000E+000, 0.0000000E+000, 0.0000000E+000, 0.0000000E+000, 0.0000000E+000, 0.0000000E+000, 0.0000000E+000, 0.0000000E+000, 0.0000000E+000, 0.0000000E+000, 0.0000000E+000, 0.0000000E+000, 0.0000000E+000, 0.0000000E+000, 0.0000000E+000, 0.0000000E+000, 0.0000000E+000, 0.0000000E+000, 0.0000000E+000, 0.0000000E+000, 0.0000000E+000, 0.0000000E+000, 0.0000000E+000, 0.0000000E+000, 0.0000000E+000, 0.0000000E+000, 0.0000000E+000, 0.0000000E+000, 0.0000000E+000, 0.0000000E+000, 0.0000000E+000, 0.0000000E+000, 0.0000000E+000
 3.0277304E+000, 0.0000000E+000, 0.0000000E+000, 0.0000000E+000, 0.0000000E+000, 0.0000000E+000, 0.0000000E+000, 0.0000000E+000, 0.0000000E+000, 0.0000000E+000, 0.0000000E+000, 0.0000000E+000, 0.0000000E+000, 0.0000000E+000, 0.0000000E+000, 0.0000000E+000, 0.0000000E+000, 0.0000000E+000, 0.0000000E+000, 0.0000000E+000, 0.0000000E+000, 0.0000000E+000, 0.0000000E+000, 0.0000000E+000, 0.0000000E+000, 0.0000000E+000, 0.0000000E+000, 0.0000000E+000, 0.0000000E+000, 0.0000000E+000, 0.0000000E+000, 0.0000000E+000, 0.0000000E+000, 0.0000000E+000, 0.0000000E+000, 0.0000000E+000, 0.0000000E+000, 0.0000000E+000, 0.0000000E+000, 0.0000000E+000, 0.0000000E+000, 0.0000000E+000, 0.0000000E+000, 0.0000000E+000, 0.0000000E+000, 0.0000000E+000, 0.0000000E+000, 0.0000000E+000, 0.0000000E+000, 0.0000000E+000, 0.0000000E+000, 0.0000000E+000, 0.0000000E+000, 0.0000000E+000, 0.0000000E+000, 0.0000000E+000, 0.0000000E+000, 0.0000000E+000, 0.0000000E+000, 0.0000000E+000, 0.0000000E+000
 4.0721971E+000, 0.0000000E+000, 0.0000000E+000, 0.0000000E+000, 0.0000000E+000, 0.0000000E+000, 0.0000000E+000, 0.0000000E+000, 0.0000000E+000, 0.0000000E+000, 0.0000000E+000, 0.0000000E+000, 0.0000000E+000, 0.0000000E+000, 0.0000000E+000, 0.0000000E+000, 0.0000000E+000, 0.0000000E+000, 0.0000000E+000, 0.0000000E+000, 0.0000000E+000, 0.0000000E+000, 0.0000000E+000, 0.0000000E+000, 0.0000000E+000, 0.0000000E+000, 0.0000000E+000, 0.0000000E+000, 0.0000000E+000, 0.0000000E+000, 0.0000000E+000, 0.0000000E+000, 0.0000000E+000, 0.0000000E+000, 0.0000000E+000, 0.0000000E+000, 0.0000000E+000, 0.0000000E+000, 0.0000000E+000, 0.0000000E+000, 0.0000000E+000, 0.0000000E+000, 0.0000000E+000, 0.0000000E+000, 0.0000000E+000, 0.0000000E+000, 0.0000000E+000, 0.0000000E+000, 0.0000000E+000, 0.0000000E+000, 0.0000000E+000, 0.0000000E+000, 0.0000000E+000, 0.0000000E+000, 0.0000000E+000, 0.0000000E+000, 0.0000000E+000, 0.0000000E+000, 0.0000000E+000, 0.0000000E+000, 0.0000000E+000
 5.0007596E+000, 0.0000000E+000, 0.0000000E+000, 0.0000000E+000, 0.0000000E+000, 0.0000000E+000, 0.0000000E+000, 0.0000000E+000, 0.0000000E+000, 2.7903507E-072, 5.9359030E-058, 4.1535533E-054, 0.0000000E+000, 1.0470030E-073, 5.5071074E-065, 6.2845578E-063, 0.0000000E+000, 0.0000000E+000, 0.0000000E+000, 0.0000000E+000, 0.0000000E+000, 0.0000000E+000, 0.0000000E+000, 0.0000000E+000, 0.0000000E+000, 0.0000000E+000, 0.0000000E+000, 0.0000000E+000, 0.0000000E+000, 0.0000000E+000, 0.0000000E+000, 0.0000000E+000, 0.0000000E+000, 0.0000000E+000, 0.0000000E+000, 0.0000000E+000, 0.0000000E+000, 0.0000000E+000, 0.0000000E+000, 0.0000000E+000, 0.0000000E+000, 0.0000000E+000, 0.0000000E+000, 0.0000000E+000, 0.0000000E+000, 0.0000000E+000, 0.0000000E+000, 0.0000000E+000, 0.0000000E+000, 0.0000000E+000, 0.0000000E+000, 0.0000000E+000, 0.0000000E+000, 0.0000000E+000, 0.0000000E+000, 0.0000000E+000, 0.0000000E+000, 0.0000000E+000, 0.0000000E+000, 0.0000000E+000, 0.0000000E+000
 6.0236402E+000, 0.0000000E+000, 0.0000000E+000, 0.0000000E+000, 0.0000000E+000, 3.4099911E-099, 4.3648489E-087, 2.1890832E-078, 1.7789917E-077, 1.2469009E-053, 3.2879690E-046, 1.6528996E-044, 1.6368495E-071, 2.0091383E-059, 1.1331748E-053, 4.0858896E-050, 0.0000000E+000, 8.8780875E-073, 3.0544053E-073, 0.0000000E+000, 0.0000000E+000, 0.0000000E+000, 0.0000000E+000, 0.0000000E+000, 0.0000000E+000, 0.0000000E+000, 0.0000000E+000, 0.0000000E+000, 0.0000000E+000, 0.0000000E+000, 0.0000000E+000, 0.0000000E+000, 0.0000000E+000, 0.0000000E+000, 0.0000000E+000, 0.0000000E+000, 0.0000000E+000, 0.0000000E+000, 0.0000000E+000, 0.0000000E+000, 0.0000000E+000, 0.0000000E+000, 0.0000000E+000, 0.0000000E+000, 0.0000000E+000, 0.0000000E+000, 0.0000000E+000, 0.0000000E+000, 0.0000000E+000, 0.0000000E+000, 0.0000000E+000, 0.0000000E+000, 0.0000000E+000, 0.0000000E+000, 0.0000000E+000, 0.0000000E+000, 0.0000000E+000, 0.0000000E+000, 0.0000000E+000, 0.0000000E+000, 0.0000000E+000
 7.0465208E+000, 1.7389367E-135, 5.4069346E-124, 3.3923052E-116, 6.8156945E-116, 1.3366881E-081, 1.9408874E-072, 2.1605041E-063, 3.1163512E-061, 5.4650260E-044, 1.4346077E-039, 1.8852562E-038, 2.7825791E-060, 6.3642746E-051, 4.1714939E-046, 3.8508945E-043, 1.8575802E-068, 4.7819351E-060, 9.8965410E-059, 7.9572538E-096, 0.0000000E+000, 0.0000000E+000, 0.0000000E+000, 0.0000000E+000, 0.0000000E+000, 0.0000000E+000, 0.0000000E+000, 0.0000000E+000, 0.0000000E+000, 0.0000000E+000, 0.0000000E+000, 0.0000000E+000, 0.0000000E+000, 0.0000000E+000, 0.0000000E+000, 0.0000000E+000, 0.0000000E+000, 0.0000000E+000, 0.0000000E+000, 0.0000000E+000, 0.0000000E+000, 0.0000000E+000, 0.0000000E+000, 0.0000000E+000, 0.0000000E+000, 0.0000000E+000, 0.0000000E+000, 0.0000000E+000, 0.0000000E+000, 0.0000000E+000, 0.0000000E+000, 0.0000000E+000, 0.0000000E+000, 0.0000000E+000, 0.0000000E+000, 0.0000000E+000, 0.0000000E+000, 0.0000000E+000, 0.0000000E+000, 0.0000000E+000, 0.0000000E+000
 8.0694014E+000, 1.5390468E-113, 1.7898537E-105, 4.8241299E-101, 2.1632222E-100, 1.6328637E-070, 2.1989454E-062, 2.0700432E-054, 7.3115336E-053, 6.9838522E-038, 2.2775236E-034, 5.8920880E-034, 3.1686259E-052, 1.4578025E-045, 7.6204401E-041, 3.7292565E-038, 8.0496619E-058, 6.2523879E-052, 1.9069465E-050, 8.1157674E-080, 0.0000000E+000, 0.0000000E+000, 0.0000000E+000, 0.0000000E+000, 0.0000000E+000, 0.0000000E+000, 0.0000000E+000, 0.0000000E+000, 0.0000000E+000, 0.0000000E+000, 0.0000000E+000, 0.0000000E+000, 0.0000000E+000, 0.0000000E+000, 0.0000000E+000, 0.0000000E+000, 0.0000000E+000, 0.0000000E+000, 0.0000000E+000, 0.0000000E+000, 0.0000000E+000, 0.0000000E+000, 0.0000000E+000, 0.0000000E+000, 0.0000000E+000, 0.0000000E+000, 0.0000000E+000, 0.0000000E+000, 0.0000000E+000, 0.0000000E+000, 0.0000000E+000, 0.0000000E+000, 0.0000000E+000, 0.0000000E+000, 0.0000000E+000, 0.0000000E+000, 0.0000000E+000, 0.0000000E+000, 0.0000000E+000, 0.0000000E+000, 0.0000000E+000
 9.0922821E+000, 1.7563350E-099, 3.4241308E-094, 6.9986605E-092, 9.9699677E-091, 1.4071944E-062, 2.6288026E-056, 5.0036102E-048, 1.1593247E-047, 4.0248518E-033, 5.3185659E-030, 6.6709248E-031, 2.9231577E-046, 1.7636932E-040, 6.4675093E-037, 4.1046707E-034, 1.4154432E-050, 1.5326066E-045, 9.9058439E-045, 2.2773559E-070, 0.0000000E+000, 0.0000000E+000, 0.0000000E+000, 0.0000000E+000, 0.0000000E+000, 0.0000000E+000, 0.0000000E+000, 0.0000000E+000, 0.0000000E+000, 0.0000000E+000, 4.4508738E-154, 5.9141700E-122, 0.0000000E+000, 0.0000000E+000, 0.0000000E+000, 0.0000000E+000, 0.0000000E+000, 0.0000000E+000, 0.0000000E+000, 0.0000000E+000, 0.0000000E+000, 0.0000000E+000, 0.0000000E+000, 0.0000000E+000, 0.0000000E+000, 0.0000000E+000, 0.0000000E+000, 0.0000000E+000, 0.0000000E+000, 0.0000000E+000, 0.0000000E+000, 0.0000000E+000, 0.0000000E+000, 0.0000000E+000, 0.0000000E+000, 0.0000000E+000, 0.0000000E+000, 0.0000000E+000, 0.0000000E+000, 0.0000000E+000, 0.0000000E+000
 1.0050070E+001, 5.8384225E-092, 1.8822214E-088, 6.3188483E-086, 9.2095065E-083, 5.5859321E-057, 2.3739583E-051, 2.0885066E-044, 2.5481064E-043, 1.0532173E-029, 2.8282148E-027, 3.7498426E-028, 8.8087963E-042, 1.3229588E-036, 9.6461944E-034, 1.4408457E-031, 2.7555801E-045, 1.2085289E-040, 1.4337626E-040, 8.9880252E-064, 0.0000000E+000, 0.0000000E+000, 0.0000000E+000, 0.0000000E+000, 0.0000000E+000, 2.5562093E-118, 1.5917845E-106, 4.0133561E-100, 5.2470167E-093, 4.0344033E-117, 3.8935715E-104, 2.3153219E-096, 2.3574459E-092, 1.0680075E-136, 2.3156080E-126, 1.0122602E-118, 6.1506848E-110, 0.0000000E+000, 0.0000000E+000, 0.0000000E+000, 0.0000000E+000, 0.0000000E+000, 0.0000000E+000, 0.0000000E+000, 0.0000000E+000, 0.0000000E+000, 0.0000000E+000, 0.0000000E+000, 0.0000000E+000, 0.0000000E+000, 0.0000000E+000, 0.0000000E+000, 0.0000000E+000, 0.0000000E+000, 0.0000000E+000, 0.0000000E+000, 0.0000000E+000, 0.0000000E+000, 0.0000000E+000, 0.0000000E+000, 0.0000000E+000
 1.1037861E+001, 7.5847735E-088, 5.5189913E-083, 1.8278962E-081, 6.7793940E-078, 7.7103557E-053, 6.4392622E-048, 4.9654276E-041, 1.1657696E-040, 7.7769721E-028, 1.2448356E-025, 7.2249010E-026, 6.2391934E-038, 2.8108757E-033, 9.6286864E-032, 4.3534719E-030, 7.3456297E-041, 9.7977892E-037, 2.7999079E-037, 6.4729036E-060, 0.0000000E+000, 0.0000000E+000, 0.0000000E+000, 4.4009161E-133, 2.3299255E-121, 1.1222430E-100, 7.8454211E-093, 1.3694806E-085, 1.8759950E-078, 1.2203679E-098, 3.9209903E-089, 2.9624453E-083, 8.7056145E-080, 9.4546170E-117, 1.0788823E-107, 6.6949410E-101, 3.6731717E-095, 9.7424761E-145, 8.6522343E-131, 2.1541459E-121, 0.0000000E+000, 0.0000000E+000, 0.0000000E+000, 0.0000000E+000, 0.0000000E+000, 0.0000000E+000, 0.0000000E+000, 0.0000000E+000, 0.0000000E+000, 0.0000000E+000, 0.0000000E+000, 0.0000000E+000, 0.0000000E+000, 0.0000000E+000, 0.0000000E+000, 0.0000000E+000, 0.0000000E+000, 0.0000000E+000, 0.0000000E+000, 0.0000000E+000, 0.0000000E+000
 1.2034368E+001, 2.0012963E-080, 4.7427413E-077, 1.6264303E-078, 8.1000340E-076, 9.5177382E-049, 2.3442496E-045, 6.5910246E-039, 4.1976708E-039, 9.9963718E-026, 1.6460510E-023, 7.9082488E-024, 3.2415423E-034, 1.8603289E-030, 1.8717690E-029, 3.0419885E-028, 8.1739590E-037, 7.0608854E-034, 1.3691694E-034, 1.2702748E-056, 0.0000000E+000, 2.5629995E-167, 1.7658831E-126, 1.6215071E-112, 1.5017401E-104, 2.3693546E-089, 1.1023465E-081, 2.9372188E-075, 1.5323022E-068, 6.6401551E-087, 4.4153079E-079, 2.1080897E-073, 2.3058596E-070, 1.7455518E-096, 7.1255550E-091, 2.0421621E-086, 4.9090471E-083, 3.9847167E-121, 4.9815658E-112, 5.3504781E-105, 0.0000000E+000, 1.3188872E-149, 1.7734666E-142, 0.0000000E+000, 0.0000000E+000, 0.0000000E+000, 0.0000000E+000, 0.0000000E+000, 0.0000000E+000, 0.0000000E+000, 0.0000000E+000, 0.0000000E+000, 0.0000000E+000, 0.0000000E+000, 0.0000000E+000, 0.0000000E+000, 0.0000000E+000, 0.0000000E+000, 0.0000000E+000, 0.0000000E+000, 0.0000000E+000
 1.3067112E+001, 3.1226603E-074, 1.0685032E-070, 4.0385183E-072, 3.0477394E-073, 1.6542167E-044, 5.2050666E-041, 1.0074318E-037, 6.5195397E-038, 9.8653104E-024, 1.0250230E-021, 3.2072587E-021, 3.2307042E-031, 3.2449148E-028, 1.7174599E-027, 4.6950067E-026, 3.0340628E-033, 1.1084475E-031, 1.1295327E-032, 2.0695228E-054, 4.5592264E-155, 7.3696560E-147, 8.9224527E-112, 1.2242675E-100, 2.2115815E-093, 4.3864156E-080, 3.1313575E-073, 2.3870432E-067, 1.0343994E-061, 3.5072810E-078, 1.3095682E-071, 1.0238641E-066, 1.8012733E-063, 8.1798245E-084, 1.2516984E-079, 1.6534816E-075, 2.1684374E-073, 3.2078238E-107, 1.3576851E-099, 7.7932339E-094, 1.7225678E-137, 5.2866588E-128, 1.9983113E-122, 0.0000000E+000, 0.0000000E+000, 0.0000000E+000, 0.0000000E+000, 0.0000000E+000, 0.0000000E+000, 0.0000000E+000, 0.0000000E+000, 0.0000000E+000, 0.0000000E+000, 0.0000000E+000, 0.0000000E+000, 0.0000000E+000, 0.0000000E+000, 0.0000000E+000, 0.0000000E+000, 0.0000000E+000, 0.0000000E+000
 1.4063619E+001, 7.9007079E-069, 1.7234408E-064, 5.1105493E-067, 3.9768268E-068, 4.9026156E-040, 1.0677133E-037, 2.2494739E-036, 4.4517201E-037, 1.4627741E-021, 2.5468714E-020, 3.1451981E-019, 2.5622725E-029, 4.6475861E-026, 2.0322846E-025, 1.4644523E-024, 5.2643853E-031, 2.5134180E-030, 5.6265959E-031, 1.7004330E-051, 1.2923240E-141, 2.1281670E-139, 6.1178048E-103, 1.0758575E-093, 7.1567910E-086, 2.6501448E-072, 2.3765668E-066, 2.3590539E-061, 4.5932759E-056, 2.0665853E-070, 3.2163607E-065, 1.0820902E-060, 4.8630350E-058, 6.2322851E-075, 4.4329784E-071, 5.1584081E-067, 1.2213682E-065, 1.1729712E-097, 9.2473300E-091, 2.0833279E-085, 4.7090728E-123, 4.0512643E-114, 9.9542536E-111, 0.0000000E+000, 0.0000000E+000, 0.0000000E+000, 0.0000000E+000, 0.0000000E+000, 0.0000000E+000, 0.0000000E+000, 0.0000000E+000, 1.3821363E-186, 4.9772202E-168, 0.0000000E+000, 0.0000000E+000, 0.0000000E+000, 0.0000000E+000, 0.0000000E+000, 0.0000000E+000, 0.0000000E+000, 0.0000000E+000
 1.5060126E+001, 2.6123357E-064, 1.3861245E-060, 4.7606850E-062, 3.6189969E-063, 4.7998879E-036, 7.1964687E-035, 2.1379525E-035, 9.8438159E-037, 4.8792801E-020, 2.1659979E-018, 1.2925610E-017, 2.5735106E-027, 3.9838396E-024, 5.9398452E-024, 2.2346321E-023, 2.5007050E-029, 3.0600987E-029, 1.6446926E-029, 1.5000770E-049, 1.7928235E-130, 8.3271960E-130, 5.8484008E-096, 5.9246639E-086, 9.5540638E-081, 7.0293519E-066, 3.2952039E-060, 2.9125091E-056, 1.8348176E-051, 1.5048926E-063, 1.0658163E-059, 8.2975148E-056, 2.1965505E-053, 1.0164468E-067, 1.3561349E-063, 7.7542151E-060, 1.3446509E-058, 1.7994653E-089, 2.2419862E-083, 2.1151281E-078, 2.5217410E-111, 1.5423690E-103, 6.3071539E-101, 0.0000000E+000, 0.0000000E+000, 0.0000000E+000, 0.0000000E+000, 0.0000000E+000, 6.0211084E-172, 1.3143963E-155, 2.4717906E-164, 9.1663862E-153, 1.6373585E-143, 7.1283245E-188, 9.3888348E-178, 0.0000000E+000, 0.0000000E+000, 0.0000000E+000, 0.0000000E+000, 0.0000000E+000, 0.0000000E+000
 1.6053586E+001, 1.5530817E-060, 1.3436274E-055, 7.6077452E-057, 1.7560387E-059, 8.4297850E-033, 1.4991110E-032, 1.8502670E-034, 1.8297356E-036, 1.0929671E-018, 1.2932197E-016, 1.7838247E-016, 4.0164610E-025, 1.4960943E-022, 7.3755128E-022, 3.2425308E-022, 9.8780437E-028, 1.4468636E-028, 8.6532373E-029, 2.9004293E-047, 3.7460717E-119, 1.8373859E-120, 1.2226587E-088, 5.8748013E-079, 1.3881760E-076, 1.1873886E-060, 3.9735806E-055, 1.1652303E-051, 1.6057690E-047, 4.9393728E-058, 1.8829090E-055, 5.4981084E-052, 2.2166283E-049, 6.3496059E-062, 2.3156238E-057, 7.8657931E-054, 9.2661822E-053, 1.1217937E-082, 3.5521800E-077, 3.6416577E-072, 3.5230007E-102, 4.1848974E-095, 6.0016535E-093, 0.0000000E+000, 0.0000000E+000, 3.4024476E-191, 1.4424010E-179, 2.4098906E-168, 2.1162836E-151, 1.0174736E-137, 4.5619409E-144, 1.6872410E-135, 7.1738426E-128, 1.3591548E-162, 6.8265996E-153, 1.0916381E-200, 3.6618120E-185, 3.3357348E-171, 0.0000000E+000, 0.0000000E+000, 0.0000000E+000
 1.7062931E+001, 2.7227637E-057, 1.3889496E-050, 9.7159283E-053, 8.9993317E-057, 6.6148598E-030, 1.6370379E-030, 2.0638991E-032, 1.1924644E-035, 2.3821853E-017, 1.7510664E-014, 1.0770091E-013, 1.9372013E-023, 9.3633906E-021, 1.0675336E-020, 1.1841446E-021, 2.2435607E-026, 4.7473800E-028, 6.5838820E-028, 2.8623519E-045, 9.8499762E-110, 9.8374880E-112, 5.2558916E-082, 8.9610686E-074, 1.1734203E-071, 5.0641460E-056, 8.3105928E-051, 2.5777884E-047, 6.5274662E-044, 1.8934608E-053, 8.5501483E-052, 1.9773161E-048, 3.8536846E-046, 9.3648665E-057, 7.1361439E-052, 1.1763750E-048, 1.7961171E-048, 1.5881634E-076, 1.5833056E-071, 9.4394765E-067, 6.9075907E-095, 9.2814209E-088, 8.5230796E-086, 1.8085229E-231, 4.3140786E-218, 1.7665585E-163, 9.3997576E-157, 5.9399185E-148, 6.4979020E-136, 1.1927804E-122, 7.0116309E-129, 4.0382324E-122, 1.5307018E-115, 6.4309207E-141, 2.3722417E-133, 2.3970378E-171, 3.7629131E-159, 1.6756602E-149, 7.0202528E-214, 2.6060667E-201, 2.4215010E-194
 1.8036507E+001, 7.8196066E-053, 1.0068440E-046, 2.7651162E-049, 2.0181949E-054, 5.2702749E-028, 1.6053495E-028, 1.7135808E-030, 6.1689327E-034, 1.0358863E-015, 7.1810643E-014, 5.6018952E-014, 4.2830369E-022, 1.4099664E-019, 1.8118434E-019, 1.3977514E-020, 2.5915810E-025, 1.0005017E-027, 9.7806417E-028, 6.5438576E-043, 2.2431407E-103, 3.3644056E-105, 2.0400824E-076, 1.6672020E-070, 1.4910569E-067, 6.0145196E-052, 4.2043992E-047, 9.2282349E-044, 7.5359441E-041, 3.9098749E-050, 9.7105946E-048, 1.0691875E-045, 8.1518899E-043, 1.8512287E-052, 9.8875775E-048, 5.5318833E-045, 8.7766757E-045, 1.0342714E-071, 9.3398878E-067, 4.1341677E-062, 1.2312352E-088, 4.6898931E-082, 1.7744368E-079, 1.5910927E-202, 5.2713991E-195, 3.1420597E-149, 1.5789117E-142, 2.9626999E-135, 6.7825202E-123, 1.9886645E-111, 9.1873727E-118, 3.9424910E-112, 3.3290179E-106, 4.2410221E-127, 1.1753833E-120, 5.2108590E-156, 2.6630050E-144, 1.1037169E-135, 5.0368810E-185, 2.4389170E-178, 1.2353954E-172
 1.9000580E+001, 1.2501858E-048, 6.7935753E-044, 1.6465607E-046, 3.7701089E-051, 2.5496982E-027, 8.4998846E-027, 1.5033934E-028, 2.5256845E-032, 8.2600665E-015, 2.3525117E-013, 1.7052853E-011, 1.1274379E-021, 4.8495098E-019, 7.5602297E-019, 2.3975378E-019, 1.9545788E-024, 2.4245277E-028, 1.3363419E-027, 3.2015555E-040, 2.5165702E-098, 1.6863849E-099, 5.0277429E-071, 7.4500934E-066, 3.1075758E-063, 2.9981366E-048, 1.0575564E-043, 1.4375783E-040, 5.2140529E-038, 6.0820550E-048, 7.4924783E-045, 3.6903773E-043, 1.0083572E-039, 1.3506115E-048, 2.5862371E-044, 3.5830706E-042, 5.5163123E-042, 9.5251721E-067, 2.1528023E-062, 3.6296181E-058, 5.7814369E-083, 2.7809962E-077, 2.2971539E-074, 1.2955150E-186, 2.3089210E-179, 2.9414297E-138, 7.6648305E-132, 1.0030958E-127, 3.2160440E-112, 3.7101475E-102, 6.8480125E-109, 5.7532202E-104, 1.8817418E-098, 2.4750425E-116, 9.5900988E-111, 7.5597612E-145, 5.9961235E-134, 3.3153388E-125, 2.7230475E-168, 4.5935805E-164, 2.4022387E-158
 2.0004656E+001, 3.0691091E-045, 9.2905661E-042, 2.9913539E-044, 8.3234903E-049, 1.4609465E-026, 4.5344274E-025, 7.5278103E-027, 3.3266792E-031, 2.7134803E-014, 1.5575483E-013, 7.8594057E-010, 3.7925577E-021, 7.3437499E-019, 2.6546169E-018, 6.2153548E-019, 8.5257968E-024, 7.1413213E-028, 7.0491541E-027, 7.4274147E-038, 3.7484880E-094, 3.4426709E-094, 2.8777436E-066, 5.8579434E-062, 1.3165961E-059, 1.0932239E-044, 1.8857089E-040, 6.0618005E-038, 1.9330845E-035, 8.2895504E-046, 5.4548219E-044, 7.1045051E-041, 9.2437781E-037, 4.7973225E-045, 1.6623184E-041, 6.8904523E-040, 1.9807193E-039, 4.8777098E-062, 4.0527260E-058, 2.0542530E-054, 2.6951197E-078, 3.4612334E-073, 5.1344890E-071, 1.3609979E-173, 5.6967324E-169, 4.1272398E-129, 2.4856219E-123, 3.9379557E-119, 7.9619382E-103, 1.0963257E-094, 2.4948225E-101, 4.9937706E-097, 9.8497223E-092, 1.1888153E-107, 4.7283838E-103, 4.6843817E-135, 8.3689857E-125, 1.5900035E-116, 4.2852096E-156, 8.2860286E-153, 8.3516195E-147
 2.1013571E+001, 6.1930909E-043, 1.1513313E-040, 1.2018208E-042, 2.3352881E-047, 1.4788956E-025, 1.9709057E-023, 6.7883632E-026, 2.0397787E-031, 9.2541165E-013, 2.7686749E-011, 1.2507498E-009, 4.6274687E-020, 2.7066351E-018, 5.8510316E-018, 1.5746589E-017, 3.6173443E-023, 1.2623454E-026, 4.0995679E-026, 5.0088178E-036, 5.9003153E-090, 2.0725557E-089, 2.3693176E-062, 9.6386642E-059, 1.8242748E-056, 4.0297897E-041, 2.3221858E-037, 1.4943618E-035, 3.7370262E-033, 3.5498216E-043, 3.0348529E-042, 4.9110280E-039, 2.0536430E-034, 4.0581649E-042, 5.6179119E-039, 1.9720853E-037, 3.9466836E-037, 4.2394741E-058, 3.2194185E-054, 4.7841899E-051, 4.1886700E-074, 9.6085992E-070, 1.2529598E-068, 2.9310282E-162, 2.9619047E-160, 5.3411841E-121, 5.0980423E-117, 4.9101591E-111, 1.2164121E-094, 3.9083956E-088, 1.5138932E-094, 1.3605590E-090, 2.4973847E-086, 2.2915478E-100, 1.5528259E-095, 6.6399695E-126, 1.2442219E-116, 4.7930101E-109, 2.4232813E-146, 6.1268146E-142, 1.1801895E-136
 2.2047645E+001, 4.5840774E-042, 4.2761168E-040, 2.1197127E-042, 3.6116020E-048, 5.3011046E-025, 3.9319284E-022, 2.6488957E-026, 9.6307017E-031, 3.5391600E-011, 2.8617502E-010, 8.2517623E-009, 7.0184352E-019, 1.7038681E-017, 1.3840366E-017, 3.6694710E-016, 8.9288322E-023, 2.0991320E-024, 2.5892484E-024, 1.2736914E-034, 1.2886316E-085, 5.9174756E-086, 2.3880675E-058, 5.6421835E-056, 2.3916956E-053, 6.0266535E-038, 5.6371564E-035, 7.0518642E-033, 5.1449798E-031, 7.8407751E-042, 2.4666061E-040, 2.8459277E-037, 6.0532149E-032, 2.2605219E-040, 5.1023741E-037, 2.9996239E-035, 1.1878781E-035, 6.7142612E-055, 8.5511878E-051, 6.1293139E-048, 1.0681331E-070, 8.7644892E-066, 2.7154909E-066, 3.8253127E-153, 5.1079670E-152, 1.1786875E-113, 3.5702357E-110, 7.1640951E-104, 4.2045537E-088, 1.5534593E-082, 1.9209509E-088, 6.2665776E-085, 6.7300225E-081, 1.2049809E-093, 2.0651298E-089, 4.3302249E-118, 3.8648007E-109, 3.8607663E-102, 4.1704685E-138, 2.7788225E-132, 6.2188210E-128
 2.3022817E+001, 7.1321975E-041, 1.4445119E-039, 2.1831828E-041, 1.5223090E-048, 3.8136740E-024, 1.1030328E-021, 2.5766589E-026, 6.4264813E-030, 5.2311015E-010, 1.7491794E-010, 7.8614407E-008, 1.0776268E-017, 1.2749649E-016, 5.7420282E-017, 1.4240091E-015, 9.9978430E-023, 1.1225880E-022, 1.2899355E-022, 1.3588440E-033, 7.5047904E-082, 7.6129876E-083, 7.9036528E-055, 7.1855788E-053, 1.1429331E-050, 3.3973034E-036, 3.0803818E-033, 6.9173097E-031, 4.3746810E-029, 1.1406124E-040, 1.1254005E-038, 6.2908977E-036, 2.8852290E-030, 1.2080989E-038, 1.7944399E-035, 8.1077737E-034, 2.0861615E-034, 3.7184855E-052, 6.8605017E-048, 3.0553564E-045, 7.2924885E-068, 3.5153798E-062, 2.4460982E-064, 4.0819598E-145, 1.4640813E-144, 9.6426840E-108, 1.2544280E-103, 1.8874920E-098, 3.7354257E-083, 5.3774306E-078, 1.6523996E-083, 6.4941650E-080, 8.8441435E-076, 1.2969839E-087, 3.6593402E-083, 2.1529583E-111, 4.6413258E-103, 5.2109541E-096, 1.3395551E-130, 3.2199352E-124, 5.6132594E-120
 2.4074053E+001, 1.5681992E-040, 5.0941347E-039, 5.6850705E-041, 4.9816677E-047, 2.2098654E-023, 8.8313161E-022, 1.9001948E-025, 1.6568565E-029, 9.3371870E-010, 3.9423727E-010, 1.2760526E-007, 9.2648169E-017, 8.9256678E-016, 4.7638303E-016, 3.5840114E-015, 5.9099149E-023, 2.0607157E-021, 5.1453225E-021, 9.4551808E-034, 1.1953910E-078, 7.4049278E-080, 1.1046797E-051, 9.6590762E-050, 1.6337366E-048, 1.8950093E-034, 1.6267195E-031, 4.4107749E-029, 1.7158252E-027, 1.2140696E-038, 2.7880533E-036, 2.3834889E-034, 6.6730123E-030, 2.5801967E-037, 9.4614516E-035, 2.6242020E-032, 1.7496802E-033, 1.8715441E-049, 4.6484160E-045, 1.0646590E-042, 6.0113110E-064, 1.8924133E-059, 2.1201503E-062, 7.5490023E-138, 4.7826733E-137, 5.9496282E-103, 1.0751597E-098, 1.4937501E-092, 2.2664730E-079, 5.1241325E-073, 2.0942620E-078, 2.1853747E-075, 2.2024626E-070, 5.6057619E-082, 2.0272053E-077, 3.4258236E-105, 2.0454677E-097, 1.4921574E-090, 1.5748065E-122, 3.0071314E-117, 2.8651533E-112
 2.5017788E+001, 2.1109812E-040, 2.1775143E-039, 8.9500855E-042, 2.6045832E-047, 7.5259113E-023, 1.7337951E-022, 2.5082509E-025, 1.7285622E-029, 7.0959822E-010, 3.1437727E-010, 1.6543727E-007, 6.2164974E-016, 2.3657996E-014, 3.3252226E-015, 1.0291414E-014, 2.7468314E-023, 3.9918134E-020, 9.1904957E-020, 2.4015669E-034, 1.7002188E-077, 1.8931359E-078, 5.0531890E-049, 1.6749662E-047, 2.6292710E-048, 1.1398972E-032, 2.5440777E-030, 3.9302347E-028, 2.5150138E-026, 2.9609874E-036, 1.0983594E-033, 1.7140307E-032, 1.7434808E-027, 7.9205545E-036, 7.8520085E-033, 4.4527824E-031, 2.7648240E-032, 4.5742828E-047, 1.1325863E-042, 1.4114037E-040, 1.4242134E-060, 3.6968232E-057, 1.3492169E-059, 4.5923010E-132, 5.6821738E-131, 7.6542414E-100, 7.2759008E-094, 3.2709099E-088, 4.7863907E-076, 4.7765088E-069, 3.3699042E-074, 9.8057835E-072, 8.6065329E-066, 2.0707713E-077, 3.6749748E-073, 8.6801792E-100, 1.4972449E-092, 1.0825923E-086, 1.0483338E-115, 1.0950863E-111, 1.9550712E-106
 2.6089149E+001, 3.6035137E-040, 2.4901859E-040, 8.5949774E-043, 3.7821645E-048, 3.2177033E-023, 1.2316901E-023, 1.8410428E-025, 1.8998449E-028, 2.7048137E-011, 1.1452289E-011, 5.6761192E-008, 3.4696272E-014, 3.9516664E-014, 6.3010122E-013, 4.5142268E-012, 2.4388053E-022, 3.2418062E-018, 1.6810925E-018, 2.2182258E-033, 4.6564624E-076, 1.2416866E-074, 1.4820735E-046, 1.1774600E-045, 3.4438612E-048, 3.8015031E-031, 7.4682055E-029, 6.7218220E-027, 7.7886269E-025, 4.3916466E-034, 3.3510863E-031, 4.0592048E-030, 2.3049467E-025, 4.4203237E-034, 1.7986299E-031, 8.8411783E-031, 4.5732482E-031, 3.5219891E-044, 2.1919985E-040, 1.0522354E-038, 2.0516651E-057, 6.7033153E-054, 1.0450676E-056, 1.0986220E-126, 1.6282730E-124, 2.9943661E-095, 1.3125186E-088, 2.5613631E-083, 2.2372120E-073, 1.1979704E-067, 9.3562721E-070, 1.0608472E-066, 3.6163149E-061, 7.1692484E-073, 7.1375204E-069, 1.3368827E-093, 3.0695907E-087, 1.9657152E-082, 9.9344493E-110, 1.9886922E-105, 7.5250610E-101
 2.7087876E+001, 1.1237484E-039, 3.7936867E-041, 1.5731893E-043, 3.8996442E-049, 5.7105362E-024, 1.4698214E-024, 8.2402618E-026, 4.0415961E-027, 8.6687250E-011, 2.7020867E-010, 3.1805132E-007, 1.1949821E-013, 4.5657474E-014, 8.7948280E-013, 1.1377380E-010, 2.3227660E-021, 8.3414378E-017, 6.0380819E-018, 2.5700539E-033, 9.3510000E-072, 3.8335770E-071, 5.6661950E-045, 8.8604481E-045, 1.0356286E-045, 2.0704758E-029, 2.3588032E-027, 2.5533965E-025, 1.5057261E-023, 6.3133316E-032, 5.1203832E-029, 3.7287268E-028, 1.0035290E-023, 4.1959687E-033, 7.0976466E-031, 4.9950321E-030, 7.6567361E-030, 1.6545232E-041, 1.5180814E-038, 3.3325405E-037, 1.9411732E-054, 1.8288578E-052, 3.8744057E-054, 4.7229665E-122, 1.9375342E-120, 1.5539909E-091, 1.8137982E-083, 6.4156137E-079, 1.5647412E-072, 4.4945086E-067, 1.0528365E-065, 4.7519765E-061, 3.8010853E-057, 9.6104100E-069, 2.3584253E-065, 1.7707918E-088, 5.7440648E-083, 1.5423284E-078, 2.9344380E-104, 8.6772781E-100, 2.7709080E-096
 2.8018902E+001, 1.3317156E-039, 7.6930460E-041, 2.4684374E-043, 2.8713764E-050, 1.6612092E-024, 1.8217747E-025, 1.9353990E-026, 2.9217120E-025, 8.5403746E-010, 5.7566419E-009, 4.7565257E-004, 1.2470327E-013, 1.1730073E-013, 6.0217299E-014, 2.1802562E-006, 2.7981439E-021, 5.7147083E-016, 1.0760639E-017, 1.3828220E-033, 4.7565294E-069, 2.4718852E-068, 1.7794296E-043, 6.8450474E-044, 1.5896345E-043, 1.7454392E-028, 4.1500868E-026, 9.4771701E-024, 1.6884242E-022, 4.6193221E-030, 1.3389066E-027, 2.4723929E-026, 4.8096087E-022, 7.8527881E-032, 3.2083885E-031, 2.0720138E-029, 3.3775742E-029, 3.6767271E-039, 5.7403047E-037, 8.9313704E-036, 8.9025579E-052, 1.6966684E-050, 4.0767490E-052, 3.4448308E-119, 1.1664156E-116, 4.8008699E-088, 1.7251644E-079, 4.0441241E-075, 5.2853305E-070, 6.9018047E-065, 1.7028126E-061, 6.2407745E-057, 7.8455099E-054, 3.5506756E-065, 1.5815235E-062, 1.0228081E-084, 8.2803779E-080, 4.6871938E-075, 2.2983248E-099, 8.1984185E-095, 4.2296508E-092
 2.9019960E+001, 4.0645732E-040, 7.4999139E-041, 5.4387135E-044, 1.3658471E-050, 1.2941180E-024, 4.0817047E-025, 4.9422120E-025, 9.0391860E-024, 4.5313513E-010, 7.0779100E-007, 1.5428467E-003, 2.5523924E-013, 3.6898643E-012, 6.0131915E-013, 1.7394533E-005, 8.3345989E-022, 6.4273884E-016, 7.7840569E-018, 2.7059112E-034, 1.4845511E-066, 1.8535709E-065, 7.0199825E-042, 5.6716636E-043, 1.7309350E-041, 2.0828197E-027, 6.6345541E-025, 2.1111910E-022, 2.3679595E-021, 2.8399605E-028, 1.5045923E-026, 1.4095076E-024, 7.1475058E-021, 3.3353077E-030, 2.2666049E-030, 4.3336875E-029, 2.5981692E-028, 6.5245715E-037, 1.4797112E-035, 3.2223119E-034, 4.0737994E-049, 2.0239532E-048, 2.6882441E-050, 1.2423795E-114, 6.8794727E-112, 8.1854981E-084, 7.2806157E-076, 7.0353973E-072, 1.5747093E-066, 1.2882873E-061, 1.1169720E-057, 4.4649422E-053, 3.9013867E-050, 1.0693445E-062, 3.0182692E-059, 8.6666795E-081, 1.0438889E-075, 3.5243723E-071, 7.6731153E-095, 1.1708155E-090, 6.6578135E-088
 3.0091890E+001, 6.6905303E-041, 4.3739427E-041, 3.0039570E-044, 5.3308471E-050, 3.4932036E-025, 1.1011249E-024, 1.6631121E-023, 7.5309656E-023, 3.0905088E-010, 1.8395068E-005, 2.0734695E-003, 6.9186191E-011, 5.6905472E-011, 6.8883545E-012, 9.0851082E-006, 3.4394731E-021, 6.7994151E-017, 1.7637693E-018, 1.7497441E-035, 5.6098288E-064, 2.9567012E-063, 5.8073963E-041, 2.5951965E-042, 6.2468877E-040, 2.0473525E-025, 3.4132954E-024, 3.0054511E-021, 3.1832691E-020, 3.2033554E-026, 5.2466886E-025, 3.3134004E-023, 7.8917986E-020, 9.0332341E-029, 9.0775430E-029, 4.7873306E-028, 3.0170754E-027, 3.1646825E-035, 1.2348989E-034, 5.6400084E-033, 3.3084003E-046, 2.4241577E-046, 4.2880741E-048, 1.1535943E-108, 5.1385855E-106, 8.8389089E-080, 7.7708091E-073, 4.9680851E-069, 5.2728164E-063, 2.9949534E-058, 3.8312866E-054, 1.3721150E-049, 7.7036469E-047, 1.0451645E-059, 8.8556711E-056, 2.8100858E-076, 3.2868277E-071, 3.2826193E-067, 1.0553012E-090, 4.5072078E-088, 8.1244171E-084
 3.1071563E+001, 1.0351529E-041, 9.1379988E-042, 6.6482084E-045, 2.8059131E-049, 4.9982730E-025, 3.1947824E-025, 2.4989606E-022, 2.1996129E-022, 5.1774727E-008, 1.5057127E-004, 1.1782587E-003, 3.7383155E-010, 6.7220145E-011, 9.9637682E-010, 7.7306042E-005, 3.3104301E-019, 4.3913186E-018, 5.3899005E-018, 1.3314498E-036, 7.3888353E-062, 2.8349419E-060, 9.3937015E-041, 3.0252671E-041, 1.2812793E-038, 5.6754783E-024, 6.9819118E-023, 1.4620745E-020, 2.9154118E-019, 3.2176306E-024, 2.6700957E-023, 4.6372293E-022, 1.4669469E-019, 6.5740852E-028, 1.7284344E-027, 6.1776442E-027, 2.3271349E-026, 5.7128304E-034, 9.7160591E-034, 1.3925818E-031, 6.3729011E-044, 1.5637283E-044, 6.3889023E-046, 1.8088989E-104, 6.8526778E-103, 6.0153475E-076, 9.2841666E-071, 4.8903439E-067, 8.1275740E-061, 5.5147448E-056, 2.9120694E-051, 7.4039871E-047, 1.0817728E-043, 2.5647232E-056, 8.1210574E-053, 1.3733397E-072, 1.1630524E-067, 1.2804785E-063, 9.7976778E-087, 1.0440045E-084, 4.5201271E-080
 3.2030499E+001, 2.7904193E-042, 1.2252247E-042, 5.8966268E-046, 2.2849510E-047, 1.4168007E-025, 1.1164483E-025, 2.9032383E-022, 1.6928379E-021, 3.6348994E-006, 1.2780631E-003, 6.8967296E-004, 2.1303741E-010, 2.8999569E-008, 1.3748430E-004, 1.1338573E-004, 1.6579228E-017, 1.7669865E-018, 4.1305999E-017, 1.8548705E-036, 1.3055477E-060, 4.6148394E-057, 2.1281989E-040, 1.6030789E-039, 1.4586363E-037, 3.0353376E-023, 7.8125611E-022, 6.7393304E-020, 1.5845769E-018, 1.5187817E-022, 1.1217305E-021, 1.8393134E-020, 1.8891934E-019, 2.7284111E-027, 1.4624675E-026, 4.6552708E-026, 1.5670619E-025, 7.7459964E-033, 2.4338722E-032, 3.3301957E-030, 4.5536508E-042, 2.1742801E-043, 1.3579002E-044, 1.1051131E-101, 1.2461826E-099, 9.6331342E-072, 1.4542918E-067, 8.9992988E-065, 6.1007872E-059, 4.3216825E-054, 3.0553156E-048, 3.4089041E-044, 2.8385039E-041, 1.6244080E-053, 4.8824779E-050, 1.9824744E-069, 8.5609016E-065, 1.5907416E-060, 3.6337755E-083, 3.1715601E-081, 1.1485908E-076
 3.3048761E+001, 1.0132700E-041, 5.6339660E-043, 3.8548580E-047, 5.3712317E-045, 8.2645296E-026, 6.3627790E-025, 1.2169488E-021, 3.9703180E-020, 2.0281799E-005, 2.7187540E-003, 2.5827133E-003, 8.1460968E-010, 4.3141725E-005, 8.5800348E-004, 1.3779991E-004, 2.1138893E-016, 1.3998352E-017, 5.0120883E-016, 1.6871143E-033, 6.6212533E-060, 1.6065896E-054, 4.6776202E-040, 7.3919331E-038, 2.2912834E-036, 9.0619285E-023, 9.1522510E-022, 3.3476612E-019, 1.0764554E-017, 3.8298490E-021, 3.9605067E-020, 2.6177728E-019, 7.3514346E-019, 3.3712689E-027, 1.4426662E-025, 7.2177416E-025, 8.4993248E-025, 2.4499736E-031, 6.8392632E-031, 4.2308390E-029, 1.1409233E-040, 3.6288849E-042, 2.8857851E-043, 8.8050946E-100, 5.7993826E-097, 4.9768574E-068, 8.8315871E-064, 1.1896588E-062, 1.6450505E-056, 6.9304801E-052, 1.3407437E-045, 5.1536882E-042, 2.9932984E-039, 6.2276569E-051, 1.4925222E-047, 3.1535061E-066, 5.3812624E-062, 8.3728548E-058, 7.5798638E-080, 3.2111157E-078, 7.0042371E-074
 3.4011577E+001, 9.8866365E-042, 9.6854679E-043, 2.8066521E-046, 6.4682545E-043, 4.6808398E-025, 1.8451409E-024, 8.0599518E-021, 4.7769333E-019, 3.0401606E-005, 3.3161728E-003, 3.9981001E-003, 1.5246881E-008, 1.4871069E-004, 1.1517869E-003, 1.4202059E-003, 6.3621780E-015, 3.2995301E-011, 3.8082578E-014, 8.8231898E-031, 2.5049520E-057, 2.6875917E-052, 5.1423374E-039, 4.0486034E-036, 8.0476396E-035, 1.1041210E-022, 1.4358232E-021, 1.6564806E-018, 5.1980463E-017, 6.6283148E-020, 5.1641309E-019, 4.6965836E-018, 8.7542076E-018, 1.0468642E-026, 1.2530682E-024, 1.8313630E-023, 2.6711430E-023, 8.5130807E-030, 1.7983069E-029, 7.8685193E-028, 2.1768288E-039, 1.0078003E-040, 3.4146473E-042, 1.3654441E-099, 1.7582716E-096, 1.8383122E-064, 6.1123185E-061, 5.9157093E-061, 1.4550384E-053, 9.4906493E-050, 9.3790375E-045, 3.6480501E-040, 8.5476818E-037, 3.1293101E-049, 5.1498845E-045, 3.2066787E-063, 2.8137883E-059, 2.2129183E-055, 1.8789620E-076, 9.5128728E-075, 2.0759435E-071
 3.5061922E+001, 3.0531995E-042, 1.5243311E-043, 5.7039916E-044, 5.1876327E-041, 3.5536311E-024, 4.2190308E-024, 4.5104139E-021, 2.7956289E-019, 1.8061669E-005, 2.7495387E-003, 4.0147129E-003, 3.5074465E-006, 1.2345120E-004, 5.0831845E-003, 4.8217570E-003, 1.0359666E-013, 1.8844408E-006, 2.1332214E-013, 3.1808769E-028, 1.8718090E-054, 2.0495928E-050, 4.1747006E-037, 1.9933638E-034, 2.4678768E-033, 1.6113359E-022, 1.0315886E-020, 5.5358049E-018, 2.3376547E-016, 1.6292303E-018, 6.4172450E-018, 6.4581342E-017, 1.8929120E-016, 1.2020204E-025, 1.1572892E-023, 3.9200689E-022, 3.3465549E-022, 3.0872240E-028, 1.7787600E-027, 1.5129368E-026, 3.2697695E-038, 9.3219730E-040, 1.1665946E-040, 1.5654581E-097, 6.1799896E-094, 3.2957096E-061, 3.8478417E-058, 2.9896180E-059, 9.4483625E-051, 5.1570868E-047, 8.4302731E-042, 1.0257638E-037, 8.0884078E-035, 1.7172288E-046, 2.5977250E-042, 9.7515070E-061, 4.8759902E-057, 3.0929405E-053, 7.7367774E-073, 2.0834656E-071, 4.5367291E-069
 3.6077255E+001, 1.1959245E-042, 1.7970395E-044, 7.3092961E-042, 1.0597117E-039, 1.8368323E-023, 5.4289184E-024, 9.1713895E-022, 4.7029516E-019, 3.0316683E-005, 3.0458966E-003, 3.8092186E-003, 7.6501790E-005, 5.8310879E-004, 3.6865625E-003, 5.1362660E-003, 1.0708923E-008, 2.6361496E-006, 7.5934250E-014, 4.0439009E-026, 5.0820154E-052, 1.1974429E-048, 5.2795277E-035, 7.8958529E-033, 3.9606714E-032, 1.9915031E-021, 9.1206328E-020, 1.1723954E-017, 1.1351633E-015, 3.0994817E-017, 6.1670250E-014, 4.1185555E-016, 2.3189007E-015, 2.6965243E-024, 2.6053950E-022, 7.1251161E-021, 1.1224670E-021, 5.4223954E-027, 7.1160037E-026, 2.4178294E-025, 1.8284054E-037, 6.0046998E-039, 1.8127557E-038, 8.0156162E-095, 2.2293209E-090, 6.9078854E-059, 3.2764637E-056, 1.0876462E-057, 3.2844435E-048, 3.2389309E-044, 4.1320203E-039, 2.5474563E-035, 5.5791128E-033, 1.5824166E-043, 1.2852766E-039, 1.9529507E-058, 8.7331047E-055, 3.8751245E-051, 1.3102224E-069, 2.6231436E-068, 7.8811312E-068
 3.7066827E+001, 3.1427144E-043, 5.2215537E-044, 1.9575206E-040, 6.3208770E-039, 8.1420986E-023, 3.2273579E-024, 6.1257616E-021, 5.6280324E-018, 3.5367338E-004, 1.4201170E-003, 2.1168518E-003, 1.0016749E-004, 2.2663976E-003, 1.9024387E-003, 7.8833848E-004, 3.2634275E-007, 1.2298221E-006, 1.3742788E-015, 4.4191229E-025, 4.5723782E-050, 8.3270108E-047, 5.1447211E-033, 1.2738333E-031, 5.3261044E-031, 3.0845299E-020, 7.5491879E-019, 1.6417812E-017, 4.1734758E-015, 7.6494232E-014, 1.7124968E-012, 1.5130939E-015, 1.0934578E-014, 1.9162412E-022, 3.6440368E-021, 1.3474829E-020, 8.5028675E-021, 5.8079138E-026, 1.2957014E-024, 2.3615805E-024, 1.4087822E-036, 2.7856059E-038, 1.2489358E-036, 6.2706352E-092, 1.1448885E-087, 2.4785355E-057, 6.2556122E-055, 2.9942358E-056, 1.2893602E-045, 1.0060253E-041, 1.6033262E-037, 7.1448925E-034, 2.7037465E-031, 5.1879118E-041, 2.0811545E-037, 1.2600960E-055, 2.6365380E-052, 3.5609157E-049, 1.1294549E-066, 1.0395577E-065, 6.1772137E-066
 3.8008036E+001, 1.7834606E-043, 1.0031062E-043, 1.4283034E-039, 6.9305098E-038, 2.2557825E-022, 1.5597860E-023, 1.0932991E-019, 3.8692848E-017, 2.7711641E-004, 2.3940991E-003, 1.5990115E-003, 1.0076208E-003, 3.6129394E-003, 2.1476932E-003, 1.2708771E-004, 5.4986043E-008, 1.1295525E-008, 1.9560595E-016, 2.5148201E-024, 2.8049416E-049, 1.5155605E-045, 2.3541675E-031, 2.7243196E-030, 5.9087855E-030, 2.9681757E-019, 3.3718574E-018, 4.7647021E-017, 5.8833496E-015, 7.8499823E-013, 5.6022285E-013, 4.8483264E-015, 2.2554343E-012, 8.2862070E-021, 8.1272914E-020, 3.7760747E-020, 2.9000719E-020, 3.1631738E-025, 1.3537289E-023, 1.0530857E-023, 1.0965390E-035, 9.1947001E-037, 4.2466304E-035, 5.0904998E-089, 1.8005408E-084, 7.0793605E-056, 9.2344921E-055, 1.2597691E-054, 2.6844517E-043, 3.3423657E-040, 4.6995362E-037, 9.8471710E-033, 5.9378767E-030, 3.0960916E-039, 1.9149110E-035, 5.8661711E-053, 2.0458100E-050, 4.2825262E-047, 9.2114282E-064, 1.9597994E-063, 4.6623318E-063
 3.9052864E+001, 8.5119808E-044, 2.9076375E-042, 4.9107308E-038, 6.8139591E-037, 8.3004508E-022, 1.5988741E-022, 1.2743572E-019, 7.7108767E-017, 3.9312358E-004, 2.5733583E-003, 1.1515826E-003, 2.7525492E-003, 2.7760109E-003, 4.4703768E-003, 2.7700958E-005, 6.9743705E-009, 2.8324189E-011, 1.2533801E-016, 4.1234059E-024, 1.2072618E-047, 8.8479853E-045, 1.0453056E-029, 7.3109536E-029, 8.0602303E-029, 2.9874241E-018, 5.2189847E-018, 3.9375306E-016, 2.1854539E-014, 1.0745301E-012, 1.3406117E-013, 8.9235362E-012, 6.7236885E-012, 3.3899080E-020, 1.6937857E-019, 1.7945549E-019, 5.4231054E-020, 2.3591981E-024, 8.9086070E-023, 3.2518413E-023, 4.6023081E-035, 4.4156563E-035, 2.4798855E-033, 2.2397672E-086, 1.7901726E-083, 1.4186590E-055, 1.6737846E-052, 2.8155265E-053, 2.8477813E-040, 3.4792837E-038, 1.0702921E-035, 6.3510442E-031, 8.7498058E-029, 2.1815736E-037, 1.4576963E-033, 1.2731748E-050, 8.8912898E-049, 3.8554236E-045, 5.7380644E-061, 1.6083717E-060, 1.6214614E-060
 4.0097692E+001, 4.0605321E-043, 8.1787422E-041, 8.5735463E-038, 5.8344495E-036, 3.8076491E-021, 1.0837353E-020, 1.2834217E-019, 9.4023381E-017, 8.9137299E-004, 2.7981253E-003, 2.2915448E-003, 3.5597154E-003, 3.3477214E-003, 4.2913708E-003, 1.8829708E-006, 5.9298946E-009, 4.9819557E-014, 2.6027775E-015, 6.1735544E-024, 3.7134966E-046, 2.2252216E-044, 1.8895294E-028, 9.0496133E-028, 1.1922616E-027, 2.1331952E-017, 6.6470639E-018, 8.5456351E-016, 9.0948643E-014, 1.7581300E-012, 5.5506159E-012, 1.8003040E-011, 5.7976208E-011, 1.8640556E-019, 5.7132287E-019, 1.0993642E-019, 3.8096807E-019, 1.8068497E-023, 4.0620179E-022, 1.1320654E-022, 1.3897583E-034, 1.8826776E-033, 1.0728573E-031, 4.9886720E-084, 1.6277684E-081, 1.2433282E-054, 1.6252043E-050, 1.1949678E-051, 3.4988574E-037, 7.6395542E-036, 3.7404226E-033, 1.6753074E-029, 6.7766464E-028, 4.6906787E-035, 9.8317545E-032, 1.4022920E-048, 1.6611937E-046, 9.9859660E-044, 1.4366104E-058, 1.5256891E-057, 2.3428053E-058
 4.1038037E+001, 5.3298158E-043, 2.9712838E-039, 2.0362847E-037, 4.8845656E-036, 8.7151512E-020, 2.2542893E-019, 9.7961199E-020, 5.0193438E-017, 6.9886073E-004, 2.1115821E-003, 3.5918644E-003, 2.9267009E-003, 5.6621396E-003, 1.3411814E-003, 1.6462227E-006, 2.9752841E-008, 8.4292134E-016, 3.3235011E-013, 2.8842243E-024, 2.6896853E-045, 8.6789129E-045, 2.3756696E-027, 3.3292453E-027, 5.7473730E-027, 6.9424464E-017, 1.3079681E-017, 1.2102640E-015, 3.0511381E-014, 5.2092178E-013, 8.2031294E-012, 7.1143986E-010, 9.7016698E-011, 8.1930753E-019, 2.6110175E-018, 1.7285233E-019, 3.9520998E-018, 6.7648089E-023, 9.0973292E-022, 3.6086966E-022, 1.0153390E-033, 6.8517275E-032, 2.4095065E-030, 1.0044872E-081, 7.3735591E-079, 2.5249349E-053, 4.1009287E-050, 7.3156196E-050, 6.1622033E-035, 1.8589359E-033, 1.1753358E-031, 6.2913871E-029, 1.0925992E-027, 2.0248685E-033, 2.6288897E-030, 3.5168008E-047, 1.4434674E-044, 3.3398693E-042, 3.5773813E-056, 2.1902313E-055, 9.8267094E-057
 4.2029261E+001, 2.8811198E-042, 3.2232696E-037, 2.1666699E-036, 3.0182297E-036, 2.1052146E-018, 1.9111278E-018, 1.9268329E-019, 7.1193508E-018, 5.9812992E-004, 1.8856942E-003, 1.1273974E-003, 3.2526240E-003, 5.6049859E-003, 8.4417776E-004, 3.3649669E-006, 2.3422962E-008, 4.7518671E-010, 5.6676954E-012, 8.5449313E-025, 3.9626997E-045, 2.1909123E-043, 2.8637423E-026, 2.5695673E-026, 2.8639885E-026, 1.3159381E-016, 9.1608710E-017, 3.9498088E-015, 6.7723449E-013, 2.8159656E-011, 1.8650377E-011, 7.3521864E-010, 1.4772402E-010, 1.1482589E-017, 6.0682271E-017, 2.0079547E-018, 2.4675823E-017, 1.1502801E-022, 2.0729446E-021, 1.1009663E-021, 1.1789251E-032, 2.2748672E-030, 2.5965995E-029, 3.2824196E-079, 4.0855485E-076, 1.9539836E-051, 9.5920493E-050, 4.1398299E-048, 2.0349819E-033, 2.3657845E-031, 2.7859521E-031, 3.1111238E-029, 2.6058289E-027, 2.9079602E-032, 1.8285355E-029, 2.2563155E-045, 1.7906812E-042, 2.0200563E-040, 6.9853892E-054, 1.8400623E-053, 5.1330288E-054
 4.3032514E+001, 7.1036114E-041, 1.8928382E-035, 9.6338398E-036, 6.6873915E-037, 1.1628616E-017, 9.4074872E-018, 3.9372112E-019, 9.2078028E-019, 5.2447882E-004, 2.3118625E-003, 1.6132897E-003, 5.4901543E-003, 4.0232581E-003, 2.5138040E-003, 3.7898791E-005, 2.8477526E-009, 3.1283708E-010, 2.2680677E-012, 1.4172155E-025, 2.0077140E-045, 3.5958896E-042, 1.3270368E-025, 2.0179486E-025, 6.3871657E-026, 3.5242874E-016, 8.3137261E-016, 1.0751200E-011, 8.3335740E-012, 4.3385383E-011, 1.9654614E-011, 1.1944813E-010, 2.3743276E-008, 8.9647448E-017, 1.7185697E-016, 3.2488723E-017, 5.2242688E-017, 1.7155361E-022, 4.1344994E-021, 3.0841706E-021, 1.1761428E-031, 2.5547329E-029, 9.5696568E-029, 3.6025825E-076, 1.5856015E-073, 4.3409176E-049, 4.2914697E-048, 1.1115349E-046, 2.3006126E-032, 1.0308687E-029, 1.7355471E-031, 5.9161247E-029, 9.4258072E-027, 1.9198194E-031, 1.1747297E-028, 1.7613968E-043, 2.0239961E-040, 1.8793002E-038, 7.9663671E-052, 5.5679886E-051, 1.5126644E-051
 4.4063896E+001, 7.7132096E-039, 2.1219339E-034, 3.6810784E-036, 1.0888799E-037, 3.6180333E-017, 2.3880402E-017, 7.2457311E-019, 3.1980000E-020, 6.7952121E-004, 7.1644232E-003, 6.0662432E-003, 6.0651976E-003, 4.2336657E-003, 6.0552042E-003, 1.0922973E-004, 2.6592715E-009, 3.6234761E-012, 2.3563350E-012, 3.7947622E-026, 7.0411357E-045, 3.6312424E-041, 4.2120825E-025, 8.9648039E-025, 1.1017297E-025, 1.0266347E-015, 1.3827186E-011, 3.1454098E-011, 3.0473546E-010, 4.8620668E-011, 5.4935756E-011, 1.2525162E-007, 2.5823635E-007, 2.2873943E-016, 2.6209950E-016, 2.7566004E-016, 4.3876755E-017, 2.5565799E-022, 6.7977039E-021, 1.2877900E-020, 1.0435035E-030, 9.2647266E-029, 1.5745713E-028, 7.2208966E-074, 2.6577944E-071, 4.7875111E-048, 2.0693067E-046, 4.6230771E-045, 8.9089953E-031, 9.1670591E-028, 6.1508519E-032, 2.9496238E-029, 3.2168195E-026, 4.5484928E-031, 3.6541303E-028, 7.2050958E-042, 1.9677323E-038, 1.9255246E-037, 5.7394598E-050, 7.7540067E-049, 3.7715604E-050
 4.5095279E+001, 6.9441296E-037, 2.3465098E-033, 1.4561817E-035, 1.2105932E-038, 6.8769513E-017, 2.1411250E-017, 5.5210661E-017, 1.7924432E-021, 9.9492492E-004, 8.5143882E-003, 5.5784635E-003, 6.6483921E-003, 4.9500499E-003, 9.4501242E-003, 7.6849941E-004, 1.9050096E-009, 4.9519774E-014, 3.4135382E-014, 9.7514532E-027, 4.7038386E-044, 6.0923540E-041, 3.6842355E-025, 1.0861523E-024, 1.1495235E-025, 8.1537224E-012, 1.8610306E-010, 4.9883192E-012, 9.9596235E-010, 7.4821383E-010, 1.1176847E-009, 4.6469548E-007, 2.9931557E-005, 2.4526909E-016, 2.0544518E-014, 7.5721187E-013, 1.3975787E-016, 7.3863711E-022, 1.2521647E-020, 8.9312904E-020, 1.8553279E-030, 1.5026604E-028, 5.9216494E-029, 1.9500843E-072, 1.7969102E-069, 1.9399902E-046, 2.9652713E-045, 1.2719870E-043, 1.8319674E-029, 3.9189424E-026, 3.1457884E-031, 1.5015489E-028, 2.7818157E-025, 3.9934110E-031, 6.9174647E-028, 1.2023841E-040, 6.1577079E-037, 6.5776755E-037, 4.4621858E-048, 7.8968758E-048, 2.4353352E-048
 4.6043795E+001, 1.9530163E-035, 1.9708807E-032, 3.2946430E-035, 2.9592127E-039, 6.5113810E-017, 3.7867482E-017, 5.4186767E-015, 9.8022424E-021, 5.7763799E-003, 5.8175297E-003, 1.3487563E-003, 6.9853001E-003, 6.0353467E-003, 4.7162228E-003, 1.3025986E-003, 1.8503267E-009, 1.1840389E-013, 7.5643540E-016, 7.6730740E-027, 3.2871248E-043, 5.2029045E-041, 1.4432754E-025, 6.5275193E-025, 6.5939028E-026, 1.5702542E-011, 1.4407272E-010, 4.3445012E-013, 7.2108834E-009, 1.7667991E-009, 2.7737465E-009, 7.1578841E-007, 3.2549432E-005, 2.7315318E-016, 2.1156021E-012, 1.5248070E-011, 1.0249903E-015, 4.1855271E-021, 6.1062740E-020, 5.3387568E-019, 9.4226119E-030, 1.9032199E-028, 8.1693546E-029, 1.6558343E-070, 1.7746587E-067, 1.0265091E-044, 3.1528577E-044, 3.2843226E-042, 1.4833373E-027, 4.4134795E-025, 3.0045021E-029, 3.2706604E-027, 3.8484994E-023, 6.4624517E-030, 1.1178563E-026, 2.4707767E-039, 5.1806663E-036, 3.9623964E-036, 2.5540749E-046, 2.8623241E-046, 1.0179038E-046
 4.7006824E+001, 9.5741887E-035, 8.1829002E-032, 1.8973016E-035, 2.5852276E-039, 6.0406514E-017, 1.7559290E-016, 1.3713546E-011, 3.4776881E-020, 9.6181824E-003, 3.8379795E-003, 4.0114734E-004, 7.3782317E-003, 8.0013283E-003, 3.2931627E-003, 2.6543124E-003, 4.0725663E-009, 8.1500905E-013, 4.5439474E-016, 2.0151827E-026, 1.4986430E-043, 1.0007028E-041, 8.8062430E-026, 1.4018049E-024, 4.1881507E-026, 3.7356592E-012, 2.1763006E-011, 1.0863058E-011, 7.7192282E-008, 3.1697151E-009, 4.1819902E-009, 9.6309936E-007, 5.0882779E-005, 2.3432062E-012, 1.4021557E-012, 2.1464756E-011, 5.8733496E-015, 3.6338068E-020, 6.3820684E-019, 1.7523243E-018, 2.2308942E-029, 6.6890276E-028, 1.0297430E-028, 9.5724393E-069, 3.5368027E-065, 9.2347765E-043, 1.1559618E-042, 4.9293674E-041, 2.7677471E-026, 5.1098560E-024, 9.3363229E-028, 1.3623274E-025, 2.1587518E-021, 1.9105443E-028, 1.4016564E-025, 3.0263737E-038, 3.2031833E-035, 1.7107504E-035, 5.9225246E-045, 1.6490371E-044, 6.4379289E-046
 4.8017057E+001, 6.5251476E-034, 1.6851690E-031, 6.9868069E-035, 3.4722235E-039, 1.7516087E-016, 1.8390392E-015, 1.3761530E-011, 2.7963645E-020, 5.3808416E-003, 5.4357644E-003, 2.9311252E-003, 1.2841580E-002, 1.0880279E-002, 5.0090026E-003, 8.1745225E-003, 4.0786495E-007, 7.8910498E-011, 2.3271793E-015, 1.5790965E-026, 1.1519559E-043, 3.0348391E-042, 7.1885024E-026, 2.5352817E-023, 3.5035932E-025, 1.7078086E-011, 1.8489670E-012, 3.3408358E-007, 3.3136275E-007, 5.4220480E-009, 4.1143915E-009, 2.5571853E-007, 5.3895043E-005, 1.5914953E-010, 2.9954828E-012, 1.0901179E-009, 3.4684875E-014, 3.2917310E-019, 4.8286787E-018, 7.1886204E-018, 3.6497292E-029, 2.3483112E-027, 5.6502816E-028, 1.3361512E-066, 2.5305022E-063, 4.8170837E-041, 1.2397828E-041, 2.1381219E-039, 1.3019530E-025, 2.9618123E-023, 2.0443451E-026, 7.8478071E-024, 4.4787182E-020, 1.6699420E-027, 5.9330465E-025, 4.4273458E-037, 1.4407840E-034, 2.3274920E-034, 2.2588300E-044, 9.9060943E-044, 3.4522770E-046
 4.9025024E+001, 8.3355297E-033, 6.1055426E-032, 4.5559152E-033, 1.2130464E-037, 1.0677860E-015, 4.3305754E-015, 2.3970363E-014, 1.2146041E-020, 8.1746971E-003, 9.7951721E-003, 5.8346077E-003, 1.3940830E-002, 1.0866183E-002, 6.1476526E-003, 7.2367450E-003, 2.5061871E-004, 8.1627701E-011, 1.0368853E-014, 1.0469101E-025, 1.0129007E-043, 2.0679916E-041, 1.6205369E-025, 2.3041639E-022, 3.3503556E-024, 1.9837641E-010, 1.8768612E-008, 4.2615966E-007, 1.4128809E-004, 5.3365244E-009, 3.5612585E-009, 1.9967228E-006, 1.0331143E-004, 4.6700048E-010, 2.3157710E-009, 2.9651392E-008, 3.1816908E-012, 2.8834370E-018, 2.1049042E-017, 1.9160119E-017, 5.1429779E-029, 1.9310684E-027, 1.5040983E-027, 1.0651575E-065, 1.4055635E-061, 1.1042028E-039, 3.1164371E-041, 2.3884655E-038, 1.4296909E-024, 1.4372264E-022, 4.9724244E-025, 2.4299715E-022, 6.9829071E-019, 1.4430174E-027, 3.6376764E-024, 3.9520478E-036, 4.5821261E-034, 3.1802881E-033, 1.0845705E-043, 1.6313334E-043, 8.7005776E-045
 5.0006326E+001, 1.3546367E-032, 2.0043598E-031, 1.8748437E-031, 5.4359656E-036, 3.2673911E-015, 1.1773813E-015, 2.2026122E-016, 1.2009328E-020, 1.0479066E-002, 8.0890753E-003, 3.1755952E-003, 7.8718738E-003, 1.2732445E-002, 9.5465232E-003, 7.5887282E-003, 4.8070170E-004, 2.5201589E-012, 8.2680124E-015, 1.1832519E-024, 8.0699807E-044, 6.5909385E-041, 1.3474245E-024, 4.4865635E-022, 4.3878278E-024, 7.7401700E-010, 1.1786524E-008, 4.0097600E-006, 1.6362965E-004, 5.7934177E-009, 3.1096171E-009, 2.5766291E-006, 1.2295776E-004, 5.3336312E-010, 5.8121392E-009, 6.5972061E-009, 1.7687769E-008, 8.4564594E-018, 5.0514135E-017, 3.0579919E-017, 1.8107897E-028, 9.5252902E-028, 9.6376804E-027, 3.1153287E-063, 2.0957754E-059, 1.0882185E-038, 2.1176141E-040, 3.0273681E-037, 3.3043700E-024, 2.3084067E-022, 6.5009512E-024, 5.0853160E-021, 3.0476357E-018, 7.5228694E-027, 1.3190887E-023, 3.6718750E-035, 1.3127653E-033, 4.1969046E-032, 6.2926383E-043, 2.6509657E-042, 1.4121360E-043
 5.1050750E+001, 9.7783668E-033, 7.7421470E-031, 5.3099866E-031, 3.5627776E-035, 4.8635310E-015, 1.7332243E-014, 4.7888680E-017, 5.0324000E-020, 9.7616830E-003, 5.6659226E-003, 3.2107142E-003, 6.1196753E-003, 2.0953371E-002, 1.0078644E-002, 1.3209253E-003, 2.6137595E-004, 2.5361224E-014, 1.5924024E-013, 4.3521194E-024, 4.0763870E-043, 1.7533576E-040, 6.7073722E-024, 1.9096390E-022, 5.2684331E-024, 1.1101593E-009, 3.8129304E-009, 3.2667463E-005, 2.7561386E-005, 4.5210055E-009, 3.7955937E-007, 1.3211467E-005, 3.3571898E-005, 2.3252121E-010, 3.9658133E-010, 2.3032818E-010, 3.2412397E-007, 1.6017979E-017, 6.5963449E-017, 3.2165057E-017, 1.0373358E-028, 5.1606550E-028, 4.0190852E-026, 3.1250714E-060, 3.9485928E-057, 9.5794665E-038, 5.5410883E-039, 2.1691971E-036, 2.4390135E-024, 6.6618927E-023, 4.9557070E-023, 3.5507230E-020, 2.2290613E-017, 7.9677144E-026, 5.0938445E-023, 3.0375424E-034, 1.2505984E-032, 4.1092118E-031, 1.9113699E-042, 1.1782026E-040, 3.5363771E-042
 5.2025665E+001, 3.2241231E-032, 1.2188628E-030, 3.2068105E-030, 2.1618321E-034, 5.9535337E-015, 8.5657237E-013, 3.6863630E-016, 3.4785586E-020, 8.4117548E-003, 4.1897360E-003, 2.4535414E-003, 5.8949553E-003, 2.2474122E-002, 8.7859514E-003, 3.0743199E-004, 5.4048273E-005, 7.1250645E-016, 1.4554289E-012, 9.2022847E-024, 1.2085621E-042, 2.7288968E-040, 4.6043717E-024, 2.1027878E-023, 1.4581751E-023, 1.4402377E-009, 7.4323294E-009, 3.5665576E-005, 8.0802751E-006, 2.5387607E-009, 1.3449509E-006, 1.4441888E-006, 1.4544817E-005, 1.7864234E-010, 7.0176822E-011, 1.0998061E-010, 1.5875874E-007, 3.7213233E-017, 1.3354836E-016, 5.5869166E-017, 5.1558820E-029, 1.3263380E-027, 4.8782081E-026, 5.2286330E-058, 2.0854419E-055, 6.4140350E-037, 1.2762029E-037, 3.4078000E-036, 4.5582252E-024, 2.5224543E-023, 3.4948174E-022, 1.0622931E-019, 4.4643784E-017, 2.4321933E-025, 7.0328358E-023, 2.9769617E-033, 3.3795500E-031, 4.6389287E-030, 9.1569248E-042, 2.3142250E-039, 6.2491470E-041
 5.3027062E+001, 1.1760277E-031, 1.6428032E-029, 9.5569192E-030, 4.3305204E-033, 9.5652231E-015, 1.7354864E-012, 3.9664842E-016, 1.7842159E-020, 4.7161148E-003, 4.0485377E-003, 1.2904904E-003, 6.6131549E-003, 1.2932404E-002, 6.8080104E-003, 5.7965136E-004, 3.7110677E-005, 4.9401086E-016, 5.1185803E-012, 4.2622904E-023, 1.3314969E-042, 1.7212583E-040, 4.5856742E-024, 7.0947139E-024, 2.0130592E-023, 3.1425286E-010, 5.2604557E-005, 1.9381670E-004, 8.6014715E-006, 1.4167379E-009, 5.5948665E-007, 8.0489563E-006, 1.2994781E-005, 1.7182555E-010, 8.0788263E-012, 8.4440810E-012, 7.2569722E-008, 7.8515549E-017, 1.3612277E-016, 2.0835353E-016, 8.8124804E-029, 1.0334416E-026, 1.2793008E-026, 1.9696702E-056, 2.3263404E-054, 1.4409184E-035, 3.1446576E-036, 1.4969173E-035, 9.3756380E-024, 1.6371202E-022, 1.3984078E-021, 3.3001027E-019, 7.0919437E-017, 4.0786873E-025, 2.5907447E-022, 3.3649082E-032, 3.9501282E-030, 1.8335220E-029, 1.1673345E-040, 3.4785734E-038, 1.2066607E-039
 5.4028460E+001, 6.4152451E-031, 3.0149859E-028, 8.9461641E-030, 3.3227279E-032, 1.1225778E-013, 2.7508101E-012, 2.0385287E-016, 9.6921452E-021, 3.6671684E-003, 4.5848349E-003, 1.8517334E-004, 4.5660554E-003, 3.4839730E-003, 3.7225112E-003, 8.4441837E-004, 9.7288887E-006, 1.3347211E-015, 1.7816079E-010, 4.0640850E-023, 1.9918620E-042, 6.6760495E-041, 3.3826496E-024, 5.9972766E-024, 2.9792944E-023, 1.4015901E-010, 4.2649839E-004, 1.2896214E-004, 1.6194057E-005, 6.3487436E-009, 7.0137237E-007, 1.5360870E-005, 4.2190373E-005, 8.6758309E-011, 9.5318972E-013, 2.3484717E-013, 8.2852224E-009, 1.2133018E-016, 1.2801860E-016, 1.6934660E-014, 2.9730916E-028, 1.6004608E-026, 8.0268787E-027, 6.0549155E-055, 9.5443041E-054, 7.1257182E-035, 1.4519049E-035, 3.0062689E-034, 2.2768273E-023, 9.2499041E-021, 5.9021673E-021, 1.5284940E-018, 7.8873518E-017, 2.3945270E-024, 6.4484703E-022, 6.3031843E-031, 3.1033983E-029, 1.1553874E-028, 1.4046479E-039, 2.9475230E-037, 2.7489951E-038
 5.5029858E+001, 1.7593944E-030, 1.4443222E-027, 2.0004426E-030, 4.0028614E-032, 8.8156777E-013, 2.5064403E-013, 1.5853445E-016, 3.5703262E-020, 4.0318312E-003, 3.2369663E-003, 2.8397687E-004, 3.1731085E-003, 1.2467971E-003, 2.6242381E-003, 1.0240309E-003, 1.8070899E-007, 1.8814331E-013, 1.3590460E-007, 5.9692183E-024, 1.5736262E-042, 6.6704659E-041, 1.8245600E-023, 2.4301951E-023, 2.7709135E-023, 1.4844406E-007, 2.9144737E-004, 2.0644948E-004, 2.0656905E-005, 8.3119408E-007, 5.3954565E-007, 3.4432630E-005, 8.3818309E-005, 5.8044909E-012, 9.7341725E-013, 1.0184129E-008, 1.7969340E-009, 3.2060356E-016, 2.3204692E-016, 2.9362825E-012, 1.4837576E-027, 2.0149893E-027, 7.8297026E-026, 7.3739901E-054, 2.3178285E-053, 4.3623755E-034, 3.8885232E-035, 2.8240990E-033, 4.6953610E-022, 3.1105219E-019, 1.7057464E-020, 4.3974109E-018, 1.9438285E-016, 2.4226401E-023, 5.2525164E-022, 1.6968679E-029, 1.9537413E-028, 7.5239740E-028, 1.2395394E-038, 7.9714855E-037, 1.0000852E-036
 5.6031255E+001, 7.2455250E-030, 4.4842876E-028, 3.7744645E-031, 4.5368749E-033, 4.3407450E-012, 2.4887352E-015, 1.7579371E-016, 4.9453039E-019, 3.3698493E-003, 1.0016422E-003, 7.1394019E-003, 4.4188730E-003, 1.0670475E-003, 1.8902496E-003, 1.8004821E-003, 1.2024031E-007, 2.3676070E-007, 1.9244896E-007, 8.4957739E-025, 1.5197603E-041, 6.8844973E-040, 7.4683645E-023, 2.4191017E-023, 5.3922063E-022, 5.7204626E-005, 2.9726480E-004, 2.8087809E-004, 1.5434288E-004, 1.7667868E-005, 1.2303259E-005, 3.0271647E-005, 1.0731129E-003, 6.3725748E-012, 7.1075651E-008, 1.6572370E-006, 6.8122560E-006, 1.3784063E-015, 1.1437076E-015, 1.0290813E-010, 2.6222869E-027, 3.1339829E-027, 2.0722696E-025, 9.3545456E-053, 8.6527200E-053, 7.4455306E-033, 2.5334803E-034, 7.7409189E-033, 3.5344208E-020, 4.1772165E-018, 3.1608253E-020, 8.9360326E-018, 4.4875510E-016, 3.0998896E-022, 1.6793067E-021, 2.4454638E-028, 8.8346889E-028, 3.0782213E-027, 8.2986696E-038, 1.4888062E-036, 6.5190673E-036
 5.7032653E+001, 6.4974037E-030, 3.3523887E-029, 1.1290541E-031, 3.7712701E-034, 1.6648392E-012, 5.7719014E-015, 5.3013824E-015, 2.4953762E-018, 2.7785537E-003, 9.5418732E-003, 1.2037830E-002, 4.4989498E-003, 6.9745982E-004, 7.9450172E-004, 1.9861529E-003, 1.0189367E-006, 1.8164520E-006, 5.7716825E-008, 2.0537882E-024, 2.2991754E-041, 2.9376452E-039, 1.9452121E-022, 2.5246439E-023, 3.4961328E-021, 6.2469914E-005, 8.8128477E-005, 2.6821682E-004, 3.1761424E-004, 2.1664613E-005, 4.8986270E-004, 1.2575392E-003, 1.7018944E-003, 3.8862088E-011, 3.5159217E-006, 1.0786258E-006, 6.5720934E-005, 9.6317100E-012, 6.8009565E-014, 4.4338228E-010, 7.5997380E-027, 5.6873105E-026, 5.7684884E-025, 1.0423419E-051, 1.5697376E-051, 1.7648746E-031, 3.0270296E-033, 4.1994858E-032, 1.6933986E-019, 1.4300604E-017, 1.2548617E-019, 5.1261812E-017, 1.0786980E-015, 2.6882937E-021, 1.7040782E-020, 2.5091123E-027, 5.3109164E-027, 1.2350823E-026, 4.1753431E-037, 1.8540203E-035, 1.0303366E-034
 5.8034051E+001, 4.0335559E-030, 2.9915817E-030, 3.5359394E-030, 3.3943936E-032, 1.3555903E-013, 1.6740701E-014, 2.4371373E-013, 6.2092487E-018, 2.1494839E-003, 1.2882569E-002, 6.7993509E-003, 4.3573819E-003, 4.1305706E-004, 1.6487259E-004, 2.7679647E-003, 4.2466583E-008, 1.0795023E-006, 1.8179962E-008, 2.7610234E-023, 9.5496372E-041, 1.5454874E-038, 1.2742757E-022, 1.2929335E-022, 4.0892433E-020, 9.6807648E-005, 3.3591728E-004, 3.1508887E-004, 1.5360197E-004, 2.6141064E-005, 2.3703575E-003, 2.1008634E-003, 1.1680169E-003, 1.2655474E-010, 6.2831925E-006, 1.8477714E-007, 6.9808107E-005, 4.9930105E-010, 3.8231812E-010, 1.4774485E-007, 2.9256413E-026, 7.9401556E-025, 2.0993987E-023, 1.1125291E-050, 8.9986589E-050, 1.9738651E-030, 6.1564507E-033, 8.0262449E-032, 1.4112198E-018, 2.9625745E-017, 7.1753938E-019, 1.5162508E-016, 3.7615397E-013, 2.3187492E-020, 1.2883350E-019, 2.1852309E-026, 4.0072444E-026, 6.3302537E-026, 3.2640326E-036, 3.3160699E-034, 2.1130954E-033
 5.9035448E+001, 2.4325358E-030, 4.2888137E-030, 1.4195949E-028, 4.0947741E-030, 5.5580611E-013, 6.2308393E-014, 3.1359827E-013, 1.5510846E-017, 4.5097210E-003, 5.7217896E-003, 9.9547604E-003, 5.8010634E-003, 1.6713473E-004, 4.5314683E-004, 2.5006148E-003, 1.6899181E-008, 4.4712979E-006, 8.2428561E-008, 3.7580092E-022, 7.5846315E-040, 1.4678628E-038, 9.7553471E-023, 1.5871808E-021, 1.5618182E-019, 1.9120604E-004, 4.9076987E-004, 2.5514851E-004, 1.1945362E-004, 9.5591296E-005, 1.7060930E-003, 1.1619393E-003, 1.4489945E-003, 1.1839970E-009, 8.2336170E-006, 3.0880541E-005, 2.0298717E-005, 2.3538747E-007, 1.3638568E-009, 9.2257457E-006, 4.4610459E-025, 8.2461859E-024, 1.0792430E-022, 5.6473380E-050, 1.5224799E-048, 3.7562782E-030, 1.4495620E-032, 3.4913926E-032, 5.7808107E-018, 6.1043875E-017, 1.0456910E-017, 3.7112317E-016, 6.4797968E-013, 9.1854921E-020, 7.8208573E-019, 1.6673331E-025, 3.0214476E-025, 3.4873908E-025, 1.5689709E-034, 1.7085679E-033, 4.8763622E-032
 6.0036846E+001, 1.0319103E-030, 1.3859686E-028, 5.2844866E-027, 3.6323120E-028, 4.4936578E-012, 1.4221220E-013, 5.0914475E-014, 5.0316582E-017, 6.8278443E-003, 7.0265143E-003, 4.3714721E-003, 6.8088297E-003, 1.8642421E-004, 9.7270388E-004, 1.5702143E-003, 1.1760935E-005, 3.1168875E-006, 4.4999659E-005, 1.7330188E-021, 1.2230882E-039, 5.3055457E-039, 9.0299357E-023, 4.0517006E-021, 3.3094454E-019, 5.1185288E-004, 3.7729988E-004, 2.3745705E-004, 6.0989113E-005, 1.5740229E-004, 7.4714166E-004, 1.3429761E-003, 1.1171535E-003, 1.8450362E-007, 1.3001363E-005, 1.3659773E-004, 6.6432657E-005, 2.9116277E-006, 1.6216744E-005, 6.9436109E-004, 3.8827061E-024, 1.4814286E-022, 1.4990149E-022, 2.3653981E-049, 3.5275321E-047, 2.6375195E-030, 3.6901516E-032, 1.8447019E-031, 5.6653946E-018, 1.5147754E-016, 6.7736016E-017, 6.5542230E-016, 9.2693971E-013, 2.7706898E-019, 3.2063437E-018, 1.0745113E-024, 1.5361227E-024, 1.4174475E-024, 3.2514600E-033, 1.3168825E-032, 2.2389540E-030
 6.1038244E+001, 7.2425211E-030, 5.1036525E-027, 1.3565581E-025, 2.3845467E-026, 2.8980767E-012, 8.0462678E-013, 3.4557550E-013, 1.3801062E-016, 4.0454689E-003, 9.2666325E-003, 2.0848334E-003, 5.0130885E-003, 8.1793513E-004, 8.9239692E-004, 2.1487898E-003, 6.0611724E-005, 6.4996559E-005, 1.5066623E-004, 4.4058960E-021, 4.3755775E-040, 5.2447224E-039, 1.8942525E-022, 2.7186340E-021, 1.9244625E-019, 1.9789351E-004, 4.3549141E-004, 4.0598506E-005, 4.5547510E-005, 1.5654108E-004, 5.2826861E-004, 8.0641515E-004, 2.3960957E-003, 2.6038596E-006, 1.6266890E-005, 2.2096899E-004, 1.9694055E-004, 1.5692090E-005, 1.4377925E-004, 4.3312394E-004, 2.9949128E-023, 2.1752113E-021, 4.6282613E-023, 2.1261396E-048, 4.6302019E-046, 4.7734736E-030, 1.0149330E-031, 9.6033165E-030, 3.0771222E-017, 2.3299436E-016, 2.9481883E-016, 3.1061955E-014, 6.9364086E-009, 8.9222935E-019, 1.3403140E-017, 5.3241253E-024, 9.0521973E-024, 5.4328470E-024, 1.3918843E-032, 6.0961426E-032, 4.0805175E-029
 6.2039641E+001, 4.6756274E-029, 2.3373898E-026, 4.2093694E-024, 1.0135830E-024, 3.6058848E-012, 7.3178185E-012, 3.6700565E-012, 9.2841135E-017, 1.4204991E-003, 5.1909698E-003, 6.9355749E-004, 2.8546850E-003, 1.6066491E-003, 5.3756375E-004, 2.7360932E-003, 1.9050170E-004, 2.1359268E-004, 3.7842354E-005, 1.6575134E-020, 1.4098462E-039, 1.3992257E-038, 4.7541186E-022, 2.8834959E-021, 4.3010841E-020, 5.5515781E-005, 6.2212634E-005, 1.5109887E-005, 2.6288385E-004, 1.2720613E-004, 8.4811400E-004, 1.0891732E-003, 3.8092010E-003, 4.7779513E-006, 2.2962470E-005, 1.2023740E-004, 4.7483884E-004, 1.1485490E-005, 8.3443135E-004, 3.7225130E-005, 1.9004304E-022, 1.8974583E-020, 1.3547130E-023, 2.7592839E-047, 9.0904537E-045, 2.3006760E-029, 1.8106558E-031, 3.8246309E-029, 1.5001424E-016, 2.7206402E-016, 1.1977200E-015, 2.4567844E-013, 1.4523371E-007, 3.4668171E-018, 5.7777504E-017, 2.3055896E-023, 7.1332179E-023, 1.8180777E-023, 7.3862645E-032, 1.7015603E-031, 4.0651686E-028
 6.3041039E+001, 1.4175486E-028, 5.1963015E-025, 1.5830171E-022, 1.3806001E-023, 4.5343542E-012, 7.8554717E-012, 6.9876645E-012, 9.3121563E-017, 2.6398043E-003, 6.6035364E-003, 1.2100220E-003, 1.5595769E-003, 8.4061290E-004, 7.9659366E-004, 5.0775837E-003, 1.7431274E-004, 1.2947086E-004, 8.2014671E-006, 7.4882154E-021, 2.3724244E-039, 2.2421667E-038, 7.3151056E-022, 2.6784875E-021, 5.4462445E-020, 2.6974631E-005, 3.1989286E-004, 9.6597611E-005, 8.2643402E-004, 1.2309147E-004, 1.2128228E-003, 1.5462871E-003, 2.4768028E-003, 6.9510353E-005, 3.0583679E-004, 2.9995957E-004, 4.4040662E-004, 2.3156437E-004, 8.9805222E-004, 1.9456114E-005, 2.1470103E-021, 3.1759907E-020, 2.5791600E-022, 2.0105286E-046, 4.0398974E-044, 4.2199091E-029, 4.2871809E-031, 5.3343235E-029, 5.4201137E-016, 7.4621225E-016, 3.5247951E-015, 1.0918232E-011, 1.6923042E-008, 9.3891673E-018, 1.6653011E-016, 8.8533532E-023, 4.9400320E-022, 6.7475116E-023, 2.2923578E-031, 3.0866276E-030, 3.2494334E-027
 6.4042437E+001, 4.4258947E-028, 4.5189654E-023, 3.3405917E-021, 2.4337138E-023, 2.5612822E-012, 6.9256694E-012, 2.8343011E-012, 1.3088119E-016, 4.2026821E-003, 6.3332966E-003, 3.4343011E-003, 1.3479865E-003, 5.5691127E-004, 1.9339236E-003, 5.1827495E-003, 3.1987397E-004, 2.5234433E-005, 1.4937664E-005, 7.8298337E-022, 4.2304633E-039, 2.0680889E-038, 5.6093979E-022, 2.5995174E-020, 3.5655360E-020, 5.2706530E-005, 2.6133829E-004, 1.1917520E-004, 9.0899197E-005, 1.3071041E-004, 1.4303936E-003, 2.3062073E-003, 2.4535067E-003, 3.4436833E-004, 6.3774739E-004, 9.4643318E-004, 2.3205031E-004, 4.2239054E-004, 5.1916953E-004, 1.6927889E-004, 9.4472622E-021, 5.2368190E-020, 5.4162373E-021, 8.3887204E-046, 2.5002923E-043, 3.5995233E-029, 6.8123855E-031, 5.4771270E-028, 6.2473741E-016, 8.9895449E-016, 4.8485949E-015, 8.7646491E-011, 1.2609147E-009, 2.4699305E-017, 4.5405674E-016, 3.7229799E-022, 1.8258897E-021, 3.2105706E-022, 6.4840636E-031, 4.4228480E-029, 1.1166508E-026
 6.5043834E+001, 8.9376088E-027, 9.8055879E-022, 1.7754608E-020, 9.4312454E-024, 7.5265513E-013, 3.5649201E-012, 6.3378633E-013, 4.6477172E-016, 2.5151039E-003, 2.8947851E-003, 2.7360510E-003, 1.1676987E-003, 5.2515759E-004, 1.8252919E-003, 4.3107653E-003, 2.2873315E-004, 8.1028098E-005, 2.0244109E-006, 8.7043840E-023, 1.9975048E-038, 2.9716280E-038, 1.1106702E-021, 6.9393829E-019, 1.5088023E-020, 9.0484637E-005, 1.3722536E-005, 1.3595411E-004, 2.1576933E-005, 3.9635979E-004, 1.6830404E-003, 2.2972821E-003, 2.5863619E-003, 4.3043507E-004, 4.6742548E-004, 1.2530977E-003, 9.9603470E-005, 6.6457090E-004, 4.7583600E-004, 3.2095474E-004, 5.3674349E-020, 3.5452199E-020, 5.4338540E-020, 2.2927251E-045, 1.1462840E-042, 2.8603601E-029, 1.6170275E-030, 6.2888479E-027, 6.7972792E-016, 5.4843997E-016, 4.1956919E-015, 1.1742956E-009, 1.6093329E-006, 5.6504870E-017, 1.2225201E-015, 1.6372355E-021, 6.9046206E-021, 1.2362958E-021, 8.0807165E-030, 7.2317753E-028, 2.0697031E-026
 6.6045232E+001, 1.1702203E-024, 2.4801551E-020, 5.6854670E-021, 9.6622201E-025, 6.2074146E-013, 1.2141118E-011, 1.6796335E-012, 5.0280096E-016, 2.1011060E-003, 2.5208784E-004, 2.7076037E-003, 9.1550259E-004, 5.1968671E-004, 2.1631781E-003, 3.7922251E-003, 4.7788673E-004, 1.1332657E-004, 3.1798983E-007, 1.7116880E-022, 8.9572743E-038, 1.1307878E-038, 1.8676417E-020, 1.2970734E-017, 3.9364918E-020, 2.3596853E-005, 1.0871595E-005, 2.2457951E-004, 1.3100979E-005, 7.3530732E-004, 1.7567185E-003, 2.1525354E-003, 2.5903640E-003, 4.1326928E-004, 6.8600397E-004, 1.3454791E-003, 3.2362381E-005, 7.0018010E-004, 7.4252865E-004, 1.1933728E-004, 8.8098499E-020, 1.9522176E-019, 1.6146250E-019, 2.6388903E-045, 1.4852194E-042, 2.0459864E-029, 1.9623894E-029, 7.4085985E-026, 3.3182555E-016, 3.2167518E-016, 2.1713202E-014, 2.2841305E-009, 5.7493501E-006, 1.3392116E-016, 4.1576404E-015, 6.0463756E-021, 1.8229767E-020, 3.3819236E-021, 1.5956820E-028, 5.5434677E-027, 1.8997063E-026
 6.7046629E+001, 2.8825669E-023, 1.8499156E-019, 1.0364395E-021, 5.5101942E-026, 5.1021621E-013, 5.0858971E-011, 4.0302902E-013, 1.5912153E-016, 1.6197736E-003, 8.2221101E-005, 2.7357785E-003, 1.4489105E-003, 1.4452078E-003, 2.8862479E-003, 4.2424941E-003, 5.0080958E-004, 3.7603216E-005, 1.6148809E-006, 3.4176709E-021, 2.7480367E-037, 5.8998922E-039, 4.4330700E-019, 2.6116945E-017, 1.9566245E-019, 1.3392959E-005, 9.3431860E-005, 5.5410597E-005, 5.8890937E-006, 9.4280914E-004, 1.6755206E-003, 1.9078904E-003, 2.3708129E-003, 3.6577071E-004, 1.2876262E-003, 6.6522673E-004, 1.2060879E-004, 5.5734588E-004, 5.3862635E-004, 1.0633075E-005, 1.3894039E-019, 2.5781208E-018, 1.7415188E-018, 2.1015213E-045, 1.3459914E-042, 1.8647494E-029, 1.7790043E-028, 1.1636101E-024, 1.2921478E-016, 2.4858630E-016, 7.6712592E-013, 6.2798672E-010, 3.6737811E-006, 3.8514116E-016, 2.8086635E-015, 1.5851826E-020, 2.6297566E-020, 1.1771597E-020, 1.7168761E-027, 2.2766537E-026, 2.2251205E-026
 6.8048027E+001, 5.0829144E-023, 1.5697720E-019, 1.1227812E-021, 1.6990761E-026, 1.0860902E-012, 1.0247977E-009, 1.0841778E-013, 2.4659244E-017, 1.5254419E-003, 2.0876345E-003, 4.9347137E-004, 1.6212608E-003, 2.9768469E-003, 8.4477256E-003, 2.6459903E-003, 5.0128410E-004, 3.6848566E-005, 8.8198771E-005, 2.7542796E-020, 2.7746089E-037, 4.9422248E-039, 2.9710840E-018, 2.4347100E-017, 1.8968524E-018, 1.1800710E-005, 6.6400468E-005, 6.2799709E-004, 1.2689948E-005, 7.2069798E-004, 1.4092192E-003, 2.0316498E-003, 2.1485395E-003, 3.7377098E-004, 1.1432310E-003, 4.8227341E-004, 5.3995226E-004, 5.6800848E-004, 6.9509311E-005, 4.8169379E-006, 5.3021691E-019, 1.2784211E-017, 7.6039025E-018, 2.0572828E-045, 3.0001785E-042, 3.9012568E-029, 1.4111178E-027, 1.9925162E-024, 1.2072073E-016, 1.6643889E-015, 4.1496728E-012, 1.3615604E-009, 2.1454343E-006, 3.9667763E-016, 2.4155389E-014, 4.2686181E-020, 3.2473837E-020, 2.1578284E-020, 1.4548832E-026, 9.3813808E-026, 8.9789733E-026
 6.9049425E+001, 1.5120004E-023, 2.5291111E-020, 8.0863692E-021, 7.3497898E-026, 9.2017077E-012, 2.4447505E-009, 3.9318170E-014, 8.7154670E-018, 2.5460783E-003, 2.1950890E-003, 9.6021404E-005, 1.1477856E-003, 4.7266097E-003, 1.0255256E-002, 3.4182024E-003, 6.6614163E-004, 7.1565245E-004, 1.0630742E-003, 5.5035385E-019, 1.7245455E-037, 2.0590012E-038, 2.8995315E-018, 1.4472235E-016, 1.3404164E-017, 9.1341637E-006, 4.6416011E-004, 1.6218780E-003, 1.6348778E-004, 7.3596477E-004, 9.4435611E-004, 1.6851874E-003, 2.3448575E-003, 7.4622139E-004, 1.0610117E-003, 1.0862823E-003, 1.0591147E-003, 3.9226212E-004, 1.0250952E-004, 2.0660432E-004, 5.0252156E-018, 4.2233101E-017, 5.1321793E-018, 2.6505545E-045, 2.4334673E-042, 1.1598030E-028, 3.3075028E-027, 6.0522782E-025, 1.4810281E-016, 7.7702305E-014, 1.1123520E-011, 4.6923400E-010, 5.4088324E-006, 8.8515392E-016, 9.4604969E-014, 1.0829081E-019, 1.5980369E-019, 3.6121435E-020, 4.7538939E-026, 4.2296946E-025, 1.6026181E-025
 7.0050822E+001, 9.4248982E-024, 3.2903066E-021, 4.6586996E-020, 3.7159574E-025, 4.3140709E-011, 9.4621035E-010, 1.4601497E-013, 3.6534967E-017, 3.5566092E-003, 1.8971291E-003, 3.6793517E-005, 1.1436608E-003, 1.3135574E-002, 9.7901609E-003, 3.1172481E-003, 5.6492638E-004, 7.3041096E-004, 9.3866426E-004, 9.2078666E-018, 4.5548074E-037, 1.8969240E-038, 9.0039136E-018, 1.9533500E-016, 5.8349474E-017, 7.9947164E-006, 6.4056979E-004, 5.8930830E-004, 1.2462912E-004, 7.6495090E-004, 1.1667590E-003, 1.4367510E-003, 2.4413239E-003, 1.2192239E-003, 1.6558375E-003, 1.4517271E-003, 1.1250101E-003, 4.0751297E-004, 1.0237448E-005, 5.5717291E-004, 3.3613507E-017, 9.4976457E-017, 3.7605264E-018, 2.7980808E-045, 4.0602328E-043, 1.3334751E-028, 2.7193388E-027, 2.0441813E-024, 1.7776570E-016, 5.1027173E-014, 1.2650297E-011, 1.5496498E-010, 2.9067522E-006, 7.5129311E-016, 2.7781109E-013, 3.4130669E-019, 5.8295577E-019, 9.3117576E-020, 1.0373666E-025, 1.0393729E-024, 1.2422935E-025
 7.1012140E+001, 7.1326958E-023, 3.1557480E-021, 1.0706832E-019, 4.8553754E-024, 6.7535228E-011, 3.5361479E-011, 6.0047575E-013, 1.9832274E-016, 6.2377011E-003, 1.4967286E-004, 6.4666335E-007, 1.1208533E-002, 1.7550941E-002, 1.0262920E-002, 6.0880374E-004, 4.2753493E-004, 3.9729777E-005, 8.5188133E-005, 1.0722209E-016, 2.4615540E-036, 1.2858224E-038, 7.4820027E-017, 3.0220484E-016, 4.1730255E-016, 7.3495214E-006, 1.7957444E-004, 1.3474786E-004, 3.0688864E-006, 7.8872457E-004, 1.4265669E-003, 1.8093023E-003, 2.6815662E-003, 1.4275999E-003, 2.1003425E-003, 2.0065668E-003, 9.7585212E-004, 1.9225698E-004, 2.6628973E-005, 4.4703690E-005, 1.8414592E-016, 4.4212066E-016, 7.3562687E-018, 6.5150809E-045, 1.8140021E-043, 1.3238498E-028, 6.7911882E-027, 5.4087000E-023, 3.0455322E-016, 3.8685253E-010, 1.7170324E-011, 3.3722463E-009, 2.1799999E-006, 4.8143141E-014, 1.7564320E-010, 1.1117884E-018, 1.2082130E-018, 1.9354584E-019, 1.5137188E-025, 2.1296945E-024, 1.3056425E-025
 7.2089153E+001, 4.9902078E-022, 5.3067097E-021, 4.3664713E-020, 7.3023619E-023, 4.1027053E-011, 1.9679122E-011, 5.6703040E-008, 5.3162728E-016, 2.5160890E-003, 7.5143402E-005, 4.3549105E-007, 1.7524176E-002, 1.5217340E-002, 1.2001776E-002, 6.5406258E-005, 4.0311310E-004, 1.4987101E-003, 9.5406988E-006, 1.7507168E-016, 4.6232074E-036, 1.5041618E-038, 1.6986844E-015, 7.9088961E-016, 3.0659247E-015, 5.1860615E-004, 8.0517543E-004, 1.7777694E-006, 2.2001651E-006, 8.4468653E-004, 1.2802775E-003, 2.4577177E-003, 1.5662103E-003, 1.5903399E-003, 2.1808061E-003, 2.8370728E-003, 3.1212441E-004, 1.9031679E-004, 4.9942027E-005, 2.8064176E-007, 3.5248028E-012, 4.0646721E-011, 3.4790464E-018, 1.5481341E-044, 2.7835179E-044, 9.1916552E-028, 2.1083616E-026, 6.9946444E-022, 4.1114205E-016, 6.8636362E-010, 1.8010750E-010, 4.7610115E-009, 8.8673303E-006, 2.1167260E-011, 2.0706283E-009, 2.6459163E-018, 1.8697011E-018, 2.6352179E-019, 2.5169698E-025, 5.2531270E-024, 4.4158648E-025
 7.3068256E+001, 1.5365821E-021, 1.6231640E-021, 3.4666150E-020, 1.5908614E-022, 2.9353263E-011, 1.6677878E-007, 1.3145301E-007, 5.5927981E-015, 4.4041334E-004, 1.9321116E-004, 5.3229446E-006, 1.5843652E-002, 1.3569320E-002, 1.0499356E-002, 6.7729005E-005, 2.6563990E-004, 1.8452551E-003, 2.9552183E-006, 3.0378411E-017, 3.6801346E-036, 4.6209021E-038, 5.4704466E-015, 3.2907478E-015, 4.9994634E-015, 1.3257782E-003, 1.0710471E-003, 5.5875126E-007, 2.6930192E-006, 9.7490073E-004, 1.2001909E-003, 2.0334444E-003, 1.6616098E-003, 1.6732224E-003, 2.6469210E-003, 2.7710670E-003, 5.2288353E-005, 3.4466930E-004, 9.6762847E-004, 2.6558113E-005, 4.1765637E-011, 3.0470284E-008, 1.2578794E-017, 1.0331137E-044, 2.5518459E-045, 3.6846628E-026, 1.6050374E-025, 1.2288092E-021, 1.2483995E-015, 2.3309253E-009, 1.7340495E-009, 5.0740530E-009, 1.3894548E-005, 1.5641864E-009, 6.5151000E-008, 5.0865443E-018, 5.1205128E-018, 2.9228951E-019, 2.5728369E-025, 8.6464504E-024, 1.6016631E-024
 7.4047359E+001, 1.1003948E-021, 5.0717798E-022, 1.3194789E-020, 3.6228201E-023, 4.7622053E-010, 2.5799665E-006, 6.1943623E-006, 1.4144599E-014, 4.9393972E-004, 4.7812014E-004, 2.1899763E-005, 1.7347853E-002, 1.3074409E-002, 1.4203325E-002, 4.8941432E-006, 2.4691832E-004, 3.0692257E-004, 7.8526867E-008, 9.8638970E-017, 3.0052003E-036, 1.5328508E-036, 8.4923473E-013, 8.8506781E-015, 3.1894491E-015, 1.1314908E-003, 1.0096378E-003, 1.9536050E-007, 1.6373659E-005, 7.7237292E-004, 1.1937233E-003, 1.8869476E-003, 1.1923856E-003, 1.4602476E-003, 2.7468581E-003, 2.8606536E-003, 5.6437774E-004, 4.4570631E-004, 2.5121362E-003, 1.0590310E-003, 3.9115315E-011, 5.1652520E-008, 8.8595915E-017, 5.1533922E-045, 4.2235913E-045, 4.9054969E-024, 2.1739000E-024, 5.8360704E-022, 4.7306959E-011, 3.8779974E-009, 1.4197437E-009, 1.2586780E-008, 1.6028369E-005, 1.4961898E-008, 3.2843782E-006, 1.0523441E-017, 1.7255295E-017, 6.8053002E-019, 5.3568613E-025, 1.0993401E-023, 5.5776576E-024
 7.5026462E+001, 3.3204991E-022, 2.8434834E-021, 1.5387942E-021, 4.5021307E-024, 3.1629525E-007, 1.5598814E-005, 3.1088051E-006, 8.5070090E-013, 3.4490385E-003, 8.8888769E-004, 3.1017557E-006, 1.6177529E-002, 1.4393506E-002, 1.2701083E-002, 5.6002860E-006, 3.1205302E-004, 4.9758539E-006, 1.3365040E-009, 6.8482776E-016, 1.4356971E-036, 7.1768375E-035, 1.9527965E-012, 2.5470253E-014, 3.5771390E-014, 1.6800249E-003, 1.6299437E-003, 5.0005257E-008, 1.2743530E-004, 8.6976224E-004, 1.2174444E-003, 2.1946517E-003, 1.2441768E-003, 1.8981329E-003, 2.7917724E-003, 4.2955491E-003, 2.5338382E-003, 6.8122167E-004, 1.1128319E-003, 5.9677889E-004, 7.0192588E-011, 1.2551277E-008, 3.1918260E-016, 5.0328971E-045, 5.3146853E-044, 2.1467630E-023, 3.3271250E-023, 2.0375494E-022, 3.3691845E-009, 5.4173597E-010, 1.2239904E-009, 1.2462524E-008, 9.6580502E-006, 6.2474826E-007, 5.6391010E-006, 2.7546001E-017, 1.2249319E-016, 2.9587682E-018, 1.0679407E-024, 1.6932378E-023, 1.4510505E-023
 7.6005565E+001, 2.2083388E-022, 1.7794808E-020, 2.6428687E-022, 3.8503440E-025, 4.6784775E-006, 6.7372803E-006, 2.6988606E-008, 6.8420929E-009, 4.3620309E-003, 3.9248254E-004, 8.9591854E-007, 1.5072926E-002, 1.8321131E-002, 1.6774553E-002, 1.7877552E-004, 2.6621995E-004, 1.4822443E-007, 1.4733462E-011, 8.2575426E-016, 9.3844941E-037, 5.5979299E-033, 3.5362449E-013, 1.0178578E-014, 2.6797158E-014, 8.9402434E-004, 5.6673444E-004, 5.2495875E-007, 5.5288666E-004, 1.4014142E-003, 1.4243899E-003, 2.0337327E-003, 1.4307493E-003, 1.9840967E-003, 3.6671863E-003, 5.0126529E-003, 1.7750623E-003, 7.3863717E-004, 9.0344011E-004, 6.8854704E-005, 9.2028498E-010, 6.1961633E-010, 2.6787271E-016, 5.3155245E-045, 2.8442477E-043, 1.4689594E-023, 9.5535721E-022, 1.0679605E-021, 4.5171920E-009, 4.1678366E-010, 1.1869387E-008, 2.1671797E-008, 2.9365448E-005, 1.9496234E-006, 1.0383570E-005, 8.0739671E-017, 1.7560223E-014, 1.5453591E-017, 1.4262651E-024, 2.9787636E-023, 8.1662914E-024
 7.7082578E+001, 1.4440477E-021, 2.2018289E-020, 1.6499223E-023, 2.2456667E-026, 2.6051950E-005, 5.4459146E-007, 2.3302278E-006, 8.9442922E-009, 5.7366962E-004, 3.0339711E-005, 4.3666167E-006, 1.8121728E-002, 2.1471053E-002, 4.1190362E-003, 6.2150744E-004, 2.5003053E-004, 5.7015191E-008, 4.8043005E-012, 2.2675562E-016, 2.8301054E-035, 1.1416537E-031, 3.5086769E-014, 4.2936197E-015, 3.7487180E-016, 6.1413815E-004, 4.9477877E-005, 3.2158475E-006, 1.6751628E-003, 1.6309322E-003, 1.6102441E-003, 1.9927790E-003, 1.5616606E-003, 2.3756492E-003, 4.8146120E-003, 5.6424884E-003, 2.3446556E-003, 4.0904135E-004, 6.3647396E-004, 4.6364035E-005, 6.9761666E-010, 5.0197940E-012, 1.2058817E-016, 3.4545679E-045, 2.6258486E-043, 1.0368410E-023, 2.6265600E-021, 4.9752100E-021, 1.8197929E-009, 3.5897679E-009, 6.8660526E-008, 1.1499853E-007, 5.5915223E-005, 4.4396654E-006, 1.4556958E-005, 5.0300179E-016, 1.2068850E-013, 1.1857635E-016, 1.9002345E-024, 2.3090157E-023, 1.0514561E-022
 7.8061681E+001, 8.1936167E-021, 6.9046205E-021, 4.5550681E-025, 7.7446828E-028, 3.4291037E-005, 1.5934824E-006, 1.0307418E-006, 4.3884030E-008, 8.1505226E-005, 1.1591531E-005, 1.4975459E-005, 2.0760676E-002, 1.7027288E-002, 1.2378072E-003, 7.9625202E-004, 3.2121985E-004, 7.5916221E-007, 2.0272465E-011, 4.3166763E-017, 8.1256482E-035, 8.2580966E-031, 7.9601202E-015, 6.1448343E-016, 2.1679798E-017, 1.1070681E-003, 1.0740870E-005, 6.5679461E-004, 1.9005010E-003, 1.8037560E-003, 1.6920934E-003, 2.3682254E-003, 2.2177242E-003, 3.0739832E-003, 4.3810796E-003, 4.6838611E-003, 3.8921813E-003, 5.2026202E-004, 6.8371695E-004, 4.0951558E-006, 2.1877120E-011, 8.9564313E-014, 1.0523166E-016, 2.9664820E-044, 1.2925221E-042, 1.0040277E-022, 4.5823352E-021, 6.8982882E-021, 1.7442047E-010, 2.5414061E-008, 4.0777047E-006, 1.3218682E-007, 1.0135198E-005, 2.0685686E-006, 2.1545050E-005, 2.5338683E-014, 1.7665136E-013, 3.4726986E-015, 2.9784118E-024, 4.4630296E-023, 3.6670014E-021
 7.9040784E+001, 4.2955147E-020, 1.4068660E-020, 8.5083945E-026, 2.6236963E-029, 3.4023563E-005, 1.3055722E-005, 3.1965327E-007, 1.5027102E-008, 8.7412226E-006, 2.3335712E-005, 3.7164181E-006, 2.4247214E-002, 1.1716441E-002, 7.2406515E-004, 6.0285557E-004, 5.2902990E-004, 9.5752466E-007, 7.1830924E-011, 3.1551742E-017, 2.7789592E-033, 6.5304489E-030, 2.7172910E-015, 2.3991192E-016, 8.0960042E-017, 1.3036303E-003, 7.5418548E-005, 1.3684788E-003, 2.2315190E-003, 2.1618770E-003, 2.0771369E-003, 2.6504667E-003, 3.0580965E-003, 2.6973349E-003, 3.6888218E-003, 4.2512602E-003, 5.4213742E-003, 4.0389836E-004, 3.1114079E-004, 2.0961333E-008, 2.7679472E-011, 1.5467637E-013, 1.8571224E-016, 5.4301505E-043, 2.5672101E-041, 5.2716044E-021, 4.8150623E-021, 2.5570792E-021, 4.3606274E-011, 1.0548724E-005, 1.5862509E-005, 2.2132176E-007, 3.3695396E-004, 2.4400234E-006, 1.4826597E-005, 6.5440230E-014, 3.4746393E-014, 6.9508278E-014, 2.9511387E-024, 1.1976105E-022, 2.9041136E-020
 8.0019887E+001, 1.6942259E-019, 5.3110345E-020, 7.6939933E-025, 2.1594208E-030, 1.1282995E-005, 1.8929359E-005, 6.6249235E-009, 8.1225620E-011, 5.0500890E-005, 1.5888282E-005, 1.5905975E-004, 2.5917696E-002, 1.8590809E-002, 4.8633186E-003, 1.2835801E-003, 7.2787591E-004, 8.2291829E-008, 6.5090497E-012, 1.3088375E-016, 2.1504046E-031, 5.2043159E-029, 3.0788153E-015, 6.0055885E-017, 2.2661996E-016, 1.3125399E-003, 1.0226090E-004, 3.2294857E-004, 2.1354060E-003, 2.5263204E-003, 2.6658127E-003, 2.9592984E-003, 2.2266714E-003, 2.9553005E-003, 3.5455478E-003, 1.7225990E-003, 5.5984608E-003, 3.1955505E-004, 1.6405161E-004, 2.1167076E-006, 2.5919973E-008, 4.7363773E-010, 2.8749521E-016, 9.2664186E-043, 6.0532612E-040, 6.1182352E-020, 9.6258372E-021, 1.1943805E-021, 1.9247727E-007, 8.2394618E-005, 1.7604563E-005, 8.0270744E-005, 7.6855659E-004, 2.5595437E-006, 7.6080582E-005, 4.3834833E-014, 6.4527117E-015, 1.0305731E-013, 9.4262641E-024, 3.9358970E-022, 1.2220275E-019
 8.1096900E+001, 8.2867152E-020, 3.7100103E-020, 2.0978535E-023, 2.8839024E-029, 4.7139027E-006, 3.3197170E-006, 3.0690952E-010, 3.8479036E-013, 1.2956383E-004, 9.6711576E-006, 1.4923446E-003, 2.6409227E-002, 1.0093997E-002, 1.0001272E-002, 8.7793252E-004, 8.0059794E-004, 2.0644911E-006, 2.1251006E-012, 2.5267149E-017, 9.4821262E-030, 7.4994029E-028, 1.2345762E-015, 1.0587051E-017, 6.0745908E-016, 1.6843647E-003, 2.1114695E-004, 8.4570451E-005, 1.2882686E-003, 2.7903559E-003, 3.1016013E-003, 3.4769347E-003, 2.0867752E-003, 3.2390332E-003, 3.2682602E-003, 4.7590011E-004, 4.0192826E-003, 3.7297993E-004, 1.2764757E-004, 7.5122974E-006, 5.9480535E-008, 2.0998860E-009, 3.6026102E-017, 3.9136348E-043, 2.2478463E-039, 2.1898864E-019, 4.2727488E-021, 6.7569343E-022, 1.5562375E-006, 8.2805380E-005, 1.1079869E-005, 4.1913450E-004, 6.7594303E-004, 1.0979822E-006, 4.1180957E-005, 2.2856416E-014, 2.2487973E-013, 1.8562029E-012, 7.2992408E-023, 1.2130480E-021, 7.3605805E-020
 8.2076003E+001, 1.1156582E-020, 2.6705462E-021, 5.5773110E-023, 1.0350645E-028, 4.5440478E-006, 3.0192934E-007, 8.2071055E-010, 2.4471096E-015, 1.2394020E-004, 2.2093291E-004, 3.1461152E-003, 2.6432590E-002, 9.6472528E-003, 3.5305425E-003, 3.3010712E-003, 8.6418836E-004, 4.1617794E-006, 8.5352197E-014, 2.0340119E-018, 5.2888699E-029, 1.8391780E-026, 2.4355678E-016, 3.4773024E-018, 2.2813387E-010, 1.9968932E-003, 1.3497655E-003, 2.2936608E-004, 1.2940419E-003, 3.2571778E-003, 3.2616687E-003, 3.4599729E-003, 2.6471403E-003, 3.7313095E-003, 3.2731448E-003, 1.2450229E-003, 1.1898136E-003, 3.7568487E-004, 2.2051983E-004, 3.0648473E-006, 6.2989079E-009, 1.7956848E-009, 3.4198557E-017, 7.3958703E-043, 2.2833134E-039, 5.5312053E-019, 5.9642149E-021, 2.0557253E-021, 1.4975988E-006, 2.1110630E-005, 6.8598969E-006, 4.5221585E-004, 4.7469666E-004, 4.9691056E-007, 4.6396094E-005, 3.6537173E-014, 2.9376133E-012, 1.0097167E-009, 3.1052769E-022, 5.9129767E-021, 1.5117024E-018
 8.3055106E+001, 1.4777223E-021, 6.4575424E-022, 3.4616095E-023, 2.1077377E-028, 1.4834531E-006, 5.3226362E-006, 6.3611934E-010, 8.6005902E-017, 5.3236010E-005, 5.7231937E-005, 2.9173312E-003, 2.1172705E-002, 1.0735277E-002, 4.4861751E-003, 2.3907244E-003, 8.9361256E-004, 5.9843395E-007, 3.1109828E-014, 7.8088154E-019, 5.2667671E-028, 1.4995836E-025, 1.0160141E-016, 2.6007952E-017, 1.0944777E-010, 2.0811045E-003, 3.0851296E-003, 1.0235985E-003, 5.6626409E-004, 3.7620153E-003, 3.8956979E-003, 3.3912190E-003, 2.2849498E-003, 4.1929751E-003, 3.1914029E-003, 1.3579205E-003, 1.5621792E-004, 5.4426468E-004, 2.9684987E-004, 1.1329517E-004, 1.0558002E-009, 6.0835744E-011, 4.4265212E-017, 5.7181501E-042, 9.9408274E-039, 5.9327886E-019, 5.4294167E-021, 4.4927625E-022, 1.1655605E-006, 1.6604157E-005, 7.1445915E-006, 3.8482607E-004, 3.8733372E-004, 4.4577082E-006, 2.8246185E-004, 8.7262992E-008, 5.6112489E-012, 2.2342031E-005, 4.5214578E-021, 1.7797281E-019, 1.7747779E-017
 8.4034209E+001, 1.3534112E-022, 1.6081521E-022, 3.6178877E-024, 1.2644502E-028, 9.0321597E-007, 5.4252926E-006, 4.3002017E-011, 4.6056714E-018, 6.4021120E-005, 1.3017909E-003, 2.7117276E-003, 1.0295814E-002, 4.6303794E-003, 9.9570957E-003, 1.3040505E-003, 8.1781160E-004, 1.2391127E-007, 2.5139700E-010, 4.9054371E-018, 2.9102483E-027, 7.8336812E-025, 3.4539545E-017, 1.6350053E-016, 6.8891338E-011, 3.4719226E-003, 2.2972513E-003, 9.5747180E-004, 3.2445328E-005, 5.5447926E-003, 3.9608490E-003, 3.5093930E-003, 2.0933709E-003, 4.1385728E-003, 3.0795651E-003, 6.7883336E-004, 5.9573121E-004, 8.2347793E-004, 5.8346249E-005, 6.4339542E-004, 6.2473595E-010, 3.4751206E-013, 2.2002596E-016, 4.7892135E-041, 3.3606086E-039, 6.0458159E-019, 1.9285163E-020, 1.5174104E-022, 4.7244315E-007, 5.1377318E-006, 1.1198652E-005, 2.4189515E-004, 6.2507235E-004, 1.8235011E-005, 4.9833241E-004, 5.1448128E-007, 1.4884320E-005, 3.1708078E-005, 1.1028500E-019, 3.0882629E-018, 3.6751388E-017
 8.5013312E+001, 2.4575402E-023, 1.8862767E-023, 1.5401891E-025, 4.7447519E-028, 1.2028980E-006, 1.2441248E-006, 1.0383194E-011, 1.0333148E-018, 4.2557784E-005, 9.1486792E-004, 1.1801005E-003, 9.0282827E-003, 5.8308341E-003, 1.4533229E-002, 7.3277356E-004, 7.2841376E-004, 4.4982801E-008, 5.5456403E-010, 4.3156809E-018, 1.3335114E-026, 9.5762706E-025, 5.3549457E-017, 3.4249881E-016, 6.5175392E-011, 3.6596060E-003, 2.0812842E-003, 2.2663880E-003, 4.5315783E-005, 5.2478489E-003, 4.0895987E-003, 3.6352722E-003, 2.7970236E-003, 4.0126657E-003, 8.5477783E-004, 8.1621074E-004, 7.9366913E-004, 7.5573654E-004, 8.6756376E-005, 2.9414899E-004, 4.3677225E-010, 3.0132314E-015, 4.6875125E-016, 4.1230291E-040, 2.0994664E-040, 4.1413132E-019, 8.0802392E-020, 4.4687151E-022, 3.2070459E-007, 1.5542191E-006, 1.7821968E-004, 1.1717824E-003, 1.3608222E-003, 7.7983553E-005, 2.5105060E-004, 2.8075411E-007, 5.6521443E-005, 8.2715871E-005, 8.5468109E-019, 3.0956517E-017, 7.3522461E-017
 8.6090325E+001, 8.3168108E-024, 2.3072721E-024, 6.9159011E-026, 1.6325652E-027, 1.9118449E-006, 3.8528315E-008, 3.2124767E-012, 1.2548502E-018, 2.5286559E-004, 1.1125617E-003, 1.3938509E-003, 6.7585115E-003, 4.4835090E-003, 5.8110161E-003, 4.3485006E-004, 6.5003489E-004, 5.7471108E-010, 4.1565861E-011, 1.3195156E-018, 1.1991709E-025, 1.1160553E-024, 3.7055012E-016, 4.5719577E-009, 1.7518150E-010, 3.7231917E-003, 3.8735838E-003, 2.5741619E-003, 6.5985605E-006, 4.8651381E-003, 4.4593873E-003, 4.1504163E-003, 2.4833263E-003, 3.9794105E-003, 4.9447138E-004, 6.3402441E-004, 6.2647523E-004, 6.3840631E-004, 1.9701621E-004, 2.8109359E-005, 2.8944144E-011, 3.1825266E-016, 7.7928282E-012, 1.9498271E-039, 6.9327920E-041, 2.1746190E-019, 1.9548815E-019, 1.6018066E-021, 5.6817377E-007, 9.6553076E-006, 5.1264294E-004, 1.4895437E-003, 1.2628160E-003, 1.0482707E-004, 2.9399598E-004, 1.0432896E-005, 3.6671483E-005, 5.2324479E-004, 5.7672242E-018, 2.4853530E-016, 7.6753903E-014
 8.7069428E+001, 2.7072801E-024, 6.1433763E-025, 1.2197283E-025, 7.2794879E-028, 1.1875949E-006, 4.4813020E-008, 7.8598193E-011, 6.0318962E-018, 7.2639503E-005, 9.6418040E-004, 2.4004705E-003, 1.5630917E-003, 1.5150924E-003, 2.5148255E-003, 2.6540800E-004, 5.5057665E-004, 5.9396367E-010, 9.9056877E-009, 1.3667802E-018, 1.0750245E-024, 2.7521554E-024, 5.8456475E-015, 5.9904222E-009, 1.0352716E-009, 4.2980094E-003, 4.2578377E-003, 3.0812612E-003, 5.7319469E-006, 4.9668230E-003, 3.8474975E-003, 3.9096361E-003, 2.7091217E-003, 2.7637986E-003, 6.6098698E-004, 2.4571815E-003, 3.3746926E-003, 3.6938754E-004, 2.8040735E-004, 2.1688384E-005, 4.4423086E-012, 1.8077608E-016, 2.6267059E-010, 7.6396550E-040, 1.3500600E-041, 1.7404844E-019, 6.0785670E-019, 2.4500166E-021, 4.2024897E-006, 5.0454698E-005, 8.5003874E-004, 1.5538928E-003, 1.2959863E-003, 6.3413780E-005, 4.7915174E-004, 1.0569756E-004, 1.0389070E-004, 2.1420026E-004, 7.3014440E-017, 6.4766826E-014, 6.4975087E-013
 8.8048530E+001, 1.4342130E-024, 1.0070443E-024, 5.3821396E-026, 8.3511129E-029, 8.9774158E-007, 1.9028758E-007, 2.0227112E-009, 1.7078824E-017, 2.1307026E-004, 4.4498261E-003, 3.2018434E-003, 2.4580692E-003, 7.0703884E-004, 2.7007345E-003, 2.2730772E-003, 5.7522012E-004, 2.6597134E-008, 1.1817456E-006, 2.2183695E-018, 7.4043887E-024, 1.8075043E-023, 1.5699805E-014, 8.4447693E-011, 7.8610919E-010, 3.9047547E-003, 4.2324953E-003, 4.4251390E-004, 1.5399948E-007, 4.8463694E-003, 3.5564495E-003, 3.0594591E-003, 2.7668694E-003, 2.4278104E-003, 9.2025681E-004, 3.6895689E-003, 4.1347589E-003, 3.6083663E-004, 2.2405890E-004, 4.7253670E-006, 4.5242437E-012, 2.0688172E-014, 3.2950591E-010, 4.3274074E-040, 3.4967410E-042, 4.0877207E-019, 1.5851591E-018, 1.6393135E-021, 6.0362679E-006, 9.6767566E-006, 1.2255457E-003, 1.7137135E-003, 1.4635605E-003, 3.0940721E-004, 3.7254049E-004, 1.4307652E-004, 2.3953519E-004, 3.2952161E-004, 3.8554801E-016, 3.8999804E-013, 1.5835916E-012
 8.9027633E+001, 5.5321562E-025, 5.0070914E-025, 2.9124101E-026, 1.2257350E-029, 5.1934025E-007, 6.8588639E-007, 8.3768542E-010, 4.0005302E-017, 5.9918760E-004, 5.5521067E-003, 3.3222515E-003, 4.0331431E-003, 1.3324225E-003, 2.7876834E-003, 3.2679932E-003, 4.3562666E-004, 9.6743357E-008, 4.0699718E-004, 4.1813025E-018, 5.3637602E-023, 2.9886210E-022, 2.4457447E-010, 1.1142042E-011, 7.5138259E-012, 3.9556363E-003, 2.8857849E-003, 7.1457772E-005, 4.3712169E-007, 4.4321284E-003, 3.5095408E-003, 3.8841509E-003, 3.2208547E-003, 3.0437682E-003, 1.3942969E-003, 2.8008444E-003, 2.6287224E-003, 4.8284587E-004, 2.3177300E-004, 2.6513429E-006, 1.1159310E-011, 5.6629135E-014, 2.1421457E-011, 8.1582373E-040, 8.9311253E-042, 7.5168119E-019, 1.3751284E-018, 3.5743902E-022, 1.5432855E-006, 6.4982742E-006, 1.2129437E-003, 1.7063946E-003, 1.8131850E-003, 4.4460413E-004, 3.3393777E-004, 2.0872648E-004, 3.6127741E-004, 5.5417666E-004, 4.4946778E-013, 6.8133944E-014, 1.7115628E-012
 9.0006736E+001, 2.8974044E-025, 2.2533205E-025, 1.7258006E-026, 7.0795936E-030, 1.9294754E-007, 8.1671374E-008, 1.6529866E-012, 4.9103851E-017, 1.0178138E-003, 6.8934920E-003, 1.6901596E-003, 4.2640743E-003, 4.9451919E-003, 7.0821389E-003, 4.7894046E-003, 2.7362781E-004, 3.1266147E-007, 7.5546470E-005, 1.3363727E-017, 9.5230157E-023, 3.2186775E-021, 1.0238860E-009, 5.1391598E-012, 1.2478722E-010, 4.3851899E-003, 2.3390400E-003, 6.8289270E-006, 1.1987666E-005, 4.2558604E-003, 3.6559038E-003, 4.2439775E-003, 3.7124037E-003, 3.1067608E-003, 1.2209149E-003, 2.8752092E-003, 2.3568836E-003, 8.1918244E-004, 4.4319350E-004, 3.8047668E-006, 2.6598956E-010, 5.8974061E-013, 3.6140377E-010, 1.6440709E-039, 1.2200839E-040, 1.5056196E-018, 4.1718679E-019, 2.4147438E-022, 1.5943531E-006, 9.8399997E-005, 1.0011966E-003, 1.4113104E-003, 1.2531518E-003, 5.2500881E-004, 5.1547506E-004, 3.7022054E-004, 3.5759027E-004, 7.0021601E-004, 2.9141621E-012, 5.4272607E-014, 4.0875140E-010
 9.1083749E+001, 2.0026773E-025, 3.7928985E-026, 5.4274800E-026, 8.2491151E-029, 1.3508905E-007, 3.2578175E-007, 2.6991171E-012, 1.4576351E-016, 2.1031568E-003, 8.4702742E-003, 2.2765921E-003, 3.8437783E-003, 8.2274982E-003, 9.3604419E-003, 8.7790783E-003, 2.3154279E-004, 4.1101136E-007, 1.7152974E-005, 2.9603100E-017, 8.2343948E-023, 1.0594508E-020, 3.9223130E-010, 5.5561168E-011, 1.0153574E-010, 4.7671166E-003, 3.2753069E-003, 3.7081069E-004, 5.7826349E-006, 4.0474585E-003, 3.9397422E-003, 4.3246479E-003, 3.5545303E-003, 2.6841704E-003, 1.8161386E-003, 4.0639845E-003, 4.3089282E-003, 6.0398777E-004, 8.6093805E-004, 2.2336939E-004, 6.0150235E-009, 1.6415365E-012, 2.3893714E-009, 6.5189934E-040, 1.5955728E-039, 4.4549114E-018, 1.7962369E-019, 1.7530263E-021, 1.7886878E-005, 4.1163824E-005, 1.0106409E-003, 1.0659014E-003, 1.3614742E-003, 5.8329936E-004, 5.7815325E-004, 2.4808179E-004, 3.4308771E-004, 6.4380695E-004, 4.3733240E-011, 5.7667201E-010, 1.2118315E-008
 9.2062852E+001, 1.7715854E-025, 4.4430316E-026, 5.8579445E-025, 1.0821606E-027, 1.7169074E-007, 3.6086053E-007, 1.4294684E-012, 4.5559230E-015, 1.7811114E-003, 4.8543838E-003, 4.2427698E-003, 2.1579008E-003, 5.4494735E-003, 9.4095551E-003, 8.0474650E-003, 1.7788453E-004, 4.6827968E-007, 3.8779432E-005, 1.7094520E-017, 6.9047338E-023, 7.4743558E-021, 8.7507416E-012, 1.6749458E-009, 1.9101411E-012, 4.7247334E-003, 2.3107804E-003, 6.3066926E-004, 1.1426370E-005, 4.0646680E-003, 3.7326385E-003, 4.2903967E-003, 1.9207409E-003, 2.3051235E-003, 2.2967335E-003, 4.2227956E-003, 4.5010383E-003, 9.5686153E-004, 1.0096087E-003, 1.3549633E-003, 1.0973526E-008, 1.4192885E-010, 2.0705475E-009, 4.8170401E-040, 5.3484937E-038, 4.3136679E-018, 4.5112518E-019, 2.0133880E-020, 1.2488599E-005, 1.4795732E-004, 9.4017612E-004, 1.0005897E-003, 1.5787605E-003, 6.2211548E-004, 6.8992342E-004, 2.4010578E-004, 6.2426934E-004, 6.4826594E-004, 5.0687781E-011, 1.1334899E-009, 5.2975471E-008
 9.3041955E+001, 1.3120306E-025, 3.8460964E-026, 1.1305126E-023, 1.3512633E-026, 2.0369100E-007, 3.6558244E-007, 2.1924563E-009, 2.3453142E-014, 7.5062949E-004, 3.5952444E-003, 6.0173147E-003, 1.6032671E-003, 1.8711837E-003, 9.4845919E-003, 1.6724704E-003, 2.1491672E-004, 9.2736647E-007, 4.6281458E-005, 5.5632285E-018, 5.7129551E-023, 3.6960371E-021, 8.9400226E-014, 4.2918249E-010, 5.1428640E-012, 4.4355302E-003, 2.4627318E-003, 6.1227594E-004, 4.2910129E-006, 4.1837113E-003, 4.0821169E-003, 3.3866088E-003, 1.6983000E-003, 2.7386657E-003, 2.9064187E-003, 4.1714407E-003, 4.8149700E-003, 8.5396296E-004, 1.0342966E-003, 1.5416843E-003, 9.2478320E-009, 9.8599547E-010, 4.0683942E-008, 1.5628487E-038, 3.8123438E-036, 4.9824528E-018, 6.2959024E-019, 1.3641963E-019, 4.0881605E-005, 4.4448418E-004, 7.8012130E-004, 9.6255513E-004, 1.1782148E-003, 9.3387227E-004, 9.8192928E-004, 3.0482757E-004, 7.3288380E-004, 6.1029849E-004, 3.4289804E-011, 1.7124569E-009, 1.1240008E-007
 9.4009208E+001, 6.2575752E-026, 2.8767154E-026, 7.4668675E-023, 1.4940205E-025, 9.1854017E-008, 1.3830396E-006, 1.0806030E-008, 1.4333186E-014, 2.5368256E-003, 5.8875154E-003, 6.9143475E-003, 1.8566659E-003, 2.5000276E-003, 9.7130072E-003, 1.6974296E-003, 3.6327288E-004, 1.3362347E-006, 2.0954847E-004, 2.7322872E-018, 5.0211593E-023, 1.0417887E-021, 3.4842077E-014, 7.2811219E-012, 2.6090462E-012, 3.9768279E-003, 3.7685598E-003, 6.7329976E-004, 2.1236769E-008, 4.1568662E-003, 4.2309421E-003, 1.4298658E-003, 9.2328579E-004, 3.0569399E-003, 4.4684096E-003, 4.7488586E-003, 3.4763415E-003, 1.1474226E-003, 8.6917592E-004, 1.6290753E-003, 8.4114042E-009, 9.6079762E-009, 8.7593359E-007, 4.3413076E-037, 3.0411510E-034, 9.8083329E-018, 1.2683932E-018, 6.2054167E-019, 1.3023917E-004, 5.1713653E-004, 8.4940985E-004, 8.6698323E-004, 1.4754048E-003, 1.0170290E-003, 1.0962997E-003, 3.0744138E-004, 6.5047356E-004, 7.6483712E-004, 5.1945812E-011, 2.7820752E-007, 6.1698049E-007
 9.5084963E+001, 3.8465673E-026, 1.1307878E-025, 2.5568788E-023, 4.9301701E-025, 4.3799562E-008, 6.4255178E-007, 2.5599207E-009, 5.0585721E-007, 2.1607588E-003, 6.2239852E-003, 5.6864641E-003, 2.5085760E-003, 2.7014498E-003, 9.3376299E-003, 2.0901167E-003, 4.2579597E-004, 6.6749553E-005, 1.5012542E-004, 2.3086994E-018, 6.2053420E-023, 1.1902346E-021, 4.4085263E-014, 9.0500371E-011, 7.9909521E-012, 4.1021668E-003, 4.4212855E-003, 3.9123784E-004, 6.1565896E-008, 3.9478881E-003, 1.6366555E-003, 4.9650374E-004, 1.3786224E-003, 4.2524344E-003, 6.2126753E-003, 6.0160356E-003, 3.0268513E-003, 4.5353304E-003, 1.5662404E-003, 5.4784937E-003, 2.7903319E-008, 2.3016425E-008, 3.5252252E-007, 1.1545607E-035, 4.9979169E-033, 1.3137750E-017, 1.1277123E-017, 1.4485928E-018, 1.1200445E-004, 4.4613242E-004, 9.2423743E-004, 1.5338308E-003, 1.7327941E-003, 9.0210187E-004, 1.2596675E-003, 2.8605011E-004, 4.1475408E-004, 4.1024691E-004, 9.4865664E-011, 3.2676257E-007, 2.2561469E-007
 9.6031628E+001, 1.7647495E-026, 1.2893322E-024, 3.9686806E-024, 6.7973308E-026, 3.5808305E-008, 1.2576619E-007, 7.5035638E-009, 3.0937440E-006, 2.6027025E-003, 6.0436785E-003, 4.0602036E-003, 1.8925807E-003, 2.6552285E-003, 7.4220260E-003, 2.6407931E-003, 3.3271432E-004, 1.0193856E-004, 3.1799827E-005, 1.4122196E-018, 1.7822102E-022, 2.6169488E-021, 5.2129699E-014, 1.2009495E-009, 1.2947141E-011, 4.2940968E-003, 3.4819218E-003, 1.1306238E-005, 5.7784486E-007, 3.5874010E-003, 8.7243649E-004, 6.0188074E-004, 8.7673131E-004, 5.8516328E-003, 7.0125114E-003, 5.9379392E-003, 2.3341904E-003, 5.4667597E-003, 1.7122282E-003, 7.0627909E-003, 2.9666275E-008, 3.5061691E-007, 3.3324974E-006, 9.5416336E-035, 5.7841966E-033, 1.2539316E-017, 1.0132083E-016, 7.7368836E-018, 1.5738784E-004, 3.0463434E-004, 1.1848703E-003, 1.6250390E-003, 1.7676667E-003, 9.6042770E-004, 1.0899651E-003, 3.5520015E-004, 2.9271071E-005, 6.5919131E-005, 7.6518528E-011, 1.8918817E-008, 2.2553593E-009
 9.7040962E+001, 1.2785791E-026, 1.8660007E-023, 8.8022155E-025, 3.5901068E-027, 6.2533964E-008, 6.2334291E-006, 4.9525677E-005, 1.2803782E-006, 4.7072436E-003, 5.1687688E-003, 9.0103121E-004, 2.0761346E-003, 3.5667130E-003, 4.5141304E-003, 4.1917765E-003, 1.5424418E-004, 1.1906433E-005, 1.1792167E-004, 2.8117627E-018, 3.6036607E-021, 1.9449583E-021, 7.4273345E-014, 5.6006705E-010, 1.4971246E-011, 3.6899457E-003, 4.3552571E-004, 2.3564638E-006, 1.1091317E-006, 3.4393052E-003, 2.3143061E-003, 4.2203921E-004, 2.1024696E-004, 5.5541987E-003, 6.9737560E-003, 5.6265440E-003, 2.0516122E-003, 4.3491442E-003, 2.7426811E-003, 7.1536272E-003, 1.3020158E-007, 1.4027512E-006, 2.5430332E-006, 1.0424726E-034, 2.9147307E-033, 3.6663507E-017, 1.7627367E-015, 1.1772988E-017, 9.2200518E-005, 2.4300411E-004, 1.0925365E-003, 1.1215681E-003, 1.6693179E-003, 9.9148496E-004, 9.8862629E-004, 3.4050965E-004, 2.0491650E-004, 3.2644786E-005, 7.5037239E-011, 6.5489467E-009, 2.1708473E-010
 9.8085935E+001, 9.3543457E-026, 7.5701589E-023, 6.7498517E-025, 1.7857135E-028, 1.8156502E-008, 2.9990561E-005, 1.1938735E-004, 3.5635304E-007, 6.4858735E-003, 3.4706153E-003, 1.4224118E-003, 3.0309740E-003, 4.5278752E-003, 5.5242493E-003, 5.7355007E-003, 5.0085656E-005, 9.7200880E-008, 1.5372426E-004, 8.4355627E-018, 2.2752267E-020, 1.1685096E-021, 4.4744054E-014, 5.4647149E-010, 2.6156557E-012, 2.7481341E-003, 7.4764874E-004, 6.9257877E-006, 2.0869775E-007, 3.4178695E-003, 3.3470926E-003, 8.3595545E-004, 3.3087346E-004, 5.1942542E-003, 5.8132586E-003, 2.1338618E-003, 3.5158330E-004, 4.0090396E-003, 3.7225301E-003, 3.9691988E-003, 1.1035038E-006, 1.7408462E-006, 1.9861926E-005, 6.0498293E-034, 2.3569083E-033, 2.3498682E-016, 3.5189504E-013, 3.1235272E-018, 1.3250314E-004, 2.0224101E-004, 8.9681487E-004, 1.2299219E-003, 1.5750019E-003, 9.8707987E-004, 1.3865291E-003, 3.5678058E-004, 1.1324298E-003, 4.9024272E-004, 1.4799141E-006, 2.3889509E-006, 5.4859251E-011
 9.9000707E+001, 3.3926633E-025, 3.9321511E-023, 2.0285188E-025, 1.7828169E-029, 1.7612596E-007, 5.4990620E-006, 2.6144118E-006, 1.7618159E-009, 6.2691855E-003, 3.1604560E-003, 3.0538815E-003, 5.1780304E-003, 4.3860565E-003, 4.7838930E-003, 6.0338824E-003, 3.8001437E-005, 4.4069624E-005, 3.1479322E-005, 1.6477420E-017, 1.6880741E-020, 2.5484601E-021, 3.0846048E-014, 4.0156969E-010, 3.5611948E-011, 1.9537805E-003, 2.2712052E-003, 1.2710548E-005, 7.9816962E-007, 3.6635670E-003, 4.8422990E-003, 9.4623129E-004, 7.1308990E-004, 5.0418561E-003, 5.7419940E-003, 1.5371365E-003, 4.4187648E-004, 4.1063950E-003, 2.9867820E-003, 2.2375785E-003, 1.8090235E-006, 2.4733024E-006, 2.7257311E-005, 7.6496870E-034, 2.5601833E-032, 4.9594355E-016, 2.1948301E-012, 2.0359715E-017, 8.5937032E-005, 1.3431317E-004, 9.3588474E-004, 1.1266665E-003, 1.5811816E-003, 9.8346124E-004, 1.6296837E-003, 3.9291423E-004, 1.4787384E-003, 2.9618663E-004, 8.6670463E-006, 3.5763416E-006, 1.2376531E-012
 1.0001712E+002, 8.6921036E-025, 1.2427336E-023, 1.5763021E-026, 3.2361268E-030, 1.0546828E-007, 1.7329009E-007, 2.4678197E-007, 2.1491850E-011, 4.8235537E-003, 1.9637123E-003, 1.5998614E-003, 6.4118210E-003, 3.4550421E-003, 9.2969811E-004, 6.3712838E-003, 6.3578620E-005, 2.5918147E-004, 3.9696336E-004, 1.5516099E-017, 6.8554205E-021, 5.5099091E-021, 2.3057719E-014, 8.2460136E-011, 7.8090058E-009, 3.2208504E-003, 2.3551682E-003, 1.6078307E-005, 1.3866459E-007, 4.0203768E-003, 5.1327484E-003, 5.1605325E-004, 1.2948643E-003, 5.6500985E-003, 5.8643980E-003, 3.0472342E-003, 6.5383792E-004, 4.1831441E-003, 3.4444562E-003, 4.2078163E-003, 2.3126063E-006, 2.5433569E-005, 1.8317927E-005, 3.4927428E-033, 1.3176998E-031, 3.7350928E-016, 5.8052839E-013, 2.5826087E-016, 3.1875032E-005, 5.4777075E-006, 8.6383385E-004, 9.3272777E-004, 1.0345975E-003, 1.3927114E-003, 1.8901537E-003, 6.6286034E-004, 1.4997250E-003, 2.0562374E-004, 5.9749909E-006, 4.8373723E-007, 1.4401220E-011
 1.0103353E+002, 1.0762913E-024, 1.6670670E-024, 2.7682160E-025, 9.0411990E-030, 3.5208448E-009, 3.2956074E-005, 5.5817837E-007, 9.8442046E-013, 4.4536275E-003, 1.7712999E-003, 1.6170141E-003, 4.9592650E-003, 1.9177074E-003, 8.9664713E-004, 7.4132278E-003, 3.9124584E-005, 3.4286790E-005, 4.8305927E-004, 4.5691315E-018, 1.0887703E-020, 1.2074073E-020, 1.8982963E-014, 9.1648515E-011, 4.6717932E-009, 3.9591685E-003, 9.0993236E-004, 1.2695438E-005, 1.5409043E-007, 4.2128147E-003, 4.9675116E-003, 1.0478727E-003, 1.8085044E-003, 6.2425867E-003, 5.9432654E-003, 5.4870864E-003, 8.0687818E-004, 3.8345187E-003, 5.4551832E-003, 1.1349979E-003, 3.7070963E-006, 2.3234162E-005, 1.5333000E-006, 8.6351723E-032, 4.2844288E-031, 2.9350544E-016, 5.2860334E-015, 1.5595617E-015, 2.4494666E-005, 3.6227529E-007, 7.6406299E-004, 9.6027993E-004, 1.0300361E-003, 2.1029603E-003, 2.0032839E-003, 7.7973689E-004, 8.0908829E-004, 1.3277023E-004, 4.0819338E-007, 1.5528797E-006, 4.8369579E-008
 1.0204995E+002, 5.2462752E-025, 1.7501199E-025, 1.8158919E-024, 2.7767019E-029, 1.7373062E-008, 3.8752990E-005, 5.0455113E-007, 4.0545143E-015, 2.2470089E-003, 1.6852089E-003, 3.3550905E-003, 4.1298643E-003, 1.2254177E-003, 5.6751115E-003, 1.0234312E-002, 1.7167351E-005, 1.4916738E-004, 7.8193783E-004, 6.6987781E-019, 1.5756069E-020, 9.1305557E-021, 1.2444225E-014, 2.7794950E-008, 1.0656386E-009, 2.5612033E-003, 1.3553050E-004, 1.4442307E-005, 1.1417600E-007, 4.4997192E-003, 3.4112274E-003, 1.7549852E-003, 2.6002311E-003, 6.4216680E-003, 6.1551508E-003, 5.7364571E-003, 1.4298833E-003, 4.4725709E-003, 7.8789458E-003, 3.0761440E-004, 2.3724147E-005, 2.5713862E-006, 1.0181379E-006, 4.7291688E-031, 2.6664154E-030, 1.4758118E-016, 2.6303661E-016, 4.2337748E-014, 1.7936362E-005, 5.6006068E-006, 8.2365391E-004, 1.0851133E-003, 1.2825008E-003, 2.4238386E-003, 2.2537343E-003, 6.0352532E-004, 7.0857154E-004, 1.7553514E-005, 2.6269050E-007, 5.7451963E-006, 8.0796860E-007
 1.0306636E+002, 6.1255126E-025, 2.9833883E-026, 2.3279581E-025, 4.3795754E-029, 1.0541541E-006, 1.6785892E-006, 8.5793568E-009, 1.1557184E-016, 1.3275322E-003, 8.0637056E-004, 8.5352664E-003, 2.5315325E-003, 8.7577912E-004, 9.0445057E-003, 1.2129849E-002, 2.9984376E-005, 3.7013161E-004, 8.1275322E-005, 7.8272793E-020, 9.7197844E-021, 2.6373553E-021, 3.7790394E-013, 3.7136629E-008, 3.9536647E-011, 1.8993785E-003, 6.9043704E-005, 1.1317365E-005, 2.1813081E-009, 2.9978646E-003, 3.8324305E-003, 3.0721924E-003, 1.1716382E-003, 6.1598109E-003, 6.9804059E-003, 6.2172147E-003, 1.8497254E-003, 4.9176180E-003, 2.5595203E-003, 7.2111393E-004, 1.0195002E-004, 8.8217864E-005, 5.3262224E-007, 1.8546784E-030, 6.7080688E-030, 6.4173810E-017, 2.6575959E-016, 4.7459570E-014, 1.8335856E-005, 2.1840646E-005, 9.1274341E-004, 9.8450501E-004, 1.7910356E-003, 2.1771370E-003, 1.7668464E-003, 4.4280780E-004, 4.8651541E-004, 2.3965886E-006, 1.5108467E-006, 8.0003258E-006, 4.2088621E-007
 1.0407918E+002, 5.3992016E-025, 2.1386365E-026, 1.0523909E-026, 5.3142235E-029, 2.8048378E-006, 8.1743775E-009, 4.7032812E-011, 1.3542025E-016, 1.4097535E-003, 5.8834820E-004, 7.4138240E-003, 2.3598180E-003, 1.0689983E-003, 8.7647911E-003, 9.9706260E-003, 2.5590792E-005, 4.0735026E-004, 3.0155392E-005, 1.3014588E-020, 3.8084441E-021, 9.2665603E-022, 4.3991313E-012, 9.3073949E-009, 1.3087902E-012, 3.0803740E-003, 1.1029358E-004, 1.1348935E-005, 6.0906832E-010, 3.2007153E-003, 3.5902534E-003, 2.0506598E-003, 8.8201008E-004, 6.1053811E-003, 7.7601496E-003, 3.4153869E-003, 1.3787952E-003, 4.0594790E-003, 3.5874010E-003, 6.1537190E-004, 1.5750924E-004, 1.1089434E-004, 6.1702723E-007, 1.9225913E-030, 5.5394805E-029, 7.0154801E-017, 2.4747160E-016, 2.1774359E-013, 2.8118557E-005, 1.4406039E-005, 8.8771148E-004, 9.4121392E-004, 1.9122019E-003, 2.2162057E-003, 1.5875428E-003, 4.5985475E-004, 6.2219619E-004, 1.9609133E-006, 2.8037843E-006, 6.5813700E-006, 3.0426633E-008
 1.0504503E+002, 2.6616707E-025, 1.2634547E-025, 2.3948461E-026, 2.8739668E-028, 4.9061135E-007, 8.9244492E-010, 1.0869732E-013, 1.3622669E-015, 1.0490956E-003, 2.2268070E-003, 6.9464434E-004, 2.3897835E-003, 9.5158809E-004, 8.7360277E-003, 1.5989967E-003, 1.7580114E-005, 3.3130700E-004, 5.9077284E-004, 1.3427055E-021, 1.3621974E-021, 2.9960634E-022, 2.6004952E-009, 5.3705725E-009, 2.9592625E-014, 3.2038570E-003, 2.4791997E-004, 1.8029703E-005, 5.7957769E-010, 4.1910857E-003, 3.9869006E-003, 2.2826793E-003, 3.5250397E-004, 6.4968173E-003, 5.2910663E-003, 6.7218785E-004, 1.6281781E-003, 4.3198970E-003, 1.3519400E-003, 6.5517743E-005, 1.7591756E-004, 3.6805227E-005, 2.7648350E-006, 8.5204054E-030, 4.0798267E-028, 7.3892546E-017, 1.4419247E-016, 2.3801052E-013, 9.0825386E-005, 7.9192034E-005, 9.7773887E-004, 1.1277678E-003, 1.7988521E-003, 1.8351991E-003, 2.1761936E-003, 5.9196732E-004, 4.4586223E-004, 2.5293745E-005, 4.6061825E-006, 3.7221821E-006, 8.5112067E-009
 1.0604733E+002, 1.7337774E-025, 3.2781760E-024, 4.0244046E-025, 1.5427892E-027, 1.4531002E-007, 6.3424857E-009, 3.3069163E-014, 2.0638092E-014, 3.3226135E-003, 3.1356238E-003, 4.2163571E-004, 2.4442573E-003, 1.2231255E-003, 1.0914820E-002, 2.5405535E-004, 9.6473535E-006, 8.9582255E-005, 4.2025116E-004, 3.0233289E-022, 5.9478325E-022, 8.8682198E-023, 4.9791599E-009, 7.5371257E-009, 5.2754196E-015, 1.8116449E-003, 6.3933673E-004, 9.9532417E-006, 1.3357044E-007, 4.7028912E-003, 4.0977155E-003, 2.6344434E-003, 5.2237837E-004, 6.2919138E-003, 6.1557717E-003, 9.8443394E-004, 8.0491105E-004, 4.7253846E-003, 6.3740235E-005, 2.4454916E-006, 1.6110967E-004, 3.7749802E-005, 6.1410587E-006, 4.3316386E-029, 4.3882118E-027, 7.1415460E-017, 4.4698701E-016, 9.0871631E-014, 1.0020154E-004, 8.3664613E-005, 1.0543489E-003, 1.4465796E-003, 1.5908377E-003, 2.1546976E-003, 2.5256522E-003, 4.7381313E-004, 2.6336383E-004, 4.0975648E-005, 1.4216354E-006, 1.2185147E-007, 1.0271973E-010
 1.0704962E+002, 2.0635629E-025, 7.8826634E-023, 5.8901935E-024, 3.6468920E-027, 6.4375887E-008, 5.9316786E-009, 5.3137898E-014, 2.6781139E-014, 2.9359642E-003, 2.1680088E-003, 1.4035061E-004, 2.7854618E-003, 3.6160671E-003, 4.8409513E-003, 4.7904780E-004, 1.4165579E-005, 2.9153124E-005, 1.7004994E-004, 7.3190554E-022, 4.2069718E-022, 4.6196053E-023, 2.5921957E-009, 5.2645279E-009, 3.0311777E-013, 1.9248962E-003, 7.2953003E-004, 3.0647296E-005, 9.3068412E-008, 4.9405092E-003, 4.0236766E-003, 2.2857521E-003, 1.2240243E-003, 6.3759580E-003, 7.1861785E-003, 1.7522590E-003, 7.0519259E-004, 4.7201706E-003, 2.1424056E-005, 9.7321766E-007, 1.6040205E-004, 1.9692818E-005, 3.2994188E-006, 1.5650753E-028, 1.4705182E-026, 5.4497907E-017, 9.5243348E-015, 2.7602418E-013, 9.8341095E-005, 1.1448785E-004, 1.1820032E-003, 1.5114408E-003, 1.6783176E-003, 2.2431780E-003, 2.3145579E-003, 4.2345672E-004, 9.3418902E-005, 1.0204492E-004, 1.1456936E-007, 3.0970689E-009, 2.8383143E-009
 1.0805192E+002, 7.3675263E-025, 1.4224636E-021, 3.7664899E-023, 5.7464813E-027, 1.3079523E-008, 1.4814119E-008, 1.4281919E-008, 1.4431260E-012, 1.4857999E-003, 6.6627524E-004, 3.0063804E-004, 2.8270593E-003, 7.9625634E-003, 2.0655182E-003, 1.0433646E-003, 9.3457359E-006, 7.5137674E-007, 2.4414024E-005, 1.2339134E-020, 2.4994980E-022, 5.2805492E-023, 3.5410682E-009, 1.7936775E-009, 1.9520678E-013, 2.9790531E-003, 6.8212275E-004, 2.6855204E-006, 2.8316184E-008, 4.8126255E-003, 3.2163830E-003, 1.7782960E-003, 1.1743847E-003, 7.5607223E-003, 4.7461611E-003, 1.4137127E-003, 5.9218370E-004, 1.8389520E-003, 3.7094870E-005, 2.7897393E-007, 1.4125469E-004, 9.5994991E-006, 2.3324867E-007, 2.6413394E-027, 1.1404625E-025, 5.9940049E-017, 8.3901938E-015, 9.9925736E-013, 6.5510691E-005, 1.8388729E-004, 1.1569382E-003, 1.6102635E-003, 1.7394376E-003, 2.2131622E-003, 2.4602775E-003, 1.2332275E-004, 1.3067685E-004, 8.5132361E-005, 1.3618695E-007, 3.1432930E-008, 8.3089154E-009
 1.0905422E+002, 1.4314535E-023, 1.2710230E-020, 9.1689657E-023, 3.9014079E-027, 4.9070483E-007, 1.9279785E-007, 5.7489916E-007, 1.0118877E-010, 1.3890986E-003, 1.0959803E-003, 7.8076686E-004, 2.4503595E-003, 1.0594261E-002, 1.6777392E-003, 2.4415533E-003, 5.6858086E-006, 3.0039764E-008, 4.8840579E-007, 1.8702555E-019, 9.8651070E-023, 6.8026347E-023, 1.5253576E-009, 3.1073368E-011, 1.4381928E-012, 3.1993945E-003, 7.2882805E-004, 3.5395329E-006, 1.5929484E-007, 4.8096445E-003, 3.2709560E-003, 1.4460489E-003, 2.0944693E-003, 7.0960608E-003, 3.1093375E-003, 5.6216830E-004, 4.3223880E-004, 1.0044247E-003, 4.7563761E-004, 3.4274920E-005, 1.4469940E-004, 1.4391186E-005, 3.5672000E-008, 6.8263537E-027, 7.1768140E-025, 4.0824848E-016, 2.0955681E-013, 4.3633124E-013, 3.4711572E-005, 2.3280899E-004, 1.9765430E-003, 1.6739247E-003, 1.7068900E-003, 2.3770834E-003, 2.8486035E-003, 1.0217920E-004, 1.5973467E-004, 5.6634427E-005, 1.5694407E-006, 1.7505938E-007, 1.1528853E-008
 1.1005652E+002, 1.0040430E-022, 5.6508848E-020, 8.8130332E-023, 2.5611888E-027, 2.1785289E-006, 4.8793056E-006, 1.3148946E-006, 1.5563328E-010, 1.3720404E-003, 3.4400667E-003, 2.3624896E-004, 2.0635660E-003, 1.2945051E-002, 4.0740575E-003, 3.1789086E-003, 7.2354018E-006, 5.4219982E-007, 2.3017488E-004, 2.3247327E-018, 6.6618402E-023, 2.6335391E-023, 1.4707120E-010, 7.5966564E-012, 1.5513594E-012, 2.8608150E-003, 1.1846693E-003, 1.4851476E-005, 7.0186818E-007, 4.5959020E-003, 3.5858794E-003, 1.4458933E-003, 2.9850243E-003, 6.7237110E-003, 4.5414356E-003, 1.2516431E-003, 6.0044256E-004, 3.0737600E-003, 7.6314962E-004, 1.2573765E-004, 1.4497388E-004, 4.4784201E-006, 2.2861617E-007, 4.6509118E-027, 1.3160982E-024, 1.2895089E-015, 2.8161004E-012, 2.5755554E-014, 7.3229926E-005, 4.2296648E-004, 2.3698397E-003, 1.7912758E-003, 1.6104880E-003, 2.5078796E-003, 2.5709310E-003, 3.1838218E-004, 2.8962336E-004, 1.0006566E-006, 2.6847001E-006, 5.7008451E-008, 3.8256963E-009
 1.1105881E+002, 5.0381454E-022, 4.4593044E-020, 2.2874043E-022, 3.2195496E-027, 1.6576541E-006, 1.3325949E-005, 7.9400831E-007, 1.0291410E-011, 1.2219583E-003, 1.9889071E-003, 5.3767711E-005, 1.9215838E-003, 1.3504278E-002, 3.8090171E-003, 3.2437577E-003, 6.0579633E-006, 7.1583012E-005, 3.1759551E-004, 1.8379409E-017, 6.4871489E-023, 6.0965618E-024, 6.8475895E-011, 4.9348875E-012, 3.0523869E-013, 1.2001461E-003, 1.8033677E-004, 1.0210861E-005, 4.7906123E-006, 4.5258022E-003, 3.4545991E-003, 2.3682019E-003, 3.5353813E-003, 6.7669383E-003, 4.5878479E-003, 2.4115709E-003, 1.2429879E-003, 4.4516021E-003, 1.8047757E-003, 1.7338422E-004, 1.0971757E-004, 9.3671657E-006, 2.1616480E-007, 1.2198944E-026, 8.8761201E-025, 1.5074771E-013, 1.0614652E-011, 4.1443261E-009, 1.2230579E-004, 2.4941560E-004, 2.3794858E-003, 2.5121734E-003, 2.4555428E-003, 2.6252102E-003, 2.1334793E-003, 5.0470422E-004, 2.4580782E-004, 8.5904286E-006, 2.5575117E-006, 2.2293978E-008, 6.8387271E-011
 1.1206111E+002, 3.3319865E-021, 9.6130899E-021, 1.5621132E-022, 4.1961902E-027, 8.5688955E-007, 9.5864477E-006, 2.4505050E-008, 4.9331570E-013, 6.7389557E-004, 4.1691645E-004, 2.0314838E-004, 1.8162929E-003, 1.1450901E-002, 4.0554594E-003, 3.6329997E-003, 4.2513490E-006, 1.2907417E-003, 2.3162290E-004, 7.9446635E-017, 8.0773725E-023, 2.5404817E-024, 1.1941821E-011, 1.0117567E-012, 8.1960932E-015, 1.6238221E-003, 1.7687900E-004, 2.3584930E-004, 8.5820388E-007, 4.4121313E-003, 3.3445167E-003, 3.6784724E-003, 2.1755902E-003, 6.4877786E-003, 6.1212275E-003, 1.3737194E-003, 1.5896793E-003, 5.6321065E-003, 1.0546665E-003, 1.7143997E-004, 1.3811144E-004, 2.3003565E-005, 1.1748898E-007, 3.4452590E-026, 1.2809733E-024, 1.3388126E-011, 9.4630353E-008, 2.0784807E-008, 3.6403915E-004, 1.0253589E-004, 2.6234853E-003, 2.6701980E-003, 1.8223127E-003, 2.9098175E-003, 2.7926693E-003, 5.8579414E-004, 1.8126488E-004, 4.7460288E-005, 7.0797934E-007, 2.9545253E-008, 1.3475839E-012
 1.1301522E+002, 3.9131571E-021, 3.6069951E-021, 9.4592873E-023, 1.8864624E-027, 7.8044679E-007, 5.6899223E-006, 3.5235979E-009, 5.5300821E-015, 4.3871593E-004, 4.9888118E-004, 2.0240014E-004, 1.7453734E-003, 4.6404931E-003, 7.1483987E-003, 5.5311029E-003, 3.9681317E-006, 1.0333797E-003, 6.7747159E-004, 2.3842449E-016, 8.3420910E-023, 1.3772890E-024, 1.1384650E-012, 2.7310128E-013, 1.0679261E-014, 8.9183951E-004, 1.8644321E-004, 7.0691705E-004, 4.7892523E-007, 4.4532729E-003, 3.8375383E-003, 4.6011854E-003, 1.1216388E-003, 7.0980531E-003, 5.7651286E-003, 1.7255627E-003, 1.7998137E-003, 6.1735132E-003, 8.0729926E-005, 6.8825184E-005, 1.2814804E-004, 2.7688815E-005, 7.7726032E-007, 1.7803489E-025, 4.2762224E-024, 1.5343716E-010, 3.8701739E-007, 2.8911899E-006, 1.5203540E-003, 9.5162963E-004, 2.5933531E-003, 2.5793752E-003, 8.7624294E-004, 3.1725948E-003, 3.1674103E-003, 6.2250466E-004, 3.3499093E-004, 6.2903848E-005, 9.2148495E-008, 1.1581178E-009, 3.8043003E-011
 1.1405576E+002, 3.7215154E-021, 8.1259015E-021, 6.1413805E-023, 2.6194584E-028, 6.2989427E-007, 5.7766143E-007, 1.4902293E-009, 1.1570291E-012, 9.9680772E-004, 3.4223360E-004, 2.3449828E-004, 2.0039442E-003, 2.0520705E-003, 8.8587170E-003, 5.4212594E-003, 6.4911314E-006, 2.4061387E-004, 9.4515133E-004, 3.3001671E-016, 3.5613893E-023, 1.9268711E-024, 8.9006161E-011, 3.6646862E-012, 3.3797944E-014, 5.3644121E-004, 1.5885965E-004, 1.7306306E-004, 3.4703820E-007, 4.6143754E-003, 3.8630891E-003, 1.8902301E-003, 1.7215854E-003, 7.5600324E-003, 5.8461576E-003, 2.1743002E-003, 1.8035600E-003, 5.7555002E-003, 2.1487464E-004, 2.7786641E-005, 8.4288141E-005, 2.2877603E-005, 1.6291259E-006, 1.3836013E-024, 6.1897306E-024, 2.5393346E-010, 9.8900736E-007, 6.8697121E-005, 1.5720209E-003, 1.7938778E-003, 2.6443179E-003, 2.7519916E-003, 1.0701986E-003, 3.0872554E-003, 2.8601439E-003, 6.3777053E-004, 4.2791925E-004, 2.5550848E-004, 4.6962631E-008, 4.2283479E-011, 4.4561210E-011
 1.1502576E+002, 2.4597738E-021, 3.9509435E-021, 1.1758045E-023, 6.9373145E-029, 3.9368044E-007, 3.3803245E-008, 2.1257118E-009, 2.8792802E-012, 9.8163885E-004, 2.1860956E-004, 1.1614435E-003, 4.5880651E-003, 1.3880562E-003, 1.2087292E-002, 7.1929328E-003, 3.7128118E-005, 1.1290799E-003, 2.5859438E-003, 2.8400171E-016, 2.5700846E-023, 2.2896705E-023, 4.9837519E-011, 9.8946063E-012, 1.3105423E-012, 1.0456882E-003, 3.6735442E-004, 2.0364192E-005, 2.9970450E-006, 4.8478129E-003, 3.8906955E-003, 1.1274587E-003, 7.0017164E-004, 7.3894430E-003, 6.8341063E-003, 2.6989866E-003, 2.3390096E-003, 2.8176076E-003, 4.4388704E-004, 3.6465377E-005, 8.8158520E-005, 2.7465676E-005, 8.9985338E-006, 2.9307670E-024, 4.8480386E-024, 7.5339833E-010, 1.4075436E-006, 9.6245046E-005, 1.6123866E-003, 2.0533540E-003, 3.0856343E-003, 3.6174290E-003, 7.4737733E-004, 2.9993253E-003, 2.6536581E-003, 6.4146750E-004, 6.0174249E-004, 4.5747764E-004, 2.7467543E-008, 1.7143030E-010, 3.1559485E-009
 1.1609275E+002, 1.8482637E-021, 7.6680771E-022, 7.3460184E-025, 7.2901850E-028, 6.4278232E-007, 2.1579892E-007, 4.9853711E-010, 1.2407281E-012, 7.5166227E-004, 2.8702184E-004, 5.8098008E-003, 6.3407324E-003, 4.7877053E-003, 1.4585571E-002, 8.2921261E-003, 4.6900955E-005, 1.4695072E-003, 2.0332838E-003, 1.0004070E-015, 7.2357577E-023, 2.7678905E-023, 2.4685468E-011, 6.3204081E-012, 1.2382073E-013, 8.7605991E-004, 8.2396445E-004, 7.0646075E-005, 1.7843870E-005, 5.0470647E-003, 4.7190999E-003, 1.1597591E-003, 2.6862722E-004, 7.0490625E-003, 6.2924813E-003, 3.1990570E-003, 2.0154058E-003, 2.6445101E-003, 8.6059809E-005, 1.3233777E-004, 1.3429079E-004, 4.8710799E-005, 1.4475935E-006, 2.6308431E-024, 1.6557396E-024, 3.1492155E-010, 1.2635670E-005, 3.1197524E-006, 1.7619763E-003, 1.7748815E-003, 3.0832173E-003, 2.6755256E-003, 8.9550106E-004, 2.8542309E-003, 2.2544435E-003, 8.3916206E-004, 2.1168685E-003, 9.1579851E-004, 5.1480113E-008, 3.1189707E-010, 1.3567573E-008
 1.1702725E+002, 1.3514830E-021, 1.7617409E-022, 1.1347906E-025, 9.8656107E-027, 5.5240769E-007, 1.7918737E-007, 5.1136993E-010, 4.5404747E-012, 6.2524191E-004, 1.0812081E-004, 1.3511747E-003, 5.5773993E-003, 9.9022505E-003, 1.4428175E-002, 6.3391353E-003, 2.7256675E-005, 3.9746275E-003, 2.2277308E-003, 4.2103914E-015, 4.6151957E-022, 6.2433948E-024, 1.8587035E-012, 2.7602715E-012, 2.4737348E-013, 7.3133444E-004, 6.0604081E-004, 4.8243714E-004, 2.3224750E-005, 5.7029530E-003, 4.4824277E-003, 1.9294165E-003, 9.1487870E-004, 6.9708687E-003, 4.1916735E-003, 3.6235036E-003, 2.1651029E-003, 1.1837201E-003, 1.4628280E-004, 1.6411108E-004, 1.3912852E-004, 2.7114411E-005, 1.2305986E-006, 2.3296981E-024, 3.9884262E-025, 4.6172839E-011, 9.8720844E-006, 1.0927251E-008, 1.8453474E-003, 1.5130367E-003, 3.1876521E-003, 1.4394413E-003, 9.2984523E-004, 2.4519614E-003, 1.6838765E-003, 1.8700846E-003, 3.6704326E-003, 1.7706669E-003, 8.2517387E-008, 5.0038322E-009, 1.7598820E-007
 1.1805158E+002, 7.9505672E-022, 1.3000520E-022, 8.2482583E-026, 6.9265649E-026, 7.6680022E-007, 6.5181646E-008, 4.3734911E-010, 7.6985852E-012, 6.3476274E-004, 4.4304032E-005, 5.2998510E-004, 3.2618189E-003, 1.7631665E-002, 4.1870178E-003, 3.5282403E-003, 2.8753693E-005, 3.9962156E-003, 1.8621295E-003, 7.4357689E-012, 6.4068791E-022, 1.2296343E-024, 1.0140403E-013, 1.0804559E-012, 2.9111192E-009, 7.5244378E-004, 2.5753154E-004, 1.0742173E-003, 8.8689508E-006, 6.5752492E-003, 4.3635235E-003, 2.7079362E-003, 1.6747292E-003, 5.7187468E-003, 2.5952782E-003, 3.1963069E-003, 2.5040096E-003, 9.7501820E-004, 2.1034463E-004, 8.5288676E-005, 1.0376848E-004, 1.0645865E-005, 1.2863237E-006, 1.1341618E-024, 1.5497236E-025, 4.9164534E-010, 8.5683684E-008, 6.9930400E-009, 1.5122579E-003, 1.6837443E-003, 3.4860502E-003, 1.5504399E-003, 1.8205961E-003, 2.4535097E-003, 2.0728381E-003, 3.4812255E-003, 2.9922354E-003, 1.1108149E-003, 1.2942321E-007, 1.0135874E-007, 2.1529303E-007
 1.1906893E+002, 4.9933262E-022, 8.4101668E-023, 1.3774738E-024, 1.7220226E-025, 9.3930959E-007, 1.8948463E-006, 8.6525072E-009, 2.2704436E-013, 2.4666671E-003, 5.9246831E-005, 4.4885543E-003, 4.9049248E-003, 1.0828677E-002, 1.9643594E-004, 5.7576881E-004, 1.9263778E-003, 3.5972958E-003, 1.2010060E-003, 8.4284030E-010, 6.5020228E-022, 2.2582824E-025, 3.8313257E-014, 1.0245319E-008, 2.2417094E-008, 6.1342780E-004, 3.7400548E-004, 1.3585710E-003, 9.6790788E-006, 6.1703740E-003, 5.3537119E-003, 4.8012798E-003, 2.1380004E-003, 5.1441183E-003, 1.2362244E-003, 2.5112347E-003, 3.6752727E-003, 1.3689220E-003, 1.6249359E-004, 5.5658046E-005, 9.8067328E-005, 1.3174909E-007, 1.2940298E-008, 4.5971050E-025, 5.2740352E-026, 2.6387157E-009, 1.7597287E-008, 2.8478285E-008, 1.2098635E-003, 1.7044274E-003, 3.2937567E-003, 1.8093408E-003, 8.9527055E-004, 2.5578480E-003, 2.7575587E-003, 3.7736215E-003, 2.0129113E-003, 1.8158357E-003, 9.7581456E-008, 2.9849345E-007, 4.6327773E-006
 1.2000204E+002, 6.8550475E-022, 7.3097512E-023, 1.4471765E-023, 8.1975557E-026, 7.8921288E-007, 9.5558074E-006, 8.1167152E-008, 6.1318736E-016, 3.5441506E-003, 1.1517400E-003, 2.0385526E-003, 8.3303791E-003, 8.4332676E-003, 1.9965942E-003, 8.7010329E-006, 4.7721543E-003, 4.5318483E-003, 1.9918922E-003, 1.2251452E-010, 4.4799888E-022, 1.3108959E-025, 3.1758366E-014, 1.4444772E-006, 7.0053654E-009, 5.1375786E-004, 4.0949093E-004, 2.9058788E-004, 1.4135295E-005, 6.2622944E-003, 4.8402013E-003, 6.5479908E-003, 1.7791630E-003, 5.6148824E-003, 2.9494851E-003, 3.6424603E-003, 3.3255409E-003, 1.6185326E-003, 2.7667355E-004, 9.0545898E-005, 8.1093467E-005, 3.5642459E-007, 2.7476110E-011, 2.1029756E-025, 2.1899223E-026, 7.4772551E-010, 5.9645093E-010, 1.8684262E-009, 1.4910028E-003, 8.9599590E-004, 1.8750408E-003, 1.4876084E-003, 8.6625947E-004, 2.4198386E-003, 2.5489650E-003, 4.1035160E-003, 2.2263577E-003, 2.3708562E-003, 2.7321822E-008, 3.3075571E-007, 2.8604187E-006
 1.2102601E+002, 1.1564710E-021, 1.4084130E-022, 1.9104366E-023, 4.0309612E-026, 1.4437022E-006, 1.1070734E-005, 3.3588981E-009, 2.7582358E-016, 2.0952458E-003, 1.1176692E-002, 3.9256385E-003, 7.5159276E-003, 1.4124677E-002, 6.6440125E-003, 4.9805678E-005, 6.4724386E-003, 4.4651175E-003, 4.7864778E-003, 4.1628956E-013, 5.0799762E-022, 1.7225479E-025, 3.3885325E-012, 2.0298593E-006, 6.6696831E-008, 4.3751927E-004, 3.7659129E-004, 2.5857985E-004, 2.6431946E-004, 6.6083950E-003, 4.3335160E-003, 6.8388227E-003, 2.5681775E-003, 5.7938014E-003, 3.3079869E-003, 3.3785662E-003, 3.5560353E-003, 3.2889938E-003, 8.2621417E-004, 1.3932265E-004, 4.3226906E-005, 6.7913982E-008, 3.8367663E-009, 1.0514376E-025, 4.8662798E-026, 2.8773329E-010, 1.8890271E-010, 8.3420075E-012, 1.7722486E-003, 1.5292262E-003, 1.6896306E-003, 1.5029633E-003, 9.5569239E-004, 2.3122384E-003, 2.3616032E-003, 4.1879506E-003, 1.9721676E-003, 2.7912789E-003, 1.0775911E-008, 1.0956401E-007, 4.8133301E-007
 1.2205938E+002, 2.7808855E-021, 6.3809887E-023, 1.0125896E-023, 6.1097711E-026, 1.4737499E-006, 5.2897998E-007, 8.8999564E-012, 2.4533200E-016, 5.1631928E-004, 3.8226820E-003, 3.4327817E-003, 6.4807334E-003, 1.6316309E-002, 7.2511102E-003, 3.6852200E-004, 8.2754397E-003, 6.4769190E-003, 4.0683993E-003, 1.5238080E-014, 3.3475678E-022, 2.2530986E-025, 5.4565801E-009, 4.2085095E-007, 4.3839241E-008, 2.5697562E-004, 7.1697707E-004, 9.0632823E-004, 1.6466907E-003, 6.6632300E-003, 7.1592781E-003, 7.8950000E-003, 2.7510775E-003, 6.1354224E-003, 3.5466439E-003, 4.3036926E-003, 4.3549970E-003, 5.5703679E-003, 7.9496751E-005, 1.4541716E-004, 3.6357038E-005, 4.9852493E-007, 2.2638814E-009, 1.7805048E-025, 1.8091795E-025, 1.2401390E-010, 1.8408777E-010, 1.9784002E-010, 1.6667330E-003, 2.0500387E-003, 1.7070179E-003, 8.5759832E-004, 1.2356740E-003, 2.4338332E-003, 2.3702333E-003, 3.9198739E-003, 4.0394678E-003, 4.0826402E-003, 8.6908217E-009, 2.9279663E-006, 1.5165034E-005
 1.2309274E+002, 5.3420925E-021, 5.5561185E-023, 8.6568633E-024, 2.0188627E-025, 1.6600750E-006, 1.0843376E-007, 8.2281785E-012, 1.8565199E-017, 5.5504185E-004, 5.4896263E-004, 1.7329622E-003, 7.3635397E-003, 2.0814805E-002, 1.0431356E-002, 6.9299381E-004, 5.8310633E-003, 9.3278800E-003, 4.2589410E-003, 2.7345142E-013, 7.2928211E-023, 3.0538786E-025, 3.6334753E-008, 4.0523881E-008, 2.5762936E-008, 3.1047326E-004, 8.3990363E-004, 3.5757346E-004, 1.2673535E-003, 6.4650388E-003, 7.7862433E-003, 6.4855437E-003, 4.1582615E-003, 5.8737903E-003, 3.9502958E-003, 3.8386369E-003, 3.3352710E-003, 5.1261690E-003, 2.3853729E-004, 1.9328432E-005, 4.3965923E-005, 6.1581252E-006, 2.3751257E-008, 1.6522004E-025, 2.5013577E-025, 3.7457123E-011, 1.8978420E-011, 1.0437995E-009, 1.7891085E-003, 2.1459313E-003, 1.5081922E-003, 2.9381321E-004, 1.0470796E-003, 2.5003781E-003, 3.4048221E-003, 3.8912127E-003, 4.7182654E-003, 5.1803707E-003, 2.8100487E-007, 1.3425360E-005, 6.5812266E-005
 1.2402277E+002, 4.8962864E-021, 4.2865147E-023, 9.1995469E-024, 8.2743339E-026, 1.5921062E-006, 6.9762459E-008, 6.5184511E-013, 8.1087578E-019, 7.0041943E-004, 3.1799354E-004, 1.3636681E-003, 1.0683943E-002, 1.3040601E-002, 1.1966524E-002, 2.2841832E-003, 5.3150623E-003, 4.0484224E-003, 5.6324342E-003, 7.2113720E-014, 2.5018678E-023, 1.1944936E-025, 1.7997332E-008, 1.2105871E-007, 4.8547212E-010, 4.8520574E-004, 8.8456644E-004, 2.7188315E-004, 1.8253427E-004, 6.4465475E-003, 7.6551656E-003, 7.1932159E-003, 4.7997151E-003, 5.0425641E-003, 2.8839280E-003, 4.1457168E-003, 3.6305912E-003, 5.7257636E-003, 4.5429577E-004, 7.7922678E-007, 4.9920246E-005, 1.5565284E-005, 1.6593295E-007, 6.5664052E-026, 1.0475716E-025, 2.3265656E-011, 3.2868514E-011, 1.4064755E-010, 2.3264073E-003, 1.6790553E-003, 1.0287131E-003, 5.3122833E-004, 8.0065450E-004, 2.9618124E-003, 3.7685635E-003, 4.0520554E-003, 4.8474369E-003, 5.3220481E-003, 2.8224700E-006, 1.1907224E-005, 3.2857282E-005
 1.2505613E+002, 1.1220587E-020, 3.3632817E-023, 1.1955379E-023, 7.8121639E-027, 1.4356041E-006, 1.6427118E-007, 9.4821271E-010, 4.0199033E-019, 8.7935427E-004, 7.9984192E-004, 8.0585406E-003, 1.1599896E-002, 4.5189432E-003, 6.6270628E-003, 4.8561186E-003, 5.5009164E-003, 8.6139897E-004, 1.3924930E-003, 2.1325672E-015, 1.6560008E-023, 7.4505384E-026, 4.5580272E-008, 5.1022828E-007, 1.4864030E-011, 3.2583025E-004, 2.9799229E-003, 3.2472704E-004, 1.4688036E-004, 7.0643471E-003, 8.0754498E-003, 5.9366168E-003, 3.6136799E-003, 3.3844837E-003, 3.2101731E-003, 4.6046024E-003, 5.0380726E-003, 6.0045520E-003, 2.6173689E-004, 1.2540309E-004, 4.4637617E-005, 1.2962442E-005, 2.8854346E-008, 4.1628079E-026, 2.9317933E-026, 4.6710182E-011, 4.6382817E-011, 3.5189753E-012, 2.2097055E-003, 1.7520286E-004, 7.0562954E-004, 6.4801521E-004, 1.0426578E-003, 3.8477503E-003, 3.6319017E-003, 3.8978413E-003, 4.7606655E-003, 4.1908446E-003, 2.9531374E-006, 1.6699599E-005, 4.2839555E-006
 1.2608950E+002, 2.7466349E-020, 1.1439495E-023, 6.1311254E-024, 4.2457386E-028, 2.1065522E-006, 2.1816031E-007, 2.8893138E-010, 1.3005975E-018, 4.1643328E-004, 8.4784726E-004, 1.1566504E-002, 7.8988231E-003, 3.5278199E-003, 6.9325155E-003, 6.4715275E-003, 5.7234026E-003, 3.1740786E-004, 9.7204801E-005, 2.4334093E-016, 1.1829619E-023, 4.5223446E-026, 2.9391045E-008, 9.2686393E-008, 7.7691434E-013, 2.4937095E-004, 3.4621293E-003, 2.3161724E-004, 4.0521706E-006, 7.3409559E-003, 7.5791386E-003, 6.2336031E-003, 3.5837185E-003, 3.5131431E-003, 4.2022700E-003, 4.5419035E-003, 5.4048404E-003, 5.5710667E-003, 9.9438092E-004, 3.3845449E-004, 4.4000529E-005, 6.6711175E-006, 1.9261949E-008, 2.3912953E-026, 3.6158926E-026, 1.5131633E-010, 1.6751123E-009, 1.4313741E-010, 2.5596696E-003, 2.1637803E-004, 1.0727731E-003, 8.5773370E-004, 1.6466624E-003, 4.0116713E-003, 3.4330294E-003, 3.8597450E-003, 4.4905963E-003, 3.3773146E-003, 1.1951792E-006, 1.0923780E-005, 7.5917349E-006
 1.2701953E+002, 3.1799957E-020, 5.9018984E-024, 2.9874023E-024, 1.4322943E-029, 1.4586640E-006, 9.3142264E-008, 1.7220657E-011, 2.8728163E-018, 4.3115365E-004, 7.9360292E-004, 1.3487031E-002, 5.4854972E-003, 7.1536100E-003, 7.0856572E-003, 4.4898280E-003, 6.2680104E-003, 2.8813491E-005, 1.5259154E-006, 6.3350678E-017, 9.1867251E-024, 3.4491301E-026, 6.3497564E-008, 8.1890582E-010, 2.0273138E-010, 4.8999544E-004, 3.0231549E-003, 1.7760554E-004, 3.7216733E-008, 7.6109510E-003, 6.2497885E-003, 6.4856162E-003, 3.9089979E-003, 5.9858229E-003, 3.9729376E-003, 3.8608301E-003, 5.5183075E-003, 4.9702618E-003, 2.2011452E-004, 1.6522805E-004, 3.6386222E-005, 1.6151327E-005, 1.6892564E-009, 9.5567287E-027, 1.3680381E-026, 1.1462142E-010, 8.4579401E-010, 4.8994477E-011, 2.7105660E-003, 4.7882629E-004, 1.4451633E-003, 2.2031980E-003, 8.7667268E-004, 3.9868435E-003, 3.9306533E-003, 3.7928258E-003, 4.4265139E-003, 3.0066500E-003, 3.1618803E-006, 4.8712088E-005, 6.6125802E-006
 1.2805289E+002, 1.5762087E-020, 1.0153712E-023, 5.0780731E-025, 2.2462320E-030, 1.6653079E-006, 5.4305215E-008, 1.3977301E-010, 3.9906932E-018, 4.2834453E-004, 1.8994080E-003, 1.1879751E-002, 5.6084535E-003, 8.3136355E-003, 4.8692994E-003, 4.4334189E-003, 7.3701662E-003, 1.7020684E-006, 1.0350099E-008, 7.3220618E-017, 7.4704510E-024, 4.1947081E-026, 2.1344220E-008, 6.2608325E-010, 1.8870391E-009, 1.3620045E-003, 1.4892047E-003, 3.1336571E-004, 1.1500576E-007, 7.2498347E-003, 6.3754547E-003, 5.5423873E-003, 3.8206119E-003, 7.1724156E-003, 3.8949328E-003, 3.8094488E-003, 2.9622428E-003, 4.5220683E-003, 4.6585831E-006, 2.6728821E-004, 1.2431824E-005, 5.8727205E-006, 8.4586247E-010, 4.9596000E-027, 3.5785234E-027, 4.8663021E-010, 2.2260987E-010, 8.8255719E-013, 2.5255513E-003, 2.2845285E-004, 1.4529049E-003, 1.8895145E-003, 1.0424475E-003, 4.0261703E-003, 4.1776513E-003, 3.8228506E-003, 4.4243703E-003, 1.4132453E-003, 4.4166105E-006, 1.0173327E-004, 1.4656251E-006
 1.2908625E+002, 6.2770899E-021, 3.9357604E-024, 4.0558324E-026, 6.0817086E-031, 2.6916721E-006, 3.6814023E-007, 5.0995636E-011, 7.9992825E-018, 4.2384538E-004, 2.5883146E-003, 2.6647157E-002, 5.6279398E-003, 8.0858532E-003, 6.0643302E-003, 4.9956430E-003, 7.3500238E-003, 4.5051999E-007, 4.0102241E-011, 1.0460543E-016, 3.5293944E-024, 3.7971250E-025, 2.4798887E-009, 8.0934322E-008, 2.6257721E-010, 8.8745239E-004, 3.8065785E-004, 4.8625428E-005, 7.7044428E-008, 6.5002564E-003, 6.3754795E-003, 4.4052445E-003, 9.7862704E-004, 6.7650502E-003, 4.0935721E-003, 2.0628286E-003, 1.6091640E-003, 1.6769024E-003, 9.8134355E-005, 4.9821164E-004, 6.2311348E-006, 2.0966065E-006, 3.4658188E-010, 2.9026706E-027, 5.1216168E-027, 7.3603848E-010, 4.0327609E-011, 2.9767440E-013, 1.0208823E-003, 5.6108260E-005, 1.7460730E-003, 1.6704471E-003, 1.2168174E-003, 4.0247220E-003, 4.1635596E-003, 3.7592353E-003, 4.2478581E-003, 2.0961572E-003, 4.7319181E-006, 1.4133810E-005, 1.2929208E-006
 1.3001628E+002, 2.0968324E-021, 1.5352026E-024, 1.8534807E-027, 1.9993435E-030, 3.5356982E-006, 3.4226319E-007, 8.9201849E-012, 4.5773937E-018, 3.0758030E-003, 1.8819578E-002, 2.9072839E-002, 7.3178933E-003, 5.1282857E-003, 9.1334643E-003, 7.0359049E-003, 3.8011007E-003, 3.0323536E-006, 1.0143805E-009, 1.6850397E-016, 1.8121530E-024, 2.7583466E-024, 6.2861896E-010, 5.9917146E-007, 1.4520911E-011, 7.3584439E-004, 2.7368869E-004, 2.2564656E-005, 1.0462798E-007, 6.6872551E-003, 6.6173981E-003, 4.6839681E-003, 2.1161225E-003, 6.1020161E-003, 3.8502487E-003, 2.0522031E-003, 1.5787291E-003, 1.0180899E-003, 3.5010680E-004, 8.7365073E-004, 4.0247205E-006, 3.3247736E-006, 5.6893643E-011, 2.6826828E-027, 5.9285485E-026, 7.2532965E-010, 3.2334708E-010, 6.9472858E-015, 8.1995118E-004, 2.5404646E-004, 2.5409859E-003, 2.2053839E-003, 1.4879364E-003, 3.8593428E-003, 4.3497120E-003, 4.1203963E-003, 4.9138390E-003, 3.3297943E-003, 1.3653886E-005, 3.4153192E-006, 1.7306732E-005
 1.3107633E+002, 6.1482190E-022, 5.3953928E-025, 7.5738630E-029, 1.4082481E-029, 3.0285029E-006, 7.1194083E-008, 4.5081333E-013, 1.3292597E-017, 1.4511870E-002, 2.4076076E-002, 1.1917579E-002, 6.5236307E-003, 5.3977938E-003, 1.1530525E-002, 8.6388758E-003, 3.4210134E-003, 1.3685585E-005, 1.1390716E-008, 1.2688662E-016, 1.1049999E-024, 6.2109972E-024, 9.3839856E-011, 5.1534849E-007, 2.9925259E-008, 1.6438994E-003, 6.8748019E-004, 2.7423044E-004, 1.4687509E-006, 7.0385349E-003, 7.4824121E-003, 5.8988639E-003, 2.6647287E-003, 5.9081009E-003, 2.9398160E-003, 3.8479686E-003, 2.0455976E-003, 1.5171198E-003, 1.0874774E-004, 4.5713648E-004, 2.9114251E-006, 6.5211995E-007, 1.5613375E-011, 3.3899377E-027, 2.6601349E-025, 6.3149511E-010, 2.6640865E-010, 5.4559653E-016, 1.0124170E-003, 3.1784816E-004, 2.4595103E-003, 2.2802118E-003, 1.3985764E-003, 3.9539395E-003, 4.2352511E-003, 4.4232942E-003, 4.0779895E-003, 2.4942561E-003, 1.2157618E-005, 7.7444934E-006, 2.8976074E-005
 1.3203294E+002, 2.4912321E-022, 1.2669813E-025, 2.5547132E-028, 5.5546219E-030, 1.7347145E-006, 9.6549680E-008, 6.3325490E-010, 1.2850225E-017, 1.6482632E-002, 2.2292388E-002, 9.6443646E-003, 6.2016358E-003, 1.0674095E-002, 1.1988051E-002, 1.3755556E-002, 4.7949102E-003, 2.9253393E-005, 7.8748479E-009, 4.3846310E-017, 8.5322654E-025, 2.7782476E-024, 6.9035954E-011, 1.8982644E-007, 4.7642282E-008, 2.2104399E-003, 1.0240812E-003, 4.6891118E-004, 6.3501712E-006, 6.9658912E-003, 7.4171448E-003, 6.5962409E-003, 3.4139086E-003, 5.7831457E-003, 2.3285903E-003, 5.5389216E-003, 4.4924518E-003, 7.4425549E-004, 2.0338225E-005, 4.5888271E-004, 6.6404159E-006, 9.9582394E-008, 5.8045492E-010, 1.1364640E-026, 1.1513403E-024, 2.7531726E-010, 2.7177172E-012, 1.7584753E-016, 1.4183235E-003, 6.8905646E-005, 2.4813670E-003, 1.3462064E-003, 8.1294683E-004, 4.2717015E-003, 3.8347233E-003, 4.3441175E-003, 2.0592434E-003, 4.3920067E-004, 1.3563040E-005, 6.3358214E-005, 2.7401979E-005
 1.3304859E+002, 9.9596117E-023, 3.7544074E-026, 1.4031225E-027, 2.2884300E-030, 2.1567003E-006, 1.3733622E-007, 5.5897684E-009, 1.1727097E-017, 1.1144544E-002, 1.4333446E-002, 2.0597238E-003, 1.3660827E-002, 1.7156092E-002, 1.3567201E-002, 1.7734294E-002, 6.2197916E-003, 1.5226675E-004, 1.5502333E-008, 3.4249756E-017, 1.1300354E-024, 6.0199123E-025, 1.4819084E-010, 9.2754829E-009, 1.8674700E-009, 3.1406377E-003, 1.1038587E-003, 4.5607223E-004, 8.7360686E-006, 7.4012616E-003, 6.8958603E-003, 7.2628028E-003, 3.4517130E-003, 5.4833409E-003, 1.6601493E-003, 5.4194068E-003, 5.3012144E-003, 5.7633442E-004, 2.0014086E-006, 5.9973944E-004, 1.0523096E-005, 2.5233987E-006, 6.8698522E-010, 2.2237556E-025, 4.1246173E-024, 9.1671406E-011, 1.0618416E-014, 1.7428969E-016, 1.5085812E-003, 1.5217435E-004, 2.3808791E-003, 1.3036520E-003, 5.7291194E-004, 4.3328909E-003, 3.8515477E-003, 4.3236403E-003, 8.3717043E-004, 5.9855250E-004, 7.6608461E-005, 2.3453683E-004, 6.7608135E-005
 1.3407394E+002, 5.2403993E-023, 1.6748893E-026, 1.8310765E-027, 2.3938923E-030, 7.3878293E-007, 3.1074531E-007, 3.5800551E-010, 5.9528368E-017, 9.9868307E-003, 1.1591427E-002, 2.2768039E-003, 2.1281375E-002, 1.3591553E-002, 1.6374863E-002, 1.7288594E-002, 6.5790278E-003, 1.6372426E-003, 4.0210970E-006, 1.8312302E-017, 1.6668901E-024, 1.8254898E-025, 1.2297839E-010, 3.5555026E-009, 4.4952557E-011, 2.7794214E-003, 2.1653756E-003, 1.9133874E-005, 1.5917401E-005, 7.7151259E-003, 7.3784925E-003, 5.4029413E-003, 4.7433665E-003, 5.8078767E-003, 1.7354219E-003, 4.2216879E-003, 2.0488016E-003, 6.0022089E-004, 3.9994691E-007, 1.4579503E-004, 8.8032072E-006, 3.2918374E-006, 1.0860720E-010, 1.9279207E-024, 2.0632995E-024, 1.2155240E-010, 9.4157831E-016, 3.1952711E-016, 1.1893462E-003, 2.3725733E-004, 2.5440514E-003, 2.8726275E-003, 1.6784133E-003, 4.2817410E-003, 4.7402524E-003, 3.9564784E-003, 2.3374765E-004, 6.6312820E-004, 1.2953976E-004, 2.7002407E-004, 1.1390561E-004
 1.3500286E+002, 4.0621348E-023, 1.6111903E-026, 1.1397894E-027, 1.5984288E-030, 2.0376514E-007, 3.4180307E-007, 1.8317116E-011, 4.1287639E-016, 1.9866559E-002, 1.6033768E-002, 4.5288350E-004, 2.2033623E-002, 1.8024297E-002, 1.6462120E-002, 1.0525748E-002, 6.1766938E-003, 9.2581786E-004, 2.1567264E-006, 3.0147735E-017, 1.7555240E-024, 7.7217862E-026, 2.4708441E-010, 3.5230991E-010, 6.5992053E-014, 3.2123150E-003, 1.1376308E-003, 7.9787082E-005, 2.3690011E-005, 8.0405681E-003, 6.3933087E-003, 4.8465467E-003, 4.8223253E-003, 5.8626464E-003, 2.2303889E-003, 3.8787156E-003, 1.9675157E-003, 6.5876828E-004, 7.8301067E-007, 1.3565065E-003, 8.2018296E-006, 4.6260818E-007, 3.6201010E-010, 3.6885641E-024, 9.5515897E-025, 8.0487938E-011, 5.0868446E-016, 4.3819087E-016, 5.0559708E-004, 7.3315389E-004, 2.7446521E-003, 3.2150435E-003, 1.8009480E-003, 4.2274661E-003, 5.2449974E-003, 3.7893244E-003, 2.8442293E-004, 5.8060016E-004, 1.4650794E-004, 1.6251296E-004, 4.9408935E-005
 1.3605280E+002, 1.7450723E-023, 2.0981311E-026, 3.2442021E-027, 4.7139907E-031, 2.4882971E-006, 1.7941321E-007, 1.0964083E-009, 8.6253328E-014, 1.9373527E-002, 1.0230968E-002, 3.5578157E-004, 1.9676707E-002, 2.1224220E-002, 1.6611525E-002, 7.0024647E-003, 4.9923631E-003, 9.6095583E-005, 9.3589616E-007, 2.8546723E-017, 1.5963990E-024, 5.0909750E-026, 6.7062876E-011, 2.7522114E-010, 2.7490261E-015, 2.2681932E-003, 1.0467807E-004, 9.0839889E-004, 3.5050414E-005, 6.7985635E-003, 4.6812857E-003, 4.8901645E-003, 4.0909334E-003, 5.4307805E-003, 4.8266425E-003, 4.7917416E-003, 3.3212453E-003, 5.1903307E-004, 2.6224627E-004, 1.1844008E-003, 7.6695320E-006, 8.0363041E-008, 1.6738764E-011, 2.8610069E-024, 3.1796518E-024, 1.1156999E-010, 4.4457807E-016, 4.8515740E-016, 4.8721078E-004, 1.0955611E-003, 2.8123890E-003, 2.8661736E-003, 1.0329487E-003, 4.6221413E-003, 5.3619476E-003, 3.2456614E-003, 4.1897394E-004, 2.3541635E-004, 1.6493414E-004, 1.0788678E-004, 1.8295160E-005
 1.3701151E+002, 5.5594537E-024, 6.2824621E-026, 3.9997967E-026, 5.6242920E-031, 2.6150058E-006, 2.9058762E-008, 8.6233675E-010, 2.0025542E-013, 1.6742282E-002, 1.4800221E-002, 5.3326488E-004, 1.2831089E-002, 2.1913062E-002, 1.7680787E-002, 1.4112830E-002, 3.3645148E-003, 9.9253508E-006, 1.1129720E-007, 6.8878168E-017, 8.3789729E-025, 4.7011209E-026, 7.9198117E-011, 8.7608044E-011, 8.8781551E-014, 1.3835699E-003, 1.4787911E-004, 4.7245807E-004, 4.4381108E-005, 5.2763117E-003, 4.9392725E-003, 4.4420992E-003, 5.7500438E-003, 4.8533240E-003, 4.6991289E-003, 5.4042196E-003, 5.2269003E-003, 2.7103998E-004, 3.4146231E-004, 3.4672834E-004, 6.8613016E-006, 3.6122548E-007, 1.0400298E-012, 4.8409691E-024, 1.0765743E-023, 1.4101685E-010, 7.3360210E-016, 3.7684608E-014, 5.5002566E-004, 9.1774851E-004, 2.8512598E-003, 2.5874576E-003, 1.5554862E-003, 4.7677171E-003, 4.0217839E-003, 2.5747218E-003, 4.7173627E-004, 1.7836735E-004, 1.4127239E-004, 9.1838207E-005, 2.2608122E-005
 1.3806610E+002, 1.2182466E-024, 4.7602110E-025, 4.0313602E-025, 2.1642639E-030, 2.3283555E-006, 1.5446350E-008, 9.2435485E-010, 3.4578722E-015, 1.5837190E-002, 1.5018233E-002, 2.9456461E-003, 1.1855787E-002, 2.1185799E-002, 1.8554884E-002, 1.5338464E-002, 3.7621619E-003, 1.3381421E-006, 2.1356460E-009, 3.5343741E-016, 5.8233364E-025, 1.3536320E-026, 5.7190233E-011, 1.6050390E-010, 1.7397630E-011, 1.4961872E-003, 7.7398989E-004, 2.3841383E-004, 2.6045378E-006, 6.3378162E-003, 5.9217089E-003, 3.3821054E-003, 6.4300561E-003, 4.6016675E-003, 4.3185797E-003, 5.1672935E-003, 4.8033850E-003, 2.3373556E-004, 1.2667929E-005, 1.8843614E-003, 6.4203295E-006, 7.3049800E-007, 3.4636621E-012, 4.0027819E-023, 4.6277748E-023, 2.2206019E-010, 3.4462215E-015, 1.0982915E-013, 5.7076375E-004, 1.0464345E-003, 2.9032705E-003, 2.5018651E-003, 2.8984291E-003, 4.6872355E-003, 3.7160078E-003, 3.7983378E-003, 8.0105773E-004, 1.5039385E-004, 1.2905220E-004, 3.7257955E-005, 5.3857391E-006
 1.3902481E+002, 1.3058827E-024, 4.5867937E-024, 1.2898075E-024, 1.5262734E-029, 1.3825646E-006, 1.1029895E-007, 3.3334541E-008, 3.8566041E-016, 1.5279274E-002, 1.3399309E-002, 3.8303259E-003, 1.2266648E-002, 2.0917600E-002, 1.6570109E-002, 1.3816124E-002, 4.5426548E-003, 1.1795495E-005, 4.6469835E-011, 1.1629279E-015, 4.8222527E-025, 5.6511005E-027, 7.6253813E-011, 9.5926141E-011, 5.2509408E-011, 1.9456319E-003, 1.2323191E-003, 8.7623317E-005, 9.5837144E-007, 7.0407656E-003, 6.8396314E-003, 4.3790163E-003, 2.4114584E-003, 4.8380147E-003, 4.3106657E-003, 4.9035352E-003, 3.3966630E-003, 2.0855876E-004, 1.8419660E-006, 2.5887956E-003, 5.3912135E-006, 2.7665002E-007, 5.4829870E-012, 1.0791107E-022, 1.4726771E-022, 6.3783202E-011, 2.3782147E-014, 7.9951135E-013, 5.4405347E-004, 4.4379427E-004, 2.9430992E-003, 2.7643771E-003, 2.7908823E-003, 4.9608649E-003, 2.9235509E-003, 4.1467018E-003, 1.6458707E-003, 2.7997875E-005, 1.2678209E-004, 2.2960638E-005, 4.4653294E-007
 1.4007939E+002, 6.8775946E-024, 4.6500738E-023, 2.7377342E-024, 5.2569724E-029, 2.5648461E-007, 6.3834985E-007, 2.3927193E-007, 8.3058408E-016, 1.4731060E-002, 1.2413848E-002, 1.6672550E-003, 1.5116709E-002, 1.8988697E-002, 1.2982916E-002, 1.1177471E-002, 4.8598782E-003, 2.1759426E-005, 3.8544001E-011, 7.7008897E-015, 5.6745502E-025, 1.6735159E-027, 8.7274758E-011, 4.5024378E-011, 3.0642514E-012, 2.1430814E-003, 1.2206787E-003, 4.2012660E-005, 1.0633501E-006, 7.2517990E-003, 6.6652111E-003, 6.1228375E-003, 2.0635368E-003, 4.7586757E-003, 5.1864550E-003, 4.2398390E-003, 3.7080422E-003, 6.8468570E-005, 2.1201773E-004, 3.5436629E-003, 4.0343940E-006, 9.5649910E-008, 2.4709945E-012, 7.1343375E-023, 1.6522207E-022, 2.0927696E-012, 4.8034516E-012, 1.5725973E-010, 4.2627841E-004, 8.1843251E-005, 2.8568113E-003, 3.1648365E-003, 1.3376709E-003, 4.9291706E-003, 3.5284998E-003, 3.6766829E-003, 2.7560017E-003, 4.5519237E-004, 1.7257030E-004, 2.9837290E-005, 1.8922043E-007
 1.4103811E+002, 1.1165671E-023, 2.7526264E-022, 1.9274853E-024, 1.0366912E-027, 3.3845795E-007, 3.7152506E-007, 1.6610670E-008, 3.8590802E-014, 1.2049556E-002, 8.3714199E-003, 3.5925669E-004, 1.8154464E-002, 1.3555136E-002, 1.4135978E-002, 2.7224262E-003, 4.7497103E-003, 8.4663220E-006, 3.7197070E-012, 7.6296761E-014, 6.1172625E-025, 3.5308528E-027, 9.7789066E-011, 4.2332082E-012, 5.8432461E-013, 2.1237594E-003, 3.5604550E-004, 4.6743222E-005, 5.8415929E-007, 7.6903467E-003, 6.4664007E-003, 5.0033095E-003, 2.6327088E-003, 4.7470652E-003, 6.1973342E-003, 4.3206700E-003, 3.1662448E-003, 6.4380992E-005, 1.8549466E-003, 1.0690452E-003, 3.3381941E-006, 2.9826034E-008, 3.1922663E-012, 1.1660386E-022, 2.0422098E-022, 1.1085719E-012, 1.0002762E-011, 2.7741163E-010, 3.3395596E-004, 2.9832376E-004, 2.8358050E-003, 2.8504233E-003, 2.9493583E-004, 5.3001027E-003, 4.4323526E-003, 3.5686184E-003, 9.7661697E-004, 1.2514629E-003, 1.6289501E-004, 9.7040088E-006, 1.1891934E-006
 1.4209269E+002, 6.1391029E-024, 5.3553942E-022, 1.1272594E-024, 4.2837221E-026, 3.5363800E-007, 1.6703827E-008, 2.4092209E-010, 4.2269311E-013, 1.0652548E-002, 7.7969437E-003, 2.6593464E-005, 1.9806756E-002, 2.0406176E-002, 1.7119903E-002, 2.9743619E-003, 4.5854696E-003, 3.0311194E-004, 6.0803787E-010, 1.1858394E-014, 6.1683858E-025, 3.3210260E-026, 1.1240679E-010, 1.7039625E-008, 2.6034595E-009, 1.9928855E-003, 6.3976598E-004, 1.3265600E-005, 3.6148819E-006, 7.3222809E-003, 6.4856457E-003, 4.3988278E-003, 1.0443641E-003, 5.1993261E-003, 6.5273663E-003, 5.5569371E-003, 2.3440663E-003, 1.1944704E-004, 2.5113241E-003, 5.9511708E-004, 5.0396756E-006, 1.4913482E-008, 4.1477293E-006, 1.9244446E-022, 2.9710135E-022, 1.7863412E-012, 6.7998623E-012, 9.4967218E-011, 2.0212827E-004, 1.6815683E-004, 2.8642351E-003, 3.9563745E-003, 2.9012765E-004, 5.4686512E-003, 3.7395833E-003, 3.6267142E-003, 2.4893818E-004, 8.5555075E-004, 8.3570779E-005, 7.9480463E-006, 9.7666535E-006
 1.4305140E+002, 3.5026286E-024, 1.4698300E-022, 3.1887135E-023, 4.8628676E-025, 1.8551427E-007, 9.5680138E-009, 6.0934905E-008, 5.8120066E-013, 6.6596976E-003, 1.3653667E-003, 4.2706032E-006, 1.9456298E-002, 1.4573793E-002, 2.6227226E-002, 5.4806224E-003, 4.9349454E-003, 1.3452718E-003, 1.8310767E-009, 1.5155692E-015, 6.9838248E-025, 3.4322483E-026, 3.0372095E-010, 6.5624938E-008, 1.1781037E-008, 2.1892297E-003, 4.5387358E-004, 1.7514191E-005, 2.8388726E-006, 7.0671302E-003, 5.4261559E-003, 6.3146154E-003, 5.1143377E-004, 5.0898239E-003, 6.7474561E-003, 4.4880954E-003, 3.7584861E-003, 8.7075162E-005, 1.3575787E-003, 3.6309982E-004, 7.6428326E-006, 1.6011565E-008, 1.4171405E-005, 1.4011165E-022, 1.9446587E-022, 1.5926143E-012, 4.6444564E-011, 2.1304820E-010, 1.0089211E-004, 8.4197735E-005, 3.3912941E-003, 4.1237890E-003, 2.4060458E-004, 5.5070359E-003, 3.3749871E-003, 3.1906037E-003, 1.1121486E-004, 4.4971821E-004, 8.2569917E-005, 4.6388054E-005, 2.2547608E-005
 1.4401012E+002, 9.8199586E-024, 2.2482895E-023, 7.8024965E-022, 5.1266318E-025, 3.1572406E-007, 5.4694646E-008, 8.1482611E-008, 5.6504079E-014, 2.4322491E-003, 5.2521722E-004, 1.3015621E-006, 1.9343091E-002, 9.0907602E-003, 2.5125692E-002, 2.4290303E-003, 5.5439398E-003, 7.1935519E-004, 8.4554703E-009, 4.5232012E-016, 4.9966461E-025, 1.6339874E-026, 5.5950943E-007, 9.2851855E-007, 1.6349242E-008, 1.1651143E-003, 2.2952829E-004, 6.5906286E-005, 3.0270994E-007, 6.9187973E-003, 5.1419384E-003, 6.0593446E-003, 1.2896282E-003, 5.3114968E-003, 3.7705924E-003, 4.7618999E-003, 1.1720669E-003, 8.6663997E-005, 8.9055012E-004, 2.5550816E-003, 5.7666217E-006, 8.2293287E-009, 1.0104149E-005, 5.8639269E-023, 7.4277201E-023, 1.0126324E-012, 2.9566680E-011, 6.6702046E-011, 7.1036822E-005, 4.0438923E-005, 4.3394967E-003, 3.7728645E-003, 1.7073108E-003, 5.3264957E-003, 3.5495413E-003, 3.3317431E-003, 1.1039697E-004, 9.9210075E-005, 1.5789354E-004, 6.4614448E-005, 1.5592413E-005
 1.4506470E+002, 7.8828629E-024, 2.1234839E-023, 2.0161537E-021, 5.7732465E-025, 7.8778812E-007, 2.8435091E-007, 3.7454702E-007, 1.3016209E-015, 3.6446425E-003, 5.1438265E-004, 1.1827378E-004, 1.9196239E-002, 9.4829974E-003, 9.5673554E-003, 2.3513906E-003, 4.4042304E-003, 1.4584451E-005, 4.5467972E-009, 1.9575584E-016, 3.2664289E-025, 6.2517031E-027, 3.2197353E-006, 3.2422547E-006, 1.0106802E-008, 5.7233909E-004, 2.3297631E-004, 5.3405294E-005, 3.5730065E-009, 7.2820339E-003, 6.4169446E-003, 5.6337840E-003, 1.6636596E-003, 6.5969900E-003, 1.8542856E-003, 4.3099243E-003, 2.4574736E-003, 1.2408362E-004, 4.1830880E-004, 3.3466619E-003, 3.1217513E-006, 8.2776602E-009, 1.1798921E-006, 2.9483646E-023, 1.8167307E-023, 3.9560913E-013, 2.2461909E-011, 9.4304494E-012, 7.9065847E-005, 4.2944198E-005, 4.3645078E-003, 3.9494096E-003, 3.9703828E-003, 4.7755188E-003, 4.4933369E-003, 2.5872982E-003, 3.0176243E-004, 2.3367977E-005, 2.7609058E-004, 4.4077234E-005, 5.5300219E-007
 1.4602341E+002, 3.7837871E-024, 5.0512565E-023, 2.0972723E-021, 1.6096390E-024, 8.9593374E-007, 4.5147484E-007, 1.1324780E-007, 5.9191820E-015, 4.6110285E-003, 5.2945755E-004, 1.4976161E-004, 1.6658578E-002, 2.0409070E-002, 1.7368428E-002, 1.8985323E-003, 5.4287925E-003, 8.6880375E-008, 5.6840148E-011, 1.0283875E-016, 2.0955447E-025, 1.2949712E-026, 1.8131836E-006, 1.0209033E-006, 1.2444914E-009, 8.3537401E-004, 2.1506095E-004, 1.0088524E-005, 1.2449504E-006, 7.5683810E-003, 7.9475018E-003, 5.6757404E-003, 5.4534335E-003, 4.6730805E-003, 2.6981008E-003, 4.3959761E-003, 5.6439741E-003, 1.1568237E-004, 1.3402568E-003, 1.4786000E-003, 1.0235345E-006, 8.8599476E-009, 3.3964445E-009, 1.3517860E-023, 7.5909274E-024, 8.7863739E-013, 1.7736195E-013, 7.3399114E-013, 1.0607261E-004, 1.8116006E-005, 4.1966354E-003, 3.7023544E-003, 2.4065362E-003, 4.0137155E-003, 4.8376066E-003, 2.0699450E-003, 9.8391382E-004, 8.8699852E-005, 1.7720024E-004, 4.2124349E-005, 1.3164302E-008
 1.4707800E+002, 1.8914426E-023, 1.8515223E-022, 4.4300163E-022, 9.2052964E-025, 1.0389764E-006, 3.5610390E-007, 1.6329595E-009, 4.5485225E-014, 3.7414468E-003, 1.3725204E-003, 7.2512788E-004, 1.5967965E-002, 2.4820366E-002, 2.4986124E-002, 1.2438121E-003, 8.5793837E-003, 8.6673216E-007, 6.7517582E-012, 2.0394405E-017, 8.7658662E-026, 2.1714912E-026, 6.8496006E-007, 6.7656953E-008, 3.0145145E-011, 1.0394835E-003, 1.3220850E-003, 5.6183363E-007, 2.1495772E-006, 7.1841546E-003, 7.5932695E-003, 7.0370246E-003, 5.4820753E-003, 2.6462344E-003, 4.3842289E-003, 6.4418039E-003, 6.3504376E-003, 6.5688657E-005, 2.3537491E-003, 1.1960722E-003, 3.1360079E-007, 1.4592008E-005, 3.3256521E-010, 5.8924576E-024, 6.0672102E-024, 1.0323330E-012, 2.3961659E-012, 1.4093133E-010, 1.0355407E-004, 1.8011731E-005, 3.8226347E-003, 2.2313542E-003, 1.8140188E-003, 3.4914471E-003, 3.8867863E-003, 2.3362528E-003, 1.2927269E-003, 1.9215186E-004, 6.0127636E-005, 5.8215646E-005, 9.6303718E-010
 1.4803671E+002, 8.5048985E-023, 2.5759603E-021, 1.1948997E-023, 7.6076196E-026, 8.3281490E-007, 1.4887787E-005, 1.0315325E-009, 2.5558130E-014, 2.5918821E-003, 1.8503634E-003, 4.4528205E-004, 1.6730294E-002, 3.5395265E-002, 1.2599217E-002, 5.7629168E-003, 9.1870167E-003, 2.5111314E-006, 2.6114686E-013, 2.5490155E-018, 6.5040255E-026, 7.6521962E-027, 1.4335068E-007, 1.2082488E-007, 5.8795766E-011, 2.4693869E-003, 3.1632714E-004, 5.3647187E-006, 4.8579593E-007, 1.1112057E-002, 9.1685303E-003, 8.0741176E-003, 1.3674369E-003, 3.4212686E-003, 5.9927070E-003, 7.9902569E-003, 7.3810618E-003, 4.7893258E-004, 1.3006597E-003, 1.3654625E-003, 1.6239742E-004, 2.3640893E-004, 1.2986281E-009, 2.1332279E-024, 1.1209813E-024, 3.6867475E-013, 2.8141924E-012, 1.0557336E-009, 5.7249229E-005, 1.5443675E-004, 3.2662423E-003, 2.9320206E-003, 3.8692586E-003, 3.6130789E-003, 3.6327729E-003, 2.5401418E-003, 1.0235632E-003, 1.4300832E-004, 6.8409080E-005, 9.6077953E-005, 9.6718036E-010
 1.4909130E+002, 2.1410695E-021, 1.6763414E-020, 1.4505791E-024, 1.8649862E-027, 6.0286514E-007, 3.2305284E-005, 1.2369670E-010, 1.6088173E-014, 3.3153873E-003, 4.2170100E-003, 5.8030259E-004, 1.6232767E-002, 3.8603529E-002, 4.6206346E-003, 4.6959184E-003, 8.8962779E-003, 3.1329891E-007, 5.3346330E-015, 9.4112101E-019, 6.3152071E-026, 1.0937046E-027, 5.1930401E-008, 2.0659701E-008, 5.5477097E-010, 3.9429604E-003, 2.3409797E-004, 3.2474462E-005, 1.2417223E-005, 1.1453018E-002, 1.0793545E-002, 4.0494025E-003, 5.9438408E-003, 5.1187158E-003, 6.7196018E-003, 1.1022934E-002, 8.0079500E-003, 1.0159608E-003, 1.1816891E-003, 1.8842733E-003, 1.7976160E-003, 1.5626387E-004, 1.5021674E-006, 1.3115535E-024, 2.2666343E-025, 8.6664719E-013, 8.5640075E-012, 2.9916615E-010, 4.3929163E-005, 2.6628274E-004, 2.6925076E-003, 3.0717394E-003, 3.8160273E-003, 4.1919402E-003, 3.3390801E-003, 1.6408796E-003, 8.1172418E-004, 1.0831988E-004, 5.5464032E-005, 1.6043189E-005, 9.8856945E-010
 1.5005001E+002, 1.9407776E-020, 8.7853215E-020, 1.2781622E-023, 1.0632734E-028, 8.1401910E-007, 1.0109149E-005, 4.6804930E-010, 3.0701127E-015, 4.5585944E-003, 1.1763484E-002, 3.6307613E-004, 1.9583228E-002, 2.7937752E-002, 5.5046670E-003, 1.8883959E-003, 5.8652204E-003, 2.4050790E-009, 1.3056096E-015, 1.0424516E-018, 3.1953956E-025, 1.2886979E-027, 7.9889376E-009, 2.1882837E-010, 1.0778395E-011, 4.0862253E-003, 1.5382584E-004, 5.0448440E-005, 3.3565701E-005, 9.8741987E-003, 1.0365717E-002, 4.1448507E-003, 3.2192003E-003, 8.2068627E-003, 8.9023681E-003, 1.1547334E-002, 1.0022221E-002, 1.1994673E-003, 1.4743236E-003, 2.3148056E-003, 2.3200498E-003, 2.6190946E-004, 1.7808263E-005, 1.3327322E-024, 1.2606290E-024, 3.6668283E-011, 3.6603851E-011, 7.4090214E-011, 4.0483240E-005, 4.2232070E-004, 2.7372485E-003, 2.4932119E-003, 2.4261976E-003, 4.1494197E-003, 3.2902922E-003, 1.3269889E-003, 3.6015878E-004, 3.4503861E-005, 2.1675948E-005, 8.0193233E-006, 2.5850129E-011
 1.5100872E+002, 3.1318701E-020, 3.0094111E-019, 9.3847732E-023, 7.0811902E-029, 2.3675084E-006, 1.2504800E-006, 5.7574951E-010, 2.4075384E-016, 2.8600475E-003, 1.4018872E-002, 1.8039527E-004, 3.7330029E-002, 1.7568707E-002, 7.0166375E-003, 8.9978699E-003, 4.0630182E-003, 4.1523437E-011, 3.5345491E-015, 1.6738361E-019, 7.4275975E-025, 2.1732699E-027, 1.2789172E-008, 6.8611585E-012, 3.3704612E-014, 3.6436850E-003, 1.0082338E-004, 1.2876906E-005, 7.4176903E-007, 9.9290154E-003, 1.0204718E-002, 7.4680142E-003, 1.4338957E-003, 1.1441687E-002, 1.1208245E-002, 8.2337683E-003, 8.2751642E-003, 1.5991282E-003, 2.9339997E-003, 2.8194921E-003, 1.0722525E-003, 1.0728067E-005, 1.7725627E-004, 8.2675690E-025, 1.4785803E-024, 2.1341524E-010, 1.8369016E-010, 1.9233521E-011, 3.5371184E-005, 4.5930297E-004, 3.3913734E-003, 4.6361735E-003, 5.3002063E-004, 4.2895541E-003, 3.7582682E-003, 1.4220868E-003, 2.7426628E-004, 1.6164280E-005, 3.2492517E-005, 2.0124061E-006, 4.9287911E-011
 1.5206331E+002, 2.9628280E-020, 1.3956283E-019, 1.2661587E-022, 1.4943628E-027, 1.3932734E-005, 8.7539774E-007, 7.8400453E-011, 1.2980228E-016, 4.8801272E-003, 2.0118099E-003, 1.0427543E-005, 3.4893821E-002, 1.8061954E-002, 3.8112564E-003, 9.9989944E-003, 3.3303285E-003, 1.9672285E-011, 2.9712439E-013, 8.8477020E-020, 9.8148232E-025, 1.7585513E-027, 1.7095512E-008, 4.3963566E-014, 3.8746814E-014, 3.0065511E-003, 1.1187966E-004, 1.9829632E-006, 4.4090306E-008, 6.3395517E-003, 3.5417493E-003, 6.8444275E-003, 2.7352410E-003, 1.2160224E-002, 1.2961977E-002, 7.9934148E-003, 6.8836545E-003, 1.6026116E-003, 4.2647065E-003, 3.0071543E-003, 2.5245673E-004, 2.3830557E-007, 1.1184083E-003, 7.3842697E-025, 3.0842528E-025, 1.9327429E-010, 1.9526317E-010, 1.3360176E-013, 3.4556696E-005, 3.0588433E-004, 3.7237097E-003, 5.2211820E-003, 1.3367587E-003, 4.8709464E-003, 3.4349535E-003, 1.5913753E-003, 2.9395040E-004, 1.2707118E-005, 1.4521155E-005, 4.5097109E-006, 1.2702084E-010
 1.5302202E+002, 1.2082248E-020, 2.7179189E-020, 3.0340431E-023, 3.3299580E-027, 2.3861859E-005, 1.6621439E-005, 1.2942120E-010, 1.2844445E-016, 1.6170740E-002, 4.9977315E-003, 8.7043125E-005, 2.4249667E-002, 2.5787800E-002, 2.6800307E-003, 1.0207846E-002, 2.3581888E-003, 1.7785219E-007, 5.9965543E-011, 5.8357211E-019, 5.5594967E-025, 5.7129779E-028, 1.2782334E-008, 9.5195649E-013, 6.0579220E-014, 3.2349158E-003, 5.2013528E-004, 6.4192129E-006, 1.1011123E-008, 4.4205315E-003, 4.0938973E-003, 4.5829077E-003, 6.5017914E-003, 1.1588342E-002, 1.2409520E-002, 1.0578773E-002, 5.5135160E-003, 1.6104282E-003, 4.1709552E-003, 1.8726298E-003, 6.5575731E-005, 2.7896277E-005, 6.7052625E-005, 8.1177835E-025, 3.8091672E-026, 1.4764797E-010, 8.6917029E-012, 3.5350368E-014, 2.9371921E-005, 2.2504956E-004, 3.6556292E-003, 4.6018310E-003, 2.6579648E-003, 4.8266017E-003, 1.8429420E-003, 1.7886144E-003, 5.5318760E-004, 7.4893416E-005, 7.0359294E-006, 1.1372672E-005, 7.7386977E-011
 1.5407660E+002, 6.8833346E-021, 9.2534539E-021, 2.1410718E-023, 3.9362840E-027, 2.3057108E-005, 8.9991087E-006, 5.9916531E-008, 1.3139786E-016, 1.8621087E-002, 4.3891479E-003, 3.7285864E-005, 2.0182671E-002, 2.8042193E-002, 7.2041396E-003, 7.9033906E-003, 2.2484470E-003, 4.2165463E-007, 2.5200543E-010, 1.3443700E-017, 2.1790956E-025, 3.8653424E-028, 4.9476008E-009, 1.3896012E-013, 7.5905866E-014, 3.2454460E-003, 6.0102314E-004, 4.5855351E-007, 9.4123319E-006, 5.1658109E-003, 5.9300003E-003, 5.1988214E-003, 7.0974259E-003, 1.3087996E-002, 5.9365995E-003, 1.1744658E-002, 8.0748777E-003, 1.5836440E-003, 3.7830529E-003, 1.3900189E-004, 8.4965019E-005, 4.5934527E-005, 2.0115724E-007, 4.2939036E-025, 1.4732849E-026, 2.0199118E-010, 1.3508944E-013, 2.9304319E-014, 4.9780641E-005, 2.0663275E-004, 3.6217339E-003, 4.4822832E-003, 3.4547978E-003, 4.6298699E-003, 2.1597875E-003, 2.1144615E-003, 4.4588311E-004, 1.8623845E-003, 1.9473020E-005, 1.0238225E-005, 1.7615119E-009
 1.5503531E+002, 4.5940916E-021, 7.9647731E-022, 1.8750126E-024, 2.2843129E-027, 1.3899682E-005, 1.0717625E-007, 6.7174391E-007, 6.8462218E-017, 9.1742124E-003, 9.2108979E-004, 5.1749048E-005, 1.7745980E-002, 1.7808600E-002, 1.0780789E-002, 1.6062700E-003, 3.6245511E-003, 3.5828409E-007, 1.6354597E-007, 1.8108449E-016, 4.2081809E-026, 1.8581068E-028, 3.1492969E-009, 3.8720185E-014, 4.8657018E-015, 2.9815043E-003, 4.3484761E-004, 1.2896319E-006, 1.0102178E-005, 7.3460154E-003, 6.3408373E-003, 5.4758279E-003, 7.4191696E-003, 1.3207240E-002, 5.1120866E-003, 1.1533755E-002, 5.0120941E-003, 1.8065423E-003, 3.7748262E-003, 8.8057209E-005, 5.4656572E-005, 3.4156099E-005, 1.1318838E-009, 2.1676643E-025, 3.9379648E-026, 8.4092755E-011, 7.0730398E-015, 1.4880406E-014, 4.1113621E-004, 1.5310287E-004, 3.8215960E-003, 5.1963353E-003, 1.6438622E-003, 3.7776660E-003, 2.8399553E-003, 2.5447178E-003, 3.0392393E-004, 2.1368480E-003, 3.4756125E-005, 2.8271373E-005, 9.2688563E-009
 1.5608990E+002, 2.7514473E-021, 6.6456423E-023, 2.3485647E-025, 8.0368030E-028, 8.0435213E-006, 1.6772333E-007, 4.8059852E-008, 1.6103272E-016, 1.1018513E-002, 1.3682425E-002, 1.0350693E-004, 1.2537610E-002, 1.1316692E-002, 2.0496066E-002, 1.8200221E-003, 3.9913249E-003, 2.4121333E-006, 3.0665796E-007, 1.4592706E-014, 3.4551772E-027, 1.3566111E-027, 1.3491953E-009, 5.4944081E-015, 1.5154636E-015, 2.9877976E-003, 2.0692395E-004, 8.6581209E-007, 1.5550024E-005, 7.2008513E-003, 5.9469942E-003, 7.4307514E-003, 7.6980175E-003, 1.3504490E-002, 7.6974344E-003, 1.1556709E-002, 1.6106383E-003, 2.3872796E-003, 2.6013502E-003, 5.5018226E-004, 6.6923270E-006, 5.4064307E-006, 5.0697593E-011, 2.0385645E-025, 3.8629260E-026, 3.5872283E-011, 4.3701699E-015, 5.9336727E-011, 5.1006643E-004, 1.1272555E-004, 3.8518637E-003, 5.7590732E-003, 1.4947847E-003, 4.1724979E-003, 2.5968445E-003, 2.7484686E-003, 2.4620056E-004, 4.6749433E-004, 4.3412277E-005, 3.0394717E-005, 2.7865476E-007
 1.5704861E+002, 1.7141645E-021, 4.2861688E-023, 1.8292532E-025, 2.2108019E-028, 7.4480404E-006, 5.3535258E-007, 1.5371823E-009, 1.0325277E-015, 3.5994044E-003, 2.1044184E-002, 5.3009780E-004, 9.5675803E-003, 2.2414902E-002, 2.3752372E-002, 2.0397832E-003, 3.6575431E-003, 2.8972349E-005, 6.4289429E-007, 2.6685017E-013, 6.1809379E-028, 1.2367999E-026, 8.4101998E-010, 7.7593576E-013, 1.8278897E-015, 2.3100632E-003, 6.8058114E-005, 2.3709430E-006, 9.3488107E-006, 7.4587741E-003, 6.0467008E-003, 7.9256542E-003, 7.6529225E-003, 1.4736368E-002, 9.8021407E-003, 1.1748697E-002, 3.1470534E-003, 3.8182727E-003, 1.6368634E-003, 5.7092266E-004, 1.0395490E-005, 8.0733260E-008, 1.2548800E-012, 1.4807381E-025, 9.7898115E-027, 6.2663410E-012, 4.4781045E-011, 2.5566689E-009, 5.8736613E-004, 9.2461885E-005, 3.8219997E-003, 4.7920667E-003, 5.2344408E-003, 4.1412901E-003, 2.5986500E-003, 2.1235456E-003, 1.4534731E-003, 3.5970202E-004, 5.5766337E-005, 5.3363052E-006, 2.1040024E-007
 1.5800732E+002, 9.2506624E-022, 7.0050308E-023, 1.3614680E-025, 6.7977854E-029, 6.7206470E-006, 5.7135342E-008, 2.9372490E-006, 3.3065199E-014, 1.7086549E-003, 1.0037074E-002, 2.1523548E-003, 8.0701925E-003, 2.9571628E-002, 1.5165095E-002, 2.4160812E-003, 1.9250581E-003, 1.8886178E-004, 2.8414464E-005, 1.0725337E-013, 3.1774732E-028, 7.5977689E-026, 8.2623071E-010, 1.9425852E-012, 4.1717020E-015, 7.2186591E-004, 4.2495768E-004, 8.4854349E-005, 1.8539177E-004, 9.1387184E-003, 9.0196097E-003, 6.5747837E-003, 7.2152848E-003, 1.4398073E-002, 6.8022272E-003, 5.8564909E-003, 3.8879803E-003, 3.6324091E-003, 1.7795175E-003, 6.7617823E-004, 4.2400786E-005, 5.3081234E-008, 1.5758265E-012, 1.0048040E-025, 4.4249054E-027, 3.2826069E-012, 3.2007724E-010, 2.8764190E-009, 5.0298748E-004, 1.2452927E-004, 3.8175728E-003, 5.1115336E-003, 6.3834385E-003, 3.9841985E-003, 4.2004043E-003, 1.9354081E-003, 1.8687658E-003, 5.5864055E-004, 8.5787640E-005, 3.6001215E-006, 4.9759681E-007
 1.5906191E+002, 7.5321293E-022, 2.6657793E-022, 3.9085617E-025, 6.1975581E-029, 3.2302022E-006, 2.9433924E-008, 4.4675551E-006, 4.7955273E-014, 3.9139513E-003, 1.0332573E-002, 3.4293864E-003, 8.4869493E-003, 2.4946026E-002, 1.1392807E-002, 2.8491344E-003, 1.4781876E-003, 1.1432895E-004, 6.5070982E-005, 2.8074151E-014, 4.7567087E-028, 6.1850728E-026, 4.8428796E-010, 6.2230742E-012, 7.7505489E-015, 5.3312554E-004, 9.7918990E-004, 1.2052240E-004, 3.9038484E-004, 1.1492746E-002, 8.3243249E-003, 5.1700524E-003, 7.4668527E-003, 1.3936936E-002, 3.9797924E-003, 4.5456577E-003, 4.3992633E-003, 3.5468803E-003, 2.6914347E-003, 1.3718906E-003, 4.9692752E-005, 5.6848617E-008, 2.2369123E-011, 5.7024541E-026, 1.6999353E-027, 1.4985025E-012, 9.2917778E-011, 4.2123825E-010, 4.1813153E-004, 1.6189264E-004, 4.0946585E-003, 5.3367306E-003, 6.4284438E-003, 4.4363145E-003, 4.4077904E-003, 1.9211394E-003, 5.8799283E-004, 1.8746871E-004, 7.2712989E-005, 2.6702005E-006, 1.7804828E-007
 1.6002062E+002, 6.3133406E-022, 4.6205759E-022, 5.0292336E-025, 2.5038731E-028, 2.3225566E-006, 6.2400971E-007, 6.6241013E-008, 8.4034876E-015, 2.9250901E-003, 1.5567502E-003, 1.5004517E-003, 1.1521399E-002, 3.3520673E-002, 8.1463707E-003, 5.5291846E-003, 1.7616042E-003, 1.3242201E-004, 1.9712157E-005, 2.9092374E-015, 1.8791404E-027, 1.4551102E-026, 7.7233380E-011, 2.6989648E-013, 2.2480682E-014, 3.2454632E-003, 1.5859283E-003, 7.7045138E-005, 1.0885545E-005, 1.1087319E-002, 9.3790661E-003, 9.3557210E-003, 9.7921342E-003, 1.2949573E-002, 4.6759049E-003, 1.2401553E-003, 3.8229528E-003, 3.7022203E-003, 2.8701109E-003, 2.4829020E-003, 1.9580654E-005, 2.4292399E-007, 6.0172806E-010, 2.0048131E-026, 6.9841325E-028, 2.6802633E-013, 1.1182773E-012, 4.1054987E-012, 7.2018807E-004, 2.7366686E-004, 4.7706205E-003, 5.3618648E-003, 5.6674482E-003, 4.8989271E-003, 3.4211140E-003, 2.0711919E-003, 4.6357291E-004, 1.9995254E-004, 1.6097838E-005, 2.0752659E-007, 1.3939517E-009
 1.6107521E+002, 4.7806133E-022, 1.2024989E-022, 3.8993305E-025, 6.7955883E-029, 2.3349544E-006, 3.2321033E-005, 1.0258061E-007, 1.3537810E-013, 5.2318466E-003, 6.5764821E-004, 1.3980983E-003, 1.4441758E-002, 2.7814468E-002, 5.2512027E-003, 1.2304993E-002, 2.2386787E-003, 1.8537525E-004, 4.4617572E-003, 8.9400385E-016, 5.3028572E-027, 3.6591015E-026, 1.6935138E-011, 2.2705895E-014, 2.0869033E-013, 6.1312536E-003, 3.8619805E-003, 1.1477534E-004, 2.4261451E-005, 1.0336761E-002, 1.1821041E-002, 1.2190960E-002, 9.2935013E-003, 1.0281735E-002, 5.7290659E-003, 1.2143579E-003, 2.3919992E-003, 3.6813290E-003, 2.7414850E-003, 2.2027328E-003, 3.4447414E-005, 2.0136091E-007, 2.8209713E-007, 3.4639336E-027, 3.2927008E-028, 9.0412768E-014, 2.7849105E-014, 4.6043722E-014, 8.4801202E-004, 2.4088799E-004, 5.0168581E-003, 5.6742709E-003, 4.9799737E-003, 4.8566028E-003, 3.9806941E-003, 2.3448098E-003, 3.7435514E-004, 1.6525616E-004, 8.6710779E-006, 1.2002017E-006, 1.3783043E-010
 1.6203392E+002, 4.1687901E-022, 2.1106001E-023, 8.5280498E-026, 3.3823986E-029, 2.0857361E-006, 1.0263920E-005, 6.0745479E-008, 5.0113249E-012, 2.9391717E-003, 6.6006028E-004, 2.6398225E-004, 1.3818335E-002, 1.8374243E-002, 8.3262371E-003, 1.1710267E-002, 1.9301830E-003, 5.8202689E-004, 1.0083185E-002, 5.2507706E-015, 7.3362961E-027, 9.6600738E-026, 2.0673838E-012, 3.4671529E-015, 2.7396164E-013, 6.1362359E-003, 4.0481521E-003, 9.1512650E-004, 1.2232643E-005, 1.0074235E-002, 1.0310966E-002, 1.1520454E-002, 9.3471873E-003, 7.8605280E-003, 7.5251748E-003, 4.9769386E-003, 2.3065481E-003, 3.5768405E-003, 2.7251186E-003, 4.9367851E-004, 5.1418095E-005, 2.8582852E-005, 5.4183430E-007, 1.5669764E-027, 2.0928004E-028, 7.2889816E-014, 1.0592139E-014, 4.4610402E-013, 8.3227152E-004, 2.7416715E-004, 4.7274339E-003, 5.2302422E-003, 4.9529079E-003, 4.8405695E-003, 4.9956636E-003, 2.5748967E-003, 2.3668909E-004, 6.1101046E-005, 1.0388081E-005, 1.0404765E-006, 2.5831093E-010
 1.6308850E+002, 4.4868036E-022, 1.2706234E-023, 7.7032876E-027, 1.1918244E-027, 4.9716473E-006, 1.3750784E-007, 1.7813302E-009, 7.2311992E-011, 4.2520521E-003, 6.7691351E-003, 5.3235626E-004, 1.2937135E-002, 2.2647123E-002, 8.6469939E-003, 1.6848620E-002, 1.3199845E-003, 2.2711500E-003, 6.8778176E-003, 7.8218756E-013, 1.3468836E-026, 2.2269158E-025, 6.6437958E-012, 3.4201935E-011, 1.3324507E-013, 5.8175369E-003, 2.2425908E-003, 2.4793717E-003, 3.3731058E-007, 1.0525008E-002, 9.4290047E-003, 1.1215837E-002, 3.5668138E-003, 1.0329595E-002, 1.0931284E-002, 8.6662934E-003, 2.9862834E-003, 3.4349979E-003, 3.1345333E-003, 1.1886651E-003, 3.1779985E-005, 4.2653434E-005, 4.3259530E-007, 2.5702846E-027, 1.2787939E-028, 1.8084458E-013, 7.6217657E-015, 3.5026761E-012, 1.0286638E-003, 1.1819952E-003, 4.8543797E-003, 3.0943311E-003, 1.6273062E-003, 4.9580686E-003, 5.1212617E-003, 2.8708310E-003, 5.1416296E-004, 1.8527256E-004, 4.8557368E-006, 6.1903336E-007, 2.3837122E-008
 1.6404722E+002, 3.9390197E-022, 7.8528479E-023, 3.1022364E-026, 7.0969693E-028, 1.4876924E-006, 1.0195009E-009, 2.5225474E-010, 4.1009493E-010, 4.5090151E-003, 9.9850914E-003, 9.6309318E-003, 1.3676342E-002, 2.7326143E-002, 1.1949750E-002, 1.2757684E-002, 1.2955594E-003, 3.3372242E-003, 8.0087352E-004, 7.6827051E-012, 2.5549633E-026, 3.4040145E-025, 7.9518325E-013, 2.2750692E-009, 7.9705376E-010, 6.8439906E-003, 1.1707104E-003, 2.2794100E-003, 1.7466518E-007, 1.0674818E-002, 9.8155880E-003, 1.0132914E-002, 2.0087972E-003, 1.2194893E-002, 9.4612408E-003, 4.8654302E-003, 5.3841030E-003, 4.3726201E-003, 3.9616960E-003, 2.8310223E-003, 6.8295748E-005, 4.9746407E-006, 2.9366027E-007, 1.8263750E-027, 1.3978775E-028, 1.7245787E-013, 4.5207440E-015, 1.2617995E-011, 1.0667049E-003, 1.1056741E-003, 5.5655056E-003, 2.8229417E-003, 9.2339946E-004, 5.5023148E-003, 5.0485119E-003, 3.0690497E-003, 2.0914458E-004, 2.5910880E-004, 1.7058942E-006, 1.0887117E-006, 2.2138015E-006
 1.6500593E+002, 3.7239002E-022, 2.8643831E-022, 2.3135853E-025, 2.4152316E-028, 1.0597548E-006, 3.6791983E-011, 2.3477730E-007, 1.3056317E-010, 4.0850100E-003, 3.6815634E-003, 1.6838598E-002, 1.4870327E-002, 3.2221413E-002, 1.2072987E-002, 8.1543715E-003, 1.9321445E-003, 1.7806323E-003, 6.3900211E-004, 3.6107197E-012, 3.6968987E-026, 4.5392067E-025, 5.7175281E-013, 6.0448859E-010, 1.9175007E-009, 7.0017905E-003, 1.8461023E-003, 1.3100377E-003, 2.9630661E-008, 1.0268256E-002, 9.9366850E-003, 9.4772528E-003, 5.4321203E-003, 1.1668963E-002, 7.5047549E-003, 4.9494146E-003, 3.3708381E-003, 5.3149098E-003, 3.9598234E-003, 3.0238503E-003, 9.1947723E-005, 3.5461516E-006, 8.8498441E-009, 4.2615946E-028, 5.8751224E-028, 1.4657095E-012, 1.5313180E-012, 1.5138078E-011, 1.2260400E-003, 2.0569556E-004, 5.6490222E-003, 2.5205761E-003, 1.6284410E-003, 5.7258004E-003, 4.8299156E-003, 3.0262984E-003, 2.2230451E-005, 4.9182491E-004, 2.7610647E-006, 5.1268454E-006, 5.5878723E-006
 1.6606051E+002, 1.8722122E-022, 4.1343741E-022, 5.5254902E-025, 2.3767726E-028, 9.2597202E-007, 5.8206207E-006, 3.4525409E-006, 1.6799194E-010, 4.4286985E-003, 1.3102137E-003, 1.6077545E-002, 1.9492799E-002, 3.0173604E-002, 1.4933627E-002, 9.8583196E-003, 4.6061637E-003, 6.4613983E-005, 2.3007500E-003, 3.4561857E-014, 3.5905958E-026, 3.5290488E-025, 5.3454472E-013, 4.7779382E-011, 1.5943692E-009, 6.8437814E-003, 3.7119724E-003, 2.4307874E-004, 3.3476919E-007, 9.9601278E-003, 9.4463740E-003, 6.5188132E-003, 6.7059332E-003, 8.4125492E-003, 7.5575902E-003, 6.1418711E-003, 2.6047325E-003, 4.7202989E-003, 3.6189866E-003, 1.4161153E-003, 7.6733841E-005, 2.7993284E-006, 2.9461056E-009, 1.0042893E-028, 1.8925082E-027, 2.1230368E-011, 2.5903517E-011, 5.9999803E-011, 1.6543290E-003, 1.8261226E-004, 5.8538287E-003, 2.3352920E-003, 2.9059411E-003, 5.7350649E-003, 5.1391391E-003, 1.8941694E-003, 1.0614883E-005, 3.3772653E-004, 6.4396476E-006, 1.4680215E-005, 1.2487491E-006
 1.6701923E+002, 9.7528863E-023, 1.3034673E-022, 4.6792473E-025, 2.4732008E-029, 6.9927400E-007, 1.7420924E-005, 2.5343534E-006, 3.1935512E-011, 2.4394147E-003, 8.2479381E-003, 1.9265806E-002, 3.2021755E-002, 2.1079597E-002, 1.1916338E-002, 1.0921686E-002, 4.9015456E-003, 9.9063593E-004, 1.2632297E-003, 7.2233240E-016, 1.9105232E-026, 2.5186622E-025, 7.9585475E-013, 3.4251945E-011, 1.3157974E-008, 7.4137345E-003, 3.6151441E-003, 2.3153772E-004, 2.4338566E-006, 9.5964945E-003, 9.0944525E-003, 6.4280027E-003, 4.5121472E-003, 7.2580367E-003, 7.2889732E-003, 8.7751525E-003, 5.0428574E-003, 4.7706840E-003, 3.4516169E-003, 3.2488414E-004, 3.7138192E-005, 5.8912907E-006, 1.1061529E-008, 4.4639412E-029, 6.4338981E-028, 5.7251251E-010, 1.5507886E-009, 1.4246221E-010, 1.5449014E-003, 3.1280635E-004, 6.1882902E-003, 2.8795555E-003, 3.8347199E-003, 6.2375069E-003, 5.6142646E-003, 4.0486029E-004, 1.2588262E-003, 1.0419767E-003, 1.8888234E-006, 1.1353857E-005, 5.4279626E-008
 1.6807381E+002, 9.8301292E-023, 5.3527065E-023, 6.9352095E-025, 2.0576361E-029, 1.4209159E-005, 3.4077434E-005, 1.0575088E-004, 8.2336844E-009, 1.0529870E-003, 1.5487327E-002, 1.8470283E-002, 4.2434698E-002, 2.4613902E-002, 1.6247462E-002, 1.4095332E-002, 5.6337791E-003, 2.0478744E-003, 3.2270831E-004, 9.9599300E-017, 9.9484574E-027, 9.2022645E-026, 3.3757594E-012, 1.9835594E-010, 3.4912273E-009, 7.9834055E-003, 5.4272102E-003, 9.9796531E-004, 6.1277106E-006, 9.6384288E-003, 8.7849481E-003, 7.3247457E-003, 1.0183849E-002, 7.5121839E-003, 8.0965671E-003, 9.1633202E-003, 8.7575752E-003, 5.5355320E-003, 2.7842103E-003, 3.1829649E-004, 1.8213653E-005, 3.8964622E-006, 6.6586778E-007, 1.0621534E-028, 5.1559425E-028, 9.8816168E-009, 1.7196700E-008, 1.6061840E-009, 9.4476032E-004, 3.0616529E-004, 6.2976611E-003, 4.7404934E-003, 4.0483650E-003, 5.9987962E-003, 5.2388868E-003, 5.1146051E-004, 2.9436761E-003, 2.2791226E-003, 9.3644911E-007, 2.2756043E-006, 4.2719850E-008
 1.6903252E+002, 1.4862245E-022, 2.1054009E-023, 8.4830489E-025, 2.5198100E-029, 1.0441550E-005, 6.9758979E-006, 6.5045618E-005, 1.1539091E-004, 1.4062199E-003, 2.6226249E-002, 2.0359567E-002, 4.5549548E-002, 1.7417984E-002, 2.2723461E-002, 4.5362083E-003, 9.3996887E-003, 6.1560169E-003, 4.8799634E-005, 6.7773707E-017, 7.7703121E-027, 3.8102100E-026, 3.8074616E-012, 5.9424005E-010, 7.7505883E-010, 8.0740807E-003, 7.4289577E-003, 1.3639955E-003, 7.2539578E-006, 8.8376256E-003, 8.8982461E-003, 8.2290937E-003, 1.1297548E-002, 8.0425356E-003, 8.4997964E-003, 7.6134494E-003, 8.7829775E-003, 6.4001456E-003, 3.2686051E-003, 1.3380410E-003, 1.7619321E-005, 1.6959363E-005, 5.5102720E-006, 1.6165122E-028, 4.8481017E-028, 7.3777228E-009, 1.4306161E-008, 6.4762198E-010, 8.5229123E-004, 3.4355322E-004, 6.2368816E-003, 6.1446966E-003, 4.2279306E-003, 6.9329993E-003, 5.2127977E-003, 1.7484877E-003, 2.5885455E-003, 2.9236309E-003, 1.3913963E-006, 1.7336266E-006, 5.8567603E-008
 1.7008711E+002, 1.7460405E-022, 1.3110850E-023, 2.9069376E-025, 6.6510419E-029, 9.1144520E-006, 5.0288985E-006, 3.5934802E-004, 2.9044251E-005, 3.0106234E-003, 1.0277219E-002, 5.4844843E-003, 4.4974116E-002, 1.6392198E-002, 2.5022433E-002, 1.5421854E-003, 1.1732536E-002, 4.5354696E-003, 6.8570343E-006, 2.2128888E-017, 1.1132445E-026, 1.5047956E-025, 2.0953004E-012, 3.2462946E-010, 1.9582562E-010, 7.9922041E-003, 6.9169444E-003, 8.7629976E-004, 2.5728407E-006, 9.2251143E-003, 9.1992768E-003, 9.0491177E-003, 1.1083364E-002, 8.6452174E-003, 8.8675038E-003, 1.0830104E-002, 1.1777224E-002, 6.3434665E-003, 1.2399699E-003, 2.0086162E-003, 1.6880672E-005, 1.8823730E-005, 4.1716676E-006, 2.1880016E-028, 7.2336725E-028, 1.0365659E-009, 1.9043460E-009, 4.4079754E-012, 1.0748520E-003, 3.2832966E-004, 6.1953271E-003, 6.4459381E-003, 4.8426628E-003, 5.7603361E-003, 4.2107291E-003, 2.1924500E-003, 1.2567324E-003, 1.6400071E-003, 1.7142234E-006, 1.3992931E-006, 1.2192580E-007
 1.7104582E+002, 1.5747826E-022, 1.0097935E-023, 1.4537742E-025, 7.9317827E-029, 2.6098517E-005, 1.0125530E-003, 2.3024155E-003, 7.8319056E-007, 1.4593175E-002, 1.4616070E-002, 6.9028611E-003, 4.2380342E-002, 1.8822492E-002, 2.2472627E-002, 1.6595164E-003, 1.0105939E-002, 2.7383057E-003, 1.0253780E-005, 6.5747274E-017, 3.7467227E-026, 4.6006341E-025, 3.8736722E-011, 7.0643937E-010, 1.2082484E-008, 7.9683106E-003, 7.7036423E-003, 1.9976741E-004, 6.9832725E-006, 1.0332108E-002, 1.0402282E-002, 9.9725159E-003, 2.8093834E-003, 8.6037213E-003, 1.1705985E-002, 1.1295376E-002, 4.3534535E-003, 6.5589653E-003, 7.4275079E-004, 9.1018927E-004, 3.2688092E-005, 6.9947663E-006, 4.5619075E-006, 3.0196078E-028, 1.9516543E-027, 2.5263482E-010, 1.9056805E-010, 3.1284421E-014, 8.7546433E-004, 2.7015698E-004, 6.5325366E-003, 6.4730731E-003, 5.3309675E-003, 7.0073079E-003, 5.4973635E-003, 1.7016848E-003, 8.3234453E-004, 2.2682788E-003, 2.2456414E-006, 8.1728005E-007, 1.2947339E-005
 1.7200453E+002, 1.3968249E-022, 5.5651840E-024, 3.9376496E-026, 2.0089763E-028, 7.7742727E-005, 2.3386667E-003, 7.8733575E-004, 6.4381685E-008, 2.1272871E-002, 2.1930605E-002, 1.3830633E-002, 3.6838863E-002, 1.6339175E-002, 1.6031879E-002, 2.2855813E-003, 1.1726004E-002, 7.9504750E-004, 3.6485405E-007, 6.2056567E-016, 1.3174694E-025, 1.2186542E-024, 6.3909095E-009, 2.0009647E-005, 1.8412196E-008, 8.1586090E-003, 4.3918079E-003, 9.4592310E-004, 4.7194294E-006, 1.1796582E-002, 1.4272901E-002, 1.1156819E-002, 3.8498076E-003, 9.1268175E-003, 1.2692133E-002, 7.7551204E-003, 2.9964960E-003, 8.4074867E-003, 4.1494593E-003, 2.2198801E-004, 5.5793160E-005, 1.2030082E-005, 3.8699804E-006, 1.4875100E-027, 1.1369867E-026, 1.3120279E-010, 9.7261837E-011, 2.4606569E-015, 9.3869254E-004, 5.1790546E-004, 6.6239215E-003, 6.1886187E-003, 4.8847619E-003, 8.7226429E-003, 7.8623252E-003, 1.8269164E-003, 9.7488186E-004, 2.1378182E-003, 2.5836801E-006, 3.7658658E-006, 2.5295558E-005
 1.7305912E+002, 1.0214341E-022, 1.7792503E-024, 1.1173951E-024, 1.8554560E-028, 2.6739992E-004, 6.2267106E-004, 4.3494028E-005, 1.3861863E-010, 2.3869895E-002, 2.4631299E-002, 3.4369844E-003, 3.4840106E-002, 1.5434462E-002, 1.3907875E-002, 1.8157236E-003, 1.1820587E-002, 2.7592788E-004, 1.3311522E-008, 7.7183280E-015, 4.0773689E-025, 3.5719974E-024, 2.1703827E-008, 6.2292596E-005, 3.9705323E-010, 9.7833390E-003, 2.0972658E-003, 1.4133122E-003, 2.3500422E-006, 1.1858043E-002, 1.5233644E-002, 9.1612711E-003, 5.6417264E-003, 9.7759327E-003, 1.2304910E-002, 2.5371862E-003, 4.8487284E-003, 1.0609415E-002, 4.4348932E-003, 8.5719194E-004, 7.7074698E-005, 4.6162040E-005, 2.7725466E-007, 2.7181430E-027, 7.2552986E-026, 1.3181068E-010, 1.0574793E-011, 1.0005871E-015, 1.1098962E-003, 5.9926199E-004, 6.5728630E-003, 5.6961627E-003, 5.3943237E-003, 8.2316358E-003, 6.8287641E-003, 1.8303704E-003, 1.5672988E-003, 1.7309264E-003, 3.8245307E-006, 1.3960484E-005, 2.6794919E-006
 1.7401783E+002, 5.1892249E-023, 2.7468923E-023, 3.0978745E-024, 9.5888168E-028, 5.9121636E-004, 2.0193808E-004, 6.5533210E-007, 2.9690066E-011, 2.6946020E-002, 1.7915565E-002, 1.2060967E-002, 3.3711020E-002, 1.5620545E-002, 7.1260617E-003, 4.7742116E-003, 1.0831343E-002, 2.0789832E-004, 2.7482466E-009, 7.1743647E-014, 1.0946919E-024, 4.2870202E-024, 3.5862680E-008, 3.0113450E-005, 5.9783400E-010, 1.0546260E-002, 2.4940611E-003, 1.6811636E-003, 6.7914189E-006, 1.1719676E-002, 1.4466220E-002, 1.0751334E-002, 1.8868689E-003, 9.9658587E-003, 1.2750100E-002, 6.2345945E-003, 7.3017165E-003, 1.0442324E-002, 1.3393971E-003, 1.1079522E-003, 7.5138067E-005, 5.3890791E-005, 1.9399002E-006, 7.3382921E-027, 1.7567765E-025, 2.9810318E-010, 4.6227267E-012, 8.8472875E-016, 1.1276777E-003, 5.0752073E-004, 6.0864928E-003, 4.7317814E-003, 7.0929551E-003, 8.3251491E-003, 6.4110538E-003, 1.6498754E-003, 1.7473514E-003, 2.3826020E-003, 4.2059436E-006, 2.1114368E-006, 6.7673230E-005
 1.7507241E+002, 2.5872226E-023, 1.1509133E-022, 1.8439454E-024, 5.7321979E-027, 5.4797309E-004, 1.8404541E-005, 1.5316888E-007, 9.0749567E-009, 1.6492089E-002, 1.5244980E-002, 1.8653880E-002, 2.5745819E-002, 1.7680805E-002, 9.6214077E-003, 1.0907263E-002, 9.0556409E-003, 1.1336472E-005, 3.7379214E-010, 2.9225328E-014, 1.4048215E-024, 4.4392688E-024, 3.0545829E-007, 4.6698756E-007, 4.2675951E-008, 1.0415189E-002, 4.2363996E-003, 4.5125138E-004, 6.1136152E-006, 1.1938505E-002, 1.4568701E-002, 5.3614580E-003, 5.7795409E-003, 1.0165086E-002, 1.2209496E-002, 8.3733930E-003, 8.8063500E-003, 9.9463787E-003, 1.2412205E-003, 2.4819920E-004, 9.6278597E-005, 1.9402621E-005, 1.1480454E-006, 4.2622385E-026, 8.1593224E-026, 1.1069454E-009, 1.3221380E-012, 1.3627272E-015, 1.1551286E-003, 4.7473936E-004, 6.1255389E-003, 5.4417837E-003, 5.2310883E-003, 8.5863538E-003, 7.8815894E-003, 1.5920278E-003, 1.7336610E-003, 1.7054499E-003, 4.9357141E-006, 1.1430242E-006, 9.0653343E-004
 1.7603113E+002, 1.7419581E-023, 1.3266075E-022, 7.8384418E-024, 1.3623957E-026, 3.6044787E-004, 1.1557897E-006, 1.9306728E-006, 7.8352538E-008, 1.6782887E-002, 8.9935691E-003, 3.5302459E-003, 2.2121276E-002, 2.0490232E-002, 1.0964157E-002, 1.0125058E-002, 8.8931194E-003, 5.4964374E-006, 5.2581018E-010, 1.5825583E-015, 4.3159098E-024, 1.7027980E-024, 5.0299867E-007, 6.6884219E-007, 1.9976547E-007, 9.7774084E-003, 2.6328987E-003, 4.3420305E-004, 1.6838841E-006, 1.2475343E-002, 1.4108037E-002, 5.2289852E-003, 7.9622387E-003, 1.0572216E-002, 9.0408356E-003, 5.5980315E-003, 5.7233002E-003, 8.9929473E-003, 2.4546813E-003, 1.3535273E-005, 1.6344975E-004, 5.3621070E-006, 3.8900555E-006, 3.1980517E-025, 7.5478228E-026, 1.6457994E-009, 4.9533692E-012, 3.7530741E-015, 1.2011147E-003, 6.0351599E-004, 7.7402283E-003, 6.0322236E-003, 5.4452116E-003, 6.5039297E-003, 6.5349958E-003, 1.3737039E-003, 1.7220589E-003, 1.7092237E-003, 8.8880012E-006, 1.6337841E-006, 5.8539516E-004
 1.7708571E+002, 1.7739906E-023, 4.7632193E-022, 4.2392698E-023, 3.0328741E-026, 3.0133220E-004, 6.3719063E-006, 1.1902237E-004, 1.4331149E-006, 9.6644018E-003, 3.1121384E-003, 8.5193836E-004, 2.2573324E-002, 2.7138919E-002, 1.1755202E-002, 1.7782759E-002, 9.6591776E-003, 4.2583744E-004, 2.5424867E-006, 1.9291944E-016, 3.9499341E-024, 6.8278227E-025, 1.7338905E-007, 6.2071181E-006, 1.2273054E-005, 9.6908234E-003, 1.2232804E-003, 4.2131180E-004, 1.6995859E-006, 1.2548380E-002, 1.3978863E-002, 1.0757123E-002, 3.1328262E-003, 1.1174057E-002, 8.9437596E-003, 6.3036079E-003, 5.2937151E-003, 4.7750939E-003, 3.5440939E-003, 4.4073968E-006, 9.8563009E-005, 7.3643558E-006, 5.7756044E-005, 4.8207814E-025, 9.5913735E-026, 1.3164348E-009, 2.4135968E-011, 2.0655799E-015, 1.4166113E-003, 1.1969058E-003, 7.7820235E-003, 6.2696565E-003, 3.6714646E-003, 4.3815344E-003, 4.1606613E-003, 1.4797190E-003, 2.3073041E-003, 1.8804648E-003, 8.8394422E-006, 2.3824368E-005, 1.6019391E-004
 1.7804442E+002, 2.2352860E-023, 8.5896402E-021, 3.3282668E-022, 2.1441062E-025, 2.0902152E-004, 7.6611508E-005, 7.8219525E-004, 6.0819269E-005, 5.9897241E-003, 9.4329650E-003, 1.7098739E-003, 3.0663254E-002, 2.7646932E-002, 1.1974245E-002, 1.8564896E-002, 1.0070734E-002, 1.2294632E-003, 6.7265194E-005, 6.7569990E-017, 8.4398941E-025, 6.4457805E-026, 2.6673676E-007, 5.0798232E-006, 1.2669384E-005, 6.3609329E-003, 7.0796232E-004, 1.5022112E-005, 1.2874102E-007, 1.2527229E-002, 9.0476707E-003, 1.0538364E-002, 3.5144005E-003, 1.1720356E-002, 9.1965651E-003, 6.0899656E-003, 2.7601990E-003, 5.4467035E-003, 1.1948753E-003, 1.3995297E-006, 4.5064673E-005, 3.3935422E-005, 4.2515426E-004, 3.7309063E-025, 1.2243947E-025, 2.4257500E-009, 6.3662933E-011, 6.9098424E-016, 1.7566648E-003, 9.1409419E-004, 7.4447014E-003, 6.4841306E-003, 2.9816723E-003, 6.0021827E-003, 5.3542042E-003, 1.9751497E-003, 2.8403184E-003, 2.8523888E-003, 4.3894825E-005, 1.2391628E-003, 3.6780712E-004
 1.7900314E+002, 5.6290614E-022, 4.8207140E-020, 2.3464497E-020, 4.3717201E-025, 3.1859978E-005, 4.8555524E-004, 1.0709384E-003, 8.7913887E-005, 1.0197422E-002, 1.5056993E-002, 3.1202860E-003, 3.6231093E-002, 1.5811517E-002, 1.5518404E-002, 1.7349894E-002, 1.0074089E-002, 4.9550094E-003, 8.4082577E-005, 2.9533576E-016, 2.5730122E-025, 3.6187244E-026, 9.1872120E-007, 1.0335806E-006, 2.3088283E-007, 5.6586620E-003, 6.7644779E-004, 2.5989858E-005, 4.5099793E-006, 1.1158783E-002, 1.1826451E-002, 1.0587805E-002, 3.8209938E-003, 1.1821229E-002, 7.9961936E-003, 8.9667623E-003, 3.4999818E-003, 5.0296891E-003, 2.1721079E-003, 5.9892259E-006, 4.1771005E-005, 5.3595497E-005, 1.1552225E-003, 2.0041859E-025, 3.1303743E-026, 2.1199799E-009, 1.5865569E-012, 8.4206577E-016, 2.0095298E-003, 1.1419817E-003, 7.2706187E-003, 4.1279350E-003, 4.2140646E-003, 6.4992422E-003, 5.3741518E-003, 2.6316887E-003, 3.7541888E-003, 2.3890471E-003, 1.4756944E-004, 1.5664225E-003, 1.8244876E-004
 1.8005772E+002, 2.5873132E-021, 1.1500632E-019, 1.3299248E-019, 1.7944544E-025, 3.0843185E-004, 1.0862369E-003, 4.4114254E-004, 8.7706151E-006, 1.5334607E-002, 1.5051891E-002, 1.7766351E-003, 2.9346648E-002, 1.5002868E-002, 1.6941663E-002, 1.1017935E-002, 9.6882472E-003, 1.1727676E-002, 3.3838296E-004, 5.9307685E-013, 1.6670891E-025, 1.5172562E-025, 7.9442909E-006, 1.9967386E-007, 1.2501805E-009, 5.6335854E-003, 1.2531386E-003, 4.3341818E-005, 1.4990018E-006, 1.0902687E-002, 1.3644559E-002, 1.0567865E-002, 3.3715900E-003, 1.2034965E-002, 6.1769132E-003, 7.5904327E-003, 5.1685277E-003, 5.7757038E-003, 4.1730978E-003, 8.7545713E-004, 6.1609350E-005, 7.7156089E-004, 5.2573087E-004, 7.3240951E-026, 4.3410780E-027, 1.5294127E-009, 1.6542925E-013, 1.7340328E-015, 1.8652809E-003, 1.3560514E-003, 6.9576704E-003, 3.7801581E-003, 4.8225737E-003, 6.9805915E-003, 5.2509634E-003, 2.5582518E-003, 3.1783239E-003, 4.2923450E-004, 1.5207850E-004, 1.2207919E-003, 6.9121297E-006
 1.8101643E+002, 3.1020390E-020, 2.6802000E-018, 2.4114867E-020, 3.8477344E-026, 4.1673654E-004, 1.3792937E-003, 3.2026242E-004, 2.9300083E-007, 1.5947759E-002, 1.0438457E-002, 8.2028686E-004, 2.6134566E-002, 1.9520030E-002, 1.6516902E-002, 1.7321048E-002, 9.7844229E-003, 1.8001530E-002, 4.6234160E-003, 2.6485374E-010, 1.2058189E-025, 7.1756795E-026, 1.7398922E-005, 3.2238934E-007, 4.7122073E-010, 6.7284653E-003, 1.0480764E-003, 2.3678407E-005, 1.4728620E-007, 1.2379232E-002, 1.2782862E-002, 1.1287126E-002, 2.5288703E-003, 1.3692921E-002, 1.0411422E-002, 5.1965854E-003, 7.1091854E-003, 7.2426377E-003, 8.1801519E-004, 4.3795815E-003, 6.6079183E-005, 4.3830122E-004, 1.0429793E-005, 1.8915855E-026, 4.3875331E-028, 1.1819740E-009, 3.8862716E-013, 2.5473448E-015, 1.3131176E-003, 1.2204133E-003, 6.5900669E-003, 3.9001312E-003, 2.9626301E-003, 6.1065427E-003, 6.8014791E-003, 2.5672907E-003, 2.6394903E-003, 1.4247939E-003, 7.4674912E-004, 1.0475266E-003, 4.2436489E-007
 1.8203034E+002, 3.1062396E-019, 3.4470496E-017, 8.2627320E-021, 2.8157961E-027, 6.2062021E-004, 8.0641611E-004, 1.6709167E-005, 4.5019139E-009, 1.5621100E-002, 7.6101827E-003, 5.7015016E-004, 3.0133373E-002, 2.0637065E-002, 1.4319784E-002, 2.1252346E-003, 1.0261450E-002, 2.6115366E-002, 3.9636755E-003, 6.0509247E-007, 8.9734275E-026, 2.2912543E-025, 1.0135289E-005, 1.0736112E-006, 1.3189877E-008, 6.4426012E-003, 1.4265002E-003, 1.3826017E-004, 6.0770905E-006, 1.2890957E-002, 1.2453748E-002, 9.0869845E-003, 1.9674201E-004, 1.3676793E-002, 1.3352196E-002, 6.5647044E-003, 6.8586993E-003, 7.8682819E-003, 5.3323421E-004, 2.8324774E-003, 5.3624108E-005, 6.2471221E-006, 1.0738087E-006, 7.3416153E-027, 1.9471709E-027, 3.3631979E-010, 1.0312265E-011, 4.4335901E-015, 8.8703074E-004, 6.6712384E-004, 6.7511063E-003, 4.2896289E-003, 3.0579905E-003, 5.6384486E-003, 7.7024100E-003, 2.7244487E-003, 1.8863817E-003, 2.8015477E-003, 1.4971740E-003, 9.5039711E-004, 3.0831690E-008
 1.8302991E+002, 3.9496303E-018, 1.2967235E-016, 4.1209844E-021, 2.3930768E-027, 4.4175467E-004, 3.8590656E-003, 5.3964965E-007, 2.2542762E-010, 2.0279288E-002, 7.2938050E-003, 1.7957987E-004, 3.4005825E-002, 1.9457569E-002, 2.6513483E-002, 8.0052365E-004, 1.1342239E-002, 3.5659225E-002, 3.9009563E-004, 4.3628802E-005, 6.6953040E-026, 1.7049835E-024, 1.4175225E-006, 2.6362224E-006, 1.0658991E-008, 4.7690771E-003, 5.3961195E-003, 3.5986628E-004, 3.4909562E-005, 1.3440941E-002, 1.0263223E-002, 3.6093820E-003, 3.1880770E-004, 1.4677017E-002, 8.0594315E-003, 6.8971137E-003, 7.0523229E-003, 7.6378371E-003, 2.5130314E-004, 3.7512990E-003, 7.3775589E-005, 3.3324474E-006, 4.2685690E-008, 1.5092811E-027, 1.6426029E-026, 3.1898668E-011, 1.5111130E-012, 2.4935208E-015, 9.3327884E-004, 2.9136362E-004, 6.9064540E-003, 3.1299857E-003, 2.7178251E-003, 6.6401810E-003, 7.4035810E-003, 3.6439119E-003, 2.1775943E-003, 3.3655403E-003, 1.1606920E-003, 9.2412763E-004, 9.5108964E-009
 1.8402039E+002, 2.9239185E-017, 7.8245915E-017, 5.9031041E-022, 1.1810397E-027, 3.0662223E-004, 2.5144776E-003, 3.9670079E-008, 2.2642104E-011, 2.0927496E-002, 3.9228794E-003, 4.4528144E-003, 3.6260483E-002, 2.3057972E-002, 2.3425974E-002, 6.6329094E-005, 1.8356046E-002, 9.0544756E-003, 4.6793375E-005, 1.9404248E-005, 1.2357059E-025, 6.9505061E-024, 1.1848570E-007, 2.8609245E-006, 4.5206445E-009, 4.2823854E-003, 6.1274648E-003, 5.0618348E-004, 5.6089805E-005, 1.2381918E-002, 6.2861602E-003, 3.2355112E-003, 2.3068397E-003, 1.3240684E-002, 7.8728434E-003, 4.9111698E-003, 6.4236873E-003, 6.5384709E-003, 1.4354008E-003, 6.4298957E-003, 1.0457864E-004, 7.8020888E-006, 1.0528574E-006, 6.5119685E-028, 6.0150981E-027, 1.2328274E-010, 1.1169174E-013, 3.1737187E-015, 1.5044305E-003, 2.9930509E-004, 5.7727971E-003, 2.2424878E-003, 4.2169069E-003, 7.2996923E-003, 5.6091264E-003, 3.8330763E-003, 2.6413269E-003, 2.8080775E-003, 7.8504930E-004, 4.1358302E-004, 3.4289084E-007
 1.8504502E+002, 4.2566480E-017, 1.2203154E-017, 8.9703582E-022, 1.7040547E-027, 3.4065050E-004, 1.0198225E-004, 8.3342804E-008, 2.7935338E-011, 1.9415014E-002, 2.6561782E-003, 7.3869077E-003, 3.2107886E-002, 1.9432611E-002, 5.8628352E-003, 2.1334110E-004, 2.0126876E-002, 1.4441961E-003, 8.7914453E-006, 1.6496593E-007, 4.8792520E-025, 4.2753824E-024, 9.3295439E-008, 9.7826199E-007, 9.4365112E-011, 6.3111344E-003, 3.3391353E-003, 2.0379208E-003, 1.4693723E-004, 1.3222975E-002, 6.4591937E-003, 6.2926966E-003, 4.8928684E-003, 1.2571675E-002, 1.1266525E-002, 7.9506130E-003, 9.1638596E-003, 5.5703962E-003, 9.7361168E-003, 9.0011808E-003, 1.6255521E-004, 1.4810076E-005, 1.8765505E-006, 5.8402702E-028, 1.2753470E-027, 1.1024557E-010, 1.1238244E-013, 1.6634755E-013, 1.9242415E-003, 2.1848233E-004, 4.6754607E-003, 4.1866547E-003, 5.2258030E-003, 7.8702102E-003, 5.7019550E-003, 3.3100112E-003, 2.2775664E-003, 1.8623040E-003, 8.6800110E-004, 5.8455759E-005, 2.7565103E-006
 1.8600900E+002, 1.7929922E-017, 1.1112714E-018, 4.5819983E-022, 4.6710256E-027, 3.1861169E-004, 1.8636664E-004, 6.6195347E-008, 1.4621994E-010, 2.1206380E-002, 2.3703670E-003, 1.9048372E-002, 2.1301929E-002, 1.7112688E-002, 5.8009752E-003, 5.8671501E-004, 2.7456892E-002, 1.4718923E-003, 1.1084985E-004, 1.5441833E-008, 1.7773569E-024, 7.3521073E-025, 2.7262315E-007, 4.7745903E-008, 1.4465732E-011, 8.2705277E-003, 3.1426231E-003, 2.1176184E-003, 3.1590441E-004, 1.3292222E-002, 9.7527961E-003, 6.3674380E-003, 3.2651006E-003, 1.6230639E-002, 1.3278203E-002, 1.1060584E-002, 9.5802112E-003, 6.9984132E-003, 1.1824184E-002, 8.9529182E-003, 1.4856416E-004, 6.5164405E-006, 1.5717502E-007, 5.6160571E-028, 6.4742683E-028, 4.1149829E-011, 8.7932570E-013, 3.2701344E-013, 1.9831055E-003, 3.1876997E-004, 5.8037060E-003, 6.3195131E-003, 3.3725438E-003, 7.9192594E-003, 6.7218165E-003, 3.1886717E-003, 2.4043007E-003, 1.8714183E-003, 9.0141811E-004, 1.5762369E-004, 4.9221433E-006
 1.8708902E+002, 5.9605713E-018, 1.0100786E-019, 1.4674999E-023, 5.5420253E-026, 2.1693675E-004, 9.0469693E-005, 3.7502382E-008, 1.1553290E-010, 1.1618602E-002, 5.1873813E-003, 1.7717789E-002, 2.0367487E-002, 2.7414352E-002, 4.4086478E-003, 4.7945151E-003, 3.0836904E-002, 2.9794501E-003, 7.4302913E-005, 5.1007304E-010, 6.7931346E-024, 1.6147543E-025, 3.3140034E-007, 1.4130450E-007, 1.9408501E-011, 8.7909850E-003, 5.8504395E-003, 5.3298343E-004, 2.0305025E-003, 1.2345909E-002, 9.9705582E-003, 1.0907254E-002, 3.3493496E-003, 1.6734210E-002, 1.4779979E-002, 1.2645043E-002, 9.9330220E-003, 1.0957767E-002, 1.1475898E-002, 4.0161707E-003, 7.2321125E-005, 3.7387554E-006, 1.1091700E-005, 1.3805642E-027, 2.1554336E-027, 6.4274262E-011, 2.4238802E-012, 5.9258947E-013, 1.8460170E-003, 1.5408251E-003, 6.5118076E-003, 7.1671927E-003, 3.2538675E-003, 7.5831481E-003, 6.6769095E-003, 2.8625138E-003, 2.3136964E-003, 1.2078271E-003, 7.3337271E-004, 2.6942516E-004, 4.1597113E-006
 1.8807086E+002, 3.7257494E-018, 2.9146013E-020, 1.0761293E-024, 8.5732410E-026, 1.4333057E-004, 2.5005426E-005, 8.2710946E-009, 2.3503971E-010, 7.6646419E-003, 1.8089290E-002, 2.2622871E-002, 2.0087924E-002, 3.7778300E-002, 1.2415937E-002, 3.7664527E-003, 2.3434194E-002, 7.8910956E-004, 5.3689746E-006, 5.1100375E-012, 1.9013971E-023, 3.2808682E-026, 2.2313050E-007, 5.6626942E-008, 5.6997632E-006, 9.5623409E-003, 1.0676984E-002, 6.5333993E-003, 1.2936781E-003, 1.3707137E-002, 8.9829507E-003, 1.6528565E-002, 2.6047501E-003, 1.6936164E-002, 1.4382952E-002, 1.3023890E-002, 8.5368475E-003, 1.1189195E-002, 9.5482305E-003, 2.5331943E-003, 7.1869537E-005, 6.1132322E-006, 2.7199214E-005, 3.8790108E-027, 4.7662349E-027, 4.0712103E-011, 7.8033254E-012, 4.7326949E-010, 1.9799988E-003, 2.2204648E-003, 6.5576960E-003, 7.4836288E-003, 1.9698600E-003, 6.7564836E-003, 6.3675247E-003, 3.4407173E-003, 2.1828954E-003, 1.5038844E-003, 7.4208476E-004, 4.9954809E-005, 1.8654132E-006
 1.8905269E+002, 4.9340227E-018, 7.6831737E-021, 2.3796031E-025, 1.7035863E-026, 6.9336251E-004, 3.2729253E-005, 4.0616395E-007, 5.3636005E-010, 9.0781501E-003, 3.4665298E-002, 2.0177446E-002, 2.5970326E-002, 3.1695285E-002, 1.4631373E-002, 2.7874558E-003, 1.6976065E-002, 1.6779642E-004, 6.0091271E-008, 1.0975963E-013, 6.6572831E-023, 1.7614452E-025, 3.6715986E-008, 1.2572703E-009, 7.9021810E-006, 1.0828553E-002, 1.2455084E-002, 9.6483170E-003, 5.1555429E-004, 1.3871653E-002, 1.4812062E-002, 2.1742689E-002, 3.1235123E-003, 1.8940385E-002, 1.4678082E-002, 1.2623103E-002, 9.0878971E-003, 1.0023263E-002, 9.9125684E-003, 1.9278588E-003, 1.1504059E-004, 1.6487365E-005, 2.6022510E-005, 1.4380933E-026, 4.9173233E-027, 1.9157333E-011, 2.5333707E-011, 1.4283841E-009, 2.2879407E-003, 1.2683115E-003, 6.3617258E-003, 7.7957744E-003, 3.9216141E-003, 7.6061525E-003, 6.5404504E-003, 4.6964224E-003, 2.5709329E-003, 2.0666586E-003, 9.1845056E-004, 1.9367551E-005, 8.5853745E-007
 1.9003453E+002, 6.4570925E-018, 8.4410006E-021, 1.0507320E-025, 6.9343351E-027, 8.0966341E-004, 6.8923462E-006, 4.4650545E-007, 5.4117567E-011, 1.5554760E-002, 3.8520494E-002, 6.6370609E-003, 4.0152296E-002, 2.1266714E-002, 2.0190169E-002, 1.1403796E-003, 8.6754726E-003, 1.2477138E-005, 1.1785154E-008, 4.1077957E-014, 1.7601925E-022, 7.1258086E-025, 7.4255233E-009, 1.4446269E-009, 4.5759451E-006, 9.9161223E-003, 1.2056821E-002, 1.6917122E-003, 6.2705153E-004, 1.3221912E-002, 1.6324534E-002, 1.8485504E-002, 1.3447208E-002, 2.0336596E-002, 1.4373450E-002, 1.2942414E-002, 9.8040865E-003, 9.5984838E-003, 6.5934826E-003, 1.8314814E-003, 1.3014544E-004, 2.5624208E-005, 1.8313403E-005, 3.8242969E-026, 1.1857974E-027, 2.7721619E-011, 1.0626523E-010, 2.5451730E-010, 2.3749511E-003, 5.6134582E-004, 6.5624229E-003, 6.3451120E-003, 5.5081513E-003, 7.7413382E-003, 7.0442507E-003, 5.0943829E-003, 4.2251574E-003, 3.1455964E-003, 6.0485752E-004, 1.6151624E-005, 1.0947395E-006
 1.9107456E+002, 9.5633399E-018, 4.5956286E-020, 2.6197692E-024, 3.2855789E-028, 3.0400772E-004, 4.1430212E-006, 4.5611359E-006, 7.0766777E-012, 2.4514870E-002, 4.0693822E-002, 6.6054881E-003, 4.3691553E-002, 2.8001286E-002, 1.9734427E-002, 5.4231208E-004, 2.0139793E-003, 2.6106432E-005, 2.7663408E-005, 8.7626899E-015, 2.6110557E-022, 1.5818225E-024, 7.7989476E-007, 9.5216262E-006, 3.9971078E-006, 1.0042791E-002, 5.4332607E-003, 4.3686936E-004, 6.7470860E-004, 1.2810769E-002, 1.4230583E-002, 1.3752024E-002, 5.4143469E-003, 2.0605085E-002, 1.6461776E-002, 1.2602401E-002, 1.0751378E-002, 1.1087744E-002, 3.7414947E-003, 1.5579746E-003, 1.7463639E-004, 1.7299094E-005, 4.7520507E-006, 3.8940482E-026, 9.3335478E-029, 2.2291834E-011, 7.6492518E-011, 2.4659595E-012, 2.8098393E-003, 6.3476534E-004, 7.2524267E-003, 6.9971655E-003, 4.7118463E-003, 7.8524145E-003, 7.5541714E-003, 5.1150152E-003, 6.0869322E-003, 3.7154821E-003, 3.4864992E-004, 2.8783845E-005, 1.8137110E-004
 1.9201815E+002, 2.1786013E-017, 6.4739218E-020, 1.9067130E-023, 5.2881145E-029, 4.1457984E-005, 3.0756306E-006, 3.3428339E-005, 4.0492133E-013, 2.2369915E-002, 4.1345796E-002, 2.0365279E-002, 3.7880483E-002, 3.0539793E-002, 2.9232425E-002, 7.8449733E-004, 8.9238695E-003, 3.1351434E-004, 1.3943309E-004, 5.0795733E-014, 2.3207781E-022, 1.3871009E-024, 2.4865138E-005, 2.9974319E-005, 7.6862545E-007, 1.0885100E-002, 5.7462398E-004, 7.8913478E-004, 1.9959496E-003, 1.3532639E-002, 1.5192656E-002, 1.4220980E-002, 3.6995484E-003, 2.0696012E-002, 1.7440479E-002, 1.4109217E-002, 1.1155468E-002, 1.1907427E-002, 3.3454060E-003, 1.3593359E-003, 1.4151922E-004, 2.0946387E-006, 1.6962563E-007, 7.9025628E-027, 2.1975711E-029, 2.1893244E-011, 3.7674649E-010, 7.5526948E-014, 2.8826400E-003, 9.5851126E-004, 8.2123730E-003, 7.2924703E-003, 5.0949549E-003, 7.8823083E-003, 7.8370901E-003, 6.0794400E-003, 5.1524453E-003, 2.7033671E-003, 5.3516922E-004, 5.9832806E-005, 4.4411093E-004
 1.9308520E+002, 1.7862347E-017, 2.6100539E-019, 7.0693604E-023, 1.1275706E-027, 1.3610964E-005, 7.1446153E-005, 1.5881592E-005, 3.2879212E-014, 2.5044899E-002, 3.9429383E-002, 1.2960475E-002, 3.8514790E-002, 2.2453726E-002, 2.5185686E-002, 3.2528637E-003, 1.2266050E-002, 1.3724775E-003, 1.2997569E-004, 4.9534312E-010, 1.1880840E-022, 5.5403632E-025, 9.3490492E-006, 4.1237945E-006, 5.7879212E-008, 1.0690233E-002, 6.2680245E-004, 1.6443479E-003, 1.7599297E-003, 1.5112171E-002, 1.4000771E-002, 1.3081740E-002, 3.5908160E-003, 2.0625207E-002, 1.5769679E-002, 1.6635539E-002, 1.1792588E-002, 1.2001561E-002, 7.2090742E-003, 2.8020231E-003, 9.0913638E-005, 1.1518797E-005, 2.3010485E-008, 5.4285396E-027, 1.3857669E-029, 3.7841686E-011, 1.1127573E-010, 7.6167112E-011, 3.2388486E-003, 9.3242941E-004, 8.3086758E-003, 7.6498796E-003, 4.1639704E-003, 7.9126046E-003, 7.8137268E-003, 6.3930257E-003, 5.9057927E-003, 1.2062696E-003, 3.1719028E-004, 2.5125455E-005, 6.0467985E-005
 1.9405525E+002, 1.1629384E-017, 5.4764368E-019, 8.4953986E-023, 7.7850167E-027, 1.5278694E-005, 1.8036426E-004, 1.6815128E-005, 1.6254990E-013, 3.0193704E-002, 3.2878874E-002, 2.7184487E-002, 3.9072119E-002, 2.1051418E-002, 1.8938561E-002, 4.6059126E-003, 1.4276228E-002, 1.8727889E-003, 1.9827208E-005, 6.6423028E-009, 4.4461000E-023, 4.7044507E-025, 1.0784504E-006, 1.2470034E-005, 4.5323446E-009, 5.0756438E-003, 4.5827001E-004, 3.7669570E-003, 4.3242957E-004, 1.5344988E-002, 1.5470721E-002, 1.3782577E-002, 5.1322284E-003, 1.9923727E-002, 1.5714930E-002, 1.7135900E-002, 8.3770129E-003, 1.3539586E-002, 1.3227383E-002, 3.5917341E-003, 1.4123181E-004, 3.1162544E-004, 2.2263096E-008, 4.8884095E-027, 6.8838717E-029, 1.5101053E-011, 3.1113117E-012, 1.8531955E-010, 3.8503394E-003, 2.7752785E-003, 8.0396899E-003, 7.5371687E-003, 3.9830472E-003, 8.3428493E-003, 8.6933380E-003, 6.1415089E-003, 7.6838690E-003, 8.6239408E-004, 4.4102193E-004, 3.2939620E-005, 1.3908173E-005
 1.9502530E+002, 5.6031264E-018, 1.2381614E-019, 2.1443686E-023, 6.7746377E-027, 2.1747781E-004, 8.3060012E-004, 3.2574318E-006, 1.4083245E-013, 3.0823497E-002, 2.6706055E-002, 2.1428381E-002, 3.2345729E-002, 2.8410102E-002, 1.9841970E-002, 6.2329594E-003, 1.6750074E-002, 2.8991166E-003, 9.5135845E-006, 3.0577942E-008, 1.9435696E-023, 8.4347413E-025, 2.4480737E-005, 1.2963540E-005, 5.2857651E-009, 1.7058174E-003, 1.5184722E-003, 1.6499402E-003, 2.8676005E-005, 1.5698453E-002, 1.5455834E-002, 8.1767786E-003, 2.8763368E-003, 1.7770834E-002, 1.2649702E-002, 9.9795080E-003, 6.2302991E-003, 1.3465885E-002, 1.3853063E-002, 7.6070294E-004, 3.4963998E-004, 4.1557503E-004, 4.5470356E-009, 3.7595284E-027, 1.9342599E-028, 4.2860821E-009, 5.4391150E-011, 1.5790848E-011, 4.2551758E-003, 3.9277563E-003, 7.9109015E-003, 6.6812440E-003, 4.0088349E-003, 8.3979648E-003, 8.9462334E-003, 6.2825536E-003, 6.2719247E-003, 1.7037249E-003, 4.6228093E-004, 3.3518791E-005, 7.4850860E-005
 1.9609236E+002, 1.0386584E-018, 9.7070767E-021, 2.2684128E-023, 4.3179114E-028, 8.1366964E-004, 1.5538340E-004, 4.3913943E-007, 3.1706126E-013, 2.8193341E-002, 2.3310260E-002, 7.1807785E-003, 3.1105961E-002, 3.3763368E-002, 2.0404959E-002, 7.4349958E-003, 1.3839698E-002, 2.7947767E-004, 3.5474540E-007, 1.3850506E-008, 1.2315880E-023, 4.3153629E-024, 1.1122934E-004, 6.9552709E-007, 1.8329818E-008, 5.6832607E-003, 3.7679924E-003, 2.4680733E-004, 4.9464219E-005, 1.7476034E-002, 1.3748661E-002, 8.1511102E-003, 3.3928077E-003, 1.7309749E-002, 6.9829376E-003, 5.3135505E-003, 9.0187552E-003, 1.1934512E-002, 5.8551647E-003, 1.5450778E-003, 6.2435857E-004, 1.4363585E-004, 1.0790156E-008, 5.7369759E-027, 1.6214976E-027, 3.4856195E-008, 5.4561112E-011, 2.5514312E-010, 4.3566090E-003, 3.8793968E-003, 8.1338732E-003, 8.3358968E-003, 3.7575395E-003, 1.0013699E-002, 9.6723664E-003, 7.1048999E-003, 3.6588495E-003, 6.3175223E-004, 2.7636660E-004, 4.3776032E-005, 1.9499972E-004
 1.9706241E+002, 2.8871814E-019, 9.5357119E-022, 7.8315696E-024, 6.7394090E-029, 3.5228846E-004, 4.8630752E-007, 4.0132483E-009, 4.6927061E-013, 2.7749525E-002, 2.3589282E-002, 1.2024398E-002, 3.0738855E-002, 3.1951847E-002, 1.6402334E-002, 1.1719852E-002, 6.1848284E-003, 2.2658516E-004, 1.3957972E-008, 5.8826956E-010, 2.2558071E-023, 2.1530441E-023, 7.6695179E-005, 1.4229558E-006, 1.2133906E-009, 6.9395401E-003, 2.5128490E-003, 1.8632825E-004, 2.9850180E-004, 1.7970932E-002, 1.4069301E-002, 6.4408565E-003, 4.1648677E-003, 1.7439062E-002, 1.0529132E-002, 1.1461389E-002, 9.1105255E-003, 1.3167210E-002, 2.1370088E-003, 2.8209829E-003, 6.6710746E-004, 1.2228201E-004, 2.4372819E-005, 7.7294120E-027, 3.2387370E-027, 8.2448133E-009, 3.9864709E-012, 1.2023277E-009, 4.1590841E-003, 1.2724385E-003, 8.7327404E-003, 9.5683456E-003, 4.7665908E-003, 1.0193910E-002, 1.0741118E-002, 7.3210678E-003, 1.9027103E-003, 5.9469875E-004, 5.6867742E-004, 5.9721824E-004, 5.5352915E-004
 1.9803246E+002, 1.5675160E-019, 9.8563629E-022, 6.1154123E-024, 4.4810103E-028, 3.7078123E-005, 2.8263845E-007, 1.5832352E-008, 1.4630588E-013, 2.7051717E-002, 2.3352047E-002, 7.5260856E-003, 2.6831796E-002, 2.7827999E-002, 1.7610718E-002, 1.1428212E-002, 8.5133557E-003, 3.3569630E-004, 3.5469656E-009, 1.1075751E-011, 4.0357818E-023, 2.1050524E-023, 4.6332143E-005, 4.4045916E-007, 2.1656766E-006, 4.2315596E-003, 1.6788654E-003, 4.3451404E-004, 2.1045758E-003, 1.7216829E-002, 1.2848259E-002, 8.9742042E-003, 2.3779414E-003, 1.2775256E-002, 1.3077701E-002, 1.3807061E-002, 8.8399466E-003, 1.4928371E-002, 9.0834914E-003, 2.8754777E-003, 5.5217637E-004, 8.4280700E-005, 2.3642538E-004, 1.4366750E-026, 3.3002300E-027, 9.4049333E-010, 7.3011070E-008, 6.1632448E-010, 4.0594680E-003, 2.2805395E-003, 9.2510844E-003, 9.2624043E-003, 7.3287729E-003, 1.0470722E-002, 1.0267970E-002, 7.6964097E-003, 1.7410595E-003, 4.8642543E-004, 6.4829015E-004, 6.4103747E-004, 4.5536982E-004
 1.9900251E+002, 9.8245473E-020, 2.8054154E-022, 7.6535605E-025, 6.9566406E-027, 4.0611134E-005, 3.6740210E-006, 3.1672591E-005, 2.3683000E-013, 2.6652612E-002, 1.5431467E-002, 1.6132925E-002, 2.6876933E-002, 1.9503314E-002, 1.9436549E-002, 5.6440623E-003, 1.2819913E-002, 6.9670196E-004, 3.7938732E-010, 1.1326768E-013, 2.2319700E-023, 6.6722079E-024, 2.1611251E-005, 9.2059742E-007, 3.7755423E-006, 4.1425482E-003, 2.0499350E-003, 7.3388473E-004, 1.8005718E-003, 1.6742216E-002, 1.2620973E-002, 1.3172588E-002, 2.8555013E-003, 1.4648903E-002, 1.5263805E-002, 1.4460336E-002, 8.3587433E-003, 1.5477806E-002, 9.2965458E-003, 4.0405820E-003, 5.4337691E-004, 1.4212303E-004, 2.2031673E-004, 2.5305085E-026, 2.5651864E-027, 9.8636186E-009, 2.2551563E-007, 1.2361563E-011, 4.7563121E-003, 2.8302268E-003, 9.2572773E-003, 1.1152131E-002, 1.0299368E-002, 8.6178909E-003, 7.9631133E-003, 7.8633198E-003, 2.4183032E-003, 8.1163791E-004, 7.0594979E-004, 3.3811414E-004, 7.9368805E-005
 2.0006956E+002, 4.2354629E-020, 1.6003305E-023, 2.0470320E-024, 2.2699577E-026, 2.9082853E-005, 2.3582907E-006, 3.6258336E-005, 7.3076181E-014, 2.2661296E-002, 2.5496179E-002, 4.2946756E-003, 2.6891874E-002, 2.4768047E-002, 1.9401253E-002, 5.9719433E-003, 1.2236035E-002, 2.1458062E-003, 1.6051049E-007, 2.3422216E-014, 7.8231976E-024, 3.9199407E-024, 6.1305634E-006, 2.2220880E-006, 1.4818134E-007, 4.5095836E-003, 1.6982001E-003, 1.3281158E-003, 7.4772439E-004, 1.5180585E-002, 1.0792345E-002, 1.1990094E-002, 1.2577815E-003, 1.6828607E-002, 1.7022420E-002, 1.5121861E-002, 9.2044225E-003, 1.6184092E-002, 7.6801665E-003, 2.0502011E-003, 6.3850313E-004, 2.9125780E-004, 1.8463791E-004, 3.7635071E-026, 5.7789370E-028, 5.1381924E-008, 2.2140735E-008, 2.1017548E-011, 5.1534559E-003, 4.0371493E-003, 9.8443851E-003, 1.2135638E-002, 1.1550866E-002, 4.8958656E-003, 8.4378256E-003, 5.1977640E-003, 1.0225520E-003, 3.1242472E-004, 7.3285118E-004, 1.1739464E-004, 1.3777664E-004
 2.0103961E+002, 2.3925649E-020, 1.1770361E-023, 1.7376252E-023, 2.5814027E-026, 2.8802274E-005, 4.2253688E-005, 3.7397772E-007, 2.5236260E-015, 1.8496193E-002, 4.5523918E-002, 3.9322834E-004, 2.6726439E-002, 2.2945394E-002, 1.2521853E-002, 6.5395991E-003, 1.0183566E-002, 2.4902710E-003, 1.1603066E-006, 4.7686332E-012, 7.0918197E-024, 4.0314858E-024, 5.4956974E-006, 1.0334732E-006, 3.9229977E-006, 7.1521400E-003, 1.7492313E-003, 2.6014723E-003, 1.4802183E-003, 1.3770361E-002, 1.3173647E-002, 1.3304880E-002, 1.9206509E-003, 1.7225523E-002, 1.9621465E-002, 1.6891275E-002, 4.8575644E-003, 1.6564158E-002, 5.2820649E-003, 2.4092917E-003, 6.6887120E-004, 4.8053189E-004, 1.9326908E-004, 1.4842725E-026, 6.7705705E-029, 9.2760448E-008, 1.3881410E-009, 1.2156737E-009, 5.2540074E-003, 5.4723273E-003, 1.0205598E-002, 1.2227610E-002, 1.1733174E-002, 5.4943403E-003, 1.0172599E-002, 3.9470981E-003, 1.0340114E-003, 8.5195588E-004, 7.4354534E-004, 2.8942604E-004, 1.5790944E-004
 2.0200966E+002, 2.1901450E-020, 2.7655532E-023, 9.1239119E-023, 3.4579415E-027, 3.2025906E-005, 2.6305507E-005, 1.8915534E-007, 1.5261765E-016, 3.4071199E-002, 4.4212238E-002, 2.1980117E-004, 3.3001007E-002, 1.6205516E-002, 4.1998113E-003, 1.1032705E-002, 8.7286725E-003, 4.9312244E-004, 1.9235118E-006, 9.4332758E-011, 2.2014920E-023, 3.8270911E-024, 5.4230198E-006, 8.9318573E-006, 1.1284056E-005, 9.5286277E-003, 2.0844854E-003, 3.7457767E-003, 1.5385674E-003, 1.6287091E-002, 1.6167621E-002, 1.5320857E-002, 4.1041079E-003, 1.7508767E-002, 1.9653382E-002, 1.7211103E-002, 6.4380429E-003, 1.3222723E-002, 1.7002582E-003, 2.1344039E-003, 6.9242233E-004, 4.6658466E-004, 1.4381746E-004, 8.6301654E-027, 3.4116650E-029, 3.9742152E-008, 4.7143680E-009, 4.8539266E-008, 6.2446137E-003, 5.3247757E-003, 1.0309308E-002, 1.2365842E-002, 1.0078794E-002, 9.0676860E-003, 1.0641846E-002, 5.9903148E-003, 2.6515472E-003, 5.4018534E-004, 8.6900007E-004, 7.8563287E-004, 1.1626425E-004
 2.0307672E+002, 9.9846678E-021, 2.6268969E-023, 4.3661170E-023, 2.1399419E-028, 3.7193309E-005, 2.5293744E-004, 5.5073222E-008, 1.8057017E-016, 5.0966521E-002, 4.2237562E-002, 5.2628650E-004, 3.2597224E-002, 3.1487247E-002, 2.3158943E-003, 9.3575222E-003, 1.0334746E-002, 3.1654786E-003, 1.2121665E-005, 1.0884842E-010, 1.3267614E-023, 9.8061592E-024, 1.1094228E-005, 4.9171804E-006, 3.5214560E-005, 9.8014837E-003, 2.6016069E-003, 5.1778149E-003, 6.4168378E-004, 1.8618219E-002, 1.5525953E-002, 1.3997274E-002, 5.7248434E-003, 2.0326084E-002, 1.9006067E-002, 1.7581874E-002, 1.0599191E-002, 1.1605801E-002, 2.2102029E-003, 2.0622724E-003, 6.8141513E-004, 3.3793710E-004, 7.3015219E-005, 5.9019028E-027, 1.8144588E-028, 4.2977666E-009, 9.4889995E-009, 9.7114084E-009, 6.4875846E-003, 4.6928615E-003, 1.0786502E-002, 1.2631646E-002, 3.3427333E-003, 1.1252007E-002, 1.1385325E-002, 6.6324955E-003, 2.0465947E-003, 1.3888516E-004, 9.7718234E-004, 9.1939078E-004, 1.0672068E-004
 2.0404676E+002, 1.9043052E-021, 1.2208558E-023, 4.9481553E-024, 5.0240809E-029, 3.5843887E-005, 4.7718680E-005, 8.5762573E-008, 4.8559835E-015, 5.5685743E-002, 1.1232580E-002, 2.3002906E-004, 3.0372531E-002, 3.7245011E-002, 2.0054623E-002, 6.1767146E-003, 1.2223342E-002, 8.5597062E-003, 1.5558108E-005, 1.6247542E-011, 3.6430059E-024, 3.4230291E-022, 2.0192352E-005, 4.6210286E-005, 1.7203268E-005, 9.5787017E-003, 3.5381615E-003, 4.4506013E-003, 3.0610194E-004, 1.6859650E-002, 1.6815565E-002, 1.3745750E-002, 6.2456655E-003, 2.1063216E-002, 1.8867875E-002, 1.7982420E-002, 5.6783484E-003, 1.5672347E-002, 8.0156668E-003, 2.0313634E-003, 6.7734237E-004, 3.6088152E-004, 6.9593718E-006, 4.3738246E-027, 8.2612882E-028, 3.9943032E-009, 1.9965703E-007, 2.8863696E-009, 6.3663800E-003, 4.7951401E-003, 1.1682072E-002, 1.1832158E-002, 1.6936795E-003, 1.1368589E-002, 9.6016067E-003, 6.5610356E-003, 4.2941345E-004, 2.1750723E-003, 1.0999731E-003, 2.3792629E-004, 3.5129870E-004
 2.0501681E+002, 2.5400593E-022, 3.1619952E-024, 2.5901816E-025, 1.0241677E-028, 5.4585270E-005, 4.4677115E-005, 5.0442884E-009, 1.5439433E-013, 4.0407917E-002, 1.7171754E-003, 1.8136242E-004, 3.9994064E-002, 4.3491915E-002, 3.3078862E-002, 4.4154834E-003, 1.2918570E-002, 5.7342104E-003, 4.5931798E-005, 6.7419626E-013, 1.3440379E-023, 9.8181701E-021, 1.1856521E-005, 9.4460928E-005, 8.8423947E-006, 1.0344616E-002, 6.9060102E-003, 2.7054168E-003, 4.9356093E-004, 1.8286376E-002, 1.6998248E-002, 1.4379468E-002, 5.1055305E-003, 1.9156257E-002, 1.8026388E-002, 7.7283598E-003, 1.7842752E-003, 1.8087989E-002, 1.1069955E-002, 1.0987090E-003, 6.7012810E-004, 5.1979802E-004, 1.4537162E-006, 4.0383745E-027, 8.6004473E-027, 5.3386027E-009, 3.3543422E-007, 4.1324796E-009, 6.2710970E-003, 5.0208010E-003, 1.1477062E-002, 9.8128064E-003, 3.5710512E-003, 1.0979637E-002, 8.1552168E-003, 3.5506749E-003, 6.0355283E-004, 3.5711254E-003, 1.2513891E-003, 1.2034197E-004, 2.3624503E-004
 2.0608387E+002, 7.6846785E-023, 1.3853640E-024, 2.9163516E-026, 1.2684724E-028, 3.0370546E-004, 2.3107444E-005, 1.1890080E-009, 2.1756340E-012, 2.5731636E-002, 4.4532864E-004, 7.1544564E-004, 3.9855450E-002, 4.7485230E-002, 2.8142260E-002, 9.8911973E-003, 1.3439139E-002, 7.4057715E-004, 3.3983579E-004, 1.5663422E-014, 1.6668210E-022, 1.5205373E-019, 7.1695550E-006, 2.3491325E-005, 2.1955790E-007, 9.1960373E-003, 1.1274620E-002, 2.3519044E-003, 5.2721161E-004, 2.0732452E-002, 1.6811493E-002, 1.7466298E-002, 7.6952309E-003, 1.9625516E-002, 1.3971470E-002, 3.4740451E-003, 1.9487980E-003, 1.6079171E-002, 1.3586049E-002, 5.3726956E-003, 6.6440426E-004, 7.8766743E-004, 3.6409460E-006, 4.4084573E-027, 1.0061633E-025, 1.1672526E-008, 1.6850673E-008, 1.9477567E-008, 6.0698019E-003, 4.8855471E-003, 1.1900650E-002, 1.2087114E-002, 5.3885454E-003, 1.1095901E-002, 1.1176919E-002, 2.9573654E-003, 1.4095583E-003, 2.8037396E-003, 1.2027044E-003, 3.3335869E-004, 3.5188525E-004
 2.0705392E+002, 3.5073839E-023, 6.6506349E-024, 7.4698714E-026, 1.7743624E-028, 7.8374945E-004, 1.9246196E-005, 4.0018502E-010, 1.3518962E-012, 2.0470955E-002, 1.0550629E-003, 2.2512729E-003, 3.3867288E-002, 4.1186501E-002, 3.8970632E-002, 1.4907250E-002, 1.5434581E-002, 1.3932808E-003, 2.2803116E-003, 2.2635446E-014, 5.1226441E-022, 4.0848888E-019, 2.9537831E-006, 4.6436672E-006, 1.7905977E-008, 1.0039366E-002, 1.2331588E-002, 8.8762124E-003, 2.5108221E-005, 2.0831186E-002, 1.8351144E-002, 1.3980727E-002, 1.6928502E-003, 1.9986899E-002, 7.5908581E-003, 5.7681494E-003, 9.2500868E-003, 1.7321178E-002, 1.7842779E-002, 7.5637145E-003, 9.0303990E-004, 7.6402073E-004, 1.2244624E-006, 8.1575959E-027, 8.1060629E-025, 3.1476671E-008, 2.2066836E-008, 3.1531986E-008, 5.8668349E-003, 3.4335111E-003, 1.1637082E-002, 1.1674520E-002, 1.2180952E-003, 1.1377753E-002, 1.1474078E-002, 4.4083276E-003, 1.8065371E-003, 3.5224660E-003, 1.3964541E-003, 3.4231704E-004, 2.9493864E-004
 2.0802397E+002, 3.3575725E-023, 9.9712458E-024, 1.9172001E-025, 1.9856991E-027, 2.4120845E-004, 4.5049317E-005, 3.1274989E-010, 1.3804812E-013, 2.0641004E-002, 4.5619061E-003, 4.4685839E-003, 3.0541586E-002, 4.5447875E-002, 4.9717206E-002, 2.2820946E-002, 1.8582954E-002, 2.2486347E-003, 4.4306268E-003, 2.6498831E-014, 5.6899273E-022, 1.0206342E-019, 2.9823931E-006, 5.2367534E-006, 1.7981591E-007, 1.1452240E-002, 1.2236603E-002, 1.0145286E-002, 2.3905249E-003, 2.1791766E-002, 2.1109141E-002, 5.4447772E-003, 2.2820690E-003, 1.8840513E-002, 7.4412835E-003, 1.2847397E-002, 3.3939053E-003, 1.9071208E-002, 1.4459413E-002, 7.7779748E-003, 1.3120636E-003, 1.3837351E-003, 4.0523681E-007, 4.0438375E-026, 9.6696401E-025, 5.7053585E-008, 2.3107179E-008, 1.0119096E-007, 5.0446762E-003, 2.9980775E-003, 1.1642382E-002, 7.1626252E-003, 4.2384468E-003, 1.1910071E-002, 1.1165461E-002, 4.0803435E-003, 1.1826720E-003, 4.1632632E-003, 1.3550763E-003, 6.6646328E-004, 5.6545064E-005
 2.0909102E+002, 3.3154041E-023, 8.8144464E-024, 2.3778186E-025, 1.2822070E-026, 3.0715220E-005, 7.2602762E-005, 7.6956205E-009, 3.9818266E-012, 2.2329732E-002, 1.4045919E-002, 5.1832725E-003, 2.9189271E-002, 4.9845821E-002, 4.0867920E-002, 3.6701470E-002, 1.9070480E-002, 9.6252937E-004, 2.7548462E-003, 4.8086304E-014, 8.0578143E-022, 9.6230568E-021, 8.9672922E-006, 4.4331576E-006, 4.2828127E-008, 1.4188372E-002, 1.4066983E-002, 7.3104010E-003, 1.8246517E-003, 2.2236537E-002, 2.1326194E-002, 7.5937248E-003, 1.9382959E-003, 1.4984375E-002, 1.5636773E-002, 1.8166303E-002, 9.4018060E-004, 2.0960644E-002, 1.5827078E-002, 1.3362949E-002, 1.4356558E-003, 1.7309289E-003, 3.2268585E-006, 1.7264478E-025, 1.4920829E-025, 4.8342655E-008, 1.9391943E-007, 3.7911298E-006, 4.1946824E-003, 3.0974283E-003, 1.1818833E-002, 7.9095861E-003, 7.0095103E-003, 1.1974856E-002, 1.0610444E-002, 4.2447797E-003, 1.3737794E-003, 4.4091615E-003, 1.1191639E-003, 6.9542307E-004, 1.0791934E-004
 2.1006077E+002, 1.2496498E-023, 1.5986149E-023, 1.8574035E-024, 3.2224330E-026, 1.2894113E-004, 1.4673250E-004, 2.0397461E-007, 6.6860091E-013, 2.2219602E-002, 1.6034872E-002, 2.0415028E-003, 3.1696018E-002, 2.5982631E-002, 2.1158336E-002, 2.5058316E-002, 1.7900764E-002, 7.9837894E-004, 7.5994714E-004, 7.4687766E-014, 1.0683065E-021, 2.4680519E-021, 6.7503136E-005, 6.9790790E-007, 2.5434476E-009, 1.6054424E-002, 1.5091017E-002, 7.0433738E-003, 5.3313939E-004, 2.1638071E-002, 1.7071661E-002, 7.7658163E-003, 1.5296769E-003, 1.7855071E-002, 1.6961726E-002, 1.3907311E-002, 1.5013329E-004, 2.2277987E-002, 1.6075601E-002, 7.4108818E-003, 1.6627052E-003, 1.2409390E-003, 5.6245876E-005, 1.6751460E-025, 4.1701946E-026, 2.6275567E-008, 7.1768420E-007, 1.5800829E-006, 4.6104896E-003, 3.7787586E-003, 1.1576198E-002, 9.1124649E-003, 6.2058081E-003, 1.2060765E-002, 7.3439138E-003, 5.4913357E-003, 1.4003246E-003, 4.3254778E-003, 1.0556481E-003, 2.7104610E-004, 1.6352084E-004
 2.1108112E+002, 5.6437351E-024, 3.2097888E-023, 4.0660672E-023, 1.2588549E-025, 1.3565681E-004, 8.9182938E-005, 4.4589050E-007, 2.9639190E-014, 2.6785904E-002, 3.6698084E-002, 3.1654749E-003, 3.2551711E-002, 2.3674606E-002, 2.1734527E-002, 9.8271613E-003, 1.3941574E-002, 3.9058500E-003, 6.4797389E-004, 1.1543754E-014, 1.3787860E-021, 2.7380650E-021, 1.0380399E-004, 1.4748448E-007, 7.6271538E-009, 1.9677918E-002, 1.8761772E-002, 1.4537318E-002, 2.3572999E-005, 2.1884385E-002, 1.9268904E-002, 7.0511273E-003, 1.5589422E-003, 1.8607014E-002, 1.5243473E-002, 3.3405508E-003, 1.1564549E-003, 2.2215011E-002, 1.6619488E-002, 1.3377553E-002, 2.4390617E-003, 2.8934787E-003, 4.6479459E-004, 1.1294551E-025, 6.9583153E-026, 1.0168868E-008, 5.5777464E-008, 4.0007627E-008, 5.2275472E-003, 3.9043797E-003, 1.1229254E-002, 7.6625715E-003, 5.2428321E-003, 1.1817732E-002, 8.2086311E-003, 6.1776902E-003, 2.5528668E-003, 3.5903987E-003, 9.0764803E-004, 5.6423821E-005, 3.0214231E-005
 2.1207297E+002, 4.9955434E-024, 1.3789713E-022, 2.8766711E-022, 7.3615167E-026, 6.2139641E-005, 1.7369115E-005, 1.1784136E-006, 3.9726786E-014, 4.2107029E-002, 4.2763604E-002, 3.4566375E-003, 3.4332561E-002, 3.2045940E-002, 3.2877902E-002, 2.0306329E-003, 1.8478868E-002, 1.2184687E-003, 3.4123470E-004, 1.7312063E-013, 3.7665396E-021, 1.0732457E-021, 3.6716527E-005, 8.3107723E-007, 4.2379113E-008, 2.2688355E-002, 2.1726548E-002, 1.4484131E-002, 8.3896752E-004, 1.5117297E-002, 1.1580675E-002, 9.4497433E-003, 1.5832598E-003, 1.6941290E-002, 7.5656358E-003, 2.1859164E-003, 2.6217191E-003, 2.2012930E-002, 8.5934637E-003, 1.2635343E-002, 3.2535387E-003, 3.7984409E-003, 6.7305468E-004, 1.0933256E-025, 5.8502784E-026, 2.2048018E-008, 2.2010038E-008, 1.5634972E-008, 5.4996341E-003, 4.4733058E-003, 1.1148498E-002, 7.7184512E-003, 3.1934281E-003, 1.0721892E-002, 1.0283255E-002, 6.2967876E-003, 4.2810735E-003, 3.0034513E-003, 8.6316724E-004, 9.3850208E-005, 2.1879272E-006
 2.1305831E+002, 1.9325327E-023, 3.0945381E-022, 1.7182813E-022, 8.1695402E-027, 5.0385847E-005, 1.0477259E-005, 1.0148698E-006, 2.1415880E-012, 4.9020336E-002, 3.4489822E-002, 1.4039147E-003, 4.2148370E-002, 4.0386274E-002, 3.6657530E-002, 8.8633817E-003, 2.4543161E-002, 1.3548095E-003, 3.6018082E-005, 4.0482963E-012, 2.4238488E-021, 2.0192439E-022, 1.0653905E-005, 1.8366541E-006, 1.5280235E-008, 2.2616572E-002, 2.0367420E-002, 7.9762236E-003, 1.1248816E-003, 1.6705844E-002, 1.3332589E-002, 5.7833665E-003, 6.6554410E-003, 1.3391840E-002, 1.1368932E-002, 4.7632208E-003, 9.9878056E-004, 2.1790077E-002, 4.0381746E-003, 1.4376902E-003, 3.3487248E-003, 1.6550804E-003, 8.3936988E-004, 1.2341562E-025, 2.4612027E-026, 1.2877243E-007, 1.9500139E-008, 1.2287255E-009, 5.3578123E-003, 5.4063761E-003, 1.1230421E-002, 5.9051394E-003, 5.2366355E-003, 1.0558860E-002, 1.0406155E-002, 7.1296989E-003, 5.7664398E-003, 3.0620846E-003, 7.3314731E-004, 1.2188538E-004, 2.3145516E-006
 2.1403398E+002, 5.2022138E-023, 2.5040710E-021, 2.6185895E-023, 1.4582080E-027, 3.0880815E-006, 4.0695504E-006, 8.1109992E-008, 4.0166391E-012, 4.6118263E-002, 1.9161586E-002, 1.0839474E-002, 4.4896312E-002, 4.4059361E-002, 4.4112560E-002, 7.9744303E-003, 3.2230926E-002, 3.9641427E-003, 2.3439824E-004, 1.5482008E-012, 7.4991995E-022, 1.4460552E-022, 1.1880102E-005, 1.9464723E-006, 3.1442802E-010, 2.1964038E-002, 9.1055021E-003, 7.1435651E-003, 1.1562314E-004, 1.8979432E-002, 1.3590094E-002, 1.1208530E-002, 8.2093201E-003, 1.4788552E-002, 1.2777311E-002, 8.3166599E-003, 2.4458160E-003, 2.0161338E-002, 1.3202848E-002, 9.3518368E-004, 3.2768081E-003, 4.7994433E-004, 1.4059484E-003, 1.1961091E-025, 4.3254534E-027, 1.1451741E-007, 4.6623814E-008, 4.5746490E-009, 5.5084745E-003, 6.4667178E-003, 1.1316023E-002, 8.6887660E-003, 4.4593314E-003, 1.2430779E-002, 1.1430312E-002, 7.6879832E-003, 6.1947817E-003, 3.6817839E-003, 7.4228375E-004, 9.2744976E-005, 1.9827307E-006
 2.1500964E+002, 6.1513042E-023, 1.6609629E-020, 7.0758486E-024, 5.1268478E-028, 3.5532285E-006, 1.2311001E-006, 1.3180373E-006, 3.6874948E-012, 3.7422011E-002, 3.0063332E-002, 4.0115267E-002, 5.0241075E-002, 5.1180321E-002, 5.5949830E-002, 3.2349309E-004, 3.7193628E-002, 7.7206607E-003, 1.3085778E-004, 5.2738620E-013, 1.0085710E-021, 2.5271588E-022, 5.6781616E-006, 1.6917723E-006, 5.7277993E-010, 2.1110447E-002, 3.9266672E-003, 2.8974134E-003, 5.9528696E-005, 1.9083338E-002, 1.0133346E-002, 1.0580899E-002, 1.5938068E-003, 1.6888936E-002, 1.2554568E-002, 1.1408670E-002, 3.9974620E-003, 2.3046531E-002, 1.8655934E-002, 9.4973252E-005, 3.1472321E-003, 5.1475205E-003, 2.7370861E-003, 6.7422142E-026, 4.7685463E-027, 1.5437414E-008, 2.0319119E-008, 7.1462939E-009, 6.7789008E-003, 6.8018798E-003, 1.1232161E-002, 1.3194993E-002, 4.3241260E-003, 1.2859130E-002, 1.1421127E-002, 8.2301649E-003, 6.1687992E-003, 3.6685997E-003, 7.1601396E-004, 6.8289019E-005, 9.8753725E-007
 2.1608287E+002, 1.1224594E-021, 2.6846841E-020, 2.8319538E-024, 5.0459754E-028, 2.0811960E-005, 1.7999204E-006, 1.8912367E-007, 3.6110778E-013, 5.3037126E-002, 4.1490353E-002, 3.5698432E-002, 5.0861868E-002, 6.0326339E-002, 4.8988351E-002, 4.0955779E-004, 3.0793270E-002, 2.3890151E-003, 9.4302902E-007, 3.9697170E-013, 1.4983698E-021, 1.6261557E-021, 7.9718558E-006, 6.9579277E-006, 4.2153728E-010, 2.0629827E-002, 2.2587464E-003, 1.4017717E-003, 5.6155794E-004, 1.9665946E-002, 1.1579379E-002, 8.3489512E-003, 5.2824121E-004, 1.9610725E-002, 1.5959661E-002, 1.2208598E-002, 1.1332743E-003, 2.5661392E-002, 1.3536045E-002, 4.6074975E-004, 3.2805977E-003, 8.2412687E-003, 2.9757409E-003, 7.3462700E-026, 1.0029251E-027, 2.8498765E-008, 2.5375005E-010, 2.1615567E-008, 7.1839842E-003, 5.5209928E-003, 1.1875491E-002, 1.2587206E-002, 6.2402529E-003, 1.3057154E-002, 9.4588919E-003, 8.8090158E-003, 7.3130798E-003, 2.6819935E-003, 1.2949537E-004, 5.3558121E-005, 7.7203638E-006
 2.1708909E+002, 1.4379786E-020, 1.4263869E-019, 6.7198400E-024, 3.8715790E-028, 2.9673590E-005, 2.0826695E-006, 3.2022661E-007, 5.4319161E-011, 5.0908924E-002, 6.0749576E-002, 3.2095678E-002, 5.0191069E-002, 6.1537110E-002, 3.0306492E-002, 4.5418587E-004, 2.7049799E-002, 1.6824898E-004, 3.8765555E-008, 1.0547746E-011, 7.3988593E-021, 1.2014015E-020, 2.0891972E-005, 1.1501625E-006, 1.1853286E-011, 1.9543979E-002, 3.0092918E-003, 8.7894158E-004, 1.9102305E-003, 1.8284472E-002, 1.5683237E-002, 1.0898004E-002, 3.0736833E-004, 1.9799961E-002, 1.8021444E-002, 1.5520627E-002, 9.3462186E-004, 2.4607797E-002, 3.6849282E-003, 4.9897601E-004, 3.9157313E-003, 9.4261664E-003, 4.0696914E-003, 5.3577902E-026, 1.7521966E-028, 9.7440485E-008, 8.7216671E-010, 5.5039155E-008, 6.3145694E-003, 5.8507131E-003, 1.2706812E-002, 1.2661258E-002, 8.0158226E-003, 1.2909709E-002, 1.1130932E-002, 9.3232397E-003, 7.8188707E-003, 3.2103649E-003, 5.5829695E-005, 1.9032254E-004, 1.4724361E-005
 2.1805156E+002, 5.2864704E-020, 6.5660412E-019, 9.9034161E-023, 6.7148947E-027, 2.7206076E-005, 5.9157751E-006, 5.1983981E-005, 8.3323808E-011, 4.0739571E-002, 5.0711812E-002, 2.8153572E-002, 4.2613456E-002, 5.8867202E-002, 4.3164272E-002, 1.5079004E-003, 5.5798366E-002, 2.1967948E-004, 1.3291551E-007, 1.5765654E-010, 1.1792386E-019, 3.0506647E-020, 2.6098994E-005, 3.7663660E-007, 4.6459214E-013, 1.7813362E-002, 5.3840400E-003, 2.1465076E-003, 1.2611085E-003, 1.6587368E-002, 1.9602436E-002, 1.1724782E-002, 2.6796243E-004, 1.9999202E-002, 1.9791389E-002, 1.7063792E-002, 4.2334276E-003, 2.2832632E-002, 5.5815573E-004, 7.5201707E-004, 4.1668987E-003, 9.0957431E-003, 2.9261965E-003, 2.3651921E-026, 2.0743361E-028, 9.7730415E-008, 5.8750679E-006, 1.3333825E-006, 4.0649969E-003, 3.3770171E-003, 1.3886526E-002, 1.1891448E-002, 7.5115905E-003, 1.2679862E-002, 1.1728347E-002, 1.0143899E-002, 7.7817723E-003, 3.3493246E-003, 2.5894462E-004, 4.0836454E-004, 1.2924566E-005
 2.1901402E+002, 1.6612698E-019, 1.8333578E-018, 1.6172224E-021, 2.2717871E-025, 8.0190820E-006, 2.1288543E-004, 1.0599891E-004, 1.9650543E-011, 4.4682810E-002, 3.6851189E-002, 2.3613058E-002, 4.4609233E-002, 5.8452271E-002, 6.7474228E-002, 3.0845752E-003, 5.3760431E-002, 6.8072337E-006, 1.2528554E-007, 1.8303002E-008, 6.9206658E-019, 5.9411605E-020, 1.2592938E-005, 1.4832408E-007, 1.3987885E-011, 1.7102397E-002, 7.1276641E-003, 5.3640702E-003, 6.1872865E-005, 1.8576676E-002, 1.8282250E-002, 1.2923256E-002, 4.1602115E-004, 2.0013425E-002, 2.3359961E-002, 1.2883128E-002, 7.8242075E-003, 1.2006586E-002, 9.7856047E-004, 7.4110791E-004, 4.8380029E-003, 7.4734893E-003, 1.4804344E-003, 2.3203576E-026, 6.9500081E-028, 6.7388675E-008, 6.6422112E-005, 4.7249718E-006, 1.6929254E-003, 9.7649556E-004, 1.3676654E-002, 1.0343961E-002, 7.0669131E-003, 1.2733427E-002, 1.2269586E-002, 1.0746619E-002, 9.8093557E-003, 2.0188346E-003, 3.4134677E-004, 4.6611881E-004, 5.1689679E-005
 2.2007274E+002, 1.0188031E-019, 4.0140345E-018, 9.1753059E-021, 4.8194948E-024, 8.1353724E-005, 5.4779594E-004, 2.9647127E-005, 3.3785894E-013, 4.8115015E-002, 4.2490574E-002, 1.4824479E-002, 4.9826512E-002, 6.4982418E-002, 8.9925017E-002, 3.4058815E-003, 3.4425354E-002, 6.7560245E-004, 2.6348720E-004, 1.6714298E-007, 8.0141882E-019, 1.2190459E-020, 1.0541117E-005, 3.4563748E-007, 2.0644739E-011, 1.8000580E-002, 1.1850633E-002, 6.6247121E-003, 3.6125705E-005, 1.8865901E-002, 2.0173756E-002, 1.5419135E-002, 6.1543093E-004, 2.0361930E-002, 2.3496492E-002, 1.4583688E-002, 9.7191309E-003, 1.3890504E-002, 9.1558014E-003, 4.3356429E-004, 7.3232191E-003, 8.7613811E-003, 8.1124391E-004, 1.8371492E-026, 3.7302110E-026, 1.3148346E-007, 1.3701312E-004, 3.2598914E-006, 2.2600261E-003, 1.9369794E-003, 1.3242106E-002, 1.1310767E-002, 1.1138506E-002, 1.2849048E-002, 1.2749558E-002, 1.0144074E-002, 7.4649608E-003, 8.8119218E-004, 3.8917392E-004, 3.8192310E-004, 4.1027344E-005
 2.2103520E+002, 1.3130198E-019, 4.2934712E-018, 3.8692361E-020, 5.3301925E-023, 5.8683204E-004, 9.9719905E-004, 1.6137383E-007, 7.1227211E-013, 4.9565878E-002, 2.6968585E-002, 3.5625701E-003, 4.9180610E-002, 6.7180010E-002, 8.5261828E-002, 1.3595820E-002, 3.2508921E-002, 3.8841101E-003, 2.4982094E-003, 3.9732930E-006, 3.1611909E-019, 9.6491361E-022, 1.4274691E-005, 5.1036025E-007, 1.9208372E-012, 1.9979847E-002, 1.4686501E-002, 5.6785188E-003, 2.6944463E-005, 1.9213111E-002, 2.1755522E-002, 2.3750055E-003, 2.1857725E-004, 2.2624343E-002, 2.4434833E-002, 1.7434456E-002, 1.0003679E-002, 1.3703575E-002, 1.1915957E-002, 6.5021304E-004, 7.7758107E-003, 6.9971427E-003, 1.4736889E-004, 1.9065250E-026, 6.8450375E-025, 1.7272263E-007, 1.5352132E-004, 6.0072588E-006, 4.0149482E-003, 1.3183978E-003, 1.3615209E-002, 1.3919932E-002, 1.0532018E-002, 1.2726806E-002, 1.2932277E-002, 9.4417066E-003, 6.4311379E-003, 6.2450918E-004, 6.8097248E-004, 3.4129409E-004, 3.8540238E-006
 2.2209392E+002, 3.8002551E-019, 7.4902789E-018, 5.2709675E-020, 3.9334914E-023, 1.3403848E-003, 4.4763831E-004, 3.5547431E-009, 2.2165633E-013, 4.1836650E-002, 1.5793690E-002, 3.7509368E-004, 4.3268715E-002, 3.0588405E-002, 4.9275229E-002, 1.9488097E-002, 2.9375730E-002, 2.7485476E-003, 1.1084336E-003, 1.4137805E-005, 3.8035978E-019, 1.3733340E-022, 1.6291340E-005, 1.7238052E-007, 4.1831745E-013, 1.8595638E-002, 1.2725388E-002, 6.8243013E-004, 5.4650014E-004, 1.9523986E-002, 1.4996771E-002, 1.4327207E-003, 4.0801988E-004, 2.3270222E-002, 2.4417395E-002, 2.1047327E-002, 5.2853431E-003, 1.6303232E-002, 1.0090822E-002, 4.9597487E-004, 7.9896716E-003, 5.0933049E-003, 1.2967523E-004, 4.0561007E-025, 9.5550076E-025, 3.3433067E-007, 3.1033494E-005, 2.5983019E-006, 4.1062640E-003, 8.5954563E-004, 1.3771143E-002, 1.3090503E-002, 9.8653379E-003, 1.2687041E-002, 1.0300118E-002, 8.8334969E-003, 6.1365316E-003, 4.4883331E-004, 7.7575691E-004, 5.4322386E-004, 9.2843875E-006
 2.2305639E+002, 8.2224942E-019, 6.8058964E-018, 8.1482168E-021, 3.1057476E-024, 1.7795683E-003, 2.1442182E-006, 4.9547659E-011, 9.3186677E-014, 4.1012077E-002, 6.9435741E-003, 1.4217018E-002, 3.5840005E-002, 1.0618943E-002, 2.0371200E-002, 1.5422848E-002, 3.3918661E-002, 4.9977426E-004, 7.8177713E-006, 6.9787526E-007, 2.6108514E-019, 1.2834032E-023, 8.4067776E-006, 6.9794642E-007, 9.1361881E-013, 1.7342156E-002, 4.7656940E-003, 1.4910185E-004, 4.3289161E-004, 2.1514943E-002, 1.2401554E-002, 1.2222221E-003, 3.9807839E-004, 2.4823307E-002, 2.4399884E-002, 1.9054468E-002, 2.8210588E-003, 1.8126172E-002, 9.5708916E-003, 2.2338365E-004, 9.0263658E-003, 4.0641270E-003, 5.4233764E-004, 3.4170270E-024, 1.3653713E-024, 1.7326962E-006, 3.9152221E-005, 5.0950150E-008, 3.6329458E-003, 6.6157564E-004, 1.3520793E-002, 1.1982172E-002, 9.5780965E-003, 1.2734379E-002, 1.0813936E-002, 6.0686566E-003, 2.5599308E-003, 1.2126513E-003, 6.4112734E-004, 1.5707854E-003, 7.1529337E-006
 2.2406120E+002, 7.9780445E-019, 3.4311281E-018, 2.2662064E-021, 1.9920660E-025, 5.6816304E-004, 3.6123421E-008, 1.6337632E-013, 2.6664504E-013, 3.5647034E-002, 1.0735078E-002, 5.5332030E-002, 4.1410699E-002, 2.2563868E-002, 2.5925224E-002, 1.3434970E-002, 3.4818459E-002, 6.3268910E-003, 3.0045521E-006, 6.1428767E-009, 1.0445316E-019, 5.6439585E-024, 7.8645961E-006, 5.5518144E-008, 3.6952461E-010, 1.7769727E-002, 5.1891854E-003, 1.7300213E-004, 1.0970600E-003, 2.1033760E-002, 1.3810633E-002, 2.5070083E-003, 2.7715360E-004, 2.7566672E-002, 2.5088405E-002, 1.6439157E-002, 1.9676627E-003, 1.8820003E-002, 8.6820535E-003, 3.0242010E-004, 9.3356778E-003, 4.6503864E-003, 3.7474524E-003, 5.2171921E-024, 2.5095891E-024, 7.5704443E-006, 1.7208483E-005, 4.2174587E-009, 2.7316191E-003, 8.5211481E-004, 1.3667004E-002, 7.7621871E-003, 3.4766628E-003, 1.2670305E-002, 1.1112315E-002, 4.4247659E-003, 2.9139912E-003, 1.7892588E-003, 7.4422228E-004, 1.2820715E-003, 1.7133845E-004
 2.2503584E+002, 2.3297945E-019, 2.3010506E-018, 1.4876497E-021, 6.9770317E-026, 3.0011808E-004, 7.8293921E-008, 7.7458447E-009, 1.9913902E-013, 3.0420437E-002, 1.6951499E-002, 4.3561704E-002, 5.5289341E-002, 3.7538787E-002, 2.3734296E-002, 1.0183129E-002, 1.5962911E-002, 1.0429894E-002, 3.7888559E-006, 2.6522399E-011, 8.2818593E-020, 8.1828003E-025, 9.8875537E-006, 2.7602509E-009, 1.9535127E-009, 1.3776831E-002, 5.1733401E-003, 6.9699310E-004, 1.1575367E-003, 2.1440673E-002, 1.4220619E-002, 4.0577390E-003, 1.1967598E-004, 2.7484174E-002, 2.0238454E-002, 1.0331209E-002, 3.4036249E-003, 1.6577858E-002, 4.4104351E-003, 2.2247986E-004, 8.9603791E-003, 5.5079171E-003, 5.6381723E-003, 1.3916111E-024, 4.8260614E-024, 6.6252701E-006, 6.9786530E-006, 4.4571952E-010, 3.9741668E-003, 1.9302383E-003, 1.3632272E-002, 9.6659180E-003, 3.2871435E-003, 1.3002980E-002, 1.2764969E-002, 6.4590564E-003, 3.4851432E-003, 9.5341059E-004, 8.5482576E-004, 7.9197459E-004, 2.9837772E-004
 2.2606251E+002, 1.1724435E-019, 9.4763464E-019, 8.4871765E-023, 3.2009073E-027, 1.5692123E-004, 6.5632369E-009, 1.5120885E-008, 9.8768366E-015, 2.5487008E-002, 1.7444713E-002, 2.5006820E-002, 5.9143841E-002, 5.3782314E-002, 2.5184335E-002, 1.1340392E-002, 3.0946452E-002, 5.9771217E-003, 1.0372579E-005, 1.2711536E-011, 3.9668414E-020, 6.6780514E-026, 5.9176049E-006, 1.2390023E-009, 8.2996168E-009, 1.2087743E-002, 1.0916311E-002, 2.2325343E-003, 4.8952289E-005, 2.1901759E-002, 9.2568656E-003, 6.2592729E-003, 4.4000488E-003, 2.7714346E-002, 2.0518778E-002, 9.6569506E-003, 3.6233548E-003, 1.7155738E-002, 4.0011799E-003, 4.0984287E-004, 8.8266092E-003, 3.2349890E-003, 5.6762925E-003, 2.1237023E-025, 3.7756001E-023, 5.3078202E-006, 2.5528459E-006, 3.6182147E-009, 4.5276188E-003, 2.7597799E-003, 1.3490350E-002, 1.0073894E-002, 5.2137662E-003, 1.3165641E-002, 1.4723380E-002, 8.1440877E-003, 3.6699159E-003, 9.5796787E-004, 1.5276313E-003, 4.4288559E-004, 3.5680947E-004
 2.2706193E+002, 6.1694985E-020, 5.7734005E-020, 1.0651066E-023, 2.3130667E-027, 8.4376553E-006, 1.9717607E-008, 1.0047118E-009, 8.9120808E-016, 1.9257818E-002, 4.5571331E-002, 3.1811825E-002, 6.0231684E-002, 6.0230760E-002, 3.2565070E-002, 2.3158581E-002, 2.5594959E-002, 5.7722135E-003, 3.2622160E-005, 4.6796980E-011, 1.2492790E-020, 1.6895681E-025, 1.5648442E-005, 1.3127962E-007, 2.7992295E-009, 1.5116510E-002, 1.4812521E-002, 8.9074436E-003, 2.0941373E-005, 2.1404064E-002, 8.8540558E-003, 8.2954816E-003, 9.3131147E-003, 2.8931979E-002, 2.5287508E-002, 1.1770533E-002, 6.9194125E-003, 1.8852798E-002, 9.3975087E-003, 5.5693161E-004, 8.4487145E-003, 3.2527576E-003, 4.4570389E-003, 6.5401335E-025, 5.3942665E-022, 8.6486366E-006, 3.2710576E-007, 2.4019544E-008, 4.6417003E-003, 2.4558525E-003, 1.3745132E-002, 1.0882415E-002, 8.0099581E-003, 1.3493245E-002, 1.4381858E-002, 1.1978520E-002, 7.3067578E-003, 2.0691913E-003, 2.0061470E-003, 7.5838837E-004, 3.7403380E-004
 2.2806135E+002, 3.8107589E-020, 1.1026531E-020, 3.2834169E-023, 3.3474883E-026, 2.5407343E-006, 4.1450780E-007, 1.3058629E-011, 5.5311626E-016, 3.8279327E-002, 5.7993405E-002, 1.8173837E-002, 6.3157009E-002, 5.6078193E-002, 3.6936761E-002, 2.1667192E-002, 2.1195226E-002, 1.9931869E-003, 5.4492886E-006, 3.3396163E-011, 1.1190227E-020, 1.7329360E-024, 1.5535110E-005, 1.7347418E-006, 1.9031001E-011, 1.6610854E-002, 1.6600005E-002, 1.0801551E-002, 3.6058938E-006, 1.8829675E-002, 1.1433425E-002, 1.4597219E-002, 9.8420944E-004, 2.7436450E-002, 2.6216170E-002, 1.9303443E-002, 7.5361488E-003, 1.5658645E-002, 5.4239148E-003, 7.9370414E-004, 7.7652435E-003, 3.7736307E-003, 2.2548921E-003, 1.1072593E-023, 1.4236827E-021, 1.2726883E-005, 9.9667371E-008, 4.5492190E-008, 4.8445029E-003, 2.6225069E-003, 1.4019828E-002, 1.2317851E-002, 7.9497030E-003, 1.3834786E-002, 1.2696079E-002, 1.3279480E-002, 1.0796394E-002, 3.0349942E-003, 1.2773946E-003, 7.3687636E-004, 2.4234337E-004
 2.2906077E+002, 1.8171974E-020, 1.3406917E-020, 1.8103659E-021, 3.4298825E-025, 1.0705864E-006, 1.1067146E-007, 2.1316074E-012, 8.0491374E-016, 5.9770401E-002, 5.0426143E-002, 2.0262441E-003, 6.6344258E-002, 4.8827038E-002, 3.9004576E-002, 2.8882588E-002, 1.1774341E-002, 3.0001777E-004, 1.3787435E-007, 4.3016260E-009, 4.6170335E-020, 3.2402943E-024, 1.2947046E-005, 2.1043606E-006, 1.8726382E-010, 1.6977356E-002, 1.8500353E-002, 1.3952829E-002, 2.1811959E-005, 1.7881650E-002, 1.7632287E-002, 2.1326995E-002, 1.3183931E-003, 2.7071299E-002, 2.6881022E-002, 1.6385011E-002, 8.0897355E-003, 1.5915159E-002, 3.7859276E-003, 1.8381619E-003, 7.6711990E-003, 4.4573088E-003, 3.4408041E-003, 2.0868609E-023, 6.4251725E-022, 5.3550665E-006, 1.2438748E-007, 4.0894406E-008, 4.7683402E-003, 3.8748373E-003, 1.3957964E-002, 1.2279466E-002, 7.6725702E-003, 1.3634891E-002, 1.3022217E-002, 1.1908380E-002, 8.5637643E-003, 1.9927828E-003, 1.0981697E-003, 5.7589557E-004, 2.0952963E-004
 2.3006019E+002, 5.1567959E-021, 6.2961484E-020, 1.8333658E-020, 2.1649223E-024, 2.4996324E-007, 1.3561584E-009, 3.7097404E-010, 1.5614454E-015, 5.8054411E-002, 1.9383749E-002, 1.8222015E-003, 7.4434463E-002, 5.1187836E-002, 3.7271222E-002, 2.6274960E-002, 9.9995836E-003, 2.9485246E-005, 3.8461645E-010, 4.5626335E-009, 5.8373293E-020, 3.7720874E-023, 1.0393921E-005, 6.1705653E-007, 1.5358429E-009, 1.4893648E-002, 2.0630803E-002, 1.7352560E-002, 1.3492193E-004, 1.9659062E-002, 2.0210640E-002, 1.7984151E-002, 7.8834335E-003, 2.7975936E-002, 2.7768264E-002, 8.2836495E-003, 8.7857859E-003, 1.4177520E-002, 6.0957871E-003, 2.2519290E-003, 7.5827534E-003, 4.5482282E-003, 2.8661944E-003, 1.1587464E-023, 7.1981110E-022, 1.6123990E-006, 1.2964733E-006, 2.5523493E-007, 5.5379490E-003, 4.3373419E-003, 1.3108569E-002, 1.2073333E-002, 9.1871059E-003, 1.3603273E-002, 1.2561407E-002, 1.0258449E-002, 7.3396180E-003, 6.4042402E-003, 9.3109158E-004, 7.8209560E-004, 1.0534929E-004
 2.3105961E+002, 3.8868412E-021, 1.5999346E-019, 4.7269447E-020, 2.7984212E-023, 3.1505588E-007, 3.7547265E-007, 1.0662426E-008, 3.9955479E-014, 5.8138303E-002, 9.7008533E-003, 3.4174445E-003, 7.8452802E-002, 4.6175289E-002, 3.6730433E-002, 2.0392933E-002, 4.4139610E-003, 1.8860788E-005, 1.9536345E-010, 9.6206032E-010, 2.4297762E-020, 2.2395584E-022, 3.9501951E-006, 1.0054744E-006, 6.4588421E-010, 1.6124489E-002, 2.1418593E-002, 9.4765871E-003, 1.9170431E-004, 2.0960995E-002, 2.3332289E-002, 2.6055681E-002, 1.3365546E-002, 2.6376938E-002, 2.7734625E-002, 1.1854210E-002, 7.0464903E-003, 1.5459209E-002, 3.6490148E-003, 5.2520964E-003, 7.4284266E-003, 4.2989895E-003, 1.7992180E-003, 8.9948688E-024, 5.1220306E-022, 1.8861233E-006, 2.7598159E-006, 3.5846180E-007, 6.5954279E-003, 4.4101879E-003, 1.2889331E-002, 1.0582870E-002, 9.1623124E-003, 1.4049405E-002, 8.9147141E-003, 1.0267092E-002, 6.6412923E-003, 1.2713555E-002, 1.1577370E-003, 8.7164704E-004, 2.1278466E-004
 2.3205426E+002, 8.8972546E-021, 4.3383409E-019, 7.1311147E-019, 1.5240301E-022, 3.7005531E-007, 4.4473915E-007, 4.4523943E-009, 7.3667358E-009, 5.5384444E-002, 1.4950567E-002, 5.6235212E-003, 7.2272490E-002, 2.7846248E-002, 2.4768801E-002, 2.3802971E-002, 5.8964988E-003, 3.0178654E-006, 7.0361275E-010, 6.3001493E-011, 1.1882560E-021, 4.9972782E-022, 3.2650105E-006, 1.8133412E-006, 3.3387937E-010, 1.7955966E-002, 7.9561119E-003, 2.8276510E-004, 4.5281998E-004, 2.1729979E-002, 2.5387976E-002, 2.5353866E-002, 8.0722974E-003, 2.3507675E-002, 2.6093246E-002, 1.7800203E-002, 5.3231822E-003, 1.5765217E-002, 4.3625357E-003, 4.7420700E-003, 7.4810258E-003, 1.6399765E-003, 2.7442969E-003, 6.5927660E-024, 1.7780800E-021, 1.6987161E-006, 2.7753964E-006, 3.5215457E-007, 6.8146184E-003, 4.7754053E-003, 1.3710925E-002, 9.1305343E-003, 9.5707256E-003, 1.4392125E-002, 1.0671727E-002, 1.1811798E-002, 7.1550310E-003, 1.2873272E-002, 1.3390392E-003, 7.6707351E-004, 2.3576408E-004
 2.3300800E+002, 3.1229496E-020, 4.2409936E-018, 7.2439574E-018, 2.2215885E-022, 8.1143983E-007, 1.4797979E-007, 9.6747055E-007, 7.6375305E-008, 5.0209426E-002, 1.8315355E-002, 4.5015520E-003, 7.3436997E-002, 5.0122717E-002, 4.4342388E-002, 2.9921902E-002, 3.7668645E-003, 2.6260818E-004, 9.4321165E-011, 2.5504233E-012, 1.5477328E-022, 1.1957574E-021, 9.9278044E-006, 5.8905425E-006, 4.0220800E-010, 1.9156934E-002, 5.5884637E-003, 1.1699960E-003, 5.3587031E-004, 2.4235267E-002, 2.3944897E-002, 1.5162324E-002, 2.7759938E-003, 2.3744084E-002, 2.3799068E-002, 1.2541223E-002, 7.8529917E-003, 1.6004118E-002, 4.0331918E-003, 2.9309386E-003, 7.4928154E-003, 1.6614903E-003, 2.1458089E-003, 6.9963664E-024, 1.5692906E-021, 1.2421974E-006, 1.8642777E-006, 1.0321274E-007, 6.9140274E-003, 6.3161058E-003, 1.3823005E-002, 8.5372640E-003, 7.3917882E-003, 1.4358618E-002, 9.2905361E-003, 1.3778664E-002, 1.4598021E-002, 1.2017286E-002, 1.1126904E-003, 7.6816780E-004, 1.8395981E-004
 2.3407653E+002, 4.4765260E-019, 2.4669475E-016, 1.8363783E-017, 1.9617173E-022, 2.5785364E-006, 6.8847135E-006, 4.0707794E-005, 9.1962589E-009, 4.9115903E-002, 1.5062270E-002, 2.6126482E-003, 5.7368704E-002, 4.0975925E-002, 4.6944791E-002, 2.9523172E-002, 7.8068778E-003, 7.9024054E-005, 2.5335092E-011, 1.2521751E-011, 8.0227800E-023, 3.3736727E-021, 1.2767588E-003, 1.9732940E-006, 8.3800898E-010, 2.2874639E-002, 1.5816788E-002, 9.0356256E-004, 5.5382160E-004, 2.7473349E-002, 2.3461644E-002, 5.8714024E-003, 3.4326170E-004, 2.5180849E-002, 2.3115199E-002, 7.0924275E-003, 1.0352661E-002, 1.6343290E-002, 2.7825884E-003, 2.0421798E-003, 6.9855200E-003, 5.5862174E-003, 1.0017282E-003, 2.0100596E-023, 3.6786850E-022, 1.3415035E-006, 2.6621947E-006, 1.2955531E-007, 7.5625738E-003, 6.4116546E-003, 1.2333687E-002, 1.0079751E-002, 6.5312460E-003, 1.2643282E-002, 7.3990182E-003, 1.6215760E-002, 1.4642364E-002, 1.1666471E-002, 1.6857871E-003, 8.2957167E-004, 1.3613265E-004
 2.3503003E+002, 3.6645271E-018, 2.3254790E-015, 4.4885074E-017, 1.4742093E-022, 1.2463987E-005, 1.8444794E-005, 9.9443818E-005, 7.4596825E-011, 4.5545506E-002, 5.1562500E-003, 1.6869038E-002, 5.7305998E-002, 3.7934676E-002, 4.0905611E-002, 8.7901362E-003, 1.1621188E-002, 2.6077602E-006, 1.4296581E-011, 3.3445954E-012, 4.6084242E-023, 1.0705142E-021, 2.1043949E-003, 8.8887409E-008, 2.1190397E-009, 2.2936405E-002, 1.1076468E-002, 1.7524281E-003, 1.7267914E-004, 2.9322083E-002, 2.5981174E-002, 1.1332231E-002, 4.3105990E-005, 2.3172363E-002, 1.7495727E-002, 1.1678028E-002, 1.0325943E-002, 1.1098730E-002, 1.6385952E-003, 1.7952227E-003, 7.3899063E-003, 8.4679085E-003, 1.6583608E-003, 1.2816982E-022, 3.4940904E-022, 1.4519865E-006, 2.8321529E-006, 1.2115002E-008, 7.0245085E-003, 4.2430756E-003, 1.1850426E-002, 1.2150114E-002, 8.0884863E-003, 1.2278670E-002, 1.0149767E-002, 1.6146263E-002, 1.6356739E-002, 1.5205791E-002, 1.7340088E-003, 1.1088761E-003, 1.2431826E-004
 2.3601996E+002, 1.2177438E-017, 4.3182082E-015, 5.8467748E-017, 2.7900166E-022, 1.4534855E-005, 6.2694274E-005, 9.8440298E-005, 8.8322912E-013, 2.9920355E-002, 3.8956235E-003, 3.5973962E-002, 6.2858963E-002, 2.9452606E-002, 3.5991125E-002, 1.4875393E-003, 9.4570441E-003, 2.1979955E-007, 7.8814545E-012, 2.6993809E-012, 2.7266860E-023, 2.6000891E-022, 2.0618820E-003, 4.4500168E-004, 4.6372283E-010, 2.2116319E-002, 1.0652961E-002, 2.9080854E-003, 1.3028813E-004, 2.8794091E-002, 2.7426410E-002, 1.4858620E-002, 3.3956515E-004, 2.2531165E-002, 1.5262347E-002, 1.4278890E-002, 9.0786851E-003, 9.7212657E-003, 1.7538270E-003, 3.0263514E-003, 7.7652665E-003, 7.6652413E-003, 5.0121145E-004, 1.0944628E-021, 8.9600548E-022, 1.5655878E-006, 1.8302016E-006, 4.4682183E-009, 5.5294549E-003, 4.1594071E-003, 1.3290676E-002, 1.3455613E-002, 1.1044629E-002, 1.2425277E-002, 1.0991603E-002, 1.6078945E-002, 1.7943779E-002, 1.4496058E-002, 1.8059812E-003, 1.0018742E-003, 1.2082444E-005
 2.3701648E+002, 1.0810613E-016, 4.0072107E-015, 2.7458476E-016, 1.4542857E-022, 2.0914788E-005, 8.0318057E-005, 7.1881901E-006, 2.0691779E-011, 2.5867707E-002, 3.0353131E-002, 2.7468490E-002, 5.9194399E-002, 3.2139548E-002, 2.4654450E-002, 1.6071937E-004, 2.2521926E-002, 1.5244909E-006, 3.1285650E-011, 4.9008781E-013, 1.7761612E-023, 4.0549075E-023, 5.6977623E-003, 2.3174739E-004, 1.3559300E-011, 2.4880038E-002, 2.2357308E-002, 5.3473885E-004, 5.4689474E-005, 2.6821962E-002, 1.8813780E-002, 2.4264532E-003, 5.1644495E-004, 1.8218564E-002, 1.8782948E-002, 1.3296940E-002, 3.7421797E-003, 1.0262334E-002, 3.2618793E-003, 5.4455033E-003, 8.7803608E-003, 5.2467183E-003, 1.2842663E-004, 1.4522410E-020, 3.9426610E-021, 1.2185562E-006, 2.1116136E-007, 2.2813917E-008, 5.4590828E-003, 5.5721635E-003, 1.3732353E-002, 1.4892187E-002, 1.3527947E-002, 1.2374631E-002, 1.1452421E-002, 1.6029834E-002, 1.5603416E-002, 1.3206062E-002, 2.2074557E-003, 1.4604499E-004, 4.6541489E-005
 2.3801300E+002, 4.1906397E-015, 2.0807556E-012, 1.5189966E-014, 8.4853955E-023, 1.6436814E-005, 7.0389498E-005, 3.4885921E-007, 4.0133892E-011, 3.0648045E-002, 2.6551054E-002, 1.9087393E-002, 7.7228002E-002, 2.9502840E-002, 1.7438031E-002, 8.2904670E-005, 3.1228807E-002, 5.8521135E-007, 5.3967985E-008, 1.8003673E-014, 1.1177431E-023, 2.0360856E-023, 7.2842739E-003, 6.0404543E-006, 1.1046448E-009, 2.8720019E-002, 1.7530247E-002, 4.5710736E-004, 5.1586984E-005, 2.5117649E-002, 2.1398780E-002, 1.2864038E-003, 4.4253562E-004, 1.8550496E-002, 2.4183090E-002, 4.3589262E-003, 9.6253339E-004, 1.4244490E-002, 5.1958179E-003, 8.8115545E-003, 9.8542355E-003, 1.4649358E-003, 3.9527400E-004, 6.5538273E-020, 2.0098323E-021, 1.6404920E-007, 4.9859559E-007, 1.0659227E-007, 6.4213913E-003, 4.8790132E-003, 1.3795610E-002, 1.6257688E-002, 1.3766630E-002, 1.3261745E-002, 1.2751356E-002, 1.5910747E-002, 1.5083518E-002, 1.2516307E-002, 2.3639568E-003, 5.7453362E-005, 1.5417722E-003
 2.3900952E+002, 2.2671363E-014, 2.7833393E-013, 8.0181917E-015, 9.7840576E-022, 2.2596066E-005, 3.3445256E-005, 1.6141111E-006, 3.7141779E-011, 4.3217436E-002, 4.5230779E-002, 3.8841109E-002, 9.8296735E-002, 3.4495476E-002, 3.5895556E-002, 2.4776074E-003, 1.9596148E-002, 2.4180615E-008, 7.8225417E-007, 1.2850753E-015, 6.3413991E-024, 3.5528587E-023, 4.9216604E-003, 5.7653051E-008, 3.8520722E-009, 2.9079525E-002, 1.5470515E-002, 2.1714519E-004, 8.4640046E-005, 2.4553433E-002, 2.3119603E-002, 2.1402184E-003, 1.6252291E-003, 2.3042059E-002, 2.6105176E-002, 6.9264622E-003, 1.9459523E-003, 1.8462984E-002, 1.3986720E-002, 1.2031745E-002, 1.0039105E-002, 8.2836188E-004, 3.8317966E-004, 4.4375427E-020, 2.1667469E-022, 3.1089169E-007, 3.5164499E-007, 8.7540968E-009, 7.2410051E-003, 4.4145064E-003, 1.4693828E-002, 1.5919946E-002, 1.1362895E-002, 1.4128568E-002, 1.1340429E-002, 1.5666917E-002, 1.5267536E-002, 1.3335276E-002, 2.3206021E-003, 1.9980555E-004, 6.7337618E-003
 2.4000604E+002, 6.0517926E-013, 6.1375869E-013, 1.7914013E-016, 5.3674319E-022, 3.0181806E-005, 3.0825358E-005, 1.5450601E-006, 7.0753002E-010, 6.6556975E-002, 4.5957668E-002, 4.7667758E-002, 1.3466036E-001, 5.7657699E-002, 1.9488408E-002, 5.1680159E-003, 2.8735909E-002, 4.8100663E-008, 6.9496154E-007, 9.3916933E-016, 4.3685928E-024, 6.4292977E-023, 4.9870172E-003, 1.8109625E-008, 1.0626275E-009, 2.8959699E-002, 5.7631685E-003, 3.8740216E-004, 4.8728610E-004, 2.6168825E-002, 1.9914676E-002, 5.6298891E-003, 8.0290954E-003, 2.5523482E-002, 2.6569417E-002, 1.0558063E-002, 3.8487509E-003, 2.2805678E-002, 2.1968985E-002, 5.8659510E-003, 1.0047672E-002, 3.7247857E-003, 2.6597664E-004, 1.0999514E-020, 2.5244726E-022, 2.6510168E-006, 1.3503666E-006, 3.7301549E-011, 7.8024289E-003, 6.1493785E-003, 1.6474208E-002, 1.5592614E-002, 4.0295910E-003, 1.6911782E-002, 1.1538408E-002, 1.5669859E-002, 1.1898620E-002, 8.7618317E-003, 2.2958513E-003, 8.0306596E-004, 6.8641905E-003
 2.4100256E+002, 1.3377064E-011, 7.1957705E-013, 4.2975073E-017, 1.2650105E-022, 4.0947801E-005, 1.4695591E-005, 1.6954195E-006, 4.9564016E-010, 6.9722164E-002, 5.2918461E-002, 3.0574624E-002, 1.5343931E-001, 2.6726275E-002, 2.2376458E-002, 5.5656260E-003, 5.7490876E-002, 1.0766817E-007, 1.3864550E-004, 4.4013995E-015, 6.2851786E-024, 8.2442689E-023, 2.6017467E-003, 3.4963449E-007, 1.8050708E-008, 2.8038367E-002, 1.1384688E-002, 1.5104337E-003, 9.3510406E-004, 2.6440760E-002, 1.7346980E-002, 8.0557708E-003, 4.3858826E-003, 2.5194122E-002, 2.2035701E-002, 8.7480658E-003, 3.5068881E-003, 2.3056691E-002, 1.7093588E-002, 3.3058025E-003, 1.0341754E-002, 7.4311309E-003, 1.2235956E-003, 2.4578226E-021, 1.3200343E-021, 2.7557447E-006, 4.3954049E-007, 2.6902321E-011, 8.1552120E-003, 9.4467045E-003, 1.6162954E-002, 1.2668617E-002, 2.3848667E-003, 1.7441476E-002, 1.5642806E-002, 1.6035357E-002, 9.0341686E-003, 2.6302550E-003, 2.7016267E-003, 3.8131426E-003, 7.5570869E-003
 2.4206926E+002, 9.3388998E-012, 4.0907618E-015, 4.0087964E-018, 2.1732966E-023, 4.5386261E-005, 8.6076514E-004, 4.4825585E-007, 2.2199756E-009, 5.8317889E-002, 4.8952558E-002, 1.1165958E-002, 9.0789695E-002, 1.1245320E-002, 2.2918159E-002, 1.1493926E-002, 6.3292902E-002, 1.6453674E-006, 4.7998392E-004, 3.4492218E-014, 1.9668684E-023, 4.1808372E-023, 4.1872718E-004, 5.7101465E-007, 1.5712974E-008, 2.5801606E-002, 1.1768521E-002, 2.8737618E-003, 1.2538405E-003, 2.1613208E-002, 1.8914054E-002, 9.6816771E-003, 1.1107685E-003, 2.2559412E-002, 1.7565364E-002, 5.4944715E-003, 3.6810143E-003, 2.2285061E-002, 1.3368562E-002, 5.9552302E-004, 1.1160928E-002, 7.9795977E-003, 5.3373653E-004, 6.8322915E-022, 1.7350828E-021, 2.4109851E-006, 2.0402794E-008, 3.5696755E-012, 8.1562093E-003, 1.0901983E-002, 1.5535931E-002, 7.3648298E-003, 1.3675527E-003, 1.7790279E-002, 1.6062098E-002, 1.6128391E-002, 9.9160307E-003, 2.6562434E-003, 3.7678452E-003, 7.3196769E-003, 8.7202759E-003
 2.4304708E+002, 4.6384871E-013, 2.7137523E-016, 3.4869001E-019, 1.5420896E-024, 4.3156332E-005, 2.2940220E-003, 8.9516762E-007, 1.6223319E-009, 3.4578831E-002, 4.4782664E-002, 1.2493749E-002, 8.0394316E-002, 1.7364866E-002, 9.3040041E-003, 4.2232413E-003, 4.2475854E-002, 1.9314157E-003, 5.2563727E-004, 4.2368123E-014, 1.0693545E-023, 9.8717975E-024, 2.0974113E-004, 1.4328641E-005, 5.2219171E-009, 2.5453330E-002, 1.1077665E-002, 1.1668588E-003, 1.6377988E-003, 2.2594648E-002, 1.9327200E-002, 1.1711189E-002, 3.1697890E-003, 2.5745597E-002, 2.5923757E-002, 9.9736419E-003, 5.4758287E-003, 2.0684626E-002, 6.4510807E-003, 5.4984922E-004, 1.1452873E-002, 5.8936352E-003, 9.4764731E-004, 5.2113035E-022, 3.3819384E-022, 2.4741363E-006, 8.1415479E-009, 2.9756559E-012, 9.0667592E-003, 1.1301722E-002, 1.5367272E-002, 5.7011985E-003, 2.6494259E-003, 1.7734612E-002, 1.7038106E-002, 1.6022557E-002, 1.2793722E-002, 2.4834963E-003, 4.5892152E-003, 8.5441473E-003, 8.9183346E-003
 2.4402489E+002, 2.6109634E-013, 4.8920808E-017, 8.3744236E-020, 3.0827843E-025, 4.6257498E-005, 3.5745932E-003, 3.1546729E-005, 1.2427104E-011, 3.8706663E-002, 5.2585115E-002, 1.1146124E-002, 8.5386601E-002, 3.8078085E-002, 1.1184761E-002, 2.7716475E-004, 4.9233644E-002, 6.3051763E-003, 4.0742946E-004, 1.4168425E-014, 4.4092464E-024, 2.5370475E-023, 5.8354801E-004, 1.3335777E-004, 4.0019358E-008, 2.6944601E-002, 1.4677452E-002, 2.8918782E-003, 2.2584210E-003, 2.3927675E-002, 1.8181083E-002, 1.0810454E-002, 2.0412183E-003, 2.8787668E-002, 2.6615350E-002, 1.3326008E-002, 5.9179627E-003, 1.6686410E-002, 3.1216026E-003, 1.9703710E-003, 1.1500306E-002, 4.8942736E-003, 1.4609377E-003, 4.0526425E-022, 1.2146726E-022, 7.8480106E-006, 7.0712581E-007, 2.3261317E-011, 9.7359062E-003, 1.1935372E-002, 1.4049094E-002, 6.3337304E-003, 2.1571072E-003, 1.7641339E-002, 1.4720017E-002, 1.6231642E-002, 1.4913189E-002, 1.8680263E-003, 5.1343251E-003, 1.0584828E-002, 1.0091711E-002
 2.4505107E+002, 2.7548944E-014, 9.5583804E-017, 2.8831313E-019, 3.7560860E-024, 1.7478023E-004, 3.3704752E-003, 1.8361385E-004, 1.2013670E-008, 5.1174331E-002, 4.6423480E-002, 3.5733650E-003, 9.9859211E-002, 4.6566085E-002, 2.9683223E-002, 4.9672567E-004, 5.9073666E-002, 2.9739240E-003, 1.3094067E-005, 3.0118464E-015, 2.3930578E-024, 5.7990123E-023, 2.8156632E-004, 1.2604514E-003, 2.5314958E-008, 2.6412456E-002, 1.8235563E-002, 1.4508811E-002, 4.4831224E-003, 2.3769809E-002, 1.8275424E-002, 1.3856000E-002, 2.6869920E-003, 2.9105971E-002, 2.0367137E-002, 1.1636196E-002, 9.4925369E-003, 1.8996317E-002, 7.9832171E-003, 3.2705174E-003, 1.1003192E-002, 6.2811692E-003, 1.4810459E-003, 5.5981328E-022, 1.4498903E-022, 7.8045334E-006, 5.0308039E-007, 9.6765419E-012, 9.4388031E-003, 7.1870464E-003, 1.2000994E-002, 8.3793577E-003, 1.8124814E-003, 1.7820475E-002, 1.3440901E-002, 1.5302469E-002, 6.8783949E-003, 2.4130258E-003, 6.2415158E-003, 1.2415945E-002, 1.1204681E-002
 2.4601643E+002, 1.1486966E-014, 1.4773093E-016, 6.6249219E-020, 1.5087652E-022, 1.9890525E-003, 3.0040284E-003, 9.9541798E-005, 1.6011563E-008, 5.3267301E-002, 4.0125858E-002, 8.8071060E-003, 1.0808067E-001, 4.3382928E-002, 3.8187990E-002, 8.4348483E-003, 5.3534185E-002, 1.0057439E-002, 1.4493061E-007, 3.0196866E-010, 3.7832405E-024, 1.3938635E-023, 1.1529773E-004, 8.6591008E-004, 2.9181032E-008, 2.4643940E-002, 2.1912064E-002, 1.5386602E-002, 4.2942403E-003, 2.4066745E-002, 2.4156096E-002, 2.0241406E-002, 3.7309304E-003, 2.8035540E-002, 1.9849205E-002, 1.2786223E-002, 1.3824494E-002, 2.4539640E-002, 1.9076819E-002, 8.0053001E-003, 1.1419348E-002, 9.0002440E-003, 2.1071455E-003, 9.0614171E-022, 2.8100150E-023, 6.3627710E-006, 1.3276968E-008, 2.9506680E-011, 1.0311996E-002, 2.1544135E-003, 1.2890629E-002, 6.9350405E-003, 3.1338936E-003, 1.8555593E-002, 1.8167900E-002, 1.3993728E-002, 1.8536531E-003, 3.4461343E-003, 1.0393570E-002, 1.2565016E-002, 1.1766590E-002
 2.4707609E+002, 1.5936846E-014, 2.3559760E-016, 8.5529393E-020, 5.5424705E-021, 5.9169235E-003, 3.1387986E-003, 2.8711049E-006, 5.9063165E-007, 5.3083007E-002, 2.4115068E-002, 2.8302745E-002, 5.9279365E-002, 3.9846310E-002, 5.1408547E-002, 1.0360510E-002, 5.0902629E-002, 1.2348272E-002, 8.4257929E-007, 9.8486442E-009, 7.7348039E-024, 2.5335649E-024, 1.1944477E-003, 4.2064380E-004, 2.4353866E-008, 2.4291008E-002, 2.4492574E-002, 1.8627287E-002, 9.1688903E-004, 2.5136149E-002, 2.5911574E-002, 2.5688962E-002, 3.4572615E-003, 3.2727762E-002, 2.9306890E-002, 1.9422802E-002, 1.0563268E-002, 2.7517425E-002, 2.1498472E-002, 7.8668217E-003, 1.2137242E-002, 9.2981169E-003, 1.6424930E-003, 1.5120888E-021, 1.4213034E-023, 1.7443034E-005, 1.1818128E-008, 1.8117671E-010, 1.1557917E-002, 2.0756604E-003, 1.0721031E-002, 5.8918248E-003, 2.9636032E-003, 1.9209113E-002, 1.4586908E-002, 1.4987810E-002, 4.1720702E-003, 2.6605877E-003, 1.1292384E-002, 1.2129914E-002, 1.2341786E-002
 2.4800811E+002, 1.7676401E-014, 2.3530288E-016, 4.2866168E-019, 6.2487668E-020, 6.4146689E-003, 5.0459130E-003, 3.4463986E-007, 3.6430384E-006, 5.1635776E-002, 5.5203030E-002, 4.2076552E-002, 4.7559359E-002, 4.3688029E-002, 5.7416210E-002, 1.8425034E-002, 5.3934072E-002, 3.7064521E-003, 2.2617889E-008, 8.9402430E-009, 4.2544036E-024, 1.0188453E-023, 2.8433534E-003, 3.5975149E-004, 3.1742419E-008, 3.0780824E-002, 2.4590962E-002, 1.7286181E-002, 6.0380543E-005, 2.6363495E-002, 2.8210157E-002, 1.4085240E-002, 3.0937712E-003, 3.4435472E-002, 3.3195171E-002, 1.8709300E-002, 6.9432848E-003, 2.8178650E-002, 1.6367732E-002, 4.9830253E-003, 1.2187937E-002, 4.5126847E-003, 1.6157587E-003, 1.5252488E-021, 6.5403431E-024, 2.6226314E-005, 3.3932072E-007, 1.5860713E-009, 1.3105927E-002, 1.3383257E-003, 1.2922453E-002, 5.7501274E-003, 2.3144947E-003, 2.0098929E-002, 1.1647155E-002, 1.6242716E-002, 1.2974017E-002, 2.1364202E-003, 1.0507247E-002, 1.1745189E-002, 1.0416513E-002
 2.4906838E+002, 3.9216537E-014, 2.8516700E-016, 4.1275094E-019, 1.8242614E-019, 5.6782830E-003, 6.5008218E-003, 1.2498356E-006, 2.2848978E-005, 5.0115167E-002, 5.2977786E-002, 5.3164839E-002, 5.2659985E-002, 4.3018177E-002, 5.8101797E-002, 2.8631990E-002, 5.3360895E-002, 5.9244283E-005, 1.0579679E-009, 5.2037094E-010, 1.0242512E-024, 3.2990059E-023, 2.5658081E-003, 3.8326357E-004, 3.5270581E-008, 3.1478480E-002, 1.5814976E-002, 2.9303927E-003, 1.9137533E-005, 2.7769069E-002, 2.9525064E-002, 8.9054801E-003, 1.5421679E-003, 3.4865964E-002, 2.8553169E-002, 1.3910085E-002, 7.6911943E-003, 2.5146275E-002, 9.4879903E-003, 2.8085796E-003, 1.2230738E-002, 3.4440469E-003, 8.8055695E-003, 4.6438277E-022, 2.0326552E-024, 2.4811095E-005, 3.7070369E-007, 2.8401390E-009, 1.3105915E-002, 3.9361580E-003, 1.2984195E-002, 8.7675439E-003, 6.6156721E-003, 1.7593609E-002, 1.1040746E-002, 1.7241242E-002, 1.6007984E-002, 3.1747958E-003, 9.8225066E-003, 1.1711209E-002, 3.5880869E-003
 2.5003227E+002, 3.8739589E-014, 1.1665675E-016, 8.3724022E-018, 1.7997916E-019, 8.2447562E-003, 5.8622577E-003, 2.4487763E-006, 6.1119089E-004, 5.1645340E-002, 4.3343508E-002, 8.3969978E-003, 5.5168425E-002, 3.7601642E-002, 5.5510290E-002, 1.7190297E-002, 6.1021792E-002, 2.6680424E-004, 3.2787237E-009, 1.4171351E-010, 3.6693806E-024, 2.4479930E-022, 2.2594477E-003, 3.0562252E-004, 6.0833168E-008, 2.9150174E-002, 2.6663624E-002, 4.9340790E-004, 2.2747236E-005, 3.1864388E-002, 3.3714406E-002, 8.4676103E-003, 3.3313377E-003, 2.7345765E-002, 2.0961315E-002, 9.1758437E-003, 1.0798372E-002, 2.2514581E-002, 1.0258381E-002, 1.3201988E-003, 1.3452028E-002, 6.7240255E-003, 1.1042285E-002, 2.1525967E-022, 3.7488701E-024, 1.9845344E-005, 1.2477376E-007, 1.9722880E-009, 1.0809133E-002, 3.4956417E-003, 1.3495713E-002, 1.1993868E-002, 7.5918200E-003, 1.6087385E-002, 1.1912487E-002, 1.7537204E-002, 1.3847712E-002, 2.9156151E-003, 9.1034055E-003, 1.0358979E-002, 6.3900549E-003
 2.5109254E+002, 1.2148616E-014, 2.4382404E-016, 1.6543414E-016, 1.1088657E-018, 7.6533526E-003, 1.6160853E-003, 7.1327460E-004, 1.6249522E-004, 5.1518264E-002, 5.2403550E-002, 8.7047428E-003, 6.8213159E-002, 6.0562859E-002, 6.7585064E-002, 3.8233865E-003, 6.5648934E-002, 6.7542069E-004, 5.6428359E-009, 1.4878261E-011, 4.0695292E-023, 2.7036563E-022, 2.6542813E-003, 4.9595281E-004, 2.1516200E-008, 2.7702115E-002, 3.2213043E-002, 1.9877570E-003, 2.7087720E-004, 3.3335910E-002, 3.0157550E-002, 1.9523775E-002, 8.3381465E-003, 2.5799082E-002, 2.4431510E-002, 1.1171683E-002, 8.2263090E-003, 1.9054509E-002, 1.4103881E-002, 1.3608239E-003, 1.4463163E-002, 1.4670190E-002, 1.2572772E-002, 1.1572390E-022, 1.0294568E-023, 1.6164804E-005, 3.4299502E-009, 9.6133039E-010, 6.6298817E-003, 6.6010553E-003, 1.2151757E-002, 1.1958883E-002, 9.0255134E-003, 1.6588239E-002, 1.3653209E-002, 1.8202310E-002, 1.3537361E-002, 6.4969661E-004, 9.0721537E-003, 6.8388429E-003, 3.7719143E-003
 2.5205642E+002, 2.6105067E-015, 8.1122733E-016, 7.7561661E-015, 1.1273755E-018, 4.8544072E-003, 1.5784652E-003, 2.1194602E-003, 8.2516055E-005, 5.0741736E-002, 4.3098025E-002, 3.2873094E-002, 8.1606532E-002, 7.1729580E-002, 5.0494218E-002, 6.4698951E-004, 4.4191715E-002, 3.4289650E-004, 2.4929502E-009, 8.2591912E-014, 5.8996315E-022, 2.9835311E-022, 4.7972082E-003, 1.3967607E-003, 1.1297226E-007, 2.8336249E-002, 1.4759013E-002, 1.5820708E-003, 1.3305475E-004, 3.2284982E-002, 2.2644116E-002, 2.4873042E-002, 9.5427452E-003, 2.6639726E-002, 2.5807608E-002, 1.7606269E-002, 7.4128794E-003, 1.9268593E-002, 1.5540297E-002, 2.4150882E-004, 1.4764607E-002, 2.0534846E-002, 1.1012766E-002, 7.8443896E-023, 2.1209594E-023, 9.8821132E-006, 6.2537183E-009, 7.5816320E-010, 6.7382558E-003, 5.9223447E-003, 1.0848494E-002, 1.0955662E-002, 7.6925103E-003, 1.6801832E-002, 1.4521856E-002, 1.8009453E-002, 1.1614445E-002, 6.5924339E-004, 9.5410423E-003, 7.3588248E-003, 9.0371188E-004
 2.5302030E+002, 2.7853675E-016, 3.0204854E-015, 6.7637952E-014, 2.1693796E-018, 5.1407549E-003, 1.7878852E-003, 4.0872040E-003, 2.5188540E-004, 4.7531458E-002, 4.3567499E-002, 4.2843167E-002, 8.9061182E-002, 6.4000152E-002, 4.9015827E-002, 1.5077726E-003, 1.7692733E-002, 7.3400739E-004, 2.2541897E-009, 5.7774972E-015, 8.1321528E-021, 3.6491561E-021, 7.2028125E-003, 1.5358859E-003, 5.9146794E-008, 3.3894188E-002, 1.9784458E-002, 3.2273176E-003, 3.2731431E-006, 2.9776402E-002, 1.8773479E-002, 2.4880993E-002, 4.7596352E-003, 2.8240543E-002, 3.7537022E-002, 2.5475159E-002, 1.2994626E-002, 2.3828298E-002, 8.3835120E-003, 1.3614400E-004, 1.5515275E-002, 1.9543166E-002, 7.2700176E-003, 1.7054268E-022, 2.0519324E-023, 1.8712050E-006, 3.0445954E-008, 1.4453170E-009, 7.1855005E-003, 3.7763627E-003, 1.2481406E-002, 1.0627332E-002, 9.7857604E-003, 1.5982543E-002, 1.2318264E-002, 1.7451011E-002, 1.9485397E-003, 1.0222797E-003, 9.7958282E-003, 9.1858096E-003, 2.7957019E-004
 2.5400727E+002, 1.5158206E-017, 2.0248654E-015, 1.2288560E-014, 1.3718402E-018, 6.7030655E-003, 2.3124761E-003, 2.5625016E-003, 6.1843467E-006, 4.0793203E-002, 3.4945708E-002, 2.3812359E-002, 9.0961321E-002, 7.2382652E-002, 3.9205889E-002, 4.4657976E-003, 1.4820662E-002, 2.2262444E-003, 9.4751471E-008, 1.8843064E-014, 1.1616664E-019, 4.8657971E-020, 7.0535791E-003, 3.5564376E-004, 1.1028859E-007, 3.3842503E-002, 1.7135671E-002, 2.4531766E-003, 1.5583537E-005, 2.9039891E-002, 2.2942619E-002, 2.4591386E-002, 6.9437826E-003, 3.3149054E-002, 3.2712162E-002, 3.2812979E-002, 1.1200080E-002, 2.5313644E-002, 1.0389236E-002, 2.2295185E-004, 1.6086380E-002, 1.1844645E-002, 1.9833049E-003, 3.3957219E-022, 1.1175725E-023, 5.9780169E-007, 6.9757911E-008, 6.3176252E-009, 6.9481091E-003, 3.4004627E-003, 1.3279650E-002, 1.3733600E-002, 7.2982448E-003, 1.5531872E-002, 1.1324900E-002, 1.7648061E-002, 1.3148675E-003, 1.3828596E-003, 9.4347714E-003, 9.6329374E-003, 1.3958759E-003
 2.5501733E+002, 5.1786091E-018, 1.1465058E-015, 8.5034436E-015, 8.8177578E-019, 8.3317519E-003, 4.7295981E-003, 1.7932215E-003, 1.8850971E-006, 4.2089797E-002, 3.2439853E-002, 2.5356488E-002, 8.2928301E-002, 7.4024340E-002, 3.6645561E-002, 4.4633990E-003, 2.6579842E-002, 2.7714148E-003, 3.5770070E-004, 2.6608504E-014, 1.0898290E-018, 2.6901104E-019, 5.7274723E-003, 9.3849202E-005, 2.9962202E-008, 3.3531946E-002, 1.1232136E-002, 1.9532688E-003, 1.0682215E-005, 2.6889461E-002, 2.6805520E-002, 2.4482452E-002, 7.1557233E-003, 3.0333882E-002, 2.8475801E-002, 3.0531443E-002, 1.5889076E-002, 2.3400649E-002, 1.7533374E-002, 1.5198625E-002, 1.6326256E-002, 1.2723465E-002, 3.0916871E-004, 4.8161135E-022, 3.5915029E-023, 2.4277260E-007, 2.0349149E-007, 1.8729920E-006, 7.5947818E-003, 3.3097399E-003, 1.6734057E-002, 1.5604098E-002, 4.5955977E-003, 1.5945598E-002, 1.3835104E-002, 1.8229537E-002, 1.9225608E-003, 2.0978819E-003, 9.0188872E-003, 7.9575730E-003, 3.7841218E-003
 2.5603581E+002, 4.3400315E-018, 4.0496814E-016, 5.6673246E-015, 2.8370580E-019, 8.8085913E-003, 7.4239688E-003, 2.1162104E-003, 4.3694915E-006, 5.0623087E-002, 4.3270225E-002, 2.3075279E-002, 7.7258833E-002, 7.9854416E-002, 2.2623095E-002, 1.6421345E-003, 3.6757279E-002, 7.3442301E-004, 2.1314485E-003, 8.7782692E-015, 5.7601338E-018, 6.8765670E-019, 4.2008704E-003, 1.8827827E-004, 2.2009397E-008, 3.3625559E-002, 2.6767973E-002, 7.6881226E-004, 7.8105238E-004, 2.7448206E-002, 2.8626091E-002, 1.4645408E-002, 1.2490387E-002, 2.8772949E-002, 2.6615493E-002, 2.7060557E-002, 1.8907579E-002, 2.4023584E-002, 2.1260055E-002, 2.1343969E-002, 1.5317231E-002, 1.5798022E-002, 1.3409953E-003, 9.3936154E-022, 1.0985290E-022, 4.3619124E-007, 2.6667426E-007, 1.3207794E-006, 1.1102380E-002, 7.3120127E-003, 1.7200889E-002, 1.1995118E-002, 2.2679970E-003, 1.7708721E-002, 1.7167987E-002, 1.8977879E-002, 2.6652681E-003, 2.2331151E-003, 8.9409315E-003, 6.9168157E-003, 4.4604426E-003
 2.5705429E+002, 7.7690653E-018, 7.6919060E-017, 3.2607399E-016, 5.7275933E-020, 1.0606744E-002, 8.9738502E-003, 4.5629957E-004, 3.8573038E-007, 5.0237864E-002, 5.2480735E-002, 1.0727470E-002, 7.0023164E-002, 1.0295657E-001, 1.5248243E-002, 1.2719522E-002, 3.1796277E-002, 7.6087056E-004, 9.9487157E-004, 2.1506921E-014, 1.6209361E-017, 1.3031582E-018, 2.0113078E-003, 1.9444003E-005, 1.7015635E-008, 3.4031819E-002, 3.4571223E-002, 2.4282355E-003, 2.2641398E-003, 2.5685698E-002, 2.6881876E-002, 1.5109184E-002, 1.1387339E-002, 2.8259290E-002, 2.7070533E-002, 2.7551435E-002, 1.8902880E-002, 3.0062543E-002, 2.3541946E-002, 1.4175453E-002, 1.6448871E-002, 1.8436468E-002, 5.7329136E-003, 1.6651776E-021, 7.0821076E-023, 3.9022428E-007, 1.8094496E-006, 5.8177202E-007, 1.2246766E-002, 1.0809809E-002, 1.7874308E-002, 5.6985146E-003, 1.1291280E-003, 1.9405342E-002, 1.6957837E-002, 1.8616523E-002, 3.3972470E-003, 2.5600480E-003, 9.1874034E-003, 6.5390916E-003, 5.1238307E-003
 2.5806350E+002, 6.6718153E-018, 1.0037871E-017, 1.4180145E-017, 2.2737893E-020, 1.2935018E-002, 1.0890357E-002, 5.2736038E-004, 3.4019435E-009, 4.7034954E-002, 5.3962005E-002, 3.0713503E-002, 6.8641117E-002, 9.5357231E-002, 2.8119663E-002, 2.7332381E-002, 3.7510520E-002, 1.7672088E-003, 5.5195645E-005, 4.2237521E-012, 2.5070545E-017, 3.2319173E-018, 1.5892456E-003, 3.5763711E-007, 8.1834567E-008, 3.4580936E-002, 3.0643777E-002, 7.6092589E-003, 2.5015645E-004, 2.7541236E-002, 2.8202321E-002, 2.1771154E-002, 1.1433456E-002, 2.8904976E-002, 3.0784682E-002, 2.9317584E-002, 1.6647414E-002, 3.2654369E-002, 2.3459027E-002, 2.3772194E-003, 1.9102337E-002, 1.7180973E-002, 3.9380524E-003, 1.3022927E-021, 2.2726485E-023, 4.2404939E-007, 3.8865202E-005, 5.0882376E-005, 1.2501977E-002, 1.1522979E-002, 1.8101670E-002, 6.9754459E-003, 3.2339187E-003, 1.7287903E-002, 1.3238849E-002, 1.1301541E-002, 3.0404289E-003, 3.3169200E-003, 9.9971932E-003, 9.1758732E-003, 4.2861339E-003
 2.5908198E+002, 4.4129736E-018, 1.1852217E-017, 1.0561814E-018, 2.5178199E-020, 1.3423857E-002, 1.2757834E-002, 5.1522919E-005, 1.7807404E-009, 4.6139891E-002, 5.2976916E-002, 3.4454810E-002, 7.9760651E-002, 6.7623477E-002, 3.5128661E-002, 1.7864836E-002, 3.4832618E-002, 4.8117943E-004, 5.3188779E-007, 1.8831824E-011, 5.8707068E-017, 1.6302264E-017, 5.7736542E-004, 3.4673079E-007, 1.1630722E-007, 3.4814487E-002, 2.1588946E-002, 8.2263432E-003, 3.9693698E-005, 3.2998382E-002, 2.8983802E-002, 1.9226361E-002, 7.7398913E-003, 3.0634450E-002, 3.3086623E-002, 2.7088342E-002, 4.3429381E-003, 3.0034096E-002, 2.1381099E-002, 2.6528278E-003, 1.9046061E-002, 1.4669405E-002, 5.5303197E-004, 7.2271718E-022, 1.1667254E-022, 1.0996948E-006, 4.4124929E-004, 9.2834538E-005, 1.2894890E-002, 1.2626783E-002, 1.5789907E-002, 1.2506560E-002, 3.0155481E-003, 1.7599013E-002, 1.4328852E-002, 6.5039422E-003, 5.6490176E-003, 3.7006273E-003, 1.0301233E-002, 1.1650398E-002, 4.7141753E-003
 2.6010046E+002, 7.8176388E-018, 8.1520659E-017, 1.5984486E-018, 7.1930692E-020, 1.0871628E-002, 9.1868752E-003, 2.8283452E-005, 2.8677059E-008, 4.7657879E-002, 5.1623662E-002, 4.5320230E-002, 8.7335330E-002, 6.4769216E-002, 4.0085093E-002, 1.4285763E-002, 2.6619112E-002, 6.2590263E-004, 5.3399197E-008, 1.3757256E-007, 8.7422037E-017, 7.6074613E-017, 2.9066438E-004, 4.6408389E-006, 4.3631094E-009, 3.4593251E-002, 1.2928484E-002, 9.7809457E-004, 4.3785694E-004, 3.2799511E-002, 2.9563835E-002, 1.6489302E-002, 1.3564742E-002, 3.0404412E-002, 3.4493749E-002, 1.6778471E-002, 9.8069451E-003, 3.1616605E-002, 2.0004806E-002, 5.4966735E-003, 1.7241003E-002, 1.1854218E-002, 2.6419564E-004, 4.3359961E-022, 1.6936736E-021, 3.9844864E-007, 7.9327116E-004, 2.1626401E-005, 1.3479806E-002, 7.6474116E-003, 1.3733316E-002, 7.2324778E-003, 2.9631303E-003, 2.0756922E-002, 1.3347933E-002, 9.6348358E-003, 1.0660565E-002, 2.4283759E-003, 1.1076470E-002, 1.2217186E-002, 5.0382565E-003
 2.6101709E+002, 7.4370110E-017, 2.6857267E-016, 4.6627408E-018, 2.3897924E-020, 8.8097931E-003, 1.7303178E-003, 1.3329227E-005, 1.0692510E-005, 5.2189806E-002, 5.2109301E-002, 3.8868002E-002, 8.6739625E-002, 7.4732213E-002, 6.9919588E-002, 7.7552382E-003, 1.7737100E-002, 1.0405808E-003, 7.9931228E-008, 1.1398570E-006, 1.0822846E-016, 1.1432269E-016, 4.8220372E-004, 8.1914616E-006, 1.8352996E-009, 3.5164204E-002, 1.0771014E-002, 3.4059023E-003, 1.1579350E-003, 3.0813113E-002, 2.8436329E-002, 1.6991892E-002, 1.6512757E-002, 2.9353346E-002, 3.4573237E-002, 1.6658385E-002, 4.1516410E-003, 3.4825618E-002, 2.7461791E-002, 4.4335686E-003, 1.1615006E-002, 1.1719582E-002, 2.6782000E-003, 2.7787556E-022, 2.9734617E-021, 1.7255573E-006, 2.8407532E-004, 2.8263515E-005, 1.3751534E-002, 4.5661699E-003, 1.2833300E-002, 6.4725216E-003, 2.9061287E-003, 2.2182537E-002, 1.1063923E-002, 1.4342479E-002, 1.1690103E-002, 2.2366505E-003, 1.1757118E-002, 4.5010698E-003, 3.8484730E-003
 2.6203556E+002, 3.3965429E-016, 6.1040374E-016, 4.5596276E-017, 2.9698348E-021, 8.7389987E-003, 1.2708143E-003, 5.0280502E-005, 3.3034885E-004, 5.1724769E-002, 4.6493052E-002, 3.7405081E-002, 1.0457417E-001, 8.5097334E-002, 8.1990575E-002, 8.4591159E-003, 1.3275095E-002, 6.1852117E-003, 1.7572911E-005, 1.0341548E-006, 2.9706156E-016, 2.2575178E-017, 5.6740056E-004, 5.4088521E-006, 1.5927402E-009, 3.6543356E-002, 2.3865270E-003, 7.0923638E-003, 7.6182418E-004, 2.7301021E-002, 2.5639183E-002, 1.7924129E-002, 1.7221717E-002, 2.9420099E-002, 2.4641026E-002, 1.7744359E-002, 2.1434612E-003, 3.3760963E-002, 1.7275029E-002, 2.0078158E-004, 1.1102504E-002, 9.5410347E-003, 7.2150110E-003, 2.2338782E-022, 9.4145969E-022, 7.6700097E-005, 7.9965084E-005, 1.9326446E-006, 1.2457577E-002, 3.7231650E-003, 1.3421257E-002, 9.2304642E-003, 2.6081034E-003, 2.2066948E-002, 1.2115612E-002, 1.5932051E-002, 6.5113690E-003, 2.1928952E-003, 1.2502211E-002, 2.4876456E-003, 3.3458668E-003
 2.6305404E+002, 7.1509623E-016, 3.8865967E-011, 2.1024417E-016, 1.2646896E-021, 1.2663243E-002, 1.2866821E-003, 6.1774591E-004, 4.1171453E-004, 5.2304935E-002, 4.4756965E-002, 4.0854747E-002, 1.2237275E-001, 9.2070133E-002, 3.8879053E-002, 3.4525710E-003, 1.2565768E-002, 1.6739880E-002, 6.3572867E-006, 1.5385043E-007, 5.3430783E-016, 3.5929781E-018, 2.3053756E-004, 8.1738303E-008, 1.1331568E-009, 3.7727502E-002, 2.8849208E-003, 7.2970552E-003, 4.4360046E-004, 2.8205611E-002, 2.7804524E-002, 1.9415007E-002, 1.5586419E-002, 3.2940192E-002, 2.7001194E-002, 1.0946759E-002, 4.4803755E-003, 2.7189456E-002, 3.8353561E-003, 2.7546509E-004, 1.1886213E-002, 8.1577670E-003, 7.6908742E-003, 2.4660762E-022, 2.4820962E-022, 2.0280876E-004, 8.5517427E-005, 2.6787946E-007, 1.0520603E-002, 4.9979455E-003, 1.4710311E-002, 9.5189017E-003, 3.9629904E-003, 2.1743078E-002, 1.1400355E-002, 1.6019307E-002, 5.3371720E-003, 2.4582283E-003, 1.3245878E-002, 5.1430327E-003, 6.3107981E-003
 2.6407252E+002, 1.3330411E-013, 1.0866076E-010, 1.7814116E-016, 1.2702908E-021, 1.4398537E-002, 1.8972604E-003, 1.4206944E-003, 4.5882713E-005, 5.9614656E-002, 5.5297591E-002, 1.4350117E-002, 1.1377459E-001, 8.7216339E-002, 3.4784247E-002, 3.8428098E-003, 1.2692835E-002, 2.0976154E-002, 7.1974701E-006, 7.1156004E-009, 2.4362677E-016, 3.3290296E-019, 3.6020088E-004, 1.9795935E-007, 2.7533235E-009, 3.9179432E-002, 5.4494480E-003, 6.3930455E-003, 4.1580933E-004, 3.0898205E-002, 2.7950037E-002, 4.2800790E-003, 2.0336566E-003, 3.0165983E-002, 1.7436258E-002, 7.9655675E-003, 6.8493562E-003, 1.7562887E-002, 1.0892795E-004, 1.3508158E-004, 1.2266307E-002, 6.3624396E-003, 2.6703655E-003, 2.8532364E-022, 2.9880227E-022, 3.4244071E-004, 4.1387300E-004, 1.0426368E-005, 1.2288491E-002, 3.6717052E-003, 1.8481722E-002, 1.1226564E-002, 4.0326332E-003, 1.9920892E-002, 1.3700376E-002, 1.4917676E-002, 6.0502271E-003, 3.2468526E-003, 1.3377648E-002, 9.6642754E-003, 8.0477162E-003
 2.6507467E+002, 4.5723575E-009, 1.3859814E-010, 4.8001748E-016, 3.3872827E-021, 1.4119268E-002, 4.4621017E-003, 7.9902976E-004, 5.9685191E-006, 6.2193235E-002, 5.6770739E-002, 1.2062847E-003, 7.5425429E-002, 4.8350367E-002, 4.8475773E-002, 3.1890310E-003, 1.2045890E-002, 8.6725983E-003, 2.6411644E-006, 1.6126860E-010, 1.7218223E-016, 5.3881101E-020, 4.5705301E-004, 1.7704015E-007, 3.7329897E-009, 4.2060196E-002, 7.2715448E-003, 6.2212354E-003, 9.4853143E-004, 3.0031502E-002, 2.5577114E-002, 1.2715395E-002, 6.1817408E-004, 2.7170433E-002, 1.8565969E-002, 1.1933425E-002, 8.0542644E-003, 1.4734768E-002, 2.3914456E-004, 2.6720598E-004, 1.2350396E-002, 7.8553668E-003, 5.8353010E-004, 2.9493556E-022, 1.6638724E-022, 1.0847436E-003, 3.5175846E-004, 5.2526371E-004, 1.2182018E-002, 2.7620473E-003, 1.6627997E-002, 1.4571099E-002, 6.8966229E-003, 1.8239449E-002, 1.2549439E-002, 1.5135744E-002, 6.9927934E-003, 3.0030428E-003, 1.3337969E-002, 8.3733479E-003, 6.0212522E-003
 2.6605181E+002, 1.0394650E-008, 1.3374915E-009, 3.9610695E-015, 4.4325275E-020, 1.4295551E-002, 1.0292929E-002, 1.6599740E-004, 7.1208594E-008, 5.7531896E-002, 4.9351506E-002, 1.0871624E-003, 7.1057630E-002, 4.8662897E-002, 4.0863994E-002, 2.9681413E-003, 1.3576161E-002, 3.3747280E-003, 1.9267518E-006, 1.1694794E-010, 1.1059801E-016, 1.8412596E-020, 3.5133004E-004, 1.9428887E-007, 8.4345170E-009, 4.1997337E-002, 1.8082706E-002, 7.6509684E-003, 8.9933258E-004, 2.7354873E-002, 2.8086248E-002, 7.0909245E-003, 3.8581600E-004, 2.8845665E-002, 2.5076315E-002, 1.8695444E-002, 5.3281418E-003, 1.5865487E-002, 1.2389058E-003, 1.4729543E-004, 1.0713923E-002, 8.9765654E-003, 3.1225075E-004, 4.1991549E-022, 9.7926182E-023, 2.0271108E-003, 3.4331235E-004, 1.1552558E-003, 6.9096985E-003, 1.3730874E-003, 1.7487241E-002, 1.6060476E-002, 1.0311152E-002, 1.6659176E-002, 1.3327161E-002, 1.5544350E-002, 7.2989686E-003, 3.8886014E-003, 1.3252326E-002, 9.1537031E-003, 4.8206308E-003
 2.6700072E+002, 1.3408005E-008, 2.1023954E-009, 1.3897204E-013, 7.4349002E-019, 1.5335979E-002, 1.3966646E-002, 6.1515801E-004, 3.9017917E-008, 4.8562549E-002, 1.7507826E-002, 1.1150716E-004, 8.6860647E-002, 5.4810124E-002, 2.1456038E-002, 5.7781546E-004, 1.4775227E-002, 4.8457782E-003, 1.0697779E-007, 7.3828537E-010, 4.7073935E-017, 6.3429058E-021, 2.6275283E-004, 4.9757301E-007, 5.2049652E-009, 3.7401080E-002, 2.3626492E-002, 1.0544315E-002, 1.0132241E-003, 3.0011569E-002, 2.9733989E-002, 4.9470432E-003, 4.2571255E-004, 3.0741611E-002, 2.4490689E-002, 2.1177976E-002, 3.3837484E-003, 1.7443775E-002, 2.2831103E-003, 2.4802865E-004, 1.2082291E-002, 5.7873825E-003, 8.5888090E-004, 4.0855719E-022, 5.8452047E-023, 1.6229840E-003, 1.2117165E-003, 6.9113648E-004, 5.7870027E-003, 2.0256333E-003, 1.8105390E-002, 1.5155687E-002, 8.5614545E-003, 1.7407414E-002, 1.7815309E-002, 1.1933304E-002, 1.0033364E-002, 1.0934246E-002, 1.2926869E-002, 1.1207298E-002, 5.6153363E-003
 2.6804452E+002, 1.0588088E-009, 8.9462509E-010, 3.9352085E-011, 3.5877585E-018, 1.7919624E-002, 1.3376980E-002, 4.0760504E-003, 1.4879158E-004, 3.5043672E-002, 5.4194070E-003, 1.3142355E-004, 8.5321850E-002, 6.3960073E-002, 2.1977989E-002, 8.8307712E-003, 1.6161889E-002, 7.1635566E-003, 1.2377289E-007, 5.8001973E-011, 4.1474150E-017, 2.1938719E-020, 1.3596056E-004, 4.4176043E-007, 5.1368837E-009, 3.5385647E-002, 2.5685003E-002, 9.1948716E-003, 1.8631754E-003, 3.6334242E-002, 1.9500288E-002, 1.0272476E-002, 7.5779262E-004, 3.2643782E-002, 2.6355642E-002, 1.3965527E-002, 3.6979422E-003, 2.2047305E-002, 7.3447870E-003, 2.4360749E-003, 1.3569333E-002, 5.3984836E-003, 9.8543612E-004, 3.5932949E-022, 4.3375093E-023, 6.5658382E-004, 1.3638076E-003, 5.3404771E-005, 6.8413842E-003, 8.2760166E-003, 1.8002578E-002, 1.3036349E-002, 8.4869902E-003, 1.8774038E-002, 1.7735325E-002, 1.0747139E-002, 1.3648311E-002, 1.3470842E-002, 1.1942297E-002, 1.0849267E-002, 1.7566733E-003
 2.6908831E+002, 4.6346526E-010, 8.5065158E-009, 8.0914725E-011, 4.8913924E-018, 2.4420894E-002, 9.1256683E-003, 5.2275039E-003, 1.0908294E-003, 1.3709142E-002, 2.2503852E-003, 5.6647418E-003, 7.6407035E-002, 4.6476015E-002, 2.2709892E-002, 1.5152046E-002, 2.3790263E-002, 1.4958313E-003, 1.2497800E-006, 7.3250199E-013, 1.0826568E-017, 1.8953715E-019, 3.2452258E-005, 1.0578143E-007, 9.0461004E-009, 3.5130589E-002, 2.0287143E-002, 5.1686581E-003, 2.6858433E-003, 3.0510359E-002, 1.4051719E-002, 1.0783267E-002, 1.9620631E-003, 3.1826601E-002, 2.6499729E-002, 1.0441837E-002, 5.5674819E-003, 2.5101060E-002, 1.1577269E-002, 1.0093321E-003, 1.1631622E-002, 5.7871778E-003, 1.0030540E-003, 1.7622985E-021, 2.6260185E-022, 7.2506677E-004, 3.0774991E-004, 2.3822015E-004, 1.1302705E-002, 8.5702035E-003, 1.6956646E-002, 1.3697171E-002, 9.4510575E-003, 1.9227207E-002, 2.0089512E-002, 1.3188840E-002, 1.7868745E-002, 1.3150954E-002, 1.1251832E-002, 1.0886036E-002, 2.0499097E-003
 2.7003722E+002, 1.8085331E-010, 6.9026941E-007, 1.6989312E-011, 4.7287370E-018, 2.7521197E-002, 6.5115321E-003, 1.2898640E-003, 7.5904995E-004, 8.7957919E-003, 1.2313481E-003, 2.0940196E-002, 5.8015025E-002, 5.2976383E-002, 3.1973361E-002, 1.7365763E-002, 2.8952909E-002, 4.1275102E-005, 5.1735046E-007, 2.5131281E-014, 8.6363385E-018, 2.3161220E-019, 8.8680647E-006, 1.2653263E-006, 4.6998891E-008, 3.0911331E-002, 1.8646631E-002, 5.8574133E-003, 8.3941778E-004, 2.1188306E-002, 2.1210584E-002, 1.1188560E-002, 5.2218661E-003, 3.2626541E-002, 1.7132775E-002, 8.0771245E-003, 1.0367021E-002, 2.7226107E-002, 6.6173502E-003, 8.5840699E-005, 1.2195442E-002, 5.4312474E-003, 7.8795054E-004, 3.2087213E-021, 3.3398838E-022, 1.0607456E-003, 3.7219598E-004, 4.9264098E-004, 1.3479128E-002, 8.3381798E-003, 1.7611587E-002, 1.5724647E-002, 1.0772096E-002, 2.1315469E-002, 1.2638834E-002, 1.7998364E-002, 1.7630353E-002, 4.0068887E-003, 1.0672196E-002, 1.1027259E-002, 5.2792873E-003
 2.7108102E+002, 1.1263753E-009, 1.1553781E-006, 4.9021145E-010, 7.3600868E-018, 2.3418698E-002, 6.0462068E-003, 3.0320283E-004, 2.8696027E-005, 1.1985174E-002, 1.9983759E-002, 4.1298689E-002, 7.7648080E-002, 7.0925432E-002, 3.4754378E-002, 4.1863042E-003, 2.4217634E-002, 3.7525079E-005, 1.8244046E-005, 4.4177872E-014, 3.2294707E-018, 6.8634817E-020, 5.0611320E-006, 3.5204417E-006, 1.6778823E-007, 3.3599733E-002, 1.5970545E-002, 7.4561392E-003, 3.1726779E-004, 2.6808922E-002, 2.4782390E-002, 1.2027509E-002, 6.2961518E-003, 3.4962984E-002, 2.1078644E-002, 1.2641759E-002, 4.1739944E-003, 3.1728182E-002, 8.8810337E-003, 3.0587503E-004, 1.3129709E-002, 8.4623386E-003, 8.0409081E-004, 1.5822673E-021, 5.2846841E-022, 1.5399322E-003, 1.0473164E-003, 6.4496704E-004, 1.4596542E-002, 1.2321384E-002, 1.7289765E-002, 1.7980078E-002, 1.4681765E-002, 1.8132514E-002, 8.1253839E-003, 2.1028178E-002, 1.3314476E-002, 1.0969545E-003, 1.0442301E-002, 1.1439037E-002, 4.9035551E-003
 2.7202992E+002, 1.7997236E-009, 2.9914417E-006, 4.9223442E-009, 1.2653156E-017, 1.6422555E-002, 3.1168364E-003, 2.3445534E-004, 1.7763778E-004, 1.5071055E-002, 2.7674336E-002, 2.5329237E-002, 9.4970563E-002, 7.6280780E-002, 2.4282110E-002, 3.8263287E-004, 2.1541370E-002, 1.2429946E-004, 9.5282492E-005, 6.1778350E-014, 7.1121205E-018, 1.0200108E-020, 5.8089588E-006, 1.5908031E-006, 1.4008633E-007, 3.4790031E-002, 3.0402113E-002, 5.8263117E-003, 3.5534504E-004, 2.9621856E-002, 2.5199232E-002, 1.3714771E-002, 8.8181314E-003, 3.6916710E-002, 2.5197931E-002, 1.7062673E-002, 9.6564487E-004, 3.5116468E-002, 1.6240113E-002, 1.9259322E-003, 1.3602803E-002, 4.3565230E-003, 1.6802155E-003, 5.1624201E-022, 2.9973728E-022, 2.1026174E-003, 1.8964925E-003, 1.0656756E-004, 1.4220866E-002, 1.2516689E-002, 1.7053852E-002, 1.7965003E-002, 1.3890608E-002, 1.5016839E-002, 1.1326697E-002, 1.8332527E-002, 2.0904303E-003, 2.1729339E-003, 1.1014960E-002, 1.1614625E-002, 2.8901682E-003
 2.7307372E+002, 3.8886392E-008, 5.7825113E-007, 1.4025982E-008, 6.3683976E-017, 1.3354573E-002, 2.6943183E-003, 3.7213489E-004, 3.9921620E-004, 1.0581233E-002, 2.3477640E-002, 1.1388412E-002, 9.3986917E-002, 5.7407054E-002, 3.3130814E-002, 9.5734581E-004, 2.4827895E-002, 2.6482019E-004, 3.3863511E-004, 1.6484440E-014, 7.4729806E-018, 9.9038422E-021, 2.9920100E-005, 2.2189633E-006, 1.7149418E-005, 3.6714504E-002, 1.9711453E-002, 6.4469200E-004, 4.0956097E-004, 3.1399582E-002, 2.4508977E-002, 1.5166073E-002, 7.7131283E-003, 3.6225635E-002, 2.3686450E-002, 1.2693610E-002, 5.6830643E-003, 3.4192711E-002, 2.1763862E-002, 3.2299182E-003, 1.5901753E-002, 3.4514186E-003, 8.9283136E-004, 1.4217742E-022, 4.1612246E-023, 2.5824908E-003, 2.0229229E-003, 6.0898862E-005, 1.3909106E-002, 1.4312004E-002, 1.8453940E-002, 2.0541462E-002, 7.8868594E-003, 1.5636185E-002, 1.4452435E-002, 1.2501431E-002, 9.2535953E-003, 3.9553151E-003, 1.1069885E-002, 9.5931870E-003, 2.7820723E-003
 2.7402263E+002, 3.5956998E-008, 9.4379428E-009, 6.6002435E-010, 1.8094556E-016, 1.4592767E-002, 3.4790701E-003, 1.0638924E-003, 1.9308400E-005, 1.3216536E-002, 2.6816144E-002, 3.5767004E-003, 7.8642066E-002, 4.7799594E-002, 1.9026056E-002, 7.3276279E-004, 2.2964779E-002, 1.2106509E-003, 1.2820228E-005, 4.4014203E-015, 2.9286591E-018, 7.2845206E-021, 2.9434628E-005, 9.5166644E-007, 6.9157616E-005, 3.3735508E-002, 7.0726109E-003, 7.1985035E-004, 1.1176547E-004, 3.2479407E-002, 2.4268621E-002, 1.5982787E-002, 1.0621250E-002, 3.3953652E-002, 2.8304227E-002, 1.6870897E-002, 1.1535378E-002, 3.1311259E-002, 2.5298111E-002, 4.6538732E-003, 1.2883027E-002, 1.5952593E-002, 1.7787783E-004, 4.6857548E-023, 3.1281547E-023, 2.2567748E-003, 1.6460939E-003, 2.0458556E-004, 1.5609677E-002, 1.8798193E-002, 1.8964752E-002, 2.3545581E-002, 1.2467034E-002, 1.7722821E-002, 1.4825523E-002, 1.4110048E-002, 1.0411837E-002, 2.7033050E-003, 1.0574277E-002, 7.6436796E-003, 2.2060835E-003
 2.7506642E+002, 2.1966697E-009, 6.9071357E-010, 4.2227527E-011, 1.2091146E-017, 1.6533367E-002, 5.2349072E-003, 8.7150100E-004, 4.7333953E-006, 2.1799262E-002, 1.7048211E-002, 7.7805323E-003, 7.9731408E-002, 4.8149011E-002, 7.3170717E-003, 6.7318256E-004, 2.4095053E-002, 1.2974611E-003, 1.5664196E-005, 1.2531068E-012, 9.7134923E-019, 2.3296516E-020, 1.1795265E-005, 5.2618241E-006, 1.3865686E-004, 2.3280166E-002, 8.0352385E-003, 1.0951082E-003, 4.7379361E-005, 3.4148902E-002, 2.4263007E-002, 1.4097171E-002, 7.2275001E-003, 3.6199680E-002, 4.3579933E-002, 3.5461419E-002, 1.3987030E-002, 3.1112488E-002, 2.4113088E-002, 3.9454575E-003, 1.6545131E-002, 1.6926571E-002, 2.6126617E-003, 2.7822294E-023, 1.8362426E-023, 1.4468403E-003, 1.6822285E-003, 2.1744702E-004, 1.5034698E-002, 1.6716011E-002, 2.1186576E-002, 2.5276892E-002, 1.5264505E-002, 1.9003152E-002, 1.2226779E-002, 1.6062857E-002, 1.2285113E-002, 1.1228184E-003, 1.0142141E-002, 8.9333150E-003, 5.0615352E-003
 2.7601533E+002, 9.0208657E-009, 8.6207569E-011, 8.3222140E-014, 6.9610907E-019, 1.6825039E-002, 5.8482095E-003, 1.5582684E-003, 2.7540937E-006, 1.9001630E-002, 1.3391038E-002, 1.6871439E-003, 8.8529088E-002, 4.9070257E-002, 9.1947898E-003, 1.1202032E-003, 2.5432051E-002, 8.2933015E-003, 4.5575214E-005, 4.6324422E-011, 3.9606954E-019, 6.9942988E-020, 1.3991125E-005, 1.6552087E-006, 1.5666620E-004, 2.7460008E-002, 1.9301031E-002, 1.3892500E-003, 4.1552162E-004, 3.3568295E-002, 3.0867940E-002, 1.5900275E-002, 4.8566355E-003, 4.0910043E-002, 5.0637740E-002, 1.8917507E-002, 2.1777437E-003, 3.2104782E-002, 2.3955814E-002, 2.7625903E-003, 2.8609127E-002, 1.6897539E-002, 6.6742643E-003, 1.1292930E-023, 5.8342498E-024, 2.3871335E-003, 3.2683033E-004, 1.9777974E-005, 1.3514391E-002, 6.9428017E-003, 2.2869783E-002, 2.2801265E-002, 1.4216828E-002, 1.9699798E-002, 1.3634182E-002, 1.9469754E-002, 7.4396615E-003, 1.3485559E-003, 1.0143986E-002, 8.9865464E-003, 5.6075839E-003
 2.7705913E+002, 8.5756765E-009, 8.6399823E-013, 6.1177358E-016, 4.7189289E-020, 1.7474643E-002, 2.6473737E-003, 1.8115308E-004, 8.4964126E-009, 2.0258985E-002, 1.8334694E-002, 8.4681047E-004, 8.5613063E-002, 5.5769289E-002, 1.5508527E-002, 1.3595701E-003, 2.4206405E-002, 1.5106929E-002, 7.7868612E-005, 1.8813125E-010, 1.3079144E-019, 7.7639314E-020, 1.4564479E-005, 5.4077370E-005, 1.7846446E-004, 2.9512864E-002, 2.8920909E-002, 3.2433895E-003, 7.5339476E-004, 3.5130989E-002, 3.5377376E-002, 1.2319610E-002, 1.1148032E-002, 4.5866958E-002, 4.3613413E-002, 3.3038957E-003, 9.1806003E-003, 3.4640534E-002, 1.6942672E-002, 3.0063751E-003, 3.0846684E-002, 1.8657158E-002, 8.2331700E-003, 6.2997372E-024, 2.1969425E-023, 2.0675578E-003, 4.5180052E-005, 1.6457109E-007, 1.4676974E-002, 1.1298354E-002, 1.7787124E-002, 1.9610525E-002, 1.3976636E-002, 2.0654866E-002, 1.5512851E-002, 1.9682489E-002, 1.5049152E-002, 1.9152673E-003, 1.1029221E-002, 8.6936877E-003, 5.7957964E-003
 2.7805694E+002, 6.8957936E-010, 2.3375055E-015, 2.0309870E-017, 3.6248361E-021, 1.5084403E-002, 1.9647692E-004, 4.2790108E-007, 2.0292145E-010, 2.3357711E-002, 2.2064738E-002, 2.8598321E-003, 8.4297885E-002, 5.3794901E-002, 1.8460392E-002, 5.2698621E-003, 2.0652092E-002, 1.4143747E-002, 6.9031040E-007, 9.6771896E-009, 7.8712474E-020, 1.9556984E-019, 1.0227402E-005, 3.8672628E-005, 2.8165381E-004, 3.1217256E-002, 2.6133625E-002, 4.1149039E-003, 5.9457052E-004, 3.6091014E-002, 3.3093573E-002, 1.4133683E-002, 8.3542761E-003, 4.7505897E-002, 3.7797849E-002, 5.4630538E-003, 9.6471931E-003, 3.7420870E-002, 6.4196935E-003, 1.3507430E-003, 3.0655822E-002, 1.7744381E-002, 7.4324586E-003, 2.6020515E-023, 1.0065655E-022, 1.3692416E-003, 5.3552139E-005, 5.1133984E-008, 1.6949389E-002, 1.1418649E-002, 1.7715114E-002, 1.7874945E-002, 1.7556763E-002, 2.2248327E-002, 1.5140795E-002, 1.9580238E-002, 1.6146284E-002, 3.1517719E-003, 1.1293452E-002, 9.1815065E-003, 6.1460451E-003
 2.7907294E+002, 7.1544140E-011, 8.7237651E-017, 5.7804230E-019, 2.7323000E-022, 1.3570046E-002, 2.2461031E-003, 6.5946740E-008, 1.2846078E-010, 1.9306134E-002, 4.3911787E-002, 1.0875818E-002, 7.1192830E-002, 6.4419301E-002, 3.2919737E-002, 1.7622533E-002, 1.8874289E-002, 1.6549198E-002, 1.5267995E-006, 9.3725798E-009, 6.0991180E-020, 5.8962826E-019, 1.3846878E-005, 3.5372726E-006, 2.3726387E-004, 3.2196925E-002, 8.1363061E-003, 3.5842289E-003, 2.7204193E-004, 3.3499296E-002, 2.6967282E-002, 2.0131598E-002, 1.2398196E-002, 4.7654227E-002, 4.0165134E-002, 2.3050188E-002, 7.4367799E-003, 3.8398895E-002, 1.2938881E-002, 5.4824857E-003, 2.5504599E-002, 1.7552299E-002, 6.6842189E-003, 3.7986679E-022, 8.3907582E-022, 1.0487627E-003, 8.0697204E-005, 1.0608823E-008, 2.0388193E-002, 7.3574697E-003, 2.0792749E-002, 1.9035153E-002, 1.7369727E-002, 2.2444393E-002, 1.3470109E-002, 2.0804167E-002, 5.7623641E-003, 2.3276319E-003, 1.1161382E-002, 1.0703731E-002, 5.8918384E-003
 2.8003563E+002, 1.9543840E-011, 1.1753286E-017, 3.3698039E-020, 2.0219923E-023, 1.3697109E-002, 3.3927616E-003, 7.0497754E-007, 1.4714086E-008, 1.3428081E-002, 2.9767590E-002, 3.9625862E-002, 5.8993108E-002, 3.8910577E-002, 4.9301471E-002, 3.0402639E-002, 2.3680666E-002, 1.2061140E-002, 1.1416709E-007, 1.2748623E-008, 1.8777343E-019, 3.2996193E-018, 1.0836950E-005, 9.8037016E-006, 7.0081249E-004, 2.8598577E-002, 5.3138554E-003, 6.6082036E-003, 4.8276071E-004, 3.6168659E-002, 2.4412230E-002, 2.7673122E-002, 1.0617221E-002, 5.0369528E-002, 4.7539482E-002, 3.2663339E-002, 6.4339479E-003, 3.8019666E-002, 2.8475338E-002, 4.7711676E-003, 2.6442659E-002, 1.8351195E-002, 3.5701342E-003, 6.3618926E-021, 6.0034843E-021, 1.5601786E-003, 2.6818354E-004, 1.2370192E-008, 2.1540056E-002, 1.7544290E-002, 1.9969361E-002, 1.4402042E-002, 1.5006590E-002, 2.4796551E-002, 1.7288630E-002, 2.1566303E-002, 1.1127256E-002, 1.0455336E-002, 1.0841049E-002, 1.1623844E-002, 6.1837122E-003
 2.8109460E+002, 9.2961578E-012, 8.9260588E-018, 2.0023302E-020, 6.6865290E-023, 1.2805394E-002, 9.4199629E-004, 2.8041124E-007, 1.0435800E-008, 1.0271833E-002, 4.2356194E-003, 5.2164299E-002, 5.9839183E-002, 5.2774984E-002, 5.0627144E-002, 3.7500308E-002, 2.8171731E-002, 2.4075835E-003, 4.1409782E-008, 2.5148722E-007, 1.1265358E-018, 1.9331809E-017, 4.7325063E-006, 4.8044674E-004, 1.5688423E-003, 2.3563205E-002, 1.1957560E-002, 6.7913452E-003, 4.7276495E-003, 3.6951922E-002, 3.5950100E-002, 1.9464633E-002, 1.2916949E-002, 5.2295239E-002, 4.1229361E-002, 2.1649932E-002, 3.4685073E-003, 3.7554958E-002, 4.0773218E-002, 7.0768163E-003, 2.7697422E-002, 1.8447581E-002, 1.0880846E-003, 8.7990017E-020, 8.6282491E-020, 3.0576911E-003, 1.6860851E-005, 2.1037161E-009, 2.1142861E-002, 1.9628128E-002, 2.1985354E-002, 1.1692293E-002, 1.4636819E-002, 2.3818273E-002, 2.3299664E-002, 2.3475823E-002, 1.7749774E-002, 1.0238577E-002, 1.0758812E-002, 1.1430183E-002, 6.7219970E-003
 2.8205730E+002, 5.7494649E-012, 2.4073319E-017, 6.0077150E-019, 6.1900278E-022, 9.3558692E-003, 1.0288724E-003, 6.2178173E-008, 3.5413182E-011, 1.7386998E-002, 3.7345145E-003, 2.9772666E-002, 7.0999878E-002, 4.7813194E-002, 4.9353859E-002, 5.4648946E-002, 2.9337657E-002, 1.9347731E-003, 2.1064009E-008, 3.0079325E-008, 1.8451818E-018, 5.9785514E-017, 3.4310355E-006, 5.7209125E-004, 1.8549860E-003, 2.2637840E-002, 1.8211002E-002, 4.4102676E-003, 1.2804988E-003, 3.9120094E-002, 3.6916649E-002, 2.0212990E-002, 2.7385007E-002, 5.4192711E-002, 3.0035852E-002, 9.8810888E-003, 1.1771223E-003, 4.3392925E-002, 3.4167641E-002, 6.9407469E-003, 2.7480764E-002, 6.8027648E-003, 1.0272600E-003, 6.5290201E-019, 3.8809188E-018, 2.1833729E-003, 5.5920863E-006, 7.0882427E-009, 2.1231765E-002, 1.7159854E-002, 2.1322760E-002, 1.3366842E-002, 1.3154408E-002, 2.3704550E-002, 2.3400808E-002, 2.5367843E-002, 2.0995480E-002, 9.3785328E-003, 1.1878560E-002, 1.2629122E-002, 6.6823450E-003
 2.8301999E+002, 1.7009124E-012, 1.6893808E-016, 4.0525762E-018, 3.9998842E-022, 7.1705415E-003, 2.5211933E-003, 1.0797749E-007, 2.0868514E-008, 2.3829021E-002, 4.0529170E-003, 1.7630373E-002, 6.9475977E-002, 4.2932852E-002, 6.1761847E-002, 6.3161477E-002, 2.4099434E-002, 1.5908786E-002, 3.9878221E-004, 3.4179003E-009, 1.7143289E-018, 2.5601103E-016, 1.3351364E-005, 6.2420158E-004, 3.1420803E-004, 2.3394646E-002, 2.4345154E-002, 6.7938845E-003, 1.3103096E-004, 4.5074981E-002, 3.6908593E-002, 1.8821078E-002, 1.6328607E-002, 5.2771119E-002, 1.7001365E-002, 8.5584325E-003, 3.5017891E-004, 4.7666805E-002, 1.5280236E-002, 6.9920003E-003, 2.3825391E-002, 4.0724073E-003, 1.1391980E-003, 2.0400199E-018, 5.2904099E-017, 2.5336061E-004, 2.0671301E-005, 7.4743197E-009, 2.1604362E-002, 1.9392612E-002, 2.1138952E-002, 1.7004564E-002, 1.4520111E-002, 2.3978882E-002, 2.3980123E-002, 2.2109287E-002, 2.2496976E-002, 1.6173861E-002, 1.2356304E-002, 1.4928328E-002, 6.6894345E-003
 2.8407896E+002, 2.7669969E-012, 5.6688197E-016, 2.0382009E-018, 2.9048807E-023, 2.1903638E-003, 3.7102500E-004, 9.7967095E-008, 4.6005812E-008, 2.7173181E-002, 7.5398313E-003, 3.3738565E-002, 6.3021784E-002, 5.3314263E-002, 8.2839673E-002, 5.0789813E-002, 1.5602939E-002, 3.0145002E-002, 1.6015136E-003, 4.5959137E-007, 5.9911032E-017, 3.2239733E-016, 1.5778161E-004, 7.4253845E-004, 3.3276585E-004, 2.9863144E-002, 2.6492204E-002, 1.1833716E-002, 4.2437425E-004, 4.8137837E-002, 2.8270794E-002, 2.2064959E-002, 1.3778623E-002, 5.3230033E-002, 1.2031830E-002, 4.1801161E-003, 4.7936638E-004, 4.8959097E-002, 2.8653038E-002, 3.1321417E-003, 2.0537818E-002, 1.2046447E-002, 4.0230909E-003, 1.5690011E-018, 1.6147840E-016, 1.3389410E-004, 2.0928177E-006, 7.0284934E-010, 2.2665130E-002, 2.1742213E-002, 2.2342576E-002, 1.2295046E-002, 9.6451606E-003, 2.5603223E-002, 2.4026610E-002, 2.3266266E-002, 1.5061772E-002, 6.4376425E-003, 1.2918583E-002, 1.5671476E-002, 7.2902260E-003
 2.8507932E+002, 2.9913190E-012, 5.4535548E-016, 1.3547019E-018, 9.2330698E-024, 6.0659405E-004, 9.7598271E-006, 7.7178047E-008, 8.8996463E-008, 1.6135115E-002, 2.3407519E-002, 5.9967067E-002, 6.2196472E-002, 6.3696075E-002, 8.4622318E-002, 1.9436011E-002, 2.8828463E-002, 1.1668475E-002, 1.5759094E-003, 2.1398710E-007, 3.1650683E-016, 2.9702145E-016, 4.7273355E-004, 7.1266627E-004, 1.2582762E-003, 3.5416176E-002, 2.7136446E-002, 1.3447910E-002, 1.2114697E-003, 4.5783623E-002, 2.6566753E-002, 2.3560400E-002, 8.3887689E-003, 5.3164157E-002, 1.8322215E-002, 9.0620468E-003, 1.3989843E-003, 4.9384445E-002, 2.7783565E-002, 7.1261170E-003, 1.6928783E-002, 2.1524195E-002, 7.7665816E-003, 1.2608040E-018, 2.6026480E-016, 2.1496838E-004, 4.2572969E-006, 1.3332505E-009, 2.4461615E-002, 2.2737264E-002, 2.3630394E-002, 4.8777911E-003, 2.9801641E-003, 2.6026569E-002, 2.4464981E-002, 2.6563011E-002, 1.1273623E-002, 6.5804151E-004, 1.3899719E-002, 1.3401267E-002, 7.1421570E-003
 2.8600490E+002, 6.4981128E-013, 1.9626945E-016, 8.7271530E-020, 7.9069873E-023, 5.1318769E-004, 9.5372502E-005, 8.9918707E-007, 4.1208513E-006, 2.3692473E-002, 4.4619582E-002, 3.8454406E-002, 6.4940745E-002, 8.7323385E-002, 8.4148411E-002, 3.6927106E-003, 2.4871281E-002, 1.8465408E-003, 9.4798593E-004, 1.3157241E-009, 1.5445568E-016, 4.8871012E-016, 4.4379781E-004, 1.4119349E-003, 1.1295984E-004, 3.8549508E-002, 3.2251114E-002, 1.1720439E-002, 1.7756609E-002, 4.2527665E-002, 2.9575187E-002, 2.8679915E-002, 1.4062227E-002, 3.2952959E-002, 2.0635682E-002, 1.4828667E-002, 6.8913143E-003, 4.9104135E-002, 2.4151345E-002, 2.2257212E-003, 1.2263475E-002, 2.3214758E-002, 5.6603632E-003, 2.9420138E-018, 1.7755289E-015, 1.3562950E-004, 4.5952169E-006, 1.0130175E-009, 2.5232296E-002, 1.8813957E-002, 2.3946418E-002, 1.0417961E-002, 3.7202274E-003, 2.5614149E-002, 2.1552454E-002, 2.5309479E-002, 1.0456113E-002, 6.8237349E-004, 1.4880608E-002, 1.3079992E-002, 7.2959389E-003
 2.8705158E+002, 2.5449183E-013, 2.4376239E-017, 1.6981971E-020, 5.2822228E-022, 9.0366331E-004, 3.3189697E-004, 9.8573787E-007, 3.2792211E-006, 4.0323760E-002, 5.8277822E-002, 5.0951705E-003, 6.8651513E-002, 9.1663388E-002, 6.8465028E-002, 3.5293407E-003, 2.9070505E-002, 3.5593976E-003, 1.0552416E-005, 1.3942512E-011, 1.9994260E-016, 8.9814731E-015, 4.6186155E-004, 8.9049604E-004, 3.1012726E-004, 4.0757388E-002, 3.8218169E-002, 1.0174272E-002, 1.1856104E-002, 4.2750946E-002, 2.9401095E-002, 2.9530346E-002, 2.3875080E-002, 3.9198037E-002, 2.3289464E-002, 1.4035285E-002, 1.4575473E-002, 5.5873169E-002, 3.5793780E-002, 2.6111437E-003, 1.4665775E-002, 2.2681822E-002, 1.4838688E-003, 4.4358260E-018, 6.8979797E-015, 4.3482203E-005, 4.3659783E-006, 1.5277151E-009, 2.5091727E-002, 1.3385605E-002, 2.3199617E-002, 1.6913487E-002, 6.0362091E-003, 2.3777408E-002, 2.2256207E-002, 2.6419824E-002, 1.1500745E-002, 8.1961658E-004, 1.5056590E-002, 1.4404548E-002, 6.5235209E-003
 2.8800311E+002, 4.4926043E-013, 1.1068342E-017, 7.6339950E-020, 1.2518485E-021, 3.4754039E-004, 2.2989126E-004, 7.6530801E-006, 8.6937767E-005, 5.4933915E-002, 4.7074831E-002, 1.2031861E-002, 6.8770912E-002, 8.0919280E-002, 4.3614677E-002, 1.7165374E-003, 2.9608153E-002, 1.9722852E-003, 1.2168088E-007, 4.9493777E-014, 1.3305891E-014, 1.2626077E-014, 1.3805271E-003, 8.5209068E-004, 1.4129562E-003, 4.2383238E-002, 2.9242239E-002, 3.2689395E-002, 4.3740257E-004, 4.1023208E-002, 3.6213494E-002, 2.9104359E-002, 2.4499915E-002, 3.8131651E-002, 2.7009407E-002, 1.3043840E-002, 1.0441756E-002, 5.6767770E-002, 3.7896232E-002, 6.8663502E-003, 1.8573225E-002, 7.0122570E-003, 2.4608339E-003, 1.9846570E-017, 3.7409814E-015, 1.1114710E-005, 1.3643263E-006, 8.8237121E-011, 2.3822009E-002, 7.8289120E-003, 2.2755550E-002, 1.6585767E-002, 7.1626884E-003, 2.3240827E-002, 2.3298464E-002, 2.7964310E-002, 1.2956375E-002, 9.0454244E-004, 1.0981873E-002, 1.1242391E-002, 5.9006907E-003
 2.8904979E+002, 4.0085451E-013, 7.1943011E-018, 3.8775749E-019, 3.0057234E-021, 1.7042342E-004, 2.0093748E-004, 2.0226978E-005, 2.7883417E-004, 5.4884208E-002, 3.3510930E-002, 5.0622915E-002, 6.8906309E-002, 7.1546994E-002, 2.8888954E-002, 1.4071330E-002, 2.4033308E-002, 1.7670780E-004, 4.3260446E-008, 1.2519018E-015, 4.4311613E-014, 5.3476303E-016, 3.4567788E-003, 3.6769663E-003, 1.5245389E-003, 4.7023498E-002, 2.7277605E-002, 1.1405015E-002, 1.8950569E-005, 4.1866520E-002, 4.5857715E-002, 3.3702933E-002, 1.1003808E-002, 3.9904960E-002, 2.9783552E-002, 2.4227548E-002, 1.0441619E-002, 5.6411369E-002, 3.6309505E-002, 1.5833525E-002, 1.8325392E-002, 2.5494986E-003, 3.2628574E-003, 3.8713305E-017, 7.0673578E-016, 1.4330252E-005, 2.2200915E-006, 5.0928967E-008, 2.4458976E-002, 5.2860644E-003, 2.1460019E-002, 1.4095641E-002, 4.5404635E-003, 2.3656308E-002, 1.8139020E-002, 2.7050308E-002, 1.3769254E-002, 2.2922665E-004, 9.3222681E-003, 8.8979386E-003, 4.0521609E-003
 2.9000131E+002, 1.7846873E-013, 4.2434492E-018, 2.1711189E-018, 2.1257981E-020, 6.2197856E-004, 6.3974517E-004, 4.2379695E-005, 5.1317254E-004, 5.3010098E-002, 3.7515533E-002, 4.6498418E-002, 6.8275304E-002, 7.2033902E-002, 2.3760611E-002, 6.6393716E-003, 1.8316435E-002, 2.8592078E-006, 1.1651286E-009, 1.6233985E-016, 6.1819337E-015, 5.0966665E-017, 4.9597255E-003, 4.6746507E-003, 2.6787213E-004, 4.6600983E-002, 2.8062315E-002, 2.1478142E-003, 1.1376616E-004, 5.0051943E-002, 4.5117558E-002, 2.3380164E-002, 2.7664440E-003, 4.4683644E-002, 3.3804611E-002, 2.9818774E-002, 1.1283610E-002, 5.5275076E-002, 3.0708851E-002, 8.1356207E-003, 1.4839045E-002, 4.9702492E-003, 3.5715014E-003, 4.8741194E-017, 2.7348093E-016, 4.0064505E-005, 2.7663220E-008, 6.8896184E-008, 2.6496712E-002, 4.8517274E-003, 2.2611006E-002, 9.1425920E-003, 6.7451867E-003, 2.0802589E-002, 1.9782947E-002, 2.6195187E-002, 1.7557176E-002, 3.3051314E-004, 1.0560157E-002, 1.1818706E-002, 6.1885810E-003
 2.9104799E+002, 1.5855736E-013, 9.9984739E-018, 2.5588933E-017, 2.3743096E-019, 9.4412512E-004, 7.9647115E-003, 3.3923678E-004, 1.2207479E-004, 4.5335184E-002, 2.9633210E-002, 2.2522466E-002, 7.2399510E-002, 8.2550262E-002, 2.7772147E-002, 4.2772891E-004, 1.6209565E-002, 6.6073471E-007, 5.3642210E-012, 1.9234128E-017, 1.8349910E-015, 1.2741060E-016, 5.0598693E-003, 3.1076714E-003, 3.6697600E-004, 4.0095176E-002, 3.2270979E-002, 3.2304105E-003, 1.8711339E-005, 5.2935795E-002, 4.9544978E-002, 2.1662165E-002, 6.4815251E-004, 4.8571655E-002, 4.4230396E-002, 1.0145056E-002, 4.1573158E-003, 5.8519468E-002, 3.1210511E-002, 3.8218723E-003, 1.0692525E-002, 5.0283144E-003, 4.3809404E-003, 1.2867042E-016, 1.3764824E-016, 2.6246993E-005, 2.7487606E-008, 1.3759514E-007, 2.6711306E-002, 5.2880834E-003, 2.2851067E-002, 1.4197289E-002, 7.4388624E-003, 1.7510018E-002, 1.8417129E-002, 2.6523204E-002, 2.0206103E-002, 9.6773552E-004, 1.4185144E-002, 1.3354195E-002, 8.0608027E-003
 2.9209467E+002, 1.0337133E-013, 5.3480808E-017, 9.2331851E-017, 6.1663694E-019, 1.1078702E-003, 1.4353734E-002, 1.6323599E-004, 3.8661586E-006, 4.3370009E-002, 5.2670966E-002, 7.6543553E-002, 8.5161186E-002, 6.8499723E-002, 2.8647594E-002, 9.7468852E-004, 1.4775085E-002, 1.9729593E-007, 7.7722058E-014, 3.0819889E-018, 4.1715273E-015, 1.3113259E-016, 4.0569239E-003, 2.4617404E-003, 8.5682298E-004, 3.9165729E-002, 4.0083477E-002, 1.6565864E-003, 1.6457664E-004, 5.5885444E-002, 4.4514672E-002, 1.6192073E-002, 3.5332011E-004, 4.8900089E-002, 3.4497651E-002, 9.4307331E-003, 5.1652418E-004, 5.6282600E-002, 3.3733884E-002, 3.0200896E-003, 1.0792631E-002, 4.9326193E-003, 5.8083343E-003, 2.9308407E-016, 1.3355393E-017, 4.3804929E-005, 1.0761485E-007, 7.0554844E-007, 2.6725038E-002, 6.9896449E-003, 2.2977235E-002, 1.7449915E-002, 1.4532727E-002, 1.8951067E-002, 1.6037627E-002, 2.7165787E-002, 3.3251657E-003, 2.7732562E-004, 1.6868769E-002, 1.4426136E-002, 8.9403131E-003
 2.9304620E+002, 3.5151082E-014, 2.0604936E-016, 1.4838795E-016, 1.4593662E-018, 3.5616592E-003, 6.7933040E-003, 3.9840999E-006, 9.1633924E-009, 4.0715993E-002, 7.6433219E-002, 8.7628822E-002, 8.2183636E-002, 4.4858211E-002, 2.9762802E-002, 3.0982389E-003, 1.7202068E-002, 1.3299425E-006, 1.2316055E-010, 1.0146582E-018, 1.6106104E-013, 6.6264839E-016, 3.0622823E-003, 7.4505621E-003, 3.6192780E-004, 4.0126861E-002, 4.0852086E-002, 1.3155991E-002, 2.5379301E-004, 5.1286613E-002, 4.7144687E-002, 1.3366646E-002, 2.7044878E-003, 5.1084714E-002, 1.9655160E-002, 3.2714715E-003, 3.8631886E-005, 5.2359285E-002, 1.9582223E-002, 4.1227635E-003, 1.3430020E-002, 5.2319661E-003, 7.9039106E-003, 5.6888136E-016, 4.0261080E-018, 2.4049704E-005, 7.0195283E-008, 1.1633285E-006, 2.1763581E-002, 8.0437943E-003, 2.2583325E-002, 1.6654648E-002, 1.5421374E-002, 2.0861526E-002, 1.8507067E-002, 2.8748287E-002, 3.6145761E-003, 4.5668727E-004, 1.7430064E-002, 1.7877426E-002, 8.4284774E-003
 2.9409288E+002, 1.6268799E-014, 2.9418210E-011, 5.8255706E-016, 7.2383894E-019, 3.9842998E-003, 5.3615301E-003, 6.2508339E-008, 1.1133546E-010, 3.9808329E-002, 8.8262632E-002, 6.6048692E-002, 7.5449323E-002, 6.0779007E-002, 3.0567115E-002, 2.3025936E-002, 1.7642324E-002, 5.1827670E-005, 6.2484520E-010, 2.0897812E-019, 8.0344279E-013, 7.0742512E-014, 3.4295555E-003, 1.4628664E-002, 4.3716011E-003, 4.1528470E-002, 4.0579390E-002, 3.5463318E-002, 6.6865945E-004, 4.5325540E-002, 4.8616909E-002, 1.9568370E-002, 1.7496333E-003, 5.3659810E-002, 2.6253518E-002, 9.8145100E-003, 2.0803670E-004, 5.3540295E-002, 2.6966022E-002, 4.5892400E-003, 1.7632072E-002, 7.5121809E-003, 7.1318186E-003, 7.8056791E-016, 9.2834501E-018, 1.6370652E-005, 4.9578530E-007, 4.7778142E-007, 1.7351579E-002, 9.7038790E-003, 2.2698436E-002, 2.1068762E-002, 1.5639186E-002, 2.5101203E-002, 2.0058531E-002, 2.9471140E-002, 1.3082540E-002, 4.2697716E-004, 1.8923975E-002, 1.6573924E-002, 7.6099239E-003
 2.9504441E+002, 4.6860313E-014, 1.9996788E-010, 1.9520587E-015, 7.0670241E-019, 4.2979696E-003, 4.5878221E-003, 4.6907303E-006, 2.0110219E-006, 4.0630469E-002, 2.8652745E-002, 2.0808925E-002, 7.3758209E-002, 8.2718032E-002, 5.2276274E-002, 4.2049576E-002, 1.9532451E-002, 1.9344373E-003, 4.0796703E-010, 3.2604486E-020, 7.6409249E-013, 5.0198895E-013, 5.9893429E-003, 1.7988054E-002, 9.5702056E-003, 4.2449518E-002, 3.9859594E-002, 2.5283120E-002, 8.7899997E-004, 4.1841163E-002, 3.6363047E-002, 1.8674173E-002, 1.8409717E-003, 5.5959659E-002, 3.6783300E-002, 9.0218269E-003, 4.0171639E-004, 5.1629559E-002, 1.0182036E-002, 2.8964566E-003, 1.8407682E-002, 9.1740299E-003, 3.6968345E-003, 9.3098348E-016, 1.5201071E-017, 1.1761001E-006, 4.0337213E-007, 3.7732383E-008, 2.0612981E-002, 1.2363490E-002, 2.3133051E-002, 1.5500888E-002, 6.6879832E-003, 2.5801312E-002, 2.1839278E-002, 2.9765256E-002, 1.5084569E-002, 1.7799580E-003, 1.9544229E-002, 1.4573926E-002, 8.1141790E-003
 2.9609109E+002, 9.6830445E-013, 1.7139184E-011, 2.7048840E-016, 1.0503736E-018, 4.3835975E-003, 5.4814683E-003, 1.2508813E-004, 1.8797445E-005, 3.2543795E-002, 1.1492450E-002, 1.3970016E-002, 7.6056741E-002, 7.5279538E-002, 7.1901169E-002, 8.8230675E-003, 2.2214394E-002, 1.2537819E-003, 2.0133113E-009, 6.3727655E-021, 1.3422893E-012, 7.9389426E-009, 1.1289498E-002, 1.8955012E-002, 6.4032484E-003, 4.2175136E-002, 2.5164352E-002, 2.0709222E-003, 3.9193574E-004, 3.9427644E-002, 2.9260640E-002, 7.7244574E-003, 1.3136965E-003, 5.5361415E-002, 5.8235234E-002, 3.7767097E-003, 8.0420883E-004, 4.8965052E-002, 3.9389547E-003, 4.9083237E-004, 1.1816865E-002, 9.6505015E-003, 2.6579334E-003, 1.2338610E-015, 8.2297075E-018, 2.1253345E-007, 1.0431612E-007, 2.6969755E-007, 2.4246278E-002, 1.9239870E-002, 2.1585781E-002, 9.0458846E-003, 4.0228362E-003, 2.6173185E-002, 2.0204986E-002, 2.5659958E-002, 1.8183222E-002, 2.4484489E-003, 2.0167868E-002, 1.4881937E-002, 4.0768843E-003
 2.9704262E+002, 1.6585608E-012, 9.1833417E-014, 3.2692292E-017, 2.6664566E-019, 3.7441476E-003, 8.4203555E-003, 4.7012385E-004, 2.3861262E-006, 3.2596803E-002, 6.6425907E-003, 1.9933458E-002, 8.2812318E-002, 5.8012108E-002, 8.2452567E-002, 2.2625617E-003, 2.5084294E-002, 1.1366973E-003, 3.5018873E-007, 1.9610852E-020, 1.5068227E-011, 1.2935178E-007, 1.7131371E-002, 1.8633313E-002, 7.4268714E-003, 4.0313252E-002, 2.7505002E-002, 9.7264965E-004, 1.3247692E-004, 4.1498675E-002, 3.0343153E-002, 1.0638985E-002, 1.9643257E-003, 6.6255226E-002, 3.2997183E-002, 6.4824551E-003, 8.9221861E-004, 4.7206101E-002, 8.9092105E-003, 3.1152486E-004, 1.0812559E-002, 9.5995791E-003, 2.9194210E-003, 1.4475110E-015, 1.8842256E-017, 3.1263700E-008, 3.4496256E-008, 2.3059502E-006, 2.8324859E-002, 1.2970515E-002, 1.4006757E-002, 9.9544931E-003, 7.8783906E-003, 2.6231589E-002, 2.0935616E-002, 1.9169610E-002, 2.0083128E-002, 4.3727676E-003, 1.7554558E-002, 1.4462712E-002, 2.2624425E-003
 2.9808930E+002, 1.4506646E-012, 1.3355167E-015, 4.8726912E-017, 1.8359831E-020, 4.8307574E-003, 6.9546208E-003, 2.7719286E-004, 3.5310396E-008, 4.6094985E-002, 1.9762912E-002, 2.6099072E-002, 9.6233668E-002, 6.1815192E-002, 5.2554327E-002, 4.1292509E-003, 2.6555347E-002, 2.4274999E-004, 4.0986855E-006, 1.4034348E-019, 1.5942870E-005, 4.0591644E-005, 1.5880676E-002, 1.7733268E-002, 1.0397428E-002, 3.8329354E-002, 3.3533104E-002, 2.1930138E-003, 5.5556094E-005, 5.0359615E-002, 4.3652556E-002, 1.5291564E-002, 2.3788111E-003, 6.2047247E-002, 2.1226319E-002, 9.8978625E-003, 5.3582663E-004, 4.0334263E-002, 1.8446549E-002, 2.8669806E-003, 1.1652304E-002, 9.7690667E-003, 3.3700875E-003, 1.4004663E-015, 4.1194464E-017, 5.6062909E-009, 6.6141330E-007, 1.5017013E-005, 2.6850657E-002, 1.2667811E-002, 1.8882416E-002, 1.1917948E-002, 1.0544813E-002, 2.5655221E-002, 2.3592193E-002, 2.0188849E-002, 2.1882508E-002, 6.7396952E-003, 1.5821354E-002, 1.3785333E-002, 2.1042311E-003
 2.9904083E+002, 1.3804502E-013, 3.1042741E-016, 9.1261200E-017, 3.8349382E-021, 5.1117356E-003, 8.0378123E-003, 3.8313995E-004, 6.5525188E-008, 5.0014937E-002, 5.2772537E-002, 4.2779409E-002, 8.9391558E-002, 7.3738483E-002, 4.6970792E-002, 8.1942085E-003, 2.3358537E-002, 1.6112363E-004, 3.6735384E-006, 3.5701576E-019, 6.6905954E-005, 9.6066063E-005, 1.4619581E-002, 7.3888361E-003, 5.4096198E-003, 3.9211085E-002, 4.6363172E-002, 2.0359495E-003, 7.3023445E-005, 5.0169402E-002, 3.7617944E-002, 9.8294675E-003, 4.4510916E-003, 3.9993272E-002, 1.4553866E-002, 8.6097719E-003, 9.2799385E-004, 4.4908666E-002, 2.3505689E-002, 5.7276555E-003, 1.2432243E-002, 1.2058740E-002, 3.5532914E-003, 1.0881988E-015, 5.3432998E-017, 4.4345972E-008, 5.2438152E-006, 2.5857708E-005, 2.4131096E-002, 1.7297109E-002, 2.0976288E-002, 1.4852982E-002, 8.7952766E-003, 2.5469434E-002, 2.7276376E-002, 2.6562557E-002, 2.0164176E-002, 3.9589831E-003, 1.3869471E-002, 1.3058125E-002, 1.4605227E-003
 3.0008751E+002, 1.6766937E-014, 7.4427407E-016, 2.8890832E-017, 5.0956471E-022, 4.9492635E-003, 1.0179976E-002, 1.0695792E-003, 3.1925653E-007, 5.1027432E-002, 5.7208376E-002, 4.4975689E-002, 5.3103564E-002, 5.1858021E-002, 4.9291055E-002, 2.0790524E-002, 1.2750022E-002, 2.6742696E-004, 8.2059910E-004, 1.7758688E-018, 6.1115507E-005, 4.2711968E-005, 1.7243345E-002, 5.3553885E-003, 3.4609388E-003, 4.3385795E-002, 4.1372930E-002, 6.6496011E-004, 4.5387244E-006, 4.9682080E-002, 2.3840389E-002, 1.0092202E-002, 8.3134790E-003, 3.8684274E-002, 1.4348157E-002, 8.5823913E-003, 1.9478325E-003, 4.6712673E-002, 2.8955321E-002, 5.7065109E-003, 1.2254181E-002, 9.4929524E-003, 2.2261750E-003, 6.4620181E-016, 1.8104834E-017, 1.0749392E-006, 6.8040593E-006, 1.9410225E-006, 2.5562529E-002, 1.6581782E-002, 2.3040525E-002, 1.4423530E-002, 8.6708268E-003, 2.7721169E-002, 2.2450897E-002, 2.7237774E-002, 1.6568428E-002, 3.9572206E-003, 1.0184749E-002, 9.2688140E-003, 4.7454499E-003
 3.0103903E+002, 3.4564773E-014, 2.6553960E-015, 4.3418404E-017, 1.6613746E-022, 8.2070253E-003, 8.6161052E-003, 8.4478237E-004, 1.9824807E-008, 5.0013592E-002, 3.0586200E-002, 3.6370135E-003, 2.0316004E-002, 2.0829544E-002, 4.7499870E-002, 3.2985509E-002, 1.8265124E-002, 4.0626275E-003, 5.0630998E-005, 1.5784405E-017, 1.2536056E-005, 2.9000019E-006, 1.2621930E-002, 1.2751471E-003, 8.2417467E-005, 4.5600058E-002, 2.7766816E-002, 1.7705939E-003, 7.8010947E-005, 4.8735337E-002, 2.6188640E-002, 1.1799670E-002, 9.6663435E-003, 2.9628014E-002, 1.3051680E-002, 7.2950555E-003, 1.1120042E-002, 4.6023889E-002, 2.9389668E-002, 9.6661289E-003, 1.2284510E-002, 7.3658798E-003, 1.4602030E-003, 4.6333172E-016, 7.1116878E-018, 3.7055652E-007, 7.3781389E-007, 1.1726043E-008, 2.3531951E-002, 1.6757874E-002, 2.2862524E-002, 1.3390338E-002, 1.3451839E-002, 2.7296115E-002, 1.1083889E-002, 2.8928256E-002, 1.6239514E-002, 1.5293558E-003, 1.2007246E-002, 6.1803916E-003, 7.0831216E-003
 3.0208572E+002, 3.6445822E-014, 1.0570717E-015, 8.0466881E-017, 1.8486589E-021, 1.2103502E-002, 1.0642577E-002, 1.8922397E-003, 2.5380678E-008, 4.4790645E-002, 2.2302745E-002, 1.1304561E-002, 2.3502268E-002, 1.7852816E-002, 3.7363357E-002, 4.3997242E-002, 1.6108772E-002, 7.7279859E-003, 3.7409507E-006, 2.2805920E-016, 2.8610567E-007, 3.6056715E-008, 7.5951986E-003, 6.8196318E-004, 9.9822284E-007, 4.5017479E-002, 1.7661155E-002, 1.0066305E-003, 2.0295272E-004, 4.6508297E-002, 3.0497823E-002, 1.2878029E-002, 4.0892273E-003, 4.5252268E-002, 2.0375765E-002, 1.3126904E-002, 1.2733209E-002, 4.5719880E-002, 2.6575902E-002, 1.8834879E-002, 1.3171698E-002, 4.4688677E-003, 8.3340259E-004, 4.7311379E-016, 2.5416859E-018, 5.9134051E-008, 1.5976260E-007, 1.7171392E-009, 1.6553588E-002, 1.1748236E-002, 2.2513981E-002, 1.4236218E-002, 1.2277128E-002, 2.1427523E-002, 1.2311445E-002, 3.1778637E-002, 2.4920262E-002, 4.4831266E-003, 1.5996743E-002, 8.1645492E-003, 6.1425279E-003
 3.0303724E+002, 9.8217235E-015, 5.4339167E-016, 9.6590158E-018, 5.4902502E-020, 1.3111256E-002, 1.5095076E-002, 5.4632809E-003, 1.0195385E-007, 3.3378702E-002, 3.8472127E-002, 4.8277105E-002, 2.6004954E-002, 2.2640797E-002, 3.7710518E-002, 3.5401165E-002, 7.4024172E-003, 4.8394963E-003, 1.3576686E-007, 1.2474912E-015, 1.3585839E-008, 2.1247604E-009, 8.0078725E-003, 1.5158773E-003, 1.9114182E-005, 3.4655137E-002, 3.8070131E-003, 6.8473392E-004, 2.0064338E-005, 4.4348134E-002, 3.3785502E-002, 9.7909031E-003, 4.7835897E-003, 3.5859955E-002, 2.5437332E-002, 1.5484719E-002, 1.1780019E-002, 4.4428301E-002, 2.8448539E-002, 2.0202823E-002, 1.4885847E-002, 1.1013233E-002, 6.4006002E-004, 3.9451802E-016, 4.8252936E-019, 1.6399557E-007, 8.7783426E-008, 6.1685770E-006, 2.0027983E-002, 1.2881836E-002, 2.3525259E-002, 1.6894207E-002, 1.4037857E-002, 2.4131587E-002, 1.4897938E-002, 3.2467988E-002, 3.1688135E-002, 6.2959259E-003, 1.7162001E-002, 7.0657647E-003, 6.1846591E-003
 3.0408392E+002, 7.3631982E-015, 4.0693602E-016, 4.0633959E-018, 1.9646079E-018, 1.3650260E-002, 1.3138358E-002, 5.5493771E-004, 3.1240227E-008, 1.8233531E-002, 2.2935316E-002, 3.0735889E-002, 2.7215653E-002, 2.9894824E-002, 6.3748577E-002, 9.2534324E-003, 5.7377927E-003, 8.3468081E-004, 9.8875357E-010, 2.7890102E-013, 1.6929472E-008, 3.9855338E-011, 7.9831411E-003, 3.6161672E-003, 1.1963327E-003, 3.4647930E-002, 5.0706666E-003, 1.2220890E-004, 8.7340607E-005, 3.7790698E-002, 3.2000423E-002, 2.1260597E-002, 5.2551524E-003, 3.0664388E-002, 2.2701894E-002, 1.6761050E-002, 1.7940195E-002, 4.7705367E-002, 3.2021666E-002, 1.9207722E-002, 1.6180174E-002, 1.0060641E-002, 3.0986924E-003, 2.6747870E-016, 4.9672845E-019, 2.1047627E-006, 1.2777468E-005, 7.9126494E-006, 2.5458296E-002, 1.4993827E-002, 2.3158197E-002, 1.8296826E-002, 1.3971594E-002, 2.0645910E-002, 2.2989873E-002, 3.2376700E-002, 2.9512083E-002, 7.7489467E-003, 1.6788127E-002, 6.6158219E-003, 7.0250774E-003
 3.0503545E+002, 1.1068593E-014, 2.9748063E-015, 2.6302002E-017, 4.5459768E-017, 1.3923020E-002, 1.2903969E-003, 4.2624978E-005, 1.5654272E-007, 1.7323710E-002, 2.0568547E-002, 3.5762932E-002, 2.9151147E-002, 3.4743564E-002, 6.5812899E-002, 5.5985536E-003, 7.0211662E-003, 9.7730971E-004, 3.4799900E-011, 1.0427241E-011, 6.8339138E-009, 2.2706427E-013, 8.0525196E-003, 5.9022589E-003, 1.3740405E-004, 3.0772039E-002, 7.6422757E-003, 9.1662606E-004, 2.2575897E-004, 3.5486086E-002, 3.8272354E-002, 3.3694914E-002, 5.5023826E-003, 2.8531299E-002, 2.0818079E-002, 2.6218081E-002, 4.5685634E-003, 4.6167868E-002, 2.9604759E-002, 2.4173999E-002, 1.6303761E-002, 5.7314318E-003, 3.6028396E-003, 1.1483261E-016, 1.2949731E-018, 6.8089223E-006, 1.6595029E-004, 1.3948657E-006, 2.5689725E-002, 1.2001927E-002, 2.3316303E-002, 1.9342341E-002, 6.7464908E-003, 2.2873037E-002, 2.1568572E-002, 3.5262452E-002, 2.3531452E-002, 9.9729358E-003, 1.9381409E-002, 7.0766145E-003, 6.5194241E-003
 3.0608213E+002, 2.6856528E-014, 1.7833726E-014, 9.3857707E-017, 3.4682565E-016, 1.4425101E-002, 1.7380115E-003, 9.2635602E-005, 1.8279306E-004, 4.1756698E-002, 3.8633781E-002, 3.3474133E-002, 3.2993885E-002, 3.9535395E-002, 4.7274023E-002, 4.7215117E-003, 9.4817012E-003, 7.0562493E-004, 1.2244769E-010, 2.6815804E-008, 4.2749245E-010, 1.0785158E-012, 7.4107906E-003, 2.3312653E-004, 1.9900627E-007, 2.4831763E-002, 2.2843004E-002, 1.4943386E-003, 3.0375940E-004, 4.2901750E-002, 4.0663084E-002, 4.1825098E-002, 2.8351115E-004, 4.0284612E-002, 3.6824823E-002, 2.2855313E-002, 2.4154194E-003, 4.1505075E-002, 3.5478914E-002, 2.0390204E-002, 1.3604566E-002, 6.9954681E-003, 2.9408122E-003, 1.0862622E-016, 8.6351000E-019, 9.1017289E-006, 3.1995713E-004, 3.2313104E-005, 2.5103307E-002, 9.5910706E-003, 2.4761042E-002, 2.2934550E-002, 8.3235319E-003, 2.6410951E-002, 2.1344011E-002, 3.3526702E-002, 1.2046226E-002, 4.9088659E-003, 1.7174695E-002, 5.2741118E-003, 1.8805580E-003
 3.0703366E+002, 2.7894942E-013, 2.7064200E-015, 2.7309173E-016, 1.8045890E-013, 1.4987417E-002, 9.6292994E-003, 8.5599140E-005, 9.4129177E-004, 3.4561444E-002, 3.9159143E-002, 2.6889173E-002, 3.2554899E-002, 6.0858925E-002, 2.7342793E-002, 8.9064686E-003, 8.4716529E-003, 7.3793205E-004, 5.5012072E-010, 1.2462981E-007, 1.2096413E-010, 3.7009010E-013, 4.5973650E-003, 2.2786741E-005, 3.8814217E-008, 3.2019450E-002, 2.9854842E-002, 4.3654610E-003, 4.9652561E-004, 5.8778908E-002, 4.4746416E-002, 4.3482624E-002, 9.6302362E-005, 4.8709675E-002, 4.0352303E-002, 1.8959536E-002, 1.7009234E-003, 4.8067165E-002, 4.5824562E-002, 7.2640082E-003, 1.2315682E-002, 7.8880616E-003, 1.3950275E-003, 1.0061695E-016, 3.2659567E-019, 2.3004026E-005, 1.8127005E-004, 4.1381698E-005, 2.3520156E-002, 9.7738195E-003, 2.6493178E-002, 2.3271631E-002, 1.5226019E-002, 2.9708925E-002, 1.7164263E-002, 2.8191100E-002, 1.0440925E-002, 4.1249450E-003, 7.2177028E-003, 1.6427564E-003, 1.3526912E-004
 3.0808034E+002, 2.8554846E-012, 4.9662387E-015, 2.5724100E-010, 3.1055972E-011, 1.5594467E-002, 1.1511293E-002, 1.1636972E-004, 2.2294733E-004, 2.5479113E-002, 5.2954327E-002, 4.0115833E-002, 3.8328689E-002, 5.1026926E-002, 2.2177004E-002, 1.9435869E-002, 1.1099573E-002, 7.4272867E-005, 5.8552523E-010, 3.6123226E-007, 3.9765130E-010, 7.9097651E-015, 2.1355709E-003, 1.9740967E-006, 3.0451922E-007, 4.1130396E-002, 3.5258159E-002, 1.1066242E-002, 9.6701434E-004, 5.7231110E-002, 4.7037191E-002, 4.3039460E-002, 3.2100019E-005, 5.2384712E-002, 4.0101361E-002, 8.0040488E-003, 8.9377201E-004, 5.2218628E-002, 3.4967323E-002, 3.4494880E-003, 1.0929153E-002, 9.3300801E-003, 1.3316389E-003, 7.9015257E-017, 1.9451051E-019, 5.8833802E-005, 2.7987373E-004, 7.1025478E-005, 2.3877637E-002, 1.0758050E-002, 2.7105199E-002, 2.3165136E-002, 1.7447513E-002, 2.4330966E-002, 1.6583481E-002, 2.6992789E-002, 1.8062493E-002, 2.1528324E-003, 1.1854868E-002, 4.5666040E-003, 4.2415166E-004
 3.0903187E+002, 3.3992028E-011, 1.0691425E-013, 4.5944967E-010, 2.0830200E-009, 1.7120710E-002, 2.8434343E-003, 4.3318085E-004, 6.2261111E-007, 2.3697915E-002, 4.1441163E-002, 2.1430885E-002, 4.6433027E-002, 3.7445889E-002, 2.4585927E-002, 1.7784600E-002, 1.4630929E-002, 7.7106886E-005, 7.9133178E-010, 4.9562686E-008, 4.7755175E-010, 7.2635087E-015, 3.7505643E-004, 5.3750493E-007, 7.0087413E-007, 4.7980876E-002, 4.6226931E-002, 7.5629930E-003, 1.1903573E-003, 5.3980216E-002, 3.5303055E-002, 2.3881638E-002, 1.7682019E-004, 5.0516811E-002, 3.3971644E-002, 1.2710062E-002, 2.0607645E-004, 5.1989115E-002, 2.3586806E-002, 4.5625789E-003, 1.4394845E-002, 1.1695389E-002, 2.7973966E-003, 3.1577364E-017, 1.0239160E-019, 2.9429337E-004, 2.2825594E-003, 9.2281343E-005, 2.4325957E-002, 1.1888529E-002, 2.7479296E-002, 2.3954589E-002, 1.8440885E-002, 1.7060686E-002, 2.1193490E-002, 2.5889371E-002, 2.0026618E-002, 1.8539001E-003, 1.3164285E-002, 5.0922589E-003, 2.5995591E-003
 3.1007855E+002, 9.6781983E-011, 4.4908144E-013, 2.6757515E-010, 2.0642180E-009, 1.5647701E-002, 1.4197452E-003, 6.1293780E-004, 3.6822564E-009, 2.0477749E-002, 3.1494834E-003, 2.5619726E-003, 5.6937455E-002, 5.0492645E-002, 2.7246587E-002, 1.7148523E-002, 1.7463728E-002, 1.3107328E-004, 2.5972313E-010, 1.7448910E-008, 1.1024594E-009, 1.4261974E-012, 5.9303739E-005, 4.5481770E-006, 5.7395811E-006, 5.3757150E-002, 4.6506388E-002, 4.3440034E-003, 1.8535047E-003, 5.5500694E-002, 1.8105540E-002, 9.9543373E-003, 1.8067276E-004, 4.6718447E-002, 3.3462524E-002, 5.9661921E-003, 1.4652536E-004, 4.6164836E-002, 1.6622177E-002, 4.1459220E-003, 2.5424228E-002, 9.7783684E-003, 3.9350764E-003, 2.1799963E-017, 5.8308335E-019, 9.9641386E-004, 3.1104346E-003, 1.9602438E-004, 2.3896299E-002, 1.0830466E-002, 2.8453622E-002, 2.4204166E-002, 1.0988305E-002, 2.0724734E-002, 2.5931823E-002, 2.9032673E-002, 2.1981068E-002, 1.9184893E-003, 1.5882390E-002, 9.3584000E-003, 5.0678400E-003
 3.1103008E+002, 6.5904033E-011, 1.5310268E-012, 5.3635874E-011, 3.3824200E-010, 1.1785892E-002, 3.7293048E-003, 6.2377616E-004, 7.3544785E-011, 1.8900518E-002, 1.2483478E-002, 3.2686264E-002, 4.7925047E-002, 5.9319880E-002, 3.8747258E-002, 1.9971323E-002, 1.7271994E-002, 2.1937070E-004, 2.9101310E-010, 8.7297589E-009, 2.4238147E-009, 3.5915149E-012, 4.3513883E-005, 3.0127712E-006, 2.1861373E-005, 5.5497088E-002, 4.0267601E-002, 4.3718282E-003, 1.6515986E-003, 5.6453572E-002, 2.3499959E-002, 2.1893325E-002, 4.3681160E-004, 4.8547173E-002, 1.6305394E-002, 2.9185707E-003, 1.8156392E-004, 4.2388882E-002, 1.5288185E-002, 6.8211324E-003, 3.7623074E-002, 1.3735259E-002, 3.8945298E-003, 3.5619300E-017, 7.8155968E-018, 2.8960771E-003, 3.7021251E-003, 1.2715148E-003, 1.7890919E-002, 9.5816791E-003, 2.9442863E-002, 2.2686759E-002, 6.4966248E-003, 2.4867978E-002, 2.9444785E-002, 2.9430610E-002, 1.9797906E-002, 3.2240529E-003, 2.0291832E-002, 9.3978135E-003, 7.2436778E-003
 3.1207676E+002, 1.5672661E-011, 7.4518797E-010, 3.8674295E-009, 5.6547617E-010, 8.5490490E-003, 4.2834608E-003, 1.4978480E-003, 1.2013957E-006, 1.0859510E-002, 5.0858211E-003, 2.2795685E-002, 4.2514912E-002, 6.7069332E-002, 2.9593152E-002, 3.4263933E-002, 1.6485614E-002, 3.7610287E-005, 1.0899033E-010, 1.0301912E-010, 2.4742291E-009, 1.8736807E-012, 7.3256549E-005, 1.0408778E-005, 3.2056411E-005, 5.4455044E-002, 4.2666980E-002, 3.6578902E-003, 1.0698407E-003, 4.0525126E-002, 2.9270362E-002, 3.2758029E-002, 2.7212520E-003, 5.0432275E-002, 1.3874322E-002, 1.6525793E-002, 4.7752617E-004, 1.9683442E-002, 1.6780149E-002, 6.5927341E-003, 3.8756636E-002, 1.3689085E-002, 2.6135641E-003, 6.4082675E-017, 6.4807705E-017, 4.0995651E-003, 4.1976382E-003, 9.2848665E-004, 1.5831488E-002, 1.0108757E-002, 3.0561200E-002, 3.2325354E-002, 1.6477461E-002, 2.6449745E-002, 3.4730605E-002, 2.5648807E-002, 1.8323075E-002, 8.1501567E-003, 2.0735740E-002, 7.3895083E-003, 7.9996908E-003
 3.1302828E+002, 1.1981673E-011, 6.0939699E-009, 2.7739709E-009, 1.1690046E-010, 1.0401864E-002, 4.6494366E-003, 5.9893821E-004, 7.1807206E-006, 2.5355293E-002, 2.2259465E-003, 1.9010306E-003, 4.6328264E-002, 5.7193228E-002, 3.4342170E-002, 2.7229869E-002, 1.9530714E-002, 1.7148771E-004, 2.1049104E-011, 1.0853641E-011, 2.8827702E-010, 5.4244140E-012, 1.0907384E-004, 9.0953054E-005, 4.1909696E-005, 5.0254146E-002, 3.9629362E-002, 3.3910847E-003, 1.0664967E-003, 2.7876171E-002, 2.6290415E-002, 3.4609802E-002, 1.1070041E-002, 5.0131029E-002, 3.1404838E-002, 1.3183611E-002, 2.0080026E-003, 1.7782527E-002, 1.7443205E-002, 1.7302813E-003, 3.8048333E-002, 1.2388186E-002, 1.6270564E-003, 8.2475673E-017, 2.8209005E-016, 4.1762613E-003, 4.3959921E-003, 1.6361731E-004, 1.8011193E-002, 9.7618099E-003, 3.0841491E-002, 3.0199474E-002, 2.2898696E-002, 2.7601807E-002, 3.0042208E-002, 2.6954501E-002, 1.8630099E-002, 9.3981006E-003, 2.1530495E-002, 7.0034745E-003, 3.8084401E-003
 3.1407496E+002, 3.1745911E-009, 3.1003410E-007, 8.8194518E-008, 1.7458360E-011, 1.1789802E-002, 1.7090720E-003, 4.7742060E-005, 2.7500800E-006, 3.3800159E-002, 5.7944640E-003, 2.7404527E-003, 5.5645694E-002, 4.0339083E-002, 4.0655664E-002, 8.4156449E-003, 2.0267510E-002, 7.6780721E-004, 8.9217364E-010, 7.7615790E-009, 3.6157855E-011, 3.2668330E-013, 1.3197285E-004, 7.2893878E-004, 4.2271176E-004, 4.6887575E-002, 2.3690816E-002, 1.1025042E-002, 1.7077356E-003, 2.7883303E-002, 4.1991637E-002, 3.8212892E-002, 5.6537489E-003, 5.0820022E-002, 4.4968216E-002, 1.6932318E-002, 1.0498420E-002, 2.9880558E-002, 1.6857397E-002, 1.8625651E-004, 3.6605205E-002, 1.1326905E-002, 8.7233057E-004, 4.6440994E-017, 3.1553981E-012, 7.4819611E-003, 3.0905433E-003, 1.7809172E-003, 2.2905605E-002, 1.3750724E-002, 3.0475611E-002, 3.1759562E-002, 1.6273107E-002, 2.9973894E-002, 2.8573896E-002, 2.8340151E-002, 1.4400040E-002, 4.7958136E-003, 2.2881636E-002, 6.5350389E-003, 1.7640984E-003
 3.1502649E+002, 4.7429449E-009, 3.6576677E-006, 6.8704232E-007, 1.4689382E-012, 1.1751183E-002, 1.1402177E-003, 7.9352392E-005, 1.1053439E-006, 3.6701661E-002, 1.9648727E-002, 4.5009294E-003, 5.6714799E-002, 4.0337961E-002, 3.7505221E-002, 7.6487355E-003, 1.5608093E-002, 1.0018871E-005, 1.3485788E-009, 4.7401287E-009, 4.2623409E-012, 3.9883485E-013, 1.2786390E-004, 1.1783475E-003, 4.0678878E-004, 4.8109070E-002, 2.4356676E-002, 1.7293519E-002, 2.2956982E-003, 3.8355106E-002, 4.6966612E-002, 2.6051996E-002, 1.6439001E-003, 5.1438596E-002, 4.6100460E-002, 2.0423083E-002, 1.6108182E-002, 3.6920351E-002, 8.8913376E-003, 1.8924463E-004, 3.6902758E-002, 1.0726797E-002, 2.6992241E-003, 8.6492834E-017, 1.4350214E-012, 5.8269515E-003, 4.0870049E-003, 3.1969790E-003, 3.1192290E-002, 2.4902925E-002, 3.1600149E-002, 3.1326871E-002, 1.4276768E-002, 3.1749495E-002, 2.2174419E-002, 2.8892596E-002, 1.5444244E-002, 2.3417743E-003, 2.2960343E-002, 6.1393616E-003, 1.4724846E-003
 3.1607317E+002, 1.4186739E-009, 5.8225144E-006, 1.1781706E-005, 1.1461627E-008, 1.1409597E-002, 1.7045143E-003, 1.2973721E-004, 2.8337659E-005, 4.1422279E-002, 1.2552202E-002, 1.9501643E-003, 5.5362721E-002, 4.4888355E-002, 3.5019145E-002, 8.4152234E-003, 1.3440378E-002, 6.2726022E-006, 1.7282180E-009, 1.4460131E-010, 4.1987600E-012, 1.3717930E-013, 5.9732347E-005, 1.2207287E-003, 1.8108184E-004, 5.0164564E-002, 2.8637850E-002, 1.7459125E-002, 1.7663093E-003, 4.4400361E-002, 4.1812130E-002, 1.9538326E-002, 4.1726377E-003, 5.1002315E-002, 3.4779180E-002, 2.4001352E-002, 6.4755045E-003, 3.5583113E-002, 1.2877110E-002, 4.7679954E-004, 3.6483946E-002, 1.0151542E-002, 3.6570577E-003, 1.8122610E-016, 2.0042623E-011, 8.3730832E-003, 8.6089738E-003, 1.4343957E-003, 3.2800512E-002, 2.8891407E-002, 3.1950018E-002, 2.1164242E-002, 1.2579050E-002, 3.3847874E-002, 3.1541710E-002, 3.0053765E-002, 1.9763816E-002, 2.7273764E-003, 2.2492188E-002, 7.5768565E-003, 2.8348131E-003
 3.1701399E+002, 6.0802807E-009, 1.0652350E-006, 6.1930516E-006, 1.1403076E-007, 1.1047826E-002, 2.3248670E-003, 4.5342425E-004, 1.2145531E-005, 4.2262278E-002, 1.6209907E-002, 9.0538054E-004, 5.4265883E-002, 5.1386193E-002, 3.5574696E-002, 1.4278441E-002, 1.2080649E-002, 3.2736553E-003, 4.0662647E-009, 2.0854363E-011, 9.9617744E-013, 4.6785911E-014, 7.0405075E-005, 1.6463816E-003, 1.5963096E-003, 5.0500322E-002, 2.5828470E-002, 1.5661511E-002, 2.4440247E-004, 4.5675008E-002, 3.2610624E-002, 1.4959867E-002, 4.6660755E-003, 5.1651220E-002, 3.8841766E-002, 1.8215651E-002, 3.0451942E-003, 2.6350358E-002, 3.4031206E-003, 2.3159546E-004, 3.5242236E-002, 8.7415852E-003, 4.1074074E-003, 3.8517211E-016, 9.9968888E-011, 8.7500619E-003, 1.0275918E-002, 1.1818367E-003, 3.2950039E-002, 2.3969547E-002, 3.1420949E-002, 1.9947875E-002, 1.6382260E-002, 3.4508081E-002, 3.5164553E-002, 2.9931409E-002, 2.6588623E-002, 4.0456049E-003, 2.6314080E-002, 1.0122122E-002, 2.0760997E-003
 3.1803572E+002, 2.9632789E-008, 2.3299741E-008, 2.3204150E-006, 8.0706603E-009, 9.6046237E-003, 2.6412630E-003, 9.7429137E-004, 5.8959312E-008, 5.0945748E-002, 3.1365298E-002, 1.9514169E-003, 5.6253617E-002, 5.2669353E-002, 4.2030407E-002, 4.0140304E-002, 1.9201360E-002, 5.7234579E-003, 3.3687989E-009, 3.9245021E-012, 2.9996466E-013, 3.4559861E-015, 4.3844240E-005, 1.6031425E-003, 3.0289487E-003, 4.9139866E-002, 1.0305131E-002, 3.2680605E-003, 2.6796165E-005, 4.4010115E-002, 3.0633634E-002, 1.2465398E-002, 5.7111388E-003, 5.1837205E-002, 4.5113435E-002, 1.5571472E-002, 1.7597025E-003, 3.0321093E-002, 4.8981019E-003, 1.1023278E-004, 3.3821264E-002, 7.4429640E-003, 5.4684334E-003, 2.1016230E-015, 1.2204649E-010, 8.3505148E-003, 1.2360399E-002, 4.9994614E-003, 3.2922922E-002, 2.6128364E-002, 3.2215595E-002, 3.1304039E-002, 1.9041688E-002, 3.5864875E-002, 2.6001857E-002, 3.2416688E-002, 2.4446333E-002, 2.6429361E-003, 2.8753029E-002, 6.6230822E-003, 1.3760317E-003
 3.1902029E+002, 1.4803975E-008, 7.6666939E-006, 1.4445344E-006, 1.8053485E-011, 7.3766795E-003, 1.9603666E-003, 1.1539891E-003, 1.3030941E-007, 5.5665071E-002, 2.7340824E-002, 5.7455371E-003, 5.6679591E-002, 5.6174219E-002, 4.3716184E-002, 5.8180034E-002, 2.4976095E-002, 1.3695275E-003, 4.1592397E-009, 6.7813870E-013, 6.9317649E-014, 3.5630925E-016, 3.4438550E-004, 4.7436869E-003, 1.1688621E-003, 4.6783411E-002, 8.1406189E-003, 6.0117765E-004, 1.1074317E-004, 4.2565184E-002, 3.6113153E-002, 1.3747025E-002, 8.0842672E-004, 5.1454288E-002, 3.0662317E-002, 9.0775544E-003, 4.2774299E-003, 2.9650209E-002, 3.8357683E-003, 3.9729301E-005, 3.1318462E-002, 5.5600294E-003, 1.4050424E-003, 5.5656485E-013, 3.0736563E-010, 9.2666645E-003, 3.6555121E-003, 5.6892423E-003, 3.2765627E-002, 2.1096911E-002, 3.5374994E-002, 2.7043652E-002, 9.7207954E-003, 3.6526974E-002, 1.2451087E-002, 3.4444078E-002, 2.5972983E-002, 3.3360582E-003, 2.8657444E-002, 8.8730108E-003, 3.3847472E-003
 3.2007452E+002, 1.6681941E-006, 3.4730549E-005, 2.9627732E-007, 6.1489048E-014, 3.6175882E-003, 1.1181423E-003, 7.5629880E-004, 5.3841343E-007, 4.4969746E-002, 1.8868645E-002, 8.0715611E-003, 5.6623492E-002, 5.3944996E-002, 4.2224459E-002, 5.7613034E-002, 2.3558882E-002, 3.9441058E-004, 1.9187295E-008, 3.9936291E-013, 3.2130771E-012, 3.9224504E-016, 2.6458712E-003, 5.2357393E-003, 2.2888323E-005, 4.7417710E-002, 2.1224588E-002, 7.0118152E-004, 1.0358893E-004, 4.1633277E-002, 3.5134740E-002, 9.1179419E-003, 1.3270121E-003, 5.2048757E-002, 2.4166335E-002, 1.1397288E-002, 8.8428660E-003, 1.8540442E-002, 8.4640682E-003, 4.3178825E-003, 3.2006543E-002, 5.2029368E-003, 1.0879555E-004, 1.6895332E-012, 2.2836271E-009, 1.1023176E-002, 1.0182147E-002, 2.4622512E-003, 3.2809686E-002, 1.1530722E-002, 3.7424437E-002, 2.4749909E-002, 1.3199294E-002, 3.7713230E-002, 2.0022498E-002, 3.6016313E-002, 2.2359079E-002, 1.8157915E-003, 2.8029080E-002, 1.1689104E-002, 2.8310033E-003
 3.2107070E+002, 1.7114820E-006, 7.8767947E-005, 1.8950829E-007, 8.9335730E-016, 1.9982801E-003, 1.3036364E-003, 1.8663942E-004, 3.0165985E-007, 3.0653909E-002, 1.1676060E-002, 4.8510923E-003, 5.2056619E-002, 4.6714325E-002, 3.2681913E-002, 3.2023801E-002, 2.0367337E-002, 2.2208517E-003, 2.0613776E-005, 3.1150425E-013, 2.4689395E-012, 6.8799853E-016, 3.1488738E-003, 2.2249939E-003, 1.2969373E-004, 4.4595755E-002, 7.4226818E-003, 4.5845342E-004, 6.9745208E-005, 3.4753122E-002, 2.4163437E-002, 1.0534760E-002, 8.1958148E-004, 5.0431773E-002, 3.0708758E-002, 1.6893998E-002, 9.6133223E-003, 2.3684032E-002, 1.2463056E-002, 6.9033237E-003, 3.3714815E-002, 1.2614539E-003, 7.3531628E-006, 7.7687092E-012, 2.3654165E-008, 1.2553697E-002, 1.7584170E-002, 3.6220891E-003, 3.2773389E-002, 2.4408677E-002, 3.7683415E-002, 3.1142838E-002, 9.9222959E-003, 3.9077271E-002, 7.9079277E-003, 3.8807007E-002, 1.6828391E-002, 1.9068105E-003, 2.7103430E-002, 1.2809768E-002, 1.2589713E-003
 3.2206687E+002, 1.9663614E-005, 6.3829041E-005, 2.0331444E-008, 3.9427683E-016, 2.2313368E-003, 7.4104020E-004, 3.2491908E-005, 7.3847985E-010, 3.1021757E-002, 2.2004498E-002, 1.2243502E-002, 4.5753277E-002, 4.5962030E-002, 3.8509172E-002, 4.0826609E-002, 2.1037753E-002, 4.1508331E-003, 2.9349763E-005, 2.1337767E-013, 2.8083896E-012, 1.1827542E-016, 7.9339762E-004, 8.5155252E-004, 1.1869926E-004, 3.2623798E-002, 1.5425271E-003, 8.5046154E-004, 2.0670929E-004, 3.5349409E-002, 2.1614990E-002, 1.9530723E-002, 5.0071902E-003, 4.8158215E-002, 3.9639047E-002, 1.5540611E-002, 1.2720272E-002, 2.9654907E-002, 9.7342392E-003, 2.8599353E-003, 3.3696018E-002, 9.2930458E-004, 7.9826717E-008, 7.1377363E-008, 4.3376408E-009, 1.9040470E-002, 1.7135597E-002, 8.7013916E-003, 3.0733775E-002, 2.5908177E-002, 3.7909094E-002, 3.5351514E-002, 5.6548027E-003, 4.0136084E-002, 9.8158077E-003, 3.8638097E-002, 1.6223670E-002, 3.8900137E-003, 2.7797923E-002, 1.9199907E-002, 4.3863047E-003
 3.2306305E+002, 2.1855048E-005, 1.0487218E-005, 4.8179117E-009, 3.7942528E-017, 2.2487842E-003, 5.7871897E-004, 7.1927663E-007, 7.8745853E-012, 3.4128944E-002, 3.0077335E-002, 2.3046581E-002, 4.8807870E-002, 5.5339783E-002, 4.4732126E-002, 2.4856380E-002, 2.6979896E-002, 2.9437527E-003, 2.1326610E-005, 4.3508871E-013, 3.3994459E-012, 5.4245518E-017, 8.2609753E-005, 1.2862360E-004, 1.7000832E-004, 1.2397528E-002, 5.9031804E-003, 1.3135520E-003, 9.9299788E-004, 4.0929532E-002, 2.6963408E-002, 2.2686530E-002, 1.5390736E-002, 5.0958565E-002, 3.9150879E-002, 2.5299969E-002, 2.0057667E-002, 3.7836050E-002, 8.2127313E-003, 2.7303406E-003, 3.2333436E-002, 5.9399245E-004, 1.6616935E-006, 5.3545500E-008, 3.5417185E-010, 2.1471559E-002, 2.0843438E-002, 1.1316991E-002, 2.7928071E-002, 2.7778956E-002, 4.2304863E-002, 3.0671883E-002, 6.0205999E-003, 3.8646483E-002, 1.2279632E-002, 3.8103352E-002, 1.7891652E-002, 4.1657167E-003, 3.4100342E-002, 2.4949868E-002, 7.9189610E-003
 3.2404757E+002, 2.3433102E-006, 5.4729955E-006, 2.2484113E-009, 2.5702943E-018, 1.6909811E-003, 2.3997587E-004, 4.1312690E-007, 5.4904821E-012, 4.1493096E-002, 1.8121677E-002, 6.8661500E-003, 5.5506985E-002, 4.9681341E-002, 4.6399165E-002, 1.8674037E-003, 3.3398918E-002, 6.3722344E-004, 1.7734976E-004, 2.4118243E-014, 4.4252480E-013, 3.6765275E-017, 4.1987563E-005, 1.3424203E-003, 1.2274071E-003, 2.3073067E-002, 9.7452861E-003, 1.3451651E-003, 3.5892188E-003, 3.8782279E-002, 2.9377885E-002, 2.5149718E-002, 6.2450827E-003, 5.3824549E-002, 3.1551169E-002, 3.8820695E-002, 2.4771032E-002, 4.1922228E-002, 1.4466913E-002, 2.1449899E-003, 2.7194231E-002, 2.7985376E-003, 2.5334033E-006, 1.2948560E-009, 5.7870456E-009, 2.2065450E-002, 1.2347393E-002, 9.0727124E-003, 3.3314285E-002, 3.3862962E-002, 4.3036058E-002, 2.3847864E-002, 1.2635801E-002, 4.0603265E-002, 1.2419153E-002, 3.8022384E-002, 2.1930085E-002, 8.9786220E-003, 3.8003477E-002, 2.4698012E-002, 1.4283900E-002
 3.2502992E+002, 1.7923081E-007, 5.7444639E-007, 8.4963580E-010, 3.9990360E-019, 1.6900638E-003, 1.1966786E-004, 1.6825916E-007, 7.6184085E-014, 3.2665674E-002, 6.2533636E-003, 7.2561010E-004, 6.3784073E-002, 5.2152863E-002, 4.4021672E-002, 1.0561125E-003, 3.4809036E-002, 5.0202382E-004, 1.3897671E-004, 2.2954395E-015, 1.0457010E-013, 8.3108698E-017, 1.6684713E-004, 6.1986898E-004, 2.0861827E-003, 3.6378947E-002, 1.6102407E-002, 7.3052205E-003, 1.1726848E-002, 3.7301949E-002, 2.6986021E-002, 2.5254698E-002, 7.2078897E-003, 5.9556517E-002, 4.1935858E-002, 4.2698164E-002, 1.8426122E-002, 3.9207952E-002, 1.0502731E-002, 1.7572741E-003, 2.2346113E-002, 5.2295129E-003, 5.9460854E-007, 7.7694045E-010, 3.3022030E-008, 2.2438250E-002, 5.4011754E-003, 2.9004978E-003, 4.3432551E-002, 3.2226314E-002, 4.3762234E-002, 2.8246413E-002, 1.7137760E-002, 4.1435229E-002, 1.3043972E-002, 4.1119653E-002, 3.5549546E-002, 6.1207225E-003, 3.7802364E-002, 3.0673090E-002, 1.3552404E-002
 3.2606598E+002, 3.3575588E-008, 5.1075137E-009, 1.8931244E-011, 1.5919376E-019, 2.2560895E-003, 3.1890293E-005, 4.3466199E-009, 1.0556770E-015, 1.0855104E-002, 5.6351808E-003, 7.7011604E-004, 6.1827427E-002, 5.7786753E-002, 2.1245873E-002, 1.0688897E-002, 3.4256823E-002, 3.6851932E-004, 3.4612498E-004, 3.4033527E-014, 1.1601956E-013, 5.1270953E-016, 2.3156541E-004, 1.7102137E-004, 1.5153884E-003, 3.1051248E-002, 2.5596486E-002, 1.8474749E-002, 5.6551569E-003, 3.6963092E-002, 3.0960505E-002, 2.4220900E-002, 2.9261853E-002, 6.2233632E-002, 4.0692919E-002, 1.5740907E-002, 4.6000289E-003, 4.7674954E-002, 1.9909141E-002, 1.7720707E-003, 2.0771377E-002, 6.5428845E-003, 2.2578125E-007, 1.0529703E-009, 1.5668787E-009, 2.1865562E-002, 5.7909263E-003, 3.0464416E-004, 4.3485490E-002, 8.1886053E-003, 4.3057795E-002, 2.9636307E-002, 1.6276235E-002, 3.0906013E-002, 1.9267879E-002, 4.5193554E-002, 3.5307390E-002, 3.8726057E-003, 3.8523570E-002, 3.3500788E-002, 7.6581768E-003
 3.2702369E+002, 3.5933736E-008, 3.8382645E-008, 1.5836055E-013, 8.2480118E-019, 2.2079509E-003, 2.6172739E-004, 1.5994444E-007, 3.7481305E-015, 7.1177756E-003, 2.8171690E-003, 5.2311192E-004, 6.1394727E-002, 5.6780881E-002, 3.2494166E-002, 5.3285186E-003, 3.6237400E-002, 2.4361972E-003, 1.3066267E-003, 2.1277535E-012, 1.9538421E-014, 1.2095573E-012, 1.9928789E-003, 1.2470057E-003, 6.2762502E-004, 3.5692330E-002, 2.8377045E-002, 2.0613865E-002, 4.9592212E-003, 3.8483178E-002, 3.1445778E-002, 2.8093461E-002, 3.3543145E-002, 3.8607124E-002, 9.6302574E-003, 5.7927557E-003, 2.6819665E-003, 4.5825948E-002, 1.7655507E-002, 9.9407408E-004, 1.9437182E-002, 8.4765229E-003, 4.4654608E-007, 2.6329485E-009, 5.4668017E-011, 1.7450684E-002, 1.2296060E-003, 7.8511083E-006, 3.5184965E-002, 6.4355259E-003, 4.2809758E-002, 3.2969798E-002, 1.4748771E-002, 2.8146995E-002, 2.4246424E-002, 4.9229127E-002, 2.7937013E-002, 1.1108983E-002, 4.0238218E-002, 3.0282496E-002, 2.8073632E-003
 3.2806226E+002, 7.2094175E-007, 2.5358737E-008, 1.5693107E-014, 9.6270669E-019, 1.3963720E-003, 8.4087284E-005, 4.5011297E-007, 3.6477334E-013, 1.6100090E-002, 1.9079888E-003, 9.4267958E-004, 5.5907430E-002, 5.5724498E-002, 4.4183612E-002, 3.0250387E-003, 3.9416302E-002, 5.6654724E-003, 9.3646196E-005, 1.2061677E-012, 9.3824947E-015, 9.9702004E-012, 2.5660441E-003, 1.2061863E-003, 4.3593274E-004, 4.0941095E-002, 4.0051141E-002, 3.0751498E-002, 1.8090320E-003, 3.7733007E-002, 3.3098328E-002, 2.8916026E-002, 2.6570133E-002, 2.5641879E-002, 3.5926518E-002, 6.7206277E-003, 1.9961094E-003, 4.3869643E-002, 4.9676227E-003, 8.9543653E-004, 2.0482888E-002, 1.0573140E-002, 1.4176728E-006, 5.0849500E-008, 1.5361368E-010, 1.1918882E-002, 2.8243237E-004, 9.8264718E-006, 2.9384544E-002, 6.2779047E-003, 4.1742706E-002, 3.4592388E-002, 6.5760203E-003, 3.1476117E-002, 2.7816982E-002, 4.0603462E-002, 2.3228690E-002, 1.4944221E-002, 4.1458373E-002, 2.8124176E-002, 2.8074981E-003
 3.2908106E+002, 8.0273977E-007, 4.8770633E-010, 7.7424729E-016, 5.7458996E-020, 4.2860444E-004, 2.4500584E-005, 7.5209116E-008, 1.9917945E-012, 1.9188968E-002, 7.9809098E-003, 6.3878682E-004, 5.3962495E-002, 5.8742874E-002, 5.4483054E-002, 1.3912852E-003, 3.8736322E-002, 4.9421162E-003, 7.5873362E-007, 6.5167969E-015, 4.7925667E-014, 3.6803481E-011, 2.6419602E-003, 4.5147434E-003, 7.7958083E-004, 4.2443395E-002, 3.6469920E-002, 3.9437577E-002, 6.4361300E-004, 3.8634392E-002, 3.5625229E-002, 2.5503981E-002, 2.9769052E-002, 3.4743464E-002, 3.0841455E-002, 9.0026535E-003, 8.9056639E-004, 4.6029321E-002, 2.3168378E-002, 1.1212263E-003, 2.1346656E-002, 6.0607327E-003, 2.1139661E-006, 1.2829014E-007, 1.1465445E-011, 9.7749016E-003, 2.7710650E-004, 1.6608362E-005, 3.4896866E-002, 8.8213414E-003, 4.1816040E-002, 3.4452641E-002, 1.7002893E-002, 3.3593499E-002, 2.9652935E-002, 3.2976861E-002, 2.2355285E-002, 6.9366165E-003, 4.1980239E-002, 2.3746305E-002, 1.2296479E-002
 3.3001471E+002, 5.7989888E-007, 9.3557867E-011, 1.4296797E-016, 3.1462729E-020, 1.4271985E-004, 1.0569945E-005, 1.5811761E-007, 6.6653041E-012, 1.5122511E-002, 2.6397126E-002, 1.0750814E-002, 3.9196528E-002, 5.7525806E-002, 4.2755690E-002, 1.0622816E-004, 2.9004921E-002, 1.2239047E-003, 6.1749638E-009, 2.7635251E-015, 3.6338568E-012, 9.7661507E-012, 2.8610905E-003, 5.1230096E-003, 9.2001256E-004, 4.3026005E-002, 2.4780259E-002, 2.7325457E-002, 3.0854995E-004, 4.2288952E-002, 3.6668291E-002, 2.8583084E-002, 3.4119002E-002, 4.5536448E-002, 6.2622599E-003, 8.6817959E-003, 3.1667486E-003, 3.9892487E-002, 3.2741270E-002, 2.4329256E-003, 2.1692108E-002, 8.2557600E-004, 9.6340759E-007, 9.5649753E-009, 5.2832723E-011, 1.1287646E-002, 3.6410892E-004, 4.1024656E-005, 2.9992518E-002, 1.7556796E-002, 4.2236450E-002, 2.3550814E-002, 2.0024854E-002, 3.5015321E-002, 2.6528631E-002, 3.4741319E-002, 2.2090185E-002, 6.8718093E-003, 3.9340997E-002, 1.8420034E-002, 8.4195241E-003
 3.3108097E+002, 5.4897818E-007, 2.8776724E-010, 1.7863245E-016, 1.6187313E-019, 8.2890109E-005, 1.1760918E-004, 5.0438384E-007, 1.6346040E-010, 8.3542249E-003, 1.9410898E-002, 3.0824185E-002, 4.7262056E-002, 6.7317174E-002, 2.6993330E-002, 3.5796035E-004, 2.9108531E-002, 1.1750104E-004, 2.0653296E-009, 2.3309642E-015, 6.3656724E-011, 1.1831681E-011, 2.5309777E-003, 7.8983529E-003, 3.8192891E-004, 4.1667239E-002, 3.0597735E-002, 7.6707364E-003, 1.0517567E-003, 4.3514552E-002, 3.6518141E-002, 3.1962030E-002, 3.4508189E-002, 4.3374121E-002, 7.1664983E-003, 7.2939386E-003, 6.4665168E-003, 4.3318390E-002, 2.3557013E-002, 1.5048674E-004, 2.1817974E-002, 2.0372921E-003, 1.0268100E-005, 1.2306525E-008, 3.7055688E-011, 1.2607020E-002, 5.8208670E-003, 6.9889645E-005, 2.5571427E-002, 2.4048399E-002, 4.1677000E-002, 2.2443595E-002, 3.9789132E-003, 3.2843930E-002, 1.6914440E-002, 3.5079633E-002, 1.1961037E-002, 8.0666169E-003, 3.5743534E-002, 2.2252128E-002, 3.1291609E-003
 3.3204245E+002, 1.1229750E-007, 1.3354802E-011, 8.4165437E-017, 1.0892400E-019, 6.5611015E-005, 3.2740104E-005, 2.9773559E-006, 4.0483058E-008, 8.8302362E-003, 1.5385268E-002, 4.0920362E-002, 5.6485858E-002, 6.5970887E-002, 8.0258546E-003, 6.3393845E-003, 3.4861459E-002, 2.1278495E-005, 2.3270829E-009, 2.4372812E-016, 6.0338456E-010, 3.6090500E-011, 6.6399599E-003, 6.9083078E-003, 1.5934660E-004, 3.8883437E-002, 3.4189534E-002, 6.0854151E-003, 1.7170057E-004, 4.3289175E-002, 3.5616974E-002, 3.8741733E-002, 3.9186836E-003, 2.8758978E-002, 1.7152881E-002, 7.6191573E-003, 5.0824518E-003, 4.5918446E-002, 1.3726425E-002, 9.3715554E-005, 1.6784361E-002, 1.1733180E-003, 3.6941099E-006, 3.1384317E-008, 3.9680281E-011, 1.2878532E-002, 8.1283817E-003, 1.6364549E-006, 2.2119543E-002, 2.0270971E-002, 4.1242363E-002, 2.5402155E-002, 1.2364747E-002, 3.5477979E-002, 1.3730206E-002, 3.6256146E-002, 1.0370862E-002, 7.3410594E-003, 3.6909150E-002, 2.4873720E-002, 4.5642661E-004
 3.3307900E+002, 9.2097221E-009, 7.2268178E-013, 9.9092103E-018, 7.1111939E-021, 1.7269428E-004, 5.0558865E-005, 1.7581858E-005, 2.3968784E-007, 1.2644539E-002, 4.1772441E-002, 2.3397103E-002, 5.7486598E-002, 2.7474535E-002, 1.4461501E-002, 2.7727136E-003, 3.2554009E-002, 1.2905589E-006, 3.9130223E-011, 5.3102483E-017, 4.9946365E-009, 2.4590574E-011, 1.9527328E-002, 3.6052289E-003, 3.2364360E-005, 3.6181033E-002, 2.9873942E-002, 5.6348196E-003, 5.0557911E-006, 4.4923322E-002, 3.9499961E-002, 1.6552265E-002, 2.7670873E-004, 3.7393518E-002, 2.8259251E-002, 4.4201160E-003, 5.9827985E-003, 3.9278523E-002, 1.4832180E-002, 4.1546397E-005, 8.5932684E-003, 1.5201030E-003, 1.1130029E-007, 3.2053907E-008, 2.7505923E-011, 1.7508443E-002, 4.7034657E-003, 1.0157876E-005, 2.3386762E-002, 1.5498461E-002, 3.9533463E-002, 3.1112790E-002, 1.9909990E-002, 3.3111105E-002, 1.4533000E-002, 3.6203818E-002, 1.4606685E-002, 1.1546579E-002, 3.6465399E-002, 2.2625928E-002, 9.0388588E-003
 3.3400482E+002, 4.6122296E-009, 6.3802142E-015, 1.0418578E-018, 1.9323506E-022, 1.3993054E-004, 2.3135993E-004, 7.2235551E-005, 9.0303297E-007, 1.3241517E-002, 3.2697048E-002, 2.4661704E-002, 6.0897973E-002, 1.8932847E-002, 1.8999655E-002, 3.5247605E-004, 3.4555627E-002, 8.0562954E-005, 6.8150375E-009, 1.2271633E-016, 6.9427314E-008, 2.4760676E-011, 2.2034308E-002, 8.0924553E-003, 3.2616202E-005, 3.7702646E-002, 1.0546968E-002, 3.1026317E-003, 1.2676691E-005, 4.8769838E-002, 4.7024774E-002, 4.4781182E-003, 7.0372981E-004, 4.2964583E-002, 2.7747773E-002, 5.1290394E-003, 7.1700024E-003, 3.7940296E-002, 1.3354720E-002, 7.4185324E-005, 6.8434051E-003, 1.5047117E-003, 7.2079042E-007, 7.6926710E-008, 1.4354792E-010, 2.2471340E-002, 9.8056547E-003, 5.1929058E-006, 2.6882136E-002, 1.9878822E-002, 3.8165672E-002, 3.6167657E-002, 1.9579876E-002, 3.2978979E-002, 1.4677960E-002, 3.7554343E-002, 2.1496969E-002, 9.2300004E-003, 3.7129154E-002, 2.2269295E-002, 1.3912025E-002
 3.3506989E+002, 2.4464019E-009, 1.6256316E-015, 2.2150762E-018, 2.5155816E-022, 2.5862035E-004, 3.0718678E-004, 6.2909415E-005, 1.3303976E-006, 8.1268366E-003, 2.4510934E-002, 3.4269215E-002, 5.3693668E-002, 2.5663840E-002, 1.6409963E-002, 5.6828184E-004, 3.9946856E-002, 1.1342206E-003, 1.5572844E-008, 2.3698117E-016, 3.3925031E-008, 3.8744385E-012, 1.9496867E-002, 3.4499204E-003, 7.6389200E-005, 3.8337254E-002, 1.0644737E-002, 1.2886946E-003, 1.2591461E-005, 4.9903511E-002, 5.1804891E-002, 9.0887874E-003, 1.9431143E-003, 4.5245682E-002, 1.7204535E-002, 1.2480097E-002, 7.7394104E-003, 3.7820108E-002, 8.5541585E-003, 4.5268446E-004, 8.6893439E-003, 4.5385334E-004, 2.6192083E-006, 1.8314335E-007, 8.5888867E-011, 1.9204002E-002, 2.5235159E-003, 2.1902668E-007, 3.2186771E-002, 6.4382292E-003, 3.9145530E-002, 3.3910308E-002, 1.0014554E-002, 2.9284826E-002, 1.6305046E-002, 3.4798151E-002, 1.3762388E-002, 3.5059297E-003, 3.8380222E-002, 1.8150965E-002, 1.2436444E-002
 3.3603321E+002, 2.2568208E-009, 4.5953044E-016, 1.6530263E-017, 3.4135461E-021, 7.8630334E-004, 3.9815016E-004, 1.4983869E-004, 2.1463259E-006, 1.1385365E-002, 2.7533217E-002, 3.2750510E-002, 3.7758866E-002, 1.9196262E-002, 6.2968240E-003, 8.8306991E-003, 3.9238703E-002, 2.1896691E-003, 6.6451590E-009, 1.2316532E-016, 6.1802199E-010, 3.9865396E-014, 8.9871538E-003, 2.6600438E-004, 1.7019473E-004, 4.0087236E-002, 4.8779828E-003, 1.1941984E-004, 1.3929681E-005, 4.9927398E-002, 3.2705607E-002, 1.5037680E-002, 3.5504470E-003, 4.5852763E-002, 1.9089833E-002, 2.0431467E-002, 4.6285712E-003, 3.8727543E-002, 8.8515556E-003, 2.1933223E-003, 1.2154153E-002, 2.0248928E-004, 8.0160681E-005, 1.7534878E-007, 4.0549830E-010, 6.9739336E-003, 2.9612967E-004, 5.2340315E-006, 3.0186446E-002, 6.5285594E-003, 3.9260949E-002, 2.4172456E-002, 1.0302033E-002, 3.1027982E-002, 2.2044166E-002, 3.2730092E-002, 2.1824088E-002, 1.8914825E-003, 3.9486488E-002, 1.3533859E-002, 1.4389585E-002
 3.3707164E+002, 2.4794136E-009, 3.6252883E-016, 1.2447552E-016, 4.6380821E-020, 3.7913733E-004, 1.2763492E-004, 1.6685723E-004, 2.2671783E-006, 9.9425617E-003, 1.9032234E-002, 1.5694351E-002, 4.0017930E-002, 2.4846813E-002, 8.2543639E-003, 2.1439352E-002, 4.1022700E-002, 2.4355278E-003, 3.1958517E-007, 3.5124852E-017, 1.5104807E-011, 2.1984699E-012, 4.6691552E-003, 5.4759026E-004, 5.9332759E-004, 4.1847510E-002, 6.1073820E-003, 8.8916236E-005, 4.4751027E-005, 5.0761014E-002, 1.8992556E-002, 1.0493046E-002, 3.1161661E-003, 4.4090294E-002, 2.2076925E-002, 2.4045760E-002, 5.0437910E-003, 3.5950550E-002, 1.3183340E-002, 3.2738187E-003, 1.0492105E-002, 5.3940918E-005, 3.6267469E-004, 2.9979603E-008, 1.8997562E-010, 4.1060888E-003, 4.5165522E-005, 9.0273991E-006, 3.1992833E-002, 1.9971664E-002, 3.4616668E-002, 2.2727452E-002, 1.4221530E-002, 3.5205564E-002, 2.4979251E-002, 4.0163647E-002, 3.4986642E-002, 9.4889111E-004, 4.1271496E-002, 1.0269436E-002, 1.1339424E-002
 3.3803699E+002, 2.2807673E-009, 5.5814462E-016, 2.9007590E-013, 2.1349007E-019, 4.5667991E-005, 1.9701619E-004, 5.7766501E-004, 2.3868300E-006, 9.1575322E-003, 1.5944544E-002, 8.0089943E-003, 4.2744733E-002, 1.5798257E-002, 1.8645398E-002, 2.4955436E-002, 4.3067569E-002, 4.9571764E-003, 2.7671979E-006, 7.0536558E-018, 7.4714000E-012, 1.9293676E-011, 4.3766487E-003, 5.2103167E-004, 8.8345809E-004, 3.5594295E-002, 7.4590754E-003, 1.6233642E-004, 1.4827558E-005, 4.7761153E-002, 2.0054501E-002, 3.0135175E-003, 4.4698429E-003, 4.4135709E-002, 2.7247780E-002, 2.3432779E-002, 8.4536561E-003, 2.8054094E-002, 1.5756247E-002, 2.9290604E-003, 8.5695985E-003, 2.6293303E-005, 2.8283040E-004, 3.5382186E-008, 4.4236674E-013, 2.2272358E-003, 1.9194938E-005, 7.4087751E-006, 3.3354733E-002, 2.3581824E-002, 3.7500824E-002, 2.3840071E-002, 1.4295859E-002, 3.0746142E-002, 2.5378244E-002, 4.6052988E-002, 4.1238676E-002, 3.3527001E-004, 4.3452492E-002, 7.8689385E-003, 6.7115580E-003
 3.3900178E+002, 1.4881904E-009, 4.4718070E-010, 1.4968362E-012, 2.8445664E-019, 3.0993237E-004, 4.8125821E-004, 9.8781538E-004, 1.9813296E-006, 1.3974107E-002, 1.9371140E-002, 1.2155211E-002, 2.1141127E-002, 8.5516876E-003, 2.3327311E-002, 3.8284825E-003, 3.7508656E-002, 5.2502450E-003, 6.4365042E-006, 7.9139648E-018, 8.6590575E-012, 2.9574811E-012, 5.4990390E-003, 2.2239759E-004, 1.5046607E-004, 2.2335569E-002, 1.3001660E-003, 3.6159930E-004, 1.7396629E-005, 5.4491331E-002, 2.4990039E-002, 2.5641192E-003, 3.7609878E-003, 3.9760847E-002, 2.9946412E-002, 2.7237369E-002, 1.4379522E-002, 3.3435000E-002, 1.4280030E-002, 4.0910748E-003, 1.1043813E-002, 1.4293960E-005, 1.5340663E-003, 4.2483166E-008, 7.4995920E-015, 1.9500609E-003, 2.2111567E-005, 2.0382836E-004, 3.3205608E-002, 2.9324329E-002, 4.0195715E-002, 2.9369188E-002, 7.4761110E-003, 2.4997626E-002, 3.0562790E-002, 4.7729854E-002, 3.2090040E-002, 1.5866306E-003, 4.3426461E-002, 8.5297470E-003, 5.9700279E-003
 3.4002380E+002, 6.4596200E-010, 1.1210369E-008, 3.9300010E-014, 3.6998863E-019, 1.6504560E-003, 2.1317156E-003, 1.2660511E-003, 1.0199687E-007, 1.8979801E-002, 2.1524722E-002, 3.2583089E-002, 2.2486007E-002, 1.4292778E-002, 3.1437756E-002, 2.2072228E-003, 3.2003285E-002, 9.0633967E-003, 8.7774154E-007, 3.3266032E-017, 5.6982077E-012, 4.8601721E-011, 6.0506997E-003, 1.8618103E-004, 1.4150711E-004, 2.1456230E-002, 4.4418105E-003, 4.6067598E-004, 3.8740508E-004, 3.7436351E-002, 2.2863598E-002, 2.7877831E-003, 1.2259405E-002, 3.1090515E-002, 3.1757269E-002, 2.9686168E-002, 1.6195718E-002, 3.5696129E-002, 1.4043726E-002, 2.3677001E-003, 1.2274605E-002, 1.6369722E-004, 1.3222104E-003, 8.1558614E-009, 7.0967224E-013, 1.8679091E-003, 6.3017290E-005, 2.7404548E-004, 3.3525491E-002, 3.3144698E-002, 3.9686471E-002, 3.3362866E-002, 6.3606351E-003, 2.5691680E-002, 2.4862606E-002, 4.6226182E-002, 2.1683474E-002, 7.2130763E-003, 4.0253509E-002, 8.2232571E-003, 6.9265376E-003
 3.4103344E+002, 1.3107050E-010, 2.5471748E-008, 2.6994151E-014, 1.8883200E-018, 2.9777108E-003, 6.5207258E-003, 9.7880234E-004, 6.4034510E-008, 1.6147672E-002, 1.7628952E-002, 2.9588742E-002, 2.7311771E-002, 2.1972913E-002, 2.0330786E-002, 1.0563079E-002, 2.5768336E-002, 4.0155326E-003, 6.1241440E-008, 1.2191355E-016, 4.2226976E-011, 5.7420950E-012, 9.9819378E-003, 1.5631700E-004, 4.9590953E-004, 2.6038016E-002, 4.8895663E-003, 2.6048331E-003, 6.3285134E-004, 2.3837202E-002, 2.4333486E-002, 8.1440632E-003, 1.2277383E-002, 3.1726836E-002, 3.8055665E-002, 3.1270832E-002, 1.4536999E-003, 3.3075401E-002, 1.4841298E-002, 2.5743287E-003, 1.1808654E-002, 3.3866864E-003, 1.8852043E-003, 7.5659055E-009, 1.3592911E-012, 1.8604940E-003, 1.0010703E-004, 1.5389860E-004, 3.4280325E-002, 3.0840384E-002, 3.7484780E-002, 3.0997309E-002, 3.9276465E-003, 3.0258050E-002, 2.9281845E-002, 4.7081686E-002, 1.2340071E-002, 2.5472644E-003, 3.7439159E-002, 1.3373710E-002, 7.0023594E-003
 3.4203160E+002, 8.0062969E-011, 6.1907706E-010, 1.1947694E-012, 2.8790810E-017, 3.2214742E-003, 6.0547751E-003, 7.3164054E-004, 1.4053525E-008, 1.3303604E-002, 1.3803517E-002, 3.1665032E-002, 3.0441189E-002, 1.9491148E-002, 2.5542439E-002, 1.9706047E-002, 2.4615205E-002, 4.3907507E-004, 3.9757698E-006, 5.8323072E-014, 1.4414291E-009, 7.2389847E-013, 3.9701648E-003, 1.6023352E-003, 3.0600391E-004, 3.4434342E-002, 4.3707114E-003, 4.6373025E-003, 1.0223495E-003, 2.6838546E-002, 1.5235718E-002, 1.6870261E-002, 1.1973563E-002, 3.5470825E-002, 3.9073367E-002, 2.0386208E-002, 1.8400337E-003, 3.4934133E-002, 1.6888774E-002, 2.0644846E-003, 1.4397409E-002, 3.8398093E-003, 1.7161889E-003, 7.9035010E-009, 4.2533594E-013, 8.7653269E-004, 2.0004369E-004, 1.6474920E-006, 3.5451868E-002, 2.8494255E-002, 4.0967320E-002, 2.4674017E-002, 4.8029760E-003, 3.4023697E-002, 3.3297922E-002, 4.9988538E-002, 5.8216364E-003, 4.1520118E-003, 3.4493548E-002, 1.5969799E-002, 5.0725060E-003
 3.4302977E+002, 1.0258119E-011, 2.0660612E-009, 4.6740534E-008, 3.1476360E-016, 4.4988945E-003, 2.2765151E-003, 4.6379984E-004, 1.8431749E-009, 1.1893826E-002, 2.6322930E-002, 4.0722988E-002, 3.0878655E-002, 1.7602355E-002, 2.5578716E-002, 2.9239433E-002, 2.2808766E-002, 1.9213904E-004, 5.8393902E-004, 2.7982533E-013, 2.0770475E-009, 3.7308564E-011, 1.6740548E-003, 2.1683415E-003, 1.0118323E-006, 3.6870595E-002, 5.4510234E-003, 4.4507487E-003, 1.0041471E-003, 2.7172030E-002, 1.6500799E-002, 1.8672090E-002, 1.3202671E-002, 3.7134577E-002, 3.9846404E-002, 1.2201660E-002, 3.4467061E-003, 3.7237775E-002, 2.0114017E-002, 2.7132984E-003, 1.4085731E-002, 2.5800704E-003, 2.4397898E-004, 4.0705249E-009, 3.5332466E-014, 1.0708610E-003, 1.7784821E-004, 6.2781385E-008, 3.7081692E-002, 1.0719104E-002, 3.4133037E-002, 2.5768653E-002, 7.1904699E-003, 3.4237230E-002, 2.7482058E-002, 4.3394068E-002, 8.2601461E-003, 5.1755478E-003, 3.6587439E-002, 1.1170531E-002, 3.6335895E-003
 3.4403937E+002, 4.5451297E-012, 1.0130597E-007, 1.3161888E-007, 5.2099832E-016, 5.8852524E-003, 2.6351396E-003, 4.3649323E-004, 2.6707460E-010, 1.4325464E-002, 4.3284104E-002, 4.8174704E-002, 3.5104798E-002, 1.6139021E-002, 1.4010219E-002, 1.8864880E-002, 1.9239275E-002, 1.3156881E-002, 1.3668241E-004, 2.1530113E-014, 1.9058210E-010, 2.6192952E-011, 3.7231617E-003, 7.7695852E-005, 1.0492879E-005, 2.7269424E-002, 6.7764115E-003, 4.7884393E-003, 1.6070071E-003, 2.7108608E-002, 2.1906127E-002, 1.8889336E-002, 1.0507191E-002, 3.9824202E-002, 3.8587197E-002, 2.3108459E-002, 7.0404799E-003, 3.9551374E-002, 6.3596047E-003, 2.6105128E-003, 1.0954895E-002, 2.9518634E-003, 8.6739737E-004, 1.9400094E-009, 1.8430800E-013, 7.3947545E-004, 1.5140088E-004, 1.2900710E-006, 3.3334136E-002, 3.7871257E-003, 3.3702025E-002, 2.5742662E-002, 9.0085365E-003, 3.5822391E-002, 3.0424410E-002, 4.4160186E-002, 1.6431960E-002, 2.2551926E-003, 3.5802187E-002, 5.5419874E-003, 2.5882867E-003
 3.4501800E+002, 3.5863602E-010, 1.4944205E-005, 9.9602244E-009, 1.2304193E-016, 6.3070966E-003, 2.4459712E-003, 1.3635155E-003, 1.4381192E-006, 1.7119059E-002, 6.0159931E-002, 4.1070998E-002, 3.5622844E-002, 2.1476339E-002, 2.1366783E-002, 1.5144899E-002, 2.3387364E-002, 9.0770696E-003, 4.5142894E-005, 7.0254109E-015, 1.1231587E-011, 6.1074844E-012, 4.2742637E-003, 1.9911623E-004, 3.6220957E-004, 1.3506460E-002, 8.3527633E-003, 3.0020448E-003, 6.8227160E-004, 3.0098240E-002, 2.5128137E-002, 2.1593418E-002, 7.2255557E-003, 4.4024436E-002, 2.0921193E-002, 1.4919184E-002, 5.5857461E-003, 3.6822621E-002, 9.3364326E-003, 3.0826237E-003, 9.4298649E-003, 3.9685375E-003, 2.4541156E-003, 3.3171251E-009, 4.0017445E-013, 3.5973180E-004, 6.0950573E-005, 4.8038498E-005, 3.2158746E-002, 2.5600238E-003, 3.8938119E-002, 2.9772090E-002, 1.2150259E-002, 3.8013481E-002, 3.7924932E-002, 4.3121592E-002, 1.7377621E-002, 2.2415193E-003, 3.2670424E-002, 4.7012126E-003, 2.3211965E-003
 3.4608479E+002, 6.6618796E-008, 1.2875141E-005, 1.8687766E-010, 3.1873809E-016, 6.1668477E-003, 3.8735682E-003, 1.2284548E-003, 5.3844111E-006, 1.6765228E-002, 5.9068416E-002, 3.4487005E-002, 2.4905348E-002, 2.1758369E-002, 2.9916378E-002, 3.0015488E-003, 2.5767280E-002, 7.4652897E-003, 1.3153280E-005, 1.1436201E-012, 1.8593645E-012, 7.7592116E-012, 5.5674974E-003, 3.7232432E-004, 4.2656554E-004, 1.6023733E-002, 1.0198720E-002, 4.7699179E-004, 7.2136001E-005, 3.2442223E-002, 2.9830638E-002, 2.4339872E-002, 2.3994612E-002, 4.5258187E-002, 2.4759772E-002, 1.4619906E-002, 1.6656439E-003, 3.2038207E-002, 2.0572829E-002, 5.5952618E-003, 1.0564899E-002, 6.1427967E-003, 3.1402726E-003, 6.7437441E-009, 1.0301643E-013, 1.5339037E-004, 1.7275984E-006, 2.0760692E-004, 3.3064553E-002, 6.1251537E-003, 3.6681291E-002, 1.8952022E-002, 1.4745313E-002, 4.1623568E-002, 3.4888181E-002, 4.5111960E-002, 1.7673897E-002, 4.5500018E-003, 3.2534965E-002, 9.9146116E-003, 3.2244427E-003
 3.4705608E+002, 2.9192947E-007, 7.9084995E-007, 3.2973386E-012, 5.6705494E-016, 7.1200794E-003, 4.0657780E-003, 7.1722524E-004, 2.5103265E-008, 2.2831594E-002, 5.0643679E-002, 3.5305715E-002, 3.2221321E-002, 3.0091812E-002, 1.9037971E-002, 8.2870494E-003, 2.5278685E-002, 1.9254717E-003, 1.9454620E-006, 2.2144474E-005, 5.2123570E-012, 3.0646572E-011, 5.2876628E-003, 1.8617023E-003, 1.2785416E-004, 1.8880336E-002, 1.3558636E-002, 2.6921266E-004, 1.2363101E-003, 3.4241629E-002, 3.1905746E-002, 2.3968812E-002, 2.5198038E-002, 4.4380479E-002, 2.8139755E-002, 1.1734472E-002, 3.6527151E-003, 3.6314667E-002, 1.5314502E-002, 1.0047974E-002, 9.9346880E-003, 7.5824109E-003, 1.9418824E-004, 7.5239307E-009, 1.5466908E-013, 1.4720867E-004, 4.6048297E-006, 4.9329292E-005, 3.0116046E-002, 5.2844257E-003, 3.6274128E-002, 1.9204476E-002, 1.7457118E-002, 4.3623651E-002, 3.1503717E-002, 4.9160929E-002, 2.3920521E-002, 2.9190090E-003, 3.6789783E-002, 1.2555750E-002, 5.9235554E-003
 3.4800210E+002, 1.9538266E-007, 1.4120805E-005, 8.6240665E-010, 8.1544322E-013, 6.4417690E-003, 2.3059889E-003, 2.4345147E-004, 8.0230124E-009, 3.8372774E-002, 4.5141651E-002, 3.9040159E-002, 3.7025090E-002, 2.7338178E-002, 2.6075112E-002, 1.4054040E-002, 2.8794639E-002, 2.9011623E-004, 3.1990171E-005, 1.5814537E-004, 3.4473306E-011, 1.9426184E-009, 1.7017978E-003, 2.0937694E-003, 7.4604942E-006, 2.1439065E-002, 1.4128967E-002, 6.9493517E-004, 1.0019714E-003, 3.3843440E-002, 2.6223799E-002, 2.1560916E-002, 2.5979015E-002, 3.8133501E-002, 2.8658440E-002, 9.3542384E-003, 3.8570135E-003, 3.9713227E-002, 1.9652199E-002, 9.5085469E-003, 9.9142533E-003, 7.6951583E-003, 1.7079905E-004, 4.5260939E-010, 2.7185198E-013, 2.0463125E-004, 1.5997542E-005, 4.7677906E-005, 1.7298530E-002, 8.3918046E-003, 2.3730943E-002, 1.8660951E-002, 1.6876819E-002, 4.4466987E-002, 2.4744175E-002, 4.4294756E-002, 3.3700345E-002, 2.7206666E-003, 3.7500783E-002, 7.5756935E-003, 5.3271298E-003
 3.4900271E+002, 1.0970686E-006, 8.8760018E-006, 1.1756680E-006, 1.1217412E-008, 5.2114795E-003, 1.2762838E-004, 2.6845701E-006, 5.5180070E-008, 1.8187236E-002, 4.5622926E-002, 3.5505460E-002, 3.9532496E-002, 3.0792543E-002, 3.0680477E-002, 1.7778031E-003, 2.7867232E-002, 5.3176208E-004, 5.0369437E-003, 1.5758888E-005, 4.3672620E-011, 4.0413892E-007, 1.1362319E-003, 3.4832281E-004, 2.1303565E-004, 2.7469908E-002, 1.3027431E-002, 3.9238799E-003, 1.0937416E-003, 3.3657747E-002, 2.8290672E-002, 1.9853416E-002, 1.4121398E-002, 3.5633376E-002, 3.3624783E-002, 1.3185106E-002, 4.8023808E-003, 4.1094084E-002, 2.2751334E-002, 5.4463707E-003, 9.7173054E-003, 2.6057019E-003, 2.4890826E-004, 2.2572946E-010, 9.1131326E-014, 5.9510531E-004, 5.6451550E-005, 6.5969376E-005, 1.2223274E-002, 1.3403025E-002, 2.1871627E-002, 1.8907860E-002, 1.5821570E-002, 4.3505477E-002, 1.2035959E-002, 4.4904407E-002, 3.2628129E-002, 8.7876065E-003, 3.4438969E-002, 9.4716625E-003, 3.6461099E-003
 3.5000331E+002, 4.2116803E-006, 4.2779633E-007, 6.6178838E-006, 2.0984336E-009, 4.7568692E-003, 1.9408233E-004, 2.2817851E-004, 5.6566910E-007, 2.9885369E-002, 4.7780684E-002, 3.1233438E-002, 3.6918284E-002, 3.3970753E-002, 3.3929578E-002, 2.3799673E-003, 2.9081366E-002, 1.2264720E-003, 6.3075741E-003, 2.1867013E-007, 1.6791235E-010, 6.9705328E-007, 5.7286876E-004, 1.1103715E-003, 5.2548713E-004, 3.0625738E-002, 8.7244650E-003, 3.8116649E-003, 4.8950764E-004, 3.2647815E-002, 3.1575782E-002, 3.1754076E-002, 1.4515028E-002, 3.6989586E-002, 3.2059129E-002, 2.0479650E-002, 1.8372078E-002, 4.2143962E-002, 3.2310223E-002, 6.4827575E-003, 8.9906419E-003, 1.1686289E-003, 3.8121584E-004, 6.0851669E-011, 1.7882661E-014, 6.7874836E-004, 4.1874737E-005, 6.8414086E-005, 1.5126240E-002, 1.7438584E-002, 2.2431409E-002, 1.9014685E-002, 2.0331316E-002, 3.8096464E-002, 1.1143362E-002, 4.8527686E-002, 3.5448566E-002, 1.5394407E-002, 2.9516310E-002, 1.1619553E-002, 3.4169464E-004
 3.5105273E+002, 5.6779682E-006, 1.3805822E-005, 7.2724674E-005, 2.1945031E-011, 3.2657618E-003, 1.8696352E-003, 4.2345267E-004, 1.2837996E-007, 4.1811470E-002, 3.5157237E-002, 1.2756511E-002, 3.7634216E-002, 3.7721409E-002, 2.2758180E-002, 3.4273775E-003, 1.5191352E-002, 3.0570650E-003, 1.6088195E-003, 6.5403821E-008, 2.8461176E-010, 2.3276489E-008, 8.8779030E-004, 8.6556300E-004, 4.7740027E-005, 3.1490844E-002, 7.6622287E-003, 3.1425280E-003, 3.0063221E-003, 3.1711006E-002, 3.2954376E-002, 3.6564003E-002, 8.5932169E-003, 3.7169179E-002, 3.0778766E-002, 2.5931035E-002, 1.3553154E-002, 4.2645503E-002, 2.2396315E-002, 1.5124235E-002, 5.8492512E-003, 4.1185981E-003, 1.6973967E-003, 2.1415207E-012, 2.3835677E-014, 2.3147094E-004, 8.5346009E-004, 1.1563336E-003, 2.4168522E-002, 2.0738046E-002, 2.3863954E-002, 2.5211486E-002, 2.3735785E-002, 2.4876558E-002, 1.2275999E-002, 4.8127465E-002, 2.2940588E-002, 6.3400624E-003, 3.0241432E-002, 6.2464052E-003, 1.0053453E-005
 3.5207809E+002, 5.9426588E-006, 3.7310957E-006, 1.1262121E-004, 3.6200984E-013, 3.4255528E-003, 8.6910803E-003, 2.9775858E-004, 7.9414829E-009, 3.6855535E-002, 1.8086422E-002, 7.8255803E-003, 3.8382646E-002, 3.4937273E-002, 2.6257474E-002, 2.0770772E-002, 1.5141243E-002, 2.6499715E-003, 1.8216978E-003, 2.6501501E-009, 1.2113038E-010, 1.2348812E-009, 8.5826765E-004, 6.9751730E-004, 1.7700992E-005, 2.7235043E-002, 5.2769347E-003, 4.8494613E-004, 6.9990772E-003, 3.5148021E-002, 3.7264062E-002, 3.1519050E-002, 8.1840866E-003, 4.1441899E-002, 3.6527381E-002, 2.8797275E-002, 5.5060787E-003, 3.4463908E-002, 9.9641449E-003, 7.8571930E-003, 7.3957571E-003, 4.7756693E-003, 4.7987159E-004, 2.7731574E-012, 1.5415563E-012, 3.6464767E-004, 1.9752647E-003, 1.1448112E-003, 2.9010843E-002, 1.8842849E-002, 2.6971702E-002, 2.5087031E-002, 2.6416837E-002, 3.0080150E-002, 1.4387526E-002, 4.7886834E-002, 1.5511357E-002, 1.4066084E-003, 2.5210755E-002, 4.7708223E-003, 1.5780007E-006
 3.5303378E+002, 1.2435872E-006, 2.5170059E-007, 6.2084902E-006, 1.6477087E-014, 7.3208221E-003, 7.9896004E-003, 6.1504919E-004, 3.8180786E-009, 3.0381246E-002, 2.4944526E-002, 1.2468431E-002, 3.8199447E-002, 3.4729587E-002, 2.4546031E-002, 2.1270165E-002, 2.1309713E-002, 5.0023083E-004, 2.3180924E-005, 8.9694483E-011, 9.8232400E-012, 9.6002691E-011, 7.2902813E-004, 1.5015597E-003, 1.7293737E-006, 2.4788990E-002, 3.2063244E-003, 1.2571851E-003, 9.2125395E-003, 3.6612548E-002, 3.4329616E-002, 2.9131565E-002, 2.0434430E-002, 4.2680399E-002, 3.1469205E-002, 3.0350177E-002, 1.0713609E-003, 3.0351117E-002, 1.1218692E-002, 6.4094560E-003, 8.5606169E-003, 5.6708937E-003, 2.1719783E-005, 3.5627414E-012, 1.7832364E-011, 4.2395569E-003, 5.0570907E-004, 1.2183545E-003, 2.6869138E-002, 2.0766207E-002, 2.8935463E-002, 2.7982384E-002, 2.8047237E-002, 2.8795624E-002, 8.5331807E-003, 4.8570629E-002, 6.3818289E-003, 6.5212795E-004, 2.6897801E-002, 4.6836593E-003, 1.4491400E-006
 3.5407558E+002, 2.2689261E-007, 2.6214841E-009, 1.1189498E-008, 3.2277659E-016, 9.7011445E-003, 5.4623210E-003, 1.4553817E-003, 7.0718782E-007, 2.9149834E-002, 2.5017258E-002, 1.7361153E-002, 3.6159253E-002, 3.7435076E-002, 2.9057029E-002, 3.5035371E-002, 2.2371821E-002, 6.6427610E-006, 1.3057962E-007, 5.1313650E-011, 9.1957243E-011, 4.7802354E-010, 2.6063320E-003, 1.0827878E-003, 2.8936059E-008, 2.5390534E-002, 6.7622348E-003, 2.0732100E-003, 8.4223010E-003, 3.8429454E-002, 3.6016754E-002, 3.1592538E-002, 1.4410052E-002, 4.3091111E-002, 3.3430971E-002, 3.3674080E-002, 5.1435780E-003, 3.8192549E-002, 1.1172687E-002, 4.4717154E-003, 8.4095930E-003, 4.4620108E-003, 1.1543858E-005, 3.2295236E-011, 4.3527127E-012, 7.8997228E-003, 4.1852936E-004, 1.2738188E-003, 2.7439307E-002, 2.7091860E-002, 2.9351049E-002, 2.8887813E-002, 2.7739041E-002, 2.8303544E-002, 1.2649410E-002, 4.3120620E-002, 2.0496437E-003, 1.6423270E-003, 3.0079334E-002, 8.7601034E-003, 3.1797449E-004
 3.5502267E+002, 7.4427073E-008, 1.7105815E-011, 1.2777134E-011, 1.8340089E-017, 9.8799927E-003, 8.3122220E-003, 3.6772858E-004, 8.3646879E-006, 2.9537895E-002, 3.1534408E-002, 5.0118199E-003, 3.4193855E-002, 4.1100652E-002, 3.0487173E-002, 3.1214200E-002, 2.1196974E-002, 6.1047108E-007, 2.2379620E-009, 1.3774771E-007, 3.9753348E-010, 2.0453777E-009, 2.8174011E-003, 3.6035027E-004, 8.8432936E-009, 2.5061177E-002, 6.9854194E-003, 3.3213935E-003, 6.5127977E-003, 3.7623881E-002, 3.5511060E-002, 2.6063647E-002, 1.1198424E-002, 4.2398883E-002, 3.6683927E-002, 3.7168227E-002, 8.6984134E-003, 3.9890758E-002, 4.0529540E-003, 1.1858859E-003, 9.3386580E-003, 6.3663701E-003, 4.6815535E-004, 7.2686707E-011, 1.4576058E-014, 8.0565398E-003, 1.9044338E-003, 1.5317963E-003, 2.8475004E-002, 2.9412076E-002, 2.9787282E-002, 3.2058484E-002, 2.3908242E-002, 2.8582390E-002, 8.3841270E-003, 3.9246926E-002, 8.1465270E-003, 1.7267654E-003, 3.1752159E-002, 1.4744489E-002, 3.5508087E-003
 3.5606446E+002, 2.4710582E-008, 6.7502055E-011, 2.2886572E-014, 6.4465276E-018, 1.1793986E-002, 6.6591978E-003, 1.2739855E-003, 1.3508673E-005, 2.8846610E-002, 3.3860792E-002, 2.0023009E-003, 3.4992593E-002, 3.7274069E-002, 3.2997411E-002, 2.5359029E-002, 1.4434793E-002, 1.0341779E-005, 9.5463100E-007, 1.5870825E-007, 2.4495924E-010, 2.1659232E-008, 2.3108141E-003, 1.6301625E-004, 1.3444035E-007, 2.8489134E-002, 1.5111652E-002, 5.3387531E-003, 4.0258709E-003, 3.9102514E-002, 3.3338320E-002, 1.4706390E-002, 1.3846172E-002, 4.1159584E-002, 3.6721150E-002, 2.9641269E-002, 6.1687948E-003, 3.5822070E-002, 2.6137626E-003, 5.4155390E-005, 1.0726127E-002, 7.2162113E-003, 6.5539428E-004, 5.0860904E-011, 9.9170387E-014, 9.2998704E-003, 3.6832801E-003, 3.5968837E-004, 2.9240671E-002, 2.6794733E-002, 3.0155972E-002, 3.7828163E-002, 1.7350904E-002, 2.8756966E-002, 6.0927835E-003, 4.2705832E-002, 1.7357660E-002, 8.1984802E-004, 2.5557036E-002, 1.5674296E-002, 2.2092273E-003
 3.5701155E+002, 3.1178313E-008, 1.0572442E-010, 1.7575435E-016, 1.1997315E-017, 1.0349818E-002, 5.9734793E-003, 2.4167789E-003, 4.4932155E-005, 2.9001957E-002, 3.7097952E-002, 1.1898201E-002, 3.9270188E-002, 2.3499376E-002, 3.0852678E-002, 1.5163047E-002, 1.2659999E-002, 9.1149197E-005, 2.1146039E-006, 2.1350426E-008, 2.7252296E-010, 2.9654970E-008, 7.3789849E-004, 1.8917847E-006, 4.2067659E-005, 3.2888462E-002, 7.2575890E-003, 9.1594736E-003, 8.3210471E-003, 3.3602820E-002, 2.5362389E-002, 1.6524577E-002, 2.8294625E-003, 4.1144226E-002, 4.0536103E-002, 8.5935783E-003, 9.2211908E-004, 2.8880748E-002, 4.0670197E-003, 2.1836100E-004, 1.0749770E-002, 8.6588670E-003, 1.0038701E-003, 5.2679912E-011, 1.2338115E-013, 1.1992163E-002, 4.9314133E-003, 1.4212061E-005, 3.1156829E-002, 2.2967554E-002, 3.1898645E-002, 3.9390363E-002, 1.3389904E-002, 2.7387883E-002, 1.1935072E-002, 4.0803974E-002, 8.7650262E-003, 1.1325530E-003, 3.0878157E-002, 1.0063804E-002, 1.7462663E-003
 3.5805334E+002, 8.0193763E-006, 1.1056016E-010, 2.0905578E-016, 1.3252766E-016, 9.2958828E-003, 1.2989290E-002, 8.1194457E-004, 1.7014752E-004, 3.2075997E-002, 3.5622614E-002, 1.8849559E-002, 3.8185878E-002, 2.3708281E-002, 2.6833287E-002, 8.2456462E-003, 1.3051154E-002, 1.2245019E-003, 9.0342406E-005, 1.8635101E-010, 6.7281015E-011, 1.3502166E-008, 5.0461531E-004, 2.6967958E-006, 7.6037026E-005, 3.7932850E-002, 8.6950415E-003, 6.2962467E-003, 1.1587036E-002, 3.1131010E-002, 2.2021346E-002, 1.3143671E-002, 1.5515351E-003, 4.1222212E-002, 2.5295101E-002, 1.3228333E-002, 1.1204430E-003, 2.4496642E-002, 4.5831391E-003, 1.0902610E-004, 1.1262257E-002, 1.1025731E-002, 2.2714718E-003, 2.2993956E-011, 6.3132278E-015, 6.1916161E-003, 5.5595212E-003, 3.7872986E-005, 3.5732004E-002, 2.6301679E-002, 3.5424307E-002, 3.4702669E-002, 1.9860442E-002, 2.7577880E-002, 1.3587365E-002, 3.5984742E-002, 1.4827123E-002, 6.8967804E-004, 3.3038039E-002, 5.4063547E-003, 2.0296210E-003
 3.5900043E+002, 2.8759827E-005, 2.6355080E-010, 3.1136436E-016, 5.4948515E-016, 1.1833973E-002, 1.4269261E-002, 1.1931111E-003, 1.5288825E-004, 2.2671000E-002, 1.6318112E-002, 9.3935735E-003, 2.6965113E-002, 2.7904430E-002, 3.1071270E-002, 2.5779565E-003, 1.1301609E-002, 2.6858899E-003, 1.6573038E-003, 1.3319132E-012, 1.3044642E-010, 7.6659595E-010, 8.6764066E-004, 4.1687058E-006, 1.3917506E-005, 3.9446284E-002, 1.7132846E-002, 5.4363380E-003, 8.7569254E-003, 3.8313273E-002, 2.2794227E-002, 1.1704142E-002, 1.5288616E-003, 3.9592263E-002, 1.0389314E-002, 1.0142900E-002, 1.8049205E-003, 2.5156783E-002, 2.4478087E-003, 2.2369261E-004, 1.1714840E-002, 1.1204618E-002, 2.4821586E-003, 3.5499185E-012, 3.2030135E-013, 6.8274379E-003, 8.4874474E-003, 1.0229124E-003, 3.7920922E-002, 2.5997039E-002, 3.9054382E-002, 2.5538063E-002, 1.8071165E-002, 2.3841911E-002, 1.7509361E-002, 2.7731361E-002, 1.1282115E-002, 2.7403843E-004, 3.3388575E-002, 3.9949233E-003, 9.3937201E-005
 3.6004222E+002, 1.6765758E-005, 9.3543929E-011, 8.7216853E-013, 2.3318326E-012, 1.7303035E-002, 1.0871453E-002, 5.6624364E-004, 8.5284316E-006, 9.9488395E-003, 1.4781310E-002, 1.5966271E-002, 2.0102494E-002, 2.9369412E-002, 2.6933724E-002, 4.2863298E-003, 1.1769540E-002, 2.0178490E-004, 3.4054606E-004, 1.1030265E-014, 4.8605937E-011, 9.0389444E-009, 8.2390933E-004, 9.6078544E-006, 2.3471507E-004, 3.7220309E-002, 1.3535700E-002, 5.0066913E-003, 8.2190535E-003, 3.7604056E-002, 2.6246946E-002, 1.2260127E-002, 1.3725068E-002, 2.7796479E-002, 6.6730331E-003, 1.2451865E-002, 1.3269119E-003, 3.1850932E-002, 2.0401825E-003, 5.5261734E-004, 1.1127548E-002, 7.0698643E-003, 9.8199863E-004, 7.5337223E-013, 4.1657898E-012, 8.6696681E-003, 4.9876379E-003, 6.5961133E-003, 3.9061386E-002, 2.6864728E-002, 3.9569348E-002, 2.7934579E-002, 1.6711010E-002, 2.8945703E-002, 1.8138646E-002, 1.8545479E-002, 2.3887874E-003, 6.5643214E-004, 3.1686091E-002, 4.5925846E-003, 7.1313464E-004
 3.6104303E+002, 7.6435548E-007, 1.0744101E-012, 1.9372412E-011, 7.7611006E-008, 2.1830498E-002, 1.6067684E-002, 3.7656442E-004, 2.6147348E-006, 1.0067155E-002, 1.0642176E-002, 1.8697198E-002, 2.1025708E-002, 2.1870435E-002, 2.4984811E-002, 2.0460007E-003, 9.1201099E-003, 1.0345382E-003, 9.1423515E-006, 4.3179992E-016, 2.5242084E-010, 2.7996643E-008, 2.5259203E-004, 5.2353552E-005, 4.2566237E-004, 3.4049622E-002, 1.1409367E-002, 1.0708918E-002, 6.9868178E-003, 3.1320849E-002, 2.0037905E-002, 1.4529560E-002, 1.8756005E-002, 3.8068547E-002, 1.6101943E-002, 1.6459749E-002, 9.6846863E-003, 3.1283087E-002, 1.7484086E-003, 1.5558548E-003, 9.8885882E-003, 6.9934749E-003, 2.5312296E-004, 1.4260407E-012, 3.5196312E-012, 1.0585542E-002, 5.2685393E-003, 1.1683582E-002, 3.8075385E-002, 1.9914025E-002, 3.9801176E-002, 2.4732865E-002, 1.3074381E-002, 2.3548863E-002, 1.7512299E-002, 2.1535570E-002, 8.6527008E-003, 6.7719062E-003, 3.3205627E-002, 4.9004098E-003, 1.0475180E-003
 3.6205656E+002, 3.8884722E-007, 4.4496924E-011, 1.8061821E-008, 3.8591446E-008, 2.2704190E-002, 1.5690493E-002, 9.0251451E-004, 3.3715353E-007, 1.1443850E-002, 1.1139285E-002, 1.9447155E-002, 2.0204391E-002, 3.0910221E-002, 2.0889019E-002, 3.2903332E-003, 9.1901954E-003, 2.8456947E-003, 5.8066486E-006, 5.8016343E-017, 3.4488906E-010, 1.1387510E-007, 2.6570665E-004, 2.7674709E-004, 3.8707705E-004, 3.5763610E-002, 2.2325368E-002, 1.8194726E-002, 4.6807456E-003, 2.3119722E-002, 1.8896628E-002, 1.5314494E-002, 2.1636957E-002, 2.4782200E-002, 1.9202530E-002, 1.4751260E-002, 1.5992521E-002, 3.8950257E-002, 2.9760734E-003, 1.6849059E-003, 7.7333342E-003, 4.1322856E-003, 1.8927126E-005, 3.0813450E-013, 6.8154865E-013, 1.5007533E-002, 7.3767911E-003, 7.8685462E-003, 3.6992911E-002, 3.0323559E-002, 3.9615742E-002, 2.6797395E-002, 1.3752549E-002, 2.7706311E-002, 1.7580757E-002, 2.7285255E-002, 1.7919473E-002, 7.8058992E-003, 3.6022732E-002, 8.3699439E-003, 1.6136048E-004
 3.6305320E+002, 4.4913440E-007, 1.7563358E-009, 8.0162915E-009, 5.6991746E-011, 2.0061468E-002, 8.5792810E-003, 1.2084207E-003, 9.0422781E-005, 1.2984393E-002, 1.3262228E-002, 1.5878803E-002, 3.1955423E-002, 1.6291596E-002, 1.1760250E-002, 2.5088343E-003, 1.0446156E-002, 7.2516958E-003, 3.8512780E-007, 1.1028271E-017, 3.8368532E-011, 4.8496802E-008, 3.7356904E-004, 2.6114467E-004, 3.7507184E-004, 3.9184094E-002, 2.8174171E-002, 2.2786950E-002, 4.5032633E-003, 2.4564450E-002, 2.2781657E-002, 1.6637435E-002, 2.3227930E-002, 2.2659193E-002, 2.1261645E-002, 1.9940389E-002, 1.5371575E-002, 4.2046076E-002, 4.3522116E-003, 3.2926121E-003, 7.6393207E-003, 8.3694451E-005, 2.5254546E-006, 8.3691056E-014, 9.9929925E-014, 2.0848378E-002, 1.0207163E-002, 3.7685131E-004, 3.6968780E-002, 2.7315011E-002, 3.3688806E-002, 3.3181602E-002, 2.4526813E-002, 2.8010802E-002, 1.5551090E-002, 2.7239156E-002, 1.6205549E-002, 3.5543700E-003, 3.3887202E-002, 1.1138862E-002, 3.8348512E-004
 3.6407518E+002, 4.4325824E-008, 2.1163331E-010, 5.4418894E-011, 7.0336166E-014, 1.9297854E-002, 4.3453775E-003, 1.0481459E-003, 2.4074720E-004, 1.1902068E-002, 1.7375078E-002, 1.5493040E-002, 3.0525713E-002, 2.1397115E-002, 2.4604771E-002, 3.2048700E-003, 1.1066594E-002, 7.2095635E-003, 3.9766504E-008, 3.3047450E-018, 1.2587173E-011, 4.8651826E-010, 2.3174884E-004, 1.2129786E-004, 3.4384701E-004, 3.6092983E-002, 2.6395514E-002, 2.4973063E-002, 1.7948120E-004, 2.8787303E-002, 2.8679187E-002, 2.8451467E-002, 2.2331603E-002, 3.1833820E-002, 2.5960517E-002, 1.1351300E-002, 1.9065769E-002, 3.1433270E-002, 4.9406925E-003, 3.3387535E-003, 5.2852730E-003, 9.7340153E-005, 1.7224546E-005, 1.3590984E-013, 4.5600076E-014, 2.5316338E-002, 5.1151304E-003, 2.3469386E-005, 3.7042794E-002, 1.3148697E-002, 3.1156834E-002, 3.5404351E-002, 2.1501052E-002, 2.4233295E-002, 1.4015062E-002, 2.8672752E-002, 1.8185671E-002, 7.3713883E-003, 3.2269705E-002, 1.4688511E-002, 2.6569197E-004
 3.6504708E+002, 1.3529552E-008, 2.3432403E-012, 3.8132836E-011, 1.0040019E-015, 1.9463961E-002, 7.0646420E-003, 1.2087638E-003, 4.7876104E-006, 9.7234978E-003, 1.7003933E-002, 9.2735767E-003, 2.8112822E-002, 3.2194526E-002, 3.2505235E-002, 4.1156849E-003, 1.8072945E-002, 2.8167047E-003, 4.3867566E-009, 1.0432429E-017, 1.0115208E-011, 2.5578252E-012, 8.8605100E-005, 8.8946864E-005, 3.9296794E-004, 3.4811349E-002, 3.1093538E-002, 1.5487293E-002, 1.2815946E-003, 2.9555558E-002, 3.0512169E-002, 2.3129888E-002, 7.4121925E-003, 3.2081228E-002, 1.3803543E-002, 1.0643049E-002, 2.3397107E-002, 1.1543539E-002, 4.9376582E-003, 2.1970960E-003, 5.2952189E-003, 3.8198656E-004, 1.4358929E-005, 7.1761297E-014, 2.5431583E-014, 2.6987885E-002, 4.9559581E-003, 5.9658598E-004, 3.0746310E-002, 2.3482989E-002, 3.5021797E-002, 3.0546388E-002, 1.0081684E-002, 2.3204750E-002, 1.5519664E-002, 2.8824217E-002, 2.2625062E-002, 1.7153316E-002, 3.2147393E-002, 1.6344789E-002, 1.4168872E-004
 3.6605220E+002, 2.0867437E-008, 1.1293006E-012, 1.6822939E-011, 2.1093168E-011, 1.9859785E-002, 1.3311238E-002, 8.7700436E-004, 8.3346669E-009, 9.0428117E-003, 8.2854964E-003, 3.1064018E-003, 2.9877110E-002, 3.2815542E-002, 2.7180092E-002, 1.4335562E-003, 1.1626147E-002, 5.6402500E-004, 1.5284430E-008, 2.7025308E-017, 2.1505422E-012, 7.6684765E-012, 1.7910622E-004, 5.3076628E-004, 5.2137641E-004, 3.7888111E-002, 3.2068069E-002, 6.9020728E-003, 5.6796931E-003, 3.0768081E-002, 2.8833514E-002, 1.7212667E-002, 1.2170122E-002, 2.7090673E-002, 1.2110653E-002, 2.0065748E-002, 1.6058701E-002, 7.3417726E-003, 6.6412759E-003, 9.2370475E-003, 3.3126231E-003, 1.5205803E-004, 7.3626945E-005, 1.9361140E-014, 6.9464915E-015, 2.4532940E-002, 4.1459645E-003, 7.9598752E-004, 1.9556625E-002, 2.2278115E-002, 3.6307545E-002, 3.0649460E-002, 1.4857755E-002, 2.6028900E-002, 2.0904823E-002, 3.0374502E-002, 2.3861103E-002, 9.7787423E-003, 3.0662862E-002, 8.4951724E-003, 2.9114140E-004
 3.6701885E+002, 4.5382985E-009, 5.6451758E-011, 1.5042704E-010, 8.4687868E-010, 1.9181302E-002, 7.3660831E-003, 2.4949346E-004, 4.0237145E-010, 1.1284226E-002, 7.0478577E-003, 2.2049982E-003, 3.1970270E-002, 3.0616940E-002, 2.3518427E-002, 7.5657941E-003, 4.6727599E-003, 2.6229741E-003, 3.4523663E-008, 8.1460600E-018, 4.4598801E-011, 1.3099484E-011, 1.2248627E-004, 4.9492526E-004, 7.0306178E-004, 3.8495929E-002, 1.5132063E-002, 1.1103477E-002, 2.4827228E-003, 2.8873747E-002, 2.2768310E-002, 1.8959470E-002, 1.5119197E-002, 2.3757514E-002, 1.1719912E-002, 2.8450087E-002, 8.9084146E-003, 1.1358288E-002, 8.0677508E-003, 1.1811379E-002, 2.7254342E-003, 6.7116915E-004, 3.6112784E-004, 6.6901797E-015, 1.6396700E-015, 2.1066472E-002, 2.4113979E-003, 1.9582544E-004, 1.8043375E-002, 1.4788876E-002, 3.4117590E-002, 2.9589476E-002, 2.2122376E-002, 3.0652230E-002, 2.0473461E-002, 3.1537046E-002, 2.2320602E-002, 6.2001352E-003, 2.8294024E-002, 2.9908700E-003, 5.7699664E-004
 3.6808167E+002, 8.1085654E-010, 9.5714376E-011, 1.1126297E-007, 5.6183808E-007, 2.0089273E-002, 1.6709294E-003, 1.8211702E-005, 4.5288205E-008, 1.2418220E-002, 9.8124779E-003, 4.3729015E-003, 3.2357212E-002, 2.9290420E-002, 2.4351356E-002, 3.6609127E-003, 4.5356370E-003, 3.6595337E-004, 3.1463026E-010, 2.0492167E-017, 2.4355974E-010, 1.1062464E-012, 2.0166487E-004, 4.2299853E-004, 8.1583328E-004, 3.2268632E-002, 9.7664310E-003, 1.1824242E-002, 8.4855895E-005, 2.8389837E-002, 2.4226342E-002, 1.5317546E-002, 1.3738976E-003, 2.4838416E-002, 1.8142419E-002, 3.1976225E-002, 5.4898897E-003, 1.6123120E-002, 8.2449918E-003, 1.5841411E-002, 1.6942420E-003, 1.6991032E-003, 3.1633177E-004, 4.0165181E-015, 2.4426212E-015, 1.4507322E-002, 5.7198678E-003, 2.5140398E-005, 1.9626750E-002, 5.3338562E-003, 3.7443796E-002, 2.6735506E-002, 2.7002773E-002, 3.0941786E-002, 2.5679427E-002, 3.1088230E-002, 1.8771729E-002, 1.4323651E-002, 2.3985108E-002, 4.6475189E-003, 7.2154688E-004
 3.6908727E+002, 9.5690131E-010, 1.1465983E-008, 1.2173033E-005, 3.5619581E-007, 2.1632832E-002, 9.3966779E-004, 2.3743232E-005, 8.3374586E-007, 1.6866364E-002, 1.2522130E-002, 1.8869482E-002, 3.3332734E-002, 3.0114877E-002, 2.8488078E-002, 3.2727179E-004, 4.6395821E-003, 7.8299330E-005, 4.3715345E-007, 1.4073149E-016, 3.5949396E-009, 2.1289710E-010, 4.5153525E-004, 3.0415670E-004, 3.8913410E-004, 3.0674236E-002, 1.0540225E-002, 9.2653608E-003, 2.3861064E-004, 2.9177711E-002, 2.7756923E-002, 1.5052437E-002, 1.0265259E-003, 2.5966312E-002, 2.8622881E-002, 2.0428542E-002, 5.7971962E-003, 1.4207403E-002, 1.3594184E-002, 1.5037589E-002, 1.6329169E-003, 3.0733133E-003, 3.4838528E-004, 3.9432869E-015, 5.3590772E-015, 1.4959716E-002, 7.2814981E-003, 6.2950197E-004, 1.7901101E-002, 8.2903338E-003, 3.1464591E-002, 2.9759868E-002, 2.2772956E-002, 2.9032629E-002, 2.3977222E-002, 2.6113956E-002, 1.7552147E-002, 1.5722350E-002, 1.5758193E-002, 1.3366586E-003, 4.0333189E-004
 3.7007651E+002, 1.0494796E-009, 3.4479985E-007, 2.5324996E-006, 1.3899822E-009, 1.3636223E-002, 4.9627592E-004, 1.7840616E-004, 1.9028391E-006, 1.9768407E-002, 1.4846682E-002, 2.1120012E-002, 3.1219890E-002, 3.0491910E-002, 3.2522101E-002, 4.2724770E-003, 5.6324265E-003, 5.0313421E-004, 2.3520293E-006, 3.0074444E-017, 7.7821780E-009, 1.4132967E-009, 5.4623643E-004, 5.0206492E-004, 7.4496607E-005, 3.6708520E-002, 1.5354603E-002, 8.8728030E-004, 3.6728202E-004, 3.0134037E-002, 2.9696003E-002, 1.2284217E-002, 4.0799856E-003, 2.8711699E-002, 2.9906060E-002, 1.0469633E-002, 5.5739126E-003, 1.5864105E-002, 1.7652265E-002, 7.9989802E-003, 2.5268110E-003, 3.8629468E-003, 3.3833453E-004, 2.7390666E-015, 9.2489086E-015, 1.6165918E-002, 4.3741922E-003, 9.3750405E-004, 2.0117276E-002, 1.6015036E-002, 3.1651750E-002, 2.8968279E-002, 1.1382646E-002, 3.0412112E-002, 1.2452466E-002, 2.7828770E-002, 1.7566784E-002, 1.3432500E-002, 1.0782602E-002, 1.1716803E-003, 2.3231483E-004
 3.7100280E+002, 1.1113952E-009, 4.8251639E-007, 1.1401843E-007, 1.4628270E-012, 3.9317689E-003, 1.1934557E-003, 1.5774965E-003, 1.2566133E-005, 1.9390929E-002, 1.0004962E-002, 2.1628273E-002, 3.1188640E-002, 3.1247061E-002, 2.1686621E-002, 4.2230407E-003, 7.1559302E-003, 7.1615602E-004, 1.0542292E-007, 1.6749048E-018, 8.6017808E-010, 4.4340228E-010, 5.4345372E-004, 9.0731113E-004, 5.8662341E-004, 3.9408742E-002, 2.2727597E-002, 6.9043734E-004, 4.1321593E-004, 3.1339626E-002, 2.9240350E-002, 1.8777309E-002, 1.7384146E-002, 2.7566386E-002, 2.7904781E-002, 2.5614035E-002, 5.8028989E-003, 1.4493178E-002, 1.8446629E-002, 8.0226794E-003, 5.0987026E-003, 2.8351383E-003, 1.4737125E-004, 3.4929429E-014, 3.8560654E-015, 1.7056520E-002, 5.6643751E-003, 1.0005951E-004, 2.4188386E-002, 1.1446579E-002, 2.6248128E-002, 2.0087448E-002, 1.6640568E-002, 2.7615048E-002, 1.4741002E-002, 2.6550986E-002, 1.5719968E-002, 6.9070266E-003, 1.0707565E-002, 1.6632762E-003, 9.9890707E-004
 3.7206270E+002, 6.0918080E-009, 8.5142344E-007, 1.0424015E-007, 2.0546326E-012, 9.8576879E-003, 5.6856315E-003, 2.2601375E-003, 2.4900105E-006, 2.0619099E-002, 2.8429924E-003, 6.9063827E-003, 2.8646455E-002, 2.9640994E-002, 1.7934667E-002, 2.0109995E-003, 9.3071228E-003, 1.9115019E-003, 1.6867093E-008, 3.7529131E-018, 3.9185855E-010, 1.0530606E-011, 8.3618110E-004, 8.4268587E-004, 1.3627573E-003, 3.2543192E-002, 2.1197946E-002, 1.4134512E-003, 4.9446250E-004, 3.2103896E-002, 2.9531795E-002, 1.9919867E-002, 1.7331482E-002, 2.6450706E-002, 2.8134897E-002, 2.5020261E-002, 1.0871507E-002, 1.2065918E-002, 1.8330162E-002, 5.1216198E-003, 5.9004765E-003, 3.2140236E-004, 7.2089669E-004, 8.3995772E-013, 4.2058994E-015, 1.6855321E-002, 9.1560393E-003, 1.7162053E-004, 2.7748813E-002, 6.3325259E-003, 2.3292566E-002, 1.5755754E-002, 1.3190818E-002, 2.5366131E-002, 1.8009051E-002, 2.6231387E-002, 1.5401444E-002, 7.1834699E-003, 1.3523978E-002, 2.7829690E-003, 1.3552933E-003
 3.7302053E+002, 9.3843946E-009, 1.2229678E-005, 3.2303613E-005, 2.5980412E-009, 1.3425609E-002, 8.7509395E-003, 3.5965949E-003, 7.8353965E-008, 2.4054981E-002, 9.4707848E-003, 1.7199018E-003, 2.5932183E-002, 3.0315356E-002, 1.9172537E-002, 3.8216054E-003, 1.3585920E-002, 1.5850521E-003, 9.6664739E-010, 3.2654269E-017, 9.6726856E-010, 5.6576234E-010, 1.1324547E-003, 1.1177596E-003, 2.1992261E-003, 2.6886356E-002, 1.6881566E-002, 6.5672309E-003, 6.4694833E-004, 3.2070181E-002, 3.0581310E-002, 2.5707108E-002, 1.0091489E-002, 2.7746321E-002, 2.4278612E-002, 2.3109705E-002, 1.9119031E-002, 1.3079286E-002, 1.7691283E-002, 6.2328286E-003, 5.5650231E-003, 5.4967821E-004, 1.8859422E-003, 1.2345673E-013, 3.2343396E-014, 1.3987822E-002, 6.4416105E-003, 9.8461377E-005, 2.6268076E-002, 3.2748729E-003, 2.3080845E-002, 1.9163574E-002, 1.1682945E-002, 2.4649872E-002, 2.3005199E-002, 2.5414428E-002, 1.4123666E-002, 5.6719204E-003, 1.5450932E-002, 2.5605028E-003, 9.1011739E-004
 3.7401263E+002, 1.6656324E-008, 1.6317376E-005, 3.1614149E-005, 5.9237588E-009, 1.4616356E-002, 9.4805341E-003, 1.8095308E-003, 3.6179752E-008, 2.5429313E-002, 1.1930959E-002, 1.0318836E-003, 2.3071042E-002, 2.9688539E-002, 1.6413514E-002, 6.3091316E-003, 1.5261855E-002, 1.6200284E-003, 7.6863498E-009, 9.4710914E-017, 8.9049545E-009, 1.4665162E-008, 1.3405110E-003, 2.4472532E-003, 8.0320333E-004, 2.5781967E-002, 1.3552030E-002, 9.3408738E-003, 9.1601732E-004, 2.8281166E-002, 3.0361952E-002, 1.8705112E-002, 7.9877387E-003, 2.8846671E-002, 2.3090563E-002, 1.5152804E-002, 1.0826269E-002, 1.3461369E-002, 1.5512333E-002, 1.5298560E-003, 5.3529912E-003, 1.6742585E-003, 1.4570113E-003, 5.1111476E-014, 1.4399096E-011, 1.0838888E-002, 2.9231637E-003, 4.5469065E-005, 1.8756238E-002, 4.5553909E-003, 2.4394980E-002, 2.1268168E-002, 1.8873694E-002, 2.8820451E-002, 2.5403384E-002, 2.6234703E-002, 1.7814176E-002, 4.2738693E-003, 1.3922449E-002, 1.9350175E-003, 2.2771456E-003
 3.7506610E+002, 2.7086671E-007, 7.6273976E-005, 9.2034117E-006, 1.9390784E-009, 1.8948627E-002, 8.0177296E-003, 5.7466249E-004, 4.8833637E-009, 2.3760042E-002, 1.2664604E-003, 7.9514172E-005, 2.5857758E-002, 2.7101671E-002, 2.8586844E-002, 7.3266895E-003, 1.3624379E-002, 2.4227201E-003, 5.7713112E-009, 1.0270447E-015, 1.0775369E-007, 6.9403054E-009, 1.6430286E-003, 2.9422441E-003, 8.8596728E-004, 2.6256831E-002, 1.6480404E-002, 1.4766356E-002, 2.6600696E-003, 3.0854988E-002, 2.9475208E-002, 1.5515779E-002, 1.4002848E-002, 2.9949873E-002, 2.2103831E-002, 1.8597473E-002, 1.0405816E-002, 1.7089874E-002, 1.4017199E-002, 3.2496070E-003, 3.4892236E-003, 2.2192359E-003, 1.2782358E-003, 3.2558566E-013, 6.2143957E-012, 7.8644741E-003, 5.6477225E-004, 6.4961931E-005, 1.8193342E-002, 1.6467642E-002, 2.5984334E-002, 2.2083297E-002, 1.7540932E-002, 2.9894771E-002, 2.4307979E-002, 2.7374570E-002, 1.9866555E-002, 8.2089875E-003, 1.1218762E-002, 3.8844035E-003, 1.9138277E-003
 3.7606087E+002, 7.0844844E-007, 6.4443091E-005, 3.6905765E-006, 8.2624775E-012, 1.9479855E-002, 9.7546860E-003, 5.7202718E-004, 1.7323454E-010, 2.4596414E-002, 1.7568709E-003, 1.8157477E-005, 2.8356897E-002, 2.1800131E-002, 3.4655846E-002, 4.2896544E-003, 1.1675931E-002, 1.3584935E-003, 5.7665879E-007, 6.4204805E-015, 3.3418252E-007, 4.1241855E-010, 2.2959600E-003, 3.3773687E-003, 1.3473274E-003, 2.6147459E-002, 2.4316467E-002, 1.8738166E-002, 1.0247647E-003, 3.2065099E-002, 2.4326790E-002, 1.5459716E-002, 2.1146853E-002, 3.3070539E-002, 2.1875340E-002, 1.9406263E-002, 1.5736555E-002, 1.8422297E-002, 1.0531838E-002, 2.5146168E-003, 2.5628770E-003, 1.7092926E-003, 9.6110026E-004, 1.8476043E-012, 2.5640576E-013, 7.3238586E-003, 1.3597198E-004, 3.1645199E-005, 2.3212800E-002, 2.8605460E-002, 2.5322612E-002, 2.3717053E-002, 1.9685970E-002, 3.0931752E-002, 2.8241116E-002, 2.9998556E-002, 1.9285261E-002, 1.0548188E-002, 1.0545717E-002, 5.4458230E-003, 7.6424415E-005
 3.7702385E+002, 1.8105404E-005, 4.2127723E-006, 2.6888082E-007, 6.5897746E-012, 1.9061711E-002, 3.7601561E-003, 4.3981326E-005, 2.2078245E-011, 1.3034646E-002, 2.1693984E-003, 9.8584754E-006, 2.5068294E-002, 2.0782997E-002, 2.3164930E-002, 5.3134870E-003, 1.2637636E-002, 2.7208039E-004, 2.7895405E-005, 5.3065156E-015, 5.1152263E-008, 9.5798042E-012, 1.6685521E-003, 1.6358187E-003, 3.1041269E-004, 2.6069300E-002, 2.0928290E-002, 8.7878927E-003, 4.5853679E-004, 3.1580595E-002, 2.3258752E-002, 1.8618015E-002, 2.6798009E-002, 3.3115371E-002, 2.1546700E-002, 1.7482207E-002, 1.5297170E-002, 2.0558584E-002, 1.3498929E-002, 3.7420070E-003, 3.2293983E-003, 8.0694419E-004, 1.0775257E-003, 3.9042517E-013, 5.5095255E-014, 7.5169584E-003, 7.8957170E-004, 1.2258509E-005, 2.6862673E-002, 3.0596847E-002, 2.5584927E-002, 2.4043666E-002, 2.3133174E-002, 3.0996576E-002, 3.1291724E-002, 3.0526599E-002, 2.1949272E-002, 7.0990731E-003, 9.6282427E-003, 4.5888704E-003, 6.5791591E-004
 3.7803269E+002, 3.0364002E-005, 1.1731949E-006, 3.0376660E-006, 6.7238958E-007, 1.7628919E-002, 1.7037514E-003, 3.3062957E-004, 5.9423424E-011, 7.1743332E-003, 1.1868688E-003, 1.0275213E-003, 2.6339012E-002, 1.9553547E-002, 1.7609915E-002, 8.7293557E-003, 1.4223156E-002, 3.1785048E-005, 7.1834766E-005, 2.9086150E-015, 1.6795549E-008, 1.0684523E-011, 6.8703798E-004, 1.3983045E-004, 3.2133124E-006, 2.3537417E-002, 1.6451941E-002, 2.6229185E-003, 2.3228869E-005, 3.0935918E-002, 2.1741329E-002, 2.2483078E-002, 2.6263403E-002, 3.3739397E-002, 2.1700158E-002, 1.7633803E-002, 7.1460723E-003, 2.1378016E-002, 1.7491777E-002, 4.1852231E-003, 3.1739479E-003, 1.2165249E-003, 1.3659129E-003, 1.2960749E-013, 1.6143463E-013, 3.5778117E-003, 1.3847752E-003, 6.4091918E-005, 3.0345972E-002, 2.4635129E-002, 2.7758196E-002, 2.2550604E-002, 2.2114555E-002, 3.1947259E-002, 2.6329560E-002, 3.0541936E-002, 2.7853650E-002, 9.8557369E-003, 8.7541750E-003, 4.0779450E-003, 1.4822721E-003
 3.7905436E+002, 4.9418089E-005, 1.1438365E-004, 1.5981374E-004, 8.2290201E-006, 1.6638851E-002, 1.1165506E-002, 2.6099219E-003, 2.1391359E-008, 7.2874385E-003, 8.1708725E-004, 2.5793184E-003, 2.6789809E-002, 1.6301018E-002, 1.4946198E-002, 1.5514877E-002, 1.3798772E-002, 1.4679818E-004, 2.6999484E-005, 9.4214296E-016, 7.3658286E-008, 1.8827889E-010, 5.8017599E-004, 9.9577957E-004, 9.7439630E-006, 2.4209802E-002, 7.2920222E-003, 2.2768036E-003, 1.1946330E-005, 2.7116102E-002, 2.4497160E-002, 2.6949221E-002, 2.0193024E-002, 3.3897702E-002, 2.2016874E-002, 2.4171667E-002, 8.7926987E-003, 2.0149384E-002, 1.5819197E-002, 2.3421917E-003, 3.5811323E-003, 2.3185061E-003, 7.1415975E-004, 5.5031392E-011, 5.9962363E-007, 4.8059768E-003, 7.8727247E-004, 1.3737593E-004, 3.1622990E-002, 2.0154077E-002, 3.0842378E-002, 2.2858463E-002, 2.5376901E-002, 3.2700054E-002, 2.6577412E-002, 3.0601625E-002, 3.1674048E-002, 3.8534020E-003, 5.6757061E-003, 2.6809087E-003, 9.5953595E-004
 3.8004300E+002, 5.1985760E-005, 1.8516261E-003, 8.6527168E-004, 4.6748527E-006, 1.2925671E-002, 1.2351409E-002, 2.8425446E-003, 3.4485993E-008, 4.9469682E-003, 9.0151955E-004, 2.4568027E-004, 2.3680707E-002, 2.0432692E-002, 2.9974185E-002, 2.6839875E-002, 8.0819971E-003, 6.5802537E-004, 6.1924070E-006, 2.6040465E-016, 2.2209618E-008, 8.8840853E-011, 6.8769220E-004, 1.7516136E-003, 1.3937001E-003, 2.5624304E-002, 6.0226511E-003, 9.6958316E-004, 4.0043533E-005, 2.3712564E-002, 2.3181099E-002, 1.8127669E-002, 6.1353246E-003, 2.8802534E-002, 2.2994257E-002, 2.3522389E-002, 9.9050025E-003, 2.1712667E-002, 1.8802890E-002, 1.8662332E-003, 1.8460649E-003, 2.2183877E-003, 9.8783907E-004, 5.6955159E-011, 8.0143243E-007, 6.5183821E-003, 8.1156825E-004, 5.8235513E-005, 3.2152221E-002, 1.7855238E-002, 3.1361802E-002, 2.4482084E-002, 2.1050411E-002, 3.3801046E-002, 2.7260418E-002, 3.1333938E-002, 1.7044985E-002, 1.3287162E-003, 6.6771998E-003, 1.4727137E-003, 2.6897360E-003
 3.8100468E+002, 2.1779101E-005, 2.3669433E-003, 4.4656632E-004, 3.1725866E-008, 1.3320567E-002, 1.1802830E-003, 9.9043596E-005, 9.5958332E-008, 5.4376054E-003, 2.6846527E-003, 1.4560085E-004, 2.2973981E-002, 2.1337727E-002, 3.4101157E-002, 2.6842515E-002, 5.8724212E-003, 1.0552069E-003, 5.9206406E-008, 2.1005228E-016, 6.1759566E-009, 4.6049464E-012, 1.3071282E-003, 2.3930290E-003, 2.2630187E-003, 2.0297373E-002, 3.9838541E-003, 2.2533617E-003, 5.8546003E-004, 1.7245352E-002, 1.9462882E-002, 2.0230206E-002, 1.3947693E-002, 2.6744839E-002, 2.2233941E-002, 2.4893146E-002, 6.4801528E-003, 2.1688412E-002, 1.5889557E-002, 1.6909535E-003, 3.1336715E-003, 1.8192377E-003, 2.0962073E-004, 7.6518907E-010, 2.8990508E-007, 6.8019177E-003, 2.5850323E-004, 2.5106419E-005, 2.9643216E-002, 1.2381591E-002, 2.5641620E-002, 1.0360438E-002, 7.7366496E-003, 3.4074174E-002, 3.1600651E-002, 3.3809519E-002, 3.7651430E-003, 1.8952074E-003, 8.2774514E-003, 5.6638166E-003, 3.0533323E-003
 3.8209219E+002, 1.4657528E-005, 1.2737674E-003, 5.3749495E-005, 4.2334421E-008, 1.6421390E-002, 1.6767928E-003, 5.5854600E-006, 5.9397935E-008, 8.2984787E-003, 4.5798553E-003, 9.6440781E-003, 2.4021614E-002, 2.2057465E-002, 3.0556816E-002, 9.2625493E-003, 5.8107681E-003, 3.9683966E-005, 2.6065291E-009, 3.6905888E-016, 1.9735625E-008, 9.5979653E-014, 1.2822348E-003, 1.2757627E-003, 6.9949892E-004, 1.9502773E-002, 8.0835731E-003, 3.6247546E-003, 9.2042486E-004, 1.9324249E-002, 2.3009543E-002, 2.4214167E-002, 4.4327051E-004, 2.6222192E-002, 2.3615455E-002, 2.5130428E-002, 1.9488296E-002, 2.0447533E-002, 2.7544749E-003, 2.3609012E-003, 4.6158709E-003, 9.8893249E-004, 6.2223033E-005, 5.4328551E-009, 1.7268670E-006, 2.9768731E-003, 5.1972445E-005, 1.3906086E-004, 2.6685681E-002, 1.7086058E-002, 1.6571023E-002, 1.0694868E-002, 6.2270282E-003, 3.1569326E-002, 2.7500489E-002, 1.7482645E-002, 4.2169070E-003, 9.1136682E-004, 8.7510478E-003, 7.2714666E-003, 3.4443560E-003
 3.8304485E+002, 1.6084620E-005, 1.5515402E-003, 9.1037549E-005, 4.5570589E-006, 1.7616387E-002, 1.1318320E-003, 2.7728897E-007, 2.2852441E-010, 1.3488143E-002, 4.7708149E-003, 1.6869148E-002, 2.5508014E-002, 1.5374931E-002, 1.6002578E-002, 9.7624614E-003, 8.7403844E-003, 1.0635460E-005, 5.0622619E-009, 3.0299342E-016, 1.5900346E-008, 9.1891509E-014, 1.4457874E-003, 4.4965593E-005, 1.9249252E-004, 2.3183367E-002, 1.4083060E-002, 2.8285615E-003, 1.4102907E-003, 2.2461334E-002, 1.1728427E-002, 8.7086622E-003, 1.5713559E-004, 2.4930729E-002, 2.2837178E-002, 2.1530857E-002, 4.9759445E-003, 1.9474884E-002, 1.0400223E-002, 8.3210995E-004, 7.1089791E-003, 1.6306100E-003, 5.3739841E-005, 3.6486326E-009, 5.5384880E-006, 1.3335834E-003, 9.5084670E-005, 9.3991586E-005, 2.7456589E-002, 1.5985504E-002, 2.1401960E-002, 1.6085003E-002, 8.0210394E-003, 2.4337116E-002, 8.5068564E-003, 6.4735502E-003, 4.6620202E-003, 1.2111696E-003, 1.0959576E-002, 8.0863862E-003, 3.9849321E-003
 3.8407818E+002, 8.1065989E-006, 4.7028688E-004, 3.5028527E-004, 1.8358732E-005, 1.0187963E-002, 2.9239161E-004, 6.1728935E-007, 1.7126983E-011, 1.5818678E-002, 5.2904135E-003, 1.4727846E-002, 2.3048523E-002, 2.0079828E-002, 1.3592128E-002, 1.5491057E-002, 9.8904040E-003, 2.3404113E-003, 1.1253550E-008, 3.0949731E-016, 1.8007489E-008, 2.0531061E-014, 2.1529849E-003, 6.6949413E-005, 7.6348332E-004, 2.2536607E-002, 5.2876166E-003, 2.9133598E-003, 2.6221971E-004, 2.3684870E-002, 9.3119835E-003, 6.6790257E-003, 2.0359985E-003, 2.5355056E-002, 2.2817033E-002, 2.0878731E-002, 2.4583094E-003, 2.0542989E-002, 1.6797338E-002, 1.3939164E-003, 7.3447138E-003, 3.5972842E-003, 1.0797256E-004, 4.0487523E-009, 2.6093658E-006, 1.5254775E-003, 1.2780947E-004, 1.0017300E-004, 2.9230135E-002, 1.9532481E-002, 2.2530505E-002, 1.8927715E-002, 1.0481120E-002, 2.8775755E-002, 6.2785708E-003, 1.2424812E-002, 4.6813626E-003, 1.9212654E-003, 1.3755746E-002, 6.5927625E-003, 1.3172233E-003
 3.8506746E+002, 1.4042920E-005, 4.0620786E-006, 1.6865877E-004, 1.9560761E-006, 5.8492196E-003, 2.7166830E-004, 1.5915369E-006, 1.3353356E-011, 1.1834167E-002, 4.6733163E-003, 1.8574687E-002, 2.1061839E-002, 2.5031506E-002, 1.6338484E-002, 1.1057607E-002, 9.1356896E-003, 2.1970064E-003, 3.9682897E-006, 3.4971730E-016, 2.8606392E-008, 5.6393617E-015, 2.1398879E-003, 2.6932185E-004, 1.1531151E-003, 1.0205453E-002, 5.9467089E-003, 4.3728673E-003, 2.1341951E-004, 2.2470405E-002, 1.5302448E-002, 6.5112879E-003, 7.1837955E-003, 2.7544752E-002, 2.3215026E-002, 1.3560365E-002, 6.2224782E-003, 2.0522781E-002, 1.5234762E-002, 2.3927629E-003, 7.2742097E-003, 6.9125240E-003, 9.3957946E-006, 4.7309870E-009, 2.9921516E-008, 1.4615482E-003, 1.3764085E-004, 2.2439207E-004, 2.8252110E-002, 2.4207507E-002, 2.3800977E-002, 1.6192483E-002, 1.2208645E-002, 3.1075971E-002, 1.1598280E-002, 2.7067465E-002, 3.8094811E-003, 1.9843319E-003, 1.6355085E-002, 6.5722857E-003, 2.1423409E-003
 3.8608018E+002, 1.1342945E-005, 2.5883339E-007, 1.3988688E-006, 2.6539781E-009, 7.8803237E-003, 3.7182183E-004, 1.1277078E-007, 1.1924214E-011, 1.1780142E-002, 4.7094224E-004, 1.9889104E-002, 2.1265402E-002, 1.6449197E-002, 1.6267154E-002, 1.7852384E-003, 6.8041691E-003, 4.0374642E-004, 4.3949316E-005, 4.7145823E-016, 1.8248090E-008, 3.5070577E-014, 1.1339067E-003, 1.9525599E-003, 3.0615305E-003, 8.5278859E-003, 1.0009154E-002, 7.6065962E-004, 2.4010632E-003, 2.2991162E-002, 1.9014501E-002, 1.3311759E-002, 9.8959634E-003, 2.8728123E-002, 2.0456199E-002, 1.3992689E-002, 8.1328552E-003, 2.0598190E-002, 1.4649358E-002, 1.5728928E-003, 6.5407530E-003, 7.1346520E-003, 1.3201302E-005, 3.1160282E-009, 9.3268710E-010, 7.6030206E-004, 1.3044641E-004, 2.5871102E-004, 2.2993123E-002, 2.4544568E-002, 2.4857710E-002, 1.8345647E-002, 1.4931987E-002, 2.6459422E-002, 8.6779353E-003, 2.9223569E-002, 9.8026387E-003, 4.4586043E-003, 1.8338282E-002, 8.2485857E-003, 4.3531945E-003
 3.8704887E+002, 8.3781697E-006, 8.1229734E-008, 8.1172811E-009, 3.4193694E-012, 8.7611991E-003, 3.2487019E-004, 1.4422673E-005, 6.5313118E-011, 1.2343836E-002, 7.3160800E-004, 1.8752110E-002, 1.6824898E-002, 1.5602023E-002, 1.3046806E-002, 3.2893352E-003, 6.5638382E-003, 3.6267528E-003, 2.4469484E-003, 2.0496611E-016, 3.0151224E-007, 1.5056716E-012, 1.0672405E-003, 4.7963495E-003, 3.3143872E-003, 1.2239528E-002, 1.3493085E-002, 3.1816727E-003, 5.1409187E-003, 2.2121691E-002, 2.1704258E-002, 2.4691039E-002, 1.5650429E-002, 2.7795845E-002, 1.8619380E-002, 1.2448832E-002, 6.7935755E-003, 1.6170046E-002, 9.7706532E-003, 2.9276489E-003, 8.7413051E-003, 1.6286305E-003, 3.1762720E-005, 3.9686126E-009, 2.4034016E-010, 4.4663427E-004, 1.7815869E-004, 4.2322137E-005, 2.1861532E-002, 2.5077362E-002, 2.5196273E-002, 2.1293357E-002, 1.9151868E-002, 2.6654411E-002, 7.9767342E-003, 2.3746865E-002, 8.2364768E-003, 8.7857197E-003, 1.5381078E-002, 8.3530598E-003, 4.3147889E-003
 3.8801756E+002, 4.0301794E-006, 4.6735367E-006, 3.7021659E-007, 1.0635888E-014, 7.2842668E-003, 7.8187763E-004, 7.4881050E-005, 4.1251809E-010, 9.6083277E-003, 1.0194964E-002, 2.1439609E-002, 1.4388280E-002, 1.9895092E-002, 1.6311187E-002, 1.7981920E-002, 6.3699056E-003, 7.9754735E-003, 1.2204349E-003, 5.4712763E-017, 8.8231037E-007, 3.2935045E-012, 2.2746896E-003, 8.0569605E-003, 1.3512824E-003, 1.3378148E-002, 1.8511555E-002, 5.2080662E-003, 1.6385363E-003, 2.1457967E-002, 2.4118104E-002, 2.4128338E-002, 2.4150570E-002, 2.7135076E-002, 1.9964574E-002, 9.1855475E-003, 5.5654647E-003, 1.5006334E-002, 1.0686671E-002, 3.1056573E-003, 1.1949103E-002, 1.9672230E-004, 4.4152857E-007, 2.1142044E-009, 9.9739331E-011, 3.7848212E-004, 2.2828285E-004, 1.9299429E-004, 2.6662546E-002, 2.3514719E-002, 2.5219665E-002, 2.2559890E-002, 2.1315193E-002, 2.7440699E-002, 1.0183381E-002, 1.4772419E-002, 1.0694411E-002, 1.0282515E-002, 1.5305426E-002, 4.5130120E-003, 1.7238673E-003
 3.8908312E+002, 1.8869396E-006, 1.1109034E-004, 1.5042763E-005, 1.5485419E-015, 5.1071156E-003, 1.0804100E-003, 2.9391630E-005, 9.9658754E-010, 7.2545176E-003, 1.5761201E-002, 2.3061331E-002, 1.5854110E-002, 2.3287974E-002, 1.6967522E-002, 2.9831585E-002, 6.1785709E-003, 5.3443494E-003, 1.2280270E-004, 2.4854828E-017, 3.6608888E-007, 9.3641462E-013, 3.3832209E-003, 9.7503172E-003, 1.2496829E-003, 1.7011651E-002, 1.6743143E-002, 8.7877517E-003, 3.0956585E-003, 2.4236400E-002, 2.2141342E-002, 2.4219218E-002, 2.5605431E-002, 2.5795821E-002, 2.3085410E-002, 1.3631505E-002, 8.9058699E-003, 1.7055683E-002, 1.4998109E-002, 1.2044711E-002, 1.2407608E-002, 2.2481593E-004, 7.3872248E-008, 7.0123445E-010, 3.1982476E-011, 3.5073398E-004, 2.7953097E-004, 3.8022588E-004, 3.1889381E-002, 2.4449770E-002, 2.6603870E-002, 2.4756062E-002, 1.6956468E-002, 2.4737248E-002, 1.3598439E-002, 2.3746147E-002, 1.4777984E-002, 1.3586576E-002, 1.4545185E-002, 2.2963297E-003, 1.0701988E-003
 3.9005181E+002, 1.7645107E-006, 4.1684742E-004, 6.8747448E-006, 1.2529510E-016, 4.8933733E-003, 7.6789249E-004, 5.0368715E-006, 4.7276003E-009, 6.4671276E-003, 1.4124386E-002, 2.3587113E-002, 1.7170890E-002, 2.1677703E-002, 2.5229289E-002, 2.7140843E-002, 3.9193892E-003, 2.2012064E-003, 6.9793917E-005, 2.6484536E-017, 3.2852462E-008, 5.4840118E-013, 3.4648934E-003, 9.7384025E-003, 2.8730690E-003, 1.8845937E-002, 1.5364921E-002, 7.3915184E-003, 3.2021480E-003, 1.6884721E-002, 1.3384351E-002, 2.0652964E-002, 2.5996832E-002, 2.2239364E-002, 2.2046165E-002, 1.0019399E-002, 8.6138410E-003, 1.7095295E-002, 1.2914419E-002, 1.5321597E-002, 4.6326911E-003, 1.6117381E-003, 3.7970948E-005, 1.5082030E-009, 6.3581073E-012, 2.2473643E-004, 1.8267398E-004, 4.1720119E-004, 3.3127111E-002, 2.9893414E-002, 2.7731083E-002, 1.9915478E-002, 8.8890519E-003, 1.7400781E-002, 1.7099566E-002, 2.1845911E-002, 1.3748339E-002, 1.5467312E-002, 1.3839639E-002, 3.7521728E-003, 1.4855761E-004
 3.9102050E+002, 5.9122868E-006, 2.0415785E-004, 1.4678471E-007, 2.0909239E-017, 8.3099984E-003, 9.0105897E-005, 7.6782097E-005, 1.5509732E-007, 5.6682916E-003, 1.2619281E-002, 1.8804512E-002, 1.8030854E-002, 2.1231709E-002, 3.1629253E-002, 2.2958956E-002, 2.8809048E-003, 1.0518898E-003, 1.3792204E-006, 4.6028096E-017, 3.9926545E-008, 4.7921382E-009, 2.7984422E-003, 8.1768846E-003, 4.3324541E-003, 1.8330338E-002, 1.1188512E-002, 8.0895209E-003, 1.9272344E-004, 1.6998453E-002, 1.6976181E-002, 1.9360411E-002, 2.0718254E-002, 2.2130047E-002, 1.3996756E-002, 1.1379763E-002, 7.6149884E-003, 2.2508816E-002, 1.0787259E-002, 4.6878326E-003, 2.5209927E-003, 2.6939755E-003, 3.4608713E-004, 8.2414410E-010, 8.9171331E-012, 1.5722770E-004, 3.2241363E-004, 1.9814653E-004, 3.3848608E-002, 3.0014581E-002, 2.6617777E-002, 1.5723846E-002, 8.0300702E-003, 1.8154959E-002, 2.1049034E-002, 1.7559640E-002, 1.1727372E-002, 1.1516532E-002, 1.0356476E-002, 2.2307773E-003, 1.4970893E-004
 3.9208606E+002, 1.0951936E-005, 5.9935491E-006, 3.2795624E-009, 4.1888800E-018, 4.4916625E-003, 3.5092113E-005, 4.7030074E-005, 9.3833463E-008, 6.6740686E-003, 1.5465644E-002, 1.4288732E-002, 1.8371703E-002, 2.2516661E-002, 3.0301701E-002, 1.8134301E-002, 6.5680401E-003, 2.0649557E-004, 6.2486117E-006, 2.9749822E-016, 1.5405071E-007, 3.5370243E-009, 2.3996256E-003, 7.2325098E-003, 5.0854364E-003, 1.8346138E-002, 1.0602802E-002, 4.7923710E-003, 1.7739489E-005, 1.7235671E-002, 1.4695413E-002, 1.4546215E-002, 2.4592682E-003, 2.2860140E-002, 1.9493965E-002, 1.7312965E-002, 5.5024277E-003, 2.2883304E-002, 1.3418660E-002, 2.8237719E-003, 5.4117105E-003, 4.0799720E-003, 6.4066011E-005, 4.8313364E-010, 7.1998498E-013, 1.1819116E-004, 3.2547038E-004, 7.5828883E-004, 3.2631296E-002, 1.8138962E-002, 2.6319120E-002, 1.5929308E-002, 5.7970529E-003, 2.0396771E-002, 2.1630515E-002, 1.5736230E-002, 1.0876260E-002, 7.6113496E-003, 1.3944966E-002, 3.2360987E-003, 1.5375187E-004
 3.9305475E+002, 8.9681620E-006, 6.0071399E-007, 6.6867344E-010, 1.3465641E-018, 5.7644949E-004, 5.9575676E-005, 7.8531808E-005, 9.3363634E-010, 1.0174420E-002, 1.9408198E-002, 9.0778043E-003, 1.8080036E-002, 2.4203117E-002, 2.8747440E-002, 5.9913152E-003, 8.4518779E-003, 7.5090800E-004, 9.4249547E-005, 3.9035298E-015, 1.9257023E-007, 4.9617673E-010, 2.5797506E-003, 1.0615084E-002, 4.9864377E-003, 1.1727733E-002, 6.0577781E-003, 4.4718608E-004, 1.1881292E-005, 1.6532697E-002, 9.8573112E-003, 7.6118876E-003, 4.0094853E-003, 2.3886281E-002, 2.2537409E-002, 1.8168930E-002, 7.7470501E-003, 1.9695943E-002, 1.3169529E-002, 3.8835017E-003, 6.7316737E-003, 6.0730576E-004, 7.5865227E-007, 6.7013405E-010, 3.1540292E-013, 1.6978027E-004, 1.9387493E-004, 1.8321656E-003, 2.8832978E-002, 6.1961027E-003, 2.5388609E-002, 1.8501363E-002, 1.1032839E-002, 2.1270117E-002, 2.0827230E-002, 1.7705556E-002, 1.4964999E-002, 1.4918780E-002, 2.1512506E-002, 5.7894781E-003, 5.4416471E-004
 3.9405130E+002, 3.0951188E-006, 5.9788564E-006, 3.1883979E-009, 3.2248153E-018, 5.2343296E-004, 1.9714411E-004, 9.8512617E-005, 1.6773971E-007, 1.1416952E-002, 1.4330362E-002, 7.7369167E-003, 1.8916465E-002, 2.6773273E-002, 2.0408265E-002, 3.7123178E-004, 5.3906778E-003, 1.3060456E-004, 3.8485766E-006, 1.0500663E-014, 8.3363359E-008, 6.2014954E-009, 3.1594659E-003, 1.0327444E-002, 4.6422851E-003, 1.2539828E-002, 1.5820503E-003, 4.4943385E-004, 8.3466303E-005, 1.2870062E-002, 1.2942129E-002, 1.0374177E-002, 6.8611052E-003, 2.5660030E-002, 2.3090441E-002, 1.6511805E-002, 5.6948042E-003, 1.7683643E-002, 1.2759448E-002, 9.6555274E-004, 7.4839164E-003, 1.3311561E-004, 1.4761266E-008, 7.4558865E-010, 9.5243757E-010, 3.2468184E-004, 6.8825469E-004, 1.4777741E-003, 3.0103009E-002, 8.0506566E-003, 2.6600960E-002, 2.2106460E-002, 1.5251990E-002, 2.1588921E-002, 1.6222380E-002, 1.9167726E-002, 1.7294632E-002, 1.6557157E-002, 1.8648730E-002, 5.1232197E-003, 9.2074737E-004
 3.9503116E+002, 1.6323348E-006, 1.2710291E-005, 4.1893758E-009, 2.6168269E-017, 1.7674864E-003, 4.3938818E-004, 5.3916589E-006, 2.4527937E-005, 9.2309686E-003, 7.8946273E-003, 9.6457850E-003, 1.8655620E-002, 2.6775714E-002, 2.3860661E-002, 9.7332383E-004, 2.7130911E-003, 2.9045788E-006, 3.9339471E-009, 1.7869633E-015, 3.2398181E-008, 2.2555050E-008, 5.6660920E-003, 7.7477332E-003, 4.1558559E-003, 1.4371626E-002, 6.6108952E-003, 7.4152507E-004, 1.4986642E-004, 1.3920144E-002, 2.0726521E-002, 1.3897360E-002, 8.9787480E-003, 2.5834013E-002, 2.0851601E-002, 1.8626245E-002, 4.3320673E-003, 1.1520959E-002, 1.0584775E-002, 4.7587400E-003, 7.9871982E-003, 2.1475014E-004, 1.7484162E-007, 1.2688659E-009, 2.9423730E-009, 8.3757662E-004, 7.3027634E-004, 1.5430884E-003, 3.2304684E-002, 1.2590230E-002, 2.6629020E-002, 1.8967842E-002, 1.2203674E-002, 2.1475324E-002, 2.0386203E-002, 2.0384503E-002, 1.7653258E-002, 1.4973078E-002, 1.4960181E-002, 5.3571632E-003, 2.8695495E-003
 3.9606947E+002, 1.6570990E-006, 1.6121586E-006, 4.6776604E-008, 3.1552029E-016, 2.7678620E-003, 1.7483042E-004, 1.6246747E-005, 1.4344382E-005, 7.6419276E-003, 1.0328863E-002, 1.1622455E-002, 1.4142632E-002, 1.9128356E-002, 2.8926590E-002, 3.1836914E-003, 1.9306149E-003, 1.0380163E-006, 1.4617717E-011, 5.8819466E-016, 1.3075176E-008, 3.4121751E-008, 6.9004420E-003, 6.6848489E-003, 6.1648865E-003, 1.4618885E-002, 1.4336884E-002, 8.5939815E-004, 4.7662615E-006, 1.5196496E-002, 2.2187157E-002, 1.0209913E-002, 7.7586250E-003, 2.5307420E-002, 2.3192702E-002, 1.5766393E-002, 2.7833741E-003, 1.2722529E-002, 1.2012966E-002, 5.1752904E-003, 4.6585420E-003, 2.1615841E-004, 4.4458282E-007, 1.8086208E-009, 1.4675844E-009, 1.6158166E-003, 6.1299241E-004, 5.0890016E-004, 3.1833729E-002, 9.0024959E-003, 2.2574719E-002, 1.6665599E-002, 9.8243955E-003, 2.2498567E-002, 2.6157918E-002, 2.0261525E-002, 1.2393585E-002, 8.7501205E-003, 1.4247639E-002, 2.7785541E-003, 4.1137633E-003
 3.9704566E+002, 4.7467320E-007, 8.1309916E-008, 5.2771466E-008, 2.5350231E-015, 2.3848960E-003, 8.1847443E-004, 6.1149697E-004, 8.8017671E-005, 7.0922848E-003, 1.7390673E-002, 1.5136164E-002, 1.2031737E-002, 2.0446654E-002, 2.6434978E-002, 1.3479346E-002, 2.6621691E-003, 1.8781250E-006, 3.8298269E-008, 2.6082375E-016, 1.1999845E-008, 4.8237478E-008, 8.3990979E-003, 9.3044442E-003, 6.1648181E-003, 1.6366614E-002, 1.2732238E-002, 5.8812488E-004, 3.0977576E-008, 1.8236173E-002, 2.4064098E-002, 4.7335682E-003, 4.5039224E-003, 2.5964108E-002, 2.2091423E-002, 1.6494306E-002, 6.9104490E-003, 1.2312914E-002, 9.0891037E-003, 4.0196676E-003, 2.3475438E-003, 4.5254783E-004, 2.0389155E-007, 6.5402389E-010, 1.7370899E-010, 1.1536559E-003, 4.2391951E-004, 1.2040755E-004, 3.0256408E-002, 1.9418261E-002, 2.1091615E-002, 1.8542829E-002, 1.2786109E-002, 2.4044007E-002, 2.4781929E-002, 9.7879659E-003, 8.0155171E-003, 4.3061299E-003, 1.4401860E-002, 4.6329600E-003, 7.3341989E-003
 3.9802185E+002, 7.1490601E-008, 1.4677973E-007, 6.2078335E-008, 3.6102422E-015, 1.6675626E-003, 1.5513199E-003, 1.1394670E-003, 1.3713554E-004, 5.0181446E-003, 2.0508752E-002, 1.7538663E-002, 1.3893484E-002, 2.5578420E-002, 2.3397960E-002, 1.7926427E-002, 2.3215923E-003, 3.2329904E-005, 2.1904429E-007, 4.7127898E-017, 3.8880343E-008, 1.1113891E-006, 1.4753759E-002, 1.0672329E-002, 4.6790041E-003, 1.6278911E-002, 1.2294976E-002, 8.1266660E-004, 1.3989973E-006, 1.8745667E-002, 1.7956864E-002, 6.3223473E-003, 4.7277118E-003, 2.4704650E-002, 1.5138331E-002, 1.1906811E-002, 5.6339286E-003, 9.5755945E-003, 4.5321139E-003, 5.0326952E-003, 3.6594863E-003, 5.3563839E-004, 2.1363964E-007, 4.0802020E-010, 1.3307461E-010, 5.0741212E-004, 1.0573410E-003, 3.7065295E-004, 3.1856583E-002, 2.7009294E-002, 2.3049676E-002, 1.7003428E-002, 1.4402546E-002, 2.6359195E-002, 2.4631360E-002, 1.0704139E-002, 8.6800096E-003, 5.6063139E-003, 1.8789667E-002, 1.1024948E-002, 1.0168565E-002
 3.9904919E+002, 7.6949709E-009, 1.3734573E-007, 3.8932669E-009, 7.8728813E-016, 1.0836431E-003, 1.5063606E-003, 9.3795661E-004, 2.4510313E-005, 6.0442944E-003, 2.0264238E-002, 1.5843317E-002, 1.0032488E-002, 2.3055058E-002, 1.6520055E-002, 2.3934402E-002, 5.3074033E-003, 4.6428883E-005, 7.0390874E-008, 1.1091511E-017, 1.4511068E-006, 5.3274129E-005, 1.7707752E-002, 1.2537197E-002, 6.2355932E-003, 1.5279923E-002, 1.3136619E-002, 4.8089527E-003, 4.6697367E-004, 1.9101243E-002, 1.4322459E-002, 1.0189056E-002, 9.5248721E-003, 2.6089059E-002, 1.1650312E-002, 8.3315364E-003, 4.6131223E-003, 1.2900004E-002, 7.8642571E-003, 4.8730226E-003, 5.1237861E-003, 1.1430549E-004, 2.2269131E-007, 2.5577363E-010, 5.0423208E-009, 3.8839535E-004, 2.4693036E-003, 1.7091655E-003, 3.3373177E-002, 8.4941619E-003, 2.3174416E-002, 2.0110467E-002, 1.3230247E-002, 2.7353321E-002, 2.3926764E-002, 1.3868506E-002, 1.5066315E-002, 4.9133445E-003, 1.8653746E-002, 9.4454892E-003, 3.0075494E-003
 4.0000000E+002, 3.7969079E-009, 1.3711503E-007, 4.7026317E-010, 5.5454838E-016, 1.3325180E-003, 1.9199521E-003, 5.7016371E-004, 3.0491980E-006, 1.2187365E-002, 1.4609044E-002, 1.8720260E-002, 1.3540253E-002, 2.2589957E-002, 1.9282257E-002, 2.2463043E-002, 2.3763150E-003, 1.5926264E-004, 5.6224790E-008, 2.5780455E-018, 1.0688573E-005, 9.3829920E-006, 1.7582297E-002, 1.3068801E-002, 4.0500489E-003, 1.5387547E-002, 1.3199914E-002, 6.5141062E-003, 5.0287716E-004, 1.5349817E-002, 1.6333079E-002, 1.1001245E-002, 6.2937476E-003, 2.6906486E-002, 1.1632873E-002, 5.0139908E-003, 2.5067859E-003, 1.7101018E-002, 1.2323568E-002, 8.9935381E-003, 5.1255026E-003, 1.2811111E-004, 2.9762742E-008, 4.0740413E-009, 3.5655857E-007, 5.3105119E-004, 9.5554865E-004, 1.2880983E-003, 3.3725506E-002, 3.6583949E-003, 2.5425349E-002, 2.1360547E-002, 1.1816391E-002, 2.5881137E-002, 1.8594913E-002, 1.5422189E-002, 1.5194405E-002, 1.0682385E-002, 1.1399095E-002, 8.6665565E-003, 1.9044111E-003
